method,initialization,n_trajectories,seed,finite,invalid_solve_count,final_return,final_q,final_pi1_good,near_optimal_basin,first_delta_safe_positive_update,zero_s1_batch_fraction
sampled_pg_reward_only,uniform,4,91000,True,0,0.7363904964832654,0.7688848645618178,0.862804456859649,False,103,0.07
sampled_pg_reward_only,uniform,4,91001,True,0,0.7001831849869204,0.7210082444906462,0.841939130572715,False,117,0.128
sampled_pg_reward_only,uniform,4,91002,True,0,0.6829425491872736,0.6947890213747445,0.8349642183668263,False,133,0.146
sampled_pg_reward_only,uniform,4,91003,True,0,0.7327962055315141,0.7630438616744126,0.8606097237397143,False,117,0.128
sampled_pg_reward_only,uniform,4,91004,True,0,0.7301133989502421,0.7597430870122056,0.8589197546614749,False,98,0.112
sampled_pg_reward_only,uniform,4,91005,True,0,0.6935474020967586,0.7048001160418402,0.8428941974728011,False,104,0.098
sampled_pg_reward_only,uniform,4,91006,True,0,0.8006735798971926,0.8454170060786773,0.8952576541225806,False,84,0.06
sampled_pg_reward_only,uniform,4,91007,True,0,0.7011397798056572,0.7215974656514074,0.8434578253884603,False,118,0.108
sampled_pg_reward_only,uniform,4,91008,True,0,0.5025494390117209,0.31872637134999315,0.7095825185476299,False,134,0.266
sampled_pg_reward_only,uniform,4,91009,True,0,0.6449749380926185,0.6381441160566942,0.8112075655537764,False,114,0.158
sampled_pg_reward_only,uniform,4,91010,True,0,0.731850595753332,0.7575712889488629,0.8638389893384146,False,123,0.09
sampled_pg_reward_only,uniform,4,91011,True,0,0.7635067307923652,0.8064937748331162,0.8742870356821578,False,118,0.098
sampled_pg_reward_only,uniform,4,91012,True,0,0.7496878682088408,0.7862132767790969,0.8684949706491103,False,101,0.09
sampled_pg_reward_only,uniform,4,91013,True,0,0.7684107488755191,0.8135456648897152,0.8751432487386503,False,93,0.082
sampled_pg_reward_only,uniform,4,91014,True,0,0.5512166255699587,0.4332338656451941,0.7638646220328117,False,132,0.226
sampled_pg_reward_only,uniform,4,91015,True,0,0.7620253253711976,0.796814623393381,0.8773943146909804,False,89,0.092
sampled_pg_reward_only,uniform,4,91016,True,0,0.6864122520079575,0.694004204295987,0.8392363255471637,False,120,0.096
sampled_pg_reward_only,uniform,4,91017,True,0,0.6927968389237915,0.7011561854543515,0.8442140486919294,False,119,0.118
sampled_pg_reward_only,uniform,4,91018,True,0,0.7792960815027113,0.8227829563709144,0.8832452515941551,False,104,0.068
sampled_pg_reward_only,uniform,4,91019,True,0,0.704639914921093,0.7304505558592377,0.8432387463920313,False,128,0.116
sampled_pg_reward_only,uniform,4,91020,True,0,0.6341732496088922,0.6114429978384823,0.8106790325358331,False,117,0.17
sampled_pg_reward_only,uniform,4,91021,True,0,0.5641051068782501,0.48617905901708963,0.7576902107396036,False,152,0.224
sampled_pg_reward_only,uniform,4,91022,True,0,0.7924696117820768,0.8384061508461262,0.8892449886993249,False,88,0.086
sampled_pg_reward_only,uniform,4,91023,True,0,0.6432592688713797,0.6397754320699713,0.8076334057298874,False,150,0.174
sampled_pg_reward_only,uniform,4,91024,True,0,0.7351895028444941,0.7735803006511364,0.8578710385304266,False,133,0.142
sampled_pg_reward_only,uniform,4,91025,True,0,0.6939271714653681,0.7170234358316679,0.8367157350683683,False,132,0.132
sampled_pg_reward_only,uniform,4,91026,True,0,0.47166198632147616,0.21445029325911305,0.6526950987241394,False,161,0.364
sampled_pg_reward_only,uniform,4,91027,True,0,0.7025614710475507,0.7319674123831844,0.8394795960295411,False,123,0.112
sampled_pg_reward_only,uniform,4,91028,True,0,0.644166810085215,0.6248327874945037,0.818157831213615,False,122,0.148
sampled_pg_reward_only,uniform,4,91029,True,0,0.694311798973544,0.7143901664658108,0.838363146792194,False,129,0.142
sampled_pg_reward_only,uniform,4,91030,True,0,0.6767914622127873,0.6880007854905288,0.8290150893249166,False,129,0.136
sampled_pg_reward_only,uniform,4,91031,True,0,0.8147821891316893,0.8597963557697724,0.9025749259512763,False,84,0.066
sampled_pg_reward_only,uniform,4,91032,True,0,0.7376125135078903,0.7671646909465291,0.8648692128685834,False,99,0.104
sampled_pg_reward_only,uniform,4,91033,True,0,0.7315668344049079,0.7645362819610071,0.8579332266786519,False,108,0.084
sampled_pg_reward_only,uniform,4,91034,True,0,0.6725158939441825,0.6780759787183384,0.8300099862421352,False,111,0.144
sampled_pg_reward_only,uniform,4,91035,True,0,0.6066280212453657,0.5753196315551096,0.7858462310071738,False,147,0.17
sampled_pg_reward_only,uniform,4,91036,True,0,0.6167945658876803,0.5896570413667415,0.7951385088578717,False,170,0.184
sampled_pg_reward_only,uniform,4,91037,True,0,0.7737579188145298,0.8143621435816748,0.8813864370943417,False,99,0.082
sampled_pg_reward_only,uniform,4,91038,True,0,0.6559795966851589,0.6370439060722459,0.8274239393292461,False,118,0.146
sampled_pg_reward_only,uniform,4,91039,True,0,0.6612871056165792,0.6565125251089714,0.8243998478309083,False,142,0.158
sampled_pg_reward_only,uniform,4,91040,True,0,0.705248571315192,0.7131475339531085,0.853781838193259,False,126,0.106
sampled_pg_reward_only,uniform,4,91041,True,0,0.6876061738842844,0.7046893121624296,0.8348717673501973,False,119,0.13
sampled_pg_reward_only,uniform,4,91042,True,0,0.7698046745334477,0.8070194138850608,0.8810651131301169,False,115,0.064
sampled_pg_reward_only,uniform,4,91043,True,0,0.7267984342232241,0.7615040595738112,0.8551606053862658,False,118,0.086
sampled_pg_reward_only,uniform,4,91044,True,0,0.7275690764037714,0.7568663726728145,0.8575551332013174,False,134,0.084
sampled_pg_reward_only,uniform,4,91045,True,0,0.8026692949459454,0.848973231818801,0.8948892329789153,False,100,0.094
sampled_pg_reward_only,uniform,4,91046,True,0,0.788255057573147,0.8311875251616018,0.888648645351781,False,85,0.062
sampled_pg_reward_only,uniform,4,91047,True,0,0.7706494829879978,0.8076962168752528,0.8815766765468217,False,107,0.076
sampled_pg_reward_only,uniform,4,91048,True,0,0.7556392446351173,0.7922323848250298,0.8724402827420756,False,114,0.082
sampled_pg_reward_only,uniform,4,91049,True,0,0.526166988899239,0.38605439777366385,0.7348591020587306,False,142,0.214
sampled_pg_reward_only,uniform,4,91050,True,0,0.7953387879085445,0.8416825935297891,0.890970281078238,False,95,0.064
sampled_pg_reward_only,uniform,4,91051,True,0,0.7935433764272345,0.8379578270446968,0.8912537289111324,False,98,0.056
sampled_pg_reward_only,uniform,4,91052,True,0,0.7727639001626331,0.8180227992867437,0.8780474016757048,False,77,0.054
sampled_pg_reward_only,uniform,4,91053,True,0,0.7566888963069422,0.7878355524144901,0.8757430479107005,False,97,0.076
sampled_pg_reward_only,uniform,4,91054,True,0,0.6747980888346842,0.6656521399038816,0.8374311466280423,False,103,0.152
sampled_pg_reward_only,uniform,4,91055,True,0,0.7834471997824253,0.8350897616292229,0.8802362288556072,False,111,0.082
sampled_pg_reward_only,uniform,4,91056,True,0,0.6639076467653937,0.662548124978014,0.8259713232883369,False,126,0.136
sampled_pg_reward_only,uniform,4,91057,True,0,0.6947970126216488,0.7133029354918773,0.8403927064168676,False,128,0.108
sampled_pg_reward_only,uniform,4,91058,True,0,0.7423124918500194,0.7840684459872357,0.8612391122223625,False,119,0.124
sampled_pg_reward_only,uniform,4,91059,True,0,0.7574235221413723,0.7961641156427044,0.8723530184546118,False,125,0.11
sampled_pg_reward_only,uniform,4,91060,True,0,0.7311232472990701,0.7627906177834213,0.8593987091043589,False,122,0.108
sampled_pg_reward_only,uniform,4,91061,True,0,0.6221973529341588,0.590152499332494,0.8049037244718533,False,120,0.164
sampled_pg_reward_only,uniform,4,91062,True,0,0.719960291772101,0.7501280350449887,0.8512690769938879,False,114,0.108
sampled_pg_reward_only,uniform,4,91063,True,0,0.6705674745833536,0.6757381110618907,0.8280860685798466,False,119,0.114
sampled_pg_reward_only,uniform,4,91064,True,0,0.812601292084459,0.8642687398223947,0.8970415669747624,False,71,0.068
sampled_pg_reward_only,uniform,4,91065,True,0,0.5127915353859902,0.3558272800595042,0.7191664081606737,False,149,0.268
sampled_pg_reward_only,uniform,4,91066,True,0,0.614814434096498,0.5746736205649857,0.799290683264008,False,122,0.184
sampled_pg_reward_only,uniform,4,91067,True,0,0.6883433926978432,0.700322593760014,0.8385627873143443,False,98,0.128
sampled_pg_reward_only,uniform,4,91068,True,0,0.7203827431933638,0.7481473180413303,0.8534809662113629,False,101,0.112
sampled_pg_reward_only,uniform,4,91069,True,0,0.7125274317122045,0.7389519350323213,0.8478904183169046,False,107,0.136
sampled_pg_reward_only,uniform,4,91070,True,0,0.5998423028105743,0.5427199743809458,0.7937296261182951,False,95,0.202
sampled_pg_reward_only,uniform,4,91071,True,0,0.6968487054930965,0.710680970156175,0.8433857391179306,False,132,0.136
sampled_pg_reward_only,uniform,4,91072,True,0,0.7060888269891225,0.7219198216616857,0.8506585044937407,False,103,0.1
sampled_pg_reward_only,uniform,4,91073,True,0,0.7357967549798758,0.7725192094306306,0.8594790917692313,False,153,0.12
sampled_pg_reward_only,uniform,4,91074,True,0,0.72133610032796,0.7448416053155761,0.8568356568788207,False,111,0.104
sampled_pg_reward_only,uniform,4,91075,True,0,0.7544057268336642,0.8024634307062584,0.8650804086379085,False,130,0.088
sampled_pg_reward_only,uniform,4,91076,True,0,0.562490450885992,0.46538074888844977,0.7702835850567821,False,137,0.172
sampled_pg_reward_only,uniform,4,91077,True,0,0.6552400085778268,0.6694869085298966,0.8089369044053963,False,149,0.162
sampled_pg_reward_only,uniform,4,91078,True,0,0.711433438400461,0.7383880117820202,0.847077692643272,False,123,0.126
sampled_pg_reward_only,uniform,4,91079,True,0,0.7872032131030141,0.836832097803558,0.8845037084030469,False,115,0.08
sampled_pg_reward_only,uniform,4,91080,True,0,0.7097852119991972,0.7374829219518628,0.846051860937555,False,122,0.13
sampled_pg_reward_only,uniform,4,91081,True,0,0.7516454183608129,0.7864374308910476,0.8703405303925986,False,96,0.096
sampled_pg_reward_only,uniform,4,91082,True,0,0.5508979414176982,0.45842363621000404,0.7482845075560927,False,180,0.228
sampled_pg_reward_only,uniform,4,91083,True,0,0.5127162134615777,0.3696070169457415,0.7136636874542469,False,166,0.246
sampled_pg_reward_only,uniform,4,91084,True,0,0.6867330285640076,0.6941175375897276,0.8405976285661066,False,95,0.102
sampled_pg_reward_only,uniform,4,91085,True,0,0.7689448909492113,0.8087170462646373,0.879103156999835,False,103,0.092
sampled_pg_reward_only,uniform,4,91086,True,0,0.5795384974859521,0.512420955201714,0.7744457351752261,False,146,0.2
sampled_pg_reward_only,uniform,4,91087,True,0,0.7715077382031436,0.8122340615064838,0.8807358848584534,False,103,0.048
sampled_pg_reward_only,uniform,4,91088,True,0,0.7677314357440601,0.8079034476353434,0.878638969471368,False,106,0.076
sampled_pg_reward_only,uniform,4,91089,True,0,0.7583769192014587,0.7970961664228579,0.8731854008720991,False,90,0.078
sampled_pg_reward_only,uniform,4,91090,True,0,0.7872244191171883,0.8333486638361616,0.8870815222239484,False,105,0.052
sampled_pg_reward_only,uniform,4,91091,True,0,0.5950859284159927,0.5367553548648892,0.7880334379319093,False,120,0.186
sampled_pg_reward_only,uniform,4,91092,True,0,0.723449022346476,0.7531530600554582,0.8546982643378227,False,108,0.126
sampled_pg_reward_only,uniform,4,91093,True,0,0.5681524213798037,0.49420654011248993,0.7628108591690379,False,157,0.224
sampled_pg_reward_only,uniform,4,91094,True,0,0.6170208653765961,0.5891787165257809,0.7944015174296514,False,152,0.162
sampled_pg_reward_only,uniform,4,91095,True,0,0.5547757413212253,0.44175610725743336,0.766186691700493,False,127,0.192
sampled_pg_reward_only,uniform,4,91096,True,0,0.7031949819948499,0.7237977099552935,0.8466694152554273,False,125,0.118
sampled_pg_reward_only,uniform,4,91097,True,0,0.6861083283003253,0.6913281627163987,0.839182497014519,False,101,0.144
sampled_pg_reward_only,uniform,4,91098,True,0,0.548479687634851,0.438896349545874,0.7558568534493632,False,153,0.188
sampled_pg_reward_only,uniform,4,91099,True,0,0.7482780907808099,0.782519175263311,0.8697341613744753,False,123,0.076
sampled_pg_logbarrier_handoff,uniform,4,91000,True,0,0.6591366509323048,0.6760353765023656,0.8169222767622695,False,117,0.084
sampled_pg_logbarrier_handoff,uniform,4,91001,True,0,0.6432625294908287,0.6577011781304067,0.80365404122788,False,131,0.142
sampled_pg_logbarrier_handoff,uniform,4,91002,True,0,0.6836487014984394,0.7141858514399388,0.8295336904878661,False,147,0.134
sampled_pg_logbarrier_handoff,uniform,4,91003,True,0,0.6749016399919162,0.6969497142482055,0.8260805469379922,False,129,0.126
sampled_pg_logbarrier_handoff,uniform,4,91004,True,0,0.6910069354403444,0.7124045973133141,0.839633141976003,False,99,0.124
sampled_pg_logbarrier_handoff,uniform,4,91005,True,0,0.6083021069407836,0.5872829445390482,0.7888365878386736,False,128,0.132
sampled_pg_logbarrier_handoff,uniform,4,91006,True,0,0.7278727794329997,0.7713686100789116,0.8534092992796716,False,95,0.088
sampled_pg_logbarrier_handoff,uniform,4,91007,True,0,0.6631008540875194,0.6798202964441812,0.8201735213646264,False,133,0.128
sampled_pg_logbarrier_handoff,uniform,4,91008,True,0,0.5497964540969889,0.46901431368838375,0.7510238752197347,False,142,0.2
sampled_pg_logbarrier_handoff,uniform,4,91009,True,0,0.6666085083780255,0.6912806670371413,0.8181462584575036,False,126,0.14
sampled_pg_logbarrier_handoff,uniform,4,91010,True,0,0.6989800638764468,0.7285284654219366,0.8416855557230388,False,141,0.098
sampled_pg_logbarrier_handoff,uniform,4,91011,True,0,0.6788067190153135,0.7115984008132575,0.8233149568203668,False,131,0.126
sampled_pg_logbarrier_handoff,uniform,4,91012,True,0,0.6731273140724354,0.6989195473961046,0.8223085341093574,False,117,0.104
sampled_pg_logbarrier_handoff,uniform,4,91013,True,0,0.6604461398991459,0.6756249093631896,0.8181620370495406,False,104,0.112
sampled_pg_logbarrier_handoff,uniform,4,91014,True,0,0.5518772948265752,0.4748450820073413,0.7517527576133939,False,139,0.21
sampled_pg_logbarrier_handoff,uniform,4,91015,True,0,0.7043346813725698,0.7329778897615705,0.844760236286107,False,93,0.102
sampled_pg_logbarrier_handoff,uniform,4,91016,True,0,0.6615683053930148,0.6736860204875967,0.8209386645602652,False,132,0.094
sampled_pg_logbarrier_handoff,uniform,4,91017,True,0,0.6603547023218982,0.6724662307402485,0.820307949248291,False,139,0.108
sampled_pg_logbarrier_handoff,uniform,4,91018,True,0,0.699284826499462,0.7219392260788888,0.8452357341830994,False,117,0.084
sampled_pg_logbarrier_handoff,uniform,4,91019,True,0,0.6885929155597035,0.7219671280827761,0.8308310579730589,False,136,0.12
sampled_pg_logbarrier_handoff,uniform,4,91020,True,0,0.6395332197540172,0.6426496426924363,0.8079032622387751,False,141,0.152
sampled_pg_logbarrier_handoff,uniform,4,91021,True,0,0.6367663334033387,0.6423514398838145,0.8022231791726748,False,157,0.154
sampled_pg_logbarrier_handoff,uniform,4,91022,True,0,0.739209079165406,0.7851196328838024,0.8590560986328941,False,91,0.108
sampled_pg_logbarrier_handoff,uniform,4,91023,True,0,0.6773127231887612,0.712968905643402,0.8208735810421482,False,175,0.138
sampled_pg_logbarrier_handoff,uniform,4,91024,True,0,0.7155358939152932,0.7636358060147409,0.8426866872452461,False,138,0.12
sampled_pg_logbarrier_handoff,uniform,4,91025,True,0,0.6366665360648041,0.6472995278108236,0.800007728493585,False,143,0.15
sampled_pg_logbarrier_handoff,uniform,4,91026,True,0,0.587413115276651,0.5583217963701279,0.770641804467713,False,160,0.19
sampled_pg_logbarrier_handoff,uniform,4,91027,True,0,0.6757281406796274,0.7141429999848543,0.8176239448075118,False,140,0.114
sampled_pg_logbarrier_handoff,uniform,4,91028,True,0,0.6552786082042653,0.6675536149414782,0.8155511411063502,False,136,0.128
sampled_pg_logbarrier_handoff,uniform,4,91029,True,0,0.6694655118895666,0.6950708455507743,0.8198353975238712,False,131,0.142
sampled_pg_logbarrier_handoff,uniform,4,91030,True,0,0.6833804593693745,0.7124799738830626,0.8295490342485679,False,144,0.116
sampled_pg_logbarrier_handoff,uniform,4,91031,True,0,0.7567480683465343,0.8029823337967312,0.8702355168963093,False,95,0.092
sampled_pg_logbarrier_handoff,uniform,4,91032,True,0,0.7016136899361974,0.7301174048442363,0.8438594235403558,False,108,0.108
sampled_pg_logbarrier_handoff,uniform,4,91033,True,0,0.666509782764807,0.6850709620327852,0.8213745022567457,False,140,0.096
sampled_pg_logbarrier_handoff,uniform,4,91034,True,0,0.6304535912052164,0.6395059274533716,0.795771141159457,False,133,0.148
sampled_pg_logbarrier_handoff,uniform,4,91035,True,0,0.6040868777708787,0.5985637517572857,0.7758748484132814,False,154,0.148
sampled_pg_logbarrier_handoff,uniform,4,91036,True,0,0.6388925644234911,0.6507503568179405,0.8024426269662651,False,181,0.148
sampled_pg_logbarrier_handoff,uniform,4,91037,True,0,0.7272300131751823,0.7688422610730723,0.8535410323979716,False,112,0.11
sampled_pg_logbarrier_handoff,uniform,4,91038,True,0,0.6084297557199595,0.585418443225213,0.7895498325516463,False,133,0.156
sampled_pg_logbarrier_handoff,uniform,4,91039,True,0,0.7015353560823371,0.7444614616551066,0.8349412705829395,False,149,0.118
sampled_pg_logbarrier_handoff,uniform,4,91040,True,0,0.6698089914284164,0.6762284247205498,0.8308292404799438,False,130,0.128
sampled_pg_logbarrier_handoff,uniform,4,91041,True,0,0.6529609774834857,0.6686416705200309,0.812268581338175,False,134,0.148
sampled_pg_logbarrier_handoff,uniform,4,91042,True,0,0.7334300278338274,0.772007365046869,0.859995667241623,False,129,0.066
sampled_pg_logbarrier_handoff,uniform,4,91043,True,0,0.6781640714990748,0.7127626471053486,0.8224160583516724,False,145,0.098
sampled_pg_logbarrier_handoff,uniform,4,91044,True,0,0.6825262606488869,0.7068200795108635,0.8308443119133855,False,137,0.084
sampled_pg_logbarrier_handoff,uniform,4,91045,True,0,0.7677721023918299,0.8205566386514663,0.8729881219839113,False,129,0.102
sampled_pg_logbarrier_handoff,uniform,4,91046,True,0,0.7288725066054939,0.7679832361736257,0.855965465601544,False,92,0.08
sampled_pg_logbarrier_handoff,uniform,4,91047,True,0,0.7231093529427779,0.7576853001844049,0.8549780043303136,False,125,0.092
sampled_pg_logbarrier_handoff,uniform,4,91048,True,0,0.6998414192609077,0.7346936978738976,0.83791278719344,False,118,0.09
sampled_pg_logbarrier_handoff,uniform,4,91049,True,0,0.5904749005197298,0.5601002477264333,0.7755862673498786,False,189,0.158
sampled_pg_logbarrier_handoff,uniform,4,91050,True,0,0.7494855363964199,0.802875335572139,0.8616604408772487,False,103,0.078
sampled_pg_logbarrier_handoff,uniform,4,91051,True,0,0.7380670885170527,0.7842031612345114,0.85790734149587,False,104,0.06
sampled_pg_logbarrier_handoff,uniform,4,91052,True,0,0.6974687447027985,0.7380394364390266,0.8328575200724545,False,86,0.088
sampled_pg_logbarrier_handoff,uniform,4,91053,True,0,0.7055330073062563,0.7373199723017155,0.8432905675344543,False,118,0.084
sampled_pg_logbarrier_handoff,uniform,4,91054,True,0,0.6268159979717393,0.6095928815612902,0.8038226717029603,False,117,0.15
sampled_pg_logbarrier_handoff,uniform,4,91055,True,0,0.7206363114803767,0.7710047445637066,0.8440760810905771,False,125,0.104
sampled_pg_logbarrier_handoff,uniform,4,91056,True,0,0.6513624238439956,0.6620935813169464,0.8132167125253631,False,134,0.132
sampled_pg_logbarrier_handoff,uniform,4,91057,True,0,0.6751855681611751,0.7012694158891902,0.8249622201134416,False,133,0.104
sampled_pg_logbarrier_handoff,uniform,4,91058,True,0,0.6875714492531679,0.718945658898216,0.8320973110651133,False,141,0.136
sampled_pg_logbarrier_handoff,uniform,4,91059,True,0,0.7190367886069025,0.7617025911381643,0.847326231263278,False,132,0.116
sampled_pg_logbarrier_handoff,uniform,4,91060,True,0,0.6705094962673038,0.693172302236749,0.8228110195218854,False,129,0.126
sampled_pg_logbarrier_handoff,uniform,4,91061,True,0,0.5858423083688884,0.55542996073161,0.7711900224408549,False,137,0.182
sampled_pg_logbarrier_handoff,uniform,4,91062,True,0,0.6602016114260025,0.6794180318323501,0.8157465374720636,False,128,0.12
sampled_pg_logbarrier_handoff,uniform,4,91063,True,0,0.650756435122104,0.6638559902728358,0.8119882342826469,False,130,0.096
sampled_pg_logbarrier_handoff,uniform,4,91064,True,0,0.7339931526835665,0.7800733749724013,0.8557457553079092,False,87,0.1
sampled_pg_logbarrier_handoff,uniform,4,91065,True,0,0.5177582709139407,0.41787091281734906,0.7122830289688149,False,179,0.23
sampled_pg_logbarrier_handoff,uniform,4,91066,True,0,0.6729893983537424,0.6902731094712378,0.82694157378862,False,132,0.124
sampled_pg_logbarrier_handoff,uniform,4,91067,True,0,0.6271894722511266,0.6216446558858522,0.8003801247024409,False,118,0.138
sampled_pg_logbarrier_handoff,uniform,4,91068,True,0,0.7046564402793543,0.7411247366612597,0.8410952662453591,False,114,0.106
sampled_pg_logbarrier_handoff,uniform,4,91069,True,0,0.6949458626200208,0.7268891725336518,0.8360102805276389,False,117,0.132
sampled_pg_logbarrier_handoff,uniform,4,91070,True,0,0.6089514091360861,0.5898977433941383,0.7896812613948949,False,114,0.168
sampled_pg_logbarrier_handoff,uniform,4,91071,True,0,0.7059456487138653,0.7411105784430425,0.8424863837809522,False,152,0.124
sampled_pg_logbarrier_handoff,uniform,4,91072,True,0,0.6359092406593252,0.6321584201007785,0.8072022813282358,False,129,0.122
sampled_pg_logbarrier_handoff,uniform,4,91073,True,0,0.7296300777917867,0.7771625197441298,0.8525492691498551,False,166,0.114
sampled_pg_logbarrier_handoff,uniform,4,91074,True,0,0.6790474020481002,0.7016023148219482,0.8294317507538042,False,115,0.122
sampled_pg_logbarrier_handoff,uniform,4,91075,True,0,0.7182820907638523,0.7726261721216898,0.8404240034153474,False,149,0.096
sampled_pg_logbarrier_handoff,uniform,4,91076,True,0,0.6112864300080891,0.6013443508742358,0.7875604635862292,False,144,0.134
sampled_pg_logbarrier_handoff,uniform,4,91077,True,0,0.6609263991342678,0.6967583423505808,0.8075540170773335,False,168,0.144
sampled_pg_logbarrier_handoff,uniform,4,91078,True,0,0.6883073113272149,0.7210652408104913,0.8305986818574637,False,150,0.118
sampled_pg_logbarrier_handoff,uniform,4,91079,True,0,0.6662467638221956,0.6922476633895527,0.8171592947996676,False,142,0.112
sampled_pg_logbarrier_handoff,uniform,4,91080,True,0,0.7056739642700057,0.7462827860646472,0.8401453020766991,False,134,0.106
sampled_pg_logbarrier_handoff,uniform,4,91081,True,0,0.6864568750527242,0.7097428887897784,0.8342864051069072,False,111,0.108
sampled_pg_logbarrier_handoff,uniform,4,91082,True,0,0.6242062165780548,0.6446818112634239,0.7822417036201216,False,189,0.136
sampled_pg_logbarrier_handoff,uniform,4,91083,True,0,0.5641116481636304,0.5248933188595376,0.7509312639425398,False,185,0.184
sampled_pg_logbarrier_handoff,uniform,4,91084,True,0,0.6400205965183121,0.6456238838497622,0.8061985276723629,False,108,0.114
sampled_pg_logbarrier_handoff,uniform,4,91085,True,0,0.723607143661767,0.7654897094188898,0.8509196732763942,False,111,0.102
sampled_pg_logbarrier_handoff,uniform,4,91086,True,0,0.5913313527940245,0.5663542529853547,0.7743901434129318,False,162,0.18
sampled_pg_logbarrier_handoff,uniform,4,91087,True,0,0.6932504352147183,0.7208402157787459,0.8384762935173828,False,108,0.058
sampled_pg_logbarrier_handoff,uniform,4,91088,True,0,0.7279603667813518,0.7748369713341158,0.8518684306203317,False,115,0.092
sampled_pg_logbarrier_handoff,uniform,4,91089,True,0,0.6879900860753076,0.7167062606445875,0.8330255184417715,False,108,0.114
sampled_pg_logbarrier_handoff,uniform,4,91090,True,0,0.6880265403709901,0.7227564304372944,0.8300026891625011,False,114,0.086
sampled_pg_logbarrier_handoff,uniform,4,91091,True,0,0.6174986036636697,0.6111410929359888,0.7905099373435439,False,142,0.156
sampled_pg_logbarrier_handoff,uniform,4,91092,True,0,0.6811418588394651,0.7055795480852483,0.8305829493882987,False,119,0.136
sampled_pg_logbarrier_handoff,uniform,4,91093,True,0,0.6159040799043344,0.6188129302555984,0.7841589805454084,False,162,0.162
sampled_pg_logbarrier_handoff,uniform,4,91094,True,0,0.6320289145458138,0.636085054936979,0.7978372163994173,False,158,0.128
sampled_pg_logbarrier_handoff,uniform,4,91095,True,0,0.6316012339729112,0.6282200688032152,0.8030384898266709,False,148,0.126
sampled_pg_logbarrier_handoff,uniform,4,91096,True,0,0.6245810827004391,0.615772491689884,0.8006367363879398,False,135,0.156
sampled_pg_logbarrier_handoff,uniform,4,91097,True,0,0.6436979673255885,0.6482357669730788,0.8078790372237726,False,115,0.154
sampled_pg_logbarrier_handoff,uniform,4,91098,True,0,0.5887960492161342,0.5623718691543891,0.7712889278551165,False,156,0.156
sampled_pg_logbarrier_handoff,uniform,4,91099,True,0,0.6775512326203017,0.6996820535742856,0.829091012048583,False,128,0.08
sampled_npg_reward_only,uniform,4,91000,False,1,0.9280504470430231,0.8562400929915227,0.9999603259041278,False,9,0.08
sampled_npg_reward_only,uniform,4,91001,False,1,0.500322574472323,0.003111338505150364,0.9551526766437969,False,19,0.3584905660377358
sampled_npg_reward_only,uniform,4,91002,False,1,0.9077885518587019,0.8408849862348182,0.9921203096526746,False,5,0.08
sampled_npg_reward_only,uniform,4,91003,False,1,1.0,1.0,1.0,True,10,0.0
sampled_npg_reward_only,uniform,4,91004,False,1,0.9211412092385659,0.8561235048957448,0.9955951261841536,False,5,0.02631578947368421
sampled_npg_reward_only,uniform,4,91005,False,1,0.3205333898530418,0.36027957506749125,0.3948579591254769,False,,0.0
sampled_npg_reward_only,uniform,4,91006,False,1,0.9549945450824371,0.919970331911412,0.9962805099768935,True,4,0.0625
sampled_npg_reward_only,uniform,4,91007,False,1,0.4826556184408358,0.13534923527319598,0.6433442626879889,False,11,0.525
sampled_npg_reward_only,uniform,4,91008,False,1,0.37493431114164555,0.30911788675605256,0.450340288985462,False,9,0.2727272727272727
sampled_npg_reward_only,uniform,4,91009,False,1,0.29999999999999993,0.3333333333333333,0.3333333333333333,False,,0.0
sampled_npg_reward_only,uniform,4,91010,False,1,0.4991875468410945,0.0003780344913491718,0.8448061259340603,False,9,0.5348837209302325
sampled_npg_reward_only,uniform,4,91011,False,1,0.4847310914763062,0.4559310726207732,0.6573837536433761,False,5,0.0
sampled_npg_reward_only,uniform,4,91012,False,1,1.0,1.0,1.0,True,9,0.024390243902439025
sampled_npg_reward_only,uniform,4,91013,False,1,0.9898253309752625,0.9841299990226456,0.998245946674832,True,6,0.0
sampled_npg_reward_only,uniform,4,91014,False,1,0.4987602950282612,0.18742278217787414,0.5557141873940746,False,25,0.4
sampled_npg_reward_only,uniform,4,91015,False,1,0.9992783809691722,0.9999351042150358,0.9992907137114223,True,14,0.10638297872340426
sampled_npg_reward_only,uniform,4,91016,False,1,0.493590820314699,0.053772896826091834,0.5445857174804989,False,23,0.2978723404255319
sampled_npg_reward_only,uniform,4,91017,False,1,0.9598600079673926,0.9638417263590112,0.9864655814012505,True,6,0.029411764705882353
sampled_npg_reward_only,uniform,4,91018,False,1,0.5,3.2927527984516785e-23,0.03615093980483289,False,,0.3333333333333333
sampled_npg_reward_only,uniform,4,91019,False,1,0.29999999999999993,0.3333333333333333,0.3333333333333333,False,,0.0
sampled_npg_reward_only,uniform,4,91020,False,1,0.4999999996385077,6.5740425700830765e-12,0.34443000849508565,False,,0.5625
sampled_npg_reward_only,uniform,4,91021,False,1,0.8957643351129965,0.8024126308426539,0.9958515733835621,False,8,0.08333333333333333
sampled_npg_reward_only,uniform,4,91022,False,1,0.4749772085854138,0.14656912690153545,0.3335795731865178,False,,0.3
sampled_npg_reward_only,uniform,4,91023,False,1,0.9999999999864335,0.9999999999864335,1.0,True,12,0.06451612903225806
sampled_npg_reward_only,uniform,4,91024,False,1,0.9858381942984872,0.979878109147793,0.9966267416583328,True,8,0.12727272727272726
sampled_npg_reward_only,uniform,4,91025,False,1,0.3787289143166144,0.3554998950122109,0.4061914827351483,False,,0.1111111111111111
sampled_npg_reward_only,uniform,4,91026,False,1,0.31751639464096865,0.3387240766465823,0.3097145157201761,False,,0.0
sampled_npg_reward_only,uniform,4,91027,False,1,0.9838311051584795,0.968361188676178,0.9996847033895833,True,12,0.06153846153846154
sampled_npg_reward_only,uniform,4,91028,False,1,0.9694494087669437,0.9471303342509725,0.996780011521066,True,8,0.06060606060606061
sampled_npg_reward_only,uniform,4,91029,False,1,0.48795119610368226,0.08780352833215932,0.5122841290053389,False,13,0.3783783783783784
sampled_npg_reward_only,uniform,4,91030,False,1,0.49714515187421704,0.38287586296139936,0.6102598114880143,False,12,0.09090909090909091
sampled_npg_reward_only,uniform,4,91031,False,1,0.9716640146979556,0.9482251923317251,0.9983088579515682,True,5,0.0425531914893617
sampled_npg_reward_only,uniform,4,91032,False,1,0.3887420903347992,0.34665751696688446,0.46020384265475084,False,10,0.18181818181818182
sampled_npg_reward_only,uniform,4,91033,False,1,0.9250883760888526,0.8641714688051098,0.9950378980116327,False,6,0.0
sampled_npg_reward_only,uniform,4,91034,False,1,0.9275014418177031,0.8652405353505394,0.9962965109049925,False,15,0.0847457627118644
sampled_npg_reward_only,uniform,4,91035,False,1,0.5,0.0,0.41770366496032907,False,,0.6129032258064516
sampled_npg_reward_only,uniform,4,91036,False,1,0.31630562573295656,0.4008799409420794,0.3139613660518111,False,,0.0
sampled_npg_reward_only,uniform,4,91037,False,1,0.49909877325173446,0.022351584851418776,0.61722660135583,False,26,0.29545454545454547
sampled_npg_reward_only,uniform,4,91038,False,1,0.9635931064698562,0.9311242896035383,0.9985151349767579,True,11,0.10465116279069768
sampled_npg_reward_only,uniform,4,91039,False,1,0.9851054284485228,0.9703163466290512,0.9999525215277608,True,9,0.02666666666666667
sampled_npg_reward_only,uniform,4,91040,False,1,0.9387115232355404,0.8774278669244959,0.9999993192638037,False,6,0.13636363636363635
sampled_npg_reward_only,uniform,4,91041,False,1,0.9999989987709414,0.9999989800821831,0.999999999967693,True,6,0.09302325581395349
sampled_npg_reward_only,uniform,4,91042,False,1,0.4938267846148095,0.0033805099508136924,0.21838825442018353,False,,0.5
sampled_npg_reward_only,uniform,4,91043,False,1,0.9006389461557943,0.8133559267964617,0.9956362017847544,False,11,0.061224489795918366
sampled_npg_reward_only,uniform,4,91044,False,1,0.9991104109069783,0.9999301706936927,0.9991458321890254,True,4,0.022727272727272728
sampled_npg_reward_only,uniform,4,91045,False,1,0.9909955960954124,0.985640672595053,0.9986179859341767,True,11,0.10714285714285714
sampled_npg_reward_only,uniform,4,91046,False,1,1.0,1.0,1.0,True,12,0.0196078431372549
sampled_npg_reward_only,uniform,4,91047,False,1,0.9999999834577517,0.9999999999996712,0.99999998334352,True,7,0.08433734939759036
sampled_npg_reward_only,uniform,4,91048,False,1,0.49854723541844065,0.001336211440988007,0.41240821731539956,False,18,0.45454545454545453
sampled_npg_reward_only,uniform,4,91049,False,1,0.4508960589788488,0.021958901522040098,0.2844496678176028,False,,0.5925925925925926
sampled_npg_reward_only,uniform,4,91050,False,1,0.31845059799494435,0.34515982320236627,0.3611112440790366,False,,0.0
sampled_npg_reward_only,uniform,4,91051,False,1,0.9486207130557296,0.9011581347168158,0.998697423481824,True,15,0.1038961038961039
sampled_npg_reward_only,uniform,4,91052,False,1,0.9978761259112594,0.9997301480757175,0.998027457609173,True,9,0.045454545454545456
sampled_npg_reward_only,uniform,4,91053,False,1,1.0,1.0,1.0,True,10,0.04918032786885246
sampled_npg_reward_only,uniform,4,91054,False,1,0.9094192807645081,0.8505001895473355,0.9901415824309927,False,7,0.1276595744680851
sampled_npg_reward_only,uniform,4,91055,False,1,0.9536880692393813,0.9081918071224606,0.9998154068228379,True,11,0.06779661016949153
sampled_npg_reward_only,uniform,4,91056,False,1,1.0,1.0,1.0,True,16,0.1111111111111111
sampled_npg_reward_only,uniform,4,91057,False,1,0.5036346381684506,0.020329544914486207,0.8247341398990707,False,22,0.3333333333333333
sampled_npg_reward_only,uniform,4,91058,False,1,0.3020797749954034,0.31683251728581036,0.3333333333333333,False,,0.5
sampled_npg_reward_only,uniform,4,91059,False,1,0.38042330432084304,0.33221689904990576,0.43022937506077963,False,,0.1
sampled_npg_reward_only,uniform,4,91060,False,1,0.43566950290518114,0.03949844779678949,0.3728785625363204,False,,0.5172413793103449
sampled_npg_reward_only,uniform,4,91061,False,1,0.9999853382412284,0.9999989329473653,0.9999861918694842,True,11,0.09523809523809523
sampled_npg_reward_only,uniform,4,91062,False,1,0.4967099515931348,0.009613156171027249,0.3385610993688496,False,30,0.38636363636363635
sampled_npg_reward_only,uniform,4,91063,False,1,0.9268504791183936,0.8539465461366997,0.999888419675983,False,15,0.04411764705882353
sampled_npg_reward_only,uniform,4,91064,False,1,0.9866293383822246,0.9733025545484317,0.9999866502127259,True,14,0.12307692307692308
sampled_npg_reward_only,uniform,4,91065,False,1,0.9474266458011467,0.9092905419729119,0.9957700780457466,True,6,0.0
sampled_npg_reward_only,uniform,4,91066,False,1,0.9632726562610222,0.9270392713767113,0.9998448823515045,True,27,0.13402061855670103
sampled_npg_reward_only,uniform,4,91067,False,1,1.0,1.0,1.0,True,7,0.024390243902439025
sampled_npg_reward_only,uniform,4,91068,False,1,0.30719573535632694,0.34887718095830106,0.36300861237631044,False,,0.0
sampled_npg_reward_only,uniform,4,91069,False,1,0.49492492873417165,0.007585506905970074,0.4050253716193082,False,,0.5
sampled_npg_reward_only,uniform,4,91070,False,1,0.44678689678799166,0.014864387175692963,0.31655712609201403,False,,0.75
sampled_npg_reward_only,uniform,4,91071,False,1,0.31180733907037805,0.33967123261050797,0.32517987441167673,False,,0.0
sampled_npg_reward_only,uniform,4,91072,False,1,0.49280409812201686,0.08684689148921187,0.49573359716406934,False,20,0.43243243243243246
sampled_npg_reward_only,uniform,4,91073,False,1,0.46975096097801083,0.13634151641328277,0.29448249872890425,False,,0.43333333333333335
sampled_npg_reward_only,uniform,4,91074,False,1,0.30245692647961253,0.3128576188415818,0.3333333333333333,False,,0.5
sampled_npg_reward_only,uniform,4,91075,False,1,0.9039282020296352,0.8189841154648493,0.9962930855909006,False,5,0.020833333333333332
sampled_npg_reward_only,uniform,4,91076,False,1,0.5,0.0,0.7457069386308268,False,12,0.4146341463414634
sampled_npg_reward_only,uniform,4,91077,False,1,0.9894475354395498,0.982068308644571,0.9986180593105295,True,11,0.18095238095238095
sampled_npg_reward_only,uniform,4,91078,False,1,0.9250064122886175,0.8592618856781155,0.9968219178409147,False,9,0.0625
sampled_npg_reward_only,uniform,4,91079,False,1,0.9999877329653944,0.9999917949872263,0.9999956627849712,True,5,0.03125
sampled_npg_reward_only,uniform,4,91080,False,1,0.4976448823290577,0.002334565783305688,0.6583810008803789,False,16,0.4186046511627907
sampled_npg_reward_only,uniform,4,91081,False,1,0.5,4.838702846235006e-150,0.9312800928527701,False,14,0.35294117647058826
sampled_npg_reward_only,uniform,4,91082,False,1,0.41970999518762236,0.02205757203964587,0.2728449993742222,False,,0.7241379310344828
sampled_npg_reward_only,uniform,4,91083,False,1,0.33217327428127436,0.3248367068804029,0.3476840327000259,False,,0.0
sampled_npg_reward_only,uniform,4,91084,False,1,0.9968909718458882,0.9991996829876292,0.9975358662971782,True,6,0.11363636363636363
sampled_npg_reward_only,uniform,4,91085,False,1,0.29999999999999993,0.3333333333333333,0.3333333333333333,False,,0.0
sampled_npg_reward_only,uniform,4,91086,False,1,0.5,0.0,0.3613242357386856,False,,0.3870967741935484
sampled_npg_reward_only,uniform,4,91087,False,1,0.4947986991686522,0.009740047660944252,0.2189135720012629,False,,0.38235294117647056
sampled_npg_reward_only,uniform,4,91088,False,1,0.29999999999999993,0.3333333333333333,0.3333333333333333,False,,0.0
sampled_npg_reward_only,uniform,4,91089,False,1,0.499924461654188,3.849107934450896e-05,0.5750924708389784,False,13,0.2857142857142857
sampled_npg_reward_only,uniform,4,91090,False,1,0.4962542211408158,0.00040893508337382935,0.21262797718056284,False,,0.7272727272727273
sampled_npg_reward_only,uniform,4,91091,False,1,0.29999999999999993,0.3333333333333333,0.3333333333333333,False,,0.0
sampled_npg_reward_only,uniform,4,91092,False,1,0.34235367862056154,0.33846613760842587,0.39088008708440886,False,,0.25
sampled_npg_reward_only,uniform,4,91093,False,1,0.9273241298500301,0.8631956718175305,0.9966862106850336,False,26,0.1125
sampled_npg_reward_only,uniform,4,91094,False,1,0.4738578083009804,0.005449825394468074,0.44069867930693385,False,20,0.6857142857142857
sampled_npg_reward_only,uniform,4,91095,False,1,0.4859084237344825,0.16853902500614706,0.4266767718608384,False,18,0.41025641025641024
sampled_npg_reward_only,uniform,4,91096,False,1,0.4988672213073978,0.0014069942686833132,0.8269188773257736,False,14,0.46511627906976744
sampled_npg_reward_only,uniform,4,91097,False,1,0.9333929824539181,0.8848361409481466,0.9934045024848313,False,7,0.021739130434782608
sampled_npg_reward_only,uniform,4,91098,False,1,0.356945604971449,0.30447847350887247,0.36454109998746353,False,,0.125
sampled_npg_reward_only,uniform,4,91099,False,1,0.4970920521555108,0.024775065914245064,0.5446981494914334,False,15,0.38235294117647056
sampled_npg_logbarrier_handoff,uniform,4,91000,False,1,1.0,1.0,1.0,True,11,0.05363984674329502
sampled_npg_logbarrier_handoff,uniform,4,91001,False,1,0.7616491505861406,0.8183152136281923,0.8619343652034603,False,34,0.17692307692307693
sampled_npg_logbarrier_handoff,uniform,4,91002,False,1,0.9998872083308451,0.9999256778688956,0.9999566213721158,True,8,0.1717557251908397
sampled_npg_logbarrier_handoff,uniform,4,91003,False,1,0.9999003953967777,0.9999472425139617,0.9999499929366095,True,18,0.19083969465648856
sampled_npg_logbarrier_handoff,uniform,4,91004,False,1,1.0,1.0,1.0,True,5,0.022900763358778626
sampled_npg_logbarrier_handoff,uniform,4,91005,False,1,0.9839260874441638,0.9864073153665964,0.9947266578509475,True,6,0.04150943396226415
sampled_npg_logbarrier_handoff,uniform,4,91006,False,1,0.994453643660387,0.9966309069317131,0.9974799558251047,True,4,0.030418250950570342
sampled_npg_logbarrier_handoff,uniform,4,91007,False,1,0.9857122550833887,0.9965826254518717,0.9882173338019691,True,12,0.12830188679245283
sampled_npg_logbarrier_handoff,uniform,4,91008,False,1,0.39335437304786847,0.23759557872149784,0.3302128195690035,False,9,0.3784860557768924
sampled_npg_logbarrier_handoff,uniform,4,91009,False,1,0.29999999999999993,0.3333333333333333,0.3333333333333333,False,,0.0
sampled_npg_logbarrier_handoff,uniform,4,91010,False,1,0.7742808528717904,0.8455073261884152,0.8570045219782831,False,10,0.20463320463320464
sampled_npg_logbarrier_handoff,uniform,4,91011,False,1,0.7863234216279835,0.8570714714669179,0.8603219174831196,False,4,0.10384615384615385
sampled_npg_logbarrier_handoff,uniform,4,91012,False,1,0.8341490651547587,0.9026541937522473,0.8889271416815159,False,17,0.015503875968992248
sampled_npg_logbarrier_handoff,uniform,4,91013,False,1,0.4465746990644245,0.11099103035909993,0.47821760342013375,False,13,0.2740740740740741
sampled_npg_logbarrier_handoff,uniform,4,91014,False,1,0.7681463322251664,0.8653530179269013,0.8442208751854308,False,37,0.07692307692307693
sampled_npg_logbarrier_handoff,uniform,4,91015,False,1,0.8971332759808216,0.81115751545018,0.9935497793349368,False,28,0.2698961937716263
sampled_npg_logbarrier_handoff,uniform,4,91016,False,1,0.9999999515460339,0.9999999505753954,0.9999999999999911,True,13,0.08745247148288973
sampled_npg_logbarrier_handoff,uniform,4,91017,False,1,0.744176769155046,0.7952974339984273,0.8511695327723565,False,6,0.011538461538461539
sampled_npg_logbarrier_handoff,uniform,4,91018,False,1,0.4832109171720151,0.0914206446632299,0.4475101892584481,False,32,0.3345323741007194
sampled_npg_logbarrier_handoff,uniform,4,91019,False,1,0.29999999999999993,0.3333333333333333,0.3333333333333333,False,,0.0
sampled_npg_logbarrier_handoff,uniform,4,91020,False,1,0.998836744296006,0.999887961298172,0.9988877283521093,True,15,0.11363636363636363
sampled_npg_logbarrier_handoff,uniform,4,91021,False,1,0.9422087602963234,0.8999582174801445,0.995391043044773,False,37,0.27715355805243447
sampled_npg_logbarrier_handoff,uniform,4,91022,False,1,0.9980604269674375,0.9983287632754254,0.9995462021895948,True,56,0.125
sampled_npg_logbarrier_handoff,uniform,4,91023,False,1,1.0,1.0,1.0,True,11,0.007662835249042145
sampled_npg_logbarrier_handoff,uniform,4,91024,False,1,0.9912820484756715,0.9854984535858997,0.9986941329944755,True,9,0.08196721311475409
sampled_npg_logbarrier_handoff,uniform,4,91025,False,1,0.9968517375592977,0.9982661564400223,0.9980584470467116,True,16,0.022813688212927757
sampled_npg_logbarrier_handoff,uniform,4,91026,False,1,1.0,1.0,1.0,True,3,0.10305343511450382
sampled_npg_logbarrier_handoff,uniform,4,91027,False,1,0.8394881283668532,0.8465822179596274,0.9201918768620875,False,33,0.26492537313432835
sampled_npg_logbarrier_handoff,uniform,4,91028,False,1,0.5,0.0,0.37303403720139866,False,19,0.33948339483394835
sampled_npg_logbarrier_handoff,uniform,4,91029,False,1,1.0,1.0,1.0,True,20,0.038314176245210725
sampled_npg_logbarrier_handoff,uniform,4,91030,False,1,0.7455036832814481,0.8235801528207836,0.8369769844574377,False,55,0.057692307692307696
sampled_npg_logbarrier_handoff,uniform,4,91031,False,1,0.9700582527068671,0.983605199483106,0.9827716494564404,True,5,0.015151515151515152
sampled_npg_logbarrier_handoff,uniform,4,91032,False,1,1.0,1.0,1.0,True,17,0.25461254612546125
sampled_npg_logbarrier_handoff,uniform,4,91033,False,1,0.4774131519997676,0.09035193840884813,0.2552489241521801,False,10,0.2805755395683453
sampled_npg_logbarrier_handoff,uniform,4,91034,False,1,0.4695698207798746,0.14274458866864875,0.24022797572256346,False,13,0.3333333333333333
sampled_npg_logbarrier_handoff,uniform,4,91035,False,1,0.9999998562324771,0.9999998523045008,1.0,True,35,0.07224334600760456
sampled_npg_logbarrier_handoff,uniform,4,91036,False,1,0.7566829337544946,0.8263224147274001,0.8639471596800832,False,8,0.16538461538461538
sampled_npg_logbarrier_handoff,uniform,4,91037,False,1,0.984119216114667,0.9810096917183309,0.9949270790866426,True,37,0.06909090909090909
sampled_npg_logbarrier_handoff,uniform,4,91038,False,1,0.7459457972062337,0.8594120439233623,0.8145036467089836,False,24,0.08076923076923077
sampled_npg_logbarrier_handoff,uniform,4,91039,False,1,0.9999999899257684,0.9999999993915567,0.9999999904817246,True,13,0.07251908396946564
sampled_npg_logbarrier_handoff,uniform,4,91040,False,1,1.0,1.0,1.0,True,6,0.0842911877394636
sampled_npg_logbarrier_handoff,uniform,4,91041,False,1,1.0,1.0,1.0,True,6,0.01532567049808429
sampled_npg_logbarrier_handoff,uniform,4,91042,False,1,1.0,1.0,1.0,True,16,0.01532567049808429
sampled_npg_logbarrier_handoff,uniform,4,91043,False,1,1.0,1.0,1.0,True,14,0.022988505747126436
sampled_npg_logbarrier_handoff,uniform,4,91044,False,1,0.9889868564939609,0.9948875315712584,0.9928444743433245,True,4,0.13688212927756654
sampled_npg_logbarrier_handoff,uniform,4,91045,False,1,0.7638474074776286,0.7840958796750254,0.8787626542986973,False,17,0.03076923076923077
sampled_npg_logbarrier_handoff,uniform,4,91046,False,1,0.9999993545003234,0.9999993317295337,1.0,True,14,0.01098901098901099
sampled_npg_logbarrier_handoff,uniform,4,91047,False,1,0.9782151302352775,0.9647675255129748,0.9968089500261476,True,7,0.29152542372881357
sampled_npg_logbarrier_handoff,uniform,4,91048,False,1,0.9924911550600619,0.9962843223793969,0.9957642677577174,True,45,0.045627376425855515
sampled_npg_logbarrier_handoff,uniform,4,91049,False,1,0.45504415392563136,0.09556082995977813,0.5120599858964328,False,33,0.3888888888888889
sampled_npg_logbarrier_handoff,uniform,4,91050,False,1,1.0,1.0,1.0,True,58,0.20610687022900764
sampled_npg_logbarrier_handoff,uniform,4,91051,False,1,0.7810460254554236,0.8636781183792961,0.8581142428281885,False,37,0.02702702702702703
sampled_npg_logbarrier_handoff,uniform,4,91052,False,1,1.0,1.0,1.0,True,11,0.011494252873563218
sampled_npg_logbarrier_handoff,uniform,4,91053,False,1,0.9852657972785822,0.9846639733850746,0.9946619034461275,True,10,0.018867924528301886
sampled_npg_logbarrier_handoff,uniform,4,91054,False,1,0.9243568242181122,0.8735146499834929,0.9917142001114455,False,12,0.08518518518518518
sampled_npg_logbarrier_handoff,uniform,4,91055,False,1,0.9999987133663206,0.9999987042971146,0.9999999778118762,True,18,0.183206106870229
sampled_npg_logbarrier_handoff,uniform,4,91056,False,1,1.0,1.0,1.0,True,50,0.09578544061302682
sampled_npg_logbarrier_handoff,uniform,4,91057,False,1,0.7886053377690884,0.8596550918791184,0.8611411133185508,False,25,0.15384615384615385
sampled_npg_logbarrier_handoff,uniform,4,91058,False,1,0.9999999999999859,0.9999999999999858,1.0,True,9,0.022813688212927757
sampled_npg_logbarrier_handoff,uniform,4,91059,False,1,0.7468764974386267,0.8314766749483893,0.8481609699093468,False,42,0.18076923076923077
sampled_npg_logbarrier_handoff,uniform,4,91060,False,1,0.45434698759441144,0.033559843068896346,0.26027664805992506,False,22,0.3895131086142322
sampled_npg_logbarrier_handoff,uniform,4,91061,False,1,0.9988110167620986,0.9995427818176918,0.9992116420375977,True,30,0.03802281368821293
sampled_npg_logbarrier_handoff,uniform,4,91062,False,1,0.5042014396829816,0.043866143563006624,0.7766238572571377,False,40,0.26811594202898553
sampled_npg_logbarrier_handoff,uniform,4,91063,False,1,0.9367172152412193,0.9193404816631361,0.9849845932993955,True,56,0.1018867924528302
sampled_npg_logbarrier_handoff,uniform,4,91064,False,1,0.7559044589826048,0.8331980652120712,0.8466910197487689,False,18,0.026923076923076925
sampled_npg_logbarrier_handoff,uniform,4,91065,False,1,1.0,1.0,1.0,True,13,0.07662835249042145
sampled_npg_logbarrier_handoff,uniform,4,91066,False,1,0.9998124120758054,0.9999696847449219,0.9998374439155415,True,17,0.1482889733840304
sampled_npg_logbarrier_handoff,uniform,4,91067,False,1,1.0,1.0,1.0,True,7,0.019157088122605363
sampled_npg_logbarrier_handoff,uniform,4,91068,False,1,0.8563809816921668,1.0,0.8435020578327206,False,6,0.007751937984496124
sampled_npg_logbarrier_handoff,uniform,4,91069,False,1,0.9225210830778529,0.8585449041886136,0.9961903373569976,False,41,0.06716417910447761
sampled_npg_logbarrier_handoff,uniform,4,91070,False,1,0.9543996015989133,0.9538097002682847,0.9896335787666717,True,48,0.07894736842105263
sampled_npg_logbarrier_handoff,uniform,4,91071,False,1,0.7607695839067051,0.8278144239804079,0.8542167979983992,False,5,0.22393822393822393
sampled_npg_logbarrier_handoff,uniform,4,91072,False,1,0.9201473442738102,0.8776055906453454,0.9873510455853528,False,24,0.045112781954887216
sampled_npg_logbarrier_handoff,uniform,4,91073,False,1,0.9999896272349948,0.9999914329871352,0.9999978947354743,True,23,0.05725190839694656
sampled_npg_logbarrier_handoff,uniform,4,91074,False,1,1.0,1.0,1.0,True,9,0.011494252873563218
sampled_npg_logbarrier_handoff,uniform,4,91075,False,1,0.4608945373774259,0.04511188706770128,0.4041614964458426,False,5,0.30111524163568776
sampled_npg_logbarrier_handoff,uniform,4,91076,False,1,0.9998943191043742,0.9999783228971331,0.9999134956763888,True,15,0.04961832061068702
sampled_npg_logbarrier_handoff,uniform,4,91077,False,1,0.8152512732270311,0.8742722039146984,0.8940540771736223,False,30,0.14728682170542637
sampled_npg_logbarrier_handoff,uniform,4,91078,False,1,0.9632931460103878,0.9389961735483885,0.9962869162759298,True,66,0.2909090909090909
sampled_npg_logbarrier_handoff,uniform,4,91079,False,1,0.9828006486567031,0.9877181509727478,0.9911607141934982,True,5,0.01509433962264151
sampled_npg_logbarrier_handoff,uniform,4,91080,False,1,0.4999495359917717,1.6855386054147536e-05,0.1508033402443887,False,41,0.3272058823529412
sampled_npg_logbarrier_handoff,uniform,4,91081,False,1,0.9999999999972798,0.9999999999972693,0.9999999999999998,True,14,0.16793893129770993
sampled_npg_logbarrier_handoff,uniform,4,91082,False,1,0.7678624650228489,0.8426598097033635,0.8472914996394202,False,14,0.23846153846153847
sampled_npg_logbarrier_handoff,uniform,4,91083,False,1,0.8083241901276661,0.8855392409640707,0.8701106062659029,False,11,0.015444015444015444
sampled_npg_logbarrier_handoff,uniform,4,91084,False,1,0.7327810093543436,0.7717189062606546,0.8503139040128533,False,7,0.023076923076923078
sampled_npg_logbarrier_handoff,uniform,4,91085,False,1,0.29999999999999993,0.3333333333333333,0.3333333333333333,False,,0.0
sampled_npg_logbarrier_handoff,uniform,4,91086,False,1,0.7489027927172746,0.815496946089908,0.8511759211765925,False,22,0.08461538461538462
sampled_npg_logbarrier_handoff,uniform,4,91087,False,1,0.999240953464753,0.9995947791689052,0.9996062705548386,True,34,0.04182509505703422
sampled_npg_logbarrier_handoff,uniform,4,91088,False,1,0.29999999999999993,0.3333333333333333,0.3333333333333333,False,,0.0
sampled_npg_logbarrier_handoff,uniform,4,91089,False,1,1.0,1.0,1.0,True,13,0.12643678160919541
sampled_npg_logbarrier_handoff,uniform,4,91090,False,1,0.7894145265286412,0.851995034963584,0.8764927673773287,False,11,0.06563706563706563
sampled_npg_logbarrier_handoff,uniform,4,91091,False,1,0.29999999999999993,0.3333333333333333,0.3333333333333333,False,,0.0
sampled_npg_logbarrier_handoff,uniform,4,91092,False,1,0.9993553923977931,0.9997573707349846,0.9995685783658474,True,17,0.015209125475285171
sampled_npg_logbarrier_handoff,uniform,4,91093,False,1,0.496075754033449,0.004057928796028921,0.22425992932223002,False,34,0.3956043956043956
sampled_npg_logbarrier_handoff,uniform,4,91094,False,1,0.9979382304890989,0.9989616250442924,0.9988618824871662,True,32,0.11406844106463879
sampled_npg_logbarrier_handoff,uniform,4,91095,False,1,1.0,1.0,1.0,True,73,0.08812260536398467
sampled_npg_logbarrier_handoff,uniform,4,91096,False,1,0.9046816079297733,0.9124786671665984,0.971939447874997,True,41,0.06766917293233082
sampled_npg_logbarrier_handoff,uniform,4,91097,False,1,0.8019260882146596,0.8589067229595968,0.8720166528410461,False,7,0.007722007722007722
sampled_npg_logbarrier_handoff,uniform,4,91098,False,1,0.9781530212388784,0.983544163985066,0.9891751198700561,True,10,0.09056603773584905
sampled_npg_logbarrier_handoff,uniform,4,91099,False,1,1.0,1.0,1.0,True,21,0.17624521072796934
sampled_pg_logbarrier_fixed,uniform,4,91000,True,0,0.5029835410057999,0.4737778699304237,0.6795839992126211,False,117,0.108
sampled_pg_logbarrier_fixed,uniform,4,91001,True,0,0.4987228509736319,0.4812981252536335,0.6659707011972003,False,131,0.15
sampled_pg_logbarrier_fixed,uniform,4,91002,True,0,0.4973665871429953,0.46728806084304364,0.6710124559991361,False,147,0.162
sampled_pg_logbarrier_fixed,uniform,4,91003,True,0,0.5016887707375054,0.47473649834498705,0.6735673466537762,False,129,0.15
sampled_pg_logbarrier_fixed,uniform,4,91004,True,0,0.524353878829935,0.5168290572755944,0.6974073050485308,False,99,0.14
sampled_pg_logbarrier_fixed,uniform,4,91005,True,0,0.4952798131341609,0.46420695911966225,0.6676472584935119,False,128,0.15
sampled_pg_logbarrier_fixed,uniform,4,91006,True,0,0.5294261806785833,0.5170428378528622,0.7076837369637999,False,95,0.11
sampled_pg_logbarrier_fixed,uniform,4,91007,True,0,0.5172484185612648,0.5077698982979055,0.6910713123087016,False,133,0.144
sampled_pg_logbarrier_fixed,uniform,4,91008,True,0,0.47714441849650746,0.42180311091733097,0.6476031281482991,False,142,0.196
sampled_pg_logbarrier_fixed,uniform,4,91009,True,0,0.5112419493326956,0.5126142010756458,0.675847801120553,False,126,0.152
sampled_pg_logbarrier_fixed,uniform,4,91010,True,0,0.5329268648941443,0.5363310679411405,0.7035306447957375,False,141,0.112
sampled_pg_logbarrier_fixed,uniform,4,91011,True,0,0.5121538410441855,0.5093891792513183,0.6774474417695434,False,131,0.132
sampled_pg_logbarrier_fixed,uniform,4,91012,True,0,0.5089854688141552,0.497523291930788,0.6760060441811042,False,117,0.12
sampled_pg_logbarrier_fixed,uniform,4,91013,True,0,0.5251774547612793,0.5310301642596281,0.6915132494474897,False,104,0.118
sampled_pg_logbarrier_fixed,uniform,4,91014,True,0,0.47556081428242575,0.42859582604256136,0.6428816679520679,False,139,0.204
sampled_pg_logbarrier_fixed,uniform,4,91015,True,0,0.5340907877953525,0.5458575728818617,0.6989631444872283,False,93,0.114
sampled_pg_logbarrier_fixed,uniform,4,91016,True,0,0.48844715604225347,0.43715024431706156,0.6640789995042568,False,132,0.122
sampled_pg_logbarrier_fixed,uniform,4,91017,True,0,0.5112918025799441,0.4907845361923153,0.6850130478334648,False,139,0.118
sampled_pg_logbarrier_fixed,uniform,4,91018,True,0,0.507448405092424,0.4659806194317742,0.6889429836030062,False,117,0.106
sampled_pg_logbarrier_fixed,uniform,4,91019,True,0,0.5225877276319523,0.5256560993065095,0.6905950230369879,False,136,0.134
sampled_pg_logbarrier_fixed,uniform,4,91020,True,0,0.4996776578078487,0.4796186190393443,0.6695273880119451,False,141,0.164
sampled_pg_logbarrier_fixed,uniform,4,91021,True,0,0.5016736329240269,0.49524958233199234,0.6635367613872448,False,157,0.166
sampled_pg_logbarrier_fixed,uniform,4,91022,True,0,0.5519440593003367,0.5764008602779327,0.7152776220463972,False,91,0.132
sampled_pg_logbarrier_fixed,uniform,4,91023,True,0,0.5095981193800596,0.5126181935966339,0.6724720630383254,False,175,0.158
sampled_pg_logbarrier_fixed,uniform,4,91024,True,0,0.5388072100836975,0.5476081479896014,0.7096622968032946,False,138,0.138
sampled_pg_logbarrier_fixed,uniform,4,91025,True,0,0.5077531041838375,0.5051972710699946,0.6737968406330757,False,143,0.16
sampled_pg_logbarrier_fixed,uniform,4,91026,True,0,0.4951024483384486,0.4678193745732959,0.6659271866639721,False,160,0.19
sampled_pg_logbarrier_fixed,uniform,4,91027,True,0,0.5148051091676894,0.5174039648068609,0.6805850846633797,False,140,0.124
sampled_pg_logbarrier_fixed,uniform,4,91028,True,0,0.4985506182661168,0.4663834033404506,0.6730349113534484,False,136,0.146
sampled_pg_logbarrier_fixed,uniform,4,91029,True,0,0.5252629026938685,0.5307433686593119,0.6930610463067705,False,131,0.144
sampled_pg_logbarrier_fixed,uniform,4,91030,True,0,0.5218129720023825,0.5294820173044901,0.686293565227657,False,144,0.128
sampled_pg_logbarrier_fixed,uniform,4,91031,True,0,0.5597992662700477,0.5817390624802834,0.7250588832513521,False,95,0.106
sampled_pg_logbarrier_fixed,uniform,4,91032,True,0,0.5250235326574693,0.5136821671502044,0.7000554656101285,False,108,0.132
sampled_pg_logbarrier_fixed,uniform,4,91033,True,0,0.5043737343962109,0.48386419010344556,0.6751940487961073,False,140,0.126
sampled_pg_logbarrier_fixed,uniform,4,91034,True,0,0.49145092133369356,0.4629227598477105,0.662157259713517,False,133,0.164
sampled_pg_logbarrier_fixed,uniform,4,91035,True,0,0.47962544267056206,0.44811573170611824,0.6409949417587257,False,154,0.164
sampled_pg_logbarrier_fixed,uniform,4,91036,True,0,0.4926888205501937,0.4682191929079925,0.6609692268136391,False,181,0.162
sampled_pg_logbarrier_fixed,uniform,4,91037,True,0,0.5534562900946789,0.5780027280527912,0.7155804593106964,False,112,0.12
sampled_pg_logbarrier_fixed,uniform,4,91038,True,0,0.4821028362039135,0.4371366399723475,0.6500406700763185,False,133,0.174
sampled_pg_logbarrier_fixed,uniform,4,91039,True,0,0.5314446567396918,0.5360222949702107,0.7003855108808579,False,149,0.134
sampled_pg_logbarrier_fixed,uniform,4,91040,True,0,0.5122751914224524,0.4934009303043654,0.6849417945660523,False,130,0.146
sampled_pg_logbarrier_fixed,uniform,4,91041,True,0,0.5039340325234877,0.4863040927112943,0.6757721667585989,False,134,0.17
sampled_pg_logbarrier_fixed,uniform,4,91042,True,0,0.5554635367398317,0.5761096246420997,0.7201812050585499,False,129,0.068
sampled_pg_logbarrier_fixed,uniform,4,91043,True,0,0.5056947588759081,0.4801571473574375,0.6819911827012751,False,145,0.114
sampled_pg_logbarrier_fixed,uniform,4,91044,True,0,0.5114894725873245,0.5026381256279092,0.6784455170236429,False,137,0.094
sampled_pg_logbarrier_fixed,uniform,4,91045,True,0,0.5426416911007887,0.537157326549884,0.720340046812256,False,129,0.132
sampled_pg_logbarrier_fixed,uniform,4,91046,True,0,0.5361992929286522,0.5380911262929123,0.7056828260108916,False,92,0.092
sampled_pg_logbarrier_fixed,uniform,4,91047,True,0,0.5204774559257089,0.4930596874954217,0.7004928586124199,False,125,0.12
sampled_pg_logbarrier_fixed,uniform,4,91048,True,0,0.5155628227527104,0.49369807730383725,0.6918064107625035,False,118,0.112
sampled_pg_logbarrier_fixed,uniform,4,91049,True,0,0.49601846162505986,0.46480563319239987,0.6699662599598203,False,189,0.166
sampled_pg_logbarrier_fixed,uniform,4,91050,True,0,0.5414882958717466,0.5565114568642787,0.7084322749486692,False,103,0.108
sampled_pg_logbarrier_fixed,uniform,4,91051,True,0,0.5301903319128752,0.5302985122085317,0.6993206872409397,False,104,0.072
sampled_pg_logbarrier_fixed,uniform,4,91052,True,0,0.5256664633998198,0.5300295937744571,0.6942947756203981,False,86,0.108
sampled_pg_logbarrier_fixed,uniform,4,91053,True,0,0.5293123080740156,0.5237605239641153,0.7003336503490943,False,118,0.102
sampled_pg_logbarrier_fixed,uniform,4,91054,True,0,0.49253127508997674,0.4509253403865578,0.6645340088379398,False,117,0.16
sampled_pg_logbarrier_fixed,uniform,4,91055,True,0,0.5240570112039934,0.5227327000455058,0.6936609070044341,False,125,0.122
sampled_pg_logbarrier_fixed,uniform,4,91056,True,0,0.503585720443627,0.48757805440752217,0.6729779040490749,False,134,0.15
sampled_pg_logbarrier_fixed,uniform,4,91057,True,0,0.5190337458663432,0.509025465990252,0.6938162790643734,False,133,0.122
sampled_pg_logbarrier_fixed,uniform,4,91058,True,0,0.5248994152410396,0.5327997618634133,0.6912083562316839,False,141,0.148
sampled_pg_logbarrier_fixed,uniform,4,91059,True,0,0.5374660616740135,0.5353100339390974,0.7115840973533775,False,132,0.136
sampled_pg_logbarrier_fixed,uniform,4,91060,True,0,0.5103288835765851,0.4957216932396468,0.6840292045547408,False,129,0.142
sampled_pg_logbarrier_fixed,uniform,4,91061,True,0,0.492311762129838,0.46388540042935017,0.6639480407035632,False,137,0.178
sampled_pg_logbarrier_fixed,uniform,4,91062,True,0,0.5041869629403031,0.47267181547668274,0.6816353796079448,False,128,0.154
sampled_pg_logbarrier_fixed,uniform,4,91063,True,0,0.500055718216508,0.4736914666318685,0.6750402822155228,False,130,0.116
sampled_pg_logbarrier_fixed,uniform,4,91064,True,0,0.537848682770697,0.5397096832758984,0.7100423278871596,False,87,0.11
sampled_pg_logbarrier_fixed,uniform,4,91065,True,0,0.47125371614059486,0.43370102566035845,0.6325539729863005,False,179,0.212
sampled_pg_logbarrier_fixed,uniform,4,91066,True,0,0.5091291936943093,0.491024144881888,0.6821728653045401,False,132,0.144
sampled_pg_logbarrier_fixed,uniform,4,91067,True,0,0.5054974535622594,0.4853204787918045,0.6781872608364633,False,118,0.146
sampled_pg_logbarrier_fixed,uniform,4,91068,True,0,0.5399547882659108,0.5539780386882607,0.7061737321605006,False,114,0.122
sampled_pg_logbarrier_fixed,uniform,4,91069,True,0,0.5197042011465581,0.5249020025558923,0.6842893718849362,False,117,0.144
sampled_pg_logbarrier_fixed,uniform,4,91070,True,0,0.499545303640217,0.4735844443881208,0.6726413237796495,False,114,0.182
sampled_pg_logbarrier_fixed,uniform,4,91071,True,0,0.542419785142964,0.5540961502555255,0.7106470612812948,False,152,0.132
sampled_pg_logbarrier_fixed,uniform,4,91072,True,0,0.4845202995522689,0.43677410246524073,0.6569704340616437,False,129,0.152
sampled_pg_logbarrier_fixed,uniform,4,91073,True,0,0.5294432477543211,0.5279220782152384,0.7022263664022814,False,166,0.13
sampled_pg_logbarrier_fixed,uniform,4,91074,True,0,0.5166680798636798,0.49963957282177884,0.6926209325646967,False,115,0.132
sampled_pg_logbarrier_fixed,uniform,4,91075,True,0,0.5087887618201781,0.4984515513136681,0.6775908971120891,False,149,0.108
sampled_pg_logbarrier_fixed,uniform,4,91076,True,0,0.4838702350795794,0.435311472198619,0.6577573786492482,False,144,0.154
sampled_pg_logbarrier_fixed,uniform,4,91077,True,0,0.4861750849061913,0.4712494265013929,0.6467504350087883,False,168,0.162
sampled_pg_logbarrier_fixed,uniform,4,91078,True,0,0.5212322151160546,0.519407325943482,0.6904503620123156,False,150,0.132
sampled_pg_logbarrier_fixed,uniform,4,91079,True,0,0.5030681690272006,0.48355794399004975,0.674179076052795,False,142,0.13
sampled_pg_logbarrier_fixed,uniform,4,91080,True,0,0.5353090367380484,0.5474417890343625,0.7026737161810829,False,134,0.12
sampled_pg_logbarrier_fixed,uniform,4,91081,True,0,0.5206765291865122,0.512553101945486,0.6906684466243489,False,111,0.12
sampled_pg_logbarrier_fixed,uniform,4,91082,True,0,0.4841563309126253,0.46450519318964195,0.6447905024095291,False,189,0.158
sampled_pg_logbarrier_fixed,uniform,4,91083,True,0,0.4650415841811222,0.4155314777596628,0.6276624744387217,False,185,0.202
sampled_pg_logbarrier_fixed,uniform,4,91084,True,0,0.488549438411244,0.4519256918411625,0.6584162207022,False,108,0.13
sampled_pg_logbarrier_fixed,uniform,4,91085,True,0,0.5443598461305976,0.5565870262534903,0.7117004135570645,False,111,0.12
sampled_pg_logbarrier_fixed,uniform,4,91086,True,0,0.4857924320754331,0.45407713789584064,0.6550589247746291,False,162,0.204
sampled_pg_logbarrier_fixed,uniform,4,91087,True,0,0.5106666501846849,0.48141396619432614,0.6883966658445332,False,108,0.086
sampled_pg_logbarrier_fixed,uniform,4,91088,True,0,0.5365758978620129,0.5477098993094947,0.7036618421655326,False,115,0.112
sampled_pg_logbarrier_fixed,uniform,4,91089,True,0,0.5253130825959877,0.51784904469733,0.700143262949796,False,108,0.13
sampled_pg_logbarrier_fixed,uniform,4,91090,True,0,0.511023918713648,0.49433562643900764,0.684378601694762,False,114,0.118
sampled_pg_logbarrier_fixed,uniform,4,91091,True,0,0.49121000862544206,0.45734769242835654,0.6636660773082051,False,142,0.17
sampled_pg_logbarrier_fixed,uniform,4,91092,True,0,0.5272029898625824,0.5219721295747467,0.7017787403692813,False,119,0.148
sampled_pg_logbarrier_fixed,uniform,4,91093,True,0,0.4950659707194234,0.49204223674931163,0.6546860705190303,False,162,0.17
sampled_pg_logbarrier_fixed,uniform,4,91094,True,0,0.502355673468266,0.4895634786168721,0.6668112137090451,False,158,0.14
sampled_pg_logbarrier_fixed,uniform,4,91095,True,0,0.4990961756278271,0.47163654478165845,0.6706329944837967,False,148,0.142
sampled_pg_logbarrier_fixed,uniform,4,91096,True,0,0.49143657397192164,0.46393657541289296,0.6605214929759202,False,135,0.174
sampled_pg_logbarrier_fixed,uniform,4,91097,True,0,0.5107492291289221,0.49799500927741774,0.6784610145863752,False,115,0.164
sampled_pg_logbarrier_fixed,uniform,4,91098,True,0,0.4755886195707996,0.42432855610895537,0.6427872762695019,False,156,0.172
sampled_pg_logbarrier_fixed,uniform,4,91099,True,0,0.5033797183056798,0.47735506217297785,0.6763583904880388,False,128,0.104
sampled_npg_logbarrier_fixed,uniform,4,91000,True,0,0.6471694661735772,0.6880794704234889,0.7795877047896789,False,11,0.03
sampled_npg_logbarrier_fixed,uniform,4,91001,True,0,0.5930569479427203,0.4947960458001767,0.8029380269978592,False,34,0.112
sampled_npg_logbarrier_fixed,uniform,4,91002,True,0,0.7527552936401731,0.8380321753019483,0.8354490248976877,False,8,0.094
sampled_npg_logbarrier_fixed,uniform,4,91003,True,0,0.6675480864019291,0.7217009674331585,0.7928632364139605,False,18,0.102
sampled_npg_logbarrier_fixed,uniform,4,91004,True,0,0.7247401457938037,0.8171904710313732,0.8153913528697149,False,5,0.014
sampled_npg_logbarrier_fixed,uniform,4,91005,True,0,0.6984232712368633,0.7584140351660903,0.8140464897425479,False,6,0.028
sampled_npg_logbarrier_fixed,uniform,4,91006,True,0,0.7326844593069962,0.8181876447904725,0.827936391540994,False,4,0.018
sampled_npg_logbarrier_fixed,uniform,4,91007,True,0,0.7748522945123544,0.8116747865397816,0.8209678104752822,False,12,0.11
sampled_npg_logbarrier_fixed,uniform,4,91008,True,0,0.7326839324006933,0.818993523783096,0.8254662614349859,False,9,0.202
sampled_npg_logbarrier_fixed,uniform,4,91009,False,1,0.29999999999999993,0.3333333333333333,0.3333333333333333,False,,0.0
sampled_npg_logbarrier_fixed,uniform,4,91010,True,0,0.6651616440997573,0.7049229347791551,0.7959544389191103,False,10,0.106
sampled_npg_logbarrier_fixed,uniform,4,91011,True,0,0.7088521997126138,0.77274377685761,0.8266534153160877,False,4,0.056
sampled_npg_logbarrier_fixed,uniform,4,91012,True,0,0.6588746197829219,0.6988589977300388,0.8030427597783208,False,17,0.012
sampled_npg_logbarrier_fixed,uniform,4,91013,True,0,0.7311018933060068,0.7896559595702959,0.8336941497160388,False,13,0.22
sampled_npg_logbarrier_fixed,uniform,4,91014,True,0,0.701753429638519,0.7780301603756821,0.8262467571324286,False,37,0.05
sampled_npg_logbarrier_fixed,uniform,4,91015,True,0,0.6655070996223174,0.7194384121159797,0.7912097537137508,False,28,0.154
sampled_npg_logbarrier_fixed,uniform,4,91016,True,0,0.5115494653391888,0.4451586808584631,0.6289871918103822,False,13,0.07
sampled_npg_logbarrier_fixed,uniform,4,91017,True,0,0.6672284741420074,0.6836819672579691,0.811231174262352,False,6,0.006
sampled_npg_logbarrier_fixed,uniform,4,91018,True,0,0.5378724796025959,0.38994064197449585,0.7684194681604005,False,32,0.314
sampled_npg_logbarrier_fixed,uniform,4,91019,False,1,0.29999999999999993,0.3333333333333333,0.3333333333333333,False,,0.0
sampled_npg_logbarrier_fixed,uniform,4,91020,True,0,0.6290048166558564,0.751802030458793,0.719724218316308,False,15,0.074
sampled_npg_logbarrier_fixed,uniform,4,91021,True,0,0.7065958778279778,0.740184471688081,0.8275383059464179,False,37,0.15
sampled_npg_logbarrier_fixed,uniform,4,91022,True,0,0.6581697124993062,0.6782638965249075,0.8092254946001969,False,56,0.112
sampled_npg_logbarrier_fixed,uniform,4,91023,True,0,0.7150308575641149,0.7809550506911032,0.8267362764108563,False,11,0.004
sampled_npg_logbarrier_fixed,uniform,4,91024,True,0,0.6777079224343622,0.735037271219995,0.8119935888473435,False,9,0.056
sampled_npg_logbarrier_fixed,uniform,4,91025,True,0,0.7332079309048751,0.8205454965526746,0.8254320425952275,False,16,0.014
sampled_npg_logbarrier_fixed,uniform,4,91026,True,0,0.6892706998308118,0.7442866245422562,0.80226279715344,False,3,0.058
sampled_npg_logbarrier_fixed,uniform,4,91027,True,0,0.7271694378705451,0.7131263173356786,0.870146974999084,False,33,0.142
sampled_npg_logbarrier_fixed,uniform,4,91028,True,0,0.33776119227560963,0.22624958370119747,0.34324781237164365,False,19,0.334
sampled_npg_logbarrier_fixed,uniform,4,91029,True,0,0.6376107617965446,0.679247320303455,0.7626941462211932,False,20,0.024
sampled_npg_logbarrier_fixed,uniform,4,91030,True,0,0.6337901118650205,0.6669282664538746,0.7827285312605161,False,55,0.03
sampled_npg_logbarrier_fixed,uniform,4,91031,True,0,0.7661484982639073,0.8473564328332378,0.846594580168152,False,5,0.032
sampled_npg_logbarrier_fixed,uniform,4,91032,True,0,0.6508559465678783,0.6939064879779919,0.7889975855354262,False,17,0.15
sampled_npg_logbarrier_fixed,uniform,4,91033,True,0,0.6958268675675314,0.7794649638534983,0.8046374466271442,False,10,0.166
sampled_npg_logbarrier_fixed,uniform,4,91034,True,0,0.7140147012752351,0.7987911518343188,0.813283636544287,False,13,0.276
sampled_npg_logbarrier_fixed,uniform,4,91035,True,0,0.6631810028901028,0.713776389614054,0.7914089115601267,False,35,0.04
sampled_npg_logbarrier_fixed,uniform,4,91036,True,0,0.656450970227533,0.7148686003345681,0.8024031096084879,False,8,0.086
sampled_npg_logbarrier_fixed,uniform,4,91037,True,0,0.713648377854088,0.7896066636623863,0.8148988097076831,False,37,0.042
sampled_npg_logbarrier_fixed,uniform,4,91038,True,0,0.6693829637701625,0.7245794892575905,0.7959236129512447,False,24,0.048
sampled_npg_logbarrier_fixed,uniform,4,91039,True,0,0.655423708985373,0.7760973436973642,0.7419386843162737,False,13,0.038
sampled_npg_logbarrier_fixed,uniform,4,91040,True,0,0.7339725615440931,0.8051398593947633,0.8341571429212079,False,6,0.046
sampled_npg_logbarrier_fixed,uniform,4,91041,True,0,0.679412773299539,0.7223108256166292,0.816205103745294,False,6,0.01
sampled_npg_logbarrier_fixed,uniform,4,91042,True,0,0.7633788515531436,0.8394006275833876,0.8479377614361097,False,16,0.012
sampled_npg_logbarrier_fixed,uniform,4,91043,True,0,0.6531423221079271,0.6907738030480796,0.8002061375345414,False,14,0.016
sampled_npg_logbarrier_fixed,uniform,4,91044,True,0,0.7942040165957237,0.8654257960660405,0.8621182615159696,False,4,0.074
sampled_npg_logbarrier_fixed,uniform,4,91045,True,0,0.7294503240184547,0.7921751079167063,0.8379440605427144,False,17,0.016
sampled_npg_logbarrier_fixed,uniform,4,91046,True,0,0.7224511279550541,0.8042539571527614,0.8187878239200764,False,14,0.014
sampled_npg_logbarrier_fixed,uniform,4,91047,True,0,0.7334208016816928,0.8147283405939271,0.823069681047164,False,7,0.178
sampled_npg_logbarrier_fixed,uniform,4,91048,True,0,0.6922128038933216,0.7786813909505874,0.7885493611353553,False,45,0.024
sampled_npg_logbarrier_fixed,uniform,4,91049,True,0,0.6538634816396265,0.7318118951388792,0.7772917758406181,False,33,0.208
sampled_npg_logbarrier_fixed,uniform,4,91050,True,0,0.7273287554478699,0.8302428316248097,0.8004073810537966,False,58,0.108
sampled_npg_logbarrier_fixed,uniform,4,91051,True,0,0.7017719803535614,0.7870848458384038,0.8032474803925598,False,37,0.014
sampled_npg_logbarrier_fixed,uniform,4,91052,True,0,0.6993723976089669,0.7907017230095693,0.7999889091426576,False,11,0.006
sampled_npg_logbarrier_fixed,uniform,4,91053,True,0,0.7006083158094438,0.7002994632133693,0.8403523287083827,False,10,0.01
sampled_npg_logbarrier_fixed,uniform,4,91054,True,0,0.6688875176198452,0.7709958704881308,0.7616705054033229,False,12,0.054
sampled_npg_logbarrier_fixed,uniform,4,91055,True,0,0.6574486201879048,0.7071555656882631,0.7710673525497178,False,18,0.096
sampled_npg_logbarrier_fixed,uniform,4,91056,True,0,0.6800129357106219,0.7755036180925956,0.7812665653360688,False,50,0.052
sampled_npg_logbarrier_fixed,uniform,4,91057,True,0,0.4773291797249923,0.22505701838029596,0.809337333622413,False,25,0.09
sampled_npg_logbarrier_fixed,uniform,4,91058,True,0,0.596284234605337,0.6388513696141596,0.7091337519299825,False,9,0.014
sampled_npg_logbarrier_fixed,uniform,4,91059,True,0,0.7628632856607029,0.8441429496922823,0.8437479007047001,False,42,0.098
sampled_npg_logbarrier_fixed,uniform,4,91060,True,0,0.7808003537718107,0.8688955731173461,0.8482491347795178,False,22,0.286
sampled_npg_logbarrier_fixed,uniform,4,91061,True,0,0.5523921235585956,0.5355826462713297,0.7496790751475078,False,30,0.024
sampled_npg_logbarrier_fixed,uniform,4,91062,True,0,0.38303614411633274,0.8091695769002075,0.32502971167006794,False,40,0.31
sampled_npg_logbarrier_fixed,uniform,4,91063,True,0,0.6550153287243545,0.6169010810590304,0.8415809838720968,False,56,0.06
sampled_npg_logbarrier_fixed,uniform,4,91064,True,0,0.6339231995088904,0.6171887384422742,0.7933492752366371,False,18,0.02
sampled_npg_logbarrier_fixed,uniform,4,91065,True,0,0.71035227878417,0.7402799955093838,0.8386561589424031,False,13,0.042
sampled_npg_logbarrier_fixed,uniform,4,91066,True,0,0.7096978558885336,0.785144683102758,0.8204526709112807,False,17,0.082
sampled_npg_logbarrier_fixed,uniform,4,91067,True,0,0.6520879292047428,0.7190705553594892,0.7636109068018577,False,7,0.014
sampled_npg_logbarrier_fixed,uniform,4,91068,True,0,0.7035136623515197,1.0,0.6311374896451094,False,6,0.004
sampled_npg_logbarrier_fixed,uniform,4,91069,True,0,0.6896148130812374,0.7860776503856305,0.7898046277793686,False,41,0.042
sampled_npg_logbarrier_fixed,uniform,4,91070,True,0,0.6774372931380277,0.7052352357220195,0.809984825063563,False,48,0.05
sampled_npg_logbarrier_fixed,uniform,4,91071,True,0,0.6552960840733536,0.6969309380497292,0.7837573317193819,False,5,0.122
sampled_npg_logbarrier_fixed,uniform,4,91072,True,0,0.7395937272141474,0.8121355318055672,0.8305625059757383,False,24,0.026
sampled_npg_logbarrier_fixed,uniform,4,91073,True,0,0.7005222383217907,0.7745810974791221,0.8054921720299084,False,23,0.032
sampled_npg_logbarrier_fixed,uniform,4,91074,True,0,0.691342817704383,0.7172523383789542,0.8277910007296607,False,9,0.014
sampled_npg_logbarrier_fixed,uniform,4,91075,True,0,0.4369601133950332,0.25595636563319635,0.6011980287701826,False,5,0.268
sampled_npg_logbarrier_fixed,uniform,4,91076,True,0,0.5951058350746813,0.6788139337624949,0.7143221205624375,False,15,0.026
sampled_npg_logbarrier_fixed,uniform,4,91077,True,0,0.7537923854831737,0.8271225869180231,0.8437730156552321,False,30,0.082
sampled_npg_logbarrier_fixed,uniform,4,91078,True,0,0.6411939548799548,0.6826293349257703,0.7887523200283582,False,66,0.16
sampled_npg_logbarrier_fixed,uniform,4,91079,True,0,0.7079262343266303,0.772133100621258,0.8272776177079592,False,5,0.008
sampled_npg_logbarrier_fixed,uniform,4,91080,True,0,0.7270537305956873,0.8020951535056587,0.8206162044238484,False,41,0.196
sampled_npg_logbarrier_fixed,uniform,4,91081,True,0,0.7186538797796005,0.7847352371273268,0.8170702575188463,False,14,0.09
sampled_npg_logbarrier_fixed,uniform,4,91082,True,0,0.7677743870677789,0.8719913436647609,0.8296356028375625,False,14,0.126
sampled_npg_logbarrier_fixed,uniform,4,91083,True,0,0.5413609062816893,0.5444202905020898,0.701810192444377,False,11,0.016
sampled_npg_logbarrier_fixed,uniform,4,91084,True,0,0.70670728987662,0.7254275602028534,0.8361295947597351,False,7,0.014
sampled_npg_logbarrier_fixed,uniform,4,91085,False,1,0.29999999999999993,0.3333333333333333,0.3333333333333333,False,,0.0
sampled_npg_logbarrier_fixed,uniform,4,91086,True,0,0.6908770062348303,0.7357852215644677,0.8132613792034429,False,22,0.054
sampled_npg_logbarrier_fixed,uniform,4,91087,True,0,0.5668311211703679,0.6309537110268659,0.6947924693435863,False,34,0.024
sampled_npg_logbarrier_fixed,uniform,4,91088,False,1,0.29999999999999993,0.3333333333333333,0.3333333333333333,False,,0.0
sampled_npg_logbarrier_fixed,uniform,4,91089,True,0,0.6755719473194363,0.7282690215672256,0.8064265880303437,False,13,0.07
sampled_npg_logbarrier_fixed,uniform,4,91090,True,0,0.6477827157522765,0.646789057064057,0.8034913869509246,False,11,0.042
sampled_npg_logbarrier_fixed,uniform,4,91091,False,1,0.29999999999999993,0.3333333333333333,0.3333333333333333,False,,0.0
sampled_npg_logbarrier_fixed,uniform,4,91092,False,1,0.7519665047273361,0.8254359432854103,0.8445864036495413,False,17,0.01873536299765808
sampled_npg_logbarrier_fixed,uniform,4,91093,True,0,0.6617627028369575,0.7714313386654041,0.7611142945273938,False,34,0.248
sampled_npg_logbarrier_fixed,uniform,4,91094,True,0,0.7715946597214574,0.8363772872856835,0.8345896015378549,False,32,0.064
sampled_npg_logbarrier_fixed,uniform,4,91095,True,0,0.6852142882021681,0.707444535677361,0.8203476457758397,False,73,0.05
sampled_npg_logbarrier_fixed,uniform,4,91096,True,0,0.7439626062912565,0.8263015277037764,0.8338457509636936,False,41,0.05
sampled_npg_logbarrier_fixed,uniform,4,91097,True,0,0.6443918051861417,0.6771349633843012,0.7704266720044302,False,7,0.004
sampled_npg_logbarrier_fixed,uniform,4,91098,True,0,0.5926777748742809,0.5986606172669454,0.7766665527186123,False,10,0.058
sampled_npg_logbarrier_fixed,uniform,4,91099,True,0,0.7143838561505294,0.7992063136072775,0.8162920548729897,False,21,0.094
sampled_pg_reward_only,uniform,32,91000,True,0,0.7248778807953203,0.7552117973057514,0.8555689254562525,False,112,0.0
sampled_pg_reward_only,uniform,32,91001,True,0,0.6751582373252176,0.6780248358455576,0.832595329230296,False,130,0.0
sampled_pg_reward_only,uniform,32,91002,True,0,0.722595718791654,0.749741876745772,0.85548504686759,False,118,0.0
sampled_pg_reward_only,uniform,32,91003,True,0,0.7172742484958001,0.7433704005111745,0.8520776803251597,False,114,0.0
sampled_pg_reward_only,uniform,32,91004,True,0,0.6865213796408389,0.6966315142392246,0.8378975959537458,False,116,0.0
sampled_pg_reward_only,uniform,32,91005,True,0,0.7245334683878739,0.7547201456056959,0.8552975226357892,False,120,0.0
sampled_pg_reward_only,uniform,32,91006,True,0,0.7045324367778432,0.7237678176436685,0.8465994260832779,False,116,0.0
sampled_pg_reward_only,uniform,32,91007,True,0,0.6767526161904406,0.6855939342464161,0.8306880596157896,False,127,0.0
sampled_pg_reward_only,uniform,32,91008,True,0,0.6801669263513814,0.6893325220361929,0.8330922399527307,False,122,0.0
sampled_pg_reward_only,uniform,32,91009,True,0,0.6802521308730664,0.6875496246702867,0.8347186644480626,False,122,0.0
sampled_pg_reward_only,uniform,32,91010,True,0,0.6900844573703786,0.6984383149311107,0.8418605473737998,False,111,0.0
sampled_pg_reward_only,uniform,32,91011,True,0,0.7319692035852371,0.7631980745926216,0.8601013770655483,False,113,0.0
sampled_pg_reward_only,uniform,32,91012,True,0,0.7155043643125981,0.7410315096784714,0.8515050255699836,False,116,0.0
sampled_pg_reward_only,uniform,32,91013,True,0,0.7038424960955413,0.7230244694479504,0.8460220132812878,False,115,0.0
sampled_pg_reward_only,uniform,32,91014,True,0,0.6888583754025295,0.7023487558591672,0.8378367066094506,False,127,0.0
sampled_pg_reward_only,uniform,32,91015,True,0,0.7276237582301,0.7549488431742467,0.8590997484023761,False,96,0.0
sampled_pg_reward_only,uniform,32,91016,True,0,0.6883347824025534,0.7035328515396697,0.836743903930271,False,120,0.0
sampled_pg_reward_only,uniform,32,91017,True,0,0.7363025358270819,0.7715088879863945,0.8607545449216668,False,113,0.0
sampled_pg_reward_only,uniform,32,91018,True,0,0.745115597658882,0.7820126210690818,0.8655914475668769,False,104,0.0
sampled_pg_reward_only,uniform,32,91019,True,0,0.7107409043855968,0.7357315315979532,0.8480150803620072,False,118,0.0
sampled_pg_reward_only,uniform,32,91020,True,0,0.6770019163047604,0.6865397059261135,0.8306278604125463,False,126,0.0
sampled_pg_reward_only,uniform,32,91021,True,0,0.6644783342685284,0.6630841012656491,0.826049583233123,False,119,0.0
sampled_pg_reward_only,uniform,32,91022,True,0,0.7316944399801528,0.76331944692107,0.8596323792050712,False,109,0.0
sampled_pg_reward_only,uniform,32,91023,True,0,0.7192521782794115,0.7449837597864161,0.854151222453912,False,121,0.0
sampled_pg_reward_only,uniform,32,91024,True,0,0.7120379966744729,0.7372026138151984,0.8490068083158369,False,115,0.0
sampled_pg_reward_only,uniform,32,91025,True,0,0.7380794456704165,0.7710420583135901,0.8631603121954711,False,115,0.0
sampled_pg_reward_only,uniform,32,91026,True,0,0.7263090782663689,0.7573304969032039,0.8557268927507657,False,117,0.0
sampled_pg_reward_only,uniform,32,91027,True,0,0.7195594009835977,0.7435799885935448,0.8556829454368987,False,109,0.0
sampled_pg_reward_only,uniform,32,91028,True,0,0.6896236491152952,0.7036923430487134,0.8381031198485582,False,118,0.0
sampled_pg_reward_only,uniform,32,91029,True,0,0.7590603948397585,0.7982298862425087,0.8734819186126386,False,107,0.0
sampled_pg_reward_only,uniform,32,91030,True,0,0.724436499140849,0.7520469157197531,0.8567711941657598,False,112,0.0
sampled_pg_reward_only,uniform,32,91031,True,0,0.7468899664324153,0.7823025130374999,0.8677999721956472,False,105,0.0
sampled_pg_reward_only,uniform,32,91032,True,0,0.7377338800964884,0.7712456546147998,0.8624958952635559,False,109,0.0
sampled_pg_reward_only,uniform,32,91033,True,0,0.6974633536652926,0.714577462172569,0.8427797131979543,False,118,0.0
sampled_pg_reward_only,uniform,32,91034,True,0,0.6705293053726061,0.6749579871512814,0.8278699500734497,False,127,0.0
sampled_pg_reward_only,uniform,32,91035,True,0,0.614882945793148,0.5745738397803954,0.7999023510755,False,139,0.0
sampled_pg_reward_only,uniform,32,91036,True,0,0.6934564547121982,0.7096385590255353,0.8401238019326517,False,124,0.0
sampled_pg_reward_only,uniform,32,91037,True,0,0.748590783855417,0.7860292810526572,0.8676667785119048,False,110,0.0
sampled_pg_reward_only,uniform,32,91038,True,0,0.6674796133457943,0.6708801959687415,0.8257078826428256,False,128,0.0
sampled_pg_reward_only,uniform,32,91039,True,0,0.705046886531417,0.7223781044453261,0.848624057439158,False,116,0.0
sampled_pg_reward_only,uniform,32,91040,True,0,0.6418614270787022,0.6271418927661259,0.8124568318111847,False,114,0.0
sampled_pg_reward_only,uniform,32,91041,True,0,0.7283129872631066,0.7607635052034318,0.8561407648900701,False,118,0.0
sampled_pg_reward_only,uniform,32,91042,True,0,0.7334893732184058,0.7649828311514122,0.8611532945700066,False,114,0.0
sampled_pg_reward_only,uniform,32,91043,True,0,0.7416419531664358,0.7785625054381133,0.8630416129106853,False,110,0.0
sampled_pg_reward_only,uniform,32,91044,True,0,0.7197523998017804,0.7469568390771615,0.8533349571508784,False,106,0.0
sampled_pg_reward_only,uniform,32,91045,True,0,0.7347656685127552,0.768888057195046,0.8600497792042326,False,114,0.0
sampled_pg_reward_only,uniform,32,91046,True,0,0.7031098182377162,0.7174593160176652,0.8489858412532536,False,102,0.0
sampled_pg_reward_only,uniform,32,91047,True,0,0.7116236907346368,0.7367258292476426,0.8487154315301347,False,117,0.0
sampled_pg_reward_only,uniform,32,91048,True,0,0.6831859321358134,0.696607082347652,0.8329931997863259,False,122,0.0
sampled_pg_reward_only,uniform,32,91049,True,0,0.7329412275343701,0.7670119100596285,0.8589600714919343,False,114,0.0
sampled_pg_reward_only,uniform,32,91050,True,0,0.7391001657059703,0.771137236443403,0.8643177338071463,False,102,0.0
sampled_pg_reward_only,uniform,32,91051,True,0,0.7527479596766643,0.7908639792529523,0.8695226393693137,False,102,0.0
sampled_pg_reward_only,uniform,32,91052,True,0,0.7164877439669527,0.7412568641568335,0.8529057892488677,False,116,0.0
sampled_pg_reward_only,uniform,32,91053,True,0,0.6825308302202097,0.6914807839315946,0.835056895871348,False,127,0.0
sampled_pg_reward_only,uniform,32,91054,True,0,0.6749548638022587,0.675202116947455,0.8338113808025586,False,121,0.0
sampled_pg_reward_only,uniform,32,91055,True,0,0.6954519904392338,0.7126615576223992,0.8410693131421572,False,118,0.0
sampled_pg_reward_only,uniform,32,91056,True,0,0.6649857182381903,0.6687069512377835,0.8237711710641953,False,124,0.0
sampled_pg_reward_only,uniform,32,91057,True,0,0.7040235143930863,0.7260941826865924,0.844736197055639,False,118,0.0
sampled_pg_reward_only,uniform,32,91058,True,0,0.6997745376401612,0.7196908963934057,0.842992679993352,False,123,0.0
sampled_pg_reward_only,uniform,32,91059,True,0,0.6949733114040234,0.7120941021119654,0.8408190410096287,False,114,0.0
sampled_pg_reward_only,uniform,32,91060,True,0,0.7182836532909666,0.7461421213953741,0.8523305090879358,False,119,0.0
sampled_pg_reward_only,uniform,32,91061,True,0,0.7050950008087832,0.7271083813437683,0.845554517841065,False,115,0.0
sampled_pg_reward_only,uniform,32,91062,True,0,0.6965688975028463,0.7161943085194191,0.8406067038656299,False,115,0.0
sampled_pg_reward_only,uniform,32,91063,True,0,0.7398975113301045,0.7729662938324816,0.8645131566000587,False,104,0.0
sampled_pg_reward_only,uniform,32,91064,True,0,0.6980149239659251,0.7171379512853008,0.841783066161647,False,116,0.0
sampled_pg_reward_only,uniform,32,91065,True,0,0.6608939825489047,0.6530068478842642,0.8268022854107453,False,123,0.0
sampled_pg_reward_only,uniform,32,91066,True,0,0.6953443647243642,0.7083923887209953,0.8432135436221143,False,117,0.0
sampled_pg_reward_only,uniform,32,91067,True,0,0.714361938828998,0.7378889160269319,0.8516115586842289,False,112,0.0
sampled_pg_reward_only,uniform,32,91068,True,0,0.7290041576224133,0.7597616277778687,0.8579453920390272,False,111,0.0
sampled_pg_reward_only,uniform,32,91069,True,0,0.701652641851657,0.7225096811684983,0.8435945785494516,False,121,0.0
sampled_pg_reward_only,uniform,32,91070,True,0,0.726401130106558,0.7574253471449712,0.8563503111718113,False,115,0.0
sampled_pg_reward_only,uniform,32,91071,True,0,0.7318325379153088,0.7660515446002637,0.8580137905170817,False,115,0.0
sampled_pg_reward_only,uniform,32,91072,True,0,0.6779443051148161,0.6846082801788224,0.8326045044370857,False,122,0.0
sampled_pg_reward_only,uniform,32,91073,True,0,0.7239425340906982,0.7515653182619583,0.8562867860288367,False,113,0.0
sampled_pg_reward_only,uniform,32,91074,True,0,0.7129030090941554,0.7378983294292845,0.8500449290040694,False,109,0.0
sampled_pg_reward_only,uniform,32,91075,True,0,0.6933682512025212,0.707599308599091,0.8411302376437488,False,122,0.0
sampled_pg_reward_only,uniform,32,91076,True,0,0.6914071354147312,0.7065945918203893,0.838934794339358,False,121,0.0
sampled_pg_reward_only,uniform,32,91077,True,0,0.6935585444662211,0.7124146686826253,0.8388108765240795,False,116,0.0
sampled_pg_reward_only,uniform,32,91078,True,0,0.7390572368072766,0.7713496395835979,0.8644651436904397,False,109,0.0
sampled_pg_reward_only,uniform,32,91079,True,0,0.6971760192865522,0.7165905820562821,0.8410131772232416,False,124,0.0
sampled_pg_reward_only,uniform,32,91080,True,0,0.7125132279504289,0.7385875488527629,0.8494638903156969,False,118,0.0
sampled_pg_reward_only,uniform,32,91081,True,0,0.6987250339128539,0.7121973230557529,0.8454613072349265,False,113,0.0
sampled_pg_reward_only,uniform,32,91082,True,0,0.6453583279760604,0.6380573001613514,0.8120106462997577,False,133,0.0
sampled_pg_reward_only,uniform,32,91083,True,0,0.7140347004269765,0.7424134212353279,0.848865255940855,False,125,0.0
sampled_pg_reward_only,uniform,32,91084,True,0,0.6526951010163506,0.6452686342975688,0.8188810205026827,False,125,0.0
sampled_pg_reward_only,uniform,32,91085,True,0,0.7206563981852119,0.7469327906506549,0.8547114646801534,False,110,0.0
sampled_pg_reward_only,uniform,32,91086,True,0,0.6777843120972903,0.6895184173971936,0.8303236602578087,False,135,0.0
sampled_pg_reward_only,uniform,32,91087,True,0,0.7472520098540355,0.782717107941288,0.8680245786442549,False,108,0.0
sampled_pg_reward_only,uniform,32,91088,True,0,0.7055333328238198,0.7273143369006181,0.8462032921645937,False,113,0.0
sampled_pg_reward_only,uniform,32,91089,True,0,0.6893337885179676,0.7011244207938223,0.8391452114291503,False,121,0.0
sampled_pg_reward_only,uniform,32,91090,True,0,0.7089174292745479,0.7322874149530981,0.848140270507544,False,122,0.0
sampled_pg_reward_only,uniform,32,91091,True,0,0.6880480198908832,0.6989878774850463,0.838857724095058,False,114,0.0
sampled_pg_reward_only,uniform,32,91092,True,0,0.6823561187943198,0.6914774988288005,0.8353318273196261,False,128,0.0
sampled_pg_reward_only,uniform,32,91093,True,0,0.6803502602742504,0.6921368467839782,0.8320607940601548,False,128,0.0
sampled_pg_reward_only,uniform,32,91094,True,0,0.6646507355445949,0.6613161789965244,0.8270608235766332,False,121,0.0
sampled_pg_reward_only,uniform,32,91095,True,0,0.6800708290096419,0.6872652802611535,0.8340680265316611,False,124,0.0
sampled_pg_reward_only,uniform,32,91096,True,0,0.7292395581795329,0.7618623067266699,0.8573055357816818,False,116,0.0
sampled_pg_reward_only,uniform,32,91097,True,0,0.7072882497037216,0.7302076454612632,0.8463065180313616,False,117,0.0
sampled_pg_reward_only,uniform,32,91098,True,0,0.6823891673741908,0.6949010201449327,0.8333558087394507,False,124,0.0
sampled_pg_reward_only,uniform,32,91099,True,0,0.7125736318276734,0.7345694344161714,0.8514409047256237,False,112,0.0
sampled_pg_logbarrier_handoff,uniform,32,91000,True,0,0.6743351720622326,0.7019394833787802,0.8228986402127678,False,129,0.0
sampled_pg_logbarrier_handoff,uniform,32,91001,True,0,0.6639561676288253,0.6825262991336896,0.8194339485597579,False,151,0.0
sampled_pg_logbarrier_handoff,uniform,32,91002,True,0,0.685693891993753,0.7141799947828884,0.8311744657321719,False,136,0.0
sampled_pg_logbarrier_handoff,uniform,32,91003,True,0,0.6800795912065712,0.7069028951122499,0.8275420508140353,False,134,0.0
sampled_pg_logbarrier_handoff,uniform,32,91004,True,0,0.6595648457681277,0.676349709637356,0.8165453550684817,False,133,0.0
sampled_pg_logbarrier_handoff,uniform,32,91005,True,0,0.6841876855556075,0.7146831971154836,0.8291187333141458,False,136,0.0
sampled_pg_logbarrier_handoff,uniform,32,91006,True,0,0.666334416964612,0.6863160014294705,0.8204482515741619,False,131,0.0
sampled_pg_logbarrier_handoff,uniform,32,91007,True,0,0.6507058525238605,0.6669254754679598,0.8093274636687756,False,147,0.0
sampled_pg_logbarrier_handoff,uniform,32,91008,True,0,0.6667275226501912,0.6897658880971617,0.818918728311027,False,139,0.0
sampled_pg_logbarrier_handoff,uniform,32,91009,True,0,0.6346532796912471,0.637988500174121,0.8019842311745086,False,138,0.0
sampled_pg_logbarrier_handoff,uniform,32,91010,True,0,0.634640841105273,0.6329347170899817,0.8043387997911813,False,128,0.0
sampled_pg_logbarrier_handoff,uniform,32,91011,True,0,0.6698330896771487,0.6915423087571103,0.8227586271762847,False,125,0.0
sampled_pg_logbarrier_handoff,uniform,32,91012,True,0,0.6746764264409024,0.6995174630147096,0.8247265752409672,False,132,0.0
sampled_pg_logbarrier_handoff,uniform,32,91013,True,0,0.6673479496754327,0.688853835828847,0.8200354958942486,False,134,0.0
sampled_pg_logbarrier_handoff,uniform,32,91014,True,0,0.6635672136122467,0.6847451720508009,0.8174226120205791,False,140,0.0
sampled_pg_logbarrier_handoff,uniform,32,91015,True,0,0.6693542901867178,0.6890555582987704,0.8230281363015349,False,112,0.0
sampled_pg_logbarrier_handoff,uniform,32,91016,True,0,0.6530161569282396,0.670426817144929,0.8109220477151605,False,142,0.0
sampled_pg_logbarrier_handoff,uniform,32,91017,True,0,0.6901637237591872,0.7251272034492949,0.831380479362354,False,126,0.0
sampled_pg_logbarrier_handoff,uniform,32,91018,True,0,0.6941651659053625,0.7299409737357518,0.8336889008827393,False,121,0.0
sampled_pg_logbarrier_handoff,uniform,32,91019,True,0,0.6703396515753957,0.6937363121594216,0.8216886200318722,False,133,0.0
sampled_pg_logbarrier_handoff,uniform,32,91020,True,0,0.6582257470928286,0.6799276408778564,0.8130656618023654,False,143,0.0
sampled_pg_logbarrier_handoff,uniform,32,91021,True,0,0.6400838676376851,0.6480316753295253,0.8044248094692584,False,144,0.0
sampled_pg_logbarrier_handoff,uniform,32,91022,True,0,0.6740611297566252,0.6996777637363084,0.8237131113757165,False,121,0.0
sampled_pg_logbarrier_handoff,uniform,32,91023,True,0,0.6805832135719093,0.7063140514391097,0.8289038284877277,False,132,0.0
sampled_pg_logbarrier_handoff,uniform,32,91024,True,0,0.6765659691457415,0.7057852646931283,0.8234547726516254,False,133,0.0
sampled_pg_logbarrier_handoff,uniform,32,91025,True,0,0.6926968793978744,0.7238035287035467,0.8351155868274779,False,128,0.0
sampled_pg_logbarrier_handoff,uniform,32,91026,True,0,0.6866457405783604,0.7193444266536396,0.8293413056744912,False,128,0.0
sampled_pg_logbarrier_handoff,uniform,32,91027,True,0,0.6641381994445623,0.6813604445965872,0.8204447886039364,False,127,0.0
sampled_pg_logbarrier_handoff,uniform,32,91028,True,0,0.6583605415299596,0.6769173034994054,0.8143683694461255,False,137,0.0
sampled_pg_logbarrier_handoff,uniform,32,91029,True,0,0.7031160476923697,0.7394886967329317,0.8400860756767323,False,118,0.0
sampled_pg_logbarrier_handoff,uniform,32,91030,True,0,0.6797495661213684,0.7058120597091615,0.8279175539639938,False,137,0.0
sampled_pg_logbarrier_handoff,uniform,32,91031,True,0,0.679759346681032,0.7042216311254829,0.8290927443152506,False,120,0.0
sampled_pg_logbarrier_handoff,uniform,32,91032,True,0,0.6912763235173576,0.7249100920417623,0.8324624428001876,False,123,0.0
sampled_pg_logbarrier_handoff,uniform,32,91033,True,0,0.6548170156579503,0.6713102608173432,0.8126797486317192,False,139,0.0
sampled_pg_logbarrier_handoff,uniform,32,91034,True,0,0.6572739135914476,0.6761961363364912,0.8134865479145645,False,145,0.0
sampled_pg_logbarrier_handoff,uniform,32,91035,True,0,0.6238816010497512,0.6189163539850716,0.7958815853501263,False,153,0.0
sampled_pg_logbarrier_handoff,uniform,32,91036,True,0,0.6547833850430903,0.6702737022721134,0.813415466993328,False,140,0.0
sampled_pg_logbarrier_handoff,uniform,32,91037,True,0,0.6829675006371849,0.7112411414571913,0.8293910645939702,False,128,0.0
sampled_pg_logbarrier_handoff,uniform,32,91038,True,0,0.6579323809031965,0.6770447727266845,0.8140095330530004,False,146,0.0
sampled_pg_logbarrier_handoff,uniform,32,91039,True,0,0.6612869719130624,0.6773239421761724,0.8184969168273358,False,131,0.0
sampled_pg_logbarrier_handoff,uniform,32,91040,True,0,0.6210547551143291,0.6172571331499965,0.7921803567217192,False,136,0.0
sampled_pg_logbarrier_handoff,uniform,32,91041,True,0,0.6927830750046046,0.7279556460708925,0.8324639695960078,False,134,0.0
sampled_pg_logbarrier_handoff,uniform,32,91042,True,0,0.677059600825873,0.7000847167554579,0.827765805540203,False,126,0.0
sampled_pg_logbarrier_handoff,uniform,32,91043,True,0,0.6963158083512149,0.7324386046634056,0.8348306769969491,False,124,0.0
sampled_pg_logbarrier_handoff,uniform,32,91044,True,0,0.667573799780622,0.6881638044661076,0.8208989310085288,False,124,0.0
sampled_pg_logbarrier_handoff,uniform,32,91045,True,0,0.6854150793565914,0.7173924315648743,0.8290869393070665,False,127,0.0
sampled_pg_logbarrier_handoff,uniform,32,91046,True,0,0.637748680285506,0.6365648148462151,0.8072604473741719,False,119,0.0
sampled_pg_logbarrier_handoff,uniform,32,91047,True,0,0.6904007916161647,0.7251858385317796,0.8313083566540123,False,137,0.0
sampled_pg_logbarrier_handoff,uniform,32,91048,True,0,0.6463529882886087,0.6606716600636453,0.8059924444962693,False,140,0.0
sampled_pg_logbarrier_handoff,uniform,32,91049,True,0,0.693850971735996,0.7295199794470676,0.8334685897337728,False,126,0.0
sampled_pg_logbarrier_handoff,uniform,32,91050,True,0,0.670277961054907,0.6899886995816051,0.8239317156745444,False,120,0.0
sampled_pg_logbarrier_handoff,uniform,32,91051,True,0,0.6910299529696996,0.7219776821222027,0.8334618569342468,False,114,0.0
sampled_pg_logbarrier_handoff,uniform,32,91052,True,0,0.6601555992245209,0.6800293234321155,0.8154987272157586,False,135,0.0
sampled_pg_logbarrier_handoff,uniform,32,91053,True,0,0.6549404914491163,0.6699046099562509,0.8133817877353917,False,142,0.0
sampled_pg_logbarrier_handoff,uniform,32,91054,True,0,0.6592770964518628,0.6741414582018557,0.8172586239166041,False,137,0.0
sampled_pg_logbarrier_handoff,uniform,32,91055,True,0,0.6588090626909602,0.6763289191609492,0.8156959503180892,False,135,0.0
sampled_pg_logbarrier_handoff,uniform,32,91056,True,0,0.6447418638809548,0.6604454162271459,0.8043654391865457,False,140,0.0
sampled_pg_logbarrier_handoff,uniform,32,91057,True,0,0.6610479255602356,0.6813042515311502,0.8156573198210242,False,134,0.0
sampled_pg_logbarrier_handoff,uniform,32,91058,True,0,0.6599190518783504,0.6783832884067436,0.8160159402107902,False,140,0.0
sampled_pg_logbarrier_handoff,uniform,32,91059,True,0,0.6602890352180686,0.6782953812725958,0.8167030150866954,False,129,0.0
sampled_pg_logbarrier_handoff,uniform,32,91060,True,0,0.6733354237389824,0.6989169683420635,0.8234033046475338,False,133,0.0
sampled_pg_logbarrier_handoff,uniform,32,91061,True,0,0.6673789585490028,0.690858559641597,0.8192217457232789,False,132,0.0
sampled_pg_logbarrier_handoff,uniform,32,91062,True,0,0.6578113536893615,0.6791731474454826,0.8126622287336245,False,131,0.0
sampled_pg_logbarrier_handoff,uniform,32,91063,True,0,0.6832748598520828,0.7113333414264459,0.8296067431994296,False,120,0.0
sampled_pg_logbarrier_handoff,uniform,32,91064,True,0,0.6636864494719085,0.6850552080562754,0.8173573290989828,False,136,0.0
sampled_pg_logbarrier_handoff,uniform,32,91065,True,0,0.6371850911044349,0.6374866860886305,0.806112980120025,False,139,0.0
sampled_pg_logbarrier_handoff,uniform,32,91066,True,0,0.6500012812546717,0.6610615445403585,0.8113320025258002,False,133,0.0
sampled_pg_logbarrier_handoff,uniform,32,91067,True,0,0.6760347368692973,0.7020341689321677,0.8247532960445401,False,129,0.0
sampled_pg_logbarrier_handoff,uniform,32,91068,True,0,0.6763094653118993,0.7042799204383748,0.8238334120079975,False,130,0.0
sampled_pg_logbarrier_handoff,uniform,32,91069,True,0,0.6702305421764609,0.6963219049964361,0.820086669544358,False,138,0.0
sampled_pg_logbarrier_handoff,uniform,32,91070,True,0,0.6831468081066844,0.7145738656616131,0.8278783707672288,False,132,0.0
sampled_pg_logbarrier_handoff,uniform,32,91071,True,0,0.6781567076004192,0.7081565167529791,0.8242712878857712,False,127,0.0
sampled_pg_logbarrier_handoff,uniform,32,91072,True,0,0.653526931053155,0.6687814390188302,0.8119858786277113,False,136,0.0
sampled_pg_logbarrier_handoff,uniform,32,91073,True,0,0.669638974097402,0.6913443464145663,0.8221231391446367,False,127,0.0
sampled_pg_logbarrier_handoff,uniform,32,91074,True,0,0.6712612113667218,0.697118344544692,0.821523016962498,False,127,0.0
sampled_pg_logbarrier_handoff,uniform,32,91075,True,0,0.6641222254229032,0.6841132568396324,0.8185451882246413,False,140,0.0
sampled_pg_logbarrier_handoff,uniform,32,91076,True,0,0.6609498890310488,0.6788165470200145,0.8172369162748441,False,137,0.0
sampled_pg_logbarrier_handoff,uniform,32,91077,True,0,0.6618393280771688,0.6835587143082482,0.8159157905304251,False,137,0.0
sampled_pg_logbarrier_handoff,uniform,32,91078,True,0,0.694710176347117,0.7254756839952334,0.8370744443589384,False,122,0.0
sampled_pg_logbarrier_handoff,uniform,32,91079,True,0,0.6639624282496275,0.686481712052106,0.8171914673443824,False,142,0.0
sampled_pg_logbarrier_handoff,uniform,32,91080,True,0,0.6740084178054658,0.7004408683482722,0.8238502946991156,False,129,0.0
sampled_pg_logbarrier_handoff,uniform,32,91081,True,0,0.6592601660157973,0.6729473585236084,0.8178194438614765,False,132,0.0
sampled_pg_logbarrier_handoff,uniform,32,91082,True,0,0.6488284066913648,0.668903848518518,0.8051611467955088,False,151,0.0
sampled_pg_logbarrier_handoff,uniform,32,91083,True,0,0.6686420621736591,0.6938413306588551,0.8197543607392237,False,138,0.0
sampled_pg_logbarrier_handoff,uniform,32,91084,True,0,0.6321000607930007,0.6338812680065413,0.8002470355399499,False,148,0.0
sampled_pg_logbarrier_handoff,uniform,32,91085,True,0,0.6707421700547596,0.6923156431413345,0.8230578925693819,False,121,0.0
sampled_pg_logbarrier_handoff,uniform,32,91086,True,0,0.6610583430608239,0.6847105799548122,0.8145062133416021,False,150,0.0
sampled_pg_logbarrier_handoff,uniform,32,91087,True,0,0.6935833766290846,0.7263885890207558,0.8350727481693188,False,124,0.0
sampled_pg_logbarrier_handoff,uniform,32,91088,True,0,0.6628357844656224,0.681952314789256,0.8181122348674813,False,132,0.0
sampled_pg_logbarrier_handoff,uniform,32,91089,True,0,0.6502002724550089,0.6613665393806235,0.8112682330473465,False,141,0.0
sampled_pg_logbarrier_handoff,uniform,32,91090,True,0,0.6629885148819138,0.6834179358199123,0.8177344739518316,False,133,0.0
sampled_pg_logbarrier_handoff,uniform,32,91091,True,0,0.6330379938974449,0.6341870481682171,0.8013683452186273,False,131,0.0
sampled_pg_logbarrier_handoff,uniform,32,91092,True,0,0.6541158730328386,0.6689035666863385,0.8130825941336571,False,140,0.0
sampled_pg_logbarrier_handoff,uniform,32,91093,True,0,0.6816100752612481,0.7139040920004975,0.8261649002504164,False,145,0.0
sampled_pg_logbarrier_handoff,uniform,32,91094,True,0,0.6382051820059071,0.6415986395764721,0.8047476257788284,False,133,0.0
sampled_pg_logbarrier_handoff,uniform,32,91095,True,0,0.6312916803296846,0.6310480005091322,0.8000928009337045,False,137,0.0
sampled_pg_logbarrier_handoff,uniform,32,91096,True,0,0.6933259562348756,0.7298712563911752,0.8326511541810205,False,131,0.0
sampled_pg_logbarrier_handoff,uniform,32,91097,True,0,0.6756918493109071,0.704770686597088,0.8225686473519417,False,136,0.0
sampled_pg_logbarrier_handoff,uniform,32,91098,True,0,0.6597716758842758,0.6803230298803028,0.8148497978943042,False,135,0.0
sampled_pg_logbarrier_handoff,uniform,32,91099,True,0,0.6684883659276271,0.6876507436847443,0.8228219521916024,False,130,0.0
sampled_npg_reward_only,uniform,32,91000,False,1,0.9899836903692593,0.9858663172197036,0.9980374704135201,True,4,0.0
sampled_npg_reward_only,uniform,32,91001,False,1,0.9802527455285728,0.9662862966848156,0.9981149473240739,True,4,0.0
sampled_npg_reward_only,uniform,32,91002,False,1,0.9813070763142618,0.9704998727404369,0.9974266874461312,True,3,0.0
sampled_npg_reward_only,uniform,32,91003,False,1,0.9999999999999998,1.0,0.9999999999999998,True,4,0.0
sampled_npg_reward_only,uniform,32,91004,False,1,0.9822590027740656,0.9663622708424413,0.9993840446798,True,4,0.0
sampled_npg_reward_only,uniform,32,91005,False,1,0.9589285184188574,0.9254703878937753,0.9976428417363945,True,4,0.0
sampled_npg_reward_only,uniform,32,91006,False,1,0.9985599989187357,0.9998218207543694,0.9986751836749581,True,4,0.0
sampled_npg_reward_only,uniform,32,91007,False,1,0.9931669915243441,0.9897170430703326,0.9985736222546784,True,4,0.0
sampled_npg_reward_only,uniform,32,91008,False,1,0.9726446004119413,0.9535742943077383,0.9973389482442658,True,4,0.0
sampled_npg_reward_only,uniform,32,91009,False,1,0.9664072468767895,0.94209693035803,0.996769090993733,True,4,0.0
sampled_npg_reward_only,uniform,32,91010,False,1,0.997846141521125,0.9983824799604379,0.998688420854418,True,4,0.0
sampled_npg_reward_only,uniform,32,91011,False,1,0.9999999999872974,0.9999999999871327,1.0,True,4,0.0
sampled_npg_reward_only,uniform,32,91012,False,1,0.9779797688031975,0.9619772277203725,0.9980212739699028,True,4,0.0
sampled_npg_reward_only,uniform,32,91013,False,1,0.981965111601189,0.9668110904049861,0.9990414634957312,True,5,0.0
sampled_npg_reward_only,uniform,32,91014,False,1,0.9030297531690394,0.8388783033369707,0.9891084074059618,False,4,0.0
sampled_npg_reward_only,uniform,32,91015,False,1,0.9845972596598158,0.972550917675955,0.9990286313130705,True,4,0.0
sampled_npg_reward_only,uniform,32,91016,False,1,0.977402896353669,0.9557438066591213,0.9997640530920463,True,4,0.0
sampled_npg_reward_only,uniform,32,91017,False,1,0.9892184579591596,0.9787451995799344,0.9999821510906873,True,4,0.0
sampled_npg_reward_only,uniform,32,91018,False,1,0.9853314292990868,0.9766328990240205,0.9980368795506322,True,4,0.0
sampled_npg_reward_only,uniform,32,91019,False,1,1.0,1.0,1.0,True,3,0.0
sampled_npg_reward_only,uniform,32,91020,False,1,0.9700604278409265,0.9476506394484602,0.9974886881918584,True,5,0.0
sampled_npg_reward_only,uniform,32,91021,False,1,0.9811890575360644,0.9698414837585634,0.9972096249151101,True,4,0.0
sampled_npg_reward_only,uniform,32,91022,False,1,0.9815898325920435,0.963180905473248,0.9999999337008867,True,4,0.0
sampled_npg_reward_only,uniform,32,91023,False,1,0.985031155583148,0.9785501067284573,0.9970426709959911,True,4,0.0
sampled_npg_reward_only,uniform,32,91024,False,1,1.0,1.0,1.0,True,4,0.0
sampled_npg_reward_only,uniform,32,91025,False,1,0.9741324899139635,0.9483961061419783,0.9999840253398375,True,4,0.0
sampled_npg_reward_only,uniform,32,91026,False,1,0.9983192985494443,0.9996306648148522,0.9985240207009665,True,5,0.0
sampled_npg_reward_only,uniform,32,91027,False,1,0.976396634146018,0.9595183258421316,0.9980650557682503,True,4,0.0
sampled_npg_reward_only,uniform,32,91028,False,1,0.986456327183116,0.982699129631566,0.9969081190815442,True,4,0.0
sampled_npg_reward_only,uniform,32,91029,False,1,0.9888947981846504,0.9796991784129356,0.9993509864390383,True,4,0.0
sampled_npg_reward_only,uniform,32,91030,False,1,0.9917570467764143,0.9855918489615443,0.9994753342451094,True,4,0.0
sampled_npg_reward_only,uniform,32,91031,False,1,0.986982790037443,0.9788780027143706,0.9984083319992679,True,5,0.0
sampled_npg_reward_only,uniform,32,91032,False,1,0.9914571075128811,0.9866318916345131,0.9988213781666414,True,4,0.0
sampled_npg_reward_only,uniform,32,91033,False,1,0.9632992714034843,0.9292534033353652,0.9991921005389176,True,4,0.0
sampled_npg_reward_only,uniform,32,91034,False,1,0.9944691196512941,0.9890388841657198,0.9999990697498716,True,4,0.0
sampled_npg_reward_only,uniform,32,91035,False,1,0.9848131687128653,0.9728676767373624,0.9991130515302042,True,4,0.0
sampled_npg_reward_only,uniform,32,91036,False,1,0.9783125029075459,0.956693742086845,0.9999765645293371,True,6,0.0
sampled_npg_reward_only,uniform,32,91037,False,1,0.9999996252322406,0.9999996027412331,1.0,True,4,0.0
sampled_npg_reward_only,uniform,32,91038,False,1,1.0,1.0,1.0,True,4,0.0
sampled_npg_reward_only,uniform,32,91039,False,1,0.9999848890219507,0.999999963242405,0.9999846303270764,True,4,0.0
sampled_npg_reward_only,uniform,32,91040,False,1,1.0,1.0,1.0,True,4,0.0
sampled_npg_reward_only,uniform,32,91041,False,1,0.999652410082244,0.9999957947652001,0.9996427630895526,True,4,0.0
sampled_npg_reward_only,uniform,32,91042,False,1,0.9838551056230413,0.9695114858760266,0.9995564622593637,True,4,0.0
sampled_npg_reward_only,uniform,32,91043,False,1,1.0,1.0,1.0,True,4,0.0
sampled_npg_reward_only,uniform,32,91044,False,1,0.9876762511932146,0.9830793135275631,0.9971370670285173,True,5,0.0
sampled_npg_reward_only,uniform,32,91045,False,1,0.9920098076127396,0.9888170218324877,0.9982690289918427,True,4,0.0
sampled_npg_reward_only,uniform,32,91046,False,1,0.9825574872179568,0.9695238709672493,0.998644189167702,True,4,0.0
sampled_npg_reward_only,uniform,32,91047,False,1,0.9766565424583721,0.9536145924339671,0.999937863423156,True,4,0.0
sampled_npg_reward_only,uniform,32,91048,False,1,0.9771053371241248,0.9626419574532672,0.9975048211796078,True,4,0.0
sampled_npg_reward_only,uniform,32,91049,False,1,0.9725403913245921,0.9561473319393541,0.9959347880253689,True,5,0.0
sampled_npg_reward_only,uniform,32,91050,False,1,0.9999999972000164,0.9999999971843425,1.0,True,4,0.0
sampled_npg_reward_only,uniform,32,91051,False,1,0.9972521178141143,0.9983864283666593,0.998222140034608,True,4,0.0
sampled_npg_reward_only,uniform,32,91052,False,1,0.9659033583062037,0.9404251530904307,0.9976345482611324,True,4,0.0
sampled_npg_reward_only,uniform,32,91053,False,1,0.9899068098558851,0.9807386735561346,0.9997444348474255,True,4,0.0
sampled_npg_reward_only,uniform,32,91054,False,1,1.0,1.0,1.0,True,5,0.0
sampled_npg_reward_only,uniform,32,91055,False,1,0.9999999999996455,0.99999999999979,0.9999999999998554,True,4,0.0
sampled_npg_reward_only,uniform,32,91056,False,1,0.9721714023596912,0.95362566403055,0.9968582439867366,True,4,0.0
sampled_npg_reward_only,uniform,32,91057,False,1,0.9962732428911976,0.9954782414101507,0.9987179315447001,True,5,0.0
sampled_npg_reward_only,uniform,32,91058,False,1,0.9853101885629643,0.971342162997529,0.9997966795457495,True,4,0.0
sampled_npg_reward_only,uniform,32,91059,False,1,0.999999999806775,0.9999999998080462,0.9999999999987099,True,4,0.0
sampled_npg_reward_only,uniform,32,91060,False,1,0.999999999798553,0.9999999997985503,1.0,True,4,0.0
sampled_npg_reward_only,uniform,32,91061,False,1,0.9737351172970925,0.9518903071500167,0.9988043161358527,True,4,0.0
sampled_npg_reward_only,uniform,32,91062,False,1,0.999179149613912,0.9998447764518551,0.9992745158766491,True,4,0.0
sampled_npg_reward_only,uniform,32,91063,False,1,0.9687379994738419,0.9429675359616899,0.9985532608729333,True,4,0.0
sampled_npg_reward_only,uniform,32,91064,False,1,0.9079777575485372,0.8459667922767076,0.9916568814464666,False,4,0.0
sampled_npg_reward_only,uniform,32,91065,False,1,0.969904969485717,0.9499858875048279,0.9962798976828156,True,4,0.0
sampled_npg_reward_only,uniform,32,91066,False,1,0.9999999999953676,0.9999999999953675,1.0,True,4,0.0
sampled_npg_reward_only,uniform,32,91067,False,1,0.9880695316545814,0.9812450464706417,0.998140713940133,True,4,0.0
sampled_npg_reward_only,uniform,32,91068,False,1,0.9926153213373426,0.9901171991209007,0.9981863229086537,True,4,0.0
sampled_npg_reward_only,uniform,32,91069,False,1,0.976694426888539,0.9579181870998842,0.9985787523024368,True,4,0.0
sampled_npg_reward_only,uniform,32,91070,False,1,0.9957889239339801,0.9993382184782045,0.9959718973408583,True,4,0.0
sampled_npg_reward_only,uniform,32,91071,False,1,0.9999996081593387,0.9999995883972779,1.0,True,4,0.0
sampled_npg_reward_only,uniform,32,91072,False,1,0.9999999576696202,0.9999999575519738,0.9999999999976061,True,4,0.0
sampled_npg_reward_only,uniform,32,91073,False,1,0.9947911218571172,0.9951546766922044,0.9976816615761981,True,4,0.0
sampled_npg_reward_only,uniform,32,91074,False,1,0.9694171173405921,0.9429604000448795,0.9988239646833907,True,4,0.0
sampled_npg_reward_only,uniform,32,91075,False,1,0.9953213347826441,0.9978029156755168,0.9967382770900528,True,4,0.0
sampled_npg_reward_only,uniform,32,91076,False,1,0.9916211406058921,0.9833652080070824,0.9999558364297982,True,4,0.0
sampled_npg_reward_only,uniform,32,91077,False,1,0.9998037287348501,0.9999958376735407,0.9998010591415449,True,4,0.0
sampled_npg_reward_only,uniform,32,91078,False,1,0.9703695691605981,0.9430155403473214,0.9993533195320864,True,4,0.0
sampled_npg_reward_only,uniform,32,91079,False,1,0.9965087651700126,0.994109222316394,0.9996816703735952,True,4,0.0
sampled_npg_reward_only,uniform,32,91080,False,1,0.9999999999983495,0.9999999999983495,1.0,True,4,0.0
sampled_npg_reward_only,uniform,32,91081,False,1,0.9677449893458188,0.9430975937924799,0.9978867960676476,True,4,0.0
sampled_npg_reward_only,uniform,32,91082,False,1,0.9604320392104316,0.9285175964695535,0.9981823708274004,True,5,0.0
sampled_npg_reward_only,uniform,32,91083,False,1,0.9543570497028553,0.9144401090275008,0.9979643010781052,True,4,0.0
sampled_npg_reward_only,uniform,32,91084,False,1,0.9997904665735293,0.9999799166154835,0.9998036398276627,True,4,0.0
sampled_npg_reward_only,uniform,32,91085,False,1,0.999960075338578,0.9999997106143106,0.999959394289382,True,4,0.0
sampled_npg_reward_only,uniform,32,91086,False,1,1.0,1.0,1.0,True,4,0.0
sampled_npg_reward_only,uniform,32,91087,False,1,1.0,1.0,1.0,True,4,0.0
sampled_npg_reward_only,uniform,32,91088,False,1,0.915516579052609,0.8602716983869395,0.9917398176184009,False,4,0.0
sampled_npg_reward_only,uniform,32,91089,False,1,0.9946413147464357,0.9932816282110671,0.9983383779423486,True,5,0.0
sampled_npg_reward_only,uniform,32,91090,False,1,0.9970994225064874,0.9985424158303519,0.9981091275900246,True,5,0.0
sampled_npg_reward_only,uniform,32,91091,False,1,0.9844093058179584,0.9707383056083587,0.9993377762027138,True,4,0.0
sampled_npg_reward_only,uniform,32,91092,False,1,0.9607624420792784,0.9267858138207762,0.9984479441144395,True,4,0.0
sampled_npg_reward_only,uniform,32,91093,False,1,0.9873752668246667,0.9749408973851543,0.9999683486778834,True,5,0.0
sampled_npg_reward_only,uniform,32,91094,False,1,0.9798131429024696,0.9639685220786821,0.9986757826345113,True,4,0.0
sampled_npg_reward_only,uniform,32,91095,False,1,0.9755760313025169,0.9576717697109622,0.9979516959456307,True,4,0.0
sampled_npg_reward_only,uniform,32,91096,False,1,0.9685752522869444,0.9406252554102243,0.9988904909199162,True,4,0.0
sampled_npg_reward_only,uniform,32,91097,False,1,0.9789027024062978,0.9622422358879996,0.9985912293454575,True,4,0.0
sampled_npg_reward_only,uniform,32,91098,False,1,0.9999999999292367,0.9999999999377838,0.999999999991446,True,4,0.0
sampled_npg_reward_only,uniform,32,91099,False,1,0.9999999146859637,0.9999999981344987,0.9999999159639474,True,5,0.0
sampled_npg_logbarrier_handoff,uniform,32,91000,False,1,0.9997825508557898,0.9999997429571003,0.9997767067556302,True,4,0.0
sampled_npg_logbarrier_handoff,uniform,32,91001,False,1,0.9873097377023909,0.9815977348638943,0.9976566682762305,True,4,0.0
sampled_npg_logbarrier_handoff,uniform,32,91002,False,1,0.999842610142138,0.9999967302977941,0.9998416085017676,True,4,0.0
sampled_npg_logbarrier_handoff,uniform,32,91003,False,1,0.9379215738462756,0.9291554063875564,0.9832896395275404,True,4,0.0
sampled_npg_logbarrier_handoff,uniform,32,91004,False,1,0.9655112470657977,0.9353940562683938,0.9989613276333765,True,4,0.0
sampled_npg_logbarrier_handoff,uniform,32,91005,False,1,0.9043705273392444,0.885173974207648,0.9694590659871466,False,4,0.0
sampled_npg_logbarrier_handoff,uniform,32,91006,False,1,0.9928273070098168,0.9905728200781179,0.9984910020475519,True,4,0.0
sampled_npg_logbarrier_handoff,uniform,32,91007,False,1,0.884729222719224,0.8695271072786681,0.967170370372434,False,5,0.0
sampled_npg_logbarrier_handoff,uniform,32,91008,False,1,0.9938328059573648,0.9926108381148436,0.9982368397546174,True,4,0.0
sampled_npg_logbarrier_handoff,uniform,32,91009,False,1,0.9730501640344777,0.9595222268371816,0.9952607953146445,True,4,0.0
sampled_npg_logbarrier_handoff,uniform,32,91010,False,1,0.9943037762806369,0.9965638096950733,0.9965636447876037,True,5,0.0
sampled_npg_logbarrier_handoff,uniform,32,91011,False,1,0.9999999999975387,0.9999999999975386,1.0,True,4,0.0
sampled_npg_logbarrier_handoff,uniform,32,91012,False,1,0.8917811378279673,0.8773045584737054,0.961884226513215,False,4,0.0
sampled_npg_logbarrier_handoff,uniform,32,91013,False,1,0.9280290005136416,0.9434432726025019,0.9603697453813875,True,6,0.0
sampled_npg_logbarrier_handoff,uniform,32,91014,False,1,0.985316905397905,0.976506836934064,0.9980648624828532,True,4,0.0
sampled_npg_logbarrier_handoff,uniform,32,91015,False,1,0.9975008118635871,0.9994669976230812,0.997690068785891,True,4,0.0
sampled_npg_logbarrier_handoff,uniform,32,91016,False,1,1.0,1.0,1.0,True,4,0.0
sampled_npg_logbarrier_handoff,uniform,32,91017,False,1,0.999999999630937,0.9999999998779465,0.9999999997526343,True,4,0.0
sampled_npg_logbarrier_handoff,uniform,32,91018,False,1,0.9999999999999996,1.0,0.9999999999999996,True,4,0.0
sampled_npg_logbarrier_handoff,uniform,32,91019,False,1,0.9662138309203656,0.9447627257071614,0.9973009088541674,True,3,0.0
sampled_npg_logbarrier_handoff,uniform,32,91020,False,1,0.9792155447232443,0.962242159966934,0.9990711518742071,True,5,0.0
sampled_npg_logbarrier_handoff,uniform,32,91021,False,1,0.9783811326976557,0.965845930803889,0.9971764933820738,True,5,0.0
sampled_npg_logbarrier_handoff,uniform,32,91022,False,1,1.0,1.0,1.0,True,4,0.0
sampled_npg_logbarrier_handoff,uniform,32,91023,False,1,0.9833226123949326,0.9667704420762603,0.9999784370333699,True,4,0.0
sampled_npg_logbarrier_handoff,uniform,32,91024,False,1,0.9999274588493501,0.999999981156204,0.9999252860096997,True,4,0.0
sampled_npg_logbarrier_handoff,uniform,32,91025,False,1,0.9601379529647779,0.9357471167876371,0.9954969216639429,True,4,0.0
sampled_npg_logbarrier_handoff,uniform,32,91026,False,1,0.9999999763866174,0.9999999999883125,0.9999999762465798,True,4,0.0
sampled_npg_logbarrier_handoff,uniform,32,91027,False,1,1.0,1.0,1.0,True,4,0.0
sampled_npg_logbarrier_handoff,uniform,32,91028,False,1,0.9725360977214306,0.9584682235007189,0.9967138069201887,True,4,0.0
sampled_npg_logbarrier_handoff,uniform,32,91029,False,1,0.980613861816246,0.9627187836442832,0.9997402585827377,True,4,0.0
sampled_npg_logbarrier_handoff,uniform,32,91030,False,1,0.9699398353475155,0.9496768225619806,0.9975804818308245,True,5,0.0
sampled_npg_logbarrier_handoff,uniform,32,91031,False,1,0.8995273584405363,0.8557727378754478,0.982431458230008,False,5,0.0
sampled_npg_logbarrier_handoff,uniform,32,91032,False,1,0.9894925244669314,0.9850438157190368,0.997840318059776,True,4,0.0
sampled_npg_logbarrier_handoff,uniform,32,91033,False,1,0.9857602417251353,0.9777374038611399,0.997977864222892,True,4,0.0
sampled_npg_logbarrier_handoff,uniform,32,91034,False,1,0.9883941467189732,0.986600827218238,0.9964590130399973,True,4,0.0
sampled_npg_logbarrier_handoff,uniform,32,91035,False,1,0.9880767104476192,0.982378252530789,0.9979369385222434,True,5,0.0
sampled_npg_logbarrier_handoff,uniform,32,91036,False,1,0.9913451820927393,0.9903443502502813,0.9979012596432636,True,6,0.0
sampled_npg_logbarrier_handoff,uniform,32,91037,False,1,0.8816112813127756,0.8716522893046396,0.948161146890191,False,4,0.0
sampled_npg_logbarrier_handoff,uniform,32,91038,False,1,1.0,1.0,1.0,True,4,0.0
sampled_npg_logbarrier_handoff,uniform,32,91039,False,1,0.9999999996108769,0.9999999996071154,1.0,True,4,0.0
sampled_npg_logbarrier_handoff,uniform,32,91040,False,1,0.984525670635485,0.986960710089252,0.9921610357649991,True,4,0.0
sampled_npg_logbarrier_handoff,uniform,32,91041,False,1,0.9901433331331603,0.9830831041189417,0.998995292832095,True,4,0.0
sampled_npg_logbarrier_handoff,uniform,32,91042,False,1,0.9999999999999971,0.9999999999999971,1.0,True,4,0.0
sampled_npg_logbarrier_handoff,uniform,32,91043,False,1,0.9864730623004643,0.9782480276283153,0.9983119990049546,True,4,0.0
sampled_npg_logbarrier_handoff,uniform,32,91044,False,1,0.9808848712796671,0.9732728239518763,0.9969208265128632,True,5,0.0
sampled_npg_logbarrier_handoff,uniform,32,91045,False,1,0.8985914837428577,0.8924238543185858,0.9623075019929936,False,4,0.0
sampled_npg_logbarrier_handoff,uniform,32,91046,False,1,0.9790497758903338,0.9718890502239815,0.9954881047001206,True,4,0.0
sampled_npg_logbarrier_handoff,uniform,32,91047,False,1,1.0,1.0,1.0,True,4,0.0
sampled_npg_logbarrier_handoff,uniform,32,91048,False,1,0.9973365752075735,0.9993832833418337,0.9977213604210282,True,4,0.0
sampled_npg_logbarrier_handoff,uniform,32,91049,False,1,1.0,1.0,1.0,True,5,0.0
sampled_npg_logbarrier_handoff,uniform,32,91050,False,1,0.912439631637823,0.8617254278115404,0.9904833960607863,False,4,0.0
sampled_npg_logbarrier_handoff,uniform,32,91051,False,1,1.0,1.0,1.0,True,4,0.0
sampled_npg_logbarrier_handoff,uniform,32,91052,False,1,0.8842519919812561,0.8670300822261562,0.9555062788731974,False,4,0.0
sampled_npg_logbarrier_handoff,uniform,32,91053,False,1,0.9604112959131351,0.934533795983034,0.995079722002076,True,4,0.0
sampled_npg_logbarrier_handoff,uniform,32,91054,False,1,0.9994032828995982,0.9996482589364359,0.9996146590590912,True,6,0.0
sampled_npg_logbarrier_handoff,uniform,32,91055,False,1,0.9776513980082973,0.9631120834337181,0.9982577676239973,True,4,0.0
sampled_npg_logbarrier_handoff,uniform,32,91056,False,1,0.8704255401571496,0.9064224636714502,0.9187284419878394,True,5,0.0
sampled_npg_logbarrier_handoff,uniform,32,91057,False,1,0.970419164889041,0.958681728180388,0.9945720456148177,True,5,0.0
sampled_npg_logbarrier_handoff,uniform,32,91058,False,1,0.9746719529782485,0.9625328727365033,0.9950703465702968,True,4,0.0
sampled_npg_logbarrier_handoff,uniform,32,91059,False,1,0.8951088152519667,0.8660849744528794,0.9703631787339381,False,4,0.0
sampled_npg_logbarrier_handoff,uniform,32,91060,False,1,0.9999999999753328,1.0,0.9999999999752762,True,4,0.0
sampled_npg_logbarrier_handoff,uniform,32,91061,False,1,0.9072243546452227,0.9064326320625083,0.961894011880331,True,4,0.0
sampled_npg_logbarrier_handoff,uniform,32,91062,False,1,0.9939947038902399,0.9961540464889116,0.9963774165894539,True,4,0.0
sampled_npg_logbarrier_handoff,uniform,32,91063,False,1,1.0,1.0,1.0,True,4,0.0
sampled_npg_logbarrier_handoff,uniform,32,91064,False,1,1.0,1.0,1.0,True,4,0.0
sampled_npg_logbarrier_handoff,uniform,32,91065,False,1,0.9944071168100268,0.9945101048039383,0.9978624642885974,True,4,0.0
sampled_npg_logbarrier_handoff,uniform,32,91066,False,1,1.0,1.0,1.0,True,4,0.0
sampled_npg_logbarrier_handoff,uniform,32,91067,False,1,0.9852307325882591,0.9774257201522578,0.9971000636581439,True,4,0.0
sampled_npg_logbarrier_handoff,uniform,32,91068,False,1,0.9931977413168779,0.9933173809065211,0.9971632811131288,True,4,0.0
sampled_npg_logbarrier_handoff,uniform,32,91069,False,1,0.9999970109537754,0.9999969402468312,0.9999999903207489,True,4,0.0
sampled_npg_logbarrier_handoff,uniform,32,91070,False,1,0.9991030704179511,0.999868189524593,0.9991926720555037,True,4,0.0
sampled_npg_logbarrier_handoff,uniform,32,91071,False,1,0.9843540324550967,0.9756172627751307,0.9979381727397162,True,4,0.0
sampled_npg_logbarrier_handoff,uniform,32,91072,False,1,0.9984200449236866,0.9990754063323005,0.9990018777168322,True,4,0.0
sampled_npg_logbarrier_handoff,uniform,32,91073,False,1,0.9957817165730654,0.995176234268646,0.9984629630021973,True,4,0.0
sampled_npg_logbarrier_handoff,uniform,32,91074,False,1,0.9999999999999971,0.9999999999999971,1.0,True,4,0.0
sampled_npg_logbarrier_handoff,uniform,32,91075,False,1,0.9999999999313527,0.999999999997415,0.9999999999338642,True,4,0.0
sampled_npg_logbarrier_handoff,uniform,32,91076,False,1,0.9999999998029018,0.9999999998027862,1.0,True,4,0.0
sampled_npg_logbarrier_handoff,uniform,32,91077,False,1,0.9997497771464056,0.9999974028074968,0.9997402332493769,True,4,0.0
sampled_npg_logbarrier_handoff,uniform,32,91078,False,1,0.9917734929178897,0.9905246496702695,0.9976698226678228,True,4,0.0
sampled_npg_logbarrier_handoff,uniform,32,91079,False,1,0.8945016320740665,0.876589191228938,0.9662572460583849,False,4,0.0
sampled_npg_logbarrier_handoff,uniform,32,91080,False,1,0.9999897985216908,0.9999996412672515,0.9999900049551432,True,4,0.0
sampled_npg_logbarrier_handoff,uniform,32,91081,False,1,0.9931551857955603,0.9909100881008921,0.9981787884227294,True,4,0.0
sampled_npg_logbarrier_handoff,uniform,32,91082,False,1,0.9875155587258968,0.9805226967483467,0.9981689801494538,True,5,0.0
sampled_npg_logbarrier_handoff,uniform,32,91083,False,1,1.0,1.0,1.0,True,4,0.0
sampled_npg_logbarrier_handoff,uniform,32,91084,False,1,0.9669601897703941,0.95010196681088,0.9942338460209662,True,4,0.0
sampled_npg_logbarrier_handoff,uniform,32,91085,False,1,0.9799364747620437,0.9693696565684581,0.9977552252375507,True,4,0.0
sampled_npg_logbarrier_handoff,uniform,32,91086,False,1,0.9916983540100242,0.9849164999326315,0.9997994949417869,True,4,0.0
sampled_npg_logbarrier_handoff,uniform,32,91087,False,1,0.9929871259507052,0.9932942806490477,0.9979109251641941,True,5,0.0
sampled_npg_logbarrier_handoff,uniform,32,91088,False,1,0.9839412682115889,0.9719287490487863,0.99879098523465,True,4,0.0
sampled_npg_logbarrier_handoff,uniform,32,91089,False,1,1.0,1.0,1.0,True,5,0.0
sampled_npg_logbarrier_handoff,uniform,32,91090,False,1,0.9992731270057471,0.9993916194055728,0.9996380895746642,True,5,0.0
sampled_npg_logbarrier_handoff,uniform,32,91091,False,1,0.99941515365551,0.999979799390835,0.9994113801052964,True,4,0.0
sampled_npg_logbarrier_handoff,uniform,32,91092,False,1,0.8896038008924629,0.8793423090041,0.9590810727949781,False,4,0.0
sampled_npg_logbarrier_handoff,uniform,32,91093,False,1,0.9979865180933484,0.999417817463923,0.9983961482044322,True,5,0.0
sampled_npg_logbarrier_handoff,uniform,32,91094,False,1,0.9715881097634187,0.9461546882069276,0.9994188968602904,True,4,0.0
sampled_npg_logbarrier_handoff,uniform,32,91095,False,1,0.9830914487783374,0.9742141152666229,0.9970478417249659,True,4,0.0
sampled_npg_logbarrier_handoff,uniform,32,91096,False,1,0.9999999999473907,0.999999999946652,1.0,True,6,0.0
sampled_npg_logbarrier_handoff,uniform,32,91097,False,1,0.9999997817447257,0.999999776136567,1.0,True,4,0.0
sampled_npg_logbarrier_handoff,uniform,32,91098,False,1,1.0,1.0,1.0,True,4,0.0
sampled_npg_logbarrier_handoff,uniform,32,91099,False,1,0.9999999999999345,0.9999999999999345,1.0,True,5,0.0
sampled_pg_logbarrier_fixed,uniform,32,91000,True,0,0.5094264481860369,0.5003898922447769,0.6769260403389895,False,129,0.0
sampled_pg_logbarrier_fixed,uniform,32,91001,True,0,0.503182226796528,0.4857269263836508,0.6705594527571344,False,151,0.0
sampled_pg_logbarrier_fixed,uniform,32,91002,True,0,0.516973936548983,0.5159115869982943,0.6817872307420791,False,136,0.0
sampled_pg_logbarrier_fixed,uniform,32,91003,True,0,0.5111447973353733,0.5007931233905947,0.678548299763546,False,134,0.0
sampled_pg_logbarrier_fixed,uniform,32,91004,True,0,0.4987743963789632,0.47602171583445735,0.6663157166415865,False,133,0.0
sampled_pg_logbarrier_fixed,uniform,32,91005,True,0,0.5114024118470767,0.5007753270968434,0.6796699107756855,False,136,0.0
sampled_pg_logbarrier_fixed,uniform,32,91006,True,0,0.5050777506782067,0.4898671198735954,0.6719033827275488,False,131,0.0
sampled_pg_logbarrier_fixed,uniform,32,91007,True,0,0.4987249275287872,0.4807488585507723,0.6646574023146967,False,147,0.0
sampled_pg_logbarrier_fixed,uniform,32,91008,True,0,0.5043358051081924,0.491372892185521,0.670459557738471,False,139,0.0
sampled_pg_logbarrier_fixed,uniform,32,91009,True,0,0.5033674637454038,0.4880117355703501,0.6712010925117164,False,138,0.0
sampled_pg_logbarrier_fixed,uniform,32,91010,True,0,0.4909430362893596,0.45501142428283836,0.6591834332164618,False,128,0.0
sampled_pg_logbarrier_fixed,uniform,32,91011,True,0,0.5090420912101448,0.49785303336170467,0.6765787773727725,False,125,0.0
sampled_pg_logbarrier_fixed,uniform,32,91012,True,0,0.5107542689731328,0.5004036522250633,0.6784267786795056,False,132,0.0
sampled_pg_logbarrier_fixed,uniform,32,91013,True,0,0.5069710769585252,0.4968290468838177,0.671936928667691,False,134,0.0
sampled_pg_logbarrier_fixed,uniform,32,91014,True,0,0.5081012007381942,0.5010783500507023,0.6728396929293133,False,140,0.0
sampled_pg_logbarrier_fixed,uniform,32,91015,True,0,0.5038743561014359,0.4826930202679895,0.6733131374816546,False,112,0.0
sampled_pg_logbarrier_fixed,uniform,32,91016,True,0,0.5002098449535557,0.48476085169662897,0.666233964458258,False,142,0.0
sampled_pg_logbarrier_fixed,uniform,32,91017,True,0,0.5154993621331632,0.5130192361105679,0.6822300399274576,False,126,0.0
sampled_pg_logbarrier_fixed,uniform,32,91018,True,0,0.5122155275115899,0.5082464315352128,0.6774058365373918,False,121,0.0
sampled_pg_logbarrier_fixed,uniform,32,91019,True,0,0.5090888783023622,0.500365090067009,0.6749174342956742,False,133,0.0
sampled_pg_logbarrier_fixed,uniform,32,91020,True,0,0.5030657494687888,0.49188778819295464,0.6681657286223558,False,143,0.0
sampled_pg_logbarrier_fixed,uniform,32,91021,True,0,0.49398426134742135,0.4721536121177487,0.6589009703738045,False,144,0.0
sampled_pg_logbarrier_fixed,uniform,32,91022,True,0,0.5026554833587176,0.4891012147015254,0.6683022857251386,False,121,0.0
sampled_pg_logbarrier_fixed,uniform,32,91023,True,0,0.5055549660045688,0.4849208904164842,0.6753238009720114,False,132,0.0
sampled_pg_logbarrier_fixed,uniform,32,91024,True,0,0.5016883540048315,0.48749202036338635,0.6667195656136705,False,133,0.0
sampled_pg_logbarrier_fixed,uniform,32,91025,True,0,0.5141409589020685,0.5040190017380534,0.6831323359579855,False,128,0.0
sampled_pg_logbarrier_fixed,uniform,32,91026,True,0,0.5183947049007096,0.5178163082968801,0.6839875401936566,False,128,0.0
sampled_pg_logbarrier_fixed,uniform,32,91027,True,0,0.5058481025429311,0.48721546177561764,0.6757346530002736,False,127,0.0
sampled_pg_logbarrier_fixed,uniform,32,91028,True,0,0.5086954529469142,0.5008790324702724,0.6747201040652573,False,137,0.0
sampled_pg_logbarrier_fixed,uniform,32,91029,True,0,0.5244374813091375,0.5275618080140106,0.6906239005491615,False,118,0.0
sampled_pg_logbarrier_fixed,uniform,32,91030,True,0,0.5096744051644829,0.49551126699412,0.6783346350005194,False,137,0.0
sampled_pg_logbarrier_fixed,uniform,32,91031,True,0,0.5139120239327729,0.5048064265146543,0.6828602816322832,False,120,0.0
sampled_pg_logbarrier_fixed,uniform,32,91032,True,0,0.5170129883702059,0.5154691491914715,0.6827234855141875,False,123,0.0
sampled_pg_logbarrier_fixed,uniform,32,91033,True,0,0.49921708128596654,0.47855178815891947,0.6664229708867452,False,139,0.0
sampled_pg_logbarrier_fixed,uniform,32,91034,True,0,0.5091196370639122,0.5039118416490699,0.6744832424201651,False,145,0.0
sampled_pg_logbarrier_fixed,uniform,32,91035,True,0,0.48928322410838765,0.4584176771516266,0.6550627739299878,False,153,0.0
sampled_pg_logbarrier_fixed,uniform,32,91036,True,0,0.5009419435377866,0.4840724431717477,0.6673817330260998,False,140,0.0
sampled_pg_logbarrier_fixed,uniform,32,91037,True,0,0.504177540396192,0.48461098051721146,0.6729334981288237,False,128,0.0
sampled_pg_logbarrier_fixed,uniform,32,91038,True,0,0.5081576196830765,0.5024693206936416,0.6728365613601096,False,146,0.0
sampled_pg_logbarrier_fixed,uniform,32,91039,True,0,0.5067224933070306,0.49081250855334363,0.6752054596984686,False,131,0.0
sampled_pg_logbarrier_fixed,uniform,32,91040,True,0,0.49435410790410417,0.4790045492064882,0.6564595334090205,False,136,0.0
sampled_pg_logbarrier_fixed,uniform,32,91041,True,0,0.510366833984784,0.4980360240443836,0.6784720833303858,False,134,0.0
sampled_pg_logbarrier_fixed,uniform,32,91042,True,0,0.5037957447677452,0.48328948902262053,0.6726069176619377,False,126,0.0
sampled_pg_logbarrier_fixed,uniform,32,91043,True,0,0.5167015172563321,0.5114969627254671,0.6845521671897532,False,124,0.0
sampled_pg_logbarrier_fixed,uniform,32,91044,True,0,0.5063936752900056,0.4947407392490368,0.672671248066622,False,124,0.0
sampled_pg_logbarrier_fixed,uniform,32,91045,True,0,0.5089450781650176,0.5025553993416458,0.6737044063842731,False,127,0.0
sampled_pg_logbarrier_fixed,uniform,32,91046,True,0,0.4903216452535309,0.45437208762922027,0.6584500169091582,False,119,0.0
sampled_pg_logbarrier_fixed,uniform,32,91047,True,0,0.5098913829333994,0.5037031841331252,0.6748998060384757,False,137,0.0
sampled_pg_logbarrier_fixed,uniform,32,91048,True,0,0.5019920900478979,0.4924615505213857,0.6651032665750107,False,140,0.0
sampled_pg_logbarrier_fixed,uniform,32,91049,True,0,0.5113319019560179,0.5095884149929126,0.6748724944684997,False,126,0.0
sampled_pg_logbarrier_fixed,uniform,32,91050,True,0,0.5089593119053983,0.4947237742110275,0.6775301628984912,False,120,0.0
sampled_pg_logbarrier_fixed,uniform,32,91051,True,0,0.516611951174625,0.507232643498202,0.6853310033182689,False,114,0.0
sampled_pg_logbarrier_fixed,uniform,32,91052,True,0,0.5070468010825269,0.4964778189012974,0.6735137905636479,False,135,0.0
sampled_pg_logbarrier_fixed,uniform,32,91053,True,0,0.5007370605319186,0.48017561119847757,0.6679700653250411,False,142,0.0
sampled_pg_logbarrier_fixed,uniform,32,91054,True,0,0.5046178211398352,0.4829766485504204,0.6744286707605351,False,137,0.0
sampled_pg_logbarrier_fixed,uniform,32,91055,True,0,0.5073674354346884,0.4982967453659987,0.6732571531382234,False,135,0.0
sampled_pg_logbarrier_fixed,uniform,32,91056,True,0,0.4974614230475482,0.4801459779455154,0.6627371121607334,False,140,0.0
sampled_pg_logbarrier_fixed,uniform,32,91057,True,0,0.5029499546194679,0.4888519458789549,0.668546454256826,False,134,0.0
sampled_pg_logbarrier_fixed,uniform,32,91058,True,0,0.5052534772455572,0.4912518837828037,0.6723277060986993,False,140,0.0
sampled_pg_logbarrier_fixed,uniform,32,91059,True,0,0.5074294788785736,0.49612768768506177,0.6746411643517205,False,129,0.0
sampled_pg_logbarrier_fixed,uniform,32,91060,True,0,0.5076399675264602,0.4946259011637292,0.6755466705973026,False,133,0.0
sampled_pg_logbarrier_fixed,uniform,32,91061,True,0,0.5062565942644995,0.49474194779112046,0.6723908933495739,False,132,0.0
sampled_pg_logbarrier_fixed,uniform,32,91062,True,0,0.4982689967044179,0.48031519862524313,0.6638072934767074,False,131,0.0
sampled_pg_logbarrier_fixed,uniform,32,91063,True,0,0.5099142479330023,0.49831154626269364,0.6775983707941178,False,120,0.0
sampled_pg_logbarrier_fixed,uniform,32,91064,True,0,0.49764579788795676,0.4735066346034223,0.6649711666238831,False,136,0.0
sampled_pg_logbarrier_fixed,uniform,32,91065,True,0,0.4968292666785631,0.46946524623907826,0.6655592446513844,False,139,0.0
sampled_pg_logbarrier_fixed,uniform,32,91066,True,0,0.5053925611600161,0.4916094680332324,0.6724892619059861,False,133,0.0
sampled_pg_logbarrier_fixed,uniform,32,91067,True,0,0.5126094933752385,0.5041466144375598,0.6800856292665419,False,129,0.0
sampled_pg_logbarrier_fixed,uniform,32,91068,True,0,0.5051250793079436,0.48866971342430515,0.673135879514481,False,130,0.0
sampled_pg_logbarrier_fixed,uniform,32,91069,True,0,0.5027707050046589,0.48464136331392066,0.6706316008120397,False,138,0.0
sampled_pg_logbarrier_fixed,uniform,32,91070,True,0,0.5101465303310554,0.5011734962307633,0.6771911807513362,False,132,0.0
sampled_pg_logbarrier_fixed,uniform,32,91071,True,0,0.5172375133787046,0.515719102829188,0.6836089875279386,False,127,0.0
sampled_pg_logbarrier_fixed,uniform,32,91072,True,0,0.5017737517660099,0.4810003916762009,0.6700335370676129,False,136,0.0
sampled_pg_logbarrier_fixed,uniform,32,91073,True,0,0.503230996896834,0.4835076364578117,0.6716407436925681,False,127,0.0
sampled_pg_logbarrier_fixed,uniform,32,91074,True,0,0.5062737676811804,0.4976223774032316,0.6715784174612904,False,127,0.0
sampled_pg_logbarrier_fixed,uniform,32,91075,True,0,0.5085233995957267,0.49638335414877266,0.6759396538650645,False,140,0.0
sampled_pg_logbarrier_fixed,uniform,32,91076,True,0,0.5014913529419143,0.48470305321795365,0.6679355389207858,False,137,0.0
sampled_pg_logbarrier_fixed,uniform,32,91077,True,0,0.5080169401499914,0.5008128522493501,0.6734709817626815,False,137,0.0
sampled_pg_logbarrier_fixed,uniform,32,91078,True,0,0.5193949447056416,0.5158561627798547,0.6870546565164118,False,122,0.0
sampled_pg_logbarrier_fixed,uniform,32,91079,True,0,0.5052575690714193,0.4919436472879248,0.672470389712098,False,142,0.0
sampled_pg_logbarrier_fixed,uniform,32,91080,True,0,0.5062685129668393,0.4916033226681179,0.6749133930900444,False,129,0.0
sampled_pg_logbarrier_fixed,uniform,32,91081,True,0,0.505596266053661,0.4886196097715706,0.6735818491117553,False,132,0.0
sampled_pg_logbarrier_fixed,uniform,32,91082,True,0,0.5020540940839977,0.49816671219509817,0.6625606394018559,False,151,0.0
sampled_pg_logbarrier_fixed,uniform,32,91083,True,0,0.5053012415879338,0.49258438469958216,0.6721564164351318,False,138,0.0
sampled_pg_logbarrier_fixed,uniform,32,91084,True,0,0.4948619510712923,0.4707365559022725,0.6614443624467683,False,148,0.0
sampled_pg_logbarrier_fixed,uniform,32,91085,True,0,0.5085388605533204,0.498547244748379,0.6741893455852787,False,121,0.0
sampled_pg_logbarrier_fixed,uniform,32,91086,True,0,0.5067986638353142,0.502797568033091,0.6710292646433424,False,150,0.0
sampled_pg_logbarrier_fixed,uniform,32,91087,True,0,0.5170225173937736,0.5113597746316778,0.6844851862292686,False,124,0.0
sampled_pg_logbarrier_fixed,uniform,32,91088,True,0,0.5044658312956711,0.48836626991736126,0.6720775608547404,False,132,0.0
sampled_pg_logbarrier_fixed,uniform,32,91089,True,0,0.4983604224453523,0.4750213247028069,0.6653066481574721,False,141,0.0
sampled_pg_logbarrier_fixed,uniform,32,91090,True,0,0.5035248515505716,0.48518182205805216,0.6721900335911737,False,133,0.0
sampled_pg_logbarrier_fixed,uniform,32,91091,True,0,0.4969360235145941,0.47643016519618303,0.6627564783382497,False,131,0.0
sampled_pg_logbarrier_fixed,uniform,32,91092,True,0,0.5016156391308888,0.4819959461387589,0.6695554948590574,False,140,0.0
sampled_pg_logbarrier_fixed,uniform,32,91093,True,0,0.5094051258022313,0.5060926484655266,0.6732356748839146,False,145,0.0
sampled_pg_logbarrier_fixed,uniform,32,91094,True,0,0.49725135945527515,0.47142411080660734,0.6653648373795221,False,133,0.0
sampled_pg_logbarrier_fixed,uniform,32,91095,True,0,0.4969595156170086,0.47193673923404084,0.6650009589127914,False,137,0.0
sampled_pg_logbarrier_fixed,uniform,32,91096,True,0,0.517796926235036,0.5204327580438043,0.6822621238840381,False,131,0.0
sampled_pg_logbarrier_fixed,uniform,32,91097,True,0,0.5095083193146339,0.5065608389700381,0.672529793186774,False,136,0.0
sampled_pg_logbarrier_fixed,uniform,32,91098,True,0,0.5037553728269948,0.4902086142429248,0.670070887216496,False,135,0.0
sampled_pg_logbarrier_fixed,uniform,32,91099,True,0,0.5060976716548156,0.493235056667515,0.6730564968222285,False,130,0.0
sampled_npg_logbarrier_fixed,uniform,32,91000,True,0,0.6644227688817637,0.7136619371964953,0.7786643047711168,False,4,0.0
sampled_npg_logbarrier_fixed,uniform,32,91001,True,0,0.6312869786331302,0.6060817175012441,0.7859942051321203,False,4,0.0
sampled_npg_logbarrier_fixed,uniform,32,91002,True,0,0.6560543863633012,0.6578010789029828,0.8049594969630213,False,4,0.0
sampled_npg_logbarrier_fixed,uniform,32,91003,True,0,0.6685484803042181,0.7204583907041574,0.7825332126480559,False,4,0.0
sampled_npg_logbarrier_fixed,uniform,32,91004,True,0,0.6478369839532504,0.6403315234650288,0.8084187845980817,False,4,0.0
sampled_npg_logbarrier_fixed,uniform,32,91005,True,0,0.6657007574671534,0.7009373940262674,0.7916333455327614,False,4,0.0
sampled_npg_logbarrier_fixed,uniform,32,91006,True,0,0.6524697201851654,0.6772628221529134,0.7860792531070435,False,4,0.0
sampled_npg_logbarrier_fixed,uniform,32,91007,True,0,0.5980995217573214,0.581847256701797,0.7547613171817582,False,5,0.0
sampled_npg_logbarrier_fixed,uniform,32,91008,True,0,0.6571136211764887,0.6989303993281116,0.7826495011249577,False,4,0.0
sampled_npg_logbarrier_fixed,uniform,32,91009,True,0,0.6448010103412651,0.64225227564611,0.797155430710993,False,4,0.0
sampled_npg_logbarrier_fixed,uniform,32,91010,True,0,0.6282931389207442,0.6149696686168439,0.7854198214406436,False,5,0.0
sampled_npg_logbarrier_fixed,uniform,32,91011,True,0,0.6414799094276973,0.6535492420567097,0.7840355228091614,False,4,0.0
sampled_npg_logbarrier_fixed,uniform,32,91012,True,0,0.6413010531419387,0.6703228185215233,0.7762423283670603,False,4,0.0
sampled_npg_logbarrier_fixed,uniform,32,91013,True,0,0.6209548601836751,0.6240189996763412,0.7707030698075605,False,6,0.0
sampled_npg_logbarrier_fixed,uniform,32,91014,True,0,0.6374199079113481,0.6450934526212283,0.7787798668378864,False,4,0.0
sampled_npg_logbarrier_fixed,uniform,32,91015,True,0,0.6784168938111703,0.7402555243202623,0.792340590513856,False,4,0.0
sampled_npg_logbarrier_fixed,uniform,32,91016,True,0,0.6512209723386816,0.6637931890106863,0.7948599056102178,False,4,0.0
sampled_npg_logbarrier_fixed,uniform,32,91017,True,0,0.6590506002181278,0.6687692443494128,0.7966484001113909,False,4,0.0
sampled_npg_logbarrier_fixed,uniform,32,91018,True,0,0.6504151897818122,0.6722235461150232,0.7893961503215211,False,4,0.0
sampled_npg_logbarrier_fixed,uniform,32,91019,True,0,0.6289322509821614,0.6537043161370205,0.7591123500127994,False,3,0.0
sampled_npg_logbarrier_fixed,uniform,32,91020,True,0,0.6503319842274927,0.6717014165400453,0.7898573538717717,False,5,0.0
sampled_npg_logbarrier_fixed,uniform,32,91021,True,0,0.6165541437830031,0.6597177587650644,0.751168113336493,False,5,0.0
sampled_npg_logbarrier_fixed,uniform,32,91022,True,0,0.6822137691299932,0.7247020550487816,0.8035493320540128,False,4,0.0
sampled_npg_logbarrier_fixed,uniform,32,91023,True,0,0.6609013444055971,0.6846669527728234,0.798116503061034,False,4,0.0
sampled_npg_logbarrier_fixed,uniform,32,91024,True,0,0.6110790498166747,0.5814055568401002,0.7774266166844527,False,4,0.0
sampled_npg_logbarrier_fixed,uniform,32,91025,True,0,0.6070477668263896,0.6235857440246945,0.7472204324363899,False,4,0.0
sampled_npg_logbarrier_fixed,uniform,32,91026,True,0,0.63515418467627,0.6531764923739022,0.7723253261345561,False,4,0.0
sampled_npg_logbarrier_fixed,uniform,32,91027,True,0,0.5874826707405353,0.5653148360224302,0.7526250042840931,False,4,0.0
sampled_npg_logbarrier_fixed,uniform,32,91028,True,0,0.65104694224803,0.6443409648872995,0.7951712033414772,False,4,0.0
sampled_npg_logbarrier_fixed,uniform,32,91029,True,0,0.6293440703596858,0.6568464665503909,0.765732044931586,False,4,0.0
sampled_npg_logbarrier_fixed,uniform,32,91030,True,0,0.6035227009969129,0.5941563734392906,0.7589388363567456,False,5,0.0
sampled_npg_logbarrier_fixed,uniform,32,91031,True,0,0.653915950135156,0.6962489612220341,0.7852956437048396,False,5,0.0
sampled_npg_logbarrier_fixed,uniform,32,91032,True,0,0.6714228566020866,0.7103329362829371,0.7954176941867032,False,4,0.0
sampled_npg_logbarrier_fixed,uniform,32,91033,True,0,0.6280265423789851,0.622439285780464,0.7749580772587636,False,4,0.0
sampled_npg_logbarrier_fixed,uniform,32,91034,True,0,0.6598496339097495,0.6935515762028509,0.7868891754270814,False,4,0.0
sampled_npg_logbarrier_fixed,uniform,32,91035,True,0,0.6116343708322345,0.6088264355798926,0.7607771605000332,False,5,0.0
sampled_npg_logbarrier_fixed,uniform,32,91036,True,0,0.5998414220785773,0.5747733494456323,0.7649496324289585,False,6,0.0
sampled_npg_logbarrier_fixed,uniform,32,91037,True,0,0.5948037397184263,0.5678346321884017,0.7647738624007944,False,4,0.0
sampled_npg_logbarrier_fixed,uniform,32,91038,True,0,0.6538979944651535,0.6698840556833038,0.7916435345939425,False,4,0.0
sampled_npg_logbarrier_fixed,uniform,32,91039,True,0,0.6484603595551951,0.6393187694710328,0.8009262939553892,False,4,0.0
sampled_npg_logbarrier_fixed,uniform,32,91040,True,0,0.644623031455866,0.6823002128383326,0.7746475878087642,False,4,0.0
sampled_npg_logbarrier_fixed,uniform,32,91041,True,0,0.653152374831982,0.6649688671378392,0.7977333945400594,False,4,0.0
sampled_npg_logbarrier_fixed,uniform,32,91042,True,0,0.6157855905076147,0.6359385383477018,0.7510221073146347,False,4,0.0
sampled_npg_logbarrier_fixed,uniform,32,91043,True,0,0.6833819656241394,0.7088410185733812,0.8152382265335999,False,4,0.0
sampled_npg_logbarrier_fixed,uniform,32,91044,True,0,0.6706966727305425,0.7193404609279852,0.7812753441785364,False,5,0.0
sampled_npg_logbarrier_fixed,uniform,32,91045,True,0,0.6798245049157583,0.7303392801230887,0.7983548931493726,False,4,0.0
sampled_npg_logbarrier_fixed,uniform,32,91046,True,0,0.6352084932404375,0.6311239975708167,0.7935746884705399,False,4,0.0
sampled_npg_logbarrier_fixed,uniform,32,91047,True,0,0.6350114908290019,0.6363675998460357,0.779684552773522,False,4,0.0
sampled_npg_logbarrier_fixed,uniform,32,91048,True,0,0.6632586534628201,0.7045879837171167,0.7889234463317706,False,4,0.0
sampled_npg_logbarrier_fixed,uniform,32,91049,True,0,0.6661264772655064,0.6859900224260881,0.7995618035023487,False,5,0.0
sampled_npg_logbarrier_fixed,uniform,32,91050,True,0,0.6479724183786332,0.6588556086756805,0.7904132100939769,False,4,0.0
sampled_npg_logbarrier_fixed,uniform,32,91051,True,0,0.6961465644082894,0.7209412246176577,0.8121190559614342,False,4,0.0
sampled_npg_logbarrier_fixed,uniform,32,91052,True,0,0.6710363144415614,0.6930385947979207,0.8055193840119518,False,4,0.0
sampled_npg_logbarrier_fixed,uniform,32,91053,True,0,0.6719047787481305,0.6880958202665516,0.8147025742034839,False,4,0.0
sampled_npg_logbarrier_fixed,uniform,32,91054,True,0,0.6579151127696385,0.692053022704317,0.7837445018983453,False,6,0.0
sampled_npg_logbarrier_fixed,uniform,32,91055,True,0,0.656262613880876,0.6798188767465768,0.7938515431208764,False,4,0.0
sampled_npg_logbarrier_fixed,uniform,32,91056,True,0,0.6566779363247456,0.6785863862540465,0.7931065792005528,False,5,0.0
sampled_npg_logbarrier_fixed,uniform,32,91057,True,0,0.6272346226595096,0.6198019262413985,0.7809830319464781,False,5,0.0
sampled_npg_logbarrier_fixed,uniform,32,91058,True,0,0.6374720948941341,0.6471600151630081,0.7765484698991367,False,4,0.0
sampled_npg_logbarrier_fixed,uniform,32,91059,True,0,0.5948281318973001,0.5855831928659853,0.7528267029310006,False,4,0.0
sampled_npg_logbarrier_fixed,uniform,32,91060,True,0,0.6168065799802721,0.6348558279069239,0.7618059394379699,False,4,0.0
sampled_npg_logbarrier_fixed,uniform,32,91061,True,0,0.6419144383775446,0.676068949073223,0.7801067805989803,False,4,0.0
sampled_npg_logbarrier_fixed,uniform,32,91062,True,0,0.6316394191185183,0.6460856745204455,0.774723944879843,False,4,0.0
sampled_npg_logbarrier_fixed,uniform,32,91063,True,0,0.6240898891851835,0.6209188090842925,0.7762394744250036,False,4,0.0
sampled_npg_logbarrier_fixed,uniform,32,91064,True,0,0.6104501484051987,0.6108634740447252,0.752005765598265,False,4,0.0
sampled_npg_logbarrier_fixed,uniform,32,91065,True,0,0.6024894122929944,0.575192891436132,0.767347572111925,False,4,0.0
sampled_npg_logbarrier_fixed,uniform,32,91066,True,0,0.61956339584438,0.6527775807870702,0.7531047209379444,False,4,0.0
sampled_npg_logbarrier_fixed,uniform,32,91067,True,0,0.6208410670246163,0.5769130868744227,0.797174879126454,False,4,0.0
sampled_npg_logbarrier_fixed,uniform,32,91068,True,0,0.6288953945476088,0.6628783838662619,0.7664676442761915,False,4,0.0
sampled_npg_logbarrier_fixed,uniform,32,91069,True,0,0.6445498036645596,0.6794390858392196,0.7788772920959931,False,4,0.0
sampled_npg_logbarrier_fixed,uniform,32,91070,True,0,0.6546966402056899,0.6795663105480938,0.7810190236355844,False,4,0.0
sampled_npg_logbarrier_fixed,uniform,32,91071,True,0,0.6594482180949848,0.6787339825662435,0.7926372295864722,False,4,0.0
sampled_npg_logbarrier_fixed,uniform,32,91072,True,0,0.6060746618989394,0.5839499992208075,0.7726785612365416,False,4,0.0
sampled_npg_logbarrier_fixed,uniform,32,91073,True,0,0.6625428766024094,0.7007912049402327,0.7909239567399494,False,4,0.0
sampled_npg_logbarrier_fixed,uniform,32,91074,True,0,0.6230594974056541,0.618521488300714,0.7811306199450114,False,4,0.0
sampled_npg_logbarrier_fixed,uniform,32,91075,True,0,0.6610509385491325,0.6775670651789184,0.802854809019586,False,4,0.0
sampled_npg_logbarrier_fixed,uniform,32,91076,True,0,0.6570176943302348,0.6160080138055313,0.8358801643365774,False,4,0.0
sampled_npg_logbarrier_fixed,uniform,32,91077,True,0,0.6134073436722802,0.6222168350244334,0.7624903839005179,False,4,0.0
sampled_npg_logbarrier_fixed,uniform,32,91078,True,0,0.6745818750697704,0.6795789485602587,0.8183410358876435,False,4,0.0
sampled_npg_logbarrier_fixed,uniform,32,91079,True,0,0.6439178914011916,0.6179389706396715,0.811204033309334,False,4,0.0
sampled_npg_logbarrier_fixed,uniform,32,91080,True,0,0.6085556667861189,0.569058755210932,0.7805746108952711,False,4,0.0
sampled_npg_logbarrier_fixed,uniform,32,91081,True,0,0.6395626444577189,0.6563104422987366,0.7815715587611162,False,4,0.0
sampled_npg_logbarrier_fixed,uniform,32,91082,True,0,0.6433049606972664,0.6604328513382163,0.7856734614519338,False,5,0.0
sampled_npg_logbarrier_fixed,uniform,32,91083,True,0,0.6058657003468016,0.5651468646306145,0.7792528494033003,False,4,0.0
sampled_npg_logbarrier_fixed,uniform,32,91084,True,0,0.6529148887439697,0.6802264705164718,0.7855845522923994,False,4,0.0
sampled_npg_logbarrier_fixed,uniform,32,91085,True,0,0.6536949859776884,0.6685607850337993,0.7962411061377229,False,4,0.0
sampled_npg_logbarrier_fixed,uniform,32,91086,True,0,0.6153403350739297,0.6596698156185149,0.7431080406427897,False,4,0.0
sampled_npg_logbarrier_fixed,uniform,32,91087,True,0,0.6053706423394186,0.5474954168523372,0.7970295664682469,False,5,0.0
sampled_npg_logbarrier_fixed,uniform,32,91088,True,0,0.6236266451139827,0.652154192866561,0.7547745667311743,False,4,0.0
sampled_npg_logbarrier_fixed,uniform,32,91089,True,0,0.645204155060441,0.6500262430727096,0.7957195063958522,False,5,0.0
sampled_npg_logbarrier_fixed,uniform,32,91090,True,0,0.6368804888113153,0.64505472862008,0.7758650675861773,False,5,0.0
sampled_npg_logbarrier_fixed,uniform,32,91091,True,0,0.6652406640603503,0.6934260815963904,0.7983999735977008,False,4,0.0
sampled_npg_logbarrier_fixed,uniform,32,91092,True,0,0.6198750306342122,0.611717477728351,0.7774702517627513,False,4,0.0
sampled_npg_logbarrier_fixed,uniform,32,91093,True,0,0.6309415743679776,0.6357666402007545,0.7819457470442225,False,5,0.0
sampled_npg_logbarrier_fixed,uniform,32,91094,True,0,0.6580314908151826,0.6554999167493123,0.8090201905154344,False,4,0.0
sampled_npg_logbarrier_fixed,uniform,32,91095,True,0,0.6736666314159717,0.7105610925948083,0.8016038319619803,False,4,0.0
sampled_npg_logbarrier_fixed,uniform,32,91096,True,0,0.6759351308032504,0.6965460565766007,0.8120189906982349,False,6,0.0
sampled_npg_logbarrier_fixed,uniform,32,91097,True,0,0.604745141223522,0.5982464785322217,0.7585241867002551,False,4,0.0
sampled_npg_logbarrier_fixed,uniform,32,91098,True,0,0.6184584110805471,0.6369686803267758,0.7576252888976763,False,4,0.0
sampled_npg_logbarrier_fixed,uniform,32,91099,True,0,0.5807490233304022,0.5838454904234027,0.7255808057443275,False,5,0.0
sampled_pg_reward_only,uniform,128,91000,True,0,0.6933060686128262,0.7089164633765114,0.8405335811770199,False,118,0.0
sampled_pg_reward_only,uniform,128,91001,True,0,0.7066965099902398,0.7280203963905706,0.8472258865221427,False,119,0.0
sampled_pg_reward_only,uniform,128,91002,True,0,0.7092097605366077,0.732401478331264,0.848070900647021,False,116,0.0
sampled_pg_reward_only,uniform,128,91003,True,0,0.7120490059392648,0.7368108650468068,0.8492576018348345,False,114,0.0
sampled_pg_reward_only,uniform,128,91004,True,0,0.6973050905850449,0.7125295742876075,0.8435531956808867,False,119,0.0
sampled_pg_reward_only,uniform,128,91005,True,0,0.7038570518187328,0.7223410838189707,0.8468432722561593,False,112,0.0
sampled_pg_reward_only,uniform,128,91006,True,0,0.716623489108243,0.7409180120249621,0.853104458881281,False,115,0.0
sampled_pg_reward_only,uniform,128,91007,True,0,0.6960961601877675,0.7135858387035404,0.8413922669289204,False,119,0.0
sampled_pg_reward_only,uniform,128,91008,True,0,0.7049368568517483,0.7246386766022183,0.8469789517939489,False,118,0.0
sampled_pg_reward_only,uniform,128,91009,True,0,0.7054517679630814,0.727979566631897,0.8456923103677674,False,119,0.0
sampled_pg_reward_only,uniform,128,91010,True,0,0.6895831459738099,0.7032587868716444,0.83827641852691,False,122,0.0
sampled_pg_reward_only,uniform,128,91011,True,0,0.718272430964924,0.744214854493476,0.8532567508335579,False,113,0.0
sampled_pg_reward_only,uniform,128,91012,True,0,0.7190967753965862,0.7459946631814267,0.8531964266637923,False,115,0.0
sampled_pg_reward_only,uniform,128,91013,True,0,0.7050119157478685,0.7262153611864618,0.846029532921563,False,117,0.0
sampled_pg_reward_only,uniform,128,91014,True,0,0.7015030075553479,0.721426281394894,0.8440867152623269,False,123,0.0
sampled_pg_reward_only,uniform,128,91015,True,0,0.7010629899280714,0.7209950568154474,0.8438303210007776,False,115,0.0
sampled_pg_reward_only,uniform,128,91016,True,0,0.6857975488843376,0.6979186705052043,0.8362198504386933,False,120,0.0
sampled_pg_reward_only,uniform,128,91017,True,0,0.7216254603890762,0.7492580983960369,0.8547899839037889,False,112,0.0
sampled_pg_reward_only,uniform,128,91018,True,0,0.6950494052599201,0.7103005738867321,0.8419041831617914,False,116,0.0
sampled_pg_reward_only,uniform,128,91019,True,0,0.7084506118040281,0.73193785269432,0.8474256107819806,False,115,0.0
sampled_pg_reward_only,uniform,128,91020,True,0,0.6842251152374073,0.6940249716885268,0.8365468467143419,False,120,0.0
sampled_pg_reward_only,uniform,128,91021,True,0,0.6891526026137951,0.7034566227193546,0.8376163368076586,False,123,0.0
sampled_pg_reward_only,uniform,128,91022,True,0,0.7186194682097676,0.7449148268850037,0.853445755143437,False,114,0.0
sampled_pg_reward_only,uniform,128,91023,True,0,0.6939034362157382,0.7089560877713678,0.8410243561059049,False,118,0.0
sampled_pg_reward_only,uniform,128,91024,True,0,0.7045233563728988,0.7248964460466322,0.8464184075254754,False,118,0.0
sampled_pg_reward_only,uniform,128,91025,True,0,0.7137164575083415,0.7377546830092699,0.8509657096716087,False,115,0.0
sampled_pg_reward_only,uniform,128,91026,True,0,0.7154764924227232,0.741149561277106,0.8512484623048645,False,113,0.0
sampled_pg_reward_only,uniform,128,91027,True,0,0.7248946551276664,0.7542990944531855,0.8559120890394781,False,116,0.0
sampled_pg_reward_only,uniform,128,91028,True,0,0.7016135371674406,0.7219450616567685,0.8439644213850328,False,116,0.0
sampled_pg_reward_only,uniform,128,91029,True,0,0.7275969551237644,0.757332187818759,0.8579164108853453,False,110,0.0
sampled_pg_reward_only,uniform,128,91030,True,0,0.704997005950742,0.7244887986103404,0.847244955014037,False,112,0.0
sampled_pg_reward_only,uniform,128,91031,True,0,0.6938810874856752,0.7108187661462574,0.8398907851293687,False,118,0.0
sampled_pg_reward_only,uniform,128,91032,True,0,0.7232995235303538,0.7523011884789667,0.8550754963613902,False,113,0.0
sampled_pg_reward_only,uniform,128,91033,True,0,0.6986620001673225,0.7157144474709233,0.8435827737269471,False,117,0.0
sampled_pg_reward_only,uniform,128,91034,True,0,0.7087484424108828,0.7315405148460952,0.8479924714292052,False,119,0.0
sampled_pg_reward_only,uniform,128,91035,True,0,0.6869386679695302,0.6990810878392016,0.8372094993034385,False,125,0.0
sampled_pg_reward_only,uniform,128,91036,True,0,0.6802855486954994,0.6880508195742908,0.8342503545871162,False,121,0.0
sampled_pg_reward_only,uniform,128,91037,True,0,0.7038674509438885,0.72250083308101,0.8468551636740169,False,111,0.0
sampled_pg_reward_only,uniform,128,91038,True,0,0.7060170651236298,0.7274813428858949,0.8466992771557457,False,118,0.0
sampled_pg_reward_only,uniform,128,91039,True,0,0.7051295100126841,0.7252059267347781,0.8466710929382711,False,114,0.0
sampled_pg_reward_only,uniform,128,91040,True,0,0.6864317522555656,0.6996378081085683,0.8359260476609005,False,124,0.0
sampled_pg_reward_only,uniform,128,91041,True,0,0.7069511960621951,0.7287674440732818,0.84736367786863,False,117,0.0
sampled_pg_reward_only,uniform,128,91042,True,0,0.687750969762065,0.6990094824195896,0.8383792373608644,False,118,0.0
sampled_pg_reward_only,uniform,128,91043,True,0,0.7091147071287094,0.7306828017482051,0.8490538901471679,False,114,0.0
sampled_pg_reward_only,uniform,128,91044,True,0,0.705566406944784,0.7269419348327727,0.8463448121398284,False,119,0.0
sampled_pg_reward_only,uniform,128,91045,True,0,0.708118002809889,0.7305784183332746,0.8478511765683525,False,117,0.0
sampled_pg_reward_only,uniform,128,91046,True,0,0.6841063951022903,0.694070984826459,0.8360709295242736,False,121,0.0
sampled_pg_reward_only,uniform,128,91047,True,0,0.6988854465003573,0.7171274274241677,0.8431466917748893,False,117,0.0
sampled_pg_reward_only,uniform,128,91048,True,0,0.7067482332279647,0.7296624151835757,0.8463971989525277,False,120,0.0
sampled_pg_reward_only,uniform,128,91049,True,0,0.7085505901895306,0.7312764343075943,0.8480849747194317,False,116,0.0
sampled_pg_reward_only,uniform,128,91050,True,0,0.7205142764887006,0.7458176151394581,0.8553641051350883,False,113,0.0
sampled_pg_reward_only,uniform,128,91051,True,0,0.7249896855398666,0.7533733248761114,0.8564581184773976,False,109,0.0
sampled_pg_reward_only,uniform,128,91052,True,0,0.7081812283423279,0.7291700849780798,0.8485315199357321,False,117,0.0
sampled_pg_reward_only,uniform,128,91053,True,0,0.6954523143367394,0.7105760576249405,0.842048580436857,False,117,0.0
sampled_pg_reward_only,uniform,128,91054,True,0,0.7012058430244382,0.7182335827629539,0.8455524550022194,False,116,0.0
sampled_pg_reward_only,uniform,128,91055,True,0,0.7119267217084835,0.7368028083752041,0.8493340895567342,False,117,0.0
sampled_pg_reward_only,uniform,128,91056,True,0,0.6978131196342197,0.7161338794142258,0.8423706930044074,False,121,0.0
sampled_pg_reward_only,uniform,128,91057,True,0,0.6966026871581529,0.7123254815731346,0.8427515144133377,False,117,0.0
sampled_pg_reward_only,uniform,128,91058,True,0,0.7053670347042575,0.7266794411756722,0.8462461810361289,False,119,0.0
sampled_pg_reward_only,uniform,128,91059,True,0,0.709017371330302,0.7311558372340264,0.8488184943163312,False,120,0.0
sampled_pg_reward_only,uniform,128,91060,True,0,0.7111746204848858,0.7343266073822668,0.8496943852679599,False,117,0.0
sampled_pg_reward_only,uniform,128,91061,True,0,0.7040709066246991,0.7242885747039828,0.845883436159112,False,118,0.0
sampled_pg_reward_only,uniform,128,91062,True,0,0.6914323221772829,0.706138931781266,0.8394596031268226,False,122,0.0
sampled_pg_reward_only,uniform,128,91063,True,0,0.7181684986663811,0.7436982215163335,0.8535047993957787,False,115,0.0
sampled_pg_reward_only,uniform,128,91064,True,0,0.6784301996861308,0.6862789484318697,0.8328069166765251,False,123,0.0
sampled_pg_reward_only,uniform,128,91065,True,0,0.6854837349205561,0.6973789363914884,0.8360372893950354,False,119,0.0
sampled_pg_reward_only,uniform,128,91066,True,0,0.6897814090929968,0.7036340918646324,0.8385489498750479,False,120,0.0
sampled_pg_reward_only,uniform,128,91067,True,0,0.7090169769717589,0.731145640334654,0.8485146800618193,False,114,0.0
sampled_pg_reward_only,uniform,128,91068,True,0,0.7059206565127849,0.7274203171785624,0.8466637805327241,False,121,0.0
sampled_pg_reward_only,uniform,128,91069,True,0,0.7091873905812194,0.7314744274858609,0.8486738357276218,False,117,0.0
sampled_pg_reward_only,uniform,128,91070,True,0,0.7057975459292231,0.7268139444796671,0.8468824326510093,False,115,0.0
sampled_pg_reward_only,uniform,128,91071,True,0,0.7210094463169293,0.7478481256371748,0.854692969656988,False,112,0.0
sampled_pg_reward_only,uniform,128,91072,True,0,0.708000776435998,0.7309092114563049,0.847345273097651,False,119,0.0
sampled_pg_reward_only,uniform,128,91073,True,0,0.705464408671212,0.726880449510898,0.8462697276305854,False,113,0.0
sampled_pg_reward_only,uniform,128,91074,True,0,0.7186451614141758,0.745563829616015,0.8530599497129475,False,115,0.0
sampled_pg_reward_only,uniform,128,91075,True,0,0.698540062257639,0.7157565765140338,0.8434342768004242,False,115,0.0
sampled_pg_reward_only,uniform,128,91076,True,0,0.7178516722502064,0.7451776154144559,0.8521329454538824,False,118,0.0
sampled_pg_reward_only,uniform,128,91077,True,0,0.717103174339321,0.743951065045334,0.8519922802060945,False,117,0.0
sampled_pg_reward_only,uniform,128,91078,True,0,0.7088023164162642,0.7324031050422264,0.8475584533144263,False,114,0.0
sampled_pg_reward_only,uniform,128,91079,True,0,0.7251657757888528,0.7553143589260451,0.8557050000670576,False,116,0.0
sampled_pg_reward_only,uniform,128,91080,True,0,0.7211585621334531,0.7475692465250271,0.8551569173350768,False,114,0.0
sampled_pg_reward_only,uniform,128,91081,True,0,0.698397606986382,0.7153511321977672,0.843474529270237,False,115,0.0
sampled_pg_reward_only,uniform,128,91082,True,0,0.6793608612511742,0.6870698552634881,0.8335300975173944,False,124,0.0
sampled_pg_reward_only,uniform,128,91083,True,0,0.7206874014070439,0.7487363164643143,0.8537696428345936,False,113,0.0
sampled_pg_reward_only,uniform,128,91084,True,0,0.6682474224233018,0.6715057306423763,0.8266275752493132,False,126,0.0
sampled_pg_reward_only,uniform,128,91085,True,0,0.7161126630930784,0.7400281529901704,0.8526979329924939,False,112,0.0
sampled_pg_reward_only,uniform,128,91086,True,0,0.6921566676540754,0.7080692685811439,0.8393722289925316,False,124,0.0
sampled_pg_reward_only,uniform,128,91087,True,0,0.7235565770852748,0.7529131192310123,0.8550475977897666,False,114,0.0
sampled_pg_reward_only,uniform,128,91088,True,0,0.6861830750118448,0.6983435808253764,0.8365260507513212,False,120,0.0
sampled_pg_reward_only,uniform,128,91089,True,0,0.7086577112956027,0.7302759418654657,0.8485557443866321,False,119,0.0
sampled_pg_reward_only,uniform,128,91090,True,0,0.7031713541895004,0.7241887151476404,0.8448566637068637,False,118,0.0
sampled_pg_reward_only,uniform,128,91091,True,0,0.6747651496320729,0.6796865002858211,0.8313453408446411,False,123,0.0
sampled_pg_reward_only,uniform,128,91092,True,0,0.700038510294748,0.7188127730698536,0.8437403116401113,False,118,0.0
sampled_pg_reward_only,uniform,128,91093,True,0,0.69454807819252,0.7094978602538881,0.8417269343726643,False,115,0.0
sampled_pg_reward_only,uniform,128,91094,True,0,0.6767261442491126,0.6829433781555324,0.8318669388903607,False,121,0.0
sampled_pg_reward_only,uniform,128,91095,True,0,0.6992591766915582,0.7159954003239362,0.8441635581520527,False,116,0.0
sampled_pg_reward_only,uniform,128,91096,True,0,0.7071748480707527,0.7292069157178238,0.8473683118941451,False,120,0.0
sampled_pg_reward_only,uniform,128,91097,True,0,0.6909437386552123,0.7058642648568586,0.8388958617996927,False,124,0.0
sampled_pg_reward_only,uniform,128,91098,True,0,0.6963927118176056,0.7129656805976824,0.8421685508419695,False,119,0.0
sampled_pg_reward_only,uniform,128,91099,True,0,0.6989762341861923,0.7163050641696315,0.843755554631782,False,114,0.0
sampled_pg_logbarrier_handoff,uniform,128,91000,True,0,0.6535331471931722,0.6691395161258015,0.8122873851312797,False,134,0.0
sampled_pg_logbarrier_handoff,uniform,128,91001,True,0,0.6689766611682668,0.6917945964745299,0.8210204085072352,False,134,0.0
sampled_pg_logbarrier_handoff,uniform,128,91002,True,0,0.6683377121734968,0.6910464160847808,0.8204988193995301,False,131,0.0
sampled_pg_logbarrier_handoff,uniform,128,91003,True,0,0.6699752781746686,0.6942089105943031,0.8209692801698709,False,134,0.0
sampled_pg_logbarrier_handoff,uniform,128,91004,True,0,0.6487262257200437,0.6591079169722064,0.8105949231066958,False,133,0.0
sampled_pg_logbarrier_handoff,uniform,128,91005,True,0,0.6610001616584372,0.6782717625353101,0.8174747852449816,False,127,0.0
sampled_pg_logbarrier_handoff,uniform,128,91006,True,0,0.6670488334674635,0.6880261363703856,0.8205727798431585,False,130,0.0
sampled_pg_logbarrier_handoff,uniform,128,91007,True,0,0.658175127618581,0.6771806320478241,0.8141463487866787,False,137,0.0
sampled_pg_logbarrier_handoff,uniform,128,91008,True,0,0.6706611815858957,0.6925684602934287,0.8230467912253953,False,134,0.0
sampled_pg_logbarrier_handoff,uniform,128,91009,True,0,0.6677568581473394,0.6920869165547935,0.8191849522230014,False,135,0.0
sampled_pg_logbarrier_handoff,uniform,128,91010,True,0,0.6606037867741564,0.6801079646251915,0.8158085622707731,False,137,0.0
sampled_pg_logbarrier_handoff,uniform,128,91011,True,0,0.6634711312274989,0.6824413861446004,0.818616347079014,False,129,0.0
sampled_pg_logbarrier_handoff,uniform,128,91012,True,0,0.6705085427994302,0.6936622877793177,0.821980866738362,False,129,0.0
sampled_pg_logbarrier_handoff,uniform,128,91013,True,0,0.6677741773239503,0.6902497245142184,0.8201066505950858,False,132,0.0
sampled_pg_logbarrier_handoff,uniform,128,91014,True,0,0.6653955816289604,0.6873637773501409,0.8185076112356692,False,141,0.0
sampled_pg_logbarrier_handoff,uniform,128,91015,True,0,0.6612818637582031,0.6812580593932788,0.8163268966258892,False,133,0.0
sampled_pg_logbarrier_handoff,uniform,128,91016,True,0,0.6550451527600455,0.6709790961748016,0.8130891990053417,False,137,0.0
sampled_pg_logbarrier_handoff,uniform,128,91017,True,0,0.6747523311121806,0.7003129431186422,0.8242880504247401,False,129,0.0
sampled_pg_logbarrier_handoff,uniform,128,91018,True,0,0.6436210420306945,0.6517711873856409,0.8073845806975058,False,133,0.0
sampled_pg_logbarrier_handoff,uniform,128,91019,True,0,0.6653057002210517,0.6868748782049378,0.8188460591186283,False,134,0.0
sampled_pg_logbarrier_handoff,uniform,128,91020,True,0,0.6489113778120862,0.660797880954042,0.8102635919532303,False,135,0.0
sampled_pg_logbarrier_handoff,uniform,128,91021,True,0,0.6605592425399524,0.6805683166773301,0.8155136689925646,False,140,0.0
sampled_pg_logbarrier_handoff,uniform,128,91022,True,0,0.6705509193042367,0.6938127291744733,0.8222696768473575,False,128,0.0
sampled_pg_logbarrier_handoff,uniform,128,91023,True,0,0.6555889025858973,0.6702897183465062,0.8142383822697237,False,138,0.0
sampled_pg_logbarrier_handoff,uniform,128,91024,True,0,0.6580370057538705,0.6759272905307363,0.8147261541071215,False,137,0.0
sampled_pg_logbarrier_handoff,uniform,128,91025,True,0,0.6677151918848874,0.688844601300911,0.8209429153554294,False,131,0.0
sampled_pg_logbarrier_handoff,uniform,128,91026,True,0,0.6708208511933939,0.694646642883065,0.8218791641790816,False,128,0.0
sampled_pg_logbarrier_handoff,uniform,128,91027,True,0,0.6776951850538706,0.7055745710399607,0.8251465017798075,False,131,0.0
sampled_pg_logbarrier_handoff,uniform,128,91028,True,0,0.6689328185350206,0.6929392917089859,0.8203885862751137,False,133,0.0
sampled_pg_logbarrier_handoff,uniform,128,91029,True,0,0.672614216027514,0.6961998117420325,0.8237584223017782,False,127,0.0
sampled_pg_logbarrier_handoff,uniform,128,91030,True,0,0.6575339249873022,0.6729132349101884,0.8157343561168724,False,129,0.0
sampled_pg_logbarrier_handoff,uniform,128,91031,True,0,0.6547719903034518,0.6718652599435943,0.8122391835060063,False,135,0.0
sampled_pg_logbarrier_handoff,uniform,128,91032,True,0,0.6754931561606397,0.702379713243602,0.8240536249475233,False,127,0.0
sampled_pg_logbarrier_handoff,uniform,128,91033,True,0,0.6552931110551397,0.6707239570977204,0.81350235153861,False,134,0.0
sampled_pg_logbarrier_handoff,uniform,128,91034,True,0,0.6669395445399882,0.6885518690250166,0.8200568066170929,False,133,0.0
sampled_pg_logbarrier_handoff,uniform,128,91035,True,0,0.6626480543850615,0.6825347657658916,0.8175182471776725,False,143,0.0
sampled_pg_logbarrier_handoff,uniform,128,91036,True,0,0.650625867180337,0.6639112583054158,0.8106590482381499,False,136,0.0
sampled_pg_logbarrier_handoff,uniform,128,91037,True,0,0.6572940038438962,0.6717649822887519,0.8159858200936773,False,130,0.0
sampled_pg_logbarrier_handoff,uniform,128,91038,True,0,0.6725780558449294,0.697880246030726,0.822602092280625,False,134,0.0
sampled_pg_logbarrier_handoff,uniform,128,91039,True,0,0.6567930140952741,0.6722834175334853,0.8147131794470382,False,129,0.0
sampled_pg_logbarrier_handoff,uniform,128,91040,True,0,0.6539662413545803,0.670282007144884,0.8117331702193017,False,141,0.0
sampled_pg_logbarrier_handoff,uniform,128,91041,True,0,0.6647438454393833,0.6859543905639415,0.8185414830367611,False,131,0.0
sampled_pg_logbarrier_handoff,uniform,128,91042,True,0,0.6473322222622506,0.6578701311689855,0.8094326773861329,False,135,0.0
sampled_pg_logbarrier_handoff,uniform,128,91043,True,0,0.6665631039464486,0.686037920372476,0.821019482015517,False,130,0.0
sampled_pg_logbarrier_handoff,uniform,128,91044,True,0,0.6715085310050853,0.6966860278844407,0.8217381175463474,False,134,0.0
sampled_pg_logbarrier_handoff,uniform,128,91045,True,0,0.6643041074051579,0.6855410385504178,0.818072817715058,False,134,0.0
sampled_pg_logbarrier_handoff,uniform,128,91046,True,0,0.6562173379789631,0.6726984573604324,0.8137516427040764,False,140,0.0
sampled_pg_logbarrier_handoff,uniform,128,91047,True,0,0.6591448609488858,0.6775898569192302,0.815291664703584,False,134,0.0
sampled_pg_logbarrier_handoff,uniform,128,91048,True,0,0.6730950683407653,0.699402739637293,0.8224158906373445,False,134,0.0
sampled_pg_logbarrier_handoff,uniform,128,91049,True,0,0.6632500201328702,0.6832473117601435,0.8180688595876849,False,133,0.0
sampled_pg_logbarrier_handoff,uniform,128,91050,True,0,0.6738419177958522,0.6962933761893758,0.8254793709850557,False,131,0.0
sampled_pg_logbarrier_handoff,uniform,128,91051,True,0,0.6746817560937985,0.6998561524336733,0.8240754185354565,False,124,0.0
sampled_pg_logbarrier_handoff,uniform,128,91052,True,0,0.66122586955381,0.6797332091740658,0.8168230507155514,False,135,0.0
sampled_pg_logbarrier_handoff,uniform,128,91053,True,0,0.6651679839944382,0.6848581492270202,0.8194603982543971,False,131,0.0
sampled_pg_logbarrier_handoff,uniform,128,91054,True,0,0.6646931094657171,0.6835357784873394,0.8196633217241805,False,133,0.0
sampled_pg_logbarrier_handoff,uniform,128,91055,True,0,0.6745899190003207,0.7011510391938869,0.8237352993328645,False,132,0.0
sampled_pg_logbarrier_handoff,uniform,128,91056,True,0,0.6618902814013733,0.682479531626373,0.8164684790962604,False,138,0.0
sampled_pg_logbarrier_handoff,uniform,128,91057,True,0,0.6632062227470177,0.6826836599139329,0.8180514701372584,False,135,0.0
sampled_pg_logbarrier_handoff,uniform,128,91058,True,0,0.6675637221597822,0.6895584169757966,0.820294941601758,False,135,0.0
sampled_pg_logbarrier_handoff,uniform,128,91059,True,0,0.6656103194839884,0.6862501273692168,0.8197247358621821,False,136,0.0
sampled_pg_logbarrier_handoff,uniform,128,91060,True,0,0.67619189170879,0.7018626293816974,0.8253244439608329,False,133,0.0
sampled_pg_logbarrier_handoff,uniform,128,91061,True,0,0.6688904559876248,0.6912003048288056,0.8211645634498828,False,132,0.0
sampled_pg_logbarrier_handoff,uniform,128,91062,True,0,0.6561804240700968,0.672832192653111,0.8139059827759778,False,139,0.0
sampled_pg_logbarrier_handoff,uniform,128,91063,True,0,0.6674996091157677,0.6893122614847863,0.820430361865218,False,130,0.0
sampled_pg_logbarrier_handoff,uniform,128,91064,True,0,0.6513592369954585,0.6653625093444642,0.8111884110072362,False,141,0.0
sampled_pg_logbarrier_handoff,uniform,128,91065,True,0,0.6597652468389394,0.6775374690615822,0.8162039699728868,False,137,0.0
sampled_pg_logbarrier_handoff,uniform,128,91066,True,0,0.6584195629276457,0.6759887406086209,0.8153645314143252,False,136,0.0
sampled_pg_logbarrier_handoff,uniform,128,91067,True,0,0.6672591032515511,0.6879440657689911,0.8208878652368182,False,130,0.0
sampled_pg_logbarrier_handoff,uniform,128,91068,True,0,0.6650235426882465,0.6861864929044802,0.8187060705465731,False,135,0.0
sampled_pg_logbarrier_handoff,uniform,128,91069,True,0,0.6682225767679075,0.691032312046612,0.8204131491298156,False,131,0.0
sampled_pg_logbarrier_handoff,uniform,128,91070,True,0,0.6643972688897753,0.6853170292059969,0.8183112115876691,False,132,0.0
sampled_pg_logbarrier_handoff,uniform,128,91071,True,0,0.6646773878494587,0.6845305207472884,0.8190960642927727,False,124,0.0
sampled_pg_logbarrier_handoff,uniform,128,91072,True,0,0.6719225786679841,0.6972872761848337,0.8220112247765998,False,134,0.0
sampled_pg_logbarrier_handoff,uniform,128,91073,True,0,0.6647568491069683,0.6856506969209544,0.8186475578057243,False,130,0.0
sampled_pg_logbarrier_handoff,uniform,128,91074,True,0,0.6677106030593948,0.6898028270043454,0.820515659107365,False,131,0.0
sampled_pg_logbarrier_handoff,uniform,128,91075,True,0,0.6573451815025606,0.6733133065615756,0.8151533256299837,False,135,0.0
sampled_pg_logbarrier_handoff,uniform,128,91076,True,0,0.6777631326147003,0.7058790135797948,0.8251898870802602,False,135,0.0
sampled_pg_logbarrier_handoff,uniform,128,91077,True,0,0.6745854379665496,0.7008796014502086,0.8237824226939578,False,130,0.0
sampled_pg_logbarrier_handoff,uniform,128,91078,True,0,0.6652192442957932,0.6885611046820679,0.8175024994825363,False,131,0.0
sampled_pg_logbarrier_handoff,uniform,128,91079,True,0,0.6875725797581638,0.7199770799940606,0.8303348308193436,False,130,0.0
sampled_pg_logbarrier_handoff,uniform,128,91080,True,0,0.67427871686765,0.6979893954338638,0.824916498595163,False,129,0.0
sampled_pg_logbarrier_handoff,uniform,128,91081,True,0,0.6554148086039742,0.6715932619652112,0.8133892808782966,False,130,0.0
sampled_pg_logbarrier_handoff,uniform,128,91082,True,0,0.6510341825130055,0.6643618210493666,0.811107171636169,False,142,0.0
sampled_pg_logbarrier_handoff,uniform,128,91083,True,0,0.6759583450743549,0.7020143119272813,0.8248685732584107,False,127,0.0
sampled_pg_logbarrier_handoff,uniform,128,91084,True,0,0.6492487270544077,0.6641973171059208,0.8085960667466479,False,143,0.0
sampled_pg_logbarrier_handoff,uniform,128,91085,True,0,0.6674499397344936,0.6873854716951201,0.8213089557135849,False,129,0.0
sampled_pg_logbarrier_handoff,uniform,128,91086,True,0,0.6537019402411397,0.6701774951377264,0.8117070763780307,False,140,0.0
sampled_pg_logbarrier_handoff,uniform,128,91087,True,0,0.6748960589486469,0.7017114340420552,0.8236550741359231,False,134,0.0
sampled_pg_logbarrier_handoff,uniform,128,91088,True,0,0.6510812841569722,0.6644041581796187,0.8112224735185193,False,138,0.0
sampled_pg_logbarrier_handoff,uniform,128,91089,True,0,0.6706992495278509,0.6931144174509428,0.8226076776206483,False,133,0.0
sampled_pg_logbarrier_handoff,uniform,128,91090,True,0,0.6619049555445158,0.6819806010308532,0.816668402359898,False,136,0.0
sampled_pg_logbarrier_handoff,uniform,128,91091,True,0,0.642809682130174,0.6521678323749426,0.8059636303466587,False,139,0.0
sampled_pg_logbarrier_handoff,uniform,128,91092,True,0,0.6636461108913743,0.6846568249203632,0.8176239633676504,False,134,0.0
sampled_pg_logbarrier_handoff,uniform,128,91093,True,0,0.6577896218817754,0.6750384130011178,0.8148254587427477,False,134,0.0
sampled_pg_logbarrier_handoff,uniform,128,91094,True,0,0.661849071472226,0.681181909746509,0.8168588320745712,False,137,0.0
sampled_pg_logbarrier_handoff,uniform,128,91095,True,0,0.6609539968398614,0.6780255303346359,0.8175605586927733,False,133,0.0
sampled_pg_logbarrier_handoff,uniform,128,91096,True,0,0.6650609968591537,0.68665237277441,0.8184406675009778,False,134,0.0
sampled_pg_logbarrier_handoff,uniform,128,91097,True,0,0.6592180372442682,0.6781815126766161,0.8151478288596745,False,144,0.0
sampled_pg_logbarrier_handoff,uniform,128,91098,True,0,0.6627526451536027,0.6823698199856655,0.8177014972648682,False,134,0.0
sampled_pg_logbarrier_handoff,uniform,128,91099,True,0,0.6586868209058071,0.6757304613995454,0.8156458429484584,False,130,0.0
sampled_npg_reward_only,uniform,128,91000,False,1,0.9736525310040478,0.9589874206150655,0.9964551008766986,True,4,0.0
sampled_npg_reward_only,uniform,128,91001,False,1,0.9735821117706511,0.9572526239550188,0.996618396539717,True,4,0.0
sampled_npg_reward_only,uniform,128,91002,False,1,0.9798100645089478,0.9722576993342079,0.9957189455793516,True,4,0.0
sampled_npg_reward_only,uniform,128,91003,False,1,1.0,1.0,1.0,True,4,0.0
sampled_npg_reward_only,uniform,128,91004,False,1,0.9790413369249861,0.96958712063857,0.9961408819328641,True,4,0.0
sampled_npg_reward_only,uniform,128,91005,False,1,0.9812422243739699,0.9720052033104046,0.9966659556991776,True,4,0.0
sampled_npg_reward_only,uniform,128,91006,False,1,0.9849940192063666,0.9775661414682547,0.9974818119360349,True,4,0.0
sampled_npg_reward_only,uniform,128,91007,False,1,0.9824149503592181,0.9767446202904514,0.9958790425762802,True,4,0.0
sampled_npg_reward_only,uniform,128,91008,False,1,0.9750071297880254,0.9617301838985537,0.9959844403424963,True,4,0.0
sampled_npg_reward_only,uniform,128,91009,False,1,0.9804329117967214,0.9731582635317548,0.9958270978670819,True,4,0.0
sampled_npg_reward_only,uniform,128,91010,False,1,0.9877202772598257,0.9756474424017826,0.99998043175644,True,4,0.0
sampled_npg_reward_only,uniform,128,91011,False,1,0.9742710423100058,0.9610395441134694,0.9952899976276681,True,4,0.0
sampled_npg_reward_only,uniform,128,91012,False,1,0.9846476823068295,0.9810564864185931,0.9957940956001299,True,4,0.0
sampled_npg_reward_only,uniform,128,91013,False,1,0.973601808185239,0.9615615948295282,0.9943729631420235,True,4,0.0
sampled_npg_reward_only,uniform,128,91014,False,1,0.9766211288998126,0.9677776939735786,0.9944968970657996,True,4,0.0
sampled_npg_reward_only,uniform,128,91015,False,1,0.9819980083308392,0.9728262456082202,0.9969426704201831,True,4,0.0
sampled_npg_reward_only,uniform,128,91016,False,1,0.9999145392636735,0.999999996052271,0.9999116642540223,True,4,0.0
sampled_npg_reward_only,uniform,128,91017,False,1,0.9803855692952391,0.9729126868353298,0.9954868128688232,True,4,0.0
sampled_npg_reward_only,uniform,128,91018,False,1,0.9873977289494477,0.9837362047875682,0.996869370401917,True,4,0.0
sampled_npg_reward_only,uniform,128,91019,False,1,0.9786906774145171,0.967560797518096,0.9963733237386468,True,4,0.0
sampled_npg_reward_only,uniform,128,91020,False,1,0.9685925238808565,0.9498240379504326,0.9958996662522143,True,4,0.0
sampled_npg_reward_only,uniform,128,91021,False,1,0.9698512474673253,0.9474789652123051,0.997564201326197,True,4,0.0
sampled_npg_reward_only,uniform,128,91022,False,1,0.9844436815167594,0.9784734289328403,0.9968104724640682,True,4,0.0
sampled_npg_reward_only,uniform,128,91023,False,1,0.9999419678019402,0.9999985565048732,0.9999417344579112,True,4,0.0
sampled_npg_reward_only,uniform,128,91024,False,1,0.9802367478171125,0.9712923774764731,0.996334654129074,True,4,0.0
sampled_npg_reward_only,uniform,128,91025,False,1,0.9795877971152671,0.9688706521260626,0.9963624028204751,True,4,0.0
sampled_npg_reward_only,uniform,128,91026,False,1,0.9792795641418726,0.9701115821767522,0.995778862268911,True,4,0.0
sampled_npg_reward_only,uniform,128,91027,False,1,0.9805597660404244,0.9702429978321713,0.9971053070917817,True,4,0.0
sampled_npg_reward_only,uniform,128,91028,False,1,0.9786149797172655,0.9699048101047915,0.9956125548515504,True,4,0.0
sampled_npg_reward_only,uniform,128,91029,False,1,0.9718137909641914,0.955126891377507,0.9961435859427347,True,4,0.0
sampled_npg_reward_only,uniform,128,91030,False,1,0.9820327356798264,0.9724758022982878,0.9971462708135771,True,4,0.0
sampled_npg_reward_only,uniform,128,91031,False,1,0.9842733276410657,0.9773335754981125,0.9972250266438595,True,4,0.0
sampled_npg_reward_only,uniform,128,91032,False,1,0.9855210139029528,0.9800918529539915,0.9963745729612441,True,4,0.0
sampled_npg_reward_only,uniform,128,91033,False,1,0.9746988282349254,0.9607530697737144,0.9959168011754748,True,4,0.0
sampled_npg_reward_only,uniform,128,91034,False,1,0.9763427837755896,0.9616125091326321,0.9971079925128837,True,4,0.0
sampled_npg_reward_only,uniform,128,91035,False,1,1.0,1.0,1.0,True,4,0.0
sampled_npg_reward_only,uniform,128,91036,False,1,0.9804676300836666,0.9726074568861958,0.9958995181872334,True,4,0.0
sampled_npg_reward_only,uniform,128,91037,False,1,0.9841749696224876,0.9779084440130499,0.9966028280048104,True,4,0.0
sampled_npg_reward_only,uniform,128,91038,False,1,0.9705102728683522,0.9592995553797234,0.9932220982986529,True,4,0.0
sampled_npg_reward_only,uniform,128,91039,False,1,0.9855256922139466,0.9844620260529513,0.9945608439923591,True,4,0.0
sampled_npg_reward_only,uniform,128,91040,False,1,0.976459354431522,0.9654553419226874,0.9953160709467529,True,4,0.0
sampled_npg_reward_only,uniform,128,91041,False,1,0.978517019917366,0.9636269193209995,0.9979261141648212,True,4,0.0
sampled_npg_reward_only,uniform,128,91042,False,1,0.9874326436228915,0.9865409819159998,0.9953225615062635,True,4,0.0
sampled_npg_reward_only,uniform,128,91043,False,1,0.976710249492245,0.9654878234216688,0.9955512708360086,True,4,0.0
sampled_npg_reward_only,uniform,128,91044,False,1,0.9727141790756875,0.959509460064533,0.9950335958920514,True,4,0.0
sampled_npg_reward_only,uniform,128,91045,False,1,0.9852024469466404,0.9775185816294298,0.99747696108648,True,4,0.0
sampled_npg_reward_only,uniform,128,91046,False,1,0.9816466659243972,0.9750510354472639,0.9960476170905445,True,4,0.0
sampled_npg_reward_only,uniform,128,91047,False,1,0.9800858350880249,0.9753525274679158,0.9942990822529564,True,4,0.0
sampled_npg_reward_only,uniform,128,91048,False,1,0.9761425922381403,0.9657405148168525,0.9946826275519505,True,4,0.0
sampled_npg_reward_only,uniform,128,91049,False,1,0.9775901496294113,0.970981801167888,0.9940247243991099,True,4,0.0
sampled_npg_reward_only,uniform,128,91050,False,1,0.9840759549714998,0.9835120366048727,0.9937343892260353,True,4,0.0
sampled_npg_reward_only,uniform,128,91051,False,1,0.9840625888516509,0.9765094036356023,0.9971351766949912,True,4,0.0
sampled_npg_reward_only,uniform,128,91052,False,1,0.985521319552297,0.9840103770418919,0.9947388610284895,True,4,0.0
sampled_npg_reward_only,uniform,128,91053,False,1,0.9815335624269742,0.9696136369181239,0.9978938312897213,True,4,0.0
sampled_npg_reward_only,uniform,128,91054,False,1,0.9777464162074612,0.9686875170276749,0.9956062428416284,True,4,0.0
sampled_npg_reward_only,uniform,128,91055,False,1,0.9997646225167689,0.9999993766353947,0.9997555291281275,True,4,0.0
sampled_npg_reward_only,uniform,128,91056,False,1,0.9759951013464048,0.9673332390079667,0.9944673065843626,True,4,0.0
sampled_npg_reward_only,uniform,128,91057,False,1,0.9768725214728396,0.966078271415274,0.9955157517999443,True,4,0.0
sampled_npg_reward_only,uniform,128,91058,False,1,0.9772339536346732,0.9636579939161591,0.9967483059805661,True,4,0.0
sampled_npg_reward_only,uniform,128,91059,False,1,0.9789639845237664,0.9703475537289044,0.9952766884127123,True,4,0.0
sampled_npg_reward_only,uniform,128,91060,False,1,1.0,1.0,1.0,True,4,0.0
sampled_npg_reward_only,uniform,128,91061,False,1,0.9790667155453672,0.9726325969944773,0.9943124836643878,True,4,0.0
sampled_npg_reward_only,uniform,128,91062,False,1,0.9790422709688203,0.9647242025085623,0.998257163800009,True,4,0.0
sampled_npg_reward_only,uniform,128,91063,False,1,0.9782710154279423,0.9625683067863544,0.9975924136812401,True,4,0.0
sampled_npg_reward_only,uniform,128,91064,False,1,0.9808973003969322,0.9738638465958495,0.9957406297815256,True,4,0.0
sampled_npg_reward_only,uniform,128,91065,False,1,1.0,1.0,1.0,True,4,0.0
sampled_npg_reward_only,uniform,128,91066,False,1,0.9860444314219027,0.9798466345845146,0.9972046263608288,True,4,0.0
sampled_npg_reward_only,uniform,128,91067,False,1,0.9836495253752681,0.9715921761423484,0.9989422648180867,True,4,0.0
sampled_npg_reward_only,uniform,128,91068,False,1,0.9816054289484981,0.9763960593486803,0.9948998980367191,True,4,0.0
sampled_npg_reward_only,uniform,128,91069,False,1,0.9824828120046051,0.9746159395442267,0.9964859174728639,True,4,0.0
sampled_npg_reward_only,uniform,128,91070,False,1,0.9746194327815526,0.9602949431033516,0.9963598194703733,True,4,0.0
sampled_npg_reward_only,uniform,128,91071,False,1,0.976560729756009,0.9626800034696611,0.9970112187517975,True,4,0.0
sampled_npg_reward_only,uniform,128,91072,False,1,0.9999979887343483,0.9999999490257369,0.9999980125910951,True,4,0.0
sampled_npg_reward_only,uniform,128,91073,False,1,0.980239154123736,0.9706447236996848,0.9965067923745149,True,4,0.0
sampled_npg_reward_only,uniform,128,91074,False,1,0.9836341030881389,0.9768138682801838,0.9965229633804041,True,4,0.0
sampled_npg_reward_only,uniform,128,91075,False,1,0.9768111342347015,0.9661435397752965,0.9948119898667054,True,4,0.0
sampled_npg_reward_only,uniform,128,91076,False,1,0.9792271934229654,0.9665355122874079,0.9974142447210956,True,4,0.0
sampled_npg_reward_only,uniform,128,91077,False,1,0.9725969036385539,0.9609689404639916,0.9941670765940539,True,5,0.0
sampled_npg_reward_only,uniform,128,91078,False,1,0.9761268772878009,0.966494002423982,0.9951270114149231,True,4,0.0
sampled_npg_reward_only,uniform,128,91079,False,1,0.9867523198433904,0.9830737194593681,0.9966559717241504,True,4,0.0
sampled_npg_reward_only,uniform,128,91080,False,1,0.9785686832637647,0.9701232650739207,0.9956134498246733,True,4,0.0
sampled_npg_reward_only,uniform,128,91081,False,1,0.977262367165894,0.9623142916738135,0.9975236722478429,True,4,0.0
sampled_npg_reward_only,uniform,128,91082,False,1,0.9781076877961522,0.9656445313394133,0.9967207400244626,True,4,0.0
sampled_npg_reward_only,uniform,128,91083,False,1,0.9741764545335458,0.9586649274442514,0.9965554325494418,True,4,0.0
sampled_npg_reward_only,uniform,128,91084,False,1,0.9908429402462483,0.9829975330371838,0.9997050684743366,True,4,0.0
sampled_npg_reward_only,uniform,128,91085,False,1,0.9789701426318372,0.9636331270880217,0.9985809750703551,True,4,0.0
sampled_npg_reward_only,uniform,128,91086,False,1,0.9696595751828446,0.9523037160916241,0.9958035776656533,True,4,0.0
sampled_npg_reward_only,uniform,128,91087,False,1,0.986934875599898,0.9845359364690326,0.996045446396713,True,4,0.0
sampled_npg_reward_only,uniform,128,91088,False,1,0.9821017094276375,0.9733265862204326,0.9967564954262618,True,4,0.0
sampled_npg_reward_only,uniform,128,91089,False,1,0.9761267893920202,0.9690240045096635,0.9938125562533393,True,4,0.0
sampled_npg_reward_only,uniform,128,91090,False,1,0.9798089746739591,0.9730510756313203,0.9947946388476215,True,4,0.0
sampled_npg_reward_only,uniform,128,91091,False,1,0.9795656030513926,0.9731250114199311,0.9948533145885142,True,4,0.0
sampled_npg_reward_only,uniform,128,91092,False,1,0.9816492327738148,0.9713388099627941,0.9973385423915738,True,4,0.0
sampled_npg_reward_only,uniform,128,91093,False,1,0.9749195799170198,0.9606657554328425,0.9962543714763883,True,4,0.0
sampled_npg_reward_only,uniform,128,91094,False,1,0.9795459065016766,0.9716727249163148,0.9952876458889867,True,4,0.0
sampled_npg_reward_only,uniform,128,91095,False,1,0.9784144104265026,0.9674362329938324,0.996792757451979,True,4,0.0
sampled_npg_reward_only,uniform,128,91096,False,1,0.9764433466584767,0.9618670567712128,0.9968923291290044,True,4,0.0
sampled_npg_reward_only,uniform,128,91097,False,1,0.978659214443958,0.9683242210331083,0.9963276091936097,True,4,0.0
sampled_npg_reward_only,uniform,128,91098,False,1,0.9758143582648331,0.960680590299219,0.9969347801688402,True,4,0.0
sampled_npg_reward_only,uniform,128,91099,False,1,0.9726255835915955,0.9457581931764794,0.9999526236970587,True,4,0.0
sampled_npg_logbarrier_handoff,uniform,128,91000,False,1,0.9949112868351538,0.9953852167715288,0.9981293326353565,True,4,0.0
sampled_npg_logbarrier_handoff,uniform,128,91001,False,1,0.9621008190776411,0.9497673658520407,0.9903723576710466,True,4,0.0
sampled_npg_logbarrier_handoff,uniform,128,91002,False,1,0.974687940471084,0.9772521963140681,0.9883908314906019,True,4,0.0
sampled_npg_logbarrier_handoff,uniform,128,91003,False,1,0.9643746325809708,0.9514079839759182,0.9921380891380824,True,4,0.0
sampled_npg_logbarrier_handoff,uniform,128,91004,False,1,1.0,1.0,1.0,True,4,0.0
sampled_npg_logbarrier_handoff,uniform,128,91005,False,1,0.9648635285831214,0.9471161124159617,0.9937632285281659,True,4,0.0
sampled_npg_logbarrier_handoff,uniform,128,91006,False,1,0.9525537908081985,0.9371776080481924,0.9879442675737741,True,4,0.0
sampled_npg_logbarrier_handoff,uniform,128,91007,False,1,1.0,1.0,1.0,True,4,0.0
sampled_npg_logbarrier_handoff,uniform,128,91008,False,1,0.9857948722065777,0.9829333587542763,0.9958480158630949,True,4,0.0
sampled_npg_logbarrier_handoff,uniform,128,91009,False,1,0.9711286863781918,0.9646643522682641,0.9910678821606792,True,4,0.0
sampled_npg_logbarrier_handoff,uniform,128,91010,False,1,0.9997382974405544,0.9999963301550733,0.9997310815281479,True,4,0.0
sampled_npg_logbarrier_handoff,uniform,128,91011,False,1,1.0,1.0,1.0,True,4,0.0
sampled_npg_logbarrier_handoff,uniform,128,91012,False,1,0.9717723395965884,0.9665870117838568,0.9917585694917819,True,4,0.0
sampled_npg_logbarrier_handoff,uniform,128,91013,False,1,0.9817628099899178,0.9788954761238402,0.994112249201795,True,4,0.0
sampled_npg_logbarrier_handoff,uniform,128,91014,False,1,0.9671106697339718,0.9581747758609429,0.9912127018862064,True,4,0.0
sampled_npg_logbarrier_handoff,uniform,128,91015,False,1,0.9999785433267578,0.9999999999997269,0.9999779410841372,True,4,0.0
sampled_npg_logbarrier_handoff,uniform,128,91016,False,1,0.9528061215096901,0.9341859339238064,0.9899231343686937,True,4,0.0
sampled_npg_logbarrier_handoff,uniform,128,91017,False,1,0.966487801640864,0.9521509448426776,0.9934127578107954,True,4,0.0
sampled_npg_logbarrier_handoff,uniform,128,91018,False,1,0.9496551645864715,0.9337533963882341,0.9855876603458551,True,4,0.0
sampled_npg_logbarrier_handoff,uniform,128,91019,False,1,0.9620922926320442,0.9393245808974052,0.9951264280997092,True,4,0.0
sampled_npg_logbarrier_handoff,uniform,128,91020,False,1,0.9604894299879039,0.9502965320328015,0.9888653713157001,True,4,0.0
sampled_npg_logbarrier_handoff,uniform,128,91021,False,1,0.975703148243649,0.9712943295891813,0.9930017015832595,True,4,0.0
sampled_npg_logbarrier_handoff,uniform,128,91022,False,1,0.9767806723996189,0.9723810972052152,0.9935210867448764,True,4,0.0
sampled_npg_logbarrier_handoff,uniform,128,91023,False,1,0.9797979973340337,0.9731666246061458,0.9958490729865351,True,4,0.0
sampled_npg_logbarrier_handoff,uniform,128,91024,False,1,0.9631251016818871,0.9548948214496041,0.9887566780777273,True,4,0.0
sampled_npg_logbarrier_handoff,uniform,128,91025,False,1,0.9849462140798393,0.9874435878334261,0.9924641947879743,True,4,0.0
sampled_npg_logbarrier_handoff,uniform,128,91026,False,1,0.9938426246404009,0.9884279133888245,0.9998881466686803,True,4,0.0
sampled_npg_logbarrier_handoff,uniform,128,91027,False,1,0.966719655983364,0.9540582594911393,0.9936212478782493,True,4,0.0
sampled_npg_logbarrier_handoff,uniform,128,91028,False,1,0.9771395724064664,0.9674768456770682,0.9956686053985203,True,4,0.0
sampled_npg_logbarrier_handoff,uniform,128,91029,False,1,0.9841655943889177,0.9817859196872126,0.9952212724463622,True,4,0.0
sampled_npg_logbarrier_handoff,uniform,128,91030,False,1,0.9740285565934873,0.9684462178998137,0.992461307561964,True,4,0.0
sampled_npg_logbarrier_handoff,uniform,128,91031,False,1,0.9628757372638792,0.9521112576191477,0.9889952077664325,True,4,0.0
sampled_npg_logbarrier_handoff,uniform,128,91032,False,1,0.9832935061499135,0.9824623041410718,0.9943113886066166,True,4,0.0
sampled_npg_logbarrier_handoff,uniform,128,91033,False,1,0.9780106604034845,0.9721137390692862,0.9948511250278559,True,4,0.0
sampled_npg_logbarrier_handoff,uniform,128,91034,False,1,0.9732061325690762,0.9606805325323716,0.9950029839743828,True,4,0.0
sampled_npg_logbarrier_handoff,uniform,128,91035,False,1,0.9766336405275613,0.9703829769953852,0.993933011085782,True,4,0.0
sampled_npg_logbarrier_handoff,uniform,128,91036,False,1,0.9926293470903143,0.9936345159513347,0.9966765599234019,True,4,0.0
sampled_npg_logbarrier_handoff,uniform,128,91037,False,1,0.9643319348187784,0.9409188731336928,0.9967142368432081,True,4,0.0
sampled_npg_logbarrier_handoff,uniform,128,91038,False,1,0.9616469138420198,0.9482256456403237,0.9916566000824256,True,4,0.0
sampled_npg_logbarrier_handoff,uniform,128,91039,False,1,0.9688898732423077,0.9509263562307941,0.9957557637587234,True,4,0.0
sampled_npg_logbarrier_handoff,uniform,128,91040,False,1,0.9859844638804992,0.9885590426732901,0.9931080419785573,True,4,0.0
sampled_npg_logbarrier_handoff,uniform,128,91041,False,1,0.9841826587515253,0.9850398296243231,0.9935694902400332,True,4,0.0
sampled_npg_logbarrier_handoff,uniform,128,91042,False,1,0.9693365419581046,0.9543356480322605,0.9949513240172242,True,4,0.0
sampled_npg_logbarrier_handoff,uniform,128,91043,False,1,0.9687757212368306,0.9541272156596123,0.9953186654222678,True,4,0.0
sampled_npg_logbarrier_handoff,uniform,128,91044,False,1,0.9823216997951242,0.9795528600166392,0.9946823186226809,True,4,0.0
sampled_npg_logbarrier_handoff,uniform,128,91045,False,1,0.9768366989586221,0.9697692335251838,0.994168442717679,True,4,0.0
sampled_npg_logbarrier_handoff,uniform,128,91046,False,1,1.0,1.0,1.0,True,4,0.0
sampled_npg_logbarrier_handoff,uniform,128,91047,False,1,0.9767607659749007,0.9776520830255411,0.99078632151569,True,4,0.0
sampled_npg_logbarrier_handoff,uniform,128,91048,False,1,0.9999576871923583,0.999995138405459,0.9999617441748763,True,4,0.0
sampled_npg_logbarrier_handoff,uniform,128,91049,False,1,0.9724117940957651,0.9670864927581894,0.9911096383836596,True,4,0.0
sampled_npg_logbarrier_handoff,uniform,128,91050,False,1,0.9893178270903664,0.9912359315211244,0.9951895157303743,True,4,0.0
sampled_npg_logbarrier_handoff,uniform,128,91051,False,1,0.9641231698756086,0.9425724551375774,0.9959466216523312,True,4,0.0
sampled_npg_logbarrier_handoff,uniform,128,91052,False,1,0.9774333082920907,0.9671954245728971,0.9960246313766803,True,4,0.0
sampled_npg_logbarrier_handoff,uniform,128,91053,False,1,1.0,1.0,1.0,True,4,0.0
sampled_npg_logbarrier_handoff,uniform,128,91054,False,1,1.0,1.0,1.0,True,4,0.0
sampled_npg_logbarrier_handoff,uniform,128,91055,False,1,0.9742338180316372,0.9624869797135598,0.9961028948017475,True,4,0.0
sampled_npg_logbarrier_handoff,uniform,128,91056,False,1,0.9796257267962266,0.971617621298315,0.9960381622687398,True,4,0.0
sampled_npg_logbarrier_handoff,uniform,128,91057,False,1,0.9669541697786903,0.9524400673109967,0.9932544382468881,True,4,0.0
sampled_npg_logbarrier_handoff,uniform,128,91058,False,1,0.9846628381474523,0.9874908152816722,0.9927405583849875,True,4,0.0
sampled_npg_logbarrier_handoff,uniform,128,91059,False,1,0.9878390087213775,0.9860997020735034,0.9962017113456888,True,4,0.0
sampled_npg_logbarrier_handoff,uniform,128,91060,False,1,0.9999999974068052,0.9999999974063549,1.0,True,4,0.0
sampled_npg_logbarrier_handoff,uniform,128,91061,False,1,0.9742288136635655,0.9658681517581325,0.9942364402676349,True,4,0.0
sampled_npg_logbarrier_handoff,uniform,128,91062,False,1,0.9772648321548077,0.970104960045692,0.9945956304369168,True,4,0.0
sampled_npg_logbarrier_handoff,uniform,128,91063,False,1,0.978651835911159,0.9744104318159283,0.9937393780535286,True,4,0.0
sampled_npg_logbarrier_handoff,uniform,128,91064,False,1,0.9662368389827204,0.954305307755236,0.9919837338216627,True,4,0.0
sampled_npg_logbarrier_handoff,uniform,128,91065,False,1,0.9468977520379099,0.9360224771422585,0.9826562505342018,True,4,0.0
sampled_npg_logbarrier_handoff,uniform,128,91066,False,1,0.9709670218416944,0.9576056590321717,0.9948191692058035,True,4,0.0
sampled_npg_logbarrier_handoff,uniform,128,91067,False,1,0.9781669961009953,0.975965895450958,0.9923019826307439,True,4,0.0
sampled_npg_logbarrier_handoff,uniform,128,91068,False,1,0.9999992379636701,0.999999224995566,1.0,True,4,0.0
sampled_npg_logbarrier_handoff,uniform,128,91069,False,1,0.9882960409398466,0.9874624952019457,0.9959425653500381,True,4,0.0
sampled_npg_logbarrier_handoff,uniform,128,91070,False,1,0.9646008478899385,0.9507926003082999,0.9926522195185465,True,4,0.0
sampled_npg_logbarrier_handoff,uniform,128,91071,False,1,0.9746887233699753,0.9707893641329588,0.9916024778292394,True,4,0.0
sampled_npg_logbarrier_handoff,uniform,128,91072,False,1,0.9764157771196972,0.9701244715075057,0.9940103441524517,True,4,0.0
sampled_npg_logbarrier_handoff,uniform,128,91073,False,1,0.9818738096832642,0.9773408707911845,0.9948114703448372,True,4,0.0
sampled_npg_logbarrier_handoff,uniform,128,91074,False,1,0.9677168583003223,0.9557777507533052,0.9937472165189902,True,4,0.0
sampled_npg_logbarrier_handoff,uniform,128,91075,False,1,0.9850754412995841,0.9850209142113017,0.9944516952677624,True,4,0.0
sampled_npg_logbarrier_handoff,uniform,128,91076,False,1,0.9938914124611294,0.9877837533375925,0.9999999412191726,True,4,0.0
sampled_npg_logbarrier_handoff,uniform,128,91077,False,1,0.9777075077997721,0.9724278625103792,0.9945788360028199,True,5,0.0
sampled_npg_logbarrier_handoff,uniform,128,91078,False,1,0.966691961462999,0.9545306723977511,0.9920931635196332,True,4,0.0
sampled_npg_logbarrier_handoff,uniform,128,91079,False,1,0.9801960452445476,0.9711750565684689,0.9962985863476905,True,4,0.0
sampled_npg_logbarrier_handoff,uniform,128,91080,False,1,0.9787317466703584,0.973973242600075,0.9947061687545845,True,4,0.0
sampled_npg_logbarrier_handoff,uniform,128,91081,False,1,0.9652327527865211,0.9624621054308173,0.986089220371373,True,4,0.0
sampled_npg_logbarrier_handoff,uniform,128,91082,False,1,0.9729942704620901,0.9677161251969387,0.992137416210218,True,4,0.0
sampled_npg_logbarrier_handoff,uniform,128,91083,False,1,0.9657948950972027,0.9615380479324875,0.9873318961556042,True,4,0.0
sampled_npg_logbarrier_handoff,uniform,128,91084,False,1,0.9878461979970105,0.9911816145920136,0.9943720392379366,True,4,0.0
sampled_npg_logbarrier_handoff,uniform,128,91085,False,1,0.970500133076483,0.9613256591430552,0.9919836439279154,True,4,0.0
sampled_npg_logbarrier_handoff,uniform,128,91086,False,1,1.0,1.0,1.0,True,4,0.0
sampled_npg_logbarrier_handoff,uniform,128,91087,False,1,0.9558953402697832,0.9365648428222717,0.9910928972361766,True,4,0.0
sampled_npg_logbarrier_handoff,uniform,128,91088,False,1,0.9589640547280721,0.9466277790181072,0.9889029870734364,True,4,0.0
sampled_npg_logbarrier_handoff,uniform,128,91089,False,1,1.0,1.0,1.0,True,4,0.0
sampled_npg_logbarrier_handoff,uniform,128,91090,False,1,0.9699676067339091,0.9556240603096074,0.995490047812561,True,4,0.0
sampled_npg_logbarrier_handoff,uniform,128,91091,False,1,0.9718604376520118,0.9623814110207829,0.9936568794325603,True,4,0.0
sampled_npg_logbarrier_handoff,uniform,128,91092,False,1,0.9849129306507082,0.9817018614085222,0.9954062371245224,True,4,0.0
sampled_npg_logbarrier_handoff,uniform,128,91093,False,1,0.9614532867498434,0.9514467013607066,0.9891214606835013,True,4,0.0
sampled_npg_logbarrier_handoff,uniform,128,91094,False,1,0.981305481490994,0.9784623991132784,0.9943141722919699,True,4,0.0
sampled_npg_logbarrier_handoff,uniform,128,91095,False,1,0.9796930895891293,0.9818230739036815,0.9904719786256749,True,4,0.0
sampled_npg_logbarrier_handoff,uniform,128,91096,False,1,0.982919662051106,0.9792307172208993,0.9957689772847627,True,4,0.0
sampled_npg_logbarrier_handoff,uniform,128,91097,False,1,1.0,1.0,1.0,True,4,0.0
sampled_npg_logbarrier_handoff,uniform,128,91098,False,1,1.0,1.0,1.0,True,4,0.0
sampled_npg_logbarrier_handoff,uniform,128,91099,False,1,1.0,1.0,1.0,True,4,0.0
sampled_pg_logbarrier_fixed,uniform,128,91000,True,0,0.5015380595066017,0.48559714143176946,0.6680079062276879,False,134,0.0
sampled_pg_logbarrier_fixed,uniform,128,91001,True,0,0.506394329186606,0.4930314686572997,0.6732251330030056,False,134,0.0
sampled_pg_logbarrier_fixed,uniform,128,91002,True,0,0.5090778937937501,0.4999886663155544,0.675308983722279,False,131,0.0
sampled_pg_logbarrier_fixed,uniform,128,91003,True,0,0.5126777474328679,0.5089435419178165,0.6780215829127374,False,134,0.0
sampled_pg_logbarrier_fixed,uniform,128,91004,True,0,0.4988804068838866,0.4802433752396099,0.6643112252982963,False,133,0.0
sampled_pg_logbarrier_fixed,uniform,128,91005,True,0,0.5018311752777838,0.48314405443045244,0.6691887227568825,False,127,0.0
sampled_pg_logbarrier_fixed,uniform,128,91006,True,0,0.5047755377716934,0.488799002971849,0.6721051958159427,False,130,0.0
sampled_pg_logbarrier_fixed,uniform,128,91007,True,0,0.5015193875963657,0.4869598089837511,0.6667943900211669,False,137,0.0
sampled_pg_logbarrier_fixed,uniform,128,91008,True,0,0.5037028623894749,0.4853095112128676,0.6718361827282047,False,134,0.0
sampled_pg_logbarrier_fixed,uniform,128,91009,True,0,0.5069424862191202,0.49758060262235604,0.6726212113473076,False,135,0.0
sampled_pg_logbarrier_fixed,uniform,128,91010,True,0,0.5038398508224136,0.4901341323642697,0.6695411100821381,False,137,0.0
sampled_pg_logbarrier_fixed,uniform,128,91011,True,0,0.5025054658364798,0.48387067236328335,0.6698411285402215,False,129,0.0
sampled_pg_logbarrier_fixed,uniform,128,91012,True,0,0.5076261152958024,0.49524980645186356,0.6744464773488658,False,129,0.0
sampled_pg_logbarrier_fixed,uniform,128,91013,True,0,0.5077912487327064,0.4978472815489607,0.6738310400241558,False,132,0.0
sampled_pg_logbarrier_fixed,uniform,128,91014,True,0,0.5063906128670225,0.4946043461331864,0.6728379996090567,False,141,0.0
sampled_pg_logbarrier_fixed,uniform,128,91015,True,0,0.5029331114454724,0.48918064090526064,0.6686460431115656,False,133,0.0
sampled_pg_logbarrier_fixed,uniform,128,91016,True,0,0.5018329628826986,0.486111058672908,0.6678872159062532,False,137,0.0
sampled_pg_logbarrier_fixed,uniform,128,91017,True,0,0.5076283781080267,0.49760160902337064,0.6735736716118207,False,129,0.0
sampled_pg_logbarrier_fixed,uniform,128,91018,True,0,0.4985211281230078,0.47730560774590675,0.6653911162743372,False,133,0.0
sampled_pg_logbarrier_fixed,uniform,128,91019,True,0,0.5051923626899086,0.492355542570936,0.6716167139774708,False,134,0.0
sampled_pg_logbarrier_fixed,uniform,128,91020,True,0,0.49872497185849124,0.4791573425963322,0.6652305221748319,False,135,0.0
sampled_pg_logbarrier_fixed,uniform,128,91021,True,0,0.503178966095659,0.48956995052063,0.6686126456659569,False,140,0.0
sampled_pg_logbarrier_fixed,uniform,128,91022,True,0,0.5065502566873911,0.49459571718820544,0.673329039940737,False,128,0.0
sampled_pg_logbarrier_fixed,uniform,128,91023,True,0,0.503063020526087,0.4863484510287243,0.6699030243810047,False,138,0.0
sampled_pg_logbarrier_fixed,uniform,128,91024,True,0,0.5047252052268366,0.4915643105873999,0.6709948648425287,False,137,0.0
sampled_pg_logbarrier_fixed,uniform,128,91025,True,0,0.5056631807574226,0.48995150731490633,0.6733674975440602,False,131,0.0
sampled_pg_logbarrier_fixed,uniform,128,91026,True,0,0.5062634230209037,0.4930219004005913,0.6729521166293199,False,128,0.0
sampled_pg_logbarrier_fixed,uniform,128,91027,True,0,0.508210545185573,0.4979365514390003,0.6744391249565542,False,131,0.0
sampled_pg_logbarrier_fixed,uniform,128,91028,True,0,0.5102043407718555,0.5023474597408802,0.6766292912491295,False,133,0.0
sampled_pg_logbarrier_fixed,uniform,128,91029,True,0,0.5067954113869055,0.4911692122591727,0.6750596314671139,False,127,0.0
sampled_pg_logbarrier_fixed,uniform,128,91030,True,0,0.5005483441197849,0.47924829115982115,0.6684410314443039,False,129,0.0
sampled_pg_logbarrier_fixed,uniform,128,91031,True,0,0.503361996673999,0.4915094733086047,0.6684837034775286,False,135,0.0
sampled_pg_logbarrier_fixed,uniform,128,91032,True,0,0.5084716307025671,0.500118783142564,0.6740468108026995,False,127,0.0
sampled_pg_logbarrier_fixed,uniform,128,91033,True,0,0.5031018885379661,0.4894871128749496,0.6684290307733863,False,134,0.0
sampled_pg_logbarrier_fixed,uniform,128,91034,True,0,0.5054847839346751,0.4922780539896771,0.6716528792242049,False,133,0.0
sampled_pg_logbarrier_fixed,uniform,128,91035,True,0,0.5057492871483374,0.49359180807048547,0.6720195819426077,False,143,0.0
sampled_pg_logbarrier_fixed,uniform,128,91036,True,0,0.5024622702926237,0.4868134792489451,0.6687787262054236,False,136,0.0
sampled_pg_logbarrier_fixed,uniform,128,91037,True,0,0.501748298877954,0.4835429981804617,0.6686761570553107,False,130,0.0
sampled_pg_logbarrier_fixed,uniform,128,91038,True,0,0.5111315409490228,0.5060629086851538,0.6764216209091535,False,134,0.0
sampled_pg_logbarrier_fixed,uniform,128,91039,True,0,0.5023213187679971,0.48680605120750353,0.6679122039371767,False,129,0.0
sampled_pg_logbarrier_fixed,uniform,128,91040,True,0,0.5044561378141297,0.49490394071372973,0.6685136289993603,False,141,0.0
sampled_pg_logbarrier_fixed,uniform,128,91041,True,0,0.5061907436273392,0.4940438412878061,0.6727978976667032,False,131,0.0
sampled_pg_logbarrier_fixed,uniform,128,91042,True,0,0.4999476963818149,0.48068668714733853,0.6668953340304202,False,135,0.0
sampled_pg_logbarrier_fixed,uniform,128,91043,True,0,0.50490683747598,0.48837142584727333,0.6725981432574859,False,130,0.0
sampled_pg_logbarrier_fixed,uniform,128,91044,True,0,0.5058578150763346,0.4940152153601847,0.6715392796828386,False,134,0.0
sampled_pg_logbarrier_fixed,uniform,128,91045,True,0,0.5054129236357348,0.4935919060092934,0.6714423634223449,False,134,0.0
sampled_pg_logbarrier_fixed,uniform,128,91046,True,0,0.5005498918652276,0.4833248133691133,0.666327186938013,False,140,0.0
sampled_pg_logbarrier_fixed,uniform,128,91047,True,0,0.5016542407835903,0.4855665038344009,0.6676946577224206,False,134,0.0
sampled_pg_logbarrier_fixed,uniform,128,91048,True,0,0.5067608802800575,0.49545147657050054,0.6730163869282781,False,134,0.0
sampled_pg_logbarrier_fixed,uniform,128,91049,True,0,0.5057774885177739,0.4928147373278488,0.6725949487225505,False,133,0.0
sampled_pg_logbarrier_fixed,uniform,128,91050,True,0,0.5067786796272765,0.49033871341236573,0.6753482077121862,False,131,0.0
sampled_pg_logbarrier_fixed,uniform,128,91051,True,0,0.5092569146954414,0.49812799692447907,0.6758147935948877,False,124,0.0
sampled_pg_logbarrier_fixed,uniform,128,91052,True,0,0.5043183060324581,0.48884064215203793,0.6709669669007347,False,135,0.0
sampled_pg_logbarrier_fixed,uniform,128,91053,True,0,0.504544624391805,0.49005907852731756,0.6707801100484863,False,131,0.0
sampled_pg_logbarrier_fixed,uniform,128,91054,True,0,0.505969423024078,0.4915772942379128,0.6733448170968173,False,133,0.0
sampled_pg_logbarrier_fixed,uniform,128,91055,True,0,0.5074236672773293,0.4982831637322218,0.6732576270005733,False,132,0.0
sampled_pg_logbarrier_fixed,uniform,128,91056,True,0,0.5041823441091482,0.49161547174734305,0.6699270091153837,False,138,0.0
sampled_pg_logbarrier_fixed,uniform,128,91057,True,0,0.5052397540151025,0.49196710925378456,0.6716021314455994,False,135,0.0
sampled_pg_logbarrier_fixed,uniform,128,91058,True,0,0.5063207178845852,0.4940022666935743,0.6728032967955584,False,135,0.0
sampled_pg_logbarrier_fixed,uniform,128,91059,True,0,0.4999250704089724,0.47892152448067005,0.6672368317838343,False,136,0.0
sampled_pg_logbarrier_fixed,uniform,128,91060,True,0,0.5107243095830809,0.49986390503684724,0.6786432974571933,False,133,0.0
sampled_pg_logbarrier_fixed,uniform,128,91061,True,0,0.5094969266895423,0.49932277971179767,0.676088043381087,False,132,0.0
sampled_pg_logbarrier_fixed,uniform,128,91062,True,0,0.5013456137734822,0.4862287416009238,0.6669985421228698,False,139,0.0
sampled_pg_logbarrier_fixed,uniform,128,91063,True,0,0.5047401071364712,0.4896600787968506,0.6715217077582263,False,130,0.0
sampled_pg_logbarrier_fixed,uniform,128,91064,True,0,0.5019522569238483,0.4867717060264599,0.6678854774831886,False,141,0.0
sampled_pg_logbarrier_fixed,uniform,128,91065,True,0,0.5052676612858691,0.49157744303820883,0.6720216088778477,False,137,0.0
sampled_pg_logbarrier_fixed,uniform,128,91066,True,0,0.5046101135576224,0.4909331826801556,0.6714751615023116,False,136,0.0
sampled_pg_logbarrier_fixed,uniform,128,91067,True,0,0.5045012257020233,0.48955127979242363,0.6710726687691247,False,130,0.0
sampled_pg_logbarrier_fixed,uniform,128,91068,True,0,0.5024371910564099,0.4846396038283597,0.6695041626117646,False,135,0.0
sampled_pg_logbarrier_fixed,uniform,128,91069,True,0,0.505003313736645,0.491054156372183,0.6716888508745982,False,131,0.0
sampled_pg_logbarrier_fixed,uniform,128,91070,True,0,0.5024259951618661,0.486446392462188,0.6688194918043671,False,132,0.0
sampled_pg_logbarrier_fixed,uniform,128,91071,True,0,0.5055603915177538,0.49293668926298917,0.6717330063491802,False,124,0.0
sampled_pg_logbarrier_fixed,uniform,128,91072,True,0,0.50899704528989,0.5022753781351156,0.6738611235519454,False,134,0.0
sampled_pg_logbarrier_fixed,uniform,128,91073,True,0,0.5044317480459953,0.4906890186685547,0.670995099220489,False,130,0.0
sampled_pg_logbarrier_fixed,uniform,128,91074,True,0,0.5068420155966666,0.49507878418156737,0.6732772437006442,False,131,0.0
sampled_pg_logbarrier_fixed,uniform,128,91075,True,0,0.5023434918974745,0.4874507084074247,0.6680248135709093,False,135,0.0
sampled_pg_logbarrier_fixed,uniform,128,91076,True,0,0.5088053023301696,0.49896817142914784,0.6750809021490463,False,135,0.0
sampled_pg_logbarrier_fixed,uniform,128,91077,True,0,0.5076768304834625,0.49665972198447905,0.6742681000512933,False,130,0.0
sampled_pg_logbarrier_fixed,uniform,128,91078,True,0,0.5055214847369869,0.49296698386119836,0.6718122628805396,False,131,0.0
sampled_pg_logbarrier_fixed,uniform,128,91079,True,0,0.5135636127847337,0.5081909789751269,0.6796435846035591,False,130,0.0
sampled_pg_logbarrier_fixed,uniform,128,91080,True,0,0.5081035375377003,0.4946524414382304,0.6758582613000405,False,129,0.0
sampled_pg_logbarrier_fixed,uniform,128,91081,True,0,0.49852835104958126,0.4793159533170848,0.6643918965205963,False,130,0.0
sampled_pg_logbarrier_fixed,uniform,128,91082,True,0,0.5029007459021884,0.4891573745339237,0.6685238209954047,False,142,0.0
sampled_pg_logbarrier_fixed,uniform,128,91083,True,0,0.5084388366262932,0.4980371471038273,0.6748661186829024,False,127,0.0
sampled_pg_logbarrier_fixed,uniform,128,91084,True,0,0.5005506972302125,0.48344027289888875,0.6666596222255958,False,143,0.0
sampled_pg_logbarrier_fixed,uniform,128,91085,True,0,0.5090641434460537,0.4969846056740274,0.6764916306634342,False,129,0.0
sampled_pg_logbarrier_fixed,uniform,128,91086,True,0,0.5021633030847179,0.48973335229062465,0.666785858378343,False,140,0.0
sampled_pg_logbarrier_fixed,uniform,128,91087,True,0,0.5117569350443175,0.5055562318821244,0.6776899857288085,False,134,0.0
sampled_pg_logbarrier_fixed,uniform,128,91088,True,0,0.5016558792703651,0.4865464784962928,0.6676657485784471,False,138,0.0
sampled_pg_logbarrier_fixed,uniform,128,91089,True,0,0.5075947980339505,0.49401984089317674,0.675143388898001,False,133,0.0
sampled_pg_logbarrier_fixed,uniform,128,91090,True,0,0.5059564666809249,0.49447293603409875,0.6718256132258897,False,136,0.0
sampled_pg_logbarrier_fixed,uniform,128,91091,True,0,0.5004902558943087,0.4844567219062911,0.6661928318916113,False,139,0.0
sampled_pg_logbarrier_fixed,uniform,128,91092,True,0,0.5023784584302049,0.4861141520154162,0.6687055655670757,False,134,0.0
sampled_pg_logbarrier_fixed,uniform,128,91093,True,0,0.5035490031915033,0.48840059974863625,0.6702281965819649,False,134,0.0
sampled_pg_logbarrier_fixed,uniform,128,91094,True,0,0.5042763452445784,0.49154272728345766,0.6694387387121672,False,137,0.0
sampled_pg_logbarrier_fixed,uniform,128,91095,True,0,0.5042362689560703,0.486287124499728,0.6725230151997126,False,133,0.0
sampled_pg_logbarrier_fixed,uniform,128,91096,True,0,0.508359959906276,0.5015581129563285,0.6730128551870131,False,134,0.0
sampled_pg_logbarrier_fixed,uniform,128,91097,True,0,0.5034159840850767,0.49042837371274345,0.6690809779877519,False,144,0.0
sampled_pg_logbarrier_fixed,uniform,128,91098,True,0,0.503388213262892,0.4888761893926712,0.6696421292630435,False,134,0.0
sampled_pg_logbarrier_fixed,uniform,128,91099,True,0,0.5008630135893198,0.48171898004685204,0.6679663873590036,False,130,0.0
sampled_npg_logbarrier_fixed,uniform,128,91000,True,0,0.6303681988696174,0.6326330365437406,0.780461422921929,False,4,0.0
sampled_npg_logbarrier_fixed,uniform,128,91001,True,0,0.5990201333355663,0.5848438867586639,0.753094081055952,False,4,0.0
sampled_npg_logbarrier_fixed,uniform,128,91002,True,0,0.6395795080873108,0.6465240687884481,0.7854582596475775,False,4,0.0
sampled_npg_logbarrier_fixed,uniform,128,91003,True,0,0.6298521007762696,0.6058831640131055,0.795739636972897,False,4,0.0
sampled_npg_logbarrier_fixed,uniform,128,91004,True,0,0.6323837157513638,0.651228130748474,0.762261136989934,False,4,0.0
sampled_npg_logbarrier_fixed,uniform,128,91005,True,0,0.5970544247822525,0.5645352223919411,0.7649876537764297,False,4,0.0
sampled_npg_logbarrier_fixed,uniform,128,91006,True,0,0.613876829511685,0.6179613949966196,0.76214897836633,False,4,0.0
sampled_npg_logbarrier_fixed,uniform,128,91007,True,0,0.6242349001265878,0.6310257018785275,0.7680387143522658,False,4,0.0
sampled_npg_logbarrier_fixed,uniform,128,91008,True,0,0.6132135336074043,0.5971720496478733,0.7713529292310329,False,4,0.0
sampled_npg_logbarrier_fixed,uniform,128,91009,True,0,0.6285519854913152,0.6423432768179687,0.7733900150982522,False,4,0.0
sampled_npg_logbarrier_fixed,uniform,128,91010,True,0,0.6238853072942936,0.6343605904009256,0.7624130130269142,False,4,0.0
sampled_npg_logbarrier_fixed,uniform,128,91011,True,0,0.6173798634709025,0.6137088568346472,0.7693265431402968,False,4,0.0
sampled_npg_logbarrier_fixed,uniform,128,91012,True,0,0.634219820748513,0.6406204121878113,0.7804103641754134,False,4,0.0
sampled_npg_logbarrier_fixed,uniform,128,91013,True,0,0.637574977406581,0.6345525288109972,0.789919130964662,False,4,0.0
sampled_npg_logbarrier_fixed,uniform,128,91014,True,0,0.6515832753893294,0.6914197829890166,0.7790237728182824,False,4,0.0
sampled_npg_logbarrier_fixed,uniform,128,91015,True,0,0.6321323276382724,0.6438598908048542,0.7737382942693439,False,4,0.0
sampled_npg_logbarrier_fixed,uniform,128,91016,True,0,0.6579974278880658,0.7085525230814972,0.7837497927828816,False,4,0.0
sampled_npg_logbarrier_fixed,uniform,128,91017,True,0,0.5831670684556017,0.5603037386657722,0.745155216148573,False,4,0.0
sampled_npg_logbarrier_fixed,uniform,128,91018,True,0,0.5971986560613917,0.5898245021239634,0.7479825424552569,False,4,0.0
sampled_npg_logbarrier_fixed,uniform,128,91019,True,0,0.6219210477712455,0.6541513785332613,0.754832684089176,False,4,0.0
sampled_npg_logbarrier_fixed,uniform,128,91020,True,0,0.6013390027359509,0.5996758338212888,0.7549115608782323,False,4,0.0
sampled_npg_logbarrier_fixed,uniform,128,91021,True,0,0.6581094936217686,0.6664222632789071,0.8044345532673302,False,4,0.0
sampled_npg_logbarrier_fixed,uniform,128,91022,True,0,0.6195837406304794,0.6098485272716432,0.7718197425101891,False,4,0.0
sampled_npg_logbarrier_fixed,uniform,128,91023,True,0,0.6049325500114865,0.5935870977154586,0.7545963238262366,False,4,0.0
sampled_npg_logbarrier_fixed,uniform,128,91024,True,0,0.6063556334407117,0.5906793837927042,0.7621810249273175,False,4,0.0
sampled_npg_logbarrier_fixed,uniform,128,91025,True,0,0.6095218858816338,0.5741465844336742,0.7808194240740518,False,4,0.0
sampled_npg_logbarrier_fixed,uniform,128,91026,True,0,0.6431131113414141,0.6479761905849416,0.7906947881361761,False,4,0.0
sampled_npg_logbarrier_fixed,uniform,128,91027,True,0,0.6470796471905959,0.664441002099909,0.786657901852192,False,4,0.0
sampled_npg_logbarrier_fixed,uniform,128,91028,True,0,0.6395676593692907,0.6297609204890873,0.7925111151029958,False,4,0.0
sampled_npg_logbarrier_fixed,uniform,128,91029,True,0,0.6153127939374455,0.5958689821572649,0.7785045841031575,False,4,0.0
sampled_npg_logbarrier_fixed,uniform,128,91030,True,0,0.6106233513768211,0.591401093286829,0.7722779292949911,False,4,0.0
sampled_npg_logbarrier_fixed,uniform,128,91031,True,0,0.61938181435503,0.6294111737598428,0.7642070099484428,False,4,0.0
sampled_npg_logbarrier_fixed,uniform,128,91032,True,0,0.6287870366528635,0.6203897599906026,0.7855956824939907,False,4,0.0
sampled_npg_logbarrier_fixed,uniform,128,91033,True,0,0.6626308114706506,0.6915847630548976,0.7942350870396553,False,4,0.0
sampled_npg_logbarrier_fixed,uniform,128,91034,True,0,0.6071420575696349,0.6007869225829074,0.7564102627525843,False,4,0.0
sampled_npg_logbarrier_fixed,uniform,128,91035,True,0,0.6240890047024025,0.6259072816342898,0.7725199068288975,False,4,0.0
sampled_npg_logbarrier_fixed,uniform,128,91036,True,0,0.6330103735862594,0.6457394062570234,0.7762230019159082,False,4,0.0
sampled_npg_logbarrier_fixed,uniform,128,91037,True,0,0.6022000746884086,0.579019843825788,0.7647128295503657,False,4,0.0
sampled_npg_logbarrier_fixed,uniform,128,91038,True,0,0.623765664401454,0.6167673801092903,0.7805248724574766,False,4,0.0
sampled_npg_logbarrier_fixed,uniform,128,91039,True,0,0.6229242825261065,0.6411815914865032,0.7627196662316992,False,4,0.0
sampled_npg_logbarrier_fixed,uniform,128,91040,True,0,0.612649438311718,0.6245712275646526,0.7567247535703441,False,4,0.0
sampled_npg_logbarrier_fixed,uniform,128,91041,True,0,0.6348228108627701,0.6607618601066486,0.7691072511684961,False,4,0.0
sampled_npg_logbarrier_fixed,uniform,128,91042,True,0,0.6168423001498927,0.6159840988479931,0.7682761501901593,False,4,0.0
sampled_npg_logbarrier_fixed,uniform,128,91043,True,0,0.6372669494469217,0.6482600495621793,0.7822368621055803,False,4,0.0
sampled_npg_logbarrier_fixed,uniform,128,91044,True,0,0.6247179240289846,0.6656841149986726,0.7530332642429753,False,4,0.0
sampled_npg_logbarrier_fixed,uniform,128,91045,True,0,0.6336117650133953,0.6440711686449818,0.7759492642179051,False,4,0.0
sampled_npg_logbarrier_fixed,uniform,128,91046,True,0,0.5925102838190758,0.5885909664329754,0.7426220689224904,False,4,0.0
sampled_npg_logbarrier_fixed,uniform,128,91047,True,0,0.5908694936903675,0.5838263109875776,0.7421274573565679,False,4,0.0
sampled_npg_logbarrier_fixed,uniform,128,91048,True,0,0.6204938434731134,0.6280469314505557,0.7684023332499723,False,4,0.0
sampled_npg_logbarrier_fixed,uniform,128,91049,True,0,0.6480627086725114,0.6607805952971874,0.7901173391862283,False,4,0.0
sampled_npg_logbarrier_fixed,uniform,128,91050,True,0,0.5871081014329652,0.5308598203881069,0.7680697733999743,False,4,0.0
sampled_npg_logbarrier_fixed,uniform,128,91051,True,0,0.6377025575408299,0.6380731987032727,0.7881217691119986,False,4,0.0
sampled_npg_logbarrier_fixed,uniform,128,91052,True,0,0.6247723309424549,0.6060962769474846,0.783506663690829,False,4,0.0
sampled_npg_logbarrier_fixed,uniform,128,91053,True,0,0.6012253316452407,0.6115579998614583,0.7447366373083762,False,4,0.0
sampled_npg_logbarrier_fixed,uniform,128,91054,True,0,0.643685507144037,0.6679259582534269,0.7843550239158132,False,4,0.0
sampled_npg_logbarrier_fixed,uniform,128,91055,True,0,0.6178070467421825,0.611065572615716,0.7777101655123996,False,4,0.0
sampled_npg_logbarrier_fixed,uniform,128,91056,True,0,0.6219411364684533,0.6093823676234735,0.7764815146411138,False,4,0.0
sampled_npg_logbarrier_fixed,uniform,128,91057,True,0,0.6290752339639141,0.6266427467378928,0.7763657485666772,False,4,0.0
sampled_npg_logbarrier_fixed,uniform,128,91058,True,0,0.6150977965532145,0.62292828138508,0.7590700058127118,False,4,0.0
sampled_npg_logbarrier_fixed,uniform,128,91059,True,0,0.5578988296959713,0.5043694932048327,0.7282758254224564,False,4,0.0
sampled_npg_logbarrier_fixed,uniform,128,91060,True,0,0.6613140590230436,0.6676558990468449,0.8098994177517447,False,4,0.0
sampled_npg_logbarrier_fixed,uniform,128,91061,True,0,0.6410452010479191,0.6397523473659994,0.7925487074212455,False,4,0.0
sampled_npg_logbarrier_fixed,uniform,128,91062,True,0,0.6363303549664641,0.6646372339682922,0.7710234026512237,False,4,0.0
sampled_npg_logbarrier_fixed,uniform,128,91063,True,0,0.6032221695811011,0.5993933450783404,0.7478688897626965,False,4,0.0
sampled_npg_logbarrier_fixed,uniform,128,91064,True,0,0.6165652417458953,0.6112784799774088,0.7668096547609404,False,4,0.0
sampled_npg_logbarrier_fixed,uniform,128,91065,True,0,0.6160406352769412,0.628348355538917,0.7546931098276846,False,4,0.0
sampled_npg_logbarrier_fixed,uniform,128,91066,True,0,0.6218136703019556,0.6385988004494768,0.7564559965248815,False,4,0.0
sampled_npg_logbarrier_fixed,uniform,128,91067,True,0,0.6308591225419636,0.6418840352653856,0.7711522236860202,False,4,0.0
sampled_npg_logbarrier_fixed,uniform,128,91068,True,0,0.6094478627439643,0.5997010776660827,0.7611330801220499,False,4,0.0
sampled_npg_logbarrier_fixed,uniform,128,91069,True,0,0.6314540944524202,0.665057448420491,0.7644706872733366,False,4,0.0
sampled_npg_logbarrier_fixed,uniform,128,91070,True,0,0.6016697858055673,0.586056499711871,0.7601407685290885,False,4,0.0
sampled_npg_logbarrier_fixed,uniform,128,91071,True,0,0.6107414854251285,0.6228366017227785,0.7562202813219469,False,4,0.0
sampled_npg_logbarrier_fixed,uniform,128,91072,True,0,0.6124808392258635,0.6215019991840157,0.7612398040539853,False,4,0.0
sampled_npg_logbarrier_fixed,uniform,128,91073,True,0,0.6025292231602126,0.5991918545354169,0.7502030914732306,False,4,0.0
sampled_npg_logbarrier_fixed,uniform,128,91074,True,0,0.609882055534311,0.6094541079903606,0.7577668094901178,False,4,0.0
sampled_npg_logbarrier_fixed,uniform,128,91075,True,0,0.6231593072954161,0.6561482636243446,0.7544887572738326,False,4,0.0
sampled_npg_logbarrier_fixed,uniform,128,91076,True,0,0.6423166257923162,0.6725979449494863,0.7726959387583054,False,4,0.0
sampled_npg_logbarrier_fixed,uniform,128,91077,True,0,0.6134578155240729,0.5979984155356647,0.7739070368412799,False,5,0.0
sampled_npg_logbarrier_fixed,uniform,128,91078,True,0,0.6227560014579543,0.6457313287140295,0.7606341760456138,False,4,0.0
sampled_npg_logbarrier_fixed,uniform,128,91079,True,0,0.6285052977111144,0.6325438980847471,0.7772748533675959,False,4,0.0
sampled_npg_logbarrier_fixed,uniform,128,91080,True,0,0.5866315169317259,0.5447343276555154,0.7595190848747302,False,4,0.0
sampled_npg_logbarrier_fixed,uniform,128,91081,True,0,0.614435256106704,0.619047631521164,0.7550396267697697,False,4,0.0
sampled_npg_logbarrier_fixed,uniform,128,91082,True,0,0.6060004520178887,0.6238762678021122,0.7425897440892304,False,4,0.0
sampled_npg_logbarrier_fixed,uniform,128,91083,True,0,0.6514970644124102,0.6875825959607303,0.784598730457026,False,4,0.0
sampled_npg_logbarrier_fixed,uniform,128,91084,True,0,0.6264746613619496,0.6399814415624597,0.7733429271412526,False,4,0.0
sampled_npg_logbarrier_fixed,uniform,128,91085,True,0,0.6339691206052803,0.6426552253682694,0.776475818211821,False,4,0.0
sampled_npg_logbarrier_fixed,uniform,128,91086,True,0,0.6217995939725036,0.6196548849181969,0.7726898153477257,False,4,0.0
sampled_npg_logbarrier_fixed,uniform,128,91087,True,0,0.6166673933487503,0.6105497964449742,0.7685018852426178,False,4,0.0
sampled_npg_logbarrier_fixed,uniform,128,91088,True,0,0.6347762603046531,0.6661189904583102,0.764406093992565,False,4,0.0
sampled_npg_logbarrier_fixed,uniform,128,91089,True,0,0.6010506685765478,0.6140270059989233,0.7416104510075195,False,4,0.0
sampled_npg_logbarrier_fixed,uniform,128,91090,True,0,0.6201790754613039,0.6308040556826033,0.7648182744112884,False,4,0.0
sampled_npg_logbarrier_fixed,uniform,128,91091,True,0,0.6249220847746593,0.6296119697642012,0.7755030142135497,False,4,0.0
sampled_npg_logbarrier_fixed,uniform,128,91092,True,0,0.6322623184010967,0.636018140353422,0.779356844556498,False,4,0.0
sampled_npg_logbarrier_fixed,uniform,128,91093,True,0,0.6320799689066077,0.6402185441215512,0.773424064459734,False,4,0.0
sampled_npg_logbarrier_fixed,uniform,128,91094,True,0,0.6183030243768196,0.6298772041818345,0.764425282119333,False,4,0.0
sampled_npg_logbarrier_fixed,uniform,128,91095,True,0,0.5876420339318436,0.5596650207639151,0.7552024497388369,False,4,0.0
sampled_npg_logbarrier_fixed,uniform,128,91096,True,0,0.6131885041317492,0.5924830626667809,0.7805883506800327,False,4,0.0
sampled_npg_logbarrier_fixed,uniform,128,91097,True,0,0.6431396169616612,0.6700815833283488,0.7806210889477799,False,4,0.0
sampled_npg_logbarrier_fixed,uniform,128,91098,True,0,0.594967755698895,0.5415702537295274,0.779279732152444,False,4,0.0
sampled_npg_logbarrier_fixed,uniform,128,91099,True,0,0.5869227048192849,0.5710753519595022,0.7407663742707349,False,4,0.0
sampled_pg_reward_only,adverse,4,91000,True,0,0.4726027357026167,0.006455888982334101,0.015772782766945454,False,,0.956
sampled_pg_reward_only,adverse,4,91001,True,0,0.4721829363289006,0.006706802907365685,0.016082548754820156,False,,0.942
sampled_pg_reward_only,adverse,4,91002,True,0,0.472154443421112,0.006665622211990889,0.016480926242526315,False,,0.96
sampled_pg_reward_only,adverse,4,91003,True,0,0.47248317154982694,0.006589341303495209,0.016099992832721094,False,,0.948
sampled_pg_reward_only,adverse,4,91004,True,0,0.47299727541749415,0.006279171489109163,0.015803693383761207,False,,0.968
sampled_pg_reward_only,adverse,4,91005,True,0,0.47312171835971606,0.006208355199022772,0.015819189246264513,False,,0.978
sampled_pg_reward_only,adverse,4,91006,True,0,0.4731156947989979,0.006197509852747339,0.015824360558090462,False,,0.976
sampled_pg_reward_only,adverse,4,91007,True,0,0.47284116306223617,0.006369829344930805,0.015783074312644092,False,,0.96
sampled_pg_reward_only,adverse,4,91008,True,0,0.47301169750541167,0.0062763108520948845,0.015803693383761207,False,,0.972
sampled_pg_reward_only,adverse,4,91009,True,0,0.4733334747705122,0.006132267968872098,0.015829534886167958,False,,0.98
sampled_pg_reward_only,adverse,4,91010,True,0,0.47307238744975544,0.0063179373388481475,0.016146544519581512,False,,0.968
sampled_pg_reward_only,adverse,4,91011,True,0,0.47312698589551117,0.0062428056314225155,0.015803693383761207,False,,0.97
sampled_pg_reward_only,adverse,4,91012,True,0,0.47296101503741267,0.006315301581564522,0.01579337784508004,False,,0.962
sampled_pg_reward_only,adverse,4,91013,True,0,0.4725843505872612,0.006511838911888057,0.015752235557927704,False,,0.94
sampled_pg_reward_only,adverse,4,91014,True,0,0.4727449919751821,0.006430216019404459,0.015767641483037314,False,,0.954
sampled_pg_reward_only,adverse,4,91015,True,0,0.47294773538780654,0.006327016861969589,0.015788224579301586,False,,0.964
sampled_pg_reward_only,adverse,4,91016,True,0,0.4726463696536257,0.006444785745423021,0.016141004496962184,False,,0.962
sampled_pg_reward_only,adverse,4,91017,True,0,0.47296253517525827,0.006325008956923646,0.015788224579301586,False,,0.966
sampled_pg_reward_only,adverse,4,91018,True,0,0.4729752423846782,0.006309644424735508,0.01579337784508004,False,,0.964
sampled_pg_reward_only,adverse,4,91019,True,0,0.4728358886157723,0.006381766505521936,0.015777927042670288,False,,0.96
sampled_pg_reward_only,adverse,4,91020,True,0,0.4728604849079043,0.006339660998335422,0.01579337784508004,False,,0.968
sampled_pg_reward_only,adverse,4,91021,True,0,0.47290486776551716,0.0063395384119898065,0.015788224579301586,False,,0.96
sampled_pg_reward_only,adverse,4,91022,True,0,0.47288356427269,0.006342212474462404,0.015788224579301586,False,,0.96
sampled_pg_reward_only,adverse,4,91023,True,0,0.4729218200687023,0.006298931741826754,0.015803693383761207,False,,0.964
sampled_pg_reward_only,adverse,4,91024,True,0,0.4723888480893216,0.006576883070587546,0.01574710621701336,False,,0.948
sampled_pg_reward_only,adverse,4,91025,True,0,0.4728043975098731,0.006413875453769936,0.015767639962316737,False,,0.956
sampled_pg_reward_only,adverse,4,91026,True,0,0.4727314945443312,0.006387007366652759,0.015788224579301586,False,,0.962
sampled_pg_reward_only,adverse,4,91027,True,0,0.4725587649579012,0.006506333241710526,0.016125967297707735,False,,0.958
sampled_pg_reward_only,adverse,4,91028,True,0,0.4730740830249299,0.006247452391693936,0.01580885566155088,False,,0.97
sampled_pg_reward_only,adverse,4,91029,True,0,0.47211491309206455,0.006675837317928035,0.016104657208123593,False,,0.952
sampled_pg_reward_only,adverse,4,91030,True,0,0.47309998479901366,0.006242400699265712,0.01580885566155088,False,,0.972
sampled_pg_reward_only,adverse,4,91031,True,0,0.4730323603712596,0.006282141831451105,0.015798534112419178,False,,0.968
sampled_pg_reward_only,adverse,4,91032,True,0,0.47281889816074313,0.006371763977767381,0.015783072788508636,False,,0.96
sampled_pg_reward_only,adverse,4,91033,True,0,0.47303650069847963,0.006326898985232023,0.01577792551478247,False,,0.962
sampled_pg_reward_only,adverse,4,91034,True,0,0.47251649672513374,0.006503523682733452,0.0157625031885161,False,,0.954
sampled_pg_reward_only,adverse,4,91035,True,0,0.4728389331319791,0.00640472357815815,0.015767641483037314,False,,0.95
sampled_pg_reward_only,adverse,4,91036,True,0,0.472973913650331,0.006286022480853127,0.01617322448590901,False,,0.972
sampled_pg_reward_only,adverse,4,91037,True,0,0.4731349429784263,0.006233400746373957,0.01580885566155088,False,,0.972
sampled_pg_reward_only,adverse,4,91038,True,0,0.47239806643512755,0.006612868492406454,0.016099213561092698,False,,0.942
sampled_pg_reward_only,adverse,4,91039,True,0,0.4729951530805785,0.006305205054212576,0.01579337784508004,False,,0.968
sampled_pg_reward_only,adverse,4,91040,True,0,0.47265141163786034,0.006517912624035605,0.016109749545278555,False,,0.952
sampled_pg_reward_only,adverse,4,91041,True,0,0.4731763219945094,0.006240678376528117,0.016167525472523234,False,,0.976
sampled_pg_reward_only,adverse,4,91042,True,0,0.47253134122859736,0.006501799217193916,0.0157625031885161,False,,0.954
sampled_pg_reward_only,adverse,4,91043,True,0,0.4728804376683037,0.0063586755154116485,0.015783074312644092,False,,0.964
sampled_pg_reward_only,adverse,4,91044,True,0,0.47301732009836533,0.006334383236505348,0.015777927042670288,False,,0.95
sampled_pg_reward_only,adverse,4,91045,True,0,0.472716907646613,0.006463269990977323,0.01575736636122499,False,,0.95
sampled_pg_reward_only,adverse,4,91046,True,0,0.47294363604602563,0.00633148408875503,0.01578822305505375,False,,0.964
sampled_pg_reward_only,adverse,4,91047,True,0,0.4727987767234085,0.006370416093266933,0.015788224579301586,False,,0.96
sampled_pg_reward_only,adverse,4,91048,True,0,0.4727672061116526,0.006399068543258293,0.015777927042670288,False,,0.956
sampled_pg_reward_only,adverse,4,91049,True,0,0.47258208994717543,0.006451260863757901,0.01614718527629197,False,,0.962
sampled_pg_reward_only,adverse,4,91050,True,0,0.47292637797447507,0.006335656724083066,0.016157135819602767,False,,0.974
sampled_pg_reward_only,adverse,4,91051,True,0,0.4729764344940331,0.006309841196439801,0.01579337631685884,False,,0.964
sampled_pg_reward_only,adverse,4,91052,True,0,0.4730812451192811,0.006268694698277589,0.015798534112419178,False,,0.964
sampled_pg_reward_only,adverse,4,91053,True,0,0.47281122474716103,0.006409873327528688,0.01613561006207982,False,,0.964
sampled_pg_reward_only,adverse,4,91054,True,0,0.47320898160848573,0.006223308823012232,0.015803693383761207,False,,0.97
sampled_pg_reward_only,adverse,4,91055,True,0,0.47289034769863675,0.006367544132186883,0.01614690048153582,False,,0.968
sampled_pg_reward_only,adverse,4,91056,True,0,0.47234610685462064,0.006622378043380865,0.015731736062758656,False,,0.944
sampled_pg_reward_only,adverse,4,91057,True,0,0.4724742750265443,0.0065304205356302766,0.015757367880954495,False,,0.938
sampled_pg_reward_only,adverse,4,91058,True,0,0.4727879341238158,0.006346319929572893,0.015798534112419178,False,,0.97
sampled_pg_reward_only,adverse,4,91059,True,0,0.4727874449507963,0.0063926522433210954,0.015777927042670288,False,,0.958
sampled_pg_reward_only,adverse,4,91060,True,0,0.4727353224127197,0.006442296394452815,0.01613064522537436,False,,0.962
sampled_pg_reward_only,adverse,4,91061,True,0,0.47218391206493154,0.006689856697265264,0.0160886191028691,False,,0.942
sampled_pg_reward_only,adverse,4,91062,True,0,0.4727385162133023,0.006432688285162526,0.016136676754154134,False,,0.962
sampled_pg_reward_only,adverse,4,91063,True,0,0.4725615298600151,0.006490282330102383,0.0157625031885161,False,,0.954
sampled_pg_reward_only,adverse,4,91064,True,0,0.47290977730542005,0.00629261296929756,0.01617871277472228,False,,0.976
sampled_pg_reward_only,adverse,4,91065,True,0,0.47286145329489226,0.006327467249841043,0.01616802491632894,False,,0.97
sampled_pg_reward_only,adverse,4,91066,True,0,0.4726749146672719,0.006487166272122959,0.015752235557927704,False,,0.95
sampled_pg_reward_only,adverse,4,91067,True,0,0.47283837757443964,0.006379391640425841,0.01577792551478247,False,,0.96
sampled_pg_reward_only,adverse,4,91068,True,0,0.47282377688981697,0.00643426969859227,0.016124972860107636,False,,0.958
sampled_pg_reward_only,adverse,4,91069,True,0,0.4729445579134244,0.006244001157228553,0.015824360558090462,False,,0.972
sampled_pg_reward_only,adverse,4,91070,True,0,0.4724126372212034,0.006531825715683688,0.0157625031885161,False,,0.95
sampled_pg_reward_only,adverse,4,91071,True,0,0.47313136849630627,0.00622964540907765,0.01580885566155088,False,,0.968
sampled_pg_reward_only,adverse,4,91072,True,0,0.4728792422983013,0.006335458506472553,0.01579337784508004,False,,0.96
sampled_pg_reward_only,adverse,4,91073,True,0,0.472563607536547,0.006516638178590512,0.01612043826427523,False,,0.958
sampled_pg_reward_only,adverse,4,91074,True,0,0.47303648720983665,0.006242307724976652,0.015814019416077588,False,,0.976
sampled_pg_reward_only,adverse,4,91075,True,0,0.47306306500791917,0.006261618240976938,0.015803693383761207,False,,0.97
sampled_pg_reward_only,adverse,4,91076,True,0,0.47174160484170263,0.006918715702295934,0.01641992633788662,False,,0.938
sampled_pg_reward_only,adverse,4,91077,True,0,0.4729489805574781,0.0063162727634257,0.01579337784508004,False,,0.956
sampled_pg_reward_only,adverse,4,91078,True,0,0.47267764392864847,0.006474548884048798,0.0161256831447855,False,,0.96
sampled_pg_reward_only,adverse,4,91079,True,0,0.4726261023487097,0.006483760081123929,0.015757367880954495,False,,0.946
sampled_pg_reward_only,adverse,4,91080,True,0,0.4727908516367624,0.0063815912067748965,0.016152372876735016,False,,0.962
sampled_pg_reward_only,adverse,4,91081,True,0,0.4728929128627294,0.006329940576286661,0.015793376314922093,False,,0.966
sampled_pg_reward_only,adverse,4,91082,True,0,0.4732338459668287,0.006170995424726838,0.015824360558090462,False,,0.974
sampled_pg_reward_only,adverse,4,91083,True,0,0.47226469058417087,0.006583888093129126,0.015757366358915927,False,,0.952
sampled_pg_reward_only,adverse,4,91084,True,0,0.47266584635567926,0.006465202665950195,0.016131354427576284,False,,0.96
sampled_pg_reward_only,adverse,4,91085,True,0,0.47301129872988157,0.006315172123337002,0.015788224579301586,False,,0.96
sampled_pg_reward_only,adverse,4,91086,True,0,0.4726875325502654,0.006385875212035213,0.01579337784508004,False,,0.958
sampled_pg_reward_only,adverse,4,91087,True,0,0.4728153091319998,0.006376201693005326,0.015783074312644092,False,,0.964
sampled_pg_reward_only,adverse,4,91088,True,0,0.47300770124484925,0.006288223783376823,0.01616802491632894,False,,0.976
sampled_pg_reward_only,adverse,4,91089,True,0,0.47262387188797117,0.00650065964167788,0.015752235557927704,False,,0.942
sampled_pg_reward_only,adverse,4,91090,True,0,0.4724799192179051,0.006545030563968679,0.016490461092793198,False,,0.96
sampled_pg_reward_only,adverse,4,91091,True,0,0.47300025750406094,0.006292220042149239,0.015798534112419178,False,,0.97
sampled_pg_reward_only,adverse,4,91092,True,0,0.4728383844794828,0.006345326724489458,0.015793376314534216,False,,0.964
sampled_pg_reward_only,adverse,4,91093,True,0,0.47290539206419213,0.0063387305392810555,0.015788224579301586,False,,0.96
sampled_pg_reward_only,adverse,4,91094,True,0,0.4730323075361744,0.0062704582751395834,0.015803693383761207,False,,0.964
sampled_pg_reward_only,adverse,4,91095,True,0,0.4734367522967834,0.0060921274867881065,0.015834712232954313,False,,0.982
sampled_pg_reward_only,adverse,4,91096,True,0,0.47246925248491733,0.0065540033733768495,0.016114417499429518,False,,0.958
sampled_pg_reward_only,adverse,4,91097,True,0,0.47356112101691195,0.00609751743738955,0.015819187710885113,False,,0.98
sampled_pg_reward_only,adverse,4,91098,True,0,0.472610507484239,0.006463974941751299,0.015767641483037314,False,,0.95
sampled_pg_reward_only,adverse,4,91099,True,0,0.47256828957278035,0.0065181206911624325,0.015752234038308655,False,,0.948
sampled_pg_logbarrier_handoff,adverse,4,91000,True,0,0.411274422280924,0.06961304400565328,0.02477646758424801,False,,0.678
sampled_pg_logbarrier_handoff,adverse,4,91001,True,0,0.4150963547588738,0.06467833010695066,0.023483546401235234,False,,0.65
sampled_pg_logbarrier_handoff,adverse,4,91002,True,0,0.4123250779461899,0.06738736876206688,0.022880505380424788,False,,0.66
sampled_pg_logbarrier_handoff,adverse,4,91003,True,0,0.4155706736023983,0.06580410409493938,0.027759599582498372,False,,0.622
sampled_pg_logbarrier_handoff,adverse,4,91004,True,0,0.41577836754988345,0.06365420428023258,0.0223649424309531,False,,0.682
sampled_pg_logbarrier_handoff,adverse,4,91005,True,0,0.4191877376245169,0.060092866619062844,0.02492203385106277,False,,0.662
sampled_pg_logbarrier_handoff,adverse,4,91006,True,0,0.4141774302158874,0.06539393527434895,0.023076948558694466,False,,0.678
sampled_pg_logbarrier_handoff,adverse,4,91007,True,0,0.41423216680915065,0.06493432254935855,0.022055134587977577,False,,0.672
sampled_pg_logbarrier_handoff,adverse,4,91008,True,0,0.4186943222998535,0.06037768949148646,0.02297234632892118,False,,0.69
sampled_pg_logbarrier_handoff,adverse,4,91009,True,0,0.4134898603327243,0.06725709680148537,0.023104940095876637,False,,0.626
sampled_pg_logbarrier_handoff,adverse,4,91010,True,0,0.41603257908197044,0.06405127238647611,0.02544977698918007,False,,0.694
sampled_pg_logbarrier_handoff,adverse,4,91011,True,0,0.41349951181441236,0.06703296751735037,0.023997083300400176,False,,0.622
sampled_pg_logbarrier_handoff,adverse,4,91012,True,0,0.4155302335263222,0.06520598121746844,0.02704574436449308,False,,0.676
sampled_pg_logbarrier_handoff,adverse,4,91013,True,0,0.41479737099976216,0.06637488989495866,0.026247525672861226,False,,0.682
sampled_pg_logbarrier_handoff,adverse,4,91014,True,0,0.4184749916193874,0.06062473625796166,0.02530152210732745,False,,0.672
sampled_pg_logbarrier_handoff,adverse,4,91015,True,0,0.4168539686707172,0.0629652439873726,0.022989789021214013,False,,0.666
sampled_pg_logbarrier_handoff,adverse,4,91016,True,0,0.4138497522173902,0.06743906131645064,0.02703915784656576,False,,0.61
sampled_pg_logbarrier_handoff,adverse,4,91017,True,0,0.41607933719234663,0.06372086209908472,0.024711773445078893,False,,0.626
sampled_pg_logbarrier_handoff,adverse,4,91018,True,0,0.4179276380521935,0.061008359086038806,0.02121649364868584,False,,0.712
sampled_pg_logbarrier_handoff,adverse,4,91019,True,0,0.4175398512009853,0.06150949547092501,0.022296486069439205,False,,0.682
sampled_pg_logbarrier_handoff,adverse,4,91020,True,0,0.41536247559774964,0.06460631096521768,0.023190376530653246,False,,0.664
sampled_pg_logbarrier_handoff,adverse,4,91021,True,0,0.41688166721156494,0.0623153911569223,0.022493653215361377,False,,0.682
sampled_pg_logbarrier_handoff,adverse,4,91022,True,0,0.4083412188664616,0.07448473333320804,0.026557937840780862,False,,0.626
sampled_pg_logbarrier_handoff,adverse,4,91023,True,0,0.4147721736779637,0.06480124149569967,0.02363557946858603,False,,0.668
sampled_pg_logbarrier_handoff,adverse,4,91024,True,0,0.4102257026994144,0.06963249229884594,0.02232248648938318,False,,0.648
sampled_pg_logbarrier_handoff,adverse,4,91025,True,0,0.41564177412075143,0.06472019233119818,0.025430841971776245,False,,0.642
sampled_pg_logbarrier_handoff,adverse,4,91026,True,0,0.4190335839618841,0.05969392565977702,0.023702473705247553,False,,0.682
sampled_pg_logbarrier_handoff,adverse,4,91027,True,0,0.41341230935966455,0.06689710212894603,0.023000863211805427,False,,0.66
sampled_pg_logbarrier_handoff,adverse,4,91028,True,0,0.4165155049342642,0.06311837356476883,0.022927186323348628,False,,0.672
sampled_pg_logbarrier_handoff,adverse,4,91029,True,0,0.4133465728083051,0.06653130386553971,0.02437253927438093,False,,0.666
sampled_pg_logbarrier_handoff,adverse,4,91030,True,0,0.4151559241750044,0.0652806903421503,0.02540431997356749,False,,0.66
sampled_pg_logbarrier_handoff,adverse,4,91031,True,0,0.4105654408136939,0.0717413300019231,0.025268948387306915,False,,0.616
sampled_pg_logbarrier_handoff,adverse,4,91032,True,0,0.41739758500617724,0.061884323985509096,0.023164955488415906,False,,0.676
sampled_pg_logbarrier_handoff,adverse,4,91033,True,0,0.413601955002516,0.06755760685743725,0.0259055786857227,False,,0.644
sampled_pg_logbarrier_handoff,adverse,4,91034,True,0,0.4141779132496282,0.06542362782680518,0.022773188727243182,False,,0.704
sampled_pg_logbarrier_handoff,adverse,4,91035,True,0,0.4113792609166632,0.06965718420232588,0.02339028595947494,False,,0.63
sampled_pg_logbarrier_handoff,adverse,4,91036,True,0,0.41117878532266344,0.0702624741135637,0.025460161095890887,False,,0.652
sampled_pg_logbarrier_handoff,adverse,4,91037,True,0,0.4168166525146416,0.0628195804462312,0.02283898824667163,False,,0.666
sampled_pg_logbarrier_handoff,adverse,4,91038,True,0,0.4165062647960152,0.06379143963000691,0.02439671265621044,False,,0.66
sampled_pg_logbarrier_handoff,adverse,4,91039,True,0,0.4183475433127543,0.06120239207128191,0.02324646396940516,False,,0.688
sampled_pg_logbarrier_handoff,adverse,4,91040,True,0,0.4191249052260854,0.0604487014148349,0.024983354840840626,False,,0.694
sampled_pg_logbarrier_handoff,adverse,4,91041,True,0,0.4111383213541732,0.06946531039635721,0.02391437224140766,False,,0.658
sampled_pg_logbarrier_handoff,adverse,4,91042,True,0,0.4138357328818379,0.06661685489494686,0.022746306693385024,False,,0.644
sampled_pg_logbarrier_handoff,adverse,4,91043,True,0,0.4144979051449791,0.06544551774601867,0.024226590254145395,False,,0.652
sampled_pg_logbarrier_handoff,adverse,4,91044,True,0,0.4158279189658089,0.06527386915668064,0.023791121556768803,False,,0.664
sampled_pg_logbarrier_handoff,adverse,4,91045,True,0,0.4144651857790642,0.06559772119150395,0.024509251321377386,False,,0.66
sampled_pg_logbarrier_handoff,adverse,4,91046,True,0,0.42196313301088345,0.05665354094984358,0.022054505240399775,False,,0.736
sampled_pg_logbarrier_handoff,adverse,4,91047,True,0,0.4141641185906919,0.06686354509874075,0.02400803764671898,False,,0.658
sampled_pg_logbarrier_handoff,adverse,4,91048,True,0,0.4114415053154594,0.07060719673845423,0.026662885172610278,False,,0.608
sampled_pg_logbarrier_handoff,adverse,4,91049,True,0,0.41793576160361906,0.06138540315252334,0.023527311980632255,False,,0.712
sampled_pg_logbarrier_handoff,adverse,4,91050,True,0,0.4087850982033263,0.07342668769683375,0.02456004371307468,False,,0.62
sampled_pg_logbarrier_handoff,adverse,4,91051,True,0,0.41359988381569124,0.06734680000808818,0.022904137179760434,False,,0.656
sampled_pg_logbarrier_handoff,adverse,4,91052,True,0,0.4108936207205907,0.07031082859148767,0.02392200992008779,False,,0.658
sampled_pg_logbarrier_handoff,adverse,4,91053,True,0,0.4191764655789876,0.06085372542595667,0.025293015843577814,False,,0.67
sampled_pg_logbarrier_handoff,adverse,4,91054,True,0,0.4167628494222697,0.0641304203436725,0.026067986488089927,False,,0.656
sampled_pg_logbarrier_handoff,adverse,4,91055,True,0,0.4123880392877307,0.06904177989969987,0.026925867243600327,False,,0.636
sampled_pg_logbarrier_handoff,adverse,4,91056,True,0,0.41581878452327725,0.0648973801851945,0.025247031783807546,False,,0.638
sampled_pg_logbarrier_handoff,adverse,4,91057,True,0,0.4112232591857495,0.0697181525451793,0.024474915956328284,False,,0.642
sampled_pg_logbarrier_handoff,adverse,4,91058,True,0,0.41494539964930843,0.06473531502375399,0.021646346132870576,False,,0.696
sampled_pg_logbarrier_handoff,adverse,4,91059,True,0,0.4128930848575968,0.06835960750156926,0.024726203562363804,False,,0.676
sampled_pg_logbarrier_handoff,adverse,4,91060,True,0,0.4132849911565291,0.066990611048639,0.023776427598067123,False,,0.662
sampled_pg_logbarrier_handoff,adverse,4,91061,True,0,0.41810781392019175,0.06073575372839042,0.02523863826179252,False,,0.686
sampled_pg_logbarrier_handoff,adverse,4,91062,True,0,0.4158303148584903,0.06389925018025985,0.02269032042872987,False,,0.64
sampled_pg_logbarrier_handoff,adverse,4,91063,True,0,0.40919227376312045,0.07266094205832974,0.024634540391474682,False,,0.636
sampled_pg_logbarrier_handoff,adverse,4,91064,True,0,0.41748189100515587,0.061944673111997355,0.024179476730938787,False,,0.696
sampled_pg_logbarrier_handoff,adverse,4,91065,True,0,0.41022344297705887,0.0714246191132677,0.024432009974639096,False,,0.666
sampled_pg_logbarrier_handoff,adverse,4,91066,True,0,0.414996226496627,0.06516866297966488,0.022884476611657826,False,,0.686
sampled_pg_logbarrier_handoff,adverse,4,91067,True,0,0.4123327284141664,0.06863372514990028,0.023438193872946562,False,,0.65
sampled_pg_logbarrier_handoff,adverse,4,91068,True,0,0.4164998394914123,0.06389945755509555,0.025165997010640765,False,,0.672
sampled_pg_logbarrier_handoff,adverse,4,91069,True,0,0.41224875779687775,0.06864330648049627,0.02474200684484342,False,,0.644
sampled_pg_logbarrier_handoff,adverse,4,91070,True,0,0.4113902669842267,0.07034797218884117,0.026424875551916232,False,,0.656
sampled_pg_logbarrier_handoff,adverse,4,91071,True,0,0.41216976954249,0.06966825557976321,0.02520989971806091,False,,0.636
sampled_pg_logbarrier_handoff,adverse,4,91072,True,0,0.4196199211198854,0.059275891756490715,0.023614698484079086,False,,0.7
sampled_pg_logbarrier_handoff,adverse,4,91073,True,0,0.4105136132994252,0.07208541062896592,0.02759231358260509,False,,0.63
sampled_pg_logbarrier_handoff,adverse,4,91074,True,0,0.4147952417183106,0.06435156518687621,0.02255026593960813,False,,0.67
sampled_pg_logbarrier_handoff,adverse,4,91075,True,0,0.4145244179899045,0.06617646943146015,0.024421319982144012,False,,0.628
sampled_pg_logbarrier_handoff,adverse,4,91076,True,0,0.418671157355467,0.059869045863291746,0.024007227525648604,False,,0.676
sampled_pg_logbarrier_handoff,adverse,4,91077,True,0,0.4081145014989745,0.07360309901638293,0.02275945302519795,False,,0.62
sampled_pg_logbarrier_handoff,adverse,4,91078,True,0,0.4162796012415352,0.06349654311272064,0.021732137619286742,False,,0.684
sampled_pg_logbarrier_handoff,adverse,4,91079,True,0,0.4141981726108365,0.06631886206510422,0.02573559120312495,False,,0.67
sampled_pg_logbarrier_handoff,adverse,4,91080,True,0,0.41634317721653596,0.06281527258105317,0.023101949649560753,False,,0.674
sampled_pg_logbarrier_handoff,adverse,4,91081,True,0,0.42061098419066095,0.0575688400608456,0.022118200429702313,False,,0.698
sampled_pg_logbarrier_handoff,adverse,4,91082,True,0,0.41695411971870083,0.06291129939336901,0.023535029887882353,False,,0.668
sampled_pg_logbarrier_handoff,adverse,4,91083,True,0,0.4106569428802524,0.06924332118756198,0.023081705896205864,False,,0.652
sampled_pg_logbarrier_handoff,adverse,4,91084,True,0,0.41429290663517765,0.06611812564066749,0.024165886772631526,False,,0.632
sampled_pg_logbarrier_handoff,adverse,4,91085,True,0,0.41632273108348433,0.06462606386431705,0.024426554626989783,False,,0.672
sampled_pg_logbarrier_handoff,adverse,4,91086,True,0,0.41296849175739886,0.06774996363832085,0.025909733135836076,False,,0.698
sampled_pg_logbarrier_handoff,adverse,4,91087,True,0,0.41416747883778665,0.06556060991160657,0.023881028286137397,False,,0.642
sampled_pg_logbarrier_handoff,adverse,4,91088,True,0,0.41304449313454117,0.0670781000927456,0.0231300601159007,False,,0.646
sampled_pg_logbarrier_handoff,adverse,4,91089,True,0,0.4118278749554529,0.06938898215623143,0.023598570321904624,False,,0.674
sampled_pg_logbarrier_handoff,adverse,4,91090,True,0,0.41584929389610403,0.06290238599845535,0.023383428460238224,False,,0.682
sampled_pg_logbarrier_handoff,adverse,4,91091,True,0,0.41337910813974715,0.06688098627224232,0.023345435836411722,False,,0.642
sampled_pg_logbarrier_handoff,adverse,4,91092,True,0,0.4128796071808783,0.06854134521768616,0.025078943902138683,False,,0.66
sampled_pg_logbarrier_handoff,adverse,4,91093,True,0,0.41689527047877506,0.062494352825997766,0.02329059375834796,False,,0.67
sampled_pg_logbarrier_handoff,adverse,4,91094,True,0,0.4208329110905724,0.058032497953351664,0.02353708236347512,False,,0.706
sampled_pg_logbarrier_handoff,adverse,4,91095,True,0,0.41928829154647634,0.05934935609297759,0.023546052643700518,False,,0.676
sampled_pg_logbarrier_handoff,adverse,4,91096,True,0,0.41610303413393046,0.06351496523782164,0.025002585293848262,False,,0.648
sampled_pg_logbarrier_handoff,adverse,4,91097,True,0,0.4196785538291516,0.05990951022395759,0.023149795184542892,False,,0.716
sampled_pg_logbarrier_handoff,adverse,4,91098,True,0,0.4124622768578207,0.06897126097684772,0.026926159857335315,False,,0.654
sampled_pg_logbarrier_handoff,adverse,4,91099,True,0,0.41904251975850487,0.05969760297811149,0.023622515382788877,False,,0.67
sampled_npg_reward_only,adverse,4,91000,False,1,0.5,8.565371220413625e-255,0.015876239976466765,False,,0.8571428571428571
sampled_npg_reward_only,adverse,4,91001,False,1,0.5,0.0,0.015876239976466765,False,,0.8888888888888888
sampled_npg_reward_only,adverse,4,91002,False,1,0.5,0.0,0.013271750481584254,False,,0.75
sampled_npg_reward_only,adverse,4,91003,False,1,0.5,8.565371220413625e-255,0.015876239976466765,False,,0.8571428571428571
sampled_npg_reward_only,adverse,4,91004,False,1,0.5,2.1209690210411853e-115,0.011269385730876881,False,,0.6666666666666666
sampled_npg_reward_only,adverse,4,91005,False,1,0.5,0.0,0.015876239976466765,False,,0.8888888888888888
sampled_npg_reward_only,adverse,4,91006,False,1,0.5,0.0,0.015876239976466765,False,,0.875
sampled_npg_reward_only,adverse,4,91007,False,1,0.5,0.0,0.015876239976466765,False,,0.875
sampled_npg_reward_only,adverse,4,91008,False,1,0.5,0.0,0.012651513349668278,False,,0.7777777777777778
sampled_npg_reward_only,adverse,4,91009,False,1,0.5,0.0,0.015876239976466765,False,,0.875
sampled_npg_reward_only,adverse,4,91010,False,1,0.5,0.0,0.015876239976466765,False,,0.875
sampled_npg_reward_only,adverse,4,91011,False,1,0.5,8.565371220413625e-255,0.015876239976466765,False,,0.8571428571428571
sampled_npg_reward_only,adverse,4,91012,False,1,0.5,0.0,0.015876239976466765,False,,0.875
sampled_npg_reward_only,adverse,4,91013,False,1,0.5,8.565371220413625e-255,0.015876239976466765,False,,0.8571428571428571
sampled_npg_reward_only,adverse,4,91014,False,1,0.5,0.0,0.015876239976466765,False,,0.8888888888888888
sampled_npg_reward_only,adverse,4,91015,False,1,0.5,0.0,0.015876239976466765,False,,0.8888888888888888
sampled_npg_reward_only,adverse,4,91016,False,1,0.5,0.0,0.013107777675096249,False,,0.75
sampled_npg_reward_only,adverse,4,91017,False,1,0.5,0.0,0.015876239976466765,False,,0.875
sampled_npg_reward_only,adverse,4,91018,False,1,0.5,8.565371220413625e-255,0.015876239976466765,False,,0.8571428571428571
sampled_npg_reward_only,adverse,4,91019,False,1,0.5,0.0,0.015876239976466765,False,,0.8888888888888888
sampled_npg_reward_only,adverse,4,91020,False,1,0.5,0.0,0.015876239976466765,False,,0.875
sampled_npg_reward_only,adverse,4,91021,False,1,0.5,0.0,0.015876239976466765,False,,0.9
sampled_npg_reward_only,adverse,4,91022,False,1,0.5,8.565371220413625e-255,0.015876239976466765,False,,0.8571428571428571
sampled_npg_reward_only,adverse,4,91023,False,1,0.5,8.565371220413625e-255,0.015876239976466765,False,,0.8571428571428571
sampled_npg_reward_only,adverse,4,91024,False,1,0.5,0.0,0.015876239976466765,False,,0.8888888888888888
sampled_npg_reward_only,adverse,4,91025,False,1,0.5,0.0,0.015876239976466765,False,,0.875
sampled_npg_reward_only,adverse,4,91026,False,1,0.5,0.0,0.015876239976466765,False,,0.875
sampled_npg_reward_only,adverse,4,91027,False,1,0.5,0.0,0.015876239976466765,False,,0.8888888888888888
sampled_npg_reward_only,adverse,4,91028,False,1,0.5,0.0,0.015876239976466765,False,,0.8888888888888888
sampled_npg_reward_only,adverse,4,91029,False,1,0.5,8.565371220413625e-255,0.015876239976466765,False,,0.8571428571428571
sampled_npg_reward_only,adverse,4,91030,False,1,0.5,0.0,0.015876239976466765,False,,0.875
sampled_npg_reward_only,adverse,4,91031,False,1,0.5,0.0,0.015876239976466765,False,,0.8888888888888888
sampled_npg_reward_only,adverse,4,91032,False,1,0.5,0.0,0.015876239976466765,False,,0.9
sampled_npg_reward_only,adverse,4,91033,False,1,0.5,0.0,0.015876239976466765,False,,0.8888888888888888
sampled_npg_reward_only,adverse,4,91034,False,1,0.5,8.565371220413625e-255,0.015876239976466765,False,,0.8571428571428571
sampled_npg_reward_only,adverse,4,91035,False,1,0.5,8.565371220413625e-255,0.015876239976466765,False,,0.8571428571428571
sampled_npg_reward_only,adverse,4,91036,False,1,0.5,0.0,0.015876239976466765,False,,0.7142857142857143
sampled_npg_reward_only,adverse,4,91037,False,1,0.5,0.0,0.015876239976466765,False,,0.9
sampled_npg_reward_only,adverse,4,91038,False,1,0.5,0.0,0.01394602988648035,False,,0.75
sampled_npg_reward_only,adverse,4,91039,False,1,0.5,8.565371220413625e-255,0.015876239976466765,False,,0.8571428571428571
sampled_npg_reward_only,adverse,4,91040,False,1,0.5,8.565371220413625e-255,0.015876239976466765,False,,0.8571428571428571
sampled_npg_reward_only,adverse,4,91041,False,1,0.5,0.0,0.012671549052719479,False,,0.75
sampled_npg_reward_only,adverse,4,91042,False,1,0.5,0.0,0.015876239976466765,False,,0.875
sampled_npg_reward_only,adverse,4,91043,False,1,0.5,0.0,0.015876239976466765,False,,0.875
sampled_npg_reward_only,adverse,4,91044,False,1,0.5,0.0,0.015876239976466765,False,,0.8888888888888888
sampled_npg_reward_only,adverse,4,91045,False,1,0.5,8.565371220413625e-255,0.015876239976466765,False,,0.8571428571428571
sampled_npg_reward_only,adverse,4,91046,False,1,0.5,0.0,0.015876239976466765,False,,0.875
sampled_npg_reward_only,adverse,4,91047,False,1,0.5,0.0,0.01317741089137253,False,,0.8
sampled_npg_reward_only,adverse,4,91048,False,1,0.5,0.0,0.015876239976466765,False,,0.875
sampled_npg_reward_only,adverse,4,91049,False,1,0.5,0.0,0.015876239976466765,False,,0.8888888888888888
sampled_npg_reward_only,adverse,4,91050,False,1,0.5,0.0,0.013107777675096237,False,,0.75
sampled_npg_reward_only,adverse,4,91051,False,1,0.5,0.0,0.015876239976466765,False,,0.875
sampled_npg_reward_only,adverse,4,91052,False,1,0.5,8.565371220413625e-255,0.015876239976466765,False,,0.8571428571428571
sampled_npg_reward_only,adverse,4,91053,False,1,0.5,8.565371220413625e-255,0.015876239976466765,False,,0.8571428571428571
sampled_npg_reward_only,adverse,4,91054,False,1,0.5,8.565371220413625e-255,0.015876239976466765,False,,0.8571428571428571
sampled_npg_reward_only,adverse,4,91055,False,1,0.5,8.565371220413625e-255,0.015876239976466765,False,,0.8571428571428571
sampled_npg_reward_only,adverse,4,91056,False,1,0.5,0.0,0.01317741089137253,False,,0.75
sampled_npg_reward_only,adverse,4,91057,False,1,0.5,0.0,0.01265513716630998,False,,0.7777777777777778
sampled_npg_reward_only,adverse,4,91058,False,1,0.5,0.0,0.015876239976466765,False,,0.875
sampled_npg_reward_only,adverse,4,91059,False,1,0.5,8.565371220413625e-255,0.015876239976466765,False,,0.8571428571428571
sampled_npg_reward_only,adverse,4,91060,False,1,0.5,0.0,0.015876239976466765,False,,0.8888888888888888
sampled_npg_reward_only,adverse,4,91061,False,1,0.5,0.0,0.015876239976466765,False,,0.8888888888888888
sampled_npg_reward_only,adverse,4,91062,False,1,0.5,0.0,0.01394602988648035,False,,0.7142857142857143
sampled_npg_reward_only,adverse,4,91063,False,1,0.5,0.0,0.015876239976466765,False,,0.8888888888888888
sampled_npg_reward_only,adverse,4,91064,False,1,0.5,0.0,0.015876239976466765,False,,0.875
sampled_npg_reward_only,adverse,4,91065,False,1,0.5,0.0,0.015876239976466765,False,,0.875
sampled_npg_reward_only,adverse,4,91066,False,1,0.5,0.0,0.015876239976466765,False,,0.9
sampled_npg_reward_only,adverse,4,91067,False,1,0.5,0.0,0.015876239976466765,False,,0.875
sampled_npg_reward_only,adverse,4,91068,False,1,0.5,0.0,0.013271750481584244,False,,0.75
sampled_npg_reward_only,adverse,4,91069,False,1,0.5,0.0,0.015876239976466765,False,,0.875
sampled_npg_reward_only,adverse,4,91070,False,1,0.5,0.0,0.015876239976466765,False,,0.875
sampled_npg_reward_only,adverse,4,91071,False,1,0.5,0.0,0.015876239976466765,False,,0.875
sampled_npg_reward_only,adverse,4,91072,False,1,0.5,0.0,0.015876239976466765,False,,0.875
sampled_npg_reward_only,adverse,4,91073,False,1,0.5,8.565371220413625e-255,0.015876239976466765,False,,0.8571428571428571
sampled_npg_reward_only,adverse,4,91074,False,1,0.5,1.8168937575753382e-230,0.01376035750872136,False,,0.7777777777777778
sampled_npg_reward_only,adverse,4,91075,False,1,0.5,8.565371220413625e-255,0.015876239976466765,False,,0.8571428571428571
sampled_npg_reward_only,adverse,4,91076,False,1,0.5,8.565371220413625e-255,0.015876239976466765,False,,0.8571428571428571
sampled_npg_reward_only,adverse,4,91077,False,1,0.5,0.0,0.015876239976466765,False,,0.875
sampled_npg_reward_only,adverse,4,91078,False,1,0.5,0.0,0.015876239976466765,False,,0.8888888888888888
sampled_npg_reward_only,adverse,4,91079,False,1,0.5,8.565371220413625e-255,0.015876239976466765,False,,0.8571428571428571
sampled_npg_reward_only,adverse,4,91080,False,1,0.5,0.0,0.015876239976466765,False,,0.875
sampled_npg_reward_only,adverse,4,91081,False,1,0.5,0.0,0.015876239976466765,False,,0.8888888888888888
sampled_npg_reward_only,adverse,4,91082,False,1,0.5,0.0,0.015876239976466765,False,,0.875
sampled_npg_reward_only,adverse,4,91083,False,1,0.5,0.0,0.015876239976466765,False,,0.875
sampled_npg_reward_only,adverse,4,91084,False,1,0.5,0.0,0.015876239976466765,False,,0.8888888888888888
sampled_npg_reward_only,adverse,4,91085,False,1,0.5,0.0,0.015876239976466765,False,,0.875
sampled_npg_reward_only,adverse,4,91086,False,1,0.5,8.565371220413625e-255,0.015876239976466765,False,,0.8571428571428571
sampled_npg_reward_only,adverse,4,91087,False,1,0.5,8.565371220413625e-255,0.015876239976466765,False,,0.8571428571428571
sampled_npg_reward_only,adverse,4,91088,False,1,0.5,0.0,0.015876239976466765,False,,0.875
sampled_npg_reward_only,adverse,4,91089,False,1,0.5,0.0,0.01394602988648035,False,,0.75
sampled_npg_reward_only,adverse,4,91090,False,1,0.5,0.0,0.015876239976466765,False,,0.875
sampled_npg_reward_only,adverse,4,91091,False,1,0.5,0.0,0.015876239976466765,False,,0.875
sampled_npg_reward_only,adverse,4,91092,False,1,0.5,0.0,0.012671549052719479,False,,0.7777777777777778
sampled_npg_reward_only,adverse,4,91093,False,1,0.5,0.0,0.015876239976466765,False,,0.875
sampled_npg_reward_only,adverse,4,91094,False,1,0.5,0.0,0.015876239976466765,False,,0.7142857142857143
sampled_npg_reward_only,adverse,4,91095,False,1,0.5,8.565371220413625e-255,0.015876239976466765,False,,0.8571428571428571
sampled_npg_reward_only,adverse,4,91096,False,1,0.5,8.565371220413625e-255,0.015876239976466765,False,,0.8571428571428571
sampled_npg_reward_only,adverse,4,91097,False,1,0.5,0.0,0.015876239976466765,False,,0.875
sampled_npg_reward_only,adverse,4,91098,False,1,0.5,8.565371220413625e-255,0.015876239976466765,False,,0.8571428571428571
sampled_npg_reward_only,adverse,4,91099,False,1,0.5,3.9154612261448956e-172,0.013271750481584254,False,,0.7142857142857143
sampled_npg_logbarrier_handoff,adverse,4,91000,True,0,0.7497014755127577,0.5,0.999382673406175,False,19,0.076
sampled_npg_logbarrier_handoff,adverse,4,91001,False,1,0.7616491671520494,0.8183150757968688,0.8619345370580731,False,14,0.07692307692307693
sampled_npg_logbarrier_handoff,adverse,4,91002,False,1,0.9998872178992039,0.9999256831979317,0.9999566261020003,True,15,0.1946564885496183
sampled_npg_logbarrier_handoff,adverse,4,91003,False,1,0.9999005450100208,0.9999473102122558,0.999950080086773,True,27,0.20229007633587787
sampled_npg_logbarrier_handoff,adverse,4,91004,False,1,1.0,1.0,1.0,True,20,0.12213740458015267
sampled_npg_logbarrier_handoff,adverse,4,91005,False,1,0.9839261481450711,0.9864073683937105,0.9947266829351618,True,51,0.0830188679245283
sampled_npg_logbarrier_handoff,adverse,4,91006,False,1,0.994453644034497,0.9966309071422146,0.9974799560149784,True,15,0.1634980988593156
sampled_npg_logbarrier_handoff,adverse,4,91007,False,1,0.9857113353842415,0.9965822034443479,0.988216732112401,True,14,0.04905660377358491
sampled_npg_logbarrier_handoff,adverse,4,91008,False,1,0.3933543740188625,0.23759557887659627,0.3302128253205264,False,24,0.398406374501992
sampled_npg_logbarrier_handoff,adverse,4,91009,False,1,0.5,0.0,0.8195894176046403,False,12,0.3202846975088968
sampled_npg_logbarrier_handoff,adverse,4,91010,False,1,0.7743457496981689,0.8455446151604786,0.8570398702683601,False,16,0.11196911196911197
sampled_npg_logbarrier_handoff,adverse,4,91011,False,1,0.7863234339619972,0.8570715061066988,0.8603218906584434,False,22,0.06923076923076923
sampled_npg_logbarrier_handoff,adverse,4,91012,False,1,0.8341510833450643,0.9026713981099208,0.8889121724718682,False,127,0.20155038759689922
sampled_npg_logbarrier_handoff,adverse,4,91013,False,1,1.0,1.0,1.0,True,42,0.07662835249042145
sampled_npg_logbarrier_handoff,adverse,4,91014,False,1,0.7681463321403502,0.8653530176761073,0.8442208753388463,False,20,0.1076923076923077
sampled_npg_logbarrier_handoff,adverse,4,91015,False,1,0.8971334264798791,0.8111578107211201,0.9935497796064222,False,11,0.3044982698961938
sampled_npg_logbarrier_handoff,adverse,4,91016,False,1,0.9999999515460339,0.9999999505753954,0.9999999999999911,True,19,0.12167300380228137
sampled_npg_logbarrier_handoff,adverse,4,91017,False,1,0.7441767694402692,0.7952974344176171,0.8511695328351147,False,32,0.1
sampled_npg_logbarrier_handoff,adverse,4,91018,False,1,0.48320377657509406,0.09141687776546484,0.44744141224437817,False,20,0.36330935251798563
sampled_npg_logbarrier_handoff,adverse,4,91019,False,1,0.37431078134375045,0.22229885681655054,0.2954087282454014,False,23,0.30739299610894943
sampled_npg_logbarrier_handoff,adverse,4,91020,False,1,0.9988367443040628,0.9998879612991028,0.998887728359733,True,29,0.045454545454545456
sampled_npg_logbarrier_handoff,adverse,4,91021,False,1,0.9421903769864785,0.8999330397029667,0.9953880665869446,False,17,0.30337078651685395
sampled_npg_logbarrier_handoff,adverse,4,91022,False,1,0.998366200496968,0.9985404492394828,0.9996683031505401,True,56,0.2727272727272727
sampled_npg_logbarrier_handoff,adverse,4,91023,False,1,0.7532620835934954,0.8090984738832206,0.8549937443889877,False,11,0.2692307692307692
sampled_npg_logbarrier_handoff,adverse,4,91024,False,1,0.9912820485323954,0.9854984536610796,0.9986941330118734,True,19,0.09508196721311475
sampled_npg_logbarrier_handoff,adverse,4,91025,False,1,0.9968517367358346,0.9982661560759148,0.9980584464362285,True,37,0.12927756653992395
sampled_npg_logbarrier_handoff,adverse,4,91026,False,1,1.0,1.0,1.0,True,28,0.1297709923664122
sampled_npg_logbarrier_handoff,adverse,4,91027,False,1,0.9323986721800187,0.894924750985556,0.9913116418595109,False,25,0.0749063670411985
sampled_npg_logbarrier_handoff,adverse,4,91028,False,1,0.4437035931524611,0.05455279730453163,0.6057738334800676,False,97,0.4163568773234201
sampled_npg_logbarrier_handoff,adverse,4,91029,False,1,1.0,1.0,1.0,True,15,0.06130268199233716
sampled_npg_logbarrier_handoff,adverse,4,91030,False,1,0.7455036832815138,0.8235801528211799,0.8369769844573377,False,17,0.06538461538461539
sampled_npg_logbarrier_handoff,adverse,4,91031,False,1,0.9700582527179806,0.9836051994901189,0.9827716494644575,True,19,0.06060606060606061
sampled_npg_logbarrier_handoff,adverse,4,91032,False,1,0.9232393392507364,0.8593846863792796,0.996265883984139,False,45,0.044444444444444446
sampled_npg_logbarrier_handoff,adverse,4,91033,False,1,0.4774131476624115,0.09035192067553917,0.2552488058803477,False,40,0.31654676258992803
sampled_npg_logbarrier_handoff,adverse,4,91034,False,1,0.4928233840115481,0.016416409013819546,0.3106258646704903,False,13,0.3381818181818182
sampled_npg_logbarrier_handoff,adverse,4,91035,False,1,0.9999998562324771,0.9999998523045008,1.0,True,32,0.07224334600760456
sampled_npg_logbarrier_handoff,adverse,4,91036,False,1,0.7566829337826002,0.8263224147562923,0.8639471596966721,False,26,0.18846153846153846
sampled_npg_logbarrier_handoff,adverse,4,91037,False,1,0.9841192157974974,0.9810096911278648,0.9949270790811023,True,8,0.08
sampled_npg_logbarrier_handoff,adverse,4,91038,False,1,0.745945751319496,0.8594119661769891,0.8145036375668065,False,17,0.05384615384615385
sampled_npg_logbarrier_handoff,adverse,4,91039,False,1,0.9999999899257684,0.9999999993915567,0.9999999904817246,True,11,0.14885496183206107
sampled_npg_logbarrier_handoff,adverse,4,91040,False,1,1.0,1.0,1.0,True,17,0.03065134099616858
sampled_npg_logbarrier_handoff,adverse,4,91041,False,1,1.0,1.0,1.0,True,10,0.038314176245210725
sampled_npg_logbarrier_handoff,adverse,4,91042,False,1,1.0,1.0,1.0,True,19,0.034482758620689655
sampled_npg_logbarrier_handoff,adverse,4,91043,False,1,1.0,1.0,1.0,True,30,0.11494252873563218
sampled_npg_logbarrier_handoff,adverse,4,91044,False,1,0.9983890786669525,0.9985945913492856,0.9996196623160551,True,36,0.09090909090909091
sampled_npg_logbarrier_handoff,adverse,4,91045,False,1,0.7635500304483158,0.7841554089849618,0.8782667364762009,False,21,0.23076923076923078
sampled_npg_logbarrier_handoff,adverse,4,91046,False,1,0.9999993545007353,0.9999993317299603,1.0,True,21,0.12087912087912088
sampled_npg_logbarrier_handoff,adverse,4,91047,False,1,0.9996130743202336,0.9997609458477831,0.9998353774667376,True,24,0.10305343511450382
sampled_npg_logbarrier_handoff,adverse,4,91048,False,1,0.9924911550600619,0.9962843223793969,0.9957642677577174,True,35,0.07224334600760456
sampled_npg_logbarrier_handoff,adverse,4,91049,False,1,0.9874248115061335,0.9917954162388063,0.9927110766783377,True,22,0.07604562737642585
sampled_npg_logbarrier_handoff,adverse,4,91050,False,1,1.0,1.0,1.0,True,50,0.24427480916030533
sampled_npg_logbarrier_handoff,adverse,4,91051,False,1,0.7810460257236935,0.863678118322732,0.8581142429243795,False,10,0.07722007722007722
sampled_npg_logbarrier_handoff,adverse,4,91052,False,1,0.9525028058876253,0.9053064046307442,0.9999050822934056,True,29,0.3087248322147651
sampled_npg_logbarrier_handoff,adverse,4,91053,False,1,0.9852658035171067,0.9846639790681201,0.9946619059580235,True,20,0.06415094339622641
sampled_npg_logbarrier_handoff,adverse,4,91054,False,1,0.9243567942835724,0.873514582380724,0.9917142021194817,False,24,0.15555555555555556
sampled_npg_logbarrier_handoff,adverse,4,91055,False,1,0.9999987133810998,0.9999987043117314,0.9999999778124498,True,22,0.1297709923664122
sampled_npg_logbarrier_handoff,adverse,4,91056,False,1,1.0,1.0,1.0,True,50,0.10344827586206896
sampled_npg_logbarrier_handoff,adverse,4,91057,False,1,0.7886051760853243,0.8596549354325125,0.8611410270952112,False,33,0.06153846153846154
sampled_npg_logbarrier_handoff,adverse,4,91058,False,1,0.9999999999999859,0.9999999999999858,1.0,True,18,0.07604562737642585
sampled_npg_logbarrier_handoff,adverse,4,91059,False,1,0.7468764974384741,0.8314766749481259,0.8481609699094597,False,18,0.2153846153846154
sampled_npg_logbarrier_handoff,adverse,4,91060,False,1,0.9903222873031071,0.9951296447018181,0.9941522897368159,True,26,0.03802281368821293
sampled_npg_logbarrier_handoff,adverse,4,91061,False,1,0.998811016762099,0.9995427818176921,0.9992116420375979,True,30,0.09885931558935361
sampled_npg_logbarrier_handoff,adverse,4,91062,False,1,0.5042014417805378,0.04386614605536468,0.7766238954764939,False,22,0.3115942028985507
sampled_npg_logbarrier_handoff,adverse,4,91063,False,1,0.9367964755110407,0.9195165747300547,0.984972572071068,True,10,0.10566037735849057
sampled_npg_logbarrier_handoff,adverse,4,91064,False,1,0.7559044589826186,0.8331980652120835,0.8466910197487779,False,18,0.03076923076923077
sampled_npg_logbarrier_handoff,adverse,4,91065,False,1,1.0,1.0,1.0,True,62,0.1685823754789272
sampled_npg_logbarrier_handoff,adverse,4,91066,False,1,0.9998124170080384,0.9999696898797442,0.9998374439507377,True,13,0.18250950570342206
sampled_npg_logbarrier_handoff,adverse,4,91067,False,1,0.46562578161143986,0.009226994923101261,0.41479673228718,False,70,0.33458646616541354
sampled_npg_logbarrier_handoff,adverse,4,91068,False,1,0.4561482782746768,0.06644759582365112,0.20987908982582482,False,26,0.36059479553903345
sampled_npg_logbarrier_handoff,adverse,4,91069,False,1,0.9225210830845265,0.8585449042164671,0.9961903373527561,False,22,0.06716417910447761
sampled_npg_logbarrier_handoff,adverse,4,91070,False,1,0.9543996015989402,0.9538097002683285,0.9896335787666788,True,34,0.09022556390977443
sampled_npg_logbarrier_handoff,adverse,4,91071,False,1,0.7607695839170809,0.8278144249939471,0.8542167976337182,False,16,0.25096525096525096
sampled_npg_logbarrier_handoff,adverse,4,91072,False,1,0.9237765922947079,0.8712913330383104,0.9856112745754607,False,13,0.0449438202247191
sampled_npg_logbarrier_handoff,adverse,4,91073,False,1,0.9999896363002231,0.9999914396313208,0.9999978974460527,True,39,0.13740458015267176
sampled_npg_logbarrier_handoff,adverse,4,91074,False,1,1.0,1.0,1.0,True,39,0.3065134099616858
sampled_npg_logbarrier_handoff,adverse,4,91075,False,1,1.0,1.0,1.0,True,35,0.1183206106870229
sampled_npg_logbarrier_handoff,adverse,4,91076,False,1,0.8787291038172859,0.7852830362594985,0.9943529526175771,False,11,0.25925925925925924
sampled_npg_logbarrier_handoff,adverse,4,91077,False,1,0.8152512732262078,0.8742722039140586,0.8940540771730989,False,28,0.05813953488372093
sampled_npg_logbarrier_handoff,adverse,4,91078,False,1,0.9967751062914393,0.9987446341500167,0.9978242151663429,True,15,0.053231939163498096
sampled_npg_logbarrier_handoff,adverse,4,91079,False,1,0.9828010037411473,0.9877186172658025,0.9911607794669632,True,14,0.2
sampled_npg_logbarrier_handoff,adverse,4,91080,False,1,0.8792428145526486,0.8611527589656977,0.982042657380653,False,25,0.03345724907063197
sampled_npg_logbarrier_handoff,adverse,4,91081,False,1,0.9999999999972798,0.9999999999972693,0.9999999999999998,True,17,0.06870229007633588
sampled_npg_logbarrier_handoff,adverse,4,91082,False,1,0.7678629902059844,0.84265881718436,0.8472930338695431,False,14,0.24615384615384617
sampled_npg_logbarrier_handoff,adverse,4,91083,False,1,0.8083241085697235,0.8855390033283771,0.8701105678365098,False,36,0.23938223938223938
sampled_npg_logbarrier_handoff,adverse,4,91084,False,1,0.7327766266168699,0.7717130508838445,0.8503110859754569,False,43,0.17307692307692307
sampled_npg_logbarrier_handoff,adverse,4,91085,False,1,1.0,1.0,1.0,True,31,0.026717557251908396
sampled_npg_logbarrier_handoff,adverse,4,91086,False,1,0.7489027927184964,0.8154969460908102,0.8511759211774196,False,21,0.1346153846153846
sampled_npg_logbarrier_handoff,adverse,4,91087,False,1,0.9992409534647182,0.999594779168885,0.999606270554822,True,11,0.11406844106463879
sampled_npg_logbarrier_handoff,adverse,4,91088,False,1,0.928551429764376,0.9142387058733852,0.984615338125261,True,49,0.2631578947368421
sampled_npg_logbarrier_handoff,adverse,4,91089,False,1,1.0,1.0,1.0,True,17,0.1417624521072797
sampled_npg_logbarrier_handoff,adverse,4,91090,False,1,0.7894145265295949,0.8519950349644348,0.8764927673778525,False,32,0.06563706563706563
sampled_npg_logbarrier_handoff,adverse,4,91091,False,1,0.9232496070345502,0.9220238511774346,0.9756635559568364,True,16,0.08679245283018867
sampled_npg_logbarrier_handoff,adverse,4,91092,False,1,0.9550009188568601,0.9200850455222601,0.9962795167870284,True,103,0.3020833333333333
sampled_npg_logbarrier_handoff,adverse,4,91093,False,1,0.4960757536876211,0.004057925347954835,0.22425941192126153,False,34,0.41025641025641024
sampled_npg_logbarrier_handoff,adverse,4,91094,False,1,0.9979382304890982,0.9989616250442922,0.9988618824871658,True,16,0.12547528517110265
sampled_npg_logbarrier_handoff,adverse,4,91095,False,1,1.0,1.0,1.0,True,25,0.034482758620689655
sampled_npg_logbarrier_handoff,adverse,4,91096,False,1,0.9046816079297945,0.9124786671666192,0.9719394478750024,True,25,0.04887218045112782
sampled_npg_logbarrier_handoff,adverse,4,91097,False,1,0.752203469416484,0.7972834925877198,0.8500539734615878,False,22,0.2653846153846154
sampled_npg_logbarrier_handoff,adverse,4,91098,False,1,0.9781119908327934,0.98349564056309,0.9891639991921207,True,27,0.1018867924528302
sampled_npg_logbarrier_handoff,adverse,4,91099,False,1,1.0,1.0,1.0,True,43,0.13793103448275862
sampled_pg_logbarrier_fixed,adverse,4,91000,True,0,0.30553709493944015,0.24232137846699928,0.05178344307395393,False,,0.554
sampled_pg_logbarrier_fixed,adverse,4,91001,True,0,0.30961362226371664,0.23415548919384568,0.05287149267717821,False,,0.528
sampled_pg_logbarrier_fixed,adverse,4,91002,True,0,0.30562889651387287,0.24027558739509045,0.05045433905326888,False,,0.548
sampled_pg_logbarrier_fixed,adverse,4,91003,True,0,0.30955669126409624,0.23914791684257392,0.06028154741960627,False,,0.482
sampled_pg_logbarrier_fixed,adverse,4,91004,True,0,0.3076149187585777,0.23973238090988355,0.05301661449646761,False,,0.596
sampled_pg_logbarrier_fixed,adverse,4,91005,True,0,0.30821898050654656,0.2379626746062005,0.05211073488797313,False,,0.558
sampled_pg_logbarrier_fixed,adverse,4,91006,True,0,0.30722383893134314,0.23909473125521222,0.0505454420126241,False,,0.544
sampled_pg_logbarrier_fixed,adverse,4,91007,True,0,0.30849332274960006,0.23576840811971395,0.049987436449082205,False,,0.568
sampled_pg_logbarrier_fixed,adverse,4,91008,True,0,0.308942789754602,0.23484322032809654,0.047623969047298674,False,,0.548
sampled_pg_logbarrier_fixed,adverse,4,91009,True,0,0.3093579562752658,0.2323323187925378,0.04782968248951365,False,,0.556
sampled_pg_logbarrier_fixed,adverse,4,91010,True,0,0.30477900473339964,0.2510504001531174,0.06007971209694876,False,,0.524
sampled_pg_logbarrier_fixed,adverse,4,91011,True,0,0.31082432301309504,0.23390277661044556,0.055878361953511826,False,,0.504
sampled_pg_logbarrier_fixed,adverse,4,91012,True,0,0.3075815440248215,0.24182253270317883,0.05457099031979111,False,,0.524
sampled_pg_logbarrier_fixed,adverse,4,91013,True,0,0.3070601285127143,0.2452651953789532,0.059376442018422675,False,,0.54
sampled_pg_logbarrier_fixed,adverse,4,91014,True,0,0.3078241648821079,0.23730616204527952,0.04939904841395712,False,,0.544
sampled_pg_logbarrier_fixed,adverse,4,91015,True,0,0.3065684607683393,0.24388406473958524,0.054770329938309624,False,,0.536
sampled_pg_logbarrier_fixed,adverse,4,91016,True,0,0.3103967623449182,0.2335691012356913,0.057107258301661634,False,,0.52
sampled_pg_logbarrier_fixed,adverse,4,91017,True,0,0.3073050266799914,0.24249649931470127,0.05561780929326488,False,,0.482
sampled_pg_logbarrier_fixed,adverse,4,91018,True,0,0.31112837743891675,0.2304883101261531,0.04643097646728455,False,,0.582
sampled_pg_logbarrier_fixed,adverse,4,91019,True,0,0.2997611460693563,0.2598841844991973,0.054971612698924574,False,,0.526
sampled_pg_logbarrier_fixed,adverse,4,91020,True,0,0.30869844319721174,0.23678595771017438,0.04950046370331713,False,,0.566
sampled_pg_logbarrier_fixed,adverse,4,91021,True,0,0.30233034409564746,0.253356985625318,0.05362613050959495,False,,0.546
sampled_pg_logbarrier_fixed,adverse,4,91022,True,0,0.3018988912729999,0.2567759343362504,0.06376175101208312,False,,0.524
sampled_pg_logbarrier_fixed,adverse,4,91023,True,0,0.3048466189516429,0.24785724730383413,0.056965076157371196,False,,0.522
sampled_pg_logbarrier_fixed,adverse,4,91024,True,0,0.3011972371156832,0.25201626326020876,0.0569513967301312,False,,0.504
sampled_pg_logbarrier_fixed,adverse,4,91025,True,0,0.30649435486059495,0.2451762861505727,0.05701412797214205,False,,0.526
sampled_pg_logbarrier_fixed,adverse,4,91026,True,0,0.30817341818887056,0.23674981147912721,0.05026095641373121,False,,0.548
sampled_pg_logbarrier_fixed,adverse,4,91027,True,0,0.3036826674219361,0.24703854449515714,0.051234869872055576,False,,0.548
sampled_pg_logbarrier_fixed,adverse,4,91028,True,0,0.309177871441886,0.23532359851782897,0.04973236661887088,False,,0.552
sampled_pg_logbarrier_fixed,adverse,4,91029,True,0,0.303886392142765,0.24988788264791004,0.056989262493979544,False,,0.552
sampled_pg_logbarrier_fixed,adverse,4,91030,True,0,0.30496016231003154,0.24752333428453052,0.0585990470166476,False,,0.518
sampled_pg_logbarrier_fixed,adverse,4,91031,True,0,0.306243487952077,0.2452698010502635,0.05833027481374013,False,,0.536
sampled_pg_logbarrier_fixed,adverse,4,91032,True,0,0.30558342457937543,0.2465667433514975,0.056127376435673275,False,,0.508
sampled_pg_logbarrier_fixed,adverse,4,91033,True,0,0.3088308538537031,0.23787313636808763,0.05615842001366936,False,,0.514
sampled_pg_logbarrier_fixed,adverse,4,91034,True,0,0.30732378242706787,0.2341244825552184,0.04138751143576935,False,,0.596
sampled_pg_logbarrier_fixed,adverse,4,91035,True,0,0.30802603507554055,0.23675571285428063,0.0495176547103221,False,,0.53
sampled_pg_logbarrier_fixed,adverse,4,91036,True,0,0.3096498642576885,0.23429231730840683,0.05381698340619982,False,,0.532
sampled_pg_logbarrier_fixed,adverse,4,91037,True,0,0.30420548865815866,0.24735160186738475,0.050924053239148025,False,,0.546
sampled_pg_logbarrier_fixed,adverse,4,91038,True,0,0.30595829986278555,0.24535649134159268,0.05559295470873459,False,,0.55
sampled_pg_logbarrier_fixed,adverse,4,91039,True,0,0.3071978558825833,0.2435609533746505,0.05560082264298271,False,,0.532
sampled_pg_logbarrier_fixed,adverse,4,91040,True,0,0.3094133372806486,0.23880854522936426,0.054047351698005404,False,,0.544
sampled_pg_logbarrier_fixed,adverse,4,91041,True,0,0.3018845546237926,0.24979994992783536,0.05206592790238446,False,,0.546
sampled_pg_logbarrier_fixed,adverse,4,91042,True,0,0.30435773236587965,0.24403685021456734,0.04897569242038043,False,,0.534
sampled_pg_logbarrier_fixed,adverse,4,91043,True,0,0.3062008566060956,0.24590345417476622,0.0622286305125035,False,,0.476
sampled_pg_logbarrier_fixed,adverse,4,91044,True,0,0.30500505088009644,0.24726010092736792,0.054289566852254764,False,,0.542
sampled_pg_logbarrier_fixed,adverse,4,91045,True,0,0.3055453669953202,0.2464238840362514,0.05616931569282072,False,,0.546
sampled_pg_logbarrier_fixed,adverse,4,91046,True,0,0.312536114667621,0.22741222395101002,0.04742001316156729,False,,0.588
sampled_pg_logbarrier_fixed,adverse,4,91047,True,0,0.30803962949684677,0.23792847484322205,0.049368495729417095,False,,0.56
sampled_pg_logbarrier_fixed,adverse,4,91048,True,0,0.3076561259450845,0.24615665670760817,0.06303808726840911,False,,0.524
sampled_pg_logbarrier_fixed,adverse,4,91049,True,0,0.31045598813967185,0.23450504718233256,0.05130435174494697,False,,0.572
sampled_pg_logbarrier_fixed,adverse,4,91050,True,0,0.3043181992899808,0.24865667919075443,0.05732072378230167,False,,0.51
sampled_pg_logbarrier_fixed,adverse,4,91051,True,0,0.3076932140357872,0.24027075096061876,0.05013520786404667,False,,0.566
sampled_pg_logbarrier_fixed,adverse,4,91052,True,0,0.3016513890899171,0.2545579429897686,0.05987728911031718,False,,0.528
sampled_pg_logbarrier_fixed,adverse,4,91053,True,0,0.30699596526379036,0.24467241283156302,0.055525899160012014,False,,0.518
sampled_pg_logbarrier_fixed,adverse,4,91054,True,0,0.3100106115453946,0.23643312144295844,0.05565674344909891,False,,0.534
sampled_pg_logbarrier_fixed,adverse,4,91055,True,0,0.3079399336004391,0.24063412178020033,0.0581878627059771,False,,0.494
sampled_pg_logbarrier_fixed,adverse,4,91056,True,0,0.30901439156588795,0.23690485087627866,0.05465739958222118,False,,0.508
sampled_pg_logbarrier_fixed,adverse,4,91057,True,0,0.30597333546113475,0.24150811246648363,0.051730575845329765,False,,0.564
sampled_pg_logbarrier_fixed,adverse,4,91058,True,0,0.30144479436913785,0.2511101223498162,0.050419582605752106,False,,0.544
sampled_pg_logbarrier_fixed,adverse,4,91059,True,0,0.30639414341227245,0.24453007387077422,0.0541359899510246,False,,0.538
sampled_pg_logbarrier_fixed,adverse,4,91060,True,0,0.3031952559874284,0.24976807541951787,0.056686822593472665,False,,0.53
sampled_pg_logbarrier_fixed,adverse,4,91061,True,0,0.3075513032735737,0.24179350905851565,0.0556497186151329,False,,0.54
sampled_pg_logbarrier_fixed,adverse,4,91062,True,0,0.3095612638804351,0.23604673018926756,0.05190555281937426,False,,0.552
sampled_pg_logbarrier_fixed,adverse,4,91063,True,0,0.3010765461058826,0.2542663471712711,0.05649340047640516,False,,0.544
sampled_pg_logbarrier_fixed,adverse,4,91064,True,0,0.3062445431587733,0.24468701989791075,0.05313368208253741,False,,0.568
sampled_pg_logbarrier_fixed,adverse,4,91065,True,0,0.30785874112671974,0.23339529108513887,0.04409651667178202,False,,0.592
sampled_pg_logbarrier_fixed,adverse,4,91066,True,0,0.3070821094660168,0.23736910930412006,0.04608323261095232,False,,0.59
sampled_pg_logbarrier_fixed,adverse,4,91067,True,0,0.3053399353218765,0.24535482388260946,0.053856076328008,False,,0.528
sampled_pg_logbarrier_fixed,adverse,4,91068,True,0,0.3044340890190512,0.24889242537610784,0.05559875935546243,False,,0.544
sampled_pg_logbarrier_fixed,adverse,4,91069,True,0,0.3065801361978147,0.24017146294055525,0.05214035912976452,False,,0.528
sampled_pg_logbarrier_fixed,adverse,4,91070,True,0,0.3067453401904963,0.24008046594499183,0.05298665792945455,False,,0.56
sampled_pg_logbarrier_fixed,adverse,4,91071,True,0,0.3054618948114768,0.24863529051875075,0.05744355321673759,False,,0.576
sampled_pg_logbarrier_fixed,adverse,4,91072,True,0,0.30986823928068896,0.23515575408521525,0.04880871127143003,False,,0.604
sampled_pg_logbarrier_fixed,adverse,4,91073,True,0,0.30631360556659165,0.24422106581001865,0.05759930899788575,False,,0.52
sampled_pg_logbarrier_fixed,adverse,4,91074,True,0,0.3049444331827181,0.24266725526744684,0.04754005291157858,False,,0.566
sampled_pg_logbarrier_fixed,adverse,4,91075,True,0,0.3075814826666684,0.24543974007846547,0.06381141737161362,False,,0.502
sampled_pg_logbarrier_fixed,adverse,4,91076,True,0,0.31168443740272866,0.2283887828280426,0.04871713835691444,False,,0.538
sampled_pg_logbarrier_fixed,adverse,4,91077,True,0,0.30017034443669977,0.2545826490003923,0.05349946879710982,False,,0.514
sampled_pg_logbarrier_fixed,adverse,4,91078,True,0,0.3016887159119924,0.25702838734662264,0.057142008346557985,False,,0.564
sampled_pg_logbarrier_fixed,adverse,4,91079,True,0,0.30687482799016774,0.2406992197928262,0.052883534934703505,False,,0.53
sampled_pg_logbarrier_fixed,adverse,4,91080,True,0,0.3086992993887871,0.2357410438811125,0.05170306541554956,False,,0.52
sampled_pg_logbarrier_fixed,adverse,4,91081,True,0,0.30685272738543445,0.24084219121248965,0.04878404798696831,False,,0.562
sampled_pg_logbarrier_fixed,adverse,4,91082,True,0,0.3046418591871446,0.2491491219957607,0.057546375771518284,False,,0.52
sampled_pg_logbarrier_fixed,adverse,4,91083,True,0,0.30360962293284804,0.2409856040079338,0.04746494414460849,False,,0.546
sampled_pg_logbarrier_fixed,adverse,4,91084,True,0,0.3059736510280064,0.245476230268373,0.05898031043173446,False,,0.504
sampled_pg_logbarrier_fixed,adverse,4,91085,True,0,0.3047688257019988,0.25066861476997654,0.058526287861491395,False,,0.522
sampled_pg_logbarrier_fixed,adverse,4,91086,True,0,0.30748491652393883,0.2365065277777379,0.04886121200118568,False,,0.572
sampled_pg_logbarrier_fixed,adverse,4,91087,True,0,0.3097610129868255,0.2347189322788886,0.052605614341069924,False,,0.514
sampled_pg_logbarrier_fixed,adverse,4,91088,True,0,0.30633284428503527,0.24113221905909188,0.05322383954859885,False,,0.508
sampled_pg_logbarrier_fixed,adverse,4,91089,True,0,0.3074532728630402,0.23894343681532823,0.05143831649908697,False,,0.558
sampled_pg_logbarrier_fixed,adverse,4,91090,True,0,0.3047360208281452,0.24411906526323177,0.05019605830367366,False,,0.524
sampled_pg_logbarrier_fixed,adverse,4,91091,True,0,0.30545701586423885,0.2433059102171436,0.05228368071819682,False,,0.536
sampled_pg_logbarrier_fixed,adverse,4,91092,True,0,0.3064856394702899,0.2427613165553405,0.053074814293089086,False,,0.58
sampled_pg_logbarrier_fixed,adverse,4,91093,True,0,0.30235425086642104,0.25293525028943653,0.05487212378578753,False,,0.526
sampled_pg_logbarrier_fixed,adverse,4,91094,True,0,0.30822912579394124,0.2402180007302125,0.05305062402950312,False,,0.546
sampled_pg_logbarrier_fixed,adverse,4,91095,True,0,0.31166636607786397,0.23010428540501268,0.04992618261443448,False,,0.52
sampled_pg_logbarrier_fixed,adverse,4,91096,True,0,0.3102500261749225,0.23310415617076263,0.054755907007574246,False,,0.512
sampled_pg_logbarrier_fixed,adverse,4,91097,True,0,0.308293302998309,0.24134809768873153,0.05295481123965602,False,,0.57
sampled_pg_logbarrier_fixed,adverse,4,91098,True,0,0.31054806688324293,0.23642072412142046,0.058103413874006554,False,,0.548
sampled_pg_logbarrier_fixed,adverse,4,91099,True,0,0.310827106597062,0.23226842346049778,0.05071757779092869,False,,0.524
sampled_npg_logbarrier_fixed,adverse,4,91000,True,0,0.6534538328755695,0.5,0.7848683867654046,False,19,0.076
sampled_npg_logbarrier_fixed,adverse,4,91001,True,0,0.5930569479427202,0.4947960458001767,0.8029380269978591,False,14,0.06
sampled_npg_logbarrier_fixed,adverse,4,91002,True,0,0.7527552936401731,0.8380321753019483,0.8354490248976877,False,15,0.106
sampled_npg_logbarrier_fixed,adverse,4,91003,True,0,0.6675480864019291,0.7217009674331585,0.7928632364139605,False,27,0.108
sampled_npg_logbarrier_fixed,adverse,4,91004,True,0,0.724740145793804,0.8171904710313734,0.8153913528697151,False,20,0.066
sampled_npg_logbarrier_fixed,adverse,4,91005,True,0,0.6984232712368633,0.7584140351660903,0.8140464897425479,False,51,0.05
sampled_npg_logbarrier_fixed,adverse,4,91006,True,0,0.7326844593069965,0.8181876447904727,0.8279363915409942,False,15,0.088
sampled_npg_logbarrier_fixed,adverse,4,91007,True,0,0.7748522889498916,0.811674772873137,0.820967809182055,False,14,0.068
sampled_npg_logbarrier_fixed,adverse,4,91008,True,0,0.7326839324006933,0.818993523783096,0.8254662614349859,False,24,0.212
sampled_npg_logbarrier_fixed,adverse,4,91009,True,0,0.7069778074964079,0.7482007658901587,0.8312833102587064,False,12,0.204
sampled_npg_logbarrier_fixed,adverse,4,91010,True,0,0.6651616440997573,0.7049229347791551,0.7959544389191103,False,16,0.058
sampled_npg_logbarrier_fixed,adverse,4,91011,True,0,0.7088521997126139,0.7727437768576101,0.8266534153160877,False,22,0.038
sampled_npg_logbarrier_fixed,adverse,4,91012,True,0,0.6588746197829219,0.6988589977300388,0.8030427597783208,False,127,0.108
sampled_npg_logbarrier_fixed,adverse,4,91013,True,0,0.7310975951228172,0.7896534502264382,0.83369072270578,False,42,0.042
sampled_npg_logbarrier_fixed,adverse,4,91014,True,0,0.701753429638519,0.7780301603756818,0.8262467571324286,False,20,0.066
sampled_npg_logbarrier_fixed,adverse,4,91015,True,0,0.6655070996223174,0.7194384121159797,0.7912097537137508,False,11,0.174
sampled_npg_logbarrier_fixed,adverse,4,91016,True,0,0.5115494653391691,0.4451586808584073,0.6289871918103674,False,19,0.088
sampled_npg_logbarrier_fixed,adverse,4,91017,True,0,0.6672284741420075,0.6836819672579694,0.811231174262352,False,32,0.052
sampled_npg_logbarrier_fixed,adverse,4,91018,True,0,0.5378724796378664,0.3899406420148533,0.7684194681939019,False,20,0.33
sampled_npg_logbarrier_fixed,adverse,4,91019,True,0,0.6147190016589555,0.5803177558164676,0.8148331548718155,False,23,0.314
sampled_npg_logbarrier_fixed,adverse,4,91020,True,0,0.6290048166558564,0.751802030458793,0.719724218316308,False,29,0.038
sampled_npg_logbarrier_fixed,adverse,4,91021,True,0,0.7065958778279778,0.740184471688081,0.8275383059464179,False,17,0.164
sampled_npg_logbarrier_fixed,adverse,4,91022,True,0,0.6581697124993063,0.6782638965249076,0.809225494600197,False,56,0.19
sampled_npg_logbarrier_fixed,adverse,4,91023,True,0,0.7150308575641149,0.7809550506911032,0.8267362764108563,False,11,0.14
sampled_npg_logbarrier_fixed,adverse,4,91024,True,0,0.6777079224343622,0.735037271219995,0.8119935888473435,False,19,0.064
sampled_npg_logbarrier_fixed,adverse,4,91025,True,0,0.7332079309048749,0.8205454965526745,0.8254320425952274,False,37,0.07
sampled_npg_logbarrier_fixed,adverse,4,91026,True,0,0.6892706998308121,0.7442866245422564,0.8022627971534404,False,28,0.072
sampled_npg_logbarrier_fixed,adverse,4,91027,True,0,0.7271694378705457,0.713126317335679,0.8701469749990842,False,25,0.04
sampled_npg_logbarrier_fixed,adverse,4,91028,True,0,0.33776120819042754,0.22624957713208077,0.34324784176898,False,97,0.376
sampled_npg_logbarrier_fixed,adverse,4,91029,True,0,0.6376107617965449,0.6792473203034551,0.7626941462211934,False,15,0.036
sampled_npg_logbarrier_fixed,adverse,4,91030,True,0,0.6337901118650205,0.6669282664538746,0.7827285312605161,False,17,0.034
sampled_npg_logbarrier_fixed,adverse,4,91031,True,0,0.7661484982639073,0.8473564328332378,0.846594580168152,False,19,0.056
sampled_npg_logbarrier_fixed,adverse,4,91032,True,0,0.6508559465678782,0.6939064879779934,0.7889975855354248,False,45,0.036
sampled_npg_logbarrier_fixed,adverse,4,91033,True,0,0.6958268675675313,0.7794649638534982,0.8046374466271442,False,40,0.186
sampled_npg_logbarrier_fixed,adverse,4,91034,True,0,0.7140147012751366,0.7987911518341425,0.8132836365442803,False,13,0.268
sampled_npg_logbarrier_fixed,adverse,4,91035,True,0,0.6631810028901028,0.713776389614054,0.7914089115601266,False,32,0.04
sampled_npg_logbarrier_fixed,adverse,4,91036,True,0,0.656450970227533,0.7148686003345682,0.8024031096084879,False,26,0.098
sampled_npg_logbarrier_fixed,adverse,4,91037,True,0,0.713648377854088,0.7896066636623863,0.8148988097076831,False,8,0.048
sampled_npg_logbarrier_fixed,adverse,4,91038,True,0,0.6693829637701625,0.7245794892575905,0.7959236129512447,False,17,0.034
sampled_npg_logbarrier_fixed,adverse,4,91039,True,0,0.6554237089853734,0.7760973436973644,0.741938684316274,False,11,0.078
sampled_npg_logbarrier_fixed,adverse,4,91040,True,0,0.7339725615440932,0.8051398593947633,0.8341571429212079,False,17,0.018
sampled_npg_logbarrier_fixed,adverse,4,91041,True,0,0.679412773299539,0.7223108256166292,0.816205103745294,False,10,0.022
sampled_npg_logbarrier_fixed,adverse,4,91042,True,0,0.7633788515531437,0.8394006275833877,0.8479377614361097,False,19,0.022
sampled_npg_logbarrier_fixed,adverse,4,91043,True,0,0.6531423221079271,0.6907738030480796,0.8002061375345414,False,30,0.064
sampled_npg_logbarrier_fixed,adverse,4,91044,True,0,0.7942040165957237,0.8654257960660405,0.8621182615159696,False,36,0.05
sampled_npg_logbarrier_fixed,adverse,4,91045,True,0,0.729450324018455,0.7921751079167066,0.8379440605427144,False,21,0.12
sampled_npg_logbarrier_fixed,adverse,4,91046,True,0,0.7224511279550541,0.8042539571527612,0.8187878239200764,False,21,0.074
sampled_npg_logbarrier_fixed,adverse,4,91047,True,0,0.7334208048074732,0.8147283436411791,0.8230696837639596,False,24,0.058
sampled_npg_logbarrier_fixed,adverse,4,91048,True,0,0.6922128038933216,0.7786813909505874,0.7885493611353553,False,35,0.038
sampled_npg_logbarrier_fixed,adverse,4,91049,True,0,0.653863481639524,0.7318118951393533,0.777291775840135,False,22,0.044
sampled_npg_logbarrier_fixed,adverse,4,91050,True,0,0.7273287554478698,0.8302428316248096,0.8004073810537967,False,50,0.128
sampled_npg_logbarrier_fixed,adverse,4,91051,True,0,0.7017719803535614,0.7870848458384038,0.8032474803925598,False,10,0.04
sampled_npg_logbarrier_fixed,adverse,4,91052,True,0,0.6993723976089808,0.7907017230096377,0.7999889091426399,False,29,0.194
sampled_npg_logbarrier_fixed,adverse,4,91053,True,0,0.7006083158094442,0.7002994632133693,0.8403523287083831,False,20,0.034
sampled_npg_logbarrier_fixed,adverse,4,91054,True,0,0.6688875176198454,0.7709958704881308,0.7616705054033229,False,24,0.092
sampled_npg_logbarrier_fixed,adverse,4,91055,True,0,0.6574486201879048,0.7071555656882631,0.7710673525497179,False,22,0.068
sampled_npg_logbarrier_fixed,adverse,4,91056,True,0,0.6800129357106219,0.7755036180925956,0.7812665653360688,False,50,0.056
sampled_npg_logbarrier_fixed,adverse,4,91057,True,0,0.4773291797249909,0.2250570183802946,0.8093373336224136,False,33,0.042
sampled_npg_logbarrier_fixed,adverse,4,91058,True,0,0.5962842346053369,0.6388513696141593,0.7091337519299826,False,18,0.042
sampled_npg_logbarrier_fixed,adverse,4,91059,True,0,0.7628632856607028,0.8441429496922822,0.8437479007047001,False,18,0.116
sampled_npg_logbarrier_fixed,adverse,4,91060,True,0,0.6442854647134335,0.7991302285822682,0.6944526833303049,False,26,0.038
sampled_npg_logbarrier_fixed,adverse,4,91061,True,0,0.5523921235585956,0.5355826462713297,0.7496790751475078,False,30,0.056
sampled_npg_logbarrier_fixed,adverse,4,91062,True,0,0.38303614411633274,0.8091695769002112,0.32502971167006706,False,22,0.334
sampled_npg_logbarrier_fixed,adverse,4,91063,True,0,0.6550153287243544,0.6169010810590304,0.8415809838720968,False,10,0.062
sampled_npg_logbarrier_fixed,adverse,4,91064,True,0,0.6339231995088909,0.6171887384422752,0.7933492752366371,False,18,0.022
sampled_npg_logbarrier_fixed,adverse,4,91065,True,0,0.71035227878417,0.740279995509384,0.8386561589424029,False,62,0.09
sampled_npg_logbarrier_fixed,adverse,4,91066,True,0,0.7096978558885336,0.785144683102758,0.8204526709112807,False,13,0.1
sampled_npg_logbarrier_fixed,adverse,4,91067,True,0,0.6520879315777112,0.719070576201898,0.7636108988042252,False,70,0.238
sampled_npg_logbarrier_fixed,adverse,4,91068,True,0,0.6870370045436356,0.7894182041545442,0.7817992591477205,False,26,0.27
sampled_npg_logbarrier_fixed,adverse,4,91069,True,0,0.6896148130812374,0.7860776503856305,0.7898046277793686,False,22,0.042
sampled_npg_logbarrier_fixed,adverse,4,91070,True,0,0.677437293138028,0.7052352357220198,0.8099848250635628,False,34,0.056
sampled_npg_logbarrier_fixed,adverse,4,91071,True,0,0.6552960840733536,0.6969309380497292,0.7837573317193818,False,16,0.136
sampled_npg_logbarrier_fixed,adverse,4,91072,True,0,0.7803701300367126,0.8006323253778925,0.832955751639095,False,13,0.026
sampled_npg_logbarrier_fixed,adverse,4,91073,True,0,0.7005222383217908,0.7745810974791222,0.8054921720299085,False,39,0.074
sampled_npg_logbarrier_fixed,adverse,4,91074,True,0,0.691342817704383,0.7172523383789542,0.8277910007296607,False,39,0.168
sampled_npg_logbarrier_fixed,adverse,4,91075,True,0,0.7126841179523036,0.7968692102999225,0.8116723291631613,False,35,0.064
sampled_npg_logbarrier_fixed,adverse,4,91076,True,0,0.5951058350746813,0.6788139337624949,0.7143221205624375,False,11,0.14
sampled_npg_logbarrier_fixed,adverse,4,91077,True,0,0.7537923854831741,0.8271225869180234,0.8437730156552322,False,28,0.036
sampled_npg_logbarrier_fixed,adverse,4,91078,True,0,0.6411939548799547,0.6826293349257703,0.7887523200283578,False,15,0.028
sampled_npg_logbarrier_fixed,adverse,4,91079,True,0,0.7079262343266302,0.7721331006212578,0.827277617707959,False,14,0.106
sampled_npg_logbarrier_fixed,adverse,4,91080,True,0,0.7270537305659245,0.8020951534801741,0.8206162044585075,False,25,0.02
sampled_npg_logbarrier_fixed,adverse,4,91081,True,0,0.7186538797796005,0.7847352371273268,0.8170702575188464,False,17,0.038
sampled_npg_logbarrier_fixed,adverse,4,91082,True,0,0.7677743870677788,0.8719913436647609,0.8296356028375624,False,14,0.13
sampled_npg_logbarrier_fixed,adverse,4,91083,True,0,0.5413609062816892,0.5444202905020898,0.7018101924443769,False,36,0.132
sampled_npg_logbarrier_fixed,adverse,4,91084,True,0,0.7067072898766201,0.7254275602028534,0.8361295947597354,False,43,0.092
sampled_npg_logbarrier_fixed,adverse,4,91085,True,0,0.7144666959173244,0.7947974589337052,0.813554416283421,False,31,0.016
sampled_npg_logbarrier_fixed,adverse,4,91086,True,0,0.6908770062348301,0.7357852215644675,0.8132613792034429,False,21,0.08
sampled_npg_logbarrier_fixed,adverse,4,91087,True,0,0.5668311211703679,0.6309537110268659,0.6947924693435863,False,11,0.062
sampled_npg_logbarrier_fixed,adverse,4,91088,True,0,0.6936524100521607,0.7311540741369512,0.8221727913319712,False,49,0.14
sampled_npg_logbarrier_fixed,adverse,4,91089,True,0,0.6755719473194363,0.7282690215672256,0.8064265880303437,False,17,0.078
sampled_npg_logbarrier_fixed,adverse,4,91090,True,0,0.6477827157522749,0.6467890570640545,0.8034913869509237,False,32,0.042
sampled_npg_logbarrier_fixed,adverse,4,91091,True,0,0.6742746848826794,0.6834208295188681,0.8117260357073955,False,16,0.052
sampled_npg_logbarrier_fixed,adverse,4,91092,True,0,0.3887811441841058,0.2475678250492594,0.3527409666336087,False,103,0.31
sampled_npg_logbarrier_fixed,adverse,4,91093,True,0,0.6617627028369577,0.771431338665404,0.7611142945273938,False,34,0.256
sampled_npg_logbarrier_fixed,adverse,4,91094,True,0,0.7715946597214556,0.8363772872856905,0.834589601537852,False,16,0.07
sampled_npg_logbarrier_fixed,adverse,4,91095,True,0,0.6852142882021681,0.707444535677361,0.8203476457758397,False,25,0.022
sampled_npg_logbarrier_fixed,adverse,4,91096,True,0,0.7439626062912565,0.8263015277037764,0.8338457509636936,False,25,0.04
sampled_npg_logbarrier_fixed,adverse,4,91097,True,0,0.6443918051864099,0.6771349633845815,0.7704266720048663,False,22,0.138
sampled_npg_logbarrier_fixed,adverse,4,91098,True,0,0.5926777748742807,0.5986606172669453,0.7766665527186123,False,27,0.064
sampled_npg_logbarrier_fixed,adverse,4,91099,True,0,0.7143838561505294,0.7992063136072775,0.8162920548729897,False,43,0.074
sampled_pg_reward_only,adverse,32,91000,True,0,0.4725994745692739,0.006451883175224611,0.015866898942940005,False,,0.704
sampled_pg_reward_only,adverse,32,91001,True,0,0.472859249010146,0.006354758206893735,0.015832544254375008,False,,0.756
sampled_pg_reward_only,adverse,32,91002,True,0,0.4728610022581476,0.006350366948368343,0.015926339947690916,False,,0.764
sampled_pg_reward_only,adverse,32,91003,True,0,0.4728448747964545,0.006373120307563714,0.01596457000639395,False,,0.762
sampled_pg_reward_only,adverse,32,91004,True,0,0.4728252873412708,0.00638595073203917,0.015961317441497324,False,,0.718
sampled_pg_reward_only,adverse,32,91005,True,0,0.4727595870485517,0.006411104129596158,0.015957250041536863,False,,0.716
sampled_pg_reward_only,adverse,32,91006,True,0,0.4729623314693756,0.006307421372543942,0.015840977827967603,False,,0.766
sampled_pg_reward_only,adverse,32,91007,True,0,0.47278212982687307,0.0063880565406975775,0.015826810385783378,False,,0.714
sampled_pg_reward_only,adverse,32,91008,True,0,0.4728147601194111,0.006380511321899277,0.015872587990213106,False,,0.726
sampled_pg_reward_only,adverse,32,91009,True,0,0.47282282778215956,0.006363000550663218,0.01592572397017367,False,,0.734
sampled_pg_reward_only,adverse,32,91010,True,0,0.4727628290878465,0.006419093741098709,0.015953334482856362,False,,0.698
sampled_pg_reward_only,adverse,32,91011,True,0,0.4729734184499389,0.00629105168512417,0.015801122642890436,False,,0.766
sampled_pg_reward_only,adverse,32,91012,True,0,0.47280006932062923,0.0064006668734114544,0.015911315570424165,False,,0.71
sampled_pg_reward_only,adverse,32,91013,True,0,0.4728015338432994,0.006407349211277762,0.015908034452134904,False,,0.692
sampled_pg_reward_only,adverse,32,91014,True,0,0.47297018571962446,0.006308657084329344,0.015885554819449157,False,,0.756
sampled_pg_reward_only,adverse,32,91015,True,0,0.4728671262357263,0.006355817723400554,0.01583132393453206,False,,0.762
sampled_pg_reward_only,adverse,32,91016,True,0,0.47275150870236743,0.006400133423377682,0.015917125869063475,False,,0.73
sampled_pg_reward_only,adverse,32,91017,True,0,0.4728770060880589,0.006362623698255742,0.015919085605921306,False,,0.748
sampled_pg_reward_only,adverse,32,91018,True,0,0.4726785051845199,0.00644391197758006,0.015860976480259,False,,0.696
sampled_pg_reward_only,adverse,32,91019,True,0,0.472713204695639,0.006433471482700775,0.01595345648519655,False,,0.694
sampled_pg_reward_only,adverse,32,91020,True,0,0.47267257419050257,0.006451503129178116,0.015996379737306905,False,,0.732
sampled_pg_reward_only,adverse,32,91021,True,0,0.47293248927674103,0.006310672971489522,0.015935430508218586,False,,0.778
sampled_pg_reward_only,adverse,32,91022,True,0,0.47270739635990855,0.006424041893895682,0.01582027703424069,False,,0.724
sampled_pg_reward_only,adverse,32,91023,True,0,0.4728168258924646,0.006382393830239674,0.01587138022733506,False,,0.728
sampled_pg_reward_only,adverse,32,91024,True,0,0.47278382828361587,0.006403281250972141,0.015912027286616046,False,,0.732
sampled_pg_reward_only,adverse,32,91025,True,0,0.4729474046595398,0.006316560233922852,0.015839074666083926,False,,0.74
sampled_pg_reward_only,adverse,32,91026,True,0,0.4729195985254831,0.00635864937558616,0.01586924620833407,False,,0.75
sampled_pg_reward_only,adverse,32,91027,True,0,0.47278153876174517,0.0063813366794352065,0.015921593704098253,False,,0.76
sampled_pg_reward_only,adverse,32,91028,True,0,0.47257582273946386,0.006498561806644189,0.015987102600581313,False,,0.702
sampled_pg_reward_only,adverse,32,91029,True,0,0.4727053882466685,0.006415151780758851,0.015915894790182655,False,,0.738
sampled_pg_reward_only,adverse,32,91030,True,0,0.47292841843677264,0.006328986908231886,0.015881642549359528,False,,0.754
sampled_pg_reward_only,adverse,32,91031,True,0,0.47263651893341646,0.006458812854141805,0.015997678330528942,False,,0.718
sampled_pg_reward_only,adverse,32,91032,True,0,0.4728239151681099,0.006367179583509505,0.015877085358576626,False,,0.746
sampled_pg_reward_only,adverse,32,91033,True,0,0.47275544389392476,0.0064159939561276354,0.015909414083274113,False,,0.718
sampled_pg_reward_only,adverse,32,91034,True,0,0.4727607735343747,0.006403598918026068,0.015822218440721052,False,,0.728
sampled_pg_reward_only,adverse,32,91035,True,0,0.47299610791686725,0.0062978295668773155,0.01588747095284001,False,,0.774
sampled_pg_reward_only,adverse,32,91036,True,0,0.47289781755159643,0.006351444913027521,0.01583001576103738,False,,0.732
sampled_pg_reward_only,adverse,32,91037,True,0,0.4728780522779608,0.006358244484318203,0.01592041366871721,False,,0.728
sampled_pg_reward_only,adverse,32,91038,True,0,0.4728154407156094,0.006383817986896644,0.015824912218779533,False,,0.716
sampled_pg_reward_only,adverse,32,91039,True,0,0.4728776315448022,0.00635753843077218,0.015921107213587412,False,,0.742
sampled_pg_reward_only,adverse,32,91040,True,0,0.4729960460228608,0.006298034473722337,0.01584166759889253,False,,0.76
sampled_pg_reward_only,adverse,32,91041,True,0,0.4729152323922505,0.006356380159663408,0.015917079739443365,False,,0.748
sampled_pg_reward_only,adverse,32,91042,True,0,0.4727073014250372,0.00643551657171903,0.015998830495225116,False,,0.71
sampled_pg_reward_only,adverse,32,91043,True,0,0.47293551626615044,0.006332049612622381,0.015833237857708907,False,,0.73
sampled_pg_reward_only,adverse,32,91044,True,0,0.4729333912250422,0.0063114544587433525,0.015842925622944818,False,,0.748
sampled_pg_reward_only,adverse,32,91045,True,0,0.47272972678727365,0.006433827973659754,0.015997654294354974,False,,0.728
sampled_pg_reward_only,adverse,32,91046,True,0,0.47297066355739953,0.006309278783173566,0.01579403249018532,False,,0.738
sampled_pg_reward_only,adverse,32,91047,True,0,0.47301287700229633,0.006290620069845683,0.01579725462674185,False,,0.752
sampled_pg_reward_only,adverse,32,91048,True,0,0.47267052671179743,0.006457426079661533,0.015902190710818324,False,,0.704
sampled_pg_reward_only,adverse,32,91049,True,0,0.47272982072323116,0.00641589793337938,0.015866684339823148,False,,0.728
sampled_pg_reward_only,adverse,32,91050,True,0,0.47280320680691895,0.00638917807095707,0.015869988941833637,False,,0.704
sampled_pg_reward_only,adverse,32,91051,True,0,0.4727180081007941,0.006437101218958423,0.01585969342735182,False,,0.698
sampled_pg_reward_only,adverse,32,91052,True,0,0.47283748497689865,0.006371480538252084,0.015873843580757913,False,,0.726
sampled_pg_reward_only,adverse,32,91053,True,0,0.4727517608894876,0.006418583051778532,0.016094139998160957,False,,0.74
sampled_pg_reward_only,adverse,32,91054,True,0,0.47284000410316773,0.00637717282425514,0.015871204001168968,False,,0.73
sampled_pg_reward_only,adverse,32,91055,True,0,0.4727698606843729,0.006418669821826835,0.015952770603241205,False,,0.702
sampled_pg_reward_only,adverse,32,91056,True,0,0.4728259960153453,0.006365490301106673,0.01587787858215466,False,,0.742
sampled_pg_reward_only,adverse,32,91057,True,0,0.47283505407022297,0.006360640384294992,0.01578694767724943,False,,0.742
sampled_pg_reward_only,adverse,32,91058,True,0,0.47269284057579347,0.006437826179745488,0.015907382202854033,False,,0.71
sampled_pg_reward_only,adverse,32,91059,True,0,0.47281816406881394,0.006384046021154024,0.015916348544371663,False,,0.724
sampled_pg_reward_only,adverse,32,91060,True,0,0.4726920927237048,0.006429572932165058,0.015911256790939354,False,,0.706
sampled_pg_reward_only,adverse,32,91061,True,0,0.47277508079547576,0.0063895925302489085,0.015827479573899073,False,,0.7
sampled_pg_reward_only,adverse,32,91062,True,0,0.47286449548737663,0.006370952325982635,0.01582483407802132,False,,0.732
sampled_pg_reward_only,adverse,32,91063,True,0,0.4729083726745298,0.006339589373382105,0.015879113050111828,False,,0.742
sampled_pg_reward_only,adverse,32,91064,True,0,0.47283798234533586,0.006385568850125539,0.015867261176679578,False,,0.708
sampled_pg_reward_only,adverse,32,91065,True,0,0.4729533271255975,0.006312780038389461,0.015931544444106382,False,,0.768
sampled_pg_reward_only,adverse,32,91066,True,0,0.472925221858758,0.006351726387013984,0.015826128395288852,False,,0.724
sampled_pg_reward_only,adverse,32,91067,True,0,0.472948893202425,0.006339835325734539,0.01587450012077365,False,,0.748
sampled_pg_reward_only,adverse,32,91068,True,0,0.4727317222560443,0.006426253098638088,0.01590873825651329,False,,0.7
sampled_pg_reward_only,adverse,32,91069,True,0,0.47280924333098995,0.006384233183081785,0.015917099792229664,False,,0.728
sampled_pg_reward_only,adverse,32,91070,True,0,0.47285135213476404,0.006345229443551222,0.01583784480819656,False,,0.732
sampled_pg_reward_only,adverse,32,91071,True,0,0.47272825869854074,0.006420720865895066,0.01591066880638921,False,,0.704
sampled_pg_reward_only,adverse,32,91072,True,0,0.47284265892698296,0.006383584792400972,0.01586789656686319,False,,0.72
sampled_pg_reward_only,adverse,32,91073,True,0,0.4729424762718219,0.006328709124346996,0.01587972528356285,False,,0.766
sampled_pg_reward_only,adverse,32,91074,True,0,0.4726136209107016,0.006466624559813456,0.01595011391422884,False,,0.714
sampled_pg_reward_only,adverse,32,91075,True,0,0.47291405415713206,0.006356593478852832,0.015871316100382147,False,,0.736
sampled_pg_reward_only,adverse,32,91076,True,0,0.4727969146458718,0.006401538475045154,0.01586543658489988,False,,0.708
sampled_pg_reward_only,adverse,32,91077,True,0,0.47272295925696556,0.006421329934507463,0.01581906498188182,False,,0.714
sampled_pg_reward_only,adverse,32,91078,True,0,0.47281954918414465,0.006369637403049199,0.015876402437600412,False,,0.732
sampled_pg_reward_only,adverse,32,91079,True,0,0.4727790461598605,0.006394039905769336,0.015870646654876197,False,,0.714
sampled_pg_reward_only,adverse,32,91080,True,0,0.47264760981396575,0.006453121774371781,0.015860228085855032,False,,0.706
sampled_pg_reward_only,adverse,32,91081,True,0,0.47290732649148215,0.006333022661367249,0.015836558559203982,False,,0.744
sampled_pg_reward_only,adverse,32,91082,True,0,0.4730133213263801,0.0062947237263095155,0.01588673567783223,False,,0.752
sampled_pg_reward_only,adverse,32,91083,True,0,0.47269599022130865,0.006447249591812102,0.015903545602653266,False,,0.702
sampled_pg_reward_only,adverse,32,91084,True,0,0.4727966595833503,0.006402288590310908,0.015864769606179215,False,,0.696
sampled_pg_reward_only,adverse,32,91085,True,0,0.4726838494286376,0.006454750369235381,0.01604063828660582,False,,0.722
sampled_pg_reward_only,adverse,32,91086,True,0,0.47259530341284217,0.006483127997283371,0.015991683306971236,False,,0.68
sampled_pg_reward_only,adverse,32,91087,True,0,0.47275599701941456,0.006419676431222831,0.01609194969209402,False,,0.742
sampled_pg_reward_only,adverse,32,91088,True,0,0.47277631330381675,0.006397886522367621,0.015868618567593216,False,,0.712
sampled_pg_reward_only,adverse,32,91089,True,0,0.4728431774906845,0.006382219357258533,0.015822977337722057,False,,0.73
sampled_pg_reward_only,adverse,32,91090,True,0,0.47269116206259454,0.006446280280864871,0.015858324574375384,False,,0.696
sampled_pg_reward_only,adverse,32,91091,True,0,0.4726848137942093,0.006437332439047484,0.016001630204802456,False,,0.702
sampled_pg_reward_only,adverse,32,91092,True,0,0.47282451230671474,0.006369145566490216,0.015784372969286517,False,,0.728
sampled_pg_reward_only,adverse,32,91093,True,0,0.47291182842100354,0.006335079670366245,0.01578952349247448,False,,0.736
sampled_pg_reward_only,adverse,32,91094,True,0,0.4727284016450386,0.00643578926240101,0.0159509724991536,False,,0.704
sampled_pg_reward_only,adverse,32,91095,True,0,0.4727373915525053,0.006406890355842286,0.015824244260757184,False,,0.736
sampled_pg_reward_only,adverse,32,91096,True,0,0.47284121952318126,0.006392572293521078,0.015955944899906538,False,,0.72
sampled_pg_reward_only,adverse,32,91097,True,0,0.4728670712787605,0.006378546357352338,0.015913947470341753,False,,0.724
sampled_pg_reward_only,adverse,32,91098,True,0,0.472746588681914,0.006410215849588254,0.015959341983903644,False,,0.728
sampled_pg_reward_only,adverse,32,91099,True,0,0.47271939661460965,0.006408282559662373,0.01587129785570356,False,,0.712
sampled_pg_logbarrier_handoff,adverse,32,91000,True,0,0.4151533662536824,0.06420837652945928,0.02420192896427969,False,,0.076
sampled_pg_logbarrier_handoff,adverse,32,91001,True,0,0.4166775582627227,0.06298414662366694,0.02554978700023199,False,,0.096
sampled_pg_logbarrier_handoff,adverse,32,91002,True,0,0.41604896165135746,0.0640645865922918,0.025464907073655726,False,,0.098
sampled_pg_logbarrier_handoff,adverse,32,91003,True,0,0.4156972587702165,0.06421473762345033,0.025391336943517712,False,,0.08
sampled_pg_logbarrier_handoff,adverse,32,91004,True,0,0.415666178826188,0.0643283390413323,0.025350784626818546,False,,0.078
sampled_pg_logbarrier_handoff,adverse,32,91005,True,0,0.41469384868562165,0.0654929702205101,0.027063818994570343,False,,0.084
sampled_pg_logbarrier_handoff,adverse,32,91006,True,0,0.4162944883202738,0.06323680105444633,0.024334728636760082,False,,0.064
sampled_pg_logbarrier_handoff,adverse,32,91007,True,0,0.41508994798494747,0.06478556233194736,0.024800542258225197,False,,0.092
sampled_pg_logbarrier_handoff,adverse,32,91008,True,0,0.41502435874896915,0.06482093549732457,0.025364489946155686,False,,0.064
sampled_pg_logbarrier_handoff,adverse,32,91009,True,0,0.4150353325793766,0.0646660024029719,0.02508659935984623,False,,0.09
sampled_pg_logbarrier_handoff,adverse,32,91010,True,0,0.41629189170746456,0.06333610730586896,0.024524327583913486,False,,0.096
sampled_pg_logbarrier_handoff,adverse,32,91011,True,0,0.41551126093288215,0.06399208047757296,0.024601724651974025,False,,0.088
sampled_pg_logbarrier_handoff,adverse,32,91012,True,0,0.41601519716875074,0.06373267308574139,0.02459618096757858,False,,0.114
sampled_pg_logbarrier_handoff,adverse,32,91013,True,0,0.41687353316969755,0.062819521838371,0.024966776217352347,False,,0.092
sampled_pg_logbarrier_handoff,adverse,32,91014,True,0,0.41649365081445644,0.06295880438496662,0.025101745184177064,False,,0.102
sampled_pg_logbarrier_handoff,adverse,32,91015,True,0,0.41624256183483815,0.06340133155502713,0.025894537573463706,False,,0.076
sampled_pg_logbarrier_handoff,adverse,32,91016,True,0,0.41535718273397815,0.06425315978179857,0.025515484176968237,False,,0.074
sampled_pg_logbarrier_handoff,adverse,32,91017,True,0,0.4138538306529819,0.06650474938359809,0.02590220579610595,False,,0.086
sampled_pg_logbarrier_handoff,adverse,32,91018,True,0,0.41515146519975427,0.06440585187551243,0.024639145366711,False,,0.1
sampled_pg_logbarrier_handoff,adverse,32,91019,True,0,0.4159468633418984,0.06360327176579758,0.024806228526510397,False,,0.11
sampled_pg_logbarrier_handoff,adverse,32,91020,True,0,0.4155006776693424,0.0641633808944548,0.025091471444861936,False,,0.102
sampled_pg_logbarrier_handoff,adverse,32,91021,True,0,0.41656188762964985,0.06272406941487776,0.02493235710353799,False,,0.078
sampled_pg_logbarrier_handoff,adverse,32,91022,True,0,0.41486895996527445,0.06508478507495996,0.025380368946386962,False,,0.09
sampled_pg_logbarrier_handoff,adverse,32,91023,True,0,0.416661785637549,0.0627963254485767,0.024562160820437214,False,,0.106
sampled_pg_logbarrier_handoff,adverse,32,91024,True,0,0.4150679249963731,0.06471274436306215,0.02556561394898124,False,,0.09
sampled_pg_logbarrier_handoff,adverse,32,91025,True,0,0.4149808603725346,0.06478696285333027,0.02464058379654875,False,,0.098
sampled_pg_logbarrier_handoff,adverse,32,91026,True,0,0.41645536458902455,0.06331412674988394,0.025517311159949343,False,,0.08
sampled_pg_logbarrier_handoff,adverse,32,91027,True,0,0.4158570713611506,0.06351549370844979,0.024420333685105145,False,,0.098
sampled_pg_logbarrier_handoff,adverse,32,91028,True,0,0.41595256952586296,0.06329598678310243,0.024511883615251518,False,,0.11
sampled_pg_logbarrier_handoff,adverse,32,91029,True,0,0.41433667308272426,0.06566709111521081,0.025320023380063866,False,,0.1
sampled_pg_logbarrier_handoff,adverse,32,91030,True,0,0.4148502807810097,0.06537139489922791,0.025378016403564144,False,,0.114
sampled_pg_logbarrier_handoff,adverse,32,91031,True,0,0.4148756289045845,0.06497098601485833,0.025706282136372955,False,,0.096
sampled_pg_logbarrier_handoff,adverse,32,91032,True,0,0.4157173086581745,0.06392971901744904,0.02483453089870967,False,,0.094
sampled_pg_logbarrier_handoff,adverse,32,91033,True,0,0.41607763524221325,0.0632365994290845,0.024619698602075083,False,,0.098
sampled_pg_logbarrier_handoff,adverse,32,91034,True,0,0.4164786753172287,0.06252768153191372,0.024720169156753347,False,,0.094
sampled_pg_logbarrier_handoff,adverse,32,91035,True,0,0.41666850363533087,0.0628088795199801,0.024843066547393877,False,,0.084
sampled_pg_logbarrier_handoff,adverse,32,91036,True,0,0.41630353461013614,0.06323345102928217,0.02541108212946931,False,,0.074
sampled_pg_logbarrier_handoff,adverse,32,91037,True,0,0.41676233415473146,0.062523666647836,0.024567798254314113,False,,0.108
sampled_pg_logbarrier_handoff,adverse,32,91038,True,0,0.4152821521795512,0.06446273171128307,0.02568081613569822,False,,0.092
sampled_pg_logbarrier_handoff,adverse,32,91039,True,0,0.41697519153478035,0.0622068095855215,0.0245679904137,False,,0.092
sampled_pg_logbarrier_handoff,adverse,32,91040,True,0,0.41631194146203215,0.06339731150328598,0.02529202103069694,False,,0.092
sampled_pg_logbarrier_handoff,adverse,32,91041,True,0,0.41417167387730097,0.06654172710298221,0.025764932028228552,False,,0.066
sampled_pg_logbarrier_handoff,adverse,32,91042,True,0,0.4158088997801868,0.06405114179032217,0.025914609411188942,False,,0.084
sampled_pg_logbarrier_handoff,adverse,32,91043,True,0,0.415076338682181,0.06475903923479222,0.025155558544555524,False,,0.094
sampled_pg_logbarrier_handoff,adverse,32,91044,True,0,0.41518186491164544,0.0645730564180303,0.025050533527959846,False,,0.092
sampled_pg_logbarrier_handoff,adverse,32,91045,True,0,0.41342664317584427,0.06702064388534693,0.025195788714060183,False,,0.074
sampled_pg_logbarrier_handoff,adverse,32,91046,True,0,0.415387561826761,0.06442699166885998,0.02482810052357582,False,,0.092
sampled_pg_logbarrier_handoff,adverse,32,91047,True,0,0.4141137686787499,0.06624255804159285,0.02447024883813262,False,,0.106
sampled_pg_logbarrier_handoff,adverse,32,91048,True,0,0.41565922930696336,0.06424367894431747,0.025436587305748496,False,,0.086
sampled_pg_logbarrier_handoff,adverse,32,91049,True,0,0.4150978725828388,0.06451534961466765,0.024667223318484525,False,,0.084
sampled_pg_logbarrier_handoff,adverse,32,91050,True,0,0.4167699970165618,0.06278901403861357,0.025630774561806888,False,,0.092
sampled_pg_logbarrier_handoff,adverse,32,91051,True,0,0.41669571388093957,0.06299208275155772,0.025366546688600188,False,,0.1
sampled_pg_logbarrier_handoff,adverse,32,91052,True,0,0.4164019583162154,0.06300833659873849,0.02523380093349373,False,,0.098
sampled_pg_logbarrier_handoff,adverse,32,91053,True,0,0.416568570340544,0.06320614458633812,0.025116821093843306,False,,0.106
sampled_pg_logbarrier_handoff,adverse,32,91054,True,0,0.4156103453311275,0.06433353140277073,0.02571392250102913,False,,0.078
sampled_pg_logbarrier_handoff,adverse,32,91055,True,0,0.4144277747146653,0.06541046276481317,0.024593324292037044,False,,0.1
sampled_pg_logbarrier_handoff,adverse,32,91056,True,0,0.4144480462901281,0.06555121536558144,0.02493512705923675,False,,0.092
sampled_pg_logbarrier_handoff,adverse,32,91057,True,0,0.41544748448477464,0.06449004883877289,0.025398273647503706,False,,0.074
sampled_pg_logbarrier_handoff,adverse,32,91058,True,0,0.4153418819434225,0.06445311230376374,0.024949782711246607,False,,0.098
sampled_pg_logbarrier_handoff,adverse,32,91059,True,0,0.41509170828697656,0.06468133555936667,0.02465240349510117,False,,0.078
sampled_pg_logbarrier_handoff,adverse,32,91060,True,0,0.4149598861344819,0.06482685361129252,0.025273137119255183,False,,0.092
sampled_pg_logbarrier_handoff,adverse,32,91061,True,0,0.41396296633491036,0.0663662486302686,0.026184032398819744,False,,0.098
sampled_pg_logbarrier_handoff,adverse,32,91062,True,0,0.4165431823218992,0.06261693590480176,0.024284107051159493,False,,0.108
sampled_pg_logbarrier_handoff,adverse,32,91063,True,0,0.4161895629917863,0.06368577655932073,0.02521025726609495,False,,0.096
sampled_pg_logbarrier_handoff,adverse,32,91064,True,0,0.41521550731342405,0.06460096579560666,0.025415137290079503,False,,0.092
sampled_pg_logbarrier_handoff,adverse,32,91065,True,0,0.41618666567968127,0.06362334697132552,0.025525254366836118,False,,0.1
sampled_pg_logbarrier_handoff,adverse,32,91066,True,0,0.41585853232926634,0.0639942132211912,0.02526227266206505,False,,0.096
sampled_pg_logbarrier_handoff,adverse,32,91067,True,0,0.41663502718657397,0.06288331623820484,0.025339827053742103,False,,0.086
sampled_pg_logbarrier_handoff,adverse,32,91068,True,0,0.41503555370715306,0.06484356881578533,0.02554050437459458,False,,0.086
sampled_pg_logbarrier_handoff,adverse,32,91069,True,0,0.4152883933775263,0.06447763406677028,0.02565219321766117,False,,0.088
sampled_pg_logbarrier_handoff,adverse,32,91070,True,0,0.41413926485398955,0.0663107731169862,0.026462979903036116,False,,0.086
sampled_pg_logbarrier_handoff,adverse,32,91071,True,0,0.41663144061763974,0.06269882999056403,0.02501482042446696,False,,0.092
sampled_pg_logbarrier_handoff,adverse,32,91072,True,0,0.4162078094154664,0.06359638360972641,0.024494491691465982,False,,0.1
sampled_pg_logbarrier_handoff,adverse,32,91073,True,0,0.4148196251844426,0.06536968064730306,0.025257340058272675,False,,0.092
sampled_pg_logbarrier_handoff,adverse,32,91074,True,0,0.41397165415851145,0.0660230728161891,0.025435637575310015,False,,0.094
sampled_pg_logbarrier_handoff,adverse,32,91075,True,0,0.41683678765884485,0.06265459662749134,0.024400969598862374,False,,0.118
sampled_pg_logbarrier_handoff,adverse,32,91076,True,0,0.4143879398155123,0.06615655464012565,0.02627109244400638,False,,0.08
sampled_pg_logbarrier_handoff,adverse,32,91077,True,0,0.4153114740082863,0.06437223544146244,0.025735596074968663,False,,0.11
sampled_pg_logbarrier_handoff,adverse,32,91078,True,0,0.4159824916253468,0.06363908343525562,0.02578557165670729,False,,0.102
sampled_pg_logbarrier_handoff,adverse,32,91079,True,0,0.4160662828133619,0.06346620987881652,0.024895855273794773,False,,0.108
sampled_pg_logbarrier_handoff,adverse,32,91080,True,0,0.4145532160370579,0.06533014539677022,0.02560623442725918,False,,0.084
sampled_pg_logbarrier_handoff,adverse,32,91081,True,0,0.41626796749710543,0.06333045971762119,0.023948523941055577,False,,0.094
sampled_pg_logbarrier_handoff,adverse,32,91082,True,0,0.4158436057424679,0.06402175619199961,0.02595396315459161,False,,0.098
sampled_pg_logbarrier_handoff,adverse,32,91083,True,0,0.41573621279440626,0.0640209528573818,0.025198136931137777,False,,0.078
sampled_pg_logbarrier_handoff,adverse,32,91084,True,0,0.41641224188918013,0.06315748830604352,0.02513514406049776,False,,0.1
sampled_pg_logbarrier_handoff,adverse,32,91085,True,0,0.41695495162446433,0.06257886808570762,0.024872358515203596,False,,0.1
sampled_pg_logbarrier_handoff,adverse,32,91086,True,0,0.41387412402610896,0.06625172562551498,0.025516415936436606,False,,0.074
sampled_pg_logbarrier_handoff,adverse,32,91087,True,0,0.41575625666924726,0.06415578848090021,0.025845420206011358,False,,0.084
sampled_pg_logbarrier_handoff,adverse,32,91088,True,0,0.4153697004546323,0.06457151425358733,0.024847541873749004,False,,0.1
sampled_pg_logbarrier_handoff,adverse,32,91089,True,0,0.41735734737343116,0.06217726904059736,0.025017311552790196,False,,0.096
sampled_pg_logbarrier_handoff,adverse,32,91090,True,0,0.4146589886682377,0.06513501290840244,0.02487514826334738,False,,0.09
sampled_pg_logbarrier_handoff,adverse,32,91091,True,0,0.41650060552482376,0.0629782494860959,0.02541787870795081,False,,0.094
sampled_pg_logbarrier_handoff,adverse,32,91092,True,0,0.4158442087168129,0.06395488219160071,0.025941606886082165,False,,0.088
sampled_pg_logbarrier_handoff,adverse,32,91093,True,0,0.4160167636435515,0.06346963646404963,0.02500096500454927,False,,0.076
sampled_pg_logbarrier_handoff,adverse,32,91094,True,0,0.41677657818729646,0.0627003718454684,0.024827680121785708,False,,0.118
sampled_pg_logbarrier_handoff,adverse,32,91095,True,0,0.4168421541782601,0.06257799117382887,0.02469376213817427,False,,0.11
sampled_pg_logbarrier_handoff,adverse,32,91096,True,0,0.4147498764041071,0.0652808614954618,0.024672698531086536,False,,0.086
sampled_pg_logbarrier_handoff,adverse,32,91097,True,0,0.4167436523206721,0.06271115751701173,0.025245512375600156,False,,0.094
sampled_pg_logbarrier_handoff,adverse,32,91098,True,0,0.41682926488147076,0.06258798798531336,0.025076339673776635,False,,0.104
sampled_pg_logbarrier_handoff,adverse,32,91099,True,0,0.41318030938677097,0.067546180987503,0.02578085876905889,False,,0.09
sampled_npg_reward_only,adverse,32,91000,False,1,0.4890341395316463,0.0015246634697285246,0.015165382757703958,False,,0.8
sampled_npg_reward_only,adverse,32,91001,False,1,0.4999922760304793,5.926448044863759e-07,0.015876239976466765,False,,0.9166666666666666
sampled_npg_reward_only,adverse,32,91002,False,1,0.5,4.419834164392552e-31,0.013542176447259299,False,,0.5833333333333334
sampled_npg_reward_only,adverse,32,91003,False,1,0.5,0.0,0.01535702759011798,False,,0.8
sampled_npg_reward_only,adverse,32,91004,False,1,0.4968356501528455,0.00037107816211438415,0.015656187261784447,False,,0.8461538461538461
sampled_npg_reward_only,adverse,32,91005,False,1,0.5,3.588200006990063e-134,0.01474965975944033,False,,0.7272727272727273
sampled_npg_reward_only,adverse,32,91006,False,1,0.49925937441481744,6.220710323261744e-05,0.015876239976466765,False,,0.9285714285714286
sampled_npg_reward_only,adverse,32,91007,False,1,0.49177899586144036,0.0008418161831468057,0.015876239976466765,False,,0.9333333333333333
sampled_npg_reward_only,adverse,32,91008,False,1,0.498837115476447,0.00027969935368485143,0.012392572872791614,False,,0.5384615384615384
sampled_npg_reward_only,adverse,32,91009,False,1,0.4999662171102974,3.289490486648241e-06,0.01498415097948142,False,,0.75
sampled_npg_reward_only,adverse,32,91010,False,1,0.4999948731552684,4.206116647046835e-07,0.01558207159638207,False,,0.8333333333333334
sampled_npg_reward_only,adverse,32,91011,False,1,0.4880737478932697,0.0014501726006569814,0.01547583507195305,False,,0.7857142857142857
sampled_npg_reward_only,adverse,32,91012,False,1,0.4959653400587554,0.000771567456535224,0.014107779101495115,False,,0.6923076923076923
sampled_npg_reward_only,adverse,32,91013,False,1,0.5,5.370978944935562e-124,0.014875744642197947,False,,0.5454545454545454
sampled_npg_reward_only,adverse,32,91014,False,1,0.5,0.0,0.0138586475491134,False,,0.45454545454545453
sampled_npg_reward_only,adverse,32,91015,False,1,0.4983906380203415,0.00039447158786496366,0.011611025837552856,False,,0.46153846153846156
sampled_npg_reward_only,adverse,32,91016,False,1,0.4922027491773595,0.0011796552920631575,0.014245586157326478,False,,0.8
sampled_npg_reward_only,adverse,32,91017,False,1,0.4971757948617009,0.0003604946179359982,0.014886577976338982,False,,0.8
sampled_npg_reward_only,adverse,32,91018,False,1,0.49639394706180545,0.000322797377526671,0.015876239976466765,False,,0.9285714285714286
sampled_npg_reward_only,adverse,32,91019,False,1,0.49674674717494594,0.0003731681040466293,0.015325435256437342,False,,0.7692307692307693
sampled_npg_reward_only,adverse,32,91020,False,1,0.4984718020886873,0.00033479144130761277,0.014321242360108543,False,,0.5384615384615384
sampled_npg_reward_only,adverse,32,91021,False,1,0.4886383756114932,0.0012581690710815614,0.01523105509953916,False,,0.8666666666666667
sampled_npg_reward_only,adverse,32,91022,False,1,0.5,0.0,0.015876239976466765,False,,0.8
sampled_npg_reward_only,adverse,32,91023,False,1,0.4971384533608484,0.0002770813580440106,0.015876239976466765,False,,0.9230769230769231
sampled_npg_reward_only,adverse,32,91024,False,1,0.49637190650926233,0.000418651381123003,0.015096408189108084,False,,0.7857142857142857
sampled_npg_reward_only,adverse,32,91025,False,1,0.5,0.0,0.015876239976466765,False,,0.9
sampled_npg_reward_only,adverse,32,91026,False,1,0.5,0.0,0.014028619460097407,False,,0.6363636363636364
sampled_npg_reward_only,adverse,32,91027,False,1,0.4999920505798913,6.756761016247689e-07,0.01536564614812512,False,,0.8333333333333334
sampled_npg_reward_only,adverse,32,91028,False,1,0.4999999816616517,1.2316883979435612e-09,0.01276845785319265,False,,0.5833333333333334
sampled_npg_reward_only,adverse,32,91029,False,1,0.4864642349277151,0.0012008297702386745,0.015876239976466765,False,,0.9333333333333333
sampled_npg_reward_only,adverse,32,91030,False,1,0.4999999999999776,6.742516622985677e-16,0.014862905276969889,False,,0.8333333333333334
sampled_npg_reward_only,adverse,32,91031,False,1,0.4964050327689244,0.00032901601650539846,0.015876239976466765,False,,0.9230769230769231
sampled_npg_reward_only,adverse,32,91032,False,1,0.4999999999945223,2.1982635280061133e-13,0.015121324271859027,False,,0.8333333333333334
sampled_npg_reward_only,adverse,32,91033,False,1,0.5,1.8538390887482874e-254,0.008818883539919335,False,,0.4
sampled_npg_reward_only,adverse,32,91034,False,1,0.4999995045110272,3.591032880266261e-08,0.015647495108806742,False,,0.8333333333333334
sampled_npg_reward_only,adverse,32,91035,False,1,0.5,9.956545477748863e-29,0.014260168972887233,False,,0.6666666666666666
sampled_npg_reward_only,adverse,32,91036,False,1,0.5,0.0,0.01544204082272127,False,,0.7272727272727273
sampled_npg_reward_only,adverse,32,91037,False,1,0.499896621507362,8.77263310758265e-06,0.015876239976466765,False,,0.9166666666666666
sampled_npg_reward_only,adverse,32,91038,False,1,0.5,0.0,0.01474350450595111,False,,0.7272727272727273
sampled_npg_reward_only,adverse,32,91039,False,1,0.5,0.0,0.014954019586977448,False,,0.5555555555555556
sampled_npg_reward_only,adverse,32,91040,False,1,0.4999987899521466,8.719987733722975e-08,0.015876239976466765,False,,0.9166666666666666
sampled_npg_reward_only,adverse,32,91041,False,1,0.4999999999082165,4.272110774499597e-12,0.017036325945187718,False,,0.6666666666666666
sampled_npg_reward_only,adverse,32,91042,False,1,0.4999999921490664,4.916567861337201e-10,0.014282357422212576,False,,0.6666666666666666
sampled_npg_reward_only,adverse,32,91043,False,1,0.5,0.0,0.015876239976466765,False,,0.9
sampled_npg_reward_only,adverse,32,91044,False,1,0.5,6.809844096512133e-46,0.012342950451308211,False,,0.5
sampled_npg_reward_only,adverse,32,91045,False,1,0.5,6.0420824360417605e-127,0.01441530208921552,False,,0.6363636363636364
sampled_npg_reward_only,adverse,32,91046,False,1,0.5,0.0,0.015229700391824735,False,,0.7
sampled_npg_reward_only,adverse,32,91047,False,1,0.5,0.0,0.015377743433439109,False,,0.7777777777777778
sampled_npg_reward_only,adverse,32,91048,False,1,0.4999999999978778,8.09516513095127e-14,0.015876239976466765,False,,0.9166666666666666
sampled_npg_reward_only,adverse,32,91049,False,1,0.4991248579830472,0.00010647987096357738,0.015876239976466765,False,,0.7692307692307693
sampled_npg_reward_only,adverse,32,91050,False,1,0.5,0.0,0.015876239976466765,False,,0.9090909090909091
sampled_npg_reward_only,adverse,32,91051,False,1,0.5,8.635642401579946e-26,0.015876239976466765,False,,0.9166666666666666
sampled_npg_reward_only,adverse,32,91052,False,1,0.5,1.2101111244592523e-151,0.015876239976466765,False,,0.9090909090909091
sampled_npg_reward_only,adverse,32,91053,False,1,0.49975881280501133,4.396184155666194e-05,0.013806717876816156,False,,0.7692307692307693
sampled_npg_reward_only,adverse,32,91054,False,1,0.5,0.0,0.0139092726419057,False,,0.6363636363636364
sampled_npg_reward_only,adverse,32,91055,False,1,0.5,0.0,0.014527935424249122,False,,0.6
sampled_npg_reward_only,adverse,32,91056,False,1,0.4998705525928251,1.8653867108653965e-05,0.013956592300988061,False,,0.5
sampled_npg_reward_only,adverse,32,91057,False,1,0.5,0.0,0.01547583507195305,False,,0.8181818181818182
sampled_npg_reward_only,adverse,32,91058,False,1,0.5,0.0,0.015481740027708359,False,,0.8181818181818182
sampled_npg_reward_only,adverse,32,91059,False,1,0.49520288976508453,0.0007410669036299716,0.014797379186905012,False,,0.7142857142857143
sampled_npg_reward_only,adverse,32,91060,False,1,0.4883969748711321,0.0011913172968607765,0.015876239976466765,False,,0.8666666666666667
sampled_npg_reward_only,adverse,32,91061,False,1,0.4856145153054316,0.0012170838743895999,0.015876239976466765,False,,0.9411764705882353
sampled_npg_reward_only,adverse,32,91062,False,1,0.49994541595186476,6.649518032620071e-06,0.013872213163937885,False,,0.6666666666666666
sampled_npg_reward_only,adverse,32,91063,False,1,0.49999928988864056,5.89224707437892e-08,0.015122328220601257,False,,0.75
sampled_npg_reward_only,adverse,32,91064,False,1,0.48818091792343965,0.0015669694808504856,0.014702811123749064,False,,0.7333333333333333
sampled_npg_reward_only,adverse,32,91065,False,1,0.49997770119885687,2.4067323537032454e-06,0.01462851106854285,False,,0.75
sampled_npg_reward_only,adverse,32,91066,False,1,0.49999526768774927,5.663506662425986e-07,0.013073451418588834,False,,0.75
sampled_npg_reward_only,adverse,32,91067,False,1,0.5,0.0,0.015876239976466765,False,,0.8181818181818182
sampled_npg_reward_only,adverse,32,91068,False,1,0.4918538947065623,0.0010913665832501525,0.015525345498830957,False,,0.8
sampled_npg_reward_only,adverse,32,91069,False,1,0.4999999999999992,1.732804828997305e-17,0.015067216662351625,False,,0.75
sampled_npg_reward_only,adverse,32,91070,False,1,0.4959670161142702,0.0005307465384109578,0.014487482604858668,False,,0.7333333333333333
sampled_npg_reward_only,adverse,32,91071,False,1,0.49999999999970696,9.712878234930391e-15,0.014871506779731803,False,,0.75
sampled_npg_reward_only,adverse,32,91072,False,1,0.5,0.0,0.013156196616823365,False,,0.45454545454545453
sampled_npg_reward_only,adverse,32,91073,False,1,0.5,3.2590107263234896e-22,0.015391219129261629,False,,0.8333333333333334
sampled_npg_reward_only,adverse,32,91074,False,1,0.49936568401503784,6.54397510519773e-05,0.015448898471617614,False,,0.8571428571428571
sampled_npg_reward_only,adverse,32,91075,False,1,0.5,0.0,0.01358178186911501,False,,0.5
sampled_npg_reward_only,adverse,32,91076,False,1,0.5,0.0,0.011500360051341911,False,,0.6666666666666666
sampled_npg_reward_only,adverse,32,91077,False,1,0.5,0.0,0.015522728724217217,False,,0.8181818181818182
sampled_npg_reward_only,adverse,32,91078,False,1,0.5,0.0,0.015522728724217217,False,,0.8181818181818182
sampled_npg_reward_only,adverse,32,91079,False,1,0.5,0.0,0.01518538706347215,False,,0.7
sampled_npg_reward_only,adverse,32,91080,False,1,0.5,0.0,0.014159044250238277,False,,0.6363636363636364
sampled_npg_reward_only,adverse,32,91081,False,1,0.5,0.0,0.014200361984962545,False,,0.5454545454545454
sampled_npg_reward_only,adverse,32,91082,False,1,0.4889694494676698,0.0010392966625972803,0.015876239976466765,False,,0.9333333333333333
sampled_npg_reward_only,adverse,32,91083,False,1,0.5,0.0,0.013569464438016677,False,,0.5454545454545454
sampled_npg_reward_only,adverse,32,91084,False,1,0.49540130706949004,0.0005168607544348743,0.019273641291648737,False,,0.8571428571428571
sampled_npg_reward_only,adverse,32,91085,False,1,0.5,0.0,0.015876239976466765,False,,0.9090909090909091
sampled_npg_reward_only,adverse,32,91086,False,1,0.48791646602401584,0.0012928968226026828,0.015360454714722676,False,,0.8
sampled_npg_reward_only,adverse,32,91087,False,1,0.49995713389730756,4.606504773060032e-06,0.014701981583595541,False,,0.75
sampled_npg_reward_only,adverse,32,91088,False,1,0.5,0.0,0.014617311834734855,False,,0.6
sampled_npg_reward_only,adverse,32,91089,False,1,0.5,0.0,0.015613688994397636,False,,0.8
sampled_npg_reward_only,adverse,32,91090,False,1,0.49970024237193666,4.3105001422789575e-05,0.014170205263659426,False,,0.6923076923076923
sampled_npg_reward_only,adverse,32,91091,False,1,0.49411175968632015,0.0005878984490713087,0.015876239976466765,False,,0.9285714285714286
sampled_npg_reward_only,adverse,32,91092,False,1,0.4984324347115868,0.00019097262225791897,0.014384369451454099,False,,0.7692307692307693
sampled_npg_reward_only,adverse,32,91093,False,1,0.5,0.0,0.018559696937767704,False,,0.7272727272727273
sampled_npg_reward_only,adverse,32,91094,False,1,0.4999999999861273,5.817048295266797e-13,0.01473528391343473,False,,0.75
sampled_npg_reward_only,adverse,32,91095,False,1,0.5,0.0,0.015678346374360615,False,,0.8
sampled_npg_reward_only,adverse,32,91096,False,1,0.49998532626686953,1.257483164770984e-06,0.01541369875932813,False,,0.8333333333333334
sampled_npg_reward_only,adverse,32,91097,False,1,0.5,0.0,0.015876239976466765,False,,0.9
sampled_npg_reward_only,adverse,32,91098,False,1,0.49662239812842174,0.0005411889636364801,0.013937451569151674,False,,0.7142857142857143
sampled_npg_reward_only,adverse,32,91099,False,1,0.5,0.0,0.015539297765466592,False,,0.8181818181818182
sampled_npg_logbarrier_handoff,adverse,32,91000,False,1,0.9997825508557898,0.9999997429571003,0.9997767067556302,True,19,0.007067137809187279
sampled_npg_logbarrier_handoff,adverse,32,91001,False,1,0.9873097377023909,0.9815977348638943,0.9976566682762305,True,18,0.007272727272727273
sampled_npg_logbarrier_handoff,adverse,32,91002,False,1,0.999842610142138,0.9999967302977941,0.9998416085017676,True,19,0.003663003663003663
sampled_npg_logbarrier_handoff,adverse,32,91003,False,1,0.9379215738462757,0.9291554063875566,0.9832896395275404,True,22,0.0037735849056603774
sampled_npg_logbarrier_handoff,adverse,32,91004,False,1,0.9655112470657977,0.9353940562683938,0.9989613276333765,True,22,0.0035714285714285713
sampled_npg_logbarrier_handoff,adverse,32,91005,False,1,0.9043705273392444,0.885173974207648,0.9694590659871466,False,19,0.007407407407407408
sampled_npg_logbarrier_handoff,adverse,32,91006,False,1,0.9928273070098168,0.9905728200781179,0.9984910020475519,True,19,0.0036231884057971015
sampled_npg_logbarrier_handoff,adverse,32,91007,False,1,0.8847292227192239,0.869527107278668,0.967170370372434,False,21,0.007407407407407408
sampled_npg_logbarrier_handoff,adverse,32,91008,False,1,0.9938328059573648,0.9926108381148436,0.9982368397546174,True,21,0.007272727272727273
sampled_npg_logbarrier_handoff,adverse,32,91009,False,1,0.9730501640344777,0.9595222268371816,0.9952607953146445,True,20,0.007220216606498195
sampled_npg_logbarrier_handoff,adverse,32,91010,False,1,0.9943037762806369,0.9965638096950733,0.9965636447876037,True,19,0.003663003663003663
sampled_npg_logbarrier_handoff,adverse,32,91011,False,1,0.9999999999975387,0.9999999999975386,1.0,True,20,0.003663003663003663
sampled_npg_logbarrier_handoff,adverse,32,91012,False,1,0.891781137827967,0.8773045584737051,0.9618842265132148,False,21,0.003703703703703704
sampled_npg_logbarrier_handoff,adverse,32,91013,False,1,0.9280290005136416,0.9434432726025019,0.9603697453813875,True,17,0.007518796992481203
sampled_npg_logbarrier_handoff,adverse,32,91014,False,1,0.985316905397905,0.976506836934064,0.9980648624828532,True,21,0.0036101083032490976
sampled_npg_logbarrier_handoff,adverse,32,91015,False,1,0.9975008118635871,0.9994669976230812,0.997690068785891,True,20,0.0072992700729927005
sampled_npg_logbarrier_handoff,adverse,32,91016,False,1,1.0,1.0,1.0,True,18,0.007352941176470588
sampled_npg_logbarrier_handoff,adverse,32,91017,False,1,0.999999999630937,0.9999999998779465,0.9999999997526343,True,20,0.003676470588235294
sampled_npg_logbarrier_handoff,adverse,32,91018,False,1,0.9999999999999996,1.0,0.9999999999999996,True,18,0.007352941176470588
sampled_npg_logbarrier_handoff,adverse,32,91019,False,1,0.9662138309203656,0.9447627257071614,0.9973009088541674,True,18,0.0036101083032490976
sampled_npg_logbarrier_handoff,adverse,32,91020,False,1,0.9792155447232441,0.9622421599669337,0.9990711518742071,True,20,0.007194244604316547
sampled_npg_logbarrier_handoff,adverse,32,91021,False,1,0.9783811326976557,0.965845930803889,0.9971764933820738,True,17,0.007220216606498195
sampled_npg_logbarrier_handoff,adverse,32,91022,False,1,1.0,1.0,1.0,True,19,0.003676470588235294
sampled_npg_logbarrier_handoff,adverse,32,91023,False,1,0.9833226123949326,0.9667704420762603,0.9999784370333699,True,22,0.0036363636363636364
sampled_npg_logbarrier_handoff,adverse,32,91024,False,1,0.9999274588493501,0.999999981156204,0.9999252860096997,True,21,0.007326007326007326
sampled_npg_logbarrier_handoff,adverse,32,91025,False,1,0.9601379529647779,0.9357471167876371,0.9954969216639429,True,19,0.007220216606498195
sampled_npg_logbarrier_handoff,adverse,32,91026,False,1,0.9999999763866174,0.9999999999883125,0.9999999762465798,True,17,0.007352941176470588
sampled_npg_logbarrier_handoff,adverse,32,91027,False,1,1.0,1.0,1.0,True,19,0.007380073800738007
sampled_npg_logbarrier_handoff,adverse,32,91028,False,1,0.9725360977214308,0.9584682235007191,0.9967138069201887,True,24,0.0036101083032490976
sampled_npg_logbarrier_handoff,adverse,32,91029,False,1,0.980613861816246,0.9627187836442832,0.9997402585827377,True,21,0.007272727272727273
sampled_npg_logbarrier_handoff,adverse,32,91030,False,1,0.9699398353475153,0.9496768225619804,0.9975804818308245,True,20,0.0036231884057971015
sampled_npg_logbarrier_handoff,adverse,32,91031,False,1,0.8995273584405363,0.8557727378754478,0.982431458230008,False,21,0.003703703703703704
sampled_npg_logbarrier_handoff,adverse,32,91032,False,1,0.9894925244669314,0.9850438157190368,0.997840318059776,True,16,0.007272727272727273
sampled_npg_logbarrier_handoff,adverse,32,91033,False,1,0.9857602417251353,0.9777374038611399,0.997977864222892,True,20,0.0035842293906810036
sampled_npg_logbarrier_handoff,adverse,32,91034,False,1,0.9883941467189732,0.986600827218238,0.9964590130399973,True,17,0.0036363636363636364
sampled_npg_logbarrier_handoff,adverse,32,91035,False,1,0.9880767104476192,0.982378252530789,0.9979369385222434,True,20,0.007220216606498195
sampled_npg_logbarrier_handoff,adverse,32,91036,False,1,0.9913451820927393,0.9903443502502813,0.9979012596432636,True,20,0.0036363636363636364
sampled_npg_logbarrier_handoff,adverse,32,91037,False,1,0.8816112813127756,0.8716522893046396,0.948161146890191,False,18,0.0037174721189591076
sampled_npg_logbarrier_handoff,adverse,32,91038,False,1,1.0,1.0,1.0,True,20,0.0036900369003690036
sampled_npg_logbarrier_handoff,adverse,32,91039,False,1,0.9999999996108769,0.9999999996071154,1.0,True,20,0.003676470588235294
sampled_npg_logbarrier_handoff,adverse,32,91040,False,1,0.984525670635485,0.986960710089252,0.9921610357649991,True,19,0.0036363636363636364
sampled_npg_logbarrier_handoff,adverse,32,91041,False,1,0.9901433331331603,0.9830831041189417,0.998995292832095,True,20,0.0036496350364963502
sampled_npg_logbarrier_handoff,adverse,32,91042,False,1,0.9999999999999971,0.9999999999999971,1.0,True,18,0.007067137809187279
sampled_npg_logbarrier_handoff,adverse,32,91043,False,1,0.9864730623004643,0.9782480276283153,0.9983119990049546,True,21,0.0036231884057971015
sampled_npg_logbarrier_handoff,adverse,32,91044,False,1,0.9808848712796671,0.9732728239518763,0.9969208265128632,True,19,0.007246376811594203
sampled_npg_logbarrier_handoff,adverse,32,91045,False,1,0.8985914837428577,0.8924238543185858,0.9623075019929936,False,19,0.003703703703703704
sampled_npg_logbarrier_handoff,adverse,32,91046,False,1,0.9790497758903338,0.9718890502239815,0.9954881047001206,True,17,0.0072992700729927005
sampled_npg_logbarrier_handoff,adverse,32,91047,False,1,1.0,1.0,1.0,True,18,0.007326007326007326
sampled_npg_logbarrier_handoff,adverse,32,91048,False,1,0.9973365752075735,0.9993832833418337,0.9977213604210282,True,17,0.010948905109489052
sampled_npg_logbarrier_handoff,adverse,32,91049,False,1,1.0,1.0,1.0,True,17,0.007380073800738007
sampled_npg_logbarrier_handoff,adverse,32,91050,False,1,0.9124396316378229,0.8617254278115403,0.9904833960607863,False,19,0.003703703703703704
sampled_npg_logbarrier_handoff,adverse,32,91051,False,1,1.0,1.0,1.0,True,20,0.003676470588235294
sampled_npg_logbarrier_handoff,adverse,32,91052,False,1,0.8842519919812561,0.8670300822261562,0.9555062788731974,False,21,0.003703703703703704
sampled_npg_logbarrier_handoff,adverse,32,91053,False,1,0.9604112959131351,0.9345337959830339,0.995079722002076,True,19,0.0035842293906810036
sampled_npg_logbarrier_handoff,adverse,32,91054,False,1,0.9994032828995982,0.9996482589364359,0.9996146590590912,True,21,0.003663003663003663
sampled_npg_logbarrier_handoff,adverse,32,91055,False,1,0.9776513980082973,0.9631120834337181,0.9982577676239973,True,19,0.007142857142857143
sampled_npg_logbarrier_handoff,adverse,32,91056,False,1,0.8704255401571496,0.9064224636714502,0.9187284419878394,True,18,0.003703703703703704
sampled_npg_logbarrier_handoff,adverse,32,91057,False,1,0.970419164889041,0.958681728180388,0.9945720456148177,True,19,0.007246376811594203
sampled_npg_logbarrier_handoff,adverse,32,91058,False,1,0.9746719529782485,0.9625328727365033,0.9950703465702968,True,18,0.0035971223021582736
sampled_npg_logbarrier_handoff,adverse,32,91059,False,1,0.8951088152519667,0.8660849744528794,0.9703631787339381,False,18,0.003703703703703704
sampled_npg_logbarrier_handoff,adverse,32,91060,False,1,0.9999999999753328,1.0,0.9999999999752762,True,18,0.007352941176470588
sampled_npg_logbarrier_handoff,adverse,32,91061,False,1,0.9072243546452227,0.9064326320625083,0.961894011880331,True,19,0.00749063670411985
sampled_npg_logbarrier_handoff,adverse,32,91062,False,1,0.9939947038902399,0.9961540464889116,0.9963774165894539,True,20,0.003663003663003663
sampled_npg_logbarrier_handoff,adverse,32,91063,False,1,1.0,1.0,1.0,True,19,0.003676470588235294
sampled_npg_logbarrier_handoff,adverse,32,91064,False,1,1.0,1.0,1.0,True,19,0.007380073800738007
sampled_npg_logbarrier_handoff,adverse,32,91065,False,1,0.9944071168100268,0.9945101048039383,0.9978624642885974,True,21,0.0036363636363636364
sampled_npg_logbarrier_handoff,adverse,32,91066,False,1,1.0,1.0,1.0,True,19,0.007380073800738007
sampled_npg_logbarrier_handoff,adverse,32,91067,False,1,0.9852307325882591,0.9774257201522578,0.9971000636581439,True,19,0.0036496350364963502
sampled_npg_logbarrier_handoff,adverse,32,91068,False,1,0.9931977413168779,0.9933173809065211,0.9971632811131288,True,20,0.0036496350364963502
sampled_npg_logbarrier_handoff,adverse,32,91069,False,1,0.9999970109537754,0.9999969402468312,0.9999999903207489,True,19,0.01098901098901099
sampled_npg_logbarrier_handoff,adverse,32,91070,False,1,0.9991030704179511,0.999868189524593,0.9991926720555037,True,21,0.0072992700729927005
sampled_npg_logbarrier_handoff,adverse,32,91071,False,1,0.9843540324550967,0.9756172627751307,0.9979381727397162,True,21,0.0036231884057971015
sampled_npg_logbarrier_handoff,adverse,32,91072,False,1,0.9984200449236866,0.9990754063323005,0.9990018777168322,True,20,0.003663003663003663
sampled_npg_logbarrier_handoff,adverse,32,91073,False,1,0.9957817165730654,0.995176234268646,0.9984629630021973,True,20,0.0036496350364963502
sampled_npg_logbarrier_handoff,adverse,32,91074,False,1,0.9999999999999971,0.9999999999999971,1.0,True,17,0.003676470588235294
sampled_npg_logbarrier_handoff,adverse,32,91075,False,1,0.9999999999313527,0.999999999997415,0.9999999999338642,True,18,0.007352941176470588
sampled_npg_logbarrier_handoff,adverse,32,91076,False,1,0.9999999998029018,0.9999999998027862,1.0,True,18,0.007326007326007326
sampled_npg_logbarrier_handoff,adverse,32,91077,False,1,0.9997497771464056,0.9999974028074968,0.9997402332493769,True,21,0.007067137809187279
sampled_npg_logbarrier_handoff,adverse,32,91078,False,1,0.9917734929178897,0.9905246496702695,0.9976698226678228,True,18,0.007272727272727273
sampled_npg_logbarrier_handoff,adverse,32,91079,False,1,0.8945016320740665,0.876589191228938,0.9662572460583849,False,21,0.007407407407407408
sampled_npg_logbarrier_handoff,adverse,32,91080,False,1,0.9999897985216908,0.9999996412672515,0.9999900049551432,True,21,0.003676470588235294
sampled_npg_logbarrier_handoff,adverse,32,91081,False,1,0.9931551857955601,0.9909100881008919,0.9981787884227294,True,22,0.0036363636363636364
sampled_npg_logbarrier_handoff,adverse,32,91082,False,1,0.9875155587258968,0.9805226967483467,0.9981689801494538,True,20,0.0036363636363636364
sampled_npg_logbarrier_handoff,adverse,32,91083,False,1,1.0,1.0,1.0,True,21,0.003676470588235294
sampled_npg_logbarrier_handoff,adverse,32,91084,False,1,0.9669601897703943,0.95010196681088,0.9942338460209664,True,21,0.007194244604316547
sampled_npg_logbarrier_handoff,adverse,32,91085,False,1,0.9799364747620437,0.9693696565684581,0.9977552252375507,True,22,0.0036363636363636364
sampled_npg_logbarrier_handoff,adverse,32,91086,False,1,0.9916983540100242,0.9849164999326315,0.9997994949417869,True,19,0.0072992700729927005
sampled_npg_logbarrier_handoff,adverse,32,91087,False,1,0.9929871259507052,0.9932942806490477,0.9979109251641941,True,20,0.0072992700729927005
sampled_npg_logbarrier_handoff,adverse,32,91088,False,1,0.9839412682115889,0.9719287490487863,0.99879098523465,True,20,0.007194244604316547
sampled_npg_logbarrier_handoff,adverse,32,91089,False,1,1.0,1.0,1.0,True,20,0.0036900369003690036
sampled_npg_logbarrier_handoff,adverse,32,91090,False,1,0.9992731270057471,0.9993916194055728,0.9996380895746642,True,20,0.0036496350364963502
sampled_npg_logbarrier_handoff,adverse,32,91091,False,1,0.99941515365551,0.999979799390835,0.9994113801052964,True,18,0.0072992700729927005
sampled_npg_logbarrier_handoff,adverse,32,91092,False,1,0.8896038008924629,0.8793423090041,0.9590810727949781,False,19,0.007407407407407408
sampled_npg_logbarrier_handoff,adverse,32,91093,False,1,0.9979865180933484,0.999417817463923,0.9983961482044322,True,17,0.0072992700729927005
sampled_npg_logbarrier_handoff,adverse,32,91094,False,1,0.9715881097634187,0.9461546882069276,0.9994188968602904,True,19,0.0036101083032490976
sampled_npg_logbarrier_handoff,adverse,32,91095,False,1,0.9830914487783374,0.9742141152666229,0.9970478417249659,True,18,0.010948905109489052
sampled_npg_logbarrier_handoff,adverse,32,91096,False,1,0.9999999999473907,0.999999999946652,1.0,True,23,0.003663003663003663
sampled_npg_logbarrier_handoff,adverse,32,91097,False,1,0.9999997817447257,0.999999776136567,1.0,True,17,0.01098901098901099
sampled_npg_logbarrier_handoff,adverse,32,91098,False,1,1.0,1.0,1.0,True,20,0.003676470588235294
sampled_npg_logbarrier_handoff,adverse,32,91099,False,1,0.9999999999999345,0.9999999999999345,1.0,True,16,0.007352941176470588
sampled_pg_logbarrier_fixed,adverse,32,91000,True,0,0.3073502453390936,0.24087268556003283,0.05851574619701748,False,,0.058
sampled_pg_logbarrier_fixed,adverse,32,91001,True,0,0.31041246946847234,0.2350725524222972,0.058246071175331496,False,,0.066
sampled_pg_logbarrier_fixed,adverse,32,91002,True,0,0.3091764749280195,0.2396464861522208,0.061378949616690257,False,,0.078
sampled_pg_logbarrier_fixed,adverse,32,91003,True,0,0.3082149051881999,0.23979255072881175,0.059710765018253384,False,,0.066
sampled_pg_logbarrier_fixed,adverse,32,91004,True,0,0.30910824086231364,0.23841309388475912,0.05922441007824995,False,,0.06
sampled_pg_logbarrier_fixed,adverse,32,91005,True,0,0.30757630135278313,0.24418377179735704,0.06529554768906413,False,,0.064
sampled_pg_logbarrier_fixed,adverse,32,91006,True,0,0.30888771790639413,0.23861368560734716,0.05876992110945725,False,,0.05
sampled_pg_logbarrier_fixed,adverse,32,91007,True,0,0.3085124559838224,0.238029236092127,0.05718281422673016,False,,0.08
sampled_pg_logbarrier_fixed,adverse,32,91008,True,0,0.30782762837557653,0.24039068147793535,0.05916253523870497,False,,0.054
sampled_pg_logbarrier_fixed,adverse,32,91009,True,0,0.307786937504321,0.23955087645786305,0.057590467436377225,False,,0.068
sampled_pg_logbarrier_fixed,adverse,32,91010,True,0,0.3116993879003571,0.23109847541583997,0.05545206978232755,False,,0.074
sampled_pg_logbarrier_fixed,adverse,32,91011,True,0,0.3093805370632939,0.23572825695412605,0.05630593831452966,False,,0.068
sampled_pg_logbarrier_fixed,adverse,32,91012,True,0,0.30807570796179745,0.24199290431087678,0.06172399306764687,False,,0.082
sampled_pg_logbarrier_fixed,adverse,32,91013,True,0,0.30950392737075755,0.23727167020239925,0.059168103454644426,False,,0.062
sampled_pg_logbarrier_fixed,adverse,32,91014,True,0,0.30858369901364685,0.23904675365718053,0.0590539527803468,False,,0.082
sampled_pg_logbarrier_fixed,adverse,32,91015,True,0,0.3089712544422867,0.23972572071247725,0.061849613340904976,False,,0.064
sampled_pg_logbarrier_fixed,adverse,32,91016,True,0,0.3094485752784851,0.23542670091178935,0.0570306873788673,False,,0.05
sampled_pg_logbarrier_fixed,adverse,32,91017,True,0,0.3080720509666183,0.24034496286040136,0.06009225741716312,False,,0.072
sampled_pg_logbarrier_fixed,adverse,32,91018,True,0,0.3064040998978024,0.24190546102053248,0.057184703487960176,False,,0.076
sampled_pg_logbarrier_fixed,adverse,32,91019,True,0,0.30879075919532034,0.23770597635244256,0.05742310444439155,False,,0.09
sampled_pg_logbarrier_fixed,adverse,32,91020,True,0,0.30790423203954265,0.24134068546370788,0.06123942909873684,False,,0.072
sampled_pg_logbarrier_fixed,adverse,32,91021,True,0,0.30822151865949576,0.23947979004941056,0.05895216467790483,False,,0.054
sampled_pg_logbarrier_fixed,adverse,32,91022,True,0,0.30644463318124066,0.2433887849407,0.05903620067704308,False,,0.07
sampled_pg_logbarrier_fixed,adverse,32,91023,True,0,0.3098784632079059,0.2355699679422307,0.05739660354167858,False,,0.088
sampled_pg_logbarrier_fixed,adverse,32,91024,True,0,0.3070366723216757,0.2421123673437891,0.05984789869788767,False,,0.072
sampled_pg_logbarrier_fixed,adverse,32,91025,True,0,0.30744896032843005,0.24179773036661217,0.060612208906631895,False,,0.072
sampled_pg_logbarrier_fixed,adverse,32,91026,True,0,0.30925562967174386,0.23798150284167752,0.059199112708302144,False,,0.05
sampled_pg_logbarrier_fixed,adverse,32,91027,True,0,0.3093384673941618,0.2361217668564021,0.056870730048608355,False,,0.074
sampled_pg_logbarrier_fixed,adverse,32,91028,True,0,0.30797464376286204,0.23945150700505777,0.05803163111889705,False,,0.08
sampled_pg_logbarrier_fixed,adverse,32,91029,True,0,0.3077479330823303,0.23988309460068666,0.05933191856387329,False,,0.082
sampled_pg_logbarrier_fixed,adverse,32,91030,True,0,0.3087442823727981,0.24007262168766327,0.06066509677275397,False,,0.088
sampled_pg_logbarrier_fixed,adverse,32,91031,True,0,0.3084173723946392,0.2409075346462416,0.06313138948062753,False,,0.068
sampled_pg_logbarrier_fixed,adverse,32,91032,True,0,0.30720649283424084,0.2427206472225946,0.06002993447035108,False,,0.08
sampled_pg_logbarrier_fixed,adverse,32,91033,True,0,0.31007891066905113,0.23379238379926112,0.05632212505430268,False,,0.076
sampled_pg_logbarrier_fixed,adverse,32,91034,True,0,0.30591709794089783,0.24742323294651505,0.0633905300557892,False,,0.066
sampled_pg_logbarrier_fixed,adverse,32,91035,True,0,0.31097988384027514,0.23244249651729607,0.05576030185191806,False,,0.06
sampled_pg_logbarrier_fixed,adverse,32,91036,True,0,0.30868355549975446,0.2391382098762697,0.05967647462944056,False,,0.064
sampled_pg_logbarrier_fixed,adverse,32,91037,True,0,0.30956542644361074,0.23575756747879206,0.05680400401195052,False,,0.084
sampled_pg_logbarrier_fixed,adverse,32,91038,True,0,0.3080257826058175,0.24042047016534338,0.06043042980709692,False,,0.076
sampled_pg_logbarrier_fixed,adverse,32,91039,True,0,0.3091037917359046,0.2383693987311081,0.05858078374828011,False,,0.07
sampled_pg_logbarrier_fixed,adverse,32,91040,True,0,0.30766893918576216,0.24144894160673716,0.059462756080348046,False,,0.068
sampled_pg_logbarrier_fixed,adverse,32,91041,True,0,0.3092270532130144,0.23764698758555647,0.05802840328793192,False,,0.058
sampled_pg_logbarrier_fixed,adverse,32,91042,True,0,0.3107224412636845,0.2353302887004065,0.06092853279223374,False,,0.066
sampled_pg_logbarrier_fixed,adverse,32,91043,True,0,0.3071003041872948,0.2447790298969338,0.06315556188671526,False,,0.074
sampled_pg_logbarrier_fixed,adverse,32,91044,True,0,0.3078459714238832,0.23942563138122253,0.05709859072260196,False,,0.076
sampled_pg_logbarrier_fixed,adverse,32,91045,True,0,0.3061827363046482,0.2464230028844607,0.0629635844732393,False,,0.06
sampled_pg_logbarrier_fixed,adverse,32,91046,True,0,0.31136937886931704,0.2317449176788939,0.05522488390361451,False,,0.074
sampled_pg_logbarrier_fixed,adverse,32,91047,True,0,0.30860373701905763,0.2389999830266349,0.059005807123454435,False,,0.09
sampled_pg_logbarrier_fixed,adverse,32,91048,True,0,0.30893482218223967,0.2380051149554964,0.05786557623297803,False,,0.062
sampled_pg_logbarrier_fixed,adverse,32,91049,True,0,0.3076623540015961,0.2402279412550633,0.05831524722154575,False,,0.072
sampled_pg_logbarrier_fixed,adverse,32,91050,True,0,0.31145559697077657,0.23113283724447958,0.05559845249273723,False,,0.07
sampled_pg_logbarrier_fixed,adverse,32,91051,True,0,0.3087076137662482,0.23944954160122867,0.05935593172623094,False,,0.066
sampled_pg_logbarrier_fixed,adverse,32,91052,True,0,0.30835084639241606,0.23843059890808113,0.05735174095148715,False,,0.074
sampled_pg_logbarrier_fixed,adverse,32,91053,True,0,0.30966732206980563,0.23622010621721343,0.056607157897060396,False,,0.082
sampled_pg_logbarrier_fixed,adverse,32,91054,True,0,0.3102137684633226,0.23542592055162292,0.05775362781930545,False,,0.06
sampled_pg_logbarrier_fixed,adverse,32,91055,True,0,0.3090528123130684,0.2359064713403333,0.056247145332291075,False,,0.082
sampled_pg_logbarrier_fixed,adverse,32,91056,True,0,0.3083152206344744,0.24034404358519487,0.061929134680989574,False,,0.072
sampled_pg_logbarrier_fixed,adverse,32,91057,True,0,0.31016484349787943,0.23556000562831084,0.05940182789285943,False,,0.056
sampled_pg_logbarrier_fixed,adverse,32,91058,True,0,0.3082058597633127,0.23856012641098553,0.05782410168866102,False,,0.08
sampled_pg_logbarrier_fixed,adverse,32,91059,True,0,0.30860049967378217,0.23791839579619856,0.057636062698056954,False,,0.066
sampled_pg_logbarrier_fixed,adverse,32,91060,True,0,0.30829041936698265,0.24042842378894277,0.06125794827551044,False,,0.07
sampled_pg_logbarrier_fixed,adverse,32,91061,True,0,0.3089943654811769,0.23744047224184617,0.058736395895160526,False,,0.074
sampled_pg_logbarrier_fixed,adverse,32,91062,True,0,0.3084199483313607,0.23769739980252566,0.05754051251122772,False,,0.084
sampled_pg_logbarrier_fixed,adverse,32,91063,True,0,0.30934571293507707,0.23797406347487654,0.05958549128597498,False,,0.082
sampled_pg_logbarrier_fixed,adverse,32,91064,True,0,0.31007264745373164,0.234923278025403,0.0580750819211524,False,,0.074
sampled_pg_logbarrier_fixed,adverse,32,91065,True,0,0.30987457578551547,0.2367457941957517,0.0590208862246768,False,,0.078
sampled_pg_logbarrier_fixed,adverse,32,91066,True,0,0.3083851479552546,0.24152329837865624,0.06153645998351579,False,,0.06
sampled_pg_logbarrier_fixed,adverse,32,91067,True,0,0.3084181466128474,0.24080405217435707,0.06130770705802888,False,,0.068
sampled_pg_logbarrier_fixed,adverse,32,91068,True,0,0.30958069243842845,0.23626901257561936,0.05899856819671746,False,,0.072
sampled_pg_logbarrier_fixed,adverse,32,91069,True,0,0.31015759991637826,0.23480002049801219,0.05852856334922793,False,,0.07
sampled_pg_logbarrier_fixed,adverse,32,91070,True,0,0.3086757134959047,0.23979646559327109,0.062282742299595295,False,,0.068
sampled_pg_logbarrier_fixed,adverse,32,91071,True,0,0.30672013015534594,0.24328702527708687,0.05924377314324602,False,,0.07
sampled_pg_logbarrier_fixed,adverse,32,91072,True,0,0.3094690148362885,0.23647822135953964,0.057334007362646947,False,,0.082
sampled_pg_logbarrier_fixed,adverse,32,91073,True,0,0.30870208617623157,0.24055866916701174,0.06165107255751237,False,,0.086
sampled_pg_logbarrier_fixed,adverse,32,91074,True,0,0.3093890429732284,0.23628976501244905,0.058790689804951966,False,,0.072
sampled_pg_logbarrier_fixed,adverse,32,91075,True,0,0.30812431078909136,0.24102187609470635,0.05961024025182348,False,,0.088
sampled_pg_logbarrier_fixed,adverse,32,91076,True,0,0.30921105702214535,0.23841499947016664,0.06178167104912542,False,,0.064
sampled_pg_logbarrier_fixed,adverse,32,91077,True,0,0.3086533392425156,0.23873494529044498,0.05976587447671264,False,,0.08
sampled_pg_logbarrier_fixed,adverse,32,91078,True,0,0.30902682553328853,0.2378678343882899,0.059120466779477784,False,,0.07
sampled_pg_logbarrier_fixed,adverse,32,91079,True,0,0.31088747899856667,0.2325489463402953,0.05770920584630437,False,,0.082
sampled_pg_logbarrier_fixed,adverse,32,91080,True,0,0.30865982095061967,0.23885947853417724,0.060422796403927975,False,,0.06
sampled_pg_logbarrier_fixed,adverse,32,91081,True,0,0.30834211719928156,0.23857357668276402,0.05647969636151318,False,,0.07
sampled_pg_logbarrier_fixed,adverse,32,91082,True,0,0.3068054324102054,0.2452919355042089,0.06393172161474885,False,,0.064
sampled_pg_logbarrier_fixed,adverse,32,91083,True,0,0.3097519652081933,0.23603891811407607,0.05854017743089241,False,,0.05
sampled_pg_logbarrier_fixed,adverse,32,91084,True,0,0.3100798362276664,0.23444737714152836,0.05674417331908664,False,,0.074
sampled_pg_logbarrier_fixed,adverse,32,91085,True,0,0.30920452743144394,0.2371939433813398,0.05707915924751866,False,,0.074
sampled_pg_logbarrier_fixed,adverse,32,91086,True,0,0.30655482033687587,0.24349630742368542,0.06152092450972538,False,,0.058
sampled_pg_logbarrier_fixed,adverse,32,91087,True,0,0.3090501170955547,0.2389682663064637,0.0607897137704857,False,,0.066
sampled_pg_logbarrier_fixed,adverse,32,91088,True,0,0.30890897475542284,0.2383728683937572,0.05918743047138654,False,,0.076
sampled_pg_logbarrier_fixed,adverse,32,91089,True,0,0.3100593237643879,0.23663264593501365,0.05894435974091513,False,,0.072
sampled_pg_logbarrier_fixed,adverse,32,91090,True,0,0.3087762992317064,0.23774594210816521,0.05825332872308701,False,,0.07
sampled_pg_logbarrier_fixed,adverse,32,91091,True,0,0.30929094455590317,0.23718617215672344,0.05835525740004677,False,,0.072
sampled_pg_logbarrier_fixed,adverse,32,91092,True,0,0.30879499001132166,0.2393606832393418,0.060814268509039385,False,,0.07
sampled_pg_logbarrier_fixed,adverse,32,91093,True,0,0.30891202589918604,0.2376422735127865,0.05895853620237942,False,,0.058
sampled_pg_logbarrier_fixed,adverse,32,91094,True,0,0.3101318683497965,0.23624502425820468,0.05901069902431202,False,,0.08
sampled_pg_logbarrier_fixed,adverse,32,91095,True,0,0.3092125923418219,0.23742736346257765,0.057563770632761226,False,,0.078
sampled_pg_logbarrier_fixed,adverse,32,91096,True,0,0.30709628921342075,0.24243708159305905,0.060273303004058164,False,,0.07
sampled_pg_logbarrier_fixed,adverse,32,91097,True,0,0.30828802736169814,0.23978683726326894,0.05912379756847362,False,,0.076
sampled_pg_logbarrier_fixed,adverse,32,91098,True,0,0.30901694483933456,0.23910201260049546,0.060534749781927064,False,,0.076
sampled_pg_logbarrier_fixed,adverse,32,91099,True,0,0.30842441071495375,0.23799562627364032,0.05781220526788517,False,,0.072
sampled_npg_logbarrier_fixed,adverse,32,91000,True,0,0.6644227688817638,0.7136619371964954,0.7786643047711168,False,19,0.004
sampled_npg_logbarrier_fixed,adverse,32,91001,True,0,0.6312869786331302,0.6060817175012441,0.7859942051321203,False,18,0.004
sampled_npg_logbarrier_fixed,adverse,32,91002,True,0,0.6560543863633012,0.6578010789029828,0.8049594969630213,False,19,0.002
sampled_npg_logbarrier_fixed,adverse,32,91003,True,0,0.6685484803042179,0.7204583907041575,0.7825332126480555,False,22,0.002
sampled_npg_logbarrier_fixed,adverse,32,91004,True,0,0.6478369839532504,0.6403315234650288,0.8084187845980817,False,22,0.002
sampled_npg_logbarrier_fixed,adverse,32,91005,True,0,0.6657007574671534,0.7009373940262674,0.7916333455327613,False,19,0.004
sampled_npg_logbarrier_fixed,adverse,32,91006,True,0,0.6524697201851654,0.6772628221529134,0.7860792531070435,False,19,0.002
sampled_npg_logbarrier_fixed,adverse,32,91007,True,0,0.5980995217573214,0.581847256701797,0.7547613171817582,False,21,0.004
sampled_npg_logbarrier_fixed,adverse,32,91008,True,0,0.6571136211764887,0.6989303993281116,0.7826495011249577,False,21,0.004
sampled_npg_logbarrier_fixed,adverse,32,91009,True,0,0.6448010103412651,0.64225227564611,0.797155430710993,False,20,0.004
sampled_npg_logbarrier_fixed,adverse,32,91010,True,0,0.6282931389207442,0.6149696686168439,0.7854198214406436,False,19,0.002
sampled_npg_logbarrier_fixed,adverse,32,91011,True,0,0.6414799094276973,0.6535492420567097,0.7840355228091614,False,20,0.002
sampled_npg_logbarrier_fixed,adverse,32,91012,True,0,0.641301053141939,0.6703228185215234,0.7762423283670604,False,21,0.002
sampled_npg_logbarrier_fixed,adverse,32,91013,True,0,0.6209548601836751,0.6240189996763412,0.7707030698075605,False,17,0.004
sampled_npg_logbarrier_fixed,adverse,32,91014,True,0,0.6374199079113481,0.6450934526212283,0.7787798668378864,False,21,0.002
sampled_npg_logbarrier_fixed,adverse,32,91015,True,0,0.6784168938111703,0.7402555243202623,0.792340590513856,False,20,0.004
sampled_npg_logbarrier_fixed,adverse,32,91016,True,0,0.6512209723386816,0.6637931890106863,0.7948599056102178,False,18,0.004
sampled_npg_logbarrier_fixed,adverse,32,91017,True,0,0.6590506002181278,0.6687692443494128,0.7966484001113909,False,20,0.002
sampled_npg_logbarrier_fixed,adverse,32,91018,True,0,0.6504151897818121,0.6722235461150231,0.789396150321521,False,18,0.004
sampled_npg_logbarrier_fixed,adverse,32,91019,True,0,0.6289322509821614,0.6537043161370205,0.7591123500127994,False,18,0.002
sampled_npg_logbarrier_fixed,adverse,32,91020,True,0,0.6503319842274927,0.6717014165400452,0.7898573538717717,False,20,0.004
sampled_npg_logbarrier_fixed,adverse,32,91021,True,0,0.6165541437830031,0.6597177587650644,0.751168113336493,False,17,0.004
sampled_npg_logbarrier_fixed,adverse,32,91022,True,0,0.6822137691299931,0.7247020550487815,0.8035493320540129,False,19,0.002
sampled_npg_logbarrier_fixed,adverse,32,91023,True,0,0.6609013444055971,0.6846669527728234,0.798116503061034,False,22,0.002
sampled_npg_logbarrier_fixed,adverse,32,91024,True,0,0.6110790498166747,0.5814055568401002,0.7774266166844527,False,21,0.004
sampled_npg_logbarrier_fixed,adverse,32,91025,True,0,0.6070477668263896,0.6235857440246945,0.7472204324363899,False,19,0.004
sampled_npg_logbarrier_fixed,adverse,32,91026,True,0,0.63515418467627,0.6531764923739021,0.7723253261345562,False,17,0.004
sampled_npg_logbarrier_fixed,adverse,32,91027,True,0,0.5874826707405353,0.5653148360224302,0.7526250042840931,False,19,0.004
sampled_npg_logbarrier_fixed,adverse,32,91028,True,0,0.6510469422480298,0.6443409648872996,0.7951712033414768,False,24,0.002
sampled_npg_logbarrier_fixed,adverse,32,91029,True,0,0.6293440703596858,0.6568464665503909,0.7657320449315861,False,21,0.004
sampled_npg_logbarrier_fixed,adverse,32,91030,True,0,0.6035227009969129,0.5941563734392906,0.7589388363567456,False,20,0.002
sampled_npg_logbarrier_fixed,adverse,32,91031,True,0,0.6539159501351559,0.6962489612220341,0.7852956437048395,False,21,0.002
sampled_npg_logbarrier_fixed,adverse,32,91032,True,0,0.6714228566020866,0.7103329362829371,0.7954176941867032,False,16,0.004
sampled_npg_logbarrier_fixed,adverse,32,91033,True,0,0.6280265423789851,0.622439285780464,0.7749580772587636,False,20,0.002
sampled_npg_logbarrier_fixed,adverse,32,91034,True,0,0.6598496339097495,0.6935515762028509,0.7868891754270814,False,17,0.002
sampled_npg_logbarrier_fixed,adverse,32,91035,True,0,0.6116343708322344,0.6088264355798926,0.7607771605000331,False,20,0.004
sampled_npg_logbarrier_fixed,adverse,32,91036,True,0,0.5998414220785773,0.5747733494456324,0.7649496324289585,False,20,0.002
sampled_npg_logbarrier_fixed,adverse,32,91037,True,0,0.5948037397184263,0.5678346321884017,0.7647738624007944,False,18,0.002
sampled_npg_logbarrier_fixed,adverse,32,91038,True,0,0.6538979944651535,0.6698840556833038,0.7916435345939425,False,20,0.002
sampled_npg_logbarrier_fixed,adverse,32,91039,True,0,0.6484603595551951,0.6393187694710328,0.8009262939553892,False,20,0.002
sampled_npg_logbarrier_fixed,adverse,32,91040,True,0,0.6446230314558659,0.6823002128383325,0.774647587808764,False,19,0.002
sampled_npg_logbarrier_fixed,adverse,32,91041,True,0,0.653152374831982,0.6649688671378392,0.7977333945400594,False,20,0.002
sampled_npg_logbarrier_fixed,adverse,32,91042,True,0,0.6157855905076148,0.6359385383477018,0.7510221073146349,False,18,0.004
sampled_npg_logbarrier_fixed,adverse,32,91043,True,0,0.6833819656241393,0.7088410185733813,0.8152382265335996,False,21,0.002
sampled_npg_logbarrier_fixed,adverse,32,91044,True,0,0.6706966727305421,0.719340460927985,0.7812753441785363,False,19,0.004
sampled_npg_logbarrier_fixed,adverse,32,91045,True,0,0.6798245049157583,0.7303392801230887,0.7983548931493726,False,19,0.002
sampled_npg_logbarrier_fixed,adverse,32,91046,True,0,0.6352084932404375,0.6311239975708167,0.7935746884705399,False,17,0.004
sampled_npg_logbarrier_fixed,adverse,32,91047,True,0,0.6350114908290019,0.6363675998460357,0.779684552773522,False,18,0.004
sampled_npg_logbarrier_fixed,adverse,32,91048,True,0,0.6632586534628201,0.7045879837171167,0.7889234463317706,False,17,0.006
sampled_npg_logbarrier_fixed,adverse,32,91049,True,0,0.6661264772655064,0.6859900224260881,0.7995618035023487,False,17,0.004
sampled_npg_logbarrier_fixed,adverse,32,91050,True,0,0.6479724183786332,0.6588556086756806,0.7904132100939767,False,19,0.002
sampled_npg_logbarrier_fixed,adverse,32,91051,True,0,0.6961465644082894,0.7209412246176577,0.8121190559614342,False,20,0.002
sampled_npg_logbarrier_fixed,adverse,32,91052,True,0,0.6710363144415614,0.6930385947979207,0.8055193840119518,False,21,0.002
sampled_npg_logbarrier_fixed,adverse,32,91053,True,0,0.6719047787481304,0.6880958202665516,0.8147025742034838,False,19,0.002
sampled_npg_logbarrier_fixed,adverse,32,91054,True,0,0.6579151127696385,0.692053022704317,0.7837445018983453,False,21,0.002
sampled_npg_logbarrier_fixed,adverse,32,91055,True,0,0.656262613880876,0.6798188767465767,0.7938515431208764,False,19,0.004
sampled_npg_logbarrier_fixed,adverse,32,91056,True,0,0.6566779363247455,0.6785863862540465,0.7931065792005528,False,18,0.002
sampled_npg_logbarrier_fixed,adverse,32,91057,True,0,0.6272346226595096,0.6198019262413985,0.7809830319464781,False,19,0.004
sampled_npg_logbarrier_fixed,adverse,32,91058,True,0,0.6374720948941341,0.6471600151630079,0.776548469899137,False,18,0.002
sampled_npg_logbarrier_fixed,adverse,32,91059,True,0,0.5948281318973001,0.5855831928659853,0.7528267029310006,False,18,0.002
sampled_npg_logbarrier_fixed,adverse,32,91060,True,0,0.6168065799802721,0.6348558279069239,0.76180593943797,False,18,0.004
sampled_npg_logbarrier_fixed,adverse,32,91061,True,0,0.6419144383775447,0.676068949073223,0.7801067805989804,False,19,0.004
sampled_npg_logbarrier_fixed,adverse,32,91062,True,0,0.6316394191185182,0.6460856745204454,0.774723944879843,False,20,0.002
sampled_npg_logbarrier_fixed,adverse,32,91063,True,0,0.6240898891851835,0.6209188090842925,0.7762394744250036,False,19,0.002
sampled_npg_logbarrier_fixed,adverse,32,91064,True,0,0.6104501484051986,0.6108634740447252,0.7520057655982649,False,19,0.004
sampled_npg_logbarrier_fixed,adverse,32,91065,True,0,0.6024894122929942,0.575192891436132,0.767347572111925,False,21,0.002
sampled_npg_logbarrier_fixed,adverse,32,91066,True,0,0.61956339584438,0.6527775807870699,0.7531047209379444,False,19,0.004
sampled_npg_logbarrier_fixed,adverse,32,91067,True,0,0.6208410670246163,0.5769130868744227,0.797174879126454,False,19,0.002
sampled_npg_logbarrier_fixed,adverse,32,91068,True,0,0.6288953945476089,0.662878383866262,0.7664676442761916,False,20,0.002
sampled_npg_logbarrier_fixed,adverse,32,91069,True,0,0.6445498036645596,0.6794390858392196,0.7788772920959931,False,19,0.006
sampled_npg_logbarrier_fixed,adverse,32,91070,True,0,0.6546966402056899,0.6795663105480938,0.7810190236355844,False,21,0.004
sampled_npg_logbarrier_fixed,adverse,32,91071,True,0,0.6594482180949849,0.6787339825662436,0.7926372295864723,False,21,0.002
sampled_npg_logbarrier_fixed,adverse,32,91072,True,0,0.6060746618989394,0.5839499992208075,0.7726785612365416,False,20,0.002
sampled_npg_logbarrier_fixed,adverse,32,91073,True,0,0.6625428766024094,0.7007912049402327,0.7909239567399494,False,20,0.002
sampled_npg_logbarrier_fixed,adverse,32,91074,True,0,0.6230594974056541,0.618521488300714,0.7811306199450114,False,17,0.002
sampled_npg_logbarrier_fixed,adverse,32,91075,True,0,0.6610509385491325,0.6775670651789183,0.802854809019586,False,18,0.004
sampled_npg_logbarrier_fixed,adverse,32,91076,True,0,0.6570176943302348,0.6160080138055313,0.8358801643365774,False,18,0.004
sampled_npg_logbarrier_fixed,adverse,32,91077,True,0,0.6134073436722802,0.6222168350244334,0.7624903839005179,False,21,0.004
sampled_npg_logbarrier_fixed,adverse,32,91078,True,0,0.6745818750697704,0.6795789485602587,0.8183410358876435,False,18,0.004
sampled_npg_logbarrier_fixed,adverse,32,91079,True,0,0.6439178914011916,0.6179389706396715,0.811204033309334,False,21,0.004
sampled_npg_logbarrier_fixed,adverse,32,91080,True,0,0.6085556667861189,0.569058755210932,0.7805746108952711,False,21,0.002
sampled_npg_logbarrier_fixed,adverse,32,91081,True,0,0.6395626444577188,0.6563104422987366,0.7815715587611162,False,22,0.002
sampled_npg_logbarrier_fixed,adverse,32,91082,True,0,0.6433049606972664,0.6604328513382163,0.7856734614519338,False,20,0.002
sampled_npg_logbarrier_fixed,adverse,32,91083,True,0,0.6058657003468016,0.5651468646306145,0.7792528494033004,False,21,0.002
sampled_npg_logbarrier_fixed,adverse,32,91084,True,0,0.6529148887439697,0.6802264705164718,0.7855845522923994,False,21,0.004
sampled_npg_logbarrier_fixed,adverse,32,91085,True,0,0.6536949859776884,0.6685607850337993,0.7962411061377229,False,22,0.002
sampled_npg_logbarrier_fixed,adverse,32,91086,True,0,0.6153403350739297,0.659669815618515,0.7431080406427897,False,19,0.004
sampled_npg_logbarrier_fixed,adverse,32,91087,True,0,0.6053706423394187,0.5474954168523373,0.7970295664682469,False,20,0.004
sampled_npg_logbarrier_fixed,adverse,32,91088,True,0,0.6236266451139828,0.652154192866561,0.7547745667311744,False,20,0.004
sampled_npg_logbarrier_fixed,adverse,32,91089,True,0,0.645204155060441,0.6500262430727096,0.7957195063958522,False,20,0.002
sampled_npg_logbarrier_fixed,adverse,32,91090,True,0,0.6368804888113153,0.64505472862008,0.7758650675861773,False,20,0.002
sampled_npg_logbarrier_fixed,adverse,32,91091,True,0,0.6652406640603503,0.6934260815963904,0.7983999735977008,False,18,0.004
sampled_npg_logbarrier_fixed,adverse,32,91092,True,0,0.6198750306342122,0.611717477728351,0.7774702517627513,False,19,0.004
sampled_npg_logbarrier_fixed,adverse,32,91093,True,0,0.6309415743679777,0.6357666402007545,0.7819457470442227,False,17,0.004
sampled_npg_logbarrier_fixed,adverse,32,91094,True,0,0.6580314908151828,0.6554999167493123,0.8090201905154345,False,19,0.002
sampled_npg_logbarrier_fixed,adverse,32,91095,True,0,0.6736666314159718,0.7105610925948083,0.8016038319619804,False,18,0.006
sampled_npg_logbarrier_fixed,adverse,32,91096,True,0,0.6759351308032504,0.6965460565766007,0.8120189906982349,False,23,0.002
sampled_npg_logbarrier_fixed,adverse,32,91097,True,0,0.604745141223522,0.5982464785322217,0.7585241867002551,False,17,0.006
sampled_npg_logbarrier_fixed,adverse,32,91098,True,0,0.6184584110805471,0.6369686803267758,0.7576252888976763,False,20,0.002
sampled_npg_logbarrier_fixed,adverse,32,91099,True,0,0.5807490233304022,0.5838454904234027,0.7255808057443275,False,16,0.004
sampled_pg_reward_only,adverse,128,91000,True,0,0.4728339981811192,0.006364783328284368,0.015831001205910227,False,,0.296
sampled_pg_reward_only,adverse,128,91001,True,0,0.4728250063652839,0.006376109128699758,0.015884481688661616,False,,0.306
sampled_pg_reward_only,adverse,128,91002,True,0,0.4727799818339729,0.00640325638451276,0.01593579592647999,False,,0.268
sampled_pg_reward_only,adverse,128,91003,True,0,0.4727834093855747,0.006398660578510372,0.01589138181748001,False,,0.28
sampled_pg_reward_only,adverse,128,91004,True,0,0.4728342738010768,0.006385237618774506,0.015890898656497874,False,,0.296
sampled_pg_reward_only,adverse,128,91005,True,0,0.4728592561598342,0.0063624785005152356,0.015897912031404487,False,,0.292
sampled_pg_reward_only,adverse,128,91006,True,0,0.47271549643260274,0.006428766074679835,0.01594324745203088,False,,0.304
sampled_pg_reward_only,adverse,128,91007,True,0,0.4728268098702774,0.0063721927710648305,0.015897447232782365,False,,0.33
sampled_pg_reward_only,adverse,128,91008,True,0,0.47279865806432986,0.006393695926588978,0.015937564995106564,False,,0.276
sampled_pg_reward_only,adverse,128,91009,True,0,0.4728152825394966,0.0063796405130672204,0.01590734054049175,False,,0.33
sampled_pg_reward_only,adverse,128,91010,True,0,0.4728760467753224,0.006350599720188149,0.015855307024586544,False,,0.322
sampled_pg_reward_only,adverse,128,91011,True,0,0.4727733247035973,0.00640830865336021,0.01587677691783233,False,,0.264
sampled_pg_reward_only,adverse,128,91012,True,0,0.4727872454331055,0.006396076774063026,0.01584594942579909,False,,0.286
sampled_pg_reward_only,adverse,128,91013,True,0,0.47275405389160907,0.006409433955948227,0.015947844340790555,False,,0.3
sampled_pg_reward_only,adverse,128,91014,True,0,0.4728462846807141,0.006371592994646847,0.015941629105471297,False,,0.312
sampled_pg_reward_only,adverse,128,91015,True,0,0.47270383528793763,0.006437964823352195,0.01587203152822217,False,,0.22
sampled_pg_reward_only,adverse,128,91016,True,0,0.47279033260518044,0.006391900022770983,0.0158930443991228,False,,0.306
sampled_pg_reward_only,adverse,128,91017,True,0,0.4728197715759286,0.006381203780905213,0.01589452615930422,False,,0.286
sampled_pg_reward_only,adverse,128,91018,True,0,0.472764281173556,0.006407924760716827,0.015923605512395172,False,,0.29
sampled_pg_reward_only,adverse,128,91019,True,0,0.4728099486802674,0.006391131793800175,0.01594868621318024,False,,0.29
sampled_pg_reward_only,adverse,128,91020,True,0,0.47270276203452327,0.006440131533444922,0.015928710544949487,False,,0.278
sampled_pg_reward_only,adverse,128,91021,True,0,0.4728320448387944,0.006371737319064593,0.01593173628476024,False,,0.304
sampled_pg_reward_only,adverse,128,91022,True,0,0.47273775657835737,0.006411191835388385,0.015925389163183246,False,,0.302
sampled_pg_reward_only,adverse,128,91023,True,0,0.47283022298200955,0.0063780777385891154,0.01589435484415459,False,,0.316
sampled_pg_reward_only,adverse,128,91024,True,0,0.4727804085058674,0.006399533139007922,0.015879463913091682,False,,0.268
sampled_pg_reward_only,adverse,128,91025,True,0,0.47287002891814467,0.006363123384464113,0.01589665810478907,False,,0.31
sampled_pg_reward_only,adverse,128,91026,True,0,0.47285372321012675,0.006367346412157657,0.01589649706135727,False,,0.322
sampled_pg_reward_only,adverse,128,91027,True,0,0.47277708631445625,0.006398284162401865,0.01586938854838964,False,,0.282
sampled_pg_reward_only,adverse,128,91028,True,0,0.4727873181067399,0.0063899280843822725,0.015894189202101627,False,,0.302
sampled_pg_reward_only,adverse,128,91029,True,0,0.47280376891009235,0.006374819397319897,0.015807356169999006,False,,0.298
sampled_pg_reward_only,adverse,128,91030,True,0,0.4727806960972826,0.006398345611516671,0.01590312177138816,False,,0.3
sampled_pg_reward_only,adverse,128,91031,True,0,0.47281928299930376,0.006377932878323644,0.015941611217815434,False,,0.294
sampled_pg_reward_only,adverse,128,91032,True,0,0.47276959941846525,0.006397992250246586,0.015881575786754407,False,,0.258
sampled_pg_reward_only,adverse,128,91033,True,0,0.47282098347299406,0.00637817430275095,0.0158610990000566,False,,0.308
sampled_pg_reward_only,adverse,128,91034,True,0,0.4727462685882111,0.006414102335440201,0.015888780726543962,False,,0.312
sampled_pg_reward_only,adverse,128,91035,True,0,0.4727933990067462,0.006392680976440339,0.01590409347772788,False,,0.312
sampled_pg_reward_only,adverse,128,91036,True,0,0.47285754896495796,0.0063631331483480925,0.01585189108516289,False,,0.286
sampled_pg_reward_only,adverse,128,91037,True,0,0.4727959323288842,0.006390659249337074,0.015915860252817077,False,,0.312
sampled_pg_reward_only,adverse,128,91038,True,0,0.4728736290714052,0.006352710024119459,0.01586616418732298,False,,0.3
sampled_pg_reward_only,adverse,128,91039,True,0,0.4727862411117076,0.006406431849214348,0.015910305467073924,False,,0.286
sampled_pg_reward_only,adverse,128,91040,True,0,0.4728628700035366,0.0063607631846791185,0.01587551079681736,False,,0.302
sampled_pg_reward_only,adverse,128,91041,True,0,0.472865061937777,0.006362982889281033,0.015931417393624234,False,,0.332
sampled_pg_reward_only,adverse,128,91042,True,0,0.4727620978954386,0.00640668962826256,0.016005185630377783,False,,0.304
sampled_pg_reward_only,adverse,128,91043,True,0,0.472810188193152,0.006382474350196179,0.01584918699666696,False,,0.282
sampled_pg_reward_only,adverse,128,91044,True,0,0.4727976773887242,0.006390644982593746,0.015858690164889232,False,,0.284
sampled_pg_reward_only,adverse,128,91045,True,0,0.4727504296752565,0.00640979177523226,0.015947420478368994,False,,0.288
sampled_pg_reward_only,adverse,128,91046,True,0,0.4728389508003605,0.006375765761560843,0.015860153007107552,False,,0.308
sampled_pg_reward_only,adverse,128,91047,True,0,0.47284625843374917,0.0063711460493054775,0.015861409613344615,False,,0.308
sampled_pg_reward_only,adverse,128,91048,True,0,0.4727650865536072,0.006409775934402978,0.0159346599939596,False,,0.262
sampled_pg_reward_only,adverse,128,91049,True,0,0.4727695269716279,0.006402244028330627,0.015914079202992166,False,,0.298
sampled_pg_reward_only,adverse,128,91050,True,0,0.47280059712521666,0.006387890037439804,0.015905047183089445,False,,0.282
sampled_pg_reward_only,adverse,128,91051,True,0,0.4728938912524524,0.0063506303589335525,0.015841630038503716,False,,0.31
sampled_pg_reward_only,adverse,128,91052,True,0,0.47286186865388385,0.006364352456189957,0.015931082345111498,False,,0.322
sampled_pg_reward_only,adverse,128,91053,True,0,0.4727981677781006,0.0063873671397534585,0.01589432535670298,False,,0.302
sampled_pg_reward_only,adverse,128,91054,True,0,0.4728681890742254,0.006356976842665795,0.01591093008746983,False,,0.324
sampled_pg_reward_only,adverse,128,91055,True,0,0.4727145943342508,0.006432400002905287,0.015895743304965997,False,,0.254
sampled_pg_reward_only,adverse,128,91056,True,0,0.4727788134939662,0.006402896970784215,0.015935745416122502,False,,0.274
sampled_pg_reward_only,adverse,128,91057,True,0,0.47284157800973736,0.006362341984484934,0.015888763169323982,False,,0.3
sampled_pg_reward_only,adverse,128,91058,True,0,0.4727635036226204,0.0064076981461786055,0.015889475685718173,False,,0.278
sampled_pg_reward_only,adverse,128,91059,True,0,0.4727513467073556,0.006413157203461223,0.015934828107591288,False,,0.292
sampled_pg_reward_only,adverse,128,91060,True,0,0.47277699469024564,0.0063928686447502605,0.015848465111783765,False,,0.274
sampled_pg_reward_only,adverse,128,91061,True,0,0.472853742953324,0.006367470920459446,0.015931134890615675,False,,0.298
sampled_pg_reward_only,adverse,128,91062,True,0,0.47283370933685204,0.006366642146714277,0.015830673057893686,False,,0.29
sampled_pg_reward_only,adverse,128,91063,True,0,0.472836574281429,0.006371181671052244,0.015862547770516894,False,,0.312
sampled_pg_reward_only,adverse,128,91064,True,0,0.4727311504362672,0.0064221510623643134,0.01588689293642376,False,,0.28
sampled_pg_reward_only,adverse,128,91065,True,0,0.4728091633370769,0.006384760102189866,0.0158712797993913,False,,0.316
sampled_pg_reward_only,adverse,128,91066,True,0,0.4728227190684976,0.0063753979538950295,0.015873723818984754,False,,0.308
sampled_pg_reward_only,adverse,128,91067,True,0,0.47273691867443773,0.006430333978592756,0.015905840700028692,False,,0.268
sampled_pg_reward_only,adverse,128,91068,True,0,0.47278571791574714,0.006400341199347788,0.015912914175840957,False,,0.272
sampled_pg_reward_only,adverse,128,91069,True,0,0.4727768180871185,0.006399869676308736,0.015914315007825416,False,,0.294
sampled_pg_reward_only,adverse,128,91070,True,0,0.47279609605091477,0.006387683558652731,0.01589435773928675,False,,0.316
sampled_pg_reward_only,adverse,128,91071,True,0,0.47288680339422057,0.006341709058389812,0.01588085902230118,False,,0.316
sampled_pg_reward_only,adverse,128,91072,True,0,0.4728782343796562,0.006355909338625626,0.01588708084624879,False,,0.302
sampled_pg_reward_only,adverse,128,91073,True,0,0.47281261038801037,0.006381519809414239,0.01591800643218028,False,,0.34
sampled_pg_reward_only,adverse,128,91074,True,0,0.4727869184252647,0.006382201446429944,0.015920709456372396,False,,0.3
sampled_pg_reward_only,adverse,128,91075,True,0,0.4728593655806379,0.006357060145149375,0.01583163475544879,False,,0.314
sampled_pg_reward_only,adverse,128,91076,True,0,0.4727628275254775,0.006408233275108761,0.015958081832603797,False,,0.316
sampled_pg_reward_only,adverse,128,91077,True,0,0.4727394659098922,0.006414260643106915,0.0158895204173762,False,,0.296
sampled_pg_reward_only,adverse,128,91078,True,0,0.4727840344555265,0.006401788039762346,0.015900852699372074,False,,0.28
sampled_pg_reward_only,adverse,128,91079,True,0,0.47277385830171553,0.006403344109907781,0.015901581052525773,False,,0.314
sampled_pg_reward_only,adverse,128,91080,True,0,0.4727833824685155,0.006396772336723875,0.01591473719495567,False,,0.29
sampled_pg_reward_only,adverse,128,91081,True,0,0.47284464330105846,0.006361925765646825,0.015911552950166358,False,,0.3
sampled_pg_reward_only,adverse,128,91082,True,0,0.47275149186635657,0.006420588883844993,0.015954509996053898,False,,0.254
sampled_pg_reward_only,adverse,128,91083,True,0,0.47287576264309356,0.006355306013854454,0.015887576341696887,False,,0.326
sampled_pg_reward_only,adverse,128,91084,True,0,0.47278462300978136,0.006399414106574631,0.015971118791886785,False,,0.3
sampled_pg_reward_only,adverse,128,91085,True,0,0.472843941187047,0.006373695058558988,0.015872240953209788,False,,0.288
sampled_pg_reward_only,adverse,128,91086,True,0,0.4727620167115761,0.00640716983454337,0.015866914169788127,False,,0.286
sampled_pg_reward_only,adverse,128,91087,True,0,0.47273266627200944,0.006432020370541718,0.01597440649729276,False,,0.284
sampled_pg_reward_only,adverse,128,91088,True,0,0.47284748391107206,0.006362234569349521,0.015819236070181746,False,,0.29
sampled_pg_reward_only,adverse,128,91089,True,0,0.4728061358955829,0.006390728703976225,0.015995500152994502,False,,0.29
sampled_pg_reward_only,adverse,128,91090,True,0,0.47275409825340364,0.0064087651808216505,0.015867060864368912,False,,0.278
sampled_pg_reward_only,adverse,128,91091,True,0,0.4727741103416842,0.0064015466359295696,0.015913924108741075,False,,0.286
sampled_pg_reward_only,adverse,128,91092,True,0,0.47274079747313086,0.006411239451287536,0.015913838416652133,False,,0.33
sampled_pg_reward_only,adverse,128,91093,True,0,0.4728179938587336,0.006381524438297445,0.015883049867314435,False,,0.32
sampled_pg_reward_only,adverse,128,91094,True,0,0.4729062170095501,0.006347229125439428,0.015887745006153364,False,,0.328
sampled_pg_reward_only,adverse,128,91095,True,0,0.4728022059618981,0.006397981549973635,0.01596931184267909,False,,0.314
sampled_pg_reward_only,adverse,128,91096,True,0,0.4728425735874988,0.0063735503982588265,0.015883710620080503,False,,0.302
sampled_pg_reward_only,adverse,128,91097,True,0,0.4727911923589319,0.006390108257643575,0.0159055169815544,False,,0.328
sampled_pg_reward_only,adverse,128,91098,True,0,0.47281076554023405,0.006384816959679072,0.015905553398719845,False,,0.278
sampled_pg_reward_only,adverse,128,91099,True,0,0.47284498998537783,0.0063677618458022455,0.015885986947438,False,,0.296
sampled_pg_logbarrier_handoff,adverse,128,91000,True,0,0.41533484761089823,0.06433659665573152,0.025642222451646064,False,,0.002
sampled_pg_logbarrier_handoff,adverse,128,91001,True,0,0.41533902621631213,0.06461080209041431,0.025712708291096086,False,,0.014
sampled_pg_logbarrier_handoff,adverse,128,91002,True,0,0.41553076630135405,0.06447952073662482,0.025947972272767534,False,,0.006
sampled_pg_logbarrier_handoff,adverse,128,91003,True,0,0.4157682645589878,0.06388039185789969,0.025406382939801422,False,,0.006
sampled_pg_logbarrier_handoff,adverse,128,91004,True,0,0.41609327999281726,0.06353469882839312,0.024896077254322125,False,,0.006
sampled_pg_logbarrier_handoff,adverse,128,91005,True,0,0.41541940384478965,0.06443744997647101,0.025333733912859095,False,,0.002
sampled_pg_logbarrier_handoff,adverse,128,91006,True,0,0.415543451890468,0.06420998127432517,0.025714147848573652,False,,0.004
sampled_pg_logbarrier_handoff,adverse,128,91007,True,0,0.4151445530655619,0.06471601923174782,0.025355998582008918,False,,0.006
sampled_pg_logbarrier_handoff,adverse,128,91008,True,0,0.4156007208419473,0.06408004553567702,0.02553754003304685,False,,0.002
sampled_pg_logbarrier_handoff,adverse,128,91009,True,0,0.4146207055660365,0.06536763531056197,0.025412163236367132,False,,0.006
sampled_pg_logbarrier_handoff,adverse,128,91010,True,0,0.4166421089642031,0.06286385167724313,0.025150351622948253,False,,0.012
sampled_pg_logbarrier_handoff,adverse,128,91011,True,0,0.41657629836019916,0.06267585750941697,0.02479505992235196,False,,0.004
sampled_pg_logbarrier_handoff,adverse,128,91012,True,0,0.4156788903189108,0.06407425612131484,0.025261559039340457,False,,0.004
sampled_pg_logbarrier_handoff,adverse,128,91013,True,0,0.41615375497024204,0.0634897615592881,0.025351628327090366,False,,0.006
sampled_pg_logbarrier_handoff,adverse,128,91014,True,0,0.41553665731182754,0.06425238603317163,0.025455684603779165,False,,0.006
sampled_pg_logbarrier_handoff,adverse,128,91015,True,0,0.41496537319454585,0.06488369725750616,0.025274317359249964,False,,0.002
sampled_pg_logbarrier_handoff,adverse,128,91016,True,0,0.41603897753940555,0.0635340139582506,0.02502351209193067,False,,0.006
sampled_pg_logbarrier_handoff,adverse,128,91017,True,0,0.414770490052197,0.06534038264656145,0.025894975169283473,False,,0.008
sampled_pg_logbarrier_handoff,adverse,128,91018,True,0,0.41571383351919267,0.06388410754395442,0.025171567749009794,False,,0.004
sampled_pg_logbarrier_handoff,adverse,128,91019,True,0,0.4156126163663761,0.06400943306882634,0.02529577376850283,False,,0.004
sampled_pg_logbarrier_handoff,adverse,128,91020,True,0,0.415439808528433,0.06429513913367764,0.025116469561377145,False,,0.006
sampled_pg_logbarrier_handoff,adverse,128,91021,True,0,0.4162130850024123,0.06339544408787694,0.025150568956632858,False,,0.008
sampled_pg_logbarrier_handoff,adverse,128,91022,True,0,0.41583324403901967,0.06356241003888138,0.024752462974925716,False,,0.006
sampled_pg_logbarrier_handoff,adverse,128,91023,True,0,0.415460048950633,0.06431658999295405,0.025436748559480138,False,,0.004
sampled_pg_logbarrier_handoff,adverse,128,91024,True,0,0.41577685422059807,0.06392304072248872,0.025826925820732614,False,,0.006
sampled_pg_logbarrier_handoff,adverse,128,91025,True,0,0.41626174780924485,0.06326359347468616,0.02519617282723703,False,,0.002
sampled_pg_logbarrier_handoff,adverse,128,91026,True,0,0.4159760127620376,0.06383327443932552,0.025572173181618488,False,,0.002
sampled_pg_logbarrier_handoff,adverse,128,91027,True,0,0.41523391246264485,0.06468974911328078,0.02566307390680186,False,,0.006
sampled_pg_logbarrier_handoff,adverse,128,91028,True,0,0.41536187605034297,0.06450883584924061,0.025585938354639636,False,,0.002
sampled_pg_logbarrier_handoff,adverse,128,91029,True,0,0.41548068865736815,0.06434384115081464,0.02570398135283805,False,,0.006
sampled_pg_logbarrier_handoff,adverse,128,91030,True,0,0.4153979065775242,0.06438567563364013,0.02508999857478517,False,,0.006
sampled_pg_logbarrier_handoff,adverse,128,91031,True,0,0.41606973883487297,0.06353272945084092,0.025273661130198265,False,,0.008
sampled_pg_logbarrier_handoff,adverse,128,91032,True,0,0.41451304792383303,0.06549401738576964,0.02563840428278432,False,,0.002
sampled_pg_logbarrier_handoff,adverse,128,91033,True,0,0.4159384632253122,0.06377363018904539,0.025332977266515237,False,,0.008
sampled_pg_logbarrier_handoff,adverse,128,91034,True,0,0.4160933322096417,0.06367446070541226,0.025814406618190514,False,,0.002
sampled_pg_logbarrier_handoff,adverse,128,91035,True,0,0.4145809451159731,0.06551408963310805,0.025580232927097324,False,,0.004
sampled_pg_logbarrier_handoff,adverse,128,91036,True,0,0.41555176538579275,0.06419611522345574,0.024971126674714163,False,,0.002
sampled_pg_logbarrier_handoff,adverse,128,91037,True,0,0.41623276208360716,0.06337976161694728,0.025251047131140406,False,,0.002
sampled_pg_logbarrier_handoff,adverse,128,91038,True,0,0.4151447252083938,0.06472496333587333,0.025654532590804437,False,,0.002
sampled_pg_logbarrier_handoff,adverse,128,91039,True,0,0.41616711602521395,0.06350990832709368,0.025097159005645565,False,,0.004
sampled_pg_logbarrier_handoff,adverse,128,91040,True,0,0.41631298496986024,0.06331509937473892,0.025503274596753188,False,,0.006
sampled_pg_logbarrier_handoff,adverse,128,91041,True,0,0.41547384962518685,0.06421685506634273,0.025236112591227877,False,,0.006
sampled_pg_logbarrier_handoff,adverse,128,91042,True,0,0.41614112670182396,0.06341556294272291,0.025107422472324847,False,,0.002
sampled_pg_logbarrier_handoff,adverse,128,91043,True,0,0.41533477891852044,0.0645782372581163,0.025632293635057108,False,,0.01
sampled_pg_logbarrier_handoff,adverse,128,91044,True,0,0.41581527645483446,0.06381268942827525,0.024659257338396568,False,,0.004
sampled_pg_logbarrier_handoff,adverse,128,91045,True,0,0.4158169516661125,0.0638514318565593,0.025435660748696066,False,,0.006
sampled_pg_logbarrier_handoff,adverse,128,91046,True,0,0.4163829396637816,0.06316731885509332,0.0252705070905961,False,,0.008
sampled_pg_logbarrier_handoff,adverse,128,91047,True,0,0.4156483115839566,0.06402076175553116,0.025309215572284768,False,,0.004
sampled_pg_logbarrier_handoff,adverse,128,91048,True,0,0.4154359911745479,0.06437894436061425,0.025498062977629007,False,,0.002
sampled_pg_logbarrier_handoff,adverse,128,91049,True,0,0.41549376766726154,0.06422904548833833,0.025526942738338918,False,,0.006
sampled_pg_logbarrier_handoff,adverse,128,91050,True,0,0.4156961160620173,0.06391600656824513,0.0250971876947442,False,,0.004
sampled_pg_logbarrier_handoff,adverse,128,91051,True,0,0.41685909750825434,0.06264589594181538,0.024917765787073658,False,,0.004
sampled_pg_logbarrier_handoff,adverse,128,91052,True,0,0.41650499704266014,0.06319445875928983,0.025401318091065297,False,,0.008
sampled_pg_logbarrier_handoff,adverse,128,91053,True,0,0.4157259299018303,0.06416734361641646,0.025784665681485797,False,,0.006
sampled_pg_logbarrier_handoff,adverse,128,91054,True,0,0.41581500881527983,0.06388582884763876,0.02567316432164032,False,,0.008
sampled_pg_logbarrier_handoff,adverse,128,91055,True,0,0.4148964335194171,0.06491557342890902,0.025498949012918267,False,,0.004
sampled_pg_logbarrier_handoff,adverse,128,91056,True,0,0.41587707977607963,0.06364466563285458,0.02492283251759494,False,,0.014
sampled_pg_logbarrier_handoff,adverse,128,91057,True,0,0.41600528744460974,0.06368647424939448,0.02528236544960622,False,,0.012
sampled_pg_logbarrier_handoff,adverse,128,91058,True,0,0.4152259673968079,0.06468552431365816,0.025413587484002267,False,,0.008
sampled_pg_logbarrier_handoff,adverse,128,91059,True,0,0.4153213212289335,0.06449677476831552,0.025602643390466806,False,,0.004
sampled_pg_logbarrier_handoff,adverse,128,91060,True,0,0.4156802815532868,0.06389640347337477,0.024976440646434343,False,,0.006
sampled_pg_logbarrier_handoff,adverse,128,91061,True,0,0.4162739812680516,0.06347573844401133,0.025544207087637216,False,,0.006
sampled_pg_logbarrier_handoff,adverse,128,91062,True,0,0.41550920291193494,0.06413962503250097,0.025339113166964668,False,,0.002
sampled_pg_logbarrier_handoff,adverse,128,91063,True,0,0.4155708630096115,0.06410174079428103,0.025352744990807752,False,,0.002
sampled_pg_logbarrier_handoff,adverse,128,91064,True,0,0.4158852443211526,0.06382420767385188,0.025691115824351136,False,,0.004
sampled_pg_logbarrier_handoff,adverse,128,91065,True,0,0.4161702262540322,0.06337785982436678,0.02495986328076488,False,,0.006
sampled_pg_logbarrier_handoff,adverse,128,91066,True,0,0.41577492629490553,0.0637253029632311,0.025687497974758913,False,,0.0
sampled_pg_logbarrier_handoff,adverse,128,91067,True,0,0.416022274361291,0.06368893708204637,0.025608406949670016,False,,0.004
sampled_pg_logbarrier_handoff,adverse,128,91068,True,0,0.4155756958486959,0.06412141703519152,0.025602119890339264,False,,0.004
sampled_pg_logbarrier_handoff,adverse,128,91069,True,0,0.4155094100244659,0.06427562519027509,0.02569709641446569,False,,0.006
sampled_pg_logbarrier_handoff,adverse,128,91070,True,0,0.4154949512612101,0.06424960140637195,0.025639093400011855,False,,0.01
sampled_pg_logbarrier_handoff,adverse,128,91071,True,0,0.4164364409302083,0.06303707101053474,0.025461886315669383,False,,0.008
sampled_pg_logbarrier_handoff,adverse,128,91072,True,0,0.41574490133173975,0.06400698499014897,0.02534291431717685,False,,0.004
sampled_pg_logbarrier_handoff,adverse,128,91073,True,0,0.41478290479560415,0.06516868505533012,0.025519459970236413,False,,0.006
sampled_pg_logbarrier_handoff,adverse,128,91074,True,0,0.4154089301413677,0.0643162009067899,0.025125007990260063,False,,0.006
sampled_pg_logbarrier_handoff,adverse,128,91075,True,0,0.4158984543467428,0.06373940244224431,0.02525084138936739,False,,0.002
sampled_pg_logbarrier_handoff,adverse,128,91076,True,0,0.41486450101755706,0.06526857911006294,0.025932593056476425,False,,0.01
sampled_pg_logbarrier_handoff,adverse,128,91077,True,0,0.41491642721416433,0.06505981966094619,0.025794265507189648,False,,0.006
sampled_pg_logbarrier_handoff,adverse,128,91078,True,0,0.4156767334161477,0.06414597633713816,0.025491409659045734,False,,0.002
sampled_pg_logbarrier_handoff,adverse,128,91079,True,0,0.41558312936357383,0.06428814155008873,0.025639084216400064,False,,0.006
sampled_pg_logbarrier_handoff,adverse,128,91080,True,0,0.41596738017034607,0.06383723079608572,0.02600938503202212,False,,0.002
sampled_pg_logbarrier_handoff,adverse,128,91081,True,0,0.41631046695371476,0.06292482397961464,0.0246470255228881,False,,0.014
sampled_pg_logbarrier_handoff,adverse,128,91082,True,0,0.4154804460472567,0.06435797393141805,0.025524831381166502,False,,0.008
sampled_pg_logbarrier_handoff,adverse,128,91083,True,0,0.41510023474441843,0.06497146832313191,0.025704237269505117,False,,0.004
sampled_pg_logbarrier_handoff,adverse,128,91084,True,0,0.4159872695133044,0.06358724733064645,0.025159687333555326,False,,0.004
sampled_pg_logbarrier_handoff,adverse,128,91085,True,0,0.41624588555118197,0.06336177306493092,0.025214155734214195,False,,0.004
sampled_pg_logbarrier_handoff,adverse,128,91086,True,0,0.41552419397208684,0.0642720383077884,0.025499180892841863,False,,0.01
sampled_pg_logbarrier_handoff,adverse,128,91087,True,0,0.416177334860214,0.06346384111553677,0.025841782139592807,False,,0.016
sampled_pg_logbarrier_handoff,adverse,128,91088,True,0,0.41568264846277225,0.06394117108363721,0.024921904090975427,False,,0.006
sampled_pg_logbarrier_handoff,adverse,128,91089,True,0,0.41543215042154075,0.06464044439726951,0.02602632470757542,False,,0.006
sampled_pg_logbarrier_handoff,adverse,128,91090,True,0,0.4159332096775002,0.06377675718692952,0.02547860351079382,False,,0.0
sampled_pg_logbarrier_handoff,adverse,128,91091,True,0,0.41638739116717194,0.06294875043719068,0.02477616483468422,False,,0.002
sampled_pg_logbarrier_handoff,adverse,128,91092,True,0,0.41589300675986557,0.06364921047208125,0.025151325679751004,False,,0.006
sampled_pg_logbarrier_handoff,adverse,128,91093,True,0,0.41626913358302037,0.06319768299398404,0.025353998855805245,False,,0.0
sampled_pg_logbarrier_handoff,adverse,128,91094,True,0,0.4170412231475089,0.06241746368620912,0.025187491623812515,False,,0.004
sampled_pg_logbarrier_handoff,adverse,128,91095,True,0,0.41609926729532976,0.06338761584765502,0.025170710438269243,False,,0.006
sampled_pg_logbarrier_handoff,adverse,128,91096,True,0,0.4155648967400366,0.06423776737835905,0.025762480128737157,False,,0.008
sampled_pg_logbarrier_handoff,adverse,128,91097,True,0,0.4149291737958276,0.06498084765249675,0.025819161989710487,False,,0.004
sampled_pg_logbarrier_handoff,adverse,128,91098,True,0,0.41490898647532226,0.06503752224825662,0.025576165874791577,False,,0.006
sampled_pg_logbarrier_handoff,adverse,128,91099,True,0,0.4148561903325174,0.06518402940845944,0.025673228531198324,False,,0.002
sampled_npg_reward_only,adverse,128,91000,False,1,0.4893003068336319,0.002154448586011018,0.014722883743603855,False,,0.6111111111111112
sampled_npg_reward_only,adverse,128,91001,False,1,0.49078236555736415,0.0023475735548481864,0.017086810719219515,False,,0.4666666666666667
sampled_npg_reward_only,adverse,128,91002,False,1,0.4867731543499206,0.003270941911083717,0.014900144258727765,False,,0.4
sampled_npg_reward_only,adverse,128,91003,False,1,0.4924646040683419,0.002417951649837706,0.014273929790360523,False,,0.4
sampled_npg_reward_only,adverse,128,91004,False,1,0.4925491860116329,0.0015664402213676101,0.014672354185339631,False,,0.625
sampled_npg_reward_only,adverse,128,91005,False,1,0.48871639979625675,0.002373840715048402,0.014492390880709945,False,,0.5625
sampled_npg_reward_only,adverse,128,91006,False,1,0.4874442962716371,0.002852493061080078,0.014651843865018844,False,,0.4375
sampled_npg_reward_only,adverse,128,91007,False,1,0.4913247612797829,0.002599440183142622,0.02022675096646966,False,,0.4117647058823529
sampled_npg_reward_only,adverse,128,91008,False,1,0.4901668386073992,0.0029891601228077443,0.014734094050220992,False,,0.35294117647058826
sampled_npg_reward_only,adverse,128,91009,False,1,0.49041836266521227,0.002991177350950927,0.014201642245760848,False,,0.4375
sampled_npg_reward_only,adverse,128,91010,False,1,0.4909670036260017,0.004003109085697136,0.015961423459839433,False,,0.29411764705882354
sampled_npg_reward_only,adverse,128,91011,False,1,0.4905595475081786,0.0018989972297474085,0.017517875372634426,False,,0.5
sampled_npg_reward_only,adverse,128,91012,False,1,0.49243299005677604,0.0015584030220318237,0.014784851202658884,False,,0.6428571428571429
sampled_npg_reward_only,adverse,128,91013,False,1,0.4931566457881103,0.0014972913641881002,0.015089434617999048,False,,0.5
sampled_npg_reward_only,adverse,128,91014,False,1,0.4910870458649965,0.0016882496362528125,0.015032367284892111,False,,0.5625
sampled_npg_reward_only,adverse,128,91015,False,1,0.4910444104054077,0.0016817318573713882,0.01477630923584802,False,,0.4666666666666667
sampled_npg_reward_only,adverse,128,91016,False,1,0.49022243902521995,0.0027898539297159216,0.01785341352208603,False,,0.4375
sampled_npg_reward_only,adverse,128,91017,False,1,0.49156744179456763,0.0013059368450971914,0.015360102985459518,False,,0.7058823529411765
sampled_npg_reward_only,adverse,128,91018,False,1,0.49241773470925865,0.0019387918446848278,0.01798981318425477,False,,0.42857142857142855
sampled_npg_reward_only,adverse,128,91019,False,1,0.4919738675301215,0.0011398349714943558,0.014935005380530471,False,,0.7142857142857143
sampled_npg_reward_only,adverse,128,91020,False,1,0.48905585189512457,0.0017867261261172126,0.014970140355143697,False,,0.5625
sampled_npg_reward_only,adverse,128,91021,False,1,0.4891146174737583,0.003719943941442048,0.014718199423395128,False,,0.1875
sampled_npg_reward_only,adverse,128,91022,False,1,0.49042273508727874,0.0019098282430846485,0.014586542589677733,False,,0.5333333333333333
sampled_npg_reward_only,adverse,128,91023,False,1,0.4888551172270922,0.0029652186782017282,0.014299124991119275,False,,0.4375
sampled_npg_reward_only,adverse,128,91024,False,1,0.48847879599015215,0.003998487680293637,0.014010103660155131,False,,0.375
sampled_npg_reward_only,adverse,128,91025,False,1,0.4910875274915336,0.002226014657911829,0.014620724791865231,False,,0.375
sampled_npg_reward_only,adverse,128,91026,False,1,0.49032225294987136,0.001661971704931789,0.015381907677202397,False,,0.5882352941176471
sampled_npg_reward_only,adverse,128,91027,False,1,0.49774025502021796,0.00043568827438248217,0.01458327309815539,False,,0.5384615384615384
sampled_npg_reward_only,adverse,128,91028,False,1,0.49015001068682823,0.002547855630228607,0.014792196100172858,False,,0.4
sampled_npg_reward_only,adverse,128,91029,False,1,0.48780084062434786,0.0020187807800320355,0.015002575086114156,False,,0.625
sampled_npg_reward_only,adverse,128,91030,False,1,0.48974657886653145,0.0013756355174285374,0.015422383567742235,False,,0.8
sampled_npg_reward_only,adverse,128,91031,False,1,0.49058892721568353,0.0016192020509630423,0.01528903728290536,False,,0.6111111111111112
sampled_npg_reward_only,adverse,128,91032,False,1,0.49028045246613716,0.0016802150865993612,0.015003071468645036,False,,0.625
sampled_npg_reward_only,adverse,128,91033,False,1,0.4924318309067107,0.0017113142205879273,0.014618672942409759,False,,0.5714285714285714
sampled_npg_reward_only,adverse,128,91034,False,1,0.4881827149313271,0.002195523356428227,0.015087549048834723,False,,0.5625
sampled_npg_reward_only,adverse,128,91035,False,1,0.49226690223315184,0.0021401756998242166,0.014663636202163618,False,,0.4
sampled_npg_reward_only,adverse,128,91036,False,1,0.4886473206090441,0.0018441996459851505,0.014947490208127499,False,,0.625
sampled_npg_reward_only,adverse,128,91037,False,1,0.4918006696184962,0.0016111396620820445,0.014684052019822692,False,,0.5333333333333333
sampled_npg_reward_only,adverse,128,91038,False,1,0.49100850401295837,0.003548446947542839,0.016832173729519288,False,,0.3333333333333333
sampled_npg_reward_only,adverse,128,91039,False,1,0.49108735027395695,0.0019167128680562093,0.014633012407245212,False,,0.5333333333333333
sampled_npg_reward_only,adverse,128,91040,False,1,0.491944292399603,0.0015631316572077046,0.014816289916568437,False,,0.4666666666666667
sampled_npg_reward_only,adverse,128,91041,False,1,0.49500999278713864,0.00132562368020474,0.017175289115847456,False,,0.5625
sampled_npg_reward_only,adverse,128,91042,False,1,0.490196660981159,0.003991927475021491,0.013614170764344962,False,,0.26666666666666666
sampled_npg_reward_only,adverse,128,91043,False,1,0.4910559765255048,0.001898287339730528,0.014908754210495135,False,,0.5625
sampled_npg_reward_only,adverse,128,91044,False,1,0.491879558764078,0.002019162621559182,0.014644743578584923,False,,0.5263157894736842
sampled_npg_reward_only,adverse,128,91045,False,1,0.49325971646936084,0.0021960754641220655,0.014289082310802876,False,,0.3333333333333333
sampled_npg_reward_only,adverse,128,91046,False,1,0.49646717054106326,0.0011581567045892388,0.01848532076880482,False,,0.5384615384615384
sampled_npg_reward_only,adverse,128,91047,False,1,0.49068483925542355,0.00274472652723023,0.01443068889217017,False,,0.3333333333333333
sampled_npg_reward_only,adverse,128,91048,False,1,0.48802156100933,0.002903950799997804,0.01850627911865476,False,,0.3125
sampled_npg_reward_only,adverse,128,91049,False,1,0.4898358132705683,0.001694338339785095,0.015049105787068431,False,,0.5294117647058824
sampled_npg_reward_only,adverse,128,91050,False,1,0.49038894551593115,0.001500759322466328,0.015395854445106959,False,,0.625
sampled_npg_reward_only,adverse,128,91051,False,1,0.49382645883207354,0.001855740847796944,0.014420777471336105,False,,0.42857142857142855
sampled_npg_reward_only,adverse,128,91052,False,1,0.4929371834215143,0.0012754382222386067,0.015177076915449316,False,,0.5882352941176471
sampled_npg_reward_only,adverse,128,91053,False,1,0.49022953364885175,0.0019119215805866328,0.017934678385692585,False,,0.6
sampled_npg_reward_only,adverse,128,91054,False,1,0.49267380024107915,0.0012349708171127253,0.01513557403707163,False,,0.625
sampled_npg_reward_only,adverse,128,91055,False,1,0.49055206088629444,0.0029026274014342783,0.014529685289701368,False,,0.2857142857142857
sampled_npg_reward_only,adverse,128,91056,False,1,0.4908012644522006,0.0033913637192618216,0.01350751412387837,False,,0.3888888888888889
sampled_npg_reward_only,adverse,128,91057,False,1,0.4912981074268772,0.0011139438525198716,0.015561112531195756,False,,0.7333333333333333
sampled_npg_reward_only,adverse,128,91058,False,1,0.4878965028577845,0.002839874840538201,0.014179673778336817,False,,0.47368421052631576
sampled_npg_reward_only,adverse,128,91059,False,1,0.4988517054270997,0.00018569190024058518,0.01764418099713406,False,,0.5384615384615384
sampled_npg_reward_only,adverse,128,91060,False,1,0.4911431754560605,0.0017261907884081763,0.017826378493067587,False,,0.6
sampled_npg_reward_only,adverse,128,91061,False,1,0.48820010953716875,0.003190954689410236,0.014042314023193734,False,,0.3333333333333333
sampled_npg_reward_only,adverse,128,91062,False,1,0.4891177187521807,0.0023659654188617923,0.018817249555434252,False,,0.5714285714285714
sampled_npg_reward_only,adverse,128,91063,False,1,0.490653926601248,0.003039664740631373,0.013951886887132284,False,,0.35294117647058826
sampled_npg_reward_only,adverse,128,91064,False,1,0.49130707002287427,0.0019565980412680037,0.014717930939371977,False,,0.4666666666666667
sampled_npg_reward_only,adverse,128,91065,False,1,0.48994429243764837,0.002028242419955294,0.014599268571939026,False,,0.625
sampled_npg_reward_only,adverse,128,91066,False,1,0.4925940382937048,0.001742623037207169,0.0147538343230006,False,,0.5
sampled_npg_reward_only,adverse,128,91067,False,1,0.49128240590729644,0.002077271631818313,0.014336129781081076,False,,0.3333333333333333
sampled_npg_reward_only,adverse,128,91068,False,1,0.49047396056040227,0.002575456307811481,0.014380244395258498,False,,0.35714285714285715
sampled_npg_reward_only,adverse,128,91069,False,1,0.4866950855070091,0.0033192198930461683,0.01469628325210546,False,,0.375
sampled_npg_reward_only,adverse,128,91070,False,1,0.48687245541732715,0.004326653533385583,0.013962856026600108,False,,0.4444444444444444
sampled_npg_reward_only,adverse,128,91071,False,1,0.4872920624571796,0.0032091409929157523,0.021012639964940367,False,,0.5
sampled_npg_reward_only,adverse,128,91072,False,1,0.48997208799675335,0.0018244696864545711,0.015061892823069195,False,,0.6666666666666666
sampled_npg_reward_only,adverse,128,91073,False,1,0.48879128515046666,0.0015405966904782176,0.015291699731283437,False,,0.6666666666666666
sampled_npg_reward_only,adverse,128,91074,False,1,0.48808786616232525,0.002715247303191865,0.01466722696581674,False,,0.5
sampled_npg_reward_only,adverse,128,91075,False,1,0.48958265407043233,0.001637628366110131,0.014955851198977561,False,,0.625
sampled_npg_reward_only,adverse,128,91076,False,1,0.49086123055033704,0.0021329694787548532,0.01690055462891942,False,,0.4117647058823529
sampled_npg_reward_only,adverse,128,91077,False,1,0.49154198681957134,0.002056660434988296,0.014630221465292425,False,,0.5789473684210527
sampled_npg_reward_only,adverse,128,91078,False,1,0.49177142512906685,0.0010835011030895989,0.01554105710432213,False,,0.6666666666666666
sampled_npg_reward_only,adverse,128,91079,False,1,0.492394833323369,0.0017833521038839667,0.01450402990768459,False,,0.4375
sampled_npg_reward_only,adverse,128,91080,False,1,0.48854199755801947,0.0023183169918918442,0.014669737427303773,False,,0.35714285714285715
sampled_npg_reward_only,adverse,128,91081,False,1,0.4872760097793017,0.00477223915744645,0.0195779496134262,False,,0.3125
sampled_npg_reward_only,adverse,128,91082,False,1,0.4931653843682135,0.0018991535477248765,0.014585015925110485,False,,0.42857142857142855
sampled_npg_reward_only,adverse,128,91083,False,1,0.4899009241684793,0.0025408792751872088,0.01461948292293872,False,,0.5
sampled_npg_reward_only,adverse,128,91084,False,1,0.49450900501877904,0.00103578071773505,0.015097414888732353,False,,0.5294117647058824
sampled_npg_reward_only,adverse,128,91085,False,1,0.49966674961598706,4.616325854147038e-05,0.015439082572579615,False,,0.6153846153846154
sampled_npg_reward_only,adverse,128,91086,False,1,0.490130468565929,0.0019270395250607522,0.015198376723262035,False,,0.5555555555555556
sampled_npg_reward_only,adverse,128,91087,False,1,0.4905360776083542,0.001854958022355766,0.014913512379802273,False,,0.4375
sampled_npg_reward_only,adverse,128,91088,False,1,0.4918399586668745,0.002960424955211326,0.013884011320575474,False,,0.3333333333333333
sampled_npg_reward_only,adverse,128,91089,False,1,0.4934842791795778,0.004172558678083366,0.013076192750944874,False,,0.26666666666666666
sampled_npg_reward_only,adverse,128,91090,False,1,0.48701060890905284,0.005654567938819708,0.016852847724575303,False,,0.2222222222222222
sampled_npg_reward_only,adverse,128,91091,False,1,0.490204600212209,0.0023343265439051365,0.01932067127106392,False,,0.5333333333333333
sampled_npg_reward_only,adverse,128,91092,False,1,0.49016474547427763,0.0022842929869308494,0.014519689635840714,False,,0.5333333333333333
sampled_npg_reward_only,adverse,128,91093,False,1,0.48776058343895384,0.004011853994378445,0.014040060706316847,False,,0.35294117647058826
sampled_npg_reward_only,adverse,128,91094,False,1,0.4904917189621019,0.0026384706788935286,0.014543854326759597,False,,0.4
sampled_npg_reward_only,adverse,128,91095,False,1,0.48914453171242595,0.002422616797002045,0.014770372942224672,False,,0.4117647058823529
sampled_npg_reward_only,adverse,128,91096,False,1,0.48946779615995933,0.0022774636188789186,0.020118900868668254,False,,0.47058823529411764
sampled_npg_reward_only,adverse,128,91097,False,1,0.498473029650536,0.00019916341727875883,0.01545307529984035,False,,0.6923076923076923
sampled_npg_reward_only,adverse,128,91098,False,1,0.49025175093007356,0.0019482663017543324,0.014747171479199593,False,,0.5294117647058824
sampled_npg_reward_only,adverse,128,91099,False,1,0.48962976914159356,0.0017095836164800135,0.015323465554255513,False,,0.631578947368421
sampled_npg_logbarrier_handoff,adverse,128,91000,False,1,0.9949112811637791,0.9953852128237437,0.998129329890051,True,23,0.0
sampled_npg_logbarrier_handoff,adverse,128,91001,False,1,0.9621008190776411,0.9497673658520407,0.9903723576710466,True,23,0.0
sampled_npg_logbarrier_handoff,adverse,128,91002,False,1,0.974687940471084,0.9772521963140681,0.9883908314906019,True,20,0.0036231884057971015
sampled_npg_logbarrier_handoff,adverse,128,91003,False,1,0.9636104714781114,0.9484683797414465,0.992763796911507,True,23,0.0
sampled_npg_logbarrier_handoff,adverse,128,91004,False,1,1.0,1.0,1.0,True,23,0.0
sampled_npg_logbarrier_handoff,adverse,128,91005,False,1,0.9648635285831214,0.9471161124159617,0.9937632285281659,True,22,0.0
sampled_npg_logbarrier_handoff,adverse,128,91006,False,1,0.9525537908081985,0.9371776080481924,0.9879442675737741,True,23,0.0
sampled_npg_logbarrier_handoff,adverse,128,91007,False,1,1.0,1.0,1.0,True,22,0.0
sampled_npg_logbarrier_handoff,adverse,128,91008,False,1,0.9857948722065777,0.9829333587542763,0.9958480158630949,True,22,0.0
sampled_npg_logbarrier_handoff,adverse,128,91009,False,1,0.971128686378192,0.9646643522682643,0.9910678821606792,True,23,0.0
sampled_npg_logbarrier_handoff,adverse,128,91010,False,1,0.9997382974405544,0.9999963301550733,0.9997310815281479,True,23,0.0
sampled_npg_logbarrier_handoff,adverse,128,91011,False,1,1.0,1.0,1.0,True,22,0.0
sampled_npg_logbarrier_handoff,adverse,128,91012,False,1,0.9717723395965884,0.9665870117838568,0.9917585694917819,True,22,0.0
sampled_npg_logbarrier_handoff,adverse,128,91013,False,1,0.9817628099899178,0.9788954761238402,0.994112249201795,True,23,0.0
sampled_npg_logbarrier_handoff,adverse,128,91014,False,1,0.9671106697339718,0.9581747758609429,0.9912127018862064,True,22,0.0
sampled_npg_logbarrier_handoff,adverse,128,91015,False,1,0.9999785433267578,0.9999999999997269,0.9999779410841372,True,20,0.0035335689045936395
sampled_npg_logbarrier_handoff,adverse,128,91016,False,1,0.9528061215096901,0.9341859339238064,0.9899231343686937,True,23,0.0
sampled_npg_logbarrier_handoff,adverse,128,91017,False,1,0.9664878016408638,0.9521509448426774,0.9934127578107954,True,23,0.0
sampled_npg_logbarrier_handoff,adverse,128,91018,False,1,0.9496551645864715,0.9337533963882341,0.9855876603458551,True,20,0.0035714285714285713
sampled_npg_logbarrier_handoff,adverse,128,91019,False,1,0.9620922926320442,0.9393245808974052,0.9951264280997092,True,22,0.0
sampled_npg_logbarrier_handoff,adverse,128,91020,False,1,0.9604894299879039,0.9502965320328015,0.9888653713157001,True,21,0.0
sampled_npg_logbarrier_handoff,adverse,128,91021,False,1,0.975703148243649,0.9712943295891813,0.9930017015832595,True,22,0.0
sampled_npg_logbarrier_handoff,adverse,128,91022,False,1,0.9767806723996185,0.9723810972052148,0.9935210867448762,True,23,0.0
sampled_npg_logbarrier_handoff,adverse,128,91023,False,1,0.9797979973340337,0.9731666246061458,0.9958490729865351,True,23,0.0
sampled_npg_logbarrier_handoff,adverse,128,91024,False,1,0.9631251016818869,0.9548948214496039,0.9887566780777273,True,23,0.0
sampled_npg_logbarrier_handoff,adverse,128,91025,False,1,0.9849462140798393,0.9874435878334261,0.9924641947879743,True,22,0.0
sampled_npg_logbarrier_handoff,adverse,128,91026,False,1,0.9938426246404009,0.9884279133888245,0.9998881466686803,True,23,0.0
sampled_npg_logbarrier_handoff,adverse,128,91027,False,1,0.966719655983364,0.9540582594911393,0.9936212478782493,True,19,0.0035842293906810036
sampled_npg_logbarrier_handoff,adverse,128,91028,False,1,0.9771395724064666,0.9674768456770682,0.9956686053985205,True,23,0.0
sampled_npg_logbarrier_handoff,adverse,128,91029,False,1,0.9841655943889175,0.9817859196872124,0.9952212724463622,True,20,0.0036231884057971015
sampled_npg_logbarrier_handoff,adverse,128,91030,False,1,0.9740285565934873,0.9684462178998137,0.992461307561964,True,20,0.0036101083032490976
sampled_npg_logbarrier_handoff,adverse,128,91031,False,1,0.9628757372638791,0.9521112576191477,0.9889952077664325,True,23,0.0
sampled_npg_logbarrier_handoff,adverse,128,91032,False,1,0.9832935061499135,0.9824623041410718,0.9943113886066166,True,23,0.0
sampled_npg_logbarrier_handoff,adverse,128,91033,False,1,0.9780106604034845,0.9721137390692862,0.9948511250278559,True,20,0.0035971223021582736
sampled_npg_logbarrier_handoff,adverse,128,91034,False,1,0.9732061325690762,0.9606805325323716,0.9950029839743828,True,23,0.0
sampled_npg_logbarrier_handoff,adverse,128,91035,False,1,0.9766336405275613,0.9703829769953852,0.993933011085782,True,23,0.0
sampled_npg_logbarrier_handoff,adverse,128,91036,False,1,0.9926293470903143,0.9936345159513347,0.9966765599234019,True,22,0.0
sampled_npg_logbarrier_handoff,adverse,128,91037,False,1,0.9643319348187784,0.9409188731336928,0.9967142368432081,True,22,0.0
sampled_npg_logbarrier_handoff,adverse,128,91038,False,1,0.9616469138420198,0.9482256456403237,0.9916566000824256,True,23,0.0
sampled_npg_logbarrier_handoff,adverse,128,91039,False,1,0.9688898732423077,0.9509263562307941,0.9957557637587234,True,19,0.0035842293906810036
sampled_npg_logbarrier_handoff,adverse,128,91040,False,1,0.9859844638804992,0.9885590426732901,0.9931080419785573,True,23,0.0
sampled_npg_logbarrier_handoff,adverse,128,91041,False,1,0.9841826587515253,0.9850398296243231,0.9935694902400332,True,23,0.0
sampled_npg_logbarrier_handoff,adverse,128,91042,False,1,0.9693365419581046,0.9543356480322605,0.9949513240172242,True,22,0.0
sampled_npg_logbarrier_handoff,adverse,128,91043,False,1,0.9687757212368306,0.9541272156596123,0.9953186654222678,True,21,0.0
sampled_npg_logbarrier_handoff,adverse,128,91044,False,1,0.9823216997951242,0.9795528600166392,0.9946823186226809,True,23,0.0
sampled_npg_logbarrier_handoff,adverse,128,91045,False,1,0.9768366989586221,0.9697692335251838,0.994168442717679,True,23,0.0
sampled_npg_logbarrier_handoff,adverse,128,91046,False,1,1.0,1.0,1.0,True,22,0.0
sampled_npg_logbarrier_handoff,adverse,128,91047,False,1,0.9796766390998746,0.980865049335125,0.9918082582275208,True,19,0.0036101083032490976
sampled_npg_logbarrier_handoff,adverse,128,91048,False,1,0.9999576871923583,0.999995138405459,0.9999617441748763,True,22,0.0
sampled_npg_logbarrier_handoff,adverse,128,91049,False,1,0.9724117940957651,0.9670864927581894,0.9911096383836596,True,23,0.0
sampled_npg_logbarrier_handoff,adverse,128,91050,False,1,0.9893178270903664,0.9912359315211244,0.9951895157303743,True,22,0.0
sampled_npg_logbarrier_handoff,adverse,128,91051,False,1,0.9641231698756084,0.9425724551375774,0.9959466216523309,True,23,0.0
sampled_npg_logbarrier_handoff,adverse,128,91052,False,1,0.9774333082920907,0.9671954245728971,0.9960246313766803,True,23,0.0
sampled_npg_logbarrier_handoff,adverse,128,91053,False,1,1.0,1.0,1.0,True,19,0.0035587188612099642
sampled_npg_logbarrier_handoff,adverse,128,91054,False,1,1.0,1.0,1.0,True,22,0.0
sampled_npg_logbarrier_handoff,adverse,128,91055,False,1,0.974233818031637,0.9624869797135598,0.9961028948017473,True,22,0.0
sampled_npg_logbarrier_handoff,adverse,128,91056,False,1,0.9796257267962266,0.971617621298315,0.9960381622687398,True,22,0.0
sampled_npg_logbarrier_handoff,adverse,128,91057,False,1,0.9669541697786903,0.9524400673109967,0.9932544382468881,True,23,0.0
sampled_npg_logbarrier_handoff,adverse,128,91058,False,1,0.9846628381474521,0.9874908152816722,0.9927405583849875,True,22,0.0
sampled_npg_logbarrier_handoff,adverse,128,91059,False,1,0.9878390087213775,0.9860997020735034,0.9962017113456888,True,23,0.0
sampled_npg_logbarrier_handoff,adverse,128,91060,False,1,0.9999999974068052,0.9999999974063549,1.0,True,21,0.0035460992907801418
sampled_npg_logbarrier_handoff,adverse,128,91061,False,1,0.9742288136635655,0.9658681517581325,0.9942364402676349,True,23,0.0
sampled_npg_logbarrier_handoff,adverse,128,91062,False,1,0.9772648321548077,0.970104960045692,0.9945956304369168,True,23,0.0
sampled_npg_logbarrier_handoff,adverse,128,91063,False,1,0.978651835911159,0.9744104318159283,0.9937393780535286,True,23,0.0
sampled_npg_logbarrier_handoff,adverse,128,91064,False,1,0.9662368389827204,0.954305307755236,0.9919837338216627,True,23,0.0
sampled_npg_logbarrier_handoff,adverse,128,91065,False,1,0.9468977520379099,0.9360224771422585,0.9826562505342018,True,20,0.0035714285714285713
sampled_npg_logbarrier_handoff,adverse,128,91066,False,1,0.9709670218416944,0.9576056590321717,0.9948191692058035,True,23,0.0
sampled_npg_logbarrier_handoff,adverse,128,91067,False,1,0.9781669961009953,0.975965895450958,0.9923019826307439,True,19,0.0035842293906810036
sampled_npg_logbarrier_handoff,adverse,128,91068,False,1,0.9999992379636701,0.999999224995566,1.0,True,23,0.0
sampled_npg_logbarrier_handoff,adverse,128,91069,False,1,0.9882960409398466,0.9874624952019457,0.9959425653500381,True,24,0.0
sampled_npg_logbarrier_handoff,adverse,128,91070,False,1,0.9646008478899385,0.9507926003082999,0.9926522195185465,True,20,0.0035842293906810036
sampled_npg_logbarrier_handoff,adverse,128,91071,False,1,0.9746887233699753,0.9707893641329588,0.9916024778292394,True,22,0.0
sampled_npg_logbarrier_handoff,adverse,128,91072,False,1,0.9764157771196973,0.9701244715075059,0.9940103441524517,True,19,0.0035971223021582736
sampled_npg_logbarrier_handoff,adverse,128,91073,False,1,0.9818738096832642,0.9773408707911845,0.9948114703448372,True,23,0.0
sampled_npg_logbarrier_handoff,adverse,128,91074,False,1,0.9677168583003224,0.9557777507533052,0.9937472165189902,True,19,0.0036101083032490976
sampled_npg_logbarrier_handoff,adverse,128,91075,False,1,0.9850754412995841,0.9850209142113017,0.9944516952677624,True,22,0.0
sampled_npg_logbarrier_handoff,adverse,128,91076,False,1,0.9938914124611294,0.9877837533375925,0.9999999412191726,True,23,0.0
sampled_npg_logbarrier_handoff,adverse,128,91077,False,1,0.9777075077997721,0.9724278625103792,0.9945788360028199,True,22,0.0
sampled_npg_logbarrier_handoff,adverse,128,91078,False,1,0.966691961462999,0.9545306723977511,0.9920931635196332,True,23,0.0
sampled_npg_logbarrier_handoff,adverse,128,91079,False,1,0.9801960452445476,0.9711750565684689,0.9962985863476905,True,23,0.0
sampled_npg_logbarrier_handoff,adverse,128,91080,False,1,0.9787317466703586,0.973973242600075,0.9947061687545845,True,23,0.0
sampled_npg_logbarrier_handoff,adverse,128,91081,False,1,0.9652327527865209,0.9624621054308173,0.9860892203713728,True,22,0.0
sampled_npg_logbarrier_handoff,adverse,128,91082,False,1,0.9729942704620901,0.9677161251969387,0.992137416210218,True,21,0.0
sampled_npg_logbarrier_handoff,adverse,128,91083,False,1,0.9657948950972027,0.9615380479324875,0.9873318961556042,True,22,0.0
sampled_npg_logbarrier_handoff,adverse,128,91084,False,1,0.9878461979970105,0.9911816145920136,0.9943720392379366,True,22,0.0
sampled_npg_logbarrier_handoff,adverse,128,91085,False,1,0.9705001330764832,0.9613256591430555,0.9919836439279154,True,21,0.0035971223021582736
sampled_npg_logbarrier_handoff,adverse,128,91086,False,1,1.0,1.0,1.0,True,23,0.0
sampled_npg_logbarrier_handoff,adverse,128,91087,False,1,0.9558953402697827,0.9365648428222717,0.9910928972361761,True,22,0.0
sampled_npg_logbarrier_handoff,adverse,128,91088,False,1,0.9589640547280721,0.9466277790181072,0.9889029870734364,True,24,0.0
sampled_npg_logbarrier_handoff,adverse,128,91089,False,1,1.0,1.0,1.0,True,20,0.0035587188612099642
sampled_npg_logbarrier_handoff,adverse,128,91090,False,1,0.9699676067339091,0.9556240603096074,0.995490047812561,True,23,0.0
sampled_npg_logbarrier_handoff,adverse,128,91091,False,1,0.9718604376520118,0.9623814110207829,0.9936568794325603,True,20,0.0036101083032490976
sampled_npg_logbarrier_handoff,adverse,128,91092,False,1,0.9849129306507081,0.9817018614085224,0.9954062371245221,True,19,0.0036101083032490976
sampled_npg_logbarrier_handoff,adverse,128,91093,False,1,0.9614532867498434,0.9514467013607066,0.9891214606835013,True,23,0.0
sampled_npg_logbarrier_handoff,adverse,128,91094,False,1,0.981305481490994,0.9784623991132784,0.9943141722919699,True,22,0.0
sampled_npg_logbarrier_handoff,adverse,128,91095,False,1,0.9796930895891293,0.9818230739036815,0.9904719786256749,True,23,0.0
sampled_npg_logbarrier_handoff,adverse,128,91096,False,1,0.982919662051106,0.9792307172208993,0.9957689772847627,True,23,0.0
sampled_npg_logbarrier_handoff,adverse,128,91097,False,1,1.0,1.0,1.0,True,22,0.0
sampled_npg_logbarrier_handoff,adverse,128,91098,False,1,1.0,1.0,1.0,True,24,0.0
sampled_npg_logbarrier_handoff,adverse,128,91099,False,1,1.0,1.0,1.0,True,23,0.0
sampled_pg_logbarrier_fixed,adverse,128,91000,True,0,0.30884813099040664,0.23796373993987133,0.059592341384992746,False,,0.002
sampled_pg_logbarrier_fixed,adverse,128,91001,True,0,0.3094556220917981,0.2380736274412345,0.06160624277008663,False,,0.014
sampled_pg_logbarrier_fixed,adverse,128,91002,True,0,0.3088451413465158,0.24056453284685608,0.06325337720022163,False,,0.006
sampled_pg_logbarrier_fixed,adverse,128,91003,True,0,0.3079451788340662,0.24096889163866808,0.06065511528527293,False,,0.006
sampled_pg_logbarrier_fixed,adverse,128,91004,True,0,0.3090405713737572,0.23773718024112653,0.05857426149857489,False,,0.006
sampled_pg_logbarrier_fixed,adverse,128,91005,True,0,0.3096888357972444,0.23643993517518566,0.05909362383724502,False,,0.002
sampled_pg_logbarrier_fixed,adverse,128,91006,True,0,0.3097300906591566,0.23694759515005281,0.06010901138559621,False,,0.004
sampled_pg_logbarrier_fixed,adverse,128,91007,True,0,0.30864476782347644,0.23938657727949178,0.06050147670930079,False,,0.006
sampled_pg_logbarrier_fixed,adverse,128,91008,True,0,0.30930901764131746,0.2373754636866756,0.05933765844158948,False,,0.002
sampled_pg_logbarrier_fixed,adverse,128,91009,True,0,0.30805855533571247,0.24007500384600985,0.060062813138563265,False,,0.006
sampled_pg_logbarrier_fixed,adverse,128,91010,True,0,0.30930358350164494,0.2379630405742447,0.05994552245690105,False,,0.012
sampled_pg_logbarrier_fixed,adverse,128,91011,True,0,0.3090238009754077,0.23850084564794477,0.060029184779960665,False,,0.004
sampled_pg_logbarrier_fixed,adverse,128,91012,True,0,0.3088924156527652,0.23893132998243344,0.06032424025914832,False,,0.004
sampled_pg_logbarrier_fixed,adverse,128,91013,True,0,0.3088542755092568,0.23877570650516164,0.05991597558364371,False,,0.006
sampled_pg_logbarrier_fixed,adverse,128,91014,True,0,0.30933474280156914,0.2376008245743238,0.05968557253873452,False,,0.006
sampled_pg_logbarrier_fixed,adverse,128,91015,True,0,0.308514708221165,0.23904222360611144,0.059934797107155116,False,,0.002
sampled_pg_logbarrier_fixed,adverse,128,91016,True,0,0.3089878513905524,0.2375945976841675,0.05818455989462546,False,,0.006
sampled_pg_logbarrier_fixed,adverse,128,91017,True,0,0.30849655736212533,0.24090578720649372,0.06298376518028251,False,,0.008
sampled_pg_logbarrier_fixed,adverse,128,91018,True,0,0.30939076730700943,0.23750612985304703,0.0600096292178382,False,,0.004
sampled_pg_logbarrier_fixed,adverse,128,91019,True,0,0.3095686521044685,0.23617029942757525,0.058879254289720274,False,,0.004
sampled_pg_logbarrier_fixed,adverse,128,91020,True,0,0.30899293924063626,0.2380707957428999,0.059330835440306,False,,0.006
sampled_pg_logbarrier_fixed,adverse,128,91021,True,0,0.30864884342588694,0.23960423336976816,0.06008011259087982,False,,0.008
sampled_pg_logbarrier_fixed,adverse,128,91022,True,0,0.3084946716107143,0.23880883071212222,0.059012747470086856,False,,0.006
sampled_pg_logbarrier_fixed,adverse,128,91023,True,0,0.3083989049423931,0.2408366963573013,0.06154997936354832,False,,0.004
sampled_pg_logbarrier_fixed,adverse,128,91024,True,0,0.3090870377604481,0.23785004591020076,0.059473430085189904,False,,0.006
sampled_pg_logbarrier_fixed,adverse,128,91025,True,0,0.3096861294089287,0.2365432393181542,0.059147059851497916,False,,0.002
sampled_pg_logbarrier_fixed,adverse,128,91026,True,0,0.30867083354149927,0.23908387852910276,0.059826129723735785,False,,0.002
sampled_pg_logbarrier_fixed,adverse,128,91027,True,0,0.30855924584178984,0.24036164389024098,0.061946854836296,False,,0.006
sampled_pg_logbarrier_fixed,adverse,128,91028,True,0,0.3083472853679438,0.2398942675478746,0.06018417022347462,False,,0.002
sampled_pg_logbarrier_fixed,adverse,128,91029,True,0,0.3096211333768483,0.23742405872959862,0.06116487688913936,False,,0.006
sampled_pg_logbarrier_fixed,adverse,128,91030,True,0,0.3097337674707032,0.2365392093175885,0.05960927782060588,False,,0.006
sampled_pg_logbarrier_fixed,adverse,128,91031,True,0,0.30785854244521227,0.24070014226361747,0.05980527267994945,False,,0.008
sampled_pg_logbarrier_fixed,adverse,128,91032,True,0,0.3077933576102793,0.24111022658648637,0.061072357099542236,False,,0.002
sampled_pg_logbarrier_fixed,adverse,128,91033,True,0,0.30876225538213176,0.2392331944720492,0.060040853788428286,False,,0.008
sampled_pg_logbarrier_fixed,adverse,128,91034,True,0,0.3096243097502216,0.23762025338441498,0.06087104011312256,False,,0.002
sampled_pg_logbarrier_fixed,adverse,128,91035,True,0,0.30832034508070927,0.23987972554956982,0.06073259844722697,False,,0.004
sampled_pg_logbarrier_fixed,adverse,128,91036,True,0,0.30878978808438806,0.23806687741618968,0.05831994947318002,False,,0.002
sampled_pg_logbarrier_fixed,adverse,128,91037,True,0,0.30958712152924034,0.23738961283767088,0.05956112839654165,False,,0.002
sampled_pg_logbarrier_fixed,adverse,128,91038,True,0,0.3075147108510683,0.24264725015533523,0.06178845477221173,False,,0.002
sampled_pg_logbarrier_fixed,adverse,128,91039,True,0,0.3086969924237139,0.2394148497058957,0.06003326783450849,False,,0.004
sampled_pg_logbarrier_fixed,adverse,128,91040,True,0,0.3087421151327004,0.23996046536111781,0.06093717793813598,False,,0.006
sampled_pg_logbarrier_fixed,adverse,128,91041,True,0,0.3085894802538349,0.23969054459451095,0.06087914856426899,False,,0.006
sampled_pg_logbarrier_fixed,adverse,128,91042,True,0,0.30930171055510636,0.23735244008977183,0.05920153543131642,False,,0.002
sampled_pg_logbarrier_fixed,adverse,128,91043,True,0,0.30900945317504386,0.23804599409718818,0.05997749122642886,False,,0.01
sampled_pg_logbarrier_fixed,adverse,128,91044,True,0,0.3090375782897958,0.23814592934730644,0.05911531225138482,False,,0.004
sampled_pg_logbarrier_fixed,adverse,128,91045,True,0,0.3092503199305991,0.23732053450533794,0.05943296057054463,False,,0.006
sampled_pg_logbarrier_fixed,adverse,128,91046,True,0,0.3094182861163984,0.2380137006796689,0.060425330887316935,False,,0.008
sampled_pg_logbarrier_fixed,adverse,128,91047,True,0,0.3087844226684904,0.23847610939058086,0.059270401010625674,False,,0.004
sampled_pg_logbarrier_fixed,adverse,128,91048,True,0,0.3086236182152151,0.23938228030497355,0.0609073335126934,False,,0.002
sampled_pg_logbarrier_fixed,adverse,128,91049,True,0,0.3087810665054598,0.23882037903488929,0.06043137050391083,False,,0.006
sampled_pg_logbarrier_fixed,adverse,128,91050,True,0,0.3090655927083396,0.2387989209932448,0.06072496089629608,False,,0.004
sampled_pg_logbarrier_fixed,adverse,128,91051,True,0,0.30923256246104547,0.23856487278180485,0.05980525564859305,False,,0.004
sampled_pg_logbarrier_fixed,adverse,128,91052,True,0,0.30947832852793133,0.2374864318583352,0.05958889610977369,False,,0.008
sampled_pg_logbarrier_fixed,adverse,128,91053,True,0,0.30893786232876097,0.23924616919122033,0.06100833449547789,False,,0.004
sampled_pg_logbarrier_fixed,adverse,128,91054,True,0,0.3095282293613952,0.2371505697364165,0.0597171977251976,False,,0.008
sampled_pg_logbarrier_fixed,adverse,128,91055,True,0,0.3088121918183816,0.23811665938670235,0.05984217133072721,False,,0.004
sampled_pg_logbarrier_fixed,adverse,128,91056,True,0,0.3089601958700776,0.23858819392039146,0.05964034489429798,False,,0.014
sampled_pg_logbarrier_fixed,adverse,128,91057,True,0,0.3091548504694035,0.23783013458796068,0.05946282151587938,False,,0.012
sampled_pg_logbarrier_fixed,adverse,128,91058,True,0,0.30841100640875246,0.23977492730025257,0.05979180513945828,False,,0.008
sampled_pg_logbarrier_fixed,adverse,128,91059,True,0,0.3093694207264774,0.23731104988469182,0.06038099725854406,False,,0.004
sampled_pg_logbarrier_fixed,adverse,128,91060,True,0,0.3087415583979117,0.23900610807510864,0.06015759486348031,False,,0.006
sampled_pg_logbarrier_fixed,adverse,128,91061,True,0,0.30898848843973353,0.23892656581799496,0.060283156126839696,False,,0.006
sampled_pg_logbarrier_fixed,adverse,128,91062,True,0,0.3085817868728748,0.239053103742139,0.05990649447515707,False,,0.002
sampled_pg_logbarrier_fixed,adverse,128,91063,True,0,0.3093481465241088,0.2370644368938748,0.059102085774647886,False,,0.002
sampled_pg_logbarrier_fixed,adverse,128,91064,True,0,0.30878352382075946,0.2389636143604273,0.06037250872379188,False,,0.004
sampled_pg_logbarrier_fixed,adverse,128,91065,True,0,0.30873764443658613,0.2385799685584916,0.05934348940127071,False,,0.006
sampled_pg_logbarrier_fixed,adverse,128,91066,True,0,0.3091769345135004,0.23752853655509562,0.060093183049796065,False,,0.0
sampled_pg_logbarrier_fixed,adverse,128,91067,True,0,0.30933939390205306,0.23796936626707485,0.06030637749243891,False,,0.004
sampled_pg_logbarrier_fixed,adverse,128,91068,True,0,0.30968834602055206,0.2373521055054849,0.061162637143333094,False,,0.004
sampled_pg_logbarrier_fixed,adverse,128,91069,True,0,0.3090149653260094,0.23820769481757925,0.060102737130937375,False,,0.006
sampled_pg_logbarrier_fixed,adverse,128,91070,True,0,0.30912107644721903,0.23830038787214913,0.060580844421023815,False,,0.01
sampled_pg_logbarrier_fixed,adverse,128,91071,True,0,0.3084449999347176,0.24088036108385188,0.06198605377918608,False,,0.008
sampled_pg_logbarrier_fixed,adverse,128,91072,True,0,0.3083857144972012,0.24044282150273733,0.061201622613116693,False,,0.004
sampled_pg_logbarrier_fixed,adverse,128,91073,True,0,0.30843978809283545,0.2393987370934014,0.06090454879199674,False,,0.006
sampled_pg_logbarrier_fixed,adverse,128,91074,True,0,0.3088102985140021,0.23873623757441184,0.06019909107790412,False,,0.006
sampled_pg_logbarrier_fixed,adverse,128,91075,True,0,0.30889472428630804,0.23875522066898316,0.06007409907447225,False,,0.002
sampled_pg_logbarrier_fixed,adverse,128,91076,True,0,0.30921172993745144,0.2390673436997218,0.06193153014428219,False,,0.01
sampled_pg_logbarrier_fixed,adverse,128,91077,True,0,0.3086405194397296,0.240134089993032,0.06226119280711818,False,,0.004
sampled_pg_logbarrier_fixed,adverse,128,91078,True,0,0.3088861404519715,0.23951252070944667,0.06129057438635315,False,,0.002
sampled_pg_logbarrier_fixed,adverse,128,91079,True,0,0.3090200029633082,0.23881606134466896,0.060717562146333656,False,,0.006
sampled_pg_logbarrier_fixed,adverse,128,91080,True,0,0.3087229105034082,0.23920687886251318,0.06060144718683519,False,,0.002
sampled_pg_logbarrier_fixed,adverse,128,91081,True,0,0.3090994041671874,0.23712745504901026,0.05832685788177526,False,,0.014
sampled_pg_logbarrier_fixed,adverse,128,91082,True,0,0.30912975281777433,0.238641229190506,0.06078005197809117,False,,0.008
sampled_pg_logbarrier_fixed,adverse,128,91083,True,0,0.30814332860413407,0.24141016524597578,0.06235760199348737,False,,0.004
sampled_pg_logbarrier_fixed,adverse,128,91084,True,0,0.30963285772297794,0.23680646695228977,0.059359043033490495,False,,0.004
sampled_pg_logbarrier_fixed,adverse,128,91085,True,0,0.3089695914023031,0.23879264149870347,0.06049822707582088,False,,0.004
sampled_pg_logbarrier_fixed,adverse,128,91086,True,0,0.3081945150116221,0.23979469356953387,0.05960765252381092,False,,0.01
sampled_pg_logbarrier_fixed,adverse,128,91087,True,0,0.30895462838778187,0.24018960971417325,0.06251983711201577,False,,0.016
sampled_pg_logbarrier_fixed,adverse,128,91088,True,0,0.3082720584794006,0.23965359442259965,0.059571226125440635,False,,0.006
sampled_pg_logbarrier_fixed,adverse,128,91089,True,0,0.3094186883057561,0.23805524122292812,0.060790938552634566,False,,0.006
sampled_pg_logbarrier_fixed,adverse,128,91090,True,0,0.3089729738828281,0.23877380923170355,0.060434556759945364,False,,0.0
sampled_pg_logbarrier_fixed,adverse,128,91091,True,0,0.30840547189067863,0.23962210092203418,0.059236789164211295,False,,0.002
sampled_pg_logbarrier_fixed,adverse,128,91092,True,0,0.30930766056523024,0.23799409741894784,0.060262343350406145,False,,0.006
sampled_pg_logbarrier_fixed,adverse,128,91093,True,0,0.3093139167792877,0.2378060969716921,0.0594419619023539,False,,0.0
sampled_pg_logbarrier_fixed,adverse,128,91094,True,0,0.3088461540085475,0.23984885620868387,0.061032218897801846,False,,0.004
sampled_pg_logbarrier_fixed,adverse,128,91095,True,0,0.30954250617094253,0.23643243904669317,0.05853976816526794,False,,0.006
sampled_pg_logbarrier_fixed,adverse,128,91096,True,0,0.30940248486699207,0.23800921437150055,0.060979344453506244,False,,0.008
sampled_pg_logbarrier_fixed,adverse,128,91097,True,0,0.30845275954096363,0.24001683978709076,0.06087473469075028,False,,0.004
sampled_pg_logbarrier_fixed,adverse,128,91098,True,0,0.3089429684846938,0.2384560718856907,0.060038061093752995,False,,0.006
sampled_pg_logbarrier_fixed,adverse,128,91099,True,0,0.30859976947020945,0.24004925706691063,0.06151068831899185,False,,0.002
sampled_npg_logbarrier_fixed,adverse,128,91000,True,0,0.6303681988696171,0.6326330365437405,0.7804614229219289,False,23,0.0
sampled_npg_logbarrier_fixed,adverse,128,91001,True,0,0.5990201333355663,0.5848438867586639,0.753094081055952,False,23,0.0
sampled_npg_logbarrier_fixed,adverse,128,91002,True,0,0.6395795080873103,0.6465240687884483,0.7854582596475767,False,20,0.002
sampled_npg_logbarrier_fixed,adverse,128,91003,True,0,0.6298521007762696,0.6058831640131055,0.795739636972897,False,23,0.0
sampled_npg_logbarrier_fixed,adverse,128,91004,True,0,0.6323837157513638,0.651228130748474,0.762261136989934,False,23,0.0
sampled_npg_logbarrier_fixed,adverse,128,91005,True,0,0.5970544247822525,0.5645352223919411,0.7649876537764297,False,22,0.0
sampled_npg_logbarrier_fixed,adverse,128,91006,True,0,0.613876829511685,0.6179613949966196,0.76214897836633,False,23,0.0
sampled_npg_logbarrier_fixed,adverse,128,91007,True,0,0.6242349001265877,0.6310257018785275,0.7680387143522658,False,22,0.0
sampled_npg_logbarrier_fixed,adverse,128,91008,True,0,0.6132135336074043,0.5971720496478733,0.7713529292310328,False,22,0.0
sampled_npg_logbarrier_fixed,adverse,128,91009,True,0,0.6285519854913154,0.6423432768179684,0.7733900150982529,False,23,0.0
sampled_npg_logbarrier_fixed,adverse,128,91010,True,0,0.6238853072942936,0.6343605904009256,0.7624130130269142,False,23,0.0
sampled_npg_logbarrier_fixed,adverse,128,91011,True,0,0.6173798634709023,0.6137088568346472,0.7693265431402968,False,22,0.0
sampled_npg_logbarrier_fixed,adverse,128,91012,True,0,0.634219820748513,0.6406204121878113,0.7804103641754134,False,22,0.0
sampled_npg_logbarrier_fixed,adverse,128,91013,True,0,0.6375749774065809,0.6345525288109971,0.789919130964662,False,23,0.0
sampled_npg_logbarrier_fixed,adverse,128,91014,True,0,0.6515832753893294,0.6914197829890166,0.7790237728182824,False,22,0.0
sampled_npg_logbarrier_fixed,adverse,128,91015,True,0,0.6321323276382724,0.6438598908048542,0.7737382942693439,False,20,0.002
sampled_npg_logbarrier_fixed,adverse,128,91016,True,0,0.657997427888066,0.7085525230814973,0.7837497927828816,False,23,0.0
sampled_npg_logbarrier_fixed,adverse,128,91017,True,0,0.5831670684556017,0.5603037386657721,0.7451552161485733,False,23,0.0
sampled_npg_logbarrier_fixed,adverse,128,91018,True,0,0.5971986560613916,0.5898245021239634,0.7479825424552566,False,20,0.002
sampled_npg_logbarrier_fixed,adverse,128,91019,True,0,0.6219210477712455,0.6541513785332613,0.754832684089176,False,22,0.0
sampled_npg_logbarrier_fixed,adverse,128,91020,True,0,0.6013390027359508,0.5996758338212886,0.7549115608782323,False,21,0.0
sampled_npg_logbarrier_fixed,adverse,128,91021,True,0,0.6581094936217686,0.6664222632789071,0.8044345532673302,False,22,0.0
sampled_npg_logbarrier_fixed,adverse,128,91022,True,0,0.6195837406304792,0.609848527271643,0.7718197425101889,False,23,0.0
sampled_npg_logbarrier_fixed,adverse,128,91023,True,0,0.6049325500114865,0.5935870977154586,0.7545963238262366,False,23,0.0
sampled_npg_logbarrier_fixed,adverse,128,91024,True,0,0.6063556334407116,0.5906793837927041,0.7621810249273174,False,23,0.0
sampled_npg_logbarrier_fixed,adverse,128,91025,True,0,0.6095218858816339,0.5741465844336743,0.7808194240740518,False,22,0.0
sampled_npg_logbarrier_fixed,adverse,128,91026,True,0,0.6431131113414141,0.6479761905849416,0.7906947881361762,False,23,0.0
sampled_npg_logbarrier_fixed,adverse,128,91027,True,0,0.6470796471905956,0.664441002099909,0.7866579018521918,False,19,0.002
sampled_npg_logbarrier_fixed,adverse,128,91028,True,0,0.6395676593692905,0.6297609204890873,0.7925111151029955,False,23,0.0
sampled_npg_logbarrier_fixed,adverse,128,91029,True,0,0.6153127939374454,0.5958689821572649,0.7785045841031576,False,20,0.002
sampled_npg_logbarrier_fixed,adverse,128,91030,True,0,0.6106233513768211,0.591401093286829,0.7722779292949911,False,20,0.002
sampled_npg_logbarrier_fixed,adverse,128,91031,True,0,0.6193818143550301,0.6294111737598428,0.7642070099484429,False,23,0.0
sampled_npg_logbarrier_fixed,adverse,128,91032,True,0,0.6287870366528634,0.6203897599906026,0.7855956824939906,False,23,0.0
sampled_npg_logbarrier_fixed,adverse,128,91033,True,0,0.6626308114706506,0.6915847630548976,0.7942350870396553,False,20,0.002
sampled_npg_logbarrier_fixed,adverse,128,91034,True,0,0.6071420575696349,0.6007869225829074,0.7564102627525843,False,23,0.0
sampled_npg_logbarrier_fixed,adverse,128,91035,True,0,0.6240890047024025,0.6259072816342898,0.7725199068288974,False,23,0.0
sampled_npg_logbarrier_fixed,adverse,128,91036,True,0,0.6330103735862593,0.6457394062570233,0.7762230019159082,False,22,0.0
sampled_npg_logbarrier_fixed,adverse,128,91037,True,0,0.6022000746884086,0.579019843825788,0.7647128295503657,False,22,0.0
sampled_npg_logbarrier_fixed,adverse,128,91038,True,0,0.623765664401454,0.6167673801092903,0.7805248724574766,False,23,0.0
sampled_npg_logbarrier_fixed,adverse,128,91039,True,0,0.6229242825261062,0.641181591486503,0.7627196662316988,False,19,0.002
sampled_npg_logbarrier_fixed,adverse,128,91040,True,0,0.6126494383117178,0.6245712275646524,0.7567247535703439,False,23,0.0
sampled_npg_logbarrier_fixed,adverse,128,91041,True,0,0.6348228108627703,0.6607618601066487,0.7691072511684961,False,23,0.0
sampled_npg_logbarrier_fixed,adverse,128,91042,True,0,0.6168423001498928,0.6159840988479932,0.7682761501901593,False,22,0.0
sampled_npg_logbarrier_fixed,adverse,128,91043,True,0,0.6372669494469219,0.6482600495621793,0.7822368621055804,False,21,0.0
sampled_npg_logbarrier_fixed,adverse,128,91044,True,0,0.6247179240289836,0.6656841149986721,0.7530332642429743,False,23,0.0
sampled_npg_logbarrier_fixed,adverse,128,91045,True,0,0.6336117650133954,0.6440711686449819,0.7759492642179051,False,23,0.0
sampled_npg_logbarrier_fixed,adverse,128,91046,True,0,0.5925102838190758,0.5885909664329754,0.7426220689224904,False,22,0.0
sampled_npg_logbarrier_fixed,adverse,128,91047,True,0,0.5908694936903673,0.5838263109875775,0.7421274573565679,False,19,0.002
sampled_npg_logbarrier_fixed,adverse,128,91048,True,0,0.6204938434731134,0.6280469314505558,0.7684023332499721,False,22,0.0
sampled_npg_logbarrier_fixed,adverse,128,91049,True,0,0.6480627086725114,0.6607805952971874,0.7901173391862282,False,23,0.0
sampled_npg_logbarrier_fixed,adverse,128,91050,True,0,0.5871081014329652,0.5308598203881069,0.7680697733999743,False,22,0.0
sampled_npg_logbarrier_fixed,adverse,128,91051,True,0,0.6377025575408299,0.6380731987032727,0.7881217691119986,False,23,0.0
sampled_npg_logbarrier_fixed,adverse,128,91052,True,0,0.6247723309424548,0.6060962769474842,0.783506663690829,False,23,0.0
sampled_npg_logbarrier_fixed,adverse,128,91053,True,0,0.6012253316452407,0.6115579998614583,0.7447366373083764,False,19,0.002
sampled_npg_logbarrier_fixed,adverse,128,91054,True,0,0.643685507144037,0.6679259582534269,0.7843550239158132,False,22,0.0
sampled_npg_logbarrier_fixed,adverse,128,91055,True,0,0.6178070467421823,0.6110655726157158,0.7777101655123995,False,22,0.0
sampled_npg_logbarrier_fixed,adverse,128,91056,True,0,0.6219411364684531,0.6093823676234733,0.7764815146411135,False,22,0.0
sampled_npg_logbarrier_fixed,adverse,128,91057,True,0,0.6290752339639137,0.6266427467378926,0.776365748566677,False,23,0.0
sampled_npg_logbarrier_fixed,adverse,128,91058,True,0,0.6150977965532145,0.6229282813850802,0.7590700058127118,False,22,0.0
sampled_npg_logbarrier_fixed,adverse,128,91059,True,0,0.5578988296959713,0.5043694932048328,0.7282758254224563,False,23,0.0
sampled_npg_logbarrier_fixed,adverse,128,91060,True,0,0.6613140590230441,0.667655899046845,0.8098994177517451,False,21,0.002
sampled_npg_logbarrier_fixed,adverse,128,91061,True,0,0.6410452010479192,0.6397523473659995,0.7925487074212454,False,23,0.0
sampled_npg_logbarrier_fixed,adverse,128,91062,True,0,0.6363303549664641,0.6646372339682922,0.7710234026512237,False,23,0.0
sampled_npg_logbarrier_fixed,adverse,128,91063,True,0,0.6032221695811009,0.5993933450783404,0.7478688897626964,False,23,0.0
sampled_npg_logbarrier_fixed,adverse,128,91064,True,0,0.6165652417458953,0.6112784799774088,0.7668096547609403,False,23,0.0
sampled_npg_logbarrier_fixed,adverse,128,91065,True,0,0.6160406352769413,0.6283483555389168,0.7546931098276849,False,20,0.002
sampled_npg_logbarrier_fixed,adverse,128,91066,True,0,0.6218136703019556,0.6385988004494768,0.7564559965248815,False,23,0.0
sampled_npg_logbarrier_fixed,adverse,128,91067,True,0,0.6308591225419642,0.6418840352653857,0.7711522236860208,False,19,0.002
sampled_npg_logbarrier_fixed,adverse,128,91068,True,0,0.6094478627439642,0.5997010776660827,0.7611330801220498,False,23,0.0
sampled_npg_logbarrier_fixed,adverse,128,91069,True,0,0.6314540944524207,0.6650574484204907,0.7644706872733377,False,24,0.0
sampled_npg_logbarrier_fixed,adverse,128,91070,True,0,0.6016697858055673,0.5860564997118709,0.7601407685290885,False,20,0.002
sampled_npg_logbarrier_fixed,adverse,128,91071,True,0,0.6107414854251285,0.6228366017227783,0.7562202813219471,False,22,0.0
sampled_npg_logbarrier_fixed,adverse,128,91072,True,0,0.6124808392258632,0.6215019991840157,0.761239804053985,False,19,0.002
sampled_npg_logbarrier_fixed,adverse,128,91073,True,0,0.6025292231602128,0.5991918545354169,0.7502030914732308,False,23,0.0
sampled_npg_logbarrier_fixed,adverse,128,91074,True,0,0.6098820555343111,0.6094541079903607,0.7577668094901178,False,19,0.002
sampled_npg_logbarrier_fixed,adverse,128,91075,True,0,0.6231593072954162,0.6561482636243448,0.7544887572738326,False,22,0.0
sampled_npg_logbarrier_fixed,adverse,128,91076,True,0,0.6423166257923163,0.6725979449494864,0.7726959387583054,False,23,0.0
sampled_npg_logbarrier_fixed,adverse,128,91077,True,0,0.6134578155240732,0.5979984155356647,0.7739070368412806,False,22,0.0
sampled_npg_logbarrier_fixed,adverse,128,91078,True,0,0.6227560014579543,0.6457313287140295,0.7606341760456137,False,23,0.0
sampled_npg_logbarrier_fixed,adverse,128,91079,True,0,0.6285052977111144,0.6325438980847471,0.7772748533675959,False,23,0.0
sampled_npg_logbarrier_fixed,adverse,128,91080,True,0,0.5866315169317259,0.5447343276555154,0.7595190848747302,False,23,0.0
sampled_npg_logbarrier_fixed,adverse,128,91081,True,0,0.6144352561067041,0.619047631521164,0.7550396267697699,False,22,0.0
sampled_npg_logbarrier_fixed,adverse,128,91082,True,0,0.6060004520178887,0.6238762678021122,0.7425897440892304,False,21,0.0
sampled_npg_logbarrier_fixed,adverse,128,91083,True,0,0.6514970644124103,0.6875825959607303,0.7845987304570261,False,22,0.0
sampled_npg_logbarrier_fixed,adverse,128,91084,True,0,0.6264746613619497,0.6399814415624601,0.7733429271412526,False,22,0.0
sampled_npg_logbarrier_fixed,adverse,128,91085,True,0,0.6339691206052803,0.6426552253682694,0.7764758182118211,False,21,0.002
sampled_npg_logbarrier_fixed,adverse,128,91086,True,0,0.6217995939725036,0.6196548849181969,0.7726898153477257,False,23,0.0
sampled_npg_logbarrier_fixed,adverse,128,91087,True,0,0.6166673933487503,0.6105497964449742,0.7685018852426179,False,22,0.0
sampled_npg_logbarrier_fixed,adverse,128,91088,True,0,0.634776260304653,0.66611899045831,0.764406093992565,False,24,0.0
sampled_npg_logbarrier_fixed,adverse,128,91089,True,0,0.6010506685765473,0.614027005998923,0.741610451007519,False,20,0.002
sampled_npg_logbarrier_fixed,adverse,128,91090,True,0,0.620179075461304,0.6308040556826028,0.7648182744112886,False,23,0.0
sampled_npg_logbarrier_fixed,adverse,128,91091,True,0,0.6249220847746593,0.6296119697642012,0.7755030142135497,False,20,0.002
sampled_npg_logbarrier_fixed,adverse,128,91092,True,0,0.6322623184010968,0.6360181403534221,0.7793568445564982,False,19,0.002
sampled_npg_logbarrier_fixed,adverse,128,91093,True,0,0.6320799689066077,0.6402185441215512,0.773424064459734,False,23,0.0
sampled_npg_logbarrier_fixed,adverse,128,91094,True,0,0.6183030243768193,0.6298772041818343,0.7644252821193326,False,22,0.0
sampled_npg_logbarrier_fixed,adverse,128,91095,True,0,0.5876420339318433,0.5596650207639152,0.7552024497388365,False,23,0.0
sampled_npg_logbarrier_fixed,adverse,128,91096,True,0,0.6131885041317494,0.592483062666781,0.780588350680033,False,23,0.0
sampled_npg_logbarrier_fixed,adverse,128,91097,True,0,0.6431396169616612,0.6700815833283488,0.7806210889477799,False,22,0.0
sampled_npg_logbarrier_fixed,adverse,128,91098,True,0,0.594967755698895,0.5415702537295275,0.779279732152444,False,24,0.0
sampled_npg_logbarrier_fixed,adverse,128,91099,True,0,0.5869227048192853,0.5710753519595027,0.7407663742707352,False,23,0.0
