Device       : cpu

========== GPOMDP LOSS ==========
states shape  = (128, 500, 17)
actions shape = (128, 500, 6)
rewards shape = (128, 500)
returns shape = (128, 500)
mask shape    = (128, 500)
log_probs shape = (128, 500)
valid steps = 64000
objective = -3.729126
loss = 3.729126
========== END GPOMDP DEBUG ==========


========== NPG PRECONDITIONING ==========
Fisher condition number  : 7.674e+03
||nat_g|| / ||g||        : 14.327
========== END NPG DEBUG ==========

/Users/adelella/Documents/Useful/More/pj/vanilla-policy-gradient/vpg/train.py:127: UserWarning: Converting a tensor with requires_grad=True to a scalar may lead to unexpected behavior.
Consider using tensor.detach() first. (Triggered internally at /Users/runner/work/pytorch/pytorch/torch/csrc/autograd/generated/python_variable_methods.cpp:839.)
  return float(torch.cat(grads).norm())
Iteration 0000 | train reward: -112.49 | best: -112.49 | KL: 1.798e-03 | std: 0.6067 | rollout: 5.827s | update: 0.272s | total: 6.100s | samples/s: 10492
Iteration 0001 | train reward: -98.64 | best: -98.64 | KL: 1.694e-03 | std: 0.6061 | rollout: 5.411s | update: 0.147s | total: 5.558s | samples/s: 11515
Iteration 0002 | train reward: -91.84 | best: -91.84 | KL: 1.980e-03 | std: 0.6041 | rollout: 4.860s | update: 0.129s | total: 4.989s | samples/s: 12828
Iteration 0003 | train reward: -93.29 | best: -91.84 | KL: 1.446e-03 | std: 0.6036 | rollout: 5.094s | update: 0.105s | total: 5.198s | samples/s: 12312
Iteration 0004 | train reward: -84.23 | best: -84.23 | KL: 1.740e-03 | std: 0.6022 | rollout: 4.901s | update: 0.115s | total: 5.015s | samples/s: 12761
Iteration 0005 | train reward: -75.43 | best: -75.43 | KL: 1.762e-03 | std: 0.6014 | rollout: 5.005s | update: 0.127s | total: 5.133s | samples/s: 12469
Iteration 0006 | train reward: -62.16 | best: -62.16 | KL: 1.297e-03 | std: 0.6010 | rollout: 4.908s | update: 0.123s | total: 5.031s | samples/s: 12721
Iteration 0007 | train reward: -55.15 | best: -55.15 | KL: 1.928e-03 | std: 0.5991 | rollout: 4.987s | update: 0.127s | total: 5.114s | samples/s: 12514
Iteration 0008 | train reward: -48.87 | best: -48.87 | KL: 1.537e-03 | std: 0.5988 | rollout: 4.950s | update: 0.187s | total: 5.137s | samples/s: 12459
Iteration 0009 | train reward: -42.82 | best: -42.82 | KL: 1.661e-03 | std: 0.5965 | rollout: 4.900s | update: 0.159s | total: 5.059s | samples/s: 12650
Iteration 0010 | train reward: -39.96 | best: -39.96 | KL: 1.793e-03 | std: 0.5956 | rollout: 4.959s | update: 0.155s | total: 5.114s | samples/s: 12515
Iteration 0011 | train reward: -25.66 | best: -25.66 | KL: 1.639e-03 | std: 0.5938 | rollout: 4.757s | update: 0.175s | total: 4.932s | samples/s: 12977
Iteration 0012 | train reward: -26.60 | best: -25.66 | KL: 1.790e-03 | std: 0.5936 | rollout: 4.759s | update: 0.131s | total: 4.890s | samples/s: 13088
Iteration 0013 | train reward: -17.53 | best: -17.53 | KL: 1.659e-03 | std: 0.5930 | rollout: 4.771s | update: 0.186s | total: 4.957s | samples/s: 12911
Iteration 0014 | train reward: -0.73 | best: -0.73 | KL: 1.826e-03 | std: 0.5913 | rollout: 4.430s | update: 0.279s | total: 4.709s | samples/s: 13592
Iteration 0015 | train reward: -0.48 | best: -0.48 | KL: 2.850e-03 | std: 0.5893 | rollout: 5.250s | update: 0.221s | total: 5.471s | samples/s: 11698
Iteration 0016 | train reward: -4.49 | best: -0.48 | KL: 3.004e-03 | std: 0.5880 | rollout: 5.108s | update: 0.191s | total: 5.299s | samples/s: 12078
Iteration 0017 | train reward: 10.87 | best: 10.87 | KL: 2.980e-03 | std: 0.5865 | rollout: 5.537s | update: 0.213s | total: 5.750s | samples/s: 11130
Iteration 0018 | train reward: 24.82 | best: 24.82 | KL: 3.235e-03 | std: 0.5852 | rollout: 4.993s | update: 0.181s | total: 5.175s | samples/s: 12368
Iteration 0019 | train reward: 25.64 | best: 25.64 | KL: 3.010e-03 | std: 0.5832 | rollout: 5.158s | update: 0.133s | total: 5.291s | samples/s: 12096
Iteration 0020 | train reward: 33.93 | best: 33.93 | KL: 3.605e-03 | std: 0.5815 | rollout: 4.718s | update: 0.124s | total: 4.842s | samples/s: 13218
Iteration 0021 | train reward: 46.42 | best: 46.42 | KL: 4.536e-03 | std: 0.5787 | rollout: 4.837s | update: 0.130s | total: 4.967s | samples/s: 12886
Iteration 0022 | train reward: 38.72 | best: 46.42 | KL: 5.154e-03 | std: 0.5774 | rollout: 4.669s | update: 0.123s | total: 4.792s | samples/s: 13356
Iteration 0023 | train reward: 45.44 | best: 46.42 | KL: 3.983e-03 | std: 0.5755 | rollout: 4.922s | update: 0.139s | total: 5.061s | samples/s: 12647
Iteration 0024 | train reward: 59.30 | best: 59.30 | KL: 4.552e-03 | std: 0.5749 | rollout: 4.984s | update: 0.126s | total: 5.110s | samples/s: 12524
Iteration 0025 | train reward: 58.75 | best: 59.30 | KL: 5.665e-03 | std: 0.5735 | rollout: 4.839s | update: 0.147s | total: 4.985s | samples/s: 12838
Iteration 0026 | train reward: 76.38 | best: 76.38 | KL: 5.720e-03 | std: 0.5728 | rollout: 4.835s | update: 0.127s | total: 4.962s | samples/s: 12897
Iteration 0027 | train reward: 84.93 | best: 84.93 | KL: 5.576e-03 | std: 0.5709 | rollout: 4.859s | update: 0.132s | total: 4.991s | samples/s: 12822
Iteration 0028 | train reward: 79.31 | best: 84.93 | KL: 5.233e-03 | std: 0.5709 | rollout: 4.805s | update: 0.130s | total: 4.934s | samples/s: 12970
Iteration 0029 | train reward: 76.89 | best: 84.93 | KL: 7.575e-03 | std: 0.5703 | rollout: 5.022s | update: 0.133s | total: 5.155s | samples/s: 12415
Iteration 0030 | train reward: 101.66 | best: 101.66 | KL: 7.344e-03 | std: 0.5677 | rollout: 4.900s | update: 0.152s | total: 5.052s | samples/s: 12668
Iteration 0031 | train reward: 114.04 | best: 114.04 | KL: 5.309e-03 | std: 0.5671 | rollout: 4.766s | update: 0.148s | total: 4.915s | samples/s: 13023
Iteration 0032 | train reward: 109.22 | best: 114.04 | KL: 5.165e-03 | std: 0.5657 | rollout: 4.807s | update: 0.133s | total: 4.940s | samples/s: 12955
Iteration 0033 | train reward: 125.15 | best: 125.15 | KL: 1.169e-02 | std: 0.5645 | rollout: 5.247s | update: 0.182s | total: 5.429s | samples/s: 11789
Iteration 0034 | train reward: 148.07 | best: 148.07 | KL: 8.430e-03 | std: 0.5627 | rollout: 4.998s | update: 0.192s | total: 5.190s | samples/s: 12332
Iteration 0035 | train reward: 147.11 | best: 148.07 | KL: 7.532e-03 | std: 0.5619 | rollout: 5.217s | update: 0.139s | total: 5.356s | samples/s: 11949
Iteration 0036 | train reward: 166.81 | best: 166.81 | KL: 1.150e-02 | std: 0.5617 | rollout: 5.290s | update: 0.174s | total: 5.463s | samples/s: 11715
Iteration 0037 | train reward: 189.19 | best: 189.19 | KL: 1.708e-02 | std: 0.5605 | rollout: 5.187s | update: 0.140s | total: 5.327s | samples/s: 12014
Iteration 0038 | train reward: 175.44 | best: 189.19 | KL: 1.136e-02 | std: 0.5593 | rollout: 4.998s | update: 0.166s | total: 5.164s | samples/s: 12393
Iteration 0039 | train reward: 194.39 | best: 194.39 | KL: 1.282e-02 | std: 0.5554 | rollout: 5.292s | update: 0.218s | total: 5.510s | samples/s: 11616
Iteration 0040 | train reward: 207.83 | best: 207.83 | KL: 1.244e-02 | std: 0.5549 | rollout: 5.686s | update: 0.193s | total: 5.880s | samples/s: 10885
Iteration 0041 | train reward: 212.93 | best: 212.93 | KL: 1.514e-02 | std: 0.5549 | rollout: 5.151s | update: 0.142s | total: 5.293s | samples/s: 12091
Iteration 0042 | train reward: 203.47 | best: 212.93 | KL: 1.589e-02 | std: 0.5545 | rollout: 4.823s | update: 0.145s | total: 4.968s | samples/s: 12883
Iteration 0043 | train reward: 218.81 | best: 218.81 | KL: 1.405e-02 | std: 0.5528 | rollout: 5.347s | update: 0.294s | total: 5.640s | samples/s: 11347
Iteration 0044 | train reward: 233.97 | best: 233.97 | KL: 1.651e-02 | std: 0.5522 | rollout: 5.188s | update: 0.188s | total: 5.375s | samples/s: 11906
Iteration 0045 | train reward: 241.59 | best: 241.59 | KL: 1.893e-02 | std: 0.5513 | rollout: 5.122s | update: 0.206s | total: 5.329s | samples/s: 12010
Iteration 0046 | train reward: 273.12 | best: 273.12 | KL: 2.150e-02 | std: 0.5513 | rollout: 5.132s | update: 0.291s | total: 5.423s | samples/s: 11801
Iteration 0047 | train reward: 275.05 | best: 275.05 | KL: 2.286e-02 | std: 0.5469 | rollout: 4.922s | update: 0.177s | total: 5.099s | samples/s: 12553
Iteration 0048 | train reward: 284.84 | best: 284.84 | KL: 2.128e-02 | std: 0.5468 | rollout: 5.200s | update: 0.190s | total: 5.390s | samples/s: 11874
Iteration 0049 | train reward: 287.67 | best: 287.67 | KL: 2.753e-02 | std: 0.5443 | rollout: 5.026s | update: 0.227s | total: 5.252s | samples/s: 12185
Iteration 0050 | train reward: 296.50 | best: 296.50 | KL: 2.761e-02 | std: 0.5423 | rollout: 4.920s | update: 0.145s | total: 5.065s | samples/s: 12636
Iteration 0051 | train reward: 302.48 | best: 302.48 | KL: 2.626e-02 | std: 0.5372 | rollout: 4.915s | update: 0.233s | total: 5.148s | samples/s: 12433
Iteration 0052 | train reward: 316.82 | best: 316.82 | KL: 1.780e-02 | std: 0.5373 | rollout: 4.726s | update: 0.194s | total: 4.920s | samples/s: 13008
Iteration 0053 | train reward: 354.09 | best: 354.09 | KL: 2.129e-02 | std: 0.5332 | rollout: 4.978s | update: 0.185s | total: 5.163s | samples/s: 12395
Iteration 0054 | train reward: 354.50 | best: 354.50 | KL: 2.934e-02 | std: 0.5339 | rollout: 4.963s | update: 0.160s | total: 5.123s | samples/s: 12493
Iteration 0055 | train reward: 352.43 | best: 354.50 | KL: 8.967e-02 | std: 0.5304 | rollout: 4.902s | update: 0.146s | total: 5.048s | samples/s: 12679
Iteration 0056 | train reward: 319.51 | best: 354.50 | KL: 3.240e-02 | std: 0.5261 | rollout: 4.797s | update: 0.162s | total: 4.959s | samples/s: 12905
Iteration 0057 | train reward: 361.10 | best: 361.10 | KL: 4.525e-02 | std: 0.5241 | rollout: 4.848s | update: 0.159s | total: 5.007s | samples/s: 12782
Iteration 0058 | train reward: 352.93 | best: 361.10 | KL: 3.783e-02 | std: 0.5260 | rollout: 5.187s | update: 0.170s | total: 5.357s | samples/s: 11947
Iteration 0059 | train reward: 366.57 | best: 366.57 | KL: 5.742e-02 | std: 0.5181 | rollout: 5.335s | update: 0.241s | total: 5.577s | samples/s: 11477
Iteration 0060 | train reward: 358.44 | best: 366.57 | KL: 8.529e-02 | std: 0.5138 | rollout: 5.130s | update: 0.144s | total: 5.274s | samples/s: 12134
Iteration 0061 | train reward: 337.98 | best: 366.57 | KL: 3.652e-02 | std: 0.5106 | rollout: 5.073s | update: 0.171s | total: 5.245s | samples/s: 12203
Iteration 0062 | train reward: 373.73 | best: 373.73 | KL: 2.846e-02 | std: 0.5103 | rollout: 4.972s | update: 0.170s | total: 5.143s | samples/s: 12445
Iteration 0063 | train reward: 383.55 | best: 383.55 | KL: 4.345e-02 | std: 0.5078 | rollout: 4.851s | update: 0.164s | total: 5.015s | samples/s: 12761
Iteration 0064 | train reward: 377.46 | best: 383.55 | KL: 3.182e-02 | std: 0.5086 | rollout: 4.825s | update: 0.168s | total: 4.993s | samples/s: 12818
Iteration 0065 | train reward: 423.94 | best: 423.94 | KL: 5.071e-02 | std: 0.5054 | rollout: 5.030s | update: 0.198s | total: 5.228s | samples/s: 12242
Iteration 0066 | train reward: 471.32 | best: 471.32 | KL: 5.463e-02 | std: 0.5000 | rollout: 5.157s | update: 0.221s | total: 5.379s | samples/s: 11899
Iteration 0067 | train reward: 489.40 | best: 489.40 | KL: 6.267e-02 | std: 0.4972 | rollout: 4.935s | update: 0.187s | total: 5.122s | samples/s: 12494
Iteration 0068 | train reward: 468.29 | best: 489.40 | KL: 4.526e-02 | std: 0.4981 | rollout: 4.740s | update: 0.169s | total: 4.909s | samples/s: 13038
Iteration 0069 | train reward: 492.18 | best: 492.18 | KL: 7.684e-02 | std: 0.4946 | rollout: 4.882s | update: 0.174s | total: 5.056s | samples/s: 12659
Iteration 0070 | train reward: 464.91 | best: 492.18 | KL: 5.683e-02 | std: 0.4941 | rollout: 4.837s | update: 0.181s | total: 5.018s | samples/s: 12754
Iteration 0071 | train reward: 527.10 | best: 527.10 | KL: 5.789e-02 | std: 0.4948 | rollout: 4.947s | update: 0.156s | total: 5.104s | samples/s: 12540
Iteration 0072 | train reward: 524.29 | best: 527.10 | KL: 5.612e-02 | std: 0.4948 | rollout: 4.948s | update: 0.277s | total: 5.225s | samples/s: 12249
Iteration 0073 | train reward: 543.48 | best: 543.48 | KL: 9.456e-02 | std: 0.4924 | rollout: 4.729s | update: 0.148s | total: 4.877s | samples/s: 13123
Iteration 0074 | train reward: 496.87 | best: 543.48 | KL: 7.644e-02 | std: 0.4896 | rollout: 4.926s | update: 0.192s | total: 5.118s | samples/s: 12505
Iteration 0075 | train reward: 426.00 | best: 543.48 | KL: 1.266e-01 | std: 0.4878 | rollout: 4.652s | update: 0.155s | total: 4.807s | samples/s: 13314
Iteration 0076 | train reward: 506.78 | best: 543.48 | KL: 6.803e-02 | std: 0.4820 | rollout: 4.642s | update: 0.169s | total: 4.811s | samples/s: 13304
Iteration 0077 | train reward: 541.23 | best: 543.48 | KL: 6.985e-02 | std: 0.4766 | rollout: 4.904s | update: 0.195s | total: 5.098s | samples/s: 12553
Iteration 0078 | train reward: 518.83 | best: 543.48 | KL: 8.723e-02 | std: 0.4766 | rollout: 4.982s | update: 0.172s | total: 5.154s | samples/s: 12419
Iteration 0079 | train reward: 595.38 | best: 595.38 | KL: 6.100e-02 | std: 0.4785 | rollout: 4.751s | update: 0.165s | total: 4.916s | samples/s: 13018
Iteration 0080 | train reward: 612.30 | best: 612.30 | KL: 1.291e-01 | std: 0.4766 | rollout: 4.623s | update: 0.146s | total: 4.769s | samples/s: 13420
Iteration 0081 | train reward: 600.89 | best: 612.30 | KL: 6.073e-02 | std: 0.4766 | rollout: 4.958s | update: 0.181s | total: 5.139s | samples/s: 12453
Iteration 0082 | train reward: 591.43 | best: 612.30 | KL: 4.873e-02 | std: 0.4689 | rollout: 4.913s | update: 0.161s | total: 5.074s | samples/s: 12613
Iteration 0083 | train reward: 637.37 | best: 637.37 | KL: 5.827e-02 | std: 0.4652 | rollout: 4.714s | update: 0.160s | total: 4.874s | samples/s: 13130
Iteration 0084 | train reward: 616.28 | best: 637.37 | KL: 7.851e-02 | std: 0.4612 | rollout: 4.775s | update: 0.263s | total: 5.038s | samples/s: 12703
Iteration 0085 | train reward: 681.17 | best: 681.17 | KL: 2.385e-01 | std: 0.4611 | rollout: 4.656s | update: 0.154s | total: 4.810s | samples/s: 13306
Iteration 0086 | train reward: 686.85 | best: 686.85 | KL: 4.612e-02 | std: 0.4609 | rollout: 4.805s | update: 0.141s | total: 4.946s | samples/s: 12939
Iteration 0087 | train reward: 691.01 | best: 691.01 | KL: 3.932e-02 | std: 0.4637 | rollout: 4.822s | update: 0.131s | total: 4.953s | samples/s: 12920
Iteration 0088 | train reward: 694.52 | best: 694.52 | KL: 1.999e-01 | std: 0.4607 | rollout: 4.923s | update: 0.192s | total: 5.116s | samples/s: 12510
Iteration 0089 | train reward: 690.80 | best: 694.52 | KL: 7.839e-02 | std: 0.4560 | rollout: 4.752s | update: 0.129s | total: 4.881s | samples/s: 13113
Iteration 0090 | train reward: 709.93 | best: 709.93 | KL: 8.141e-02 | std: 0.4505 | rollout: 4.778s | update: 0.174s | total: 4.952s | samples/s: 12924
Iteration 0091 | train reward: 713.91 | best: 713.91 | KL: 6.460e-02 | std: 0.4489 | rollout: 4.554s | update: 0.210s | total: 4.764s | samples/s: 13434
Iteration 0092 | train reward: 763.28 | best: 763.28 | KL: 9.360e-02 | std: 0.4523 | rollout: 4.658s | update: 0.215s | total: 4.873s | samples/s: 13134
Iteration 0093 | train reward: 758.13 | best: 763.28 | KL: 1.016e-01 | std: 0.4481 | rollout: 5.080s | update: 0.238s | total: 5.318s | samples/s: 12035
Iteration 0094 | train reward: 760.43 | best: 763.28 | KL: 7.926e-02 | std: 0.4453 | rollout: 5.108s | update: 0.175s | total: 5.283s | samples/s: 12114
Iteration 0095 | train reward: 805.55 | best: 805.55 | KL: 7.982e-02 | std: 0.4455 | rollout: 4.980s | update: 0.168s | total: 5.148s | samples/s: 12432
Iteration 0096 | train reward: 813.52 | best: 813.52 | KL: 1.119e-01 | std: 0.4495 | rollout: 4.981s | update: 0.154s | total: 5.135s | samples/s: 12464
Iteration 0097 | train reward: 850.06 | best: 850.06 | KL: 1.265e-01 | std: 0.4495 | rollout: 5.157s | update: 0.159s | total: 5.316s | samples/s: 12039
Iteration 0098 | train reward: 899.04 | best: 899.04 | KL: 7.239e-02 | std: 0.4548 | rollout: 4.921s | update: 0.158s | total: 5.079s | samples/s: 12600
Iteration 0099 | train reward: 899.67 | best: 899.67 | KL: 1.086e-01 | std: 0.4515 | rollout: 5.131s | update: 0.175s | total: 5.306s | samples/s: 12061
Iteration 0100 | train reward: 879.22 | best: 899.67 | KL: 1.288e-01 | std: 0.4515 | rollout: 4.783s | update: 0.154s | total: 4.937s | samples/s: 12963
Iteration 0101 | train reward: 820.25 | best: 899.67 | KL: 2.085e-01 | std: 0.4505 | rollout: 4.966s | update: 0.152s | total: 5.118s | samples/s: 12506
Iteration 0102 | train reward: 836.01 | best: 899.67 | KL: 1.710e-01 | std: 0.4455 | rollout: 4.900s | update: 0.153s | total: 5.053s | samples/s: 12665
Iteration 0103 | train reward: 846.98 | best: 899.67 | KL: 1.136e-01 | std: 0.4505 | rollout: 4.951s | update: 0.138s | total: 5.089s | samples/s: 12577
Iteration 0104 | train reward: 870.71 | best: 899.67 | KL: 9.708e-02 | std: 0.4507 | rollout: 4.833s | update: 0.223s | total: 5.057s | samples/s: 12656
Iteration 0105 | train reward: 852.68 | best: 899.67 | KL: 1.071e-01 | std: 0.4437 | rollout: 5.005s | update: 0.245s | total: 5.250s | samples/s: 12190
Iteration 0106 | train reward: 882.37 | best: 899.67 | KL: 9.027e-02 | std: 0.4391 | rollout: 4.923s | update: 0.210s | total: 5.133s | samples/s: 12468
Iteration 0107 | train reward: 903.52 | best: 903.52 | KL: 1.192e-01 | std: 0.4322 | rollout: 4.697s | update: 0.198s | total: 4.895s | samples/s: 13075
Iteration 0108 | train reward: 963.12 | best: 963.12 | KL: 1.500e-01 | std: 0.4243 | rollout: 5.037s | update: 0.345s | total: 5.382s | samples/s: 11891
Iteration 0109 | train reward: 895.58 | best: 963.12 | KL: 1.025e-01 | std: 0.4193 | rollout: 4.879s | update: 0.222s | total: 5.101s | samples/s: 12547
Iteration 0110 | train reward: 958.04 | best: 963.12 | KL: 2.562e-01 | std: 0.4201 | rollout: 4.761s | update: 0.282s | total: 5.042s | samples/s: 12692
Iteration 0111 | train reward: 949.14 | best: 963.12 | KL: 1.497e-01 | std: 0.4143 | rollout: 4.582s | update: 0.228s | total: 4.810s | samples/s: 13306
Iteration 0112 | train reward: 1025.45 | best: 1025.45 | KL: 2.546e-01 | std: 0.4169 | rollout: 4.845s | update: 0.319s | total: 5.164s | samples/s: 12394
Iteration 0113 | train reward: 1047.97 | best: 1047.97 | KL: 2.164e-01 | std: 0.4117 | rollout: 4.976s | update: 0.245s | total: 5.221s | samples/s: 12259
Iteration 0114 | train reward: 1093.99 | best: 1093.99 | KL: 1.409e+00 | std: 0.4114 | rollout: 4.946s | update: 0.209s | total: 5.155s | samples/s: 12415
Iteration 0115 | train reward: 591.12 | best: 1093.99 | KL: 1.082e-01 | std: 0.4073 | rollout: 4.644s | update: 0.298s | total: 4.943s | samples/s: 12948
Iteration 0116 | train reward: 639.85 | best: 1093.99 | KL: 1.142e-01 | std: 0.4034 | rollout: 4.795s | update: 0.260s | total: 5.054s | samples/s: 12662
Iteration 0117 | train reward: 675.91 | best: 1093.99 | KL: 1.202e-01 | std: 0.3970 | rollout: 5.186s | update: 0.186s | total: 5.373s | samples/s: 11912
Iteration 0118 | train reward: 813.20 | best: 1093.99 | KL: 1.184e-01 | std: 0.3982 | rollout: 5.278s | update: 0.141s | total: 5.419s | samples/s: 11811
Iteration 0119 | train reward: 816.25 | best: 1093.99 | KL: 1.173e-01 | std: 0.3959 | rollout: 4.772s | update: 0.150s | total: 4.922s | samples/s: 13002
Iteration 0120 | train reward: 915.83 | best: 1093.99 | KL: 9.758e-02 | std: 0.3958 | rollout: 4.826s | update: 0.169s | total: 4.995s | samples/s: 12814
Iteration 0121 | train reward: 838.72 | best: 1093.99 | KL: 1.732e-01 | std: 0.3929 | rollout: 4.763s | update: 0.279s | total: 5.042s | samples/s: 12694
Iteration 0122 | train reward: 915.59 | best: 1093.99 | KL: 1.552e-01 | std: 0.3921 | rollout: 4.805s | update: 0.148s | total: 4.954s | samples/s: 12920
Iteration 0123 | train reward: 925.35 | best: 1093.99 | KL: 1.314e-01 | std: 0.3863 | rollout: 4.610s | update: 0.207s | total: 4.817s | samples/s: 13286
Iteration 0124 | train reward: 996.75 | best: 1093.99 | KL: 3.128e-01 | std: 0.3877 | rollout: 4.784s | update: 0.294s | total: 5.078s | samples/s: 12604
Iteration 0125 | train reward: 904.83 | best: 1093.99 | KL: 4.314e-01 | std: 0.3837 | rollout: 5.144s | update: 0.148s | total: 5.291s | samples/s: 12096
Iteration 0126 | train reward: 1090.72 | best: 1093.99 | KL: 1.502e-01 | std: 0.3819 | rollout: 5.166s | update: 0.158s | total: 5.324s | samples/s: 12021
Iteration 0127 | train reward: 1001.93 | best: 1093.99 | KL: 3.321e-01 | std: 0.3819 | rollout: 4.985s | update: 0.144s | total: 5.129s | samples/s: 12478
Iteration 0128 | train reward: 997.09 | best: 1093.99 | KL: 3.098e-01 | std: 0.3779 | rollout: 4.539s | update: 0.168s | total: 4.707s | samples/s: 13596
Iteration 0129 | train reward: 989.53 | best: 1093.99 | KL: 2.087e-01 | std: 0.3791 | rollout: 4.752s | update: 0.148s | total: 4.900s | samples/s: 13060
Iteration 0130 | train reward: 1052.22 | best: 1093.99 | KL: 7.388e-01 | std: 0.3764 | rollout: 4.717s | update: 0.150s | total: 4.867s | samples/s: 13149
Iteration 0131 | train reward: 975.76 | best: 1093.99 | KL: 1.654e-01 | std: 0.3827 | rollout: 4.838s | update: 0.149s | total: 4.987s | samples/s: 12833
Iteration 0132 | train reward: 971.74 | best: 1093.99 | KL: 2.295e-01 | std: 0.3811 | rollout: 4.808s | update: 0.232s | total: 5.040s | samples/s: 12698
Iteration 0133 | train reward: 1094.66 | best: 1094.66 | KL: 1.700e-01 | std: 0.3805 | rollout: 4.961s | update: 0.163s | total: 5.124s | samples/s: 12490
Iteration 0134 | train reward: 1084.06 | best: 1094.66 | KL: 1.488e-01 | std: 0.3813 | rollout: 4.958s | update: 0.158s | total: 5.115s | samples/s: 12512
Iteration 0135 | train reward: 1001.97 | best: 1094.66 | KL: 1.376e-01 | std: 0.3753 | rollout: 4.950s | update: 0.134s | total: 5.084s | samples/s: 12588
Iteration 0136 | train reward: 1039.85 | best: 1094.66 | KL: 1.682e-01 | std: 0.3736 | rollout: 4.829s | update: 0.206s | total: 5.035s | samples/s: 12711
Iteration 0137 | train reward: 1025.77 | best: 1094.66 | KL: 5.554e-01 | std: 0.3764 | rollout: 4.728s | update: 0.141s | total: 4.869s | samples/s: 13145
Iteration 0138 | train reward: 1130.22 | best: 1130.22 | KL: 1.719e-01 | std: 0.3759 | rollout: 4.724s | update: 0.145s | total: 4.869s | samples/s: 13145
Iteration 0139 | train reward: 1076.88 | best: 1130.22 | KL: 1.979e-01 | std: 0.3735 | rollout: 4.812s | update: 0.162s | total: 4.973s | samples/s: 12869
Iteration 0140 | train reward: 1122.34 | best: 1130.22 | KL: 2.249e-01 | std: 0.3773 | rollout: 4.804s | update: 0.269s | total: 5.073s | samples/s: 12616
Iteration 0141 | train reward: 1171.57 | best: 1171.57 | KL: 2.826e-01 | std: 0.3767 | rollout: 4.731s | update: 0.155s | total: 4.886s | samples/s: 13098
Iteration 0142 | train reward: 1211.21 | best: 1211.21 | KL: 2.343e-01 | std: 0.3749 | rollout: 5.123s | update: 0.273s | total: 5.397s | samples/s: 11859
Iteration 0143 | train reward: 1241.54 | best: 1241.54 | KL: 1.902e-01 | std: 0.3722 | rollout: 4.841s | update: 0.249s | total: 5.090s | samples/s: 12573
Iteration 0144 | train reward: 1231.03 | best: 1241.54 | KL: 3.378e-01 | std: 0.3738 | rollout: 4.907s | update: 0.205s | total: 5.113s | samples/s: 12518
Iteration 0145 | train reward: 1110.94 | best: 1241.54 | KL: 4.036e-01 | std: 0.3831 | rollout: 4.922s | update: 0.163s | total: 5.085s | samples/s: 12585
Iteration 0146 | train reward: 1175.06 | best: 1241.54 | KL: 2.701e-01 | std: 0.3812 | rollout: 4.850s | update: 0.190s | total: 5.040s | samples/s: 12697
Iteration 0147 | train reward: 1122.34 | best: 1241.54 | KL: 3.100e-01 | std: 0.3785 | rollout: 4.940s | update: 0.222s | total: 5.163s | samples/s: 12397
Iteration 0148 | train reward: 1185.97 | best: 1241.54 | KL: 2.136e-01 | std: 0.3747 | rollout: 4.338s | update: 0.191s | total: 4.529s | samples/s: 14132
Iteration 0149 | train reward: 1230.71 | best: 1241.54 | KL: 2.710e-01 | std: 0.3712 | rollout: 4.760s | update: 0.144s | total: 4.904s | samples/s: 13050
Iteration 0150 | train reward: 1134.76 | best: 1241.54 | KL: 2.990e-01 | std: 0.3683 | rollout: 4.802s | update: 0.167s | total: 4.969s | samples/s: 12880
Iteration 0151 | train reward: 1287.81 | best: 1287.81 | KL: 3.614e-01 | std: 0.3674 | rollout: 4.783s | update: 0.172s | total: 4.955s | samples/s: 12915
Iteration 0152 | train reward: 1279.21 | best: 1287.81 | KL: 3.338e-01 | std: 0.3611 | rollout: 5.331s | update: 0.152s | total: 5.483s | samples/s: 11672
Iteration 0153 | train reward: 1263.52 | best: 1287.81 | KL: 2.292e-01 | std: 0.3532 | rollout: 4.788s | update: 0.149s | total: 4.937s | samples/s: 12963
Iteration 0154 | train reward: 1242.45 | best: 1287.81 | KL: 3.630e-01 | std: 0.3525 | rollout: 4.788s | update: 0.146s | total: 4.934s | samples/s: 12970
Iteration 0155 | train reward: 1287.52 | best: 1287.81 | KL: 2.328e-01 | std: 0.3567 | rollout: 4.838s | update: 0.219s | total: 5.057s | samples/s: 12655
Iteration 0156 | train reward: 1276.52 | best: 1287.81 | KL: 4.056e-01 | std: 0.3479 | rollout: 4.834s | update: 0.189s | total: 5.023s | samples/s: 12741
Iteration 0157 | train reward: 1248.60 | best: 1287.81 | KL: 1.430e-01 | std: 0.3437 | rollout: 5.468s | update: 0.203s | total: 5.671s | samples/s: 11286
Iteration 0158 | train reward: 1253.55 | best: 1287.81 | KL: 2.639e-01 | std: 0.3409 | rollout: 6.022s | update: 0.174s | total: 6.196s | samples/s: 10330
Iteration 0159 | train reward: 1309.59 | best: 1309.59 | KL: 1.540e-01 | std: 0.3424 | rollout: 5.582s | update: 0.141s | total: 5.723s | samples/s: 11182
Iteration 0160 | train reward: 1338.46 | best: 1338.46 | KL: 2.016e-01 | std: 0.3357 | rollout: 4.665s | update: 0.197s | total: 4.862s | samples/s: 13162
Iteration 0161 | train reward: 1363.13 | best: 1363.13 | KL: 3.813e-01 | std: 0.3320 | rollout: 4.821s | update: 0.203s | total: 5.024s | samples/s: 12739
Iteration 0162 | train reward: 1294.20 | best: 1363.13 | KL: 1.883e-01 | std: 0.3321 | rollout: 4.979s | update: 0.186s | total: 5.164s | samples/s: 12393
Iteration 0163 | train reward: 1244.66 | best: 1363.13 | KL: 1.471e-01 | std: 0.3279 | rollout: 4.659s | update: 0.144s | total: 4.803s | samples/s: 13326
Iteration 0164 | train reward: 1322.10 | best: 1363.13 | KL: 1.758e-01 | std: 0.3320 | rollout: 4.733s | update: 0.139s | total: 4.872s | samples/s: 13137
Iteration 0165 | train reward: 1313.98 | best: 1363.13 | KL: 1.701e-01 | std: 0.3359 | rollout: 4.957s | update: 0.202s | total: 5.158s | samples/s: 12407
Iteration 0166 | train reward: 1349.69 | best: 1363.13 | KL: 1.905e-01 | std: 0.3372 | rollout: 4.787s | update: 0.167s | total: 4.955s | samples/s: 12917
Iteration 0167 | train reward: 1336.61 | best: 1363.13 | KL: 2.559e-01 | std: 0.3295 | rollout: 4.657s | update: 0.164s | total: 4.820s | samples/s: 13277
Iteration 0168 | train reward: 1331.86 | best: 1363.13 | KL: 1.752e-01 | std: 0.3258 | rollout: 4.781s | update: 0.190s | total: 4.971s | samples/s: 12874
Iteration 0169 | train reward: 1332.38 | best: 1363.13 | KL: 1.951e-01 | std: 0.3258 | rollout: 4.795s | update: 0.252s | total: 5.047s | samples/s: 12682
Iteration 0170 | train reward: 1394.73 | best: 1394.73 | KL: 1.827e-01 | std: 0.3228 | rollout: 4.741s | update: 0.224s | total: 4.964s | samples/s: 12892
Iteration 0171 | train reward: 1337.82 | best: 1394.73 | KL: 2.973e-01 | std: 0.3241 | rollout: 4.762s | update: 0.155s | total: 4.917s | samples/s: 13016
Iteration 0172 | train reward: 1290.12 | best: 1394.73 | KL: 2.700e-01 | std: 0.3229 | rollout: 4.795s | update: 0.206s | total: 5.002s | samples/s: 12796
Iteration 0173 | train reward: 1311.03 | best: 1394.73 | KL: 2.146e-01 | std: 0.3253 | rollout: 4.799s | update: 0.178s | total: 4.976s | samples/s: 12861
Iteration 0174 | train reward: 1236.27 | best: 1394.73 | KL: 2.833e-01 | std: 0.3200 | rollout: 4.770s | update: 0.149s | total: 4.919s | samples/s: 13011
Iteration 0175 | train reward: 1267.65 | best: 1394.73 | KL: 2.796e-01 | std: 0.3193 | rollout: 4.713s | update: 0.208s | total: 4.921s | samples/s: 13005
Iteration 0176 | train reward: 1362.39 | best: 1394.73 | KL: 2.563e-01 | std: 0.3151 | rollout: 4.768s | update: 0.202s | total: 4.970s | samples/s: 12877
Iteration 0177 | train reward: 1312.38 | best: 1394.73 | KL: 3.838e-01 | std: 0.3135 | rollout: 5.315s | update: 0.203s | total: 5.518s | samples/s: 11598
Iteration 0178 | train reward: 1293.24 | best: 1394.73 | KL: 3.247e-01 | std: 0.3154 | rollout: 5.050s | update: 0.152s | total: 5.202s | samples/s: 12303
Iteration 0179 | train reward: 1292.59 | best: 1394.73 | KL: 2.997e-01 | std: 0.3200 | rollout: 4.823s | update: 0.323s | total: 5.146s | samples/s: 12438
Iteration 0180 | train reward: 1301.75 | best: 1394.73 | KL: 2.240e-01 | std: 0.3233 | rollout: 4.866s | update: 0.150s | total: 5.016s | samples/s: 12758
Iteration 0181 | train reward: 1299.12 | best: 1394.73 | KL: 2.747e-01 | std: 0.3317 | rollout: 4.744s | update: 0.152s | total: 4.897s | samples/s: 13070
Iteration 0182 | train reward: 1331.73 | best: 1394.73 | KL: 2.391e-01 | std: 0.3307 | rollout: 4.560s | update: 0.164s | total: 4.725s | samples/s: 13546
Iteration 0183 | train reward: 1341.16 | best: 1394.73 | KL: 7.381e-01 | std: 0.3304 | rollout: 4.778s | update: 0.241s | total: 5.019s | samples/s: 12752
Iteration 0184 | train reward: 1358.39 | best: 1394.73 | KL: 2.215e-01 | std: 0.3306 | rollout: 4.670s | update: 0.224s | total: 4.894s | samples/s: 13078
Iteration 0185 | train reward: 1344.32 | best: 1394.73 | KL: 2.328e-01 | std: 0.3323 | rollout: 4.846s | update: 0.210s | total: 5.056s | samples/s: 12658
Iteration 0186 | train reward: 1360.94 | best: 1394.73 | KL: 2.836e-01 | std: 0.3347 | rollout: 4.721s | update: 0.231s | total: 4.952s | samples/s: 12925
Iteration 0187 | train reward: 1341.08 | best: 1394.73 | KL: 1.465e-01 | std: 0.3308 | rollout: 4.709s | update: 0.174s | total: 4.883s | samples/s: 13106
Iteration 0188 | train reward: 1328.48 | best: 1394.73 | KL: 1.809e-01 | std: 0.3347 | rollout: 4.813s | update: 0.216s | total: 5.029s | samples/s: 12727
Iteration 0189 | train reward: 1333.25 | best: 1394.73 | KL: 1.918e-01 | std: 0.3278 | rollout: 4.936s | update: 0.153s | total: 5.089s | samples/s: 12576
Iteration 0190 | train reward: 1313.32 | best: 1394.73 | KL: 1.578e-01 | std: 0.3230 | rollout: 4.606s | update: 0.153s | total: 4.759s | samples/s: 13449
Iteration 0191 | train reward: 1341.90 | best: 1394.73 | KL: 2.544e-01 | std: 0.3203 | rollout: 4.633s | update: 0.155s | total: 4.788s | samples/s: 13367
Iteration 0192 | train reward: 1328.34 | best: 1394.73 | KL: 1.978e-01 | std: 0.3206 | rollout: 4.704s | update: 0.147s | total: 4.851s | samples/s: 13193
Iteration 0193 | train reward: 1259.43 | best: 1394.73 | KL: 3.427e-01 | std: 0.3189 | rollout: 4.711s | update: 0.159s | total: 4.871s | samples/s: 13140
Iteration 0194 | train reward: 1344.78 | best: 1394.73 | KL: 2.102e-01 | std: 0.3167 | rollout: 4.673s | update: 0.162s | total: 4.836s | samples/s: 13235
Iteration 0195 | train reward: 1384.93 | best: 1394.73 | KL: 1.921e-01 | std: 0.3151 | rollout: 4.744s | update: 0.164s | total: 4.908s | samples/s: 13040
Iteration 0196 | train reward: 1386.19 | best: 1394.73 | KL: 2.211e-01 | std: 0.3174 | rollout: 4.861s | update: 0.159s | total: 5.019s | samples/s: 12750
Iteration 0197 | train reward: 1395.55 | best: 1395.55 | KL: 1.207e-01 | std: 0.3191 | rollout: 4.739s | update: 0.153s | total: 4.892s | samples/s: 13082
Iteration 0198 | train reward: 1378.49 | best: 1395.55 | KL: 1.718e-01 | std: 0.3242 | rollout: 4.839s | update: 0.162s | total: 5.001s | samples/s: 12797
Iteration 0199 | train reward: 1368.42 | best: 1395.55 | KL: 2.016e-01 | std: 0.3200 | rollout: 4.777s | update: 0.175s | total: 4.952s | samples/s: 12924
Iteration 0200 | train reward: 1388.94 | best: 1395.55 | KL: 1.485e-01 | std: 0.3206 | rollout: 4.813s | update: 0.167s | total: 4.980s | samples/s: 12850
Iteration 0201 | train reward: 1364.22 | best: 1395.55 | KL: 1.776e-01 | std: 0.3187 | rollout: 4.760s | update: 0.185s | total: 4.945s | samples/s: 12941
Iteration 0202 | train reward: 1352.64 | best: 1395.55 | KL: 1.365e-01 | std: 0.3200 | rollout: 4.885s | update: 0.166s | total: 5.052s | samples/s: 12669
Iteration 0203 | train reward: 1327.91 | best: 1395.55 | KL: 1.532e-01 | std: 0.3167 | rollout: 4.802s | update: 0.167s | total: 4.970s | samples/s: 12878
Iteration 0204 | train reward: 1372.97 | best: 1395.55 | KL: 1.339e-01 | std: 0.3161 | rollout: 4.712s | update: 0.160s | total: 4.871s | samples/s: 13138
Iteration 0205 | train reward: 1352.92 | best: 1395.55 | KL: 1.244e-01 | std: 0.3164 | rollout: 4.746s | update: 0.138s | total: 4.885s | samples/s: 13102
Iteration 0206 | train reward: 1360.92 | best: 1395.55 | KL: 1.108e-01 | std: 0.3138 | rollout: 4.913s | update: 0.144s | total: 5.057s | samples/s: 12655
Iteration 0207 | train reward: 1371.86 | best: 1395.55 | KL: 1.322e-01 | std: 0.3148 | rollout: 4.863s | update: 0.176s | total: 5.040s | samples/s: 12699
Iteration 0208 | train reward: 1385.60 | best: 1395.55 | KL: 9.058e-02 | std: 0.3148 | rollout: 4.702s | update: 0.147s | total: 4.849s | samples/s: 13200
Iteration 0209 | train reward: 1381.21 | best: 1395.55 | KL: 1.509e-01 | std: 0.3154 | rollout: 4.762s | update: 0.180s | total: 4.941s | samples/s: 12952
Iteration 0210 | train reward: 1405.24 | best: 1405.24 | KL: 1.312e-01 | std: 0.3180 | rollout: 4.761s | update: 0.231s | total: 4.992s | samples/s: 12819
Iteration 0211 | train reward: 1375.56 | best: 1405.24 | KL: 1.284e-01 | std: 0.3163 | rollout: 4.884s | update: 0.137s | total: 5.021s | samples/s: 12747
Iteration 0212 | train reward: 1382.49 | best: 1405.24 | KL: 1.634e-01 | std: 0.3177 | rollout: 4.839s | update: 0.224s | total: 5.063s | samples/s: 12640
Iteration 0213 | train reward: 1351.38 | best: 1405.24 | KL: 2.574e-01 | std: 0.3215 | rollout: 4.923s | update: 0.219s | total: 5.141s | samples/s: 12449
Iteration 0214 | train reward: 1376.41 | best: 1405.24 | KL: 2.613e-01 | std: 0.3154 | rollout: 4.778s | update: 0.155s | total: 4.933s | samples/s: 12975
Iteration 0215 | train reward: 1430.02 | best: 1430.02 | KL: 2.191e-01 | std: 0.3138 | rollout: 4.839s | update: 0.173s | total: 5.012s | samples/s: 12769
Iteration 0216 | train reward: 1395.33 | best: 1430.02 | KL: 1.779e-01 | std: 0.3134 | rollout: 4.755s | update: 0.178s | total: 4.932s | samples/s: 12976
Iteration 0217 | train reward: 1398.62 | best: 1430.02 | KL: 2.024e-01 | std: 0.3083 | rollout: 4.857s | update: 0.167s | total: 5.024s | samples/s: 12740
Iteration 0218 | train reward: 1439.06 | best: 1439.06 | KL: 1.499e-01 | std: 0.3046 | rollout: 4.878s | update: 0.144s | total: 5.023s | samples/s: 12742
Iteration 0219 | train reward: 1418.63 | best: 1439.06 | KL: 2.047e-01 | std: 0.2959 | rollout: 4.689s | update: 0.146s | total: 4.835s | samples/s: 13237
Iteration 0220 | train reward: 1443.57 | best: 1443.57 | KL: 2.784e-01 | std: 0.2907 | rollout: 4.632s | update: 0.154s | total: 4.786s | samples/s: 13373
Iteration 0221 | train reward: 1462.31 | best: 1462.31 | KL: 1.959e-01 | std: 0.2887 | rollout: 4.756s | update: 0.149s | total: 4.904s | samples/s: 13049
Iteration 0222 | train reward: 1532.48 | best: 1532.48 | KL: 2.161e-01 | std: 0.2865 | rollout: 4.669s | update: 0.163s | total: 4.831s | samples/s: 13248
Iteration 0223 | train reward: 1538.89 | best: 1538.89 | KL: 2.607e-01 | std: 0.2894 | rollout: 4.788s | update: 0.186s | total: 4.974s | samples/s: 12866
Iteration 0224 | train reward: 1493.67 | best: 1538.89 | KL: 2.010e-01 | std: 0.2916 | rollout: 4.852s | update: 0.151s | total: 5.003s | samples/s: 12792
Iteration 0225 | train reward: 1532.81 | best: 1538.89 | KL: 2.712e-01 | std: 0.2866 | rollout: 4.869s | update: 0.168s | total: 5.037s | samples/s: 12706
Iteration 0226 | train reward: 1516.95 | best: 1538.89 | KL: 1.719e-01 | std: 0.2881 | rollout: 4.767s | update: 0.209s | total: 4.976s | samples/s: 12861
Iteration 0227 | train reward: 1483.38 | best: 1538.89 | KL: 2.372e-01 | std: 0.2848 | rollout: 4.786s | update: 0.263s | total: 5.049s | samples/s: 12676
Iteration 0228 | train reward: 1475.92 | best: 1538.89 | KL: 1.967e-01 | std: 0.2868 | rollout: 4.811s | update: 0.168s | total: 4.979s | samples/s: 12854
Iteration 0229 | train reward: 1478.14 | best: 1538.89 | KL: 2.144e-01 | std: 0.2826 | rollout: 4.648s | update: 0.332s | total: 4.980s | samples/s: 12852
Iteration 0230 | train reward: 1488.01 | best: 1538.89 | KL: 2.438e-01 | std: 0.2826 | rollout: 5.034s | update: 0.174s | total: 5.208s | samples/s: 12289
Iteration 0231 | train reward: 1432.93 | best: 1538.89 | KL: 2.529e-01 | std: 0.2796 | rollout: 4.845s | update: 0.162s | total: 5.006s | samples/s: 12783
Iteration 0232 | train reward: 1452.31 | best: 1538.89 | KL: 3.760e-01 | std: 0.2770 | rollout: 4.662s | update: 0.153s | total: 4.816s | samples/s: 13290
Iteration 0233 | train reward: 1385.37 | best: 1538.89 | KL: 2.947e-01 | std: 0.2786 | rollout: 4.638s | update: 0.144s | total: 4.781s | samples/s: 13385
Iteration 0234 | train reward: 1414.60 | best: 1538.89 | KL: 2.993e-01 | std: 0.2764 | rollout: 4.741s | update: 0.160s | total: 4.901s | samples/s: 13058
Iteration 0235 | train reward: 1383.55 | best: 1538.89 | KL: 2.907e-01 | std: 0.2822 | rollout: 4.837s | update: 0.147s | total: 4.984s | samples/s: 12841
Iteration 0236 | train reward: 1411.69 | best: 1538.89 | KL: 1.865e-01 | std: 0.2839 | rollout: 4.786s | update: 0.164s | total: 4.950s | samples/s: 12929
Iteration 0237 | train reward: 1447.46 | best: 1538.89 | KL: 2.284e-01 | std: 0.2851 | rollout: 4.923s | update: 0.185s | total: 5.109s | samples/s: 12528
Iteration 0238 | train reward: 1455.56 | best: 1538.89 | KL: 2.127e-01 | std: 0.2890 | rollout: 4.885s | update: 0.235s | total: 5.120s | samples/s: 12501
Iteration 0239 | train reward: 1394.80 | best: 1538.89 | KL: 2.872e-01 | std: 0.2826 | rollout: 4.823s | update: 0.205s | total: 5.028s | samples/s: 12729
Iteration 0240 | train reward: 1474.67 | best: 1538.89 | KL: 2.585e-01 | std: 0.2907 | rollout: 5.010s | update: 0.156s | total: 5.166s | samples/s: 12390
Iteration 0241 | train reward: 1461.58 | best: 1538.89 | KL: 3.247e-01 | std: 0.2904 | rollout: 4.738s | update: 0.170s | total: 4.908s | samples/s: 13040
Iteration 0242 | train reward: 1480.28 | best: 1538.89 | KL: 2.610e-01 | std: 0.2930 | rollout: 4.806s | update: 0.149s | total: 4.955s | samples/s: 12916
Iteration 0243 | train reward: 1409.02 | best: 1538.89 | KL: 2.434e-01 | std: 0.2920 | rollout: 4.670s | update: 0.261s | total: 4.931s | samples/s: 12978
Iteration 0244 | train reward: 1444.72 | best: 1538.89 | KL: 2.628e-01 | std: 0.2982 | rollout: 4.673s | update: 0.197s | total: 4.870s | samples/s: 13142
Iteration 0245 | train reward: 1446.46 | best: 1538.89 | KL: 2.399e-01 | std: 0.3030 | rollout: 4.734s | update: 0.222s | total: 4.956s | samples/s: 12913
Iteration 0246 | train reward: 1411.95 | best: 1538.89 | KL: 3.214e-01 | std: 0.3021 | rollout: 4.681s | update: 0.147s | total: 4.827s | samples/s: 13257
Iteration 0247 | train reward: 1451.81 | best: 1538.89 | KL: 2.192e-01 | std: 0.3009 | rollout: 4.706s | update: 0.161s | total: 4.867s | samples/s: 13150
Iteration 0248 | train reward: 1457.55 | best: 1538.89 | KL: 3.280e-01 | std: 0.2985 | rollout: 4.688s | update: 0.148s | total: 4.836s | samples/s: 13233
Iteration 0249 | train reward: 1500.97 | best: 1538.89 | KL: 2.788e-01 | std: 0.3034 | rollout: 4.877s | update: 0.153s | total: 5.030s | samples/s: 12723
Iteration 0250 | train reward: 1461.15 | best: 1538.89 | KL: 2.464e-01 | std: 0.3011 | rollout: 4.835s | update: 0.154s | total: 4.990s | samples/s: 12826
Iteration 0251 | train reward: 1513.83 | best: 1538.89 | KL: 1.547e-01 | std: 0.3009 | rollout: 4.790s | update: 0.153s | total: 4.942s | samples/s: 12949
Iteration 0252 | train reward: 1482.70 | best: 1538.89 | KL: 2.645e-01 | std: 0.2946 | rollout: 4.851s | update: 0.147s | total: 4.998s | samples/s: 12805
Iteration 0253 | train reward: 1499.70 | best: 1538.89 | KL: 1.838e-01 | std: 0.2982 | rollout: 4.653s | update: 0.160s | total: 4.813s | samples/s: 13298
Iteration 0254 | train reward: 1466.69 | best: 1538.89 | KL: 2.236e-01 | std: 0.2992 | rollout: 4.845s | update: 0.158s | total: 5.002s | samples/s: 12794
Iteration 0255 | train reward: 1477.52 | best: 1538.89 | KL: 2.120e-01 | std: 0.2972 | rollout: 4.688s | update: 0.161s | total: 4.849s | samples/s: 13200
Iteration 0256 | train reward: 1485.06 | best: 1538.89 | KL: 2.954e-01 | std: 0.2992 | rollout: 4.842s | update: 0.155s | total: 4.997s | samples/s: 12808
Iteration 0257 | train reward: 1481.73 | best: 1538.89 | KL: 1.892e-01 | std: 0.2946 | rollout: 4.609s | update: 0.156s | total: 4.765s | samples/s: 13432
Iteration 0258 | train reward: 1450.79 | best: 1538.89 | KL: 2.785e-01 | std: 0.2933 | rollout: 4.739s | update: 0.151s | total: 4.890s | samples/s: 13089
Iteration 0259 | train reward: 1458.81 | best: 1538.89 | KL: 2.032e-01 | std: 0.2891 | rollout: 4.527s | update: 0.150s | total: 4.677s | samples/s: 13684
Iteration 0260 | train reward: 1479.44 | best: 1538.89 | KL: 3.408e-01 | std: 0.2901 | rollout: 4.748s | update: 0.196s | total: 4.944s | samples/s: 12945
Iteration 0261 | train reward: 1481.41 | best: 1538.89 | KL: 2.576e-01 | std: 0.2881 | rollout: 4.825s | update: 0.175s | total: 5.000s | samples/s: 12799
Iteration 0262 | train reward: 1488.83 | best: 1538.89 | KL: 1.980e-01 | std: 0.2877 | rollout: 4.825s | update: 0.287s | total: 5.112s | samples/s: 12519
Iteration 0263 | train reward: 1550.23 | best: 1550.23 | KL: 1.799e-01 | std: 0.2849 | rollout: 4.671s | update: 0.160s | total: 4.831s | samples/s: 13247
Iteration 0264 | train reward: 1527.29 | best: 1550.23 | KL: 2.205e-01 | std: 0.2816 | rollout: 4.686s | update: 0.175s | total: 4.861s | samples/s: 13165
Iteration 0265 | train reward: 1513.00 | best: 1550.23 | KL: 2.250e-01 | std: 0.2864 | rollout: 4.793s | update: 0.215s | total: 5.009s | samples/s: 12777
Iteration 0266 | train reward: 1513.25 | best: 1550.23 | KL: 2.634e-01 | std: 0.2839 | rollout: 4.410s | update: 0.149s | total: 4.559s | samples/s: 14038
Iteration 0267 | train reward: 1485.13 | best: 1550.23 | KL: 2.697e-01 | std: 0.2842 | rollout: 4.790s | update: 0.141s | total: 4.931s | samples/s: 12980
Iteration 0268 | train reward: 1431.98 | best: 1550.23 | KL: 2.023e-01 | std: 0.2855 | rollout: 4.734s | update: 0.221s | total: 4.955s | samples/s: 12917
Iteration 0269 | train reward: 1451.27 | best: 1550.23 | KL: 2.758e-01 | std: 0.2826 | rollout: 4.646s | update: 0.157s | total: 4.802s | samples/s: 13326
Iteration 0270 | train reward: 1492.70 | best: 1550.23 | KL: 2.492e-01 | std: 0.2777 | rollout: 4.629s | update: 0.165s | total: 4.795s | samples/s: 13348
Iteration 0271 | train reward: 1483.79 | best: 1550.23 | KL: 2.502e-01 | std: 0.2773 | rollout: 4.587s | update: 0.154s | total: 4.741s | samples/s: 13499
Iteration 0272 | train reward: 1482.35 | best: 1550.23 | KL: 2.022e-01 | std: 0.2747 | rollout: 4.727s | update: 0.179s | total: 4.906s | samples/s: 13046
Iteration 0273 | train reward: 1459.58 | best: 1550.23 | KL: 2.567e-01 | std: 0.2735 | rollout: 4.621s | update: 0.170s | total: 4.791s | samples/s: 13357
Iteration 0274 | train reward: 1444.26 | best: 1550.23 | KL: 2.013e-01 | std: 0.2709 | rollout: 4.759s | update: 0.145s | total: 4.904s | samples/s: 13050
Iteration 0275 | train reward: 1514.20 | best: 1550.23 | KL: 1.863e-01 | std: 0.2699 | rollout: 4.921s | update: 0.143s | total: 5.064s | samples/s: 12638
Iteration 0276 | train reward: 1469.96 | best: 1550.23 | KL: 1.728e-01 | std: 0.2678 | rollout: 4.997s | update: 0.146s | total: 5.143s | samples/s: 12444
Iteration 0277 | train reward: 1495.08 | best: 1550.23 | KL: 1.832e-01 | std: 0.2670 | rollout: 4.764s | update: 0.165s | total: 4.929s | samples/s: 12984
Iteration 0278 | train reward: 1486.07 | best: 1550.23 | KL: 2.227e-01 | std: 0.2592 | rollout: 4.945s | update: 0.214s | total: 5.159s | samples/s: 12406
Iteration 0279 | train reward: 1457.82 | best: 1550.23 | KL: 1.915e-01 | std: 0.2590 | rollout: 4.750s | update: 0.186s | total: 4.936s | samples/s: 12967
Iteration 0280 | train reward: 1484.74 | best: 1550.23 | KL: 1.506e-01 | std: 0.2562 | rollout: 5.115s | update: 0.144s | total: 5.259s | samples/s: 12170
Iteration 0281 | train reward: 1468.20 | best: 1550.23 | KL: 1.527e-01 | std: 0.2556 | rollout: 4.936s | update: 0.150s | total: 5.086s | samples/s: 12585
Iteration 0282 | train reward: 1486.41 | best: 1550.23 | KL: 2.303e-01 | std: 0.2470 | rollout: 4.917s | update: 0.141s | total: 5.058s | samples/s: 12652
Iteration 0283 | train reward: 1471.71 | best: 1550.23 | KL: 2.295e-01 | std: 0.2410 | rollout: 4.910s | update: 0.140s | total: 5.050s | samples/s: 12672
Iteration 0284 | train reward: 1499.12 | best: 1550.23 | KL: 1.365e-01 | std: 0.2396 | rollout: 4.920s | update: 0.140s | total: 5.059s | samples/s: 12650
Iteration 0285 | train reward: 1542.66 | best: 1550.23 | KL: 1.494e-01 | std: 0.2392 | rollout: 4.880s | update: 0.141s | total: 5.021s | samples/s: 12746
Iteration 0286 | train reward: 1526.62 | best: 1550.23 | KL: 3.200e-01 | std: 0.2360 | rollout: 4.913s | update: 0.140s | total: 5.053s | samples/s: 12666
Iteration 0287 | train reward: 1506.51 | best: 1550.23 | KL: 2.436e-01 | std: 0.2317 | rollout: 4.967s | update: 0.144s | total: 5.110s | samples/s: 12524
Iteration 0288 | train reward: 1507.70 | best: 1550.23 | KL: 6.943e-01 | std: 0.2300 | rollout: 5.173s | update: 0.141s | total: 5.314s | samples/s: 12044
Iteration 0289 | train reward: 1473.33 | best: 1550.23 | KL: 1.421e-01 | std: 0.2269 | rollout: 4.714s | update: 0.177s | total: 4.891s | samples/s: 13086
Iteration 0290 | train reward: 1478.41 | best: 1550.23 | KL: 1.469e-01 | std: 0.2283 | rollout: 4.850s | update: 0.155s | total: 5.005s | samples/s: 12788
Iteration 0291 | train reward: 1497.79 | best: 1550.23 | KL: 1.540e-01 | std: 0.2305 | rollout: 5.173s | update: 0.190s | total: 5.363s | samples/s: 11935
Iteration 0292 | train reward: 1490.98 | best: 1550.23 | KL: 1.759e-01 | std: 0.2293 | rollout: 4.878s | update: 0.159s | total: 5.036s | samples/s: 12707
Iteration 0293 | train reward: 1500.35 | best: 1550.23 | KL: 1.433e-01 | std: 0.2279 | rollout: 4.827s | update: 0.199s | total: 5.026s | samples/s: 12735
Iteration 0294 | train reward: 1524.06 | best: 1550.23 | KL: 1.164e-01 | std: 0.2290 | rollout: 4.931s | update: 0.154s | total: 5.085s | samples/s: 12586
Iteration 0295 | train reward: 1515.02 | best: 1550.23 | KL: 1.683e-01 | std: 0.2265 | rollout: 4.972s | update: 0.221s | total: 5.193s | samples/s: 12323
Iteration 0296 | train reward: 1519.11 | best: 1550.23 | KL: 2.136e-01 | std: 0.2232 | rollout: 4.928s | update: 0.154s | total: 5.081s | samples/s: 12595
Iteration 0297 | train reward: 1550.52 | best: 1550.52 | KL: 2.834e-01 | std: 0.2205 | rollout: 5.228s | update: 0.154s | total: 5.383s | samples/s: 11889
Iteration 0298 | train reward: 1532.17 | best: 1550.52 | KL: 3.945e-01 | std: 0.2215 | rollout: 5.268s | update: 0.143s | total: 5.411s | samples/s: 11828
Iteration 0299 | train reward: 1405.87 | best: 1550.52 | KL: 1.235e-01 | std: 0.2214 | rollout: 5.071s | update: 0.139s | total: 5.209s | samples/s: 12286
Iteration 0300 | train reward: 1409.78 | best: 1550.52 | KL: 1.551e-01 | std: 0.2218 | rollout: 5.062s | update: 0.169s | total: 5.231s | samples/s: 12236
Iteration 0301 | train reward: 1428.91 | best: 1550.52 | KL: 1.243e-01 | std: 0.2187 | rollout: 5.100s | update: 0.199s | total: 5.299s | samples/s: 12077
Iteration 0302 | train reward: 1446.63 | best: 1550.52 | KL: 1.301e-01 | std: 0.2188 | rollout: 5.001s | update: 0.168s | total: 5.169s | samples/s: 12382
Iteration 0303 | train reward: 1405.05 | best: 1550.52 | KL: 1.690e-01 | std: 0.2153 | rollout: 5.032s | update: 0.256s | total: 5.288s | samples/s: 12103
Iteration 0304 | train reward: 1425.66 | best: 1550.52 | KL: 1.383e-01 | std: 0.2160 | rollout: 5.216s | update: 0.212s | total: 5.429s | samples/s: 11790
Iteration 0305 | train reward: 1454.07 | best: 1550.52 | KL: 1.273e-01 | std: 0.2162 | rollout: 4.937s | update: 0.158s | total: 5.095s | samples/s: 12562
Iteration 0306 | train reward: 1444.82 | best: 1550.52 | KL: 1.765e-01 | std: 0.2110 | rollout: 4.854s | update: 0.214s | total: 5.068s | samples/s: 12629
Iteration 0307 | train reward: 1449.30 | best: 1550.52 | KL: 1.632e-01 | std: 0.2122 | rollout: 5.045s | update: 0.156s | total: 5.200s | samples/s: 12307
Iteration 0308 | train reward: 1475.40 | best: 1550.52 | KL: 1.987e-01 | std: 0.2108 | rollout: 4.949s | update: 0.158s | total: 5.108s | samples/s: 12531
Iteration 0309 | train reward: 1479.01 | best: 1550.52 | KL: 1.592e-01 | std: 0.2109 | rollout: 5.147s | update: 0.156s | total: 5.302s | samples/s: 12070
Iteration 0310 | train reward: 1471.79 | best: 1550.52 | KL: 1.862e-01 | std: 0.2070 | rollout: 4.796s | update: 0.159s | total: 4.955s | samples/s: 12916
Iteration 0311 | train reward: 1496.74 | best: 1550.52 | KL: 1.534e-01 | std: 0.2058 | rollout: 5.400s | update: 0.256s | total: 5.656s | samples/s: 11316
Iteration 0312 | train reward: 1466.96 | best: 1550.52 | KL: 1.953e-01 | std: 0.2066 | rollout: 4.893s | update: 0.169s | total: 5.062s | samples/s: 12644
Iteration 0313 | train reward: 1460.13 | best: 1550.52 | KL: 1.981e-01 | std: 0.2082 | rollout: 5.119s | update: 0.331s | total: 5.450s | samples/s: 11744
Iteration 0314 | train reward: 1448.09 | best: 1550.52 | KL: 2.158e-01 | std: 0.2063 | rollout: 4.829s | update: 0.162s | total: 4.991s | samples/s: 12823
Iteration 0315 | train reward: 1451.61 | best: 1550.52 | KL: 1.893e-01 | std: 0.2044 | rollout: 4.906s | update: 0.149s | total: 5.055s | samples/s: 12660
Iteration 0316 | train reward: 1467.01 | best: 1550.52 | KL: 2.560e-01 | std: 0.2031 | rollout: 4.886s | update: 0.226s | total: 5.111s | samples/s: 12521
Iteration 0317 | train reward: 1447.95 | best: 1550.52 | KL: 2.344e-01 | std: 0.2062 | rollout: 4.946s | update: 0.152s | total: 5.098s | samples/s: 12553
Iteration 0318 | train reward: 1493.98 | best: 1550.52 | KL: 1.835e-01 | std: 0.2091 | rollout: 4.898s | update: 0.148s | total: 5.046s | samples/s: 12684
Iteration 0319 | train reward: 1444.78 | best: 1550.52 | KL: 2.290e-01 | std: 0.2036 | rollout: 4.810s | update: 0.147s | total: 4.957s | samples/s: 12911
Iteration 0320 | train reward: 1442.12 | best: 1550.52 | KL: 2.024e-01 | std: 0.2048 | rollout: 4.936s | update: 0.151s | total: 5.088s | samples/s: 12579
Iteration 0321 | train reward: 1471.55 | best: 1550.52 | KL: 2.512e-01 | std: 0.2036 | rollout: 4.895s | update: 0.227s | total: 5.122s | samples/s: 12496
Iteration 0322 | train reward: 1429.43 | best: 1550.52 | KL: 2.667e-01 | std: 0.2072 | rollout: 5.088s | update: 0.323s | total: 5.411s | samples/s: 11827
Iteration 0323 | train reward: 1445.31 | best: 1550.52 | KL: 1.815e-01 | std: 0.2075 | rollout: 4.922s | update: 0.205s | total: 5.127s | samples/s: 12483
Iteration 0324 | train reward: 1439.26 | best: 1550.52 | KL: 1.580e-01 | std: 0.2070 | rollout: 5.059s | update: 0.225s | total: 5.284s | samples/s: 12113
Iteration 0325 | train reward: 1470.09 | best: 1550.52 | KL: 2.139e-01 | std: 0.2043 | rollout: 5.008s | update: 0.152s | total: 5.160s | samples/s: 12404
Iteration 0326 | train reward: 1468.84 | best: 1550.52 | KL: 2.496e-01 | std: 0.2022 | rollout: 4.944s | update: 0.152s | total: 5.096s | samples/s: 12559
Iteration 0327 | train reward: 1473.76 | best: 1550.52 | KL: 2.157e-01 | std: 0.2019 | rollout: 4.902s | update: 0.196s | total: 5.098s | samples/s: 12554
Iteration 0328 | train reward: 1479.14 | best: 1550.52 | KL: 1.930e-01 | std: 0.2049 | rollout: 4.882s | update: 0.152s | total: 5.035s | samples/s: 12711
Iteration 0329 | train reward: 1437.25 | best: 1550.52 | KL: 1.419e-01 | std: 0.2057 | rollout: 4.666s | update: 0.154s | total: 4.821s | samples/s: 13277
Iteration 0330 | train reward: 1424.33 | best: 1550.52 | KL: 1.670e-01 | std: 0.2043 | rollout: 4.871s | update: 0.222s | total: 5.093s | samples/s: 12565
Iteration 0331 | train reward: 1405.05 | best: 1550.52 | KL: 2.291e-01 | std: 0.2027 | rollout: 5.042s | update: 0.148s | total: 5.189s | samples/s: 12333
Iteration 0332 | train reward: 1427.40 | best: 1550.52 | KL: 2.341e-01 | std: 0.2009 | rollout: 5.012s | update: 0.152s | total: 5.165s | samples/s: 12392
Iteration 0333 | train reward: 1456.57 | best: 1550.52 | KL: 2.056e-01 | std: 0.2018 | rollout: 4.888s | update: 0.146s | total: 5.035s | samples/s: 12712
Iteration 0334 | train reward: 1477.13 | best: 1550.52 | KL: 1.422e-01 | std: 0.2043 | rollout: 5.022s | update: 0.152s | total: 5.174s | samples/s: 12369
Iteration 0335 | train reward: 1462.89 | best: 1550.52 | KL: 2.465e-01 | std: 0.2053 | rollout: 4.902s | update: 0.229s | total: 5.131s | samples/s: 12474
Iteration 0336 | train reward: 1438.48 | best: 1550.52 | KL: 2.400e-01 | std: 0.2053 | rollout: 5.810s | update: 0.377s | total: 6.187s | samples/s: 10344
Iteration 0337 | train reward: 1447.71 | best: 1550.52 | KL: 2.040e-01 | std: 0.1993 | rollout: 5.804s | update: 0.340s | total: 6.144s | samples/s: 10417
Iteration 0338 | train reward: 1462.11 | best: 1550.52 | KL: 1.951e-01 | std: 0.2004 | rollout: 5.052s | update: 0.185s | total: 5.236s | samples/s: 12222
Iteration 0339 | train reward: 1460.35 | best: 1550.52 | KL: 2.300e-01 | std: 0.2001 | rollout: 4.931s | update: 0.150s | total: 5.082s | samples/s: 12595
Iteration 0340 | train reward: 1461.61 | best: 1550.52 | KL: 2.478e-01 | std: 0.1984 | rollout: 5.039s | update: 0.151s | total: 5.190s | samples/s: 12331
Iteration 0341 | train reward: 1501.84 | best: 1550.52 | KL: 1.502e-01 | std: 0.1961 | rollout: 4.817s | update: 0.149s | total: 4.966s | samples/s: 12888
Iteration 0342 | train reward: 1500.88 | best: 1550.52 | KL: 2.622e-01 | std: 0.1927 | rollout: 5.004s | update: 0.148s | total: 5.153s | samples/s: 12421
Iteration 0343 | train reward: 1547.66 | best: 1550.52 | KL: 2.642e-01 | std: 0.1953 | rollout: 4.701s | update: 0.154s | total: 4.855s | samples/s: 13182
Iteration 0344 | train reward: 1463.22 | best: 1550.52 | KL: 4.511e-01 | std: 0.1936 | rollout: 4.965s | update: 0.160s | total: 5.125s | samples/s: 12487
Iteration 0345 | train reward: 1411.76 | best: 1550.52 | KL: 2.417e-01 | std: 0.1952 | rollout: 4.977s | update: 0.143s | total: 5.120s | samples/s: 12500
Iteration 0346 | train reward: 1482.66 | best: 1550.52 | KL: 4.155e-01 | std: 0.1940 | rollout: 4.766s | update: 0.146s | total: 4.912s | samples/s: 13030
Iteration 0347 | train reward: 1505.25 | best: 1550.52 | KL: 1.906e-01 | std: 0.1935 | rollout: 5.009s | update: 0.146s | total: 5.155s | samples/s: 12414
Iteration 0348 | train reward: 1511.74 | best: 1550.52 | KL: 2.189e-01 | std: 0.1907 | rollout: 5.215s | update: 0.155s | total: 5.371s | samples/s: 11916
Iteration 0349 | train reward: 1551.25 | best: 1551.25 | KL: 1.170e-01 | std: 0.1910 | rollout: 4.854s | update: 0.161s | total: 5.016s | samples/s: 12760
Iteration 0350 | train reward: 1555.73 | best: 1555.73 | KL: 1.831e-01 | std: 0.1910 | rollout: 5.052s | update: 0.156s | total: 5.208s | samples/s: 12289
Iteration 0351 | train reward: 1562.09 | best: 1562.09 | KL: 2.518e-01 | std: 0.1888 | rollout: 4.889s | update: 0.162s | total: 5.051s | samples/s: 12671
Iteration 0352 | train reward: 1555.83 | best: 1562.09 | KL: 2.856e-01 | std: 0.1870 | rollout: 4.946s | update: 0.152s | total: 5.098s | samples/s: 12554
Iteration 0353 | train reward: 1530.72 | best: 1562.09 | KL: 1.917e-01 | std: 0.1844 | rollout: 4.929s | update: 0.196s | total: 5.125s | samples/s: 12487
Iteration 0354 | train reward: 1535.86 | best: 1562.09 | KL: 3.589e-01 | std: 0.1829 | rollout: 4.981s | update: 0.177s | total: 5.158s | samples/s: 12408
Iteration 0355 | train reward: 1558.26 | best: 1562.09 | KL: 2.242e-01 | std: 0.1818 | rollout: 5.310s | update: 0.180s | total: 5.490s | samples/s: 11658
Iteration 0356 | train reward: 1543.16 | best: 1562.09 | KL: 1.418e-01 | std: 0.1817 | rollout: 5.096s | update: 0.150s | total: 5.246s | samples/s: 12200
Iteration 0357 | train reward: 1546.50 | best: 1562.09 | KL: 8.305e-01 | std: 0.1830 | rollout: 4.939s | update: 0.157s | total: 5.096s | samples/s: 12558
Iteration 0358 | train reward: 1569.48 | best: 1569.48 | KL: 2.777e-01 | std: 0.1805 | rollout: 5.297s | update: 0.270s | total: 5.567s | samples/s: 11497
Iteration 0359 | train reward: 1565.85 | best: 1569.48 | KL: 4.268e-01 | std: 0.1792 | rollout: 4.628s | update: 0.157s | total: 4.785s | samples/s: 13375
Iteration 0360 | train reward: 1519.19 | best: 1569.48 | KL: 5.831e-01 | std: 0.1772 | rollout: 4.877s | update: 0.164s | total: 5.042s | samples/s: 12694
Iteration 0361 | train reward: 1462.82 | best: 1569.48 | KL: 2.831e-01 | std: 0.1782 | rollout: 4.944s | update: 0.211s | total: 5.156s | samples/s: 12413
Iteration 0362 | train reward: 1513.12 | best: 1569.48 | KL: 2.231e-01 | std: 0.1769 | rollout: 4.823s | update: 0.166s | total: 4.989s | samples/s: 12828
Iteration 0363 | train reward: 1494.09 | best: 1569.48 | KL: 3.474e-01 | std: 0.1758 | rollout: 4.858s | update: 0.192s | total: 5.050s | samples/s: 12673
Iteration 0364 | train reward: 1437.99 | best: 1569.48 | KL: 2.745e-01 | std: 0.1763 | rollout: 4.809s | update: 0.149s | total: 4.958s | samples/s: 12908
Iteration 0365 | train reward: 1426.01 | best: 1569.48 | KL: 2.400e-01 | std: 0.1753 | rollout: 4.921s | update: 0.211s | total: 5.132s | samples/s: 12470
Iteration 0366 | train reward: 1433.93 | best: 1569.48 | KL: 3.015e-01 | std: 0.1797 | rollout: 5.075s | update: 0.166s | total: 5.241s | samples/s: 12212
Iteration 0367 | train reward: 1506.57 | best: 1569.48 | KL: 1.743e+00 | std: 0.1792 | rollout: 4.793s | update: 0.160s | total: 4.953s | samples/s: 12921
Iteration 0368 | train reward: 1361.78 | best: 1569.48 | KL: 2.808e-01 | std: 0.1764 | rollout: 4.812s | update: 0.215s | total: 5.026s | samples/s: 12733
Iteration 0369 | train reward: 1431.85 | best: 1569.48 | KL: 1.870e-01 | std: 0.1714 | rollout: 5.126s | update: 0.159s | total: 5.285s | samples/s: 12111
Iteration 0370 | train reward: 1503.20 | best: 1569.48 | KL: 9.229e-01 | std: 0.1688 | rollout: 4.779s | update: 0.147s | total: 4.926s | samples/s: 12992
Iteration 0371 | train reward: 1239.80 | best: 1569.48 | KL: 2.488e-01 | std: 0.1693 | rollout: 4.912s | update: 0.152s | total: 5.064s | samples/s: 12637
Iteration 0372 | train reward: 1362.84 | best: 1569.48 | KL: 3.341e-01 | std: 0.1668 | rollout: 4.934s | update: 0.160s | total: 5.094s | samples/s: 12565
Iteration 0373 | train reward: 1413.44 | best: 1569.48 | KL: 7.340e-01 | std: 0.1647 | rollout: 4.723s | update: 0.154s | total: 4.877s | samples/s: 13122
Iteration 0374 | train reward: 1482.80 | best: 1569.48 | KL: 1.909e-01 | std: 0.1642 | rollout: 4.891s | update: 0.154s | total: 5.045s | samples/s: 12686
Iteration 0375 | train reward: 1434.60 | best: 1569.48 | KL: 3.650e-01 | std: 0.1628 | rollout: 4.808s | update: 0.156s | total: 4.964s | samples/s: 12894
Iteration 0376 | train reward: 1495.78 | best: 1569.48 | KL: 2.352e-01 | std: 0.1620 | rollout: 4.933s | update: 0.223s | total: 5.156s | samples/s: 12412
Iteration 0377 | train reward: 1472.51 | best: 1569.48 | KL: 3.171e-01 | std: 0.1608 | rollout: 4.635s | update: 0.145s | total: 4.780s | samples/s: 13388
Iteration 0378 | train reward: 1491.11 | best: 1569.48 | KL: 2.091e-01 | std: 0.1603 | rollout: 4.796s | update: 0.158s | total: 4.954s | samples/s: 12919
Iteration 0379 | train reward: 1489.21 | best: 1569.48 | KL: 2.327e-01 | std: 0.1606 | rollout: 4.837s | update: 0.151s | total: 4.988s | samples/s: 12830
Iteration 0380 | train reward: 1557.49 | best: 1569.48 | KL: 2.511e-01 | std: 0.1610 | rollout: 4.944s | update: 0.172s | total: 5.117s | samples/s: 12509
Iteration 0381 | train reward: 1512.30 | best: 1569.48 | KL: 2.467e-01 | std: 0.1581 | rollout: 5.021s | update: 0.156s | total: 5.177s | samples/s: 12363
Iteration 0382 | train reward: 1517.70 | best: 1569.48 | KL: 2.261e-01 | std: 0.1569 | rollout: 4.985s | update: 0.154s | total: 5.139s | samples/s: 12453
Iteration 0383 | train reward: 1547.68 | best: 1569.48 | KL: 1.629e+00 | std: 0.1588 | rollout: 4.941s | update: 0.148s | total: 5.090s | samples/s: 12575
Iteration 0384 | train reward: 1287.18 | best: 1569.48 | KL: 1.882e-01 | std: 0.1575 | rollout: 4.777s | update: 0.152s | total: 4.929s | samples/s: 12984
Iteration 0385 | train reward: 1337.82 | best: 1569.48 | KL: 1.753e-01 | std: 0.1580 | rollout: 4.772s | update: 0.192s | total: 4.964s | samples/s: 12893
Iteration 0386 | train reward: 1382.08 | best: 1569.48 | KL: 2.360e-01 | std: 0.1583 | rollout: 4.845s | update: 0.149s | total: 4.994s | samples/s: 12816
Iteration 0387 | train reward: 1357.45 | best: 1569.48 | KL: 2.876e-01 | std: 0.1571 | rollout: 4.765s | update: 0.150s | total: 4.915s | samples/s: 13022
Iteration 0388 | train reward: 1287.05 | best: 1569.48 | KL: 1.537e-01 | std: 0.1551 | rollout: 4.938s | update: 0.278s | total: 5.215s | samples/s: 12271
Iteration 0389 | train reward: 1315.73 | best: 1569.48 | KL: 1.363e-01 | std: 0.1523 | rollout: 4.940s | update: 0.203s | total: 5.144s | samples/s: 12442
Iteration 0390 | train reward: 1271.62 | best: 1569.48 | KL: 1.478e-01 | std: 0.1523 | rollout: 4.994s | update: 0.164s | total: 5.157s | samples/s: 12410
Iteration 0391 | train reward: 1302.97 | best: 1569.48 | KL: 1.928e-01 | std: 0.1491 | rollout: 5.048s | update: 0.156s | total: 5.204s | samples/s: 12299
Iteration 0392 | train reward: 1354.62 | best: 1569.48 | KL: 2.242e-01 | std: 0.1452 | rollout: 4.944s | update: 0.153s | total: 5.096s | samples/s: 12558
Iteration 0393 | train reward: 1362.09 | best: 1569.48 | KL: 3.321e-01 | std: 0.1466 | rollout: 4.882s | update: 0.153s | total: 5.035s | samples/s: 12711
Iteration 0394 | train reward: 1367.14 | best: 1569.48 | KL: 1.339e-01 | std: 0.1503 | rollout: 4.811s | update: 0.159s | total: 4.970s | samples/s: 12878
Iteration 0395 | train reward: 1351.34 | best: 1569.48 | KL: 3.434e-01 | std: 0.1491 | rollout: 4.916s | update: 0.155s | total: 5.071s | samples/s: 12622
Iteration 0396 | train reward: 1273.69 | best: 1569.48 | KL: 1.509e-01 | std: 0.1497 | rollout: 4.904s | update: 0.152s | total: 5.057s | samples/s: 12657
Iteration 0397 | train reward: 1322.32 | best: 1569.48 | KL: 1.383e-01 | std: 0.1486 | rollout: 4.931s | update: 0.174s | total: 5.105s | samples/s: 12538
Iteration 0398 | train reward: 1366.60 | best: 1569.48 | KL: 1.407e-01 | std: 0.1486 | rollout: 4.973s | update: 0.148s | total: 5.121s | samples/s: 12498
Iteration 0399 | train reward: 1417.12 | best: 1569.48 | KL: 1.625e-01 | std: 0.1490 | rollout: 4.741s | update: 0.151s | total: 4.892s | samples/s: 13082
Iteration 0400 | train reward: 1418.76 | best: 1569.48 | KL: 1.222e-01 | std: 0.1490 | rollout: 5.040s | update: 0.164s | total: 5.204s | samples/s: 12298
Iteration 0401 | train reward: 1400.36 | best: 1569.48 | KL: 1.194e+00 | std: 0.1486 | rollout: 4.885s | update: 0.151s | total: 5.036s | samples/s: 12708
Iteration 0402 | train reward: 1156.63 | best: 1569.48 | KL: 1.047e-01 | std: 0.1480 | rollout: 4.986s | update: 0.150s | total: 5.136s | samples/s: 12462
Iteration 0403 | train reward: 1225.72 | best: 1569.48 | KL: 1.298e-01 | std: 0.1476 | rollout: 4.671s | update: 0.164s | total: 4.836s | samples/s: 13235
Iteration 0404 | train reward: 1230.56 | best: 1569.48 | KL: 1.209e-01 | std: 0.1451 | rollout: 5.030s | update: 0.162s | total: 5.191s | samples/s: 12329
Iteration 0405 | train reward: 1270.26 | best: 1569.48 | KL: 1.333e-01 | std: 0.1419 | rollout: 4.957s | update: 0.158s | total: 5.115s | samples/s: 12513
Iteration 0406 | train reward: 1310.80 | best: 1569.48 | KL: 1.326e-01 | std: 0.1430 | rollout: 4.951s | update: 0.238s | total: 5.189s | samples/s: 12334
Iteration 0407 | train reward: 1297.85 | best: 1569.48 | KL: 2.186e-01 | std: 0.1385 | rollout: 4.890s | update: 0.203s | total: 5.093s | samples/s: 12566
Iteration 0408 | train reward: 1366.23 | best: 1569.48 | KL: 1.337e-01 | std: 0.1398 | rollout: 5.055s | update: 0.173s | total: 5.227s | samples/s: 12243
Iteration 0409 | train reward: 1405.13 | best: 1569.48 | KL: 1.546e-01 | std: 0.1393 | rollout: 4.839s | update: 0.341s | total: 5.180s | samples/s: 12355
Iteration 0410 | train reward: 1412.67 | best: 1569.48 | KL: 1.773e-01 | std: 0.1402 | rollout: 4.808s | update: 0.166s | total: 4.974s | samples/s: 12867
Iteration 0411 | train reward: 1386.79 | best: 1569.48 | KL: 2.021e-01 | std: 0.1400 | rollout: 4.757s | update: 0.200s | total: 4.957s | samples/s: 12911
Iteration 0412 | train reward: 1459.85 | best: 1569.48 | KL: 2.070e-01 | std: 0.1405 | rollout: 5.193s | update: 0.278s | total: 5.471s | samples/s: 11698
Iteration 0413 | train reward: 1388.01 | best: 1569.48 | KL: 3.297e-01 | std: 0.1424 | rollout: 4.860s | update: 0.165s | total: 5.025s | samples/s: 12737
Iteration 0414 | train reward: 1440.35 | best: 1569.48 | KL: 2.502e-01 | std: 0.1415 | rollout: 5.330s | update: 0.161s | total: 5.491s | samples/s: 11656
Iteration 0415 | train reward: 1448.18 | best: 1569.48 | KL: 1.879e-01 | std: 0.1406 | rollout: 5.210s | update: 0.176s | total: 5.386s | samples/s: 11882
Iteration 0416 | train reward: 1451.28 | best: 1569.48 | KL: 2.340e-01 | std: 0.1387 | rollout: 4.921s | update: 0.196s | total: 5.116s | samples/s: 12509
Iteration 0417 | train reward: 1482.58 | best: 1569.48 | KL: 1.883e-01 | std: 0.1413 | rollout: 5.146s | update: 0.214s | total: 5.359s | samples/s: 11942
Iteration 0418 | train reward: 1540.32 | best: 1569.48 | KL: 6.267e-01 | std: 0.1400 | rollout: 4.764s | update: 0.166s | total: 4.930s | samples/s: 12982
Iteration 0419 | train reward: 1599.59 | best: 1599.59 | KL: 3.784e-01 | std: 0.1380 | rollout: 4.916s | update: 0.165s | total: 5.081s | samples/s: 12596
Iteration 0420 | train reward: 1562.68 | best: 1599.59 | KL: 8.152e+01 | std: 0.1376 | rollout: 4.865s | update: 0.200s | total: 5.065s | samples/s: 12637
Iteration 0421 | train reward: -130.04 | best: 1599.59 | KL: 3.327e-03 | std: 0.1378 | rollout: 4.993s | update: 0.283s | total: 5.277s | samples/s: 12129
Iteration 0422 | train reward: -133.73 | best: 1599.59 | KL: 2.041e-03 | std: 0.1378 | rollout: 4.780s | update: 0.157s | total: 4.938s | samples/s: 12961
Iteration 0423 | train reward: -127.42 | best: 1599.59 | KL: 2.041e-03 | std: 0.1375 | rollout: 5.152s | update: 0.216s | total: 5.367s | samples/s: 11924
Iteration 0424 | train reward: -124.56 | best: 1599.59 | KL: 6.271e-02 | std: 0.1378 | rollout: 4.951s | update: 0.146s | total: 5.098s | samples/s: 12554
Iteration 0425 | train reward: -113.09 | best: 1599.59 | KL: 2.771e-01 | std: 0.1380 | rollout: 4.925s | update: 0.149s | total: 5.074s | samples/s: 12613
Iteration 0426 | train reward: -97.18 | best: 1599.59 | KL: 1.543e-03 | std: 0.1380 | rollout: 4.888s | update: 0.152s | total: 5.040s | samples/s: 12697
Iteration 0427 | train reward: -85.43 | best: 1599.59 | KL: 1.504e-03 | std: 0.1380 | rollout: 4.873s | update: 0.147s | total: 5.020s | samples/s: 12749
Iteration 0428 | train reward: -88.19 | best: 1599.59 | KL: 1.823e-03 | std: 0.1380 | rollout: 4.846s | update: 0.152s | total: 4.999s | samples/s: 12804
Iteration 0429 | train reward: -80.13 | best: 1599.59 | KL: 1.539e-03 | std: 0.1380 | rollout: 4.882s | update: 0.219s | total: 5.101s | samples/s: 12547
Iteration 0430 | train reward: -74.73 | best: 1599.59 | KL: 1.468e-03 | std: 0.1381 | rollout: 4.926s | update: 0.269s | total: 5.195s | samples/s: 12319
Iteration 0431 | train reward: -76.94 | best: 1599.59 | KL: 1.912e-03 | std: 0.1381 | rollout: 4.907s | update: 0.205s | total: 5.112s | samples/s: 12519
Iteration 0432 | train reward: -68.43 | best: 1599.59 | KL: 1.379e-03 | std: 0.1381 | rollout: 5.013s | update: 0.154s | total: 5.167s | samples/s: 12386
Iteration 0433 | train reward: -65.05 | best: 1599.59 | KL: 1.225e-03 | std: 0.1381 | rollout: 4.808s | update: 0.196s | total: 5.003s | samples/s: 12792
Iteration 0434 | train reward: -63.25 | best: 1599.59 | KL: 1.587e-03 | std: 0.1380 | rollout: 4.947s | update: 0.219s | total: 5.166s | samples/s: 12389
Iteration 0435 | train reward: -54.97 | best: 1599.59 | KL: 1.275e-03 | std: 0.1380 | rollout: 5.175s | update: 0.192s | total: 5.366s | samples/s: 11926
Iteration 0436 | train reward: -49.54 | best: 1599.59 | KL: 1.338e-03 | std: 0.1380 | rollout: 5.008s | update: 0.156s | total: 5.164s | samples/s: 12394
Iteration 0437 | train reward: -46.90 | best: 1599.59 | KL: 1.503e-03 | std: 0.1381 | rollout: 4.861s | update: 0.148s | total: 5.009s | samples/s: 12778
Iteration 0438 | train reward: -46.84 | best: 1599.59 | KL: 1.405e-03 | std: 0.1381 | rollout: 4.876s | update: 0.164s | total: 5.040s | samples/s: 12699
Iteration 0439 | train reward: -39.16 | best: 1599.59 | KL: 1.064e-03 | std: 0.1382 | rollout: 4.851s | update: 0.283s | total: 5.135s | samples/s: 12464
Iteration 0440 | train reward: -33.70 | best: 1599.59 | KL: 1.090e-03 | std: 0.1381 | rollout: 4.729s | update: 0.165s | total: 4.894s | samples/s: 13078
Iteration 0441 | train reward: -28.24 | best: 1599.59 | KL: 1.853e-03 | std: 0.1382 | rollout: 5.019s | update: 0.160s | total: 5.179s | samples/s: 12358
Iteration 0442 | train reward: -24.87 | best: 1599.59 | KL: 1.278e-03 | std: 0.1382 | rollout: 5.053s | update: 0.188s | total: 5.241s | samples/s: 12211
Iteration 0443 | train reward: -19.56 | best: 1599.59 | KL: 2.611e-03 | std: 0.1382 | rollout: 5.082s | update: 0.156s | total: 5.239s | samples/s: 12216
Iteration 0444 | train reward: -12.26 | best: 1599.59 | KL: 1.299e-03 | std: 0.1387 | rollout: 4.973s | update: 0.164s | total: 5.137s | samples/s: 12459
Iteration 0445 | train reward: -10.78 | best: 1599.59 | KL: 1.187e-03 | std: 0.1387 | rollout: 4.837s | update: 0.156s | total: 4.993s | samples/s: 12818
Iteration 0446 | train reward: -11.35 | best: 1599.59 | KL: 9.694e-04 | std: 0.1387 | rollout: 4.745s | update: 0.159s | total: 4.905s | samples/s: 13048
Iteration 0447 | train reward: -2.83 | best: 1599.59 | KL: 1.350e-03 | std: 0.1387 | rollout: 4.958s | update: 0.194s | total: 5.151s | samples/s: 12424
Iteration 0448 | train reward: 0.25 | best: 1599.59 | KL: 1.292e-03 | std: 0.1386 | rollout: 4.967s | update: 0.163s | total: 5.131s | samples/s: 12474
Iteration 0449 | train reward: 8.81 | best: 1599.59 | KL: 1.475e-03 | std: 0.1387 | rollout: 4.997s | update: 0.174s | total: 5.170s | samples/s: 12379
Iteration 0450 | train reward: 11.74 | best: 1599.59 | KL: 1.355e-03 | std: 0.1385 | rollout: 4.980s | update: 0.158s | total: 5.138s | samples/s: 12455
Iteration 0451 | train reward: 19.19 | best: 1599.59 | KL: 1.211e-03 | std: 0.1386 | rollout: 4.817s | update: 0.165s | total: 4.982s | samples/s: 12845
Iteration 0452 | train reward: 21.19 | best: 1599.59 | KL: 1.215e-03 | std: 0.1387 | rollout: 4.931s | update: 0.146s | total: 5.077s | samples/s: 12605
Iteration 0453 | train reward: 21.70 | best: 1599.59 | KL: 1.157e-03 | std: 0.1388 | rollout: 4.861s | update: 0.154s | total: 5.016s | samples/s: 12760
Iteration 0454 | train reward: 28.62 | best: 1599.59 | KL: 1.794e-03 | std: 0.1388 | rollout: 4.992s | update: 0.229s | total: 5.221s | samples/s: 12258
Iteration 0455 | train reward: 30.28 | best: 1599.59 | KL: 8.596e-04 | std: 0.1387 | rollout: 5.032s | update: 0.147s | total: 5.179s | samples/s: 12358
Iteration 0456 | train reward: 37.72 | best: 1599.59 | KL: 1.215e-03 | std: 0.1386 | rollout: 4.879s | update: 0.162s | total: 5.041s | samples/s: 12696
Iteration 0457 | train reward: 44.10 | best: 1599.59 | KL: 1.538e-03 | std: 0.1385 | rollout: 4.947s | update: 0.152s | total: 5.099s | samples/s: 12552
Iteration 0458 | train reward: 45.34 | best: 1599.59 | KL: 1.505e-03 | std: 0.1385 | rollout: 4.943s | update: 0.224s | total: 5.168s | samples/s: 12385
Iteration 0459 | train reward: 51.92 | best: 1599.59 | KL: 1.382e-03 | std: 0.1385 | rollout: 4.996s | update: 0.149s | total: 5.144s | samples/s: 12441
Iteration 0460 | train reward: 58.03 | best: 1599.59 | KL: 1.230e-03 | std: 0.1385 | rollout: 4.817s | update: 0.148s | total: 4.965s | samples/s: 12890
Iteration 0461 | train reward: 60.15 | best: 1599.59 | KL: 1.851e-01 | std: 0.1382 | rollout: 4.874s | update: 0.267s | total: 5.141s | samples/s: 12448
Iteration 0462 | train reward: 68.70 | best: 1599.59 | KL: 1.463e-03 | std: 0.1386 | rollout: 4.965s | update: 0.150s | total: 5.115s | samples/s: 12512
Iteration 0463 | train reward: 71.86 | best: 1599.59 | KL: 1.558e-03 | std: 0.1382 | rollout: 4.957s | update: 0.284s | total: 5.241s | samples/s: 12211
Iteration 0464 | train reward: 79.74 | best: 1599.59 | KL: 1.564e-03 | std: 0.1382 | rollout: 4.719s | update: 0.228s | total: 4.947s | samples/s: 12937
Iteration 0465 | train reward: 77.70 | best: 1599.59 | KL: 1.324e-03 | std: 0.1380 | rollout: 4.922s | update: 0.221s | total: 5.143s | samples/s: 12444
Iteration 0466 | train reward: 87.56 | best: 1599.59 | KL: 1.216e-03 | std: 0.1379 | rollout: 4.943s | update: 0.188s | total: 5.131s | samples/s: 12474
Iteration 0467 | train reward: 89.65 | best: 1599.59 | KL: 1.378e-03 | std: 0.1376 | rollout: 4.938s | update: 0.266s | total: 5.203s | samples/s: 12299
Iteration 0468 | train reward: 92.70 | best: 1599.59 | KL: 1.494e-03 | std: 0.1378 | rollout: 4.932s | update: 0.220s | total: 5.152s | samples/s: 12423
Iteration 0469 | train reward: 98.33 | best: 1599.59 | KL: 1.825e-03 | std: 0.1375 | rollout: 5.172s | update: 0.160s | total: 5.331s | samples/s: 12004
Iteration 0470 | train reward: 95.33 | best: 1599.59 | KL: 1.850e-03 | std: 0.1374 | rollout: 5.178s | update: 0.152s | total: 5.330s | samples/s: 12008
Iteration 0471 | train reward: 97.51 | best: 1599.59 | KL: 1.658e-03 | std: 0.1372 | rollout: 4.884s | update: 0.157s | total: 5.041s | samples/s: 12696
Iteration 0472 | train reward: 99.39 | best: 1599.59 | KL: 1.506e-03 | std: 0.1368 | rollout: 4.972s | update: 0.158s | total: 5.130s | samples/s: 12476
Iteration 0473 | train reward: 99.26 | best: 1599.59 | KL: 1.608e-03 | std: 0.1367 | rollout: 5.177s | update: 0.225s | total: 5.402s | samples/s: 11847
Iteration 0474 | train reward: 106.70 | best: 1599.59 | KL: 2.110e-03 | std: 0.1368 | rollout: 5.226s | update: 0.163s | total: 5.389s | samples/s: 11877
Iteration 0475 | train reward: 115.64 | best: 1599.59 | KL: 2.188e-03 | std: 0.1367 | rollout: 4.988s | update: 0.182s | total: 5.170s | samples/s: 12379
Iteration 0476 | train reward: 113.08 | best: 1599.59 | KL: 2.105e-03 | std: 0.1366 | rollout: 5.239s | update: 0.159s | total: 5.398s | samples/s: 11856
Iteration 0477 | train reward: 113.79 | best: 1599.59 | KL: 1.867e-03 | std: 0.1367 | rollout: 4.782s | update: 0.146s | total: 4.928s | samples/s: 12986
Iteration 0478 | train reward: 117.18 | best: 1599.59 | KL: 1.770e-03 | std: 0.1367 | rollout: 4.929s | update: 0.162s | total: 5.091s | samples/s: 12571
Iteration 0479 | train reward: 118.17 | best: 1599.59 | KL: 1.951e-03 | std: 0.1367 | rollout: 4.906s | update: 0.213s | total: 5.119s | samples/s: 12502
Iteration 0480 | train reward: 125.98 | best: 1599.59 | KL: 2.300e-03 | std: 0.1367 | rollout: 5.136s | update: 0.184s | total: 5.320s | samples/s: 12031
Iteration 0481 | train reward: 123.70 | best: 1599.59 | KL: 1.990e-03 | std: 0.1362 | rollout: 4.920s | update: 0.150s | total: 5.070s | samples/s: 12624
Iteration 0482 | train reward: 127.75 | best: 1599.59 | KL: 2.598e-03 | std: 0.1361 | rollout: 4.890s | update: 0.161s | total: 5.052s | samples/s: 12669
Iteration 0483 | train reward: 132.94 | best: 1599.59 | KL: 2.319e-03 | std: 0.1361 | rollout: 5.134s | update: 0.151s | total: 5.284s | samples/s: 12111
Iteration 0484 | train reward: 131.70 | best: 1599.59 | KL: 2.158e-03 | std: 0.1361 | rollout: 4.946s | update: 0.203s | total: 5.150s | samples/s: 12428
Iteration 0485 | train reward: 139.98 | best: 1599.59 | KL: 6.472e-03 | std: 0.1361 | rollout: 4.993s | update: 0.151s | total: 5.144s | samples/s: 12442
Iteration 0486 | train reward: 144.20 | best: 1599.59 | KL: 2.434e-03 | std: 0.1359 | rollout: 5.004s | update: 0.161s | total: 5.165s | samples/s: 12392
Iteration 0487 | train reward: 145.85 | best: 1599.59 | KL: 2.906e-03 | std: 0.1360 | rollout: 4.865s | update: 0.152s | total: 5.018s | samples/s: 12755
Iteration 0488 | train reward: 147.58 | best: 1599.59 | KL: 2.316e-03 | std: 0.1361 | rollout: 5.047s | update: 0.160s | total: 5.207s | samples/s: 12292
Iteration 0489 | train reward: 146.12 | best: 1599.59 | KL: 3.601e-03 | std: 0.1361 | rollout: 5.235s | update: 0.163s | total: 5.399s | samples/s: 11855
Iteration 0490 | train reward: 148.38 | best: 1599.59 | KL: 2.368e-03 | std: 0.1362 | rollout: 4.871s | update: 0.161s | total: 5.031s | samples/s: 12720
Iteration 0491 | train reward: 146.32 | best: 1599.59 | KL: 2.421e-01 | std: 0.1361 | rollout: 4.825s | update: 0.158s | total: 4.983s | samples/s: 12844
Iteration 0492 | train reward: 145.29 | best: 1599.59 | KL: 3.821e-03 | std: 0.1361 | rollout: 5.069s | update: 0.160s | total: 5.229s | samples/s: 12238
Iteration 0493 | train reward: 149.70 | best: 1599.59 | KL: 2.300e-03 | std: 0.1361 | rollout: 4.821s | update: 0.151s | total: 4.972s | samples/s: 12872
Iteration 0494 | train reward: 154.74 | best: 1599.59 | KL: 6.973e-03 | std: 0.1361 | rollout: 4.967s | update: 0.190s | total: 5.157s | samples/s: 12411
Iteration 0495 | train reward: 152.92 | best: 1599.59 | KL: 2.801e-03 | std: 0.1360 | rollout: 4.849s | update: 0.168s | total: 5.017s | samples/s: 12756
Iteration 0496 | train reward: 157.97 | best: 1599.59 | KL: 2.849e-03 | std: 0.1359 | rollout: 4.812s | update: 0.265s | total: 5.077s | samples/s: 12606
Iteration 0497 | train reward: 158.49 | best: 1599.59 | KL: 2.041e-03 | std: 0.1361 | rollout: 4.904s | update: 0.148s | total: 5.052s | samples/s: 12668
Iteration 0498 | train reward: 161.04 | best: 1599.59 | KL: 2.578e-03 | std: 0.1361 | rollout: 4.823s | update: 0.277s | total: 5.100s | samples/s: 12549
Iteration 0499 | train reward: 159.88 | best: 1599.59 | KL: 3.377e-03 | std: 0.1361 | rollout: 4.956s | update: 0.213s | total: 5.169s | samples/s: 12381
Iteration 0500 | train reward: 156.58 | best: 1599.59 | KL: 2.662e-03 | std: 0.1361 | rollout: 4.880s | update: 0.165s | total: 5.045s | samples/s: 12687
Iteration 0501 | train reward: 165.29 | best: 1599.59 | KL: 3.195e-03 | std: 0.1361 | rollout: 4.910s | update: 0.152s | total: 5.061s | samples/s: 12646
Iteration 0502 | train reward: 171.34 | best: 1599.59 | KL: 3.355e-03 | std: 0.1361 | rollout: 4.971s | update: 0.163s | total: 5.134s | samples/s: 12465
Iteration 0503 | train reward: 172.79 | best: 1599.59 | KL: 3.471e-03 | std: 0.1356 | rollout: 4.732s | update: 0.148s | total: 4.880s | samples/s: 13116
Iteration 0504 | train reward: 173.08 | best: 1599.59 | KL: 3.559e-03 | std: 0.1359 | rollout: 4.960s | update: 0.212s | total: 5.172s | samples/s: 12374
Iteration 0505 | train reward: 172.50 | best: 1599.59 | KL: 3.215e-03 | std: 0.1356 | rollout: 5.027s | update: 0.158s | total: 5.185s | samples/s: 12343
Iteration 0506 | train reward: 178.20 | best: 1599.59 | KL: 2.901e-03 | std: 0.1354 | rollout: 5.229s | update: 0.155s | total: 5.384s | samples/s: 11886
Iteration 0507 | train reward: 178.59 | best: 1599.59 | KL: 3.908e-03 | std: 0.1353 | rollout: 5.036s | update: 0.161s | total: 5.197s | samples/s: 12315
Iteration 0508 | train reward: 175.22 | best: 1599.59 | KL: 3.626e-03 | std: 0.1348 | rollout: 4.918s | update: 0.212s | total: 5.130s | samples/s: 12475
Iteration 0509 | train reward: 183.93 | best: 1599.59 | KL: 3.493e-03 | std: 0.1347 | rollout: 5.163s | update: 0.188s | total: 5.351s | samples/s: 11961
Iteration 0510 | train reward: 181.69 | best: 1599.59 | KL: 3.880e-03 | std: 0.1347 | rollout: 5.125s | update: 0.223s | total: 5.348s | samples/s: 11968
Iteration 0511 | train reward: 180.84 | best: 1599.59 | KL: 3.751e-03 | std: 0.1348 | rollout: 6.439s | update: 0.169s | total: 6.609s | samples/s: 9684
Iteration 0512 | train reward: 185.90 | best: 1599.59 | KL: 4.252e-03 | std: 0.1348 | rollout: 5.745s | update: 0.253s | total: 5.997s | samples/s: 10672
Iteration 0513 | train reward: 186.63 | best: 1599.59 | KL: 3.382e-03 | std: 0.1347 | rollout: 5.070s | update: 0.160s | total: 5.230s | samples/s: 12236
Iteration 0514 | train reward: 191.25 | best: 1599.59 | KL: 4.013e-03 | std: 0.1342 | rollout: 4.970s | update: 0.148s | total: 5.117s | samples/s: 12506
Iteration 0515 | train reward: 193.76 | best: 1599.59 | KL: 3.781e-03 | std: 0.1343 | rollout: 4.939s | update: 0.199s | total: 5.137s | samples/s: 12458
Iteration 0516 | train reward: 199.01 | best: 1599.59 | KL: 4.411e-03 | std: 0.1342 | rollout: 5.028s | update: 0.149s | total: 5.177s | samples/s: 12362
Iteration 0517 | train reward: 205.70 | best: 1599.59 | KL: 3.547e-03 | std: 0.1341 | rollout: 5.096s | update: 0.156s | total: 5.252s | samples/s: 12185
Iteration 0518 | train reward: 201.31 | best: 1599.59 | KL: 3.732e-03 | std: 0.1341 | rollout: 4.950s | update: 0.152s | total: 5.102s | samples/s: 12543
Iteration 0519 | train reward: 195.89 | best: 1599.59 | KL: 4.423e-03 | std: 0.1343 | rollout: 4.851s | update: 0.200s | total: 5.051s | samples/s: 12670
Iteration 0520 | train reward: 199.48 | best: 1599.59 | KL: 4.115e-03 | std: 0.1341 | rollout: 4.897s | update: 0.179s | total: 5.077s | samples/s: 12606
Iteration 0521 | train reward: 206.46 | best: 1599.59 | KL: 4.720e-03 | std: 0.1341 | rollout: 5.034s | update: 0.155s | total: 5.190s | samples/s: 12332
Iteration 0522 | train reward: 210.73 | best: 1599.59 | KL: 4.538e-03 | std: 0.1341 | rollout: 4.860s | update: 0.158s | total: 5.018s | samples/s: 12754
Iteration 0523 | train reward: 206.23 | best: 1599.59 | KL: 4.323e-03 | std: 0.1339 | rollout: 4.768s | update: 0.144s | total: 4.911s | samples/s: 13031
Iteration 0524 | train reward: 211.23 | best: 1599.59 | KL: 4.167e-03 | std: 0.1335 | rollout: 4.992s | update: 0.157s | total: 5.149s | samples/s: 12430
Iteration 0525 | train reward: 206.89 | best: 1599.59 | KL: 4.409e-03 | std: 0.1333 | rollout: 5.097s | update: 0.153s | total: 5.250s | samples/s: 12190
Iteration 0526 | train reward: 217.18 | best: 1599.59 | KL: 4.394e-03 | std: 0.1328 | rollout: 5.051s | update: 0.194s | total: 5.245s | samples/s: 12203
Iteration 0527 | train reward: 213.14 | best: 1599.59 | KL: 5.271e-03 | std: 0.1328 | rollout: 4.893s | update: 0.170s | total: 5.063s | samples/s: 12640
Iteration 0528 | train reward: 206.35 | best: 1599.59 | KL: 4.268e-03 | std: 0.1330 | rollout: 5.019s | update: 0.154s | total: 5.172s | samples/s: 12374
Iteration 0529 | train reward: 215.28 | best: 1599.59 | KL: 4.599e-03 | std: 0.1333 | rollout: 5.115s | update: 0.154s | total: 5.269s | samples/s: 12147
Iteration 0530 | train reward: 216.74 | best: 1599.59 | KL: 4.897e-03 | std: 0.1328 | rollout: 5.098s | update: 0.164s | total: 5.262s | samples/s: 12163
Iteration 0531 | train reward: 214.65 | best: 1599.59 | KL: 5.673e-03 | std: 0.1322 | rollout: 5.414s | update: 0.165s | total: 5.579s | samples/s: 11472
Iteration 0532 | train reward: 220.04 | best: 1599.59 | KL: 4.992e-03 | std: 0.1320 | rollout: 5.647s | update: 0.162s | total: 5.809s | samples/s: 11018
Iteration 0533 | train reward: 215.38 | best: 1599.59 | KL: 5.039e-03 | std: 0.1315 | rollout: 5.400s | update: 0.207s | total: 5.607s | samples/s: 11415
Iteration 0534 | train reward: 220.63 | best: 1599.59 | KL: 4.875e-03 | std: 0.1315 | rollout: 5.182s | update: 0.170s | total: 5.352s | samples/s: 11957
Iteration 0535 | train reward: 218.66 | best: 1599.59 | KL: 4.989e-03 | std: 0.1315 | rollout: 5.111s | update: 0.183s | total: 5.294s | samples/s: 12088
Iteration 0536 | train reward: 224.49 | best: 1599.59 | KL: 5.568e-03 | std: 0.1309 | rollout: 5.229s | update: 0.227s | total: 5.456s | samples/s: 11731
Iteration 0537 | train reward: 223.47 | best: 1599.59 | KL: 4.438e-03 | std: 0.1309 | rollout: 4.945s | update: 0.150s | total: 5.095s | samples/s: 12561
Iteration 0538 | train reward: 221.70 | best: 1599.59 | KL: 4.684e-03 | std: 0.1309 | rollout: 5.041s | update: 0.149s | total: 5.190s | samples/s: 12332
Iteration 0539 | train reward: 218.25 | best: 1599.59 | KL: 5.410e-03 | std: 0.1308 | rollout: 4.894s | update: 0.161s | total: 5.055s | samples/s: 12660
Iteration 0540 | train reward: 231.69 | best: 1599.59 | KL: 4.783e-03 | std: 0.1307 | rollout: 4.856s | update: 0.155s | total: 5.011s | samples/s: 12772
Iteration 0541 | train reward: 231.23 | best: 1599.59 | KL: 5.592e-03 | std: 0.1308 | rollout: 4.888s | update: 0.166s | total: 5.054s | samples/s: 12663
Iteration 0542 | train reward: 237.01 | best: 1599.59 | KL: 5.833e-03 | std: 0.1309 | rollout: 4.952s | update: 0.159s | total: 5.110s | samples/s: 12524
Iteration 0543 | train reward: 225.03 | best: 1599.59 | KL: 5.677e-03 | std: 0.1308 | rollout: 4.993s | update: 0.210s | total: 5.203s | samples/s: 12300
Iteration 0544 | train reward: 225.81 | best: 1599.59 | KL: 4.329e-03 | std: 0.1308 | rollout: 4.935s | update: 0.156s | total: 5.091s | samples/s: 12571
Iteration 0545 | train reward: 231.07 | best: 1599.59 | KL: 5.401e-03 | std: 0.1309 | rollout: 4.958s | update: 0.165s | total: 5.123s | samples/s: 12492
Iteration 0546 | train reward: 237.58 | best: 1599.59 | KL: 5.647e-03 | std: 0.1308 | rollout: 5.044s | update: 0.156s | total: 5.200s | samples/s: 12307
Iteration 0547 | train reward: 232.83 | best: 1599.59 | KL: 5.517e-03 | std: 0.1311 | rollout: 4.959s | update: 0.159s | total: 5.119s | samples/s: 12503
Iteration 0548 | train reward: 238.67 | best: 1599.59 | KL: 5.956e-03 | std: 0.1313 | rollout: 5.005s | update: 0.165s | total: 5.170s | samples/s: 12378
Iteration 0549 | train reward: 229.25 | best: 1599.59 | KL: 5.842e-03 | std: 0.1311 | rollout: 4.910s | update: 0.155s | total: 5.065s | samples/s: 12636
Iteration 0550 | train reward: 238.31 | best: 1599.59 | KL: 5.540e-03 | std: 0.1307 | rollout: 4.867s | update: 0.156s | total: 5.023s | samples/s: 12741
Iteration 0551 | train reward: 238.20 | best: 1599.59 | KL: 5.906e-03 | std: 0.1307 | rollout: 4.996s | update: 0.209s | total: 5.205s | samples/s: 12295
Iteration 0552 | train reward: 240.06 | best: 1599.59 | KL: 8.208e-03 | std: 0.1304 | rollout: 5.093s | update: 0.156s | total: 5.249s | samples/s: 12194
Iteration 0553 | train reward: 238.60 | best: 1599.59 | KL: 5.771e-03 | std: 0.1303 | rollout: 4.897s | update: 0.165s | total: 5.062s | samples/s: 12643
Iteration 0554 | train reward: 244.40 | best: 1599.59 | KL: 6.873e-03 | std: 0.1308 | rollout: 4.995s | update: 0.160s | total: 5.155s | samples/s: 12414
Iteration 0555 | train reward: 248.16 | best: 1599.59 | KL: 6.342e-03 | std: 0.1309 | rollout: 5.205s | update: 0.153s | total: 5.357s | samples/s: 11947
Iteration 0556 | train reward: 242.52 | best: 1599.59 | KL: 5.351e-03 | std: 0.1307 | rollout: 4.998s | update: 0.154s | total: 5.152s | samples/s: 12422
Iteration 0557 | train reward: 245.43 | best: 1599.59 | KL: 4.473e-03 | std: 0.1304 | rollout: 4.963s | update: 0.214s | total: 5.177s | samples/s: 12362
Iteration 0558 | train reward: 245.69 | best: 1599.59 | KL: 6.319e-03 | std: 0.1302 | rollout: 4.965s | update: 0.166s | total: 5.131s | samples/s: 12473
Iteration 0559 | train reward: 247.66 | best: 1599.59 | KL: 5.892e-03 | std: 0.1300 | rollout: 4.830s | update: 0.226s | total: 5.055s | samples/s: 12660
Iteration 0560 | train reward: 239.76 | best: 1599.59 | KL: 6.060e-03 | std: 0.1297 | rollout: 4.996s | update: 0.294s | total: 5.290s | samples/s: 12097
Iteration 0561 | train reward: 250.76 | best: 1599.59 | KL: 5.665e-03 | std: 0.1300 | rollout: 5.106s | update: 0.158s | total: 5.264s | samples/s: 12159
Iteration 0562 | train reward: 248.18 | best: 1599.59 | KL: 7.275e-03 | std: 0.1300 | rollout: 5.070s | update: 0.148s | total: 5.218s | samples/s: 12265
Iteration 0563 | train reward: 253.52 | best: 1599.59 | KL: 6.277e-03 | std: 0.1296 | rollout: 4.903s | update: 0.147s | total: 5.050s | samples/s: 12674
Iteration 0564 | train reward: 255.32 | best: 1599.59 | KL: 5.809e-03 | std: 0.1296 | rollout: 5.055s | update: 0.156s | total: 5.211s | samples/s: 12282
Iteration 0565 | train reward: 255.93 | best: 1599.59 | KL: 7.005e-03 | std: 0.1290 | rollout: 5.026s | update: 0.155s | total: 5.181s | samples/s: 12353
Iteration 0566 | train reward: 251.73 | best: 1599.59 | KL: 6.399e-03 | std: 0.1289 | rollout: 4.994s | update: 0.153s | total: 5.147s | samples/s: 12435
Iteration 0567 | train reward: 256.57 | best: 1599.59 | KL: 6.627e-03 | std: 0.1287 | rollout: 5.024s | update: 0.155s | total: 5.179s | samples/s: 12357
Iteration 0568 | train reward: 260.06 | best: 1599.59 | KL: 6.264e-03 | std: 0.1290 | rollout: 4.877s | update: 0.186s | total: 5.063s | samples/s: 12641
Iteration 0569 | train reward: 259.95 | best: 1599.59 | KL: 6.454e-03 | std: 0.1287 | rollout: 4.938s | update: 0.159s | total: 5.097s | samples/s: 12556
Iteration 0570 | train reward: 261.11 | best: 1599.59 | KL: 7.273e-03 | std: 0.1285 | rollout: 5.099s | update: 0.163s | total: 5.263s | samples/s: 12161
Iteration 0571 | train reward: 257.57 | best: 1599.59 | KL: 6.403e-03 | std: 0.1287 | rollout: 4.965s | update: 0.165s | total: 5.130s | samples/s: 12476
Iteration 0572 | train reward: 266.09 | best: 1599.59 | KL: 7.237e-03 | std: 0.1278 | rollout: 5.039s | update: 0.191s | total: 5.230s | samples/s: 12238
Iteration 0573 | train reward: 257.96 | best: 1599.59 | KL: 6.730e-03 | std: 0.1278 | rollout: 4.968s | update: 0.146s | total: 5.115s | samples/s: 12513
Iteration 0574 | train reward: 273.84 | best: 1599.59 | KL: 8.744e-03 | std: 0.1282 | rollout: 4.846s | update: 0.148s | total: 4.993s | samples/s: 12817
Iteration 0575 | train reward: 267.23 | best: 1599.59 | KL: 7.051e-03 | std: 0.1281 | rollout: 4.754s | update: 0.277s | total: 5.030s | samples/s: 12722
Iteration 0576 | train reward: 266.97 | best: 1599.59 | KL: 6.620e-03 | std: 0.1278 | rollout: 5.014s | update: 0.163s | total: 5.177s | samples/s: 12363
Iteration 0577 | train reward: 270.35 | best: 1599.59 | KL: 6.937e-03 | std: 0.1276 | rollout: 5.188s | update: 0.160s | total: 5.347s | samples/s: 11969
Iteration 0578 | train reward: 273.94 | best: 1599.59 | KL: 6.332e-03 | std: 0.1276 | rollout: 4.999s | update: 0.168s | total: 5.168s | samples/s: 12385
Iteration 0579 | train reward: 276.87 | best: 1599.59 | KL: 6.339e-03 | std: 0.1276 | rollout: 4.967s | update: 0.160s | total: 5.127s | samples/s: 12483
Iteration 0580 | train reward: 276.08 | best: 1599.59 | KL: 8.125e-03 | std: 0.1274 | rollout: 5.002s | update: 0.146s | total: 5.148s | samples/s: 12433
Iteration 0581 | train reward: 269.11 | best: 1599.59 | KL: 6.638e-03 | std: 0.1274 | rollout: 5.255s | update: 0.153s | total: 5.408s | samples/s: 11834
Iteration 0582 | train reward: 278.58 | best: 1599.59 | KL: 7.887e-03 | std: 0.1278 | rollout: 4.806s | update: 0.235s | total: 5.040s | samples/s: 12698
Iteration 0583 | train reward: 278.38 | best: 1599.59 | KL: 7.349e-03 | std: 0.1283 | rollout: 4.803s | update: 0.158s | total: 4.961s | samples/s: 12902
Iteration 0584 | train reward: 277.47 | best: 1599.59 | KL: 8.426e-03 | std: 0.1281 | rollout: 5.029s | update: 0.233s | total: 5.263s | samples/s: 12161
Iteration 0585 | train reward: 276.51 | best: 1599.59 | KL: 6.407e-03 | std: 0.1277 | rollout: 5.138s | update: 0.226s | total: 5.363s | samples/s: 11933
Iteration 0586 | train reward: 280.02 | best: 1599.59 | KL: 6.605e-03 | std: 0.1282 | rollout: 4.993s | update: 0.155s | total: 5.148s | samples/s: 12432
Iteration 0587 | train reward: 287.42 | best: 1599.59 | KL: 8.076e-03 | std: 0.1278 | rollout: 4.701s | update: 0.181s | total: 4.882s | samples/s: 13108
Iteration 0588 | train reward: 283.54 | best: 1599.59 | KL: 8.573e-03 | std: 0.1278 | rollout: 4.987s | update: 0.155s | total: 5.142s | samples/s: 12447
Iteration 0589 | train reward: 275.30 | best: 1599.59 | KL: 9.059e-03 | std: 0.1278 | rollout: 5.440s | update: 0.164s | total: 5.604s | samples/s: 11420
Iteration 0590 | train reward: 286.28 | best: 1599.59 | KL: 9.709e-03 | std: 0.1276 | rollout: 4.826s | update: 0.353s | total: 5.179s | samples/s: 12358
Iteration 0591 | train reward: 287.46 | best: 1599.59 | KL: 9.346e-03 | std: 0.1276 | rollout: 5.181s | update: 0.151s | total: 5.333s | samples/s: 12002
Iteration 0592 | train reward: 282.09 | best: 1599.59 | KL: 8.709e-03 | std: 0.1272 | rollout: 5.122s | update: 0.161s | total: 5.284s | samples/s: 12112
Iteration 0593 | train reward: 282.08 | best: 1599.59 | KL: 8.692e-03 | std: 0.1274 | rollout: 4.955s | update: 0.153s | total: 5.108s | samples/s: 12529
Iteration 0594 | train reward: 285.51 | best: 1599.59 | KL: 7.273e-03 | std: 0.1272 | rollout: 5.064s | update: 0.153s | total: 5.218s | samples/s: 12266
Iteration 0595 | train reward: 301.09 | best: 1599.59 | KL: 8.168e-03 | std: 0.1267 | rollout: 5.027s | update: 0.190s | total: 5.217s | samples/s: 12268
Iteration 0596 | train reward: 292.69 | best: 1599.59 | KL: 7.487e-03 | std: 0.1268 | rollout: 4.918s | update: 0.240s | total: 5.158s | samples/s: 12407
Iteration 0597 | train reward: 292.38 | best: 1599.59 | KL: 7.918e-03 | std: 0.1261 | rollout: 5.023s | update: 0.163s | total: 5.186s | samples/s: 12341
Iteration 0598 | train reward: 281.95 | best: 1599.59 | KL: 9.014e-03 | std: 0.1256 | rollout: 5.239s | update: 0.236s | total: 5.474s | samples/s: 11691
Iteration 0599 | train reward: 286.99 | best: 1599.59 | KL: 7.400e-03 | std: 0.1256 | rollout: 5.068s | update: 0.158s | total: 5.226s | samples/s: 12247
Iteration 0600 | train reward: 298.61 | best: 1599.59 | KL: 8.584e-03 | std: 0.1256 | rollout: 4.952s | update: 0.151s | total: 5.103s | samples/s: 12541
Iteration 0601 | train reward: 289.95 | best: 1599.59 | KL: 9.546e-03 | std: 0.1255 | rollout: 4.796s | update: 0.164s | total: 4.960s | samples/s: 12902
Iteration 0602 | train reward: 299.13 | best: 1599.59 | KL: 8.265e-03 | std: 0.1256 | rollout: 4.743s | update: 0.148s | total: 4.891s | samples/s: 13085
Iteration 0603 | train reward: 297.00 | best: 1599.59 | KL: 8.711e-03 | std: 0.1250 | rollout: 4.910s | update: 0.219s | total: 5.129s | samples/s: 12477
Iteration 0604 | train reward: 289.90 | best: 1599.59 | KL: 7.609e-03 | std: 0.1254 | rollout: 4.753s | update: 0.147s | total: 4.900s | samples/s: 13061
Iteration 0605 | train reward: 302.98 | best: 1599.59 | KL: 8.211e-03 | std: 0.1261 | rollout: 4.978s | update: 0.156s | total: 5.134s | samples/s: 12466
Iteration 0606 | train reward: 301.66 | best: 1599.59 | KL: 1.068e-02 | std: 0.1261 | rollout: 4.934s | update: 0.146s | total: 5.080s | samples/s: 12599
Iteration 0607 | train reward: 298.83 | best: 1599.59 | KL: 8.678e-03 | std: 0.1259 | rollout: 4.913s | update: 0.144s | total: 5.058s | samples/s: 12654
Iteration 0608 | train reward: 295.11 | best: 1599.59 | KL: 1.106e-02 | std: 0.1252 | rollout: 4.991s | update: 0.146s | total: 5.138s | samples/s: 12457
Iteration 0609 | train reward: 301.00 | best: 1599.59 | KL: 7.322e-03 | std: 0.1252 | rollout: 5.084s | update: 0.154s | total: 5.237s | samples/s: 12221
Iteration 0610 | train reward: 304.02 | best: 1599.59 | KL: 9.378e-03 | std: 0.1248 | rollout: 4.983s | update: 0.152s | total: 5.135s | samples/s: 12464
Iteration 0611 | train reward: 305.06 | best: 1599.59 | KL: 9.033e-03 | std: 0.1250 | rollout: 4.790s | update: 0.158s | total: 4.948s | samples/s: 12934
Iteration 0612 | train reward: 303.59 | best: 1599.59 | KL: 9.120e-03 | std: 0.1250 | rollout: 5.016s | update: 0.163s | total: 5.180s | samples/s: 12356
Iteration 0613 | train reward: 309.03 | best: 1599.59 | KL: 8.821e-03 | std: 0.1246 | rollout: 5.056s | update: 0.237s | total: 5.293s | samples/s: 12091
Iteration 0614 | train reward: 306.82 | best: 1599.59 | KL: 8.124e-03 | std: 0.1245 | rollout: 4.973s | update: 0.164s | total: 5.137s | samples/s: 12458
Iteration 0615 | train reward: 309.32 | best: 1599.59 | KL: 8.862e-03 | std: 0.1245 | rollout: 4.907s | update: 0.180s | total: 5.087s | samples/s: 12582
Iteration 0616 | train reward: 310.23 | best: 1599.59 | KL: 1.113e-02 | std: 0.1244 | rollout: 4.979s | update: 0.159s | total: 5.138s | samples/s: 12457
Iteration 0617 | train reward: 309.88 | best: 1599.59 | KL: 1.071e-02 | std: 0.1245 | rollout: 5.143s | update: 0.151s | total: 5.294s | samples/s: 12089
Iteration 0618 | train reward: 311.63 | best: 1599.59 | KL: 9.611e-03 | std: 0.1239 | rollout: 4.953s | update: 0.183s | total: 5.136s | samples/s: 12461
Iteration 0619 | train reward: 315.20 | best: 1599.59 | KL: 7.381e-03 | std: 0.1243 | rollout: 4.865s | update: 0.172s | total: 5.037s | samples/s: 12707
Iteration 0620 | train reward: 312.03 | best: 1599.59 | KL: 8.197e-03 | std: 0.1248 | rollout: 5.007s | update: 0.180s | total: 5.187s | samples/s: 12339
Iteration 0621 | train reward: 309.62 | best: 1599.59 | KL: 1.130e-02 | std: 0.1248 | rollout: 4.724s | update: 0.164s | total: 4.887s | samples/s: 13095
Iteration 0622 | train reward: 310.76 | best: 1599.59 | KL: 8.259e-03 | std: 0.1250 | rollout: 6.655s | update: 0.180s | total: 6.835s | samples/s: 9364
Iteration 0623 | train reward: 314.21 | best: 1599.59 | KL: 1.206e-02 | std: 0.1250 | rollout: 5.377s | update: 0.147s | total: 5.524s | samples/s: 11586
Iteration 0624 | train reward: 311.77 | best: 1599.59 | KL: 7.885e-03 | std: 0.1245 | rollout: 5.213s | update: 0.155s | total: 5.367s | samples/s: 11924
Iteration 0625 | train reward: 316.99 | best: 1599.59 | KL: 9.450e-03 | std: 0.1248 | rollout: 5.284s | update: 0.182s | total: 5.466s | samples/s: 11708
Iteration 0626 | train reward: 310.36 | best: 1599.59 | KL: 6.977e-03 | std: 0.1241 | rollout: 4.825s | update: 0.226s | total: 5.051s | samples/s: 12670
Iteration 0627 | train reward: 317.06 | best: 1599.59 | KL: 1.067e-02 | std: 0.1237 | rollout: 4.976s | update: 0.165s | total: 5.141s | samples/s: 12448
Iteration 0628 | train reward: 315.94 | best: 1599.59 | KL: 1.109e-02 | std: 0.1237 | rollout: 4.864s | update: 0.155s | total: 5.019s | samples/s: 12751
Iteration 0629 | train reward: 311.03 | best: 1599.59 | KL: 8.852e-03 | std: 0.1233 | rollout: 4.873s | update: 0.155s | total: 5.028s | samples/s: 12729
Iteration 0630 | train reward: 316.60 | best: 1599.59 | KL: 9.275e-03 | std: 0.1236 | rollout: 5.110s | update: 0.161s | total: 5.271s | samples/s: 12141
Iteration 0631 | train reward: 317.23 | best: 1599.59 | KL: 9.397e-03 | std: 0.1237 | rollout: 4.988s | update: 0.153s | total: 5.142s | samples/s: 12448
Iteration 0632 | train reward: 313.88 | best: 1599.59 | KL: 1.079e-02 | std: 0.1235 | rollout: 4.971s | update: 0.163s | total: 5.135s | samples/s: 12464
Iteration 0633 | train reward: 317.44 | best: 1599.59 | KL: 7.945e-03 | std: 0.1233 | rollout: 5.010s | update: 0.157s | total: 5.167s | samples/s: 12386
Iteration 0634 | train reward: 321.53 | best: 1599.59 | KL: 1.078e-02 | std: 0.1230 | rollout: 4.936s | update: 0.158s | total: 5.094s | samples/s: 12564
Iteration 0635 | train reward: 327.32 | best: 1599.59 | KL: 9.334e-03 | std: 0.1229 | rollout: 4.851s | update: 0.156s | total: 5.007s | samples/s: 12781
Iteration 0636 | train reward: 330.50 | best: 1599.59 | KL: 1.081e-02 | std: 0.1228 | rollout: 5.145s | update: 0.160s | total: 5.305s | samples/s: 12065
Iteration 0637 | train reward: 330.84 | best: 1599.59 | KL: 9.834e-03 | std: 0.1229 | rollout: 5.026s | update: 0.154s | total: 5.180s | samples/s: 12355
Iteration 0638 | train reward: 330.87 | best: 1599.59 | KL: 1.059e-02 | std: 0.1226 | rollout: 4.864s | update: 0.154s | total: 5.018s | samples/s: 12755
Iteration 0639 | train reward: 332.15 | best: 1599.59 | KL: 1.044e-02 | std: 0.1220 | rollout: 4.939s | update: 0.155s | total: 5.094s | samples/s: 12565
Iteration 0640 | train reward: 324.20 | best: 1599.59 | KL: 1.031e-02 | std: 0.1224 | rollout: 4.941s | update: 0.212s | total: 5.153s | samples/s: 12419
Iteration 0641 | train reward: 327.70 | best: 1599.59 | KL: 1.086e-02 | std: 0.1226 | rollout: 5.092s | update: 0.184s | total: 5.276s | samples/s: 12131
Iteration 0642 | train reward: 331.43 | best: 1599.59 | KL: 9.333e-03 | std: 0.1224 | rollout: 4.960s | update: 0.152s | total: 5.112s | samples/s: 12518
Iteration 0643 | train reward: 325.95 | best: 1599.59 | KL: 1.225e-02 | std: 0.1224 | rollout: 4.888s | update: 0.154s | total: 5.042s | samples/s: 12693
Iteration 0644 | train reward: 333.58 | best: 1599.59 | KL: 9.319e-03 | std: 0.1226 | rollout: 4.936s | update: 0.211s | total: 5.147s | samples/s: 12434
Iteration 0645 | train reward: 327.25 | best: 1599.59 | KL: 1.248e-02 | std: 0.1224 | rollout: 4.927s | update: 0.217s | total: 5.144s | samples/s: 12443
Iteration 0646 | train reward: 335.47 | best: 1599.59 | KL: 1.028e-02 | std: 0.1226 | rollout: 5.131s | update: 0.182s | total: 5.313s | samples/s: 12046
Iteration 0647 | train reward: 332.20 | best: 1599.59 | KL: 1.141e-02 | std: 0.1226 | rollout: 5.281s | update: 0.179s | total: 5.460s | samples/s: 11721
Iteration 0648 | train reward: 335.57 | best: 1599.59 | KL: 1.236e-02 | std: 0.1222 | rollout: 5.064s | update: 0.161s | total: 5.225s | samples/s: 12249
Iteration 0649 | train reward: 332.32 | best: 1599.59 | KL: 9.199e-03 | std: 0.1222 | rollout: 5.148s | update: 0.168s | total: 5.316s | samples/s: 12039
Iteration 0650 | train reward: 347.11 | best: 1599.59 | KL: 1.117e-02 | std: 0.1218 | rollout: 4.809s | update: 0.165s | total: 4.974s | samples/s: 12867
Iteration 0651 | train reward: 339.94 | best: 1599.59 | KL: 1.128e-02 | std: 0.1222 | rollout: 5.118s | update: 0.163s | total: 5.281s | samples/s: 12118
Iteration 0652 | train reward: 334.64 | best: 1599.59 | KL: 1.164e-02 | std: 0.1228 | rollout: 4.979s | update: 0.155s | total: 5.134s | samples/s: 12466
Iteration 0653 | train reward: 332.89 | best: 1599.59 | KL: 1.070e-02 | std: 0.1224 | rollout: 5.084s | update: 0.155s | total: 5.238s | samples/s: 12218
Iteration 0654 | train reward: 335.11 | best: 1599.59 | KL: 1.082e-02 | std: 0.1226 | rollout: 5.105s | update: 0.163s | total: 5.268s | samples/s: 12148
Iteration 0655 | train reward: 334.10 | best: 1599.59 | KL: 1.190e-02 | std: 0.1226 | rollout: 4.931s | update: 0.159s | total: 5.090s | samples/s: 12574
Iteration 0656 | train reward: 331.91 | best: 1599.59 | KL: 1.101e-02 | std: 0.1224 | rollout: 4.877s | update: 0.156s | total: 5.033s | samples/s: 12716
Iteration 0657 | train reward: 342.01 | best: 1599.59 | KL: 1.210e-02 | std: 0.1226 | rollout: 4.991s | update: 0.150s | total: 5.141s | samples/s: 12449
Iteration 0658 | train reward: 348.55 | best: 1599.59 | KL: 1.175e-02 | std: 0.1219 | rollout: 4.867s | update: 0.168s | total: 5.035s | samples/s: 12712
Iteration 0659 | train reward: 353.03 | best: 1599.59 | KL: 1.253e-02 | std: 0.1217 | rollout: 5.445s | update: 0.177s | total: 5.622s | samples/s: 11384
Iteration 0660 | train reward: 339.77 | best: 1599.59 | KL: 1.062e-02 | std: 0.1211 | rollout: 5.197s | update: 0.259s | total: 5.455s | samples/s: 11732
Iteration 0661 | train reward: 350.03 | best: 1599.59 | KL: 9.965e-03 | std: 0.1207 | rollout: 4.924s | update: 0.154s | total: 5.079s | samples/s: 12602
Iteration 0662 | train reward: 340.97 | best: 1599.59 | KL: 1.035e-02 | std: 0.1209 | rollout: 4.872s | update: 0.189s | total: 5.061s | samples/s: 12647
Iteration 0663 | train reward: 340.23 | best: 1599.59 | KL: 1.121e-02 | std: 0.1210 | rollout: 4.997s | update: 0.227s | total: 5.224s | samples/s: 12252
Iteration 0664 | train reward: 356.79 | best: 1599.59 | KL: 1.209e-02 | std: 0.1216 | rollout: 4.932s | update: 0.158s | total: 5.090s | samples/s: 12574
Iteration 0665 | train reward: 345.95 | best: 1599.59 | KL: 1.231e-02 | std: 0.1216 | rollout: 4.855s | update: 0.160s | total: 5.015s | samples/s: 12763
Iteration 0666 | train reward: 351.90 | best: 1599.59 | KL: 1.309e-02 | std: 0.1213 | rollout: 5.078s | update: 0.171s | total: 5.248s | samples/s: 12194
Iteration 0667 | train reward: 346.52 | best: 1599.59 | KL: 1.104e-02 | std: 0.1211 | rollout: 4.874s | update: 0.225s | total: 5.098s | samples/s: 12553
Iteration 0668 | train reward: 351.95 | best: 1599.59 | KL: 1.179e-02 | std: 0.1216 | rollout: 5.060s | update: 0.171s | total: 5.231s | samples/s: 12235
Iteration 0669 | train reward: 348.97 | best: 1599.59 | KL: 1.227e-02 | std: 0.1217 | rollout: 4.931s | update: 0.160s | total: 5.091s | samples/s: 12572
Iteration 0670 | train reward: 346.08 | best: 1599.59 | KL: 1.113e-02 | std: 0.1224 | rollout: 5.065s | update: 0.222s | total: 5.287s | samples/s: 12104
Iteration 0671 | train reward: 358.52 | best: 1599.59 | KL: 1.133e-02 | std: 0.1224 | rollout: 5.515s | update: 0.264s | total: 5.779s | samples/s: 11074
Iteration 0672 | train reward: 353.50 | best: 1599.59 | KL: 1.302e-02 | std: 0.1231 | rollout: 4.872s | update: 0.207s | total: 5.079s | samples/s: 12601
Iteration 0673 | train reward: 353.78 | best: 1599.59 | KL: 1.238e-02 | std: 0.1228 | rollout: 4.716s | update: 0.152s | total: 4.868s | samples/s: 13146
Iteration 0674 | train reward: 354.75 | best: 1599.59 | KL: 1.202e-02 | std: 0.1228 | rollout: 4.791s | update: 0.191s | total: 4.982s | samples/s: 12846
Iteration 0675 | train reward: 367.04 | best: 1599.59 | KL: 1.124e-02 | std: 0.1226 | rollout: 4.649s | update: 0.173s | total: 4.822s | samples/s: 13273
Iteration 0676 | train reward: 363.78 | best: 1599.59 | KL: 1.347e-02 | std: 0.1230 | rollout: 4.977s | update: 0.162s | total: 5.139s | samples/s: 12454
Iteration 0677 | train reward: 360.86 | best: 1599.59 | KL: 1.310e-02 | std: 0.1232 | rollout: 4.943s | update: 0.170s | total: 5.113s | samples/s: 12518
Iteration 0678 | train reward: 353.10 | best: 1599.59 | KL: 1.108e-02 | std: 0.1237 | rollout: 4.724s | update: 0.163s | total: 4.887s | samples/s: 13097
Iteration 0679 | train reward: 350.75 | best: 1599.59 | KL: 1.150e-02 | std: 0.1235 | rollout: 4.837s | update: 0.194s | total: 5.032s | samples/s: 12719
Iteration 0680 | train reward: 347.37 | best: 1599.59 | KL: 1.343e-02 | std: 0.1237 | rollout: 4.877s | update: 0.175s | total: 5.052s | samples/s: 12668
Iteration 0681 | train reward: 358.27 | best: 1599.59 | KL: 1.017e-02 | std: 0.1233 | rollout: 5.077s | update: 0.147s | total: 5.224s | samples/s: 12250
Iteration 0682 | train reward: 351.28 | best: 1599.59 | KL: 1.530e-02 | std: 0.1231 | rollout: 5.137s | update: 0.172s | total: 5.309s | samples/s: 12055
Iteration 0683 | train reward: 371.28 | best: 1599.59 | KL: 2.036e-02 | std: 0.1231 | rollout: 5.929s | update: 0.158s | total: 6.087s | samples/s: 10515
Iteration 0684 | train reward: 361.20 | best: 1599.59 | KL: 1.591e-02 | std: 0.1237 | rollout: 5.666s | update: 0.570s | total: 6.236s | samples/s: 10263
Iteration 0685 | train reward: 355.19 | best: 1599.59 | KL: 1.490e-02 | std: 0.1237 | rollout: 5.812s | update: 0.170s | total: 5.981s | samples/s: 10700
Iteration 0686 | train reward: 364.56 | best: 1599.59 | KL: 1.147e-02 | std: 0.1235 | rollout: 5.127s | update: 0.162s | total: 5.289s | samples/s: 12100
Iteration 0687 | train reward: 371.40 | best: 1599.59 | KL: 1.315e-02 | std: 0.1233 | rollout: 5.137s | update: 0.180s | total: 5.317s | samples/s: 12037
Iteration 0688 | train reward: 361.90 | best: 1599.59 | KL: 1.533e-02 | std: 0.1233 | rollout: 5.047s | update: 0.247s | total: 5.293s | samples/s: 12091
Iteration 0689 | train reward: 354.32 | best: 1599.59 | KL: 2.129e-02 | std: 0.1229 | rollout: 5.191s | update: 0.263s | total: 5.454s | samples/s: 11736
Iteration 0690 | train reward: 359.19 | best: 1599.59 | KL: 1.822e-02 | std: 0.1222 | rollout: 4.884s | update: 0.307s | total: 5.191s | samples/s: 12329
Iteration 0691 | train reward: 369.34 | best: 1599.59 | KL: 1.369e-02 | std: 0.1220 | rollout: 5.006s | update: 0.156s | total: 5.162s | samples/s: 12399
Iteration 0692 | train reward: 374.12 | best: 1599.59 | KL: 1.325e-02 | std: 0.1219 | rollout: 5.039s | update: 0.193s | total: 5.232s | samples/s: 12232
Iteration 0693 | train reward: 372.66 | best: 1599.59 | KL: 7.641e-01 | std: 0.1219 | rollout: 5.081s | update: 0.153s | total: 5.235s | samples/s: 12226
Iteration 0694 | train reward: 351.52 | best: 1599.59 | KL: 1.506e-02 | std: 0.1222 | rollout: 4.984s | update: 0.190s | total: 5.173s | samples/s: 12371
Iteration 0695 | train reward: 364.68 | best: 1599.59 | KL: 1.504e-02 | std: 0.1225 | rollout: 4.862s | update: 0.192s | total: 5.055s | samples/s: 12661
Iteration 0696 | train reward: 360.58 | best: 1599.59 | KL: 1.287e-02 | std: 0.1230 | rollout: 5.023s | update: 0.153s | total: 5.176s | samples/s: 12364
Iteration 0697 | train reward: 362.45 | best: 1599.59 | KL: 1.884e-02 | std: 0.1229 | rollout: 4.971s | update: 0.203s | total: 5.174s | samples/s: 12369
Iteration 0698 | train reward: 365.40 | best: 1599.59 | KL: 1.652e-02 | std: 0.1229 | rollout: 5.136s | update: 0.162s | total: 5.299s | samples/s: 12079
Iteration 0699 | train reward: 361.98 | best: 1599.59 | KL: 1.501e-02 | std: 0.1226 | rollout: 4.821s | update: 0.176s | total: 4.998s | samples/s: 12806
Iteration 0700 | train reward: 356.44 | best: 1599.59 | KL: 8.499e+03 | std: 0.1230 | rollout: 5.095s | update: 0.309s | total: 5.404s | samples/s: 11843
Iteration 0701 | train reward: 88.21 | best: 1599.59 | KL: 8.694e-04 | std: 0.1230 | rollout: 4.817s | update: 0.162s | total: 4.979s | samples/s: 12854
Iteration 0702 | train reward: 92.39 | best: 1599.59 | KL: 6.189e-04 | std: 0.1230 | rollout: 4.989s | update: 0.155s | total: 5.144s | samples/s: 12442
Iteration 0703 | train reward: 91.27 | best: 1599.59 | KL: 6.472e-04 | std: 0.1232 | rollout: 5.064s | update: 0.153s | total: 5.217s | samples/s: 12267
Iteration 0704 | train reward: 92.85 | best: 1599.59 | KL: 5.744e-04 | std: 0.1235 | rollout: 5.393s | update: 0.229s | total: 5.622s | samples/s: 11383
Iteration 0705 | train reward: 95.01 | best: 1599.59 | KL: 1.959e-01 | std: 0.1235 | rollout: 5.886s | update: 0.222s | total: 6.107s | samples/s: 10479
Iteration 0706 | train reward: 91.63 | best: 1599.59 | KL: 6.761e-04 | std: 0.1237 | rollout: 5.141s | update: 0.154s | total: 5.295s | samples/s: 12088
Iteration 0707 | train reward: 89.56 | best: 1599.59 | KL: 4.802e-04 | std: 0.1237 | rollout: 5.167s | update: 0.150s | total: 5.317s | samples/s: 12038
Iteration 0708 | train reward: 93.29 | best: 1599.59 | KL: 8.279e-04 | std: 0.1237 | rollout: 4.917s | update: 0.176s | total: 5.093s | samples/s: 12567
Iteration 0709 | train reward: 91.50 | best: 1599.59 | KL: 5.012e-04 | std: 0.1237 | rollout: 5.177s | update: 0.175s | total: 5.351s | samples/s: 11960
Iteration 0710 | train reward: 92.06 | best: 1599.59 | KL: 5.759e-04 | std: 0.1239 | rollout: 5.027s | update: 0.154s | total: 5.181s | samples/s: 12353
Iteration 0711 | train reward: 93.44 | best: 1599.59 | KL: 5.639e-04 | std: 0.1241 | rollout: 5.117s | update: 0.236s | total: 5.354s | samples/s: 11955
Iteration 0712 | train reward: 95.27 | best: 1599.59 | KL: 1.113e+00 | std: 0.1242 | rollout: 4.988s | update: 0.163s | total: 5.151s | samples/s: 12425
Iteration 0713 | train reward: 89.64 | best: 1599.59 | KL: 6.552e-04 | std: 0.1243 | rollout: 4.959s | update: 0.158s | total: 5.116s | samples/s: 12509
Iteration 0714 | train reward: 91.59 | best: 1599.59 | KL: 2.799e-03 | std: 0.1243 | rollout: 5.115s | update: 0.153s | total: 5.268s | samples/s: 12149
Iteration 0715 | train reward: 92.18 | best: 1599.59 | KL: 6.803e-04 | std: 0.1243 | rollout: 5.298s | update: 0.193s | total: 5.491s | samples/s: 11654
Iteration 0716 | train reward: 94.20 | best: 1599.59 | KL: 1.721e-03 | std: 0.1244 | rollout: 5.615s | update: 0.247s | total: 5.861s | samples/s: 10919
Iteration 0717 | train reward: 96.75 | best: 1599.59 | KL: 8.481e-04 | std: 0.1245 | rollout: 5.092s | update: 0.255s | total: 5.347s | samples/s: 11969
Iteration 0718 | train reward: 97.90 | best: 1599.59 | KL: 1.027e-03 | std: 0.1246 | rollout: 4.890s | update: 0.228s | total: 5.117s | samples/s: 12506
Iteration 0719 | train reward: 96.22 | best: 1599.59 | KL: 9.843e-03 | std: 0.1248 | rollout: 5.031s | update: 0.158s | total: 5.189s | samples/s: 12334
Iteration 0720 | train reward: 103.91 | best: 1599.59 | KL: 6.511e-04 | std: 0.1250 | rollout: 4.928s | update: 0.165s | total: 5.093s | samples/s: 12567
Iteration 0721 | train reward: 103.18 | best: 1599.59 | KL: 1.609e-03 | std: 0.1250 | rollout: 5.351s | update: 0.294s | total: 5.645s | samples/s: 11338
Iteration 0722 | train reward: 103.09 | best: 1599.59 | KL: 6.664e-04 | std: 0.1250 | rollout: 5.439s | update: 0.253s | total: 5.691s | samples/s: 11245
Iteration 0723 | train reward: 104.78 | best: 1599.59 | KL: 8.174e-04 | std: 0.1252 | rollout: 5.427s | update: 0.267s | total: 5.694s | samples/s: 11240
Iteration 0724 | train reward: 106.41 | best: 1599.59 | KL: 6.379e-04 | std: 0.1254 | rollout: 5.658s | update: 0.158s | total: 5.816s | samples/s: 11004
Iteration 0725 | train reward: 105.76 | best: 1599.59 | KL: 6.929e-02 | std: 0.1257 | rollout: 5.145s | update: 0.182s | total: 5.327s | samples/s: 12013
Iteration 0726 | train reward: 108.42 | best: 1599.59 | KL: 8.389e-04 | std: 0.1257 | rollout: 5.381s | update: 0.159s | total: 5.540s | samples/s: 11553
Iteration 0727 | train reward: 111.48 | best: 1599.59 | KL: 7.612e-04 | std: 0.1258 | rollout: 5.103s | update: 0.182s | total: 5.284s | samples/s: 12111
Iteration 0728 | train reward: 112.40 | best: 1599.59 | KL: 8.456e-04 | std: 0.1261 | rollout: 5.056s | update: 0.165s | total: 5.221s | samples/s: 12258
Iteration 0729 | train reward: 110.38 | best: 1599.59 | KL: 2.543e-03 | std: 0.1263 | rollout: 5.201s | update: 0.168s | total: 5.369s | samples/s: 11920
Iteration 0730 | train reward: 113.66 | best: 1599.59 | KL: 6.757e-04 | std: 0.1263 | rollout: 4.988s | update: 0.225s | total: 5.213s | samples/s: 12277
Iteration 0731 | train reward: 114.55 | best: 1599.59 | KL: 9.570e-04 | std: 0.1265 | rollout: 4.823s | update: 0.156s | total: 4.979s | samples/s: 12854
Iteration 0732 | train reward: 114.93 | best: 1599.59 | KL: 8.932e-04 | std: 0.1263 | rollout: 4.955s | update: 0.152s | total: 5.106s | samples/s: 12534
Iteration 0733 | train reward: 114.66 | best: 1599.59 | KL: 9.777e-04 | std: 0.1265 | rollout: 5.030s | update: 0.174s | total: 5.205s | samples/s: 12297
Iteration 0734 | train reward: 118.13 | best: 1599.59 | KL: 4.990e-03 | std: 0.1265 | rollout: 4.999s | update: 0.154s | total: 5.153s | samples/s: 12419
Iteration 0735 | train reward: 116.51 | best: 1599.59 | KL: 7.837e-04 | std: 0.1267 | rollout: 5.005s | update: 0.209s | total: 5.214s | samples/s: 12275
Iteration 0736 | train reward: 117.67 | best: 1599.59 | KL: 9.359e-04 | std: 0.1270 | rollout: 5.086s | update: 0.166s | total: 5.251s | samples/s: 12187
Iteration 0737 | train reward: 121.09 | best: 1599.59 | KL: 9.856e-04 | std: 0.1272 | rollout: 5.240s | update: 0.175s | total: 5.414s | samples/s: 11820
Iteration 0738 | train reward: 121.22 | best: 1599.59 | KL: 8.923e-04 | std: 0.1270 | rollout: 5.107s | update: 0.151s | total: 5.258s | samples/s: 12172
Iteration 0739 | train reward: 121.24 | best: 1599.59 | KL: 8.903e-04 | std: 0.1271 | rollout: 4.860s | update: 0.150s | total: 5.010s | samples/s: 12773
Iteration 0740 | train reward: 125.28 | best: 1599.59 | KL: 1.045e-03 | std: 0.1274 | rollout: 5.086s | update: 0.157s | total: 5.243s | samples/s: 12208
Iteration 0741 | train reward: 127.06 | best: 1599.59 | KL: 1.037e-03 | std: 0.1276 | rollout: 5.094s | update: 0.177s | total: 5.272s | samples/s: 12140
Iteration 0742 | train reward: 127.71 | best: 1599.59 | KL: 9.460e-04 | std: 0.1278 | rollout: 4.985s | update: 0.179s | total: 5.164s | samples/s: 12393
Iteration 0743 | train reward: 129.27 | best: 1599.59 | KL: 1.014e-03 | std: 0.1280 | rollout: 5.029s | update: 0.142s | total: 5.171s | samples/s: 12377
Iteration 0744 | train reward: 128.81 | best: 1599.59 | KL: 1.667e-01 | std: 0.1283 | rollout: 4.998s | update: 0.202s | total: 5.200s | samples/s: 12308
Iteration 0745 | train reward: 129.95 | best: 1599.59 | KL: 9.281e-04 | std: 0.1284 | rollout: 5.059s | update: 0.162s | total: 5.220s | samples/s: 12260
Iteration 0746 | train reward: 127.87 | best: 1599.59 | KL: 3.489e-01 | std: 0.1287 | rollout: 4.962s | update: 0.175s | total: 5.137s | samples/s: 12458
Iteration 0747 | train reward: 127.15 | best: 1599.59 | KL: 1.017e-03 | std: 0.1289 | rollout: 5.365s | update: 0.194s | total: 5.560s | samples/s: 11511
Iteration 0748 | train reward: 128.56 | best: 1599.59 | KL: 1.407e-03 | std: 0.1289 | rollout: 4.988s | update: 0.186s | total: 5.174s | samples/s: 12370
Iteration 0749 | train reward: 129.77 | best: 1599.59 | KL: 1.048e-03 | std: 0.1289 | rollout: 5.033s | update: 0.274s | total: 5.307s | samples/s: 12060
Iteration 0750 | train reward: 129.98 | best: 1599.59 | KL: 1.251e-03 | std: 0.1289 | rollout: 5.122s | update: 0.160s | total: 5.282s | samples/s: 12117
Iteration 0751 | train reward: 132.68 | best: 1599.59 | KL: 1.048e-03 | std: 0.1294 | rollout: 5.150s | update: 0.160s | total: 5.310s | samples/s: 12052
Iteration 0752 | train reward: 133.12 | best: 1599.59 | KL: 1.117e-03 | std: 0.1291 | rollout: 4.924s | update: 0.156s | total: 5.079s | samples/s: 12600
Iteration 0753 | train reward: 135.09 | best: 1599.59 | KL: 1.304e-03 | std: 0.1295 | rollout: 4.931s | update: 0.162s | total: 5.094s | samples/s: 12565
Iteration 0754 | train reward: 138.48 | best: 1599.59 | KL: 1.960e+01 | std: 0.1297 | rollout: 4.964s | update: 0.182s | total: 5.146s | samples/s: 12437
Iteration 0755 | train reward: 214.46 | best: 1599.59 | KL: 2.260e-03 | std: 0.1300 | rollout: 4.947s | update: 0.187s | total: 5.134s | samples/s: 12466
Iteration 0756 | train reward: 215.87 | best: 1599.59 | KL: 2.536e-03 | std: 0.1302 | rollout: 5.048s | update: 0.145s | total: 5.193s | samples/s: 12323
Iteration 0757 | train reward: 213.77 | best: 1599.59 | KL: 3.961e-03 | std: 0.1300 | rollout: 5.107s | update: 0.221s | total: 5.328s | samples/s: 12012
Iteration 0758 | train reward: 217.12 | best: 1599.59 | KL: 1.672e-02 | std: 0.1302 | rollout: 5.317s | update: 0.157s | total: 5.475s | samples/s: 11690
Iteration 0759 | train reward: 216.65 | best: 1599.59 | KL: 2.836e-03 | std: 0.1302 | rollout: 4.971s | update: 0.154s | total: 5.124s | samples/s: 12489
Iteration 0760 | train reward: 220.03 | best: 1599.59 | KL: 1.360e-01 | std: 0.1303 | rollout: 5.259s | update: 0.171s | total: 5.430s | samples/s: 11786
Iteration 0761 | train reward: 224.54 | best: 1599.59 | KL: 2.799e-03 | std: 0.1304 | rollout: 5.523s | update: 0.160s | total: 5.683s | samples/s: 11262
Iteration 0762 | train reward: 228.01 | best: 1599.59 | KL: 3.404e-03 | std: 0.1306 | rollout: 5.177s | update: 0.164s | total: 5.341s | samples/s: 11983
Iteration 0763 | train reward: 231.09 | best: 1599.59 | KL: 3.077e-03 | std: 0.1309 | rollout: 5.279s | update: 0.202s | total: 5.481s | samples/s: 11676
Iteration 0764 | train reward: 233.51 | best: 1599.59 | KL: 2.479e-03 | std: 0.1310 | rollout: 5.001s | update: 0.152s | total: 5.152s | samples/s: 12421
Iteration 0765 | train reward: 232.30 | best: 1599.59 | KL: 3.287e-03 | std: 0.1310 | rollout: 5.049s | update: 0.205s | total: 5.253s | samples/s: 12183
Iteration 0766 | train reward: 235.58 | best: 1599.59 | KL: 4.391e-01 | std: 0.1308 | rollout: 4.920s | update: 0.237s | total: 5.157s | samples/s: 12411
Iteration 0767 | train reward: 236.82 | best: 1599.59 | KL: 3.416e-03 | std: 0.1308 | rollout: 4.950s | update: 0.169s | total: 5.119s | samples/s: 12503
Iteration 0768 | train reward: 241.68 | best: 1599.59 | KL: 3.573e-02 | std: 0.1306 | rollout: 5.084s | update: 0.169s | total: 5.253s | samples/s: 12184
Iteration 0769 | train reward: 247.02 | best: 1599.59 | KL: 3.682e-03 | std: 0.1307 | rollout: 4.993s | update: 0.132s | total: 5.125s | samples/s: 12487
Iteration 0770 | train reward: 247.32 | best: 1599.59 | KL: 1.114e-02 | std: 0.1304 | rollout: 5.065s | update: 0.143s | total: 5.208s | samples/s: 12289
Iteration 0771 | train reward: 248.44 | best: 1599.59 | KL: 3.613e-03 | std: 0.1307 | rollout: 5.345s | update: 0.132s | total: 5.477s | samples/s: 11685
Iteration 0772 | train reward: 254.73 | best: 1599.59 | KL: 3.675e-03 | std: 0.1307 | rollout: 5.624s | update: 0.190s | total: 5.814s | samples/s: 11009
Iteration 0773 | train reward: 257.39 | best: 1599.59 | KL: 4.162e-03 | std: 0.1308 | rollout: 4.875s | update: 0.151s | total: 5.026s | samples/s: 12733
Iteration 0774 | train reward: 262.47 | best: 1599.59 | KL: 4.452e-03 | std: 0.1309 | rollout: 4.944s | update: 0.136s | total: 5.080s | samples/s: 12598
Iteration 0775 | train reward: 260.41 | best: 1599.59 | KL: 5.355e-03 | std: 0.1304 | rollout: 5.040s | update: 0.138s | total: 5.177s | samples/s: 12361
Iteration 0776 | train reward: 262.65 | best: 1599.59 | KL: 3.723e-03 | std: 0.1302 | rollout: 5.105s | update: 0.141s | total: 5.246s | samples/s: 12199
Iteration 0777 | train reward: 268.33 | best: 1599.59 | KL: 4.039e-03 | std: 0.1302 | rollout: 5.044s | update: 0.137s | total: 5.182s | samples/s: 12351
Iteration 0778 | train reward: 270.91 | best: 1599.59 | KL: 4.533e-03 | std: 0.1302 | rollout: 5.123s | update: 0.136s | total: 5.259s | samples/s: 12169
Iteration 0779 | train reward: 273.68 | best: 1599.59 | KL: 4.945e-03 | std: 0.1304 | rollout: 5.015s | update: 0.127s | total: 5.142s | samples/s: 12446
Iteration 0780 | train reward: 276.01 | best: 1599.59 | KL: 3.975e-03 | std: 0.1303 | rollout: 5.081s | update: 0.162s | total: 5.243s | samples/s: 12206
Iteration 0781 | train reward: 274.61 | best: 1599.59 | KL: 5.875e-03 | std: 0.1298 | rollout: 4.913s | update: 0.150s | total: 5.063s | samples/s: 12640
Iteration 0782 | train reward: 275.91 | best: 1599.59 | KL: 1.586e-02 | std: 0.1302 | rollout: 4.976s | update: 0.191s | total: 5.167s | samples/s: 12387
Iteration 0783 | train reward: 280.90 | best: 1599.59 | KL: 4.615e-03 | std: 0.1304 | rollout: 5.002s | update: 0.141s | total: 5.144s | samples/s: 12442
Iteration 0784 | train reward: 281.52 | best: 1599.59 | KL: 6.153e-02 | std: 0.1309 | rollout: 5.049s | update: 0.144s | total: 5.192s | samples/s: 12326
Iteration 0785 | train reward: 282.83 | best: 1599.59 | KL: 5.616e-03 | std: 0.1309 | rollout: 5.046s | update: 0.146s | total: 5.192s | samples/s: 12326
Iteration 0786 | train reward: 289.17 | best: 1599.59 | KL: 1.485e-02 | std: 0.1306 | rollout: 4.965s | update: 0.192s | total: 5.157s | samples/s: 12409
Iteration 0787 | train reward: 289.32 | best: 1599.59 | KL: 6.044e-03 | std: 0.1307 | rollout: 5.106s | update: 0.182s | total: 5.289s | samples/s: 12101
Iteration 0788 | train reward: 293.54 | best: 1599.59 | KL: 9.601e-03 | std: 0.1302 | rollout: 4.834s | update: 0.150s | total: 4.985s | samples/s: 12839
Iteration 0789 | train reward: 297.72 | best: 1599.59 | KL: 4.575e-03 | std: 0.1307 | rollout: 4.947s | update: 0.144s | total: 5.091s | samples/s: 12571
Iteration 0790 | train reward: 299.46 | best: 1599.59 | KL: 5.543e-03 | std: 0.1300 | rollout: 4.999s | update: 0.172s | total: 5.172s | samples/s: 12375
Iteration 0791 | train reward: 296.27 | best: 1599.59 | KL: 5.879e-03 | std: 0.1302 | rollout: 5.124s | update: 0.138s | total: 5.262s | samples/s: 12163
Iteration 0792 | train reward: 305.88 | best: 1599.59 | KL: 3.956e-02 | std: 0.1304 | rollout: 5.076s | update: 0.203s | total: 5.279s | samples/s: 12125
Iteration 0793 | train reward: 308.93 | best: 1599.59 | KL: 5.195e-03 | std: 0.1304 | rollout: 5.082s | update: 0.151s | total: 5.233s | samples/s: 12229
Iteration 0794 | train reward: 312.13 | best: 1599.59 | KL: 2.113e-02 | std: 0.1304 | rollout: 4.962s | update: 0.187s | total: 5.149s | samples/s: 12431
Iteration 0795 | train reward: 313.19 | best: 1599.59 | KL: 2.094e-02 | std: 0.1308 | rollout: 5.029s | update: 0.163s | total: 5.191s | samples/s: 12328
Iteration 0796 | train reward: 315.18 | best: 1599.59 | KL: 6.332e-03 | std: 0.1307 | rollout: 4.841s | update: 0.215s | total: 5.056s | samples/s: 12657
Iteration 0797 | train reward: 317.86 | best: 1599.59 | KL: 6.903e-03 | std: 0.1309 | rollout: 5.062s | update: 0.149s | total: 5.210s | samples/s: 12283
Iteration 0798 | train reward: 323.24 | best: 1599.59 | KL: 9.857e-03 | std: 0.1304 | rollout: 5.024s | update: 0.148s | total: 5.172s | samples/s: 12374
Iteration 0799 | train reward: 320.37 | best: 1599.59 | KL: 6.230e-03 | std: 0.1303 | rollout: 4.975s | update: 0.157s | total: 5.132s | samples/s: 12471
Iteration 0800 | train reward: 322.02 | best: 1599.59 | KL: 3.431e-02 | std: 0.1296 | rollout: 4.849s | update: 0.163s | total: 5.012s | samples/s: 12770
Iteration 0801 | train reward: 325.47 | best: 1599.59 | KL: 5.841e-03 | std: 0.1289 | rollout: 5.115s | update: 0.143s | total: 5.259s | samples/s: 12170
Iteration 0802 | train reward: 325.80 | best: 1599.59 | KL: 1.076e-02 | std: 0.1289 | rollout: 5.090s | update: 0.145s | total: 5.234s | samples/s: 12227
Iteration 0803 | train reward: 325.13 | best: 1599.59 | KL: 5.635e-03 | std: 0.1291 | rollout: 5.158s | update: 0.145s | total: 5.303s | samples/s: 12068
Iteration 0804 | train reward: 326.51 | best: 1599.59 | KL: 1.279e-02 | std: 0.1291 | rollout: 5.105s | update: 0.158s | total: 5.263s | samples/s: 12160
Iteration 0805 | train reward: 329.30 | best: 1599.59 | KL: 1.907e-02 | std: 0.1293 | rollout: 4.954s | update: 0.212s | total: 5.166s | samples/s: 12389
Iteration 0806 | train reward: 327.58 | best: 1599.59 | KL: 6.276e-03 | std: 0.1291 | rollout: 4.842s | update: 0.159s | total: 5.001s | samples/s: 12797
Iteration 0807 | train reward: 330.65 | best: 1599.59 | KL: 3.992e-02 | std: 0.1295 | rollout: 4.984s | update: 0.157s | total: 5.142s | samples/s: 12447
Iteration 0808 | train reward: 336.47 | best: 1599.59 | KL: 9.033e-03 | std: 0.1295 | rollout: 4.864s | update: 0.143s | total: 5.006s | samples/s: 12784
Iteration 0809 | train reward: 336.32 | best: 1599.59 | KL: 2.098e+04 | std: 0.1296 | rollout: 5.081s | update: 0.161s | total: 5.242s | samples/s: 12209
Iteration 0810 | train reward: -303.12 | best: 1599.59 | KL: 1.377e-01 | std: 0.1296 | rollout: 4.976s | update: 0.143s | total: 5.119s | samples/s: 12503
Iteration 0811 | train reward: -303.27 | best: 1599.59 | KL: 4.224e-02 | std: 0.1298 | rollout: 4.882s | update: 0.146s | total: 5.027s | samples/s: 12730
Iteration 0812 | train reward: -303.23 | best: 1599.59 | KL: 1.440e-01 | std: 0.1302 | rollout: 4.915s | update: 0.147s | total: 5.062s | samples/s: 12644
Iteration 0813 | train reward: -303.28 | best: 1599.59 | KL: 6.279e-02 | std: 0.1297 | rollout: 5.013s | update: 0.146s | total: 5.159s | samples/s: 12406
Iteration 0814 | train reward: -303.32 | best: 1599.59 | KL: 4.906e+00 | std: 0.1296 | rollout: 4.911s | update: 0.150s | total: 5.061s | samples/s: 12644
Iteration 0815 | train reward: -303.22 | best: 1599.59 | KL: 8.743e-01 | std: 0.1296 | rollout: 5.130s | update: 0.144s | total: 5.274s | samples/s: 12134
Iteration 0816 | train reward: -303.17 | best: 1599.59 | KL: 3.184e-02 | std: 0.1298 | rollout: 4.970s | update: 0.149s | total: 5.118s | samples/s: 12504
Iteration 0817 | train reward: -303.21 | best: 1599.59 | KL: 4.797e+03 | std: 0.1304 | rollout: 5.039s | update: 0.146s | total: 5.185s | samples/s: 12343
Iteration 0818 | train reward: -235.66 | best: 1599.59 | KL: 7.155e-03 | std: 0.1309 | rollout: 5.275s | update: 0.154s | total: 5.429s | samples/s: 11789
Iteration 0819 | train reward: -220.46 | best: 1599.59 | KL: 1.031e-02 | std: 0.1309 | rollout: 5.142s | update: 0.144s | total: 5.286s | samples/s: 12107
Iteration 0820 | train reward: -202.41 | best: 1599.59 | KL: 9.561e-03 | std: 0.1309 | rollout: 5.167s | update: 0.145s | total: 5.312s | samples/s: 12049
Iteration 0821 | train reward: -213.41 | best: 1599.59 | KL: 7.456e-03 | std: 0.1307 | rollout: 5.048s | update: 0.152s | total: 5.200s | samples/s: 12308
Iteration 0822 | train reward: -217.77 | best: 1599.59 | KL: 8.433e-03 | std: 0.1304 | rollout: 5.100s | update: 0.166s | total: 5.266s | samples/s: 12154
Iteration 0823 | train reward: -216.64 | best: 1599.59 | KL: 8.196e-03 | std: 0.1306 | rollout: 5.078s | update: 0.158s | total: 5.236s | samples/s: 12223
Iteration 0824 | train reward: -230.24 | best: 1599.59 | KL: 1.127e-02 | std: 0.1304 | rollout: 4.931s | update: 0.147s | total: 5.078s | samples/s: 12604
Iteration 0825 | train reward: -197.19 | best: 1599.59 | KL: 1.014e-02 | std: 0.1302 | rollout: 4.953s | update: 0.163s | total: 5.116s | samples/s: 12510
Iteration 0826 | train reward: -205.38 | best: 1599.59 | KL: 1.034e-02 | std: 0.1302 | rollout: 5.060s | update: 0.163s | total: 5.223s | samples/s: 12254
Iteration 0827 | train reward: -209.74 | best: 1599.59 | KL: 1.021e-02 | std: 0.1302 | rollout: 4.918s | update: 0.183s | total: 5.102s | samples/s: 12545
Iteration 0828 | train reward: -206.48 | best: 1599.59 | KL: 7.780e-03 | std: 0.1303 | rollout: 5.080s | update: 0.290s | total: 5.370s | samples/s: 11918
Iteration 0829 | train reward: -207.51 | best: 1599.59 | KL: 1.195e-02 | std: 0.1302 | rollout: 5.299s | update: 0.184s | total: 5.483s | samples/s: 11672
Iteration 0830 | train reward: -215.59 | best: 1599.59 | KL: 8.143e-03 | std: 0.1307 | rollout: 4.842s | update: 0.165s | total: 5.007s | samples/s: 12783
Iteration 0831 | train reward: -194.93 | best: 1599.59 | KL: 7.748e-03 | std: 0.1308 | rollout: 4.880s | update: 0.158s | total: 5.039s | samples/s: 12702
Iteration 0832 | train reward: -210.18 | best: 1599.59 | KL: 9.039e-03 | std: 0.1310 | rollout: 5.016s | update: 0.163s | total: 5.178s | samples/s: 12359
Iteration 0833 | train reward: -214.89 | best: 1599.59 | KL: 7.732e-03 | std: 0.1307 | rollout: 4.991s | update: 0.155s | total: 5.145s | samples/s: 12439
Iteration 0834 | train reward: -210.38 | best: 1599.59 | KL: 9.220e-03 | std: 0.1302 | rollout: 4.959s | update: 0.157s | total: 5.116s | samples/s: 12509
Iteration 0835 | train reward: -214.47 | best: 1599.59 | KL: 1.048e-02 | std: 0.1308 | rollout: 4.944s | update: 0.200s | total: 5.144s | samples/s: 12441
Iteration 0836 | train reward: -215.87 | best: 1599.59 | KL: 9.618e-03 | std: 0.1307 | rollout: 4.888s | update: 0.240s | total: 5.128s | samples/s: 12481
Iteration 0837 | train reward: -218.20 | best: 1599.59 | KL: 9.781e-03 | std: 0.1310 | rollout: 5.063s | update: 0.152s | total: 5.216s | samples/s: 12271
Iteration 0838 | train reward: -219.94 | best: 1599.59 | KL: 8.532e-03 | std: 0.1315 | rollout: 4.913s | update: 0.167s | total: 5.080s | samples/s: 12598
Iteration 0839 | train reward: -218.56 | best: 1599.59 | KL: 8.344e-03 | std: 0.1315 | rollout: 5.115s | update: 0.159s | total: 5.274s | samples/s: 12135
Iteration 0840 | train reward: -223.44 | best: 1599.59 | KL: 7.786e-03 | std: 0.1310 | rollout: 4.950s | update: 0.155s | total: 5.105s | samples/s: 12538
Iteration 0841 | train reward: -212.28 | best: 1599.59 | KL: 6.718e-03 | std: 0.1315 | rollout: 4.954s | update: 0.154s | total: 5.108s | samples/s: 12530
Iteration 0842 | train reward: -199.31 | best: 1599.59 | KL: 8.013e-03 | std: 0.1321 | rollout: 4.992s | update: 0.155s | total: 5.148s | samples/s: 12433
Iteration 0843 | train reward: -206.03 | best: 1599.59 | KL: 1.067e-02 | std: 0.1320 | rollout: 5.008s | update: 0.151s | total: 5.158s | samples/s: 12407
Iteration 0844 | train reward: -202.69 | best: 1599.59 | KL: 8.986e-03 | std: 0.1322 | rollout: 4.997s | update: 0.217s | total: 5.214s | samples/s: 12275
Iteration 0845 | train reward: -221.91 | best: 1599.59 | KL: 7.379e-03 | std: 0.1321 | rollout: 5.072s | update: 0.225s | total: 5.296s | samples/s: 12084
Iteration 0846 | train reward: -225.63 | best: 1599.59 | KL: 6.501e-03 | std: 0.1328 | rollout: 4.962s | update: 0.151s | total: 5.113s | samples/s: 12517
Iteration 0847 | train reward: -218.06 | best: 1599.59 | KL: 1.064e-02 | std: 0.1322 | rollout: 5.180s | update: 0.169s | total: 5.349s | samples/s: 11964
Iteration 0848 | train reward: -197.62 | best: 1599.59 | KL: 8.022e-03 | std: 0.1320 | rollout: 5.168s | update: 0.208s | total: 5.375s | samples/s: 11906
Iteration 0849 | train reward: -214.48 | best: 1599.59 | KL: 7.356e-03 | std: 0.1316 | rollout: 4.977s | update: 0.150s | total: 5.127s | samples/s: 12484
Iteration 0850 | train reward: -217.83 | best: 1599.59 | KL: 8.367e-03 | std: 0.1320 | rollout: 5.322s | update: 0.213s | total: 5.535s | samples/s: 11562
Iteration 0851 | train reward: -214.95 | best: 1599.59 | KL: 1.095e-02 | std: 0.1322 | rollout: 5.047s | update: 0.150s | total: 5.197s | samples/s: 12314
Iteration 0852 | train reward: -201.34 | best: 1599.59 | KL: 8.841e-03 | std: 0.1317 | rollout: 5.201s | update: 0.162s | total: 5.363s | samples/s: 11935
Iteration 0853 | train reward: -211.03 | best: 1599.59 | KL: 1.092e-02 | std: 0.1316 | rollout: 5.293s | update: 0.234s | total: 5.527s | samples/s: 11580
Iteration 0854 | train reward: -193.76 | best: 1599.59 | KL: 9.054e-03 | std: 0.1315 | rollout: 5.675s | update: 0.418s | total: 6.093s | samples/s: 10505
Iteration 0855 | train reward: -209.10 | best: 1599.59 | KL: 1.032e-02 | std: 0.1317 | rollout: 5.863s | update: 0.171s | total: 6.034s | samples/s: 10607
Iteration 0856 | train reward: -223.03 | best: 1599.59 | KL: 8.970e-03 | std: 0.1316 | rollout: 5.211s | update: 0.153s | total: 5.363s | samples/s: 11933
Iteration 0857 | train reward: -208.71 | best: 1599.59 | KL: 9.071e-03 | std: 0.1311 | rollout: 4.862s | update: 0.164s | total: 5.026s | samples/s: 12733
Iteration 0858 | train reward: -196.39 | best: 1599.59 | KL: 9.655e-03 | std: 0.1307 | rollout: 5.239s | update: 0.158s | total: 5.397s | samples/s: 11858
Iteration 0859 | train reward: -209.23 | best: 1599.59 | KL: 8.191e-03 | std: 0.1309 | rollout: 5.142s | update: 0.165s | total: 5.308s | samples/s: 12058
Iteration 0860 | train reward: -214.94 | best: 1599.59 | KL: 9.356e-03 | std: 0.1315 | rollout: 5.027s | update: 0.160s | total: 5.187s | samples/s: 12340
Iteration 0861 | train reward: -207.15 | best: 1599.59 | KL: 9.643e-03 | std: 0.1308 | rollout: 4.959s | update: 0.151s | total: 5.111s | samples/s: 12523
Iteration 0862 | train reward: -224.73 | best: 1599.59 | KL: 9.192e-03 | std: 0.1304 | rollout: 4.916s | update: 0.165s | total: 5.081s | samples/s: 12596
Iteration 0863 | train reward: -212.13 | best: 1599.59 | KL: 8.309e-03 | std: 0.1302 | rollout: 4.953s | update: 0.171s | total: 5.125s | samples/s: 12489
Iteration 0864 | train reward: -218.72 | best: 1599.59 | KL: 7.034e-03 | std: 0.1302 | rollout: 5.329s | update: 0.162s | total: 5.490s | samples/s: 11657
Iteration 0865 | train reward: -201.87 | best: 1599.59 | KL: 1.045e-02 | std: 0.1304 | rollout: 5.195s | update: 0.168s | total: 5.364s | samples/s: 11932
Iteration 0866 | train reward: -214.62 | best: 1599.59 | KL: 8.841e-03 | std: 0.1304 | rollout: 5.269s | update: 0.187s | total: 5.456s | samples/s: 11730
Iteration 0867 | train reward: -222.61 | best: 1599.59 | KL: 9.830e-03 | std: 0.1304 | rollout: 5.036s | update: 0.162s | total: 5.198s | samples/s: 12311
Iteration 0868 | train reward: -220.75 | best: 1599.59 | KL: 9.401e-03 | std: 0.1304 | rollout: 5.030s | update: 0.317s | total: 5.347s | samples/s: 11970
Iteration 0869 | train reward: -207.88 | best: 1599.59 | KL: 8.570e-03 | std: 0.1304 | rollout: 5.042s | update: 0.193s | total: 5.235s | samples/s: 12227
Iteration 0870 | train reward: -210.73 | best: 1599.59 | KL: 7.691e-03 | std: 0.1304 | rollout: 4.918s | update: 0.188s | total: 5.106s | samples/s: 12535
Iteration 0871 | train reward: -202.75 | best: 1599.59 | KL: 7.776e-03 | std: 0.1313 | rollout: 5.033s | update: 0.219s | total: 5.252s | samples/s: 12186
Iteration 0872 | train reward: -215.62 | best: 1599.59 | KL: 8.540e-03 | std: 0.1313 | rollout: 4.900s | update: 0.161s | total: 5.061s | samples/s: 12647
Iteration 0873 | train reward: -207.87 | best: 1599.59 | KL: 9.911e-03 | std: 0.1315 | rollout: 4.913s | update: 0.156s | total: 5.069s | samples/s: 12625
Iteration 0874 | train reward: -208.15 | best: 1599.59 | KL: 7.494e-03 | std: 0.1317 | rollout: 4.968s | update: 0.166s | total: 5.134s | samples/s: 12466
Iteration 0875 | train reward: -199.24 | best: 1599.59 | KL: 8.723e-03 | std: 0.1317 | rollout: 5.141s | update: 0.163s | total: 5.305s | samples/s: 12065
Iteration 0876 | train reward: -209.11 | best: 1599.59 | KL: 7.875e-03 | std: 0.1320 | rollout: 5.486s | update: 0.371s | total: 5.856s | samples/s: 10928
Iteration 0877 | train reward: -214.35 | best: 1599.59 | KL: 1.427e-02 | std: 0.1315 | rollout: 5.395s | update: 0.204s | total: 5.599s | samples/s: 11431
Iteration 0878 | train reward: -208.26 | best: 1599.59 | KL: 1.073e-02 | std: 0.1316 | rollout: 5.209s | update: 0.159s | total: 5.368s | samples/s: 11923
Iteration 0879 | train reward: -197.20 | best: 1599.59 | KL: 8.695e-03 | std: 0.1313 | rollout: 5.333s | update: 0.151s | total: 5.484s | samples/s: 11669
Iteration 0880 | train reward: -202.58 | best: 1599.59 | KL: 1.041e-02 | std: 0.1307 | rollout: 4.877s | update: 0.156s | total: 5.033s | samples/s: 12716
Iteration 0881 | train reward: -214.70 | best: 1599.59 | KL: 7.667e-03 | std: 0.1304 | rollout: 4.966s | update: 0.162s | total: 5.128s | samples/s: 12480
Iteration 0882 | train reward: -196.85 | best: 1599.59 | KL: 6.216e-03 | std: 0.1297 | rollout: 5.066s | update: 0.175s | total: 5.241s | samples/s: 12212
Iteration 0883 | train reward: -199.90 | best: 1599.59 | KL: 7.555e-03 | std: 0.1300 | rollout: 5.013s | update: 0.167s | total: 5.180s | samples/s: 12355
Iteration 0884 | train reward: -199.20 | best: 1599.59 | KL: 1.003e-02 | std: 0.1297 | rollout: 4.860s | update: 0.166s | total: 5.026s | samples/s: 12735
Iteration 0885 | train reward: -213.78 | best: 1599.59 | KL: 1.001e-02 | std: 0.1294 | rollout: 5.009s | update: 0.169s | total: 5.178s | samples/s: 12360
Iteration 0886 | train reward: -219.28 | best: 1599.59 | KL: 6.029e-03 | std: 0.1289 | rollout: 4.860s | update: 0.163s | total: 5.023s | samples/s: 12741
Iteration 0887 | train reward: -215.16 | best: 1599.59 | KL: 1.073e-02 | std: 0.1296 | rollout: 5.008s | update: 0.162s | total: 5.170s | samples/s: 12379
Iteration 0888 | train reward: -213.46 | best: 1599.59 | KL: 1.013e-02 | std: 0.1295 | rollout: 5.229s | update: 0.156s | total: 5.385s | samples/s: 11885
Iteration 0889 | train reward: -202.08 | best: 1599.59 | KL: 8.623e-03 | std: 0.1296 | rollout: 4.914s | update: 0.289s | total: 5.203s | samples/s: 12301
Iteration 0890 | train reward: -197.45 | best: 1599.59 | KL: 9.617e-03 | std: 0.1294 | rollout: 4.902s | update: 0.160s | total: 5.062s | samples/s: 12643
Iteration 0891 | train reward: -216.80 | best: 1599.59 | KL: 8.615e-03 | std: 0.1295 | rollout: 4.912s | update: 0.176s | total: 5.087s | samples/s: 12581
Iteration 0892 | train reward: -227.66 | best: 1599.59 | KL: 8.667e-03 | std: 0.1294 | rollout: 4.988s | update: 0.155s | total: 5.142s | samples/s: 12445
Iteration 0893 | train reward: -210.37 | best: 1599.59 | KL: 8.900e-03 | std: 0.1289 | rollout: 5.192s | update: 0.159s | total: 5.351s | samples/s: 11961
Iteration 0894 | train reward: -204.05 | best: 1599.59 | KL: 7.496e-03 | std: 0.1291 | rollout: 5.230s | update: 0.153s | total: 5.383s | samples/s: 11890
Iteration 0895 | train reward: -203.97 | best: 1599.59 | KL: 8.255e-03 | std: 0.1294 | rollout: 5.098s | update: 0.171s | total: 5.269s | samples/s: 12146
Iteration 0896 | train reward: -216.55 | best: 1599.59 | KL: 1.127e-02 | std: 0.1294 | rollout: 5.025s | update: 0.294s | total: 5.319s | samples/s: 12032
Iteration 0897 | train reward: -214.37 | best: 1599.59 | KL: 1.023e-02 | std: 0.1294 | rollout: 4.948s | update: 0.153s | total: 5.101s | samples/s: 12547
Iteration 0898 | train reward: -213.21 | best: 1599.59 | KL: 9.317e-03 | std: 0.1291 | rollout: 4.901s | update: 0.165s | total: 5.066s | samples/s: 12634
Iteration 0899 | train reward: -207.98 | best: 1599.59 | KL: 9.966e-03 | std: 0.1296 | rollout: 5.161s | update: 0.167s | total: 5.327s | samples/s: 12014
Iteration 0900 | train reward: -204.29 | best: 1599.59 | KL: 8.311e-03 | std: 0.1296 | rollout: 5.064s | update: 0.156s | total: 5.220s | samples/s: 12260
Iteration 0901 | train reward: -201.48 | best: 1599.59 | KL: 7.447e-03 | std: 0.1291 | rollout: 4.918s | update: 0.167s | total: 5.084s | samples/s: 12588
Iteration 0902 | train reward: -200.97 | best: 1599.59 | KL: 1.031e-02 | std: 0.1289 | rollout: 4.974s | update: 0.154s | total: 5.128s | samples/s: 12479
Iteration 0903 | train reward: -209.21 | best: 1599.59 | KL: 1.213e-02 | std: 0.1283 | rollout: 5.029s | update: 0.151s | total: 5.180s | samples/s: 12355
Iteration 0904 | train reward: -210.35 | best: 1599.59 | KL: 8.275e-03 | std: 0.1287 | rollout: 4.944s | update: 0.155s | total: 5.099s | samples/s: 12553
Iteration 0905 | train reward: -211.30 | best: 1599.59 | KL: 7.899e-03 | std: 0.1287 | rollout: 5.112s | update: 0.154s | total: 5.266s | samples/s: 12154
Iteration 0906 | train reward: -198.53 | best: 1599.59 | KL: 1.048e-02 | std: 0.1284 | rollout: 4.866s | update: 0.293s | total: 5.160s | samples/s: 12404
Iteration 0907 | train reward: -207.97 | best: 1599.59 | KL: 9.775e-03 | std: 0.1285 | rollout: 5.114s | update: 0.200s | total: 5.314s | samples/s: 12045
Iteration 0908 | train reward: -212.78 | best: 1599.59 | KL: 9.310e-03 | std: 0.1283 | rollout: 4.944s | update: 0.162s | total: 5.106s | samples/s: 12533
Iteration 0909 | train reward: -210.03 | best: 1599.59 | KL: 9.256e-03 | std: 0.1287 | rollout: 5.116s | update: 0.152s | total: 5.268s | samples/s: 12149
Iteration 0910 | train reward: -202.16 | best: 1599.59 | KL: 9.108e-03 | std: 0.1284 | rollout: 4.971s | update: 0.218s | total: 5.188s | samples/s: 12336
Iteration 0911 | train reward: -202.81 | best: 1599.59 | KL: 8.686e-03 | std: 0.1283 | rollout: 4.998s | update: 0.154s | total: 5.152s | samples/s: 12422
Iteration 0912 | train reward: -203.72 | best: 1599.59 | KL: 6.949e-03 | std: 0.1282 | rollout: 4.952s | update: 0.156s | total: 5.108s | samples/s: 12530
Iteration 0913 | train reward: -208.92 | best: 1599.59 | KL: 7.255e-03 | std: 0.1283 | rollout: 5.144s | update: 0.161s | total: 5.306s | samples/s: 12063
Iteration 0914 | train reward: -206.79 | best: 1599.59 | KL: 9.381e-03 | std: 0.1283 | rollout: 4.806s | update: 0.152s | total: 4.958s | samples/s: 12909
Iteration 0915 | train reward: -213.22 | best: 1599.59 | KL: 1.250e-02 | std: 0.1287 | rollout: 5.185s | update: 0.158s | total: 5.342s | samples/s: 11980
Iteration 0916 | train reward: -211.60 | best: 1599.59 | KL: 7.502e-03 | std: 0.1294 | rollout: 4.847s | update: 0.215s | total: 5.062s | samples/s: 12643
Iteration 0917 | train reward: -199.65 | best: 1599.59 | KL: 9.676e-03 | std: 0.1289 | rollout: 4.939s | update: 0.170s | total: 5.109s | samples/s: 12526
Iteration 0918 | train reward: -206.44 | best: 1599.59 | KL: 8.792e-03 | std: 0.1289 | rollout: 5.029s | update: 0.163s | total: 5.192s | samples/s: 12327
Iteration 0919 | train reward: -207.03 | best: 1599.59 | KL: 8.361e-03 | std: 0.1293 | rollout: 4.992s | update: 0.157s | total: 5.149s | samples/s: 12430
Iteration 0920 | train reward: -207.73 | best: 1599.59 | KL: 1.123e-02 | std: 0.1289 | rollout: 5.045s | update: 0.161s | total: 5.205s | samples/s: 12295
Iteration 0921 | train reward: -203.76 | best: 1599.59 | KL: 8.248e-03 | std: 0.1283 | rollout: 4.945s | update: 0.154s | total: 5.100s | samples/s: 12550
Iteration 0922 | train reward: -192.74 | best: 1599.59 | KL: 8.699e-03 | std: 0.1282 | rollout: 4.993s | update: 0.196s | total: 5.188s | samples/s: 12335
Iteration 0923 | train reward: -220.86 | best: 1599.59 | KL: 7.594e-03 | std: 0.1280 | rollout: 4.958s | update: 0.342s | total: 5.300s | samples/s: 12076
Iteration 0924 | train reward: -204.58 | best: 1599.59 | KL: 7.868e-03 | std: 0.1280 | rollout: 5.120s | update: 0.266s | total: 5.386s | samples/s: 11882
Iteration 0925 | train reward: -202.99 | best: 1599.59 | KL: 1.102e-02 | std: 0.1283 | rollout: 5.003s | update: 0.173s | total: 5.176s | samples/s: 12365
Iteration 0926 | train reward: -221.16 | best: 1599.59 | KL: 8.631e-03 | std: 0.1282 | rollout: 4.834s | update: 0.304s | total: 5.138s | samples/s: 12456
Iteration 0927 | train reward: -204.57 | best: 1599.59 | KL: 8.629e-03 | std: 0.1283 | rollout: 5.224s | update: 0.283s | total: 5.506s | samples/s: 11623
Iteration 0928 | train reward: -211.23 | best: 1599.59 | KL: 1.194e-02 | std: 0.1278 | rollout: 5.057s | update: 0.156s | total: 5.213s | samples/s: 12277
Iteration 0929 | train reward: -213.15 | best: 1599.59 | KL: 1.102e-02 | std: 0.1281 | rollout: 4.926s | update: 0.162s | total: 5.088s | samples/s: 12578
Iteration 0930 | train reward: -207.48 | best: 1599.59 | KL: 1.065e-02 | std: 0.1278 | rollout: 5.084s | update: 0.163s | total: 5.248s | samples/s: 12196
Iteration 0931 | train reward: -209.42 | best: 1599.59 | KL: 9.578e-03 | std: 0.1274 | rollout: 5.122s | update: 0.146s | total: 5.267s | samples/s: 12150
Iteration 0932 | train reward: -211.14 | best: 1599.59 | KL: 1.105e-02 | std: 0.1276 | rollout: 5.060s | update: 0.149s | total: 5.209s | samples/s: 12287
Iteration 0933 | train reward: -215.76 | best: 1599.59 | KL: 8.041e-03 | std: 0.1278 | rollout: 5.220s | update: 0.155s | total: 5.376s | samples/s: 11905
Iteration 0934 | train reward: -222.98 | best: 1599.59 | KL: 9.618e-03 | std: 0.1269 | rollout: 5.262s | update: 0.150s | total: 5.412s | samples/s: 11825
Iteration 0935 | train reward: -219.35 | best: 1599.59 | KL: 8.118e-03 | std: 0.1269 | rollout: 4.883s | update: 0.256s | total: 5.139s | samples/s: 12453
Iteration 0936 | train reward: -201.49 | best: 1599.59 | KL: 1.069e-02 | std: 0.1265 | rollout: 5.536s | update: 0.158s | total: 5.694s | samples/s: 11239
Iteration 0937 | train reward: -213.98 | best: 1599.59 | KL: 9.539e-03 | std: 0.1263 | rollout: 4.955s | update: 0.159s | total: 5.115s | samples/s: 12513
Iteration 0938 | train reward: -228.13 | best: 1599.59 | KL: 1.066e-02 | std: 0.1257 | rollout: 4.886s | update: 0.185s | total: 5.071s | samples/s: 12622
Iteration 0939 | train reward: -200.90 | best: 1599.59 | KL: 9.158e-03 | std: 0.1263 | rollout: 4.977s | update: 0.214s | total: 5.191s | samples/s: 12330
Iteration 0940 | train reward: -216.96 | best: 1599.59 | KL: 1.004e-02 | std: 0.1263 | rollout: 4.920s | update: 0.203s | total: 5.123s | samples/s: 12492
Iteration 0941 | train reward: -207.86 | best: 1599.59 | KL: 8.291e-03 | std: 0.1263 | rollout: 4.968s | update: 0.266s | total: 5.235s | samples/s: 12226
Iteration 0942 | train reward: -214.75 | best: 1599.59 | KL: 9.840e-03 | std: 0.1264 | rollout: 5.063s | update: 0.205s | total: 5.268s | samples/s: 12148
Iteration 0943 | train reward: -232.90 | best: 1599.59 | KL: 1.154e-02 | std: 0.1268 | rollout: 5.009s | update: 0.153s | total: 5.162s | samples/s: 12398
Iteration 0944 | train reward: -220.28 | best: 1599.59 | KL: 9.610e-03 | std: 0.1268 | rollout: 5.105s | update: 0.155s | total: 5.260s | samples/s: 12168
Iteration 0945 | train reward: -215.39 | best: 1599.59 | KL: 8.795e-03 | std: 0.1263 | rollout: 4.999s | update: 0.133s | total: 5.132s | samples/s: 12470
Iteration 0946 | train reward: -206.40 | best: 1599.59 | KL: 1.137e-02 | std: 0.1264 | rollout: 5.194s | update: 0.131s | total: 5.325s | samples/s: 12018
Iteration 0947 | train reward: -207.17 | best: 1599.59 | KL: 8.481e-03 | std: 0.1268 | rollout: 5.277s | update: 0.214s | total: 5.491s | samples/s: 11655
Iteration 0948 | train reward: -211.85 | best: 1599.59 | KL: 9.245e-03 | std: 0.1270 | rollout: 5.405s | update: 0.146s | total: 5.551s | samples/s: 11530
Iteration 0949 | train reward: -219.18 | best: 1599.59 | KL: 1.070e-02 | std: 0.1270 | rollout: 4.998s | update: 0.181s | total: 5.179s | samples/s: 12359
Iteration 0950 | train reward: -225.51 | best: 1599.59 | KL: 8.548e-03 | std: 0.1276 | rollout: 4.965s | update: 0.139s | total: 5.105s | samples/s: 12537
Iteration 0951 | train reward: -207.18 | best: 1599.59 | KL: 8.484e-03 | std: 0.1274 | rollout: 5.047s | update: 0.168s | total: 5.215s | samples/s: 12273
Iteration 0952 | train reward: -200.75 | best: 1599.59 | KL: 1.059e-02 | std: 0.1276 | rollout: 4.994s | update: 0.133s | total: 5.127s | samples/s: 12483
Iteration 0953 | train reward: -209.49 | best: 1599.59 | KL: 9.216e-03 | std: 0.1278 | rollout: 5.099s | update: 0.142s | total: 5.242s | samples/s: 12209
Iteration 0954 | train reward: -216.55 | best: 1599.59 | KL: 7.679e-03 | std: 0.1274 | rollout: 5.105s | update: 0.136s | total: 5.240s | samples/s: 12213
Iteration 0955 | train reward: -219.91 | best: 1599.59 | KL: 8.879e-03 | std: 0.1274 | rollout: 4.984s | update: 0.152s | total: 5.137s | samples/s: 12460
Iteration 0956 | train reward: -210.07 | best: 1599.59 | KL: 9.894e-03 | std: 0.1270 | rollout: 4.979s | update: 0.141s | total: 5.121s | samples/s: 12499
Iteration 0957 | train reward: -212.40 | best: 1599.59 | KL: 1.022e-02 | std: 0.1272 | rollout: 4.992s | update: 0.139s | total: 5.131s | samples/s: 12473
Iteration 0958 | train reward: -208.11 | best: 1599.59 | KL: 8.579e-03 | std: 0.1272 | rollout: 5.059s | update: 0.138s | total: 5.197s | samples/s: 12315
Iteration 0959 | train reward: -219.52 | best: 1599.59 | KL: 6.948e-03 | std: 0.1276 | rollout: 5.052s | update: 0.169s | total: 5.221s | samples/s: 12257
Iteration 0960 | train reward: -204.78 | best: 1599.59 | KL: 9.580e-03 | std: 0.1271 | rollout: 5.148s | update: 0.147s | total: 5.295s | samples/s: 12086
Iteration 0961 | train reward: -207.89 | best: 1599.59 | KL: 1.018e-02 | std: 0.1268 | rollout: 4.898s | update: 0.148s | total: 5.047s | samples/s: 12682
Iteration 0962 | train reward: -192.29 | best: 1599.59 | KL: 1.065e-02 | std: 0.1265 | rollout: 5.190s | update: 0.167s | total: 5.357s | samples/s: 11948
Iteration 0963 | train reward: -214.88 | best: 1599.59 | KL: 1.026e-02 | std: 0.1265 | rollout: 5.115s | update: 0.151s | total: 5.266s | samples/s: 12155
Iteration 0964 | train reward: -219.41 | best: 1599.59 | KL: 8.065e-03 | std: 0.1263 | rollout: 5.054s | update: 0.149s | total: 5.203s | samples/s: 12301
Iteration 0965 | train reward: -223.18 | best: 1599.59 | KL: 8.417e-03 | std: 0.1264 | rollout: 5.083s | update: 0.148s | total: 5.231s | samples/s: 12235
Iteration 0966 | train reward: -204.58 | best: 1599.59 | KL: 9.762e-03 | std: 0.1269 | rollout: 5.145s | update: 0.146s | total: 5.291s | samples/s: 12097
Iteration 0967 | train reward: -213.31 | best: 1599.59 | KL: 8.744e-03 | std: 0.1269 | rollout: 4.832s | update: 0.143s | total: 4.976s | samples/s: 12863
Iteration 0968 | train reward: -209.10 | best: 1599.59 | KL: 9.474e-03 | std: 0.1276 | rollout: 5.004s | update: 0.166s | total: 5.171s | samples/s: 12378
Iteration 0969 | train reward: -209.17 | best: 1599.59 | KL: 8.498e-03 | std: 0.1270 | rollout: 5.244s | update: 0.152s | total: 5.395s | samples/s: 11862
Iteration 0970 | train reward: -217.09 | best: 1599.59 | KL: 1.234e-02 | std: 0.1269 | rollout: 4.978s | update: 0.179s | total: 5.157s | samples/s: 12411
Iteration 0971 | train reward: -211.62 | best: 1599.59 | KL: 9.524e-03 | std: 0.1269 | rollout: 5.029s | update: 0.167s | total: 5.196s | samples/s: 12318
Iteration 0972 | train reward: -224.45 | best: 1599.59 | KL: 9.986e-03 | std: 0.1263 | rollout: 5.239s | update: 0.151s | total: 5.390s | samples/s: 11874
Iteration 0973 | train reward: -201.92 | best: 1599.59 | KL: 1.041e-02 | std: 0.1259 | rollout: 5.092s | update: 0.162s | total: 5.255s | samples/s: 12179
Iteration 0974 | train reward: -211.58 | best: 1599.59 | KL: 8.822e-03 | std: 0.1261 | rollout: 5.070s | update: 0.276s | total: 5.346s | samples/s: 11972
Iteration 0975 | train reward: -216.91 | best: 1599.59 | KL: 7.812e-03 | std: 0.1257 | rollout: 4.803s | update: 0.167s | total: 4.970s | samples/s: 12878
Iteration 0976 | train reward: -211.70 | best: 1599.59 | KL: 8.067e-03 | std: 0.1259 | rollout: 4.958s | update: 0.150s | total: 5.108s | samples/s: 12529
Iteration 0977 | train reward: -218.86 | best: 1599.59 | KL: 8.794e-03 | std: 0.1255 | rollout: 4.966s | update: 0.163s | total: 5.129s | samples/s: 12478
Iteration 0978 | train reward: -207.33 | best: 1599.59 | KL: 9.303e-03 | std: 0.1248 | rollout: 4.808s | update: 0.149s | total: 4.957s | samples/s: 12911
Iteration 0979 | train reward: -193.81 | best: 1599.59 | KL: 9.690e-03 | std: 0.1246 | rollout: 4.963s | update: 0.144s | total: 5.107s | samples/s: 12533
Iteration 0980 | train reward: -203.51 | best: 1599.59 | KL: 1.001e-02 | std: 0.1243 | rollout: 5.079s | update: 0.145s | total: 5.223s | samples/s: 12252
Iteration 0981 | train reward: -209.50 | best: 1599.59 | KL: 9.758e-03 | std: 0.1243 | rollout: 4.954s | update: 0.147s | total: 5.100s | samples/s: 12548
Iteration 0982 | train reward: -205.84 | best: 1599.59 | KL: 7.418e-03 | std: 0.1248 | rollout: 5.134s | update: 0.144s | total: 5.278s | samples/s: 12125
Iteration 0983 | train reward: -198.29 | best: 1599.59 | KL: 1.167e-02 | std: 0.1248 | rollout: 4.963s | update: 0.144s | total: 5.107s | samples/s: 12532
Iteration 0984 | train reward: -209.54 | best: 1599.59 | KL: 7.533e-03 | std: 0.1243 | rollout: 4.954s | update: 0.158s | total: 5.112s | samples/s: 12518
Iteration 0985 | train reward: -219.58 | best: 1599.59 | KL: 8.896e-03 | std: 0.1245 | rollout: 5.019s | update: 0.160s | total: 5.179s | samples/s: 12359
Iteration 0986 | train reward: -216.79 | best: 1599.59 | KL: 9.802e-03 | std: 0.1244 | rollout: 4.903s | update: 0.202s | total: 5.105s | samples/s: 12536
Iteration 0987 | train reward: -211.03 | best: 1599.59 | KL: 6.185e-03 | std: 0.1248 | rollout: 4.940s | update: 0.168s | total: 5.108s | samples/s: 12530
Iteration 0988 | train reward: -211.13 | best: 1599.59 | KL: 8.371e-03 | std: 0.1239 | rollout: 4.974s | update: 0.178s | total: 5.152s | samples/s: 12423
Iteration 0989 | train reward: -208.47 | best: 1599.59 | KL: 1.079e-02 | std: 0.1242 | rollout: 4.735s | update: 0.167s | total: 4.903s | samples/s: 13054
Iteration 0990 | train reward: -201.62 | best: 1599.59 | KL: 9.125e-03 | std: 0.1243 | rollout: 5.049s | update: 0.163s | total: 5.212s | samples/s: 12280
Iteration 0991 | train reward: -208.94 | best: 1599.59 | KL: 6.546e-03 | std: 0.1243 | rollout: 5.464s | update: 0.157s | total: 5.621s | samples/s: 11386
Iteration 0992 | train reward: -217.73 | best: 1599.59 | KL: 8.110e-03 | std: 0.1243 | rollout: 5.342s | update: 0.190s | total: 5.532s | samples/s: 11570
Iteration 0993 | train reward: -215.55 | best: 1599.59 | KL: 1.135e-02 | std: 0.1241 | rollout: 5.143s | update: 0.204s | total: 5.348s | samples/s: 11968
Iteration 0994 | train reward: -218.76 | best: 1599.59 | KL: 9.901e-03 | std: 0.1237 | rollout: 5.263s | update: 0.156s | total: 5.419s | samples/s: 11809
Iteration 0995 | train reward: -216.17 | best: 1599.59 | KL: 1.002e-02 | std: 0.1233 | rollout: 4.945s | update: 0.222s | total: 5.167s | samples/s: 12387
Iteration 0996 | train reward: -204.50 | best: 1599.59 | KL: 1.004e-02 | std: 0.1233 | rollout: 4.953s | update: 0.167s | total: 5.121s | samples/s: 12498
Iteration 0997 | train reward: -220.74 | best: 1599.59 | KL: 8.626e-03 | std: 0.1232 | rollout: 4.852s | update: 0.247s | total: 5.099s | samples/s: 12552
Iteration 0998 | train reward: -214.52 | best: 1599.59 | KL: 8.258e-03 | std: 0.1233 | rollout: 4.783s | update: 0.172s | total: 4.955s | samples/s: 12916
Iteration 0999 | train reward: -208.34 | best: 1599.59 | KL: 9.548e-03 | std: 0.1237 | rollout: 4.988s | update: 0.159s | total: 5.147s | samples/s: 12435
Iteration 1000 | train reward: -218.64 | best: 1599.59 | KL: 8.578e-03 | std: 0.1237 | rollout: 5.014s | update: 0.181s | total: 5.194s | samples/s: 12321
Iteration 1001 | train reward: -198.43 | best: 1599.59 | KL: 9.177e-03 | std: 0.1237 | rollout: 4.924s | update: 0.166s | total: 5.090s | samples/s: 12574
Iteration 1002 | train reward: -216.14 | best: 1599.59 | KL: 9.914e-03 | std: 0.1236 | rollout: 4.954s | update: 0.163s | total: 5.118s | samples/s: 12505
Iteration 1003 | train reward: -215.70 | best: 1599.59 | KL: 9.060e-03 | std: 0.1237 | rollout: 5.318s | update: 0.212s | total: 5.529s | samples/s: 11575
Iteration 1004 | train reward: -212.44 | best: 1599.59 | KL: 9.631e-03 | std: 0.1235 | rollout: 5.206s | update: 0.247s | total: 5.453s | samples/s: 11736
Iteration 1005 | train reward: -214.36 | best: 1599.59 | KL: 9.701e-03 | std: 0.1243 | rollout: 4.969s | update: 0.179s | total: 5.148s | samples/s: 12431
Iteration 1006 | train reward: -228.20 | best: 1599.59 | KL: 9.603e-03 | std: 0.1241 | rollout: 5.283s | update: 0.165s | total: 5.449s | samples/s: 11746
Iteration 1007 | train reward: -213.55 | best: 1599.59 | KL: 8.645e-03 | std: 0.1239 | rollout: 5.010s | update: 0.163s | total: 5.174s | samples/s: 12370
Iteration 1008 | train reward: -214.01 | best: 1599.59 | KL: 9.182e-03 | std: 0.1244 | rollout: 4.990s | update: 0.179s | total: 5.168s | samples/s: 12383
Iteration 1009 | train reward: -194.01 | best: 1599.59 | KL: 9.187e-03 | std: 0.1243 | rollout: 4.878s | update: 0.221s | total: 5.099s | samples/s: 12552
Iteration 1010 | train reward: -194.25 | best: 1599.59 | KL: 1.066e-02 | std: 0.1237 | rollout: 5.001s | update: 0.165s | total: 5.166s | samples/s: 12388
Iteration 1011 | train reward: -213.77 | best: 1599.59 | KL: 8.545e-03 | std: 0.1239 | rollout: 5.147s | update: 0.186s | total: 5.333s | samples/s: 12001
Iteration 1012 | train reward: -214.86 | best: 1599.59 | KL: 9.244e-03 | std: 0.1241 | rollout: 5.172s | update: 0.172s | total: 5.345s | samples/s: 11974
Iteration 1013 | train reward: -205.02 | best: 1599.59 | KL: 1.000e-02 | std: 0.1239 | rollout: 5.216s | update: 0.197s | total: 5.414s | samples/s: 11822
Iteration 1014 | train reward: -195.12 | best: 1599.59 | KL: 1.194e-02 | std: 0.1244 | rollout: 4.829s | update: 0.151s | total: 4.980s | samples/s: 12850
Iteration 1015 | train reward: -213.14 | best: 1599.59 | KL: 9.689e-03 | std: 0.1250 | rollout: 5.086s | update: 0.164s | total: 5.250s | samples/s: 12190
Iteration 1016 | train reward: -203.02 | best: 1599.59 | KL: 9.319e-03 | std: 0.1246 | rollout: 5.068s | update: 0.159s | total: 5.227s | samples/s: 12244
Iteration 1017 | train reward: -209.31 | best: 1599.59 | KL: 7.940e-03 | std: 0.1248 | rollout: 4.955s | update: 0.176s | total: 5.130s | samples/s: 12475
Iteration 1018 | train reward: -212.29 | best: 1599.59 | KL: 1.026e-02 | std: 0.1256 | rollout: 5.012s | update: 0.226s | total: 5.239s | samples/s: 12217
Iteration 1019 | train reward: -225.78 | best: 1599.59 | KL: 8.981e-03 | std: 0.1256 | rollout: 4.901s | update: 0.149s | total: 5.050s | samples/s: 12673
Iteration 1020 | train reward: -214.39 | best: 1599.59 | KL: 1.122e-02 | std: 0.1256 | rollout: 4.909s | update: 0.161s | total: 5.070s | samples/s: 12624
Iteration 1021 | train reward: -207.45 | best: 1599.59 | KL: 8.827e-03 | std: 0.1261 | rollout: 5.079s | update: 0.162s | total: 5.241s | samples/s: 12211
Iteration 1022 | train reward: -195.21 | best: 1599.59 | KL: 9.650e-03 | std: 0.1257 | rollout: 5.281s | update: 0.207s | total: 5.488s | samples/s: 11661
Iteration 1023 | train reward: -195.37 | best: 1599.59 | KL: 1.161e-02 | std: 0.1263 | rollout: 5.086s | update: 0.182s | total: 5.268s | samples/s: 12149
Iteration 1024 | train reward: -206.15 | best: 1599.59 | KL: 9.887e-03 | std: 0.1261 | rollout: 4.944s | update: 0.158s | total: 5.103s | samples/s: 12542
Iteration 1025 | train reward: -207.88 | best: 1599.59 | KL: 1.022e-02 | std: 0.1254 | rollout: 5.512s | update: 0.267s | total: 5.779s | samples/s: 11075
Iteration 1026 | train reward: -207.14 | best: 1599.59 | KL: 1.027e-02 | std: 0.1246 | rollout: 5.909s | update: 0.311s | total: 6.220s | samples/s: 10289
Iteration 1027 | train reward: -213.29 | best: 1599.59 | KL: 9.875e-03 | std: 0.1248 | rollout: 5.752s | update: 0.211s | total: 5.963s | samples/s: 10733
Iteration 1028 | train reward: -208.09 | best: 1599.59 | KL: 8.358e-03 | std: 0.1245 | rollout: 4.900s | update: 0.166s | total: 5.066s | samples/s: 12633
Iteration 1029 | train reward: -204.62 | best: 1599.59 | KL: 9.886e-03 | std: 0.1250 | rollout: 4.921s | update: 0.155s | total: 5.076s | samples/s: 12609
Iteration 1030 | train reward: -186.31 | best: 1599.59 | KL: 8.865e-03 | std: 0.1244 | rollout: 5.030s | update: 0.158s | total: 5.188s | samples/s: 12336
Iteration 1031 | train reward: -211.94 | best: 1599.59 | KL: 9.034e-03 | std: 0.1244 | rollout: 5.107s | update: 0.163s | total: 5.270s | samples/s: 12144
Iteration 1032 | train reward: -190.36 | best: 1599.59 | KL: 9.551e-03 | std: 0.1244 | rollout: 5.055s | update: 0.163s | total: 5.218s | samples/s: 12265
Iteration 1033 | train reward: -195.71 | best: 1599.59 | KL: 8.186e-03 | std: 0.1243 | rollout: 5.118s | update: 0.170s | total: 5.287s | samples/s: 12104
Iteration 1034 | train reward: -207.35 | best: 1599.59 | KL: 9.598e-03 | std: 0.1239 | rollout: 4.905s | update: 0.160s | total: 5.066s | samples/s: 12634
Iteration 1035 | train reward: -209.30 | best: 1599.59 | KL: 8.221e-03 | std: 0.1244 | rollout: 5.033s | update: 0.171s | total: 5.204s | samples/s: 12299
Iteration 1036 | train reward: -203.90 | best: 1599.59 | KL: 1.225e-02 | std: 0.1239 | rollout: 4.924s | update: 0.151s | total: 5.075s | samples/s: 12610
Iteration 1037 | train reward: -203.55 | best: 1599.59 | KL: 1.197e-02 | std: 0.1244 | rollout: 5.017s | update: 0.158s | total: 5.175s | samples/s: 12367
Iteration 1038 | train reward: -204.45 | best: 1599.59 | KL: 9.949e-03 | std: 0.1248 | rollout: 4.968s | update: 0.199s | total: 5.167s | samples/s: 12387
Iteration 1039 | train reward: -194.97 | best: 1599.59 | KL: 9.994e-03 | std: 0.1244 | rollout: 4.979s | update: 0.165s | total: 5.143s | samples/s: 12443
Iteration 1040 | train reward: -207.34 | best: 1599.59 | KL: 7.529e-03 | std: 0.1244 | rollout: 4.920s | update: 0.219s | total: 5.139s | samples/s: 12454
Iteration 1041 | train reward: -211.06 | best: 1599.59 | KL: 9.137e-03 | std: 0.1245 | rollout: 4.852s | update: 0.157s | total: 5.009s | samples/s: 12777
Iteration 1042 | train reward: -197.89 | best: 1599.59 | KL: 9.671e-03 | std: 0.1242 | rollout: 5.389s | update: 0.229s | total: 5.618s | samples/s: 11391
Iteration 1043 | train reward: -198.34 | best: 1599.59 | KL: 9.255e-03 | std: 0.1241 | rollout: 5.036s | update: 0.285s | total: 5.321s | samples/s: 12028
Iteration 1044 | train reward: -193.65 | best: 1599.59 | KL: 8.608e-03 | std: 0.1238 | rollout: 4.952s | update: 0.164s | total: 5.116s | samples/s: 12509
Iteration 1045 | train reward: -203.86 | best: 1599.59 | KL: 1.053e-02 | std: 0.1235 | rollout: 5.040s | update: 0.162s | total: 5.202s | samples/s: 12302
Iteration 1046 | train reward: -210.88 | best: 1599.59 | KL: 8.675e-03 | std: 0.1235 | rollout: 4.948s | update: 0.164s | total: 5.113s | samples/s: 12518
Iteration 1047 | train reward: -199.26 | best: 1599.59 | KL: 7.839e-03 | std: 0.1237 | rollout: 4.626s | update: 0.155s | total: 4.781s | samples/s: 13387
Iteration 1048 | train reward: -204.85 | best: 1599.59 | KL: 9.150e-03 | std: 0.1237 | rollout: 5.394s | update: 0.170s | total: 5.564s | samples/s: 11503
Iteration 1049 | train reward: -202.55 | best: 1599.59 | KL: 9.557e-03 | std: 0.1239 | rollout: 5.069s | update: 0.168s | total: 5.236s | samples/s: 12223
Iteration 1050 | train reward: -184.20 | best: 1599.59 | KL: 9.576e-03 | std: 0.1238 | rollout: 4.949s | update: 0.155s | total: 5.104s | samples/s: 12539
Iteration 1051 | train reward: -208.03 | best: 1599.59 | KL: 9.616e-03 | std: 0.1232 | rollout: 5.211s | update: 0.161s | total: 5.372s | samples/s: 11914
Iteration 1052 | train reward: -198.04 | best: 1599.59 | KL: 1.188e-02 | std: 0.1230 | rollout: 4.889s | update: 0.149s | total: 5.038s | samples/s: 12705
Iteration 1053 | train reward: -203.40 | best: 1599.59 | KL: 8.512e-03 | std: 0.1230 | rollout: 4.996s | update: 0.161s | total: 5.157s | samples/s: 12411
Iteration 1054 | train reward: -204.28 | best: 1599.59 | KL: 1.058e-02 | std: 0.1231 | rollout: 5.200s | update: 0.157s | total: 5.357s | samples/s: 11946
Iteration 1055 | train reward: -213.74 | best: 1599.59 | KL: 1.256e-02 | std: 0.1237 | rollout: 4.900s | update: 0.220s | total: 5.120s | samples/s: 12500
Iteration 1056 | train reward: -198.74 | best: 1599.59 | KL: 9.276e-03 | std: 0.1237 | rollout: 4.707s | update: 0.158s | total: 4.864s | samples/s: 13157
Iteration 1057 | train reward: -192.24 | best: 1599.59 | KL: 7.161e-03 | std: 0.1237 | rollout: 4.992s | update: 0.169s | total: 5.162s | samples/s: 12399
Iteration 1058 | train reward: -202.63 | best: 1599.59 | KL: 1.173e-02 | std: 0.1237 | rollout: 5.230s | update: 0.167s | total: 5.397s | samples/s: 11858
Iteration 1059 | train reward: -211.72 | best: 1599.59 | KL: 1.056e-02 | std: 0.1239 | rollout: 5.193s | update: 0.163s | total: 5.356s | samples/s: 11949
Iteration 1060 | train reward: -203.80 | best: 1599.59 | KL: 9.843e-03 | std: 0.1239 | rollout: 5.003s | update: 0.151s | total: 5.154s | samples/s: 12418
Iteration 1061 | train reward: -203.12 | best: 1599.59 | KL: 1.063e-02 | std: 0.1241 | rollout: 4.904s | update: 0.169s | total: 5.073s | samples/s: 12616
Iteration 1062 | train reward: -196.61 | best: 1599.59 | KL: 7.817e-03 | std: 0.1237 | rollout: 5.208s | update: 0.159s | total: 5.367s | samples/s: 11926
Iteration 1063 | train reward: -223.24 | best: 1599.59 | KL: 1.105e-02 | std: 0.1235 | rollout: 4.962s | update: 0.221s | total: 5.183s | samples/s: 12349
Iteration 1064 | train reward: -209.32 | best: 1599.59 | KL: 9.514e-03 | std: 0.1230 | rollout: 4.979s | update: 0.160s | total: 5.139s | samples/s: 12454
Iteration 1065 | train reward: -201.40 | best: 1599.59 | KL: 9.793e-03 | std: 0.1230 | rollout: 5.085s | update: 0.288s | total: 5.373s | samples/s: 11912
Iteration 1066 | train reward: -193.46 | best: 1599.59 | KL: 1.011e-02 | std: 0.1232 | rollout: 4.885s | update: 0.162s | total: 5.047s | samples/s: 12681
Iteration 1067 | train reward: -197.27 | best: 1599.59 | KL: 1.099e-02 | std: 0.1230 | rollout: 4.921s | update: 0.167s | total: 5.088s | samples/s: 12577
Iteration 1068 | train reward: -197.28 | best: 1599.59 | KL: 7.932e-03 | std: 0.1230 | rollout: 5.004s | update: 0.221s | total: 5.224s | samples/s: 12250
Iteration 1069 | train reward: -203.03 | best: 1599.59 | KL: 1.117e-02 | std: 0.1224 | rollout: 4.968s | update: 0.199s | total: 5.168s | samples/s: 12385
Iteration 1070 | train reward: -206.35 | best: 1599.59 | KL: 1.073e-02 | std: 0.1222 | rollout: 4.976s | update: 0.160s | total: 5.136s | samples/s: 12461
Iteration 1071 | train reward: -210.06 | best: 1599.59 | KL: 8.176e-03 | std: 0.1224 | rollout: 4.909s | update: 0.142s | total: 5.051s | samples/s: 12671
Iteration 1072 | train reward: -189.68 | best: 1599.59 | KL: 9.888e-03 | std: 0.1224 | rollout: 5.100s | update: 0.144s | total: 5.245s | samples/s: 12203
Iteration 1073 | train reward: -206.33 | best: 1599.59 | KL: 1.012e-02 | std: 0.1224 | rollout: 5.023s | update: 0.152s | total: 5.175s | samples/s: 12367
Iteration 1074 | train reward: -185.64 | best: 1599.59 | KL: 8.920e-03 | std: 0.1222 | rollout: 4.983s | update: 0.153s | total: 5.136s | samples/s: 12462
Iteration 1075 | train reward: -209.16 | best: 1599.59 | KL: 7.255e-03 | std: 0.1219 | rollout: 4.937s | update: 0.145s | total: 5.083s | samples/s: 12592
Iteration 1076 | train reward: -202.90 | best: 1599.59 | KL: 9.726e-03 | std: 0.1224 | rollout: 5.151s | update: 0.155s | total: 5.306s | samples/s: 12061
Iteration 1077 | train reward: -202.79 | best: 1599.59 | KL: 1.040e-02 | std: 0.1219 | rollout: 5.076s | update: 0.158s | total: 5.234s | samples/s: 12228
Iteration 1078 | train reward: -193.47 | best: 1599.59 | KL: 8.770e-03 | std: 0.1218 | rollout: 5.046s | update: 0.147s | total: 5.193s | samples/s: 12324
Iteration 1079 | train reward: -201.30 | best: 1599.59 | KL: 8.882e-03 | std: 0.1223 | rollout: 5.073s | update: 0.147s | total: 5.219s | samples/s: 12262
Iteration 1080 | train reward: -203.58 | best: 1599.59 | KL: 1.123e-02 | std: 0.1224 | rollout: 5.112s | update: 0.146s | total: 5.258s | samples/s: 12171
Iteration 1081 | train reward: -189.22 | best: 1599.59 | KL: 8.995e-03 | std: 0.1226 | rollout: 5.006s | update: 0.151s | total: 5.157s | samples/s: 12410
Iteration 1082 | train reward: -201.48 | best: 1599.59 | KL: 7.703e-03 | std: 0.1224 | rollout: 5.208s | update: 0.158s | total: 5.366s | samples/s: 11927
Iteration 1083 | train reward: -206.65 | best: 1599.59 | KL: 9.730e-03 | std: 0.1224 | rollout: 5.032s | update: 0.205s | total: 5.237s | samples/s: 12221
Iteration 1084 | train reward: -200.41 | best: 1599.59 | KL: 7.642e-03 | std: 0.1222 | rollout: 5.052s | update: 0.204s | total: 5.257s | samples/s: 12175
Iteration 1085 | train reward: -192.21 | best: 1599.59 | KL: 7.900e-03 | std: 0.1223 | rollout: 4.934s | update: 0.156s | total: 5.090s | samples/s: 12574
Iteration 1086 | train reward: -200.22 | best: 1599.59 | KL: 8.794e-03 | std: 0.1224 | rollout: 4.976s | update: 0.231s | total: 5.207s | samples/s: 12292
Iteration 1087 | train reward: -209.34 | best: 1599.59 | KL: 8.171e-03 | std: 0.1224 | rollout: 5.087s | update: 0.156s | total: 5.243s | samples/s: 12206
Iteration 1088 | train reward: -190.67 | best: 1599.59 | KL: 1.039e-02 | std: 0.1228 | rollout: 4.786s | update: 0.178s | total: 4.964s | samples/s: 12892
Iteration 1089 | train reward: -198.91 | best: 1599.59 | KL: 9.130e-03 | std: 0.1228 | rollout: 5.115s | update: 0.214s | total: 5.328s | samples/s: 12011
Iteration 1090 | train reward: -189.18 | best: 1599.59 | KL: 8.922e-03 | std: 0.1224 | rollout: 4.864s | update: 0.218s | total: 5.082s | samples/s: 12594
Iteration 1091 | train reward: -201.07 | best: 1599.59 | KL: 1.013e-02 | std: 0.1224 | rollout: 5.307s | update: 0.170s | total: 5.477s | samples/s: 11685
Iteration 1092 | train reward: -204.39 | best: 1599.59 | KL: 1.199e-02 | std: 0.1228 | rollout: 4.942s | update: 0.163s | total: 5.105s | samples/s: 12537
Iteration 1093 | train reward: -190.08 | best: 1599.59 | KL: 9.802e-03 | std: 0.1226 | rollout: 4.765s | update: 0.165s | total: 4.930s | samples/s: 12981
Iteration 1094 | train reward: -194.40 | best: 1599.59 | KL: 7.656e-03 | std: 0.1224 | rollout: 4.952s | update: 0.159s | total: 5.111s | samples/s: 12523
Iteration 1095 | train reward: -214.20 | best: 1599.59 | KL: 1.049e-02 | std: 0.1217 | rollout: 4.949s | update: 0.157s | total: 5.106s | samples/s: 12534
Iteration 1096 | train reward: -190.87 | best: 1599.59 | KL: 8.479e-03 | std: 0.1217 | rollout: 4.877s | update: 0.152s | total: 5.029s | samples/s: 12725
Iteration 1097 | train reward: -188.79 | best: 1599.59 | KL: 8.490e-03 | std: 0.1220 | rollout: 5.031s | update: 0.163s | total: 5.194s | samples/s: 12322
Iteration 1098 | train reward: -197.85 | best: 1599.59 | KL: 9.350e-03 | std: 0.1219 | rollout: 4.846s | update: 0.150s | total: 4.997s | samples/s: 12808
Iteration 1099 | train reward: -195.46 | best: 1599.59 | KL: 9.033e-03 | std: 0.1217 | rollout: 4.991s | update: 0.144s | total: 5.135s | samples/s: 12463
Iteration 1100 | train reward: -199.34 | best: 1599.59 | KL: 9.489e-03 | std: 0.1211 | rollout: 5.131s | update: 0.144s | total: 5.275s | samples/s: 12132
Iteration 1101 | train reward: -182.15 | best: 1599.59 | KL: 9.515e-03 | std: 0.1207 | rollout: 5.014s | update: 0.152s | total: 5.166s | samples/s: 12389
Iteration 1102 | train reward: -194.34 | best: 1599.59 | KL: 8.202e-03 | std: 0.1206 | rollout: 5.057s | update: 0.146s | total: 5.203s | samples/s: 12301
Iteration 1103 | train reward: -181.69 | best: 1599.59 | KL: 1.005e-02 | std: 0.1206 | rollout: 5.015s | update: 0.159s | total: 5.175s | samples/s: 12368
Iteration 1104 | train reward: -192.79 | best: 1599.59 | KL: 9.681e-03 | std: 0.1205 | rollout: 4.937s | update: 0.152s | total: 5.090s | samples/s: 12574
Iteration 1105 | train reward: -202.34 | best: 1599.59 | KL: 1.127e-02 | std: 0.1204 | rollout: 4.977s | update: 0.258s | total: 5.235s | samples/s: 12226
Iteration 1106 | train reward: -185.25 | best: 1599.59 | KL: 1.046e-02 | std: 0.1204 | rollout: 5.387s | update: 0.149s | total: 5.536s | samples/s: 11561
Iteration 1107 | train reward: -210.67 | best: 1599.59 | KL: 8.251e-03 | std: 0.1204 | rollout: 5.145s | update: 0.153s | total: 5.297s | samples/s: 12082
Iteration 1108 | train reward: -199.83 | best: 1599.59 | KL: 9.462e-03 | std: 0.1203 | rollout: 5.012s | update: 0.176s | total: 5.188s | samples/s: 12337
Iteration 1109 | train reward: -205.09 | best: 1599.59 | KL: 1.046e-02 | std: 0.1204 | rollout: 5.372s | update: 0.158s | total: 5.530s | samples/s: 11573
Iteration 1110 | train reward: -200.26 | best: 1599.59 | KL: 1.026e-02 | std: 0.1206 | rollout: 4.806s | update: 0.189s | total: 4.995s | samples/s: 12813
Iteration 1111 | train reward: -193.04 | best: 1599.59 | KL: 8.106e-03 | std: 0.1204 | rollout: 5.032s | update: 0.165s | total: 5.196s | samples/s: 12316
Iteration 1112 | train reward: -188.45 | best: 1599.59 | KL: 8.315e-03 | std: 0.1203 | rollout: 5.041s | update: 0.179s | total: 5.220s | samples/s: 12261
Iteration 1113 | train reward: -215.49 | best: 1599.59 | KL: 9.234e-03 | std: 0.1200 | rollout: 4.703s | update: 0.166s | total: 4.869s | samples/s: 13144
Iteration 1114 | train reward: -193.03 | best: 1599.59 | KL: 8.103e-03 | std: 0.1204 | rollout: 4.928s | update: 0.172s | total: 5.100s | samples/s: 12549
Iteration 1115 | train reward: -191.63 | best: 1599.59 | KL: 8.433e-03 | std: 0.1204 | rollout: 4.976s | update: 0.155s | total: 5.132s | samples/s: 12472
Iteration 1116 | train reward: -201.47 | best: 1599.59 | KL: 7.415e-03 | std: 0.1207 | rollout: 4.988s | update: 0.148s | total: 5.136s | samples/s: 12461
Iteration 1117 | train reward: -192.92 | best: 1599.59 | KL: 1.047e-02 | std: 0.1206 | rollout: 5.095s | update: 0.154s | total: 5.248s | samples/s: 12194
Iteration 1118 | train reward: -192.29 | best: 1599.59 | KL: 9.442e-03 | std: 0.1205 | rollout: 4.893s | update: 0.162s | total: 5.055s | samples/s: 12662
Iteration 1119 | train reward: -197.10 | best: 1599.59 | KL: 8.305e-03 | std: 0.1207 | rollout: 4.846s | update: 0.168s | total: 5.013s | samples/s: 12767
Iteration 1120 | train reward: -190.73 | best: 1599.59 | KL: 9.707e-03 | std: 0.1209 | rollout: 5.049s | update: 0.161s | total: 5.210s | samples/s: 12284
Iteration 1121 | train reward: -195.88 | best: 1599.59 | KL: 9.614e-03 | std: 0.1210 | rollout: 4.930s | update: 0.152s | total: 5.081s | samples/s: 12595
Iteration 1122 | train reward: -193.35 | best: 1599.59 | KL: 1.075e-02 | std: 0.1209 | rollout: 5.003s | update: 0.165s | total: 5.168s | samples/s: 12383
Iteration 1123 | train reward: -183.91 | best: 1599.59 | KL: 8.199e-03 | std: 0.1207 | rollout: 4.996s | update: 0.208s | total: 5.203s | samples/s: 12300
Iteration 1124 | train reward: -195.38 | best: 1599.59 | KL: 1.235e-02 | std: 0.1211 | rollout: 5.162s | update: 0.212s | total: 5.374s | samples/s: 11909
Iteration 1125 | train reward: -188.65 | best: 1599.59 | KL: 1.064e-02 | std: 0.1209 | rollout: 4.812s | update: 0.154s | total: 4.966s | samples/s: 12887
Iteration 1126 | train reward: -209.87 | best: 1599.59 | KL: 8.149e-03 | std: 0.1212 | rollout: 4.961s | update: 0.155s | total: 5.116s | samples/s: 12511
Iteration 1127 | train reward: -205.68 | best: 1599.59 | KL: 1.012e-02 | std: 0.1217 | rollout: 4.923s | update: 0.154s | total: 5.077s | samples/s: 12606
Iteration 1128 | train reward: -195.09 | best: 1599.59 | KL: 8.995e-03 | std: 0.1216 | rollout: 5.001s | update: 0.162s | total: 5.163s | samples/s: 12396
Iteration 1129 | train reward: -201.10 | best: 1599.59 | KL: 1.137e-02 | std: 0.1217 | rollout: 4.913s | update: 0.155s | total: 5.068s | samples/s: 12629
Iteration 1130 | train reward: -197.80 | best: 1599.59 | KL: 1.109e-02 | std: 0.1211 | rollout: 5.047s | update: 0.207s | total: 5.254s | samples/s: 12181
Iteration 1131 | train reward: -202.26 | best: 1599.59 | KL: 9.331e-03 | std: 0.1213 | rollout: 5.208s | update: 0.203s | total: 5.411s | samples/s: 11828
Iteration 1132 | train reward: -187.30 | best: 1599.59 | KL: 8.735e-03 | std: 0.1213 | rollout: 5.150s | update: 0.185s | total: 5.335s | samples/s: 11997
Iteration 1133 | train reward: -199.54 | best: 1599.59 | KL: 8.250e-03 | std: 0.1218 | rollout: 5.043s | update: 0.160s | total: 5.203s | samples/s: 12301
Iteration 1134 | train reward: -201.26 | best: 1599.59 | KL: 7.754e-03 | std: 0.1218 | rollout: 4.823s | update: 0.156s | total: 4.980s | samples/s: 12852
Iteration 1135 | train reward: -185.16 | best: 1599.59 | KL: 1.002e-02 | std: 0.1213 | rollout: 5.098s | update: 0.158s | total: 5.256s | samples/s: 12178
Iteration 1136 | train reward: -188.46 | best: 1599.59 | KL: 9.287e-03 | std: 0.1211 | rollout: 4.966s | update: 0.155s | total: 5.121s | samples/s: 12497
Iteration 1137 | train reward: -199.68 | best: 1599.59 | KL: 7.781e-03 | std: 0.1217 | rollout: 5.140s | update: 0.217s | total: 5.357s | samples/s: 11946
Iteration 1138 | train reward: -198.42 | best: 1599.59 | KL: 1.025e-02 | std: 0.1222 | rollout: 4.988s | update: 0.157s | total: 5.145s | samples/s: 12440
Iteration 1139 | train reward: -203.67 | best: 1599.59 | KL: 1.279e-02 | std: 0.1219 | rollout: 5.078s | update: 0.155s | total: 5.233s | samples/s: 12231
Iteration 1140 | train reward: -199.18 | best: 1599.59 | KL: 9.343e-03 | std: 0.1220 | rollout: 4.981s | update: 0.165s | total: 5.145s | samples/s: 12439
Iteration 1141 | train reward: -193.57 | best: 1599.59 | KL: 9.628e-03 | std: 0.1217 | rollout: 4.769s | update: 0.215s | total: 4.984s | samples/s: 12840
Iteration 1142 | train reward: -205.55 | best: 1599.59 | KL: 7.066e-03 | std: 0.1216 | rollout: 4.879s | update: 0.212s | total: 5.091s | samples/s: 12570
Iteration 1143 | train reward: -184.14 | best: 1599.59 | KL: 9.650e-03 | std: 0.1213 | rollout: 5.038s | update: 0.163s | total: 5.201s | samples/s: 12306
Iteration 1144 | train reward: -200.95 | best: 1599.59 | KL: 8.076e-03 | std: 0.1213 | rollout: 5.084s | update: 0.157s | total: 5.241s | samples/s: 12211
Iteration 1145 | train reward: -200.59 | best: 1599.59 | KL: 8.781e-03 | std: 0.1211 | rollout: 4.906s | update: 0.162s | total: 5.069s | samples/s: 12627
Iteration 1146 | train reward: -209.10 | best: 1599.59 | KL: 7.796e-03 | std: 0.1217 | rollout: 4.883s | update: 0.158s | total: 5.041s | samples/s: 12697
Iteration 1147 | train reward: -191.61 | best: 1599.59 | KL: 9.798e-03 | std: 0.1213 | rollout: 5.141s | update: 0.163s | total: 5.303s | samples/s: 12068
Iteration 1148 | train reward: -202.49 | best: 1599.59 | KL: 9.848e-03 | std: 0.1216 | rollout: 4.960s | update: 0.167s | total: 5.127s | samples/s: 12483
Iteration 1149 | train reward: -214.21 | best: 1599.59 | KL: 1.122e-02 | std: 0.1216 | rollout: 4.968s | update: 0.156s | total: 5.124s | samples/s: 12489
Iteration 1150 | train reward: -184.70 | best: 1599.59 | KL: 9.935e-03 | std: 0.1222 | rollout: 4.749s | update: 0.162s | total: 4.911s | samples/s: 13032
Iteration 1151 | train reward: -203.09 | best: 1599.59 | KL: 8.387e-03 | std: 0.1222 | rollout: 4.940s | update: 0.263s | total: 5.203s | samples/s: 12301
Iteration 1152 | train reward: -183.31 | best: 1599.59 | KL: 8.611e-03 | std: 0.1222 | rollout: 5.008s | update: 0.170s | total: 5.178s | samples/s: 12360
Iteration 1153 | train reward: -194.10 | best: 1599.59 | KL: 1.086e-02 | std: 0.1218 | rollout: 4.919s | update: 0.166s | total: 5.085s | samples/s: 12586
Iteration 1154 | train reward: -180.47 | best: 1599.59 | KL: 1.099e-02 | std: 0.1216 | rollout: 4.852s | update: 0.157s | total: 5.008s | samples/s: 12779
Iteration 1155 | train reward: -199.33 | best: 1599.59 | KL: 8.087e-03 | std: 0.1216 | rollout: 5.009s | update: 0.267s | total: 5.276s | samples/s: 12130
Iteration 1156 | train reward: -182.33 | best: 1599.59 | KL: 1.031e-02 | std: 0.1216 | rollout: 4.742s | update: 0.159s | total: 4.901s | samples/s: 13058
Iteration 1157 | train reward: -192.49 | best: 1599.59 | KL: 8.201e-03 | std: 0.1219 | rollout: 4.945s | update: 0.153s | total: 5.098s | samples/s: 12554
Iteration 1158 | train reward: -201.23 | best: 1599.59 | KL: 8.840e-03 | std: 0.1218 | rollout: 5.083s | update: 0.154s | total: 5.237s | samples/s: 12221
Iteration 1159 | train reward: -193.96 | best: 1599.59 | KL: 7.999e-03 | std: 0.1219 | rollout: 4.952s | update: 0.154s | total: 5.106s | samples/s: 12534
Iteration 1160 | train reward: -189.22 | best: 1599.59 | KL: 9.896e-03 | std: 0.1222 | rollout: 5.061s | update: 0.176s | total: 5.237s | samples/s: 12221
Iteration 1161 | train reward: -205.35 | best: 1599.59 | KL: 9.535e-03 | std: 0.1224 | rollout: 4.971s | update: 0.152s | total: 5.123s | samples/s: 12492
Iteration 1162 | train reward: -196.25 | best: 1599.59 | KL: 1.079e-02 | std: 0.1229 | rollout: 4.865s | update: 0.159s | total: 5.025s | samples/s: 12737
Iteration 1163 | train reward: -195.83 | best: 1599.59 | KL: 9.436e-03 | std: 0.1232 | rollout: 4.742s | update: 0.155s | total: 4.897s | samples/s: 13069
Iteration 1164 | train reward: -190.10 | best: 1599.59 | KL: 7.237e-03 | std: 0.1230 | rollout: 5.081s | update: 0.168s | total: 5.249s | samples/s: 12193
Iteration 1165 | train reward: -192.21 | best: 1599.59 | KL: 7.837e-03 | std: 0.1226 | rollout: 5.250s | update: 0.210s | total: 5.460s | samples/s: 11722
Iteration 1166 | train reward: -186.29 | best: 1599.59 | KL: 9.647e-03 | std: 0.1237 | rollout: 5.116s | update: 0.215s | total: 5.331s | samples/s: 12005
Iteration 1167 | train reward: -201.32 | best: 1599.59 | KL: 9.721e-03 | std: 0.1239 | rollout: 5.047s | update: 0.163s | total: 5.210s | samples/s: 12285
Iteration 1168 | train reward: -194.57 | best: 1599.59 | KL: 8.463e-03 | std: 0.1231 | rollout: 5.029s | update: 0.152s | total: 5.181s | samples/s: 12353
Iteration 1169 | train reward: -201.76 | best: 1599.59 | KL: 9.380e-03 | std: 0.1230 | rollout: 4.886s | update: 0.178s | total: 5.064s | samples/s: 12638
Iteration 1170 | train reward: -210.07 | best: 1599.59 | KL: 9.529e-03 | std: 0.1224 | rollout: 4.981s | update: 0.160s | total: 5.141s | samples/s: 12449
Iteration 1171 | train reward: -196.87 | best: 1599.59 | KL: 9.116e-03 | std: 0.1223 | rollout: 5.038s | update: 0.165s | total: 5.203s | samples/s: 12300
Iteration 1172 | train reward: -201.18 | best: 1599.59 | KL: 1.124e-02 | std: 0.1230 | rollout: 5.084s | update: 0.160s | total: 5.244s | samples/s: 12205
Iteration 1173 | train reward: -196.24 | best: 1599.59 | KL: 1.197e-02 | std: 0.1233 | rollout: 4.983s | update: 0.185s | total: 5.168s | samples/s: 12385
Iteration 1174 | train reward: -194.10 | best: 1599.59 | KL: 9.464e-03 | std: 0.1237 | rollout: 5.075s | update: 0.190s | total: 5.265s | samples/s: 12156
Iteration 1175 | train reward: -193.52 | best: 1599.59 | KL: 8.646e-03 | std: 0.1237 | rollout: 5.003s | update: 0.193s | total: 5.195s | samples/s: 12319
Iteration 1176 | train reward: -197.78 | best: 1599.59 | KL: 9.254e-03 | std: 0.1237 | rollout: 5.290s | update: 0.165s | total: 5.456s | samples/s: 11731
Iteration 1177 | train reward: -198.53 | best: 1599.59 | KL: 1.264e-02 | std: 0.1230 | rollout: 4.991s | update: 0.160s | total: 5.151s | samples/s: 12424
Iteration 1178 | train reward: -205.78 | best: 1599.59 | KL: 9.839e-03 | std: 0.1230 | rollout: 5.084s | update: 0.224s | total: 5.308s | samples/s: 12058
Iteration 1179 | train reward: -197.50 | best: 1599.59 | KL: 1.023e-02 | std: 0.1233 | rollout: 5.566s | update: 0.182s | total: 5.748s | samples/s: 11133
Iteration 1180 | train reward: -188.00 | best: 1599.59 | KL: 9.337e-03 | std: 0.1237 | rollout: 4.999s | update: 0.281s | total: 5.280s | samples/s: 12121
Iteration 1181 | train reward: -188.48 | best: 1599.59 | KL: 9.157e-03 | std: 0.1237 | rollout: 5.119s | update: 0.159s | total: 5.277s | samples/s: 12127
Iteration 1182 | train reward: -203.11 | best: 1599.59 | KL: 9.046e-03 | std: 0.1238 | rollout: 5.071s | update: 0.161s | total: 5.232s | samples/s: 12233
Iteration 1183 | train reward: -204.37 | best: 1599.59 | KL: 1.031e-02 | std: 0.1237 | rollout: 4.903s | update: 0.234s | total: 5.137s | samples/s: 12459
Iteration 1184 | train reward: -193.05 | best: 1599.59 | KL: 7.571e-03 | std: 0.1238 | rollout: 5.016s | update: 0.187s | total: 5.203s | samples/s: 12300
Iteration 1185 | train reward: -185.90 | best: 1599.59 | KL: 9.336e-03 | std: 0.1239 | rollout: 5.112s | update: 0.218s | total: 5.330s | samples/s: 12007
Iteration 1186 | train reward: -196.10 | best: 1599.59 | KL: 9.916e-03 | std: 0.1235 | rollout: 5.079s | update: 0.204s | total: 5.283s | samples/s: 12114
Iteration 1187 | train reward: -202.12 | best: 1599.59 | KL: 9.193e-03 | std: 0.1237 | rollout: 5.124s | update: 0.204s | total: 5.329s | samples/s: 12011
Iteration 1188 | train reward: -195.85 | best: 1599.59 | KL: 9.879e-03 | std: 0.1235 | rollout: 4.982s | update: 0.156s | total: 5.139s | samples/s: 12455
Iteration 1189 | train reward: -198.07 | best: 1599.59 | KL: 1.059e-02 | std: 0.1237 | rollout: 4.925s | update: 0.152s | total: 5.077s | samples/s: 12607
Iteration 1190 | train reward: -185.57 | best: 1599.59 | KL: 9.586e-03 | std: 0.1233 | rollout: 5.073s | update: 0.158s | total: 5.231s | samples/s: 12234
Iteration 1191 | train reward: -197.91 | best: 1599.59 | KL: 1.219e-02 | std: 0.1231 | rollout: 5.015s | update: 0.164s | total: 5.179s | samples/s: 12357
Iteration 1192 | train reward: -203.76 | best: 1599.59 | KL: 8.140e-03 | std: 0.1237 | rollout: 5.232s | update: 0.271s | total: 5.503s | samples/s: 11631
Iteration 1193 | train reward: -190.84 | best: 1599.59 | KL: 9.753e-03 | std: 0.1243 | rollout: 5.072s | update: 0.168s | total: 5.240s | samples/s: 12214
Iteration 1194 | train reward: -180.01 | best: 1599.59 | KL: 8.667e-03 | std: 0.1248 | rollout: 5.441s | update: 0.223s | total: 5.664s | samples/s: 11299
Iteration 1195 | train reward: -184.80 | best: 1599.59 | KL: 1.037e-02 | std: 0.1250 | rollout: 5.418s | update: 0.232s | total: 5.650s | samples/s: 11327
Iteration 1196 | train reward: -198.93 | best: 1599.59 | KL: 1.247e-02 | std: 0.1250 | rollout: 5.101s | update: 0.150s | total: 5.251s | samples/s: 12188
Iteration 1197 | train reward: -211.32 | best: 1599.59 | KL: 8.958e-03 | std: 0.1251 | rollout: 5.243s | update: 0.167s | total: 5.410s | samples/s: 11830
Iteration 1198 | train reward: -196.89 | best: 1599.59 | KL: 9.265e-03 | std: 0.1246 | rollout: 6.080s | update: 0.246s | total: 6.326s | samples/s: 10118
Iteration 1199 | train reward: -202.54 | best: 1599.59 | KL: 7.948e-03 | std: 0.1245 | rollout: 5.783s | update: 0.212s | total: 5.995s | samples/s: 10676
Iteration 1200 | train reward: -175.10 | best: 1599.59 | KL: 1.075e-02 | std: 0.1245 | rollout: 5.201s | update: 0.161s | total: 5.362s | samples/s: 11936
Iteration 1201 | train reward: -198.63 | best: 1599.59 | KL: 1.083e-02 | std: 0.1237 | rollout: 4.882s | update: 0.169s | total: 5.051s | samples/s: 12672
Iteration 1202 | train reward: -198.94 | best: 1599.59 | KL: 1.067e-02 | std: 0.1235 | rollout: 4.887s | update: 0.255s | total: 5.142s | samples/s: 12448
Iteration 1203 | train reward: -201.31 | best: 1599.59 | KL: 8.065e-03 | std: 0.1235 | rollout: 5.076s | update: 0.162s | total: 5.238s | samples/s: 12219
Iteration 1204 | train reward: -189.51 | best: 1599.59 | KL: 1.102e-02 | std: 0.1231 | rollout: 5.103s | update: 0.316s | total: 5.419s | samples/s: 11809
Iteration 1205 | train reward: -190.10 | best: 1599.59 | KL: 9.310e-03 | std: 0.1230 | rollout: 5.080s | update: 0.152s | total: 5.232s | samples/s: 12233
Iteration 1206 | train reward: -194.23 | best: 1599.59 | KL: 9.105e-03 | std: 0.1228 | rollout: 4.848s | update: 0.158s | total: 5.006s | samples/s: 12784
Iteration 1207 | train reward: -206.58 | best: 1599.59 | KL: 8.601e-03 | std: 0.1228 | rollout: 4.963s | update: 0.153s | total: 5.116s | samples/s: 12510
Iteration 1208 | train reward: -198.56 | best: 1599.59 | KL: 1.051e-02 | std: 0.1228 | rollout: 5.168s | update: 0.213s | total: 5.381s | samples/s: 11893
Iteration 1209 | train reward: -195.16 | best: 1599.59 | KL: 1.085e-02 | std: 0.1232 | rollout: 5.259s | update: 0.181s | total: 5.440s | samples/s: 11764
Iteration 1210 | train reward: -212.90 | best: 1599.59 | KL: 8.028e-03 | std: 0.1232 | rollout: 5.193s | update: 0.221s | total: 5.414s | samples/s: 11821
Iteration 1211 | train reward: -201.93 | best: 1599.59 | KL: 9.713e-03 | std: 0.1239 | rollout: 5.043s | update: 0.164s | total: 5.207s | samples/s: 12291
Iteration 1212 | train reward: -195.04 | best: 1599.59 | KL: 9.532e-03 | std: 0.1230 | rollout: 4.928s | update: 0.165s | total: 5.093s | samples/s: 12566
Iteration 1213 | train reward: -208.47 | best: 1599.59 | KL: 1.086e-02 | std: 0.1228 | rollout: 4.823s | update: 0.154s | total: 4.978s | samples/s: 12857
Iteration 1214 | train reward: -203.58 | best: 1599.59 | KL: 8.907e-03 | std: 0.1230 | rollout: 4.878s | update: 0.159s | total: 5.036s | samples/s: 12708
Iteration 1215 | train reward: -182.46 | best: 1599.59 | KL: 9.096e-03 | std: 0.1230 | rollout: 5.135s | update: 0.155s | total: 5.289s | samples/s: 12100
Iteration 1216 | train reward: -192.27 | best: 1599.59 | KL: 9.317e-03 | std: 0.1229 | rollout: 4.919s | update: 0.160s | total: 5.079s | samples/s: 12600
Iteration 1217 | train reward: -198.77 | best: 1599.59 | KL: 7.951e-03 | std: 0.1230 | rollout: 4.886s | update: 0.219s | total: 5.105s | samples/s: 12537
Iteration 1218 | train reward: -185.12 | best: 1599.59 | KL: 9.826e-03 | std: 0.1230 | rollout: 4.927s | update: 0.152s | total: 5.079s | samples/s: 12601
Iteration 1219 | train reward: -200.25 | best: 1599.59 | KL: 9.186e-03 | std: 0.1230 | rollout: 5.028s | update: 0.220s | total: 5.248s | samples/s: 12194
Iteration 1220 | train reward: -203.69 | best: 1599.59 | KL: 8.336e-03 | std: 0.1229 | rollout: 5.286s | update: 0.155s | total: 5.441s | samples/s: 11763
Iteration 1221 | train reward: -211.66 | best: 1599.59 | KL: 1.047e-02 | std: 0.1231 | rollout: 5.090s | update: 0.185s | total: 5.275s | samples/s: 12134
Iteration 1222 | train reward: -188.01 | best: 1599.59 | KL: 1.202e-02 | std: 0.1232 | rollout: 5.120s | update: 0.185s | total: 5.305s | samples/s: 12064
Iteration 1223 | train reward: -189.24 | best: 1599.59 | KL: 1.067e-02 | std: 0.1231 | rollout: 5.468s | update: 0.162s | total: 5.630s | samples/s: 11367
Iteration 1224 | train reward: -200.44 | best: 1599.59 | KL: 9.884e-03 | std: 0.1229 | rollout: 5.296s | update: 0.224s | total: 5.520s | samples/s: 11594
Iteration 1225 | train reward: -191.47 | best: 1599.59 | KL: 1.217e-02 | std: 0.1224 | rollout: 5.277s | update: 0.166s | total: 5.443s | samples/s: 11758
Iteration 1226 | train reward: -193.46 | best: 1599.59 | KL: 1.029e-02 | std: 0.1226 | rollout: 4.738s | update: 0.157s | total: 4.895s | samples/s: 13073
Iteration 1227 | train reward: -177.75 | best: 1599.59 | KL: 8.416e-03 | std: 0.1231 | rollout: 5.152s | update: 0.228s | total: 5.380s | samples/s: 11897
Iteration 1228 | train reward: -191.72 | best: 1599.59 | KL: 8.996e-03 | std: 0.1230 | rollout: 4.828s | update: 0.158s | total: 4.986s | samples/s: 12836
Iteration 1229 | train reward: -198.85 | best: 1599.59 | KL: 8.260e-03 | std: 0.1229 | rollout: 4.725s | update: 0.161s | total: 4.886s | samples/s: 13100
Iteration 1230 | train reward: -193.07 | best: 1599.59 | KL: 8.296e-03 | std: 0.1226 | rollout: 4.991s | update: 0.157s | total: 5.148s | samples/s: 12431
Iteration 1231 | train reward: -187.28 | best: 1599.59 | KL: 8.228e-03 | std: 0.1222 | rollout: 5.045s | update: 0.148s | total: 5.193s | samples/s: 12324
Iteration 1232 | train reward: -204.41 | best: 1599.59 | KL: 9.368e-03 | std: 0.1222 | rollout: 5.060s | update: 0.144s | total: 5.204s | samples/s: 12298
Iteration 1233 | train reward: -185.83 | best: 1599.59 | KL: 7.968e-03 | std: 0.1222 | rollout: 4.957s | update: 0.170s | total: 5.127s | samples/s: 12483
Iteration 1234 | train reward: -190.80 | best: 1599.59 | KL: 1.057e-02 | std: 0.1223 | rollout: 4.871s | update: 0.184s | total: 5.055s | samples/s: 12660
Iteration 1235 | train reward: -192.35 | best: 1599.59 | KL: 9.063e-03 | std: 0.1219 | rollout: 5.061s | update: 0.166s | total: 5.226s | samples/s: 12246
Iteration 1236 | train reward: -186.40 | best: 1599.59 | KL: 1.033e-02 | std: 0.1220 | rollout: 4.807s | update: 0.157s | total: 4.964s | samples/s: 12893
Iteration 1237 | train reward: -200.16 | best: 1599.59 | KL: 9.300e-03 | std: 0.1224 | rollout: 5.113s | update: 0.206s | total: 5.319s | samples/s: 12033
Iteration 1238 | train reward: -197.47 | best: 1599.59 | KL: 9.655e-03 | std: 0.1224 | rollout: 5.086s | update: 0.151s | total: 5.237s | samples/s: 12220
Iteration 1239 | train reward: -188.16 | best: 1599.59 | KL: 9.698e-03 | std: 0.1226 | rollout: 4.913s | update: 0.153s | total: 5.066s | samples/s: 12633
Iteration 1240 | train reward: -183.33 | best: 1599.59 | KL: 8.124e-03 | std: 0.1230 | rollout: 5.155s | update: 0.168s | total: 5.323s | samples/s: 12024
Iteration 1241 | train reward: -194.40 | best: 1599.59 | KL: 9.853e-03 | std: 0.1235 | rollout: 4.853s | update: 0.270s | total: 5.124s | samples/s: 12491
Iteration 1242 | train reward: -191.85 | best: 1599.59 | KL: 1.100e-02 | std: 0.1239 | rollout: 5.040s | update: 0.282s | total: 5.322s | samples/s: 12027
Iteration 1243 | train reward: -203.60 | best: 1599.59 | KL: 9.729e-03 | std: 0.1237 | rollout: 4.996s | update: 0.188s | total: 5.183s | samples/s: 12347
Iteration 1244 | train reward: -196.11 | best: 1599.59 | KL: 8.843e-03 | std: 0.1236 | rollout: 5.071s | update: 0.170s | total: 5.241s | samples/s: 12211
Iteration 1245 | train reward: -190.93 | best: 1599.59 | KL: 8.367e-03 | std: 0.1231 | rollout: 5.032s | update: 0.159s | total: 5.191s | samples/s: 12330
Iteration 1246 | train reward: -191.21 | best: 1599.59 | KL: 6.745e-03 | std: 0.1230 | rollout: 5.212s | update: 0.316s | total: 5.528s | samples/s: 11578
Iteration 1247 | train reward: -169.52 | best: 1599.59 | KL: 8.810e-03 | std: 0.1231 | rollout: 4.960s | update: 0.204s | total: 5.165s | samples/s: 12392
Iteration 1248 | train reward: -189.92 | best: 1599.59 | KL: 1.087e-02 | std: 0.1233 | rollout: 4.952s | update: 0.162s | total: 5.114s | samples/s: 12515
Iteration 1249 | train reward: -199.75 | best: 1599.59 | KL: 1.001e-02 | std: 0.1237 | rollout: 5.192s | update: 0.162s | total: 5.354s | samples/s: 11953
Iteration 1250 | train reward: -192.60 | best: 1599.59 | KL: 8.725e-03 | std: 0.1231 | rollout: 4.857s | update: 0.162s | total: 5.018s | samples/s: 12753
Iteration 1251 | train reward: -186.42 | best: 1599.59 | KL: 8.315e-03 | std: 0.1230 | rollout: 5.184s | update: 0.171s | total: 5.355s | samples/s: 11951
Iteration 1252 | train reward: -192.18 | best: 1599.59 | KL: 8.824e-03 | std: 0.1224 | rollout: 5.033s | update: 0.179s | total: 5.212s | samples/s: 12280
Iteration 1253 | train reward: -186.79 | best: 1599.59 | KL: 8.264e-03 | std: 0.1231 | rollout: 5.149s | update: 0.154s | total: 5.303s | samples/s: 12068
Iteration 1254 | train reward: -201.45 | best: 1599.59 | KL: 1.107e-02 | std: 0.1237 | rollout: 5.084s | update: 0.157s | total: 5.241s | samples/s: 12212
Iteration 1255 | train reward: -193.38 | best: 1599.59 | KL: 8.137e-03 | std: 0.1236 | rollout: 5.105s | update: 0.349s | total: 5.454s | samples/s: 11734
Iteration 1256 | train reward: -189.95 | best: 1599.59 | KL: 8.252e-03 | std: 0.1241 | rollout: 5.176s | update: 0.193s | total: 5.368s | samples/s: 11922
Iteration 1257 | train reward: -200.85 | best: 1599.59 | KL: 8.461e-03 | std: 0.1236 | rollout: 5.234s | update: 0.162s | total: 5.397s | samples/s: 11860
Iteration 1258 | train reward: -187.73 | best: 1599.59 | KL: 8.312e-03 | std: 0.1235 | rollout: 4.914s | update: 0.162s | total: 5.076s | samples/s: 12608
Iteration 1259 | train reward: -196.09 | best: 1599.59 | KL: 8.482e-03 | std: 0.1232 | rollout: 4.956s | update: 0.163s | total: 5.119s | samples/s: 12501
Iteration 1260 | train reward: -186.74 | best: 1599.59 | KL: 9.931e-03 | std: 0.1238 | rollout: 4.984s | update: 0.157s | total: 5.141s | samples/s: 12448
Iteration 1261 | train reward: -186.96 | best: 1599.59 | KL: 8.203e-03 | std: 0.1237 | rollout: 5.141s | update: 0.166s | total: 5.307s | samples/s: 12059
Iteration 1262 | train reward: -200.55 | best: 1599.59 | KL: 1.028e-02 | std: 0.1242 | rollout: 5.032s | update: 0.155s | total: 5.188s | samples/s: 12337
Iteration 1263 | train reward: -195.97 | best: 1599.59 | KL: 8.960e-03 | std: 0.1248 | rollout: 5.109s | update: 0.156s | total: 5.265s | samples/s: 12155
Iteration 1264 | train reward: -190.84 | best: 1599.59 | KL: 9.885e-03 | std: 0.1248 | rollout: 4.934s | update: 0.188s | total: 5.122s | samples/s: 12494
Iteration 1265 | train reward: -198.68 | best: 1599.59 | KL: 1.164e-02 | std: 0.1252 | rollout: 4.950s | update: 0.165s | total: 5.115s | samples/s: 12512
Iteration 1266 | train reward: -201.25 | best: 1599.59 | KL: 8.704e-03 | std: 0.1257 | rollout: 4.856s | update: 0.162s | total: 5.019s | samples/s: 12753
Iteration 1267 | train reward: -199.01 | best: 1599.59 | KL: 1.037e-02 | std: 0.1257 | rollout: 4.983s | update: 0.208s | total: 5.191s | samples/s: 12328
Iteration 1268 | train reward: -202.53 | best: 1599.59 | KL: 7.499e-03 | std: 0.1257 | rollout: 4.984s | update: 0.168s | total: 5.152s | samples/s: 12421
Iteration 1269 | train reward: -196.47 | best: 1599.59 | KL: 8.988e-03 | std: 0.1255 | rollout: 5.027s | update: 0.188s | total: 5.215s | samples/s: 12273
Iteration 1270 | train reward: -192.58 | best: 1599.59 | KL: 7.695e-03 | std: 0.1255 | rollout: 4.844s | update: 0.164s | total: 5.008s | samples/s: 12780
Iteration 1271 | train reward: -186.58 | best: 1599.59 | KL: 9.334e-03 | std: 0.1257 | rollout: 4.969s | update: 0.159s | total: 5.128s | samples/s: 12482
Iteration 1272 | train reward: -193.97 | best: 1599.59 | KL: 9.877e-03 | std: 0.1252 | rollout: 5.225s | update: 0.336s | total: 5.561s | samples/s: 11509
Iteration 1273 | train reward: -198.12 | best: 1599.59 | KL: 8.590e-03 | std: 0.1250 | rollout: 5.173s | update: 0.155s | total: 5.328s | samples/s: 12012
Iteration 1274 | train reward: -201.73 | best: 1599.59 | KL: 9.059e-03 | std: 0.1250 | rollout: 4.916s | update: 0.157s | total: 5.073s | samples/s: 12615
Iteration 1275 | train reward: -184.11 | best: 1599.59 | KL: 1.165e-02 | std: 0.1250 | rollout: 4.856s | update: 0.163s | total: 5.019s | samples/s: 12752
Iteration 1276 | train reward: -187.31 | best: 1599.59 | KL: 9.009e-03 | std: 0.1248 | rollout: 4.974s | update: 0.162s | total: 5.136s | samples/s: 12461
Iteration 1277 | train reward: -179.49 | best: 1599.59 | KL: 7.336e-03 | std: 0.1246 | rollout: 5.117s | update: 0.162s | total: 5.278s | samples/s: 12125
Iteration 1278 | train reward: -183.72 | best: 1599.59 | KL: 9.239e-03 | std: 0.1244 | rollout: 5.023s | update: 0.153s | total: 5.176s | samples/s: 12364
Iteration 1279 | train reward: -198.70 | best: 1599.59 | KL: 7.580e-03 | std: 0.1245 | rollout: 5.368s | update: 0.202s | total: 5.570s | samples/s: 11491
Iteration 1280 | train reward: -193.62 | best: 1599.59 | KL: 8.392e-03 | std: 0.1256 | rollout: 5.255s | update: 0.165s | total: 5.419s | samples/s: 11810
Iteration 1281 | train reward: -203.81 | best: 1599.59 | KL: 9.822e-03 | std: 0.1245 | rollout: 5.036s | update: 0.172s | total: 5.208s | samples/s: 12290
Iteration 1282 | train reward: -186.06 | best: 1599.59 | KL: 7.627e-03 | std: 0.1252 | rollout: 5.159s | update: 0.162s | total: 5.321s | samples/s: 12029
Iteration 1283 | train reward: -193.32 | best: 1599.59 | KL: 9.077e-03 | std: 0.1250 | rollout: 4.873s | update: 0.197s | total: 5.070s | samples/s: 12624
Iteration 1284 | train reward: -195.42 | best: 1599.59 | KL: 9.703e-03 | std: 0.1252 | rollout: 5.067s | update: 0.152s | total: 5.219s | samples/s: 12263
Iteration 1285 | train reward: -187.71 | best: 1599.59 | KL: 1.028e-02 | std: 0.1258 | rollout: 5.004s | update: 0.172s | total: 5.176s | samples/s: 12365
Iteration 1286 | train reward: -188.15 | best: 1599.59 | KL: 1.020e-02 | std: 0.1257 | rollout: 4.985s | update: 0.168s | total: 5.153s | samples/s: 12419
Iteration 1287 | train reward: -179.43 | best: 1599.59 | KL: 9.080e-03 | std: 0.1258 | rollout: 4.914s | update: 0.160s | total: 5.074s | samples/s: 12613
Iteration 1288 | train reward: -200.97 | best: 1599.59 | KL: 7.602e-03 | std: 0.1257 | rollout: 4.756s | update: 0.165s | total: 4.921s | samples/s: 13006
Iteration 1289 | train reward: -186.21 | best: 1599.59 | KL: 8.412e-03 | std: 0.1257 | rollout: 5.057s | update: 0.162s | total: 5.219s | samples/s: 12262
Iteration 1290 | train reward: -205.66 | best: 1599.59 | KL: 8.379e-03 | std: 0.1267 | rollout: 4.981s | update: 0.156s | total: 5.136s | samples/s: 12460
Iteration 1291 | train reward: -195.75 | best: 1599.59 | KL: 1.027e-02 | std: 0.1258 | rollout: 5.078s | update: 0.173s | total: 5.251s | samples/s: 12188
Iteration 1292 | train reward: -187.98 | best: 1599.59 | KL: 8.131e-03 | std: 0.1263 | rollout: 4.867s | update: 0.157s | total: 5.025s | samples/s: 12737
Iteration 1293 | train reward: -173.07 | best: 1599.59 | KL: 7.606e-03 | std: 0.1261 | rollout: 5.010s | update: 0.166s | total: 5.176s | samples/s: 12364
Iteration 1294 | train reward: -177.11 | best: 1599.59 | KL: 1.025e-02 | std: 0.1268 | rollout: 5.008s | update: 0.162s | total: 5.171s | samples/s: 12377
Iteration 1295 | train reward: -194.39 | best: 1599.59 | KL: 1.134e-02 | std: 0.1267 | rollout: 5.189s | update: 0.145s | total: 5.334s | samples/s: 11999
Iteration 1296 | train reward: -183.60 | best: 1599.59 | KL: 9.166e-03 | std: 0.1270 | rollout: 4.864s | update: 0.161s | total: 5.025s | samples/s: 12736
Iteration 1297 | train reward: -176.09 | best: 1599.59 | KL: 7.711e-03 | std: 0.1271 | rollout: 4.933s | update: 0.189s | total: 5.122s | samples/s: 12494
Iteration 1298 | train reward: -200.28 | best: 1599.59 | KL: 7.957e-03 | std: 0.1272 | rollout: 5.066s | update: 0.170s | total: 5.236s | samples/s: 12224
Iteration 1299 | train reward: -209.39 | best: 1599.59 | KL: 9.230e-03 | std: 0.1274 | rollout: 5.001s | update: 0.175s | total: 5.176s | samples/s: 12365
Iteration 1300 | train reward: -177.36 | best: 1599.59 | KL: 9.408e-03 | std: 0.1276 | rollout: 4.780s | update: 0.153s | total: 4.934s | samples/s: 12972
Iteration 1301 | train reward: -181.15 | best: 1599.59 | KL: 9.089e-03 | std: 0.1272 | rollout: 4.960s | update: 0.161s | total: 5.121s | samples/s: 12497
Iteration 1302 | train reward: -194.86 | best: 1599.59 | KL: 7.492e-03 | std: 0.1271 | rollout: 4.942s | update: 0.158s | total: 5.100s | samples/s: 12548
Iteration 1303 | train reward: -171.84 | best: 1599.59 | KL: 1.189e-02 | std: 0.1263 | rollout: 5.099s | update: 0.200s | total: 5.299s | samples/s: 12079
Iteration 1304 | train reward: -186.72 | best: 1599.59 | KL: 7.410e-03 | std: 0.1263 | rollout: 5.261s | update: 0.172s | total: 5.433s | samples/s: 11781
Iteration 1305 | train reward: -201.68 | best: 1599.59 | KL: 9.905e-03 | std: 0.1261 | rollout: 5.279s | update: 0.161s | total: 5.440s | samples/s: 11765
Iteration 1306 | train reward: -198.26 | best: 1599.59 | KL: 7.335e-03 | std: 0.1254 | rollout: 5.122s | update: 0.150s | total: 5.272s | samples/s: 12140
Iteration 1307 | train reward: -188.52 | best: 1599.59 | KL: 9.802e-03 | std: 0.1250 | rollout: 5.255s | update: 0.177s | total: 5.433s | samples/s: 11781
Iteration 1308 | train reward: -173.13 | best: 1599.59 | KL: 9.383e-03 | std: 0.1250 | rollout: 4.973s | update: 0.160s | total: 5.133s | samples/s: 12469
Iteration 1309 | train reward: -188.82 | best: 1599.59 | KL: 1.090e-02 | std: 0.1251 | rollout: 5.296s | update: 0.183s | total: 5.479s | samples/s: 11680
Iteration 1310 | train reward: -186.43 | best: 1599.59 | KL: 9.762e-03 | std: 0.1244 | rollout: 5.717s | update: 0.190s | total: 5.907s | samples/s: 10834
Iteration 1311 | train reward: -182.66 | best: 1599.59 | KL: 8.634e-03 | std: 0.1246 | rollout: 5.131s | update: 0.197s | total: 5.328s | samples/s: 12012
Iteration 1312 | train reward: -192.14 | best: 1599.59 | KL: 1.283e-02 | std: 0.1243 | rollout: 5.246s | update: 0.152s | total: 5.398s | samples/s: 11856
Iteration 1313 | train reward: -189.59 | best: 1599.59 | KL: 9.952e-03 | std: 0.1249 | rollout: 5.305s | update: 0.172s | total: 5.477s | samples/s: 11686
Iteration 1314 | train reward: -191.10 | best: 1599.59 | KL: 9.116e-03 | std: 0.1252 | rollout: 5.116s | update: 0.156s | total: 5.272s | samples/s: 12140
Iteration 1315 | train reward: -180.28 | best: 1599.59 | KL: 1.064e-02 | std: 0.1257 | rollout: 5.016s | update: 0.162s | total: 5.178s | samples/s: 12361
Iteration 1316 | train reward: -199.26 | best: 1599.59 | KL: 9.478e-03 | std: 0.1261 | rollout: 5.002s | update: 0.155s | total: 5.157s | samples/s: 12410
Iteration 1317 | train reward: -191.54 | best: 1599.59 | KL: 1.060e-02 | std: 0.1257 | rollout: 4.934s | update: 0.160s | total: 5.094s | samples/s: 12565
Iteration 1318 | train reward: -181.78 | best: 1599.59 | KL: 8.307e-03 | std: 0.1256 | rollout: 5.433s | update: 0.169s | total: 5.602s | samples/s: 11424
Iteration 1319 | train reward: -199.53 | best: 1599.59 | KL: 8.874e-03 | std: 0.1256 | rollout: 5.231s | update: 0.214s | total: 5.446s | samples/s: 11752
Iteration 1320 | train reward: -186.19 | best: 1599.59 | KL: 7.884e-03 | std: 0.1252 | rollout: 5.134s | update: 0.162s | total: 5.296s | samples/s: 12085
Iteration 1321 | train reward: -187.42 | best: 1599.59 | KL: 8.312e-03 | std: 0.1251 | rollout: 4.925s | update: 0.162s | total: 5.087s | samples/s: 12582
Iteration 1322 | train reward: -181.01 | best: 1599.59 | KL: 1.051e-02 | std: 0.1250 | rollout: 4.945s | update: 0.172s | total: 5.117s | samples/s: 12507
Iteration 1323 | train reward: -186.68 | best: 1599.59 | KL: 9.335e-03 | std: 0.1250 | rollout: 5.060s | update: 0.150s | total: 5.211s | samples/s: 12283
Iteration 1324 | train reward: -182.69 | best: 1599.59 | KL: 8.218e-03 | std: 0.1257 | rollout: 4.992s | update: 0.150s | total: 5.143s | samples/s: 12445
Iteration 1325 | train reward: -187.37 | best: 1599.59 | KL: 7.991e-03 | std: 0.1258 | rollout: 5.049s | update: 0.152s | total: 5.201s | samples/s: 12306
Iteration 1326 | train reward: -207.26 | best: 1599.59 | KL: 1.012e-02 | std: 0.1261 | rollout: 4.864s | update: 0.161s | total: 5.025s | samples/s: 12737
Iteration 1327 | train reward: -171.07 | best: 1599.59 | KL: 1.056e-02 | std: 0.1254 | rollout: 4.929s | update: 0.257s | total: 5.186s | samples/s: 12341
Iteration 1328 | train reward: -195.65 | best: 1599.59 | KL: 8.966e-03 | std: 0.1250 | rollout: 4.795s | update: 0.156s | total: 4.951s | samples/s: 12928
Iteration 1329 | train reward: -184.99 | best: 1599.59 | KL: 8.929e-03 | std: 0.1246 | rollout: 4.876s | update: 0.168s | total: 5.044s | samples/s: 12688
Iteration 1330 | train reward: -186.95 | best: 1599.59 | KL: 1.062e-02 | std: 0.1246 | rollout: 5.091s | update: 0.272s | total: 5.363s | samples/s: 11933
Iteration 1331 | train reward: -177.07 | best: 1599.59 | KL: 8.693e-03 | std: 0.1250 | rollout: 5.046s | update: 0.170s | total: 5.216s | samples/s: 12270
Iteration 1332 | train reward: -187.63 | best: 1599.59 | KL: 9.369e-03 | std: 0.1252 | rollout: 4.876s | update: 0.168s | total: 5.044s | samples/s: 12689
Iteration 1333 | train reward: -196.24 | best: 1599.59 | KL: 8.707e-03 | std: 0.1249 | rollout: 4.913s | update: 0.172s | total: 5.085s | samples/s: 12587
Iteration 1334 | train reward: -172.90 | best: 1599.59 | KL: 8.047e-03 | std: 0.1242 | rollout: 5.057s | update: 0.229s | total: 5.286s | samples/s: 12108
Iteration 1335 | train reward: -176.73 | best: 1599.59 | KL: 8.509e-03 | std: 0.1243 | rollout: 4.939s | update: 0.152s | total: 5.092s | samples/s: 12569
Iteration 1336 | train reward: -157.03 | best: 1599.59 | KL: 1.086e-02 | std: 0.1237 | rollout: 5.302s | update: 0.161s | total: 5.464s | samples/s: 11714
Iteration 1337 | train reward: -180.69 | best: 1599.59 | KL: 8.435e-03 | std: 0.1242 | rollout: 5.327s | update: 0.165s | total: 5.492s | samples/s: 11653
Iteration 1338 | train reward: -187.55 | best: 1599.59 | KL: 1.147e-02 | std: 0.1243 | rollout: 5.362s | update: 0.194s | total: 5.556s | samples/s: 11520
Iteration 1339 | train reward: -189.82 | best: 1599.59 | KL: 9.655e-03 | std: 0.1242 | rollout: 5.028s | update: 0.169s | total: 5.197s | samples/s: 12315
Iteration 1340 | train reward: -194.67 | best: 1599.59 | KL: 8.924e-03 | std: 0.1242 | rollout: 5.031s | update: 0.152s | total: 5.183s | samples/s: 12347
Iteration 1341 | train reward: -192.19 | best: 1599.59 | KL: 8.514e-03 | std: 0.1236 | rollout: 4.865s | update: 0.174s | total: 5.038s | samples/s: 12703
Iteration 1342 | train reward: -177.17 | best: 1599.59 | KL: 8.143e-03 | std: 0.1235 | rollout: 4.960s | update: 0.161s | total: 5.121s | samples/s: 12497
Iteration 1343 | train reward: -179.56 | best: 1599.59 | KL: 8.795e-03 | std: 0.1231 | rollout: 4.893s | update: 0.160s | total: 5.052s | samples/s: 12668
Iteration 1344 | train reward: -185.78 | best: 1599.59 | KL: 9.285e-03 | std: 0.1232 | rollout: 4.776s | update: 0.157s | total: 4.934s | samples/s: 12972
Iteration 1345 | train reward: -210.35 | best: 1599.59 | KL: 9.904e-03 | std: 0.1235 | rollout: 4.979s | update: 0.165s | total: 5.144s | samples/s: 12443
Iteration 1346 | train reward: -182.10 | best: 1599.59 | KL: 9.709e-03 | std: 0.1235 | rollout: 5.082s | update: 0.191s | total: 5.273s | samples/s: 12137
Iteration 1347 | train reward: -185.46 | best: 1599.59 | KL: 8.733e-03 | std: 0.1239 | rollout: 4.917s | update: 0.161s | total: 5.078s | samples/s: 12604
Iteration 1348 | train reward: -174.74 | best: 1599.59 | KL: 7.303e-03 | std: 0.1233 | rollout: 4.954s | update: 0.165s | total: 5.119s | samples/s: 12503
Iteration 1349 | train reward: -191.17 | best: 1599.59 | KL: 1.008e-02 | std: 0.1239 | rollout: 4.891s | update: 0.161s | total: 5.052s | samples/s: 12669
Iteration 1350 | train reward: -184.22 | best: 1599.59 | KL: 8.119e-03 | std: 0.1246 | rollout: 4.921s | update: 0.178s | total: 5.100s | samples/s: 12550
Iteration 1351 | train reward: -188.91 | best: 1599.59 | KL: 1.003e-02 | std: 0.1244 | rollout: 5.115s | update: 0.156s | total: 5.271s | samples/s: 12143
Iteration 1352 | train reward: -178.58 | best: 1599.59 | KL: 9.908e-03 | std: 0.1241 | rollout: 4.878s | update: 0.197s | total: 5.075s | samples/s: 12611
Iteration 1353 | train reward: -194.40 | best: 1599.59 | KL: 1.029e-02 | std: 0.1237 | rollout: 5.033s | update: 0.257s | total: 5.290s | samples/s: 12098
Iteration 1354 | train reward: -186.46 | best: 1599.59 | KL: 9.800e-03 | std: 0.1245 | rollout: 4.988s | update: 0.203s | total: 5.191s | samples/s: 12329
Iteration 1355 | train reward: -196.28 | best: 1599.59 | KL: 8.694e-03 | std: 0.1248 | rollout: 5.133s | update: 0.216s | total: 5.349s | samples/s: 11966
Iteration 1356 | train reward: -191.63 | best: 1599.59 | KL: 7.519e-03 | std: 0.1244 | rollout: 5.095s | update: 0.166s | total: 5.261s | samples/s: 12165
Iteration 1357 | train reward: -180.30 | best: 1599.59 | KL: 8.662e-03 | std: 0.1250 | rollout: 4.984s | update: 0.164s | total: 5.147s | samples/s: 12434
Iteration 1358 | train reward: -190.43 | best: 1599.59 | KL: 9.292e-03 | std: 0.1243 | rollout: 4.989s | update: 0.161s | total: 5.150s | samples/s: 12427
Iteration 1359 | train reward: -189.66 | best: 1599.59 | KL: 7.961e-03 | std: 0.1249 | rollout: 5.012s | update: 0.199s | total: 5.212s | samples/s: 12280
Iteration 1360 | train reward: -182.34 | best: 1599.59 | KL: 9.663e-03 | std: 0.1250 | rollout: 4.992s | update: 0.169s | total: 5.161s | samples/s: 12402
Iteration 1361 | train reward: -190.25 | best: 1599.59 | KL: 9.790e-03 | std: 0.1259 | rollout: 4.973s | update: 0.212s | total: 5.186s | samples/s: 12341
Iteration 1362 | train reward: -178.76 | best: 1599.59 | KL: 7.888e-03 | std: 0.1250 | rollout: 4.707s | update: 0.234s | total: 4.941s | samples/s: 12952
Iteration 1363 | train reward: -194.28 | best: 1599.59 | KL: 1.031e-02 | std: 0.1256 | rollout: 5.042s | update: 0.225s | total: 5.267s | samples/s: 12152
Iteration 1364 | train reward: -167.19 | best: 1599.59 | KL: 8.451e-03 | std: 0.1263 | rollout: 5.254s | update: 0.334s | total: 5.588s | samples/s: 11453
Iteration 1365 | train reward: -181.72 | best: 1599.59 | KL: 7.897e-03 | std: 0.1261 | rollout: 5.225s | update: 0.162s | total: 5.387s | samples/s: 11881
Iteration 1366 | train reward: -188.37 | best: 1599.59 | KL: 1.071e-02 | std: 0.1267 | rollout: 4.922s | update: 0.162s | total: 5.084s | samples/s: 12588
Iteration 1367 | train reward: -205.26 | best: 1599.59 | KL: 1.195e-02 | std: 0.1263 | rollout: 5.155s | update: 0.180s | total: 5.335s | samples/s: 11997
Iteration 1368 | train reward: -180.63 | best: 1599.59 | KL: 9.939e-03 | std: 0.1261 | rollout: 5.053s | update: 0.221s | total: 5.274s | samples/s: 12136
Iteration 1369 | train reward: -187.92 | best: 1599.59 | KL: 8.819e-03 | std: 0.1261 | rollout: 5.465s | update: 0.191s | total: 5.655s | samples/s: 11317
Iteration 1370 | train reward: -179.61 | best: 1599.59 | KL: 8.283e-03 | std: 0.1256 | rollout: 5.978s | update: 0.247s | total: 6.224s | samples/s: 10282
Iteration 1371 | train reward: -206.91 | best: 1599.59 | KL: 8.677e-03 | std: 0.1257 | rollout: 5.839s | update: 0.158s | total: 5.997s | samples/s: 10672
Iteration 1372 | train reward: -187.16 | best: 1599.59 | KL: 1.087e-02 | std: 0.1263 | rollout: 4.938s | update: 0.164s | total: 5.101s | samples/s: 12546
Iteration 1373 | train reward: -191.77 | best: 1599.59 | KL: 8.545e-03 | std: 0.1264 | rollout: 4.885s | update: 0.221s | total: 5.105s | samples/s: 12536
Iteration 1374 | train reward: -174.79 | best: 1599.59 | KL: 8.815e-03 | std: 0.1263 | rollout: 4.945s | update: 0.164s | total: 5.109s | samples/s: 12528
Iteration 1375 | train reward: -158.74 | best: 1599.59 | KL: 8.117e-03 | std: 0.1265 | rollout: 5.055s | update: 0.152s | total: 5.206s | samples/s: 12292
Iteration 1376 | train reward: -180.51 | best: 1599.59 | KL: 9.586e-03 | std: 0.1270 | rollout: 5.229s | update: 0.215s | total: 5.444s | samples/s: 11756
Iteration 1377 | train reward: -181.67 | best: 1599.59 | KL: 1.003e-02 | std: 0.1270 | rollout: 5.035s | update: 0.169s | total: 5.204s | samples/s: 12298
Iteration 1378 | train reward: -197.93 | best: 1599.59 | KL: 8.973e-03 | std: 0.1269 | rollout: 4.931s | update: 0.154s | total: 5.084s | samples/s: 12588
Iteration 1379 | train reward: -182.75 | best: 1599.59 | KL: 8.456e-03 | std: 0.1264 | rollout: 5.219s | update: 0.252s | total: 5.471s | samples/s: 11699
Iteration 1380 | train reward: -178.04 | best: 1599.59 | KL: 9.205e-03 | std: 0.1259 | rollout: 5.073s | update: 0.176s | total: 5.250s | samples/s: 12191
Iteration 1381 | train reward: -180.79 | best: 1599.59 | KL: 8.547e-03 | std: 0.1257 | rollout: 5.134s | update: 0.152s | total: 5.286s | samples/s: 12108
Iteration 1382 | train reward: -176.96 | best: 1599.59 | KL: 1.113e-02 | std: 0.1257 | rollout: 4.937s | update: 0.161s | total: 5.098s | samples/s: 12553
Iteration 1383 | train reward: -174.71 | best: 1599.59 | KL: 7.750e-03 | std: 0.1257 | rollout: 5.103s | update: 0.160s | total: 5.264s | samples/s: 12159
Iteration 1384 | train reward: -186.24 | best: 1599.59 | KL: 9.133e-03 | std: 0.1261 | rollout: 5.121s | update: 0.257s | total: 5.378s | samples/s: 11901
Iteration 1385 | train reward: -182.99 | best: 1599.59 | KL: 8.048e-03 | std: 0.1263 | rollout: 5.023s | update: 0.209s | total: 5.232s | samples/s: 12233
Iteration 1386 | train reward: -179.84 | best: 1599.59 | KL: 7.995e-03 | std: 0.1263 | rollout: 4.998s | update: 0.165s | total: 5.163s | samples/s: 12396
Iteration 1387 | train reward: -192.55 | best: 1599.59 | KL: 8.877e-03 | std: 0.1263 | rollout: 4.967s | update: 0.162s | total: 5.129s | samples/s: 12479
Iteration 1388 | train reward: -201.75 | best: 1599.59 | KL: 9.682e-03 | std: 0.1263 | rollout: 4.918s | update: 0.213s | total: 5.131s | samples/s: 12473
Iteration 1389 | train reward: -187.51 | best: 1599.59 | KL: 8.279e-03 | std: 0.1263 | rollout: 4.831s | update: 0.411s | total: 5.242s | samples/s: 12209
Iteration 1390 | train reward: -187.40 | best: 1599.59 | KL: 7.676e-03 | std: 0.1259 | rollout: 5.092s | update: 0.168s | total: 5.261s | samples/s: 12165
Iteration 1391 | train reward: -181.50 | best: 1599.59 | KL: 8.616e-03 | std: 0.1263 | rollout: 5.013s | update: 0.163s | total: 5.176s | samples/s: 12365
Iteration 1392 | train reward: -184.65 | best: 1599.59 | KL: 8.603e-03 | std: 0.1259 | rollout: 4.961s | update: 0.163s | total: 5.123s | samples/s: 12492
Iteration 1393 | train reward: -180.39 | best: 1599.59 | KL: 9.195e-03 | std: 0.1261 | rollout: 5.076s | update: 0.160s | total: 5.236s | samples/s: 12223
Iteration 1394 | train reward: -185.52 | best: 1599.59 | KL: 8.401e-03 | std: 0.1263 | rollout: 5.184s | update: 0.155s | total: 5.340s | samples/s: 11986
Iteration 1395 | train reward: -192.91 | best: 1599.59 | KL: 8.077e-03 | std: 0.1258 | rollout: 5.019s | update: 0.314s | total: 5.333s | samples/s: 12001
Iteration 1396 | train reward: -195.99 | best: 1599.59 | KL: 1.041e-02 | std: 0.1263 | rollout: 5.004s | update: 0.160s | total: 5.164s | samples/s: 12394
Iteration 1397 | train reward: -174.47 | best: 1599.59 | KL: 7.206e-03 | std: 0.1263 | rollout: 5.065s | update: 0.159s | total: 5.224s | samples/s: 12252
Iteration 1398 | train reward: -187.12 | best: 1599.59 | KL: 7.289e-03 | std: 0.1257 | rollout: 5.107s | update: 0.164s | total: 5.270s | samples/s: 12143
Iteration 1399 | train reward: -166.93 | best: 1599.59 | KL: 9.964e-03 | std: 0.1257 | rollout: 5.013s | update: 0.163s | total: 5.176s | samples/s: 12364
Iteration 1400 | train reward: -185.61 | best: 1599.59 | KL: 9.893e-03 | std: 0.1250 | rollout: 4.958s | update: 0.198s | total: 5.155s | samples/s: 12414
Iteration 1401 | train reward: -180.34 | best: 1599.59 | KL: 9.360e-03 | std: 0.1255 | rollout: 4.992s | update: 0.150s | total: 5.142s | samples/s: 12446
Iteration 1402 | train reward: -195.22 | best: 1599.59 | KL: 6.207e-03 | std: 0.1258 | rollout: 4.651s | update: 0.154s | total: 4.804s | samples/s: 13321
Iteration 1403 | train reward: -180.17 | best: 1599.59 | KL: 9.468e-03 | std: 0.1261 | rollout: 4.955s | update: 0.171s | total: 5.126s | samples/s: 12486
Iteration 1404 | train reward: -182.53 | best: 1599.59 | KL: 8.950e-03 | std: 0.1254 | rollout: 4.920s | update: 0.153s | total: 5.073s | samples/s: 12616
Iteration 1405 | train reward: -172.39 | best: 1599.59 | KL: 8.377e-03 | std: 0.1259 | rollout: 4.959s | update: 0.213s | total: 5.173s | samples/s: 12372
Iteration 1406 | train reward: -193.47 | best: 1599.59 | KL: 9.445e-03 | std: 0.1258 | rollout: 4.976s | update: 0.177s | total: 5.152s | samples/s: 12422
Iteration 1407 | train reward: -187.30 | best: 1599.59 | KL: 9.702e-03 | std: 0.1256 | rollout: 4.808s | update: 0.224s | total: 5.033s | samples/s: 12717
Iteration 1408 | train reward: -179.10 | best: 1599.59 | KL: 7.169e-03 | std: 0.1252 | rollout: 5.012s | update: 0.161s | total: 5.174s | samples/s: 12371
Iteration 1409 | train reward: -168.53 | best: 1599.59 | KL: 7.768e-03 | std: 0.1254 | rollout: 4.961s | update: 0.199s | total: 5.160s | samples/s: 12404
Iteration 1410 | train reward: -179.47 | best: 1599.59 | KL: 1.088e-02 | std: 0.1257 | rollout: 5.005s | update: 0.155s | total: 5.160s | samples/s: 12402
Iteration 1411 | train reward: -190.83 | best: 1599.59 | KL: 8.872e-03 | std: 0.1263 | rollout: 4.835s | update: 0.162s | total: 4.997s | samples/s: 12808
Iteration 1412 | train reward: -193.54 | best: 1599.59 | KL: 1.102e-02 | std: 0.1263 | rollout: 5.178s | update: 0.170s | total: 5.349s | samples/s: 11965
Iteration 1413 | train reward: -190.22 | best: 1599.59 | KL: 1.095e-02 | std: 0.1261 | rollout: 5.166s | update: 0.189s | total: 5.356s | samples/s: 11950
Iteration 1414 | train reward: -184.66 | best: 1599.59 | KL: 8.643e-03 | std: 0.1261 | rollout: 4.993s | update: 0.162s | total: 5.155s | samples/s: 12416
Iteration 1415 | train reward: -187.11 | best: 1599.59 | KL: 1.035e-02 | std: 0.1261 | rollout: 4.965s | update: 0.174s | total: 5.139s | samples/s: 12453
Iteration 1416 | train reward: -190.46 | best: 1599.59 | KL: 1.093e-02 | std: 0.1261 | rollout: 5.219s | update: 0.264s | total: 5.483s | samples/s: 11673
Iteration 1417 | train reward: -178.93 | best: 1599.59 | KL: 7.732e-03 | std: 0.1261 | rollout: 5.286s | update: 0.193s | total: 5.479s | samples/s: 11681
Iteration 1418 | train reward: -194.11 | best: 1599.59 | KL: 1.206e-02 | std: 0.1259 | rollout: 5.085s | update: 0.249s | total: 5.334s | samples/s: 11999
Iteration 1419 | train reward: -194.55 | best: 1599.59 | KL: 8.992e-03 | std: 0.1261 | rollout: 5.112s | update: 0.185s | total: 5.296s | samples/s: 12084
Iteration 1420 | train reward: -189.52 | best: 1599.59 | KL: 1.004e-02 | std: 0.1256 | rollout: 4.908s | update: 0.163s | total: 5.071s | samples/s: 12621
Iteration 1421 | train reward: -184.66 | best: 1599.59 | KL: 1.029e-02 | std: 0.1254 | rollout: 5.120s | update: 0.157s | total: 5.277s | samples/s: 12128
Iteration 1422 | train reward: -186.64 | best: 1599.59 | KL: 8.455e-03 | std: 0.1261 | rollout: 4.922s | update: 0.160s | total: 5.082s | samples/s: 12592
Iteration 1423 | train reward: -182.35 | best: 1599.59 | KL: 9.641e-03 | std: 0.1268 | rollout: 5.150s | update: 0.162s | total: 5.312s | samples/s: 12048
Iteration 1424 | train reward: -176.17 | best: 1599.59 | KL: 1.039e-02 | std: 0.1265 | rollout: 5.438s | update: 0.166s | total: 5.603s | samples/s: 11422
Iteration 1425 | train reward: -181.68 | best: 1599.59 | KL: 8.555e-03 | std: 0.1269 | rollout: 4.939s | update: 0.156s | total: 5.095s | samples/s: 12560
Iteration 1426 | train reward: -182.73 | best: 1599.59 | KL: 1.044e-02 | std: 0.1263 | rollout: 5.022s | update: 0.236s | total: 5.259s | samples/s: 12170
Iteration 1427 | train reward: -179.69 | best: 1599.59 | KL: 9.641e-03 | std: 0.1262 | rollout: 5.338s | update: 0.149s | total: 5.487s | samples/s: 11665
Iteration 1428 | train reward: -188.19 | best: 1599.59 | KL: 1.138e-02 | std: 0.1261 | rollout: 5.080s | update: 0.149s | total: 5.229s | samples/s: 12240
Iteration 1429 | train reward: -186.59 | best: 1599.59 | KL: 9.642e-03 | std: 0.1261 | rollout: 5.060s | update: 0.144s | total: 5.204s | samples/s: 12298
Iteration 1430 | train reward: -190.88 | best: 1599.59 | KL: 9.706e-03 | std: 0.1263 | rollout: 5.148s | update: 0.248s | total: 5.396s | samples/s: 11862
Iteration 1431 | train reward: -161.84 | best: 1599.59 | KL: 9.456e-03 | std: 0.1257 | rollout: 5.157s | update: 0.189s | total: 5.346s | samples/s: 11971
Iteration 1432 | train reward: -181.33 | best: 1599.59 | KL: 8.698e-03 | std: 0.1259 | rollout: 4.918s | update: 0.200s | total: 5.118s | samples/s: 12504
Iteration 1433 | train reward: -163.39 | best: 1599.59 | KL: 9.255e-03 | std: 0.1257 | rollout: 5.064s | update: 0.187s | total: 5.251s | samples/s: 12189
Iteration 1434 | train reward: -184.08 | best: 1599.59 | KL: 9.286e-03 | std: 0.1258 | rollout: 4.918s | update: 0.183s | total: 5.101s | samples/s: 12546
Iteration 1435 | train reward: -188.74 | best: 1599.59 | KL: 9.918e-03 | std: 0.1268 | rollout: 5.057s | update: 0.155s | total: 5.211s | samples/s: 12281
Iteration 1436 | train reward: -186.80 | best: 1599.59 | KL: 9.226e-03 | std: 0.1263 | rollout: 5.022s | update: 0.228s | total: 5.250s | samples/s: 12190
Iteration 1437 | train reward: -181.69 | best: 1599.59 | KL: 9.952e-03 | std: 0.1263 | rollout: 5.135s | update: 0.160s | total: 5.295s | samples/s: 12086
Iteration 1438 | train reward: -174.49 | best: 1599.59 | KL: 8.851e-03 | std: 0.1263 | rollout: 4.946s | update: 0.153s | total: 5.099s | samples/s: 12552
Iteration 1439 | train reward: -171.59 | best: 1599.59 | KL: 9.324e-03 | std: 0.1265 | rollout: 4.959s | update: 0.223s | total: 5.182s | samples/s: 12350
Iteration 1440 | train reward: -184.63 | best: 1599.59 | KL: 9.376e-03 | std: 0.1263 | rollout: 4.839s | update: 0.155s | total: 4.994s | samples/s: 12815
Iteration 1441 | train reward: -178.50 | best: 1599.59 | KL: 8.748e-03 | std: 0.1257 | rollout: 5.086s | update: 0.258s | total: 5.344s | samples/s: 11976
Iteration 1442 | train reward: -194.15 | best: 1599.59 | KL: 9.050e-03 | std: 0.1254 | rollout: 5.028s | update: 0.157s | total: 5.185s | samples/s: 12344
Iteration 1443 | train reward: -176.73 | best: 1599.59 | KL: 1.027e-02 | std: 0.1252 | rollout: 4.722s | update: 0.152s | total: 4.874s | samples/s: 13132
Iteration 1444 | train reward: -180.02 | best: 1599.59 | KL: 9.949e-03 | std: 0.1259 | rollout: 5.095s | update: 0.167s | total: 5.261s | samples/s: 12164
Iteration 1445 | train reward: -189.10 | best: 1599.59 | KL: 9.061e-03 | std: 0.1257 | rollout: 5.043s | update: 0.153s | total: 5.196s | samples/s: 12317
Iteration 1446 | train reward: -180.19 | best: 1599.59 | KL: 9.756e-03 | std: 0.1256 | rollout: 4.869s | update: 0.156s | total: 5.026s | samples/s: 12734
Iteration 1447 | train reward: -187.25 | best: 1599.59 | KL: 8.372e-03 | std: 0.1263 | rollout: 5.010s | update: 0.158s | total: 5.168s | samples/s: 12383
Iteration 1448 | train reward: -185.43 | best: 1599.59 | KL: 1.176e-02 | std: 0.1267 | rollout: 4.945s | update: 0.253s | total: 5.198s | samples/s: 12313
Iteration 1449 | train reward: -190.41 | best: 1599.59 | KL: 1.074e-02 | std: 0.1263 | rollout: 5.266s | update: 0.153s | total: 5.419s | samples/s: 11810
Iteration 1450 | train reward: -186.27 | best: 1599.59 | KL: 1.015e-02 | std: 0.1263 | rollout: 5.121s | update: 0.164s | total: 5.285s | samples/s: 12110
Iteration 1451 | train reward: -170.35 | best: 1599.59 | KL: 8.318e-03 | std: 0.1261 | rollout: 5.301s | update: 0.220s | total: 5.521s | samples/s: 11592
Iteration 1452 | train reward: -178.05 | best: 1599.59 | KL: 1.216e-02 | std: 0.1255 | rollout: 5.301s | update: 0.205s | total: 5.506s | samples/s: 11624
Iteration 1453 | train reward: -198.43 | best: 1599.59 | KL: 8.431e-03 | std: 0.1256 | rollout: 5.235s | update: 0.156s | total: 5.391s | samples/s: 11872
Iteration 1454 | train reward: -188.30 | best: 1599.59 | KL: 1.151e-02 | std: 0.1259 | rollout: 5.122s | update: 0.163s | total: 5.285s | samples/s: 12109
Iteration 1455 | train reward: -173.88 | best: 1599.59 | KL: 9.044e-03 | std: 0.1256 | rollout: 4.937s | update: 0.166s | total: 5.103s | samples/s: 12541
Iteration 1456 | train reward: -189.43 | best: 1599.59 | KL: 9.703e-03 | std: 0.1254 | rollout: 4.795s | update: 0.156s | total: 4.951s | samples/s: 12928
Iteration 1457 | train reward: -170.14 | best: 1599.59 | KL: 7.951e-03 | std: 0.1250 | rollout: 4.964s | update: 0.181s | total: 5.145s | samples/s: 12440
Iteration 1458 | train reward: -165.78 | best: 1599.59 | KL: 9.348e-03 | std: 0.1250 | rollout: 5.079s | update: 0.189s | total: 5.268s | samples/s: 12149
Iteration 1459 | train reward: -179.56 | best: 1599.59 | KL: 9.527e-03 | std: 0.1250 | rollout: 5.006s | update: 0.156s | total: 5.162s | samples/s: 12399
Iteration 1460 | train reward: -165.98 | best: 1599.59 | KL: 8.999e-03 | std: 0.1256 | rollout: 4.953s | update: 0.164s | total: 5.117s | samples/s: 12508
Iteration 1461 | train reward: -189.67 | best: 1599.59 | KL: 1.036e-02 | std: 0.1257 | rollout: 5.365s | update: 0.233s | total: 5.598s | samples/s: 11433
Iteration 1462 | train reward: -173.07 | best: 1599.59 | KL: 8.990e-03 | std: 0.1263 | rollout: 4.886s | update: 0.154s | total: 5.041s | samples/s: 12697
Iteration 1463 | train reward: -171.35 | best: 1599.59 | KL: 9.530e-03 | std: 0.1261 | rollout: 4.940s | update: 0.161s | total: 5.101s | samples/s: 12545
Iteration 1464 | train reward: -185.60 | best: 1599.59 | KL: 9.553e-03 | std: 0.1263 | rollout: 4.785s | update: 0.172s | total: 4.957s | samples/s: 12911
Iteration 1465 | train reward: -184.54 | best: 1599.59 | KL: 8.753e-03 | std: 0.1261 | rollout: 5.077s | update: 0.258s | total: 5.335s | samples/s: 11996
Iteration 1466 | train reward: -185.47 | best: 1599.59 | KL: 8.535e-03 | std: 0.1255 | rollout: 5.119s | update: 0.159s | total: 5.278s | samples/s: 12126
Iteration 1467 | train reward: -180.85 | best: 1599.59 | KL: 1.155e-02 | std: 0.1251 | rollout: 4.848s | update: 0.287s | total: 5.135s | samples/s: 12463
Iteration 1468 | train reward: -180.00 | best: 1599.59 | KL: 8.777e-03 | std: 0.1252 | rollout: 5.000s | update: 0.198s | total: 5.198s | samples/s: 12312
Iteration 1469 | train reward: -173.04 | best: 1599.59 | KL: 8.895e-03 | std: 0.1257 | rollout: 5.040s | update: 0.202s | total: 5.242s | samples/s: 12208
Iteration 1470 | train reward: -183.65 | best: 1599.59 | KL: 9.146e-03 | std: 0.1261 | rollout: 4.858s | update: 0.160s | total: 5.018s | samples/s: 12754
Iteration 1471 | train reward: -167.10 | best: 1599.59 | KL: 1.068e-02 | std: 0.1252 | rollout: 4.873s | update: 0.171s | total: 5.044s | samples/s: 12689
Iteration 1472 | train reward: -190.87 | best: 1599.59 | KL: 9.954e-03 | std: 0.1251 | rollout: 4.980s | update: 0.156s | total: 5.136s | samples/s: 12462
Iteration 1473 | train reward: -182.49 | best: 1599.59 | KL: 1.232e-02 | std: 0.1246 | rollout: 5.004s | update: 0.156s | total: 5.160s | samples/s: 12403
Iteration 1474 | train reward: -178.25 | best: 1599.59 | KL: 8.877e-03 | std: 0.1250 | rollout: 5.068s | update: 0.270s | total: 5.337s | samples/s: 11991
Iteration 1475 | train reward: -185.78 | best: 1599.59 | KL: 9.530e-03 | std: 0.1252 | rollout: 5.081s | update: 0.161s | total: 5.243s | samples/s: 12208
Iteration 1476 | train reward: -167.35 | best: 1599.59 | KL: 6.929e-03 | std: 0.1256 | rollout: 5.199s | update: 0.238s | total: 5.438s | samples/s: 11770
Iteration 1477 | train reward: -169.20 | best: 1599.59 | KL: 1.106e-02 | std: 0.1257 | rollout: 4.850s | update: 0.224s | total: 5.074s | samples/s: 12612
Iteration 1478 | train reward: -163.01 | best: 1599.59 | KL: 9.123e-03 | std: 0.1257 | rollout: 5.024s | update: 0.156s | total: 5.180s | samples/s: 12356
Iteration 1479 | train reward: -183.73 | best: 1599.59 | KL: 1.125e-02 | std: 0.1252 | rollout: 4.992s | update: 0.168s | total: 5.160s | samples/s: 12403
Iteration 1480 | train reward: -157.24 | best: 1599.59 | KL: 8.231e-03 | std: 0.1249 | rollout: 5.217s | update: 0.159s | total: 5.376s | samples/s: 11905
Iteration 1481 | train reward: -181.86 | best: 1599.59 | KL: 9.447e-03 | std: 0.1250 | rollout: 4.963s | update: 0.187s | total: 5.150s | samples/s: 12427
Iteration 1482 | train reward: -183.43 | best: 1599.59 | KL: 1.117e-02 | std: 0.1246 | rollout: 5.154s | update: 0.170s | total: 5.324s | samples/s: 12021
Iteration 1483 | train reward: -183.13 | best: 1599.59 | KL: 1.028e-02 | std: 0.1246 | rollout: 4.875s | update: 0.154s | total: 5.029s | samples/s: 12727
Iteration 1484 | train reward: -187.24 | best: 1599.59 | KL: 9.539e-03 | std: 0.1244 | rollout: 4.911s | update: 0.165s | total: 5.076s | samples/s: 12609
Iteration 1485 | train reward: -175.62 | best: 1599.59 | KL: 1.075e-02 | std: 0.1239 | rollout: 4.857s | update: 0.257s | total: 5.114s | samples/s: 12515
Iteration 1486 | train reward: -179.55 | best: 1599.59 | KL: 8.390e-03 | std: 0.1239 | rollout: 4.868s | update: 0.274s | total: 5.142s | samples/s: 12447
Iteration 1487 | train reward: -173.99 | best: 1599.59 | KL: 7.262e-03 | std: 0.1236 | rollout: 4.940s | update: 0.152s | total: 5.093s | samples/s: 12567
Iteration 1488 | train reward: -188.89 | best: 1599.59 | KL: 1.097e-02 | std: 0.1237 | rollout: 4.781s | update: 0.243s | total: 5.024s | samples/s: 12740
Iteration 1489 | train reward: -183.58 | best: 1599.59 | KL: 9.555e-03 | std: 0.1233 | rollout: 5.043s | update: 0.226s | total: 5.269s | samples/s: 12145
Iteration 1490 | train reward: -199.83 | best: 1599.59 | KL: 9.903e-03 | std: 0.1228 | rollout: 5.284s | update: 0.159s | total: 5.443s | samples/s: 11757
Iteration 1491 | train reward: -168.97 | best: 1599.59 | KL: 9.676e-03 | std: 0.1224 | rollout: 4.951s | update: 0.161s | total: 5.112s | samples/s: 12519
Iteration 1492 | train reward: -180.85 | best: 1599.59 | KL: 9.295e-03 | std: 0.1229 | rollout: 5.070s | update: 0.160s | total: 5.230s | samples/s: 12238
Iteration 1493 | train reward: -152.69 | best: 1599.59 | KL: 9.798e-03 | std: 0.1235 | rollout: 5.142s | update: 0.174s | total: 5.316s | samples/s: 12039
Iteration 1494 | train reward: -170.85 | best: 1599.59 | KL: 8.437e-03 | std: 0.1230 | rollout: 5.089s | update: 0.189s | total: 5.278s | samples/s: 12125
Iteration 1495 | train reward: -184.29 | best: 1599.59 | KL: 1.051e-02 | std: 0.1230 | rollout: 5.167s | update: 0.158s | total: 5.325s | samples/s: 12019
Iteration 1496 | train reward: -181.24 | best: 1599.59 | KL: 1.149e-02 | std: 0.1230 | rollout: 5.332s | update: 0.174s | total: 5.506s | samples/s: 11624
Iteration 1497 | train reward: -177.02 | best: 1599.59 | KL: 9.041e-03 | std: 0.1230 | rollout: 5.059s | update: 0.161s | total: 5.220s | samples/s: 12261
Iteration 1498 | train reward: -161.90 | best: 1599.59 | KL: 9.711e-03 | std: 0.1230 | rollout: 5.324s | update: 0.310s | total: 5.635s | samples/s: 11358
Iteration 1499 | train reward: -185.75 | best: 1599.59 | KL: 8.851e-03 | std: 0.1228 | rollout: 5.605s | update: 0.327s | total: 5.932s | samples/s: 10789
Iteration 1500 | train reward: -183.24 | best: 1599.59 | KL: 8.072e-03 | std: 0.1229 | rollout: 5.228s | update: 0.167s | total: 5.395s | samples/s: 11862
Iteration 1501 | train reward: -188.15 | best: 1599.59 | KL: 1.066e-02 | std: 0.1232 | rollout: 5.360s | update: 0.166s | total: 5.525s | samples/s: 11583
Iteration 1502 | train reward: -182.19 | best: 1599.59 | KL: 7.801e-03 | std: 0.1226 | rollout: 5.250s | update: 0.292s | total: 5.542s | samples/s: 11549
Iteration 1503 | train reward: -170.49 | best: 1599.59 | KL: 1.078e-02 | std: 0.1232 | rollout: 5.191s | update: 0.165s | total: 5.356s | samples/s: 11949
Iteration 1504 | train reward: -175.59 | best: 1599.59 | KL: 9.242e-03 | std: 0.1230 | rollout: 4.954s | update: 0.166s | total: 5.120s | samples/s: 12500
Iteration 1505 | train reward: -177.93 | best: 1599.59 | KL: 7.829e-03 | std: 0.1228 | rollout: 5.038s | update: 0.155s | total: 5.193s | samples/s: 12325
Iteration 1506 | train reward: -184.18 | best: 1599.59 | KL: 9.745e-03 | std: 0.1219 | rollout: 4.972s | update: 0.156s | total: 5.128s | samples/s: 12480
Iteration 1507 | train reward: -178.61 | best: 1599.59 | KL: 8.098e-03 | std: 0.1217 | rollout: 4.950s | update: 0.185s | total: 5.136s | samples/s: 12462
Iteration 1508 | train reward: -194.59 | best: 1599.59 | KL: 1.072e-02 | std: 0.1211 | rollout: 4.676s | update: 0.253s | total: 4.929s | samples/s: 12984
Iteration 1509 | train reward: -181.59 | best: 1599.59 | KL: 1.145e-02 | std: 0.1213 | rollout: 5.379s | update: 0.158s | total: 5.537s | samples/s: 11558
Iteration 1510 | train reward: -167.09 | best: 1599.59 | KL: 9.903e-03 | std: 0.1211 | rollout: 5.188s | update: 0.242s | total: 5.431s | samples/s: 11785
Iteration 1511 | train reward: -181.15 | best: 1599.59 | KL: 8.030e-03 | std: 0.1211 | rollout: 5.074s | update: 0.164s | total: 5.238s | samples/s: 12218
Iteration 1512 | train reward: -174.10 | best: 1599.59 | KL: 8.300e-03 | std: 0.1209 | rollout: 4.919s | update: 0.163s | total: 5.083s | samples/s: 12592
Iteration 1513 | train reward: -164.57 | best: 1599.59 | KL: 1.064e-02 | std: 0.1210 | rollout: 4.803s | update: 0.221s | total: 5.024s | samples/s: 12739
Iteration 1514 | train reward: -162.25 | best: 1599.59 | KL: 8.535e-03 | std: 0.1206 | rollout: 4.861s | update: 0.169s | total: 5.029s | samples/s: 12726
Iteration 1515 | train reward: -163.16 | best: 1599.59 | KL: 9.492e-03 | std: 0.1204 | rollout: 5.115s | update: 0.173s | total: 5.288s | samples/s: 12104
Iteration 1516 | train reward: -183.40 | best: 1599.59 | KL: 8.933e-03 | std: 0.1200 | rollout: 4.893s | update: 0.190s | total: 5.082s | samples/s: 12592
Iteration 1517 | train reward: -175.77 | best: 1599.59 | KL: 9.031e-03 | std: 0.1206 | rollout: 5.002s | update: 0.354s | total: 5.356s | samples/s: 11949
Iteration 1518 | train reward: -179.48 | best: 1599.59 | KL: 1.063e-02 | std: 0.1210 | rollout: 5.140s | update: 0.169s | total: 5.309s | samples/s: 12056
Iteration 1519 | train reward: -187.89 | best: 1599.59 | KL: 1.034e-02 | std: 0.1204 | rollout: 4.970s | update: 0.167s | total: 5.137s | samples/s: 12458
Iteration 1520 | train reward: -193.45 | best: 1599.59 | KL: 9.252e-03 | std: 0.1206 | rollout: 5.140s | update: 0.150s | total: 5.290s | samples/s: 12098
Iteration 1521 | train reward: -169.78 | best: 1599.59 | KL: 9.831e-03 | std: 0.1206 | rollout: 4.838s | update: 0.193s | total: 5.031s | samples/s: 12720
Iteration 1522 | train reward: -168.04 | best: 1599.59 | KL: 8.819e-03 | std: 0.1198 | rollout: 5.126s | update: 0.231s | total: 5.357s | samples/s: 11948
Iteration 1523 | train reward: -189.47 | best: 1599.59 | KL: 6.979e-03 | std: 0.1198 | rollout: 4.919s | update: 0.225s | total: 5.144s | samples/s: 12441
Iteration 1524 | train reward: -173.75 | best: 1599.59 | KL: 8.514e-03 | std: 0.1198 | rollout: 5.099s | update: 0.222s | total: 5.321s | samples/s: 12028
Iteration 1525 | train reward: -181.07 | best: 1599.59 | KL: 8.511e-03 | std: 0.1198 | rollout: 5.032s | update: 0.248s | total: 5.280s | samples/s: 12120
Iteration 1526 | train reward: -186.66 | best: 1599.59 | KL: 8.975e-03 | std: 0.1204 | rollout: 4.985s | update: 0.161s | total: 5.146s | samples/s: 12436
Iteration 1527 | train reward: -185.15 | best: 1599.59 | KL: 9.538e-03 | std: 0.1210 | rollout: 5.076s | update: 0.258s | total: 5.333s | samples/s: 12000
Iteration 1528 | train reward: -180.35 | best: 1599.59 | KL: 9.535e-03 | std: 0.1209 | rollout: 4.941s | update: 0.163s | total: 5.104s | samples/s: 12540
Iteration 1529 | train reward: -175.08 | best: 1599.59 | KL: 1.009e-02 | std: 0.1204 | rollout: 5.090s | update: 0.161s | total: 5.251s | samples/s: 12188
Iteration 1530 | train reward: -173.08 | best: 1599.59 | KL: 8.610e-03 | std: 0.1202 | rollout: 4.926s | update: 0.159s | total: 5.085s | samples/s: 12586
Iteration 1531 | train reward: -185.06 | best: 1599.59 | KL: 9.624e-03 | std: 0.1204 | rollout: 4.925s | update: 0.159s | total: 5.084s | samples/s: 12587
Iteration 1532 | train reward: -179.66 | best: 1599.59 | KL: 9.374e-03 | std: 0.1203 | rollout: 4.977s | update: 0.162s | total: 5.139s | samples/s: 12454
Iteration 1533 | train reward: -166.07 | best: 1599.59 | KL: 9.536e-03 | std: 0.1205 | rollout: 4.851s | update: 0.153s | total: 5.004s | samples/s: 12789
Iteration 1534 | train reward: -182.60 | best: 1599.59 | KL: 7.900e-03 | std: 0.1207 | rollout: 4.889s | update: 0.166s | total: 5.055s | samples/s: 12660
Iteration 1535 | train reward: -170.06 | best: 1599.59 | KL: 9.233e-03 | std: 0.1209 | rollout: 4.931s | update: 0.155s | total: 5.086s | samples/s: 12584
Iteration 1536 | train reward: -152.45 | best: 1599.59 | KL: 8.681e-03 | std: 0.1211 | rollout: 5.022s | update: 0.149s | total: 5.170s | samples/s: 12378
Iteration 1537 | train reward: -170.68 | best: 1599.59 | KL: 1.022e-02 | std: 0.1211 | rollout: 5.188s | update: 0.178s | total: 5.366s | samples/s: 11928
Iteration 1538 | train reward: -163.34 | best: 1599.59 | KL: 8.577e-03 | std: 0.1211 | rollout: 5.216s | update: 0.356s | total: 5.572s | samples/s: 11486
Iteration 1539 | train reward: -199.14 | best: 1599.59 | KL: 7.928e-03 | std: 0.1209 | rollout: 5.332s | update: 0.158s | total: 5.489s | samples/s: 11659
Iteration 1540 | train reward: -168.41 | best: 1599.59 | KL: 8.091e-03 | std: 0.1210 | rollout: 5.219s | update: 0.309s | total: 5.528s | samples/s: 11578
Iteration 1541 | train reward: -175.11 | best: 1599.59 | KL: 1.020e-02 | std: 0.1209 | rollout: 5.710s | update: 0.226s | total: 5.936s | samples/s: 10782
Iteration 1542 | train reward: -190.56 | best: 1599.59 | KL: 9.231e-03 | std: 0.1209 | rollout: 5.623s | update: 0.166s | total: 5.789s | samples/s: 11055
Iteration 1543 | train reward: -184.18 | best: 1599.59 | KL: 1.160e-02 | std: 0.1205 | rollout: 5.254s | update: 0.162s | total: 5.416s | samples/s: 11817
Iteration 1544 | train reward: -173.50 | best: 1599.59 | KL: 9.203e-03 | std: 0.1207 | rollout: 5.095s | update: 0.168s | total: 5.263s | samples/s: 12161
Iteration 1545 | train reward: -179.09 | best: 1599.59 | KL: 9.422e-03 | std: 0.1209 | rollout: 4.992s | update: 0.164s | total: 5.156s | samples/s: 12413
Iteration 1546 | train reward: -161.93 | best: 1599.59 | KL: 9.435e-03 | std: 0.1210 | rollout: 5.157s | update: 0.168s | total: 5.325s | samples/s: 12018
Iteration 1547 | train reward: -177.32 | best: 1599.59 | KL: 1.012e-02 | std: 0.1207 | rollout: 4.928s | update: 0.149s | total: 5.078s | samples/s: 12604
Iteration 1548 | train reward: -180.66 | best: 1599.59 | KL: 1.027e-02 | std: 0.1198 | rollout: 5.037s | update: 0.182s | total: 5.219s | samples/s: 12262
Iteration 1549 | train reward: -171.48 | best: 1599.59 | KL: 9.808e-03 | std: 0.1197 | rollout: 5.148s | update: 0.151s | total: 5.299s | samples/s: 12079
Iteration 1550 | train reward: -175.03 | best: 1599.59 | KL: 1.066e-02 | std: 0.1200 | rollout: 5.031s | update: 0.158s | total: 5.189s | samples/s: 12333
Iteration 1551 | train reward: -158.56 | best: 1599.59 | KL: 7.875e-03 | std: 0.1206 | rollout: 5.017s | update: 0.160s | total: 5.177s | samples/s: 12362
Iteration 1552 | train reward: -168.80 | best: 1599.59 | KL: 9.473e-03 | std: 0.1204 | rollout: 5.086s | update: 0.157s | total: 5.243s | samples/s: 12208
Iteration 1553 | train reward: -177.37 | best: 1599.59 | KL: 9.380e-03 | std: 0.1198 | rollout: 5.045s | update: 0.153s | total: 5.198s | samples/s: 12312
Iteration 1554 | train reward: -182.49 | best: 1599.59 | KL: 9.244e-03 | std: 0.1200 | rollout: 4.976s | update: 0.167s | total: 5.143s | samples/s: 12444
Iteration 1555 | train reward: -187.73 | best: 1599.59 | KL: 1.050e-02 | std: 0.1203 | rollout: 4.843s | update: 0.154s | total: 4.997s | samples/s: 12809
Iteration 1556 | train reward: -171.15 | best: 1599.59 | KL: 9.382e-03 | std: 0.1206 | rollout: 5.007s | update: 0.153s | total: 5.160s | samples/s: 12403
Iteration 1557 | train reward: -190.71 | best: 1599.59 | KL: 7.945e-03 | std: 0.1205 | rollout: 4.972s | update: 0.176s | total: 5.148s | samples/s: 12433
Iteration 1558 | train reward: -180.32 | best: 1599.59 | KL: 8.897e-03 | std: 0.1209 | rollout: 5.109s | update: 0.208s | total: 5.317s | samples/s: 12036
Iteration 1559 | train reward: -174.70 | best: 1599.59 | KL: 8.967e-03 | std: 0.1215 | rollout: 4.958s | update: 0.184s | total: 5.142s | samples/s: 12447
Iteration 1560 | train reward: -169.16 | best: 1599.59 | KL: 9.841e-03 | std: 0.1213 | rollout: 4.853s | update: 0.161s | total: 5.013s | samples/s: 12766
Iteration 1561 | train reward: -170.28 | best: 1599.59 | KL: 8.615e-03 | std: 0.1215 | rollout: 5.046s | update: 0.154s | total: 5.200s | samples/s: 12308
Iteration 1562 | train reward: -185.51 | best: 1599.59 | KL: 7.749e-03 | std: 0.1216 | rollout: 4.858s | update: 0.207s | total: 5.065s | samples/s: 12636
Iteration 1563 | train reward: -165.28 | best: 1599.59 | KL: 8.422e-03 | std: 0.1217 | rollout: 5.203s | update: 0.158s | total: 5.361s | samples/s: 11938
Iteration 1564 | train reward: -185.00 | best: 1599.59 | KL: 8.822e-03 | std: 0.1213 | rollout: 5.110s | update: 0.239s | total: 5.349s | samples/s: 11965
Iteration 1565 | train reward: -169.60 | best: 1599.59 | KL: 9.110e-03 | std: 0.1211 | rollout: 4.953s | update: 0.165s | total: 5.118s | samples/s: 12505
Iteration 1566 | train reward: -163.26 | best: 1599.59 | KL: 8.604e-03 | std: 0.1209 | rollout: 5.136s | update: 0.160s | total: 5.297s | samples/s: 12083
Iteration 1567 | train reward: -177.76 | best: 1599.59 | KL: 8.748e-03 | std: 0.1211 | rollout: 5.437s | update: 0.161s | total: 5.598s | samples/s: 11433
Iteration 1568 | train reward: -184.59 | best: 1599.59 | KL: 9.943e-03 | std: 0.1211 | rollout: 4.970s | update: 0.167s | total: 5.137s | samples/s: 12459
Iteration 1569 | train reward: -172.84 | best: 1599.59 | KL: 1.067e-02 | std: 0.1204 | rollout: 5.366s | update: 0.259s | total: 5.625s | samples/s: 11378
Iteration 1570 | train reward: -172.10 | best: 1599.59 | KL: 9.343e-03 | std: 0.1204 | rollout: 4.904s | update: 0.243s | total: 5.148s | samples/s: 12433
Iteration 1571 | train reward: -176.61 | best: 1599.59 | KL: 1.121e-02 | std: 0.1209 | rollout: 4.878s | update: 0.154s | total: 5.033s | samples/s: 12717
Iteration 1572 | train reward: -180.10 | best: 1599.59 | KL: 9.917e-03 | std: 0.1209 | rollout: 4.904s | update: 0.163s | total: 5.068s | samples/s: 12629
Iteration 1573 | train reward: -182.07 | best: 1599.59 | KL: 1.006e-02 | std: 0.1207 | rollout: 4.884s | update: 0.192s | total: 5.076s | samples/s: 12608
Iteration 1574 | train reward: -151.18 | best: 1599.59 | KL: 9.878e-03 | std: 0.1205 | rollout: 5.045s | update: 0.186s | total: 5.231s | samples/s: 12234
Iteration 1575 | train reward: -182.13 | best: 1599.59 | KL: 8.964e-03 | std: 0.1204 | rollout: 5.160s | update: 0.166s | total: 5.325s | samples/s: 12018
Iteration 1576 | train reward: -187.62 | best: 1599.59 | KL: 9.638e-03 | std: 0.1211 | rollout: 4.985s | update: 0.161s | total: 5.146s | samples/s: 12437
Iteration 1577 | train reward: -181.30 | best: 1599.59 | KL: 8.305e-03 | std: 0.1206 | rollout: 5.076s | update: 0.190s | total: 5.266s | samples/s: 12155
Iteration 1578 | train reward: -156.25 | best: 1599.59 | KL: 8.918e-03 | std: 0.1209 | rollout: 5.159s | update: 0.153s | total: 5.312s | samples/s: 12048
Iteration 1579 | train reward: -177.50 | best: 1599.59 | KL: 8.515e-03 | std: 0.1211 | rollout: 5.120s | update: 0.223s | total: 5.344s | samples/s: 11977
Iteration 1580 | train reward: -175.70 | best: 1599.59 | KL: 1.078e-02 | std: 0.1215 | rollout: 4.953s | update: 0.173s | total: 5.126s | samples/s: 12486
Iteration 1581 | train reward: -174.92 | best: 1599.59 | KL: 8.777e-03 | std: 0.1209 | rollout: 4.844s | update: 0.178s | total: 5.022s | samples/s: 12744
Iteration 1582 | train reward: -196.78 | best: 1599.59 | KL: 8.076e-03 | std: 0.1209 | rollout: 4.942s | update: 0.156s | total: 5.098s | samples/s: 12554
Iteration 1583 | train reward: -165.62 | best: 1599.59 | KL: 9.512e-03 | std: 0.1206 | rollout: 5.146s | update: 0.162s | total: 5.308s | samples/s: 12057
Iteration 1584 | train reward: -193.94 | best: 1599.59 | KL: 8.220e-03 | std: 0.1210 | rollout: 5.044s | update: 0.180s | total: 5.224s | samples/s: 12252
Iteration 1585 | train reward: -162.43 | best: 1599.59 | KL: 9.851e-03 | std: 0.1207 | rollout: 4.954s | update: 0.157s | total: 5.111s | samples/s: 12521
Iteration 1586 | train reward: -181.37 | best: 1599.59 | KL: 8.558e-03 | std: 0.1211 | rollout: 5.116s | update: 0.164s | total: 5.280s | samples/s: 12122
Iteration 1587 | train reward: -171.35 | best: 1599.59 | KL: 9.292e-03 | std: 0.1213 | rollout: 5.006s | update: 0.167s | total: 5.173s | samples/s: 12372
Iteration 1588 | train reward: -161.56 | best: 1599.59 | KL: 8.377e-03 | std: 0.1215 | rollout: 4.868s | update: 0.179s | total: 5.048s | samples/s: 12679
Iteration 1589 | train reward: -176.01 | best: 1599.59 | KL: 1.019e-02 | std: 0.1217 | rollout: 4.828s | update: 0.163s | total: 4.991s | samples/s: 12823
Iteration 1590 | train reward: -161.37 | best: 1599.59 | KL: 9.610e-03 | std: 0.1222 | rollout: 4.770s | update: 0.185s | total: 4.955s | samples/s: 12916
Iteration 1591 | train reward: -161.56 | best: 1599.59 | KL: 9.019e-03 | std: 0.1224 | rollout: 5.039s | update: 0.161s | total: 5.200s | samples/s: 12308
Iteration 1592 | train reward: -172.69 | best: 1599.59 | KL: 8.204e-03 | std: 0.1225 | rollout: 4.691s | update: 0.213s | total: 4.904s | samples/s: 13050
Iteration 1593 | train reward: -181.92 | best: 1599.59 | KL: 7.576e-03 | std: 0.1226 | rollout: 5.111s | update: 0.220s | total: 5.331s | samples/s: 12005
Iteration 1594 | train reward: -172.24 | best: 1599.59 | KL: 9.324e-03 | std: 0.1229 | rollout: 4.845s | update: 0.213s | total: 5.058s | samples/s: 12654
Iteration 1595 | train reward: -181.90 | best: 1599.59 | KL: 8.673e-03 | std: 0.1226 | rollout: 5.090s | update: 0.158s | total: 5.248s | samples/s: 12194
Iteration 1596 | train reward: -181.78 | best: 1599.59 | KL: 8.454e-03 | std: 0.1226 | rollout: 5.163s | update: 0.222s | total: 5.385s | samples/s: 11885
Iteration 1597 | train reward: -169.11 | best: 1599.59 | KL: 9.093e-03 | std: 0.1230 | rollout: 5.034s | update: 0.200s | total: 5.233s | samples/s: 12230
Iteration 1598 | train reward: -185.08 | best: 1599.59 | KL: 9.738e-03 | std: 0.1224 | rollout: 5.158s | update: 0.160s | total: 5.318s | samples/s: 12035
Iteration 1599 | train reward: -175.36 | best: 1599.59 | KL: 7.113e-03 | std: 0.1222 | rollout: 4.995s | update: 0.163s | total: 5.158s | samples/s: 12408
Iteration 1600 | train reward: -174.15 | best: 1599.59 | KL: 9.091e-03 | std: 0.1218 | rollout: 5.015s | update: 0.224s | total: 5.239s | samples/s: 12217
Iteration 1601 | train reward: -164.91 | best: 1599.59 | KL: 8.451e-03 | std: 0.1217 | rollout: 4.880s | update: 0.171s | total: 5.051s | samples/s: 12670
Iteration 1602 | train reward: -163.86 | best: 1599.59 | KL: 1.116e-02 | std: 0.1219 | rollout: 5.076s | update: 0.161s | total: 5.237s | samples/s: 12220
Iteration 1603 | train reward: -177.03 | best: 1599.59 | KL: 8.323e-03 | std: 0.1213 | rollout: 5.091s | update: 0.155s | total: 5.245s | samples/s: 12201
Iteration 1604 | train reward: -174.53 | best: 1599.59 | KL: 9.901e-03 | std: 0.1209 | rollout: 5.192s | update: 0.174s | total: 5.366s | samples/s: 11926
Iteration 1605 | train reward: -183.39 | best: 1599.59 | KL: 1.130e-02 | std: 0.1213 | rollout: 5.032s | update: 0.163s | total: 5.194s | samples/s: 12321
Iteration 1606 | train reward: -175.13 | best: 1599.59 | KL: 8.326e-03 | std: 0.1211 | rollout: 4.793s | update: 0.173s | total: 4.965s | samples/s: 12890
Iteration 1607 | train reward: -170.79 | best: 1599.59 | KL: 8.241e-03 | std: 0.1211 | rollout: 4.786s | update: 0.155s | total: 4.941s | samples/s: 12953
Iteration 1608 | train reward: -154.51 | best: 1599.59 | KL: 8.532e-03 | std: 0.1205 | rollout: 4.839s | update: 0.150s | total: 4.989s | samples/s: 12827
Iteration 1609 | train reward: -174.15 | best: 1599.59 | KL: 9.248e-03 | std: 0.1203 | rollout: 5.037s | update: 0.173s | total: 5.210s | samples/s: 12284
Iteration 1610 | train reward: -160.34 | best: 1599.59 | KL: 7.176e-03 | std: 0.1197 | rollout: 5.101s | update: 0.156s | total: 5.257s | samples/s: 12174
Iteration 1611 | train reward: -169.73 | best: 1599.59 | KL: 7.798e-03 | std: 0.1200 | rollout: 5.081s | update: 0.156s | total: 5.237s | samples/s: 12220
Iteration 1612 | train reward: -185.87 | best: 1599.59 | KL: 1.070e-02 | std: 0.1196 | rollout: 5.065s | update: 0.157s | total: 5.222s | samples/s: 12256
Iteration 1613 | train reward: -168.21 | best: 1599.59 | KL: 9.925e-03 | std: 0.1196 | rollout: 4.880s | update: 0.164s | total: 5.045s | samples/s: 12687
Iteration 1614 | train reward: -177.49 | best: 1599.59 | KL: 8.950e-03 | std: 0.1196 | rollout: 4.994s | update: 0.162s | total: 5.156s | samples/s: 12412
Iteration 1615 | train reward: -185.35 | best: 1599.59 | KL: 8.503e-03 | std: 0.1200 | rollout: 5.035s | update: 0.159s | total: 5.195s | samples/s: 12320
Iteration 1616 | train reward: -157.78 | best: 1599.59 | KL: 9.254e-03 | std: 0.1196 | rollout: 5.145s | update: 0.153s | total: 5.298s | samples/s: 12081
Iteration 1617 | train reward: -164.64 | best: 1599.59 | KL: 1.013e-02 | std: 0.1193 | rollout: 5.030s | update: 0.166s | total: 5.196s | samples/s: 12316
Iteration 1618 | train reward: -181.45 | best: 1599.59 | KL: 1.009e-02 | std: 0.1194 | rollout: 5.033s | update: 0.167s | total: 5.200s | samples/s: 12308
Iteration 1619 | train reward: -175.65 | best: 1599.59 | KL: 9.128e-03 | std: 0.1187 | rollout: 4.828s | update: 0.155s | total: 4.982s | samples/s: 12845
Iteration 1620 | train reward: -162.92 | best: 1599.59 | KL: 9.987e-03 | std: 0.1189 | rollout: 5.057s | update: 0.167s | total: 5.224s | samples/s: 12251
Iteration 1621 | train reward: -175.80 | best: 1599.59 | KL: 1.045e-02 | std: 0.1187 | rollout: 4.965s | update: 0.152s | total: 5.116s | samples/s: 12509
Iteration 1622 | train reward: -182.43 | best: 1599.59 | KL: 7.755e-03 | std: 0.1189 | rollout: 4.987s | update: 0.154s | total: 5.142s | samples/s: 12447
Iteration 1623 | train reward: -153.00 | best: 1599.59 | KL: 7.946e-03 | std: 0.1187 | rollout: 4.770s | update: 0.158s | total: 4.928s | samples/s: 12988
Iteration 1624 | train reward: -182.81 | best: 1599.59 | KL: 1.053e-02 | std: 0.1191 | rollout: 5.224s | update: 0.168s | total: 5.392s | samples/s: 11870
Iteration 1625 | train reward: -164.72 | best: 1599.59 | KL: 8.916e-03 | std: 0.1191 | rollout: 5.251s | update: 0.166s | total: 5.417s | samples/s: 11815
Iteration 1626 | train reward: -172.36 | best: 1599.59 | KL: 1.020e-02 | std: 0.1198 | rollout: 4.890s | update: 0.226s | total: 5.116s | samples/s: 12510
Iteration 1627 | train reward: -193.38 | best: 1599.59 | KL: 1.090e-02 | std: 0.1200 | rollout: 5.127s | update: 0.155s | total: 5.282s | samples/s: 12116
Iteration 1628 | train reward: -166.65 | best: 1599.59 | KL: 8.778e-03 | std: 0.1200 | rollout: 4.864s | update: 0.163s | total: 5.028s | samples/s: 12730
Iteration 1629 | train reward: -174.43 | best: 1599.59 | KL: 8.645e-03 | std: 0.1198 | rollout: 4.963s | update: 0.170s | total: 5.133s | samples/s: 12468
Iteration 1630 | train reward: -170.11 | best: 1599.59 | KL: 9.042e-03 | std: 0.1193 | rollout: 4.911s | update: 0.165s | total: 5.076s | samples/s: 12609
Iteration 1631 | train reward: -169.47 | best: 1599.59 | KL: 1.133e-02 | std: 0.1189 | rollout: 5.048s | update: 0.166s | total: 5.214s | samples/s: 12274
Iteration 1632 | train reward: -184.62 | best: 1599.59 | KL: 9.849e-03 | std: 0.1191 | rollout: 5.129s | update: 0.227s | total: 5.356s | samples/s: 11949
Iteration 1633 | train reward: -155.20 | best: 1599.59 | KL: 7.638e-03 | std: 0.1191 | rollout: 4.974s | update: 0.162s | total: 5.136s | samples/s: 12461
Iteration 1634 | train reward: -173.07 | best: 1599.59 | KL: 9.021e-03 | std: 0.1191 | rollout: 5.136s | update: 0.162s | total: 5.298s | samples/s: 12081
Iteration 1635 | train reward: -182.68 | best: 1599.59 | KL: 9.496e-03 | std: 0.1189 | rollout: 5.012s | update: 0.161s | total: 5.173s | samples/s: 12372
Iteration 1636 | train reward: -176.42 | best: 1599.59 | KL: 9.348e-03 | std: 0.1189 | rollout: 4.926s | update: 0.165s | total: 5.091s | samples/s: 12571
Iteration 1637 | train reward: -165.41 | best: 1599.59 | KL: 8.873e-03 | std: 0.1189 | rollout: 4.708s | update: 0.154s | total: 4.862s | samples/s: 13162
Iteration 1638 | train reward: -182.25 | best: 1599.59 | KL: 9.691e-03 | std: 0.1191 | rollout: 5.006s | update: 0.218s | total: 5.225s | samples/s: 12250
Iteration 1639 | train reward: -153.12 | best: 1599.59 | KL: 7.007e-03 | std: 0.1191 | rollout: 5.112s | update: 0.153s | total: 5.265s | samples/s: 12155
Iteration 1640 | train reward: -174.58 | best: 1599.59 | KL: 8.874e-03 | std: 0.1189 | rollout: 4.819s | update: 0.184s | total: 5.002s | samples/s: 12794
Iteration 1641 | train reward: -188.71 | best: 1599.59 | KL: 7.835e-03 | std: 0.1191 | rollout: 5.073s | update: 0.204s | total: 5.277s | samples/s: 12127
Iteration 1642 | train reward: -165.75 | best: 1599.59 | KL: 1.015e-02 | std: 0.1194 | rollout: 4.791s | update: 0.170s | total: 4.961s | samples/s: 12901
Iteration 1643 | train reward: -186.87 | best: 1599.59 | KL: 9.978e-03 | std: 0.1196 | rollout: 4.836s | update: 0.154s | total: 4.990s | samples/s: 12826
Iteration 1644 | train reward: -163.34 | best: 1599.59 | KL: 1.005e-02 | std: 0.1191 | rollout: 4.929s | update: 0.164s | total: 5.094s | samples/s: 12565
Iteration 1645 | train reward: -176.20 | best: 1599.59 | KL: 1.039e-02 | std: 0.1191 | rollout: 4.922s | update: 0.165s | total: 5.088s | samples/s: 12579
Iteration 1646 | train reward: -184.46 | best: 1599.59 | KL: 8.379e-03 | std: 0.1187 | rollout: 4.926s | update: 0.163s | total: 5.089s | samples/s: 12577
Iteration 1647 | train reward: -181.95 | best: 1599.59 | KL: 8.712e-03 | std: 0.1185 | rollout: 5.104s | update: 0.159s | total: 5.263s | samples/s: 12161
Iteration 1648 | train reward: -176.14 | best: 1599.59 | KL: 1.139e-02 | std: 0.1191 | rollout: 4.951s | update: 0.163s | total: 5.114s | samples/s: 12514
Iteration 1649 | train reward: -168.63 | best: 1599.59 | KL: 1.096e-02 | std: 0.1193 | rollout: 4.795s | update: 0.165s | total: 4.960s | samples/s: 12903
Iteration 1650 | train reward: -175.62 | best: 1599.59 | KL: 1.119e-02 | std: 0.1200 | rollout: 5.188s | update: 0.228s | total: 5.416s | samples/s: 11817
Iteration 1651 | train reward: -171.37 | best: 1599.59 | KL: 1.039e-02 | std: 0.1200 | rollout: 5.129s | update: 0.166s | total: 5.295s | samples/s: 12087
Iteration 1652 | train reward: -175.22 | best: 1599.59 | KL: 1.120e-02 | std: 0.1198 | rollout: 5.277s | update: 0.161s | total: 5.438s | samples/s: 11769
Iteration 1653 | train reward: -163.99 | best: 1599.59 | KL: 8.702e-03 | std: 0.1191 | rollout: 4.858s | update: 0.165s | total: 5.024s | samples/s: 12740
Iteration 1654 | train reward: -175.25 | best: 1599.59 | KL: 9.313e-03 | std: 0.1191 | rollout: 5.031s | update: 0.156s | total: 5.188s | samples/s: 12337
Iteration 1655 | train reward: -177.69 | best: 1599.59 | KL: 9.335e-03 | std: 0.1192 | rollout: 5.166s | update: 0.155s | total: 5.321s | samples/s: 12027
Iteration 1656 | train reward: -188.85 | best: 1599.59 | KL: 9.628e-03 | std: 0.1194 | rollout: 5.323s | update: 0.183s | total: 5.506s | samples/s: 11623
Iteration 1657 | train reward: -182.61 | best: 1599.59 | KL: 9.068e-03 | std: 0.1193 | rollout: 4.963s | update: 0.164s | total: 5.127s | samples/s: 12483
Iteration 1658 | train reward: -176.45 | best: 1599.59 | KL: 9.495e-03 | std: 0.1198 | rollout: 4.964s | update: 0.159s | total: 5.124s | samples/s: 12491
Iteration 1659 | train reward: -163.17 | best: 1599.59 | KL: 7.597e-03 | std: 0.1194 | rollout: 4.930s | update: 0.154s | total: 5.085s | samples/s: 12587
Iteration 1660 | train reward: -168.80 | best: 1599.59 | KL: 8.977e-03 | std: 0.1192 | rollout: 4.731s | update: 0.159s | total: 4.890s | samples/s: 13088
Iteration 1661 | train reward: -169.56 | best: 1599.59 | KL: 8.817e-03 | std: 0.1192 | rollout: 4.921s | update: 0.264s | total: 5.185s | samples/s: 12343
Iteration 1662 | train reward: -176.40 | best: 1599.59 | KL: 8.513e-03 | std: 0.1191 | rollout: 4.857s | update: 0.166s | total: 5.024s | samples/s: 12740
Iteration 1663 | train reward: -175.40 | best: 1599.59 | KL: 9.610e-03 | std: 0.1187 | rollout: 4.944s | update: 0.152s | total: 5.097s | samples/s: 12557
Iteration 1664 | train reward: -190.03 | best: 1599.59 | KL: 9.018e-03 | std: 0.1185 | rollout: 4.864s | update: 0.155s | total: 5.018s | samples/s: 12753
Iteration 1665 | train reward: -172.85 | best: 1599.59 | KL: 1.084e-02 | std: 0.1185 | rollout: 4.763s | update: 0.203s | total: 4.966s | samples/s: 12887
Iteration 1666 | train reward: -168.61 | best: 1599.59 | KL: 9.390e-03 | std: 0.1185 | rollout: 5.015s | update: 0.187s | total: 5.202s | samples/s: 12304
Iteration 1667 | train reward: -185.47 | best: 1599.59 | KL: 9.124e-03 | std: 0.1185 | rollout: 4.995s | update: 0.272s | total: 5.267s | samples/s: 12151
Iteration 1668 | train reward: -182.10 | best: 1599.59 | KL: 1.025e-02 | std: 0.1185 | rollout: 5.058s | update: 0.178s | total: 5.236s | samples/s: 12222
Iteration 1669 | train reward: -169.68 | best: 1599.59 | KL: 9.221e-03 | std: 0.1185 | rollout: 4.965s | update: 0.192s | total: 5.156s | samples/s: 12412
Iteration 1670 | train reward: -186.34 | best: 1599.59 | KL: 8.658e-03 | std: 0.1183 | rollout: 5.039s | update: 0.166s | total: 5.204s | samples/s: 12298
Iteration 1671 | train reward: -180.58 | best: 1599.59 | KL: 8.848e-03 | std: 0.1185 | rollout: 4.899s | update: 0.159s | total: 5.058s | samples/s: 12653
Iteration 1672 | train reward: -175.70 | best: 1599.59 | KL: 9.823e-03 | std: 0.1183 | rollout: 4.962s | update: 0.168s | total: 5.129s | samples/s: 12477
Iteration 1673 | train reward: -181.52 | best: 1599.59 | KL: 1.003e-02 | std: 0.1185 | rollout: 4.963s | update: 0.167s | total: 5.130s | samples/s: 12476
Iteration 1674 | train reward: -190.19 | best: 1599.59 | KL: 1.178e-02 | std: 0.1193 | rollout: 5.370s | update: 0.253s | total: 5.623s | samples/s: 11382
Iteration 1675 | train reward: -168.09 | best: 1599.59 | KL: 9.972e-03 | std: 0.1191 | rollout: 5.240s | update: 0.156s | total: 5.396s | samples/s: 11861
Iteration 1676 | train reward: -157.98 | best: 1599.59 | KL: 8.742e-03 | std: 0.1193 | rollout: 4.919s | update: 0.166s | total: 5.084s | samples/s: 12588
Iteration 1677 | train reward: -177.33 | best: 1599.59 | KL: 9.328e-03 | std: 0.1194 | rollout: 5.128s | update: 0.165s | total: 5.293s | samples/s: 12091
Iteration 1678 | train reward: -174.07 | best: 1599.59 | KL: 9.501e-03 | std: 0.1191 | rollout: 5.016s | update: 0.164s | total: 5.181s | samples/s: 12354
Iteration 1679 | train reward: -175.60 | best: 1599.59 | KL: 1.105e-02 | std: 0.1196 | rollout: 4.845s | update: 0.173s | total: 5.018s | samples/s: 12755
Iteration 1680 | train reward: -160.82 | best: 1599.59 | KL: 8.637e-03 | std: 0.1192 | rollout: 4.963s | update: 0.216s | total: 5.179s | samples/s: 12357
Iteration 1681 | train reward: -159.73 | best: 1599.59 | KL: 9.929e-03 | std: 0.1194 | rollout: 5.037s | update: 0.195s | total: 5.232s | samples/s: 12233
Iteration 1682 | train reward: -167.15 | best: 1599.59 | KL: 7.153e-03 | std: 0.1190 | rollout: 5.274s | update: 0.300s | total: 5.575s | samples/s: 11481
Iteration 1683 | train reward: -166.14 | best: 1599.59 | KL: 8.985e-03 | std: 0.1192 | rollout: 5.251s | update: 0.179s | total: 5.430s | samples/s: 11786
Iteration 1684 | train reward: -156.86 | best: 1599.59 | KL: 9.244e-03 | std: 0.1193 | rollout: 5.118s | update: 0.153s | total: 5.271s | samples/s: 12143
Iteration 1685 | train reward: -177.77 | best: 1599.59 | KL: 8.627e-03 | std: 0.1196 | rollout: 5.146s | update: 0.175s | total: 5.321s | samples/s: 12029
Iteration 1686 | train reward: -147.99 | best: 1599.59 | KL: 7.333e-03 | std: 0.1192 | rollout: 4.912s | update: 0.163s | total: 5.076s | samples/s: 12609
Iteration 1687 | train reward: -167.05 | best: 1599.59 | KL: 8.836e-03 | std: 0.1192 | rollout: 4.860s | update: 0.308s | total: 5.168s | samples/s: 12384
Iteration 1688 | train reward: -169.51 | best: 1599.59 | KL: 1.084e-02 | std: 0.1187 | rollout: 5.028s | update: 0.173s | total: 5.200s | samples/s: 12307
Iteration 1689 | train reward: -166.85 | best: 1599.59 | KL: 1.122e-02 | std: 0.1189 | rollout: 4.968s | update: 0.173s | total: 5.141s | samples/s: 12450
Iteration 1690 | train reward: -170.10 | best: 1599.59 | KL: 1.057e-02 | std: 0.1191 | rollout: 4.898s | update: 0.162s | total: 5.060s | samples/s: 12648
Iteration 1691 | train reward: -160.64 | best: 1599.59 | KL: 7.983e-03 | std: 0.1196 | rollout: 4.922s | update: 0.160s | total: 5.083s | samples/s: 12592
Iteration 1692 | train reward: -174.26 | best: 1599.59 | KL: 8.780e-03 | std: 0.1197 | rollout: 5.123s | update: 0.316s | total: 5.439s | samples/s: 11766
Iteration 1693 | train reward: -168.78 | best: 1599.59 | KL: 9.320e-03 | std: 0.1198 | rollout: 5.776s | update: 0.159s | total: 5.934s | samples/s: 10785
Iteration 1694 | train reward: -199.69 | best: 1599.59 | KL: 9.646e-03 | std: 0.1200 | rollout: 5.062s | update: 0.348s | total: 5.410s | samples/s: 11830
Iteration 1695 | train reward: -178.86 | best: 1599.59 | KL: 9.809e-03 | std: 0.1203 | rollout: 4.947s | update: 0.151s | total: 5.098s | samples/s: 12554
Iteration 1696 | train reward: -169.89 | best: 1599.59 | KL: 8.372e-03 | std: 0.1194 | rollout: 5.069s | update: 0.157s | total: 5.226s | samples/s: 12247
Iteration 1697 | train reward: -177.64 | best: 1599.59 | KL: 9.542e-03 | std: 0.1191 | rollout: 5.021s | update: 0.154s | total: 5.175s | samples/s: 12367
Iteration 1698 | train reward: -167.37 | best: 1599.59 | KL: 9.677e-03 | std: 0.1184 | rollout: 4.964s | update: 0.203s | total: 5.168s | samples/s: 12385
Iteration 1699 | train reward: -168.91 | best: 1599.59 | KL: 8.912e-03 | std: 0.1178 | rollout: 4.896s | update: 0.167s | total: 5.062s | samples/s: 12642
Iteration 1700 | train reward: -176.38 | best: 1599.59 | KL: 1.035e-02 | std: 0.1174 | rollout: 4.887s | update: 0.296s | total: 5.183s | samples/s: 12349
Iteration 1701 | train reward: -175.67 | best: 1599.59 | KL: 1.054e-02 | std: 0.1170 | rollout: 5.073s | update: 0.163s | total: 5.235s | samples/s: 12224
Iteration 1702 | train reward: -173.78 | best: 1599.59 | KL: 1.144e-02 | std: 0.1170 | rollout: 5.102s | update: 0.184s | total: 5.285s | samples/s: 12109
Iteration 1703 | train reward: -170.06 | best: 1599.59 | KL: 7.314e-03 | std: 0.1167 | rollout: 4.875s | update: 0.163s | total: 5.038s | samples/s: 12703
Iteration 1704 | train reward: -166.11 | best: 1599.59 | KL: 1.001e-02 | std: 0.1166 | rollout: 5.398s | update: 0.169s | total: 5.567s | samples/s: 11496
Iteration 1705 | train reward: -164.37 | best: 1599.59 | KL: 1.151e-02 | std: 0.1171 | rollout: 4.923s | update: 0.160s | total: 5.083s | samples/s: 12591
Iteration 1706 | train reward: -177.74 | best: 1599.59 | KL: 6.820e-03 | std: 0.1176 | rollout: 5.166s | update: 0.154s | total: 5.321s | samples/s: 12029
Iteration 1707 | train reward: -179.94 | best: 1599.59 | KL: 1.016e-02 | std: 0.1176 | rollout: 4.940s | update: 0.154s | total: 5.094s | samples/s: 12563
Iteration 1708 | train reward: -179.92 | best: 1599.59 | KL: 1.158e-02 | std: 0.1178 | rollout: 4.893s | update: 0.167s | total: 5.060s | samples/s: 12648
Iteration 1709 | train reward: -188.39 | best: 1599.59 | KL: 9.033e-03 | std: 0.1183 | rollout: 4.897s | update: 0.191s | total: 5.088s | samples/s: 12579
Iteration 1710 | train reward: -185.14 | best: 1599.59 | KL: 8.899e-03 | std: 0.1179 | rollout: 5.064s | update: 0.167s | total: 5.231s | samples/s: 12235
Iteration 1711 | train reward: -170.71 | best: 1599.59 | KL: 8.549e-03 | std: 0.1179 | rollout: 5.027s | update: 0.206s | total: 5.233s | samples/s: 12229
Iteration 1712 | train reward: -159.94 | best: 1599.59 | KL: 9.058e-03 | std: 0.1178 | rollout: 4.913s | update: 0.253s | total: 5.165s | samples/s: 12390
Iteration 1713 | train reward: -185.92 | best: 1599.59 | KL: 8.569e-03 | std: 0.1179 | rollout: 5.850s | update: 0.166s | total: 6.017s | samples/s: 10637
Iteration 1714 | train reward: -186.09 | best: 1599.59 | KL: 1.054e-02 | std: 0.1179 | rollout: 6.021s | update: 0.219s | total: 6.240s | samples/s: 10256
Iteration 1715 | train reward: -160.32 | best: 1599.59 | KL: 8.532e-03 | std: 0.1174 | rollout: 5.353s | update: 0.155s | total: 5.508s | samples/s: 11619
Iteration 1716 | train reward: -191.16 | best: 1599.59 | KL: 7.637e-03 | std: 0.1172 | rollout: 4.983s | update: 0.228s | total: 5.211s | samples/s: 12281
Iteration 1717 | train reward: -167.12 | best: 1599.59 | KL: 8.240e-03 | std: 0.1174 | rollout: 5.020s | update: 0.164s | total: 5.184s | samples/s: 12346
Iteration 1718 | train reward: -175.56 | best: 1599.59 | KL: 8.478e-03 | std: 0.1172 | rollout: 5.186s | update: 0.178s | total: 5.364s | samples/s: 11931
Iteration 1719 | train reward: -161.02 | best: 1599.59 | KL: 8.990e-03 | std: 0.1176 | rollout: 4.712s | update: 0.206s | total: 4.918s | samples/s: 13014
Iteration 1720 | train reward: -175.95 | best: 1599.59 | KL: 1.026e-02 | std: 0.1178 | rollout: 4.984s | update: 0.161s | total: 5.146s | samples/s: 12438
Iteration 1721 | train reward: -166.70 | best: 1599.59 | KL: 9.292e-03 | std: 0.1181 | rollout: 4.904s | update: 0.158s | total: 5.062s | samples/s: 12643
Iteration 1722 | train reward: -159.79 | best: 1599.59 | KL: 8.128e-03 | std: 0.1176 | rollout: 4.959s | update: 0.157s | total: 5.116s | samples/s: 12509
Iteration 1723 | train reward: -172.99 | best: 1599.59 | KL: 1.022e-02 | std: 0.1172 | rollout: 4.971s | update: 0.155s | total: 5.126s | samples/s: 12484
Iteration 1724 | train reward: -164.99 | best: 1599.59 | KL: 9.954e-03 | std: 0.1170 | rollout: 4.951s | update: 0.196s | total: 5.146s | samples/s: 12436
Iteration 1725 | train reward: -176.56 | best: 1599.59 | KL: 1.056e-02 | std: 0.1163 | rollout: 5.070s | update: 0.158s | total: 5.229s | samples/s: 12240
Iteration 1726 | train reward: -165.15 | best: 1599.59 | KL: 1.013e-02 | std: 0.1159 | rollout: 5.001s | update: 0.153s | total: 5.153s | samples/s: 12420
Iteration 1727 | train reward: -159.08 | best: 1599.59 | KL: 7.314e-03 | std: 0.1161 | rollout: 5.044s | update: 0.161s | total: 5.205s | samples/s: 12296
Iteration 1728 | train reward: -173.21 | best: 1599.59 | KL: 9.769e-03 | std: 0.1161 | rollout: 5.045s | update: 0.170s | total: 5.215s | samples/s: 12271
Iteration 1729 | train reward: -161.48 | best: 1599.59 | KL: 1.169e-02 | std: 0.1159 | rollout: 4.987s | update: 0.215s | total: 5.202s | samples/s: 12302
Iteration 1730 | train reward: -166.46 | best: 1599.59 | KL: 1.170e-02 | std: 0.1151 | rollout: 4.998s | update: 0.159s | total: 5.157s | samples/s: 12411
Iteration 1731 | train reward: -167.98 | best: 1599.59 | KL: 7.362e-03 | std: 0.1146 | rollout: 4.934s | update: 0.224s | total: 5.158s | samples/s: 12407
Iteration 1732 | train reward: -181.76 | best: 1599.59 | KL: 7.455e-03 | std: 0.1153 | rollout: 5.095s | update: 0.174s | total: 5.268s | samples/s: 12148
Iteration 1733 | train reward: -173.73 | best: 1599.59 | KL: 1.086e-02 | std: 0.1155 | rollout: 5.159s | update: 0.160s | total: 5.319s | samples/s: 12031
Iteration 1734 | train reward: -172.84 | best: 1599.59 | KL: 9.544e-03 | std: 0.1159 | rollout: 5.075s | update: 0.182s | total: 5.257s | samples/s: 12174
Iteration 1735 | train reward: -187.39 | best: 1599.59 | KL: 9.239e-03 | std: 0.1159 | rollout: 4.803s | update: 0.214s | total: 5.017s | samples/s: 12756
Iteration 1736 | train reward: -179.02 | best: 1599.59 | KL: 8.254e-03 | std: 0.1159 | rollout: 5.020s | update: 0.153s | total: 5.174s | samples/s: 12370
Iteration 1737 | train reward: -174.59 | best: 1599.59 | KL: 1.283e-02 | std: 0.1159 | rollout: 5.078s | update: 0.224s | total: 5.301s | samples/s: 12072
Iteration 1738 | train reward: -168.57 | best: 1599.59 | KL: 9.017e-03 | std: 0.1154 | rollout: 4.844s | update: 0.168s | total: 5.011s | samples/s: 12771
Iteration 1739 | train reward: -152.00 | best: 1599.59 | KL: 1.024e-02 | std: 0.1157 | rollout: 5.006s | update: 0.166s | total: 5.172s | samples/s: 12375
Iteration 1740 | train reward: -181.51 | best: 1599.59 | KL: 9.967e-03 | std: 0.1157 | rollout: 5.467s | update: 0.225s | total: 5.691s | samples/s: 11245
Iteration 1741 | train reward: -160.02 | best: 1599.59 | KL: 8.134e-03 | std: 0.1155 | rollout: 5.387s | update: 0.152s | total: 5.540s | samples/s: 11553
Iteration 1742 | train reward: -176.58 | best: 1599.59 | KL: 9.877e-03 | std: 0.1158 | rollout: 5.461s | update: 0.204s | total: 5.666s | samples/s: 11296
Iteration 1743 | train reward: -189.37 | best: 1599.59 | KL: 1.086e-02 | std: 0.1155 | rollout: 4.931s | update: 0.165s | total: 5.096s | samples/s: 12559
Iteration 1744 | train reward: -160.48 | best: 1599.59 | KL: 7.727e-03 | std: 0.1157 | rollout: 5.088s | update: 0.166s | total: 5.254s | samples/s: 12182
Iteration 1745 | train reward: -179.08 | best: 1599.59 | KL: 7.361e-03 | std: 0.1152 | rollout: 5.044s | update: 0.168s | total: 5.212s | samples/s: 12280
Iteration 1746 | train reward: -158.86 | best: 1599.59 | KL: 9.203e-03 | std: 0.1152 | rollout: 5.064s | update: 0.158s | total: 5.222s | samples/s: 12256
Iteration 1747 | train reward: -186.44 | best: 1599.59 | KL: 9.562e-03 | std: 0.1152 | rollout: 5.344s | update: 0.374s | total: 5.718s | samples/s: 11192
Iteration 1748 | train reward: -153.13 | best: 1599.59 | KL: 8.938e-03 | std: 0.1153 | rollout: 5.110s | update: 0.225s | total: 5.335s | samples/s: 11996
Iteration 1749 | train reward: -180.24 | best: 1599.59 | KL: 1.106e-02 | std: 0.1150 | rollout: 5.428s | update: 0.208s | total: 5.637s | samples/s: 11354
Iteration 1750 | train reward: -175.55 | best: 1599.59 | KL: 9.603e-03 | std: 0.1152 | rollout: 4.858s | update: 0.282s | total: 5.139s | samples/s: 12453
Iteration 1751 | train reward: -180.29 | best: 1599.59 | KL: 8.999e-03 | std: 0.1157 | rollout: 5.219s | update: 0.187s | total: 5.406s | samples/s: 11839
Iteration 1752 | train reward: -180.79 | best: 1599.59 | KL: 9.269e-03 | std: 0.1159 | rollout: 4.698s | update: 0.300s | total: 4.998s | samples/s: 12805
Iteration 1753 | train reward: -166.59 | best: 1599.59 | KL: 9.931e-03 | std: 0.1161 | rollout: 5.340s | update: 0.176s | total: 5.515s | samples/s: 11604
Iteration 1754 | train reward: -173.50 | best: 1599.59 | KL: 9.628e-03 | std: 0.1161 | rollout: 5.054s | update: 0.155s | total: 5.209s | samples/s: 12286
Iteration 1755 | train reward: -180.37 | best: 1599.59 | KL: 8.245e-03 | std: 0.1159 | rollout: 5.075s | update: 0.140s | total: 5.214s | samples/s: 12274
Iteration 1756 | train reward: -181.41 | best: 1599.59 | KL: 1.007e-02 | std: 0.1158 | rollout: 5.133s | update: 0.170s | total: 5.303s | samples/s: 12068
Iteration 1757 | train reward: -184.33 | best: 1599.59 | KL: 1.106e-02 | std: 0.1159 | rollout: 5.028s | update: 0.137s | total: 5.165s | samples/s: 12392
Iteration 1758 | train reward: -169.47 | best: 1599.59 | KL: 1.071e-02 | std: 0.1157 | rollout: 5.141s | update: 0.151s | total: 5.292s | samples/s: 12094
Iteration 1759 | train reward: -164.61 | best: 1599.59 | KL: 1.022e-02 | std: 0.1155 | rollout: 5.087s | update: 0.258s | total: 5.345s | samples/s: 11974
Iteration 1760 | train reward: -184.47 | best: 1599.59 | KL: 9.580e-03 | std: 0.1161 | rollout: 4.882s | update: 0.176s | total: 5.059s | samples/s: 12651
Iteration 1761 | train reward: -164.35 | best: 1599.59 | KL: 1.031e-02 | std: 0.1163 | rollout: 4.960s | update: 0.219s | total: 5.179s | samples/s: 12357
Iteration 1762 | train reward: -156.65 | best: 1599.59 | KL: 8.033e-03 | std: 0.1165 | rollout: 4.949s | update: 0.214s | total: 5.163s | samples/s: 12396
Iteration 1763 | train reward: -178.58 | best: 1599.59 | KL: 7.570e-03 | std: 0.1164 | rollout: 4.925s | update: 0.153s | total: 5.079s | samples/s: 12602
Iteration 1764 | train reward: -161.78 | best: 1599.59 | KL: 8.283e-03 | std: 0.1163 | rollout: 5.006s | update: 0.154s | total: 5.159s | samples/s: 12404
Iteration 1765 | train reward: -176.00 | best: 1599.59 | KL: 9.357e-03 | std: 0.1167 | rollout: 4.951s | update: 0.161s | total: 5.111s | samples/s: 12521
Iteration 1766 | train reward: -186.73 | best: 1599.59 | KL: 7.746e-03 | std: 0.1172 | rollout: 5.009s | update: 0.163s | total: 5.172s | samples/s: 12374
Iteration 1767 | train reward: -179.42 | best: 1599.59 | KL: 9.729e-03 | std: 0.1183 | rollout: 5.210s | update: 0.152s | total: 5.363s | samples/s: 11935
Iteration 1768 | train reward: -191.80 | best: 1599.59 | KL: 9.053e-03 | std: 0.1185 | rollout: 5.141s | update: 0.148s | total: 5.289s | samples/s: 12100
Iteration 1769 | train reward: -169.69 | best: 1599.59 | KL: 8.164e-03 | std: 0.1184 | rollout: 4.968s | update: 0.158s | total: 5.126s | samples/s: 12486
Iteration 1770 | train reward: -161.59 | best: 1599.59 | KL: 9.434e-03 | std: 0.1185 | rollout: 5.140s | update: 0.145s | total: 5.285s | samples/s: 12110
Iteration 1771 | train reward: -164.05 | best: 1599.59 | KL: 1.055e-02 | std: 0.1185 | rollout: 5.102s | update: 0.148s | total: 5.251s | samples/s: 12189
Iteration 1772 | train reward: -187.07 | best: 1599.59 | KL: 1.046e-02 | std: 0.1189 | rollout: 5.053s | update: 0.145s | total: 5.198s | samples/s: 12312
Iteration 1773 | train reward: -169.52 | best: 1599.59 | KL: 1.002e-02 | std: 0.1189 | rollout: 5.052s | update: 0.147s | total: 5.198s | samples/s: 12312
Iteration 1774 | train reward: -175.84 | best: 1599.59 | KL: 8.768e-03 | std: 0.1191 | rollout: 5.124s | update: 0.172s | total: 5.296s | samples/s: 12085
Iteration 1775 | train reward: -172.43 | best: 1599.59 | KL: 7.627e-03 | std: 0.1187 | rollout: 4.894s | update: 0.162s | total: 5.056s | samples/s: 12659
Iteration 1776 | train reward: -170.70 | best: 1599.59 | KL: 9.197e-03 | std: 0.1191 | rollout: 5.098s | update: 0.213s | total: 5.311s | samples/s: 12051
Iteration 1777 | train reward: -175.59 | best: 1599.59 | KL: 8.674e-03 | std: 0.1190 | rollout: 4.848s | update: 0.210s | total: 5.058s | samples/s: 12654
Iteration 1778 | train reward: -187.75 | best: 1599.59 | KL: 8.536e-03 | std: 0.1194 | rollout: 5.108s | update: 0.159s | total: 5.268s | samples/s: 12149
Iteration 1779 | train reward: -168.00 | best: 1599.59 | KL: 8.559e-03 | std: 0.1196 | rollout: 5.143s | update: 0.157s | total: 5.300s | samples/s: 12075
Iteration 1780 | train reward: -173.40 | best: 1599.59 | KL: 7.655e-03 | std: 0.1196 | rollout: 5.044s | update: 0.174s | total: 5.218s | samples/s: 12266
Iteration 1781 | train reward: -171.42 | best: 1599.59 | KL: 1.019e-02 | std: 0.1198 | rollout: 4.887s | update: 0.155s | total: 5.042s | samples/s: 12694
Iteration 1782 | train reward: -154.71 | best: 1599.59 | KL: 9.174e-03 | std: 0.1206 | rollout: 5.039s | update: 0.169s | total: 5.207s | samples/s: 12290
Iteration 1783 | train reward: -170.85 | best: 1599.59 | KL: 1.052e-02 | std: 0.1204 | rollout: 4.971s | update: 0.249s | total: 5.220s | samples/s: 12260
Iteration 1784 | train reward: -165.63 | best: 1599.59 | KL: 9.800e-03 | std: 0.1198 | rollout: 4.982s | update: 0.156s | total: 5.138s | samples/s: 12456
Iteration 1785 | train reward: -160.65 | best: 1599.59 | KL: 1.044e-02 | std: 0.1197 | rollout: 4.805s | update: 0.170s | total: 4.975s | samples/s: 12864
Iteration 1786 | train reward: -189.94 | best: 1599.59 | KL: 9.793e-03 | std: 0.1198 | rollout: 4.917s | update: 0.231s | total: 5.148s | samples/s: 12433
Iteration 1787 | train reward: -177.66 | best: 1599.59 | KL: 1.009e-02 | std: 0.1200 | rollout: 5.115s | update: 0.214s | total: 5.329s | samples/s: 12009
Iteration 1788 | train reward: -171.03 | best: 1599.59 | KL: 8.496e-03 | std: 0.1204 | rollout: 4.890s | update: 0.203s | total: 5.093s | samples/s: 12567
Iteration 1789 | train reward: -193.98 | best: 1599.59 | KL: 1.037e-02 | std: 0.1198 | rollout: 5.014s | update: 0.170s | total: 5.183s | samples/s: 12347
Iteration 1790 | train reward: -155.18 | best: 1599.59 | KL: 8.526e-03 | std: 0.1196 | rollout: 5.238s | update: 0.220s | total: 5.458s | samples/s: 11727
Iteration 1791 | train reward: -177.21 | best: 1599.59 | KL: 9.613e-03 | std: 0.1193 | rollout: 5.165s | update: 0.168s | total: 5.332s | samples/s: 12002
Iteration 1792 | train reward: -166.94 | best: 1599.59 | KL: 9.281e-03 | std: 0.1191 | rollout: 4.993s | update: 0.158s | total: 5.151s | samples/s: 12424
Iteration 1793 | train reward: -182.06 | best: 1599.59 | KL: 7.447e-03 | std: 0.1198 | rollout: 5.020s | update: 0.175s | total: 5.194s | samples/s: 12321
Iteration 1794 | train reward: -145.35 | best: 1599.59 | KL: 8.520e-03 | std: 0.1204 | rollout: 5.191s | update: 0.192s | total: 5.383s | samples/s: 11890
Iteration 1795 | train reward: -178.65 | best: 1599.59 | KL: 9.247e-03 | std: 0.1210 | rollout: 4.958s | update: 0.364s | total: 5.322s | samples/s: 12025
Iteration 1796 | train reward: -151.02 | best: 1599.59 | KL: 9.257e-03 | std: 0.1211 | rollout: 5.017s | update: 0.153s | total: 5.171s | samples/s: 12377
Iteration 1797 | train reward: -156.18 | best: 1599.59 | KL: 1.103e-02 | std: 0.1211 | rollout: 5.228s | update: 0.151s | total: 5.379s | samples/s: 11898
Iteration 1798 | train reward: -163.43 | best: 1599.59 | KL: 9.517e-03 | std: 0.1217 | rollout: 5.194s | update: 0.167s | total: 5.361s | samples/s: 11937
Iteration 1799 | train reward: -173.26 | best: 1599.59 | KL: 9.974e-03 | std: 0.1222 | rollout: 4.900s | update: 0.179s | total: 5.078s | samples/s: 12602
Iteration 1800 | train reward: -182.63 | best: 1599.59 | KL: 9.037e-03 | std: 0.1215 | rollout: 5.131s | update: 0.153s | total: 5.283s | samples/s: 12113
Iteration 1801 | train reward: -165.12 | best: 1599.59 | KL: 1.036e-02 | std: 0.1215 | rollout: 5.083s | update: 0.183s | total: 5.266s | samples/s: 12154
Iteration 1802 | train reward: -178.11 | best: 1599.59 | KL: 7.808e-03 | std: 0.1205 | rollout: 5.184s | update: 0.302s | total: 5.486s | samples/s: 11667
Iteration 1803 | train reward: -168.46 | best: 1599.59 | KL: 1.045e-02 | std: 0.1205 | rollout: 4.903s | update: 0.164s | total: 5.067s | samples/s: 12631
Iteration 1804 | train reward: -188.76 | best: 1599.59 | KL: 1.276e-02 | std: 0.1200 | rollout: 4.937s | update: 0.289s | total: 5.227s | samples/s: 12245
Iteration 1805 | train reward: -175.62 | best: 1599.59 | KL: 9.644e-03 | std: 0.1207 | rollout: 4.833s | update: 0.151s | total: 4.984s | samples/s: 12840
Iteration 1806 | train reward: -168.55 | best: 1599.59 | KL: 8.755e-03 | std: 0.1211 | rollout: 4.950s | update: 0.168s | total: 5.118s | samples/s: 12505
Iteration 1807 | train reward: -175.74 | best: 1599.59 | KL: 8.741e-03 | std: 0.1211 | rollout: 4.959s | update: 0.273s | total: 5.231s | samples/s: 12234
Iteration 1808 | train reward: -166.15 | best: 1599.59 | KL: 1.040e-02 | std: 0.1213 | rollout: 4.708s | update: 0.193s | total: 4.901s | samples/s: 13058
Iteration 1809 | train reward: -166.34 | best: 1599.59 | KL: 1.016e-02 | std: 0.1211 | rollout: 4.892s | update: 0.214s | total: 5.106s | samples/s: 12535
Iteration 1810 | train reward: -164.89 | best: 1599.59 | KL: 1.017e-02 | std: 0.1213 | rollout: 5.130s | update: 0.156s | total: 5.286s | samples/s: 12107
Iteration 1811 | train reward: -181.00 | best: 1599.59 | KL: 9.564e-03 | std: 0.1213 | rollout: 4.955s | update: 0.153s | total: 5.108s | samples/s: 12529
Iteration 1812 | train reward: -170.71 | best: 1599.59 | KL: 8.208e-03 | std: 0.1213 | rollout: 4.908s | update: 0.192s | total: 5.100s | samples/s: 12549
Iteration 1813 | train reward: -188.17 | best: 1599.59 | KL: 8.348e-03 | std: 0.1217 | rollout: 5.078s | update: 0.158s | total: 5.236s | samples/s: 12223
Iteration 1814 | train reward: -171.04 | best: 1599.59 | KL: 1.011e-02 | std: 0.1219 | rollout: 5.092s | update: 0.161s | total: 5.253s | samples/s: 12183
Iteration 1815 | train reward: -161.36 | best: 1599.59 | KL: 1.249e-02 | std: 0.1216 | rollout: 4.986s | update: 0.160s | total: 5.146s | samples/s: 12436
Iteration 1816 | train reward: -166.32 | best: 1599.59 | KL: 9.177e-03 | std: 0.1213 | rollout: 5.210s | update: 0.172s | total: 5.382s | samples/s: 11891
Iteration 1817 | train reward: -174.57 | best: 1599.59 | KL: 1.089e-02 | std: 0.1211 | rollout: 4.935s | update: 0.154s | total: 5.089s | samples/s: 12577
Iteration 1818 | train reward: -176.04 | best: 1599.59 | KL: 8.704e-03 | std: 0.1211 | rollout: 4.938s | update: 0.170s | total: 5.108s | samples/s: 12530
Iteration 1819 | train reward: -167.55 | best: 1599.59 | KL: 1.143e-02 | std: 0.1211 | rollout: 4.989s | update: 0.255s | total: 5.244s | samples/s: 12205
Iteration 1820 | train reward: -157.71 | best: 1599.59 | KL: 9.146e-03 | std: 0.1204 | rollout: 5.041s | update: 0.160s | total: 5.201s | samples/s: 12306
Iteration 1821 | train reward: -184.50 | best: 1599.59 | KL: 8.018e-03 | std: 0.1198 | rollout: 4.862s | update: 0.157s | total: 5.019s | samples/s: 12752
Iteration 1822 | train reward: -163.55 | best: 1599.59 | KL: 8.729e-03 | std: 0.1189 | rollout: 4.968s | update: 0.167s | total: 5.135s | samples/s: 12463
Iteration 1823 | train reward: -163.84 | best: 1599.59 | KL: 9.007e-03 | std: 0.1191 | rollout: 5.166s | update: 0.158s | total: 5.324s | samples/s: 12022
Iteration 1824 | train reward: -177.60 | best: 1599.59 | KL: 9.762e-03 | std: 0.1192 | rollout: 5.214s | update: 0.165s | total: 5.379s | samples/s: 11899
Iteration 1825 | train reward: -161.34 | best: 1599.59 | KL: 1.042e-02 | std: 0.1191 | rollout: 5.010s | update: 0.158s | total: 5.168s | samples/s: 12384
Iteration 1826 | train reward: -157.74 | best: 1599.59 | KL: 9.311e-03 | std: 0.1190 | rollout: 5.072s | update: 0.165s | total: 5.237s | samples/s: 12221
Iteration 1827 | train reward: -173.44 | best: 1599.59 | KL: 9.475e-03 | std: 0.1187 | rollout: 4.907s | update: 0.168s | total: 5.075s | samples/s: 12611
Iteration 1828 | train reward: -156.37 | best: 1599.59 | KL: 9.194e-03 | std: 0.1185 | rollout: 5.103s | update: 0.162s | total: 5.264s | samples/s: 12157
Iteration 1829 | train reward: -173.35 | best: 1599.59 | KL: 9.608e-03 | std: 0.1185 | rollout: 5.252s | update: 0.166s | total: 5.418s | samples/s: 11813
Iteration 1830 | train reward: -186.35 | best: 1599.59 | KL: 1.115e-02 | std: 0.1185 | rollout: 4.877s | update: 0.161s | total: 5.038s | samples/s: 12704
Iteration 1831 | train reward: -159.66 | best: 1599.59 | KL: 1.246e-02 | std: 0.1190 | rollout: 4.890s | update: 0.160s | total: 5.050s | samples/s: 12673
Iteration 1832 | train reward: -172.07 | best: 1599.59 | KL: 8.533e-03 | std: 0.1189 | rollout: 4.830s | update: 0.207s | total: 5.037s | samples/s: 12706
Iteration 1833 | train reward: -175.73 | best: 1599.59 | KL: 9.659e-03 | std: 0.1187 | rollout: 5.050s | update: 0.221s | total: 5.271s | samples/s: 12143
Iteration 1834 | train reward: -162.41 | best: 1599.59 | KL: 1.015e-02 | std: 0.1192 | rollout: 5.012s | update: 0.154s | total: 5.166s | samples/s: 12389
Iteration 1835 | train reward: -177.82 | best: 1599.59 | KL: 1.079e-02 | std: 0.1187 | rollout: 4.969s | update: 0.162s | total: 5.130s | samples/s: 12475
Iteration 1836 | train reward: -163.78 | best: 1599.59 | KL: 8.494e-03 | std: 0.1190 | rollout: 4.865s | update: 0.162s | total: 5.027s | samples/s: 12732
Iteration 1837 | train reward: -179.33 | best: 1599.59 | KL: 8.611e-03 | std: 0.1191 | rollout: 4.820s | update: 0.156s | total: 4.976s | samples/s: 12861
Iteration 1838 | train reward: -170.09 | best: 1599.59 | KL: 9.761e-03 | std: 0.1196 | rollout: 5.165s | update: 0.159s | total: 5.324s | samples/s: 12021
Iteration 1839 | train reward: -165.24 | best: 1599.59 | KL: 1.071e-02 | std: 0.1197 | rollout: 4.930s | update: 0.167s | total: 5.097s | samples/s: 12556
Iteration 1840 | train reward: -165.94 | best: 1599.59 | KL: 1.001e-02 | std: 0.1191 | rollout: 5.031s | update: 0.159s | total: 5.190s | samples/s: 12332
Iteration 1841 | train reward: -162.07 | best: 1599.59 | KL: 8.051e-03 | std: 0.1191 | rollout: 4.985s | update: 0.154s | total: 5.139s | samples/s: 12453
Iteration 1842 | train reward: -146.66 | best: 1599.59 | KL: 8.503e-03 | std: 0.1191 | rollout: 4.927s | update: 0.202s | total: 5.129s | samples/s: 12478
Iteration 1843 | train reward: -172.32 | best: 1599.59 | KL: 9.645e-03 | std: 0.1192 | rollout: 5.034s | update: 0.162s | total: 5.196s | samples/s: 12317
Iteration 1844 | train reward: -177.31 | best: 1599.59 | KL: 9.414e-03 | std: 0.1191 | rollout: 5.035s | update: 0.262s | total: 5.296s | samples/s: 12084
Iteration 1845 | train reward: -173.88 | best: 1599.59 | KL: 1.077e-02 | std: 0.1190 | rollout: 5.075s | update: 0.163s | total: 5.239s | samples/s: 12217
Iteration 1846 | train reward: -161.08 | best: 1599.59 | KL: 9.881e-03 | std: 0.1192 | rollout: 4.831s | update: 0.164s | total: 4.994s | samples/s: 12815
Iteration 1847 | train reward: -180.90 | best: 1599.59 | KL: 8.735e-03 | std: 0.1191 | rollout: 5.078s | update: 0.164s | total: 5.242s | samples/s: 12210
Iteration 1848 | train reward: -181.00 | best: 1599.59 | KL: 1.093e-02 | std: 0.1194 | rollout: 5.065s | update: 0.201s | total: 5.266s | samples/s: 12154
Iteration 1849 | train reward: -176.82 | best: 1599.59 | KL: 9.720e-03 | std: 0.1198 | rollout: 4.947s | update: 0.168s | total: 5.115s | samples/s: 12512
Iteration 1850 | train reward: -174.04 | best: 1599.59 | KL: 9.888e-03 | std: 0.1196 | rollout: 4.925s | update: 0.151s | total: 5.076s | samples/s: 12608
Iteration 1851 | train reward: -158.01 | best: 1599.59 | KL: 8.581e-03 | std: 0.1192 | rollout: 5.128s | update: 0.198s | total: 5.326s | samples/s: 12017
Iteration 1852 | train reward: -166.88 | best: 1599.59 | KL: 1.100e-02 | std: 0.1200 | rollout: 5.172s | update: 0.167s | total: 5.339s | samples/s: 11988
Iteration 1853 | train reward: -178.28 | best: 1599.59 | KL: 8.896e-03 | std: 0.1200 | rollout: 4.910s | update: 0.165s | total: 5.074s | samples/s: 12613
Iteration 1854 | train reward: -162.19 | best: 1599.59 | KL: 1.086e-02 | std: 0.1196 | rollout: 5.120s | update: 0.163s | total: 5.283s | samples/s: 12115
Iteration 1855 | train reward: -173.84 | best: 1599.59 | KL: 9.782e-03 | std: 0.1191 | rollout: 5.507s | update: 0.294s | total: 5.801s | samples/s: 11032
Iteration 1856 | train reward: -172.82 | best: 1599.59 | KL: 1.063e-02 | std: 0.1190 | rollout: 5.182s | update: 0.152s | total: 5.333s | samples/s: 12001
Iteration 1857 | train reward: -178.51 | best: 1599.59 | KL: 9.388e-03 | std: 0.1191 | rollout: 4.925s | update: 0.163s | total: 5.087s | samples/s: 12581
Iteration 1858 | train reward: -188.64 | best: 1599.59 | KL: 1.060e-02 | std: 0.1189 | rollout: 5.237s | update: 0.176s | total: 5.413s | samples/s: 11824
Iteration 1859 | train reward: -176.27 | best: 1599.59 | KL: 9.256e-03 | std: 0.1191 | rollout: 5.054s | update: 0.230s | total: 5.284s | samples/s: 12112
Iteration 1860 | train reward: -167.17 | best: 1599.59 | KL: 9.825e-03 | std: 0.1187 | rollout: 5.108s | update: 0.324s | total: 5.432s | samples/s: 11783
Iteration 1861 | train reward: -165.31 | best: 1599.59 | KL: 9.601e-03 | std: 0.1187 | rollout: 4.838s | update: 0.159s | total: 4.996s | samples/s: 12810
Iteration 1862 | train reward: -174.27 | best: 1599.59 | KL: 1.006e-02 | std: 0.1187 | rollout: 5.023s | update: 0.155s | total: 5.177s | samples/s: 12362
Iteration 1863 | train reward: -159.44 | best: 1599.59 | KL: 1.006e-02 | std: 0.1190 | rollout: 4.986s | update: 0.221s | total: 5.207s | samples/s: 12290
Iteration 1864 | train reward: -180.78 | best: 1599.59 | KL: 7.884e-03 | std: 0.1185 | rollout: 4.808s | update: 0.225s | total: 5.034s | samples/s: 12715
Iteration 1865 | train reward: -168.59 | best: 1599.59 | KL: 8.649e-03 | std: 0.1185 | rollout: 4.932s | update: 0.160s | total: 5.092s | samples/s: 12568
Iteration 1866 | train reward: -166.86 | best: 1599.59 | KL: 1.184e-02 | std: 0.1180 | rollout: 4.941s | update: 0.212s | total: 5.153s | samples/s: 12420
Iteration 1867 | train reward: -174.54 | best: 1599.59 | KL: 1.145e-02 | std: 0.1183 | rollout: 4.934s | update: 0.152s | total: 5.087s | samples/s: 12582
Iteration 1868 | train reward: -160.25 | best: 1599.59 | KL: 1.059e-02 | std: 0.1185 | rollout: 5.055s | update: 0.181s | total: 5.236s | samples/s: 12223
Iteration 1869 | train reward: -171.76 | best: 1599.59 | KL: 1.054e-02 | std: 0.1185 | rollout: 4.850s | update: 0.163s | total: 5.013s | samples/s: 12767
Iteration 1870 | train reward: -163.28 | best: 1599.59 | KL: 1.059e-02 | std: 0.1185 | rollout: 5.142s | update: 0.160s | total: 5.303s | samples/s: 12069
Iteration 1871 | train reward: -161.76 | best: 1599.59 | KL: 9.074e-03 | std: 0.1183 | rollout: 4.916s | update: 0.163s | total: 5.079s | samples/s: 12601
Iteration 1872 | train reward: -168.74 | best: 1599.59 | KL: 1.036e-02 | std: 0.1185 | rollout: 4.891s | update: 0.185s | total: 5.076s | samples/s: 12609
Iteration 1873 | train reward: -156.72 | best: 1599.59 | KL: 1.090e-02 | std: 0.1185 | rollout: 5.156s | update: 0.288s | total: 5.444s | samples/s: 11756
Iteration 1874 | train reward: -163.28 | best: 1599.59 | KL: 8.503e-03 | std: 0.1191 | rollout: 4.909s | update: 0.243s | total: 5.152s | samples/s: 12423
Iteration 1875 | train reward: -176.33 | best: 1599.59 | KL: 9.614e-03 | std: 0.1190 | rollout: 5.055s | update: 0.236s | total: 5.292s | samples/s: 12094
Iteration 1876 | train reward: -151.24 | best: 1599.59 | KL: 8.008e-03 | std: 0.1192 | rollout: 5.127s | update: 0.161s | total: 5.288s | samples/s: 12103
Iteration 1877 | train reward: -171.67 | best: 1599.59 | KL: 9.479e-03 | std: 0.1194 | rollout: 5.040s | update: 0.146s | total: 5.187s | samples/s: 12339
Iteration 1878 | train reward: -168.32 | best: 1599.59 | KL: 1.011e-02 | std: 0.1185 | rollout: 4.918s | update: 0.152s | total: 5.069s | samples/s: 12625
Iteration 1879 | train reward: -154.98 | best: 1599.59 | KL: 9.411e-03 | std: 0.1192 | rollout: 5.081s | update: 0.151s | total: 5.232s | samples/s: 12232
Iteration 1880 | train reward: -148.99 | best: 1599.59 | KL: 7.726e-03 | std: 0.1191 | rollout: 4.951s | update: 0.154s | total: 5.105s | samples/s: 12537
Iteration 1881 | train reward: -169.26 | best: 1599.59 | KL: 9.236e-03 | std: 0.1191 | rollout: 4.956s | update: 0.163s | total: 5.118s | samples/s: 12504
Iteration 1882 | train reward: -168.44 | best: 1599.59 | KL: 9.818e-03 | std: 0.1197 | rollout: 5.141s | update: 0.165s | total: 5.306s | samples/s: 12061
Iteration 1883 | train reward: -167.89 | best: 1599.59 | KL: 9.605e-03 | std: 0.1198 | rollout: 5.777s | update: 0.166s | total: 5.943s | samples/s: 10769
Iteration 1884 | train reward: -170.90 | best: 1599.59 | KL: 9.823e-03 | std: 0.1200 | rollout: 5.385s | update: 0.429s | total: 5.814s | samples/s: 11009
Iteration 1885 | train reward: -168.29 | best: 1599.59 | KL: 9.151e-03 | std: 0.1191 | rollout: 6.262s | update: 0.199s | total: 6.461s | samples/s: 9905
Iteration 1886 | train reward: -174.91 | best: 1599.59 | KL: 8.301e-03 | std: 0.1193 | rollout: 5.778s | update: 0.216s | total: 5.994s | samples/s: 10677
Iteration 1887 | train reward: -171.91 | best: 1599.59 | KL: 1.047e-02 | std: 0.1191 | rollout: 4.986s | update: 0.158s | total: 5.144s | samples/s: 12441
Iteration 1888 | train reward: -156.35 | best: 1599.59 | KL: 9.745e-03 | std: 0.1187 | rollout: 5.086s | update: 0.157s | total: 5.243s | samples/s: 12206
Iteration 1889 | train reward: -176.76 | best: 1599.59 | KL: 8.683e-03 | std: 0.1184 | rollout: 5.126s | update: 0.149s | total: 5.274s | samples/s: 12134
Iteration 1890 | train reward: -167.31 | best: 1599.59 | KL: 9.779e-03 | std: 0.1187 | rollout: 5.004s | update: 0.148s | total: 5.152s | samples/s: 12422
Iteration 1891 | train reward: -160.03 | best: 1599.59 | KL: 8.756e-03 | std: 0.1187 | rollout: 5.018s | update: 0.148s | total: 5.166s | samples/s: 12389
Iteration 1892 | train reward: -174.89 | best: 1599.59 | KL: 1.056e-02 | std: 0.1187 | rollout: 5.245s | update: 0.146s | total: 5.391s | samples/s: 11871
Iteration 1893 | train reward: -168.13 | best: 1599.59 | KL: 9.921e-03 | std: 0.1185 | rollout: 5.031s | update: 0.166s | total: 5.197s | samples/s: 12314
Iteration 1894 | train reward: -169.86 | best: 1599.59 | KL: 1.048e-02 | std: 0.1185 | rollout: 4.722s | update: 0.158s | total: 4.879s | samples/s: 13116
Iteration 1895 | train reward: -164.07 | best: 1599.59 | KL: 1.089e-02 | std: 0.1183 | rollout: 4.941s | update: 0.236s | total: 5.177s | samples/s: 12362
Iteration 1896 | train reward: -161.22 | best: 1599.59 | KL: 7.685e-03 | std: 0.1184 | rollout: 4.925s | update: 0.152s | total: 5.077s | samples/s: 12605
Iteration 1897 | train reward: -150.59 | best: 1599.59 | KL: 8.715e-03 | std: 0.1178 | rollout: 4.852s | update: 0.163s | total: 5.015s | samples/s: 12761
Iteration 1898 | train reward: -161.97 | best: 1599.59 | KL: 9.000e-03 | std: 0.1184 | rollout: 5.123s | update: 0.185s | total: 5.308s | samples/s: 12058
Iteration 1899 | train reward: -163.37 | best: 1599.59 | KL: 1.209e-02 | std: 0.1191 | rollout: 4.680s | update: 0.210s | total: 4.890s | samples/s: 13088
Iteration 1900 | train reward: -156.92 | best: 1599.59 | KL: 8.661e-03 | std: 0.1187 | rollout: 4.845s | update: 0.152s | total: 4.997s | samples/s: 12807
Iteration 1901 | train reward: -171.76 | best: 1599.59 | KL: 8.860e-03 | std: 0.1184 | rollout: 4.901s | update: 0.159s | total: 5.061s | samples/s: 12646
Iteration 1902 | train reward: -174.19 | best: 1599.59 | KL: 1.021e-02 | std: 0.1181 | rollout: 5.035s | update: 0.160s | total: 5.195s | samples/s: 12320
Iteration 1903 | train reward: -153.10 | best: 1599.59 | KL: 1.262e-02 | std: 0.1179 | rollout: 4.875s | update: 0.164s | total: 5.039s | samples/s: 12701
Iteration 1904 | train reward: -167.17 | best: 1599.59 | KL: 9.433e-03 | std: 0.1179 | rollout: 5.022s | update: 0.161s | total: 5.183s | samples/s: 12348
Iteration 1905 | train reward: -169.66 | best: 1599.59 | KL: 9.916e-03 | std: 0.1184 | rollout: 4.828s | update: 0.163s | total: 4.990s | samples/s: 12825
Iteration 1906 | train reward: -167.85 | best: 1599.59 | KL: 8.825e-03 | std: 0.1181 | rollout: 4.819s | update: 0.159s | total: 4.979s | samples/s: 12854
Iteration 1907 | train reward: -160.77 | best: 1599.59 | KL: 8.374e-03 | std: 0.1184 | rollout: 5.012s | update: 0.166s | total: 5.177s | samples/s: 12362
Iteration 1908 | train reward: -174.84 | best: 1599.59 | KL: 1.115e-02 | std: 0.1178 | rollout: 5.234s | update: 0.231s | total: 5.465s | samples/s: 11710
Iteration 1909 | train reward: -169.33 | best: 1599.59 | KL: 9.264e-03 | std: 0.1184 | rollout: 4.923s | update: 0.157s | total: 5.079s | samples/s: 12600
Iteration 1910 | train reward: -176.57 | best: 1599.59 | KL: 1.012e-02 | std: 0.1178 | rollout: 5.414s | update: 0.156s | total: 5.570s | samples/s: 11490
Iteration 1911 | train reward: -178.53 | best: 1599.59 | KL: 1.299e-02 | std: 0.1177 | rollout: 4.947s | update: 0.166s | total: 5.113s | samples/s: 12517
Iteration 1912 | train reward: -179.65 | best: 1599.59 | KL: 9.190e-03 | std: 0.1172 | rollout: 5.351s | update: 0.174s | total: 5.525s | samples/s: 11584
Iteration 1913 | train reward: -154.26 | best: 1599.59 | KL: 9.324e-03 | std: 0.1170 | rollout: 5.359s | update: 0.168s | total: 5.527s | samples/s: 11580
Iteration 1914 | train reward: -183.54 | best: 1599.59 | KL: 1.143e-02 | std: 0.1176 | rollout: 4.900s | update: 0.225s | total: 5.125s | samples/s: 12487
Iteration 1915 | train reward: -177.78 | best: 1599.59 | KL: 1.101e-02 | std: 0.1172 | rollout: 5.800s | update: 0.158s | total: 5.958s | samples/s: 10742
Iteration 1916 | train reward: -171.71 | best: 1599.59 | KL: 1.104e-02 | std: 0.1171 | rollout: 4.777s | update: 0.212s | total: 4.989s | samples/s: 12828
Iteration 1917 | train reward: -166.15 | best: 1599.59 | KL: 8.031e-03 | std: 0.1170 | rollout: 4.887s | update: 0.181s | total: 5.068s | samples/s: 12628
Iteration 1918 | train reward: -156.38 | best: 1599.59 | KL: 9.610e-03 | std: 0.1178 | rollout: 4.950s | update: 0.161s | total: 5.111s | samples/s: 12521
Iteration 1919 | train reward: -156.64 | best: 1599.59 | KL: 6.576e-03 | std: 0.1178 | rollout: 5.066s | update: 0.155s | total: 5.222s | samples/s: 12257
Iteration 1920 | train reward: -179.82 | best: 1599.59 | KL: 1.160e-02 | std: 0.1176 | rollout: 4.919s | update: 0.156s | total: 5.075s | samples/s: 12612
Iteration 1921 | train reward: -158.58 | best: 1599.59 | KL: 9.261e-03 | std: 0.1178 | rollout: 5.006s | update: 0.169s | total: 5.175s | samples/s: 12366
Iteration 1922 | train reward: -147.84 | best: 1599.59 | KL: 7.824e-03 | std: 0.1177 | rollout: 4.966s | update: 0.156s | total: 5.122s | samples/s: 12494
Iteration 1923 | train reward: -176.01 | best: 1599.59 | KL: 8.810e-03 | std: 0.1180 | rollout: 4.857s | update: 0.162s | total: 5.019s | samples/s: 12752
Iteration 1924 | train reward: -161.67 | best: 1599.59 | KL: 8.157e-03 | std: 0.1183 | rollout: 5.021s | update: 0.155s | total: 5.176s | samples/s: 12365
Iteration 1925 | train reward: -173.39 | best: 1599.59 | KL: 1.175e-02 | std: 0.1185 | rollout: 5.050s | update: 0.165s | total: 5.214s | samples/s: 12274
Iteration 1926 | train reward: -167.68 | best: 1599.59 | KL: 1.010e-02 | std: 0.1187 | rollout: 4.673s | update: 0.283s | total: 4.956s | samples/s: 12913
Iteration 1927 | train reward: -151.95 | best: 1599.59 | KL: 9.819e-03 | std: 0.1187 | rollout: 5.106s | update: 0.196s | total: 5.302s | samples/s: 12070
Iteration 1928 | train reward: -168.44 | best: 1599.59 | KL: 1.142e-02 | std: 0.1180 | rollout: 4.997s | update: 0.154s | total: 5.151s | samples/s: 12424
Iteration 1929 | train reward: -175.70 | best: 1599.59 | KL: 1.058e-02 | std: 0.1184 | rollout: 4.946s | update: 0.224s | total: 5.170s | samples/s: 12379
Iteration 1930 | train reward: -163.09 | best: 1599.59 | KL: 9.962e-03 | std: 0.1185 | rollout: 4.980s | update: 0.170s | total: 5.150s | samples/s: 12428
Iteration 1931 | train reward: -169.65 | best: 1599.59 | KL: 7.342e-03 | std: 0.1181 | rollout: 5.048s | update: 0.156s | total: 5.204s | samples/s: 12298
Iteration 1932 | train reward: -159.92 | best: 1599.59 | KL: 9.284e-03 | std: 0.1176 | rollout: 5.253s | update: 0.165s | total: 5.418s | samples/s: 11812
Iteration 1933 | train reward: -157.26 | best: 1599.59 | KL: 1.195e-02 | std: 0.1174 | rollout: 5.024s | update: 0.162s | total: 5.187s | samples/s: 12339
Iteration 1934 | train reward: -172.13 | best: 1599.59 | KL: 9.385e-03 | std: 0.1168 | rollout: 5.188s | update: 0.171s | total: 5.359s | samples/s: 11942
Iteration 1935 | train reward: -176.23 | best: 1599.59 | KL: 9.459e-03 | std: 0.1161 | rollout: 4.886s | update: 0.156s | total: 5.042s | samples/s: 12694
Iteration 1936 | train reward: -165.71 | best: 1599.59 | KL: 9.603e-03 | std: 0.1158 | rollout: 5.297s | update: 0.149s | total: 5.446s | samples/s: 11752
Iteration 1937 | train reward: -180.90 | best: 1599.59 | KL: 9.726e-03 | std: 0.1158 | rollout: 5.180s | update: 0.152s | total: 5.332s | samples/s: 12003
Iteration 1938 | train reward: -161.40 | best: 1599.59 | KL: 1.049e-02 | std: 0.1154 | rollout: 5.106s | update: 0.159s | total: 5.265s | samples/s: 12156
Iteration 1939 | train reward: -149.56 | best: 1599.59 | KL: 8.927e-03 | std: 0.1152 | rollout: 5.039s | update: 0.163s | total: 5.202s | samples/s: 12302
Iteration 1940 | train reward: -161.02 | best: 1599.59 | KL: 7.649e-03 | std: 0.1152 | rollout: 4.891s | update: 0.157s | total: 5.048s | samples/s: 12679
Iteration 1941 | train reward: -171.03 | best: 1599.59 | KL: 1.004e-02 | std: 0.1148 | rollout: 4.830s | update: 0.169s | total: 4.999s | samples/s: 12802
Iteration 1942 | train reward: -155.13 | best: 1599.59 | KL: 1.040e-02 | std: 0.1144 | rollout: 4.743s | update: 0.174s | total: 4.917s | samples/s: 13017
Iteration 1943 | train reward: -169.07 | best: 1599.59 | KL: 8.900e-03 | std: 0.1146 | rollout: 4.999s | update: 0.164s | total: 5.164s | samples/s: 12395
Iteration 1944 | train reward: -160.12 | best: 1599.59 | KL: 8.643e-03 | std: 0.1145 | rollout: 5.034s | update: 0.165s | total: 5.199s | samples/s: 12311
Iteration 1945 | train reward: -181.56 | best: 1599.59 | KL: 8.940e-03 | std: 0.1139 | rollout: 4.979s | update: 0.169s | total: 5.148s | samples/s: 12433
Iteration 1946 | train reward: -156.97 | best: 1599.59 | KL: 9.287e-03 | std: 0.1144 | rollout: 4.910s | update: 0.160s | total: 5.070s | samples/s: 12624
Iteration 1947 | train reward: -159.35 | best: 1599.59 | KL: 8.521e-03 | std: 0.1150 | rollout: 5.034s | update: 0.192s | total: 5.226s | samples/s: 12247
Iteration 1948 | train reward: -174.04 | best: 1599.59 | KL: 9.589e-03 | std: 0.1146 | rollout: 5.350s | update: 0.258s | total: 5.607s | samples/s: 11414
Iteration 1949 | train reward: -161.58 | best: 1599.59 | KL: 8.817e-03 | std: 0.1146 | rollout: 5.227s | update: 0.172s | total: 5.398s | samples/s: 11856
Iteration 1950 | train reward: -151.64 | best: 1599.59 | KL: 8.594e-03 | std: 0.1146 | rollout: 4.938s | update: 0.182s | total: 5.121s | samples/s: 12498
Iteration 1951 | train reward: -166.42 | best: 1599.59 | KL: 1.098e-02 | std: 0.1153 | rollout: 4.757s | update: 0.157s | total: 4.914s | samples/s: 13024
Iteration 1952 | train reward: -157.66 | best: 1599.59 | KL: 8.798e-03 | std: 0.1152 | rollout: 4.842s | update: 0.237s | total: 5.078s | samples/s: 12603
Iteration 1953 | train reward: -169.40 | best: 1599.59 | KL: 1.080e-02 | std: 0.1152 | rollout: 5.004s | update: 0.160s | total: 5.164s | samples/s: 12393
Iteration 1954 | train reward: -169.49 | best: 1599.59 | KL: 9.387e-03 | std: 0.1148 | rollout: 5.179s | update: 0.184s | total: 5.363s | samples/s: 11933
Iteration 1955 | train reward: -158.78 | best: 1599.59 | KL: 8.783e-03 | std: 0.1148 | rollout: 4.790s | update: 0.229s | total: 5.019s | samples/s: 12752
Iteration 1956 | train reward: -166.81 | best: 1599.59 | KL: 1.035e-02 | std: 0.1151 | rollout: 4.978s | update: 0.165s | total: 5.142s | samples/s: 12446
Iteration 1957 | train reward: -164.21 | best: 1599.59 | KL: 8.554e-03 | std: 0.1146 | rollout: 5.221s | update: 0.168s | total: 5.389s | samples/s: 11875
Iteration 1958 | train reward: -180.74 | best: 1599.59 | KL: 1.008e-02 | std: 0.1145 | rollout: 5.152s | update: 0.157s | total: 5.309s | samples/s: 12055
Iteration 1959 | train reward: -154.53 | best: 1599.59 | KL: 1.134e-02 | std: 0.1144 | rollout: 5.155s | update: 0.241s | total: 5.396s | samples/s: 11861
Iteration 1960 | train reward: -172.98 | best: 1599.59 | KL: 8.788e-03 | std: 0.1146 | rollout: 5.284s | update: 0.154s | total: 5.438s | samples/s: 11768
Iteration 1961 | train reward: -178.64 | best: 1599.59 | KL: 1.145e-02 | std: 0.1144 | rollout: 4.963s | update: 0.164s | total: 5.127s | samples/s: 12483
Iteration 1962 | train reward: -176.68 | best: 1599.59 | KL: 9.100e-03 | std: 0.1146 | rollout: 5.044s | update: 0.170s | total: 5.214s | samples/s: 12275
Iteration 1963 | train reward: -159.01 | best: 1599.59 | KL: 8.952e-03 | std: 0.1146 | rollout: 4.955s | update: 0.163s | total: 5.118s | samples/s: 12505
Iteration 1964 | train reward: -167.04 | best: 1599.59 | KL: 9.581e-03 | std: 0.1146 | rollout: 5.152s | update: 0.155s | total: 5.307s | samples/s: 12060
Iteration 1965 | train reward: -159.94 | best: 1599.59 | KL: 1.193e-02 | std: 0.1145 | rollout: 4.909s | update: 0.188s | total: 5.097s | samples/s: 12557
Iteration 1966 | train reward: -184.23 | best: 1599.59 | KL: 9.792e-03 | std: 0.1146 | rollout: 4.969s | update: 0.175s | total: 5.144s | samples/s: 12442
Iteration 1967 | train reward: -164.45 | best: 1599.59 | KL: 9.858e-03 | std: 0.1148 | rollout: 4.986s | update: 0.207s | total: 5.193s | samples/s: 12324
Iteration 1968 | train reward: -152.49 | best: 1599.59 | KL: 7.180e-03 | std: 0.1148 | rollout: 4.952s | update: 0.154s | total: 5.106s | samples/s: 12535
Iteration 1969 | train reward: -171.04 | best: 1599.59 | KL: 1.269e-02 | std: 0.1148 | rollout: 4.965s | update: 0.192s | total: 5.157s | samples/s: 12411
Iteration 1970 | train reward: -170.62 | best: 1599.59 | KL: 1.036e-02 | std: 0.1142 | rollout: 5.283s | update: 0.153s | total: 5.436s | samples/s: 11773
Iteration 1971 | train reward: -179.40 | best: 1599.59 | KL: 1.059e-02 | std: 0.1139 | rollout: 5.075s | update: 0.160s | total: 5.235s | samples/s: 12225
Iteration 1972 | train reward: -145.86 | best: 1599.59 | KL: 9.328e-03 | std: 0.1140 | rollout: 4.814s | update: 0.221s | total: 5.034s | samples/s: 12713
Iteration 1973 | train reward: -151.51 | best: 1599.59 | KL: 9.195e-03 | std: 0.1150 | rollout: 5.106s | update: 0.213s | total: 5.320s | samples/s: 12031
Iteration 1974 | train reward: -177.49 | best: 1599.59 | KL: 1.003e-02 | std: 0.1150 | rollout: 5.085s | update: 0.152s | total: 5.237s | samples/s: 12222
Iteration 1975 | train reward: -158.76 | best: 1599.59 | KL: 7.795e-03 | std: 0.1148 | rollout: 5.056s | update: 0.225s | total: 5.281s | samples/s: 12119
Iteration 1976 | train reward: -160.56 | best: 1599.59 | KL: 1.113e-02 | std: 0.1148 | rollout: 5.161s | update: 0.169s | total: 5.331s | samples/s: 12006
Iteration 1977 | train reward: -154.47 | best: 1599.59 | KL: 1.056e-02 | std: 0.1152 | rollout: 5.095s | update: 0.196s | total: 5.291s | samples/s: 12096
Iteration 1978 | train reward: -173.90 | best: 1599.59 | KL: 1.151e-02 | std: 0.1150 | rollout: 4.995s | update: 0.230s | total: 5.225s | samples/s: 12248
Iteration 1979 | train reward: -165.67 | best: 1599.59 | KL: 9.059e-03 | std: 0.1150 | rollout: 4.974s | update: 0.158s | total: 5.132s | samples/s: 12471
Iteration 1980 | train reward: -156.41 | best: 1599.59 | KL: 8.341e-03 | std: 0.1148 | rollout: 4.930s | update: 0.156s | total: 5.086s | samples/s: 12584
Iteration 1981 | train reward: -160.54 | best: 1599.59 | KL: 1.126e-02 | std: 0.1150 | rollout: 4.941s | update: 0.161s | total: 5.102s | samples/s: 12544
Iteration 1982 | train reward: -156.99 | best: 1599.59 | KL: 8.473e-03 | std: 0.1153 | rollout: 5.123s | update: 0.162s | total: 5.284s | samples/s: 12111
Iteration 1983 | train reward: -177.69 | best: 1599.59 | KL: 1.025e-02 | std: 0.1157 | rollout: 4.972s | update: 0.161s | total: 5.134s | samples/s: 12467
Iteration 1984 | train reward: -162.34 | best: 1599.59 | KL: 9.511e-03 | std: 0.1155 | rollout: 4.919s | update: 0.154s | total: 5.072s | samples/s: 12618
Iteration 1985 | train reward: -166.70 | best: 1599.59 | KL: 1.077e-02 | std: 0.1157 | rollout: 4.865s | update: 0.161s | total: 5.026s | samples/s: 12733
Iteration 1986 | train reward: -165.75 | best: 1599.59 | KL: 8.261e-03 | std: 0.1152 | rollout: 4.966s | update: 0.162s | total: 5.128s | samples/s: 12480
Iteration 1987 | train reward: -174.40 | best: 1599.59 | KL: 1.061e-02 | std: 0.1146 | rollout: 4.825s | update: 0.169s | total: 4.994s | samples/s: 12816
Iteration 1988 | train reward: -153.89 | best: 1599.59 | KL: 8.335e-03 | std: 0.1157 | rollout: 5.236s | update: 0.166s | total: 5.401s | samples/s: 11849
Iteration 1989 | train reward: -163.34 | best: 1599.59 | KL: 1.159e-02 | std: 0.1155 | rollout: 5.011s | update: 0.164s | total: 5.176s | samples/s: 12365
Iteration 1990 | train reward: -156.63 | best: 1599.59 | KL: 9.186e-03 | std: 0.1158 | rollout: 4.936s | update: 0.175s | total: 5.111s | samples/s: 12522
Iteration 1991 | train reward: -172.07 | best: 1599.59 | KL: 8.648e-03 | std: 0.1152 | rollout: 5.081s | update: 0.194s | total: 5.275s | samples/s: 12132
Iteration 1992 | train reward: -162.76 | best: 1599.59 | KL: 9.425e-03 | std: 0.1152 | rollout: 5.015s | update: 0.162s | total: 5.177s | samples/s: 12362
Iteration 1993 | train reward: -177.27 | best: 1599.59 | KL: 8.590e-03 | std: 0.1157 | rollout: 4.974s | update: 0.221s | total: 5.195s | samples/s: 12320
Iteration 1994 | train reward: -150.81 | best: 1599.59 | KL: 9.817e-03 | std: 0.1154 | rollout: 5.079s | update: 0.158s | total: 5.237s | samples/s: 12222
Iteration 1995 | train reward: -178.11 | best: 1599.59 | KL: 1.085e-02 | std: 0.1148 | rollout: 5.170s | update: 0.165s | total: 5.335s | samples/s: 11996
Iteration 1996 | train reward: -162.08 | best: 1599.59 | KL: 1.217e-02 | std: 0.1144 | rollout: 5.092s | update: 0.158s | total: 5.250s | samples/s: 12191
Iteration 1997 | train reward: -175.26 | best: 1599.59 | KL: 1.113e-02 | std: 0.1144 | rollout: 4.980s | update: 0.160s | total: 5.139s | samples/s: 12453
Iteration 1998 | train reward: -162.99 | best: 1599.59 | KL: 8.974e-03 | std: 0.1141 | rollout: 5.350s | update: 0.211s | total: 5.561s | samples/s: 11508
Iteration 1999 | train reward: -165.50 | best: 1599.59 | KL: 1.023e-02 | std: 0.1148 | rollout: 5.129s | update: 0.270s | total: 5.399s | samples/s: 11853
Iteration 2000 | train reward: -166.59 | best: 1599.59 | KL: 9.195e-03 | std: 0.1146 | rollout: 4.867s | update: 0.234s | total: 5.100s | samples/s: 12548
Iteration 2001 | train reward: -161.79 | best: 1599.59 | KL: 1.167e-02 | std: 0.1146 | rollout: 5.202s | update: 0.201s | total: 5.402s | samples/s: 11847
Iteration 2002 | train reward: -148.06 | best: 1599.59 | KL: 8.563e-03 | std: 0.1145 | rollout: 4.898s | update: 0.217s | total: 5.115s | samples/s: 12513
Iteration 2003 | train reward: -161.72 | best: 1599.59 | KL: 8.476e-03 | std: 0.1146 | rollout: 4.906s | update: 0.165s | total: 5.071s | samples/s: 12621
Iteration 2004 | train reward: -172.98 | best: 1599.59 | KL: 1.088e-02 | std: 0.1146 | rollout: 5.038s | update: 0.176s | total: 5.215s | samples/s: 12273
Iteration 2005 | train reward: -155.06 | best: 1599.59 | KL: 9.582e-03 | std: 0.1143 | rollout: 5.183s | update: 0.165s | total: 5.347s | samples/s: 11969
Iteration 2006 | train reward: -166.54 | best: 1599.59 | KL: 9.345e-03 | std: 0.1145 | rollout: 5.007s | update: 0.243s | total: 5.250s | samples/s: 12192
Iteration 2007 | train reward: -176.25 | best: 1599.59 | KL: 9.956e-03 | std: 0.1148 | rollout: 5.009s | update: 0.159s | total: 5.168s | samples/s: 12383
Iteration 2008 | train reward: -155.63 | best: 1599.59 | KL: 1.023e-02 | std: 0.1146 | rollout: 5.019s | update: 0.161s | total: 5.180s | samples/s: 12356
Iteration 2009 | train reward: -176.30 | best: 1599.59 | KL: 8.255e-03 | std: 0.1146 | rollout: 5.092s | update: 0.233s | total: 5.325s | samples/s: 12019
Iteration 2010 | train reward: -149.95 | best: 1599.59 | KL: 7.948e-03 | std: 0.1146 | rollout: 4.868s | update: 0.164s | total: 5.032s | samples/s: 12720
Iteration 2011 | train reward: -159.02 | best: 1599.59 | KL: 1.104e-02 | std: 0.1146 | rollout: 5.026s | update: 0.166s | total: 5.192s | samples/s: 12328
Iteration 2012 | train reward: -154.27 | best: 1599.59 | KL: 7.152e-03 | std: 0.1150 | rollout: 5.059s | update: 0.161s | total: 5.220s | samples/s: 12260
Iteration 2013 | train reward: -157.09 | best: 1599.59 | KL: 7.939e-03 | std: 0.1152 | rollout: 4.870s | update: 0.161s | total: 5.031s | samples/s: 12722
Iteration 2014 | train reward: -185.44 | best: 1599.59 | KL: 9.235e-03 | std: 0.1154 | rollout: 5.095s | update: 0.201s | total: 5.296s | samples/s: 12084
Iteration 2015 | train reward: -171.38 | best: 1599.59 | KL: 9.804e-03 | std: 0.1148 | rollout: 5.058s | update: 0.157s | total: 5.215s | samples/s: 12271
Iteration 2016 | train reward: -182.35 | best: 1599.59 | KL: 1.066e-02 | std: 0.1145 | rollout: 4.908s | update: 0.158s | total: 5.066s | samples/s: 12633
Iteration 2017 | train reward: -164.31 | best: 1599.59 | KL: 1.072e-02 | std: 0.1142 | rollout: 5.086s | update: 0.206s | total: 5.293s | samples/s: 12092
Iteration 2018 | train reward: -177.80 | best: 1599.59 | KL: 8.949e-03 | std: 0.1139 | rollout: 5.172s | update: 0.167s | total: 5.339s | samples/s: 11987
Iteration 2019 | train reward: -168.93 | best: 1599.59 | KL: 1.108e-02 | std: 0.1142 | rollout: 5.142s | update: 0.170s | total: 5.311s | samples/s: 12049
Iteration 2020 | train reward: -169.03 | best: 1599.59 | KL: 9.937e-03 | std: 0.1137 | rollout: 5.058s | update: 0.224s | total: 5.283s | samples/s: 12115
Iteration 2021 | train reward: -160.58 | best: 1599.59 | KL: 9.251e-03 | std: 0.1133 | rollout: 4.984s | update: 0.169s | total: 5.152s | samples/s: 12422
Iteration 2022 | train reward: -174.38 | best: 1599.59 | KL: 1.032e-02 | std: 0.1132 | rollout: 5.039s | update: 0.160s | total: 5.199s | samples/s: 12310
Iteration 2023 | train reward: -160.95 | best: 1599.59 | KL: 1.116e-02 | std: 0.1126 | rollout: 5.066s | update: 0.165s | total: 5.232s | samples/s: 12233
Iteration 2024 | train reward: -148.05 | best: 1599.59 | KL: 9.068e-03 | std: 0.1124 | rollout: 4.976s | update: 0.160s | total: 5.136s | samples/s: 12461
Iteration 2025 | train reward: -167.34 | best: 1599.59 | KL: 1.053e-02 | std: 0.1126 | rollout: 4.865s | update: 0.235s | total: 5.100s | samples/s: 12549
Iteration 2026 | train reward: -167.69 | best: 1599.59 | KL: 9.827e-03 | std: 0.1129 | rollout: 5.055s | update: 0.152s | total: 5.208s | samples/s: 12289
Iteration 2027 | train reward: -150.61 | best: 1599.59 | KL: 1.040e-02 | std: 0.1127 | rollout: 5.183s | update: 0.160s | total: 5.343s | samples/s: 11978
Iteration 2028 | train reward: -162.91 | best: 1599.59 | KL: 9.422e-03 | std: 0.1132 | rollout: 5.277s | update: 0.204s | total: 5.481s | samples/s: 11676
Iteration 2029 | train reward: -163.55 | best: 1599.59 | KL: 8.677e-03 | std: 0.1132 | rollout: 4.977s | update: 0.181s | total: 5.158s | samples/s: 12409
Iteration 2030 | train reward: -155.89 | best: 1599.59 | KL: 9.820e-03 | std: 0.1131 | rollout: 5.310s | update: 0.230s | total: 5.540s | samples/s: 11552
Iteration 2031 | train reward: -166.80 | best: 1599.59 | KL: 8.780e-03 | std: 0.1135 | rollout: 5.455s | update: 0.163s | total: 5.618s | samples/s: 11393
Iteration 2032 | train reward: -153.52 | best: 1599.59 | KL: 8.883e-03 | std: 0.1133 | rollout: 4.897s | update: 0.205s | total: 5.102s | samples/s: 12544
Iteration 2033 | train reward: -163.99 | best: 1599.59 | KL: 9.857e-03 | std: 0.1133 | rollout: 4.967s | update: 0.153s | total: 5.119s | samples/s: 12502
Iteration 2034 | train reward: -163.09 | best: 1599.59 | KL: 8.136e-03 | std: 0.1133 | rollout: 5.047s | update: 0.224s | total: 5.270s | samples/s: 12144
Iteration 2035 | train reward: -177.08 | best: 1599.59 | KL: 6.982e-03 | std: 0.1129 | rollout: 4.846s | update: 0.153s | total: 5.000s | samples/s: 12801
Iteration 2036 | train reward: -172.62 | best: 1599.59 | KL: 1.021e-02 | std: 0.1130 | rollout: 5.054s | update: 0.246s | total: 5.300s | samples/s: 12076
Iteration 2037 | train reward: -166.43 | best: 1599.59 | KL: 9.555e-03 | std: 0.1130 | rollout: 5.198s | update: 0.157s | total: 5.355s | samples/s: 11951
Iteration 2038 | train reward: -162.36 | best: 1599.59 | KL: 9.997e-03 | std: 0.1130 | rollout: 5.192s | update: 0.229s | total: 5.421s | samples/s: 11807
Iteration 2039 | train reward: -157.59 | best: 1599.59 | KL: 1.097e-02 | std: 0.1133 | rollout: 5.243s | update: 0.154s | total: 5.397s | samples/s: 11859
Iteration 2040 | train reward: -158.59 | best: 1599.59 | KL: 1.035e-02 | std: 0.1130 | rollout: 4.997s | update: 0.265s | total: 5.261s | samples/s: 12164
Iteration 2041 | train reward: -165.13 | best: 1599.59 | KL: 7.699e-03 | std: 0.1132 | rollout: 4.907s | update: 0.262s | total: 5.169s | samples/s: 12382
Iteration 2042 | train reward: -152.79 | best: 1599.59 | KL: 8.602e-03 | std: 0.1126 | rollout: 5.217s | update: 0.220s | total: 5.436s | samples/s: 11773
Iteration 2043 | train reward: -161.99 | best: 1599.59 | KL: 9.765e-03 | std: 0.1120 | rollout: 4.967s | update: 0.156s | total: 5.123s | samples/s: 12493
Iteration 2044 | train reward: -170.40 | best: 1599.59 | KL: 9.212e-03 | std: 0.1117 | rollout: 4.883s | update: 0.156s | total: 5.039s | samples/s: 12702
Iteration 2045 | train reward: -144.61 | best: 1599.59 | KL: 9.402e-03 | std: 0.1117 | rollout: 5.041s | update: 0.163s | total: 5.204s | samples/s: 12299
Iteration 2046 | train reward: -166.29 | best: 1599.59 | KL: 9.573e-03 | std: 0.1115 | rollout: 4.869s | update: 0.170s | total: 5.039s | samples/s: 12701
Iteration 2047 | train reward: -161.30 | best: 1599.59 | KL: 1.026e-02 | std: 0.1115 | rollout: 4.814s | update: 0.207s | total: 5.021s | samples/s: 12745
Iteration 2048 | train reward: -171.48 | best: 1599.59 | KL: 8.929e-03 | std: 0.1122 | rollout: 4.899s | update: 0.151s | total: 5.050s | samples/s: 12673
Iteration 2049 | train reward: -153.72 | best: 1599.59 | KL: 7.306e-03 | std: 0.1118 | rollout: 4.920s | update: 0.154s | total: 5.074s | samples/s: 12613
Iteration 2050 | train reward: -140.77 | best: 1599.59 | KL: 6.184e-03 | std: 0.1118 | rollout: 5.049s | update: 0.161s | total: 5.210s | samples/s: 12285
Iteration 2051 | train reward: -165.23 | best: 1599.59 | KL: 1.074e-02 | std: 0.1120 | rollout: 5.094s | update: 0.165s | total: 5.259s | samples/s: 12169
Iteration 2052 | train reward: -145.48 | best: 1599.59 | KL: 8.361e-03 | std: 0.1117 | rollout: 5.024s | update: 0.237s | total: 5.261s | samples/s: 12164
Iteration 2053 | train reward: -157.08 | best: 1599.59 | KL: 8.120e-03 | std: 0.1117 | rollout: 5.121s | update: 0.161s | total: 5.282s | samples/s: 12116
Iteration 2054 | train reward: -161.35 | best: 1599.59 | KL: 9.346e-03 | std: 0.1113 | rollout: 5.084s | update: 0.167s | total: 5.251s | samples/s: 12188
Iteration 2055 | train reward: -151.08 | best: 1599.59 | KL: 8.647e-03 | std: 0.1107 | rollout: 5.065s | update: 0.154s | total: 5.219s | samples/s: 12264
Iteration 2056 | train reward: -150.82 | best: 1599.59 | KL: 9.027e-03 | std: 0.1101 | rollout: 5.783s | update: 0.168s | total: 5.951s | samples/s: 10755
Iteration 2057 | train reward: -150.29 | best: 1599.59 | KL: 8.689e-03 | std: 0.1100 | rollout: 5.982s | update: 0.302s | total: 6.284s | samples/s: 10184
Iteration 2058 | train reward: -155.31 | best: 1599.59 | KL: 1.078e-02 | std: 0.1107 | rollout: 5.522s | update: 0.170s | total: 5.692s | samples/s: 11244
Iteration 2059 | train reward: -179.23 | best: 1599.59 | KL: 9.589e-03 | std: 0.1109 | rollout: 5.070s | update: 0.208s | total: 5.278s | samples/s: 12125
Iteration 2060 | train reward: -160.92 | best: 1599.59 | KL: 9.802e-03 | std: 0.1107 | rollout: 5.011s | update: 0.162s | total: 5.173s | samples/s: 12373
Iteration 2061 | train reward: -162.12 | best: 1599.59 | KL: 8.913e-03 | std: 0.1102 | rollout: 4.905s | update: 0.183s | total: 5.088s | samples/s: 12578
Iteration 2062 | train reward: -167.73 | best: 1599.59 | KL: 9.350e-03 | std: 0.1105 | rollout: 4.999s | update: 0.158s | total: 5.157s | samples/s: 12411
Iteration 2063 | train reward: -164.12 | best: 1599.59 | KL: 9.453e-03 | std: 0.1106 | rollout: 4.920s | update: 0.248s | total: 5.168s | samples/s: 12385
Iteration 2064 | train reward: -159.35 | best: 1599.59 | KL: 9.923e-03 | std: 0.1096 | rollout: 5.158s | update: 0.164s | total: 5.323s | samples/s: 12024
Iteration 2065 | train reward: -174.63 | best: 1599.59 | KL: 9.716e-03 | std: 0.1098 | rollout: 4.951s | update: 0.309s | total: 5.260s | samples/s: 12167
Iteration 2066 | train reward: -152.89 | best: 1599.59 | KL: 9.219e-03 | std: 0.1102 | rollout: 5.044s | update: 0.165s | total: 5.209s | samples/s: 12286
Iteration 2067 | train reward: -172.22 | best: 1599.59 | KL: 9.497e-03 | std: 0.1106 | rollout: 5.162s | update: 0.154s | total: 5.316s | samples/s: 12039
Iteration 2068 | train reward: -162.15 | best: 1599.59 | KL: 9.110e-03 | std: 0.1107 | rollout: 5.231s | update: 0.148s | total: 5.379s | samples/s: 11897
Iteration 2069 | train reward: -175.30 | best: 1599.59 | KL: 8.512e-03 | std: 0.1109 | rollout: 5.088s | update: 0.156s | total: 5.245s | samples/s: 12203
Iteration 2070 | train reward: -162.40 | best: 1599.59 | KL: 8.936e-03 | std: 0.1114 | rollout: 5.004s | update: 0.148s | total: 5.152s | samples/s: 12422
Iteration 2071 | train reward: -169.06 | best: 1599.59 | KL: 1.113e-02 | std: 0.1113 | rollout: 5.020s | update: 0.158s | total: 5.177s | samples/s: 12362
Iteration 2072 | train reward: -161.61 | best: 1599.59 | KL: 8.099e-03 | std: 0.1109 | rollout: 4.996s | update: 0.152s | total: 5.148s | samples/s: 12431
Iteration 2073 | train reward: -182.94 | best: 1599.59 | KL: 8.691e-03 | std: 0.1105 | rollout: 5.015s | update: 0.165s | total: 5.180s | samples/s: 12354
Iteration 2074 | train reward: -157.36 | best: 1599.59 | KL: 8.569e-03 | std: 0.1102 | rollout: 5.157s | update: 0.251s | total: 5.408s | samples/s: 11834
Iteration 2075 | train reward: -164.33 | best: 1599.59 | KL: 8.766e-03 | std: 0.1104 | rollout: 5.234s | update: 0.163s | total: 5.396s | samples/s: 11860
Iteration 2076 | train reward: -162.60 | best: 1599.59 | KL: 9.068e-03 | std: 0.1100 | rollout: 4.786s | update: 0.186s | total: 4.972s | samples/s: 12871
Iteration 2077 | train reward: -151.97 | best: 1599.59 | KL: 8.709e-03 | std: 0.1104 | rollout: 5.117s | update: 0.161s | total: 5.278s | samples/s: 12126
Iteration 2078 | train reward: -174.71 | best: 1599.59 | KL: 8.760e-03 | std: 0.1104 | rollout: 5.156s | update: 0.189s | total: 5.345s | samples/s: 11973
Iteration 2079 | train reward: -156.92 | best: 1599.59 | KL: 1.157e-02 | std: 0.1096 | rollout: 5.081s | update: 0.231s | total: 5.313s | samples/s: 12046
Iteration 2080 | train reward: -161.46 | best: 1599.59 | KL: 8.408e-03 | std: 0.1098 | rollout: 4.791s | update: 0.154s | total: 4.945s | samples/s: 12941
Iteration 2081 | train reward: -160.97 | best: 1599.59 | KL: 7.009e-03 | std: 0.1098 | rollout: 5.028s | update: 0.216s | total: 5.244s | samples/s: 12205
Iteration 2082 | train reward: -168.27 | best: 1599.59 | KL: 8.898e-03 | std: 0.1096 | rollout: 4.821s | update: 0.173s | total: 4.994s | samples/s: 12815
Iteration 2083 | train reward: -157.88 | best: 1599.59 | KL: 7.928e-03 | std: 0.1098 | rollout: 4.914s | update: 0.157s | total: 5.071s | samples/s: 12621
Iteration 2084 | train reward: -161.14 | best: 1599.59 | KL: 1.049e-02 | std: 0.1100 | rollout: 5.209s | update: 0.238s | total: 5.447s | samples/s: 11750
Iteration 2085 | train reward: -155.58 | best: 1599.59 | KL: 8.061e-03 | std: 0.1094 | rollout: 5.187s | update: 0.154s | total: 5.341s | samples/s: 11983
Iteration 2086 | train reward: -163.81 | best: 1599.59 | KL: 1.047e-02 | std: 0.1091 | rollout: 5.230s | update: 0.175s | total: 5.405s | samples/s: 11840
Iteration 2087 | train reward: -156.21 | best: 1599.59 | KL: 8.300e-03 | std: 0.1092 | rollout: 5.146s | update: 0.225s | total: 5.372s | samples/s: 11915
Iteration 2088 | train reward: -163.30 | best: 1599.59 | KL: 8.522e-03 | std: 0.1091 | rollout: 5.199s | update: 0.159s | total: 5.357s | samples/s: 11946
Iteration 2089 | train reward: -167.98 | best: 1599.59 | KL: 7.746e-03 | std: 0.1087 | rollout: 4.924s | update: 0.218s | total: 5.142s | samples/s: 12446
Iteration 2090 | train reward: -171.77 | best: 1599.59 | KL: 1.031e-02 | std: 0.1090 | rollout: 5.181s | update: 0.245s | total: 5.425s | samples/s: 11796
Iteration 2091 | train reward: -145.32 | best: 1599.59 | KL: 9.113e-03 | std: 0.1092 | rollout: 5.038s | update: 0.154s | total: 5.192s | samples/s: 12327
Iteration 2092 | train reward: -151.71 | best: 1599.59 | KL: 9.056e-03 | std: 0.1092 | rollout: 5.080s | update: 0.153s | total: 5.233s | samples/s: 12230
Iteration 2093 | train reward: -168.92 | best: 1599.59 | KL: 1.100e-02 | std: 0.1088 | rollout: 4.901s | update: 0.157s | total: 5.058s | samples/s: 12654
Iteration 2094 | train reward: -168.44 | best: 1599.59 | KL: 1.034e-02 | std: 0.1081 | rollout: 5.105s | update: 0.166s | total: 5.270s | samples/s: 12144
Iteration 2095 | train reward: -138.25 | best: 1599.59 | KL: 9.395e-03 | std: 0.1087 | rollout: 4.978s | update: 0.155s | total: 5.133s | samples/s: 12469
Iteration 2096 | train reward: -149.93 | best: 1599.59 | KL: 8.084e-03 | std: 0.1085 | rollout: 5.127s | update: 0.168s | total: 5.295s | samples/s: 12086
Iteration 2097 | train reward: -164.16 | best: 1599.59 | KL: 1.190e-02 | std: 0.1085 | rollout: 4.913s | update: 0.226s | total: 5.138s | samples/s: 12456
Iteration 2098 | train reward: -151.50 | best: 1599.59 | KL: 7.836e-03 | std: 0.1081 | rollout: 5.361s | update: 0.184s | total: 5.545s | samples/s: 11542
Iteration 2099 | train reward: -154.61 | best: 1599.59 | KL: 8.429e-03 | std: 0.1072 | rollout: 5.257s | update: 0.177s | total: 5.434s | samples/s: 11777
Iteration 2100 | train reward: -151.36 | best: 1599.59 | KL: 9.788e-03 | std: 0.1072 | rollout: 5.022s | update: 0.165s | total: 5.186s | samples/s: 12340
Iteration 2101 | train reward: -147.65 | best: 1599.59 | KL: 8.430e-03 | std: 0.1072 | rollout: 4.967s | update: 0.165s | total: 5.132s | samples/s: 12471
Iteration 2102 | train reward: -160.60 | best: 1599.59 | KL: 1.123e-02 | std: 0.1070 | rollout: 5.046s | update: 0.156s | total: 5.202s | samples/s: 12303
Iteration 2103 | train reward: -155.44 | best: 1599.59 | KL: 9.741e-03 | std: 0.1070 | rollout: 4.874s | update: 0.172s | total: 5.046s | samples/s: 12684
Iteration 2104 | train reward: -174.73 | best: 1599.59 | KL: 1.115e-02 | std: 0.1068 | rollout: 5.045s | update: 0.171s | total: 5.216s | samples/s: 12269
Iteration 2105 | train reward: -181.14 | best: 1599.59 | KL: 9.847e-03 | std: 0.1070 | rollout: 4.900s | update: 0.171s | total: 5.071s | samples/s: 12621
Iteration 2106 | train reward: -156.42 | best: 1599.59 | KL: 8.999e-03 | std: 0.1070 | rollout: 5.036s | update: 0.157s | total: 5.193s | samples/s: 12325
Iteration 2107 | train reward: -166.18 | best: 1599.59 | KL: 7.044e-03 | std: 0.1074 | rollout: 5.105s | update: 0.162s | total: 5.268s | samples/s: 12150
Iteration 2108 | train reward: -165.35 | best: 1599.59 | KL: 9.994e-03 | std: 0.1075 | rollout: 5.266s | update: 0.164s | total: 5.431s | samples/s: 11785
Iteration 2109 | train reward: -155.72 | best: 1599.59 | KL: 1.049e-02 | std: 0.1072 | rollout: 4.917s | update: 0.156s | total: 5.074s | samples/s: 12614
Iteration 2110 | train reward: -149.44 | best: 1599.59 | KL: 1.035e-02 | std: 0.1066 | rollout: 5.084s | update: 0.161s | total: 5.245s | samples/s: 12201
Iteration 2111 | train reward: -161.30 | best: 1599.59 | KL: 8.536e-03 | std: 0.1066 | rollout: 5.106s | update: 0.157s | total: 5.262s | samples/s: 12162
Iteration 2112 | train reward: -165.04 | best: 1599.59 | KL: 1.146e-02 | std: 0.1066 | rollout: 4.994s | update: 0.256s | total: 5.250s | samples/s: 12191
Iteration 2113 | train reward: -158.47 | best: 1599.59 | KL: 7.666e-03 | std: 0.1068 | rollout: 4.866s | update: 0.156s | total: 5.023s | samples/s: 12742
Iteration 2114 | train reward: -154.75 | best: 1599.59 | KL: 9.078e-03 | std: 0.1065 | rollout: 5.154s | update: 0.165s | total: 5.318s | samples/s: 12034
Iteration 2115 | train reward: -170.82 | best: 1599.59 | KL: 9.899e-03 | std: 0.1064 | rollout: 5.027s | update: 0.166s | total: 5.193s | samples/s: 12324
Iteration 2116 | train reward: -142.74 | best: 1599.59 | KL: 8.630e-03 | std: 0.1061 | rollout: 4.939s | update: 0.158s | total: 5.097s | samples/s: 12556
Iteration 2117 | train reward: -161.85 | best: 1599.59 | KL: 9.943e-03 | std: 0.1059 | rollout: 5.002s | update: 0.155s | total: 5.157s | samples/s: 12410
Iteration 2118 | train reward: -159.31 | best: 1599.59 | KL: 9.369e-03 | std: 0.1057 | rollout: 5.059s | update: 0.182s | total: 5.241s | samples/s: 12212
Iteration 2119 | train reward: -152.37 | best: 1599.59 | KL: 9.601e-03 | std: 0.1057 | rollout: 5.082s | update: 0.156s | total: 5.238s | samples/s: 12219
Iteration 2120 | train reward: -177.76 | best: 1599.59 | KL: 1.181e-02 | std: 0.1057 | rollout: 5.176s | update: 0.156s | total: 5.331s | samples/s: 12005
Iteration 2121 | train reward: -166.63 | best: 1599.59 | KL: 9.061e-03 | std: 0.1051 | rollout: 5.012s | update: 0.173s | total: 5.185s | samples/s: 12343
Iteration 2122 | train reward: -156.73 | best: 1599.59 | KL: 1.052e-02 | std: 0.1054 | rollout: 4.860s | update: 0.223s | total: 5.083s | samples/s: 12592
Iteration 2123 | train reward: -176.30 | best: 1599.59 | KL: 8.439e-03 | std: 0.1052 | rollout: 5.052s | update: 0.219s | total: 5.270s | samples/s: 12143
Iteration 2124 | train reward: -164.98 | best: 1599.59 | KL: 8.932e-03 | std: 0.1049 | rollout: 5.213s | update: 0.154s | total: 5.367s | samples/s: 11925
Iteration 2125 | train reward: -154.33 | best: 1599.59 | KL: 7.685e-03 | std: 0.1046 | rollout: 5.109s | update: 0.163s | total: 5.273s | samples/s: 12138
Iteration 2126 | train reward: -158.24 | best: 1599.59 | KL: 1.110e-02 | std: 0.1040 | rollout: 4.968s | update: 0.153s | total: 5.122s | samples/s: 12496
Iteration 2127 | train reward: -154.20 | best: 1599.59 | KL: 9.868e-03 | std: 0.1035 | rollout: 5.053s | update: 0.229s | total: 5.282s | samples/s: 12116
Iteration 2128 | train reward: -184.43 | best: 1599.59 | KL: 1.128e-02 | std: 0.1039 | rollout: 4.983s | update: 0.153s | total: 5.136s | samples/s: 12461
Iteration 2129 | train reward: -162.38 | best: 1599.59 | KL: 1.026e-02 | std: 0.1038 | rollout: 4.870s | update: 0.159s | total: 5.028s | samples/s: 12728
Iteration 2130 | train reward: -158.11 | best: 1599.59 | KL: 1.094e-02 | std: 0.1036 | rollout: 5.060s | update: 0.161s | total: 5.221s | samples/s: 12257
Iteration 2131 | train reward: -142.82 | best: 1599.59 | KL: 9.131e-03 | std: 0.1035 | rollout: 5.023s | update: 0.164s | total: 5.187s | samples/s: 12339
Iteration 2132 | train reward: -160.76 | best: 1599.59 | KL: 1.166e-02 | std: 0.1036 | rollout: 5.036s | update: 0.155s | total: 5.191s | samples/s: 12329
Iteration 2133 | train reward: -171.14 | best: 1599.59 | KL: 1.038e-02 | std: 0.1035 | rollout: 5.009s | update: 0.195s | total: 5.205s | samples/s: 12297
Iteration 2134 | train reward: -164.66 | best: 1599.59 | KL: 1.066e-02 | std: 0.1035 | rollout: 5.057s | update: 0.167s | total: 5.224s | samples/s: 12251
Iteration 2135 | train reward: -160.39 | best: 1599.59 | KL: 6.922e-03 | std: 0.1038 | rollout: 4.921s | update: 0.157s | total: 5.078s | samples/s: 12603
Iteration 2136 | train reward: -171.99 | best: 1599.59 | KL: 8.544e-03 | std: 0.1032 | rollout: 4.989s | update: 0.148s | total: 5.136s | samples/s: 12460
Iteration 2137 | train reward: -150.44 | best: 1599.59 | KL: 8.502e-03 | std: 0.1035 | rollout: 4.985s | update: 0.191s | total: 5.176s | samples/s: 12364
Iteration 2138 | train reward: -162.62 | best: 1599.59 | KL: 8.345e-03 | std: 0.1039 | rollout: 5.261s | update: 0.271s | total: 5.532s | samples/s: 11568
Iteration 2139 | train reward: -152.73 | best: 1599.59 | KL: 9.173e-03 | std: 0.1041 | rollout: 4.973s | update: 0.160s | total: 5.133s | samples/s: 12469
Iteration 2140 | train reward: -167.59 | best: 1599.59 | KL: 1.144e-02 | std: 0.1040 | rollout: 4.974s | update: 0.153s | total: 5.127s | samples/s: 12484
Iteration 2141 | train reward: -146.22 | best: 1599.59 | KL: 9.364e-03 | std: 0.1046 | rollout: 4.843s | update: 0.157s | total: 5.001s | samples/s: 12798
Iteration 2142 | train reward: -149.35 | best: 1599.59 | KL: 9.672e-03 | std: 0.1048 | rollout: 5.624s | update: 0.215s | total: 5.839s | samples/s: 10961
Iteration 2143 | train reward: -170.19 | best: 1599.59 | KL: 1.149e-02 | std: 0.1042 | rollout: 5.269s | update: 0.155s | total: 5.424s | samples/s: 11799
Iteration 2144 | train reward: -162.76 | best: 1599.59 | KL: 7.999e-03 | std: 0.1046 | rollout: 4.767s | update: 0.155s | total: 4.922s | samples/s: 13002
Iteration 2145 | train reward: -160.03 | best: 1599.59 | KL: 9.099e-03 | std: 0.1048 | rollout: 4.823s | update: 0.154s | total: 4.977s | samples/s: 12859
Iteration 2146 | train reward: -147.02 | best: 1599.59 | KL: 9.099e-03 | std: 0.1048 | rollout: 5.226s | update: 0.159s | total: 5.384s | samples/s: 11886
Iteration 2147 | train reward: -157.35 | best: 1599.59 | KL: 1.006e-02 | std: 0.1040 | rollout: 5.119s | update: 0.154s | total: 5.273s | samples/s: 12137
Iteration 2148 | train reward: -144.74 | best: 1599.59 | KL: 8.227e-03 | std: 0.1041 | rollout: 4.978s | update: 0.193s | total: 5.172s | samples/s: 12376
Iteration 2149 | train reward: -155.08 | best: 1599.59 | KL: 9.460e-03 | std: 0.1035 | rollout: 4.864s | update: 0.153s | total: 5.016s | samples/s: 12759
Iteration 2150 | train reward: -160.16 | best: 1599.59 | KL: 7.101e-03 | std: 0.1035 | rollout: 4.977s | update: 0.226s | total: 5.203s | samples/s: 12300
Iteration 2151 | train reward: -156.07 | best: 1599.59 | KL: 1.044e-02 | std: 0.1029 | rollout: 4.924s | update: 0.166s | total: 5.090s | samples/s: 12573
Iteration 2152 | train reward: -165.66 | best: 1599.59 | KL: 1.057e-02 | std: 0.1029 | rollout: 5.027s | update: 0.216s | total: 5.243s | samples/s: 12207
Iteration 2153 | train reward: -174.74 | best: 1599.59 | KL: 8.774e-03 | std: 0.1033 | rollout: 5.033s | update: 0.173s | total: 5.206s | samples/s: 12293
Iteration 2154 | train reward: -177.57 | best: 1599.59 | KL: 7.483e-03 | std: 0.1033 | rollout: 5.065s | update: 0.198s | total: 5.263s | samples/s: 12160
Iteration 2155 | train reward: -150.34 | best: 1599.59 | KL: 1.048e-02 | std: 0.1035 | rollout: 4.975s | update: 0.162s | total: 5.138s | samples/s: 12457
Iteration 2156 | train reward: -144.02 | best: 1599.59 | KL: 8.489e-03 | std: 0.1035 | rollout: 5.338s | update: 0.168s | total: 5.505s | samples/s: 11625
Iteration 2157 | train reward: -163.11 | best: 1599.59 | KL: 9.088e-03 | std: 0.1037 | rollout: 4.954s | update: 0.171s | total: 5.125s | samples/s: 12488
Iteration 2158 | train reward: -152.30 | best: 1599.59 | KL: 8.922e-03 | std: 0.1039 | rollout: 4.934s | update: 0.167s | total: 5.102s | samples/s: 12545
Iteration 2159 | train reward: -156.07 | best: 1599.59 | KL: 1.191e-02 | std: 0.1037 | rollout: 5.038s | update: 0.166s | total: 5.204s | samples/s: 12297
Iteration 2160 | train reward: -169.50 | best: 1599.59 | KL: 9.757e-03 | std: 0.1035 | rollout: 5.221s | update: 0.165s | total: 5.386s | samples/s: 11882
Iteration 2161 | train reward: -160.55 | best: 1599.59 | KL: 9.739e-03 | std: 0.1031 | rollout: 5.068s | update: 0.220s | total: 5.288s | samples/s: 12103
Iteration 2162 | train reward: -152.63 | best: 1599.59 | KL: 1.193e-02 | std: 0.1035 | rollout: 4.688s | update: 0.165s | total: 4.853s | samples/s: 13187
Iteration 2163 | train reward: -167.68 | best: 1599.59 | KL: 1.070e-02 | std: 0.1033 | rollout: 5.057s | update: 0.155s | total: 5.212s | samples/s: 12278
Iteration 2164 | train reward: -153.63 | best: 1599.59 | KL: 8.291e-03 | std: 0.1031 | rollout: 4.978s | update: 0.164s | total: 5.142s | samples/s: 12448
Iteration 2165 | train reward: -156.60 | best: 1599.59 | KL: 8.910e-03 | std: 0.1029 | rollout: 5.108s | update: 0.157s | total: 5.264s | samples/s: 12157
Iteration 2166 | train reward: -171.03 | best: 1599.59 | KL: 9.502e-03 | std: 0.1031 | rollout: 4.940s | update: 0.157s | total: 5.097s | samples/s: 12556
Iteration 2167 | train reward: -165.07 | best: 1599.59 | KL: 8.286e-03 | std: 0.1029 | rollout: 5.104s | update: 0.161s | total: 5.265s | samples/s: 12155
Iteration 2168 | train reward: -160.04 | best: 1599.59 | KL: 7.947e-03 | std: 0.1026 | rollout: 5.116s | update: 0.164s | total: 5.280s | samples/s: 12121
Iteration 2169 | train reward: -144.21 | best: 1599.59 | KL: 9.205e-03 | std: 0.1023 | rollout: 5.072s | update: 0.176s | total: 5.249s | samples/s: 12193
Iteration 2170 | train reward: -163.47 | best: 1599.59 | KL: 1.197e-02 | std: 0.1026 | rollout: 4.931s | update: 0.160s | total: 5.091s | samples/s: 12572
Iteration 2171 | train reward: -147.67 | best: 1599.59 | KL: 8.201e-03 | std: 0.1025 | rollout: 4.986s | update: 0.158s | total: 5.144s | samples/s: 12441
Iteration 2172 | train reward: -155.57 | best: 1599.59 | KL: 9.580e-03 | std: 0.1028 | rollout: 4.980s | update: 0.166s | total: 5.146s | samples/s: 12436
Iteration 2173 | train reward: -155.53 | best: 1599.59 | KL: 1.123e-02 | std: 0.1026 | rollout: 4.867s | update: 0.165s | total: 5.032s | samples/s: 12719
Iteration 2174 | train reward: -151.45 | best: 1599.59 | KL: 1.132e-02 | std: 0.1028 | rollout: 5.089s | update: 0.227s | total: 5.316s | samples/s: 12040
Iteration 2175 | train reward: -151.46 | best: 1599.59 | KL: 9.049e-03 | std: 0.1029 | rollout: 5.056s | update: 0.171s | total: 5.227s | samples/s: 12244
Iteration 2176 | train reward: -155.69 | best: 1599.59 | KL: 1.107e-02 | std: 0.1036 | rollout: 5.032s | update: 0.164s | total: 5.196s | samples/s: 12317
Iteration 2177 | train reward: -172.28 | best: 1599.59 | KL: 8.628e-03 | std: 0.1038 | rollout: 4.993s | update: 0.166s | total: 5.160s | samples/s: 12404
Iteration 2178 | train reward: -153.86 | best: 1599.59 | KL: 8.998e-03 | std: 0.1035 | rollout: 4.921s | update: 0.217s | total: 5.138s | samples/s: 12456
Iteration 2179 | train reward: -152.97 | best: 1599.59 | KL: 9.622e-03 | std: 0.1037 | rollout: 5.239s | update: 0.239s | total: 5.478s | samples/s: 11684
Iteration 2180 | train reward: -155.64 | best: 1599.59 | KL: 9.846e-03 | std: 0.1035 | rollout: 5.306s | update: 0.273s | total: 5.580s | samples/s: 11470
Iteration 2181 | train reward: -165.50 | best: 1599.59 | KL: 1.024e-02 | std: 0.1035 | rollout: 5.511s | update: 0.216s | total: 5.727s | samples/s: 11175
Iteration 2182 | train reward: -144.94 | best: 1599.59 | KL: 1.080e-02 | std: 0.1034 | rollout: 5.160s | update: 0.188s | total: 5.348s | samples/s: 11967
Iteration 2183 | train reward: -171.63 | best: 1599.59 | KL: 1.053e-02 | std: 0.1035 | rollout: 5.090s | update: 0.152s | total: 5.242s | samples/s: 12210
Iteration 2184 | train reward: -157.54 | best: 1599.59 | KL: 7.738e-03 | std: 0.1038 | rollout: 4.975s | update: 0.215s | total: 5.190s | samples/s: 12332
Iteration 2185 | train reward: -165.33 | best: 1599.59 | KL: 9.577e-03 | std: 0.1042 | rollout: 4.861s | update: 0.157s | total: 5.017s | samples/s: 12755
Iteration 2186 | train reward: -168.15 | best: 1599.59 | KL: 1.108e-02 | std: 0.1039 | rollout: 4.984s | update: 0.174s | total: 5.158s | samples/s: 12408
Iteration 2187 | train reward: -156.92 | best: 1599.59 | KL: 8.021e-03 | std: 0.1044 | rollout: 4.955s | update: 0.165s | total: 5.119s | samples/s: 12502
Iteration 2188 | train reward: -151.93 | best: 1599.59 | KL: 8.581e-03 | std: 0.1039 | rollout: 4.963s | update: 0.160s | total: 5.123s | samples/s: 12494
Iteration 2189 | train reward: -143.61 | best: 1599.59 | KL: 1.040e-02 | std: 0.1037 | rollout: 4.961s | update: 0.168s | total: 5.129s | samples/s: 12479
Iteration 2190 | train reward: -154.54 | best: 1599.59 | KL: 8.792e-03 | std: 0.1037 | rollout: 4.897s | update: 0.155s | total: 5.051s | samples/s: 12670
Iteration 2191 | train reward: -177.20 | best: 1599.59 | KL: 1.007e-02 | std: 0.1042 | rollout: 5.069s | update: 0.162s | total: 5.231s | samples/s: 12235
Iteration 2192 | train reward: -181.00 | best: 1599.59 | KL: 8.743e-03 | std: 0.1042 | rollout: 4.976s | update: 0.163s | total: 5.140s | samples/s: 12452
Iteration 2193 | train reward: -147.22 | best: 1599.59 | KL: 8.249e-03 | std: 0.1041 | rollout: 4.942s | update: 0.173s | total: 5.115s | samples/s: 12512
Iteration 2194 | train reward: -157.55 | best: 1599.59 | KL: 9.364e-03 | std: 0.1040 | rollout: 4.910s | update: 0.160s | total: 5.070s | samples/s: 12624
Iteration 2195 | train reward: -136.36 | best: 1599.59 | KL: 9.807e-03 | std: 0.1038 | rollout: 5.014s | update: 0.162s | total: 5.176s | samples/s: 12364
Iteration 2196 | train reward: -166.31 | best: 1599.59 | KL: 1.031e-02 | std: 0.1035 | rollout: 4.858s | update: 0.228s | total: 5.085s | samples/s: 12585
Iteration 2197 | train reward: -150.59 | best: 1599.59 | KL: 9.532e-03 | std: 0.1029 | rollout: 5.141s | update: 0.163s | total: 5.304s | samples/s: 12067
Iteration 2198 | train reward: -152.50 | best: 1599.59 | KL: 8.323e-03 | std: 0.1033 | rollout: 4.821s | update: 0.176s | total: 4.997s | samples/s: 12807
Iteration 2199 | train reward: -156.17 | best: 1599.59 | KL: 1.012e-02 | std: 0.1035 | rollout: 4.981s | update: 0.201s | total: 5.182s | samples/s: 12350
Iteration 2200 | train reward: -172.57 | best: 1599.59 | KL: 1.215e-02 | std: 0.1039 | rollout: 5.659s | update: 0.162s | total: 5.821s | samples/s: 10995
Iteration 2201 | train reward: -157.57 | best: 1599.59 | KL: 7.495e-03 | std: 0.1041 | rollout: 5.275s | update: 0.233s | total: 5.508s | samples/s: 11620
Iteration 2202 | train reward: -170.06 | best: 1599.59 | KL: 9.286e-03 | std: 0.1037 | rollout: 4.969s | update: 0.156s | total: 5.125s | samples/s: 12487
Iteration 2203 | train reward: -169.26 | best: 1599.59 | KL: 8.893e-03 | std: 0.1038 | rollout: 5.358s | update: 0.153s | total: 5.510s | samples/s: 11615
Iteration 2204 | train reward: -151.47 | best: 1599.59 | KL: 9.324e-03 | std: 0.1040 | rollout: 4.864s | update: 0.159s | total: 5.023s | samples/s: 12740
Iteration 2205 | train reward: -150.16 | best: 1599.59 | KL: 8.111e-03 | std: 0.1035 | rollout: 5.062s | update: 0.188s | total: 5.250s | samples/s: 12191
Iteration 2206 | train reward: -164.84 | best: 1599.59 | KL: 8.612e-03 | std: 0.1033 | rollout: 5.020s | update: 0.234s | total: 5.253s | samples/s: 12183
Iteration 2207 | train reward: -149.76 | best: 1599.59 | KL: 1.296e-02 | std: 0.1031 | rollout: 4.990s | update: 0.152s | total: 5.141s | samples/s: 12448
Iteration 2208 | train reward: -169.78 | best: 1599.59 | KL: 1.082e-02 | std: 0.1032 | rollout: 4.952s | update: 0.157s | total: 5.109s | samples/s: 12528
Iteration 2209 | train reward: -159.64 | best: 1599.59 | KL: 9.106e-03 | std: 0.1035 | rollout: 4.875s | update: 0.167s | total: 5.042s | samples/s: 12694
Iteration 2210 | train reward: -147.78 | best: 1599.59 | KL: 6.766e-03 | std: 0.1036 | rollout: 4.963s | update: 0.154s | total: 5.117s | samples/s: 12508
Iteration 2211 | train reward: -153.61 | best: 1599.59 | KL: 7.798e-03 | std: 0.1035 | rollout: 4.922s | update: 0.275s | total: 5.197s | samples/s: 12315
Iteration 2212 | train reward: -143.66 | best: 1599.59 | KL: 7.666e-03 | std: 0.1035 | rollout: 4.928s | update: 0.158s | total: 5.087s | samples/s: 12582
Iteration 2213 | train reward: -168.90 | best: 1599.59 | KL: 8.582e-03 | std: 0.1039 | rollout: 5.007s | update: 0.208s | total: 5.215s | samples/s: 12273
Iteration 2214 | train reward: -159.15 | best: 1599.59 | KL: 1.093e-02 | std: 0.1041 | rollout: 5.217s | update: 0.169s | total: 5.387s | samples/s: 11881
Iteration 2215 | train reward: -156.72 | best: 1599.59 | KL: 1.003e-02 | std: 0.1036 | rollout: 5.168s | update: 0.156s | total: 5.323s | samples/s: 12022
Iteration 2216 | train reward: -160.45 | best: 1599.59 | KL: 7.826e-03 | std: 0.1029 | rollout: 5.151s | update: 0.152s | total: 5.303s | samples/s: 12069
Iteration 2217 | train reward: -140.05 | best: 1599.59 | KL: 6.984e-03 | std: 0.1023 | rollout: 4.937s | update: 0.156s | total: 5.093s | samples/s: 12565
Iteration 2218 | train reward: -165.01 | best: 1599.59 | KL: 8.659e-03 | std: 0.1023 | rollout: 5.141s | update: 0.156s | total: 5.297s | samples/s: 12082
Iteration 2219 | train reward: -152.95 | best: 1599.59 | KL: 8.292e-03 | std: 0.1024 | rollout: 4.860s | update: 0.161s | total: 5.021s | samples/s: 12747
Iteration 2220 | train reward: -157.50 | best: 1599.59 | KL: 9.318e-03 | std: 0.1018 | rollout: 5.043s | update: 0.173s | total: 5.216s | samples/s: 12271
Iteration 2221 | train reward: -162.63 | best: 1599.59 | KL: 9.518e-03 | std: 0.1023 | rollout: 4.766s | update: 0.173s | total: 4.939s | samples/s: 12957
Iteration 2222 | train reward: -176.13 | best: 1599.59 | KL: 1.018e-02 | std: 0.1029 | rollout: 4.941s | update: 0.202s | total: 5.143s | samples/s: 12443
Iteration 2223 | train reward: -158.54 | best: 1599.59 | KL: 8.802e-03 | std: 0.1029 | rollout: 4.985s | update: 0.159s | total: 5.144s | samples/s: 12442
Iteration 2224 | train reward: -146.90 | best: 1599.59 | KL: 8.513e-03 | std: 0.1029 | rollout: 5.096s | update: 0.199s | total: 5.295s | samples/s: 12086
Iteration 2225 | train reward: -176.74 | best: 1599.59 | KL: 1.048e-02 | std: 0.1031 | rollout: 5.391s | update: 0.176s | total: 5.567s | samples/s: 11496
Iteration 2226 | train reward: -160.66 | best: 1599.59 | KL: 8.067e-03 | std: 0.1031 | rollout: 4.962s | update: 0.162s | total: 5.124s | samples/s: 12489
Iteration 2227 | train reward: -150.71 | best: 1599.59 | KL: 8.780e-03 | std: 0.1029 | rollout: 5.634s | update: 0.228s | total: 5.862s | samples/s: 10918
Iteration 2228 | train reward: -149.02 | best: 1599.59 | KL: 8.167e-03 | std: 0.1029 | rollout: 6.120s | update: 0.261s | total: 6.381s | samples/s: 10030
Iteration 2229 | train reward: -166.80 | best: 1599.59 | KL: 9.088e-03 | std: 0.1027 | rollout: 6.362s | update: 0.196s | total: 6.558s | samples/s: 9758
Iteration 2230 | train reward: -156.02 | best: 1599.59 | KL: 9.901e-03 | std: 0.1023 | rollout: 5.105s | update: 0.253s | total: 5.358s | samples/s: 11945
Iteration 2231 | train reward: -157.66 | best: 1599.59 | KL: 9.599e-03 | std: 0.1022 | rollout: 5.255s | update: 0.165s | total: 5.420s | samples/s: 11809
Iteration 2232 | train reward: -156.64 | best: 1599.59 | KL: 9.430e-03 | std: 0.1024 | rollout: 4.954s | update: 0.164s | total: 5.118s | samples/s: 12504
Iteration 2233 | train reward: -152.45 | best: 1599.59 | KL: 9.245e-03 | std: 0.1028 | rollout: 4.977s | update: 0.154s | total: 5.131s | samples/s: 12473
Iteration 2234 | train reward: -152.61 | best: 1599.59 | KL: 7.781e-03 | std: 0.1027 | rollout: 4.920s | update: 0.155s | total: 5.076s | samples/s: 12609
Iteration 2235 | train reward: -164.29 | best: 1599.59 | KL: 9.241e-03 | std: 0.1032 | rollout: 5.560s | update: 0.166s | total: 5.726s | samples/s: 11177
Iteration 2236 | train reward: -153.38 | best: 1599.59 | KL: 9.484e-03 | std: 0.1037 | rollout: 5.387s | update: 0.349s | total: 5.736s | samples/s: 11157
Iteration 2237 | train reward: -172.02 | best: 1599.59 | KL: 7.593e-03 | std: 0.1039 | rollout: 5.091s | update: 0.226s | total: 5.317s | samples/s: 12038
Iteration 2238 | train reward: -162.72 | best: 1599.59 | KL: 1.054e-02 | std: 0.1042 | rollout: 5.127s | update: 0.167s | total: 5.294s | samples/s: 12089
Iteration 2239 | train reward: -170.93 | best: 1599.59 | KL: 8.099e-03 | std: 0.1044 | rollout: 5.087s | update: 0.205s | total: 5.292s | samples/s: 12093
Iteration 2240 | train reward: -146.12 | best: 1599.59 | KL: 7.421e-03 | std: 0.1044 | rollout: 4.917s | update: 0.151s | total: 5.067s | samples/s: 12630
Iteration 2241 | train reward: -181.34 | best: 1599.59 | KL: 9.235e-03 | std: 0.1042 | rollout: 4.888s | update: 0.213s | total: 5.101s | samples/s: 12547
Iteration 2242 | train reward: -163.15 | best: 1599.59 | KL: 1.120e-02 | std: 0.1042 | rollout: 4.766s | update: 0.157s | total: 4.923s | samples/s: 12999
Iteration 2243 | train reward: -153.62 | best: 1599.59 | KL: 9.882e-03 | std: 0.1035 | rollout: 4.890s | update: 0.168s | total: 5.058s | samples/s: 12653
Iteration 2244 | train reward: -156.59 | best: 1599.59 | KL: 1.151e-02 | std: 0.1035 | rollout: 4.886s | update: 0.157s | total: 5.043s | samples/s: 12690
Iteration 2245 | train reward: -146.83 | best: 1599.59 | KL: 1.091e-02 | std: 0.1035 | rollout: 4.958s | update: 0.172s | total: 5.130s | samples/s: 12476
Iteration 2246 | train reward: -174.80 | best: 1599.59 | KL: 1.202e-02 | std: 0.1038 | rollout: 5.206s | update: 0.161s | total: 5.366s | samples/s: 11926
Iteration 2247 | train reward: -161.59 | best: 1599.59 | KL: 8.557e-03 | std: 0.1039 | rollout: 4.803s | update: 0.162s | total: 4.964s | samples/s: 12892
Iteration 2248 | train reward: -149.79 | best: 1599.59 | KL: 9.149e-03 | std: 0.1046 | rollout: 4.931s | update: 0.153s | total: 5.084s | samples/s: 12588
Iteration 2249 | train reward: -163.78 | best: 1599.59 | KL: 9.051e-03 | std: 0.1042 | rollout: 4.845s | update: 0.239s | total: 5.084s | samples/s: 12588
Iteration 2250 | train reward: -186.13 | best: 1599.59 | KL: 8.988e-03 | std: 0.1042 | rollout: 5.060s | update: 0.152s | total: 5.212s | samples/s: 12278
Iteration 2251 | train reward: -142.86 | best: 1599.59 | KL: 8.764e-03 | std: 0.1040 | rollout: 5.131s | update: 0.158s | total: 5.288s | samples/s: 12102
Iteration 2252 | train reward: -152.55 | best: 1599.59 | KL: 7.933e-03 | std: 0.1040 | rollout: 4.941s | update: 0.162s | total: 5.103s | samples/s: 12542
Iteration 2253 | train reward: -169.77 | best: 1599.59 | KL: 8.471e-03 | std: 0.1041 | rollout: 4.883s | update: 0.223s | total: 5.106s | samples/s: 12534
Iteration 2254 | train reward: -148.65 | best: 1599.59 | KL: 8.920e-03 | std: 0.1044 | rollout: 4.935s | update: 0.161s | total: 5.096s | samples/s: 12559
Iteration 2255 | train reward: -166.33 | best: 1599.59 | KL: 9.882e-03 | std: 0.1042 | rollout: 4.966s | update: 0.155s | total: 5.121s | samples/s: 12498
Iteration 2256 | train reward: -165.47 | best: 1599.59 | KL: 9.331e-03 | std: 0.1046 | rollout: 5.110s | update: 0.176s | total: 5.286s | samples/s: 12107
Iteration 2257 | train reward: -168.06 | best: 1599.59 | KL: 1.010e-02 | std: 0.1046 | rollout: 5.552s | update: 0.163s | total: 5.714s | samples/s: 11200
Iteration 2258 | train reward: -165.21 | best: 1599.59 | KL: 9.521e-03 | std: 0.1048 | rollout: 5.242s | update: 0.167s | total: 5.409s | samples/s: 11831
Iteration 2259 | train reward: -161.12 | best: 1599.59 | KL: 9.856e-03 | std: 0.1041 | rollout: 5.086s | update: 0.164s | total: 5.250s | samples/s: 12192
Iteration 2260 | train reward: -167.31 | best: 1599.59 | KL: 8.947e-03 | std: 0.1041 | rollout: 5.153s | update: 0.162s | total: 5.315s | samples/s: 12042
Iteration 2261 | train reward: -164.68 | best: 1599.59 | KL: 9.342e-03 | std: 0.1038 | rollout: 5.024s | update: 0.154s | total: 5.178s | samples/s: 12359
Iteration 2262 | train reward: -158.71 | best: 1599.59 | KL: 8.932e-03 | std: 0.1044 | rollout: 4.754s | update: 0.163s | total: 4.917s | samples/s: 13016
Iteration 2263 | train reward: -169.42 | best: 1599.59 | KL: 1.126e-02 | std: 0.1042 | rollout: 4.948s | update: 0.164s | total: 5.113s | samples/s: 12518
Iteration 2264 | train reward: -157.31 | best: 1599.59 | KL: 7.445e-03 | std: 0.1046 | rollout: 4.958s | update: 0.168s | total: 5.126s | samples/s: 12486
Iteration 2265 | train reward: -151.36 | best: 1599.59 | KL: 9.915e-03 | std: 0.1044 | rollout: 4.865s | update: 0.170s | total: 5.035s | samples/s: 12710
Iteration 2266 | train reward: -146.29 | best: 1599.59 | KL: 7.459e-03 | std: 0.1042 | rollout: 4.839s | update: 0.158s | total: 4.997s | samples/s: 12808
Iteration 2267 | train reward: -165.67 | best: 1599.59 | KL: 7.977e-03 | std: 0.1041 | rollout: 4.997s | update: 0.185s | total: 5.182s | samples/s: 12351
Iteration 2268 | train reward: -167.96 | best: 1599.59 | KL: 9.274e-03 | std: 0.1048 | rollout: 4.947s | update: 0.156s | total: 5.103s | samples/s: 12542
Iteration 2269 | train reward: -142.35 | best: 1599.59 | KL: 9.981e-03 | std: 0.1049 | rollout: 4.993s | update: 0.290s | total: 5.283s | samples/s: 12115
Iteration 2270 | train reward: -161.66 | best: 1599.59 | KL: 1.277e-02 | std: 0.1046 | rollout: 4.692s | update: 0.156s | total: 4.848s | samples/s: 13202
Iteration 2271 | train reward: -154.56 | best: 1599.59 | KL: 7.383e-03 | std: 0.1050 | rollout: 5.002s | update: 0.218s | total: 5.220s | samples/s: 12260
Iteration 2272 | train reward: -161.43 | best: 1599.59 | KL: 9.793e-03 | std: 0.1051 | rollout: 4.774s | update: 0.163s | total: 4.937s | samples/s: 12964
Iteration 2273 | train reward: -139.03 | best: 1599.59 | KL: 8.570e-03 | std: 0.1048 | rollout: 5.022s | update: 0.222s | total: 5.244s | samples/s: 12205
Iteration 2274 | train reward: -158.15 | best: 1599.59 | KL: 7.388e-03 | std: 0.1044 | rollout: 4.841s | update: 0.206s | total: 5.047s | samples/s: 12681
Iteration 2275 | train reward: -158.18 | best: 1599.59 | KL: 1.002e-02 | std: 0.1042 | rollout: 5.272s | update: 0.180s | total: 5.452s | samples/s: 11738
Iteration 2276 | train reward: -144.29 | best: 1599.59 | KL: 8.422e-03 | std: 0.1046 | rollout: 5.100s | update: 0.171s | total: 5.271s | samples/s: 12143
Iteration 2277 | train reward: -155.44 | best: 1599.59 | KL: 8.780e-03 | std: 0.1044 | rollout: 4.824s | update: 0.154s | total: 4.978s | samples/s: 12856
Iteration 2278 | train reward: -165.43 | best: 1599.59 | KL: 1.108e-02 | std: 0.1048 | rollout: 5.176s | update: 0.232s | total: 5.408s | samples/s: 11834
Iteration 2279 | train reward: -172.23 | best: 1599.59 | KL: 1.025e-02 | std: 0.1046 | rollout: 5.050s | update: 0.159s | total: 5.209s | samples/s: 12287
Iteration 2280 | train reward: -160.96 | best: 1599.59 | KL: 9.478e-03 | std: 0.1042 | rollout: 4.940s | update: 0.332s | total: 5.272s | samples/s: 12139
Iteration 2281 | train reward: -174.08 | best: 1599.59 | KL: 9.733e-03 | std: 0.1041 | rollout: 5.206s | update: 0.161s | total: 5.367s | samples/s: 11926
Iteration 2282 | train reward: -165.79 | best: 1599.59 | KL: 9.759e-03 | std: 0.1042 | rollout: 4.998s | update: 0.170s | total: 5.169s | samples/s: 12382
Iteration 2283 | train reward: -181.55 | best: 1599.59 | KL: 1.028e-02 | std: 0.1038 | rollout: 5.087s | update: 0.158s | total: 5.245s | samples/s: 12203
Iteration 2284 | train reward: -145.15 | best: 1599.59 | KL: 7.780e-03 | std: 0.1037 | rollout: 4.948s | update: 0.162s | total: 5.109s | samples/s: 12526
Iteration 2285 | train reward: -155.85 | best: 1599.59 | KL: 9.412e-03 | std: 0.1037 | rollout: 5.195s | update: 0.287s | total: 5.482s | samples/s: 11674
Iteration 2286 | train reward: -173.15 | best: 1599.59 | KL: 9.715e-03 | std: 0.1041 | rollout: 4.980s | update: 0.168s | total: 5.148s | samples/s: 12432
Iteration 2287 | train reward: -153.33 | best: 1599.59 | KL: 9.640e-03 | std: 0.1044 | rollout: 4.782s | update: 0.152s | total: 4.934s | samples/s: 12971
Iteration 2288 | train reward: -157.34 | best: 1599.59 | KL: 8.480e-03 | std: 0.1036 | rollout: 4.941s | update: 0.165s | total: 5.106s | samples/s: 12535
Iteration 2289 | train reward: -161.42 | best: 1599.59 | KL: 1.078e-02 | std: 0.1035 | rollout: 4.947s | update: 0.169s | total: 5.116s | samples/s: 12510
Iteration 2290 | train reward: -163.59 | best: 1599.59 | KL: 9.291e-03 | std: 0.1035 | rollout: 4.877s | update: 0.160s | total: 5.037s | samples/s: 12706
Iteration 2291 | train reward: -152.54 | best: 1599.59 | KL: 9.042e-03 | std: 0.1035 | rollout: 5.149s | update: 0.156s | total: 5.305s | samples/s: 12065
Iteration 2292 | train reward: -154.80 | best: 1599.59 | KL: 8.139e-03 | std: 0.1035 | rollout: 4.935s | update: 0.180s | total: 5.115s | samples/s: 12512
Iteration 2293 | train reward: -164.51 | best: 1599.59 | KL: 8.999e-03 | std: 0.1033 | rollout: 5.190s | update: 0.168s | total: 5.358s | samples/s: 11945
Iteration 2294 | train reward: -154.33 | best: 1599.59 | KL: 7.412e-03 | std: 0.1033 | rollout: 4.799s | update: 0.226s | total: 5.025s | samples/s: 12736
Iteration 2295 | train reward: -159.65 | best: 1599.59 | KL: 9.297e-03 | std: 0.1040 | rollout: 5.088s | update: 0.262s | total: 5.350s | samples/s: 11962
Iteration 2296 | train reward: -155.89 | best: 1599.59 | KL: 8.255e-03 | std: 0.1037 | rollout: 5.255s | update: 0.350s | total: 5.605s | samples/s: 11419
Iteration 2297 | train reward: -168.22 | best: 1599.59 | KL: 1.101e-02 | std: 0.1042 | rollout: 4.959s | update: 0.221s | total: 5.180s | samples/s: 12355
Iteration 2298 | train reward: -155.65 | best: 1599.59 | KL: 8.979e-03 | std: 0.1048 | rollout: 5.018s | update: 0.156s | total: 5.174s | samples/s: 12369
Iteration 2299 | train reward: -170.42 | best: 1599.59 | KL: 9.355e-03 | std: 0.1049 | rollout: 5.434s | update: 0.202s | total: 5.636s | samples/s: 11356
Iteration 2300 | train reward: -162.71 | best: 1599.59 | KL: 1.031e-02 | std: 0.1059 | rollout: 5.417s | update: 0.288s | total: 5.704s | samples/s: 11220
Iteration 2301 | train reward: -165.71 | best: 1599.59 | KL: 1.068e-02 | std: 0.1057 | rollout: 5.211s | update: 0.183s | total: 5.393s | samples/s: 11866
Iteration 2302 | train reward: -174.73 | best: 1599.59 | KL: 9.805e-03 | std: 0.1055 | rollout: 5.530s | update: 0.361s | total: 5.891s | samples/s: 10864
Iteration 2303 | train reward: -159.71 | best: 1599.59 | KL: 8.505e-03 | std: 0.1055 | rollout: 5.398s | update: 0.347s | total: 5.745s | samples/s: 11140
Iteration 2304 | train reward: -167.82 | best: 1599.59 | KL: 9.577e-03 | std: 0.1055 | rollout: 5.165s | update: 0.213s | total: 5.378s | samples/s: 11901
Iteration 2305 | train reward: -169.32 | best: 1599.59 | KL: 1.040e-02 | std: 0.1062 | rollout: 4.985s | update: 0.189s | total: 5.174s | samples/s: 12370
Iteration 2306 | train reward: -161.24 | best: 1599.59 | KL: 8.822e-03 | std: 0.1057 | rollout: 4.954s | update: 0.237s | total: 5.191s | samples/s: 12329
Iteration 2307 | train reward: -174.24 | best: 1599.59 | KL: 1.025e-02 | std: 0.1057 | rollout: 4.833s | update: 0.159s | total: 4.992s | samples/s: 12820
Iteration 2308 | train reward: -142.38 | best: 1599.59 | KL: 9.767e-03 | std: 0.1052 | rollout: 4.824s | update: 0.167s | total: 4.991s | samples/s: 12823
Iteration 2309 | train reward: -160.50 | best: 1599.59 | KL: 9.127e-03 | std: 0.1054 | rollout: 5.089s | update: 0.174s | total: 5.263s | samples/s: 12159
Iteration 2310 | train reward: -160.19 | best: 1599.59 | KL: 1.137e-02 | std: 0.1052 | rollout: 4.564s | update: 0.186s | total: 4.750s | samples/s: 13473
Iteration 2311 | train reward: -152.30 | best: 1599.59 | KL: 9.211e-03 | std: 0.1055 | rollout: 5.127s | update: 0.169s | total: 5.296s | samples/s: 12084
Iteration 2312 | train reward: -155.92 | best: 1599.59 | KL: 8.745e-03 | std: 0.1052 | rollout: 5.290s | update: 0.166s | total: 5.456s | samples/s: 11729
Iteration 2313 | train reward: -170.97 | best: 1599.59 | KL: 1.057e-02 | std: 0.1053 | rollout: 5.049s | update: 0.155s | total: 5.205s | samples/s: 12297
Iteration 2314 | train reward: -178.81 | best: 1599.59 | KL: 9.827e-03 | std: 0.1055 | rollout: 5.134s | update: 0.155s | total: 5.289s | samples/s: 12101
Iteration 2315 | train reward: -157.11 | best: 1599.59 | KL: 1.014e-02 | std: 0.1055 | rollout: 5.230s | update: 0.344s | total: 5.574s | samples/s: 11482
Iteration 2316 | train reward: -155.12 | best: 1599.59 | KL: 8.949e-03 | std: 0.1054 | rollout: 4.703s | update: 0.156s | total: 4.859s | samples/s: 13172
Iteration 2317 | train reward: -147.51 | best: 1599.59 | KL: 8.326e-03 | std: 0.1061 | rollout: 4.922s | update: 0.221s | total: 5.143s | samples/s: 12444
Iteration 2318 | train reward: -148.81 | best: 1599.59 | KL: 1.014e-02 | std: 0.1061 | rollout: 5.150s | update: 0.162s | total: 5.312s | samples/s: 12049
Iteration 2319 | train reward: -150.55 | best: 1599.59 | KL: 1.024e-02 | std: 0.1059 | rollout: 4.987s | update: 0.167s | total: 5.154s | samples/s: 12417
Iteration 2320 | train reward: -159.16 | best: 1599.59 | KL: 8.099e-03 | std: 0.1061 | rollout: 5.208s | update: 0.155s | total: 5.363s | samples/s: 11934
Iteration 2321 | train reward: -168.71 | best: 1599.59 | KL: 8.968e-03 | std: 0.1059 | rollout: 4.831s | update: 0.173s | total: 5.004s | samples/s: 12790
Iteration 2322 | train reward: -172.00 | best: 1599.59 | KL: 9.370e-03 | std: 0.1053 | rollout: 5.033s | update: 0.162s | total: 5.195s | samples/s: 12319
Iteration 2323 | train reward: -152.94 | best: 1599.59 | KL: 9.754e-03 | std: 0.1052 | rollout: 5.012s | update: 0.209s | total: 5.221s | samples/s: 12258
Iteration 2324 | train reward: -144.69 | best: 1599.59 | KL: 8.606e-03 | std: 0.1049 | rollout: 4.893s | update: 0.155s | total: 5.048s | samples/s: 12678
Iteration 2325 | train reward: -174.60 | best: 1599.59 | KL: 1.062e-02 | std: 0.1048 | rollout: 4.923s | update: 0.166s | total: 5.089s | samples/s: 12576
Iteration 2326 | train reward: -161.24 | best: 1599.59 | KL: 9.217e-03 | std: 0.1046 | rollout: 5.144s | update: 0.168s | total: 5.312s | samples/s: 12049
Iteration 2327 | train reward: -161.35 | best: 1599.59 | KL: 8.439e-03 | std: 0.1048 | rollout: 5.002s | update: 0.319s | total: 5.321s | samples/s: 12029
Iteration 2328 | train reward: -147.49 | best: 1599.59 | KL: 8.756e-03 | std: 0.1042 | rollout: 4.941s | update: 0.159s | total: 5.100s | samples/s: 12548
Iteration 2329 | train reward: -151.99 | best: 1599.59 | KL: 9.981e-03 | std: 0.1036 | rollout: 5.049s | update: 0.203s | total: 5.252s | samples/s: 12187
Iteration 2330 | train reward: -169.93 | best: 1599.59 | KL: 9.307e-03 | std: 0.1038 | rollout: 4.987s | update: 0.186s | total: 5.174s | samples/s: 12370
Iteration 2331 | train reward: -159.80 | best: 1599.59 | KL: 8.129e-03 | std: 0.1037 | rollout: 4.827s | update: 0.165s | total: 4.992s | samples/s: 12821
Iteration 2332 | train reward: -156.80 | best: 1599.59 | KL: 1.114e-02 | std: 0.1041 | rollout: 4.910s | update: 0.161s | total: 5.071s | samples/s: 12620
Iteration 2333 | train reward: -160.66 | best: 1599.59 | KL: 9.485e-03 | std: 0.1039 | rollout: 4.910s | update: 0.164s | total: 5.073s | samples/s: 12615
Iteration 2334 | train reward: -158.15 | best: 1599.59 | KL: 9.871e-03 | std: 0.1039 | rollout: 4.890s | update: 0.172s | total: 5.062s | samples/s: 12644
Iteration 2335 | train reward: -149.81 | best: 1599.59 | KL: 1.062e-02 | std: 0.1033 | rollout: 4.905s | update: 0.173s | total: 5.078s | samples/s: 12602
Iteration 2336 | train reward: -158.74 | best: 1599.59 | KL: 8.070e-03 | std: 0.1027 | rollout: 5.056s | update: 0.235s | total: 5.292s | samples/s: 12094
Iteration 2337 | train reward: -171.22 | best: 1599.59 | KL: 1.014e-02 | std: 0.1025 | rollout: 5.024s | update: 0.164s | total: 5.188s | samples/s: 12336
Iteration 2338 | train reward: -148.06 | best: 1599.59 | KL: 8.251e-03 | std: 0.1029 | rollout: 5.056s | update: 0.217s | total: 5.273s | samples/s: 12138
Iteration 2339 | train reward: -156.41 | best: 1599.59 | KL: 9.780e-03 | std: 0.1031 | rollout: 5.114s | update: 0.230s | total: 5.344s | samples/s: 11976
Iteration 2340 | train reward: -165.32 | best: 1599.59 | KL: 1.162e-02 | std: 0.1032 | rollout: 5.138s | update: 0.158s | total: 5.296s | samples/s: 12084
Iteration 2341 | train reward: -163.80 | best: 1599.59 | KL: 8.562e-03 | std: 0.1035 | rollout: 5.235s | update: 0.156s | total: 5.391s | samples/s: 11872
Iteration 2342 | train reward: -164.78 | best: 1599.59 | KL: 1.127e-02 | std: 0.1035 | rollout: 4.996s | update: 0.178s | total: 5.174s | samples/s: 12369
Iteration 2343 | train reward: -162.56 | best: 1599.59 | KL: 9.234e-03 | std: 0.1036 | rollout: 5.035s | update: 0.161s | total: 5.195s | samples/s: 12318
Iteration 2344 | train reward: -159.59 | best: 1599.59 | KL: 9.587e-03 | std: 0.1035 | rollout: 4.923s | update: 0.195s | total: 5.118s | samples/s: 12506
Iteration 2345 | train reward: -151.57 | best: 1599.59 | KL: 1.120e-02 | std: 0.1031 | rollout: 5.035s | update: 0.158s | total: 5.193s | samples/s: 12325
Iteration 2346 | train reward: -169.03 | best: 1599.59 | KL: 9.218e-03 | std: 0.1033 | rollout: 4.915s | update: 0.166s | total: 5.082s | samples/s: 12594
Iteration 2347 | train reward: -173.47 | best: 1599.59 | KL: 8.165e-03 | std: 0.1033 | rollout: 5.012s | update: 0.153s | total: 5.166s | samples/s: 12389
Iteration 2348 | train reward: -164.45 | best: 1599.59 | KL: 8.922e-03 | std: 0.1033 | rollout: 4.797s | update: 0.162s | total: 4.958s | samples/s: 12908
Iteration 2349 | train reward: -147.11 | best: 1599.59 | KL: 1.101e-02 | std: 0.1029 | rollout: 5.076s | update: 0.218s | total: 5.294s | samples/s: 12089
Iteration 2350 | train reward: -173.71 | best: 1599.59 | KL: 9.018e-03 | std: 0.1031 | rollout: 4.993s | update: 0.163s | total: 5.156s | samples/s: 12413
Iteration 2351 | train reward: -144.36 | best: 1599.59 | KL: 8.538e-03 | std: 0.1035 | rollout: 5.017s | update: 0.160s | total: 5.178s | samples/s: 12361
Iteration 2352 | train reward: -177.11 | best: 1599.59 | KL: 1.040e-02 | std: 0.1042 | rollout: 4.832s | update: 0.193s | total: 5.025s | samples/s: 12736
Iteration 2353 | train reward: -148.88 | best: 1599.59 | KL: 9.043e-03 | std: 0.1042 | rollout: 4.803s | update: 0.220s | total: 5.023s | samples/s: 12740
Iteration 2354 | train reward: -145.12 | best: 1599.59 | KL: 8.082e-03 | std: 0.1035 | rollout: 5.223s | update: 0.162s | total: 5.386s | samples/s: 11884
Iteration 2355 | train reward: -165.51 | best: 1599.59 | KL: 1.160e-02 | std: 0.1035 | rollout: 5.025s | update: 0.168s | total: 5.193s | samples/s: 12324
Iteration 2356 | train reward: -168.44 | best: 1599.59 | KL: 8.178e-03 | std: 0.1035 | rollout: 5.084s | update: 0.166s | total: 5.250s | samples/s: 12190
Iteration 2357 | train reward: -155.63 | best: 1599.59 | KL: 8.124e-03 | std: 0.1040 | rollout: 4.985s | update: 0.157s | total: 5.141s | samples/s: 12448
Iteration 2358 | train reward: -179.95 | best: 1599.59 | KL: 1.029e-02 | std: 0.1039 | rollout: 4.903s | update: 0.161s | total: 5.064s | samples/s: 12638
Iteration 2359 | train reward: -169.92 | best: 1599.59 | KL: 9.070e-03 | std: 0.1033 | rollout: 4.966s | update: 0.158s | total: 5.124s | samples/s: 12490
Iteration 2360 | train reward: -166.83 | best: 1599.59 | KL: 8.964e-03 | std: 0.1031 | rollout: 5.086s | update: 0.173s | total: 5.258s | samples/s: 12171
Iteration 2361 | train reward: -168.25 | best: 1599.59 | KL: 9.966e-03 | std: 0.1033 | rollout: 5.068s | update: 0.161s | total: 5.229s | samples/s: 12240
Iteration 2362 | train reward: -153.84 | best: 1599.59 | KL: 1.013e-02 | std: 0.1031 | rollout: 4.875s | update: 0.170s | total: 5.045s | samples/s: 12685
Iteration 2363 | train reward: -150.72 | best: 1599.59 | KL: 1.086e-02 | std: 0.1035 | rollout: 4.916s | update: 0.180s | total: 5.095s | samples/s: 12561
Iteration 2364 | train reward: -166.04 | best: 1599.59 | KL: 9.541e-03 | std: 0.1036 | rollout: 4.887s | update: 0.161s | total: 5.048s | samples/s: 12678
Iteration 2365 | train reward: -136.25 | best: 1599.59 | KL: 7.956e-03 | std: 0.1035 | rollout: 4.935s | update: 0.166s | total: 5.100s | samples/s: 12548
Iteration 2366 | train reward: -167.97 | best: 1599.59 | KL: 1.019e-02 | std: 0.1033 | rollout: 5.093s | update: 0.155s | total: 5.248s | samples/s: 12194
Iteration 2367 | train reward: -157.82 | best: 1599.59 | KL: 7.873e-03 | std: 0.1035 | rollout: 4.947s | update: 0.155s | total: 5.102s | samples/s: 12544
Iteration 2368 | train reward: -158.78 | best: 1599.59 | KL: 9.394e-03 | std: 0.1031 | rollout: 5.146s | update: 0.157s | total: 5.303s | samples/s: 12069
Iteration 2369 | train reward: -165.99 | best: 1599.59 | KL: 9.446e-03 | std: 0.1029 | rollout: 4.933s | update: 0.163s | total: 5.096s | samples/s: 12559
Iteration 2370 | train reward: -137.47 | best: 1599.59 | KL: 6.949e-03 | std: 0.1029 | rollout: 4.776s | update: 0.159s | total: 4.935s | samples/s: 12968
Iteration 2371 | train reward: -169.41 | best: 1599.59 | KL: 9.959e-03 | std: 0.1029 | rollout: 5.037s | update: 0.163s | total: 5.200s | samples/s: 12309
Iteration 2372 | train reward: -161.41 | best: 1599.59 | KL: 9.993e-03 | std: 0.1032 | rollout: 5.406s | update: 0.159s | total: 5.565s | samples/s: 11500
Iteration 2373 | train reward: -176.21 | best: 1599.59 | KL: 1.035e-02 | std: 0.1031 | rollout: 4.871s | update: 0.171s | total: 5.041s | samples/s: 12695
Iteration 2374 | train reward: -165.59 | best: 1599.59 | KL: 1.042e-02 | std: 0.1031 | rollout: 5.162s | update: 0.159s | total: 5.321s | samples/s: 12028
Iteration 2375 | train reward: -162.26 | best: 1599.59 | KL: 1.217e-02 | std: 0.1031 | rollout: 5.012s | update: 0.328s | total: 5.340s | samples/s: 11986
Iteration 2376 | train reward: -142.73 | best: 1599.59 | KL: 8.920e-03 | std: 0.1028 | rollout: 5.328s | update: 0.154s | total: 5.482s | samples/s: 11675
Iteration 2377 | train reward: -175.39 | best: 1599.59 | KL: 1.003e-02 | std: 0.1026 | rollout: 5.036s | update: 0.152s | total: 5.187s | samples/s: 12338
Iteration 2378 | train reward: -157.57 | best: 1599.59 | KL: 9.193e-03 | std: 0.1029 | rollout: 4.974s | update: 0.257s | total: 5.232s | samples/s: 12233
Iteration 2379 | train reward: -154.03 | best: 1599.59 | KL: 8.167e-03 | std: 0.1025 | rollout: 5.286s | update: 0.160s | total: 5.445s | samples/s: 11753
Iteration 2380 | train reward: -163.35 | best: 1599.59 | KL: 1.167e-02 | std: 0.1018 | rollout: 4.995s | update: 0.163s | total: 5.158s | samples/s: 12407
Iteration 2381 | train reward: -157.87 | best: 1599.59 | KL: 9.836e-03 | std: 0.1020 | rollout: 4.967s | update: 0.168s | total: 5.134s | samples/s: 12465
Iteration 2382 | train reward: -159.55 | best: 1599.59 | KL: 1.063e-02 | std: 0.1018 | rollout: 4.971s | update: 0.205s | total: 5.176s | samples/s: 12365
Iteration 2383 | train reward: -159.14 | best: 1599.59 | KL: 9.605e-03 | std: 0.1018 | rollout: 5.005s | update: 0.160s | total: 5.165s | samples/s: 12391
Iteration 2384 | train reward: -163.79 | best: 1599.59 | KL: 9.793e-03 | std: 0.1020 | rollout: 4.914s | update: 0.169s | total: 5.083s | samples/s: 12591
Iteration 2385 | train reward: -159.86 | best: 1599.59 | KL: 1.065e-02 | std: 0.1022 | rollout: 5.050s | update: 0.154s | total: 5.203s | samples/s: 12300
Iteration 2386 | train reward: -152.97 | best: 1599.59 | KL: 9.707e-03 | std: 0.1022 | rollout: 5.001s | update: 0.195s | total: 5.196s | samples/s: 12317
Iteration 2387 | train reward: -157.25 | best: 1599.59 | KL: 1.324e-02 | std: 0.1024 | rollout: 5.013s | update: 0.168s | total: 5.181s | samples/s: 12352
Iteration 2388 | train reward: -175.64 | best: 1599.59 | KL: 9.860e-03 | std: 0.1023 | rollout: 5.605s | update: 0.239s | total: 5.843s | samples/s: 10952
Iteration 2389 | train reward: -150.60 | best: 1599.59 | KL: 8.163e-03 | std: 0.1027 | rollout: 5.065s | update: 0.170s | total: 5.235s | samples/s: 12225
Iteration 2390 | train reward: -179.89 | best: 1599.59 | KL: 8.354e-03 | std: 0.1026 | rollout: 5.030s | update: 0.295s | total: 5.326s | samples/s: 12018
Iteration 2391 | train reward: -177.81 | best: 1599.59 | KL: 9.847e-03 | std: 0.1027 | rollout: 4.868s | update: 0.166s | total: 5.034s | samples/s: 12713
Iteration 2392 | train reward: -157.41 | best: 1599.59 | KL: 9.623e-03 | std: 0.1020 | rollout: 4.900s | update: 0.161s | total: 5.061s | samples/s: 12644
Iteration 2393 | train reward: -166.78 | best: 1599.59 | KL: 9.584e-03 | std: 0.1019 | rollout: 5.022s | update: 0.153s | total: 5.175s | samples/s: 12367
Iteration 2394 | train reward: -177.55 | best: 1599.59 | KL: 1.059e-02 | std: 0.1018 | rollout: 4.717s | update: 0.160s | total: 4.878s | samples/s: 13121
Iteration 2395 | train reward: -164.53 | best: 1599.59 | KL: 9.312e-03 | std: 0.1016 | rollout: 4.949s | update: 0.159s | total: 5.108s | samples/s: 12529
Iteration 2396 | train reward: -159.36 | best: 1599.59 | KL: 1.100e-02 | std: 0.1015 | rollout: 5.200s | update: 0.292s | total: 5.492s | samples/s: 11653
Iteration 2397 | train reward: -149.78 | best: 1599.59 | KL: 9.272e-03 | std: 0.1021 | rollout: 5.195s | update: 0.226s | total: 5.421s | samples/s: 11806
Iteration 2398 | train reward: -155.79 | best: 1599.59 | KL: 1.329e-02 | std: 0.1022 | rollout: 4.971s | update: 0.153s | total: 5.124s | samples/s: 12491
Iteration 2399 | train reward: -165.48 | best: 1599.59 | KL: 1.081e-02 | std: 0.1023 | rollout: 5.515s | update: 0.300s | total: 5.815s | samples/s: 11006
Iteration 2400 | train reward: -144.48 | best: 1599.59 | KL: 7.288e-03 | std: 0.1027 | rollout: 5.582s | update: 0.218s | total: 5.800s | samples/s: 11034
Iteration 2401 | train reward: -151.62 | best: 1599.59 | KL: 8.627e-03 | std: 0.1024 | rollout: 5.967s | update: 0.161s | total: 6.128s | samples/s: 10444
Iteration 2402 | train reward: -160.83 | best: 1599.59 | KL: 9.502e-03 | std: 0.1022 | rollout: 4.811s | update: 0.166s | total: 4.977s | samples/s: 12858
Iteration 2403 | train reward: -162.89 | best: 1599.59 | KL: 1.111e-02 | std: 0.1020 | rollout: 4.955s | update: 0.159s | total: 5.114s | samples/s: 12515
Iteration 2404 | train reward: -161.83 | best: 1599.59 | KL: 1.038e-02 | std: 0.1016 | rollout: 4.815s | update: 0.258s | total: 5.074s | samples/s: 12614
Iteration 2405 | train reward: -159.43 | best: 1599.59 | KL: 9.033e-03 | std: 0.1016 | rollout: 5.049s | update: 0.154s | total: 5.202s | samples/s: 12302
Iteration 2406 | train reward: -156.43 | best: 1599.59 | KL: 1.155e-02 | std: 0.1014 | rollout: 5.122s | update: 0.184s | total: 5.306s | samples/s: 12062
Iteration 2407 | train reward: -167.75 | best: 1599.59 | KL: 1.117e-02 | std: 0.1012 | rollout: 4.765s | update: 0.230s | total: 4.995s | samples/s: 12812
Iteration 2408 | train reward: -145.10 | best: 1599.59 | KL: 9.319e-03 | std: 0.1005 | rollout: 5.247s | update: 0.169s | total: 5.416s | samples/s: 11818
Iteration 2409 | train reward: -169.18 | best: 1599.59 | KL: 9.645e-03 | std: 0.1005 | rollout: 5.083s | update: 0.159s | total: 5.242s | samples/s: 12209
Iteration 2410 | train reward: -165.04 | best: 1599.59 | KL: 8.208e-03 | std: 0.1003 | rollout: 5.000s | update: 0.166s | total: 5.166s | samples/s: 12389
Iteration 2411 | train reward: -159.10 | best: 1599.59 | KL: 1.092e-02 | std: 0.0997 | rollout: 5.128s | update: 0.163s | total: 5.291s | samples/s: 12097
Iteration 2412 | train reward: -150.75 | best: 1599.59 | KL: 7.881e-03 | std: 0.0998 | rollout: 5.084s | update: 0.216s | total: 5.300s | samples/s: 12075
Iteration 2413 | train reward: -164.62 | best: 1599.59 | KL: 1.117e-02 | std: 0.0997 | rollout: 4.914s | update: 0.153s | total: 5.067s | samples/s: 12632
Iteration 2414 | train reward: -157.37 | best: 1599.59 | KL: 8.349e-03 | std: 0.0996 | rollout: 5.034s | update: 0.299s | total: 5.334s | samples/s: 11999
Iteration 2415 | train reward: -169.35 | best: 1599.59 | KL: 9.513e-03 | std: 0.0996 | rollout: 5.088s | update: 0.155s | total: 5.242s | samples/s: 12209
Iteration 2416 | train reward: -174.67 | best: 1599.59 | KL: 9.400e-03 | std: 0.0996 | rollout: 4.980s | update: 0.151s | total: 5.131s | samples/s: 12473
Iteration 2417 | train reward: -150.11 | best: 1599.59 | KL: 1.046e-02 | std: 0.0999 | rollout: 4.775s | update: 0.160s | total: 4.935s | samples/s: 12969
Iteration 2418 | train reward: -157.86 | best: 1599.59 | KL: 9.509e-03 | std: 0.0995 | rollout: 4.762s | update: 0.165s | total: 4.927s | samples/s: 12990
Iteration 2419 | train reward: -151.70 | best: 1599.59 | KL: 8.030e-03 | std: 0.0992 | rollout: 5.064s | update: 0.153s | total: 5.217s | samples/s: 12268
Iteration 2420 | train reward: -161.49 | best: 1599.59 | KL: 9.511e-03 | std: 0.0992 | rollout: 4.884s | update: 0.158s | total: 5.042s | samples/s: 12693
Iteration 2421 | train reward: -171.50 | best: 1599.59 | KL: 9.360e-03 | std: 0.0997 | rollout: 5.015s | update: 0.175s | total: 5.190s | samples/s: 12330
Iteration 2422 | train reward: -171.81 | best: 1599.59 | KL: 1.055e-02 | std: 0.0996 | rollout: 5.007s | update: 0.166s | total: 5.173s | samples/s: 12371
Iteration 2423 | train reward: -138.58 | best: 1599.59 | KL: 8.555e-03 | std: 0.0996 | rollout: 5.020s | update: 0.219s | total: 5.240s | samples/s: 12214
Iteration 2424 | train reward: -163.59 | best: 1599.59 | KL: 1.173e-02 | std: 0.1000 | rollout: 4.872s | update: 0.168s | total: 5.039s | samples/s: 12700
Iteration 2425 | train reward: -156.83 | best: 1599.59 | KL: 1.222e-02 | std: 0.1002 | rollout: 5.007s | update: 0.214s | total: 5.221s | samples/s: 12259
Iteration 2426 | train reward: -162.74 | best: 1599.59 | KL: 9.312e-03 | std: 0.1000 | rollout: 4.887s | update: 0.160s | total: 5.047s | samples/s: 12680
Iteration 2427 | train reward: -147.67 | best: 1599.59 | KL: 8.215e-03 | std: 0.0996 | rollout: 4.749s | update: 0.224s | total: 4.973s | samples/s: 12870
Iteration 2428 | train reward: -149.55 | best: 1599.59 | KL: 7.869e-03 | std: 0.0997 | rollout: 4.908s | update: 0.160s | total: 5.069s | samples/s: 12627
Iteration 2429 | train reward: -138.83 | best: 1599.59 | KL: 7.900e-03 | std: 0.0997 | rollout: 5.114s | update: 0.180s | total: 5.294s | samples/s: 12088
Iteration 2430 | train reward: -179.79 | best: 1599.59 | KL: 1.162e-02 | std: 0.1003 | rollout: 5.093s | update: 0.160s | total: 5.253s | samples/s: 12184
Iteration 2431 | train reward: -166.95 | best: 1599.59 | KL: 1.112e-02 | std: 0.1003 | rollout: 5.173s | update: 0.207s | total: 5.381s | samples/s: 11894
Iteration 2432 | train reward: -149.09 | best: 1599.59 | KL: 1.054e-02 | std: 0.1006 | rollout: 5.054s | update: 0.160s | total: 5.214s | samples/s: 12274
Iteration 2433 | train reward: -161.70 | best: 1599.59 | KL: 8.573e-03 | std: 0.1011 | rollout: 5.287s | update: 0.289s | total: 5.576s | samples/s: 11479
Iteration 2434 | train reward: -180.86 | best: 1599.59 | KL: 8.965e-03 | std: 0.1013 | rollout: 4.926s | update: 0.179s | total: 5.105s | samples/s: 12536
Iteration 2435 | train reward: -169.93 | best: 1599.59 | KL: 9.610e-03 | std: 0.1009 | rollout: 4.885s | update: 0.156s | total: 5.041s | samples/s: 12695
Iteration 2436 | train reward: -166.09 | best: 1599.59 | KL: 9.037e-03 | std: 0.1009 | rollout: 4.936s | update: 0.172s | total: 5.107s | samples/s: 12531
Iteration 2437 | train reward: -144.56 | best: 1599.59 | KL: 9.607e-03 | std: 0.1010 | rollout: 4.883s | update: 0.170s | total: 5.053s | samples/s: 12665
Iteration 2438 | train reward: -153.29 | best: 1599.59 | KL: 7.890e-03 | std: 0.1016 | rollout: 4.934s | update: 0.163s | total: 5.098s | samples/s: 12555
Iteration 2439 | train reward: -152.85 | best: 1599.59 | KL: 6.979e-03 | std: 0.1022 | rollout: 4.946s | update: 0.155s | total: 5.101s | samples/s: 12546
Iteration 2440 | train reward: -158.73 | best: 1599.59 | KL: 9.213e-03 | std: 0.1022 | rollout: 4.830s | update: 0.153s | total: 4.984s | samples/s: 12842
Iteration 2441 | train reward: -158.46 | best: 1599.59 | KL: 8.971e-03 | std: 0.1022 | rollout: 5.015s | update: 0.191s | total: 5.206s | samples/s: 12294
Iteration 2442 | train reward: -155.39 | best: 1599.59 | KL: 7.939e-03 | std: 0.1024 | rollout: 5.047s | update: 0.215s | total: 5.262s | samples/s: 12163
Iteration 2443 | train reward: -149.49 | best: 1599.59 | KL: 9.653e-03 | std: 0.1021 | rollout: 5.329s | update: 0.171s | total: 5.499s | samples/s: 11638
Iteration 2444 | train reward: -166.82 | best: 1599.59 | KL: 1.007e-02 | std: 0.1026 | rollout: 4.737s | update: 0.158s | total: 4.895s | samples/s: 13076
Iteration 2445 | train reward: -144.33 | best: 1599.59 | KL: 1.150e-02 | std: 0.1025 | rollout: 4.881s | update: 0.156s | total: 5.037s | samples/s: 12705
Iteration 2446 | train reward: -153.94 | best: 1599.59 | KL: 9.726e-03 | std: 0.1029 | rollout: 5.050s | update: 0.222s | total: 5.272s | samples/s: 12140
Iteration 2447 | train reward: -159.44 | best: 1599.59 | KL: 1.286e-02 | std: 0.1029 | rollout: 4.967s | update: 0.169s | total: 5.136s | samples/s: 12461
Iteration 2448 | train reward: -168.36 | best: 1599.59 | KL: 8.348e-03 | std: 0.1033 | rollout: 4.925s | update: 0.153s | total: 5.078s | samples/s: 12603
Iteration 2449 | train reward: -141.29 | best: 1599.59 | KL: 9.646e-03 | std: 0.1035 | rollout: 4.963s | update: 0.209s | total: 5.172s | samples/s: 12374
Iteration 2450 | train reward: -155.88 | best: 1599.59 | KL: 9.696e-03 | std: 0.1038 | rollout: 5.177s | update: 0.154s | total: 5.330s | samples/s: 12007
Iteration 2451 | train reward: -168.54 | best: 1599.59 | KL: 9.758e-03 | std: 0.1039 | rollout: 4.960s | update: 0.167s | total: 5.127s | samples/s: 12483
Iteration 2452 | train reward: -155.87 | best: 1599.59 | KL: 1.172e-02 | std: 0.1040 | rollout: 4.954s | update: 0.154s | total: 5.108s | samples/s: 12529
Iteration 2453 | train reward: -169.50 | best: 1599.59 | KL: 1.035e-02 | std: 0.1042 | rollout: 5.111s | update: 0.161s | total: 5.272s | samples/s: 12140
Iteration 2454 | train reward: -172.18 | best: 1599.59 | KL: 9.529e-03 | std: 0.1042 | rollout: 5.043s | update: 0.164s | total: 5.207s | samples/s: 12292
Iteration 2455 | train reward: -172.02 | best: 1599.59 | KL: 7.601e-03 | std: 0.1039 | rollout: 5.072s | update: 0.178s | total: 5.250s | samples/s: 12190
Iteration 2456 | train reward: -148.19 | best: 1599.59 | KL: 9.739e-03 | std: 0.1042 | rollout: 4.965s | update: 0.152s | total: 5.117s | samples/s: 12508
Iteration 2457 | train reward: -144.64 | best: 1599.59 | KL: 9.658e-03 | std: 0.1044 | rollout: 5.066s | update: 0.156s | total: 5.222s | samples/s: 12255
Iteration 2458 | train reward: -181.64 | best: 1599.59 | KL: 1.161e-02 | std: 0.1049 | rollout: 4.888s | update: 0.157s | total: 5.045s | samples/s: 12687
Iteration 2459 | train reward: -168.47 | best: 1599.59 | KL: 9.586e-03 | std: 0.1053 | rollout: 5.027s | update: 0.160s | total: 5.187s | samples/s: 12339
Iteration 2460 | train reward: -149.66 | best: 1599.59 | KL: 9.405e-03 | std: 0.1055 | rollout: 5.014s | update: 0.154s | total: 5.169s | samples/s: 12382
Iteration 2461 | train reward: -182.88 | best: 1599.59 | KL: 1.055e-02 | std: 0.1057 | rollout: 5.053s | update: 0.225s | total: 5.278s | samples/s: 12126
Iteration 2462 | train reward: -148.34 | best: 1599.59 | KL: 9.372e-03 | std: 0.1048 | rollout: 5.042s | update: 0.222s | total: 5.264s | samples/s: 12157
Iteration 2463 | train reward: -145.61 | best: 1599.59 | KL: 9.649e-03 | std: 0.1048 | rollout: 5.094s | update: 0.162s | total: 5.256s | samples/s: 12176
Iteration 2464 | train reward: -159.27 | best: 1599.59 | KL: 9.974e-03 | std: 0.1044 | rollout: 5.087s | update: 0.156s | total: 5.243s | samples/s: 12208
Iteration 2465 | train reward: -150.13 | best: 1599.59 | KL: 1.029e-02 | std: 0.1046 | rollout: 4.916s | update: 0.159s | total: 5.074s | samples/s: 12613
Iteration 2466 | train reward: -166.15 | best: 1599.59 | KL: 8.201e-03 | std: 0.1044 | rollout: 5.107s | update: 0.203s | total: 5.309s | samples/s: 12054
Iteration 2467 | train reward: -154.08 | best: 1599.59 | KL: 8.126e-03 | std: 0.1048 | rollout: 5.091s | update: 0.172s | total: 5.263s | samples/s: 12161
Iteration 2468 | train reward: -163.29 | best: 1599.59 | KL: 9.943e-03 | std: 0.1048 | rollout: 4.947s | update: 0.160s | total: 5.107s | samples/s: 12531
Iteration 2469 | train reward: -163.95 | best: 1599.59 | KL: 1.121e-02 | std: 0.1057 | rollout: 5.117s | update: 0.186s | total: 5.303s | samples/s: 12069
Iteration 2470 | train reward: -148.50 | best: 1599.59 | KL: 8.591e-03 | std: 0.1057 | rollout: 4.948s | update: 0.164s | total: 5.112s | samples/s: 12520
Iteration 2471 | train reward: -159.18 | best: 1599.59 | KL: 1.126e-02 | std: 0.1052 | rollout: 5.076s | update: 0.161s | total: 5.236s | samples/s: 12222
Iteration 2472 | train reward: -172.66 | best: 1599.59 | KL: 8.916e-03 | std: 0.1057 | rollout: 4.944s | update: 0.168s | total: 5.112s | samples/s: 12520
Iteration 2473 | train reward: -163.90 | best: 1599.59 | KL: 8.782e-03 | std: 0.1059 | rollout: 4.942s | update: 0.207s | total: 5.149s | samples/s: 12430
Iteration 2474 | train reward: -159.58 | best: 1599.59 | KL: 9.594e-03 | std: 0.1059 | rollout: 5.001s | update: 0.153s | total: 5.154s | samples/s: 12417
Iteration 2475 | train reward: -147.22 | best: 1599.59 | KL: 8.965e-03 | std: 0.1059 | rollout: 5.030s | update: 0.225s | total: 5.255s | samples/s: 12178
Iteration 2476 | train reward: -149.99 | best: 1599.59 | KL: 8.917e-03 | std: 0.1062 | rollout: 4.975s | update: 0.185s | total: 5.159s | samples/s: 12404
Iteration 2477 | train reward: -152.79 | best: 1599.59 | KL: 1.039e-02 | std: 0.1063 | rollout: 5.271s | update: 0.160s | total: 5.430s | samples/s: 11786
Iteration 2478 | train reward: -155.34 | best: 1599.59 | KL: 8.723e-03 | std: 0.1055 | rollout: 5.070s | update: 0.326s | total: 5.397s | samples/s: 11859
Iteration 2479 | train reward: -146.24 | best: 1599.59 | KL: 9.187e-03 | std: 0.1055 | rollout: 5.155s | update: 0.164s | total: 5.320s | samples/s: 12031
Iteration 2480 | train reward: -160.28 | best: 1599.59 | KL: 9.254e-03 | std: 0.1057 | rollout: 5.085s | update: 0.160s | total: 5.246s | samples/s: 12200
Iteration 2481 | train reward: -174.86 | best: 1599.59 | KL: 9.198e-03 | std: 0.1055 | rollout: 5.082s | update: 0.160s | total: 5.242s | samples/s: 12210
Iteration 2482 | train reward: -162.65 | best: 1599.59 | KL: 1.244e-02 | std: 0.1055 | rollout: 4.999s | update: 0.163s | total: 5.163s | samples/s: 12397
Iteration 2483 | train reward: -163.60 | best: 1599.59 | KL: 1.036e-02 | std: 0.1053 | rollout: 4.950s | update: 0.177s | total: 5.127s | samples/s: 12482
Iteration 2484 | train reward: -150.76 | best: 1599.59 | KL: 8.245e-03 | std: 0.1052 | rollout: 5.264s | update: 0.170s | total: 5.434s | samples/s: 11778
Iteration 2485 | train reward: -154.96 | best: 1599.59 | KL: 8.529e-03 | std: 0.1055 | rollout: 4.877s | update: 0.164s | total: 5.041s | samples/s: 12695
Iteration 2486 | train reward: -145.83 | best: 1599.59 | KL: 8.971e-03 | std: 0.1055 | rollout: 5.004s | update: 0.167s | total: 5.170s | samples/s: 12378
Iteration 2487 | train reward: -176.08 | best: 1599.59 | KL: 1.317e-02 | std: 0.1052 | rollout: 5.269s | update: 0.167s | total: 5.435s | samples/s: 11775
Iteration 2488 | train reward: -138.48 | best: 1599.59 | KL: 8.852e-03 | std: 0.1051 | rollout: 5.320s | update: 0.157s | total: 5.476s | samples/s: 11687
Iteration 2489 | train reward: -149.49 | best: 1599.59 | KL: 9.638e-03 | std: 0.1049 | rollout: 4.995s | update: 0.164s | total: 5.160s | samples/s: 12404
Iteration 2490 | train reward: -147.13 | best: 1599.59 | KL: 7.049e-03 | std: 0.1050 | rollout: 4.991s | update: 0.170s | total: 5.160s | samples/s: 12402
Iteration 2491 | train reward: -140.42 | best: 1599.59 | KL: 9.020e-03 | std: 0.1046 | rollout: 5.044s | update: 0.154s | total: 5.198s | samples/s: 12313
Iteration 2492 | train reward: -157.20 | best: 1599.59 | KL: 1.155e-02 | std: 0.1042 | rollout: 4.923s | update: 0.162s | total: 5.085s | samples/s: 12586
Iteration 2493 | train reward: -174.35 | best: 1599.59 | KL: 1.026e-02 | std: 0.1046 | rollout: 4.987s | update: 0.166s | total: 5.153s | samples/s: 12420
Iteration 2494 | train reward: -153.73 | best: 1599.59 | KL: 8.758e-03 | std: 0.1046 | rollout: 4.916s | update: 0.215s | total: 5.130s | samples/s: 12475
Iteration 2495 | train reward: -151.73 | best: 1599.59 | KL: 1.009e-02 | std: 0.1044 | rollout: 4.756s | update: 0.152s | total: 4.908s | samples/s: 13041
Iteration 2496 | train reward: -165.64 | best: 1599.59 | KL: 9.470e-03 | std: 0.1046 | rollout: 4.877s | update: 0.236s | total: 5.113s | samples/s: 12517
Iteration 2497 | train reward: -160.58 | best: 1599.59 | KL: 7.686e-03 | std: 0.1044 | rollout: 4.885s | update: 0.166s | total: 5.050s | samples/s: 12672
Iteration 2498 | train reward: -153.42 | best: 1599.59 | KL: 9.282e-03 | std: 0.1039 | rollout: 5.055s | update: 0.156s | total: 5.211s | samples/s: 12281
Iteration 2499 | train reward: -157.30 | best: 1599.59 | KL: 9.608e-03 | std: 0.1036 | rollout: 5.072s | update: 0.164s | total: 5.235s | samples/s: 12225
Iteration 2500 | train reward: -172.10 | best: 1599.59 | KL: 1.036e-02 | std: 0.1033 | rollout: 5.292s | update: 0.153s | total: 5.445s | samples/s: 11754
Iteration 2501 | train reward: -169.70 | best: 1599.59 | KL: 1.041e-02 | std: 0.1042 | rollout: 4.906s | update: 0.169s | total: 5.075s | samples/s: 12611
Iteration 2502 | train reward: -145.39 | best: 1599.59 | KL: 1.109e-02 | std: 0.1041 | rollout: 5.108s | update: 0.161s | total: 5.269s | samples/s: 12146
Iteration 2503 | train reward: -164.80 | best: 1599.59 | KL: 9.161e-03 | std: 0.1048 | rollout: 5.164s | update: 0.154s | total: 5.318s | samples/s: 12035
Iteration 2504 | train reward: -160.13 | best: 1599.59 | KL: 9.365e-03 | std: 0.1042 | rollout: 4.784s | update: 0.164s | total: 4.948s | samples/s: 12935
Iteration 2505 | train reward: -157.82 | best: 1599.59 | KL: 1.009e-02 | std: 0.1035 | rollout: 4.972s | update: 0.176s | total: 5.149s | samples/s: 12431
Iteration 2506 | train reward: -157.22 | best: 1599.59 | KL: 1.046e-02 | std: 0.1033 | rollout: 4.875s | update: 0.152s | total: 5.027s | samples/s: 12731
Iteration 2507 | train reward: -162.92 | best: 1599.59 | KL: 8.134e-03 | std: 0.1040 | rollout: 4.811s | update: 0.173s | total: 4.984s | samples/s: 12840
Iteration 2508 | train reward: -145.46 | best: 1599.59 | KL: 9.473e-03 | std: 0.1035 | rollout: 5.060s | update: 0.220s | total: 5.279s | samples/s: 12122
Iteration 2509 | train reward: -156.55 | best: 1599.59 | KL: 8.840e-03 | std: 0.1029 | rollout: 4.897s | update: 0.161s | total: 5.057s | samples/s: 12655
Iteration 2510 | train reward: -163.24 | best: 1599.59 | KL: 1.046e-02 | std: 0.1031 | rollout: 5.194s | update: 0.175s | total: 5.369s | samples/s: 11921
Iteration 2511 | train reward: -161.60 | best: 1599.59 | KL: 8.304e-03 | std: 0.1035 | rollout: 4.999s | update: 0.163s | total: 5.162s | samples/s: 12397
Iteration 2512 | train reward: -154.82 | best: 1599.59 | KL: 7.685e-03 | std: 0.1038 | rollout: 4.912s | update: 0.161s | total: 5.074s | samples/s: 12614
Iteration 2513 | train reward: -161.46 | best: 1599.59 | KL: 1.299e-02 | std: 0.1039 | rollout: 5.176s | update: 0.193s | total: 5.370s | samples/s: 11919
Iteration 2514 | train reward: -162.01 | best: 1599.59 | KL: 9.367e-03 | std: 0.1046 | rollout: 4.983s | update: 0.162s | total: 5.145s | samples/s: 12440
Iteration 2515 | train reward: -162.75 | best: 1599.59 | KL: 1.040e-02 | std: 0.1048 | rollout: 4.982s | update: 0.155s | total: 5.136s | samples/s: 12460
Iteration 2516 | train reward: -148.25 | best: 1599.59 | KL: 9.519e-03 | std: 0.1042 | rollout: 5.000s | update: 0.161s | total: 5.162s | samples/s: 12399
Iteration 2517 | train reward: -149.81 | best: 1599.59 | KL: 9.269e-03 | std: 0.1042 | rollout: 4.999s | update: 0.160s | total: 5.160s | samples/s: 12404
Iteration 2518 | train reward: -153.17 | best: 1599.59 | KL: 1.017e-02 | std: 0.1042 | rollout: 4.919s | update: 0.155s | total: 5.074s | samples/s: 12613
Iteration 2519 | train reward: -175.91 | best: 1599.59 | KL: 1.182e-02 | std: 0.1039 | rollout: 4.851s | update: 0.165s | total: 5.016s | samples/s: 12759
Iteration 2520 | train reward: -145.55 | best: 1599.59 | KL: 8.117e-03 | std: 0.1039 | rollout: 4.972s | update: 0.164s | total: 5.136s | samples/s: 12460
Iteration 2521 | train reward: -155.47 | best: 1599.59 | KL: 9.250e-03 | std: 0.1042 | rollout: 5.007s | update: 0.165s | total: 5.172s | samples/s: 12374
Iteration 2522 | train reward: -168.58 | best: 1599.59 | KL: 1.064e-02 | std: 0.1044 | rollout: 4.824s | update: 0.157s | total: 4.981s | samples/s: 12848
Iteration 2523 | train reward: -162.68 | best: 1599.59 | KL: 8.982e-03 | std: 0.1042 | rollout: 5.096s | update: 0.171s | total: 5.267s | samples/s: 12150
Iteration 2524 | train reward: -153.67 | best: 1599.59 | KL: 1.044e-02 | std: 0.1038 | rollout: 4.939s | update: 0.157s | total: 5.096s | samples/s: 12559
Iteration 2525 | train reward: -142.51 | best: 1599.59 | KL: 8.432e-03 | std: 0.1041 | rollout: 5.170s | update: 0.177s | total: 5.347s | samples/s: 11970
Iteration 2526 | train reward: -164.86 | best: 1599.59 | KL: 9.620e-03 | std: 0.1042 | rollout: 5.126s | update: 0.166s | total: 5.292s | samples/s: 12094
Iteration 2527 | train reward: -156.81 | best: 1599.59 | KL: 9.465e-03 | std: 0.1048 | rollout: 4.702s | update: 0.167s | total: 4.869s | samples/s: 13145
Iteration 2528 | train reward: -164.89 | best: 1599.59 | KL: 9.748e-03 | std: 0.1044 | rollout: 5.006s | update: 0.164s | total: 5.171s | samples/s: 12377
Iteration 2529 | train reward: -163.12 | best: 1599.59 | KL: 9.460e-03 | std: 0.1042 | rollout: 5.117s | update: 0.181s | total: 5.298s | samples/s: 12080
Iteration 2530 | train reward: -152.65 | best: 1599.59 | KL: 7.649e-03 | std: 0.1039 | rollout: 5.250s | update: 0.171s | total: 5.421s | samples/s: 11806
Iteration 2531 | train reward: -167.94 | best: 1599.59 | KL: 9.416e-03 | std: 0.1048 | rollout: 5.004s | update: 0.236s | total: 5.240s | samples/s: 12213
Iteration 2532 | train reward: -150.52 | best: 1599.59 | KL: 1.046e-02 | std: 0.1046 | rollout: 4.930s | update: 0.159s | total: 5.089s | samples/s: 12576
Iteration 2533 | train reward: -156.29 | best: 1599.59 | KL: 1.077e-02 | std: 0.1055 | rollout: 4.978s | update: 0.163s | total: 5.140s | samples/s: 12451
Iteration 2534 | train reward: -148.86 | best: 1599.59 | KL: 1.032e-02 | std: 0.1054 | rollout: 4.893s | update: 0.165s | total: 5.058s | samples/s: 12654
Iteration 2535 | train reward: -179.83 | best: 1599.59 | KL: 1.045e-02 | std: 0.1048 | rollout: 5.246s | update: 0.163s | total: 5.408s | samples/s: 11833
Iteration 2536 | train reward: -161.69 | best: 1599.59 | KL: 9.197e-03 | std: 0.1048 | rollout: 4.949s | update: 0.230s | total: 5.179s | samples/s: 12357
Iteration 2537 | train reward: -153.38 | best: 1599.59 | KL: 8.495e-03 | std: 0.1049 | rollout: 4.852s | update: 0.167s | total: 5.018s | samples/s: 12754
Iteration 2538 | train reward: -175.89 | best: 1599.59 | KL: 8.763e-03 | std: 0.1052 | rollout: 5.242s | update: 0.159s | total: 5.402s | samples/s: 11848
Iteration 2539 | train reward: -168.86 | best: 1599.59 | KL: 9.813e-03 | std: 0.1052 | rollout: 5.035s | update: 0.171s | total: 5.206s | samples/s: 12294
Iteration 2540 | train reward: -144.15 | best: 1599.59 | KL: 1.044e-02 | std: 0.1052 | rollout: 4.870s | update: 0.220s | total: 5.090s | samples/s: 12573
Iteration 2541 | train reward: -165.77 | best: 1599.59 | KL: 9.383e-03 | std: 0.1049 | rollout: 4.939s | update: 0.176s | total: 5.115s | samples/s: 12511
Iteration 2542 | train reward: -149.66 | best: 1599.59 | KL: 7.793e-03 | std: 0.1050 | rollout: 4.844s | update: 0.212s | total: 5.056s | samples/s: 12658
Iteration 2543 | train reward: -156.98 | best: 1599.59 | KL: 9.972e-03 | std: 0.1049 | rollout: 4.959s | update: 0.160s | total: 5.118s | samples/s: 12504
Iteration 2544 | train reward: -166.63 | best: 1599.59 | KL: 1.033e-02 | std: 0.1048 | rollout: 4.950s | update: 0.221s | total: 5.171s | samples/s: 12377
Iteration 2545 | train reward: -141.03 | best: 1599.59 | KL: 1.076e-02 | std: 0.1055 | rollout: 5.163s | update: 0.174s | total: 5.337s | samples/s: 11991
Iteration 2546 | train reward: -159.21 | best: 1599.59 | KL: 8.183e-03 | std: 0.1055 | rollout: 5.463s | update: 0.160s | total: 5.624s | samples/s: 11380
Iteration 2547 | train reward: -168.89 | best: 1599.59 | KL: 1.020e-02 | std: 0.1059 | rollout: 4.875s | update: 0.164s | total: 5.039s | samples/s: 12700
Iteration 2548 | train reward: -145.95 | best: 1599.59 | KL: 7.999e-03 | std: 0.1061 | rollout: 5.060s | update: 0.223s | total: 5.284s | samples/s: 12113
Iteration 2549 | train reward: -148.32 | best: 1599.59 | KL: 9.660e-03 | std: 0.1061 | rollout: 5.100s | update: 0.165s | total: 5.264s | samples/s: 12157
Iteration 2550 | train reward: -141.55 | best: 1599.59 | KL: 8.405e-03 | std: 0.1061 | rollout: 4.966s | update: 0.161s | total: 5.127s | samples/s: 12484
Iteration 2551 | train reward: -148.92 | best: 1599.59 | KL: 9.607e-03 | std: 0.1055 | rollout: 4.962s | update: 0.156s | total: 5.118s | samples/s: 12504
Iteration 2552 | train reward: -158.77 | best: 1599.59 | KL: 1.167e-02 | std: 0.1055 | rollout: 4.916s | update: 0.286s | total: 5.202s | samples/s: 12302
Iteration 2553 | train reward: -146.38 | best: 1599.59 | KL: 8.580e-03 | std: 0.1052 | rollout: 4.965s | update: 0.156s | total: 5.121s | samples/s: 12497
Iteration 2554 | train reward: -155.99 | best: 1599.59 | KL: 1.106e-02 | std: 0.1048 | rollout: 5.149s | update: 0.165s | total: 5.314s | samples/s: 12044
Iteration 2555 | train reward: -150.50 | best: 1599.59 | KL: 1.036e-02 | std: 0.1044 | rollout: 5.065s | update: 0.162s | total: 5.227s | samples/s: 12244
Iteration 2556 | train reward: -147.37 | best: 1599.59 | KL: 8.409e-03 | std: 0.1044 | rollout: 4.813s | update: 0.161s | total: 4.973s | samples/s: 12869
Iteration 2557 | train reward: -165.59 | best: 1599.59 | KL: 1.113e-02 | std: 0.1044 | rollout: 5.128s | update: 0.166s | total: 5.294s | samples/s: 12089
Iteration 2558 | train reward: -151.40 | best: 1599.59 | KL: 9.011e-03 | std: 0.1048 | rollout: 4.968s | update: 0.158s | total: 5.126s | samples/s: 12486
Iteration 2559 | train reward: -156.42 | best: 1599.59 | KL: 1.111e-02 | std: 0.1039 | rollout: 5.013s | update: 0.157s | total: 5.169s | samples/s: 12380
Iteration 2560 | train reward: -160.94 | best: 1599.59 | KL: 8.708e-03 | std: 0.1042 | rollout: 4.828s | update: 0.166s | total: 4.995s | samples/s: 12814
Iteration 2561 | train reward: -165.48 | best: 1599.59 | KL: 8.224e-03 | std: 0.1041 | rollout: 5.056s | update: 0.188s | total: 5.243s | samples/s: 12206
Iteration 2562 | train reward: -159.82 | best: 1599.59 | KL: 1.061e-02 | std: 0.1042 | rollout: 5.014s | update: 0.196s | total: 5.210s | samples/s: 12283
Iteration 2563 | train reward: -139.78 | best: 1599.59 | KL: 8.342e-03 | std: 0.1040 | rollout: 4.916s | update: 0.153s | total: 5.069s | samples/s: 12626
Iteration 2564 | train reward: -175.85 | best: 1599.59 | KL: 1.152e-02 | std: 0.1038 | rollout: 4.980s | update: 0.156s | total: 5.135s | samples/s: 12463
Iteration 2565 | train reward: -147.04 | best: 1599.59 | KL: 9.310e-03 | std: 0.1039 | rollout: 5.219s | update: 0.163s | total: 5.382s | samples/s: 11892
Iteration 2566 | train reward: -138.53 | best: 1599.59 | KL: 7.709e-03 | std: 0.1046 | rollout: 5.005s | update: 0.148s | total: 5.153s | samples/s: 12420
Iteration 2567 | train reward: -162.96 | best: 1599.59 | KL: 7.864e-03 | std: 0.1049 | rollout: 4.855s | update: 0.164s | total: 5.019s | samples/s: 12753
Iteration 2568 | train reward: -157.04 | best: 1599.59 | KL: 8.442e-03 | std: 0.1054 | rollout: 5.035s | update: 0.194s | total: 5.228s | samples/s: 12241
Iteration 2569 | train reward: -152.82 | best: 1599.59 | KL: 8.765e-03 | std: 0.1061 | rollout: 5.079s | update: 0.164s | total: 5.243s | samples/s: 12206
Iteration 2570 | train reward: -144.82 | best: 1599.59 | KL: 8.868e-03 | std: 0.1061 | rollout: 5.004s | update: 0.213s | total: 5.216s | samples/s: 12269
Iteration 2571 | train reward: -163.14 | best: 1599.59 | KL: 1.043e-02 | std: 0.1063 | rollout: 4.975s | update: 0.158s | total: 5.133s | samples/s: 12467
Iteration 2572 | train reward: -136.70 | best: 1599.59 | KL: 1.115e-02 | std: 0.1061 | rollout: 5.961s | update: 0.340s | total: 6.301s | samples/s: 10157
Iteration 2573 | train reward: -157.76 | best: 1599.59 | KL: 9.350e-03 | std: 0.1057 | rollout: 5.847s | update: 0.171s | total: 6.018s | samples/s: 10634
Iteration 2574 | train reward: -156.73 | best: 1599.59 | KL: 1.076e-02 | std: 0.1059 | rollout: 5.541s | update: 0.162s | total: 5.704s | samples/s: 11221
Iteration 2575 | train reward: -143.99 | best: 1599.59 | KL: 9.484e-03 | std: 0.1052 | rollout: 5.033s | update: 0.231s | total: 5.264s | samples/s: 12158
Iteration 2576 | train reward: -156.57 | best: 1599.59 | KL: 8.354e-03 | std: 0.1057 | rollout: 5.242s | update: 0.236s | total: 5.478s | samples/s: 11684
Iteration 2577 | train reward: -171.66 | best: 1599.59 | KL: 1.102e-02 | std: 0.1055 | rollout: 5.002s | update: 0.153s | total: 5.155s | samples/s: 12414
Iteration 2578 | train reward: -147.80 | best: 1599.59 | KL: 8.149e-03 | std: 0.1059 | rollout: 4.915s | update: 0.164s | total: 5.078s | samples/s: 12603
Iteration 2579 | train reward: -157.50 | best: 1599.59 | KL: 1.045e-02 | std: 0.1068 | rollout: 4.938s | update: 0.177s | total: 5.115s | samples/s: 12512
Iteration 2580 | train reward: -158.48 | best: 1599.59 | KL: 9.270e-03 | std: 0.1072 | rollout: 4.963s | update: 0.169s | total: 5.132s | samples/s: 12471
Iteration 2581 | train reward: -145.22 | best: 1599.59 | KL: 8.882e-03 | std: 0.1076 | rollout: 4.870s | update: 0.226s | total: 5.096s | samples/s: 12559
Iteration 2582 | train reward: -150.56 | best: 1599.59 | KL: 7.865e-03 | std: 0.1083 | rollout: 5.219s | update: 0.172s | total: 5.391s | samples/s: 11871
Iteration 2583 | train reward: -161.70 | best: 1599.59 | KL: 8.526e-03 | std: 0.1085 | rollout: 4.964s | update: 0.167s | total: 5.130s | samples/s: 12475
Iteration 2584 | train reward: -147.37 | best: 1599.59 | KL: 9.229e-03 | std: 0.1081 | rollout: 5.240s | update: 0.159s | total: 5.399s | samples/s: 11854
Iteration 2585 | train reward: -153.38 | best: 1599.59 | KL: 8.303e-03 | std: 0.1085 | rollout: 5.163s | update: 0.161s | total: 5.323s | samples/s: 12022
Iteration 2586 | train reward: -139.31 | best: 1599.59 | KL: 7.971e-03 | std: 0.1081 | rollout: 5.090s | update: 0.155s | total: 5.245s | samples/s: 12201
Iteration 2587 | train reward: -157.82 | best: 1599.59 | KL: 1.076e-02 | std: 0.1081 | rollout: 5.031s | update: 0.212s | total: 5.243s | samples/s: 12206
Iteration 2588 | train reward: -159.38 | best: 1599.59 | KL: 1.185e-02 | std: 0.1081 | rollout: 4.832s | update: 0.164s | total: 4.996s | samples/s: 12809
Iteration 2589 | train reward: -146.62 | best: 1599.59 | KL: 8.220e-03 | std: 0.1083 | rollout: 5.026s | update: 0.160s | total: 5.186s | samples/s: 12340
Iteration 2590 | train reward: -162.37 | best: 1599.59 | KL: 9.194e-03 | std: 0.1085 | rollout: 4.806s | update: 0.283s | total: 5.089s | samples/s: 12576
Iteration 2591 | train reward: -172.84 | best: 1599.59 | KL: 1.099e-02 | std: 0.1078 | rollout: 4.814s | update: 0.188s | total: 5.002s | samples/s: 12795
Iteration 2592 | train reward: -161.26 | best: 1599.59 | KL: 7.951e-03 | std: 0.1080 | rollout: 5.020s | update: 0.237s | total: 5.257s | samples/s: 12174
Iteration 2593 | train reward: -155.01 | best: 1599.59 | KL: 9.555e-03 | std: 0.1085 | rollout: 4.970s | update: 0.158s | total: 5.128s | samples/s: 12482
Iteration 2594 | train reward: -153.95 | best: 1599.59 | KL: 9.710e-03 | std: 0.1087 | rollout: 4.822s | update: 0.173s | total: 4.995s | samples/s: 12813
Iteration 2595 | train reward: -163.66 | best: 1599.59 | KL: 1.060e-02 | std: 0.1081 | rollout: 5.095s | update: 0.199s | total: 5.294s | samples/s: 12089
Iteration 2596 | train reward: -174.66 | best: 1599.59 | KL: 1.149e-02 | std: 0.1088 | rollout: 5.113s | update: 0.181s | total: 5.295s | samples/s: 12088
Iteration 2597 | train reward: -152.00 | best: 1599.59 | KL: 8.037e-03 | std: 0.1088 | rollout: 5.097s | update: 0.168s | total: 5.265s | samples/s: 12156
Iteration 2598 | train reward: -148.80 | best: 1599.59 | KL: 8.704e-03 | std: 0.1083 | rollout: 5.047s | update: 0.155s | total: 5.202s | samples/s: 12303
Iteration 2599 | train reward: -153.33 | best: 1599.59 | KL: 9.310e-03 | std: 0.1081 | rollout: 4.957s | update: 0.161s | total: 5.118s | samples/s: 12504
Iteration 2600 | train reward: -151.35 | best: 1599.59 | KL: 9.597e-03 | std: 0.1081 | rollout: 4.998s | update: 0.215s | total: 5.213s | samples/s: 12278
Iteration 2601 | train reward: -147.22 | best: 1599.59 | KL: 1.095e-02 | std: 0.1085 | rollout: 4.984s | update: 0.166s | total: 5.150s | samples/s: 12428
Iteration 2602 | train reward: -147.97 | best: 1599.59 | KL: 9.271e-03 | std: 0.1079 | rollout: 5.011s | update: 0.165s | total: 5.177s | samples/s: 12363
Iteration 2603 | train reward: -171.31 | best: 1599.59 | KL: 7.362e-03 | std: 0.1076 | rollout: 5.373s | update: 0.160s | total: 5.533s | samples/s: 11567
Iteration 2604 | train reward: -159.20 | best: 1599.59 | KL: 7.854e-03 | std: 0.1075 | rollout: 5.049s | update: 0.163s | total: 5.212s | samples/s: 12280
Iteration 2605 | train reward: -146.54 | best: 1599.59 | KL: 9.575e-03 | std: 0.1070 | rollout: 5.132s | update: 0.161s | total: 5.293s | samples/s: 12092
Iteration 2606 | train reward: -155.65 | best: 1599.59 | KL: 7.847e-03 | std: 0.1068 | rollout: 5.386s | update: 0.159s | total: 5.545s | samples/s: 11541
Iteration 2607 | train reward: -139.17 | best: 1599.59 | KL: 7.910e-03 | std: 0.1066 | rollout: 5.510s | update: 0.355s | total: 5.864s | samples/s: 10913
Iteration 2608 | train reward: -152.72 | best: 1599.59 | KL: 1.058e-02 | std: 0.1066 | rollout: 4.886s | update: 0.166s | total: 5.053s | samples/s: 12666
Iteration 2609 | train reward: -160.01 | best: 1599.59 | KL: 9.742e-03 | std: 0.1064 | rollout: 5.260s | update: 0.170s | total: 5.430s | samples/s: 11786
Iteration 2610 | train reward: -161.04 | best: 1599.59 | KL: 8.709e-03 | std: 0.1067 | rollout: 5.185s | update: 0.169s | total: 5.354s | samples/s: 11954
Iteration 2611 | train reward: -161.64 | best: 1599.59 | KL: 8.881e-03 | std: 0.1072 | rollout: 5.298s | update: 0.154s | total: 5.451s | samples/s: 11741
Iteration 2612 | train reward: -169.48 | best: 1599.59 | KL: 9.586e-03 | std: 0.1072 | rollout: 5.195s | update: 0.202s | total: 5.397s | samples/s: 11858
Iteration 2613 | train reward: -161.46 | best: 1599.59 | KL: 8.237e-03 | std: 0.1067 | rollout: 4.775s | update: 0.163s | total: 4.939s | samples/s: 12959
Iteration 2614 | train reward: -152.24 | best: 1599.59 | KL: 8.776e-03 | std: 0.1059 | rollout: 4.951s | update: 0.156s | total: 5.107s | samples/s: 12531
Iteration 2615 | train reward: -154.36 | best: 1599.59 | KL: 8.520e-03 | std: 0.1055 | rollout: 4.947s | update: 0.163s | total: 5.109s | samples/s: 12526
Iteration 2616 | train reward: -145.64 | best: 1599.59 | KL: 1.095e-02 | std: 0.1057 | rollout: 4.931s | update: 0.165s | total: 5.096s | samples/s: 12558
Iteration 2617 | train reward: -161.83 | best: 1599.59 | KL: 8.822e-03 | std: 0.1052 | rollout: 5.089s | update: 0.183s | total: 5.272s | samples/s: 12139
Iteration 2618 | train reward: -166.73 | best: 1599.59 | KL: 9.333e-03 | std: 0.1052 | rollout: 4.958s | update: 0.164s | total: 5.123s | samples/s: 12493
Iteration 2619 | train reward: -155.79 | best: 1599.59 | KL: 8.389e-03 | std: 0.1049 | rollout: 5.119s | update: 0.157s | total: 5.276s | samples/s: 12129
Iteration 2620 | train reward: -175.86 | best: 1599.59 | KL: 9.929e-03 | std: 0.1055 | rollout: 4.984s | update: 0.189s | total: 5.173s | samples/s: 12373
Iteration 2621 | train reward: -147.67 | best: 1599.59 | KL: 7.894e-03 | std: 0.1054 | rollout: 4.898s | update: 0.163s | total: 5.061s | samples/s: 12646
Iteration 2622 | train reward: -157.78 | best: 1599.59 | KL: 8.177e-03 | std: 0.1049 | rollout: 4.992s | update: 0.166s | total: 5.158s | samples/s: 12408
Iteration 2623 | train reward: -158.97 | best: 1599.59 | KL: 9.603e-03 | std: 0.1049 | rollout: 5.041s | update: 0.159s | total: 5.200s | samples/s: 12308
Iteration 2624 | train reward: -163.03 | best: 1599.59 | KL: 9.592e-03 | std: 0.1054 | rollout: 4.804s | update: 0.161s | total: 4.965s | samples/s: 12891
Iteration 2625 | train reward: -163.99 | best: 1599.59 | KL: 1.076e-02 | std: 0.1055 | rollout: 4.856s | update: 0.161s | total: 5.018s | samples/s: 12755
Iteration 2626 | train reward: -158.99 | best: 1599.59 | KL: 9.073e-03 | std: 0.1053 | rollout: 4.940s | update: 0.162s | total: 5.102s | samples/s: 12544
Iteration 2627 | train reward: -160.11 | best: 1599.59 | KL: 1.156e-02 | std: 0.1050 | rollout: 4.924s | update: 0.155s | total: 5.080s | samples/s: 12600
Iteration 2628 | train reward: -164.24 | best: 1599.59 | KL: 8.908e-03 | std: 0.1050 | rollout: 5.096s | update: 0.170s | total: 5.266s | samples/s: 12154
Iteration 2629 | train reward: -162.83 | best: 1599.59 | KL: 9.124e-03 | std: 0.1053 | rollout: 5.081s | update: 0.167s | total: 5.249s | samples/s: 12193
Iteration 2630 | train reward: -169.00 | best: 1599.59 | KL: 8.917e-03 | std: 0.1050 | rollout: 5.156s | update: 0.161s | total: 5.317s | samples/s: 12037
Iteration 2631 | train reward: -152.78 | best: 1599.59 | KL: 1.040e-02 | std: 0.1051 | rollout: 5.096s | update: 0.159s | total: 5.255s | samples/s: 12178
Iteration 2632 | train reward: -160.42 | best: 1599.59 | KL: 9.044e-03 | std: 0.1050 | rollout: 4.900s | update: 0.173s | total: 5.073s | samples/s: 12616
Iteration 2633 | train reward: -146.26 | best: 1599.59 | KL: 7.507e-03 | std: 0.1046 | rollout: 5.033s | update: 0.171s | total: 5.204s | samples/s: 12299
Iteration 2634 | train reward: -151.54 | best: 1599.59 | KL: 9.512e-03 | std: 0.1051 | rollout: 5.057s | update: 0.158s | total: 5.215s | samples/s: 12273
Iteration 2635 | train reward: -147.44 | best: 1599.59 | KL: 7.984e-03 | std: 0.1061 | rollout: 4.887s | update: 0.171s | total: 5.058s | samples/s: 12653
Iteration 2636 | train reward: -144.95 | best: 1599.59 | KL: 9.670e-03 | std: 0.1055 | rollout: 4.881s | update: 0.157s | total: 5.039s | samples/s: 12702
Iteration 2637 | train reward: -169.03 | best: 1599.59 | KL: 1.046e-02 | std: 0.1055 | rollout: 5.055s | update: 0.155s | total: 5.209s | samples/s: 12286
Iteration 2638 | train reward: -158.44 | best: 1599.59 | KL: 9.070e-03 | std: 0.1055 | rollout: 4.982s | update: 0.173s | total: 5.155s | samples/s: 12416
Iteration 2639 | train reward: -135.81 | best: 1599.59 | KL: 1.090e-02 | std: 0.1050 | rollout: 4.969s | update: 0.172s | total: 5.141s | samples/s: 12449
Iteration 2640 | train reward: -167.00 | best: 1599.59 | KL: 9.816e-03 | std: 0.1044 | rollout: 5.075s | update: 0.172s | total: 5.247s | samples/s: 12198
Iteration 2641 | train reward: -158.49 | best: 1599.59 | KL: 1.090e-02 | std: 0.1046 | rollout: 5.255s | update: 0.159s | total: 5.413s | samples/s: 11822
Iteration 2642 | train reward: -175.02 | best: 1599.59 | KL: 9.077e-03 | std: 0.1042 | rollout: 4.977s | update: 0.155s | total: 5.132s | samples/s: 12471
Iteration 2643 | train reward: -162.55 | best: 1599.59 | KL: 9.201e-03 | std: 0.1040 | rollout: 5.116s | update: 0.159s | total: 5.275s | samples/s: 12133
Iteration 2644 | train reward: -153.70 | best: 1599.59 | KL: 8.430e-03 | std: 0.1040 | rollout: 5.221s | update: 0.165s | total: 5.386s | samples/s: 11883
Iteration 2645 | train reward: -143.35 | best: 1599.59 | KL: 1.038e-02 | std: 0.1037 | rollout: 4.911s | update: 0.159s | total: 5.069s | samples/s: 12625
Iteration 2646 | train reward: -162.88 | best: 1599.59 | KL: 9.800e-03 | std: 0.1039 | rollout: 4.860s | update: 0.155s | total: 5.015s | samples/s: 12761
Iteration 2647 | train reward: -154.14 | best: 1599.59 | KL: 9.471e-03 | std: 0.1035 | rollout: 5.109s | update: 0.171s | total: 5.280s | samples/s: 12121
Iteration 2648 | train reward: -141.28 | best: 1599.59 | KL: 8.842e-03 | std: 0.1038 | rollout: 5.100s | update: 0.169s | total: 5.270s | samples/s: 12145
Iteration 2649 | train reward: -147.88 | best: 1599.59 | KL: 9.512e-03 | std: 0.1035 | rollout: 4.827s | update: 0.168s | total: 4.995s | samples/s: 12813
Iteration 2650 | train reward: -156.83 | best: 1599.59 | KL: 7.531e-03 | std: 0.1032 | rollout: 4.997s | update: 0.245s | total: 5.243s | samples/s: 12207
Iteration 2651 | train reward: -170.32 | best: 1599.59 | KL: 8.561e-03 | std: 0.1033 | rollout: 5.104s | update: 0.224s | total: 5.328s | samples/s: 12013
Iteration 2652 | train reward: -136.64 | best: 1599.59 | KL: 9.426e-03 | std: 0.1031 | rollout: 4.852s | update: 0.152s | total: 5.004s | samples/s: 12790
Iteration 2653 | train reward: -161.95 | best: 1599.59 | KL: 9.567e-03 | std: 0.1035 | rollout: 4.890s | update: 0.153s | total: 5.044s | samples/s: 12689
Iteration 2654 | train reward: -172.61 | best: 1599.59 | KL: 8.163e-03 | std: 0.1036 | rollout: 4.883s | update: 0.162s | total: 5.044s | samples/s: 12688
Iteration 2655 | train reward: -139.51 | best: 1599.59 | KL: 8.703e-03 | std: 0.1038 | rollout: 4.983s | update: 0.162s | total: 5.145s | samples/s: 12439
Iteration 2656 | train reward: -141.21 | best: 1599.59 | KL: 8.115e-03 | std: 0.1036 | rollout: 5.053s | update: 0.171s | total: 5.224s | samples/s: 12251
Iteration 2657 | train reward: -155.09 | best: 1599.59 | KL: 8.003e-03 | std: 0.1035 | rollout: 4.899s | update: 0.158s | total: 5.057s | samples/s: 12655
Iteration 2658 | train reward: -163.80 | best: 1599.59 | KL: 1.093e-02 | std: 0.1032 | rollout: 4.879s | update: 0.170s | total: 5.049s | samples/s: 12677
Iteration 2659 | train reward: -159.16 | best: 1599.59 | KL: 8.231e-03 | std: 0.1028 | rollout: 5.141s | update: 0.164s | total: 5.305s | samples/s: 12064
Iteration 2660 | train reward: -154.17 | best: 1599.59 | KL: 1.018e-02 | std: 0.1029 | rollout: 5.362s | update: 0.157s | total: 5.518s | samples/s: 11597
Iteration 2661 | train reward: -148.91 | best: 1599.59 | KL: 8.062e-03 | std: 0.1025 | rollout: 5.285s | update: 0.161s | total: 5.446s | samples/s: 11752
Iteration 2662 | train reward: -146.08 | best: 1599.59 | KL: 9.781e-03 | std: 0.1029 | rollout: 4.991s | update: 0.156s | total: 5.148s | samples/s: 12433
Iteration 2663 | train reward: -153.41 | best: 1599.59 | KL: 9.808e-03 | std: 0.1033 | rollout: 4.789s | update: 0.227s | total: 5.016s | samples/s: 12759
Iteration 2664 | train reward: -171.18 | best: 1599.59 | KL: 1.012e-02 | std: 0.1036 | rollout: 5.145s | update: 0.201s | total: 5.346s | samples/s: 11971
Iteration 2665 | train reward: -144.71 | best: 1599.59 | KL: 9.553e-03 | std: 0.1035 | rollout: 4.994s | update: 0.163s | total: 5.157s | samples/s: 12410
Iteration 2666 | train reward: -142.00 | best: 1599.59 | KL: 9.488e-03 | std: 0.1035 | rollout: 5.186s | update: 0.189s | total: 5.375s | samples/s: 11906
Iteration 2667 | train reward: -149.90 | best: 1599.59 | KL: 9.561e-03 | std: 0.1040 | rollout: 5.151s | update: 0.193s | total: 5.344s | samples/s: 11976
Iteration 2668 | train reward: -162.03 | best: 1599.59 | KL: 9.758e-03 | std: 0.1039 | rollout: 5.003s | update: 0.171s | total: 5.174s | samples/s: 12369
Iteration 2669 | train reward: -175.07 | best: 1599.59 | KL: 1.007e-02 | std: 0.1041 | rollout: 4.930s | update: 0.165s | total: 5.095s | samples/s: 12562
Iteration 2670 | train reward: -156.34 | best: 1599.59 | KL: 9.097e-03 | std: 0.1042 | rollout: 4.786s | update: 0.165s | total: 4.950s | samples/s: 12928
Iteration 2671 | train reward: -154.40 | best: 1599.59 | KL: 1.014e-02 | std: 0.1042 | rollout: 5.115s | update: 0.188s | total: 5.304s | samples/s: 12067
Iteration 2672 | train reward: -156.02 | best: 1599.59 | KL: 8.649e-03 | std: 0.1046 | rollout: 5.031s | update: 0.275s | total: 5.306s | samples/s: 12061
Iteration 2673 | train reward: -136.00 | best: 1599.59 | KL: 9.043e-03 | std: 0.1048 | rollout: 4.994s | update: 0.165s | total: 5.159s | samples/s: 12406
Iteration 2674 | train reward: -155.88 | best: 1599.59 | KL: 1.092e-02 | std: 0.1046 | rollout: 4.932s | update: 0.164s | total: 5.096s | samples/s: 12559
Iteration 2675 | train reward: -156.24 | best: 1599.59 | KL: 8.784e-03 | std: 0.1044 | rollout: 5.128s | update: 0.220s | total: 5.348s | samples/s: 11968
Iteration 2676 | train reward: -166.77 | best: 1599.59 | KL: 1.020e-02 | std: 0.1044 | rollout: 5.085s | update: 0.164s | total: 5.250s | samples/s: 12191
Iteration 2677 | train reward: -171.42 | best: 1599.59 | KL: 1.041e-02 | std: 0.1048 | rollout: 5.025s | update: 0.308s | total: 5.333s | samples/s: 12000
Iteration 2678 | train reward: -163.52 | best: 1599.59 | KL: 1.143e-02 | std: 0.1048 | rollout: 5.075s | update: 0.192s | total: 5.267s | samples/s: 12151
Iteration 2679 | train reward: -155.66 | best: 1599.59 | KL: 7.457e-03 | std: 0.1051 | rollout: 4.963s | update: 0.160s | total: 5.123s | samples/s: 12492
Iteration 2680 | train reward: -165.72 | best: 1599.59 | KL: 1.062e-02 | std: 0.1053 | rollout: 4.880s | update: 0.157s | total: 5.037s | samples/s: 12706
Iteration 2681 | train reward: -134.64 | best: 1599.59 | KL: 9.353e-03 | std: 0.1055 | rollout: 4.986s | update: 0.156s | total: 5.142s | samples/s: 12446
Iteration 2682 | train reward: -164.15 | best: 1599.59 | KL: 9.403e-03 | std: 0.1055 | rollout: 4.994s | update: 0.153s | total: 5.147s | samples/s: 12434
Iteration 2683 | train reward: -164.08 | best: 1599.59 | KL: 8.580e-03 | std: 0.1049 | rollout: 5.014s | update: 0.164s | total: 5.177s | samples/s: 12362
Iteration 2684 | train reward: -145.70 | best: 1599.59 | KL: 9.049e-03 | std: 0.1048 | rollout: 4.970s | update: 0.160s | total: 5.130s | samples/s: 12475
Iteration 2685 | train reward: -141.18 | best: 1599.59 | KL: 9.358e-03 | std: 0.1049 | rollout: 5.152s | update: 0.154s | total: 5.306s | samples/s: 12062
Iteration 2686 | train reward: -160.39 | best: 1599.59 | KL: 7.713e-03 | std: 0.1046 | rollout: 4.982s | update: 0.201s | total: 5.182s | samples/s: 12350
Iteration 2687 | train reward: -147.26 | best: 1599.59 | KL: 8.067e-03 | std: 0.1048 | rollout: 5.637s | update: 0.305s | total: 5.942s | samples/s: 10771
Iteration 2688 | train reward: -178.14 | best: 1599.59 | KL: 9.360e-03 | std: 0.1042 | rollout: 5.173s | update: 0.215s | total: 5.388s | samples/s: 11878
Iteration 2689 | train reward: -174.07 | best: 1599.59 | KL: 9.132e-03 | std: 0.1039 | rollout: 4.928s | update: 0.208s | total: 5.136s | samples/s: 12462
Iteration 2690 | train reward: -164.31 | best: 1599.59 | KL: 1.021e-02 | std: 0.1041 | rollout: 5.164s | update: 0.213s | total: 5.377s | samples/s: 11901
Iteration 2691 | train reward: -152.76 | best: 1599.59 | KL: 9.178e-03 | std: 0.1037 | rollout: 5.095s | update: 0.205s | total: 5.299s | samples/s: 12077
Iteration 2692 | train reward: -142.30 | best: 1599.59 | KL: 9.109e-03 | std: 0.1035 | rollout: 4.963s | update: 0.153s | total: 5.116s | samples/s: 12510
Iteration 2693 | train reward: -158.31 | best: 1599.59 | KL: 7.821e-03 | std: 0.1035 | rollout: 4.939s | update: 0.167s | total: 5.106s | samples/s: 12533
Iteration 2694 | train reward: -156.25 | best: 1599.59 | KL: 9.371e-03 | std: 0.1036 | rollout: 5.070s | update: 0.166s | total: 5.237s | samples/s: 12221
Iteration 2695 | train reward: -143.17 | best: 1599.59 | KL: 6.906e-03 | std: 0.1035 | rollout: 4.975s | update: 0.183s | total: 5.158s | samples/s: 12408
Iteration 2696 | train reward: -129.14 | best: 1599.59 | KL: 9.845e-03 | std: 0.1033 | rollout: 4.945s | update: 0.147s | total: 5.092s | samples/s: 12568
Iteration 2697 | train reward: -165.97 | best: 1599.59 | KL: 1.196e-02 | std: 0.1035 | rollout: 5.102s | update: 0.156s | total: 5.258s | samples/s: 12172
Iteration 2698 | train reward: -150.92 | best: 1599.59 | KL: 8.312e-03 | std: 0.1032 | rollout: 5.020s | update: 0.160s | total: 5.180s | samples/s: 12356
Iteration 2699 | train reward: -141.30 | best: 1599.59 | KL: 7.999e-03 | std: 0.1033 | rollout: 5.059s | update: 0.172s | total: 5.231s | samples/s: 12235
Iteration 2700 | train reward: -160.71 | best: 1599.59 | KL: 1.067e-02 | std: 0.1036 | rollout: 5.044s | update: 0.162s | total: 5.207s | samples/s: 12291
Iteration 2701 | train reward: -141.21 | best: 1599.59 | KL: 7.986e-03 | std: 0.1035 | rollout: 5.025s | update: 0.144s | total: 5.170s | samples/s: 12380
Iteration 2702 | train reward: -163.41 | best: 1599.59 | KL: 1.022e-02 | std: 0.1033 | rollout: 5.091s | update: 0.143s | total: 5.233s | samples/s: 12229
Iteration 2703 | train reward: -154.33 | best: 1599.59 | KL: 1.122e-02 | std: 0.1035 | rollout: 5.046s | update: 0.139s | total: 5.184s | samples/s: 12345
Iteration 2704 | train reward: -156.41 | best: 1599.59 | KL: 9.181e-03 | std: 0.1035 | rollout: 5.146s | update: 0.140s | total: 5.286s | samples/s: 12108
Iteration 2705 | train reward: -155.07 | best: 1599.59 | KL: 8.808e-03 | std: 0.1035 | rollout: 5.156s | update: 0.131s | total: 5.287s | samples/s: 12105
Iteration 2706 | train reward: -154.24 | best: 1599.59 | KL: 8.935e-03 | std: 0.1031 | rollout: 5.035s | update: 0.142s | total: 5.176s | samples/s: 12364
Iteration 2707 | train reward: -165.54 | best: 1599.59 | KL: 9.074e-03 | std: 0.1035 | rollout: 5.007s | update: 0.156s | total: 5.163s | samples/s: 12396
Iteration 2708 | train reward: -168.43 | best: 1599.59 | KL: 1.029e-02 | std: 0.1038 | rollout: 5.214s | update: 0.132s | total: 5.346s | samples/s: 11971
Iteration 2709 | train reward: -154.95 | best: 1599.59 | KL: 9.074e-03 | std: 0.1035 | rollout: 5.163s | update: 0.135s | total: 5.298s | samples/s: 12079
Iteration 2710 | train reward: -162.06 | best: 1599.59 | KL: 8.305e-03 | std: 0.1035 | rollout: 5.075s | update: 0.146s | total: 5.222s | samples/s: 12256
Iteration 2711 | train reward: -171.36 | best: 1599.59 | KL: 8.686e-03 | std: 0.1039 | rollout: 4.983s | update: 0.131s | total: 5.114s | samples/s: 12515
Iteration 2712 | train reward: -141.00 | best: 1599.59 | KL: 7.963e-03 | std: 0.1039 | rollout: 5.108s | update: 0.133s | total: 5.241s | samples/s: 12210
Iteration 2713 | train reward: -151.54 | best: 1599.59 | KL: 8.589e-03 | std: 0.1039 | rollout: 5.052s | update: 0.131s | total: 5.184s | samples/s: 12346
Iteration 2714 | train reward: -143.16 | best: 1599.59 | KL: 8.783e-03 | std: 0.1042 | rollout: 5.103s | update: 0.132s | total: 5.236s | samples/s: 12224
Iteration 2715 | train reward: -139.45 | best: 1599.59 | KL: 9.615e-03 | std: 0.1044 | rollout: 5.113s | update: 0.140s | total: 5.253s | samples/s: 12183
Iteration 2716 | train reward: -151.05 | best: 1599.59 | KL: 9.922e-03 | std: 0.1044 | rollout: 5.043s | update: 0.130s | total: 5.173s | samples/s: 12372
Iteration 2717 | train reward: -167.20 | best: 1599.59 | KL: 1.047e-02 | std: 0.1039 | rollout: 5.225s | update: 0.135s | total: 5.360s | samples/s: 11940
Iteration 2718 | train reward: -151.83 | best: 1599.59 | KL: 8.124e-03 | std: 0.1042 | rollout: 5.791s | update: 0.152s | total: 5.944s | samples/s: 10768
Iteration 2719 | train reward: -164.35 | best: 1599.59 | KL: 9.382e-03 | std: 0.1044 | rollout: 4.985s | update: 0.146s | total: 5.131s | samples/s: 12473
Iteration 2720 | train reward: -154.26 | best: 1599.59 | KL: 9.724e-03 | std: 0.1046 | rollout: 4.954s | update: 0.150s | total: 5.104s | samples/s: 12539
Iteration 2721 | train reward: -151.93 | best: 1599.59 | KL: 9.629e-03 | std: 0.1046 | rollout: 5.034s | update: 0.150s | total: 5.184s | samples/s: 12346
Iteration 2722 | train reward: -149.36 | best: 1599.59 | KL: 1.027e-02 | std: 0.1048 | rollout: 5.092s | update: 0.148s | total: 5.240s | samples/s: 12214
Iteration 2723 | train reward: -129.94 | best: 1599.59 | KL: 6.816e-03 | std: 0.1048 | rollout: 4.981s | update: 0.166s | total: 5.148s | samples/s: 12433
Iteration 2724 | train reward: -179.94 | best: 1599.59 | KL: 8.219e-03 | std: 0.1048 | rollout: 4.940s | update: 0.147s | total: 5.087s | samples/s: 12581
Iteration 2725 | train reward: -159.35 | best: 1599.59 | KL: 1.035e-02 | std: 0.1046 | rollout: 4.967s | update: 0.169s | total: 5.136s | samples/s: 12462
Iteration 2726 | train reward: -145.34 | best: 1599.59 | KL: 9.261e-03 | std: 0.1049 | rollout: 4.714s | update: 0.164s | total: 4.878s | samples/s: 13121
Iteration 2727 | train reward: -135.74 | best: 1599.59 | KL: 8.146e-03 | std: 0.1050 | rollout: 4.914s | update: 0.178s | total: 5.092s | samples/s: 12569
Iteration 2728 | train reward: -180.24 | best: 1599.59 | KL: 7.731e-03 | std: 0.1044 | rollout: 4.902s | update: 0.159s | total: 5.061s | samples/s: 12647
Iteration 2729 | train reward: -143.74 | best: 1599.59 | KL: 8.563e-03 | std: 0.1042 | rollout: 4.860s | update: 0.162s | total: 5.022s | samples/s: 12745
Iteration 2730 | train reward: -168.88 | best: 1599.59 | KL: 9.859e-03 | std: 0.1042 | rollout: 4.838s | update: 0.158s | total: 4.996s | samples/s: 12810
Iteration 2731 | train reward: -177.38 | best: 1599.59 | KL: 1.027e-02 | std: 0.1042 | rollout: 5.061s | update: 0.213s | total: 5.274s | samples/s: 12135
Iteration 2732 | train reward: -157.31 | best: 1599.59 | KL: 1.109e-02 | std: 0.1042 | rollout: 4.820s | update: 0.154s | total: 4.973s | samples/s: 12868
Iteration 2733 | train reward: -155.18 | best: 1599.59 | KL: 1.039e-02 | std: 0.1042 | rollout: 4.891s | update: 0.163s | total: 5.054s | samples/s: 12663
Iteration 2734 | train reward: -138.85 | best: 1599.59 | KL: 1.068e-02 | std: 0.1048 | rollout: 4.850s | update: 0.218s | total: 5.068s | samples/s: 12629
Iteration 2735 | train reward: -163.54 | best: 1599.59 | KL: 9.841e-03 | std: 0.1050 | rollout: 4.918s | update: 0.163s | total: 5.081s | samples/s: 12597
Iteration 2736 | train reward: -159.35 | best: 1599.59 | KL: 1.163e-02 | std: 0.1054 | rollout: 4.979s | update: 0.164s | total: 5.143s | samples/s: 12444
Iteration 2737 | train reward: -159.65 | best: 1599.59 | KL: 1.056e-02 | std: 0.1055 | rollout: 4.983s | update: 0.163s | total: 5.147s | samples/s: 12435
Iteration 2738 | train reward: -139.67 | best: 1599.59 | KL: 8.269e-03 | std: 0.1055 | rollout: 4.985s | update: 0.149s | total: 5.134s | samples/s: 12466
Iteration 2739 | train reward: -167.68 | best: 1599.59 | KL: 7.881e-03 | std: 0.1057 | rollout: 5.041s | update: 0.156s | total: 5.196s | samples/s: 12317
Iteration 2740 | train reward: -158.66 | best: 1599.59 | KL: 1.007e-02 | std: 0.1055 | rollout: 5.036s | update: 0.188s | total: 5.224s | samples/s: 12251
Iteration 2741 | train reward: -147.61 | best: 1599.59 | KL: 6.618e-03 | std: 0.1054 | rollout: 5.220s | update: 0.166s | total: 5.387s | samples/s: 11882
Iteration 2742 | train reward: -172.24 | best: 1599.59 | KL: 7.827e-03 | std: 0.1054 | rollout: 5.055s | update: 0.161s | total: 5.216s | samples/s: 12269
Iteration 2743 | train reward: -164.55 | best: 1599.59 | KL: 1.033e-02 | std: 0.1055 | rollout: 5.000s | update: 0.219s | total: 5.220s | samples/s: 12261
Iteration 2744 | train reward: -171.99 | best: 1599.59 | KL: 9.114e-03 | std: 0.1049 | rollout: 5.878s | update: 0.424s | total: 6.303s | samples/s: 10155
Iteration 2745 | train reward: -171.62 | best: 1599.59 | KL: 1.051e-02 | std: 0.1048 | rollout: 5.738s | update: 0.465s | total: 6.202s | samples/s: 10319
Iteration 2746 | train reward: -167.01 | best: 1599.59 | KL: 1.099e-02 | std: 0.1054 | rollout: 5.329s | update: 0.200s | total: 5.529s | samples/s: 11576
Iteration 2747 | train reward: -159.24 | best: 1599.59 | KL: 9.367e-03 | std: 0.1048 | rollout: 5.312s | update: 0.162s | total: 5.474s | samples/s: 11691
Iteration 2748 | train reward: -167.24 | best: 1599.59 | KL: 9.599e-03 | std: 0.1051 | rollout: 4.958s | update: 0.210s | total: 5.169s | samples/s: 12382
Iteration 2749 | train reward: -144.25 | best: 1599.59 | KL: 9.151e-03 | std: 0.1048 | rollout: 4.751s | update: 0.212s | total: 4.964s | samples/s: 12894
Iteration 2750 | train reward: -159.51 | best: 1599.59 | KL: 1.072e-02 | std: 0.1048 | rollout: 5.202s | update: 0.218s | total: 5.420s | samples/s: 11808
Iteration 2751 | train reward: -154.17 | best: 1599.59 | KL: 9.337e-03 | std: 0.1046 | rollout: 4.793s | update: 0.160s | total: 4.953s | samples/s: 12921
Iteration 2752 | train reward: -149.93 | best: 1599.59 | KL: 7.662e-03 | std: 0.1042 | rollout: 5.052s | update: 0.162s | total: 5.214s | samples/s: 12274
Iteration 2753 | train reward: -150.00 | best: 1599.59 | KL: 8.246e-03 | std: 0.1046 | rollout: 4.700s | update: 0.165s | total: 4.865s | samples/s: 13156
Iteration 2754 | train reward: -151.74 | best: 1599.59 | KL: 1.050e-02 | std: 0.1042 | rollout: 5.110s | update: 0.246s | total: 5.356s | samples/s: 11950
Iteration 2755 | train reward: -145.87 | best: 1599.59 | KL: 1.001e-02 | std: 0.1036 | rollout: 5.103s | update: 0.187s | total: 5.289s | samples/s: 12100
Iteration 2756 | train reward: -156.95 | best: 1599.59 | KL: 1.015e-02 | std: 0.1039 | rollout: 4.983s | update: 0.164s | total: 5.147s | samples/s: 12434
Iteration 2757 | train reward: -148.83 | best: 1599.59 | KL: 9.623e-03 | std: 0.1031 | rollout: 4.788s | update: 0.153s | total: 4.941s | samples/s: 12953
Iteration 2758 | train reward: -155.45 | best: 1599.59 | KL: 1.082e-02 | std: 0.1033 | rollout: 4.855s | update: 0.169s | total: 5.024s | samples/s: 12739
Iteration 2759 | train reward: -145.24 | best: 1599.59 | KL: 1.078e-02 | std: 0.1035 | rollout: 5.025s | update: 0.165s | total: 5.190s | samples/s: 12331
Iteration 2760 | train reward: -145.04 | best: 1599.59 | KL: 1.087e-02 | std: 0.1031 | rollout: 4.885s | update: 0.156s | total: 5.041s | samples/s: 12695
Iteration 2761 | train reward: -146.33 | best: 1599.59 | KL: 1.000e-02 | std: 0.1033 | rollout: 4.965s | update: 0.160s | total: 5.126s | samples/s: 12486
Iteration 2762 | train reward: -163.49 | best: 1599.59 | KL: 9.242e-03 | std: 0.1029 | rollout: 5.020s | update: 0.154s | total: 5.174s | samples/s: 12369
Iteration 2763 | train reward: -158.11 | best: 1599.59 | KL: 1.053e-02 | std: 0.1025 | rollout: 4.956s | update: 0.156s | total: 5.112s | samples/s: 12519
Iteration 2764 | train reward: -155.66 | best: 1599.59 | KL: 1.006e-02 | std: 0.1023 | rollout: 4.923s | update: 0.163s | total: 5.086s | samples/s: 12584
Iteration 2765 | train reward: -159.74 | best: 1599.59 | KL: 9.177e-03 | std: 0.1022 | rollout: 5.111s | update: 0.161s | total: 5.272s | samples/s: 12140
Iteration 2766 | train reward: -164.59 | best: 1599.59 | KL: 1.075e-02 | std: 0.1018 | rollout: 4.645s | update: 0.173s | total: 4.817s | samples/s: 13285
Iteration 2767 | train reward: -141.66 | best: 1599.59 | KL: 9.228e-03 | std: 0.1018 | rollout: 4.796s | update: 0.189s | total: 4.986s | samples/s: 12837
Iteration 2768 | train reward: -145.78 | best: 1599.59 | KL: 9.212e-03 | std: 0.1015 | rollout: 5.025s | update: 0.236s | total: 5.261s | samples/s: 12166
Iteration 2769 | train reward: -144.69 | best: 1599.59 | KL: 9.390e-03 | std: 0.1011 | rollout: 4.948s | update: 0.168s | total: 5.116s | samples/s: 12509
Iteration 2770 | train reward: -151.55 | best: 1599.59 | KL: 8.930e-03 | std: 0.1009 | rollout: 4.971s | update: 0.167s | total: 5.139s | samples/s: 12454
Iteration 2771 | train reward: -167.06 | best: 1599.59 | KL: 7.985e-03 | std: 0.1006 | rollout: 5.085s | update: 0.162s | total: 5.247s | samples/s: 12198
Iteration 2772 | train reward: -146.11 | best: 1599.59 | KL: 9.523e-03 | std: 0.1007 | rollout: 4.933s | update: 0.156s | total: 5.088s | samples/s: 12577
Iteration 2773 | train reward: -167.54 | best: 1599.59 | KL: 1.145e-02 | std: 0.1006 | rollout: 5.198s | update: 0.171s | total: 5.369s | samples/s: 11921
Iteration 2774 | train reward: -161.94 | best: 1599.59 | KL: 7.759e-03 | std: 0.1000 | rollout: 4.941s | update: 0.163s | total: 5.104s | samples/s: 12540
Iteration 2775 | train reward: -161.02 | best: 1599.59 | KL: 1.038e-02 | std: 0.1003 | rollout: 4.847s | update: 0.163s | total: 5.010s | samples/s: 12775
Iteration 2776 | train reward: -153.49 | best: 1599.59 | KL: 8.245e-03 | std: 0.1009 | rollout: 5.375s | update: 0.168s | total: 5.543s | samples/s: 11547
Iteration 2777 | train reward: -149.10 | best: 1599.59 | KL: 8.193e-03 | std: 0.1008 | rollout: 5.371s | update: 0.170s | total: 5.542s | samples/s: 11549
Iteration 2778 | train reward: -143.39 | best: 1599.59 | KL: 9.086e-03 | std: 0.1012 | rollout: 4.958s | update: 0.166s | total: 5.124s | samples/s: 12490
Iteration 2779 | train reward: -160.55 | best: 1599.59 | KL: 9.791e-03 | std: 0.1012 | rollout: 4.928s | update: 0.226s | total: 5.154s | samples/s: 12417
Iteration 2780 | train reward: -176.65 | best: 1599.59 | KL: 8.538e-03 | std: 0.1008 | rollout: 5.251s | update: 0.168s | total: 5.420s | samples/s: 11809
Iteration 2781 | train reward: -157.46 | best: 1599.59 | KL: 9.967e-03 | std: 0.1013 | rollout: 5.159s | update: 0.160s | total: 5.319s | samples/s: 12033
Iteration 2782 | train reward: -164.28 | best: 1599.59 | KL: 9.578e-03 | std: 0.1012 | rollout: 4.948s | update: 0.276s | total: 5.224s | samples/s: 12251
Iteration 2783 | train reward: -164.34 | best: 1599.59 | KL: 1.103e-02 | std: 0.1019 | rollout: 5.080s | update: 0.169s | total: 5.249s | samples/s: 12194
Iteration 2784 | train reward: -160.10 | best: 1599.59 | KL: 8.604e-03 | std: 0.1022 | rollout: 4.994s | update: 0.164s | total: 5.158s | samples/s: 12409
Iteration 2785 | train reward: -165.83 | best: 1599.59 | KL: 1.088e-02 | std: 0.1020 | rollout: 5.047s | update: 0.172s | total: 5.219s | samples/s: 12263
Iteration 2786 | train reward: -144.20 | best: 1599.59 | KL: 7.834e-03 | std: 0.1026 | rollout: 5.084s | update: 0.165s | total: 5.249s | samples/s: 12193
Iteration 2787 | train reward: -154.55 | best: 1599.59 | KL: 9.447e-03 | std: 0.1028 | rollout: 4.830s | update: 0.164s | total: 4.994s | samples/s: 12815
Iteration 2788 | train reward: -157.05 | best: 1599.59 | KL: 9.028e-03 | std: 0.1029 | rollout: 4.964s | update: 0.154s | total: 5.118s | samples/s: 12505
Iteration 2789 | train reward: -139.95 | best: 1599.59 | KL: 9.274e-03 | std: 0.1031 | rollout: 4.799s | update: 0.221s | total: 5.019s | samples/s: 12750
Iteration 2790 | train reward: -130.19 | best: 1599.59 | KL: 7.806e-03 | std: 0.1038 | rollout: 5.065s | update: 0.217s | total: 5.282s | samples/s: 12117
Iteration 2791 | train reward: -151.06 | best: 1599.59 | KL: 1.027e-02 | std: 0.1035 | rollout: 5.048s | update: 0.159s | total: 5.207s | samples/s: 12291
Iteration 2792 | train reward: -132.04 | best: 1599.59 | KL: 8.781e-03 | std: 0.1035 | rollout: 5.002s | update: 0.169s | total: 5.171s | samples/s: 12376
Iteration 2793 | train reward: -138.36 | best: 1599.59 | KL: 7.468e-03 | std: 0.1031 | rollout: 4.944s | update: 0.202s | total: 5.146s | samples/s: 12438
Iteration 2794 | train reward: -152.00 | best: 1599.59 | KL: 1.013e-02 | std: 0.1033 | rollout: 5.143s | update: 0.162s | total: 5.305s | samples/s: 12064
Iteration 2795 | train reward: -162.18 | best: 1599.59 | KL: 1.116e-02 | std: 0.1029 | rollout: 5.116s | update: 0.156s | total: 5.272s | samples/s: 12140
Iteration 2796 | train reward: -144.92 | best: 1599.59 | KL: 7.531e-03 | std: 0.1028 | rollout: 5.168s | update: 0.153s | total: 5.321s | samples/s: 12028
Iteration 2797 | train reward: -150.96 | best: 1599.59 | KL: 1.039e-02 | std: 0.1031 | rollout: 4.847s | update: 0.162s | total: 5.009s | samples/s: 12776
Iteration 2798 | train reward: -139.69 | best: 1599.59 | KL: 1.008e-02 | std: 0.1031 | rollout: 5.243s | update: 0.157s | total: 5.400s | samples/s: 11852
Iteration 2799 | train reward: -133.77 | best: 1599.59 | KL: 1.042e-02 | std: 0.1028 | rollout: 4.988s | update: 0.161s | total: 5.150s | samples/s: 12428
Iteration 2800 | train reward: -159.58 | best: 1599.59 | KL: 1.046e-02 | std: 0.1026 | rollout: 5.043s | update: 0.158s | total: 5.201s | samples/s: 12306
Iteration 2801 | train reward: -163.96 | best: 1599.59 | KL: 1.098e-02 | std: 0.1026 | rollout: 4.951s | update: 0.167s | total: 5.117s | samples/s: 12507
Iteration 2802 | train reward: -174.96 | best: 1599.59 | KL: 9.451e-03 | std: 0.1025 | rollout: 5.082s | update: 0.176s | total: 5.258s | samples/s: 12171
Iteration 2803 | train reward: -166.55 | best: 1599.59 | KL: 1.076e-02 | std: 0.1029 | rollout: 4.949s | update: 0.157s | total: 5.106s | samples/s: 12535
Iteration 2804 | train reward: -154.50 | best: 1599.59 | KL: 8.927e-03 | std: 0.1031 | rollout: 4.903s | update: 0.161s | total: 5.065s | samples/s: 12637
Iteration 2805 | train reward: -152.83 | best: 1599.59 | KL: 1.002e-02 | std: 0.1035 | rollout: 4.955s | update: 0.264s | total: 5.219s | samples/s: 12262
Iteration 2806 | train reward: -151.71 | best: 1599.59 | KL: 8.916e-03 | std: 0.1035 | rollout: 4.950s | update: 0.161s | total: 5.111s | samples/s: 12521
Iteration 2807 | train reward: -148.50 | best: 1599.59 | KL: 8.914e-03 | std: 0.1035 | rollout: 4.904s | update: 0.164s | total: 5.069s | samples/s: 12626
Iteration 2808 | train reward: -137.07 | best: 1599.59 | KL: 8.115e-03 | std: 0.1029 | rollout: 4.890s | update: 0.156s | total: 5.047s | samples/s: 12681
Iteration 2809 | train reward: -155.04 | best: 1599.59 | KL: 9.728e-03 | std: 0.1027 | rollout: 4.946s | update: 0.158s | total: 5.104s | samples/s: 12539
Iteration 2810 | train reward: -153.43 | best: 1599.59 | KL: 1.068e-02 | std: 0.1033 | rollout: 4.860s | update: 0.219s | total: 5.079s | samples/s: 12600
Iteration 2811 | train reward: -153.10 | best: 1599.59 | KL: 9.175e-03 | std: 0.1032 | rollout: 5.043s | update: 0.164s | total: 5.207s | samples/s: 12292
Iteration 2812 | train reward: -152.87 | best: 1599.59 | KL: 1.208e-02 | std: 0.1033 | rollout: 5.063s | update: 0.166s | total: 5.229s | samples/s: 12240
Iteration 2813 | train reward: -156.80 | best: 1599.59 | KL: 1.017e-02 | std: 0.1031 | rollout: 5.329s | update: 0.333s | total: 5.662s | samples/s: 11303
Iteration 2814 | train reward: -153.68 | best: 1599.59 | KL: 1.226e-02 | std: 0.1029 | rollout: 5.008s | update: 0.155s | total: 5.163s | samples/s: 12396
Iteration 2815 | train reward: -173.18 | best: 1599.59 | KL: 1.178e-02 | std: 0.1028 | rollout: 4.919s | update: 0.157s | total: 5.076s | samples/s: 12609
Iteration 2816 | train reward: -157.48 | best: 1599.59 | KL: 9.078e-03 | std: 0.1031 | rollout: 4.952s | update: 0.159s | total: 5.110s | samples/s: 12523
Iteration 2817 | train reward: -160.14 | best: 1599.59 | KL: 1.348e-02 | std: 0.1029 | rollout: 5.074s | update: 0.221s | total: 5.294s | samples/s: 12088
Iteration 2818 | train reward: -164.20 | best: 1599.59 | KL: 9.511e-03 | std: 0.1033 | rollout: 4.896s | update: 0.168s | total: 5.064s | samples/s: 12638
Iteration 2819 | train reward: -170.49 | best: 1599.59 | KL: 8.846e-03 | std: 0.1035 | rollout: 5.016s | update: 0.161s | total: 5.177s | samples/s: 12361
Iteration 2820 | train reward: -157.86 | best: 1599.59 | KL: 1.150e-02 | std: 0.1026 | rollout: 4.936s | update: 0.158s | total: 5.094s | samples/s: 12563
Iteration 2821 | train reward: -157.46 | best: 1599.59 | KL: 7.037e-03 | std: 0.1031 | rollout: 4.934s | update: 0.159s | total: 5.093s | samples/s: 12567
Iteration 2822 | train reward: -156.37 | best: 1599.59 | KL: 7.731e-03 | std: 0.1035 | rollout: 4.916s | update: 0.155s | total: 5.071s | samples/s: 12622
Iteration 2823 | train reward: -144.48 | best: 1599.59 | KL: 1.115e-02 | std: 0.1042 | rollout: 4.940s | update: 0.159s | total: 5.099s | samples/s: 12552
Iteration 2824 | train reward: -158.49 | best: 1599.59 | KL: 8.350e-03 | std: 0.1040 | rollout: 5.072s | update: 0.157s | total: 5.228s | samples/s: 12241
Iteration 2825 | train reward: -150.80 | best: 1599.59 | KL: 9.635e-03 | std: 0.1044 | rollout: 4.879s | update: 0.196s | total: 5.075s | samples/s: 12610
Iteration 2826 | train reward: -154.44 | best: 1599.59 | KL: 1.069e-02 | std: 0.1042 | rollout: 5.148s | update: 0.164s | total: 5.312s | samples/s: 12049
Iteration 2827 | train reward: -153.38 | best: 1599.59 | KL: 1.039e-02 | std: 0.1039 | rollout: 4.676s | update: 0.167s | total: 4.843s | samples/s: 13215
Iteration 2828 | train reward: -165.58 | best: 1599.59 | KL: 8.175e-03 | std: 0.1042 | rollout: 5.036s | update: 0.163s | total: 5.199s | samples/s: 12310
Iteration 2829 | train reward: -168.02 | best: 1599.59 | KL: 9.336e-03 | std: 0.1042 | rollout: 5.168s | update: 0.159s | total: 5.327s | samples/s: 12015
Iteration 2830 | train reward: -156.99 | best: 1599.59 | KL: 8.236e-03 | std: 0.1041 | rollout: 5.107s | update: 0.174s | total: 5.281s | samples/s: 12119
Iteration 2831 | train reward: -146.90 | best: 1599.59 | KL: 8.221e-03 | std: 0.1041 | rollout: 4.837s | update: 0.171s | total: 5.008s | samples/s: 12780
Iteration 2832 | train reward: -159.07 | best: 1599.59 | KL: 9.090e-03 | std: 0.1044 | rollout: 4.910s | update: 0.160s | total: 5.070s | samples/s: 12624
Iteration 2833 | train reward: -135.47 | best: 1599.59 | KL: 8.236e-03 | std: 0.1044 | rollout: 4.909s | update: 0.179s | total: 5.088s | samples/s: 12578
Iteration 2834 | train reward: -158.48 | best: 1599.59 | KL: 1.072e-02 | std: 0.1038 | rollout: 5.482s | update: 0.202s | total: 5.684s | samples/s: 11260
Iteration 2835 | train reward: -149.09 | best: 1599.59 | KL: 1.113e-02 | std: 0.1040 | rollout: 5.078s | update: 0.205s | total: 5.283s | samples/s: 12114
Iteration 2836 | train reward: -162.06 | best: 1599.59 | KL: 9.111e-03 | std: 0.1042 | rollout: 5.025s | update: 0.159s | total: 5.184s | samples/s: 12347
Iteration 2837 | train reward: -162.54 | best: 1599.59 | KL: 1.076e-02 | std: 0.1037 | rollout: 5.288s | update: 0.161s | total: 5.450s | samples/s: 11744
Iteration 2838 | train reward: -159.75 | best: 1599.59 | KL: 8.819e-03 | std: 0.1041 | rollout: 5.061s | update: 0.154s | total: 5.215s | samples/s: 12273
Iteration 2839 | train reward: -166.12 | best: 1599.59 | KL: 1.007e-02 | std: 0.1041 | rollout: 4.864s | update: 0.153s | total: 5.017s | samples/s: 12756
Iteration 2840 | train reward: -166.91 | best: 1599.59 | KL: 9.561e-03 | std: 0.1036 | rollout: 4.921s | update: 0.179s | total: 5.100s | samples/s: 12550
Iteration 2841 | train reward: -134.83 | best: 1599.59 | KL: 9.172e-03 | std: 0.1042 | rollout: 4.992s | update: 0.162s | total: 5.155s | samples/s: 12416
Iteration 2842 | train reward: -165.58 | best: 1599.59 | KL: 9.868e-03 | std: 0.1042 | rollout: 5.140s | update: 0.175s | total: 5.314s | samples/s: 12043
Iteration 2843 | train reward: -132.58 | best: 1599.59 | KL: 1.119e-02 | std: 0.1041 | rollout: 4.942s | update: 0.162s | total: 5.104s | samples/s: 12539
Iteration 2844 | train reward: -140.82 | best: 1599.59 | KL: 8.902e-03 | std: 0.1042 | rollout: 5.050s | update: 0.189s | total: 5.239s | samples/s: 12215
Iteration 2845 | train reward: -146.68 | best: 1599.59 | KL: 8.049e-03 | std: 0.1042 | rollout: 4.824s | update: 0.163s | total: 4.987s | samples/s: 12834
Iteration 2846 | train reward: -160.49 | best: 1599.59 | KL: 1.057e-02 | std: 0.1041 | rollout: 4.876s | update: 0.235s | total: 5.111s | samples/s: 12523
Iteration 2847 | train reward: -162.10 | best: 1599.59 | KL: 8.596e-03 | std: 0.1041 | rollout: 4.997s | update: 0.163s | total: 5.161s | samples/s: 12402
Iteration 2848 | train reward: -167.71 | best: 1599.59 | KL: 8.964e-03 | std: 0.1040 | rollout: 5.149s | update: 0.220s | total: 5.369s | samples/s: 11921
Iteration 2849 | train reward: -142.95 | best: 1599.59 | KL: 7.188e-03 | std: 0.1029 | rollout: 5.101s | update: 0.152s | total: 5.253s | samples/s: 12183
Iteration 2850 | train reward: -155.24 | best: 1599.59 | KL: 7.840e-03 | std: 0.1031 | rollout: 5.010s | update: 0.171s | total: 5.181s | samples/s: 12353
Iteration 2851 | train reward: -177.06 | best: 1599.59 | KL: 9.097e-03 | std: 0.1035 | rollout: 5.019s | update: 0.158s | total: 5.178s | samples/s: 12361
Iteration 2852 | train reward: -161.05 | best: 1599.59 | KL: 9.567e-03 | std: 0.1039 | rollout: 5.010s | update: 0.153s | total: 5.163s | samples/s: 12395
Iteration 2853 | train reward: -151.20 | best: 1599.59 | KL: 8.796e-03 | std: 0.1040 | rollout: 4.938s | update: 0.161s | total: 5.099s | samples/s: 12552
Iteration 2854 | train reward: -161.17 | best: 1599.59 | KL: 7.989e-03 | std: 0.1038 | rollout: 5.203s | update: 0.187s | total: 5.390s | samples/s: 11875
Iteration 2855 | train reward: -139.67 | best: 1599.59 | KL: 1.014e-02 | std: 0.1039 | rollout: 5.128s | update: 0.223s | total: 5.351s | samples/s: 11960
Iteration 2856 | train reward: -144.07 | best: 1599.59 | KL: 9.971e-03 | std: 0.1036 | rollout: 4.957s | update: 0.163s | total: 5.120s | samples/s: 12500
Iteration 2857 | train reward: -156.60 | best: 1599.59 | KL: 9.280e-03 | std: 0.1038 | rollout: 5.063s | update: 0.161s | total: 5.224s | samples/s: 12251
Iteration 2858 | train reward: -161.70 | best: 1599.59 | KL: 9.929e-03 | std: 0.1037 | rollout: 5.024s | update: 0.161s | total: 5.185s | samples/s: 12344
Iteration 2859 | train reward: -173.08 | best: 1599.59 | KL: 1.086e-02 | std: 0.1029 | rollout: 4.907s | update: 0.165s | total: 5.073s | samples/s: 12617
Iteration 2860 | train reward: -160.49 | best: 1599.59 | KL: 8.970e-03 | std: 0.1026 | rollout: 5.034s | update: 0.156s | total: 5.190s | samples/s: 12332
Iteration 2861 | train reward: -137.94 | best: 1599.59 | KL: 8.253e-03 | std: 0.1021 | rollout: 4.845s | update: 0.285s | total: 5.130s | samples/s: 12476
Iteration 2862 | train reward: -166.14 | best: 1599.59 | KL: 8.854e-03 | std: 0.1024 | rollout: 4.891s | update: 0.167s | total: 5.058s | samples/s: 12653
Iteration 2863 | train reward: -161.00 | best: 1599.59 | KL: 1.119e-02 | std: 0.1024 | rollout: 5.025s | update: 0.155s | total: 5.180s | samples/s: 12355
Iteration 2864 | train reward: -165.21 | best: 1599.59 | KL: 8.659e-03 | std: 0.1020 | rollout: 4.952s | update: 0.211s | total: 5.163s | samples/s: 12395
Iteration 2865 | train reward: -154.71 | best: 1599.59 | KL: 8.657e-03 | std: 0.1018 | rollout: 5.033s | update: 0.163s | total: 5.196s | samples/s: 12317
Iteration 2866 | train reward: -144.63 | best: 1599.59 | KL: 6.980e-03 | std: 0.1012 | rollout: 5.228s | update: 0.158s | total: 5.387s | samples/s: 11881
Iteration 2867 | train reward: -166.85 | best: 1599.59 | KL: 9.274e-03 | std: 0.1011 | rollout: 4.869s | update: 0.162s | total: 5.031s | samples/s: 12721
Iteration 2868 | train reward: -137.05 | best: 1599.59 | KL: 9.780e-03 | std: 0.1007 | rollout: 4.970s | update: 0.162s | total: 5.133s | samples/s: 12470
Iteration 2869 | train reward: -149.11 | best: 1599.59 | KL: 1.012e-02 | std: 0.1011 | rollout: 4.951s | update: 0.155s | total: 5.106s | samples/s: 12533
Iteration 2870 | train reward: -167.17 | best: 1599.59 | KL: 1.131e-02 | std: 0.1009 | rollout: 5.035s | update: 0.156s | total: 5.191s | samples/s: 12329
Iteration 2871 | train reward: -147.30 | best: 1599.59 | KL: 9.774e-03 | std: 0.1006 | rollout: 4.958s | update: 0.218s | total: 5.175s | samples/s: 12367
Iteration 2872 | train reward: -162.88 | best: 1599.59 | KL: 1.130e-02 | std: 0.1005 | rollout: 5.031s | update: 0.157s | total: 5.188s | samples/s: 12336
Iteration 2873 | train reward: -150.93 | best: 1599.59 | KL: 7.762e-03 | std: 0.1003 | rollout: 4.914s | update: 0.156s | total: 5.069s | samples/s: 12625
Iteration 2874 | train reward: -163.95 | best: 1599.59 | KL: 1.032e-02 | std: 0.0998 | rollout: 4.879s | update: 0.154s | total: 5.033s | samples/s: 12717
Iteration 2875 | train reward: -147.92 | best: 1599.59 | KL: 9.682e-03 | std: 0.0996 | rollout: 4.727s | update: 0.177s | total: 4.904s | samples/s: 13051
Iteration 2876 | train reward: -157.91 | best: 1599.59 | KL: 7.784e-03 | std: 0.0998 | rollout: 5.018s | update: 0.168s | total: 5.187s | samples/s: 12340
Iteration 2877 | train reward: -142.04 | best: 1599.59 | KL: 1.100e-02 | std: 0.0992 | rollout: 5.116s | update: 0.169s | total: 5.286s | samples/s: 12108
Iteration 2878 | train reward: -161.96 | best: 1599.59 | KL: 9.476e-03 | std: 0.0987 | rollout: 4.761s | update: 0.152s | total: 4.913s | samples/s: 13025
Iteration 2879 | train reward: -145.86 | best: 1599.59 | KL: 1.009e-02 | std: 0.0983 | rollout: 4.968s | update: 0.164s | total: 5.132s | samples/s: 12471
Iteration 2880 | train reward: -154.89 | best: 1599.59 | KL: 9.377e-03 | std: 0.0981 | rollout: 4.817s | update: 0.164s | total: 4.981s | samples/s: 12848
Iteration 2881 | train reward: -147.10 | best: 1599.59 | KL: 8.790e-03 | std: 0.0980 | rollout: 5.056s | update: 0.164s | total: 5.220s | samples/s: 12261
Iteration 2882 | train reward: -174.26 | best: 1599.59 | KL: 8.969e-03 | std: 0.0979 | rollout: 4.937s | update: 0.153s | total: 5.089s | samples/s: 12575
Iteration 2883 | train reward: -149.05 | best: 1599.59 | KL: 1.017e-02 | std: 0.0980 | rollout: 5.111s | update: 0.180s | total: 5.291s | samples/s: 12097
Iteration 2884 | train reward: -165.65 | best: 1599.59 | KL: 1.097e-02 | std: 0.0980 | rollout: 4.847s | update: 0.168s | total: 5.015s | samples/s: 12762
Iteration 2885 | train reward: -157.07 | best: 1599.59 | KL: 1.057e-02 | std: 0.0985 | rollout: 5.036s | update: 0.154s | total: 5.190s | samples/s: 12331
Iteration 2886 | train reward: -144.59 | best: 1599.59 | KL: 9.651e-03 | std: 0.0992 | rollout: 4.896s | update: 0.160s | total: 5.056s | samples/s: 12658
Iteration 2887 | train reward: -165.72 | best: 1599.59 | KL: 1.047e-02 | std: 0.0992 | rollout: 4.942s | update: 0.153s | total: 5.095s | samples/s: 12562
Iteration 2888 | train reward: -162.16 | best: 1599.59 | KL: 1.021e-02 | std: 0.1002 | rollout: 4.913s | update: 0.163s | total: 5.076s | samples/s: 12608
Iteration 2889 | train reward: -150.78 | best: 1599.59 | KL: 9.850e-03 | std: 0.1002 | rollout: 5.064s | update: 0.170s | total: 5.235s | samples/s: 12226
Iteration 2890 | train reward: -160.81 | best: 1599.59 | KL: 9.375e-03 | std: 0.1003 | rollout: 5.201s | update: 0.167s | total: 5.367s | samples/s: 11924
Iteration 2891 | train reward: -156.08 | best: 1599.59 | KL: 9.440e-03 | std: 0.1000 | rollout: 5.039s | update: 0.337s | total: 5.375s | samples/s: 11906
Iteration 2892 | train reward: -151.91 | best: 1599.59 | KL: 7.206e-03 | std: 0.1000 | rollout: 5.557s | update: 0.224s | total: 5.781s | samples/s: 11071
Iteration 2893 | train reward: -161.88 | best: 1599.59 | KL: 1.248e-02 | std: 0.0996 | rollout: 5.254s | update: 0.155s | total: 5.409s | samples/s: 11832
Iteration 2894 | train reward: -154.33 | best: 1599.59 | KL: 1.016e-02 | std: 0.0993 | rollout: 4.804s | update: 0.204s | total: 5.008s | samples/s: 12779
Iteration 2895 | train reward: -133.60 | best: 1599.59 | KL: 8.631e-03 | std: 0.0992 | rollout: 5.026s | update: 0.170s | total: 5.196s | samples/s: 12317
Iteration 2896 | train reward: -133.47 | best: 1599.59 | KL: 8.425e-03 | std: 0.0992 | rollout: 5.216s | update: 0.169s | total: 5.385s | samples/s: 11885
Iteration 2897 | train reward: -178.72 | best: 1599.59 | KL: 9.392e-03 | std: 0.0992 | rollout: 4.895s | update: 0.161s | total: 5.056s | samples/s: 12658
Iteration 2898 | train reward: -170.76 | best: 1599.59 | KL: 1.047e-02 | std: 0.0994 | rollout: 4.973s | update: 0.167s | total: 5.140s | samples/s: 12451
Iteration 2899 | train reward: -154.28 | best: 1599.59 | KL: 1.201e-02 | std: 0.1002 | rollout: 4.974s | update: 0.156s | total: 5.130s | samples/s: 12475
Iteration 2900 | train reward: -145.19 | best: 1599.59 | KL: 8.714e-03 | std: 0.1003 | rollout: 4.937s | update: 0.195s | total: 5.131s | samples/s: 12472
Iteration 2901 | train reward: -161.22 | best: 1599.59 | KL: 8.521e-03 | std: 0.1005 | rollout: 5.104s | update: 0.161s | total: 5.265s | samples/s: 12155
Iteration 2902 | train reward: -166.17 | best: 1599.59 | KL: 7.477e-03 | std: 0.1006 | rollout: 5.275s | update: 0.169s | total: 5.444s | samples/s: 11756
Iteration 2903 | train reward: -138.61 | best: 1599.59 | KL: 8.003e-03 | std: 0.1002 | rollout: 4.976s | update: 0.153s | total: 5.130s | samples/s: 12477
Iteration 2904 | train reward: -147.29 | best: 1599.59 | KL: 9.235e-03 | std: 0.1007 | rollout: 5.226s | update: 0.172s | total: 5.399s | samples/s: 11855
Iteration 2905 | train reward: -150.03 | best: 1599.59 | KL: 1.104e-02 | std: 0.1002 | rollout: 4.961s | update: 0.234s | total: 5.195s | samples/s: 12319
Iteration 2906 | train reward: -162.15 | best: 1599.59 | KL: 1.008e-02 | std: 0.1003 | rollout: 4.783s | update: 0.154s | total: 4.937s | samples/s: 12962
Iteration 2907 | train reward: -159.57 | best: 1599.59 | KL: 9.246e-03 | std: 0.0998 | rollout: 4.977s | update: 0.219s | total: 5.196s | samples/s: 12317
Iteration 2908 | train reward: -158.92 | best: 1599.59 | KL: 1.021e-02 | std: 0.1000 | rollout: 4.847s | update: 0.165s | total: 5.012s | samples/s: 12769
Iteration 2909 | train reward: -172.94 | best: 1599.59 | KL: 8.505e-03 | std: 0.0998 | rollout: 4.931s | update: 0.154s | total: 5.085s | samples/s: 12587
Iteration 2910 | train reward: -163.68 | best: 1599.59 | KL: 9.656e-03 | std: 0.0998 | rollout: 5.076s | update: 0.173s | total: 5.249s | samples/s: 12192
Iteration 2911 | train reward: -154.97 | best: 1599.59 | KL: 9.780e-03 | std: 0.0996 | rollout: 4.935s | update: 0.156s | total: 5.091s | samples/s: 12571
Iteration 2912 | train reward: -147.43 | best: 1599.59 | KL: 1.034e-02 | std: 0.0990 | rollout: 4.770s | update: 0.156s | total: 4.926s | samples/s: 12993
Iteration 2913 | train reward: -158.71 | best: 1599.59 | KL: 8.933e-03 | std: 0.0986 | rollout: 4.970s | update: 0.209s | total: 5.180s | samples/s: 12356
Iteration 2914 | train reward: -144.89 | best: 1599.59 | KL: 9.576e-03 | std: 0.0990 | rollout: 5.019s | update: 0.153s | total: 5.172s | samples/s: 12374
Iteration 2915 | train reward: -153.68 | best: 1599.59 | KL: 1.037e-02 | std: 0.0992 | rollout: 5.159s | update: 0.163s | total: 5.322s | samples/s: 12026
Iteration 2916 | train reward: -152.54 | best: 1599.59 | KL: 7.323e-03 | std: 0.0990 | rollout: 5.311s | update: 0.219s | total: 5.530s | samples/s: 11573
Iteration 2917 | train reward: -158.16 | best: 1599.59 | KL: 9.354e-03 | std: 0.0987 | rollout: 5.726s | update: 0.185s | total: 5.911s | samples/s: 10827
Iteration 2918 | train reward: -158.20 | best: 1599.59 | KL: 7.080e-03 | std: 0.0983 | rollout: 6.376s | update: 0.362s | total: 6.738s | samples/s: 9498
Iteration 2919 | train reward: -148.48 | best: 1599.59 | KL: 8.265e-03 | std: 0.0982 | rollout: 5.207s | update: 0.282s | total: 5.489s | samples/s: 11660
Iteration 2920 | train reward: -166.62 | best: 1599.59 | KL: 9.607e-03 | std: 0.0979 | rollout: 4.919s | update: 0.162s | total: 5.081s | samples/s: 12596
Iteration 2921 | train reward: -161.78 | best: 1599.59 | KL: 1.014e-02 | std: 0.0977 | rollout: 4.985s | update: 0.162s | total: 5.146s | samples/s: 12436
Iteration 2922 | train reward: -145.72 | best: 1599.59 | KL: 9.312e-03 | std: 0.0972 | rollout: 4.999s | update: 0.171s | total: 5.170s | samples/s: 12379
Iteration 2923 | train reward: -154.16 | best: 1599.59 | KL: 8.299e-03 | std: 0.0973 | rollout: 4.925s | update: 0.158s | total: 5.083s | samples/s: 12591
Iteration 2924 | train reward: -168.82 | best: 1599.59 | KL: 8.660e-03 | std: 0.0964 | rollout: 5.024s | update: 0.224s | total: 5.248s | samples/s: 12195
Iteration 2925 | train reward: -145.67 | best: 1599.59 | KL: 8.478e-03 | std: 0.0966 | rollout: 5.095s | update: 0.175s | total: 5.270s | samples/s: 12144
Iteration 2926 | train reward: -152.89 | best: 1599.59 | KL: 7.903e-03 | std: 0.0963 | rollout: 5.023s | update: 0.194s | total: 5.217s | samples/s: 12267
Iteration 2927 | train reward: -153.49 | best: 1599.59 | KL: 1.036e-02 | std: 0.0960 | rollout: 4.891s | update: 0.161s | total: 5.051s | samples/s: 12670
Iteration 2928 | train reward: -144.61 | best: 1599.59 | KL: 1.172e-02 | std: 0.0961 | rollout: 4.983s | update: 0.156s | total: 5.139s | samples/s: 12454
Iteration 2929 | train reward: -149.54 | best: 1599.59 | KL: 9.176e-03 | std: 0.0966 | rollout: 5.017s | update: 0.166s | total: 5.183s | samples/s: 12348
Iteration 2930 | train reward: -185.65 | best: 1599.59 | KL: 8.784e-03 | std: 0.0971 | rollout: 5.115s | update: 0.160s | total: 5.275s | samples/s: 12132
Iteration 2931 | train reward: -154.40 | best: 1599.59 | KL: 9.026e-03 | std: 0.0969 | rollout: 5.087s | update: 0.208s | total: 5.295s | samples/s: 12086
Iteration 2932 | train reward: -157.03 | best: 1599.59 | KL: 9.918e-03 | std: 0.0964 | rollout: 4.905s | update: 0.166s | total: 5.071s | samples/s: 12621
Iteration 2933 | train reward: -162.54 | best: 1599.59 | KL: 1.004e-02 | std: 0.0961 | rollout: 5.238s | update: 0.213s | total: 5.451s | samples/s: 11741
Iteration 2934 | train reward: -146.61 | best: 1599.59 | KL: 9.142e-03 | std: 0.0957 | rollout: 4.933s | update: 0.203s | total: 5.136s | samples/s: 12461
Iteration 2935 | train reward: -152.15 | best: 1599.59 | KL: 9.476e-03 | std: 0.0956 | rollout: 5.020s | update: 0.154s | total: 5.173s | samples/s: 12371
Iteration 2936 | train reward: -164.81 | best: 1599.59 | KL: 9.896e-03 | std: 0.0953 | rollout: 4.984s | update: 0.167s | total: 5.150s | samples/s: 12426
Iteration 2937 | train reward: -140.37 | best: 1599.59 | KL: 8.689e-03 | std: 0.0951 | rollout: 4.897s | update: 0.157s | total: 5.054s | samples/s: 12662
Iteration 2938 | train reward: -143.88 | best: 1599.59 | KL: 9.627e-03 | std: 0.0948 | rollout: 4.977s | update: 0.205s | total: 5.182s | samples/s: 12351
Iteration 2939 | train reward: -141.84 | best: 1599.59 | KL: 1.064e-02 | std: 0.0950 | rollout: 5.102s | update: 0.166s | total: 5.269s | samples/s: 12147
Iteration 2940 | train reward: -160.07 | best: 1599.59 | KL: 1.187e-02 | std: 0.0953 | rollout: 5.377s | update: 0.191s | total: 5.568s | samples/s: 11495
Iteration 2941 | train reward: -164.22 | best: 1599.59 | KL: 1.019e-02 | std: 0.0953 | rollout: 4.903s | update: 0.165s | total: 5.068s | samples/s: 12628
Iteration 2942 | train reward: -158.45 | best: 1599.59 | KL: 1.074e-02 | std: 0.0950 | rollout: 5.022s | update: 0.156s | total: 5.177s | samples/s: 12362
Iteration 2943 | train reward: -148.85 | best: 1599.59 | KL: 6.855e-03 | std: 0.0948 | rollout: 5.078s | update: 0.163s | total: 5.240s | samples/s: 12213
Iteration 2944 | train reward: -175.76 | best: 1599.59 | KL: 1.035e-02 | std: 0.0948 | rollout: 5.078s | update: 0.144s | total: 5.222s | samples/s: 12255
Iteration 2945 | train reward: -160.35 | best: 1599.59 | KL: 1.001e-02 | std: 0.0945 | rollout: 4.848s | update: 0.156s | total: 5.004s | samples/s: 12789
Iteration 2946 | train reward: -158.44 | best: 1599.59 | KL: 1.046e-02 | std: 0.0945 | rollout: 4.907s | update: 0.163s | total: 5.070s | samples/s: 12623
Iteration 2947 | train reward: -163.14 | best: 1599.59 | KL: 7.255e-03 | std: 0.0946 | rollout: 5.034s | update: 0.173s | total: 5.206s | samples/s: 12293
Iteration 2948 | train reward: -145.37 | best: 1599.59 | KL: 1.243e-02 | std: 0.0948 | rollout: 5.018s | update: 0.153s | total: 5.172s | samples/s: 12375
Iteration 2949 | train reward: -149.67 | best: 1599.59 | KL: 1.076e-02 | std: 0.0946 | rollout: 5.378s | update: 0.179s | total: 5.557s | samples/s: 11517
Iteration 2950 | train reward: -153.74 | best: 1599.59 | KL: 9.055e-03 | std: 0.0950 | rollout: 5.119s | update: 0.180s | total: 5.299s | samples/s: 12078
Iteration 2951 | train reward: -161.24 | best: 1599.59 | KL: 8.548e-03 | std: 0.0948 | rollout: 5.235s | update: 0.240s | total: 5.475s | samples/s: 11690
Iteration 2952 | train reward: -161.47 | best: 1599.59 | KL: 9.376e-03 | std: 0.0951 | rollout: 5.162s | update: 0.162s | total: 5.324s | samples/s: 12022
Iteration 2953 | train reward: -157.51 | best: 1599.59 | KL: 9.137e-03 | std: 0.0947 | rollout: 5.543s | update: 0.179s | total: 5.722s | samples/s: 11185
Iteration 2954 | train reward: -158.56 | best: 1599.59 | KL: 8.782e-03 | std: 0.0951 | rollout: 5.000s | update: 0.163s | total: 5.164s | samples/s: 12394
Iteration 2955 | train reward: -150.69 | best: 1599.59 | KL: 8.355e-03 | std: 0.0950 | rollout: 4.895s | update: 0.168s | total: 5.063s | samples/s: 12641
Iteration 2956 | train reward: -163.88 | best: 1599.59 | KL: 7.153e-03 | std: 0.0950 | rollout: 5.154s | update: 0.160s | total: 5.314s | samples/s: 12044
Iteration 2957 | train reward: -141.77 | best: 1599.59 | KL: 9.433e-03 | std: 0.0947 | rollout: 5.038s | update: 0.166s | total: 5.204s | samples/s: 12298
Iteration 2958 | train reward: -144.90 | best: 1599.59 | KL: 8.046e-03 | std: 0.0946 | rollout: 4.969s | update: 0.162s | total: 5.131s | samples/s: 12474
Iteration 2959 | train reward: -153.97 | best: 1599.59 | KL: 7.571e-03 | std: 0.0948 | rollout: 5.035s | update: 0.134s | total: 5.169s | samples/s: 12381
Iteration 2960 | train reward: -146.93 | best: 1599.59 | KL: 1.029e-02 | std: 0.0942 | rollout: 5.046s | update: 0.157s | total: 5.203s | samples/s: 12301
Iteration 2961 | train reward: -150.05 | best: 1599.59 | KL: 8.393e-03 | std: 0.0942 | rollout: 5.143s | update: 0.134s | total: 5.277s | samples/s: 12127
Iteration 2962 | train reward: -130.73 | best: 1599.59 | KL: 8.735e-03 | std: 0.0947 | rollout: 5.141s | update: 0.131s | total: 5.272s | samples/s: 12140
Iteration 2963 | train reward: -165.35 | best: 1599.59 | KL: 1.058e-02 | std: 0.0951 | rollout: 5.257s | update: 0.150s | total: 5.407s | samples/s: 11837
Iteration 2964 | train reward: -155.46 | best: 1599.59 | KL: 1.029e-02 | std: 0.0948 | rollout: 5.152s | update: 0.166s | total: 5.318s | samples/s: 12034
Iteration 2965 | train reward: -134.48 | best: 1599.59 | KL: 9.117e-03 | std: 0.0950 | rollout: 4.993s | update: 0.198s | total: 5.191s | samples/s: 12329
Iteration 2966 | train reward: -159.10 | best: 1599.59 | KL: 8.730e-03 | std: 0.0953 | rollout: 4.946s | update: 0.167s | total: 5.113s | samples/s: 12517
Iteration 2967 | train reward: -140.76 | best: 1599.59 | KL: 7.705e-03 | std: 0.0955 | rollout: 5.004s | update: 0.149s | total: 5.153s | samples/s: 12421
Iteration 2968 | train reward: -150.48 | best: 1599.59 | KL: 7.784e-03 | std: 0.0951 | rollout: 5.032s | update: 0.154s | total: 5.186s | samples/s: 12340
Iteration 2969 | train reward: -150.43 | best: 1599.59 | KL: 8.468e-03 | std: 0.0951 | rollout: 4.991s | update: 0.147s | total: 5.139s | samples/s: 12455
Iteration 2970 | train reward: -158.66 | best: 1599.59 | KL: 9.632e-03 | std: 0.0947 | rollout: 5.285s | update: 0.195s | total: 5.480s | samples/s: 11679
Iteration 2971 | train reward: -161.84 | best: 1599.59 | KL: 9.728e-03 | std: 0.0946 | rollout: 5.060s | update: 0.150s | total: 5.209s | samples/s: 12285
Iteration 2972 | train reward: -127.10 | best: 1599.59 | KL: 9.389e-03 | std: 0.0948 | rollout: 5.173s | update: 0.191s | total: 5.364s | samples/s: 11931
Iteration 2973 | train reward: -146.04 | best: 1599.59 | KL: 8.863e-03 | std: 0.0950 | rollout: 5.053s | update: 0.161s | total: 5.215s | samples/s: 12273
Iteration 2974 | train reward: -173.80 | best: 1599.59 | KL: 1.082e-02 | std: 0.0951 | rollout: 4.995s | update: 0.154s | total: 5.149s | samples/s: 12430
Iteration 2975 | train reward: -154.77 | best: 1599.59 | KL: 1.069e-02 | std: 0.0954 | rollout: 5.038s | update: 0.161s | total: 5.199s | samples/s: 12310
Iteration 2976 | train reward: -153.28 | best: 1599.59 | KL: 8.012e-03 | std: 0.0951 | rollout: 4.892s | update: 0.149s | total: 5.041s | samples/s: 12696
Iteration 2977 | train reward: -182.37 | best: 1599.59 | KL: 9.285e-03 | std: 0.0954 | rollout: 5.124s | update: 0.159s | total: 5.284s | samples/s: 12113
Iteration 2978 | train reward: -176.61 | best: 1599.59 | KL: 8.731e-03 | std: 0.0956 | rollout: 4.919s | update: 0.143s | total: 5.062s | samples/s: 12642
Iteration 2979 | train reward: -152.02 | best: 1599.59 | KL: 9.303e-03 | std: 0.0951 | rollout: 4.935s | update: 0.159s | total: 5.093s | samples/s: 12565
Iteration 2980 | train reward: -140.74 | best: 1599.59 | KL: 1.048e-02 | std: 0.0954 | rollout: 4.869s | update: 0.158s | total: 5.027s | samples/s: 12731
Iteration 2981 | train reward: -154.97 | best: 1599.59 | KL: 8.897e-03 | std: 0.0956 | rollout: 4.882s | update: 0.166s | total: 5.048s | samples/s: 12677
Iteration 2982 | train reward: -154.75 | best: 1599.59 | KL: 9.641e-03 | std: 0.0963 | rollout: 4.802s | update: 0.156s | total: 4.959s | samples/s: 12907
Iteration 2983 | train reward: -135.08 | best: 1599.59 | KL: 7.374e-03 | std: 0.0966 | rollout: 4.935s | update: 0.159s | total: 5.093s | samples/s: 12565
Iteration 2984 | train reward: -135.83 | best: 1599.59 | KL: 6.828e-03 | std: 0.0967 | rollout: 5.032s | update: 0.252s | total: 5.284s | samples/s: 12112
Iteration 2985 | train reward: -156.32 | best: 1599.59 | KL: 8.799e-03 | std: 0.0966 | rollout: 4.985s | update: 0.166s | total: 5.151s | samples/s: 12425
Iteration 2986 | train reward: -146.26 | best: 1599.59 | KL: 7.496e-03 | std: 0.0966 | rollout: 4.802s | update: 0.152s | total: 4.953s | samples/s: 12920
Iteration 2987 | train reward: -155.09 | best: 1599.59 | KL: 1.232e-02 | std: 0.0966 | rollout: 4.971s | update: 0.158s | total: 5.129s | samples/s: 12478
Iteration 2988 | train reward: -161.15 | best: 1599.59 | KL: 9.192e-03 | std: 0.0970 | rollout: 5.014s | update: 0.167s | total: 5.180s | samples/s: 12355
Iteration 2989 | train reward: -144.68 | best: 1599.59 | KL: 7.626e-03 | std: 0.0964 | rollout: 5.020s | update: 0.163s | total: 5.183s | samples/s: 12349
Iteration 2990 | train reward: -153.46 | best: 1599.59 | KL: 7.883e-03 | std: 0.0967 | rollout: 5.052s | update: 0.160s | total: 5.212s | samples/s: 12280
Iteration 2991 | train reward: -148.55 | best: 1599.59 | KL: 6.832e-03 | std: 0.0964 | rollout: 5.138s | update: 0.162s | total: 5.301s | samples/s: 12074
Iteration 2992 | train reward: -151.48 | best: 1599.59 | KL: 7.932e-03 | std: 0.0961 | rollout: 4.970s | update: 0.152s | total: 5.122s | samples/s: 12495
Iteration 2993 | train reward: -161.76 | best: 1599.59 | KL: 8.980e-03 | std: 0.0961 | rollout: 5.091s | update: 0.165s | total: 5.256s | samples/s: 12176
Iteration 2994 | train reward: -150.90 | best: 1599.59 | KL: 9.123e-03 | std: 0.0964 | rollout: 4.943s | update: 0.163s | total: 5.106s | samples/s: 12534
Iteration 2995 | train reward: -147.21 | best: 1599.59 | KL: 7.771e-03 | std: 0.0966 | rollout: 4.893s | update: 0.158s | total: 5.051s | samples/s: 12671
Iteration 2996 | train reward: -159.14 | best: 1599.59 | KL: 1.013e-02 | std: 0.0966 | rollout: 5.113s | update: 0.198s | total: 5.311s | samples/s: 12051
Iteration 2997 | train reward: -141.11 | best: 1599.59 | KL: 1.076e-02 | std: 0.0960 | rollout: 5.076s | update: 0.178s | total: 5.253s | samples/s: 12183
Iteration 2998 | train reward: -137.10 | best: 1599.59 | KL: 8.309e-03 | std: 0.0961 | rollout: 5.084s | update: 0.163s | total: 5.247s | samples/s: 12197
Iteration 2999 | train reward: -153.03 | best: 1599.59 | KL: 9.391e-03 | std: 0.0963 | rollout: 4.884s | update: 0.154s | total: 5.038s | samples/s: 12703
Iteration 3000 | train reward: -154.37 | best: 1599.59 | KL: 1.092e-02 | std: 0.0961 | rollout: 4.927s | update: 0.155s | total: 5.082s | samples/s: 12593
Iteration 3001 | train reward: -136.15 | best: 1599.59 | KL: 1.031e-02 | std: 0.0964 | rollout: 5.035s | update: 0.160s | total: 5.194s | samples/s: 12321
Iteration 3002 | train reward: -145.88 | best: 1599.59 | KL: 8.333e-03 | std: 0.0966 | rollout: 4.921s | update: 0.170s | total: 5.092s | samples/s: 12570
Iteration 3003 | train reward: -150.83 | best: 1599.59 | KL: 1.068e-02 | std: 0.0964 | rollout: 4.889s | update: 0.164s | total: 5.053s | samples/s: 12666
Iteration 3004 | train reward: -159.31 | best: 1599.59 | KL: 1.164e-02 | std: 0.0969 | rollout: 4.893s | update: 0.160s | total: 5.052s | samples/s: 12668
Iteration 3005 | train reward: -148.29 | best: 1599.59 | KL: 7.972e-03 | std: 0.0970 | rollout: 4.986s | update: 0.171s | total: 5.157s | samples/s: 12411
Iteration 3006 | train reward: -165.62 | best: 1599.59 | KL: 1.025e-02 | std: 0.0970 | rollout: 5.092s | update: 0.167s | total: 5.259s | samples/s: 12170
Iteration 3007 | train reward: -154.03 | best: 1599.59 | KL: 8.739e-03 | std: 0.0973 | rollout: 5.356s | update: 0.186s | total: 5.542s | samples/s: 11549
Iteration 3008 | train reward: -125.64 | best: 1599.59 | KL: 8.610e-03 | std: 0.0970 | rollout: 5.205s | update: 0.190s | total: 5.395s | samples/s: 11863
Iteration 3009 | train reward: -165.26 | best: 1599.59 | KL: 1.049e-02 | std: 0.0969 | rollout: 5.153s | update: 0.160s | total: 5.313s | samples/s: 12046
Iteration 3010 | train reward: -159.43 | best: 1599.59 | KL: 8.177e-03 | std: 0.0967 | rollout: 5.135s | update: 0.171s | total: 5.306s | samples/s: 12062
Iteration 3011 | train reward: -143.18 | best: 1599.59 | KL: 8.257e-03 | std: 0.0964 | rollout: 5.182s | update: 0.156s | total: 5.338s | samples/s: 11990
Iteration 3012 | train reward: -159.52 | best: 1599.59 | KL: 1.004e-02 | std: 0.0966 | rollout: 4.955s | update: 0.160s | total: 5.116s | samples/s: 12511
Iteration 3013 | train reward: -125.71 | best: 1599.59 | KL: 8.360e-03 | std: 0.0961 | rollout: 5.152s | update: 0.203s | total: 5.355s | samples/s: 11951
Iteration 3014 | train reward: -170.73 | best: 1599.59 | KL: 1.159e-02 | std: 0.0954 | rollout: 5.036s | update: 0.225s | total: 5.261s | samples/s: 12164
Iteration 3015 | train reward: -144.33 | best: 1599.59 | KL: 8.141e-03 | std: 0.0953 | rollout: 4.893s | update: 0.161s | total: 5.054s | samples/s: 12664
Iteration 3016 | train reward: -155.82 | best: 1599.59 | KL: 1.136e-02 | std: 0.0957 | rollout: 4.852s | update: 0.167s | total: 5.019s | samples/s: 12751
Iteration 3017 | train reward: -155.35 | best: 1599.59 | KL: 1.159e-02 | std: 0.0961 | rollout: 5.112s | update: 0.210s | total: 5.321s | samples/s: 12027
Iteration 3018 | train reward: -144.00 | best: 1599.59 | KL: 1.140e-02 | std: 0.0959 | rollout: 4.930s | update: 0.162s | total: 5.092s | samples/s: 12569
Iteration 3019 | train reward: -134.89 | best: 1599.59 | KL: 1.036e-02 | std: 0.0963 | rollout: 4.951s | update: 0.155s | total: 5.106s | samples/s: 12533
Iteration 3020 | train reward: -158.41 | best: 1599.59 | KL: 7.770e-03 | std: 0.0961 | rollout: 4.945s | update: 0.172s | total: 5.117s | samples/s: 12506
Iteration 3021 | train reward: -155.75 | best: 1599.59 | KL: 9.233e-03 | std: 0.0961 | rollout: 4.746s | update: 0.160s | total: 4.906s | samples/s: 13045
Iteration 3022 | train reward: -137.64 | best: 1599.59 | KL: 9.061e-03 | std: 0.0961 | rollout: 4.861s | update: 0.165s | total: 5.025s | samples/s: 12735
Iteration 3023 | train reward: -154.56 | best: 1599.59 | KL: 8.392e-03 | std: 0.0961 | rollout: 4.998s | update: 0.246s | total: 5.244s | samples/s: 12205
Iteration 3024 | train reward: -154.49 | best: 1599.59 | KL: 9.610e-03 | std: 0.0964 | rollout: 4.911s | update: 0.155s | total: 5.066s | samples/s: 12633
Iteration 3025 | train reward: -155.46 | best: 1599.59 | KL: 1.026e-02 | std: 0.0968 | rollout: 4.912s | update: 0.321s | total: 5.233s | samples/s: 12230
Iteration 3026 | train reward: -149.94 | best: 1599.59 | KL: 8.633e-03 | std: 0.0966 | rollout: 5.052s | update: 0.162s | total: 5.214s | samples/s: 12276
Iteration 3027 | train reward: -157.53 | best: 1599.59 | KL: 1.033e-02 | std: 0.0964 | rollout: 5.123s | update: 0.162s | total: 5.285s | samples/s: 12110
Iteration 3028 | train reward: -151.12 | best: 1599.59 | KL: 9.296e-03 | std: 0.0960 | rollout: 5.283s | update: 0.152s | total: 5.435s | samples/s: 11775
Iteration 3029 | train reward: -132.81 | best: 1599.59 | KL: 8.860e-03 | std: 0.0963 | rollout: 4.992s | update: 0.162s | total: 5.154s | samples/s: 12418
Iteration 3030 | train reward: -164.71 | best: 1599.59 | KL: 1.039e-02 | std: 0.0970 | rollout: 5.157s | update: 0.167s | total: 5.324s | samples/s: 12022
Iteration 3031 | train reward: -160.34 | best: 1599.59 | KL: 9.773e-03 | std: 0.0969 | rollout: 5.188s | update: 0.170s | total: 5.358s | samples/s: 11945
Iteration 3032 | train reward: -176.47 | best: 1599.59 | KL: 8.564e-03 | std: 0.0963 | rollout: 5.025s | update: 0.160s | total: 5.185s | samples/s: 12343
Iteration 3033 | train reward: -160.63 | best: 1599.59 | KL: 1.157e-02 | std: 0.0966 | rollout: 4.916s | update: 0.166s | total: 5.082s | samples/s: 12595
Iteration 3034 | train reward: -131.16 | best: 1599.59 | KL: 9.885e-03 | std: 0.0970 | rollout: 4.872s | update: 0.216s | total: 5.088s | samples/s: 12578
Iteration 3035 | train reward: -149.80 | best: 1599.59 | KL: 9.563e-03 | std: 0.0973 | rollout: 4.715s | update: 0.161s | total: 4.877s | samples/s: 13124
Iteration 3036 | train reward: -166.73 | best: 1599.59 | KL: 9.756e-03 | std: 0.0973 | rollout: 5.212s | update: 0.158s | total: 5.370s | samples/s: 11919
Iteration 3037 | train reward: -141.39 | best: 1599.59 | KL: 9.025e-03 | std: 0.0976 | rollout: 4.943s | update: 0.159s | total: 5.103s | samples/s: 12543
Iteration 3038 | train reward: -147.22 | best: 1599.59 | KL: 9.867e-03 | std: 0.0970 | rollout: 4.868s | update: 0.168s | total: 5.036s | samples/s: 12709
Iteration 3039 | train reward: -178.03 | best: 1599.59 | KL: 1.163e-02 | std: 0.0971 | rollout: 4.928s | update: 0.160s | total: 5.088s | samples/s: 12580
Iteration 3040 | train reward: -155.39 | best: 1599.59 | KL: 9.644e-03 | std: 0.0970 | rollout: 5.123s | update: 0.216s | total: 5.340s | samples/s: 11986
Iteration 3041 | train reward: -152.93 | best: 1599.59 | KL: 8.351e-03 | std: 0.0964 | rollout: 4.917s | update: 0.154s | total: 5.071s | samples/s: 12620
Iteration 3042 | train reward: -165.07 | best: 1599.59 | KL: 9.554e-03 | std: 0.0966 | rollout: 4.839s | update: 0.165s | total: 5.004s | samples/s: 12789
Iteration 3043 | train reward: -155.94 | best: 1599.59 | KL: 1.147e-02 | std: 0.0966 | rollout: 5.121s | update: 0.154s | total: 5.275s | samples/s: 12132
Iteration 3044 | train reward: -138.58 | best: 1599.59 | KL: 9.894e-03 | std: 0.0974 | rollout: 5.014s | update: 0.214s | total: 5.227s | samples/s: 12244
Iteration 3045 | train reward: -150.11 | best: 1599.59 | KL: 8.657e-03 | std: 0.0974 | rollout: 5.041s | update: 0.223s | total: 5.264s | samples/s: 12158
Iteration 3046 | train reward: -138.22 | best: 1599.59 | KL: 9.434e-03 | std: 0.0972 | rollout: 5.091s | update: 0.155s | total: 5.246s | samples/s: 12200
Iteration 3047 | train reward: -134.79 | best: 1599.59 | KL: 8.812e-03 | std: 0.0980 | rollout: 4.992s | update: 0.163s | total: 5.155s | samples/s: 12416
Iteration 3048 | train reward: -152.72 | best: 1599.59 | KL: 1.008e-02 | std: 0.0979 | rollout: 4.975s | update: 0.151s | total: 5.126s | samples/s: 12486
Iteration 3049 | train reward: -153.33 | best: 1599.59 | KL: 1.087e-02 | std: 0.0979 | rollout: 5.008s | update: 0.174s | total: 5.182s | samples/s: 12349
Iteration 3050 | train reward: -148.04 | best: 1599.59 | KL: 9.902e-03 | std: 0.0974 | rollout: 5.028s | update: 0.167s | total: 5.195s | samples/s: 12320
Iteration 3051 | train reward: -148.35 | best: 1599.59 | KL: 1.126e-02 | std: 0.0976 | rollout: 4.845s | update: 0.162s | total: 5.007s | samples/s: 12781
Iteration 3052 | train reward: -163.65 | best: 1599.59 | KL: 9.020e-03 | std: 0.0974 | rollout: 5.020s | update: 0.177s | total: 5.197s | samples/s: 12315
Iteration 3053 | train reward: -169.41 | best: 1599.59 | KL: 1.163e-02 | std: 0.0977 | rollout: 5.037s | update: 0.156s | total: 5.193s | samples/s: 12324
Iteration 3054 | train reward: -156.02 | best: 1599.59 | KL: 7.766e-03 | std: 0.0977 | rollout: 5.155s | update: 0.164s | total: 5.319s | samples/s: 12032
Iteration 3055 | train reward: -159.33 | best: 1599.59 | KL: 1.030e-02 | std: 0.0979 | rollout: 4.970s | update: 0.302s | total: 5.272s | samples/s: 12140
Iteration 3056 | train reward: -144.20 | best: 1599.59 | KL: 9.705e-03 | std: 0.0980 | rollout: 5.076s | update: 0.159s | total: 5.235s | samples/s: 12225
Iteration 3057 | train reward: -142.27 | best: 1599.59 | KL: 1.070e-02 | std: 0.0977 | rollout: 5.226s | update: 0.152s | total: 5.378s | samples/s: 11900
Iteration 3058 | train reward: -153.42 | best: 1599.59 | KL: 9.429e-03 | std: 0.0982 | rollout: 5.014s | update: 0.162s | total: 5.176s | samples/s: 12364
Iteration 3059 | train reward: -143.85 | best: 1599.59 | KL: 8.797e-03 | std: 0.0979 | rollout: 5.146s | update: 0.172s | total: 5.318s | samples/s: 12034
Iteration 3060 | train reward: -150.66 | best: 1599.59 | KL: 9.243e-03 | std: 0.0983 | rollout: 4.974s | update: 0.213s | total: 5.186s | samples/s: 12340
Iteration 3061 | train reward: -148.05 | best: 1599.59 | KL: 9.709e-03 | std: 0.0979 | rollout: 4.873s | update: 0.156s | total: 5.029s | samples/s: 12727
Iteration 3062 | train reward: -148.96 | best: 1599.59 | KL: 8.704e-03 | std: 0.0986 | rollout: 4.943s | update: 0.163s | total: 5.105s | samples/s: 12536
Iteration 3063 | train reward: -145.52 | best: 1599.59 | KL: 8.594e-03 | std: 0.0984 | rollout: 4.702s | update: 0.159s | total: 4.861s | samples/s: 13165
Iteration 3064 | train reward: -148.98 | best: 1599.59 | KL: 1.155e-02 | std: 0.0990 | rollout: 4.858s | update: 0.158s | total: 5.016s | samples/s: 12758
Iteration 3065 | train reward: -172.55 | best: 1599.59 | KL: 1.071e-02 | std: 0.0992 | rollout: 5.577s | update: 0.232s | total: 5.808s | samples/s: 11019
Iteration 3066 | train reward: -160.63 | best: 1599.59 | KL: 9.608e-03 | std: 0.0990 | rollout: 5.307s | update: 0.206s | total: 5.513s | samples/s: 11609
Iteration 3067 | train reward: -166.00 | best: 1599.59 | KL: 1.131e-02 | std: 0.0989 | rollout: 4.896s | update: 0.168s | total: 5.064s | samples/s: 12637
Iteration 3068 | train reward: -156.95 | best: 1599.59 | KL: 9.933e-03 | std: 0.0986 | rollout: 4.916s | update: 0.213s | total: 5.128s | samples/s: 12479
Iteration 3069 | train reward: -156.21 | best: 1599.59 | KL: 8.575e-03 | std: 0.0983 | rollout: 5.515s | update: 0.147s | total: 5.662s | samples/s: 11303
Iteration 3070 | train reward: -162.71 | best: 1599.59 | KL: 9.215e-03 | std: 0.0984 | rollout: 5.042s | update: 0.154s | total: 5.196s | samples/s: 12317
Iteration 3071 | train reward: -163.50 | best: 1599.59 | KL: 8.527e-03 | std: 0.0983 | rollout: 4.990s | update: 0.146s | total: 5.136s | samples/s: 12460
Iteration 3072 | train reward: -146.23 | best: 1599.59 | KL: 9.736e-03 | std: 0.0977 | rollout: 4.996s | update: 0.149s | total: 5.145s | samples/s: 12439
Iteration 3073 | train reward: -137.40 | best: 1599.59 | KL: 8.797e-03 | std: 0.0977 | rollout: 4.924s | update: 0.155s | total: 5.078s | samples/s: 12603
Iteration 3074 | train reward: -145.62 | best: 1599.59 | KL: 8.027e-03 | std: 0.0974 | rollout: 5.021s | update: 0.159s | total: 5.180s | samples/s: 12356
Iteration 3075 | train reward: -148.07 | best: 1599.59 | KL: 9.194e-03 | std: 0.0974 | rollout: 5.067s | update: 0.147s | total: 5.214s | samples/s: 12274
Iteration 3076 | train reward: -156.73 | best: 1599.59 | KL: 9.151e-03 | std: 0.0970 | rollout: 4.970s | update: 0.150s | total: 5.120s | samples/s: 12500
Iteration 3077 | train reward: -150.06 | best: 1599.59 | KL: 1.002e-02 | std: 0.0970 | rollout: 4.918s | update: 0.167s | total: 5.085s | samples/s: 12587
Iteration 3078 | train reward: -147.22 | best: 1599.59 | KL: 8.957e-03 | std: 0.0964 | rollout: 5.043s | update: 0.155s | total: 5.198s | samples/s: 12312
Iteration 3079 | train reward: -151.28 | best: 1599.59 | KL: 9.504e-03 | std: 0.0964 | rollout: 4.897s | update: 0.165s | total: 5.062s | samples/s: 12644
Iteration 3080 | train reward: -148.16 | best: 1599.59 | KL: 8.396e-03 | std: 0.0961 | rollout: 5.002s | update: 0.176s | total: 5.177s | samples/s: 12361
Iteration 3081 | train reward: -149.00 | best: 1599.59 | KL: 1.228e-02 | std: 0.0959 | rollout: 4.957s | update: 0.167s | total: 5.124s | samples/s: 12490
Iteration 3082 | train reward: -138.22 | best: 1599.59 | KL: 1.085e-02 | std: 0.0957 | rollout: 4.832s | update: 0.154s | total: 4.986s | samples/s: 12836
Iteration 3083 | train reward: -146.62 | best: 1599.59 | KL: 1.169e-02 | std: 0.0960 | rollout: 4.796s | update: 0.161s | total: 4.956s | samples/s: 12912
Iteration 3084 | train reward: -129.88 | best: 1599.59 | KL: 8.689e-03 | std: 0.0957 | rollout: 4.986s | update: 0.163s | total: 5.149s | samples/s: 12430
Iteration 3085 | train reward: -154.67 | best: 1599.59 | KL: 9.581e-03 | std: 0.0955 | rollout: 5.017s | update: 0.163s | total: 5.180s | samples/s: 12356
Iteration 3086 | train reward: -164.91 | best: 1599.59 | KL: 9.740e-03 | std: 0.0961 | rollout: 5.021s | update: 0.161s | total: 5.182s | samples/s: 12352
Iteration 3087 | train reward: -157.45 | best: 1599.59 | KL: 8.687e-03 | std: 0.0961 | rollout: 4.940s | update: 0.256s | total: 5.196s | samples/s: 12317
Iteration 3088 | train reward: -144.13 | best: 1599.59 | KL: 7.589e-03 | std: 0.0967 | rollout: 5.164s | update: 0.230s | total: 5.395s | samples/s: 11864
Iteration 3089 | train reward: -160.12 | best: 1599.59 | KL: 9.654e-03 | std: 0.0964 | rollout: 6.384s | update: 0.283s | total: 6.666s | samples/s: 9600
Iteration 3090 | train reward: -147.10 | best: 1599.59 | KL: 8.025e-03 | std: 0.0968 | rollout: 5.773s | update: 0.297s | total: 6.070s | samples/s: 10543
Iteration 3091 | train reward: -146.93 | best: 1599.59 | KL: 9.764e-03 | std: 0.0961 | rollout: 5.387s | update: 0.200s | total: 5.587s | samples/s: 11454
Iteration 3092 | train reward: -156.95 | best: 1599.59 | KL: 9.007e-03 | std: 0.0961 | rollout: 4.663s | update: 0.158s | total: 4.822s | samples/s: 13273
Iteration 3093 | train reward: -170.25 | best: 1599.59 | KL: 1.363e-02 | std: 0.0967 | rollout: 5.062s | update: 0.178s | total: 5.240s | samples/s: 12214
Iteration 3094 | train reward: -155.43 | best: 1599.59 | KL: 1.008e-02 | std: 0.0963 | rollout: 5.172s | update: 0.157s | total: 5.330s | samples/s: 12008
Iteration 3095 | train reward: -147.79 | best: 1599.59 | KL: 8.614e-03 | std: 0.0961 | rollout: 5.136s | update: 0.163s | total: 5.300s | samples/s: 12076
Iteration 3096 | train reward: -148.55 | best: 1599.59 | KL: 8.984e-03 | std: 0.0964 | rollout: 4.938s | update: 0.174s | total: 5.112s | samples/s: 12520
Iteration 3097 | train reward: -149.79 | best: 1599.59 | KL: 9.848e-03 | std: 0.0967 | rollout: 4.792s | update: 0.173s | total: 4.965s | samples/s: 12891
Iteration 3098 | train reward: -161.06 | best: 1599.59 | KL: 8.942e-03 | std: 0.0970 | rollout: 4.930s | update: 0.173s | total: 5.104s | samples/s: 12540
Iteration 3099 | train reward: -142.30 | best: 1599.59 | KL: 8.356e-03 | std: 0.0974 | rollout: 4.928s | update: 0.183s | total: 5.111s | samples/s: 12522
Iteration 3100 | train reward: -173.51 | best: 1599.59 | KL: 9.876e-03 | std: 0.0973 | rollout: 5.181s | update: 0.172s | total: 5.353s | samples/s: 11956
Iteration 3101 | train reward: -149.55 | best: 1599.59 | KL: 8.557e-03 | std: 0.0970 | rollout: 4.954s | update: 0.160s | total: 5.114s | samples/s: 12514
Iteration 3102 | train reward: -159.53 | best: 1599.59 | KL: 8.909e-03 | std: 0.0972 | rollout: 4.917s | update: 0.153s | total: 5.070s | samples/s: 12623
Iteration 3103 | train reward: -162.46 | best: 1599.59 | KL: 9.342e-03 | std: 0.0970 | rollout: 4.749s | update: 0.160s | total: 4.909s | samples/s: 13037
Iteration 3104 | train reward: -160.84 | best: 1599.59 | KL: 9.831e-03 | std: 0.0966 | rollout: 5.516s | update: 0.171s | total: 5.687s | samples/s: 11254
Iteration 3105 | train reward: -156.12 | best: 1599.59 | KL: 9.217e-03 | std: 0.0964 | rollout: 5.107s | update: 0.219s | total: 5.326s | samples/s: 12017
Iteration 3106 | train reward: -141.57 | best: 1599.59 | KL: 1.103e-02 | std: 0.0966 | rollout: 5.508s | update: 0.255s | total: 5.763s | samples/s: 11105
Iteration 3107 | train reward: -149.16 | best: 1599.59 | KL: 7.910e-03 | std: 0.0964 | rollout: 5.347s | update: 0.335s | total: 5.682s | samples/s: 11264
Iteration 3108 | train reward: -162.52 | best: 1599.59 | KL: 1.036e-02 | std: 0.0963 | rollout: 5.404s | update: 0.178s | total: 5.582s | samples/s: 11465
Iteration 3109 | train reward: -153.91 | best: 1599.59 | KL: 9.076e-03 | std: 0.0958 | rollout: 4.925s | update: 0.157s | total: 5.082s | samples/s: 12593
Iteration 3110 | train reward: -153.33 | best: 1599.59 | KL: 9.148e-03 | std: 0.0956 | rollout: 4.661s | update: 0.189s | total: 4.849s | samples/s: 13197
Iteration 3111 | train reward: -148.89 | best: 1599.59 | KL: 1.134e-02 | std: 0.0950 | rollout: 4.928s | update: 0.155s | total: 5.083s | samples/s: 12592
Iteration 3112 | train reward: -146.53 | best: 1599.59 | KL: 9.201e-03 | std: 0.0950 | rollout: 5.036s | update: 0.162s | total: 5.198s | samples/s: 12312
Iteration 3113 | train reward: -166.13 | best: 1599.59 | KL: 9.599e-03 | std: 0.0951 | rollout: 5.330s | update: 0.209s | total: 5.539s | samples/s: 11554
Iteration 3114 | train reward: -148.72 | best: 1599.59 | KL: 9.453e-03 | std: 0.0951 | rollout: 4.989s | update: 0.169s | total: 5.158s | samples/s: 12407
Iteration 3115 | train reward: -156.46 | best: 1599.59 | KL: 8.430e-03 | std: 0.0951 | rollout: 4.989s | update: 0.160s | total: 5.150s | samples/s: 12428
Iteration 3116 | train reward: -162.00 | best: 1599.59 | KL: 1.051e-02 | std: 0.0957 | rollout: 4.943s | update: 0.153s | total: 5.096s | samples/s: 12559
Iteration 3117 | train reward: -155.82 | best: 1599.59 | KL: 8.679e-03 | std: 0.0954 | rollout: 4.867s | update: 0.173s | total: 5.040s | samples/s: 12699
Iteration 3118 | train reward: -141.97 | best: 1599.59 | KL: 1.001e-02 | std: 0.0953 | rollout: 5.134s | update: 0.303s | total: 5.437s | samples/s: 11771
Iteration 3119 | train reward: -154.57 | best: 1599.59 | KL: 9.215e-03 | std: 0.0954 | rollout: 5.100s | update: 0.211s | total: 5.311s | samples/s: 12051
Iteration 3120 | train reward: -151.63 | best: 1599.59 | KL: 8.648e-03 | std: 0.0951 | rollout: 4.956s | update: 0.155s | total: 5.111s | samples/s: 12522
Iteration 3121 | train reward: -178.16 | best: 1599.59 | KL: 9.930e-03 | std: 0.0946 | rollout: 5.084s | update: 0.170s | total: 5.254s | samples/s: 12181
Iteration 3122 | train reward: -149.10 | best: 1599.59 | KL: 9.146e-03 | std: 0.0948 | rollout: 5.521s | update: 0.220s | total: 5.741s | samples/s: 11148
Iteration 3123 | train reward: -130.36 | best: 1599.59 | KL: 1.006e-02 | std: 0.0948 | rollout: 5.144s | update: 0.171s | total: 5.315s | samples/s: 12042
Iteration 3124 | train reward: -157.46 | best: 1599.59 | KL: 7.113e-03 | std: 0.0948 | rollout: 4.910s | update: 0.158s | total: 5.068s | samples/s: 12628
Iteration 3125 | train reward: -154.65 | best: 1599.59 | KL: 9.037e-03 | std: 0.0948 | rollout: 5.065s | update: 0.156s | total: 5.221s | samples/s: 12259
Iteration 3126 | train reward: -152.71 | best: 1599.59 | KL: 1.074e-02 | std: 0.0943 | rollout: 5.118s | update: 0.224s | total: 5.342s | samples/s: 11981
Iteration 3127 | train reward: -141.07 | best: 1599.59 | KL: 9.258e-03 | std: 0.0942 | rollout: 4.902s | update: 0.155s | total: 5.057s | samples/s: 12655
Iteration 3128 | train reward: -154.44 | best: 1599.59 | KL: 7.959e-03 | std: 0.0944 | rollout: 4.967s | update: 0.156s | total: 5.123s | samples/s: 12493
Iteration 3129 | train reward: -159.52 | best: 1599.59 | KL: 7.702e-03 | std: 0.0945 | rollout: 5.083s | update: 0.202s | total: 5.285s | samples/s: 12110
Iteration 3130 | train reward: -155.36 | best: 1599.59 | KL: 9.071e-03 | std: 0.0947 | rollout: 4.987s | update: 0.159s | total: 5.145s | samples/s: 12439
Iteration 3131 | train reward: -163.88 | best: 1599.59 | KL: 1.090e-02 | std: 0.0946 | rollout: 4.989s | update: 0.220s | total: 5.209s | samples/s: 12286
Iteration 3132 | train reward: -154.50 | best: 1599.59 | KL: 9.522e-03 | std: 0.0951 | rollout: 5.036s | update: 0.184s | total: 5.220s | samples/s: 12259
Iteration 3133 | train reward: -166.12 | best: 1599.59 | KL: 9.365e-03 | std: 0.0951 | rollout: 5.096s | update: 0.174s | total: 5.270s | samples/s: 12145
Iteration 3134 | train reward: -153.30 | best: 1599.59 | KL: 9.346e-03 | std: 0.0954 | rollout: 4.873s | update: 0.248s | total: 5.120s | samples/s: 12499
Iteration 3135 | train reward: -145.68 | best: 1599.59 | KL: 8.852e-03 | std: 0.0950 | rollout: 4.869s | update: 0.155s | total: 5.024s | samples/s: 12738
Iteration 3136 | train reward: -156.61 | best: 1599.59 | KL: 8.566e-03 | std: 0.0948 | rollout: 5.073s | update: 0.227s | total: 5.300s | samples/s: 12075
Iteration 3137 | train reward: -148.84 | best: 1599.59 | KL: 9.456e-03 | std: 0.0953 | rollout: 5.184s | update: 0.160s | total: 5.344s | samples/s: 11976
Iteration 3138 | train reward: -156.28 | best: 1599.59 | KL: 1.009e-02 | std: 0.0947 | rollout: 4.976s | update: 0.157s | total: 5.133s | samples/s: 12469
Iteration 3139 | train reward: -157.20 | best: 1599.59 | KL: 8.095e-03 | std: 0.0948 | rollout: 5.167s | update: 0.156s | total: 5.323s | samples/s: 12023
Iteration 3140 | train reward: -159.85 | best: 1599.59 | KL: 1.067e-02 | std: 0.0946 | rollout: 5.090s | update: 0.172s | total: 5.262s | samples/s: 12162
Iteration 3141 | train reward: -125.79 | best: 1599.59 | KL: 9.119e-03 | std: 0.0947 | rollout: 5.131s | update: 0.159s | total: 5.289s | samples/s: 12100
Iteration 3142 | train reward: -149.91 | best: 1599.59 | KL: 9.387e-03 | std: 0.0944 | rollout: 5.076s | update: 0.240s | total: 5.316s | samples/s: 12038
Iteration 3143 | train reward: -149.54 | best: 1599.59 | KL: 8.499e-03 | std: 0.0945 | rollout: 5.121s | update: 0.205s | total: 5.325s | samples/s: 12018
Iteration 3144 | train reward: -147.13 | best: 1599.59 | KL: 8.627e-03 | std: 0.0946 | rollout: 5.137s | update: 0.190s | total: 5.327s | samples/s: 12015
Iteration 3145 | train reward: -144.56 | best: 1599.59 | KL: 1.017e-02 | std: 0.0946 | rollout: 4.927s | update: 0.166s | total: 5.094s | samples/s: 12564
Iteration 3146 | train reward: -145.52 | best: 1599.59 | KL: 9.840e-03 | std: 0.0944 | rollout: 5.152s | update: 0.222s | total: 5.374s | samples/s: 11910
Iteration 3147 | train reward: -145.89 | best: 1599.59 | KL: 8.062e-03 | std: 0.0941 | rollout: 5.048s | update: 0.165s | total: 5.213s | samples/s: 12277
Iteration 3148 | train reward: -149.17 | best: 1599.59 | KL: 9.040e-03 | std: 0.0940 | rollout: 5.005s | update: 0.231s | total: 5.236s | samples/s: 12223
Iteration 3149 | train reward: -165.86 | best: 1599.59 | KL: 8.577e-03 | std: 0.0941 | rollout: 5.060s | update: 0.158s | total: 5.217s | samples/s: 12267
Iteration 3150 | train reward: -147.35 | best: 1599.59 | KL: 1.144e-02 | std: 0.0937 | rollout: 4.796s | update: 0.187s | total: 4.983s | samples/s: 12843
Iteration 3151 | train reward: -134.63 | best: 1599.59 | KL: 1.003e-02 | std: 0.0938 | rollout: 4.976s | update: 0.153s | total: 5.129s | samples/s: 12478
Iteration 3152 | train reward: -143.49 | best: 1599.59 | KL: 8.121e-03 | std: 0.0935 | rollout: 5.039s | update: 0.163s | total: 5.201s | samples/s: 12305
Iteration 3153 | train reward: -154.67 | best: 1599.59 | KL: 9.139e-03 | std: 0.0934 | rollout: 4.978s | update: 0.196s | total: 5.174s | samples/s: 12370
Iteration 3154 | train reward: -150.94 | best: 1599.59 | KL: 8.589e-03 | std: 0.0928 | rollout: 4.788s | update: 0.201s | total: 4.989s | samples/s: 12827
Iteration 3155 | train reward: -160.01 | best: 1599.59 | KL: 9.446e-03 | std: 0.0927 | rollout: 5.198s | update: 0.181s | total: 5.379s | samples/s: 11898
Iteration 3156 | train reward: -161.57 | best: 1599.59 | KL: 8.944e-03 | std: 0.0931 | rollout: 5.106s | update: 0.165s | total: 5.271s | samples/s: 12142
Iteration 3157 | train reward: -159.99 | best: 1599.59 | KL: 9.460e-03 | std: 0.0934 | rollout: 5.295s | update: 0.216s | total: 5.511s | samples/s: 11613
Iteration 3158 | train reward: -153.95 | best: 1599.59 | KL: 1.310e-02 | std: 0.0935 | rollout: 4.876s | update: 0.229s | total: 5.106s | samples/s: 12535
Iteration 3159 | train reward: -145.75 | best: 1599.59 | KL: 1.093e-02 | std: 0.0937 | rollout: 4.963s | update: 0.164s | total: 5.126s | samples/s: 12484
Iteration 3160 | train reward: -144.70 | best: 1599.59 | KL: 9.514e-03 | std: 0.0934 | rollout: 4.970s | update: 0.173s | total: 5.143s | samples/s: 12444
Iteration 3161 | train reward: -136.83 | best: 1599.59 | KL: 7.007e-03 | std: 0.0938 | rollout: 4.781s | update: 0.163s | total: 4.944s | samples/s: 12946
Iteration 3162 | train reward: -178.67 | best: 1599.59 | KL: 1.041e-02 | std: 0.0935 | rollout: 4.993s | update: 0.166s | total: 5.159s | samples/s: 12405
Iteration 3163 | train reward: -148.18 | best: 1599.59 | KL: 9.377e-03 | std: 0.0931 | rollout: 4.948s | update: 0.157s | total: 5.105s | samples/s: 12538
Iteration 3164 | train reward: -158.81 | best: 1599.59 | KL: 8.513e-03 | std: 0.0934 | rollout: 4.981s | update: 0.161s | total: 5.142s | samples/s: 12448
Iteration 3165 | train reward: -175.41 | best: 1599.59 | KL: 9.228e-03 | std: 0.0935 | rollout: 5.138s | update: 0.226s | total: 5.364s | samples/s: 11931
Iteration 3166 | train reward: -155.65 | best: 1599.59 | KL: 7.575e-03 | std: 0.0931 | rollout: 5.003s | update: 0.260s | total: 5.262s | samples/s: 12162
Iteration 3167 | train reward: -152.41 | best: 1599.59 | KL: 9.040e-03 | std: 0.0924 | rollout: 5.060s | update: 0.153s | total: 5.212s | samples/s: 12279
Iteration 3168 | train reward: -144.67 | best: 1599.59 | KL: 1.045e-02 | std: 0.0927 | rollout: 5.053s | update: 0.156s | total: 5.209s | samples/s: 12286
Iteration 3169 | train reward: -153.30 | best: 1599.59 | KL: 8.170e-03 | std: 0.0928 | rollout: 5.194s | update: 0.284s | total: 5.478s | samples/s: 11684
Iteration 3170 | train reward: -136.75 | best: 1599.59 | KL: 8.063e-03 | std: 0.0928 | rollout: 5.000s | update: 0.166s | total: 5.166s | samples/s: 12389
Iteration 3171 | train reward: -137.30 | best: 1599.59 | KL: 8.807e-03 | std: 0.0925 | rollout: 5.067s | update: 0.161s | total: 5.228s | samples/s: 12242
Iteration 3172 | train reward: -145.58 | best: 1599.59 | KL: 1.142e-02 | std: 0.0925 | rollout: 4.823s | update: 0.158s | total: 4.982s | samples/s: 12847
Iteration 3173 | train reward: -162.69 | best: 1599.59 | KL: 9.748e-03 | std: 0.0922 | rollout: 5.026s | update: 0.218s | total: 5.245s | samples/s: 12202
Iteration 3174 | train reward: -149.00 | best: 1599.59 | KL: 1.100e-02 | std: 0.0922 | rollout: 5.042s | update: 0.174s | total: 5.216s | samples/s: 12269
Iteration 3175 | train reward: -160.33 | best: 1599.59 | KL: 9.861e-03 | std: 0.0921 | rollout: 5.125s | update: 0.188s | total: 5.314s | samples/s: 12045
Iteration 3176 | train reward: -147.42 | best: 1599.59 | KL: 8.182e-03 | std: 0.0924 | rollout: 4.853s | update: 0.156s | total: 5.009s | samples/s: 12778
Iteration 3177 | train reward: -145.94 | best: 1599.59 | KL: 9.935e-03 | std: 0.0924 | rollout: 5.039s | update: 0.156s | total: 5.194s | samples/s: 12321
Iteration 3178 | train reward: -163.33 | best: 1599.59 | KL: 1.106e-02 | std: 0.0925 | rollout: 4.973s | update: 0.201s | total: 5.174s | samples/s: 12370
Iteration 3179 | train reward: -154.47 | best: 1599.59 | KL: 1.210e-02 | std: 0.0929 | rollout: 5.241s | update: 0.172s | total: 5.413s | samples/s: 11824
Iteration 3180 | train reward: -159.93 | best: 1599.59 | KL: 8.250e-03 | std: 0.0932 | rollout: 5.534s | update: 0.179s | total: 5.713s | samples/s: 11203
Iteration 3181 | train reward: -144.11 | best: 1599.59 | KL: 9.816e-03 | std: 0.0933 | rollout: 5.224s | update: 0.248s | total: 5.472s | samples/s: 11697
Iteration 3182 | train reward: -155.91 | best: 1599.59 | KL: 1.125e-02 | std: 0.0934 | rollout: 4.979s | update: 0.183s | total: 5.162s | samples/s: 12397
Iteration 3183 | train reward: -161.19 | best: 1599.59 | KL: 9.605e-03 | std: 0.0932 | rollout: 4.988s | update: 0.167s | total: 5.155s | samples/s: 12415
Iteration 3184 | train reward: -151.97 | best: 1599.59 | KL: 9.176e-03 | std: 0.0929 | rollout: 5.032s | update: 0.170s | total: 5.202s | samples/s: 12303
Iteration 3185 | train reward: -132.89 | best: 1599.59 | KL: 7.982e-03 | std: 0.0924 | rollout: 4.999s | update: 0.236s | total: 5.235s | samples/s: 12225
Iteration 3186 | train reward: -158.10 | best: 1599.59 | KL: 1.004e-02 | std: 0.0921 | rollout: 5.098s | update: 0.184s | total: 5.282s | samples/s: 12116
Iteration 3187 | train reward: -156.59 | best: 1599.59 | KL: 9.352e-03 | std: 0.0922 | rollout: 5.010s | update: 0.160s | total: 5.170s | samples/s: 12380
Iteration 3188 | train reward: -143.69 | best: 1599.59 | KL: 9.411e-03 | std: 0.0918 | rollout: 4.947s | update: 0.153s | total: 5.100s | samples/s: 12549
Iteration 3189 | train reward: -142.12 | best: 1599.59 | KL: 8.636e-03 | std: 0.0919 | rollout: 4.882s | update: 0.153s | total: 5.035s | samples/s: 12712
Iteration 3190 | train reward: -147.71 | best: 1599.59 | KL: 8.387e-03 | std: 0.0918 | rollout: 5.015s | update: 0.161s | total: 5.176s | samples/s: 12366
Iteration 3191 | train reward: -156.95 | best: 1599.59 | KL: 1.004e-02 | std: 0.0920 | rollout: 5.108s | update: 0.159s | total: 5.267s | samples/s: 12152
Iteration 3192 | train reward: -145.78 | best: 1599.59 | KL: 8.443e-03 | std: 0.0921 | rollout: 5.264s | update: 0.163s | total: 5.427s | samples/s: 11792
Iteration 3193 | train reward: -160.38 | best: 1599.59 | KL: 8.973e-03 | std: 0.0919 | rollout: 4.953s | update: 0.213s | total: 5.166s | samples/s: 12389
Iteration 3194 | train reward: -158.70 | best: 1599.59 | KL: 8.810e-03 | std: 0.0921 | rollout: 5.270s | update: 0.262s | total: 5.532s | samples/s: 11569
Iteration 3195 | train reward: -151.77 | best: 1599.59 | KL: 1.058e-02 | std: 0.0918 | rollout: 4.915s | update: 0.160s | total: 5.075s | samples/s: 12612
Iteration 3196 | train reward: -170.48 | best: 1599.59 | KL: 9.273e-03 | std: 0.0919 | rollout: 4.945s | update: 0.162s | total: 5.107s | samples/s: 12531
Iteration 3197 | train reward: -157.30 | best: 1599.59 | KL: 8.896e-03 | std: 0.0920 | rollout: 5.226s | update: 0.146s | total: 5.372s | samples/s: 11913
Iteration 3198 | train reward: -141.55 | best: 1599.59 | KL: 8.550e-03 | std: 0.0918 | rollout: 4.831s | update: 0.153s | total: 4.984s | samples/s: 12840
Iteration 3199 | train reward: -152.96 | best: 1599.59 | KL: 8.600e-03 | std: 0.0924 | rollout: 5.006s | update: 0.187s | total: 5.194s | samples/s: 12323
Iteration 3200 | train reward: -147.10 | best: 1599.59 | KL: 8.678e-03 | std: 0.0918 | rollout: 4.982s | update: 0.189s | total: 5.171s | samples/s: 12378
Iteration 3201 | train reward: -148.15 | best: 1599.59 | KL: 9.515e-03 | std: 0.0914 | rollout: 4.907s | update: 0.161s | total: 5.068s | samples/s: 12629
Iteration 3202 | train reward: -161.91 | best: 1599.59 | KL: 1.010e-02 | std: 0.0914 | rollout: 5.056s | update: 0.171s | total: 5.227s | samples/s: 12244
Iteration 3203 | train reward: -159.98 | best: 1599.59 | KL: 9.100e-03 | std: 0.0916 | rollout: 5.267s | update: 0.256s | total: 5.523s | samples/s: 11588
Iteration 3204 | train reward: -156.21 | best: 1599.59 | KL: 9.449e-03 | std: 0.0916 | rollout: 4.902s | update: 0.233s | total: 5.135s | samples/s: 12464
Iteration 3205 | train reward: -146.49 | best: 1599.59 | KL: 9.733e-03 | std: 0.0914 | rollout: 4.908s | update: 0.162s | total: 5.069s | samples/s: 12625
Iteration 3206 | train reward: -151.40 | best: 1599.59 | KL: 1.122e-02 | std: 0.0911 | rollout: 4.947s | update: 0.155s | total: 5.102s | samples/s: 12544
Iteration 3207 | train reward: -142.12 | best: 1599.59 | KL: 9.702e-03 | std: 0.0912 | rollout: 4.981s | update: 0.162s | total: 5.144s | samples/s: 12443
Iteration 3208 | train reward: -153.55 | best: 1599.59 | KL: 9.612e-03 | std: 0.0906 | rollout: 5.085s | update: 0.226s | total: 5.311s | samples/s: 12051
Iteration 3209 | train reward: -142.63 | best: 1599.59 | KL: 8.478e-03 | std: 0.0908 | rollout: 4.995s | update: 0.153s | total: 5.148s | samples/s: 12431
Iteration 3210 | train reward: -162.15 | best: 1599.59 | KL: 9.357e-03 | std: 0.0905 | rollout: 4.736s | update: 0.204s | total: 4.940s | samples/s: 12954
Iteration 3211 | train reward: -152.29 | best: 1599.59 | KL: 1.059e-02 | std: 0.0906 | rollout: 4.712s | update: 0.201s | total: 4.914s | samples/s: 13024
Iteration 3212 | train reward: -168.15 | best: 1599.59 | KL: 7.668e-03 | std: 0.0906 | rollout: 4.864s | update: 0.165s | total: 5.030s | samples/s: 12724
Iteration 3213 | train reward: -132.04 | best: 1599.59 | KL: 9.206e-03 | std: 0.0905 | rollout: 4.894s | update: 0.170s | total: 5.064s | samples/s: 12637
Iteration 3214 | train reward: -164.53 | best: 1599.59 | KL: 7.807e-03 | std: 0.0899 | rollout: 4.983s | update: 0.157s | total: 5.139s | samples/s: 12453
Iteration 3215 | train reward: -152.86 | best: 1599.59 | KL: 8.939e-03 | std: 0.0898 | rollout: 5.202s | update: 0.189s | total: 5.391s | samples/s: 11871
Iteration 3216 | train reward: -169.73 | best: 1599.59 | KL: 9.590e-03 | std: 0.0893 | rollout: 4.994s | update: 0.183s | total: 5.177s | samples/s: 12363
Iteration 3217 | train reward: -156.62 | best: 1599.59 | KL: 9.731e-03 | std: 0.0891 | rollout: 5.083s | update: 0.167s | total: 5.251s | samples/s: 12189
Iteration 3218 | train reward: -155.46 | best: 1599.59 | KL: 1.117e-02 | std: 0.0890 | rollout: 4.994s | update: 0.157s | total: 5.151s | samples/s: 12425
Iteration 3219 | train reward: -161.59 | best: 1599.59 | KL: 1.083e-02 | std: 0.0885 | rollout: 4.886s | update: 0.155s | total: 5.041s | samples/s: 12697
Iteration 3220 | train reward: -142.41 | best: 1599.59 | KL: 6.125e-03 | std: 0.0885 | rollout: 4.922s | update: 0.168s | total: 5.090s | samples/s: 12573
Iteration 3221 | train reward: -145.27 | best: 1599.59 | KL: 9.759e-03 | std: 0.0888 | rollout: 5.241s | update: 0.186s | total: 5.427s | samples/s: 11792
Iteration 3222 | train reward: -146.92 | best: 1599.59 | KL: 7.927e-03 | std: 0.0882 | rollout: 5.008s | update: 0.151s | total: 5.159s | samples/s: 12406
Iteration 3223 | train reward: -146.28 | best: 1599.59 | KL: 1.061e-02 | std: 0.0881 | rollout: 4.979s | update: 0.263s | total: 5.242s | samples/s: 12210
Iteration 3224 | train reward: -150.61 | best: 1599.59 | KL: 9.949e-03 | std: 0.0882 | rollout: 4.946s | update: 0.165s | total: 5.111s | samples/s: 12523
Iteration 3225 | train reward: -169.40 | best: 1599.59 | KL: 1.021e-02 | std: 0.0879 | rollout: 5.234s | update: 0.261s | total: 5.495s | samples/s: 11647
Iteration 3226 | train reward: -158.16 | best: 1599.59 | KL: 8.615e-03 | std: 0.0876 | rollout: 5.144s | update: 0.167s | total: 5.311s | samples/s: 12051
Iteration 3227 | train reward: -159.57 | best: 1599.59 | KL: 9.564e-03 | std: 0.0882 | rollout: 4.972s | update: 0.257s | total: 5.229s | samples/s: 12239
Iteration 3228 | train reward: -154.00 | best: 1599.59 | KL: 1.019e-02 | std: 0.0885 | rollout: 4.930s | update: 0.229s | total: 5.159s | samples/s: 12405
Iteration 3229 | train reward: -152.47 | best: 1599.59 | KL: 1.103e-02 | std: 0.0882 | rollout: 4.984s | update: 0.248s | total: 5.232s | samples/s: 12232
Iteration 3230 | train reward: -157.21 | best: 1599.59 | KL: 9.747e-03 | std: 0.0889 | rollout: 5.066s | update: 0.167s | total: 5.233s | samples/s: 12230
Iteration 3231 | train reward: -141.69 | best: 1599.59 | KL: 8.263e-03 | std: 0.0891 | rollout: 4.997s | update: 0.257s | total: 5.254s | samples/s: 12180
Iteration 3232 | train reward: -147.67 | best: 1599.59 | KL: 9.497e-03 | std: 0.0892 | rollout: 4.976s | update: 0.178s | total: 5.154s | samples/s: 12418
Iteration 3233 | train reward: -133.07 | best: 1599.59 | KL: 7.394e-03 | std: 0.0892 | rollout: 4.972s | update: 0.164s | total: 5.136s | samples/s: 12462
Iteration 3234 | train reward: -152.87 | best: 1599.59 | KL: 1.045e-02 | std: 0.0893 | rollout: 4.949s | update: 0.166s | total: 5.115s | samples/s: 12512
Iteration 3235 | train reward: -150.52 | best: 1599.59 | KL: 1.008e-02 | std: 0.0891 | rollout: 4.944s | update: 0.198s | total: 5.142s | samples/s: 12446
Iteration 3236 | train reward: -136.83 | best: 1599.59 | KL: 9.259e-03 | std: 0.0891 | rollout: 4.900s | update: 0.155s | total: 5.055s | samples/s: 12661
Iteration 3237 | train reward: -158.88 | best: 1599.59 | KL: 1.024e-02 | std: 0.0889 | rollout: 5.401s | update: 0.160s | total: 5.561s | samples/s: 11509
Iteration 3238 | train reward: -157.71 | best: 1599.59 | KL: 8.726e-03 | std: 0.0893 | rollout: 5.379s | update: 0.178s | total: 5.557s | samples/s: 11516
Iteration 3239 | train reward: -147.44 | best: 1599.59 | KL: 1.012e-02 | std: 0.0894 | rollout: 5.093s | update: 0.215s | total: 5.308s | samples/s: 12057
Iteration 3240 | train reward: -139.20 | best: 1599.59 | KL: 7.682e-03 | std: 0.0896 | rollout: 4.831s | update: 0.227s | total: 5.057s | samples/s: 12655
Iteration 3241 | train reward: -154.42 | best: 1599.59 | KL: 9.173e-03 | std: 0.0898 | rollout: 4.791s | update: 0.164s | total: 4.955s | samples/s: 12917
Iteration 3242 | train reward: -146.59 | best: 1599.59 | KL: 8.335e-03 | std: 0.0898 | rollout: 5.134s | update: 0.198s | total: 5.332s | samples/s: 12002
Iteration 3243 | train reward: -141.51 | best: 1599.59 | KL: 7.834e-03 | std: 0.0902 | rollout: 5.180s | update: 0.160s | total: 5.340s | samples/s: 11984
Iteration 3244 | train reward: -137.86 | best: 1599.59 | KL: 7.281e-03 | std: 0.0899 | rollout: 5.062s | update: 0.159s | total: 5.221s | samples/s: 12258
Iteration 3245 | train reward: -140.39 | best: 1599.59 | KL: 9.347e-03 | std: 0.0898 | rollout: 5.132s | update: 0.165s | total: 5.297s | samples/s: 12083
Iteration 3246 | train reward: -161.37 | best: 1599.59 | KL: 9.558e-03 | std: 0.0899 | rollout: 4.920s | update: 0.174s | total: 5.094s | samples/s: 12564
Iteration 3247 | train reward: -139.64 | best: 1599.59 | KL: 8.158e-03 | std: 0.0899 | rollout: 4.711s | update: 0.156s | total: 4.867s | samples/s: 13149
Iteration 3248 | train reward: -133.09 | best: 1599.59 | KL: 9.169e-03 | std: 0.0898 | rollout: 4.906s | update: 0.155s | total: 5.060s | samples/s: 12647
Iteration 3249 | train reward: -154.04 | best: 1599.59 | KL: 9.522e-03 | std: 0.0899 | rollout: 4.995s | update: 0.221s | total: 5.216s | samples/s: 12271
Iteration 3250 | train reward: -151.86 | best: 1599.59 | KL: 9.477e-03 | std: 0.0893 | rollout: 4.961s | update: 0.271s | total: 5.232s | samples/s: 12232
Iteration 3251 | train reward: -146.68 | best: 1599.59 | KL: 1.011e-02 | std: 0.0892 | rollout: 4.982s | update: 0.175s | total: 5.156s | samples/s: 12412
Iteration 3252 | train reward: -159.53 | best: 1599.59 | KL: 1.117e-02 | std: 0.0883 | rollout: 4.978s | update: 0.211s | total: 5.190s | samples/s: 12332
Iteration 3253 | train reward: -158.25 | best: 1599.59 | KL: 1.114e-02 | std: 0.0886 | rollout: 4.888s | update: 0.203s | total: 5.090s | samples/s: 12573
Iteration 3254 | train reward: -140.78 | best: 1599.59 | KL: 7.673e-03 | std: 0.0883 | rollout: 5.054s | update: 0.166s | total: 5.220s | samples/s: 12261
Iteration 3255 | train reward: -156.34 | best: 1599.59 | KL: 9.783e-03 | std: 0.0880 | rollout: 5.099s | update: 0.160s | total: 5.259s | samples/s: 12169
Iteration 3256 | train reward: -157.06 | best: 1599.59 | KL: 1.111e-02 | std: 0.0885 | rollout: 5.040s | update: 0.165s | total: 5.205s | samples/s: 12295
Iteration 3257 | train reward: -141.49 | best: 1599.59 | KL: 8.297e-03 | std: 0.0883 | rollout: 5.026s | update: 0.185s | total: 5.212s | samples/s: 12280
Iteration 3258 | train reward: -150.31 | best: 1599.59 | KL: 8.848e-03 | std: 0.0885 | rollout: 5.035s | update: 0.166s | total: 5.201s | samples/s: 12306
Iteration 3259 | train reward: -150.45 | best: 1599.59 | KL: 9.536e-03 | std: 0.0886 | rollout: 5.214s | update: 0.163s | total: 5.377s | samples/s: 11902
Iteration 3260 | train reward: -168.96 | best: 1599.59 | KL: 7.718e-03 | std: 0.0888 | rollout: 5.515s | update: 0.164s | total: 5.678s | samples/s: 11271
Iteration 3261 | train reward: -146.59 | best: 1599.59 | KL: 8.972e-03 | std: 0.0885 | rollout: 5.987s | update: 0.386s | total: 6.373s | samples/s: 10043
Iteration 3262 | train reward: -144.71 | best: 1599.59 | KL: 1.005e-02 | std: 0.0889 | rollout: 5.880s | update: 0.305s | total: 6.186s | samples/s: 10347
Iteration 3263 | train reward: -156.56 | best: 1599.59 | KL: 7.507e-03 | std: 0.0883 | rollout: 5.284s | update: 0.160s | total: 5.444s | samples/s: 11756
Iteration 3264 | train reward: -157.42 | best: 1599.59 | KL: 9.253e-03 | std: 0.0880 | rollout: 4.794s | update: 0.169s | total: 4.963s | samples/s: 12896
Iteration 3265 | train reward: -161.77 | best: 1599.59 | KL: 8.994e-03 | std: 0.0879 | rollout: 4.886s | update: 0.253s | total: 5.139s | samples/s: 12455
Iteration 3266 | train reward: -141.79 | best: 1599.59 | KL: 8.788e-03 | std: 0.0879 | rollout: 4.939s | update: 0.159s | total: 5.098s | samples/s: 12555
Iteration 3267 | train reward: -176.52 | best: 1599.59 | KL: 9.441e-03 | std: 0.0875 | rollout: 5.097s | update: 0.160s | total: 5.257s | samples/s: 12174
Iteration 3268 | train reward: -153.36 | best: 1599.59 | KL: 8.440e-03 | std: 0.0873 | rollout: 5.037s | update: 0.178s | total: 5.215s | samples/s: 12273
Iteration 3269 | train reward: -151.82 | best: 1599.59 | KL: 8.876e-03 | std: 0.0873 | rollout: 4.970s | update: 0.221s | total: 5.191s | samples/s: 12328
Iteration 3270 | train reward: -159.25 | best: 1599.59 | KL: 9.101e-03 | std: 0.0876 | rollout: 4.848s | update: 0.156s | total: 5.004s | samples/s: 12790
Iteration 3271 | train reward: -147.60 | best: 1599.59 | KL: 9.228e-03 | std: 0.0872 | rollout: 4.989s | update: 0.161s | total: 5.150s | samples/s: 12427
Iteration 3272 | train reward: -147.18 | best: 1599.59 | KL: 8.202e-03 | std: 0.0869 | rollout: 5.374s | update: 0.161s | total: 5.535s | samples/s: 11564
Iteration 3273 | train reward: -153.67 | best: 1599.59 | KL: 8.449e-03 | std: 0.0873 | rollout: 4.917s | update: 0.166s | total: 5.083s | samples/s: 12591
Iteration 3274 | train reward: -147.92 | best: 1599.59 | KL: 1.110e-02 | std: 0.0873 | rollout: 4.906s | update: 0.157s | total: 5.063s | samples/s: 12640
Iteration 3275 | train reward: -147.15 | best: 1599.59 | KL: 8.998e-03 | std: 0.0872 | rollout: 4.953s | update: 0.163s | total: 5.116s | samples/s: 12511
Iteration 3276 | train reward: -154.97 | best: 1599.59 | KL: 9.864e-03 | std: 0.0866 | rollout: 4.903s | update: 0.151s | total: 5.054s | samples/s: 12663
Iteration 3277 | train reward: -141.47 | best: 1599.59 | KL: 1.158e-02 | std: 0.0866 | rollout: 4.943s | update: 0.164s | total: 5.107s | samples/s: 12532
Iteration 3278 | train reward: -148.55 | best: 1599.59 | KL: 1.211e-02 | std: 0.0863 | rollout: 4.757s | update: 0.161s | total: 4.917s | samples/s: 13015
Iteration 3279 | train reward: -150.40 | best: 1599.59 | KL: 9.629e-03 | std: 0.0866 | rollout: 4.925s | update: 0.165s | total: 5.090s | samples/s: 12573
Iteration 3280 | train reward: -158.26 | best: 1599.59 | KL: 1.229e-02 | std: 0.0866 | rollout: 4.970s | update: 0.211s | total: 5.181s | samples/s: 12354
Iteration 3281 | train reward: -173.92 | best: 1599.59 | KL: 1.187e-02 | std: 0.0866 | rollout: 4.737s | update: 0.165s | total: 4.903s | samples/s: 13054
Iteration 3282 | train reward: -151.63 | best: 1599.59 | KL: 1.155e-02 | std: 0.0865 | rollout: 4.866s | update: 0.166s | total: 5.032s | samples/s: 12718
Iteration 3283 | train reward: -158.82 | best: 1599.59 | KL: 9.674e-03 | std: 0.0862 | rollout: 4.930s | update: 0.154s | total: 5.083s | samples/s: 12590
Iteration 3284 | train reward: -147.92 | best: 1599.59 | KL: 1.092e-02 | std: 0.0859 | rollout: 4.892s | update: 0.158s | total: 5.049s | samples/s: 12675
Iteration 3285 | train reward: -159.00 | best: 1599.59 | KL: 1.012e-02 | std: 0.0859 | rollout: 4.898s | update: 0.153s | total: 5.050s | samples/s: 12673
Iteration 3286 | train reward: -138.94 | best: 1599.59 | KL: 8.412e-03 | std: 0.0860 | rollout: 5.050s | update: 0.150s | total: 5.201s | samples/s: 12306
Iteration 3287 | train reward: -144.12 | best: 1599.59 | KL: 1.057e-02 | std: 0.0863 | rollout: 4.952s | update: 0.177s | total: 5.129s | samples/s: 12477
Iteration 3288 | train reward: -135.61 | best: 1599.59 | KL: 9.140e-03 | std: 0.0860 | rollout: 5.099s | update: 0.157s | total: 5.257s | samples/s: 12175
Iteration 3289 | train reward: -158.38 | best: 1599.59 | KL: 1.051e-02 | std: 0.0868 | rollout: 4.963s | update: 0.187s | total: 5.150s | samples/s: 12427
Iteration 3290 | train reward: -144.17 | best: 1599.59 | KL: 9.313e-03 | std: 0.0869 | rollout: 5.030s | update: 0.150s | total: 5.181s | samples/s: 12353
Iteration 3291 | train reward: -153.60 | best: 1599.59 | KL: 7.694e-03 | std: 0.0869 | rollout: 5.204s | update: 0.154s | total: 5.358s | samples/s: 11946
Iteration 3292 | train reward: -148.24 | best: 1599.59 | KL: 7.466e-03 | std: 0.0876 | rollout: 4.855s | update: 0.150s | total: 5.005s | samples/s: 12788
Iteration 3293 | train reward: -145.69 | best: 1599.59 | KL: 8.674e-03 | std: 0.0876 | rollout: 5.078s | update: 0.151s | total: 5.229s | samples/s: 12240
Iteration 3294 | train reward: -155.14 | best: 1599.59 | KL: 8.125e-03 | std: 0.0879 | rollout: 5.208s | update: 0.156s | total: 5.364s | samples/s: 11931
Iteration 3295 | train reward: -152.97 | best: 1599.59 | KL: 7.750e-03 | std: 0.0875 | rollout: 5.611s | update: 0.174s | total: 5.785s | samples/s: 11064
Iteration 3296 | train reward: -137.10 | best: 1599.59 | KL: 7.837e-03 | std: 0.0870 | rollout: 5.360s | update: 0.162s | total: 5.522s | samples/s: 11590
Iteration 3297 | train reward: -156.79 | best: 1599.59 | KL: 1.058e-02 | std: 0.0872 | rollout: 5.111s | update: 0.162s | total: 5.272s | samples/s: 12139
Iteration 3298 | train reward: -144.37 | best: 1599.59 | KL: 8.513e-03 | std: 0.0869 | rollout: 4.924s | update: 0.154s | total: 5.079s | samples/s: 12601
Iteration 3299 | train reward: -153.22 | best: 1599.59 | KL: 8.561e-03 | std: 0.0866 | rollout: 5.117s | update: 0.174s | total: 5.291s | samples/s: 12097
Iteration 3300 | train reward: -147.62 | best: 1599.59 | KL: 9.856e-03 | std: 0.0866 | rollout: 5.454s | update: 0.186s | total: 5.640s | samples/s: 11347
Iteration 3301 | train reward: -154.45 | best: 1599.59 | KL: 9.552e-03 | std: 0.0863 | rollout: 5.100s | update: 0.244s | total: 5.344s | samples/s: 11976
Iteration 3302 | train reward: -149.28 | best: 1599.59 | KL: 8.008e-03 | std: 0.0865 | rollout: 4.956s | update: 0.158s | total: 5.114s | samples/s: 12514
Iteration 3303 | train reward: -146.31 | best: 1599.59 | KL: 8.385e-03 | std: 0.0867 | rollout: 5.153s | update: 0.161s | total: 5.314s | samples/s: 12045
Iteration 3304 | train reward: -148.69 | best: 1599.59 | KL: 8.436e-03 | std: 0.0868 | rollout: 5.404s | update: 0.154s | total: 5.558s | samples/s: 11515
Iteration 3305 | train reward: -157.24 | best: 1599.59 | KL: 1.061e-02 | std: 0.0863 | rollout: 5.248s | update: 0.157s | total: 5.406s | samples/s: 11840
Iteration 3306 | train reward: -157.25 | best: 1599.59 | KL: 8.933e-03 | std: 0.0863 | rollout: 5.184s | update: 0.170s | total: 5.354s | samples/s: 11953
Iteration 3307 | train reward: -138.50 | best: 1599.59 | KL: 8.840e-03 | std: 0.0860 | rollout: 5.443s | update: 0.157s | total: 5.600s | samples/s: 11429
Iteration 3308 | train reward: -154.08 | best: 1599.59 | KL: 9.917e-03 | std: 0.0862 | rollout: 5.401s | update: 0.166s | total: 5.568s | samples/s: 11495
Iteration 3309 | train reward: -148.29 | best: 1599.59 | KL: 9.416e-03 | std: 0.0862 | rollout: 5.149s | update: 0.165s | total: 5.314s | samples/s: 12043
Iteration 3310 | train reward: -150.38 | best: 1599.59 | KL: 8.534e-03 | std: 0.0859 | rollout: 5.566s | update: 0.185s | total: 5.751s | samples/s: 11129
Iteration 3311 | train reward: -147.00 | best: 1599.59 | KL: 1.165e-02 | std: 0.0856 | rollout: 5.202s | update: 0.159s | total: 5.361s | samples/s: 11938
Iteration 3312 | train reward: -144.99 | best: 1599.59 | KL: 9.699e-03 | std: 0.0859 | rollout: 5.281s | update: 0.153s | total: 5.434s | samples/s: 11777
Iteration 3313 | train reward: -157.26 | best: 1599.59 | KL: 9.896e-03 | std: 0.0856 | rollout: 5.362s | update: 0.153s | total: 5.515s | samples/s: 11604
Iteration 3314 | train reward: -134.87 | best: 1599.59 | KL: 8.997e-03 | std: 0.0856 | rollout: 5.419s | update: 0.232s | total: 5.651s | samples/s: 11326
Iteration 3315 | train reward: -138.04 | best: 1599.59 | KL: 8.176e-03 | std: 0.0859 | rollout: 5.599s | update: 0.230s | total: 5.829s | samples/s: 10979
Iteration 3316 | train reward: -161.36 | best: 1599.59 | KL: 8.620e-03 | std: 0.0860 | rollout: 5.527s | update: 0.230s | total: 5.758s | samples/s: 11115
Iteration 3317 | train reward: -164.90 | best: 1599.59 | KL: 8.992e-03 | std: 0.0859 | rollout: 5.686s | update: 0.259s | total: 5.945s | samples/s: 10766
Iteration 3318 | train reward: -151.07 | best: 1599.59 | KL: 9.769e-03 | std: 0.0856 | rollout: 5.458s | update: 0.163s | total: 5.621s | samples/s: 11385
Iteration 3319 | train reward: -169.99 | best: 1599.59 | KL: 9.401e-03 | std: 0.0855 | rollout: 5.403s | update: 0.216s | total: 5.619s | samples/s: 11390
Iteration 3320 | train reward: -160.09 | best: 1599.59 | KL: 9.528e-03 | std: 0.0854 | rollout: 5.582s | update: 0.157s | total: 5.739s | samples/s: 11152
Iteration 3321 | train reward: -148.63 | best: 1599.59 | KL: 9.195e-03 | std: 0.0853 | rollout: 5.699s | update: 0.155s | total: 5.854s | samples/s: 10933
Iteration 3322 | train reward: -138.88 | best: 1599.59 | KL: 9.399e-03 | std: 0.0853 | rollout: 5.448s | update: 0.159s | total: 5.607s | samples/s: 11414
Iteration 3323 | train reward: -151.81 | best: 1599.59 | KL: 9.501e-03 | std: 0.0850 | rollout: 5.626s | update: 0.157s | total: 5.784s | samples/s: 11066
Iteration 3324 | train reward: -146.57 | best: 1599.59 | KL: 9.560e-03 | std: 0.0850 | rollout: 5.575s | update: 0.158s | total: 5.733s | samples/s: 11163
Iteration 3325 | train reward: -144.65 | best: 1599.59 | KL: 9.163e-03 | std: 0.0850 | rollout: 5.638s | update: 0.195s | total: 5.833s | samples/s: 10972
Iteration 3326 | train reward: -144.43 | best: 1599.59 | KL: 8.474e-03 | std: 0.0847 | rollout: 5.517s | update: 0.165s | total: 5.681s | samples/s: 11265
Iteration 3327 | train reward: -142.72 | best: 1599.59 | KL: 9.199e-03 | std: 0.0844 | rollout: 5.364s | update: 0.156s | total: 5.520s | samples/s: 11594
Iteration 3328 | train reward: -167.09 | best: 1599.59 | KL: 9.174e-03 | std: 0.0843 | rollout: 5.223s | update: 0.156s | total: 5.380s | samples/s: 11897
Iteration 3329 | train reward: -152.54 | best: 1599.59 | KL: 8.653e-03 | std: 0.0840 | rollout: 5.529s | update: 0.247s | total: 5.775s | samples/s: 11082
Iteration 3330 | train reward: -143.92 | best: 1599.59 | KL: 7.995e-03 | std: 0.0840 | rollout: 5.515s | update: 0.305s | total: 5.820s | samples/s: 10997
Iteration 3331 | train reward: -156.98 | best: 1599.59 | KL: 8.783e-03 | std: 0.0840 | rollout: 5.082s | update: 0.187s | total: 5.269s | samples/s: 12146
Iteration 3332 | train reward: -157.14 | best: 1599.59 | KL: 8.071e-03 | std: 0.0837 | rollout: 5.126s | update: 0.192s | total: 5.317s | samples/s: 12037
Iteration 3333 | train reward: -144.60 | best: 1599.59 | KL: 8.590e-03 | std: 0.0837 | rollout: 5.299s | update: 0.266s | total: 5.565s | samples/s: 11501
Iteration 3334 | train reward: -164.10 | best: 1599.59 | KL: 7.985e-03 | std: 0.0833 | rollout: 5.204s | update: 0.167s | total: 5.370s | samples/s: 11917
Iteration 3335 | train reward: -129.30 | best: 1599.59 | KL: 6.920e-03 | std: 0.0833 | rollout: 5.278s | update: 0.166s | total: 5.444s | samples/s: 11756
Iteration 3336 | train reward: -140.64 | best: 1599.59 | KL: 9.655e-03 | std: 0.0832 | rollout: 4.834s | update: 0.164s | total: 4.998s | samples/s: 12805
Iteration 3337 | train reward: -146.22 | best: 1599.59 | KL: 1.071e-02 | std: 0.0836 | rollout: 5.196s | update: 0.158s | total: 5.354s | samples/s: 11953
Iteration 3338 | train reward: -143.84 | best: 1599.59 | KL: 1.038e-02 | std: 0.0841 | rollout: 5.134s | update: 0.182s | total: 5.316s | samples/s: 12038
Iteration 3339 | train reward: -157.88 | best: 1599.59 | KL: 9.054e-03 | std: 0.0840 | rollout: 5.433s | update: 0.222s | total: 5.655s | samples/s: 11317
Iteration 3340 | train reward: -170.92 | best: 1599.59 | KL: 9.887e-03 | std: 0.0840 | rollout: 5.174s | update: 0.175s | total: 5.349s | samples/s: 11965
Iteration 3341 | train reward: -138.71 | best: 1599.59 | KL: 9.330e-03 | std: 0.0843 | rollout: 4.878s | update: 0.159s | total: 5.037s | samples/s: 12706
Iteration 3342 | train reward: -160.04 | best: 1599.59 | KL: 9.636e-03 | std: 0.0844 | rollout: 5.029s | update: 0.168s | total: 5.198s | samples/s: 12313
Iteration 3343 | train reward: -138.94 | best: 1599.59 | KL: 8.611e-03 | std: 0.0846 | rollout: 4.917s | update: 0.159s | total: 5.076s | samples/s: 12607
Iteration 3344 | train reward: -150.45 | best: 1599.59 | KL: 1.001e-02 | std: 0.0840 | rollout: 5.025s | update: 0.160s | total: 5.185s | samples/s: 12343
Iteration 3345 | train reward: -151.71 | best: 1599.59 | KL: 8.991e-03 | std: 0.0840 | rollout: 4.844s | update: 0.152s | total: 4.996s | samples/s: 12811
Iteration 3346 | train reward: -146.37 | best: 1599.59 | KL: 9.391e-03 | std: 0.0840 | rollout: 4.921s | update: 0.150s | total: 5.070s | samples/s: 12622
Iteration 3347 | train reward: -160.85 | best: 1599.59 | KL: 9.243e-03 | std: 0.0840 | rollout: 4.895s | update: 0.159s | total: 5.055s | samples/s: 12661
Iteration 3348 | train reward: -139.03 | best: 1599.59 | KL: 7.001e-03 | std: 0.0843 | rollout: 4.902s | update: 0.166s | total: 5.067s | samples/s: 12630
Iteration 3349 | train reward: -152.63 | best: 1599.59 | KL: 8.733e-03 | std: 0.0840 | rollout: 4.989s | update: 0.163s | total: 5.152s | samples/s: 12422
Iteration 3350 | train reward: -149.21 | best: 1599.59 | KL: 1.092e-02 | std: 0.0834 | rollout: 5.062s | update: 0.167s | total: 5.229s | samples/s: 12240
Iteration 3351 | train reward: -152.58 | best: 1599.59 | KL: 1.010e-02 | std: 0.0831 | rollout: 5.247s | update: 0.204s | total: 5.452s | samples/s: 11740
Iteration 3352 | train reward: -167.59 | best: 1599.59 | KL: 1.056e-02 | std: 0.0830 | rollout: 5.042s | update: 0.170s | total: 5.213s | samples/s: 12277
Iteration 3353 | train reward: -151.70 | best: 1599.59 | KL: 9.628e-03 | std: 0.0830 | rollout: 5.020s | update: 0.146s | total: 5.167s | samples/s: 12387
Iteration 3354 | train reward: -134.34 | best: 1599.59 | KL: 8.916e-03 | std: 0.0833 | rollout: 5.036s | update: 0.152s | total: 5.187s | samples/s: 12338
Iteration 3355 | train reward: -172.81 | best: 1599.59 | KL: 9.406e-03 | std: 0.0834 | rollout: 5.374s | update: 0.164s | total: 5.538s | samples/s: 11556
Iteration 3356 | train reward: -165.85 | best: 1599.59 | KL: 9.720e-03 | std: 0.0834 | rollout: 4.883s | update: 0.197s | total: 5.080s | samples/s: 12597
Iteration 3357 | train reward: -135.77 | best: 1599.59 | KL: 9.571e-03 | std: 0.0831 | rollout: 4.989s | update: 0.190s | total: 5.179s | samples/s: 12358
Iteration 3358 | train reward: -155.86 | best: 1599.59 | KL: 9.786e-03 | std: 0.0836 | rollout: 4.963s | update: 0.149s | total: 5.112s | samples/s: 12519
Iteration 3359 | train reward: -153.79 | best: 1599.59 | KL: 9.401e-03 | std: 0.0833 | rollout: 4.957s | update: 0.151s | total: 5.108s | samples/s: 12530
Iteration 3360 | train reward: -136.99 | best: 1599.59 | KL: 8.765e-03 | std: 0.0834 | rollout: 4.915s | update: 0.147s | total: 5.062s | samples/s: 12643
Iteration 3361 | train reward: -152.88 | best: 1599.59 | KL: 9.315e-03 | std: 0.0833 | rollout: 5.162s | update: 0.148s | total: 5.309s | samples/s: 12054
Iteration 3362 | train reward: -142.30 | best: 1599.59 | KL: 1.079e-02 | std: 0.0830 | rollout: 5.116s | update: 0.148s | total: 5.264s | samples/s: 12158
Iteration 3363 | train reward: -150.14 | best: 1599.59 | KL: 7.873e-03 | std: 0.0827 | rollout: 5.378s | update: 0.246s | total: 5.624s | samples/s: 11379
Iteration 3364 | train reward: -156.24 | best: 1599.59 | KL: 8.797e-03 | std: 0.0829 | rollout: 4.996s | update: 0.245s | total: 5.241s | samples/s: 12212
Iteration 3365 | train reward: -145.28 | best: 1599.59 | KL: 7.642e-03 | std: 0.0827 | rollout: 4.988s | update: 0.154s | total: 5.142s | samples/s: 12446
Iteration 3366 | train reward: -141.94 | best: 1599.59 | KL: 9.155e-03 | std: 0.0827 | rollout: 4.865s | update: 0.171s | total: 5.036s | samples/s: 12710
Iteration 3367 | train reward: -156.34 | best: 1599.59 | KL: 9.287e-03 | std: 0.0824 | rollout: 5.190s | update: 0.156s | total: 5.347s | samples/s: 11970
Iteration 3368 | train reward: -150.85 | best: 1599.59 | KL: 1.005e-02 | std: 0.0823 | rollout: 4.998s | update: 0.221s | total: 5.218s | samples/s: 12264
Iteration 3369 | train reward: -144.10 | best: 1599.59 | KL: 7.758e-03 | std: 0.0824 | rollout: 4.961s | update: 0.208s | total: 5.169s | samples/s: 12382
Iteration 3370 | train reward: -152.84 | best: 1599.59 | KL: 1.043e-02 | std: 0.0826 | rollout: 5.222s | update: 0.173s | total: 5.394s | samples/s: 11864
Iteration 3371 | train reward: -140.42 | best: 1599.59 | KL: 9.575e-03 | std: 0.0824 | rollout: 4.930s | update: 0.156s | total: 5.087s | samples/s: 12582
Iteration 3372 | train reward: -139.58 | best: 1599.59 | KL: 1.030e-02 | std: 0.0826 | rollout: 5.056s | update: 0.227s | total: 5.283s | samples/s: 12115
Iteration 3373 | train reward: -151.77 | best: 1599.59 | KL: 8.715e-03 | std: 0.0827 | rollout: 5.000s | update: 0.169s | total: 5.169s | samples/s: 12382
Iteration 3374 | train reward: -137.77 | best: 1599.59 | KL: 8.172e-03 | std: 0.0829 | rollout: 5.631s | update: 0.157s | total: 5.788s | samples/s: 11057
Iteration 3375 | train reward: -163.52 | best: 1599.59 | KL: 1.083e-02 | std: 0.0826 | rollout: 5.124s | update: 0.224s | total: 5.348s | samples/s: 11966
Iteration 3376 | train reward: -157.99 | best: 1599.59 | KL: 1.119e-02 | std: 0.0829 | rollout: 5.075s | update: 0.225s | total: 5.299s | samples/s: 12077
Iteration 3377 | train reward: -145.37 | best: 1599.59 | KL: 8.820e-03 | std: 0.0837 | rollout: 5.049s | update: 0.305s | total: 5.353s | samples/s: 11955
Iteration 3378 | train reward: -179.91 | best: 1599.59 | KL: 1.153e-02 | std: 0.0840 | rollout: 5.281s | update: 0.203s | total: 5.483s | samples/s: 11672
Iteration 3379 | train reward: -145.35 | best: 1599.59 | KL: 1.065e-02 | std: 0.0849 | rollout: 5.235s | update: 0.177s | total: 5.412s | samples/s: 11826
Iteration 3380 | train reward: -163.88 | best: 1599.59 | KL: 1.108e-02 | std: 0.0852 | rollout: 4.991s | update: 0.178s | total: 5.169s | samples/s: 12381
Iteration 3381 | train reward: -141.17 | best: 1599.59 | KL: 1.341e-02 | std: 0.0854 | rollout: 5.130s | update: 0.161s | total: 5.291s | samples/s: 12096
Iteration 3382 | train reward: -143.65 | best: 1599.59 | KL: 1.002e-02 | std: 0.0852 | rollout: 5.108s | update: 0.162s | total: 5.270s | samples/s: 12143
Iteration 3383 | train reward: -160.68 | best: 1599.59 | KL: 9.514e-03 | std: 0.0853 | rollout: 4.978s | update: 0.167s | total: 5.144s | samples/s: 12441
Iteration 3384 | train reward: -146.96 | best: 1599.59 | KL: 8.960e-03 | std: 0.0850 | rollout: 5.139s | update: 0.170s | total: 5.309s | samples/s: 12054
Iteration 3385 | train reward: -158.41 | best: 1599.59 | KL: 1.105e-02 | std: 0.0850 | rollout: 5.116s | update: 0.168s | total: 5.284s | samples/s: 12113
Iteration 3386 | train reward: -143.55 | best: 1599.59 | KL: 8.927e-03 | std: 0.0853 | rollout: 4.971s | update: 0.153s | total: 5.124s | samples/s: 12490
Iteration 3387 | train reward: -157.87 | best: 1599.59 | KL: 9.386e-03 | std: 0.0849 | rollout: 4.770s | update: 0.161s | total: 4.931s | samples/s: 12979
Iteration 3388 | train reward: -142.21 | best: 1599.59 | KL: 7.367e-03 | std: 0.0850 | rollout: 5.176s | update: 0.177s | total: 5.353s | samples/s: 11956
Iteration 3389 | train reward: -142.28 | best: 1599.59 | KL: 9.399e-03 | std: 0.0853 | rollout: 5.054s | update: 0.154s | total: 5.208s | samples/s: 12288
Iteration 3390 | train reward: -157.67 | best: 1599.59 | KL: 8.721e-03 | std: 0.0854 | rollout: 4.964s | update: 0.289s | total: 5.253s | samples/s: 12184
Iteration 3391 | train reward: -154.03 | best: 1599.59 | KL: 8.722e-03 | std: 0.0859 | rollout: 5.024s | update: 0.324s | total: 5.347s | samples/s: 11969
Iteration 3392 | train reward: -171.55 | best: 1599.59 | KL: 1.007e-02 | std: 0.0860 | rollout: 5.080s | update: 0.158s | total: 5.237s | samples/s: 12220
Iteration 3393 | train reward: -165.67 | best: 1599.59 | KL: 1.102e-02 | std: 0.0863 | rollout: 5.095s | update: 0.156s | total: 5.251s | samples/s: 12188
Iteration 3394 | train reward: -139.47 | best: 1599.59 | KL: 9.339e-03 | std: 0.0863 | rollout: 4.926s | update: 0.164s | total: 5.090s | samples/s: 12575
Iteration 3395 | train reward: -143.71 | best: 1599.59 | KL: 9.095e-03 | std: 0.0863 | rollout: 5.035s | update: 0.157s | total: 5.192s | samples/s: 12326
Iteration 3396 | train reward: -142.12 | best: 1599.59 | KL: 9.811e-03 | std: 0.0863 | rollout: 5.195s | update: 0.155s | total: 5.351s | samples/s: 11961
Iteration 3397 | train reward: -157.41 | best: 1599.59 | KL: 1.039e-02 | std: 0.0868 | rollout: 4.980s | update: 0.232s | total: 5.211s | samples/s: 12281
Iteration 3398 | train reward: -136.97 | best: 1599.59 | KL: 7.476e-03 | std: 0.0866 | rollout: 4.674s | update: 0.167s | total: 4.841s | samples/s: 13221
Iteration 3399 | train reward: -132.54 | best: 1599.59 | KL: 8.234e-03 | std: 0.0866 | rollout: 5.013s | update: 0.335s | total: 5.348s | samples/s: 11967
Iteration 3400 | train reward: -154.59 | best: 1599.59 | KL: 9.854e-03 | std: 0.0859 | rollout: 5.069s | update: 0.161s | total: 5.231s | samples/s: 12235
Iteration 3401 | train reward: -154.27 | best: 1599.59 | KL: 9.206e-03 | std: 0.0866 | rollout: 4.998s | update: 0.163s | total: 5.161s | samples/s: 12402
Iteration 3402 | train reward: -146.10 | best: 1599.59 | KL: 9.478e-03 | std: 0.0862 | rollout: 4.839s | update: 0.162s | total: 5.001s | samples/s: 12797
Iteration 3403 | train reward: -147.65 | best: 1599.59 | KL: 7.668e-03 | std: 0.0862 | rollout: 4.947s | update: 0.159s | total: 5.106s | samples/s: 12535
Iteration 3404 | train reward: -145.68 | best: 1599.59 | KL: 8.396e-03 | std: 0.0865 | rollout: 4.928s | update: 0.168s | total: 5.095s | samples/s: 12560
Iteration 3405 | train reward: -145.31 | best: 1599.59 | KL: 8.203e-03 | std: 0.0866 | rollout: 5.030s | update: 0.229s | total: 5.259s | samples/s: 12169
Iteration 3406 | train reward: -157.38 | best: 1599.59 | KL: 8.637e-03 | std: 0.0872 | rollout: 5.006s | update: 0.162s | total: 5.168s | samples/s: 12385
Iteration 3407 | train reward: -162.76 | best: 1599.59 | KL: 9.415e-03 | std: 0.0877 | rollout: 5.175s | update: 0.209s | total: 5.384s | samples/s: 11887
Iteration 3408 | train reward: -144.54 | best: 1599.59 | KL: 1.090e-02 | std: 0.0879 | rollout: 5.441s | update: 0.159s | total: 5.600s | samples/s: 11428
Iteration 3409 | train reward: -147.63 | best: 1599.59 | KL: 1.105e-02 | std: 0.0878 | rollout: 5.167s | update: 0.190s | total: 5.357s | samples/s: 11947
Iteration 3410 | train reward: -144.21 | best: 1599.59 | KL: 1.098e-02 | std: 0.0880 | rollout: 4.953s | update: 0.210s | total: 5.162s | samples/s: 12397
Iteration 3411 | train reward: -149.57 | best: 1599.59 | KL: 9.102e-03 | std: 0.0879 | rollout: 5.037s | update: 0.161s | total: 5.198s | samples/s: 12312
Iteration 3412 | train reward: -157.18 | best: 1599.59 | KL: 8.819e-03 | std: 0.0879 | rollout: 5.133s | update: 0.162s | total: 5.295s | samples/s: 12087
Iteration 3413 | train reward: -156.87 | best: 1599.59 | KL: 1.008e-02 | std: 0.0879 | rollout: 5.078s | update: 0.234s | total: 5.313s | samples/s: 12047
Iteration 3414 | train reward: -160.72 | best: 1599.59 | KL: 1.032e-02 | std: 0.0879 | rollout: 5.147s | update: 0.224s | total: 5.372s | samples/s: 11914
Iteration 3415 | train reward: -171.26 | best: 1599.59 | KL: 8.393e-03 | std: 0.0875 | rollout: 4.893s | update: 0.174s | total: 5.067s | samples/s: 12630
Iteration 3416 | train reward: -146.58 | best: 1599.59 | KL: 9.055e-03 | std: 0.0876 | rollout: 5.050s | update: 0.173s | total: 5.223s | samples/s: 12254
Iteration 3417 | train reward: -146.85 | best: 1599.59 | KL: 9.381e-03 | std: 0.0878 | rollout: 4.907s | update: 0.175s | total: 5.082s | samples/s: 12593
Iteration 3418 | train reward: -151.50 | best: 1599.59 | KL: 8.134e-03 | std: 0.0876 | rollout: 4.728s | update: 0.169s | total: 4.897s | samples/s: 13068
Iteration 3419 | train reward: -170.60 | best: 1599.59 | KL: 1.050e-02 | std: 0.0876 | rollout: 4.977s | update: 0.159s | total: 5.136s | samples/s: 12461
Iteration 3420 | train reward: -150.54 | best: 1599.59 | KL: 8.701e-03 | std: 0.0876 | rollout: 4.997s | update: 0.291s | total: 5.289s | samples/s: 12102
Iteration 3421 | train reward: -138.40 | best: 1599.59 | KL: 8.841e-03 | std: 0.0880 | rollout: 4.956s | update: 0.168s | total: 5.124s | samples/s: 12491
Iteration 3422 | train reward: -142.23 | best: 1599.59 | KL: 9.705e-03 | std: 0.0882 | rollout: 4.975s | update: 0.158s | total: 5.133s | samples/s: 12468
Iteration 3423 | train reward: -158.64 | best: 1599.59 | KL: 1.103e-02 | std: 0.0885 | rollout: 4.956s | update: 0.161s | total: 5.117s | samples/s: 12507
Iteration 3424 | train reward: -134.96 | best: 1599.59 | KL: 9.734e-03 | std: 0.0882 | rollout: 5.094s | update: 0.164s | total: 5.258s | samples/s: 12172
Iteration 3425 | train reward: -166.44 | best: 1599.59 | KL: 7.941e-03 | std: 0.0882 | rollout: 5.084s | update: 0.165s | total: 5.248s | samples/s: 12195
Iteration 3426 | train reward: -152.62 | best: 1599.59 | KL: 8.796e-03 | std: 0.0882 | rollout: 5.054s | update: 0.161s | total: 5.215s | samples/s: 12272
Iteration 3427 | train reward: -150.76 | best: 1599.59 | KL: 9.952e-03 | std: 0.0878 | rollout: 5.182s | update: 0.207s | total: 5.389s | samples/s: 11876
Iteration 3428 | train reward: -150.03 | best: 1599.59 | KL: 9.040e-03 | std: 0.0873 | rollout: 4.802s | update: 0.169s | total: 4.971s | samples/s: 12875
Iteration 3429 | train reward: -134.05 | best: 1599.59 | KL: 8.755e-03 | std: 0.0876 | rollout: 5.307s | update: 0.163s | total: 5.470s | samples/s: 11699
Iteration 3430 | train reward: -142.25 | best: 1599.59 | KL: 8.832e-03 | std: 0.0872 | rollout: 5.877s | update: 0.400s | total: 6.277s | samples/s: 10196
Iteration 3431 | train reward: -132.56 | best: 1599.59 | KL: 7.674e-03 | std: 0.0869 | rollout: 5.990s | update: 0.242s | total: 6.232s | samples/s: 10269
Iteration 3432 | train reward: -132.17 | best: 1599.59 | KL: 7.211e-03 | std: 0.0869 | rollout: 5.068s | update: 0.218s | total: 5.286s | samples/s: 12108
Iteration 3433 | train reward: -139.43 | best: 1599.59 | KL: 7.261e-03 | std: 0.0863 | rollout: 5.130s | update: 0.184s | total: 5.314s | samples/s: 12044
Iteration 3434 | train reward: -144.68 | best: 1599.59 | KL: 8.142e-03 | std: 0.0863 | rollout: 4.923s | update: 0.162s | total: 5.085s | samples/s: 12585
Iteration 3435 | train reward: -151.69 | best: 1599.59 | KL: 8.742e-03 | std: 0.0860 | rollout: 4.963s | update: 0.298s | total: 5.261s | samples/s: 12165
Iteration 3436 | train reward: -157.91 | best: 1599.59 | KL: 9.346e-03 | std: 0.0859 | rollout: 5.078s | update: 0.300s | total: 5.378s | samples/s: 11901
Iteration 3437 | train reward: -153.75 | best: 1599.59 | KL: 9.962e-03 | std: 0.0863 | rollout: 4.916s | update: 0.180s | total: 5.096s | samples/s: 12559
Iteration 3438 | train reward: -138.09 | best: 1599.59 | KL: 7.222e-03 | std: 0.0862 | rollout: 4.959s | update: 0.196s | total: 5.155s | samples/s: 12415
Iteration 3439 | train reward: -149.49 | best: 1599.59 | KL: 9.394e-03 | std: 0.0860 | rollout: 5.244s | update: 0.165s | total: 5.410s | samples/s: 11831
Iteration 3440 | train reward: -140.80 | best: 1599.59 | KL: 8.647e-03 | std: 0.0860 | rollout: 4.930s | update: 0.222s | total: 5.151s | samples/s: 12424
Iteration 3441 | train reward: -143.67 | best: 1599.59 | KL: 8.483e-03 | std: 0.0856 | rollout: 5.036s | update: 0.157s | total: 5.193s | samples/s: 12325
Iteration 3442 | train reward: -159.17 | best: 1599.59 | KL: 9.627e-03 | std: 0.0859 | rollout: 4.882s | update: 0.195s | total: 5.077s | samples/s: 12605
Iteration 3443 | train reward: -155.72 | best: 1599.59 | KL: 1.194e-02 | std: 0.0859 | rollout: 5.035s | update: 0.196s | total: 5.232s | samples/s: 12233
Iteration 3444 | train reward: -163.34 | best: 1599.59 | KL: 1.012e-02 | std: 0.0859 | rollout: 5.043s | update: 0.155s | total: 5.198s | samples/s: 12313
Iteration 3445 | train reward: -155.21 | best: 1599.59 | KL: 9.955e-03 | std: 0.0860 | rollout: 5.236s | update: 0.166s | total: 5.402s | samples/s: 11848
Iteration 3446 | train reward: -155.69 | best: 1599.59 | KL: 1.125e-02 | std: 0.0859 | rollout: 4.821s | update: 0.161s | total: 4.982s | samples/s: 12846
Iteration 3447 | train reward: -144.79 | best: 1599.59 | KL: 8.532e-03 | std: 0.0854 | rollout: 4.981s | update: 0.165s | total: 5.146s | samples/s: 12436
Iteration 3448 | train reward: -153.69 | best: 1599.59 | KL: 9.281e-03 | std: 0.0855 | rollout: 4.936s | update: 0.154s | total: 5.090s | samples/s: 12573
Iteration 3449 | train reward: -141.87 | best: 1599.59 | KL: 8.454e-03 | std: 0.0853 | rollout: 4.996s | update: 0.171s | total: 5.166s | samples/s: 12388
Iteration 3450 | train reward: -134.77 | best: 1599.59 | KL: 9.352e-03 | std: 0.0859 | rollout: 4.974s | update: 0.170s | total: 5.144s | samples/s: 12441
Iteration 3451 | train reward: -151.57 | best: 1599.59 | KL: 9.100e-03 | std: 0.0853 | rollout: 4.993s | update: 0.156s | total: 5.150s | samples/s: 12427
Iteration 3452 | train reward: -178.09 | best: 1599.59 | KL: 9.281e-03 | std: 0.0850 | rollout: 5.063s | update: 0.168s | total: 5.231s | samples/s: 12234
Iteration 3453 | train reward: -140.30 | best: 1599.59 | KL: 9.506e-03 | std: 0.0849 | rollout: 4.988s | update: 0.155s | total: 5.143s | samples/s: 12444
Iteration 3454 | train reward: -159.75 | best: 1599.59 | KL: 7.446e-03 | std: 0.0849 | rollout: 5.133s | update: 0.179s | total: 5.312s | samples/s: 12049
Iteration 3455 | train reward: -145.35 | best: 1599.59 | KL: 1.033e-02 | std: 0.0850 | rollout: 4.911s | update: 0.164s | total: 5.075s | samples/s: 12610
Iteration 3456 | train reward: -153.97 | best: 1599.59 | KL: 1.037e-02 | std: 0.0849 | rollout: 4.988s | update: 0.154s | total: 5.142s | samples/s: 12446
Iteration 3457 | train reward: -139.73 | best: 1599.59 | KL: 9.473e-03 | std: 0.0843 | rollout: 4.780s | update: 0.162s | total: 4.942s | samples/s: 12949
Iteration 3458 | train reward: -141.80 | best: 1599.59 | KL: 8.980e-03 | std: 0.0844 | rollout: 5.033s | update: 0.222s | total: 5.254s | samples/s: 12180
Iteration 3459 | train reward: -152.03 | best: 1599.59 | KL: 9.318e-03 | std: 0.0847 | rollout: 4.906s | update: 0.164s | total: 5.070s | samples/s: 12623
Iteration 3460 | train reward: -144.84 | best: 1599.59 | KL: 7.067e-03 | std: 0.0850 | rollout: 5.169s | update: 0.162s | total: 5.331s | samples/s: 12005
Iteration 3461 | train reward: -142.33 | best: 1599.59 | KL: 1.135e-02 | std: 0.0850 | rollout: 4.761s | update: 0.155s | total: 4.916s | samples/s: 13019
Iteration 3462 | train reward: -151.57 | best: 1599.59 | KL: 1.045e-02 | std: 0.0846 | rollout: 5.151s | update: 0.191s | total: 5.342s | samples/s: 11981
Iteration 3463 | train reward: -129.61 | best: 1599.59 | KL: 9.720e-03 | std: 0.0847 | rollout: 5.057s | update: 0.157s | total: 5.214s | samples/s: 12274
Iteration 3464 | train reward: -171.80 | best: 1599.59 | KL: 1.198e-02 | std: 0.0850 | rollout: 5.026s | update: 0.285s | total: 5.311s | samples/s: 12051
Iteration 3465 | train reward: -140.74 | best: 1599.59 | KL: 8.415e-03 | std: 0.0846 | rollout: 5.273s | update: 0.215s | total: 5.487s | samples/s: 11663
Iteration 3466 | train reward: -143.05 | best: 1599.59 | KL: 1.190e-02 | std: 0.0844 | rollout: 5.444s | update: 0.176s | total: 5.621s | samples/s: 11386
Iteration 3467 | train reward: -154.91 | best: 1599.59 | KL: 8.304e-03 | std: 0.0844 | rollout: 4.866s | update: 0.156s | total: 5.022s | samples/s: 12743
Iteration 3468 | train reward: -132.44 | best: 1599.59 | KL: 8.731e-03 | std: 0.0847 | rollout: 4.905s | update: 0.173s | total: 5.078s | samples/s: 12604
Iteration 3469 | train reward: -142.84 | best: 1599.59 | KL: 9.296e-03 | std: 0.0853 | rollout: 5.021s | update: 0.370s | total: 5.391s | samples/s: 11872
Iteration 3470 | train reward: -151.69 | best: 1599.59 | KL: 9.868e-03 | std: 0.0853 | rollout: 4.980s | update: 0.168s | total: 5.148s | samples/s: 12431
Iteration 3471 | train reward: -164.87 | best: 1599.59 | KL: 9.583e-03 | std: 0.0855 | rollout: 4.841s | update: 0.167s | total: 5.008s | samples/s: 12778
Iteration 3472 | train reward: -136.24 | best: 1599.59 | KL: 8.849e-03 | std: 0.0855 | rollout: 5.087s | update: 0.163s | total: 5.250s | samples/s: 12190
Iteration 3473 | train reward: -151.88 | best: 1599.59 | KL: 7.598e-03 | std: 0.0853 | rollout: 4.969s | update: 0.173s | total: 5.141s | samples/s: 12449
Iteration 3474 | train reward: -135.57 | best: 1599.59 | KL: 1.034e-02 | std: 0.0857 | rollout: 5.072s | update: 0.185s | total: 5.257s | samples/s: 12174
Iteration 3475 | train reward: -157.44 | best: 1599.59 | KL: 8.515e-03 | std: 0.0853 | rollout: 5.050s | update: 0.165s | total: 5.215s | samples/s: 12273
Iteration 3476 | train reward: -154.35 | best: 1599.59 | KL: 8.367e-03 | std: 0.0854 | rollout: 4.792s | update: 0.171s | total: 4.963s | samples/s: 12895
Iteration 3477 | train reward: -171.70 | best: 1599.59 | KL: 1.017e-02 | std: 0.0856 | rollout: 4.893s | update: 0.212s | total: 5.105s | samples/s: 12537
Iteration 3478 | train reward: -153.85 | best: 1599.59 | KL: 9.647e-03 | std: 0.0857 | rollout: 4.954s | update: 0.218s | total: 5.171s | samples/s: 12376
Iteration 3479 | train reward: -140.78 | best: 1599.59 | KL: 8.134e-03 | std: 0.0853 | rollout: 4.959s | update: 0.163s | total: 5.122s | samples/s: 12496
Iteration 3480 | train reward: -146.92 | best: 1599.59 | KL: 1.039e-02 | std: 0.0856 | rollout: 4.931s | update: 0.164s | total: 5.095s | samples/s: 12561
Iteration 3481 | train reward: -149.46 | best: 1599.59 | KL: 9.103e-03 | std: 0.0856 | rollout: 5.109s | update: 0.286s | total: 5.394s | samples/s: 11864
Iteration 3482 | train reward: -147.37 | best: 1599.59 | KL: 8.527e-03 | std: 0.0856 | rollout: 4.907s | update: 0.165s | total: 5.072s | samples/s: 12618
Iteration 3483 | train reward: -156.24 | best: 1599.59 | KL: 7.634e-03 | std: 0.0854 | rollout: 4.857s | update: 0.177s | total: 5.034s | samples/s: 12714
Iteration 3484 | train reward: -141.57 | best: 1599.59 | KL: 8.443e-03 | std: 0.0853 | rollout: 5.015s | update: 0.152s | total: 5.168s | samples/s: 12385
Iteration 3485 | train reward: -150.14 | best: 1599.59 | KL: 1.054e-02 | std: 0.0853 | rollout: 5.067s | update: 0.159s | total: 5.225s | samples/s: 12248
Iteration 3486 | train reward: -167.11 | best: 1599.59 | KL: 8.958e-03 | std: 0.0856 | rollout: 4.982s | update: 0.169s | total: 5.151s | samples/s: 12424
Iteration 3487 | train reward: -138.54 | best: 1599.59 | KL: 1.161e-02 | std: 0.0859 | rollout: 4.853s | update: 0.167s | total: 5.021s | samples/s: 12747
Iteration 3488 | train reward: -139.15 | best: 1599.59 | KL: 8.580e-03 | std: 0.0860 | rollout: 4.872s | update: 0.179s | total: 5.051s | samples/s: 12672
Iteration 3489 | train reward: -138.12 | best: 1599.59 | KL: 9.887e-03 | std: 0.0865 | rollout: 5.072s | update: 0.164s | total: 5.236s | samples/s: 12223
Iteration 3490 | train reward: -149.93 | best: 1599.59 | KL: 9.758e-03 | std: 0.0863 | rollout: 4.869s | update: 0.164s | total: 5.033s | samples/s: 12717
Iteration 3491 | train reward: -143.86 | best: 1599.59 | KL: 9.120e-03 | std: 0.0862 | rollout: 4.907s | update: 0.164s | total: 5.071s | samples/s: 12620
Iteration 3492 | train reward: -157.41 | best: 1599.59 | KL: 9.718e-03 | std: 0.0862 | rollout: 4.834s | update: 0.165s | total: 5.000s | samples/s: 12801
Iteration 3493 | train reward: -159.40 | best: 1599.59 | KL: 9.357e-03 | std: 0.0863 | rollout: 5.164s | update: 0.159s | total: 5.322s | samples/s: 12025
Iteration 3494 | train reward: -156.47 | best: 1599.59 | KL: 8.931e-03 | std: 0.0866 | rollout: 5.036s | update: 0.167s | total: 5.203s | samples/s: 12301
Iteration 3495 | train reward: -168.36 | best: 1599.59 | KL: 8.747e-03 | std: 0.0868 | rollout: 5.019s | update: 0.164s | total: 5.183s | samples/s: 12347
Iteration 3496 | train reward: -158.00 | best: 1599.59 | KL: 7.391e-03 | std: 0.0869 | rollout: 4.914s | update: 0.163s | total: 5.078s | samples/s: 12604
Iteration 3497 | train reward: -155.22 | best: 1599.59 | KL: 9.544e-03 | std: 0.0873 | rollout: 4.892s | update: 0.241s | total: 5.133s | samples/s: 12468
Iteration 3498 | train reward: -156.63 | best: 1599.59 | KL: 9.891e-03 | std: 0.0872 | rollout: 5.287s | update: 0.167s | total: 5.453s | samples/s: 11736
Iteration 3499 | train reward: -142.42 | best: 1599.59 | KL: 9.998e-03 | std: 0.0875 | rollout: 4.971s | update: 0.153s | total: 5.124s | samples/s: 12489
Iteration 3500 | train reward: -165.80 | best: 1599.59 | KL: 1.260e-02 | std: 0.0881 | rollout: 5.113s | update: 0.163s | total: 5.275s | samples/s: 12132
Iteration 3501 | train reward: -158.61 | best: 1599.59 | KL: 9.276e-03 | std: 0.0880 | rollout: 5.163s | update: 0.168s | total: 5.331s | samples/s: 12005
Iteration 3502 | train reward: -141.19 | best: 1599.59 | KL: 8.778e-03 | std: 0.0879 | rollout: 5.161s | update: 0.166s | total: 5.327s | samples/s: 12014
Iteration 3503 | train reward: -140.05 | best: 1599.59 | KL: 1.021e-02 | std: 0.0881 | rollout: 5.013s | update: 0.159s | total: 5.173s | samples/s: 12373
Iteration 3504 | train reward: -142.08 | best: 1599.59 | KL: 7.907e-03 | std: 0.0881 | rollout: 4.961s | update: 0.163s | total: 5.124s | samples/s: 12490
Iteration 3505 | train reward: -154.56 | best: 1599.59 | KL: 1.058e-02 | std: 0.0886 | rollout: 4.978s | update: 0.191s | total: 5.169s | samples/s: 12382
Iteration 3506 | train reward: -143.24 | best: 1599.59 | KL: 7.740e-03 | std: 0.0891 | rollout: 4.923s | update: 0.276s | total: 5.199s | samples/s: 12309
Iteration 3507 | train reward: -155.10 | best: 1599.59 | KL: 7.629e-03 | std: 0.0889 | rollout: 5.025s | update: 0.192s | total: 5.217s | samples/s: 12268
Iteration 3508 | train reward: -154.74 | best: 1599.59 | KL: 8.753e-03 | std: 0.0889 | rollout: 5.100s | update: 0.166s | total: 5.265s | samples/s: 12155
Iteration 3509 | train reward: -150.86 | best: 1599.59 | KL: 8.494e-03 | std: 0.0885 | rollout: 5.053s | update: 0.164s | total: 5.218s | samples/s: 12266
Iteration 3510 | train reward: -136.04 | best: 1599.59 | KL: 9.840e-03 | std: 0.0885 | rollout: 4.873s | update: 0.191s | total: 5.064s | samples/s: 12638
Iteration 3511 | train reward: -136.29 | best: 1599.59 | KL: 8.982e-03 | std: 0.0886 | rollout: 5.176s | update: 0.220s | total: 5.395s | samples/s: 11862
Iteration 3512 | train reward: -149.76 | best: 1599.59 | KL: 9.092e-03 | std: 0.0886 | rollout: 4.911s | update: 0.249s | total: 5.160s | samples/s: 12403
Iteration 3513 | train reward: -151.79 | best: 1599.59 | KL: 1.001e-02 | std: 0.0888 | rollout: 4.895s | update: 0.169s | total: 5.064s | samples/s: 12639
Iteration 3514 | train reward: -148.62 | best: 1599.59 | KL: 1.019e-02 | std: 0.0886 | rollout: 5.108s | update: 0.163s | total: 5.271s | samples/s: 12142
Iteration 3515 | train reward: -165.62 | best: 1599.59 | KL: 1.043e-02 | std: 0.0888 | rollout: 5.135s | update: 0.198s | total: 5.333s | samples/s: 12000
Iteration 3516 | train reward: -173.82 | best: 1599.59 | KL: 9.908e-03 | std: 0.0888 | rollout: 5.283s | update: 0.218s | total: 5.501s | samples/s: 11634
Iteration 3517 | train reward: -157.35 | best: 1599.59 | KL: 9.288e-03 | std: 0.0885 | rollout: 4.959s | update: 0.392s | total: 5.351s | samples/s: 11961
Iteration 3518 | train reward: -137.63 | best: 1599.59 | KL: 7.277e-03 | std: 0.0885 | rollout: 4.998s | update: 0.161s | total: 5.159s | samples/s: 12405
Iteration 3519 | train reward: -137.09 | best: 1599.59 | KL: 7.670e-03 | std: 0.0886 | rollout: 4.913s | update: 0.202s | total: 5.115s | samples/s: 12513
Iteration 3520 | train reward: -169.32 | best: 1599.59 | KL: 1.128e-02 | std: 0.0885 | rollout: 4.745s | update: 0.231s | total: 4.976s | samples/s: 12863
Iteration 3521 | train reward: -157.26 | best: 1599.59 | KL: 1.056e-02 | std: 0.0886 | rollout: 5.026s | update: 0.167s | total: 5.194s | samples/s: 12322
Iteration 3522 | train reward: -159.18 | best: 1599.59 | KL: 7.471e-03 | std: 0.0889 | rollout: 5.192s | update: 0.240s | total: 5.432s | samples/s: 11783
Iteration 3523 | train reward: -140.36 | best: 1599.59 | KL: 1.032e-02 | std: 0.0892 | rollout: 5.343s | update: 0.202s | total: 5.545s | samples/s: 11542
Iteration 3524 | train reward: -136.96 | best: 1599.59 | KL: 8.092e-03 | std: 0.0891 | rollout: 5.236s | update: 0.299s | total: 5.535s | samples/s: 11563
Iteration 3525 | train reward: -165.17 | best: 1599.59 | KL: 8.586e-03 | std: 0.0891 | rollout: 5.065s | update: 0.172s | total: 5.237s | samples/s: 12221
Iteration 3526 | train reward: -171.52 | best: 1599.59 | KL: 1.023e-02 | std: 0.0892 | rollout: 4.833s | update: 0.155s | total: 4.988s | samples/s: 12830
Iteration 3527 | train reward: -161.19 | best: 1599.59 | KL: 9.732e-03 | std: 0.0891 | rollout: 5.193s | update: 0.159s | total: 5.352s | samples/s: 11959
Iteration 3528 | train reward: -150.51 | best: 1599.59 | KL: 8.754e-03 | std: 0.0890 | rollout: 5.021s | update: 0.162s | total: 5.182s | samples/s: 12350
Iteration 3529 | train reward: -153.03 | best: 1599.59 | KL: 1.151e-02 | std: 0.0892 | rollout: 5.115s | update: 0.194s | total: 5.309s | samples/s: 12054
Iteration 3530 | train reward: -166.20 | best: 1599.59 | KL: 1.059e-02 | std: 0.0891 | rollout: 4.972s | update: 0.168s | total: 5.140s | samples/s: 12451
Iteration 3531 | train reward: -146.56 | best: 1599.59 | KL: 8.436e-03 | std: 0.0892 | rollout: 4.824s | update: 0.165s | total: 4.990s | samples/s: 12827
Iteration 3532 | train reward: -170.38 | best: 1599.59 | KL: 1.007e-02 | std: 0.0891 | rollout: 4.902s | update: 0.165s | total: 5.067s | samples/s: 12631
Iteration 3533 | train reward: -143.20 | best: 1599.59 | KL: 1.088e-02 | std: 0.0886 | rollout: 5.136s | update: 0.164s | total: 5.300s | samples/s: 12075
Iteration 3534 | train reward: -153.72 | best: 1599.59 | KL: 1.043e-02 | std: 0.0888 | rollout: 4.849s | update: 0.166s | total: 5.016s | samples/s: 12760
Iteration 3535 | train reward: -159.10 | best: 1599.59 | KL: 1.182e-02 | std: 0.0885 | rollout: 4.951s | update: 0.270s | total: 5.222s | samples/s: 12257
Iteration 3536 | train reward: -148.96 | best: 1599.59 | KL: 8.524e-03 | std: 0.0880 | rollout: 4.851s | update: 0.157s | total: 5.008s | samples/s: 12779
Iteration 3537 | train reward: -172.91 | best: 1599.59 | KL: 1.132e-02 | std: 0.0879 | rollout: 4.903s | update: 0.169s | total: 5.072s | samples/s: 12617
Iteration 3538 | train reward: -151.90 | best: 1599.59 | KL: 1.009e-02 | std: 0.0879 | rollout: 5.119s | update: 0.157s | total: 5.276s | samples/s: 12132
Iteration 3539 | train reward: -158.82 | best: 1599.59 | KL: 8.536e-03 | std: 0.0888 | rollout: 5.231s | update: 0.159s | total: 5.391s | samples/s: 11872
Iteration 3540 | train reward: -163.81 | best: 1599.59 | KL: 8.681e-03 | std: 0.0889 | rollout: 4.768s | update: 0.158s | total: 4.926s | samples/s: 12992
Iteration 3541 | train reward: -149.65 | best: 1599.59 | KL: 9.168e-03 | std: 0.0892 | rollout: 5.014s | update: 0.206s | total: 5.220s | samples/s: 12261
Iteration 3542 | train reward: -174.82 | best: 1599.59 | KL: 9.378e-03 | std: 0.0895 | rollout: 5.052s | update: 0.154s | total: 5.205s | samples/s: 12296
Iteration 3543 | train reward: -169.55 | best: 1599.59 | KL: 1.155e-02 | std: 0.0896 | rollout: 5.251s | update: 0.219s | total: 5.470s | samples/s: 11700
Iteration 3544 | train reward: -157.22 | best: 1599.59 | KL: 8.787e-03 | std: 0.0895 | rollout: 4.867s | update: 0.160s | total: 5.027s | samples/s: 12732
Iteration 3545 | train reward: -164.47 | best: 1599.59 | KL: 9.283e-03 | std: 0.0898 | rollout: 5.300s | update: 0.232s | total: 5.531s | samples/s: 11570
Iteration 3546 | train reward: -152.92 | best: 1599.59 | KL: 9.804e-03 | std: 0.0896 | rollout: 5.066s | update: 0.353s | total: 5.418s | samples/s: 11812
Iteration 3547 | train reward: -133.87 | best: 1599.59 | KL: 1.007e-02 | std: 0.0901 | rollout: 5.263s | update: 0.162s | total: 5.425s | samples/s: 11797
Iteration 3548 | train reward: -139.66 | best: 1599.59 | KL: 1.071e-02 | std: 0.0902 | rollout: 5.023s | update: 0.162s | total: 5.185s | samples/s: 12344
Iteration 3549 | train reward: -140.52 | best: 1599.59 | KL: 9.726e-03 | std: 0.0907 | rollout: 4.891s | update: 0.154s | total: 5.045s | samples/s: 12685
Iteration 3550 | train reward: -146.98 | best: 1599.59 | KL: 9.783e-03 | std: 0.0902 | rollout: 5.047s | update: 0.164s | total: 5.211s | samples/s: 12282
Iteration 3551 | train reward: -136.67 | best: 1599.59 | KL: 9.042e-03 | std: 0.0899 | rollout: 4.916s | update: 0.162s | total: 5.078s | samples/s: 12605
Iteration 3552 | train reward: -147.49 | best: 1599.59 | KL: 7.910e-03 | std: 0.0898 | rollout: 4.912s | update: 0.155s | total: 5.068s | samples/s: 12629
Iteration 3553 | train reward: -154.42 | best: 1599.59 | KL: 1.004e-02 | std: 0.0899 | rollout: 4.985s | update: 0.194s | total: 5.180s | samples/s: 12356
Iteration 3554 | train reward: -166.86 | best: 1599.59 | KL: 8.663e-03 | std: 0.0902 | rollout: 4.912s | update: 0.169s | total: 5.081s | samples/s: 12595
Iteration 3555 | train reward: -147.44 | best: 1599.59 | KL: 9.524e-03 | std: 0.0905 | rollout: 5.015s | update: 0.164s | total: 5.179s | samples/s: 12358
Iteration 3556 | train reward: -155.58 | best: 1599.59 | KL: 1.015e-02 | std: 0.0902 | rollout: 5.020s | update: 0.179s | total: 5.199s | samples/s: 12311
Iteration 3557 | train reward: -152.04 | best: 1599.59 | KL: 9.071e-03 | std: 0.0903 | rollout: 4.889s | update: 0.162s | total: 5.051s | samples/s: 12672
Iteration 3558 | train reward: -174.56 | best: 1599.59 | KL: 1.091e-02 | std: 0.0906 | rollout: 5.433s | update: 0.159s | total: 5.591s | samples/s: 11446
Iteration 3559 | train reward: -150.82 | best: 1599.59 | KL: 9.339e-03 | std: 0.0898 | rollout: 4.888s | update: 0.159s | total: 5.047s | samples/s: 12680
Iteration 3560 | train reward: -154.35 | best: 1599.59 | KL: 1.169e-02 | std: 0.0898 | rollout: 4.949s | update: 0.169s | total: 5.118s | samples/s: 12505
Iteration 3561 | train reward: -150.82 | best: 1599.59 | KL: 8.265e-03 | std: 0.0896 | rollout: 5.074s | update: 0.165s | total: 5.239s | samples/s: 12216
Iteration 3562 | train reward: -139.06 | best: 1599.59 | KL: 7.810e-03 | std: 0.0895 | rollout: 5.001s | update: 0.166s | total: 5.167s | samples/s: 12386
Iteration 3563 | train reward: -150.41 | best: 1599.59 | KL: 1.062e-02 | std: 0.0898 | rollout: 4.825s | update: 0.164s | total: 4.990s | samples/s: 12826
Iteration 3564 | train reward: -154.69 | best: 1599.59 | KL: 6.979e-03 | std: 0.0895 | rollout: 4.862s | update: 0.165s | total: 5.027s | samples/s: 12731
Iteration 3565 | train reward: -144.62 | best: 1599.59 | KL: 9.389e-03 | std: 0.0896 | rollout: 4.956s | update: 0.157s | total: 5.113s | samples/s: 12516
Iteration 3566 | train reward: -150.44 | best: 1599.59 | KL: 8.655e-03 | std: 0.0898 | rollout: 4.881s | update: 0.168s | total: 5.049s | samples/s: 12675
Iteration 3567 | train reward: -158.05 | best: 1599.59 | KL: 7.737e-03 | std: 0.0898 | rollout: 4.910s | update: 0.165s | total: 5.076s | samples/s: 12609
Iteration 3568 | train reward: -141.51 | best: 1599.59 | KL: 9.554e-03 | std: 0.0901 | rollout: 5.077s | update: 0.158s | total: 5.235s | samples/s: 12226
Iteration 3569 | train reward: -157.87 | best: 1599.59 | KL: 9.922e-03 | std: 0.0907 | rollout: 4.931s | update: 0.157s | total: 5.089s | samples/s: 12577
Iteration 3570 | train reward: -157.13 | best: 1599.59 | KL: 1.082e-02 | std: 0.0907 | rollout: 4.956s | update: 0.166s | total: 5.121s | samples/s: 12496
Iteration 3571 | train reward: -148.82 | best: 1599.59 | KL: 7.962e-03 | std: 0.0909 | rollout: 5.011s | update: 0.168s | total: 5.178s | samples/s: 12360
Iteration 3572 | train reward: -163.43 | best: 1599.59 | KL: 9.682e-03 | std: 0.0907 | rollout: 5.074s | update: 0.265s | total: 5.339s | samples/s: 11986
Iteration 3573 | train reward: -146.35 | best: 1599.59 | KL: 9.102e-03 | std: 0.0908 | rollout: 4.965s | update: 0.164s | total: 5.129s | samples/s: 12479
Iteration 3574 | train reward: -151.35 | best: 1599.59 | KL: 8.615e-03 | std: 0.0905 | rollout: 4.940s | update: 0.165s | total: 5.105s | samples/s: 12536
Iteration 3575 | train reward: -144.73 | best: 1599.59 | KL: 8.556e-03 | std: 0.0907 | rollout: 5.000s | update: 0.206s | total: 5.205s | samples/s: 12295
Iteration 3576 | train reward: -136.61 | best: 1599.59 | KL: 7.801e-03 | std: 0.0904 | rollout: 5.190s | update: 0.170s | total: 5.360s | samples/s: 11940
Iteration 3577 | train reward: -143.79 | best: 1599.59 | KL: 8.348e-03 | std: 0.0905 | rollout: 4.889s | update: 0.163s | total: 5.052s | samples/s: 12668
Iteration 3578 | train reward: -143.55 | best: 1599.59 | KL: 9.093e-03 | std: 0.0904 | rollout: 4.928s | update: 0.217s | total: 5.145s | samples/s: 12438
Iteration 3579 | train reward: -147.89 | best: 1599.59 | KL: 1.097e-02 | std: 0.0908 | rollout: 4.982s | update: 0.187s | total: 5.169s | samples/s: 12382
Iteration 3580 | train reward: -160.28 | best: 1599.59 | KL: 9.896e-03 | std: 0.0908 | rollout: 5.022s | update: 0.156s | total: 5.179s | samples/s: 12358
Iteration 3581 | train reward: -162.85 | best: 1599.59 | KL: 1.072e-02 | std: 0.0909 | rollout: 5.378s | update: 0.175s | total: 5.553s | samples/s: 11526
Iteration 3582 | train reward: -132.23 | best: 1599.59 | KL: 7.244e-03 | std: 0.0909 | rollout: 5.107s | update: 0.190s | total: 5.297s | samples/s: 12082
Iteration 3583 | train reward: -145.24 | best: 1599.59 | KL: 1.017e-02 | std: 0.0911 | rollout: 4.888s | update: 0.225s | total: 5.113s | samples/s: 12517
Iteration 3584 | train reward: -147.92 | best: 1599.59 | KL: 9.007e-03 | std: 0.0904 | rollout: 4.832s | update: 0.166s | total: 4.998s | samples/s: 12805
Iteration 3585 | train reward: -135.65 | best: 1599.59 | KL: 9.169e-03 | std: 0.0906 | rollout: 5.150s | update: 0.181s | total: 5.331s | samples/s: 12005
Iteration 3586 | train reward: -145.58 | best: 1599.59 | KL: 8.509e-03 | std: 0.0903 | rollout: 4.858s | update: 0.347s | total: 5.205s | samples/s: 12296
Iteration 3587 | train reward: -148.14 | best: 1599.59 | KL: 9.306e-03 | std: 0.0902 | rollout: 4.935s | update: 0.164s | total: 5.099s | samples/s: 12552
Iteration 3588 | train reward: -148.43 | best: 1599.59 | KL: 8.355e-03 | std: 0.0905 | rollout: 5.007s | update: 0.161s | total: 5.168s | samples/s: 12384
Iteration 3589 | train reward: -171.05 | best: 1599.59 | KL: 8.629e-03 | std: 0.0903 | rollout: 5.002s | update: 0.165s | total: 5.167s | samples/s: 12386
Iteration 3590 | train reward: -148.34 | best: 1599.59 | KL: 1.127e-02 | std: 0.0901 | rollout: 5.119s | update: 0.177s | total: 5.296s | samples/s: 12085
Iteration 3591 | train reward: -145.12 | best: 1599.59 | KL: 1.173e-02 | std: 0.0904 | rollout: 5.036s | update: 0.165s | total: 5.201s | samples/s: 12306
Iteration 3592 | train reward: -155.28 | best: 1599.59 | KL: 1.001e-02 | std: 0.0901 | rollout: 5.006s | update: 0.165s | total: 5.171s | samples/s: 12377
Iteration 3593 | train reward: -150.18 | best: 1599.59 | KL: 7.374e-03 | std: 0.0905 | rollout: 5.036s | update: 0.163s | total: 5.199s | samples/s: 12311
Iteration 3594 | train reward: -151.07 | best: 1599.59 | KL: 9.144e-03 | std: 0.0907 | rollout: 5.088s | update: 0.159s | total: 5.247s | samples/s: 12196
Iteration 3595 | train reward: -160.42 | best: 1599.59 | KL: 7.340e-03 | std: 0.0909 | rollout: 4.786s | update: 0.157s | total: 4.943s | samples/s: 12947
Iteration 3596 | train reward: -151.11 | best: 1599.59 | KL: 8.760e-03 | std: 0.0911 | rollout: 5.109s | update: 0.168s | total: 5.277s | samples/s: 12128
Iteration 3597 | train reward: -146.79 | best: 1599.59 | KL: 7.594e-03 | std: 0.0908 | rollout: 4.948s | update: 0.161s | total: 5.108s | samples/s: 12528
Iteration 3598 | train reward: -157.97 | best: 1599.59 | KL: 7.819e-03 | std: 0.0908 | rollout: 4.924s | update: 0.167s | total: 5.091s | samples/s: 12572
Iteration 3599 | train reward: -146.95 | best: 1599.59 | KL: 9.959e-03 | std: 0.0908 | rollout: 5.075s | update: 0.152s | total: 5.227s | samples/s: 12244
Iteration 3600 | train reward: -146.21 | best: 1599.59 | KL: 9.961e-03 | std: 0.0908 | rollout: 4.968s | update: 0.162s | total: 5.130s | samples/s: 12475
Iteration 3601 | train reward: -148.04 | best: 1599.59 | KL: 8.119e-03 | std: 0.0911 | rollout: 4.967s | update: 0.391s | total: 5.358s | samples/s: 11944
Iteration 3602 | train reward: -143.52 | best: 1599.59 | KL: 8.856e-03 | std: 0.0909 | rollout: 5.782s | update: 0.355s | total: 6.137s | samples/s: 10429
Iteration 3603 | train reward: -166.97 | best: 1599.59 | KL: 9.044e-03 | std: 0.0908 | rollout: 6.007s | update: 0.382s | total: 6.389s | samples/s: 10017
Iteration 3604 | train reward: -137.39 | best: 1599.59 | KL: 1.198e-02 | std: 0.0912 | rollout: 5.101s | update: 0.186s | total: 5.287s | samples/s: 12105
Iteration 3605 | train reward: -157.80 | best: 1599.59 | KL: 9.870e-03 | std: 0.0917 | rollout: 5.640s | update: 0.278s | total: 5.918s | samples/s: 10815
Iteration 3606 | train reward: -134.92 | best: 1599.59 | KL: 1.061e-02 | std: 0.0922 | rollout: 5.085s | update: 0.219s | total: 5.304s | samples/s: 12065
Iteration 3607 | train reward: -157.76 | best: 1599.59 | KL: 7.744e-03 | std: 0.0925 | rollout: 4.834s | update: 0.157s | total: 4.991s | samples/s: 12824
Iteration 3608 | train reward: -153.58 | best: 1599.59 | KL: 1.074e-02 | std: 0.0924 | rollout: 4.924s | update: 0.168s | total: 5.092s | samples/s: 12568
Iteration 3609 | train reward: -133.02 | best: 1599.59 | KL: 7.534e-03 | std: 0.0920 | rollout: 4.984s | update: 0.166s | total: 5.150s | samples/s: 12427
Iteration 3610 | train reward: -153.92 | best: 1599.59 | KL: 9.187e-03 | std: 0.0918 | rollout: 4.816s | update: 0.216s | total: 5.032s | samples/s: 12718
Iteration 3611 | train reward: -131.21 | best: 1599.59 | KL: 9.181e-03 | std: 0.0919 | rollout: 4.911s | update: 0.160s | total: 5.070s | samples/s: 12622
Iteration 3612 | train reward: -152.25 | best: 1599.59 | KL: 1.074e-02 | std: 0.0919 | rollout: 5.073s | update: 0.167s | total: 5.240s | samples/s: 12213
Iteration 3613 | train reward: -169.66 | best: 1599.59 | KL: 8.689e-03 | std: 0.0919 | rollout: 5.087s | update: 0.223s | total: 5.310s | samples/s: 12052
Iteration 3614 | train reward: -134.24 | best: 1599.59 | KL: 9.787e-03 | std: 0.0921 | rollout: 5.006s | update: 0.172s | total: 5.178s | samples/s: 12360
Iteration 3615 | train reward: -158.00 | best: 1599.59 | KL: 9.177e-03 | std: 0.0919 | rollout: 5.156s | update: 0.161s | total: 5.317s | samples/s: 12037
Iteration 3616 | train reward: -151.27 | best: 1599.59 | KL: 8.321e-03 | std: 0.0917 | rollout: 4.926s | update: 0.161s | total: 5.087s | samples/s: 12581
Iteration 3617 | train reward: -145.07 | best: 1599.59 | KL: 1.006e-02 | std: 0.0921 | rollout: 5.164s | update: 0.162s | total: 5.326s | samples/s: 12017
Iteration 3618 | train reward: -159.93 | best: 1599.59 | KL: 1.077e-02 | std: 0.0920 | rollout: 4.994s | update: 0.208s | total: 5.202s | samples/s: 12303
Iteration 3619 | train reward: -170.53 | best: 1599.59 | KL: 1.003e-02 | std: 0.0914 | rollout: 5.088s | update: 0.169s | total: 5.257s | samples/s: 12174
Iteration 3620 | train reward: -162.27 | best: 1599.59 | KL: 9.711e-03 | std: 0.0915 | rollout: 4.867s | update: 0.249s | total: 5.116s | samples/s: 12510
Iteration 3621 | train reward: -148.56 | best: 1599.59 | KL: 7.976e-03 | std: 0.0911 | rollout: 4.892s | update: 0.166s | total: 5.057s | samples/s: 12655
Iteration 3622 | train reward: -154.14 | best: 1599.59 | KL: 9.735e-03 | std: 0.0914 | rollout: 5.150s | update: 0.166s | total: 5.316s | samples/s: 12038
Iteration 3623 | train reward: -144.69 | best: 1599.59 | KL: 8.848e-03 | std: 0.0916 | rollout: 4.856s | update: 0.230s | total: 5.085s | samples/s: 12585
Iteration 3624 | train reward: -144.15 | best: 1599.59 | KL: 8.507e-03 | std: 0.0914 | rollout: 4.997s | update: 0.163s | total: 5.160s | samples/s: 12403
Iteration 3625 | train reward: -158.95 | best: 1599.59 | KL: 9.567e-03 | std: 0.0912 | rollout: 5.002s | update: 0.178s | total: 5.180s | samples/s: 12356
Iteration 3626 | train reward: -142.17 | best: 1599.59 | KL: 6.946e-03 | std: 0.0912 | rollout: 5.036s | update: 0.163s | total: 5.199s | samples/s: 12311
Iteration 3627 | train reward: -165.31 | best: 1599.59 | KL: 8.581e-03 | std: 0.0912 | rollout: 5.087s | update: 0.162s | total: 5.249s | samples/s: 12193
Iteration 3628 | train reward: -154.75 | best: 1599.59 | KL: 9.767e-03 | std: 0.0919 | rollout: 5.077s | update: 0.186s | total: 5.263s | samples/s: 12160
Iteration 3629 | train reward: -154.21 | best: 1599.59 | KL: 8.960e-03 | std: 0.0920 | rollout: 4.864s | update: 0.223s | total: 5.087s | samples/s: 12581
Iteration 3630 | train reward: -154.44 | best: 1599.59 | KL: 9.333e-03 | std: 0.0918 | rollout: 4.958s | update: 0.168s | total: 5.127s | samples/s: 12484
Iteration 3631 | train reward: -138.91 | best: 1599.59 | KL: 9.219e-03 | std: 0.0918 | rollout: 4.824s | update: 0.215s | total: 5.039s | samples/s: 12700
Iteration 3632 | train reward: -161.97 | best: 1599.59 | KL: 1.042e-02 | std: 0.0917 | rollout: 4.974s | update: 0.154s | total: 5.128s | samples/s: 12480
Iteration 3633 | train reward: -153.15 | best: 1599.59 | KL: 1.101e-02 | std: 0.0911 | rollout: 4.846s | update: 0.163s | total: 5.009s | samples/s: 12776
Iteration 3634 | train reward: -149.31 | best: 1599.59 | KL: 9.753e-03 | std: 0.0912 | rollout: 4.836s | update: 0.163s | total: 4.999s | samples/s: 12803
Iteration 3635 | train reward: -142.78 | best: 1599.59 | KL: 9.710e-03 | std: 0.0908 | rollout: 5.021s | update: 0.167s | total: 5.188s | samples/s: 12337
Iteration 3636 | train reward: -156.17 | best: 1599.59 | KL: 9.047e-03 | std: 0.0909 | rollout: 4.892s | update: 0.159s | total: 5.051s | samples/s: 12670
Iteration 3637 | train reward: -153.36 | best: 1599.59 | KL: 1.068e-02 | std: 0.0905 | rollout: 5.075s | update: 0.154s | total: 5.229s | samples/s: 12240
Iteration 3638 | train reward: -150.98 | best: 1599.59 | KL: 8.965e-03 | std: 0.0905 | rollout: 5.153s | update: 0.189s | total: 5.342s | samples/s: 11980
Iteration 3639 | train reward: -142.88 | best: 1599.59 | KL: 1.099e-02 | std: 0.0907 | rollout: 5.237s | update: 0.189s | total: 5.426s | samples/s: 11794
Iteration 3640 | train reward: -156.28 | best: 1599.59 | KL: 9.815e-03 | std: 0.0908 | rollout: 5.284s | update: 0.181s | total: 5.465s | samples/s: 11710
Iteration 3641 | train reward: -146.16 | best: 1599.59 | KL: 1.179e-02 | std: 0.0911 | rollout: 4.902s | update: 0.242s | total: 5.144s | samples/s: 12442
Iteration 3642 | train reward: -142.17 | best: 1599.59 | KL: 1.054e-02 | std: 0.0907 | rollout: 5.253s | update: 0.278s | total: 5.530s | samples/s: 11572
Iteration 3643 | train reward: -157.78 | best: 1599.59 | KL: 9.865e-03 | std: 0.0906 | rollout: 5.054s | update: 0.163s | total: 5.218s | samples/s: 12266
Iteration 3644 | train reward: -162.57 | best: 1599.59 | KL: 8.629e-03 | std: 0.0904 | rollout: 4.868s | update: 0.245s | total: 5.112s | samples/s: 12519
Iteration 3645 | train reward: -148.69 | best: 1599.59 | KL: 8.843e-03 | std: 0.0906 | rollout: 5.006s | update: 0.167s | total: 5.173s | samples/s: 12372
Iteration 3646 | train reward: -137.87 | best: 1599.59 | KL: 1.044e-02 | std: 0.0905 | rollout: 4.959s | update: 0.158s | total: 5.116s | samples/s: 12509
Iteration 3647 | train reward: -141.07 | best: 1599.59 | KL: 8.190e-03 | std: 0.0912 | rollout: 5.043s | update: 0.229s | total: 5.273s | samples/s: 12138
Iteration 3648 | train reward: -149.17 | best: 1599.59 | KL: 1.094e-02 | std: 0.0917 | rollout: 5.062s | update: 0.334s | total: 5.396s | samples/s: 11861
Iteration 3649 | train reward: -143.33 | best: 1599.59 | KL: 1.010e-02 | std: 0.0914 | rollout: 5.039s | update: 0.155s | total: 5.194s | samples/s: 12321
Iteration 3650 | train reward: -147.38 | best: 1599.59 | KL: 1.063e-02 | std: 0.0917 | rollout: 5.091s | update: 0.145s | total: 5.236s | samples/s: 12223
Iteration 3651 | train reward: -146.97 | best: 1599.59 | KL: 8.238e-03 | std: 0.0908 | rollout: 4.998s | update: 0.164s | total: 5.161s | samples/s: 12400
Iteration 3652 | train reward: -156.48 | best: 1599.59 | KL: 8.435e-03 | std: 0.0908 | rollout: 4.883s | update: 0.154s | total: 5.037s | samples/s: 12706
Iteration 3653 | train reward: -143.83 | best: 1599.59 | KL: 1.198e-02 | std: 0.0904 | rollout: 4.875s | update: 0.154s | total: 5.029s | samples/s: 12725
Iteration 3654 | train reward: -148.07 | best: 1599.59 | KL: 9.433e-03 | std: 0.0899 | rollout: 4.920s | update: 0.149s | total: 5.070s | samples/s: 12623
Iteration 3655 | train reward: -133.57 | best: 1599.59 | KL: 1.076e-02 | std: 0.0898 | rollout: 5.042s | update: 0.214s | total: 5.256s | samples/s: 12176
Iteration 3656 | train reward: -143.94 | best: 1599.59 | KL: 8.932e-03 | std: 0.0895 | rollout: 5.425s | update: 0.177s | total: 5.603s | samples/s: 11423
Iteration 3657 | train reward: -167.47 | best: 1599.59 | KL: 1.023e-02 | std: 0.0898 | rollout: 5.165s | update: 0.158s | total: 5.323s | samples/s: 12022
Iteration 3658 | train reward: -151.34 | best: 1599.59 | KL: 9.865e-03 | std: 0.0896 | rollout: 5.047s | update: 0.147s | total: 5.194s | samples/s: 12322
Iteration 3659 | train reward: -153.24 | best: 1599.59 | KL: 7.622e-03 | std: 0.0893 | rollout: 4.939s | update: 0.147s | total: 5.086s | samples/s: 12584
Iteration 3660 | train reward: -133.73 | best: 1599.59 | KL: 1.087e-02 | std: 0.0889 | rollout: 4.983s | update: 0.183s | total: 5.166s | samples/s: 12389
Iteration 3661 | train reward: -153.29 | best: 1599.59 | KL: 1.029e-02 | std: 0.0889 | rollout: 5.002s | update: 0.149s | total: 5.151s | samples/s: 12426
Iteration 3662 | train reward: -144.62 | best: 1599.59 | KL: 8.620e-03 | std: 0.0896 | rollout: 4.936s | update: 0.145s | total: 5.081s | samples/s: 12596
Iteration 3663 | train reward: -155.02 | best: 1599.59 | KL: 9.158e-03 | std: 0.0895 | rollout: 5.070s | update: 0.278s | total: 5.348s | samples/s: 11967
Iteration 3664 | train reward: -166.15 | best: 1599.59 | KL: 1.122e-02 | std: 0.0890 | rollout: 5.186s | update: 0.152s | total: 5.338s | samples/s: 11988
Iteration 3665 | train reward: -142.15 | best: 1599.59 | KL: 8.952e-03 | std: 0.0893 | rollout: 4.860s | update: 0.174s | total: 5.034s | samples/s: 12714
Iteration 3666 | train reward: -159.31 | best: 1599.59 | KL: 1.116e-02 | std: 0.0889 | rollout: 4.928s | update: 0.161s | total: 5.089s | samples/s: 12576
Iteration 3667 | train reward: -146.57 | best: 1599.59 | KL: 1.100e-02 | std: 0.0889 | rollout: 5.196s | update: 0.155s | total: 5.351s | samples/s: 11961
Iteration 3668 | train reward: -161.94 | best: 1599.59 | KL: 9.404e-03 | std: 0.0886 | rollout: 4.916s | update: 0.236s | total: 5.152s | samples/s: 12423
Iteration 3669 | train reward: -143.58 | best: 1599.59 | KL: 9.617e-03 | std: 0.0883 | rollout: 5.046s | update: 0.160s | total: 5.205s | samples/s: 12295
Iteration 3670 | train reward: -151.57 | best: 1599.59 | KL: 1.130e-02 | std: 0.0881 | rollout: 5.207s | update: 0.227s | total: 5.434s | samples/s: 11778
Iteration 3671 | train reward: -165.39 | best: 1599.59 | KL: 8.249e-03 | std: 0.0879 | rollout: 4.942s | update: 0.171s | total: 5.114s | samples/s: 12515
Iteration 3672 | train reward: -148.91 | best: 1599.59 | KL: 8.410e-03 | std: 0.0881 | rollout: 5.008s | update: 0.196s | total: 5.203s | samples/s: 12299
Iteration 3673 | train reward: -145.28 | best: 1599.59 | KL: 1.044e-02 | std: 0.0880 | rollout: 5.067s | update: 0.160s | total: 5.227s | samples/s: 12244
Iteration 3674 | train reward: -136.12 | best: 1599.59 | KL: 1.071e-02 | std: 0.0879 | rollout: 4.918s | update: 0.154s | total: 5.072s | samples/s: 12618
Iteration 3675 | train reward: -158.75 | best: 1599.59 | KL: 1.093e-02 | std: 0.0872 | rollout: 4.890s | update: 0.163s | total: 5.053s | samples/s: 12665
Iteration 3676 | train reward: -147.15 | best: 1599.59 | KL: 8.167e-03 | std: 0.0872 | rollout: 4.826s | update: 0.155s | total: 4.981s | samples/s: 12848
Iteration 3677 | train reward: -144.86 | best: 1599.59 | KL: 8.223e-03 | std: 0.0873 | rollout: 5.084s | update: 0.217s | total: 5.301s | samples/s: 12073
Iteration 3678 | train reward: -150.69 | best: 1599.59 | KL: 8.794e-03 | std: 0.0873 | rollout: 4.883s | update: 0.154s | total: 5.037s | samples/s: 12706
Iteration 3679 | train reward: -151.04 | best: 1599.59 | KL: 9.314e-03 | std: 0.0878 | rollout: 4.977s | update: 0.175s | total: 5.152s | samples/s: 12423
Iteration 3680 | train reward: -160.70 | best: 1599.59 | KL: 9.508e-03 | std: 0.0876 | rollout: 5.088s | update: 0.188s | total: 5.276s | samples/s: 12130
Iteration 3681 | train reward: -160.39 | best: 1599.59 | KL: 8.603e-03 | std: 0.0873 | rollout: 5.014s | update: 0.165s | total: 5.180s | samples/s: 12356
Iteration 3682 | train reward: -150.58 | best: 1599.59 | KL: 8.649e-03 | std: 0.0881 | rollout: 5.075s | update: 0.179s | total: 5.254s | samples/s: 12182
Iteration 3683 | train reward: -153.06 | best: 1599.59 | KL: 9.532e-03 | std: 0.0882 | rollout: 5.044s | update: 0.160s | total: 5.205s | samples/s: 12297
Iteration 3684 | train reward: -154.43 | best: 1599.59 | KL: 7.367e-03 | std: 0.0885 | rollout: 5.268s | update: 0.317s | total: 5.585s | samples/s: 11460
Iteration 3685 | train reward: -179.05 | best: 1599.59 | KL: 9.740e-03 | std: 0.0885 | rollout: 5.137s | update: 0.170s | total: 5.307s | samples/s: 12060
Iteration 3686 | train reward: -160.08 | best: 1599.59 | KL: 9.068e-03 | std: 0.0885 | rollout: 4.871s | update: 0.219s | total: 5.090s | samples/s: 12573
Iteration 3687 | train reward: -157.27 | best: 1599.59 | KL: 1.007e-02 | std: 0.0880 | rollout: 5.009s | update: 0.194s | total: 5.203s | samples/s: 12301
Iteration 3688 | train reward: -148.08 | best: 1599.59 | KL: 8.387e-03 | std: 0.0890 | rollout: 5.097s | update: 0.162s | total: 5.259s | samples/s: 12169
Iteration 3689 | train reward: -153.74 | best: 1599.59 | KL: 1.060e-02 | std: 0.0893 | rollout: 4.839s | update: 0.162s | total: 5.002s | samples/s: 12796
Iteration 3690 | train reward: -146.09 | best: 1599.59 | KL: 8.449e-03 | std: 0.0892 | rollout: 5.082s | update: 0.168s | total: 5.250s | samples/s: 12190
Iteration 3691 | train reward: -144.91 | best: 1599.59 | KL: 7.153e-03 | std: 0.0890 | rollout: 5.191s | update: 0.225s | total: 5.416s | samples/s: 11817
Iteration 3692 | train reward: -150.40 | best: 1599.59 | KL: 8.191e-03 | std: 0.0889 | rollout: 4.997s | update: 0.164s | total: 5.160s | samples/s: 12402
Iteration 3693 | train reward: -136.09 | best: 1599.59 | KL: 9.631e-03 | std: 0.0885 | rollout: 4.939s | update: 0.170s | total: 5.109s | samples/s: 12528
Iteration 3694 | train reward: -170.64 | best: 1599.59 | KL: 1.057e-02 | std: 0.0881 | rollout: 4.943s | update: 0.157s | total: 5.100s | samples/s: 12549
Iteration 3695 | train reward: -150.74 | best: 1599.59 | KL: 8.003e-03 | std: 0.0882 | rollout: 4.869s | update: 0.234s | total: 5.103s | samples/s: 12542
Iteration 3696 | train reward: -156.96 | best: 1599.59 | KL: 9.002e-03 | std: 0.0879 | rollout: 5.359s | update: 0.157s | total: 5.517s | samples/s: 11602
Iteration 3697 | train reward: -155.08 | best: 1599.59 | KL: 9.031e-03 | std: 0.0882 | rollout: 5.011s | update: 0.198s | total: 5.209s | samples/s: 12286
Iteration 3698 | train reward: -152.99 | best: 1599.59 | KL: 1.158e-02 | std: 0.0882 | rollout: 5.008s | update: 0.166s | total: 5.174s | samples/s: 12370
Iteration 3699 | train reward: -135.82 | best: 1599.59 | KL: 7.871e-03 | std: 0.0886 | rollout: 4.993s | update: 0.168s | total: 5.162s | samples/s: 12399
Iteration 3700 | train reward: -157.17 | best: 1599.59 | KL: 1.145e-02 | std: 0.0885 | rollout: 5.016s | update: 0.164s | total: 5.180s | samples/s: 12355
Iteration 3701 | train reward: -164.05 | best: 1599.59 | KL: 8.896e-03 | std: 0.0880 | rollout: 4.908s | update: 0.175s | total: 5.084s | samples/s: 12590
Iteration 3702 | train reward: -148.67 | best: 1599.59 | KL: 8.141e-03 | std: 0.0876 | rollout: 5.130s | update: 0.146s | total: 5.276s | samples/s: 12130
Iteration 3703 | train reward: -166.29 | best: 1599.59 | KL: 1.159e-02 | std: 0.0878 | rollout: 4.919s | update: 0.174s | total: 5.093s | samples/s: 12567
Iteration 3704 | train reward: -150.46 | best: 1599.59 | KL: 6.541e-03 | std: 0.0882 | rollout: 5.057s | update: 0.164s | total: 5.220s | samples/s: 12260
Iteration 3705 | train reward: -131.61 | best: 1599.59 | KL: 8.463e-03 | std: 0.0878 | rollout: 5.078s | update: 0.152s | total: 5.230s | samples/s: 12238
Iteration 3706 | train reward: -161.80 | best: 1599.59 | KL: 7.700e-03 | std: 0.0877 | rollout: 4.732s | update: 0.154s | total: 4.886s | samples/s: 13100
Iteration 3707 | train reward: -136.15 | best: 1599.59 | KL: 9.000e-03 | std: 0.0876 | rollout: 4.904s | update: 0.170s | total: 5.073s | samples/s: 12615
Iteration 3708 | train reward: -130.58 | best: 1599.59 | KL: 9.070e-03 | std: 0.0879 | rollout: 5.036s | update: 0.240s | total: 5.275s | samples/s: 12132
Iteration 3709 | train reward: -136.02 | best: 1599.59 | KL: 9.471e-03 | std: 0.0879 | rollout: 5.038s | update: 0.227s | total: 5.264s | samples/s: 12157
Iteration 3710 | train reward: -154.57 | best: 1599.59 | KL: 8.623e-03 | std: 0.0873 | rollout: 5.054s | update: 0.210s | total: 5.265s | samples/s: 12157
Iteration 3711 | train reward: -138.08 | best: 1599.59 | KL: 9.266e-03 | std: 0.0869 | rollout: 4.957s | update: 0.210s | total: 5.166s | samples/s: 12388
Iteration 3712 | train reward: -161.43 | best: 1599.59 | KL: 8.716e-03 | std: 0.0868 | rollout: 4.989s | update: 0.151s | total: 5.140s | samples/s: 12452
Iteration 3713 | train reward: -150.59 | best: 1599.59 | KL: 9.593e-03 | std: 0.0869 | rollout: 4.951s | update: 0.157s | total: 5.108s | samples/s: 12529
Iteration 3714 | train reward: -148.74 | best: 1599.59 | KL: 8.186e-03 | std: 0.0869 | rollout: 5.060s | update: 0.165s | total: 5.224s | samples/s: 12250
Iteration 3715 | train reward: -160.76 | best: 1599.59 | KL: 7.721e-03 | std: 0.0875 | rollout: 5.158s | update: 0.156s | total: 5.314s | samples/s: 12043
Iteration 3716 | train reward: -159.32 | best: 1599.59 | KL: 1.140e-02 | std: 0.0877 | rollout: 4.908s | update: 0.165s | total: 5.073s | samples/s: 12615
Iteration 3717 | train reward: -143.91 | best: 1599.59 | KL: 8.629e-03 | std: 0.0876 | rollout: 5.164s | update: 0.204s | total: 5.368s | samples/s: 11924
Iteration 3718 | train reward: -145.02 | best: 1599.59 | KL: 9.242e-03 | std: 0.0873 | rollout: 5.021s | update: 0.162s | total: 5.183s | samples/s: 12349
Iteration 3719 | train reward: -155.87 | best: 1599.59 | KL: 1.310e-02 | std: 0.0868 | rollout: 5.026s | update: 0.164s | total: 5.190s | samples/s: 12331
Iteration 3720 | train reward: -174.31 | best: 1599.59 | KL: 1.123e-02 | std: 0.0869 | rollout: 4.753s | update: 0.162s | total: 4.915s | samples/s: 13021
Iteration 3721 | train reward: -156.20 | best: 1599.59 | KL: 8.103e-03 | std: 0.0866 | rollout: 4.785s | update: 0.165s | total: 4.950s | samples/s: 12929
Iteration 3722 | train reward: -138.91 | best: 1599.59 | KL: 9.596e-03 | std: 0.0869 | rollout: 5.113s | update: 0.157s | total: 5.269s | samples/s: 12146
Iteration 3723 | train reward: -142.97 | best: 1599.59 | KL: 9.198e-03 | std: 0.0873 | rollout: 4.929s | update: 0.178s | total: 5.107s | samples/s: 12532
Iteration 3724 | train reward: -154.12 | best: 1599.59 | KL: 7.937e-03 | std: 0.0873 | rollout: 4.815s | update: 0.154s | total: 4.968s | samples/s: 12882
Iteration 3725 | train reward: -178.40 | best: 1599.59 | KL: 1.123e-02 | std: 0.0873 | rollout: 5.116s | update: 0.157s | total: 5.273s | samples/s: 12137
Iteration 3726 | train reward: -141.46 | best: 1599.59 | KL: 9.748e-03 | std: 0.0866 | rollout: 4.956s | update: 0.162s | total: 5.118s | samples/s: 12506
Iteration 3727 | train reward: -153.99 | best: 1599.59 | KL: 9.683e-03 | std: 0.0869 | rollout: 5.172s | update: 0.183s | total: 5.356s | samples/s: 11950
Iteration 3728 | train reward: -146.23 | best: 1599.59 | KL: 1.035e-02 | std: 0.0869 | rollout: 4.868s | update: 0.169s | total: 5.037s | samples/s: 12706
Iteration 3729 | train reward: -161.17 | best: 1599.59 | KL: 9.840e-03 | std: 0.0863 | rollout: 5.076s | update: 0.161s | total: 5.237s | samples/s: 12220
Iteration 3730 | train reward: -169.30 | best: 1599.59 | KL: 1.105e-02 | std: 0.0867 | rollout: 4.887s | update: 0.168s | total: 5.055s | samples/s: 12661
Iteration 3731 | train reward: -161.83 | best: 1599.59 | KL: 1.034e-02 | std: 0.0865 | rollout: 5.049s | update: 0.159s | total: 5.208s | samples/s: 12290
Iteration 3732 | train reward: -136.21 | best: 1599.59 | KL: 8.016e-03 | std: 0.0862 | rollout: 5.150s | update: 0.164s | total: 5.315s | samples/s: 12042
Iteration 3733 | train reward: -140.66 | best: 1599.59 | KL: 8.175e-03 | std: 0.0859 | rollout: 4.911s | update: 0.156s | total: 5.066s | samples/s: 12633
Iteration 3734 | train reward: -149.82 | best: 1599.59 | KL: 9.593e-03 | std: 0.0857 | rollout: 5.101s | update: 0.157s | total: 5.258s | samples/s: 12172
Iteration 3735 | train reward: -150.80 | best: 1599.59 | KL: 8.707e-03 | std: 0.0860 | rollout: 5.092s | update: 0.148s | total: 5.240s | samples/s: 12215
Iteration 3736 | train reward: -150.25 | best: 1599.59 | KL: 1.122e-02 | std: 0.0860 | rollout: 5.065s | update: 0.183s | total: 5.247s | samples/s: 12197
Iteration 3737 | train reward: -143.68 | best: 1599.59 | KL: 8.099e-03 | std: 0.0856 | rollout: 5.031s | update: 0.166s | total: 5.197s | samples/s: 12315
Iteration 3738 | train reward: -152.62 | best: 1599.59 | KL: 9.682e-03 | std: 0.0852 | rollout: 5.005s | update: 0.150s | total: 5.155s | samples/s: 12416
Iteration 3739 | train reward: -147.81 | best: 1599.59 | KL: 9.029e-03 | std: 0.0849 | rollout: 5.125s | update: 0.182s | total: 5.308s | samples/s: 12058
Iteration 3740 | train reward: -142.41 | best: 1599.59 | KL: 8.350e-03 | std: 0.0846 | rollout: 5.153s | update: 0.173s | total: 5.325s | samples/s: 12018
Iteration 3741 | train reward: -147.85 | best: 1599.59 | KL: 8.626e-03 | std: 0.0843 | rollout: 5.198s | update: 0.234s | total: 5.433s | samples/s: 11780
Iteration 3742 | train reward: -145.45 | best: 1599.59 | KL: 8.142e-03 | std: 0.0844 | rollout: 5.076s | update: 0.218s | total: 5.294s | samples/s: 12089
Iteration 3743 | train reward: -154.77 | best: 1599.59 | KL: 1.049e-02 | std: 0.0846 | rollout: 5.068s | update: 0.191s | total: 5.259s | samples/s: 12169
Iteration 3744 | train reward: -153.24 | best: 1599.59 | KL: 8.551e-03 | std: 0.0847 | rollout: 4.895s | update: 0.168s | total: 5.063s | samples/s: 12640
Iteration 3745 | train reward: -157.21 | best: 1599.59 | KL: 9.973e-03 | std: 0.0849 | rollout: 4.987s | update: 0.157s | total: 5.145s | samples/s: 12440
Iteration 3746 | train reward: -141.41 | best: 1599.59 | KL: 8.974e-03 | std: 0.0849 | rollout: 4.952s | update: 0.154s | total: 5.105s | samples/s: 12536
Iteration 3747 | train reward: -152.85 | best: 1599.59 | KL: 1.127e-02 | std: 0.0850 | rollout: 5.009s | update: 0.211s | total: 5.220s | samples/s: 12260
Iteration 3748 | train reward: -140.46 | best: 1599.59 | KL: 8.087e-03 | std: 0.0847 | rollout: 5.259s | update: 0.162s | total: 5.421s | samples/s: 11805
Iteration 3749 | train reward: -163.65 | best: 1599.59 | KL: 1.051e-02 | std: 0.0850 | rollout: 4.927s | update: 0.166s | total: 5.093s | samples/s: 12567
Iteration 3750 | train reward: -161.55 | best: 1599.59 | KL: 8.941e-03 | std: 0.0853 | rollout: 5.153s | update: 0.157s | total: 5.309s | samples/s: 12054
Iteration 3751 | train reward: -159.21 | best: 1599.59 | KL: 9.245e-03 | std: 0.0853 | rollout: 5.037s | update: 0.158s | total: 5.196s | samples/s: 12318
Iteration 3752 | train reward: -138.89 | best: 1599.59 | KL: 8.696e-03 | std: 0.0853 | rollout: 4.939s | update: 0.209s | total: 5.148s | samples/s: 12431
Iteration 3753 | train reward: -158.42 | best: 1599.59 | KL: 7.781e-03 | std: 0.0853 | rollout: 5.065s | update: 0.197s | total: 5.263s | samples/s: 12161
Iteration 3754 | train reward: -145.29 | best: 1599.59 | KL: 8.634e-03 | std: 0.0853 | rollout: 5.450s | update: 0.181s | total: 5.631s | samples/s: 11366
Iteration 3755 | train reward: -140.64 | best: 1599.59 | KL: 1.001e-02 | std: 0.0850 | rollout: 5.091s | update: 0.155s | total: 5.246s | samples/s: 12200
Iteration 3756 | train reward: -160.86 | best: 1599.59 | KL: 9.368e-03 | std: 0.0852 | rollout: 5.023s | update: 0.217s | total: 5.240s | samples/s: 12214
Iteration 3757 | train reward: -144.31 | best: 1599.59 | KL: 8.891e-03 | std: 0.0855 | rollout: 5.044s | update: 0.154s | total: 5.199s | samples/s: 12311
Iteration 3758 | train reward: -164.81 | best: 1599.59 | KL: 1.059e-02 | std: 0.0852 | rollout: 5.168s | update: 0.168s | total: 5.335s | samples/s: 11996
Iteration 3759 | train reward: -135.79 | best: 1599.59 | KL: 8.687e-03 | std: 0.0852 | rollout: 5.066s | update: 0.164s | total: 5.230s | samples/s: 12237
Iteration 3760 | train reward: -154.31 | best: 1599.59 | KL: 8.665e-03 | std: 0.0846 | rollout: 4.874s | update: 0.154s | total: 5.028s | samples/s: 12729
Iteration 3761 | train reward: -138.48 | best: 1599.59 | KL: 8.098e-03 | std: 0.0840 | rollout: 5.079s | update: 0.158s | total: 5.237s | samples/s: 12221
Iteration 3762 | train reward: -140.34 | best: 1599.59 | KL: 7.344e-03 | std: 0.0841 | rollout: 5.032s | update: 0.169s | total: 5.201s | samples/s: 12305
Iteration 3763 | train reward: -144.85 | best: 1599.59 | KL: 8.362e-03 | std: 0.0842 | rollout: 5.049s | update: 0.223s | total: 5.272s | samples/s: 12140
Iteration 3764 | train reward: -173.97 | best: 1599.59 | KL: 1.043e-02 | std: 0.0844 | rollout: 4.952s | update: 0.160s | total: 5.112s | samples/s: 12520
Iteration 3765 | train reward: -147.50 | best: 1599.59 | KL: 9.267e-03 | std: 0.0843 | rollout: 5.044s | update: 0.204s | total: 5.248s | samples/s: 12195
Iteration 3766 | train reward: -153.55 | best: 1599.59 | KL: 8.359e-03 | std: 0.0842 | rollout: 5.037s | update: 0.202s | total: 5.239s | samples/s: 12216
Iteration 3767 | train reward: -161.46 | best: 1599.59 | KL: 1.004e-02 | std: 0.0847 | rollout: 4.978s | update: 0.154s | total: 5.132s | samples/s: 12471
Iteration 3768 | train reward: -170.88 | best: 1599.59 | KL: 1.089e-02 | std: 0.0846 | rollout: 5.167s | update: 0.199s | total: 5.365s | samples/s: 11928
Iteration 3769 | train reward: -166.68 | best: 1599.59 | KL: 9.783e-03 | std: 0.0849 | rollout: 5.205s | update: 0.166s | total: 5.370s | samples/s: 11918
Iteration 3770 | train reward: -154.13 | best: 1599.59 | KL: 9.244e-03 | std: 0.0843 | rollout: 5.003s | update: 0.162s | total: 5.165s | samples/s: 12392
Iteration 3771 | train reward: -150.07 | best: 1599.59 | KL: 8.713e-03 | std: 0.0842 | rollout: 5.219s | update: 0.167s | total: 5.385s | samples/s: 11884
Iteration 3772 | train reward: -158.21 | best: 1599.59 | KL: 9.834e-03 | std: 0.0842 | rollout: 4.924s | update: 0.159s | total: 5.083s | samples/s: 12591
Iteration 3773 | train reward: -149.25 | best: 1599.59 | KL: 9.337e-03 | std: 0.0840 | rollout: 5.265s | update: 0.215s | total: 5.480s | samples/s: 11678
Iteration 3774 | train reward: -137.52 | best: 1599.59 | KL: 1.006e-02 | std: 0.0842 | rollout: 5.857s | update: 0.214s | total: 6.071s | samples/s: 10542
Iteration 3775 | train reward: -140.64 | best: 1599.59 | KL: 9.772e-03 | std: 0.0843 | rollout: 5.559s | update: 0.285s | total: 5.844s | samples/s: 10951
Iteration 3776 | train reward: -145.37 | best: 1599.59 | KL: 8.197e-03 | std: 0.0842 | rollout: 5.124s | update: 0.154s | total: 5.278s | samples/s: 12126
Iteration 3777 | train reward: -140.37 | best: 1599.59 | KL: 7.668e-03 | std: 0.0846 | rollout: 5.442s | update: 0.215s | total: 5.657s | samples/s: 11314
Iteration 3778 | train reward: -137.32 | best: 1599.59 | KL: 7.861e-03 | std: 0.0843 | rollout: 5.006s | update: 0.233s | total: 5.239s | samples/s: 12216
Iteration 3779 | train reward: -146.59 | best: 1599.59 | KL: 8.690e-03 | std: 0.0842 | rollout: 5.157s | update: 0.162s | total: 5.319s | samples/s: 12033
Iteration 3780 | train reward: -140.77 | best: 1599.59 | KL: 8.030e-03 | std: 0.0843 | rollout: 5.598s | update: 0.209s | total: 5.807s | samples/s: 11020
Iteration 3781 | train reward: -145.75 | best: 1599.59 | KL: 9.159e-03 | std: 0.0844 | rollout: 4.795s | update: 0.160s | total: 4.955s | samples/s: 12915
Iteration 3782 | train reward: -152.34 | best: 1599.59 | KL: 8.945e-03 | std: 0.0846 | rollout: 5.012s | update: 0.167s | total: 5.179s | samples/s: 12358
Iteration 3783 | train reward: -146.73 | best: 1599.59 | KL: 9.225e-03 | std: 0.0842 | rollout: 4.990s | update: 0.165s | total: 5.155s | samples/s: 12414
Iteration 3784 | train reward: -164.22 | best: 1599.59 | KL: 1.362e-02 | std: 0.0842 | rollout: 4.875s | update: 0.297s | total: 5.172s | samples/s: 12373
Iteration 3785 | train reward: -166.06 | best: 1599.59 | KL: 1.197e-02 | std: 0.0843 | rollout: 4.919s | update: 0.225s | total: 5.144s | samples/s: 12441
Iteration 3786 | train reward: -150.96 | best: 1599.59 | KL: 9.568e-03 | std: 0.0846 | rollout: 4.981s | update: 0.169s | total: 5.149s | samples/s: 12428
Iteration 3787 | train reward: -150.44 | best: 1599.59 | KL: 9.801e-03 | std: 0.0847 | rollout: 4.925s | update: 0.223s | total: 5.148s | samples/s: 12432
Iteration 3788 | train reward: -144.70 | best: 1599.59 | KL: 8.356e-03 | std: 0.0847 | rollout: 4.889s | update: 0.194s | total: 5.083s | samples/s: 12590
Iteration 3789 | train reward: -142.52 | best: 1599.59 | KL: 1.079e-02 | std: 0.0850 | rollout: 4.899s | update: 0.158s | total: 5.057s | samples/s: 12656
Iteration 3790 | train reward: -156.99 | best: 1599.59 | KL: 1.054e-02 | std: 0.0853 | rollout: 4.842s | update: 0.160s | total: 5.002s | samples/s: 12795
Iteration 3791 | train reward: -154.45 | best: 1599.59 | KL: 1.177e-02 | std: 0.0856 | rollout: 5.070s | update: 0.204s | total: 5.275s | samples/s: 12134
Iteration 3792 | train reward: -142.87 | best: 1599.59 | KL: 7.357e-03 | std: 0.0856 | rollout: 4.893s | update: 0.158s | total: 5.052s | samples/s: 12668
Iteration 3793 | train reward: -158.49 | best: 1599.59 | KL: 8.725e-03 | std: 0.0855 | rollout: 5.407s | update: 0.166s | total: 5.573s | samples/s: 11484
Iteration 3794 | train reward: -146.06 | best: 1599.59 | KL: 9.771e-03 | std: 0.0850 | rollout: 5.081s | update: 0.160s | total: 5.241s | samples/s: 12212
Iteration 3795 | train reward: -154.95 | best: 1599.59 | KL: 1.017e-02 | std: 0.0849 | rollout: 5.080s | update: 0.160s | total: 5.240s | samples/s: 12213
Iteration 3796 | train reward: -165.37 | best: 1599.59 | KL: 9.529e-03 | std: 0.0849 | rollout: 5.276s | update: 0.166s | total: 5.443s | samples/s: 11759
Iteration 3797 | train reward: -151.49 | best: 1599.59 | KL: 9.125e-03 | std: 0.0846 | rollout: 4.970s | update: 0.157s | total: 5.127s | samples/s: 12483
Iteration 3798 | train reward: -161.52 | best: 1599.59 | KL: 1.009e-02 | std: 0.0843 | rollout: 4.697s | update: 0.164s | total: 4.861s | samples/s: 13166
Iteration 3799 | train reward: -136.47 | best: 1599.59 | KL: 1.073e-02 | std: 0.0843 | rollout: 5.256s | update: 0.164s | total: 5.420s | samples/s: 11808
Iteration 3800 | train reward: -154.69 | best: 1599.59 | KL: 8.616e-03 | std: 0.0841 | rollout: 5.129s | update: 0.173s | total: 5.302s | samples/s: 12072
Iteration 3801 | train reward: -145.72 | best: 1599.59 | KL: 1.078e-02 | std: 0.0843 | rollout: 4.896s | update: 0.156s | total: 5.052s | samples/s: 12668
Iteration 3802 | train reward: -157.89 | best: 1599.59 | KL: 9.632e-03 | std: 0.0844 | rollout: 5.235s | update: 0.167s | total: 5.401s | samples/s: 11849
Iteration 3803 | train reward: -148.84 | best: 1599.59 | KL: 7.628e-03 | std: 0.0843 | rollout: 4.972s | update: 0.157s | total: 5.129s | samples/s: 12479
Iteration 3804 | train reward: -154.64 | best: 1599.59 | KL: 1.036e-02 | std: 0.0841 | rollout: 4.985s | update: 0.214s | total: 5.200s | samples/s: 12309
Iteration 3805 | train reward: -143.21 | best: 1599.59 | KL: 7.969e-03 | std: 0.0841 | rollout: 5.202s | update: 0.173s | total: 5.375s | samples/s: 11908
Iteration 3806 | train reward: -160.57 | best: 1599.59 | KL: 1.037e-02 | std: 0.0840 | rollout: 4.950s | update: 0.169s | total: 5.118s | samples/s: 12504
Iteration 3807 | train reward: -163.42 | best: 1599.59 | KL: 9.684e-03 | std: 0.0831 | rollout: 4.872s | update: 0.158s | total: 5.029s | samples/s: 12725
Iteration 3808 | train reward: -156.99 | best: 1599.59 | KL: 8.906e-03 | std: 0.0829 | rollout: 4.912s | update: 0.164s | total: 5.077s | samples/s: 12607
Iteration 3809 | train reward: -146.70 | best: 1599.59 | KL: 8.596e-03 | std: 0.0829 | rollout: 5.068s | update: 0.166s | total: 5.234s | samples/s: 12229
Iteration 3810 | train reward: -160.73 | best: 1599.59 | KL: 8.762e-03 | std: 0.0827 | rollout: 4.936s | update: 0.160s | total: 5.096s | samples/s: 12559
Iteration 3811 | train reward: -160.01 | best: 1599.59 | KL: 9.466e-03 | std: 0.0829 | rollout: 5.534s | update: 0.175s | total: 5.708s | samples/s: 11212
Iteration 3812 | train reward: -134.71 | best: 1599.59 | KL: 1.031e-02 | std: 0.0830 | rollout: 4.964s | update: 0.154s | total: 5.118s | samples/s: 12504
Iteration 3813 | train reward: -143.23 | best: 1599.59 | KL: 9.973e-03 | std: 0.0827 | rollout: 4.938s | update: 0.192s | total: 5.131s | samples/s: 12474
Iteration 3814 | train reward: -161.32 | best: 1599.59 | KL: 9.979e-03 | std: 0.0824 | rollout: 4.927s | update: 0.157s | total: 5.084s | samples/s: 12588
Iteration 3815 | train reward: -164.67 | best: 1599.59 | KL: 8.702e-03 | std: 0.0827 | rollout: 5.084s | update: 0.236s | total: 5.320s | samples/s: 12031
Iteration 3816 | train reward: -154.84 | best: 1599.59 | KL: 1.188e-02 | std: 0.0821 | rollout: 5.110s | update: 0.178s | total: 5.288s | samples/s: 12103
Iteration 3817 | train reward: -124.66 | best: 1599.59 | KL: 8.926e-03 | std: 0.0820 | rollout: 4.977s | update: 0.225s | total: 5.203s | samples/s: 12301
Iteration 3818 | train reward: -132.23 | best: 1599.59 | KL: 1.014e-02 | std: 0.0816 | rollout: 4.884s | update: 0.213s | total: 5.097s | samples/s: 12555
Iteration 3819 | train reward: -151.58 | best: 1599.59 | KL: 7.793e-03 | std: 0.0816 | rollout: 5.129s | update: 0.153s | total: 5.281s | samples/s: 12118
Iteration 3820 | train reward: -159.18 | best: 1599.59 | KL: 8.934e-03 | std: 0.0814 | rollout: 5.104s | update: 0.160s | total: 5.264s | samples/s: 12159
Iteration 3821 | train reward: -132.51 | best: 1599.59 | KL: 8.460e-03 | std: 0.0814 | rollout: 4.894s | update: 0.157s | total: 5.051s | samples/s: 12670
Iteration 3822 | train reward: -156.32 | best: 1599.59 | KL: 7.971e-03 | std: 0.0814 | rollout: 4.865s | update: 0.167s | total: 5.032s | samples/s: 12720
Iteration 3823 | train reward: -148.92 | best: 1599.59 | KL: 1.132e-02 | std: 0.0813 | rollout: 4.766s | update: 0.220s | total: 4.986s | samples/s: 12836
Iteration 3824 | train reward: -150.09 | best: 1599.59 | KL: 7.499e-03 | std: 0.0810 | rollout: 4.906s | update: 0.175s | total: 5.081s | samples/s: 12595
Iteration 3825 | train reward: -145.90 | best: 1599.59 | KL: 8.530e-03 | std: 0.0804 | rollout: 4.858s | update: 0.159s | total: 5.017s | samples/s: 12757
Iteration 3826 | train reward: -159.00 | best: 1599.59 | KL: 9.238e-03 | std: 0.0802 | rollout: 4.795s | update: 0.166s | total: 4.960s | samples/s: 12903
Iteration 3827 | train reward: -151.38 | best: 1599.59 | KL: 9.460e-03 | std: 0.0801 | rollout: 5.264s | update: 0.160s | total: 5.424s | samples/s: 11798
Iteration 3828 | train reward: -136.93 | best: 1599.59 | KL: 9.539e-03 | std: 0.0804 | rollout: 4.993s | update: 0.161s | total: 5.155s | samples/s: 12416
Iteration 3829 | train reward: -149.11 | best: 1599.59 | KL: 8.849e-03 | std: 0.0803 | rollout: 5.089s | update: 0.168s | total: 5.257s | samples/s: 12175
Iteration 3830 | train reward: -150.66 | best: 1599.59 | KL: 8.789e-03 | std: 0.0800 | rollout: 5.125s | update: 0.163s | total: 5.288s | samples/s: 12104
Iteration 3831 | train reward: -136.86 | best: 1599.59 | KL: 1.016e-02 | std: 0.0800 | rollout: 4.921s | update: 0.155s | total: 5.076s | samples/s: 12608
Iteration 3832 | train reward: -144.48 | best: 1599.59 | KL: 8.617e-03 | std: 0.0797 | rollout: 4.929s | update: 0.259s | total: 5.188s | samples/s: 12337
Iteration 3833 | train reward: -142.29 | best: 1599.59 | KL: 1.149e-02 | std: 0.0792 | rollout: 5.010s | update: 0.159s | total: 5.169s | samples/s: 12382
Iteration 3834 | train reward: -160.61 | best: 1599.59 | KL: 9.552e-03 | std: 0.0794 | rollout: 4.900s | update: 0.222s | total: 5.122s | samples/s: 12495
Iteration 3835 | train reward: -137.37 | best: 1599.59 | KL: 1.016e-02 | std: 0.0792 | rollout: 5.072s | update: 0.156s | total: 5.227s | samples/s: 12243
Iteration 3836 | train reward: -148.39 | best: 1599.59 | KL: 8.727e-03 | std: 0.0788 | rollout: 4.841s | update: 0.169s | total: 5.009s | samples/s: 12776
Iteration 3837 | train reward: -144.33 | best: 1599.59 | KL: 9.499e-03 | std: 0.0785 | rollout: 4.867s | update: 0.154s | total: 5.021s | samples/s: 12747
Iteration 3838 | train reward: -153.82 | best: 1599.59 | KL: 1.178e-02 | std: 0.0784 | rollout: 4.724s | update: 0.158s | total: 4.882s | samples/s: 13109
Iteration 3839 | train reward: -151.91 | best: 1599.59 | KL: 1.091e-02 | std: 0.0785 | rollout: 5.147s | update: 0.185s | total: 5.332s | samples/s: 12004
Iteration 3840 | train reward: -145.47 | best: 1599.59 | KL: 1.134e-02 | std: 0.0784 | rollout: 5.117s | update: 0.152s | total: 5.268s | samples/s: 12148
Iteration 3841 | train reward: -162.21 | best: 1599.59 | KL: 8.506e-03 | std: 0.0788 | rollout: 4.855s | update: 0.153s | total: 5.009s | samples/s: 12778
Iteration 3842 | train reward: -126.35 | best: 1599.59 | KL: 7.285e-03 | std: 0.0784 | rollout: 4.997s | update: 0.166s | total: 5.163s | samples/s: 12396
Iteration 3843 | train reward: -145.96 | best: 1599.59 | KL: 1.151e-02 | std: 0.0784 | rollout: 4.964s | update: 0.221s | total: 5.185s | samples/s: 12343
Iteration 3844 | train reward: -149.76 | best: 1599.59 | KL: 8.509e-03 | std: 0.0781 | rollout: 5.143s | update: 0.161s | total: 5.304s | samples/s: 12067
Iteration 3845 | train reward: -151.66 | best: 1599.59 | KL: 9.344e-03 | std: 0.0776 | rollout: 5.020s | update: 0.160s | total: 5.180s | samples/s: 12356
Iteration 3846 | train reward: -149.72 | best: 1599.59 | KL: 8.745e-03 | std: 0.0778 | rollout: 4.981s | update: 0.210s | total: 5.191s | samples/s: 12329
Iteration 3847 | train reward: -143.21 | best: 1599.59 | KL: 7.706e-03 | std: 0.0778 | rollout: 4.747s | update: 0.199s | total: 4.946s | samples/s: 12940
Iteration 3848 | train reward: -157.09 | best: 1599.59 | KL: 8.589e-03 | std: 0.0781 | rollout: 5.138s | update: 0.161s | total: 5.299s | samples/s: 12077
Iteration 3849 | train reward: -149.25 | best: 1599.59 | KL: 1.009e-02 | std: 0.0778 | rollout: 5.215s | update: 0.162s | total: 5.377s | samples/s: 11902
Iteration 3850 | train reward: -158.47 | best: 1599.59 | KL: 1.008e-02 | std: 0.0777 | rollout: 4.973s | update: 0.165s | total: 5.138s | samples/s: 12457
Iteration 3851 | train reward: -139.62 | best: 1599.59 | KL: 9.306e-03 | std: 0.0775 | rollout: 4.910s | update: 0.194s | total: 5.104s | samples/s: 12539
Iteration 3852 | train reward: -147.97 | best: 1599.59 | KL: 9.728e-03 | std: 0.0771 | rollout: 4.990s | update: 0.156s | total: 5.146s | samples/s: 12437
Iteration 3853 | train reward: -136.35 | best: 1599.59 | KL: 8.682e-03 | std: 0.0768 | rollout: 4.859s | update: 0.231s | total: 5.090s | samples/s: 12572
Iteration 3854 | train reward: -135.00 | best: 1599.59 | KL: 1.072e-02 | std: 0.0768 | rollout: 4.945s | update: 0.162s | total: 5.107s | samples/s: 12531
Iteration 3855 | train reward: -147.56 | best: 1599.59 | KL: 9.561e-03 | std: 0.0767 | rollout: 4.951s | update: 0.171s | total: 5.122s | samples/s: 12496
Iteration 3856 | train reward: -147.23 | best: 1599.59 | KL: 1.153e-02 | std: 0.0768 | rollout: 5.041s | update: 0.190s | total: 5.230s | samples/s: 12236
Iteration 3857 | train reward: -144.07 | best: 1599.59 | KL: 9.801e-03 | std: 0.0774 | rollout: 4.925s | update: 0.160s | total: 5.085s | samples/s: 12585
Iteration 3858 | train reward: -145.77 | best: 1599.59 | KL: 1.052e-02 | std: 0.0772 | rollout: 5.013s | update: 0.206s | total: 5.219s | samples/s: 12262
Iteration 3859 | train reward: -150.30 | best: 1599.59 | KL: 9.948e-03 | std: 0.0776 | rollout: 4.874s | update: 0.163s | total: 5.037s | samples/s: 12707
Iteration 3860 | train reward: -136.84 | best: 1599.59 | KL: 7.964e-03 | std: 0.0777 | rollout: 5.070s | update: 0.203s | total: 5.273s | samples/s: 12137
Iteration 3861 | train reward: -123.07 | best: 1599.59 | KL: 9.781e-03 | std: 0.0774 | rollout: 4.954s | update: 0.230s | total: 5.184s | samples/s: 12346
Iteration 3862 | train reward: -155.46 | best: 1599.59 | KL: 7.853e-03 | std: 0.0772 | rollout: 4.723s | update: 0.168s | total: 4.891s | samples/s: 13086
Iteration 3863 | train reward: -163.72 | best: 1599.59 | KL: 1.037e-02 | std: 0.0774 | rollout: 4.960s | update: 0.208s | total: 5.168s | samples/s: 12385
Iteration 3864 | train reward: -161.38 | best: 1599.59 | KL: 9.784e-03 | std: 0.0768 | rollout: 5.258s | update: 0.190s | total: 5.448s | samples/s: 11748
Iteration 3865 | train reward: -144.17 | best: 1599.59 | KL: 8.452e-03 | std: 0.0767 | rollout: 4.998s | update: 0.168s | total: 5.166s | samples/s: 12388
Iteration 3866 | train reward: -142.26 | best: 1599.59 | KL: 1.026e-02 | std: 0.0765 | rollout: 5.299s | update: 0.163s | total: 5.462s | samples/s: 11717
Iteration 3867 | train reward: -154.65 | best: 1599.59 | KL: 6.614e-03 | std: 0.0765 | rollout: 4.882s | update: 0.168s | total: 5.050s | samples/s: 12673
Iteration 3868 | train reward: -141.22 | best: 1599.59 | KL: 1.144e-02 | std: 0.0763 | rollout: 5.125s | update: 0.159s | total: 5.284s | samples/s: 12113
Iteration 3869 | train reward: -145.66 | best: 1599.59 | KL: 8.469e-03 | std: 0.0762 | rollout: 5.320s | update: 0.156s | total: 5.476s | samples/s: 11688
Iteration 3870 | train reward: -147.01 | best: 1599.59 | KL: 9.513e-03 | std: 0.0758 | rollout: 5.433s | update: 0.161s | total: 5.594s | samples/s: 11442
Iteration 3871 | train reward: -151.84 | best: 1599.59 | KL: 1.141e-02 | std: 0.0755 | rollout: 4.988s | update: 0.228s | total: 5.217s | samples/s: 12269
Iteration 3872 | train reward: -151.08 | best: 1599.59 | KL: 1.232e-02 | std: 0.0752 | rollout: 4.988s | update: 0.162s | total: 5.150s | samples/s: 12426
Iteration 3873 | train reward: -138.62 | best: 1599.59 | KL: 9.583e-03 | std: 0.0750 | rollout: 5.011s | update: 0.427s | total: 5.438s | samples/s: 11769
Iteration 3874 | train reward: -127.43 | best: 1599.59 | KL: 7.088e-03 | std: 0.0746 | rollout: 5.087s | update: 0.165s | total: 5.252s | samples/s: 12187
Iteration 3875 | train reward: -145.41 | best: 1599.59 | KL: 8.005e-03 | std: 0.0746 | rollout: 5.026s | update: 0.219s | total: 5.245s | samples/s: 12201
Iteration 3876 | train reward: -150.56 | best: 1599.59 | KL: 8.956e-03 | std: 0.0748 | rollout: 4.897s | update: 0.164s | total: 5.061s | samples/s: 12647
Iteration 3877 | train reward: -150.37 | best: 1599.59 | KL: 8.429e-03 | std: 0.0752 | rollout: 5.166s | update: 0.157s | total: 5.323s | samples/s: 12024
Iteration 3878 | train reward: -154.85 | best: 1599.59 | KL: 7.530e-03 | std: 0.0753 | rollout: 4.923s | update: 0.235s | total: 5.157s | samples/s: 12409
Iteration 3879 | train reward: -152.16 | best: 1599.59 | KL: 8.895e-03 | std: 0.0749 | rollout: 5.118s | update: 0.160s | total: 5.278s | samples/s: 12125
Iteration 3880 | train reward: -147.65 | best: 1599.59 | KL: 1.059e-02 | std: 0.0745 | rollout: 4.856s | update: 0.155s | total: 5.012s | samples/s: 12770
Iteration 3881 | train reward: -140.17 | best: 1599.59 | KL: 8.400e-03 | std: 0.0742 | rollout: 4.840s | update: 0.166s | total: 5.006s | samples/s: 12786
Iteration 3882 | train reward: -151.02 | best: 1599.59 | KL: 7.734e-03 | std: 0.0742 | rollout: 4.976s | update: 0.165s | total: 5.141s | samples/s: 12448
Iteration 3883 | train reward: -151.33 | best: 1599.59 | KL: 8.873e-03 | std: 0.0746 | rollout: 4.997s | update: 0.156s | total: 5.153s | samples/s: 12420
Iteration 3884 | train reward: -151.52 | best: 1599.59 | KL: 7.609e-03 | std: 0.0745 | rollout: 4.931s | update: 0.157s | total: 5.088s | samples/s: 12578
Iteration 3885 | train reward: -132.68 | best: 1599.59 | KL: 1.118e-02 | std: 0.0743 | rollout: 4.983s | update: 0.195s | total: 5.178s | samples/s: 12359
Iteration 3886 | train reward: -152.36 | best: 1599.59 | KL: 8.253e-03 | std: 0.0741 | rollout: 5.119s | update: 0.158s | total: 5.277s | samples/s: 12128
Iteration 3887 | train reward: -127.85 | best: 1599.59 | KL: 9.622e-03 | std: 0.0743 | rollout: 4.927s | update: 0.164s | total: 5.091s | samples/s: 12571
Iteration 3888 | train reward: -150.38 | best: 1599.59 | KL: 7.429e-03 | std: 0.0740 | rollout: 4.938s | update: 0.223s | total: 5.162s | samples/s: 12399
Iteration 3889 | train reward: -154.39 | best: 1599.59 | KL: 1.025e-02 | std: 0.0741 | rollout: 5.164s | update: 0.171s | total: 5.335s | samples/s: 11997
Iteration 3890 | train reward: -156.04 | best: 1599.59 | KL: 9.479e-03 | std: 0.0742 | rollout: 4.917s | update: 0.175s | total: 5.092s | samples/s: 12570
Iteration 3891 | train reward: -131.15 | best: 1599.59 | KL: 6.687e-03 | std: 0.0741 | rollout: 5.133s | update: 0.205s | total: 5.338s | samples/s: 11990
Iteration 3892 | train reward: -145.22 | best: 1599.59 | KL: 8.504e-03 | std: 0.0742 | rollout: 4.992s | update: 0.154s | total: 5.146s | samples/s: 12437
Iteration 3893 | train reward: -145.49 | best: 1599.59 | KL: 1.013e-02 | std: 0.0745 | rollout: 5.053s | update: 0.167s | total: 5.221s | samples/s: 12259
Iteration 3894 | train reward: -155.71 | best: 1599.59 | KL: 1.038e-02 | std: 0.0745 | rollout: 5.004s | update: 0.163s | total: 5.167s | samples/s: 12387
Iteration 3895 | train reward: -151.15 | best: 1599.59 | KL: 8.710e-03 | std: 0.0742 | rollout: 5.116s | update: 0.165s | total: 5.282s | samples/s: 12117
Iteration 3896 | train reward: -122.94 | best: 1599.59 | KL: 7.398e-03 | std: 0.0742 | rollout: 5.154s | update: 0.178s | total: 5.332s | samples/s: 12002
Iteration 3897 | train reward: -155.92 | best: 1599.59 | KL: 7.843e-03 | std: 0.0745 | rollout: 4.949s | update: 0.158s | total: 5.107s | samples/s: 12532
Iteration 3898 | train reward: -147.65 | best: 1599.59 | KL: 8.464e-03 | std: 0.0749 | rollout: 4.728s | update: 0.194s | total: 4.923s | samples/s: 13001
Iteration 3899 | train reward: -151.17 | best: 1599.59 | KL: 8.184e-03 | std: 0.0746 | rollout: 5.163s | update: 0.165s | total: 5.328s | samples/s: 12011
Iteration 3900 | train reward: -162.26 | best: 1599.59 | KL: 8.103e-03 | std: 0.0743 | rollout: 5.056s | update: 0.251s | total: 5.307s | samples/s: 12060
Iteration 3901 | train reward: -138.86 | best: 1599.59 | KL: 8.569e-03 | std: 0.0745 | rollout: 5.056s | update: 0.161s | total: 5.218s | samples/s: 12266
Iteration 3902 | train reward: -157.15 | best: 1599.59 | KL: 9.067e-03 | std: 0.0742 | rollout: 4.852s | update: 0.154s | total: 5.006s | samples/s: 12784
Iteration 3903 | train reward: -152.65 | best: 1599.59 | KL: 8.098e-03 | std: 0.0739 | rollout: 5.116s | update: 0.161s | total: 5.277s | samples/s: 12127
Iteration 3904 | train reward: -142.34 | best: 1599.59 | KL: 8.075e-03 | std: 0.0737 | rollout: 5.207s | update: 0.273s | total: 5.479s | samples/s: 11681
Iteration 3905 | train reward: -142.75 | best: 1599.59 | KL: 1.011e-02 | std: 0.0730 | rollout: 5.515s | update: 0.213s | total: 5.728s | samples/s: 11173
Iteration 3906 | train reward: -149.11 | best: 1599.59 | KL: 8.763e-03 | std: 0.0729 | rollout: 5.324s | update: 0.233s | total: 5.557s | samples/s: 11517
Iteration 3907 | train reward: -158.73 | best: 1599.59 | KL: 8.952e-03 | std: 0.0728 | rollout: 5.279s | update: 0.207s | total: 5.486s | samples/s: 11666
Iteration 3908 | train reward: -140.30 | best: 1599.59 | KL: 7.566e-03 | std: 0.0726 | rollout: 4.943s | update: 0.156s | total: 5.099s | samples/s: 12551
Iteration 3909 | train reward: -156.64 | best: 1599.59 | KL: 1.060e-02 | std: 0.0725 | rollout: 5.045s | update: 0.161s | total: 5.206s | samples/s: 12295
Iteration 3910 | train reward: -156.68 | best: 1599.59 | KL: 9.795e-03 | std: 0.0723 | rollout: 4.888s | update: 0.162s | total: 5.050s | samples/s: 12673
Iteration 3911 | train reward: -167.35 | best: 1599.59 | KL: 8.826e-03 | std: 0.0725 | rollout: 4.964s | update: 0.162s | total: 5.126s | samples/s: 12486
Iteration 3912 | train reward: -145.63 | best: 1599.59 | KL: 9.941e-03 | std: 0.0719 | rollout: 4.906s | update: 0.233s | total: 5.138s | samples/s: 12455
Iteration 3913 | train reward: -163.52 | best: 1599.59 | KL: 7.485e-03 | std: 0.0720 | rollout: 5.079s | update: 0.180s | total: 5.260s | samples/s: 12168
Iteration 3914 | train reward: -143.64 | best: 1599.59 | KL: 8.134e-03 | std: 0.0719 | rollout: 5.083s | update: 0.166s | total: 5.249s | samples/s: 12194
Iteration 3915 | train reward: -159.91 | best: 1599.59 | KL: 8.823e-03 | std: 0.0719 | rollout: 5.069s | update: 0.168s | total: 5.237s | samples/s: 12221
Iteration 3916 | train reward: -153.52 | best: 1599.59 | KL: 8.336e-03 | std: 0.0724 | rollout: 5.078s | update: 0.204s | total: 5.282s | samples/s: 12116
Iteration 3917 | train reward: -169.39 | best: 1599.59 | KL: 9.076e-03 | std: 0.0725 | rollout: 4.961s | update: 0.257s | total: 5.219s | samples/s: 12264
Iteration 3918 | train reward: -154.58 | best: 1599.59 | KL: 1.049e-02 | std: 0.0726 | rollout: 4.835s | update: 0.250s | total: 5.084s | samples/s: 12587
Iteration 3919 | train reward: -142.10 | best: 1599.59 | KL: 9.153e-03 | std: 0.0724 | rollout: 4.925s | update: 0.170s | total: 5.096s | samples/s: 12560
Iteration 3920 | train reward: -140.88 | best: 1599.59 | KL: 1.245e-02 | std: 0.0724 | rollout: 4.955s | update: 0.164s | total: 5.118s | samples/s: 12504
Iteration 3921 | train reward: -141.98 | best: 1599.59 | KL: 9.310e-03 | std: 0.0724 | rollout: 5.013s | update: 0.162s | total: 5.176s | samples/s: 12366
Iteration 3922 | train reward: -150.28 | best: 1599.59 | KL: 8.146e-03 | std: 0.0726 | rollout: 4.948s | update: 0.170s | total: 5.118s | samples/s: 12506
Iteration 3923 | train reward: -146.71 | best: 1599.59 | KL: 1.031e-02 | std: 0.0726 | rollout: 5.023s | update: 0.198s | total: 5.221s | samples/s: 12258
Iteration 3924 | train reward: -151.76 | best: 1599.59 | KL: 8.660e-03 | std: 0.0726 | rollout: 5.088s | update: 0.156s | total: 5.244s | samples/s: 12205
Iteration 3925 | train reward: -137.87 | best: 1599.59 | KL: 9.049e-03 | std: 0.0724 | rollout: 4.936s | update: 0.156s | total: 5.093s | samples/s: 12567
Iteration 3926 | train reward: -165.92 | best: 1599.59 | KL: 9.909e-03 | std: 0.0723 | rollout: 4.979s | update: 0.178s | total: 5.157s | samples/s: 12410
Iteration 3927 | train reward: -179.08 | best: 1599.59 | KL: 9.217e-03 | std: 0.0722 | rollout: 5.304s | update: 0.292s | total: 5.596s | samples/s: 11437
Iteration 3928 | train reward: -155.82 | best: 1599.59 | KL: 9.641e-03 | std: 0.0716 | rollout: 5.315s | update: 0.163s | total: 5.478s | samples/s: 11682
Iteration 3929 | train reward: -139.54 | best: 1599.59 | KL: 9.021e-03 | std: 0.0716 | rollout: 4.995s | update: 0.157s | total: 5.152s | samples/s: 12422
Iteration 3930 | train reward: -153.81 | best: 1599.59 | KL: 7.855e-03 | std: 0.0719 | rollout: 4.857s | update: 0.158s | total: 5.014s | samples/s: 12764
Iteration 3931 | train reward: -157.34 | best: 1599.59 | KL: 9.446e-03 | std: 0.0719 | rollout: 5.185s | update: 0.176s | total: 5.361s | samples/s: 11938
Iteration 3932 | train reward: -142.32 | best: 1599.59 | KL: 6.178e-03 | std: 0.0716 | rollout: 5.038s | update: 0.154s | total: 5.192s | samples/s: 12327
Iteration 3933 | train reward: -146.93 | best: 1599.59 | KL: 9.830e-03 | std: 0.0716 | rollout: 4.960s | update: 0.228s | total: 5.188s | samples/s: 12335
Iteration 3934 | train reward: -139.33 | best: 1599.59 | KL: 8.987e-03 | std: 0.0716 | rollout: 4.951s | update: 0.207s | total: 5.159s | samples/s: 12406
Iteration 3935 | train reward: -149.58 | best: 1599.59 | KL: 9.051e-03 | std: 0.0716 | rollout: 4.794s | update: 0.169s | total: 4.963s | samples/s: 12896
Iteration 3936 | train reward: -148.68 | best: 1599.59 | KL: 1.048e-02 | std: 0.0716 | rollout: 5.118s | update: 0.165s | total: 5.283s | samples/s: 12115
Iteration 3937 | train reward: -136.45 | best: 1599.59 | KL: 9.821e-03 | std: 0.0715 | rollout: 5.043s | update: 0.159s | total: 5.202s | samples/s: 12303
Iteration 3938 | train reward: -153.43 | best: 1599.59 | KL: 9.408e-03 | std: 0.0713 | rollout: 4.974s | update: 0.161s | total: 5.135s | samples/s: 12464
Iteration 3939 | train reward: -140.69 | best: 1599.59 | KL: 8.769e-03 | std: 0.0712 | rollout: 5.001s | update: 0.172s | total: 5.173s | samples/s: 12371
Iteration 3940 | train reward: -145.20 | best: 1599.59 | KL: 1.091e-02 | std: 0.0710 | rollout: 4.815s | update: 0.156s | total: 4.971s | samples/s: 12876
Iteration 3941 | train reward: -151.61 | best: 1599.59 | KL: 9.706e-03 | std: 0.0713 | rollout: 5.147s | update: 0.175s | total: 5.322s | samples/s: 12026
Iteration 3942 | train reward: -139.08 | best: 1599.59 | KL: 8.987e-03 | std: 0.0712 | rollout: 4.872s | update: 0.291s | total: 5.163s | samples/s: 12395
Iteration 3943 | train reward: -146.44 | best: 1599.59 | KL: 1.052e-02 | std: 0.0714 | rollout: 5.020s | update: 0.216s | total: 5.236s | samples/s: 12223
Iteration 3944 | train reward: -140.89 | best: 1599.59 | KL: 1.044e-02 | std: 0.0710 | rollout: 5.103s | update: 0.224s | total: 5.327s | samples/s: 12014
Iteration 3945 | train reward: -146.45 | best: 1599.59 | KL: 8.601e-03 | std: 0.0709 | rollout: 5.334s | update: 0.238s | total: 5.572s | samples/s: 11485
Iteration 3946 | train reward: -143.49 | best: 1599.59 | KL: 7.862e-03 | std: 0.0704 | rollout: 5.714s | update: 0.245s | total: 5.959s | samples/s: 10740
Iteration 3947 | train reward: -160.61 | best: 1599.59 | KL: 8.676e-03 | std: 0.0706 | rollout: 6.129s | update: 0.369s | total: 6.498s | samples/s: 9849
Iteration 3948 | train reward: -140.21 | best: 1599.59 | KL: 9.211e-03 | std: 0.0706 | rollout: 5.044s | update: 0.155s | total: 5.199s | samples/s: 12309
Iteration 3949 | train reward: -135.20 | best: 1599.59 | KL: 9.215e-03 | std: 0.0707 | rollout: 5.533s | update: 0.353s | total: 5.887s | samples/s: 10872
Iteration 3950 | train reward: -133.24 | best: 1599.59 | KL: 9.835e-03 | std: 0.0709 | rollout: 5.079s | update: 0.161s | total: 5.240s | samples/s: 12215
Iteration 3951 | train reward: -135.19 | best: 1599.59 | KL: 8.875e-03 | std: 0.0707 | rollout: 4.957s | update: 0.162s | total: 5.119s | samples/s: 12503
Iteration 3952 | train reward: -148.88 | best: 1599.59 | KL: 9.055e-03 | std: 0.0706 | rollout: 4.980s | update: 0.167s | total: 5.147s | samples/s: 12435
Iteration 3953 | train reward: -142.42 | best: 1599.59 | KL: 9.940e-03 | std: 0.0703 | rollout: 4.962s | update: 0.173s | total: 5.136s | samples/s: 12462
Iteration 3954 | train reward: -145.39 | best: 1599.59 | KL: 7.923e-03 | std: 0.0703 | rollout: 4.969s | update: 0.166s | total: 5.135s | samples/s: 12463
Iteration 3955 | train reward: -138.68 | best: 1599.59 | KL: 9.102e-03 | std: 0.0703 | rollout: 4.992s | update: 0.164s | total: 5.156s | samples/s: 12413
Iteration 3956 | train reward: -134.30 | best: 1599.59 | KL: 9.877e-03 | std: 0.0704 | rollout: 4.910s | update: 0.228s | total: 5.138s | samples/s: 12457
Iteration 3957 | train reward: -164.17 | best: 1599.59 | KL: 1.296e-02 | std: 0.0703 | rollout: 5.155s | update: 0.195s | total: 5.350s | samples/s: 11962
Iteration 3958 | train reward: -144.16 | best: 1599.59 | KL: 1.062e-02 | std: 0.0702 | rollout: 4.924s | update: 0.159s | total: 5.083s | samples/s: 12591
Iteration 3959 | train reward: -152.80 | best: 1599.59 | KL: 9.619e-03 | std: 0.0696 | rollout: 5.133s | update: 0.153s | total: 5.287s | samples/s: 12106
Iteration 3960 | train reward: -144.23 | best: 1599.59 | KL: 8.737e-03 | std: 0.0697 | rollout: 5.067s | update: 0.155s | total: 5.222s | samples/s: 12256
Iteration 3961 | train reward: -159.56 | best: 1599.59 | KL: 7.727e-03 | std: 0.0693 | rollout: 4.925s | update: 0.159s | total: 5.084s | samples/s: 12588
Iteration 3962 | train reward: -165.40 | best: 1599.59 | KL: 9.037e-03 | std: 0.0690 | rollout: 4.976s | update: 0.155s | total: 5.131s | samples/s: 12472
Iteration 3963 | train reward: -149.38 | best: 1599.59 | KL: 1.004e-02 | std: 0.0691 | rollout: 4.957s | update: 0.157s | total: 5.113s | samples/s: 12516
Iteration 3964 | train reward: -139.43 | best: 1599.59 | KL: 9.508e-03 | std: 0.0694 | rollout: 4.850s | update: 0.175s | total: 5.025s | samples/s: 12736
Iteration 3965 | train reward: -161.02 | best: 1599.59 | KL: 9.507e-03 | std: 0.0697 | rollout: 5.065s | update: 0.155s | total: 5.220s | samples/s: 12260
Iteration 3966 | train reward: -140.16 | best: 1599.59 | KL: 7.870e-03 | std: 0.0698 | rollout: 4.950s | update: 0.266s | total: 5.216s | samples/s: 12270
Iteration 3967 | train reward: -152.11 | best: 1599.59 | KL: 8.363e-03 | std: 0.0704 | rollout: 5.066s | update: 0.165s | total: 5.230s | samples/s: 12236
Iteration 3968 | train reward: -157.94 | best: 1599.59 | KL: 7.497e-03 | std: 0.0706 | rollout: 4.997s | update: 0.166s | total: 5.163s | samples/s: 12396
Iteration 3969 | train reward: -174.44 | best: 1599.59 | KL: 9.401e-03 | std: 0.0705 | rollout: 5.056s | update: 0.170s | total: 5.226s | samples/s: 12248
Iteration 3970 | train reward: -151.95 | best: 1599.59 | KL: 9.493e-03 | std: 0.0706 | rollout: 4.984s | update: 0.160s | total: 5.144s | samples/s: 12441
Iteration 3971 | train reward: -162.30 | best: 1599.59 | KL: 9.027e-03 | std: 0.0702 | rollout: 4.934s | update: 0.155s | total: 5.089s | samples/s: 12576
Iteration 3972 | train reward: -154.11 | best: 1599.59 | KL: 8.763e-03 | std: 0.0706 | rollout: 4.849s | update: 0.166s | total: 5.015s | samples/s: 12762
Iteration 3973 | train reward: -147.08 | best: 1599.59 | KL: 1.093e-02 | std: 0.0703 | rollout: 4.895s | update: 0.160s | total: 5.055s | samples/s: 12660
Iteration 3974 | train reward: -134.09 | best: 1599.59 | KL: 7.301e-03 | std: 0.0703 | rollout: 5.036s | update: 0.167s | total: 5.203s | samples/s: 12301
Iteration 3975 | train reward: -133.91 | best: 1599.59 | KL: 8.081e-03 | std: 0.0701 | rollout: 5.033s | update: 0.196s | total: 5.229s | samples/s: 12239
Iteration 3976 | train reward: -151.75 | best: 1599.59 | KL: 9.463e-03 | std: 0.0706 | rollout: 4.936s | update: 0.165s | total: 5.101s | samples/s: 12547
Iteration 3977 | train reward: -140.60 | best: 1599.59 | KL: 9.805e-03 | std: 0.0707 | rollout: 4.992s | update: 0.168s | total: 5.160s | samples/s: 12404
Iteration 3978 | train reward: -156.01 | best: 1599.59 | KL: 8.159e-03 | std: 0.0706 | rollout: 4.980s | update: 0.159s | total: 5.139s | samples/s: 12455
Iteration 3979 | train reward: -163.73 | best: 1599.59 | KL: 9.226e-03 | std: 0.0706 | rollout: 5.184s | update: 0.163s | total: 5.347s | samples/s: 11968
Iteration 3980 | train reward: -133.88 | best: 1599.59 | KL: 9.486e-03 | std: 0.0704 | rollout: 4.939s | update: 0.183s | total: 5.121s | samples/s: 12497
Iteration 3981 | train reward: -165.65 | best: 1599.59 | KL: 1.119e-02 | std: 0.0704 | rollout: 4.931s | update: 0.226s | total: 5.158s | samples/s: 12409
Iteration 3982 | train reward: -151.72 | best: 1599.59 | KL: 1.176e-02 | std: 0.0701 | rollout: 4.981s | update: 0.194s | total: 5.175s | samples/s: 12368
Iteration 3983 | train reward: -148.50 | best: 1599.59 | KL: 8.852e-03 | std: 0.0699 | rollout: 5.077s | update: 0.160s | total: 5.238s | samples/s: 12219
Iteration 3984 | train reward: -162.81 | best: 1599.59 | KL: 1.152e-02 | std: 0.0693 | rollout: 5.557s | update: 0.232s | total: 5.788s | samples/s: 11056
Iteration 3985 | train reward: -165.23 | best: 1599.59 | KL: 1.048e-02 | std: 0.0688 | rollout: 5.097s | update: 0.162s | total: 5.259s | samples/s: 12169
Iteration 3986 | train reward: -145.13 | best: 1599.59 | KL: 1.021e-02 | std: 0.0687 | rollout: 5.026s | update: 0.158s | total: 5.184s | samples/s: 12346
Iteration 3987 | train reward: -155.48 | best: 1599.59 | KL: 9.925e-03 | std: 0.0684 | rollout: 4.996s | update: 0.154s | total: 5.150s | samples/s: 12427
Iteration 3988 | train reward: -152.13 | best: 1599.59 | KL: 1.034e-02 | std: 0.0681 | rollout: 5.227s | update: 0.242s | total: 5.468s | samples/s: 11704
Iteration 3989 | train reward: -132.39 | best: 1599.59 | KL: 1.108e-02 | std: 0.0680 | rollout: 5.158s | update: 0.185s | total: 5.343s | samples/s: 11979
Iteration 3990 | train reward: -163.08 | best: 1599.59 | KL: 1.075e-02 | std: 0.0680 | rollout: 5.281s | update: 0.212s | total: 5.493s | samples/s: 11651
Iteration 3991 | train reward: -139.01 | best: 1599.59 | KL: 8.414e-03 | std: 0.0681 | rollout: 4.851s | update: 0.163s | total: 5.014s | samples/s: 12764
Iteration 3992 | train reward: -139.23 | best: 1599.59 | KL: 7.912e-03 | std: 0.0683 | rollout: 10.380s | update: 0.185s | total: 10.565s | samples/s: 6058
Iteration 3993 | train reward: -147.80 | best: 1599.59 | KL: 9.218e-03 | std: 0.0686 | rollout: 5.635s | update: 0.282s | total: 5.916s | samples/s: 10818
Iteration 3994 | train reward: -141.84 | best: 1599.59 | KL: 1.182e-02 | std: 0.0686 | rollout: 5.223s | update: 0.210s | total: 5.433s | samples/s: 11780
Iteration 3995 | train reward: -158.93 | best: 1599.59 | KL: 8.301e-03 | std: 0.0687 | rollout: 5.085s | update: 0.181s | total: 5.266s | samples/s: 12152
Iteration 3996 | train reward: -155.08 | best: 1599.59 | KL: 7.358e-03 | std: 0.0684 | rollout: 10.485s | update: 0.282s | total: 10.767s | samples/s: 5944
Iteration 3997 | train reward: -128.94 | best: 1599.59 | KL: 8.333e-03 | std: 0.0684 | rollout: 4.890s | update: 0.222s | total: 5.112s | samples/s: 12519
Iteration 3998 | train reward: -132.45 | best: 1599.59 | KL: 9.161e-03 | std: 0.0687 | rollout: 5.180s | update: 0.188s | total: 5.369s | samples/s: 11921
Iteration 3999 | train reward: -151.23 | best: 1599.59 | KL: 1.059e-02 | std: 0.0690 | rollout: 4.991s | update: 0.160s | total: 5.151s | samples/s: 12424
training time 20906.77s
