Device       : cpu

========== GPOMDP LOSS ==========
states shape  = (128, 80, 11)
actions shape = (128, 80, 3)
rewards shape = (128, 80)
returns shape = (128, 80)
mask shape    = (128, 80)
log_probs shape = (128, 80)
valid steps = 3043
objective = 0.859047
loss = -0.859047
========== END GPOMDP DEBUG ==========


========== NPG PRECONDITIONING ==========
Fisher condition number  : 1.221e+03
||nat_g|| / ||g||        : 1.721
========== END NPG DEBUG ==========

/Users/adelella/Documents/Useful/More/pj/vanilla-policy-gradient/vpg/train.py:127: UserWarning: Converting a tensor with requires_grad=True to a scalar may lead to unexpected behavior.
Consider using tensor.detach() first. (Triggered internally at /Users/runner/work/pytorch/pytorch/torch/csrc/autograd/generated/python_variable_methods.cpp:839.)
  return float(torch.cat(grads).norm())
Iteration 0000 | train reward: 21.07 | best: 21.07 | KL: 1.084e-04 | std: 0.6060 | rollout: 1.396s | update: 0.171s | total: 1.567s | samples/s: 1941
Iteration 0001 | train reward: 25.19 | best: 25.19 | KL: 1.253e-04 | std: 0.6055 | rollout: 1.631s | update: 0.077s | total: 1.708s | samples/s: 1905
Iteration 0002 | train reward: 22.72 | best: 25.19 | KL: 1.073e-04 | std: 0.6057 | rollout: 1.076s | update: 0.067s | total: 1.144s | samples/s: 2750
Iteration 0003 | train reward: 28.21 | best: 28.21 | KL: 1.099e-04 | std: 0.6056 | rollout: 1.541s | update: 0.102s | total: 1.643s | samples/s: 2102
Iteration 0004 | train reward: 27.24 | best: 28.21 | KL: 1.017e-04 | std: 0.6054 | rollout: 1.524s | update: 0.086s | total: 1.610s | samples/s: 2139
Iteration 0005 | train reward: 33.44 | best: 33.44 | KL: 1.331e-04 | std: 0.6052 | rollout: 1.970s | update: 0.056s | total: 2.026s | samples/s: 1937
Iteration 0006 | train reward: 28.03 | best: 33.44 | KL: 9.424e-05 | std: 0.6047 | rollout: 1.952s | update: 0.075s | total: 2.027s | samples/s: 1745
Iteration 0007 | train reward: 32.91 | best: 33.44 | KL: 1.454e-04 | std: 0.6035 | rollout: 1.738s | update: 0.031s | total: 1.769s | samples/s: 2193
Iteration 0008 | train reward: 36.79 | best: 36.79 | KL: 1.636e-04 | std: 0.6034 | rollout: 2.005s | update: 0.064s | total: 2.069s | samples/s: 2031
Iteration 0009 | train reward: 33.17 | best: 36.79 | KL: 1.384e-04 | std: 0.6032 | rollout: 2.054s | update: 0.077s | total: 2.131s | samples/s: 1871
Iteration 0010 | train reward: 35.48 | best: 36.79 | KL: 1.100e-04 | std: 0.6024 | rollout: 2.101s | update: 0.143s | total: 2.243s | samples/s: 1742
Iteration 0011 | train reward: 38.51 | best: 38.51 | KL: 1.449e-04 | std: 0.6017 | rollout: 2.116s | update: 0.027s | total: 2.143s | samples/s: 2045
Iteration 0012 | train reward: 44.63 | best: 44.63 | KL: 1.917e-04 | std: 0.6007 | rollout: 2.238s | update: 0.026s | total: 2.264s | samples/s: 2123
Iteration 0013 | train reward: 47.67 | best: 47.67 | KL: 1.919e-04 | std: 0.6010 | rollout: 2.638s | update: 0.106s | total: 2.743s | samples/s: 1746
Iteration 0014 | train reward: 47.86 | best: 47.86 | KL: 2.464e-04 | std: 0.6014 | rollout: 2.440s | update: 0.038s | total: 2.478s | samples/s: 2004
Iteration 0015 | train reward: 53.82 | best: 53.82 | KL: 1.862e-04 | std: 0.6009 | rollout: 2.008s | update: 0.053s | total: 2.062s | samples/s: 2566
Iteration 0016 | train reward: 55.30 | best: 55.30 | KL: 2.137e-04 | std: 0.6006 | rollout: 2.333s | update: 0.019s | total: 2.353s | samples/s: 2341
Iteration 0017 | train reward: 62.12 | best: 62.12 | KL: 1.946e-04 | std: 0.5999 | rollout: 2.415s | update: 0.021s | total: 2.437s | samples/s: 2409
Iteration 0018 | train reward: 67.58 | best: 67.58 | KL: 2.810e-04 | std: 0.5990 | rollout: 2.527s | update: 0.046s | total: 2.573s | samples/s: 2392
Iteration 0019 | train reward: 72.98 | best: 72.98 | KL: 3.043e-04 | std: 0.5987 | rollout: 2.360s | update: 0.083s | total: 2.443s | samples/s: 2688
Iteration 0020 | train reward: 81.84 | best: 81.84 | KL: 2.546e-04 | std: 0.5980 | rollout: 2.592s | update: 0.057s | total: 2.649s | samples/s: 2765
Iteration 0021 | train reward: 79.96 | best: 81.84 | KL: 3.054e-04 | std: 0.5973 | rollout: 2.561s | update: 0.042s | total: 2.602s | samples/s: 2758
Iteration 0022 | train reward: 89.76 | best: 89.76 | KL: 3.144e-04 | std: 0.5970 | rollout: 2.672s | update: 0.031s | total: 2.703s | samples/s: 2770
Iteration 0023 | train reward: 98.35 | best: 98.35 | KL: 3.797e-04 | std: 0.5960 | rollout: 2.955s | update: 0.042s | total: 2.997s | samples/s: 2787
Iteration 0024 | train reward: 111.86 | best: 111.86 | KL: 4.004e-04 | std: 0.5954 | rollout: 2.904s | update: 0.038s | total: 2.942s | samples/s: 3146
Iteration 0025 | train reward: 113.60 | best: 113.60 | KL: 4.346e-04 | std: 0.5948 | rollout: 3.052s | update: 0.052s | total: 3.105s | samples/s: 2974
Iteration 0026 | train reward: 123.46 | best: 123.46 | KL: 5.285e-04 | std: 0.5942 | rollout: 3.098s | update: 0.031s | total: 3.129s | samples/s: 3184
Iteration 0027 | train reward: 138.73 | best: 138.73 | KL: 5.109e-04 | std: 0.5937 | rollout: 3.189s | update: 0.094s | total: 3.283s | samples/s: 3274
Iteration 0028 | train reward: 159.35 | best: 159.35 | KL: 4.995e-04 | std: 0.5924 | rollout: 3.421s | update: 0.120s | total: 3.541s | samples/s: 3455
Iteration 0029 | train reward: 161.07 | best: 161.07 | KL: 4.689e-04 | std: 0.5915 | rollout: 3.179s | update: 0.080s | total: 3.259s | samples/s: 3684
Iteration 0030 | train reward: 179.41 | best: 179.41 | KL: 5.509e-04 | std: 0.5910 | rollout: 3.218s | update: 0.153s | total: 3.371s | samples/s: 3902
Iteration 0031 | train reward: 181.11 | best: 181.11 | KL: 3.772e-04 | std: 0.5912 | rollout: 3.719s | update: 0.069s | total: 3.788s | samples/s: 3527
Iteration 0032 | train reward: 186.97 | best: 186.97 | KL: 3.029e-04 | std: 0.5910 | rollout: 3.503s | update: 0.063s | total: 3.566s | samples/s: 3830
Iteration 0033 | train reward: 189.68 | best: 189.68 | KL: 3.039e-04 | std: 0.5900 | rollout: 3.436s | update: 0.058s | total: 3.495s | samples/s: 3997
Iteration 0034 | train reward: 198.15 | best: 198.15 | KL: 3.647e-04 | std: 0.5879 | rollout: 3.401s | update: 0.067s | total: 3.468s | samples/s: 4183
Iteration 0035 | train reward: 199.01 | best: 199.01 | KL: 3.114e-04 | std: 0.5874 | rollout: 3.466s | update: 0.063s | total: 3.529s | samples/s: 4149
Iteration 0036 | train reward: 203.44 | best: 203.44 | KL: 2.638e-04 | std: 0.5879 | rollout: 3.648s | update: 0.062s | total: 3.710s | samples/s: 3978
Iteration 0037 | train reward: 205.74 | best: 205.74 | KL: 2.580e-04 | std: 0.5872 | rollout: 3.373s | update: 0.066s | total: 3.439s | samples/s: 4313
Iteration 0038 | train reward: 208.55 | best: 208.55 | KL: 3.486e-04 | std: 0.5867 | rollout: 3.331s | update: 0.055s | total: 3.385s | samples/s: 4401
Iteration 0039 | train reward: 202.77 | best: 208.55 | KL: 3.062e-04 | std: 0.5866 | rollout: 3.500s | update: 0.046s | total: 3.546s | samples/s: 4092
Iteration 0040 | train reward: 211.34 | best: 211.34 | KL: 2.532e-04 | std: 0.5861 | rollout: 3.746s | update: 0.067s | total: 3.813s | samples/s: 3966
Iteration 0041 | train reward: 210.83 | best: 211.34 | KL: 3.090e-04 | std: 0.5855 | rollout: 3.896s | update: 0.075s | total: 3.971s | samples/s: 3846
Iteration 0042 | train reward: 214.79 | best: 214.79 | KL: 3.108e-04 | std: 0.5859 | rollout: 3.525s | update: 0.053s | total: 3.577s | samples/s: 4325
Iteration 0043 | train reward: 212.59 | best: 214.79 | KL: 3.188e-04 | std: 0.5866 | rollout: 3.559s | update: 0.092s | total: 3.652s | samples/s: 4162
Iteration 0044 | train reward: 211.20 | best: 214.79 | KL: 3.646e-04 | std: 0.5848 | rollout: 3.707s | update: 0.201s | total: 3.908s | samples/s: 3862
Iteration 0045 | train reward: 215.13 | best: 215.13 | KL: 2.703e-04 | std: 0.5844 | rollout: 3.595s | update: 0.088s | total: 3.683s | samples/s: 4135
Iteration 0046 | train reward: 217.50 | best: 217.50 | KL: 3.087e-04 | std: 0.5848 | rollout: 3.597s | update: 0.052s | total: 3.648s | samples/s: 4285
Iteration 0047 | train reward: 217.32 | best: 217.50 | KL: 2.762e-04 | std: 0.5853 | rollout: 3.572s | update: 0.097s | total: 3.668s | samples/s: 4215
Iteration 0048 | train reward: 219.29 | best: 219.29 | KL: 3.065e-04 | std: 0.5859 | rollout: 4.170s | update: 0.202s | total: 4.372s | samples/s: 3581
Iteration 0049 | train reward: 216.31 | best: 219.29 | KL: 2.134e-04 | std: 0.5871 | rollout: 3.579s | update: 0.135s | total: 3.714s | samples/s: 4140
Iteration 0050 | train reward: 224.60 | best: 224.60 | KL: 2.190e-04 | std: 0.5873 | rollout: 3.791s | update: 0.052s | total: 3.844s | samples/s: 4173
Iteration 0051 | train reward: 222.39 | best: 224.60 | KL: 3.052e-04 | std: 0.5871 | rollout: 3.906s | update: 0.054s | total: 3.960s | samples/s: 4014
Iteration 0052 | train reward: 220.47 | best: 224.60 | KL: 3.134e-04 | std: 0.5859 | rollout: 3.279s | update: 0.056s | total: 3.335s | samples/s: 4716
Iteration 0053 | train reward: 222.73 | best: 224.60 | KL: 2.622e-04 | std: 0.5853 | rollout: 3.702s | update: 0.056s | total: 3.758s | samples/s: 4261
Iteration 0054 | train reward: 223.30 | best: 224.60 | KL: 3.375e-04 | std: 0.5866 | rollout: 3.491s | update: 0.057s | total: 3.548s | samples/s: 4488
Iteration 0055 | train reward: 221.40 | best: 224.60 | KL: 2.204e-04 | std: 0.5866 | rollout: 3.634s | update: 0.178s | total: 3.812s | samples/s: 4195
Iteration 0056 | train reward: 226.13 | best: 226.13 | KL: 3.681e-04 | std: 0.5865 | rollout: 3.708s | update: 0.068s | total: 3.776s | samples/s: 4352
Iteration 0057 | train reward: 229.07 | best: 229.07 | KL: 2.500e-04 | std: 0.5851 | rollout: 3.678s | update: 0.057s | total: 3.735s | samples/s: 4452
Iteration 0058 | train reward: 227.62 | best: 229.07 | KL: 3.362e-04 | std: 0.5841 | rollout: 3.800s | update: 0.066s | total: 3.865s | samples/s: 4270
Iteration 0059 | train reward: 226.42 | best: 229.07 | KL: 2.318e-04 | std: 0.5846 | rollout: 3.992s | update: 0.122s | total: 4.114s | samples/s: 3981
Iteration 0060 | train reward: 229.51 | best: 229.51 | KL: 3.023e-04 | std: 0.5848 | rollout: 3.644s | update: 0.092s | total: 3.736s | samples/s: 4423
Iteration 0061 | train reward: 223.73 | best: 229.51 | KL: 3.345e-04 | std: 0.5851 | rollout: 3.692s | update: 0.060s | total: 3.751s | samples/s: 4240
Iteration 0062 | train reward: 229.42 | best: 229.51 | KL: 2.891e-04 | std: 0.5848 | rollout: 3.762s | update: 0.057s | total: 3.819s | samples/s: 4297
Iteration 0063 | train reward: 225.40 | best: 229.51 | KL: 3.037e-04 | std: 0.5846 | rollout: 3.282s | update: 0.053s | total: 3.335s | samples/s: 4801
Iteration 0064 | train reward: 229.58 | best: 229.58 | KL: 3.635e-04 | std: 0.5858 | rollout: 3.693s | update: 0.074s | total: 3.767s | samples/s: 4355
Iteration 0065 | train reward: 230.21 | best: 230.21 | KL: 5.696e-04 | std: 0.5854 | rollout: 3.438s | update: 0.064s | total: 3.503s | samples/s: 4770
Iteration 0066 | train reward: 232.09 | best: 232.09 | KL: 3.407e-04 | std: 0.5834 | rollout: 3.576s | update: 0.061s | total: 3.636s | samples/s: 4616
Iteration 0067 | train reward: 233.89 | best: 233.89 | KL: 2.995e-04 | std: 0.5840 | rollout: 3.626s | update: 0.071s | total: 3.697s | samples/s: 4561
Iteration 0068 | train reward: 233.89 | best: 233.89 | KL: 4.266e-04 | std: 0.5835 | rollout: 4.180s | update: 0.059s | total: 4.239s | samples/s: 4003
Iteration 0069 | train reward: 233.21 | best: 233.89 | KL: 4.125e-04 | std: 0.5840 | rollout: 3.448s | update: 0.069s | total: 3.517s | samples/s: 4851
Iteration 0070 | train reward: 234.65 | best: 234.65 | KL: 2.697e-04 | std: 0.5822 | rollout: 4.545s | update: 0.084s | total: 4.629s | samples/s: 3721
Iteration 0071 | train reward: 241.10 | best: 241.10 | KL: 3.373e-04 | std: 0.5825 | rollout: 4.620s | update: 0.230s | total: 4.850s | samples/s: 3690
Iteration 0072 | train reward: 243.23 | best: 243.23 | KL: 4.418e-04 | std: 0.5812 | rollout: 4.280s | update: 0.139s | total: 4.419s | samples/s: 4057
Iteration 0073 | train reward: 241.37 | best: 243.23 | KL: 3.358e-04 | std: 0.5820 | rollout: 4.263s | update: 0.067s | total: 4.330s | samples/s: 4099
Iteration 0074 | train reward: 247.51 | best: 247.51 | KL: 4.378e-04 | std: 0.5815 | rollout: 4.088s | update: 0.068s | total: 4.156s | samples/s: 4407
Iteration 0075 | train reward: 248.65 | best: 248.65 | KL: 3.005e-04 | std: 0.5814 | rollout: 4.274s | update: 0.112s | total: 4.387s | samples/s: 4166
Iteration 0076 | train reward: 248.09 | best: 248.65 | KL: 3.144e-04 | std: 0.5819 | rollout: 4.304s | update: 0.072s | total: 4.376s | samples/s: 4178
Iteration 0077 | train reward: 252.41 | best: 252.41 | KL: 3.987e-04 | std: 0.5821 | rollout: 4.284s | update: 0.061s | total: 4.345s | samples/s: 4273
Iteration 0078 | train reward: 250.62 | best: 252.41 | KL: 2.938e-04 | std: 0.5820 | rollout: 4.256s | update: 0.078s | total: 4.334s | samples/s: 4265
Iteration 0079 | train reward: 253.85 | best: 253.85 | KL: 6.932e-04 | std: 0.5822 | rollout: 4.653s | update: 0.105s | total: 4.758s | samples/s: 3919
Iteration 0080 | train reward: 260.34 | best: 260.34 | KL: 4.675e-04 | std: 0.5833 | rollout: 5.043s | update: 0.079s | total: 5.123s | samples/s: 3810
Iteration 0081 | train reward: 258.99 | best: 260.34 | KL: 3.278e-04 | std: 0.5814 | rollout: 4.953s | update: 0.190s | total: 5.143s | samples/s: 3711
Iteration 0082 | train reward: 261.45 | best: 261.45 | KL: 5.748e-04 | std: 0.5813 | rollout: 4.749s | update: 0.159s | total: 4.908s | samples/s: 4016
Iteration 0083 | train reward: 264.29 | best: 264.29 | KL: 5.482e-04 | std: 0.5825 | rollout: 4.692s | update: 0.153s | total: 4.845s | samples/s: 4054
Iteration 0084 | train reward: 269.10 | best: 269.10 | KL: 4.074e-04 | std: 0.5825 | rollout: 5.502s | update: 0.195s | total: 5.697s | samples/s: 3512
Iteration 0085 | train reward: 272.78 | best: 272.78 | KL: 6.481e-04 | std: 0.5838 | rollout: 4.734s | update: 0.092s | total: 4.826s | samples/s: 4164
Iteration 0086 | train reward: 276.97 | best: 276.97 | KL: 5.199e-04 | std: 0.5846 | rollout: 4.459s | update: 0.315s | total: 4.774s | samples/s: 4247
Iteration 0087 | train reward: 284.84 | best: 284.84 | KL: 7.209e-04 | std: 0.5847 | rollout: 5.335s | update: 0.318s | total: 5.653s | samples/s: 3764
Iteration 0088 | train reward: 286.64 | best: 286.64 | KL: 5.246e-04 | std: 0.5851 | rollout: 6.374s | update: 0.078s | total: 6.452s | samples/s: 3318
Iteration 0089 | train reward: 290.47 | best: 290.47 | KL: 9.279e-04 | std: 0.5865 | rollout: 5.082s | update: 0.083s | total: 5.166s | samples/s: 4135
Iteration 0090 | train reward: 297.64 | best: 297.64 | KL: 6.828e-04 | std: 0.5867 | rollout: 5.231s | update: 0.079s | total: 5.311s | samples/s: 4111
Iteration 0091 | train reward: 301.24 | best: 301.24 | KL: 6.547e-04 | std: 0.5859 | rollout: 5.603s | update: 0.156s | total: 5.758s | samples/s: 3925
Iteration 0092 | train reward: 298.83 | best: 301.24 | KL: 6.503e-04 | std: 0.5864 | rollout: 5.019s | update: 0.104s | total: 5.123s | samples/s: 4356
Iteration 0093 | train reward: 309.89 | best: 309.89 | KL: 6.187e-04 | std: 0.5872 | rollout: 5.868s | update: 0.087s | total: 5.955s | samples/s: 3890
Iteration 0094 | train reward: 310.47 | best: 310.47 | KL: 9.934e-04 | std: 0.5864 | rollout: 5.730s | update: 0.125s | total: 5.855s | samples/s: 3926
Iteration 0095 | train reward: 322.14 | best: 322.14 | KL: 1.214e-03 | std: 0.5847 | rollout: 5.346s | update: 0.188s | total: 5.534s | samples/s: 4204
Iteration 0096 | train reward: 319.41 | best: 322.14 | KL: 1.372e-03 | std: 0.5846 | rollout: 5.087s | update: 0.083s | total: 5.171s | samples/s: 4530
Iteration 0097 | train reward: 337.03 | best: 337.03 | KL: 8.412e-04 | std: 0.5855 | rollout: 5.295s | update: 0.186s | total: 5.481s | samples/s: 4434
Iteration 0098 | train reward: 332.71 | best: 337.03 | KL: 5.942e-04 | std: 0.5851 | rollout: 6.333s | update: 0.275s | total: 6.608s | samples/s: 3721
Iteration 0099 | train reward: 329.84 | best: 337.03 | KL: 7.225e-04 | std: 0.5838 | rollout: 5.796s | update: 0.096s | total: 5.892s | samples/s: 4089
Iteration 0100 | train reward: 339.32 | best: 339.32 | KL: 8.804e-04 | std: 0.5843 | rollout: 6.400s | update: 0.154s | total: 6.553s | samples/s: 3721
Iteration 0101 | train reward: 343.92 | best: 343.92 | KL: 8.994e-04 | std: 0.5855 | rollout: 5.686s | update: 0.296s | total: 5.983s | samples/s: 4154
Iteration 0102 | train reward: 350.12 | best: 350.12 | KL: 8.717e-04 | std: 0.5855 | rollout: 5.872s | update: 0.093s | total: 5.964s | samples/s: 4227
Iteration 0103 | train reward: 348.14 | best: 350.12 | KL: 8.680e-04 | std: 0.5859 | rollout: 6.061s | update: 0.094s | total: 6.155s | samples/s: 4116
Iteration 0104 | train reward: 353.93 | best: 353.93 | KL: 9.830e-04 | std: 0.5855 | rollout: 6.390s | update: 0.191s | total: 6.581s | samples/s: 3910
Iteration 0105 | train reward: 354.25 | best: 354.25 | KL: 8.160e-04 | std: 0.5851 | rollout: 6.589s | update: 0.253s | total: 6.842s | samples/s: 3715
Iteration 0106 | train reward: 345.12 | best: 354.25 | KL: 9.615e-04 | std: 0.5851 | rollout: 5.642s | update: 0.076s | total: 5.718s | samples/s: 4320
Iteration 0107 | train reward: 349.43 | best: 354.25 | KL: 9.585e-04 | std: 0.5850 | rollout: 6.055s | update: 0.264s | total: 6.319s | samples/s: 3943
Iteration 0108 | train reward: 356.03 | best: 356.03 | KL: 7.711e-04 | std: 0.5851 | rollout: 6.331s | update: 0.243s | total: 6.575s | samples/s: 3898
Iteration 0109 | train reward: 362.84 | best: 362.84 | KL: 6.245e-04 | std: 0.5850 | rollout: 5.873s | update: 0.203s | total: 6.076s | samples/s: 4301
Iteration 0110 | train reward: 364.30 | best: 364.30 | KL: 1.148e-03 | std: 0.5856 | rollout: 7.015s | update: 0.116s | total: 7.131s | samples/s: 3717
Iteration 0111 | train reward: 362.28 | best: 364.30 | KL: 8.120e-04 | std: 0.5864 | rollout: 6.970s | update: 0.257s | total: 7.227s | samples/s: 3610
Iteration 0112 | train reward: 356.50 | best: 364.30 | KL: 1.058e-03 | std: 0.5856 | rollout: 5.976s | update: 0.086s | total: 6.062s | samples/s: 4237
Iteration 0113 | train reward: 358.56 | best: 364.30 | KL: 1.279e-03 | std: 0.5860 | rollout: 5.743s | update: 0.151s | total: 5.893s | samples/s: 4391
Iteration 0114 | train reward: 365.61 | best: 365.61 | KL: 1.110e-03 | std: 0.5869 | rollout: 6.011s | update: 0.190s | total: 6.200s | samples/s: 4226
Iteration 0115 | train reward: 361.57 | best: 365.61 | KL: 8.359e-04 | std: 0.5868 | rollout: 6.002s | update: 0.151s | total: 6.153s | samples/s: 4196
Iteration 0116 | train reward: 371.40 | best: 371.40 | KL: 8.191e-04 | std: 0.5877 | rollout: 6.654s | update: 0.257s | total: 6.911s | samples/s: 3909
Iteration 0117 | train reward: 370.43 | best: 371.40 | KL: 9.686e-04 | std: 0.5889 | rollout: 6.369s | update: 0.372s | total: 6.740s | samples/s: 4014
Iteration 0118 | train reward: 371.70 | best: 371.70 | KL: 9.208e-04 | std: 0.5895 | rollout: 6.263s | update: 0.108s | total: 6.371s | samples/s: 4237
Iteration 0119 | train reward: 369.50 | best: 371.70 | KL: 6.977e-04 | std: 0.5920 | rollout: 6.635s | update: 0.126s | total: 6.761s | samples/s: 3992
Iteration 0120 | train reward: 367.25 | best: 371.70 | KL: 8.913e-04 | std: 0.5924 | rollout: 5.999s | update: 0.175s | total: 6.174s | samples/s: 4316
Iteration 0121 | train reward: 365.47 | best: 371.70 | KL: 1.056e-03 | std: 0.5921 | rollout: 5.933s | update: 0.093s | total: 6.026s | samples/s: 4405
Iteration 0122 | train reward: 372.92 | best: 372.92 | KL: 8.213e-04 | std: 0.5902 | rollout: 6.299s | update: 0.104s | total: 6.403s | samples/s: 4254
Iteration 0123 | train reward: 378.75 | best: 378.75 | KL: 1.021e-03 | std: 0.5903 | rollout: 6.782s | update: 0.103s | total: 6.885s | samples/s: 4049
Iteration 0124 | train reward: 373.39 | best: 378.75 | KL: 8.759e-04 | std: 0.5907 | rollout: 6.593s | update: 0.274s | total: 6.868s | samples/s: 3939
Iteration 0125 | train reward: 367.63 | best: 378.75 | KL: 8.987e-04 | std: 0.5912 | rollout: 6.840s | update: 0.095s | total: 6.934s | samples/s: 3917
Iteration 0126 | train reward: 380.90 | best: 380.90 | KL: 8.215e-04 | std: 0.5908 | rollout: 7.128s | update: 0.426s | total: 7.554s | samples/s: 3744
Iteration 0127 | train reward: 387.18 | best: 387.18 | KL: 7.192e-04 | std: 0.5899 | rollout: 7.473s | update: 0.318s | total: 7.790s | samples/s: 3683
Iteration 0128 | train reward: 381.08 | best: 387.18 | KL: 9.960e-04 | std: 0.5910 | rollout: 7.633s | update: 0.106s | total: 7.739s | samples/s: 3668
Iteration 0129 | train reward: 386.39 | best: 387.18 | KL: 1.322e-03 | std: 0.5915 | rollout: 6.446s | update: 0.190s | total: 6.636s | samples/s: 4346
Iteration 0130 | train reward: 381.64 | best: 387.18 | KL: 8.897e-04 | std: 0.5911 | rollout: 7.043s | update: 0.101s | total: 7.144s | samples/s: 4002
Iteration 0131 | train reward: 379.28 | best: 387.18 | KL: 1.560e-03 | std: 0.5912 | rollout: 6.534s | update: 0.098s | total: 6.633s | samples/s: 4322
Iteration 0132 | train reward: 382.68 | best: 387.18 | KL: 9.932e-04 | std: 0.5902 | rollout: 6.367s | update: 0.095s | total: 6.462s | samples/s: 4419
Iteration 0133 | train reward: 385.69 | best: 387.18 | KL: 6.839e-04 | std: 0.5886 | rollout: 6.354s | update: 0.160s | total: 6.514s | samples/s: 4414
Iteration 0134 | train reward: 386.82 | best: 387.18 | KL: 8.007e-04 | std: 0.5876 | rollout: 7.392s | update: 0.117s | total: 7.509s | samples/s: 3871
Iteration 0135 | train reward: 390.27 | best: 390.27 | KL: 7.671e-04 | std: 0.5873 | rollout: 6.755s | update: 0.151s | total: 6.906s | samples/s: 4233
Iteration 0136 | train reward: 390.20 | best: 390.27 | KL: 8.174e-04 | std: 0.5871 | rollout: 6.787s | update: 0.106s | total: 6.893s | samples/s: 4280
Iteration 0137 | train reward: 391.79 | best: 391.79 | KL: 9.527e-04 | std: 0.5872 | rollout: 7.518s | update: 0.154s | total: 7.671s | samples/s: 3830
Iteration 0138 | train reward: 392.08 | best: 392.08 | KL: 1.491e-03 | std: 0.5884 | rollout: 6.438s | update: 0.152s | total: 6.591s | samples/s: 4498
Iteration 0139 | train reward: 399.05 | best: 399.05 | KL: 1.036e-03 | std: 0.5886 | rollout: 7.663s | update: 0.110s | total: 7.773s | samples/s: 3896
Iteration 0140 | train reward: 392.17 | best: 399.05 | KL: 1.237e-03 | std: 0.5876 | rollout: 6.778s | update: 0.105s | total: 6.883s | samples/s: 4319
Iteration 0141 | train reward: 397.62 | best: 399.05 | KL: 8.961e-04 | std: 0.5869 | rollout: 6.598s | update: 0.122s | total: 6.720s | samples/s: 4465
Iteration 0142 | train reward: 396.36 | best: 399.05 | KL: 8.123e-04 | std: 0.5846 | rollout: 7.107s | update: 0.115s | total: 7.222s | samples/s: 4199
Iteration 0143 | train reward: 402.61 | best: 402.61 | KL: 1.052e-03 | std: 0.5846 | rollout: 8.301s | update: 0.203s | total: 8.504s | samples/s: 3659
Iteration 0144 | train reward: 404.95 | best: 404.95 | KL: 1.071e-03 | std: 0.5850 | rollout: 7.848s | update: 0.412s | total: 8.260s | samples/s: 3791
Iteration 0145 | train reward: 408.95 | best: 408.95 | KL: 1.097e-03 | std: 0.5843 | rollout: 6.743s | update: 0.233s | total: 6.976s | samples/s: 4546
Iteration 0146 | train reward: 401.31 | best: 408.95 | KL: 1.042e-03 | std: 0.5842 | rollout: 7.319s | update: 0.101s | total: 7.420s | samples/s: 4168
Iteration 0147 | train reward: 395.32 | best: 408.95 | KL: 9.640e-04 | std: 0.5846 | rollout: 6.867s | update: 0.094s | total: 6.960s | samples/s: 4325
Iteration 0148 | train reward: 400.58 | best: 408.95 | KL: 1.141e-03 | std: 0.5846 | rollout: 6.763s | update: 0.100s | total: 6.862s | samples/s: 4501
Iteration 0149 | train reward: 399.17 | best: 408.95 | KL: 9.460e-04 | std: 0.5858 | rollout: 6.615s | update: 0.208s | total: 6.823s | samples/s: 4491
Iteration 0150 | train reward: 394.87 | best: 408.95 | KL: 9.930e-04 | std: 0.5849 | rollout: 6.731s | update: 0.168s | total: 6.899s | samples/s: 4357
Iteration 0151 | train reward: 387.08 | best: 408.95 | KL: 1.062e-03 | std: 0.5860 | rollout: 6.341s | update: 0.105s | total: 6.446s | samples/s: 4517
Iteration 0152 | train reward: 393.51 | best: 408.95 | KL: 1.169e-03 | std: 0.5873 | rollout: 6.290s | update: 0.099s | total: 6.388s | samples/s: 4618
Iteration 0153 | train reward: 394.86 | best: 408.95 | KL: 1.035e-03 | std: 0.5889 | rollout: 7.440s | update: 0.153s | total: 7.593s | samples/s: 3919
Iteration 0154 | train reward: 394.23 | best: 408.95 | KL: 1.291e-03 | std: 0.5873 | rollout: 6.436s | update: 0.088s | total: 6.524s | samples/s: 4499
Iteration 0155 | train reward: 396.49 | best: 408.95 | KL: 1.599e-03 | std: 0.5860 | rollout: 7.346s | update: 0.222s | total: 7.568s | samples/s: 3933
Iteration 0156 | train reward: 402.75 | best: 408.95 | KL: 8.918e-04 | std: 0.5847 | rollout: 7.265s | update: 0.158s | total: 7.423s | samples/s: 4097
Iteration 0157 | train reward: 407.10 | best: 408.95 | KL: 1.048e-03 | std: 0.5847 | rollout: 6.949s | update: 0.101s | total: 7.050s | samples/s: 4366
Iteration 0158 | train reward: 411.30 | best: 411.30 | KL: 1.071e-03 | std: 0.5846 | rollout: 7.525s | update: 0.111s | total: 7.635s | samples/s: 4131
Iteration 0159 | train reward: 411.95 | best: 411.95 | KL: 1.755e-03 | std: 0.5859 | rollout: 6.625s | update: 0.103s | total: 6.728s | samples/s: 4645
Iteration 0160 | train reward: 415.41 | best: 415.41 | KL: 1.130e-03 | std: 0.5862 | rollout: 7.835s | update: 0.157s | total: 7.992s | samples/s: 4003
Iteration 0161 | train reward: 402.66 | best: 415.41 | KL: 9.577e-04 | std: 0.5847 | rollout: 7.012s | update: 0.112s | total: 7.124s | samples/s: 4269
Iteration 0162 | train reward: 407.30 | best: 415.41 | KL: 1.224e-03 | std: 0.5843 | rollout: 7.729s | update: 0.196s | total: 7.925s | samples/s: 3891
Iteration 0163 | train reward: 400.69 | best: 415.41 | KL: 1.058e-03 | std: 0.5837 | rollout: 6.753s | update: 0.103s | total: 6.856s | samples/s: 4398
Iteration 0164 | train reward: 402.87 | best: 415.41 | KL: 9.293e-04 | std: 0.5843 | rollout: 7.286s | update: 0.140s | total: 7.426s | samples/s: 4045
Iteration 0165 | train reward: 398.11 | best: 415.41 | KL: 8.923e-04 | std: 0.5837 | rollout: 6.333s | update: 0.093s | total: 6.426s | samples/s: 4647
Iteration 0166 | train reward: 404.43 | best: 415.41 | KL: 8.719e-04 | std: 0.5856 | rollout: 6.819s | update: 0.154s | total: 6.973s | samples/s: 4298
Iteration 0167 | train reward: 390.63 | best: 415.41 | KL: 1.523e-03 | std: 0.5845 | rollout: 6.127s | update: 0.169s | total: 6.296s | samples/s: 4576
Iteration 0168 | train reward: 392.96 | best: 415.41 | KL: 1.391e-03 | std: 0.5846 | rollout: 6.810s | update: 0.155s | total: 6.965s | samples/s: 4197
Iteration 0169 | train reward: 402.17 | best: 415.41 | KL: 1.185e-03 | std: 0.5856 | rollout: 7.806s | update: 0.113s | total: 7.918s | samples/s: 3794
Iteration 0170 | train reward: 403.05 | best: 415.41 | KL: 1.133e-03 | std: 0.5843 | rollout: 6.999s | update: 0.105s | total: 7.104s | samples/s: 4204
Iteration 0171 | train reward: 404.78 | best: 415.41 | KL: 1.190e-03 | std: 0.5850 | rollout: 7.171s | update: 0.105s | total: 7.277s | samples/s: 4136
Iteration 0172 | train reward: 402.54 | best: 415.41 | KL: 1.305e-03 | std: 0.5843 | rollout: 6.242s | update: 0.155s | total: 6.397s | samples/s: 4653
Iteration 0173 | train reward: 400.58 | best: 415.41 | KL: 1.199e-03 | std: 0.5849 | rollout: 6.488s | update: 0.110s | total: 6.598s | samples/s: 4500
Iteration 0174 | train reward: 396.34 | best: 415.41 | KL: 1.007e-03 | std: 0.5860 | rollout: 6.731s | update: 0.097s | total: 6.828s | samples/s: 4257
Iteration 0175 | train reward: 401.52 | best: 415.41 | KL: 1.001e-03 | std: 0.5850 | rollout: 6.729s | update: 0.140s | total: 6.870s | samples/s: 4268
Iteration 0176 | train reward: 402.85 | best: 415.41 | KL: 1.244e-03 | std: 0.5859 | rollout: 6.298s | update: 0.105s | total: 6.403s | samples/s: 4575
Iteration 0177 | train reward: 400.59 | best: 415.41 | KL: 9.618e-04 | std: 0.5859 | rollout: 7.364s | update: 0.369s | total: 7.733s | samples/s: 3765
Iteration 0178 | train reward: 400.78 | best: 415.41 | KL: 1.707e-03 | std: 0.5869 | rollout: 7.593s | update: 0.440s | total: 8.034s | samples/s: 3616
Iteration 0179 | train reward: 397.56 | best: 415.41 | KL: 1.708e-03 | std: 0.5859 | rollout: 7.622s | update: 0.341s | total: 7.963s | samples/s: 3584
Iteration 0180 | train reward: 397.34 | best: 415.41 | KL: 9.454e-04 | std: 0.5869 | rollout: 7.061s | update: 0.091s | total: 7.151s | samples/s: 3973
Iteration 0181 | train reward: 401.43 | best: 415.41 | KL: 1.049e-03 | std: 0.5856 | rollout: 6.974s | update: 0.354s | total: 7.328s | samples/s: 3875
Iteration 0182 | train reward: 402.17 | best: 415.41 | KL: 1.125e-03 | std: 0.5859 | rollout: 6.919s | update: 0.485s | total: 7.403s | samples/s: 3903
Iteration 0183 | train reward: 404.35 | best: 415.41 | KL: 1.015e-03 | std: 0.5837 | rollout: 7.196s | update: 0.355s | total: 7.551s | samples/s: 3838
Iteration 0184 | train reward: 405.27 | best: 415.41 | KL: 1.337e-03 | std: 0.5830 | rollout: 6.878s | update: 0.222s | total: 7.100s | samples/s: 4136
Iteration 0185 | train reward: 414.11 | best: 415.41 | KL: 1.051e-03 | std: 0.5824 | rollout: 7.007s | update: 0.132s | total: 7.139s | samples/s: 4134
Iteration 0186 | train reward: 413.07 | best: 415.41 | KL: 1.081e-03 | std: 0.5819 | rollout: 6.453s | update: 0.292s | total: 6.745s | samples/s: 4378
Iteration 0187 | train reward: 417.77 | best: 417.77 | KL: 7.629e-04 | std: 0.5820 | rollout: 7.433s | update: 0.127s | total: 7.561s | samples/s: 3905
Iteration 0188 | train reward: 417.75 | best: 417.77 | KL: 1.411e-03 | std: 0.5817 | rollout: 6.604s | update: 0.188s | total: 6.792s | samples/s: 4326
Iteration 0189 | train reward: 411.53 | best: 417.77 | KL: 1.120e-03 | std: 0.5821 | rollout: 6.044s | update: 0.111s | total: 6.155s | samples/s: 4692
Iteration 0190 | train reward: 425.99 | best: 425.99 | KL: 1.092e-03 | std: 0.5821 | rollout: 7.133s | update: 0.295s | total: 7.429s | samples/s: 3960
Iteration 0191 | train reward: 434.37 | best: 434.37 | KL: 1.374e-03 | std: 0.5820 | rollout: 8.904s | update: 0.366s | total: 9.270s | samples/s: 3258
Iteration 0192 | train reward: 432.63 | best: 434.37 | KL: 1.140e-03 | std: 0.5833 | rollout: 7.420s | update: 0.098s | total: 7.517s | samples/s: 3983
Iteration 0193 | train reward: 435.32 | best: 435.32 | KL: 1.232e-03 | std: 0.5837 | rollout: 7.717s | update: 0.159s | total: 7.875s | samples/s: 3825
Iteration 0194 | train reward: 446.23 | best: 446.23 | KL: 1.311e-03 | std: 0.5834 | rollout: 8.214s | update: 0.105s | total: 8.319s | samples/s: 3685
Iteration 0195 | train reward: 464.21 | best: 464.21 | KL: 1.402e-03 | std: 0.5858 | rollout: 10.098s | update: 0.110s | total: 10.209s | samples/s: 3120
Iteration 0196 | train reward: 452.91 | best: 464.21 | KL: 2.281e-03 | std: 0.5859 | rollout: 8.815s | update: 0.112s | total: 8.927s | samples/s: 3477
Iteration 0197 | train reward: 474.82 | best: 474.82 | KL: 1.559e-03 | std: 0.5856 | rollout: 9.512s | update: 0.122s | total: 9.635s | samples/s: 3330
Iteration 0198 | train reward: 481.43 | best: 481.43 | KL: 1.563e-03 | std: 0.5837 | rollout: 9.446s | update: 0.119s | total: 9.565s | samples/s: 3356
Iteration 0199 | train reward: 478.08 | best: 481.43 | KL: 1.110e-03 | std: 0.5834 | rollout: 9.936s | update: 0.125s | total: 10.061s | samples/s: 3180
Iteration 0200 | train reward: 514.10 | best: 514.10 | KL: 1.687e-03 | std: 0.5810 | rollout: 10.278s | update: 0.347s | total: 10.625s | samples/s: 3237
Iteration 0201 | train reward: 496.61 | best: 514.10 | KL: 1.492e-03 | std: 0.5820 | rollout: 9.683s | update: 0.117s | total: 9.800s | samples/s: 3335
Iteration 0202 | train reward: 494.39 | best: 514.10 | KL: 1.414e-03 | std: 0.5823 | rollout: 10.596s | update: 0.172s | total: 10.768s | samples/s: 2966
Iteration 0203 | train reward: 489.93 | best: 514.10 | KL: 1.401e-03 | std: 0.5830 | rollout: 9.706s | update: 0.272s | total: 9.978s | samples/s: 3064
Iteration 0204 | train reward: 506.33 | best: 514.10 | KL: 1.490e-03 | std: 0.5834 | rollout: 10.788s | update: 0.443s | total: 11.231s | samples/s: 2930
Iteration 0205 | train reward: 547.69 | best: 547.69 | KL: 2.033e-03 | std: 0.5823 | rollout: 10.694s | update: 0.207s | total: 10.901s | samples/s: 3169
Iteration 0206 | train reward: 572.70 | best: 572.70 | KL: 2.161e-03 | std: 0.5819 | rollout: 10.924s | update: 0.261s | total: 11.185s | samples/s: 3181
Iteration 0207 | train reward: 580.04 | best: 580.04 | KL: 1.760e-03 | std: 0.5794 | rollout: 11.058s | update: 0.397s | total: 11.456s | samples/s: 3053
Iteration 0208 | train reward: 623.73 | best: 623.73 | KL: 1.988e-03 | std: 0.5781 | rollout: 10.737s | update: 0.137s | total: 10.873s | samples/s: 3434
Iteration 0209 | train reward: 621.44 | best: 623.73 | KL: 1.645e-03 | std: 0.5795 | rollout: 9.932s | update: 0.139s | total: 10.071s | samples/s: 3668
Iteration 0210 | train reward: 639.13 | best: 639.13 | KL: 1.956e-03 | std: 0.5779 | rollout: 9.793s | update: 0.165s | total: 9.959s | samples/s: 3727
Iteration 0211 | train reward: 643.78 | best: 643.78 | KL: 2.084e-03 | std: 0.5771 | rollout: 10.290s | update: 0.152s | total: 10.441s | samples/s: 3645
Iteration 0212 | train reward: 703.53 | best: 703.53 | KL: 2.146e-03 | std: 0.5793 | rollout: 10.064s | update: 0.153s | total: 10.217s | samples/s: 3958
Iteration 0213 | train reward: 801.18 | best: 801.18 | KL: 2.967e-03 | std: 0.5792 | rollout: 10.060s | update: 0.195s | total: 10.256s | samples/s: 4376
Iteration 0214 | train reward: 765.34 | best: 801.18 | KL: 2.257e-03 | std: 0.5796 | rollout: 9.998s | update: 0.151s | total: 10.149s | samples/s: 4200
Iteration 0215 | train reward: 768.10 | best: 801.18 | KL: 2.416e-03 | std: 0.5784 | rollout: 10.393s | update: 0.133s | total: 10.526s | samples/s: 3963
Iteration 0216 | train reward: 851.29 | best: 851.29 | KL: 3.022e-03 | std: 0.5783 | rollout: 10.029s | update: 0.187s | total: 10.216s | samples/s: 4424
Iteration 0217 | train reward: 862.88 | best: 862.88 | KL: 2.761e-03 | std: 0.5764 | rollout: 9.820s | update: 0.186s | total: 10.006s | samples/s: 4526
Iteration 0218 | train reward: 870.64 | best: 870.64 | KL: 2.209e-03 | std: 0.5755 | rollout: 9.974s | update: 0.176s | total: 10.150s | samples/s: 4434
Iteration 0219 | train reward: 886.48 | best: 886.48 | KL: 2.208e-03 | std: 0.5771 | rollout: 9.805s | update: 0.171s | total: 9.976s | samples/s: 4568
Iteration 0220 | train reward: 907.84 | best: 907.84 | KL: 3.116e-03 | std: 0.5745 | rollout: 10.367s | update: 0.402s | total: 10.769s | samples/s: 4285
Iteration 0221 | train reward: 991.51 | best: 991.51 | KL: 3.493e-03 | std: 0.5753 | rollout: 10.643s | update: 0.214s | total: 10.857s | samples/s: 4656
Iteration 0222 | train reward: 1000.04 | best: 1000.04 | KL: 3.162e-03 | std: 0.5731 | rollout: 10.722s | update: 0.471s | total: 11.193s | samples/s: 4436
Iteration 0223 | train reward: 1027.03 | best: 1027.03 | KL: 3.841e-03 | std: 0.5722 | rollout: 10.226s | update: 0.183s | total: 10.409s | samples/s: 4832
Iteration 0224 | train reward: 1036.59 | best: 1036.59 | KL: 4.160e-03 | std: 0.5720 | rollout: 10.237s | update: 0.171s | total: 10.408s | samples/s: 4970
Iteration 0225 | train reward: 1028.86 | best: 1036.59 | KL: 2.975e-03 | std: 0.5694 | rollout: 9.921s | update: 0.237s | total: 10.158s | samples/s: 4960
Iteration 0226 | train reward: 1068.28 | best: 1068.28 | KL: 2.975e-03 | std: 0.5713 | rollout: 10.152s | update: 0.178s | total: 10.330s | samples/s: 4994
Iteration 0227 | train reward: 1040.00 | best: 1068.28 | KL: 3.854e-03 | std: 0.5711 | rollout: 10.176s | update: 0.195s | total: 10.371s | samples/s: 4892
Iteration 0228 | train reward: 1079.71 | best: 1079.71 | KL: 3.170e-03 | std: 0.5712 | rollout: 10.191s | update: 0.181s | total: 10.372s | samples/s: 4956
Iteration 0229 | train reward: 1058.24 | best: 1079.71 | KL: 2.993e-03 | std: 0.5695 | rollout: 10.080s | update: 0.173s | total: 10.254s | samples/s: 4883
Iteration 0230 | train reward: 1067.77 | best: 1079.71 | KL: 2.882e-03 | std: 0.5687 | rollout: 10.142s | update: 0.331s | total: 10.473s | samples/s: 4801
Iteration 0231 | train reward: 1090.21 | best: 1090.21 | KL: 3.452e-03 | std: 0.5693 | rollout: 9.902s | update: 0.388s | total: 10.290s | samples/s: 4941
Iteration 0232 | train reward: 1084.32 | best: 1090.21 | KL: 2.860e-03 | std: 0.5670 | rollout: 9.945s | update: 0.468s | total: 10.414s | samples/s: 4928
Iteration 0233 | train reward: 1113.40 | best: 1113.40 | KL: 3.443e-03 | std: 0.5635 | rollout: 10.364s | update: 0.198s | total: 10.563s | samples/s: 4962
Iteration 0234 | train reward: 1166.49 | best: 1166.49 | KL: 4.280e-03 | std: 0.5625 | rollout: 10.041s | update: 0.291s | total: 10.331s | samples/s: 5335
Iteration 0235 | train reward: 1183.28 | best: 1183.28 | KL: 3.920e-03 | std: 0.5623 | rollout: 10.132s | update: 0.235s | total: 10.367s | samples/s: 5367
Iteration 0236 | train reward: 1140.26 | best: 1183.28 | KL: 4.371e-03 | std: 0.5627 | rollout: 10.207s | update: 0.218s | total: 10.426s | samples/s: 5140
Iteration 0237 | train reward: 1183.59 | best: 1183.59 | KL: 5.312e-03 | std: 0.5644 | rollout: 9.952s | update: 0.192s | total: 10.144s | samples/s: 5372
Iteration 0238 | train reward: 1131.71 | best: 1183.59 | KL: 3.625e-03 | std: 0.5643 | rollout: 9.947s | update: 0.175s | total: 10.122s | samples/s: 5170
Iteration 0239 | train reward: 1156.49 | best: 1183.59 | KL: 3.536e-03 | std: 0.5632 | rollout: 10.028s | update: 0.181s | total: 10.209s | samples/s: 5124
Iteration 0240 | train reward: 1147.19 | best: 1183.59 | KL: 4.760e-03 | std: 0.5633 | rollout: 9.787s | update: 0.178s | total: 9.965s | samples/s: 5200
Iteration 0241 | train reward: 1170.41 | best: 1183.59 | KL: 4.339e-03 | std: 0.5627 | rollout: 10.178s | update: 0.176s | total: 10.354s | samples/s: 5139
Iteration 0242 | train reward: 1200.12 | best: 1200.12 | KL: 4.523e-03 | std: 0.5606 | rollout: 10.164s | update: 0.210s | total: 10.374s | samples/s: 5234
Iteration 0243 | train reward: 1160.81 | best: 1200.12 | KL: 3.662e-03 | std: 0.5597 | rollout: 10.151s | update: 0.334s | total: 10.485s | samples/s: 5022
Iteration 0244 | train reward: 1191.99 | best: 1200.12 | KL: 3.946e-03 | std: 0.5590 | rollout: 10.195s | update: 0.167s | total: 10.361s | samples/s: 5216
Iteration 0245 | train reward: 1188.75 | best: 1200.12 | KL: 4.298e-03 | std: 0.5566 | rollout: 10.028s | update: 0.189s | total: 10.216s | samples/s: 5275
Iteration 0246 | train reward: 1213.78 | best: 1213.78 | KL: 4.870e-03 | std: 0.5556 | rollout: 10.823s | update: 0.453s | total: 11.275s | samples/s: 4893
Iteration 0247 | train reward: 1219.53 | best: 1219.53 | KL: 3.590e-03 | std: 0.5554 | rollout: 10.141s | update: 0.483s | total: 10.624s | samples/s: 5174
Iteration 0248 | train reward: 1231.50 | best: 1231.50 | KL: 3.358e-03 | std: 0.5546 | rollout: 10.301s | update: 0.368s | total: 10.669s | samples/s: 5226
Iteration 0249 | train reward: 1258.22 | best: 1258.22 | KL: 3.950e-03 | std: 0.5545 | rollout: 10.457s | update: 0.318s | total: 10.774s | samples/s: 5260
Iteration 0250 | train reward: 1237.31 | best: 1258.22 | KL: 3.852e-03 | std: 0.5547 | rollout: 10.269s | update: 0.284s | total: 10.554s | samples/s: 5294
Iteration 0251 | train reward: 1239.02 | best: 1258.22 | KL: 3.636e-03 | std: 0.5549 | rollout: 10.270s | update: 0.280s | total: 10.550s | samples/s: 5272
Iteration 0252 | train reward: 1228.58 | best: 1258.22 | KL: 4.201e-03 | std: 0.5556 | rollout: 10.001s | update: 0.227s | total: 10.228s | samples/s: 5385
Iteration 0253 | train reward: 1240.13 | best: 1258.22 | KL: 4.055e-03 | std: 0.5523 | rollout: 10.053s | update: 0.184s | total: 10.237s | samples/s: 5475
Iteration 0254 | train reward: 1280.09 | best: 1280.09 | KL: 3.710e-03 | std: 0.5523 | rollout: 10.272s | update: 0.260s | total: 10.532s | samples/s: 5508
Iteration 0255 | train reward: 1277.38 | best: 1280.09 | KL: 3.990e-03 | std: 0.5521 | rollout: 10.170s | update: 0.298s | total: 10.468s | samples/s: 5467
Iteration 0256 | train reward: 1249.53 | best: 1280.09 | KL: 3.905e-03 | std: 0.5497 | rollout: 10.459s | update: 0.460s | total: 10.919s | samples/s: 5130
Iteration 0257 | train reward: 1278.04 | best: 1280.09 | KL: 4.449e-03 | std: 0.5512 | rollout: 10.612s | update: 0.266s | total: 10.878s | samples/s: 5257
Iteration 0258 | train reward: 1264.53 | best: 1280.09 | KL: 4.268e-03 | std: 0.5502 | rollout: 10.660s | update: 0.420s | total: 11.080s | samples/s: 5127
Iteration 0259 | train reward: 1300.17 | best: 1300.17 | KL: 4.715e-03 | std: 0.5514 | rollout: 10.785s | update: 0.325s | total: 11.110s | samples/s: 5215
Iteration 0260 | train reward: 1268.71 | best: 1300.17 | KL: 3.018e-03 | std: 0.5520 | rollout: 10.546s | update: 0.418s | total: 10.964s | samples/s: 5192
Iteration 0261 | train reward: 1249.75 | best: 1300.17 | KL: 4.313e-03 | std: 0.5502 | rollout: 10.767s | update: 0.292s | total: 11.059s | samples/s: 5041
Iteration 0262 | train reward: 1280.94 | best: 1300.17 | KL: 3.739e-03 | std: 0.5523 | rollout: 10.161s | update: 0.236s | total: 10.397s | samples/s: 5490
Iteration 0263 | train reward: 1282.19 | best: 1300.17 | KL: 4.049e-03 | std: 0.5523 | rollout: 10.370s | update: 0.195s | total: 10.565s | samples/s: 5410
Iteration 0264 | train reward: 1293.74 | best: 1300.17 | KL: 3.742e-03 | std: 0.5538 | rollout: 10.233s | update: 0.213s | total: 10.447s | samples/s: 5487
Iteration 0265 | train reward: 1276.19 | best: 1300.17 | KL: 5.358e-03 | std: 0.5521 | rollout: 10.471s | update: 0.239s | total: 10.711s | samples/s: 5280
Iteration 0266 | train reward: 1263.94 | best: 1300.17 | KL: 4.404e-03 | std: 0.5523 | rollout: 9.784s | update: 0.192s | total: 9.976s | samples/s: 5611
Iteration 0267 | train reward: 1274.26 | best: 1300.17 | KL: 4.370e-03 | std: 0.5519 | rollout: 10.193s | update: 0.184s | total: 10.377s | samples/s: 5451
Iteration 0268 | train reward: 1289.33 | best: 1300.17 | KL: 3.477e-03 | std: 0.5519 | rollout: 11.068s | update: 0.568s | total: 11.636s | samples/s: 4901
Iteration 0269 | train reward: 1305.87 | best: 1305.87 | KL: 4.748e-03 | std: 0.5495 | rollout: 10.701s | update: 0.198s | total: 10.899s | samples/s: 5310
Iteration 0270 | train reward: 1258.56 | best: 1305.87 | KL: 3.832e-03 | std: 0.5520 | rollout: 10.023s | update: 0.307s | total: 10.330s | samples/s: 5394
Iteration 0271 | train reward: 1277.76 | best: 1305.87 | KL: 4.923e-03 | std: 0.5528 | rollout: 9.834s | update: 0.201s | total: 10.035s | samples/s: 5609
Iteration 0272 | train reward: 1232.19 | best: 1305.87 | KL: 3.299e-03 | std: 0.5528 | rollout: 9.942s | update: 0.223s | total: 10.165s | samples/s: 5341
Iteration 0273 | train reward: 1247.37 | best: 1305.87 | KL: 3.952e-03 | std: 0.5538 | rollout: 9.851s | update: 0.352s | total: 10.203s | samples/s: 5398
Iteration 0274 | train reward: 1260.52 | best: 1305.87 | KL: 4.015e-03 | std: 0.5554 | rollout: 9.962s | update: 0.343s | total: 10.305s | samples/s: 5406
Iteration 0275 | train reward: 1296.39 | best: 1305.87 | KL: 5.235e-03 | std: 0.5564 | rollout: 9.804s | update: 0.176s | total: 9.980s | samples/s: 5716
Iteration 0276 | train reward: 1288.67 | best: 1305.87 | KL: 4.899e-03 | std: 0.5580 | rollout: 9.787s | update: 0.188s | total: 9.975s | samples/s: 5752
Iteration 0277 | train reward: 1309.58 | best: 1309.58 | KL: 4.683e-03 | std: 0.5599 | rollout: 10.098s | update: 0.212s | total: 10.310s | samples/s: 5588
Iteration 0278 | train reward: 1295.87 | best: 1309.58 | KL: 4.479e-03 | std: 0.5573 | rollout: 9.951s | update: 0.267s | total: 10.218s | samples/s: 5533
Iteration 0279 | train reward: 1280.70 | best: 1309.58 | KL: 3.974e-03 | std: 0.5573 | rollout: 9.875s | update: 0.199s | total: 10.074s | samples/s: 5601
Iteration 0280 | train reward: 1259.62 | best: 1309.58 | KL: 4.501e-03 | std: 0.5572 | rollout: 10.170s | update: 0.813s | total: 10.984s | samples/s: 4940
Iteration 0281 | train reward: 1271.21 | best: 1309.58 | KL: 4.029e-03 | std: 0.5564 | rollout: 10.098s | update: 0.225s | total: 10.324s | samples/s: 5326
Iteration 0282 | train reward: 1302.90 | best: 1309.58 | KL: 3.743e-03 | std: 0.5555 | rollout: 9.847s | update: 0.285s | total: 10.131s | samples/s: 5572
Iteration 0283 | train reward: 1275.98 | best: 1309.58 | KL: 5.806e-03 | std: 0.5554 | rollout: 10.212s | update: 0.413s | total: 10.625s | samples/s: 5235
Iteration 0284 | train reward: 1298.91 | best: 1309.58 | KL: 4.546e-03 | std: 0.5566 | rollout: 10.191s | update: 0.191s | total: 10.381s | samples/s: 5446
Iteration 0285 | train reward: 1326.31 | best: 1326.31 | KL: 5.759e-03 | std: 0.5566 | rollout: 9.877s | update: 0.278s | total: 10.156s | samples/s: 5639
Iteration 0286 | train reward: 1307.02 | best: 1326.31 | KL: 4.995e-03 | std: 0.5564 | rollout: 10.111s | update: 0.208s | total: 10.320s | samples/s: 5475
Iteration 0287 | train reward: 1303.28 | best: 1326.31 | KL: 4.226e-03 | std: 0.5564 | rollout: 10.101s | update: 0.356s | total: 10.457s | samples/s: 5417
Iteration 0288 | train reward: 1279.26 | best: 1326.31 | KL: 5.487e-03 | std: 0.5547 | rollout: 10.151s | update: 0.196s | total: 10.347s | samples/s: 5387
Iteration 0289 | train reward: 1300.08 | best: 1326.31 | KL: 4.220e-03 | std: 0.5521 | rollout: 9.685s | update: 0.181s | total: 9.866s | samples/s: 5758
Iteration 0290 | train reward: 1280.59 | best: 1326.31 | KL: 4.818e-03 | std: 0.5521 | rollout: 10.327s | update: 0.192s | total: 10.519s | samples/s: 5315
Iteration 0291 | train reward: 1275.47 | best: 1326.31 | KL: 5.027e-03 | std: 0.5528 | rollout: 9.943s | update: 0.211s | total: 10.154s | samples/s: 5486
Iteration 0292 | train reward: 1318.02 | best: 1326.31 | KL: 5.681e-03 | std: 0.5523 | rollout: 9.953s | update: 0.202s | total: 10.156s | samples/s: 5673
Iteration 0293 | train reward: 1317.92 | best: 1326.31 | KL: 4.301e-03 | std: 0.5549 | rollout: 9.852s | update: 0.186s | total: 10.038s | samples/s: 5713
Iteration 0294 | train reward: 1328.42 | best: 1328.42 | KL: 4.658e-03 | std: 0.5546 | rollout: 9.914s | update: 0.213s | total: 10.127s | samples/s: 5724
Iteration 0295 | train reward: 1340.98 | best: 1340.98 | KL: 5.466e-03 | std: 0.5547 | rollout: 9.745s | update: 0.293s | total: 10.039s | samples/s: 5848
Iteration 0296 | train reward: 1319.95 | best: 1340.98 | KL: 5.023e-03 | std: 0.5571 | rollout: 9.729s | update: 0.212s | total: 9.942s | samples/s: 5836
Iteration 0297 | train reward: 1285.03 | best: 1340.98 | KL: 4.495e-03 | std: 0.5547 | rollout: 9.845s | update: 0.177s | total: 10.021s | samples/s: 5637
Iteration 0298 | train reward: 1341.48 | best: 1341.48 | KL: 5.197e-03 | std: 0.5528 | rollout: 9.838s | update: 0.388s | total: 10.227s | samples/s: 5741
Iteration 0299 | train reward: 1329.31 | best: 1341.48 | KL: 3.855e-03 | std: 0.5530 | rollout: 9.786s | update: 0.216s | total: 10.002s | samples/s: 5854
Iteration 0300 | train reward: 1354.16 | best: 1354.16 | KL: 5.047e-03 | std: 0.5540 | rollout: 9.970s | update: 0.213s | total: 10.182s | samples/s: 5808
Iteration 0301 | train reward: 1351.47 | best: 1354.16 | KL: 4.385e-03 | std: 0.5527 | rollout: 10.319s | update: 0.212s | total: 10.531s | samples/s: 5632
Iteration 0302 | train reward: 1349.98 | best: 1354.16 | KL: 5.077e-03 | std: 0.5523 | rollout: 9.898s | update: 0.237s | total: 10.135s | samples/s: 5775
Iteration 0303 | train reward: 1337.04 | best: 1354.16 | KL: 6.412e-03 | std: 0.5512 | rollout: 9.869s | update: 0.200s | total: 10.069s | samples/s: 5702
Iteration 0304 | train reward: 1297.26 | best: 1354.16 | KL: 5.268e-03 | std: 0.5504 | rollout: 9.820s | update: 0.202s | total: 10.022s | samples/s: 5553
Iteration 0305 | train reward: 1310.80 | best: 1354.16 | KL: 4.361e-03 | std: 0.5504 | rollout: 9.919s | update: 0.201s | total: 10.120s | samples/s: 5565
Iteration 0306 | train reward: 1285.96 | best: 1354.16 | KL: 5.312e-03 | std: 0.5521 | rollout: 9.998s | update: 0.236s | total: 10.234s | samples/s: 5380
Iteration 0307 | train reward: 1321.40 | best: 1354.16 | KL: 4.725e-03 | std: 0.5554 | rollout: 10.097s | update: 0.343s | total: 10.440s | samples/s: 5456
Iteration 0308 | train reward: 1309.23 | best: 1354.16 | KL: 5.239e-03 | std: 0.5545 | rollout: 9.875s | update: 0.184s | total: 10.060s | samples/s: 5600
Iteration 0309 | train reward: 1320.60 | best: 1354.16 | KL: 5.191e-03 | std: 0.5549 | rollout: 10.013s | update: 0.186s | total: 10.200s | samples/s: 5563
Iteration 0310 | train reward: 1321.98 | best: 1354.16 | KL: 4.507e-03 | std: 0.5549 | rollout: 9.659s | update: 0.196s | total: 9.855s | samples/s: 5709
Iteration 0311 | train reward: 1352.92 | best: 1354.16 | KL: 4.200e-03 | std: 0.5573 | rollout: 9.747s | update: 0.194s | total: 9.941s | samples/s: 5840
Iteration 0312 | train reward: 1344.21 | best: 1354.16 | KL: 4.165e-03 | std: 0.5573 | rollout: 9.715s | update: 0.226s | total: 9.941s | samples/s: 5822
Iteration 0313 | train reward: 1252.83 | best: 1354.16 | KL: 4.232e-03 | std: 0.5582 | rollout: 9.914s | update: 0.343s | total: 10.258s | samples/s: 5229
Iteration 0314 | train reward: 1298.02 | best: 1354.16 | KL: 4.810e-03 | std: 0.5571 | rollout: 9.959s | update: 0.249s | total: 10.208s | samples/s: 5418
Iteration 0315 | train reward: 1306.03 | best: 1354.16 | KL: 4.907e-03 | std: 0.5575 | rollout: 9.635s | update: 0.300s | total: 9.936s | samples/s: 5625
Iteration 0316 | train reward: 1295.11 | best: 1354.16 | KL: 4.335e-03 | std: 0.5556 | rollout: 9.981s | update: 0.338s | total: 10.319s | samples/s: 5380
Iteration 0317 | train reward: 1322.24 | best: 1354.16 | KL: 5.067e-03 | std: 0.5546 | rollout: 10.140s | update: 0.711s | total: 10.851s | samples/s: 5254
Iteration 0318 | train reward: 1328.79 | best: 1354.16 | KL: 4.897e-03 | std: 0.5545 | rollout: 10.249s | update: 0.391s | total: 10.640s | samples/s: 5360
Iteration 0319 | train reward: 1333.21 | best: 1354.16 | KL: 5.311e-03 | std: 0.5546 | rollout: 10.337s | update: 0.392s | total: 10.730s | samples/s: 5342
Iteration 0320 | train reward: 1354.58 | best: 1354.58 | KL: 5.871e-03 | std: 0.5554 | rollout: 10.312s | update: 0.202s | total: 10.514s | samples/s: 5587
Iteration 0321 | train reward: 1306.84 | best: 1354.58 | KL: 4.684e-03 | std: 0.5564 | rollout: 9.814s | update: 0.195s | total: 10.008s | samples/s: 5626
Iteration 0322 | train reward: 1338.80 | best: 1354.58 | KL: 4.135e-03 | std: 0.5566 | rollout: 9.908s | update: 0.470s | total: 10.378s | samples/s: 5589
Iteration 0323 | train reward: 1319.75 | best: 1354.58 | KL: 5.982e-03 | std: 0.5572 | rollout: 10.194s | update: 0.196s | total: 10.390s | samples/s: 5498
Iteration 0324 | train reward: 1341.22 | best: 1354.58 | KL: 5.108e-03 | std: 0.5556 | rollout: 10.107s | update: 0.409s | total: 10.515s | samples/s: 5549
Iteration 0325 | train reward: 1308.65 | best: 1354.58 | KL: 4.436e-03 | std: 0.5538 | rollout: 9.910s | update: 0.205s | total: 10.115s | samples/s: 5582
Iteration 0326 | train reward: 1336.80 | best: 1354.58 | KL: 3.715e-03 | std: 0.5520 | rollout: 9.886s | update: 0.209s | total: 10.095s | samples/s: 5705
Iteration 0327 | train reward: 1364.82 | best: 1364.82 | KL: 4.404e-03 | std: 0.5497 | rollout: 9.937s | update: 0.350s | total: 10.287s | samples/s: 5701
Iteration 0328 | train reward: 1326.82 | best: 1364.82 | KL: 4.075e-03 | std: 0.5477 | rollout: 10.342s | update: 0.367s | total: 10.709s | samples/s: 5305
Iteration 0329 | train reward: 1352.82 | best: 1364.82 | KL: 5.227e-03 | std: 0.5443 | rollout: 11.650s | update: 0.425s | total: 12.074s | samples/s: 4797
Iteration 0330 | train reward: 1333.26 | best: 1364.82 | KL: 4.763e-03 | std: 0.5443 | rollout: 10.699s | update: 0.193s | total: 10.892s | samples/s: 5217
Iteration 0331 | train reward: 1350.10 | best: 1364.82 | KL: 5.158e-03 | std: 0.5442 | rollout: 10.338s | update: 0.285s | total: 10.622s | samples/s: 5443
Iteration 0332 | train reward: 1327.72 | best: 1364.82 | KL: 4.755e-03 | std: 0.5443 | rollout: 10.339s | update: 0.186s | total: 10.525s | samples/s: 5408
Iteration 0333 | train reward: 1368.93 | best: 1368.93 | KL: 5.488e-03 | std: 0.5450 | rollout: 10.134s | update: 0.278s | total: 10.412s | samples/s: 5669
Iteration 0334 | train reward: 1315.91 | best: 1368.93 | KL: 5.236e-03 | std: 0.5450 | rollout: 10.148s | update: 0.228s | total: 10.376s | samples/s: 5397
Iteration 0335 | train reward: 1332.22 | best: 1368.93 | KL: 6.509e-03 | std: 0.5443 | rollout: 10.134s | update: 0.191s | total: 10.325s | samples/s: 5483
Iteration 0336 | train reward: 1334.01 | best: 1368.93 | KL: 5.678e-03 | std: 0.5451 | rollout: 9.968s | update: 0.197s | total: 10.165s | samples/s: 5626
Iteration 0337 | train reward: 1350.78 | best: 1368.93 | KL: 5.265e-03 | std: 0.5460 | rollout: 10.245s | update: 0.234s | total: 10.479s | samples/s: 5549
Iteration 0338 | train reward: 1371.77 | best: 1371.77 | KL: 4.999e-03 | std: 0.5449 | rollout: 10.335s | update: 0.217s | total: 10.552s | samples/s: 5608
Iteration 0339 | train reward: 1381.40 | best: 1381.40 | KL: 5.279e-03 | std: 0.5467 | rollout: 10.160s | update: 0.242s | total: 10.402s | samples/s: 5706
Iteration 0340 | train reward: 1347.61 | best: 1381.40 | KL: 4.890e-03 | std: 0.5467 | rollout: 10.013s | update: 0.198s | total: 10.211s | samples/s: 5697
Iteration 0341 | train reward: 1372.53 | best: 1381.40 | KL: 6.127e-03 | std: 0.5451 | rollout: 9.964s | update: 0.368s | total: 10.332s | samples/s: 5688
Iteration 0342 | train reward: 1378.14 | best: 1381.40 | KL: 5.848e-03 | std: 0.5445 | rollout: 10.186s | update: 0.238s | total: 10.424s | samples/s: 5701
Iteration 0343 | train reward: 1372.93 | best: 1381.40 | KL: 5.436e-03 | std: 0.5462 | rollout: 10.162s | update: 0.299s | total: 10.461s | samples/s: 5614
Iteration 0344 | train reward: 1373.35 | best: 1381.40 | KL: 6.034e-03 | std: 0.5445 | rollout: 9.994s | update: 0.191s | total: 10.185s | samples/s: 5778
Iteration 0345 | train reward: 1388.96 | best: 1388.96 | KL: 5.194e-03 | std: 0.5450 | rollout: 9.983s | update: 0.577s | total: 10.559s | samples/s: 5654
Iteration 0346 | train reward: 1410.05 | best: 1410.05 | KL: 4.669e-03 | std: 0.5408 | rollout: 9.989s | update: 0.231s | total: 10.220s | samples/s: 5896
Iteration 0347 | train reward: 1405.54 | best: 1410.05 | KL: 5.692e-03 | std: 0.5399 | rollout: 10.234s | update: 0.220s | total: 10.454s | samples/s: 5745
Iteration 0348 | train reward: 1396.67 | best: 1410.05 | KL: 4.926e-03 | std: 0.5417 | rollout: 10.707s | update: 0.409s | total: 11.116s | samples/s: 5344
Iteration 0349 | train reward: 1375.07 | best: 1410.05 | KL: 5.393e-03 | std: 0.5416 | rollout: 10.336s | update: 0.234s | total: 10.571s | samples/s: 5522
Iteration 0350 | train reward: 1408.15 | best: 1410.05 | KL: 5.405e-03 | std: 0.5417 | rollout: 10.518s | update: 0.272s | total: 10.790s | samples/s: 5556
Iteration 0351 | train reward: 1409.54 | best: 1410.05 | KL: 4.977e-03 | std: 0.5442 | rollout: 10.122s | update: 0.211s | total: 10.333s | samples/s: 5772
Iteration 0352 | train reward: 1409.54 | best: 1410.05 | KL: 4.709e-03 | std: 0.5434 | rollout: 10.021s | update: 0.216s | total: 10.238s | samples/s: 5889
Iteration 0353 | train reward: 1381.75 | best: 1410.05 | KL: 5.520e-03 | std: 0.5418 | rollout: 10.095s | update: 0.341s | total: 10.436s | samples/s: 5670
Iteration 0354 | train reward: 1396.36 | best: 1410.05 | KL: 6.421e-03 | std: 0.5436 | rollout: 10.035s | update: 0.233s | total: 10.268s | samples/s: 5817
Iteration 0355 | train reward: 1373.01 | best: 1410.05 | KL: 6.170e-03 | std: 0.5434 | rollout: 11.317s | update: 0.890s | total: 12.207s | samples/s: 4802
Iteration 0356 | train reward: 1393.95 | best: 1410.05 | KL: 5.701e-03 | std: 0.5425 | rollout: 10.885s | update: 0.234s | total: 11.118s | samples/s: 5360
Iteration 0357 | train reward: 1393.69 | best: 1410.05 | KL: 4.982e-03 | std: 0.5419 | rollout: 10.362s | update: 0.201s | total: 10.563s | samples/s: 5644
Iteration 0358 | train reward: 1369.27 | best: 1410.05 | KL: 4.717e-03 | std: 0.5434 | rollout: 10.143s | update: 0.201s | total: 10.344s | samples/s: 5678
Iteration 0359 | train reward: 1375.68 | best: 1410.05 | KL: 5.680e-03 | std: 0.5425 | rollout: 10.227s | update: 0.346s | total: 10.573s | samples/s: 5531
Iteration 0360 | train reward: 1368.53 | best: 1410.05 | KL: 5.255e-03 | std: 0.5443 | rollout: 9.771s | update: 0.206s | total: 9.978s | samples/s: 5825
Iteration 0361 | train reward: 1430.32 | best: 1430.32 | KL: 5.397e-03 | std: 0.5451 | rollout: 10.098s | update: 0.236s | total: 10.333s | samples/s: 5874
Iteration 0362 | train reward: 1366.12 | best: 1430.32 | KL: 5.977e-03 | std: 0.5460 | rollout: 10.215s | update: 0.190s | total: 10.404s | samples/s: 5588
Iteration 0363 | train reward: 1374.52 | best: 1430.32 | KL: 4.709e-03 | std: 0.5469 | rollout: 9.914s | update: 0.236s | total: 10.150s | samples/s: 5795
Iteration 0364 | train reward: 1360.12 | best: 1430.32 | KL: 5.156e-03 | std: 0.5445 | rollout: 9.983s | update: 0.199s | total: 10.182s | samples/s: 5727
Iteration 0365 | train reward: 1373.26 | best: 1430.32 | KL: 5.788e-03 | std: 0.5449 | rollout: 9.946s | update: 0.214s | total: 10.159s | samples/s: 5779
Iteration 0366 | train reward: 1376.19 | best: 1430.32 | KL: 4.945e-03 | std: 0.5445 | rollout: 9.909s | update: 0.201s | total: 10.110s | samples/s: 5808
Iteration 0367 | train reward: 1386.61 | best: 1430.32 | KL: 4.366e-03 | std: 0.5449 | rollout: 10.085s | update: 0.208s | total: 10.294s | samples/s: 5748
Iteration 0368 | train reward: 1371.19 | best: 1430.32 | KL: 5.577e-03 | std: 0.5443 | rollout: 9.993s | update: 0.200s | total: 10.193s | samples/s: 5686
Iteration 0369 | train reward: 1394.16 | best: 1430.32 | KL: 6.059e-03 | std: 0.5443 | rollout: 10.123s | update: 0.213s | total: 10.336s | samples/s: 5748
Iteration 0370 | train reward: 1375.94 | best: 1430.32 | KL: 5.841e-03 | std: 0.5460 | rollout: 10.151s | update: 0.266s | total: 10.418s | samples/s: 5584
Iteration 0371 | train reward: 1369.40 | best: 1430.32 | KL: 4.784e-03 | std: 0.5476 | rollout: 10.158s | update: 0.281s | total: 10.439s | samples/s: 5586
Iteration 0372 | train reward: 1371.44 | best: 1430.32 | KL: 5.957e-03 | std: 0.5450 | rollout: 9.896s | update: 0.333s | total: 10.230s | samples/s: 5692
Iteration 0373 | train reward: 1380.18 | best: 1430.32 | KL: 5.529e-03 | std: 0.5467 | rollout: 10.001s | update: 0.194s | total: 10.195s | samples/s: 5760
Iteration 0374 | train reward: 1432.29 | best: 1432.29 | KL: 5.331e-03 | std: 0.5444 | rollout: 10.210s | update: 0.233s | total: 10.443s | samples/s: 5864
Iteration 0375 | train reward: 1415.77 | best: 1432.29 | KL: 5.093e-03 | std: 0.5436 | rollout: 10.339s | update: 0.278s | total: 10.617s | samples/s: 5685
Iteration 0376 | train reward: 1418.83 | best: 1432.29 | KL: 4.669e-03 | std: 0.5451 | rollout: 9.999s | update: 0.196s | total: 10.195s | samples/s: 5956
Iteration 0377 | train reward: 1408.26 | best: 1432.29 | KL: 5.778e-03 | std: 0.5449 | rollout: 10.588s | update: 0.245s | total: 10.833s | samples/s: 5533
Iteration 0378 | train reward: 1411.26 | best: 1432.29 | KL: 5.561e-03 | std: 0.5450 | rollout: 10.090s | update: 0.209s | total: 10.299s | samples/s: 5830
Iteration 0379 | train reward: 1414.32 | best: 1432.29 | KL: 6.249e-03 | std: 0.5442 | rollout: 10.206s | update: 0.222s | total: 10.428s | samples/s: 5746
Iteration 0380 | train reward: 1406.52 | best: 1432.29 | KL: 6.145e-03 | std: 0.5442 | rollout: 9.892s | update: 0.193s | total: 10.086s | samples/s: 5930
Iteration 0381 | train reward: 1388.28 | best: 1432.29 | KL: 5.631e-03 | std: 0.5423 | rollout: 10.289s | update: 0.187s | total: 10.476s | samples/s: 5622
Iteration 0382 | train reward: 1407.00 | best: 1432.29 | KL: 4.972e-03 | std: 0.5423 | rollout: 10.041s | update: 0.242s | total: 10.284s | samples/s: 5790
Iteration 0383 | train reward: 1429.09 | best: 1432.29 | KL: 5.443e-03 | std: 0.5423 | rollout: 10.193s | update: 0.260s | total: 10.453s | samples/s: 5817
Iteration 0384 | train reward: 1420.88 | best: 1432.29 | KL: 5.797e-03 | std: 0.5419 | rollout: 9.971s | update: 0.209s | total: 10.180s | samples/s: 5970
Iteration 0385 | train reward: 1423.68 | best: 1432.29 | KL: 5.848e-03 | std: 0.5442 | rollout: 10.135s | update: 0.207s | total: 10.342s | samples/s: 5857
Iteration 0386 | train reward: 1423.37 | best: 1432.29 | KL: 4.838e-03 | std: 0.5425 | rollout: 10.201s | update: 0.217s | total: 10.418s | samples/s: 5832
Iteration 0387 | train reward: 1426.25 | best: 1432.29 | KL: 5.879e-03 | std: 0.5417 | rollout: 9.999s | update: 0.218s | total: 10.217s | samples/s: 5943
Iteration 0388 | train reward: 1430.94 | best: 1432.29 | KL: 5.284e-03 | std: 0.5441 | rollout: 10.074s | update: 0.220s | total: 10.293s | samples/s: 5908
Iteration 0389 | train reward: 1433.32 | best: 1433.32 | KL: 5.448e-03 | std: 0.5467 | rollout: 10.037s | update: 0.268s | total: 10.306s | samples/s: 5904
Iteration 0390 | train reward: 1435.18 | best: 1435.18 | KL: 5.409e-03 | std: 0.5470 | rollout: 10.098s | update: 0.241s | total: 10.339s | samples/s: 5865
Iteration 0391 | train reward: 1438.92 | best: 1438.92 | KL: 5.963e-03 | std: 0.5469 | rollout: 10.032s | update: 0.346s | total: 10.379s | samples/s: 5916
Iteration 0392 | train reward: 1403.40 | best: 1438.92 | KL: 4.249e-03 | std: 0.5469 | rollout: 10.082s | update: 0.213s | total: 10.295s | samples/s: 5791
Iteration 0393 | train reward: 1426.73 | best: 1438.92 | KL: 5.013e-03 | std: 0.5486 | rollout: 10.059s | update: 0.208s | total: 10.267s | samples/s: 5882
Iteration 0394 | train reward: 1438.29 | best: 1438.92 | KL: 6.375e-03 | std: 0.5469 | rollout: 10.131s | update: 0.211s | total: 10.342s | samples/s: 5886
Iteration 0395 | train reward: 1447.56 | best: 1447.56 | KL: 5.496e-03 | std: 0.5451 | rollout: 9.893s | update: 0.245s | total: 10.138s | samples/s: 6057
Iteration 0396 | train reward: 1423.77 | best: 1447.56 | KL: 4.773e-03 | std: 0.5445 | rollout: 10.019s | update: 0.215s | total: 10.234s | samples/s: 5844
Iteration 0397 | train reward: 1468.72 | best: 1468.72 | KL: 4.863e-03 | std: 0.5451 | rollout: 9.985s | update: 0.299s | total: 10.284s | samples/s: 6054
Iteration 0398 | train reward: 1456.36 | best: 1468.72 | KL: 5.273e-03 | std: 0.5441 | rollout: 10.023s | update: 0.200s | total: 10.223s | samples/s: 6013
Iteration 0399 | train reward: 1463.16 | best: 1468.72 | KL: 5.455e-03 | std: 0.5425 | rollout: 10.057s | update: 0.204s | total: 10.260s | samples/s: 5996
Iteration 0400 | train reward: 1440.08 | best: 1468.72 | KL: 5.112e-03 | std: 0.5435 | rollout: 9.956s | update: 0.212s | total: 10.168s | samples/s: 5935
Iteration 0401 | train reward: 1449.18 | best: 1468.72 | KL: 5.627e-03 | std: 0.5444 | rollout: 10.312s | update: 0.208s | total: 10.520s | samples/s: 5784
Iteration 0402 | train reward: 1439.62 | best: 1468.72 | KL: 5.286e-03 | std: 0.5424 | rollout: 10.162s | update: 0.223s | total: 10.385s | samples/s: 5838
Iteration 0403 | train reward: 1447.26 | best: 1468.72 | KL: 5.099e-03 | std: 0.5434 | rollout: 10.164s | update: 0.217s | total: 10.381s | samples/s: 5865
Iteration 0404 | train reward: 1438.99 | best: 1468.72 | KL: 4.782e-03 | std: 0.5425 | rollout: 9.860s | update: 0.205s | total: 10.065s | samples/s: 6007
Iteration 0405 | train reward: 1449.62 | best: 1468.72 | KL: 4.779e-03 | std: 0.5436 | rollout: 9.990s | update: 0.203s | total: 10.194s | samples/s: 5997
Iteration 0406 | train reward: 1404.12 | best: 1468.72 | KL: 5.752e-03 | std: 0.5423 | rollout: 10.712s | update: 0.279s | total: 10.990s | samples/s: 5345
Iteration 0407 | train reward: 1439.46 | best: 1468.72 | KL: 5.447e-03 | std: 0.5419 | rollout: 10.193s | update: 0.196s | total: 10.389s | samples/s: 5804
Iteration 0408 | train reward: 1424.70 | best: 1468.72 | KL: 4.689e-03 | std: 0.5418 | rollout: 10.132s | update: 0.279s | total: 10.411s | samples/s: 5726
Iteration 0409 | train reward: 1433.75 | best: 1468.72 | KL: 4.549e-03 | std: 0.5419 | rollout: 10.109s | update: 0.200s | total: 10.309s | samples/s: 5852
Iteration 0410 | train reward: 1425.12 | best: 1468.72 | KL: 5.579e-03 | std: 0.5416 | rollout: 10.333s | update: 0.295s | total: 10.628s | samples/s: 5616
Iteration 0411 | train reward: 1437.07 | best: 1468.72 | KL: 5.097e-03 | std: 0.5415 | rollout: 10.114s | update: 0.283s | total: 10.397s | samples/s: 5802
Iteration 0412 | train reward: 1430.96 | best: 1468.72 | KL: 4.806e-03 | std: 0.5410 | rollout: 10.087s | update: 0.210s | total: 10.297s | samples/s: 5849
Iteration 0413 | train reward: 1451.06 | best: 1468.72 | KL: 4.907e-03 | std: 0.5417 | rollout: 10.117s | update: 0.198s | total: 10.315s | samples/s: 5918
Iteration 0414 | train reward: 1423.28 | best: 1468.72 | KL: 4.393e-03 | std: 0.5436 | rollout: 10.296s | update: 0.216s | total: 10.511s | samples/s: 5672
Iteration 0415 | train reward: 1422.79 | best: 1468.72 | KL: 4.971e-03 | std: 0.5443 | rollout: 9.971s | update: 0.424s | total: 10.394s | samples/s: 5749
Iteration 0416 | train reward: 1418.48 | best: 1468.72 | KL: 5.364e-03 | std: 0.5442 | rollout: 10.214s | update: 0.518s | total: 10.731s | samples/s: 5546
Iteration 0417 | train reward: 1425.86 | best: 1468.72 | KL: 4.484e-03 | std: 0.5451 | rollout: 10.009s | update: 0.213s | total: 10.222s | samples/s: 5842
Iteration 0418 | train reward: 1444.46 | best: 1468.72 | KL: 4.477e-03 | std: 0.5467 | rollout: 9.870s | update: 0.191s | total: 10.061s | samples/s: 6053
Iteration 0419 | train reward: 1439.89 | best: 1468.72 | KL: 4.904e-03 | std: 0.5469 | rollout: 9.899s | update: 0.250s | total: 10.149s | samples/s: 5981
Iteration 0420 | train reward: 1438.14 | best: 1468.72 | KL: 5.153e-03 | std: 0.5451 | rollout: 9.969s | update: 0.292s | total: 10.262s | samples/s: 5867
Iteration 0421 | train reward: 1444.40 | best: 1468.72 | KL: 3.864e-03 | std: 0.5449 | rollout: 9.991s | update: 0.262s | total: 10.253s | samples/s: 5964
Iteration 0422 | train reward: 1454.96 | best: 1468.72 | KL: 4.762e-03 | std: 0.5468 | rollout: 10.183s | update: 0.220s | total: 10.403s | samples/s: 5896
Iteration 0423 | train reward: 1451.09 | best: 1468.72 | KL: 6.005e-03 | std: 0.5475 | rollout: 9.899s | update: 0.229s | total: 10.128s | samples/s: 6009
Iteration 0424 | train reward: 1447.77 | best: 1468.72 | KL: 4.636e-03 | std: 0.5470 | rollout: 9.768s | update: 0.225s | total: 9.993s | samples/s: 6092
Iteration 0425 | train reward: 1446.79 | best: 1468.72 | KL: 4.703e-03 | std: 0.5486 | rollout: 10.073s | update: 0.202s | total: 10.275s | samples/s: 5914
Iteration 0426 | train reward: 1460.56 | best: 1468.72 | KL: 4.488e-03 | std: 0.5477 | rollout: 9.809s | update: 0.257s | total: 10.067s | samples/s: 6085
Iteration 0427 | train reward: 1449.05 | best: 1468.72 | KL: 4.998e-03 | std: 0.5476 | rollout: 10.177s | update: 0.219s | total: 10.396s | samples/s: 5862
Iteration 0428 | train reward: 1443.73 | best: 1468.72 | KL: 5.484e-03 | std: 0.5477 | rollout: 10.035s | update: 0.263s | total: 10.298s | samples/s: 5918
Iteration 0429 | train reward: 1460.16 | best: 1468.72 | KL: 4.483e-03 | std: 0.5495 | rollout: 10.118s | update: 0.249s | total: 10.367s | samples/s: 5947
Iteration 0430 | train reward: 1476.50 | best: 1476.50 | KL: 4.226e-03 | std: 0.5503 | rollout: 10.074s | update: 0.314s | total: 10.389s | samples/s: 6014
Iteration 0431 | train reward: 1486.13 | best: 1486.13 | KL: 4.935e-03 | std: 0.5513 | rollout: 10.058s | update: 0.240s | total: 10.298s | samples/s: 6067
Iteration 0432 | train reward: 1466.03 | best: 1486.13 | KL: 4.221e-03 | std: 0.5514 | rollout: 9.930s | update: 0.223s | total: 10.154s | samples/s: 6125
Iteration 0433 | train reward: 1463.76 | best: 1486.13 | KL: 4.971e-03 | std: 0.5495 | rollout: 10.145s | update: 0.294s | total: 10.439s | samples/s: 5910
Iteration 0434 | train reward: 1485.02 | best: 1486.13 | KL: 4.947e-03 | std: 0.5493 | rollout: 10.102s | update: 0.324s | total: 10.426s | samples/s: 6023
Iteration 0435 | train reward: 1497.63 | best: 1497.63 | KL: 4.515e-03 | std: 0.5469 | rollout: 10.927s | update: 0.900s | total: 11.827s | samples/s: 5331
Iteration 0436 | train reward: 1467.96 | best: 1497.63 | KL: 4.248e-03 | std: 0.5469 | rollout: 10.574s | update: 0.244s | total: 10.818s | samples/s: 5709
Iteration 0437 | train reward: 1478.22 | best: 1497.63 | KL: 4.435e-03 | std: 0.5493 | rollout: 10.180s | update: 0.225s | total: 10.404s | samples/s: 5979
Iteration 0438 | train reward: 1488.74 | best: 1497.63 | KL: 4.077e-03 | std: 0.5519 | rollout: 9.921s | update: 0.286s | total: 10.207s | samples/s: 6174
Iteration 0439 | train reward: 1464.46 | best: 1497.63 | KL: 3.992e-03 | std: 0.5521 | rollout: 10.282s | update: 0.404s | total: 10.686s | samples/s: 5799
Iteration 0440 | train reward: 1471.15 | best: 1497.63 | KL: 5.528e-03 | std: 0.5520 | rollout: 10.000s | update: 0.294s | total: 10.294s | samples/s: 6011
Iteration 0441 | train reward: 1470.24 | best: 1497.63 | KL: 4.563e-03 | std: 0.5503 | rollout: 10.255s | update: 0.618s | total: 10.873s | samples/s: 5730
Iteration 0442 | train reward: 1503.50 | best: 1503.50 | KL: 4.629e-03 | std: 0.5523 | rollout: 11.549s | update: 0.364s | total: 11.913s | samples/s: 5323
Iteration 0443 | train reward: 1488.18 | best: 1503.50 | KL: 4.815e-03 | std: 0.5519 | rollout: 10.202s | update: 0.266s | total: 10.467s | samples/s: 5958
Iteration 0444 | train reward: 1472.00 | best: 1503.50 | KL: 4.035e-03 | std: 0.5514 | rollout: 10.116s | update: 0.254s | total: 10.370s | samples/s: 5981
Iteration 0445 | train reward: 1453.37 | best: 1503.50 | KL: 4.501e-03 | std: 0.5503 | rollout: 10.069s | update: 0.500s | total: 10.568s | samples/s: 5801
Iteration 0446 | train reward: 1496.86 | best: 1503.50 | KL: 5.136e-03 | std: 0.5495 | rollout: 10.273s | update: 0.358s | total: 10.631s | samples/s: 5916
Iteration 0447 | train reward: 1474.36 | best: 1503.50 | KL: 4.801e-03 | std: 0.5471 | rollout: 10.128s | update: 0.226s | total: 10.355s | samples/s: 5991
Iteration 0448 | train reward: 1474.60 | best: 1503.50 | KL: 4.406e-03 | std: 0.5475 | rollout: 9.802s | update: 0.222s | total: 10.024s | samples/s: 6218
Iteration 0449 | train reward: 1482.62 | best: 1503.50 | KL: 4.856e-03 | std: 0.5467 | rollout: 10.065s | update: 0.223s | total: 10.289s | samples/s: 6064
Iteration 0450 | train reward: 1491.34 | best: 1503.50 | KL: 5.612e-03 | std: 0.5470 | rollout: 10.480s | update: 0.206s | total: 10.686s | samples/s: 5853
Iteration 0451 | train reward: 1484.09 | best: 1503.50 | KL: 5.547e-03 | std: 0.5486 | rollout: 10.622s | update: 0.252s | total: 10.874s | samples/s: 5716
Iteration 0452 | train reward: 1481.05 | best: 1503.50 | KL: 5.174e-03 | std: 0.5469 | rollout: 10.654s | update: 0.245s | total: 10.899s | samples/s: 5716
Iteration 0453 | train reward: 1490.74 | best: 1503.50 | KL: 5.117e-03 | std: 0.5489 | rollout: 10.077s | update: 0.212s | total: 10.288s | samples/s: 6054
Iteration 0454 | train reward: 1466.14 | best: 1503.50 | KL: 4.489e-03 | std: 0.5493 | rollout: 10.315s | update: 0.198s | total: 10.513s | samples/s: 5828
Iteration 0455 | train reward: 1481.13 | best: 1503.50 | KL: 4.945e-03 | std: 0.5477 | rollout: 10.540s | update: 0.211s | total: 10.750s | samples/s: 5780
Iteration 0456 | train reward: 1470.93 | best: 1503.50 | KL: 4.674e-03 | std: 0.5488 | rollout: 10.507s | update: 0.328s | total: 10.835s | samples/s: 5683
Iteration 0457 | train reward: 1467.45 | best: 1503.50 | KL: 5.055e-03 | std: 0.5468 | rollout: 11.185s | update: 0.215s | total: 11.400s | samples/s: 5387
Iteration 0458 | train reward: 1442.39 | best: 1503.50 | KL: 5.338e-03 | std: 0.5467 | rollout: 9.988s | update: 0.199s | total: 10.188s | samples/s: 5941
Iteration 0459 | train reward: 1466.02 | best: 1503.50 | KL: 4.081e-03 | std: 0.5436 | rollout: 10.000s | update: 0.243s | total: 10.243s | samples/s: 5982
Iteration 0460 | train reward: 1471.04 | best: 1503.50 | KL: 5.041e-03 | std: 0.5449 | rollout: 10.143s | update: 0.224s | total: 10.368s | samples/s: 5941
Iteration 0461 | train reward: 1448.02 | best: 1503.50 | KL: 6.266e-03 | std: 0.5449 | rollout: 10.136s | update: 0.197s | total: 10.332s | samples/s: 5856
Iteration 0462 | train reward: 1488.22 | best: 1503.50 | KL: 4.980e-03 | std: 0.5443 | rollout: 9.942s | update: 0.222s | total: 10.163s | samples/s: 6105
Iteration 0463 | train reward: 1464.03 | best: 1503.50 | KL: 5.271e-03 | std: 0.5436 | rollout: 10.071s | update: 0.214s | total: 10.284s | samples/s: 5944
Iteration 0464 | train reward: 1435.17 | best: 1503.50 | KL: 5.150e-03 | std: 0.5417 | rollout: 10.192s | update: 0.461s | total: 10.653s | samples/s: 5636
Iteration 0465 | train reward: 1465.15 | best: 1503.50 | KL: 5.167e-03 | std: 0.5397 | rollout: 10.225s | update: 0.206s | total: 10.432s | samples/s: 5862
Iteration 0466 | train reward: 1467.26 | best: 1503.50 | KL: 5.279e-03 | std: 0.5417 | rollout: 10.065s | update: 0.224s | total: 10.289s | samples/s: 5933
Iteration 0467 | train reward: 1465.24 | best: 1503.50 | KL: 5.604e-03 | std: 0.5425 | rollout: 9.877s | update: 0.216s | total: 10.093s | samples/s: 6053
Iteration 0468 | train reward: 1489.64 | best: 1503.50 | KL: 4.840e-03 | std: 0.5417 | rollout: 10.014s | update: 0.223s | total: 10.236s | samples/s: 6066
Iteration 0469 | train reward: 1489.21 | best: 1503.50 | KL: 4.269e-03 | std: 0.5417 | rollout: 10.553s | update: 0.195s | total: 10.748s | samples/s: 5772
Iteration 0470 | train reward: 1476.68 | best: 1503.50 | KL: 5.127e-03 | std: 0.5441 | rollout: 10.162s | update: 0.308s | total: 10.471s | samples/s: 5866
Iteration 0471 | train reward: 1472.51 | best: 1503.50 | KL: 5.091e-03 | std: 0.5418 | rollout: 10.381s | update: 0.381s | total: 10.762s | samples/s: 5680
Iteration 0472 | train reward: 1487.91 | best: 1503.50 | KL: 5.118e-03 | std: 0.5442 | rollout: 10.122s | update: 0.210s | total: 10.332s | samples/s: 5971
Iteration 0473 | train reward: 1469.99 | best: 1503.50 | KL: 4.289e-03 | std: 0.5441 | rollout: 10.303s | update: 0.203s | total: 10.505s | samples/s: 5824
Iteration 0474 | train reward: 1465.14 | best: 1503.50 | KL: 5.342e-03 | std: 0.5442 | rollout: 10.398s | update: 0.182s | total: 10.580s | samples/s: 5751
Iteration 0475 | train reward: 1488.16 | best: 1503.50 | KL: 4.811e-03 | std: 0.5462 | rollout: 10.241s | update: 0.222s | total: 10.464s | samples/s: 5910
Iteration 0476 | train reward: 1480.61 | best: 1503.50 | KL: 4.813e-03 | std: 0.5468 | rollout: 11.434s | update: 0.975s | total: 12.409s | samples/s: 4953
Iteration 0477 | train reward: 1463.63 | best: 1503.50 | KL: 5.202e-03 | std: 0.5450 | rollout: 11.096s | update: 0.227s | total: 11.323s | samples/s: 5369
Iteration 0478 | train reward: 1500.76 | best: 1503.50 | KL: 4.601e-03 | std: 0.5443 | rollout: 10.116s | update: 0.752s | total: 10.868s | samples/s: 5765
Iteration 0479 | train reward: 1509.22 | best: 1509.22 | KL: 4.475e-03 | std: 0.5444 | rollout: 10.076s | update: 0.299s | total: 10.375s | samples/s: 6049
Iteration 0480 | train reward: 1491.60 | best: 1509.22 | KL: 5.123e-03 | std: 0.5441 | rollout: 9.990s | update: 0.373s | total: 10.364s | samples/s: 5991
Iteration 0481 | train reward: 1510.42 | best: 1510.42 | KL: 4.723e-03 | std: 0.5435 | rollout: 9.754s | update: 0.236s | total: 9.991s | samples/s: 6295
Iteration 0482 | train reward: 1475.08 | best: 1510.42 | KL: 4.256e-03 | std: 0.5435 | rollout: 9.925s | update: 0.509s | total: 10.434s | samples/s: 5869
Iteration 0483 | train reward: 1480.47 | best: 1510.42 | KL: 5.125e-03 | std: 0.5424 | rollout: 10.806s | update: 0.222s | total: 11.028s | samples/s: 5544
Iteration 0484 | train reward: 1466.81 | best: 1510.42 | KL: 4.294e-03 | std: 0.5416 | rollout: 10.279s | update: 0.329s | total: 10.608s | samples/s: 5721
Iteration 0485 | train reward: 1464.58 | best: 1510.42 | KL: 4.029e-03 | std: 0.5436 | rollout: 10.544s | update: 0.266s | total: 10.810s | samples/s: 5596
Iteration 0486 | train reward: 1466.71 | best: 1510.42 | KL: 5.148e-03 | std: 0.5435 | rollout: 10.072s | update: 0.209s | total: 10.281s | samples/s: 5910
Iteration 0487 | train reward: 1479.23 | best: 1510.42 | KL: 4.924e-03 | std: 0.5436 | rollout: 9.980s | update: 0.225s | total: 10.205s | samples/s: 5986
Iteration 0488 | train reward: 1480.89 | best: 1510.42 | KL: 4.316e-03 | std: 0.5450 | rollout: 10.146s | update: 0.314s | total: 10.459s | samples/s: 5875
Iteration 0489 | train reward: 1467.32 | best: 1510.42 | KL: 5.117e-03 | std: 0.5450 | rollout: 9.941s | update: 0.210s | total: 10.151s | samples/s: 6015
Iteration 0490 | train reward: 1483.44 | best: 1510.42 | KL: 4.683e-03 | std: 0.5451 | rollout: 9.623s | update: 0.228s | total: 9.851s | samples/s: 6262
Iteration 0491 | train reward: 1477.71 | best: 1510.42 | KL: 5.722e-03 | std: 0.5436 | rollout: 10.008s | update: 0.349s | total: 10.357s | samples/s: 5923
Iteration 0492 | train reward: 1492.41 | best: 1510.42 | KL: 5.230e-03 | std: 0.5417 | rollout: 10.232s | update: 0.450s | total: 10.683s | samples/s: 5811
Iteration 0493 | train reward: 1489.09 | best: 1510.42 | KL: 4.665e-03 | std: 0.5425 | rollout: 9.925s | update: 0.218s | total: 10.142s | samples/s: 6091
Iteration 0494 | train reward: 1481.31 | best: 1510.42 | KL: 4.948e-03 | std: 0.5415 | rollout: 10.071s | update: 0.189s | total: 10.260s | samples/s: 6008
Iteration 0495 | train reward: 1465.18 | best: 1510.42 | KL: 4.853e-03 | std: 0.5419 | rollout: 9.841s | update: 0.203s | total: 10.044s | samples/s: 6063
Iteration 0496 | train reward: 1469.80 | best: 1510.42 | KL: 4.536e-03 | std: 0.5434 | rollout: 9.975s | update: 0.220s | total: 10.195s | samples/s: 5989
Iteration 0497 | train reward: 1478.96 | best: 1510.42 | KL: 5.935e-03 | std: 0.5419 | rollout: 10.045s | update: 0.257s | total: 10.302s | samples/s: 5943
Iteration 0498 | train reward: 1475.63 | best: 1510.42 | KL: 5.455e-03 | std: 0.5424 | rollout: 10.198s | update: 0.198s | total: 10.396s | samples/s: 5892
Iteration 0499 | train reward: 1490.53 | best: 1510.42 | KL: 4.739e-03 | std: 0.5441 | rollout: 9.920s | update: 0.197s | total: 10.117s | samples/s: 6128
Iteration 0500 | train reward: 1497.64 | best: 1510.42 | KL: 5.092e-03 | std: 0.5417 | rollout: 9.920s | update: 0.210s | total: 10.130s | samples/s: 6184
Iteration 0501 | train reward: 1473.20 | best: 1510.42 | KL: 5.587e-03 | std: 0.5423 | rollout: 9.520s | update: 0.218s | total: 9.738s | samples/s: 6299
Iteration 0502 | train reward: 1482.64 | best: 1510.42 | KL: 4.891e-03 | std: 0.5442 | rollout: 9.896s | update: 0.207s | total: 10.103s | samples/s: 6148
Iteration 0503 | train reward: 1460.12 | best: 1510.42 | KL: 5.893e-03 | std: 0.5461 | rollout: 9.723s | update: 0.227s | total: 9.950s | samples/s: 6108
Iteration 0504 | train reward: 1486.82 | best: 1510.42 | KL: 4.889e-03 | std: 0.5467 | rollout: 10.080s | update: 0.266s | total: 10.346s | samples/s: 6000
Iteration 0505 | train reward: 1474.94 | best: 1510.42 | KL: 5.105e-03 | std: 0.5469 | rollout: 9.988s | update: 0.468s | total: 10.456s | samples/s: 5894
Iteration 0506 | train reward: 1474.83 | best: 1510.42 | KL: 5.110e-03 | std: 0.5495 | rollout: 10.180s | update: 0.342s | total: 10.522s | samples/s: 5824
Iteration 0507 | train reward: 1493.34 | best: 1510.42 | KL: 4.192e-03 | std: 0.5495 | rollout: 10.370s | update: 0.292s | total: 10.661s | samples/s: 5833
Iteration 0508 | train reward: 1459.24 | best: 1510.42 | KL: 5.123e-03 | std: 0.5469 | rollout: 9.815s | update: 0.505s | total: 10.321s | samples/s: 5879
Iteration 0509 | train reward: 1490.74 | best: 1510.42 | KL: 5.604e-03 | std: 0.5451 | rollout: 10.031s | update: 0.503s | total: 10.534s | samples/s: 5911
Iteration 0510 | train reward: 1499.94 | best: 1510.42 | KL: 5.301e-03 | std: 0.5469 | rollout: 10.150s | update: 0.378s | total: 10.528s | samples/s: 5949
Iteration 0511 | train reward: 1468.74 | best: 1510.42 | KL: 4.492e-03 | std: 0.5470 | rollout: 10.182s | update: 0.416s | total: 10.598s | samples/s: 5760
Iteration 0512 | train reward: 1492.47 | best: 1510.42 | KL: 4.534e-03 | std: 0.5475 | rollout: 9.783s | update: 0.251s | total: 10.034s | samples/s: 6195
Iteration 0513 | train reward: 1495.86 | best: 1510.42 | KL: 4.749e-03 | std: 0.5476 | rollout: 9.989s | update: 0.244s | total: 10.233s | samples/s: 6059
Iteration 0514 | train reward: 1447.00 | best: 1510.42 | KL: 5.258e-03 | std: 0.5467 | rollout: 11.155s | update: 0.727s | total: 11.882s | samples/s: 5042
Iteration 0515 | train reward: 1470.67 | best: 1510.42 | KL: 4.909e-03 | std: 0.5460 | rollout: 11.305s | update: 0.435s | total: 11.740s | samples/s: 5164
Iteration 0516 | train reward: 1503.40 | best: 1510.42 | KL: 4.423e-03 | std: 0.5477 | rollout: 10.912s | update: 0.497s | total: 11.408s | samples/s: 5434
Iteration 0517 | train reward: 1466.15 | best: 1510.42 | KL: 4.942e-03 | std: 0.5488 | rollout: 10.521s | update: 0.199s | total: 10.720s | samples/s: 5635
Iteration 0518 | train reward: 1501.05 | best: 1510.42 | KL: 4.816e-03 | std: 0.5487 | rollout: 10.081s | update: 0.202s | total: 10.283s | samples/s: 6009
Iteration 0519 | train reward: 1478.63 | best: 1510.42 | KL: 4.172e-03 | std: 0.5469 | rollout: 9.757s | update: 0.216s | total: 9.973s | samples/s: 6149
Iteration 0520 | train reward: 1455.28 | best: 1510.42 | KL: 4.463e-03 | std: 0.5450 | rollout: 9.785s | update: 0.188s | total: 9.974s | samples/s: 6015
Iteration 0521 | train reward: 1501.56 | best: 1510.42 | KL: 5.535e-03 | std: 0.5441 | rollout: 10.029s | update: 0.260s | total: 10.290s | samples/s: 5972
Iteration 0522 | train reward: 1491.35 | best: 1510.42 | KL: 5.669e-03 | std: 0.5436 | rollout: 9.881s | update: 0.206s | total: 10.087s | samples/s: 6077
Iteration 0523 | train reward: 1483.99 | best: 1510.42 | KL: 5.441e-03 | std: 0.5450 | rollout: 9.813s | update: 0.207s | total: 10.020s | samples/s: 6072
Iteration 0524 | train reward: 1507.88 | best: 1510.42 | KL: 5.390e-03 | std: 0.5445 | rollout: 9.886s | update: 0.217s | total: 10.103s | samples/s: 6154
Iteration 0525 | train reward: 1517.17 | best: 1517.17 | KL: 5.037e-03 | std: 0.5451 | rollout: 10.021s | update: 0.345s | total: 10.366s | samples/s: 6029
Iteration 0526 | train reward: 1510.93 | best: 1517.17 | KL: 4.492e-03 | std: 0.5460 | rollout: 10.100s | update: 0.281s | total: 10.381s | samples/s: 5980
Iteration 0527 | train reward: 1505.16 | best: 1517.17 | KL: 4.360e-03 | std: 0.5441 | rollout: 11.423s | update: 0.866s | total: 12.289s | samples/s: 5014
Iteration 0528 | train reward: 1472.14 | best: 1517.17 | KL: 4.662e-03 | std: 0.5442 | rollout: 11.162s | update: 0.388s | total: 11.550s | samples/s: 5234
Iteration 0529 | train reward: 1471.78 | best: 1517.17 | KL: 4.899e-03 | std: 0.5449 | rollout: 11.065s | update: 0.312s | total: 11.376s | samples/s: 5313
Iteration 0530 | train reward: 1486.24 | best: 1517.17 | KL: 6.535e-03 | std: 0.5441 | rollout: 10.241s | update: 0.291s | total: 10.532s | samples/s: 5767
Iteration 0531 | train reward: 1520.52 | best: 1520.52 | KL: 4.445e-03 | std: 0.5451 | rollout: 9.857s | update: 0.244s | total: 10.100s | samples/s: 6174
Iteration 0532 | train reward: 1499.56 | best: 1520.52 | KL: 5.816e-03 | std: 0.5435 | rollout: 9.838s | update: 0.203s | total: 10.041s | samples/s: 6076
Iteration 0533 | train reward: 1509.90 | best: 1520.52 | KL: 4.694e-03 | std: 0.5425 | rollout: 10.367s | update: 0.241s | total: 10.608s | samples/s: 5823
Iteration 0534 | train reward: 1520.36 | best: 1520.52 | KL: 5.328e-03 | std: 0.5436 | rollout: 10.039s | update: 0.352s | total: 10.391s | samples/s: 5984
Iteration 0535 | train reward: 1486.18 | best: 1520.52 | KL: 6.265e-03 | std: 0.5408 | rollout: 10.233s | update: 0.309s | total: 10.541s | samples/s: 5772
Iteration 0536 | train reward: 1485.85 | best: 1520.52 | KL: 5.141e-03 | std: 0.5409 | rollout: 9.737s | update: 0.365s | total: 10.101s | samples/s: 6048
Iteration 0537 | train reward: 1495.68 | best: 1520.52 | KL: 5.997e-03 | std: 0.5425 | rollout: 9.857s | update: 0.282s | total: 10.139s | samples/s: 6038
Iteration 0538 | train reward: 1496.33 | best: 1520.52 | KL: 5.292e-03 | std: 0.5410 | rollout: 10.191s | update: 0.225s | total: 10.416s | samples/s: 5904
Iteration 0539 | train reward: 1508.24 | best: 1520.52 | KL: 6.109e-03 | std: 0.5410 | rollout: 10.215s | update: 0.392s | total: 10.607s | samples/s: 5829
Iteration 0540 | train reward: 1493.64 | best: 1520.52 | KL: 6.865e-03 | std: 0.5390 | rollout: 10.010s | update: 0.219s | total: 10.228s | samples/s: 5983
Iteration 0541 | train reward: 1518.47 | best: 1520.52 | KL: 4.839e-03 | std: 0.5390 | rollout: 10.197s | update: 0.214s | total: 10.411s | samples/s: 6007
Iteration 0542 | train reward: 1506.75 | best: 1520.52 | KL: 5.356e-03 | std: 0.5389 | rollout: 9.833s | update: 0.552s | total: 10.385s | samples/s: 5963
Iteration 0543 | train reward: 1516.44 | best: 1520.52 | KL: 5.145e-03 | std: 0.5391 | rollout: 10.225s | update: 0.225s | total: 10.450s | samples/s: 5946
Iteration 0544 | train reward: 1524.07 | best: 1524.07 | KL: 7.885e-03 | std: 0.5408 | rollout: 9.964s | update: 0.319s | total: 10.283s | samples/s: 6044
Iteration 0545 | train reward: 1503.94 | best: 1524.07 | KL: 4.653e-03 | std: 0.5399 | rollout: 9.591s | update: 0.260s | total: 9.851s | samples/s: 6215
Iteration 0546 | train reward: 1498.95 | best: 1524.07 | KL: 4.907e-03 | std: 0.5419 | rollout: 9.950s | update: 0.300s | total: 10.250s | samples/s: 5987
Iteration 0547 | train reward: 1499.31 | best: 1524.07 | KL: 5.754e-03 | std: 0.5415 | rollout: 9.945s | update: 0.278s | total: 10.223s | samples/s: 5972
Iteration 0548 | train reward: 1486.32 | best: 1524.07 | KL: 5.472e-03 | std: 0.5391 | rollout: 9.969s | update: 0.197s | total: 10.167s | samples/s: 5937
Iteration 0549 | train reward: 1466.27 | best: 1524.07 | KL: 6.450e-03 | std: 0.5389 | rollout: 9.824s | update: 0.225s | total: 10.049s | samples/s: 5921
Iteration 0550 | train reward: 1512.30 | best: 1524.07 | KL: 5.158e-03 | std: 0.5389 | rollout: 9.957s | update: 0.216s | total: 10.173s | samples/s: 6042
Iteration 0551 | train reward: 1490.41 | best: 1524.07 | KL: 4.873e-03 | std: 0.5384 | rollout: 9.897s | update: 0.305s | total: 10.202s | samples/s: 5934
Iteration 0552 | train reward: 1488.32 | best: 1524.07 | KL: 6.113e-03 | std: 0.5392 | rollout: 10.325s | update: 0.476s | total: 10.800s | samples/s: 5579
Iteration 0553 | train reward: 1508.30 | best: 1524.07 | KL: 4.916e-03 | std: 0.5391 | rollout: 10.236s | update: 0.496s | total: 10.733s | samples/s: 5721
Iteration 0554 | train reward: 1458.17 | best: 1524.07 | KL: 5.164e-03 | std: 0.5391 | rollout: 10.288s | update: 0.187s | total: 10.475s | samples/s: 5636
Iteration 0555 | train reward: 1470.59 | best: 1524.07 | KL: 5.612e-03 | std: 0.5408 | rollout: 10.098s | update: 0.193s | total: 10.292s | samples/s: 5789
Iteration 0556 | train reward: 1487.00 | best: 1524.07 | KL: 5.382e-03 | std: 0.5425 | rollout: 9.964s | update: 0.234s | total: 10.198s | samples/s: 5897
Iteration 0557 | train reward: 1458.78 | best: 1524.07 | KL: 5.381e-03 | std: 0.5442 | rollout: 9.817s | update: 0.229s | total: 10.046s | samples/s: 5840
Iteration 0558 | train reward: 1460.53 | best: 1524.07 | KL: 7.419e-03 | std: 0.5441 | rollout: 9.891s | update: 0.233s | total: 10.124s | samples/s: 5831
Iteration 0559 | train reward: 1459.74 | best: 1524.07 | KL: 5.431e-03 | std: 0.5452 | rollout: 10.067s | update: 0.192s | total: 10.259s | samples/s: 5746
Iteration 0560 | train reward: 1485.70 | best: 1524.07 | KL: 5.842e-03 | std: 0.5423 | rollout: 9.682s | update: 0.193s | total: 9.875s | samples/s: 6062
Iteration 0561 | train reward: 1491.37 | best: 1524.07 | KL: 5.885e-03 | std: 0.5410 | rollout: 9.923s | update: 0.232s | total: 10.155s | samples/s: 5935
Iteration 0562 | train reward: 1486.08 | best: 1524.07 | KL: 6.450e-03 | std: 0.5434 | rollout: 9.800s | update: 0.250s | total: 10.050s | samples/s: 5933
Iteration 0563 | train reward: 1502.27 | best: 1524.07 | KL: 5.888e-03 | std: 0.5441 | rollout: 10.161s | update: 0.208s | total: 10.369s | samples/s: 5854
Iteration 0564 | train reward: 1481.36 | best: 1524.07 | KL: 5.832e-03 | std: 0.5425 | rollout: 10.260s | update: 0.454s | total: 10.713s | samples/s: 5562
Iteration 0565 | train reward: 1473.47 | best: 1524.07 | KL: 4.483e-03 | std: 0.5410 | rollout: 9.842s | update: 0.253s | total: 10.095s | samples/s: 5880
Iteration 0566 | train reward: 1488.79 | best: 1524.07 | KL: 5.017e-03 | std: 0.5418 | rollout: 9.985s | update: 0.241s | total: 10.226s | samples/s: 5882
Iteration 0567 | train reward: 1495.51 | best: 1524.07 | KL: 4.994e-03 | std: 0.5419 | rollout: 10.313s | update: 0.203s | total: 10.516s | samples/s: 5725
Iteration 0568 | train reward: 1494.13 | best: 1524.07 | KL: 5.011e-03 | std: 0.5408 | rollout: 10.010s | update: 0.220s | total: 10.229s | samples/s: 5896
Iteration 0569 | train reward: 1506.86 | best: 1524.07 | KL: 5.028e-03 | std: 0.5393 | rollout: 9.920s | update: 0.315s | total: 10.235s | samples/s: 5936
Iteration 0570 | train reward: 1506.48 | best: 1524.07 | KL: 4.955e-03 | std: 0.5371 | rollout: 10.466s | update: 0.269s | total: 10.735s | samples/s: 5641
Iteration 0571 | train reward: 1466.11 | best: 1524.07 | KL: 5.403e-03 | std: 0.5382 | rollout: 10.285s | update: 0.184s | total: 10.469s | samples/s: 5585
Iteration 0572 | train reward: 1506.12 | best: 1524.07 | KL: 5.923e-03 | std: 0.5372 | rollout: 10.707s | update: 0.351s | total: 11.057s | samples/s: 5450
Iteration 0573 | train reward: 1505.71 | best: 1524.07 | KL: 4.779e-03 | std: 0.5367 | rollout: 10.206s | update: 0.259s | total: 10.465s | samples/s: 5796
Iteration 0574 | train reward: 1499.42 | best: 1524.07 | KL: 5.229e-03 | std: 0.5373 | rollout: 9.971s | update: 0.240s | total: 10.210s | samples/s: 5922
Iteration 0575 | train reward: 1508.40 | best: 1524.07 | KL: 5.549e-03 | std: 0.5364 | rollout: 9.994s | update: 0.203s | total: 10.197s | samples/s: 5999
Iteration 0576 | train reward: 1484.01 | best: 1524.07 | KL: 4.584e-03 | std: 0.5365 | rollout: 10.115s | update: 0.290s | total: 10.405s | samples/s: 5709
Iteration 0577 | train reward: 1489.89 | best: 1524.07 | KL: 5.301e-03 | std: 0.5358 | rollout: 9.931s | update: 0.248s | total: 10.179s | samples/s: 5922
Iteration 0578 | train reward: 1481.81 | best: 1524.07 | KL: 6.069e-03 | std: 0.5371 | rollout: 10.123s | update: 0.469s | total: 10.591s | samples/s: 5640
Iteration 0579 | train reward: 1474.54 | best: 1524.07 | KL: 5.351e-03 | std: 0.5363 | rollout: 10.070s | update: 0.218s | total: 10.288s | samples/s: 5803
Iteration 0580 | train reward: 1494.28 | best: 1524.07 | KL: 5.021e-03 | std: 0.5373 | rollout: 9.898s | update: 0.204s | total: 10.102s | samples/s: 5971
Iteration 0581 | train reward: 1527.52 | best: 1527.52 | KL: 5.812e-03 | std: 0.5389 | rollout: 9.860s | update: 0.218s | total: 10.078s | samples/s: 6094
Iteration 0582 | train reward: 1501.52 | best: 1527.52 | KL: 5.342e-03 | std: 0.5391 | rollout: 10.115s | update: 0.190s | total: 10.305s | samples/s: 5884
Iteration 0583 | train reward: 1482.13 | best: 1527.52 | KL: 5.235e-03 | std: 0.5392 | rollout: 9.964s | update: 0.216s | total: 10.180s | samples/s: 5866
Iteration 0584 | train reward: 1495.83 | best: 1527.52 | KL: 5.089e-03 | std: 0.5410 | rollout: 10.018s | update: 0.210s | total: 10.228s | samples/s: 5897
Iteration 0585 | train reward: 1503.44 | best: 1527.52 | KL: 5.816e-03 | std: 0.5393 | rollout: 10.105s | update: 0.227s | total: 10.333s | samples/s: 5843
Iteration 0586 | train reward: 1505.52 | best: 1527.52 | KL: 4.974e-03 | std: 0.5384 | rollout: 10.206s | update: 0.281s | total: 10.486s | samples/s: 5795
Iteration 0587 | train reward: 1478.08 | best: 1527.52 | KL: 5.861e-03 | std: 0.5364 | rollout: 9.989s | update: 0.202s | total: 10.190s | samples/s: 5869
Iteration 0588 | train reward: 1509.42 | best: 1527.52 | KL: 4.496e-03 | std: 0.5347 | rollout: 10.185s | update: 0.241s | total: 10.426s | samples/s: 5841
Iteration 0589 | train reward: 1488.44 | best: 1527.52 | KL: 4.425e-03 | std: 0.5340 | rollout: 9.919s | update: 0.206s | total: 10.125s | samples/s: 5971
Iteration 0590 | train reward: 1494.40 | best: 1527.52 | KL: 5.315e-03 | std: 0.5356 | rollout: 10.060s | update: 0.224s | total: 10.284s | samples/s: 5885
Iteration 0591 | train reward: 1522.29 | best: 1527.52 | KL: 5.433e-03 | std: 0.5340 | rollout: 10.159s | update: 0.233s | total: 10.393s | samples/s: 5914
Iteration 0592 | train reward: 1506.54 | best: 1527.52 | KL: 4.975e-03 | std: 0.5336 | rollout: 9.975s | update: 0.223s | total: 10.198s | samples/s: 5995
Iteration 0593 | train reward: 1518.98 | best: 1527.52 | KL: 5.719e-03 | std: 0.5336 | rollout: 10.124s | update: 0.199s | total: 10.323s | samples/s: 5964
Iteration 0594 | train reward: 1528.17 | best: 1528.17 | KL: 5.446e-03 | std: 0.5356 | rollout: 10.078s | update: 0.280s | total: 10.358s | samples/s: 5956
Iteration 0595 | train reward: 1511.01 | best: 1528.17 | KL: 5.372e-03 | std: 0.5338 | rollout: 10.033s | update: 0.242s | total: 10.275s | samples/s: 5923
Iteration 0596 | train reward: 1487.25 | best: 1528.17 | KL: 5.008e-03 | std: 0.5338 | rollout: 10.143s | update: 0.193s | total: 10.336s | samples/s: 5822
Iteration 0597 | train reward: 1506.24 | best: 1528.17 | KL: 4.552e-03 | std: 0.5321 | rollout: 9.948s | update: 0.200s | total: 10.148s | samples/s: 5985
Iteration 0598 | train reward: 1511.45 | best: 1528.17 | KL: 5.495e-03 | std: 0.5315 | rollout: 9.868s | update: 0.220s | total: 10.087s | samples/s: 6022
Iteration 0599 | train reward: 1482.52 | best: 1528.17 | KL: 6.403e-03 | std: 0.5312 | rollout: 10.714s | update: 0.233s | total: 10.947s | samples/s: 5438
Iteration 0600 | train reward: 1520.46 | best: 1528.17 | KL: 5.683e-03 | std: 0.5321 | rollout: 10.193s | update: 0.194s | total: 10.387s | samples/s: 5882
Iteration 0601 | train reward: 1491.01 | best: 1528.17 | KL: 4.965e-03 | std: 0.5312 | rollout: 10.683s | update: 0.210s | total: 10.894s | samples/s: 5486
Iteration 0602 | train reward: 1514.69 | best: 1528.17 | KL: 4.979e-03 | std: 0.5312 | rollout: 10.384s | update: 0.203s | total: 10.586s | samples/s: 5734
Iteration 0603 | train reward: 1492.69 | best: 1528.17 | KL: 5.039e-03 | std: 0.5313 | rollout: 9.865s | update: 0.256s | total: 10.121s | samples/s: 5942
Iteration 0604 | train reward: 1503.76 | best: 1528.17 | KL: 5.245e-03 | std: 0.5311 | rollout: 10.173s | update: 0.256s | total: 10.429s | samples/s: 5811
Iteration 0605 | train reward: 1514.57 | best: 1528.17 | KL: 5.028e-03 | std: 0.5304 | rollout: 10.396s | update: 0.431s | total: 10.827s | samples/s: 5653
Iteration 0606 | train reward: 1515.27 | best: 1528.17 | KL: 6.443e-03 | std: 0.5310 | rollout: 9.974s | update: 0.219s | total: 10.193s | samples/s: 5994
Iteration 0607 | train reward: 1506.73 | best: 1528.17 | KL: 4.310e-03 | std: 0.5319 | rollout: 10.043s | update: 0.304s | total: 10.347s | samples/s: 5904
Iteration 0608 | train reward: 1530.89 | best: 1530.89 | KL: 4.992e-03 | std: 0.5311 | rollout: 10.012s | update: 0.233s | total: 10.245s | samples/s: 6042
Iteration 0609 | train reward: 1518.06 | best: 1530.89 | KL: 4.907e-03 | std: 0.5304 | rollout: 9.956s | update: 0.288s | total: 10.244s | samples/s: 6040
Iteration 0610 | train reward: 1520.40 | best: 1530.89 | KL: 4.791e-03 | std: 0.5312 | rollout: 9.984s | update: 0.209s | total: 10.192s | samples/s: 6031
Iteration 0611 | train reward: 1498.63 | best: 1530.89 | KL: 4.902e-03 | std: 0.5312 | rollout: 10.087s | update: 0.346s | total: 10.433s | samples/s: 5835
Iteration 0612 | train reward: 1517.04 | best: 1530.89 | KL: 4.438e-03 | std: 0.5330 | rollout: 9.869s | update: 0.206s | total: 10.075s | samples/s: 6075
Iteration 0613 | train reward: 1514.98 | best: 1530.89 | KL: 5.977e-03 | std: 0.5319 | rollout: 10.580s | update: 0.643s | total: 11.223s | samples/s: 5482
Iteration 0614 | train reward: 1519.23 | best: 1530.89 | KL: 4.669e-03 | std: 0.5313 | rollout: 11.142s | update: 0.287s | total: 11.429s | samples/s: 5405
Iteration 0615 | train reward: 1501.42 | best: 1530.89 | KL: 6.455e-03 | std: 0.5321 | rollout: 10.579s | update: 0.382s | total: 10.962s | samples/s: 5544
Iteration 0616 | train reward: 1491.13 | best: 1530.89 | KL: 4.889e-03 | std: 0.5332 | rollout: 9.987s | update: 0.350s | total: 10.336s | samples/s: 5852
Iteration 0617 | train reward: 1479.09 | best: 1530.89 | KL: 4.625e-03 | std: 0.5319 | rollout: 9.933s | update: 0.205s | total: 10.138s | samples/s: 5920
Iteration 0618 | train reward: 1506.64 | best: 1530.89 | KL: 5.427e-03 | std: 0.5320 | rollout: 10.097s | update: 0.197s | total: 10.294s | samples/s: 5887
Iteration 0619 | train reward: 1505.30 | best: 1530.89 | KL: 4.863e-03 | std: 0.5338 | rollout: 10.042s | update: 0.193s | total: 10.235s | samples/s: 5962
Iteration 0620 | train reward: 1501.31 | best: 1530.89 | KL: 4.577e-03 | std: 0.5339 | rollout: 10.122s | update: 0.495s | total: 10.617s | samples/s: 5745
Iteration 0621 | train reward: 1503.74 | best: 1530.89 | KL: 4.702e-03 | std: 0.5332 | rollout: 10.179s | update: 0.224s | total: 10.403s | samples/s: 5831
Iteration 0622 | train reward: 1503.70 | best: 1530.89 | KL: 4.301e-03 | std: 0.5337 | rollout: 9.842s | update: 0.204s | total: 10.046s | samples/s: 6038
Iteration 0623 | train reward: 1548.14 | best: 1548.14 | KL: 5.202e-03 | std: 0.5330 | rollout: 9.999s | update: 0.227s | total: 10.226s | samples/s: 6126
Iteration 0624 | train reward: 1524.82 | best: 1548.14 | KL: 4.611e-03 | std: 0.5332 | rollout: 10.490s | update: 0.203s | total: 10.693s | samples/s: 5783
Iteration 0625 | train reward: 1540.82 | best: 1548.14 | KL: 4.588e-03 | std: 0.5338 | rollout: 10.216s | update: 0.228s | total: 10.444s | samples/s: 5958
Iteration 0626 | train reward: 1517.27 | best: 1548.14 | KL: 4.196e-03 | std: 0.5339 | rollout: 10.314s | update: 0.528s | total: 10.842s | samples/s: 5634
Iteration 0627 | train reward: 1545.32 | best: 1548.14 | KL: 5.398e-03 | std: 0.5365 | rollout: 10.469s | update: 0.208s | total: 10.677s | samples/s: 5823
Iteration 0628 | train reward: 1548.63 | best: 1548.63 | KL: 5.628e-03 | std: 0.5341 | rollout: 10.234s | update: 0.226s | total: 10.459s | samples/s: 5956
Iteration 0629 | train reward: 1530.45 | best: 1548.63 | KL: 5.568e-03 | std: 0.5340 | rollout: 10.655s | update: 0.970s | total: 11.625s | samples/s: 5298
Iteration 0630 | train reward: 1543.98 | best: 1548.63 | KL: 5.389e-03 | std: 0.5347 | rollout: 10.912s | update: 0.581s | total: 11.493s | samples/s: 5422
Iteration 0631 | train reward: 1539.45 | best: 1548.63 | KL: 5.062e-03 | std: 0.5367 | rollout: 10.927s | update: 0.295s | total: 11.222s | samples/s: 5525
Iteration 0632 | train reward: 1547.64 | best: 1548.63 | KL: 4.827e-03 | std: 0.5383 | rollout: 10.063s | update: 0.201s | total: 10.264s | samples/s: 6103
Iteration 0633 | train reward: 1539.14 | best: 1548.63 | KL: 4.343e-03 | std: 0.5389 | rollout: 10.257s | update: 0.215s | total: 10.472s | samples/s: 5898
Iteration 0634 | train reward: 1531.84 | best: 1548.63 | KL: 5.746e-03 | std: 0.5399 | rollout: 9.967s | update: 0.199s | total: 10.166s | samples/s: 6050
Iteration 0635 | train reward: 1539.38 | best: 1548.63 | KL: 4.616e-03 | std: 0.5399 | rollout: 10.114s | update: 0.330s | total: 10.444s | samples/s: 5930
Iteration 0636 | train reward: 1526.11 | best: 1548.63 | KL: 5.027e-03 | std: 0.5415 | rollout: 9.882s | update: 0.211s | total: 10.092s | samples/s: 6098
Iteration 0637 | train reward: 1526.70 | best: 1548.63 | KL: 5.212e-03 | std: 0.5417 | rollout: 9.914s | update: 0.300s | total: 10.214s | samples/s: 6026
Iteration 0638 | train reward: 1525.47 | best: 1548.63 | KL: 5.279e-03 | std: 0.5416 | rollout: 10.036s | update: 0.254s | total: 10.290s | samples/s: 5986
Iteration 0639 | train reward: 1530.30 | best: 1548.63 | KL: 5.472e-03 | std: 0.5417 | rollout: 10.439s | update: 0.640s | total: 11.079s | samples/s: 5554
Iteration 0640 | train reward: 1523.18 | best: 1548.63 | KL: 4.952e-03 | std: 0.5417 | rollout: 10.623s | update: 0.214s | total: 10.836s | samples/s: 5676
Iteration 0641 | train reward: 1512.42 | best: 1548.63 | KL: 7.184e-03 | std: 0.5410 | rollout: 10.193s | update: 0.214s | total: 10.407s | samples/s: 5827
Iteration 0642 | train reward: 1532.80 | best: 1548.63 | KL: 5.203e-03 | std: 0.5408 | rollout: 9.841s | update: 0.216s | total: 10.057s | samples/s: 6102
Iteration 0643 | train reward: 1532.41 | best: 1548.63 | KL: 5.908e-03 | std: 0.5409 | rollout: 9.761s | update: 0.274s | total: 10.035s | samples/s: 6156
Iteration 0644 | train reward: 1527.14 | best: 1548.63 | KL: 5.141e-03 | std: 0.5388 | rollout: 9.737s | update: 0.344s | total: 10.081s | samples/s: 6129
Iteration 0645 | train reward: 1520.92 | best: 1548.63 | KL: 5.038e-03 | std: 0.5365 | rollout: 10.244s | update: 0.198s | total: 10.443s | samples/s: 5877
Iteration 0646 | train reward: 1532.10 | best: 1548.63 | KL: 5.150e-03 | std: 0.5383 | rollout: 10.059s | update: 0.224s | total: 10.283s | samples/s: 5983
Iteration 0647 | train reward: 1510.83 | best: 1548.63 | KL: 5.495e-03 | std: 0.5365 | rollout: 10.007s | update: 0.354s | total: 10.362s | samples/s: 5856
Iteration 0648 | train reward: 1526.56 | best: 1548.63 | KL: 6.091e-03 | std: 0.5364 | rollout: 10.089s | update: 0.622s | total: 10.711s | samples/s: 5719
Iteration 0649 | train reward: 1509.39 | best: 1548.63 | KL: 5.120e-03 | std: 0.5382 | rollout: 10.159s | update: 0.330s | total: 10.489s | samples/s: 5775
Iteration 0650 | train reward: 1537.86 | best: 1548.63 | KL: 5.344e-03 | std: 0.5383 | rollout: 10.454s | update: 0.248s | total: 10.702s | samples/s: 5746
Iteration 0651 | train reward: 1539.21 | best: 1548.63 | KL: 5.445e-03 | std: 0.5364 | rollout: 10.061s | update: 0.211s | total: 10.272s | samples/s: 6020
Iteration 0652 | train reward: 1527.37 | best: 1548.63 | KL: 5.262e-03 | std: 0.5358 | rollout: 9.796s | update: 0.208s | total: 10.004s | samples/s: 6100
Iteration 0653 | train reward: 1517.10 | best: 1548.63 | KL: 5.269e-03 | std: 0.5338 | rollout: 10.042s | update: 0.701s | total: 10.743s | samples/s: 5680
Iteration 0654 | train reward: 1542.04 | best: 1548.63 | KL: 4.643e-03 | std: 0.5337 | rollout: 10.044s | update: 0.587s | total: 10.631s | samples/s: 5829
Iteration 0655 | train reward: 1543.61 | best: 1548.63 | KL: 5.075e-03 | std: 0.5337 | rollout: 9.871s | update: 0.218s | total: 10.089s | samples/s: 6117
Iteration 0656 | train reward: 1530.13 | best: 1548.63 | KL: 4.848e-03 | std: 0.5338 | rollout: 10.283s | update: 0.281s | total: 10.564s | samples/s: 5774
Iteration 0657 | train reward: 1533.16 | best: 1548.63 | KL: 4.642e-03 | std: 0.5341 | rollout: 10.132s | update: 0.390s | total: 10.522s | samples/s: 5792
Iteration 0658 | train reward: 1524.90 | best: 1548.63 | KL: 6.204e-03 | std: 0.5340 | rollout: 10.354s | update: 0.484s | total: 10.838s | samples/s: 5596
Iteration 0659 | train reward: 1542.94 | best: 1548.63 | KL: 5.398e-03 | std: 0.5356 | rollout: 10.084s | update: 0.569s | total: 10.653s | samples/s: 5759
Iteration 0660 | train reward: 1523.50 | best: 1548.63 | KL: 5.584e-03 | std: 0.5365 | rollout: 9.831s | update: 0.229s | total: 10.060s | samples/s: 6011
Iteration 0661 | train reward: 1549.05 | best: 1549.05 | KL: 5.368e-03 | std: 0.5367 | rollout: 9.786s | update: 0.225s | total: 10.011s | samples/s: 6176
Iteration 0662 | train reward: 1540.86 | best: 1549.05 | KL: 5.072e-03 | std: 0.5356 | rollout: 9.837s | update: 0.191s | total: 10.028s | samples/s: 6134
Iteration 0663 | train reward: 1546.87 | best: 1549.05 | KL: 6.726e-03 | std: 0.5364 | rollout: 9.815s | update: 0.308s | total: 10.124s | samples/s: 6067
Iteration 0664 | train reward: 1536.99 | best: 1549.05 | KL: 5.780e-03 | std: 0.5371 | rollout: 9.908s | update: 0.245s | total: 10.154s | samples/s: 6060
Iteration 0665 | train reward: 1526.83 | best: 1549.05 | KL: 5.912e-03 | std: 0.5384 | rollout: 9.683s | update: 0.193s | total: 9.876s | samples/s: 6153
Iteration 0666 | train reward: 1545.99 | best: 1549.05 | KL: 5.093e-03 | std: 0.5390 | rollout: 10.064s | update: 0.220s | total: 10.284s | samples/s: 5989
Iteration 0667 | train reward: 1550.69 | best: 1550.69 | KL: 5.376e-03 | std: 0.5391 | rollout: 9.863s | update: 0.225s | total: 10.088s | samples/s: 6093
Iteration 0668 | train reward: 1554.05 | best: 1554.05 | KL: 5.950e-03 | std: 0.5392 | rollout: 9.969s | update: 0.215s | total: 10.184s | samples/s: 6078
Iteration 0669 | train reward: 1547.02 | best: 1554.05 | KL: 4.944e-03 | std: 0.5391 | rollout: 9.977s | update: 0.246s | total: 10.223s | samples/s: 6039
Iteration 0670 | train reward: 1537.78 | best: 1554.05 | KL: 5.263e-03 | std: 0.5397 | rollout: 9.917s | update: 0.380s | total: 10.296s | samples/s: 5924
Iteration 0671 | train reward: 1539.36 | best: 1554.05 | KL: 6.102e-03 | std: 0.5408 | rollout: 11.020s | update: 0.356s | total: 11.376s | samples/s: 5376
Iteration 0672 | train reward: 1510.30 | best: 1554.05 | KL: 6.185e-03 | std: 0.5399 | rollout: 10.042s | update: 0.586s | total: 10.629s | samples/s: 5623
Iteration 0673 | train reward: 1536.70 | best: 1554.05 | KL: 5.703e-03 | std: 0.5399 | rollout: 10.081s | update: 0.251s | total: 10.332s | samples/s: 5908
Iteration 0674 | train reward: 1531.37 | best: 1554.05 | KL: 6.136e-03 | std: 0.5393 | rollout: 9.883s | update: 0.238s | total: 10.121s | samples/s: 6009
Iteration 0675 | train reward: 1554.01 | best: 1554.05 | KL: 5.395e-03 | std: 0.5409 | rollout: 9.860s | update: 0.232s | total: 10.092s | samples/s: 6154
Iteration 0676 | train reward: 1536.60 | best: 1554.05 | KL: 5.424e-03 | std: 0.5415 | rollout: 9.892s | update: 0.233s | total: 10.125s | samples/s: 6071
Iteration 0677 | train reward: 1539.98 | best: 1554.05 | KL: 4.905e-03 | std: 0.5424 | rollout: 9.681s | update: 0.233s | total: 9.914s | samples/s: 6190
Iteration 0678 | train reward: 1506.66 | best: 1554.05 | KL: 5.614e-03 | std: 0.5443 | rollout: 9.894s | update: 0.281s | total: 10.175s | samples/s: 5906
Iteration 0679 | train reward: 1527.45 | best: 1554.05 | KL: 6.829e-03 | std: 0.5436 | rollout: 9.874s | update: 0.292s | total: 10.166s | samples/s: 5995
Iteration 0680 | train reward: 1540.31 | best: 1554.05 | KL: 5.248e-03 | std: 0.5418 | rollout: 9.886s | update: 0.248s | total: 10.133s | samples/s: 6096
Iteration 0681 | train reward: 1512.37 | best: 1554.05 | KL: 5.280e-03 | std: 0.5424 | rollout: 9.732s | update: 0.418s | total: 10.150s | samples/s: 5961
Iteration 0682 | train reward: 1529.90 | best: 1554.05 | KL: 6.238e-03 | std: 0.5441 | rollout: 9.959s | update: 0.253s | total: 10.212s | samples/s: 5985
Iteration 0683 | train reward: 1517.93 | best: 1554.05 | KL: 5.355e-03 | std: 0.5443 | rollout: 9.935s | update: 0.262s | total: 10.198s | samples/s: 5963
Iteration 0684 | train reward: 1519.73 | best: 1554.05 | KL: 5.509e-03 | std: 0.5442 | rollout: 10.227s | update: 0.601s | total: 10.828s | samples/s: 5607
Iteration 0685 | train reward: 1529.09 | best: 1554.05 | KL: 5.514e-03 | std: 0.5417 | rollout: 10.061s | update: 0.393s | total: 10.454s | samples/s: 5836
Iteration 0686 | train reward: 1540.57 | best: 1554.05 | KL: 6.060e-03 | std: 0.5408 | rollout: 9.870s | update: 0.384s | total: 10.254s | samples/s: 5967
Iteration 0687 | train reward: 1541.13 | best: 1554.05 | KL: 5.707e-03 | std: 0.5418 | rollout: 10.384s | update: 0.789s | total: 11.173s | samples/s: 5528
Iteration 0688 | train reward: 1537.64 | best: 1554.05 | KL: 5.500e-03 | std: 0.5410 | rollout: 10.491s | update: 0.234s | total: 10.725s | samples/s: 5716
Iteration 0689 | train reward: 1544.97 | best: 1554.05 | KL: 5.669e-03 | std: 0.5417 | rollout: 9.817s | update: 0.289s | total: 10.105s | samples/s: 6132
Iteration 0690 | train reward: 1530.54 | best: 1554.05 | KL: 6.397e-03 | std: 0.5391 | rollout: 9.836s | update: 0.222s | total: 10.058s | samples/s: 6104
Iteration 0691 | train reward: 1550.71 | best: 1554.05 | KL: 5.624e-03 | std: 0.5397 | rollout: 9.914s | update: 0.556s | total: 10.470s | samples/s: 5966
Iteration 0692 | train reward: 1535.50 | best: 1554.05 | KL: 4.740e-03 | std: 0.5392 | rollout: 9.682s | update: 0.287s | total: 9.969s | samples/s: 6230
Iteration 0693 | train reward: 1547.09 | best: 1554.05 | KL: 5.423e-03 | std: 0.5393 | rollout: 9.935s | update: 0.316s | total: 10.251s | samples/s: 6117
Iteration 0694 | train reward: 1554.78 | best: 1554.78 | KL: 5.277e-03 | std: 0.5384 | rollout: 9.859s | update: 0.215s | total: 10.075s | samples/s: 6199
Iteration 0695 | train reward: 1499.57 | best: 1554.78 | KL: 5.815e-03 | std: 0.5408 | rollout: 9.778s | update: 0.256s | total: 10.034s | samples/s: 6031
Iteration 0696 | train reward: 1522.61 | best: 1554.78 | KL: 4.796e-03 | std: 0.5419 | rollout: 9.723s | update: 0.199s | total: 9.922s | samples/s: 6204
Iteration 0697 | train reward: 1537.71 | best: 1554.78 | KL: 5.917e-03 | std: 0.5423 | rollout: 9.903s | update: 0.210s | total: 10.113s | samples/s: 6119
Iteration 0698 | train reward: 1495.93 | best: 1554.78 | KL: 5.938e-03 | std: 0.5416 | rollout: 9.827s | update: 0.198s | total: 10.025s | samples/s: 6005
Iteration 0699 | train reward: 1535.74 | best: 1554.78 | KL: 5.026e-03 | std: 0.5442 | rollout: 10.051s | update: 0.485s | total: 10.536s | samples/s: 5873
Iteration 0700 | train reward: 1538.70 | best: 1554.78 | KL: 4.594e-03 | std: 0.5443 | rollout: 11.377s | update: 0.481s | total: 11.858s | samples/s: 5252
Iteration 0701 | train reward: 1536.63 | best: 1554.78 | KL: 5.358e-03 | std: 0.5445 | rollout: 10.171s | update: 0.231s | total: 10.402s | samples/s: 5990
Iteration 0702 | train reward: 1525.24 | best: 1554.78 | KL: 7.089e-03 | std: 0.5442 | rollout: 9.914s | update: 0.195s | total: 10.109s | samples/s: 6084
Iteration 0703 | train reward: 1538.55 | best: 1554.78 | KL: 5.273e-03 | std: 0.5423 | rollout: 9.780s | update: 0.210s | total: 9.990s | samples/s: 6214
Iteration 0704 | train reward: 1517.55 | best: 1554.78 | KL: 5.597e-03 | std: 0.5436 | rollout: 9.947s | update: 0.197s | total: 10.143s | samples/s: 6046
Iteration 0705 | train reward: 1521.03 | best: 1554.78 | KL: 5.387e-03 | std: 0.5417 | rollout: 9.727s | update: 0.259s | total: 9.985s | samples/s: 6147
Iteration 0706 | train reward: 1533.94 | best: 1554.78 | KL: 5.549e-03 | std: 0.5417 | rollout: 9.708s | update: 0.237s | total: 9.945s | samples/s: 6239
Iteration 0707 | train reward: 1548.33 | best: 1554.78 | KL: 5.635e-03 | std: 0.5436 | rollout: 9.910s | update: 0.215s | total: 10.125s | samples/s: 6192
Iteration 0708 | train reward: 1543.50 | best: 1554.78 | KL: 5.658e-03 | std: 0.5461 | rollout: 10.063s | update: 0.289s | total: 10.353s | samples/s: 6015
Iteration 0709 | train reward: 1505.40 | best: 1554.78 | KL: 6.938e-03 | std: 0.5450 | rollout: 9.803s | update: 0.223s | total: 10.026s | samples/s: 6094
Iteration 0710 | train reward: 1498.00 | best: 1554.78 | KL: 4.987e-03 | std: 0.5442 | rollout: 9.938s | update: 0.208s | total: 10.145s | samples/s: 5975
Iteration 0711 | train reward: 1527.71 | best: 1554.78 | KL: 5.274e-03 | std: 0.5417 | rollout: 10.044s | update: 0.218s | total: 10.261s | samples/s: 6050
Iteration 0712 | train reward: 1554.88 | best: 1554.88 | KL: 5.734e-03 | std: 0.5423 | rollout: 9.816s | update: 0.217s | total: 10.033s | samples/s: 6277
Iteration 0713 | train reward: 1541.57 | best: 1554.88 | KL: 4.997e-03 | std: 0.5410 | rollout: 10.110s | update: 0.215s | total: 10.326s | samples/s: 6062
Iteration 0714 | train reward: 1547.75 | best: 1554.88 | KL: 4.803e-03 | std: 0.5415 | rollout: 10.085s | update: 0.222s | total: 10.307s | samples/s: 6078
Iteration 0715 | train reward: 1533.27 | best: 1554.88 | KL: 5.020e-03 | std: 0.5382 | rollout: 9.943s | update: 0.534s | total: 10.477s | samples/s: 5940
Iteration 0716 | train reward: 1542.81 | best: 1554.88 | KL: 4.594e-03 | std: 0.5358 | rollout: 10.268s | update: 0.372s | total: 10.641s | samples/s: 5852
Iteration 0717 | train reward: 1551.45 | best: 1554.88 | KL: 4.536e-03 | std: 0.5345 | rollout: 10.779s | update: 0.836s | total: 11.616s | samples/s: 5391
Iteration 0718 | train reward: 1557.08 | best: 1557.08 | KL: 5.252e-03 | std: 0.5365 | rollout: 9.295s | update: 0.416s | total: 9.711s | samples/s: 6463
Iteration 0719 | train reward: 1503.96 | best: 1557.08 | KL: 5.680e-03 | std: 0.5367 | rollout: 9.661s | update: 0.438s | total: 10.099s | samples/s: 5987
Iteration 0720 | train reward: 1537.45 | best: 1557.08 | KL: 6.283e-03 | std: 0.5389 | rollout: 9.420s | update: 0.754s | total: 10.174s | samples/s: 6084
Iteration 0721 | train reward: 1536.02 | best: 1557.08 | KL: 5.249e-03 | std: 0.5389 | rollout: 9.631s | update: 0.375s | total: 10.006s | samples/s: 6186
Iteration 0722 | train reward: 1542.86 | best: 1557.08 | KL: 4.777e-03 | std: 0.5389 | rollout: 9.855s | update: 0.461s | total: 10.316s | samples/s: 6057
Iteration 0723 | train reward: 1554.60 | best: 1557.08 | KL: 5.435e-03 | std: 0.5397 | rollout: 9.929s | update: 0.282s | total: 10.212s | samples/s: 6108
Iteration 0724 | train reward: 1552.43 | best: 1557.08 | KL: 5.191e-03 | std: 0.5382 | rollout: 9.787s | update: 0.433s | total: 10.221s | samples/s: 6100
Iteration 0725 | train reward: 1528.33 | best: 1557.08 | KL: 5.201e-03 | std: 0.5364 | rollout: 10.042s | update: 0.271s | total: 10.313s | samples/s: 5919
Iteration 0726 | train reward: 1544.25 | best: 1557.08 | KL: 5.621e-03 | std: 0.5340 | rollout: 9.973s | update: 0.238s | total: 10.211s | samples/s: 6069
Iteration 0727 | train reward: 1555.46 | best: 1557.08 | KL: 7.147e-03 | std: 0.5347 | rollout: 10.338s | update: 0.347s | total: 10.685s | samples/s: 5866
Iteration 0728 | train reward: 1539.54 | best: 1557.08 | KL: 4.451e-03 | std: 0.5341 | rollout: 9.936s | update: 0.230s | total: 10.166s | samples/s: 6089
Iteration 0729 | train reward: 1540.37 | best: 1557.08 | KL: 5.350e-03 | std: 0.5366 | rollout: 9.867s | update: 0.209s | total: 10.076s | samples/s: 6127
Iteration 0730 | train reward: 1520.63 | best: 1557.08 | KL: 4.516e-03 | std: 0.5364 | rollout: 9.983s | update: 0.224s | total: 10.207s | samples/s: 5972
Iteration 0731 | train reward: 1498.27 | best: 1557.08 | KL: 5.396e-03 | std: 0.5373 | rollout: 9.716s | update: 0.240s | total: 9.956s | samples/s: 6041
Iteration 0732 | train reward: 1525.54 | best: 1557.08 | KL: 5.294e-03 | std: 0.5358 | rollout: 10.233s | update: 0.638s | total: 10.871s | samples/s: 5616
Iteration 0733 | train reward: 1565.89 | best: 1565.89 | KL: 4.798e-03 | std: 0.5356 | rollout: 9.890s | update: 0.231s | total: 10.121s | samples/s: 6186
Iteration 0734 | train reward: 1494.78 | best: 1565.89 | KL: 6.681e-03 | std: 0.5358 | rollout: 10.190s | update: 0.206s | total: 10.396s | samples/s: 5740
Iteration 0735 | train reward: 1531.78 | best: 1565.89 | KL: 6.298e-03 | std: 0.5371 | rollout: 9.992s | update: 0.215s | total: 10.206s | samples/s: 6014
Iteration 0736 | train reward: 1503.17 | best: 1565.89 | KL: 4.463e-03 | std: 0.5372 | rollout: 10.023s | update: 0.232s | total: 10.254s | samples/s: 5860
Iteration 0737 | train reward: 1507.04 | best: 1565.89 | KL: 4.750e-03 | std: 0.5382 | rollout: 10.129s | update: 0.182s | total: 10.311s | samples/s: 5823
Iteration 0738 | train reward: 1526.11 | best: 1565.89 | KL: 6.003e-03 | std: 0.5338 | rollout: 9.844s | update: 0.212s | total: 10.056s | samples/s: 6070
Iteration 0739 | train reward: 1530.90 | best: 1565.89 | KL: 5.285e-03 | std: 0.5356 | rollout: 10.386s | update: 0.462s | total: 10.848s | samples/s: 5659
Iteration 0740 | train reward: 1552.39 | best: 1565.89 | KL: 5.146e-03 | std: 0.5341 | rollout: 10.273s | update: 0.257s | total: 10.530s | samples/s: 5896
Iteration 0741 | train reward: 1510.21 | best: 1565.89 | KL: 5.571e-03 | std: 0.5347 | rollout: 10.076s | update: 0.228s | total: 10.304s | samples/s: 5850
Iteration 0742 | train reward: 1511.98 | best: 1565.89 | KL: 6.086e-03 | std: 0.5366 | rollout: 9.812s | update: 0.192s | total: 10.004s | samples/s: 6040
Iteration 0743 | train reward: 1535.54 | best: 1565.89 | KL: 5.113e-03 | std: 0.5382 | rollout: 10.010s | update: 0.202s | total: 10.212s | samples/s: 6015
Iteration 0744 | train reward: 1512.94 | best: 1565.89 | KL: 4.253e-03 | std: 0.5391 | rollout: 9.846s | update: 0.200s | total: 10.046s | samples/s: 5989
Iteration 0745 | train reward: 1540.87 | best: 1565.89 | KL: 5.620e-03 | std: 0.5391 | rollout: 10.056s | update: 0.397s | total: 10.453s | samples/s: 5904
Iteration 0746 | train reward: 1532.48 | best: 1565.89 | KL: 4.688e-03 | std: 0.5409 | rollout: 10.454s | update: 0.288s | total: 10.742s | samples/s: 5699
Iteration 0747 | train reward: 1544.24 | best: 1565.89 | KL: 5.483e-03 | std: 0.5416 | rollout: 10.221s | update: 0.274s | total: 10.495s | samples/s: 5871
Iteration 0748 | train reward: 1534.13 | best: 1565.89 | KL: 6.200e-03 | std: 0.5399 | rollout: 10.001s | update: 0.226s | total: 10.227s | samples/s: 5994
Iteration 0749 | train reward: 1525.24 | best: 1565.89 | KL: 5.224e-03 | std: 0.5393 | rollout: 10.267s | update: 0.205s | total: 10.471s | samples/s: 5800
Iteration 0750 | train reward: 1526.41 | best: 1565.89 | KL: 4.695e-03 | std: 0.5410 | rollout: 9.823s | update: 0.205s | total: 10.029s | samples/s: 6082
Iteration 0751 | train reward: 1556.99 | best: 1565.89 | KL: 5.270e-03 | std: 0.5410 | rollout: 9.985s | update: 0.218s | total: 10.203s | samples/s: 6078
Iteration 0752 | train reward: 1539.69 | best: 1565.89 | KL: 5.336e-03 | std: 0.5393 | rollout: 10.144s | update: 0.205s | total: 10.349s | samples/s: 5928
Iteration 0753 | train reward: 1499.73 | best: 1565.89 | KL: 6.244e-03 | std: 0.5391 | rollout: 10.096s | update: 0.192s | total: 10.288s | samples/s: 5824
Iteration 0754 | train reward: 1523.87 | best: 1565.89 | KL: 4.774e-03 | std: 0.5391 | rollout: 9.969s | update: 0.262s | total: 10.231s | samples/s: 5912
Iteration 0755 | train reward: 1523.00 | best: 1565.89 | KL: 5.846e-03 | std: 0.5398 | rollout: 9.906s | update: 0.221s | total: 10.127s | samples/s: 5936
Iteration 0756 | train reward: 1524.63 | best: 1565.89 | KL: 4.789e-03 | std: 0.5397 | rollout: 10.165s | update: 0.410s | total: 10.575s | samples/s: 5736
Iteration 0757 | train reward: 1501.15 | best: 1565.89 | KL: 6.257e-03 | std: 0.5383 | rollout: 10.227s | update: 0.283s | total: 10.509s | samples/s: 5666
Iteration 0758 | train reward: 1540.13 | best: 1565.89 | KL: 5.402e-03 | std: 0.5373 | rollout: 10.204s | update: 0.337s | total: 10.541s | samples/s: 5795
Iteration 0759 | train reward: 1514.95 | best: 1565.89 | KL: 5.771e-03 | std: 0.5347 | rollout: 9.985s | update: 0.205s | total: 10.189s | samples/s: 5920
Iteration 0760 | train reward: 1555.47 | best: 1565.89 | KL: 4.643e-03 | std: 0.5347 | rollout: 10.087s | update: 0.301s | total: 10.389s | samples/s: 5987
Iteration 0761 | train reward: 1540.55 | best: 1565.89 | KL: 5.286e-03 | std: 0.5336 | rollout: 10.269s | update: 0.205s | total: 10.474s | samples/s: 5853
Iteration 0762 | train reward: 1513.03 | best: 1565.89 | KL: 5.876e-03 | std: 0.5339 | rollout: 10.422s | update: 0.686s | total: 11.108s | samples/s: 5417
Iteration 0763 | train reward: 1552.60 | best: 1565.89 | KL: 6.277e-03 | std: 0.5332 | rollout: 11.600s | update: 0.468s | total: 12.068s | samples/s: 5123
Iteration 0764 | train reward: 1546.35 | best: 1565.89 | KL: 4.571e-03 | std: 0.5330 | rollout: 10.832s | update: 0.443s | total: 11.275s | samples/s: 5498
Iteration 0765 | train reward: 1541.86 | best: 1565.89 | KL: 4.901e-03 | std: 0.5306 | rollout: 10.290s | update: 0.599s | total: 10.889s | samples/s: 5652
Iteration 0766 | train reward: 1561.62 | best: 1565.89 | KL: 4.950e-03 | std: 0.5311 | rollout: 9.970s | update: 0.222s | total: 10.192s | samples/s: 6155
Iteration 0767 | train reward: 1564.43 | best: 1565.89 | KL: 5.356e-03 | std: 0.5315 | rollout: 10.053s | update: 0.227s | total: 10.281s | samples/s: 6073
Iteration 0768 | train reward: 1533.83 | best: 1565.89 | KL: 4.993e-03 | std: 0.5304 | rollout: 10.265s | update: 0.505s | total: 10.769s | samples/s: 5710
Iteration 0769 | train reward: 1547.35 | best: 1565.89 | KL: 4.880e-03 | std: 0.5312 | rollout: 10.276s | update: 0.350s | total: 10.626s | samples/s: 5816
Iteration 0770 | train reward: 1554.10 | best: 1565.89 | KL: 5.074e-03 | std: 0.5313 | rollout: 10.252s | update: 0.260s | total: 10.512s | samples/s: 5916
Iteration 0771 | train reward: 1536.30 | best: 1565.89 | KL: 6.221e-03 | std: 0.5313 | rollout: 10.140s | update: 0.251s | total: 10.390s | samples/s: 5926
Iteration 0772 | train reward: 1565.32 | best: 1565.89 | KL: 4.996e-03 | std: 0.5288 | rollout: 10.283s | update: 0.210s | total: 10.493s | samples/s: 5976
Iteration 0773 | train reward: 1566.72 | best: 1566.72 | KL: 5.676e-03 | std: 0.5287 | rollout: 10.061s | update: 0.205s | total: 10.266s | samples/s: 6108
Iteration 0774 | train reward: 1531.56 | best: 1566.72 | KL: 5.843e-03 | std: 0.5312 | rollout: 9.984s | update: 0.225s | total: 10.209s | samples/s: 6016
Iteration 0775 | train reward: 1554.97 | best: 1566.72 | KL: 4.899e-03 | std: 0.5321 | rollout: 10.363s | update: 0.226s | total: 10.589s | samples/s: 5860
Iteration 0776 | train reward: 1556.81 | best: 1566.72 | KL: 5.861e-03 | std: 0.5338 | rollout: 10.064s | update: 0.224s | total: 10.287s | samples/s: 6022
Iteration 0777 | train reward: 1521.96 | best: 1566.72 | KL: 5.893e-03 | std: 0.5346 | rollout: 9.894s | update: 0.266s | total: 10.160s | samples/s: 5999
Iteration 0778 | train reward: 1540.85 | best: 1566.72 | KL: 4.973e-03 | std: 0.5356 | rollout: 9.622s | update: 0.244s | total: 9.866s | samples/s: 6259
Iteration 0779 | train reward: 1544.60 | best: 1566.72 | KL: 6.266e-03 | std: 0.5347 | rollout: 10.220s | update: 0.324s | total: 10.544s | samples/s: 5849
Iteration 0780 | train reward: 1541.20 | best: 1566.72 | KL: 6.077e-03 | std: 0.5339 | rollout: 10.513s | update: 0.779s | total: 11.293s | samples/s: 5466
Iteration 0781 | train reward: 1549.74 | best: 1566.72 | KL: 5.770e-03 | std: 0.5347 | rollout: 10.899s | update: 0.371s | total: 11.270s | samples/s: 5492
Iteration 0782 | train reward: 1521.32 | best: 1566.72 | KL: 6.403e-03 | std: 0.5356 | rollout: 10.189s | update: 0.283s | total: 10.472s | samples/s: 5836
Iteration 0783 | train reward: 1547.53 | best: 1566.72 | KL: 6.241e-03 | std: 0.5365 | rollout: 9.832s | update: 0.241s | total: 10.073s | samples/s: 6158
Iteration 0784 | train reward: 1531.26 | best: 1566.72 | KL: 5.327e-03 | std: 0.5373 | rollout: 10.187s | update: 0.285s | total: 10.472s | samples/s: 5867
Iteration 0785 | train reward: 1528.55 | best: 1566.72 | KL: 5.820e-03 | std: 0.5384 | rollout: 10.007s | update: 0.435s | total: 10.442s | samples/s: 5874
Iteration 0786 | train reward: 1539.40 | best: 1566.72 | KL: 6.454e-03 | std: 0.5383 | rollout: 11.703s | update: 0.407s | total: 12.110s | samples/s: 5082
Iteration 0787 | train reward: 1527.43 | best: 1566.72 | KL: 5.419e-03 | std: 0.5367 | rollout: 11.242s | update: 0.233s | total: 11.475s | samples/s: 5300
Iteration 0788 | train reward: 1561.04 | best: 1566.72 | KL: 5.869e-03 | std: 0.5389 | rollout: 10.505s | update: 0.230s | total: 10.735s | samples/s: 5815
Iteration 0789 | train reward: 1564.60 | best: 1566.72 | KL: 6.070e-03 | std: 0.5399 | rollout: 10.031s | update: 0.229s | total: 10.260s | samples/s: 6124
Iteration 0790 | train reward: 1546.31 | best: 1566.72 | KL: 4.899e-03 | std: 0.5409 | rollout: 9.788s | update: 0.234s | total: 10.022s | samples/s: 6237
Iteration 0791 | train reward: 1535.06 | best: 1566.72 | KL: 6.340e-03 | std: 0.5415 | rollout: 9.872s | update: 0.366s | total: 10.238s | samples/s: 6045
Iteration 0792 | train reward: 1547.61 | best: 1566.72 | KL: 6.373e-03 | std: 0.5424 | rollout: 10.042s | update: 0.239s | total: 10.280s | samples/s: 6050
Iteration 0793 | train reward: 1548.62 | best: 1566.72 | KL: 4.840e-03 | std: 0.5441 | rollout: 9.905s | update: 0.378s | total: 10.283s | samples/s: 6053
Iteration 0794 | train reward: 1516.40 | best: 1566.72 | KL: 4.613e-03 | std: 0.5443 | rollout: 10.025s | update: 0.237s | total: 10.263s | samples/s: 5954
Iteration 0795 | train reward: 1546.54 | best: 1566.72 | KL: 5.681e-03 | std: 0.5443 | rollout: 9.893s | update: 0.239s | total: 10.132s | samples/s: 6152
Iteration 0796 | train reward: 1521.91 | best: 1566.72 | KL: 5.414e-03 | std: 0.5451 | rollout: 9.833s | update: 0.231s | total: 10.064s | samples/s: 6095
Iteration 0797 | train reward: 1538.59 | best: 1566.72 | KL: 4.559e-03 | std: 0.5449 | rollout: 9.967s | update: 0.235s | total: 10.202s | samples/s: 6062
Iteration 0798 | train reward: 1554.90 | best: 1566.72 | KL: 5.472e-03 | std: 0.5468 | rollout: 10.072s | update: 0.214s | total: 10.286s | samples/s: 6084
Iteration 0799 | train reward: 1540.55 | best: 1566.72 | KL: 5.361e-03 | std: 0.5467 | rollout: 10.177s | update: 0.449s | total: 10.626s | samples/s: 5821
Iteration 0800 | train reward: 1532.11 | best: 1566.72 | KL: 5.135e-03 | std: 0.5451 | rollout: 9.917s | update: 0.207s | total: 10.124s | samples/s: 6040
Iteration 0801 | train reward: 1521.27 | best: 1566.72 | KL: 5.459e-03 | std: 0.5461 | rollout: 9.987s | update: 0.296s | total: 10.284s | samples/s: 5917
Iteration 0802 | train reward: 1530.57 | best: 1566.72 | KL: 5.563e-03 | std: 0.5461 | rollout: 9.906s | update: 0.290s | total: 10.196s | samples/s: 6001
Iteration 0803 | train reward: 1565.94 | best: 1566.72 | KL: 6.608e-03 | std: 0.5460 | rollout: 10.411s | update: 0.259s | total: 10.671s | samples/s: 5841
Iteration 0804 | train reward: 1502.73 | best: 1566.72 | KL: 5.798e-03 | std: 0.5462 | rollout: 10.465s | update: 0.358s | total: 10.823s | samples/s: 5512
Iteration 0805 | train reward: 1555.98 | best: 1566.72 | KL: 6.558e-03 | std: 0.5469 | rollout: 9.866s | update: 0.374s | total: 10.241s | samples/s: 6057
Iteration 0806 | train reward: 1531.68 | best: 1566.72 | KL: 6.426e-03 | std: 0.5476 | rollout: 10.053s | update: 0.467s | total: 10.519s | samples/s: 5780
Iteration 0807 | train reward: 1544.80 | best: 1566.72 | KL: 5.869e-03 | std: 0.5471 | rollout: 10.016s | update: 0.501s | total: 10.517s | samples/s: 5875
Iteration 0808 | train reward: 1559.64 | best: 1566.72 | KL: 6.972e-03 | std: 0.5475 | rollout: 10.276s | update: 0.244s | total: 10.520s | samples/s: 5923
Iteration 0809 | train reward: 1568.07 | best: 1568.07 | KL: 6.069e-03 | std: 0.5467 | rollout: 10.089s | update: 0.226s | total: 10.315s | samples/s: 6053
Iteration 0810 | train reward: 1555.13 | best: 1568.07 | KL: 5.985e-03 | std: 0.5461 | rollout: 10.067s | update: 0.282s | total: 10.349s | samples/s: 6004
Iteration 0811 | train reward: 1547.99 | best: 1568.07 | KL: 5.961e-03 | std: 0.5467 | rollout: 9.775s | update: 0.320s | total: 10.095s | samples/s: 6128
Iteration 0812 | train reward: 1525.46 | best: 1568.07 | KL: 6.264e-03 | std: 0.5443 | rollout: 9.997s | update: 0.246s | total: 10.243s | samples/s: 5986
Iteration 0813 | train reward: 1548.08 | best: 1568.07 | KL: 6.953e-03 | std: 0.5441 | rollout: 9.653s | update: 0.248s | total: 9.901s | samples/s: 6227
Iteration 0814 | train reward: 1544.97 | best: 1568.07 | KL: 6.920e-03 | std: 0.5441 | rollout: 10.136s | update: 0.315s | total: 10.451s | samples/s: 5922
Iteration 0815 | train reward: 1549.78 | best: 1568.07 | KL: 5.523e-03 | std: 0.5435 | rollout: 10.122s | update: 0.221s | total: 10.342s | samples/s: 6011
Iteration 0816 | train reward: 1551.70 | best: 1568.07 | KL: 6.411e-03 | std: 0.5417 | rollout: 9.834s | update: 0.245s | total: 10.079s | samples/s: 6146
Iteration 0817 | train reward: 1553.58 | best: 1568.07 | KL: 6.324e-03 | std: 0.5393 | rollout: 10.019s | update: 0.207s | total: 10.226s | samples/s: 6092
Iteration 0818 | train reward: 1552.06 | best: 1568.07 | KL: 6.058e-03 | std: 0.5390 | rollout: 10.034s | update: 0.232s | total: 10.267s | samples/s: 6038
Iteration 0819 | train reward: 1552.07 | best: 1568.07 | KL: 5.419e-03 | std: 0.5410 | rollout: 9.786s | update: 0.250s | total: 10.036s | samples/s: 6162
Iteration 0820 | train reward: 1550.53 | best: 1568.07 | KL: 5.918e-03 | std: 0.5397 | rollout: 10.214s | update: 0.257s | total: 10.471s | samples/s: 5885
Iteration 0821 | train reward: 1559.77 | best: 1568.07 | KL: 5.706e-03 | std: 0.5389 | rollout: 9.735s | update: 0.377s | total: 10.112s | samples/s: 6161
Iteration 0822 | train reward: 1536.43 | best: 1568.07 | KL: 5.718e-03 | std: 0.5410 | rollout: 10.009s | update: 0.279s | total: 10.288s | samples/s: 5935
Iteration 0823 | train reward: 1562.05 | best: 1568.07 | KL: 6.320e-03 | std: 0.5399 | rollout: 10.205s | update: 0.410s | total: 10.615s | samples/s: 5840
Iteration 0824 | train reward: 1541.02 | best: 1568.07 | KL: 7.186e-03 | std: 0.5408 | rollout: 10.115s | update: 0.261s | total: 10.376s | samples/s: 5900
Iteration 0825 | train reward: 1548.15 | best: 1568.07 | KL: 5.823e-03 | std: 0.5391 | rollout: 9.999s | update: 0.408s | total: 10.407s | samples/s: 5925
Iteration 0826 | train reward: 1540.22 | best: 1568.07 | KL: 6.337e-03 | std: 0.5418 | rollout: 10.008s | update: 0.203s | total: 10.211s | samples/s: 5989
Iteration 0827 | train reward: 1561.63 | best: 1568.07 | KL: 6.017e-03 | std: 0.5443 | rollout: 9.833s | update: 0.202s | total: 10.035s | samples/s: 6224
Iteration 0828 | train reward: 1549.19 | best: 1568.07 | KL: 5.470e-03 | std: 0.5462 | rollout: 10.325s | update: 0.365s | total: 10.690s | samples/s: 5775
Iteration 0829 | train reward: 1544.47 | best: 1568.07 | KL: 5.257e-03 | std: 0.5469 | rollout: 9.844s | update: 0.210s | total: 10.053s | samples/s: 6139
Iteration 0830 | train reward: 1534.10 | best: 1568.07 | KL: 4.973e-03 | std: 0.5467 | rollout: 9.946s | update: 0.207s | total: 10.153s | samples/s: 6041
Iteration 0831 | train reward: 1550.07 | best: 1568.07 | KL: 6.676e-03 | std: 0.5462 | rollout: 9.947s | update: 0.545s | total: 10.492s | samples/s: 5896
Iteration 0832 | train reward: 1559.33 | best: 1568.07 | KL: 5.314e-03 | std: 0.5470 | rollout: 10.403s | update: 0.277s | total: 10.680s | samples/s: 5821
Iteration 0833 | train reward: 1540.39 | best: 1568.07 | KL: 5.365e-03 | std: 0.5469 | rollout: 10.111s | update: 0.293s | total: 10.403s | samples/s: 5887
Iteration 0834 | train reward: 1549.68 | best: 1568.07 | KL: 4.950e-03 | std: 0.5443 | rollout: 9.745s | update: 0.251s | total: 9.996s | samples/s: 6160
Iteration 0835 | train reward: 1545.31 | best: 1568.07 | KL: 5.082e-03 | std: 0.5449 | rollout: 9.858s | update: 0.239s | total: 10.097s | samples/s: 6092
Iteration 0836 | train reward: 1546.74 | best: 1568.07 | KL: 6.787e-03 | std: 0.5486 | rollout: 9.656s | update: 0.295s | total: 9.952s | samples/s: 6133
Iteration 0837 | train reward: 1551.70 | best: 1568.07 | KL: 4.988e-03 | std: 0.5494 | rollout: 9.614s | update: 0.228s | total: 9.842s | samples/s: 6248
Iteration 0838 | train reward: 1528.18 | best: 1568.07 | KL: 5.318e-03 | std: 0.5493 | rollout: 9.995s | update: 0.207s | total: 10.202s | samples/s: 5946
Iteration 0839 | train reward: 1490.70 | best: 1568.07 | KL: 6.580e-03 | std: 0.5521 | rollout: 9.649s | update: 0.211s | total: 9.859s | samples/s: 6021
Iteration 0840 | train reward: 1540.06 | best: 1568.07 | KL: 5.508e-03 | std: 0.5514 | rollout: 9.791s | update: 0.468s | total: 10.259s | samples/s: 5992
Iteration 0841 | train reward: 1485.91 | best: 1568.07 | KL: 5.606e-03 | std: 0.5529 | rollout: 10.053s | update: 0.245s | total: 10.297s | samples/s: 5764
Iteration 0842 | train reward: 1520.27 | best: 1568.07 | KL: 5.998e-03 | std: 0.5520 | rollout: 10.181s | update: 0.292s | total: 10.472s | samples/s: 5765
Iteration 0843 | train reward: 1529.57 | best: 1568.07 | KL: 5.423e-03 | std: 0.5514 | rollout: 10.261s | update: 0.558s | total: 10.819s | samples/s: 5665
Iteration 0844 | train reward: 1559.31 | best: 1568.07 | KL: 5.960e-03 | std: 0.5519 | rollout: 9.859s | update: 0.322s | total: 10.181s | samples/s: 6130
Iteration 0845 | train reward: 1576.72 | best: 1576.72 | KL: 5.252e-03 | std: 0.5487 | rollout: 9.926s | update: 0.245s | total: 10.172s | samples/s: 6171
Iteration 0846 | train reward: 1560.67 | best: 1576.72 | KL: 5.694e-03 | std: 0.5501 | rollout: 9.734s | update: 0.246s | total: 9.980s | samples/s: 6276
Iteration 0847 | train reward: 1555.02 | best: 1576.72 | KL: 5.417e-03 | std: 0.5493 | rollout: 9.842s | update: 0.221s | total: 10.064s | samples/s: 6187
Iteration 0848 | train reward: 1552.76 | best: 1576.72 | KL: 5.526e-03 | std: 0.5470 | rollout: 9.660s | update: 0.294s | total: 9.954s | samples/s: 6247
Iteration 0849 | train reward: 1552.26 | best: 1576.72 | KL: 5.434e-03 | std: 0.5495 | rollout: 9.667s | update: 0.306s | total: 9.973s | samples/s: 6235
Iteration 0850 | train reward: 1528.12 | best: 1576.72 | KL: 5.887e-03 | std: 0.5486 | rollout: 9.910s | update: 0.209s | total: 10.118s | samples/s: 6018
Iteration 0851 | train reward: 1551.01 | best: 1576.72 | KL: 4.713e-03 | std: 0.5487 | rollout: 9.827s | update: 0.218s | total: 10.046s | samples/s: 6200
Iteration 0852 | train reward: 1548.01 | best: 1576.72 | KL: 5.709e-03 | std: 0.5494 | rollout: 9.793s | update: 0.395s | total: 10.188s | samples/s: 6103
Iteration 0853 | train reward: 1555.87 | best: 1576.72 | KL: 4.847e-03 | std: 0.5475 | rollout: 9.940s | update: 0.254s | total: 10.194s | samples/s: 6099
Iteration 0854 | train reward: 1548.57 | best: 1576.72 | KL: 5.528e-03 | std: 0.5468 | rollout: 10.059s | update: 0.219s | total: 10.278s | samples/s: 6026
Iteration 0855 | train reward: 1549.86 | best: 1576.72 | KL: 6.040e-03 | std: 0.5469 | rollout: 10.025s | update: 0.199s | total: 10.224s | samples/s: 6028
Iteration 0856 | train reward: 1552.77 | best: 1576.72 | KL: 5.593e-03 | std: 0.5443 | rollout: 9.994s | update: 0.259s | total: 10.253s | samples/s: 6041
Iteration 0857 | train reward: 1544.43 | best: 1576.72 | KL: 5.150e-03 | std: 0.5467 | rollout: 9.969s | update: 0.622s | total: 10.591s | samples/s: 5839
Iteration 0858 | train reward: 1560.71 | best: 1576.72 | KL: 5.210e-03 | std: 0.5469 | rollout: 10.156s | update: 0.219s | total: 10.375s | samples/s: 6011
Iteration 0859 | train reward: 1553.41 | best: 1576.72 | KL: 5.533e-03 | std: 0.5460 | rollout: 10.235s | update: 0.228s | total: 10.462s | samples/s: 5960
Iteration 0860 | train reward: 1564.66 | best: 1576.72 | KL: 5.223e-03 | std: 0.5444 | rollout: 9.963s | update: 0.218s | total: 10.182s | samples/s: 6163
Iteration 0861 | train reward: 1569.18 | best: 1576.72 | KL: 5.756e-03 | std: 0.5443 | rollout: 10.287s | update: 0.305s | total: 10.592s | samples/s: 5952
Iteration 0862 | train reward: 1560.63 | best: 1576.72 | KL: 5.261e-03 | std: 0.5441 | rollout: 10.670s | update: 0.236s | total: 10.906s | samples/s: 5743
Iteration 0863 | train reward: 1561.57 | best: 1576.72 | KL: 5.617e-03 | std: 0.5410 | rollout: 10.024s | update: 0.227s | total: 10.251s | samples/s: 6118
Iteration 0864 | train reward: 1569.98 | best: 1576.72 | KL: 5.433e-03 | std: 0.5397 | rollout: 9.864s | update: 0.258s | total: 10.122s | samples/s: 6226
Iteration 0865 | train reward: 1567.80 | best: 1576.72 | KL: 5.759e-03 | std: 0.5399 | rollout: 9.704s | update: 0.239s | total: 9.943s | samples/s: 6330
Iteration 0866 | train reward: 1546.53 | best: 1576.72 | KL: 5.714e-03 | std: 0.5415 | rollout: 9.739s | update: 0.219s | total: 9.959s | samples/s: 6253
Iteration 0867 | train reward: 1562.23 | best: 1576.72 | KL: 5.680e-03 | std: 0.5390 | rollout: 9.829s | update: 0.231s | total: 10.060s | samples/s: 6212
Iteration 0868 | train reward: 1563.02 | best: 1576.72 | KL: 5.272e-03 | std: 0.5391 | rollout: 10.057s | update: 0.280s | total: 10.338s | samples/s: 6037
Iteration 0869 | train reward: 1564.19 | best: 1576.72 | KL: 5.652e-03 | std: 0.5391 | rollout: 9.954s | update: 0.214s | total: 10.168s | samples/s: 6160
Iteration 0870 | train reward: 1553.77 | best: 1576.72 | KL: 5.512e-03 | std: 0.5391 | rollout: 9.845s | update: 0.244s | total: 10.090s | samples/s: 6171
Iteration 0871 | train reward: 1562.49 | best: 1576.72 | KL: 5.306e-03 | std: 0.5390 | rollout: 9.743s | update: 0.269s | total: 10.012s | samples/s: 6263
Iteration 0872 | train reward: 1525.11 | best: 1576.72 | KL: 5.313e-03 | std: 0.5384 | rollout: 9.897s | update: 0.271s | total: 10.168s | samples/s: 6025
Iteration 0873 | train reward: 1567.15 | best: 1576.72 | KL: 5.800e-03 | std: 0.5384 | rollout: 11.895s | update: 0.829s | total: 12.724s | samples/s: 4934
Iteration 0874 | train reward: 1563.80 | best: 1576.72 | KL: 5.958e-03 | std: 0.5365 | rollout: 12.075s | update: 0.343s | total: 12.417s | samples/s: 5042
Iteration 0875 | train reward: 1564.33 | best: 1576.72 | KL: 6.512e-03 | std: 0.5365 | rollout: 9.992s | update: 0.525s | total: 10.517s | samples/s: 5966
Iteration 0876 | train reward: 1557.14 | best: 1576.72 | KL: 7.213e-03 | std: 0.5373 | rollout: 11.170s | update: 0.381s | total: 11.551s | samples/s: 5420
Iteration 0877 | train reward: 1557.94 | best: 1576.72 | KL: 5.749e-03 | std: 0.5393 | rollout: 9.820s | update: 0.310s | total: 10.130s | samples/s: 6172
Iteration 0878 | train reward: 1549.44 | best: 1576.72 | KL: 5.969e-03 | std: 0.5393 | rollout: 10.484s | update: 0.222s | total: 10.706s | samples/s: 5825
Iteration 0879 | train reward: 1556.53 | best: 1576.72 | KL: 5.740e-03 | std: 0.5409 | rollout: 10.174s | update: 0.335s | total: 10.509s | samples/s: 5970
Iteration 0880 | train reward: 1547.47 | best: 1576.72 | KL: 6.086e-03 | std: 0.5419 | rollout: 10.059s | update: 0.219s | total: 10.278s | samples/s: 6080
Iteration 0881 | train reward: 1552.78 | best: 1576.72 | KL: 5.536e-03 | std: 0.5418 | rollout: 10.179s | update: 0.206s | total: 10.385s | samples/s: 6040
Iteration 0882 | train reward: 1545.92 | best: 1576.72 | KL: 6.005e-03 | std: 0.5393 | rollout: 10.015s | update: 0.217s | total: 10.231s | samples/s: 6079
Iteration 0883 | train reward: 1537.44 | best: 1576.72 | KL: 6.119e-03 | std: 0.5389 | rollout: 10.048s | update: 0.219s | total: 10.267s | samples/s: 6060
Iteration 0884 | train reward: 1553.02 | best: 1576.72 | KL: 6.344e-03 | std: 0.5365 | rollout: 11.579s | update: 0.498s | total: 12.077s | samples/s: 5155
Iteration 0885 | train reward: 1550.75 | best: 1576.72 | KL: 5.750e-03 | std: 0.5371 | rollout: 11.229s | update: 0.570s | total: 11.799s | samples/s: 5314
Iteration 0886 | train reward: 1554.93 | best: 1576.72 | KL: 6.363e-03 | std: 0.5364 | rollout: 10.102s | update: 0.424s | total: 10.526s | samples/s: 5925
Iteration 0887 | train reward: 1553.11 | best: 1576.72 | KL: 5.120e-03 | std: 0.5371 | rollout: 10.438s | update: 0.462s | total: 10.900s | samples/s: 5758
Iteration 0888 | train reward: 1552.03 | best: 1576.72 | KL: 6.019e-03 | std: 0.5341 | rollout: 10.243s | update: 0.269s | total: 10.512s | samples/s: 5966
Iteration 0889 | train reward: 1559.85 | best: 1576.72 | KL: 5.050e-03 | std: 0.5345 | rollout: 10.118s | update: 0.272s | total: 10.391s | samples/s: 6072
Iteration 0890 | train reward: 1543.24 | best: 1576.72 | KL: 6.030e-03 | std: 0.5332 | rollout: 10.364s | update: 0.273s | total: 10.637s | samples/s: 5879
Iteration 0891 | train reward: 1561.08 | best: 1576.72 | KL: 4.612e-03 | std: 0.5331 | rollout: 10.448s | update: 0.231s | total: 10.679s | samples/s: 5919
Iteration 0892 | train reward: 1544.26 | best: 1576.72 | KL: 6.807e-03 | std: 0.5321 | rollout: 10.117s | update: 0.282s | total: 10.400s | samples/s: 6017
Iteration 0893 | train reward: 1560.45 | best: 1576.72 | KL: 5.043e-03 | std: 0.5341 | rollout: 10.310s | update: 0.386s | total: 10.697s | samples/s: 5888
Iteration 0894 | train reward: 1556.83 | best: 1576.72 | KL: 6.005e-03 | std: 0.5345 | rollout: 10.157s | update: 0.254s | total: 10.411s | samples/s: 6018
Iteration 0895 | train reward: 1551.00 | best: 1576.72 | KL: 5.535e-03 | std: 0.5345 | rollout: 10.009s | update: 0.214s | total: 10.223s | samples/s: 6109
Iteration 0896 | train reward: 1527.66 | best: 1576.72 | KL: 6.549e-03 | std: 0.5345 | rollout: 10.048s | update: 0.244s | total: 10.292s | samples/s: 6011
Iteration 0897 | train reward: 1543.45 | best: 1576.72 | KL: 6.196e-03 | std: 0.5364 | rollout: 10.004s | update: 0.272s | total: 10.276s | samples/s: 6078
Iteration 0898 | train reward: 1532.30 | best: 1576.72 | KL: 6.313e-03 | std: 0.5367 | rollout: 10.339s | update: 0.276s | total: 10.615s | samples/s: 5845
Iteration 0899 | train reward: 1527.32 | best: 1576.72 | KL: 5.929e-03 | std: 0.5367 | rollout: 10.070s | update: 0.341s | total: 10.411s | samples/s: 5962
Iteration 0900 | train reward: 1540.09 | best: 1576.72 | KL: 6.167e-03 | std: 0.5365 | rollout: 10.700s | update: 0.463s | total: 11.163s | samples/s: 5558
Iteration 0901 | train reward: 1528.77 | best: 1576.72 | KL: 5.767e-03 | std: 0.5363 | rollout: 10.445s | update: 0.530s | total: 10.975s | samples/s: 5644
Iteration 0902 | train reward: 1527.17 | best: 1576.72 | KL: 5.269e-03 | std: 0.5363 | rollout: 9.878s | update: 0.467s | total: 10.345s | samples/s: 5990
Iteration 0903 | train reward: 1541.92 | best: 1576.72 | KL: 5.725e-03 | std: 0.5358 | rollout: 9.930s | update: 0.429s | total: 10.359s | samples/s: 6034
Iteration 0904 | train reward: 1507.73 | best: 1576.72 | KL: 6.611e-03 | std: 0.5356 | rollout: 10.069s | update: 0.544s | total: 10.613s | samples/s: 5754
Iteration 0905 | train reward: 1539.38 | best: 1576.72 | KL: 5.368e-03 | std: 0.5363 | rollout: 9.833s | update: 0.594s | total: 10.427s | samples/s: 5982
Iteration 0906 | train reward: 1541.60 | best: 1576.72 | KL: 6.423e-03 | std: 0.5363 | rollout: 9.975s | update: 0.351s | total: 10.326s | samples/s: 6033
Iteration 0907 | train reward: 1537.50 | best: 1576.72 | KL: 6.563e-03 | std: 0.5364 | rollout: 10.043s | update: 0.499s | total: 10.543s | samples/s: 5896
Iteration 0908 | train reward: 1534.51 | best: 1576.72 | KL: 6.610e-03 | std: 0.5358 | rollout: 10.127s | update: 0.369s | total: 10.496s | samples/s: 5897
Iteration 0909 | train reward: 1539.91 | best: 1576.72 | KL: 6.458e-03 | std: 0.5332 | rollout: 10.015s | update: 0.241s | total: 10.256s | samples/s: 6102
Iteration 0910 | train reward: 1547.72 | best: 1576.72 | KL: 6.338e-03 | std: 0.5345 | rollout: 10.199s | update: 0.404s | total: 10.603s | samples/s: 5898
Iteration 0911 | train reward: 1523.37 | best: 1576.72 | KL: 5.981e-03 | std: 0.5347 | rollout: 9.971s | update: 0.228s | total: 10.199s | samples/s: 6053
Iteration 0912 | train reward: 1549.50 | best: 1576.72 | KL: 6.429e-03 | std: 0.5315 | rollout: 10.372s | update: 0.256s | total: 10.628s | samples/s: 5905
Iteration 0913 | train reward: 1566.47 | best: 1576.72 | KL: 5.179e-03 | std: 0.5315 | rollout: 10.079s | update: 0.205s | total: 10.284s | samples/s: 6153
Iteration 0914 | train reward: 1536.96 | best: 1576.72 | KL: 5.034e-03 | std: 0.5306 | rollout: 9.862s | update: 0.214s | total: 10.076s | samples/s: 6185
Iteration 0915 | train reward: 1534.73 | best: 1576.72 | KL: 5.187e-03 | std: 0.5321 | rollout: 10.240s | update: 0.267s | total: 10.507s | samples/s: 5925
Iteration 0916 | train reward: 1539.09 | best: 1576.72 | KL: 6.736e-03 | std: 0.5337 | rollout: 10.055s | update: 0.234s | total: 10.289s | samples/s: 6084
Iteration 0917 | train reward: 1544.69 | best: 1576.72 | KL: 5.661e-03 | std: 0.5337 | rollout: 10.089s | update: 0.229s | total: 10.318s | samples/s: 6076
Iteration 0918 | train reward: 1540.00 | best: 1576.72 | KL: 6.345e-03 | std: 0.5321 | rollout: 10.431s | update: 0.562s | total: 10.993s | samples/s: 5692
Iteration 0919 | train reward: 1525.19 | best: 1576.72 | KL: 6.020e-03 | std: 0.5337 | rollout: 10.693s | update: 0.243s | total: 10.935s | samples/s: 5646
Iteration 0920 | train reward: 1548.80 | best: 1576.72 | KL: 5.857e-03 | std: 0.5311 | rollout: 10.133s | update: 0.242s | total: 10.375s | samples/s: 6047
Iteration 0921 | train reward: 1562.45 | best: 1576.72 | KL: 5.927e-03 | std: 0.5288 | rollout: 10.284s | update: 0.273s | total: 10.557s | samples/s: 6010
Iteration 0922 | train reward: 1552.76 | best: 1576.72 | KL: 6.294e-03 | std: 0.5293 | rollout: 10.075s | update: 0.527s | total: 10.602s | samples/s: 5957
Iteration 0923 | train reward: 1541.54 | best: 1576.72 | KL: 4.398e-03 | std: 0.5286 | rollout: 10.125s | update: 0.235s | total: 10.360s | samples/s: 6061
Iteration 0924 | train reward: 1523.09 | best: 1576.72 | KL: 6.370e-03 | std: 0.5267 | rollout: 10.312s | update: 0.910s | total: 11.222s | samples/s: 5504
Iteration 0925 | train reward: 1537.39 | best: 1576.72 | KL: 5.577e-03 | std: 0.5287 | rollout: 10.129s | update: 0.388s | total: 10.517s | samples/s: 5952
Iteration 0926 | train reward: 1541.42 | best: 1576.72 | KL: 6.072e-03 | std: 0.5306 | rollout: 10.237s | update: 0.251s | total: 10.488s | samples/s: 5976
Iteration 0927 | train reward: 1525.82 | best: 1576.72 | KL: 5.360e-03 | std: 0.5288 | rollout: 10.214s | update: 0.258s | total: 10.472s | samples/s: 5934
Iteration 0928 | train reward: 1520.77 | best: 1576.72 | KL: 5.055e-03 | std: 0.5294 | rollout: 10.342s | update: 0.240s | total: 10.582s | samples/s: 5814
Iteration 0929 | train reward: 1500.77 | best: 1576.72 | KL: 5.919e-03 | std: 0.5294 | rollout: 10.277s | update: 0.503s | total: 10.780s | samples/s: 5648
Iteration 0930 | train reward: 1551.78 | best: 1576.72 | KL: 4.838e-03 | std: 0.5313 | rollout: 10.395s | update: 0.311s | total: 10.706s | samples/s: 5879
Iteration 0931 | train reward: 1502.72 | best: 1576.72 | KL: 5.476e-03 | std: 0.5321 | rollout: 10.201s | update: 0.215s | total: 10.416s | samples/s: 5853
Iteration 0932 | train reward: 1529.54 | best: 1576.72 | KL: 6.312e-03 | std: 0.5332 | rollout: 10.215s | update: 0.447s | total: 10.662s | samples/s: 5833
Iteration 0933 | train reward: 1497.38 | best: 1576.72 | KL: 5.709e-03 | std: 0.5321 | rollout: 10.258s | update: 0.221s | total: 10.479s | samples/s: 5799
Iteration 0934 | train reward: 1524.60 | best: 1576.72 | KL: 6.213e-03 | std: 0.5319 | rollout: 10.055s | update: 0.377s | total: 10.432s | samples/s: 5937
Iteration 0935 | train reward: 1516.92 | best: 1576.72 | KL: 6.014e-03 | std: 0.5339 | rollout: 9.833s | update: 0.225s | total: 10.058s | samples/s: 6130
Iteration 0936 | train reward: 1520.92 | best: 1576.72 | KL: 5.766e-03 | std: 0.5338 | rollout: 9.965s | update: 0.255s | total: 10.220s | samples/s: 6026
Iteration 0937 | train reward: 1530.59 | best: 1576.72 | KL: 5.300e-03 | std: 0.5338 | rollout: 9.998s | update: 0.219s | total: 10.217s | samples/s: 6070
Iteration 0938 | train reward: 1539.37 | best: 1576.72 | KL: 7.044e-03 | std: 0.5315 | rollout: 10.228s | update: 0.241s | total: 10.469s | samples/s: 5947
Iteration 0939 | train reward: 1512.37 | best: 1576.72 | KL: 6.507e-03 | std: 0.5319 | rollout: 10.088s | update: 0.244s | total: 10.332s | samples/s: 5907
Iteration 0940 | train reward: 1534.79 | best: 1576.72 | KL: 5.915e-03 | std: 0.5310 | rollout: 10.115s | update: 0.389s | total: 10.504s | samples/s: 5872
Iteration 0941 | train reward: 1536.14 | best: 1576.72 | KL: 6.703e-03 | std: 0.5279 | rollout: 10.649s | update: 0.230s | total: 10.879s | samples/s: 5699
Iteration 0942 | train reward: 1519.45 | best: 1576.72 | KL: 6.005e-03 | std: 0.5267 | rollout: 10.336s | update: 0.349s | total: 10.685s | samples/s: 5729
Iteration 0943 | train reward: 1525.94 | best: 1576.72 | KL: 6.022e-03 | std: 0.5286 | rollout: 11.123s | update: 0.501s | total: 11.624s | samples/s: 5291
Iteration 0944 | train reward: 1545.64 | best: 1576.72 | KL: 6.824e-03 | std: 0.5306 | rollout: 11.383s | update: 0.297s | total: 11.680s | samples/s: 5322
Iteration 0945 | train reward: 1544.48 | best: 1576.72 | KL: 6.795e-03 | std: 0.5312 | rollout: 10.667s | update: 0.230s | total: 10.897s | samples/s: 5711
Iteration 0946 | train reward: 1541.27 | best: 1576.72 | KL: 6.083e-03 | std: 0.5314 | rollout: 10.739s | update: 0.292s | total: 11.031s | samples/s: 5624
Iteration 0947 | train reward: 1512.47 | best: 1576.72 | KL: 5.646e-03 | std: 0.5315 | rollout: 10.962s | update: 0.361s | total: 11.323s | samples/s: 5415
Iteration 0948 | train reward: 1551.06 | best: 1576.72 | KL: 5.991e-03 | std: 0.5306 | rollout: 10.421s | update: 0.602s | total: 11.023s | samples/s: 5688
Iteration 0949 | train reward: 1549.49 | best: 1576.72 | KL: 5.322e-03 | std: 0.5331 | rollout: 10.171s | update: 0.528s | total: 10.700s | samples/s: 5861
Iteration 0950 | train reward: 1555.06 | best: 1576.72 | KL: 5.170e-03 | std: 0.5338 | rollout: 10.326s | update: 0.434s | total: 10.760s | samples/s: 5833
Iteration 0951 | train reward: 1544.33 | best: 1576.72 | KL: 5.080e-03 | std: 0.5330 | rollout: 10.136s | update: 0.223s | total: 10.359s | samples/s: 6036
Iteration 0952 | train reward: 1538.57 | best: 1576.72 | KL: 6.084e-03 | std: 0.5295 | rollout: 10.105s | update: 0.248s | total: 10.353s | samples/s: 5993
Iteration 0953 | train reward: 1555.82 | best: 1576.72 | KL: 6.415e-03 | std: 0.5306 | rollout: 10.648s | update: 0.426s | total: 11.074s | samples/s: 5687
Iteration 0954 | train reward: 1553.41 | best: 1576.72 | KL: 6.886e-03 | std: 0.5269 | rollout: 10.560s | update: 0.397s | total: 10.958s | samples/s: 5719
Iteration 0955 | train reward: 1521.91 | best: 1576.72 | KL: 5.654e-03 | std: 0.5286 | rollout: 10.510s | update: 0.271s | total: 10.781s | samples/s: 5699
Iteration 0956 | train reward: 1540.85 | best: 1576.72 | KL: 6.003e-03 | std: 0.5293 | rollout: 10.153s | update: 0.375s | total: 10.528s | samples/s: 5874
Iteration 0957 | train reward: 1558.79 | best: 1576.72 | KL: 5.867e-03 | std: 0.5286 | rollout: 11.540s | update: 0.363s | total: 11.904s | samples/s: 5268
Iteration 0958 | train reward: 1543.38 | best: 1576.72 | KL: 7.582e-03 | std: 0.5284 | rollout: 11.896s | update: 0.389s | total: 12.285s | samples/s: 5068
Iteration 0959 | train reward: 1552.47 | best: 1576.72 | KL: 6.466e-03 | std: 0.5278 | rollout: 10.513s | update: 0.239s | total: 10.752s | samples/s: 5810
Iteration 0960 | train reward: 1552.90 | best: 1576.72 | KL: 5.721e-03 | std: 0.5237 | rollout: 10.671s | update: 0.231s | total: 10.902s | samples/s: 5730
Iteration 0961 | train reward: 1531.84 | best: 1576.72 | KL: 5.434e-03 | std: 0.5241 | rollout: 10.401s | update: 0.496s | total: 10.897s | samples/s: 5638
Iteration 0962 | train reward: 1534.66 | best: 1576.72 | KL: 5.397e-03 | std: 0.5236 | rollout: 10.371s | update: 0.210s | total: 10.581s | samples/s: 5845
Iteration 0963 | train reward: 1559.40 | best: 1576.72 | KL: 5.100e-03 | std: 0.5242 | rollout: 10.828s | update: 0.351s | total: 11.179s | samples/s: 5635
Iteration 0964 | train reward: 1547.36 | best: 1576.72 | KL: 6.340e-03 | std: 0.5234 | rollout: 10.205s | update: 0.511s | total: 10.715s | samples/s: 5763
Iteration 0965 | train reward: 1544.93 | best: 1576.72 | KL: 5.764e-03 | std: 0.5253 | rollout: 10.078s | update: 0.356s | total: 10.433s | samples/s: 5915
Iteration 0966 | train reward: 1530.99 | best: 1576.72 | KL: 5.482e-03 | std: 0.5252 | rollout: 10.380s | update: 0.733s | total: 11.113s | samples/s: 5522
Iteration 0967 | train reward: 1533.08 | best: 1576.72 | KL: 6.601e-03 | std: 0.5243 | rollout: 10.149s | update: 0.249s | total: 10.398s | samples/s: 5928
Iteration 0968 | train reward: 1555.98 | best: 1576.72 | KL: 6.011e-03 | std: 0.5253 | rollout: 10.559s | update: 0.310s | total: 10.869s | samples/s: 5739
Iteration 0969 | train reward: 1555.08 | best: 1576.72 | KL: 5.576e-03 | std: 0.5263 | rollout: 10.294s | update: 0.224s | total: 10.518s | samples/s: 5933
Iteration 0970 | train reward: 1507.83 | best: 1576.72 | KL: 5.963e-03 | std: 0.5284 | rollout: 11.101s | update: 0.377s | total: 11.478s | samples/s: 5315
Iteration 0971 | train reward: 1528.35 | best: 1576.72 | KL: 5.615e-03 | std: 0.5267 | rollout: 10.365s | update: 0.208s | total: 10.573s | samples/s: 5851
Iteration 0972 | train reward: 1518.09 | best: 1576.72 | KL: 7.113e-03 | std: 0.5267 | rollout: 10.277s | update: 0.207s | total: 10.484s | samples/s: 5830
Iteration 0973 | train reward: 1526.98 | best: 1576.72 | KL: 6.732e-03 | std: 0.5261 | rollout: 10.724s | update: 0.497s | total: 11.221s | samples/s: 5456
Iteration 0974 | train reward: 1522.25 | best: 1576.72 | KL: 5.928e-03 | std: 0.5278 | rollout: 10.917s | update: 0.338s | total: 11.256s | samples/s: 5431
Iteration 0975 | train reward: 1533.34 | best: 1576.72 | KL: 6.634e-03 | std: 0.5260 | rollout: 10.848s | update: 0.466s | total: 11.314s | samples/s: 5429
Iteration 0976 | train reward: 1547.09 | best: 1576.72 | KL: 5.471e-03 | std: 0.5260 | rollout: 10.701s | update: 0.260s | total: 10.961s | samples/s: 5661
Iteration 0977 | train reward: 1529.74 | best: 1576.72 | KL: 6.707e-03 | std: 0.5278 | rollout: 10.624s | update: 0.404s | total: 11.028s | samples/s: 5552
Iteration 0978 | train reward: 1545.16 | best: 1576.72 | KL: 5.608e-03 | std: 0.5269 | rollout: 10.145s | update: 0.497s | total: 10.643s | samples/s: 5813
Iteration 0979 | train reward: 1551.57 | best: 1576.72 | KL: 5.333e-03 | std: 0.5269 | rollout: 10.199s | update: 0.221s | total: 10.420s | samples/s: 5980
Iteration 0980 | train reward: 1552.72 | best: 1576.72 | KL: 6.126e-03 | std: 0.5258 | rollout: 11.218s | update: 0.599s | total: 11.818s | samples/s: 5260
Iteration 0981 | train reward: 1550.67 | best: 1576.72 | KL: 5.875e-03 | std: 0.5261 | rollout: 9.975s | update: 0.233s | total: 10.208s | samples/s: 6088
Iteration 0982 | train reward: 1546.25 | best: 1576.72 | KL: 4.749e-03 | std: 0.5267 | rollout: 10.322s | update: 0.211s | total: 10.533s | samples/s: 5918
Iteration 0983 | train reward: 1537.79 | best: 1576.72 | KL: 6.196e-03 | std: 0.5260 | rollout: 10.132s | update: 0.531s | total: 10.663s | samples/s: 5787
Iteration 0984 | train reward: 1545.33 | best: 1576.72 | KL: 5.249e-03 | std: 0.5258 | rollout: 10.561s | update: 0.230s | total: 10.791s | samples/s: 5775
Iteration 0985 | train reward: 1541.71 | best: 1576.72 | KL: 6.770e-03 | std: 0.5267 | rollout: 10.263s | update: 0.291s | total: 10.554s | samples/s: 5852
Iteration 0986 | train reward: 1547.12 | best: 1576.72 | KL: 5.245e-03 | std: 0.5280 | rollout: 10.202s | update: 0.215s | total: 10.417s | samples/s: 5962
Iteration 0987 | train reward: 1538.66 | best: 1576.72 | KL: 6.427e-03 | std: 0.5287 | rollout: 10.887s | update: 0.205s | total: 11.091s | samples/s: 5543
Iteration 0988 | train reward: 1549.43 | best: 1576.72 | KL: 6.488e-03 | std: 0.5287 | rollout: 10.129s | update: 0.209s | total: 10.338s | samples/s: 6021
Iteration 0989 | train reward: 1509.47 | best: 1576.72 | KL: 6.117e-03 | std: 0.5269 | rollout: 10.037s | update: 0.282s | total: 10.319s | samples/s: 5865
Iteration 0990 | train reward: 1526.33 | best: 1576.72 | KL: 5.790e-03 | std: 0.5280 | rollout: 10.830s | update: 0.417s | total: 11.247s | samples/s: 5433
Iteration 0991 | train reward: 1540.54 | best: 1576.72 | KL: 6.759e-03 | std: 0.5286 | rollout: 10.494s | update: 0.215s | total: 10.710s | samples/s: 5752
Iteration 0992 | train reward: 1550.94 | best: 1576.72 | KL: 5.988e-03 | std: 0.5280 | rollout: 10.310s | update: 0.503s | total: 10.813s | samples/s: 5754
Iteration 0993 | train reward: 1502.01 | best: 1576.72 | KL: 6.444e-03 | std: 0.5293 | rollout: 10.336s | update: 0.229s | total: 10.565s | samples/s: 5702
Iteration 0994 | train reward: 1483.17 | best: 1576.72 | KL: 6.253e-03 | std: 0.5293 | rollout: 10.766s | update: 0.205s | total: 10.971s | samples/s: 5418
Iteration 0995 | train reward: 1513.40 | best: 1576.72 | KL: 5.767e-03 | std: 0.5278 | rollout: 10.483s | update: 0.211s | total: 10.694s | samples/s: 5675
Iteration 0996 | train reward: 1473.95 | best: 1576.72 | KL: 6.780e-03 | std: 0.5263 | rollout: 10.290s | update: 0.195s | total: 10.485s | samples/s: 5609
Iteration 0997 | train reward: 1488.49 | best: 1576.72 | KL: 7.675e-03 | std: 0.5260 | rollout: 10.675s | update: 0.364s | total: 11.039s | samples/s: 5419
Iteration 0998 | train reward: 1502.55 | best: 1576.72 | KL: 6.304e-03 | std: 0.5243 | rollout: 11.055s | update: 0.311s | total: 11.366s | samples/s: 5311
Iteration 0999 | train reward: 1507.64 | best: 1576.72 | KL: 5.708e-03 | std: 0.5236 | rollout: 10.587s | update: 0.231s | total: 10.818s | samples/s: 5610
Iteration 1000 | train reward: 1557.90 | best: 1576.72 | KL: 6.025e-03 | std: 0.5234 | rollout: 10.282s | update: 0.221s | total: 10.503s | samples/s: 5947
Iteration 1001 | train reward: 1499.71 | best: 1576.72 | KL: 6.047e-03 | std: 0.5254 | rollout: 10.892s | update: 0.201s | total: 11.092s | samples/s: 5436
Iteration 1002 | train reward: 1533.78 | best: 1576.72 | KL: 5.207e-03 | std: 0.5252 | rollout: 10.684s | update: 0.223s | total: 10.907s | samples/s: 5658
Iteration 1003 | train reward: 1485.10 | best: 1576.72 | KL: 4.954e-03 | std: 0.5234 | rollout: 10.701s | update: 0.226s | total: 10.928s | samples/s: 5474
Iteration 1004 | train reward: 1545.09 | best: 1576.72 | KL: 6.365e-03 | std: 0.5236 | rollout: 10.611s | update: 0.405s | total: 11.016s | samples/s: 5638
Iteration 1005 | train reward: 1530.76 | best: 1576.72 | KL: 6.019e-03 | std: 0.5227 | rollout: 10.492s | update: 0.222s | total: 10.714s | samples/s: 5731
Iteration 1006 | train reward: 1516.58 | best: 1576.72 | KL: 6.103e-03 | std: 0.5216 | rollout: 10.182s | update: 0.214s | total: 10.396s | samples/s: 5838
Iteration 1007 | train reward: 1525.86 | best: 1576.72 | KL: 6.086e-03 | std: 0.5232 | rollout: 10.306s | update: 0.192s | total: 10.499s | samples/s: 5838
Iteration 1008 | train reward: 1536.01 | best: 1576.72 | KL: 6.629e-03 | std: 0.5209 | rollout: 10.710s | update: 0.202s | total: 10.912s | samples/s: 5649
Iteration 1009 | train reward: 1538.25 | best: 1576.72 | KL: 6.168e-03 | std: 0.5217 | rollout: 10.200s | update: 0.209s | total: 10.409s | samples/s: 5935
Iteration 1010 | train reward: 1521.37 | best: 1576.72 | KL: 6.105e-03 | std: 0.5234 | rollout: 10.359s | update: 0.231s | total: 10.591s | samples/s: 5767
Iteration 1011 | train reward: 1540.65 | best: 1576.72 | KL: 6.045e-03 | std: 0.5254 | rollout: 10.683s | update: 0.295s | total: 10.978s | samples/s: 5645
Iteration 1012 | train reward: 1537.24 | best: 1576.72 | KL: 5.853e-03 | std: 0.5233 | rollout: 10.548s | update: 0.226s | total: 10.773s | samples/s: 5726
Iteration 1013 | train reward: 1558.03 | best: 1576.72 | KL: 5.924e-03 | std: 0.5252 | rollout: 10.646s | update: 0.542s | total: 11.188s | samples/s: 5592
Iteration 1014 | train reward: 1558.38 | best: 1576.72 | KL: 6.019e-03 | std: 0.5234 | rollout: 10.423s | update: 0.504s | total: 10.927s | samples/s: 5726
Iteration 1015 | train reward: 1528.22 | best: 1576.72 | KL: 6.490e-03 | std: 0.5226 | rollout: 10.687s | update: 0.212s | total: 10.899s | samples/s: 5634
Iteration 1016 | train reward: 1544.87 | best: 1576.72 | KL: 6.355e-03 | std: 0.5226 | rollout: 10.208s | update: 0.249s | total: 10.457s | samples/s: 5920
Iteration 1017 | train reward: 1537.60 | best: 1576.72 | KL: 6.036e-03 | std: 0.5234 | rollout: 10.199s | update: 0.202s | total: 10.401s | samples/s: 5930
Iteration 1018 | train reward: 1525.93 | best: 1576.72 | KL: 5.897e-03 | std: 0.5227 | rollout: 10.754s | update: 0.205s | total: 10.959s | samples/s: 5584
Iteration 1019 | train reward: 1535.71 | best: 1576.72 | KL: 5.045e-03 | std: 0.5217 | rollout: 10.314s | update: 0.217s | total: 10.531s | samples/s: 5853
Iteration 1020 | train reward: 1520.94 | best: 1576.72 | KL: 6.626e-03 | std: 0.5217 | rollout: 10.355s | update: 0.276s | total: 10.631s | samples/s: 5720
Iteration 1021 | train reward: 1510.23 | best: 1576.72 | KL: 5.252e-03 | std: 0.5226 | rollout: 10.746s | update: 0.366s | total: 11.112s | samples/s: 5452
Iteration 1022 | train reward: 1526.58 | best: 1576.72 | KL: 6.847e-03 | std: 0.5226 | rollout: 10.585s | update: 0.371s | total: 10.957s | samples/s: 5600
Iteration 1023 | train reward: 1550.63 | best: 1576.72 | KL: 6.836e-03 | std: 0.5208 | rollout: 10.280s | update: 0.220s | total: 10.500s | samples/s: 5939
Iteration 1024 | train reward: 1534.30 | best: 1576.72 | KL: 6.221e-03 | std: 0.5211 | rollout: 10.080s | update: 0.216s | total: 10.296s | samples/s: 5982
Iteration 1025 | train reward: 1548.53 | best: 1576.72 | KL: 6.527e-03 | std: 0.5234 | rollout: 11.336s | update: 0.409s | total: 11.745s | samples/s: 5298
Iteration 1026 | train reward: 1540.28 | best: 1576.72 | KL: 6.932e-03 | std: 0.5210 | rollout: 10.379s | update: 0.196s | total: 10.575s | samples/s: 5856
Iteration 1027 | train reward: 1504.96 | best: 1576.72 | KL: 5.480e-03 | std: 0.5210 | rollout: 10.161s | update: 0.202s | total: 10.364s | samples/s: 5876
Iteration 1028 | train reward: 1526.28 | best: 1576.72 | KL: 5.513e-03 | std: 0.5208 | rollout: 10.663s | update: 0.297s | total: 10.960s | samples/s: 5622
Iteration 1029 | train reward: 1532.05 | best: 1576.72 | KL: 6.547e-03 | std: 0.5206 | rollout: 10.845s | update: 0.321s | total: 11.167s | samples/s: 5516
Iteration 1030 | train reward: 1518.54 | best: 1576.72 | KL: 5.430e-03 | std: 0.5207 | rollout: 11.002s | update: 0.272s | total: 11.274s | samples/s: 5432
Iteration 1031 | train reward: 1518.32 | best: 1576.72 | KL: 4.852e-03 | std: 0.5191 | rollout: 10.412s | update: 0.312s | total: 10.724s | samples/s: 5734
Iteration 1032 | train reward: 1539.00 | best: 1576.72 | KL: 5.869e-03 | std: 0.5200 | rollout: 10.826s | update: 0.207s | total: 11.033s | samples/s: 5625
Iteration 1033 | train reward: 1526.26 | best: 1576.72 | KL: 5.666e-03 | std: 0.5174 | rollout: 10.213s | update: 0.623s | total: 10.835s | samples/s: 5707
Iteration 1034 | train reward: 1541.19 | best: 1576.72 | KL: 5.537e-03 | std: 0.5175 | rollout: 10.529s | update: 0.226s | total: 10.755s | samples/s: 5777
Iteration 1035 | train reward: 1483.70 | best: 1576.72 | KL: 5.655e-03 | std: 0.5182 | rollout: 10.821s | update: 0.199s | total: 11.019s | samples/s: 5454
Iteration 1036 | train reward: 1534.49 | best: 1576.72 | KL: 5.806e-03 | std: 0.5183 | rollout: 10.371s | update: 0.220s | total: 10.591s | samples/s: 5854
Iteration 1037 | train reward: 1532.89 | best: 1576.72 | KL: 6.947e-03 | std: 0.5191 | rollout: 10.274s | update: 0.213s | total: 10.487s | samples/s: 5893
Iteration 1038 | train reward: 1547.16 | best: 1576.72 | KL: 5.307e-03 | std: 0.5182 | rollout: 10.746s | update: 0.276s | total: 11.022s | samples/s: 5687
Iteration 1039 | train reward: 1529.27 | best: 1576.72 | KL: 5.398e-03 | std: 0.5175 | rollout: 10.424s | update: 0.224s | total: 10.648s | samples/s: 5822
Iteration 1040 | train reward: 1542.30 | best: 1576.72 | KL: 5.720e-03 | std: 0.5181 | rollout: 11.216s | update: 0.443s | total: 11.659s | samples/s: 5361
Iteration 1041 | train reward: 1532.96 | best: 1576.72 | KL: 5.039e-03 | std: 0.5176 | rollout: 11.109s | update: 0.442s | total: 11.551s | samples/s: 5381
Iteration 1042 | train reward: 1541.77 | best: 1576.72 | KL: 6.466e-03 | std: 0.5180 | rollout: 11.008s | update: 0.214s | total: 11.222s | samples/s: 5552
Iteration 1043 | train reward: 1543.96 | best: 1576.72 | KL: 5.716e-03 | std: 0.5180 | rollout: 10.240s | update: 0.223s | total: 10.464s | samples/s: 5958
Iteration 1044 | train reward: 1554.35 | best: 1576.72 | KL: 6.016e-03 | std: 0.5189 | rollout: 10.130s | update: 0.242s | total: 10.372s | samples/s: 6046
Iteration 1045 | train reward: 1550.82 | best: 1576.72 | KL: 5.262e-03 | std: 0.5175 | rollout: 10.829s | update: 0.284s | total: 11.112s | samples/s: 5648
Iteration 1046 | train reward: 1530.26 | best: 1576.72 | KL: 6.120e-03 | std: 0.5175 | rollout: 10.118s | update: 0.199s | total: 10.317s | samples/s: 5966
Iteration 1047 | train reward: 1506.45 | best: 1576.72 | KL: 5.923e-03 | std: 0.5175 | rollout: 10.600s | update: 0.294s | total: 10.895s | samples/s: 5560
Iteration 1048 | train reward: 1513.64 | best: 1576.72 | KL: 5.807e-03 | std: 0.5158 | rollout: 10.392s | update: 0.289s | total: 10.681s | samples/s: 5686
Iteration 1049 | train reward: 1537.55 | best: 1576.72 | KL: 5.478e-03 | std: 0.5154 | rollout: 10.494s | update: 0.218s | total: 10.712s | samples/s: 5781
Iteration 1050 | train reward: 1534.77 | best: 1576.72 | KL: 7.806e-03 | std: 0.5148 | rollout: 10.187s | update: 0.202s | total: 10.388s | samples/s: 5949
Iteration 1051 | train reward: 1551.74 | best: 1576.72 | KL: 5.768e-03 | std: 0.5150 | rollout: 10.544s | update: 0.224s | total: 10.768s | samples/s: 5810
Iteration 1052 | train reward: 1538.80 | best: 1576.72 | KL: 7.260e-03 | std: 0.5139 | rollout: 10.744s | update: 0.205s | total: 10.949s | samples/s: 5646
Iteration 1053 | train reward: 1531.92 | best: 1576.72 | KL: 6.557e-03 | std: 0.5158 | rollout: 10.259s | update: 0.216s | total: 10.475s | samples/s: 5863
Iteration 1054 | train reward: 1543.42 | best: 1576.72 | KL: 7.027e-03 | std: 0.5174 | rollout: 10.283s | update: 0.212s | total: 10.495s | samples/s: 5896
Iteration 1055 | train reward: 1492.68 | best: 1576.72 | KL: 6.557e-03 | std: 0.5158 | rollout: 10.494s | update: 0.250s | total: 10.744s | samples/s: 5610
Iteration 1056 | train reward: 1533.00 | best: 1576.72 | KL: 6.408e-03 | std: 0.5189 | rollout: 10.541s | update: 0.221s | total: 10.762s | samples/s: 5746
Iteration 1057 | train reward: 1519.06 | best: 1576.72 | KL: 6.079e-03 | std: 0.5182 | rollout: 10.207s | update: 0.255s | total: 10.462s | samples/s: 5883
Iteration 1058 | train reward: 1543.72 | best: 1576.72 | KL: 5.487e-03 | std: 0.5176 | rollout: 10.884s | update: 0.296s | total: 11.180s | samples/s: 5571
Iteration 1059 | train reward: 1516.37 | best: 1576.72 | KL: 6.582e-03 | std: 0.5175 | rollout: 11.153s | update: 0.201s | total: 11.354s | samples/s: 5386
Iteration 1060 | train reward: 1524.69 | best: 1576.72 | KL: 7.339e-03 | std: 0.5173 | rollout: 10.295s | update: 0.219s | total: 10.514s | samples/s: 5855
Iteration 1061 | train reward: 1506.21 | best: 1576.72 | KL: 6.658e-03 | std: 0.5156 | rollout: 10.471s | update: 0.229s | total: 10.700s | samples/s: 5648
Iteration 1062 | train reward: 1530.95 | best: 1576.72 | KL: 6.344e-03 | std: 0.5165 | rollout: 10.600s | update: 0.427s | total: 11.027s | samples/s: 5587
Iteration 1063 | train reward: 1508.60 | best: 1576.72 | KL: 6.121e-03 | std: 0.5163 | rollout: 10.328s | update: 0.268s | total: 10.595s | samples/s: 5744
Iteration 1064 | train reward: 1510.13 | best: 1576.72 | KL: 6.533e-03 | std: 0.5173 | rollout: 10.342s | update: 0.213s | total: 10.555s | samples/s: 5754
Iteration 1065 | train reward: 1541.58 | best: 1576.72 | KL: 6.351e-03 | std: 0.5165 | rollout: 10.435s | update: 0.208s | total: 10.643s | samples/s: 5845
Iteration 1066 | train reward: 1546.36 | best: 1576.72 | KL: 7.548e-03 | std: 0.5147 | rollout: 10.935s | update: 0.207s | total: 11.142s | samples/s: 5592
Iteration 1067 | train reward: 1539.43 | best: 1576.72 | KL: 5.750e-03 | std: 0.5139 | rollout: 10.335s | update: 0.229s | total: 10.564s | samples/s: 5861
Iteration 1068 | train reward: 1542.66 | best: 1576.72 | KL: 5.608e-03 | std: 0.5132 | rollout: 10.235s | update: 0.241s | total: 10.475s | samples/s: 5911
Iteration 1069 | train reward: 1543.42 | best: 1576.72 | KL: 6.627e-03 | std: 0.5132 | rollout: 10.824s | update: 0.391s | total: 11.215s | samples/s: 5547
Iteration 1070 | train reward: 1546.62 | best: 1576.72 | KL: 6.055e-03 | std: 0.5132 | rollout: 10.550s | update: 0.220s | total: 10.771s | samples/s: 5803
Iteration 1071 | train reward: 1549.68 | best: 1576.72 | KL: 6.096e-03 | std: 0.5138 | rollout: 10.351s | update: 0.208s | total: 10.559s | samples/s: 5933
Iteration 1072 | train reward: 1551.20 | best: 1576.72 | KL: 6.270e-03 | std: 0.5137 | rollout: 10.309s | update: 0.383s | total: 10.693s | samples/s: 5844
Iteration 1073 | train reward: 1544.13 | best: 1576.72 | KL: 5.719e-03 | std: 0.5130 | rollout: 10.437s | update: 0.215s | total: 10.652s | samples/s: 5850
Iteration 1074 | train reward: 1553.86 | best: 1576.72 | KL: 6.547e-03 | std: 0.5124 | rollout: 10.291s | update: 0.229s | total: 10.520s | samples/s: 5985
Iteration 1075 | train reward: 1527.20 | best: 1576.72 | KL: 5.708e-03 | std: 0.5128 | rollout: 10.276s | update: 0.319s | total: 10.595s | samples/s: 5842
Iteration 1076 | train reward: 1569.78 | best: 1576.72 | KL: 5.133e-03 | std: 0.5106 | rollout: 10.925s | update: 0.471s | total: 11.395s | samples/s: 5582
Iteration 1077 | train reward: 1545.79 | best: 1576.72 | KL: 7.668e-03 | std: 0.5102 | rollout: 10.253s | update: 0.270s | total: 10.524s | samples/s: 5933
Iteration 1078 | train reward: 1549.44 | best: 1576.72 | KL: 6.831e-03 | std: 0.5095 | rollout: 10.288s | update: 0.312s | total: 10.600s | samples/s: 5908
Iteration 1079 | train reward: 1537.01 | best: 1576.72 | KL: 6.347e-03 | std: 0.5079 | rollout: 10.518s | update: 0.355s | total: 10.873s | samples/s: 5724
Iteration 1080 | train reward: 1539.28 | best: 1576.72 | KL: 5.552e-03 | std: 0.5097 | rollout: 10.634s | update: 0.216s | total: 10.850s | samples/s: 5729
Iteration 1081 | train reward: 1573.51 | best: 1576.72 | KL: 6.126e-03 | std: 0.5080 | rollout: 10.473s | update: 0.229s | total: 10.702s | samples/s: 5934
Iteration 1082 | train reward: 1546.10 | best: 1576.72 | KL: 7.069e-03 | std: 0.5085 | rollout: 10.380s | update: 0.231s | total: 10.611s | samples/s: 5884
Iteration 1083 | train reward: 1567.18 | best: 1576.72 | KL: 5.403e-03 | std: 0.5071 | rollout: 10.684s | update: 0.227s | total: 10.911s | samples/s: 5811
Iteration 1084 | train reward: 1563.25 | best: 1576.72 | KL: 5.006e-03 | std: 0.5076 | rollout: 10.356s | update: 0.255s | total: 10.611s | samples/s: 5979
Iteration 1085 | train reward: 1563.56 | best: 1576.72 | KL: 5.956e-03 | std: 0.5071 | rollout: 10.428s | update: 0.243s | total: 10.671s | samples/s: 5943
Iteration 1086 | train reward: 1544.32 | best: 1576.72 | KL: 5.992e-03 | std: 0.5059 | rollout: 11.562s | update: 0.287s | total: 11.849s | samples/s: 5264
Iteration 1087 | train reward: 1556.94 | best: 1576.72 | KL: 5.630e-03 | std: 0.5080 | rollout: 10.852s | update: 0.390s | total: 11.243s | samples/s: 5604
Iteration 1088 | train reward: 1564.07 | best: 1576.72 | KL: 6.538e-03 | std: 0.5095 | rollout: 10.296s | update: 0.211s | total: 10.507s | samples/s: 6023
Iteration 1089 | train reward: 1556.26 | best: 1576.72 | KL: 5.354e-03 | std: 0.5078 | rollout: 10.288s | update: 0.233s | total: 10.521s | samples/s: 5997
Iteration 1090 | train reward: 1564.44 | best: 1576.72 | KL: 6.444e-03 | std: 0.5097 | rollout: 8.781s | update: 0.208s | total: 8.989s | samples/s: 7039
Iteration 1091 | train reward: 1564.89 | best: 1576.72 | KL: 6.760e-03 | std: 0.5104 | rollout: 8.132s | update: 0.272s | total: 8.404s | samples/s: 7537
Iteration 1092 | train reward: 1558.66 | best: 1576.72 | KL: 5.504e-03 | std: 0.5102 | rollout: 8.222s | update: 0.191s | total: 8.413s | samples/s: 7516
Iteration 1093 | train reward: 1574.26 | best: 1576.72 | KL: 5.214e-03 | std: 0.5104 | rollout: 8.580s | update: 0.210s | total: 8.790s | samples/s: 7253
Iteration 1094 | train reward: 1566.19 | best: 1576.72 | KL: 6.147e-03 | std: 0.5097 | rollout: 9.286s | update: 0.556s | total: 9.842s | samples/s: 6449
Iteration 1095 | train reward: 1561.71 | best: 1576.72 | KL: 5.753e-03 | std: 0.5102 | rollout: 8.114s | update: 0.195s | total: 8.309s | samples/s: 7593
Iteration 1096 | train reward: 1555.17 | best: 1576.72 | KL: 4.839e-03 | std: 0.5102 | rollout: 8.427s | update: 0.198s | total: 8.625s | samples/s: 7298
Iteration 1097 | train reward: 1552.79 | best: 1576.72 | KL: 5.629e-03 | std: 0.5121 | rollout: 8.360s | update: 0.194s | total: 8.554s | samples/s: 7323
Iteration 1098 | train reward: 1552.93 | best: 1576.72 | KL: 5.848e-03 | std: 0.5122 | rollout: 8.889s | update: 0.505s | total: 9.395s | samples/s: 6685
Iteration 1099 | train reward: 1563.34 | best: 1576.72 | KL: 6.274e-03 | std: 0.5123 | rollout: 8.378s | update: 0.192s | total: 8.569s | samples/s: 7382
Iteration 1100 | train reward: 1560.95 | best: 1576.72 | KL: 5.165e-03 | std: 0.5137 | rollout: 8.442s | update: 0.210s | total: 8.652s | samples/s: 7303
Iteration 1101 | train reward: 1552.17 | best: 1576.72 | KL: 5.582e-03 | std: 0.5139 | rollout: 8.156s | update: 0.192s | total: 8.348s | samples/s: 7518
Iteration 1102 | train reward: 1562.75 | best: 1576.72 | KL: 4.663e-03 | std: 0.5123 | rollout: 8.779s | update: 0.293s | total: 9.072s | samples/s: 6966
Iteration 1103 | train reward: 1548.19 | best: 1576.72 | KL: 6.240e-03 | std: 0.5104 | rollout: 8.616s | update: 0.190s | total: 8.807s | samples/s: 7108
Iteration 1104 | train reward: 1560.01 | best: 1576.72 | KL: 6.155e-03 | std: 0.5079 | rollout: 8.338s | update: 0.200s | total: 8.538s | samples/s: 7369
Iteration 1105 | train reward: 1548.96 | best: 1576.72 | KL: 6.255e-03 | std: 0.5070 | rollout: 8.665s | update: 0.255s | total: 8.920s | samples/s: 7030
Iteration 1106 | train reward: 1560.18 | best: 1576.72 | KL: 5.276e-03 | std: 0.5052 | rollout: 8.963s | update: 0.252s | total: 9.216s | samples/s: 6850
Iteration 1107 | train reward: 1542.06 | best: 1576.72 | KL: 7.520e-03 | std: 0.5050 | rollout: 8.961s | update: 0.246s | total: 9.206s | samples/s: 6782
Iteration 1108 | train reward: 1561.30 | best: 1576.72 | KL: 5.539e-03 | std: 0.5054 | rollout: 8.582s | update: 0.281s | total: 8.863s | samples/s: 7141
Iteration 1109 | train reward: 1549.63 | best: 1576.72 | KL: 5.949e-03 | std: 0.5045 | rollout: 8.228s | update: 0.228s | total: 8.456s | samples/s: 7407
Iteration 1110 | train reward: 1555.67 | best: 1576.72 | KL: 5.964e-03 | std: 0.5026 | rollout: 9.034s | update: 0.497s | total: 9.531s | samples/s: 6601
Iteration 1111 | train reward: 1565.56 | best: 1576.72 | KL: 5.619e-03 | std: 0.5026 | rollout: 8.640s | update: 0.191s | total: 8.831s | samples/s: 7174
Iteration 1112 | train reward: 1571.36 | best: 1576.72 | KL: 4.438e-03 | std: 0.5025 | rollout: 8.585s | update: 0.213s | total: 8.798s | samples/s: 7214
Iteration 1113 | train reward: 1552.24 | best: 1576.72 | KL: 6.882e-03 | std: 0.5026 | rollout: 8.633s | update: 0.207s | total: 8.840s | samples/s: 7082
Iteration 1114 | train reward: 1564.39 | best: 1576.72 | KL: 5.327e-03 | std: 0.5033 | rollout: 8.919s | update: 0.597s | total: 9.517s | samples/s: 6650
Iteration 1115 | train reward: 1558.47 | best: 1576.72 | KL: 6.087e-03 | std: 0.5052 | rollout: 8.906s | update: 0.456s | total: 9.362s | samples/s: 6724
Iteration 1116 | train reward: 1563.21 | best: 1576.72 | KL: 5.132e-03 | std: 0.5080 | rollout: 8.303s | update: 0.257s | total: 8.560s | samples/s: 7361
Iteration 1117 | train reward: 1569.01 | best: 1576.72 | KL: 5.380e-03 | std: 0.5086 | rollout: 8.467s | update: 0.209s | total: 8.676s | samples/s: 7281
Iteration 1118 | train reward: 1575.78 | best: 1576.72 | KL: 6.076e-03 | std: 0.5078 | rollout: 8.887s | update: 0.430s | total: 9.317s | samples/s: 6821
Iteration 1119 | train reward: 1541.50 | best: 1576.72 | KL: 5.942e-03 | std: 0.5071 | rollout: 9.167s | update: 0.200s | total: 9.366s | samples/s: 6633
Iteration 1120 | train reward: 1551.62 | best: 1576.72 | KL: 4.288e-03 | std: 0.5054 | rollout: 8.484s | update: 0.204s | total: 8.688s | samples/s: 7214
Iteration 1121 | train reward: 1565.04 | best: 1576.72 | KL: 5.459e-03 | std: 0.5085 | rollout: 8.209s | update: 0.199s | total: 8.408s | samples/s: 7509
Iteration 1122 | train reward: 1558.74 | best: 1576.72 | KL: 6.307e-03 | std: 0.5087 | rollout: 8.575s | update: 0.211s | total: 8.786s | samples/s: 7147
Iteration 1123 | train reward: 1541.85 | best: 1576.72 | KL: 5.343e-03 | std: 0.5087 | rollout: 8.833s | update: 0.206s | total: 9.039s | samples/s: 6887
Iteration 1124 | train reward: 1564.65 | best: 1576.72 | KL: 5.290e-03 | std: 0.5106 | rollout: 8.560s | update: 0.200s | total: 8.760s | samples/s: 7209
Iteration 1125 | train reward: 1554.88 | best: 1576.72 | KL: 4.983e-03 | std: 0.5098 | rollout: 8.389s | update: 0.205s | total: 8.594s | samples/s: 7321
Iteration 1126 | train reward: 1542.36 | best: 1576.72 | KL: 5.721e-03 | std: 0.5097 | rollout: 8.567s | update: 0.294s | total: 8.861s | samples/s: 7026
Iteration 1127 | train reward: 1551.87 | best: 1576.72 | KL: 6.461e-03 | std: 0.5113 | rollout: 9.095s | update: 0.187s | total: 9.282s | samples/s: 6762
Iteration 1128 | train reward: 1556.79 | best: 1576.72 | KL: 5.255e-03 | std: 0.5102 | rollout: 8.113s | update: 0.193s | total: 8.306s | samples/s: 7571
Iteration 1129 | train reward: 1553.46 | best: 1576.72 | KL: 5.809e-03 | std: 0.5121 | rollout: 8.245s | update: 0.200s | total: 8.445s | samples/s: 7433
Iteration 1130 | train reward: 1572.46 | best: 1576.72 | KL: 4.773e-03 | std: 0.5122 | rollout: 9.019s | update: 0.467s | total: 9.486s | samples/s: 6695
Iteration 1131 | train reward: 1570.99 | best: 1576.72 | KL: 5.713e-03 | std: 0.5131 | rollout: 10.323s | update: 0.455s | total: 10.779s | samples/s: 5870
Iteration 1132 | train reward: 1577.70 | best: 1577.70 | KL: 5.325e-03 | std: 0.5154 | rollout: 8.604s | update: 0.218s | total: 8.823s | samples/s: 7171
Iteration 1133 | train reward: 1559.50 | best: 1577.70 | KL: 5.894e-03 | std: 0.5165 | rollout: 8.224s | update: 0.198s | total: 8.421s | samples/s: 7449
Iteration 1134 | train reward: 1567.65 | best: 1577.70 | KL: 6.602e-03 | std: 0.5182 | rollout: 8.519s | update: 0.195s | total: 8.714s | samples/s: 7236
Iteration 1135 | train reward: 1547.18 | best: 1577.70 | KL: 5.878e-03 | std: 0.5165 | rollout: 8.917s | update: 0.194s | total: 9.110s | samples/s: 6846
Iteration 1136 | train reward: 1571.03 | best: 1577.70 | KL: 7.082e-03 | std: 0.5164 | rollout: 8.180s | update: 0.227s | total: 8.407s | samples/s: 7514
Iteration 1137 | train reward: 1551.51 | best: 1577.70 | KL: 6.181e-03 | std: 0.5180 | rollout: 8.466s | update: 0.207s | total: 8.672s | samples/s: 7207
Iteration 1138 | train reward: 1544.28 | best: 1577.70 | KL: 5.960e-03 | std: 0.5202 | rollout: 8.461s | update: 0.197s | total: 8.658s | samples/s: 7185
Iteration 1139 | train reward: 1555.59 | best: 1577.70 | KL: 6.247e-03 | std: 0.5184 | rollout: 8.762s | update: 0.194s | total: 8.956s | samples/s: 7015
Iteration 1140 | train reward: 1552.98 | best: 1577.70 | KL: 6.329e-03 | std: 0.5210 | rollout: 8.399s | update: 0.187s | total: 8.585s | samples/s: 7275
Iteration 1141 | train reward: 1546.90 | best: 1577.70 | KL: 5.288e-03 | std: 0.5201 | rollout: 8.670s | update: 0.286s | total: 8.956s | samples/s: 6942
Iteration 1142 | train reward: 1560.36 | best: 1577.70 | KL: 6.518e-03 | std: 0.5209 | rollout: 8.523s | update: 0.200s | total: 8.724s | samples/s: 7200
Iteration 1143 | train reward: 1547.72 | best: 1577.70 | KL: 5.804e-03 | std: 0.5234 | rollout: 8.812s | update: 0.196s | total: 9.008s | samples/s: 6903
Iteration 1144 | train reward: 1583.16 | best: 1583.16 | KL: 6.815e-03 | std: 0.5252 | rollout: 8.387s | update: 0.207s | total: 8.594s | samples/s: 7387
Iteration 1145 | train reward: 1551.30 | best: 1583.16 | KL: 7.165e-03 | std: 0.5259 | rollout: 8.342s | update: 0.201s | total: 8.543s | samples/s: 7301
Iteration 1146 | train reward: 1549.61 | best: 1583.16 | KL: 5.578e-03 | std: 0.5258 | rollout: 8.246s | update: 0.190s | total: 8.436s | samples/s: 7368
Iteration 1147 | train reward: 1558.59 | best: 1583.16 | KL: 6.010e-03 | std: 0.5260 | rollout: 9.158s | update: 0.666s | total: 9.824s | samples/s: 6366
Iteration 1148 | train reward: 1568.51 | best: 1583.16 | KL: 6.077e-03 | std: 0.5254 | rollout: 8.481s | update: 0.230s | total: 8.711s | samples/s: 7200
Iteration 1149 | train reward: 1535.70 | best: 1583.16 | KL: 6.173e-03 | std: 0.5286 | rollout: 8.353s | update: 0.199s | total: 8.551s | samples/s: 7221
Iteration 1150 | train reward: 1555.93 | best: 1583.16 | KL: 5.260e-03 | std: 0.5293 | rollout: 8.504s | update: 0.197s | total: 8.701s | samples/s: 7152
Iteration 1151 | train reward: 1565.82 | best: 1583.16 | KL: 5.665e-03 | std: 0.5285 | rollout: 8.829s | update: 0.445s | total: 9.274s | samples/s: 6744
Iteration 1152 | train reward: 1524.96 | best: 1583.16 | KL: 6.075e-03 | std: 0.5286 | rollout: 8.744s | update: 0.353s | total: 9.097s | samples/s: 6716
Iteration 1153 | train reward: 1572.75 | best: 1583.16 | KL: 7.270e-03 | std: 0.5261 | rollout: 8.690s | update: 0.195s | total: 8.885s | samples/s: 7082
Iteration 1154 | train reward: 1567.36 | best: 1583.16 | KL: 5.277e-03 | std: 0.5262 | rollout: 8.924s | update: 0.214s | total: 9.138s | samples/s: 6865
Iteration 1155 | train reward: 1553.24 | best: 1583.16 | KL: 6.958e-03 | std: 0.5286 | rollout: 8.838s | update: 0.307s | total: 9.145s | samples/s: 6787
Iteration 1156 | train reward: 1546.12 | best: 1583.16 | KL: 5.090e-03 | std: 0.5286 | rollout: 8.189s | update: 0.204s | total: 8.393s | samples/s: 7387
Iteration 1157 | train reward: 1564.42 | best: 1583.16 | KL: 5.668e-03 | std: 0.5260 | rollout: 8.220s | update: 0.212s | total: 8.432s | samples/s: 7411
Iteration 1158 | train reward: 1564.86 | best: 1583.16 | KL: 6.402e-03 | std: 0.5254 | rollout: 8.287s | update: 0.356s | total: 8.642s | samples/s: 7254
Iteration 1159 | train reward: 1563.46 | best: 1583.16 | KL: 5.813e-03 | std: 0.5260 | rollout: 8.926s | update: 0.278s | total: 9.204s | samples/s: 6801
Iteration 1160 | train reward: 1526.36 | best: 1583.16 | KL: 6.488e-03 | std: 0.5269 | rollout: 8.277s | update: 0.196s | total: 8.472s | samples/s: 7227
Iteration 1161 | train reward: 1564.72 | best: 1583.16 | KL: 6.155e-03 | std: 0.5261 | rollout: 8.494s | update: 0.246s | total: 8.740s | samples/s: 7164
Iteration 1162 | train reward: 1551.22 | best: 1583.16 | KL: 6.186e-03 | std: 0.5263 | rollout: 8.213s | update: 0.193s | total: 8.406s | samples/s: 7357
Iteration 1163 | train reward: 1553.49 | best: 1583.16 | KL: 5.676e-03 | std: 0.5286 | rollout: 8.852s | update: 0.410s | total: 9.262s | samples/s: 6718
Iteration 1164 | train reward: 1536.00 | best: 1583.16 | KL: 6.561e-03 | std: 0.5287 | rollout: 8.418s | update: 0.198s | total: 8.616s | samples/s: 7120
Iteration 1165 | train reward: 1526.17 | best: 1583.16 | KL: 6.220e-03 | std: 0.5286 | rollout: 8.327s | update: 0.192s | total: 8.519s | samples/s: 7155
Iteration 1166 | train reward: 1544.91 | best: 1583.16 | KL: 5.297e-03 | std: 0.5261 | rollout: 8.405s | update: 0.272s | total: 8.677s | samples/s: 7121
Iteration 1167 | train reward: 1533.90 | best: 1583.16 | KL: 6.985e-03 | std: 0.5262 | rollout: 8.637s | update: 0.325s | total: 8.963s | samples/s: 6865
Iteration 1168 | train reward: 1539.38 | best: 1583.16 | KL: 6.319e-03 | std: 0.5263 | rollout: 9.229s | update: 0.230s | total: 9.458s | samples/s: 6525
Iteration 1169 | train reward: 1541.35 | best: 1583.16 | KL: 6.531e-03 | std: 0.5285 | rollout: 8.208s | update: 0.191s | total: 8.399s | samples/s: 7350
Iteration 1170 | train reward: 1557.02 | best: 1583.16 | KL: 6.065e-03 | std: 0.5295 | rollout: 8.237s | update: 0.372s | total: 8.609s | samples/s: 7258
Iteration 1171 | train reward: 1566.18 | best: 1583.16 | KL: 6.535e-03 | std: 0.5319 | rollout: 8.457s | update: 0.352s | total: 8.809s | samples/s: 7128
Iteration 1172 | train reward: 1536.81 | best: 1583.16 | KL: 5.745e-03 | std: 0.5330 | rollout: 8.570s | update: 0.201s | total: 8.771s | samples/s: 7038
Iteration 1173 | train reward: 1553.94 | best: 1583.16 | KL: 5.862e-03 | std: 0.5319 | rollout: 8.212s | update: 0.217s | total: 8.429s | samples/s: 7394
Iteration 1174 | train reward: 1553.72 | best: 1583.16 | KL: 6.564e-03 | std: 0.5312 | rollout: 8.277s | update: 0.255s | total: 8.532s | samples/s: 7309
Iteration 1175 | train reward: 1536.86 | best: 1583.16 | KL: 5.359e-03 | std: 0.5319 | rollout: 8.626s | update: 0.180s | total: 8.806s | samples/s: 7027
Iteration 1176 | train reward: 1573.99 | best: 1583.16 | KL: 4.663e-03 | std: 0.5330 | rollout: 8.789s | update: 0.207s | total: 8.996s | samples/s: 7037
Iteration 1177 | train reward: 1559.97 | best: 1583.16 | KL: 5.833e-03 | std: 0.5312 | rollout: 8.354s | update: 0.197s | total: 8.551s | samples/s: 7315
Iteration 1178 | train reward: 1573.82 | best: 1583.16 | KL: 5.746e-03 | std: 0.5331 | rollout: 8.460s | update: 0.204s | total: 8.664s | samples/s: 7294
Iteration 1179 | train reward: 1552.51 | best: 1583.16 | KL: 5.163e-03 | std: 0.5331 | rollout: 8.202s | update: 0.205s | total: 8.408s | samples/s: 7420
Iteration 1180 | train reward: 1552.15 | best: 1583.16 | KL: 6.252e-03 | std: 0.5312 | rollout: 8.789s | update: 0.193s | total: 8.982s | samples/s: 6943
Iteration 1181 | train reward: 1574.19 | best: 1583.16 | KL: 5.544e-03 | std: 0.5313 | rollout: 8.361s | update: 0.185s | total: 8.545s | samples/s: 7397
Iteration 1182 | train reward: 1572.73 | best: 1583.16 | KL: 6.143e-03 | std: 0.5331 | rollout: 8.212s | update: 0.201s | total: 8.413s | samples/s: 7506
Iteration 1183 | train reward: 1557.48 | best: 1583.16 | KL: 5.821e-03 | std: 0.5330 | rollout: 8.321s | update: 0.228s | total: 8.548s | samples/s: 7301
Iteration 1184 | train reward: 1535.54 | best: 1583.16 | KL: 5.871e-03 | std: 0.5338 | rollout: 8.947s | update: 0.254s | total: 9.201s | samples/s: 6689
Iteration 1185 | train reward: 1553.66 | best: 1583.16 | KL: 6.123e-03 | std: 0.5337 | rollout: 8.371s | update: 0.192s | total: 8.563s | samples/s: 7297
Iteration 1186 | train reward: 1518.51 | best: 1583.16 | KL: 5.462e-03 | std: 0.5346 | rollout: 8.393s | update: 0.213s | total: 8.606s | samples/s: 7062
Iteration 1187 | train reward: 1553.77 | best: 1583.16 | KL: 5.449e-03 | std: 0.5358 | rollout: 8.599s | update: 0.196s | total: 8.795s | samples/s: 7066
Iteration 1188 | train reward: 1543.04 | best: 1583.16 | KL: 5.631e-03 | std: 0.5347 | rollout: 8.983s | update: 0.569s | total: 9.552s | samples/s: 6485
Iteration 1189 | train reward: 1525.84 | best: 1583.16 | KL: 5.654e-03 | std: 0.5356 | rollout: 8.473s | update: 0.195s | total: 8.667s | samples/s: 7046
Iteration 1190 | train reward: 1515.26 | best: 1583.16 | KL: 6.887e-03 | std: 0.5339 | rollout: 8.290s | update: 0.200s | total: 8.489s | samples/s: 7141
Iteration 1191 | train reward: 1573.33 | best: 1583.16 | KL: 5.701e-03 | std: 0.5341 | rollout: 8.411s | update: 0.189s | total: 8.600s | samples/s: 7329
Iteration 1192 | train reward: 1566.68 | best: 1583.16 | KL: 6.342e-03 | std: 0.5357 | rollout: 8.539s | update: 0.388s | total: 8.927s | samples/s: 7034
Iteration 1193 | train reward: 1558.17 | best: 1583.16 | KL: 5.296e-03 | std: 0.5364 | rollout: 6.893s | update: 0.203s | total: 7.097s | samples/s: 8813
Iteration 1194 | train reward: 1549.73 | best: 1583.16 | KL: 4.756e-03 | std: 0.5366 | rollout: 6.394s | update: 0.181s | total: 6.575s | samples/s: 9479
Iteration 1195 | train reward: 1549.48 | best: 1583.16 | KL: 5.133e-03 | std: 0.5358 | rollout: 6.389s | update: 0.183s | total: 6.572s | samples/s: 9490
Iteration 1196 | train reward: 1567.47 | best: 1583.16 | KL: 5.667e-03 | std: 0.5347 | rollout: 6.546s | update: 0.245s | total: 6.791s | samples/s: 9272
Iteration 1197 | train reward: 1545.51 | best: 1583.16 | KL: 5.050e-03 | std: 0.5372 | rollout: 6.733s | update: 0.264s | total: 6.997s | samples/s: 8843
Iteration 1198 | train reward: 1569.81 | best: 1583.16 | KL: 5.061e-03 | std: 0.5393 | rollout: 6.904s | update: 0.185s | total: 7.088s | samples/s: 8870
Iteration 1199 | train reward: 1578.28 | best: 1583.16 | KL: 5.621e-03 | std: 0.5366 | rollout: 6.491s | update: 0.185s | total: 6.676s | samples/s: 9496
training time 11410.63s
