method,seed,update,true_environment_steps_before_update,beta,barrier_active,reward_gradient_norm,barrier_gradient_norm,regularizer_gradient_norm,total_gradient_norm,naturalized_reward_norm,naturalized_barrier_norm,euclidean_barrier_to_reward_ratio,natural_barrier_to_reward_ratio,euclidean_cosine,euclidean_cosine_defined,natural_cosine,natural_cosine_defined,realized_kl,damping,valid,invalid_reason,target_kl,predicted_kl,scale_factor,gradient_norm,natural_direction_norm,quadratic_form,solve_residual,fisher_condition_number,damped_condition_number
npg_logbarrier_handoff,614,0,0,546.4135158976487,True,210.6998748779297,0.11352179944515228,62.029850006103516,178.93569946289062,3461.287109375,153.87017822265625,0.2943990832554642,0.044454612795885744,-0.6206791996955872,True,0.21048249304294586,True,0.0008227251237258315,0.01,True,,0.001,0.0009999999310821295,0.0001089284269255586,178.93569946289062,3496.911376953125,168557.28125,4.407674714457244e-05,3164977152.0,82.78238677978516
npg_logbarrier_handoff,614,1,4000,546.4135158976487,True,369.5231628417969,0.11731184273958206,64.10077667236328,334.9682312011719,3493.99560546875,127.26036834716797,0.17346890024268005,0.036422589698734,-0.6006020307540894,True,-0.03975949436426163,True,0.0010097689228132367,0.01,True,,0.001,0.0009999999310821295,7.238232501549646e-05,334.9682312011719,3491.252685546875,381737.59375,8.381339284824207e-05,819609536.0,80.80354309082031
npg_logbarrier_handoff,614,2,8000,546.4135158976487,True,257.44122314453125,0.13690118491649628,74.80465698242188,258.84686279296875,3436.666015625,153.3791046142578,0.2905698476285806,0.044630203783815735,-0.12644267082214355,True,0.2374843806028366,True,0.0011814296012744308,0.01,True,,0.001,0.0010000000474974513,8.993060328066349e-05,258.84686279296875,3476.28564453125,247294.796875,6.138584285508841e-05,298109600.0,82.64615631103516
npg_logbarrier_handoff,614,3,12000,546.4135158976487,True,211.49087524414062,0.12334782630205154,67.39891815185547,268.5367431640625,4085.015869140625,131.8226776123047,0.31868475684377195,0.032269807960387815,0.801198422908783,True,0.10181424021720886,True,0.001115098362788558,0.01,True,,0.001,0.0010000000474974513,9.428208431927487e-05,268.5367431640625,4100.5341796875,224994.375,0.00019072728173341602,610166208.0,78.07878112792969
npg_logbarrier_handoff,614,4,16000,546.4135158976487,True,335.3156433105469,0.10751883685588837,58.74974822998047,286.0287780761719,3681.47607421875,112.46834564208984,0.1752072991583348,0.030549796705104725,-0.8648769855499268,True,0.2516273260116577,True,0.0010873835999518633,0.01,True,,0.001,0.0010000000474974513,9.032643720274791e-05,286.0287780761719,3711.372314453125,245132.140625,0.00011927999003091827,1025079552.0,84.97084045410156
npg_logbarrier_handoff,614,5,20000,546.4135158976487,True,318.50335693359375,0.12779946625232697,69.83135986328125,340.6531066894531,3185.428955078125,137.2109832763672,0.21924842656474958,0.04307457024198551,0.21859417855739594,True,-0.18494051694869995,True,0.001078273868188262,0.01,True,,0.001,0.0009999999310821295,9.052582026924938e-05,340.6531066894531,3162.928466796875,244053.5,7.426676893373951e-05,1750693376.0,81.64381408691406
npg_logbarrier_handoff,614,6,23810,546.4135158976487,True,246.95591735839844,0.11485111713409424,62.75619888305664,305.8677978515625,4218.69287109375,154.5885467529297,0.2541190328797863,0.0366437072990456,0.9236517548561096,True,0.16760382056236267,True,0.0007833325653336942,0.01,True,,0.001,0.0010000001639127731,9.031301306094974e-05,305.8677978515625,4247.33740234375,245205.0,9.047929779626429e-05,4607812096.0,80.13731384277344
npg_logbarrier_handoff,614,7,27810,546.4135158976487,True,244.8700408935547,0.0937701016664505,51.23725128173828,264.6121826171875,3910.9765625,128.41195678710938,0.20924262966089502,0.032833732121632826,0.2962191700935364,True,-0.17681264877319336,True,0.0013990761945024133,0.01,True,,0.001,0.0009999998146668077,8.562570292269811e-05,264.6121826171875,3890.324951171875,272785.75,7.595524220960215e-05,1483337984.0,85.33238220214844
npg_logbarrier_handoff,614,8,31810,546.4135158976487,True,264.26751708984375,0.10665140300989151,58.27577209472656,312.7588806152344,3165.555419921875,190.3816680908203,0.22051810504926486,0.06014163166839103,0.7981854677200317,True,0.34986522793769836,True,0.000916927820071578,0.01,True,,0.001,0.0009999999310821295,8.868643635651097e-05,312.7588806152344,3237.080078125,254281.96875,0.00010175491479458287,11401708544.0,88.07462310791016
npg_logbarrier_handoff,614,9,35810,546.4135158976487,True,276.1307067871094,0.07787401229143143,42.55141067504883,259.2816467285156,3645.171875,151.24652099609375,0.1540988004201033,0.041492287931167514,-0.46093815565109253,True,0.14507919549942017,True,0.000975665810983628,0.01,True,,0.001,0.0010000001639127731,9.932475950336084e-05,259.2816467285156,3670.166259765625,202728.578125,7.091953739291057e-05,740939200.0,83.44953918457031
npg_logbarrier_handoff,614,10,39810,546.4135158976487,True,262.0317687988281,0.08134017139673233,44.445369720458984,245.57244873046875,3709.713134765625,143.06549072265625,0.16961824867343245,0.0385651088171525,-0.4435052275657654,True,0.1689586490392685,True,0.0006863207090646029,0.01,True,,0.001,0.0009999999310821295,8.827028796076775e-05,245.57244873046875,3736.547607421875,256685.25,8.449858432868496e-05,412585408.0,77.10366821289062
npg_logbarrier_handoff,614,11,43810,546.4135158976487,True,248.89266967773438,0.09672029316425323,52.84927749633789,213.57601928710938,2981.048095703125,139.36474609375,0.21233762153287603,0.04675025079086446,-0.727010190486908,True,0.24835777282714844,True,0.000994788482785225,0.01,True,,0.001,0.0010000001639127731,0.00011344576341798529,213.57601928710938,3018.679931640625,155400.875,4.63681026303675e-05,4470485504.0,78.36759185791016
npg_logbarrier_handoff,614,12,47810,546.4135158976487,True,377.7160339355469,0.10215642303228378,55.81965255737305,332.58416748046875,3764.54052734375,128.19500732421875,0.14778205726606264,0.03405329452374705,-0.83411705493927,True,0.3633808195590973,True,0.0006906393100507557,0.01,True,,0.001,0.0010000000474974513,7.663065480301157e-05,332.58416748046875,3812.994873046875,340584.5625,9.69335887930356e-05,678069568.0,79.12333679199219
npg_logbarrier_handoff,614,13,51810,546.4135158976487,True,169.4131622314453,0.11553493142127991,63.12984848022461,156.28515625,2825.5625,118.46464538574219,0.3726383927240506,0.04192603964192694,-0.38621440529823303,True,-0.1960594803094864,True,0.0011749904369935393,0.01,True,,0.001,0.0010000000474974513,0.00016048380348365754,156.28515625,2804.743896484375,77654.671875,4.8499870899831876e-05,62148358144.0,76.94609832763672
npg_logbarrier_handoff,614,14,55810,546.4135158976487,True,315.6976623535156,0.1249392032623291,68.26847076416016,282.525390625,4088.5283203125,160.51918029785156,0.2162463613294472,0.039260870347984415,-0.5685039758682251,True,0.13672293722629547,True,0.00079758046194911,0.01,True,,0.001,0.0010000001639127731,7.396972068818286e-05,282.525390625,4113.54931640625,365529.1875,7.432463462464511e-05,3447957760.0,77.98265075683594
npg_logbarrier_handoff,614,15,59810,546.4135158976487,True,163.67471313476562,0.13055972754955292,71.339599609375,166.99485778808594,1995.4752197265625,153.61529541015625,0.43586207205162947,0.0769818105940729,-0.17091919481754303,True,-0.0010083887027576566,True,0.0008757462492212653,0.01,True,,0.001,0.0010000000474974513,0.00014474759518634528,166.99485778808594,2001.2247314453125,95456.890625,5.296574818203226e-05,1587964544.0,75.85594177246094
npg_logbarrier_handoff,614,16,63810,546.4135158976487,True,208.668701171875,0.12736383080482483,69.59331512451172,211.3253631591797,3445.293701171875,157.67257690429688,0.3335110379931368,0.04576462577070467,-0.12833848595619202,True,-0.09459492564201355,True,0.001235057134181261,0.01,True,,0.001,0.0009999999310821295,9.295210475102067e-05,211.3253631591797,3433.9677734375,231478.984375,7.723735325271264e-05,6946196480.0,73.92642974853516
npg_logbarrier_handoff,614,17,67810,546.4135158976487,True,238.2353515625,0.13182590901851654,72.03145599365234,228.4544219970703,4636.64013671875,206.28135681152344,0.30235418682082205,0.0444894041221634,-0.28417661786079407,True,-0.36774033308029175,True,0.0011995909735560417,0.01,True,,0.001,0.0010000001639127731,9.301851241616532e-05,228.4544219970703,4564.81494140625,231148.59375,0.00014598855341318995,742789376.0,71.39814758300781
npg_logbarrier_handoff,614,18,71810,546.4135158976487,True,235.5984649658203,0.14497123658657074,79.21424102783203,255.08148193359375,4825.42236328125,270.2828674316406,0.33622562455712146,0.05601227148287396,0.08801010251045227,True,-0.1529734581708908,True,0.001196689554490149,0.01,True,,0.001,0.0010000000474974513,8.311030978802592e-05,255.08148193359375,4791.5263671875,289547.75,0.00010651365300873294,1376063488.0,73.79449462890625
npg_logbarrier_handoff,614,19,75654,546.4135158976487,True,359.6112365722656,0.1276175081729889,69.73193359375,353.2329406738281,4609.18115234375,251.03627014160156,0.19390921779424716,0.054464396569432,-0.18761220574378967,True,-0.024212848395109177,True,0.0009907686617225409,0.01,True,,0.001,0.0009999999310821295,6.4485939219594e-05,353.2329406738281,4609.939453125,480950.0,9.829268674366176e-05,1029930688.0,69.96723937988281
npg_logbarrier_handoff,614,20,79654,546.4135158976487,True,473.8821716308594,0.1361556202173233,74.39727020263672,459.7643127441406,4722.736328125,263.0766296386719,0.15699529262010317,0.05570428060359605,-0.26543405652046204,True,-0.06474307924509048,True,0.0011453143088147044,0.01,True,,0.001,0.0009999999310821295,5.8788456954061985e-05,459.7643127441406,4713.02099609375,578689.875,0.00011111034837085754,261750489088.0,72.45069122314453
npg_logbarrier_handoff,614,21,83365,546.4135158976487,True,307.7381286621094,0.14710268378257751,80.37889099121094,285.4682922363281,4835.0419921875,314.12078857421875,0.26119249941714384,0.06496754094003272,-0.39763209223747253,True,0.019268017262220383,True,0.0008933633798733354,0.01,True,,0.001,0.0010000001639127731,7.394699787255377e-05,285.4682922363281,4851.27099609375,365753.875,8.874499326338992e-05,4913583616.0,91.08255004882812
npg_logbarrier_handoff,614,22,87108,546.4135158976487,True,369.6263122558594,0.15949319303035736,87.14923858642578,437.07373046875,6653.125,299.5517578125,0.23577660923148816,0.04502421911695632,0.7266529202461243,True,0.1427399218082428,True,0.0008678152807988226,0.01,True,,0.001,0.0009999999310821295,5.037662049289793e-05,437.07373046875,6702.443359375,788083.0,0.0001952314778463915,3178928896.0,103.84162139892578
npg_logbarrier_handoff,614,23,90836,546.4135158976487,True,212.35757446289062,0.1293848305940628,70.69761657714844,206.56808471679688,4253.59033203125,243.22691345214844,0.33291780034671103,0.05718155592478,-0.24723340570926666,True,0.2398182898759842,True,0.0006038350402377546,0.01,True,,0.001,0.0010000001639127731,0.00010921803914243355,206.56808471679688,4318.380859375,167664.5625,6.12807270954363e-05,4073436160.0,68.4365463256836
npg_logbarrier_handoff,614,24,94575,546.4135158976487,True,265.35198974609375,0.1257253885269165,68.69805145263672,233.36318969726562,5082.87744140625,251.16848754882812,0.2588940505717388,0.049414625956304546,-0.5670232176780701,True,-0.2557007074356079,True,0.0012906482443213463,0.01,True,,0.001,0.0009999999310821295,9.046967898029834e-05,233.36318969726562,5024.5234375,244356.5,9.866983600659296e-05,1229008128.0,58.36527633666992
npg_logbarrier_handoff,614,25,98471,546.4135158976487,True,373.7469177246094,0.1611872911453247,88.07490539550781,349.6953125,4606.7392578125,318.8445739746094,0.2356538642023121,0.06921263742763076,-0.3821212351322174,True,-0.2579491138458252,True,0.0010410684626549482,0.01,True,,0.001,0.0009999999310821295,7.416067091980949e-05,349.6953125,4534.96923828125,363649.28125,0.0001108021242544055,80902578176.0,67.6279296875
npg_logbarrier_handoff,614,26,102023,546.4135158976487,True,255.6968536376953,0.17486190795898438,95.54691314697266,290.8514709472656,4580.9189453125,340.0455322265625,0.37367261969658805,0.07423085548687117,0.20638659596443176,True,-0.043792109936475754,True,0.0010616057552397251,0.01,True,,0.001,0.0010000003967434168,9.088588558370247e-05,290.8514709472656,4578.6484375,242123.609375,8.950249321060255e-05,300039798784.0,76.96817779541016
npg_logbarrier_handoff,614,27,104980,546.4135158976487,True,424.3806457519531,0.16530047357082367,90.32241821289062,453.1695251464844,5309.86181640625,316.9618835449219,0.21283350010660784,0.05969305690132701,0.22312882542610168,True,-0.10912665724754333,True,0.0012098696315661073,0.01,True,,0.001,0.0010000001639127731,6.905325426487252e-05,453.1695251464844,5284.67431640625,419432.1875,0.0001400387700414285,11996627968.0,83.65221405029297
npg_logbarrier_handoff,614,28,108267,546.4135158976487,True,391.0103759765625,0.15086627006530762,82.43537139892578,314.22235107421875,3643.260986328125,327.9425964355469,0.21082655720590654,0.09001347904149604,-0.9454420804977417,True,0.024837877601385117,True,0.0008767014369368553,0.01,True,,0.001,0.0010000000474974513,8.475572394672781e-05,314.22235107421875,3666.09619140625,278414.53125,7.398233719868585e-05,28055732224.0,84.67056274414062
npg_logbarrier_handoff,614,29,110960,546.4135158976487,True,362.5771179199219,0.17410880327224731,95.1353988647461,307.5257568359375,4691.2607421875,324.3150634765625,0.26238665972781416,0.06913174971496826,-0.6659262776374817,True,-0.049391698092222214,True,0.0010889607947319746,0.01,True,,0.001,0.0010000000474974513,6.565317016793415e-05,307.5257568359375,4686.4501953125,464000.6875,0.00010080708307214081,7953636352.0,81.16338348388672
npg_logbarrier_handoff,614,30,113890,546.4135158976487,True,475.4915466308594,0.17503149807453156,95.63957977294922,482.86175537109375,6151.66064453125,300.5570373535156,0.20113833873727632,0.04885787021114487,-0.022909194231033325,True,0.0140495290979743,True,0.0008383012027479708,0.01,True,,0.001,0.0009999999310821295,5.94548400840722e-05,482.86175537109375,6163.2158203125,565790.375,8.92124226083979e-05,787374272.0,83.55964660644531
npg_logbarrier_handoff,614,31,116910,546.4135158976487,True,421.86981201171875,0.1593766212463379,87.08554077148438,380.8873291015625,4737.21240234375,324.47283935546875,0.20642752406532777,0.06849446716700625,-0.5509558320045471,True,-0.0589294508099556,True,0.0008092233329080045,0.01,True,,0.001,0.0009999999310821295,6.707953434670344e-05,380.8873291015625,4729.19677734375,444477.625,0.00010274169471813366,4437554688.0,75.53916931152344
npg_logbarrier_handoff,614,32,119421,546.4135158976487,True,202.28062438964844,0.180719256401062,98.74745178222656,212.2178497314453,4941.35205078125,348.4228210449219,0.4881705901402185,0.07051163678771576,-0.14098067581653595,True,0.03524808958172798,True,0.0009490762604400516,0.01,True,,0.001,0.0009999998146668077,9.186250827042386e-05,212.2178497314453,4965.85595703125,237002.78125,8.221362804761156e-05,2174774016.0,72.09274291992188
npg_logbarrier_handoff,614,33,121939,546.4135158976487,True,293.6526794433594,0.15058164298534393,82.27984619140625,254.07327270507812,4117.099609375,299.02349853515625,0.28019443359881424,0.0726296487591054,-0.5887136459350586,True,0.04665912315249443,True,0.0012137307785451412,0.01,True,,0.001,0.0010000000474974513,8.864131814334542e-05,254.07327270507812,4141.8369140625,254540.9375,8.104222797555849e-05,15977498624.0,68.76121520996094
npg_logbarrier_handoff,614,34,124760,546.4135158976487,True,279.67041015625,0.1632900834083557,89.22390747070312,331.9950256347656,4119.10205078125,302.4674377441406,0.31903234747234904,0.07343043071408563,0.48178547620773315,True,-0.08617526292800903,True,0.0010824622586369514,0.01,True,,0.001,0.0009999999310821295,8.312892896356061e-05,331.9950256347656,4104.115234375,289418.0625,7.277012628037483e-05,1309429632.0,74.13262176513672
npg_logbarrier_handoff,614,35,127035,546.4135158976487,True,121.52546691894531,0.15371929109096527,83.99429321289062,129.4300537109375,3747.2919921875,297.1072998046875,0.6911661838659126,0.07928586841487355,-0.2484138011932373,True,-0.03513580560684204,True,0.0009574485593475401,0.01,True,,0.001,0.0010000001639127731,0.0001143932095146738,129.4300537109375,3748.63134765625,152837.359375,7.191587064880878e-05,535996224.0,77.23764038085938
npg_logbarrier_handoff,614,36,129668,546.4135158976487,True,517.8258666992188,0.16029265522956848,87.5860824584961,490.9607849121094,5160.45556640625,301.6341857910156,0.16914196082323332,0.05845107702401441,-0.3833422362804413,True,0.10516822338104248,True,0.0009092743275687099,0.01,True,,0.001,0.0010000000474974513,5.5687261919956654e-05,490.9607849121094,5200.8359375,644938.5,0.00012840001727454364,545888192.0,71.51716613769531
npg_logbarrier_handoff,614,37,132508,546.4135158976487,True,385.5910949707031,0.17038550972938538,93.10093688964844,318.9496765136719,3254.343994140625,260.3002624511719,0.2414499144403793,0.0799854787692502,-0.7746667861938477,True,-0.10998570919036865,True,0.0010563377290964127,0.01,True,,0.001,0.0009999999310821295,8.681498002260923e-05,318.9496765136719,3236.07275390625,265363.15625,6.271059828577563e-05,614428352.0,69.87506866455078
npg_logbarrier_handoff,614,38,135355,546.4135158976487,True,386.5257568359375,0.18366804718971252,100.35870361328125,380.0166015625,4363.2490234375,277.7398376464844,0.25964299102550864,0.0636543631029504,-0.1941343992948532,True,0.10706299543380737,True,0.0009134085848927498,0.01,True,,0.001,0.0010000000474974513,7.016376912361011e-05,380.0166015625,4401.6552734375,406260.125,5.877682997379452e-05,827199680.0,65.85890197753906
npg_logbarrier_handoff,614,39,137785,546.4135158976487,True,176.61318969726562,0.18160183727741241,99.22969818115234,113.497802734375,3518.3076171875,261.07293701171875,0.5618476080480904,0.07420412465821219,-0.8033255934715271,True,-0.29820406436920166,True,0.0014208194334059954,0.01,True,,0.001,0.0009999999310821295,0.00013311176735442132,113.497802734375,3449.46728515625,112874.828125,7.423821080010384e-05,2508212736.0,70.65376281738281
npg_logbarrier_handoff,614,40,140440,546.4135158976487,True,445.03564453125,0.19365909695625305,105.81794738769531,346.7354431152344,3566.005126953125,303.65533447265625,0.23777409447540301,0.08515280367308563,-0.9452481269836426,True,-0.3119506239891052,True,0.0009281890816055238,0.01,True,,0.001,0.0010000000474974513,8.469499152852222e-05,346.7354431152344,3483.24658203125,278813.96875,0.00012269684521015733,503663776.0,78.69039916992188
npg_logbarrier_handoff,614,41,142671,546.4135158976487,True,274.82281494140625,0.240957573056221,131.6624755859375,279.93988037109375,4109.88037109375,330.6446228027344,0.47908131504296203,0.08045115500886,-0.20031382143497467,True,-0.26295793056488037,True,0.001105730072595179,0.01,True,,0.001,0.0009999999310821295,8.930236799642444e-05,279.93988037109375,4035.5634765625,250786.46875,0.00018850626656785607,602257344.0,82.27202606201172
npg_logbarrier_handoff,614,42,144916,546.4135158976487,True,274.3177490234375,0.23395133018493652,127.83416748046875,198.09420776367188,3554.018798828125,380.5181579589844,0.4660076423620212,0.10706700766030093,-0.7464313507080078,True,0.09826651960611343,True,0.0007830321555957198,0.01,True,,0.001,0.0009999999310821295,9.38250741455704e-05,198.09420776367188,3611.31982421875,227191.5625,6.744292477378622e-05,9813842944.0,84.66677856445312
npg_logbarrier_handoff,614,43,146807,546.4135158976487,True,370.9356994628906,0.22942602634429932,125.36148834228516,318.8890380859375,4041.478515625,313.72198486328125,0.33796016000564716,0.07762554808849832,-0.5550258755683899,True,-0.24224455654621124,True,0.0011336586903780699,0.01,True,,0.001,0.0009999998146668077,7.443670619977638e-05,318.8890380859375,3977.14599609375,360957.1875,8.587654156144708e-05,320865344.0,90.6082763671875
npg_logbarrier_handoff,614,44,149132,546.4135158976487,True,252.0518798828125,0.267707884311676,146.27919006347656,185.57208251953125,3439.126220703125,412.4960021972656,0.5803534975874282,0.11994209451054441,-0.684714138507843,True,-0.11045593023300171,True,0.0009875267278403044,0.01,True,,0.001,0.0009999999310821295,0.00010640697291819379,185.57208251953125,3418.23779296875,176640.3125,5.631260501104407e-05,231855488.0,96.08548736572266
npg_logbarrier_handoff,614,45,151364,546.4135158976487,True,334.9294738769531,0.2542155683040619,138.9068145751953,406.0028991699219,4117.4423828125,352.5086364746094,0.41473451997905414,0.08561349587940595,0.35858356952667236,True,-0.011995031498372555,True,0.0011835311306640506,0.01,True,,0.001,0.0009999999310821295,7.101728988345712e-05,406.0028991699219,4128.28955078125,396553.53125,8.673936099512503e-05,680128896.0,87.6426010131836
npg_logbarrier_handoff,614,46,153287,546.4135158976487,True,273.64031982421875,0.21780893206596375,119.01375579833984,211.34669494628906,4645.5087890625,353.59259033203125,0.43492770317909285,0.0761149330218766,-0.6813021898269653,True,-0.018940353766083717,True,0.0009118226589635015,0.01,True,,0.001,0.0009999999310821295,9.95888258330524e-05,211.34669494628906,4652.26416015625,201654.90625,8.775656897341833e-05,563076736.0,87.03282165527344
npg_logbarrier_handoff,614,47,155782,546.4135158976487,True,303.8265380859375,0.2328215092420578,127.2168197631836,233.32850646972656,4291.6171875,399.2528076171875,0.4187152990802938,0.09303085298010111,-0.6992228031158447,True,-0.15451224148273468,True,0.0009102000622078776,0.01,True,,0.001,0.0009999998146668077,7.603714766446501e-05,233.32850646972656,4248.2802734375,345922.15625,0.0001430767442798242,680467264.0,94.54229736328125
npg_logbarrier_handoff,614,48,157930,546.4135158976487,True,311.6498718261719,0.24097128212451935,131.66995239257812,247.87559509277344,4426.23828125,340.8495788574219,0.4224932024551556,0.07700660407310102,-0.6460387706756592,True,-0.3866567015647888,True,0.0013056116877123713,0.01,True,,0.001,0.0009999999310821295,7.365318015217781e-05,247.87559509277344,4305.9365234375,368677.8125,0.00010659130202839151,825064576.0,89.94012451171875
npg_logbarrier_handoff,614,49,160362,546.4135158976487,True,579.36572265625,0.23299530148506165,127.31177520751953,497.88140869140625,4761.88623046875,346.1177062988281,0.21974336801256764,0.07268500118381808,-0.7049005031585693,True,-0.26276761293411255,True,0.0010706878965720534,0.01,True,,0.001,0.0009999996982514858,6.79219447192736e-05,497.88140869140625,4682.86083984375,433520.625,0.00014963977446313947,1416337152.0,102.91056823730469
npg_logbarrier_handoff,614,50,162784,546.4135158976487,True,231.48487854003906,0.29401153326034546,160.65187072753906,188.92320251464844,3961.46875,357.8074645996094,0.6940058968031111,0.09032192027252756,-0.5875784754753113,True,-0.03845914080739021,True,0.0007959105423651636,0.01,True,,0.001,0.0009999999310821295,0.00010325975745217875,188.92320251464844,3963.86572265625,187571.921875,0.00014283288328442723,707053952.0,110.15147399902344
npg_logbarrier_handoff,614,51,164567,546.4135158976487,True,275.23779296875,0.24533796310424805,134.0559844970703,187.4382781982422,4817.5439453125,464.464599609375,0.4870551498437963,0.09641107686444707,-0.7940115928649902,True,-0.2303059995174408,True,0.001017470844089985,0.01,True,,0.001,0.0009999999310821295,8.559678099118173e-05,187.4382781982422,4732.20947265625,272970.125,9.182592475553975e-05,198319968.0,98.99930572509766
npg_logbarrier_handoff,614,52,166724,546.4135158976487,True,332.4397277832031,0.27840980887413025,152.1268768310547,228.68829345703125,4525.56982421875,402.08465576171875,0.45760739200900363,0.08884729909810433,-0.804385781288147,True,-0.22071541845798492,True,0.0009513373370282352,0.01,True,,0.001,0.0010000000474974513,8.246523793786764e-05,228.68829345703125,4454.1220703125,294095.375,8.7884342065081e-05,85897056.0,113.1208724975586
npg_logbarrier_handoff,614,53,168550,546.4135158976487,True,361.5989074707031,0.31388822197914124,171.5127716064453,225.98699951171875,4644.96728515625,439.11376953125,0.47431772625126456,0.09453538476675813,-0.87957364320755,True,-0.2386634647846222,True,0.0010346323251724243,0.01,True,,0.001,0.0010000000474974513,7.936950714793056e-05,225.98699951171875,4560.1474609375,317484.5625,0.00012755625357385725,492361280.0,128.52503967285156
npg_logbarrier_handoff,614,54,170269,546.4135158976487,True,301.9391174316406,0.354581743478775,193.74822998046875,192.8239288330078,4221.13232421875,410.3538818359375,0.641679791702821,0.09721417153438469,-0.7822587490081787,True,-0.28350284695625305,True,0.0010643663117662072,0.01,True,,0.001,0.0010000003967434168,8.449536107946187e-05,192.8239288330078,4123.615234375,280133.03125,0.00023137572861742228,474695616.0,133.69395446777344
npg_logbarrier_handoff,614,55,172191,546.4135158976487,True,299.6004638671875,0.36300477385520935,198.35069274902344,198.34214782714844,4089.73486328125,497.43157958984375,0.6620506863999784,0.12162929779529708,-0.7552576065063477,True,-0.2169542759656906,True,0.0010346097405999899,0.01,True,,0.001,0.0010000001639127731,8.12145444797352e-05,198.34214782714844,4011.31494140625,303223.1875,0.00014870829181745648,744188992.0,137.5985107421875
npg_logbarrier_handoff,614,56,173903,546.4135158976487,True,143.01727294921875,0.4954976439476013,270.74664306640625,312.448974609375,5713.95458984375,662.8698120117188,1.8931045004790468,0.11600893944623476,0.04992945119738579,True,-0.22414974868297577,True,0.0012674289755523205,0.01,True,,0.001,0.0010000000474974513,7.997002830961719e-05,312.448974609375,5602.7392578125,312734.28125,0.00015741937386337668,1091719936.0,141.74066162109375
npg_logbarrier_handoff,614,57,176267,546.4135158976487,True,482.5813293457031,0.3293282687664032,179.9494171142578,423.76458740234375,4779.8095703125,395.5026550292969,0.3728893062610568,0.08274443766249023,-0.4933781325817108,True,-0.04235111549496651,True,0.0007896643364802003,0.01,True,,0.001,0.0009999999310821295,6.399445555871353e-05,423.76458740234375,4779.4228515625,488365.90625,0.00016813726688269526,479027488.0,154.890869140625
npg_logbarrier_handoff,614,58,178652,546.4135158976487,True,347.1919250488281,0.3325260877609253,181.69677734375,267.995849609375,5017.8837890625,408.8937683105469,0.5233323825667796,0.08148729334900384,-0.647823691368103,True,-0.18536697328090668,True,0.0010642302222549915,0.01,True,,0.001,0.0010000000474974513,6.943240441614762e-05,267.995849609375,4958.39697265625,414863.8125,0.0004758960276376456,86181464.0,143.98939514160156
npg_logbarrier_handoff,614,59,180625,546.4135158976487,True,526.8540649414062,0.3122730255126953,170.63021850585938,400.3561706542969,5355.6923828125,471.8351745605469,0.3238661896341939,0.08809975271820342,-0.8142899870872498,True,-0.1483745127916336,True,0.0009285525884479284,0.01,True,,0.001,0.0009999999310821295,5.7545061281416565e-05,400.3561706542969,5306.240234375,603967.9375,0.00021355772332753986,83494048.0,157.0554962158203
npg_logbarrier_handoff,614,60,182838,546.4135158976487,True,546.0950317382812,0.35999274253845215,196.7049102783203,415.65850830078125,5785.50927734375,427.2257995605469,0.360202709869355,0.07384411277907332,-0.7640163898468018,True,-0.08615592122077942,True,0.0009482578607276082,0.01,True,,0.001,0.0009999999310821295,5.968100231257267e-05,415.65850830078125,5764.43896484375,561510.375,0.000261035340372473,135857120.0,155.5233154296875
npg_logbarrier_handoff,614,61,185226,546.4135158976487,True,272.8716125488281,0.32463935017585754,177.3873291015625,387.4444885253906,5525.89013671875,339.3342590332031,0.650076156492169,0.06140807193729305,0.4564506709575653,True,0.20370714366436005,True,0.0009660647483542562,0.01,True,,0.001,0.0009999996982514858,5.5087442888179794e-05,387.4444885253906,5604.86962890625,659059.6875,0.0004994194023311138,499920896.0,146.21925354003906
npg_logbarrier_handoff,614,62,187658,546.4135158976487,True,325.28204345703125,0.27850261330604553,152.17759704589844,226.39041137695312,4477.8466796875,386.5848388671875,0.46783276269598517,0.08633275467443349,-0.7849777936935425,True,-0.37753528356552124,True,0.0011306279338896275,0.01,True,,0.001,0.0009999999310821295,7.863606151659042e-05,226.39041137695312,4346.6630859375,323434.625,0.000278048770269379,2553064704.0,126.34840393066406
npg_logbarrier_handoff,614,63,189815,546.4135158976487,True,639.3806762695312,0.2743712067604065,149.92013549804688,594.1168212890625,5505.369140625,399.0169982910156,0.2344771136543513,0.07247779178813013,-0.4084709882736206,True,0.024191156029701233,True,0.0008966466411948204,0.01,True,,0.001,0.0009999999310821295,5.155963299330324e-05,594.1168212890625,5529.4287109375,752333.5,0.0007607611478306353,145404736.0,147.2258758544922
npg_logbarrier_handoff,614,64,191859,546.4135158976487,True,368.4332275390625,0.2747876048088074,150.1476593017578,240.1024932861328,5015.15283203125,423.68719482421875,0.4075301793615742,0.0844814124343676,-0.9096102714538574,True,-0.2365744411945343,True,0.0008749484550207853,0.01,True,,0.001,0.0010000001639127731,9.448332275496796e-05,240.1024932861328,4932.1279296875,224036.96875,0.00018271645240020007,241853616.0,144.90672302246094
npg_logbarrier_handoff,614,65,194126,546.4135158976487,True,333.33349609375,0.26299944519996643,143.70645141601562,317.8232727050781,5598.2236328125,428.54742431640625,0.43111914374065247,0.07655060826877108,-0.320978581905365,True,-0.23675070703029633,True,0.0010877455351874232,0.01,True,,0.001,0.0009999999310821295,5.508434333023615e-05,317.8232727050781,5512.5107421875,659133.875,0.00020581878197845072,279175264.0,130.3020477294922
npg_logbarrier_handoff,614,66,196248,546.4135158976487,True,390.68072509765625,0.2671066224575043,145.95066833496094,297.74383544921875,4630.0390625,462.1391296386719,0.37358041735608655,0.09981322476988753,-0.7478207349777222,True,-0.34663325548171997,True,0.0010648624738678336,0.01,True,,0.001,0.0010000001639127731,7.437501335516572e-05,297.74383544921875,4490.818359375,361556.25,0.00012176069139968604,142081536.0,141.25636291503906
npg_logbarrier_handoff,614,67,198523,546.4135158976487,True,377.7234191894531,0.3526952564716339,192.7174530029297,258.4193420410156,4719.08056640625,697.368896484375,0.5102078484211465,0.1477764337080277,-0.7764005064964294,True,-0.33649906516075134,True,0.000984801328741014,0.01,True,,0.001,0.0010000001639127731,7.399253081530333e-05,258.4193420410156,4532.2451171875,365303.84375,0.0001586657017469406,465929280.0,136.88719177246094
npg_logbarrier_handoff,614,68,200788,546.4135158976487,True,407.1041259765625,0.28149154782295227,153.810791015625,350.01904296875,7008.44140625,563.627197265625,0.37781683161933877,0.08042118990436198,-0.5340261459350586,True,-0.14522972702980042,True,0.0008733979193493724,0.01,True,,0.001,0.0009999999310821295,4.679531048168428e-05,350.01904296875,6948.99755859375,913325.0625,0.00017524308350402862,495120352.0,153.00253295898438
npg_logbarrier_handoff,614,69,203132,546.4135158976487,True,839.3674926757812,0.29178887605667114,159.4373779296875,697.3233642578125,5740.3955078125,695.4022827148438,0.1899494313526777,0.12114187633385588,-0.9104998707771301,True,-0.5418656468391418,True,0.001440810621716082,0.01,True,,0.001,0.0010000000474974513,4.563651964417659e-05,697.3233642578125,5395.33349609375,960295.75,0.0002666679210960865,159956912.0,158.91481018066406
npg_logbarrier_handoff,614,70,205159,546.4135158976487,True,160.02931213378906,0.3763183057308197,205.6254119873047,245.5246124267578,4313.26953125,776.5452880859375,1.2849234258746047,0.1800363465486684,-0.11561477929353714,True,-0.2496061474084854,True,0.0011599656427279115,0.01,True,,0.001,0.0009999999310821295,0.00012199082266306505,245.5246124267578,4187.509765625,134392.703125,0.00013743490853812546,332055744.0,180.13287353515625
npg_logbarrier_handoff,614,71,206974,546.4135158976487,True,270.70599365234375,0.3639932870864868,198.89085388183594,386.2165222167969,5153.20458984375,658.572509765625,0.734711674456913,0.12779863447757922,0.3373258411884308,True,0.11261209845542908,True,0.0009165098308585584,0.01,True,,0.001,0.0010000001639127731,5.6914221204351634e-05,386.2165222167969,5268.16748046875,617431.0,0.00014802765508648008,822227968.0,159.53187561035156
npg_logbarrier_handoff,614,72,209160,546.4135158976487,True,318.7921142578125,0.3632757067680359,198.49876403808594,272.3587646484375,4534.76953125,550.455322265625,0.6226589528420916,0.12138551220129881,-0.5282162427902222,True,-0.06431686878204346,True,0.000994836213067174,0.01,True,,0.001,0.0010000000474974513,6.801757263019681e-05,272.3587646484375,4532.77490234375,432302.5,0.00019697952666319907,137410384.0,123.90477752685547
npg_logbarrier_handoff,614,73,211261,546.4135158976487,True,316.73797607421875,0.3648214638233185,199.34336853027344,215.88296508789062,5553.810546875,589.18115234375,0.629363649414628,0.10608592917798908,-0.7400683164596558,True,0.030298685654997826,True,0.0014189553912729025,0.01,True,,0.001,0.0010000001639127731,7.101182563928887e-05,215.88296508789062,5602.69873046875,396614.53125,0.0002782289229799062,175531088.0,130.59486389160156
npg_logbarrier_handoff,614,74,213897,546.4135158976487,True,452.9700012207031,0.27550336718559265,150.5387725830078,351.2876892089844,4737.4345703125,416.35919189453125,0.332337179454098,0.0878870590643464,-0.7658118605613708,True,-0.10908716171979904,True,0.0009140209294855595,0.01,True,,0.001,0.0009999999310821295,7.782869215589017e-05,351.2876892089844,4710.23291015625,330179.8125,0.00012052446254529059,1010075136.0,148.62551879882812
npg_logbarrier_handoff,614,75,216096,546.4135158976487,True,140.30906677246094,0.23897017538547516,130.5765380859375,142.05784606933594,3816.54638671875,480.2407531738281,0.9306350693479655,0.1258312370694679,-0.4518413543701172,True,-0.37944528460502625,True,0.001104228082112968,0.01,True,,0.001,0.001000000280328095,0.00011500955588417128,142.05784606933594,3661.381103515625,151203.609375,0.00012146096560172737,145147120.0,135.64913940429688
npg_logbarrier_handoff,614,76,218029,546.4135158976487,True,327.56060791015625,0.2857569456100464,156.14144897460938,234.73475646972656,4284.01708984375,450.7883605957031,0.4766795677013643,0.10522562145337862,-0.7486021518707275,True,-0.2848352789878845,True,0.0008663964690640569,0.01,True,,0.001,0.0009999999310821295,8.441921090707183e-05,234.73475646972656,4178.02294921875,280638.59375,0.00019119791977573186,585027200.0,176.22116088867188
npg_logbarrier_handoff,614,77,219877,546.4135158976487,True,325.3722839355469,0.3337866961956024,182.3855743408203,203.43360900878906,5846.45751953125,632.8543701171875,0.5605442852561748,0.10824578268173711,-0.8235682845115662,True,0.044938262552022934,True,0.0009730245801620185,0.01,True,,0.001,0.0009999994654208422,7.552308670710772e-05,203.43360900878906,5908.81787109375,350647.375,0.00029432139126583934,488417184.0,158.7108154296875
npg_logbarrier_handoff,614,78,222456,546.4135158976487,True,196.24969482421875,0.29773151874542236,162.6845245361328,270.6016540527344,3726.162841796875,418.507080078125,0.8289670191938371,0.11231583208969673,0.1291244477033615,True,0.04593385383486748,True,0.0009224388049915433,0.01,True,,0.001,0.0010000003967434168,9.236206096829847e-05,270.6016540527344,3768.64599609375,234445.96875,9.232634329237044e-05,572500672.0,162.82920837402344
npg_logbarrier_handoff,614,79,224612,546.4135158976487,True,199.45071411132812,0.23763971030712128,129.84954833984375,212.22207641601562,5167.2646484375,372.7431335449219,0.6510357654942521,0.0721354834530555,-0.22401399910449982,True,-0.05860648676753044,True,0.0008455383940599859,0.01,True,,0.001,0.0009999996982514858,7.657282549189404e-05,212.22207641601562,5158.8564453125,341099.15625,0.00012547121150419116,856274112.0,138.19512939453125
npg_logbarrier_handoff,614,80,226846,546.4135158976487,True,468.3183288574219,0.23634885251522064,129.14419555664062,352.67413330078125,5009.68603515625,382.1205749511719,0.27576156558236736,0.0762763519050059,-0.9227853417396545,True,-0.26689043641090393,True,0.001061691320501268,0.01,True,,0.001,0.0009999999310821295,7.696902321185917e-05,352.67413330078125,4921.49951171875,337596.59375,0.00016358915308956057,71295304.0,125.44047546386719
npg_logbarrier_handoff,614,81,229143,546.4135158976487,True,266.8667907714844,0.2817367613315582,153.94476318359375,297.5517578125,4933.2421875,388.3868408203125,0.5768599485104734,0.07872851687768724,-0.07764610648155212,True,-0.33474209904670715,True,0.0012588044628500938,0.01,True,,0.001,0.001000000280328095,7.425164949381724e-05,297.5517578125,4817.1552734375,362758.65625,0.00016080880595836788,39756132352.0,141.3866729736328
npg_logbarrier_handoff,614,82,231262,546.4135158976487,True,325.0299072265625,0.26789548993110657,146.3817138671875,259.50042724609375,4267.1865234375,460.7790222167969,0.4503638299510449,0.1079819266596317,-0.6277170777320862,True,-0.12918491661548615,True,0.0009455297258682549,0.01,True,,0.001,0.0010000001639127731,9.639833297114819e-05,259.50042724609375,4232.39599609375,215224.125,0.00016079258057288826,1489377152.0,173.30096435546875
npg_logbarrier_handoff,614,83,233274,546.4135158976487,True,478.20880126953125,0.2615383565425873,142.9080810546875,387.02935791015625,5449.4052734375,404.46783447265625,0.29884034061125675,0.07422238100810528,-0.7266225218772888,True,-0.024647945538163185,True,0.0007951897569000721,0.01,True,,0.001,0.0010000003967434168,6.169212429085746e-05,387.02935791015625,5454.4443359375,525497.4375,0.00021597887098323554,458141024.0,140.27072143554688
npg_logbarrier_handoff,614,84,235478,546.4135158976487,True,307.8658142089844,0.26628223061561584,145.5001983642578,188.45790100097656,4602.2060546875,380.434326171875,0.4726091421942999,0.08266347087705687,-0.8978245854377747,True,-0.26823848485946655,True,0.0010989290894940495,0.01,True,,0.001,0.0009999994654208422,0.00010729861241998151,188.45790100097656,4515.05712890625,173716.796875,0.0001615252549527213,77437752.0,135.29144287109375
npg_logbarrier_handoff,614,85,237464,546.4135158976487,True,457.4053039550781,0.3121996223926544,170.590087890625,324.13739013671875,5084.19140625,397.1970520019531,0.3729517047912909,0.0781239375672754,-0.8538868427276611,True,-0.10551077127456665,True,0.0008226625504903495,0.01,True,,0.001,0.0009999996982514858,6.232540908968076e-05,324.13739013671875,5057.7294921875,514872.5625,0.0002474943466950208,646224256.0,178.52816772460938
npg_logbarrier_handoff,614,86,239646,546.4135158976487,True,219.93023681640625,0.30404117703437805,166.1322021484375,248.59446716308594,4215.462890625,437.9984130859375,0.7553859103381116,0.10390280366600457,-0.19391046464443207,True,-0.04627573490142822,True,0.0009514156263321638,0.01,True,,0.001,0.0009999999310821295,8.55697289807722e-05,248.59446716308594,4217.9482421875,273142.78125,0.0002038960374193266,339705152.0,158.54676818847656
npg_logbarrier_handoff,614,87,241497,546.4135158976487,True,269.56072998046875,0.24661120772361755,134.75169372558594,231.80722045898438,5547.8525390625,430.9403381347656,0.4998936370863422,0.07767696331157133,-0.5104979276657104,True,-0.3258192837238312,True,0.0010010538389906287,0.01,True,,0.001,0.0010000001639127731,6.872352969367057e-05,231.80722045898438,5422.77197265625,423466.5,0.0001549236330902204,104644248.0,121.88285064697266
npg_logbarrier_handoff,614,88,243826,546.4135158976487,True,364.59429931640625,0.23859868943691254,130.37355041503906,240.8968505859375,4789.85888671875,467.2804260253906,0.3575852685011316,0.0975561988519242,-0.9666348695755005,True,-0.30677297711372375,True,0.0009850229835137725,0.01,True,,0.001,0.0009999998146668077,0.00010432782437419519,240.8968505859375,4667.74560546875,183751.015625,0.00018875808746088296,78764096.0,136.26785278320312
npg_logbarrier_handoff,614,89,245976,546.4135158976487,True,175.1834259033203,0.3478531837463379,190.07167053222656,203.78689575195312,4322.0185546875,579.293212890625,1.0849866050520254,0.13403302312581356,-0.3797197937965393,True,-0.49456727504730225,True,0.0015267182607203722,0.01,True,,0.001,0.0010000005131587386,9.843963925959542e-05,203.78689575195312,4066.806640625,206390.625,0.00021935174299869686,394332288.0,167.55755615234375
npg_logbarrier_handoff,614,90,247858,546.4135158976487,True,579.0869140625,0.3016252815723419,164.8121337890625,428.7815246582031,4892.73193359375,495.3779296875,0.28460690405322225,0.10124771526643624,-0.9359287619590759,True,-0.23688113689422607,True,0.0009337498340755701,0.01,True,,0.001,0.0009999999310821295,7.091386214597151e-05,428.7815246582031,4799.57763671875,397711.125,0.0001905519311549142,239743280.0,188.42068481445312
npg_logbarrier_handoff,614,91,249987,546.4135158976487,True,253.74949645996094,0.35647910833358765,194.78500366210938,214.36451721191406,4680.40380859375,475.7886657714844,0.7676271534704088,0.10165547359351401,-0.5703189969062805,True,0.006866037845611572,True,0.000889669347088784,0.01,True,,0.001,0.0010000003967434168,8.485915896017104e-05,214.36451721191406,4707.77294921875,277736.25,0.00019097303447779268,313955520.0,238.58111572265625
npg_logbarrier_handoff,614,92,252171,546.4135158976487,True,333.90228271484375,0.32693469524383545,178.6415252685547,400.2091979980469,5064.40185546875,398.1921691894531,0.5350113926028968,0.07862570557260751,0.14052137732505798,True,-0.1502840667963028,True,0.001072435756213963,0.01,True,,0.001,0.0010000003967434168,5.453815174405463e-05,400.2091979980469,5020.02099609375,672402.3125,0.00026364007499068975,341838304.0,175.13975524902344
npg_logbarrier_handoff,614,93,254699,546.4135158976487,True,306.0475769042969,0.3421652615070343,186.96376037597656,300.26287841796875,4548.83544921875,402.4912414550781,0.6108976985445678,0.08848226011873102,-0.33609652519226074,True,-0.11773627996444702,True,0.0010169429006054997,0.01,True,,0.001,0.0009999999310821295,7.131051097530872e-05,300.26287841796875,4519.15771484375,393299.0625,0.00013568051508627832,191884080.0,180.95419311523438
npg_logbarrier_handoff,614,94,257254,546.4135158976487,True,268.8441467285156,0.3993924558162689,218.2334442138672,173.59042358398438,4775.431640625,474.430419921875,0.8117470544532399,0.09934817533264541,-0.765026330947876,True,-0.3267938196659088,True,0.0010839620372280478,0.01,True,,0.001,0.0010000001639127731,8.925321890274063e-05,173.59042358398438,4642.095703125,251062.71875,0.0002914258511736989,158946016.0,190.27777099609375
npg_logbarrier_handoff,614,95,259749,546.4135158976487,True,315.546630859375,0.3391357362270355,185.308349609375,352.4176940917969,4417.08447265625,419.6484375,0.5872613791017107,0.09500575325145208,-0.08303454518318176,True,-0.13478681445121765,True,0.0010626623407006264,0.01,True,,0.001,0.0009999998146668077,7.822745101293549e-05,352.4176940917969,4380.302734375,326822.25,0.00020614506502170116,491403424.0,202.56625366210938
npg_logbarrier_handoff,614,96,262089,546.4135158976487,True,476.999267578125,0.33682888746261597,184.04786682128906,346.8478088378906,5232.80126953125,455.1325378417969,0.38584517698687015,0.08697684364431582,-0.8036075234413147,True,-0.4088801145553589,True,0.0010898088803514838,0.01,True,,0.001,0.0010000001639127731,5.9072186559205875e-05,346.8478088378906,5063.76953125,573144.25,0.00012989055539947003,609810624.0,182.3334197998047
npg_logbarrier_handoff,614,97,264410,546.4135158976487,True,298.3710021972656,0.41088181734085083,224.5113983154297,297.6922607421875,5344.55029296875,533.9033813476562,0.7524571646107746,0.09989678309324837,-0.3792482018470764,True,-0.26601389050483704,True,0.001019143033772707,0.01,True,,0.001,0.0010000007459893823,7.891402492532507e-05,297.6922607421875,5227.92138671875,321160.15625,0.000271409226115793,10590663680.0,242.08038330078125
npg_logbarrier_handoff,614,98,266351,546.4135158976487,True,307.33941650390625,0.4208213686943054,229.9425048828125,237.79042053222656,4653.404296875,518.9483642578125,0.748171215714825,0.11152015409585472,-0.6423256993293762,True,-0.3298724889755249,True,0.000980673125013709,0.01,True,,0.001,0.0010000003967434168,8.814292232273147e-05,237.79042053222656,4508.90966796875,257427.625,0.00022932425781618804,134711040.0,262.0813903808594
npg_logbarrier_handoff,614,99,268668,546.4135158976487,True,407.20758056640625,0.46025046706199646,251.48709106445312,379.4880676269531,6194.58984375,556.4971313476562,0.6175894140149518,0.08983599324322195,-0.41526535153388977,True,-0.27410998940467834,True,0.0011685724603012204,0.01,True,,0.001,0.0010000003967434168,5.924963261350058e-05,379.4880676269531,6065.70458984375,569716.375,0.0006429406930692494,218930784.0,274.93109130859375
npg_logbarrier_handoff,614,100,271122,546.4135158976487,True,449.8698425292969,0.36069849133491516,197.0905303955078,366.39599609375,5795.63916015625,530.30322265625,0.4381056736041885,0.09150038641155725,-0.6032899022102356,True,-0.10239371657371521,True,0.0011568657355383039,0.01,True,,0.001,0.0009999996982514858,6.936589488759637e-05,366.39599609375,5765.52197265625,415659.78125,0.00045361739466898143,510877888.0,304.004150390625
npg_logbarrier_handoff,614,101,273602,546.4135158976487,True,528.6448364257812,0.3832240402698517,209.3988037109375,445.76348876953125,6154.38720703125,511.4700012207031,0.3961048879748888,0.08310656837391707,-0.5628309845924377,True,-0.209119975566864,True,0.000825311231892556,0.01,True,,0.001,0.001000003656372428,5.581166988122277e-05,445.76348876953125,6068.07666015625,642066.5,0.0007012567366473377,889188352.0,300.88525390625
npg_logbarrier_handoff,614,102,276060,546.4135158976487,True,676.0119018554688,0.3388449251651764,185.14944458007812,520.3270874023438,5782.13525390625,471.4699401855469,0.273884888819107,0.08153907155095254,-0.8809782266616821,True,0.00871789176017046,True,0.0008527619647793472,0.01,True,,0.001,0.0010000001639127731,5.634276021737605e-05,520.3270874023438,5805.42138671875,630019.25,0.0001742694730637595,239002688.0,288.263427734375
npg_logbarrier_handoff,614,103,278440,546.4135158976487,True,728.75634765625,0.34492409229278564,188.47117614746094,557.8226928710938,4523.95361328125,453.6405944824219,0.25862028749883587,0.10027525329849563,-0.9298936128616333,True,-0.21488526463508606,True,0.0011104950681328773,0.01,True,,0.001,0.001000000280328095,6.774362555006519e-05,557.8226928710938,4448.587890625,435806.0,0.00029840029310435057,994940224.0,255.29119873046875
npg_logbarrier_handoff,614,104,280625,546.4135158976487,True,571.0333862304688,0.483165442943573,264.00811767578125,409.3074645996094,5261.470703125,448.1506652832031,0.46233394411238105,0.08517593094589092,-0.7570000290870667,True,-0.1445981115102768,True,0.0009860028512775898,0.01,True,,0.001,0.0010000001639127731,5.719942055293359e-05,409.3074645996094,5215.55517578125,611289.25,0.0005504891159944236,516222240.0,387.7726745605469
npg_logbarrier_handoff,614,105,282904,546.4135158976487,True,399.68145751953125,0.40295714139938354,220.1811981201172,430.2938232421875,4429.86572265625,470.1286926269531,0.5508917013228155,0.10612707518932495,-0.13108877837657928,True,-0.3010868430137634,True,0.0009946160716935992,0.01,True,,0.001,0.0009999998146668077,7.660918345209211e-05,430.2938232421875,4311.68603515625,340775.46875,0.0003266511484980583,99187672.0,307.7986145019531
npg_logbarrier_handoff,614,106,284888,546.4135158976487,True,581.9901733398438,0.42917996644973755,234.5097198486328,394.5668640136719,4882.92431640625,444.7665100097656,0.40294446640372167,0.09108609537841583,-0.8719967007637024,True,-0.19304484128952026,True,0.0010738220298662782,0.01,True,,0.001,0.001000000280328095,7.737254782114178e-05,394.5668640136719,4816.8759765625,334084.4375,0.00035008153645321727,651860480.0,335.0001220703125
npg_logbarrier_handoff,614,107,287251,546.4135158976487,True,296.01324462890625,0.4701463282108307,256.894287109375,348.19635009765625,4196.79296875,578.03955078125,0.8678472729537076,0.13773363496494254,-0.21288830041885376,True,-0.27900055050849915,True,0.0011791001306846738,0.01,True,,0.001,0.0009999999310821295,8.268260717159137e-05,348.19635009765625,4073.518310546875,292551.0625,0.00025133247254416347,406991552.0,367.2225646972656
npg_logbarrier_handoff,614,108,289318,546.4135158976487,True,668.7734985351562,0.3704545497894287,202.42135620117188,550.0863647460938,5490.5361328125,581.5108032226562,0.3026755047030784,0.10591147916274257,-0.685646116733551,True,0.08311615139245987,True,0.0009674726752564311,0.01,True,,0.001,0.0010000000474974513,5.661334580508992e-05,550.0863647460938,5569.10009765625,624011.1875,0.00040240425732918084,1208472064.0,288.2674560546875
npg_logbarrier_handoff,614,109,291615,546.4135158976487,True,486.94097900390625,0.40604767203330994,221.8699188232422,427.6047668457031,5564.4033203125,594.0086059570312,0.45564026933428897,0.10675153682491717,-0.47896289825439453,True,-0.04761771857738495,True,0.0009671712759882212,0.01,True,,0.001,0.0009999999310821295,4.565926064969972e-05,427.6047668457031,5567.822265625,959339.375,0.00031283998396247625,108141872.0,253.58740234375
npg_logbarrier_handoff,614,110,294163,546.4135158976487,True,439.9263916015625,0.3375217616558075,184.42642211914062,294.4827575683594,5016.88427734375,579.9524536132812,0.4192210916188316,0.11560012580564129,-0.8678737878799438,True,-0.2868495285511017,True,0.0011926869628950953,0.01,True,,0.001,0.001000000280328095,7.41312833270058e-05,294.4827575683594,4882.2421875,363937.625,0.0004059300117660314,238724016.0,228.928955078125
npg_logbarrier_handoff,614,111,296351,546.4135158976487,True,146.19021606445312,0.3876926600933075,211.8404998779297,244.81556701660156,4619.45263671875,593.599853515625,1.4490744016995796,0.12850004106487944,-0.1019296869635582,True,-0.38555240631103516,True,0.000929508765693754,0.01,True,,0.001,0.0010000001639127731,9.080678864847869e-05,244.81556701660156,4424.6181640625,242545.609375,0.00030377903021872044,2075220480.0,242.81961059570312
npg_logbarrier_handoff,614,112,298214,546.4135158976487,True,430.1045837402344,0.3850233554840088,210.3819580078125,455.7776184082031,4841.63232421875,616.65234375,0.4891413994668669,0.12736455444280428,-0.11889799684286118,True,-0.2156250923871994,True,0.0011060737306252122,0.01,True,,0.001,0.0010000001639127731,5.8299017837271094e-05,455.7776184082031,4747.01171875,588447.25,0.00019689553300850093,371653056.0,198.2008056640625
npg_logbarrier_handoff,614,113,300656,546.4135158976487,True,526.417724609375,0.330499529838562,180.5894012451172,428.1603698730469,6718.46533203125,495.9868469238281,0.34305342089140795,0.07382442602764347,-0.6648409962654114,True,-0.15733124315738678,True,0.0009902955498546362,0.01,True,,0.001,0.0010000001639127731,5.136517938808538e-05,428.1603698730469,6658.47119140625,758040.5,0.0002956031239591539,528669664.0,223.811279296875
npg_logbarrier_handoff,614,114,303291,546.4135158976487,True,376.1746520996094,0.3682616353034973,201.22314453125,285.55670166015625,4304.98828125,471.5643310546875,0.5349194673488181,0.10953905103726871,-0.6635538935661316,True,0.03330899029970169,True,0.0008458447409793735,0.01,True,,0.001,0.0010000000474974513,8.288567187264562e-05,285.55670166015625,4346.32568359375,291119.375,0.0003928400401491672,12510358528.0,241.55252075195312
npg_logbarrier_handoff,614,115,305472,546.4135158976487,True,367.7625427246094,0.3418339192867279,186.78265380859375,368.6067810058594,6676.84033203125,507.0909423828125,0.5078892821025052,0.07594774132161157,-0.24941961467266083,True,-0.28337958455085754,True,0.0008218068396672606,0.01,True,,0.001,0.0010000005131587386,5.297662573866546e-05,368.6067810058594,6551.21533203125,712625.5625,0.0005347125115804374,425884640.0,199.20651245117188
npg_logbarrier_handoff,614,116,307817,546.4135158976487,True,292.1217346191406,0.3717978298664093,203.1553497314453,388.3202209472656,5851.89990234375,450.41632080078125,0.695447567420182,0.0769692455984055,0.20376576483249664,True,-0.19027933478355408,True,0.0013509186683222651,0.01,True,,0.001,0.0009999999310821295,5.5384705774486065e-05,388.3202209472656,5783.12744140625,652004.0625,0.00045873361523263156,161287328.0,234.2551727294922
npg_logbarrier_handoff,614,117,310357,546.4135158976487,True,357.1748352050781,0.37254101037979126,203.5614471435547,226.0838165283203,5341.23095703125,459.7402038574219,0.5699210220862182,0.08607382971376949,-0.810769259929657,True,-0.17925061285495758,True,0.00090121163520962,0.01,True,,0.001,0.001000000280328095,7.90831254562363e-05,226.0838165283203,5278.23779296875,319788.125,0.00025931140407919884,50355126272.0,270.8201904296875
npg_logbarrier_handoff,614,118,312340,546.4135158976487,True,446.62506103515625,0.4156988859176636,227.14349365234375,360.1556091308594,5687.27880859375,472.2235412597656,0.508577582113029,0.08303154410967391,-0.5981194972991943,True,-0.12312040477991104,True,0.001012589200399816,0.01,True,,0.001,0.001000000280328095,5.200380110181868e-05,360.1556091308594,5648.609375,739536.875,0.00033391156466677785,285890208.0,263.5538024902344
npg_logbarrier_handoff,614,119,314810,546.4135158976487,True,771.048095703125,0.3151088058948517,172.17970275878906,625.5993041992188,6033.6884765625,427.4291076660156,0.22330604759716965,0.07084043356337309,-0.8767269849777222,True,-0.264372855424881,True,0.0008732032147236168,0.01,True,,0.001,0.0010000000474974513,5.831470116390847e-05,625.5993041992188,5935.02001953125,588130.75,0.0005536554963327944,2491354112.0,237.1564178466797
npg_logbarrier_handoff,614,120,317044,546.4135158976487,True,670.3311157226562,0.39403003454208374,215.30332946777344,484.1716003417969,5437.81787109375,443.8722229003906,0.321189520250248,0.08162690134583547,-0.9051724076271057,True,-0.09221108257770538,True,0.0009775703074410558,0.01,True,,0.001,0.0009999998146668077,5.934610089752823e-05,484.1716003417969,5414.95751953125,567865.6875,0.0004038889892399311,412360320.0,256.6836242675781
npg_logbarrier_handoff,614,121,319177,546.4135158976487,True,261.1779479980469,0.4479469656944275,244.7642822265625,169.9401397705078,4852.5673828125,463.7256164550781,0.9371552388044372,0.09556294222674087,-0.7762274146080017,True,-0.3348046839237213,True,0.0010897453175857663,0.01,True,,0.001,0.0009999998146668077,9.264580148737878e-05,169.9401397705078,4717.58837890625,233012.125,0.0003340620896779001,40264867840.0,272.9052429199219
npg_logbarrier_handoff,614,122,321025,546.4135158976487,True,301.9824523925781,0.43923288583755493,240.0027618408203,487.64239501953125,5245.87841796875,498.3276672363281,0.7947573110268539,0.09499413206554737,0.6139935851097107,True,-0.2060467153787613,True,0.0010645664297044277,0.01,True,,0.001,0.0009999999310821295,6.70776134938933e-05,487.64239501953125,5166.26513671875,444503.125,0.00036207601078785956,127622768.0,272.683837890625
npg_logbarrier_handoff,614,123,323106,546.4135158976487,True,525.3993530273438,0.3495270907878876,190.98634338378906,385.08746337890625,5843.1240234375,524.4839477539062,0.36350700145199727,0.08976087888090954,-0.8183234333992004,True,-0.38046908378601074,True,0.0011691860854625702,0.01,True,,0.001,0.0009999999310821295,5.8393321523908526e-05,385.08746337890625,5664.37890625,586548.1875,0.0002854654740076512,240993712.0,232.62393188476562
npg_logbarrier_handoff,614,124,325017,546.4135158976487,True,340.1061096191406,0.3943711817264557,215.48974609375,265.1866149902344,4561.11279296875,508.59564208984375,0.6335956338304561,0.11150692060803162,-0.6261756420135498,True,-0.15861031413078308,True,0.0009657428017817438,0.01,True,,0.001,0.0010000001639127731,7.589304732391611e-05,265.1866149902344,4508.4970703125,347237.03125,0.00027831614715978503,120495144.0,231.0178985595703
npg_logbarrier_handoff,614,125,327058,546.4135158976487,True,524.9598388671875,0.3846917152404785,210.2007293701172,468.33111572265625,6042.78125,555.0493774414062,0.4004129722069978,0.09185329643389065,-0.45507898926734924,True,-0.3284255564212799,True,0.0009621986537240446,0.01,True,,0.001,0.0009999999310821295,5.558518387260847e-05,468.33111572265625,5883.892578125,647309.4375,0.00034188979770988226,399451648.0,224.49737548828125
npg_logbarrier_handoff,614,126,329120,546.4135158976487,True,756.0113525390625,0.3594813942909241,196.42550659179688,594.4652099609375,5214.49951171875,562.669921875,0.2598181970840811,0.10790487574320215,-0.8644692897796631,True,-0.2785530090332031,True,0.0009877836564555764,0.01,True,,0.001,0.0009999996982514858,5.904242061660625e-05,594.4652099609375,5086.552734375,573722.25,0.00023877134663052857,224345552.0,196.78504943847656
npg_logbarrier_handoff,614,127,331340,546.4135158976487,True,353.6214904785156,0.45880576968193054,250.6976776123047,253.31182861328125,4357.18701171875,570.99658203125,0.708943557907253,0.1310470678663877,-0.697843611240387,True,-0.19337646663188934,True,0.0010617101797834039,0.01,True,,0.001,0.0009999994654208422,0.00010025993105955422,253.31182861328125,4283.56103515625,198964.3125,0.0002399533987045288,3087764992.0,260.06494140625
npg_logbarrier_handoff,614,128,333716,546.4135158976487,True,592.40283203125,0.4105243384838104,224.31605529785156,537.4219360351562,5020.64794921875,491.838134765625,0.37865459644868577,0.09796307961448654,-0.4230577349662781,True,-0.024546872824430466,True,0.0007771076634526253,0.01,True,,0.001,0.0010000001639127731,4.5692173443967476e-05,537.4219360351562,5032.650390625,957957.875,0.0003050641971640289,339770912.0,275.51611328125
npg_logbarrier_handoff,614,129,335674,546.4135158976487,True,480.83673095703125,0.3939000070095062,215.23226928710938,622.9409790039062,5161.04736328125,527.6923217773438,0.4476202740558584,0.10224520036992098,0.5339881777763367,True,-0.032018184661865234,True,0.0010452023707330227,0.01,True,,0.001,0.0009999999310821295,6.051371747162193e-05,622.9409790039062,5171.119140625,546163.0625,0.0001885656383819878,2080344448.0,226.44798278808594
npg_logbarrier_handoff,614,130,337600,546.4135158976487,True,410.276611328125,0.37162065505981445,203.0585479736328,268.93115234375,5450.1015625,526.5379638671875,0.4949308402355737,0.09661067006348792,-0.8236429691314697,True,-0.31368041038513184,True,0.0011273660929873586,0.01,True,,0.001,0.0009999999310821295,7.599500531796366e-05,268.93115234375,5308.5322265625,346305.9375,0.0001756886049406603,554379968.0,255.47348022460938
npg_logbarrier_handoff,614,131,339736,546.4135158976487,True,735.4845581054688,0.35830020904541016,195.78009033203125,575.4141235351562,5675.63623046875,538.4512329101562,0.2661919793888539,0.09487063847037386,-0.8617275953292847,True,-0.056829784065485,True,0.0010632229968905449,0.01,True,,0.001,0.0009999999310821295,5.324101584847085e-05,575.4141235351562,5670.5703125,705565.5,0.00027167939697392285,279352640.0,212.5454864501953
npg_logbarrier_handoff,614,132,342166,546.4135158976487,True,218.493408203125,0.412421315908432,225.35260009765625,143.81898498535156,4972.27783203125,550.7598876953125,1.031393129664372,0.1107661128964547,-0.7904381155967712,True,-0.19052767753601074,True,0.0010073557496070862,0.01,True,,0.001,0.0009999996982514858,8.588545460952446e-05,143.81898498535156,4897.2822265625,271138.25,0.00039179259329102933,80762096.0,237.54916381835938
npg_logbarrier_handoff,614,133,344247,546.4135158976487,True,274.1781311035156,0.4142031669616699,226.32620239257812,386.22528076171875,4372.220703125,559.6047973632812,0.825471387822426,0.12799097652213884,0.1834925264120102,True,-0.1871928721666336,True,0.001120378146879375,0.01,True,,0.001,0.0010000005131587386,7.784075569361448e-05,386.22528076171875,4302.7255859375,330077.5,0.0003602667711675167,254239696.0,240.8629150390625
npg_logbarrier_handoff,614,134,346268,546.4135158976487,True,582.8037719726562,0.29979509115219116,163.8120880126953,456.51470947265625,4411.4453125,531.6324462890625,0.281075888473112,0.12051207906457811,-0.8279483318328857,True,-0.24017640948295593,True,0.0009289027075283229,0.01,True,,0.001,0.0010000001639127731,7.227085006888956e-05,456.51470947265625,4314.732421875,382916.1875,0.0004287524789106101,175263552.0,209.28182983398438
npg_logbarrier_handoff,614,135,348458,546.4135158976487,True,233.60836791992188,0.3739931285381317,204.35488891601562,304.1029968261719,5963.73583984375,518.0010375976562,0.8747755516449052,0.08685848124541141,-0.04037724807858467,True,-0.0932287648320198,True,0.0009085976053029299,0.01,True,,0.001,0.0009999999310821295,6.0979473346378654e-05,304.1029968261719,5937.8828125,537851.875,0.0003846221079584211,210663040.0,217.44020080566406
npg_logbarrier_handoff,614,136,350557,546.4135158976487,True,430.1668701171875,0.3459298610687256,189.02073669433594,327.2634582519531,3926.590576171875,558.3512573242188,0.4394125857317703,0.1421974729712127,-0.6989936828613281,True,-0.26743921637535095,True,0.0009702382958494127,0.01,True,,0.001,0.001000000280328095,7.525286491727456e-05,327.2634582519531,3815.388671875,353170.125,0.000591397110838443,336631744.0,187.83154296875
npg_logbarrier_handoff,614,137,352433,546.4135158976487,True,751.698974609375,0.28300175070762634,154.63597106933594,611.2237548828125,4871.02294921875,497.7622985839844,0.20571528802429653,0.10218845276921126,-0.9264012575149536,True,0.02016252838075161,True,0.0008944665896706283,0.01,True,,0.001,0.0010000003967434168,5.534766387427226e-05,611.2237548828125,4906.36328125,652877.125,0.0002121665165759623,195377568.0,155.70799255371094
npg_logbarrier_handoff,614,138,354716,546.4135158976487,True,561.6334228515625,0.4241040050983429,231.73619079589844,366.15972900390625,5059.33154296875,585.1456298828125,0.4126111113888345,0.11565670779097759,-0.9030327796936035,True,-0.15863662958145142,True,0.0010526353726163507,0.01,True,,0.001,0.0010000001639127731,7.109424768714234e-05,366.15972900390625,4999.99560546875,395695.5,0.00015888600319158286,928933184.0,159.37240600585938
npg_logbarrier_handoff,614,139,356728,546.4135158976487,True,709.0762939453125,0.3833010792732239,209.44090270996094,558.9406127929688,4996.70849609375,565.0889892578125,0.29537146354820043,0.1130922465658301,-0.788636326789856,True,-0.20038597285747528,True,0.0010047061368823051,0.01,True,,0.001,0.0009999999310821295,6.186569225974381e-05,558.9406127929688,4914.75537109375,522552.90625,0.00019401109602767974,324014048.0,155.17953491210938
npg_logbarrier_handoff,614,140,358930,546.4135158976487,True,344.8326110839844,0.39711907505989075,216.99122619628906,234.2804718017578,4061.44775390625,525.626708984375,0.6292653862236962,0.12941855733065474,-0.7424418330192566,True,-0.047878753393888474,True,0.0009954854613170028,0.01,True,,0.001,0.0009999999310821295,8.336178143508732e-05,234.2804718017578,4070.28369140625,287803.5,0.00021113696857355535,201561472.0,171.7666473388672
npg_logbarrier_handoff,614,141,360671,546.4135158976487,True,293.1583557128906,0.42748332023620605,233.58265686035156,381.22100830078125,4165.1328125,585.275634765625,0.7967798028213615,0.14051788048850483,0.035244110971689224,True,-0.28890982270240784,True,0.0010126086417585611,0.01,True,,0.001,0.0010000000474974513,7.123489922378212e-05,381.22100830078125,4035.1328125,394134.40625,0.000145340061862953,278021920.0,174.9374237060547
npg_logbarrier_handoff,614,142,362408,546.4135158976487,True,351.58502197265625,0.375844269990921,205.3663787841797,271.0862121582031,6048.24560546875,489.8811340332031,0.5841158352876352,0.08099557557488382,-0.6391609311103821,True,-0.05878741666674614,True,0.000935305783059448,0.01,True,,0.001,0.000999999581836164,6.849811325082555e-05,271.0862121582031,6039.27880859375,426258.21875,0.0001534800830995664,137080064.0,178.72410583496094
npg_logbarrier_handoff,614,143,364749,546.4135158976487,True,292.62939453125,0.41180551052093506,225.01609802246094,296.865966796875,4621.68359375,482.4462585449219,0.7689456432868073,0.10438755677635399,-0.3655087649822235,True,-0.06124519929289818,True,0.0010558763751760125,0.01,True,,0.001,0.0009999999310821295,7.480353815481067e-05,296.865966796875,4617.314453125,357425.65625,0.00011300919140921906,346472736.0,181.14456176757812
npg_logbarrier_handoff,614,144,366564,546.4135158976487,True,269.5920715332031,0.3739352226257324,204.32325744628906,228.01315307617188,3644.2880859375,512.5511474609375,0.7578978724569965,0.14064506849465572,-0.5667521953582764,True,-0.12224995344877243,True,0.001050847233273089,0.01,True,,0.001,0.0010000000474974513,9.249478171113878e-05,228.01315307617188,3617.57470703125,233773.640625,9.764257993083447e-05,463650720.0,162.50714111328125
npg_logbarrier_handoff,614,145,368465,546.4135158976487,True,445.697998046875,0.34816673398017883,190.24301147460938,310.2355651855469,4695.12841796875,518.5264892578125,0.4268428673861827,0.1104392559899655,-0.8172631859779358,True,-0.15878334641456604,True,0.0010979387443512678,0.01,True,,0.001,0.0009999999310821295,6.969661626499146e-05,310.2355651855469,4641.1181640625,411724.40625,0.00011629619257291779,139627696.0,159.84156799316406
npg_logbarrier_handoff,614,146,370340,546.4135158976487,True,330.0494079589844,0.39131230115890503,213.8183135986328,279.0599670410156,4457.54931640625,530.8427734375,0.6478372887286145,0.11908848018432563,-0.543968915939331,True,-0.25695329904556274,True,0.001152033917605877,0.01,True,,0.001,0.001000000280328095,6.606904935324565e-05,279.0599670410156,4351.49462890625,458177.6875,0.00012228565174154937,360348256.0,165.27639770507812
npg_logbarrier_handoff,614,147,372200,546.4135158976487,True,236.88905334472656,0.3364940881729126,183.8649139404297,253.18223571777344,5579.361328125,535.804443359375,0.776164670103456,0.09603329339120566,-0.29642000794410706,True,-0.3329743444919586,True,0.0011928861495107412,0.01,True,,0.001,0.0009999999310821295,7.541385275544599e-05,253.18223571777344,5424.53173828125,351663.90625,0.00021577323786914349,604091584.0,157.67486572265625
npg_logbarrier_handoff,614,148,374215,546.4135158976487,True,281.4454650878906,0.36219140887260437,197.90628051757812,329.9681701660156,5784.3310546875,583.9744873046875,0.7031780755670566,0.10095799873547122,-0.08527372032403946,True,-0.21559539437294006,True,0.0009962243493646383,0.01,True,,0.001,0.0010000000474974513,6.0270736867096275e-05,329.9681701660156,5687.08984375,550575.6875,0.00022005487699061632,242701040.0,174.38818359375
npg_logbarrier_handoff,614,149,376167,546.4135158976487,True,227.30404663085938,0.30608078837394714,167.24667358398438,227.3798370361328,4836.5361328125,535.2194213867188,0.7357839689303558,0.11066172291273314,-0.36743873357772827,True,-0.2919887602329254,True,0.00117046432569623,0.01,True,,0.001,0.0010000001639127731,0.00010112211748491973,227.3798370361328,4708.16845703125,195585.96875,0.00013514900638256222,194125392.0,165.99620056152344
npg_logbarrier_handoff,614,150,378089,546.4135158976487,True,325.0982971191406,0.3002796769142151,164.0768585205078,368.0137023925781,5217.60595703125,459.7074890136719,0.5046992247405641,0.08810697718446325,0.026470718905329704,True,-0.008667309768497944,True,0.000952508591581136,0.01,True,,0.001,0.0010000000474974513,6.757816299796104e-05,368.0137023925781,5233.84814453125,437942.625,0.0001418465981259942,176765008.0,170.5850830078125
npg_logbarrier_handoff,614,151,380234,546.4135158976487,True,339.2857360839844,0.341170996427536,186.42044067382812,432.72296142578125,4345.5185546875,495.2048645019531,0.5494496845799699,0.1139575998283972,0.2955090403556824,True,-0.27276331186294556,True,0.0010556344641372561,0.01,True,,0.001,0.0009999999310821295,7.365628698607907e-05,432.72296142578125,4237.31591796875,368646.6875,0.00033177752629853785,2165438976.0,183.51048278808594
npg_logbarrier_handoff,614,152,382267,546.4135158976487,True,309.8647155761719,0.29457229375839233,160.95828247070312,354.26861572265625,6733.38134765625,540.9505615234375,0.5194469533951692,0.0803386194236171,0.03591508790850639,True,-0.15810562670230865,True,0.0010043855290859938,0.01,True,,0.001,0.0010000000474974513,5.1842980610672385e-05,354.26861572265625,6669.2783203125,744132.25,0.00023216874978970736,233363504.0,172.03070068359375
npg_logbarrier_handoff,614,153,384423,546.4135158976487,True,203.7349395751953,0.32050421833992004,175.12783813476562,222.8648223876953,6289.43359375,526.372802734375,0.8595866693259491,0.08369160670643658,-0.3154311776161194,True,-0.20267106592655182,True,0.0011346875689923763,0.01,True,,0.001,0.0009999996982514858,7.08019724697806e-05,222.8648223876953,6204.20263671875,398969.125,0.0002308137045474723,4236084224.0,192.20037841796875
npg_logbarrier_handoff,614,154,386463,546.4135158976487,True,392.9407653808594,0.29106342792510986,159.04098510742188,346.09375,5202.890625,539.8704223632812,0.40474544541916074,0.10376355400768804,-0.47937312722206116,True,-0.2780906856060028,True,0.0009638768387958407,0.01,True,,0.001,0.0010000000474974513,7.466527313226834e-05,346.09375,5079.29736328125,358750.65625,0.00039740573265589774,196468016.0,189.47206115722656
npg_logbarrier_handoff,614,155,388777,546.4135158976487,True,681.9879760742188,0.23278769850730896,127.1983413696289,585.9818725585938,5818.29541015625,534.67919921875,0.1865111201840108,0.09189619321931115,-0.7949042320251465,True,-0.5338823199272156,True,0.0011336542665958405,0.01,True,,0.001,0.0010000000474974513,5.6919274356914684e-05,585.9818725585938,5551.27880859375,617321.375,0.0002776964392978698,5590327296.0,163.81365966796875
npg_logbarrier_handoff,614,156,391275,546.4135158976487,True,324.8163146972656,0.30028632283210754,164.08050537109375,280.0250244140625,5845.62451171875,767.6678466796875,0.505148596135079,0.13132349591403628,-0.5067359209060669,True,-0.49316540360450745,True,0.001169334864243865,0.01,True,,0.001,0.0009999999310821295,6.294190825428814e-05,280.0250244140625,5507.673828125,504835.84375,0.0002868381852749735,338990560.0,197.55413818359375
npg_logbarrier_handoff,614,157,393520,546.4135158976487,True,419.4219665527344,0.28482717275619507,155.63340759277344,369.3020324707031,7083.689453125,699.0032348632812,0.371066419987341,0.09867784852636545,-0.48833006620407104,True,-0.28293395042419434,True,0.0011519927065819502,0.01,True,,0.001,0.0010000001639127731,5.368432903196663e-05,369.3020324707031,6918.478515625,693960.875,0.000311807612888515,611369664.0,206.96865844726562
npg_logbarrier_handoff,614,158,395962,546.4135158976487,True,610.0581665039062,0.31052663922309875,169.6759490966797,507.2823486328125,5592.2841796875,769.3195190429688,0.27813077246232265,0.1375680302223051,-0.6937612891197205,True,-0.03056728094816208,True,0.0009395584929734468,0.01,True,,0.001,0.0009999999310821295,5.548469925997779e-05,507.2823486328125,5621.60888671875,649656.125,0.00022136046027299017,561113408.0,211.5428466796875
npg_logbarrier_handoff,614,159,398166,546.4135158976487,True,195.2957763671875,0.3084922134876251,168.56431579589844,201.13360595703125,5001.7705078125,636.9295043945312,0.863123201799154,0.12734080929936334,-0.396411269903183,True,-0.2377796769142151,True,0.0010033027501776814,0.01,True,,0.001,0.0010000001639127731,8.568267367081717e-05,201.13360595703125,4889.6181640625,272423.15625,0.00022609274310525507,697317888.0,207.89817810058594
npg_logbarrier_handoff,614,160,400314,546.4135158976487,True,674.658203125,0.300677627325058,164.29432678222656,543.19775390625,5942.59716796875,800.7415161132812,0.24352231399724977,0.13474605353184055,-0.8439565896987915,True,-0.25268319249153137,True,0.0009300017263740301,0.01,True,,0.001,0.0010000000474974513,5.74133955524303e-05,543.19775390625,5792.3115234375,606741.3125,0.00022336869733408093,139344608.0,213.48277282714844
npg_logbarrier_handoff,614,161,402635,546.4135158976487,True,492.63690185546875,0.34442684054374695,188.19947814941406,379.4385070800781,5752.380859375,765.5391845703125,0.3820247274221219,0.13308214516475686,-0.7233887910842896,True,-0.2236812561750412,True,0.0009920086013153195,0.01,True,,0.001,0.0010000001639127731,6.113357812864706e-05,379.4385070800781,5630.798828125,535143.6875,0.00019673442875500768,454206368.0,214.8213653564453
npg_logbarrier_handoff,614,162,404827,546.4135158976487,True,269.0326843261719,0.40140005946159363,219.33038330078125,357.00439453125,6081.568359375,660.5763549804688,0.8152555287106596,0.10861940801210625,0.05904160812497139,True,0.018995318561792374,True,0.0009355563088320196,0.01,True,,0.001,0.0009999999310821295,5.392772436607629e-05,357.00439453125,6129.80078125,687710.75,0.00026874852483160794,2886398208.0,216.5045166015625
npg_logbarrier_handoff,614,163,406973,546.4135158976487,True,526.520263671875,0.31969398260116577,174.6851043701172,396.37786865234375,5945.2197265625,819.5997314453125,0.3317728042447767,0.13785861063863514,-0.8188238143920898,True,-0.3019709885120392,True,0.0010123525280505419,0.01,True,,0.001,0.0010000001639127731,6.464659236371517e-05,396.37786865234375,5751.048828125,478562.625,0.0001950220757862553,68501256.0,191.97012329101562
npg_logbarrier_handoff,614,164,408878,546.4135158976487,True,487.9477233886719,0.3259725272655487,178.1157989501953,398.745849609375,4853.33203125,754.5433349609375,0.36503049489241746,0.15546913545220625,-0.6375472545623779,True,-0.10437329858541489,True,0.0008828105055727065,0.01,True,,0.001,0.0010000000474974513,7.417725282721221e-05,398.745849609375,4833.1923828125,363486.6875,0.00026567658642306924,131749656.0,200.68052673339844
npg_logbarrier_handoff,614,165,410759,546.4135158976487,True,367.2724914550781,0.3659304082393646,199.9492950439453,257.76171875,5592.0810546875,694.2806396484375,0.5444167469547648,0.12415425185342484,-0.7382473349571228,True,-0.3070783019065857,True,0.0010579113150015473,0.01,True,,0.001,0.0010000000474974513,7.894574082456529e-05,257.76171875,5419.31298828125,320902.15625,0.00017644031322561204,309751872.0,207.76266479492188
npg_logbarrier_handoff,614,166,412705,546.4135158976487,True,374.7515869140625,0.2925403416156769,159.84799194335938,376.1332702636719,5263.4365234375,544.075439453125,0.4265438693926478,0.10336886120511139,-0.20461216568946838,True,0.03405283764004707,True,0.0009114124695770442,0.01,True,,0.001,0.0010000001639127731,5.115029125590809e-05,376.1332702636719,5309.8798828125,764423.0625,0.00027683249209076166,314751104.0,192.96388244628906
npg_logbarrier_handoff,614,167,415145,546.4135158976487,True,215.66065979003906,0.3408808410167694,186.2618865966797,350.47772216796875,4496.46435546875,613.2250366210938,0.8636804078129912,0.1363793834761014,0.5182009935379028,True,-0.15955182909965515,True,0.0008890313329175115,0.01,True,,0.001,0.0010000001639127731,7.254652882693335e-05,350.47772216796875,4440.08544921875,380011.53125,0.00019166576385032386,158745760.0,210.83737182617188
npg_logbarrier_handoff,614,168,417101,546.4135158976487,True,239.94863891601562,0.3213394582271576,175.584228515625,210.4012908935547,5500.8720703125,549.9514770507812,0.7317575515695307,0.09997532573404111,-0.5237978100776672,True,-0.408778578042984,True,0.001192354829981923,0.01,True,,0.001,0.0009999996982514858,7.340184674831107e-05,210.4012908935547,5299.88232421875,371206.875,0.0002198852162109688,143862512.0,195.26031494140625
npg_logbarrier_handoff,614,169,418934,546.4135158976487,True,615.0982666015625,0.33528634905815125,183.20498657226562,716.9383544921875,6232.1484375,559.8916625976562,0.2978466962433157,0.08983926942893139,0.4529753625392914,True,-0.24086396396160126,True,0.0010050364071503282,0.01,True,,0.001,0.0009999999310821295,4.792219988303259e-05,716.9383544921875,6121.45849609375,870876.375,0.00018802264821715653,66756840.0,249.49203491210938
npg_logbarrier_handoff,614,170,421366,546.4135158976487,True,487.0780029296875,0.2975582480430603,162.58985900878906,378.5821533203125,5951.78369140625,622.5602416992188,0.33380661419904,0.10460061621495591,-0.7598813772201538,True,-0.2454712986946106,True,0.0009176976163871586,0.01,True,,0.001,0.0010000001639127731,7.612977788085118e-05,378.5821533203125,5830.28369140625,345080.875,0.00018342657131142914,3792840448.0,201.50381469726562
npg_logbarrier_handoff,614,171,423487,546.4135158976487,True,307.61083984375,0.3150218725204468,172.13221740722656,270.93243408203125,5907.06982421875,569.0880737304688,0.5595778662893044,0.09634016367933056,-0.48016807436943054,True,-0.23407913744449615,True,0.0010733369272202253,0.01,True,,0.001,0.0010000001639127731,7.312178058782592e-05,270.93243408203125,5800.30712890625,374055.90625,0.00022788882779423147,163433584.0,206.3139190673828
npg_logbarrier_handoff,614,172,425501,546.4135158976487,True,489.08221435546875,0.27677011489868164,151.23092651367188,428.0892639160156,4220.2265625,657.056884765625,0.30921371105872203,0.15569232481594406,-0.5327686071395874,True,-0.4402308464050293,True,0.0009955574059858918,0.01,True,,0.001,0.0010000000474974513,7.88488905527629e-05,428.0892639160156,3974.993896484375,321690.9375,0.00015988966333679855,280044192.0,194.35684204101562
npg_logbarrier_handoff,614,173,427321,546.4135158976487,True,500.44384765625,0.3079189360141754,168.25106811523438,430.63232421875,5429.55712890625,669.621826171875,0.3362036897909961,0.1233289953994399,-0.5540857911109924,True,-0.19889400899410248,True,0.0010247711325064301,0.01,True,,0.001,0.0010000001639127731,6.19495622231625e-05,430.63232421875,5336.87548828125,521138.9375,0.0001990588498301804,2537319424.0,197.8721923828125
npg_logbarrier_handoff,614,174,429112,546.4135158976487,True,366.2801818847656,0.30818456411361694,168.39620971679688,341.59320068359375,5387.61376953125,628.5201416015625,0.4597469861740309,0.11666020774467041,-0.37153369188308716,True,-0.33136025071144104,True,0.0008602487505413592,0.01,True,,0.001,0.0010000000474974513,5.894298374187201e-05,341.59320068359375,5213.18505859375,575659.625,0.00023223552852869034,690897088.0,192.89901733398438
npg_logbarrier_handoff,614,175,431089,546.4135158976487,True,491.3574523925781,0.34813016653060913,190.2230224609375,485.20587158203125,6237.09912109375,717.7224731445312,0.38713775792893784,0.11507312281076432,-0.2257053256034851,True,-0.08271964639425278,True,0.0009169565164484084,0.01,True,,0.001,0.0010000001639127731,4.886675378656946e-05,485.20587158203125,6219.0,837535.125,0.00038326921639963984,146533408.0,195.0477752685547
npg_logbarrier_handoff,614,176,433245,546.4135158976487,True,333.6302490234375,0.2920132875442505,159.5600128173828,417.9488525390625,6861.03857421875,659.4360961914062,0.47825403507154335,0.09611315969995034,0.3560943603515625,True,-0.10148558765649796,True,0.0011207963107153773,0.01,True,,0.001,0.0010000000474974513,5.541932478081435e-05,417.9488525390625,6825.7138671875,651189.75,0.0002494767541065812,391946656.0,202.34329223632812
npg_logbarrier_handoff,614,177,435461,546.4135158976487,True,469.2057800292969,0.27183061838150024,148.53192138671875,382.4171142578125,6743.5986328125,688.1069946289062,0.3165602976532909,0.10203854530736252,-0.6885501742362976,True,-0.12025126814842224,True,0.0008021063986234367,0.01,True,,0.001,0.001000000280328095,5.740137567045167e-05,382.4171142578125,6695.79052734375,606995.375,0.0002107473264914006,223519520.0,186.46224975585938
npg_logbarrier_handoff,614,178,437718,546.4135158976487,True,377.1465148925781,0.28993523120880127,158.42453002929688,299.322021484375,5198.951171875,574.1929931640625,0.4200609677499489,0.11044400575837299,-0.6505866050720215,True,-0.10838653892278671,True,0.0010072560980916023,0.01,True,,0.001,0.0010000001639127731,6.508026854135096e-05,299.322021484375,5168.3349609375,472205.875,0.00020324747310951352,194549248.0,157.52294921875
npg_logbarrier_handoff,614,179,439702,546.4135158976487,True,495.4901428222656,0.2898652255535126,158.38629150390625,449.3279113769531,6638.8076171875,515.89501953125,0.31965578689770235,0.07770898770972468,-0.4377046525478363,True,-0.06360014528036118,True,0.001064414856955409,0.01,True,,0.001,0.0010000000474974513,4.75004744657781e-05,449.3279113769531,6626.02978515625,886408.875,0.0003392412036191672,502234624.0,167.46484375
npg_logbarrier_handoff,614,180,441867,546.4135158976487,True,462.8181457519531,0.2703157067298889,147.70413208007812,423.4141845703125,5373.2705078125,615.899169921875,0.3191407541726767,0.1146227737885864,-0.41499024629592896,True,-0.218672975897789,True,0.0010773376561701298,0.01,True,,0.001,0.0010000000474974513,7.334478868870065e-05,423.4141845703125,5272.95263671875,371784.6875,0.00018217165779788047,629404736.0,155.7459716796875
npg_logbarrier_handoff,614,181,443753,546.4135158976487,True,267.4886779785156,0.2852989435195923,155.89120483398438,316.98944091796875,4128.291015625,672.7256469726562,0.5827955261960859,0.1629549962506239,0.0555172935128212,True,-0.14463576674461365,True,0.0011079084360972047,0.01,True,,0.001,0.0010000000474974513,7.121014641597867e-05,316.98944091796875,4085.58203125,394408.5,0.0001051934013958089,110453216.0,164.9940643310547
npg_logbarrier_handoff,614,182,445337,546.4135158976487,True,291.1658630371094,0.3204391300678253,175.09226989746094,204.6699676513672,4285.62109375,613.8412475585938,0.6013488946509683,0.14323273899640787,-0.7213001847267151,True,-0.0910818949341774,True,0.0009944287594407797,0.01,True,,0.001,0.0010000001639127731,9.495481208432466e-05,204.6699676513672,4273.6552734375,221817.609375,0.0001687896583462134,84967848.0,164.26602172851562
npg_logbarrier_handoff,614,183,447033,546.4135158976487,True,318.08892822265625,0.2810988128185272,153.59619140625,259.3076477050781,4593.32373046875,618.4695434570312,0.48287185682469136,0.134645319979203,-0.5887755155563354,True,-0.22287234663963318,True,0.0009298227378167212,0.01,True,,0.001,0.0010000001639127731,7.94411389506422e-05,259.3076477050781,4496.091796875,316912.3125,0.00013841957843396813,1415531008.0,148.42160034179688
npg_logbarrier_handoff,614,184,448955,546.4135158976487,True,250.58599853515625,0.2942381501197815,160.77569580078125,349.133544921875,4287.32470703125,515.8602905273438,0.6415988791896728,0.12032218825910908,0.41267821192741394,True,-0.10308295488357544,True,0.0009156328160315752,0.01,True,,0.001,0.0009999999310821295,7.274991367012262e-05,349.133544921875,4265.125,377889.6875,0.00012960468302480876,82083464.0,174.4590606689453
npg_logbarrier_handoff,614,185,450878,546.4135158976487,True,236.84024047851562,0.29059451818466187,158.78477478027344,219.35678100585938,4604.24755859375,562.8803100585938,0.670429883281077,0.12225239909352555,-0.4412587285041809,True,-0.1662222445011139,True,0.0009036255651153624,0.01,True,,0.001,0.0010000001639127731,8.932765922509134e-05,219.35678100585938,4544.70654296875,250644.46875,0.00013248161121737212,53202552.0,164.500244140625
npg_logbarrier_handoff,614,186,452845,546.4135158976487,True,341.4319763183594,0.28494027256965637,155.69520568847656,268.1482238769531,5580.72900390625,582.8516845703125,0.4560065151698112,0.1044400622503518,-0.6481773257255554,True,-0.16732211410999298,True,0.0010633333586156368,0.01,True,,0.001,0.0010000001639127731,7.179643580457196e-05,268.1482238769531,5513.23388671875,387993.3125,0.0001570244348840788,331370144.0,182.6966094970703
npg_logbarrier_handoff,614,187,454894,546.4135158976487,True,253.51577758789062,0.3108308017253876,169.84214782714844,277.17120361328125,5137.79248046875,509.2855224609375,0.6699470519867994,0.0991253586821538,-0.18919633328914642,True,0.035988759249448776,True,0.000867190770804882,0.01,True,,0.001,0.0009999999310821295,6.698585639242083e-05,277.17120361328125,5181.1796875,445721.65625,0.00013083152589388192,113941392.0,177.79800415039062
npg_logbarrier_handoff,614,188,456940,546.4135158976487,True,329.0550842285156,0.3254430592060089,177.82647705078125,293.28472900390625,4795.96875,513.5007934570312,0.5404155278977177,0.10706925341351135,-0.46042758226394653,True,-0.1920640617609024,True,0.0009829755872488022,0.01,True,,0.001,0.0010000000474974513,6.545793439727277e-05,293.28472900390625,4724.29833984375,466772.65625,0.00014970744086895138,63375324.0,135.05320739746094
npg_logbarrier_handoff,614,189,458993,546.4135158976487,True,421.08563232421875,0.27577298879623413,150.6860809326172,353.05084228515625,5249.68408203125,469.5216064453125,0.3578513949784804,0.08943806886444897,-0.5939513444900513,True,-0.19381606578826904,True,0.0010356396669521928,0.01,True,,0.001,0.0010000000474974513,6.178141484269872e-05,353.05084228515625,5179.2060546875,523979.46875,0.0001340578601229936,90134240.0,149.8746795654297
npg_logbarrier_handoff,614,190,460995,546.4135158976487,True,279.26092529296875,0.31652432680130005,172.95315551757812,284.1714172363281,5047.732421875,584.3629760742188,0.6193245808955742,0.11576742331701387,-0.2810204029083252,True,-0.12761646509170532,True,0.0009779557585716248,0.01,True,,0.001,0.0010000000474974513,6.239229696802795e-05,284.1714172363281,5006.81689453125,513769.25,0.00013501456123776734,107373568.0,130.41859436035156
npg_logbarrier_handoff,614,191,463053,546.4135158976487,True,359.19647216796875,0.2790870666503906,152.4969482421875,311.7835998535156,5895.5205078125,455.2572021484375,0.4245502393767284,0.07722086651130286,-0.5026659369468689,True,0.11983484774827957,True,0.0008553521474823356,0.01,True,,0.001,0.0010000000474974513,6.33539239061065e-05,311.7835998535156,5967.21826171875,498290.9375,0.00017802436195779592,41847652.0,140.60494995117188
npg_logbarrier_handoff,614,192,465119,546.4135158976487,True,210.9750213623047,0.30616310238838196,167.29165649414062,263.75531005859375,6366.25341796875,391.6337890625,0.7929453231662568,0.06151715355174421,-0.04150959476828575,True,0.04925502464175224,True,0.0009028418571688235,0.01,True,,0.001,0.0010000000474974513,6.53629467706196e-05,263.75531005859375,6397.51318359375,468130.3125,0.0001713378878775984,656168512.0,116.2901382446289
npg_logbarrier_handoff,614,193,467176,546.4135158976487,True,307.22021484375,0.2568013370037079,140.3197021484375,314.9029541015625,4103.4609375,475.6339416503906,0.4567398086737329,0.11591043484872716,-0.1729336380958557,True,-0.20392261445522308,True,0.0010949040297418833,0.01,True,,0.001,0.0010000000474974513,7.737183477729559e-05,314.9029541015625,4033.436767578125,334090.59375,0.0001396970183122903,134667568.0,126.60181427001953
npg_logbarrier_handoff,614,194,469030,546.4135158976487,True,499.73162841796875,0.27146396040916443,148.33157348632812,456.7494812011719,4944.517578125,402.0970764160156,0.29682246440136384,0.08132180138158068,-0.42572006583213806,True,-0.0485287681221962,True,0.000914235832169652,0.01,True,,0.001,0.0010000000474974513,6.711328751407564e-05,456.7494812011719,4941.3515625,444030.71875,0.00018955634732265025,132338656.0,129.29966735839844
npg_logbarrier_handoff,614,195,471112,546.4135158976487,True,504.6463623046875,0.26026493310928345,142.2122802734375,394.10235595703125,4870.328125,388.8764343261719,0.2818058166989714,0.07984604411559475,-0.8330835700035095,True,0.27646052837371826,True,0.0009143674396909773,0.01,True,,0.001,0.0009999999310821295,6.557896995218471e-05,394.10235595703125,4991.84619140625,465051.21875,0.00014256633585318923,19112580.0,123.91930389404297
npg_logbarrier_handoff,614,196,473251,546.4135158976487,True,399.91802978515625,0.25972142815589905,141.91531372070312,310.6633605957031,4332.9794921875,398.5498962402344,0.3548610043836803,0.09198056371114438,-0.7361767292022705,True,-0.4577884376049042,True,0.0009252058225683868,0.01,True,,0.001,0.0010000001639127731,7.245675078593194e-05,310.6633605957031,4165.62548828125,380953.8125,0.00010818528971867636,67435672.0,113.90481567382812
npg_logbarrier_handoff,614,197,475009,546.4135158976487,True,243.67543029785156,0.2711334228515625,148.15097045898438,311.5993957519531,5494.43212890625,446.13189697265625,0.6079848521366932,0.0811970894363319,0.21838559210300446,True,-0.04913392663002014,True,0.0010328944772481918,0.01,True,,0.001,0.0010000000474974513,7.05554339219816e-05,311.5993957519531,5490.62255859375,401762.1875,0.0002027464797720313,427610784.0,122.73014831542969
npg_logbarrier_handoff,614,198,476970,546.4135158976487,True,228.25132751464844,0.25859570503234863,141.30018615722656,212.82981872558594,5738.728515625,422.1675109863281,0.6190552655084048,0.07356464238321792,-0.41498076915740967,True,-0.15404324233531952,True,0.000999719020910561,0.01,True,,0.001,0.0010000000474974513,7.11962566128932e-05,212.82981872558594,5689.01025390625,394562.4375,0.00015374351642094553,37374180.0,127.2872085571289
npg_logbarrier_handoff,614,199,478774,546.4135158976487,True,327.7794494628906,0.24632713198661804,134.5964813232422,245.58721923828125,4498.7236328125,380.84979248046875,0.4106312386081436,0.08465729917318128,-0.739409863948822,True,-0.12200526148080826,True,0.0009993306593969464,0.01,True,,0.001,0.0009999999310821295,7.102901145117357e-05,245.58721923828125,4468.27587890625,396422.65625,0.00016011373372748494,301760480.0,131.68377685546875
npg_logbarrier_handoff,614,200,480712,546.4135158976487,True,425.650634765625,0.2554066777229309,139.5576629638672,309.9518127441406,4839.78857421875,409.9832458496094,0.327869035225829,0.08471098263125881,-0.8803007006645203,True,-0.10898826271295547,True,0.0010703395819291472,0.01,True,,0.001,0.0010000000474974513,8.500170952174813e-05,309.9518127441406,4812.39208984375,276805.5,0.0001125424969359301,57861516.0,114.04308319091797
npg_logbarrier_handoff,614,201,482621,546.4135158976487,True,284.8388366699219,0.2871595621109009,156.9078826904297,267.46728515625,4369.02734375,428.38299560546875,0.5508654807218523,0.0980499689978551,-0.3827684819698334,True,-0.23607951402664185,True,0.0012199839111417532,0.01,True,,0.001,0.0010000001639127731,8.722531492821872e-05,267.46728515625,4288.14697265625,262872.375,0.0001812159171095118,50111488.0,122.8663101196289
npg_logbarrier_handoff,614,202,484380,546.4135158976487,True,309.46875,0.3065210282802582,167.48721313476562,198.0369110107422,4535.419921875,431.18670654296875,0.5412088074636474,0.09507095571532233,-0.8161382675170898,True,-0.3156595230102539,True,0.001034324406646192,0.01,True,,0.001,0.0010000001639127731,8.469923341181129e-05,198.0369110107422,4418.2958984375,278786.0625,0.00010310181824024767,113369920.0,117.36925506591797
npg_logbarrier_handoff,614,203,486220,546.4135158976487,True,379.9613342285156,0.2993394434452057,163.5631103515625,386.52276611328125,5064.5283203125,463.3782958984375,0.4304730392729716,0.09149485728808114,-0.17477458715438843,True,-0.28117769956588745,True,0.0010411720722913742,0.01,True,,0.001,0.0009999998146668077,6.999375182203948e-05,386.52276611328125,4954.2333984375,408236.125,0.00033625218202359974,84624024.0,129.6571807861328
npg_logbarrier_handoff,614,204,488296,546.4135158976487,True,200.2308349609375,0.28172996640205383,153.94107055664062,230.76925659179688,5614.765625,434.193359375,0.7688180024154251,0.07733062933949268,-0.1709037870168686,True,0.019415121525526047,True,0.0009869941277429461,0.01,True,,0.001,0.0009999998146668077,7.20231473678723e-05,230.76925659179688,5639.9267578125,385554.5625,0.0002262568159494549,33734424.0,127.06769561767578
npg_logbarrier_handoff,614,205,490317,546.4135158976487,True,290.3565979003906,0.2878990173339844,157.31190490722656,392.4085388183594,4783.265625,428.0934753417969,0.5417886352325763,0.0894981606508204,0.4918332099914551,True,-0.051332101225852966,True,0.0010238976683467627,0.01,True,,0.001,0.0010000000474974513,6.702023529214785e-05,392.4085388183594,4780.4462890625,445264.53125,9.715608030091971e-05,1767322112.0,115.51353454589844
npg_logbarrier_handoff,614,206,492452,546.4135158976487,True,397.3545837402344,0.251961886882782,137.6753692626953,326.15264892578125,4579.44677734375,366.99652099609375,0.34647988194015367,0.08013992493848032,-0.6440765857696533,True,0.032181885093450546,True,0.0010028511751443148,0.01,True,,0.001,0.0010000001639127731,7.782694592606276e-05,326.15264892578125,4605.88671875,330194.6875,9.126758959610015e-05,1426150912.0,125.93230438232422
npg_logbarrier_handoff,614,207,494563,546.4135158976487,True,372.8079833984375,0.3277454674243927,179.0845489501953,289.1349182128906,5095.28515625,402.81414794921875,0.4803667220795516,0.07905625212263481,-0.6549777984619141,True,-0.0009447155753150582,True,0.0010041644563898444,0.01,True,,0.001,0.0010000001639127731,7.980569353094324e-05,289.1349182128906,5110.8046875,314023.59375,9.689154830994084e-05,51117820.0,120.18898010253906
npg_logbarrier_handoff,614,208,496780,546.4135158976487,True,233.078857421875,0.25405797362327576,138.82070922851562,196.56356811523438,5254.66845703125,372.7229309082031,0.5955954596827665,0.07093176933160533,-0.5402324199676514,True,-0.311892569065094,True,0.0011433354811742902,0.01,True,,0.001,0.0009999998146668077,7.84214716986753e-05,196.56356811523438,5150.6083984375,325207.09375,0.0001701074797892943,1059295296.0,132.34083557128906
npg_logbarrier_handoff,614,209,498718,546.4135158976487,True,251.1344757080078,0.26049497723579407,142.33798217773438,246.3052520751953,4444.6416015625,408.6759033203125,0.566779936432263,0.0919479994014914,-0.31699156761169434,True,-0.11014951765537262,True,0.0008287961827591062,0.01,True,,0.001,0.0010000001639127731,8.632658136775717e-05,246.3052520751953,4418.3369140625,268374.3125,0.0001055035536410287,55156492.0,118.81117248535156
npg_logbarrier_handoff,614,210,500646,546.4135158976487,True,356.85931396484375,0.25629520416259766,140.04318237304688,282.9806823730469,4579.0302734375,386.2786865234375,0.3924324709844713,0.08435818578536199,-0.6691511273384094,True,-0.0635468065738678,True,0.0009389445767737925,0.01,True,,0.001,0.0010000001639127731,7.447395182680339e-05,282.9806823730469,4570.76953125,360596.25,9.75518487393856e-05,38726428.0,126.28573608398438
npg_logbarrier_handoff,614,211,502385,546.4135158976487,True,150.26136779785156,0.2915028929710388,159.28111267089844,178.80979919433594,4528.1357421875,406.06646728515625,1.0600270382549775,0.08967630177292109,-0.3337540030479431,True,-0.012248354032635689,True,0.0009412722429260612,0.01,True,,0.001,0.0010000001639127731,9.619010961614549e-05,178.80979919433594,4541.34912109375,216156.9375,8.017798245418817e-05,25660976.0,104.39573669433594
npg_logbarrier_handoff,614,212,504369,546.4135158976487,True,172.7766876220703,0.22640568017959595,123.71112823486328,179.12013244628906,4556.18359375,418.4526672363281,0.7160174786164876,0.09184280190340566,-0.30579113960266113,True,-0.44224727153778076,True,0.0014003451215103269,0.01,True,,0.001,0.0009999999310821295,9.975368448067456e-05,179.12013244628906,4387.2060546875,200988.921875,8.924753637984395e-05,108417336.0,115.86689758300781
npg_logbarrier_handoff,614,213,506018,546.4135158976487,True,414.6451110839844,0.24319833517074585,132.88685607910156,332.4872131347656,4456.3837890625,392.96234130859375,0.32048335438395165,0.08817964518070877,-0.7172454595565796,True,-0.10560586303472519,True,0.0008359247585758567,0.01,True,,0.001,0.0009999999310821295,7.91507845860906e-05,332.4872131347656,4432.14453125,319241.65625,0.00011555864330148324,669078528.0,125.8176498413086
npg_logbarrier_handoff,614,214,508022,546.4135158976487,True,410.7174987792969,0.26869603991508484,146.8191375732422,315.405517578125,5833.87744140625,342.9921875,0.35746988625906323,0.05879317674135473,-0.7525895237922668,True,-0.12503036856651306,True,0.001067745964974165,0.01,True,,0.001,0.0009999998146668077,5.944338772678748e-05,315.405517578125,5800.98291015625,566008.4375,0.0001502588129369542,19351208.0,131.9816436767578
npg_logbarrier_handoff,614,215,510264,546.4135158976487,True,417.9579772949219,0.26941585540771484,147.21246337890625,292.95367431640625,4386.92236328125,394.1648864746094,0.35221833623486354,0.08984997997087624,-0.8982691168785095,True,-0.1652316153049469,True,0.0010271362261846662,0.01,True,,0.001,0.0010000001639127731,9.343668352812529e-05,292.95367431640625,4339.24072265625,229084.234375,0.000156359703396447,605933632.0,120.31859588623047
npg_logbarrier_handoff,614,216,512277,546.4135158976487,True,268.3387451171875,0.304220974445343,166.23045349121094,257.9067687988281,5425.26318359375,451.7602844238281,0.6194798795031096,0.08326974547335739,-0.37127625942230225,True,-0.1675058752298355,True,0.0008899999666027725,0.01,True,,0.001,0.0009999999310821295,7.833219569874927e-05,257.9067687988281,5368.0986328125,325948.8125,0.00013139522343408316,3687120640.0,118.63391876220703
npg_logbarrier_handoff,614,217,514304,546.4135158976487,True,277.9502258300781,0.2899371087551117,158.42556762695312,231.12611389160156,4358.8173828125,435.1990661621094,0.5699781935914127,0.09984338134425348,-0.5556530952453613,True,-0.13076424598693848,True,0.0009232889860868454,0.01,True,,0.001,0.0009999999310821295,7.910552085377276e-05,231.12611389160156,4323.4912109375,319607.09375,0.0001733472745399922,304049536.0,108.64797973632812
npg_logbarrier_handoff,614,218,516182,546.4135158976487,True,296.61767578125,0.32269981503486633,176.32754516601562,173.56663513183594,4684.31396484375,440.0824890136719,0.5944606797339141,0.09394811968551542,-0.850333571434021,True,-0.3394840359687805,True,0.0010109650902450085,0.01,True,,0.001,0.0010000000474974513,8.034706115722656e-05,173.56663513183594,4553.7666015625,309806.15625,8.96861165529117e-05,52398292.0,124.41616821289062
npg_logbarrier_handoff,614,219,518103,546.4135158976487,True,340.4881286621094,0.31394490599632263,171.54373168945312,227.72879028320312,4036.065673828125,468.6704406738281,0.5038170709901261,0.1161206180843197,-0.8003873825073242,True,0.05638428032398224,True,0.0008471905603073537,0.01,True,,0.001,0.0009999998146668077,7.7745396993123e-05,227.72879028320312,4089.350830078125,330887.6875,0.00010812525579240173,164523904.0,127.14823913574219
npg_logbarrier_handoff,614,220,519965,546.4135158976487,True,151.00137329101562,0.32886040210723877,179.6937713623047,247.8615264892578,4186.91552734375,430.5691223144531,1.1900141531560244,0.10283683047878768,0.11690249294042587,True,-0.12868094444274902,True,0.000984592130407691,0.01,True,,0.001,0.0010000001639127731,8.021146641112864e-05,247.8615264892578,4153.515625,310854.46875,0.00012357679952401668,1584737920.0,118.17218017578125
npg_logbarrier_handoff,614,221,521660,546.4135158976487,True,229.84454345703125,0.3135250508785248,171.3143310546875,265.05316162109375,4395.220703125,418.9684753417969,0.7453486973325264,0.09532364894529881,-0.1514125019311905,True,-0.03360622003674507,True,0.000781579059548676,0.01,True,,0.001,0.0009999999310821295,8.629544754512608e-05,265.05316162109375,4401.1044921875,268567.96875,9.607834363123402e-05,1536568576.0,140.46615600585938
npg_logbarrier_handoff,614,222,523507,546.4135158976487,True,139.07188415527344,0.3005649447441101,164.23272705078125,231.15744018554688,4551.64794921875,458.3481750488281,1.1809196952233407,0.10069939067398645,0.15587423741817474,True,-0.3235749900341034,True,0.0011317621683701873,0.01,True,,0.001,0.0009999998146668077,9.416895773028955e-05,231.15744018554688,4424.6435546875,225535.28125,9.86602608463727e-05,57707504.0,125.63810729980469
npg_logbarrier_handoff,614,223,525163,546.4135158976487,True,728.7775268554688,0.26578742265701294,145.2298583984375,632.5780639648438,5666.6748046875,433.38958740234375,0.1992787277965001,0.07648040558880172,-0.7183158993721008,True,0.07766221463680267,True,0.000956501520704478,0.01,True,,0.001,0.0010000000474974513,4.989751323591918e-05,632.5780639648438,5716.685546875,803289.75,0.00016289808263536543,261167184.0,128.92514038085938
npg_logbarrier_handoff,614,224,527377,546.4135158976487,True,192.21450805664062,0.26787301898002625,146.3694305419922,266.9749450683594,4399.818359375,396.64996337890625,0.7614900249821981,0.0901514405779358,0.2293495386838913,True,-0.18826180696487427,True,0.0009674153407104313,0.01,True,,0.001,0.0010000000474974513,8.691953553352505e-05,266.9749450683594,4342.6533203125,264725.15625,0.00011262953194091097,48244044.0,131.8909149169922
npg_logbarrier_handoff,614,225,529170,546.4135158976487,True,251.76417541503906,0.289398729801178,158.13137817382812,256.7948303222656,4868.05029296875,394.6765441894531,0.6280932460432264,0.08107486990418131,-0.28191566467285156,True,-0.15503685176372528,True,0.0008646333590149879,0.01,True,,0.001,0.0010000001639127731,8.553283987566829e-05,256.7948303222656,4822.64892578125,273378.40625,0.00010203453712165356,149906320.0,129.60902404785156
npg_logbarrier_handoff,614,226,531580,546.4135158976487,True,409.11358642578125,0.25644829869270325,140.12680053710938,385.3456726074219,7156.9970703125,380.973388671875,0.34251319239071587,0.053230899066895994,-0.3359467685222626,True,0.0014345514355227351,True,0.0009192519937641919,0.01,True,,0.001,0.0009999999310821295,4.701844954979606e-05,385.3456726074219,7167.6748046875,904676.625,0.00038578492240048945,183374448.0,142.98765563964844
npg_logbarrier_handoff,614,227,533916,546.4135158976487,True,276.1744384765625,0.29692813754081726,162.24554443359375,297.8115234375,4641.13720703125,450.37152099609375,0.5874748775758358,0.09703904472244172,-0.1551530808210373,True,-0.09812988340854645,True,0.0010772072710096836,0.01,True,,0.001,0.0009999999310821295,6.921875319676474e-05,297.8115234375,4618.740234375,417428.8125,0.00011133021325804293,299655296.0,151.3018798828125
npg_logbarrier_handoff,614,228,535629,546.4135158976487,True,540.3496704101562,0.25804898142814636,141.00143432617188,422.64801025390625,5904.76904296875,418.3023681640625,0.26094479565268125,0.0708414444527964,-0.874312162399292,True,-0.42704227566719055,True,0.0011598002165555954,0.01,True,,0.001,0.0009999999310821295,5.76299789827317e-05,422.64801025390625,5738.61572265625,602189.375,0.000141912154504098,77157440.0,150.3634796142578
npg_logbarrier_handoff,614,229,537689,546.4135158976487,True,272.79986572265625,0.31416791677474976,171.66558837890625,216.66403198242188,5357.3427734375,440.6424560546875,0.6292729944135353,0.0822501890749754,-0.6079981327056885,True,-0.2186390459537506,True,0.0010274145752191544,0.01,True,,0.001,0.0010000003967434168,7.431150879710913e-05,216.66403198242188,5278.54296875,362174.5,0.00013251809286884964,720339264.0,172.40472412109375
npg_logbarrier_handoff,614,230,539460,546.4135158976487,True,249.91888427734375,0.3244509994983673,177.284423828125,248.79885864257812,4938.060546875,467.9145812988281,0.7093678588585017,0.09475675254628925,-0.3609873652458191,True,-0.05111817643046379,True,0.0011174905812367797,0.01,True,,0.001,0.0009999999310821295,7.657923561055213e-05,248.79885864257812,4936.31005859375,341042.0625,0.00011897909280378371,66617656.0,189.69357299804688
npg_logbarrier_handoff,614,231,541443,546.4135158976487,True,311.37957763671875,0.33692291378974915,184.09922790527344,242.57164001464844,4804.39501953125,513.915283203125,0.5912373229565455,0.1069677412273369,-0.628077507019043,True,-0.17077060043811798,True,0.0011480540269985795,0.01,True,,0.001,0.0010000000474974513,8.458342199446633e-05,242.57164001464844,4743.736328125,279550.03125,0.0001256582181667909,88679184.0,181.9351043701172
npg_logbarrier_handoff,614,232,543445,546.4135158976487,True,388.0509033203125,0.29571276903152466,161.58145141601562,354.56658935546875,5626.17626953125,417.15545654296875,0.41639241149411765,0.07414546515403159,-0.4064842164516449,True,0.0344872921705246,True,0.0009060385636985302,0.01,True,,0.001,0.0010000000474974513,5.849496301379986e-05,354.56658935546875,5655.94921875,584511.5,0.00018877167894970626,103523560.0,152.52096557617188
npg_logbarrier_handoff,614,233,545871,546.4135158976487,True,400.8211364746094,0.33394935727119446,182.47442626953125,248.51873779296875,5271.36083984375,508.3629455566406,0.4552515066307896,0.09643865426820396,-0.903702974319458,True,-0.2959030568599701,True,0.0009465116309002042,0.01,True,,0.001,0.0009999999310821295,8.595691906521097e-05,248.51873779296875,5143.90673828125,270687.5625,0.00015595943841617554,32774782.0,167.22679138183594
npg_logbarrier_handoff,614,234,547676,546.4135158976487,True,417.10125732421875,0.32541048526763916,177.80868530273438,368.7347717285156,4232.4267578125,459.8956604003906,0.4262962102857464,0.10866003990535313,-0.4693912863731384,True,0.04901256039738655,True,0.0009146422380581498,0.01,True,,0.001,0.0010000000474974513,6.520474562421441e-05,368.7347717285156,4279.68994140625,470404.65625,0.00015874754171818495,106945608.0,166.07791137695312
npg_logbarrier_handoff,614,235,549616,546.4135158976487,True,403.6078796386719,0.33574217557907104,183.45407104492188,304.3128662109375,4767.41748046875,593.7559204101562,0.45453540503014533,0.12454456167152703,-0.7019412517547607,True,-0.2418007105588913,True,0.0011068359017372131,0.01,True,,0.001,0.0010000001639127731,7.522281521232799e-05,304.3128662109375,4659.6015625,353452.3125,0.00015253217134159058,236950304.0,148.92230224609375
npg_logbarrier_handoff,614,236,551395,546.4135158976487,True,488.52490234375,0.30162596702575684,164.8125,452.9615173339844,6014.78857421875,546.408447265625,0.3373676535408831,0.09084416526421246,-0.37661072611808777,True,-0.12321256101131439,True,0.0009872453520074487,0.01,True,,0.001,0.0010000000474974513,4.891525532002561e-05,452.9615173339844,5972.13134765625,835875.0625,0.00014267450023908168,12723621888.0,145.85595703125
npg_logbarrier_handoff,614,237,553575,546.4135158976487,True,311.08428955078125,0.3500361442565918,191.26449584960938,387.3263244628906,5739.34326171875,475.28240966796875,0.6148317426309227,0.08281128832946591,0.14005312323570251,True,0.18165481090545654,True,0.0009644486708566546,0.01,True,,0.001,0.0009999999310821295,5.343396696844138e-05,387.3263244628906,5844.3974609375,700479.125,0.00017648660286795348,218687552.0,164.62899780273438
npg_logbarrier_handoff,614,238,555865,546.4135158976487,True,446.8385925292969,0.2711024880409241,148.13406372070312,321.45941162109375,5682.4287109375,410.32135009765625,0.3315158229332905,0.07220879855613015,-0.8934028744697571,True,0.020123060792684555,True,0.0009708850411698222,0.01,True,,0.001,0.0010000000474974513,7.488491974072531e-05,321.45941162109375,5705.453125,356649.25,0.00020846165716648102,78078752.0,145.90394592285156
npg_logbarrier_handoff,614,239,558144,546.4135158976487,True,588.231689453125,0.28745758533477783,157.07069396972656,459.9979248046875,5172.52978515625,532.3038940429688,0.26702181603944886,0.10290977841645993,-0.860930860042572,True,-0.239231675863266,True,0.000945372274145484,0.01,True,,0.001,0.0009999999310821295,6.996630690991879e-05,459.9979248046875,5071.59033203125,408556.5,0.0001300627045566216,45235112.0,145.29583740234375
npg_logbarrier_handoff,614,240,560098,546.4135158976487,True,309.3778381347656,0.3197547495365143,174.71832275390625,196.60818481445312,3993.183837890625,406.3672790527344,0.564740912947354,0.10176523184251778,-0.8101749420166016,True,-0.08535764366388321,True,0.0008654030971229076,0.01,True,,0.001,0.0009999999310821295,0.00011141623690491542,196.60818481445312,3979.149658203125,161113.90625,0.0001603843702469021,266450704.0,143.15748596191406
npg_logbarrier_handoff,614,241,561897,546.4135158976487,True,280.44036865234375,0.3377871811389923,184.5714874267578,382.657470703125,5015.2158203125,479.2763366699219,0.6581487833357093,0.0955644490370223,0.3256613314151764,True,-0.36069220304489136,True,0.0009456713451072574,0.01,True,,0.001,0.0009999999310821295,7.445885421475396e-05,382.657470703125,4862.93310546875,360742.5,0.0001836342125898227,51025756.0,137.02224731445312
npg_logbarrier_handoff,614,242,563510,546.4135158976487,True,342.9439392089844,0.3237445056438446,176.89837646484375,330.4969482421875,6042.82958984375,378.013427734375,0.5158230143179314,0.06255569880204902,-0.3269970118999481,True,-0.23233535885810852,True,0.0010351344244554639,0.01,True,,0.001,0.0010000000474974513,6.087424117140472e-05,330.4969482421875,5966.3427734375,539713.0,0.00015960721066221595,321887776.0,150.0331573486328
npg_logbarrier_handoff,614,243,565662,546.4135158976487,True,292.18206787109375,0.2972606420516968,162.42723083496094,307.2423095703125,5935.705078125,463.0559387207031,0.5559110181485243,0.07801195184498208,-0.18284599483013153,True,0.12027323246002197,True,0.001013880013488233,0.01,True,,0.001,0.0009999999310821295,5.843684630235657e-05,307.2423095703125,6009.0078125,585674.75,0.00019696899107657373,54492556.0,125.51374053955078
npg_logbarrier_handoff,614,244,567828,546.4135158976487,True,354.19927978515625,0.28463444113731384,155.52810668945312,262.8826904296875,5875.85400390625,404.1456298828125,0.4390977496729822,0.06878074737972348,-0.7310020923614502,True,0.11263547092676163,True,0.0008387420675717294,0.01,True,,0.001,0.0010000001639127731,7.059940980980173e-05,262.8826904296875,5934.9765625,401261.875,0.00016571799642406404,314416928.0,133.87283325195312
npg_logbarrier_handoff,614,245,569900,546.4135158976487,True,410.1112365722656,0.2588495910167694,141.4389190673828,285.29656982421875,4838.6884765625,376.0483703613281,0.3448794045477461,0.07771700372586919,-0.9206169843673706,True,-0.2291022390127182,True,0.0008868559962138534,0.01,True,,0.001,0.0010000000474974513,9.340205724583939e-05,285.29656982421875,4766.61083984375,229254.109375,0.0001041954310494475,30781258.0,136.68434143066406
npg_logbarrier_handoff,614,246,572429,546.4135158976487,True,141.43994140625,0.3013497591018677,164.66159057617188,253.8544921875,4164.8154296875,400.6004638671875,1.1641802799056855,0.09618684684359372,0.37191081047058105,True,-0.07826140522956848,True,0.0010637345258146524,0.01,True,,0.001,0.001000000280328095,9.347294690087438e-05,253.8544921875,4152.7119140625,228906.515625,0.00011542456195456907,81498240.0,121.18204498291016
npg_logbarrier_handoff,614,247,574198,546.4135158976487,True,327.21368408203125,0.2502880096435547,136.76075744628906,311.74755859375,5468.21923828125,427.87286376953125,0.4179554954431663,0.07824720354555839,-0.3193941116333008,True,-0.31432971358299255,True,0.0010670718038454652,0.01,True,,0.001,0.0010000001639127731,6.72590613248758e-05,311.74755859375,5349.1708984375,442108.0625,0.0002294967125635594,540922624.0,118.89281463623047
npg_logbarrier_handoff,614,248,576218,546.4135158976487,True,371.73370361328125,0.244934543967247,133.83554077148438,324.8838195800781,4851.12109375,429.31964111328125,0.36003068721128123,0.08849905677811266,-0.508012056350708,True,-0.022409990429878235,True,0.0010570164304226637,0.01,True,,0.001,0.0009999998146668077,6.892737292218953e-05,324.8838195800781,4860.48779296875,420965.5,0.00011715464643202722,269661856.0,123.96320343017578
npg_logbarrier_handoff,614,249,578461,546.4135158976487,True,385.7496643066406,0.260694682598114,142.44711303710938,282.1078186035156,4959.142578125,417.2596130371094,0.36927345949386264,0.08413946694689929,-0.8144761323928833,True,-0.2052844762802124,True,0.0009330876637250185,0.01,True,,0.001,0.0009999999310821295,8.386379340663552e-05,282.1078186035156,4890.5654296875,284368.1875,0.00011461408575996757,59881484.0,131.0110626220703
npg_logbarrier_handoff,614,250,580476,0.0,False,265.97222900390625,0.27555206418037415,0.0,265.97222900390625,4402.1298828125,0.0,0.0,0.0,-0.8356813788414001,True,nan,False,0.0009292956674471498,0.01,True,,0.001,0.001000000280328095,8.619266009191051e-05,265.97222900390625,4402.1298828125,269208.9375,9.541255712974817e-05,38292988.0,129.94471740722656
npg_logbarrier_handoff,614,251,582319,0.0,False,264.4375,0.2913675606250763,0.0,264.4375,4640.4208984375,0.0,0.0,0.0,-0.6967779994010925,True,nan,False,0.0009812609059736133,0.01,True,,0.001,0.0010000001639127731,9.624807717045769e-05,264.4375,4640.4208984375,215896.65625,0.00018895183166023344,1399382144.0,139.15646362304688
npg_logbarrier_handoff,614,252,584231,0.0,False,339.94537353515625,0.3284551501274109,0.0,339.94537353515625,4400.38427734375,0.0,0.0,0.0,-0.6929225921630859,True,nan,False,0.0010281340219080448,0.01,True,,0.001,0.001000000280328095,8.260084723588079e-05,339.94537353515625,4400.38427734375,293130.5,0.00011903378617716953,162847184.0,150.67283630371094
npg_logbarrier_handoff,614,253,586075,0.0,False,280.4116516113281,0.38315948843955994,0.0,280.4116516113281,4469.35400390625,0.0,0.0,0.0,-0.6752557754516602,True,nan,False,0.0009703339892439544,0.01,True,,0.001,0.0009999999310821295,7.307458145078272e-05,280.4116516113281,4469.35400390625,374539.25,0.00022020685719326138,63792228.0,140.8167266845703
npg_logbarrier_handoff,614,254,588085,0.0,False,311.601318359375,0.33153823018074036,0.0,311.601318359375,4841.52978515625,0.0,0.0,0.0,-0.7104803323745728,True,nan,False,0.001114177517592907,0.01,True,,0.001,0.0009999998146668077,6.874901737319306e-05,311.601318359375,4841.52978515625,423152.625,0.0002723137731663883,363589504.0,145.39852905273438
npg_logbarrier_handoff,614,255,589758,0.0,False,360.7966003417969,0.32963696122169495,0.0,360.7966003417969,5250.17626953125,0.0,0.0,0.0,-0.6920446753501892,True,nan,False,0.001009346917271614,0.01,True,,0.001,0.0009999998146668077,6.875569670228288e-05,360.7966003417969,5250.17626953125,423070.375,0.00018063720199279487,33883656.0,145.72251892089844
npg_logbarrier_handoff,614,256,591588,0.0,False,291.4002685546875,0.38298162817955017,0.0,291.4002685546875,4659.22509765625,0.0,0.0,0.0,-0.40459832549095154,True,nan,False,0.0011861363891512156,0.01,True,,0.001,0.0010000001639127731,6.877646228531376e-05,291.4002685546875,4659.22509765625,422815.0,0.00021856557577848434,2865593856.0,168.29263305664062
npg_logbarrier_handoff,614,257,593038,0.0,False,441.5273132324219,0.43573078513145447,0.0,441.5273132324219,4826.38720703125,0.0,0.0,0.0,-0.7336279153823853,True,nan,False,0.0011140700662508607,0.01,True,,0.001,0.0010000001639127731,7.354286935878918e-05,441.5273132324219,4826.38720703125,369784.625,0.00013794464757665992,55102044.0,166.66419982910156
npg_logbarrier_handoff,614,258,594941,0.0,False,347.1661071777344,0.44712361693382263,0.0,347.1661071777344,5621.64697265625,0.0,0.0,0.0,-0.4708326458930969,True,nan,False,0.001243222039192915,0.01,True,,0.001,0.0010000000474974513,6.848272460047156e-05,347.1661071777344,5621.64697265625,426449.875,0.0001652100181672722,170590560.0,163.64906311035156
npg_logbarrier_handoff,614,259,596415,0.0,False,420.5364074707031,0.4140016734600067,0.0,420.5364074707031,4840.38427734375,0.0,0.0,0.0,-0.5503093004226685,True,nan,False,0.000981823424808681,0.01,True,,0.001,0.0010000001639127731,6.185668462421745e-05,420.5364074707031,4840.38427734375,522705.09375,0.00012526540376711637,149328928.0,166.04371643066406
npg_logbarrier_handoff,614,260,598211,0.0,False,217.61532592773438,0.46067026257514954,0.0,217.61532592773438,4849.37744140625,0.0,0.0,0.0,0.09695399552583694,True,nan,False,0.0009979300666600466,0.01,True,,0.001,0.0009999999310821295,8.058071398409083e-05,217.61532592773438,4849.37744140625,308012.125,0.00015935696137603372,274979040.0,169.62815856933594
npg_logbarrier_handoff,614,261,599941,0.0,False,268.03369140625,0.5185473561286926,0.0,268.03369140625,4364.97607421875,0.0,0.0,0.0,-0.26580891013145447,True,nan,False,0.0009712211322039366,0.01,True,,0.001,0.0010000001639127731,8.220316522056237e-05,268.03369140625,4364.97607421875,295973.5625,0.00014054203347768635,410415776.0,180.3871612548828
npg_logbarrier_handoff,614,262,601561,0.0,False,245.5231475830078,0.5234519243240356,0.0,245.5231475830078,4601.529296875,0.0,0.0,0.0,-0.5577998161315918,True,nan,False,0.0011954046785831451,0.01,True,,0.001,0.0009999999310821295,8.645204070489854e-05,245.5231475830078,4601.529296875,267595.9375,0.000196444962057285,103822504.0,197.15391540527344
npg_logbarrier_handoff,614,263,603108,0.0,False,446.5919494628906,0.6989667415618896,0.0,446.5919494628906,7030.88720703125,0.0,0.0,0.0,-0.5173801183700562,True,nan,False,0.0009716734639368951,0.01,True,,0.001,0.0009999998146668077,4.6362183638848364e-05,446.5919494628906,7030.88720703125,930469.6875,0.0004032284196000546,105268424.0,187.38929748535156
npg_logbarrier_handoff,614,264,605112,0.0,False,313.1166687011719,0.5567847490310669,0.0,313.1166687011719,4348.9052734375,0.0,0.0,0.0,-0.20292405784130096,True,nan,False,0.0010895661544054747,0.01,True,,0.001,0.0010000000474974513,7.634199573658407e-05,313.1166687011719,4348.9052734375,343165.03125,0.00012105311179766431,137063936.0,216.66696166992188
npg_logbarrier_handoff,614,265,606465,0.0,False,218.8990936279297,0.6413964629173279,0.0,218.8990936279297,4590.5712890625,0.0,0.0,0.0,-0.6260604858398438,True,nan,False,0.0010568429715931416,0.01,True,,0.001,0.0010000001639127731,8.718733442947268e-05,218.8990936279297,4590.5712890625,263101.4375,0.00019416723807808012,120325176.0,201.6353302001953
npg_logbarrier_handoff,614,266,608013,0.0,False,403.6850891113281,0.671999990940094,0.0,403.6850891113281,4865.3173828125,0.0,0.0,0.0,-0.6737168431282043,True,nan,False,0.0011619068682193756,0.01,True,,0.001,0.0010000001639127731,6.850969657534733e-05,403.6850891113281,4865.3173828125,426114.125,0.00034278430393896997,2334592000.0,224.6533966064453
npg_logbarrier_handoff,614,267,609729,0.0,False,295.5265808105469,0.6181456446647644,0.0,295.5265808105469,4430.57421875,0.0,0.0,0.0,-0.7066057920455933,True,nan,False,0.0012015769025310874,0.01,True,,0.001,0.0010000001639127731,9.246545232599601e-05,295.5265808105469,4430.57421875,233921.96875,0.00015318827354349196,941566016.0,214.33291625976562
npg_logbarrier_handoff,614,268,611138,0.0,False,332.9923400878906,0.7078809142112732,0.0,332.9923400878906,4211.10009765625,0.0,0.0,0.0,-0.9032858610153198,True,nan,False,0.0012455882970243692,0.01,True,,0.001,0.0009999999310821295,9.234035678673536e-05,332.9923400878906,4211.10009765625,234556.21875,0.0001673978695180267,376357088.0,223.3831024169922
npg_logbarrier_handoff,614,269,612428,0.0,False,353.7723083496094,0.8266706466674805,0.0,353.7723083496094,3435.40283203125,0.0,0.0,0.0,0.40740966796875,True,nan,False,0.0008405306143686175,0.01,True,,0.001,0.0009999999310821295,8.82255335454829e-05,353.7723083496094,3435.40283203125,256945.71875,0.00012297001376282424,2762683648.0,273.0499572753906
npg_logbarrier_handoff,614,270,613646,0.0,False,420.6117248535156,0.7285197377204895,0.0,420.6117248535156,4758.8212890625,0.0,0.0,0.0,-0.3964702785015106,True,nan,False,0.00122308440040797,0.01,True,,0.001,0.0009999999310821295,6.962010229472071e-05,420.6117248535156,4758.8212890625,412629.875,0.0002139949647244066,400438144.0,220.39312744140625
npg_logbarrier_handoff,614,271,615142,0.0,False,248.01419067382812,0.8133494853973389,0.0,248.01419067382812,4279.23681640625,0.0,0.0,0.0,0.04667660593986511,True,nan,False,0.0012454334646463394,0.01,True,,0.001,0.0009999999310821295,9.283368126489222e-05,248.01419067382812,4279.23681640625,232069.9375,0.00023111315385904163,975087168.0,266.5357666015625
npg_logbarrier_handoff,614,272,616348,0.0,False,300.1606750488281,0.7695411443710327,0.0,300.1606750488281,4707.0576171875,0.0,0.0,0.0,-0.7561631202697754,True,nan,False,0.001098204986192286,0.01,True,,0.001,0.0010000001639127731,9.306533320341259e-05,300.1606750488281,4707.0576171875,230916.0625,0.00012636774044949561,1345158528.0,228.22605895996094
npg_logbarrier_handoff,614,273,617762,0.0,False,278.7233581542969,0.8062068819999695,0.0,278.7233581542969,4156.66357421875,0.0,0.0,0.0,-0.11624331027269363,True,nan,False,0.0011616928968578577,0.01,True,,0.001,0.001000000280328095,7.91280617704615e-05,278.7233581542969,4156.66357421875,319425.0625,0.00013263695291243494,278714624.0,226.44912719726562
npg_logbarrier_handoff,614,274,619080,0.0,False,334.9712219238281,0.9994056224822998,0.0,334.9712219238281,5881.2333984375,0.0,0.0,0.0,-0.2927781939506531,True,nan,False,0.0011675864225253463,0.01,True,,0.001,0.0009999999310821295,5.484884968609549e-05,334.9712219238281,5881.2333984375,664806.0625,0.00022012923727743328,145479248.0,221.92970275878906
npg_logbarrier_handoff,614,275,620591,0.0,False,283.5998840332031,0.7873555421829224,0.0,283.5998840332031,4628.55419921875,0.0,0.0,0.0,-0.6804668307304382,True,nan,False,0.001169023453257978,0.01,True,,0.001,0.0009999999310821295,8.50838769110851e-05,283.5998840332031,4628.55419921875,276271.125,0.00021718180505558848,1616108544.0,247.4747314453125
npg_logbarrier_handoff,614,276,621873,0.0,False,270.4494934082031,0.9324499368667603,0.0,270.4494934082031,3296.068359375,0.0,0.0,0.0,-0.6797448992729187,True,nan,False,0.0014369746204465628,0.01,True,,0.001,0.0010000000474974513,9.319636592408642e-05,270.4494934082031,3296.068359375,230267.1875,0.00015987246297299862,2188429568.0,274.4217224121094
npg_logbarrier_handoff,614,277,622933,0.0,False,213.12521362304688,1.0303843021392822,0.0,213.12521362304688,3933.2216796875,0.0,0.0,0.0,-0.5268873572349548,True,nan,False,0.001136216102167964,0.01,True,,0.001,0.0010000001639127731,8.948172035161406e-05,213.12521362304688,3933.2216796875,249782.125,0.00016882111958693713,1010874432.0,318.2286376953125
npg_logbarrier_handoff,614,278,624121,0.0,False,168.24562072753906,1.018764853477478,0.0,168.24562072753906,3864.378173828125,0.0,0.0,0.0,-0.17464864253997803,True,nan,False,0.0010120173683390021,0.01,True,,0.001,0.0010000001639127731,9.861689613899216e-05,168.24562072753906,3864.378173828125,205649.375,0.00012601759226527065,497499200.0,248.41278076171875
npg_logbarrier_handoff,614,279,625286,0.0,False,186.51925659179688,1.0871058702468872,0.0,186.51925659179688,3373.786376953125,0.0,0.0,0.0,-0.5558369755744934,True,nan,False,0.002042873529717326,0.01,True,,0.001,0.0009999999310821295,0.00011629136861301959,186.51925659179688,3373.786376953125,147888.71875,0.0001237415272044018,411261600.0,248.04893493652344
npg_logbarrier_handoff,614,280,626340,0.0,False,295.67755126953125,1.150772213935852,0.0,295.67755126953125,3574.6669921875,0.0,0.0,0.0,0.06808262318372726,True,nan,False,0.0008446641149930656,0.01,True,,0.001,0.0009999999310821295,7.295385148609057e-05,295.67755126953125,3574.6669921875,375779.90625,0.00015808957687113434,118965272.0,294.19097900390625
npg_logbarrier_handoff,614,281,627635,0.0,False,265.6524658203125,1.1964479684829712,0.0,265.6524658203125,3754.2978515625,0.0,0.0,0.0,-0.4834643006324768,True,nan,False,0.000935605145059526,0.01,True,,0.001,0.0010000001639127731,8.07383403298445e-05,265.6524658203125,3754.2978515625,306810.625,0.00022994155006017536,202973856.0,277.0934143066406
npg_logbarrier_handoff,614,282,628840,0.0,False,175.61215209960938,1.2491775751113892,0.0,175.61215209960938,4155.53173828125,0.0,0.0,0.0,0.05818132683634758,True,nan,False,0.0011680914321914315,0.01,True,,0.001,0.0010000001639127731,8.689117385074496e-05,175.61215209960938,4155.53173828125,264898.0,0.00017553518409840763,478282656.0,233.7383575439453
npg_logbarrier_handoff,614,283,629990,0.0,False,252.67001342773438,1.1155117750167847,0.0,252.67001342773438,3226.2744140625,0.0,0.0,0.0,-0.6832654476165771,True,nan,False,0.0020204724278301,0.01,True,,0.001,0.0009999999310821295,0.0001017709873849526,252.67001342773438,3226.2744140625,193099.90625,8.946638990892097e-05,180997072.0,218.9048309326172
npg_logbarrier_handoff,614,284,630995,0.0,False,116.31340026855469,1.0889257192611694,0.0,116.31340026855469,2824.070556640625,0.0,0.0,0.0,0.11522813886404037,True,nan,False,0.0009266706183552742,0.01,True,,0.001,0.0010000003967434168,0.00015344603161793202,116.31340026855469,2824.070556640625,84941.2578125,0.00013953477900940925,207090784.0,291.1365966796875
npg_logbarrier_handoff,614,285,632008,0.0,False,280.3963928222656,1.0108731985092163,0.0,280.3963928222656,3731.67529296875,0.0,0.0,0.0,-0.6808481216430664,True,nan,False,0.0014516916126012802,0.01,True,,0.001,0.0010000001639127731,8.392150630243123e-05,280.3963928222656,3731.67529296875,283977.21875,0.00014541739074047655,213620320.0,258.1229248046875
npg_logbarrier_handoff,614,286,633025,0.0,False,263.8546447753906,1.2306393384933472,0.0,263.8546447753906,2684.179931640625,0.0,0.0,0.0,0.18845339119434357,True,nan,False,0.0009147764649242163,0.01,True,,0.001,0.0010000000474974513,9.428416524315253e-05,263.8546447753906,2684.179931640625,224984.4375,0.00019345384498592466,97088328.0,328.0438232421875
npg_logbarrier_handoff,614,287,634113,0.0,False,205.80606079101562,1.1517153978347778,0.0,205.80606079101562,2541.241455078125,0.0,0.0,0.0,0.3053060472011566,True,nan,False,0.0010563544929027557,0.01,True,,0.001,0.0009999999310821295,0.00013235108053777367,205.80606079101562,2541.241455078125,114176.0625,0.00017032859614118934,159932960.0,335.77825927734375
npg_logbarrier_handoff,614,288,635098,0.0,False,310.6458435058594,1.2799861431121826,0.0,310.6458435058594,3596.89794921875,0.0,0.0,0.0,-0.06223107874393463,True,nan,False,0.0013683140277862549,0.01,True,,0.001,0.0009999999310821295,9.151209815172479e-05,310.6458435058594,3596.89794921875,238821.28125,0.00011303061182843521,118834176.0,291.8445129394531
npg_logbarrier_handoff,614,289,636304,0.0,False,166.6566162109375,1.202370047569275,0.0,166.6566162109375,3055.356201171875,0.0,0.0,0.0,-0.16520658135414124,True,nan,False,0.0010216112714260817,0.01,True,,0.001,0.0010000001639127731,0.00010364763875259086,166.6566162109375,3055.356201171875,186170.640625,0.0001435264275642112,444606336.0,267.1518859863281
npg_logbarrier_handoff,614,290,637343,0.0,False,195.5508575439453,1.055162787437439,0.0,195.5508575439453,2964.05078125,0.0,0.0,0.0,-0.16071417927742004,True,nan,False,0.0009475666447542608,0.01,True,,0.001,0.001000000280328095,0.00010463145008543506,195.5508575439453,2964.05078125,182686.125,0.0001611852494534105,3235854848.0,273.4252624511719
npg_logbarrier_handoff,614,291,638380,0.0,False,153.55279541015625,1.2342184782028198,0.0,153.55279541015625,2954.227783203125,0.0,0.0,0.0,0.2337740957736969,True,nan,False,0.0011681313626468182,0.01,True,,0.001,0.0009999999310821295,0.00012847804464399815,153.55279541015625,2954.227783203125,121163.59375,8.259298192569986e-05,425146400.0,264.1748352050781
npg_logbarrier_handoff,614,292,639338,0.0,False,203.44505310058594,1.1560078859329224,0.0,203.44505310058594,2948.262939453125,0.0,0.0,0.0,0.5025450587272644,True,nan,False,0.0011250290554016829,0.01,True,,0.001,0.0010000001639127731,0.00012135575525462627,203.44505310058594,2948.262939453125,135802.96875,0.00039409997407346964,183131536.0,320.0384826660156
npg_logbarrier_handoff,614,293,640502,0.0,False,285.4908447265625,1.1636353731155396,0.0,285.4908447265625,3448.743896484375,0.0,0.0,0.0,-0.3301014006137848,True,nan,False,0.0010155905038118362,0.01,True,,0.001,0.001000000280328095,9.751541074365377e-05,285.4908447265625,3448.743896484375,210321.40625,0.0004716511757578701,52981180.0,319.0088195800781
npg_logbarrier_handoff,614,294,641552,0.0,False,164.72158813476562,1.2117840051651,0.0,164.72158813476562,3045.4609375,0.0,0.0,0.0,-0.412727952003479,True,nan,False,0.0010828818194568157,0.01,True,,0.001,0.0009999999310821295,0.00011207092029508203,164.72158813476562,3045.4609375,159237.0625,0.00011472707410575822,99186064.0,321.8744201660156
npg_logbarrier_handoff,614,295,642569,0.0,False,303.2142028808594,1.17841637134552,0.0,303.2142028808594,2988.59716796875,0.0,0.0,0.0,-0.6401574015617371,True,nan,False,0.0013699379051104188,0.01,True,,0.001,0.0009999998146668077,0.00010616598592605442,303.2142028808594,2988.59716796875,177443.140625,0.0004602414555847645,354166112.0,278.8179931640625
npg_logbarrier_handoff,614,296,643635,0.0,False,275.24609375,1.1304502487182617,0.0,275.24609375,3514.300537109375,0.0,0.0,0.0,0.21482759714126587,True,nan,False,0.001371532678604126,0.01,True,,0.001,0.0010000001639127731,9.63650963967666e-05,275.24609375,3514.300537109375,215372.625,0.00010371769894845784,376927904.0,216.46621704101562
npg_logbarrier_handoff,614,297,644729,0.0,False,254.3087158203125,1.1038295030593872,0.0,254.3087158203125,2964.980712890625,0.0,0.0,0.0,-0.5595505237579346,True,nan,False,0.001222264370881021,0.01,True,,0.001,0.0010000001639127731,0.00011813741002697498,254.3087158203125,2964.980712890625,143302.953125,0.00012124276690883562,5345654784.0,262.50634765625
npg_logbarrier_handoff,614,298,645743,0.0,False,273.05096435546875,1.222259521484375,0.0,273.05096435546875,4290.15869140625,0.0,0.0,0.0,-0.13757605850696564,True,nan,False,0.0008607950294390321,0.01,True,,0.001,0.0010000001639127731,8.068091847235337e-05,273.05096435546875,4290.15869140625,307247.5,0.00012337432417552918,213214944.0,264.5163269042969
npg_logbarrier_handoff,614,299,647066,0.0,False,270.3455505371094,1.170154094696045,0.0,270.3455505371094,3315.477294921875,0.0,0.0,0.0,-0.6891509890556335,True,nan,False,0.0014154445379972458,0.01,True,,0.001,0.0010000001639127731,9.977525769500062e-05,270.3455505371094,3315.477294921875,200902.03125,0.00013751513324677944,174877728.0,229.4617919921875
