Device       : cpu

========== GPOMDP LOSS ==========
states shape  = (128, 500, 17)
actions shape = (128, 500, 6)
rewards shape = (128, 500)
returns shape = (128, 500)
mask shape    = (128, 500)
log_probs shape = (128, 500)
valid steps = 64000
objective = 146.754486
loss = -146.754486
========== END GPOMDP DEBUG ==========


========== NPG PRECONDITIONING ==========
Fisher condition number  : 1.169e+04
||nat_g|| / ||g||        : 19.111
========== END NPG DEBUG ==========

/workplace/adelella/adelella/MCIBConceptDrift/vanilla-policy-gradient/vpg/train.py:127: UserWarning: Converting a tensor with requires_grad=True to a scalar may lead to unexpected behavior.
Consider using tensor.detach() first. (Triggered internally at /pytorch/torch/csrc/autograd/generated/python_variable_methods.cpp:838.)
  return float(torch.cat(grads).norm())
Iteration 0000 | train reward: -173.74 | best: -173.74 | KL: 7.460e-05 | std: 0.6066 | rollout: 8.040s | update: 1.847s | total: 9.887s | samples/s: 6473
Iteration 0001 | train reward: -165.63 | best: -165.63 | KL: 7.454e-05 | std: 0.6066 | rollout: 9.187s | update: 1.471s | total: 10.659s | samples/s: 6005
Iteration 0002 | train reward: -163.17 | best: -163.17 | KL: 6.413e-05 | std: 0.6062 | rollout: 7.725s | update: 1.533s | total: 9.257s | samples/s: 6913
Iteration 0003 | train reward: -168.78 | best: -163.17 | KL: 5.878e-05 | std: 0.6062 | rollout: 7.563s | update: 1.442s | total: 9.005s | samples/s: 7107
Iteration 0004 | train reward: -158.76 | best: -158.76 | KL: 6.354e-05 | std: 0.6062 | rollout: 7.613s | update: 1.459s | total: 9.072s | samples/s: 7055
Iteration 0005 | train reward: -156.01 | best: -156.01 | KL: 5.933e-05 | std: 0.6061 | rollout: 8.003s | update: 1.377s | total: 9.380s | samples/s: 6823
Iteration 0006 | train reward: -161.68 | best: -156.01 | KL: 6.956e-05 | std: 0.6061 | rollout: 8.288s | update: 1.457s | total: 9.745s | samples/s: 6568
Iteration 0007 | train reward: -158.19 | best: -156.01 | KL: 6.663e-05 | std: 0.6060 | rollout: 8.036s | update: 1.427s | total: 9.463s | samples/s: 6763
Iteration 0008 | train reward: -161.27 | best: -156.01 | KL: 6.617e-05 | std: 0.6060 | rollout: 8.227s | update: 1.543s | total: 9.771s | samples/s: 6550
Iteration 0009 | train reward: -161.98 | best: -156.01 | KL: 7.474e-05 | std: 0.6060 | rollout: 8.444s | update: 1.379s | total: 9.823s | samples/s: 6515
Iteration 0010 | train reward: -156.79 | best: -156.01 | KL: 6.627e-05 | std: 0.6049 | rollout: 7.224s | update: 1.376s | total: 8.600s | samples/s: 7442
Iteration 0011 | train reward: -155.25 | best: -155.25 | KL: 6.005e-05 | std: 0.6060 | rollout: 7.056s | update: 1.401s | total: 8.457s | samples/s: 7568
Iteration 0012 | train reward: -158.48 | best: -155.25 | KL: 5.522e-05 | std: 0.6049 | rollout: 9.108s | update: 1.335s | total: 10.443s | samples/s: 6129
Iteration 0013 | train reward: -147.32 | best: -147.32 | KL: 5.873e-05 | std: 0.6049 | rollout: 8.784s | update: 1.388s | total: 10.172s | samples/s: 6292
Iteration 0014 | train reward: -146.42 | best: -146.42 | KL: 5.284e-05 | std: 0.6049 | rollout: 8.960s | update: 1.413s | total: 10.374s | samples/s: 6169
Iteration 0015 | train reward: -146.30 | best: -146.30 | KL: 5.120e-05 | std: 0.6049 | rollout: 8.551s | update: 1.435s | total: 9.986s | samples/s: 6409
Iteration 0016 | train reward: -155.14 | best: -146.30 | KL: 6.773e-05 | std: 0.6049 | rollout: 8.109s | update: 1.499s | total: 9.608s | samples/s: 6661
Iteration 0017 | train reward: -145.28 | best: -145.28 | KL: 4.660e-05 | std: 0.6060 | rollout: 8.653s | update: 1.444s | total: 10.097s | samples/s: 6338
Iteration 0018 | train reward: -151.35 | best: -145.28 | KL: 6.002e-05 | std: 0.6060 | rollout: 8.474s | update: 1.371s | total: 9.845s | samples/s: 6501
Iteration 0019 | train reward: -140.13 | best: -140.13 | KL: 5.508e-05 | std: 0.6060 | rollout: 7.636s | update: 1.378s | total: 9.014s | samples/s: 7100
Iteration 0020 | train reward: -155.77 | best: -140.13 | KL: 6.417e-05 | std: 0.6061 | rollout: 8.877s | update: 1.491s | total: 10.367s | samples/s: 6173
Iteration 0021 | train reward: -137.74 | best: -137.74 | KL: 5.975e-05 | std: 0.6061 | rollout: 7.875s | update: 1.378s | total: 9.253s | samples/s: 6917
Iteration 0022 | train reward: -143.74 | best: -137.74 | KL: 5.450e-05 | std: 0.6060 | rollout: 8.900s | update: 1.381s | total: 10.281s | samples/s: 6225
Iteration 0023 | train reward: -139.52 | best: -137.74 | KL: 5.013e-05 | std: 0.6060 | rollout: 8.099s | update: 1.475s | total: 9.574s | samples/s: 6685
Iteration 0024 | train reward: -136.67 | best: -136.67 | KL: 5.152e-05 | std: 0.6060 | rollout: 7.663s | update: 1.392s | total: 9.055s | samples/s: 7068
Iteration 0025 | train reward: -144.47 | best: -136.67 | KL: 6.232e-05 | std: 0.6060 | rollout: 7.396s | update: 1.364s | total: 8.760s | samples/s: 7306
Iteration 0026 | train reward: -137.77 | best: -136.67 | KL: 4.644e-05 | std: 0.6060 | rollout: 8.496s | update: 1.504s | total: 10.001s | samples/s: 6400
Iteration 0027 | train reward: -134.02 | best: -134.02 | KL: 5.218e-05 | std: 0.6060 | rollout: 8.168s | update: 1.474s | total: 9.642s | samples/s: 6638
Iteration 0028 | train reward: -129.84 | best: -129.84 | KL: 5.174e-05 | std: 0.6049 | rollout: 8.158s | update: 1.386s | total: 9.544s | samples/s: 6706
Iteration 0029 | train reward: -134.12 | best: -129.84 | KL: 5.181e-05 | std: 0.6049 | rollout: 8.065s | update: 1.454s | total: 9.518s | samples/s: 6724
Iteration 0030 | train reward: -135.52 | best: -129.84 | KL: 5.712e-05 | std: 0.6049 | rollout: 7.843s | update: 1.540s | total: 9.383s | samples/s: 6821
Iteration 0031 | train reward: -124.66 | best: -124.66 | KL: 4.648e-05 | std: 0.6048 | rollout: 8.484s | update: 1.482s | total: 9.965s | samples/s: 6422
Iteration 0032 | train reward: -128.89 | best: -124.66 | KL: 5.178e-05 | std: 0.6047 | rollout: 8.149s | update: 1.363s | total: 9.513s | samples/s: 6728
Iteration 0033 | train reward: -124.88 | best: -124.66 | KL: 5.026e-05 | std: 0.6047 | rollout: 8.627s | update: 1.458s | total: 10.085s | samples/s: 6346
Iteration 0034 | train reward: -121.81 | best: -121.81 | KL: 4.518e-05 | std: 0.6044 | rollout: 8.978s | update: 1.427s | total: 10.405s | samples/s: 6151
Iteration 0035 | train reward: -123.92 | best: -121.81 | KL: 4.930e-05 | std: 0.6043 | rollout: 6.263s | update: 1.411s | total: 7.674s | samples/s: 8340
Iteration 0036 | train reward: -129.14 | best: -121.81 | KL: 5.586e-05 | std: 0.6043 | rollout: 6.698s | update: 1.484s | total: 8.182s | samples/s: 7822
Iteration 0037 | train reward: -131.01 | best: -121.81 | KL: 5.202e-05 | std: 0.6043 | rollout: 7.683s | update: 1.496s | total: 9.178s | samples/s: 6973
Iteration 0038 | train reward: -126.32 | best: -121.81 | KL: 5.081e-05 | std: 0.6043 | rollout: 8.330s | update: 1.402s | total: 9.732s | samples/s: 6576
Iteration 0039 | train reward: -109.89 | best: -109.89 | KL: 4.555e-05 | std: 0.6043 | rollout: 8.019s | update: 1.446s | total: 9.465s | samples/s: 6762
Iteration 0040 | train reward: -124.68 | best: -109.89 | KL: 5.026e-05 | std: 0.6043 | rollout: 8.482s | update: 1.544s | total: 10.026s | samples/s: 6383
Iteration 0041 | train reward: -116.52 | best: -109.89 | KL: 5.600e-05 | std: 0.6043 | rollout: 8.025s | update: 1.426s | total: 9.451s | samples/s: 6772
Iteration 0042 | train reward: -116.04 | best: -109.89 | KL: 4.412e-05 | std: 0.6042 | rollout: 7.541s | update: 1.386s | total: 8.927s | samples/s: 7169
Iteration 0043 | train reward: -113.82 | best: -109.89 | KL: 4.414e-05 | std: 0.6042 | rollout: 6.690s | update: 1.442s | total: 8.131s | samples/s: 7871
Iteration 0044 | train reward: -111.57 | best: -109.89 | KL: 4.326e-05 | std: 0.6042 | rollout: 8.047s | update: 1.515s | total: 9.562s | samples/s: 6693
Iteration 0045 | train reward: -118.37 | best: -109.89 | KL: 4.960e-05 | std: 0.6042 | rollout: 7.460s | update: 1.395s | total: 8.855s | samples/s: 7227
Iteration 0046 | train reward: -113.97 | best: -109.89 | KL: 4.647e-05 | std: 0.6042 | rollout: 7.569s | update: 1.417s | total: 8.986s | samples/s: 7122
Iteration 0047 | train reward: -116.48 | best: -109.89 | KL: 4.164e-05 | std: 0.6042 | rollout: 7.772s | update: 1.412s | total: 9.184s | samples/s: 6968
Iteration 0048 | train reward: -106.28 | best: -106.28 | KL: 4.378e-05 | std: 0.6042 | rollout: 9.178s | update: 1.542s | total: 10.720s | samples/s: 5970
Iteration 0049 | train reward: -114.50 | best: -106.28 | KL: 4.886e-05 | std: 0.6042 | rollout: 6.533s | update: 1.354s | total: 7.887s | samples/s: 8115
Iteration 0050 | train reward: -113.79 | best: -106.28 | KL: 4.225e-05 | std: 0.6042 | rollout: 8.335s | update: 1.301s | total: 9.637s | samples/s: 6641
Iteration 0051 | train reward: -100.04 | best: -100.04 | KL: 4.310e-05 | std: 0.6042 | rollout: 7.726s | update: 1.436s | total: 9.162s | samples/s: 6986
Iteration 0052 | train reward: -107.55 | best: -100.04 | KL: 4.046e-05 | std: 0.6042 | rollout: 8.391s | update: 1.436s | total: 9.827s | samples/s: 6512
Iteration 0053 | train reward: -107.80 | best: -100.04 | KL: 4.741e-05 | std: 0.6041 | rollout: 8.071s | update: 1.493s | total: 9.565s | samples/s: 6691
Iteration 0054 | train reward: -118.15 | best: -100.04 | KL: 4.576e-05 | std: 0.6041 | rollout: 9.088s | update: 1.340s | total: 10.428s | samples/s: 6137
Iteration 0055 | train reward: -108.09 | best: -100.04 | KL: 4.520e-05 | std: 0.6040 | rollout: 8.200s | update: 1.420s | total: 9.619s | samples/s: 6653
Iteration 0056 | train reward: -97.94 | best: -97.94 | KL: 3.471e-05 | std: 0.6040 | rollout: 8.402s | update: 1.505s | total: 9.907s | samples/s: 6460
Iteration 0057 | train reward: -102.64 | best: -97.94 | KL: 3.821e-05 | std: 0.6040 | rollout: 7.434s | update: 1.406s | total: 8.840s | samples/s: 7240
Iteration 0058 | train reward: -100.87 | best: -97.94 | KL: 4.511e-05 | std: 0.6036 | rollout: 7.527s | update: 1.448s | total: 8.974s | samples/s: 7131
Iteration 0059 | train reward: -93.55 | best: -93.55 | KL: 3.417e-05 | std: 0.6036 | rollout: 7.550s | update: 1.461s | total: 9.011s | samples/s: 7102
Iteration 0060 | train reward: -109.22 | best: -93.55 | KL: 3.892e-05 | std: 0.6036 | rollout: 8.019s | update: 1.427s | total: 9.446s | samples/s: 6776
Iteration 0061 | train reward: -98.50 | best: -93.55 | KL: 3.818e-05 | std: 0.6036 | rollout: 8.040s | update: 1.489s | total: 9.529s | samples/s: 6716
Iteration 0062 | train reward: -92.53 | best: -92.53 | KL: 3.933e-05 | std: 0.6036 | rollout: 8.298s | update: 1.451s | total: 9.749s | samples/s: 6565
Iteration 0063 | train reward: -91.25 | best: -91.25 | KL: 3.436e-05 | std: 0.6036 | rollout: 8.466s | update: 1.504s | total: 9.970s | samples/s: 6419
Iteration 0064 | train reward: -98.76 | best: -91.25 | KL: 4.740e-05 | std: 0.6036 | rollout: 9.392s | update: 1.359s | total: 10.752s | samples/s: 5953
Iteration 0065 | train reward: -101.40 | best: -91.25 | KL: 4.329e-05 | std: 0.6035 | rollout: 7.290s | update: 1.449s | total: 8.739s | samples/s: 7324
Iteration 0066 | train reward: -100.88 | best: -91.25 | KL: 3.923e-05 | std: 0.6035 | rollout: 6.625s | update: 1.401s | total: 8.025s | samples/s: 7975
Iteration 0067 | train reward: -93.96 | best: -91.25 | KL: 4.465e-05 | std: 0.6035 | rollout: 8.804s | update: 1.436s | total: 10.240s | samples/s: 6250
Iteration 0068 | train reward: -95.58 | best: -91.25 | KL: 3.765e-05 | std: 0.6035 | rollout: 7.916s | update: 1.417s | total: 9.333s | samples/s: 6858
Iteration 0069 | train reward: -90.77 | best: -90.77 | KL: 3.646e-05 | std: 0.6035 | rollout: 8.682s | update: 1.376s | total: 10.058s | samples/s: 6363
Iteration 0070 | train reward: -86.22 | best: -86.22 | KL: 3.805e-05 | std: 0.6035 | rollout: 9.171s | update: 1.416s | total: 10.586s | samples/s: 6045
Iteration 0071 | train reward: -88.92 | best: -86.22 | KL: 3.944e-05 | std: 0.6034 | rollout: 8.916s | update: 1.380s | total: 10.296s | samples/s: 6216
Iteration 0072 | train reward: -89.17 | best: -86.22 | KL: 3.388e-05 | std: 0.6023 | rollout: 7.348s | update: 1.498s | total: 8.846s | samples/s: 7235
Iteration 0073 | train reward: -91.32 | best: -86.22 | KL: 3.979e-05 | std: 0.6023 | rollout: 8.046s | update: 1.491s | total: 9.538s | samples/s: 6710
Iteration 0074 | train reward: -91.31 | best: -86.22 | KL: 3.793e-05 | std: 0.6023 | rollout: 7.226s | update: 1.488s | total: 8.714s | samples/s: 7345
Iteration 0075 | train reward: -82.91 | best: -82.91 | KL: 3.409e-05 | std: 0.6023 | rollout: 7.139s | update: 1.428s | total: 8.567s | samples/s: 7471
Iteration 0076 | train reward: -86.86 | best: -82.91 | KL: 3.603e-05 | std: 0.6023 | rollout: 7.391s | update: 1.429s | total: 8.820s | samples/s: 7256
Iteration 0077 | train reward: -76.05 | best: -76.05 | KL: 3.556e-05 | std: 0.6023 | rollout: 8.188s | update: 1.413s | total: 9.601s | samples/s: 6666
Iteration 0078 | train reward: -86.72 | best: -76.05 | KL: 4.003e-05 | std: 0.6022 | rollout: 8.846s | update: 1.538s | total: 10.384s | samples/s: 6163
Iteration 0079 | train reward: -85.14 | best: -76.05 | KL: 4.367e-05 | std: 0.6022 | rollout: 7.721s | update: 1.348s | total: 9.069s | samples/s: 7057
Iteration 0080 | train reward: -82.96 | best: -76.05 | KL: 3.841e-05 | std: 0.6021 | rollout: 9.014s | update: 1.380s | total: 10.394s | samples/s: 6157
Iteration 0081 | train reward: -82.43 | best: -76.05 | KL: 3.759e-05 | std: 0.6017 | rollout: 8.254s | update: 1.490s | total: 9.744s | samples/s: 6568
Iteration 0082 | train reward: -85.64 | best: -76.05 | KL: 3.661e-05 | std: 0.6017 | rollout: 8.682s | update: 1.431s | total: 10.113s | samples/s: 6328
Iteration 0083 | train reward: -72.07 | best: -72.07 | KL: 3.001e-05 | std: 0.6017 | rollout: 9.940s | update: 1.379s | total: 11.319s | samples/s: 5654
Iteration 0084 | train reward: -78.09 | best: -72.07 | KL: 3.103e-05 | std: 0.6017 | rollout: 7.857s | update: 1.468s | total: 9.325s | samples/s: 6863
Iteration 0085 | train reward: -83.27 | best: -72.07 | KL: 3.824e-05 | std: 0.6017 | rollout: 7.543s | update: 1.458s | total: 9.000s | samples/s: 7111
Iteration 0086 | train reward: -80.38 | best: -72.07 | KL: 3.375e-05 | std: 0.6017 | rollout: 7.772s | update: 1.437s | total: 9.209s | samples/s: 6950
Iteration 0087 | train reward: -79.70 | best: -72.07 | KL: 3.309e-05 | std: 0.6017 | rollout: 6.995s | update: 1.438s | total: 8.433s | samples/s: 7589
Iteration 0088 | train reward: -79.50 | best: -72.07 | KL: 3.141e-05 | std: 0.6017 | rollout: 7.921s | update: 1.515s | total: 9.435s | samples/s: 6783
Iteration 0089 | train reward: -71.27 | best: -71.27 | KL: 3.639e-05 | std: 0.6017 | rollout: 8.769s | update: 1.403s | total: 10.172s | samples/s: 6292
Iteration 0090 | train reward: -79.07 | best: -71.27 | KL: 3.360e-05 | std: 0.6016 | rollout: 7.307s | update: 1.386s | total: 8.693s | samples/s: 7362
Iteration 0091 | train reward: -85.62 | best: -71.27 | KL: 2.588e-05 | std: 0.6016 | rollout: 8.476s | update: 1.448s | total: 9.924s | samples/s: 6449
Iteration 0092 | train reward: -78.19 | best: -71.27 | KL: 3.543e-05 | std: 0.6016 | rollout: 7.555s | update: 1.404s | total: 8.959s | samples/s: 7144
Iteration 0093 | train reward: -79.38 | best: -71.27 | KL: 3.214e-05 | std: 0.6016 | rollout: 7.614s | update: 1.459s | total: 9.073s | samples/s: 7054
Iteration 0094 | train reward: -71.96 | best: -71.27 | KL: 3.758e-05 | std: 0.6016 | rollout: 8.412s | update: 1.400s | total: 9.812s | samples/s: 6522
Iteration 0095 | train reward: -74.32 | best: -71.27 | KL: 3.101e-05 | std: 0.6016 | rollout: 7.088s | update: 1.311s | total: 8.398s | samples/s: 7620
Iteration 0096 | train reward: -73.75 | best: -71.27 | KL: 3.258e-05 | std: 0.6015 | rollout: 7.786s | update: 1.510s | total: 9.295s | samples/s: 6885
Iteration 0097 | train reward: -66.33 | best: -66.33 | KL: 3.164e-05 | std: 0.6014 | rollout: 8.934s | update: 1.427s | total: 10.361s | samples/s: 6177
Iteration 0098 | train reward: -68.21 | best: -66.33 | KL: 3.223e-05 | std: 0.6014 | rollout: 7.998s | update: 1.436s | total: 9.434s | samples/s: 6784
Iteration 0099 | train reward: -75.48 | best: -66.33 | KL: 2.899e-05 | std: 0.6014 | rollout: 8.596s | update: 1.474s | total: 10.069s | samples/s: 6356
Iteration 0100 | train reward: -80.13 | best: -66.33 | KL: 3.518e-05 | std: 0.6014 | rollout: 7.774s | update: 1.499s | total: 9.272s | samples/s: 6902
Iteration 0101 | train reward: -66.99 | best: -66.33 | KL: 2.633e-05 | std: 0.6014 | rollout: 8.559s | update: 1.503s | total: 10.062s | samples/s: 6361
Iteration 0102 | train reward: -74.04 | best: -66.33 | KL: 3.286e-05 | std: 0.6014 | rollout: 7.981s | update: 1.528s | total: 9.509s | samples/s: 6731
Iteration 0103 | train reward: -69.81 | best: -66.33 | KL: 2.609e-05 | std: 0.6014 | rollout: 7.686s | update: 1.509s | total: 9.195s | samples/s: 6960
Iteration 0104 | train reward: -68.53 | best: -66.33 | KL: 3.178e-05 | std: 0.6014 | rollout: 8.809s | update: 1.370s | total: 10.179s | samples/s: 6288
Iteration 0105 | train reward: -57.37 | best: -57.37 | KL: 2.652e-05 | std: 0.6014 | rollout: 8.245s | update: 1.479s | total: 9.724s | samples/s: 6581
Iteration 0106 | train reward: -72.70 | best: -57.37 | KL: 3.268e-05 | std: 0.6010 | rollout: 7.444s | update: 1.468s | total: 8.912s | samples/s: 7181
Iteration 0107 | train reward: -64.85 | best: -57.37 | KL: 3.215e-05 | std: 0.6010 | rollout: 8.122s | update: 1.459s | total: 9.582s | samples/s: 6679
Iteration 0108 | train reward: -61.20 | best: -57.37 | KL: 2.118e-05 | std: 0.6009 | rollout: 8.002s | update: 1.442s | total: 9.444s | samples/s: 6777
Iteration 0109 | train reward: -58.80 | best: -57.37 | KL: 2.922e-05 | std: 0.6008 | rollout: 7.940s | update: 1.398s | total: 9.338s | samples/s: 6854
Iteration 0110 | train reward: -64.80 | best: -57.37 | KL: 3.065e-05 | std: 0.6008 | rollout: 7.519s | update: 1.480s | total: 8.999s | samples/s: 7112
Iteration 0111 | train reward: -66.98 | best: -57.37 | KL: 3.287e-05 | std: 0.5997 | rollout: 7.665s | update: 1.431s | total: 9.095s | samples/s: 7037
Iteration 0112 | train reward: -61.10 | best: -57.37 | KL: 3.050e-05 | std: 0.5997 | rollout: 8.710s | update: 1.544s | total: 10.254s | samples/s: 6241
Iteration 0113 | train reward: -63.63 | best: -57.37 | KL: 3.608e-05 | std: 0.5997 | rollout: 8.731s | update: 1.428s | total: 10.160s | samples/s: 6299
Iteration 0114 | train reward: -63.30 | best: -57.37 | KL: 3.109e-05 | std: 0.5997 | rollout: 8.484s | update: 1.423s | total: 9.907s | samples/s: 6460
Iteration 0115 | train reward: -59.16 | best: -57.37 | KL: 3.019e-05 | std: 0.5997 | rollout: 8.019s | update: 1.413s | total: 9.432s | samples/s: 6785
Iteration 0116 | train reward: -51.82 | best: -51.82 | KL: 2.317e-05 | std: 0.5996 | rollout: 8.847s | update: 1.351s | total: 10.198s | samples/s: 6276
Iteration 0117 | train reward: -63.94 | best: -51.82 | KL: 2.531e-05 | std: 0.5995 | rollout: 8.234s | update: 1.414s | total: 9.647s | samples/s: 6634
Iteration 0118 | train reward: -57.09 | best: -51.82 | KL: 2.927e-05 | std: 0.5995 | rollout: 9.274s | update: 1.396s | total: 10.670s | samples/s: 5998
Iteration 0119 | train reward: -62.89 | best: -51.82 | KL: 3.283e-05 | std: 0.5995 | rollout: 8.831s | update: 1.441s | total: 10.272s | samples/s: 6231
Iteration 0120 | train reward: -54.25 | best: -51.82 | KL: 2.806e-05 | std: 0.5991 | rollout: 8.142s | update: 1.441s | total: 9.583s | samples/s: 6678
Iteration 0121 | train reward: -50.80 | best: -50.80 | KL: 2.916e-05 | std: 0.5991 | rollout: 8.713s | update: 1.465s | total: 10.177s | samples/s: 6288
Iteration 0122 | train reward: -61.79 | best: -50.80 | KL: 3.766e-05 | std: 0.5991 | rollout: 8.601s | update: 1.367s | total: 9.968s | samples/s: 6420
Iteration 0123 | train reward: -58.85 | best: -50.80 | KL: 2.809e-05 | std: 0.5990 | rollout: 7.809s | update: 1.412s | total: 9.221s | samples/s: 6941
Iteration 0124 | train reward: -54.43 | best: -50.80 | KL: 2.835e-05 | std: 0.5990 | rollout: 7.076s | update: 1.483s | total: 8.559s | samples/s: 7478
Iteration 0125 | train reward: -56.39 | best: -50.80 | KL: 2.872e-05 | std: 0.5990 | rollout: 8.039s | update: 1.374s | total: 9.413s | samples/s: 6799
Iteration 0126 | train reward: -49.79 | best: -49.79 | KL: 2.983e-05 | std: 0.5990 | rollout: 9.383s | update: 1.557s | total: 10.940s | samples/s: 5850
Iteration 0127 | train reward: -52.31 | best: -49.79 | KL: 2.379e-05 | std: 0.5990 | rollout: 8.535s | update: 1.391s | total: 9.926s | samples/s: 6448
Iteration 0128 | train reward: -57.48 | best: -49.79 | KL: 2.779e-05 | std: 0.5990 | rollout: 8.864s | update: 1.321s | total: 10.185s | samples/s: 6284
Iteration 0129 | train reward: -59.30 | best: -49.79 | KL: 2.885e-05 | std: 0.5989 | rollout: 8.843s | update: 1.439s | total: 10.282s | samples/s: 6225
Iteration 0130 | train reward: -51.21 | best: -49.79 | KL: 2.760e-05 | std: 0.5989 | rollout: 8.251s | update: 1.419s | total: 9.670s | samples/s: 6618
Iteration 0131 | train reward: -53.47 | best: -49.79 | KL: 2.512e-05 | std: 0.5989 | rollout: 9.482s | update: 1.453s | total: 10.934s | samples/s: 5853
Iteration 0132 | train reward: -50.80 | best: -49.79 | KL: 2.162e-05 | std: 0.5988 | rollout: 7.288s | update: 1.468s | total: 8.757s | samples/s: 7309
Iteration 0133 | train reward: -44.87 | best: -44.87 | KL: 2.316e-05 | std: 0.5988 | rollout: 8.224s | update: 1.404s | total: 9.628s | samples/s: 6647
Iteration 0134 | train reward: -53.72 | best: -44.87 | KL: 2.738e-05 | std: 0.5984 | rollout: 8.220s | update: 1.313s | total: 9.533s | samples/s: 6714
Iteration 0135 | train reward: -52.27 | best: -44.87 | KL: 2.995e-05 | std: 0.5984 | rollout: 8.138s | update: 1.402s | total: 9.540s | samples/s: 6709
Iteration 0136 | train reward: -55.11 | best: -44.87 | KL: 2.511e-05 | std: 0.5984 | rollout: 7.493s | update: 1.495s | total: 8.988s | samples/s: 7120
Iteration 0137 | train reward: -39.58 | best: -39.58 | KL: 2.440e-05 | std: 0.5984 | rollout: 7.778s | update: 1.339s | total: 9.117s | samples/s: 7020
Iteration 0138 | train reward: -43.29 | best: -39.58 | KL: 2.494e-05 | std: 0.5984 | rollout: 7.844s | update: 1.474s | total: 9.318s | samples/s: 6868
Iteration 0139 | train reward: -46.15 | best: -39.58 | KL: 2.403e-05 | std: 0.5983 | rollout: 8.829s | update: 1.542s | total: 10.371s | samples/s: 6171
Iteration 0140 | train reward: -48.71 | best: -39.58 | KL: 2.658e-05 | std: 0.5983 | rollout: 6.583s | update: 1.423s | total: 8.005s | samples/s: 7995
Iteration 0141 | train reward: -47.02 | best: -39.58 | KL: 3.150e-05 | std: 0.5982 | rollout: 7.547s | update: 1.443s | total: 8.990s | samples/s: 7119
Iteration 0142 | train reward: -45.75 | best: -39.58 | KL: 2.449e-05 | std: 0.5971 | rollout: 7.698s | update: 1.543s | total: 9.241s | samples/s: 6926
Iteration 0143 | train reward: -47.89 | best: -39.58 | KL: 2.401e-05 | std: 0.5971 | rollout: 10.372s | update: 1.372s | total: 11.744s | samples/s: 5450
Iteration 0144 | train reward: -45.99 | best: -39.58 | KL: 2.672e-05 | std: 0.5971 | rollout: 8.013s | update: 1.509s | total: 9.522s | samples/s: 6721
Iteration 0145 | train reward: -46.54 | best: -39.58 | KL: 2.922e-05 | std: 0.5971 | rollout: 7.956s | update: 1.577s | total: 9.533s | samples/s: 6713
Iteration 0146 | train reward: -40.36 | best: -39.58 | KL: 2.859e-05 | std: 0.5969 | rollout: 8.502s | update: 1.470s | total: 9.972s | samples/s: 6418
Iteration 0147 | train reward: -42.89 | best: -39.58 | KL: 2.323e-05 | std: 0.5969 | rollout: 6.278s | update: 1.354s | total: 7.632s | samples/s: 8386
Iteration 0148 | train reward: -46.10 | best: -39.58 | KL: 2.552e-05 | std: 0.5969 | rollout: 8.519s | update: 1.340s | total: 9.858s | samples/s: 6492
Iteration 0149 | train reward: -39.86 | best: -39.58 | KL: 2.179e-05 | std: 0.5969 | rollout: 7.833s | update: 1.423s | total: 9.256s | samples/s: 6914
Iteration 0150 | train reward: -44.57 | best: -39.58 | KL: 2.773e-05 | std: 0.5965 | rollout: 7.409s | update: 1.407s | total: 8.816s | samples/s: 7259
Iteration 0151 | train reward: -45.53 | best: -39.58 | KL: 2.833e-05 | std: 0.5965 | rollout: 7.724s | update: 1.442s | total: 9.166s | samples/s: 6982
Iteration 0152 | train reward: -38.21 | best: -38.21 | KL: 2.322e-05 | std: 0.5965 | rollout: 7.623s | update: 1.454s | total: 9.078s | samples/s: 7050
Iteration 0153 | train reward: -45.76 | best: -38.21 | KL: 2.516e-05 | std: 0.5965 | rollout: 8.324s | update: 1.491s | total: 9.815s | samples/s: 6520
Iteration 0154 | train reward: -49.00 | best: -38.21 | KL: 2.602e-05 | std: 0.5964 | rollout: 7.644s | update: 1.564s | total: 9.208s | samples/s: 6951
Iteration 0155 | train reward: -38.06 | best: -38.06 | KL: 2.629e-05 | std: 0.5964 | rollout: 8.527s | update: 1.403s | total: 9.930s | samples/s: 6445
Iteration 0156 | train reward: -38.04 | best: -38.04 | KL: 2.580e-05 | std: 0.5964 | rollout: 7.925s | update: 1.445s | total: 9.369s | samples/s: 6831
Iteration 0157 | train reward: -41.45 | best: -38.04 | KL: 2.677e-05 | std: 0.5964 | rollout: 7.499s | update: 1.425s | total: 8.924s | samples/s: 7172
Iteration 0158 | train reward: -42.08 | best: -38.04 | KL: 2.415e-05 | std: 0.5963 | rollout: 9.083s | update: 1.380s | total: 10.464s | samples/s: 6116
Iteration 0159 | train reward: -46.53 | best: -38.04 | KL: 2.681e-05 | std: 0.5963 | rollout: 8.558s | update: 1.445s | total: 10.003s | samples/s: 6398
Iteration 0160 | train reward: -39.57 | best: -38.04 | KL: 2.045e-05 | std: 0.5963 | rollout: 7.788s | update: 1.418s | total: 9.207s | samples/s: 6951
Iteration 0161 | train reward: -36.06 | best: -36.06 | KL: 2.276e-05 | std: 0.5962 | rollout: 8.291s | update: 1.498s | total: 9.788s | samples/s: 6538
Iteration 0162 | train reward: -35.54 | best: -35.54 | KL: 2.180e-05 | std: 0.5962 | rollout: 7.399s | update: 1.422s | total: 8.821s | samples/s: 7255
Iteration 0163 | train reward: -32.49 | best: -32.49 | KL: 2.102e-05 | std: 0.5962 | rollout: 8.272s | update: 1.345s | total: 9.618s | samples/s: 6654
Iteration 0164 | train reward: -31.34 | best: -31.34 | KL: 2.537e-05 | std: 0.5958 | rollout: 7.898s | update: 1.373s | total: 9.271s | samples/s: 6903
Iteration 0165 | train reward: -28.26 | best: -28.26 | KL: 2.029e-05 | std: 0.5958 | rollout: 7.762s | update: 1.477s | total: 9.240s | samples/s: 6927
Iteration 0166 | train reward: -36.85 | best: -28.26 | KL: 2.606e-05 | std: 0.5957 | rollout: 6.242s | update: 1.386s | total: 7.627s | samples/s: 8391
Iteration 0167 | train reward: -33.12 | best: -28.26 | KL: 2.106e-05 | std: 0.5957 | rollout: 8.565s | update: 1.460s | total: 10.025s | samples/s: 6384
Iteration 0168 | train reward: -33.92 | best: -28.26 | KL: 2.667e-05 | std: 0.5956 | rollout: 8.560s | update: 1.306s | total: 9.866s | samples/s: 6487
Iteration 0169 | train reward: -34.21 | best: -28.26 | KL: 2.416e-05 | std: 0.5956 | rollout: 9.046s | update: 1.410s | total: 10.456s | samples/s: 6121
Iteration 0170 | train reward: -37.64 | best: -28.26 | KL: 2.629e-05 | std: 0.5945 | rollout: 7.836s | update: 1.446s | total: 9.281s | samples/s: 6896
Iteration 0171 | train reward: -32.69 | best: -28.26 | KL: 2.017e-05 | std: 0.5945 | rollout: 9.341s | update: 1.543s | total: 10.885s | samples/s: 5880
Iteration 0172 | train reward: -29.12 | best: -28.26 | KL: 2.419e-05 | std: 0.5945 | rollout: 7.606s | update: 1.353s | total: 8.959s | samples/s: 7144
Iteration 0173 | train reward: -32.22 | best: -28.26 | KL: 2.735e-05 | std: 0.5945 | rollout: 8.063s | update: 1.422s | total: 9.485s | samples/s: 6748
Iteration 0174 | train reward: -33.99 | best: -28.26 | KL: 2.431e-05 | std: 0.5945 | rollout: 8.433s | update: 1.478s | total: 9.911s | samples/s: 6458
Iteration 0175 | train reward: -25.41 | best: -25.41 | KL: 1.994e-05 | std: 0.5944 | rollout: 9.217s | update: 1.353s | total: 10.570s | samples/s: 6055
Iteration 0176 | train reward: -33.46 | best: -25.41 | KL: 1.887e-05 | std: 0.5943 | rollout: 8.105s | update: 1.477s | total: 9.582s | samples/s: 6679
Iteration 0177 | train reward: -28.66 | best: -25.41 | KL: 2.178e-05 | std: 0.5943 | rollout: 7.185s | update: 1.414s | total: 8.598s | samples/s: 7443
Iteration 0178 | train reward: -28.72 | best: -25.41 | KL: 2.202e-05 | std: 0.5943 | rollout: 7.672s | update: 1.537s | total: 9.209s | samples/s: 6950
Iteration 0179 | train reward: -29.91 | best: -25.41 | KL: 2.264e-05 | std: 0.5939 | rollout: 8.062s | update: 1.417s | total: 9.479s | samples/s: 6752
Iteration 0180 | train reward: -28.93 | best: -25.41 | KL: 2.446e-05 | std: 0.5939 | rollout: 7.412s | update: 1.361s | total: 8.772s | samples/s: 7296
Iteration 0181 | train reward: -30.95 | best: -25.41 | KL: 2.149e-05 | std: 0.5939 | rollout: 8.676s | update: 1.474s | total: 10.150s | samples/s: 6305
Iteration 0182 | train reward: -31.10 | best: -25.41 | KL: 2.437e-05 | std: 0.5938 | rollout: 8.998s | update: 1.485s | total: 10.484s | samples/s: 6105
Iteration 0183 | train reward: -28.68 | best: -25.41 | KL: 2.099e-05 | std: 0.5938 | rollout: 8.331s | update: 1.518s | total: 9.849s | samples/s: 6498
Iteration 0184 | train reward: -23.57 | best: -23.57 | KL: 2.624e-05 | std: 0.5938 | rollout: 8.123s | update: 1.498s | total: 9.621s | samples/s: 6652
Iteration 0185 | train reward: -33.11 | best: -23.57 | KL: 2.633e-05 | std: 0.5937 | rollout: 8.272s | update: 1.399s | total: 9.671s | samples/s: 6618
Iteration 0186 | train reward: -22.96 | best: -22.96 | KL: 2.321e-05 | std: 0.5937 | rollout: 7.762s | update: 1.365s | total: 9.126s | samples/s: 7013
Iteration 0187 | train reward: -21.98 | best: -21.98 | KL: 2.316e-05 | std: 0.5937 | rollout: 8.742s | update: 1.473s | total: 10.216s | samples/s: 6265
Iteration 0188 | train reward: -25.96 | best: -21.98 | KL: 2.183e-05 | std: 0.5936 | rollout: 7.777s | update: 1.329s | total: 9.105s | samples/s: 7029
Iteration 0189 | train reward: -21.93 | best: -21.93 | KL: 2.179e-05 | std: 0.5936 | rollout: 7.647s | update: 1.479s | total: 9.127s | samples/s: 7012
Iteration 0190 | train reward: -26.76 | best: -21.93 | KL: 2.089e-05 | std: 0.5936 | rollout: 7.978s | update: 1.488s | total: 9.465s | samples/s: 6761
Iteration 0191 | train reward: -25.07 | best: -21.93 | KL: 2.246e-05 | std: 0.5936 | rollout: 8.800s | update: 1.452s | total: 10.252s | samples/s: 6243
Iteration 0192 | train reward: -23.95 | best: -21.93 | KL: 2.820e-05 | std: 0.5932 | rollout: 7.777s | update: 1.441s | total: 9.218s | samples/s: 6943
Iteration 0193 | train reward: -22.38 | best: -21.93 | KL: 2.118e-05 | std: 0.5932 | rollout: 8.183s | update: 1.311s | total: 9.493s | samples/s: 6742
Iteration 0194 | train reward: -23.13 | best: -21.93 | KL: 2.503e-05 | std: 0.5932 | rollout: 8.606s | update: 1.416s | total: 10.022s | samples/s: 6386
Iteration 0195 | train reward: -21.40 | best: -21.40 | KL: 2.396e-05 | std: 0.5931 | rollout: 6.271s | update: 1.378s | total: 7.649s | samples/s: 8368
Iteration 0196 | train reward: -20.94 | best: -20.94 | KL: 2.260e-05 | std: 0.5930 | rollout: 7.378s | update: 1.348s | total: 8.725s | samples/s: 7335
Iteration 0197 | train reward: -24.55 | best: -20.94 | KL: 2.076e-05 | std: 0.5930 | rollout: 8.203s | update: 1.509s | total: 9.712s | samples/s: 6590
Iteration 0198 | train reward: -25.11 | best: -20.94 | KL: 2.216e-05 | std: 0.5930 | rollout: 7.736s | update: 1.426s | total: 9.163s | samples/s: 6985
Iteration 0199 | train reward: -21.65 | best: -20.94 | KL: 2.280e-05 | std: 0.5930 | rollout: 7.698s | update: 1.443s | total: 9.141s | samples/s: 7001
Iteration 0200 | train reward: -19.88 | best: -19.88 | KL: 2.412e-05 | std: 0.5930 | rollout: 9.257s | update: 1.433s | total: 10.690s | samples/s: 5987
Iteration 0201 | train reward: -19.69 | best: -19.69 | KL: 2.263e-05 | std: 0.5930 | rollout: 7.796s | update: 1.344s | total: 9.140s | samples/s: 7002
Iteration 0202 | train reward: -23.11 | best: -19.69 | KL: 2.526e-05 | std: 0.5919 | rollout: 7.082s | update: 1.368s | total: 8.450s | samples/s: 7574
Iteration 0203 | train reward: -14.96 | best: -14.96 | KL: 2.224e-05 | std: 0.5919 | rollout: 7.510s | update: 1.560s | total: 9.070s | samples/s: 7056
Iteration 0204 | train reward: -19.75 | best: -14.96 | KL: 2.344e-05 | std: 0.5919 | rollout: 7.895s | update: 1.425s | total: 9.320s | samples/s: 6867
Iteration 0205 | train reward: -16.25 | best: -14.96 | KL: 2.363e-05 | std: 0.5918 | rollout: 8.625s | update: 1.453s | total: 10.077s | samples/s: 6351
Iteration 0206 | train reward: -21.15 | best: -14.96 | KL: 2.298e-05 | std: 0.5918 | rollout: 7.975s | update: 1.466s | total: 9.442s | samples/s: 6778
Iteration 0207 | train reward: -20.00 | best: -14.96 | KL: 2.040e-05 | std: 0.5917 | rollout: 8.167s | update: 1.356s | total: 9.523s | samples/s: 6721
Iteration 0208 | train reward: -11.25 | best: -11.25 | KL: 2.502e-05 | std: 0.5917 | rollout: 8.930s | update: 1.411s | total: 10.340s | samples/s: 6189
Iteration 0209 | train reward: -18.04 | best: -11.25 | KL: 2.264e-05 | std: 0.5917 | rollout: 8.183s | update: 1.524s | total: 9.707s | samples/s: 6593
Iteration 0210 | train reward: -15.28 | best: -11.25 | KL: 2.253e-05 | std: 0.5913 | rollout: 8.027s | update: 1.470s | total: 9.496s | samples/s: 6739
Iteration 0211 | train reward: -11.27 | best: -11.25 | KL: 2.412e-05 | std: 0.5913 | rollout: 8.007s | update: 1.442s | total: 9.448s | samples/s: 6774
Iteration 0212 | train reward: -15.23 | best: -11.25 | KL: 2.184e-05 | std: 0.5913 | rollout: 7.720s | update: 1.496s | total: 9.216s | samples/s: 6944
Iteration 0213 | train reward: -12.24 | best: -11.25 | KL: 2.587e-05 | std: 0.5913 | rollout: 7.648s | update: 1.578s | total: 9.225s | samples/s: 6937
Iteration 0214 | train reward: -11.25 | best: -11.25 | KL: 1.971e-05 | std: 0.5913 | rollout: 8.851s | update: 1.399s | total: 10.250s | samples/s: 6244
Iteration 0215 | train reward: -21.01 | best: -11.25 | KL: 2.565e-05 | std: 0.5913 | rollout: 8.411s | update: 1.368s | total: 9.779s | samples/s: 6545
Iteration 0216 | train reward: -10.26 | best: -10.26 | KL: 2.592e-05 | std: 0.5912 | rollout: 8.871s | update: 1.520s | total: 10.391s | samples/s: 6159
Iteration 0217 | train reward: -9.88 | best: -9.88 | KL: 1.926e-05 | std: 0.5912 | rollout: 7.048s | update: 1.399s | total: 8.447s | samples/s: 7577
Iteration 0218 | train reward: -15.02 | best: -9.88 | KL: 2.349e-05 | std: 0.5912 | rollout: 7.941s | update: 1.480s | total: 9.421s | samples/s: 6793
Iteration 0219 | train reward: -16.43 | best: -9.88 | KL: 2.383e-05 | std: 0.5911 | rollout: 8.743s | update: 1.407s | total: 10.150s | samples/s: 6305
Iteration 0220 | train reward: -12.87 | best: -9.88 | KL: 2.727e-05 | std: 0.5911 | rollout: 9.329s | update: 1.471s | total: 10.801s | samples/s: 5926
Iteration 0221 | train reward: -12.10 | best: -9.88 | KL: 2.403e-05 | std: 0.5911 | rollout: 8.120s | update: 1.327s | total: 9.447s | samples/s: 6775
Iteration 0222 | train reward: -8.67 | best: -8.67 | KL: 2.342e-05 | std: 0.5911 | rollout: 7.722s | update: 1.404s | total: 9.126s | samples/s: 7013
Iteration 0223 | train reward: -3.06 | best: -3.06 | KL: 2.291e-05 | std: 0.5911 | rollout: 7.367s | update: 1.361s | total: 8.728s | samples/s: 7333
Iteration 0224 | train reward: -6.75 | best: -3.06 | KL: 2.412e-05 | std: 0.5910 | rollout: 8.222s | update: 1.487s | total: 9.710s | samples/s: 6591
Iteration 0225 | train reward: -4.14 | best: -3.06 | KL: 2.305e-05 | std: 0.5910 | rollout: 7.665s | update: 1.494s | total: 9.159s | samples/s: 6988
Iteration 0226 | train reward: -8.19 | best: -3.06 | KL: 1.824e-05 | std: 0.5910 | rollout: 8.954s | update: 1.502s | total: 10.455s | samples/s: 6121
Iteration 0227 | train reward: -6.18 | best: -3.06 | KL: 2.496e-05 | std: 0.5910 | rollout: 8.184s | update: 1.364s | total: 9.548s | samples/s: 6703
Iteration 0228 | train reward: -8.95 | best: -3.06 | KL: 1.945e-05 | std: 0.5906 | rollout: 6.446s | update: 1.447s | total: 7.893s | samples/s: 8109
Iteration 0229 | train reward: 0.61 | best: 0.61 | KL: 2.561e-05 | std: 0.5905 | rollout: 8.252s | update: 1.562s | total: 9.814s | samples/s: 6521
Iteration 0230 | train reward: -6.84 | best: 0.61 | KL: 2.749e-05 | std: 0.5905 | rollout: 8.551s | update: 1.502s | total: 10.053s | samples/s: 6366
Iteration 0231 | train reward: -12.93 | best: 0.61 | KL: 2.324e-05 | std: 0.5904 | rollout: 9.230s | update: 1.386s | total: 10.617s | samples/s: 6028
Iteration 0232 | train reward: -7.62 | best: 0.61 | KL: 1.762e-05 | std: 0.5904 | rollout: 7.968s | update: 1.356s | total: 9.324s | samples/s: 6864
Iteration 0233 | train reward: -9.95 | best: 0.61 | KL: 1.967e-05 | std: 0.5904 | rollout: 7.441s | update: 1.479s | total: 8.920s | samples/s: 7175
Iteration 0234 | train reward: -8.91 | best: 0.61 | KL: 1.938e-05 | std: 0.5904 | rollout: 7.099s | update: 1.578s | total: 8.677s | samples/s: 7376
Iteration 0235 | train reward: -5.91 | best: 0.61 | KL: 2.225e-05 | std: 0.5893 | rollout: 7.897s | update: 1.445s | total: 9.341s | samples/s: 6851
Iteration 0236 | train reward: -4.12 | best: 0.61 | KL: 2.362e-05 | std: 0.5893 | rollout: 7.941s | update: 1.396s | total: 9.337s | samples/s: 6855
Iteration 0237 | train reward: -4.37 | best: 0.61 | KL: 2.222e-05 | std: 0.5892 | rollout: 7.863s | update: 1.400s | total: 9.262s | samples/s: 6910
Iteration 0238 | train reward: -5.58 | best: 0.61 | KL: 2.428e-05 | std: 0.5891 | rollout: 8.426s | update: 1.388s | total: 9.814s | samples/s: 6521
Iteration 0239 | train reward: -4.12 | best: 0.61 | KL: 2.052e-05 | std: 0.5891 | rollout: 7.771s | update: 1.396s | total: 9.167s | samples/s: 6982
Iteration 0240 | train reward: -3.24 | best: 0.61 | KL: 2.707e-05 | std: 0.5891 | rollout: 7.378s | update: 1.414s | total: 8.792s | samples/s: 7280
Iteration 0241 | train reward: -1.10 | best: 0.61 | KL: 1.892e-05 | std: 0.5887 | rollout: 8.074s | update: 1.483s | total: 9.557s | samples/s: 6697
Iteration 0242 | train reward: 1.12 | best: 1.12 | KL: 2.466e-05 | std: 0.5887 | rollout: 7.493s | update: 1.378s | total: 8.871s | samples/s: 7215
Iteration 0243 | train reward: 1.69 | best: 1.69 | KL: 2.359e-05 | std: 0.5887 | rollout: 7.913s | update: 1.388s | total: 9.300s | samples/s: 6882
Iteration 0244 | train reward: -2.41 | best: 1.69 | KL: 2.217e-05 | std: 0.5887 | rollout: 8.132s | update: 1.378s | total: 9.510s | samples/s: 6730
Iteration 0245 | train reward: 3.24 | best: 3.24 | KL: 1.980e-05 | std: 0.5887 | rollout: 7.632s | update: 1.412s | total: 9.045s | samples/s: 7076
Iteration 0246 | train reward: 0.60 | best: 3.24 | KL: 2.283e-05 | std: 0.5887 | rollout: 8.486s | update: 1.374s | total: 9.860s | samples/s: 6491
Iteration 0247 | train reward: -2.33 | best: 3.24 | KL: 2.345e-05 | std: 0.5886 | rollout: 7.981s | update: 1.490s | total: 9.471s | samples/s: 6757
Iteration 0248 | train reward: 1.05 | best: 3.24 | KL: 2.045e-05 | std: 0.5886 | rollout: 8.470s | update: 1.338s | total: 9.808s | samples/s: 6525
Iteration 0249 | train reward: 1.46 | best: 3.24 | KL: 2.281e-05 | std: 0.5886 | rollout: 7.537s | update: 1.464s | total: 9.001s | samples/s: 7110
Iteration 0250 | train reward: 0.43 | best: 3.24 | KL: 2.586e-05 | std: 0.5886 | rollout: 7.508s | update: 1.334s | total: 8.842s | samples/s: 7238
Iteration 0251 | train reward: -3.70 | best: 3.24 | KL: 2.082e-05 | std: 0.5885 | rollout: 8.383s | update: 1.357s | total: 9.740s | samples/s: 6571
Iteration 0252 | train reward: 8.14 | best: 8.14 | KL: 2.232e-05 | std: 0.5885 | rollout: 8.837s | update: 1.343s | total: 10.180s | samples/s: 6287
Iteration 0253 | train reward: 0.69 | best: 8.14 | KL: 1.869e-05 | std: 0.5885 | rollout: 7.901s | update: 1.558s | total: 9.459s | samples/s: 6766
Iteration 0254 | train reward: 4.13 | best: 8.14 | KL: 2.255e-05 | std: 0.5885 | rollout: 8.901s | update: 1.515s | total: 10.416s | samples/s: 6144
Iteration 0255 | train reward: 10.22 | best: 10.22 | KL: 2.172e-05 | std: 0.5884 | rollout: 7.563s | update: 1.408s | total: 8.971s | samples/s: 7134
Iteration 0256 | train reward: 6.04 | best: 10.22 | KL: 2.256e-05 | std: 0.5884 | rollout: 7.194s | update: 1.406s | total: 8.600s | samples/s: 7442
Iteration 0257 | train reward: 11.22 | best: 11.22 | KL: 2.148e-05 | std: 0.5880 | rollout: 8.645s | update: 1.373s | total: 10.018s | samples/s: 6388
Iteration 0258 | train reward: 2.51 | best: 11.22 | KL: 2.208e-05 | std: 0.5880 | rollout: 7.775s | update: 1.611s | total: 9.386s | samples/s: 6819
Iteration 0259 | train reward: 5.61 | best: 11.22 | KL: 2.107e-05 | std: 0.5879 | rollout: 8.358s | update: 1.457s | total: 9.815s | samples/s: 6521
Iteration 0260 | train reward: 7.19 | best: 11.22 | KL: 2.076e-05 | std: 0.5879 | rollout: 7.599s | update: 1.431s | total: 9.031s | samples/s: 7087
Iteration 0261 | train reward: 6.10 | best: 11.22 | KL: 2.101e-05 | std: 0.5878 | rollout: 7.023s | update: 1.412s | total: 8.435s | samples/s: 7587
Iteration 0262 | train reward: 11.88 | best: 11.88 | KL: 2.386e-05 | std: 0.5878 | rollout: 7.642s | update: 1.400s | total: 9.042s | samples/s: 7078
Iteration 0263 | train reward: 5.50 | best: 11.88 | KL: 2.379e-05 | std: 0.5878 | rollout: 7.132s | update: 1.540s | total: 8.672s | samples/s: 7380
Iteration 0264 | train reward: 7.35 | best: 11.88 | KL: 2.733e-05 | std: 0.5878 | rollout: 7.597s | update: 1.396s | total: 8.993s | samples/s: 7117
Iteration 0265 | train reward: 12.57 | best: 12.57 | KL: 2.612e-05 | std: 0.5867 | rollout: 7.823s | update: 1.423s | total: 9.246s | samples/s: 6922
Iteration 0266 | train reward: 11.73 | best: 12.57 | KL: 2.460e-05 | std: 0.5867 | rollout: 8.861s | update: 1.360s | total: 10.220s | samples/s: 6262
Iteration 0267 | train reward: 11.96 | best: 12.57 | KL: 2.400e-05 | std: 0.5867 | rollout: 8.781s | update: 1.527s | total: 10.307s | samples/s: 6209
Iteration 0268 | train reward: 11.09 | best: 12.57 | KL: 2.463e-05 | std: 0.5867 | rollout: 8.830s | update: 1.396s | total: 10.225s | samples/s: 6259
Iteration 0269 | train reward: 12.93 | best: 12.93 | KL: 2.870e-05 | std: 0.5866 | rollout: 8.076s | update: 1.526s | total: 9.602s | samples/s: 6665
Iteration 0270 | train reward: 7.45 | best: 12.93 | KL: 2.111e-05 | std: 0.5866 | rollout: 8.549s | update: 1.431s | total: 9.980s | samples/s: 6413
Iteration 0271 | train reward: 9.06 | best: 12.93 | KL: 2.032e-05 | std: 0.5866 | rollout: 7.299s | update: 1.385s | total: 8.685s | samples/s: 7369
Iteration 0272 | train reward: 15.25 | best: 15.25 | KL: 1.943e-05 | std: 0.5865 | rollout: 9.220s | update: 1.565s | total: 10.785s | samples/s: 5934
Iteration 0273 | train reward: 10.42 | best: 15.25 | KL: 2.378e-05 | std: 0.5865 | rollout: 8.177s | update: 1.514s | total: 9.690s | samples/s: 6605
Iteration 0274 | train reward: 13.24 | best: 15.25 | KL: 2.340e-05 | std: 0.5861 | rollout: 8.410s | update: 1.426s | total: 9.836s | samples/s: 6506
Iteration 0275 | train reward: 12.92 | best: 15.25 | KL: 2.396e-05 | std: 0.5861 | rollout: 8.258s | update: 1.425s | total: 9.683s | samples/s: 6609
Iteration 0276 | train reward: 20.46 | best: 20.46 | KL: 2.808e-05 | std: 0.5861 | rollout: 7.878s | update: 1.469s | total: 9.347s | samples/s: 6847
Iteration 0277 | train reward: 12.62 | best: 20.46 | KL: 2.347e-05 | std: 0.5861 | rollout: 9.292s | update: 1.588s | total: 10.880s | samples/s: 5882
Iteration 0278 | train reward: 18.71 | best: 20.46 | KL: 2.116e-05 | std: 0.5861 | rollout: 8.510s | update: 1.475s | total: 9.985s | samples/s: 6409
Iteration 0279 | train reward: 15.29 | best: 20.46 | KL: 2.317e-05 | std: 0.5861 | rollout: 8.921s | update: 1.484s | total: 10.404s | samples/s: 6151
Iteration 0280 | train reward: 19.01 | best: 20.46 | KL: 2.436e-05 | std: 0.5860 | rollout: 8.931s | update: 1.351s | total: 10.283s | samples/s: 6224
Iteration 0281 | train reward: 12.68 | best: 20.46 | KL: 2.046e-05 | std: 0.5859 | rollout: 7.602s | update: 1.394s | total: 8.996s | samples/s: 7114
Iteration 0282 | train reward: 18.51 | best: 20.46 | KL: 2.709e-05 | std: 0.5859 | rollout: 7.537s | update: 1.434s | total: 8.971s | samples/s: 7134
Iteration 0283 | train reward: 17.98 | best: 20.46 | KL: 2.484e-05 | std: 0.5859 | rollout: 7.554s | update: 1.466s | total: 9.020s | samples/s: 7095
Iteration 0284 | train reward: 17.51 | best: 20.46 | KL: 2.335e-05 | std: 0.5859 | rollout: 8.677s | update: 1.450s | total: 10.127s | samples/s: 6320
Iteration 0285 | train reward: 20.07 | best: 20.46 | KL: 2.857e-05 | std: 0.5859 | rollout: 8.404s | update: 1.433s | total: 9.837s | samples/s: 6506
Iteration 0286 | train reward: 17.22 | best: 20.46 | KL: 2.166e-05 | std: 0.5859 | rollout: 7.309s | update: 1.355s | total: 8.663s | samples/s: 7387
Iteration 0287 | train reward: 19.08 | best: 20.46 | KL: 2.996e-05 | std: 0.5858 | rollout: 7.409s | update: 1.519s | total: 8.928s | samples/s: 7168
Iteration 0288 | train reward: 13.63 | best: 20.46 | KL: 2.683e-05 | std: 0.5858 | rollout: 7.336s | update: 1.426s | total: 8.762s | samples/s: 7304
Iteration 0289 | train reward: 24.84 | best: 24.84 | KL: 2.716e-05 | std: 0.5858 | rollout: 7.943s | update: 1.435s | total: 9.378s | samples/s: 6824
Iteration 0290 | train reward: 20.24 | best: 24.84 | KL: 2.334e-05 | std: 0.5858 | rollout: 7.413s | update: 1.435s | total: 8.848s | samples/s: 7234
Iteration 0291 | train reward: 17.67 | best: 24.84 | KL: 2.700e-05 | std: 0.5858 | rollout: 8.407s | update: 1.479s | total: 9.886s | samples/s: 6474
Iteration 0292 | train reward: 21.84 | best: 24.84 | KL: 2.486e-05 | std: 0.5857 | rollout: 8.258s | update: 1.385s | total: 9.642s | samples/s: 6637
Iteration 0293 | train reward: 22.09 | best: 24.84 | KL: 2.375e-05 | std: 0.5854 | rollout: 7.301s | update: 1.509s | total: 8.810s | samples/s: 7264
Iteration 0294 | train reward: 21.29 | best: 24.84 | KL: 2.284e-05 | std: 0.5854 | rollout: 7.450s | update: 1.378s | total: 8.827s | samples/s: 7250
Iteration 0295 | train reward: 24.24 | best: 24.84 | KL: 2.387e-05 | std: 0.5854 | rollout: 7.627s | update: 1.445s | total: 9.072s | samples/s: 7054
Iteration 0296 | train reward: 26.57 | best: 26.57 | KL: 2.256e-05 | std: 0.5853 | rollout: 9.034s | update: 1.412s | total: 10.446s | samples/s: 6127
Iteration 0297 | train reward: 24.23 | best: 26.57 | KL: 2.554e-05 | std: 0.5853 | rollout: 8.752s | update: 1.490s | total: 10.242s | samples/s: 6248
Iteration 0298 | train reward: 25.49 | best: 26.57 | KL: 2.763e-05 | std: 0.5852 | rollout: 7.482s | update: 1.365s | total: 8.846s | samples/s: 7235
Iteration 0299 | train reward: 32.05 | best: 32.05 | KL: 2.374e-05 | std: 0.5852 | rollout: 7.291s | update: 1.477s | total: 8.768s | samples/s: 7299
Iteration 0300 | train reward: 26.96 | best: 32.05 | KL: 2.721e-05 | std: 0.5852 | rollout: 8.509s | update: 1.405s | total: 9.914s | samples/s: 6455
Iteration 0301 | train reward: 28.69 | best: 32.05 | KL: 3.190e-05 | std: 0.5841 | rollout: 8.182s | update: 1.437s | total: 9.618s | samples/s: 6654
Iteration 0302 | train reward: 32.76 | best: 32.76 | KL: 2.495e-05 | std: 0.5841 | rollout: 7.343s | update: 1.546s | total: 8.890s | samples/s: 7199
Iteration 0303 | train reward: 23.75 | best: 32.76 | KL: 2.337e-05 | std: 0.5840 | rollout: 7.601s | update: 1.454s | total: 9.055s | samples/s: 7068
Iteration 0304 | train reward: 27.43 | best: 32.76 | KL: 2.716e-05 | std: 0.5839 | rollout: 7.561s | update: 1.462s | total: 9.023s | samples/s: 7093
Iteration 0305 | train reward: 27.71 | best: 32.76 | KL: 2.910e-05 | std: 0.5839 | rollout: 8.007s | update: 1.417s | total: 9.424s | samples/s: 6791
Iteration 0306 | train reward: 33.98 | best: 33.98 | KL: 2.727e-05 | std: 0.5839 | rollout: 8.622s | update: 1.455s | total: 10.077s | samples/s: 6351
Iteration 0307 | train reward: 28.29 | best: 33.98 | KL: 2.452e-05 | std: 0.5835 | rollout: 8.131s | update: 1.417s | total: 9.548s | samples/s: 6703
Iteration 0308 | train reward: 25.95 | best: 33.98 | KL: 2.396e-05 | std: 0.5835 | rollout: 8.521s | update: 1.393s | total: 9.913s | samples/s: 6456
Iteration 0309 | train reward: 24.74 | best: 33.98 | KL: 2.463e-05 | std: 0.5835 | rollout: 8.020s | update: 1.427s | total: 9.447s | samples/s: 6775
Iteration 0310 | train reward: 33.89 | best: 33.98 | KL: 2.708e-05 | std: 0.5834 | rollout: 8.946s | update: 1.461s | total: 10.407s | samples/s: 6150
Iteration 0311 | train reward: 30.71 | best: 33.98 | KL: 2.419e-05 | std: 0.5833 | rollout: 8.076s | update: 1.438s | total: 9.514s | samples/s: 6727
Iteration 0312 | train reward: 33.60 | best: 33.98 | KL: 2.564e-05 | std: 0.5833 | rollout: 8.101s | update: 1.442s | total: 9.544s | samples/s: 6706
Iteration 0313 | train reward: 34.09 | best: 34.09 | KL: 2.077e-05 | std: 0.5833 | rollout: 9.255s | update: 1.391s | total: 10.645s | samples/s: 6012
Iteration 0314 | train reward: 36.77 | best: 36.77 | KL: 3.088e-05 | std: 0.5833 | rollout: 8.547s | update: 1.405s | total: 9.952s | samples/s: 6431
Iteration 0315 | train reward: 35.11 | best: 36.77 | KL: 2.356e-05 | std: 0.5833 | rollout: 8.274s | update: 1.446s | total: 9.721s | samples/s: 6584
Iteration 0316 | train reward: 37.44 | best: 37.44 | KL: 2.668e-05 | std: 0.5833 | rollout: 8.583s | update: 1.332s | total: 9.915s | samples/s: 6455
Iteration 0317 | train reward: 35.61 | best: 37.44 | KL: 2.706e-05 | std: 0.5833 | rollout: 7.607s | update: 1.470s | total: 9.077s | samples/s: 7051
Iteration 0318 | train reward: 33.13 | best: 37.44 | KL: 3.214e-05 | std: 0.5832 | rollout: 8.390s | update: 1.385s | total: 9.775s | samples/s: 6547
Iteration 0319 | train reward: 41.31 | best: 41.31 | KL: 2.725e-05 | std: 0.5832 | rollout: 8.196s | update: 1.509s | total: 9.705s | samples/s: 6594
Iteration 0320 | train reward: 36.54 | best: 41.31 | KL: 2.498e-05 | std: 0.5831 | rollout: 8.492s | update: 1.472s | total: 9.964s | samples/s: 6423
Iteration 0321 | train reward: 38.58 | best: 41.31 | KL: 2.152e-05 | std: 0.5828 | rollout: 8.141s | update: 1.501s | total: 9.642s | samples/s: 6638
Iteration 0322 | train reward: 32.33 | best: 41.31 | KL: 2.841e-05 | std: 0.5828 | rollout: 9.037s | update: 1.371s | total: 10.408s | samples/s: 6149
Iteration 0323 | train reward: 45.10 | best: 45.10 | KL: 2.712e-05 | std: 0.5828 | rollout: 7.822s | update: 1.440s | total: 9.262s | samples/s: 6910
Iteration 0324 | train reward: 34.46 | best: 45.10 | KL: 2.454e-05 | std: 0.5828 | rollout: 8.585s | update: 1.325s | total: 9.910s | samples/s: 6458
Iteration 0325 | train reward: 33.69 | best: 45.10 | KL: 2.534e-05 | std: 0.5827 | rollout: 6.971s | update: 1.456s | total: 8.427s | samples/s: 7594
Iteration 0326 | train reward: 37.74 | best: 45.10 | KL: 3.251e-05 | std: 0.5827 | rollout: 8.786s | update: 1.457s | total: 10.243s | samples/s: 6248
Iteration 0327 | train reward: 41.96 | best: 45.10 | KL: 3.436e-05 | std: 0.5827 | rollout: 8.056s | update: 1.549s | total: 9.605s | samples/s: 6664
Iteration 0328 | train reward: 44.66 | best: 45.10 | KL: 2.703e-05 | std: 0.5827 | rollout: 7.819s | update: 1.367s | total: 9.186s | samples/s: 6967
Iteration 0329 | train reward: 37.56 | best: 45.10 | KL: 3.176e-05 | std: 0.5826 | rollout: 7.776s | update: 1.492s | total: 9.269s | samples/s: 6905
Iteration 0330 | train reward: 43.85 | best: 45.10 | KL: 2.750e-05 | std: 0.5826 | rollout: 7.738s | update: 1.501s | total: 9.239s | samples/s: 6927
Iteration 0331 | train reward: 42.55 | best: 45.10 | KL: 3.376e-05 | std: 0.5826 | rollout: 8.430s | update: 1.395s | total: 9.825s | samples/s: 6514
Iteration 0332 | train reward: 39.87 | best: 45.10 | KL: 3.223e-05 | std: 0.5826 | rollout: 8.544s | update: 1.513s | total: 10.057s | samples/s: 6364
Iteration 0333 | train reward: 53.41 | best: 53.41 | KL: 3.637e-05 | std: 0.5826 | rollout: 8.422s | update: 1.497s | total: 9.919s | samples/s: 6452
Iteration 0334 | train reward: 44.44 | best: 53.41 | KL: 2.901e-05 | std: 0.5815 | rollout: 8.505s | update: 1.467s | total: 9.972s | samples/s: 6418
Iteration 0335 | train reward: 44.70 | best: 53.41 | KL: 2.341e-05 | std: 0.5815 | rollout: 8.760s | update: 1.522s | total: 10.283s | samples/s: 6224
Iteration 0336 | train reward: 48.98 | best: 53.41 | KL: 2.829e-05 | std: 0.5815 | rollout: 7.727s | update: 1.355s | total: 9.082s | samples/s: 7047
Iteration 0337 | train reward: 47.31 | best: 53.41 | KL: 3.310e-05 | std: 0.5815 | rollout: 7.927s | update: 1.416s | total: 9.342s | samples/s: 6850
Iteration 0338 | train reward: 51.93 | best: 53.41 | KL: 3.412e-05 | std: 0.5814 | rollout: 7.582s | update: 1.458s | total: 9.040s | samples/s: 7079
Iteration 0339 | train reward: 50.33 | best: 53.41 | KL: 2.970e-05 | std: 0.5814 | rollout: 6.932s | update: 1.447s | total: 8.379s | samples/s: 7638
Iteration 0340 | train reward: 47.04 | best: 53.41 | KL: 2.483e-05 | std: 0.5813 | rollout: 8.438s | update: 1.521s | total: 9.959s | samples/s: 6427
Iteration 0341 | train reward: 50.37 | best: 53.41 | KL: 3.089e-05 | std: 0.5813 | rollout: 7.382s | update: 1.580s | total: 8.962s | samples/s: 7141
Iteration 0342 | train reward: 52.70 | best: 53.41 | KL: 3.101e-05 | std: 0.5813 | rollout: 7.797s | update: 1.434s | total: 9.231s | samples/s: 6933
Iteration 0343 | train reward: 49.80 | best: 53.41 | KL: 2.975e-05 | std: 0.5813 | rollout: 8.208s | update: 1.485s | total: 9.692s | samples/s: 6603
Iteration 0344 | train reward: 55.08 | best: 55.08 | KL: 3.706e-05 | std: 0.5813 | rollout: 7.451s | update: 1.539s | total: 8.990s | samples/s: 7119
Iteration 0345 | train reward: 51.46 | best: 55.08 | KL: 3.496e-05 | std: 0.5809 | rollout: 8.318s | update: 1.466s | total: 9.784s | samples/s: 6541
Iteration 0346 | train reward: 51.91 | best: 55.08 | KL: 3.619e-05 | std: 0.5809 | rollout: 7.794s | update: 1.565s | total: 9.359s | samples/s: 6839
Iteration 0347 | train reward: 55.87 | best: 55.87 | KL: 2.669e-05 | std: 0.5809 | rollout: 8.025s | update: 1.410s | total: 9.435s | samples/s: 6783
Iteration 0348 | train reward: 59.80 | best: 59.80 | KL: 3.641e-05 | std: 0.5809 | rollout: 9.346s | update: 1.450s | total: 10.795s | samples/s: 5929
Iteration 0349 | train reward: 52.56 | best: 59.80 | KL: 2.803e-05 | std: 0.5809 | rollout: 8.774s | update: 1.531s | total: 10.305s | samples/s: 6211
Iteration 0350 | train reward: 55.17 | best: 59.80 | KL: 3.448e-05 | std: 0.5809 | rollout: 8.129s | update: 1.479s | total: 9.608s | samples/s: 6661
Iteration 0351 | train reward: 61.92 | best: 61.92 | KL: 3.856e-05 | std: 0.5808 | rollout: 9.014s | update: 1.379s | total: 10.393s | samples/s: 6158
Iteration 0352 | train reward: 52.64 | best: 61.92 | KL: 3.129e-05 | std: 0.5807 | rollout: 8.274s | update: 1.461s | total: 9.734s | samples/s: 6575
Iteration 0353 | train reward: 62.06 | best: 62.06 | KL: 3.550e-05 | std: 0.5807 | rollout: 7.176s | update: 1.424s | total: 8.600s | samples/s: 7442
Iteration 0354 | train reward: 59.79 | best: 62.06 | KL: 3.919e-05 | std: 0.5807 | rollout: 7.933s | update: 1.507s | total: 9.439s | samples/s: 6780
Iteration 0355 | train reward: 60.21 | best: 62.06 | KL: 3.194e-05 | std: 0.5807 | rollout: 7.493s | update: 1.395s | total: 8.888s | samples/s: 7200
Iteration 0356 | train reward: 59.69 | best: 62.06 | KL: 2.622e-05 | std: 0.5807 | rollout: 8.839s | update: 1.626s | total: 10.465s | samples/s: 6115
Iteration 0357 | train reward: 54.10 | best: 62.06 | KL: 3.278e-05 | std: 0.5807 | rollout: 8.175s | update: 1.525s | total: 9.700s | samples/s: 6598
Iteration 0358 | train reward: 61.93 | best: 62.06 | KL: 3.683e-05 | std: 0.5807 | rollout: 7.735s | update: 1.412s | total: 9.147s | samples/s: 6997
Iteration 0359 | train reward: 63.85 | best: 63.85 | KL: 2.988e-05 | std: 0.5807 | rollout: 7.711s | update: 1.409s | total: 9.121s | samples/s: 7017
Iteration 0360 | train reward: 61.64 | best: 63.85 | KL: 3.558e-05 | std: 0.5807 | rollout: 7.583s | update: 1.481s | total: 9.064s | samples/s: 7061
Iteration 0361 | train reward: 66.85 | best: 66.85 | KL: 3.996e-05 | std: 0.5807 | rollout: 8.572s | update: 1.470s | total: 10.042s | samples/s: 6373
Iteration 0362 | train reward: 59.96 | best: 66.85 | KL: 3.962e-05 | std: 0.5806 | rollout: 7.551s | update: 1.509s | total: 9.060s | samples/s: 7064
Iteration 0363 | train reward: 63.81 | best: 66.85 | KL: 3.752e-05 | std: 0.5806 | rollout: 7.941s | update: 1.434s | total: 9.375s | samples/s: 6827
Iteration 0364 | train reward: 62.15 | best: 66.85 | KL: 3.635e-05 | std: 0.5805 | rollout: 8.677s | update: 1.334s | total: 10.012s | samples/s: 6393
Iteration 0365 | train reward: 68.12 | best: 68.12 | KL: 4.234e-05 | std: 0.5805 | rollout: 8.996s | update: 1.418s | total: 10.413s | samples/s: 6146
Iteration 0366 | train reward: 67.15 | best: 68.12 | KL: 3.770e-05 | std: 0.5802 | rollout: 7.579s | update: 1.469s | total: 9.048s | samples/s: 7074
Iteration 0367 | train reward: 68.42 | best: 68.42 | KL: 3.924e-05 | std: 0.5802 | rollout: 7.219s | update: 1.378s | total: 8.597s | samples/s: 7445
Iteration 0368 | train reward: 73.73 | best: 73.73 | KL: 4.014e-05 | std: 0.5801 | rollout: 8.798s | update: 1.434s | total: 10.231s | samples/s: 6255
Iteration 0369 | train reward: 68.55 | best: 73.73 | KL: 3.863e-05 | std: 0.5801 | rollout: 8.419s | update: 1.508s | total: 9.927s | samples/s: 6447
Iteration 0370 | train reward: 68.71 | best: 73.73 | KL: 3.630e-05 | std: 0.5801 | rollout: 8.157s | update: 1.539s | total: 9.696s | samples/s: 6600
Iteration 0371 | train reward: 72.48 | best: 73.73 | KL: 3.585e-05 | std: 0.5801 | rollout: 8.616s | update: 1.454s | total: 10.070s | samples/s: 6355
Iteration 0372 | train reward: 72.59 | best: 73.73 | KL: 4.421e-05 | std: 0.5801 | rollout: 8.355s | update: 1.466s | total: 9.821s | samples/s: 6517
Iteration 0373 | train reward: 71.71 | best: 73.73 | KL: 4.384e-05 | std: 0.5801 | rollout: 7.585s | update: 1.543s | total: 9.128s | samples/s: 7012
Iteration 0374 | train reward: 72.31 | best: 73.73 | KL: 3.655e-05 | std: 0.5801 | rollout: 8.285s | update: 1.522s | total: 9.808s | samples/s: 6526
Iteration 0375 | train reward: 64.49 | best: 73.73 | KL: 4.028e-05 | std: 0.5800 | rollout: 9.245s | update: 1.557s | total: 10.803s | samples/s: 5925
Iteration 0376 | train reward: 75.03 | best: 75.03 | KL: 4.725e-05 | std: 0.5800 | rollout: 8.318s | update: 1.554s | total: 9.872s | samples/s: 6483
Iteration 0377 | train reward: 73.81 | best: 75.03 | KL: 4.318e-05 | std: 0.5800 | rollout: 7.887s | update: 1.525s | total: 9.413s | samples/s: 6799
Iteration 0378 | train reward: 76.99 | best: 76.99 | KL: 4.446e-05 | std: 0.5789 | rollout: 8.227s | update: 1.464s | total: 9.690s | samples/s: 6605
Iteration 0379 | train reward: 68.24 | best: 76.99 | KL: 3.711e-05 | std: 0.5789 | rollout: 6.958s | update: 1.407s | total: 8.365s | samples/s: 7651
Iteration 0380 | train reward: 75.15 | best: 76.99 | KL: 3.734e-05 | std: 0.5789 | rollout: 8.228s | update: 1.491s | total: 9.718s | samples/s: 6586
Iteration 0381 | train reward: 76.28 | best: 76.99 | KL: 3.666e-05 | std: 0.5789 | rollout: 8.436s | update: 1.492s | total: 9.928s | samples/s: 6447
Iteration 0382 | train reward: 79.87 | best: 79.87 | KL: 4.559e-05 | std: 0.5789 | rollout: 7.280s | update: 1.465s | total: 8.744s | samples/s: 7319
Iteration 0383 | train reward: 82.31 | best: 82.31 | KL: 4.321e-05 | std: 0.5788 | rollout: 8.056s | update: 1.497s | total: 9.553s | samples/s: 6699
Iteration 0384 | train reward: 90.39 | best: 90.39 | KL: 5.093e-05 | std: 0.5788 | rollout: 8.500s | update: 1.430s | total: 9.931s | samples/s: 6445
Iteration 0385 | train reward: 86.63 | best: 90.39 | KL: 5.109e-05 | std: 0.5787 | rollout: 7.789s | update: 1.405s | total: 9.194s | samples/s: 6961
Iteration 0386 | train reward: 84.38 | best: 90.39 | KL: 5.156e-05 | std: 0.5787 | rollout: 8.821s | update: 1.464s | total: 10.285s | samples/s: 6223
Iteration 0387 | train reward: 82.09 | best: 90.39 | KL: 5.034e-05 | std: 0.5787 | rollout: 8.758s | update: 1.493s | total: 10.252s | samples/s: 6243
Iteration 0388 | train reward: 88.14 | best: 90.39 | KL: 4.190e-05 | std: 0.5787 | rollout: 8.486s | update: 1.469s | total: 9.956s | samples/s: 6429
Iteration 0389 | train reward: 84.46 | best: 90.39 | KL: 4.505e-05 | std: 0.5787 | rollout: 9.156s | update: 1.437s | total: 10.593s | samples/s: 6042
Iteration 0390 | train reward: 82.92 | best: 90.39 | KL: 3.881e-05 | std: 0.5787 | rollout: 8.016s | update: 1.393s | total: 9.409s | samples/s: 6802
Iteration 0391 | train reward: 84.10 | best: 90.39 | KL: 4.537e-05 | std: 0.5783 | rollout: 8.771s | update: 1.542s | total: 10.313s | samples/s: 6206
Iteration 0392 | train reward: 86.62 | best: 90.39 | KL: 4.359e-05 | std: 0.5783 | rollout: 7.655s | update: 1.318s | total: 8.973s | samples/s: 7132
Iteration 0393 | train reward: 88.71 | best: 90.39 | KL: 5.344e-05 | std: 0.5783 | rollout: 6.901s | update: 1.372s | total: 8.273s | samples/s: 7736
Iteration 0394 | train reward: 93.08 | best: 93.08 | KL: 5.364e-05 | std: 0.5782 | rollout: 7.648s | update: 1.400s | total: 9.048s | samples/s: 7074
Iteration 0395 | train reward: 84.44 | best: 93.08 | KL: 5.045e-05 | std: 0.5782 | rollout: 7.630s | update: 1.409s | total: 9.039s | samples/s: 7080
Iteration 0396 | train reward: 92.61 | best: 93.08 | KL: 5.621e-05 | std: 0.5781 | rollout: 7.442s | update: 1.510s | total: 8.952s | samples/s: 7149
Iteration 0397 | train reward: 95.24 | best: 95.24 | KL: 5.469e-05 | std: 0.5781 | rollout: 8.622s | update: 1.365s | total: 9.988s | samples/s: 6408
Iteration 0398 | train reward: 93.47 | best: 95.24 | KL: 4.808e-05 | std: 0.5781 | rollout: 8.465s | update: 1.445s | total: 9.911s | samples/s: 6458
Iteration 0399 | train reward: 95.36 | best: 95.36 | KL: 4.603e-05 | std: 0.5780 | rollout: 7.696s | update: 1.458s | total: 9.154s | samples/s: 6992
Iteration 0400 | train reward: 95.75 | best: 95.75 | KL: 4.860e-05 | std: 0.5779 | rollout: 8.315s | update: 1.425s | total: 9.741s | samples/s: 6570
Iteration 0401 | train reward: 98.72 | best: 98.72 | KL: 5.163e-05 | std: 0.5779 | rollout: 7.222s | update: 1.427s | total: 8.649s | samples/s: 7400
Iteration 0402 | train reward: 94.51 | best: 98.72 | KL: 5.778e-05 | std: 0.5775 | rollout: 7.881s | update: 1.444s | total: 9.325s | samples/s: 6863
Iteration 0403 | train reward: 94.27 | best: 98.72 | KL: 4.440e-05 | std: 0.5779 | rollout: 8.478s | update: 1.422s | total: 9.900s | samples/s: 6465
Iteration 0404 | train reward: 91.88 | best: 98.72 | KL: 4.636e-05 | std: 0.5775 | rollout: 8.190s | update: 1.430s | total: 9.620s | samples/s: 6652
Iteration 0405 | train reward: 99.68 | best: 99.68 | KL: 5.265e-05 | std: 0.5775 | rollout: 8.432s | update: 1.368s | total: 9.800s | samples/s: 6531
Iteration 0406 | train reward: 99.48 | best: 99.68 | KL: 6.934e-05 | std: 0.5775 | rollout: 7.643s | update: 1.373s | total: 9.016s | samples/s: 7098
Iteration 0407 | train reward: 102.88 | best: 102.88 | KL: 5.829e-05 | std: 0.5774 | rollout: 8.952s | update: 1.349s | total: 10.301s | samples/s: 6213
Iteration 0408 | train reward: 101.29 | best: 102.88 | KL: 5.818e-05 | std: 0.5774 | rollout: 7.811s | update: 1.479s | total: 9.289s | samples/s: 6890
Iteration 0409 | train reward: 105.65 | best: 105.65 | KL: 5.566e-05 | std: 0.5774 | rollout: 8.624s | update: 1.429s | total: 10.053s | samples/s: 6366
Iteration 0410 | train reward: 101.61 | best: 105.65 | KL: 4.684e-05 | std: 0.5763 | rollout: 7.927s | update: 1.431s | total: 9.358s | samples/s: 6839
Iteration 0411 | train reward: 106.03 | best: 106.03 | KL: 5.473e-05 | std: 0.5763 | rollout: 7.550s | update: 1.403s | total: 8.953s | samples/s: 7149
Iteration 0412 | train reward: 114.46 | best: 114.46 | KL: 7.817e-05 | std: 0.5762 | rollout: 8.562s | update: 1.478s | total: 10.040s | samples/s: 6374
Iteration 0413 | train reward: 104.55 | best: 114.46 | KL: 5.519e-05 | std: 0.5761 | rollout: 7.682s | update: 1.400s | total: 9.082s | samples/s: 7047
Iteration 0414 | train reward: 104.40 | best: 114.46 | KL: 6.135e-05 | std: 0.5761 | rollout: 7.245s | update: 1.454s | total: 8.699s | samples/s: 7357
Iteration 0415 | train reward: 106.15 | best: 114.46 | KL: 5.640e-05 | std: 0.5761 | rollout: 7.764s | update: 1.515s | total: 9.279s | samples/s: 6897
Iteration 0416 | train reward: 109.81 | best: 114.46 | KL: 5.501e-05 | std: 0.5757 | rollout: 7.789s | update: 1.316s | total: 9.105s | samples/s: 7029
Iteration 0417 | train reward: 110.59 | best: 114.46 | KL: 6.176e-05 | std: 0.5757 | rollout: 8.381s | update: 1.492s | total: 9.872s | samples/s: 6483
Iteration 0418 | train reward: 110.35 | best: 114.46 | KL: 6.238e-05 | std: 0.5757 | rollout: 7.860s | update: 1.569s | total: 9.430s | samples/s: 6787
Iteration 0419 | train reward: 109.39 | best: 114.46 | KL: 6.372e-05 | std: 0.5756 | rollout: 8.171s | update: 1.444s | total: 9.615s | samples/s: 6656
Iteration 0420 | train reward: 111.01 | best: 114.46 | KL: 4.663e-05 | std: 0.5756 | rollout: 7.405s | update: 1.487s | total: 8.892s | samples/s: 7197
Iteration 0421 | train reward: 118.99 | best: 118.99 | KL: 7.750e-05 | std: 0.5755 | rollout: 8.338s | update: 1.405s | total: 9.743s | samples/s: 6569
Iteration 0422 | train reward: 120.74 | best: 120.74 | KL: 5.928e-05 | std: 0.5755 | rollout: 8.481s | update: 1.529s | total: 10.010s | samples/s: 6393
Iteration 0423 | train reward: 121.02 | best: 121.02 | KL: 7.831e-05 | std: 0.5755 | rollout: 7.612s | update: 1.509s | total: 9.122s | samples/s: 7016
Iteration 0424 | train reward: 120.16 | best: 121.02 | KL: 6.793e-05 | std: 0.5755 | rollout: 8.169s | update: 1.329s | total: 9.498s | samples/s: 6738
Iteration 0425 | train reward: 114.01 | best: 121.02 | KL: 5.641e-05 | std: 0.5754 | rollout: 7.630s | update: 1.473s | total: 9.103s | samples/s: 7031
Iteration 0426 | train reward: 128.45 | best: 128.45 | KL: 6.951e-05 | std: 0.5753 | rollout: 8.607s | update: 1.351s | total: 9.958s | samples/s: 6427
Iteration 0427 | train reward: 128.67 | best: 128.67 | KL: 7.413e-05 | std: 0.5749 | rollout: 8.323s | update: 1.331s | total: 9.654s | samples/s: 6629
Iteration 0428 | train reward: 122.12 | best: 128.67 | KL: 6.504e-05 | std: 0.5753 | rollout: 7.027s | update: 1.509s | total: 8.536s | samples/s: 7497
Iteration 0429 | train reward: 133.11 | best: 133.11 | KL: 9.177e-05 | std: 0.5749 | rollout: 8.353s | update: 1.371s | total: 9.724s | samples/s: 6582
Iteration 0430 | train reward: 120.90 | best: 133.11 | KL: 7.787e-05 | std: 0.5749 | rollout: 8.338s | update: 1.434s | total: 9.773s | samples/s: 6549
Iteration 0431 | train reward: 130.32 | best: 133.11 | KL: 7.890e-05 | std: 0.5749 | rollout: 8.664s | update: 1.454s | total: 10.118s | samples/s: 6326
Iteration 0432 | train reward: 129.50 | best: 133.11 | KL: 5.852e-05 | std: 0.5749 | rollout: 7.985s | update: 1.545s | total: 9.529s | samples/s: 6716
Iteration 0433 | train reward: 134.17 | best: 134.17 | KL: 7.193e-05 | std: 0.5749 | rollout: 7.723s | update: 1.537s | total: 9.260s | samples/s: 6911
Iteration 0434 | train reward: 125.01 | best: 134.17 | KL: 6.074e-05 | std: 0.5748 | rollout: 8.121s | update: 1.471s | total: 9.592s | samples/s: 6672
Iteration 0435 | train reward: 127.48 | best: 134.17 | KL: 5.833e-05 | std: 0.5748 | rollout: 7.825s | update: 1.354s | total: 9.179s | samples/s: 6972
Iteration 0436 | train reward: 141.63 | best: 141.63 | KL: 7.085e-05 | std: 0.5748 | rollout: 8.984s | update: 1.354s | total: 10.338s | samples/s: 6191
Iteration 0437 | train reward: 144.86 | best: 144.86 | KL: 8.170e-05 | std: 0.5747 | rollout: 8.097s | update: 1.340s | total: 9.437s | samples/s: 6782
Iteration 0438 | train reward: 136.90 | best: 144.86 | KL: 6.281e-05 | std: 0.5737 | rollout: 7.227s | update: 1.411s | total: 8.638s | samples/s: 7409
Iteration 0439 | train reward: 139.85 | best: 144.86 | KL: 6.867e-05 | std: 0.5737 | rollout: 7.800s | update: 1.440s | total: 9.240s | samples/s: 6926
Iteration 0440 | train reward: 138.99 | best: 144.86 | KL: 8.480e-05 | std: 0.5735 | rollout: 7.875s | update: 1.461s | total: 9.335s | samples/s: 6856
Iteration 0441 | train reward: 142.77 | best: 144.86 | KL: 7.347e-05 | std: 0.5735 | rollout: 7.886s | update: 1.563s | total: 9.449s | samples/s: 6774
Iteration 0442 | train reward: 144.55 | best: 144.86 | KL: 8.250e-05 | std: 0.5735 | rollout: 6.798s | update: 1.468s | total: 8.266s | samples/s: 7743
Iteration 0443 | train reward: 141.52 | best: 144.86 | KL: 8.370e-05 | std: 0.5731 | rollout: 7.566s | update: 1.470s | total: 9.036s | samples/s: 7083
Iteration 0444 | train reward: 146.72 | best: 146.72 | KL: 7.007e-05 | std: 0.5731 | rollout: 8.269s | update: 1.470s | total: 9.739s | samples/s: 6571
Iteration 0445 | train reward: 142.95 | best: 146.72 | KL: 1.007e-04 | std: 0.5730 | rollout: 7.500s | update: 1.376s | total: 8.876s | samples/s: 7211
Iteration 0446 | train reward: 143.15 | best: 146.72 | KL: 8.284e-05 | std: 0.5729 | rollout: 7.788s | update: 1.494s | total: 9.282s | samples/s: 6895
Iteration 0447 | train reward: 149.51 | best: 149.51 | KL: 9.987e-05 | std: 0.5729 | rollout: 7.708s | update: 1.421s | total: 9.129s | samples/s: 7011
Iteration 0448 | train reward: 151.20 | best: 151.20 | KL: 8.101e-05 | std: 0.5729 | rollout: 9.054s | update: 1.377s | total: 10.431s | samples/s: 6135
Iteration 0449 | train reward: 147.88 | best: 151.20 | KL: 9.078e-05 | std: 0.5729 | rollout: 8.206s | update: 1.323s | total: 9.529s | samples/s: 6716
Iteration 0450 | train reward: 159.58 | best: 159.58 | KL: 1.002e-04 | std: 0.5729 | rollout: 8.120s | update: 1.423s | total: 9.543s | samples/s: 6706
Iteration 0451 | train reward: 164.32 | best: 164.32 | KL: 9.913e-05 | std: 0.5729 | rollout: 6.831s | update: 1.356s | total: 8.187s | samples/s: 7817
Iteration 0452 | train reward: 156.21 | best: 164.32 | KL: 9.074e-05 | std: 0.5729 | rollout: 7.489s | update: 1.566s | total: 9.054s | samples/s: 7068
Iteration 0453 | train reward: 158.68 | best: 164.32 | KL: 8.490e-05 | std: 0.5729 | rollout: 8.808s | update: 1.413s | total: 10.222s | samples/s: 6261
Iteration 0454 | train reward: 160.61 | best: 164.32 | KL: 1.097e-04 | std: 0.5729 | rollout: 6.704s | update: 1.488s | total: 8.192s | samples/s: 7813
Iteration 0455 | train reward: 155.03 | best: 164.32 | KL: 1.068e-04 | std: 0.5728 | rollout: 7.479s | update: 1.483s | total: 8.962s | samples/s: 7141
Iteration 0456 | train reward: 166.98 | best: 166.98 | KL: 1.015e-04 | std: 0.5723 | rollout: 8.183s | update: 1.389s | total: 9.573s | samples/s: 6686
Iteration 0457 | train reward: 172.77 | best: 172.77 | KL: 8.571e-05 | std: 0.5723 | rollout: 9.019s | update: 1.402s | total: 10.421s | samples/s: 6141
Iteration 0458 | train reward: 167.29 | best: 172.77 | KL: 1.233e-04 | std: 0.5723 | rollout: 8.587s | update: 1.519s | total: 10.106s | samples/s: 6333
Iteration 0459 | train reward: 176.85 | best: 176.85 | KL: 9.112e-05 | std: 0.5723 | rollout: 7.493s | update: 1.531s | total: 9.024s | samples/s: 7092
Iteration 0460 | train reward: 170.88 | best: 176.85 | KL: 8.874e-05 | std: 0.5723 | rollout: 8.674s | update: 1.465s | total: 10.139s | samples/s: 6312
Iteration 0461 | train reward: 172.52 | best: 176.85 | KL: 1.016e-04 | std: 0.5723 | rollout: 8.366s | update: 1.422s | total: 9.788s | samples/s: 6538
Iteration 0462 | train reward: 172.98 | best: 176.85 | KL: 9.610e-05 | std: 0.5722 | rollout: 8.707s | update: 1.352s | total: 10.059s | samples/s: 6362
Iteration 0463 | train reward: 169.42 | best: 176.85 | KL: 1.032e-04 | std: 0.5711 | rollout: 6.840s | update: 1.463s | total: 8.304s | samples/s: 7708
Iteration 0464 | train reward: 175.38 | best: 176.85 | KL: 1.065e-04 | std: 0.5711 | rollout: 8.430s | update: 1.455s | total: 9.885s | samples/s: 6474
Iteration 0465 | train reward: 179.12 | best: 179.12 | KL: 9.464e-05 | std: 0.5711 | rollout: 7.890s | update: 1.504s | total: 9.394s | samples/s: 6813
Iteration 0466 | train reward: 178.89 | best: 179.12 | KL: 1.069e-04 | std: 0.5709 | rollout: 6.941s | update: 1.542s | total: 8.483s | samples/s: 7544
Iteration 0467 | train reward: 186.09 | best: 186.09 | KL: 1.186e-04 | std: 0.5709 | rollout: 8.160s | update: 1.509s | total: 9.669s | samples/s: 6619
Iteration 0468 | train reward: 185.63 | best: 186.09 | KL: 9.447e-05 | std: 0.5709 | rollout: 7.910s | update: 1.580s | total: 9.490s | samples/s: 6744
Iteration 0469 | train reward: 186.36 | best: 186.36 | KL: 1.038e-04 | std: 0.5709 | rollout: 7.821s | update: 1.512s | total: 9.333s | samples/s: 6857
Iteration 0470 | train reward: 183.26 | best: 186.36 | KL: 1.119e-04 | std: 0.5705 | rollout: 7.545s | update: 1.484s | total: 9.028s | samples/s: 7089
Iteration 0471 | train reward: 184.41 | best: 186.36 | KL: 1.148e-04 | std: 0.5705 | rollout: 8.359s | update: 1.557s | total: 9.916s | samples/s: 6454
Iteration 0472 | train reward: 185.34 | best: 186.36 | KL: 1.378e-04 | std: 0.5705 | rollout: 7.371s | update: 1.485s | total: 8.856s | samples/s: 7226
Iteration 0473 | train reward: 187.86 | best: 187.86 | KL: 1.082e-04 | std: 0.5705 | rollout: 9.480s | update: 1.477s | total: 10.957s | samples/s: 5841
Iteration 0474 | train reward: 192.97 | best: 192.97 | KL: 1.260e-04 | std: 0.5705 | rollout: 7.921s | update: 1.318s | total: 9.239s | samples/s: 6927
Iteration 0475 | train reward: 195.87 | best: 195.87 | KL: 1.225e-04 | std: 0.5704 | rollout: 7.806s | update: 1.369s | total: 9.174s | samples/s: 6976
Iteration 0476 | train reward: 193.10 | best: 195.87 | KL: 1.213e-04 | std: 0.5703 | rollout: 7.196s | update: 1.502s | total: 8.698s | samples/s: 7358
Iteration 0477 | train reward: 189.20 | best: 195.87 | KL: 1.139e-04 | std: 0.5703 | rollout: 8.196s | update: 1.406s | total: 9.603s | samples/s: 6665
Iteration 0478 | train reward: 209.85 | best: 209.85 | KL: 1.347e-04 | std: 0.5703 | rollout: 8.077s | update: 1.486s | total: 9.564s | samples/s: 6692
Iteration 0479 | train reward: 195.57 | best: 209.85 | KL: 1.013e-04 | std: 0.5703 | rollout: 8.197s | update: 1.529s | total: 9.726s | samples/s: 6580
Iteration 0480 | train reward: 198.82 | best: 209.85 | KL: 1.530e-04 | std: 0.5701 | rollout: 8.607s | update: 1.341s | total: 9.948s | samples/s: 6434
Iteration 0481 | train reward: 204.20 | best: 209.85 | KL: 1.247e-04 | std: 0.5701 | rollout: 9.020s | update: 1.400s | total: 10.420s | samples/s: 6142
Iteration 0482 | train reward: 216.72 | best: 216.72 | KL: 1.453e-04 | std: 0.5697 | rollout: 8.123s | update: 1.460s | total: 9.583s | samples/s: 6678
Iteration 0483 | train reward: 221.29 | best: 221.29 | KL: 1.446e-04 | std: 0.5696 | rollout: 8.161s | update: 1.432s | total: 9.592s | samples/s: 6672
Iteration 0484 | train reward: 214.00 | best: 221.29 | KL: 1.351e-04 | std: 0.5695 | rollout: 7.712s | update: 1.453s | total: 9.165s | samples/s: 6983
Iteration 0485 | train reward: 223.29 | best: 223.29 | KL: 1.306e-04 | std: 0.5695 | rollout: 7.421s | update: 1.402s | total: 8.823s | samples/s: 7254
Iteration 0486 | train reward: 215.15 | best: 223.29 | KL: 1.315e-04 | std: 0.5685 | rollout: 7.738s | update: 1.380s | total: 9.119s | samples/s: 7019
Iteration 0487 | train reward: 228.89 | best: 228.89 | KL: 1.245e-04 | std: 0.5685 | rollout: 8.288s | update: 1.483s | total: 9.771s | samples/s: 6550
Iteration 0488 | train reward: 213.13 | best: 228.89 | KL: 1.347e-04 | std: 0.5685 | rollout: 7.909s | update: 1.489s | total: 9.398s | samples/s: 6810
Iteration 0489 | train reward: 216.14 | best: 228.89 | KL: 1.423e-04 | std: 0.5685 | rollout: 8.124s | update: 1.405s | total: 9.529s | samples/s: 6716
Iteration 0490 | train reward: 218.80 | best: 228.89 | KL: 1.615e-04 | std: 0.5683 | rollout: 8.167s | update: 1.351s | total: 9.518s | samples/s: 6724
Iteration 0491 | train reward: 234.74 | best: 234.74 | KL: 1.539e-04 | std: 0.5683 | rollout: 7.673s | update: 1.411s | total: 9.084s | samples/s: 7045
Iteration 0492 | train reward: 228.53 | best: 234.74 | KL: 1.345e-04 | std: 0.5679 | rollout: 7.954s | update: 1.491s | total: 9.445s | samples/s: 6776
Iteration 0493 | train reward: 225.92 | best: 234.74 | KL: 1.413e-04 | std: 0.5678 | rollout: 8.339s | update: 1.512s | total: 9.851s | samples/s: 6497
Iteration 0494 | train reward: 242.62 | best: 242.62 | KL: 1.483e-04 | std: 0.5677 | rollout: 9.408s | update: 1.506s | total: 10.914s | samples/s: 5864
Iteration 0495 | train reward: 236.54 | best: 242.62 | KL: 1.362e-04 | std: 0.5677 | rollout: 8.459s | update: 1.565s | total: 10.024s | samples/s: 6385
Iteration 0496 | train reward: 237.54 | best: 242.62 | KL: 1.597e-04 | std: 0.5675 | rollout: 8.444s | update: 1.474s | total: 9.918s | samples/s: 6453
Iteration 0497 | train reward: 229.52 | best: 242.62 | KL: 1.399e-04 | std: 0.5671 | rollout: 7.503s | update: 1.378s | total: 8.881s | samples/s: 7207
Iteration 0498 | train reward: 243.16 | best: 243.16 | KL: 1.530e-04 | std: 0.5671 | rollout: 8.336s | update: 1.397s | total: 9.733s | samples/s: 6576
Iteration 0499 | train reward: 241.17 | best: 243.16 | KL: 1.598e-04 | std: 0.5669 | rollout: 7.559s | update: 1.442s | total: 9.001s | samples/s: 7111
Iteration 0500 | train reward: 257.74 | best: 257.74 | KL: 1.759e-04 | std: 0.5659 | rollout: 7.584s | update: 1.433s | total: 9.017s | samples/s: 7098
Iteration 0501 | train reward: 249.69 | best: 257.74 | KL: 1.682e-04 | std: 0.5658 | rollout: 7.404s | update: 1.327s | total: 8.731s | samples/s: 7330
Iteration 0502 | train reward: 245.38 | best: 257.74 | KL: 1.679e-04 | std: 0.5657 | rollout: 7.794s | update: 1.471s | total: 9.266s | samples/s: 6907
Iteration 0503 | train reward: 257.54 | best: 257.74 | KL: 1.602e-04 | std: 0.5657 | rollout: 9.022s | update: 1.448s | total: 10.471s | samples/s: 6112
Iteration 0504 | train reward: 258.82 | best: 258.82 | KL: 1.521e-04 | std: 0.5657 | rollout: 8.327s | update: 1.371s | total: 9.698s | samples/s: 6600
Iteration 0505 | train reward: 252.45 | best: 258.82 | KL: 1.464e-04 | std: 0.5657 | rollout: 8.265s | update: 1.442s | total: 9.707s | samples/s: 6593
Iteration 0506 | train reward: 259.06 | best: 259.06 | KL: 1.879e-04 | std: 0.5653 | rollout: 8.783s | update: 1.482s | total: 10.264s | samples/s: 6235
Iteration 0507 | train reward: 282.71 | best: 282.71 | KL: 2.062e-04 | std: 0.5651 | rollout: 7.575s | update: 1.437s | total: 9.012s | samples/s: 7102
Iteration 0508 | train reward: 271.24 | best: 282.71 | KL: 1.771e-04 | std: 0.5651 | rollout: 8.599s | update: 1.345s | total: 9.945s | samples/s: 6436
Iteration 0509 | train reward: 271.85 | best: 282.71 | KL: 1.874e-04 | std: 0.5651 | rollout: 7.883s | update: 1.450s | total: 9.333s | samples/s: 6858
Iteration 0510 | train reward: 256.24 | best: 282.71 | KL: 1.855e-04 | std: 0.5651 | rollout: 7.296s | update: 1.458s | total: 8.754s | samples/s: 7311
Iteration 0511 | train reward: 271.41 | best: 282.71 | KL: 1.743e-04 | std: 0.5650 | rollout: 8.072s | update: 1.387s | total: 9.459s | samples/s: 6766
Iteration 0512 | train reward: 270.19 | best: 282.71 | KL: 1.988e-04 | std: 0.5645 | rollout: 8.018s | update: 1.437s | total: 9.455s | samples/s: 6769
Iteration 0513 | train reward: 267.45 | best: 282.71 | KL: 1.706e-04 | std: 0.5645 | rollout: 8.267s | update: 1.360s | total: 9.627s | samples/s: 6648
Iteration 0514 | train reward: 272.79 | best: 282.71 | KL: 1.830e-04 | std: 0.5644 | rollout: 8.378s | update: 1.439s | total: 9.817s | samples/s: 6519
Iteration 0515 | train reward: 294.97 | best: 294.97 | KL: 1.688e-04 | std: 0.5643 | rollout: 8.589s | update: 1.466s | total: 10.056s | samples/s: 6365
Iteration 0516 | train reward: 293.61 | best: 294.97 | KL: 2.078e-04 | std: 0.5633 | rollout: 8.150s | update: 1.563s | total: 9.713s | samples/s: 6589
Iteration 0517 | train reward: 287.63 | best: 294.97 | KL: 2.164e-04 | std: 0.5631 | rollout: 8.252s | update: 1.477s | total: 9.728s | samples/s: 6579
Iteration 0518 | train reward: 281.39 | best: 294.97 | KL: 2.061e-04 | std: 0.5631 | rollout: 8.000s | update: 1.542s | total: 9.542s | samples/s: 6707
Iteration 0519 | train reward: 284.18 | best: 294.97 | KL: 1.892e-04 | std: 0.5627 | rollout: 9.140s | update: 1.408s | total: 10.548s | samples/s: 6067
Iteration 0520 | train reward: 293.47 | best: 294.97 | KL: 2.134e-04 | std: 0.5625 | rollout: 8.691s | update: 1.469s | total: 10.160s | samples/s: 6299
Iteration 0521 | train reward: 299.18 | best: 299.18 | KL: 1.926e-04 | std: 0.5625 | rollout: 7.920s | update: 1.426s | total: 9.346s | samples/s: 6848
Iteration 0522 | train reward: 300.37 | best: 300.37 | KL: 2.319e-04 | std: 0.5625 | rollout: 8.227s | update: 1.443s | total: 9.670s | samples/s: 6618
Iteration 0523 | train reward: 298.10 | best: 300.37 | KL: 2.704e-04 | std: 0.5624 | rollout: 8.250s | update: 1.393s | total: 9.643s | samples/s: 6637
Iteration 0524 | train reward: 302.34 | best: 302.34 | KL: 2.177e-04 | std: 0.5623 | rollout: 9.224s | update: 1.492s | total: 10.715s | samples/s: 5973
Iteration 0525 | train reward: 313.21 | best: 313.21 | KL: 2.298e-04 | std: 0.5619 | rollout: 7.707s | update: 1.465s | total: 9.172s | samples/s: 6978
Iteration 0526 | train reward: 314.53 | best: 314.53 | KL: 2.296e-04 | std: 0.5617 | rollout: 8.045s | update: 1.379s | total: 9.425s | samples/s: 6791
Iteration 0527 | train reward: 316.38 | best: 316.38 | KL: 2.123e-04 | std: 0.5618 | rollout: 7.296s | update: 1.496s | total: 8.792s | samples/s: 7279
Iteration 0528 | train reward: 319.80 | best: 319.80 | KL: 2.566e-04 | std: 0.5618 | rollout: 9.391s | update: 1.508s | total: 10.899s | samples/s: 5872
Iteration 0529 | train reward: 330.13 | best: 330.13 | KL: 2.502e-04 | std: 0.5617 | rollout: 8.540s | update: 1.501s | total: 10.040s | samples/s: 6374
Iteration 0530 | train reward: 322.28 | best: 330.13 | KL: 2.490e-04 | std: 0.5607 | rollout: 7.190s | update: 1.458s | total: 8.648s | samples/s: 7401
Iteration 0531 | train reward: 319.05 | best: 330.13 | KL: 2.101e-04 | std: 0.5606 | rollout: 8.153s | update: 1.591s | total: 9.744s | samples/s: 6568
Iteration 0532 | train reward: 325.64 | best: 330.13 | KL: 2.027e-04 | std: 0.5605 | rollout: 8.015s | update: 1.400s | total: 9.415s | samples/s: 6798
Iteration 0533 | train reward: 322.95 | best: 330.13 | KL: 2.566e-04 | std: 0.5601 | rollout: 7.683s | update: 1.405s | total: 9.089s | samples/s: 7042
Iteration 0534 | train reward: 336.45 | best: 336.45 | KL: 2.708e-04 | std: 0.5601 | rollout: 7.994s | update: 1.461s | total: 9.456s | samples/s: 6768
Iteration 0535 | train reward: 335.81 | best: 336.45 | KL: 2.557e-04 | std: 0.5600 | rollout: 8.895s | update: 1.437s | total: 10.333s | samples/s: 6194
Iteration 0536 | train reward: 337.79 | best: 337.79 | KL: 2.328e-04 | std: 0.5599 | rollout: 8.382s | update: 1.473s | total: 9.854s | samples/s: 6495
Iteration 0537 | train reward: 347.15 | best: 347.15 | KL: 2.145e-04 | std: 0.5599 | rollout: 8.759s | update: 1.375s | total: 10.134s | samples/s: 6315
Iteration 0538 | train reward: 333.62 | best: 347.15 | KL: 2.620e-04 | std: 0.5599 | rollout: 7.217s | update: 1.388s | total: 8.605s | samples/s: 7438
Iteration 0539 | train reward: 340.80 | best: 347.15 | KL: 2.532e-04 | std: 0.5597 | rollout: 9.040s | update: 1.481s | total: 10.521s | samples/s: 6083
Iteration 0540 | train reward: 343.01 | best: 347.15 | KL: 2.413e-04 | std: 0.5597 | rollout: 8.403s | update: 1.336s | total: 9.739s | samples/s: 6571
Iteration 0541 | train reward: 345.51 | best: 347.15 | KL: 2.669e-04 | std: 0.5597 | rollout: 7.493s | update: 1.384s | total: 8.877s | samples/s: 7210
Iteration 0542 | train reward: 359.20 | best: 359.20 | KL: 2.503e-04 | std: 0.5593 | rollout: 7.853s | update: 1.422s | total: 9.275s | samples/s: 6900
Iteration 0543 | train reward: 368.75 | best: 368.75 | KL: 2.714e-04 | std: 0.5593 | rollout: 8.798s | update: 1.540s | total: 10.338s | samples/s: 6191
Iteration 0544 | train reward: 361.26 | best: 368.75 | KL: 2.692e-04 | std: 0.5593 | rollout: 7.963s | update: 1.406s | total: 9.369s | samples/s: 6831
Iteration 0545 | train reward: 364.68 | best: 368.75 | KL: 2.483e-04 | std: 0.5591 | rollout: 8.747s | update: 1.342s | total: 10.089s | samples/s: 6343
Iteration 0546 | train reward: 362.19 | best: 368.75 | KL: 2.599e-04 | std: 0.5591 | rollout: 8.381s | update: 1.426s | total: 9.807s | samples/s: 6526
Iteration 0547 | train reward: 360.88 | best: 368.75 | KL: 2.646e-04 | std: 0.5591 | rollout: 9.073s | update: 1.472s | total: 10.545s | samples/s: 6069
Iteration 0548 | train reward: 364.52 | best: 368.75 | KL: 3.242e-04 | std: 0.5580 | rollout: 8.733s | update: 1.337s | total: 10.070s | samples/s: 6355
Iteration 0549 | train reward: 367.54 | best: 368.75 | KL: 2.496e-04 | std: 0.5581 | rollout: 7.460s | update: 1.358s | total: 8.818s | samples/s: 7258
Iteration 0550 | train reward: 376.67 | best: 376.67 | KL: 3.058e-04 | std: 0.5581 | rollout: 8.573s | update: 1.571s | total: 10.144s | samples/s: 6309
Iteration 0551 | train reward: 381.70 | best: 381.70 | KL: 2.399e-04 | std: 0.5580 | rollout: 8.236s | update: 1.462s | total: 9.697s | samples/s: 6600
Iteration 0552 | train reward: 370.62 | best: 381.70 | KL: 2.809e-04 | std: 0.5579 | rollout: 7.554s | update: 1.470s | total: 9.024s | samples/s: 7092
Iteration 0553 | train reward: 380.77 | best: 381.70 | KL: 2.874e-04 | std: 0.5575 | rollout: 8.468s | update: 1.516s | total: 9.985s | samples/s: 6410
Iteration 0554 | train reward: 381.42 | best: 381.70 | KL: 2.740e-04 | std: 0.5579 | rollout: 8.372s | update: 1.405s | total: 9.777s | samples/s: 6546
Iteration 0555 | train reward: 393.27 | best: 393.27 | KL: 3.109e-04 | std: 0.5575 | rollout: 8.089s | update: 1.418s | total: 9.507s | samples/s: 6732
Iteration 0556 | train reward: 394.57 | best: 394.57 | KL: 3.320e-04 | std: 0.5575 | rollout: 7.990s | update: 1.477s | total: 9.468s | samples/s: 6760
Iteration 0557 | train reward: 396.86 | best: 396.86 | KL: 3.072e-04 | std: 0.5573 | rollout: 7.881s | update: 1.464s | total: 9.345s | samples/s: 6849
Iteration 0558 | train reward: 406.95 | best: 406.95 | KL: 3.087e-04 | std: 0.5573 | rollout: 8.190s | update: 1.547s | total: 9.737s | samples/s: 6573
Iteration 0559 | train reward: 412.68 | best: 412.68 | KL: 3.208e-04 | std: 0.5571 | rollout: 7.875s | update: 1.452s | total: 9.327s | samples/s: 6861
Iteration 0560 | train reward: 397.34 | best: 412.68 | KL: 3.303e-04 | std: 0.5571 | rollout: 9.324s | update: 1.494s | total: 10.817s | samples/s: 5916
Iteration 0561 | train reward: 397.97 | best: 412.68 | KL: 2.991e-04 | std: 0.5567 | rollout: 9.801s | update: 1.477s | total: 11.279s | samples/s: 5674
Iteration 0562 | train reward: 416.74 | best: 416.74 | KL: 2.983e-04 | std: 0.5565 | rollout: 8.254s | update: 1.377s | total: 9.630s | samples/s: 6646
Iteration 0563 | train reward: 427.66 | best: 427.66 | KL: 3.351e-04 | std: 0.5565 | rollout: 7.471s | update: 1.466s | total: 8.937s | samples/s: 7161
Iteration 0564 | train reward: 421.07 | best: 427.66 | KL: 3.342e-04 | std: 0.5553 | rollout: 8.148s | update: 1.463s | total: 9.610s | samples/s: 6659
Iteration 0565 | train reward: 417.29 | best: 427.66 | KL: 2.921e-04 | std: 0.5553 | rollout: 7.325s | update: 1.407s | total: 8.732s | samples/s: 7329
Iteration 0566 | train reward: 429.40 | best: 429.40 | KL: 3.195e-04 | std: 0.5553 | rollout: 8.198s | update: 1.524s | total: 9.722s | samples/s: 6583
Iteration 0567 | train reward: 431.59 | best: 431.59 | KL: 3.136e-04 | std: 0.5548 | rollout: 7.701s | update: 1.402s | total: 9.103s | samples/s: 7031
Iteration 0568 | train reward: 430.93 | best: 431.59 | KL: 3.205e-04 | std: 0.5549 | rollout: 9.413s | update: 1.570s | total: 10.983s | samples/s: 5827
Iteration 0569 | train reward: 432.45 | best: 432.45 | KL: 3.335e-04 | std: 0.5548 | rollout: 7.601s | update: 1.497s | total: 9.099s | samples/s: 7034
Iteration 0570 | train reward: 448.53 | best: 448.53 | KL: 3.272e-04 | std: 0.5547 | rollout: 8.955s | update: 1.493s | total: 10.448s | samples/s: 6126
Iteration 0571 | train reward: 440.77 | best: 448.53 | KL: 3.564e-04 | std: 0.5547 | rollout: 8.429s | update: 1.350s | total: 9.779s | samples/s: 6545
Iteration 0572 | train reward: 437.40 | best: 448.53 | KL: 3.550e-04 | std: 0.5547 | rollout: 7.413s | update: 1.363s | total: 8.776s | samples/s: 7292
Iteration 0573 | train reward: 434.87 | best: 448.53 | KL: 3.554e-04 | std: 0.5545 | rollout: 8.185s | update: 1.525s | total: 9.710s | samples/s: 6591
Iteration 0574 | train reward: 451.30 | best: 451.30 | KL: 3.220e-04 | std: 0.5545 | rollout: 7.189s | update: 1.451s | total: 8.640s | samples/s: 7407
Iteration 0575 | train reward: 454.23 | best: 454.23 | KL: 3.474e-04 | std: 0.5540 | rollout: 8.087s | update: 1.481s | total: 9.568s | samples/s: 6689
Iteration 0576 | train reward: 453.88 | best: 454.23 | KL: 3.469e-04 | std: 0.5529 | rollout: 7.806s | update: 1.453s | total: 9.259s | samples/s: 6912
Iteration 0577 | train reward: 452.40 | best: 454.23 | KL: 3.798e-04 | std: 0.5528 | rollout: 7.838s | update: 1.320s | total: 9.158s | samples/s: 6989
Iteration 0578 | train reward: 463.05 | best: 463.05 | KL: 3.785e-04 | std: 0.5527 | rollout: 7.124s | update: 1.336s | total: 8.460s | samples/s: 7565
Iteration 0579 | train reward: 468.37 | best: 468.37 | KL: 3.784e-04 | std: 0.5527 | rollout: 7.084s | update: 1.504s | total: 8.589s | samples/s: 7452
Iteration 0580 | train reward: 480.41 | best: 480.41 | KL: 4.030e-04 | std: 0.5527 | rollout: 8.322s | update: 1.533s | total: 9.854s | samples/s: 6495
Iteration 0581 | train reward: 462.80 | best: 480.41 | KL: 3.283e-04 | std: 0.5522 | rollout: 7.528s | update: 1.460s | total: 8.987s | samples/s: 7121
Iteration 0582 | train reward: 479.76 | best: 480.41 | KL: 3.639e-04 | std: 0.5523 | rollout: 7.444s | update: 1.388s | total: 8.833s | samples/s: 7246
Iteration 0583 | train reward: 477.54 | best: 480.41 | KL: 3.757e-04 | std: 0.5522 | rollout: 8.478s | update: 1.406s | total: 9.884s | samples/s: 6475
Iteration 0584 | train reward: 490.13 | best: 490.13 | KL: 3.651e-04 | std: 0.5521 | rollout: 7.757s | update: 1.469s | total: 9.226s | samples/s: 6937
Iteration 0585 | train reward: 479.99 | best: 490.13 | KL: 4.528e-04 | std: 0.5521 | rollout: 7.760s | update: 1.363s | total: 9.123s | samples/s: 7015
Iteration 0586 | train reward: 494.74 | best: 494.74 | KL: 3.791e-04 | std: 0.5519 | rollout: 8.414s | update: 1.538s | total: 9.952s | samples/s: 6431
Iteration 0587 | train reward: 483.84 | best: 494.74 | KL: 4.653e-04 | std: 0.5521 | rollout: 8.329s | update: 1.512s | total: 9.841s | samples/s: 6503
Iteration 0588 | train reward: 504.31 | best: 504.31 | KL: 4.324e-04 | std: 0.5519 | rollout: 7.735s | update: 1.394s | total: 9.129s | samples/s: 7011
Iteration 0589 | train reward: 493.32 | best: 504.31 | KL: 4.424e-04 | std: 0.5519 | rollout: 8.658s | update: 1.357s | total: 10.015s | samples/s: 6390
Iteration 0590 | train reward: 500.54 | best: 504.31 | KL: 4.520e-04 | std: 0.5515 | rollout: 8.560s | update: 1.566s | total: 10.126s | samples/s: 6321
Iteration 0591 | train reward: 503.14 | best: 504.31 | KL: 5.228e-04 | std: 0.5513 | rollout: 8.050s | update: 1.529s | total: 9.580s | samples/s: 6681
Iteration 0592 | train reward: 515.27 | best: 515.27 | KL: 4.225e-04 | std: 0.5513 | rollout: 7.953s | update: 1.373s | total: 9.326s | samples/s: 6862
Iteration 0593 | train reward: 514.80 | best: 515.27 | KL: 4.797e-04 | std: 0.5503 | rollout: 7.882s | update: 1.299s | total: 9.180s | samples/s: 6971
Iteration 0594 | train reward: 510.82 | best: 515.27 | KL: 5.153e-04 | std: 0.5513 | rollout: 7.710s | update: 1.443s | total: 9.153s | samples/s: 6992
Iteration 0595 | train reward: 514.76 | best: 515.27 | KL: 4.969e-04 | std: 0.5501 | rollout: 7.854s | update: 1.478s | total: 9.333s | samples/s: 6858
Iteration 0596 | train reward: 534.86 | best: 534.86 | KL: 4.213e-04 | std: 0.5501 | rollout: 8.230s | update: 1.485s | total: 9.715s | samples/s: 6588
Iteration 0597 | train reward: 527.06 | best: 534.86 | KL: 4.309e-04 | std: 0.5496 | rollout: 7.874s | update: 1.453s | total: 9.327s | samples/s: 6862
Iteration 0598 | train reward: 532.25 | best: 534.86 | KL: 4.828e-04 | std: 0.5495 | rollout: 7.423s | update: 1.447s | total: 8.870s | samples/s: 7215
Iteration 0599 | train reward: 516.42 | best: 534.86 | KL: 4.857e-04 | std: 0.5493 | rollout: 8.000s | update: 1.390s | total: 9.390s | samples/s: 6816
Iteration 0600 | train reward: 532.62 | best: 534.86 | KL: 4.796e-04 | std: 0.5493 | rollout: 7.885s | update: 1.410s | total: 9.295s | samples/s: 6885
Iteration 0601 | train reward: 548.89 | best: 548.89 | KL: 4.417e-04 | std: 0.5489 | rollout: 8.769s | update: 1.456s | total: 10.225s | samples/s: 6259
Iteration 0602 | train reward: 542.20 | best: 548.89 | KL: 4.118e-04 | std: 0.5487 | rollout: 8.080s | update: 1.453s | total: 9.533s | samples/s: 6714
Iteration 0603 | train reward: 546.99 | best: 548.89 | KL: 4.475e-04 | std: 0.5487 | rollout: 7.587s | update: 1.369s | total: 8.956s | samples/s: 7146
Iteration 0604 | train reward: 549.49 | best: 549.49 | KL: 4.026e-04 | std: 0.5487 | rollout: 9.155s | update: 1.454s | total: 10.608s | samples/s: 6033
Iteration 0605 | train reward: 553.45 | best: 553.45 | KL: 4.517e-04 | std: 0.5476 | rollout: 9.270s | update: 1.430s | total: 10.700s | samples/s: 5982
Iteration 0606 | train reward: 551.68 | best: 553.45 | KL: 5.049e-04 | std: 0.5475 | rollout: 8.933s | update: 1.448s | total: 10.381s | samples/s: 6165
Iteration 0607 | train reward: 565.49 | best: 565.49 | KL: 5.354e-04 | std: 0.5476 | rollout: 8.633s | update: 1.519s | total: 10.152s | samples/s: 6304
Iteration 0608 | train reward: 561.32 | best: 565.49 | KL: 5.053e-04 | std: 0.5475 | rollout: 8.070s | update: 1.448s | total: 9.518s | samples/s: 6724
Iteration 0609 | train reward: 557.79 | best: 565.49 | KL: 4.931e-04 | std: 0.5470 | rollout: 7.644s | update: 1.543s | total: 9.187s | samples/s: 6967
Iteration 0610 | train reward: 567.57 | best: 567.57 | KL: 4.937e-04 | std: 0.5469 | rollout: 8.260s | update: 1.436s | total: 9.696s | samples/s: 6601
Iteration 0611 | train reward: 580.12 | best: 580.12 | KL: 5.762e-04 | std: 0.5470 | rollout: 8.326s | update: 1.429s | total: 9.756s | samples/s: 6560
Iteration 0612 | train reward: 575.28 | best: 580.12 | KL: 6.919e-04 | std: 0.5469 | rollout: 7.433s | update: 1.506s | total: 8.939s | samples/s: 7160
Iteration 0613 | train reward: 583.82 | best: 583.82 | KL: 5.376e-04 | std: 0.5467 | rollout: 7.607s | update: 1.488s | total: 9.095s | samples/s: 7037
Iteration 0614 | train reward: 593.91 | best: 593.91 | KL: 5.425e-04 | std: 0.5463 | rollout: 7.322s | update: 1.478s | total: 8.800s | samples/s: 7273
Iteration 0615 | train reward: 597.87 | best: 597.87 | KL: 5.829e-04 | std: 0.5462 | rollout: 8.020s | update: 1.494s | total: 9.514s | samples/s: 6727
Iteration 0616 | train reward: 587.27 | best: 597.87 | KL: 5.861e-04 | std: 0.5461 | rollout: 8.279s | update: 1.421s | total: 9.700s | samples/s: 6598
Iteration 0617 | train reward: 598.76 | best: 598.76 | KL: 5.967e-04 | std: 0.5451 | rollout: 8.902s | update: 1.453s | total: 10.355s | samples/s: 6180
Iteration 0618 | train reward: 604.28 | best: 604.28 | KL: 5.924e-04 | std: 0.5451 | rollout: 8.793s | update: 1.509s | total: 10.302s | samples/s: 6213
Iteration 0619 | train reward: 602.84 | best: 604.28 | KL: 5.915e-04 | std: 0.5449 | rollout: 7.479s | update: 1.465s | total: 8.944s | samples/s: 7156
Iteration 0620 | train reward: 604.34 | best: 604.34 | KL: 5.747e-04 | std: 0.5449 | rollout: 8.235s | update: 1.365s | total: 9.599s | samples/s: 6667
Iteration 0621 | train reward: 603.57 | best: 604.34 | KL: 6.436e-04 | std: 0.5445 | rollout: 7.824s | update: 1.567s | total: 9.391s | samples/s: 6815
Iteration 0622 | train reward: 627.28 | best: 627.28 | KL: 6.676e-04 | std: 0.5443 | rollout: 8.968s | update: 1.493s | total: 10.460s | samples/s: 6118
Iteration 0623 | train reward: 618.87 | best: 627.28 | KL: 6.447e-04 | std: 0.5445 | rollout: 7.609s | update: 1.487s | total: 9.096s | samples/s: 7036
Iteration 0624 | train reward: 627.75 | best: 627.75 | KL: 6.583e-04 | std: 0.5443 | rollout: 7.972s | update: 1.429s | total: 9.401s | samples/s: 6808
Iteration 0625 | train reward: 631.26 | best: 631.26 | KL: 6.392e-04 | std: 0.5443 | rollout: 7.536s | update: 1.394s | total: 8.931s | samples/s: 7166
Iteration 0626 | train reward: 642.93 | best: 642.93 | KL: 5.877e-04 | std: 0.5443 | rollout: 7.932s | update: 1.386s | total: 9.317s | samples/s: 6869
Iteration 0627 | train reward: 644.05 | best: 644.05 | KL: 6.043e-04 | std: 0.5441 | rollout: 8.466s | update: 1.422s | total: 9.888s | samples/s: 6472
Iteration 0628 | train reward: 618.37 | best: 644.05 | KL: 7.654e-04 | std: 0.5443 | rollout: 7.785s | update: 1.525s | total: 9.310s | samples/s: 6874
Iteration 0629 | train reward: 641.50 | best: 644.05 | KL: 6.011e-04 | std: 0.5442 | rollout: 7.924s | update: 1.515s | total: 9.440s | samples/s: 6780
Iteration 0630 | train reward: 631.12 | best: 644.05 | KL: 7.847e-04 | std: 0.5441 | rollout: 7.788s | update: 1.507s | total: 9.295s | samples/s: 6886
Iteration 0631 | train reward: 642.26 | best: 644.05 | KL: 6.653e-04 | std: 0.5441 | rollout: 7.674s | update: 1.366s | total: 9.040s | samples/s: 7080
Iteration 0632 | train reward: 659.50 | best: 659.50 | KL: 6.169e-04 | std: 0.5436 | rollout: 7.112s | update: 1.390s | total: 8.502s | samples/s: 7528
Iteration 0633 | train reward: 653.71 | best: 659.50 | KL: 5.988e-04 | std: 0.5425 | rollout: 7.662s | update: 1.445s | total: 9.106s | samples/s: 7028
Iteration 0634 | train reward: 668.91 | best: 668.91 | KL: 7.221e-04 | std: 0.5423 | rollout: 6.889s | update: 1.452s | total: 8.341s | samples/s: 7673
Iteration 0635 | train reward: 670.63 | best: 670.63 | KL: 7.355e-04 | std: 0.5417 | rollout: 9.049s | update: 1.496s | total: 10.545s | samples/s: 6069
Iteration 0636 | train reward: 654.69 | best: 670.63 | KL: 6.941e-04 | std: 0.5416 | rollout: 8.029s | update: 1.510s | total: 9.539s | samples/s: 6709
Iteration 0637 | train reward: 679.05 | best: 679.05 | KL: 7.312e-04 | std: 0.5416 | rollout: 8.236s | update: 1.504s | total: 9.739s | samples/s: 6571
Iteration 0638 | train reward: 683.13 | best: 683.13 | KL: 7.025e-04 | std: 0.5417 | rollout: 7.168s | update: 1.534s | total: 8.701s | samples/s: 7355
Iteration 0639 | train reward: 668.91 | best: 683.13 | KL: 7.400e-04 | std: 0.5415 | rollout: 7.944s | update: 1.561s | total: 9.505s | samples/s: 6733
Iteration 0640 | train reward: 678.16 | best: 683.13 | KL: 7.296e-04 | std: 0.5409 | rollout: 8.203s | update: 1.535s | total: 9.738s | samples/s: 6572
Iteration 0641 | train reward: 674.80 | best: 683.13 | KL: 6.173e-04 | std: 0.5409 | rollout: 7.405s | update: 1.528s | total: 8.934s | samples/s: 7164
Iteration 0642 | train reward: 674.81 | best: 683.13 | KL: 7.864e-04 | std: 0.5399 | rollout: 8.119s | update: 1.527s | total: 9.646s | samples/s: 6635
Iteration 0643 | train reward: 687.44 | best: 687.44 | KL: 7.775e-04 | std: 0.5397 | rollout: 8.374s | update: 1.453s | total: 9.826s | samples/s: 6513
Iteration 0644 | train reward: 690.40 | best: 690.40 | KL: 7.301e-04 | std: 0.5391 | rollout: 8.014s | update: 1.419s | total: 9.433s | samples/s: 6785
Iteration 0645 | train reward: 693.61 | best: 693.61 | KL: 6.771e-04 | std: 0.5391 | rollout: 8.616s | update: 1.365s | total: 9.981s | samples/s: 6412
Iteration 0646 | train reward: 699.00 | best: 699.00 | KL: 7.766e-04 | std: 0.5384 | rollout: 8.161s | update: 1.308s | total: 9.469s | samples/s: 6759
Iteration 0647 | train reward: 707.72 | best: 707.72 | KL: 7.394e-04 | std: 0.5383 | rollout: 8.044s | update: 1.379s | total: 9.423s | samples/s: 6792
Iteration 0648 | train reward: 716.52 | best: 716.52 | KL: 8.098e-04 | std: 0.5367 | rollout: 8.172s | update: 1.454s | total: 9.626s | samples/s: 6649
Iteration 0649 | train reward: 717.74 | best: 717.74 | KL: 7.583e-04 | std: 0.5367 | rollout: 8.305s | update: 1.498s | total: 9.803s | samples/s: 6528
Iteration 0650 | train reward: 722.54 | best: 722.54 | KL: 8.390e-04 | std: 0.5365 | rollout: 8.109s | update: 1.444s | total: 9.553s | samples/s: 6700
Iteration 0651 | train reward: 717.20 | best: 722.54 | KL: 8.877e-04 | std: 0.5365 | rollout: 7.592s | update: 1.409s | total: 9.001s | samples/s: 7110
Iteration 0652 | train reward: 713.52 | best: 722.54 | KL: 8.468e-04 | std: 0.5365 | rollout: 8.189s | update: 1.449s | total: 9.638s | samples/s: 6640
Iteration 0653 | train reward: 730.54 | best: 730.54 | KL: 8.340e-04 | std: 0.5365 | rollout: 8.277s | update: 1.563s | total: 9.840s | samples/s: 6504
Iteration 0654 | train reward: 722.77 | best: 730.54 | KL: 7.902e-04 | std: 0.5366 | rollout: 9.506s | update: 1.463s | total: 10.970s | samples/s: 5834
Iteration 0655 | train reward: 716.23 | best: 730.54 | KL: 8.205e-04 | std: 0.5371 | rollout: 8.883s | update: 1.455s | total: 10.338s | samples/s: 6191
Iteration 0656 | train reward: 739.76 | best: 739.76 | KL: 8.894e-04 | std: 0.5365 | rollout: 7.877s | update: 1.405s | total: 9.281s | samples/s: 6895
Iteration 0657 | train reward: 736.00 | best: 739.76 | KL: 7.961e-04 | std: 0.5365 | rollout: 7.228s | update: 1.486s | total: 8.714s | samples/s: 7344
Iteration 0658 | train reward: 743.20 | best: 743.20 | KL: 7.992e-04 | std: 0.5364 | rollout: 7.924s | update: 1.469s | total: 9.393s | samples/s: 6814
Iteration 0659 | train reward: 757.42 | best: 757.42 | KL: 8.384e-04 | std: 0.5363 | rollout: 7.933s | update: 1.356s | total: 9.290s | samples/s: 6889
Iteration 0660 | train reward: 738.94 | best: 757.42 | KL: 8.105e-04 | std: 0.5358 | rollout: 7.666s | update: 1.401s | total: 9.067s | samples/s: 7059
Iteration 0661 | train reward: 750.49 | best: 757.42 | KL: 8.208e-04 | std: 0.5363 | rollout: 8.831s | update: 1.359s | total: 10.191s | samples/s: 6280
Iteration 0662 | train reward: 762.09 | best: 762.09 | KL: 8.707e-04 | std: 0.5358 | rollout: 8.932s | update: 1.361s | total: 10.292s | samples/s: 6218
Iteration 0663 | train reward: 748.84 | best: 762.09 | KL: 7.662e-04 | std: 0.5363 | rollout: 7.378s | update: 1.347s | total: 8.724s | samples/s: 7336
Iteration 0664 | train reward: 764.90 | best: 764.90 | KL: 9.023e-04 | std: 0.5358 | rollout: 8.483s | update: 1.559s | total: 10.043s | samples/s: 6373
Iteration 0665 | train reward: 760.45 | best: 764.90 | KL: 8.068e-04 | std: 0.5356 | rollout: 8.342s | update: 1.324s | total: 9.665s | samples/s: 6622
Iteration 0666 | train reward: 765.65 | best: 765.65 | KL: 9.043e-04 | std: 0.5356 | rollout: 7.898s | update: 1.402s | total: 9.300s | samples/s: 6882
Iteration 0667 | train reward: 782.58 | best: 782.58 | KL: 1.006e-03 | std: 0.5345 | rollout: 9.046s | update: 1.304s | total: 10.350s | samples/s: 6184
Iteration 0668 | train reward: 775.12 | best: 782.58 | KL: 9.736e-04 | std: 0.5339 | rollout: 7.963s | update: 1.367s | total: 9.329s | samples/s: 6860
Iteration 0669 | train reward: 769.96 | best: 782.58 | KL: 1.125e-03 | std: 0.5338 | rollout: 7.814s | update: 1.452s | total: 9.267s | samples/s: 6907
Iteration 0670 | train reward: 788.17 | best: 788.17 | KL: 8.172e-04 | std: 0.5337 | rollout: 7.832s | update: 1.465s | total: 9.296s | samples/s: 6884
Iteration 0671 | train reward: 796.40 | best: 796.40 | KL: 8.138e-04 | std: 0.5336 | rollout: 8.270s | update: 1.445s | total: 9.716s | samples/s: 6587
Iteration 0672 | train reward: 784.54 | best: 796.40 | KL: 9.800e-04 | std: 0.5338 | rollout: 8.472s | update: 1.469s | total: 9.941s | samples/s: 6438
Iteration 0673 | train reward: 802.37 | best: 802.37 | KL: 9.948e-04 | std: 0.5337 | rollout: 8.219s | update: 1.423s | total: 9.642s | samples/s: 6638
Iteration 0674 | train reward: 799.78 | best: 802.37 | KL: 1.054e-03 | std: 0.5336 | rollout: 8.016s | update: 1.484s | total: 9.500s | samples/s: 6737
Iteration 0675 | train reward: 789.22 | best: 802.37 | KL: 1.019e-03 | std: 0.5332 | rollout: 8.421s | update: 1.500s | total: 9.921s | samples/s: 6451
Iteration 0676 | train reward: 803.94 | best: 803.94 | KL: 9.325e-04 | std: 0.5331 | rollout: 8.604s | update: 1.395s | total: 9.999s | samples/s: 6401
Iteration 0677 | train reward: 797.64 | best: 803.94 | KL: 9.530e-04 | std: 0.5321 | rollout: 7.978s | update: 1.337s | total: 9.315s | samples/s: 6871
Iteration 0678 | train reward: 823.04 | best: 823.04 | KL: 9.725e-04 | std: 0.5314 | rollout: 8.096s | update: 1.369s | total: 9.465s | samples/s: 6762
Iteration 0679 | train reward: 800.22 | best: 823.04 | KL: 1.048e-03 | std: 0.5315 | rollout: 8.758s | update: 1.388s | total: 10.146s | samples/s: 6308
Iteration 0680 | train reward: 817.34 | best: 823.04 | KL: 1.172e-03 | std: 0.5313 | rollout: 6.896s | update: 1.367s | total: 8.263s | samples/s: 7746
Iteration 0681 | train reward: 806.95 | best: 823.04 | KL: 1.070e-03 | std: 0.5313 | rollout: 6.775s | update: 1.504s | total: 8.279s | samples/s: 7730
Iteration 0682 | train reward: 812.23 | best: 823.04 | KL: 9.235e-04 | std: 0.5312 | rollout: 7.654s | update: 1.436s | total: 9.090s | samples/s: 7040
Iteration 0683 | train reward: 831.15 | best: 831.15 | KL: 8.808e-04 | std: 0.5311 | rollout: 8.365s | update: 1.459s | total: 9.824s | samples/s: 6515
Iteration 0684 | train reward: 823.32 | best: 831.15 | KL: 1.026e-03 | std: 0.5306 | rollout: 7.741s | update: 1.522s | total: 9.262s | samples/s: 6910
Iteration 0685 | train reward: 829.56 | best: 831.15 | KL: 9.962e-04 | std: 0.5304 | rollout: 7.832s | update: 1.499s | total: 9.331s | samples/s: 6859
Iteration 0686 | train reward: 838.77 | best: 838.77 | KL: 1.225e-03 | std: 0.5288 | rollout: 7.596s | update: 1.476s | total: 9.072s | samples/s: 7055
Iteration 0687 | train reward: 843.65 | best: 843.65 | KL: 1.126e-03 | std: 0.5288 | rollout: 7.861s | update: 1.485s | total: 9.345s | samples/s: 6848
Iteration 0688 | train reward: 843.83 | best: 843.83 | KL: 1.052e-03 | std: 0.5286 | rollout: 8.961s | update: 1.487s | total: 10.448s | samples/s: 6126
Iteration 0689 | train reward: 844.85 | best: 844.85 | KL: 1.023e-03 | std: 0.5280 | rollout: 6.620s | update: 1.496s | total: 8.116s | samples/s: 7885
Iteration 0690 | train reward: 842.38 | best: 844.85 | KL: 1.097e-03 | std: 0.5280 | rollout: 7.589s | update: 1.520s | total: 9.109s | samples/s: 7026
Iteration 0691 | train reward: 857.06 | best: 857.06 | KL: 1.200e-03 | std: 0.5267 | rollout: 8.220s | update: 1.453s | total: 9.673s | samples/s: 6616
Iteration 0692 | train reward: 856.39 | best: 857.06 | KL: 1.015e-03 | std: 0.5267 | rollout: 7.738s | update: 1.420s | total: 9.157s | samples/s: 6989
Iteration 0693 | train reward: 870.79 | best: 870.79 | KL: 1.114e-03 | std: 0.5262 | rollout: 7.268s | update: 1.447s | total: 8.714s | samples/s: 7344
Iteration 0694 | train reward: 846.64 | best: 870.79 | KL: 1.215e-03 | std: 0.5261 | rollout: 7.857s | update: 1.442s | total: 9.299s | samples/s: 6882
Iteration 0695 | train reward: 871.20 | best: 871.20 | KL: 1.175e-03 | std: 0.5262 | rollout: 8.185s | update: 1.407s | total: 9.592s | samples/s: 6672
Iteration 0696 | train reward: 875.50 | best: 875.50 | KL: 1.062e-03 | std: 0.5262 | rollout: 9.737s | update: 1.340s | total: 11.077s | samples/s: 5778
Iteration 0697 | train reward: 864.85 | best: 875.50 | KL: 1.351e-03 | std: 0.5262 | rollout: 7.735s | update: 1.425s | total: 9.160s | samples/s: 6987
Iteration 0698 | train reward: 891.20 | best: 891.20 | KL: 1.077e-03 | std: 0.5262 | rollout: 8.744s | update: 1.466s | total: 10.210s | samples/s: 6269
Iteration 0699 | train reward: 887.21 | best: 891.20 | KL: 1.403e-03 | std: 0.5261 | rollout: 8.624s | update: 1.433s | total: 10.057s | samples/s: 6364
Iteration 0700 | train reward: 895.07 | best: 895.07 | KL: 1.208e-03 | std: 0.5260 | rollout: 7.498s | update: 1.500s | total: 8.998s | samples/s: 7113
Iteration 0701 | train reward: 880.88 | best: 895.07 | KL: 1.293e-03 | std: 0.5260 | rollout: 7.766s | update: 1.451s | total: 9.217s | samples/s: 6944
Iteration 0702 | train reward: 892.79 | best: 895.07 | KL: 1.152e-03 | std: 0.5260 | rollout: 8.363s | update: 1.475s | total: 9.838s | samples/s: 6506
Iteration 0703 | train reward: 885.48 | best: 895.07 | KL: 1.234e-03 | std: 0.5259 | rollout: 8.534s | update: 1.360s | total: 9.893s | samples/s: 6469
Iteration 0704 | train reward: 879.80 | best: 895.07 | KL: 1.233e-03 | std: 0.5252 | rollout: 7.675s | update: 1.543s | total: 9.218s | samples/s: 6943
Iteration 0705 | train reward: 887.97 | best: 895.07 | KL: 1.195e-03 | std: 0.5254 | rollout: 8.655s | update: 1.426s | total: 10.080s | samples/s: 6349
Iteration 0706 | train reward: 898.18 | best: 898.18 | KL: 1.177e-03 | std: 0.5243 | rollout: 7.861s | update: 1.391s | total: 9.252s | samples/s: 6918
Iteration 0707 | train reward: 905.84 | best: 905.84 | KL: 1.104e-03 | std: 0.5241 | rollout: 7.644s | update: 1.451s | total: 9.095s | samples/s: 7037
Iteration 0708 | train reward: 926.46 | best: 926.46 | KL: 1.314e-03 | std: 0.5241 | rollout: 7.751s | update: 1.449s | total: 9.199s | samples/s: 6957
Iteration 0709 | train reward: 915.16 | best: 926.46 | KL: 1.065e-03 | std: 0.5236 | rollout: 7.539s | update: 1.476s | total: 9.015s | samples/s: 7100
Iteration 0710 | train reward: 914.49 | best: 926.46 | KL: 1.445e-03 | std: 0.5234 | rollout: 7.780s | update: 1.439s | total: 9.219s | samples/s: 6942
Iteration 0711 | train reward: 916.88 | best: 926.46 | KL: 1.216e-03 | std: 0.5232 | rollout: 8.022s | update: 1.490s | total: 9.512s | samples/s: 6728
Iteration 0712 | train reward: 917.11 | best: 926.46 | KL: 1.644e-03 | std: 0.5228 | rollout: 7.118s | update: 1.411s | total: 8.529s | samples/s: 7504
Iteration 0713 | train reward: 930.04 | best: 930.04 | KL: 1.203e-03 | std: 0.5217 | rollout: 7.881s | update: 1.470s | total: 9.351s | samples/s: 6844
Iteration 0714 | train reward: 933.23 | best: 933.23 | KL: 1.168e-03 | std: 0.5217 | rollout: 8.896s | update: 1.445s | total: 10.341s | samples/s: 6189
Iteration 0715 | train reward: 939.35 | best: 939.35 | KL: 1.416e-03 | std: 0.5216 | rollout: 7.975s | update: 1.459s | total: 9.434s | samples/s: 6784
Iteration 0716 | train reward: 936.31 | best: 939.35 | KL: 1.521e-03 | std: 0.5210 | rollout: 8.847s | update: 1.312s | total: 10.159s | samples/s: 6300
Iteration 0717 | train reward: 931.58 | best: 939.35 | KL: 1.323e-03 | std: 0.5209 | rollout: 8.570s | update: 1.495s | total: 10.065s | samples/s: 6359
Iteration 0718 | train reward: 946.92 | best: 946.92 | KL: 1.298e-03 | std: 0.5208 | rollout: 8.948s | update: 1.338s | total: 10.286s | samples/s: 6222
Iteration 0719 | train reward: 944.98 | best: 946.92 | KL: 1.364e-03 | std: 0.5207 | rollout: 8.298s | update: 1.478s | total: 9.776s | samples/s: 6547
Iteration 0720 | train reward: 944.78 | best: 946.92 | KL: 1.326e-03 | std: 0.5207 | rollout: 9.207s | update: 1.395s | total: 10.602s | samples/s: 6037
Iteration 0721 | train reward: 939.69 | best: 946.92 | KL: 1.255e-03 | std: 0.5206 | rollout: 7.320s | update: 1.512s | total: 8.833s | samples/s: 7246
Iteration 0722 | train reward: 960.21 | best: 960.21 | KL: 1.356e-03 | std: 0.5191 | rollout: 7.973s | update: 1.455s | total: 9.428s | samples/s: 6788
Iteration 0723 | train reward: 962.46 | best: 962.46 | KL: 1.204e-03 | std: 0.5184 | rollout: 8.316s | update: 1.457s | total: 9.773s | samples/s: 6549
Iteration 0724 | train reward: 969.15 | best: 969.15 | KL: 1.610e-03 | std: 0.5182 | rollout: 8.772s | update: 1.463s | total: 10.235s | samples/s: 6253
Iteration 0725 | train reward: 957.56 | best: 969.15 | KL: 1.573e-03 | std: 0.5182 | rollout: 7.165s | update: 1.453s | total: 8.618s | samples/s: 7426
Iteration 0726 | train reward: 960.63 | best: 969.15 | KL: 1.603e-03 | std: 0.5175 | rollout: 8.004s | update: 1.516s | total: 9.520s | samples/s: 6723
Iteration 0727 | train reward: 982.73 | best: 982.73 | KL: 1.511e-03 | std: 0.5176 | rollout: 6.782s | update: 1.465s | total: 8.248s | samples/s: 7760
Iteration 0728 | train reward: 971.12 | best: 982.73 | KL: 1.213e-03 | std: 0.5175 | rollout: 8.941s | update: 1.487s | total: 10.428s | samples/s: 6137
Iteration 0729 | train reward: 978.37 | best: 982.73 | KL: 1.539e-03 | std: 0.5175 | rollout: 7.872s | update: 1.492s | total: 9.363s | samples/s: 6835
Iteration 0730 | train reward: 985.07 | best: 985.07 | KL: 1.485e-03 | std: 0.5175 | rollout: 7.715s | update: 1.501s | total: 9.216s | samples/s: 6944
Iteration 0731 | train reward: 995.54 | best: 995.54 | KL: 1.508e-03 | std: 0.5163 | rollout: 7.751s | update: 1.374s | total: 9.125s | samples/s: 7014
Iteration 0732 | train reward: 996.97 | best: 996.97 | KL: 1.406e-03 | std: 0.5158 | rollout: 8.258s | update: 1.467s | total: 9.725s | samples/s: 6581
Iteration 0733 | train reward: 995.56 | best: 996.97 | KL: 1.439e-03 | std: 0.5156 | rollout: 8.471s | update: 1.472s | total: 9.943s | samples/s: 6437
Iteration 0734 | train reward: 1006.48 | best: 1006.48 | KL: 1.417e-03 | std: 0.5148 | rollout: 7.374s | update: 1.432s | total: 8.806s | samples/s: 7268
Iteration 0735 | train reward: 1000.23 | best: 1006.48 | KL: 1.507e-03 | std: 0.5148 | rollout: 8.593s | update: 1.398s | total: 9.990s | samples/s: 6406
Iteration 0736 | train reward: 1012.86 | best: 1012.86 | KL: 1.509e-03 | std: 0.5139 | rollout: 7.498s | update: 1.455s | total: 8.953s | samples/s: 7148
Iteration 0737 | train reward: 1006.32 | best: 1012.86 | KL: 1.327e-03 | std: 0.5131 | rollout: 7.264s | update: 1.491s | total: 8.755s | samples/s: 7310
Iteration 0738 | train reward: 1010.67 | best: 1012.86 | KL: 1.451e-03 | std: 0.5130 | rollout: 7.231s | update: 1.456s | total: 8.687s | samples/s: 7367
Iteration 0739 | train reward: 1026.65 | best: 1026.65 | KL: 1.290e-03 | std: 0.5124 | rollout: 7.966s | update: 1.431s | total: 9.397s | samples/s: 6811
Iteration 0740 | train reward: 1009.24 | best: 1026.65 | KL: 1.857e-03 | std: 0.5113 | rollout: 7.937s | update: 1.462s | total: 9.399s | samples/s: 6809
Iteration 0741 | train reward: 1015.20 | best: 1026.65 | KL: 1.461e-03 | std: 0.5122 | rollout: 8.127s | update: 1.538s | total: 9.665s | samples/s: 6622
Iteration 0742 | train reward: 1023.44 | best: 1026.65 | KL: 1.840e-03 | std: 0.5106 | rollout: 6.693s | update: 1.422s | total: 8.115s | samples/s: 7886
Iteration 0743 | train reward: 1024.31 | best: 1026.65 | KL: 1.753e-03 | std: 0.5106 | rollout: 7.570s | update: 1.491s | total: 9.062s | samples/s: 7063
Iteration 0744 | train reward: 1028.28 | best: 1028.28 | KL: 1.616e-03 | std: 0.5106 | rollout: 7.734s | update: 1.421s | total: 9.155s | samples/s: 6991
Iteration 0745 | train reward: 1036.71 | best: 1036.71 | KL: 1.846e-03 | std: 0.5106 | rollout: 8.128s | update: 1.345s | total: 9.473s | samples/s: 6756
Iteration 0746 | train reward: 1034.68 | best: 1036.71 | KL: 1.593e-03 | std: 0.5104 | rollout: 8.691s | update: 1.341s | total: 10.032s | samples/s: 6380
Iteration 0747 | train reward: 1033.74 | best: 1036.71 | KL: 1.676e-03 | std: 0.5104 | rollout: 7.622s | update: 1.453s | total: 9.075s | samples/s: 7052
Iteration 0748 | train reward: 1055.50 | best: 1055.50 | KL: 1.811e-03 | std: 0.5106 | rollout: 8.773s | update: 1.401s | total: 10.175s | samples/s: 6290
Iteration 0749 | train reward: 1048.72 | best: 1055.50 | KL: 1.480e-03 | std: 0.5104 | rollout: 8.876s | update: 1.390s | total: 10.267s | samples/s: 6234
Iteration 0750 | train reward: 1051.96 | best: 1055.50 | KL: 1.528e-03 | std: 0.5102 | rollout: 8.675s | update: 1.426s | total: 10.101s | samples/s: 6336
Iteration 0751 | train reward: 1057.88 | best: 1057.88 | KL: 1.731e-03 | std: 0.5097 | rollout: 8.922s | update: 1.536s | total: 10.458s | samples/s: 6120
Iteration 0752 | train reward: 1045.78 | best: 1057.88 | KL: 1.896e-03 | std: 0.5097 | rollout: 7.395s | update: 1.418s | total: 8.813s | samples/s: 7262
Iteration 0753 | train reward: 1038.16 | best: 1057.88 | KL: 1.464e-03 | std: 0.5087 | rollout: 9.110s | update: 1.452s | total: 10.561s | samples/s: 6060
Iteration 0754 | train reward: 1064.78 | best: 1064.78 | KL: 2.085e-03 | std: 0.5078 | rollout: 9.580s | update: 1.431s | total: 11.011s | samples/s: 5813
Iteration 0755 | train reward: 1064.32 | best: 1064.78 | KL: 1.823e-03 | std: 0.5078 | rollout: 7.974s | update: 1.390s | total: 9.364s | samples/s: 6835
Iteration 0756 | train reward: 1072.11 | best: 1072.11 | KL: 1.873e-03 | std: 0.5069 | rollout: 7.976s | update: 1.447s | total: 9.423s | samples/s: 6792
Iteration 0757 | train reward: 1066.26 | best: 1072.11 | KL: 1.603e-03 | std: 0.5070 | rollout: 8.384s | update: 1.411s | total: 9.795s | samples/s: 6534
Iteration 0758 | train reward: 1070.15 | best: 1072.11 | KL: 1.587e-03 | std: 0.5059 | rollout: 7.907s | update: 1.387s | total: 9.294s | samples/s: 6886
Iteration 0759 | train reward: 1066.27 | best: 1072.11 | KL: 1.810e-03 | std: 0.5054 | rollout: 7.320s | update: 1.370s | total: 8.690s | samples/s: 7365
Iteration 0760 | train reward: 1075.00 | best: 1075.00 | KL: 1.720e-03 | std: 0.5053 | rollout: 8.668s | update: 1.428s | total: 10.095s | samples/s: 6340
Iteration 0761 | train reward: 1084.78 | best: 1084.78 | KL: 1.941e-03 | std: 0.5052 | rollout: 8.198s | update: 1.499s | total: 9.697s | samples/s: 6600
Iteration 0762 | train reward: 1078.18 | best: 1084.78 | KL: 1.773e-03 | std: 0.5050 | rollout: 7.611s | update: 1.341s | total: 8.952s | samples/s: 7150
Iteration 0763 | train reward: 1082.88 | best: 1084.78 | KL: 1.511e-03 | std: 0.5045 | rollout: 8.434s | update: 1.433s | total: 9.867s | samples/s: 6486
Iteration 0764 | train reward: 1077.38 | best: 1084.78 | KL: 1.917e-03 | std: 0.5050 | rollout: 7.778s | update: 1.311s | total: 9.089s | samples/s: 7041
Iteration 0765 | train reward: 1096.58 | best: 1096.58 | KL: 1.759e-03 | std: 0.5045 | rollout: 7.971s | update: 1.457s | total: 9.428s | samples/s: 6788
Iteration 0766 | train reward: 1093.09 | best: 1096.58 | KL: 1.946e-03 | std: 0.5034 | rollout: 8.499s | update: 1.483s | total: 9.983s | samples/s: 6411
Iteration 0767 | train reward: 1089.39 | best: 1096.58 | KL: 2.395e-03 | std: 0.5035 | rollout: 7.808s | update: 1.522s | total: 9.329s | samples/s: 6860
Iteration 0768 | train reward: 1100.91 | best: 1100.91 | KL: 1.974e-03 | std: 0.5033 | rollout: 8.567s | update: 1.318s | total: 9.885s | samples/s: 6474
Iteration 0769 | train reward: 1107.10 | best: 1107.10 | KL: 1.544e-03 | std: 0.5033 | rollout: 7.303s | update: 1.407s | total: 8.710s | samples/s: 7348
Iteration 0770 | train reward: 1105.98 | best: 1107.10 | KL: 1.863e-03 | std: 0.5028 | rollout: 6.338s | update: 1.542s | total: 7.880s | samples/s: 8122
Iteration 0771 | train reward: 1113.29 | best: 1113.29 | KL: 1.679e-03 | std: 0.5026 | rollout: 7.471s | update: 1.483s | total: 8.954s | samples/s: 7148
Iteration 0772 | train reward: 1121.23 | best: 1121.23 | KL: 2.050e-03 | std: 0.5026 | rollout: 8.174s | update: 1.314s | total: 9.489s | samples/s: 6745
Iteration 0773 | train reward: 1093.27 | best: 1121.23 | KL: 2.338e-03 | std: 0.5018 | rollout: 7.811s | update: 1.448s | total: 9.259s | samples/s: 6912
Iteration 0774 | train reward: 1113.69 | best: 1121.23 | KL: 2.259e-03 | std: 0.5017 | rollout: 7.651s | update: 1.437s | total: 9.088s | samples/s: 7042
Iteration 0775 | train reward: 1121.49 | best: 1121.49 | KL: 1.948e-03 | std: 0.5008 | rollout: 7.785s | update: 1.582s | total: 9.367s | samples/s: 6833
Iteration 0776 | train reward: 1106.32 | best: 1121.49 | KL: 2.160e-03 | std: 0.5000 | rollout: 8.815s | update: 1.511s | total: 10.327s | samples/s: 6198
Iteration 0777 | train reward: 1125.40 | best: 1125.40 | KL: 2.218e-03 | std: 0.5000 | rollout: 7.977s | update: 1.393s | total: 9.370s | samples/s: 6830
Iteration 0778 | train reward: 1120.28 | best: 1125.40 | KL: 2.029e-03 | std: 0.4998 | rollout: 8.615s | update: 1.384s | total: 9.999s | samples/s: 6400
Iteration 0779 | train reward: 1129.80 | best: 1129.80 | KL: 2.155e-03 | std: 0.4998 | rollout: 8.084s | update: 1.439s | total: 9.523s | samples/s: 6721
Iteration 0780 | train reward: 1134.69 | best: 1134.69 | KL: 1.979e-03 | std: 0.4998 | rollout: 8.829s | update: 1.342s | total: 10.171s | samples/s: 6292
Iteration 0781 | train reward: 1146.55 | best: 1146.55 | KL: 2.022e-03 | std: 0.4992 | rollout: 7.124s | update: 1.445s | total: 8.568s | samples/s: 7469
Iteration 0782 | train reward: 1137.06 | best: 1146.55 | KL: 2.159e-03 | std: 0.4983 | rollout: 8.217s | update: 1.469s | total: 9.687s | samples/s: 6607
Iteration 0783 | train reward: 1140.86 | best: 1146.55 | KL: 1.806e-03 | std: 0.4983 | rollout: 8.426s | update: 1.486s | total: 9.912s | samples/s: 6457
Iteration 0784 | train reward: 1144.32 | best: 1146.55 | KL: 1.955e-03 | std: 0.4981 | rollout: 9.086s | update: 1.513s | total: 10.599s | samples/s: 6038
Iteration 0785 | train reward: 1144.11 | best: 1146.55 | KL: 2.157e-03 | std: 0.4974 | rollout: 8.017s | update: 1.513s | total: 9.531s | samples/s: 6715
Iteration 0786 | train reward: 1155.15 | best: 1155.15 | KL: 1.999e-03 | std: 0.4972 | rollout: 9.117s | update: 1.493s | total: 10.610s | samples/s: 6032
Iteration 0787 | train reward: 1154.12 | best: 1155.15 | KL: 1.892e-03 | std: 0.4974 | rollout: 8.273s | update: 1.558s | total: 9.830s | samples/s: 6510
Iteration 0788 | train reward: 1154.34 | best: 1155.15 | KL: 1.997e-03 | std: 0.4972 | rollout: 8.167s | update: 1.590s | total: 9.757s | samples/s: 6559
Iteration 0789 | train reward: 1162.91 | best: 1162.91 | KL: 2.002e-03 | std: 0.4966 | rollout: 8.024s | update: 1.455s | total: 9.479s | samples/s: 6752
Iteration 0790 | train reward: 1159.45 | best: 1162.91 | KL: 1.827e-03 | std: 0.4967 | rollout: 7.530s | update: 1.516s | total: 9.046s | samples/s: 7075
Iteration 0791 | train reward: 1168.36 | best: 1168.36 | KL: 2.204e-03 | std: 0.4967 | rollout: 8.977s | update: 1.354s | total: 10.332s | samples/s: 6195
Iteration 0792 | train reward: 1170.53 | best: 1170.53 | KL: 1.971e-03 | std: 0.4967 | rollout: 8.236s | update: 1.476s | total: 9.711s | samples/s: 6590
Iteration 0793 | train reward: 1173.49 | best: 1173.49 | KL: 2.224e-03 | std: 0.4973 | rollout: 6.529s | update: 1.530s | total: 8.059s | samples/s: 7941
Iteration 0794 | train reward: 1184.24 | best: 1184.24 | KL: 2.233e-03 | std: 0.4974 | rollout: 7.694s | update: 1.384s | total: 9.078s | samples/s: 7050
Iteration 0795 | train reward: 1181.68 | best: 1184.24 | KL: 2.095e-03 | std: 0.4974 | rollout: 7.772s | update: 1.435s | total: 9.207s | samples/s: 6951
Iteration 0796 | train reward: 1179.75 | best: 1184.24 | KL: 1.923e-03 | std: 0.4974 | rollout: 7.774s | update: 1.418s | total: 9.191s | samples/s: 6963
Iteration 0797 | train reward: 1182.16 | best: 1184.24 | KL: 2.186e-03 | std: 0.4972 | rollout: 7.251s | update: 1.505s | total: 8.756s | samples/s: 7309
Iteration 0798 | train reward: 1156.13 | best: 1184.24 | KL: 2.555e-03 | std: 0.4967 | rollout: 6.434s | update: 1.460s | total: 7.894s | samples/s: 8108
Iteration 0799 | train reward: 1184.98 | best: 1184.98 | KL: 2.025e-03 | std: 0.4957 | rollout: 7.447s | update: 1.523s | total: 8.970s | samples/s: 7135
Iteration 0800 | train reward: 1178.78 | best: 1184.98 | KL: 2.252e-03 | std: 0.4956 | rollout: 8.091s | update: 1.581s | total: 9.672s | samples/s: 6617
Iteration 0801 | train reward: 1174.86 | best: 1184.98 | KL: 2.409e-03 | std: 0.4950 | rollout: 7.675s | update: 1.380s | total: 9.054s | samples/s: 7068
Iteration 0802 | train reward: 1177.03 | best: 1184.98 | KL: 1.922e-03 | std: 0.4948 | rollout: 7.723s | update: 1.402s | total: 9.125s | samples/s: 7014
Iteration 0803 | train reward: 1171.08 | best: 1184.98 | KL: 1.636e-03 | std: 0.4950 | rollout: 9.065s | update: 1.396s | total: 10.461s | samples/s: 6118
Iteration 0804 | train reward: 1178.36 | best: 1184.98 | KL: 1.944e-03 | std: 0.4950 | rollout: 8.679s | update: 1.451s | total: 10.130s | samples/s: 6318
Iteration 0805 | train reward: 1167.61 | best: 1184.98 | KL: 2.364e-03 | std: 0.4956 | rollout: 7.506s | update: 1.432s | total: 8.938s | samples/s: 7160
Iteration 0806 | train reward: 1136.92 | best: 1184.98 | KL: 2.464e-03 | std: 0.4948 | rollout: 8.694s | update: 1.466s | total: 10.161s | samples/s: 6299
Iteration 0807 | train reward: 1180.02 | best: 1184.98 | KL: 2.221e-03 | std: 0.4946 | rollout: 7.496s | update: 1.438s | total: 8.934s | samples/s: 7164
Iteration 0808 | train reward: 1174.81 | best: 1184.98 | KL: 2.331e-03 | std: 0.4941 | rollout: 8.118s | update: 1.340s | total: 9.458s | samples/s: 6767
Iteration 0809 | train reward: 1195.47 | best: 1195.47 | KL: 2.205e-03 | std: 0.4946 | rollout: 7.868s | update: 1.478s | total: 9.346s | samples/s: 6848
Iteration 0810 | train reward: 1179.29 | best: 1195.47 | KL: 2.682e-03 | std: 0.4946 | rollout: 7.721s | update: 1.384s | total: 9.105s | samples/s: 7029
Iteration 0811 | train reward: 1183.15 | best: 1195.47 | KL: 2.522e-03 | std: 0.4946 | rollout: 7.832s | update: 1.533s | total: 9.364s | samples/s: 6835
Iteration 0812 | train reward: 1198.94 | best: 1198.94 | KL: 2.602e-03 | std: 0.4939 | rollout: 8.602s | update: 1.449s | total: 10.051s | samples/s: 6367
Iteration 0813 | train reward: 1211.09 | best: 1211.09 | KL: 1.933e-03 | std: 0.4930 | rollout: 8.779s | update: 1.467s | total: 10.246s | samples/s: 6247
Iteration 0814 | train reward: 1205.21 | best: 1211.09 | KL: 2.377e-03 | std: 0.4939 | rollout: 8.790s | update: 1.463s | total: 10.253s | samples/s: 6242
Iteration 0815 | train reward: 1195.01 | best: 1211.09 | KL: 2.823e-03 | std: 0.4930 | rollout: 7.875s | update: 1.488s | total: 9.363s | samples/s: 6835
Iteration 0816 | train reward: 1205.10 | best: 1211.09 | KL: 2.586e-03 | std: 0.4929 | rollout: 8.662s | update: 1.466s | total: 10.128s | samples/s: 6319
Iteration 0817 | train reward: 1211.63 | best: 1211.63 | KL: 2.597e-03 | std: 0.4924 | rollout: 7.928s | update: 1.385s | total: 9.313s | samples/s: 6872
Iteration 0818 | train reward: 1211.56 | best: 1211.63 | KL: 2.421e-03 | std: 0.4924 | rollout: 8.437s | update: 1.563s | total: 10.001s | samples/s: 6400
Iteration 0819 | train reward: 1201.84 | best: 1211.63 | KL: 2.073e-03 | std: 0.4924 | rollout: 7.654s | update: 1.374s | total: 9.028s | samples/s: 7089
Iteration 0820 | train reward: 1215.73 | best: 1215.73 | KL: 2.670e-03 | std: 0.4924 | rollout: 7.946s | update: 1.508s | total: 9.455s | samples/s: 6769
Iteration 0821 | train reward: 1231.81 | best: 1231.81 | KL: 2.172e-03 | std: 0.4929 | rollout: 7.912s | update: 1.512s | total: 9.424s | samples/s: 6791
Iteration 0822 | train reward: 1237.34 | best: 1237.34 | KL: 2.142e-03 | std: 0.4939 | rollout: 9.108s | update: 1.584s | total: 10.693s | samples/s: 5985
Iteration 0823 | train reward: 1227.69 | best: 1237.34 | KL: 2.165e-03 | std: 0.4939 | rollout: 8.493s | update: 1.369s | total: 9.862s | samples/s: 6490
Iteration 0824 | train reward: 1189.29 | best: 1237.34 | KL: 3.068e-03 | std: 0.4929 | rollout: 8.059s | update: 1.483s | total: 9.542s | samples/s: 6707
Iteration 0825 | train reward: 1232.66 | best: 1237.34 | KL: 2.242e-03 | std: 0.4924 | rollout: 8.665s | update: 1.389s | total: 10.054s | samples/s: 6366
Iteration 0826 | train reward: 1212.57 | best: 1237.34 | KL: 2.479e-03 | std: 0.4922 | rollout: 8.075s | update: 1.472s | total: 9.547s | samples/s: 6703
Iteration 0827 | train reward: 1236.91 | best: 1237.34 | KL: 2.296e-03 | std: 0.4922 | rollout: 7.969s | update: 1.620s | total: 9.589s | samples/s: 6675
Iteration 0828 | train reward: 1217.52 | best: 1237.34 | KL: 2.289e-03 | std: 0.4921 | rollout: 8.548s | update: 1.443s | total: 9.991s | samples/s: 6406
Iteration 0829 | train reward: 1231.94 | best: 1237.34 | KL: 2.375e-03 | std: 0.4920 | rollout: 7.977s | update: 1.314s | total: 9.291s | samples/s: 6889
Iteration 0830 | train reward: 1248.22 | best: 1248.22 | KL: 2.092e-03 | std: 0.4913 | rollout: 7.528s | update: 1.421s | total: 8.949s | samples/s: 7152
Iteration 0831 | train reward: 1242.63 | best: 1248.22 | KL: 2.109e-03 | std: 0.4903 | rollout: 7.044s | update: 1.413s | total: 8.457s | samples/s: 7567
Iteration 0832 | train reward: 1237.03 | best: 1248.22 | KL: 2.559e-03 | std: 0.4898 | rollout: 7.582s | update: 1.351s | total: 8.932s | samples/s: 7165
Iteration 0833 | train reward: 1239.48 | best: 1248.22 | KL: 2.581e-03 | std: 0.4896 | rollout: 7.746s | update: 1.397s | total: 9.143s | samples/s: 7000
Iteration 0834 | train reward: 1252.74 | best: 1252.74 | KL: 2.423e-03 | std: 0.4896 | rollout: 8.294s | update: 1.424s | total: 9.718s | samples/s: 6586
Iteration 0835 | train reward: 1254.94 | best: 1254.94 | KL: 2.059e-03 | std: 0.4894 | rollout: 8.958s | update: 1.373s | total: 10.332s | samples/s: 6194
Iteration 0836 | train reward: 1262.00 | best: 1262.00 | KL: 2.184e-03 | std: 0.4894 | rollout: 8.461s | update: 1.347s | total: 9.808s | samples/s: 6525
Iteration 0837 | train reward: 1258.89 | best: 1262.00 | KL: 2.425e-03 | std: 0.4896 | rollout: 7.624s | update: 1.360s | total: 8.984s | samples/s: 7124
Iteration 0838 | train reward: 1254.47 | best: 1262.00 | KL: 2.797e-03 | std: 0.4896 | rollout: 7.639s | update: 1.476s | total: 9.115s | samples/s: 7021
Iteration 0839 | train reward: 1257.13 | best: 1262.00 | KL: 2.468e-03 | std: 0.4896 | rollout: 7.566s | update: 1.365s | total: 8.931s | samples/s: 7166
Iteration 0840 | train reward: 1237.66 | best: 1262.00 | KL: 2.424e-03 | std: 0.4896 | rollout: 8.296s | update: 1.402s | total: 9.698s | samples/s: 6599
Iteration 0841 | train reward: 1252.93 | best: 1262.00 | KL: 2.621e-03 | std: 0.4895 | rollout: 7.182s | update: 1.501s | total: 8.683s | samples/s: 7370
Iteration 0842 | train reward: 1245.09 | best: 1262.00 | KL: 2.973e-03 | std: 0.4889 | rollout: 8.886s | update: 1.344s | total: 10.230s | samples/s: 6256
Iteration 0843 | train reward: 1266.80 | best: 1266.80 | KL: 2.266e-03 | std: 0.4879 | rollout: 8.006s | update: 1.379s | total: 9.386s | samples/s: 6819
Iteration 0844 | train reward: 1269.61 | best: 1269.61 | KL: 2.190e-03 | std: 0.4877 | rollout: 8.035s | update: 1.420s | total: 9.455s | samples/s: 6769
Iteration 0845 | train reward: 1248.32 | best: 1269.61 | KL: 2.750e-03 | std: 0.4877 | rollout: 8.352s | update: 1.375s | total: 9.727s | samples/s: 6580
Iteration 0846 | train reward: 1280.03 | best: 1280.03 | KL: 2.362e-03 | std: 0.4877 | rollout: 6.445s | update: 1.395s | total: 7.840s | samples/s: 8163
Iteration 0847 | train reward: 1284.19 | best: 1284.19 | KL: 2.310e-03 | std: 0.4877 | rollout: 6.195s | update: 1.503s | total: 7.699s | samples/s: 8313
Iteration 0848 | train reward: 1298.38 | best: 1298.38 | KL: 2.273e-03 | std: 0.4870 | rollout: 7.256s | update: 1.412s | total: 8.668s | samples/s: 7384
Iteration 0849 | train reward: 1298.39 | best: 1298.39 | KL: 2.924e-03 | std: 0.4870 | rollout: 8.508s | update: 1.512s | total: 10.020s | samples/s: 6387
Iteration 0850 | train reward: 1291.79 | best: 1298.39 | KL: 2.214e-03 | std: 0.4868 | rollout: 6.970s | update: 1.497s | total: 8.467s | samples/s: 7558
Iteration 0851 | train reward: 1271.24 | best: 1298.39 | KL: 3.248e-03 | std: 0.4870 | rollout: 8.327s | update: 1.478s | total: 9.805s | samples/s: 6527
Iteration 0852 | train reward: 1298.62 | best: 1298.62 | KL: 2.591e-03 | std: 0.4870 | rollout: 8.161s | update: 1.482s | total: 9.643s | samples/s: 6637
Iteration 0853 | train reward: 1317.04 | best: 1317.04 | KL: 2.354e-03 | std: 0.4870 | rollout: 7.046s | update: 1.457s | total: 8.503s | samples/s: 7527
Iteration 0854 | train reward: 1283.50 | best: 1317.04 | KL: 3.038e-03 | std: 0.4863 | rollout: 7.015s | update: 1.435s | total: 8.450s | samples/s: 7574
Iteration 0855 | train reward: 1305.77 | best: 1317.04 | KL: 2.572e-03 | std: 0.4863 | rollout: 7.479s | update: 1.407s | total: 8.885s | samples/s: 7203
Iteration 0856 | train reward: 1310.78 | best: 1317.04 | KL: 2.259e-03 | std: 0.4862 | rollout: 7.584s | update: 1.535s | total: 9.119s | samples/s: 7018
Iteration 0857 | train reward: 1307.01 | best: 1317.04 | KL: 2.312e-03 | std: 0.4861 | rollout: 8.070s | update: 1.383s | total: 9.453s | samples/s: 6770
Iteration 0858 | train reward: 1307.17 | best: 1317.04 | KL: 2.997e-03 | std: 0.4852 | rollout: 9.003s | update: 1.438s | total: 10.441s | samples/s: 6130
Iteration 0859 | train reward: 1300.58 | best: 1317.04 | KL: 3.465e-03 | std: 0.4851 | rollout: 8.143s | update: 1.430s | total: 9.573s | samples/s: 6685
Iteration 0860 | train reward: 1317.06 | best: 1317.06 | KL: 2.446e-03 | std: 0.4844 | rollout: 7.561s | update: 1.432s | total: 8.993s | samples/s: 7116
Iteration 0861 | train reward: 1311.57 | best: 1317.06 | KL: 2.558e-03 | std: 0.4837 | rollout: 8.022s | update: 1.451s | total: 9.473s | samples/s: 6756
Iteration 0862 | train reward: 1288.90 | best: 1317.06 | KL: 3.173e-03 | std: 0.4842 | rollout: 8.102s | update: 1.509s | total: 9.611s | samples/s: 6659
Iteration 0863 | train reward: 1332.38 | best: 1332.38 | KL: 2.766e-03 | std: 0.4827 | rollout: 6.234s | update: 1.419s | total: 7.653s | samples/s: 8362
Iteration 0864 | train reward: 1309.55 | best: 1332.38 | KL: 2.974e-03 | std: 0.4836 | rollout: 8.062s | update: 1.475s | total: 9.536s | samples/s: 6711
Iteration 0865 | train reward: 1317.77 | best: 1332.38 | KL: 3.157e-03 | std: 0.4836 | rollout: 8.733s | update: 1.301s | total: 10.034s | samples/s: 6379
Iteration 0866 | train reward: 1333.40 | best: 1333.40 | KL: 2.507e-03 | std: 0.4827 | rollout: 8.162s | update: 1.456s | total: 9.618s | samples/s: 6654
Iteration 0867 | train reward: 1334.11 | best: 1334.11 | KL: 2.873e-03 | std: 0.4825 | rollout: 8.573s | update: 1.395s | total: 9.969s | samples/s: 6420
Iteration 0868 | train reward: 1339.23 | best: 1339.23 | KL: 2.458e-03 | std: 0.4820 | rollout: 6.414s | update: 1.445s | total: 7.859s | samples/s: 8144
Iteration 0869 | train reward: 1339.22 | best: 1339.23 | KL: 2.806e-03 | std: 0.4819 | rollout: 8.407s | update: 1.385s | total: 9.792s | samples/s: 6536
Iteration 0870 | train reward: 1343.30 | best: 1343.30 | KL: 3.326e-03 | std: 0.4819 | rollout: 8.151s | update: 1.390s | total: 9.541s | samples/s: 6708
Iteration 0871 | train reward: 1342.58 | best: 1343.30 | KL: 3.805e-03 | std: 0.4818 | rollout: 8.681s | update: 1.440s | total: 10.120s | samples/s: 6324
Iteration 0872 | train reward: 1338.40 | best: 1343.30 | KL: 2.539e-03 | std: 0.4818 | rollout: 8.561s | update: 1.386s | total: 9.947s | samples/s: 6434
Iteration 0873 | train reward: 1346.08 | best: 1346.08 | KL: 3.135e-03 | std: 0.4817 | rollout: 9.036s | update: 1.294s | total: 10.330s | samples/s: 6196
Iteration 0874 | train reward: 1351.28 | best: 1351.28 | KL: 2.643e-03 | std: 0.4817 | rollout: 7.243s | update: 1.362s | total: 8.605s | samples/s: 7437
Iteration 0875 | train reward: 1349.91 | best: 1351.28 | KL: 2.441e-03 | std: 0.4816 | rollout: 6.222s | update: 1.491s | total: 7.713s | samples/s: 8297
Iteration 0876 | train reward: 1340.19 | best: 1351.28 | KL: 2.636e-03 | std: 0.4809 | rollout: 7.673s | update: 1.493s | total: 9.166s | samples/s: 6983
Iteration 0877 | train reward: 1335.99 | best: 1351.28 | KL: 2.909e-03 | std: 0.4801 | rollout: 7.188s | update: 1.445s | total: 8.632s | samples/s: 7414
Iteration 0878 | train reward: 1349.76 | best: 1351.28 | KL: 2.591e-03 | std: 0.4809 | rollout: 8.368s | update: 1.354s | total: 9.722s | samples/s: 6583
Iteration 0879 | train reward: 1370.61 | best: 1370.61 | KL: 2.322e-03 | std: 0.4811 | rollout: 7.914s | update: 1.379s | total: 9.293s | samples/s: 6887
Iteration 0880 | train reward: 1356.07 | best: 1370.61 | KL: 2.487e-03 | std: 0.4810 | rollout: 7.066s | update: 1.512s | total: 8.578s | samples/s: 7461
Iteration 0881 | train reward: 1357.30 | best: 1370.61 | KL: 2.835e-03 | std: 0.4809 | rollout: 8.405s | update: 1.416s | total: 9.822s | samples/s: 6516
Iteration 0882 | train reward: 1354.15 | best: 1370.61 | KL: 2.855e-03 | std: 0.4800 | rollout: 8.684s | update: 1.559s | total: 10.244s | samples/s: 6248
Iteration 0883 | train reward: 1339.99 | best: 1370.61 | KL: 3.062e-03 | std: 0.4799 | rollout: 7.590s | update: 1.397s | total: 8.987s | samples/s: 7121
Iteration 0884 | train reward: 1353.67 | best: 1370.61 | KL: 2.396e-03 | std: 0.4800 | rollout: 7.379s | update: 1.506s | total: 8.885s | samples/s: 7203
Iteration 0885 | train reward: 1355.90 | best: 1370.61 | KL: 2.640e-03 | std: 0.4794 | rollout: 7.417s | update: 1.448s | total: 8.865s | samples/s: 7220
Iteration 0886 | train reward: 1354.81 | best: 1370.61 | KL: 3.056e-03 | std: 0.4792 | rollout: 8.749s | update: 1.334s | total: 10.083s | samples/s: 6347
Iteration 0887 | train reward: 1347.69 | best: 1370.61 | KL: 3.009e-03 | std: 0.4792 | rollout: 8.763s | update: 1.457s | total: 10.220s | samples/s: 6262
Iteration 0888 | train reward: 1360.96 | best: 1370.61 | KL: 3.374e-03 | std: 0.4789 | rollout: 8.074s | update: 1.442s | total: 9.516s | samples/s: 6725
Iteration 0889 | train reward: 1363.95 | best: 1370.61 | KL: 2.766e-03 | std: 0.4784 | rollout: 8.767s | update: 1.392s | total: 10.159s | samples/s: 6300
Iteration 0890 | train reward: 1363.40 | best: 1370.61 | KL: 2.821e-03 | std: 0.4783 | rollout: 7.512s | update: 1.452s | total: 8.963s | samples/s: 7140
Iteration 0891 | train reward: 1374.62 | best: 1374.62 | KL: 2.983e-03 | std: 0.4773 | rollout: 7.401s | update: 1.317s | total: 8.718s | samples/s: 7341
Iteration 0892 | train reward: 1357.67 | best: 1374.62 | KL: 2.659e-03 | std: 0.4774 | rollout: 7.702s | update: 1.467s | total: 9.169s | samples/s: 6980
Iteration 0893 | train reward: 1337.74 | best: 1374.62 | KL: 3.797e-03 | std: 0.4775 | rollout: 7.720s | update: 1.474s | total: 9.195s | samples/s: 6960
Iteration 0894 | train reward: 1350.20 | best: 1374.62 | KL: 2.990e-03 | std: 0.4774 | rollout: 8.578s | update: 1.415s | total: 9.993s | samples/s: 6404
Iteration 0895 | train reward: 1379.23 | best: 1379.23 | KL: 2.691e-03 | std: 0.4773 | rollout: 8.093s | update: 1.479s | total: 9.571s | samples/s: 6687
Iteration 0896 | train reward: 1373.85 | best: 1379.23 | KL: 2.746e-03 | std: 0.4767 | rollout: 7.568s | update: 1.465s | total: 9.033s | samples/s: 7085
Iteration 0897 | train reward: 1353.90 | best: 1379.23 | KL: 3.284e-03 | std: 0.4766 | rollout: 8.919s | update: 1.459s | total: 10.378s | samples/s: 6167
Iteration 0898 | train reward: 1361.33 | best: 1379.23 | KL: 3.229e-03 | std: 0.4765 | rollout: 7.859s | update: 1.547s | total: 9.406s | samples/s: 6804
Iteration 0899 | train reward: 1358.67 | best: 1379.23 | KL: 3.772e-03 | std: 0.4763 | rollout: 8.472s | update: 1.317s | total: 9.789s | samples/s: 6538
Iteration 0900 | train reward: 1390.10 | best: 1390.10 | KL: 2.566e-03 | std: 0.4763 | rollout: 8.177s | update: 1.471s | total: 9.648s | samples/s: 6633
Iteration 0901 | train reward: 1378.38 | best: 1390.10 | KL: 2.839e-03 | std: 0.4758 | rollout: 7.896s | update: 1.489s | total: 9.385s | samples/s: 6819
Iteration 0902 | train reward: 1396.83 | best: 1396.83 | KL: 2.723e-03 | std: 0.4759 | rollout: 7.326s | update: 1.382s | total: 8.708s | samples/s: 7349
Iteration 0903 | train reward: 1400.01 | best: 1400.01 | KL: 2.422e-03 | std: 0.4757 | rollout: 8.368s | update: 1.448s | total: 9.816s | samples/s: 6520
Iteration 0904 | train reward: 1386.85 | best: 1400.01 | KL: 3.232e-03 | std: 0.4758 | rollout: 8.783s | update: 1.317s | total: 10.101s | samples/s: 6336
Iteration 0905 | train reward: 1383.10 | best: 1400.01 | KL: 2.809e-03 | std: 0.4748 | rollout: 8.785s | update: 1.444s | total: 10.230s | samples/s: 6256
Iteration 0906 | train reward: 1388.01 | best: 1400.01 | KL: 3.037e-03 | std: 0.4756 | rollout: 7.437s | update: 1.418s | total: 8.856s | samples/s: 7227
Iteration 0907 | train reward: 1390.79 | best: 1400.01 | KL: 3.085e-03 | std: 0.4747 | rollout: 8.678s | update: 1.440s | total: 10.119s | samples/s: 6325
Iteration 0908 | train reward: 1397.42 | best: 1400.01 | KL: 2.518e-03 | std: 0.4742 | rollout: 7.802s | update: 1.396s | total: 9.198s | samples/s: 6958
Iteration 0909 | train reward: 1397.54 | best: 1400.01 | KL: 2.909e-03 | std: 0.4738 | rollout: 9.163s | update: 1.468s | total: 10.630s | samples/s: 6021
Iteration 0910 | train reward: 1394.68 | best: 1400.01 | KL: 2.888e-03 | std: 0.4731 | rollout: 8.999s | update: 1.426s | total: 10.424s | samples/s: 6139
Iteration 0911 | train reward: 1413.41 | best: 1413.41 | KL: 3.003e-03 | std: 0.4730 | rollout: 7.837s | update: 1.492s | total: 9.330s | samples/s: 6860
Iteration 0912 | train reward: 1397.31 | best: 1413.41 | KL: 3.263e-03 | std: 0.4732 | rollout: 7.871s | update: 1.406s | total: 9.277s | samples/s: 6899
Iteration 0913 | train reward: 1387.97 | best: 1413.41 | KL: 3.423e-03 | std: 0.4732 | rollout: 8.015s | update: 1.319s | total: 9.335s | samples/s: 6856
Iteration 0914 | train reward: 1396.25 | best: 1413.41 | KL: 3.089e-03 | std: 0.4739 | rollout: 7.881s | update: 1.401s | total: 9.282s | samples/s: 6895
Iteration 0915 | train reward: 1401.29 | best: 1413.41 | KL: 3.543e-03 | std: 0.4740 | rollout: 7.382s | update: 1.407s | total: 8.789s | samples/s: 7282
Iteration 0916 | train reward: 1411.03 | best: 1413.41 | KL: 2.692e-03 | std: 0.4739 | rollout: 8.549s | update: 1.467s | total: 10.016s | samples/s: 6390
Iteration 0917 | train reward: 1417.54 | best: 1417.54 | KL: 2.841e-03 | std: 0.4739 | rollout: 8.074s | update: 1.497s | total: 9.571s | samples/s: 6687
Iteration 0918 | train reward: 1398.00 | best: 1417.54 | KL: 2.999e-03 | std: 0.4732 | rollout: 6.588s | update: 1.336s | total: 7.924s | samples/s: 8077
Iteration 0919 | train reward: 1400.53 | best: 1417.54 | KL: 2.956e-03 | std: 0.4731 | rollout: 7.789s | update: 1.339s | total: 9.128s | samples/s: 7011
Iteration 0920 | train reward: 1360.85 | best: 1417.54 | KL: 4.081e-03 | std: 0.4723 | rollout: 7.308s | update: 1.411s | total: 8.719s | samples/s: 7340
Iteration 0921 | train reward: 1412.28 | best: 1417.54 | KL: 3.241e-03 | std: 0.4716 | rollout: 6.615s | update: 1.329s | total: 7.944s | samples/s: 8057
Iteration 0922 | train reward: 1402.27 | best: 1417.54 | KL: 3.656e-03 | std: 0.4732 | rollout: 8.890s | update: 1.468s | total: 10.357s | samples/s: 6179
Iteration 0923 | train reward: 1409.12 | best: 1417.54 | KL: 3.764e-03 | std: 0.4731 | rollout: 8.387s | update: 1.512s | total: 9.898s | samples/s: 6466
Iteration 0924 | train reward: 1427.68 | best: 1427.68 | KL: 3.167e-03 | std: 0.4722 | rollout: 8.091s | update: 1.520s | total: 9.612s | samples/s: 6658
Iteration 0925 | train reward: 1429.67 | best: 1429.67 | KL: 3.031e-03 | std: 0.4715 | rollout: 9.225s | update: 1.510s | total: 10.735s | samples/s: 5962
Iteration 0926 | train reward: 1409.35 | best: 1429.67 | KL: 3.303e-03 | std: 0.4713 | rollout: 8.348s | update: 1.333s | total: 9.681s | samples/s: 6611
Iteration 0927 | train reward: 1441.67 | best: 1441.67 | KL: 2.849e-03 | std: 0.4713 | rollout: 7.231s | update: 1.492s | total: 8.723s | samples/s: 7337
Iteration 0928 | train reward: 1429.56 | best: 1441.67 | KL: 2.734e-03 | std: 0.4706 | rollout: 8.814s | update: 1.423s | total: 10.237s | samples/s: 6252
Iteration 0929 | train reward: 1430.51 | best: 1441.67 | KL: 3.362e-03 | std: 0.4695 | rollout: 8.497s | update: 1.472s | total: 9.970s | samples/s: 6420
Iteration 0930 | train reward: 1428.70 | best: 1441.67 | KL: 2.992e-03 | std: 0.4695 | rollout: 8.924s | update: 1.437s | total: 10.361s | samples/s: 6177
Iteration 0931 | train reward: 1433.62 | best: 1441.67 | KL: 3.264e-03 | std: 0.4686 | rollout: 8.778s | update: 1.454s | total: 10.233s | samples/s: 6255
Iteration 0932 | train reward: 1451.74 | best: 1451.74 | KL: 3.099e-03 | std: 0.4680 | rollout: 8.474s | update: 1.507s | total: 9.981s | samples/s: 6412
Iteration 0933 | train reward: 1447.72 | best: 1451.74 | KL: 2.977e-03 | std: 0.4680 | rollout: 8.172s | update: 1.417s | total: 9.589s | samples/s: 6674
Iteration 0934 | train reward: 1442.04 | best: 1451.74 | KL: 3.903e-03 | std: 0.4679 | rollout: 9.409s | update: 1.407s | total: 10.816s | samples/s: 5917
Iteration 0935 | train reward: 1459.38 | best: 1459.38 | KL: 2.927e-03 | std: 0.4687 | rollout: 8.038s | update: 1.400s | total: 9.438s | samples/s: 6781
Iteration 0936 | train reward: 1435.25 | best: 1459.38 | KL: 3.829e-03 | std: 0.4688 | rollout: 7.822s | update: 1.492s | total: 9.313s | samples/s: 6872
Iteration 0937 | train reward: 1450.04 | best: 1459.38 | KL: 2.883e-03 | std: 0.4688 | rollout: 7.949s | update: 1.446s | total: 9.394s | samples/s: 6813
Iteration 0938 | train reward: 1453.55 | best: 1459.38 | KL: 2.733e-03 | std: 0.4687 | rollout: 7.692s | update: 1.431s | total: 9.123s | samples/s: 7015
Iteration 0939 | train reward: 1458.36 | best: 1459.38 | KL: 2.998e-03 | std: 0.4678 | rollout: 6.214s | update: 1.426s | total: 7.640s | samples/s: 8377
Iteration 0940 | train reward: 1450.27 | best: 1459.38 | KL: 3.583e-03 | std: 0.4678 | rollout: 7.278s | update: 1.453s | total: 8.730s | samples/s: 7331
Iteration 0941 | train reward: 1460.31 | best: 1460.31 | KL: 3.296e-03 | std: 0.4680 | rollout: 7.438s | update: 1.423s | total: 8.860s | samples/s: 7223
Iteration 0942 | train reward: 1455.88 | best: 1460.31 | KL: 3.598e-03 | std: 0.4669 | rollout: 7.366s | update: 1.454s | total: 8.820s | samples/s: 7256
Iteration 0943 | train reward: 1458.77 | best: 1460.31 | KL: 3.171e-03 | std: 0.4662 | rollout: 8.775s | update: 1.417s | total: 10.192s | samples/s: 6279
Iteration 0944 | train reward: 1457.25 | best: 1460.31 | KL: 3.886e-03 | std: 0.4661 | rollout: 8.856s | update: 1.515s | total: 10.370s | samples/s: 6171
Iteration 0945 | train reward: 1471.26 | best: 1471.26 | KL: 3.112e-03 | std: 0.4661 | rollout: 8.236s | update: 1.429s | total: 9.665s | samples/s: 6622
Iteration 0946 | train reward: 1445.82 | best: 1471.26 | KL: 3.743e-03 | std: 0.4659 | rollout: 7.501s | update: 1.463s | total: 8.964s | samples/s: 7139
Iteration 0947 | train reward: 1459.48 | best: 1471.26 | KL: 3.142e-03 | std: 0.4661 | rollout: 7.846s | update: 1.382s | total: 9.228s | samples/s: 6935
Iteration 0948 | train reward: 1456.93 | best: 1471.26 | KL: 3.980e-03 | std: 0.4660 | rollout: 8.404s | update: 1.304s | total: 9.708s | samples/s: 6593
Iteration 0949 | train reward: 1476.56 | best: 1476.56 | KL: 3.244e-03 | std: 0.4652 | rollout: 7.051s | update: 1.391s | total: 8.442s | samples/s: 7581
Iteration 0950 | train reward: 1460.32 | best: 1476.56 | KL: 3.456e-03 | std: 0.4654 | rollout: 8.501s | update: 1.393s | total: 9.895s | samples/s: 6468
Iteration 0951 | train reward: 1460.68 | best: 1476.56 | KL: 4.613e-03 | std: 0.4645 | rollout: 8.010s | update: 1.510s | total: 9.520s | samples/s: 6723
Iteration 0952 | train reward: 1480.99 | best: 1480.99 | KL: 3.665e-03 | std: 0.4643 | rollout: 8.440s | update: 1.396s | total: 9.836s | samples/s: 6507
Iteration 0953 | train reward: 1472.57 | best: 1480.99 | KL: 3.757e-03 | std: 0.4635 | rollout: 8.471s | update: 1.474s | total: 9.945s | samples/s: 6436
Iteration 0954 | train reward: 1481.00 | best: 1481.00 | KL: 3.190e-03 | std: 0.4626 | rollout: 9.136s | update: 1.489s | total: 10.626s | samples/s: 6023
Iteration 0955 | train reward: 1475.13 | best: 1481.00 | KL: 3.345e-03 | std: 0.4612 | rollout: 7.919s | update: 1.479s | total: 9.398s | samples/s: 6810
Iteration 0956 | train reward: 1474.17 | best: 1481.00 | KL: 4.180e-03 | std: 0.4600 | rollout: 8.019s | update: 1.426s | total: 9.445s | samples/s: 6776
Iteration 0957 | train reward: 1496.59 | best: 1496.59 | KL: 2.977e-03 | std: 0.4602 | rollout: 7.969s | update: 1.372s | total: 9.341s | samples/s: 6852
Iteration 0958 | train reward: 1481.73 | best: 1496.59 | KL: 3.376e-03 | std: 0.4602 | rollout: 6.984s | update: 1.450s | total: 8.433s | samples/s: 7589
Iteration 0959 | train reward: 1494.53 | best: 1496.59 | KL: 3.022e-03 | std: 0.4609 | rollout: 8.440s | update: 1.444s | total: 9.884s | samples/s: 6475
Iteration 0960 | train reward: 1474.55 | best: 1496.59 | KL: 3.846e-03 | std: 0.4607 | rollout: 7.910s | update: 1.354s | total: 9.264s | samples/s: 6909
Iteration 0961 | train reward: 1493.97 | best: 1496.59 | KL: 3.561e-03 | std: 0.4609 | rollout: 6.618s | update: 1.374s | total: 7.992s | samples/s: 8008
Iteration 0962 | train reward: 1489.67 | best: 1496.59 | KL: 3.262e-03 | std: 0.4611 | rollout: 9.142s | update: 1.420s | total: 10.562s | samples/s: 6059
Iteration 0963 | train reward: 1505.75 | best: 1505.75 | KL: 3.366e-03 | std: 0.4610 | rollout: 7.535s | update: 1.400s | total: 8.935s | samples/s: 7163
Iteration 0964 | train reward: 1510.12 | best: 1510.12 | KL: 3.343e-03 | std: 0.4609 | rollout: 8.349s | update: 1.459s | total: 9.808s | samples/s: 6525
Iteration 0965 | train reward: 1512.58 | best: 1512.58 | KL: 3.610e-03 | std: 0.4611 | rollout: 8.971s | update: 1.414s | total: 10.385s | samples/s: 6163
Iteration 0966 | train reward: 1502.37 | best: 1512.58 | KL: 3.461e-03 | std: 0.4609 | rollout: 9.057s | update: 1.435s | total: 10.492s | samples/s: 6100
Iteration 0967 | train reward: 1514.85 | best: 1514.85 | KL: 2.962e-03 | std: 0.4607 | rollout: 7.179s | update: 1.473s | total: 8.652s | samples/s: 7397
Iteration 0968 | train reward: 1509.83 | best: 1514.85 | KL: 4.359e-03 | std: 0.4602 | rollout: 7.875s | update: 1.426s | total: 9.301s | samples/s: 6881
Iteration 0969 | train reward: 1508.20 | best: 1514.85 | KL: 3.224e-03 | std: 0.4600 | rollout: 7.795s | update: 1.454s | total: 9.248s | samples/s: 6920
Iteration 0970 | train reward: 1500.36 | best: 1514.85 | KL: 3.699e-03 | std: 0.4593 | rollout: 7.885s | update: 1.487s | total: 9.372s | samples/s: 6829
Iteration 0971 | train reward: 1532.17 | best: 1532.17 | KL: 3.071e-03 | std: 0.4600 | rollout: 8.754s | update: 1.405s | total: 10.159s | samples/s: 6300
Iteration 0972 | train reward: 1528.59 | best: 1532.17 | KL: 3.410e-03 | std: 0.4591 | rollout: 8.603s | update: 1.379s | total: 9.983s | samples/s: 6411
Iteration 0973 | train reward: 1519.52 | best: 1532.17 | KL: 4.270e-03 | std: 0.4593 | rollout: 7.844s | update: 1.324s | total: 9.168s | samples/s: 6981
Iteration 0974 | train reward: 1533.79 | best: 1533.79 | KL: 3.653e-03 | std: 0.4600 | rollout: 7.672s | update: 1.409s | total: 9.081s | samples/s: 7048
Iteration 0975 | train reward: 1534.03 | best: 1534.03 | KL: 3.595e-03 | std: 0.4607 | rollout: 8.045s | update: 1.351s | total: 9.396s | samples/s: 6812
Iteration 0976 | train reward: 1522.43 | best: 1534.03 | KL: 3.820e-03 | std: 0.4607 | rollout: 8.685s | update: 1.361s | total: 10.046s | samples/s: 6371
Iteration 0977 | train reward: 1525.32 | best: 1534.03 | KL: 3.171e-03 | std: 0.4602 | rollout: 7.970s | update: 1.522s | total: 9.491s | samples/s: 6743
Iteration 0978 | train reward: 1536.22 | best: 1536.22 | KL: 3.149e-03 | std: 0.4592 | rollout: 8.314s | update: 1.478s | total: 9.792s | samples/s: 6536
Iteration 0979 | train reward: 1540.82 | best: 1540.82 | KL: 3.458e-03 | std: 0.4593 | rollout: 7.588s | update: 1.423s | total: 9.012s | samples/s: 7102
Iteration 0980 | train reward: 1557.82 | best: 1557.82 | KL: 3.239e-03 | std: 0.4591 | rollout: 6.964s | update: 1.418s | total: 8.381s | samples/s: 7636
Iteration 0981 | train reward: 1536.85 | best: 1557.82 | KL: 3.859e-03 | std: 0.4581 | rollout: 8.697s | update: 1.528s | total: 10.225s | samples/s: 6259
Iteration 0982 | train reward: 1540.78 | best: 1557.82 | KL: 3.082e-03 | std: 0.4567 | rollout: 8.694s | update: 1.497s | total: 10.191s | samples/s: 6280
Iteration 0983 | train reward: 1542.67 | best: 1557.82 | KL: 3.689e-03 | std: 0.4557 | rollout: 7.128s | update: 1.417s | total: 8.545s | samples/s: 7490
Iteration 0984 | train reward: 1535.87 | best: 1557.82 | KL: 3.293e-03 | std: 0.4555 | rollout: 7.375s | update: 1.395s | total: 8.770s | samples/s: 7297
Iteration 0985 | train reward: 1538.80 | best: 1557.82 | KL: 3.659e-03 | std: 0.4549 | rollout: 7.267s | update: 1.427s | total: 8.694s | samples/s: 7361
Iteration 0986 | train reward: 1538.66 | best: 1557.82 | KL: 3.626e-03 | std: 0.4540 | rollout: 9.002s | update: 1.385s | total: 10.387s | samples/s: 6161
Iteration 0987 | train reward: 1545.34 | best: 1557.82 | KL: 3.008e-03 | std: 0.4549 | rollout: 7.432s | update: 1.543s | total: 8.974s | samples/s: 7131
Iteration 0988 | train reward: 1540.67 | best: 1557.82 | KL: 3.511e-03 | std: 0.4550 | rollout: 7.931s | update: 1.480s | total: 9.410s | samples/s: 6801
Iteration 0989 | train reward: 1555.75 | best: 1557.82 | KL: 3.350e-03 | std: 0.4550 | rollout: 8.182s | update: 1.480s | total: 9.662s | samples/s: 6624
Iteration 0990 | train reward: 1542.84 | best: 1557.82 | KL: 4.049e-03 | std: 0.4548 | rollout: 7.593s | update: 1.442s | total: 9.035s | samples/s: 7083
Iteration 0991 | train reward: 1542.51 | best: 1557.82 | KL: 4.129e-03 | std: 0.4533 | rollout: 7.872s | update: 1.562s | total: 9.433s | samples/s: 6784
Iteration 0992 | train reward: 1552.79 | best: 1557.82 | KL: 4.265e-03 | std: 0.4539 | rollout: 8.753s | update: 1.403s | total: 10.157s | samples/s: 6301
Iteration 0993 | train reward: 1557.29 | best: 1557.82 | KL: 3.622e-03 | std: 0.4532 | rollout: 7.647s | update: 1.516s | total: 9.163s | samples/s: 6985
Iteration 0994 | train reward: 1542.82 | best: 1557.82 | KL: 4.261e-03 | std: 0.4539 | rollout: 6.254s | update: 1.459s | total: 7.713s | samples/s: 8298
Iteration 0995 | train reward: 1554.17 | best: 1557.82 | KL: 3.347e-03 | std: 0.4532 | rollout: 8.269s | update: 1.412s | total: 9.681s | samples/s: 6611
Iteration 0996 | train reward: 1558.76 | best: 1558.76 | KL: 3.173e-03 | std: 0.4531 | rollout: 7.632s | update: 1.472s | total: 9.103s | samples/s: 7030
Iteration 0997 | train reward: 1550.02 | best: 1558.76 | KL: 3.537e-03 | std: 0.4523 | rollout: 6.969s | update: 1.484s | total: 8.453s | samples/s: 7572
Iteration 0998 | train reward: 1561.26 | best: 1561.26 | KL: 3.527e-03 | std: 0.4522 | rollout: 8.006s | update: 1.468s | total: 9.474s | samples/s: 6755
Iteration 0999 | train reward: 1562.34 | best: 1562.34 | KL: 3.758e-03 | std: 0.4508 | rollout: 8.536s | update: 1.443s | total: 9.979s | samples/s: 6414
Iteration 1000 | train reward: 1552.66 | best: 1562.34 | KL: 4.890e-03 | std: 0.4497 | rollout: 8.462s | update: 1.416s | total: 9.879s | samples/s: 6479
Iteration 1001 | train reward: 1571.17 | best: 1571.17 | KL: 3.073e-03 | std: 0.4495 | rollout: 7.736s | update: 1.482s | total: 9.218s | samples/s: 6943
Iteration 1002 | train reward: 1574.95 | best: 1574.95 | KL: 3.603e-03 | std: 0.4487 | rollout: 9.321s | update: 1.349s | total: 10.669s | samples/s: 5999
Iteration 1003 | train reward: 1578.38 | best: 1578.38 | KL: 3.331e-03 | std: 0.4482 | rollout: 8.974s | update: 1.509s | total: 10.482s | samples/s: 6105
Iteration 1004 | train reward: 1579.34 | best: 1579.34 | KL: 3.557e-03 | std: 0.4487 | rollout: 8.322s | update: 1.393s | total: 9.714s | samples/s: 6588
Iteration 1005 | train reward: 1569.80 | best: 1579.34 | KL: 3.649e-03 | std: 0.4487 | rollout: 8.166s | update: 1.407s | total: 9.573s | samples/s: 6685
Iteration 1006 | train reward: 1553.45 | best: 1579.34 | KL: 4.711e-03 | std: 0.4481 | rollout: 7.509s | update: 1.446s | total: 8.955s | samples/s: 7147
Iteration 1007 | train reward: 1576.73 | best: 1579.34 | KL: 3.406e-03 | std: 0.4487 | rollout: 8.423s | update: 1.334s | total: 9.757s | samples/s: 6559
Iteration 1008 | train reward: 1585.95 | best: 1585.95 | KL: 3.328e-03 | std: 0.4489 | rollout: 8.756s | update: 1.463s | total: 10.219s | samples/s: 6263
Iteration 1009 | train reward: 1557.68 | best: 1585.95 | KL: 3.791e-03 | std: 0.4489 | rollout: 7.942s | update: 1.460s | total: 9.402s | samples/s: 6807
Iteration 1010 | train reward: 1577.46 | best: 1585.95 | KL: 4.666e-03 | std: 0.4482 | rollout: 8.488s | update: 1.380s | total: 9.868s | samples/s: 6486
Iteration 1011 | train reward: 1565.56 | best: 1585.95 | KL: 4.695e-03 | std: 0.4482 | rollout: 8.401s | update: 1.404s | total: 9.805s | samples/s: 6527
Iteration 1012 | train reward: 1591.40 | best: 1591.40 | KL: 3.487e-03 | std: 0.4488 | rollout: 7.441s | update: 1.436s | total: 8.877s | samples/s: 7210
Iteration 1013 | train reward: 1578.29 | best: 1591.40 | KL: 4.158e-03 | std: 0.4489 | rollout: 9.316s | update: 1.392s | total: 10.708s | samples/s: 5977
Iteration 1014 | train reward: 1591.33 | best: 1591.40 | KL: 3.503e-03 | std: 0.4488 | rollout: 7.983s | update: 1.521s | total: 9.503s | samples/s: 6734
Iteration 1015 | train reward: 1592.80 | best: 1592.80 | KL: 3.523e-03 | std: 0.4489 | rollout: 8.575s | update: 1.463s | total: 10.038s | samples/s: 6376
Iteration 1016 | train reward: 1588.59 | best: 1592.80 | KL: 4.356e-03 | std: 0.4481 | rollout: 8.004s | update: 1.357s | total: 9.361s | samples/s: 6837
Iteration 1017 | train reward: 1594.08 | best: 1594.08 | KL: 3.468e-03 | std: 0.4479 | rollout: 8.360s | update: 1.408s | total: 9.768s | samples/s: 6552
Iteration 1018 | train reward: 1597.75 | best: 1597.75 | KL: 3.393e-03 | std: 0.4477 | rollout: 8.379s | update: 1.506s | total: 9.884s | samples/s: 6475
Iteration 1019 | train reward: 1599.00 | best: 1599.00 | KL: 3.560e-03 | std: 0.4470 | rollout: 8.275s | update: 1.504s | total: 9.779s | samples/s: 6544
Iteration 1020 | train reward: 1597.62 | best: 1599.00 | KL: 3.783e-03 | std: 0.4463 | rollout: 7.756s | update: 1.441s | total: 9.197s | samples/s: 6959
Iteration 1021 | train reward: 1590.60 | best: 1599.00 | KL: 4.459e-03 | std: 0.4454 | rollout: 7.375s | update: 1.457s | total: 8.832s | samples/s: 7246
Iteration 1022 | train reward: 1592.67 | best: 1599.00 | KL: 3.753e-03 | std: 0.4454 | rollout: 6.886s | update: 1.476s | total: 8.362s | samples/s: 7653
Iteration 1023 | train reward: 1603.91 | best: 1603.91 | KL: 3.770e-03 | std: 0.4453 | rollout: 7.562s | update: 1.465s | total: 9.027s | samples/s: 7090
Iteration 1024 | train reward: 1611.69 | best: 1611.69 | KL: 4.362e-03 | std: 0.4453 | rollout: 8.999s | update: 1.490s | total: 10.489s | samples/s: 6102
Iteration 1025 | train reward: 1588.05 | best: 1611.69 | KL: 4.262e-03 | std: 0.4454 | rollout: 8.332s | update: 1.378s | total: 9.710s | samples/s: 6591
Iteration 1026 | train reward: 1597.21 | best: 1611.69 | KL: 4.510e-03 | std: 0.4454 | rollout: 8.584s | update: 1.355s | total: 9.939s | samples/s: 6439
Iteration 1027 | train reward: 1613.50 | best: 1613.50 | KL: 3.983e-03 | std: 0.4453 | rollout: 7.452s | update: 1.373s | total: 8.825s | samples/s: 7252
Iteration 1028 | train reward: 1603.79 | best: 1613.50 | KL: 3.794e-03 | std: 0.4451 | rollout: 7.689s | update: 1.400s | total: 9.089s | samples/s: 7041
Iteration 1029 | train reward: 1613.61 | best: 1613.61 | KL: 4.289e-03 | std: 0.4451 | rollout: 8.070s | update: 1.401s | total: 9.471s | samples/s: 6757
Iteration 1030 | train reward: 1621.70 | best: 1621.70 | KL: 4.015e-03 | std: 0.4451 | rollout: 8.453s | update: 1.516s | total: 9.969s | samples/s: 6420
Iteration 1031 | train reward: 1608.37 | best: 1621.70 | KL: 3.544e-03 | std: 0.4454 | rollout: 8.981s | update: 1.505s | total: 10.485s | samples/s: 6104
Iteration 1032 | train reward: 1610.69 | best: 1621.70 | KL: 3.137e-03 | std: 0.4455 | rollout: 8.246s | update: 1.500s | total: 9.746s | samples/s: 6567
Iteration 1033 | train reward: 1600.89 | best: 1621.70 | KL: 3.902e-03 | std: 0.4454 | rollout: 8.461s | update: 1.489s | total: 9.950s | samples/s: 6432
Iteration 1034 | train reward: 1570.89 | best: 1621.70 | KL: 4.334e-03 | std: 0.4453 | rollout: 8.663s | update: 1.327s | total: 9.990s | samples/s: 6406
Iteration 1035 | train reward: 1618.03 | best: 1621.70 | KL: 4.308e-03 | std: 0.4437 | rollout: 8.094s | update: 1.362s | total: 9.457s | samples/s: 6768
Iteration 1036 | train reward: 1612.51 | best: 1621.70 | KL: 4.210e-03 | std: 0.4429 | rollout: 8.596s | update: 1.355s | total: 9.951s | samples/s: 6432
Iteration 1037 | train reward: 1623.87 | best: 1623.87 | KL: 3.963e-03 | std: 0.4428 | rollout: 7.938s | update: 1.372s | total: 9.310s | samples/s: 6875
Iteration 1038 | train reward: 1623.49 | best: 1623.87 | KL: 3.483e-03 | std: 0.4427 | rollout: 8.238s | update: 1.444s | total: 9.683s | samples/s: 6610
Iteration 1039 | train reward: 1632.91 | best: 1632.91 | KL: 4.758e-03 | std: 0.4425 | rollout: 8.886s | update: 1.479s | total: 10.366s | samples/s: 6174
Iteration 1040 | train reward: 1607.92 | best: 1632.91 | KL: 3.795e-03 | std: 0.4427 | rollout: 8.188s | update: 1.499s | total: 9.687s | samples/s: 6607
Iteration 1041 | train reward: 1611.88 | best: 1632.91 | KL: 4.505e-03 | std: 0.4425 | rollout: 8.389s | update: 1.491s | total: 9.880s | samples/s: 6477
Iteration 1042 | train reward: 1627.92 | best: 1632.91 | KL: 3.316e-03 | std: 0.4425 | rollout: 7.725s | update: 1.426s | total: 9.151s | samples/s: 6994
Iteration 1043 | train reward: 1632.54 | best: 1632.91 | KL: 3.952e-03 | std: 0.4427 | rollout: 7.536s | update: 1.375s | total: 8.911s | samples/s: 7182
Iteration 1044 | train reward: 1633.00 | best: 1633.00 | KL: 3.755e-03 | std: 0.4425 | rollout: 7.016s | update: 1.499s | total: 8.515s | samples/s: 7516
Iteration 1045 | train reward: 1637.41 | best: 1637.41 | KL: 3.734e-03 | std: 0.4425 | rollout: 8.316s | update: 1.335s | total: 9.651s | samples/s: 6632
Iteration 1046 | train reward: 1639.48 | best: 1639.48 | KL: 3.643e-03 | std: 0.4417 | rollout: 8.254s | update: 1.454s | total: 9.708s | samples/s: 6593
Iteration 1047 | train reward: 1645.25 | best: 1645.25 | KL: 3.937e-03 | std: 0.4419 | rollout: 9.416s | update: 1.382s | total: 10.798s | samples/s: 5927
Iteration 1048 | train reward: 1650.17 | best: 1650.17 | KL: 3.828e-03 | std: 0.4420 | rollout: 8.798s | update: 1.439s | total: 10.237s | samples/s: 6252
Iteration 1049 | train reward: 1647.64 | best: 1650.17 | KL: 4.170e-03 | std: 0.4410 | rollout: 8.516s | update: 1.380s | total: 9.895s | samples/s: 6468
Iteration 1050 | train reward: 1649.75 | best: 1650.17 | KL: 3.701e-03 | std: 0.4409 | rollout: 6.462s | update: 1.410s | total: 7.871s | samples/s: 8131
Iteration 1051 | train reward: 1644.00 | best: 1650.17 | KL: 4.365e-03 | std: 0.4409 | rollout: 7.998s | update: 1.321s | total: 9.319s | samples/s: 6868
Iteration 1052 | train reward: 1645.25 | best: 1650.17 | KL: 4.636e-03 | std: 0.4419 | rollout: 7.419s | update: 1.315s | total: 8.734s | samples/s: 7328
Iteration 1053 | train reward: 1658.72 | best: 1658.72 | KL: 3.963e-03 | std: 0.4403 | rollout: 7.529s | update: 1.472s | total: 9.001s | samples/s: 7110
Iteration 1054 | train reward: 1665.12 | best: 1665.12 | KL: 4.067e-03 | std: 0.4411 | rollout: 8.482s | update: 1.346s | total: 9.828s | samples/s: 6512
Iteration 1055 | train reward: 1657.59 | best: 1665.12 | KL: 3.696e-03 | std: 0.4411 | rollout: 8.807s | update: 1.490s | total: 10.298s | samples/s: 6215
Iteration 1056 | train reward: 1658.38 | best: 1665.12 | KL: 3.585e-03 | std: 0.4409 | rollout: 8.874s | update: 1.473s | total: 10.347s | samples/s: 6185
Iteration 1057 | train reward: 1660.82 | best: 1665.12 | KL: 4.653e-03 | std: 0.4402 | rollout: 7.366s | update: 1.525s | total: 8.892s | samples/s: 7198
Iteration 1058 | train reward: 1646.79 | best: 1665.12 | KL: 4.777e-03 | std: 0.4403 | rollout: 8.801s | update: 1.505s | total: 10.305s | samples/s: 6210
Iteration 1059 | train reward: 1673.08 | best: 1673.08 | KL: 4.043e-03 | std: 0.4409 | rollout: 7.046s | update: 1.428s | total: 8.475s | samples/s: 7552
Iteration 1060 | train reward: 1674.83 | best: 1674.83 | KL: 3.983e-03 | std: 0.4409 | rollout: 8.090s | update: 1.521s | total: 9.610s | samples/s: 6660
Iteration 1061 | train reward: 1660.36 | best: 1674.83 | KL: 3.944e-03 | std: 0.4409 | rollout: 8.456s | update: 1.568s | total: 10.024s | samples/s: 6385
Iteration 1062 | train reward: 1665.06 | best: 1674.83 | KL: 3.698e-03 | std: 0.4401 | rollout: 7.828s | update: 1.539s | total: 9.366s | samples/s: 6833
Iteration 1063 | train reward: 1674.38 | best: 1674.83 | KL: 4.156e-03 | std: 0.4401 | rollout: 8.994s | update: 1.540s | total: 10.534s | samples/s: 6075
Iteration 1064 | train reward: 1661.19 | best: 1674.83 | KL: 3.350e-03 | std: 0.4404 | rollout: 8.251s | update: 1.560s | total: 9.811s | samples/s: 6524
Iteration 1065 | train reward: 1673.79 | best: 1674.83 | KL: 3.726e-03 | std: 0.4402 | rollout: 8.454s | update: 1.452s | total: 9.906s | samples/s: 6460
Iteration 1066 | train reward: 1668.81 | best: 1674.83 | KL: 4.385e-03 | std: 0.4392 | rollout: 9.042s | update: 1.392s | total: 10.434s | samples/s: 6134
Iteration 1067 | train reward: 1675.40 | best: 1675.40 | KL: 3.768e-03 | std: 0.4391 | rollout: 8.994s | update: 1.489s | total: 10.483s | samples/s: 6105
Iteration 1068 | train reward: 1676.73 | best: 1676.73 | KL: 4.043e-03 | std: 0.4385 | rollout: 8.776s | update: 1.422s | total: 10.198s | samples/s: 6276
Iteration 1069 | train reward: 1679.18 | best: 1679.18 | KL: 4.357e-03 | std: 0.4385 | rollout: 7.749s | update: 1.420s | total: 9.169s | samples/s: 6980
Iteration 1070 | train reward: 1698.06 | best: 1698.06 | KL: 4.033e-03 | std: 0.4375 | rollout: 7.617s | update: 1.414s | total: 9.031s | samples/s: 7087
Iteration 1071 | train reward: 1686.84 | best: 1698.06 | KL: 3.981e-03 | std: 0.4375 | rollout: 7.872s | update: 1.584s | total: 9.456s | samples/s: 6768
Iteration 1072 | train reward: 1689.21 | best: 1698.06 | KL: 3.778e-03 | std: 0.4374 | rollout: 8.319s | update: 1.387s | total: 9.706s | samples/s: 6594
Iteration 1073 | train reward: 1691.08 | best: 1698.06 | KL: 3.709e-03 | std: 0.4367 | rollout: 7.979s | update: 1.487s | total: 9.467s | samples/s: 6761
Iteration 1074 | train reward: 1681.77 | best: 1698.06 | KL: 3.692e-03 | std: 0.4359 | rollout: 8.194s | update: 1.469s | total: 9.663s | samples/s: 6623
Iteration 1075 | train reward: 1690.72 | best: 1698.06 | KL: 3.838e-03 | std: 0.4357 | rollout: 8.045s | update: 1.337s | total: 9.382s | samples/s: 6822
Iteration 1076 | train reward: 1682.00 | best: 1698.06 | KL: 5.625e-03 | std: 0.4349 | rollout: 7.706s | update: 1.385s | total: 9.091s | samples/s: 7040
Iteration 1077 | train reward: 1705.42 | best: 1705.42 | KL: 4.247e-03 | std: 0.4349 | rollout: 9.375s | update: 1.498s | total: 10.873s | samples/s: 5886
Iteration 1078 | train reward: 1689.36 | best: 1705.42 | KL: 4.313e-03 | std: 0.4339 | rollout: 8.746s | update: 1.500s | total: 10.246s | samples/s: 6246
Iteration 1079 | train reward: 1686.57 | best: 1705.42 | KL: 4.530e-03 | std: 0.4325 | rollout: 8.742s | update: 1.325s | total: 10.067s | samples/s: 6357
Iteration 1080 | train reward: 1687.31 | best: 1705.42 | KL: 4.196e-03 | std: 0.4324 | rollout: 7.977s | update: 1.495s | total: 9.472s | samples/s: 6757
Iteration 1081 | train reward: 1700.35 | best: 1705.42 | KL: 3.593e-03 | std: 0.4323 | rollout: 7.413s | update: 1.461s | total: 8.874s | samples/s: 7212
Iteration 1082 | train reward: 1702.30 | best: 1705.42 | KL: 3.663e-03 | std: 0.4323 | rollout: 8.418s | update: 1.400s | total: 9.818s | samples/s: 6519
Iteration 1083 | train reward: 1702.98 | best: 1705.42 | KL: 4.215e-03 | std: 0.4323 | rollout: 7.502s | update: 1.402s | total: 8.904s | samples/s: 7188
Iteration 1084 | train reward: 1698.65 | best: 1705.42 | KL: 3.916e-03 | std: 0.4321 | rollout: 7.510s | update: 1.527s | total: 9.037s | samples/s: 7082
Iteration 1085 | train reward: 1694.54 | best: 1705.42 | KL: 4.250e-03 | std: 0.4313 | rollout: 7.940s | update: 1.544s | total: 9.484s | samples/s: 6748
Iteration 1086 | train reward: 1700.49 | best: 1705.42 | KL: 4.173e-03 | std: 0.4307 | rollout: 7.338s | update: 1.389s | total: 8.727s | samples/s: 7333
Iteration 1087 | train reward: 1707.13 | best: 1707.13 | KL: 4.428e-03 | std: 0.4305 | rollout: 6.857s | update: 1.578s | total: 8.435s | samples/s: 7587
Iteration 1088 | train reward: 1702.21 | best: 1707.13 | KL: 4.101e-03 | std: 0.4305 | rollout: 8.681s | update: 1.443s | total: 10.124s | samples/s: 6321
Iteration 1089 | train reward: 1696.24 | best: 1707.13 | KL: 4.221e-03 | std: 0.4315 | rollout: 7.392s | update: 1.350s | total: 8.742s | samples/s: 7321
Iteration 1090 | train reward: 1708.13 | best: 1708.13 | KL: 4.583e-03 | std: 0.4307 | rollout: 7.751s | update: 1.363s | total: 9.113s | samples/s: 7023
Iteration 1091 | train reward: 1692.64 | best: 1708.13 | KL: 4.211e-03 | std: 0.4315 | rollout: 8.161s | update: 1.403s | total: 9.564s | samples/s: 6692
Iteration 1092 | train reward: 1701.18 | best: 1708.13 | KL: 3.925e-03 | std: 0.4313 | rollout: 7.943s | update: 1.333s | total: 9.277s | samples/s: 6899
Iteration 1093 | train reward: 1711.34 | best: 1711.34 | KL: 4.410e-03 | std: 0.4313 | rollout: 8.333s | update: 1.395s | total: 9.728s | samples/s: 6579
Iteration 1094 | train reward: 1719.67 | best: 1719.67 | KL: 3.722e-03 | std: 0.4315 | rollout: 8.582s | update: 1.358s | total: 9.940s | samples/s: 6439
Iteration 1095 | train reward: 1686.50 | best: 1719.67 | KL: 4.501e-03 | std: 0.4322 | rollout: 7.785s | update: 1.380s | total: 9.165s | samples/s: 6983
Iteration 1096 | train reward: 1697.75 | best: 1719.67 | KL: 4.452e-03 | std: 0.4323 | rollout: 7.437s | update: 1.373s | total: 8.810s | samples/s: 7265
Iteration 1097 | train reward: 1705.87 | best: 1719.67 | KL: 4.033e-03 | std: 0.4323 | rollout: 6.662s | update: 1.397s | total: 8.059s | samples/s: 7942
Iteration 1098 | train reward: 1689.47 | best: 1719.67 | KL: 4.156e-03 | std: 0.4323 | rollout: 7.651s | update: 1.417s | total: 9.068s | samples/s: 7057
Iteration 1099 | train reward: 1707.43 | best: 1719.67 | KL: 3.961e-03 | std: 0.4315 | rollout: 8.366s | update: 1.418s | total: 9.784s | samples/s: 6541
Iteration 1100 | train reward: 1715.46 | best: 1719.67 | KL: 4.382e-03 | std: 0.4313 | rollout: 8.040s | update: 1.386s | total: 9.427s | samples/s: 6789
Iteration 1101 | train reward: 1722.53 | best: 1722.53 | KL: 3.891e-03 | std: 0.4299 | rollout: 7.642s | update: 1.453s | total: 9.095s | samples/s: 7037
Iteration 1102 | train reward: 1726.59 | best: 1726.59 | KL: 4.234e-03 | std: 0.4298 | rollout: 7.846s | update: 1.450s | total: 9.296s | samples/s: 6885
Iteration 1103 | train reward: 1716.32 | best: 1726.59 | KL: 3.962e-03 | std: 0.4297 | rollout: 8.541s | update: 1.450s | total: 9.991s | samples/s: 6406
Iteration 1104 | train reward: 1713.90 | best: 1726.59 | KL: 4.802e-03 | std: 0.4289 | rollout: 8.452s | update: 1.376s | total: 9.828s | samples/s: 6512
Iteration 1105 | train reward: 1713.98 | best: 1726.59 | KL: 4.474e-03 | std: 0.4281 | rollout: 7.771s | update: 1.486s | total: 9.257s | samples/s: 6914
Iteration 1106 | train reward: 1733.45 | best: 1733.45 | KL: 4.192e-03 | std: 0.4279 | rollout: 7.993s | update: 1.477s | total: 9.471s | samples/s: 6758
Iteration 1107 | train reward: 1729.60 | best: 1733.45 | KL: 4.280e-03 | std: 0.4281 | rollout: 7.032s | update: 1.458s | total: 8.490s | samples/s: 7539
Iteration 1108 | train reward: 1725.13 | best: 1733.45 | KL: 4.419e-03 | std: 0.4289 | rollout: 8.050s | update: 1.449s | total: 9.498s | samples/s: 6738
Iteration 1109 | train reward: 1715.10 | best: 1733.45 | KL: 4.465e-03 | std: 0.4273 | rollout: 8.198s | update: 1.297s | total: 9.495s | samples/s: 6741
Iteration 1110 | train reward: 1724.18 | best: 1733.45 | KL: 3.814e-03 | std: 0.4271 | rollout: 7.626s | update: 1.377s | total: 9.003s | samples/s: 7109
Iteration 1111 | train reward: 1718.94 | best: 1733.45 | KL: 3.791e-03 | std: 0.4268 | rollout: 7.894s | update: 1.310s | total: 9.204s | samples/s: 6953
Iteration 1112 | train reward: 1712.06 | best: 1733.45 | KL: 5.020e-03 | std: 0.4255 | rollout: 8.862s | update: 1.478s | total: 10.340s | samples/s: 6190
Iteration 1113 | train reward: 1717.06 | best: 1733.45 | KL: 4.288e-03 | std: 0.4255 | rollout: 8.029s | update: 1.534s | total: 9.563s | samples/s: 6692
Iteration 1114 | train reward: 1724.23 | best: 1733.45 | KL: 4.317e-03 | std: 0.4268 | rollout: 8.716s | update: 1.472s | total: 10.188s | samples/s: 6282
Iteration 1115 | train reward: 1723.34 | best: 1733.45 | KL: 4.305e-03 | std: 0.4270 | rollout: 7.968s | update: 1.373s | total: 9.340s | samples/s: 6852
Iteration 1116 | train reward: 1726.71 | best: 1733.45 | KL: 4.040e-03 | std: 0.4269 | rollout: 7.828s | update: 1.466s | total: 9.294s | samples/s: 6886
Iteration 1117 | train reward: 1729.07 | best: 1733.45 | KL: 4.373e-03 | std: 0.4260 | rollout: 7.355s | update: 1.354s | total: 8.709s | samples/s: 7349
Iteration 1118 | train reward: 1732.43 | best: 1733.45 | KL: 3.986e-03 | std: 0.4253 | rollout: 9.392s | update: 1.388s | total: 10.780s | samples/s: 5937
Iteration 1119 | train reward: 1744.19 | best: 1744.19 | KL: 3.700e-03 | std: 0.4260 | rollout: 8.206s | update: 1.447s | total: 9.653s | samples/s: 6630
Iteration 1120 | train reward: 1736.45 | best: 1744.19 | KL: 4.503e-03 | std: 0.4255 | rollout: 7.965s | update: 1.437s | total: 9.402s | samples/s: 6807
Iteration 1121 | train reward: 1744.77 | best: 1744.77 | KL: 4.238e-03 | std: 0.4255 | rollout: 8.736s | update: 1.406s | total: 10.142s | samples/s: 6311
Iteration 1122 | train reward: 1747.58 | best: 1747.58 | KL: 4.281e-03 | std: 0.4247 | rollout: 8.570s | update: 1.476s | total: 10.046s | samples/s: 6371
Iteration 1123 | train reward: 1742.94 | best: 1747.58 | KL: 4.109e-03 | std: 0.4253 | rollout: 8.159s | update: 1.519s | total: 9.679s | samples/s: 6613
Iteration 1124 | train reward: 1737.41 | best: 1747.58 | KL: 4.632e-03 | std: 0.4245 | rollout: 7.731s | update: 1.381s | total: 9.112s | samples/s: 7023
Iteration 1125 | train reward: 1755.30 | best: 1755.30 | KL: 4.128e-03 | std: 0.4245 | rollout: 8.295s | update: 1.431s | total: 9.726s | samples/s: 6580
Iteration 1126 | train reward: 1738.81 | best: 1755.30 | KL: 5.266e-03 | std: 0.4242 | rollout: 7.816s | update: 1.440s | total: 9.257s | samples/s: 6914
Iteration 1127 | train reward: 1757.17 | best: 1757.17 | KL: 3.834e-03 | std: 0.4236 | rollout: 8.147s | update: 1.418s | total: 9.565s | samples/s: 6691
Iteration 1128 | train reward: 1745.32 | best: 1757.17 | KL: 3.882e-03 | std: 0.4235 | rollout: 8.776s | update: 1.356s | total: 10.132s | samples/s: 6317
Iteration 1129 | train reward: 1740.17 | best: 1757.17 | KL: 4.766e-03 | std: 0.4221 | rollout: 8.531s | update: 1.434s | total: 9.965s | samples/s: 6422
Iteration 1130 | train reward: 1749.91 | best: 1757.17 | KL: 4.028e-03 | std: 0.4221 | rollout: 7.485s | update: 1.471s | total: 8.956s | samples/s: 7146
Iteration 1131 | train reward: 1747.26 | best: 1757.17 | KL: 4.358e-03 | std: 0.4219 | rollout: 6.236s | update: 1.349s | total: 7.585s | samples/s: 8438
Iteration 1132 | train reward: 1749.87 | best: 1757.17 | KL: 4.255e-03 | std: 0.4219 | rollout: 7.634s | update: 1.401s | total: 9.035s | samples/s: 7084
Iteration 1133 | train reward: 1741.17 | best: 1757.17 | KL: 4.619e-03 | std: 0.4218 | rollout: 7.800s | update: 1.547s | total: 9.346s | samples/s: 6848
Iteration 1134 | train reward: 1730.72 | best: 1757.17 | KL: 5.392e-03 | std: 0.4217 | rollout: 8.985s | update: 1.411s | total: 10.397s | samples/s: 6156
Iteration 1135 | train reward: 1752.33 | best: 1757.17 | KL: 4.266e-03 | std: 0.4221 | rollout: 7.702s | update: 1.316s | total: 9.018s | samples/s: 7097
Iteration 1136 | train reward: 1738.09 | best: 1757.17 | KL: 4.756e-03 | std: 0.4221 | rollout: 8.291s | update: 1.457s | total: 9.748s | samples/s: 6565
Iteration 1137 | train reward: 1747.30 | best: 1757.17 | KL: 4.442e-03 | std: 0.4217 | rollout: 7.426s | update: 1.319s | total: 8.745s | samples/s: 7319
Iteration 1138 | train reward: 1747.15 | best: 1757.17 | KL: 4.626e-03 | std: 0.4211 | rollout: 7.276s | update: 1.463s | total: 8.739s | samples/s: 7323
Iteration 1139 | train reward: 1755.06 | best: 1757.17 | KL: 4.341e-03 | std: 0.4209 | rollout: 7.749s | update: 1.536s | total: 9.285s | samples/s: 6893
Iteration 1140 | train reward: 1755.21 | best: 1757.17 | KL: 4.916e-03 | std: 0.4195 | rollout: 8.931s | update: 1.410s | total: 10.342s | samples/s: 6188
Iteration 1141 | train reward: 1769.13 | best: 1769.13 | KL: 3.987e-03 | std: 0.4195 | rollout: 8.306s | update: 1.421s | total: 9.727s | samples/s: 6579
Iteration 1142 | train reward: 1753.90 | best: 1769.13 | KL: 5.140e-03 | std: 0.4195 | rollout: 7.625s | update: 1.476s | total: 9.101s | samples/s: 7032
Iteration 1143 | train reward: 1751.21 | best: 1769.13 | KL: 5.122e-03 | std: 0.4193 | rollout: 6.059s | update: 1.563s | total: 7.621s | samples/s: 8397
Iteration 1144 | train reward: 1735.11 | best: 1769.13 | KL: 4.985e-03 | std: 0.4193 | rollout: 7.708s | update: 1.430s | total: 9.139s | samples/s: 7003
Iteration 1145 | train reward: 1752.08 | best: 1769.13 | KL: 4.470e-03 | std: 0.4195 | rollout: 8.437s | update: 1.506s | total: 9.943s | samples/s: 6437
Iteration 1146 | train reward: 1768.10 | best: 1769.13 | KL: 4.078e-03 | std: 0.4193 | rollout: 7.424s | update: 1.415s | total: 8.839s | samples/s: 7241
Iteration 1147 | train reward: 1761.94 | best: 1769.13 | KL: 4.771e-03 | std: 0.4191 | rollout: 6.288s | update: 1.506s | total: 7.794s | samples/s: 8211
Iteration 1148 | train reward: 1750.13 | best: 1769.13 | KL: 3.975e-03 | std: 0.4190 | rollout: 8.717s | update: 1.386s | total: 10.103s | samples/s: 6335
Iteration 1149 | train reward: 1763.87 | best: 1769.13 | KL: 4.391e-03 | std: 0.4191 | rollout: 9.039s | update: 1.478s | total: 10.517s | samples/s: 6085
Iteration 1150 | train reward: 1780.05 | best: 1780.05 | KL: 5.802e-03 | std: 0.4177 | rollout: 8.395s | update: 1.472s | total: 9.867s | samples/s: 6486
Iteration 1151 | train reward: 1765.68 | best: 1780.05 | KL: 4.256e-03 | std: 0.4169 | rollout: 7.748s | update: 1.523s | total: 9.271s | samples/s: 6903
Iteration 1152 | train reward: 1759.51 | best: 1780.05 | KL: 5.292e-03 | std: 0.4164 | rollout: 8.726s | update: 1.465s | total: 10.191s | samples/s: 6280
Iteration 1153 | train reward: 1748.60 | best: 1780.05 | KL: 5.603e-03 | std: 0.4158 | rollout: 8.275s | update: 1.615s | total: 9.890s | samples/s: 6471
Iteration 1154 | train reward: 1761.99 | best: 1780.05 | KL: 5.519e-03 | std: 0.4164 | rollout: 6.465s | update: 1.548s | total: 8.013s | samples/s: 7987
Iteration 1155 | train reward: 1787.92 | best: 1787.92 | KL: 4.470e-03 | std: 0.4164 | rollout: 7.630s | update: 1.391s | total: 9.021s | samples/s: 7094
Iteration 1156 | train reward: 1752.14 | best: 1787.92 | KL: 4.824e-03 | std: 0.4165 | rollout: 8.498s | update: 1.455s | total: 9.953s | samples/s: 6430
Iteration 1157 | train reward: 1774.31 | best: 1787.92 | KL: 4.662e-03 | std: 0.4159 | rollout: 7.535s | update: 1.468s | total: 9.004s | samples/s: 7108
Iteration 1158 | train reward: 1757.72 | best: 1787.92 | KL: 4.844e-03 | std: 0.4158 | rollout: 9.601s | update: 1.501s | total: 11.102s | samples/s: 5765
Iteration 1159 | train reward: 1772.31 | best: 1787.92 | KL: 5.477e-03 | std: 0.4159 | rollout: 7.977s | update: 1.433s | total: 9.410s | samples/s: 6802
Iteration 1160 | train reward: 1770.94 | best: 1787.92 | KL: 5.764e-03 | std: 0.4156 | rollout: 8.139s | update: 1.439s | total: 9.579s | samples/s: 6681
Iteration 1161 | train reward: 1755.77 | best: 1787.92 | KL: 4.978e-03 | std: 0.4159 | rollout: 7.656s | update: 1.379s | total: 9.035s | samples/s: 7084
Iteration 1162 | train reward: 1764.83 | best: 1787.92 | KL: 5.124e-03 | std: 0.4151 | rollout: 7.308s | update: 1.400s | total: 8.708s | samples/s: 7350
Iteration 1163 | train reward: 1783.69 | best: 1787.92 | KL: 4.461e-03 | std: 0.4158 | rollout: 7.497s | update: 1.388s | total: 8.885s | samples/s: 7203
Iteration 1164 | train reward: 1783.62 | best: 1787.92 | KL: 4.489e-03 | std: 0.4140 | rollout: 8.615s | update: 1.483s | total: 10.098s | samples/s: 6338
Iteration 1165 | train reward: 1776.36 | best: 1787.92 | KL: 5.610e-03 | std: 0.4133 | rollout: 7.692s | update: 1.565s | total: 9.257s | samples/s: 6914
Iteration 1166 | train reward: 1784.43 | best: 1787.92 | KL: 4.881e-03 | std: 0.4125 | rollout: 8.979s | update: 1.549s | total: 10.528s | samples/s: 6079
Iteration 1167 | train reward: 1777.19 | best: 1787.92 | KL: 5.157e-03 | std: 0.4130 | rollout: 8.880s | update: 1.377s | total: 10.257s | samples/s: 6240
Iteration 1168 | train reward: 1786.43 | best: 1787.92 | KL: 4.332e-03 | std: 0.4138 | rollout: 8.467s | update: 1.381s | total: 9.848s | samples/s: 6499
Iteration 1169 | train reward: 1765.73 | best: 1787.92 | KL: 5.581e-03 | std: 0.4132 | rollout: 7.389s | update: 1.470s | total: 8.859s | samples/s: 7224
Iteration 1170 | train reward: 1770.50 | best: 1787.92 | KL: 4.774e-03 | std: 0.4123 | rollout: 8.181s | update: 1.483s | total: 9.665s | samples/s: 6622
Iteration 1171 | train reward: 1796.38 | best: 1796.38 | KL: 4.562e-03 | std: 0.4117 | rollout: 9.213s | update: 1.427s | total: 10.640s | samples/s: 6015
Iteration 1172 | train reward: 1809.33 | best: 1809.33 | KL: 4.310e-03 | std: 0.4114 | rollout: 8.518s | update: 1.382s | total: 9.900s | samples/s: 6465
Iteration 1173 | train reward: 1804.39 | best: 1809.33 | KL: 4.545e-03 | std: 0.4106 | rollout: 7.244s | update: 1.396s | total: 8.640s | samples/s: 7408
Iteration 1174 | train reward: 1812.42 | best: 1812.42 | KL: 4.493e-03 | std: 0.4104 | rollout: 7.330s | update: 1.395s | total: 8.725s | samples/s: 7335
Iteration 1175 | train reward: 1786.24 | best: 1812.42 | KL: 5.473e-03 | std: 0.4104 | rollout: 7.882s | update: 1.459s | total: 9.341s | samples/s: 6851
Iteration 1176 | train reward: 1808.85 | best: 1812.42 | KL: 4.502e-03 | std: 0.4099 | rollout: 8.878s | update: 1.346s | total: 10.224s | samples/s: 6260
Iteration 1177 | train reward: 1804.20 | best: 1812.42 | KL: 4.539e-03 | std: 0.4089 | rollout: 8.133s | update: 1.305s | total: 9.438s | samples/s: 6781
Iteration 1178 | train reward: 1807.00 | best: 1812.42 | KL: 5.352e-03 | std: 0.4080 | rollout: 8.400s | update: 1.361s | total: 9.761s | samples/s: 6557
Iteration 1179 | train reward: 1809.72 | best: 1812.42 | KL: 5.173e-03 | std: 0.4080 | rollout: 9.086s | update: 1.372s | total: 10.458s | samples/s: 6119
Iteration 1180 | train reward: 1816.28 | best: 1816.28 | KL: 4.971e-03 | std: 0.4073 | rollout: 9.009s | update: 1.440s | total: 10.450s | samples/s: 6125
Iteration 1181 | train reward: 1823.67 | best: 1823.67 | KL: 4.647e-03 | std: 0.4071 | rollout: 7.602s | update: 1.528s | total: 9.129s | samples/s: 7010
Iteration 1182 | train reward: 1819.64 | best: 1823.67 | KL: 4.469e-03 | std: 0.4065 | rollout: 8.904s | update: 1.481s | total: 10.385s | samples/s: 6163
Iteration 1183 | train reward: 1827.35 | best: 1827.35 | KL: 4.292e-03 | std: 0.4062 | rollout: 7.539s | update: 1.481s | total: 9.020s | samples/s: 7096
Iteration 1184 | train reward: 1833.23 | best: 1833.23 | KL: 4.902e-03 | std: 0.4052 | rollout: 8.180s | update: 1.479s | total: 9.658s | samples/s: 6626
Iteration 1185 | train reward: 1821.33 | best: 1833.23 | KL: 5.162e-03 | std: 0.4047 | rollout: 8.578s | update: 1.513s | total: 10.091s | samples/s: 6342
Iteration 1186 | train reward: 1836.20 | best: 1836.20 | KL: 5.204e-03 | std: 0.4039 | rollout: 7.744s | update: 1.395s | total: 9.139s | samples/s: 7003
Iteration 1187 | train reward: 1837.87 | best: 1837.87 | KL: 5.000e-03 | std: 0.4045 | rollout: 8.015s | update: 1.421s | total: 9.436s | samples/s: 6783
Iteration 1188 | train reward: 1835.33 | best: 1837.87 | KL: 5.260e-03 | std: 0.4045 | rollout: 8.225s | update: 1.592s | total: 9.817s | samples/s: 6519
Iteration 1189 | train reward: 1839.12 | best: 1839.12 | KL: 4.711e-03 | std: 0.4052 | rollout: 7.817s | update: 1.515s | total: 9.332s | samples/s: 6858
Iteration 1190 | train reward: 1821.52 | best: 1839.12 | KL: 5.293e-03 | std: 0.4052 | rollout: 8.417s | update: 1.381s | total: 9.798s | samples/s: 6532
Iteration 1191 | train reward: 1811.32 | best: 1839.12 | KL: 5.496e-03 | std: 0.4045 | rollout: 7.600s | update: 1.538s | total: 9.138s | samples/s: 7004
Iteration 1192 | train reward: 1843.56 | best: 1843.56 | KL: 5.797e-03 | std: 0.4047 | rollout: 8.489s | update: 1.539s | total: 10.028s | samples/s: 6382
Iteration 1193 | train reward: 1833.79 | best: 1843.56 | KL: 5.474e-03 | std: 0.4039 | rollout: 8.171s | update: 1.353s | total: 9.524s | samples/s: 6720
Iteration 1194 | train reward: 1844.39 | best: 1844.39 | KL: 5.631e-03 | std: 0.4037 | rollout: 8.402s | update: 1.485s | total: 9.887s | samples/s: 6473
Iteration 1195 | train reward: 1838.99 | best: 1844.39 | KL: 5.543e-03 | std: 0.4034 | rollout: 7.782s | update: 1.566s | total: 9.348s | samples/s: 6847
Iteration 1196 | train reward: 1845.99 | best: 1845.99 | KL: 5.114e-03 | std: 0.4026 | rollout: 8.052s | update: 1.367s | total: 9.419s | samples/s: 6794
Iteration 1197 | train reward: 1808.78 | best: 1845.99 | KL: 6.269e-03 | std: 0.4036 | rollout: 8.653s | update: 1.513s | total: 10.166s | samples/s: 6295
Iteration 1198 | train reward: 1848.18 | best: 1848.18 | KL: 5.261e-03 | std: 0.4027 | rollout: 8.506s | update: 1.450s | total: 9.957s | samples/s: 6428
Iteration 1199 | train reward: 1834.51 | best: 1848.18 | KL: 6.167e-03 | std: 0.4026 | rollout: 7.080s | update: 1.320s | total: 8.401s | samples/s: 7619
training time 11457.41s
