method,seed,update,true_environment_steps_before_update,beta,barrier_active,reward_gradient_norm,barrier_gradient_norm,regularizer_gradient_norm,total_gradient_norm,naturalized_reward_norm,naturalized_barrier_norm,euclidean_barrier_to_reward_ratio,natural_barrier_to_reward_ratio,euclidean_cosine,euclidean_cosine_defined,natural_cosine,natural_cosine_defined,realized_kl,damping
gpomdp_logbarrier_handoff,706,0,0,546.4135158976487,True,277.9609375,0.1373075693845749,75.0267105102539,345.38592529296875,4650.18359375,183.60960388183594,0.26991818053662275,0.03948437737568325,0.8727171421051025,True,0.13331396877765656,True,8.647171489428729e-05,0.01
gpomdp_logbarrier_handoff,706,1,4000,546.4135158976487,True,150.9867706298828,0.1370321363210678,74.87620544433594,182.4908447265625,3589.49951171875,162.18112182617188,0.49591235796334515,0.045182098868294635,0.2166881114244461,True,-0.06625781953334808,True,8.107418398139998e-05,0.01
gpomdp_logbarrier_handoff,706,2,8000,546.4135158976487,True,368.4662170410156,0.11715929210186005,64.01741790771484,325.7413024902344,3782.2060546875,168.2188720703125,0.17374026422777528,0.04447639013792742,-0.7155724167823792,True,0.186137855052948,True,1.281036929867696e-05,0.01
gpomdp_logbarrier_handoff,706,3,12000,546.4135158976487,True,159.39053344726562,0.12268977612257004,67.03935241699219,123.3713607788086,4982.06982421875,155.70156860351562,0.42059808049498854,0.03125238587516817,-0.6868751049041748,True,-0.14374655485153198,True,7.325119895540411e-06,0.01
gpomdp_logbarrier_handoff,706,4,16000,546.4135158976487,True,361.7727355957031,0.12431991100311279,67.93008422851562,422.038330078125,4599.36474609375,158.45704650878906,0.1877700488309613,0.0344519417911717,0.8671802878379822,True,-0.11090359836816788,True,1.6263491488643922e-05,0.01
gpomdp_logbarrier_handoff,706,5,19994,546.4135158976487,True,196.5850830078125,0.11853648722171783,64.76993560791016,248.90760803222656,4168.81884765625,154.2930908203125,0.3294753325985377,0.03701122463190205,0.7505871057510376,True,0.03040965087711811,True,1.9318466002005152e-05,0.01
gpomdp_logbarrier_handoff,706,6,23994,546.4135158976487,True,113.34624481201172,0.11768733710050583,64.30595397949219,163.24134826660156,2570.23583984375,148.6909942626953,0.5673408420909366,0.05785110920861432,0.6630076169967651,True,-0.1985006034374237,True,2.1815876607433893e-05,0.01
gpomdp_logbarrier_handoff,706,7,27994,546.4135158976487,True,167.5433349609375,0.11347336322069168,62.003379821777344,178.90179443359375,4729.8408203125,148.6320343017578,0.3700736877192599,0.03142432059519874,0.0043638600036501884,True,-0.26314806938171387,True,1.827335472626146e-05,0.01
gpomdp_logbarrier_handoff,706,8,31921,546.4135158976487,True,232.71575927734375,0.10295883566141129,56.25809860229492,216.5465850830078,2999.3798828125,152.87371826171875,0.24174597705369916,0.05096844155611593,-0.3982986807823181,True,-0.13337717950344086,True,1.2073721336491872e-05,0.01
gpomdp_logbarrier_handoff,706,9,35921,546.4135158976487,True,147.7316131591797,0.10071630030870438,55.032752990722656,139.066650390625,3850.722412109375,143.79685974121094,0.3725184597519103,0.03734282670935008,-0.33909276127815247,True,0.18148592114448547,True,1.3088641935610212e-05,0.01
gpomdp_logbarrier_handoff,706,10,39921,546.4135158976487,True,155.05921936035156,0.0901581346988678,49.26362228393555,180.06414794921875,4381.67822265625,154.20428466796875,0.317708437377392,0.03519297329288763,0.38964566588401794,True,0.14938780665397644,True,1.157586848421488e-05,0.01
gpomdp_logbarrier_handoff,706,11,43921,546.4135158976487,True,178.6956024169922,0.09256824851036072,50.580543518066406,171.82745361328125,3787.035888671875,151.08546447753906,0.2830542152908442,0.03989544037052292,-0.27470389008522034,True,-0.08974239975214005,True,1.0506912076380104e-05,0.01
gpomdp_logbarrier_handoff,706,12,47921,546.4135158976487,True,266.62164306640625,0.08857192099094391,48.39689254760742,255.9478759765625,3927.766845703125,137.9246368408203,0.1815189944484493,0.03511528108948378,-0.30689144134521484,True,-0.08093459904193878,True,5.963683179288637e-06,0.01
gpomdp_logbarrier_handoff,706,13,51921,546.4135158976487,True,222.7600860595703,0.08642365038394928,47.223052978515625,217.31582641601562,3692.6103515625,139.7873992919922,0.21199063895983267,0.03785598424508619,-0.2198750376701355,True,-0.09945319592952728,True,5.940211849519983e-06,0.01
gpomdp_logbarrier_handoff,706,14,55921,546.4135158976487,True,159.49118041992188,0.08141745626926422,44.48759841918945,133.78707885742188,3024.860107421875,143.02847290039062,0.27893453607941665,0.04728432648817453,-0.6706899404525757,True,-0.4860554039478302,True,2.9034870294708526e-06,0.01
gpomdp_logbarrier_handoff,706,15,59921,546.4135158976487,True,345.0872497558594,0.08424486219882965,46.03253173828125,347.03839111328125,3857.158203125,137.96649169921875,0.13339389319903333,0.035768948130631716,-0.024191075935959816,True,-0.28790029883384705,True,7.195691523520509e-06,0.01
gpomdp_logbarrier_handoff,706,16,63921,546.4135158976487,True,110.96881866455078,0.0794062465429306,43.388648986816406,100.45597076416016,3361.02978515625,147.7936553955078,0.3909985661645779,0.043972730038938666,-0.4263170659542084,True,0.12479011714458466,True,5.251083621260477e-06,0.01
gpomdp_logbarrier_handoff,706,17,67921,546.4135158976487,True,326.6917724609375,0.08213956654071808,44.882171630859375,297.12396240234375,3873.10009765625,136.19386291503906,0.13738384438875312,0.03516404417160682,-0.6976664662361145,True,0.03997104614973068,True,6.552988338626164e-07,0.01
gpomdp_logbarrier_handoff,706,18,71921,546.4135158976487,True,264.25421142578125,0.08027975261211395,43.86594009399414,251.51304626464844,3589.20849609375,139.94883728027344,0.16599901987300733,0.038991559680242656,-0.3664538562297821,True,0.014055874198675156,True,8.553305974601244e-07,0.01
gpomdp_logbarrier_handoff,706,19,75921,546.4135158976487,True,221.32742309570312,0.08092469722032547,44.21834945678711,202.40525817871094,5509.5283203125,139.93331909179688,0.19978703424232644,0.02539842087314289,-0.5095267295837402,True,0.3314303159713745,True,5.692940021617687e-07,0.01
gpomdp_logbarrier_handoff,706,20,79921,546.4135158976487,True,113.40604400634766,0.08219681680202484,44.913455963134766,108.10212707519531,3227.56982421875,137.00994873046875,0.39604111365193934,0.04244987907074411,-0.3133508265018463,True,-0.0023893483448773623,True,5.217233933763055e-07,0.01
gpomdp_logbarrier_handoff,706,21,83921,546.4135158976487,True,345.396728515625,0.08114921301603317,44.341026306152344,306.7515563964844,3980.59765625,138.25601196289062,0.12837708827385855,0.03473247584965354,-0.886975884437561,True,0.22113341093063354,True,2.9940877084300155e-06,0.01
gpomdp_logbarrier_handoff,706,22,87921,546.4135158976487,True,268.1133117675781,0.07954468578100204,43.464290618896484,288.0636901855469,4566.259765625,148.171875,0.16211164724478425,0.032449287295358065,0.395027756690979,True,-0.22594282031059265,True,3.1926508654578356e-06,0.01
gpomdp_logbarrier_handoff,706,23,91921,546.4135158976487,True,229.3197021484375,0.0845801904797554,46.21575927734375,193.14779663085938,3840.72119140625,142.0804443359375,0.20153418500181253,0.03699316801590481,-0.821713924407959,True,-0.1869019865989685,True,4.318138508097036e-06,0.01
gpomdp_logbarrier_handoff,706,24,95921,546.4135158976487,True,282.7781677246094,0.08893902599811554,48.59748458862305,320.23046875,4357.00830078125,139.95175170898438,0.17185727236181447,0.03212106611866904,0.7357694506645203,True,-0.27064651250839233,True,2.0356103505037026e-06,0.01
gpomdp_logbarrier_handoff,706,25,99921,546.4135158976487,True,288.4502868652344,0.08607904613018036,47.03475570678711,293.83502197265625,2551.760009765625,137.86959838867188,0.16306018003290118,0.054029218210585164,0.03402246534824371,True,0.36367690563201904,True,2.1110540728841443e-06,0.01
gpomdp_logbarrier_handoff,706,26,103921,546.4135158976487,True,287.8699035644531,0.08879760652780533,48.52021026611328,330.1278991699219,2457.02734375,132.05972290039062,0.16854908993725273,0.05374776281440829,0.8505861759185791,True,0.14691796898841858,True,5.455520295072347e-06,0.01
gpomdp_logbarrier_handoff,706,27,107921,546.4135158976487,True,221.6381072998047,0.07921376079320908,43.283470153808594,201.9916229248047,3150.9599609375,142.25079345703125,0.19528893600981737,0.04514522406521078,-0.5314300060272217,True,-0.2065165787935257,True,7.879316399339586e-06,0.01
gpomdp_logbarrier_handoff,706,28,111921,546.4135158976487,True,227.12474060058594,0.08017592877149582,43.80921173095703,242.1009979248047,3981.13232421875,142.1087646484375,0.19288612775126274,0.035695564245361945,0.25667932629585266,True,-0.14534951746463776,True,1.3249091352918185e-05,0.01
gpomdp_logbarrier_handoff,706,29,115921,546.4135158976487,True,180.6261444091797,0.0838603526353836,45.822425842285156,192.4513397216797,3937.9833984375,133.26528930664062,0.25368656343835677,0.03384099825294266,0.1396695226430893,True,0.26616817712783813,True,1.5877250916673802e-05,0.01
gpomdp_logbarrier_handoff,706,30,119921,546.4135158976487,True,320.50067138671875,0.08365562558174133,45.710567474365234,307.9542541503906,3638.54541015625,138.73089599609375,0.14262237666020514,0.038128119992361514,-0.3404139578342438,True,-0.03124990500509739,True,1.0084046152769588e-05,0.01
gpomdp_logbarrier_handoff,706,31,123921,546.4135158976487,True,106.7529525756836,0.07804492861032486,42.644805908203125,115.66364288330078,4581.5078125,142.0629119873047,0.3994719104183058,0.03100789473712257,0.01793592981994152,True,-0.05433445796370506,True,9.954814231605269e-06,0.01
gpomdp_logbarrier_handoff,706,32,127921,546.4135158976487,True,200.68858337402344,0.0795770063996315,43.48195266723633,185.61415100097656,3980.728515625,138.0597381591797,0.21666380785696707,0.03468202808035589,-0.4419947564601898,True,0.12321532517671585,True,4.023181190859759e-06,0.01
gpomdp_logbarrier_handoff,706,33,131920,546.4135158976487,True,141.71400451660156,0.07942932844161987,43.40126037597656,177.18370056152344,2642.1181640625,138.9674835205078,0.3062595014799132,0.052596997897638505,0.7663959860801697,True,0.18567411601543427,True,3.085022171944729e-06,0.01
gpomdp_logbarrier_handoff,706,34,135920,546.4135158976487,True,227.30050659179688,0.07544268667697906,41.222904205322266,210.2328338623047,4072.71337890625,143.24130249023438,0.1813586112210186,0.03517097550545102,-0.4891687035560608,True,-0.09076037257909775,True,4.950982656737324e-06,0.01
gpomdp_logbarrier_handoff,706,35,139920,546.4135158976487,True,223.1378173828125,0.08095531910657883,44.235076904296875,212.1300048828125,4001.345703125,128.2185516357422,0.19824105758105415,0.032043857529132046,-0.34183067083358765,True,-0.24098308384418488,True,1.1080076092184754e-06,0.01
gpomdp_logbarrier_handoff,706,36,143920,546.4135158976487,True,327.1331481933594,0.07495073974132538,40.95409393310547,316.0816955566406,3594.35888671875,139.0204620361328,0.12519090211212297,0.03867740156660957,-0.3278873562812805,True,-0.03170906379818916,True,2.4337168724741787e-06,0.01
gpomdp_logbarrier_handoff,706,37,147920,546.4135158976487,True,291.1708068847656,0.07745576649904251,42.32288360595703,302.8719177246094,3879.85693359375,137.83834838867188,0.14535414473301517,0.03552665748966108,0.20935063064098358,True,-0.29184335470199585,True,3.694354973049485e-07,0.01
gpomdp_logbarrier_handoff,706,38,151920,546.4135158976487,True,340.8990478515625,0.07525396347045898,41.119781494140625,321.7630310058594,4260.7578125,139.5875244140625,0.12062157918389198,0.03276119661261843,-0.5126224756240845,True,-0.23133568465709686,True,1.2141539400545298e-06,0.01
gpomdp_logbarrier_handoff,706,39,155893,546.4135158976487,True,163.38877868652344,0.07452335208654404,40.7205696105957,131.66636657714844,3982.403564453125,143.9668731689453,0.2492250076042364,0.03615074937507376,-0.8280143141746521,True,-0.09700790047645569,True,1.1439674381108489e-06,0.01
gpomdp_logbarrier_handoff,706,40,159893,546.4135158976487,True,138.91616821289062,0.07576712965965271,41.400184631347656,171.4327392578125,3434.758056640625,139.45497131347656,0.29802279435106066,0.04060110465243974,0.7283326983451843,True,0.24641898274421692,True,1.4798836218687939e-06,0.01
gpomdp_logbarrier_handoff,706,41,163893,546.4135158976487,True,148.22097778320312,0.07953939586877823,43.46139907836914,141.2540740966797,3225.1171875,131.7250213623047,0.2932202966704105,0.04084348372606373,-0.3031436800956726,True,0.0956295058131218,True,1.8209623249276774e-06,0.01
gpomdp_logbarrier_handoff,706,42,167893,546.4135158976487,True,343.7236633300781,0.07388806343078613,40.373435974121094,335.6136779785156,5404.1689453125,142.20689392089844,0.1174589947720604,0.02631429464177775,-0.25723469257354736,True,0.2608650028705597,True,6.212691005202942e-06,0.01
gpomdp_logbarrier_handoff,706,43,171893,546.4135158976487,True,227.3765869140625,0.0726780891418457,39.7122917175293,229.41262817382812,3122.714599609375,143.81851196289062,0.17465426962600442,0.04605560558780527,-0.03582818806171417,True,0.12296845763921738,True,4.0002819332585204e-06,0.01
gpomdp_logbarrier_handoff,706,44,175893,546.4135158976487,True,216.35189819335938,0.07248138636350632,39.60480880737305,194.38243103027344,3890.533447265625,153.04737854003906,0.18305736690129332,0.03933840451817861,-0.618081271648407,True,-0.25710904598236084,True,1.4439250435316353e-06,0.01
gpomdp_logbarrier_handoff,706,45,179863,546.4135158976487,True,59.182273864746094,0.0741804838180542,40.53321838378906,68.78007507324219,2873.589111328125,139.79029846191406,0.6848878175316957,0.04864658552290564,-0.0864548459649086,True,-0.1422826647758484,True,1.4455820291914279e-06,0.01
gpomdp_logbarrier_handoff,706,46,183750,546.4135158976487,True,156.88784790039062,0.07435230165719986,40.62710189819336,173.27818298339844,4263.48583984375,145.56353759765625,0.2589563337243802,0.034141907130853966,0.29502901434898376,True,0.07572106271982193,True,2.3079337552189827e-06,0.01
gpomdp_logbarrier_handoff,706,47,187750,546.4135158976487,True,264.8328552246094,0.07643309980630875,41.764076232910156,286.1246643066406,3539.459228515625,130.7254180908203,0.15769975442619955,0.03693372621377639,0.45145541429519653,True,-0.12669990956783295,True,6.519105227198452e-06,0.01
gpomdp_logbarrier_handoff,706,48,191750,546.4135158976487,True,325.0414123535156,0.07301895320415497,39.89854049682617,311.564697265625,4672.75048828125,143.90640258789062,0.12274909897767872,0.030796937039286012,-0.3921465575695038,True,-0.4157382845878601,True,1.05238386822748e-05,0.01
gpomdp_logbarrier_handoff,706,49,195750,546.4135158976487,True,264.6705322265625,0.073108971118927,39.947731018066406,275.3872985839844,4200.84912109375,147.1862335205078,0.15093380695615358,0.03503725777282518,0.19823427498340607,True,0.003612686414271593,True,1.2691025403910317e-05,0.01
gpomdp_logbarrier_handoff,706,50,199750,546.4135158976487,True,298.33984375,0.07037072628736496,38.451515197753906,288.41265869140625,4116.91845703125,145.59083557128906,0.1288849478314239,0.035364031882301604,-0.31832119822502136,True,0.2551102936267853,True,1.758805592544377e-05,0.01
gpomdp_logbarrier_handoff,706,51,203750,546.4135158976487,True,212.44154357910156,0.07207580655813217,39.3831901550293,244.73875427246094,3317.56591796875,140.9052276611328,0.18538365656510664,0.04247247263361236,0.7897214293479919,True,0.03678155690431595,True,1.547220381326042e-05,0.01
gpomdp_logbarrier_handoff,706,52,207750,546.4135158976487,True,203.6249542236328,0.0709344893693924,38.75956344604492,174.94764709472656,3689.750244140625,142.2053985595703,0.1903478067991456,0.038540656995793815,-0.782951295375824,True,-0.07563573122024536,True,1.3468988981912844e-05,0.01
gpomdp_logbarrier_handoff,706,53,211750,546.4135158976487,True,277.5876159667969,0.07012759894132614,38.31866455078125,294.61968994140625,4538.958984375,138.4575958251953,0.13804169331302107,0.030504262387438266,0.38910022377967834,True,0.30806297063827515,True,5.6292929002665915e-06,0.01
gpomdp_logbarrier_handoff,706,54,215684,546.4135158976487,True,251.6869354248047,0.0702618733048439,38.39203643798828,273.84686279296875,4037.65380859375,140.7183074951172,0.15253885297299624,0.034851503909426824,0.5263411998748779,True,-0.10751732438802719,True,1.1219502994208597e-05,0.01
gpomdp_logbarrier_handoff,706,55,219684,546.4135158976487,True,153.53646850585938,0.06818732619285583,37.25847625732422,180.34803771972656,3797.9052734375,147.34605407714844,0.24266857652716126,0.0387966638103601,0.6611073613166809,True,0.005015859846025705,True,7.805012501194142e-06,0.01
gpomdp_logbarrier_handoff,706,56,223625,546.4135158976487,True,148.97091674804688,0.06714066863059998,36.68656921386719,163.54940795898438,4535.19921875,151.89382934570312,0.24626665402022624,0.033492206630686534,0.2936895191669464,True,0.006184788886457682,True,8.527407771907747e-06,0.01
gpomdp_logbarrier_handoff,706,57,227342,546.4135158976487,True,321.422607421875,0.06672687828540802,36.46046829223633,340.1126403808594,6297.345703125,134.9525909423828,0.11343467276519562,0.021430075035488973,0.47079789638519287,True,-0.11647563427686691,True,1.4826159713265952e-05,0.01
gpomdp_logbarrier_handoff,706,58,231342,546.4135158976487,True,115.68667602539062,0.06448716670274734,35.236656188964844,124.95238494873047,3630.0029296875,137.878662109375,0.3045869878846825,0.03798307185422704,0.1211932897567749,True,-0.07977554947137833,True,1.5176204215094913e-05,0.01
gpomdp_logbarrier_handoff,706,59,235342,546.4135158976487,True,202.58865356445312,0.06332124769687653,34.59958267211914,189.41165161132812,4028.193603515625,131.46249389648438,0.17078736673231978,0.032635594719615725,-0.45385026931762695,True,-0.09547372162342072,True,9.11805091163842e-06,0.01
gpomdp_logbarrier_handoff,706,60,239342,546.4135158976487,True,410.7572326660156,0.06233692169189453,34.061737060546875,412.42523193359375,3401.4423828125,133.53147888183594,0.08292425391871865,0.03925731023890658,0.007606228813529015,True,0.13494287431240082,True,1.8607520360092167e-06,0.01
gpomdp_logbarrier_handoff,706,61,243342,546.4135158976487,True,349.1982116699219,0.06173236295580864,33.73139572143555,331.8870849609375,3753.207275390625,140.1743621826172,0.09659670237177505,0.03734788725944484,-0.548782229423523,True,-0.06558457762002945,True,5.692905347132182e-07,0.01
gpomdp_logbarrier_handoff,706,62,247342,546.4135158976487,True,276.5540466308594,0.060041021555662155,32.80722427368164,271.229736328125,5414.81982421875,141.58595275878906,0.1186286177091174,0.02614786038226435,-0.22004222869873047,True,-0.18660950660705566,True,4.862031346419826e-07,0.01
gpomdp_logbarrier_handoff,706,63,251342,546.4135158976487,True,201.12081909179688,0.06030528247356415,32.951622009277344,230.1020965576172,3334.809326171875,144.8507537841797,0.16383993540836442,0.04343599277097444,0.8609575629234314,True,0.031143780797719955,True,1.35564823722234e-06,0.01
gpomdp_logbarrier_handoff,706,64,255342,546.4135158976487,True,275.3411865234375,0.05945168063044548,32.48520278930664,273.5269775390625,5482.53125,129.65994262695312,0.11798163289508977,0.02364964953495762,-0.114653579890728,True,0.15407171845436096,True,1.7723278915582341e-06,0.01
gpomdp_logbarrier_handoff,706,65,259229,546.4135158976487,True,332.844482421875,0.05748390778899193,31.409984588623047,361.6076354980469,2786.99951171875,130.86875915527344,0.09436834992749377,0.04695686475903482,0.9081154465675354,True,-0.23800188302993774,True,5.775973932031775e-06,0.01
gpomdp_logbarrier_handoff,706,66,263229,546.4135158976487,True,220.2401580810547,0.05462755635380745,29.849231719970703,247.32559204101562,3284.22021484375,131.100830078125,0.13553037729379638,0.0399184042183244,0.8954403400421143,True,0.39551791548728943,True,9.307591426477302e-06,0.01
gpomdp_logbarrier_handoff,706,67,267229,546.4135158976487,True,144.5612335205078,0.053311001509428024,29.129850387573242,161.6927032470703,4729.087890625,143.16171264648438,0.20150526996880397,0.030272584472428574,0.5222018957138062,True,-0.11330956965684891,True,9.269602742278948e-06,0.01
gpomdp_logbarrier_handoff,706,68,271161,546.4135158976487,True,358.35797119140625,0.049585603177547455,27.0942440032959,340.2137451171875,3289.616943359375,131.91383361816406,0.07560664525814137,0.0401000590310229,-0.6905203461647034,True,0.1327860951423645,True,4.37772450823104e-06,0.01
gpomdp_logbarrier_handoff,706,69,275161,546.4135158976487,True,375.486572265625,0.04714277759194374,25.75945281982422,375.9204406738281,4497.80126953125,124.96403503417969,0.06860286018857042,0.027783360701306204,-0.017448637634515762,True,0.016085823997855186,True,5.028817668062402e-06,0.01
gpomdp_logbarrier_handoff,706,70,279161,546.4135158976487,True,158.15435791015625,0.04563099518418312,24.933393478393555,143.60519409179688,4374.03125,130.39483642578125,0.15765226964253257,0.029811135077231387,-0.6355074048042297,True,-0.21362429857254028,True,2.7543926535145147e-06,0.01
gpomdp_logbarrier_handoff,706,71,283161,546.4135158976487,True,164.05023193359375,0.044006332755088806,24.045652389526367,155.51295471191406,4130.7333984375,121.71502685546875,0.14657493687213963,0.02946571833987372,-0.4190940260887146,True,-0.055744923651218414,True,1.5686515553170466e-06,0.01
gpomdp_logbarrier_handoff,706,72,287145,546.4135158976487,True,176.01319885253906,0.04309423267841339,23.547269821166992,168.73426818847656,5618.9287109375,130.99891662597656,0.13378127307881327,0.023313859877058276,-0.3696191906929016,True,-0.14842073619365692,True,1.9409174001339125e-06,0.01
gpomdp_logbarrier_handoff,706,73,291145,546.4135158976487,True,208.01065063476562,0.0421135388314724,23.01140594482422,203.20138549804688,5630.666015625,133.38772583007812,0.11062609474371903,0.023689511233649718,-0.26189231872558594,True,-0.2754736542701721,True,2.2944091142562684e-06,0.01
gpomdp_logbarrier_handoff,706,74,295145,546.4135158976487,True,169.5309600830078,0.04297686740756035,23.48314094543457,164.12965393066406,4341.92529296875,132.92544555664062,0.13851830328770903,0.030614401812002187,-0.2956031858921051,True,-0.24208328127861023,True,3.6731141790369293e-06,0.01
gpomdp_logbarrier_handoff,706,75,299099,546.4135158976487,True,183.90158081054688,0.040692038834095,22.23468017578125,193.61416625976562,4390.5556640625,132.0833282470703,0.12090532380299189,0.030083510688224836,0.3879043459892273,True,-0.0032163963187485933,True,3.843402282655006e-06,0.01
gpomdp_logbarrier_handoff,706,76,303099,546.4135158976487,True,253.49620056152344,0.04099465534090996,22.400033950805664,240.33863830566406,3919.956298828125,129.363525390625,0.08836437745886129,0.03300126724098898,-0.6163285970687866,True,0.016571180894970894,True,1.2384356296024635e-06,0.01
gpomdp_logbarrier_handoff,706,77,307061,546.4135158976487,True,115.99137115478516,0.04105212539434433,22.43143653869629,122.43538665771484,3417.755126953125,138.0038604736328,0.19338883845732427,0.040378510264034356,0.19856151938438416,True,-0.26280882954597473,True,7.930919423415617e-07,0.01
gpomdp_logbarrier_handoff,706,78,311061,546.4135158976487,True,115.4145278930664,0.040479544550180435,22.118572235107422,103.54185485839844,4100.25341796875,137.406982421875,0.19164461042201436,0.03351182681043795,-0.6049878001213074,True,-0.23080004751682281,True,9.785572956388933e-07,0.01
gpomdp_logbarrier_handoff,706,79,315061,546.4135158976487,True,290.9881591796875,0.04116160795092583,22.49125862121582,293.2973937988281,5958.41015625,143.52687072753906,0.07729269357426771,0.024088115279709024,0.06443335860967636,True,-0.088981032371521,True,3.803523895840044e-06,0.01
gpomdp_logbarrier_handoff,706,80,318882,546.4135158976487,True,256.5393371582031,0.04235055670142174,23.14091682434082,277.26641845703125,3687.495849609375,141.70570373535156,0.09020416549244548,0.0384287086724078,0.8867713212966919,True,0.07415007054805756,True,4.662123956222786e-06,0.01
gpomdp_logbarrier_handoff,706,81,322876,546.4135158976487,True,188.80581665039062,0.03972095996141434,21.70406723022461,181.04429626464844,4769.99853515625,129.59585571289062,0.1149544416336164,0.02716895084091372,-0.407733291387558,True,0.14296850562095642,True,5.19996547154733e-06,0.01
gpomdp_logbarrier_handoff,706,82,326832,546.4135158976487,True,264.2236022949219,0.036876413971185684,20.149770736694336,262.6280822753906,3461.061767578125,131.29786682128906,0.07626029832945622,0.03793571904761602,-0.11707346141338348,True,-0.14344526827335358,True,2.3599877749802545e-06,0.01
gpomdp_logbarrier_handoff,706,83,330832,546.4135158976487,True,256.7676086425781,0.03715460002422333,20.301774978637695,247.91502380371094,4635.4833984375,136.0424346923828,0.07906672919518394,0.02934805779656964,-0.468065470457077,True,0.2327589988708496,True,4.5473038881027605e-06,0.01
gpomdp_logbarrier_handoff,706,84,334804,546.4135158976487,True,210.70559692382812,0.03781745955348015,20.663972854614258,222.40411376953125,3376.447509765625,139.4479522705078,0.0980703557774237,0.041300198468119394,0.5328109860420227,True,-0.003255717922002077,True,2.7759490421885857e-06,0.01
gpomdp_logbarrier_handoff,706,85,338804,546.4135158976487,True,264.9240417480469,0.03963535651564598,21.65729331970215,273.69622802734375,3937.7421875,137.77459716796875,0.0817490673054848,0.03498822183060169,0.3708760738372803,True,0.16213075816631317,True,7.1550784923601896e-06,0.01
gpomdp_logbarrier_handoff,706,86,342609,546.4135158976487,True,120.38246154785156,0.037910331040620804,20.7147159576416,122.34810638427734,4402.44140625,139.13121032714844,0.1720742016012655,0.03160319411171003,0.009628412313759327,True,-0.1735328733921051,True,6.758677045581862e-06,0.01
gpomdp_logbarrier_handoff,706,87,346549,546.4135158976487,True,156.69033813476562,0.03852149099111557,21.048662185668945,166.68515014648438,4071.55517578125,146.2686004638672,0.13433286593309596,0.03592450406515765,0.42282140254974365,True,-0.06091522052884102,True,5.944647000433179e-06,0.01
gpomdp_logbarrier_handoff,706,88,350549,546.4135158976487,True,232.23106384277344,0.038160283118486404,20.851293563842773,236.73175048828125,4941.89599609375,142.32235717773438,0.08978684082487626,0.028799140510085808,0.17304548621177673,True,0.06855878978967667,True,1.8056312001135666e-06,0.01
gpomdp_logbarrier_handoff,706,89,354549,546.4135158976487,True,210.4277801513672,0.03466222435235977,18.93990707397461,200.7771759033203,4879.91845703125,139.74485778808594,0.09000668571588101,0.028636719858860345,-0.5428585410118103,True,-0.04722094535827637,True,4.067344150371355e-07,0.01
gpomdp_logbarrier_handoff,706,90,358473,546.4135158976487,True,250.97323608398438,0.03801645338535309,20.772703170776367,238.85707092285156,4692.29052734375,148.95291137695312,0.08276859913391361,0.03174417920394064,-0.6105788946151733,True,-0.15077440440654755,True,1.1379700026736828e-06,0.01
gpomdp_logbarrier_handoff,706,91,362075,546.4135158976487,True,152.4617156982422,0.03537295386195183,19.328262329101562,162.19927978515625,3975.216552734375,152.13790893554688,0.1267745298587402,0.03827160279630501,0.45650044083595276,True,0.01857694610953331,True,4.242988040914497e-07,0.01
gpomdp_logbarrier_handoff,706,92,366075,546.4135158976487,True,330.1575622558594,0.03219353407621384,17.59098243713379,321.9323425292969,4885.36279296875,133.0433349609375,0.0532805679716688,0.02723305117737006,-0.4883958697319031,True,0.026236193254590034,True,2.6108368729182985e-06,0.01
gpomdp_logbarrier_handoff,706,93,370075,546.4135158976487,True,100.89800262451172,0.03749331459403038,20.486854553222656,108.59626007080078,3424.253662109375,144.94984436035156,0.20304519435794727,0.04233034659910709,0.28857868909835815,True,0.10630739480257034,True,1.2851189694629284e-06,0.01
gpomdp_logbarrier_handoff,706,94,374066,546.4135158976487,True,217.2009735107422,0.035138338804244995,19.200063705444336,218.9862060546875,4009.917236328125,139.8595428466797,0.08839768715168651,0.03487841134964393,0.049163784831762314,True,0.12240280956029892,True,3.4722945656540105e-06,0.01
gpomdp_logbarrier_handoff,706,95,377949,546.4135158976487,True,179.81170654296875,0.04170609265565872,22.788772583007812,174.8287353515625,5248.62158203125,150.25076293945312,0.12673686836714432,0.028626709049446298,-0.2789977192878723,True,0.03241203352808952,True,4.625954261427978e-06,0.01
gpomdp_logbarrier_handoff,706,96,381728,546.4135158976487,True,265.8872375488281,0.03921458125114441,21.427377700805664,276.16619873046875,3851.2998046875,139.49986267089844,0.08058821438118365,0.0362215017644459,0.44869086146354675,True,0.03154480829834938,True,8.731305570108816e-06,0.01
gpomdp_logbarrier_handoff,706,97,385535,546.4135158976487,True,198.96121215820312,0.035997699946165085,19.66963005065918,199.96678161621094,3433.845458984375,140.6985321044922,0.09886163155770765,0.040974043178433096,0.0018217493779957294,True,0.21347638964653015,True,3.640396471382701e-06,0.01
gpomdp_logbarrier_handoff,706,98,389405,546.4135158976487,True,79.94453430175781,0.03692103177309036,20.174148559570312,77.48456573486328,2972.990966796875,139.15174865722656,0.2523518178668873,0.0468053048970915,-0.24623659253120422,True,0.41126611828804016,True,3.095970441790996e-06,0.01
gpomdp_logbarrier_handoff,706,99,393405,546.4135158976487,True,170.25819396972656,0.03752642497420311,20.50494384765625,171.6224822998047,3870.379638671875,143.55494689941406,0.12043440241884754,0.03709066301017311,0.006584214046597481,True,0.0002936847449745983,True,4.9558225327928085e-06,0.01
gpomdp_logbarrier_handoff,706,100,397276,546.4135158976487,True,228.48321533203125,0.03900643438100815,21.313644409179688,243.9053955078125,3801.88720703125,141.27346801757812,0.09328319534634853,0.03715877413625146,0.7013622522354126,True,0.07593835890293121,True,4.460319360077847e-06,0.01
gpomdp_logbarrier_handoff,706,101,401276,546.4135158976487,True,333.4134216308594,0.0366361103951931,20.01846694946289,347.41204833984375,3861.223876953125,135.84109497070312,0.06004097510995359,0.03518083884788746,0.6839465498924255,True,-0.03593999892473221,True,4.113182512810454e-06,0.01
gpomdp_logbarrier_handoff,706,102,405276,546.4135158976487,True,186.6048583984375,0.034908540546894073,19.074499130249023,174.93809509277344,3976.9169921875,141.23880004882812,0.10221866297565134,0.03551464622628189,-0.6436306238174438,True,-0.2142622470855713,True,3.448387360549532e-06,0.01
gpomdp_logbarrier_handoff,706,103,409204,546.4135158976487,True,152.52122497558594,0.034864842891693115,19.050622940063477,145.7209014892578,3857.59912109375,136.92965698242188,0.12490473337801285,0.03549608258506603,-0.411454439163208,True,-0.07913637906312943,True,3.353187139509828e-06,0.01
gpomdp_logbarrier_handoff,706,104,413144,546.4135158976487,True,246.449462890625,0.03406670689582825,18.61450958251953,262.77178955078125,3637.160888671875,134.11831665039062,0.07553073706953342,0.03687445256219186,0.8681308031082153,True,-0.03126484528183937,True,6.2501894717570394e-06,0.01
gpomdp_logbarrier_handoff,706,105,417144,546.4135158976487,True,126.03248596191406,0.03218609467148781,17.586917877197266,131.5662384033203,5229.9541015625,133.85011291503906,0.139542735692065,0.025592980419283227,0.2517877519130707,True,0.10922962427139282,True,6.406526154023595e-06,0.01
gpomdp_logbarrier_handoff,706,106,421041,546.4135158976487,True,229.45750427246094,0.03190873935818672,17.435365676879883,221.09033203125,4696.7197265625,140.61825561523438,0.07598516218574788,0.029939673602399946,-0.5091390609741211,True,-0.1810525357723236,True,7.489843937946716e-06,0.01
gpomdp_logbarrier_handoff,706,107,425022,546.4135158976487,True,406.45428466796875,0.030553927645087242,16.695077896118164,413.6039123535156,3972.559814453125,140.2532196044922,0.04107492164772312,0.03530550228450113,0.4114755094051361,True,-0.3156301975250244,True,1.1911063666047994e-05,0.01
gpomdp_logbarrier_handoff,706,108,428759,546.4135158976487,True,164.14657592773438,0.026082823053002357,14.252005577087402,164.49449157714844,4373.93115234375,126.6563720703125,0.0868248728097859,0.02895710235458194,-0.0189756378531456,True,0.26317980885505676,True,1.4982079846959095e-05,0.01
gpomdp_logbarrier_handoff,706,109,432759,546.4135158976487,True,285.0166320800781,0.023978084325790405,13.101948738098145,278.8215637207031,4013.173583984375,127.4355239868164,0.045969067287333,0.031754301507261336,-0.4906800091266632,True,-0.021092744544148445,True,1.3681835298484657e-05,0.01
gpomdp_logbarrier_handoff,706,110,436759,546.4135158976487,True,138.13034057617188,0.027714461088180542,15.143555641174316,131.5030059814453,3526.788818359375,141.87161254882812,0.10963236301313116,0.0402268522034232,-0.4819507896900177,True,-0.3264676034450531,True,1.3248542018118314e-05,0.01
gpomdp_logbarrier_handoff,706,111,440597,546.4135158976487,True,202.6907501220703,0.026328496634960175,14.386246681213379,205.5754852294922,3509.094970703125,136.23431396484375,0.0709763354891591,0.03882320515752419,0.16645896434783936,True,-0.23084181547164917,True,9.331242836196907e-06,0.01
gpomdp_logbarrier_handoff,706,112,444386,546.4135158976487,True,306.96246337890625,0.029301906004548073,16.010957717895508,294.2197265625,5175.2021484375,140.132568359375,0.05215933421192288,0.027077699448259024,-0.8054375052452087,True,-0.01722637005150318,True,1.0248499165754765e-05,0.01
gpomdp_logbarrier_handoff,706,113,448293,546.4135158976487,True,226.77105712890625,0.030875638127326965,16.870866775512695,223.86683654785156,3956.375244140625,137.99119567871094,0.0743960317913171,0.03487818701804772,-0.20824088156223297,True,-0.08256586641073227,True,1.1341393474140204e-05,0.01
gpomdp_logbarrier_handoff,706,114,452232,546.4135158976487,True,341.8401184082031,0.03277165815234184,17.906877517700195,349.9676513671875,4682.4814453125,153.34034729003906,0.052383779882491655,0.032747667893813816,0.4330834150314331,True,0.017449887469410896,True,6.6356251409160905e-06,0.01
gpomdp_logbarrier_handoff,706,115,456232,546.4135158976487,True,168.34136962890625,0.03476187214255333,18.994356155395508,161.64642333984375,3394.844970703125,140.99920654296875,0.11283237267979283,0.04153332707671939,-0.40187743306159973,True,0.018088199198246002,True,7.190426913439296e-06,0.01
gpomdp_logbarrier_handoff,706,116,459645,546.4135158976487,True,383.029052734375,0.0358281210064888,19.576969146728516,377.8200378417969,4781.9580078125,149.84017944335938,0.05111092489452714,0.03133448248574302,-0.2898254990577698,True,0.005332139320671558,True,8.557105502404738e-06,0.01
gpomdp_logbarrier_handoff,706,117,463437,546.4135158976487,True,214.80654907226562,0.03494243696331978,19.093019485473633,217.89495849609375,3957.632568359375,146.75621032714844,0.08888471775155385,0.03708181792833431,0.11847604066133499,True,-0.006040508858859539,True,7.2659777288208716e-06,0.01
gpomdp_logbarrier_handoff,706,118,467172,546.4135158976487,True,164.0306396484375,0.04083983600139618,22.315439224243164,177.08401489257812,3091.73779296875,152.07347106933594,0.1360443345954832,0.04918705312435692,0.5402008295059204,True,0.14006078243255615,True,3.64666470886732e-06,0.01
gpomdp_logbarrier_handoff,706,119,471040,546.4135158976487,True,318.1371765136719,0.04033530503511429,22.039756774902344,307.4375915527344,5073.314453125,153.4103546142578,0.0692775268091159,0.030238684400838177,-0.5119425058364868,True,-0.09236990660429001,True,8.076623998931609e-06,0.01
gpomdp_logbarrier_handoff,706,120,474772,546.4135158976487,True,370.2213439941406,0.04384491965174675,23.957454681396484,350.7981262207031,4424.39306640625,148.15025329589844,0.06471116555013007,0.03348487602079955,-0.8218269944190979,True,0.06029479578137398,True,1.8117088984581642e-05,0.01
gpomdp_logbarrier_handoff,706,121,478423,546.4135158976487,True,134.3048553466797,0.04624776914715767,25.270404815673828,121.28046417236328,3806.951416015625,154.3031768798828,0.18815704577800707,0.04053195326600131,-0.5844889879226685,True,-0.28655317425727844,True,1.717281702440232e-05,0.01
gpomdp_logbarrier_handoff,706,122,482076,546.4135158976487,True,221.94985961914062,0.0496365986764431,27.122106552124023,209.17140197753906,4924.30810546875,158.825439453125,0.12219925076170246,0.03225335134427098,-0.5186825394630432,True,0.07772288471460342,True,2.0398168999236077e-05,0.01
gpomdp_logbarrier_handoff,706,123,485701,546.4135158976487,True,239.1954803466797,0.05304352939128876,28.983701705932617,219.2111358642578,5475.7529296875,154.92166137695312,0.12117161103514532,0.028292303061561705,-0.7212858200073242,True,-0.027175359427928925,True,2.424882768536918e-05,0.01
gpomdp_logbarrier_handoff,706,124,489518,546.4135158976487,True,478.64117431640625,0.058384500443935394,31.902082443237305,460.942626953125,6435.90380859375,162.71546936035156,0.06665135419826711,0.025282458252884457,-0.5778471827507019,True,-0.015117848291993141,True,3.101452603004873e-05,0.01
gpomdp_logbarrier_handoff,706,125,492791,546.4135158976487,True,190.7685089111328,0.062331315129995346,34.05867385864258,175.17596435546875,4948.6181640625,165.58677673339844,0.1785340465941808,0.03346121507937526,-0.5283714532852173,True,-0.33741769194602966,True,2.762463736871723e-05,0.01
gpomdp_logbarrier_handoff,706,126,496605,546.4135158976487,True,340.47344970703125,0.06790195405483246,37.10254669189453,327.2404479980469,3513.524169921875,169.92506408691406,0.10897339197467623,0.0483631407865603,-0.40421515703201294,True,-0.3414551019668579,True,3.2951800676528364e-05,0.01
gpomdp_logbarrier_handoff,706,127,500320,546.4135158976487,True,230.85244750976562,0.07469948381185532,40.816810607910156,246.0078582763672,4782.22705078125,182.73861694335938,0.1768090875717638,0.03821203280457088,0.2950868010520935,True,-0.14330829679965973,True,2.5774972527869977e-05,0.01
gpomdp_logbarrier_handoff,706,128,503931,546.4135158976487,True,311.7978210449219,0.07887572795152664,43.0987663269043,287.720458984375,4800.37353515625,177.5786590576172,0.13822664373493135,0.03699267520685494,-0.6061990261077881,True,0.058558035641908646,True,3.4770222555380315e-05,0.01
gpomdp_logbarrier_handoff,706,129,507151,546.4135158976487,True,258.3990783691406,0.08324358612298965,45.48542022705078,219.07986450195312,4932.8271484375,180.23178100585938,0.17602779589667022,0.03653721802576212,-0.8866806626319885,True,-0.11301299184560776,True,3.6671139241661876e-05,0.01
gpomdp_logbarrier_handoff,706,130,510750,546.4135158976487,True,312.93133544921875,0.09135375916957855,49.916927337646484,311.3941955566406,5648.15673828125,193.1881103515625,0.15951399455088064,0.03420374456717895,-0.11047541350126266,True,0.13053464889526367,True,3.898569048033096e-05,0.01
gpomdp_logbarrier_handoff,706,131,514491,546.4135158976487,True,249.8791046142578,0.09394145011901855,51.33088302612305,247.87942504882812,4682.3662109375,187.07574462890625,0.20542287081332117,0.03995324931909802,-0.14151236414909363,True,-0.09675468504428864,True,2.968628723465372e-05,0.01
gpomdp_logbarrier_handoff,706,132,517974,546.4135158976487,True,317.69366455078125,0.09972215443849564,54.48953628540039,284.4471740722656,4806.630859375,195.510986328125,0.1715159676301653,0.04067526549220945,-0.6639770865440369,True,-0.09552697092294693,True,2.8276162993279286e-05,0.01
gpomdp_logbarrier_handoff,706,133,520925,546.4135158976487,True,297.321533203125,0.1052953377366066,57.5347900390625,285.59893798828125,4079.170654296875,191.3880615234375,0.1935103368371093,0.0469183757541095,-0.29648616909980774,True,-0.07124067842960358,True,3.122774796793237e-05,0.01
gpomdp_logbarrier_handoff,706,134,524352,546.4135158976487,True,248.94512939453125,0.11325057595968246,61.88164520263672,243.48446655273438,3751.273681640625,209.02963256835938,0.24857544051229835,0.05572230935625576,-0.2115640491247177,True,0.10433364659547806,True,3.2147581805475056e-05,0.01
gpomdp_logbarrier_handoff,706,135,527235,546.4135158976487,True,408.2859191894531,0.12133364379405975,66.29834747314453,362.8353271484375,5372.72802734375,218.03402709960938,0.1623821551445195,0.04058162370958582,-0.7285801768302917,True,-0.4057322144508362,True,4.573006299324334e-05,0.01
gpomdp_logbarrier_handoff,706,136,530639,546.4135158976487,True,350.90460205078125,0.12664572894573212,69.20094299316406,327.1163330078125,4472.4228515625,220.33163452148438,0.19720728251705752,0.04926449082168262,-0.430708646774292,True,0.0004928992711938918,True,5.9012279962189496e-05,0.01
gpomdp_logbarrier_handoff,706,137,533700,546.4135158976487,True,325.51416015625,0.14116305112838745,77.13339233398438,267.0450744628906,5365.2578125,225.1936798095703,0.23695863890209748,0.041972573859342444,-0.8084267973899841,True,-0.3506016135215759,True,5.090743798064068e-05,0.01
gpomdp_logbarrier_handoff,706,138,536644,546.4135158976487,True,211.2979278564453,0.1385927051305771,75.72892761230469,159.03318786621094,4757.00634765625,219.4698028564453,0.3583988181074569,0.04613611730086861,-0.7839998006820679,True,-0.1599564105272293,True,5.3033701988169923e-05,0.01
gpomdp_logbarrier_handoff,706,139,539277,546.4135158976487,True,209.83201599121094,0.1458842009305954,79.71309661865234,151.04559326171875,3784.549072265625,242.72393798828125,0.37989005749242394,0.06413549761239436,-0.8241148591041565,True,0.02789081446826458,True,4.968152643414214e-05,0.01
gpomdp_logbarrier_handoff,706,140,541539,546.4135158976487,True,391.9227600097656,0.15977585315704346,87.3036880493164,359.6577453613281,3625.47412109375,236.40415954589844,0.22275738221261007,0.0652064120856499,-0.4657386541366577,True,-0.263370543718338,True,6.42965969746001e-05,0.01
gpomdp_logbarrier_handoff,706,141,544020,546.4135158976487,True,258.50335693359375,0.16975751519203186,92.75779724121094,191.5168914794922,4705.5400390625,243.3466033935547,0.35882627731228744,0.0517149150519262,-0.8080105185508728,True,-0.055724747478961945,True,5.519150727195665e-05,0.01
gpomdp_logbarrier_handoff,706,142,546599,546.4135158976487,True,422.5321960449219,0.1651945263147354,90.26451873779297,355.7105712890625,3952.120361328125,231.898681640625,0.2136275521314272,0.05867702914865036,-0.7885637879371643,True,-0.2732597589492798,True,7.213799835881218e-05,0.01
gpomdp_logbarrier_handoff,706,143,549247,546.4135158976487,True,533.0989990234375,0.1776062399148941,97.04646301269531,478.4771728515625,4353.8525390625,259.0332946777344,0.18204210323123998,0.05949519244248706,-0.6250282526016235,True,-0.1620815545320511,True,0.0001059377973433584,0.01
gpomdp_logbarrier_handoff,706,144,551778,546.4135158976487,True,177.55685424804688,0.19352903962135315,105.74688720703125,150.02914428710938,3148.714111328125,250.4088592529297,0.5955663477755856,0.07952734049497667,-0.5379208922386169,True,0.007213312666863203,True,8.575865649618208e-05,0.01
gpomdp_logbarrier_handoff,706,145,553941,546.4135158976487,True,130.49069213867188,0.21237047016620636,116.04208374023438,184.0376739501953,3503.4033203125,299.1196594238281,0.8892747968331486,0.0853797385215548,0.11148401349782944,True,-0.27451378107070923,True,6.014350583427586e-05,0.01
gpomdp_logbarrier_handoff,706,146,555848,546.4135158976487,True,321.12701416015625,0.20332391560077667,111.09893798828125,233.5929718017578,3726.623779296875,291.697998046875,0.34596571789152775,0.07827406664106873,-0.853492021560669,True,-0.2991546392440796,True,6.30717768217437e-05,0.01
gpomdp_logbarrier_handoff,706,147,557960,546.4135158976487,True,206.57876586914062,0.2400604784488678,131.17230224609375,310.74725341796875,3776.24560546875,309.298583984375,0.6349747598414164,0.08190637376352045,0.6768710017204285,True,-0.18087920546531677,True,3.924965130863711e-05,0.01
gpomdp_logbarrier_handoff,706,148,560155,546.4135158976487,True,336.1499328613281,0.23492759466171265,128.36761474609375,228.71197509765625,3438.669677734375,317.9638977050781,0.3818760683764563,0.09246712464530002,-0.8941423296928406,True,-0.2309810221195221,True,4.5485463488148525e-05,0.01
gpomdp_logbarrier_handoff,706,149,562361,546.4135158976487,True,447.7789611816406,0.2289692908525467,125.11190795898438,348.78192138671875,4646.201171875,361.4716796875,0.2794055076389196,0.07779940349453834,-0.8435020446777344,True,-0.495626300573349,True,4.737544441013597e-05,0.01
gpomdp_logbarrier_handoff,706,150,564537,546.4135158976487,True,216.13389587402344,0.2605625092983246,142.3748779296875,100.70103454589844,2727.9677734375,302.1978759765625,0.6587346114959803,0.11077765614355638,-0.9236270785331726,True,-0.1955445259809494,True,4.6812168875476345e-05,0.01
gpomdp_logbarrier_handoff,706,151,566295,546.4135158976487,True,177.67263793945312,0.26223811507225037,143.2904510498047,115.33120727539062,3329.73193359375,310.7586669921875,0.8064857521766232,0.09332843399702404,-0.7619848847389221,True,-0.07767787575721741,True,3.758824459509924e-05,0.01
gpomdp_logbarrier_handoff,706,152,568188,546.4135158976487,True,230.30075073242188,0.2677432894706726,146.29856872558594,211.30520629882812,3010.906982421875,343.9363708496094,0.6352500730471563,0.1142301548528604,-0.4421112537384033,True,-0.3925311267375946,True,2.6930538297165185e-05,0.01
gpomdp_logbarrier_handoff,706,153,569907,546.4135158976487,True,220.48948669433594,0.2941599488258362,160.73297119140625,256.8560791015625,3509.257080078125,378.0314636230469,0.7289824725939428,0.1077240723596776,-0.1195777952671051,True,-0.3783876597881317,True,1.684912604105193e-05,0.01
gpomdp_logbarrier_handoff,706,154,571606,546.4135158976487,True,238.528076171875,0.2723487913608551,148.8150634765625,326.1246337890625,3359.32763671875,326.5566711425781,0.6238890862027142,0.09720893775682593,0.3847653865814209,True,0.16026152670383453,True,9.02761075849412e-06,0.01
gpomdp_logbarrier_handoff,706,155,573736,546.4135158976487,True,312.5326843261719,0.26571932435035706,145.192626953125,203.53883361816406,4714.67626953125,351.01763916015625,0.46456781717459045,0.07445211910489363,-0.8520700335502625,True,-0.13652245700359344,True,1.0549587386776693e-05,0.01
gpomdp_logbarrier_handoff,706,156,575656,546.4135158976487,True,137.21975708007812,0.28568315505981445,156.10113525390625,140.0548858642578,3599.811279296875,333.6423645019531,1.1375995598273025,0.09268329326617396,-0.5504499673843384,True,-0.06675387918949127,True,6.509681043098681e-06,0.01
gpomdp_logbarrier_handoff,706,157,577607,546.4135158976487,True,204.317626953125,0.2853105664253235,155.89755249023438,197.4807891845703,3023.25048828125,366.6918640136719,0.7630156771838424,0.12129059945083813,-0.424628883600235,True,-0.12707588076591492,True,4.096239081263775e-06,0.01
gpomdp_logbarrier_handoff,706,158,579403,546.4135158976487,True,259.493896484375,0.29298165440559387,160.0891571044922,125.31999206542969,3413.802490234375,341.8365173339844,0.6169284105459941,0.1001336539860909,-0.9299048185348511,True,-0.12615340948104858,True,5.668235189659754e-06,0.01
gpomdp_logbarrier_handoff,706,159,580985,546.4135158976487,True,215.85093688964844,0.296576589345932,162.053466796875,251.23370361328125,3255.147705078125,346.3041687011719,0.7507656400848663,0.10638662207583616,-0.13914735615253448,True,-0.1525082141160965,True,5.741510449297493e-06,0.01
gpomdp_logbarrier_handoff,706,160,582685,546.4135158976487,True,220.04872131347656,0.28723597526550293,156.94961547851562,240.44374084472656,3655.8564453125,344.4754333496094,0.7132493865071302,0.09422564548213924,-0.22065646946430206,True,-0.05805787444114685,True,9.803264219954144e-06,0.01
gpomdp_logbarrier_handoff,706,161,584580,546.4135158976487,True,268.2608642578125,0.30866074562072754,168.65640258789062,265.349365234375,3789.308349609375,366.0003662109375,0.6287029718423748,0.09658764408778374,-0.33152079582214355,True,-0.2582567036151886,True,5.547825367102632e-06,0.01
gpomdp_logbarrier_handoff,706,162,586143,546.4135158976487,True,251.92123413085938,0.28696978092193604,156.80416870117188,133.2863006591797,3550.914306640625,355.05181884765625,0.6224333142942633,0.09998884461493983,-0.8896522521972656,True,-0.19172239303588867,True,4.25513007940026e-06,0.01
gpomdp_logbarrier_handoff,706,163,587892,546.4135158976487,True,353.2257080078125,0.29824376106262207,162.96441650390625,277.11065673828125,2842.2607421875,360.17547607421875,0.46136057713076156,0.1267214758759309,-0.6474227905273438,True,-0.19544930756092072,True,8.108027941489127e-06,0.01
gpomdp_logbarrier_handoff,706,164,589492,546.4135158976487,True,165.7662811279297,0.30240678787231445,165.23915100097656,162.59613037109375,3081.376708984375,365.5443420410156,0.9968200400988286,0.1186302021999444,-0.5174117684364319,True,-0.23297119140625,True,9.689818398328498e-06,0.01
gpomdp_logbarrier_handoff,706,165,591178,546.4135158976487,True,225.8278350830078,0.297262579202652,162.42828369140625,193.13690185546875,3118.349609375,373.03033447265625,0.719257143972984,0.11962428245735456,-0.5463247895240784,True,0.009726699441671371,True,1.1721258488250896e-05,0.01
gpomdp_logbarrier_handoff,706,166,592992,546.4135158976487,True,179.75454711914062,0.331438809633255,181.10264587402344,180.4997100830078,4152.74169921875,425.11279296875,1.007499664272689,0.10236918733682038,-0.49962669610977173,True,-0.35903775691986084,True,8.19085744296899e-06,0.01
gpomdp_logbarrier_handoff,706,167,594986,546.4135158976487,True,312.5593566894531,0.2772957980632782,151.51817321777344,244.76405334472656,4105.396484375,367.9993591308594,0.4847660771464795,0.0896379583632062,-0.6412973999977112,True,-0.20338141918182373,True,1.2079156476829667e-05,0.01
gpomdp_logbarrier_handoff,706,168,596615,546.4135158976487,True,323.49627685546875,0.28356102108955383,154.94158935546875,202.83657836914062,3060.172607421875,358.1724853515625,0.47895942068196773,0.11704322968020898,-0.8729926943778992,True,-0.2509530782699585,True,5.807786237710388e-06,0.01
gpomdp_logbarrier_handoff,706,169,598420,546.4135158976487,True,202.3912353515625,0.258644163608551,141.32664489746094,144.91845703125,3536.796875,353.2513122558594,0.6982844126227616,0.09987888045050916,-0.6980681419372559,True,-0.18851327896118164,True,2.2420733785111224e-06,0.01
gpomdp_logbarrier_handoff,706,170,600214,546.4135158976487,True,125.57843780517578,0.28482475876808167,155.63211059570312,197.2801055908203,3520.3818359375,326.4889221191406,1.2393219195571858,0.09274247434929017,-0.027421511709690094,True,0.041144564747810364,True,1.5145492398005445e-06,0.01
gpomdp_logbarrier_handoff,706,171,602019,546.4135158976487,True,344.504638671875,0.2815888226032257,153.8639373779297,246.13426208496094,3498.73974609375,326.5276184082031,0.44662370286537156,0.09332720982541286,-0.7713670134544373,True,-0.18487344682216644,True,3.345109689689707e-06,0.01
gpomdp_logbarrier_handoff,706,172,604068,546.4135158976487,True,206.62017822265625,0.30751824378967285,168.03211975097656,223.32620239257812,3482.045654296875,329.4808654785156,0.8132415778380717,0.0946227873468383,-0.30317991971969604,True,-0.1785995215177536,True,3.316490392535343e-06,0.01
gpomdp_logbarrier_handoff,706,173,605874,546.4135158976487,True,418.49945068359375,0.26226747035980225,143.30650329589844,310.3957214355469,3961.32763671875,352.5600280761719,0.3424293701265697,0.08900047166212302,-0.828138530254364,True,-0.0901741161942482,True,4.735691618407145e-06,0.01
gpomdp_logbarrier_handoff,706,174,607591,546.4135158976487,True,177.83102416992188,0.29089513421058655,158.9490203857422,161.9467315673828,3260.877685546875,315.1209411621094,0.8938205306283482,0.09663684797464615,-0.5423803925514221,True,-0.15068842470645905,True,5.570881512539927e-06,0.01
gpomdp_logbarrier_handoff,706,175,609401,546.4135158976487,True,148.34027099609375,0.2756587862968445,150.62368774414062,117.91329193115234,2875.842041015625,354.5682678222656,1.0153931008263226,0.12329198292721502,-0.6889858841896057,True,-0.2703913152217865,True,5.7509423641022295e-06,0.01
gpomdp_logbarrier_handoff,706,176,611233,546.4135158976487,True,353.3390197753906,0.2640945017337799,144.30479431152344,273.33929443359375,3472.5556640625,308.3310852050781,0.4084032225007434,0.08879082584506806,-0.6958228349685669,True,-0.2295093834400177,True,3.851489964290522e-06,0.01
gpomdp_logbarrier_handoff,706,177,613079,546.4135158976487,True,239.3899383544922,0.30069050192832947,164.3013458251953,245.3927001953125,3125.009521484375,353.2182922363281,0.6863335483294015,0.11302950912883937,-0.3061736822128296,True,-0.11665769666433334,True,4.000048193120165e-06,0.01
gpomdp_logbarrier_handoff,706,178,614797,546.4135158976487,True,240.135009765625,0.2801113724708557,153.056640625,189.90423583984375,2930.35791015625,384.7676696777344,0.6373774518525447,0.131303984521542,-0.6125487089157104,True,-0.17328056693077087,True,1.2805996902898187e-06,0.01
gpomdp_logbarrier_handoff,706,179,616414,546.4135158976487,True,227.60374450683594,0.28320300579071045,154.74595642089844,109.74808502197266,4091.020263671875,325.5098571777344,0.6798919620421743,0.07956691392322135,-0.9043691754341125,True,-0.12011024355888367,True,1.1339719776515267e-06,0.01
gpomdp_logbarrier_handoff,706,180,618285,546.4135158976487,True,231.85768127441406,0.2563329041004181,140.0637664794922,258.14825439453125,3436.746337890625,351.54119873046875,0.6040937083025529,0.10228895710302394,-0.10370054095983505,True,-0.07561236619949341,True,1.0723216519181733e-06,0.01
gpomdp_logbarrier_handoff,706,181,620129,546.4135158976487,True,228.55320739746094,0.276135116815567,150.8839569091797,239.35064697265625,3335.723876953125,329.78826904296875,0.6601699386646013,0.09886557796990074,-0.2568333148956299,True,-0.22071625292301178,True,4.196624104224611e-06,0.01
gpomdp_logbarrier_handoff,706,182,621794,546.4135158976487,True,194.97848510742188,0.2728731036186218,149.1015625,79.49333953857422,2800.2265625,375.8996887207031,0.764707769771899,0.1342390268539934,-0.9275150895118713,True,-0.26094409823417664,True,2.8772910809493624e-06,0.01
gpomdp_logbarrier_handoff,706,183,623457,546.4135158976487,True,143.9249267578125,0.2835354208946228,154.92758178710938,151.34368896484375,3028.456298828125,381.4388122558594,1.0764471817158638,0.1259515656222145,-0.48910412192344666,True,-0.3930278718471527,True,4.836092557525262e-06,0.01
gpomdp_logbarrier_handoff,706,184,624996,546.4135158976487,True,164.9948272705078,0.28298985958099365,154.62948608398438,153.4375762939453,4251.73095703125,334.5860900878906,0.9371777809159463,0.07869408800069365,-0.540712833404541,True,-0.11202656477689743,True,5.18553497386165e-06,0.01
gpomdp_logbarrier_handoff,706,185,626642,546.4135158976487,True,229.22120666503906,0.28894472122192383,157.88330078125,333.81915283203125,2761.83935546875,408.81890869140625,0.6887813875439757,0.1480241448083862,0.46926674246788025,True,-0.12444774806499481,True,1.623596290301066e-05,0.01
gpomdp_logbarrier_handoff,706,186,628402,546.4135158976487,True,177.46739196777344,0.2668353319168091,145.80242919921875,222.56170654296875,3669.78662109375,315.1663818359375,0.8215730652406005,0.0858813915840166,-0.06220860034227371,True,-0.12917396426200867,True,2.087774009851273e-05,0.01
gpomdp_logbarrier_handoff,706,187,629967,546.4135158976487,True,184.15823364257812,0.26194778084754944,143.13180541992188,119.04204559326172,4233.68896484375,353.8593444824219,0.7772218628992607,0.08358180003794434,-0.763119101524353,True,-0.18522441387176514,True,1.5619305486325175e-05,0.01
gpomdp_logbarrier_handoff,706,188,631704,546.4135158976487,True,257.85101318359375,0.31911635398864746,174.36949157714844,273.820556640625,4170.287109375,357.924072265625,0.6762412504192674,0.08582720155190154,-0.24369999766349792,True,-0.0858980044722557,True,2.3677894205320626e-05,0.01
gpomdp_logbarrier_handoff,706,189,633756,546.4135158976487,True,193.97283935546875,0.24448338150978088,133.5890350341797,227.51939392089844,3053.0,313.122314453125,0.6886996936172516,0.1025621730930642,-0.07151761651039124,True,-0.1624431312084198,True,2.4247696273960173e-05,0.01
gpomdp_logbarrier_handoff,706,190,635349,546.4135158976487,True,128.799072265625,0.258655846118927,141.33306884765625,213.70584106445312,3195.9990234375,310.5742492675781,1.0973143390053473,0.09717595249248098,0.25011444091796875,True,-0.10961697995662689,True,3.339566683280282e-05,0.01
gpomdp_logbarrier_handoff,706,191,637197,546.4135158976487,True,188.47779846191406,0.24124668538570404,131.8204345703125,141.35287475585938,3732.5888671875,295.84906005859375,0.6993950250164325,0.07926108944366958,-0.6624990105628967,True,-0.06915879994630814,True,2.7072694138041697e-05,0.01
gpomdp_logbarrier_handoff,706,192,639117,546.4135158976487,True,356.00152587890625,0.23418337106704712,127.9609603881836,294.05047607421875,3383.442138671875,288.9673156738281,0.3594393593461997,0.08540631222003353,-0.6217350363731384,True,-0.09179594367742538,True,1.7198282876051962e-05,0.01
gpomdp_logbarrier_handoff,706,193,641095,546.4135158976487,True,148.16329956054688,0.2166130393743515,118.36028289794922,152.68458557128906,3494.21533203125,299.3707580566406,0.7988502095256143,0.08567610453549554,-0.3606429398059845,True,-0.08908385038375854,True,1.641977723920718e-05,0.01
gpomdp_logbarrier_handoff,706,194,643013,546.4135158976487,True,232.24517822265625,0.23842662572860718,130.27952575683594,204.2227020263672,4949.765625,328.02581787109375,0.5609568592719517,0.06627097982464447,-0.48259690403938293,True,-0.12416627258062363,True,1.7541140550747514e-05,0.01
gpomdp_logbarrier_handoff,706,195,645051,546.4135158976487,True,171.17730712890625,0.214504212141037,117.20800018310547,122.25517272949219,3903.6201171875,292.0911865234375,0.6847169297671051,0.07482572016610183,-0.7001087069511414,True,-0.2340547889471054,True,1.2300910384510644e-05,0.01
gpomdp_logbarrier_handoff,706,196,647256,546.4135158976487,True,318.37762451171875,0.21152625977993011,115.580810546875,279.9270324707031,4224.74072265625,267.0256042480469,0.3630305701417806,0.06320520518952889,-0.49409934878349304,True,-0.0642501637339592,True,1.1224744412174914e-05,0.01
gpomdp_logbarrier_handoff,706,197,649273,546.4135158976487,True,477.2438659667969,0.24419724941253662,133.4326629638672,376.2590637207031,4485.64794921875,305.67138671875,0.27959010577026555,0.06814431051638543,-0.8165455460548401,True,-0.18381066620349884,True,4.662866103899432e-06,0.01
gpomdp_logbarrier_handoff,706,198,651576,546.4135158976487,True,505.41082763671875,0.19984497129917145,109.19798278808594,434.29168701171875,4579.822265625,298.468994140625,0.21605786187583562,0.06517043169575784,-0.7134918570518494,True,-0.30430176854133606,True,1.1542814718268346e-05,0.01
gpomdp_logbarrier_handoff,706,199,653665,546.4135158976487,True,245.51840209960938,0.20180514454841614,110.26905822753906,193.75559997558594,3551.00537109375,302.7135314941406,0.4491274677765366,0.08524727502760758,-0.6445022225379944,True,-0.24871663749217987,True,1.330410668742843e-05,0.01
gpomdp_logbarrier_handoff,706,200,655899,546.4135158976487,True,417.2204284667969,0.22558355331420898,123.26190948486328,334.9597473144531,4590.53515625,280.9393615722656,0.2954359400325305,0.06119969720518696,-0.7492929697036743,True,-0.14957895874977112,True,1.694143793429248e-05,0.01
gpomdp_logbarrier_handoff,706,201,658271,546.4135158976487,True,291.6261291503906,0.20891907811164856,114.15620422363281,195.42782592773438,3882.84228515625,275.4537658691406,0.39144710577275754,0.07094127075986967,-0.899425208568573,True,-0.21905332803726196,True,2.1372612536652014e-05,0.01
gpomdp_logbarrier_handoff,706,202,660402,546.4135158976487,True,251.84951782226562,0.2332078218460083,127.42789459228516,252.35475158691406,3769.60888671875,314.36981201171875,0.505968388163495,0.0833958698259971,-0.2490154355764389,True,0.05250104144215584,True,2.0496227080002427e-05,0.01
gpomdp_logbarrier_handoff,706,203,662522,546.4135158976487,True,295.47772216796875,0.2070492058992386,113.13448333740234,223.8900604248047,3692.80908203125,286.5913391113281,0.38288667757188594,0.07760794905586806,-0.7475566267967224,True,-0.06167609244585037,True,2.069718721031677e-05,0.01
gpomdp_logbarrier_handoff,706,204,664565,546.4135158976487,True,330.87347412109375,0.2243615835905075,122.59420013427734,244.45899963378906,4616.7646484375,285.837890625,0.37051685832455117,0.06191303052923417,-0.7980931997299194,True,-0.08514881134033203,True,3.102634218521416e-05,0.01
gpomdp_logbarrier_handoff,706,205,666938,546.4135158976487,True,402.8001708984375,0.2731538414955139,149.2549591064453,360.3866271972656,4982.57177734375,364.66961669921875,0.37054343540504264,0.07318903429698852,-0.4544792175292969,True,-0.3503614366054535,True,3.658505011117086e-05,0.01
gpomdp_logbarrier_handoff,706,206,669050,546.4135158976487,True,264.21673583984375,0.2683967351913452,146.6555938720703,286.8479309082031,3302.57275390625,326.0110168457031,0.5550579277497634,0.09871425738012904,-0.11660505831241608,True,0.05744272097945213,True,3.784245200222358e-05,0.01
gpomdp_logbarrier_handoff,706,207,671246,546.4135158976487,True,389.6053771972656,0.23243337869644165,127.00472259521484,283.1856994628906,3666.745849609375,284.4417724609375,0.325982981828584,0.07757335362941492,-0.8864728808403015,True,-0.2558324337005615,True,3.739066232810728e-05,0.01
gpomdp_logbarrier_handoff,706,208,673349,546.4135158976487,True,277.3899841308594,0.2321230173110962,126.83515930175781,213.17535400390625,3357.36865234375,309.9515075683594,0.45724491350748636,0.0923197717212213,-0.6763052344322205,True,-0.2831331491470337,True,4.3230953451711684e-05,0.01
gpomdp_logbarrier_handoff,706,209,675202,546.4135158976487,True,162.0037078857422,0.2632421553134918,143.8390655517578,239.0057373046875,3578.239013671875,315.40032958984375,0.8878751445195593,0.08814400837527898,0.21862217783927917,True,-0.0763198658823967,True,2.378775752731599e-05,0.01
gpomdp_logbarrier_handoff,706,210,677267,546.4135158976487,True,226.3790283203125,0.2562834322452545,140.03672790527344,200.53060913085938,4128.46337890625,310.0024108886719,0.6185940850807523,0.07508905431318141,-0.4833422005176544,True,-0.049686700105667114,True,1.5446601537405513e-05,0.01
gpomdp_logbarrier_handoff,706,211,679118,546.4135158976487,True,164.32644653320312,0.25999897718429565,142.06695556640625,181.7495880126953,3059.51416015625,321.00048828125,0.8645410313652756,0.10491877843273537,-0.3031286299228668,True,-0.1794160157442093,True,6.137177024356788e-06,0.01
gpomdp_logbarrier_handoff,706,212,680842,546.4135158976487,True,217.63877868652344,0.2933379113674164,160.2838134765625,101.66973876953125,4702.54248046875,360.3283996582031,0.7364671610633677,0.07662416685330731,-0.8989916443824768,True,-0.31692737340927124,True,4.864738002652302e-06,0.01
gpomdp_logbarrier_handoff,706,213,682875,546.4135158976487,True,116.81069946289062,0.27099594473838806,148.0758514404297,145.24705505371094,3598.489013671875,326.56884765625,1.2676565770199126,0.09075165893671057,-0.41841447353363037,True,-0.06339572370052338,True,2.9343325422814814e-06,0.01
gpomdp_logbarrier_handoff,706,214,684637,546.4135158976487,True,452.8598327636719,0.26429662108421326,144.41525268554688,316.14154052734375,4561.265625,320.33465576171875,0.31889614012402595,0.07022933591194193,-0.9632461667060852,True,-0.24392147362232208,True,7.735079634585418e-06,0.01
gpomdp_logbarrier_handoff,706,215,686597,546.4135158976487,True,196.35137939453125,0.2516114413738251,137.48390197753906,86.13339233398438,3228.3759765625,303.9559020996094,0.7001932066965059,0.09415133314901401,-0.9267723560333252,True,-0.0833234116435051,True,7.854758223402314e-06,0.01
gpomdp_logbarrier_handoff,706,216,688679,546.4135158976487,True,166.12106323242188,0.31971079111099243,174.6942901611328,227.898681640625,4715.13134765625,364.3538513183594,1.0516083075914102,0.07727331954378508,-0.10641629248857498,True,0.04815174639225006,True,2.691243253138964e-06,0.01
gpomdp_logbarrier_handoff,706,217,690846,546.4135158976487,True,307.8974914550781,0.2709308862686157,148.04029846191406,257.7743835449219,3678.394287109375,357.4881896972656,0.48081034295634384,0.09718593543657163,-0.5514239072799683,True,-0.18085910379886627,True,6.0948350437683985e-06,0.01
gpomdp_logbarrier_handoff,706,218,692778,546.4135158976487,True,221.5712432861328,0.30496105551719666,166.63482666015625,234.79466247558594,3649.594970703125,357.5699462890625,0.7520598078919802,0.09797524085807628,-0.29430609941482544,True,0.012644779868423939,True,4.779073151439661e-06,0.01
gpomdp_logbarrier_handoff,706,219,695054,546.4135158976487,True,175.49029541015625,0.2761523723602295,150.89337158203125,73.28370666503906,3117.6142578125,349.3246154785156,0.859838837409003,0.1120486970455486,-0.9100181460380554,True,-0.07713393867015839,True,4.589720902004046e-06,0.01
gpomdp_logbarrier_handoff,706,220,696929,546.4135158976487,True,248.4533233642578,0.29042840003967285,158.69398498535156,177.15321350097656,3874.075927734375,316.1956787109375,0.63872755991551,0.08161834837755853,-0.7041887640953064,True,-0.06991676986217499,True,8.240284842031542e-06,0.01
gpomdp_logbarrier_handoff,706,221,698814,546.4135158976487,True,115.36874389648438,0.2928793728351593,160.0332489013672,101.21371459960938,3826.30810546875,389.7878112792969,1.3871456297119646,0.10187047162307519,-0.7765972018241882,True,-0.31466928124427795,True,5.738168056268478e-06,0.01
gpomdp_logbarrier_handoff,706,222,700422,546.4135158976487,True,184.1299285888672,0.3066714107990265,167.5694122314453,129.369384765625,4048.942626953125,325.72149658203125,0.910060702872487,0.08044606372383704,-0.7332291007041931,True,-0.03183113783597946,True,3.166036094626179e-06,0.01
gpomdp_logbarrier_handoff,706,223,702226,546.4135158976487,True,212.6835479736328,0.3091161549091339,168.90524291992188,280.1066589355469,3650.12646484375,401.97503662109375,0.7941622402352517,0.11012633137309695,0.06536789238452911,True,-0.1384483426809311,True,4.225441898597637e-06,0.01
gpomdp_logbarrier_handoff,706,224,703974,546.4135158976487,True,106.71495056152344,0.2972874343395233,162.44187927246094,192.5809783935547,3817.8056640625,342.6414489746094,1.5222035752039236,0.08974826880266269,-0.019844578579068184,True,-0.2948154807090759,True,7.773458492010832e-06,0.01
gpomdp_logbarrier_handoff,706,225,705531,546.4135158976487,True,300.0850524902344,0.26800933480262756,146.44390869140625,258.7865905761719,4204.1552734375,325.2835998535156,0.4880080079835764,0.07737192817513365,-0.5066073536872864,True,-0.098284050822258,True,1.1724336218321696e-05,0.01
gpomdp_logbarrier_handoff,706,226,707402,546.4135158976487,True,196.599609375,0.2637364864349365,144.1091766357422,274.7035827636719,4162.49853515625,322.93560791015625,0.7330084586326111,0.07758215532874273,0.28313055634498596,True,0.05149988457560539,True,2.2441026885644533e-05,0.01
gpomdp_logbarrier_handoff,706,227,709237,546.4135158976487,True,234.3912353515625,0.253921240568161,138.74600219726562,147.0397491455078,3255.33740234375,338.1166687011719,0.5919419383969756,0.10386532236496823,-0.8082356452941895,True,-0.329590767621994,True,1.3512773875845596e-05,0.01
gpomdp_logbarrier_handoff,706,228,711171,546.4135158976487,True,121.96683502197266,0.2685287594795227,146.72775268554688,164.7496795654297,3506.162353515625,299.6879577636719,1.2030135295313147,0.08547463795085676,-0.25878745317459106,True,-0.12827149033546448,True,1.6857160517247394e-05,0.01
gpomdp_logbarrier_handoff,706,229,713130,546.4135158976487,True,198.8355712890625,0.26797711849212646,146.4263153076172,174.88046264648438,3136.766357421875,334.34417724609375,0.7364191143381786,0.1065888048866008,-0.5219530463218689,True,-0.11037444323301315,True,1.765134402376134e-05,0.01
gpomdp_logbarrier_handoff,706,230,714829,546.4135158976487,True,255.0509033203125,0.2723126709461212,148.79531860351562,149.66937255859375,3019.945068359375,315.7810974121094,0.5833945956139078,0.10456517925462189,-0.853615939617157,True,0.021163325756788254,True,1.284608879359439e-05,0.01
gpomdp_logbarrier_handoff,706,231,716398,546.4135158976487,True,345.2143859863281,0.25178003311157227,137.57601928710938,265.37408447265625,4200.4482421875,310.9057312011719,0.3985234244918111,0.07401727465144507,-0.7124882936477661,True,-0.21917709708213806,True,1.4963422472646926e-05,0.01
gpomdp_logbarrier_handoff,706,232,718337,546.4135158976487,True,207.20095825195312,0.2637777030467987,144.1317138671875,154.9724884033203,3923.18408203125,293.66888427734375,0.6956131626183195,0.07485472976462912,-0.664502739906311,True,-0.2070821225643158,True,7.837830708012916e-06,0.01
gpomdp_logbarrier_handoff,706,233,720184,546.4135158976487,True,203.174072265625,0.24888037145137787,135.9915771484375,145.31533813476562,2938.14453125,301.7684326171875,0.669335292795851,0.10270714371181855,-0.6995460391044617,True,-0.2712099254131317,True,8.883114787749946e-06,0.01
gpomdp_logbarrier_handoff,706,234,722074,546.4135158976487,True,348.3263244628906,0.25424325466156006,138.9219512939453,257.11907958984375,3821.419677734375,316.0350036621094,0.39882702379201185,0.08270094109356727,-0.76999431848526,True,-0.42831140756607056,True,7.519075097661698e-06,0.01
gpomdp_logbarrier_handoff,706,235,724045,546.4135158976487,True,203.90713500976562,0.2566774785518646,140.25204467773438,152.8784942626953,3271.248046875,277.36260986328125,0.687823134148873,0.08478800931291156,-0.6622210741043091,True,-0.0414745919406414,True,4.709515906142769e-06,0.01
gpomdp_logbarrier_handoff,706,236,725954,546.4135158976487,True,228.59475708007812,0.2598100006580353,141.9636993408203,164.0095977783203,2821.20068359375,377.3412170410156,0.6210278011367057,0.13375199404827323,-0.7011877298355103,True,-0.14041174948215485,True,7.10896074451739e-06,0.01
gpomdp_logbarrier_handoff,706,237,727621,546.4135158976487,True,129.6064910888672,0.27786970138549805,151.8317413330078,210.90216064453125,3543.397705078125,321.1038513183594,1.1714825396275983,0.09062032490967019,0.11761637032032013,True,-0.3034774661064148,True,8.340886779478751e-06,0.01
gpomdp_logbarrier_handoff,706,238,729555,546.4135158976487,True,270.3638610839844,0.2366902232170105,129.3307342529297,192.0111846923828,4195.34423828125,279.00726318359375,0.4783580680287558,0.06650402144304075,-0.7572243213653564,True,-0.20025120675563812,True,7.214150627987692e-06,0.01
gpomdp_logbarrier_handoff,706,239,731551,546.4135158976487,True,305.4761962890625,0.2538619041442871,138.71356201171875,340.91302490234375,3658.379638671875,283.7284240722656,0.4540895942034661,0.07755576295938203,0.04324058070778847,True,-0.03163202479481697,True,1.146059457823867e-05,0.01
gpomdp_logbarrier_handoff,706,240,733357,546.4135158976487,True,242.12477111816406,0.22281739115715027,121.75043487548828,157.79519653320312,3239.168701171875,311.066162109375,0.5028417138536827,0.09603271419510712,-0.8234435319900513,True,-0.18411007523536682,True,8.92672596819466e-06,0.01
gpomdp_logbarrier_handoff,706,241,735186,546.4135158976487,True,379.8622741699219,0.24132157862186432,131.8613739013672,322.11322021484375,4573.2978515625,285.7278137207031,0.3471294278683287,0.062477411923450854,-0.5782273411750793,True,-0.28139829635620117,True,1.2378091923892498e-05,0.01
gpomdp_logbarrier_handoff,706,242,737505,546.4135158976487,True,203.2299041748047,0.24185530841350555,132.1529998779297,176.78085327148438,2972.456298828125,327.91156005859375,0.6502635545419564,0.11031669672919031,-0.5122479796409607,True,-0.057418640702962875,True,6.336923888738966e-06,0.01
gpomdp_logbarrier_handoff,706,243,739193,546.4135158976487,True,217.08499145507812,0.2470683753490448,135.00149536132812,163.9274444580078,3275.428466796875,308.1208801269531,0.6218831364454981,0.09407040429989069,-0.6564875841140747,True,-0.07922566682100296,True,3.5225789360993076e-06,0.01
gpomdp_logbarrier_handoff,706,244,741152,546.4135158976487,True,159.96551513671875,0.2583869695663452,141.18614196777344,243.85609436035156,3559.364990234375,292.40118408203125,0.8826036152048458,0.08214981742088141,0.3086862862110138,True,-0.03883439302444458,True,5.833876002725447e-06,0.01
gpomdp_logbarrier_handoff,706,245,743350,546.4135158976487,True,225.01095581054688,0.23632478713989258,129.1310577392578,177.8948516845703,3631.1298828125,286.56329345703125,0.5738878681444413,0.07891849168311021,-0.6136134266853333,True,-0.12254025042057037,True,3.901105628756341e-06,0.01
gpomdp_logbarrier_handoff,706,246,745302,546.4135158976487,True,191.81484985351562,0.23281127214431763,127.21121978759766,142.10728454589844,3531.301513671875,301.7353820800781,0.6631979739042404,0.08544594136520824,-0.6717172861099243,True,-0.08437842130661011,True,4.477067705010995e-06,0.01
gpomdp_logbarrier_handoff,706,247,747271,546.4135158976487,True,342.0215759277344,0.2408008724451065,131.5768585205078,239.44369506835938,4736.22509765625,333.3294982910156,0.38470338651474034,0.07037872808367275,-0.855047881603241,True,-0.18638040125370026,True,3.2924870083661517e-06,0.01
gpomdp_logbarrier_handoff,706,248,749197,546.4135158976487,True,334.6930847167969,0.24105533957481384,131.71591186523438,369.6201477050781,4765.6845703125,275.7166442871094,0.39354237622413624,0.05785457266825148,0.08223434537649155,True,0.03065449185669422,True,4.725522103399271e-06,0.01
gpomdp_logbarrier_handoff,706,249,751234,546.4135158976487,True,243.79075622558594,0.20927228033542633,114.34919738769531,163.80747985839844,3453.853759765625,289.6013488769531,0.4690464854290251,0.08384875823364484,-0.8192475438117981,True,-0.1137910932302475,True,3.966274107369827e-06,0.01
gpomdp_logbarrier_handoff,706,250,753151,0.0,False,253.58065795898438,0.24401989579200745,0.0,253.58065795898438,2830.69970703125,0.0,0.0,0.0,0.20296265184879303,True,nan,False,3.740853344424977e-06,0.01
gpomdp_logbarrier_handoff,706,251,754734,0.0,False,251.10365295410156,0.22498053312301636,0.0,251.10365295410156,4274.7841796875,0.0,0.0,0.0,0.19361312687397003,True,nan,False,5.781907020718791e-06,0.01
gpomdp_logbarrier_handoff,706,252,756714,0.0,False,239.16249084472656,0.2440180778503418,0.0,239.16249084472656,3366.6083984375,0.0,0.0,0.0,-0.9218722581863403,True,nan,False,7.75061926105991e-06,0.01
gpomdp_logbarrier_handoff,706,253,758507,0.0,False,189.4236602783203,0.24970529973506927,0.0,189.4236602783203,3844.070556640625,0.0,0.0,0.0,-0.7780662775039673,True,nan,False,9.48593697103206e-06,0.01
gpomdp_logbarrier_handoff,706,254,760331,0.0,False,189.89248657226562,0.2398751974105835,0.0,189.89248657226562,3108.348388671875,0.0,0.0,0.0,0.03129921481013298,True,nan,False,6.1625651142094284e-06,0.01
gpomdp_logbarrier_handoff,706,255,762380,0.0,False,307.41424560546875,0.2449796348810196,0.0,307.41424560546875,3530.517333984375,0.0,0.0,0.0,-0.1434127688407898,True,nan,False,4.818334673473146e-06,0.01
gpomdp_logbarrier_handoff,706,256,764440,0.0,False,331.2021179199219,0.24297571182250977,0.0,331.2021179199219,4443.4052734375,0.0,0.0,0.0,-0.7863353490829468,True,nan,False,1.4148543414194137e-05,0.01
gpomdp_logbarrier_handoff,706,257,766605,0.0,False,226.37852478027344,0.23315751552581787,0.0,226.37852478027344,3453.03515625,0.0,0.0,0.0,-0.4406764507293701,True,nan,False,1.919797432492487e-05,0.01
gpomdp_logbarrier_handoff,706,258,768598,0.0,False,277.96337890625,0.25656092166900635,0.0,277.96337890625,3673.605224609375,0.0,0.0,0.0,-0.8919477462768555,True,nan,False,3.579487020033412e-05,0.01
gpomdp_logbarrier_handoff,706,259,770609,0.0,False,151.73765563964844,0.2466733604669571,0.0,151.73765563964844,4346.67333984375,0.0,0.0,0.0,-0.09287980943918228,True,nan,False,3.0106772101134993e-05,0.01
gpomdp_logbarrier_handoff,706,260,772373,0.0,False,335.2695617675781,0.26184117794036865,0.0,335.2695617675781,3461.987548828125,0.0,0.0,0.0,-0.8595800995826721,True,nan,False,5.166783739696257e-05,0.01
gpomdp_logbarrier_handoff,706,261,774331,0.0,False,311.87274169921875,0.2783553898334503,0.0,311.87274169921875,4044.0732421875,0.0,0.0,0.0,-0.9346675276756287,True,nan,False,7.307201303774491e-05,0.01
gpomdp_logbarrier_handoff,706,262,776092,0.0,False,253.8281707763672,0.30333012342453003,0.0,253.8281707763672,3363.926513671875,0.0,0.0,0.0,-0.6216439008712769,True,nan,False,7.705538882873952e-05,0.01
gpomdp_logbarrier_handoff,706,263,777871,0.0,False,227.61712646484375,0.3070944845676422,0.0,227.61712646484375,3237.752197265625,0.0,0.0,0.0,-0.7634578347206116,True,nan,False,8.512749627698213e-05,0.01
gpomdp_logbarrier_handoff,706,264,779586,0.0,False,257.2492980957031,0.3158769905567169,0.0,257.2492980957031,2841.172607421875,0.0,0.0,0.0,-0.7595952749252319,True,nan,False,9.517997386865318e-05,0.01
gpomdp_logbarrier_handoff,706,265,781307,0.0,False,242.72879028320312,0.3281065821647644,0.0,242.72879028320312,3284.543701171875,0.0,0.0,0.0,-0.8531988859176636,True,nan,False,9.896240953821689e-05,0.01
gpomdp_logbarrier_handoff,706,266,782872,0.0,False,282.85528564453125,0.36080217361450195,0.0,282.85528564453125,2718.405029296875,0.0,0.0,0.0,0.10972563177347183,True,nan,False,8.530583727406338e-05,0.01
gpomdp_logbarrier_handoff,706,267,784452,0.0,False,215.46441650390625,0.3840886354446411,0.0,215.46441650390625,3925.419189453125,0.0,0.0,0.0,0.36397162079811096,True,nan,False,6.0035017668269575e-05,0.01
gpomdp_logbarrier_handoff,706,268,786375,0.0,False,270.23687744140625,0.38029050827026367,0.0,270.23687744140625,3465.968994140625,0.0,0.0,0.0,-0.17197999358177185,True,nan,False,5.736057210015133e-05,0.01
gpomdp_logbarrier_handoff,706,269,787837,0.0,False,275.294921875,0.44630178809165955,0.0,275.294921875,4114.24169921875,0.0,0.0,0.0,-0.43637290596961975,True,nan,False,6.964202475501224e-05,0.01
gpomdp_logbarrier_handoff,706,270,789619,0.0,False,230.75576782226562,0.3697710335254669,0.0,230.75576782226562,3525.838623046875,0.0,0.0,0.0,-0.8544946908950806,True,nan,False,6.543564813910052e-05,0.01
gpomdp_logbarrier_handoff,706,271,791189,0.0,False,208.0729522705078,0.39602869749069214,0.0,208.0729522705078,2925.942138671875,0.0,0.0,0.0,-0.6628561019897461,True,nan,False,7.1149472205434e-05,0.01
gpomdp_logbarrier_handoff,706,272,792682,0.0,False,240.910400390625,0.42364412546157837,0.0,240.910400390625,2829.763916015625,0.0,0.0,0.0,-0.9090231657028198,True,nan,False,8.338001498486847e-05,0.01
gpomdp_logbarrier_handoff,706,273,793964,0.0,False,345.752685546875,0.40796348452568054,0.0,345.752685546875,3012.366455078125,0.0,0.0,0.0,-0.8558930158615112,True,nan,False,0.00010570851009106264,0.01
gpomdp_logbarrier_handoff,706,274,795507,0.0,False,152.2748260498047,0.4467836320400238,0.0,152.2748260498047,2130.882080078125,0.0,0.0,0.0,-0.8347976207733154,True,nan,False,0.00010808120714500546,0.01
gpomdp_logbarrier_handoff,706,275,796695,0.0,False,151.47357177734375,0.4595027267932892,0.0,151.47357177734375,1894.7000732421875,0.0,0.0,0.0,0.23116865754127502,True,nan,False,8.040491229621693e-05,0.01
gpomdp_logbarrier_handoff,706,276,797874,0.0,False,171.28604125976562,0.4834223985671997,0.0,171.28604125976562,2325.652587890625,0.0,0.0,0.0,-0.8512821197509766,True,nan,False,8.552370127290487e-05,0.01
gpomdp_logbarrier_handoff,706,277,799069,0.0,False,222.2158966064453,0.5719080567359924,0.0,222.2158966064453,3233.5126953125,0.0,0.0,0.0,0.6055948734283447,True,nan,False,5.708900062018074e-05,0.01
gpomdp_logbarrier_handoff,706,278,800587,0.0,False,135.94088745117188,0.5105289816856384,0.0,135.94088745117188,2027.56689453125,0.0,0.0,0.0,-0.26830029487609863,True,nan,False,5.0775863201124594e-05,0.01
gpomdp_logbarrier_handoff,706,279,801777,0.0,False,201.3334503173828,0.5099194645881653,0.0,201.3334503173828,2235.521240234375,0.0,0.0,0.0,-0.33666303753852844,True,nan,False,4.558008004096337e-05,0.01
gpomdp_logbarrier_handoff,706,280,802919,0.0,False,83.91277313232422,0.5368818044662476,0.0,83.91277313232422,2221.76513671875,0.0,0.0,0.0,-0.11373694241046906,True,nan,False,3.768007445614785e-05,0.01
gpomdp_logbarrier_handoff,706,281,804116,0.0,False,90.40808868408203,0.524718165397644,0.0,90.40808868408203,2752.786376953125,0.0,0.0,0.0,-0.5086026787757874,True,nan,False,3.455052865319885e-05,0.01
gpomdp_logbarrier_handoff,706,282,805336,0.0,False,78.55699920654297,0.5669729709625244,0.0,78.55699920654297,2216.01318359375,0.0,0.0,0.0,0.1963246911764145,True,nan,False,2.7306303309160285e-05,0.01
gpomdp_logbarrier_handoff,706,283,806630,0.0,False,111.95530700683594,0.5798229575157166,0.0,111.95530700683594,2672.70556640625,0.0,0.0,0.0,-0.32305803894996643,True,nan,False,2.4880853743525222e-05,0.01
gpomdp_logbarrier_handoff,706,284,807834,0.0,False,146.93992614746094,0.5504587292671204,0.0,146.93992614746094,1872.8897705078125,0.0,0.0,0.0,-0.8950685858726501,True,nan,False,2.9975690267747268e-05,0.01
gpomdp_logbarrier_handoff,706,285,808914,0.0,False,147.94647216796875,0.5651048421859741,0.0,147.94647216796875,2226.260986328125,0.0,0.0,0.0,-0.48365068435668945,True,nan,False,2.8661783289862797e-05,0.01
gpomdp_logbarrier_handoff,706,286,809972,0.0,False,166.290283203125,0.5375534296035767,0.0,166.290283203125,3547.69775390625,0.0,0.0,0.0,-0.6904546022415161,True,nan,False,2.9569348043878563e-05,0.01
gpomdp_logbarrier_handoff,706,287,811142,0.0,False,140.75596618652344,0.6083107590675354,0.0,140.75596618652344,2375.430908203125,0.0,0.0,0.0,0.2674693465232849,True,nan,False,2.3067108486429788e-05,0.01
gpomdp_logbarrier_handoff,706,288,812286,0.0,False,122.70054626464844,0.6891262531280518,0.0,122.70054626464844,3546.927490234375,0.0,0.0,0.0,0.16456572711467743,True,nan,False,1.803906707209535e-05,0.01
gpomdp_logbarrier_handoff,706,289,813655,0.0,False,117.41397857666016,0.6241130232810974,0.0,117.41397857666016,1882.8946533203125,0.0,0.0,0.0,0.43336382508277893,True,nan,False,1.0682502761483192e-05,0.01
gpomdp_logbarrier_handoff,706,290,814732,0.0,False,160.45980834960938,0.5993982553482056,0.0,160.45980834960938,1856.6068115234375,0.0,0.0,0.0,-0.6162663698196411,True,nan,False,1.2613894796231762e-05,0.01
gpomdp_logbarrier_handoff,706,291,815793,0.0,False,162.43951416015625,0.6160483360290527,0.0,162.43951416015625,2571.220458984375,0.0,0.0,0.0,0.7705998420715332,True,nan,False,5.493814114743145e-06,0.01
gpomdp_logbarrier_handoff,706,292,816855,0.0,False,177.29165649414062,0.6431546807289124,0.0,177.29165649414062,2224.34033203125,0.0,0.0,0.0,-0.032464753836393356,True,nan,False,4.8213200898317154e-06,0.01
gpomdp_logbarrier_handoff,706,293,817943,0.0,False,102.81659698486328,0.6174813508987427,0.0,102.81659698486328,2193.153564453125,0.0,0.0,0.0,-0.8559721112251282,True,nan,False,6.516798293887405e-06,0.01
gpomdp_logbarrier_handoff,706,294,818985,0.0,False,76.93396759033203,0.6316341161727905,0.0,76.93396759033203,1896.3795166015625,0.0,0.0,0.0,0.2254905253648758,True,nan,False,4.718521722679725e-06,0.01
gpomdp_logbarrier_handoff,706,295,820076,0.0,False,98.89684295654297,0.6602395176887512,0.0,98.89684295654297,2498.51904296875,0.0,0.0,0.0,-0.17439450323581696,True,nan,False,5.132680144015467e-06,0.01
gpomdp_logbarrier_handoff,706,296,821298,0.0,False,132.7807159423828,0.6561024785041809,0.0,132.7807159423828,2733.183837890625,0.0,0.0,0.0,-0.67805415391922,True,nan,False,6.999073775659781e-06,0.01
gpomdp_logbarrier_handoff,706,297,822504,0.0,False,113.94022369384766,0.6503763198852539,0.0,113.94022369384766,1773.7926025390625,0.0,0.0,0.0,-0.6381229758262634,True,nan,False,9.085681995202322e-06,0.01
gpomdp_logbarrier_handoff,706,298,823673,0.0,False,124.08299255371094,0.6666868925094604,0.0,124.08299255371094,2579.64501953125,0.0,0.0,0.0,-0.4747577905654907,True,nan,False,1.1161209840793163e-05,0.01
gpomdp_logbarrier_handoff,706,299,824709,0.0,False,63.25251007080078,0.642977237701416,0.0,63.25251007080078,1796.095703125,0.0,0.0,0.0,-0.242466539144516,True,nan,False,1.1155385436723009e-05,0.01
gpomdp_logbarrier_handoff,706,300,825760,0.0,False,192.28285217285156,0.6330734491348267,0.0,192.28285217285156,2565.14013671875,0.0,0.0,0.0,-0.8064913749694824,True,nan,False,1.6668280295562e-05,0.01
gpomdp_logbarrier_handoff,706,301,826730,0.0,False,115.1008529663086,0.6353204250335693,0.0,115.1008529663086,2487.792236328125,0.0,0.0,0.0,-0.8005650639533997,True,nan,False,1.698877167655155e-05,0.01
gpomdp_logbarrier_handoff,706,302,827752,0.0,False,173.4645538330078,0.6684975624084473,0.0,173.4645538330078,1980.41064453125,0.0,0.0,0.0,-0.8422476649284363,True,nan,False,2.4172401026589796e-05,0.01
gpomdp_logbarrier_handoff,706,303,828810,0.0,False,176.66473388671875,0.6370981931686401,0.0,176.66473388671875,2353.322021484375,0.0,0.0,0.0,-0.6986643075942993,True,nan,False,2.99013227049727e-05,0.01
gpomdp_logbarrier_handoff,706,304,829853,0.0,False,242.1858673095703,0.6544511318206787,0.0,242.1858673095703,2125.465576171875,0.0,0.0,0.0,-0.9129175543785095,True,nan,False,4.445076046977192e-05,0.01
gpomdp_logbarrier_handoff,706,305,830874,0.0,False,159.47988891601562,0.6734153628349304,0.0,159.47988891601562,1781.031005859375,0.0,0.0,0.0,-0.8136006593704224,True,nan,False,4.644914224627428e-05,0.01
gpomdp_logbarrier_handoff,706,306,831923,0.0,False,137.57803344726562,0.7461888790130615,0.0,137.57803344726562,2195.012451171875,0.0,0.0,0.0,-0.0660548135638237,True,nan,False,4.18413728766609e-05,0.01
gpomdp_logbarrier_handoff,706,307,833114,0.0,False,168.2715301513672,0.7063475847244263,0.0,168.2715301513672,1913.59033203125,0.0,0.0,0.0,-0.7950797080993652,True,nan,False,4.2728566768346354e-05,0.01
gpomdp_logbarrier_handoff,706,308,834070,0.0,False,242.14247131347656,0.8901526927947998,0.0,242.14247131347656,3444.50048828125,0.0,0.0,0.0,0.8543444275856018,True,nan,False,2.089863846777007e-05,0.01
gpomdp_logbarrier_handoff,706,309,835561,0.0,False,161.03463745117188,0.7295343279838562,0.0,161.03463745117188,2240.696044921875,0.0,0.0,0.0,-0.24073930084705353,True,nan,False,2.073570249194745e-05,0.01
gpomdp_logbarrier_handoff,706,310,836547,0.0,False,187.3262939453125,0.7566007971763611,0.0,187.3262939453125,1955.7978515625,0.0,0.0,0.0,0.007709676865488291,True,nan,False,2.3814836822566576e-05,0.01
gpomdp_logbarrier_handoff,706,311,837471,0.0,False,118.25590515136719,0.7501764297485352,0.0,118.25590515136719,2394.580810546875,0.0,0.0,0.0,-0.272219181060791,True,nan,False,1.957388849405106e-05,0.01
gpomdp_logbarrier_handoff,706,312,838555,0.0,False,189.1915740966797,0.8815184831619263,0.0,189.1915740966797,3572.33642578125,0.0,0.0,0.0,0.7768656611442566,True,nan,False,9.176827916235197e-06,0.01
gpomdp_logbarrier_handoff,706,313,839847,0.0,False,175.2580108642578,0.8501383662223816,0.0,175.2580108642578,3136.39892578125,0.0,0.0,0.0,-0.43290820717811584,True,nan,False,7.274312338267919e-06,0.01
gpomdp_logbarrier_handoff,706,314,841070,0.0,False,200.27418518066406,0.8543717265129089,0.0,200.27418518066406,2837.08837890625,0.0,0.0,0.0,-0.7099781036376953,True,nan,False,1.1084686775575392e-05,0.01
gpomdp_logbarrier_handoff,706,315,842335,0.0,False,139.75274658203125,0.7993815541267395,0.0,139.75274658203125,2303.505859375,0.0,0.0,0.0,-0.5266870856285095,True,nan,False,1.2835163033741992e-05,0.01
gpomdp_logbarrier_handoff,706,316,843328,0.0,False,77.19979095458984,0.7660553455352783,0.0,77.19979095458984,1459.0372314453125,0.0,0.0,0.0,0.3987096846103668,True,nan,False,9.52724803937599e-06,0.01
gpomdp_logbarrier_handoff,706,317,844272,0.0,False,74.02027130126953,0.7651286721229553,0.0,74.02027130126953,1643.4307861328125,0.0,0.0,0.0,-0.12086953222751617,True,nan,False,9.54498136707116e-06,0.01
gpomdp_logbarrier_handoff,706,318,845220,0.0,False,144.58387756347656,0.7988107800483704,0.0,144.58387756347656,1890.6829833984375,0.0,0.0,0.0,0.11533074080944061,True,nan,False,1.1865281521750148e-05,0.01
gpomdp_logbarrier_handoff,706,319,846098,0.0,False,77.99962615966797,0.7976952791213989,0.0,77.99962615966797,2374.878173828125,0.0,0.0,0.0,-0.17898495495319366,True,nan,False,1.2964869711140636e-05,0.01
gpomdp_logbarrier_handoff,706,320,847056,0.0,False,177.3776092529297,0.7976881861686707,0.0,177.3776092529297,2381.669921875,0.0,0.0,0.0,-0.35915401577949524,True,nan,False,9.327281077275984e-06,0.01
gpomdp_logbarrier_handoff,706,321,848048,0.0,False,152.49742126464844,0.7948506474494934,0.0,152.49742126464844,2353.296875,0.0,0.0,0.0,-0.8028963208198547,True,nan,False,1.4719817954755854e-05,0.01
gpomdp_logbarrier_handoff,706,322,849083,0.0,False,77.2573471069336,0.8363649845123291,0.0,77.2573471069336,2102.35009765625,0.0,0.0,0.0,-0.18875159323215485,True,nan,False,1.338433321507182e-05,0.01
gpomdp_logbarrier_handoff,706,323,849985,0.0,False,84.69934844970703,0.8275565505027771,0.0,84.69934844970703,2168.94677734375,0.0,0.0,0.0,-0.627375066280365,True,nan,False,1.2955764759681188e-05,0.01
gpomdp_logbarrier_handoff,706,324,850975,0.0,False,92.67870330810547,0.8122689127922058,0.0,92.67870330810547,1441.314697265625,0.0,0.0,0.0,0.5370920300483704,True,nan,False,9.266244887840003e-06,0.01
gpomdp_logbarrier_handoff,706,325,851808,0.0,False,133.7367401123047,0.8568875193595886,0.0,133.7367401123047,1831.82275390625,0.0,0.0,0.0,0.04904652759432793,True,nan,False,1.1748174074455164e-05,0.01
gpomdp_logbarrier_handoff,706,326,852811,0.0,False,58.76140213012695,0.8024284839630127,0.0,58.76140213012695,1690.9656982421875,0.0,0.0,0.0,0.06858322024345398,True,nan,False,1.0994734111591242e-05,0.01
gpomdp_logbarrier_handoff,706,327,853688,0.0,False,112.41352844238281,0.8216184973716736,0.0,112.41352844238281,1814.1153564453125,0.0,0.0,0.0,-0.36344924569129944,True,nan,False,1.5012046787887812e-05,0.01
gpomdp_logbarrier_handoff,706,328,854570,0.0,False,221.09580993652344,0.8430413007736206,0.0,221.09580993652344,2319.224365234375,0.0,0.0,0.0,-0.025711195543408394,True,nan,False,5.722108653571922e-06,0.01
gpomdp_logbarrier_handoff,706,329,855565,0.0,False,95.92507934570312,0.8145623803138733,0.0,95.92507934570312,1876.5194091796875,0.0,0.0,0.0,0.0711425393819809,True,nan,False,4.242376235197298e-06,0.01
gpomdp_logbarrier_handoff,706,330,856477,0.0,False,144.84710693359375,0.8429955244064331,0.0,144.84710693359375,2023.8385009765625,0.0,0.0,0.0,0.1351010948419571,True,nan,False,3.323367081975448e-06,0.01
gpomdp_logbarrier_handoff,706,331,857470,0.0,False,113.11039733886719,0.8360041379928589,0.0,113.11039733886719,1774.1395263671875,0.0,0.0,0.0,-0.2908276319503784,True,nan,False,3.968643341067946e-06,0.01
gpomdp_logbarrier_handoff,706,332,858390,0.0,False,151.14639282226562,0.81381756067276,0.0,151.14639282226562,1799.436767578125,0.0,0.0,0.0,-0.7577962875366211,True,nan,False,8.87141050043283e-06,0.01
gpomdp_logbarrier_handoff,706,333,859355,0.0,False,89.14579010009766,0.8365340828895569,0.0,89.14579010009766,1515.3319091796875,0.0,0.0,0.0,-0.7314035892486572,True,nan,False,8.854760380927473e-06,0.01
gpomdp_logbarrier_handoff,706,334,860313,0.0,False,190.42007446289062,0.897640585899353,0.0,190.42007446289062,1940.619140625,0.0,0.0,0.0,0.5006488561630249,True,nan,False,8.181503289961256e-06,0.01
gpomdp_logbarrier_handoff,706,335,861339,0.0,False,139.366455078125,0.8458387851715088,0.0,139.366455078125,2165.67578125,0.0,0.0,0.0,-0.3254595398902893,True,nan,False,5.15627925778972e-06,0.01
gpomdp_logbarrier_handoff,706,336,862256,0.0,False,212.03402709960938,0.815499484539032,0.0,212.03402709960938,1721.670654296875,0.0,0.0,0.0,-0.6048238277435303,True,nan,False,8.110986527753994e-06,0.01
gpomdp_logbarrier_handoff,706,337,863134,0.0,False,232.21722412109375,0.8586324453353882,0.0,232.21722412109375,2042.4718017578125,0.0,0.0,0.0,-0.8291159272193909,True,nan,False,1.960262488864828e-05,0.01
gpomdp_logbarrier_handoff,706,338,864104,0.0,False,144.1973419189453,0.8508611917495728,0.0,144.1973419189453,1886.7269287109375,0.0,0.0,0.0,-0.40549859404563904,True,nan,False,1.9082672224612907e-05,0.01
gpomdp_logbarrier_handoff,706,339,865051,0.0,False,83.8324966430664,0.8979358673095703,0.0,83.8324966430664,2463.529296875,0.0,0.0,0.0,0.4305826425552368,True,nan,False,1.3679884432349354e-05,0.01
gpomdp_logbarrier_handoff,706,340,865975,0.0,False,84.59317779541016,0.8403722643852234,0.0,84.59317779541016,1862.83642578125,0.0,0.0,0.0,-0.6504637002944946,True,nan,False,1.4507233572658151e-05,0.01
gpomdp_logbarrier_handoff,706,341,866843,0.0,False,118.17303466796875,0.8876408338546753,0.0,118.17303466796875,1837.767578125,0.0,0.0,0.0,-0.07261727005243301,True,nan,False,1.226256244990509e-05,0.01
gpomdp_logbarrier_handoff,706,342,867751,0.0,False,108.41578674316406,0.8791763782501221,0.0,108.41578674316406,1969.577880859375,0.0,0.0,0.0,-0.27181974053382874,True,nan,False,1.229543522640597e-05,0.01
gpomdp_logbarrier_handoff,706,343,868613,0.0,False,103.16694641113281,0.9050371050834656,0.0,103.16694641113281,2290.977783203125,0.0,0.0,0.0,0.3692028224468231,True,nan,False,8.395359145652037e-06,0.01
gpomdp_logbarrier_handoff,706,344,869583,0.0,False,158.8156280517578,0.8703386783599854,0.0,158.8156280517578,1687.6326904296875,0.0,0.0,0.0,0.38108792901039124,True,nan,False,3.323880036987248e-06,0.01
gpomdp_logbarrier_handoff,706,345,870490,0.0,False,90.8010025024414,0.9031876921653748,0.0,90.8010025024414,1679.1478271484375,0.0,0.0,0.0,0.1948063224554062,True,nan,False,2.298479557794053e-06,0.01
gpomdp_logbarrier_handoff,706,346,871304,0.0,False,71.43001556396484,0.8705869913101196,0.0,71.43001556396484,1636.1142578125,0.0,0.0,0.0,0.22425168752670288,True,nan,False,2.3785539724485716e-06,0.01
gpomdp_logbarrier_handoff,706,347,872194,0.0,False,75.41199493408203,0.888397753238678,0.0,75.41199493408203,1840.57763671875,0.0,0.0,0.0,-0.11705350875854492,True,nan,False,3.209361238987185e-06,0.01
gpomdp_logbarrier_handoff,706,348,873103,0.0,False,88.91423797607422,0.9086108207702637,0.0,88.91423797607422,1798.73974609375,0.0,0.0,0.0,0.2714347243309021,True,nan,False,3.835764346149517e-06,0.01
gpomdp_logbarrier_handoff,706,349,873987,0.0,False,179.46490478515625,1.0443958044052124,0.0,179.46490478515625,3103.498291015625,0.0,0.0,0.0,-0.5651514530181885,True,nan,False,1.153490120486822e-05,0.01
gpomdp_logbarrier_handoff,706,350,875459,0.0,False,190.7044677734375,0.884443461894989,0.0,190.7044677734375,2130.810546875,0.0,0.0,0.0,-0.779289722442627,True,nan,False,9.620996024750639e-06,0.01
gpomdp_logbarrier_handoff,706,351,876528,0.0,False,133.86199951171875,0.9759962558746338,0.0,133.86199951171875,2546.0517578125,0.0,0.0,0.0,0.19669599831104279,True,nan,False,8.207968676288147e-06,0.01
gpomdp_logbarrier_handoff,706,352,877551,0.0,False,144.79393005371094,0.9173827171325684,0.0,144.79393005371094,2438.2421875,0.0,0.0,0.0,-0.07409656047821045,True,nan,False,1.3907717402616981e-05,0.01
gpomdp_logbarrier_handoff,706,353,878565,0.0,False,134.11764526367188,0.8931583762168884,0.0,134.11764526367188,1833.7137451171875,0.0,0.0,0.0,-0.133059561252594,True,nan,False,6.16310444456758e-06,0.01
gpomdp_logbarrier_handoff,706,354,879416,0.0,False,147.7798309326172,1.065208077430725,0.0,147.7798309326172,3277.498291015625,0.0,0.0,0.0,0.02952260710299015,True,nan,False,8.135381904139649e-06,0.01
gpomdp_logbarrier_handoff,706,355,880676,0.0,False,133.54127502441406,0.9564448595046997,0.0,133.54127502441406,2071.834228515625,0.0,0.0,0.0,-0.2774325907230377,True,nan,False,9.458084605284967e-06,0.01
gpomdp_logbarrier_handoff,706,356,881719,0.0,False,55.78966522216797,0.9288315176963806,0.0,55.78966522216797,2058.0986328125,0.0,0.0,0.0,0.26476818323135376,True,nan,False,6.434572696889518e-06,0.01
gpomdp_logbarrier_handoff,706,357,882670,0.0,False,126.2015380859375,0.9220765829086304,0.0,126.2015380859375,2010.4163818359375,0.0,0.0,0.0,-0.25412043929100037,True,nan,False,5.995364062982844e-06,0.01
gpomdp_logbarrier_handoff,706,358,883468,0.0,False,126.26066589355469,0.9262694120407104,0.0,126.26066589355469,1971.8306884765625,0.0,0.0,0.0,0.549133837223053,True,nan,False,4.305451511754654e-06,0.01
gpomdp_logbarrier_handoff,706,359,884370,0.0,False,186.0923309326172,0.9083804488182068,0.0,186.0923309326172,1142.7076416015625,0.0,0.0,0.0,0.06563164293766022,True,nan,False,1.6994672478176653e-05,0.01
gpomdp_logbarrier_handoff,706,360,885223,0.0,False,62.67464828491211,0.929279088973999,0.0,62.67464828491211,1921.8428955078125,0.0,0.0,0.0,-0.21949684619903564,True,nan,False,9.994277206715196e-06,0.01
gpomdp_logbarrier_handoff,706,361,886057,0.0,False,106.29796600341797,1.0014158487319946,0.0,106.29796600341797,2425.2783203125,0.0,0.0,0.0,-0.08935146778821945,True,nan,False,6.797582500439603e-06,0.01
gpomdp_logbarrier_handoff,706,362,887113,0.0,False,112.51136779785156,0.9822090864181519,0.0,112.51136779785156,1972.390380859375,0.0,0.0,0.0,-0.03557528927922249,True,nan,False,2.6408940811961656e-06,0.01
gpomdp_logbarrier_handoff,706,363,888082,0.0,False,116.76282501220703,0.9894102215766907,0.0,116.76282501220703,2146.29833984375,0.0,0.0,0.0,0.06742772459983826,True,nan,False,3.482699867163319e-06,0.01
gpomdp_logbarrier_handoff,706,364,889127,0.0,False,208.49586486816406,0.9525544047355652,0.0,208.49586486816406,2034.929931640625,0.0,0.0,0.0,-0.5533973574638367,True,nan,False,1.3621433936350513e-05,0.01
gpomdp_logbarrier_handoff,706,365,890075,0.0,False,136.63307189941406,0.952221691608429,0.0,136.63307189941406,2144.353515625,0.0,0.0,0.0,-0.7243264317512512,True,nan,False,1.5545132555416785e-05,0.01
gpomdp_logbarrier_handoff,706,366,891046,0.0,False,182.52105712890625,1.0011990070343018,0.0,182.52105712890625,2708.5322265625,0.0,0.0,0.0,0.03852120786905289,True,nan,False,7.620133146701846e-06,0.01
gpomdp_logbarrier_handoff,706,367,892105,0.0,False,151.1876220703125,0.9120322465896606,0.0,151.1876220703125,1749.77978515625,0.0,0.0,0.0,-0.7466995120048523,True,nan,False,1.024310495267855e-05,0.01
gpomdp_logbarrier_handoff,706,368,892966,0.0,False,80.95561981201172,0.9532940983772278,0.0,80.95561981201172,1388.24462890625,0.0,0.0,0.0,0.15652571618556976,True,nan,False,6.837463843112346e-06,0.01
gpomdp_logbarrier_handoff,706,369,893777,0.0,False,77.42642974853516,0.93086838722229,0.0,77.42642974853516,1645.9775390625,0.0,0.0,0.0,0.1870526373386383,True,nan,False,6.828344339737669e-06,0.01
gpomdp_logbarrier_handoff,706,370,894565,0.0,False,97.3365249633789,0.9447360038757324,0.0,97.3365249633789,1452.1431884765625,0.0,0.0,0.0,-0.026022616773843765,True,nan,False,4.463174718694063e-06,0.01
gpomdp_logbarrier_handoff,706,371,895418,0.0,False,101.77867889404297,0.9697536826133728,0.0,101.77867889404297,2691.1376953125,0.0,0.0,0.0,-0.7144696712493896,True,nan,False,4.6581189963035285e-06,0.01
gpomdp_logbarrier_handoff,706,372,896382,0.0,False,124.54595184326172,0.9616720676422119,0.0,124.54595184326172,2132.83740234375,0.0,0.0,0.0,-0.22230179607868195,True,nan,False,4.979400728188921e-06,0.01
gpomdp_logbarrier_handoff,706,373,897208,0.0,False,113.33191680908203,0.9541003704071045,0.0,113.33191680908203,1997.3868408203125,0.0,0.0,0.0,-0.5703958868980408,True,nan,False,6.91154673404526e-06,0.01
gpomdp_logbarrier_handoff,706,374,898121,0.0,False,156.12655639648438,0.9658957123756409,0.0,156.12655639648438,1826.4080810546875,0.0,0.0,0.0,-0.8024531006813049,True,nan,False,1.277880983252544e-05,0.01
gpomdp_logbarrier_handoff,706,375,899026,0.0,False,156.2258758544922,1.1237250566482544,0.0,156.2258758544922,3365.1435546875,0.0,0.0,0.0,-0.6100801229476929,True,nan,False,1.5093953152245376e-05,0.01
gpomdp_logbarrier_handoff,706,376,900142,0.0,False,68.46969604492188,0.9299092292785645,0.0,68.46969604492188,1635.9324951171875,0.0,0.0,0.0,-0.47066250443458557,True,nan,False,1.571863867866341e-05,0.01
gpomdp_logbarrier_handoff,706,377,901106,0.0,False,124.784912109375,0.9606813192367554,0.0,124.784912109375,1871.931396484375,0.0,0.0,0.0,-0.4223649501800537,True,nan,False,1.913413143483922e-05,0.01
gpomdp_logbarrier_handoff,706,378,901933,0.0,False,113.32078552246094,0.9995455145835876,0.0,113.32078552246094,2077.629638671875,0.0,0.0,0.0,0.524269700050354,True,nan,False,1.1239143532293383e-05,0.01
gpomdp_logbarrier_handoff,706,379,902848,0.0,False,135.3883819580078,0.9836164712905884,0.0,135.3883819580078,1376.69384765625,0.0,0.0,0.0,0.24641799926757812,True,nan,False,5.279739525576588e-06,0.01
gpomdp_logbarrier_handoff,706,380,903656,0.0,False,76.42997741699219,0.9926562309265137,0.0,76.42997741699219,1846.47314453125,0.0,0.0,0.0,-0.23579315841197968,True,nan,False,5.766504273196915e-06,0.01
gpomdp_logbarrier_handoff,706,381,904509,0.0,False,90.51310729980469,0.9843618273735046,0.0,90.51310729980469,1824.1226806640625,0.0,0.0,0.0,-0.6002638339996338,True,nan,False,5.51458742847899e-06,0.01
gpomdp_logbarrier_handoff,706,382,905356,0.0,False,163.92218017578125,1.0559066534042358,0.0,163.92218017578125,2334.82666015625,0.0,0.0,0.0,-0.3019033968448639,True,nan,False,5.83693508815486e-06,0.01
gpomdp_logbarrier_handoff,706,383,906388,0.0,False,93.2613754272461,0.9661319851875305,0.0,93.2613754272461,1755.1324462890625,0.0,0.0,0.0,-0.1704252064228058,True,nan,False,6.603524980164366e-06,0.01
gpomdp_logbarrier_handoff,706,384,907253,0.0,False,47.33150863647461,0.9911803007125854,0.0,47.33150863647461,1578.8433837890625,0.0,0.0,0.0,-0.053490880876779556,True,nan,False,5.133212198416004e-06,0.01
gpomdp_logbarrier_handoff,706,385,908027,0.0,False,37.3427848815918,1.0238450765609741,0.0,37.3427848815918,1261.6375732421875,0.0,0.0,0.0,0.23980262875556946,True,nan,False,3.4950046483572805e-06,0.01
gpomdp_logbarrier_handoff,706,386,908872,0.0,False,92.05074310302734,1.0071824789047241,0.0,92.05074310302734,1610.8663330078125,0.0,0.0,0.0,-0.13110114634037018,True,nan,False,3.5145076253684238e-06,0.01
gpomdp_logbarrier_handoff,706,387,909664,0.0,False,110.17927551269531,1.0198389291763306,0.0,110.17927551269531,1599.010498046875,0.0,0.0,0.0,-0.11913897097110748,True,nan,False,5.669218808179721e-06,0.01
gpomdp_logbarrier_handoff,706,388,910436,0.0,False,172.2119598388672,1.0485217571258545,0.0,172.2119598388672,2383.54541015625,0.0,0.0,0.0,-0.5871953368186951,True,nan,False,4.7010685193527024e-06,0.01
gpomdp_logbarrier_handoff,706,389,911442,0.0,False,152.00326538085938,1.0044196844100952,0.0,152.00326538085938,1767.695556640625,0.0,0.0,0.0,-0.916595458984375,True,nan,False,9.129645150096621e-06,0.01
gpomdp_logbarrier_handoff,706,390,912315,0.0,False,97.22727966308594,1.0249428749084473,0.0,97.22727966308594,1717.6170654296875,0.0,0.0,0.0,0.19431135058403015,True,nan,False,7.142770755308447e-06,0.01
gpomdp_logbarrier_handoff,706,391,913154,0.0,False,92.90254974365234,1.0301073789596558,0.0,92.90254974365234,1608.2132568359375,0.0,0.0,0.0,0.407079815864563,True,nan,False,5.632337433780776e-06,0.01
gpomdp_logbarrier_handoff,706,392,913955,0.0,False,130.3193817138672,0.9901162981987,0.0,130.3193817138672,1472.958740234375,0.0,0.0,0.0,-0.7844743132591248,True,nan,False,6.596574621653417e-06,0.01
gpomdp_logbarrier_handoff,706,393,914707,0.0,False,105.7146224975586,1.0678893327713013,0.0,105.7146224975586,1600.0914306640625,0.0,0.0,0.0,0.5291332602500916,True,nan,False,4.5356446207733825e-06,0.01
gpomdp_logbarrier_handoff,706,394,915528,0.0,False,154.697509765625,1.0728193521499634,0.0,154.697509765625,1984.9478759765625,0.0,0.0,0.0,-0.2124769389629364,True,nan,False,7.618159088451648e-06,0.01
gpomdp_logbarrier_handoff,706,395,916563,0.0,False,100.17241668701172,1.1105536222457886,0.0,100.17241668701172,2114.86181640625,0.0,0.0,0.0,0.04245050624012947,True,nan,False,5.6978956308739726e-06,0.01
gpomdp_logbarrier_handoff,706,396,917525,0.0,False,122.07408905029297,1.0353915691375732,0.0,122.07408905029297,1950.6146240234375,0.0,0.0,0.0,-0.21200627088546753,True,nan,False,3.7327704376366455e-06,0.01
gpomdp_logbarrier_handoff,706,397,918440,0.0,False,106.93245697021484,1.031517505645752,0.0,106.93245697021484,1574.087646484375,0.0,0.0,0.0,0.10287445038557053,True,nan,False,4.4399657781468704e-06,0.01
gpomdp_logbarrier_handoff,706,398,919243,0.0,False,112.4466781616211,1.077292799949646,0.0,112.4466781616211,1973.3319091796875,0.0,0.0,0.0,-0.43067818880081177,True,nan,False,5.5291798162215855e-06,0.01
gpomdp_logbarrier_handoff,706,399,920242,0.0,False,72.93211364746094,1.0601818561553955,0.0,72.93211364746094,1279.6473388671875,0.0,0.0,0.0,-0.43942147493362427,True,nan,False,5.089039859740296e-06,0.01
gpomdp_logbarrier_handoff,706,400,921084,0.0,False,124.06808471679688,1.0850491523742676,0.0,124.06808471679688,1767.1409912109375,0.0,0.0,0.0,-0.3896658420562744,True,nan,False,7.337295301113045e-06,0.01
gpomdp_logbarrier_handoff,706,401,921961,0.0,False,129.22808837890625,1.0515748262405396,0.0,129.22808837890625,1807.4228515625,0.0,0.0,0.0,-0.8454693555831909,True,nan,False,9.039700671564788e-06,0.01
gpomdp_logbarrier_handoff,706,402,922791,0.0,False,115.51473999023438,1.108851432800293,0.0,115.51473999023438,2244.258544921875,0.0,0.0,0.0,-0.4338971972465515,True,nan,False,6.908580417075427e-06,0.01
gpomdp_logbarrier_handoff,706,403,923844,0.0,False,99.3353042602539,1.1249994039535522,0.0,99.3353042602539,2038.89501953125,0.0,0.0,0.0,-0.43769609928131104,True,nan,False,9.337109986518044e-06,0.01
gpomdp_logbarrier_handoff,706,404,924756,0.0,False,78.02019500732422,1.0550944805145264,0.0,78.02019500732422,1483.22412109375,0.0,0.0,0.0,-0.5936773419380188,True,nan,False,8.118312507576775e-06,0.01
gpomdp_logbarrier_handoff,706,405,925575,0.0,False,95.9721908569336,1.0763030052185059,0.0,95.9721908569336,1528.7393798828125,0.0,0.0,0.0,-0.3479255735874176,True,nan,False,9.747362128109671e-06,0.01
gpomdp_logbarrier_handoff,706,406,926332,0.0,False,84.46214294433594,1.0706539154052734,0.0,84.46214294433594,1412.764404296875,0.0,0.0,0.0,-0.6286794543266296,True,nan,False,9.506407877779566e-06,0.01
gpomdp_logbarrier_handoff,706,407,927052,0.0,False,105.06529998779297,1.069237232208252,0.0,105.06529998779297,1559.52587890625,0.0,0.0,0.0,-0.5972349643707275,True,nan,False,1.1029292181774508e-05,0.01
gpomdp_logbarrier_handoff,706,408,927850,0.0,False,121.04632568359375,1.084062933921814,0.0,121.04632568359375,2072.36474609375,0.0,0.0,0.0,-0.8189173936843872,True,nan,False,1.4040973837836646e-05,0.01
gpomdp_logbarrier_handoff,706,409,928705,0.0,False,125.24919128417969,1.0932841300964355,0.0,125.24919128417969,2052.83349609375,0.0,0.0,0.0,0.21180139482021332,True,nan,False,9.96521339402534e-06,0.01
gpomdp_logbarrier_handoff,706,410,929626,0.0,False,134.04136657714844,1.1225011348724365,0.0,134.04136657714844,2357.0947265625,0.0,0.0,0.0,-0.6174240708351135,True,nan,False,1.1548861039045732e-05,0.01
gpomdp_logbarrier_handoff,706,411,930509,0.0,False,77.3785629272461,1.097582459449768,0.0,77.3785629272461,1405.658935546875,0.0,0.0,0.0,-0.24080324172973633,True,nan,False,1.134417652792763e-05,0.01
gpomdp_logbarrier_handoff,706,412,931278,0.0,False,91.32707214355469,1.109110713005066,0.0,91.32707214355469,1540.54296875,0.0,0.0,0.0,-0.2687873840332031,True,nan,False,1.1268834896327462e-05,0.01
gpomdp_logbarrier_handoff,706,413,932079,0.0,False,102.67666625976562,1.0873702764511108,0.0,102.67666625976562,1655.9949951171875,0.0,0.0,0.0,-0.692184329032898,True,nan,False,1.4161068065732252e-05,0.01
gpomdp_logbarrier_handoff,706,414,932865,0.0,False,105.41047668457031,1.1569751501083374,0.0,105.41047668457031,2242.892578125,0.0,0.0,0.0,0.15119312703609467,True,nan,False,8.792424523562659e-06,0.01
gpomdp_logbarrier_handoff,706,415,933812,0.0,False,177.21446228027344,1.200087070465088,0.0,177.21446228027344,1983.111572265625,0.0,0.0,0.0,-0.8035336136817932,True,nan,False,1.0900427696469706e-05,0.01
gpomdp_logbarrier_handoff,706,416,934817,0.0,False,103.7825698852539,1.1555627584457397,0.0,103.7825698852539,1068.14697265625,0.0,0.0,0.0,0.16354621946811676,True,nan,False,1.0695163837226573e-05,0.01
gpomdp_logbarrier_handoff,706,417,935620,0.0,False,49.187381744384766,1.1428005695343018,0.0,49.187381744384766,1169.715087890625,0.0,0.0,0.0,0.3208707869052887,True,nan,False,7.214546258182963e-06,0.01
gpomdp_logbarrier_handoff,706,418,936413,0.0,False,148.7356719970703,1.1022801399230957,0.0,148.7356719970703,1593.07861328125,0.0,0.0,0.0,-0.4459361135959625,True,nan,False,1.022749984258553e-05,0.01
gpomdp_logbarrier_handoff,706,419,937228,0.0,False,87.85749053955078,1.1235190629959106,0.0,87.85749053955078,1744.2752685546875,0.0,0.0,0.0,0.2036220282316208,True,nan,False,7.571618425572524e-06,0.01
gpomdp_logbarrier_handoff,706,420,938019,0.0,False,118.57491302490234,1.167423129081726,0.0,118.57491302490234,1494.14404296875,0.0,0.0,0.0,-0.5841723680496216,True,nan,False,9.082173164642882e-06,0.01
gpomdp_logbarrier_handoff,706,421,938860,0.0,False,119.92982482910156,1.1838511228561401,0.0,119.92982482910156,2088.556640625,0.0,0.0,0.0,0.14881248772144318,True,nan,False,9.673045497038402e-06,0.01
gpomdp_logbarrier_handoff,706,422,939717,0.0,False,153.4188995361328,1.2020704746246338,0.0,153.4188995361328,2364.684814453125,0.0,0.0,0.0,-0.27246156334877014,True,nan,False,9.83984318736475e-06,0.01
gpomdp_logbarrier_handoff,706,423,940832,0.0,False,170.4375,1.1859638690948486,0.0,170.4375,1841.6732177734375,0.0,0.0,0.0,0.022160161286592484,True,nan,False,1.2263303688087035e-05,0.01
gpomdp_logbarrier_handoff,706,424,941706,0.0,False,63.923866271972656,1.1797502040863037,0.0,63.923866271972656,1399.2362060546875,0.0,0.0,0.0,-0.4598478376865387,True,nan,False,1.2675589459831826e-05,0.01
gpomdp_logbarrier_handoff,706,425,942483,0.0,False,81.25385284423828,1.2528568506240845,0.0,81.25385284423828,2089.20703125,0.0,0.0,0.0,0.2633073329925537,True,nan,False,7.019832082733046e-06,0.01
gpomdp_logbarrier_handoff,706,426,943494,0.0,False,207.7533416748047,1.2036656141281128,0.0,207.7533416748047,2535.22216796875,0.0,0.0,0.0,-0.2352585345506668,True,nan,False,3.723182999237906e-06,0.01
gpomdp_logbarrier_handoff,706,427,944475,0.0,False,94.0559310913086,1.2268269062042236,0.0,94.0559310913086,1737.1827392578125,0.0,0.0,0.0,0.5641129612922668,True,nan,False,2.659802021298674e-06,0.01
gpomdp_logbarrier_handoff,706,428,945346,0.0,False,113.63320922851562,1.2011029720306396,0.0,113.63320922851562,2058.1123046875,0.0,0.0,0.0,-0.0790989100933075,True,nan,False,2.2013589386915555e-06,0.01
gpomdp_logbarrier_handoff,706,429,946182,0.0,False,70.35063934326172,1.1571309566497803,0.0,70.35063934326172,1218.023681640625,0.0,0.0,0.0,-0.26473551988601685,True,nan,False,2.4165171907952754e-06,0.01
gpomdp_logbarrier_handoff,706,430,946874,0.0,False,94.30072784423828,1.2119523286819458,0.0,94.30072784423828,1996.3038330078125,0.0,0.0,0.0,-0.35819151997566223,True,nan,False,2.850108558050124e-06,0.01
gpomdp_logbarrier_handoff,706,431,947752,0.0,False,122.15108489990234,1.1813478469848633,0.0,122.15108489990234,1787.3046875,0.0,0.0,0.0,0.3287622928619385,True,nan,False,5.2238901844248176e-06,0.01
gpomdp_logbarrier_handoff,706,432,948566,0.0,False,107.30493927001953,1.1804925203323364,0.0,107.30493927001953,1646.85546875,0.0,0.0,0.0,-0.47122010588645935,True,nan,False,9.408005098521244e-06,0.01
gpomdp_logbarrier_handoff,706,433,949338,0.0,False,124.67760467529297,1.1944001913070679,0.0,124.67760467529297,1760.803466796875,0.0,0.0,0.0,0.322917103767395,True,nan,False,5.4540923883905634e-06,0.01
gpomdp_logbarrier_handoff,706,434,950139,0.0,False,106.17019653320312,1.2258052825927734,0.0,106.17019653320312,2365.316162109375,0.0,0.0,0.0,0.23311546444892883,True,nan,False,6.868861873954302e-06,0.01
gpomdp_logbarrier_handoff,706,435,951042,0.0,False,80.68724822998047,1.1517542600631714,0.0,80.68724822998047,1477.3424072265625,0.0,0.0,0.0,-0.6575825214385986,True,nan,False,9.442082955501974e-06,0.01
gpomdp_logbarrier_handoff,706,436,951804,0.0,False,145.04103088378906,1.1753017902374268,0.0,145.04103088378906,1180.380126953125,0.0,0.0,0.0,-0.08527906239032745,True,nan,False,1.80634087882936e-05,0.01
gpomdp_logbarrier_handoff,706,437,952568,0.0,False,86.54324340820312,1.140584111213684,0.0,86.54324340820312,1354.0704345703125,0.0,0.0,0.0,0.3150794506072998,True,nan,False,2.714665242820047e-05,0.01
gpomdp_logbarrier_handoff,706,438,953293,0.0,False,86.0625228881836,1.1675893068313599,0.0,86.0625228881836,1421.7762451171875,0.0,0.0,0.0,-0.4076038599014282,True,nan,False,2.268895332235843e-05,0.01
gpomdp_logbarrier_handoff,706,439,954054,0.0,False,227.20065307617188,1.2178705930709839,0.0,227.20065307617188,2455.079833984375,0.0,0.0,0.0,0.6344163417816162,True,nan,False,3.142644709441811e-05,0.01
gpomdp_logbarrier_handoff,706,440,955039,0.0,False,105.27908325195312,1.1773792505264282,0.0,105.27908325195312,1545.807861328125,0.0,0.0,0.0,0.03987991064786911,True,nan,False,4.4437598262447864e-05,0.01
gpomdp_logbarrier_handoff,706,441,955794,0.0,False,83.77417755126953,1.1790977716445923,0.0,83.77417755126953,1144.0794677734375,0.0,0.0,0.0,0.2666833996772766,True,nan,False,2.3823224182706326e-05,0.01
gpomdp_logbarrier_handoff,706,442,956503,0.0,False,125.53961944580078,1.1890509128570557,0.0,125.53961944580078,1671.6435546875,0.0,0.0,0.0,-0.525143027305603,True,nan,False,1.2207574400235899e-05,0.01
gpomdp_logbarrier_handoff,706,443,957260,0.0,False,74.28897094726562,1.1727904081344604,0.0,74.28897094726562,1364.389404296875,0.0,0.0,0.0,-0.13288190960884094,True,nan,False,7.973392712301575e-06,0.01
gpomdp_logbarrier_handoff,706,444,958041,0.0,False,116.81836700439453,1.2353242635726929,0.0,116.81836700439453,1815.231201171875,0.0,0.0,0.0,0.11053621768951416,True,nan,False,3.90396780858282e-06,0.01
gpomdp_logbarrier_handoff,706,445,958928,0.0,False,65.27660369873047,1.1667821407318115,0.0,65.27660369873047,1373.0133056640625,0.0,0.0,0.0,0.2985842823982239,True,nan,False,6.857520475023193e-06,0.01
gpomdp_logbarrier_handoff,706,446,959712,0.0,False,144.108154296875,1.191158413887024,0.0,144.108154296875,1373.1190185546875,0.0,0.0,0.0,-0.4679913818836212,True,nan,False,2.328328264411539e-06,0.01
gpomdp_logbarrier_handoff,706,447,960479,0.0,False,71.26651000976562,1.1837611198425293,0.0,71.26651000976562,1096.3699951171875,0.0,0.0,0.0,-0.0862496942281723,True,nan,False,1.5761511349410284e-06,0.01
gpomdp_logbarrier_handoff,706,448,961222,0.0,False,111.24773406982422,1.2424719333648682,0.0,111.24773406982422,2455.351806640625,0.0,0.0,0.0,-0.8113468885421753,True,nan,False,2.881840146073955e-06,0.01
gpomdp_logbarrier_handoff,706,449,962222,0.0,False,237.4852752685547,1.2270258665084839,0.0,237.4852752685547,2382.799560546875,0.0,0.0,0.0,-0.15099817514419556,True,nan,False,4.823567451239796e-06,0.01
gpomdp_logbarrier_handoff,706,450,963222,0.0,False,192.25730895996094,1.242012619972229,0.0,192.25730895996094,2249.460693359375,0.0,0.0,0.0,-0.4840618669986725,True,nan,False,4.604060450219549e-06,0.01
gpomdp_logbarrier_handoff,706,451,964230,0.0,False,66.49986267089844,1.1727277040481567,0.0,66.49986267089844,1291.7412109375,0.0,0.0,0.0,0.19200007617473602,True,nan,False,2.4636667603772366e-06,0.01
gpomdp_logbarrier_handoff,706,452,964967,0.0,False,148.2902374267578,1.2726962566375732,0.0,148.2902374267578,2161.053955078125,0.0,0.0,0.0,-0.21665801107883453,True,nan,False,2.9800467018503696e-06,0.01
gpomdp_logbarrier_handoff,706,453,965916,0.0,False,81.38351440429688,1.1902031898498535,0.0,81.38351440429688,1506.3717041015625,0.0,0.0,0.0,0.2888433337211609,True,nan,False,4.607926257449435e-06,0.01
gpomdp_logbarrier_handoff,706,454,966673,0.0,False,90.77765655517578,1.2322555780410767,0.0,90.77765655517578,1987.37451171875,0.0,0.0,0.0,-0.09692318737506866,True,nan,False,2.6661207357392414e-06,0.01
gpomdp_logbarrier_handoff,706,455,967642,0.0,False,187.05628967285156,1.1585983037948608,0.0,187.05628967285156,1210.2427978515625,0.0,0.0,0.0,-0.16270454227924347,True,nan,False,4.423661266628187e-06,0.01
gpomdp_logbarrier_handoff,706,456,968399,0.0,False,63.053611755371094,1.2030415534973145,0.0,63.053611755371094,1658.94775390625,0.0,0.0,0.0,-0.3680714964866638,True,nan,False,3.337645694045932e-06,0.01
gpomdp_logbarrier_handoff,706,457,969136,0.0,False,171.22152709960938,1.199942946434021,0.0,171.22152709960938,1587.6737060546875,0.0,0.0,0.0,-0.47666648030281067,True,nan,False,1.1251724572503008e-05,0.01
gpomdp_logbarrier_handoff,706,458,969899,0.0,False,131.32969665527344,1.2214229106903076,0.0,131.32969665527344,1960.205322265625,0.0,0.0,0.0,0.09899148344993591,True,nan,False,1.1947698112635408e-05,0.01
gpomdp_logbarrier_handoff,706,459,970767,0.0,False,104.73841094970703,1.1919156312942505,0.0,104.73841094970703,1366.4542236328125,0.0,0.0,0.0,-0.3822113871574402,True,nan,False,1.677938416833058e-05,0.01
gpomdp_logbarrier_handoff,706,460,971528,0.0,False,125.12010955810547,1.2161192893981934,0.0,125.12010955810547,1910.5107421875,0.0,0.0,0.0,0.5842937231063843,True,nan,False,8.811629413685296e-06,0.01
gpomdp_logbarrier_handoff,706,461,972350,0.0,False,142.93191528320312,1.1994125843048096,0.0,142.93191528320312,1359.888427734375,0.0,0.0,0.0,-0.4997280538082123,True,nan,False,4.998844360670773e-06,0.01
gpomdp_logbarrier_handoff,706,462,973108,0.0,False,46.803775787353516,1.1865546703338623,0.0,46.803775787353516,1281.0264892578125,0.0,0.0,0.0,-0.10290154069662094,True,nan,False,4.574552804115228e-06,0.01
gpomdp_logbarrier_handoff,706,463,973891,0.0,False,114.37401580810547,1.2413197755813599,0.0,114.37401580810547,1267.4293212890625,0.0,0.0,0.0,0.04833641275763512,True,nan,False,7.585567800560966e-06,0.01
gpomdp_logbarrier_handoff,706,464,974726,0.0,False,129.96177673339844,1.2037383317947388,0.0,129.96177673339844,1503.335693359375,0.0,0.0,0.0,-0.5795332193374634,True,nan,False,8.153293492796365e-06,0.01
gpomdp_logbarrier_handoff,706,465,975464,0.0,False,106.37882995605469,1.232133388519287,0.0,106.37882995605469,1063.0201416015625,0.0,0.0,0.0,-0.14478735625743866,True,nan,False,5.314651389198843e-06,0.01
gpomdp_logbarrier_handoff,706,466,976238,0.0,False,72.21009063720703,1.2036222219467163,0.0,72.21009063720703,1331.75927734375,0.0,0.0,0.0,-0.08815843611955643,True,nan,False,5.283855898596812e-06,0.01
gpomdp_logbarrier_handoff,706,467,976980,0.0,False,124.63597869873047,1.242540717124939,0.0,124.63597869873047,2147.09326171875,0.0,0.0,0.0,-0.3620190918445587,True,nan,False,6.3879001572786365e-06,0.01
gpomdp_logbarrier_handoff,706,468,977853,0.0,False,79.85395050048828,1.2084599733352661,0.0,79.85395050048828,1148.9112548828125,0.0,0.0,0.0,0.4662168323993683,True,nan,False,3.5076072890660726e-06,0.01
gpomdp_logbarrier_handoff,706,469,978567,0.0,False,87.05977630615234,1.2211834192276,0.0,87.05977630615234,1344.496826171875,0.0,0.0,0.0,-0.7874566316604614,True,nan,False,5.196937763685128e-06,0.01
gpomdp_logbarrier_handoff,706,470,979295,0.0,False,154.38771057128906,1.4331494569778442,0.0,154.38771057128906,2790.026611328125,0.0,0.0,0.0,-0.5290868878364563,True,nan,False,4.588624051393708e-06,0.01
gpomdp_logbarrier_handoff,706,471,980451,0.0,False,148.99224853515625,1.2070285081863403,0.0,148.99224853515625,1330.3631591796875,0.0,0.0,0.0,0.432751327753067,True,nan,False,9.74618160398677e-06,0.01
gpomdp_logbarrier_handoff,706,472,981262,0.0,False,142.39761352539062,1.297410011291504,0.0,142.39761352539062,1930.4605712890625,0.0,0.0,0.0,0.17002767324447632,True,nan,False,1.0809332707140129e-05,0.01
gpomdp_logbarrier_handoff,706,473,982218,0.0,False,199.572265625,1.2179027795791626,0.0,199.572265625,1666.7916259765625,0.0,0.0,0.0,-0.5954097509384155,True,nan,False,5.724916263716295e-06,0.01
gpomdp_logbarrier_handoff,706,474,983005,0.0,False,109.6045913696289,1.2401825189590454,0.0,109.6045913696289,1460.85791015625,0.0,0.0,0.0,-0.14862781763076782,True,nan,False,7.891722816566471e-06,0.01
gpomdp_logbarrier_handoff,706,475,983794,0.0,False,113.41658020019531,1.2207258939743042,0.0,113.41658020019531,1288.462646484375,0.0,0.0,0.0,-0.5955090522766113,True,nan,False,6.315498012554599e-06,0.01
gpomdp_logbarrier_handoff,706,476,984541,0.0,False,97.71028900146484,1.206470012664795,0.0,97.71028900146484,1594.38232421875,0.0,0.0,0.0,-0.21781839430332184,True,nan,False,1.0605611350911204e-05,0.01
gpomdp_logbarrier_handoff,706,477,985273,0.0,False,64.27706146240234,1.2143580913543701,0.0,64.27706146240234,919.810302734375,0.0,0.0,0.0,-0.22886128723621368,True,nan,False,1.2077818610123359e-05,0.01
gpomdp_logbarrier_handoff,706,478,985953,0.0,False,154.5159149169922,1.2945210933685303,0.0,154.5159149169922,1752.6654052734375,0.0,0.0,0.0,-0.22183024883270264,True,nan,False,1.0144167390535586e-05,0.01
gpomdp_logbarrier_handoff,706,479,986797,0.0,False,117.00406646728516,1.2337874174118042,0.0,117.00406646728516,1347.9901123046875,0.0,0.0,0.0,0.8000861406326294,True,nan,False,5.357693225960247e-06,0.01
gpomdp_logbarrier_handoff,706,480,987543,0.0,False,126.07640075683594,1.2605688571929932,0.0,126.07640075683594,1342.5205078125,0.0,0.0,0.0,0.5914506912231445,True,nan,False,1.0581279639154673e-06,0.01
gpomdp_logbarrier_handoff,706,481,988333,0.0,False,134.34437561035156,1.2448922395706177,0.0,134.34437561035156,1799.995361328125,0.0,0.0,0.0,-0.3824409246444702,True,nan,False,2.1536236545216525e-06,0.01
gpomdp_logbarrier_handoff,706,482,989116,0.0,False,62.59994125366211,1.2543094158172607,0.0,62.59994125366211,1573.285400390625,0.0,0.0,0.0,0.146484375,True,nan,False,1.2316694437686238e-06,0.01
gpomdp_logbarrier_handoff,706,483,989881,0.0,False,63.29126739501953,1.2264755964279175,0.0,63.29126739501953,1406.5225830078125,0.0,0.0,0.0,-0.2340211719274521,True,nan,False,1.7075085452233907e-06,0.01
gpomdp_logbarrier_handoff,706,484,990602,0.0,False,107.35211181640625,1.2443095445632935,0.0,107.35211181640625,1614.515380859375,0.0,0.0,0.0,-0.47046348452568054,True,nan,False,8.805537277112307e-07,0.01
gpomdp_logbarrier_handoff,706,485,991417,0.0,False,76.34857177734375,1.2656984329223633,0.0,76.34857177734375,1972.6927490234375,0.0,0.0,0.0,-0.4720909297466278,True,nan,False,1.200490260089282e-06,0.01
gpomdp_logbarrier_handoff,706,486,992205,0.0,False,156.20892333984375,1.235795497894287,0.0,156.20892333984375,1742.104248046875,0.0,0.0,0.0,0.4256339967250824,True,nan,False,4.627860562322894e-06,0.01
gpomdp_logbarrier_handoff,706,487,992924,0.0,False,106.80009460449219,1.238465428352356,0.0,106.80009460449219,1243.52490234375,0.0,0.0,0.0,0.6119474172592163,True,nan,False,7.659221409994643e-06,0.01
gpomdp_logbarrier_handoff,706,488,993649,0.0,False,91.56043243408203,1.3039158582687378,0.0,91.56043243408203,1396.0726318359375,0.0,0.0,0.0,0.03067607991397381,True,nan,False,6.409404250007356e-06,0.01
gpomdp_logbarrier_handoff,706,489,994434,0.0,False,55.19178771972656,1.2219642400741577,0.0,55.19178771972656,1425.2637939453125,0.0,0.0,0.0,-0.022176869213581085,True,nan,False,9.41714461077936e-06,0.01
gpomdp_logbarrier_handoff,706,490,995148,0.0,False,105.26936340332031,1.256279468536377,0.0,105.26936340332031,1162.8277587890625,0.0,0.0,0.0,0.24847880005836487,True,nan,False,1.5028396774141584e-05,0.01
gpomdp_logbarrier_handoff,706,491,995892,0.0,False,78.5635986328125,1.204917311668396,0.0,78.5635986328125,1099.7266845703125,0.0,0.0,0.0,-0.11540597677230835,True,nan,False,8.457202966383193e-06,0.01
gpomdp_logbarrier_handoff,706,492,996596,0.0,False,112.39259338378906,1.2290468215942383,0.0,112.39259338378906,1605.3365478515625,0.0,0.0,0.0,-0.2225172072649002,True,nan,False,5.82273560212343e-06,0.01
gpomdp_logbarrier_handoff,706,493,997375,0.0,False,137.1720733642578,1.2811083793640137,0.0,137.1720733642578,1967.6751708984375,0.0,0.0,0.0,-0.07851047068834305,True,nan,False,1.5396341268569813e-06,0.01
gpomdp_logbarrier_handoff,706,494,998243,0.0,False,93.19105529785156,1.2499439716339111,0.0,93.19105529785156,1431.91162109375,0.0,0.0,0.0,-0.15643399953842163,True,nan,False,3.5879993447451852e-06,0.01
gpomdp_logbarrier_handoff,706,495,998925,0.0,False,115.40469360351562,1.2897734642028809,0.0,115.40469360351562,1849.7127685546875,0.0,0.0,0.0,0.3993043005466461,True,nan,False,5.896538937122386e-07,0.01
gpomdp_logbarrier_handoff,706,496,999787,0.0,False,193.63778686523438,1.3130570650100708,0.0,193.63778686523438,2700.642822265625,0.0,0.0,0.0,-0.4972069561481476,True,nan,False,3.2856009966053534e-06,0.01
gpomdp_logbarrier_handoff,706,497,1000803,0.0,False,132.88136291503906,1.40776789188385,0.0,132.88136291503906,2739.281494140625,0.0,0.0,0.0,-0.357780396938324,True,nan,False,3.327868171254522e-06,0.01
gpomdp_logbarrier_handoff,706,498,1001905,0.0,False,160.34117126464844,1.2368358373641968,0.0,160.34117126464844,1624.1405029296875,0.0,0.0,0.0,-0.4747919738292694,True,nan,False,8.705994332558475e-06,0.01
gpomdp_logbarrier_handoff,706,499,1002707,0.0,False,61.205833435058594,1.257278561592102,0.0,61.205833435058594,1392.8870849609375,0.0,0.0,0.0,0.14299803972244263,True,nan,False,8.955333214544225e-06,0.01
gpomdp_logbarrier_handoff,706,500,1003450,0.0,False,75.44084167480469,1.286199688911438,0.0,75.44084167480469,1825.6016845703125,0.0,0.0,0.0,0.15889988839626312,True,nan,False,6.212254447746091e-06,0.01
gpomdp_logbarrier_handoff,706,501,1004330,0.0,False,162.23785400390625,1.2517671585083008,0.0,162.23785400390625,2059.023193359375,0.0,0.0,0.0,-0.5674006938934326,True,nan,False,1.4156081306282431e-05,0.01
gpomdp_logbarrier_handoff,706,502,1005187,0.0,False,141.89669799804688,1.2418149709701538,0.0,141.89669799804688,1693.6806640625,0.0,0.0,0.0,0.5009468793869019,True,nan,False,1.5687128325225785e-05,0.01
gpomdp_logbarrier_handoff,706,503,1005965,0.0,False,107.29358673095703,1.232555866241455,0.0,107.29358673095703,978.4253540039062,0.0,0.0,0.0,0.31464993953704834,True,nan,False,7.089260634529637e-06,0.01
gpomdp_logbarrier_handoff,706,504,1006670,0.0,False,77.93148040771484,1.2383713722229004,0.0,77.93148040771484,1480.74951171875,0.0,0.0,0.0,-0.053629860281944275,True,nan,False,6.592002591787605e-06,0.01
gpomdp_logbarrier_handoff,706,505,1007461,0.0,False,74.22660064697266,1.2989633083343506,0.0,74.22660064697266,2085.509765625,0.0,0.0,0.0,-0.10082758963108063,True,nan,False,7.4189410952385515e-06,0.01
gpomdp_logbarrier_handoff,706,506,1008336,0.0,False,152.82398986816406,1.2686165571212769,0.0,152.82398986816406,1874.6717529296875,0.0,0.0,0.0,-0.32650619745254517,True,nan,False,1.4679534615424927e-05,0.01
gpomdp_logbarrier_handoff,706,507,1009206,0.0,False,141.42730712890625,1.2548444271087646,0.0,141.42730712890625,1526.492919921875,0.0,0.0,0.0,0.0012101965257897973,True,nan,False,2.80975473287981e-06,0.01
gpomdp_logbarrier_handoff,706,508,1009939,0.0,False,129.07644653320312,1.2641521692276,0.0,129.07644653320312,1871.3544921875,0.0,0.0,0.0,-0.22054319083690643,True,nan,False,1.2950090422236826e-06,0.01
gpomdp_logbarrier_handoff,706,509,1010730,0.0,False,78.88948822021484,1.2485171556472778,0.0,78.88948822021484,1490.8199462890625,0.0,0.0,0.0,-0.28448721766471863,True,nan,False,1.291756575483305e-06,0.01
gpomdp_logbarrier_handoff,706,510,1011466,0.0,False,78.58799743652344,1.2411198616027832,0.0,78.58799743652344,1287.5634765625,0.0,0.0,0.0,0.42176079750061035,True,nan,False,1.583416405992466e-06,0.01
gpomdp_logbarrier_handoff,706,511,1012150,0.0,False,129.02481079101562,1.2311099767684937,0.0,129.02481079101562,1515.5738525390625,0.0,0.0,0.0,-0.05192333087325096,True,nan,False,2.0972609036107315e-06,0.01
gpomdp_logbarrier_handoff,706,512,1012940,0.0,False,65.9027099609375,1.2541285753250122,0.0,65.9027099609375,1526.1116943359375,0.0,0.0,0.0,0.21278826892375946,True,nan,False,1.3624471648654435e-06,0.01
gpomdp_logbarrier_handoff,706,513,1013692,0.0,False,155.84762573242188,1.3682669401168823,0.0,155.84762573242188,2514.20068359375,0.0,0.0,0.0,0.19297343492507935,True,nan,False,4.1438561311224476e-06,0.01
gpomdp_logbarrier_handoff,706,514,1014612,0.0,False,107.11446380615234,1.2598459720611572,0.0,107.11446380615234,1634.3873291015625,0.0,0.0,0.0,-0.642915666103363,True,nan,False,4.995367362425895e-06,0.01
gpomdp_logbarrier_handoff,706,515,1015367,0.0,False,85.65596008300781,1.3375366926193237,0.0,85.65596008300781,1889.3035888671875,0.0,0.0,0.0,0.6521803736686707,True,nan,False,3.587824721762445e-06,0.01
gpomdp_logbarrier_handoff,706,516,1016144,0.0,False,81.4360580444336,1.269145131111145,0.0,81.4360580444336,1568.25439453125,0.0,0.0,0.0,-0.07731183618307114,True,nan,False,4.407894266478252e-06,0.01
gpomdp_logbarrier_handoff,706,517,1016876,0.0,False,90.94709777832031,1.253893494606018,0.0,90.94709777832031,1075.51171875,0.0,0.0,0.0,0.039228782057762146,True,nan,False,9.337670235254336e-06,0.01
gpomdp_logbarrier_handoff,706,518,1017541,0.0,False,142.76881408691406,1.318782925605774,0.0,142.76881408691406,1869.1865234375,0.0,0.0,0.0,0.32424095273017883,True,nan,False,1.376614636683371e-05,0.01
gpomdp_logbarrier_handoff,706,519,1018388,0.0,False,104.45198059082031,1.2479591369628906,0.0,104.45198059082031,1246.9693603515625,0.0,0.0,0.0,-0.06938336789608002,True,nan,False,2.3802276700735092e-05,0.01
gpomdp_logbarrier_handoff,706,520,1019049,0.0,False,77.34525299072266,1.2702194452285767,0.0,77.34525299072266,1246.8060302734375,0.0,0.0,0.0,-0.26865845918655396,True,nan,False,2.3998280084924772e-05,0.01
gpomdp_logbarrier_handoff,706,521,1019698,0.0,False,73.5658187866211,1.2541776895523071,0.0,73.5658187866211,1155.6988525390625,0.0,0.0,0.0,0.5626310706138611,True,nan,False,1.830360633903183e-05,0.01
gpomdp_logbarrier_handoff,706,522,1020381,0.0,False,74.71783447265625,1.2052847146987915,0.0,74.71783447265625,1706.5643310546875,0.0,0.0,0.0,-0.22159697115421295,True,nan,False,1.2470948604459409e-05,0.01
gpomdp_logbarrier_handoff,706,523,1021155,0.0,False,49.15984344482422,1.273174524307251,0.0,49.15984344482422,1683.5118408203125,0.0,0.0,0.0,-0.24167677760124207,True,nan,False,7.277066742972238e-06,0.01
gpomdp_logbarrier_handoff,706,524,1021951,0.0,False,96.58218383789062,1.242661952972412,0.0,96.58218383789062,1494.1865234375,0.0,0.0,0.0,0.4619063436985016,True,nan,False,7.57236557547003e-06,0.01
gpomdp_logbarrier_handoff,706,525,1022725,0.0,False,72.11296081542969,1.2656028270721436,0.0,72.11296081542969,1470.467041015625,0.0,0.0,0.0,0.22263050079345703,True,nan,False,3.888774699589703e-06,0.01
gpomdp_logbarrier_handoff,706,526,1023452,0.0,False,183.01905822753906,1.3740495443344116,0.0,183.01905822753906,1995.643310546875,0.0,0.0,0.0,-0.07067077606916428,True,nan,False,6.278225555433892e-06,0.01
gpomdp_logbarrier_handoff,706,527,1024424,0.0,False,95.705078125,1.2630608081817627,0.0,95.705078125,1545.9471435546875,0.0,0.0,0.0,-0.20064924657344818,True,nan,False,1.1106143574579619e-05,0.01
gpomdp_logbarrier_handoff,706,528,1025155,0.0,False,78.96199798583984,1.2449830770492554,0.0,78.96199798583984,1531.95947265625,0.0,0.0,0.0,-0.6085135340690613,True,nan,False,6.960018708923599e-06,0.01
gpomdp_logbarrier_handoff,706,529,1025938,0.0,False,60.61900329589844,1.2948561906814575,0.0,60.61900329589844,1195.6956787109375,0.0,0.0,0.0,0.22210824489593506,True,nan,False,6.0423813010856975e-06,0.01
gpomdp_logbarrier_handoff,706,530,1026793,0.0,False,141.2305145263672,1.2638328075408936,0.0,141.2305145263672,1373.66357421875,0.0,0.0,0.0,0.5847826600074768,True,nan,False,1.489672558818711e-05,0.01
gpomdp_logbarrier_handoff,706,531,1027531,0.0,False,97.73759460449219,1.343258261680603,0.0,97.73759460449219,1410.1014404296875,0.0,0.0,0.0,-0.7336407899856567,True,nan,False,1.4348357581184246e-05,0.01
gpomdp_logbarrier_handoff,706,532,1028360,0.0,False,182.5684051513672,1.2893030643463135,0.0,182.5684051513672,1924.57568359375,0.0,0.0,0.0,0.3189747929573059,True,nan,False,2.841209243342746e-05,0.01
gpomdp_logbarrier_handoff,706,533,1029235,0.0,False,88.61219024658203,1.2397356033325195,0.0,88.61219024658203,1295.0196533203125,0.0,0.0,0.0,-0.4376119077205658,True,nan,False,2.1272266167216003e-05,0.01
gpomdp_logbarrier_handoff,706,534,1029946,0.0,False,163.305908203125,1.4893412590026855,0.0,163.305908203125,3320.248291015625,0.0,0.0,0.0,0.19363732635974884,True,nan,False,6.189653504407033e-06,0.01
gpomdp_logbarrier_handoff,706,535,1031028,0.0,False,126.83429718017578,1.250481367111206,0.0,126.83429718017578,981.0601806640625,0.0,0.0,0.0,-0.13344787061214447,True,nan,False,1.9311028154334053e-06,0.01
gpomdp_logbarrier_handoff,706,536,1031737,0.0,False,89.7474136352539,1.2726212739944458,0.0,89.7474136352539,1583.475341796875,0.0,0.0,0.0,0.2609339952468872,True,nan,False,1.289944179916347e-06,0.01
gpomdp_logbarrier_handoff,706,537,1032507,0.0,False,108.18628692626953,1.2788569927215576,0.0,108.18628692626953,2071.42626953125,0.0,0.0,0.0,0.1356286108493805,True,nan,False,2.843251877493458e-06,0.01
gpomdp_logbarrier_handoff,706,538,1033359,0.0,False,123.83301544189453,1.284844160079956,0.0,123.83301544189453,2070.24755859375,0.0,0.0,0.0,-0.1408492475748062,True,nan,False,4.352491941972403e-06,0.01
gpomdp_logbarrier_handoff,706,539,1034279,0.0,False,165.1219940185547,1.2896620035171509,0.0,165.1219940185547,1495.2401123046875,0.0,0.0,0.0,-0.386935293674469,True,nan,False,6.712674803566188e-06,0.01
gpomdp_logbarrier_handoff,706,540,1035085,0.0,False,147.68804931640625,1.3779919147491455,0.0,147.68804931640625,3304.862548828125,0.0,0.0,0.0,-0.2703210115432739,True,nan,False,3.5979339827463264e-06,0.01
gpomdp_logbarrier_handoff,706,541,1036215,0.0,False,95.6930160522461,1.32057523727417,0.0,95.6930160522461,1372.829833984375,0.0,0.0,0.0,0.23002083599567413,True,nan,False,5.804908141726628e-06,0.01
gpomdp_logbarrier_handoff,706,542,1036978,0.0,False,91.56920623779297,1.3099247217178345,0.0,91.56920623779297,2110.919921875,0.0,0.0,0.0,0.27557262778282166,True,nan,False,4.834057108382694e-06,0.01
gpomdp_logbarrier_handoff,706,543,1037844,0.0,False,105.64529418945312,1.303818702697754,0.0,105.64529418945312,2119.362548828125,0.0,0.0,0.0,-0.21177290380001068,True,nan,False,3.0864307518641e-06,0.01
gpomdp_logbarrier_handoff,706,544,1038768,0.0,False,179.94422912597656,1.308742642402649,0.0,179.94422912597656,2317.10986328125,0.0,0.0,0.0,-0.40155449509620667,True,nan,False,6.949083854124183e-06,0.01
gpomdp_logbarrier_handoff,706,545,1039663,0.0,False,77.76509094238281,1.2626105546951294,0.0,77.76509094238281,1518.239990234375,0.0,0.0,0.0,-0.5398175120353699,True,nan,False,4.353949407231994e-06,0.01
gpomdp_logbarrier_handoff,706,546,1040396,0.0,False,94.05097198486328,1.3000346422195435,0.0,94.05097198486328,1637.34423828125,0.0,0.0,0.0,-0.09558828175067902,True,nan,False,2.7935789148614276e-06,0.01
gpomdp_logbarrier_handoff,706,547,1041286,0.0,False,79.91180419921875,1.2863529920578003,0.0,79.91180419921875,1147.2305908203125,0.0,0.0,0.0,0.4972597062587738,True,nan,False,1.4983825167291798e-06,0.01
gpomdp_logbarrier_handoff,706,548,1042064,0.0,False,113.43071746826172,1.3059788942337036,0.0,113.43071746826172,2263.535400390625,0.0,0.0,0.0,-0.29064688086509705,True,nan,False,2.4246635348390555e-06,0.01
gpomdp_logbarrier_handoff,706,549,1042932,0.0,False,75.93892669677734,1.2621731758117676,0.0,75.93892669677734,1068.6317138671875,0.0,0.0,0.0,0.3415476977825165,True,nan,False,1.5573768905596808e-06,0.01
gpomdp_logbarrier_handoff,706,550,1043624,0.0,False,95.39006805419922,1.28166663646698,0.0,95.39006805419922,1225.252197265625,0.0,0.0,0.0,-0.5938094258308411,True,nan,False,3.827854925475549e-06,0.01
gpomdp_logbarrier_handoff,706,551,1044346,0.0,False,116.20303344726562,1.2581627368927002,0.0,116.20303344726562,1327.6309814453125,0.0,0.0,0.0,-0.4888700246810913,True,nan,False,4.41525980932056e-06,0.01
gpomdp_logbarrier_handoff,706,552,1045046,0.0,False,119.15149688720703,1.2543725967407227,0.0,119.15149688720703,1401.0960693359375,0.0,0.0,0.0,0.18511193990707397,True,nan,False,1.5827788502065232e-06,0.01
gpomdp_logbarrier_handoff,706,553,1045799,0.0,False,83.6735610961914,1.2964909076690674,0.0,83.6735610961914,1258.10986328125,0.0,0.0,0.0,-0.6094870567321777,True,nan,False,2.733948122113361e-06,0.01
gpomdp_logbarrier_handoff,706,554,1046584,0.0,False,173.25997924804688,1.3243342638015747,0.0,173.25997924804688,2458.8193359375,0.0,0.0,0.0,-0.15112441778182983,True,nan,False,7.473682671843562e-06,0.01
gpomdp_logbarrier_handoff,706,555,1047520,0.0,False,60.44877624511719,1.2777469158172607,0.0,60.44877624511719,1090.3880615234375,0.0,0.0,0.0,0.3508349061012268,True,nan,False,6.917340670042904e-06,0.01
gpomdp_logbarrier_handoff,706,556,1048216,0.0,False,199.18246459960938,1.3167377710342407,0.0,199.18246459960938,2234.889892578125,0.0,0.0,0.0,-0.44282376766204834,True,nan,False,1.1189196811756119e-05,0.01
gpomdp_logbarrier_handoff,706,557,1049006,0.0,False,112.71341705322266,1.2896713018417358,0.0,112.71341705322266,1374.09814453125,0.0,0.0,0.0,-0.32478100061416626,True,nan,False,9.704500371299218e-06,0.01
gpomdp_logbarrier_handoff,706,558,1049785,0.0,False,122.08238220214844,1.227856159210205,0.0,122.08238220214844,1647.9935302734375,0.0,0.0,0.0,-0.11317750066518784,True,nan,False,9.467742529523093e-06,0.01
gpomdp_logbarrier_handoff,706,559,1050523,0.0,False,74.69766235351562,1.3131680488586426,0.0,74.69766235351562,1339.43408203125,0.0,0.0,0.0,0.3249479830265045,True,nan,False,7.188267318269936e-06,0.01
gpomdp_logbarrier_handoff,706,560,1051289,0.0,False,187.6587677001953,1.2971489429473877,0.0,187.6587677001953,1778.1986083984375,0.0,0.0,0.0,-0.19005651772022247,True,nan,False,7.240615104819881e-06,0.01
gpomdp_logbarrier_handoff,706,561,1052145,0.0,False,146.27076721191406,1.3470128774642944,0.0,146.27076721191406,1452.90625,0.0,0.0,0.0,0.08978722244501114,True,nan,False,5.1301221901667304e-06,0.01
gpomdp_logbarrier_handoff,706,562,1053007,0.0,False,90.709228515625,1.2824686765670776,0.0,90.709228515625,1153.089111328125,0.0,0.0,0.0,-0.07815860956907272,True,nan,False,5.3502144510275684e-06,0.01
gpomdp_logbarrier_handoff,706,563,1053664,0.0,False,63.89280319213867,1.2827584743499756,0.0,63.89280319213867,1243.7569580078125,0.0,0.0,0.0,0.287639319896698,True,nan,False,3.7412553410831606e-06,0.01
gpomdp_logbarrier_handoff,706,564,1054377,0.0,False,67.5131607055664,1.3395198583602905,0.0,67.5131607055664,2114.965087890625,0.0,0.0,0.0,-0.12082724273204803,True,nan,False,2.8666236175922677e-06,0.01
gpomdp_logbarrier_handoff,706,565,1055306,0.0,False,62.92145538330078,1.2965039014816284,0.0,62.92145538330078,1190.9931640625,0.0,0.0,0.0,0.09033254534006119,True,nan,False,2.9435350370476954e-06,0.01
gpomdp_logbarrier_handoff,706,566,1056058,0.0,False,86.75811767578125,1.308118224143982,0.0,86.75811767578125,1158.260009765625,0.0,0.0,0.0,-0.07859177142381668,True,nan,False,2.225832986368914e-06,0.01
gpomdp_logbarrier_handoff,706,567,1056832,0.0,False,153.6083221435547,1.3034907579421997,0.0,153.6083221435547,1139.3179931640625,0.0,0.0,0.0,0.15156018733978271,True,nan,False,1.0108129572472535e-05,0.01
gpomdp_logbarrier_handoff,706,568,1057584,0.0,False,51.03850173950195,1.2741684913635254,0.0,51.03850173950195,1038.5228271484375,0.0,0.0,0.0,-0.48702508211135864,True,nan,False,7.130119684006786e-06,0.01
gpomdp_logbarrier_handoff,706,569,1058290,0.0,False,114.38092803955078,1.2946962118148804,0.0,114.38092803955078,1495.677978515625,0.0,0.0,0.0,-0.09814979881048203,True,nan,False,2.3295742721529678e-06,0.01
gpomdp_logbarrier_handoff,706,570,1059042,0.0,False,156.29774475097656,1.2926868200302124,0.0,156.29774475097656,1591.6253662109375,0.0,0.0,0.0,-0.056238170713186264,True,nan,False,8.909136340662371e-06,0.01
gpomdp_logbarrier_handoff,706,571,1059748,0.0,False,95.31327056884766,1.261418342590332,0.0,95.31327056884766,1347.3778076171875,0.0,0.0,0.0,-0.5921390056610107,True,nan,False,1.1380100659152959e-05,0.01
gpomdp_logbarrier_handoff,706,572,1060461,0.0,False,84.2473373413086,1.2920119762420654,0.0,84.2473373413086,1035.4676513671875,0.0,0.0,0.0,0.605718731880188,True,nan,False,6.5694330260157585e-06,0.01
gpomdp_logbarrier_handoff,706,573,1061166,0.0,False,82.39607238769531,1.272345781326294,0.0,82.39607238769531,1319.5953369140625,0.0,0.0,0.0,0.4266592264175415,True,nan,False,5.746924216509797e-06,0.01
gpomdp_logbarrier_handoff,706,574,1061904,0.0,False,90.33434295654297,1.3002578020095825,0.0,90.33434295654297,1273.7362060546875,0.0,0.0,0.0,0.30330514907836914,True,nan,False,1.0507612387300469e-05,0.01
gpomdp_logbarrier_handoff,706,575,1062578,0.0,False,164.72862243652344,1.5570324659347534,0.0,164.72862243652344,3125.281494140625,0.0,0.0,0.0,-0.6575613617897034,True,nan,False,5.358500402508071e-06,0.01
gpomdp_logbarrier_handoff,706,576,1063747,0.0,False,61.45960235595703,1.2848149538040161,0.0,61.45960235595703,1110.4617919921875,0.0,0.0,0.0,-0.07695034891366959,True,nan,False,5.732964382332284e-06,0.01
gpomdp_logbarrier_handoff,706,577,1064395,0.0,False,80.08241271972656,1.3092650175094604,0.0,80.08241271972656,1457.0281982421875,0.0,0.0,0.0,-0.22004887461662292,True,nan,False,4.3894706323044375e-06,0.01
gpomdp_logbarrier_handoff,706,578,1065175,0.0,False,97.46141052246094,1.354737401008606,0.0,97.46141052246094,1424.5126953125,0.0,0.0,0.0,-0.30227217078208923,True,nan,False,2.345956318094977e-06,0.01
gpomdp_logbarrier_handoff,706,579,1066009,0.0,False,96.6250991821289,1.3732504844665527,0.0,96.6250991821289,1844.7569580078125,0.0,0.0,0.0,0.004266269039362669,True,nan,False,4.020459527964704e-06,0.01
gpomdp_logbarrier_handoff,706,580,1066980,0.0,False,89.65924072265625,1.2936514616012573,0.0,89.65924072265625,934.6675415039062,0.0,0.0,0.0,-0.22122600674629211,True,nan,False,9.468386451771948e-06,0.01
gpomdp_logbarrier_handoff,706,581,1067655,0.0,False,92.7735366821289,1.3282665014266968,0.0,92.7735366821289,1586.4951171875,0.0,0.0,0.0,-0.33721843361854553,True,nan,False,9.18164096219698e-06,0.01
gpomdp_logbarrier_handoff,706,582,1068478,0.0,False,69.74137115478516,1.284017562866211,0.0,69.74137115478516,1289.4888916015625,0.0,0.0,0.0,-0.2608271837234497,True,nan,False,1.1440284652053379e-05,0.01
gpomdp_logbarrier_handoff,706,583,1069229,0.0,False,92.79542541503906,1.3104890584945679,0.0,92.79542541503906,1328.732421875,0.0,0.0,0.0,0.5846818685531616,True,nan,False,8.58887597132707e-06,0.01
gpomdp_logbarrier_handoff,706,584,1069938,0.0,False,109.94717407226562,1.2958087921142578,0.0,109.94717407226562,1171.6707763671875,0.0,0.0,0.0,-0.09797368943691254,True,nan,False,2.196227796957828e-06,0.01
gpomdp_logbarrier_handoff,706,585,1070606,0.0,False,146.08529663085938,1.3185067176818848,0.0,146.08529663085938,1309.4013671875,0.0,0.0,0.0,0.024984348565340042,True,nan,False,1.0411300763735198e-06,0.01
gpomdp_logbarrier_handoff,706,586,1071338,0.0,False,44.53676986694336,1.329395055770874,0.0,44.53676986694336,1041.219482421875,0.0,0.0,0.0,-0.3220927119255066,True,nan,False,1.6396620594605338e-06,0.01
gpomdp_logbarrier_handoff,706,587,1072071,0.0,False,61.83681106567383,1.295539140701294,0.0,61.83681106567383,1215.0494384765625,0.0,0.0,0.0,-0.20336708426475525,True,nan,False,2.722260660448228e-06,0.01
gpomdp_logbarrier_handoff,706,588,1072842,0.0,False,111.5591812133789,1.3106399774551392,0.0,111.5591812133789,1363.7015380859375,0.0,0.0,0.0,0.45919832587242126,True,nan,False,1.6223187060404598e-07,0.01
gpomdp_logbarrier_handoff,706,589,1073631,0.0,False,91.15962219238281,1.3126771450042725,0.0,91.15962219238281,1105.85595703125,0.0,0.0,0.0,-0.028723997995257378,True,nan,False,1.280770220546401e-06,0.01
gpomdp_logbarrier_handoff,706,590,1074310,0.0,False,32.76224136352539,1.3146977424621582,0.0,32.76224136352539,1210.2950439453125,0.0,0.0,0.0,-0.24667783081531525,True,nan,False,9.668419806985185e-07,0.01
gpomdp_logbarrier_handoff,706,591,1074977,0.0,False,96.42655944824219,1.3607679605484009,0.0,96.42655944824219,1820.4366455078125,0.0,0.0,0.0,0.27748510241508484,True,nan,False,3.626479156082496e-06,0.01
gpomdp_logbarrier_handoff,706,592,1075852,0.0,False,134.09812927246094,1.3148876428604126,0.0,134.09812927246094,1312.09814453125,0.0,0.0,0.0,-0.038842037320137024,True,nan,False,1.1564987289602868e-05,0.01
gpomdp_logbarrier_handoff,706,593,1076550,0.0,False,122.66444396972656,1.3484899997711182,0.0,122.66444396972656,1404.8134765625,0.0,0.0,0.0,-0.2131977081298828,True,nan,False,1.664943920332007e-05,0.01
gpomdp_logbarrier_handoff,706,594,1077369,0.0,False,99.1960678100586,1.3097281455993652,0.0,99.1960678100586,1427.234130859375,0.0,0.0,0.0,0.7525531053543091,True,nan,False,1.1829902177851181e-05,0.01
gpomdp_logbarrier_handoff,706,595,1078105,0.0,False,89.54129791259766,1.349196195602417,0.0,89.54129791259766,1185.8602294921875,0.0,0.0,0.0,-0.512580156326294,True,nan,False,7.1206491156772245e-06,0.01
gpomdp_logbarrier_handoff,706,596,1078871,0.0,False,89.3752212524414,1.347510814666748,0.0,89.3752212524414,1289.2940673828125,0.0,0.0,0.0,-0.328997939825058,True,nan,False,9.981354196497705e-06,0.01
gpomdp_logbarrier_handoff,706,597,1079620,0.0,False,107.96341705322266,1.3744757175445557,0.0,107.96341705322266,1748.41015625,0.0,0.0,0.0,-0.19999495148658752,True,nan,False,1.491073544457322e-05,0.01
gpomdp_logbarrier_handoff,706,598,1080442,0.0,False,106.93521881103516,1.295304298400879,0.0,106.93521881103516,1575.7593994140625,0.0,0.0,0.0,0.027735095471143723,True,nan,False,7.799896593496669e-06,0.01
gpomdp_logbarrier_handoff,706,599,1081200,0.0,False,157.0812225341797,1.3562575578689575,0.0,157.0812225341797,1567.2486572265625,0.0,0.0,0.0,-0.09114522486925125,True,nan,False,5.167051767784869e-06,0.01
gpomdp_logbarrier_handoff,706,600,1082003,0.0,False,55.23717498779297,1.3263044357299805,0.0,55.23717498779297,1305.952392578125,0.0,0.0,0.0,0.4122907519340515,True,nan,False,4.739322321256623e-06,0.01
gpomdp_logbarrier_handoff,706,601,1082720,0.0,False,55.14512634277344,1.3157973289489746,0.0,55.14512634277344,972.3751831054688,0.0,0.0,0.0,0.13155852258205414,True,nan,False,3.3121164051408414e-06,0.01
gpomdp_logbarrier_handoff,706,602,1083422,0.0,False,118.52351379394531,1.3545359373092651,0.0,118.52351379394531,1891.1947021484375,0.0,0.0,0.0,-0.4894205927848816,True,nan,False,4.06283061238355e-06,0.01
gpomdp_logbarrier_handoff,706,603,1084274,0.0,False,69.10926055908203,1.3213824033737183,0.0,69.10926055908203,1361.79248046875,0.0,0.0,0.0,-0.10522682219743729,True,nan,False,5.030524334870279e-06,0.01
gpomdp_logbarrier_handoff,706,604,1085031,0.0,False,94.67628479003906,1.3178987503051758,0.0,94.67628479003906,1557.9840087890625,0.0,0.0,0.0,-0.5916080474853516,True,nan,False,9.186877832689788e-06,0.01
gpomdp_logbarrier_handoff,706,605,1085811,0.0,False,96.315185546875,1.3035171031951904,0.0,96.315185546875,1146.414794921875,0.0,0.0,0.0,-0.17227663099765778,True,nan,False,4.6709365051356144e-06,0.01
gpomdp_logbarrier_handoff,706,606,1086534,0.0,False,120.91232299804688,1.3155831098556519,0.0,120.91232299804688,1265.21337890625,0.0,0.0,0.0,-0.10042773932218552,True,nan,False,1.796466108316963e-06,0.01
gpomdp_logbarrier_handoff,706,607,1087382,0.0,False,116.65962219238281,1.3597320318222046,0.0,116.65962219238281,2201.05517578125,0.0,0.0,0.0,-0.11377139389514923,True,nan,False,3.903057404386345e-06,0.01
gpomdp_logbarrier_handoff,706,608,1088357,0.0,False,72.21260833740234,1.312438726425171,0.0,72.21260833740234,1221.0035400390625,0.0,0.0,0.0,-0.11733011156320572,True,nan,False,2.7405756100051804e-06,0.01
gpomdp_logbarrier_handoff,706,609,1089120,0.0,False,102.49623107910156,1.3181923627853394,0.0,102.49623107910156,1329.4241943359375,0.0,0.0,0.0,-0.08173821121454239,True,nan,False,2.926212800957728e-06,0.01
gpomdp_logbarrier_handoff,706,610,1089808,0.0,False,115.13615417480469,1.3585846424102783,0.0,115.13615417480469,1674.6131591796875,0.0,0.0,0.0,0.10771182924509048,True,nan,False,2.5485389869572828e-06,0.01
gpomdp_logbarrier_handoff,706,611,1090663,0.0,False,131.40499877929688,1.3565263748168945,0.0,131.40499877929688,1143.719970703125,0.0,0.0,0.0,-0.2246566265821457,True,nan,False,1.6010762919904664e-06,0.01
gpomdp_logbarrier_handoff,706,612,1091366,0.0,False,79.2834243774414,1.3344111442565918,0.0,79.2834243774414,1366.0037841796875,0.0,0.0,0.0,0.1448134183883667,True,nan,False,1.6425943840658874e-06,0.01
gpomdp_logbarrier_handoff,706,613,1092107,0.0,False,102.69893646240234,1.346421718597412,0.0,102.69893646240234,1232.367431640625,0.0,0.0,0.0,0.04909048601984978,True,nan,False,1.191048909277015e-06,0.01
gpomdp_logbarrier_handoff,706,614,1092876,0.0,False,69.26004791259766,1.315205454826355,0.0,69.26004791259766,1219.17626953125,0.0,0.0,0.0,0.24188072979450226,True,nan,False,2.180921683248016e-06,0.01
gpomdp_logbarrier_handoff,706,615,1093596,0.0,False,58.24701690673828,1.3248695135116577,0.0,58.24701690673828,1267.301025390625,0.0,0.0,0.0,0.36994466185569763,True,nan,False,2.1037683382019168e-06,0.01
gpomdp_logbarrier_handoff,706,616,1094267,0.0,False,115.64087677001953,1.3218984603881836,0.0,115.64087677001953,1463.1971435546875,0.0,0.0,0.0,-0.5588733553886414,True,nan,False,4.142363195569487e-06,0.01
gpomdp_logbarrier_handoff,706,617,1095018,0.0,False,78.61077117919922,1.3364356756210327,0.0,78.61077117919922,1409.0589599609375,0.0,0.0,0.0,-0.7578122615814209,True,nan,False,5.4074980653240345e-06,0.01
gpomdp_logbarrier_handoff,706,618,1095781,0.0,False,113.1954574584961,1.3286004066467285,0.0,113.1954574584961,1290.421875,0.0,0.0,0.0,-0.10900598019361496,True,nan,False,1.3796801795251667e-05,0.01
gpomdp_logbarrier_handoff,706,619,1096550,0.0,False,51.47502136230469,1.330856442451477,0.0,51.47502136230469,1184.0355224609375,0.0,0.0,0.0,-0.11039821803569794,True,nan,False,7.514765457017347e-06,0.01
gpomdp_logbarrier_handoff,706,620,1097268,0.0,False,128.42037963867188,1.352313756942749,0.0,128.42037963867188,1543.869873046875,0.0,0.0,0.0,-0.4577022194862366,True,nan,False,2.8908714284625603e-06,0.01
gpomdp_logbarrier_handoff,706,621,1098026,0.0,False,74.8180923461914,1.3233757019042969,0.0,74.8180923461914,1425.8604736328125,0.0,0.0,0.0,0.16381801664829254,True,nan,False,3.741770569831715e-06,0.01
gpomdp_logbarrier_handoff,706,622,1098723,0.0,False,139.0535430908203,1.3490034341812134,0.0,139.0535430908203,1501.51318359375,0.0,0.0,0.0,0.014962572604417801,True,nan,False,2.552630803620559e-06,0.01
gpomdp_logbarrier_handoff,706,623,1099432,0.0,False,61.0925178527832,1.3679933547973633,0.0,61.0925178527832,1258.6768798828125,0.0,0.0,0.0,0.616681694984436,True,nan,False,2.1038970317022176e-06,0.01
gpomdp_logbarrier_handoff,706,624,1100132,0.0,False,125.94451141357422,1.3312894105911255,0.0,125.94451141357422,1644.6533203125,0.0,0.0,0.0,0.028545869514346123,True,nan,False,2.0520669750112575e-06,0.01
gpomdp_logbarrier_handoff,706,625,1100853,0.0,False,157.42880249023438,1.3444665670394897,0.0,157.42880249023438,1826.9935302734375,0.0,0.0,0.0,-0.4226562976837158,True,nan,False,4.8864062591746915e-06,0.01
gpomdp_logbarrier_handoff,706,626,1101622,0.0,False,77.43367767333984,1.344318151473999,0.0,77.43367767333984,1219.542236328125,0.0,0.0,0.0,0.4747239053249359,True,nan,False,5.794009211967932e-06,0.01
gpomdp_logbarrier_handoff,706,627,1102274,0.0,False,65.54444122314453,1.345731258392334,0.0,65.54444122314453,1363.8714599609375,0.0,0.0,0.0,-0.3526460528373718,True,nan,False,5.805393811897375e-06,0.01
gpomdp_logbarrier_handoff,706,628,1102963,0.0,False,53.38962173461914,1.353554606437683,0.0,53.38962173461914,1319.4261474609375,0.0,0.0,0.0,0.3281986713409424,True,nan,False,3.785693934332812e-06,0.01
gpomdp_logbarrier_handoff,706,629,1103720,0.0,False,178.65280151367188,1.3570001125335693,0.0,178.65280151367188,1099.9788818359375,0.0,0.0,0.0,-0.24287725985050201,True,nan,False,8.09027005743701e-06,0.01
gpomdp_logbarrier_handoff,706,630,1104467,0.0,False,142.21022033691406,1.334526538848877,0.0,142.21022033691406,1249.6510009765625,0.0,0.0,0.0,0.5090382695198059,True,nan,False,1.8123118934454396e-05,0.01
gpomdp_logbarrier_handoff,706,631,1105104,0.0,False,70.27568054199219,1.3377183675765991,0.0,70.27568054199219,1210.568359375,0.0,0.0,0.0,-0.23843199014663696,True,nan,False,1.1659338269964792e-05,0.01
gpomdp_logbarrier_handoff,706,632,1105774,0.0,False,53.66126251220703,1.3409193754196167,0.0,53.66126251220703,1021.7872314453125,0.0,0.0,0.0,-0.2729633152484894,True,nan,False,1.3060523087915499e-05,0.01
gpomdp_logbarrier_handoff,706,633,1106492,0.0,False,83.50470733642578,1.3635098934173584,0.0,83.50470733642578,1593.867919921875,0.0,0.0,0.0,-0.624799907207489,True,nan,False,1.3380005839280784e-05,0.01
gpomdp_logbarrier_handoff,706,634,1107245,0.0,False,130.54905700683594,1.3244491815567017,0.0,130.54905700683594,859.3006591796875,0.0,0.0,0.0,-0.19243715703487396,True,nan,False,9.31529029912781e-06,0.01
gpomdp_logbarrier_handoff,706,635,1107950,0.0,False,106.86479187011719,1.532758116722107,0.0,106.86479187011719,2206.822509765625,0.0,0.0,0.0,0.8280045986175537,True,nan,False,4.402069407660747e-06,0.01
gpomdp_logbarrier_handoff,706,636,1109100,0.0,False,95.44931030273438,1.3469154834747314,0.0,95.44931030273438,1535.9046630859375,0.0,0.0,0.0,0.14002834260463715,True,nan,False,8.713690476724878e-06,0.01
gpomdp_logbarrier_handoff,706,637,1109808,0.0,False,96.7213363647461,1.347709059715271,0.0,96.7213363647461,1334.0660400390625,0.0,0.0,0.0,-0.5016573667526245,True,nan,False,4.107424501853529e-06,0.01
gpomdp_logbarrier_handoff,706,638,1110438,0.0,False,117.9399185180664,1.3351980447769165,0.0,117.9399185180664,1477.3419189453125,0.0,0.0,0.0,-0.0839170441031456,True,nan,False,5.033052275393857e-06,0.01
gpomdp_logbarrier_handoff,706,639,1111133,0.0,False,129.7671356201172,1.3421577215194702,0.0,129.7671356201172,1161.9046630859375,0.0,0.0,0.0,0.5947280526161194,True,nan,False,9.46198542806087e-06,0.01
gpomdp_logbarrier_handoff,706,640,1111901,0.0,False,88.36126708984375,1.3575247526168823,0.0,88.36126708984375,1358.063720703125,0.0,0.0,0.0,-0.007754885125905275,True,nan,False,2.217826249761856e-06,0.01
gpomdp_logbarrier_handoff,706,641,1112673,0.0,False,72.1307144165039,1.3502752780914307,0.0,72.1307144165039,1290.0782470703125,0.0,0.0,0.0,-0.30776306986808777,True,nan,False,1.8302035869055544e-06,0.01
gpomdp_logbarrier_handoff,706,642,1113347,0.0,False,104.83358001708984,1.4359683990478516,0.0,104.83358001708984,2618.789306640625,0.0,0.0,0.0,-0.05597660690546036,True,nan,False,1.179759578917583e-06,0.01
gpomdp_logbarrier_handoff,706,643,1114319,0.0,False,101.62641143798828,1.3482258319854736,0.0,101.62641143798828,1493.0201416015625,0.0,0.0,0.0,-0.42587482929229736,True,nan,False,7.804250117260381e-07,0.01
gpomdp_logbarrier_handoff,706,644,1115041,0.0,False,87.65739440917969,1.358707070350647,0.0,87.65739440917969,1468.5264892578125,0.0,0.0,0.0,-0.6971781253814697,True,nan,False,1.4399812471310725e-06,0.01
gpomdp_logbarrier_handoff,706,645,1115764,0.0,False,108.73623657226562,1.344821572303772,0.0,108.73623657226562,1573.6634521484375,0.0,0.0,0.0,0.4854145348072052,True,nan,False,2.0940074136888143e-06,0.01
gpomdp_logbarrier_handoff,706,646,1116540,0.0,False,98.37600708007812,1.3461313247680664,0.0,98.37600708007812,1211.821044921875,0.0,0.0,0.0,-0.1934695690870285,True,nan,False,3.0522592169290874e-06,0.01
gpomdp_logbarrier_handoff,706,647,1117304,0.0,False,142.01681518554688,1.399221420288086,0.0,142.01681518554688,1693.228759765625,0.0,0.0,0.0,-0.33701953291893005,True,nan,False,1.9409958440519404e-06,0.01
gpomdp_logbarrier_handoff,706,648,1118160,0.0,False,56.87080764770508,1.3829517364501953,0.0,56.87080764770508,1402.076904296875,0.0,0.0,0.0,-0.20051826536655426,True,nan,False,2.2404030914913164e-06,0.01
gpomdp_logbarrier_handoff,706,649,1118904,0.0,False,69.6327896118164,1.425059199333191,0.0,69.6327896118164,2123.331787109375,0.0,0.0,0.0,-0.06194902956485748,True,nan,False,3.0384135243366472e-06,0.01
gpomdp_logbarrier_handoff,706,650,1119821,0.0,False,44.67742156982422,1.3331655263900757,0.0,44.67742156982422,800.6828002929688,0.0,0.0,0.0,-0.007542549632489681,True,nan,False,2.852671059372369e-06,0.01
gpomdp_logbarrier_handoff,706,651,1120458,0.0,False,72.9946517944336,1.338051199913025,0.0,72.9946517944336,1625.62646484375,0.0,0.0,0.0,-0.5422390699386597,True,nan,False,2.239843297502375e-06,0.01
gpomdp_logbarrier_handoff,706,652,1121198,0.0,False,133.81344604492188,1.347603440284729,0.0,133.81344604492188,1555.4002685546875,0.0,0.0,0.0,0.06287194788455963,True,nan,False,3.291047733000596e-06,0.01
gpomdp_logbarrier_handoff,706,653,1121927,0.0,False,98.59213256835938,1.3532614707946777,0.0,98.59213256835938,1333.496826171875,0.0,0.0,0.0,-0.2601906955242157,True,nan,False,1.4165602806315292e-06,0.01
gpomdp_logbarrier_handoff,706,654,1122643,0.0,False,54.248756408691406,1.35722815990448,0.0,54.248756408691406,1321.339599609375,0.0,0.0,0.0,-0.026527490466833115,True,nan,False,1.2517322147687082e-06,0.01
gpomdp_logbarrier_handoff,706,655,1123335,0.0,False,84.22066497802734,1.3752516508102417,0.0,84.22066497802734,1389.7510986328125,0.0,0.0,0.0,-0.23223958909511566,True,nan,False,1.9737276488740463e-06,0.01
gpomdp_logbarrier_handoff,706,656,1124210,0.0,False,123.10773468017578,1.3569526672363281,0.0,123.10773468017578,1231.482421875,0.0,0.0,0.0,-0.1998380422592163,True,nan,False,3.093434770562453e-06,0.01
gpomdp_logbarrier_handoff,706,657,1124950,0.0,False,99.67115783691406,1.3854116201400757,0.0,99.67115783691406,1471.5035400390625,0.0,0.0,0.0,-0.027453964576125145,True,nan,False,1.8588268630992388e-06,0.01
gpomdp_logbarrier_handoff,706,658,1125714,0.0,False,127.14396667480469,1.3889368772506714,0.0,127.14396667480469,2145.241943359375,0.0,0.0,0.0,0.3070766031742096,True,nan,False,2.513445451768348e-06,0.01
gpomdp_logbarrier_handoff,706,659,1126555,0.0,False,67.77088928222656,1.3762191534042358,0.0,67.77088928222656,1749.014892578125,0.0,0.0,0.0,-0.1908808946609497,True,nan,False,1.105370870391198e-06,0.01
gpomdp_logbarrier_handoff,706,660,1127404,0.0,False,108.24128723144531,1.3529129028320312,0.0,108.24128723144531,1203.413330078125,0.0,0.0,0.0,-0.0022954186424613,True,nan,False,3.6292653931013774e-06,0.01
gpomdp_logbarrier_handoff,706,661,1128110,0.0,False,114.64532470703125,1.3667930364608765,0.0,114.64532470703125,1731.171142578125,0.0,0.0,0.0,0.7033570408821106,True,nan,False,8.27449753160181e-07,0.01
gpomdp_logbarrier_handoff,706,662,1128829,0.0,False,82.29608917236328,1.3604495525360107,0.0,82.29608917236328,1318.1458740234375,0.0,0.0,0.0,0.03197599947452545,True,nan,False,5.288673605718941e-07,0.01
gpomdp_logbarrier_handoff,706,663,1129543,0.0,False,112.97917175292969,1.3449589014053345,0.0,112.97917175292969,1046.9559326171875,0.0,0.0,0.0,-0.02580391988158226,True,nan,False,3.2784416816866724e-06,0.01
gpomdp_logbarrier_handoff,706,664,1130201,0.0,False,94.65286254882812,1.3955726623535156,0.0,94.65286254882812,1141.6385498046875,0.0,0.0,0.0,0.3598557114601135,True,nan,False,2.76234163720801e-06,0.01
gpomdp_logbarrier_handoff,706,665,1130955,0.0,False,149.22909545898438,1.448639154434204,0.0,149.22909545898438,2089.7021484375,0.0,0.0,0.0,0.1525358259677887,True,nan,False,4.364386313682189e-06,0.01
gpomdp_logbarrier_handoff,706,666,1131722,0.0,False,68.81766510009766,1.3474682569503784,0.0,68.81766510009766,1140.8455810546875,0.0,0.0,0.0,0.4817233979701996,True,nan,False,2.49168033406022e-06,0.01
gpomdp_logbarrier_handoff,706,667,1132397,0.0,False,102.71178436279297,1.3566113710403442,0.0,102.71178436279297,1422.02490234375,0.0,0.0,0.0,-0.029903804883360863,True,nan,False,3.8373414099623915e-06,0.01
gpomdp_logbarrier_handoff,706,668,1133122,0.0,False,104.02690124511719,1.3877208232879639,0.0,104.02690124511719,1116.3885498046875,0.0,0.0,0.0,-0.7059415578842163,True,nan,False,3.284525064373156e-06,0.01
gpomdp_logbarrier_handoff,706,669,1133887,0.0,False,116.26860809326172,1.3345708847045898,0.0,116.26860809326172,1774.434814453125,0.0,0.0,0.0,-0.36106058955192566,True,nan,False,5.8076775530935265e-06,0.01
gpomdp_logbarrier_handoff,706,670,1134647,0.0,False,46.173343658447266,1.3458753824234009,0.0,46.173343658447266,1450.8563232421875,0.0,0.0,0.0,0.44669002294540405,True,nan,False,4.93207198815071e-06,0.01
gpomdp_logbarrier_handoff,706,671,1135346,0.0,False,51.13789367675781,1.3593370914459229,0.0,51.13789367675781,1361.166748046875,0.0,0.0,0.0,-0.046629179269075394,True,nan,False,4.9941772886086255e-06,0.01
gpomdp_logbarrier_handoff,706,672,1136071,0.0,False,101.55751037597656,1.3743759393692017,0.0,101.55751037597656,1676.290771484375,0.0,0.0,0.0,0.39947509765625,True,nan,False,1.2577010011227685e-06,0.01
gpomdp_logbarrier_handoff,706,673,1136865,0.0,False,108.97119140625,1.3941539525985718,0.0,108.97119140625,1349.814697265625,0.0,0.0,0.0,0.32312408089637756,True,nan,False,8.049275379562459e-07,0.01
gpomdp_logbarrier_handoff,706,674,1137621,0.0,False,59.267398834228516,1.3310343027114868,0.0,59.267398834228516,1484.8785400390625,0.0,0.0,0.0,-0.21442995965480804,True,nan,False,4.144301044561871e-07,0.01
gpomdp_logbarrier_handoff,706,675,1138315,0.0,False,87.624755859375,1.373637080192566,0.0,87.624755859375,1511.2554931640625,0.0,0.0,0.0,0.16548773646354675,True,nan,False,1.2273393394934828e-06,0.01
gpomdp_logbarrier_handoff,706,676,1139228,0.0,False,180.03111267089844,1.3483021259307861,0.0,180.03111267089844,1351.642333984375,0.0,0.0,0.0,0.13439299166202545,True,nan,False,1.2262571544852108e-05,0.01
gpomdp_logbarrier_handoff,706,677,1139946,0.0,False,122.90880584716797,1.3502918481826782,0.0,122.90880584716797,1108.769287109375,0.0,0.0,0.0,0.10128472745418549,True,nan,False,3.269000444561243e-06,0.01
gpomdp_logbarrier_handoff,706,678,1140657,0.0,False,67.9090805053711,1.347112774848938,0.0,67.9090805053711,1286.4149169921875,0.0,0.0,0.0,-0.7083398699760437,True,nan,False,2.8569324967975263e-06,0.01
gpomdp_logbarrier_handoff,706,679,1141366,0.0,False,106.32565307617188,1.346413493156433,0.0,106.32565307617188,1042.06005859375,0.0,0.0,0.0,0.019712455570697784,True,nan,False,8.974043339549098e-06,0.01
gpomdp_logbarrier_handoff,706,680,1142057,0.0,False,113.9139175415039,1.4897472858428955,0.0,113.9139175415039,2937.76708984375,0.0,0.0,0.0,-0.4130207598209381,True,nan,False,3.8136249713716097e-06,0.01
gpomdp_logbarrier_handoff,706,681,1143104,0.0,False,118.6573715209961,1.4159672260284424,0.0,118.6573715209961,2019.22412109375,0.0,0.0,0.0,-0.7045019865036011,True,nan,False,2.99364637612598e-06,0.01
gpomdp_logbarrier_handoff,706,682,1144045,0.0,False,194.5598602294922,1.371635913848877,0.0,194.5598602294922,1598.5902099609375,0.0,0.0,0.0,0.02116330899298191,True,nan,False,1.3607661458081566e-05,0.01
gpomdp_logbarrier_handoff,706,683,1144852,0.0,False,68.92147827148438,1.353657603263855,0.0,68.92147827148438,1457.5794677734375,0.0,0.0,0.0,-0.09158705919981003,True,nan,False,9.506557034910657e-06,0.01
gpomdp_logbarrier_handoff,706,684,1145543,0.0,False,84.69853210449219,1.3515625,0.0,84.69853210449219,1066.4703369140625,0.0,0.0,0.0,0.3054119050502777,True,nan,False,7.233857104438357e-06,0.01
gpomdp_logbarrier_handoff,706,685,1146262,0.0,False,193.7430419921875,1.393481731414795,0.0,193.7430419921875,2247.32373046875,0.0,0.0,0.0,-0.07470189034938812,True,nan,False,1.0587825272523332e-05,0.01
gpomdp_logbarrier_handoff,706,686,1147197,0.0,False,126.35027313232422,1.365749478340149,0.0,126.35027313232422,1092.0576171875,0.0,0.0,0.0,-0.14239802956581116,True,nan,False,6.1878181440988556e-06,0.01
gpomdp_logbarrier_handoff,706,687,1147910,0.0,False,110.30204772949219,1.412891149520874,0.0,110.30204772949219,1776.9459228515625,0.0,0.0,0.0,0.0578094907104969,True,nan,False,8.644163244753145e-06,0.01
gpomdp_logbarrier_handoff,706,688,1148745,0.0,False,193.42123413085938,1.3492026329040527,0.0,193.42123413085938,1242.55859375,0.0,0.0,0.0,0.010405880399048328,True,nan,False,2.7718593628378585e-05,0.01
gpomdp_logbarrier_handoff,706,689,1149483,0.0,False,80.83210754394531,1.38380765914917,0.0,80.83210754394531,2220.644287109375,0.0,0.0,0.0,0.024026798084378242,True,nan,False,1.9685045117512345e-05,0.01
gpomdp_logbarrier_handoff,706,690,1150256,0.0,False,122.77775573730469,1.3925135135650635,0.0,122.77775573730469,1576.61474609375,0.0,0.0,0.0,-0.8792867660522461,True,nan,False,2.124421007465571e-05,0.01
gpomdp_logbarrier_handoff,706,691,1151046,0.0,False,94.71492767333984,1.3713703155517578,0.0,94.71492767333984,1749.3739013671875,0.0,0.0,0.0,0.1488373726606369,True,nan,False,1.3249394214653876e-05,0.01
gpomdp_logbarrier_handoff,706,692,1151818,0.0,False,63.42444610595703,1.338616967201233,0.0,63.42444610595703,1435.3360595703125,0.0,0.0,0.0,0.3445778489112854,True,nan,False,1.1234405974391848e-05,0.01
gpomdp_logbarrier_handoff,706,693,1152448,0.0,False,79.30891418457031,1.3449102640151978,0.0,79.30891418457031,1179.228515625,0.0,0.0,0.0,-0.16056229174137115,True,nan,False,4.472186901693931e-06,0.01
gpomdp_logbarrier_handoff,706,694,1153139,0.0,False,125.53308868408203,1.3585277795791626,0.0,125.53308868408203,1356.1746826171875,0.0,0.0,0.0,0.022991536185145378,True,nan,False,1.2210265595058445e-05,0.01
gpomdp_logbarrier_handoff,706,695,1153857,0.0,False,97.66709899902344,1.3765590190887451,0.0,97.66709899902344,1811.2264404296875,0.0,0.0,0.0,0.6078908443450928,True,nan,False,8.135904863593169e-06,0.01
gpomdp_logbarrier_handoff,706,696,1154653,0.0,False,117.92433166503906,1.3551687002182007,0.0,117.92433166503906,1297.3807373046875,0.0,0.0,0.0,-0.010163575410842896,True,nan,False,3.853049747704063e-06,0.01
gpomdp_logbarrier_handoff,706,697,1155389,0.0,False,75.7049560546875,1.3298285007476807,0.0,75.7049560546875,980.048095703125,0.0,0.0,0.0,0.6274777054786682,True,nan,False,5.145024715602631e-06,0.01
gpomdp_logbarrier_handoff,706,698,1156073,0.0,False,244.01910400390625,1.3992315530776978,0.0,244.01910400390625,1628.8416748046875,0.0,0.0,0.0,0.3179475963115692,True,nan,False,2.4867978936526924e-05,0.01
gpomdp_logbarrier_handoff,706,699,1156861,0.0,False,108.97087860107422,1.3522422313690186,0.0,108.97087860107422,1268.7154541015625,0.0,0.0,0.0,-0.0880373939871788,True,nan,False,3.510805981932208e-05,0.01
gpomdp_logbarrier_handoff,706,700,1157550,0.0,False,128.00404357910156,1.3361483812332153,0.0,128.00404357910156,1126.7901611328125,0.0,0.0,0.0,0.0048516434617340565,True,nan,False,1.5530695236520842e-05,0.01
gpomdp_logbarrier_handoff,706,701,1158206,0.0,False,74.86801147460938,1.3618760108947754,0.0,74.86801147460938,1160.0335693359375,0.0,0.0,0.0,0.07034490257501602,True,nan,False,1.7006148482323624e-05,0.01
gpomdp_logbarrier_handoff,706,702,1158890,0.0,False,131.7232666015625,1.3553380966186523,0.0,131.7232666015625,1007.5001220703125,0.0,0.0,0.0,0.12625205516815186,True,nan,False,4.015767990495078e-05,0.01
gpomdp_logbarrier_handoff,706,703,1159600,0.0,False,133.848876953125,1.3817888498306274,0.0,133.848876953125,1907.5015869140625,0.0,0.0,0.0,0.21884070336818695,True,nan,False,3.720539461937733e-05,0.01
gpomdp_logbarrier_handoff,706,704,1160416,0.0,False,88.28585052490234,1.37729012966156,0.0,88.28585052490234,1335.4869384765625,0.0,0.0,0.0,0.29271402955055237,True,nan,False,2.924502950918395e-05,0.01
gpomdp_logbarrier_handoff,706,705,1161135,0.0,False,73.55793762207031,1.3592108488082886,0.0,73.55793762207031,1637.6092529296875,0.0,0.0,0.0,0.3884787857532501,True,nan,False,2.8006967113469727e-05,0.01
gpomdp_logbarrier_handoff,706,706,1161863,0.0,False,87.59864044189453,1.343139410018921,0.0,87.59864044189453,1318.689208984375,0.0,0.0,0.0,0.18662284314632416,True,nan,False,2.6361651180195622e-05,0.01
gpomdp_logbarrier_handoff,706,707,1162575,0.0,False,72.15863037109375,1.3594114780426025,0.0,72.15863037109375,1468.582275390625,0.0,0.0,0.0,0.4702928960323334,True,nan,False,2.9361768611124717e-05,0.01
gpomdp_logbarrier_handoff,706,708,1163278,0.0,False,78.6883316040039,1.3427903652191162,0.0,78.6883316040039,1239.396240234375,0.0,0.0,0.0,-0.7617397308349609,True,nan,False,2.6073912522406317e-05,0.01
gpomdp_logbarrier_handoff,706,709,1163992,0.0,False,192.95835876464844,1.4223755598068237,0.0,192.95835876464844,2402.37841796875,0.0,0.0,0.0,-0.4135020077228546,True,nan,False,6.6875818447442725e-06,0.01
gpomdp_logbarrier_handoff,706,710,1164921,0.0,False,87.27266693115234,1.345779538154602,0.0,87.27266693115234,1432.419189453125,0.0,0.0,0.0,0.4085744023323059,True,nan,False,1.2445194442989305e-05,0.01
gpomdp_logbarrier_handoff,706,711,1165621,0.0,False,182.55027770996094,1.3667107820510864,0.0,182.55027770996094,1464.015380859375,0.0,0.0,0.0,-0.18482773005962372,True,nan,False,9.528188797958137e-07,0.01
gpomdp_logbarrier_handoff,706,712,1166385,0.0,False,85.31127166748047,1.3641294240951538,0.0,85.31127166748047,1590.656494140625,0.0,0.0,0.0,-0.24448180198669434,True,nan,False,2.340253786314861e-06,0.01
gpomdp_logbarrier_handoff,706,713,1167169,0.0,False,82.8414306640625,1.368544101715088,0.0,82.8414306640625,1573.1796875,0.0,0.0,0.0,-0.05595109984278679,True,nan,False,1.1894314866367495e-06,0.01
gpomdp_logbarrier_handoff,706,714,1167856,0.0,False,120.49376678466797,1.3554024696350098,0.0,120.49376678466797,1778.6343994140625,0.0,0.0,0.0,0.0324910432100296,True,nan,False,5.0376588660583366e-06,0.01
gpomdp_logbarrier_handoff,706,715,1168676,0.0,False,153.8988800048828,1.3996410369873047,0.0,153.8988800048828,1870.437744140625,0.0,0.0,0.0,-0.11967252194881439,True,nan,False,1.5537709259660915e-05,0.01
gpomdp_logbarrier_handoff,706,716,1169525,0.0,False,51.52978515625,1.3514049053192139,0.0,51.52978515625,1221.8370361328125,0.0,0.0,0.0,-0.15327417850494385,True,nan,False,1.1102069038315676e-05,0.01
gpomdp_logbarrier_handoff,706,717,1170259,0.0,False,162.74021911621094,1.3396090269088745,0.0,162.74021911621094,1609.2025146484375,0.0,0.0,0.0,-0.40263673663139343,True,nan,False,3.0344344850163907e-05,0.01
gpomdp_logbarrier_handoff,706,718,1171064,0.0,False,177.8527374267578,1.4146225452423096,0.0,177.8527374267578,1690.9893798828125,0.0,0.0,0.0,-0.42464593052864075,True,nan,False,3.406490941415541e-05,0.01
gpomdp_logbarrier_handoff,706,719,1171947,0.0,False,119.87277221679688,1.3456920385360718,0.0,119.87277221679688,1618.995361328125,0.0,0.0,0.0,-0.322584331035614,True,nan,False,2.1869671400054358e-05,0.01
gpomdp_logbarrier_handoff,706,720,1172728,0.0,False,83.77825164794922,1.3604391813278198,0.0,83.77825164794922,1768.155517578125,0.0,0.0,0.0,-0.832283079624176,True,nan,False,2.153752757294569e-05,0.01
gpomdp_logbarrier_handoff,706,721,1173460,0.0,False,114.25099182128906,1.5076298713684082,0.0,114.25099182128906,2848.85009765625,0.0,0.0,0.0,-0.501928985118866,True,nan,False,8.996515134640504e-06,0.01
gpomdp_logbarrier_handoff,706,722,1174521,0.0,False,54.171348571777344,1.369856834411621,0.0,54.171348571777344,1425.148681640625,0.0,0.0,0.0,-0.1361112743616104,True,nan,False,8.040751708904281e-06,0.01
gpomdp_logbarrier_handoff,706,723,1175215,0.0,False,104.02745056152344,1.5992361307144165,0.0,104.02745056152344,2589.71484375,0.0,0.0,0.0,0.3953905701637268,True,nan,False,3.925692453776719e-06,0.01
gpomdp_logbarrier_handoff,706,724,1176292,0.0,False,45.94541931152344,1.380903720855713,0.0,45.94541931152344,1063.9827880859375,0.0,0.0,0.0,-0.5017478466033936,True,nan,False,4.705247192759998e-06,0.01
gpomdp_logbarrier_handoff,706,725,1176994,0.0,False,102.70177459716797,1.3970375061035156,0.0,102.70177459716797,1677.31396484375,0.0,0.0,0.0,0.1269637495279312,True,nan,False,1.7123958286902052e-06,0.01
gpomdp_logbarrier_handoff,706,726,1177768,0.0,False,114.79572296142578,1.3850858211517334,0.0,114.79572296142578,1503.3118896484375,0.0,0.0,0.0,-0.2246641367673874,True,nan,False,3.91715684600058e-06,0.01
gpomdp_logbarrier_handoff,706,727,1178563,0.0,False,92.03026580810547,1.3513641357421875,0.0,92.03026580810547,1405.76953125,0.0,0.0,0.0,0.4013238251209259,True,nan,False,3.2014686439651996e-06,0.01
gpomdp_logbarrier_handoff,706,728,1179281,0.0,False,174.2357635498047,1.4790284633636475,0.0,174.2357635498047,2919.51171875,0.0,0.0,0.0,-0.2948867082595825,True,nan,False,8.308023097924888e-06,0.01
gpomdp_logbarrier_handoff,706,729,1180280,0.0,False,168.20968627929688,1.3481557369232178,0.0,168.20968627929688,1514.6761474609375,0.0,0.0,0.0,-0.8299143314361572,True,nan,False,1.5348206943599507e-05,0.01
gpomdp_logbarrier_handoff,706,730,1181022,0.0,False,84.55069732666016,1.399078607559204,0.0,84.55069732666016,1510.006103515625,0.0,0.0,0.0,-0.23595471680164337,True,nan,False,7.345950962189818e-06,0.01
gpomdp_logbarrier_handoff,706,731,1181724,0.0,False,91.83511352539062,1.3717005252838135,0.0,91.83511352539062,1223.58056640625,0.0,0.0,0.0,-0.7022006511688232,True,nan,False,9.534120181342587e-06,0.01
gpomdp_logbarrier_handoff,706,732,1182415,0.0,False,41.25688552856445,1.3657673597335815,0.0,41.25688552856445,1085.6844482421875,0.0,0.0,0.0,0.04230621084570885,True,nan,False,5.890177362743998e-06,0.01
gpomdp_logbarrier_handoff,706,733,1183075,0.0,False,75.18524932861328,1.396597146987915,0.0,75.18524932861328,1273.433837890625,0.0,0.0,0.0,0.28355541825294495,True,nan,False,3.1437264169653645e-06,0.01
gpomdp_logbarrier_handoff,706,734,1183763,0.0,False,139.183837890625,1.4282617568969727,0.0,139.183837890625,1654.4114990234375,0.0,0.0,0.0,0.14158670604228973,True,nan,False,4.15026443079114e-06,0.01
gpomdp_logbarrier_handoff,706,735,1184601,0.0,False,90.14888763427734,1.3710739612579346,0.0,90.14888763427734,1467.244140625,0.0,0.0,0.0,0.37041306495666504,True,nan,False,1.4471194162979373e-06,0.01
gpomdp_logbarrier_handoff,706,736,1185286,0.0,False,65.73699951171875,1.3780479431152344,0.0,65.73699951171875,1236.9722900390625,0.0,0.0,0.0,0.08555331826210022,True,nan,False,1.4395782272913493e-06,0.01
gpomdp_logbarrier_handoff,706,737,1186003,0.0,False,65.19043731689453,1.3987925052642822,0.0,65.19043731689453,1156.22509765625,0.0,0.0,0.0,-0.22853855788707733,True,nan,False,2.082393166347174e-06,0.01
gpomdp_logbarrier_handoff,706,738,1186742,0.0,False,130.21234130859375,1.4935967922210693,0.0,130.21234130859375,1786.7569580078125,0.0,0.0,0.0,0.7419947981834412,True,nan,False,2.7834371394419577e-06,0.01
gpomdp_logbarrier_handoff,706,739,1187642,0.0,False,117.58495330810547,1.366830587387085,0.0,117.58495330810547,1182.9892578125,0.0,0.0,0.0,0.1975574791431427,True,nan,False,1.459265058656456e-05,0.01
gpomdp_logbarrier_handoff,706,740,1188318,0.0,False,73.60541534423828,1.3890036344528198,0.0,73.60541534423828,1165.986083984375,0.0,0.0,0.0,0.6088116765022278,True,nan,False,8.562127732147928e-06,0.01
gpomdp_logbarrier_handoff,706,741,1188985,0.0,False,83.06478118896484,1.4158166646957397,0.0,83.06478118896484,1791.6439208984375,0.0,0.0,0.0,0.30534759163856506,True,nan,False,7.53848735257634e-06,0.01
gpomdp_logbarrier_handoff,706,742,1189784,0.0,False,181.94436645507812,1.3916680812835693,0.0,181.94436645507812,1274.0712890625,0.0,0.0,0.0,0.08856575936079025,True,nan,False,2.9578806788777e-05,0.01
gpomdp_logbarrier_handoff,706,743,1190513,0.0,False,69.27727508544922,1.393005609512329,0.0,69.27727508544922,1090.5802001953125,0.0,0.0,0.0,0.19977688789367676,True,nan,False,2.7816488000098616e-05,0.01
gpomdp_logbarrier_handoff,706,744,1191199,0.0,False,116.57620239257812,1.380984902381897,0.0,116.57620239257812,1195.9500732421875,0.0,0.0,0.0,-0.298096239566803,True,nan,False,2.298644722031895e-05,0.01
gpomdp_logbarrier_handoff,706,745,1191924,0.0,False,142.97019958496094,1.3781962394714355,0.0,142.97019958496094,1173.550048828125,0.0,0.0,0.0,0.40334779024124146,True,nan,False,4.32487613579724e-05,0.01
gpomdp_logbarrier_handoff,706,746,1192569,0.0,False,92.27469635009766,1.3573558330535889,0.0,92.27469635009766,1245.9107666015625,0.0,0.0,0.0,-0.10859741270542145,True,nan,False,4.9573496653465554e-05,0.01
gpomdp_logbarrier_handoff,706,747,1193224,0.0,False,134.82138061523438,1.4419668912887573,0.0,134.82138061523438,1811.4674072265625,0.0,0.0,0.0,0.673981249332428,True,nan,False,2.6902225727098994e-05,0.01
gpomdp_logbarrier_handoff,706,748,1194038,0.0,False,111.86266326904297,1.5964280366897583,0.0,111.86266326904297,2603.80224609375,0.0,0.0,0.0,-0.7431635856628418,True,nan,False,1.6711912394384854e-05,0.01
gpomdp_logbarrier_handoff,706,749,1195142,0.0,False,60.37531661987305,1.3638986349105835,0.0,60.37531661987305,1231.371826171875,0.0,0.0,0.0,-0.4553767144680023,True,nan,False,1.7283024135394953e-05,0.01
gpomdp_logbarrier_handoff,706,750,1195891,0.0,False,53.39668273925781,1.3635491132736206,0.0,53.39668273925781,1700.1026611328125,0.0,0.0,0.0,-0.21609614789485931,True,nan,False,1.5655255992896855e-05,0.01
gpomdp_logbarrier_handoff,706,751,1196578,0.0,False,143.5901336669922,1.3639581203460693,0.0,143.5901336669922,1555.203125,0.0,0.0,0.0,-0.2364336997270584,True,nan,False,1.9884787434421014e-06,0.01
gpomdp_logbarrier_handoff,706,752,1197321,0.0,False,83.06233978271484,1.4069750308990479,0.0,83.06233978271484,1592.1617431640625,0.0,0.0,0.0,0.24665966629981995,True,nan,False,4.523910320131108e-06,0.01
gpomdp_logbarrier_handoff,706,753,1198123,0.0,False,215.46458435058594,1.4272105693817139,0.0,215.46458435058594,1957.456298828125,0.0,0.0,0.0,0.10378222167491913,True,nan,False,5.416036401584279e-06,0.01
gpomdp_logbarrier_handoff,706,754,1198967,0.0,False,106.50837707519531,1.3978923559188843,0.0,106.50837707519531,1871.413330078125,0.0,0.0,0.0,0.4255761206150055,True,nan,False,2.8624785954889376e-06,0.01
gpomdp_logbarrier_handoff,706,755,1199769,0.0,False,176.65074157714844,1.3910181522369385,0.0,176.65074157714844,1454.473388671875,0.0,0.0,0.0,0.15846897661685944,True,nan,False,9.007694643514697e-06,0.01
gpomdp_logbarrier_handoff,706,756,1200513,0.0,False,102.12114715576172,1.376332402229309,0.0,102.12114715576172,1154.2205810546875,0.0,0.0,0.0,-0.3432216942310333,True,nan,False,2.2633291791862575e-06,0.01
gpomdp_logbarrier_handoff,706,757,1201182,0.0,False,200.66661071777344,1.4607336521148682,0.0,200.66661071777344,1605.09130859375,0.0,0.0,0.0,-0.21753711998462677,True,nan,False,1.206895012728637e-05,0.01
gpomdp_logbarrier_handoff,706,758,1202108,0.0,False,118.7448501586914,1.3657426834106445,0.0,118.7448501586914,1170.4688720703125,0.0,0.0,0.0,-0.11870243400335312,True,nan,False,1.2178585166111588e-05,0.01
gpomdp_logbarrier_handoff,706,759,1202791,0.0,False,175.96255493164062,1.4785507917404175,0.0,175.96255493164062,2263.345458984375,0.0,0.0,0.0,-0.6439757347106934,True,nan,False,1.2453590898076072e-05,0.01
gpomdp_logbarrier_handoff,706,760,1203681,0.0,False,151.06004333496094,1.3613556623458862,0.0,151.06004333496094,1429.90869140625,0.0,0.0,0.0,-0.23835790157318115,True,nan,False,3.082940384047106e-05,0.01
gpomdp_logbarrier_handoff,706,761,1204445,0.0,False,181.0709686279297,1.517751693725586,0.0,181.0709686279297,2036.900634765625,0.0,0.0,0.0,-0.5632758736610413,True,nan,False,1.4655374798167031e-05,0.01
gpomdp_logbarrier_handoff,706,762,1205345,0.0,False,49.194766998291016,1.3869154453277588,0.0,49.194766998291016,1327.9521484375,0.0,0.0,0.0,-0.18636812269687653,True,nan,False,9.692113962955773e-06,0.01
gpomdp_logbarrier_handoff,706,763,1206059,0.0,False,120.12899017333984,1.3812199831008911,0.0,120.12899017333984,1392.026123046875,0.0,0.0,0.0,-0.2091054916381836,True,nan,False,1.0009885045292322e-05,0.01
gpomdp_logbarrier_handoff,706,764,1206777,0.0,False,141.77589416503906,1.3901857137680054,0.0,141.77589416503906,1376.0821533203125,0.0,0.0,0.0,0.26201528310775757,True,nan,False,1.9820357920252718e-05,0.01
gpomdp_logbarrier_handoff,706,765,1207483,0.0,False,79.8382797241211,1.3659147024154663,0.0,79.8382797241211,1190.00146484375,0.0,0.0,0.0,-0.4068658947944641,True,nan,False,1.0007742275774945e-05,0.01
gpomdp_logbarrier_handoff,706,766,1208125,0.0,False,82.05667114257812,1.3932617902755737,0.0,82.05667114257812,1341.499755859375,0.0,0.0,0.0,0.3293187916278839,True,nan,False,1.141716529673431e-05,0.01
gpomdp_logbarrier_handoff,706,767,1208831,0.0,False,110.29088592529297,1.4403185844421387,0.0,110.29088592529297,2274.709716796875,0.0,0.0,0.0,-0.6003748774528503,True,nan,False,9.073220098798629e-06,0.01
gpomdp_logbarrier_handoff,706,768,1209743,0.0,False,211.51588439941406,1.417470097541809,0.0,211.51588439941406,1259.506591796875,0.0,0.0,0.0,0.12146057933568954,True,nan,False,3.682088936329819e-05,0.01
gpomdp_logbarrier_handoff,706,769,1210495,0.0,False,87.03178405761719,1.3871756792068481,0.0,87.03178405761719,1406.57373046875,0.0,0.0,0.0,0.4323529303073883,True,nan,False,3.600404306780547e-05,0.01
gpomdp_logbarrier_handoff,706,770,1211212,0.0,False,115.58919525146484,1.3962140083312988,0.0,115.58919525146484,1321.64892578125,0.0,0.0,0.0,0.07600237429141998,True,nan,False,4.375202115625143e-05,0.01
gpomdp_logbarrier_handoff,706,771,1211934,0.0,False,94.59364318847656,1.4028764963150024,0.0,94.59364318847656,1606.08154296875,0.0,0.0,0.0,-0.4095856249332428,True,nan,False,3.257304342696443e-05,0.01
gpomdp_logbarrier_handoff,706,772,1212729,0.0,False,82.0670394897461,1.409038782119751,0.0,82.0670394897461,1272.2591552734375,0.0,0.0,0.0,-0.22475288808345795,True,nan,False,1.5690366126364097e-05,0.01
gpomdp_logbarrier_handoff,706,773,1213458,0.0,False,111.16168212890625,1.4595476388931274,0.0,111.16168212890625,2373.76611328125,0.0,0.0,0.0,0.07340944558382034,True,nan,False,2.0122080968576483e-05,0.01
gpomdp_logbarrier_handoff,706,774,1214341,0.0,False,200.08023071289062,1.4341291189193726,0.0,200.08023071289062,1796.6895751953125,0.0,0.0,0.0,0.311275839805603,True,nan,False,3.323181999803637e-06,0.01
gpomdp_logbarrier_handoff,706,775,1215131,0.0,False,146.69032287597656,1.422070026397705,0.0,146.69032287597656,1592.47021484375,0.0,0.0,0.0,-0.4553115963935852,True,nan,False,1.2337603720879997e-06,0.01
gpomdp_logbarrier_handoff,706,776,1215910,0.0,False,111.38599395751953,1.4362571239471436,0.0,111.38599395751953,1776.5517578125,0.0,0.0,0.0,-0.35531511902809143,True,nan,False,1.9457986581983278e-06,0.01
gpomdp_logbarrier_handoff,706,777,1216726,0.0,False,151.60211181640625,1.3961176872253418,0.0,151.60211181640625,1782.578857421875,0.0,0.0,0.0,-0.5880699753761292,True,nan,False,6.079883405618602e-06,0.01
gpomdp_logbarrier_handoff,706,778,1217510,0.0,False,94.06168365478516,1.4058841466903687,0.0,94.06168365478516,1364.547119140625,0.0,0.0,0.0,-0.7389110326766968,True,nan,False,9.224671885021962e-06,0.01
gpomdp_logbarrier_handoff,706,779,1218242,0.0,False,94.77384948730469,1.394091010093689,0.0,94.77384948730469,1437.3167724609375,0.0,0.0,0.0,-0.23139090836048126,True,nan,False,1.16215351226856e-05,0.01
gpomdp_logbarrier_handoff,706,780,1218995,0.0,False,98.98739624023438,1.4136638641357422,0.0,98.98739624023438,1930.2542724609375,0.0,0.0,0.0,0.08050322532653809,True,nan,False,9.475236765865702e-06,0.01
gpomdp_logbarrier_handoff,706,781,1219737,0.0,False,120.48136138916016,1.4123965501785278,0.0,120.48136138916016,1474.2359619140625,0.0,0.0,0.0,-0.19136694073677063,True,nan,False,1.1817512131528929e-05,0.01
gpomdp_logbarrier_handoff,706,782,1220441,0.0,False,92.307861328125,1.4285392761230469,0.0,92.307861328125,1191.9779052734375,0.0,0.0,0.0,-0.41462236642837524,True,nan,False,1.0170901077799499e-05,0.01
gpomdp_logbarrier_handoff,706,783,1221194,0.0,False,62.182525634765625,1.3886361122131348,0.0,62.182525634765625,1093.419189453125,0.0,0.0,0.0,0.020467612892389297,True,nan,False,8.485015314363409e-06,0.01
gpomdp_logbarrier_handoff,706,784,1221872,0.0,False,82.85218048095703,1.4109638929367065,0.0,82.85218048095703,1011.2478637695312,0.0,0.0,0.0,0.32867124676704407,True,nan,False,2.6056059141410515e-06,0.01
gpomdp_logbarrier_handoff,706,785,1222485,0.0,False,84.3219985961914,1.4066755771636963,0.0,84.3219985961914,1678.7794189453125,0.0,0.0,0.0,0.29593583941459656,True,nan,False,1.4919767181709176e-06,0.01
gpomdp_logbarrier_handoff,706,786,1223169,0.0,False,53.24993896484375,1.3993691205978394,0.0,53.24993896484375,922.1240844726562,0.0,0.0,0.0,-0.052307453006505966,True,nan,False,1.3834388710165513e-06,0.01
gpomdp_logbarrier_handoff,706,787,1223837,0.0,False,114.36335754394531,1.4184526205062866,0.0,114.36335754394531,1501.26025390625,0.0,0.0,0.0,0.2176450937986374,True,nan,False,2.463063765389961e-06,0.01
gpomdp_logbarrier_handoff,706,788,1224582,0.0,False,150.0387725830078,1.450130820274353,0.0,150.0387725830078,1894.5101318359375,0.0,0.0,0.0,0.13824288547039032,True,nan,False,1.0620947250572499e-06,0.01
gpomdp_logbarrier_handoff,706,789,1225461,0.0,False,71.60648345947266,1.4318106174468994,0.0,71.60648345947266,1151.4835205078125,0.0,0.0,0.0,0.29441606998443604,True,nan,False,2.141289542123559e-06,0.01
gpomdp_logbarrier_handoff,706,790,1226208,0.0,False,183.36317443847656,1.4165054559707642,0.0,183.36317443847656,1293.15673828125,0.0,0.0,0.0,-0.14572209119796753,True,nan,False,1.2986182809981983e-05,0.01
gpomdp_logbarrier_handoff,706,791,1227007,0.0,False,73.26515197753906,1.4033726453781128,0.0,73.26515197753906,1168.632568359375,0.0,0.0,0.0,0.04822441563010216,True,nan,False,1.832336602092255e-05,0.01
gpomdp_logbarrier_handoff,706,792,1227690,0.0,False,153.2534942626953,1.4223058223724365,0.0,153.2534942626953,1246.91748046875,0.0,0.0,0.0,-0.44837358593940735,True,nan,False,1.3691401363757905e-05,0.01
gpomdp_logbarrier_handoff,706,793,1228443,0.0,False,67.40741729736328,1.412663459777832,0.0,67.40741729736328,1006.237548828125,0.0,0.0,0.0,-0.40822869539260864,True,nan,False,1.3502160072675906e-05,0.01
gpomdp_logbarrier_handoff,706,794,1229161,0.0,False,110.85458374023438,1.4603580236434937,0.0,110.85458374023438,949.90625,0.0,0.0,0.0,0.2507317364215851,True,nan,False,1.9753313608816825e-05,0.01
gpomdp_logbarrier_handoff,706,795,1229905,0.0,False,100.42439270019531,1.418372631072998,0.0,100.42439270019531,1241.47412109375,0.0,0.0,0.0,0.7459273338317871,True,nan,False,1.9315819372422993e-05,0.01
gpomdp_logbarrier_handoff,706,796,1230599,0.0,False,72.0863265991211,1.4195693731307983,0.0,72.0863265991211,1240.46044921875,0.0,0.0,0.0,-0.5424463152885437,True,nan,False,2.1460698917508125e-05,0.01
gpomdp_logbarrier_handoff,706,797,1231260,0.0,False,85.04718017578125,1.440126895904541,0.0,85.04718017578125,1348.5062255859375,0.0,0.0,0.0,0.2727048695087433,True,nan,False,2.306963324372191e-05,0.01
gpomdp_logbarrier_handoff,706,798,1231974,0.0,False,96.43495178222656,1.4611512422561646,0.0,96.43495178222656,1715.978759765625,0.0,0.0,0.0,-0.2748240530490875,True,nan,False,1.5539428204647265e-05,0.01
gpomdp_logbarrier_handoff,706,799,1232730,0.0,False,219.5216522216797,1.6757065057754517,0.0,219.5216522216797,2906.1630859375,0.0,0.0,0.0,-0.5515507459640503,True,nan,False,1.465743662265595e-05,0.01
gpomdp_logbarrier_handoff,706,800,1233921,0.0,False,60.3307991027832,1.4132986068725586,0.0,60.3307991027832,1802.661865234375,0.0,0.0,0.0,-0.1976822018623352,True,nan,False,1.9253584468970075e-05,0.01
gpomdp_logbarrier_handoff,706,801,1234632,0.0,False,86.72560119628906,1.4216457605361938,0.0,86.72560119628906,971.84130859375,0.0,0.0,0.0,-0.6176208257675171,True,nan,False,1.5626312233507633e-05,0.01
gpomdp_logbarrier_handoff,706,802,1235310,0.0,False,91.13793182373047,1.4360790252685547,0.0,91.13793182373047,1349.2763671875,0.0,0.0,0.0,-0.5450674891471863,True,nan,False,1.546038402011618e-05,0.01
gpomdp_logbarrier_handoff,706,803,1235999,0.0,False,70.66979217529297,1.414352536201477,0.0,70.66979217529297,1363.393798828125,0.0,0.0,0.0,-0.12881791591644287,True,nan,False,1.47661648952635e-05,0.01
gpomdp_logbarrier_handoff,706,804,1236651,0.0,False,70.21481323242188,1.4330050945281982,0.0,70.21481323242188,1111.35986328125,0.0,0.0,0.0,-0.4101698398590088,True,nan,False,1.5076907402544748e-05,0.01
gpomdp_logbarrier_handoff,706,805,1237308,0.0,False,51.9625244140625,1.402971863746643,0.0,51.9625244140625,861.9130249023438,0.0,0.0,0.0,-0.48761847615242004,True,nan,False,1.1966416423092596e-05,0.01
gpomdp_logbarrier_handoff,706,806,1237961,0.0,False,163.08326721191406,1.5193217992782593,0.0,163.08326721191406,1902.949462890625,0.0,0.0,0.0,-0.013530357740819454,True,nan,False,1.5446403267560527e-05,0.01
gpomdp_logbarrier_handoff,706,807,1238870,0.0,False,77.12109375,1.413155436515808,0.0,77.12109375,1110.3330078125,0.0,0.0,0.0,-0.6902855634689331,True,nan,False,1.9358074496267363e-05,0.01
gpomdp_logbarrier_handoff,706,808,1239562,0.0,False,166.88638305664062,1.4537676572799683,0.0,166.88638305664062,1276.1011962890625,0.0,0.0,0.0,0.07999967038631439,True,nan,False,2.706933082663454e-05,0.01
gpomdp_logbarrier_handoff,706,809,1240317,0.0,False,107.86759185791016,1.4361356496810913,0.0,107.86759185791016,1626.7513427734375,0.0,0.0,0.0,-0.1306651532649994,True,nan,False,3.5436514735920355e-05,0.01
gpomdp_logbarrier_handoff,706,810,1241058,0.0,False,76.83451843261719,1.403039574623108,0.0,76.83451843261719,1162.590087890625,0.0,0.0,0.0,0.03888412192463875,True,nan,False,4.3853102397406474e-05,0.01
gpomdp_logbarrier_handoff,706,811,1241762,0.0,False,84.1441879272461,1.4287766218185425,0.0,84.1441879272461,1479.78857421875,0.0,0.0,0.0,-0.12957197427749634,True,nan,False,2.604503788461443e-05,0.01
gpomdp_logbarrier_handoff,706,812,1242503,0.0,False,89.32564544677734,1.4286441802978516,0.0,89.32564544677734,928.6318359375,0.0,0.0,0.0,-0.36643901467323303,True,nan,False,1.486603377998108e-05,0.01
gpomdp_logbarrier_handoff,706,813,1243140,0.0,False,47.54928970336914,1.431447148323059,0.0,47.54928970336914,1260.4649658203125,0.0,0.0,0.0,0.2924223244190216,True,nan,False,8.186469131032936e-06,0.01
gpomdp_logbarrier_handoff,706,814,1243770,0.0,False,78.20594024658203,1.4285038709640503,0.0,78.20594024658203,1084.2822265625,0.0,0.0,0.0,0.10908066481351852,True,nan,False,4.7497046580247115e-06,0.01
gpomdp_logbarrier_handoff,706,815,1244423,0.0,False,103.65437316894531,1.4450693130493164,0.0,103.65437316894531,1107.0234375,0.0,0.0,0.0,-0.7681222558021545,True,nan,False,3.341301180626033e-06,0.01
gpomdp_logbarrier_handoff,706,816,1245121,0.0,False,160.49246215820312,1.455918788909912,0.0,160.49246215820312,1064.8115234375,0.0,0.0,0.0,0.39318346977233887,True,nan,False,2.6783643534145085e-06,0.01
gpomdp_logbarrier_handoff,706,817,1245805,0.0,False,81.23471069335938,1.486204981803894,0.0,81.23471069335938,1802.933349609375,0.0,0.0,0.0,-0.6613280177116394,True,nan,False,2.696798901524744e-06,0.01
gpomdp_logbarrier_handoff,706,818,1246571,0.0,False,122.00328826904297,1.4217329025268555,0.0,122.00328826904297,1259.223388671875,0.0,0.0,0.0,0.066477470099926,True,nan,False,5.629274255625205e-06,0.01
gpomdp_logbarrier_handoff,706,819,1247252,0.0,False,112.29663848876953,1.4432257413864136,0.0,112.29663848876953,1008.66455078125,0.0,0.0,0.0,-0.2611878514289856,True,nan,False,1.4657734936918132e-06,0.01
gpomdp_logbarrier_handoff,706,820,1247970,0.0,False,85.4576416015625,1.441412091255188,0.0,85.4576416015625,1301.6641845703125,0.0,0.0,0.0,-0.29358938336372375,True,nan,False,3.2838502193044405e-06,0.01
gpomdp_logbarrier_handoff,706,821,1248697,0.0,False,173.3047637939453,1.4588884115219116,0.0,173.3047637939453,1338.3197021484375,0.0,0.0,0.0,0.34752118587493896,True,nan,False,1.4712055644849897e-06,0.01
gpomdp_logbarrier_handoff,706,822,1249487,0.0,False,182.92312622070312,1.4586213827133179,0.0,182.92312622070312,1425.7919921875,0.0,0.0,0.0,-0.022773226723074913,True,nan,False,1.0620906323310919e-05,0.01
gpomdp_logbarrier_handoff,706,823,1250235,0.0,False,108.12423706054688,1.4913932085037231,0.0,108.12423706054688,2041.1021728515625,0.0,0.0,0.0,0.15405532717704773,True,nan,False,5.070129191153683e-06,0.01
gpomdp_logbarrier_handoff,706,824,1251094,0.0,False,82.00756072998047,1.4777103662490845,0.0,82.00756072998047,1252.303466796875,0.0,0.0,0.0,0.07847049087285995,True,nan,False,2.0620470877474872e-06,0.01
gpomdp_logbarrier_handoff,706,825,1251796,0.0,False,67.19532775878906,1.4896728992462158,0.0,67.19532775878906,1397.1793212890625,0.0,0.0,0.0,-0.6110822558403015,True,nan,False,2.7886335374205373e-06,0.01
gpomdp_logbarrier_handoff,706,826,1252488,0.0,False,109.11973571777344,1.4570337533950806,0.0,109.11973571777344,1280.126708984375,0.0,0.0,0.0,0.04562707990407944,True,nan,False,1.9678880107676378e-06,0.01
gpomdp_logbarrier_handoff,706,827,1253190,0.0,False,107.86520385742188,1.4615051746368408,0.0,107.86520385742188,1291.0875244140625,0.0,0.0,0.0,0.21803082525730133,True,nan,False,3.309216253910563e-06,0.01
gpomdp_logbarrier_handoff,706,828,1253916,0.0,False,52.73872375488281,1.446569800376892,0.0,52.73872375488281,997.9236450195312,0.0,0.0,0.0,0.0551421195268631,True,nan,False,2.2338367671181913e-06,0.01
gpomdp_logbarrier_handoff,706,829,1254598,0.0,False,172.14288330078125,1.498731017112732,0.0,172.14288330078125,1547.3143310546875,0.0,0.0,0.0,-0.7047305107116699,True,nan,False,4.807075583812548e-06,0.01
gpomdp_logbarrier_handoff,706,830,1255417,0.0,False,79.58647918701172,1.455886721611023,0.0,79.58647918701172,1094.184814453125,0.0,0.0,0.0,-0.07410295307636261,True,nan,False,2.300106189068174e-06,0.01
gpomdp_logbarrier_handoff,706,831,1256087,0.0,False,91.23704528808594,1.4555833339691162,0.0,91.23704528808594,1748.8404541015625,0.0,0.0,0.0,0.2969917953014374,True,nan,False,5.0655121413001325e-06,0.01
gpomdp_logbarrier_handoff,706,832,1256850,0.0,False,76.09455108642578,1.4823882579803467,0.0,76.09455108642578,1443.22265625,0.0,0.0,0.0,0.7468530535697937,True,nan,False,3.5592242966231424e-06,0.01
gpomdp_logbarrier_handoff,706,833,1257616,0.0,False,89.71530151367188,1.4379963874816895,0.0,89.71530151367188,1247.41748046875,0.0,0.0,0.0,0.5574988126754761,True,nan,False,8.573054401495028e-06,0.01
gpomdp_logbarrier_handoff,706,834,1258300,0.0,False,99.24771881103516,1.4364486932754517,0.0,99.24771881103516,1345.8807373046875,0.0,0.0,0.0,-0.311679869890213,True,nan,False,8.502357559336815e-06,0.01
gpomdp_logbarrier_handoff,706,835,1259002,0.0,False,107.2943344116211,1.4599908590316772,0.0,107.2943344116211,1305.580810546875,0.0,0.0,0.0,0.13537448644638062,True,nan,False,8.314361366501544e-06,0.01
gpomdp_logbarrier_handoff,706,836,1259728,0.0,False,146.04794311523438,1.4572292566299438,0.0,146.04794311523438,1256.57666015625,0.0,0.0,0.0,0.332126647233963,True,nan,False,1.7367961845593527e-05,0.01
gpomdp_logbarrier_handoff,706,837,1260385,0.0,False,68.2431869506836,1.4693182706832886,0.0,68.2431869506836,1063.916015625,0.0,0.0,0.0,0.49492689967155457,True,nan,False,1.7935934010893106e-05,0.01
gpomdp_logbarrier_handoff,706,838,1261053,0.0,False,85.9191665649414,1.4336477518081665,0.0,85.9191665649414,1041.7020263671875,0.0,0.0,0.0,0.2579633593559265,True,nan,False,9.662355296313763e-06,0.01
gpomdp_logbarrier_handoff,706,839,1261725,0.0,False,107.55674743652344,1.4781179428100586,0.0,107.55674743652344,1007.5084228515625,0.0,0.0,0.0,-0.7071470618247986,True,nan,False,4.919876573694637e-06,0.01
gpomdp_logbarrier_handoff,706,840,1262410,0.0,False,203.7089080810547,1.4762561321258545,0.0,203.7089080810547,1915.4561767578125,0.0,0.0,0.0,-0.07901634275913239,True,nan,False,1.1950275620620232e-05,0.01
gpomdp_logbarrier_handoff,706,841,1263209,0.0,False,89.15084838867188,1.4921870231628418,0.0,89.15084838867188,1455.558837890625,0.0,0.0,0.0,0.13586805760860443,True,nan,False,1.5049224202812184e-05,0.01
gpomdp_logbarrier_handoff,706,842,1263965,0.0,False,128.0651397705078,1.4713916778564453,0.0,128.0651397705078,1695.3931884765625,0.0,0.0,0.0,0.25988587737083435,True,nan,False,5.066383891971782e-06,0.01
gpomdp_logbarrier_handoff,706,843,1264747,0.0,False,57.826351165771484,1.4308785200119019,0.0,57.826351165771484,1459.3819580078125,0.0,0.0,0.0,-0.2315502017736435,True,nan,False,7.042392098810524e-06,0.01
gpomdp_logbarrier_handoff,706,844,1265468,0.0,False,111.07373809814453,1.4572746753692627,0.0,111.07373809814453,1358.4512939453125,0.0,0.0,0.0,0.1412014365196228,True,nan,False,2.3354991753876675e-06,0.01
gpomdp_logbarrier_handoff,706,845,1266186,0.0,False,103.63423156738281,1.468001127243042,0.0,103.63423156738281,1366.63427734375,0.0,0.0,0.0,0.14590640366077423,True,nan,False,4.196902409603354e-06,0.01
gpomdp_logbarrier_handoff,706,846,1266870,0.0,False,63.55670928955078,1.4396896362304688,0.0,63.55670928955078,1263.3443603515625,0.0,0.0,0.0,-0.3120419979095459,True,nan,False,3.81493327950011e-06,0.01
gpomdp_logbarrier_handoff,706,847,1267565,0.0,False,95.2701416015625,1.455938696861267,0.0,95.2701416015625,1441.190673828125,0.0,0.0,0.0,-0.6679052710533142,True,nan,False,2.9140105652913917e-06,0.01
gpomdp_logbarrier_handoff,706,848,1268282,0.0,False,76.10648345947266,1.433669924736023,0.0,76.10648345947266,1033.510986328125,0.0,0.0,0.0,-0.14828437566757202,True,nan,False,2.611144509501173e-06,0.01
gpomdp_logbarrier_handoff,706,849,1268966,0.0,False,85.5356216430664,1.4733589887619019,0.0,85.5356216430664,1108.97265625,0.0,0.0,0.0,-0.11804329603910446,True,nan,False,2.4862531518010655e-06,0.01
gpomdp_logbarrier_handoff,706,850,1269711,0.0,False,59.139808654785156,1.4605177640914917,0.0,59.139808654785156,1124.1534423828125,0.0,0.0,0.0,-0.16828806698322296,True,nan,False,1.4873616009936086e-06,0.01
gpomdp_logbarrier_handoff,706,851,1270387,0.0,False,99.21282196044922,1.4529253244400024,0.0,99.21282196044922,1364.57373046875,0.0,0.0,0.0,-0.4477446973323822,True,nan,False,1.6315876791850314e-06,0.01
gpomdp_logbarrier_handoff,706,852,1271071,0.0,False,100.14991760253906,1.4575984477996826,0.0,100.14991760253906,1039.810302734375,0.0,0.0,0.0,0.1603846698999405,True,nan,False,1.364813897453132e-06,0.01
gpomdp_logbarrier_handoff,706,853,1271690,0.0,False,74.65412902832031,1.4804315567016602,0.0,74.65412902832031,878.3570556640625,0.0,0.0,0.0,0.3481256663799286,True,nan,False,3.1568322356179124e-06,0.01
gpomdp_logbarrier_handoff,706,854,1272337,0.0,False,61.81779479980469,1.4196288585662842,0.0,61.81779479980469,1045.95458984375,0.0,0.0,0.0,-0.6406120657920837,True,nan,False,3.952090992243029e-06,0.01
gpomdp_logbarrier_handoff,706,855,1273010,0.0,False,100.63692474365234,1.4914352893829346,0.0,100.63692474365234,2106.71875,0.0,0.0,0.0,-0.2133893370628357,True,nan,False,1.986526058317395e-06,0.01
gpomdp_logbarrier_handoff,706,856,1273781,0.0,False,109.74284362792969,1.4627223014831543,0.0,109.74284362792969,1542.971923828125,0.0,0.0,0.0,-0.40343984961509705,True,nan,False,1.3820346111970139e-06,0.01
gpomdp_logbarrier_handoff,706,857,1274542,0.0,False,57.11566162109375,1.4795804023742676,0.0,57.11566162109375,997.867919921875,0.0,0.0,0.0,-0.10729342699050903,True,nan,False,1.4020483831700403e-06,0.01
gpomdp_logbarrier_handoff,706,858,1275228,0.0,False,138.52012634277344,1.4307379722595215,0.0,138.52012634277344,943.1648559570312,0.0,0.0,0.0,-0.03744654357433319,True,nan,False,4.126693056605291e-06,0.01
gpomdp_logbarrier_handoff,706,859,1275866,0.0,False,117.80573272705078,1.4511159658432007,0.0,117.80573272705078,1365.95263671875,0.0,0.0,0.0,-0.26732945442199707,True,nan,False,2.2145977709442377e-06,0.01
gpomdp_logbarrier_handoff,706,860,1276551,0.0,False,68.63594818115234,1.4487652778625488,0.0,68.63594818115234,1136.3258056640625,0.0,0.0,0.0,-0.011919726617634296,True,nan,False,4.5222104745334946e-06,0.01
gpomdp_logbarrier_handoff,706,861,1277215,0.0,False,93.48979949951172,1.470709204673767,0.0,93.48979949951172,1193.399658203125,0.0,0.0,0.0,-0.1561746448278427,True,nan,False,2.455201638440485e-06,0.01
gpomdp_logbarrier_handoff,706,862,1277924,0.0,False,160.82118225097656,1.5501899719238281,0.0,160.82118225097656,2685.810791015625,0.0,0.0,0.0,-0.4850110113620758,True,nan,False,7.081429885147372e-06,0.01
gpomdp_logbarrier_handoff,706,863,1278935,0.0,False,100.3990249633789,1.4410021305084229,0.0,100.3990249633789,977.1305541992188,0.0,0.0,0.0,0.2535361647605896,True,nan,False,5.579317985393573e-06,0.01
gpomdp_logbarrier_handoff,706,864,1279582,0.0,False,47.2757682800293,1.4534831047058105,0.0,47.2757682800293,983.93701171875,0.0,0.0,0.0,-0.3614470660686493,True,nan,False,4.111001999262953e-06,0.01
gpomdp_logbarrier_handoff,706,865,1280186,0.0,False,153.3364715576172,1.647025227546692,0.0,153.3364715576172,2793.93994140625,0.0,0.0,0.0,-0.024932509288191795,True,nan,False,7.962545168993529e-06,0.01
gpomdp_logbarrier_handoff,706,866,1281353,0.0,False,98.7881851196289,1.4942946434020996,0.0,98.7881851196289,1399.6695556640625,0.0,0.0,0.0,0.46875929832458496,True,nan,False,8.313699254358653e-06,0.01
gpomdp_logbarrier_handoff,706,867,1282107,0.0,False,107.92874145507812,1.4879848957061768,0.0,107.92874145507812,1258.140625,0.0,0.0,0.0,0.5174141526222229,True,nan,False,7.049961368466029e-06,0.01
gpomdp_logbarrier_handoff,706,868,1282880,0.0,False,64.42679595947266,1.5202951431274414,0.0,64.42679595947266,2184.71240234375,0.0,0.0,0.0,-0.12876847386360168,True,nan,False,5.573609541897895e-06,0.01
gpomdp_logbarrier_handoff,706,869,1283758,0.0,False,123.38583374023438,1.6244240999221802,0.0,123.38583374023438,2805.949462890625,0.0,0.0,0.0,-0.04769212380051613,True,nan,False,1.9610415620263666e-06,0.01
gpomdp_logbarrier_handoff,706,870,1284862,0.0,False,80.48433685302734,1.481703519821167,0.0,80.48433685302734,1427.0821533203125,0.0,0.0,0.0,0.5052781701087952,True,nan,False,2.1529772311623674e-06,0.01
gpomdp_logbarrier_handoff,706,871,1285510,0.0,False,157.68133544921875,1.4681917428970337,0.0,157.68133544921875,1624.75634765625,0.0,0.0,0.0,0.20058350265026093,True,nan,False,2.2855513179820264e-06,0.01
gpomdp_logbarrier_handoff,706,872,1286285,0.0,False,124.56423950195312,1.4891914129257202,0.0,124.56423950195312,1235.6468505859375,0.0,0.0,0.0,0.11864003539085388,True,nan,False,5.03581895827665e-06,0.01
gpomdp_logbarrier_handoff,706,873,1287009,0.0,False,138.1633758544922,1.494163155555725,0.0,138.1633758544922,1485.6810302734375,0.0,0.0,0.0,-0.03399244323372841,True,nan,False,4.927305781166069e-06,0.01
gpomdp_logbarrier_handoff,706,874,1287751,0.0,False,86.79603576660156,1.5158917903900146,0.0,86.79603576660156,1527.5789794921875,0.0,0.0,0.0,0.3694550693035126,True,nan,False,1.7338345514872344e-06,0.01
gpomdp_logbarrier_handoff,706,875,1288544,0.0,False,184.2904510498047,1.4577031135559082,0.0,184.2904510498047,1172.7950439453125,0.0,0.0,0.0,0.1111089363694191,True,nan,False,1.7155063687823713e-05,0.01
gpomdp_logbarrier_handoff,706,876,1289260,0.0,False,141.11317443847656,1.4662107229232788,0.0,141.11317443847656,1730.26123046875,0.0,0.0,0.0,-0.20054976642131805,True,nan,False,4.969694145984249e-06,0.01
gpomdp_logbarrier_handoff,706,877,1289998,0.0,False,96.288818359375,1.4962624311447144,0.0,96.288818359375,1584.8336181640625,0.0,0.0,0.0,-0.039486177265644073,True,nan,False,2.3110305846785195e-06,0.01
gpomdp_logbarrier_handoff,706,878,1290781,0.0,False,76.74597930908203,1.4921890497207642,0.0,76.74597930908203,1483.8629150390625,0.0,0.0,0.0,-0.056137565523386,True,nan,False,7.948856364237145e-07,0.01
gpomdp_logbarrier_handoff,706,879,1291489,0.0,False,62.34444808959961,1.4466520547866821,0.0,62.34444808959961,1128.966552734375,0.0,0.0,0.0,-0.30581530928611755,True,nan,False,5.682636015080789e-07,0.01
gpomdp_logbarrier_handoff,706,880,1292139,0.0,False,134.25587463378906,1.5038657188415527,0.0,134.25587463378906,1363.6865234375,0.0,0.0,0.0,-0.314035564661026,True,nan,False,3.5466935059957905e-06,0.01
gpomdp_logbarrier_handoff,706,881,1292995,0.0,False,106.39069366455078,1.459953784942627,0.0,106.39069366455078,1384.740966796875,0.0,0.0,0.0,-0.04931224510073662,True,nan,False,2.3738837171549676e-06,0.01
gpomdp_logbarrier_handoff,706,882,1293664,0.0,False,74.89430236816406,1.4673429727554321,0.0,74.89430236816406,1366.2886962890625,0.0,0.0,0.0,-0.4785307049751282,True,nan,False,4.333941433287691e-06,0.01
gpomdp_logbarrier_handoff,706,883,1294356,0.0,False,68.55306243896484,1.4497665166854858,0.0,68.55306243896484,1098.11865234375,0.0,0.0,0.0,-0.49831849336624146,True,nan,False,2.261498593725264e-06,0.01
gpomdp_logbarrier_handoff,706,884,1295025,0.0,False,266.8804016113281,1.6048827171325684,0.0,266.8804016113281,2799.171875,0.0,0.0,0.0,-0.020870879292488098,True,nan,False,7.184086371125886e-06,0.01
gpomdp_logbarrier_handoff,706,885,1296134,0.0,False,123.27424621582031,1.4746732711791992,0.0,123.27424621582031,1446.110107421875,0.0,0.0,0.0,-0.05185876786708832,True,nan,False,3.472884145594435e-06,0.01
gpomdp_logbarrier_handoff,706,886,1296878,0.0,False,73.55862426757812,1.491329312324524,0.0,73.55862426757812,1626.6591796875,0.0,0.0,0.0,-0.5592206716537476,True,nan,False,3.6233520859241253e-06,0.01
gpomdp_logbarrier_handoff,706,887,1297617,0.0,False,75.77020263671875,1.5127900838851929,0.0,75.77020263671875,1559.813720703125,0.0,0.0,0.0,0.04408024996519089,True,nan,False,3.36204243467364e-06,0.01
gpomdp_logbarrier_handoff,706,888,1298416,0.0,False,105.59642028808594,1.5061544179916382,0.0,105.59642028808594,1286.60205078125,0.0,0.0,0.0,-0.1903415024280548,True,nan,False,6.778284841857385e-06,0.01
gpomdp_logbarrier_handoff,706,889,1299135,0.0,False,126.9249496459961,1.4898653030395508,0.0,126.9249496459961,1842.8165283203125,0.0,0.0,0.0,0.047424186021089554,True,nan,False,3.4971690183738247e-06,0.01
gpomdp_logbarrier_handoff,706,890,1299886,0.0,False,71.61213684082031,1.4602618217468262,0.0,71.61213684082031,1128.483154296875,0.0,0.0,0.0,-0.18976324796676636,True,nan,False,4.1984289964602794e-06,0.01
gpomdp_logbarrier_handoff,706,891,1300532,0.0,False,72.89734649658203,1.456131935119629,0.0,72.89734649658203,1311.0489501953125,0.0,0.0,0.0,0.33376047015190125,True,nan,False,4.5794986363034695e-06,0.01
gpomdp_logbarrier_handoff,706,892,1301239,0.0,False,148.19046020507812,1.5373460054397583,0.0,148.19046020507812,1680.608642578125,0.0,0.0,0.0,0.12444301694631577,True,nan,False,8.970532690000255e-06,0.01
gpomdp_logbarrier_handoff,706,893,1302096,0.0,False,89.12812805175781,1.4790678024291992,0.0,89.12812805175781,1264.8006591796875,0.0,0.0,0.0,0.16364668309688568,True,nan,False,1.0834843124030158e-05,0.01
gpomdp_logbarrier_handoff,706,894,1302825,0.0,False,87.08399963378906,1.5264999866485596,0.0,87.08399963378906,1938.1436767578125,0.0,0.0,0.0,-0.39427104592323303,True,nan,False,1.244877785211429e-05,0.01
gpomdp_logbarrier_handoff,706,895,1303772,0.0,False,76.20813751220703,1.454615831375122,0.0,76.20813751220703,1216.9757080078125,0.0,0.0,0.0,0.38565483689308167,True,nan,False,6.708648015774088e-06,0.01
gpomdp_logbarrier_handoff,706,896,1304449,0.0,False,45.81234359741211,1.4781205654144287,0.0,45.81234359741211,1377.148681640625,0.0,0.0,0.0,0.21376392245292664,True,nan,False,5.966511707811151e-06,0.01
gpomdp_logbarrier_handoff,706,897,1305171,0.0,False,56.5416145324707,1.4879231452941895,0.0,56.5416145324707,925.9140014648438,0.0,0.0,0.0,-0.5127743482589722,True,nan,False,2.153245304725715e-06,0.01
gpomdp_logbarrier_handoff,706,898,1305833,0.0,False,186.54869079589844,1.4634811878204346,0.0,186.54869079589844,1681.711181640625,0.0,0.0,0.0,-0.11637072265148163,True,nan,False,1.662465547269676e-05,0.01
gpomdp_logbarrier_handoff,706,899,1306585,0.0,False,99.80091857910156,1.5070265531539917,0.0,99.80091857910156,1250.7135009765625,0.0,0.0,0.0,0.17931650578975677,True,nan,False,7.251011084008496e-06,0.01
gpomdp_logbarrier_handoff,706,900,1307302,0.0,False,138.1663055419922,1.4877132177352905,0.0,138.1663055419922,1170.5479736328125,0.0,0.0,0.0,-0.02063058130443096,True,nan,False,7.376586836471688e-06,0.01
gpomdp_logbarrier_handoff,706,901,1308003,0.0,False,172.5592498779297,1.5380194187164307,0.0,172.5592498779297,1954.1497802734375,0.0,0.0,0.0,-0.3108060956001282,True,nan,False,1.8124344933312386e-05,0.01
gpomdp_logbarrier_handoff,706,902,1308834,0.0,False,82.57743835449219,1.4648878574371338,0.0,82.57743835449219,1074.521484375,0.0,0.0,0.0,-0.04031796380877495,True,nan,False,1.3829222552885767e-05,0.01
gpomdp_logbarrier_handoff,706,903,1309436,0.0,False,83.34247589111328,1.4766007661819458,0.0,83.34247589111328,1133.596435546875,0.0,0.0,0.0,-0.5118334293365479,True,nan,False,1.906542638607789e-05,0.01
gpomdp_logbarrier_handoff,706,904,1310122,0.0,False,102.36237335205078,1.4790470600128174,0.0,102.36237335205078,1462.623046875,0.0,0.0,0.0,0.05169728398323059,True,nan,False,1.841185257944744e-05,0.01
gpomdp_logbarrier_handoff,706,905,1310937,0.0,False,77.09857940673828,1.4928892850875854,0.0,77.09857940673828,1365.31201171875,0.0,0.0,0.0,-0.1054958924651146,True,nan,False,1.7637617929722182e-05,0.01
gpomdp_logbarrier_handoff,706,906,1311638,0.0,False,102.5986557006836,1.478690266609192,0.0,102.5986557006836,1078.90673828125,0.0,0.0,0.0,-0.39976534247398376,True,nan,False,1.7438374925404787e-05,0.01
gpomdp_logbarrier_handoff,706,907,1312334,0.0,False,65.5343246459961,1.5138710737228394,0.0,65.5343246459961,1371.5008544921875,0.0,0.0,0.0,0.30248406529426575,True,nan,False,1.0249264960293658e-05,0.01
gpomdp_logbarrier_handoff,706,908,1313107,0.0,False,73.295654296875,1.4614239931106567,0.0,73.295654296875,911.0296020507812,0.0,0.0,0.0,-0.5231718420982361,True,nan,False,8.918904313759413e-06,0.01
gpomdp_logbarrier_handoff,706,909,1313721,0.0,False,91.07383728027344,1.4717751741409302,0.0,91.07383728027344,1210.6429443359375,0.0,0.0,0.0,0.11173015832901001,True,nan,False,8.969939699454699e-06,0.01
gpomdp_logbarrier_handoff,706,910,1314472,0.0,False,72.5879898071289,1.4919559955596924,0.0,72.5879898071289,1381.635498046875,0.0,0.0,0.0,-0.08524125069379807,True,nan,False,8.337760846188758e-06,0.01
gpomdp_logbarrier_handoff,706,911,1315226,0.0,False,85.63787078857422,1.5276371240615845,0.0,85.63787078857422,1377.357666015625,0.0,0.0,0.0,0.44562751054763794,True,nan,False,4.294005520932842e-06,0.01
gpomdp_logbarrier_handoff,706,912,1316019,0.0,False,64.46680450439453,1.527158260345459,0.0,64.46680450439453,1803.79541015625,0.0,0.0,0.0,0.12400670349597931,True,nan,False,2.955445552288438e-06,0.01
gpomdp_logbarrier_handoff,706,913,1316855,0.0,False,62.344966888427734,1.4869208335876465,0.0,62.344966888427734,880.5298461914062,0.0,0.0,0.0,-0.1592305600643158,True,nan,False,8.374229878427286e-07,0.01
gpomdp_logbarrier_handoff,706,914,1317467,0.0,False,69.29539489746094,1.541183352470398,0.0,69.29539489746094,2075.8916015625,0.0,0.0,0.0,0.058930449187755585,True,nan,False,5.714006761081691e-07,0.01
gpomdp_logbarrier_handoff,706,915,1318311,0.0,False,60.080833435058594,1.526029348373413,0.0,60.080833435058594,1372.2181396484375,0.0,0.0,0.0,-0.15292541682720184,True,nan,False,2.5343743459416146e-07,0.01
gpomdp_logbarrier_handoff,706,916,1319113,0.0,False,88.17630004882812,1.4943993091583252,0.0,88.17630004882812,1072.672119140625,0.0,0.0,0.0,-0.03411589190363884,True,nan,False,1.5034722764539765e-06,0.01
gpomdp_logbarrier_handoff,706,917,1319810,0.0,False,95.50065612792969,1.4697375297546387,0.0,95.50065612792969,999.15234375,0.0,0.0,0.0,0.0679003968834877,True,nan,False,9.15298301151779e-07,0.01
gpomdp_logbarrier_handoff,706,918,1320492,0.0,False,137.8961181640625,1.4932540655136108,0.0,137.8961181640625,1078.9635009765625,0.0,0.0,0.0,0.03268057852983475,True,nan,False,4.525411895883735e-06,0.01
gpomdp_logbarrier_handoff,706,919,1321169,0.0,False,110.32763671875,1.507128357887268,0.0,110.32763671875,1987.4381103515625,0.0,0.0,0.0,0.02452240139245987,True,nan,False,1.7233312519238098e-06,0.01
gpomdp_logbarrier_handoff,706,920,1322090,0.0,False,185.5535430908203,1.527359962463379,0.0,185.5535430908203,1800.0164794921875,0.0,0.0,0.0,-0.2551725208759308,True,nan,False,7.707842996751424e-06,0.01
gpomdp_logbarrier_handoff,706,921,1322920,0.0,False,106.84632873535156,1.4900617599487305,0.0,106.84632873535156,968.7697143554688,0.0,0.0,0.0,-0.6315099596977234,True,nan,False,6.917048267496284e-06,0.01
gpomdp_logbarrier_handoff,706,922,1323609,0.0,False,90.833984375,1.5135526657104492,0.0,90.833984375,1149.2547607421875,0.0,0.0,0.0,0.052906669676303864,True,nan,False,6.428253072954249e-06,0.01
gpomdp_logbarrier_handoff,706,923,1324267,0.0,False,151.69850158691406,1.5593111515045166,0.0,151.69850158691406,1668.965576171875,0.0,0.0,0.0,0.17093537747859955,True,nan,False,3.156538014081889e-06,0.01
gpomdp_logbarrier_handoff,706,924,1325105,0.0,False,46.5216064453125,1.5103530883789062,0.0,46.5216064453125,1012.1085205078125,0.0,0.0,0.0,-0.2876856327056885,True,nan,False,4.162184268352576e-06,0.01
gpomdp_logbarrier_handoff,706,925,1325796,0.0,False,54.72325897216797,1.4924988746643066,0.0,54.72325897216797,1341.3709716796875,0.0,0.0,0.0,-0.42869478464126587,True,nan,False,5.460845841298578e-06,0.01
gpomdp_logbarrier_handoff,706,926,1326506,0.0,False,58.93342208862305,1.509677529335022,0.0,58.93342208862305,1833.6417236328125,0.0,0.0,0.0,-0.06963322311639786,True,nan,False,6.730825134582119e-06,0.01
gpomdp_logbarrier_handoff,706,927,1327284,0.0,False,114.49853515625,1.5072696208953857,0.0,114.49853515625,1075.48193359375,0.0,0.0,0.0,0.685405969619751,True,nan,False,2.623369027787703e-06,0.01
gpomdp_logbarrier_handoff,706,928,1327945,0.0,False,79.73554992675781,1.4820986986160278,0.0,79.73554992675781,1175.7720947265625,0.0,0.0,0.0,-0.43529489636421204,True,nan,False,2.0928307549183955e-06,0.01
gpomdp_logbarrier_handoff,706,929,1328626,0.0,False,51.91545486450195,1.4955391883850098,0.0,51.91545486450195,952.6906127929688,0.0,0.0,0.0,0.4293676018714905,True,nan,False,1.9694693946803454e-06,0.01
gpomdp_logbarrier_handoff,706,930,1329254,0.0,False,195.40997314453125,1.4986000061035156,0.0,195.40997314453125,1123.8798828125,0.0,0.0,0.0,0.15840020775794983,True,nan,False,1.0377787475590594e-05,0.01
gpomdp_logbarrier_handoff,706,931,1329932,0.0,False,265.2264404296875,1.4998869895935059,0.0,265.2264404296875,1454.705322265625,0.0,0.0,0.0,0.02032400481402874,True,nan,False,4.39783361798618e-05,0.01
gpomdp_logbarrier_handoff,706,932,1330652,0.0,False,215.68984985351562,1.5555545091629028,0.0,215.68984985351562,2118.591796875,0.0,0.0,0.0,-0.32933300733566284,True,nan,False,5.043710916652344e-05,0.01
gpomdp_logbarrier_handoff,706,933,1331670,0.0,False,117.46233367919922,1.4922176599502563,0.0,117.46233367919922,1426.05029296875,0.0,0.0,0.0,0.26195064187049866,True,nan,False,4.791051469510421e-05,0.01
gpomdp_logbarrier_handoff,706,934,1332394,0.0,False,92.89942932128906,1.5233429670333862,0.0,92.89942932128906,1338.8106689453125,0.0,0.0,0.0,-0.0019265435403212905,True,nan,False,5.320088530424982e-05,0.01
gpomdp_logbarrier_handoff,706,935,1333148,0.0,False,76.3282241821289,1.5040920972824097,0.0,76.3282241821289,1202.038818359375,0.0,0.0,0.0,0.6956110596656799,True,nan,False,4.754329347633757e-05,0.01
gpomdp_logbarrier_handoff,706,936,1333907,0.0,False,68.13792419433594,1.4868930578231812,0.0,68.13792419433594,882.15576171875,0.0,0.0,0.0,-0.10710248351097107,True,nan,False,5.632156535284594e-05,0.01
gpomdp_logbarrier_handoff,706,937,1334592,0.0,False,148.26089477539062,1.4770697355270386,0.0,148.26089477539062,1351.3580322265625,0.0,0.0,0.0,0.06336167454719543,True,nan,False,4.645901935873553e-05,0.01
gpomdp_logbarrier_handoff,706,938,1335301,0.0,False,138.2919158935547,1.5273783206939697,0.0,138.2919158935547,1600.15625,0.0,0.0,0.0,-0.13892072439193726,True,nan,False,3.784345608437434e-05,0.01
gpomdp_logbarrier_handoff,706,939,1336002,0.0,False,185.98388671875,1.611960530281067,0.0,185.98388671875,3518.83154296875,0.0,0.0,0.0,0.17467686533927917,True,nan,False,3.0530569347320125e-05,0.01
gpomdp_logbarrier_handoff,706,940,1337189,0.0,False,110.09825134277344,1.5075769424438477,0.0,110.09825134277344,1147.649658203125,0.0,0.0,0.0,0.4170379042625427,True,nan,False,3.366310920682736e-05,0.01
gpomdp_logbarrier_handoff,706,941,1337877,0.0,False,107.7701644897461,1.5035549402236938,0.0,107.7701644897461,849.0097045898438,0.0,0.0,0.0,0.13274382054805756,True,nan,False,4.2390118323965e-05,0.01
gpomdp_logbarrier_handoff,706,942,1338504,0.0,False,100.9285659790039,1.4909640550613403,0.0,100.9285659790039,1424.927001953125,0.0,0.0,0.0,-0.3715648949146271,True,nan,False,4.9820198910310864e-05,0.01
gpomdp_logbarrier_handoff,706,943,1339252,0.0,False,94.5877914428711,1.5029343366622925,0.0,94.5877914428711,1343.2572021484375,0.0,0.0,0.0,-0.21219773590564728,True,nan,False,3.4446227800799534e-05,0.01
gpomdp_logbarrier_handoff,706,944,1339982,0.0,False,95.49774932861328,1.5028691291809082,0.0,95.49774932861328,1412.0396728515625,0.0,0.0,0.0,0.0020812132861465216,True,nan,False,3.3968593925237656e-05,0.01
gpomdp_logbarrier_handoff,706,945,1340717,0.0,False,84.97447204589844,1.5200830698013306,0.0,84.97447204589844,1114.5689697265625,0.0,0.0,0.0,0.12051611393690109,True,nan,False,1.8943452232633717e-05,0.01
gpomdp_logbarrier_handoff,706,946,1341429,0.0,False,83.05603790283203,1.499877691268921,0.0,83.05603790283203,1551.8734130859375,0.0,0.0,0.0,-0.5291839838027954,True,nan,False,2.1982978068990633e-05,0.01
gpomdp_logbarrier_handoff,706,947,1342170,0.0,False,63.94232177734375,1.5007096529006958,0.0,63.94232177734375,1147.135009765625,0.0,0.0,0.0,0.1202985942363739,True,nan,False,2.6122712370124646e-05,0.01
gpomdp_logbarrier_handoff,706,948,1342838,0.0,False,87.4394302368164,1.4973814487457275,0.0,87.4394302368164,1046.1622314453125,0.0,0.0,0.0,-0.16260042786598206,True,nan,False,3.301567994640209e-05,0.01
gpomdp_logbarrier_handoff,706,949,1343470,0.0,False,188.5068817138672,1.4963933229446411,0.0,188.5068817138672,1303.1671142578125,0.0,0.0,0.0,-0.3738998472690582,True,nan,False,5.426078860182315e-05,0.01
gpomdp_logbarrier_handoff,706,950,1344170,0.0,False,110.99301147460938,1.551416277885437,0.0,110.99301147460938,1870.55810546875,0.0,0.0,0.0,0.11882166564464569,True,nan,False,4.733556852443144e-05,0.01
gpomdp_logbarrier_handoff,706,951,1345010,0.0,False,74.99156951904297,1.517828106880188,0.0,74.99156951904297,1258.2969970703125,0.0,0.0,0.0,-0.09453625231981277,True,nan,False,4.158943920629099e-05,0.01
gpomdp_logbarrier_handoff,706,952,1345786,0.0,False,212.6836395263672,1.4788066148757935,0.0,212.6836395263672,1578.32421875,0.0,0.0,0.0,0.11521714925765991,True,nan,False,2.4510778530384414e-05,0.01
gpomdp_logbarrier_handoff,706,953,1346600,0.0,False,95.44818878173828,1.4902840852737427,0.0,95.44818878173828,1585.95263671875,0.0,0.0,0.0,-0.12842099368572235,True,nan,False,2.475997098372318e-05,0.01
gpomdp_logbarrier_handoff,706,954,1347331,0.0,False,145.89682006835938,1.616480827331543,0.0,145.89682006835938,2641.93310546875,0.0,0.0,0.0,-0.10943228006362915,True,nan,False,1.2365763723209966e-05,0.01
gpomdp_logbarrier_handoff,706,955,1348628,0.0,False,57.66734313964844,1.5223444700241089,0.0,57.66734313964844,1032.3797607421875,0.0,0.0,0.0,-0.0015686332480981946,True,nan,False,1.8434284356771968e-05,0.01
gpomdp_logbarrier_handoff,706,956,1349335,0.0,False,85.62284088134766,1.4943522214889526,0.0,85.62284088134766,1300.4354248046875,0.0,0.0,0.0,-0.25473082065582275,True,nan,False,1.811992478906177e-05,0.01
gpomdp_logbarrier_handoff,706,957,1350074,0.0,False,185.1247100830078,1.487426996231079,0.0,185.1247100830078,1388.879150390625,0.0,0.0,0.0,0.16940757632255554,True,nan,False,3.499060039757751e-05,0.01
gpomdp_logbarrier_handoff,706,958,1350836,0.0,False,135.96046447753906,1.461715817451477,0.0,135.96046447753906,1536.4388427734375,0.0,0.0,0.0,0.4692813456058502,True,nan,False,1.3812858924211469e-05,0.01
gpomdp_logbarrier_handoff,706,959,1351554,0.0,False,131.41909790039062,1.4770324230194092,0.0,131.41909790039062,1226.778564453125,0.0,0.0,0.0,-0.30599620938301086,True,nan,False,3.3015976441674866e-06,0.01
gpomdp_logbarrier_handoff,706,960,1352270,0.0,False,198.57200622558594,1.531504511833191,0.0,198.57200622558594,1808.8349609375,0.0,0.0,0.0,-0.03294134885072708,True,nan,False,1.0251766070723534e-05,0.01
gpomdp_logbarrier_handoff,706,961,1353066,0.0,False,87.31391143798828,1.4744805097579956,0.0,87.31391143798828,1404.7777099609375,0.0,0.0,0.0,-0.42977190017700195,True,nan,False,2.0052668332937174e-05,0.01
gpomdp_logbarrier_handoff,706,962,1353794,0.0,False,125.07091522216797,1.5091747045516968,0.0,125.07091522216797,1645.6322021484375,0.0,0.0,0.0,-0.6450998187065125,True,nan,False,1.7265731003135443e-05,0.01
gpomdp_logbarrier_handoff,706,963,1354540,0.0,False,191.4587860107422,1.5434339046478271,0.0,191.4587860107422,2144.192626953125,0.0,0.0,0.0,-0.1817665547132492,True,nan,False,4.460807758732699e-06,0.01
gpomdp_logbarrier_handoff,706,964,1355444,0.0,False,86.3748550415039,1.4855196475982666,0.0,86.3748550415039,1373.137451171875,0.0,0.0,0.0,-0.0673205554485321,True,nan,False,3.7234772207739297e-06,0.01
gpomdp_logbarrier_handoff,706,965,1356180,0.0,False,64.98724365234375,1.487816333770752,0.0,64.98724365234375,1277.91845703125,0.0,0.0,0.0,0.298503041267395,True,nan,False,3.1819861305848463e-06,0.01
gpomdp_logbarrier_handoff,706,966,1356917,0.0,False,170.31370544433594,1.4763259887695312,0.0,170.31370544433594,1716.3739013671875,0.0,0.0,0.0,-0.21740925312042236,True,nan,False,1.775723103492055e-05,0.01
gpomdp_logbarrier_handoff,706,967,1357691,0.0,False,128.1072540283203,1.4986764192581177,0.0,128.1072540283203,2013.0775146484375,0.0,0.0,0.0,0.5644768476486206,True,nan,False,1.7867476344690658e-05,0.01
gpomdp_logbarrier_handoff,706,968,1358613,0.0,False,106.80506896972656,1.495255470275879,0.0,106.80506896972656,1328.3463134765625,0.0,0.0,0.0,-0.5179854035377502,True,nan,False,1.3128523278282955e-05,0.01
gpomdp_logbarrier_handoff,706,969,1359321,0.0,False,87.10894775390625,1.4843295812606812,0.0,87.10894775390625,1474.7957763671875,0.0,0.0,0.0,-0.00455110426992178,True,nan,False,1.0427346751384903e-05,0.01
gpomdp_logbarrier_handoff,706,970,1360102,0.0,False,78.63542175292969,1.4963492155075073,0.0,78.63542175292969,1451.6126708984375,0.0,0.0,0.0,0.16366131603717804,True,nan,False,1.0041201676358469e-05,0.01
gpomdp_logbarrier_handoff,706,971,1360850,0.0,False,90.73046112060547,1.5144857168197632,0.0,90.73046112060547,1284.90234375,0.0,0.0,0.0,-0.33270952105522156,True,nan,False,4.276443178241607e-06,0.01
gpomdp_logbarrier_handoff,706,972,1361563,0.0,False,154.89688110351562,1.4756150245666504,0.0,154.89688110351562,1717.28173828125,0.0,0.0,0.0,0.12451452016830444,True,nan,False,2.2442365661845542e-05,0.01
gpomdp_logbarrier_handoff,706,973,1362307,0.0,False,50.762516021728516,1.493553876876831,0.0,50.762516021728516,1451.8570556640625,0.0,0.0,0.0,-0.520675003528595,True,nan,False,1.6462912753922865e-05,0.01
gpomdp_logbarrier_handoff,706,974,1363043,0.0,False,60.22099685668945,1.5344310998916626,0.0,60.22099685668945,1374.251220703125,0.0,0.0,0.0,-0.24257858097553253,True,nan,False,1.0179312994296197e-05,0.01
gpomdp_logbarrier_handoff,706,975,1363788,0.0,False,73.96660614013672,1.5145834684371948,0.0,73.96660614013672,1244.2869873046875,0.0,0.0,0.0,0.025231465697288513,True,nan,False,7.827949957572855e-06,0.01
gpomdp_logbarrier_handoff,706,976,1364562,0.0,False,98.79881286621094,1.5960252285003662,0.0,98.79881286621094,1801.6878662109375,0.0,0.0,0.0,0.002812964841723442,True,nan,False,2.055729510175297e-06,0.01
gpomdp_logbarrier_handoff,706,977,1365383,0.0,False,68.5714340209961,1.5361473560333252,0.0,68.5714340209961,1366.2318115234375,0.0,0.0,0.0,-0.14631696045398712,True,nan,False,6.387899702531286e-07,0.01
gpomdp_logbarrier_handoff,706,978,1366163,0.0,False,76.0213623046875,1.5092270374298096,0.0,76.0213623046875,1361.7286376953125,0.0,0.0,0.0,0.11600228399038315,True,nan,False,2.1556745650741505e-06,0.01
gpomdp_logbarrier_handoff,706,979,1366872,0.0,False,135.81272888183594,1.6965693235397339,0.0,135.81272888183594,2525.400146484375,0.0,0.0,0.0,-0.7599993348121643,True,nan,False,4.112192982574925e-06,0.01
gpomdp_logbarrier_handoff,706,980,1368011,0.0,False,133.36936950683594,1.4947055578231812,0.0,133.36936950683594,1658.9669189453125,0.0,0.0,0.0,0.007525269407778978,True,nan,False,4.377156074042432e-06,0.01
gpomdp_logbarrier_handoff,706,981,1368692,0.0,False,72.34019470214844,1.4836158752441406,0.0,72.34019470214844,1415.2010498046875,0.0,0.0,0.0,-0.3053693175315857,True,nan,False,6.874167866044445e-06,0.01
gpomdp_logbarrier_handoff,706,982,1369392,0.0,False,153.6519775390625,1.4987764358520508,0.0,153.6519775390625,1576.3646240234375,0.0,0.0,0.0,0.30995410680770874,True,nan,False,1.0324304639652837e-05,0.01
gpomdp_logbarrier_handoff,706,983,1370138,0.0,False,79.49504852294922,1.5150246620178223,0.0,79.49504852294922,871.8281860351562,0.0,0.0,0.0,-0.24979831278324127,True,nan,False,1.3663807294506114e-05,0.01
gpomdp_logbarrier_handoff,706,984,1370803,0.0,False,93.61802673339844,1.5237462520599365,0.0,93.61802673339844,1648.76708984375,0.0,0.0,0.0,-0.01970754750072956,True,nan,False,1.2931405763083603e-05,0.01
gpomdp_logbarrier_handoff,706,985,1371644,0.0,False,88.23670959472656,1.5050565004348755,0.0,88.23670959472656,1298.83203125,0.0,0.0,0.0,-0.18397681415081024,True,nan,False,1.6796606360003352e-05,0.01
gpomdp_logbarrier_handoff,706,986,1372309,0.0,False,89.7934341430664,1.5177485942840576,0.0,89.7934341430664,1177.6575927734375,0.0,0.0,0.0,-0.32123908400535583,True,nan,False,1.0597122127364855e-05,0.01
gpomdp_logbarrier_handoff,706,987,1372981,0.0,False,54.94271469116211,1.5147488117218018,0.0,54.94271469116211,1022.4913940429688,0.0,0.0,0.0,0.23794174194335938,True,nan,False,1.1899693163286429e-05,0.01
gpomdp_logbarrier_handoff,706,988,1373619,0.0,False,112.30001831054688,1.592894434928894,0.0,112.30001831054688,1812.39306640625,0.0,0.0,0.0,0.011895543895661831,True,nan,False,1.5177502973529045e-05,0.01
gpomdp_logbarrier_handoff,706,989,1374500,0.0,False,109.3974609375,1.5028327703475952,0.0,109.3974609375,1247.75927734375,0.0,0.0,0.0,-0.16703173518180847,True,nan,False,4.664615062210942e-06,0.01
gpomdp_logbarrier_handoff,706,990,1375235,0.0,False,202.9394989013672,1.5589436292648315,0.0,202.9394989013672,1729.1171875,0.0,0.0,0.0,0.21880300343036652,True,nan,False,1.813545054574206e-06,0.01
gpomdp_logbarrier_handoff,706,991,1376105,0.0,False,59.73236083984375,1.5327914953231812,0.0,59.73236083984375,1068.220703125,0.0,0.0,0.0,-0.002828771946951747,True,nan,False,2.850376858987147e-06,0.01
gpomdp_logbarrier_handoff,706,992,1376817,0.0,False,124.81254577636719,1.529282808303833,0.0,124.81254577636719,992.8154907226562,0.0,0.0,0.0,0.018041227012872696,True,nan,False,9.654229870648123e-06,0.01
gpomdp_logbarrier_handoff,706,993,1377564,0.0,False,118.94381713867188,1.510622262954712,0.0,118.94381713867188,1326.816650390625,0.0,0.0,0.0,-0.16651032865047455,True,nan,False,7.340283900703071e-06,0.01
gpomdp_logbarrier_handoff,706,994,1378294,0.0,False,124.5855941772461,1.5725828409194946,0.0,124.5855941772461,1568.655517578125,0.0,0.0,0.0,-0.06997066736221313,True,nan,False,4.435813934833277e-06,0.01
gpomdp_logbarrier_handoff,706,995,1379095,0.0,False,112.34041595458984,1.5919126272201538,0.0,112.34041595458984,1880.1895751953125,0.0,0.0,0.0,0.05056095868349075,True,nan,False,6.015487088006921e-06,0.01
gpomdp_logbarrier_handoff,706,996,1379990,0.0,False,258.670654296875,1.4683024883270264,0.0,258.670654296875,1489.97314453125,0.0,0.0,0.0,0.07926543802022934,True,nan,False,3.7081361369928345e-05,0.01
gpomdp_logbarrier_handoff,706,997,1380749,0.0,False,107.2742691040039,1.561754822731018,0.0,107.2742691040039,2220.487060546875,0.0,0.0,0.0,-0.37842121720314026,True,nan,False,2.377214332227595e-05,0.01
gpomdp_logbarrier_handoff,706,998,1381699,0.0,False,229.72506713867188,1.5350894927978516,0.0,229.72506713867188,2241.60791015625,0.0,0.0,0.0,-0.5486986041069031,True,nan,False,5.301359124132432e-05,0.01
gpomdp_logbarrier_handoff,706,999,1382504,0.0,False,83.4681396484375,1.5033084154129028,0.0,83.4681396484375,1342.3245849609375,0.0,0.0,0.0,0.5000278949737549,True,nan,False,4.181602344033308e-05,0.01
