method,seed,update,true_environment_steps_before_update,beta,barrier_active,reward_gradient_norm,barrier_gradient_norm,regularizer_gradient_norm,total_gradient_norm,naturalized_reward_norm,naturalized_barrier_norm,euclidean_barrier_to_reward_ratio,natural_barrier_to_reward_ratio,euclidean_cosine,euclidean_cosine_defined,natural_cosine,natural_cosine_defined,realized_kl,damping
gpomdp_reward_only,706,0,0,0.0,False,277.9609375,0.1373075693845749,0.0,277.9609375,4650.18359375,0.0,0.0,0.0,0.8727171421051025,True,nan,False,8.17995096440427e-05,0.01
gpomdp_reward_only,706,1,4000,0.0,False,150.90805053710938,0.1375439614057541,0.0,150.90805053710938,3585.854248046875,0.0,0.0,0.0,0.21828806400299072,True,nan,False,6.793111242586747e-05,0.01
gpomdp_reward_only,706,2,8000,0.0,False,380.939453125,0.11885447055101395,0.0,380.939453125,3610.626708984375,0.0,0.0,0.0,-0.7257193922996521,True,nan,False,1.2404454537318088e-05,0.01
gpomdp_reward_only,706,3,12000,0.0,False,149.93348693847656,0.12773509323596954,0.0,149.93348693847656,5892.77392578125,0.0,0.0,0.0,-0.4880651831626892,True,nan,False,1.0769886102934834e-05,0.01
gpomdp_reward_only,706,4,16000,0.0,False,386.0423278808594,0.13018324971199036,0.0,386.0423278808594,3680.640869140625,0.0,0.0,0.0,0.7930695414543152,True,nan,False,1.2796554983651731e-05,0.01
gpomdp_reward_only,706,5,20000,0.0,False,253.1219940185547,0.12436789274215698,0.0,253.1219940185547,3303.112548828125,0.0,0.0,0.0,0.7134048938751221,True,nan,False,1.5919395082164556e-05,0.01
gpomdp_reward_only,706,6,24000,0.0,False,152.1416015625,0.13352236151695251,0.0,152.1416015625,2736.942626953125,0.0,0.0,0.0,0.9390499591827393,True,nan,False,1.5601252016494982e-05,0.01
gpomdp_reward_only,706,7,28000,0.0,False,173.0168914794922,0.12650510668754578,0.0,173.0168914794922,3816.96630859375,0.0,0.0,0.0,0.6223090887069702,True,nan,False,1.3193673112255055e-05,0.01
gpomdp_reward_only,706,8,32000,0.0,False,98.75630950927734,0.114920474588871,0.0,98.75630950927734,4795.1064453125,0.0,0.0,0.0,-0.34122148156166077,True,nan,False,9.453552593186032e-06,0.01
gpomdp_reward_only,706,9,36000,0.0,False,225.05699157714844,0.12010841071605682,0.0,225.05699157714844,4288.98193359375,0.0,0.0,0.0,-0.4365282356739044,True,nan,False,9.144805517280474e-06,0.01
gpomdp_reward_only,706,10,40000,0.0,False,203.49038696289062,0.10962390154600143,0.0,203.49038696289062,4222.46728515625,0.0,0.0,0.0,0.7494254112243652,True,nan,False,1.1052517038478982e-05,0.01
gpomdp_reward_only,706,11,44000,0.0,False,203.73074340820312,0.11359776556491852,0.0,203.73074340820312,4069.13232421875,0.0,0.0,0.0,-0.13938762247562408,True,nan,False,1.2347190931905061e-05,0.01
gpomdp_reward_only,706,12,48000,0.0,False,282.1728820800781,0.10616712272167206,0.0,282.1728820800781,3545.159912109375,0.0,0.0,0.0,-0.5148957371711731,True,nan,False,6.264805961109232e-06,0.01
gpomdp_reward_only,706,13,52000,0.0,False,301.9151611328125,0.10689011961221695,0.0,301.9151611328125,4327.72998046875,0.0,0.0,0.0,0.018500715494155884,True,nan,False,7.498893410229357e-06,0.01
gpomdp_reward_only,706,14,56000,0.0,False,266.322021484375,0.10815738886594772,0.0,266.322021484375,4067.702880859375,0.0,0.0,0.0,-0.4183644950389862,True,nan,False,3.114313813057379e-06,0.01
gpomdp_reward_only,706,15,60000,0.0,False,284.94287109375,0.11001701653003693,0.0,284.94287109375,4068.73486328125,0.0,0.0,0.0,-0.341818243265152,True,nan,False,1.1272455822108896e-06,0.01
gpomdp_reward_only,706,16,64000,0.0,False,104.30780792236328,0.11115656793117523,0.0,104.30780792236328,4116.77587890625,0.0,0.0,0.0,-0.3063068091869354,True,nan,False,1.4792415186093422e-06,0.01
gpomdp_reward_only,706,17,68000,0.0,False,252.67906188964844,0.11816758662462234,0.0,252.67906188964844,3586.841552734375,0.0,0.0,0.0,-0.6928640007972717,True,nan,False,3.997287876700284e-06,0.01
gpomdp_reward_only,706,18,72000,0.0,False,308.95770263671875,0.11473550647497177,0.0,308.95770263671875,3527.078369140625,0.0,0.0,0.0,-0.5599959492683411,True,nan,False,8.829321814118885e-06,0.01
gpomdp_reward_only,706,19,76000,0.0,False,277.39794921875,0.12052004784345627,0.0,277.39794921875,2966.55078125,0.0,0.0,0.0,-0.9261487722396851,True,nan,False,1.30992548292852e-05,0.01
gpomdp_reward_only,706,20,80000,0.0,False,89.20834350585938,0.12142527103424072,0.0,89.20834350585938,2917.44873046875,0.0,0.0,0.0,0.1207965537905693,True,nan,False,1.0080324500449933e-05,0.01
gpomdp_reward_only,706,21,84000,0.0,False,316.2137451171875,0.12517814338207245,0.0,316.2137451171875,2824.688232421875,0.0,0.0,0.0,-0.8893601298332214,True,nan,False,1.530662484583445e-05,0.01
gpomdp_reward_only,706,22,88000,0.0,False,144.87864685058594,0.13192754983901978,0.0,144.87864685058594,3815.743896484375,0.0,0.0,0.0,0.5746789574623108,True,nan,False,9.7372194431955e-06,0.01
gpomdp_reward_only,706,23,92000,0.0,False,343.96685791015625,0.13018934428691864,0.0,343.96685791015625,5394.8427734375,0.0,0.0,0.0,-0.7856524586677551,True,nan,False,1.4788117368880194e-05,0.01
gpomdp_reward_only,706,24,96000,0.0,False,273.0342712402344,0.13905052840709686,0.0,273.0342712402344,3192.520751953125,0.0,0.0,0.0,0.6934453248977661,True,nan,False,9.64679020398762e-06,0.01
gpomdp_reward_only,706,25,100000,0.0,False,212.8587188720703,0.13867127895355225,0.0,212.8587188720703,3411.075927734375,0.0,0.0,0.0,-0.14367786049842834,True,nan,False,6.884175945742754e-06,0.01
gpomdp_reward_only,706,26,104000,0.0,False,204.1356964111328,0.14699684083461761,0.0,204.1356964111328,4394.75048828125,0.0,0.0,0.0,0.5643286108970642,True,nan,False,3.119031816822826e-06,0.01
gpomdp_reward_only,706,27,108000,0.0,False,304.2132263183594,0.1429758220911026,0.0,304.2132263183594,3739.72265625,0.0,0.0,0.0,-0.5759645104408264,True,nan,False,6.2930621425039135e-06,0.01
gpomdp_reward_only,706,28,111926,0.0,False,221.8109893798828,0.14132842421531677,0.0,221.8109893798828,4122.5205078125,0.0,0.0,0.0,0.6335180997848511,True,nan,False,5.57892690267181e-06,0.01
gpomdp_reward_only,706,29,115926,0.0,False,185.03799438476562,0.15189191699028015,0.0,185.03799438476562,3398.365478515625,0.0,0.0,0.0,0.4008289575576782,True,nan,False,7.521599400206469e-06,0.01
gpomdp_reward_only,706,30,119926,0.0,False,315.67034912109375,0.14583246409893036,0.0,315.67034912109375,5187.4404296875,0.0,0.0,0.0,-0.39190593361854553,True,nan,False,3.389569428691175e-06,0.01
gpomdp_reward_only,706,31,123926,0.0,False,104.88987731933594,0.14874157309532166,0.0,104.88987731933594,3394.802001953125,0.0,0.0,0.0,0.14281964302062988,True,nan,False,2.4883215701265726e-06,0.01
gpomdp_reward_only,706,32,127926,0.0,False,249.61740112304688,0.15160955488681793,0.0,249.61740112304688,3015.72900390625,0.0,0.0,0.0,-0.5954158306121826,True,nan,False,5.737073934142245e-06,0.01
gpomdp_reward_only,706,33,131926,0.0,False,228.28492736816406,0.15560689568519592,0.0,228.28492736816406,4934.50927734375,0.0,0.0,0.0,0.8805134296417236,True,nan,False,2.2340045688906685e-06,0.01
gpomdp_reward_only,706,34,135926,0.0,False,248.0323028564453,0.15314191579818726,0.0,248.0323028564453,4730.4091796875,0.0,0.0,0.0,-0.267835408449173,True,nan,False,5.234105628915131e-06,0.01
gpomdp_reward_only,706,35,139926,0.0,False,249.637451171875,0.15956901013851166,0.0,249.637451171875,4887.7138671875,0.0,0.0,0.0,-0.6394436955451965,True,nan,False,3.574712309273309e-06,0.01
gpomdp_reward_only,706,36,143926,0.0,False,280.1999206542969,0.1614508181810379,0.0,280.1999206542969,4077.519775390625,0.0,0.0,0.0,-0.4515298902988434,True,nan,False,8.012866601347923e-06,0.01
gpomdp_reward_only,706,37,147926,0.0,False,259.7755432128906,0.16328896582126617,0.0,259.7755432128906,4494.6123046875,0.0,0.0,0.0,-0.3876539468765259,True,nan,False,6.302303518168628e-06,0.01
gpomdp_reward_only,706,38,151926,0.0,False,220.74147033691406,0.15916350483894348,0.0,220.74147033691406,5088.29345703125,0.0,0.0,0.0,-0.398543119430542,True,nan,False,7.032618213997921e-06,0.01
gpomdp_reward_only,706,39,155926,0.0,False,259.2173156738281,0.1671830415725708,0.0,259.2173156738281,5437.0732421875,0.0,0.0,0.0,-0.21636933088302612,True,nan,False,6.229197879292769e-06,0.01
gpomdp_reward_only,706,40,159926,0.0,False,104.23851776123047,0.17304109036922455,0.0,104.23851776123047,4330.98828125,0.0,0.0,0.0,0.6962348818778992,True,nan,False,3.666606289698393e-06,0.01
gpomdp_reward_only,706,41,163926,0.0,False,142.8533477783203,0.17369896173477173,0.0,142.8533477783203,5162.0966796875,0.0,0.0,0.0,-0.14880390465259552,True,nan,False,2.871335027521127e-06,0.01
gpomdp_reward_only,706,42,167926,0.0,False,441.36981201171875,0.17816956341266632,0.0,441.36981201171875,3810.70703125,0.0,0.0,0.0,-0.43598952889442444,True,nan,False,1.1259099665039685e-05,0.01
gpomdp_reward_only,706,43,171926,0.0,False,162.1020965576172,0.1774897575378418,0.0,162.1020965576172,3283.21044921875,0.0,0.0,0.0,0.49681001901626587,True,nan,False,5.806999070046004e-06,0.01
gpomdp_reward_only,706,44,175926,0.0,False,197.18626403808594,0.17995129525661469,0.0,197.18626403808594,4292.3583984375,0.0,0.0,0.0,0.3369990587234497,True,nan,False,2.1777095753350295e-06,0.01
gpomdp_reward_only,706,45,179926,0.0,False,159.1493377685547,0.17962491512298584,0.0,159.1493377685547,3971.42626953125,0.0,0.0,0.0,-0.41231074929237366,True,nan,False,3.5424707220954588e-06,0.01
gpomdp_reward_only,706,46,183926,0.0,False,265.353515625,0.18624486029148102,0.0,265.353515625,3142.905517578125,0.0,0.0,0.0,-0.10046370327472687,True,nan,False,8.427978173131123e-06,0.01
gpomdp_reward_only,706,47,187926,0.0,False,158.52236938476562,0.1835690289735794,0.0,158.52236938476562,3477.78662109375,0.0,0.0,0.0,-0.4572191536426544,True,nan,False,6.7319169829715975e-06,0.01
gpomdp_reward_only,706,48,191926,0.0,False,341.6734924316406,0.1892676055431366,0.0,341.6734924316406,2894.2724609375,0.0,0.0,0.0,-0.4194267690181732,True,nan,False,1.725618858472444e-05,0.01
gpomdp_reward_only,706,49,195926,0.0,False,175.4959259033203,0.18254709243774414,0.0,175.4959259033203,5334.8662109375,0.0,0.0,0.0,0.4715169370174408,True,nan,False,1.1619612450886052e-05,0.01
gpomdp_reward_only,706,50,199926,0.0,False,172.6853790283203,0.19188274443149567,0.0,172.6853790283203,2229.896728515625,0.0,0.0,0.0,0.2969013452529907,True,nan,False,1.525224342913134e-05,0.01
gpomdp_reward_only,706,51,203926,0.0,False,332.02850341796875,0.19065770506858826,0.0,332.02850341796875,3862.080078125,0.0,0.0,0.0,0.7343403100967407,True,nan,False,4.871549663221231e-06,0.01
gpomdp_reward_only,706,52,207926,0.0,False,267.29315185546875,0.18648017942905426,0.0,267.29315185546875,5079.4560546875,0.0,0.0,0.0,-0.7811439037322998,True,nan,False,5.687797511200188e-06,0.01
gpomdp_reward_only,706,53,211926,0.0,False,187.63150024414062,0.18961764872074127,0.0,187.63150024414062,4704.81591796875,0.0,0.0,0.0,-0.36027905344963074,True,nan,False,4.849715878663119e-06,0.01
gpomdp_reward_only,706,54,215926,0.0,False,157.14456176757812,0.18149156868457794,0.0,157.14456176757812,3577.194091796875,0.0,0.0,0.0,0.12637802958488464,True,nan,False,5.667541245202301e-06,0.01
gpomdp_reward_only,706,55,219926,0.0,False,262.2137145996094,0.18714003264904022,0.0,262.2137145996094,4195.18896484375,0.0,0.0,0.0,-0.15406940877437592,True,nan,False,3.5455184388411e-06,0.01
gpomdp_reward_only,706,56,223926,0.0,False,305.09515380859375,0.19582536816596985,0.0,305.09515380859375,4333.853515625,0.0,0.0,0.0,0.3884667158126831,True,nan,False,2.7220644369663205e-06,0.01
gpomdp_reward_only,706,57,227926,0.0,False,201.08645629882812,0.19194485247135162,0.0,201.08645629882812,5103.53271484375,0.0,0.0,0.0,-0.07782202214002609,True,nan,False,1.4780706578676472e-06,0.01
gpomdp_reward_only,706,58,231926,0.0,False,104.61185455322266,0.20501193404197693,0.0,104.61185455322266,2216.174560546875,0.0,0.0,0.0,0.19898106157779694,True,nan,False,6.174373652356735e-07,0.01
gpomdp_reward_only,706,59,235926,0.0,False,280.841064453125,0.19706492125988007,0.0,280.841064453125,3150.1865234375,0.0,0.0,0.0,-0.3637692928314209,True,nan,False,1.9045725139221759e-06,0.01
gpomdp_reward_only,706,60,239926,0.0,False,268.08209228515625,0.21108178794384003,0.0,268.08209228515625,4680.0263671875,0.0,0.0,0.0,0.5323670506477356,True,nan,False,1.5850971522013424e-06,0.01
gpomdp_reward_only,706,61,243926,0.0,False,273.7011413574219,0.19871026277542114,0.0,273.7011413574219,3196.21630859375,0.0,0.0,0.0,-0.942773699760437,True,nan,False,3.4129827781725908e-06,0.01
gpomdp_reward_only,706,62,247926,0.0,False,365.8477478027344,0.20983044803142548,0.0,365.8477478027344,4400.9365234375,0.0,0.0,0.0,0.12734204530715942,True,nan,False,9.803996363189071e-06,0.01
gpomdp_reward_only,706,63,251926,0.0,False,218.85211181640625,0.1982090324163437,0.0,218.85211181640625,4291.0693359375,0.0,0.0,0.0,0.9078502655029297,True,nan,False,5.545160547626438e-06,0.01
gpomdp_reward_only,706,64,255926,0.0,False,263.54779052734375,0.1975259631872177,0.0,263.54779052734375,3767.498046875,0.0,0.0,0.0,-0.7263770699501038,True,nan,False,3.1500335353484843e-06,0.01
gpomdp_reward_only,706,65,259926,0.0,False,183.06109619140625,0.1943529099225998,0.0,183.06109619140625,3506.36474609375,0.0,0.0,0.0,-0.07146989554166794,True,nan,False,2.4535565898986533e-06,0.01
gpomdp_reward_only,706,66,263926,0.0,False,159.60833740234375,0.19442538917064667,0.0,159.60833740234375,4200.998046875,0.0,0.0,0.0,0.5513167381286621,True,nan,False,1.965567889783415e-06,0.01
gpomdp_reward_only,706,67,267926,0.0,False,352.1044921875,0.1955314576625824,0.0,352.1044921875,5110.64306640625,0.0,0.0,0.0,0.63498455286026,True,nan,False,1.4797137737332378e-06,0.01
gpomdp_reward_only,706,68,271848,0.0,False,219.4679718017578,0.19095179438591003,0.0,219.4679718017578,4465.115234375,0.0,0.0,0.0,-0.6663929224014282,True,nan,False,1.3736658956986503e-06,0.01
gpomdp_reward_only,706,69,275848,0.0,False,216.190673828125,0.20400993525981903,0.0,216.190673828125,3127.00244140625,0.0,0.0,0.0,0.7017833590507507,True,nan,False,1.1996065722996718e-06,0.01
gpomdp_reward_only,706,70,279848,0.0,False,182.33836364746094,0.18789440393447876,0.0,182.33836364746094,3917.2255859375,0.0,0.0,0.0,0.4690244495868683,True,nan,False,2.2419585548050236e-06,0.01
gpomdp_reward_only,706,71,283848,0.0,False,173.93186950683594,0.1933816373348236,0.0,173.93186950683594,3282.478759765625,0.0,0.0,0.0,0.6009605526924133,True,nan,False,2.8444551389839035e-06,0.01
gpomdp_reward_only,706,72,287848,0.0,False,217.65023803710938,0.18119607865810394,0.0,217.65023803710938,4415.80419921875,0.0,0.0,0.0,-0.41820982098579407,True,nan,False,3.952371571358526e-06,0.01
gpomdp_reward_only,706,73,291766,0.0,False,356.24896240234375,0.1958879977464676,0.0,356.24896240234375,4346.95458984375,0.0,0.0,0.0,-0.6876460313796997,True,nan,False,5.95298888583784e-06,0.01
gpomdp_reward_only,706,74,295766,0.0,False,234.00601196289062,0.19004932045936584,0.0,234.00601196289062,3480.0751953125,0.0,0.0,0.0,-0.7774897813796997,True,nan,False,5.68983523407951e-06,0.01
gpomdp_reward_only,706,75,299766,0.0,False,273.50506591796875,0.19122108817100525,0.0,273.50506591796875,3484.642578125,0.0,0.0,0.0,-0.026817606762051582,True,nan,False,1.4312338407762581e-06,0.01
gpomdp_reward_only,706,76,303766,0.0,False,168.67431640625,0.19874635338783264,0.0,168.67431640625,4052.212646484375,0.0,0.0,0.0,0.7248017191886902,True,nan,False,5.519746082427446e-07,0.01
gpomdp_reward_only,706,77,307766,0.0,False,288.47735595703125,0.18783414363861084,0.0,288.47735595703125,4486.9716796875,0.0,0.0,0.0,0.19549638032913208,True,nan,False,1.9263347894593608e-06,0.01
gpomdp_reward_only,706,78,311766,0.0,False,285.8620910644531,0.1970512419939041,0.0,285.8620910644531,3928.951416015625,0.0,0.0,0.0,0.2566071152687073,True,nan,False,5.303309990267735e-06,0.01
gpomdp_reward_only,706,79,315766,0.0,False,163.63218688964844,0.19256921112537384,0.0,163.63218688964844,4467.05517578125,0.0,0.0,0.0,-0.7630545496940613,True,nan,False,3.5966393170383526e-06,0.01
gpomdp_reward_only,706,80,319766,0.0,False,206.45423889160156,0.1931302398443222,0.0,206.45423889160156,4597.779296875,0.0,0.0,0.0,0.6265308856964111,True,nan,False,3.927754278265638e-06,0.01
gpomdp_reward_only,706,81,323766,0.0,False,402.51531982421875,0.18107283115386963,0.0,402.51531982421875,2658.666748046875,0.0,0.0,0.0,0.4940236806869507,True,nan,False,8.738883479963988e-06,0.01
gpomdp_reward_only,706,82,327766,0.0,False,199.86798095703125,0.195801243185997,0.0,199.86798095703125,4478.81884765625,0.0,0.0,0.0,0.32074642181396484,True,nan,False,1.3286668945511337e-05,0.01
gpomdp_reward_only,706,83,331766,0.0,False,241.63491821289062,0.18630816042423248,0.0,241.63491821289062,4797.5517578125,0.0,0.0,0.0,0.046289775520563126,True,nan,False,1.4505772924167104e-05,0.01
gpomdp_reward_only,706,84,335766,0.0,False,241.88262939453125,0.177504301071167,0.0,241.88262939453125,5276.51171875,0.0,0.0,0.0,0.05725589394569397,True,nan,False,1.7796339307096787e-05,0.01
gpomdp_reward_only,706,85,339766,0.0,False,392.6410217285156,0.186268612742424,0.0,392.6410217285156,4430.0419921875,0.0,0.0,0.0,0.8832453489303589,True,nan,False,2.22744420170784e-05,0.01
gpomdp_reward_only,706,86,343766,0.0,False,176.591064453125,0.17735914885997772,0.0,176.591064453125,4915.78564453125,0.0,0.0,0.0,-0.6984272599220276,True,nan,False,1.3679215953743551e-05,0.01
gpomdp_reward_only,706,87,347766,0.0,False,207.14974975585938,0.19545073807239532,0.0,207.14974975585938,3152.896484375,0.0,0.0,0.0,-0.4027790129184723,True,nan,False,1.8678716514841653e-05,0.01
gpomdp_reward_only,706,88,351766,0.0,False,239.04991149902344,0.17768707871437073,0.0,239.04991149902344,3811.246337890625,0.0,0.0,0.0,0.09182215481996536,True,nan,False,9.938128641806543e-06,0.01
gpomdp_reward_only,706,89,355766,0.0,False,264.83154296875,0.1881944239139557,0.0,264.83154296875,4781.30859375,0.0,0.0,0.0,0.4407849609851837,True,nan,False,7.454362730641151e-06,0.01
gpomdp_reward_only,706,90,359766,0.0,False,187.3054962158203,0.17920443415641785,0.0,187.3054962158203,3312.747314453125,0.0,0.0,0.0,0.744181752204895,True,nan,False,8.699303180037532e-06,0.01
gpomdp_reward_only,706,91,363766,0.0,False,325.51947021484375,0.18071040511131287,0.0,325.51947021484375,5276.662109375,0.0,0.0,0.0,-0.2624071538448334,True,nan,False,2.429622782074148e-06,0.01
gpomdp_reward_only,706,92,367766,0.0,False,142.83644104003906,0.1826101541519165,0.0,142.83644104003906,3406.134765625,0.0,0.0,0.0,0.7114455103874207,True,nan,False,3.8016712551325327e-06,0.01
gpomdp_reward_only,706,93,371628,0.0,False,177.58421325683594,0.17357514798641205,0.0,177.58421325683594,3196.528564453125,0.0,0.0,0.0,0.3198445439338684,True,nan,False,3.319896677567158e-06,0.01
gpomdp_reward_only,706,94,375610,0.0,False,173.5292205810547,0.1713813990354538,0.0,173.5292205810547,4836.888671875,0.0,0.0,0.0,0.41509610414505005,True,nan,False,4.623874247045023e-06,0.01
gpomdp_reward_only,706,95,379585,0.0,False,129.96177673339844,0.17247025668621063,0.0,129.96177673339844,3654.247802734375,0.0,0.0,0.0,0.4543493986129761,True,nan,False,5.089342721475987e-06,0.01
gpomdp_reward_only,706,96,383585,0.0,False,254.24362182617188,0.16311299800872803,0.0,254.24362182617188,4432.40234375,0.0,0.0,0.0,0.41842085123062134,True,nan,False,6.47092929284554e-06,0.01
gpomdp_reward_only,706,97,387555,0.0,False,139.63943481445312,0.16294077038764954,0.0,139.63943481445312,3494.847900390625,0.0,0.0,0.0,0.5654124021530151,True,nan,False,6.76074841976515e-06,0.01
gpomdp_reward_only,706,98,391555,0.0,False,199.94517517089844,0.1655651479959488,0.0,199.94517517089844,4413.3466796875,0.0,0.0,0.0,-0.5048932433128357,True,nan,False,5.2442496780713554e-06,0.01
gpomdp_reward_only,706,99,395555,0.0,False,160.1808319091797,0.15551459789276123,0.0,160.1808319091797,3132.546875,0.0,0.0,0.0,-0.25835058093070984,True,nan,False,5.658446752931923e-06,0.01
gpomdp_reward_only,706,100,399379,0.0,False,279.61712646484375,0.15602506697177887,0.0,279.61712646484375,4048.625,0.0,0.0,0.0,-0.23482148349285126,True,nan,False,8.470663487969432e-06,0.01
gpomdp_reward_only,706,101,403379,0.0,False,284.6639404296875,0.14990632236003876,0.0,284.6639404296875,5578.53564453125,0.0,0.0,0.0,0.511207103729248,True,nan,False,6.843592018412892e-06,0.01
gpomdp_reward_only,706,102,407233,0.0,False,307.3050537109375,0.15488603711128235,0.0,307.3050537109375,3101.3310546875,0.0,0.0,0.0,0.9509900212287903,True,nan,False,8.90030696609756e-06,0.01
gpomdp_reward_only,706,103,411233,0.0,False,273.388427734375,0.14606384932994843,0.0,273.388427734375,4235.2705078125,0.0,0.0,0.0,-0.5222212672233582,True,nan,False,7.562993687315611e-06,0.01
gpomdp_reward_only,706,104,415207,0.0,False,164.47018432617188,0.1440400779247284,0.0,164.47018432617188,4347.7255859375,0.0,0.0,0.0,0.2628338038921356,True,nan,False,9.935015441442374e-06,0.01
gpomdp_reward_only,706,105,419188,0.0,False,301.178955078125,0.14955006539821625,0.0,301.178955078125,4849.59814453125,0.0,0.0,0.0,-0.21626657247543335,True,nan,False,1.3049170775047969e-05,0.01
gpomdp_reward_only,706,106,422996,0.0,False,329.3170166015625,0.14470137655735016,0.0,329.3170166015625,5847.07421875,0.0,0.0,0.0,0.17762036621570587,True,nan,False,1.3844585737388115e-05,0.01
gpomdp_reward_only,706,107,426789,0.0,False,138.61019897460938,0.1399075835943222,0.0,138.61019897460938,3506.575439453125,0.0,0.0,0.0,-0.35902154445648193,True,nan,False,1.3276619029056747e-05,0.01
gpomdp_reward_only,706,108,430600,0.0,False,154.0548095703125,0.13869503140449524,0.0,154.0548095703125,3949.570068359375,0.0,0.0,0.0,-0.5514897108078003,True,nan,False,8.587468073528726e-06,0.01
gpomdp_reward_only,706,109,434561,0.0,False,262.5528869628906,0.1383214145898819,0.0,262.5528869628906,4382.62353515625,0.0,0.0,0.0,-0.28808873891830444,True,nan,False,7.593340342282318e-06,0.01
gpomdp_reward_only,706,110,438486,0.0,False,243.69442749023438,0.13990728557109833,0.0,243.69442749023438,4236.10986328125,0.0,0.0,0.0,0.6605862975120544,True,nan,False,8.864288247423247e-06,0.01
gpomdp_reward_only,706,111,442363,0.0,False,361.4275817871094,0.1425446718931198,0.0,361.4275817871094,3997.45166015625,0.0,0.0,0.0,-0.26554355025291443,True,nan,False,5.969310677755857e-06,0.01
gpomdp_reward_only,706,112,446288,0.0,False,283.1595764160156,0.13819420337677002,0.0,283.1595764160156,5133.65869140625,0.0,0.0,0.0,0.3233322501182556,True,nan,False,1.256080940947868e-05,0.01
gpomdp_reward_only,706,113,450197,0.0,False,281.9344482421875,0.142506942152977,0.0,281.9344482421875,4214.42919921875,0.0,0.0,0.0,-0.15560531616210938,True,nan,False,1.2733677976939362e-05,0.01
gpomdp_reward_only,706,114,454197,0.0,False,364.5502624511719,0.1365717500448227,0.0,364.5502624511719,4247.67626953125,0.0,0.0,0.0,0.7660556435585022,True,nan,False,6.823759576946031e-06,0.01
gpomdp_reward_only,706,115,458108,0.0,False,175.05226135253906,0.13806848227977753,0.0,175.05226135253906,4164.74267578125,0.0,0.0,0.0,0.5105699896812439,True,nan,False,9.449445315112825e-06,0.01
gpomdp_reward_only,706,116,462071,0.0,False,306.07598876953125,0.13624465465545654,0.0,306.07598876953125,3333.468017578125,0.0,0.0,0.0,-0.3551913797855377,True,nan,False,1.2696005796897225e-05,0.01
gpomdp_reward_only,706,117,465983,0.0,False,347.5681457519531,0.13355349004268646,0.0,347.5681457519531,4413.720703125,0.0,0.0,0.0,-0.2420145869255066,True,nan,False,2.0608509657904506e-05,0.01
gpomdp_reward_only,706,118,469642,0.0,False,213.99510192871094,0.1336827129125595,0.0,213.99510192871094,3895.5517578125,0.0,0.0,0.0,-0.135908305644989,True,nan,False,1.9027282178285532e-05,0.01
gpomdp_reward_only,706,119,473642,0.0,False,188.28216552734375,0.13172025978565216,0.0,188.28216552734375,3377.732177734375,0.0,0.0,0.0,-0.2737097442150116,True,nan,False,1.576971772010438e-05,0.01
gpomdp_reward_only,706,120,477580,0.0,False,164.4444122314453,0.12869149446487427,0.0,164.4444122314453,4178.58203125,0.0,0.0,0.0,-0.2276238054037094,True,nan,False,1.1341369827277958e-05,0.01
gpomdp_reward_only,706,121,481490,0.0,False,120.02464294433594,0.13650235533714294,0.0,120.02464294433594,3918.26171875,0.0,0.0,0.0,-0.13472092151641846,True,nan,False,9.391133062308654e-06,0.01
gpomdp_reward_only,706,122,484962,0.0,False,203.6308135986328,0.13283881545066833,0.0,203.6308135986328,3818.131591796875,0.0,0.0,0.0,0.04834086820483208,True,nan,False,7.444285984092858e-06,0.01
gpomdp_reward_only,706,123,488915,0.0,False,177.279541015625,0.14617076516151428,0.0,177.279541015625,3709.696533203125,0.0,0.0,0.0,-0.43078625202178955,True,nan,False,7.904484846221749e-06,0.01
gpomdp_reward_only,706,124,492579,0.0,False,267.1549072265625,0.1289246678352356,0.0,267.1549072265625,4108.677734375,0.0,0.0,0.0,0.5448426604270935,True,nan,False,8.453551345155574e-06,0.01
gpomdp_reward_only,706,125,496579,0.0,False,313.0873718261719,0.1369711458683014,0.0,313.0873718261719,3842.570556640625,0.0,0.0,0.0,0.23346900939941406,True,nan,False,1.4186231965140905e-05,0.01
gpomdp_reward_only,706,126,500438,0.0,False,242.111328125,0.13453370332717896,0.0,242.111328125,4488.50439453125,0.0,0.0,0.0,-0.15426236391067505,True,nan,False,1.581283868290484e-05,0.01
gpomdp_reward_only,706,127,504158,0.0,False,331.6643371582031,0.13516537845134735,0.0,331.6643371582031,4873.30810546875,0.0,0.0,0.0,-0.6861026883125305,True,nan,False,2.1500496586668305e-05,0.01
gpomdp_reward_only,706,128,507934,0.0,False,329.14556884765625,0.13741683959960938,0.0,329.14556884765625,4034.47509765625,0.0,0.0,0.0,-0.17432081699371338,True,nan,False,2.4984170522657223e-05,0.01
gpomdp_reward_only,706,129,511818,0.0,False,354.74566650390625,0.14167234301567078,0.0,354.74566650390625,4164.15380859375,0.0,0.0,0.0,-0.2796318829059601,True,nan,False,3.551895861164667e-05,0.01
gpomdp_reward_only,706,130,515286,0.0,False,168.3329620361328,0.14309895038604736,0.0,168.3329620361328,4120.22314453125,0.0,0.0,0.0,0.08926158398389816,True,nan,False,3.642280353233218e-05,0.01
gpomdp_reward_only,706,131,518751,0.0,False,331.85723876953125,0.1495969444513321,0.0,331.85723876953125,4335.38525390625,0.0,0.0,0.0,-0.3940938115119934,True,nan,False,4.9654881877359e-05,0.01
gpomdp_reward_only,706,132,521711,0.0,False,230.1461944580078,0.14773225784301758,0.0,230.1461944580078,4106.95654296875,0.0,0.0,0.0,-0.20580725371837616,True,nan,False,5.2901890740031376e-05,0.01
gpomdp_reward_only,706,133,525144,0.0,False,319.2577819824219,0.14662538468837738,0.0,319.2577819824219,5066.05322265625,0.0,0.0,0.0,-0.3961072564125061,True,nan,False,6.467239290941507e-05,0.01
gpomdp_reward_only,706,134,528371,0.0,False,340.4029235839844,0.16317357122898102,0.0,340.4029235839844,3966.4677734375,0.0,0.0,0.0,-0.39522218704223633,True,nan,False,8.439460361842066e-05,0.01
gpomdp_reward_only,706,135,531605,0.0,False,236.74273681640625,0.1591985672712326,0.0,236.74273681640625,3856.130615234375,0.0,0.0,0.0,-0.7821738123893738,True,nan,False,7.063813245622441e-05,0.01
gpomdp_reward_only,706,136,534353,0.0,False,364.6301574707031,0.16191066801548004,0.0,364.6301574707031,4168.2900390625,0.0,0.0,0.0,-0.2160894125699997,True,nan,False,8.181262819562107e-05,0.01
gpomdp_reward_only,706,137,537197,0.0,False,183.273681640625,0.17361995577812195,0.0,183.273681640625,5254.04296875,0.0,0.0,0.0,-0.4187595248222351,True,nan,False,7.677370740566403e-05,0.01
gpomdp_reward_only,706,138,540339,0.0,False,354.766357421875,0.17863352596759796,0.0,354.766357421875,3665.96728515625,0.0,0.0,0.0,-0.68394935131073,True,nan,False,9.83937134151347e-05,0.01
gpomdp_reward_only,706,139,543056,0.0,False,203.9462890625,0.19704777002334595,0.0,203.9462890625,4276.90576171875,0.0,0.0,0.0,0.30805036425590515,True,nan,False,8.046135917538777e-05,0.01
gpomdp_reward_only,706,140,545962,0.0,False,193.97088623046875,0.20655164122581482,0.0,193.97088623046875,3743.33056640625,0.0,0.0,0.0,-0.14571602642536163,True,nan,False,8.11117934063077e-05,0.01
gpomdp_reward_only,706,141,548302,0.0,False,269.5833740234375,0.19804905354976654,0.0,269.5833740234375,4231.38671875,0.0,0.0,0.0,-0.608185887336731,True,nan,False,8.712158160051331e-05,0.01
gpomdp_reward_only,706,142,550791,0.0,False,131.58108520507812,0.21740475296974182,0.0,131.58108520507812,2741.978759765625,0.0,0.0,0.0,0.3810747563838959,True,nan,False,7.347245991695672e-05,0.01
gpomdp_reward_only,706,143,553004,0.0,False,178.9832305908203,0.22218118607997894,0.0,178.9832305908203,2824.946533203125,0.0,0.0,0.0,-0.5829582214355469,True,nan,False,7.438605825882405e-05,0.01
gpomdp_reward_only,706,144,554907,0.0,False,358.7898864746094,0.24005933105945587,0.0,358.7898864746094,3674.9677734375,0.0,0.0,0.0,-0.8113301992416382,True,nan,False,0.00010013308929046616,0.01
gpomdp_reward_only,706,145,557014,0.0,False,170.45272827148438,0.24502521753311157,0.0,170.45272827148438,3922.00146484375,0.0,0.0,0.0,-0.5714775919914246,True,nan,False,8.373554010177031e-05,0.01
gpomdp_reward_only,706,146,559265,0.0,False,415.5992431640625,0.25958970189094543,0.0,415.5992431640625,4126.607421875,0.0,0.0,0.0,-0.7557088136672974,True,nan,False,0.00011178156273672357,0.01
gpomdp_reward_only,706,147,561157,0.0,False,283.0826721191406,0.27503055334091187,0.0,283.0826721191406,3438.01318359375,0.0,0.0,0.0,0.14856182038784027,True,nan,False,9.722467075334862e-05,0.01
gpomdp_reward_only,706,148,563218,0.0,False,248.9469757080078,0.2765798270702362,0.0,248.9469757080078,3550.428955078125,0.0,0.0,0.0,-0.47321534156799316,True,nan,False,8.740938210394233e-05,0.01
gpomdp_reward_only,706,149,565087,0.0,False,274.5721740722656,0.30103978514671326,0.0,274.5721740722656,2831.916748046875,0.0,0.0,0.0,-0.8902427554130554,True,nan,False,0.0001071364022209309,0.01
gpomdp_reward_only,706,150,566939,0.0,False,251.0319061279297,0.31983813643455505,0.0,251.0319061279297,3795.393798828125,0.0,0.0,0.0,0.18707723915576935,True,nan,False,7.529482536483556e-05,0.01
gpomdp_reward_only,706,151,568791,0.0,False,182.4004669189453,0.3025955557823181,0.0,182.4004669189453,2392.127197265625,0.0,0.0,0.0,-0.4318694472312927,True,nan,False,7.25033096387051e-05,0.01
gpomdp_reward_only,706,152,570419,0.0,False,259.60479736328125,0.3410029709339142,0.0,259.60479736328125,3557.708740234375,0.0,0.0,0.0,-0.40783292055130005,True,nan,False,8.091607742244378e-05,0.01
gpomdp_reward_only,706,153,572062,0.0,False,215.0911102294922,0.3397351801395416,0.0,215.0911102294922,3267.957275390625,0.0,0.0,0.0,-0.26199859380722046,True,nan,False,7.965615805005655e-05,0.01
gpomdp_reward_only,706,154,573721,0.0,False,279.87628173828125,0.3268403708934784,0.0,279.87628173828125,3224.469482421875,0.0,0.0,0.0,-0.7202700972557068,True,nan,False,8.449847518932074e-05,0.01
gpomdp_reward_only,706,155,575346,0.0,False,186.69174194335938,0.3668615221977234,0.0,186.69174194335938,2766.9150390625,0.0,0.0,0.0,-0.27264299988746643,True,nan,False,7.921392534626648e-05,0.01
gpomdp_reward_only,706,156,576711,0.0,False,116.88972473144531,0.37891262769699097,0.0,116.88972473144531,3544.535888671875,0.0,0.0,0.0,0.14026416838169098,True,nan,False,6.167410174384713e-05,0.01
gpomdp_reward_only,706,157,578247,0.0,False,171.14051818847656,0.3942725658416748,0.0,171.14051818847656,2445.1630859375,0.0,0.0,0.0,-0.4167632758617401,True,nan,False,6.391948409145698e-05,0.01
gpomdp_reward_only,706,158,579753,0.0,False,283.0921630859375,0.3835280239582062,0.0,283.0921630859375,3098.948974609375,0.0,0.0,0.0,-0.8683973550796509,True,nan,False,7.743194873910397e-05,0.01
gpomdp_reward_only,706,159,581304,0.0,False,234.19375610351562,0.40941253304481506,0.0,234.19375610351562,2874.339599609375,0.0,0.0,0.0,-0.6988027691841125,True,nan,False,8.245411299867555e-05,0.01
gpomdp_reward_only,706,160,582740,0.0,False,117.38309478759766,0.43544790148735046,0.0,117.38309478759766,2900.965087890625,0.0,0.0,0.0,-0.3644462525844574,True,nan,False,7.53889253246598e-05,0.01
gpomdp_reward_only,706,161,584226,0.0,False,173.1554412841797,0.46510860323905945,0.0,173.1554412841797,3167.903564453125,0.0,0.0,0.0,-0.7092530727386475,True,nan,False,7.854126306483522e-05,0.01
gpomdp_reward_only,706,162,585552,0.0,False,182.08094787597656,0.4383729100227356,0.0,182.08094787597656,2813.2392578125,0.0,0.0,0.0,-0.7915022373199463,True,nan,False,7.034925511106849e-05,0.01
gpomdp_reward_only,706,163,586914,0.0,False,175.66500854492188,0.4532138407230377,0.0,175.66500854492188,2921.70361328125,0.0,0.0,0.0,-0.9178224802017212,True,nan,False,7.373795961029828e-05,0.01
gpomdp_reward_only,706,164,588178,0.0,False,170.68768310546875,0.45563778281211853,0.0,170.68768310546875,2382.9794921875,0.0,0.0,0.0,-0.5704646110534668,True,nan,False,6.890056101838127e-05,0.01
gpomdp_reward_only,706,165,589442,0.0,False,531.5911865234375,0.5493366718292236,0.0,531.5911865234375,4512.416015625,0.0,0.0,0.0,-0.9286661744117737,True,nan,False,0.00012204565427964553,0.01
gpomdp_reward_only,706,166,591369,0.0,False,197.4082489013672,0.5143921375274658,0.0,197.4082489013672,2856.74072265625,0.0,0.0,0.0,-0.24856092035770416,True,nan,False,9.789428440853953e-05,0.01
gpomdp_reward_only,706,167,592731,0.0,False,156.26976013183594,0.4933055639266968,0.0,156.26976013183594,2338.920166015625,0.0,0.0,0.0,-0.8403272032737732,True,nan,False,9.248359856428578e-05,0.01
gpomdp_reward_only,706,168,593897,0.0,False,171.72015380859375,0.581128716468811,0.0,171.72015380859375,2845.17724609375,0.0,0.0,0.0,-0.5792723894119263,True,nan,False,9.895087714539841e-05,0.01
gpomdp_reward_only,706,169,595311,0.0,False,200.4008331298828,0.5374905467033386,0.0,200.4008331298828,2165.200439453125,0.0,0.0,0.0,-0.3734418749809265,True,nan,False,8.498891838826239e-05,0.01
gpomdp_reward_only,706,170,596457,0.0,False,114.93385314941406,0.549259603023529,0.0,114.93385314941406,1952.9852294921875,0.0,0.0,0.0,0.3158474564552307,True,nan,False,6.690239388262853e-05,0.01
gpomdp_reward_only,706,171,597586,0.0,False,198.48402404785156,0.5753797292709351,0.0,198.48402404785156,1839.5115966796875,0.0,0.0,0.0,-0.7650044560432434,True,nan,False,7.161928806453943e-05,0.01
gpomdp_reward_only,706,172,598745,0.0,False,196.890380859375,0.5427443385124207,0.0,196.890380859375,2312.26708984375,0.0,0.0,0.0,-0.8840199708938599,True,nan,False,6.984896026551723e-05,0.01
gpomdp_reward_only,706,173,599887,0.0,False,123.66852569580078,0.5698650479316711,0.0,123.66852569580078,1832.66162109375,0.0,0.0,0.0,-0.6310053467750549,True,nan,False,7.058455230435356e-05,0.01
gpomdp_reward_only,706,174,600996,0.0,False,106.00108337402344,0.6146620512008667,0.0,106.00108337402344,2264.907470703125,0.0,0.0,0.0,-0.5382835865020752,True,nan,False,6.35676333331503e-05,0.01
gpomdp_reward_only,706,175,602030,0.0,False,197.79200744628906,0.6171336770057678,0.0,197.79200744628906,1551.036865234375,0.0,0.0,0.0,-0.6351609826087952,True,nan,False,5.948818943579681e-05,0.01
gpomdp_reward_only,706,176,603171,0.0,False,175.24795532226562,0.6565840244293213,0.0,175.24795532226562,2285.08544921875,0.0,0.0,0.0,0.3104298710823059,True,nan,False,4.374460695544258e-05,0.01
gpomdp_reward_only,706,177,604320,0.0,False,93.73807525634766,0.6659063696861267,0.0,93.73807525634766,1638.8797607421875,0.0,0.0,0.0,0.6927238702774048,True,nan,False,2.9997916499269195e-05,0.01
gpomdp_reward_only,706,178,605369,0.0,False,142.45620727539062,0.6173770427703857,0.0,142.45620727539062,2463.232177734375,0.0,0.0,0.0,-0.5360608696937561,True,nan,False,3.1368384952656925e-05,0.01
gpomdp_reward_only,706,179,606455,0.0,False,135.99041748046875,0.6271188259124756,0.0,135.99041748046875,1686.9874267578125,0.0,0.0,0.0,-0.7963979244232178,True,nan,False,3.5344746720511466e-05,0.01
gpomdp_reward_only,706,180,607423,0.0,False,101.54753875732422,0.6831333041191101,0.0,101.54753875732422,2162.83740234375,0.0,0.0,0.0,-0.5480109453201294,True,nan,False,3.3007265301421285e-05,0.01
gpomdp_reward_only,706,181,608442,0.0,False,162.50424194335938,0.7349773049354553,0.0,162.50424194335938,2111.46826171875,0.0,0.0,0.0,-0.536383867263794,True,nan,False,3.93016125599388e-05,0.01
gpomdp_reward_only,706,182,609623,0.0,False,180.7201690673828,0.6705722808837891,0.0,180.7201690673828,2446.545166015625,0.0,0.0,0.0,-0.20967422425746918,True,nan,False,3.2706459023756906e-05,0.01
gpomdp_reward_only,706,183,610619,0.0,False,155.6639862060547,0.760135293006897,0.0,155.6639862060547,2853.13134765625,0.0,0.0,0.0,0.21696323156356812,True,nan,False,2.6623780286172405e-05,0.01
gpomdp_reward_only,706,184,611835,0.0,False,94.48322296142578,0.7253532409667969,0.0,94.48322296142578,2496.767578125,0.0,0.0,0.0,-0.1655825972557068,True,nan,False,2.3371632778435014e-05,0.01
gpomdp_reward_only,706,185,612866,0.0,False,195.6528778076172,0.7338954210281372,0.0,195.6528778076172,1930.29833984375,0.0,0.0,0.0,-0.564979612827301,True,nan,False,2.5466613806202076e-05,0.01
gpomdp_reward_only,706,186,613900,0.0,False,141.36700439453125,0.7139791250228882,0.0,141.36700439453125,1987.379638671875,0.0,0.0,0.0,-0.45256927609443665,True,nan,False,2.717073220992461e-05,0.01
gpomdp_reward_only,706,187,614889,0.0,False,110.8871841430664,0.7294532656669617,0.0,110.8871841430664,1764.00927734375,0.0,0.0,0.0,-0.14156107604503632,True,nan,False,2.7024123482988216e-05,0.01
gpomdp_reward_only,706,188,615862,0.0,False,132.8152313232422,0.7518129944801331,0.0,132.8152313232422,1844.2811279296875,0.0,0.0,0.0,-0.28576338291168213,True,nan,False,1.918664747790899e-05,0.01
gpomdp_reward_only,706,189,616939,0.0,False,126.49649047851562,0.7250727415084839,0.0,126.49649047851562,2687.536865234375,0.0,0.0,0.0,-0.7585217952728271,True,nan,False,2.278712963743601e-05,0.01
gpomdp_reward_only,706,190,618014,0.0,False,214.65994262695312,0.7591708302497864,0.0,214.65994262695312,2752.7060546875,0.0,0.0,0.0,-0.10210173577070236,True,nan,False,2.8352937079034746e-05,0.01
gpomdp_reward_only,706,191,618982,0.0,False,121.66767120361328,0.7716926336288452,0.0,121.66767120361328,2157.693115234375,0.0,0.0,0.0,-0.47992339730262756,True,nan,False,2.867051080102101e-05,0.01
gpomdp_reward_only,706,192,619959,0.0,False,151.65805053710938,0.7803193926811218,0.0,151.65805053710938,2130.8486328125,0.0,0.0,0.0,-0.2125592976808548,True,nan,False,2.0426352421054617e-05,0.01
gpomdp_reward_only,706,193,620995,0.0,False,150.47752380371094,0.7820420861244202,0.0,150.47752380371094,1689.2015380859375,0.0,0.0,0.0,0.5749714970588684,True,nan,False,1.0661736268957611e-05,0.01
gpomdp_reward_only,706,194,622001,0.0,False,146.729736328125,0.8020248413085938,0.0,146.729736328125,2037.060791015625,0.0,0.0,0.0,-0.691403329372406,True,nan,False,1.2363690075289924e-05,0.01
gpomdp_reward_only,706,195,623078,0.0,False,93.44015502929688,0.7946154475212097,0.0,93.44015502929688,1721.1434326171875,0.0,0.0,0.0,0.07054765522480011,True,nan,False,9.138434506894555e-06,0.01
gpomdp_reward_only,706,196,623907,0.0,False,86.27961730957031,0.7918847799301147,0.0,86.27961730957031,2063.536865234375,0.0,0.0,0.0,-0.4988842308521271,True,nan,False,9.417813089385163e-06,0.01
gpomdp_reward_only,706,197,624832,0.0,False,188.7565155029297,0.823081374168396,0.0,188.7565155029297,2370.812255859375,0.0,0.0,0.0,-0.7675735354423523,True,nan,False,1.2998202691960614e-05,0.01
gpomdp_reward_only,706,198,625882,0.0,False,169.0255889892578,0.7795148491859436,0.0,169.0255889892578,2057.17822265625,0.0,0.0,0.0,-0.8549661040306091,True,nan,False,1.6336738553945906e-05,0.01
gpomdp_reward_only,706,199,626755,0.0,False,90.24026489257812,0.8185923099517822,0.0,90.24026489257812,1828.3641357421875,0.0,0.0,0.0,0.43357694149017334,True,nan,False,1.200519000121858e-05,0.01
gpomdp_reward_only,706,200,627671,0.0,False,312.1997985839844,0.7841430306434631,0.0,312.1997985839844,2021.1072998046875,0.0,0.0,0.0,-0.5012872815132141,True,nan,False,2.4071212465059943e-05,0.01
gpomdp_reward_only,706,201,628629,0.0,False,90.26744842529297,0.8770205974578857,0.0,90.26744842529297,2435.5556640625,0.0,0.0,0.0,-0.43059220910072327,True,nan,False,2.0790557755390182e-05,0.01
gpomdp_reward_only,706,202,629690,0.0,False,246.09645080566406,0.8444141745567322,0.0,246.09645080566406,1713.3114013671875,0.0,0.0,0.0,-0.9443266987800598,True,nan,False,3.3931744837900624e-05,0.01
gpomdp_reward_only,706,203,630674,0.0,False,113.12389373779297,0.8885419368743896,0.0,113.12389373779297,2391.576171875,0.0,0.0,0.0,0.015344272367656231,True,nan,False,3.0148114092298783e-05,0.01
gpomdp_reward_only,706,204,631687,0.0,False,84.64969635009766,0.8230631351470947,0.0,84.64969635009766,1457.1041259765625,0.0,0.0,0.0,-0.33628010749816895,True,nan,False,2.4885312086553313e-05,0.01
gpomdp_reward_only,706,205,632537,0.0,False,142.09326171875,0.8603907227516174,0.0,142.09326171875,1817.4925537109375,0.0,0.0,0.0,0.48134395480155945,True,nan,False,1.6186499124160036e-05,0.01
gpomdp_reward_only,706,206,633533,0.0,False,84.21919250488281,0.8495343923568726,0.0,84.21919250488281,1743.1297607421875,0.0,0.0,0.0,-0.029384611174464226,True,nan,False,1.3569197108154185e-05,0.01
gpomdp_reward_only,706,207,634331,0.0,False,127.46678924560547,0.8768362402915955,0.0,127.46678924560547,2063.89794921875,0.0,0.0,0.0,0.01449444331228733,True,nan,False,9.48240176512627e-06,0.01
gpomdp_reward_only,706,208,635149,0.0,False,193.57037353515625,0.8472644090652466,0.0,193.57037353515625,1819.9449462890625,0.0,0.0,0.0,-0.27256157994270325,True,nan,False,1.2011470971629024e-05,0.01
gpomdp_reward_only,706,209,636117,0.0,False,123.7780990600586,0.8190279006958008,0.0,123.7780990600586,1930.0106201171875,0.0,0.0,0.0,-0.6278777718544006,True,nan,False,1.2931717719766311e-05,0.01
gpomdp_reward_only,706,210,637046,0.0,False,109.23701477050781,0.8598970174789429,0.0,109.23701477050781,1841.492919921875,0.0,0.0,0.0,0.28795069456100464,True,nan,False,1.302586588280974e-05,0.01
gpomdp_reward_only,706,211,637997,0.0,False,128.45726013183594,0.8791661262512207,0.0,128.45726013183594,1633.9449462890625,0.0,0.0,0.0,-0.2442333698272705,True,nan,False,1.7554351870785467e-05,0.01
gpomdp_reward_only,706,212,638896,0.0,False,70.39586639404297,0.8994303941726685,0.0,70.39586639404297,1655.3179931640625,0.0,0.0,0.0,-0.21632333099842072,True,nan,False,1.4433153410209343e-05,0.01
gpomdp_reward_only,706,213,639770,0.0,False,119.16218566894531,0.8965335488319397,0.0,119.16218566894531,2146.55517578125,0.0,0.0,0.0,-0.19114334881305695,True,nan,False,1.563136902404949e-05,0.01
gpomdp_reward_only,706,214,640725,0.0,False,128.41148376464844,0.8893413543701172,0.0,128.41148376464844,1874.936279296875,0.0,0.0,0.0,-0.5068037509918213,True,nan,False,1.5226868526951876e-05,0.01
gpomdp_reward_only,706,215,641618,0.0,False,181.04222106933594,0.9016349911689758,0.0,181.04222106933594,2008.6334228515625,0.0,0.0,0.0,-0.21717599034309387,True,nan,False,1.2722989595204126e-05,0.01
gpomdp_reward_only,706,216,642481,0.0,False,138.6829376220703,0.9150441884994507,0.0,138.6829376220703,1857.64013671875,0.0,0.0,0.0,0.08923836052417755,True,nan,False,7.686194294365123e-06,0.01
gpomdp_reward_only,706,217,643477,0.0,False,142.1216278076172,0.885201632976532,0.0,142.1216278076172,1606.830810546875,0.0,0.0,0.0,-0.20192371308803558,True,nan,False,4.9582135943637695e-06,0.01
gpomdp_reward_only,706,218,644319,0.0,False,114.2352294921875,0.9211933612823486,0.0,114.2352294921875,1595.805908203125,0.0,0.0,0.0,-0.22668808698654175,True,nan,False,6.164179467305075e-06,0.01
gpomdp_reward_only,706,219,645251,0.0,False,127.20231628417969,0.9225603342056274,0.0,127.20231628417969,1895.510009765625,0.0,0.0,0.0,0.3394903838634491,True,nan,False,4.788370006281184e-06,0.01
gpomdp_reward_only,706,220,646234,0.0,False,142.6423797607422,0.9126358032226562,0.0,142.6423797607422,1963.7021484375,0.0,0.0,0.0,-0.3904278576374054,True,nan,False,3.878888946928782e-06,0.01
gpomdp_reward_only,706,221,647163,0.0,False,121.04354095458984,0.9100692272186279,0.0,121.04354095458984,1852.6983642578125,0.0,0.0,0.0,-0.914951741695404,True,nan,False,6.155139999464154e-06,0.01
gpomdp_reward_only,706,222,647989,0.0,False,183.01531982421875,0.9358781576156616,0.0,183.01531982421875,2672.09765625,0.0,0.0,0.0,-0.42743000388145447,True,nan,False,1.06540874185157e-05,0.01
gpomdp_reward_only,706,223,649006,0.0,False,215.328369140625,0.8958349823951721,0.0,215.328369140625,1721.149658203125,0.0,0.0,0.0,-0.27926936745643616,True,nan,False,9.13036819838453e-06,0.01
gpomdp_reward_only,706,224,649872,0.0,False,98.828369140625,0.9476453065872192,0.0,98.828369140625,1623.53076171875,0.0,0.0,0.0,0.3652285039424896,True,nan,False,7.833933523215819e-06,0.01
gpomdp_reward_only,706,225,650675,0.0,False,140.55245971679688,0.9354069828987122,0.0,140.55245971679688,2182.849853515625,0.0,0.0,0.0,-0.7898353338241577,True,nan,False,1.025602159643313e-05,0.01
gpomdp_reward_only,706,226,651562,0.0,False,90.36346435546875,0.8934226632118225,0.0,90.36346435546875,1647.436279296875,0.0,0.0,0.0,-0.34015199542045593,True,nan,False,8.13403312349692e-06,0.01
gpomdp_reward_only,706,227,652378,0.0,False,188.64463806152344,0.9931277632713318,0.0,188.64463806152344,2351.631591796875,0.0,0.0,0.0,-0.025742212310433388,True,nan,False,8.220856216212269e-06,0.01
gpomdp_reward_only,706,228,653397,0.0,False,122.86975860595703,0.9319683909416199,0.0,122.86975860595703,1776.124267578125,0.0,0.0,0.0,0.0893508568406105,True,nan,False,7.652024578419514e-06,0.01
gpomdp_reward_only,706,229,654231,0.0,False,112.52265930175781,0.9476472735404968,0.0,112.52265930175781,1491.3843994140625,0.0,0.0,0.0,0.25095048546791077,True,nan,False,6.387877419911092e-06,0.01
gpomdp_reward_only,706,230,655174,0.0,False,142.5638427734375,0.9442105293273926,0.0,142.5638427734375,1627.6905517578125,0.0,0.0,0.0,-0.27472391724586487,True,nan,False,5.27857628185302e-06,0.01
gpomdp_reward_only,706,231,656071,0.0,False,81.59363555908203,0.9342827200889587,0.0,81.59363555908203,1400.2069091796875,0.0,0.0,0.0,-0.05963803455233574,True,nan,False,4.481813903112197e-06,0.01
gpomdp_reward_only,706,232,656883,0.0,False,105.0583724975586,0.9777783155441284,0.0,105.0583724975586,1487.9786376953125,0.0,0.0,0.0,0.5088998079299927,True,nan,False,3.835056759271538e-06,0.01
gpomdp_reward_only,706,233,657826,0.0,False,91.61968994140625,0.9645468592643738,0.0,91.61968994140625,1583.510498046875,0.0,0.0,0.0,-0.8394710421562195,True,nan,False,4.5360488911683206e-06,0.01
gpomdp_reward_only,706,234,658657,0.0,False,108.33451843261719,0.9540590047836304,0.0,108.33451843261719,2076.72900390625,0.0,0.0,0.0,-0.408425509929657,True,nan,False,3.6305336834629998e-06,0.01
gpomdp_reward_only,706,235,659524,0.0,False,67.17200469970703,0.9427629709243774,0.0,67.17200469970703,1180.338623046875,0.0,0.0,0.0,-0.381314218044281,True,nan,False,3.4453764783393126e-06,0.01
gpomdp_reward_only,706,236,660357,0.0,False,101.06249237060547,0.9554827809333801,0.0,101.06249237060547,1661.0150146484375,0.0,0.0,0.0,-0.033247966319322586,True,nan,False,4.136164989176905e-06,0.01
gpomdp_reward_only,706,237,661195,0.0,False,76.50418090820312,0.9816641211509705,0.0,76.50418090820312,1160.9986572265625,0.0,0.0,0.0,-0.13208331167697906,True,nan,False,3.147571533190785e-06,0.01
gpomdp_reward_only,706,238,661993,0.0,False,161.2428436279297,0.9537336826324463,0.0,161.2428436279297,1931.35107421875,0.0,0.0,0.0,0.16828316450119019,True,nan,False,4.161397100688191e-06,0.01
gpomdp_reward_only,706,239,662974,0.0,False,91.427734375,0.974392294883728,0.0,91.427734375,1055.0406494140625,0.0,0.0,0.0,0.788917064666748,True,nan,False,1.9460176190477796e-06,0.01
gpomdp_reward_only,706,240,663810,0.0,False,116.4974365234375,0.9643109440803528,0.0,116.4974365234375,1281.16455078125,0.0,0.0,0.0,-0.6692344546318054,True,nan,False,3.154076239297865e-06,0.01
gpomdp_reward_only,706,241,664650,0.0,False,96.971435546875,0.9663243889808655,0.0,96.971435546875,2128.31201171875,0.0,0.0,0.0,-0.7843977808952332,True,nan,False,4.046839876536978e-06,0.01
gpomdp_reward_only,706,242,665553,0.0,False,183.42193603515625,0.991966962814331,0.0,183.42193603515625,1886.91015625,0.0,0.0,0.0,-0.4185485541820526,True,nan,False,6.641187610512134e-06,0.01
gpomdp_reward_only,706,243,666490,0.0,False,95.50505828857422,0.9756777286529541,0.0,95.50505828857422,1748.15966796875,0.0,0.0,0.0,0.2164631336927414,True,nan,False,8.62912020238582e-06,0.01
gpomdp_reward_only,706,244,667296,0.0,False,136.2738800048828,1.003479242324829,0.0,136.2738800048828,1762.5147705078125,0.0,0.0,0.0,-0.48803749680519104,True,nan,False,1.2267863894521724e-05,0.01
gpomdp_reward_only,706,245,668160,0.0,False,140.7137451171875,0.9571421146392822,0.0,140.7137451171875,1584.1005859375,0.0,0.0,0.0,-0.15406742691993713,True,nan,False,2.26527718041325e-05,0.01
gpomdp_reward_only,706,246,668994,0.0,False,113.15093231201172,0.9840362071990967,0.0,113.15093231201172,1713.62646484375,0.0,0.0,0.0,0.028675686568021774,True,nan,False,1.748583781591151e-05,0.01
gpomdp_reward_only,706,247,669839,0.0,False,115.59164428710938,0.9883175492286682,0.0,115.59164428710938,1721.037353515625,0.0,0.0,0.0,-0.2593514919281006,True,nan,False,7.766385351715144e-06,0.01
gpomdp_reward_only,706,248,670603,0.0,False,54.37803649902344,0.9868350625038147,0.0,54.37803649902344,1671.8385009765625,0.0,0.0,0.0,-0.4486698806285858,True,nan,False,5.318106559570879e-06,0.01
gpomdp_reward_only,706,249,671393,0.0,False,109.01737213134766,1.046190857887268,0.0,109.01737213134766,1358.7174072265625,0.0,0.0,0.0,-0.3747430741786957,True,nan,False,5.431517820397858e-06,0.01
gpomdp_reward_only,706,250,672258,0.0,False,216.6646270751953,1.0566234588623047,0.0,216.6646270751953,2866.20849609375,0.0,0.0,0.0,-0.32043564319610596,True,nan,False,9.027373380376957e-06,0.01
gpomdp_reward_only,706,251,673160,0.0,False,114.93608093261719,1.0036770105361938,0.0,114.93608093261719,1772.2548828125,0.0,0.0,0.0,-0.7361201047897339,True,nan,False,1.3195812243793625e-05,0.01
gpomdp_reward_only,706,252,674039,0.0,False,143.6619110107422,1.0380756855010986,0.0,143.6619110107422,2443.26123046875,0.0,0.0,0.0,-0.7145421504974365,True,nan,False,1.6660995243000798e-05,0.01
gpomdp_reward_only,706,253,674973,0.0,False,182.4027099609375,0.9890895485877991,0.0,182.4027099609375,1628.765625,0.0,0.0,0.0,-0.8312783241271973,True,nan,False,2.6507079383009113e-05,0.01
gpomdp_reward_only,706,254,675825,0.0,False,99.48455810546875,1.0067840814590454,0.0,99.48455810546875,1578.5162353515625,0.0,0.0,0.0,-0.019837964326143265,True,nan,False,2.599917570478283e-05,0.01
gpomdp_reward_only,706,255,676656,0.0,False,124.12458038330078,0.9971286654472351,0.0,124.12458038330078,1625.3419189453125,0.0,0.0,0.0,-0.3377557396888733,True,nan,False,3.168823604937643e-05,0.01
gpomdp_reward_only,706,256,677455,0.0,False,100.2789535522461,1.0369080305099487,0.0,100.2789535522461,1283.4224853515625,0.0,0.0,0.0,-0.42013898491859436,True,nan,False,2.7754629627452232e-05,0.01
gpomdp_reward_only,706,257,678237,0.0,False,169.39813232421875,1.0425080060958862,0.0,169.39813232421875,1603.3092041015625,0.0,0.0,0.0,-0.25979724526405334,True,nan,False,3.7483550840988755e-05,0.01
gpomdp_reward_only,706,258,679117,0.0,False,96.27640533447266,1.0229766368865967,0.0,96.27640533447266,1744.267333984375,0.0,0.0,0.0,0.27215680480003357,True,nan,False,2.441055949020665e-05,0.01
gpomdp_reward_only,706,259,679915,0.0,False,107.48854064941406,1.1030057668685913,0.0,107.48854064941406,2193.878173828125,0.0,0.0,0.0,-0.5158551931381226,True,nan,False,1.668172626523301e-05,0.01
gpomdp_reward_only,706,260,680849,0.0,False,152.73570251464844,1.0533270835876465,0.0,152.73570251464844,2085.47265625,0.0,0.0,0.0,0.7228776216506958,True,nan,False,1.08547174022533e-05,0.01
gpomdp_reward_only,706,261,681631,0.0,False,118.05441284179688,1.035230040550232,0.0,118.05441284179688,2060.676025390625,0.0,0.0,0.0,-0.4491799771785736,True,nan,False,1.2181773854536004e-05,0.01
gpomdp_reward_only,706,262,682458,0.0,False,81.44477844238281,1.0166950225830078,0.0,81.44477844238281,1775.0079345703125,0.0,0.0,0.0,-0.27718010544776917,True,nan,False,1.04250884760404e-05,0.01
gpomdp_reward_only,706,263,683307,0.0,False,106.77345275878906,1.079271912574768,0.0,106.77345275878906,2375.5576171875,0.0,0.0,0.0,-0.22072041034698486,True,nan,False,7.377220754278824e-06,0.01
gpomdp_reward_only,706,264,684193,0.0,False,76.81354522705078,1.0654592514038086,0.0,76.81354522705078,1907.05615234375,0.0,0.0,0.0,0.039925675839185715,True,nan,False,3.982344424002804e-06,0.01
gpomdp_reward_only,706,265,685047,0.0,False,115.71179962158203,1.079572081565857,0.0,115.71179962158203,1387.159912109375,0.0,0.0,0.0,-0.5969488620758057,True,nan,False,6.146866780909477e-06,0.01
gpomdp_reward_only,706,266,685862,0.0,False,127.9486312866211,1.0658044815063477,0.0,127.9486312866211,1414.714599609375,0.0,0.0,0.0,0.16535015404224396,True,nan,False,4.821810307475971e-06,0.01
gpomdp_reward_only,706,267,686613,0.0,False,98.86795043945312,1.058728575706482,0.0,98.86795043945312,1580.16845703125,0.0,0.0,0.0,-0.32607418298721313,True,nan,False,3.7339343634812394e-06,0.01
gpomdp_reward_only,706,268,687541,0.0,False,132.83987426757812,1.0533626079559326,0.0,132.83987426757812,1794.9749755859375,0.0,0.0,0.0,0.4552055299282074,True,nan,False,3.506849225232145e-06,0.01
gpomdp_reward_only,706,269,688331,0.0,False,157.40985107421875,1.1161668300628662,0.0,157.40985107421875,2347.55029296875,0.0,0.0,0.0,-0.6105486154556274,True,nan,False,4.619668743544025e-06,0.01
gpomdp_reward_only,706,270,689311,0.0,False,86.06871032714844,1.0867259502410889,0.0,86.06871032714844,1494.83984375,0.0,0.0,0.0,-0.12486448138952255,True,nan,False,5.342621534509817e-06,0.01
gpomdp_reward_only,706,271,690097,0.0,False,65.56385040283203,1.0445574522018433,0.0,65.56385040283203,1660.4268798828125,0.0,0.0,0.0,-0.1324947625398636,True,nan,False,6.4181722336797975e-06,0.01
gpomdp_reward_only,706,272,690857,0.0,False,149.28500366210938,1.0632851123809814,0.0,149.28500366210938,1760.3951416015625,0.0,0.0,0.0,-0.8140546083450317,True,nan,False,6.819590453233104e-06,0.01
gpomdp_reward_only,706,273,691642,0.0,False,229.01004028320312,1.161313533782959,0.0,229.01004028320312,2150.964111328125,0.0,0.0,0.0,-0.832219123840332,True,nan,False,1.0488938642083667e-05,0.01
gpomdp_reward_only,706,274,692622,0.0,False,86.2619857788086,1.0497461557388306,0.0,86.2619857788086,1225.2357177734375,0.0,0.0,0.0,-0.445921927690506,True,nan,False,1.268177766178269e-05,0.01
gpomdp_reward_only,706,275,693351,0.0,False,91.95623779296875,1.0531282424926758,0.0,91.95623779296875,1572.9814453125,0.0,0.0,0.0,-0.10317247360944748,True,nan,False,1.0081074833578896e-05,0.01
gpomdp_reward_only,706,276,694192,0.0,False,92.93107604980469,1.0891740322113037,0.0,92.93107604980469,1127.7322998046875,0.0,0.0,0.0,-0.07167906314134598,True,nan,False,8.64529465616215e-06,0.01
gpomdp_reward_only,706,277,694994,0.0,False,99.27374267578125,1.123691439628601,0.0,99.27374267578125,1288.277099609375,0.0,0.0,0.0,-0.8009597659111023,True,nan,False,1.0972353265970014e-05,0.01
gpomdp_reward_only,706,278,695810,0.0,False,104.9006576538086,1.146585464477539,0.0,104.9006576538086,1698.3408203125,0.0,0.0,0.0,0.017239384353160858,True,nan,False,9.049932486959733e-06,0.01
gpomdp_reward_only,706,279,696703,0.0,False,119.4472427368164,1.1147278547286987,0.0,119.4472427368164,2197.529052734375,0.0,0.0,0.0,-0.3616439700126648,True,nan,False,9.977788067772053e-06,0.01
gpomdp_reward_only,706,280,697587,0.0,False,144.4000701904297,1.1188995838165283,0.0,144.4000701904297,1764.02001953125,0.0,0.0,0.0,0.12498009949922562,True,nan,False,6.242845756787574e-06,0.01
gpomdp_reward_only,706,281,698428,0.0,False,162.99734497070312,1.1664291620254517,0.0,162.99734497070312,1980.955078125,0.0,0.0,0.0,-0.5511870384216309,True,nan,False,7.846863809390925e-06,0.01
gpomdp_reward_only,706,282,699239,0.0,False,105.37702178955078,1.146338701248169,0.0,105.37702178955078,1471.1304931640625,0.0,0.0,0.0,0.7982109189033508,True,nan,False,3.240113528590882e-06,0.01
gpomdp_reward_only,706,283,700086,0.0,False,129.61431884765625,1.3026890754699707,0.0,129.61431884765625,4135.50830078125,0.0,0.0,0.0,0.445802241563797,True,nan,False,3.291996790721896e-06,0.01
gpomdp_reward_only,706,284,701229,0.0,False,105.83598327636719,1.1434786319732666,0.0,105.83598327636719,1584.4625244140625,0.0,0.0,0.0,0.1366863250732422,True,nan,False,3.893714620062383e-06,0.01
gpomdp_reward_only,706,285,702064,0.0,False,131.5046844482422,1.1243687868118286,0.0,131.5046844482422,1422.680419921875,0.0,0.0,0.0,0.44442126154899597,True,nan,False,1.6797042690086528e-06,0.01
gpomdp_reward_only,706,286,702797,0.0,False,146.1659698486328,1.0654600858688354,0.0,146.1659698486328,1564.410400390625,0.0,0.0,0.0,-0.5657032132148743,True,nan,False,4.604313744493993e-06,0.01
gpomdp_reward_only,706,287,703638,0.0,False,95.82720184326172,1.1773004531860352,0.0,95.82720184326172,1775.8336181640625,0.0,0.0,0.0,-0.06351403892040253,True,nan,False,5.462261924549239e-06,0.01
gpomdp_reward_only,706,288,704500,0.0,False,157.0821533203125,1.1335638761520386,0.0,157.0821533203125,1465.5279541015625,0.0,0.0,0.0,-0.6586594581604004,True,nan,False,5.178973424335709e-06,0.01
gpomdp_reward_only,706,289,705295,0.0,False,94.87593078613281,1.1414474248886108,0.0,94.87593078613281,1400.361083984375,0.0,0.0,0.0,-0.006447842810302973,True,nan,False,2.918788823080831e-06,0.01
gpomdp_reward_only,706,290,706134,0.0,False,133.9434356689453,1.1173367500305176,0.0,133.9434356689453,1707.08203125,0.0,0.0,0.0,0.25847327709198,True,nan,False,2.1664754967787303e-06,0.01
gpomdp_reward_only,706,291,707000,0.0,False,149.72772216796875,1.1878645420074463,0.0,149.72772216796875,2457.637451171875,0.0,0.0,0.0,-0.6373721361160278,True,nan,False,3.875670699926559e-06,0.01
gpomdp_reward_only,706,292,707879,0.0,False,95.37615203857422,1.102414608001709,0.0,95.37615203857422,1566.0230712890625,0.0,0.0,0.0,-0.3723197281360626,True,nan,False,6.061974090698641e-06,0.01
gpomdp_reward_only,706,293,708671,0.0,False,183.20277404785156,1.1573020219802856,0.0,183.20277404785156,2293.32861328125,0.0,0.0,0.0,-0.1814378798007965,True,nan,False,1.4330324120237492e-05,0.01
gpomdp_reward_only,706,294,709607,0.0,False,76.29100036621094,1.146209478378296,0.0,76.29100036621094,1406.0391845703125,0.0,0.0,0.0,-0.5887622237205505,True,nan,False,1.545227860333398e-05,0.01
gpomdp_reward_only,706,295,710439,0.0,False,86.09642028808594,1.174095869064331,0.0,86.09642028808594,1155.81591796875,0.0,0.0,0.0,-0.1508098542690277,True,nan,False,7.652281055925414e-06,0.01
gpomdp_reward_only,706,296,711251,0.0,False,162.75079345703125,1.1318273544311523,0.0,162.75079345703125,1755.3634033203125,0.0,0.0,0.0,-0.35292020440101624,True,nan,False,4.401530077302596e-06,0.01
gpomdp_reward_only,706,297,712021,0.0,False,118.20100402832031,1.177590250968933,0.0,118.20100402832031,2099.97412109375,0.0,0.0,0.0,0.1329650580883026,True,nan,False,5.595923539658543e-06,0.01
gpomdp_reward_only,706,298,712998,0.0,False,153.17662048339844,1.1509428024291992,0.0,153.17662048339844,1892.013916015625,0.0,0.0,0.0,-0.5163139700889587,True,nan,False,4.014827027276624e-06,0.01
gpomdp_reward_only,706,299,713837,0.0,False,170.41311645507812,1.1709203720092773,0.0,170.41311645507812,2113.891845703125,0.0,0.0,0.0,0.5944778919219971,True,nan,False,2.0601344203896588e-06,0.01
gpomdp_reward_only,706,300,714648,0.0,False,182.55783081054688,1.2143282890319824,0.0,182.55783081054688,2393.609130859375,0.0,0.0,0.0,-0.04851730540394783,True,nan,False,4.605967660609167e-06,0.01
gpomdp_reward_only,706,301,715625,0.0,False,46.692665100097656,1.1505438089370728,0.0,46.692665100097656,1495.7164306640625,0.0,0.0,0.0,0.2703625559806824,True,nan,False,5.836089258082211e-06,0.01
gpomdp_reward_only,706,302,716404,0.0,False,103.03157806396484,1.2006142139434814,0.0,103.03157806396484,1539.8841552734375,0.0,0.0,0.0,-0.3233794569969177,True,nan,False,1.0016654414357617e-05,0.01
gpomdp_reward_only,706,303,717245,0.0,False,112.07498931884766,1.128103256225586,0.0,112.07498931884766,1366.8125,0.0,0.0,0.0,0.1199803277850151,True,nan,False,2.0512563423835672e-05,0.01
gpomdp_reward_only,706,304,718039,0.0,False,103.44613647460938,1.1422278881072998,0.0,103.44613647460938,1280.1292724609375,0.0,0.0,0.0,0.0031943924259394407,True,nan,False,1.1313255527056754e-05,0.01
gpomdp_reward_only,706,305,718801,0.0,False,64.500244140625,1.1452645063400269,0.0,64.500244140625,1504.7808837890625,0.0,0.0,0.0,-0.030016358941793442,True,nan,False,1.3140703231329098e-05,0.01
gpomdp_reward_only,706,306,719594,0.0,False,91.52149963378906,1.1522303819656372,0.0,91.52149963378906,1588.5224609375,0.0,0.0,0.0,-0.30585581064224243,True,nan,False,1.448521015845472e-05,0.01
gpomdp_reward_only,706,307,720352,0.0,False,136.22671508789062,1.1507678031921387,0.0,136.22671508789062,1413.9931640625,0.0,0.0,0.0,-0.31664028763771057,True,nan,False,4.566334155242657e-06,0.01
gpomdp_reward_only,706,308,721152,0.0,False,116.92306518554688,1.164656162261963,0.0,116.92306518554688,1659.737060546875,0.0,0.0,0.0,-0.06422172486782074,True,nan,False,3.4592349038575776e-06,0.01
gpomdp_reward_only,706,309,721972,0.0,False,75.68997192382812,1.1636536121368408,0.0,75.68997192382812,1392.25,0.0,0.0,0.0,-0.361298143863678,True,nan,False,3.5316793400852475e-06,0.01
gpomdp_reward_only,706,310,722743,0.0,False,103.15340423583984,1.1978074312210083,0.0,103.15340423583984,2038.82763671875,0.0,0.0,0.0,0.2847473919391632,True,nan,False,4.295789040043019e-06,0.01
gpomdp_reward_only,706,311,723629,0.0,False,103.75984954833984,1.180834412574768,0.0,103.75984954833984,1479.128173828125,0.0,0.0,0.0,-0.46796998381614685,True,nan,False,4.340217401477275e-06,0.01
gpomdp_reward_only,706,312,724471,0.0,False,102.4676742553711,1.1737909317016602,0.0,102.4676742553711,1612.833251953125,0.0,0.0,0.0,0.5908847451210022,True,nan,False,4.687809450842906e-06,0.01
gpomdp_reward_only,706,313,725277,0.0,False,91.52752685546875,1.1588772535324097,0.0,91.52752685546875,1721.7967529296875,0.0,0.0,0.0,0.11339453607797623,True,nan,False,6.113671133789467e-06,0.01
gpomdp_reward_only,706,314,726036,0.0,False,120.48902893066406,1.1596888303756714,0.0,120.48902893066406,1696.547119140625,0.0,0.0,0.0,0.13110174238681793,True,nan,False,1.452655760658672e-05,0.01
gpomdp_reward_only,706,315,726740,0.0,False,61.19133758544922,1.1691758632659912,0.0,61.19133758544922,1552.4942626953125,0.0,0.0,0.0,0.26755115389823914,True,nan,False,7.537127657997189e-06,0.01
gpomdp_reward_only,706,316,727567,0.0,False,97.88684844970703,1.162714958190918,0.0,97.88684844970703,1088.31201171875,0.0,0.0,0.0,0.36274218559265137,True,nan,False,9.780611435417086e-06,0.01
gpomdp_reward_only,706,317,728299,0.0,False,165.8594970703125,1.214716911315918,0.0,165.8594970703125,1719.0867919921875,0.0,0.0,0.0,-0.5433856248855591,True,nan,False,2.218763484052033e-06,0.01
gpomdp_reward_only,706,318,729225,0.0,False,101.57923126220703,1.1493360996246338,0.0,101.57923126220703,1374.0596923828125,0.0,0.0,0.0,-0.1741306185722351,True,nan,False,3.7496063214348396e-06,0.01
gpomdp_reward_only,706,319,729974,0.0,False,87.87370300292969,1.1529797315597534,0.0,87.87370300292969,1331.1927490234375,0.0,0.0,0.0,-0.24666795134544373,True,nan,False,1.3201306501287036e-06,0.01
gpomdp_reward_only,706,320,730719,0.0,False,94.87962341308594,1.1829925775527954,0.0,94.87962341308594,1592.2857666015625,0.0,0.0,0.0,-0.5872645974159241,True,nan,False,2.030117002504994e-06,0.01
gpomdp_reward_only,706,321,731590,0.0,False,96.53279113769531,1.1662542819976807,0.0,96.53279113769531,1350.374267578125,0.0,0.0,0.0,-0.6877384781837463,True,nan,False,2.9220075248304056e-06,0.01
gpomdp_reward_only,706,322,732356,0.0,False,170.1745147705078,1.1412354707717896,0.0,170.1745147705078,1203.57763671875,0.0,0.0,0.0,-0.34035223722457886,True,nan,False,7.555910542578204e-06,0.01
gpomdp_reward_only,706,323,733057,0.0,False,170.34107971191406,1.1990790367126465,0.0,170.34107971191406,1451.5250244140625,0.0,0.0,0.0,0.7566527724266052,True,nan,False,2.509041451048688e-06,0.01
gpomdp_reward_only,706,324,733863,0.0,False,85.87767028808594,1.1970361471176147,0.0,85.87767028808594,1657.9539794921875,0.0,0.0,0.0,-0.4352935254573822,True,nan,False,3.229092953915824e-06,0.01
gpomdp_reward_only,706,325,734634,0.0,False,112.25221252441406,1.1512333154678345,0.0,112.25221252441406,1595.51318359375,0.0,0.0,0.0,-0.15000078082084656,True,nan,False,7.182188255683286e-06,0.01
gpomdp_reward_only,706,326,735386,0.0,False,169.14002990722656,1.226224422454834,0.0,169.14002990722656,1738.9659423828125,0.0,0.0,0.0,-0.3881179094314575,True,nan,False,2.7803307602880523e-06,0.01
gpomdp_reward_only,706,327,736210,0.0,False,125.73648071289062,1.1976525783538818,0.0,125.73648071289062,1753.1617431640625,0.0,0.0,0.0,0.1770418882369995,True,nan,False,4.597709448717069e-06,0.01
gpomdp_reward_only,706,328,737062,0.0,False,103.71235656738281,1.1760168075561523,0.0,103.71235656738281,1299.08544921875,0.0,0.0,0.0,-0.4096062183380127,True,nan,False,8.663992048241198e-06,0.01
gpomdp_reward_only,706,329,737834,0.0,False,151.1288299560547,1.1745675802230835,0.0,151.1288299560547,1589.4801025390625,0.0,0.0,0.0,-0.18472465872764587,True,nan,False,1.4557879694621079e-05,0.01
gpomdp_reward_only,706,330,738579,0.0,False,86.41546630859375,1.1937446594238281,0.0,86.41546630859375,1984.0848388671875,0.0,0.0,0.0,-0.5052650570869446,True,nan,False,1.0519814168219455e-05,0.01
gpomdp_reward_only,706,331,739375,0.0,False,100.32061767578125,1.2045834064483643,0.0,100.32061767578125,2104.482421875,0.0,0.0,0.0,-0.32653725147247314,True,nan,False,1.2034264727844857e-05,0.01
gpomdp_reward_only,706,332,740222,0.0,False,199.68360900878906,1.2156325578689575,0.0,199.68360900878906,2285.284423828125,0.0,0.0,0.0,0.20531684160232544,True,nan,False,2.1741556338383816e-05,0.01
gpomdp_reward_only,706,333,741171,0.0,False,130.0248260498047,1.1983263492584229,0.0,130.0248260498047,1549.625732421875,0.0,0.0,0.0,-0.41189903020858765,True,nan,False,1.485878510720795e-05,0.01
gpomdp_reward_only,706,334,741974,0.0,False,151.32350158691406,1.2418737411499023,0.0,151.32350158691406,2108.387451171875,0.0,0.0,0.0,-0.02892058901488781,True,nan,False,2.080862941511441e-05,0.01
gpomdp_reward_only,706,335,742874,0.0,False,60.0751838684082,1.1828969717025757,0.0,60.0751838684082,1582.030517578125,0.0,0.0,0.0,-0.4398036301136017,True,nan,False,1.818629061745014e-05,0.01
gpomdp_reward_only,706,336,743640,0.0,False,111.62713623046875,1.1977977752685547,0.0,111.62713623046875,1249.015380859375,0.0,0.0,0.0,0.34786713123321533,True,nan,False,8.202587196137756e-06,0.01
gpomdp_reward_only,706,337,744425,0.0,False,122.73368835449219,1.1766364574432373,0.0,122.73368835449219,1410.3233642578125,0.0,0.0,0.0,-0.5127070546150208,True,nan,False,4.220206392346881e-06,0.01
gpomdp_reward_only,706,338,745189,0.0,False,67.54100036621094,1.2164199352264404,0.0,67.54100036621094,1549.161865234375,0.0,0.0,0.0,-0.3136833608150482,True,nan,False,4.221024028083775e-06,0.01
gpomdp_reward_only,706,339,745967,0.0,False,167.09776306152344,1.317655324935913,0.0,167.09776306152344,3021.217041015625,0.0,0.0,0.0,0.07973133772611618,True,nan,False,4.039367922814563e-06,0.01
gpomdp_reward_only,706,340,747025,0.0,False,138.35198974609375,1.217254400253296,0.0,138.35198974609375,2047.8988037109375,0.0,0.0,0.0,-0.20418548583984375,True,nan,False,4.8659912863513455e-06,0.01
gpomdp_reward_only,706,341,747946,0.0,False,52.11439895629883,1.1944754123687744,0.0,52.11439895629883,1600.0762939453125,0.0,0.0,0.0,0.30031561851501465,True,nan,False,2.629717300806078e-06,0.01
gpomdp_reward_only,706,342,748666,0.0,False,66.76897430419922,1.1971361637115479,0.0,66.76897430419922,1843.4371337890625,0.0,0.0,0.0,-0.250329852104187,True,nan,False,1.7644489389567752e-06,0.01
gpomdp_reward_only,706,343,749357,0.0,False,74.21544647216797,1.2209018468856812,0.0,74.21544647216797,956.0864868164062,0.0,0.0,0.0,-0.5124223232269287,True,nan,False,2.0631950974348e-06,0.01
gpomdp_reward_only,706,344,750040,0.0,False,119.38954162597656,1.1907365322113037,0.0,119.38954162597656,1228.153076171875,0.0,0.0,0.0,-0.6015933752059937,True,nan,False,3.1607182791049127e-06,0.01
gpomdp_reward_only,706,345,750783,0.0,False,68.72377014160156,1.1864361763000488,0.0,68.72377014160156,1190.6827392578125,0.0,0.0,0.0,-0.37046828866004944,True,nan,False,3.3870001061586663e-06,0.01
gpomdp_reward_only,706,346,751480,0.0,False,49.26974868774414,1.1923789978027344,0.0,49.26974868774414,1005.8524780273438,0.0,0.0,0.0,-0.22934117913246155,True,nan,False,3.1721851883048657e-06,0.01
gpomdp_reward_only,706,347,752161,0.0,False,83.73516082763672,1.2115117311477661,0.0,83.73516082763672,1436.6322021484375,0.0,0.0,0.0,-0.169141486287117,True,nan,False,4.497906957112718e-06,0.01
gpomdp_reward_only,706,348,752927,0.0,False,80.95313262939453,1.2312692403793335,0.0,80.95313262939453,1547.02978515625,0.0,0.0,0.0,-0.35201266407966614,True,nan,False,4.099507350474596e-06,0.01
gpomdp_reward_only,706,349,753662,0.0,False,106.21039581298828,1.2560091018676758,0.0,106.21039581298828,1546.2471923828125,0.0,0.0,0.0,-0.5568786859512329,True,nan,False,5.589013198914472e-06,0.01
gpomdp_reward_only,706,350,754501,0.0,False,83.07846069335938,1.242000937461853,0.0,83.07846069335938,1377.7725830078125,0.0,0.0,0.0,-0.6476568579673767,True,nan,False,5.075434273749124e-06,0.01
gpomdp_reward_only,706,351,755314,0.0,False,108.90786743164062,1.2461309432983398,0.0,108.90786743164062,1442.5072021484375,0.0,0.0,0.0,0.08642654865980148,True,nan,False,3.938125246349955e-06,0.01
gpomdp_reward_only,706,352,756075,0.0,False,59.76990509033203,1.2155003547668457,0.0,59.76990509033203,1429.900146484375,0.0,0.0,0.0,-0.3604210317134857,True,nan,False,3.5756065699388273e-06,0.01
gpomdp_reward_only,706,353,756814,0.0,False,83.75735473632812,1.2270010709762573,0.0,83.75735473632812,1365.3577880859375,0.0,0.0,0.0,-0.09824055433273315,True,nan,False,4.141450062888907e-06,0.01
gpomdp_reward_only,706,354,757644,0.0,False,200.59324645996094,1.282786250114441,0.0,200.59324645996094,1717.8948974609375,0.0,0.0,0.0,-0.041355375200510025,True,nan,False,6.095271146477899e-06,0.01
gpomdp_reward_only,706,355,758536,0.0,False,95.92813110351562,1.2866406440734863,0.0,95.92813110351562,1798.73388671875,0.0,0.0,0.0,0.5956865549087524,True,nan,False,4.784365501109278e-06,0.01
gpomdp_reward_only,706,356,759459,0.0,False,78.55339813232422,1.2376474142074585,0.0,78.55339813232422,1303.9400634765625,0.0,0.0,0.0,0.16099697351455688,True,nan,False,7.022115823929198e-06,0.01
gpomdp_reward_only,706,357,760217,0.0,False,66.26970672607422,1.204437494277954,0.0,66.26970672607422,1500.3631591796875,0.0,0.0,0.0,-0.6231396794319153,True,nan,False,4.684732175519457e-06,0.01
gpomdp_reward_only,706,358,760940,0.0,False,72.77754211425781,1.2262934446334839,0.0,72.77754211425781,1501.3759765625,0.0,0.0,0.0,-0.5403518080711365,True,nan,False,3.041420086447033e-06,0.01
gpomdp_reward_only,706,359,761710,0.0,False,121.38675689697266,1.2466726303100586,0.0,121.38675689697266,1221.12939453125,0.0,0.0,0.0,0.15654118359088898,True,nan,False,1.8352289998802007e-06,0.01
gpomdp_reward_only,706,360,762443,0.0,False,65.58366394042969,1.2268521785736084,0.0,65.58366394042969,1263.2349853515625,0.0,0.0,0.0,0.23553219437599182,True,nan,False,2.345300117667648e-06,0.01
gpomdp_reward_only,706,361,763203,0.0,False,58.844993591308594,1.2784503698349,0.0,58.844993591308594,1361.8814697265625,0.0,0.0,0.0,-0.3649624288082123,True,nan,False,1.7095494513341691e-06,0.01
gpomdp_reward_only,706,362,764080,0.0,False,74.74021911621094,1.2479177713394165,0.0,74.74021911621094,1643.85498046875,0.0,0.0,0.0,-0.48695796728134155,True,nan,False,1.559348447699449e-06,0.01
gpomdp_reward_only,706,363,764826,0.0,False,91.22502136230469,1.254592776298523,0.0,91.22502136230469,1259.32080078125,0.0,0.0,0.0,-0.6762729287147522,True,nan,False,2.939581236205413e-06,0.01
gpomdp_reward_only,706,364,765619,0.0,False,95.65019226074219,1.2363718748092651,0.0,95.65019226074219,1373.6082763671875,0.0,0.0,0.0,-0.09262719005346298,True,nan,False,2.5167205421894323e-06,0.01
gpomdp_reward_only,706,365,766321,0.0,False,114.8244857788086,1.2586743831634521,0.0,114.8244857788086,1621.573974609375,0.0,0.0,0.0,-0.07739491760730743,True,nan,False,3.1681795462645823e-06,0.01
gpomdp_reward_only,706,366,767064,0.0,False,55.18815994262695,1.2371702194213867,0.0,55.18815994262695,1394.52001953125,0.0,0.0,0.0,-0.4277467131614685,True,nan,False,4.0691293179406784e-06,0.01
gpomdp_reward_only,706,367,767811,0.0,False,128.2362823486328,1.2313740253448486,0.0,128.2362823486328,1947.585693359375,0.0,0.0,0.0,-0.38510242104530334,True,nan,False,9.265810149372555e-06,0.01
gpomdp_reward_only,706,368,768559,0.0,False,90.07749938964844,1.2635916471481323,0.0,90.07749938964844,1156.090087890625,0.0,0.0,0.0,-0.5049788355827332,True,nan,False,5.7136485338560306e-06,0.01
gpomdp_reward_only,706,369,769342,0.0,False,85.45610046386719,1.222970724105835,0.0,85.45610046386719,1401.0655517578125,0.0,0.0,0.0,-0.6133313179016113,True,nan,False,8.671782779856585e-06,0.01
gpomdp_reward_only,706,370,770079,0.0,False,92.3233871459961,1.2593064308166504,0.0,92.3233871459961,1324.180419921875,0.0,0.0,0.0,0.32422971725463867,True,nan,False,3.6967605865356745e-06,0.01
gpomdp_reward_only,706,371,770786,0.0,False,91.281005859375,1.2526623010635376,0.0,91.281005859375,1103.97119140625,0.0,0.0,0.0,-0.05539600923657417,True,nan,False,2.9866739623685135e-06,0.01
gpomdp_reward_only,706,372,771464,0.0,False,146.010009765625,1.2978432178497314,0.0,146.010009765625,1703.8773193359375,0.0,0.0,0.0,-0.42275190353393555,True,nan,False,7.152933903853409e-06,0.01
gpomdp_reward_only,706,373,772285,0.0,False,109.64566802978516,1.2536710500717163,0.0,109.64566802978516,1498.841064453125,0.0,0.0,0.0,-0.5008115172386169,True,nan,False,7.643962817382999e-06,0.01
gpomdp_reward_only,706,374,773011,0.0,False,67.98580932617188,1.264592170715332,0.0,67.98580932617188,1546.859619140625,0.0,0.0,0.0,0.027444640174508095,True,nan,False,5.990393674437655e-06,0.01
gpomdp_reward_only,706,375,773772,0.0,False,58.75206756591797,1.2865931987762451,0.0,58.75206756591797,1419.452392578125,0.0,0.0,0.0,0.6082535982131958,True,nan,False,5.386641987570329e-06,0.01
gpomdp_reward_only,706,376,774482,0.0,False,235.2967071533203,1.3478453159332275,0.0,235.2967071533203,2172.23828125,0.0,0.0,0.0,-0.20352737605571747,True,nan,False,9.116313776758034e-06,0.01
gpomdp_reward_only,706,377,775347,0.0,False,101.04222869873047,1.2441041469573975,0.0,101.04222869873047,1518.1480712890625,0.0,0.0,0.0,0.010956875048577785,True,nan,False,8.848784091242123e-06,0.01
gpomdp_reward_only,706,378,776064,0.0,False,83.30890655517578,1.2918959856033325,0.0,83.30890655517578,1448.7469482421875,0.0,0.0,0.0,0.2481185346841812,True,nan,False,8.116071512631606e-06,0.01
gpomdp_reward_only,706,379,776888,0.0,False,169.55374145507812,1.2625666856765747,0.0,169.55374145507812,1479.453857421875,0.0,0.0,0.0,-0.8713933825492859,True,nan,False,6.8298995756777e-06,0.01
gpomdp_reward_only,706,380,777690,0.0,False,86.21920776367188,1.3404649496078491,0.0,86.21920776367188,1826.477783203125,0.0,0.0,0.0,0.6728430986404419,True,nan,False,4.536572305369191e-06,0.01
gpomdp_reward_only,706,381,778512,0.0,False,248.01129150390625,1.4201866388320923,0.0,248.01129150390625,2749.877685546875,0.0,0.0,0.0,-0.7400373220443726,True,nan,False,5.180199423193699e-06,0.01
gpomdp_reward_only,706,382,779665,0.0,False,140.9810791015625,1.2770987749099731,0.0,140.9810791015625,977.36181640625,0.0,0.0,0.0,0.06828311085700989,True,nan,False,9.503160981694236e-06,0.01
gpomdp_reward_only,706,383,780344,0.0,False,127.8242416381836,1.2720236778259277,0.0,127.8242416381836,1369.4849853515625,0.0,0.0,0.0,-0.25052350759506226,True,nan,False,5.080786195321707e-06,0.01
gpomdp_reward_only,706,384,781083,0.0,False,122.79759216308594,1.3142236471176147,0.0,122.79759216308594,1680.8765869140625,0.0,0.0,0.0,0.10778491199016571,True,nan,False,4.021484528493602e-06,0.01
gpomdp_reward_only,706,385,781901,0.0,False,59.8723258972168,1.2922264337539673,0.0,59.8723258972168,1805.036376953125,0.0,0.0,0.0,-0.45227912068367004,True,nan,False,3.880948497680947e-06,0.01
gpomdp_reward_only,706,386,782619,0.0,False,80.2116928100586,1.305670976638794,0.0,80.2116928100586,1584.79931640625,0.0,0.0,0.0,0.24260079860687256,True,nan,False,3.057868070754921e-06,0.01
gpomdp_reward_only,706,387,783337,0.0,False,105.57637786865234,1.3110390901565552,0.0,105.57637786865234,1554.962158203125,0.0,0.0,0.0,-0.42151424288749695,True,nan,False,4.6769841901550535e-06,0.01
gpomdp_reward_only,706,388,784214,0.0,False,99.91449737548828,1.2578051090240479,0.0,99.91449737548828,1498.0089111328125,0.0,0.0,0.0,-0.37015512585639954,True,nan,False,3.1088329706108198e-06,0.01
gpomdp_reward_only,706,389,784908,0.0,False,191.0599822998047,1.2869583368301392,0.0,191.0599822998047,1721.6636962890625,0.0,0.0,0.0,0.014770880341529846,True,nan,False,7.989582627487835e-06,0.01
gpomdp_reward_only,706,390,785632,0.0,False,72.5538558959961,1.2690837383270264,0.0,72.5538558959961,1079.8463134765625,0.0,0.0,0.0,-0.19910533726215363,True,nan,False,4.045522928208811e-06,0.01
gpomdp_reward_only,706,391,786354,0.0,False,110.44711303710938,1.3033043146133423,0.0,110.44711303710938,1609.2275390625,0.0,0.0,0.0,-0.14193841814994812,True,nan,False,2.000302856686176e-06,0.01
gpomdp_reward_only,706,392,787156,0.0,False,80.7697982788086,1.367598295211792,0.0,80.7697982788086,1891.555908203125,0.0,0.0,0.0,0.0564393512904644,True,nan,False,1.9423373487370554e-06,0.01
gpomdp_reward_only,706,393,787997,0.0,False,84.10549926757812,1.3464726209640503,0.0,84.10549926757812,1781.2645263671875,0.0,0.0,0.0,-0.4632736146450043,True,nan,False,1.8579239622340538e-06,0.01
gpomdp_reward_only,706,394,788827,0.0,False,54.53746032714844,1.3655064105987549,0.0,54.53746032714844,1153.9971923828125,0.0,0.0,0.0,0.381061851978302,True,nan,False,1.057388885783439e-06,0.01
gpomdp_reward_only,706,395,789580,0.0,False,100.59039306640625,1.335153341293335,0.0,100.59039306640625,1598.12060546875,0.0,0.0,0.0,-0.5145013332366943,True,nan,False,1.619491627025127e-06,0.01
gpomdp_reward_only,706,396,790420,0.0,False,99.88829040527344,1.3112539052963257,0.0,99.88829040527344,1197.509765625,0.0,0.0,0.0,-0.06097431480884552,True,nan,False,1.7113150079239858e-06,0.01
gpomdp_reward_only,706,397,791135,0.0,False,123.3538589477539,1.321427822113037,0.0,123.3538589477539,1481.7872314453125,0.0,0.0,0.0,0.2912128269672394,True,nan,False,2.8193089747219346e-06,0.01
gpomdp_reward_only,706,398,791933,0.0,False,59.06871795654297,1.2984683513641357,0.0,59.06871795654297,1363.3968505859375,0.0,0.0,0.0,0.34437453746795654,True,nan,False,3.463354460109258e-06,0.01
gpomdp_reward_only,706,399,792669,0.0,False,117.06636810302734,1.306280255317688,0.0,117.06636810302734,1365.7493896484375,0.0,0.0,0.0,-0.20032665133476257,True,nan,False,3.902522621501703e-06,0.01
gpomdp_reward_only,706,400,793412,0.0,False,216.48641967773438,1.3885648250579834,0.0,216.48641967773438,2485.26416015625,0.0,0.0,0.0,-0.7321869134902954,True,nan,False,9.75394868873991e-06,0.01
gpomdp_reward_only,706,401,794334,0.0,False,94.5594711303711,1.3008683919906616,0.0,94.5594711303711,1363.8782958984375,0.0,0.0,0.0,-0.5887557864189148,True,nan,False,6.718261829519179e-06,0.01
gpomdp_reward_only,706,402,795070,0.0,False,107.10021209716797,1.3121333122253418,0.0,107.10021209716797,1424.7662353515625,0.0,0.0,0.0,0.24059095978736877,True,nan,False,3.814973752014339e-06,0.01
gpomdp_reward_only,706,403,795776,0.0,False,221.28114318847656,1.3685106039047241,0.0,221.28114318847656,1784.6783447265625,0.0,0.0,0.0,0.12864597141742706,True,nan,False,1.7931741240317933e-05,0.01
gpomdp_reward_only,706,404,796642,0.0,False,137.97219848632812,1.3575873374938965,0.0,137.97219848632812,1721.1595458984375,0.0,0.0,0.0,0.6188389658927917,True,nan,False,1.744280416460242e-05,0.01
gpomdp_reward_only,706,405,797533,0.0,False,70.88253784179688,1.344007134437561,0.0,70.88253784179688,1435.6549072265625,0.0,0.0,0.0,-0.6718369126319885,True,nan,False,8.86356701812474e-06,0.01
gpomdp_reward_only,706,406,798339,0.0,False,74.73297119140625,1.299828052520752,0.0,74.73297119140625,1539.9166259765625,0.0,0.0,0.0,-0.30382195115089417,True,nan,False,6.655337529082317e-06,0.01
gpomdp_reward_only,706,407,799031,0.0,False,106.0563735961914,1.3204692602157593,0.0,106.0563735961914,1310.2213134765625,0.0,0.0,0.0,-0.3064078092575073,True,nan,False,6.256197593756951e-06,0.01
gpomdp_reward_only,706,408,799777,0.0,False,85.27471923828125,1.3789008855819702,0.0,85.27471923828125,1797.5997314453125,0.0,0.0,0.0,0.27812910079956055,True,nan,False,3.605721985877608e-06,0.01
gpomdp_reward_only,706,409,800572,0.0,False,80.41722869873047,1.357049584388733,0.0,80.41722869873047,1764.3638916015625,0.0,0.0,0.0,-0.6248276829719543,True,nan,False,4.394657025841298e-06,0.01
gpomdp_reward_only,706,410,801363,0.0,False,101.33819580078125,1.3293923139572144,0.0,101.33819580078125,1693.3548583984375,0.0,0.0,0.0,0.49906834959983826,True,nan,False,5.8268392422178295e-06,0.01
gpomdp_reward_only,706,411,802109,0.0,False,109.78214263916016,1.3324029445648193,0.0,109.78214263916016,1667.806640625,0.0,0.0,0.0,0.18634484708309174,True,nan,False,4.648977665056009e-06,0.01
gpomdp_reward_only,706,412,802861,0.0,False,94.46038818359375,1.3820714950561523,0.0,94.46038818359375,1783.869873046875,0.0,0.0,0.0,-0.12669485807418823,True,nan,False,5.9757044255093206e-06,0.01
gpomdp_reward_only,706,413,803746,0.0,False,128.40599060058594,1.3182419538497925,0.0,128.40599060058594,1290.370849609375,0.0,0.0,0.0,-0.06606247276067734,True,nan,False,1.2981981853954494e-05,0.01
gpomdp_reward_only,706,414,804463,0.0,False,115.76341247558594,1.3188769817352295,0.0,115.76341247558594,1322.788818359375,0.0,0.0,0.0,0.6625546216964722,True,nan,False,1.106050876842346e-05,0.01
gpomdp_reward_only,706,415,805189,0.0,False,83.25716400146484,1.3302743434906006,0.0,83.25716400146484,1484.2530517578125,0.0,0.0,0.0,8.995304233394563e-05,True,nan,False,6.572642632818315e-06,0.01
gpomdp_reward_only,706,416,805899,0.0,False,54.650718688964844,1.3025834560394287,0.0,54.650718688964844,1188.5888671875,0.0,0.0,0.0,-0.44966399669647217,True,nan,False,6.394970569090219e-06,0.01
gpomdp_reward_only,706,417,806638,0.0,False,31.976320266723633,1.3339786529541016,0.0,31.976320266723633,1225.5716552734375,0.0,0.0,0.0,-0.1595432013273239,True,nan,False,4.523114967014408e-06,0.01
gpomdp_reward_only,706,418,807342,0.0,False,245.28671264648438,1.4092711210250854,0.0,245.28671264648438,2262.467529296875,0.0,0.0,0.0,0.19204431772232056,True,nan,False,2.8482502330007264e-06,0.01
gpomdp_reward_only,706,419,808263,0.0,False,140.83773803710938,1.3538844585418701,0.0,140.83773803710938,2061.673095703125,0.0,0.0,0.0,-0.5885981917381287,True,nan,False,3.4904498988908017e-06,0.01
gpomdp_reward_only,706,420,809087,0.0,False,70.77375030517578,1.327929973602295,0.0,70.77375030517578,1427.6241455078125,0.0,0.0,0.0,0.09619060158729553,True,nan,False,5.127619260747451e-06,0.01
gpomdp_reward_only,706,421,809794,0.0,False,150.04640197753906,1.3571655750274658,0.0,150.04640197753906,1798.9765625,0.0,0.0,0.0,-0.22053834795951843,True,nan,False,4.035585334349889e-06,0.01
gpomdp_reward_only,706,422,810597,0.0,False,52.95078659057617,1.3542907238006592,0.0,52.95078659057617,1550.333740234375,0.0,0.0,0.0,-0.27832871675491333,True,nan,False,3.0163923838699702e-06,0.01
gpomdp_reward_only,706,423,811384,0.0,False,97.18802642822266,1.337356448173523,0.0,97.18802642822266,1724.1866455078125,0.0,0.0,0.0,0.04165084287524223,True,nan,False,3.0743615297978977e-06,0.01
gpomdp_reward_only,706,424,812191,0.0,False,62.81754684448242,1.3176599740982056,0.0,62.81754684448242,1110.0123291015625,0.0,0.0,0.0,-0.6645417213439941,True,nan,False,2.558241703809472e-06,0.01
gpomdp_reward_only,706,425,812910,0.0,False,70.88565826416016,1.3430691957473755,0.0,70.88565826416016,1308.9913330078125,0.0,0.0,0.0,-0.3297145366668701,True,nan,False,2.653790261319955e-06,0.01
gpomdp_reward_only,706,426,813643,0.0,False,111.98947143554688,1.3263599872589111,0.0,111.98947143554688,1401.653564453125,0.0,0.0,0.0,0.5062033534049988,True,nan,False,3.649447307907394e-06,0.01
gpomdp_reward_only,706,427,814355,0.0,False,90.91407775878906,1.3577691316604614,0.0,90.91407775878906,1288.3272705078125,0.0,0.0,0.0,-0.21331341564655304,True,nan,False,4.065929715579841e-06,0.01
gpomdp_reward_only,706,428,815115,0.0,False,69.72274017333984,1.3171260356903076,0.0,69.72274017333984,1150.4417724609375,0.0,0.0,0.0,0.22452238202095032,True,nan,False,3.3280921343248338e-06,0.01
gpomdp_reward_only,706,429,815738,0.0,False,81.68816375732422,1.3475233316421509,0.0,81.68816375732422,1683.2779541015625,0.0,0.0,0.0,0.010841330513358116,True,nan,False,5.127340955368709e-06,0.01
gpomdp_reward_only,706,430,816469,0.0,False,65.2619400024414,1.339290976524353,0.0,65.2619400024414,1153.5067138671875,0.0,0.0,0.0,0.05765951797366142,True,nan,False,5.029398835176835e-06,0.01
gpomdp_reward_only,706,431,817139,0.0,False,132.8957977294922,1.410912036895752,0.0,132.8957977294922,2147.83056640625,0.0,0.0,0.0,-0.06050218269228935,True,nan,False,4.578519565257011e-06,0.01
gpomdp_reward_only,706,432,818134,0.0,False,119.51508331298828,1.3266395330429077,0.0,119.51508331298828,1454.94775390625,0.0,0.0,0.0,0.167995423078537,True,nan,False,1.272092958970461e-05,0.01
gpomdp_reward_only,706,433,818848,0.0,False,79.88338470458984,1.3627201318740845,0.0,79.88338470458984,1432.52490234375,0.0,0.0,0.0,0.18301299214363098,True,nan,False,1.5401614291477017e-05,0.01
gpomdp_reward_only,706,434,819607,0.0,False,98.35987091064453,1.3582837581634521,0.0,98.35987091064453,1492.3968505859375,0.0,0.0,0.0,0.6856592893600464,True,nan,False,1.382809568895027e-05,0.01
gpomdp_reward_only,706,435,820329,0.0,False,130.59039306640625,1.3328983783721924,0.0,130.59039306640625,1277.4715576171875,0.0,0.0,0.0,-0.026627419516444206,True,nan,False,3.970347734139068e-06,0.01
gpomdp_reward_only,706,436,821117,0.0,False,177.97186279296875,1.329390287399292,0.0,177.97186279296875,1874.5457763671875,0.0,0.0,0.0,-0.5373520851135254,True,nan,False,1.1467811418697238e-05,0.01
gpomdp_reward_only,706,437,821877,0.0,False,90.48098754882812,1.3206208944320679,0.0,90.48098754882812,1577.9918212890625,0.0,0.0,0.0,-0.5463014841079712,True,nan,False,7.681594070163555e-06,0.01
gpomdp_reward_only,706,438,822608,0.0,False,146.03359985351562,1.4339802265167236,0.0,146.03359985351562,2392.051513671875,0.0,0.0,0.0,0.03361469879746437,True,nan,False,2.544966037021368e-06,0.01
gpomdp_reward_only,706,439,823653,0.0,False,106.42284393310547,1.336165189743042,0.0,106.42284393310547,1225.6925048828125,0.0,0.0,0.0,0.002497600158676505,True,nan,False,5.1267293201817665e-06,0.01
gpomdp_reward_only,706,440,824353,0.0,False,89.15347290039062,1.3754303455352783,0.0,89.15347290039062,1776.2301025390625,0.0,0.0,0.0,-0.533551812171936,True,nan,False,4.211716714053182e-06,0.01
gpomdp_reward_only,706,441,825152,0.0,False,108.68460845947266,1.3468559980392456,0.0,108.68460845947266,1100.8193359375,0.0,0.0,0.0,-0.5711307525634766,True,nan,False,1.031531883199932e-05,0.01
gpomdp_reward_only,706,442,825905,0.0,False,141.22262573242188,1.3853012323379517,0.0,141.22262573242188,1895.258056640625,0.0,0.0,0.0,-0.05915882810950279,True,nan,False,2.1134723283466883e-05,0.01
gpomdp_reward_only,706,443,826732,0.0,False,63.505558013916016,1.3238471746444702,0.0,63.505558013916016,1034.98583984375,0.0,0.0,0.0,-0.04339175298810005,True,nan,False,2.349578971916344e-05,0.01
gpomdp_reward_only,706,444,827416,0.0,False,74.6842041015625,1.3628286123275757,0.0,74.6842041015625,1281.7838134765625,0.0,0.0,0.0,-0.522092342376709,True,nan,False,1.4346935131470673e-05,0.01
gpomdp_reward_only,706,445,828148,0.0,False,120.61189270019531,1.3684048652648926,0.0,120.61189270019531,1367.413330078125,0.0,0.0,0.0,-0.04303278028964996,True,nan,False,1.803292616386898e-05,0.01
gpomdp_reward_only,706,446,828980,0.0,False,82.27043151855469,1.344834804534912,0.0,82.27043151855469,1802.50732421875,0.0,0.0,0.0,0.14252081513404846,True,nan,False,1.4057337466510944e-05,0.01
gpomdp_reward_only,706,447,829756,0.0,False,107.45010375976562,1.3282575607299805,0.0,107.45010375976562,1200.2967529296875,0.0,0.0,0.0,-0.7795290350914001,True,nan,False,1.9346040062373504e-05,0.01
gpomdp_reward_only,706,448,830500,0.0,False,125.74419403076172,1.403198480606079,0.0,125.74419403076172,1721.69140625,0.0,0.0,0.0,-0.3714736998081207,True,nan,False,6.48914056000649e-06,0.01
gpomdp_reward_only,706,449,831345,0.0,False,146.86866760253906,1.3874971866607666,0.0,146.86866760253906,1541.4132080078125,0.0,0.0,0.0,-0.6597024202346802,True,nan,False,1.0823669072124176e-05,0.01
gpomdp_reward_only,706,450,832139,0.0,False,129.5796356201172,1.4077273607254028,0.0,129.5796356201172,1188.2646484375,0.0,0.0,0.0,0.45352256298065186,True,nan,False,1.1177276064699981e-05,0.01
gpomdp_reward_only,706,451,832892,0.0,False,124.8676528930664,1.3662281036376953,0.0,124.8676528930664,1496.0345458984375,0.0,0.0,0.0,-0.13297609984874725,True,nan,False,7.520385679526953e-06,0.01
gpomdp_reward_only,706,452,833632,0.0,False,155.10549926757812,1.3190042972564697,0.0,155.10549926757812,1640.564208984375,0.0,0.0,0.0,-0.5266605019569397,True,nan,False,5.115676685818471e-06,0.01
gpomdp_reward_only,706,453,834389,0.0,False,103.16604614257812,1.3550533056259155,0.0,103.16604614257812,1188.872314453125,0.0,0.0,0.0,0.3180716335773468,True,nan,False,4.005356913694413e-06,0.01
gpomdp_reward_only,706,454,835050,0.0,False,69.48573303222656,1.3834853172302246,0.0,69.48573303222656,1563.207275390625,0.0,0.0,0.0,-0.5316181182861328,True,nan,False,4.1422581489314325e-06,0.01
gpomdp_reward_only,706,455,835791,0.0,False,145.4367218017578,1.3898934125900269,0.0,145.4367218017578,1308.4149169921875,0.0,0.0,0.0,-0.5111515522003174,True,nan,False,3.836461473838426e-06,0.01
gpomdp_reward_only,706,456,836600,0.0,False,91.33512878417969,1.3939645290374756,0.0,91.33512878417969,1191.780517578125,0.0,0.0,0.0,-0.30107706785202026,True,nan,False,5.3317053243517876e-06,0.01
gpomdp_reward_only,706,457,837351,0.0,False,95.76374053955078,1.4095816612243652,0.0,95.76374053955078,1670.3465576171875,0.0,0.0,0.0,-0.000313019409077242,True,nan,False,6.827848665125202e-06,0.01
gpomdp_reward_only,706,458,838112,0.0,False,114.86597442626953,1.388743281364441,0.0,114.86597442626953,1484.205078125,0.0,0.0,0.0,0.6694060564041138,True,nan,False,4.327253463998204e-06,0.01
gpomdp_reward_only,706,459,838919,0.0,False,52.95224380493164,1.392806053161621,0.0,52.95224380493164,1339.723388671875,0.0,0.0,0.0,-0.260964035987854,True,nan,False,5.062985110271256e-06,0.01
gpomdp_reward_only,706,460,839608,0.0,False,124.41431427001953,1.4180340766906738,0.0,124.41431427001953,1715.642333984375,0.0,0.0,0.0,-0.058056801557540894,True,nan,False,1.217933004227234e-05,0.01
gpomdp_reward_only,706,461,840369,0.0,False,244.44102478027344,1.48056161403656,0.0,244.44102478027344,2897.9521484375,0.0,0.0,0.0,0.11148436367511749,True,nan,False,1.6502013750141487e-05,0.01
gpomdp_reward_only,706,462,841455,0.0,False,137.55699157714844,1.4071646928787231,0.0,137.55699157714844,1699.900390625,0.0,0.0,0.0,0.0414520762860775,True,nan,False,1.3398879673331976e-05,0.01
gpomdp_reward_only,706,463,842305,0.0,False,74.74365997314453,1.3524128198623657,0.0,74.74365997314453,1096.6387939453125,0.0,0.0,0.0,0.40980514883995056,True,nan,False,1.4061723049962893e-05,0.01
gpomdp_reward_only,706,464,842967,0.0,False,121.34231567382812,1.3785204887390137,0.0,121.34231567382812,1412.150634765625,0.0,0.0,0.0,-0.44499993324279785,True,nan,False,1.8318818547413684e-05,0.01
gpomdp_reward_only,706,465,843694,0.0,False,68.47518157958984,1.3766738176345825,0.0,68.47518157958984,1274.5943603515625,0.0,0.0,0.0,-0.2578532099723816,True,nan,False,1.9053662981605157e-05,0.01
gpomdp_reward_only,706,466,844391,0.0,False,159.00888061523438,1.3816934823989868,0.0,159.00888061523438,1233.9488525390625,0.0,0.0,0.0,0.2800140678882599,True,nan,False,3.2447755074827e-05,0.01
gpomdp_reward_only,706,467,845178,0.0,False,129.960693359375,1.3928406238555908,0.0,129.960693359375,1562.0498046875,0.0,0.0,0.0,-0.07688377797603607,True,nan,False,3.941478644264862e-05,0.01
gpomdp_reward_only,706,468,845994,0.0,False,69.00728607177734,1.3667926788330078,0.0,69.00728607177734,1431.3431396484375,0.0,0.0,0.0,-0.5947204232215881,True,nan,False,3.948195080738515e-05,0.01
gpomdp_reward_only,706,469,846746,0.0,False,101.62378692626953,1.4612737894058228,0.0,101.62378692626953,1425.678466796875,0.0,0.0,0.0,0.10463237017393112,True,nan,False,1.775004420778714e-05,0.01
gpomdp_reward_only,706,470,847641,0.0,False,137.61305236816406,1.4324681758880615,0.0,137.61305236816406,1350.8045654296875,0.0,0.0,0.0,0.46745064854621887,True,nan,False,1.977208739845082e-05,0.01
gpomdp_reward_only,706,471,848449,0.0,False,151.72158813476562,1.432875156402588,0.0,151.72158813476562,1795.807373046875,0.0,0.0,0.0,-0.5692723393440247,True,nan,False,2.191588282585144e-05,0.01
gpomdp_reward_only,706,472,849373,0.0,False,63.796836853027344,1.351003885269165,0.0,63.796836853027344,1176.4677734375,0.0,0.0,0.0,-0.3448825180530548,True,nan,False,1.855923437688034e-05,0.01
gpomdp_reward_only,706,473,850074,0.0,False,107.37654113769531,1.3990108966827393,0.0,107.37654113769531,1858.452880859375,0.0,0.0,0.0,-0.3796696364879608,True,nan,False,2.1674908566637896e-05,0.01
gpomdp_reward_only,706,474,850835,0.0,False,94.70918273925781,1.3956297636032104,0.0,94.70918273925781,1296.2073974609375,0.0,0.0,0.0,0.22297628223896027,True,nan,False,2.024149762291927e-05,0.01
gpomdp_reward_only,706,475,851596,0.0,False,62.125274658203125,1.4084186553955078,0.0,62.125274658203125,1327.1658935546875,0.0,0.0,0.0,0.19167090952396393,True,nan,False,1.465738478145795e-05,0.01
gpomdp_reward_only,706,476,852308,0.0,False,64.77830505371094,1.4033573865890503,0.0,64.77830505371094,1478.99462890625,0.0,0.0,0.0,0.2897762060165405,True,nan,False,1.2228557352500502e-05,0.01
gpomdp_reward_only,706,477,853125,0.0,False,94.88809204101562,1.3947336673736572,0.0,94.88809204101562,1355.17919921875,0.0,0.0,0.0,-0.20078149437904358,True,nan,False,5.56115173822036e-06,0.01
gpomdp_reward_only,706,478,853842,0.0,False,177.51486206054688,1.6500698328018188,0.0,177.51486206054688,3408.869873046875,0.0,0.0,0.0,-0.37099337577819824,True,nan,False,1.3116360605636146e-05,0.01
gpomdp_reward_only,706,479,855033,0.0,False,42.91038513183594,1.3852427005767822,0.0,42.91038513183594,1268.6944580078125,0.0,0.0,0.0,0.37868019938468933,True,nan,False,7.763427674944978e-06,0.01
gpomdp_reward_only,706,480,855742,0.0,False,95.40324401855469,1.3556052446365356,0.0,95.40324401855469,1486.816650390625,0.0,0.0,0.0,-0.31744134426116943,True,nan,False,1.2217430594319012e-05,0.01
gpomdp_reward_only,706,481,856461,0.0,False,94.0357666015625,1.3827290534973145,0.0,94.0357666015625,1451.2105712890625,0.0,0.0,0.0,0.37773075699806213,True,nan,False,6.1470582295442e-06,0.01
gpomdp_reward_only,706,482,857267,0.0,False,167.4412384033203,1.3958762884140015,0.0,167.4412384033203,1180.5008544921875,0.0,0.0,0.0,-0.2481328248977661,True,nan,False,5.402168881118996e-06,0.01
gpomdp_reward_only,706,483,858017,0.0,False,68.16362762451172,1.4221361875534058,0.0,68.16362762451172,1689.1458740234375,0.0,0.0,0.0,0.10530663281679153,True,nan,False,3.825216481345706e-06,0.01
gpomdp_reward_only,706,484,858813,0.0,False,60.252342224121094,1.3844590187072754,0.0,60.252342224121094,1318.4234619140625,0.0,0.0,0.0,0.7387332320213318,True,nan,False,3.177869302817271e-06,0.01
gpomdp_reward_only,706,485,859572,0.0,False,87.71327209472656,1.4301221370697021,0.0,87.71327209472656,1452.5,0.0,0.0,0.0,-0.03599543496966362,True,nan,False,4.142173111176817e-06,0.01
gpomdp_reward_only,706,486,860319,0.0,False,135.06556701660156,1.3991626501083374,0.0,135.06556701660156,1567.261474609375,0.0,0.0,0.0,-0.05679690092802048,True,nan,False,1.3425456018012483e-05,0.01
gpomdp_reward_only,706,487,861164,0.0,False,68.7167739868164,1.3846909999847412,0.0,68.7167739868164,1297.824462890625,0.0,0.0,0.0,-0.7678245902061462,True,nan,False,6.502353699033847e-06,0.01
gpomdp_reward_only,706,488,861853,0.0,False,120.673828125,1.3957539796829224,0.0,120.673828125,1754.717529296875,0.0,0.0,0.0,0.06398440897464752,True,nan,False,1.4659141925221775e-05,0.01
gpomdp_reward_only,706,489,862661,0.0,False,75.5250015258789,1.4315985441207886,0.0,75.5250015258789,1193.2750244140625,0.0,0.0,0.0,-0.3475068211555481,True,nan,False,1.2031885489705019e-05,0.01
gpomdp_reward_only,706,490,863427,0.0,False,134.5732421875,1.475896954536438,0.0,134.5732421875,2267.224365234375,0.0,0.0,0.0,-0.2888050079345703,True,nan,False,2.4517956262570806e-05,0.01
gpomdp_reward_only,706,491,864301,0.0,False,59.22876739501953,1.4133822917938232,0.0,59.22876739501953,1459.06591796875,0.0,0.0,0.0,-0.2780977189540863,True,nan,False,7.454706519638421e-06,0.01
gpomdp_reward_only,706,492,865052,0.0,False,87.75130462646484,1.3970118761062622,0.0,87.75130462646484,1178.311767578125,0.0,0.0,0.0,-0.0531914085149765,True,nan,False,3.2560501495026983e-06,0.01
gpomdp_reward_only,706,493,865776,0.0,False,92.3390884399414,1.388920545578003,0.0,92.3390884399414,1227.673095703125,0.0,0.0,0.0,-0.5151829719543457,True,nan,False,3.7761474231956527e-06,0.01
gpomdp_reward_only,706,494,866469,0.0,False,93.12486267089844,1.4103803634643555,0.0,93.12486267089844,989.2847290039062,0.0,0.0,0.0,0.039238426834344864,True,nan,False,2.8785443646484055e-06,0.01
gpomdp_reward_only,706,495,867173,0.0,False,90.75050354003906,1.3884739875793457,0.0,90.75050354003906,1098.1602783203125,0.0,0.0,0.0,0.042529650032520294,True,nan,False,3.2194113828154514e-06,0.01
gpomdp_reward_only,706,496,867920,0.0,False,54.94872283935547,1.4373456239700317,0.0,54.94872283935547,1192.1998291015625,0.0,0.0,0.0,0.321929007768631,True,nan,False,2.9328521122806706e-06,0.01
gpomdp_reward_only,706,497,868770,0.0,False,109.5656509399414,1.3744659423828125,0.0,109.5656509399414,1568.444580078125,0.0,0.0,0.0,-0.10759061574935913,True,nan,False,9.669919563748408e-06,0.01
gpomdp_reward_only,706,498,869525,0.0,False,79.71367645263672,1.3899824619293213,0.0,79.71367645263672,1680.1951904296875,0.0,0.0,0.0,0.40666788816452026,True,nan,False,7.5265397754264995e-06,0.01
gpomdp_reward_only,706,499,870307,0.0,False,68.39546203613281,1.3833407163619995,0.0,68.39546203613281,1361.160400390625,0.0,0.0,0.0,0.274130254983902,True,nan,False,6.140682216937421e-06,0.01
gpomdp_reward_only,706,500,871062,0.0,False,166.2328643798828,1.3773610591888428,0.0,166.2328643798828,1456.2529296875,0.0,0.0,0.0,0.07193759083747864,True,nan,False,1.2999958016735036e-05,0.01
gpomdp_reward_only,706,501,871784,0.0,False,116.78594207763672,1.4220200777053833,0.0,116.78594207763672,1662.628173828125,0.0,0.0,0.0,-0.21103151142597198,True,nan,False,2.2157764760777354e-05,0.01
gpomdp_reward_only,706,502,872599,0.0,False,102.8809814453125,1.3786957263946533,0.0,102.8809814453125,1388.874755859375,0.0,0.0,0.0,0.11026065796613693,True,nan,False,2.582459637778811e-05,0.01
gpomdp_reward_only,706,503,873322,0.0,False,117.11893463134766,1.417779803276062,0.0,117.11893463134766,1342.6094970703125,0.0,0.0,0.0,0.010191063396632671,True,nan,False,1.6592770407442003e-05,0.01
gpomdp_reward_only,706,504,874064,0.0,False,124.0765380859375,1.363466501235962,0.0,124.0765380859375,1389.114990234375,0.0,0.0,0.0,0.12516319751739502,True,nan,False,3.6737586924573407e-05,0.01
gpomdp_reward_only,706,505,874800,0.0,False,90.39077758789062,1.3666188716888428,0.0,90.39077758789062,1344.434326171875,0.0,0.0,0.0,-0.04182225465774536,True,nan,False,4.399265890242532e-05,0.01
gpomdp_reward_only,706,506,875497,0.0,False,142.87318420410156,1.420538067817688,0.0,142.87318420410156,1389.532470703125,0.0,0.0,0.0,-0.08439105749130249,True,nan,False,2.172223867091816e-05,0.01
gpomdp_reward_only,706,507,876275,0.0,False,78.48908233642578,1.4180763959884644,0.0,78.48908233642578,1198.442626953125,0.0,0.0,0.0,-0.6057432293891907,True,nan,False,1.9823228285531513e-05,0.01
gpomdp_reward_only,706,508,877012,0.0,False,106.32171630859375,1.3996483087539673,0.0,106.32171630859375,1110.783447265625,0.0,0.0,0.0,-0.5979248285293579,True,nan,False,1.1229547453694977e-05,0.01
gpomdp_reward_only,706,509,877762,0.0,False,102.99214172363281,1.416462779045105,0.0,102.99214172363281,1523.7322998046875,0.0,0.0,0.0,0.424201637506485,True,nan,False,5.061172942077974e-06,0.01
gpomdp_reward_only,706,510,878468,0.0,False,97.64282989501953,1.3982069492340088,0.0,97.64282989501953,1154.884765625,0.0,0.0,0.0,-0.4754096567630768,True,nan,False,3.3862036161735887e-06,0.01
gpomdp_reward_only,706,511,879145,0.0,False,151.39907836914062,1.4154473543167114,0.0,151.39907836914062,1724.3658447265625,0.0,0.0,0.0,0.47369205951690674,True,nan,False,2.6840286864171503e-06,0.01
gpomdp_reward_only,706,512,879924,0.0,False,116.03797149658203,1.420527458190918,0.0,116.03797149658203,1500.540283203125,0.0,0.0,0.0,-0.13222157955169678,True,nan,False,8.178079156095919e-07,0.01
gpomdp_reward_only,706,513,880619,0.0,False,107.55088806152344,1.4260824918746948,0.0,107.55088806152344,1715.6728515625,0.0,0.0,0.0,0.23286958038806915,True,nan,False,1.9626641005743295e-06,0.01
gpomdp_reward_only,706,514,881447,0.0,False,85.8169174194336,1.3988094329833984,0.0,85.8169174194336,1677.7994384765625,0.0,0.0,0.0,0.09873312711715698,True,nan,False,2.995387376358849e-06,0.01
gpomdp_reward_only,706,515,882192,0.0,False,170.63746643066406,1.4386401176452637,0.0,170.63746643066406,2074.085693359375,0.0,0.0,0.0,0.2583235502243042,True,nan,False,1.0104692591994535e-05,0.01
gpomdp_reward_only,706,516,883079,0.0,False,91.40447998046875,1.4239698648452759,0.0,91.40447998046875,1354.676513671875,0.0,0.0,0.0,-0.3228136897087097,True,nan,False,1.1861318853334524e-05,0.01
gpomdp_reward_only,706,517,883820,0.0,False,94.10736846923828,1.407842755317688,0.0,94.10736846923828,1332.106201171875,0.0,0.0,0.0,0.4307814836502075,True,nan,False,1.2871819308202248e-05,0.01
gpomdp_reward_only,706,518,884572,0.0,False,114.19519805908203,1.3825762271881104,0.0,114.19519805908203,1014.4571533203125,0.0,0.0,0.0,-0.35928529500961304,True,nan,False,1.5606430679326877e-05,0.01
gpomdp_reward_only,706,519,885262,0.0,False,67.87285614013672,1.4214942455291748,0.0,67.87285614013672,1088.6849365234375,0.0,0.0,0.0,-0.796173095703125,True,nan,False,9.105525350605603e-06,0.01
gpomdp_reward_only,706,520,885972,0.0,False,98.30335998535156,1.4082813262939453,0.0,98.30335998535156,1039.027587890625,0.0,0.0,0.0,-0.3166593015193939,True,nan,False,6.614074663957581e-06,0.01
gpomdp_reward_only,706,521,886666,0.0,False,101.2697982788086,1.4079238176345825,0.0,101.2697982788086,1732.4674072265625,0.0,0.0,0.0,-0.3573547303676605,True,nan,False,4.861099114350509e-06,0.01
gpomdp_reward_only,706,522,887398,0.0,False,69.44377899169922,1.4083712100982666,0.0,69.44377899169922,1384.1304931640625,0.0,0.0,0.0,-0.7303095459938049,True,nan,False,2.7685373424901627e-06,0.01
gpomdp_reward_only,706,523,888091,0.0,False,96.20488739013672,1.4558602571487427,0.0,96.20488739013672,1666.5494384765625,0.0,0.0,0.0,-0.04973213002085686,True,nan,False,3.984081104135839e-06,0.01
gpomdp_reward_only,706,524,888889,0.0,False,64.42742156982422,1.4095181226730347,0.0,64.42742156982422,1557.748291015625,0.0,0.0,0.0,0.20235195755958557,True,nan,False,1.6229829498115578e-06,0.01
gpomdp_reward_only,706,525,889613,0.0,False,164.56495666503906,1.3724764585494995,0.0,164.56495666503906,1241.3038330078125,0.0,0.0,0.0,0.008898412808775902,True,nan,False,5.170849362912122e-06,0.01
gpomdp_reward_only,706,526,890339,0.0,False,89.86830139160156,1.4050984382629395,0.0,89.86830139160156,1110.6890869140625,0.0,0.0,0.0,0.049045052379369736,True,nan,False,8.940794032241683e-06,0.01
gpomdp_reward_only,706,527,891038,0.0,False,176.7646484375,1.4751020669937134,0.0,176.7646484375,1771.983154296875,0.0,0.0,0.0,-0.13947641849517822,True,nan,False,7.109214948286535e-06,0.01
gpomdp_reward_only,706,528,891943,0.0,False,133.2233428955078,1.4413857460021973,0.0,133.2233428955078,1574.64794921875,0.0,0.0,0.0,-0.31421032547950745,True,nan,False,1.4962693057896104e-05,0.01
gpomdp_reward_only,706,529,892752,0.0,False,101.49593353271484,1.4001950025558472,0.0,101.49593353271484,1368.5806884765625,0.0,0.0,0.0,0.15225714445114136,True,nan,False,2.136637704097666e-05,0.01
gpomdp_reward_only,706,530,893400,0.0,False,78.12467193603516,1.4055308103561401,0.0,78.12467193603516,1281.7767333984375,0.0,0.0,0.0,-0.5037007331848145,True,nan,False,1.6815669368952513e-05,0.01
gpomdp_reward_only,706,531,894126,0.0,False,69.40303802490234,1.4160724878311157,0.0,69.40303802490234,1533.321044921875,0.0,0.0,0.0,0.10172144323587418,True,nan,False,1.1863483450724743e-05,0.01
gpomdp_reward_only,706,532,894861,0.0,False,174.26576232910156,1.4734580516815186,0.0,174.26576232910156,2132.618896484375,0.0,0.0,0.0,-0.26910829544067383,True,nan,False,2.000815948122181e-05,0.01
gpomdp_reward_only,706,533,895825,0.0,False,65.63612365722656,1.4264400005340576,0.0,65.63612365722656,1268.52294921875,0.0,0.0,0.0,-0.5566790699958801,True,nan,False,2.236125510535203e-05,0.01
gpomdp_reward_only,706,534,896530,0.0,False,96.28486633300781,1.4400192499160767,0.0,96.28486633300781,1344.922119140625,0.0,0.0,0.0,-0.47718825936317444,True,nan,False,1.221501861436991e-05,0.01
gpomdp_reward_only,706,535,897272,0.0,False,59.06303787231445,1.4660439491271973,0.0,59.06303787231445,1428.0655517578125,0.0,0.0,0.0,-0.7628726363182068,True,nan,False,8.837108907755464e-06,0.01
gpomdp_reward_only,706,536,898123,0.0,False,186.42904663085938,1.4484843015670776,0.0,186.42904663085938,2211.08203125,0.0,0.0,0.0,0.10195604711771011,True,nan,False,2.072197457891889e-05,0.01
gpomdp_reward_only,706,537,899044,0.0,False,133.7298126220703,1.5081803798675537,0.0,133.7298126220703,1614.8289794921875,0.0,0.0,0.0,-0.2516942024230957,True,nan,False,2.833960206771735e-05,0.01
gpomdp_reward_only,706,538,899897,0.0,False,105.70697021484375,1.4445903301239014,0.0,105.70697021484375,1210.9588623046875,0.0,0.0,0.0,-0.4306432902812958,True,nan,False,3.915157503797673e-05,0.01
gpomdp_reward_only,706,539,900601,0.0,False,72.43267059326172,1.42339289188385,0.0,72.43267059326172,1251.1690673828125,0.0,0.0,0.0,-0.5925807952880859,True,nan,False,2.662181759660598e-05,0.01
gpomdp_reward_only,706,540,901343,0.0,False,165.22378540039062,1.460112452507019,0.0,165.22378540039062,1358.8848876953125,0.0,0.0,0.0,-0.11795840412378311,True,nan,False,4.2379859223729e-05,0.01
gpomdp_reward_only,706,541,902098,0.0,False,67.47348022460938,1.4382133483886719,0.0,67.47348022460938,1217.663330078125,0.0,0.0,0.0,0.5479099750518799,True,nan,False,3.5847911931341514e-05,0.01
gpomdp_reward_only,706,542,902822,0.0,False,99.13735961914062,1.4335877895355225,0.0,99.13735961914062,1249.8502197265625,0.0,0.0,0.0,0.10946905612945557,True,nan,False,2.101128120557405e-05,0.01
gpomdp_reward_only,706,543,903478,0.0,False,301.34979248046875,1.4860411882400513,0.0,301.34979248046875,2204.185546875,0.0,0.0,0.0,-0.13615401089191437,True,nan,False,8.328124386025593e-05,0.01
gpomdp_reward_only,706,544,904403,0.0,False,104.31494903564453,1.4302409887313843,0.0,104.31494903564453,1164.769775390625,0.0,0.0,0.0,-0.6481427550315857,True,nan,False,6.125098298070952e-05,0.01
gpomdp_reward_only,706,545,905092,0.0,False,113.51339721679688,1.5178601741790771,0.0,113.51339721679688,1598.9620361328125,0.0,0.0,0.0,-0.07747843861579895,True,nan,False,6.782681884942576e-05,0.01
gpomdp_reward_only,706,546,906008,0.0,False,130.43780517578125,1.4361348152160645,0.0,130.43780517578125,1037.5587158203125,0.0,0.0,0.0,-0.6325039267539978,True,nan,False,2.8211588869453408e-05,0.01
gpomdp_reward_only,706,547,906725,0.0,False,138.11624145507812,1.433388590812683,0.0,138.11624145507812,1076.8739013671875,0.0,0.0,0.0,-0.30116575956344604,True,nan,False,3.143955837003887e-05,0.01
gpomdp_reward_only,706,548,907387,0.0,False,101.73795318603516,1.4425721168518066,0.0,101.73795318603516,834.869140625,0.0,0.0,0.0,-0.15847189724445343,True,nan,False,2.109224078594707e-05,0.01
gpomdp_reward_only,706,549,908059,0.0,False,46.14760971069336,1.4395931959152222,0.0,46.14760971069336,870.9974975585938,0.0,0.0,0.0,0.554751992225647,True,nan,False,1.8499960788176395e-05,0.01
gpomdp_reward_only,706,550,908688,0.0,False,72.61576843261719,1.4331117868423462,0.0,72.61576843261719,1149.50439453125,0.0,0.0,0.0,0.14719073474407196,True,nan,False,1.4615539839724079e-05,0.01
gpomdp_reward_only,706,551,909316,0.0,False,88.01142883300781,1.4342628717422485,0.0,88.01142883300781,1375.9566650390625,0.0,0.0,0.0,-0.39828991889953613,True,nan,False,1.3447598576021846e-05,0.01
gpomdp_reward_only,706,552,909982,0.0,False,101.06464385986328,1.490926742553711,0.0,101.06464385986328,1759.280029296875,0.0,0.0,0.0,-0.7678278088569641,True,nan,False,1.2403906112012919e-05,0.01
gpomdp_reward_only,706,553,910783,0.0,False,122.13285827636719,1.4740875959396362,0.0,122.13285827636719,1631.7139892578125,0.0,0.0,0.0,-0.2521223723888397,True,nan,False,3.437557825236581e-05,0.01
gpomdp_reward_only,706,554,911546,0.0,False,137.70233154296875,1.4499915838241577,0.0,137.70233154296875,1803.463134765625,0.0,0.0,0.0,0.13140828907489777,True,nan,False,1.4830687177891377e-05,0.01
gpomdp_reward_only,706,555,912282,0.0,False,169.81231689453125,1.6425219774246216,0.0,169.81231689453125,2764.5615234375,0.0,0.0,0.0,-0.30479520559310913,True,nan,False,6.157592451927485e-06,0.01
gpomdp_reward_only,706,556,913370,0.0,False,101.99642181396484,1.461342215538025,0.0,101.99642181396484,1196.5626220703125,0.0,0.0,0.0,-0.2540544271469116,True,nan,False,2.69969518740254e-06,0.01
gpomdp_reward_only,706,557,914093,0.0,False,84.3465805053711,1.463302731513977,0.0,84.3465805053711,1126.3614501953125,0.0,0.0,0.0,0.05423850566148758,True,nan,False,3.2271427699015476e-06,0.01
gpomdp_reward_only,706,558,914723,0.0,False,122.15901947021484,1.4996261596679688,0.0,122.15901947021484,1715.6168212890625,0.0,0.0,0.0,-0.4060682952404022,True,nan,False,6.119984846009174e-06,0.01
gpomdp_reward_only,706,559,915582,0.0,False,99.11672973632812,1.5001662969589233,0.0,99.11672973632812,1829.5050048828125,0.0,0.0,0.0,0.26105284690856934,True,nan,False,6.914986897754716e-06,0.01
gpomdp_reward_only,706,560,916438,0.0,False,55.51741027832031,1.4618840217590332,0.0,55.51741027832031,1262.6328125,0.0,0.0,0.0,-0.1356598287820816,True,nan,False,5.37247888132697e-06,0.01
gpomdp_reward_only,706,561,917112,0.0,False,93.5339584350586,1.4905003309249878,0.0,93.5339584350586,1040.95361328125,0.0,0.0,0.0,0.2523876428604126,True,nan,False,7.259147423610557e-06,0.01
gpomdp_reward_only,706,562,917815,0.0,False,213.28646850585938,1.4386022090911865,0.0,213.28646850585938,1347.0562744140625,0.0,0.0,0.0,-0.13251066207885742,True,nan,False,2.8453954655560665e-05,0.01
gpomdp_reward_only,706,563,918513,0.0,False,161.6348419189453,1.4962681531906128,0.0,161.6348419189453,1440.4959716796875,0.0,0.0,0.0,-0.010471845977008343,True,nan,False,7.868754437367897e-06,0.01
gpomdp_reward_only,706,564,919299,0.0,False,108.02893829345703,1.5248596668243408,0.0,108.02893829345703,1959.6920166015625,0.0,0.0,0.0,0.2285463958978653,True,nan,False,4.928864655084908e-06,0.01
gpomdp_reward_only,706,565,920161,0.0,False,134.2506866455078,1.4659174680709839,0.0,134.2506866455078,1153.201904296875,0.0,0.0,0.0,-0.4414595365524292,True,nan,False,1.614213761058636e-05,0.01
gpomdp_reward_only,706,566,920814,0.0,False,94.034423828125,1.481466293334961,0.0,94.034423828125,1858.5931396484375,0.0,0.0,0.0,-0.5764129161834717,True,nan,False,1.7398335330653936e-05,0.01
gpomdp_reward_only,706,567,921593,0.0,False,94.68187713623047,1.5214542150497437,0.0,94.68187713623047,1447.344482421875,0.0,0.0,0.0,-0.3269653916358948,True,nan,False,1.3490130186255556e-05,0.01
gpomdp_reward_only,706,568,922362,0.0,False,93.51948547363281,1.5126166343688965,0.0,93.51948547363281,1612.5440673828125,0.0,0.0,0.0,0.08622657507658005,True,nan,False,1.3264564586279448e-05,0.01
gpomdp_reward_only,706,569,923119,0.0,False,132.38641357421875,1.4600753784179688,0.0,132.38641357421875,944.3173828125,0.0,0.0,0.0,0.19557031989097595,True,nan,False,4.583080226439051e-06,0.01
gpomdp_reward_only,706,570,923750,0.0,False,82.7297134399414,1.4713993072509766,0.0,82.7297134399414,878.8441772460938,0.0,0.0,0.0,0.061319079250097275,True,nan,False,8.999030796985608e-06,0.01
gpomdp_reward_only,706,571,924375,0.0,False,111.54558563232422,1.4921326637268066,0.0,111.54558563232422,1232.117431640625,0.0,0.0,0.0,-0.103003591299057,True,nan,False,2.724422301980667e-06,0.01
gpomdp_reward_only,706,572,925037,0.0,False,133.701904296875,1.4823906421661377,0.0,133.701904296875,1001.1834716796875,0.0,0.0,0.0,-0.2790544033050537,True,nan,False,1.148235060099978e-05,0.01
gpomdp_reward_only,706,573,925700,0.0,False,84.37252044677734,1.4743057489395142,0.0,84.37252044677734,939.9811401367188,0.0,0.0,0.0,-0.6143767237663269,True,nan,False,1.7242698959307745e-05,0.01
gpomdp_reward_only,706,574,926387,0.0,False,163.44833374023438,1.5216636657714844,0.0,163.44833374023438,1357.4957275390625,0.0,0.0,0.0,-0.09446241706609726,True,nan,False,1.4568169717676938e-05,0.01
gpomdp_reward_only,706,575,927248,0.0,False,86.7147445678711,1.521632194519043,0.0,86.7147445678711,1438.8944091796875,0.0,0.0,0.0,-0.38789892196655273,True,nan,False,1.4776211173739284e-05,0.01
gpomdp_reward_only,706,576,927986,0.0,False,72.94886016845703,1.5009651184082031,0.0,72.94886016845703,1059.3316650390625,0.0,0.0,0.0,0.19668294489383698,True,nan,False,1.0620582543197088e-05,0.01
gpomdp_reward_only,706,577,928660,0.0,False,105.61270904541016,1.4816263914108276,0.0,105.61270904541016,1509.987548828125,0.0,0.0,0.0,0.21446524560451508,True,nan,False,7.414586889353814e-06,0.01
gpomdp_reward_only,706,578,929399,0.0,False,98.70045471191406,1.4989064931869507,0.0,98.70045471191406,1194.073974609375,0.0,0.0,0.0,-0.6405965685844421,True,nan,False,8.745665581955109e-06,0.01
gpomdp_reward_only,706,579,930174,0.0,False,228.25843811035156,1.5356847047805786,0.0,228.25843811035156,1705.695556640625,0.0,0.0,0.0,0.18128637969493866,True,nan,False,2.666059481271077e-05,0.01
gpomdp_reward_only,706,580,930970,0.0,False,92.5042724609375,1.5154646635055542,0.0,92.5042724609375,1205.9036865234375,0.0,0.0,0.0,-0.18986451625823975,True,nan,False,2.5885845388984308e-05,0.01
gpomdp_reward_only,706,581,931714,0.0,False,117.28233337402344,1.535358190536499,0.0,117.28233337402344,1697.2064208984375,0.0,0.0,0.0,0.0009803911671042442,True,nan,False,1.1130328857689165e-05,0.01
gpomdp_reward_only,706,582,932546,0.0,False,91.65496826171875,1.5044852495193481,0.0,91.65496826171875,951.2286987304688,0.0,0.0,0.0,0.09369905292987823,True,nan,False,1.9933997464249842e-05,0.01
gpomdp_reward_only,706,583,933206,0.0,False,130.23220825195312,1.4876461029052734,0.0,130.23220825195312,1162.757080078125,0.0,0.0,0.0,-0.11276630312204361,True,nan,False,6.856136678834446e-06,0.01
gpomdp_reward_only,706,584,933933,0.0,False,111.10430145263672,1.534680962562561,0.0,111.10430145263672,1533.06396484375,0.0,0.0,0.0,0.31772881746292114,True,nan,False,1.2411055649863556e-06,0.01
gpomdp_reward_only,706,585,934751,0.0,False,75.39811706542969,1.5309412479400635,0.0,75.39811706542969,1330.4935302734375,0.0,0.0,0.0,0.28082311153411865,True,nan,False,2.970281684611109e-06,0.01
gpomdp_reward_only,706,586,935448,0.0,False,40.54268264770508,1.5065772533416748,0.0,40.54268264770508,1211.4908447265625,0.0,0.0,0.0,-0.08969452232122421,True,nan,False,3.594644567783689e-06,0.01
gpomdp_reward_only,706,587,936168,0.0,False,94.07100677490234,1.521592617034912,0.0,94.07100677490234,1273.198486328125,0.0,0.0,0.0,0.4338665008544922,True,nan,False,1.7370570049024536e-06,0.01
gpomdp_reward_only,706,588,936938,0.0,False,164.92393493652344,1.4489316940307617,0.0,164.92393493652344,1339.4669189453125,0.0,0.0,0.0,0.1466173678636551,True,nan,False,4.404122591949999e-06,0.01
gpomdp_reward_only,706,589,937648,0.0,False,48.60518264770508,1.4972437620162964,0.0,48.60518264770508,1205.2315673828125,0.0,0.0,0.0,0.14782720804214478,True,nan,False,3.5658624710777076e-06,0.01
gpomdp_reward_only,706,590,938349,0.0,False,67.80403900146484,1.4846845865249634,0.0,67.80403900146484,1063.25244140625,0.0,0.0,0.0,0.06631205976009369,True,nan,False,5.0323960749665275e-06,0.01
gpomdp_reward_only,706,591,938992,0.0,False,122.408935546875,1.482250690460205,0.0,122.408935546875,881.1314697265625,0.0,0.0,0.0,-0.2908366620540619,True,nan,False,1.1144355084979907e-05,0.01
gpomdp_reward_only,706,592,939661,0.0,False,187.97640991210938,1.6534861326217651,0.0,187.97640991210938,2443.4482421875,0.0,0.0,0.0,-0.25997182726860046,True,nan,False,1.3137709174770862e-05,0.01
gpomdp_reward_only,706,593,940755,0.0,False,99.45414733886719,1.5133532285690308,0.0,99.45414733886719,1189.1168212890625,0.0,0.0,0.0,0.10965769737958908,True,nan,False,6.371122708515031e-06,0.01
gpomdp_reward_only,706,594,941399,0.0,False,61.62199020385742,1.5396066904067993,0.0,61.62199020385742,1530.3216552734375,0.0,0.0,0.0,0.31205806136131287,True,nan,False,3.9680949157627765e-06,0.01
gpomdp_reward_only,706,595,942160,0.0,False,72.22931671142578,1.5002402067184448,0.0,72.22931671142578,898.1658325195312,0.0,0.0,0.0,-0.29557740688323975,True,nan,False,8.625455848232377e-06,0.01
gpomdp_reward_only,706,596,942844,0.0,False,111.53994750976562,1.5176081657409668,0.0,111.53994750976562,1578.955322265625,0.0,0.0,0.0,-0.07249043136835098,True,nan,False,8.46157217893051e-06,0.01
gpomdp_reward_only,706,597,943607,0.0,False,78.571533203125,1.5129095315933228,0.0,78.571533203125,1364.278564453125,0.0,0.0,0.0,-0.561922013759613,True,nan,False,6.494358331110561e-06,0.01
gpomdp_reward_only,706,598,944288,0.0,False,85.94640350341797,1.5326071977615356,0.0,85.94640350341797,1263.059326171875,0.0,0.0,0.0,-0.5355969667434692,True,nan,False,4.664633252104977e-06,0.01
gpomdp_reward_only,706,599,944962,0.0,False,71.78680419921875,1.5100810527801514,0.0,71.78680419921875,911.5638427734375,0.0,0.0,0.0,0.35023289918899536,True,nan,False,3.200397713953862e-06,0.01
gpomdp_reward_only,706,600,945650,0.0,False,112.7909927368164,1.4815161228179932,0.0,112.7909927368164,1307.02392578125,0.0,0.0,0.0,0.08196594566106796,True,nan,False,7.238981197588146e-06,0.01
gpomdp_reward_only,706,601,946335,0.0,False,149.88934326171875,1.5864866971969604,0.0,149.88934326171875,1809.8753662109375,0.0,0.0,0.0,-0.09199575334787369,True,nan,False,1.9104643342870986e-06,0.01
gpomdp_reward_only,706,602,947247,0.0,False,59.83152770996094,1.5162471532821655,0.0,59.83152770996094,1236.219482421875,0.0,0.0,0.0,-0.3463929295539856,True,nan,False,2.2989156605035532e-06,0.01
gpomdp_reward_only,706,603,947975,0.0,False,119.11318969726562,1.5390852689743042,0.0,119.11318969726562,1540.07421875,0.0,0.0,0.0,0.523611843585968,True,nan,False,3.5088569347863086e-06,0.01
gpomdp_reward_only,706,604,948753,0.0,False,66.74884033203125,1.501528263092041,0.0,66.74884033203125,1170.7818603515625,0.0,0.0,0.0,-0.45742082595825195,True,nan,False,2.3980137484613806e-06,0.01
gpomdp_reward_only,706,605,949426,0.0,False,121.4200210571289,1.49746572971344,0.0,121.4200210571289,1435.437255859375,0.0,0.0,0.0,0.11327067762613297,True,nan,False,7.212180207716301e-06,0.01
gpomdp_reward_only,706,606,950196,0.0,False,52.15926742553711,1.5180079936981201,0.0,52.15926742553711,1055.450439453125,0.0,0.0,0.0,0.18425235152244568,True,nan,False,6.269966888794443e-06,0.01
gpomdp_reward_only,706,607,950859,0.0,False,114.9858169555664,1.5272217988967896,0.0,114.9858169555664,1549.23974609375,0.0,0.0,0.0,-0.22260135412216187,True,nan,False,4.522793460637331e-06,0.01
gpomdp_reward_only,706,608,951616,0.0,False,96.69569396972656,1.4981693029403687,0.0,96.69569396972656,966.517822265625,0.0,0.0,0.0,-0.24393944442272186,True,nan,False,1.217757017002441e-06,0.01
gpomdp_reward_only,706,609,952315,0.0,False,140.10223388671875,1.5435354709625244,0.0,140.10223388671875,2091.349365234375,0.0,0.0,0.0,-0.8075334429740906,True,nan,False,1.6934284303715685e-06,0.01
gpomdp_reward_only,706,610,953248,0.0,False,207.57693481445312,1.5077180862426758,0.0,207.57693481445312,1095.2919921875,0.0,0.0,0.0,0.0003764144203159958,True,nan,False,6.675805707345717e-06,0.01
gpomdp_reward_only,706,611,953952,0.0,False,101.61595916748047,1.5100165605545044,0.0,101.61595916748047,1056.119140625,0.0,0.0,0.0,0.17132453620433807,True,nan,False,1.0853183084691409e-05,0.01
gpomdp_reward_only,706,612,954680,0.0,False,153.6482391357422,1.5545507669448853,0.0,153.6482391357422,1887.304443359375,0.0,0.0,0.0,-0.3097303807735443,True,nan,False,8.443686056125443e-06,0.01
gpomdp_reward_only,706,613,955513,0.0,False,62.882179260253906,1.5252273082733154,0.0,62.882179260253906,1648.2620849609375,0.0,0.0,0.0,0.23544196784496307,True,nan,False,7.73386454966385e-06,0.01
gpomdp_reward_only,706,614,956225,0.0,False,90.80049896240234,1.4965434074401855,0.0,90.80049896240234,1042.5595703125,0.0,0.0,0.0,0.03833933547139168,True,nan,False,1.5696839909651317e-05,0.01
gpomdp_reward_only,706,615,956860,0.0,False,189.20497131347656,1.617243766784668,0.0,189.20497131347656,2452.667236328125,0.0,0.0,0.0,-0.36511245369911194,True,nan,False,2.426237188046798e-05,0.01
gpomdp_reward_only,706,616,957799,0.0,False,113.13689422607422,1.520798683166504,0.0,113.13689422607422,1512.7481689453125,0.0,0.0,0.0,0.018056444823741913,True,nan,False,1.3287842193676624e-05,0.01
gpomdp_reward_only,706,617,958604,0.0,False,85.67848205566406,1.5063135623931885,0.0,85.67848205566406,1154.426513671875,0.0,0.0,0.0,0.16002157330513,True,nan,False,7.728520358796231e-06,0.01
gpomdp_reward_only,706,618,959305,0.0,False,54.10566329956055,1.597043514251709,0.0,54.10566329956055,1640.0909423828125,0.0,0.0,0.0,-0.24935467541217804,True,nan,False,3.593576366256457e-06,0.01
gpomdp_reward_only,706,619,960089,0.0,False,101.7817611694336,1.5288608074188232,0.0,101.7817611694336,1478.2093505859375,0.0,0.0,0.0,-0.32534700632095337,True,nan,False,7.693100087635685e-06,0.01
gpomdp_reward_only,706,620,960843,0.0,False,86.62724304199219,1.499337911605835,0.0,86.62724304199219,1200.5379638671875,0.0,0.0,0.0,-0.36829644441604614,True,nan,False,9.523890184937045e-06,0.01
gpomdp_reward_only,706,621,961580,0.0,False,198.93980407714844,1.4970628023147583,0.0,198.93980407714844,998.5350341796875,0.0,0.0,0.0,-0.10557540506124496,True,nan,False,3.408915290492587e-05,0.01
gpomdp_reward_only,706,622,962258,0.0,False,106.43399047851562,1.5444285869598389,0.0,106.43399047851562,1924.134521484375,0.0,0.0,0.0,0.012639900669455528,True,nan,False,1.3681556993105914e-05,0.01
gpomdp_reward_only,706,623,963114,0.0,False,44.67886734008789,1.5014525651931763,0.0,44.67886734008789,1105.5911865234375,0.0,0.0,0.0,-0.09892954677343369,True,nan,False,1.1817287486337591e-05,0.01
gpomdp_reward_only,706,624,963793,0.0,False,116.42607879638672,1.5803941488265991,0.0,116.42607879638672,1905.2296142578125,0.0,0.0,0.0,-0.19675569236278534,True,nan,False,1.137497110903496e-05,0.01
gpomdp_reward_only,706,625,964781,0.0,False,60.390602111816406,1.4988491535186768,0.0,60.390602111816406,1176.627197265625,0.0,0.0,0.0,-0.732114315032959,True,nan,False,1.058274028764572e-05,0.01
gpomdp_reward_only,706,626,965524,0.0,False,145.8216094970703,1.4782966375350952,0.0,145.8216094970703,1148.8660888671875,0.0,0.0,0.0,0.20614737272262573,True,nan,False,2.970851028294419e-06,0.01
gpomdp_reward_only,706,627,966234,0.0,False,117.82920837402344,1.5498915910720825,0.0,117.82920837402344,1484.7308349609375,0.0,0.0,0.0,0.059945933520793915,True,nan,False,1.800008817554044e-06,0.01
gpomdp_reward_only,706,628,967021,0.0,False,69.51622009277344,1.5356942415237427,0.0,69.51622009277344,1037.66943359375,0.0,0.0,0.0,-0.4303462505340576,True,nan,False,1.1215727226954186e-06,0.01
gpomdp_reward_only,706,629,967669,0.0,False,141.57864379882812,1.5365461111068726,0.0,141.57864379882812,1275.686767578125,0.0,0.0,0.0,0.2578420341014862,True,nan,False,3.7810191315656994e-06,0.01
gpomdp_reward_only,706,630,968374,0.0,False,121.02873229980469,1.4953645467758179,0.0,121.02873229980469,1000.9524536132812,0.0,0.0,0.0,0.16254985332489014,True,nan,False,1.5489420547964983e-05,0.01
gpomdp_reward_only,706,631,969070,0.0,False,92.18063354492188,1.5163779258728027,0.0,92.18063354492188,1216.6802978515625,0.0,0.0,0.0,0.2506050765514374,True,nan,False,5.6968665376189165e-06,0.01
gpomdp_reward_only,706,632,969729,0.0,False,121.97560119628906,1.5141639709472656,0.0,121.97560119628906,1288.153076171875,0.0,0.0,0.0,-0.15571698546409607,True,nan,False,1.2622523172467481e-05,0.01
gpomdp_reward_only,706,633,970433,0.0,False,103.93563842773438,1.5209993124008179,0.0,103.93563842773438,883.0247802734375,0.0,0.0,0.0,-0.13149766623973846,True,nan,False,6.006840976624517e-06,0.01
gpomdp_reward_only,706,634,971125,0.0,False,129.52781677246094,1.4958367347717285,0.0,129.52781677246094,964.0140380859375,0.0,0.0,0.0,-0.2506866455078125,True,nan,False,1.407010859111324e-05,0.01
gpomdp_reward_only,706,635,971768,0.0,False,95.1436538696289,1.5241726636886597,0.0,95.1436538696289,1037.1534423828125,0.0,0.0,0.0,-0.14179252088069916,True,nan,False,1.5788267774041742e-05,0.01
gpomdp_reward_only,706,636,972453,0.0,False,136.0968017578125,1.5507532358169556,0.0,136.0968017578125,1396.70947265625,0.0,0.0,0.0,-0.051777031272649765,True,nan,False,1.4636194464401342e-05,0.01
gpomdp_reward_only,706,637,973243,0.0,False,76.62181091308594,1.5491639375686646,0.0,76.62181091308594,1198.0213623046875,0.0,0.0,0.0,0.4006129205226898,True,nan,False,9.49661171034677e-06,0.01
gpomdp_reward_only,706,638,974038,0.0,False,165.5821533203125,1.647861361503601,0.0,165.5821533203125,2017.0982666015625,0.0,0.0,0.0,0.17827484011650085,True,nan,False,3.374798552613356e-06,0.01
gpomdp_reward_only,706,639,975023,0.0,False,93.1695785522461,1.5166269540786743,0.0,93.1695785522461,1030.623046875,0.0,0.0,0.0,-0.544833242893219,True,nan,False,1.3564259688791935e-06,0.01
gpomdp_reward_only,706,640,975691,0.0,False,116.38850402832031,1.5586804151535034,0.0,116.38850402832031,1596.3521728515625,0.0,0.0,0.0,-0.6558142900466919,True,nan,False,1.6799654076748993e-06,0.01
gpomdp_reward_only,706,641,976438,0.0,False,151.83010864257812,1.5467469692230225,0.0,151.83010864257812,1940.0467529296875,0.0,0.0,0.0,-0.2504365146160126,True,nan,False,7.286066193046281e-06,0.01
gpomdp_reward_only,706,642,977317,0.0,False,55.101051330566406,1.5366617441177368,0.0,55.101051330566406,1259.8111572265625,0.0,0.0,0.0,-0.010074862278997898,True,nan,False,7.020568773441482e-06,0.01
gpomdp_reward_only,706,643,978020,0.0,False,133.416015625,1.5341237783432007,0.0,133.416015625,1296.2271728515625,0.0,0.0,0.0,-0.11237168312072754,True,nan,False,1.1624129911069758e-05,0.01
gpomdp_reward_only,706,644,978770,0.0,False,105.03656768798828,1.5169541835784912,0.0,105.03656768798828,1219.934814453125,0.0,0.0,0.0,0.10159224271774292,True,nan,False,8.756173883739393e-06,0.01
gpomdp_reward_only,706,645,979419,0.0,False,58.50038146972656,1.5281380414962769,0.0,58.50038146972656,1365.83642578125,0.0,0.0,0.0,0.19929951429367065,True,nan,False,7.93592153058853e-06,0.01
gpomdp_reward_only,706,646,980159,0.0,False,131.5745391845703,1.583957314491272,0.0,131.5745391845703,1570.531005859375,0.0,0.0,0.0,-0.06821609288454056,True,nan,False,1.2551929103210568e-05,0.01
gpomdp_reward_only,706,647,980918,0.0,False,135.25537109375,1.5104081630706787,0.0,135.25537109375,1092.7415771484375,0.0,0.0,0.0,-0.18816176056861877,True,nan,False,1.6154001059476286e-05,0.01
gpomdp_reward_only,706,648,981606,0.0,False,75.77424621582031,1.540425419807434,0.0,75.77424621582031,1010.2673950195312,0.0,0.0,0.0,0.0030830122996121645,True,nan,False,2.3938506274134852e-05,0.01
gpomdp_reward_only,706,649,982292,0.0,False,96.94596862792969,1.5720008611679077,0.0,96.94596862792969,1116.6273193359375,0.0,0.0,0.0,-0.4972165524959564,True,nan,False,1.5022257684904616e-05,0.01
gpomdp_reward_only,706,650,983059,0.0,False,75.9032211303711,1.545696496963501,0.0,75.9032211303711,922.7724609375,0.0,0.0,0.0,-0.3698449730873108,True,nan,False,1.1819682185887359e-05,0.01
gpomdp_reward_only,706,651,983714,0.0,False,40.90645980834961,1.5410206317901611,0.0,40.90645980834961,1372.9359130859375,0.0,0.0,0.0,0.19550985097885132,True,nan,False,8.20155310066184e-06,0.01
gpomdp_reward_only,706,652,984387,0.0,False,63.364559173583984,1.5332913398742676,0.0,63.364559173583984,1297.48388671875,0.0,0.0,0.0,0.33256658911705017,True,nan,False,6.556597782036988e-06,0.01
gpomdp_reward_only,706,653,985031,0.0,False,71.71733093261719,1.5507184267044067,0.0,71.71733093261719,1165.4105224609375,0.0,0.0,0.0,0.08192542940378189,True,nan,False,4.04875436288421e-06,0.01
gpomdp_reward_only,706,654,985736,0.0,False,74.52625274658203,1.4968516826629639,0.0,74.52625274658203,1153.349365234375,0.0,0.0,0.0,-0.24221472442150116,True,nan,False,3.599854835556471e-06,0.01
gpomdp_reward_only,706,655,986428,0.0,False,46.40834045410156,1.5436112880706787,0.0,46.40834045410156,1010.4439697265625,0.0,0.0,0.0,-0.0702739804983139,True,nan,False,1.6011196066756384e-06,0.01
gpomdp_reward_only,706,656,987087,0.0,False,109.3331527709961,1.531622052192688,0.0,109.3331527709961,1540.41943359375,0.0,0.0,0.0,0.08999032527208328,True,nan,False,3.7011891436122824e-06,0.01
gpomdp_reward_only,706,657,987868,0.0,False,125.1846694946289,1.5758610963821411,0.0,125.1846694946289,1017.1796264648438,0.0,0.0,0.0,0.292978435754776,True,nan,False,6.29139822194702e-06,0.01
gpomdp_reward_only,706,658,988562,0.0,False,63.0843505859375,1.5424258708953857,0.0,63.0843505859375,879.9801025390625,0.0,0.0,0.0,0.21945254504680634,True,nan,False,6.885904440423474e-06,0.01
gpomdp_reward_only,706,659,989200,0.0,False,84.976318359375,1.5142302513122559,0.0,84.976318359375,1010.419677734375,0.0,0.0,0.0,-0.5514900088310242,True,nan,False,1.2649379641516134e-05,0.01
gpomdp_reward_only,706,660,989809,0.0,False,73.34598541259766,1.5431103706359863,0.0,73.34598541259766,994.4244384765625,0.0,0.0,0.0,-0.031035838648676872,True,nan,False,3.8115883853606647e-06,0.01
gpomdp_reward_only,706,661,990476,0.0,False,81.64973449707031,1.5442938804626465,0.0,81.64973449707031,1150.1722412109375,0.0,0.0,0.0,0.34554749727249146,True,nan,False,8.698418241692707e-06,0.01
gpomdp_reward_only,706,662,991115,0.0,False,72.45726013183594,1.5388259887695312,0.0,72.45726013183594,1845.161865234375,0.0,0.0,0.0,-0.23008760809898376,True,nan,False,8.550284292141441e-06,0.01
gpomdp_reward_only,706,663,991863,0.0,False,168.7672119140625,1.5976415872573853,0.0,168.7672119140625,1891.5125732421875,0.0,0.0,0.0,0.07288127392530441,True,nan,False,1.9112741938442923e-05,0.01
gpomdp_reward_only,706,664,992725,0.0,False,88.74302673339844,1.568432092666626,0.0,88.74302673339844,1293.880126953125,0.0,0.0,0.0,0.4178009629249573,True,nan,False,2.1267214833642356e-05,0.01
gpomdp_reward_only,706,665,993436,0.0,False,85.75178527832031,1.5345464944839478,0.0,85.75178527832031,1140.8074951171875,0.0,0.0,0.0,-0.5316954851150513,True,nan,False,1.7220474546775222e-05,0.01
gpomdp_reward_only,706,666,994109,0.0,False,89.78732299804688,1.6125354766845703,0.0,89.78732299804688,1767.5084228515625,0.0,0.0,0.0,0.6337950229644775,True,nan,False,1.0583959920040797e-05,0.01
gpomdp_reward_only,706,667,994904,0.0,False,75.09046173095703,1.5239770412445068,0.0,75.09046173095703,1523.2857666015625,0.0,0.0,0.0,-0.17751212418079376,True,nan,False,1.1655363778118044e-05,0.01
gpomdp_reward_only,706,668,995536,0.0,False,74.67630767822266,1.5453330278396606,0.0,74.67630767822266,1467.0975341796875,0.0,0.0,0.0,0.25622397661209106,True,nan,False,1.4950172044336796e-05,0.01
gpomdp_reward_only,706,669,996189,0.0,False,261.7398681640625,1.578040599822998,0.0,261.7398681640625,1668.5526123046875,0.0,0.0,0.0,-0.0028152866289019585,True,nan,False,2.8721387934638187e-05,0.01
gpomdp_reward_only,706,670,996976,0.0,False,81.61347198486328,1.5755712985992432,0.0,81.61347198486328,1533.5452880859375,0.0,0.0,0.0,-0.10827389359474182,True,nan,False,9.66112293099286e-06,0.01
gpomdp_reward_only,706,671,997768,0.0,False,121.27320098876953,1.568027377128601,0.0,121.27320098876953,1361.9002685546875,0.0,0.0,0.0,-0.2508820593357086,True,nan,False,6.193516128405463e-06,0.01
gpomdp_reward_only,706,672,998598,0.0,False,109.94562530517578,1.5371785163879395,0.0,109.94562530517578,1045.827392578125,0.0,0.0,0.0,-0.006580794230103493,True,nan,False,2.308643388460041e-06,0.01
gpomdp_reward_only,706,673,999326,0.0,False,81.35941314697266,1.533915400505066,0.0,81.35941314697266,1234.02587890625,0.0,0.0,0.0,0.26221373677253723,True,nan,False,1.537857770017581e-06,0.01
gpomdp_reward_only,706,674,1000005,0.0,False,137.740966796875,1.5403481721878052,0.0,137.740966796875,1320.697265625,0.0,0.0,0.0,-0.16166351735591888,True,nan,False,4.4811804400524125e-06,0.01
gpomdp_reward_only,706,675,1000690,0.0,False,97.96678161621094,1.5646077394485474,0.0,97.96678161621094,988.1981811523438,0.0,0.0,0.0,-0.45085352659225464,True,nan,False,4.1775688259804156e-06,0.01
gpomdp_reward_only,706,676,1001392,0.0,False,89.59956359863281,1.5299873352050781,0.0,89.59956359863281,1136.27294921875,0.0,0.0,0.0,-0.15495814383029938,True,nan,False,4.832708782487316e-06,0.01
gpomdp_reward_only,706,677,1002096,0.0,False,136.044677734375,1.546413779258728,0.0,136.044677734375,1270.470947265625,0.0,0.0,0.0,-0.2127525806427002,True,nan,False,1.0377592843724415e-05,0.01
gpomdp_reward_only,706,678,1002781,0.0,False,48.91238784790039,1.5226118564605713,0.0,48.91238784790039,1038.9761962890625,0.0,0.0,0.0,-0.32443875074386597,True,nan,False,8.18053104012506e-06,0.01
gpomdp_reward_only,706,679,1003392,0.0,False,79.38296508789062,1.559175968170166,0.0,79.38296508789062,1088.516357421875,0.0,0.0,0.0,0.39020970463752747,True,nan,False,1.0543895768932998e-05,0.01
gpomdp_reward_only,706,680,1004074,0.0,False,64.59146118164062,1.5410048961639404,0.0,64.59146118164062,1333.332275390625,0.0,0.0,0.0,0.25207462906837463,True,nan,False,5.8508271649770904e-06,0.01
gpomdp_reward_only,706,681,1004794,0.0,False,63.004005432128906,1.5809202194213867,0.0,63.004005432128906,894.4889526367188,0.0,0.0,0.0,0.2969667315483093,True,nan,False,6.756132279406302e-06,0.01
gpomdp_reward_only,706,682,1005514,0.0,False,96.14610290527344,1.522747278213501,0.0,96.14610290527344,1112.9974365234375,0.0,0.0,0.0,-0.14391300082206726,True,nan,False,4.944694865116617e-06,0.01
gpomdp_reward_only,706,683,1006204,0.0,False,38.135520935058594,1.5666842460632324,0.0,38.135520935058594,1471.691162109375,0.0,0.0,0.0,-0.19119419157505035,True,nan,False,3.564898179320153e-06,0.01
gpomdp_reward_only,706,684,1006958,0.0,False,128.40077209472656,1.5880993604660034,0.0,128.40077209472656,1360.6705322265625,0.0,0.0,0.0,0.01971868984401226,True,nan,False,7.367410034930799e-06,0.01
gpomdp_reward_only,706,685,1007766,0.0,False,196.20558166503906,1.5479220151901245,0.0,196.20558166503906,1379.05224609375,0.0,0.0,0.0,-0.10677112638950348,True,nan,False,1.7881191524793394e-05,0.01
gpomdp_reward_only,706,686,1008472,0.0,False,112.11175537109375,1.5460994243621826,0.0,112.11175537109375,1399.3538818359375,0.0,0.0,0.0,0.23876847326755524,True,nan,False,1.0946631846309174e-05,0.01
gpomdp_reward_only,706,687,1009163,0.0,False,87.06665802001953,1.5466694831848145,0.0,87.06665802001953,1185.6717529296875,0.0,0.0,0.0,-0.11715555191040039,True,nan,False,1.2145875189162325e-05,0.01
gpomdp_reward_only,706,688,1009869,0.0,False,79.86833190917969,1.5795223712921143,0.0,79.86833190917969,1260.2218017578125,0.0,0.0,0.0,0.12620896100997925,True,nan,False,1.6463533029309474e-05,0.01
gpomdp_reward_only,706,689,1010625,0.0,False,35.427616119384766,1.5579397678375244,0.0,35.427616119384766,1301.957763671875,0.0,0.0,0.0,0.4239811897277832,True,nan,False,1.5028376765258145e-05,0.01
gpomdp_reward_only,706,690,1011304,0.0,False,62.032615661621094,1.5308785438537598,0.0,62.032615661621094,1103.880126953125,0.0,0.0,0.0,-0.07923629134893417,True,nan,False,1.2220074495417066e-05,0.01
gpomdp_reward_only,706,691,1011971,0.0,False,307.76666259765625,1.5890947580337524,0.0,307.76666259765625,1899.3289794921875,0.0,0.0,0.0,-0.01913723535835743,True,nan,False,1.1509993782965466e-05,0.01
gpomdp_reward_only,706,692,1012782,0.0,False,43.35886764526367,1.5795472860336304,0.0,43.35886764526367,930.0975952148438,0.0,0.0,0.0,-0.106128990650177,True,nan,False,3.931027549697319e-06,0.01
gpomdp_reward_only,706,693,1013512,0.0,False,64.08341217041016,1.5420200824737549,0.0,64.08341217041016,1065.8363037109375,0.0,0.0,0.0,0.6448049545288086,True,nan,False,4.143092155572958e-06,0.01
gpomdp_reward_only,706,694,1014175,0.0,False,126.0538101196289,1.5451555252075195,0.0,126.0538101196289,1028.309814453125,0.0,0.0,0.0,0.1347125768661499,True,nan,False,1.6252016621365328e-06,0.01
gpomdp_reward_only,706,695,1014867,0.0,False,84.88481140136719,1.5076661109924316,0.0,84.88481140136719,1353.9869384765625,0.0,0.0,0.0,-0.3813459277153015,True,nan,False,3.200450009899214e-06,0.01
gpomdp_reward_only,706,696,1015532,0.0,False,52.79670715332031,1.5652556419372559,0.0,52.79670715332031,1037.94775390625,0.0,0.0,0.0,0.1898331195116043,True,nan,False,1.6434744338766905e-06,0.01
gpomdp_reward_only,706,697,1016145,0.0,False,93.45057678222656,1.546513319015503,0.0,93.45057678222656,1473.3902587890625,0.0,0.0,0.0,-0.2596012055873871,True,nan,False,5.3967719395586755e-06,0.01
gpomdp_reward_only,706,698,1016844,0.0,False,45.20779800415039,1.5293539762496948,0.0,45.20779800415039,960.5948486328125,0.0,0.0,0.0,-0.4272224009037018,True,nan,False,2.693248461582698e-06,0.01
gpomdp_reward_only,706,699,1017489,0.0,False,50.73242950439453,1.5516148805618286,0.0,50.73242950439453,1362.02197265625,0.0,0.0,0.0,0.2830304503440857,True,nan,False,3.114956143690506e-06,0.01
gpomdp_reward_only,706,700,1018252,0.0,False,94.89534759521484,1.5135236978530884,0.0,94.89534759521484,1220.540283203125,0.0,0.0,0.0,-0.10821695625782013,True,nan,False,3.685482170112664e-06,0.01
gpomdp_reward_only,706,701,1018874,0.0,False,65.59136962890625,1.5418843030929565,0.0,65.59136962890625,1130.6124267578125,0.0,0.0,0.0,0.26633039116859436,True,nan,False,2.362623263252317e-06,0.01
gpomdp_reward_only,706,702,1019538,0.0,False,156.2959442138672,1.5390058755874634,0.0,156.2959442138672,1077.1290283203125,0.0,0.0,0.0,-0.3504766821861267,True,nan,False,3.1099912121135276e-06,0.01
gpomdp_reward_only,706,703,1020214,0.0,False,86.59037780761719,1.5974642038345337,0.0,86.59037780761719,1506.869384765625,0.0,0.0,0.0,0.0871010273694992,True,nan,False,1.1479882005005493e-06,0.01
gpomdp_reward_only,706,704,1021001,0.0,False,114.71231079101562,1.5580551624298096,0.0,114.71231079101562,1196.62890625,0.0,0.0,0.0,-0.01825673133134842,True,nan,False,3.900341653206851e-06,0.01
gpomdp_reward_only,706,705,1021728,0.0,False,145.07083129882812,1.609700322151184,0.0,145.07083129882812,1949.398193359375,0.0,0.0,0.0,0.15415363013744354,True,nan,False,2.4001872134249425e-07,0.01
gpomdp_reward_only,706,706,1022585,0.0,False,122.108642578125,1.5868419408798218,0.0,122.108642578125,1101.3511962890625,0.0,0.0,0.0,0.19381240010261536,True,nan,False,2.7167984626430552e-06,0.01
gpomdp_reward_only,706,707,1023327,0.0,False,100.8965835571289,1.5361309051513672,0.0,100.8965835571289,1138.039794921875,0.0,0.0,0.0,-0.12111834436655045,True,nan,False,8.137561962939799e-06,0.01
gpomdp_reward_only,706,708,1024008,0.0,False,117.22864532470703,1.5537539720535278,0.0,117.22864532470703,1231.744873046875,0.0,0.0,0.0,-0.1555660516023636,True,nan,False,1.744866676745005e-05,0.01
gpomdp_reward_only,706,709,1024725,0.0,False,72.65686798095703,1.5698671340942383,0.0,72.65686798095703,1386.97412109375,0.0,0.0,0.0,0.39965376257896423,True,nan,False,1.0580159141682088e-05,0.01
gpomdp_reward_only,706,710,1025465,0.0,False,87.85482788085938,1.5689730644226074,0.0,87.85482788085938,1077.579345703125,0.0,0.0,0.0,-0.028844641521573067,True,nan,False,1.0538395144976676e-05,0.01
gpomdp_reward_only,706,711,1026182,0.0,False,67.13807678222656,1.5457055568695068,0.0,67.13807678222656,1195.61083984375,0.0,0.0,0.0,-0.31164413690567017,True,nan,False,1.1934132999158464e-05,0.01
gpomdp_reward_only,706,712,1026903,0.0,False,189.83644104003906,1.5543227195739746,0.0,189.83644104003906,1254.998779296875,0.0,0.0,0.0,-0.15574005246162415,True,nan,False,3.0871087801642716e-05,0.01
gpomdp_reward_only,706,713,1027597,0.0,False,81.25790405273438,1.5273345708847046,0.0,81.25790405273438,1132.0343017578125,0.0,0.0,0.0,0.027728557586669922,True,nan,False,3.68374639947433e-05,0.01
gpomdp_reward_only,706,714,1028278,0.0,False,72.31269836425781,1.6360411643981934,0.0,72.31269836425781,1688.505615234375,0.0,0.0,0.0,-0.11929905414581299,True,nan,False,1.8445913156028837e-05,0.01
gpomdp_reward_only,706,715,1029151,0.0,False,90.114990234375,1.5212215185165405,0.0,90.114990234375,1058.893798828125,0.0,0.0,0.0,0.0120394267141819,True,nan,False,3.828934859484434e-05,0.01
gpomdp_reward_only,706,716,1029808,0.0,False,63.54478073120117,1.5383861064910889,0.0,63.54478073120117,1107.40478515625,0.0,0.0,0.0,-0.17106255888938904,True,nan,False,2.3905782654765062e-05,0.01
gpomdp_reward_only,706,717,1030525,0.0,False,91.12641143798828,1.5451011657714844,0.0,91.12641143798828,1442.9268798828125,0.0,0.0,0.0,-0.1446387618780136,True,nan,False,2.3549420802737586e-05,0.01
gpomdp_reward_only,706,718,1031259,0.0,False,78.18746948242188,1.5426124334335327,0.0,78.18746948242188,1023.607421875,0.0,0.0,0.0,-0.34904012084007263,True,nan,False,2.62688390648691e-05,0.01
gpomdp_reward_only,706,719,1031943,0.0,False,88.2015151977539,1.5680782794952393,0.0,88.2015151977539,839.2465209960938,0.0,0.0,0.0,0.3679329454898834,True,nan,False,1.4023458788869902e-05,0.01
gpomdp_reward_only,706,720,1032580,0.0,False,144.88682556152344,1.5683625936508179,0.0,144.88682556152344,1031.1292724609375,0.0,0.0,0.0,0.40458905696868896,True,nan,False,2.5210842068190686e-05,0.01
gpomdp_reward_only,706,721,1033345,0.0,False,72.47073364257812,1.555796504020691,0.0,72.47073364257812,890.6239013671875,0.0,0.0,0.0,0.5013176798820496,True,nan,False,1.5865116438362747e-05,0.01
gpomdp_reward_only,706,722,1034012,0.0,False,113.56048583984375,1.5541493892669678,0.0,113.56048583984375,1868.6146240234375,0.0,0.0,0.0,-0.6977410316467285,True,nan,False,8.132129551086109e-06,0.01
gpomdp_reward_only,706,723,1034778,0.0,False,75.81060028076172,1.5363174676895142,0.0,75.81060028076172,1226.4490966796875,0.0,0.0,0.0,-0.14404886960983276,True,nan,False,1.4229615771910176e-05,0.01
gpomdp_reward_only,706,724,1035475,0.0,False,85.7258071899414,1.563793659210205,0.0,85.7258071899414,989.869384765625,0.0,0.0,0.0,-0.5227763652801514,True,nan,False,7.457534138666233e-06,0.01
gpomdp_reward_only,706,725,1036174,0.0,False,135.5303955078125,1.560732364654541,0.0,135.5303955078125,1217.1614990234375,0.0,0.0,0.0,0.20233729481697083,True,nan,False,1.6059133486123756e-05,0.01
gpomdp_reward_only,706,726,1036878,0.0,False,191.04086303710938,1.5273406505584717,0.0,191.04086303710938,897.5914916992188,0.0,0.0,0.0,0.012820704840123653,True,nan,False,1.2543355296656955e-06,0.01
gpomdp_reward_only,706,727,1037544,0.0,False,195.01901245117188,1.570898175239563,0.0,195.01901245117188,1618.200439453125,0.0,0.0,0.0,0.37920597195625305,True,nan,False,3.915942215826362e-06,0.01
gpomdp_reward_only,706,728,1038372,0.0,False,103.90708923339844,1.6521049737930298,0.0,103.90708923339844,1788.727783203125,0.0,0.0,0.0,-0.022862598299980164,True,nan,False,5.803055387332279e-07,0.01
gpomdp_reward_only,706,729,1039286,0.0,False,100.25086975097656,1.5809156894683838,0.0,100.25086975097656,1241.009765625,0.0,0.0,0.0,-0.3908552825450897,True,nan,False,2.7866406071552774e-06,0.01
gpomdp_reward_only,706,730,1040023,0.0,False,83.52287292480469,1.5900145769119263,0.0,83.52287292480469,1694.01708984375,0.0,0.0,0.0,0.027952581644058228,True,nan,False,1.3413604165180004e-06,0.01
gpomdp_reward_only,706,731,1040926,0.0,False,134.54087829589844,1.5253039598464966,0.0,134.54087829589844,1302.04150390625,0.0,0.0,0.0,-0.18977978825569153,True,nan,False,8.20598506834358e-06,0.01
gpomdp_reward_only,706,732,1041647,0.0,False,61.3862190246582,1.620396614074707,0.0,61.3862190246582,1388.48291015625,0.0,0.0,0.0,0.33277440071105957,True,nan,False,8.059442734520417e-06,0.01
gpomdp_reward_only,706,733,1042440,0.0,False,58.19761276245117,1.5370378494262695,0.0,58.19761276245117,985.7847900390625,0.0,0.0,0.0,-0.41586729884147644,True,nan,False,9.013065209728666e-06,0.01
gpomdp_reward_only,706,734,1043115,0.0,False,73.53963470458984,1.576108694076538,0.0,73.53963470458984,1579.8690185546875,0.0,0.0,0.0,-0.07739221304655075,True,nan,False,8.394350516027771e-06,0.01
gpomdp_reward_only,706,735,1043890,0.0,False,99.56929779052734,1.5668033361434937,0.0,99.56929779052734,1290.1298828125,0.0,0.0,0.0,0.19472719728946686,True,nan,False,1.1939608157263137e-05,0.01
gpomdp_reward_only,706,736,1044505,0.0,False,160.81210327148438,1.5334093570709229,0.0,160.81210327148438,1387.1796875,0.0,0.0,0.0,-0.03573639318346977,True,nan,False,1.3465077017826843e-06,0.01
gpomdp_reward_only,706,737,1045220,0.0,False,70.17646026611328,1.527566909790039,0.0,70.17646026611328,1057.662353515625,0.0,0.0,0.0,-0.28276893496513367,True,nan,False,9.214981560035085e-07,0.01
gpomdp_reward_only,706,738,1045913,0.0,False,57.048133850097656,1.547481894493103,0.0,57.048133850097656,1255.1396484375,0.0,0.0,0.0,0.0751960277557373,True,nan,False,8.962132369561004e-07,0.01
gpomdp_reward_only,706,739,1046639,0.0,False,109.53923797607422,1.6111267805099487,0.0,109.53923797607422,1650.5985107421875,0.0,0.0,0.0,-0.7301603555679321,True,nan,False,3.208934913345729e-06,0.01
gpomdp_reward_only,706,740,1047413,0.0,False,172.1228790283203,1.590498447418213,0.0,172.1228790283203,1532.82763671875,0.0,0.0,0.0,-0.2177196741104126,True,nan,False,9.0250869106967e-06,0.01
gpomdp_reward_only,706,741,1048259,0.0,False,71.41032409667969,1.5422344207763672,0.0,71.41032409667969,1383.193115234375,0.0,0.0,0.0,0.26685768365859985,True,nan,False,4.832011654798407e-06,0.01
gpomdp_reward_only,706,742,1048955,0.0,False,111.41059112548828,1.6372524499893188,0.0,111.41059112548828,1638.63720703125,0.0,0.0,0.0,0.22274109721183777,True,nan,False,5.510714800038841e-07,0.01
gpomdp_reward_only,706,743,1049818,0.0,False,100.26752471923828,1.5782808065414429,0.0,100.26752471923828,1086.7275390625,0.0,0.0,0.0,0.1043863296508789,True,nan,False,3.5259097330708755e-06,0.01
gpomdp_reward_only,706,744,1050604,0.0,False,72.07122802734375,1.5765049457550049,0.0,72.07122802734375,1100.217041015625,0.0,0.0,0.0,-0.2503184676170349,True,nan,False,4.278488631825894e-06,0.01
gpomdp_reward_only,706,745,1051368,0.0,False,92.83331298828125,1.5482673645019531,0.0,92.83331298828125,980.0079956054688,0.0,0.0,0.0,-0.5045103430747986,True,nan,False,1.913791265906184e-06,0.01
gpomdp_reward_only,706,746,1052043,0.0,False,102.12508392333984,1.561890721321106,0.0,102.12508392333984,1350.1224365234375,0.0,0.0,0.0,0.08603128790855408,True,nan,False,5.8654545682657044e-06,0.01
gpomdp_reward_only,706,747,1052694,0.0,False,86.2030029296875,1.5771421194076538,0.0,86.2030029296875,1108.336181640625,0.0,0.0,0.0,-0.2714521586894989,True,nan,False,5.983524260955164e-06,0.01
gpomdp_reward_only,706,748,1053410,0.0,False,50.5926628112793,1.5727187395095825,0.0,50.5926628112793,838.5548095703125,0.0,0.0,0.0,0.5768495202064514,True,nan,False,5.41876079296344e-06,0.01
gpomdp_reward_only,706,749,1054129,0.0,False,89.05171203613281,1.5763295888900757,0.0,89.05171203613281,1685.7840576171875,0.0,0.0,0.0,-0.7653123140335083,True,nan,False,4.741404609376332e-06,0.01
gpomdp_reward_only,706,750,1055002,0.0,False,66.88567352294922,1.5635149478912354,0.0,66.88567352294922,1452.1453857421875,0.0,0.0,0.0,-0.11916624754667282,True,nan,False,5.941956715105334e-06,0.01
gpomdp_reward_only,706,751,1055736,0.0,False,112.05262756347656,1.5683016777038574,0.0,112.05262756347656,1298.956787109375,0.0,0.0,0.0,0.1067122295498848,True,nan,False,2.8280480819375953e-06,0.01
gpomdp_reward_only,706,752,1056431,0.0,False,72.44292449951172,1.570845127105713,0.0,72.44292449951172,1191.8746337890625,0.0,0.0,0.0,-0.009315949864685535,True,nan,False,5.3920098253001925e-06,0.01
gpomdp_reward_only,706,753,1057132,0.0,False,54.31521987915039,1.5683799982070923,0.0,54.31521987915039,1129.3902587890625,0.0,0.0,0.0,-0.4612509608268738,True,nan,False,6.588369615201373e-06,0.01
gpomdp_reward_only,706,754,1057810,0.0,False,89.29071044921875,1.5500980615615845,0.0,89.29071044921875,1073.0416259765625,0.0,0.0,0.0,-0.3656713366508484,True,nan,False,1.1322425052640028e-05,0.01
gpomdp_reward_only,706,755,1058557,0.0,False,73.1265640258789,1.5601727962493896,0.0,73.1265640258789,1097.331298828125,0.0,0.0,0.0,-0.5584720969200134,True,nan,False,6.407810815289849e-06,0.01
gpomdp_reward_only,706,756,1059261,0.0,False,114.21451568603516,1.575242280960083,0.0,114.21451568603516,1021.6285400390625,0.0,0.0,0.0,0.04173655807971954,True,nan,False,1.2681995940511115e-05,0.01
gpomdp_reward_only,706,757,1059970,0.0,False,222.11175537109375,1.5466738939285278,0.0,222.11175537109375,1468.5113525390625,0.0,0.0,0.0,-0.12883056700229645,True,nan,False,3.1806782772036968e-06,0.01
gpomdp_reward_only,706,758,1060716,0.0,False,91.323486328125,1.5749543905258179,0.0,91.323486328125,1803.585693359375,0.0,0.0,0.0,-0.10974343121051788,True,nan,False,5.56155691811e-06,0.01
gpomdp_reward_only,706,759,1061487,0.0,False,80.8783187866211,1.561447262763977,0.0,80.8783187866211,1026.8685302734375,0.0,0.0,0.0,0.14845190942287445,True,nan,False,3.028663968507317e-06,0.01
gpomdp_reward_only,706,760,1062172,0.0,False,118.58798217773438,1.6282958984375,0.0,118.58798217773438,1202.318115234375,0.0,0.0,0.0,-0.04134334251284599,True,nan,False,1.344842871731089e-06,0.01
gpomdp_reward_only,706,761,1062957,0.0,False,85.76954650878906,1.555033564567566,0.0,85.76954650878906,1121.3231201171875,0.0,0.0,0.0,0.163447767496109,True,nan,False,9.582249731465708e-07,0.01
gpomdp_reward_only,706,762,1063591,0.0,False,86.14836883544922,1.5712168216705322,0.0,86.14836883544922,1477.1268310546875,0.0,0.0,0.0,-0.4593842625617981,True,nan,False,2.001893790293252e-06,0.01
gpomdp_reward_only,706,763,1064309,0.0,False,86.733642578125,1.5737518072128296,0.0,86.733642578125,1061.09814453125,0.0,0.0,0.0,-0.23426035046577454,True,nan,False,6.565228432009462e-07,0.01
gpomdp_reward_only,706,764,1065044,0.0,False,122.61074829101562,1.6162939071655273,0.0,122.61074829101562,1554.683837890625,0.0,0.0,0.0,-0.17955996096134186,True,nan,False,2.3802276700735092e-06,0.01
gpomdp_reward_only,706,765,1065827,0.0,False,105.74882507324219,1.572158932685852,0.0,105.74882507324219,1398.2880859375,0.0,0.0,0.0,0.6800686717033386,True,nan,False,8.489175797876669e-07,0.01
gpomdp_reward_only,706,766,1066531,0.0,False,69.719482421875,1.5460277795791626,0.0,69.719482421875,1034.634521484375,0.0,0.0,0.0,-0.5927544236183167,True,nan,False,1.343211806670297e-06,0.01
gpomdp_reward_only,706,767,1067168,0.0,False,99.78816986083984,1.556579351425171,0.0,99.78816986083984,1268.734619140625,0.0,0.0,0.0,0.08696262538433075,True,nan,False,3.5368364592613943e-07,0.01
gpomdp_reward_only,706,768,1067936,0.0,False,56.701534271240234,1.5495225191116333,0.0,56.701534271240234,964.0202026367188,0.0,0.0,0.0,-0.6371380090713501,True,nan,False,6.242665904210298e-07,0.01
gpomdp_reward_only,706,769,1068572,0.0,False,95.67268371582031,1.5665165185928345,0.0,95.67268371582031,1263.7454833984375,0.0,0.0,0.0,-0.026172013953328133,True,nan,False,1.837919285208045e-06,0.01
gpomdp_reward_only,706,770,1069347,0.0,False,121.37584686279297,1.560001015663147,0.0,121.37584686279297,1184.4063720703125,0.0,0.0,0.0,0.1801517754793167,True,nan,False,9.99724943540059e-06,0.01
gpomdp_reward_only,706,771,1070048,0.0,False,51.7052116394043,1.5819756984710693,0.0,51.7052116394043,1083.4700927734375,0.0,0.0,0.0,0.19082848727703094,True,nan,False,6.484190635092091e-06,0.01
gpomdp_reward_only,706,772,1070678,0.0,False,106.78522491455078,1.5859495401382446,0.0,106.78522491455078,1283.641357421875,0.0,0.0,0.0,0.16137094795703888,True,nan,False,1.2896902262582444e-05,0.01
gpomdp_reward_only,706,773,1071451,0.0,False,81.14078521728516,1.6321868896484375,0.0,81.14078521728516,1491.7342529296875,0.0,0.0,0.0,0.13886533677577972,True,nan,False,7.690852726227604e-06,0.01
gpomdp_reward_only,706,774,1072267,0.0,False,56.761497497558594,1.5948270559310913,0.0,56.761497497558594,1123.549560546875,0.0,0.0,0.0,-0.2072659283876419,True,nan,False,1.1790428288804833e-05,0.01
gpomdp_reward_only,706,775,1072962,0.0,False,125.07327270507812,1.5757049322128296,0.0,125.07327270507812,983.1171875,0.0,0.0,0.0,-0.08412376046180725,True,nan,False,1.7998034309130162e-05,0.01
gpomdp_reward_only,706,776,1073648,0.0,False,60.27170944213867,1.5993822813034058,0.0,60.27170944213867,1450.3397216796875,0.0,0.0,0.0,0.02499278075993061,True,nan,False,1.4124510016699787e-05,0.01
gpomdp_reward_only,706,777,1074344,0.0,False,99.72532653808594,1.611541748046875,0.0,99.72532653808594,1071.876953125,0.0,0.0,0.0,-0.3304635286331177,True,nan,False,1.7359147022943944e-05,0.01
gpomdp_reward_only,706,778,1074999,0.0,False,93.18209075927734,1.5562629699707031,0.0,93.18209075927734,1169.508544921875,0.0,0.0,0.0,0.06089721992611885,True,nan,False,1.0672224561858457e-05,0.01
gpomdp_reward_only,706,779,1075693,0.0,False,60.376502990722656,1.5753544569015503,0.0,60.376502990722656,1359.6099853515625,0.0,0.0,0.0,-0.04214318096637726,True,nan,False,7.877972166170366e-06,0.01
gpomdp_reward_only,706,780,1076455,0.0,False,64.04461669921875,1.5863673686981201,0.0,64.04461669921875,997.1925659179688,0.0,0.0,0.0,0.11231394857168198,True,nan,False,4.14355463362881e-06,0.01
gpomdp_reward_only,706,781,1077157,0.0,False,123.18046569824219,1.627055287361145,0.0,123.18046569824219,1777.8017578125,0.0,0.0,0.0,-0.3226655125617981,True,nan,False,1.1511614502524026e-05,0.01
gpomdp_reward_only,706,782,1078088,0.0,False,102.64217376708984,1.590943455696106,0.0,102.64217376708984,1283.2476806640625,0.0,0.0,0.0,-0.22531239688396454,True,nan,False,1.213532050314825e-05,0.01
gpomdp_reward_only,706,783,1078808,0.0,False,103.85528564453125,1.5996745824813843,0.0,103.85528564453125,1215.4342041015625,0.0,0.0,0.0,0.03353993967175484,True,nan,False,1.7015074263326824e-05,0.01
gpomdp_reward_only,706,784,1079530,0.0,False,107.11084747314453,1.5646597146987915,0.0,107.11084747314453,1629.725341796875,0.0,0.0,0.0,0.168477401137352,True,nan,False,3.672727689263411e-05,0.01
gpomdp_reward_only,706,785,1080262,0.0,False,122.44658660888672,1.6454302072525024,0.0,122.44658660888672,1742.7188720703125,0.0,0.0,0.0,-0.17055663466453552,True,nan,False,1.7350730558973737e-05,0.01
gpomdp_reward_only,706,786,1081065,0.0,False,100.3443374633789,1.5604411363601685,0.0,100.3443374633789,1453.5413818359375,0.0,0.0,0.0,0.43469053506851196,True,nan,False,3.096511500189081e-05,0.01
gpomdp_reward_only,706,787,1081778,0.0,False,68.18897247314453,1.5724669694900513,0.0,68.18897247314453,1179.73779296875,0.0,0.0,0.0,0.019842587411403656,True,nan,False,1.6903746654861607e-05,0.01
gpomdp_reward_only,706,788,1082499,0.0,False,157.57431030273438,1.691441535949707,0.0,157.57431030273438,1690.501708984375,0.0,0.0,0.0,-0.5771045088768005,True,nan,False,2.0094770661671646e-05,0.01
gpomdp_reward_only,706,789,1083454,0.0,False,40.22719192504883,1.5746870040893555,0.0,40.22719192504883,939.1825561523438,0.0,0.0,0.0,-0.025702618062496185,True,nan,False,6.668967216683086e-06,0.01
gpomdp_reward_only,706,790,1084114,0.0,False,61.3173942565918,1.5846408605575562,0.0,61.3173942565918,1000.9644165039062,0.0,0.0,0.0,-0.12626191973686218,True,nan,False,3.7159172734391177e-06,0.01
gpomdp_reward_only,706,791,1084776,0.0,False,83.10096740722656,1.5971853733062744,0.0,83.10096740722656,1451.5504150390625,0.0,0.0,0.0,-0.221889466047287,True,nan,False,3.396074134798255e-06,0.01
gpomdp_reward_only,706,792,1085497,0.0,False,71.06910705566406,1.5649592876434326,0.0,71.06910705566406,1097.4439697265625,0.0,0.0,0.0,-0.17968565225601196,True,nan,False,5.966678600088926e-06,0.01
gpomdp_reward_only,706,793,1086170,0.0,False,134.70846557617188,1.6049582958221436,0.0,134.70846557617188,1521.9525146484375,0.0,0.0,0.0,0.05913779139518738,True,nan,False,4.0488744161848444e-06,0.01
gpomdp_reward_only,706,794,1086981,0.0,False,169.57203674316406,1.5805332660675049,0.0,169.57203674316406,1184.5406494140625,0.0,0.0,0.0,-0.06556358933448792,True,nan,False,1.081635127775371e-05,0.01
gpomdp_reward_only,706,795,1087695,0.0,False,125.62952423095703,1.5978754758834839,0.0,125.62952423095703,1154.6348876953125,0.0,0.0,0.0,-0.020286040380597115,True,nan,False,1.66371428349521e-05,0.01
gpomdp_reward_only,706,796,1088365,0.0,False,99.46420288085938,1.6074280738830566,0.0,99.46420288085938,1100.0860595703125,0.0,0.0,0.0,0.2180139273405075,True,nan,False,2.428955485811457e-05,0.01
gpomdp_reward_only,706,797,1089118,0.0,False,88.6378173828125,1.6049758195877075,0.0,88.6378173828125,754.4793090820312,0.0,0.0,0.0,-0.099797822535038,True,nan,False,6.319903150142636e-06,0.01
gpomdp_reward_only,706,798,1089738,0.0,False,92.17216491699219,1.6424676179885864,0.0,92.17216491699219,1573.7060546875,0.0,0.0,0.0,0.1902451366186142,True,nan,False,1.242467715201201e-05,0.01
gpomdp_reward_only,706,799,1090507,0.0,False,54.642765045166016,1.5730698108673096,0.0,54.642765045166016,1198.6761474609375,0.0,0.0,0.0,-0.37278860807418823,True,nan,False,7.828992238501087e-06,0.01
gpomdp_reward_only,706,800,1091161,0.0,False,117.67967987060547,1.5565871000289917,0.0,117.67967987060547,986.7543334960938,0.0,0.0,0.0,0.03141622245311737,True,nan,False,2.3776248781359755e-05,0.01
gpomdp_reward_only,706,801,1091800,0.0,False,204.50904846191406,1.647169828414917,0.0,204.50904846191406,1259.1739501953125,0.0,0.0,0.0,0.004361752886325121,True,nan,False,2.2701868147123605e-05,0.01
gpomdp_reward_only,706,802,1092664,0.0,False,69.29447937011719,1.5825073719024658,0.0,69.29447937011719,979.6824340820312,0.0,0.0,0.0,0.2366122454404831,True,nan,False,1.7446223864681087e-05,0.01
gpomdp_reward_only,706,803,1093318,0.0,False,94.61592102050781,1.5998563766479492,0.0,94.61592102050781,1041.9732666015625,0.0,0.0,0.0,-0.08517414331436157,True,nan,False,2.7167108783032745e-05,0.01
gpomdp_reward_only,706,804,1094031,0.0,False,104.73974609375,1.5949584245681763,0.0,104.73974609375,1051.475341796875,0.0,0.0,0.0,-0.3944912850856781,True,nan,False,2.3470005544368178e-05,0.01
gpomdp_reward_only,706,805,1094709,0.0,False,74.24125671386719,1.588255524635315,0.0,74.24125671386719,871.1013793945312,0.0,0.0,0.0,-0.33493977785110474,True,nan,False,2.360012149438262e-05,0.01
gpomdp_reward_only,706,806,1095371,0.0,False,69.0442886352539,1.5985393524169922,0.0,69.0442886352539,1357.325927734375,0.0,0.0,0.0,0.15972140431404114,True,nan,False,1.9321540094097145e-05,0.01
gpomdp_reward_only,706,807,1096098,0.0,False,54.30576705932617,1.5901050567626953,0.0,54.30576705932617,856.5985717773438,0.0,0.0,0.0,0.12735053896903992,True,nan,False,1.0409973583591636e-05,0.01
gpomdp_reward_only,706,808,1096701,0.0,False,33.93618392944336,1.6050719022750854,0.0,33.93618392944336,1047.8441162109375,0.0,0.0,0.0,-0.4246409237384796,True,nan,False,1.4841838492429815e-05,0.01
gpomdp_reward_only,706,809,1097364,0.0,False,194.89451599121094,1.6072280406951904,0.0,194.89451599121094,1723.1556396484375,0.0,0.0,0.0,-0.21034500002861023,True,nan,False,3.132880010525696e-05,0.01
gpomdp_reward_only,706,810,1098113,0.0,False,46.00490951538086,1.5732593536376953,0.0,46.00490951538086,932.061279296875,0.0,0.0,0.0,-0.020049862563610077,True,nan,False,2.2198690203367732e-05,0.01
gpomdp_reward_only,706,811,1098736,0.0,False,83.67390441894531,1.6564453840255737,0.0,83.67390441894531,1518.3671875,0.0,0.0,0.0,0.07850947231054306,True,nan,False,1.9359818907105364e-05,0.01
gpomdp_reward_only,706,812,1099556,0.0,False,113.37602996826172,1.641428828239441,0.0,113.37602996826172,1600.6815185546875,0.0,0.0,0.0,-0.0006235567852854729,True,nan,False,3.0581468308810145e-05,0.01
gpomdp_reward_only,706,813,1100342,0.0,False,64.1721420288086,1.6197657585144043,0.0,64.1721420288086,1200.1187744140625,0.0,0.0,0.0,-0.11870232224464417,True,nan,False,2.6899588192463852e-05,0.01
gpomdp_reward_only,706,814,1101094,0.0,False,103.81735229492188,1.6127341985702515,0.0,103.81735229492188,1685.2156982421875,0.0,0.0,0.0,0.35264721512794495,True,nan,False,1.0435962394694798e-05,0.01
gpomdp_reward_only,706,815,1101761,0.0,False,82.20823669433594,1.5994253158569336,0.0,82.20823669433594,1196.9681396484375,0.0,0.0,0.0,-0.4125884175300598,True,nan,False,1.3344398212211672e-05,0.01
gpomdp_reward_only,706,816,1102491,0.0,False,78.98970031738281,1.6030266284942627,0.0,78.98970031738281,1517.3375244140625,0.0,0.0,0.0,0.4288809597492218,True,nan,False,1.1762031135731377e-05,0.01
gpomdp_reward_only,706,817,1103200,0.0,False,121.09878540039062,1.5684807300567627,0.0,121.09878540039062,1141.3953857421875,0.0,0.0,0.0,-0.19930320978164673,True,nan,False,1.857192000898067e-05,0.01
gpomdp_reward_only,706,818,1103830,0.0,False,90.34085083007812,1.602205753326416,0.0,90.34085083007812,1061.8648681640625,0.0,0.0,0.0,0.0876426100730896,True,nan,False,2.2380621885531582e-05,0.01
gpomdp_reward_only,706,819,1104533,0.0,False,104.78396606445312,1.6419801712036133,0.0,104.78396606445312,1652.1046142578125,0.0,0.0,0.0,-0.32065749168395996,True,nan,False,9.476325431023724e-06,0.01
gpomdp_reward_only,706,820,1105357,0.0,False,67.94373321533203,1.5730466842651367,0.0,67.94373321533203,1190.457275390625,0.0,0.0,0.0,-0.3361317217350006,True,nan,False,6.746765848220093e-06,0.01
gpomdp_reward_only,706,821,1106042,0.0,False,75.24299621582031,1.6134241819381714,0.0,75.24299621582031,994.8794555664062,0.0,0.0,0.0,0.3793061077594757,True,nan,False,4.496775545703713e-06,0.01
gpomdp_reward_only,706,822,1106753,0.0,False,160.50009155273438,1.6351385116577148,0.0,160.50009155273438,1778.332275390625,0.0,0.0,0.0,-0.21390187740325928,True,nan,False,1.484563745179912e-05,0.01
gpomdp_reward_only,706,823,1107559,0.0,False,81.53060150146484,1.6153028011322021,0.0,81.53060150146484,1118.5657958984375,0.0,0.0,0.0,0.11613453179597855,True,nan,False,6.045986992830876e-06,0.01
gpomdp_reward_only,706,824,1108276,0.0,False,117.31942749023438,1.6131178140640259,0.0,117.31942749023438,1861.0411376953125,0.0,0.0,0.0,-0.5566473603248596,True,nan,False,1.1753147191484459e-05,0.01
gpomdp_reward_only,706,825,1109027,0.0,False,113.51078796386719,1.5990296602249146,0.0,113.51078796386719,1500.7587890625,0.0,0.0,0.0,0.23220303654670715,True,nan,False,1.1009946319973096e-05,0.01
gpomdp_reward_only,706,826,1109745,0.0,False,29.5239200592041,1.6100001335144043,0.0,29.5239200592041,686.2742919921875,0.0,0.0,0.0,0.10275990515947342,True,nan,False,9.115043212659657e-06,0.01
gpomdp_reward_only,706,827,1110371,0.0,False,146.84268188476562,1.6089578866958618,0.0,146.84268188476562,1607.2611083984375,0.0,0.0,0.0,-0.04620984196662903,True,nan,False,1.0381107131252065e-05,0.01
gpomdp_reward_only,706,828,1111148,0.0,False,102.29352569580078,1.6304042339324951,0.0,102.29352569580078,1326.2725830078125,0.0,0.0,0.0,0.33411550521850586,True,nan,False,2.1922667201579316e-06,0.01
gpomdp_reward_only,706,829,1111874,0.0,False,37.01065444946289,1.6176942586898804,0.0,37.01065444946289,930.322509765625,0.0,0.0,0.0,0.18456941843032837,True,nan,False,1.3089041885905317e-06,0.01
gpomdp_reward_only,706,830,1112552,0.0,False,159.776123046875,1.6242952346801758,0.0,159.776123046875,1328.103759765625,0.0,0.0,0.0,-0.3321000337600708,True,nan,False,3.566756731743226e-06,0.01
gpomdp_reward_only,706,831,1113286,0.0,False,91.30022430419922,1.6496965885162354,0.0,91.30022430419922,1975.434814453125,0.0,0.0,0.0,0.2934163510799408,True,nan,False,4.24028394263587e-06,0.01
gpomdp_reward_only,706,832,1114164,0.0,False,79.29977416992188,1.68610417842865,0.0,79.29977416992188,1544.6712646484375,0.0,0.0,0.0,-0.23157772421836853,True,nan,False,2.145329290215159e-06,0.01
gpomdp_reward_only,706,833,1115018,0.0,False,100.93177032470703,1.5955512523651123,0.0,100.93177032470703,1338.936767578125,0.0,0.0,0.0,0.0276431106030941,True,nan,False,6.721691647726402e-07,0.01
gpomdp_reward_only,706,834,1115703,0.0,False,89.8633041381836,1.596237063407898,0.0,89.8633041381836,1020.627197265625,0.0,0.0,0.0,-0.09176508337259293,True,nan,False,2.2375986645783996e-06,0.01
gpomdp_reward_only,706,835,1116345,0.0,False,130.27859497070312,1.611495018005371,0.0,130.27859497070312,1061.132568359375,0.0,0.0,0.0,-0.22602200508117676,True,nan,False,6.406039574358147e-06,0.01
gpomdp_reward_only,706,836,1117029,0.0,False,57.229698181152344,1.577701210975647,0.0,57.229698181152344,998.143310546875,0.0,0.0,0.0,-0.6715344190597534,True,nan,False,3.874368758260971e-06,0.01
gpomdp_reward_only,706,837,1117671,0.0,False,112.69072723388672,1.6305283308029175,0.0,112.69072723388672,1173.742431640625,0.0,0.0,0.0,0.2660996615886688,True,nan,False,1.4836808759355335e-06,0.01
gpomdp_reward_only,706,838,1118397,0.0,False,75.4136962890625,1.6205757856369019,0.0,75.4136962890625,1163.05419921875,0.0,0.0,0.0,-0.26338109374046326,True,nan,False,2.3149477783590555e-06,0.01
gpomdp_reward_only,706,839,1119087,0.0,False,119.23558044433594,1.6218169927597046,0.0,119.23558044433594,1223.268798828125,0.0,0.0,0.0,-0.27622750401496887,True,nan,False,4.8891620281210635e-06,0.01
gpomdp_reward_only,706,840,1119822,0.0,False,186.1663055419922,1.6710700988769531,0.0,186.1663055419922,2355.2138671875,0.0,0.0,0.0,0.21444571018218994,True,nan,False,1.3793210200674366e-05,0.01
gpomdp_reward_only,706,841,1120747,0.0,False,62.485801696777344,1.6272649765014648,0.0,62.485801696777344,888.1782836914062,0.0,0.0,0.0,0.042601268738508224,True,nan,False,1.6112393495859578e-05,0.01
gpomdp_reward_only,706,842,1121411,0.0,False,99.22343444824219,1.5867798328399658,0.0,99.22343444824219,985.1102294921875,0.0,0.0,0.0,0.3179911673069,True,nan,False,2.8351634682621807e-05,0.01
gpomdp_reward_only,706,843,1122006,0.0,False,64.07095336914062,1.5883833169937134,0.0,64.07095336914062,1162.546142578125,0.0,0.0,0.0,0.029371539130806923,True,nan,False,2.4491315343766473e-05,0.01
gpomdp_reward_only,706,844,1122700,0.0,False,101.94354248046875,1.6272821426391602,0.0,101.94354248046875,1212.1990966796875,0.0,0.0,0.0,-0.5618635416030884,True,nan,False,1.5621040802216157e-05,0.01
gpomdp_reward_only,706,845,1123403,0.0,False,145.4512939453125,1.6170921325683594,0.0,145.4512939453125,1495.5078125,0.0,0.0,0.0,-0.0913272351026535,True,nan,False,4.226803412166191e-06,0.01
gpomdp_reward_only,706,846,1124156,0.0,False,41.598506927490234,1.580204963684082,0.0,41.598506927490234,1065.8375244140625,0.0,0.0,0.0,0.027207842096686363,True,nan,False,4.578764674079139e-06,0.01
gpomdp_reward_only,706,847,1124821,0.0,False,47.20961380004883,1.5990406274795532,0.0,47.20961380004883,750.7034301757812,0.0,0.0,0.0,0.19034303724765778,True,nan,False,3.2384227779402863e-06,0.01
gpomdp_reward_only,706,848,1125493,0.0,False,119.45562744140625,1.6278094053268433,0.0,119.45562744140625,1028.9219970703125,0.0,0.0,0.0,0.10044900327920914,True,nan,False,1.3296471479407046e-06,0.01
gpomdp_reward_only,706,849,1126210,0.0,False,74.59944915771484,1.5982474088668823,0.0,74.59944915771484,883.751708984375,0.0,0.0,0.0,0.5209251046180725,True,nan,False,2.4097935238387436e-06,0.01
gpomdp_reward_only,706,850,1126816,0.0,False,86.61810302734375,1.5984821319580078,0.0,86.61810302734375,1366.364013671875,0.0,0.0,0.0,-0.22365711629390717,True,nan,False,5.46534056411474e-06,0.01
gpomdp_reward_only,706,851,1127519,0.0,False,50.9780158996582,1.6066707372665405,0.0,50.9780158996582,830.5436401367188,0.0,0.0,0.0,0.18930163979530334,True,nan,False,4.98265262649511e-06,0.01
gpomdp_reward_only,706,852,1128174,0.0,False,68.38827514648438,1.614703893661499,0.0,68.38827514648438,971.666259765625,0.0,0.0,0.0,0.08164064586162567,True,nan,False,2.6857333068619482e-06,0.01
gpomdp_reward_only,706,853,1128804,0.0,False,55.96413803100586,1.6267094612121582,0.0,55.96413803100586,1246.3704833984375,0.0,0.0,0.0,0.3285565972328186,True,nan,False,3.7980519209668273e-06,0.01
gpomdp_reward_only,706,854,1129504,0.0,False,92.2621078491211,1.5804526805877686,0.0,92.2621078491211,1341.94287109375,0.0,0.0,0.0,-0.16616326570510864,True,nan,False,5.518302259588381e-06,0.01
gpomdp_reward_only,706,855,1130224,0.0,False,64.06190490722656,1.608106017112732,0.0,64.06190490722656,932.1397705078125,0.0,0.0,0.0,0.07965022325515747,True,nan,False,3.69897429663979e-06,0.01
gpomdp_reward_only,706,856,1130842,0.0,False,118.0910873413086,1.6313804388046265,0.0,118.0910873413086,1290.8426513671875,0.0,0.0,0.0,-0.0824330672621727,True,nan,False,4.5734104787698016e-06,0.01
gpomdp_reward_only,706,857,1131561,0.0,False,108.20366668701172,1.7532610893249512,0.0,108.20366668701172,2279.676513671875,0.0,0.0,0.0,-0.07193882018327713,True,nan,False,7.799164450261742e-06,0.01
gpomdp_reward_only,706,858,1132535,0.0,False,77.87134552001953,1.6395506858825684,0.0,77.87134552001953,1258.478515625,0.0,0.0,0.0,-0.542822003364563,True,nan,False,6.219697297638049e-06,0.01
gpomdp_reward_only,706,859,1133298,0.0,False,142.51995849609375,1.6056259870529175,0.0,142.51995849609375,827.3195190429688,0.0,0.0,0.0,-0.41440680623054504,True,nan,False,7.322941200982314e-06,0.01
gpomdp_reward_only,706,860,1133955,0.0,False,106.63523864746094,1.6256983280181885,0.0,106.63523864746094,1208.4000244140625,0.0,0.0,0.0,-0.23139388859272003,True,nan,False,1.1066599654441234e-05,0.01
gpomdp_reward_only,706,861,1134691,0.0,False,55.52229690551758,1.595768690109253,0.0,55.52229690551758,1266.5313720703125,0.0,0.0,0.0,-0.495718389749527,True,nan,False,1.4248830666474532e-05,0.01
gpomdp_reward_only,706,862,1135359,0.0,False,109.36625671386719,1.6040393114089966,0.0,109.36625671386719,918.0547485351562,0.0,0.0,0.0,-0.10512037575244904,True,nan,False,2.1064804968773387e-05,0.01
gpomdp_reward_only,706,863,1136009,0.0,False,70.43058776855469,1.595768690109253,0.0,70.43058776855469,646.378662109375,0.0,0.0,0.0,-0.004727042280137539,True,nan,False,2.5140629077213816e-05,0.01
gpomdp_reward_only,706,864,1136599,0.0,False,65.69774627685547,1.6031906604766846,0.0,65.69774627685547,1108.7724609375,0.0,0.0,0.0,-0.1270638406276703,True,nan,False,2.3555130610475317e-05,0.01
gpomdp_reward_only,706,865,1137235,0.0,False,85.62003326416016,1.6369614601135254,0.0,85.62003326416016,989.9981079101562,0.0,0.0,0.0,0.09472741186618805,True,nan,False,1.943581628438551e-05,0.01
gpomdp_reward_only,706,866,1137898,0.0,False,95.68706512451172,1.6098768711090088,0.0,95.68706512451172,1099.5408935546875,0.0,0.0,0.0,-0.34189915657043457,True,nan,False,2.393285649304744e-05,0.01
gpomdp_reward_only,706,867,1138557,0.0,False,85.70629119873047,1.602718710899353,0.0,85.70629119873047,1037.4049072265625,0.0,0.0,0.0,-0.1484057754278183,True,nan,False,1.8462958905729465e-05,0.01
gpomdp_reward_only,706,868,1139264,0.0,False,64.44866180419922,1.6239174604415894,0.0,64.44866180419922,961.1087646484375,0.0,0.0,0.0,-0.0005800038343295455,True,nan,False,1.810596586437896e-05,0.01
gpomdp_reward_only,706,869,1139915,0.0,False,72.29815673828125,1.6142820119857788,0.0,72.29815673828125,928.6607666015625,0.0,0.0,0.0,-0.21302728354930878,True,nan,False,2.4937367925303988e-05,0.01
gpomdp_reward_only,706,870,1140591,0.0,False,120.62232971191406,1.638975977897644,0.0,120.62232971191406,1287.526123046875,0.0,0.0,0.0,-0.22144944965839386,True,nan,False,2.567862975411117e-05,0.01
gpomdp_reward_only,706,871,1141361,0.0,False,88.31745147705078,1.6674761772155762,0.0,88.31745147705078,950.7574462890625,0.0,0.0,0.0,-0.47645339369773865,True,nan,False,2.1996220311848447e-05,0.01
gpomdp_reward_only,706,872,1142072,0.0,False,64.31149291992188,1.6392951011657715,0.0,64.31149291992188,1123.0177001953125,0.0,0.0,0.0,-0.3132286071777344,True,nan,False,1.958371103683021e-05,0.01
gpomdp_reward_only,706,873,1142803,0.0,False,113.69127655029297,1.6448123455047607,0.0,113.69127655029297,1455.1512451171875,0.0,0.0,0.0,0.5765984058380127,True,nan,False,9.81420907919528e-06,0.01
gpomdp_reward_only,706,874,1143522,0.0,False,62.25075149536133,1.633655071258545,0.0,62.25075149536133,894.298583984375,0.0,0.0,0.0,0.11960376799106598,True,nan,False,1.1563205589482095e-05,0.01
gpomdp_reward_only,706,875,1144154,0.0,False,91.41339111328125,1.6791852712631226,0.0,91.41339111328125,1353.258056640625,0.0,0.0,0.0,0.25243067741394043,True,nan,False,6.353227036015596e-06,0.01
gpomdp_reward_only,706,876,1144966,0.0,False,79.6366195678711,1.6466593742370605,0.0,79.6366195678711,1313.9224853515625,0.0,0.0,0.0,-0.43850812315940857,True,nan,False,3.7228548990242416e-06,0.01
gpomdp_reward_only,706,877,1145734,0.0,False,29.143678665161133,1.653521180152893,0.0,29.143678665161133,930.5098876953125,0.0,0.0,0.0,0.362970769405365,True,nan,False,3.16866317007225e-06,0.01
gpomdp_reward_only,706,878,1146550,0.0,False,48.922340393066406,1.629026174545288,0.0,48.922340393066406,1238.833984375,0.0,0.0,0.0,-0.36262449622154236,True,nan,False,2.6397690362500725e-06,0.01
gpomdp_reward_only,706,879,1147277,0.0,False,61.21187210083008,1.618313193321228,0.0,61.21187210083008,1076.7734375,0.0,0.0,0.0,-0.15438589453697205,True,nan,False,6.014971404511016e-06,0.01
gpomdp_reward_only,706,880,1147893,0.0,False,76.63790130615234,1.6312685012817383,0.0,76.63790130615234,945.514404296875,0.0,0.0,0.0,-0.16680924594402313,True,nan,False,1.0660792213457171e-05,0.01
gpomdp_reward_only,706,881,1148542,0.0,False,56.45823669433594,1.6227611303329468,0.0,56.45823669433594,1007.243408203125,0.0,0.0,0.0,-0.01179758831858635,True,nan,False,6.277592092374107e-06,0.01
gpomdp_reward_only,706,882,1149227,0.0,False,140.36648559570312,1.6222108602523804,0.0,140.36648559570312,1288.79638671875,0.0,0.0,0.0,0.05481499433517456,True,nan,False,2.7996049993816996e-06,0.01
gpomdp_reward_only,706,883,1149949,0.0,False,162.60585021972656,1.5932375192642212,0.0,162.60585021972656,1003.3185424804688,0.0,0.0,0.0,0.11410914361476898,True,nan,False,1.224900915985927e-05,0.01
gpomdp_reward_only,706,884,1150592,0.0,False,162.93312072753906,1.6238391399383545,0.0,162.93312072753906,1313.011474609375,0.0,0.0,0.0,-0.27162379026412964,True,nan,False,1.5408057151944377e-05,0.01
gpomdp_reward_only,706,885,1151297,0.0,False,91.78573608398438,1.6173092126846313,0.0,91.78573608398438,1301.1739501953125,0.0,0.0,0.0,-0.003464904148131609,True,nan,False,2.0648671124945395e-05,0.01
gpomdp_reward_only,706,886,1151990,0.0,False,92.18189239501953,1.6818839311599731,0.0,92.18189239501953,1225.1224365234375,0.0,0.0,0.0,-0.1722748726606369,True,nan,False,2.8688138627330773e-05,0.01
gpomdp_reward_only,706,887,1152697,0.0,False,62.025390625,1.6180452108383179,0.0,62.025390625,811.498046875,0.0,0.0,0.0,-0.3686603605747223,True,nan,False,1.7495638530817814e-05,0.01
gpomdp_reward_only,706,888,1153347,0.0,False,144.47731018066406,1.6625423431396484,0.0,144.47731018066406,1418.625,0.0,0.0,0.0,-0.3698597550392151,True,nan,False,1.6042593415477313e-05,0.01
gpomdp_reward_only,706,889,1154035,0.0,False,91.63302612304688,1.6390761137008667,0.0,91.63302612304688,1050.662353515625,0.0,0.0,0.0,-0.016138695180416107,True,nan,False,2.4170538381440565e-05,0.01
gpomdp_reward_only,706,890,1154726,0.0,False,57.136329650878906,1.6211743354797363,0.0,57.136329650878906,1067.247314453125,0.0,0.0,0.0,0.42246806621551514,True,nan,False,1.0806989848788362e-05,0.01
gpomdp_reward_only,706,891,1155343,0.0,False,118.12260437011719,1.6786304712295532,0.0,118.12260437011719,976.9922485351562,0.0,0.0,0.0,-0.1703568994998932,True,nan,False,1.3054053852101788e-05,0.01
gpomdp_reward_only,706,892,1156130,0.0,False,161.19369506835938,1.6496509313583374,0.0,161.19369506835938,1421.3592529296875,0.0,0.0,0.0,0.1107649952173233,True,nan,False,8.055603757384233e-06,0.01
gpomdp_reward_only,706,893,1156936,0.0,False,62.62392044067383,1.7182683944702148,0.0,62.62392044067383,1311.669677734375,0.0,0.0,0.0,0.5904340744018555,True,nan,False,3.888041192112723e-06,0.01
gpomdp_reward_only,706,894,1157706,0.0,False,93.741455078125,1.6161365509033203,0.0,93.741455078125,1121.2298583984375,0.0,0.0,0.0,0.11521654576063156,True,nan,False,1.0664658475434408e-05,0.01
gpomdp_reward_only,706,895,1158360,0.0,False,40.24249267578125,1.647529125213623,0.0,40.24249267578125,932.8518676757812,0.0,0.0,0.0,0.46677839756011963,True,nan,False,6.2369676925300155e-06,0.01
gpomdp_reward_only,706,896,1158962,0.0,False,102.4970703125,1.641557216644287,0.0,102.4970703125,805.07275390625,0.0,0.0,0.0,0.2611350417137146,True,nan,False,5.517983936442761e-06,0.01
gpomdp_reward_only,706,897,1159586,0.0,False,48.037967681884766,1.6205108165740967,0.0,48.037967681884766,1204.5772705078125,0.0,0.0,0.0,0.026996375992894173,True,nan,False,9.263389983971138e-06,0.01
gpomdp_reward_only,706,898,1160256,0.0,False,60.962547302246094,1.6322996616363525,0.0,60.962547302246094,1409.8504638671875,0.0,0.0,0.0,0.3440530598163605,True,nan,False,5.243250143394107e-06,0.01
gpomdp_reward_only,706,899,1160949,0.0,False,119.12749481201172,1.6423330307006836,0.0,119.12749481201172,897.7271118164062,0.0,0.0,0.0,-0.1797945201396942,True,nan,False,9.9160479294369e-06,0.01
gpomdp_reward_only,706,900,1161676,0.0,False,120.87386322021484,1.6553508043289185,0.0,120.87386322021484,960.7994384765625,0.0,0.0,0.0,0.25374382734298706,True,nan,False,1.818033524614293e-05,0.01
gpomdp_reward_only,706,901,1162317,0.0,False,60.16598892211914,1.6069692373275757,0.0,60.16598892211914,872.1824340820312,0.0,0.0,0.0,-0.08114093542098999,True,nan,False,1.5308838555938564e-05,0.01
gpomdp_reward_only,706,902,1162961,0.0,False,61.22370529174805,1.6544281244277954,0.0,61.22370529174805,1185.9498291015625,0.0,0.0,0.0,0.18980884552001953,True,nan,False,1.1663248187687714e-05,0.01
gpomdp_reward_only,706,903,1163625,0.0,False,72.3785400390625,1.6629482507705688,0.0,72.3785400390625,1391.28515625,0.0,0.0,0.0,0.24781914055347443,True,nan,False,1.8882476069848053e-05,0.01
gpomdp_reward_only,706,904,1164352,0.0,False,102.05455780029297,1.6113015413284302,0.0,102.05455780029297,1052.562744140625,0.0,0.0,0.0,0.11202022433280945,True,nan,False,1.1939690921280999e-05,0.01
gpomdp_reward_only,706,905,1165006,0.0,False,77.96595764160156,1.6444810628890991,0.0,77.96595764160156,1047.7276611328125,0.0,0.0,0.0,0.15488959848880768,True,nan,False,7.421846930810716e-06,0.01
gpomdp_reward_only,706,906,1165657,0.0,False,113.20146179199219,1.6436612606048584,0.0,113.20146179199219,1041.31298828125,0.0,0.0,0.0,0.26681819558143616,True,nan,False,2.3256841359398095e-06,0.01
gpomdp_reward_only,706,907,1166362,0.0,False,79.5125503540039,1.6653136014938354,0.0,79.5125503540039,978.0001220703125,0.0,0.0,0.0,0.050551626831293106,True,nan,False,2.9511777484003687e-06,0.01
gpomdp_reward_only,706,908,1167126,0.0,False,133.1045379638672,1.6242505311965942,0.0,133.1045379638672,1009.2715454101562,0.0,0.0,0.0,0.3208593428134918,True,nan,False,9.420881724508945e-06,0.01
gpomdp_reward_only,706,909,1167875,0.0,False,202.37930297851562,1.6961755752563477,0.0,202.37930297851562,1888.4635009765625,0.0,0.0,0.0,0.025881001725792885,True,nan,False,2.8084954465157352e-05,0.01
gpomdp_reward_only,706,910,1168741,0.0,False,156.5046844482422,1.6878961324691772,0.0,156.5046844482422,1676.9246826171875,0.0,0.0,0.0,0.1510823518037796,True,nan,False,1.575338319526054e-05,0.01
gpomdp_reward_only,706,911,1169547,0.0,False,45.845062255859375,1.6344366073608398,0.0,45.845062255859375,1076.8172607421875,0.0,0.0,0.0,0.31559696793556213,True,nan,False,1.508025798102608e-05,0.01
gpomdp_reward_only,706,912,1170249,0.0,False,94.04985809326172,1.6124379634857178,0.0,94.04985809326172,1174.5208740234375,0.0,0.0,0.0,0.03102194145321846,True,nan,False,1.603903183422517e-05,0.01
gpomdp_reward_only,706,913,1170884,0.0,False,47.131263732910156,1.6376615762710571,0.0,47.131263732910156,919.6536865234375,0.0,0.0,0.0,-0.5550761818885803,True,nan,False,1.0376709724368993e-05,0.01
gpomdp_reward_only,706,914,1171529,0.0,False,69.69963836669922,1.6417181491851807,0.0,69.69963836669922,1211.8323974609375,0.0,0.0,0.0,-0.6210865378379822,True,nan,False,6.921818567207083e-06,0.01
gpomdp_reward_only,706,915,1172242,0.0,False,164.31956481933594,1.6766232252120972,0.0,164.31956481933594,1611.8912353515625,0.0,0.0,0.0,-0.2740766704082489,True,nan,False,6.688790563202929e-06,0.01
gpomdp_reward_only,706,916,1173138,0.0,False,83.98919677734375,1.6032155752182007,0.0,83.98919677734375,1277.6180419921875,0.0,0.0,0.0,0.2712646722793579,True,nan,False,9.438353117730003e-06,0.01
gpomdp_reward_only,706,917,1173902,0.0,False,72.3951187133789,1.6284681558609009,0.0,72.3951187133789,945.5823974609375,0.0,0.0,0.0,-0.028263304382562637,True,nan,False,4.214030013827141e-06,0.01
gpomdp_reward_only,706,918,1174531,0.0,False,64.34769439697266,1.6190904378890991,0.0,64.34769439697266,1305.6390380859375,0.0,0.0,0.0,0.19612891972064972,True,nan,False,2.238620254502166e-06,0.01
gpomdp_reward_only,706,919,1175205,0.0,False,54.039276123046875,1.6190181970596313,0.0,54.039276123046875,1268.83349609375,0.0,0.0,0.0,0.18296487629413605,True,nan,False,1.0418240208309726e-06,0.01
gpomdp_reward_only,706,920,1175784,0.0,False,53.524234771728516,1.614488959312439,0.0,53.524234771728516,1248.78759765625,0.0,0.0,0.0,0.1717190444469452,True,nan,False,1.96616042558162e-06,0.01
gpomdp_reward_only,706,921,1176453,0.0,False,102.74285125732422,1.6367332935333252,0.0,102.74285125732422,1157.584716796875,0.0,0.0,0.0,-0.009388287551701069,True,nan,False,4.911063911094971e-07,0.01
gpomdp_reward_only,706,922,1177172,0.0,False,127.46489715576172,1.6753380298614502,0.0,127.46489715576172,1491.19873046875,0.0,0.0,0.0,-0.166640967130661,True,nan,False,5.48905109098996e-06,0.01
gpomdp_reward_only,706,923,1177940,0.0,False,80.81495666503906,1.6102033853530884,0.0,80.81495666503906,1290.276123046875,0.0,0.0,0.0,0.043855536729097366,True,nan,False,1.5471475762751652e-06,0.01
gpomdp_reward_only,706,924,1178604,0.0,False,80.52855682373047,1.668133020401001,0.0,80.52855682373047,1494.5059814453125,0.0,0.0,0.0,0.06931760907173157,True,nan,False,1.8008689721682458e-06,0.01
gpomdp_reward_only,706,925,1179353,0.0,False,87.10787200927734,1.6287205219268799,0.0,87.10787200927734,1505.961669921875,0.0,0.0,0.0,-0.19079555571079254,True,nan,False,1.670682650001254e-06,0.01
gpomdp_reward_only,706,926,1180089,0.0,False,85.59164428710938,1.6181755065917969,0.0,85.59164428710938,954.2459106445312,0.0,0.0,0.0,-0.4508633613586426,True,nan,False,3.03708111459855e-06,0.01
gpomdp_reward_only,706,927,1180736,0.0,False,94.64981079101562,1.651466965675354,0.0,94.64981079101562,950.659423828125,0.0,0.0,0.0,0.39660629630088806,True,nan,False,2.682163312783814e-06,0.01
gpomdp_reward_only,706,928,1181413,0.0,False,90.12873077392578,1.6172086000442505,0.0,90.12873077392578,774.1469116210938,0.0,0.0,0.0,0.31533700227737427,True,nan,False,2.407309239060851e-06,0.01
gpomdp_reward_only,706,929,1182082,0.0,False,69.6109390258789,1.6142988204956055,0.0,69.6109390258789,1458.985595703125,0.0,0.0,0.0,0.35975271463394165,True,nan,False,3.692751306516584e-06,0.01
gpomdp_reward_only,706,930,1182719,0.0,False,123.28736877441406,1.5908409357070923,0.0,123.28736877441406,1103.458251953125,0.0,0.0,0.0,-0.22622597217559814,True,nan,False,1.516659494882333e-06,0.01
gpomdp_reward_only,706,931,1183381,0.0,False,88.9032974243164,1.6098346710205078,0.0,88.9032974243164,987.1763916015625,0.0,0.0,0.0,-0.3048122227191925,True,nan,False,2.3797060748620424e-06,0.01
gpomdp_reward_only,706,932,1184034,0.0,False,204.84747314453125,1.5830442905426025,0.0,204.84747314453125,1076.7777099609375,0.0,0.0,0.0,0.0699053406715393,True,nan,False,9.81912398856366e-06,0.01
gpomdp_reward_only,706,933,1184699,0.0,False,133.9658966064453,1.6513926982879639,0.0,133.9658966064453,1390.93017578125,0.0,0.0,0.0,0.32573893666267395,True,nan,False,2.8023619051964488e-06,0.01
gpomdp_reward_only,706,934,1185459,0.0,False,64.88237762451172,1.6121735572814941,0.0,64.88237762451172,1103.2113037109375,0.0,0.0,0.0,-0.2911725640296936,True,nan,False,1.7460623666920583e-06,0.01
gpomdp_reward_only,706,935,1186096,0.0,False,87.02274322509766,1.6075438261032104,0.0,87.02274322509766,1074.7008056640625,0.0,0.0,0.0,-0.07621629536151886,True,nan,False,3.342175887155463e-06,0.01
gpomdp_reward_only,706,936,1186756,0.0,False,75.42922973632812,1.6188901662826538,0.0,75.42922973632812,746.6869506835938,0.0,0.0,0.0,0.4077426493167877,True,nan,False,2.7751136713050073e-06,0.01
gpomdp_reward_only,706,937,1187375,0.0,False,105.51268768310547,1.6971367597579956,0.0,105.51268768310547,1180.7535400390625,0.0,0.0,0.0,0.04360884055495262,True,nan,False,2.0122076875850325e-06,0.01
gpomdp_reward_only,706,938,1188225,0.0,False,66.3087387084961,1.6228485107421875,0.0,66.3087387084961,713.0844116210938,0.0,0.0,0.0,-0.5267997980117798,True,nan,False,1.6869788623807835e-06,0.01
gpomdp_reward_only,706,939,1188849,0.0,False,102.44088745117188,1.6161518096923828,0.0,102.44088745117188,986.9913330078125,0.0,0.0,0.0,-0.009941586293280125,True,nan,False,4.014550086139934e-06,0.01
gpomdp_reward_only,706,940,1189506,0.0,False,106.68938446044922,1.6073640584945679,0.0,106.68938446044922,1096.42529296875,0.0,0.0,0.0,-0.1968708336353302,True,nan,False,1.0940769243461546e-05,0.01
gpomdp_reward_only,706,941,1190165,0.0,False,51.96369934082031,1.6200480461120605,0.0,51.96369934082031,804.3490600585938,0.0,0.0,0.0,-0.5745469331741333,True,nan,False,9.856121323537081e-06,0.01
gpomdp_reward_only,706,942,1190792,0.0,False,85.78340911865234,1.627057433128357,0.0,85.78340911865234,1110.317138671875,0.0,0.0,0.0,-0.4052806496620178,True,nan,False,1.3325760846782941e-05,0.01
gpomdp_reward_only,706,943,1191434,0.0,False,99.2151870727539,1.6179026365280151,0.0,99.2151870727539,935.7614135742188,0.0,0.0,0.0,0.12741635739803314,True,nan,False,4.3260342863504775e-06,0.01
gpomdp_reward_only,706,944,1192100,0.0,False,88.87325286865234,1.6657625436782837,0.0,88.87325286865234,992.5144653320312,0.0,0.0,0.0,-0.5237261056900024,True,nan,False,7.15932128514396e-06,0.01
gpomdp_reward_only,706,945,1192774,0.0,False,66.16050720214844,1.612695574760437,0.0,66.16050720214844,1187.1708984375,0.0,0.0,0.0,0.008768968284130096,True,nan,False,3.5942314298154088e-06,0.01
gpomdp_reward_only,706,946,1193486,0.0,False,72.37144470214844,1.6362942457199097,0.0,72.37144470214844,1004.613037109375,0.0,0.0,0.0,0.42701268196105957,True,nan,False,8.025820648072113e-07,0.01
gpomdp_reward_only,706,947,1194196,0.0,False,79.36666107177734,1.6362768411636353,0.0,79.36666107177734,1091.5552978515625,0.0,0.0,0.0,-0.602668285369873,True,nan,False,5.849269086866116e-07,0.01
gpomdp_reward_only,706,948,1194995,0.0,False,58.91502380371094,1.6575418710708618,0.0,58.91502380371094,1061.229736328125,0.0,0.0,0.0,0.38835182785987854,True,nan,False,7.774594905640697e-07,0.01
gpomdp_reward_only,706,949,1195631,0.0,False,155.86087036132812,1.6428338289260864,0.0,155.86087036132812,1147.3212890625,0.0,0.0,0.0,0.052515529096126556,True,nan,False,8.730165063752793e-06,0.01
gpomdp_reward_only,706,950,1196323,0.0,False,74.15641784667969,1.6251442432403564,0.0,74.15641784667969,1266.5992431640625,0.0,0.0,0.0,0.18920692801475525,True,nan,False,1.2179873010609299e-05,0.01
gpomdp_reward_only,706,951,1197040,0.0,False,96.71009826660156,1.638953685760498,0.0,96.71009826660156,1145.93212890625,0.0,0.0,0.0,-0.16603532433509827,True,nan,False,2.7541921099327737e-06,0.01
gpomdp_reward_only,706,952,1197708,0.0,False,69.1355209350586,1.6065564155578613,0.0,69.1355209350586,1124.873779296875,0.0,0.0,0.0,0.3824479281902313,True,nan,False,6.255403604882304e-06,0.01
gpomdp_reward_only,706,953,1198356,0.0,False,110.64315032958984,1.659279704093933,0.0,110.64315032958984,1484.2265625,0.0,0.0,0.0,0.027626883238554,True,nan,False,1.1511558113852516e-05,0.01
gpomdp_reward_only,706,954,1199162,0.0,False,88.57089233398438,1.6381982564926147,0.0,88.57089233398438,1325.934326171875,0.0,0.0,0.0,-0.14978651702404022,True,nan,False,1.720764339552261e-05,0.01
gpomdp_reward_only,706,955,1199897,0.0,False,133.95159912109375,1.6191248893737793,0.0,133.95159912109375,1398.3792724609375,0.0,0.0,0.0,-0.3022851347923279,True,nan,False,2.458601738908328e-05,0.01
gpomdp_reward_only,706,956,1200701,0.0,False,94.86077880859375,1.6177592277526855,0.0,94.86077880859375,1340.9029541015625,0.0,0.0,0.0,0.15380969643592834,True,nan,False,3.961927359341644e-05,0.01
gpomdp_reward_only,706,957,1201327,0.0,False,45.20781707763672,1.6206378936767578,0.0,45.20781707763672,988.5514526367188,0.0,0.0,0.0,-0.10022895038127899,True,nan,False,3.670514706755057e-05,0.01
gpomdp_reward_only,706,958,1201999,0.0,False,108.56693267822266,1.6611210107803345,0.0,108.56693267822266,993.8689575195312,0.0,0.0,0.0,0.15961776673793793,True,nan,False,1.3276683603180572e-05,0.01
gpomdp_reward_only,706,959,1202705,0.0,False,104.6976318359375,1.637986421585083,0.0,104.6976318359375,1117.341064453125,0.0,0.0,0.0,-0.2900925278663635,True,nan,False,4.4180642362334765e-06,0.01
gpomdp_reward_only,706,960,1203346,0.0,False,50.18601989746094,1.6439422369003296,0.0,50.18601989746094,935.2675170898438,0.0,0.0,0.0,-0.37319526076316833,True,nan,False,5.374060947360704e-06,0.01
gpomdp_reward_only,706,961,1204017,0.0,False,58.20824432373047,1.6995278596878052,0.0,58.20824432373047,1167.334716796875,0.0,0.0,0.0,0.043232593685388565,True,nan,False,3.8925304579606745e-06,0.01
gpomdp_reward_only,706,962,1204778,0.0,False,88.66549682617188,1.681658387184143,0.0,88.66549682617188,1485.1083984375,0.0,0.0,0.0,0.19320860505104065,True,nan,False,4.737469680549111e-06,0.01
gpomdp_reward_only,706,963,1205556,0.0,False,86.85941314697266,1.648663878440857,0.0,86.85941314697266,1070.298095703125,0.0,0.0,0.0,-0.3737315833568573,True,nan,False,4.387393346405588e-06,0.01
gpomdp_reward_only,706,964,1206184,0.0,False,73.86955261230469,1.605989933013916,0.0,73.86955261230469,1064.7493896484375,0.0,0.0,0.0,0.06458619236946106,True,nan,False,5.392139883042546e-06,0.01
gpomdp_reward_only,706,965,1206861,0.0,False,85.51558685302734,1.6510518789291382,0.0,85.51558685302734,914.4736938476562,0.0,0.0,0.0,0.0362309068441391,True,nan,False,3.575535174604738e-06,0.01
gpomdp_reward_only,706,966,1207544,0.0,False,66.4112777709961,1.619485855102539,0.0,66.4112777709961,1045.1053466796875,0.0,0.0,0.0,-0.15706580877304077,True,nan,False,5.3206908887659665e-06,0.01
gpomdp_reward_only,706,967,1208219,0.0,False,69.02676391601562,1.6185084581375122,0.0,69.02676391601562,1088.9627685546875,0.0,0.0,0.0,0.14114516973495483,True,nan,False,3.452669261605479e-06,0.01
gpomdp_reward_only,706,968,1208862,0.0,False,141.4518585205078,1.6197537183761597,0.0,141.4518585205078,1342.6962890625,0.0,0.0,0.0,-0.09488577395677567,True,nan,False,1.342892210232094e-05,0.01
gpomdp_reward_only,706,969,1209614,0.0,False,122.94275665283203,1.648138165473938,0.0,122.94275665283203,1779.53564453125,0.0,0.0,0.0,-0.008111114613711834,True,nan,False,9.615786439098883e-06,0.01
gpomdp_reward_only,706,970,1210473,0.0,False,136.46435546875,1.6110647916793823,0.0,136.46435546875,1099.3155517578125,0.0,0.0,0.0,0.008946530520915985,True,nan,False,4.054186319990549e-06,0.01
gpomdp_reward_only,706,971,1211153,0.0,False,113.78803253173828,1.632243037223816,0.0,113.78803253173828,1236.72705078125,0.0,0.0,0.0,-0.31256169080734253,True,nan,False,1.0268406185787171e-05,0.01
gpomdp_reward_only,706,972,1211898,0.0,False,44.70271682739258,1.6075140237808228,0.0,44.70271682739258,909.8106689453125,0.0,0.0,0.0,0.4030084013938904,True,nan,False,9.108582162298262e-06,0.01
gpomdp_reward_only,706,973,1212493,0.0,False,85.40230560302734,1.6293030977249146,0.0,85.40230560302734,869.578125,0.0,0.0,0.0,0.44457975029945374,True,nan,False,7.000876848906046e-06,0.01
gpomdp_reward_only,706,974,1213141,0.0,False,62.88234329223633,1.6336994171142578,0.0,62.88234329223633,1223.9127197265625,0.0,0.0,0.0,-0.27197036147117615,True,nan,False,3.5462794585328083e-06,0.01
gpomdp_reward_only,706,975,1213817,0.0,False,86.16024017333984,1.6376227140426636,0.0,86.16024017333984,1354.012939453125,0.0,0.0,0.0,-0.005693957209587097,True,nan,False,2.5982496936194366e-06,0.01
gpomdp_reward_only,706,976,1214561,0.0,False,146.85812377929688,1.6133562326431274,0.0,146.85812377929688,1039.4573974609375,0.0,0.0,0.0,0.11856234818696976,True,nan,False,1.4389404896064661e-05,0.01
gpomdp_reward_only,706,977,1215193,0.0,False,71.01242065429688,1.621595025062561,0.0,71.01242065429688,778.03662109375,0.0,0.0,0.0,-0.2313048392534256,True,nan,False,1.0743951861513779e-05,0.01
gpomdp_reward_only,706,978,1215871,0.0,False,96.14846801757812,1.5994669198989868,0.0,96.14846801757812,1079.583740234375,0.0,0.0,0.0,0.09366528689861298,True,nan,False,1.1850958799186628e-05,0.01
gpomdp_reward_only,706,979,1216510,0.0,False,124.92810821533203,1.6212053298950195,0.0,124.92810821533203,929.6740112304688,0.0,0.0,0.0,0.041116390377283096,True,nan,False,1.0046644092653878e-05,0.01
gpomdp_reward_only,706,980,1217147,0.0,False,98.22676086425781,1.6442047357559204,0.0,98.22676086425781,1107.1241455078125,0.0,0.0,0.0,-0.13245320320129395,True,nan,False,2.0259999473637436e-06,0.01
gpomdp_reward_only,706,981,1217829,0.0,False,70.01104736328125,1.6729942560195923,0.0,70.01104736328125,1212.2034912109375,0.0,0.0,0.0,-0.14744322001934052,True,nan,False,1.0890036037380924e-06,0.01
gpomdp_reward_only,706,982,1218528,0.0,False,106.78208923339844,1.6989936828613281,0.0,106.78208923339844,1218.0333251953125,0.0,0.0,0.0,-0.2060091495513916,True,nan,False,2.258244649055996e-06,0.01
gpomdp_reward_only,706,983,1219323,0.0,False,74.82686614990234,1.6248362064361572,0.0,74.82686614990234,800.038330078125,0.0,0.0,0.0,-0.2184256911277771,True,nan,False,6.775096153432969e-06,0.01
gpomdp_reward_only,706,984,1219996,0.0,False,85.95143127441406,1.6603115797042847,0.0,85.95143127441406,1280.94384765625,0.0,0.0,0.0,0.017264092341065407,True,nan,False,1.015150519378949e-05,0.01
gpomdp_reward_only,706,985,1220689,0.0,False,89.63159942626953,1.6425654888153076,0.0,89.63159942626953,809.9736328125,0.0,0.0,0.0,-0.04989105090498924,True,nan,False,4.283841008145828e-06,0.01
gpomdp_reward_only,706,986,1221330,0.0,False,29.391305923461914,1.6327250003814697,0.0,29.391305923461914,991.1463623046875,0.0,0.0,0.0,0.6290276050567627,True,nan,False,3.176667405568878e-06,0.01
gpomdp_reward_only,706,987,1221972,0.0,False,77.2193374633789,1.6217204332351685,0.0,77.2193374633789,1073.0264892578125,0.0,0.0,0.0,0.531901478767395,True,nan,False,4.134615664952435e-06,0.01
gpomdp_reward_only,706,988,1222622,0.0,False,135.07669067382812,1.6554778814315796,0.0,135.07669067382812,1033.64892578125,0.0,0.0,0.0,0.3053908050060272,True,nan,False,9.182602298096754e-06,0.01
gpomdp_reward_only,706,989,1223311,0.0,False,84.61627197265625,1.6452521085739136,0.0,84.61627197265625,1095.7060546875,0.0,0.0,0.0,0.33023160696029663,True,nan,False,1.593949673406314e-05,0.01
gpomdp_reward_only,706,990,1224005,0.0,False,69.34246826171875,1.6271382570266724,0.0,69.34246826171875,1239.16650390625,0.0,0.0,0.0,-0.12530392408370972,True,nan,False,1.0907660907832906e-05,0.01
gpomdp_reward_only,706,991,1224675,0.0,False,223.1137237548828,1.6568763256072998,0.0,223.1137237548828,1539.832763671875,0.0,0.0,0.0,0.07457661628723145,True,nan,False,2.995464274135884e-05,0.01
gpomdp_reward_only,706,992,1225505,0.0,False,64.73715209960938,1.6623828411102295,0.0,64.73715209960938,1199.2928466796875,0.0,0.0,0.0,-0.1542966663837433,True,nan,False,1.2878082998213358e-05,0.01
gpomdp_reward_only,706,993,1226217,0.0,False,103.26102447509766,1.6190409660339355,0.0,103.26102447509766,905.798583984375,0.0,0.0,0.0,-0.2836459279060364,True,nan,False,1.4585159988200758e-05,0.01
gpomdp_reward_only,706,994,1226849,0.0,False,60.024383544921875,1.6349129676818848,0.0,60.024383544921875,1776.1793212890625,0.0,0.0,0.0,-0.15599364042282104,True,nan,False,1.7504749848740175e-05,0.01
gpomdp_reward_only,706,995,1227621,0.0,False,81.9892349243164,1.6243038177490234,0.0,81.9892349243164,1466.623046875,0.0,0.0,0.0,-0.20429366827011108,True,nan,False,1.220397916767979e-05,0.01
gpomdp_reward_only,706,996,1228383,0.0,False,54.2264289855957,1.6253244876861572,0.0,54.2264289855957,1099.3404541015625,0.0,0.0,0.0,-0.12015227973461151,True,nan,False,6.794569344492629e-06,0.01
gpomdp_reward_only,706,997,1229018,0.0,False,90.87611389160156,1.5946779251098633,0.0,90.87611389160156,1025.5400390625,0.0,0.0,0.0,-0.11185359209775925,True,nan,False,1.5152303603827022e-05,0.01
gpomdp_reward_only,706,998,1229680,0.0,False,58.22900390625,1.627582311630249,0.0,58.22900390625,922.7833251953125,0.0,0.0,0.0,0.21315766870975494,True,nan,False,6.0951110754103865e-06,0.01
gpomdp_reward_only,706,999,1230320,0.0,False,73.84672546386719,1.6215219497680664,0.0,73.84672546386719,1019.7077026367188,0.0,0.0,0.0,-0.47137293219566345,True,nan,False,3.606409336498473e-06,0.01
