method,seed,update,true_environment_steps_before_update,beta,barrier_active,reward_gradient_norm,barrier_gradient_norm,regularizer_gradient_norm,total_gradient_norm,naturalized_reward_norm,naturalized_barrier_norm,euclidean_barrier_to_reward_ratio,natural_barrier_to_reward_ratio,euclidean_cosine,euclidean_cosine_defined,natural_cosine,natural_cosine_defined,realized_kl,damping,valid,invalid_reason,target_kl,predicted_kl,scale_factor,gradient_norm,natural_direction_norm,quadratic_form,solve_residual,fisher_condition_number,damped_condition_number
npg_reward_only,611,0,0,0.0,False,403.2479553222656,0.10307607054710388,0.0,403.2479553222656,1151.6995849609375,0.0,0.0,0.0,0.06251515448093414,True,nan,False,0.0010582497343420982,0.1,True,,0.001,0.0010000000474974513,9.0544912382029e-05,403.2479553222656,1151.6995849609375,243950.625,6.065337220206857e-05,907532480.0,9.082746505737305
npg_reward_only,611,1,4000,0.0,False,275.71051025390625,0.10068613290786743,0.0,275.71051025390625,646.3468627929688,0.0,0.0,0.0,0.02073662169277668,True,nan,False,0.0009966351790353656,0.1,True,,0.001,0.0009999999310821295,0.0001431910350220278,275.71051025390625,646.3468627929688,97543.5,4.507849007495679e-05,8738958336.0,9.643448829650879
npg_reward_only,611,2,8000,0.0,False,335.3530578613281,0.10546518862247467,0.0,335.3530578613281,1034.9742431640625,0.0,0.0,0.0,0.7088311910629272,True,nan,False,0.000995371025055647,0.1,True,,0.001,0.0010000000474974513,0.00011842027743114159,335.3530578613281,1034.9742431640625,142619.15625,4.908854316454381e-05,705466816.0,9.525041580200195
npg_reward_only,611,3,12000,0.0,False,209.99166870117188,0.08292371034622192,0.0,209.99166870117188,640.7251586914062,0.0,0.0,0.0,0.8392750024795532,True,nan,False,0.0009924756595864892,0.1,True,,0.001,0.0009999999310821295,0.00018594367429614067,209.99166870117188,640.7251586914062,57845.18359375,4.0103062929119915e-05,5800834560.0,9.44491958618164
npg_reward_only,611,4,16000,0.0,False,211.4086151123047,0.06102869287133217,0.0,211.4086151123047,434.27996826171875,0.0,0.0,0.0,-0.1587660312652588,True,nan,False,0.0009993236744776368,0.1,True,,0.001,0.0009999999310821295,0.00019476088345982134,211.4086151123047,434.27996826171875,52726.20703125,4.286676266929135e-05,1202381568.0,8.863173484802246
npg_reward_only,611,5,20000,0.0,False,395.4487609863281,0.07306563854217529,0.0,395.4487609863281,733.8381958007812,0.0,0.0,0.0,0.5098748803138733,True,nan,False,0.0010127382120117545,0.1,True,,0.001,0.0010000000474974513,0.00010744088649516925,395.4487609863281,733.8381958007812,173257.03125,7.31705004000105e-05,1076973824.0,8.655743598937988
npg_reward_only,611,6,24000,0.0,False,203.15704345703125,0.06544916331768036,0.0,203.15704345703125,620.4361572265625,0.0,0.0,0.0,-0.051026057451963425,True,nan,False,0.001024833763949573,0.1,True,,0.001,0.0010000001639127731,0.00016952850273810327,203.15704345703125,620.4361572265625,69589.640625,2.4888833650038578e-05,598724416.0,8.590700149536133
npg_reward_only,611,7,28000,0.0,False,370.88482666015625,0.06299325078725815,0.0,370.88482666015625,693.4111938476562,0.0,0.0,0.0,0.06863094866275787,True,nan,False,0.0010024477960541844,0.1,True,,0.001,0.0010000000474974513,0.00011280435865046456,370.88482666015625,693.4111938476562,157173.109375,4.1763109038583934e-05,596313216.0,8.635625839233398
npg_reward_only,611,8,32000,0.0,False,430.80096435546875,0.07559677958488464,0.0,430.80096435546875,1245.0108642578125,0.0,0.0,0.0,0.5831291675567627,True,nan,False,0.0010128612630069256,0.1,True,,0.001,0.0010000000474974513,8.791700383881107e-05,430.80096435546875,1245.0108642578125,258752.34375,9.376981324749067e-05,1309207936.0,8.822440147399902
npg_reward_only,611,9,36000,0.0,False,242.2305450439453,0.05277843773365021,0.0,242.2305450439453,618.4544677734375,0.0,0.0,0.0,-0.05563608929514885,True,nan,False,0.0010247970931231976,0.1,True,,0.001,0.0010000001639127731,0.00017666458734311163,242.2305450439453,618.4544677734375,64081.2578125,3.1071769626578316e-05,2026183808.0,9.110244750976562
npg_reward_only,611,10,40000,0.0,False,183.6043243408203,0.07636106014251709,0.0,183.6043243408203,824.5645751953125,0.0,0.0,0.0,-0.24681852757930756,True,nan,False,0.0009723197435960174,0.1,True,,0.001,0.0009999999310821295,0.00018547424406278878,183.6043243408203,824.5645751953125,58138.359375,3.644460593932308e-05,9029324800.0,9.39391040802002
npg_reward_only,611,11,44000,0.0,False,440.7867736816406,0.07633719593286514,0.0,440.7867736816406,1080.854736328125,0.0,0.0,0.0,0.06635172665119171,True,nan,False,0.0010411901166662574,0.1,True,,0.001,0.0009999999310821295,9.163349750451744e-05,440.7867736816406,1080.854736328125,238188.875,6.640178617089987e-05,2605464320.0,10.173530578613281
npg_reward_only,611,12,48000,0.0,False,337.82025146484375,0.08885124325752258,0.0,337.82025146484375,1057.00634765625,0.0,0.0,0.0,0.7046940326690674,True,nan,False,0.0009735678322613239,0.1,True,,0.001,0.0009999999310821295,0.0001102268070098944,337.82025146484375,1057.00634765625,164609.75,7.416686275973916e-05,1166257024.0,9.797947883605957
npg_reward_only,611,13,52000,0.0,False,143.1215362548828,0.06933291256427765,0.0,143.1215362548828,724.7595825195312,0.0,0.0,0.0,0.18278254568576813,True,nan,False,0.0010176935466006398,0.1,True,,0.001,0.0009999999310821295,0.0002501712879166007,143.1215362548828,724.7595825195312,31956.1953125,2.9138782338122837e-05,2285743104.0,9.621133804321289
npg_reward_only,611,14,56000,0.0,False,131.33384704589844,0.06447649747133255,0.0,131.33384704589844,693.1392822265625,0.0,0.0,0.0,-0.19083772599697113,True,nan,False,0.001010544365271926,0.1,True,,0.001,0.0010000000474974513,0.00026847986737266183,131.33384704589844,693.1392822265625,27746.39453125,2.8009768357151188e-05,123552505856.0,10.221570014953613
npg_reward_only,611,15,60000,0.0,False,307.4424743652344,0.07241787016391754,0.0,307.4424743652344,1369.15771484375,0.0,0.0,0.0,0.06395934522151947,True,nan,False,0.001021584146656096,0.1,True,,0.001,0.0010000000474974513,0.00010766748891910538,307.4424743652344,1369.15771484375,172528.484375,0.00013044894149061292,2119228800.0,10.472984313964844
npg_reward_only,611,16,63977,0.0,False,356.1258850097656,0.07991694658994675,0.0,356.1258850097656,1365.4000244140625,0.0,0.0,0.0,-0.6581072211265564,True,nan,False,0.0009803557768464088,0.1,True,,0.001,0.0010000001639127731,0.00010226514132227749,356.1258850097656,1365.4000244140625,191238.25,5.690253965440206e-05,3034483968.0,10.149894714355469
npg_reward_only,611,17,67851,0.0,False,318.27325439453125,0.0943877175450325,0.0,318.27325439453125,1410.902587890625,0.0,0.0,0.0,0.11783633381128311,True,nan,False,0.0011445150012150407,0.1,True,,0.001,0.0010000001639127731,0.00010379173181718215,318.27325439453125,1410.902587890625,185654.09375,8.009041630430147e-05,5962406912.0,10.416049003601074
npg_reward_only,611,18,71851,0.0,False,260.73712158203125,0.0916462317109108,0.0,260.73712158203125,1076.3980712890625,0.0,0.0,0.0,-0.800205409526825,True,nan,False,0.001024904428049922,0.1,True,,0.001,0.0009999999310821295,0.00013319792924448848,260.73712158203125,1076.3980712890625,112728.84375,5.639244773192331e-05,689305152.0,11.27219295501709
npg_reward_only,611,19,75851,0.0,False,256.3046569824219,0.12524724006652832,0.0,256.3046569824219,1105.447265625,0.0,0.0,0.0,0.29268795251846313,True,nan,False,0.0009752109181135893,0.1,True,,0.001,0.0010000000474974513,0.00014289995306171477,256.3046569824219,1105.447265625,97941.296875,4.6636454499093816e-05,1658857856.0,11.417985916137695
npg_reward_only,611,20,79851,0.0,False,525.8082275390625,0.11131136864423752,0.0,525.8082275390625,1318.4573974609375,0.0,0.0,0.0,0.10607592761516571,True,nan,False,0.0010318466229364276,0.1,True,,0.001,0.0010000000474974513,8.82883250596933e-05,525.8082275390625,1318.4573974609375,256580.390625,6.990748079260811e-05,2542742784.0,12.185194969177246
npg_reward_only,611,21,83851,0.0,False,282.3973693847656,0.10687925666570663,0.0,282.3973693847656,1521.8157958984375,0.0,0.0,0.0,0.28284066915512085,True,nan,False,0.0009963884949684143,0.1,True,,0.001,0.0009999999310821295,0.00012435921235010028,282.3973693847656,1521.8157958984375,129322.484375,8.433520997641608e-05,3325411584.0,13.263731956481934
npg_reward_only,611,22,87851,0.0,False,371.0253601074219,0.10997331142425537,0.0,371.0253601074219,1195.291748046875,0.0,0.0,0.0,0.22823189198970795,True,nan,False,0.0009306224528700113,0.1,True,,0.001,0.0010000000474974513,0.00010056142491521314,371.0253601074219,1195.291748046875,197773.09375,6.462119927164167e-05,1711634048.0,12.445501327514648
npg_reward_only,611,23,91851,0.0,False,234.09933471679688,0.09743165224790573,0.0,234.09933471679688,1037.31591796875,0.0,0.0,0.0,-0.5023547410964966,True,nan,False,0.0010454740840941668,0.1,True,,0.001,0.0010000001639127731,0.0001499258796684444,234.09933471679688,1037.31591796875,88976.8046875,4.0801463910611346e-05,15713985536.0,12.382230758666992
npg_reward_only,611,24,95851,0.0,False,386.7340087890625,0.13892419636249542,0.0,386.7340087890625,1212.2774658203125,0.0,0.0,0.0,-0.5546419620513916,True,nan,False,0.0009668287239037454,0.1,True,,0.001,0.0010000001639127731,9.952897380571812e-05,386.7340087890625,1212.2774658203125,201897.515625,7.941827061586082e-05,20515690496.0,12.075138092041016
npg_reward_only,611,25,99851,0.0,False,236.81532287597656,0.14851097762584686,0.0,236.81532287597656,930.0673217773438,0.0,0.0,0.0,0.6330683827400208,True,nan,False,0.0010102810338139534,0.1,True,,0.001,0.0010000000474974513,0.00016215088544413447,236.81532287597656,930.0673217773438,76066.140625,4.2612267861841246e-05,2337908224.0,13.096616744995117
npg_reward_only,611,26,103851,0.0,False,196.0322723388672,0.13181999325752258,0.0,196.0322723388672,1082.073486328125,0.0,0.0,0.0,0.19308586418628693,True,nan,False,0.0010643143905326724,0.1,True,,0.001,0.0010000001639127731,0.00019318026897963136,196.0322723388672,1082.073486328125,53592.5625,4.0693073970032856e-05,1630290304.0,11.722089767456055
npg_reward_only,611,27,107831,0.0,False,219.14700317382812,0.11905635893344879,0.0,219.14700317382812,934.5833129882812,0.0,0.0,0.0,0.4345826506614685,True,nan,False,0.0009658545604906976,0.1,True,,0.001,0.0009999999310821295,0.00017916690558195114,219.14700317382812,934.5833129882812,62303.78125,4.49451690656133e-05,1148596096.0,11.728190422058105
npg_reward_only,611,28,111711,0.0,False,498.5188293457031,0.13229331374168396,0.0,498.5188293457031,1167.837646484375,0.0,0.0,0.0,-0.45185479521751404,True,nan,False,0.0010187514126300812,0.1,True,,0.001,0.0010000001639127731,8.149688801495358e-05,498.5188293457031,1167.837646484375,301125.78125,0.00011875898780999705,1716496640.0,10.78681755065918
npg_reward_only,611,29,115684,0.0,False,235.0803985595703,0.13726210594177246,0.0,235.0803985595703,1106.5340576171875,0.0,0.0,0.0,-0.6989697217941284,True,nan,False,0.001146944472566247,0.1,True,,0.001,0.0010000001639127731,0.00014298936002887785,235.0803985595703,1106.5340576171875,97818.859375,6.141299672890455e-05,2326441728.0,11.169342994689941
npg_reward_only,611,30,119199,0.0,False,312.379150390625,0.19252769649028778,0.0,312.379150390625,1423.1357421875,0.0,0.0,0.0,0.07229042798280716,True,nan,False,0.0009948194492608309,0.1,True,,0.001,0.0010000001639127731,0.00011789987183874473,312.379150390625,1423.1357421875,143880.96875,8.348830306204036e-05,1335641856.0,11.887362480163574
npg_reward_only,611,31,122917,0.0,False,271.9806213378906,0.15713714063167572,0.0,271.9806213378906,1091.42236328125,0.0,0.0,0.0,0.11410562694072723,True,nan,False,0.0009786351583898067,0.1,True,,0.001,0.0010000000474974513,0.00015056575648486614,271.9806213378906,1091.42236328125,88222.140625,5.050786421634257e-05,842570880.0,10.757606506347656
npg_reward_only,611,32,126711,0.0,False,246.99368286132812,0.17275260388851166,0.0,246.99368286132812,1007.0903930664062,0.0,0.0,0.0,-0.3261434733867645,True,nan,False,0.0010475808521732688,0.1,True,,0.001,0.0010000001639127731,0.00014804179954808205,246.99368286132812,1007.0903930664062,91255.984375,5.302228601067327e-05,698214144.0,11.533696174621582
npg_reward_only,611,33,130343,0.0,False,417.23388671875,0.1991139054298401,0.0,417.23388671875,1660.4801025390625,0.0,0.0,0.0,-0.20895583927631378,True,nan,False,0.0009531026007607579,0.1,True,,0.001,0.0009999999310821295,8.190208609448746e-05,417.23388671875,1660.4801025390625,298153.625,7.567708962596953e-05,8992817152.0,11.181398391723633
npg_reward_only,611,34,133848,0.0,False,351.1584777832031,0.19130851328372955,0.0,351.1584777832031,1430.54638671875,0.0,0.0,0.0,-0.3580237925052643,True,nan,False,0.001073649269528687,0.1,True,,0.001,0.0010000000474974513,9.97012757579796e-05,351.1584777832031,1430.54638671875,201200.28125,8.027150761336088e-05,3255328768.0,11.054605484008789
npg_reward_only,611,35,137585,0.0,False,200.76808166503906,0.2488442063331604,0.0,200.76808166503906,869.617919921875,0.0,0.0,0.0,-0.14987429976463318,True,nan,False,0.001120003405958414,0.1,True,,0.001,0.0009999999310821295,0.00020807299006264657,200.76808166503906,869.617919921875,46195.3828125,3.581175405997783e-05,9380497408.0,11.81556224822998
npg_reward_only,611,36,140535,0.0,False,355.9750671386719,0.20991621911525726,0.0,355.9750671386719,1198.4674072265625,0.0,0.0,0.0,-0.4668084979057312,True,nan,False,0.0009281650418415666,0.1,True,,0.001,0.0010000001639127731,0.00012160775804659352,355.9750671386719,1198.4674072265625,135240.71875,8.669085218571126e-05,4219039232.0,12.51732349395752
npg_reward_only,611,37,143521,0.0,False,288.99847412109375,0.2551532983779907,0.0,288.99847412109375,1156.5103759765625,0.0,0.0,0.0,0.058862727135419846,True,nan,False,0.0009267880232073367,0.1,True,,0.001,0.0009999999310821295,0.00012096263526473194,288.99847412109375,1156.5103759765625,136687.09375,6.421997386496514e-05,3712033792.0,13.00393009185791
npg_reward_only,611,38,146448,0.0,False,251.24359130859375,0.269845575094223,0.0,251.24359130859375,929.5186157226562,0.0,0.0,0.0,0.32409799098968506,True,nan,False,0.0010332069359719753,0.1,True,,0.001,0.0010000000474974513,0.00015142987831495702,251.24359130859375,929.5186157226562,87218.15625,5.075148510513827e-05,3211343360.0,11.491250991821289
npg_reward_only,611,39,149432,0.0,False,288.8778076171875,0.2630653381347656,0.0,288.8778076171875,1259.7564697265625,0.0,0.0,0.0,-0.5556656718254089,True,nan,False,0.0010533632012084126,0.1,True,,0.001,0.0009999999310821295,0.00011487176379887387,288.8778076171875,1259.7564697265625,151566.5625,7.131576421670616e-05,5629206528.0,11.800275802612305
npg_reward_only,611,40,153005,0.0,False,535.1825561523438,0.20862214267253876,0.0,535.1825561523438,1687.548828125,0.0,0.0,0.0,-0.21462197601795197,True,nan,False,0.000777564593590796,0.1,True,,0.001,0.0009999999310821295,7.472304423572496e-05,535.1825561523438,1687.548828125,358196.125,9.386899182572961e-05,1347318784.0,14.029160499572754
npg_reward_only,611,41,156645,0.0,False,328.4553527832031,0.23480235040187836,0.0,328.4553527832031,1219.848388671875,0.0,0.0,0.0,-0.3604518473148346,True,nan,False,0.0010031625861302018,0.1,True,,0.001,0.0009999999310821295,0.00010860450856853276,328.4553527832031,1219.848388671875,169564.25,6.643098458880559e-05,3743507200.0,11.957246780395508
npg_reward_only,611,42,159786,0.0,False,219.6532440185547,0.2611038386821747,0.0,219.6532440185547,758.9583740234375,0.0,0.0,0.0,0.4226797819137573,True,nan,False,0.0009897318668663502,0.1,True,,0.001,0.0009999999310821295,0.0001879066985566169,219.6532440185547,758.9583740234375,56642.8984375,4.8274057917296886e-05,32605671424.0,12.785924911499023
npg_reward_only,611,43,162842,0.0,False,298.1602783203125,0.2660401165485382,0.0,298.1602783203125,966.9279174804688,0.0,0.0,0.0,-0.5414156913757324,True,nan,False,0.0007361745228990912,0.1,True,,0.001,0.0010000003967434168,0.00014645115879829973,298.1602783203125,966.9279174804688,93249.0546875,0.0001223310100613162,3560074752.0,12.183443069458008
npg_reward_only,611,44,165946,0.0,False,287.783935546875,0.24053223431110382,0.0,287.783935546875,738.4794921875,0.0,0.0,0.0,-0.7737742066383362,True,nan,False,0.0010379283921793103,0.1,True,,0.001,0.0010000000474974513,0.00014295610890258104,287.783935546875,738.4794921875,97864.375,5.7810291764326394e-05,27725576192.0,13.377161979675293
npg_reward_only,611,45,168709,0.0,False,207.8917999267578,0.2943066954612732,0.0,207.8917999267578,821.3666381835938,0.0,0.0,0.0,-0.8329417109489441,True,nan,False,0.0009264157270081341,0.1,True,,0.001,0.0010000001639127731,0.0001866424863692373,207.8917999267578,821.3666381835938,57412.83984375,4.1768951632548124e-05,794213760.0,13.077579498291016
npg_reward_only,611,46,171354,0.0,False,342.5283203125,0.337383508682251,0.0,342.5283203125,1206.59423828125,0.0,0.0,0.0,-0.739456057548523,True,nan,False,0.0010654423385858536,0.1,True,,0.001,0.0009999999310821295,0.00010381446918472648,342.5283203125,1206.59423828125,185572.75,6.239115464268252e-05,1326898560.0,12.94444465637207
npg_reward_only,611,47,174149,0.0,False,453.0884094238281,0.36406347155570984,0.0,453.0884094238281,1266.1922607421875,0.0,0.0,0.0,-0.5593566298484802,True,nan,False,0.0010007777018472552,0.1,True,,0.001,0.0010000000474974513,0.00010110271978192031,453.0884094238281,1266.1922607421875,195661.03125,9.954441338777542e-05,1801516800.0,13.800300598144531
npg_reward_only,611,48,176828,0.0,False,450.5229797363281,0.4812438189983368,0.0,450.5229797363281,863.5643310546875,0.0,0.0,0.0,0.42225411534309387,True,nan,False,0.0011227494105696678,0.1,True,,0.001,0.0010000000474974513,0.00011182217713212594,450.5229797363281,863.5643310546875,159946.28125,7.752246892778203e-05,2095879680.0,12.678362846374512
npg_reward_only,611,49,179530,0.0,False,496.68048095703125,0.4249488115310669,0.0,496.68048095703125,1173.2603759765625,0.0,0.0,0.0,-0.35005250573158264,True,nan,False,0.0009701686794869602,0.1,True,,0.001,0.0010000001639127731,8.548014739062637e-05,496.68048095703125,1173.2603759765625,273715.5625,8.250775135820732e-05,2286310912.0,12.904603958129883
npg_reward_only,611,50,181690,0.0,False,290.89447021484375,0.5572680234909058,0.0,290.89447021484375,1087.96875,0.0,0.0,0.0,0.6517347097396851,True,nan,False,0.0009867572225630283,0.1,True,,0.001,0.0009999999310821295,0.00013954825408291072,290.89447021484375,1087.96875,102702.546875,5.696892549167387e-05,3627395840.0,12.122979164123535
npg_reward_only,611,51,184383,0.0,False,461.21917724609375,0.43409115076065063,0.0,461.21917724609375,1307.301025390625,0.0,0.0,0.0,-0.22452789545059204,True,nan,False,0.0008943887078203261,0.1,True,,0.001,0.0010000000474974513,8.301094931084663e-05,461.21917724609375,1307.301025390625,290241.34375,0.00012550584506243467,953626688.0,13.036979675292969
npg_reward_only,611,52,187356,0.0,False,395.25592041015625,0.3628324270248413,0.0,395.25592041015625,1020.8390502929688,0.0,0.0,0.0,-0.3868293762207031,True,nan,False,0.0008969128248281777,0.1,True,,0.001,0.0010000001639127731,0.00010372753604315221,395.25592041015625,1020.8390502929688,185883.953125,9.921394666889682e-05,6767415296.0,13.645130157470703
npg_reward_only,611,53,189391,0.0,False,349.93927001953125,0.3328569233417511,0.0,349.93927001953125,999.0514526367188,0.0,0.0,0.0,-0.4187200963497162,True,nan,False,0.0009638199117034674,0.1,True,,0.001,0.0010000001639127731,0.00011123595322715119,349.93927001953125,999.0514526367188,161636.59375,0.0001264511520275846,5369266176.0,15.138736724853516
npg_reward_only,611,54,191331,0.0,False,201.1287841796875,0.35114413499832153,0.0,201.1287841796875,763.6322021484375,0.0,0.0,0.0,-0.38873594999313354,True,nan,False,0.0010383225744590163,0.1,True,,0.001,0.0010000001639127731,0.00016377191059291363,201.1287841796875,763.6322021484375,74567.78125,3.6066267057321966e-05,4834117120.0,12.701742172241211
npg_reward_only,611,55,192979,0.0,False,232.2711181640625,0.4286387860774994,0.0,232.2711181640625,908.8385009765625,0.0,0.0,0.0,-0.2437557429075241,True,nan,False,0.0008592868689447641,0.1,True,,0.001,0.0010000000474974513,0.0001691591169219464,232.2711181640625,908.8385009765625,69893.890625,4.359339436632581e-05,1689395200.0,12.928808212280273
npg_reward_only,611,56,195024,0.0,False,276.4182434082031,0.3888651132583618,0.0,276.4182434082031,984.2744750976562,0.0,0.0,0.0,-0.2184942066669464,True,nan,False,0.0010336776031181216,0.1,True,,0.001,0.0009999999310821295,0.00012203477672301233,276.4182434082031,984.2744750976562,134295.90625,6.9169131165836e-05,9191182336.0,14.918728828430176
npg_reward_only,611,57,196787,0.0,False,197.43453979492188,0.46612828969955444,0.0,197.43453979492188,1082.771484375,0.0,0.0,0.0,0.038804396986961365,True,nan,False,0.0009408764308318496,0.1,True,,0.001,0.0010000001639127731,0.00016669464821461588,197.43453979492188,1082.771484375,71975.8359375,5.412058817455545e-05,1262602240.0,13.202056884765625
npg_reward_only,611,58,199022,0.0,False,222.33924865722656,0.42049527168273926,0.0,222.33924865722656,652.8900756835938,0.0,0.0,0.0,-0.5627137422561646,True,nan,False,0.0009826462483033538,0.1,True,,0.001,0.0010000000474974513,0.00017283644410781562,222.33924865722656,652.8900756835938,66951.359375,3.922362157027237e-05,3283333120.0,14.068460464477539
npg_reward_only,611,59,200758,0.0,False,202.6584930419922,0.49702852964401245,0.0,202.6584930419922,878.4380493164062,0.0,0.0,0.0,0.7519235610961914,True,nan,False,0.0010598863009363413,0.1,True,,0.001,0.0009999999310821295,0.00018030284263659269,202.6584930419922,878.4380493164062,61521.203125,4.5498360123019665e-05,80221609984.0,11.841696739196777
npg_reward_only,611,60,202642,0.0,False,198.56155395507812,0.42102837562561035,0.0,198.56155395507812,897.2046508789062,0.0,0.0,0.0,-0.683804988861084,True,nan,False,0.0010193511843681335,0.1,True,,0.001,0.0010000001639127731,0.0001687624753685668,198.56155395507812,897.2046508789062,70222.8203125,3.750620089704171e-05,3442300928.0,10.84323787689209
npg_reward_only,611,61,204607,0.0,False,246.32330322265625,0.49492156505584717,0.0,246.32330322265625,796.6400146484375,0.0,0.0,0.0,0.3122214674949646,True,nan,False,0.0010011587291955948,0.1,True,,0.001,0.0009999999310821295,0.0001362779294140637,246.32330322265625,796.6400146484375,107690.8828125,8.447058644378558e-05,1547415296.0,11.511523246765137
npg_reward_only,611,62,206467,0.0,False,180.27792358398438,0.5275572538375854,0.0,180.27792358398438,642.6365966796875,0.0,0.0,0.0,0.457666277885437,True,nan,False,0.0010794006520882249,0.1,True,,0.001,0.0010000000474974513,0.0002229337114840746,180.27792358398438,642.6365966796875,40241.90234375,3.911010207957588e-05,4679823872.0,10.718481063842773
npg_reward_only,611,63,208514,0.0,False,262.697509765625,0.4856424331665039,0.0,262.697509765625,1001.0259399414062,0.0,0.0,0.0,0.1879662424325943,True,nan,False,0.000987778534181416,0.1,True,,0.001,0.0010000000474974513,0.00013542069063987583,262.697509765625,1001.0259399414062,109058.609375,5.6322882301174104e-05,4098736640.0,10.726263046264648
npg_reward_only,611,64,210323,0.0,False,355.1058349609375,0.47401440143585205,0.0,355.1058349609375,842.6026611328125,0.0,0.0,0.0,0.04878176376223564,True,nan,False,0.0009672007872723043,0.1,True,,0.001,0.0009999999310821295,0.0001132666293415241,355.1058349609375,842.6026611328125,155892.8125,6.594428123207763e-05,855485248.0,11.102173805236816
npg_reward_only,611,65,212238,0.0,False,208.6567840576172,0.418721079826355,0.0,208.6567840576172,781.5690307617188,0.0,0.0,0.0,-0.7258216738700867,True,nan,False,0.001035731635056436,0.1,True,,0.001,0.0010000000474974513,0.00017811829457059503,208.6567840576172,781.5690307617188,63039.53125,2.9340784749365412e-05,2660682496.0,11.468461036682129
npg_reward_only,611,66,213731,0.0,False,272.4729919433594,0.5640385746955872,0.0,272.4729919433594,673.5007934570312,0.0,0.0,0.0,-0.6900725364685059,True,nan,False,0.0009333600755780935,0.1,True,,0.001,0.0010000001639127731,0.0001567408471601084,272.4729919433594,673.5007934570312,81407.734375,4.170883403276093e-05,1541389056.0,13.133164405822754
npg_reward_only,611,67,215486,0.0,False,156.1942901611328,0.4485040605068207,0.0,156.1942901611328,602.8753662109375,0.0,0.0,0.0,-0.31296324729919434,True,nan,False,0.001100104651413858,0.1,True,,0.001,0.0009999999310821295,0.0002634604461491108,156.1942901611328,602.8753662109375,28813.70703125,3.264959741500206e-05,1028776704.0,12.172426223754883
npg_reward_only,611,68,216961,0.0,False,198.40980529785156,0.47507885098457336,0.0,198.40980529785156,666.05224609375,0.0,0.0,0.0,-0.7407748103141785,True,nan,False,0.0009756655781529844,0.1,True,,0.001,0.0010000000474974513,0.00019494550360832363,198.40980529785156,666.05224609375,52626.390625,3.5479744838085026e-05,1222480384.0,12.687527656555176
npg_reward_only,611,69,218431,0.0,False,188.54991149902344,0.6758114695549011,0.0,188.54991149902344,705.4737548828125,0.0,0.0,0.0,0.5892584323883057,True,nan,False,0.0011808559065684676,0.1,True,,0.001,0.0010000001639127731,0.00019873665587510914,188.54991149902344,705.4737548828125,50637.7109375,4.120757876080461e-05,1135025536.0,10.122125625610352
npg_reward_only,611,70,220282,0.0,False,303.00482177734375,0.5973270535469055,0.0,303.00482177734375,803.059326171875,0.0,0.0,0.0,-0.9038766026496887,True,nan,False,0.0009956636931747198,0.1,True,,0.001,0.0010000000474974513,0.00013212132034823298,303.00482177734375,803.059326171875,114573.5078125,4.6220655349316075e-05,5212264448.0,10.887140274047852
npg_reward_only,611,71,222305,0.0,False,192.95547485351562,0.678474485874176,0.0,192.95547485351562,676.5887451171875,0.0,0.0,0.0,0.31182658672332764,True,nan,False,0.0009988308884203434,0.1,True,,0.001,0.0009999999310821295,0.0001979903900064528,192.95547485351562,676.5887451171875,51020.15625,4.001761044492014e-05,782732544.0,11.856730461120605
npg_reward_only,611,72,223974,0.0,False,143.62486267089844,0.545878529548645,0.0,143.62486267089844,614.2516479492188,0.0,0.0,0.0,0.008442556485533714,True,nan,False,0.001089122029952705,0.1,True,,0.001,0.0009999998146668077,0.0002878984669223428,143.62486267089844,614.2516479492188,24129.666015625,3.7693702324759215e-05,1200365184.0,11.627409934997559
npg_reward_only,611,73,225295,0.0,False,159.76109313964844,0.5752464532852173,0.0,159.76109313964844,527.2861328125,0.0,0.0,0.0,0.5573135018348694,True,nan,False,0.0011035969946533442,0.1,True,,0.001,0.0009999999310821295,0.00025448831729590893,159.76109313964844,527.2861328125,30881.2109375,3.2737319997977465e-05,2090208128.0,13.131808280944824
npg_reward_only,611,74,226589,0.0,False,209.1461181640625,0.5360099077224731,0.0,209.1461181640625,694.5128784179688,0.0,0.0,0.0,-0.22593367099761963,True,nan,False,0.0010808228980749846,0.1,True,,0.001,0.0009999999310821295,0.00019023708591703326,209.1461181640625,694.5128784179688,55263.65625,4.545126648736186e-05,3894595072.0,13.243009567260742
npg_reward_only,611,75,227940,0.0,False,309.22955322265625,0.6542165279388428,0.0,309.22955322265625,798.7177124023438,0.0,0.0,0.0,-0.3995586335659027,True,nan,False,0.0010260292328894138,0.1,True,,0.001,0.0009999999310821295,0.0001374774583382532,309.22955322265625,798.7177124023438,105819.8125,6.630349525948986e-05,1474253184.0,12.081910133361816
npg_reward_only,611,76,229860,0.0,False,146.7843017578125,0.7427943348884583,0.0,146.7843017578125,663.6119384765625,0.0,0.0,0.0,0.5767197012901306,True,nan,False,0.0010899959597736597,0.1,True,,0.001,0.0009999999310821295,0.0003104968345724046,146.7843017578125,663.6119384765625,20745.10546875,2.775162829493638e-05,997134720.0,12.691917419433594
npg_reward_only,611,77,231721,0.0,False,209.4768524169922,0.5731061697006226,0.0,209.4768524169922,685.1455688476562,0.0,0.0,0.0,-0.20589223504066467,True,nan,False,0.0009850397473201156,0.1,True,,0.001,0.0009999999310821295,0.00019505753880366683,209.4768524169922,685.1455688476562,52565.953125,4.415361036080867e-05,6025249280.0,14.159759521484375
npg_reward_only,611,78,233138,0.0,False,285.47906494140625,0.5290719866752625,0.0,285.47906494140625,596.8289794921875,0.0,0.0,0.0,-0.10871867835521698,True,nan,False,0.0010886251693591475,0.1,True,,0.001,0.0009999999310821295,0.00016871918342076242,285.47906494140625,596.8289794921875,70258.859375,7.486229878850281e-05,18729396224.0,15.08397388458252
npg_reward_only,611,79,234531,0.0,False,477.3354797363281,0.7331276535987854,0.0,477.3354797363281,1064.3280029296875,0.0,0.0,0.0,-0.8444098234176636,True,nan,False,0.0010041649220511317,0.1,True,,0.001,0.0010000001639127731,8.304134826175869e-05,477.3354797363281,1064.3280029296875,290028.875,0.00011524643196025863,1258821888.0,10.982501983642578
npg_reward_only,611,80,236814,0.0,False,338.3996887207031,0.6211226582527161,0.0,338.3996887207031,1010.5946044921875,0.0,0.0,0.0,-0.24462448060512543,True,nan,False,0.0009616201859898865,0.1,True,,0.001,0.0010000001639127731,0.00012782202975358814,338.3996887207031,1010.5946044921875,122410.484375,5.515191878657788e-05,24692361216.0,16.20599937438965
npg_reward_only,611,81,238483,0.0,False,293.1819763183594,0.7672476172447205,0.0,293.1819763183594,677.1229248046875,0.0,0.0,0.0,-0.12053893506526947,True,nan,False,0.0009052967070601881,0.1,True,,0.001,0.0009999999310821295,0.00013314683747012168,293.1819763183594,677.1229248046875,112815.375,4.426276063895784e-05,1838989184.0,11.58466625213623
npg_reward_only,611,82,240358,0.0,False,217.9807891845703,0.7398326396942139,0.0,217.9807891845703,942.327880859375,0.0,0.0,0.0,-0.20652425289154053,True,nan,False,0.0008619252475909889,0.1,True,,0.001,0.0010000001639127731,0.00018511759117245674,217.9807891845703,942.327880859375,58362.6015625,4.0273975173477083e-05,933159616.0,11.738348960876465
npg_reward_only,611,83,242194,0.0,False,259.6164245605469,0.7027685642242432,0.0,259.6164245605469,971.8946533203125,0.0,0.0,0.0,-0.636492908000946,True,nan,False,0.0009500370942987502,0.1,True,,0.001,0.0009999999310821295,0.0001449254050385207,259.6164245605469,971.8946533203125,95222.796875,6.0535876400535926e-05,1916812032.0,12.026415824890137
npg_reward_only,611,84,243817,0.0,False,233.65463256835938,0.6299598217010498,0.0,233.65463256835938,723.2745971679688,0.0,0.0,0.0,-0.15052135288715363,True,nan,False,0.0011767760151997209,0.1,True,,0.001,0.0009999998146668077,0.00018977267609443516,233.65463256835938,723.2745971679688,55534.46875,5.683463314198889e-05,15839990784.0,13.843317031860352
npg_reward_only,611,85,245025,0.0,False,289.5924072265625,0.732653796672821,0.0,289.5924072265625,657.0792846679688,0.0,0.0,0.0,0.3676682412624359,True,nan,False,0.000982210272923112,0.1,True,,0.001,0.0010000000474974513,0.00013311799557413906,289.5924072265625,657.0792846679688,112864.265625,5.305927697918378e-05,2842412288.0,12.351831436157227
npg_reward_only,611,86,246681,0.0,False,186.5877685546875,0.6141631007194519,0.0,186.5877685546875,717.72265625,0.0,0.0,0.0,-0.25038784742355347,True,nan,False,0.0012472348753362894,0.1,True,,0.001,0.0010000001639127731,0.00020365930686239153,186.5877685546875,717.72265625,48219.3671875,4.597567021846771e-05,1176458368.0,16.174692153930664
npg_reward_only,611,87,247987,0.0,False,340.5767517089844,0.7142325639724731,0.0,340.5767517089844,673.8836059570312,0.0,0.0,0.0,-0.1177479550242424,True,nan,False,0.0009508441435173154,0.1,True,,0.001,0.0010000001639127731,0.0001438250474166125,340.5767517089844,673.8836059570312,96685.4140625,5.525820597540587e-05,2264559360.0,14.588262557983398
npg_reward_only,611,88,249692,0.0,False,200.47650146484375,0.6857171058654785,0.0,200.47650146484375,680.1458740234375,0.0,0.0,0.0,-0.3697640895843506,True,nan,False,0.0010578599758446217,0.1,True,,0.001,0.0010000003967434168,0.0001754333352437243,200.47650146484375,680.1458740234375,64983.90625,3.8898131606401876e-05,4145415168.0,15.398736953735352
npg_reward_only,611,89,251155,0.0,False,126.9029541015625,0.6518158912658691,0.0,126.9029541015625,491.1366271972656,0.0,0.0,0.0,-0.6807729601860046,True,nan,False,0.0011957652168348432,0.1,True,,0.001,0.0010000001639127731,0.0003356085508130491,126.9029541015625,491.1366271972656,17756.771484375,2.9278715373948216e-05,2763800064.0,17.256656646728516
npg_reward_only,611,90,252334,0.0,False,136.96194458007812,0.7226868867874146,0.0,136.96194458007812,639.8158569335938,0.0,0.0,0.0,-0.7191298604011536,True,nan,False,0.0012396458769217134,0.1,True,,0.001,0.0010000001639127731,0.00026710343081504107,136.96194458007812,639.8158569335938,28033.099609375,3.7442110624397174e-05,2892503808.0,16.254013061523438
npg_reward_only,611,91,253590,0.0,False,234.11090087890625,0.7270031571388245,0.0,234.11090087890625,397.714111328125,0.0,0.0,0.0,-0.48167020082473755,True,nan,False,0.000987534993328154,0.1,True,,0.001,0.0010000001639127731,0.0002570041106082499,234.11090087890625,397.714111328125,30279.5859375,5.166490518604405e-05,2908055296.0,20.90802574157715
npg_reward_only,611,92,254815,0.0,False,201.61111450195312,0.7715153694152832,0.0,201.61111450195312,648.4785766601562,0.0,0.0,0.0,0.17814947664737701,True,nan,False,0.0011228036601096392,0.1,True,,0.001,0.0009999999310821295,0.00020829509594477713,201.61111450195312,648.4785766601562,46096.921875,3.4918390156235546e-05,2166545408.0,19.30994987487793
npg_reward_only,611,93,255941,0.0,False,165.3187255859375,0.7526025176048279,0.0,165.3187255859375,616.998046875,0.0,0.0,0.0,-0.41327786445617676,True,nan,False,0.0010493400041013956,0.1,True,,0.001,0.0010000000474974513,0.00020581245189532638,165.3187255859375,616.998046875,47215.734375,5.0373022531857714e-05,2204952576.0,23.994335174560547
npg_reward_only,611,94,257177,0.0,False,252.74415588378906,0.9691992998123169,0.0,252.74415588378906,628.987060546875,0.0,0.0,0.0,-0.2762853801250458,True,nan,False,0.000992283457890153,0.1,True,,0.001,0.0010000001639127731,0.00017795163148548454,252.74415588378906,628.987060546875,63157.66796875,4.9309328460367396e-05,3760901376.0,13.447709083557129
npg_reward_only,611,95,258751,0.0,False,98.13221740722656,0.873416543006897,0.0,98.13221740722656,481.51239013671875,0.0,0.0,0.0,0.37031590938568115,True,nan,False,0.000936804513912648,0.1,True,,0.001,0.0010000000474974513,0.00034681925899349153,98.13221740722656,481.51239013671875,16627.37109375,2.2528749468619935e-05,5710133248.0,19.950851440429688
npg_reward_only,611,96,259816,0.0,False,202.1862335205078,1.0252964496612549,0.0,202.1862335205078,740.51806640625,0.0,0.0,0.0,-0.22775444388389587,True,nan,False,0.0009985287906602025,0.1,True,,0.001,0.0010000001639127731,0.00018009230552706867,202.1862335205078,740.51806640625,61665.140625,4.298909698263742e-05,4808268288.0,12.148185729980469
npg_reward_only,611,97,262041,0.0,False,148.14817810058594,0.7781369686126709,0.0,148.14817810058594,469.713134765625,0.0,0.0,0.0,-0.17427387833595276,True,nan,False,0.0010033033322542906,0.1,True,,0.001,0.0010000000474974513,0.000279612053418532,148.14817810058594,469.713134765625,25581.0390625,3.0195305953384377e-05,12728290304.0,19.825130462646484
npg_reward_only,611,98,263245,0.0,False,245.13050842285156,0.8159403800964355,0.0,245.13050842285156,467.6770324707031,0.0,0.0,0.0,0.019916076213121414,True,nan,False,0.0010986473644152284,0.1,True,,0.001,0.0009999999310821295,0.00020788503752555698,245.13050842285156,467.6770324707031,46278.95703125,4.9991045671049505e-05,1020949056.0,18.57554817199707
npg_reward_only,611,99,264321,0.0,False,194.5158233642578,0.7579754590988159,0.0,194.5158233642578,433.3830261230469,0.0,0.0,0.0,-0.3021615445613861,True,nan,False,0.0009380244882777333,0.1,True,,0.001,0.0009999999310821295,0.00026704202173277736,194.5158233642578,433.3830261230469,28045.98828125,3.0089202482486144e-05,30272096256.0,22.345134735107422
npg_reward_only,611,100,265503,0.0,False,246.64865112304688,0.9955149292945862,0.0,246.64865112304688,705.339111328125,0.0,0.0,0.0,0.057506583631038666,True,nan,False,0.000991305336356163,0.1,True,,0.001,0.0010000001639127731,0.00018143581110052764,246.64865112304688,705.339111328125,60755.28125,4.143953992752358e-05,3946320384.0,14.26911449432373
npg_reward_only,611,101,267245,0.0,False,142.64373779296875,0.769294023513794,0.0,142.64373779296875,535.6021728515625,0.0,0.0,0.0,0.21219126880168915,True,nan,False,0.0011792628793045878,0.1,True,,0.001,0.0010000001639127731,0.0002729648840613663,142.64373779296875,535.6021728515625,26842.1015625,3.0459696063189767e-05,1816416512.0,18.280351638793945
npg_reward_only,611,102,268306,0.0,False,204.9512939453125,0.8173323273658752,0.0,204.9512939453125,558.8704223632812,0.0,0.0,0.0,-0.24841517210006714,True,nan,False,0.0007902192883193493,0.1,True,,0.001,0.0010000001639127731,0.0002297763858223334,204.9512939453125,558.8704223632812,37880.8046875,3.0249328119680285e-05,1016098368.0,21.937742233276367
npg_reward_only,611,103,269430,0.0,False,147.89418029785156,0.9158677458763123,0.0,147.89418029785156,678.7736206054688,0.0,0.0,0.0,0.06663626432418823,True,nan,False,0.001171497511677444,0.1,True,,0.001,0.0010000000474974513,0.00023643860185984522,147.89418029785156,678.7736206054688,35776.12109375,5.0131948228226975e-05,805591360.0,17.995370864868164
npg_reward_only,611,104,270708,0.0,False,140.4792022705078,0.9056281447410583,0.0,140.4792022705078,569.0943603515625,0.0,0.0,0.0,-0.407833993434906,True,nan,False,0.001100129447877407,0.1,True,,0.001,0.0010000000474974513,0.0002532697981223464,140.4792022705078,569.0943603515625,31179.07421875,5.2153965953039005e-05,52251455488.0,22.874187469482422
npg_reward_only,611,105,271924,0.0,False,181.60598754882812,1.0143325328826904,0.0,181.60598754882812,560.2102661132812,0.0,0.0,0.0,0.22677889466285706,True,nan,False,0.0011312200222164392,0.1,True,,0.001,0.0010000001639127731,0.00020864613179583102,181.60598754882812,560.2102661132812,45941.9453125,3.281422323198058e-05,56115552256.0,20.342100143432617
npg_reward_only,611,106,273171,0.0,False,283.9241027832031,1.0150386095046997,0.0,283.9241027832031,574.300048828125,0.0,0.0,0.0,-0.4916239082813263,True,nan,False,0.0008735250448808074,0.1,True,,0.001,0.0010000001639127731,0.00017769238911569118,283.9241027832031,574.300048828125,63342.09375,5.7345980167156085e-05,1275664512.0,21.449771881103516
npg_reward_only,611,107,274730,0.0,False,337.18963623046875,0.9972185492515564,0.0,337.18963623046875,596.4246826171875,0.0,0.0,0.0,0.1449410766363144,True,nan,False,0.0009874452371150255,0.1,True,,0.001,0.0009999999310821295,0.0001707915507722646,337.18963623046875,596.4246826171875,68564.171875,6.89870648784563e-05,7779874304.0,21.262372970581055
npg_reward_only,611,108,275983,0.0,False,187.9686279296875,1.1046452522277832,0.0,187.9686279296875,871.2310180664062,0.0,0.0,0.0,-0.03574306145310402,True,nan,False,0.0009392693755216897,0.1,True,,0.001,0.0009999999310821295,0.00019002951739821583,187.9686279296875,871.2310180664062,55384.45703125,5.434177001006901e-05,11874634752.0,15.940675735473633
npg_reward_only,611,109,277568,0.0,False,199.70521545410156,0.9683215022087097,0.0,199.70521545410156,616.1510009765625,0.0,0.0,0.0,-0.2816808521747589,True,nan,False,0.0009450383367948234,0.1,True,,0.001,0.0010000001639127731,0.00019208026060368866,199.70521545410156,616.1510009765625,54208.1484375,5.916464579058811e-05,3969475584.0,23.976408004760742
npg_reward_only,611,110,278769,0.0,False,314.5709533691406,0.9921428561210632,0.0,314.5709533691406,923.978271484375,0.0,0.0,0.0,-0.2717779576778412,True,nan,False,0.0011232733959332108,0.1,True,,0.001,0.0010000001639127731,0.0001573430490680039,314.5709533691406,923.978271484375,80785.7734375,6.0813901654910296e-05,4195057920.0,18.1086483001709
npg_reward_only,611,111,280122,0.0,False,237.86471557617188,1.0388214588165283,0.0,237.86471557617188,585.5433959960938,0.0,0.0,0.0,-0.5975658297538757,True,nan,False,0.000932851224206388,0.1,True,,0.001,0.0010000000474974513,0.0001732037344481796,237.86471557617188,585.5433959960938,66667.703125,3.843123704427853e-05,2664064256.0,18.596458435058594
npg_reward_only,611,112,281470,0.0,False,146.94517517089844,1.0089625120162964,0.0,146.94517517089844,395.35784912109375,0.0,0.0,0.0,-0.7200977802276611,True,nan,False,0.0008197261486202478,0.1,True,,0.001,0.0009999999310821295,0.0003062786709051579,146.94517517089844,395.35784912109375,21320.45703125,3.0609164241468534e-05,2793934592.0,22.55878257751465
npg_reward_only,611,113,282592,0.0,False,125.0965347290039,1.0001804828643799,0.0,125.0965347290039,519.7208862304688,0.0,0.0,0.0,-0.6823586225509644,True,nan,False,0.0008839717484079301,0.1,True,,0.001,0.001000000280328095,0.0003561470366548747,125.0965347290039,519.7208862304688,15767.810546875,2.8215315978741273e-05,1169078784.0,23.47905158996582
npg_reward_only,611,114,283779,0.0,False,97.4162368774414,1.0930140018463135,0.0,97.4162368774414,460.1472473144531,0.0,0.0,0.0,0.42709437012672424,True,nan,False,0.0009637316688895226,0.1,True,,0.001,0.0010000001639127731,0.0003411264333408326,97.4162368774414,460.1472473144531,17186.96875,4.603431807481684e-05,2622906368.0,23.119884490966797
npg_reward_only,611,115,284830,0.0,False,209.74566650390625,1.2052628993988037,0.0,209.74566650390625,676.450439453125,0.0,0.0,0.0,0.27668309211730957,True,nan,False,0.0009600262274034321,0.1,True,,0.001,0.0009999999310821295,0.00017126853344962,209.74566650390625,676.450439453125,68182.796875,3.5767901863437146e-05,934648128.0,16.713285446166992
npg_reward_only,611,116,286162,0.0,False,230.82620239257812,1.1513108015060425,0.0,230.82620239257812,638.9974975585938,0.0,0.0,0.0,-0.012408220209181309,True,nan,False,0.001135678612627089,0.1,True,,0.001,0.0010000001639127731,0.00020463229157030582,230.82620239257812,638.9974975585938,47761.9140625,5.729732583859004e-05,6035923968.0,19.08603286743164
npg_reward_only,611,117,287306,0.0,False,249.90492248535156,1.2242792844772339,0.0,249.90492248535156,583.0265502929688,0.0,0.0,0.0,0.002852394012734294,True,nan,False,0.0009063831530511379,0.1,True,,0.001,0.0009999999310821295,0.00019414990674704313,249.90492248535156,583.0265502929688,53058.578125,3.9967013435671106e-05,3684487936.0,15.62367057800293
npg_reward_only,611,118,288695,0.0,False,349.62738037109375,1.076825737953186,0.0,349.62738037109375,942.8160400390625,0.0,0.0,0.0,-0.19047431647777557,True,nan,False,0.0008972476935014129,0.1,True,,0.001,0.0010000000474974513,0.00012503945617936552,349.62738037109375,942.8160400390625,127919.25,5.430548117146827e-05,2550160384.0,18.94432830810547
npg_reward_only,611,119,289942,0.0,False,147.08160400390625,1.0220003128051758,0.0,147.08160400390625,580.6416625976562,0.0,0.0,0.0,-0.29694268107414246,True,nan,False,0.0010289824567735195,0.1,True,,0.001,0.0010000001639127731,0.00024190418480429798,147.08160400390625,580.6416625976562,34177.734375,4.0753580833552405e-05,1121646336.0,20.389829635620117
npg_reward_only,611,120,291014,0.0,False,230.82687377929688,1.0612132549285889,0.0,230.82687377929688,650.7237548828125,0.0,0.0,0.0,-0.4161529541015625,True,nan,False,0.000872673059348017,0.1,True,,0.001,0.0010000000474974513,0.00018527472275309265,230.82687377929688,650.7237548828125,58263.65234375,5.9214002249063924e-05,11074623488.0,25.709070205688477
npg_reward_only,611,121,292019,0.0,False,203.9602508544922,1.2443180084228516,0.0,203.9602508544922,866.0942993164062,0.0,0.0,0.0,-0.5443384051322937,True,nan,False,0.0009516102727502584,0.1,True,,0.001,0.0010000001639127731,0.00016029318794608116,203.9602508544922,866.0942993164062,77839.4765625,7.757172716083005e-05,45826904064.0,19.843774795532227
npg_reward_only,611,122,293387,0.0,False,145.0902099609375,1.1740539073944092,0.0,145.0902099609375,604.9581298828125,0.0,0.0,0.0,-0.4647504985332489,True,nan,False,0.0012631113640964031,0.1,True,,0.001,0.0009999999310821295,0.00025591562734916806,145.0902099609375,604.9581298828125,30537.70703125,3.8639933336526155e-05,818972544.0,29.81515121459961
npg_reward_only,611,123,294278,0.0,False,182.46493530273438,1.224421739578247,0.0,182.46493530273438,569.4510498046875,0.0,0.0,0.0,-0.7138803601264954,True,nan,False,0.001021037925966084,0.1,True,,0.001,0.0009999999310821295,0.00023273364058695734,182.46493530273438,569.4510498046875,36924.25,2.8904707505716942e-05,1134389376.0,23.626968383789062
npg_reward_only,611,124,295697,0.0,False,213.4229278564453,1.2499910593032837,0.0,213.4229278564453,501.29156494140625,0.0,0.0,0.0,-0.1309937983751297,True,nan,False,0.001047390280291438,0.1,True,,0.001,0.0010000000474974513,0.00022575452749151736,213.4229278564453,501.29156494140625,39242.5390625,4.5171313104219735e-05,9037325312.0,23.7163028717041
npg_reward_only,611,125,296691,0.0,False,108.14020538330078,1.2051736116409302,0.0,108.14020538330078,515.9609375,0.0,0.0,0.0,0.02300938032567501,True,nan,False,0.0009538002195768058,0.1,True,,0.001,0.0009999999310821295,0.0003579596523195505,108.14020538330078,515.9609375,15608.5244140625,2.9589073164970614e-05,1164310784.0,27.51801872253418
npg_reward_only,611,126,297881,0.0,False,162.85610961914062,1.208198070526123,0.0,162.85610961914062,657.5814819335938,0.0,0.0,0.0,0.5782201886177063,True,nan,False,0.0010230995249003172,0.1,True,,0.001,0.0010000001639127731,0.00021230077254585922,162.85610961914062,657.5814819335938,44373.828125,4.77638459415175e-05,3389191680.0,23.553638458251953
npg_reward_only,611,127,298969,0.0,False,280.9870300292969,1.181726336479187,0.0,280.9870300292969,569.508544921875,0.0,0.0,0.0,-0.6322329044342041,True,nan,False,0.0008274625288322568,0.1,True,,0.001,0.0009999999310821295,0.00018686422845348716,280.9870300292969,569.508544921875,57276.65625,6.0457219660747796e-05,1609320960.0,33.368804931640625
npg_reward_only,611,128,299990,0.0,False,220.02490234375,1.3092114925384521,0.0,220.02490234375,891.6146240234375,0.0,0.0,0.0,-0.3652650713920593,True,nan,False,0.0009869213681668043,0.1,True,,0.001,0.0010000001639127731,0.00014972071221563965,220.02490234375,891.6146240234375,89220.828125,5.212241012486629e-05,774566912.0,20.38632583618164
npg_reward_only,611,129,301483,0.0,False,133.49789428710938,1.4562270641326904,0.0,133.49789428710938,465.59259033203125,0.0,0.0,0.0,-0.08466637134552002,True,nan,False,0.0011345064267516136,0.1,True,,0.001,0.0009999998146668077,0.00036450009793043137,133.49789428710938,465.59259033203125,15053.4033203125,3.176627433276735e-05,4733342720.0,31.87360382080078
npg_reward_only,611,130,302434,0.0,False,176.05438232421875,1.2999284267425537,0.0,176.05438232421875,565.2484741210938,0.0,0.0,0.0,-0.4362344443798065,True,nan,False,0.0009578066528774798,0.1,True,,0.001,0.0010000001639127731,0.00022502473439089954,176.05438232421875,565.2484741210938,39497.4921875,3.7955167499603704e-05,2643764736.0,29.604990005493164
npg_reward_only,611,131,303413,0.0,False,298.0637512207031,1.287577748298645,0.0,298.0637512207031,803.23828125,0.0,0.0,0.0,0.24547892808914185,True,nan,False,0.0009787961607798934,0.1,True,,0.001,0.0010000000474974513,0.00013198699161875993,298.0637512207031,803.23828125,114806.8359375,7.888241816544905e-05,931846080.0,26.54020881652832
npg_reward_only,611,132,304656,0.0,False,193.35726928710938,1.3249949216842651,0.0,193.35726928710938,568.4292602539062,0.0,0.0,0.0,-0.5172348618507385,True,nan,False,0.0009826213354244828,0.1,True,,0.001,0.0010000001639127731,0.0002086386812152341,193.35726928710938,568.4292602539062,45945.2265625,5.479613901115954e-05,2042380800.0,34.4767951965332
npg_reward_only,611,133,305790,0.0,False,198.15701293945312,1.2678592205047607,0.0,198.15701293945312,809.277099609375,0.0,0.0,0.0,-0.358011931180954,True,nan,False,0.0007856046431697905,0.1,True,,0.001,0.0010000000474974513,0.000173335472936742,198.15701293945312,809.277099609375,66566.40625,7.842210470698774e-05,1424844544.0,22.87885093688965
npg_reward_only,611,134,307149,0.0,False,333.6774597167969,1.1876273155212402,0.0,333.6774597167969,536.4703979492188,0.0,0.0,0.0,-0.49962469935417175,True,nan,False,0.0010334455873817205,0.1,True,,0.001,0.0010000001639127731,0.00017272961849812418,333.6774597167969,536.4703979492188,67034.1953125,7.261148130055517e-05,3687461632.0,28.958370208740234
npg_reward_only,611,135,308177,0.0,False,179.64418029785156,1.320998191833496,0.0,179.64418029785156,617.6438598632812,0.0,0.0,0.0,-0.010648975148797035,True,nan,False,0.000978829339146614,0.1,True,,0.001,0.0010000001639127731,0.0001976737257791683,179.64418029785156,617.6438598632812,51183.75390625,7.116420601960272e-05,350877188096.0,26.7288875579834
npg_reward_only,611,136,309251,0.0,False,130.21595764160156,1.213838815689087,0.0,130.21595764160156,494.1848449707031,0.0,0.0,0.0,-0.3714752197265625,True,nan,False,0.0009984419448301196,0.1,True,,0.001,0.0009999999310821295,0.0002940162958111614,130.21595764160156,494.1848449707031,23135.94140625,4.358876321930438e-05,17356382208.0,29.872142791748047
npg_reward_only,611,137,310222,0.0,False,319.0044250488281,1.3337206840515137,0.0,319.0044250488281,702.3507690429688,0.0,0.0,0.0,0.28944849967956543,True,nan,False,0.0015594979049637914,0.1,True,,0.001,0.0009999999310821295,0.00017196990665979683,319.0044250488281,702.3507690429688,67627.7734375,7.272908987943083e-05,3258094848.0,32.20576858520508
npg_reward_only,611,138,311148,0.0,False,206.6464080810547,1.3156503438949585,0.0,206.6464080810547,537.300048828125,0.0,0.0,0.0,-0.6686943769454956,True,nan,False,0.001174402772448957,0.1,True,,0.001,0.0010000001639127731,0.0002104381419485435,206.6464080810547,537.300048828125,45162.828125,3.6194149288348854e-05,52407734272.0,31.658832550048828
npg_reward_only,611,139,312115,0.0,False,133.3926544189453,1.2254502773284912,0.0,133.3926544189453,416.8205871582031,0.0,0.0,0.0,-0.006915050558745861,True,nan,False,0.0008925052243284881,0.1,True,,0.001,0.0010000001639127731,0.0003054599219467491,133.3926544189453,416.8205871582031,21434.90625,2.7840545953949913e-05,119508254720.0,27.00322151184082
npg_reward_only,611,140,313024,0.0,False,184.8262939453125,1.1974083185195923,0.0,184.8262939453125,673.21240234375,0.0,0.0,0.0,0.03963085636496544,True,nan,False,0.0007049138657748699,0.1,True,,0.001,0.0010000000474974513,0.00018843356519937515,184.8262939453125,673.21240234375,56326.59375,7.755518890917301e-05,6773317632.0,26.987627029418945
npg_reward_only,611,141,314224,0.0,False,440.6909484863281,1.1813095808029175,0.0,440.6909484863281,539.9343872070312,0.0,0.0,0.0,-0.01896827481687069,True,nan,False,0.0009360634139738977,0.1,True,,0.001,0.0009999999310821295,0.00015200044435914606,440.6909484863281,539.9343872070312,86564.5859375,9.495239646639675e-05,2999727872.0,30.039306640625
npg_reward_only,611,142,315298,0.0,False,132.523193359375,1.289084553718567,0.0,132.523193359375,374.8067321777344,0.0,0.0,0.0,-0.39585092663764954,True,nan,False,0.0010221012635156512,0.1,True,,0.001,0.0010000000474974513,0.0003486796631477773,132.523193359375,374.8067321777344,16450.412109375,3.352323255967349e-05,3198805248.0,30.719223022460938
npg_reward_only,611,143,316210,0.0,False,198.29074096679688,1.217939853668213,0.0,198.29074096679688,517.0443725585938,0.0,0.0,0.0,0.20981431007385254,True,nan,False,0.001405592542141676,0.1,True,,0.001,0.0009999999310821295,0.00023013839381746948,198.29074096679688,517.0443725585938,37761.7265625,5.278977187117562e-05,1166468736.0,25.401872634887695
npg_reward_only,611,144,317149,0.0,False,396.29949951171875,1.253876805305481,0.0,396.29949951171875,562.260986328125,0.0,0.0,0.0,-0.38318297266960144,True,nan,False,0.00112712976988405,0.1,True,,0.001,0.0010000000474974513,0.00016196173964999616,396.29949951171875,562.260986328125,76243.90625,7.252239447552711e-05,12374035456.0,32.911624908447266
npg_reward_only,611,145,318058,0.0,False,188.4148712158203,1.2698591947555542,0.0,188.4148712158203,669.6116943359375,0.0,0.0,0.0,-0.3361673951148987,True,nan,False,0.0009536608122289181,0.1,True,,0.001,0.0010000001639127731,0.0001897312031360343,188.4148712158203,669.6116943359375,55558.75390625,6.364248838508502e-05,12901040128.0,36.46531295776367
npg_reward_only,611,146,319124,0.0,False,180.38873291015625,1.298899531364441,0.0,180.38873291015625,739.4486694335938,0.0,0.0,0.0,-0.24560394883155823,True,nan,False,0.0008281966438516974,0.1,True,,0.001,0.0009999999310821295,0.0002076294185826555,180.38873291015625,739.4486694335938,46392.9765625,3.8516831409651786e-05,500012928.0,22.304588317871094
npg_reward_only,611,147,320614,0.0,False,153.66160583496094,1.3137012720108032,0.0,153.66160583496094,643.5142211914062,0.0,0.0,0.0,-0.28372320532798767,True,nan,False,0.00123042322229594,0.1,True,,0.001,0.0010000001639127731,0.00023052541655488312,153.66160583496094,643.5142211914062,37635.0390625,3.509135058266111e-05,3720275456.0,23.04840087890625
npg_reward_only,611,148,321623,0.0,False,254.08555603027344,1.5130585432052612,0.0,254.08555603027344,640.8547973632812,0.0,0.0,0.0,0.4266712963581085,True,nan,False,0.0013366937637329102,0.1,True,,0.001,0.0009999996982514858,0.00015958033327478915,254.08555603027344,640.8547973632812,78536.453125,5.9864643844775856e-05,33815443456.0,42.8680305480957
npg_reward_only,611,149,322545,0.0,False,335.04217529296875,1.297581434249878,0.0,335.04217529296875,778.4738159179688,0.0,0.0,0.0,0.4615655541419983,True,nan,False,0.0007639197283424437,0.1,True,,0.001,0.0010000003967434168,0.0001352501567453146,335.04217529296875,778.4738159179688,109333.8125,0.00010466240928508341,4429998080.0,19.0282039642334
npg_reward_only,611,150,324231,0.0,False,187.668212890625,1.2279243469238281,0.0,187.668212890625,364.550048828125,0.0,0.0,0.0,-0.39391764998435974,True,nan,False,0.0009388959151692688,0.1,True,,0.001,0.0009999999310821295,0.0003107842057943344,187.668212890625,364.550048828125,20706.7578125,4.128541695536114e-05,2742437888.0,34.20883560180664
npg_reward_only,611,151,325133,0.0,False,244.99620056152344,1.296990990638733,0.0,244.99620056152344,502.0205993652344,0.0,0.0,0.0,-0.23143061995506287,True,nan,False,0.0009832186624407768,0.1,True,,0.001,0.0009999999310821295,0.0002483080024830997,244.99620056152344,502.0205993652344,32437.5859375,4.767464270116761e-05,512216768.0,23.81678009033203
npg_reward_only,611,152,326385,0.0,False,149.9352264404297,1.329953670501709,0.0,149.9352264404297,412.5691833496094,0.0,0.0,0.0,-0.01973043382167816,True,nan,False,0.000996159273199737,0.1,True,,0.001,0.0009999999310821295,0.00025990005815401673,149.9352264404297,412.5691833496094,29608.55859375,3.79969751520548e-05,876749312.0,29.99416732788086
npg_reward_only,611,153,327410,0.0,False,174.07261657714844,1.2375391721725464,0.0,174.07261657714844,551.1654052734375,0.0,0.0,0.0,0.23354889452457428,True,nan,False,0.0010016461601480842,0.1,True,,0.001,0.0009999999310821295,0.00019562886154744774,174.07261657714844,551.1654052734375,52259.3671875,5.200645682634786e-05,2248195584.0,26.327911376953125
npg_reward_only,611,154,328518,0.0,False,247.01669311523438,1.2755317687988281,0.0,247.01669311523438,499.13128662109375,0.0,0.0,0.0,-0.3608793020248413,True,nan,False,0.0008260386530309916,0.1,True,,0.001,0.0009999999310821295,0.0002087357424898073,247.01669311523438,499.13128662109375,45902.50390625,5.3889205446466804e-05,1343674112.0,29.50727653503418
npg_reward_only,611,155,329551,0.0,False,167.00799560546875,1.2743300199508667,0.0,167.00799560546875,533.4322509765625,0.0,0.0,0.0,-0.6941637396812439,True,nan,False,0.0008627145434729755,0.1,True,,0.001,0.0010000001639127731,0.0002672976115718484,167.00799560546875,533.4322509765625,27992.37890625,4.127314605284482e-05,905941056.0,32.04859924316406
npg_reward_only,611,156,330550,0.0,False,303.78009033203125,1.299017071723938,0.0,303.78009033203125,519.4396362304688,0.0,0.0,0.0,-0.6639355421066284,True,nan,False,0.0010328611824661493,0.1,True,,0.001,0.0009999999310821295,0.00020714299171231687,303.78009033203125,519.4396362304688,46611.1171875,4.638863174477592e-05,683011648.0,24.374908447265625
npg_reward_only,611,157,331695,0.0,False,194.64077758789062,1.1978482007980347,0.0,194.64077758789062,678.7385864257812,0.0,0.0,0.0,-0.2696455717086792,True,nan,False,0.0009475228143855929,0.1,True,,0.001,0.0010000000474974513,0.00019570339645724744,194.64077758789062,678.7385864257812,52219.5703125,4.5345452235778794e-05,999930304.0,20.568239212036133
npg_reward_only,611,158,332953,0.0,False,137.25897216796875,1.3567898273468018,0.0,137.25897216796875,515.7203979492188,0.0,0.0,0.0,-0.03220989927649498,True,nan,False,0.0009766708826646209,0.1,True,,0.001,0.0010000000474974513,0.00023860819055698812,137.25897216796875,515.7203979492188,35128.4765625,5.951547063887119e-05,7113555968.0,36.81771469116211
npg_reward_only,611,159,333944,0.0,False,146.11111450195312,1.2041981220245361,0.0,146.11111450195312,367.7904968261719,0.0,0.0,0.0,-0.36820536851882935,True,nan,False,0.0009706083801575005,0.1,True,,0.001,0.0010000000474974513,0.00034293014323338866,146.11111450195312,367.7904968261719,17006.646484375,3.9852042391430587e-05,1580659840.0,33.324928283691406
npg_reward_only,611,160,334848,0.0,False,127.04605865478516,1.3941203355789185,0.0,127.04605865478516,401.3231506347656,0.0,0.0,0.0,-0.5038854479789734,True,nan,False,0.0008888266165740788,0.1,True,,0.001,0.0009999999310821295,0.00031572591979056597,127.04605865478516,401.3231506347656,20063.630859375,5.669580423273146e-05,3248336640.0,40.04816818237305
npg_reward_only,611,161,335845,0.0,False,130.2925567626953,1.4009829759597778,0.0,130.2925567626953,486.7875061035156,0.0,0.0,0.0,-0.03362682834267616,True,nan,False,0.0010048177791759372,0.1,True,,0.001,0.0010000000474974513,0.00026713733677752316,130.2925567626953,486.7875061035156,28025.98046875,3.712757461471483e-05,3147049984.0,31.790599822998047
npg_reward_only,611,162,336739,0.0,False,211.27171325683594,1.388285756111145,0.0,211.27171325683594,642.128662109375,0.0,0.0,0.0,0.366300106048584,True,nan,False,0.0011316895252093673,0.1,True,,0.001,0.0010000000474974513,0.00021422297868411988,211.27171325683594,642.128662109375,43581.0703125,3.883507815771736e-05,1715879808.0,31.21877098083496
npg_reward_only,611,163,337941,0.0,False,104.91329193115234,1.4279413223266602,0.0,104.91329193115234,521.8676147460938,0.0,0.0,0.0,-0.6258019804954529,True,nan,False,0.0009315972565673292,0.1,True,,0.001,0.0009999999310821295,0.00034733768552541733,104.91329193115234,521.8676147460938,16577.7734375,3.2470703445142135e-05,11878319104.0,43.01837921142578
npg_reward_only,611,164,338887,0.0,False,214.43930053710938,1.3327534198760986,0.0,214.43930053710938,601.4454956054688,0.0,0.0,0.0,0.06558442860841751,True,nan,False,0.0011838367208838463,0.1,True,,0.001,0.001000000280328095,0.00021447028848342597,214.43930053710938,601.4454956054688,43480.625,4.640127735910937e-05,2498403840.0,36.984619140625
npg_reward_only,611,165,339795,0.0,False,101.75814056396484,1.3147821426391602,0.0,101.75814056396484,465.00390625,0.0,0.0,0.0,0.20037594437599182,True,nan,False,0.0014827807899564505,0.1,True,,0.001,0.0010000001639127731,0.0004121119563933462,101.75814056396484,465.00390625,11776.0478515625,3.702157846419141e-05,12683348992.0,25.58213996887207
npg_reward_only,611,166,340757,0.0,False,183.4697723388672,1.3547660112380981,0.0,183.4697723388672,517.0460205078125,0.0,0.0,0.0,-0.4271817207336426,True,nan,False,0.0008896087529137731,0.1,True,,0.001,0.0009999999310821295,0.0002677127777133137,183.4697723388672,517.0460205078125,27905.62890625,3.909591760020703e-05,1556768256.0,26.413782119750977
npg_reward_only,611,167,342095,0.0,False,202.67152404785156,1.4837939739227295,0.0,202.67152404785156,377.69757080078125,0.0,0.0,0.0,-0.06590273976325989,True,nan,False,0.000977367628365755,0.1,True,,0.001,0.0010000000474974513,0.000306103058392182,202.67152404785156,377.69757080078125,21344.927734375,3.1014253181638196e-05,5230317056.0,40.988685607910156
npg_reward_only,611,168,342960,0.0,False,148.35169982910156,1.439481496810913,0.0,148.35169982910156,442.3487243652344,0.0,0.0,0.0,-0.8056472539901733,True,nan,False,0.0011334626469761133,0.1,True,,0.001,0.0009999998146668077,0.0003810762718785554,148.35169982910156,442.3487243652344,13772.2900390625,3.399185879970901e-05,2498241536.0,35.46430587768555
npg_reward_only,611,169,343876,0.0,False,245.16726684570312,1.4036149978637695,0.0,245.16726684570312,421.4745788574219,0.0,0.0,0.0,-0.24948324263095856,True,nan,False,0.0009772845078259706,0.1,True,,0.001,0.0009999999310821295,0.00022090291895437986,245.16726684570312,421.4745788574219,40985.203125,5.3980795200914145e-05,9111267328.0,32.38835144042969
npg_reward_only,611,170,344775,0.0,False,490.0563049316406,1.3790158033370972,0.0,490.0563049316406,687.2139892578125,0.0,0.0,0.0,-0.2904757857322693,True,nan,False,0.00111117004416883,0.1,True,,0.001,0.0009999998146668077,0.00012388704635668546,490.0563049316406,687.2139892578125,130310.125,7.371604442596436e-05,857946304.0,25.06060028076172
npg_reward_only,611,171,345987,0.0,False,144.1116180419922,1.3811485767364502,0.0,144.1116180419922,280.21893310546875,0.0,0.0,0.0,-0.1720905601978302,True,nan,False,0.0009539712336845696,0.1,True,,0.001,0.0010000000474974513,0.0003541954793035984,144.1116180419922,280.21893310546875,15942.04296875,5.23229427926708e-05,613349440.0,28.28614044189453
npg_reward_only,611,172,346913,0.0,False,106.4094009399414,1.3796073198318481,0.0,106.4094009399414,455.55535888671875,0.0,0.0,0.0,0.5437784790992737,True,nan,False,0.001047615078277886,0.1,True,,0.001,0.0009999999310821295,0.0003342923300806433,106.4094009399414,455.55535888671875,17896.873046875,2.0029421648359857e-05,4832909312.0,30.01076889038086
npg_reward_only,611,173,347932,0.0,False,393.40478515625,1.3688715696334839,0.0,393.40478515625,487.94073486328125,0.0,0.0,0.0,0.18531499803066254,True,nan,False,0.0010433595161885023,0.1,True,,0.001,0.0010000001639127731,0.00016075564781203866,393.40478515625,487.94073486328125,77392.265625,6.78592041367665e-05,5304836608.0,32.38772964477539
npg_reward_only,611,174,348933,0.0,False,516.2786254882812,1.3421968221664429,0.0,516.2786254882812,515.5186767578125,0.0,0.0,0.0,-0.4431065320968628,True,nan,False,0.0008716444717720151,0.1,True,,0.001,0.0010000001639127731,0.00012778904056176543,516.2786254882812,515.5186767578125,122473.703125,0.00010098022175952792,56914403328.0,32.72898864746094
npg_reward_only,611,175,349923,0.0,False,240.6450958251953,1.4246069192886353,0.0,240.6450958251953,584.2935791015625,0.0,0.0,0.0,-0.7271853685379028,True,nan,False,0.0010546549456194043,0.1,True,,0.001,0.0010000000474974513,0.00019718482508324087,240.6450958251953,584.2935791015625,51437.87890625,4.013249053969048e-05,1985087360.0,31.203611373901367
npg_reward_only,611,176,350989,0.0,False,320.8994140625,1.4014768600463867,0.0,320.8994140625,722.5043334960938,0.0,0.0,0.0,0.019963080063462257,True,nan,False,0.001030414248816669,0.1,True,,0.001,0.0010000001639127731,0.0001569060841575265,320.8994140625,722.5043334960938,81236.3671875,4.937442281516269e-05,1581332480.0,29.41891860961914
npg_reward_only,611,177,352324,0.0,False,289.8333740234375,1.422459363937378,0.0,289.8333740234375,451.676025390625,0.0,0.0,0.0,-0.304329514503479,True,nan,False,0.000892201904207468,0.1,True,,0.001,0.0010000001639127731,0.0002256760053569451,289.8333740234375,451.676025390625,39269.8515625,3.645816468633711e-05,4257444352.0,37.19252395629883
npg_reward_only,611,178,353238,0.0,False,247.71719360351562,1.4717600345611572,0.0,247.71719360351562,400.1877746582031,0.0,0.0,0.0,0.7129953503608704,True,nan,False,0.0010887162061408162,0.1,True,,0.001,0.0010000001639127731,0.0002417530631646514,247.71719360351562,400.1877746582031,34220.4765625,8.890552999218926e-05,1929042688.0,40.257591247558594
npg_reward_only,611,179,354078,0.0,False,236.67987060546875,1.522434949874878,0.0,236.67987060546875,616.5614013671875,0.0,0.0,0.0,0.06590192019939423,True,nan,False,0.0011160036083310843,0.1,True,,0.001,0.0010000001639127731,0.00018633728905115277,236.67987060546875,616.5614013671875,57601.0625,4.9505320930620655e-05,8559970304.0,40.35775375366211
npg_reward_only,611,180,355098,0.0,False,212.26573181152344,1.4830619096755981,0.0,212.26573181152344,570.0569458007812,0.0,0.0,0.0,-0.04459352418780327,True,nan,False,0.001073438790626824,0.1,True,,0.001,0.0010000001639127731,0.00019772564701270312,212.26573181152344,570.0569458007812,51156.87890625,6.707624561386183e-05,1467010304.0,26.03032112121582
npg_reward_only,611,181,356079,0.0,False,231.7069854736328,1.4322060346603394,0.0,231.7069854736328,529.522216796875,0.0,0.0,0.0,0.262108713388443,True,nan,False,0.0009298907243646681,0.1,True,,0.001,0.0009999999310821295,0.0002349861606489867,231.7069854736328,529.522216796875,36219.75,7.109552825568244e-05,56205967360.0,34.38077926635742
npg_reward_only,611,182,357212,0.0,False,153.5106658935547,1.488958716392517,0.0,153.5106658935547,551.8175659179688,0.0,0.0,0.0,0.18917447328567505,True,nan,False,0.0011641907040029764,0.1,True,,0.001,0.0010000001639127731,0.000267685652943328,153.5106658935547,551.8175659179688,27911.28515625,3.930061575374566e-05,2666883584.0,36.2610969543457
npg_reward_only,611,183,358202,0.0,False,118.52050018310547,1.5360745191574097,0.0,118.52050018310547,450.01727294921875,0.0,0.0,0.0,-0.007730287499725819,True,nan,False,0.0009679385111667216,0.1,True,,0.001,0.0009999999310821295,0.0002921223931480199,118.52050018310547,450.01727294921875,23436.90625,4.1784896893659607e-05,13347676160.0,56.98966979980469
npg_reward_only,611,184,359093,0.0,False,356.22900390625,1.7629048824310303,0.0,356.22900390625,621.6085205078125,0.0,0.0,0.0,-0.7793379426002502,True,nan,False,0.0009702188544906676,0.1,True,,0.001,0.0010000000474974513,0.0001712232333375141,356.22900390625,621.6085205078125,68218.890625,0.0001481578656239435,27268687872.0,55.562992095947266
npg_reward_only,611,185,360025,0.0,False,241.91786193847656,1.6066486835479736,0.0,241.91786193847656,417.2687683105469,0.0,0.0,0.0,-0.5163425803184509,True,nan,False,0.0007429749239236116,0.1,True,,0.001,0.0009999998146668077,0.00021684097009710968,241.91786193847656,417.2687683105469,42535.0859375,3.8340567698469386e-05,1004650880.0,37.166404724121094
npg_reward_only,611,186,360907,0.0,False,185.51670837402344,1.4340918064117432,0.0,185.51670837402344,744.5364990234375,0.0,0.0,0.0,-0.42871731519699097,True,nan,False,0.0009521007305011153,0.1,True,,0.001,0.0010000000474974513,0.00017402322555426508,185.51670837402344,744.5364990234375,66041.296875,7.375956192845479e-05,3370309376.0,25.76279067993164
npg_reward_only,611,187,362210,0.0,False,149.41087341308594,1.556692361831665,0.0,149.41087341308594,573.4996948242188,0.0,0.0,0.0,-0.23603449761867523,True,nan,False,0.0008917062077671289,0.1,True,,0.001,0.0010000001639127731,0.0002677075390238315,149.41087341308594,573.4996948242188,27906.720703125,6.341548578348011e-05,3353198592.0,32.82355499267578
npg_reward_only,611,188,363245,0.0,False,343.0320129394531,1.561246395111084,0.0,343.0320129394531,488.84295654296875,0.0,0.0,0.0,-0.6169478893280029,True,nan,False,0.000996096758171916,0.1,True,,0.001,0.0009999999310821295,0.00018186071247328073,343.0320129394531,488.84295654296875,60471.703125,5.555079405894503e-05,2177178624.0,29.230581283569336
npg_reward_only,611,189,364171,0.0,False,131.56800842285156,1.4933019876480103,0.0,131.56800842285156,447.67047119140625,0.0,0.0,0.0,0.07107093185186386,True,nan,False,0.0011140445712953806,0.1,True,,0.001,0.0010000001639127731,0.00032201080466620624,131.56800842285156,447.67047119140625,19288.0859375,3.267317879362963e-05,34380849152.0,33.41990280151367
npg_reward_only,611,190,365094,0.0,False,198.93479919433594,1.5017118453979492,0.0,198.93479919433594,479.9085388183594,0.0,0.0,0.0,0.047530654817819595,True,nan,False,0.0010337915737181902,0.1,True,,0.001,0.0010000001639127731,0.00024936257977969944,198.93479919433594,479.9085388183594,32163.80859375,5.261630576569587e-05,3548447488.0,39.03436279296875
npg_reward_only,611,191,365995,0.0,False,130.09149169921875,1.66452956199646,0.0,130.09149169921875,495.77374267578125,0.0,0.0,0.0,-0.17281262576580048,True,nan,False,0.0008776880567893386,0.1,True,,0.001,0.0010000000474974513,0.000280503008980304,130.09149169921875,495.77374267578125,25418.796875,0.00011121665738755837,14042890240.0,40.99562072753906
npg_reward_only,611,192,366969,0.0,False,104.45369720458984,1.6766635179519653,0.0,104.45369720458984,404.35394287109375,0.0,0.0,0.0,-0.28961217403411865,True,nan,False,0.0012965378118678927,0.1,True,,0.001,0.0010000000474974513,0.00038381246849894524,104.45369720458984,404.35394287109375,13576.625,3.163130168104544e-05,2548434176.0,35.16061782836914
npg_reward_only,611,193,367805,0.0,False,111.4054183959961,1.7077062129974365,0.0,111.4054183959961,368.7479553222656,0.0,0.0,0.0,-0.07895953953266144,True,nan,False,0.0011066378792747855,0.1,True,,0.001,0.0009999999310821295,0.0004327909555286169,111.4054183959961,368.7479553222656,10677.6005859375,2.6911280656349845e-05,13643077632.0,37.4211311340332
npg_reward_only,611,194,368691,0.0,False,162.9624786376953,1.5688798427581787,0.0,162.9624786376953,630.2935180664062,0.0,0.0,0.0,-0.32787710428237915,True,nan,False,0.001073868595995009,0.1,True,,0.001,0.0010000001639127731,0.0002275651495438069,162.9624786376953,630.2935180664062,38620.5546875,3.692117388709448e-05,53624733696.0,24.259469985961914
npg_reward_only,611,195,369644,0.0,False,177.84817504882812,1.5265138149261475,0.0,177.84817504882812,389.3381652832031,0.0,0.0,0.0,0.4603360593318939,True,nan,False,0.0009958016453310847,0.1,True,,0.001,0.0009999999310821295,0.00028902743360958993,177.84817504882812,389.3381652832031,23941.529296875,6.12777512287721e-05,2978223872.0,31.646434783935547
npg_reward_only,611,196,370598,0.0,False,188.91653442382812,1.688446283340454,0.0,188.91653442382812,269.6993408203125,0.0,0.0,0.0,0.11055292934179306,True,nan,False,0.001124679110944271,0.1,True,,0.001,0.0010000000474974513,0.0003226540284231305,188.91653442382812,269.6993408203125,19211.259765625,5.098809924675152e-05,3693498880.0,32.98247146606445
npg_reward_only,611,197,371404,0.0,False,208.5087890625,1.6666724681854248,0.0,208.5087890625,658.3474731445312,0.0,0.0,0.0,0.6121791005134583,True,nan,False,0.0009955171262845397,0.1,True,,0.001,0.0009999999310821295,0.0002315473393537104,208.5087890625,658.3474731445312,37303.57421875,3.802460923907347e-05,2595118336.0,33.12178421020508
npg_reward_only,611,198,372418,0.0,False,215.6857452392578,1.5221573114395142,0.0,215.6857452392578,633.2137451171875,0.0,0.0,0.0,0.47738102078437805,True,nan,False,0.000980591750703752,0.1,True,,0.001,0.0010000000474974513,0.000184746109880507,215.6857452392578,633.2137451171875,58597.54296875,4.311044904170558e-05,16465040384.0,25.489316940307617
npg_reward_only,611,199,373396,0.0,False,160.7876739501953,1.6019014120101929,0.0,160.7876739501953,328.4712829589844,0.0,0.0,0.0,0.16516625881195068,True,nan,False,0.0007187841110862792,0.1,True,,0.001,0.0009999999310821295,0.0003126256342511624,160.7876739501953,328.4712829589844,20463.54296875,2.053102434729226e-05,2442871296.0,37.531917572021484
npg_reward_only,611,200,374307,0.0,False,252.01939392089844,1.6701644659042358,0.0,252.01939392089844,376.97174072265625,0.0,0.0,0.0,0.7115716934204102,True,nan,False,0.0011578543344512582,0.1,True,,0.001,0.001000000280328095,0.0002606702037155628,252.01939392089844,376.97174072265625,29433.86328125,8.053446072153747e-05,8994628608.0,52.07986831665039
npg_reward_only,611,201,375129,0.0,False,274.9745178222656,1.5106641054153442,0.0,274.9745178222656,594.9141235351562,0.0,0.0,0.0,-0.47705093026161194,True,nan,False,0.0012788050808012486,0.1,True,,0.001,0.0010000001639127731,0.00019479029288049787,274.9745178222656,594.9141235351562,52710.29296875,4.337812788435258e-05,12877671424.0,24.713844299316406
npg_reward_only,611,202,376339,0.0,False,150.0550537109375,1.7895640134811401,0.0,150.0550537109375,352.0038146972656,0.0,0.0,0.0,-0.5764857530593872,True,nan,False,0.0011456734500825405,0.1,True,,0.001,0.0009999999310821295,0.00031345777097158134,150.0550537109375,352.0038146972656,20355.0390625,7.782484317431226e-05,1420794752.0,40.44916534423828
npg_reward_only,611,203,377130,0.0,False,126.2532958984375,1.8722890615463257,0.0,126.2532958984375,296.9921875,0.0,0.0,0.0,0.4514279365539551,True,nan,False,0.0008891725447028875,0.1,True,,0.001,0.0009999999310821295,0.00041465432150289416,126.2532958984375,296.9921875,11632.0869140625,3.264137922087684e-05,10391891968.0,59.079307556152344
npg_reward_only,611,204,377898,0.0,False,143.51690673828125,1.801363229751587,0.0,143.51690673828125,401.3199157714844,0.0,0.0,0.0,0.2908534109592438,True,nan,False,0.0007077121990732849,0.1,True,,0.001,0.0010000001639127731,0.0003145938680972904,143.51690673828125,401.3199157714844,20208.2890625,4.0017952414928004e-05,5105859072.0,40.51799774169922
npg_reward_only,611,205,378779,0.0,False,115.62808990478516,1.7873140573501587,0.0,115.62808990478516,385.3578186035156,0.0,0.0,0.0,-0.581355094909668,True,nan,False,0.000995040056295693,0.1,True,,0.001,0.0010000000474974513,0.00033739005448296666,115.62808990478516,385.3578186035156,17569.74609375,3.213296804460697e-05,1668919680.0,45.500572204589844
npg_reward_only,611,206,379704,0.0,False,105.73893737792969,1.9624253511428833,0.0,105.73893737792969,312.4595947265625,0.0,0.0,0.0,-0.16113406419754028,True,nan,False,0.000929713249206543,0.1,True,,0.001,0.0009999999310821295,0.00036867675953544676,105.73893737792969,312.4595947265625,14714.2607421875,2.414539994788356e-05,32448948224.0,44.55335235595703
npg_reward_only,611,207,380512,0.0,False,314.9053039550781,1.8022284507751465,0.0,314.9053039550781,386.4740905761719,0.0,0.0,0.0,-0.7789981961250305,True,nan,False,0.001131574041210115,0.1,True,,0.001,0.0010000000474974513,0.0002147294580936432,314.9053039550781,386.4740905761719,43375.7265625,6.352433410938829e-05,1603313920.0,36.864501953125
npg_reward_only,611,208,381401,0.0,False,227.36720275878906,1.7909468412399292,0.0,227.36720275878906,497.3424987792969,0.0,0.0,0.0,-0.625751793384552,True,nan,False,0.0011615590192377567,0.1,True,,0.001,0.0009999999310821295,0.00022603759134653956,227.36720275878906,497.3424987792969,39144.3125,0.00011139940761495382,4242710784.0,36.799007415771484
npg_reward_only,611,209,382283,0.0,False,341.8809814453125,1.7784277200698853,0.0,341.8809814453125,469.9621887207031,0.0,0.0,0.0,0.3735257685184479,True,nan,False,0.0008631405653432012,0.1,True,,0.001,0.001000000280328095,0.00022479805920738727,341.8809814453125,469.9621887207031,39577.1875,6.558305176440626e-05,4806865920.0,49.64303207397461
npg_reward_only,611,210,383217,0.0,False,130.56832885742188,1.668969988822937,0.0,130.56832885742188,488.0476379394531,0.0,0.0,0.0,-0.02295415662229061,True,nan,False,0.0011905154678970575,0.1,True,,0.001,0.0010000003967434168,0.0003168743569403887,130.56832885742188,488.0476379394531,19918.46484375,3.55591946572531e-05,2624844032.0,34.14571762084961
npg_reward_only,611,211,384251,0.0,False,240.521240234375,1.697472095489502,0.0,240.521240234375,344.06951904296875,0.0,0.0,0.0,-0.39271050691604614,True,nan,False,0.0008673493284732103,0.1,True,,0.001,0.0009999999310821295,0.0002408967848168686,240.521240234375,344.06951904296875,34464.18359375,3.828653279924765e-05,22573250560.0,53.06890869140625
npg_reward_only,611,212,385192,0.0,False,481.3248291015625,1.629457712173462,0.0,481.3248291015625,502.3305969238281,0.0,0.0,0.0,-0.5266708731651306,True,nan,False,0.0010464201914146543,0.1,True,,0.001,0.0009999999310821295,0.00014824442041572183,481.3248291015625,502.3305969238281,91006.6796875,7.92357895988971e-05,1186722176.0,27.706113815307617
npg_reward_only,611,213,386471,0.0,False,201.3416290283203,1.635568618774414,0.0,201.3416290283203,398.6320495605469,0.0,0.0,0.0,-0.5549690127372742,True,nan,False,0.0011157728731632233,0.1,True,,0.001,0.0009999998146668077,0.0002973658556584269,201.3416290283203,398.6320495605469,22617.66796875,3.321101394249126e-05,2014136576.0,32.149253845214844
npg_reward_only,611,214,387368,0.0,False,135.9513702392578,1.6147326231002808,0.0,135.9513702392578,483.7607421875,0.0,0.0,0.0,0.4732978940010071,True,nan,False,0.0009571542032063007,0.1,True,,0.001,0.0009999999310821295,0.00028302078135311604,135.9513702392578,483.7607421875,24968.55078125,5.537710239877924e-05,1445085312.0,37.86090087890625
npg_reward_only,611,215,388340,0.0,False,224.77340698242188,1.7397551536560059,0.0,224.77340698242188,542.5949096679688,0.0,0.0,0.0,-0.3773534893989563,True,nan,False,0.0009597511379979551,0.1,True,,0.001,0.001000000280328095,0.00019753683591261506,224.77340698242188,542.5949096679688,51254.71875,4.690148125519045e-05,4505053184.0,28.652545928955078
npg_reward_only,611,216,389260,0.0,False,241.1256561279297,1.7357741594314575,0.0,241.1256561279297,454.9700012207031,0.0,0.0,0.0,0.3022564947605133,True,nan,False,0.0009884287137538195,0.1,True,,0.001,0.0010000000474974513,0.00022846125648356974,241.1256561279297,454.9700012207031,38318.18359375,5.102740760776214e-05,4497771008.0,49.28885269165039
npg_reward_only,611,217,390011,0.0,False,467.2025146484375,1.7224597930908203,0.0,467.2025146484375,535.86181640625,0.0,0.0,0.0,-0.1615753173828125,True,nan,False,0.0012523370096459985,0.1,True,,0.001,0.0010000001639127731,0.00013718676927965134,467.2025146484375,535.86181640625,106268.75,8.009113662410527e-05,3420964096.0,31.666759490966797
npg_reward_only,611,218,390903,0.0,False,265.9537048339844,1.7226312160491943,0.0,265.9537048339844,382.39306640625,0.0,0.0,0.0,-0.7853721976280212,True,nan,False,0.0010913903824985027,0.1,True,,0.001,0.0010000001639127731,0.00025831256061792374,265.9537048339844,382.39306640625,29973.60546875,8.87846399564296e-05,21957126144.0,52.751609802246094
npg_reward_only,611,219,391660,0.0,False,225.08853149414062,1.8540748357772827,0.0,225.08853149414062,349.17193603515625,0.0,0.0,0.0,-0.644145131111145,True,nan,False,0.001101592555642128,0.1,True,,0.001,0.0009999999310821295,0.00027790371677838266,225.08853149414062,349.17193603515625,25896.51171875,5.24336464877706e-05,1623357824.0,39.357635498046875
npg_reward_only,611,220,392471,0.0,False,106.0329360961914,1.8739838600158691,0.0,106.0329360961914,258.88067626953125,0.0,0.0,0.0,0.4448729455471039,True,nan,False,0.0012513445690274239,0.1,True,,0.001,0.0009999999310821295,0.0005167475901544094,106.0329360961914,258.88067626953125,7489.849609375,2.05700325750513e-05,3686678272.0,27.077585220336914
npg_reward_only,611,221,393155,0.0,False,231.22178649902344,1.8235924243927002,0.0,231.22178649902344,348.5184326171875,0.0,0.0,0.0,-0.34512585401535034,True,nan,False,0.0008793626329861581,0.1,True,,0.001,0.0010000000474974513,0.0002677201118785888,231.22178649902344,348.5184326171875,27904.09765625,5.000035525881685e-05,4822617088.0,32.770992279052734
npg_reward_only,611,222,393898,0.0,False,166.69515991210938,1.7658716440200806,0.0,166.69515991210938,479.3709716796875,0.0,0.0,0.0,0.5140073299407959,True,nan,False,0.0008588313939981163,0.1,True,,0.001,0.0010000000474974513,0.00024392292834818363,166.69515991210938,479.3709716796875,33614.3515625,7.26647485862486e-05,489209888.0,29.626625061035156
npg_reward_only,611,223,394776,0.0,False,137.52935791015625,1.7023553848266602,0.0,137.52935791015625,450.88006591796875,0.0,0.0,0.0,-0.2535392642021179,True,nan,False,0.001013620407320559,0.1,True,,0.001,0.0010000001639127731,0.0002934121584985405,137.52935791015625,450.88006591796875,23231.318359375,6.922332249814644e-05,4831927296.0,39.02252197265625
npg_reward_only,611,224,395683,0.0,False,289.60986328125,1.6619277000427246,0.0,289.60986328125,698.7526245117188,0.0,0.0,0.0,0.14331308007240295,True,nan,False,0.0011576232500374317,0.1,True,,0.001,0.0009999999310821295,0.000151228770846501,289.60986328125,698.7526245117188,87450.265625,5.902178236283362e-05,2267402496.0,34.221282958984375
npg_reward_only,611,225,396691,0.0,False,204.9944610595703,1.71437406539917,0.0,204.9944610595703,691.9281616210938,0.0,0.0,0.0,-0.3514493703842163,True,nan,False,0.0010717413388192654,0.1,True,,0.001,0.0010000001639127731,0.00019875317229889333,204.9944610595703,691.9281616210938,50629.296875,4.3247677240287885e-05,7112946176.0,22.5650691986084
npg_reward_only,611,226,397831,0.0,False,190.08682250976562,1.701250672340393,0.0,190.08682250976562,363.37744140625,0.0,0.0,0.0,-0.14160022139549255,True,nan,False,0.0011515057412907481,0.1,True,,0.001,0.0009999999310821295,0.00031666975701227784,190.08682250976562,363.37744140625,19944.208984375,3.8985221181064844e-05,1470603776.0,26.205093383789062
npg_reward_only,611,227,398670,0.0,False,273.44317626953125,1.6172447204589844,0.0,273.44317626953125,1185.2947998046875,0.0,0.0,0.0,0.13023550808429718,True,nan,False,0.001134391175583005,0.1,True,,0.001,0.0010000000474974513,0.00012125560897402465,273.44317626953125,1185.2947998046875,136027.375,6.614832818740979e-05,189765056.0,12.187980651855469
npg_reward_only,611,228,400237,0.0,False,326.0084533691406,1.6134010553359985,0.0,326.0084533691406,647.53466796875,0.0,0.0,0.0,-0.38744762539863586,True,nan,False,0.0009879472199827433,0.1,True,,0.001,0.0010000001639127731,0.00013921073696110398,326.0084533691406,647.53466796875,103201.15625,9.080661402549595e-05,1276884352.0,24.329355239868164
npg_reward_only,611,229,401173,0.0,False,128.25912475585938,1.577919840812683,0.0,128.25912475585938,348.9794616699219,0.0,0.0,0.0,0.32638081908226013,True,nan,False,0.000987841049209237,0.1,True,,0.001,0.0010000000474974513,0.00037075404543429613,128.25912475585938,348.9794616699219,14549.83984375,4.421356788952835e-05,4257996032.0,24.061355590820312
npg_reward_only,611,230,402100,0.0,False,197.77932739257812,1.7691370248794556,0.0,197.77932739257812,398.5218505859375,0.0,0.0,0.0,0.3655489981174469,True,nan,False,0.0011876170756295323,0.1,True,,0.001,0.0010000000474974513,0.00026358856121078134,197.77932739257812,398.5218505859375,28785.70703125,3.7414840335259214e-05,7682243072.0,33.94804000854492
npg_reward_only,611,231,402904,0.0,False,276.3643798828125,1.5979154109954834,0.0,276.3643798828125,285.243408203125,0.0,0.0,0.0,-0.3882704973220825,True,nan,False,0.0009291566093452275,0.1,True,,0.001,0.0009999999310821295,0.00027849379694089293,276.3643798828125,285.243408203125,25786.888671875,7.09671585354954e-05,1648847104.0,34.051788330078125
npg_reward_only,611,232,403696,0.0,False,102.58572387695312,1.731454849243164,0.0,102.58572387695312,418.77056884765625,0.0,0.0,0.0,0.37094348669052124,True,nan,False,0.0014202413149178028,0.1,True,,0.001,0.0010000001639127731,0.00034762031282298267,102.58572387695312,418.77056884765625,16550.828125,2.0994237274862826e-05,3590752000.0,25.066091537475586
npg_reward_only,611,233,404437,0.0,False,239.82290649414062,1.6449148654937744,0.0,239.82290649414062,409.0440979003906,0.0,0.0,0.0,0.528847873210907,True,nan,False,0.0008961913990788162,0.1,True,,0.001,0.0010000000474974513,0.00023174117086455226,239.82290649414062,409.0440979003906,37241.1953125,5.913500353926793e-05,1108553728.0,25.717803955078125
npg_reward_only,611,234,405265,0.0,False,208.8201904296875,1.5850909948349,0.0,208.8201904296875,463.23431396484375,0.0,0.0,0.0,-0.4747636318206787,True,nan,False,0.0008225684869103134,0.1,True,,0.001,0.0010000000474974513,0.00021677893528249115,208.8201904296875,463.23431396484375,42559.4375,4.6082404878688976e-05,2640051200.0,33.54948425292969
npg_reward_only,611,235,406065,0.0,False,508.7708435058594,1.6076236963272095,0.0,508.7708435058594,849.97119140625,0.0,0.0,0.0,0.3530513048171997,True,nan,False,0.000814083672594279,0.1,True,,0.001,0.0009999999310821295,0.00011224947957089171,508.7708435058594,849.97119140625,158730.84375,0.00017999537521973252,1190937728.0,28.593578338623047
npg_reward_only,611,236,407286,0.0,False,177.7449188232422,1.6871258020401,0.0,177.7449188232422,502.96453857421875,0.0,0.0,0.0,0.4902850389480591,True,nan,False,0.0007146917632780969,0.1,True,,0.001,0.0009999999310821295,0.00023606848844792694,177.7449188232422,502.96453857421875,35888.390625,5.90156159887556e-05,1077122816.0,34.522247314453125
npg_reward_only,611,237,408188,0.0,False,226.569580078125,1.6260026693344116,0.0,226.569580078125,586.9448852539062,0.0,0.0,0.0,0.4348211884498596,True,nan,False,0.0010698947589844465,0.1,True,,0.001,0.0010000001639127731,0.00021884747548028827,226.569580078125,586.9448852539062,41758.69921875,7.174779602792114e-05,778039168.0,24.319541931152344
npg_reward_only,611,238,409451,0.0,False,147.6576385498047,1.5877811908721924,0.0,147.6576385498047,442.0102844238281,0.0,0.0,0.0,-0.24801664054393768,True,nan,False,0.0012224435340613127,0.1,True,,0.001,0.0010000001639127731,0.0003020459844265133,147.6576385498047,442.0102844238281,21922.189453125,3.130187178612687e-05,5369875456.0,29.169240951538086
npg_reward_only,611,239,410390,0.0,False,290.7098388671875,1.5157157182693481,0.0,290.7098388671875,374.5101013183594,0.0,0.0,0.0,0.6262831091880798,True,nan,False,0.0009369206964038312,0.1,True,,0.001,0.0010000001639127731,0.00021405526786111295,290.7098388671875,374.5101013183594,43649.390625,4.89977392135188e-05,4226447616.0,32.35383605957031
npg_reward_only,611,240,411342,0.0,False,145.13241577148438,1.6686545610427856,0.0,145.13241577148438,343.6831970214844,0.0,0.0,0.0,-0.007651139982044697,True,nan,False,0.0012911935336887836,0.1,True,,0.001,0.0009999999310821295,0.00033913072547875345,145.13241577148438,343.6831970214844,17389.845703125,2.837701322278008e-05,6062889984.0,29.845457077026367
npg_reward_only,611,241,412106,0.0,False,255.9892120361328,1.5885889530181885,0.0,255.9892120361328,752.685791015625,0.0,0.0,0.0,0.25098440051078796,True,nan,False,0.0009020705474540591,0.1,True,,0.001,0.0010000001639127731,0.00015038934361655265,255.9892120361328,752.685791015625,88429.2421875,4.053488373756409e-05,4303491072.0,19.866130828857422
npg_reward_only,611,242,413413,0.0,False,171.6798553466797,1.656864881515503,0.0,171.6798553466797,617.53515625,0.0,0.0,0.0,-0.1264871507883072,True,nan,False,0.0008533126674592495,0.1,True,,0.001,0.0010000000474974513,0.00024697434855625033,171.6798553466797,617.53515625,32788.859375,6.746975850546733e-05,2056412416.0,31.900732040405273
npg_reward_only,611,243,414588,0.0,False,183.95611572265625,1.672223687171936,0.0,183.95611572265625,533.94140625,0.0,0.0,0.0,-0.0218646340072155,True,nan,False,0.001065948628820479,0.1,True,,0.001,0.0009999999310821295,0.0002220905153080821,183.95611572265625,533.94140625,40548.05078125,6.710563320666552e-05,4369368064.0,30.551984786987305
npg_reward_only,611,244,415464,0.0,False,209.759521484375,1.7997794151306152,0.0,209.759521484375,421.87750244140625,0.0,0.0,0.0,0.03529318422079086,True,nan,False,0.0010484486119821668,0.1,True,,0.001,0.0010000001639127731,0.00022420148889068514,209.759521484375,421.87750244140625,39788.0859375,3.474776167422533e-05,990311168.0,30.127582550048828
npg_reward_only,611,245,416314,0.0,False,211.804931640625,1.659902811050415,0.0,211.804931640625,505.6544189453125,0.0,0.0,0.0,-0.5407196879386902,True,nan,False,0.0011170844081789255,0.1,True,,0.001,0.0010000000474974513,0.00022185302805155516,211.804931640625,505.6544189453125,40634.91015625,3.479207953205332e-05,3653084928.0,33.06706619262695
npg_reward_only,611,246,417154,0.0,False,163.77696228027344,1.567583441734314,0.0,163.77696228027344,490.1900329589844,0.0,0.0,0.0,0.7000342607498169,True,nan,False,0.000806305673904717,0.1,True,,0.001,0.0010000000474974513,0.0002454897912684828,163.77696228027344,490.1900329589844,33186.625,5.430855890153907e-05,13233014784.0,31.819854736328125
npg_reward_only,611,247,418159,0.0,False,200.10348510742188,1.7325079441070557,0.0,200.10348510742188,928.2149658203125,0.0,0.0,0.0,-0.598065197467804,True,nan,False,0.0014377252664417028,0.1,True,,0.001,0.0010000001639127731,0.0001953893224708736,200.10348510742188,928.2149658203125,52387.5859375,7.673241634620354e-05,932604736.0,16.889385223388672
npg_reward_only,611,248,419487,0.0,False,190.94300842285156,1.7699930667877197,0.0,190.94300842285156,639.1619873046875,0.0,0.0,0.0,0.18286024034023285,True,nan,False,0.0009626558166928589,0.1,True,,0.001,0.0010000001639127731,0.00021116092102602124,190.94300842285156,639.1619873046875,44854.1796875,5.18388842465356e-05,1111265152.0,32.104248046875
npg_reward_only,611,249,420386,0.0,False,185.8036346435547,1.7151219844818115,0.0,185.8036346435547,480.9241943359375,0.0,0.0,0.0,-0.7001734972000122,True,nan,False,0.0007739912252873182,0.1,True,,0.001,0.001000000280328095,0.00025553067098371685,185.8036346435547,480.9241943359375,30629.78515625,4.702024671132676e-05,15628630016.0,46.30485534667969
npg_reward_only,611,250,421230,0.0,False,144.33847045898438,1.7821967601776123,0.0,144.33847045898438,423.974853515625,0.0,0.0,0.0,-0.3497868776321411,True,nan,False,0.000771736609749496,0.1,True,,0.001,0.0009999999310821295,0.00033489702036604285,144.33847045898438,423.974853515625,17832.302734375,3.827772889053449e-05,11840125952.0,30.941322326660156
npg_reward_only,611,251,422051,0.0,False,100.80130004882812,1.7862101793289185,0.0,100.80130004882812,495.13848876953125,0.0,0.0,0.0,-0.16036735475063324,True,nan,False,0.0009262157836928964,0.1,True,,0.001,0.0010000001639127731,0.00032648176420480013,100.80130004882812,495.13848876953125,18763.42578125,3.70705129171256e-05,1191483776.0,28.47846221923828
npg_reward_only,611,252,422959,0.0,False,477.4689636230469,1.648850679397583,0.0,477.4689636230469,669.8861083984375,0.0,0.0,0.0,0.07490559667348862,True,nan,False,0.0009871918009594083,0.1,True,,0.001,0.0009999999310821295,0.00013651938934344798,477.4689636230469,669.8861083984375,107310.2734375,7.149259181460366e-05,1950448896.0,29.15876007080078
npg_reward_only,611,253,423857,0.0,False,288.4852294921875,1.8265374898910522,0.0,288.4852294921875,454.1565246582031,0.0,0.0,0.0,0.5883962512016296,True,nan,False,0.0009404869633726776,0.1,True,,0.001,0.0010000000474974513,0.00021528809156734496,288.4852294921875,454.1565246582031,43150.9140625,5.879316813661717e-05,3523111936.0,37.34816360473633
npg_reward_only,611,254,424752,0.0,False,202.5656280517578,1.7195872068405151,0.0,202.5656280517578,806.8860473632812,0.0,0.0,0.0,0.40968966484069824,True,nan,False,0.0009933674009516835,0.1,True,,0.001,0.0010000000474974513,0.0001890197891043499,202.5656280517578,806.8860473632812,55977.7578125,3.496214412734844e-05,17003268096.0,30.32293128967285
npg_reward_only,611,255,425734,0.0,False,222.6962432861328,2.009772300720215,0.0,222.6962432861328,482.4180908203125,0.0,0.0,0.0,-0.07352928817272186,True,nan,False,0.0010860401671379805,0.1,True,,0.001,0.0009999999310821295,0.0002505742304492742,222.6962432861328,482.4180908203125,31853.5,4.23828350903932e-05,15173449728.0,36.87995910644531
npg_reward_only,611,256,426579,0.0,False,325.5856018066406,2.1079814434051514,0.0,325.5856018066406,386.9740295410156,0.0,0.0,0.0,-0.8086548447608948,True,nan,False,0.0011577749392017722,0.1,True,,0.001,0.0009999999310821295,0.00022116850595921278,325.5856018066406,386.9740295410156,40886.828125,4.1746832721401006e-05,4810615296.0,35.64488220214844
npg_reward_only,611,257,427346,0.0,False,237.99185180664062,1.7443841695785522,0.0,237.99185180664062,647.447021484375,0.0,0.0,0.0,-0.17047227919101715,True,nan,False,0.001070046448148787,0.1,True,,0.001,0.0010000001639127731,0.00018341891700401902,237.99185180664062,647.447021484375,59448.6171875,5.5249045544769615e-05,843691776.0,22.734100341796875
npg_reward_only,611,258,428350,0.0,False,291.1800231933594,1.699050784111023,0.0,291.1800231933594,697.9157104492188,0.0,0.0,0.0,0.020275630056858063,True,nan,False,0.0010428327368572354,0.1,True,,0.001,0.0009999999310821295,0.00016087530821096152,291.1800231933594,697.9157104492188,77277.1796875,0.0001819986355258152,761490752.0,20.67127799987793
npg_reward_only,611,259,429422,0.0,False,425.932861328125,1.7509053945541382,0.0,425.932861328125,815.2898559570312,0.0,0.0,0.0,-0.556955873966217,True,nan,False,0.0009196647442877293,0.1,True,,0.001,0.0009999999310821295,0.00010954949539154768,425.932861328125,815.2898559570312,166651.5,7.270366768352687e-05,2674110464.0,18.43392562866211
npg_reward_only,611,260,430626,0.0,False,142.82376098632812,1.8401676416397095,0.0,142.82376098632812,524.8279418945312,0.0,0.0,0.0,-0.20786069333553314,True,nan,False,0.0011191474040970206,0.1,True,,0.001,0.0010000001639127731,0.0002664834028109908,142.82376098632812,524.8279418945312,28163.69921875,6.987441884120926e-05,588644800.0,23.38334083557129
npg_reward_only,611,261,431632,0.0,False,257.1739196777344,1.7838001251220703,0.0,257.1739196777344,430.0293273925781,0.0,0.0,0.0,0.09216716140508652,True,nan,False,0.0012487730709835887,0.1,True,,0.001,0.0010000001639127731,0.0002269291435368359,257.1739196777344,430.0293273925781,38837.33984375,4.420421828399412e-05,2504142848.0,29.9497127532959
npg_reward_only,611,262,432491,0.0,False,110.72801971435547,1.8268787860870361,0.0,110.72801971435547,375.322265625,0.0,0.0,0.0,0.4004877209663391,True,nan,False,0.0007745087496004999,0.1,True,,0.001,0.0010000000474974513,0.00032243088935501873,110.72801971435547,375.322265625,19237.859375,2.949656845885329e-05,2897261312.0,36.512813568115234
npg_reward_only,611,263,433268,0.0,False,137.86624145507812,1.8437985181808472,0.0,137.86624145507812,334.41693115234375,0.0,0.0,0.0,-0.3946232795715332,True,nan,False,0.0009638508781790733,0.1,True,,0.001,0.0010000001639127731,0.00040100087062455714,137.86624145507812,334.41693115234375,12437.6806640625,2.3042051907395944e-05,7586273792.0,31.11825180053711
npg_reward_only,611,264,434014,0.0,False,190.28524780273438,1.7537496089935303,0.0,190.28524780273438,351.4419860839844,0.0,0.0,0.0,-0.26214686036109924,True,nan,False,0.0010661776177585125,0.1,True,,0.001,0.0010000001639127731,0.00032532986369915307,190.28524780273438,351.4419860839844,18896.53515625,2.8448737793951295e-05,3674871808.0,30.07958984375
npg_reward_only,611,265,434860,0.0,False,374.65814208984375,1.6484228372573853,0.0,374.65814208984375,594.796875,0.0,0.0,0.0,-0.23809993267059326,True,nan,False,0.0010747953783720732,0.1,True,,0.001,0.0010000000474974513,0.00014054402709007263,374.65814208984375,594.796875,101252.375,6.820083945058286e-05,423156096.0,25.672475814819336
npg_reward_only,611,266,435920,0.0,False,330.190185546875,1.668645977973938,0.0,330.190185546875,548.33935546875,0.0,0.0,0.0,-0.2532230317592621,True,nan,False,0.0008811767329461873,0.1,True,,0.001,0.0010000000474974513,0.0001653920189710334,330.190185546875,548.33935546875,73114.0625,5.6941400544019416e-05,774660800.0,25.661781311035156
npg_reward_only,611,267,436808,0.0,False,330.4710388183594,1.847279667854309,0.0,330.4710388183594,597.7447509765625,0.0,0.0,0.0,-0.5186561346054077,True,nan,False,0.0007579263183288276,0.1,True,,0.001,0.0010000001639127731,0.00019817704742308706,330.4710388183594,597.7447509765625,50924.09375,0.0001230495108757168,20926691328.0,46.33711624145508
npg_reward_only,611,268,437708,0.0,False,109.42522430419922,1.6845567226409912,0.0,109.42522430419922,306.5511169433594,0.0,0.0,0.0,-0.6560580134391785,True,nan,False,0.0010511373402550817,0.1,True,,0.001,0.0009999999310821295,0.00044790736865252256,109.42522430419922,306.5511169433594,9969.0458984375,2.3931039322633296e-05,13181521920.0,27.036725997924805
npg_reward_only,611,269,438442,0.0,False,160.04043579101562,1.7300950288772583,0.0,160.04043579101562,299.749755859375,0.0,0.0,0.0,0.16872476041316986,True,nan,False,0.0009949824307113886,0.1,True,,0.001,0.0010000001639127731,0.0003633031446952373,160.04043579101562,299.749755859375,15152.759765625,3.03959986922564e-05,2705324032.0,26.523569107055664
npg_reward_only,611,270,439206,0.0,False,123.7030029296875,1.6574727296829224,0.0,123.7030029296875,404.029052734375,0.0,0.0,0.0,-0.4641167223453522,True,nan,False,0.0009550850954838097,0.1,True,,0.001,0.0010000000474974513,0.0003252703172620386,123.7030029296875,404.029052734375,18903.453125,2.5790093786781654e-05,2736566528.0,35.16851043701172
npg_reward_only,611,271,439974,0.0,False,249.0003204345703,1.6947112083435059,0.0,249.0003204345703,360.5050964355469,0.0,0.0,0.0,-0.08143603056669235,True,nan,False,0.0010466267121955752,0.1,True,,0.001,0.0009999999310821295,0.0002490950282663107,249.0003204345703,360.5050964355469,32232.9375,3.913014734280296e-05,13060889600.0,24.821430206298828
npg_reward_only,611,272,440782,0.0,False,219.1790008544922,1.6065987348556519,0.0,219.1790008544922,397.90496826171875,0.0,0.0,0.0,0.13639405369758606,True,nan,False,0.0010972440941259265,0.1,True,,0.001,0.0009999999310821295,0.0002774466702248901,219.1790008544922,397.90496826171875,25981.90234375,4.41393131040968e-05,2449075456.0,32.91061019897461
npg_reward_only,611,273,441536,0.0,False,223.11062622070312,1.6530925035476685,0.0,223.11062622070312,416.82421875,0.0,0.0,0.0,-0.3115096986293793,True,nan,False,0.0008745353552512825,0.1,True,,0.001,0.0009999999310821295,0.00020760080951731652,223.11062622070312,416.82421875,46405.76171875,4.673830699175596e-05,8190131200.0,31.034320831298828
npg_reward_only,611,274,442277,0.0,False,254.63150024414062,1.6516413688659668,0.0,254.63150024414062,409.8424072265625,0.0,0.0,0.0,-0.37194061279296875,True,nan,False,0.0011105543235316873,0.1,True,,0.001,0.0009999999310821295,0.00024401429982390255,254.63150024414062,409.8424072265625,33589.18359375,4.7200712288031355e-05,1226861056.0,23.47662353515625
npg_reward_only,611,275,443085,0.0,False,295.8768310546875,1.6319514513015747,0.0,295.8768310546875,371.3675231933594,0.0,0.0,0.0,-0.2351461946964264,True,nan,False,0.0009270322043448687,0.1,True,,0.001,0.0010000001639127731,0.00021861463028471917,295.8768310546875,371.3675231933594,41847.69921875,5.878927913727239e-05,2511734272.0,27.251163482666016
npg_reward_only,611,276,443867,0.0,False,124.22740173339844,1.6032367944717407,0.0,124.22740173339844,505.7671813964844,0.0,0.0,0.0,0.003109186654910445,True,nan,False,0.0010681637795642018,0.1,True,,0.001,0.0010000000474974513,0.00024711835430935025,124.22740173339844,505.7671813964844,32750.654296875,3.3041040296666324e-05,4728669184.0,24.158145904541016
npg_reward_only,611,277,444694,0.0,False,138.02560424804688,1.617707371711731,0.0,138.02560424804688,389.2909851074219,0.0,0.0,0.0,-0.26430997252464294,True,nan,False,0.0010601712856441736,0.1,True,,0.001,0.0009999999310821295,0.0003022109158337116,138.02560424804688,389.2909851074219,21898.265625,2.728660183493048e-05,7175494656.0,25.131126403808594
npg_reward_only,611,278,445472,0.0,False,164.81260681152344,1.6348103284835815,0.0,164.81260681152344,575.6975708007812,0.0,0.0,0.0,-0.09686178714036942,True,nan,False,0.0010661472333595157,0.1,True,,0.001,0.0010000001639127731,0.0002366316766710952,164.81260681152344,575.6975708007812,35717.765625,5.315967064234428e-05,3125955584.0,20.4477481842041
npg_reward_only,611,279,446369,0.0,False,155.99420166015625,1.6478586196899414,0.0,155.99420166015625,406.4814453125,0.0,0.0,0.0,0.19400563836097717,True,nan,False,0.001019120798446238,0.1,True,,0.001,0.0010000001639127731,0.0003288826846983284,155.99420166015625,406.4814453125,18490.47265625,2.867971852538176e-05,1506651392.0,19.756637573242188
npg_reward_only,611,280,447246,0.0,False,214.3653106689453,1.6315748691558838,0.0,214.3653106689453,316.8426513671875,0.0,0.0,0.0,0.2881496846675873,True,nan,False,0.0013469804544001818,0.1,True,,0.001,0.0010000001639127731,0.00028136264882050455,214.3653106689453,316.8426513671875,25263.7109375,3.620630013756454e-05,4041506560.0,24.029951095581055
npg_reward_only,611,281,447975,0.0,False,260.5016174316406,1.608079433441162,0.0,260.5016174316406,429.0152893066406,0.0,0.0,0.0,-0.3988739550113678,True,nan,False,0.0010626144940033555,0.1,True,,0.001,0.0009999999310821295,0.00023200100986286998,260.5016174316406,429.0152893066406,37157.82421875,4.382125553092919e-05,21237110784.0,23.743799209594727
npg_reward_only,611,282,448802,0.0,False,116.06023406982422,1.5964877605438232,0.0,116.06023406982422,365.91400146484375,0.0,0.0,0.0,-0.1771625429391861,True,nan,False,0.0010491822613403201,0.1,True,,0.001,0.0009999999310821295,0.00037143571535125375,116.06023406982422,365.91400146484375,14496.484375,2.2440437533077784e-05,4860087808.0,24.704044342041016
npg_reward_only,611,283,449649,0.0,False,160.8388671875,1.6785844564437866,0.0,160.8388671875,382.8465881347656,0.0,0.0,0.0,0.07267272472381592,True,nan,False,0.0009088819497264922,0.1,True,,0.001,0.0010000001639127731,0.0002566484909038991,160.8388671875,382.8465881347656,30363.552734375,4.976570562575944e-05,63256907776.0,27.181264877319336
npg_reward_only,611,284,450496,0.0,False,212.79205322265625,1.6494406461715698,0.0,212.79205322265625,475.1493225097656,0.0,0.0,0.0,0.05340604484081268,True,nan,False,0.0009819584665820003,0.1,True,,0.001,0.0010000001639127731,0.00020860623044427484,212.79205322265625,475.1493225097656,45959.51953125,4.53727479907684e-05,11410470912.0,31.667150497436523
npg_reward_only,611,285,451269,0.0,False,117.92312622070312,1.6712265014648438,0.0,117.92312622070312,317.6845397949219,0.0,0.0,0.0,-0.4269748628139496,True,nan,False,0.0009661904769018292,0.1,True,,0.001,0.0010000001639127731,0.0003809529880527407,117.92312622070312,317.6845397949219,13781.20703125,3.105275391135365e-05,6484228096.0,25.01291847229004
npg_reward_only,611,286,452008,0.0,False,152.16726684570312,1.6718367338180542,0.0,152.16726684570312,431.90216064453125,0.0,0.0,0.0,-0.24054673314094543,True,nan,False,0.0010034936713054776,0.1,True,,0.001,0.0009999999310821295,0.00028866788488812745,152.16726684570312,431.90216064453125,24001.205078125,3.466775524429977e-05,2107505664.0,22.7436580657959
npg_reward_only,611,287,452846,0.0,False,124.86309051513672,1.5917576551437378,0.0,124.86309051513672,413.04266357421875,0.0,0.0,0.0,-0.3173367381095886,True,nan,False,0.001081155496649444,0.1,True,,0.001,0.0009999999310821295,0.0003004219906870276,124.86309051513672,413.04266357421875,22159.8359375,2.55875893344637e-05,2445833728.0,23.54517936706543
npg_reward_only,611,288,453655,0.0,False,73.32178497314453,1.5910223722457886,0.0,73.32178497314453,359.86151123046875,0.0,0.0,0.0,0.15780793130397797,True,nan,False,0.0007274532108567655,0.1,True,,0.001,0.0010000000474974513,0.00045221103937365115,73.32178497314453,359.86151123046875,9780.19921875,1.9047023670282215e-05,8521740288.0,33.44120407104492
npg_reward_only,611,289,454424,0.0,False,158.48129272460938,1.5908002853393555,0.0,158.48129272460938,565.5659790039062,0.0,0.0,0.0,-0.2428750991821289,True,nan,False,0.0011218347353860736,0.1,True,,0.001,0.0009999999310821295,0.0002585869515314698,158.48129272460938,565.5659790039062,29910.025390625,3.335464862175286e-05,807432704.0,18.183595657348633
npg_reward_only,611,290,455424,0.0,False,206.30599975585938,1.652549147605896,0.0,206.30599975585938,312.1286926269531,0.0,0.0,0.0,0.5136675238609314,True,nan,False,0.0009520611492916942,0.1,True,,0.001,0.0010000001639127731,0.00026498734951019287,206.30599975585938,312.1286926269531,28482.609375,2.3651320589124225e-05,3985483264.0,21.04530906677246
npg_reward_only,611,291,456172,0.0,False,262.60882568359375,1.5972338914871216,0.0,262.60882568359375,356.142822265625,0.0,0.0,0.0,-0.37726283073425293,True,nan,False,0.0007613419438712299,0.1,True,,0.001,0.0010000000474974513,0.00023326660448219627,262.60882568359375,356.142822265625,36755.71484375,6.225495599210262e-05,15356551168.0,27.09027099609375
npg_reward_only,611,292,456915,0.0,False,182.58216857910156,1.621120572090149,0.0,182.58216857910156,850.3893432617188,0.0,0.0,0.0,0.04186256602406502,True,nan,False,0.0009952037362381816,0.1,True,,0.001,0.0010000001639127731,0.00018429267220199108,182.58216857910156,850.3893432617188,58886.25390625,5.135419269208796e-05,5348725760.0,10.948974609375
npg_reward_only,611,293,458236,0.0,False,159.3352508544922,1.6591527462005615,0.0,159.3352508544922,380.8999328613281,0.0,0.0,0.0,-0.21152140200138092,True,nan,False,0.0010634075151756406,0.1,True,,0.001,0.0010000001639127731,0.00030995544511824846,159.3352508544922,380.8999328613281,20817.640625,3.122846101177856e-05,9431451648.0,19.39286231994629
npg_reward_only,611,294,459015,0.0,False,83.9660415649414,1.6112613677978516,0.0,83.9660415649414,324.9031066894531,0.0,0.0,0.0,-0.5738710165023804,True,nan,False,0.0008707965607754886,0.1,True,,0.001,0.0010000000474974513,0.00047231302596628666,83.9660415649414,324.9031066894531,8965.41015625,1.8580858522909693e-05,1178808960.0,22.470333099365234
npg_reward_only,611,295,459757,0.0,False,161.55958557128906,1.621752142906189,0.0,161.55958557128906,428.3813171386719,0.0,0.0,0.0,0.4852422773838043,True,nan,False,0.0008321061031892896,0.1,True,,0.001,0.0010000001639127731,0.00028527164249680936,161.55958557128906,428.3813171386719,24576.09375,3.0081215300015174e-05,2421126400.0,17.348102569580078
npg_reward_only,611,296,460651,0.0,False,110.62348937988281,1.644613265991211,0.0,110.62348937988281,369.2469177246094,0.0,0.0,0.0,0.240816131234169,True,nan,False,0.0007781883468851447,0.1,True,,0.001,0.0010000001639127731,0.0004055965109728277,110.62348937988281,369.2469177246094,12157.42578125,2.0596593458321877e-05,13878701056.0,20.301280975341797
npg_reward_only,611,297,461396,0.0,False,221.1217498779297,1.5351743698120117,0.0,221.1217498779297,437.3688049316406,0.0,0.0,0.0,0.47708824276924133,True,nan,False,0.0007577741635031998,0.1,True,,0.001,0.0010000000474974513,0.0002410127635812387,221.1217498779297,437.3688049316406,34431.0234375,6.652018055319786e-05,3454174976.0,24.613447189331055
npg_reward_only,611,298,462132,0.0,False,182.29150390625,1.543604850769043,0.0,182.29150390625,387.3653869628906,0.0,0.0,0.0,0.5037077069282532,True,nan,False,0.0010565626434981823,0.1,True,,0.001,0.0010000000474974513,0.0002637995930854231,182.29150390625,387.3653869628906,28739.671875,5.481542393681593e-05,5364570624.0,20.40352439880371
npg_reward_only,611,299,462870,0.0,False,150.22494506835938,1.6099233627319336,0.0,150.22494506835938,851.5021362304688,0.0,0.0,0.0,0.11534491181373596,True,nan,False,0.0014003842370584607,0.1,True,,0.001,0.0009999999310821295,0.00022431435354519635,150.22494506835938,851.5021362304688,39748.0546875,4.0788279875414446e-05,494633856.0,10.413229942321777
