Device       : cpu

========== GPOMDP LOSS ==========
states shape  = (128, 500, 8)
actions shape = (128, 500, 2)
rewards shape = (128, 500)
returns shape = (128, 500)
mask shape    = (128, 500)
log_probs shape = (128, 500)
valid steps = 64000
objective = 6.659658
loss = -6.659658
========== END GPOMDP DEBUG ==========


========== NPG PRECONDITIONING ==========
Fisher condition number  : 8.521e+03
||nat_g|| / ||g||        : 17.780
========== END NPG DEBUG ==========

/workplace/adelella/adelella/MCIBConceptDrift/vanilla-policy-gradient/vpg/train.py:127: UserWarning: Converting a tensor with requires_grad=True to a scalar may lead to unexpected behavior.
Consider using tensor.detach() first. (Triggered internally at /pytorch/torch/csrc/autograd/generated/python_variable_methods.cpp:838.)
  return float(torch.cat(grads).norm())
Iteration 0000 | train reward: -12.11 | best: -12.11 | KL: 4.550e-06 | std: 0.6067 | rollout: 5.771s | update: 1.425s | total: 7.197s | samples/s: 8893
Iteration 0001 | train reward: -12.68 | best: -12.11 | KL: 2.554e-06 | std: 0.6067 | rollout: 6.103s | update: 0.767s | total: 6.871s | samples/s: 9315
Iteration 0002 | train reward: -13.39 | best: -12.11 | KL: 3.273e-06 | std: 0.6067 | rollout: 6.140s | update: 0.762s | total: 6.902s | samples/s: 9273
Iteration 0003 | train reward: -12.43 | best: -12.11 | KL: 3.393e-06 | std: 0.6067 | rollout: 7.510s | update: 0.744s | total: 8.254s | samples/s: 7754
Iteration 0004 | train reward: -12.22 | best: -12.11 | KL: 4.716e-06 | std: 0.6067 | rollout: 7.397s | update: 0.788s | total: 8.186s | samples/s: 7819
Iteration 0005 | train reward: -12.05 | best: -12.05 | KL: 3.985e-06 | std: 0.6067 | rollout: 7.938s | update: 0.817s | total: 8.754s | samples/s: 7311
Iteration 0006 | train reward: -12.71 | best: -12.05 | KL: 3.370e-06 | std: 0.6067 | rollout: 6.625s | update: 0.772s | total: 7.397s | samples/s: 8652
Iteration 0007 | train reward: -12.10 | best: -12.05 | KL: 5.846e-06 | std: 0.6067 | rollout: 7.511s | update: 0.746s | total: 8.257s | samples/s: 7751
Iteration 0008 | train reward: -12.60 | best: -12.05 | KL: 4.503e-06 | std: 0.6067 | rollout: 7.137s | update: 0.790s | total: 7.926s | samples/s: 8074
Iteration 0009 | train reward: -12.57 | best: -12.05 | KL: 4.933e-06 | std: 0.6068 | rollout: 7.544s | update: 0.771s | total: 8.314s | samples/s: 7697
Iteration 0010 | train reward: -11.51 | best: -11.51 | KL: 4.983e-06 | std: 0.6068 | rollout: 7.235s | update: 0.764s | total: 7.999s | samples/s: 8001
Iteration 0011 | train reward: -12.55 | best: -11.51 | KL: 3.727e-06 | std: 0.6068 | rollout: 6.342s | update: 0.746s | total: 7.088s | samples/s: 9029
Iteration 0012 | train reward: -10.88 | best: -10.88 | KL: 9.107e-06 | std: 0.6068 | rollout: 6.441s | update: 0.761s | total: 7.202s | samples/s: 8887
Iteration 0013 | train reward: -11.93 | best: -10.88 | KL: 4.182e-06 | std: 0.6068 | rollout: 6.158s | update: 0.752s | total: 6.910s | samples/s: 9262
Iteration 0014 | train reward: -12.05 | best: -10.88 | KL: 1.183e-05 | std: 0.6070 | rollout: 6.391s | update: 0.771s | total: 7.161s | samples/s: 8937
Iteration 0015 | train reward: -10.86 | best: -10.86 | KL: 4.902e-06 | std: 0.6070 | rollout: 6.007s | update: 0.820s | total: 6.826s | samples/s: 9376
Iteration 0016 | train reward: -10.53 | best: -10.53 | KL: 5.730e-06 | std: 0.6070 | rollout: 6.014s | update: 0.744s | total: 6.759s | samples/s: 9469
Iteration 0017 | train reward: -12.04 | best: -10.53 | KL: 4.401e-06 | std: 0.6070 | rollout: 7.054s | update: 0.749s | total: 7.803s | samples/s: 8202
Iteration 0018 | train reward: -11.34 | best: -10.53 | KL: 5.372e-06 | std: 0.6070 | rollout: 7.158s | update: 0.747s | total: 7.905s | samples/s: 8096
Iteration 0019 | train reward: -10.37 | best: -10.37 | KL: 7.838e-06 | std: 0.6071 | rollout: 6.158s | update: 0.748s | total: 6.905s | samples/s: 9268
Iteration 0020 | train reward: -9.64 | best: -9.64 | KL: 6.297e-06 | std: 0.6070 | rollout: 7.769s | update: 0.763s | total: 8.532s | samples/s: 7501
Iteration 0021 | train reward: -10.12 | best: -9.64 | KL: 5.146e-06 | std: 0.6070 | rollout: 6.791s | update: 0.768s | total: 7.559s | samples/s: 8467
Iteration 0022 | train reward: -10.46 | best: -9.64 | KL: 5.555e-06 | std: 0.6070 | rollout: 7.235s | update: 0.770s | total: 8.005s | samples/s: 7995
Iteration 0023 | train reward: -8.86 | best: -8.86 | KL: 8.854e-06 | std: 0.6071 | rollout: 7.378s | update: 0.760s | total: 8.138s | samples/s: 7864
Iteration 0024 | train reward: -10.85 | best: -8.86 | KL: 1.353e-05 | std: 0.6077 | rollout: 7.138s | update: 0.756s | total: 7.894s | samples/s: 8108
Iteration 0025 | train reward: -10.57 | best: -8.86 | KL: 7.741e-06 | std: 0.6077 | rollout: 7.126s | update: 0.747s | total: 7.873s | samples/s: 8129
Iteration 0026 | train reward: -9.53 | best: -8.86 | KL: 1.264e-05 | std: 0.6077 | rollout: 7.693s | update: 0.844s | total: 8.537s | samples/s: 7497
Iteration 0027 | train reward: -8.03 | best: -8.03 | KL: 1.064e-05 | std: 0.6077 | rollout: 7.794s | update: 0.822s | total: 8.617s | samples/s: 7428
Iteration 0028 | train reward: -8.44 | best: -8.03 | KL: 8.964e-06 | std: 0.6078 | rollout: 6.633s | update: 0.755s | total: 7.388s | samples/s: 8663
Iteration 0029 | train reward: -8.30 | best: -8.03 | KL: 1.098e-05 | std: 0.6078 | rollout: 6.438s | update: 0.759s | total: 7.197s | samples/s: 8893
Iteration 0030 | train reward: -8.49 | best: -8.03 | KL: 1.093e-05 | std: 0.6077 | rollout: 7.431s | update: 0.763s | total: 8.194s | samples/s: 7810
Iteration 0031 | train reward: -9.45 | best: -8.03 | KL: 3.232e-06 | std: 0.6077 | rollout: 7.840s | update: 0.748s | total: 8.589s | samples/s: 7452
Iteration 0032 | train reward: -7.96 | best: -7.96 | KL: 1.158e-05 | std: 0.6077 | rollout: 8.982s | update: 0.786s | total: 9.768s | samples/s: 6552
Iteration 0033 | train reward: -8.51 | best: -7.96 | KL: 1.154e-05 | std: 0.6078 | rollout: 7.408s | update: 0.757s | total: 8.166s | samples/s: 7838
Iteration 0034 | train reward: -7.45 | best: -7.45 | KL: 1.075e-05 | std: 0.6077 | rollout: 7.318s | update: 0.769s | total: 8.087s | samples/s: 7914
Iteration 0035 | train reward: -5.58 | best: -5.58 | KL: 1.516e-05 | std: 0.6078 | rollout: 7.806s | update: 0.758s | total: 8.564s | samples/s: 7473
Iteration 0036 | train reward: -7.22 | best: -5.58 | KL: 1.161e-05 | std: 0.6078 | rollout: 7.611s | update: 0.750s | total: 8.361s | samples/s: 7654
Iteration 0037 | train reward: -5.50 | best: -5.50 | KL: 1.184e-05 | std: 0.6078 | rollout: 6.872s | update: 0.745s | total: 7.617s | samples/s: 8402
Iteration 0038 | train reward: -6.20 | best: -5.50 | KL: 1.369e-05 | std: 0.6080 | rollout: 6.270s | update: 0.762s | total: 7.032s | samples/s: 9101
Iteration 0039 | train reward: -4.55 | best: -4.55 | KL: 1.687e-05 | std: 0.6078 | rollout: 6.211s | update: 0.761s | total: 6.971s | samples/s: 9180
Iteration 0040 | train reward: -2.55 | best: -2.55 | KL: 1.104e-05 | std: 0.6071 | rollout: 6.396s | update: 0.750s | total: 7.145s | samples/s: 8957
Iteration 0041 | train reward: -2.69 | best: -2.55 | KL: 1.664e-05 | std: 0.6071 | rollout: 6.923s | update: 0.804s | total: 7.727s | samples/s: 8283
Iteration 0042 | train reward: -3.18 | best: -2.55 | KL: 1.617e-05 | std: 0.6077 | rollout: 7.429s | update: 0.755s | total: 8.184s | samples/s: 7820
Iteration 0043 | train reward: -0.55 | best: -0.55 | KL: 1.390e-05 | std: 0.6077 | rollout: 6.869s | update: 0.763s | total: 7.632s | samples/s: 8386
Iteration 0044 | train reward: -1.85 | best: -0.55 | KL: 2.424e-05 | std: 0.6071 | rollout: 7.585s | update: 0.788s | total: 8.373s | samples/s: 7643
Iteration 0045 | train reward: -1.43 | best: -0.55 | KL: 1.815e-05 | std: 0.6070 | rollout: 6.243s | update: 0.748s | total: 6.990s | samples/s: 9156
Iteration 0046 | train reward: -1.57 | best: -0.55 | KL: 1.850e-05 | std: 0.6068 | rollout: 6.010s | update: 0.768s | total: 6.778s | samples/s: 9443
Iteration 0047 | train reward: -1.00 | best: -0.55 | KL: 2.541e-05 | std: 0.6068 | rollout: 6.106s | update: 0.774s | total: 6.880s | samples/s: 9302
Iteration 0048 | train reward: 0.64 | best: 0.64 | KL: 2.278e-05 | std: 0.6067 | rollout: 7.280s | update: 0.826s | total: 8.106s | samples/s: 7895
Iteration 0049 | train reward: -0.56 | best: 0.64 | KL: 2.041e-05 | std: 0.6068 | rollout: 6.214s | update: 0.796s | total: 7.010s | samples/s: 9129
Iteration 0050 | train reward: -0.39 | best: 0.64 | KL: 2.365e-05 | std: 0.6068 | rollout: 6.925s | update: 0.749s | total: 7.674s | samples/s: 8339
Iteration 0051 | train reward: 3.29 | best: 3.29 | KL: 2.773e-05 | std: 0.6070 | rollout: 6.360s | update: 0.758s | total: 7.119s | samples/s: 8991
Iteration 0052 | train reward: 2.62 | best: 3.29 | KL: 2.446e-05 | std: 0.6071 | rollout: 6.791s | update: 0.802s | total: 7.592s | samples/s: 8430
Iteration 0053 | train reward: 5.04 | best: 5.04 | KL: 2.278e-05 | std: 0.6071 | rollout: 6.423s | update: 0.770s | total: 7.193s | samples/s: 8898
Iteration 0054 | train reward: 4.41 | best: 5.04 | KL: 3.047e-05 | std: 0.6070 | rollout: 8.333s | update: 0.757s | total: 9.090s | samples/s: 7041
Iteration 0055 | train reward: 7.16 | best: 7.16 | KL: 1.489e-05 | std: 0.6068 | rollout: 7.132s | update: 0.752s | total: 7.885s | samples/s: 8117
Iteration 0056 | train reward: 7.56 | best: 7.56 | KL: 2.734e-05 | std: 0.6067 | rollout: 6.046s | update: 0.782s | total: 6.828s | samples/s: 9373
Iteration 0057 | train reward: 7.27 | best: 7.56 | KL: 3.986e-05 | std: 0.6059 | rollout: 6.282s | update: 0.763s | total: 7.045s | samples/s: 9084
Iteration 0058 | train reward: 8.82 | best: 8.82 | KL: 2.459e-05 | std: 0.6058 | rollout: 7.968s | update: 0.757s | total: 8.725s | samples/s: 7335
Iteration 0059 | train reward: 11.10 | best: 11.10 | KL: 2.709e-05 | std: 0.6058 | rollout: 7.605s | update: 0.758s | total: 8.363s | samples/s: 7653
Iteration 0060 | train reward: 10.53 | best: 11.10 | KL: 2.932e-05 | std: 0.6058 | rollout: 7.323s | update: 0.766s | total: 8.089s | samples/s: 7912
Iteration 0061 | train reward: 11.03 | best: 11.10 | KL: 2.801e-05 | std: 0.6058 | rollout: 7.382s | update: 0.815s | total: 8.197s | samples/s: 7808
Iteration 0062 | train reward: 12.91 | best: 12.91 | KL: 2.438e-05 | std: 0.6056 | rollout: 6.294s | update: 0.815s | total: 7.109s | samples/s: 9003
Iteration 0063 | train reward: 13.67 | best: 13.67 | KL: 2.427e-05 | std: 0.6058 | rollout: 7.406s | update: 0.781s | total: 8.187s | samples/s: 7817
Iteration 0064 | train reward: 15.97 | best: 15.97 | KL: 1.980e-05 | std: 0.6056 | rollout: 6.860s | update: 0.764s | total: 7.624s | samples/s: 8395
Iteration 0065 | train reward: 15.80 | best: 15.97 | KL: 1.499e-05 | std: 0.6056 | rollout: 8.046s | update: 0.760s | total: 8.806s | samples/s: 7268
Iteration 0066 | train reward: 14.64 | best: 15.97 | KL: 2.465e-05 | std: 0.6055 | rollout: 7.854s | update: 0.830s | total: 8.683s | samples/s: 7370
Iteration 0067 | train reward: 17.05 | best: 17.05 | KL: 2.402e-05 | std: 0.6055 | rollout: 7.758s | update: 0.775s | total: 8.534s | samples/s: 7500
Iteration 0068 | train reward: 16.97 | best: 17.05 | KL: 2.452e-05 | std: 0.6055 | rollout: 6.487s | update: 0.749s | total: 7.236s | samples/s: 8844
Iteration 0069 | train reward: 18.02 | best: 18.02 | KL: 2.123e-05 | std: 0.6055 | rollout: 7.389s | update: 0.759s | total: 8.148s | samples/s: 7855
Iteration 0070 | train reward: 18.95 | best: 18.95 | KL: 2.285e-05 | std: 0.6055 | rollout: 7.769s | update: 0.780s | total: 8.548s | samples/s: 7487
Iteration 0071 | train reward: 18.52 | best: 18.95 | KL: 3.014e-05 | std: 0.6056 | rollout: 7.563s | update: 0.765s | total: 8.328s | samples/s: 7685
Iteration 0072 | train reward: 18.73 | best: 18.95 | KL: 3.352e-05 | std: 0.6055 | rollout: 7.917s | update: 0.781s | total: 8.698s | samples/s: 7358
Iteration 0073 | train reward: 22.17 | best: 22.17 | KL: 2.262e-05 | std: 0.6055 | rollout: 6.824s | update: 0.751s | total: 7.574s | samples/s: 8450
Iteration 0074 | train reward: 21.57 | best: 22.17 | KL: 2.861e-05 | std: 0.6055 | rollout: 6.122s | update: 0.754s | total: 6.876s | samples/s: 9308
Iteration 0075 | train reward: 20.81 | best: 22.17 | KL: 2.119e-05 | std: 0.6054 | rollout: 6.192s | update: 0.756s | total: 6.948s | samples/s: 9211
Iteration 0076 | train reward: 20.60 | best: 22.17 | KL: 2.252e-05 | std: 0.6054 | rollout: 7.028s | update: 0.754s | total: 7.782s | samples/s: 8224
Iteration 0077 | train reward: 23.06 | best: 23.06 | KL: 2.590e-05 | std: 0.6051 | rollout: 7.599s | update: 0.769s | total: 8.368s | samples/s: 7648
Iteration 0078 | train reward: 20.75 | best: 23.06 | KL: 1.943e-05 | std: 0.6051 | rollout: 7.418s | update: 0.783s | total: 8.201s | samples/s: 7804
Iteration 0079 | train reward: 23.03 | best: 23.06 | KL: 2.242e-05 | std: 0.6051 | rollout: 7.363s | update: 0.751s | total: 8.115s | samples/s: 7887
Iteration 0080 | train reward: 23.29 | best: 23.29 | KL: 1.605e-05 | std: 0.6051 | rollout: 7.422s | update: 0.786s | total: 8.208s | samples/s: 7797
Iteration 0081 | train reward: 23.89 | best: 23.89 | KL: 2.148e-05 | std: 0.6052 | rollout: 7.463s | update: 0.766s | total: 8.229s | samples/s: 7778
Iteration 0082 | train reward: 23.18 | best: 23.89 | KL: 1.871e-05 | std: 0.6054 | rollout: 7.693s | update: 0.778s | total: 8.471s | samples/s: 7555
Iteration 0083 | train reward: 24.85 | best: 24.85 | KL: 2.460e-05 | std: 0.6055 | rollout: 7.287s | update: 0.777s | total: 8.064s | samples/s: 7936
Iteration 0084 | train reward: 26.37 | best: 26.37 | KL: 2.340e-05 | std: 0.6055 | rollout: 7.761s | update: 0.754s | total: 8.515s | samples/s: 7516
Iteration 0085 | train reward: 25.03 | best: 26.37 | KL: 2.808e-05 | std: 0.6054 | rollout: 6.382s | update: 0.777s | total: 7.159s | samples/s: 8939
Iteration 0086 | train reward: 24.97 | best: 26.37 | KL: 1.829e-05 | std: 0.6054 | rollout: 6.207s | update: 0.751s | total: 6.958s | samples/s: 9198
Iteration 0087 | train reward: 26.05 | best: 26.37 | KL: 2.125e-05 | std: 0.6052 | rollout: 7.427s | update: 0.763s | total: 8.191s | samples/s: 7814
Iteration 0088 | train reward: 25.90 | best: 26.37 | KL: 1.848e-05 | std: 0.6051 | rollout: 7.405s | update: 0.791s | total: 8.196s | samples/s: 7809
Iteration 0089 | train reward: 25.44 | best: 26.37 | KL: 2.370e-05 | std: 0.6051 | rollout: 7.650s | update: 0.828s | total: 8.478s | samples/s: 7549
Iteration 0090 | train reward: 26.82 | best: 26.82 | KL: 1.799e-05 | std: 0.6042 | rollout: 6.655s | update: 0.762s | total: 7.417s | samples/s: 8629
Iteration 0091 | train reward: 26.57 | best: 26.82 | KL: 3.091e-05 | std: 0.6051 | rollout: 7.181s | update: 0.812s | total: 7.993s | samples/s: 8007
Iteration 0092 | train reward: 26.43 | best: 26.82 | KL: 2.293e-05 | std: 0.6051 | rollout: 7.631s | update: 0.756s | total: 8.387s | samples/s: 7631
Iteration 0093 | train reward: 26.28 | best: 26.82 | KL: 2.746e-05 | std: 0.6042 | rollout: 7.553s | update: 0.762s | total: 8.314s | samples/s: 7697
Iteration 0094 | train reward: 27.11 | best: 27.11 | KL: 2.407e-05 | std: 0.6042 | rollout: 7.503s | update: 0.786s | total: 8.289s | samples/s: 7721
Iteration 0095 | train reward: 27.36 | best: 27.36 | KL: 2.169e-05 | std: 0.6042 | rollout: 6.932s | update: 0.779s | total: 7.712s | samples/s: 8299
Iteration 0096 | train reward: 27.45 | best: 27.45 | KL: 2.000e-05 | std: 0.6051 | rollout: 6.100s | update: 0.782s | total: 6.882s | samples/s: 9299
Iteration 0097 | train reward: 27.17 | best: 27.45 | KL: 2.050e-05 | std: 0.6054 | rollout: 7.015s | update: 0.777s | total: 7.792s | samples/s: 8214
Iteration 0098 | train reward: 27.76 | best: 27.76 | KL: 3.306e-05 | std: 0.6054 | rollout: 7.428s | update: 0.774s | total: 8.202s | samples/s: 7803
Iteration 0099 | train reward: 28.10 | best: 28.10 | KL: 2.486e-05 | std: 0.6054 | rollout: 8.522s | update: 0.771s | total: 9.293s | samples/s: 6887
Iteration 0100 | train reward: 28.56 | best: 28.56 | KL: 2.556e-05 | std: 0.6054 | rollout: 7.849s | update: 0.779s | total: 8.629s | samples/s: 7417
Iteration 0101 | train reward: 29.08 | best: 29.08 | KL: 3.160e-05 | std: 0.6051 | rollout: 7.448s | update: 0.753s | total: 8.201s | samples/s: 7804
Iteration 0102 | train reward: 28.51 | best: 29.08 | KL: 2.299e-05 | std: 0.6042 | rollout: 7.561s | update: 0.752s | total: 8.313s | samples/s: 7699
Iteration 0103 | train reward: 29.02 | best: 29.08 | KL: 2.596e-05 | std: 0.6042 | rollout: 7.504s | update: 0.768s | total: 8.271s | samples/s: 7737
Iteration 0104 | train reward: 29.28 | best: 29.28 | KL: 3.004e-05 | std: 0.6042 | rollout: 7.605s | update: 0.788s | total: 8.393s | samples/s: 7625
Iteration 0105 | train reward: 29.20 | best: 29.28 | KL: 2.732e-05 | std: 0.6041 | rollout: 7.161s | update: 0.751s | total: 7.912s | samples/s: 8089
Iteration 0106 | train reward: 29.22 | best: 29.28 | KL: 1.107e-05 | std: 0.6041 | rollout: 6.035s | update: 0.755s | total: 6.790s | samples/s: 9426
Iteration 0107 | train reward: 29.78 | best: 29.78 | KL: 2.332e-05 | std: 0.6039 | rollout: 7.903s | update: 0.771s | total: 8.674s | samples/s: 7378
Iteration 0108 | train reward: 29.58 | best: 29.78 | KL: 3.600e-05 | std: 0.6041 | rollout: 7.231s | update: 0.817s | total: 8.048s | samples/s: 7952
Iteration 0109 | train reward: 30.51 | best: 30.51 | KL: 2.715e-05 | std: 0.6039 | rollout: 6.231s | update: 0.781s | total: 7.012s | samples/s: 9127
Iteration 0110 | train reward: 29.79 | best: 30.51 | KL: 2.047e-05 | std: 0.6042 | rollout: 7.749s | update: 0.786s | total: 8.535s | samples/s: 7499
Iteration 0111 | train reward: 30.12 | best: 30.51 | KL: 1.878e-05 | std: 0.6041 | rollout: 6.841s | update: 0.764s | total: 7.605s | samples/s: 8415
Iteration 0112 | train reward: 30.30 | best: 30.51 | KL: 2.554e-05 | std: 0.6041 | rollout: 6.101s | update: 0.771s | total: 6.873s | samples/s: 9312
Iteration 0113 | train reward: 29.98 | best: 30.51 | KL: 2.804e-05 | std: 0.6039 | rollout: 6.098s | update: 0.755s | total: 6.853s | samples/s: 9338
Iteration 0114 | train reward: 30.36 | best: 30.51 | KL: 2.363e-05 | std: 0.6039 | rollout: 5.986s | update: 0.761s | total: 6.747s | samples/s: 9486
Iteration 0115 | train reward: 30.30 | best: 30.51 | KL: 2.512e-05 | std: 0.6038 | rollout: 6.209s | update: 0.786s | total: 6.995s | samples/s: 9150
Iteration 0116 | train reward: 30.81 | best: 30.81 | KL: 2.566e-05 | std: 0.6029 | rollout: 6.434s | update: 0.789s | total: 7.223s | samples/s: 8861
Iteration 0117 | train reward: 30.24 | best: 30.81 | KL: 2.893e-05 | std: 0.6031 | rollout: 7.383s | update: 0.867s | total: 8.250s | samples/s: 7758
Iteration 0118 | train reward: 30.18 | best: 30.81 | KL: 2.843e-05 | std: 0.6031 | rollout: 7.334s | update: 0.742s | total: 8.075s | samples/s: 7925
Iteration 0119 | train reward: 30.57 | best: 30.81 | KL: 2.790e-05 | std: 0.6029 | rollout: 7.459s | update: 0.759s | total: 8.218s | samples/s: 7788
Iteration 0120 | train reward: 29.95 | best: 30.81 | KL: 2.540e-05 | std: 0.6031 | rollout: 7.677s | update: 0.729s | total: 8.405s | samples/s: 7614
Iteration 0121 | train reward: 30.92 | best: 30.92 | KL: 2.699e-05 | std: 0.6031 | rollout: 8.559s | update: 0.759s | total: 9.318s | samples/s: 6869
Iteration 0122 | train reward: 30.76 | best: 30.92 | KL: 1.929e-05 | std: 0.6028 | rollout: 7.138s | update: 0.770s | total: 7.907s | samples/s: 8094
Iteration 0123 | train reward: 30.52 | best: 30.92 | KL: 2.648e-05 | std: 0.6020 | rollout: 6.363s | update: 0.778s | total: 7.141s | samples/s: 8962
Iteration 0124 | train reward: 31.42 | best: 31.42 | KL: 2.433e-05 | std: 0.6019 | rollout: 6.100s | update: 0.803s | total: 6.904s | samples/s: 9270
Iteration 0125 | train reward: 30.58 | best: 31.42 | KL: 2.553e-05 | std: 0.6019 | rollout: 7.369s | update: 0.784s | total: 8.153s | samples/s: 7850
Iteration 0126 | train reward: 31.77 | best: 31.77 | KL: 2.760e-05 | std: 0.6016 | rollout: 8.253s | update: 0.754s | total: 9.008s | samples/s: 7105
Iteration 0127 | train reward: 30.87 | best: 31.77 | KL: 2.300e-05 | std: 0.6017 | rollout: 7.321s | update: 0.830s | total: 8.151s | samples/s: 7852
Iteration 0128 | train reward: 30.91 | best: 31.77 | KL: 2.833e-05 | std: 0.6016 | rollout: 7.485s | update: 0.769s | total: 8.253s | samples/s: 7754
Iteration 0129 | train reward: 31.68 | best: 31.77 | KL: 2.737e-05 | std: 0.6019 | rollout: 6.538s | update: 0.769s | total: 7.307s | samples/s: 8759
Iteration 0130 | train reward: 32.28 | best: 32.28 | KL: 2.986e-05 | std: 0.6019 | rollout: 6.138s | update: 0.751s | total: 6.889s | samples/s: 9291
Iteration 0131 | train reward: 31.17 | best: 32.28 | KL: 3.575e-05 | std: 0.6016 | rollout: 6.018s | update: 0.752s | total: 6.770s | samples/s: 9453
Iteration 0132 | train reward: 31.06 | best: 32.28 | KL: 2.675e-05 | std: 0.6016 | rollout: 7.909s | update: 0.748s | total: 8.658s | samples/s: 7392
Iteration 0133 | train reward: 31.14 | best: 32.28 | KL: 3.096e-05 | std: 0.6016 | rollout: 8.055s | update: 0.751s | total: 8.806s | samples/s: 7268
Iteration 0134 | train reward: 31.58 | best: 32.28 | KL: 2.388e-05 | std: 0.6015 | rollout: 7.347s | update: 0.765s | total: 8.112s | samples/s: 7889
Iteration 0135 | train reward: 32.25 | best: 32.28 | KL: 3.172e-05 | std: 0.6015 | rollout: 7.131s | update: 0.753s | total: 7.883s | samples/s: 8119
Iteration 0136 | train reward: 30.80 | best: 32.28 | KL: 2.497e-05 | std: 0.6012 | rollout: 6.309s | update: 0.783s | total: 7.092s | samples/s: 9024
Iteration 0137 | train reward: 32.09 | best: 32.28 | KL: 3.205e-05 | std: 0.6003 | rollout: 6.707s | update: 0.750s | total: 7.458s | samples/s: 8582
Iteration 0138 | train reward: 31.00 | best: 32.28 | KL: 3.680e-05 | std: 0.6012 | rollout: 7.303s | update: 0.752s | total: 8.055s | samples/s: 7946
Iteration 0139 | train reward: 31.59 | best: 32.28 | KL: 3.192e-05 | std: 0.6002 | rollout: 6.956s | update: 0.779s | total: 7.735s | samples/s: 8274
Iteration 0140 | train reward: 32.17 | best: 32.28 | KL: 3.273e-05 | std: 0.6000 | rollout: 6.874s | update: 0.801s | total: 7.676s | samples/s: 8338
Iteration 0141 | train reward: 32.92 | best: 32.92 | KL: 3.033e-05 | std: 0.6000 | rollout: 6.972s | update: 0.748s | total: 7.721s | samples/s: 8289
Iteration 0142 | train reward: 32.32 | best: 32.92 | KL: 2.662e-05 | std: 0.5999 | rollout: 6.939s | update: 0.751s | total: 7.690s | samples/s: 8322
Iteration 0143 | train reward: 31.91 | best: 32.92 | KL: 2.570e-05 | std: 0.5999 | rollout: 7.288s | update: 0.823s | total: 8.111s | samples/s: 7890
Iteration 0144 | train reward: 32.06 | best: 32.92 | KL: 2.421e-05 | std: 0.5993 | rollout: 7.047s | update: 0.755s | total: 7.802s | samples/s: 8203
Iteration 0145 | train reward: 32.36 | best: 32.92 | KL: 3.902e-05 | std: 0.5992 | rollout: 7.449s | update: 0.777s | total: 8.226s | samples/s: 7780
Iteration 0146 | train reward: 32.57 | best: 32.92 | KL: 2.863e-05 | std: 0.5992 | rollout: 7.317s | update: 0.804s | total: 8.120s | samples/s: 7881
Iteration 0147 | train reward: 33.33 | best: 33.33 | KL: 5.045e-05 | std: 0.5981 | rollout: 7.481s | update: 0.758s | total: 8.239s | samples/s: 7768
Iteration 0148 | train reward: 33.37 | best: 33.37 | KL: 3.884e-05 | std: 0.5981 | rollout: 7.236s | update: 0.795s | total: 8.031s | samples/s: 7969
Iteration 0149 | train reward: 33.05 | best: 33.37 | KL: 3.664e-05 | std: 0.5980 | rollout: 7.416s | update: 0.747s | total: 8.162s | samples/s: 7841
Iteration 0150 | train reward: 33.74 | best: 33.74 | KL: 3.560e-05 | std: 0.5978 | rollout: 7.431s | update: 0.789s | total: 8.220s | samples/s: 7786
Iteration 0151 | train reward: 32.90 | best: 33.74 | KL: 3.281e-05 | std: 0.5977 | rollout: 6.775s | update: 0.722s | total: 7.498s | samples/s: 8536
Iteration 0152 | train reward: 33.98 | best: 33.98 | KL: 4.442e-05 | std: 0.5977 | rollout: 7.330s | update: 0.718s | total: 8.047s | samples/s: 7953
Iteration 0153 | train reward: 33.22 | best: 33.98 | KL: 4.017e-05 | std: 0.5976 | rollout: 7.144s | update: 0.747s | total: 7.891s | samples/s: 8111
Iteration 0154 | train reward: 34.40 | best: 34.40 | KL: 4.457e-05 | std: 0.5976 | rollout: 6.853s | update: 0.748s | total: 7.602s | samples/s: 8419
Iteration 0155 | train reward: 33.84 | best: 34.40 | KL: 4.614e-05 | std: 0.5973 | rollout: 6.191s | update: 0.731s | total: 6.922s | samples/s: 9246
Iteration 0156 | train reward: 34.70 | best: 34.70 | KL: 3.817e-05 | std: 0.5973 | rollout: 6.156s | update: 0.739s | total: 6.895s | samples/s: 9282
Iteration 0157 | train reward: 34.10 | best: 34.70 | KL: 3.755e-05 | std: 0.5964 | rollout: 7.913s | update: 0.720s | total: 8.633s | samples/s: 7413
Iteration 0158 | train reward: 35.16 | best: 35.16 | KL: 3.500e-05 | std: 0.5972 | rollout: 6.816s | update: 0.793s | total: 7.609s | samples/s: 8411
Iteration 0159 | train reward: 34.54 | best: 35.16 | KL: 3.736e-05 | std: 0.5964 | rollout: 7.481s | update: 0.758s | total: 8.239s | samples/s: 7768
Iteration 0160 | train reward: 35.64 | best: 35.64 | KL: 3.072e-05 | std: 0.5964 | rollout: 8.104s | update: 0.753s | total: 8.858s | samples/s: 7225
Iteration 0161 | train reward: 34.43 | best: 35.64 | KL: 3.725e-05 | std: 0.5964 | rollout: 6.448s | update: 0.824s | total: 7.272s | samples/s: 8801
Iteration 0162 | train reward: 34.93 | best: 35.64 | KL: 3.882e-05 | std: 0.5961 | rollout: 6.231s | update: 0.770s | total: 7.001s | samples/s: 9142
Iteration 0163 | train reward: 35.24 | best: 35.64 | KL: 4.206e-05 | std: 0.5961 | rollout: 7.354s | update: 0.852s | total: 8.206s | samples/s: 7799
Iteration 0164 | train reward: 34.91 | best: 35.64 | KL: 5.346e-05 | std: 0.5960 | rollout: 7.224s | update: 0.775s | total: 7.999s | samples/s: 8001
Iteration 0165 | train reward: 35.10 | best: 35.64 | KL: 4.809e-05 | std: 0.5960 | rollout: 6.438s | update: 0.763s | total: 7.202s | samples/s: 8887
Iteration 0166 | train reward: 35.23 | best: 35.64 | KL: 3.324e-05 | std: 0.5960 | rollout: 7.060s | update: 0.764s | total: 7.824s | samples/s: 8180
Iteration 0167 | train reward: 35.14 | best: 35.64 | KL: 4.687e-05 | std: 0.5954 | rollout: 7.253s | update: 0.811s | total: 8.065s | samples/s: 7936
Iteration 0168 | train reward: 35.43 | best: 35.64 | KL: 4.240e-05 | std: 0.5950 | rollout: 7.137s | update: 0.758s | total: 7.895s | samples/s: 8107
Iteration 0169 | train reward: 36.47 | best: 36.47 | KL: 4.172e-05 | std: 0.5950 | rollout: 6.953s | update: 0.805s | total: 7.757s | samples/s: 8251
Iteration 0170 | train reward: 35.19 | best: 36.47 | KL: 4.684e-05 | std: 0.5951 | rollout: 8.601s | update: 0.791s | total: 9.392s | samples/s: 6814
Iteration 0171 | train reward: 36.62 | best: 36.62 | KL: 3.655e-05 | std: 0.5950 | rollout: 9.172s | update: 0.767s | total: 9.939s | samples/s: 6440
Iteration 0172 | train reward: 36.68 | best: 36.68 | KL: 3.437e-05 | std: 0.5942 | rollout: 7.001s | update: 0.776s | total: 7.776s | samples/s: 8230
Iteration 0173 | train reward: 36.11 | best: 36.68 | KL: 3.632e-05 | std: 0.5941 | rollout: 7.147s | update: 0.750s | total: 7.898s | samples/s: 8103
Iteration 0174 | train reward: 36.69 | best: 36.69 | KL: 4.716e-05 | std: 0.5941 | rollout: 7.216s | update: 0.766s | total: 7.983s | samples/s: 8017
Iteration 0175 | train reward: 37.52 | best: 37.52 | KL: 5.110e-05 | std: 0.5941 | rollout: 7.737s | update: 0.770s | total: 8.507s | samples/s: 7524
Iteration 0176 | train reward: 36.89 | best: 37.52 | KL: 3.107e-05 | std: 0.5942 | rollout: 8.338s | update: 0.753s | total: 9.091s | samples/s: 7040
Iteration 0177 | train reward: 37.95 | best: 37.95 | KL: 3.118e-05 | std: 0.5950 | rollout: 7.547s | update: 0.766s | total: 8.313s | samples/s: 7699
Iteration 0178 | train reward: 37.14 | best: 37.95 | KL: 3.667e-05 | std: 0.5950 | rollout: 7.194s | update: 0.774s | total: 7.968s | samples/s: 8033
Iteration 0179 | train reward: 37.84 | best: 37.95 | KL: 4.266e-05 | std: 0.5942 | rollout: 7.583s | update: 0.788s | total: 8.371s | samples/s: 7646
Iteration 0180 | train reward: 38.63 | best: 38.63 | KL: 4.064e-05 | std: 0.5950 | rollout: 7.685s | update: 0.794s | total: 8.479s | samples/s: 7548
Iteration 0181 | train reward: 37.50 | best: 38.63 | KL: 5.726e-05 | std: 0.5941 | rollout: 6.409s | update: 0.761s | total: 7.170s | samples/s: 8926
Iteration 0182 | train reward: 38.06 | best: 38.63 | KL: 3.749e-05 | std: 0.5941 | rollout: 8.133s | update: 0.787s | total: 8.920s | samples/s: 7175
Iteration 0183 | train reward: 37.13 | best: 38.63 | KL: 6.300e-05 | std: 0.5938 | rollout: 6.473s | update: 0.760s | total: 7.233s | samples/s: 8848
Iteration 0184 | train reward: 37.69 | best: 38.63 | KL: 5.188e-05 | std: 0.5938 | rollout: 7.204s | update: 0.765s | total: 7.970s | samples/s: 8030
Iteration 0185 | train reward: 38.33 | best: 38.63 | KL: 4.416e-05 | std: 0.5938 | rollout: 7.370s | update: 0.751s | total: 8.121s | samples/s: 7881
Iteration 0186 | train reward: 37.62 | best: 38.63 | KL: 3.851e-05 | std: 0.5937 | rollout: 6.830s | update: 0.753s | total: 7.583s | samples/s: 8440
Iteration 0187 | train reward: 37.48 | best: 38.63 | KL: 3.749e-05 | std: 0.5937 | rollout: 6.973s | update: 0.764s | total: 7.736s | samples/s: 8273
Iteration 0188 | train reward: 38.67 | best: 38.67 | KL: 4.957e-05 | std: 0.5937 | rollout: 6.380s | update: 0.814s | total: 7.195s | samples/s: 8896
Iteration 0189 | train reward: 38.38 | best: 38.67 | KL: 4.405e-05 | std: 0.5936 | rollout: 7.267s | update: 0.821s | total: 8.087s | samples/s: 7914
Iteration 0190 | train reward: 38.19 | best: 38.67 | KL: 4.522e-05 | std: 0.5934 | rollout: 7.499s | update: 0.788s | total: 8.286s | samples/s: 7724
Iteration 0191 | train reward: 39.95 | best: 39.95 | KL: 5.583e-05 | std: 0.5934 | rollout: 6.931s | update: 0.800s | total: 7.731s | samples/s: 8278
Iteration 0192 | train reward: 38.91 | best: 39.95 | KL: 4.235e-05 | std: 0.5925 | rollout: 7.086s | update: 0.770s | total: 7.857s | samples/s: 8146
Iteration 0193 | train reward: 38.81 | best: 39.95 | KL: 4.646e-05 | std: 0.5925 | rollout: 8.156s | update: 0.802s | total: 8.958s | samples/s: 7145
Iteration 0194 | train reward: 39.07 | best: 39.95 | KL: 4.376e-05 | std: 0.5925 | rollout: 6.709s | update: 0.810s | total: 7.519s | samples/s: 8512
Iteration 0195 | train reward: 39.06 | best: 39.95 | KL: 3.519e-05 | std: 0.5924 | rollout: 6.137s | update: 0.763s | total: 6.900s | samples/s: 9276
Iteration 0196 | train reward: 38.90 | best: 39.95 | KL: 4.702e-05 | std: 0.5924 | rollout: 6.749s | update: 0.779s | total: 7.528s | samples/s: 8502
Iteration 0197 | train reward: 39.82 | best: 39.95 | KL: 4.441e-05 | std: 0.5924 | rollout: 6.876s | update: 0.760s | total: 7.636s | samples/s: 8381
Iteration 0198 | train reward: 40.24 | best: 40.24 | KL: 5.447e-05 | std: 0.5921 | rollout: 6.209s | update: 0.822s | total: 7.030s | samples/s: 9103
Iteration 0199 | train reward: 39.07 | best: 40.24 | KL: 4.686e-05 | std: 0.5921 | rollout: 6.440s | update: 0.792s | total: 7.232s | samples/s: 8850
Iteration 0200 | train reward: 40.20 | best: 40.24 | KL: 4.870e-05 | std: 0.5915 | rollout: 7.193s | update: 0.780s | total: 7.973s | samples/s: 8027
Iteration 0201 | train reward: 39.69 | best: 40.24 | KL: 3.365e-05 | std: 0.5915 | rollout: 6.564s | update: 0.800s | total: 7.365s | samples/s: 8690
Iteration 0202 | train reward: 38.71 | best: 40.24 | KL: 3.998e-05 | std: 0.5911 | rollout: 7.202s | update: 0.773s | total: 7.975s | samples/s: 8025
Iteration 0203 | train reward: 39.46 | best: 40.24 | KL: 4.919e-05 | std: 0.5911 | rollout: 7.287s | update: 0.766s | total: 8.052s | samples/s: 7948
Iteration 0204 | train reward: 39.94 | best: 40.24 | KL: 4.926e-05 | std: 0.5911 | rollout: 6.310s | update: 0.811s | total: 7.121s | samples/s: 8988
Iteration 0205 | train reward: 39.95 | best: 40.24 | KL: 5.190e-05 | std: 0.5911 | rollout: 7.377s | update: 0.772s | total: 8.148s | samples/s: 7854
Iteration 0206 | train reward: 39.33 | best: 40.24 | KL: 3.948e-05 | std: 0.5902 | rollout: 7.524s | update: 0.815s | total: 8.339s | samples/s: 7675
Iteration 0207 | train reward: 40.60 | best: 40.60 | KL: 4.947e-05 | std: 0.5899 | rollout: 7.595s | update: 0.790s | total: 8.384s | samples/s: 7633
Iteration 0208 | train reward: 40.04 | best: 40.60 | KL: 4.688e-05 | std: 0.5898 | rollout: 7.197s | update: 0.782s | total: 7.979s | samples/s: 8021
Iteration 0209 | train reward: 39.83 | best: 40.60 | KL: 5.599e-05 | std: 0.5898 | rollout: 7.254s | update: 0.752s | total: 8.006s | samples/s: 7994
Iteration 0210 | train reward: 40.99 | best: 40.99 | KL: 6.173e-05 | std: 0.5895 | rollout: 7.469s | update: 0.795s | total: 8.264s | samples/s: 7745
Iteration 0211 | train reward: 40.53 | best: 40.99 | KL: 3.574e-05 | std: 0.5895 | rollout: 7.324s | update: 0.753s | total: 8.077s | samples/s: 7924
Iteration 0212 | train reward: 40.93 | best: 40.99 | KL: 4.066e-05 | std: 0.5894 | rollout: 7.486s | update: 0.790s | total: 8.275s | samples/s: 7734
Iteration 0213 | train reward: 40.52 | best: 40.99 | KL: 4.376e-05 | std: 0.5886 | rollout: 7.271s | update: 0.783s | total: 8.054s | samples/s: 7946
Iteration 0214 | train reward: 40.15 | best: 40.99 | KL: 3.791e-05 | std: 0.5886 | rollout: 7.318s | update: 0.754s | total: 8.072s | samples/s: 7929
Iteration 0215 | train reward: 39.03 | best: 40.99 | KL: 4.791e-05 | std: 0.5894 | rollout: 7.343s | update: 0.775s | total: 8.119s | samples/s: 7883
Iteration 0216 | train reward: 41.12 | best: 41.12 | KL: 6.598e-05 | std: 0.5894 | rollout: 7.584s | update: 0.752s | total: 8.335s | samples/s: 7678
Iteration 0217 | train reward: 39.92 | best: 41.12 | KL: 4.840e-05 | std: 0.5885 | rollout: 6.496s | update: 0.751s | total: 7.247s | samples/s: 8832
Iteration 0218 | train reward: 41.04 | best: 41.12 | KL: 4.218e-05 | std: 0.5885 | rollout: 6.009s | update: 0.760s | total: 6.768s | samples/s: 9456
Iteration 0219 | train reward: 41.76 | best: 41.76 | KL: 7.752e-05 | std: 0.5885 | rollout: 6.531s | update: 0.759s | total: 7.290s | samples/s: 8779
Iteration 0220 | train reward: 40.62 | best: 41.76 | KL: 6.056e-05 | std: 0.5885 | rollout: 7.237s | update: 0.764s | total: 8.001s | samples/s: 7999
Iteration 0221 | train reward: 40.41 | best: 41.76 | KL: 5.959e-05 | std: 0.5886 | rollout: 7.176s | update: 0.753s | total: 7.929s | samples/s: 8071
Iteration 0222 | train reward: 41.25 | best: 41.76 | KL: 4.859e-05 | std: 0.5886 | rollout: 7.674s | update: 0.779s | total: 8.453s | samples/s: 7571
Iteration 0223 | train reward: 39.98 | best: 41.76 | KL: 3.920e-05 | std: 0.5894 | rollout: 6.755s | update: 0.763s | total: 7.518s | samples/s: 8512
Iteration 0224 | train reward: 41.71 | best: 41.76 | KL: 4.145e-05 | std: 0.5894 | rollout: 6.757s | update: 0.755s | total: 7.512s | samples/s: 8520
Iteration 0225 | train reward: 41.93 | best: 41.93 | KL: 6.584e-05 | std: 0.5894 | rollout: 7.187s | update: 0.755s | total: 7.943s | samples/s: 8058
Iteration 0226 | train reward: 41.59 | best: 41.93 | KL: 5.320e-05 | std: 0.5886 | rollout: 6.203s | update: 0.771s | total: 6.974s | samples/s: 9177
Iteration 0227 | train reward: 42.20 | best: 42.20 | KL: 6.244e-05 | std: 0.5885 | rollout: 6.480s | update: 0.861s | total: 7.340s | samples/s: 8719
Iteration 0228 | train reward: 41.17 | best: 42.20 | KL: 4.957e-05 | std: 0.5885 | rollout: 7.147s | update: 0.760s | total: 7.907s | samples/s: 8094
Iteration 0229 | train reward: 41.69 | best: 42.20 | KL: 4.131e-05 | std: 0.5882 | rollout: 6.510s | update: 0.755s | total: 7.266s | samples/s: 8809
Iteration 0230 | train reward: 42.01 | best: 42.20 | KL: 4.735e-05 | std: 0.5882 | rollout: 6.166s | update: 0.757s | total: 6.922s | samples/s: 9245
Iteration 0231 | train reward: 41.61 | best: 42.20 | KL: 4.831e-05 | std: 0.5882 | rollout: 6.946s | update: 0.773s | total: 7.719s | samples/s: 8292
Iteration 0232 | train reward: 41.89 | best: 42.20 | KL: 5.696e-05 | std: 0.5882 | rollout: 6.760s | update: 0.769s | total: 7.529s | samples/s: 8501
Iteration 0233 | train reward: 41.85 | best: 42.20 | KL: 4.546e-05 | std: 0.5882 | rollout: 7.390s | update: 0.760s | total: 8.151s | samples/s: 7852
Iteration 0234 | train reward: 42.19 | best: 42.20 | KL: 4.030e-05 | std: 0.5881 | rollout: 7.077s | update: 0.756s | total: 7.832s | samples/s: 8171
Iteration 0235 | train reward: 42.43 | best: 42.43 | KL: 6.255e-05 | std: 0.5876 | rollout: 6.126s | update: 0.809s | total: 6.935s | samples/s: 9228
Iteration 0236 | train reward: 43.05 | best: 43.05 | KL: 6.030e-05 | std: 0.5876 | rollout: 7.148s | update: 0.765s | total: 7.913s | samples/s: 8088
Iteration 0237 | train reward: 42.65 | best: 43.05 | KL: 6.304e-05 | std: 0.5876 | rollout: 7.257s | update: 0.779s | total: 8.037s | samples/s: 7964
Iteration 0238 | train reward: 43.09 | best: 43.09 | KL: 5.539e-05 | std: 0.5876 | rollout: 6.858s | update: 0.840s | total: 7.698s | samples/s: 8314
Iteration 0239 | train reward: 42.60 | best: 43.09 | KL: 3.952e-05 | std: 0.5876 | rollout: 8.222s | update: 0.778s | total: 9.000s | samples/s: 7111
Iteration 0240 | train reward: 43.79 | best: 43.79 | KL: 6.857e-05 | std: 0.5875 | rollout: 7.451s | update: 0.785s | total: 8.235s | samples/s: 7771
Iteration 0241 | train reward: 42.67 | best: 43.79 | KL: 4.794e-05 | std: 0.5875 | rollout: 7.442s | update: 0.801s | total: 8.243s | samples/s: 7764
Iteration 0242 | train reward: 43.34 | best: 43.79 | KL: 5.663e-05 | std: 0.5873 | rollout: 6.778s | update: 0.779s | total: 7.557s | samples/s: 8469
Iteration 0243 | train reward: 42.96 | best: 43.79 | KL: 5.042e-05 | std: 0.5873 | rollout: 7.167s | update: 0.758s | total: 7.925s | samples/s: 8075
Iteration 0244 | train reward: 43.07 | best: 43.79 | KL: 5.873e-05 | std: 0.5872 | rollout: 7.173s | update: 0.803s | total: 7.977s | samples/s: 8023
Iteration 0245 | train reward: 42.47 | best: 43.79 | KL: 6.255e-05 | std: 0.5872 | rollout: 7.448s | update: 0.808s | total: 8.256s | samples/s: 7752
Iteration 0246 | train reward: 41.98 | best: 43.79 | KL: 5.066e-05 | std: 0.5872 | rollout: 7.601s | update: 0.775s | total: 8.376s | samples/s: 7641
Iteration 0247 | train reward: 42.36 | best: 43.79 | KL: 6.933e-05 | std: 0.5864 | rollout: 7.551s | update: 0.753s | total: 8.304s | samples/s: 7707
Iteration 0248 | train reward: 42.49 | best: 43.79 | KL: 5.109e-05 | std: 0.5863 | rollout: 7.701s | update: 0.753s | total: 8.454s | samples/s: 7571
Iteration 0249 | train reward: 42.58 | best: 43.79 | KL: 5.916e-05 | std: 0.5863 | rollout: 7.544s | update: 0.758s | total: 8.302s | samples/s: 7709
Iteration 0250 | train reward: 42.84 | best: 43.79 | KL: 5.407e-05 | std: 0.5860 | rollout: 7.542s | update: 0.753s | total: 8.295s | samples/s: 7716
Iteration 0251 | train reward: 42.99 | best: 43.79 | KL: 5.782e-05 | std: 0.5864 | rollout: 7.532s | update: 0.757s | total: 8.289s | samples/s: 7721
Iteration 0252 | train reward: 43.18 | best: 43.79 | KL: 5.900e-05 | std: 0.5864 | rollout: 7.414s | update: 0.810s | total: 8.224s | samples/s: 7782
Iteration 0253 | train reward: 43.06 | best: 43.79 | KL: 4.665e-05 | std: 0.5864 | rollout: 7.358s | update: 0.754s | total: 8.112s | samples/s: 7890
Iteration 0254 | train reward: 43.54 | best: 43.79 | KL: 6.151e-05 | std: 0.5863 | rollout: 6.919s | update: 0.763s | total: 7.682s | samples/s: 8331
Iteration 0255 | train reward: 42.96 | best: 43.79 | KL: 4.611e-05 | std: 0.5872 | rollout: 7.397s | update: 0.780s | total: 8.176s | samples/s: 7828
Iteration 0256 | train reward: 43.73 | best: 43.79 | KL: 3.383e-05 | std: 0.5863 | rollout: 6.977s | update: 0.752s | total: 7.728s | samples/s: 8281
Iteration 0257 | train reward: 42.81 | best: 43.79 | KL: 3.875e-05 | std: 0.5863 | rollout: 6.501s | update: 0.788s | total: 7.289s | samples/s: 8780
Iteration 0258 | train reward: 43.55 | best: 43.79 | KL: 5.918e-05 | std: 0.5860 | rollout: 6.676s | update: 0.785s | total: 7.460s | samples/s: 8579
Iteration 0259 | train reward: 44.05 | best: 44.05 | KL: 5.353e-05 | std: 0.5859 | rollout: 6.892s | update: 0.788s | total: 7.680s | samples/s: 8333
Iteration 0260 | train reward: 43.58 | best: 44.05 | KL: 5.670e-05 | std: 0.5858 | rollout: 7.249s | update: 0.879s | total: 8.128s | samples/s: 7874
Iteration 0261 | train reward: 43.82 | best: 44.05 | KL: 6.758e-05 | std: 0.5855 | rollout: 6.965s | update: 0.739s | total: 7.704s | samples/s: 8307
Iteration 0262 | train reward: 43.22 | best: 44.05 | KL: 4.015e-05 | std: 0.5846 | rollout: 6.177s | update: 0.748s | total: 6.924s | samples/s: 9243
Iteration 0263 | train reward: 43.61 | best: 44.05 | KL: 5.220e-05 | std: 0.5846 | rollout: 7.746s | update: 0.754s | total: 8.500s | samples/s: 7529
Iteration 0264 | train reward: 43.69 | best: 44.05 | KL: 5.059e-05 | std: 0.5843 | rollout: 7.493s | update: 0.737s | total: 8.230s | samples/s: 7776
Iteration 0265 | train reward: 43.85 | best: 44.05 | KL: 4.848e-05 | std: 0.5843 | rollout: 6.208s | update: 0.748s | total: 6.956s | samples/s: 9201
Iteration 0266 | train reward: 43.58 | best: 44.05 | KL: 5.762e-05 | std: 0.5843 | rollout: 6.028s | update: 0.727s | total: 6.755s | samples/s: 9474
Iteration 0267 | train reward: 43.62 | best: 44.05 | KL: 4.513e-05 | std: 0.5843 | rollout: 6.643s | update: 0.816s | total: 7.458s | samples/s: 8581
Iteration 0268 | train reward: 43.73 | best: 44.05 | KL: 4.543e-05 | std: 0.5842 | rollout: 7.915s | update: 0.810s | total: 8.725s | samples/s: 7335
Iteration 0269 | train reward: 43.61 | best: 44.05 | KL: 6.058e-05 | std: 0.5837 | rollout: 7.923s | update: 0.736s | total: 8.658s | samples/s: 7392
Iteration 0270 | train reward: 43.84 | best: 44.05 | KL: 6.130e-05 | std: 0.5837 | rollout: 7.474s | update: 0.749s | total: 8.223s | samples/s: 7783
Iteration 0271 | train reward: 43.89 | best: 44.05 | KL: 4.848e-05 | std: 0.5837 | rollout: 7.711s | update: 0.727s | total: 8.438s | samples/s: 7585
Iteration 0272 | train reward: 43.82 | best: 44.05 | KL: 4.767e-05 | std: 0.5834 | rollout: 6.112s | update: 0.799s | total: 6.911s | samples/s: 9260
Iteration 0273 | train reward: 44.05 | best: 44.05 | KL: 5.729e-05 | std: 0.5836 | rollout: 7.336s | update: 0.758s | total: 8.093s | samples/s: 7908
Iteration 0274 | train reward: 44.44 | best: 44.44 | KL: 3.991e-05 | std: 0.5837 | rollout: 7.183s | update: 0.755s | total: 7.938s | samples/s: 8063
Iteration 0275 | train reward: 44.49 | best: 44.49 | KL: 6.616e-05 | std: 0.5834 | rollout: 7.337s | update: 0.758s | total: 8.094s | samples/s: 7907
Iteration 0276 | train reward: 44.71 | best: 44.71 | KL: 5.493e-05 | std: 0.5834 | rollout: 7.523s | update: 0.756s | total: 8.279s | samples/s: 7731
Iteration 0277 | train reward: 45.13 | best: 45.13 | KL: 6.464e-05 | std: 0.5837 | rollout: 6.437s | update: 0.829s | total: 7.266s | samples/s: 8808
Iteration 0278 | train reward: 45.86 | best: 45.86 | KL: 6.319e-05 | std: 0.5837 | rollout: 7.926s | update: 0.780s | total: 8.706s | samples/s: 7351
Iteration 0279 | train reward: 45.06 | best: 45.86 | KL: 6.275e-05 | std: 0.5834 | rollout: 7.132s | update: 0.754s | total: 7.887s | samples/s: 8115
Iteration 0280 | train reward: 45.13 | best: 45.86 | KL: 5.114e-05 | std: 0.5833 | rollout: 6.090s | update: 0.750s | total: 6.840s | samples/s: 9357
Iteration 0281 | train reward: 44.93 | best: 45.86 | KL: 6.743e-05 | std: 0.5824 | rollout: 6.176s | update: 0.752s | total: 6.929s | samples/s: 9237
Iteration 0282 | train reward: 45.61 | best: 45.86 | KL: 5.547e-05 | std: 0.5821 | rollout: 8.026s | update: 0.760s | total: 8.786s | samples/s: 7285
Iteration 0283 | train reward: 45.64 | best: 45.86 | KL: 6.223e-05 | std: 0.5821 | rollout: 7.351s | update: 0.780s | total: 8.131s | samples/s: 7871
Iteration 0284 | train reward: 44.93 | best: 45.86 | KL: 6.599e-05 | std: 0.5820 | rollout: 7.724s | update: 0.769s | total: 8.493s | samples/s: 7535
Iteration 0285 | train reward: 45.83 | best: 45.86 | KL: 7.003e-05 | std: 0.5820 | rollout: 6.738s | update: 0.795s | total: 7.533s | samples/s: 8496
Iteration 0286 | train reward: 45.35 | best: 45.86 | KL: 5.397e-05 | std: 0.5819 | rollout: 7.606s | update: 0.777s | total: 8.384s | samples/s: 7634
Iteration 0287 | train reward: 45.66 | best: 45.86 | KL: 4.904e-05 | std: 0.5816 | rollout: 7.271s | update: 0.828s | total: 8.099s | samples/s: 7902
Iteration 0288 | train reward: 46.25 | best: 46.25 | KL: 4.941e-05 | std: 0.5807 | rollout: 7.342s | update: 0.760s | total: 8.102s | samples/s: 7899
Iteration 0289 | train reward: 46.13 | best: 46.25 | KL: 7.335e-05 | std: 0.5807 | rollout: 7.231s | update: 0.770s | total: 8.001s | samples/s: 7999
Iteration 0290 | train reward: 45.60 | best: 46.25 | KL: 5.456e-05 | std: 0.5803 | rollout: 6.063s | update: 0.766s | total: 6.828s | samples/s: 9373
Iteration 0291 | train reward: 45.93 | best: 46.25 | KL: 6.409e-05 | std: 0.5803 | rollout: 7.152s | update: 0.774s | total: 7.925s | samples/s: 8075
Iteration 0292 | train reward: 46.78 | best: 46.78 | KL: 5.591e-05 | std: 0.5804 | rollout: 7.009s | update: 0.781s | total: 7.790s | samples/s: 8216
Iteration 0293 | train reward: 47.09 | best: 47.09 | KL: 4.794e-05 | std: 0.5804 | rollout: 7.369s | update: 0.803s | total: 8.172s | samples/s: 7832
Iteration 0294 | train reward: 46.51 | best: 47.09 | KL: 6.005e-05 | std: 0.5803 | rollout: 6.820s | update: 0.773s | total: 7.593s | samples/s: 8429
Iteration 0295 | train reward: 47.34 | best: 47.34 | KL: 5.653e-05 | std: 0.5803 | rollout: 7.617s | update: 0.801s | total: 8.418s | samples/s: 7603
Iteration 0296 | train reward: 47.15 | best: 47.34 | KL: 4.920e-05 | std: 0.5803 | rollout: 6.928s | update: 0.771s | total: 7.699s | samples/s: 8313
Iteration 0297 | train reward: 47.27 | best: 47.34 | KL: 6.689e-05 | std: 0.5804 | rollout: 6.795s | update: 0.802s | total: 7.597s | samples/s: 8424
Iteration 0298 | train reward: 46.54 | best: 47.34 | KL: 6.328e-05 | std: 0.5804 | rollout: 6.096s | update: 0.751s | total: 6.847s | samples/s: 9347
Iteration 0299 | train reward: 46.86 | best: 47.34 | KL: 6.441e-05 | std: 0.5806 | rollout: 6.294s | update: 0.780s | total: 7.074s | samples/s: 9047
Iteration 0300 | train reward: 46.87 | best: 47.34 | KL: 6.588e-05 | std: 0.5804 | rollout: 6.567s | update: 0.755s | total: 7.322s | samples/s: 8740
Iteration 0301 | train reward: 47.82 | best: 47.82 | KL: 4.696e-05 | std: 0.5804 | rollout: 5.996s | update: 0.761s | total: 6.757s | samples/s: 9471
Iteration 0302 | train reward: 48.58 | best: 48.58 | KL: 6.287e-05 | std: 0.5798 | rollout: 7.033s | update: 0.780s | total: 7.814s | samples/s: 8191
Iteration 0303 | train reward: 48.64 | best: 48.64 | KL: 6.541e-05 | std: 0.5798 | rollout: 7.337s | update: 0.764s | total: 8.101s | samples/s: 7901
Iteration 0304 | train reward: 47.11 | best: 48.64 | KL: 6.503e-05 | std: 0.5804 | rollout: 6.171s | update: 0.779s | total: 6.950s | samples/s: 9209
Iteration 0305 | train reward: 47.89 | best: 48.64 | KL: 6.135e-05 | std: 0.5798 | rollout: 6.847s | update: 0.793s | total: 7.641s | samples/s: 8376
Iteration 0306 | train reward: 47.13 | best: 48.64 | KL: 6.190e-05 | std: 0.5794 | rollout: 6.484s | update: 0.781s | total: 7.265s | samples/s: 8810
Iteration 0307 | train reward: 46.95 | best: 48.64 | KL: 6.450e-05 | std: 0.5795 | rollout: 7.275s | update: 0.793s | total: 8.068s | samples/s: 7933
Iteration 0308 | train reward: 48.44 | best: 48.64 | KL: 5.712e-05 | std: 0.5795 | rollout: 6.609s | update: 0.784s | total: 7.393s | samples/s: 8657
Iteration 0309 | train reward: 47.56 | best: 48.64 | KL: 6.368e-05 | std: 0.5795 | rollout: 6.278s | update: 0.783s | total: 7.061s | samples/s: 9064
Iteration 0310 | train reward: 48.43 | best: 48.64 | KL: 6.718e-05 | std: 0.5795 | rollout: 6.657s | update: 0.766s | total: 7.423s | samples/s: 8622
Iteration 0311 | train reward: 48.53 | best: 48.64 | KL: 5.482e-05 | std: 0.5794 | rollout: 6.170s | update: 0.765s | total: 6.935s | samples/s: 9228
Iteration 0312 | train reward: 49.10 | best: 49.10 | KL: 9.895e-05 | std: 0.5794 | rollout: 6.647s | update: 0.820s | total: 7.467s | samples/s: 8572
Iteration 0313 | train reward: 49.20 | best: 49.20 | KL: 5.723e-05 | std: 0.5786 | rollout: 7.138s | update: 0.838s | total: 7.976s | samples/s: 8025
Iteration 0314 | train reward: 48.83 | best: 49.20 | KL: 7.575e-05 | std: 0.5785 | rollout: 6.986s | update: 0.783s | total: 7.769s | samples/s: 8238
Iteration 0315 | train reward: 49.46 | best: 49.46 | KL: 6.104e-05 | std: 0.5785 | rollout: 7.749s | update: 0.792s | total: 8.541s | samples/s: 7493
Iteration 0316 | train reward: 49.35 | best: 49.46 | KL: 1.048e-04 | std: 0.5794 | rollout: 7.378s | update: 0.782s | total: 8.160s | samples/s: 7843
Iteration 0317 | train reward: 48.77 | best: 49.46 | KL: 8.973e-05 | std: 0.5794 | rollout: 6.129s | update: 0.748s | total: 6.877s | samples/s: 9307
Iteration 0318 | train reward: 48.61 | best: 49.46 | KL: 7.418e-05 | std: 0.5794 | rollout: 6.220s | update: 0.758s | total: 6.979s | samples/s: 9171
Iteration 0319 | train reward: 48.52 | best: 49.46 | KL: 5.314e-05 | std: 0.5785 | rollout: 6.807s | update: 0.752s | total: 7.559s | samples/s: 8467
Iteration 0320 | train reward: 49.58 | best: 49.58 | KL: 9.839e-05 | std: 0.5785 | rollout: 6.941s | update: 0.791s | total: 7.732s | samples/s: 8278
Iteration 0321 | train reward: 49.13 | best: 49.58 | KL: 6.088e-05 | std: 0.5782 | rollout: 7.497s | update: 0.809s | total: 8.306s | samples/s: 7705
Iteration 0322 | train reward: 48.98 | best: 49.58 | KL: 7.921e-05 | std: 0.5782 | rollout: 7.359s | update: 0.766s | total: 8.124s | samples/s: 7878
Iteration 0323 | train reward: 50.25 | best: 50.25 | KL: 5.870e-05 | std: 0.5782 | rollout: 6.518s | update: 0.776s | total: 7.295s | samples/s: 8773
Iteration 0324 | train reward: 49.55 | best: 50.25 | KL: 5.433e-05 | std: 0.5785 | rollout: 7.513s | update: 0.764s | total: 8.277s | samples/s: 7732
Iteration 0325 | train reward: 49.39 | best: 50.25 | KL: 4.668e-05 | std: 0.5785 | rollout: 7.599s | update: 0.759s | total: 8.358s | samples/s: 7657
Iteration 0326 | train reward: 49.77 | best: 50.25 | KL: 6.108e-05 | std: 0.5785 | rollout: 7.626s | update: 0.802s | total: 8.428s | samples/s: 7594
Iteration 0327 | train reward: 49.66 | best: 50.25 | KL: 6.562e-05 | std: 0.5782 | rollout: 7.052s | update: 0.759s | total: 7.811s | samples/s: 8193
Iteration 0328 | train reward: 49.65 | best: 50.25 | KL: 8.106e-05 | std: 0.5782 | rollout: 8.063s | update: 0.771s | total: 8.834s | samples/s: 7245
Iteration 0329 | train reward: 50.29 | best: 50.29 | KL: 5.611e-05 | std: 0.5782 | rollout: 7.408s | update: 0.752s | total: 8.160s | samples/s: 7843
Iteration 0330 | train reward: 50.23 | best: 50.29 | KL: 6.145e-05 | std: 0.5785 | rollout: 7.614s | update: 0.835s | total: 8.449s | samples/s: 7575
Iteration 0331 | train reward: 50.29 | best: 50.29 | KL: 7.512e-05 | std: 0.5784 | rollout: 6.747s | update: 0.801s | total: 7.548s | samples/s: 8480
Iteration 0332 | train reward: 50.52 | best: 50.52 | KL: 5.365e-05 | std: 0.5785 | rollout: 7.775s | update: 0.785s | total: 8.560s | samples/s: 7477
Iteration 0333 | train reward: 50.72 | best: 50.72 | KL: 5.685e-05 | std: 0.5785 | rollout: 6.194s | update: 0.784s | total: 6.978s | samples/s: 9172
Iteration 0334 | train reward: 50.66 | best: 50.72 | KL: 8.497e-05 | std: 0.5786 | rollout: 7.168s | update: 0.767s | total: 7.934s | samples/s: 8066
Iteration 0335 | train reward: 50.58 | best: 50.72 | KL: 7.374e-05 | std: 0.5782 | rollout: 7.342s | update: 0.773s | total: 8.114s | samples/s: 7887
Iteration 0336 | train reward: 50.66 | best: 50.72 | KL: 6.626e-05 | std: 0.5782 | rollout: 7.474s | update: 0.802s | total: 8.276s | samples/s: 7733
Iteration 0337 | train reward: 50.31 | best: 50.72 | KL: 6.966e-05 | std: 0.5785 | rollout: 7.421s | update: 0.763s | total: 8.184s | samples/s: 7820
Iteration 0338 | train reward: 51.35 | best: 51.35 | KL: 7.696e-05 | std: 0.5782 | rollout: 7.914s | update: 0.800s | total: 8.714s | samples/s: 7344
Iteration 0339 | train reward: 51.43 | best: 51.43 | KL: 7.863e-05 | std: 0.5781 | rollout: 7.101s | update: 0.818s | total: 7.919s | samples/s: 8082
Iteration 0340 | train reward: 50.54 | best: 51.43 | KL: 8.165e-05 | std: 0.5780 | rollout: 6.039s | update: 0.757s | total: 6.796s | samples/s: 9417
Iteration 0341 | train reward: 50.80 | best: 51.43 | KL: 8.653e-05 | std: 0.5778 | rollout: 7.658s | update: 0.764s | total: 8.422s | samples/s: 7599
Iteration 0342 | train reward: 51.77 | best: 51.77 | KL: 9.200e-05 | std: 0.5778 | rollout: 7.973s | update: 0.785s | total: 8.758s | samples/s: 7308
Iteration 0343 | train reward: 51.11 | best: 51.77 | KL: 7.126e-05 | std: 0.5768 | rollout: 6.621s | update: 0.802s | total: 7.423s | samples/s: 8622
Iteration 0344 | train reward: 52.10 | best: 52.10 | KL: 6.101e-05 | std: 0.5777 | rollout: 7.669s | update: 0.759s | total: 8.428s | samples/s: 7593
Iteration 0345 | train reward: 51.60 | best: 52.10 | KL: 6.715e-05 | std: 0.5767 | rollout: 6.401s | update: 0.758s | total: 7.158s | samples/s: 8941
Iteration 0346 | train reward: 52.50 | best: 52.50 | KL: 8.312e-05 | std: 0.5767 | rollout: 7.226s | update: 0.790s | total: 8.017s | samples/s: 7983
Iteration 0347 | train reward: 51.71 | best: 52.50 | KL: 6.152e-05 | std: 0.5767 | rollout: 6.633s | update: 0.764s | total: 7.398s | samples/s: 8651
Iteration 0348 | train reward: 51.72 | best: 52.50 | KL: 8.612e-05 | std: 0.5767 | rollout: 6.186s | update: 0.789s | total: 6.975s | samples/s: 9176
Iteration 0349 | train reward: 52.44 | best: 52.50 | KL: 7.497e-05 | std: 0.5768 | rollout: 6.350s | update: 0.754s | total: 7.103s | samples/s: 9010
Iteration 0350 | train reward: 52.95 | best: 52.95 | KL: 1.085e-04 | std: 0.5767 | rollout: 5.992s | update: 0.750s | total: 6.741s | samples/s: 9494
Iteration 0351 | train reward: 52.97 | best: 52.97 | KL: 8.510e-05 | std: 0.5765 | rollout: 7.405s | update: 0.778s | total: 8.183s | samples/s: 7821
Iteration 0352 | train reward: 52.67 | best: 52.97 | KL: 6.355e-05 | std: 0.5764 | rollout: 7.155s | update: 0.771s | total: 7.926s | samples/s: 8075
Iteration 0353 | train reward: 53.43 | best: 53.43 | KL: 8.966e-05 | std: 0.5764 | rollout: 6.257s | update: 0.805s | total: 7.062s | samples/s: 9063
Iteration 0354 | train reward: 53.37 | best: 53.43 | KL: 7.505e-05 | std: 0.5765 | rollout: 7.113s | update: 0.821s | total: 7.933s | samples/s: 8067
Iteration 0355 | train reward: 53.54 | best: 53.54 | KL: 7.101e-05 | std: 0.5764 | rollout: 7.070s | update: 0.770s | total: 7.840s | samples/s: 8163
Iteration 0356 | train reward: 54.81 | best: 54.81 | KL: 7.459e-05 | std: 0.5764 | rollout: 6.541s | update: 0.799s | total: 7.340s | samples/s: 8719
Iteration 0357 | train reward: 54.04 | best: 54.81 | KL: 8.086e-05 | std: 0.5765 | rollout: 6.128s | update: 0.805s | total: 6.933s | samples/s: 9231
Iteration 0358 | train reward: 53.49 | best: 54.81 | KL: 7.999e-05 | std: 0.5768 | rollout: 6.333s | update: 0.801s | total: 7.134s | samples/s: 8972
Iteration 0359 | train reward: 53.60 | best: 54.81 | KL: 7.096e-05 | std: 0.5767 | rollout: 6.154s | update: 0.840s | total: 6.994s | samples/s: 9151
Iteration 0360 | train reward: 53.97 | best: 54.81 | KL: 5.585e-05 | std: 0.5767 | rollout: 7.221s | update: 0.758s | total: 7.979s | samples/s: 8021
Iteration 0361 | train reward: 53.92 | best: 54.81 | KL: 7.906e-05 | std: 0.5765 | rollout: 7.351s | update: 0.759s | total: 8.110s | samples/s: 7892
Iteration 0362 | train reward: 54.40 | best: 54.81 | KL: 6.529e-05 | std: 0.5764 | rollout: 7.605s | update: 0.769s | total: 8.373s | samples/s: 7643
Iteration 0363 | train reward: 52.99 | best: 54.81 | KL: 8.599e-05 | std: 0.5759 | rollout: 7.053s | update: 0.785s | total: 7.838s | samples/s: 8166
Iteration 0364 | train reward: 54.28 | best: 54.81 | KL: 6.976e-05 | std: 0.5759 | rollout: 7.522s | update: 0.753s | total: 8.275s | samples/s: 7734
Iteration 0365 | train reward: 53.30 | best: 54.81 | KL: 6.611e-05 | std: 0.5759 | rollout: 6.742s | update: 0.755s | total: 7.496s | samples/s: 8537
Iteration 0366 | train reward: 53.78 | best: 54.81 | KL: 7.631e-05 | std: 0.5759 | rollout: 6.109s | update: 0.761s | total: 6.870s | samples/s: 9316
Iteration 0367 | train reward: 54.21 | best: 54.81 | KL: 8.535e-05 | std: 0.5759 | rollout: 6.982s | update: 0.760s | total: 7.742s | samples/s: 8267
Iteration 0368 | train reward: 54.99 | best: 54.99 | KL: 6.952e-05 | std: 0.5759 | rollout: 6.077s | update: 0.779s | total: 6.856s | samples/s: 9335
Iteration 0369 | train reward: 54.02 | best: 54.99 | KL: 7.373e-05 | std: 0.5756 | rollout: 7.467s | update: 0.839s | total: 8.306s | samples/s: 7705
Iteration 0370 | train reward: 53.25 | best: 54.99 | KL: 6.859e-05 | std: 0.5756 | rollout: 8.034s | update: 0.785s | total: 8.819s | samples/s: 7257
Iteration 0371 | train reward: 54.09 | best: 54.99 | KL: 1.014e-04 | std: 0.5756 | rollout: 7.497s | update: 0.772s | total: 8.269s | samples/s: 7740
Iteration 0372 | train reward: 54.55 | best: 54.99 | KL: 9.921e-05 | std: 0.5755 | rollout: 7.082s | update: 0.798s | total: 7.880s | samples/s: 8122
Iteration 0373 | train reward: 55.32 | best: 55.32 | KL: 6.332e-05 | std: 0.5747 | rollout: 7.495s | update: 0.821s | total: 8.316s | samples/s: 7696
Iteration 0374 | train reward: 54.10 | best: 55.32 | KL: 8.389e-05 | std: 0.5746 | rollout: 7.573s | update: 0.764s | total: 8.338s | samples/s: 7676
Iteration 0375 | train reward: 54.48 | best: 55.32 | KL: 9.006e-05 | std: 0.5746 | rollout: 6.424s | update: 0.770s | total: 7.194s | samples/s: 8896
Iteration 0376 | train reward: 54.72 | best: 55.32 | KL: 7.821e-05 | std: 0.5743 | rollout: 6.078s | update: 0.757s | total: 6.835s | samples/s: 9363
Iteration 0377 | train reward: 55.92 | best: 55.92 | KL: 7.389e-05 | std: 0.5745 | rollout: 6.627s | update: 0.774s | total: 7.402s | samples/s: 8647
Iteration 0378 | train reward: 55.06 | best: 55.92 | KL: 6.451e-05 | std: 0.5746 | rollout: 7.512s | update: 0.775s | total: 8.287s | samples/s: 7723
Iteration 0379 | train reward: 55.29 | best: 55.92 | KL: 9.430e-05 | std: 0.5747 | rollout: 7.004s | update: 0.763s | total: 7.767s | samples/s: 8240
Iteration 0380 | train reward: 55.85 | best: 55.92 | KL: 9.609e-05 | std: 0.5746 | rollout: 7.566s | update: 0.762s | total: 8.328s | samples/s: 7685
Iteration 0381 | train reward: 54.33 | best: 55.92 | KL: 8.910e-05 | std: 0.5746 | rollout: 6.014s | update: 0.817s | total: 6.831s | samples/s: 9369
Iteration 0382 | train reward: 54.78 | best: 55.92 | KL: 7.600e-05 | std: 0.5743 | rollout: 7.470s | update: 0.769s | total: 8.240s | samples/s: 7767
Iteration 0383 | train reward: 55.14 | best: 55.92 | KL: 7.116e-05 | std: 0.5742 | rollout: 7.325s | update: 0.776s | total: 8.100s | samples/s: 7901
Iteration 0384 | train reward: 55.35 | best: 55.92 | KL: 8.746e-05 | std: 0.5742 | rollout: 7.242s | update: 0.858s | total: 8.100s | samples/s: 7901
Iteration 0385 | train reward: 55.60 | best: 55.92 | KL: 7.768e-05 | std: 0.5742 | rollout: 7.607s | update: 0.762s | total: 8.370s | samples/s: 7647
Iteration 0386 | train reward: 56.93 | best: 56.93 | KL: 8.966e-05 | std: 0.5742 | rollout: 7.325s | update: 0.773s | total: 8.098s | samples/s: 7904
Iteration 0387 | train reward: 55.61 | best: 56.93 | KL: 8.394e-05 | std: 0.5742 | rollout: 6.478s | update: 0.757s | total: 7.235s | samples/s: 8846
Iteration 0388 | train reward: 55.27 | best: 56.93 | KL: 5.876e-05 | std: 0.5742 | rollout: 6.782s | update: 0.770s | total: 7.552s | samples/s: 8475
Iteration 0389 | train reward: 56.26 | best: 56.93 | KL: 9.290e-05 | std: 0.5741 | rollout: 6.620s | update: 0.956s | total: 7.576s | samples/s: 8448
Iteration 0390 | train reward: 55.98 | best: 56.93 | KL: 9.397e-05 | std: 0.5741 | rollout: 7.412s | update: 0.765s | total: 8.176s | samples/s: 7827
Iteration 0391 | train reward: 55.77 | best: 56.93 | KL: 8.046e-05 | std: 0.5739 | rollout: 7.342s | update: 0.754s | total: 8.097s | samples/s: 7905
Iteration 0392 | train reward: 56.83 | best: 56.93 | KL: 1.076e-04 | std: 0.5729 | rollout: 7.573s | update: 0.784s | total: 8.357s | samples/s: 7658
Iteration 0393 | train reward: 57.26 | best: 57.26 | KL: 7.993e-05 | std: 0.5728 | rollout: 6.405s | update: 0.758s | total: 7.163s | samples/s: 8935
Iteration 0394 | train reward: 56.26 | best: 57.26 | KL: 8.925e-05 | std: 0.5729 | rollout: 6.089s | update: 0.772s | total: 6.861s | samples/s: 9329
Iteration 0395 | train reward: 56.82 | best: 57.26 | KL: 8.868e-05 | std: 0.5729 | rollout: 7.108s | update: 0.774s | total: 7.882s | samples/s: 8120
Iteration 0396 | train reward: 56.72 | best: 57.26 | KL: 6.144e-05 | std: 0.5738 | rollout: 6.361s | update: 0.756s | total: 7.117s | samples/s: 8992
Iteration 0397 | train reward: 57.12 | best: 57.26 | KL: 7.457e-05 | std: 0.5738 | rollout: 7.460s | update: 0.771s | total: 8.231s | samples/s: 7775
Iteration 0398 | train reward: 56.74 | best: 57.26 | KL: 9.792e-05 | std: 0.5729 | rollout: 7.824s | update: 0.774s | total: 8.597s | samples/s: 7444
Iteration 0399 | train reward: 56.94 | best: 57.26 | KL: 9.397e-05 | std: 0.5738 | rollout: 7.438s | update: 0.778s | total: 8.216s | samples/s: 7790
Iteration 0400 | train reward: 56.86 | best: 57.26 | KL: 9.363e-05 | std: 0.5728 | rollout: 8.102s | update: 0.797s | total: 8.899s | samples/s: 7192
Iteration 0401 | train reward: 56.67 | best: 57.26 | KL: 7.725e-05 | std: 0.5726 | rollout: 7.526s | update: 0.804s | total: 8.330s | samples/s: 7683
Iteration 0402 | train reward: 57.27 | best: 57.27 | KL: 7.505e-05 | std: 0.5728 | rollout: 6.595s | update: 0.777s | total: 7.372s | samples/s: 8681
Iteration 0403 | train reward: 56.90 | best: 57.27 | KL: 7.722e-05 | std: 0.5728 | rollout: 6.306s | update: 0.785s | total: 7.091s | samples/s: 9026
Iteration 0404 | train reward: 57.47 | best: 57.47 | KL: 6.521e-05 | std: 0.5728 | rollout: 6.093s | update: 0.789s | total: 6.882s | samples/s: 9300
Iteration 0405 | train reward: 57.14 | best: 57.47 | KL: 8.943e-05 | std: 0.5725 | rollout: 7.572s | update: 0.780s | total: 8.352s | samples/s: 7663
Iteration 0406 | train reward: 57.32 | best: 57.47 | KL: 7.247e-05 | std: 0.5720 | rollout: 7.604s | update: 0.788s | total: 8.392s | samples/s: 7626
Iteration 0407 | train reward: 57.14 | best: 57.47 | KL: 7.616e-05 | std: 0.5720 | rollout: 8.397s | update: 0.776s | total: 9.173s | samples/s: 6977
Iteration 0408 | train reward: 58.33 | best: 58.33 | KL: 9.303e-05 | std: 0.5716 | rollout: 6.683s | update: 0.793s | total: 7.476s | samples/s: 8561
Iteration 0409 | train reward: 57.51 | best: 58.33 | KL: 9.021e-05 | std: 0.5716 | rollout: 6.296s | update: 0.779s | total: 7.075s | samples/s: 9046
Iteration 0410 | train reward: 57.83 | best: 58.33 | KL: 1.302e-04 | std: 0.5707 | rollout: 7.502s | update: 0.794s | total: 8.295s | samples/s: 7715
Iteration 0411 | train reward: 58.11 | best: 58.33 | KL: 9.292e-05 | std: 0.5703 | rollout: 6.606s | update: 0.825s | total: 7.431s | samples/s: 8613
Iteration 0412 | train reward: 57.24 | best: 58.33 | KL: 1.078e-04 | std: 0.5706 | rollout: 6.359s | update: 0.774s | total: 7.133s | samples/s: 8973
Iteration 0413 | train reward: 57.85 | best: 58.33 | KL: 5.746e-05 | std: 0.5704 | rollout: 7.507s | update: 0.755s | total: 8.261s | samples/s: 7747
Iteration 0414 | train reward: 57.78 | best: 58.33 | KL: 8.607e-05 | std: 0.5704 | rollout: 7.180s | update: 0.758s | total: 7.938s | samples/s: 8063
Iteration 0415 | train reward: 59.11 | best: 59.11 | KL: 9.104e-05 | std: 0.5706 | rollout: 6.379s | update: 0.756s | total: 7.135s | samples/s: 8970
Iteration 0416 | train reward: 57.47 | best: 59.11 | KL: 8.939e-05 | std: 0.5707 | rollout: 6.056s | update: 0.779s | total: 6.835s | samples/s: 9364
Iteration 0417 | train reward: 58.35 | best: 59.11 | KL: 8.497e-05 | std: 0.5716 | rollout: 7.207s | update: 0.773s | total: 7.980s | samples/s: 8020
Iteration 0418 | train reward: 58.37 | best: 59.11 | KL: 1.045e-04 | std: 0.5716 | rollout: 6.329s | update: 0.779s | total: 7.108s | samples/s: 9004
Iteration 0419 | train reward: 58.56 | best: 59.11 | KL: 8.084e-05 | std: 0.5716 | rollout: 6.407s | update: 0.757s | total: 7.165s | samples/s: 8933
Iteration 0420 | train reward: 58.38 | best: 59.11 | KL: 1.088e-04 | std: 0.5707 | rollout: 6.164s | update: 0.735s | total: 6.900s | samples/s: 9276
Iteration 0421 | train reward: 59.56 | best: 59.56 | KL: 9.658e-05 | std: 0.5707 | rollout: 7.245s | update: 0.793s | total: 8.039s | samples/s: 7962
Iteration 0422 | train reward: 58.79 | best: 59.56 | KL: 9.908e-05 | std: 0.5707 | rollout: 7.742s | update: 0.770s | total: 8.512s | samples/s: 7518
Iteration 0423 | train reward: 59.57 | best: 59.57 | KL: 8.148e-05 | std: 0.5702 | rollout: 7.460s | update: 0.801s | total: 8.261s | samples/s: 7747
Iteration 0424 | train reward: 58.67 | best: 59.57 | KL: 7.989e-05 | std: 0.5700 | rollout: 7.778s | update: 0.792s | total: 8.571s | samples/s: 7467
Iteration 0425 | train reward: 60.18 | best: 60.18 | KL: 9.454e-05 | std: 0.5703 | rollout: 6.151s | update: 0.781s | total: 6.932s | samples/s: 9232
Iteration 0426 | train reward: 58.36 | best: 60.18 | KL: 9.047e-05 | std: 0.5704 | rollout: 6.804s | update: 0.796s | total: 7.599s | samples/s: 8422
Iteration 0427 | train reward: 60.40 | best: 60.40 | KL: 8.865e-05 | std: 0.5716 | rollout: 7.435s | update: 0.755s | total: 8.190s | samples/s: 7815
Iteration 0428 | train reward: 59.23 | best: 60.40 | KL: 8.089e-05 | std: 0.5716 | rollout: 6.070s | update: 0.763s | total: 6.833s | samples/s: 9366
Iteration 0429 | train reward: 60.14 | best: 60.40 | KL: 1.008e-04 | std: 0.5703 | rollout: 8.040s | update: 0.754s | total: 8.794s | samples/s: 7277
Iteration 0430 | train reward: 60.52 | best: 60.52 | KL: 1.032e-04 | std: 0.5703 | rollout: 6.857s | update: 0.775s | total: 7.633s | samples/s: 8385
Iteration 0431 | train reward: 59.83 | best: 60.52 | KL: 9.356e-05 | std: 0.5700 | rollout: 5.978s | update: 0.761s | total: 6.739s | samples/s: 9496
Iteration 0432 | train reward: 59.71 | best: 60.52 | KL: 8.185e-05 | std: 0.5699 | rollout: 6.067s | update: 0.802s | total: 6.869s | samples/s: 9317
Iteration 0433 | train reward: 60.00 | best: 60.52 | KL: 1.030e-04 | std: 0.5700 | rollout: 7.347s | update: 0.803s | total: 8.151s | samples/s: 7852
Iteration 0434 | train reward: 61.15 | best: 61.15 | KL: 8.148e-05 | std: 0.5699 | rollout: 6.979s | update: 0.786s | total: 7.765s | samples/s: 8242
Iteration 0435 | train reward: 60.34 | best: 61.15 | KL: 1.022e-04 | std: 0.5689 | rollout: 6.068s | update: 0.827s | total: 6.896s | samples/s: 9281
Iteration 0436 | train reward: 59.97 | best: 61.15 | KL: 9.130e-05 | std: 0.5689 | rollout: 6.104s | update: 0.793s | total: 6.897s | samples/s: 9280
Iteration 0437 | train reward: 60.59 | best: 61.15 | KL: 9.929e-05 | std: 0.5686 | rollout: 7.379s | update: 0.767s | total: 8.146s | samples/s: 7856
Iteration 0438 | train reward: 60.23 | best: 61.15 | KL: 8.953e-05 | std: 0.5682 | rollout: 7.157s | update: 0.813s | total: 7.970s | samples/s: 8030
Iteration 0439 | train reward: 61.48 | best: 61.48 | KL: 9.958e-05 | std: 0.5681 | rollout: 7.424s | update: 0.777s | total: 8.201s | samples/s: 7804
Iteration 0440 | train reward: 60.81 | best: 61.48 | KL: 1.182e-04 | std: 0.5668 | rollout: 6.766s | update: 0.784s | total: 7.550s | samples/s: 8477
Iteration 0441 | train reward: 61.72 | best: 61.72 | KL: 1.137e-04 | std: 0.5668 | rollout: 7.267s | update: 0.778s | total: 8.045s | samples/s: 7955
Iteration 0442 | train reward: 60.70 | best: 61.72 | KL: 9.952e-05 | std: 0.5664 | rollout: 7.480s | update: 0.766s | total: 8.246s | samples/s: 7761
Iteration 0443 | train reward: 61.64 | best: 61.72 | KL: 8.076e-05 | std: 0.5664 | rollout: 7.513s | update: 0.754s | total: 8.267s | samples/s: 7742
Iteration 0444 | train reward: 61.50 | best: 61.72 | KL: 9.106e-05 | std: 0.5663 | rollout: 7.715s | update: 0.757s | total: 8.472s | samples/s: 7555
Iteration 0445 | train reward: 61.45 | best: 61.72 | KL: 1.158e-04 | std: 0.5661 | rollout: 8.102s | update: 0.787s | total: 8.889s | samples/s: 7200
Iteration 0446 | train reward: 61.59 | best: 61.72 | KL: 7.937e-05 | std: 0.5661 | rollout: 6.987s | update: 0.750s | total: 7.737s | samples/s: 8272
Iteration 0447 | train reward: 61.09 | best: 61.72 | KL: 7.919e-05 | std: 0.5660 | rollout: 7.429s | update: 0.757s | total: 8.186s | samples/s: 7818
Iteration 0448 | train reward: 60.60 | best: 61.72 | KL: 9.769e-05 | std: 0.5661 | rollout: 7.079s | update: 0.781s | total: 7.860s | samples/s: 8142
Iteration 0449 | train reward: 61.29 | best: 61.72 | KL: 9.388e-05 | std: 0.5660 | rollout: 7.062s | update: 0.760s | total: 7.822s | samples/s: 8182
Iteration 0450 | train reward: 61.54 | best: 61.72 | KL: 8.433e-05 | std: 0.5651 | rollout: 7.156s | update: 0.755s | total: 7.911s | samples/s: 8090
Iteration 0451 | train reward: 60.84 | best: 61.72 | KL: 8.806e-05 | std: 0.5660 | rollout: 7.456s | update: 0.769s | total: 8.225s | samples/s: 7781
Iteration 0452 | train reward: 62.24 | best: 62.24 | KL: 9.449e-05 | std: 0.5647 | rollout: 7.245s | update: 0.780s | total: 8.025s | samples/s: 7975
Iteration 0453 | train reward: 61.98 | best: 62.24 | KL: 8.629e-05 | std: 0.5647 | rollout: 7.907s | update: 0.782s | total: 8.689s | samples/s: 7365
Iteration 0454 | train reward: 61.26 | best: 62.24 | KL: 1.052e-04 | std: 0.5647 | rollout: 6.539s | update: 0.814s | total: 7.354s | samples/s: 8703
Iteration 0455 | train reward: 61.38 | best: 62.24 | KL: 9.120e-05 | std: 0.5647 | rollout: 6.271s | update: 0.761s | total: 7.032s | samples/s: 9101
Iteration 0456 | train reward: 61.28 | best: 62.24 | KL: 1.114e-04 | std: 0.5639 | rollout: 6.468s | update: 0.754s | total: 7.222s | samples/s: 8862
Iteration 0457 | train reward: 61.51 | best: 62.24 | KL: 8.504e-05 | std: 0.5638 | rollout: 6.029s | update: 0.774s | total: 6.803s | samples/s: 9408
Iteration 0458 | train reward: 61.76 | best: 62.24 | KL: 1.038e-04 | std: 0.5639 | rollout: 6.937s | update: 0.754s | total: 7.691s | samples/s: 8321
Iteration 0459 | train reward: 61.13 | best: 62.24 | KL: 1.086e-04 | std: 0.5629 | rollout: 7.618s | update: 0.812s | total: 8.430s | samples/s: 7592
Iteration 0460 | train reward: 63.08 | best: 63.08 | KL: 1.127e-04 | std: 0.5628 | rollout: 6.740s | update: 0.763s | total: 7.503s | samples/s: 8530
Iteration 0461 | train reward: 62.78 | best: 63.08 | KL: 8.969e-05 | std: 0.5629 | rollout: 6.177s | update: 0.770s | total: 6.947s | samples/s: 9212
Iteration 0462 | train reward: 61.99 | best: 63.08 | KL: 1.118e-04 | std: 0.5629 | rollout: 7.642s | update: 0.766s | total: 8.408s | samples/s: 7612
Iteration 0463 | train reward: 62.09 | best: 63.08 | KL: 8.586e-05 | std: 0.5626 | rollout: 7.299s | update: 0.764s | total: 8.063s | samples/s: 7937
Iteration 0464 | train reward: 62.77 | best: 63.08 | KL: 8.494e-05 | std: 0.5626 | rollout: 7.355s | update: 0.759s | total: 8.113s | samples/s: 7888
Iteration 0465 | train reward: 62.52 | best: 63.08 | KL: 1.336e-04 | std: 0.5629 | rollout: 7.107s | update: 0.799s | total: 7.906s | samples/s: 8096
Iteration 0466 | train reward: 63.24 | best: 63.24 | KL: 8.800e-05 | std: 0.5628 | rollout: 6.931s | update: 0.768s | total: 7.699s | samples/s: 8313
Iteration 0467 | train reward: 63.33 | best: 63.33 | KL: 8.655e-05 | std: 0.5628 | rollout: 7.233s | update: 0.778s | total: 8.011s | samples/s: 7989
Iteration 0468 | train reward: 63.00 | best: 63.33 | KL: 9.522e-05 | std: 0.5629 | rollout: 7.385s | update: 0.790s | total: 8.175s | samples/s: 7829
Iteration 0469 | train reward: 62.33 | best: 63.33 | KL: 1.051e-04 | std: 0.5629 | rollout: 6.849s | update: 0.782s | total: 7.631s | samples/s: 8386
Iteration 0470 | train reward: 62.40 | best: 63.33 | KL: 9.788e-05 | std: 0.5639 | rollout: 7.095s | update: 0.769s | total: 7.864s | samples/s: 8138
Iteration 0471 | train reward: 62.49 | best: 63.33 | KL: 8.125e-05 | std: 0.5639 | rollout: 6.864s | update: 0.726s | total: 7.590s | samples/s: 8432
Iteration 0472 | train reward: 63.17 | best: 63.33 | KL: 1.251e-04 | std: 0.5639 | rollout: 7.449s | update: 0.772s | total: 8.221s | samples/s: 7785
Iteration 0473 | train reward: 62.60 | best: 63.33 | KL: 1.092e-04 | std: 0.5626 | rollout: 7.326s | update: 0.726s | total: 8.052s | samples/s: 7948
Iteration 0474 | train reward: 62.19 | best: 63.33 | KL: 9.869e-05 | std: 0.5626 | rollout: 6.394s | update: 0.760s | total: 7.154s | samples/s: 8946
Iteration 0475 | train reward: 61.88 | best: 63.33 | KL: 1.215e-04 | std: 0.5626 | rollout: 7.349s | update: 0.737s | total: 8.085s | samples/s: 7915
Iteration 0476 | train reward: 63.09 | best: 63.33 | KL: 9.837e-05 | std: 0.5625 | rollout: 6.748s | update: 0.733s | total: 7.481s | samples/s: 8555
Iteration 0477 | train reward: 63.68 | best: 63.68 | KL: 1.212e-04 | std: 0.5621 | rollout: 6.607s | update: 0.736s | total: 7.343s | samples/s: 8716
Iteration 0478 | train reward: 62.74 | best: 63.68 | KL: 1.161e-04 | std: 0.5621 | rollout: 6.932s | update: 0.755s | total: 7.687s | samples/s: 8326
Iteration 0479 | train reward: 63.67 | best: 63.68 | KL: 1.113e-04 | std: 0.5621 | rollout: 7.528s | update: 0.730s | total: 8.258s | samples/s: 7750
Iteration 0480 | train reward: 63.61 | best: 63.68 | KL: 7.936e-05 | std: 0.5622 | rollout: 7.304s | update: 0.755s | total: 8.060s | samples/s: 7941
Iteration 0481 | train reward: 64.57 | best: 64.57 | KL: 1.110e-04 | std: 0.5624 | rollout: 7.070s | update: 0.756s | total: 7.827s | samples/s: 8177
Iteration 0482 | train reward: 63.50 | best: 64.57 | KL: 1.234e-04 | std: 0.5611 | rollout: 7.088s | update: 0.806s | total: 7.894s | samples/s: 8107
Iteration 0483 | train reward: 63.45 | best: 64.57 | KL: 1.175e-04 | std: 0.5611 | rollout: 6.955s | update: 0.777s | total: 7.731s | samples/s: 8278
Iteration 0484 | train reward: 63.75 | best: 64.57 | KL: 1.190e-04 | std: 0.5621 | rollout: 7.788s | update: 0.755s | total: 8.543s | samples/s: 7492
Iteration 0485 | train reward: 64.09 | best: 64.57 | KL: 1.207e-04 | std: 0.5621 | rollout: 7.208s | update: 0.762s | total: 7.971s | samples/s: 8029
Iteration 0486 | train reward: 63.59 | best: 64.57 | KL: 9.949e-05 | std: 0.5612 | rollout: 7.196s | update: 0.764s | total: 7.960s | samples/s: 8040
Iteration 0487 | train reward: 64.14 | best: 64.57 | KL: 1.033e-04 | std: 0.5621 | rollout: 6.220s | update: 0.786s | total: 7.007s | samples/s: 9134
Iteration 0488 | train reward: 64.08 | best: 64.57 | KL: 1.056e-04 | std: 0.5611 | rollout: 7.567s | update: 0.780s | total: 8.346s | samples/s: 7668
Iteration 0489 | train reward: 64.84 | best: 64.84 | KL: 9.803e-05 | std: 0.5607 | rollout: 7.755s | update: 0.764s | total: 8.519s | samples/s: 7512
Iteration 0490 | train reward: 64.91 | best: 64.91 | KL: 9.989e-05 | std: 0.5604 | rollout: 7.434s | update: 0.831s | total: 8.265s | samples/s: 7743
Iteration 0491 | train reward: 63.69 | best: 64.91 | KL: 1.025e-04 | std: 0.5603 | rollout: 6.997s | update: 0.756s | total: 7.753s | samples/s: 8255
Iteration 0492 | train reward: 64.34 | best: 64.91 | KL: 1.184e-04 | std: 0.5603 | rollout: 7.202s | update: 0.777s | total: 7.979s | samples/s: 8021
Iteration 0493 | train reward: 64.18 | best: 64.91 | KL: 9.960e-05 | std: 0.5603 | rollout: 7.549s | update: 0.756s | total: 8.305s | samples/s: 7706
Iteration 0494 | train reward: 64.69 | best: 64.91 | KL: 8.957e-05 | std: 0.5600 | rollout: 7.724s | update: 0.757s | total: 8.481s | samples/s: 7546
Iteration 0495 | train reward: 64.82 | best: 64.91 | KL: 1.081e-04 | std: 0.5600 | rollout: 7.440s | update: 0.760s | total: 8.200s | samples/s: 7805
Iteration 0496 | train reward: 65.52 | best: 65.52 | KL: 1.069e-04 | std: 0.5603 | rollout: 7.557s | update: 0.758s | total: 8.315s | samples/s: 7697
Iteration 0497 | train reward: 66.12 | best: 66.12 | KL: 9.766e-05 | std: 0.5590 | rollout: 8.007s | update: 0.753s | total: 8.759s | samples/s: 7306
Iteration 0498 | train reward: 65.00 | best: 66.12 | KL: 8.600e-05 | std: 0.5600 | rollout: 6.094s | update: 0.755s | total: 6.849s | samples/s: 9345
Iteration 0499 | train reward: 65.87 | best: 66.12 | KL: 1.077e-04 | std: 0.5600 | rollout: 8.419s | update: 0.752s | total: 9.172s | samples/s: 6978
Iteration 0500 | train reward: 65.80 | best: 66.12 | KL: 1.278e-04 | std: 0.5590 | rollout: 7.526s | update: 0.791s | total: 8.317s | samples/s: 7695
Iteration 0501 | train reward: 66.22 | best: 66.22 | KL: 8.879e-05 | std: 0.5587 | rollout: 7.706s | update: 0.766s | total: 8.471s | samples/s: 7555
Iteration 0502 | train reward: 65.49 | best: 66.22 | KL: 1.101e-04 | std: 0.5586 | rollout: 6.958s | update: 0.756s | total: 7.713s | samples/s: 8297
Iteration 0503 | train reward: 64.89 | best: 66.22 | KL: 1.105e-04 | std: 0.5583 | rollout: 7.325s | update: 0.788s | total: 8.113s | samples/s: 7888
Iteration 0504 | train reward: 65.61 | best: 66.22 | KL: 1.003e-04 | std: 0.5583 | rollout: 7.131s | update: 0.784s | total: 7.915s | samples/s: 8086
Iteration 0505 | train reward: 66.25 | best: 66.25 | KL: 1.272e-04 | std: 0.5582 | rollout: 6.495s | update: 0.794s | total: 7.288s | samples/s: 8781
Iteration 0506 | train reward: 65.99 | best: 66.25 | KL: 9.794e-05 | std: 0.5572 | rollout: 7.325s | update: 0.817s | total: 8.142s | samples/s: 7861
Iteration 0507 | train reward: 65.41 | best: 66.25 | KL: 1.152e-04 | std: 0.5572 | rollout: 7.554s | update: 0.752s | total: 8.306s | samples/s: 7705
Iteration 0508 | train reward: 66.92 | best: 66.92 | KL: 1.046e-04 | std: 0.5572 | rollout: 6.391s | update: 0.759s | total: 7.149s | samples/s: 8952
Iteration 0509 | train reward: 66.91 | best: 66.92 | KL: 9.713e-05 | std: 0.5572 | rollout: 6.087s | update: 0.778s | total: 6.865s | samples/s: 9323
Iteration 0510 | train reward: 65.93 | best: 66.92 | KL: 9.785e-05 | std: 0.5572 | rollout: 7.513s | update: 0.784s | total: 8.297s | samples/s: 7713
Iteration 0511 | train reward: 65.89 | best: 66.92 | KL: 9.656e-05 | std: 0.5568 | rollout: 7.533s | update: 0.791s | total: 8.324s | samples/s: 7689
Iteration 0512 | train reward: 66.88 | best: 66.92 | KL: 9.313e-05 | std: 0.5569 | rollout: 6.460s | update: 0.770s | total: 7.230s | samples/s: 8852
Iteration 0513 | train reward: 66.69 | best: 66.92 | KL: 9.123e-05 | std: 0.5568 | rollout: 7.151s | update: 0.752s | total: 7.903s | samples/s: 8098
Iteration 0514 | train reward: 67.25 | best: 67.25 | KL: 1.223e-04 | std: 0.5564 | rollout: 7.364s | update: 0.782s | total: 8.146s | samples/s: 7857
Iteration 0515 | train reward: 66.72 | best: 67.25 | KL: 9.957e-05 | std: 0.5565 | rollout: 7.443s | update: 0.786s | total: 8.230s | samples/s: 7777
Iteration 0516 | train reward: 66.03 | best: 67.25 | KL: 1.242e-04 | std: 0.5564 | rollout: 7.830s | update: 0.754s | total: 8.584s | samples/s: 7456
Iteration 0517 | train reward: 66.03 | best: 67.25 | KL: 8.626e-05 | std: 0.5561 | rollout: 7.604s | update: 0.759s | total: 8.363s | samples/s: 7652
Iteration 0518 | train reward: 66.70 | best: 67.25 | KL: 1.046e-04 | std: 0.5551 | rollout: 8.515s | update: 0.803s | total: 9.319s | samples/s: 6868
Iteration 0519 | train reward: 67.58 | best: 67.58 | KL: 1.299e-04 | std: 0.5550 | rollout: 6.539s | update: 0.764s | total: 7.303s | samples/s: 8763
Iteration 0520 | train reward: 67.11 | best: 67.58 | KL: 1.219e-04 | std: 0.5551 | rollout: 6.313s | update: 0.784s | total: 7.098s | samples/s: 9017
Iteration 0521 | train reward: 66.66 | best: 67.58 | KL: 1.115e-04 | std: 0.5550 | rollout: 7.127s | update: 0.764s | total: 7.890s | samples/s: 8111
Iteration 0522 | train reward: 66.41 | best: 67.58 | KL: 1.190e-04 | std: 0.5547 | rollout: 7.746s | update: 0.773s | total: 8.519s | samples/s: 7513
Iteration 0523 | train reward: 66.97 | best: 67.58 | KL: 1.101e-04 | std: 0.5547 | rollout: 8.318s | update: 0.762s | total: 9.081s | samples/s: 7048
Iteration 0524 | train reward: 66.58 | best: 67.58 | KL: 1.235e-04 | std: 0.5546 | rollout: 7.362s | update: 0.757s | total: 8.119s | samples/s: 7882
Iteration 0525 | train reward: 66.96 | best: 67.58 | KL: 1.240e-04 | std: 0.5532 | rollout: 7.248s | update: 0.765s | total: 8.013s | samples/s: 7987
Iteration 0526 | train reward: 66.86 | best: 67.58 | KL: 1.296e-04 | std: 0.5532 | rollout: 7.312s | update: 0.780s | total: 8.093s | samples/s: 7908
Iteration 0527 | train reward: 66.17 | best: 67.58 | KL: 1.001e-04 | std: 0.5529 | rollout: 7.179s | update: 0.768s | total: 7.947s | samples/s: 8053
Iteration 0528 | train reward: 66.85 | best: 67.58 | KL: 1.378e-04 | std: 0.5522 | rollout: 7.557s | update: 0.803s | total: 8.360s | samples/s: 7655
Iteration 0529 | train reward: 66.97 | best: 67.58 | KL: 8.985e-05 | std: 0.5522 | rollout: 7.447s | update: 0.779s | total: 8.226s | samples/s: 7780
Iteration 0530 | train reward: 67.88 | best: 67.88 | KL: 9.713e-05 | std: 0.5512 | rollout: 7.673s | update: 0.756s | total: 8.430s | samples/s: 7592
Iteration 0531 | train reward: 67.80 | best: 67.88 | KL: 1.444e-04 | std: 0.5512 | rollout: 7.726s | update: 0.755s | total: 8.481s | samples/s: 7546
Iteration 0532 | train reward: 67.73 | best: 67.88 | KL: 1.275e-04 | std: 0.5509 | rollout: 7.248s | update: 0.813s | total: 8.061s | samples/s: 7939
Iteration 0533 | train reward: 66.48 | best: 67.88 | KL: 1.122e-04 | std: 0.5507 | rollout: 7.450s | update: 0.775s | total: 8.225s | samples/s: 7781
Iteration 0534 | train reward: 68.49 | best: 68.49 | KL: 9.641e-05 | std: 0.5507 | rollout: 7.656s | update: 0.788s | total: 8.445s | samples/s: 7579
Iteration 0535 | train reward: 67.40 | best: 68.49 | KL: 1.294e-04 | std: 0.5507 | rollout: 7.447s | update: 0.783s | total: 8.230s | samples/s: 7776
Iteration 0536 | train reward: 68.18 | best: 68.49 | KL: 9.594e-05 | std: 0.5494 | rollout: 7.463s | update: 0.765s | total: 8.228s | samples/s: 7779
Iteration 0537 | train reward: 67.73 | best: 68.49 | KL: 1.188e-04 | std: 0.5504 | rollout: 6.334s | update: 0.816s | total: 7.150s | samples/s: 8951
Iteration 0538 | train reward: 68.61 | best: 68.61 | KL: 1.188e-04 | std: 0.5494 | rollout: 6.142s | update: 0.802s | total: 6.944s | samples/s: 9217
Iteration 0539 | train reward: 67.37 | best: 68.61 | KL: 9.986e-05 | std: 0.5504 | rollout: 8.445s | update: 0.749s | total: 9.194s | samples/s: 6961
Iteration 0540 | train reward: 68.83 | best: 68.83 | KL: 1.277e-04 | std: 0.5507 | rollout: 8.637s | update: 0.793s | total: 9.430s | samples/s: 6787
Iteration 0541 | train reward: 68.21 | best: 68.83 | KL: 1.109e-04 | std: 0.5508 | rollout: 6.238s | update: 0.761s | total: 6.999s | samples/s: 9144
Iteration 0542 | train reward: 68.56 | best: 68.83 | KL: 9.492e-05 | std: 0.5509 | rollout: 6.728s | update: 0.765s | total: 7.493s | samples/s: 8541
Iteration 0543 | train reward: 68.98 | best: 68.98 | KL: 1.150e-04 | std: 0.5509 | rollout: 6.287s | update: 0.780s | total: 7.067s | samples/s: 9057
Iteration 0544 | train reward: 68.22 | best: 68.98 | KL: 1.380e-04 | std: 0.5508 | rollout: 6.085s | update: 0.766s | total: 6.851s | samples/s: 9342
Iteration 0545 | train reward: 69.47 | best: 69.47 | KL: 1.188e-04 | std: 0.5508 | rollout: 6.051s | update: 0.816s | total: 6.867s | samples/s: 9320
Iteration 0546 | train reward: 68.90 | best: 69.47 | KL: 1.142e-04 | std: 0.5508 | rollout: 6.479s | update: 0.783s | total: 7.262s | samples/s: 8812
Iteration 0547 | train reward: 69.15 | best: 69.47 | KL: 1.099e-04 | std: 0.5508 | rollout: 6.039s | update: 0.752s | total: 6.791s | samples/s: 9425
Iteration 0548 | train reward: 69.65 | best: 69.65 | KL: 1.050e-04 | std: 0.5508 | rollout: 6.221s | update: 0.798s | total: 7.019s | samples/s: 9118
Iteration 0549 | train reward: 69.22 | best: 69.65 | KL: 1.070e-04 | std: 0.5508 | rollout: 7.152s | update: 0.792s | total: 7.944s | samples/s: 8056
Iteration 0550 | train reward: 68.93 | best: 69.65 | KL: 1.161e-04 | std: 0.5507 | rollout: 7.767s | update: 0.759s | total: 8.527s | samples/s: 7506
Iteration 0551 | train reward: 68.33 | best: 69.65 | KL: 8.352e-05 | std: 0.5494 | rollout: 6.427s | update: 0.773s | total: 7.199s | samples/s: 8890
Iteration 0552 | train reward: 68.31 | best: 69.65 | KL: 1.145e-04 | std: 0.5494 | rollout: 6.672s | update: 0.776s | total: 7.448s | samples/s: 8593
Iteration 0553 | train reward: 69.61 | best: 69.65 | KL: 1.269e-04 | std: 0.5494 | rollout: 6.194s | update: 0.812s | total: 7.005s | samples/s: 9136
Iteration 0554 | train reward: 69.49 | best: 69.65 | KL: 1.412e-04 | std: 0.5491 | rollout: 7.630s | update: 0.752s | total: 8.382s | samples/s: 7635
Iteration 0555 | train reward: 69.05 | best: 69.65 | KL: 1.261e-04 | std: 0.5490 | rollout: 7.366s | update: 0.758s | total: 8.124s | samples/s: 7878
Iteration 0556 | train reward: 68.76 | best: 69.65 | KL: 1.123e-04 | std: 0.5487 | rollout: 7.329s | update: 0.775s | total: 8.104s | samples/s: 7898
Iteration 0557 | train reward: 68.60 | best: 69.65 | KL: 1.216e-04 | std: 0.5486 | rollout: 7.354s | update: 0.759s | total: 8.113s | samples/s: 7889
Iteration 0558 | train reward: 68.25 | best: 69.65 | KL: 1.320e-04 | std: 0.5486 | rollout: 7.559s | update: 0.786s | total: 8.345s | samples/s: 7669
Iteration 0559 | train reward: 69.99 | best: 69.99 | KL: 1.147e-04 | std: 0.5486 | rollout: 6.485s | update: 0.781s | total: 7.266s | samples/s: 8808
Iteration 0560 | train reward: 69.07 | best: 69.99 | KL: 1.069e-04 | std: 0.5487 | rollout: 8.097s | update: 0.792s | total: 8.889s | samples/s: 7200
Iteration 0561 | train reward: 69.28 | best: 69.99 | KL: 1.139e-04 | std: 0.5487 | rollout: 7.486s | update: 0.785s | total: 8.271s | samples/s: 7738
Iteration 0562 | train reward: 70.95 | best: 70.95 | KL: 1.461e-04 | std: 0.5490 | rollout: 6.167s | update: 0.818s | total: 6.984s | samples/s: 9163
Iteration 0563 | train reward: 69.37 | best: 70.95 | KL: 1.300e-04 | std: 0.5486 | rollout: 7.908s | update: 0.797s | total: 8.705s | samples/s: 7352
Iteration 0564 | train reward: 70.06 | best: 70.95 | KL: 1.127e-04 | std: 0.5483 | rollout: 8.188s | update: 0.756s | total: 8.944s | samples/s: 7156
Iteration 0565 | train reward: 69.62 | best: 70.95 | KL: 1.004e-04 | std: 0.5473 | rollout: 7.583s | update: 0.749s | total: 8.332s | samples/s: 7681
Iteration 0566 | train reward: 69.38 | best: 70.95 | KL: 1.074e-04 | std: 0.5483 | rollout: 7.356s | update: 0.791s | total: 8.147s | samples/s: 7856
Iteration 0567 | train reward: 68.16 | best: 70.95 | KL: 1.488e-04 | std: 0.5483 | rollout: 6.828s | update: 0.779s | total: 7.607s | samples/s: 8413
Iteration 0568 | train reward: 69.70 | best: 70.95 | KL: 1.136e-04 | std: 0.5483 | rollout: 7.163s | update: 0.770s | total: 7.933s | samples/s: 8067
Iteration 0569 | train reward: 68.99 | best: 70.95 | KL: 1.235e-04 | std: 0.5473 | rollout: 6.392s | update: 0.769s | total: 7.160s | samples/s: 8938
Iteration 0570 | train reward: 68.27 | best: 70.95 | KL: 1.502e-04 | std: 0.5470 | rollout: 6.353s | update: 0.770s | total: 7.123s | samples/s: 8985
Iteration 0571 | train reward: 69.41 | best: 70.95 | KL: 9.359e-05 | std: 0.5470 | rollout: 7.062s | update: 0.778s | total: 7.840s | samples/s: 8163
Iteration 0572 | train reward: 69.45 | best: 70.95 | KL: 1.379e-04 | std: 0.5469 | rollout: 8.183s | update: 0.788s | total: 8.971s | samples/s: 7134
Iteration 0573 | train reward: 70.98 | best: 70.98 | KL: 1.124e-04 | std: 0.5470 | rollout: 8.033s | update: 0.762s | total: 8.796s | samples/s: 7276
Iteration 0574 | train reward: 69.89 | best: 70.98 | KL: 1.124e-04 | std: 0.5469 | rollout: 7.550s | update: 0.798s | total: 8.349s | samples/s: 7666
Iteration 0575 | train reward: 69.67 | best: 70.98 | KL: 1.156e-04 | std: 0.5469 | rollout: 7.518s | update: 0.790s | total: 8.307s | samples/s: 7704
Iteration 0576 | train reward: 69.65 | best: 70.98 | KL: 1.190e-04 | std: 0.5468 | rollout: 6.180s | update: 0.783s | total: 6.963s | samples/s: 9192
Iteration 0577 | train reward: 69.87 | best: 70.98 | KL: 1.235e-04 | std: 0.5468 | rollout: 7.615s | update: 0.790s | total: 8.405s | samples/s: 7615
Iteration 0578 | train reward: 69.99 | best: 70.98 | KL: 1.257e-04 | std: 0.5469 | rollout: 7.726s | update: 0.774s | total: 8.500s | samples/s: 7530
Iteration 0579 | train reward: 70.51 | best: 70.98 | KL: 1.533e-04 | std: 0.5468 | rollout: 7.941s | update: 0.757s | total: 8.698s | samples/s: 7358
Iteration 0580 | train reward: 71.11 | best: 71.11 | KL: 1.163e-04 | std: 0.5464 | rollout: 7.833s | update: 0.769s | total: 8.602s | samples/s: 7440
Iteration 0581 | train reward: 70.77 | best: 71.11 | KL: 1.138e-04 | std: 0.5464 | rollout: 7.577s | update: 0.787s | total: 8.364s | samples/s: 7652
Iteration 0582 | train reward: 70.62 | best: 71.11 | KL: 9.809e-05 | std: 0.5455 | rollout: 7.263s | update: 0.818s | total: 8.081s | samples/s: 7920
Iteration 0583 | train reward: 70.20 | best: 71.11 | KL: 1.314e-04 | std: 0.5451 | rollout: 7.692s | update: 0.771s | total: 8.462s | samples/s: 7563
Iteration 0584 | train reward: 71.01 | best: 71.11 | KL: 1.127e-04 | std: 0.5452 | rollout: 7.351s | update: 0.740s | total: 8.091s | samples/s: 7910
Iteration 0585 | train reward: 70.34 | best: 71.11 | KL: 1.503e-04 | std: 0.5451 | rollout: 6.564s | update: 0.723s | total: 7.286s | samples/s: 8784
Iteration 0586 | train reward: 69.08 | best: 71.11 | KL: 1.121e-04 | std: 0.5451 | rollout: 6.359s | update: 0.731s | total: 7.090s | samples/s: 9027
Iteration 0587 | train reward: 70.39 | best: 71.11 | KL: 1.425e-04 | std: 0.5452 | rollout: 7.832s | update: 0.737s | total: 8.569s | samples/s: 7468
Iteration 0588 | train reward: 70.24 | best: 71.11 | KL: 1.203e-04 | std: 0.5451 | rollout: 7.254s | update: 0.726s | total: 7.980s | samples/s: 8020
Iteration 0589 | train reward: 70.62 | best: 71.11 | KL: 1.371e-04 | std: 0.5444 | rollout: 7.518s | update: 0.745s | total: 8.263s | samples/s: 7745
Iteration 0590 | train reward: 69.73 | best: 71.11 | KL: 1.301e-04 | std: 0.5444 | rollout: 7.877s | update: 0.737s | total: 8.614s | samples/s: 7430
Iteration 0591 | train reward: 71.69 | best: 71.69 | KL: 1.513e-04 | std: 0.5448 | rollout: 6.951s | update: 0.778s | total: 7.729s | samples/s: 8280
Iteration 0592 | train reward: 70.86 | best: 71.69 | KL: 1.210e-04 | std: 0.5452 | rollout: 7.295s | update: 0.743s | total: 8.037s | samples/s: 7963
Iteration 0593 | train reward: 70.84 | best: 71.69 | KL: 1.147e-04 | std: 0.5451 | rollout: 7.395s | update: 0.736s | total: 8.132s | samples/s: 7870
Iteration 0594 | train reward: 71.31 | best: 71.69 | KL: 1.205e-04 | std: 0.5448 | rollout: 7.332s | update: 0.746s | total: 8.077s | samples/s: 7923
Iteration 0595 | train reward: 71.11 | best: 71.69 | KL: 1.261e-04 | std: 0.5445 | rollout: 7.584s | update: 0.761s | total: 8.345s | samples/s: 7669
Iteration 0596 | train reward: 70.76 | best: 71.69 | KL: 1.297e-04 | std: 0.5445 | rollout: 6.311s | update: 0.798s | total: 7.109s | samples/s: 9003
Iteration 0597 | train reward: 71.51 | best: 71.69 | KL: 1.214e-04 | std: 0.5445 | rollout: 6.569s | update: 0.721s | total: 7.289s | samples/s: 8780
Iteration 0598 | train reward: 70.51 | best: 71.69 | KL: 1.019e-04 | std: 0.5448 | rollout: 6.404s | update: 0.734s | total: 7.139s | samples/s: 8965
Iteration 0599 | train reward: 71.54 | best: 71.69 | KL: 1.549e-04 | std: 0.5447 | rollout: 6.183s | update: 0.764s | total: 6.947s | samples/s: 9212
Iteration 0600 | train reward: 72.50 | best: 72.50 | KL: 1.162e-04 | std: 0.5447 | rollout: 6.981s | update: 0.764s | total: 7.746s | samples/s: 8263
Iteration 0601 | train reward: 70.78 | best: 72.50 | KL: 1.349e-04 | std: 0.5445 | rollout: 6.242s | update: 0.755s | total: 6.997s | samples/s: 9147
Iteration 0602 | train reward: 72.17 | best: 72.50 | KL: 1.198e-04 | std: 0.5447 | rollout: 6.382s | update: 0.744s | total: 7.126s | samples/s: 8981
Iteration 0603 | train reward: 71.66 | best: 72.50 | KL: 1.442e-04 | std: 0.5448 | rollout: 6.055s | update: 0.785s | total: 6.840s | samples/s: 9357
Iteration 0604 | train reward: 71.75 | best: 72.50 | KL: 1.183e-04 | std: 0.5447 | rollout: 9.429s | update: 0.763s | total: 10.192s | samples/s: 6279
Iteration 0605 | train reward: 71.92 | best: 72.50 | KL: 1.238e-04 | std: 0.5447 | rollout: 7.997s | update: 0.817s | total: 8.814s | samples/s: 7261
Iteration 0606 | train reward: 70.88 | best: 72.50 | KL: 1.253e-04 | std: 0.5445 | rollout: 7.106s | update: 0.789s | total: 7.895s | samples/s: 8106
Iteration 0607 | train reward: 71.56 | best: 72.50 | KL: 1.430e-04 | std: 0.5433 | rollout: 7.085s | update: 0.785s | total: 7.870s | samples/s: 8132
Iteration 0608 | train reward: 71.77 | best: 72.50 | KL: 1.207e-04 | std: 0.5430 | rollout: 7.548s | update: 0.834s | total: 8.381s | samples/s: 7636
Iteration 0609 | train reward: 71.33 | best: 72.50 | KL: 1.179e-04 | std: 0.5429 | rollout: 7.658s | update: 0.768s | total: 8.425s | samples/s: 7596
Iteration 0610 | train reward: 72.07 | best: 72.50 | KL: 1.649e-04 | std: 0.5426 | rollout: 7.061s | update: 0.764s | total: 7.825s | samples/s: 8179
Iteration 0611 | train reward: 73.17 | best: 73.17 | KL: 1.222e-04 | std: 0.5426 | rollout: 6.917s | update: 0.843s | total: 7.760s | samples/s: 8247
Iteration 0612 | train reward: 71.47 | best: 73.17 | KL: 1.385e-04 | std: 0.5426 | rollout: 7.711s | update: 0.757s | total: 8.468s | samples/s: 7558
Iteration 0613 | train reward: 71.67 | best: 73.17 | KL: 1.291e-04 | std: 0.5425 | rollout: 7.528s | update: 0.785s | total: 8.313s | samples/s: 7699
Iteration 0614 | train reward: 72.32 | best: 73.17 | KL: 1.093e-04 | std: 0.5416 | rollout: 6.344s | update: 0.792s | total: 7.136s | samples/s: 8969
Iteration 0615 | train reward: 72.10 | best: 73.17 | KL: 1.358e-04 | std: 0.5425 | rollout: 7.234s | update: 0.763s | total: 7.996s | samples/s: 8004
Iteration 0616 | train reward: 71.58 | best: 73.17 | KL: 1.041e-04 | std: 0.5425 | rollout: 7.360s | update: 0.749s | total: 8.110s | samples/s: 7892
Iteration 0617 | train reward: 71.47 | best: 73.17 | KL: 1.323e-04 | std: 0.5430 | rollout: 7.848s | update: 0.773s | total: 8.622s | samples/s: 7423
Iteration 0618 | train reward: 72.25 | best: 73.17 | KL: 1.415e-04 | std: 0.5430 | rollout: 7.414s | update: 0.764s | total: 8.178s | samples/s: 7825
Iteration 0619 | train reward: 72.12 | best: 73.17 | KL: 1.099e-04 | std: 0.5433 | rollout: 6.653s | update: 0.750s | total: 7.402s | samples/s: 8646
Iteration 0620 | train reward: 71.73 | best: 73.17 | KL: 1.530e-04 | std: 0.5433 | rollout: 6.474s | update: 0.821s | total: 7.295s | samples/s: 8773
Iteration 0621 | train reward: 71.28 | best: 73.17 | KL: 1.169e-04 | std: 0.5433 | rollout: 6.276s | update: 0.786s | total: 7.062s | samples/s: 9062
Iteration 0622 | train reward: 71.02 | best: 73.17 | KL: 1.783e-04 | std: 0.5430 | rollout: 6.288s | update: 0.754s | total: 7.042s | samples/s: 9088
Iteration 0623 | train reward: 71.53 | best: 73.17 | KL: 1.224e-04 | std: 0.5429 | rollout: 6.879s | update: 0.772s | total: 7.651s | samples/s: 8365
Iteration 0624 | train reward: 71.26 | best: 73.17 | KL: 1.647e-04 | std: 0.5426 | rollout: 6.076s | update: 0.757s | total: 6.833s | samples/s: 9366
Iteration 0625 | train reward: 71.47 | best: 73.17 | KL: 1.324e-04 | std: 0.5425 | rollout: 6.162s | update: 0.772s | total: 6.934s | samples/s: 9230
Iteration 0626 | train reward: 72.51 | best: 73.17 | KL: 1.248e-04 | std: 0.5429 | rollout: 6.145s | update: 0.778s | total: 6.923s | samples/s: 9244
Iteration 0627 | train reward: 72.62 | best: 73.17 | KL: 1.326e-04 | std: 0.5425 | rollout: 7.626s | update: 0.792s | total: 8.418s | samples/s: 7603
Iteration 0628 | train reward: 72.07 | best: 73.17 | KL: 1.111e-04 | std: 0.5425 | rollout: 7.806s | update: 0.763s | total: 8.569s | samples/s: 7468
Iteration 0629 | train reward: 71.55 | best: 73.17 | KL: 1.219e-04 | std: 0.5415 | rollout: 7.468s | update: 0.756s | total: 8.223s | samples/s: 7783
Iteration 0630 | train reward: 72.30 | best: 73.17 | KL: 1.238e-04 | std: 0.5415 | rollout: 7.470s | update: 0.758s | total: 8.227s | samples/s: 7779
Iteration 0631 | train reward: 73.12 | best: 73.17 | KL: 1.160e-04 | std: 0.5412 | rollout: 6.602s | update: 0.827s | total: 7.429s | samples/s: 8614
Iteration 0632 | train reward: 72.65 | best: 73.17 | KL: 1.243e-04 | std: 0.5412 | rollout: 6.911s | update: 0.776s | total: 7.687s | samples/s: 8325
Iteration 0633 | train reward: 72.62 | best: 73.17 | KL: 1.308e-04 | std: 0.5409 | rollout: 7.581s | update: 0.767s | total: 8.348s | samples/s: 7666
Iteration 0634 | train reward: 73.82 | best: 73.82 | KL: 1.326e-04 | std: 0.5408 | rollout: 7.282s | update: 0.794s | total: 8.076s | samples/s: 7925
Iteration 0635 | train reward: 72.64 | best: 73.82 | KL: 1.549e-04 | std: 0.5408 | rollout: 7.952s | update: 0.771s | total: 8.723s | samples/s: 7337
Iteration 0636 | train reward: 72.89 | best: 73.82 | KL: 1.352e-04 | std: 0.5411 | rollout: 7.220s | update: 0.755s | total: 7.975s | samples/s: 8025
Iteration 0637 | train reward: 72.75 | best: 73.82 | KL: 1.543e-04 | std: 0.5411 | rollout: 6.675s | update: 0.857s | total: 7.531s | samples/s: 8498
Iteration 0638 | train reward: 72.58 | best: 73.82 | KL: 1.241e-04 | std: 0.5408 | rollout: 7.359s | update: 0.765s | total: 8.124s | samples/s: 7878
Iteration 0639 | train reward: 71.59 | best: 73.82 | KL: 1.498e-04 | std: 0.5409 | rollout: 7.850s | update: 0.800s | total: 8.650s | samples/s: 7399
Iteration 0640 | train reward: 72.37 | best: 73.82 | KL: 1.191e-04 | std: 0.5405 | rollout: 7.904s | update: 0.775s | total: 8.679s | samples/s: 7374
Iteration 0641 | train reward: 72.54 | best: 73.82 | KL: 1.049e-04 | std: 0.5394 | rollout: 7.832s | update: 0.771s | total: 8.603s | samples/s: 7439
Iteration 0642 | train reward: 72.68 | best: 73.82 | KL: 1.313e-04 | std: 0.5394 | rollout: 7.834s | update: 0.770s | total: 8.604s | samples/s: 7439
Iteration 0643 | train reward: 73.42 | best: 73.82 | KL: 1.407e-04 | std: 0.5394 | rollout: 7.349s | update: 0.822s | total: 8.171s | samples/s: 7833
Iteration 0644 | train reward: 73.57 | best: 73.82 | KL: 1.465e-04 | std: 0.5392 | rollout: 7.148s | update: 0.768s | total: 7.916s | samples/s: 8085
Iteration 0645 | train reward: 72.09 | best: 73.82 | KL: 1.279e-04 | std: 0.5391 | rollout: 7.434s | update: 0.757s | total: 8.191s | samples/s: 7814
Iteration 0646 | train reward: 73.25 | best: 73.82 | KL: 1.160e-04 | std: 0.5391 | rollout: 7.694s | update: 0.767s | total: 8.461s | samples/s: 7564
Iteration 0647 | train reward: 72.70 | best: 73.82 | KL: 1.461e-04 | std: 0.5390 | rollout: 7.854s | update: 0.775s | total: 8.629s | samples/s: 7417
Iteration 0648 | train reward: 73.37 | best: 73.82 | KL: 1.417e-04 | std: 0.5376 | rollout: 6.946s | update: 0.778s | total: 7.724s | samples/s: 8286
Iteration 0649 | train reward: 73.65 | best: 73.82 | KL: 1.264e-04 | std: 0.5373 | rollout: 7.495s | update: 0.789s | total: 8.284s | samples/s: 7726
Iteration 0650 | train reward: 73.89 | best: 73.89 | KL: 1.936e-04 | std: 0.5377 | rollout: 8.254s | update: 0.777s | total: 9.032s | samples/s: 7086
Iteration 0651 | train reward: 73.66 | best: 73.89 | KL: 1.276e-04 | std: 0.5376 | rollout: 7.557s | update: 0.789s | total: 8.346s | samples/s: 7668
Iteration 0652 | train reward: 73.46 | best: 73.89 | KL: 1.409e-04 | std: 0.5376 | rollout: 7.492s | update: 0.762s | total: 8.254s | samples/s: 7754
Iteration 0653 | train reward: 73.30 | best: 73.89 | KL: 1.324e-04 | std: 0.5373 | rollout: 7.045s | update: 0.780s | total: 7.825s | samples/s: 8179
Iteration 0654 | train reward: 74.45 | best: 74.45 | KL: 1.677e-04 | std: 0.5376 | rollout: 6.013s | update: 0.795s | total: 6.808s | samples/s: 9401
Iteration 0655 | train reward: 73.74 | best: 74.45 | KL: 1.799e-04 | std: 0.5386 | rollout: 6.010s | update: 0.788s | total: 6.798s | samples/s: 9414
Iteration 0656 | train reward: 74.02 | best: 74.45 | KL: 1.433e-04 | std: 0.5386 | rollout: 6.852s | update: 0.780s | total: 7.632s | samples/s: 8385
Iteration 0657 | train reward: 74.55 | best: 74.55 | KL: 1.493e-04 | std: 0.5386 | rollout: 7.811s | update: 0.866s | total: 8.677s | samples/s: 7376
Iteration 0658 | train reward: 74.35 | best: 74.55 | KL: 1.142e-04 | std: 0.5387 | rollout: 7.581s | update: 0.769s | total: 8.350s | samples/s: 7664
Iteration 0659 | train reward: 73.75 | best: 74.55 | KL: 1.293e-04 | std: 0.5386 | rollout: 6.930s | update: 0.760s | total: 7.690s | samples/s: 8323
Iteration 0660 | train reward: 75.07 | best: 75.07 | KL: 1.409e-04 | std: 0.5376 | rollout: 6.764s | update: 0.780s | total: 7.544s | samples/s: 8484
Iteration 0661 | train reward: 74.81 | best: 75.07 | KL: 1.371e-04 | std: 0.5376 | rollout: 6.326s | update: 0.820s | total: 7.146s | samples/s: 8956
Iteration 0662 | train reward: 74.02 | best: 75.07 | KL: 1.273e-04 | std: 0.5376 | rollout: 7.220s | update: 0.757s | total: 7.977s | samples/s: 8023
Iteration 0663 | train reward: 74.55 | best: 75.07 | KL: 1.706e-04 | std: 0.5376 | rollout: 7.275s | update: 0.770s | total: 8.045s | samples/s: 7955
Iteration 0664 | train reward: 75.24 | best: 75.24 | KL: 1.591e-04 | std: 0.5376 | rollout: 6.447s | update: 0.754s | total: 7.201s | samples/s: 8888
Iteration 0665 | train reward: 75.02 | best: 75.24 | KL: 1.415e-04 | std: 0.5376 | rollout: 6.184s | update: 0.777s | total: 6.961s | samples/s: 9194
Iteration 0666 | train reward: 74.92 | best: 75.24 | KL: 1.521e-04 | std: 0.5376 | rollout: 7.322s | update: 0.763s | total: 8.084s | samples/s: 7917
Iteration 0667 | train reward: 75.94 | best: 75.94 | KL: 1.834e-04 | std: 0.5372 | rollout: 7.468s | update: 0.759s | total: 8.227s | samples/s: 7779
Iteration 0668 | train reward: 75.40 | best: 75.94 | KL: 1.373e-04 | std: 0.5372 | rollout: 6.433s | update: 0.786s | total: 7.218s | samples/s: 8867
Iteration 0669 | train reward: 76.79 | best: 76.79 | KL: 1.517e-04 | std: 0.5372 | rollout: 6.080s | update: 0.770s | total: 6.850s | samples/s: 9343
Iteration 0670 | train reward: 74.79 | best: 76.79 | KL: 1.301e-04 | std: 0.5376 | rollout: 7.445s | update: 0.787s | total: 8.233s | samples/s: 7774
Iteration 0671 | train reward: 75.28 | best: 76.79 | KL: 1.383e-04 | std: 0.5376 | rollout: 7.793s | update: 0.795s | total: 8.588s | samples/s: 7452
Iteration 0672 | train reward: 74.96 | best: 76.79 | KL: 1.299e-04 | std: 0.5376 | rollout: 7.464s | update: 0.788s | total: 8.251s | samples/s: 7756
Iteration 0673 | train reward: 75.54 | best: 76.79 | KL: 1.340e-04 | std: 0.5372 | rollout: 7.490s | update: 0.816s | total: 8.307s | samples/s: 7705
Iteration 0674 | train reward: 76.04 | best: 76.79 | KL: 1.293e-04 | std: 0.5370 | rollout: 7.834s | update: 0.795s | total: 8.629s | samples/s: 7417
Iteration 0675 | train reward: 75.76 | best: 76.79 | KL: 1.251e-04 | std: 0.5370 | rollout: 7.019s | update: 0.783s | total: 7.802s | samples/s: 8203
Iteration 0676 | train reward: 75.70 | best: 76.79 | KL: 1.670e-04 | std: 0.5370 | rollout: 8.058s | update: 0.771s | total: 8.829s | samples/s: 7249
Iteration 0677 | train reward: 74.84 | best: 76.79 | KL: 1.551e-04 | std: 0.5370 | rollout: 7.213s | update: 0.761s | total: 7.974s | samples/s: 8026
Iteration 0678 | train reward: 74.45 | best: 76.79 | KL: 1.395e-04 | std: 0.5369 | rollout: 6.180s | update: 0.827s | total: 7.007s | samples/s: 9134
Iteration 0679 | train reward: 75.92 | best: 76.79 | KL: 1.344e-04 | std: 0.5366 | rollout: 7.503s | update: 0.791s | total: 8.295s | samples/s: 7716
Iteration 0680 | train reward: 76.18 | best: 76.79 | KL: 1.574e-04 | std: 0.5366 | rollout: 7.483s | update: 0.824s | total: 8.308s | samples/s: 7704
Iteration 0681 | train reward: 75.39 | best: 76.79 | KL: 1.174e-04 | std: 0.5366 | rollout: 6.790s | update: 0.782s | total: 7.572s | samples/s: 8452
Iteration 0682 | train reward: 75.46 | best: 76.79 | KL: 1.675e-04 | std: 0.5356 | rollout: 7.323s | update: 0.762s | total: 8.085s | samples/s: 7916
Iteration 0683 | train reward: 75.93 | best: 76.79 | KL: 1.364e-04 | std: 0.5356 | rollout: 6.772s | update: 0.752s | total: 7.524s | samples/s: 8506
Iteration 0684 | train reward: 76.71 | best: 76.79 | KL: 1.594e-04 | std: 0.5356 | rollout: 6.030s | update: 0.776s | total: 6.806s | samples/s: 9404
Iteration 0685 | train reward: 75.53 | best: 76.79 | KL: 1.575e-04 | std: 0.5355 | rollout: 6.089s | update: 0.772s | total: 6.861s | samples/s: 9328
Iteration 0686 | train reward: 76.13 | best: 76.79 | KL: 1.552e-04 | std: 0.5352 | rollout: 7.438s | update: 0.816s | total: 8.254s | samples/s: 7754
Iteration 0687 | train reward: 75.23 | best: 76.79 | KL: 1.583e-04 | std: 0.5352 | rollout: 6.506s | update: 0.813s | total: 7.319s | samples/s: 8744
Iteration 0688 | train reward: 76.69 | best: 76.79 | KL: 1.481e-04 | std: 0.5352 | rollout: 7.531s | update: 0.826s | total: 8.357s | samples/s: 7658
Iteration 0689 | train reward: 76.98 | best: 76.98 | KL: 1.624e-04 | std: 0.5352 | rollout: 6.716s | update: 0.760s | total: 7.476s | samples/s: 8561
Iteration 0690 | train reward: 75.87 | best: 76.98 | KL: 1.472e-04 | std: 0.5347 | rollout: 6.129s | update: 0.752s | total: 6.881s | samples/s: 9301
Iteration 0691 | train reward: 75.48 | best: 76.98 | KL: 1.613e-04 | std: 0.5348 | rollout: 6.065s | update: 0.752s | total: 6.817s | samples/s: 9388
Iteration 0692 | train reward: 75.51 | best: 76.98 | KL: 1.542e-04 | std: 0.5337 | rollout: 6.153s | update: 0.787s | total: 6.940s | samples/s: 9221
Iteration 0693 | train reward: 77.03 | best: 77.03 | KL: 1.113e-04 | std: 0.5334 | rollout: 7.418s | update: 0.793s | total: 8.211s | samples/s: 7794
Iteration 0694 | train reward: 77.00 | best: 77.03 | KL: 1.400e-04 | std: 0.5337 | rollout: 6.731s | update: 0.759s | total: 7.490s | samples/s: 8544
Iteration 0695 | train reward: 77.00 | best: 77.03 | KL: 1.763e-04 | std: 0.5336 | rollout: 7.173s | update: 0.807s | total: 7.980s | samples/s: 8020
Iteration 0696 | train reward: 76.19 | best: 77.03 | KL: 1.264e-04 | std: 0.5336 | rollout: 7.524s | update: 0.767s | total: 8.291s | samples/s: 7719
Iteration 0697 | train reward: 75.48 | best: 77.03 | KL: 1.580e-04 | std: 0.5347 | rollout: 7.559s | update: 0.782s | total: 8.341s | samples/s: 7673
Iteration 0698 | train reward: 76.48 | best: 77.03 | KL: 1.425e-04 | std: 0.5337 | rollout: 7.453s | update: 0.761s | total: 8.214s | samples/s: 7792
Iteration 0699 | train reward: 76.85 | best: 77.03 | KL: 1.444e-04 | std: 0.5348 | rollout: 8.201s | update: 0.776s | total: 8.978s | samples/s: 7129
Iteration 0700 | train reward: 76.47 | best: 77.03 | KL: 1.614e-04 | std: 0.5336 | rollout: 7.332s | update: 0.754s | total: 8.086s | samples/s: 7915
Iteration 0701 | train reward: 76.32 | best: 77.03 | KL: 1.351e-04 | std: 0.5333 | rollout: 7.359s | update: 0.822s | total: 8.181s | samples/s: 7823
Iteration 0702 | train reward: 77.51 | best: 77.51 | KL: 1.308e-04 | std: 0.5331 | rollout: 6.761s | update: 0.744s | total: 7.504s | samples/s: 8529
Iteration 0703 | train reward: 77.52 | best: 77.52 | KL: 1.523e-04 | std: 0.5330 | rollout: 6.638s | update: 0.762s | total: 7.400s | samples/s: 8648
Iteration 0704 | train reward: 76.66 | best: 77.52 | KL: 1.385e-04 | std: 0.5330 | rollout: 7.144s | update: 0.736s | total: 7.881s | samples/s: 8121
Iteration 0705 | train reward: 76.75 | best: 77.52 | KL: 1.578e-04 | std: 0.5331 | rollout: 6.128s | update: 0.749s | total: 6.877s | samples/s: 9306
Iteration 0706 | train reward: 76.21 | best: 77.52 | KL: 1.770e-04 | std: 0.5331 | rollout: 6.664s | update: 0.797s | total: 7.461s | samples/s: 8578
Iteration 0707 | train reward: 77.47 | best: 77.52 | KL: 1.342e-04 | std: 0.5333 | rollout: 6.068s | update: 0.754s | total: 6.821s | samples/s: 9383
Iteration 0708 | train reward: 77.08 | best: 77.52 | KL: 1.253e-04 | std: 0.5330 | rollout: 6.069s | update: 0.771s | total: 6.841s | samples/s: 9356
Iteration 0709 | train reward: 77.47 | best: 77.52 | KL: 1.453e-04 | std: 0.5330 | rollout: 6.861s | update: 0.803s | total: 7.664s | samples/s: 8351
Iteration 0710 | train reward: 77.23 | best: 77.52 | KL: 1.401e-04 | std: 0.5330 | rollout: 6.956s | update: 0.785s | total: 7.741s | samples/s: 8268
Iteration 0711 | train reward: 76.70 | best: 77.52 | KL: 1.759e-04 | std: 0.5330 | rollout: 6.247s | update: 0.763s | total: 7.010s | samples/s: 9130
Iteration 0712 | train reward: 76.73 | best: 77.52 | KL: 1.433e-04 | std: 0.5331 | rollout: 6.027s | update: 0.768s | total: 6.796s | samples/s: 9417
Iteration 0713 | train reward: 76.83 | best: 77.52 | KL: 1.623e-04 | std: 0.5331 | rollout: 6.017s | update: 0.787s | total: 6.804s | samples/s: 9406
Iteration 0714 | train reward: 76.75 | best: 77.52 | KL: 1.486e-04 | std: 0.5331 | rollout: 6.079s | update: 0.772s | total: 6.850s | samples/s: 9343
Iteration 0715 | train reward: 76.83 | best: 77.52 | KL: 1.467e-04 | std: 0.5327 | rollout: 6.177s | update: 0.779s | total: 6.956s | samples/s: 9201
Iteration 0716 | train reward: 77.76 | best: 77.76 | KL: 1.350e-04 | std: 0.5316 | rollout: 6.183s | update: 0.750s | total: 6.933s | samples/s: 9231
Iteration 0717 | train reward: 77.51 | best: 77.76 | KL: 1.708e-04 | std: 0.5312 | rollout: 6.938s | update: 0.757s | total: 7.695s | samples/s: 8317
Iteration 0718 | train reward: 76.42 | best: 77.76 | KL: 1.923e-04 | std: 0.5309 | rollout: 7.270s | update: 0.771s | total: 8.041s | samples/s: 7959
Iteration 0719 | train reward: 76.79 | best: 77.76 | KL: 1.673e-04 | std: 0.5298 | rollout: 7.685s | update: 0.772s | total: 8.457s | samples/s: 7568
Iteration 0720 | train reward: 76.65 | best: 77.76 | KL: 1.471e-04 | std: 0.5294 | rollout: 6.678s | update: 0.794s | total: 7.472s | samples/s: 8565
Iteration 0721 | train reward: 77.16 | best: 77.76 | KL: 1.373e-04 | std: 0.5292 | rollout: 7.532s | update: 0.769s | total: 8.301s | samples/s: 7709
Iteration 0722 | train reward: 78.11 | best: 78.11 | KL: 1.315e-04 | std: 0.5291 | rollout: 7.320s | update: 0.856s | total: 8.176s | samples/s: 7828
Iteration 0723 | train reward: 77.95 | best: 78.11 | KL: 1.720e-04 | std: 0.5289 | rollout: 6.366s | update: 0.773s | total: 7.138s | samples/s: 8966
Iteration 0724 | train reward: 77.41 | best: 78.11 | KL: 1.615e-04 | std: 0.5278 | rollout: 8.072s | update: 0.763s | total: 8.835s | samples/s: 7244
Iteration 0725 | train reward: 79.20 | best: 79.20 | KL: 1.482e-04 | std: 0.5288 | rollout: 6.974s | update: 0.762s | total: 7.736s | samples/s: 8273
Iteration 0726 | train reward: 78.17 | best: 79.20 | KL: 1.385e-04 | std: 0.5278 | rollout: 7.331s | update: 0.775s | total: 8.106s | samples/s: 7895
Iteration 0727 | train reward: 78.74 | best: 79.20 | KL: 2.040e-04 | std: 0.5288 | rollout: 7.637s | update: 0.783s | total: 8.420s | samples/s: 7601
Iteration 0728 | train reward: 76.79 | best: 79.20 | KL: 1.601e-04 | std: 0.5291 | rollout: 8.070s | update: 0.772s | total: 8.842s | samples/s: 7238
Iteration 0729 | train reward: 77.68 | best: 79.20 | KL: 1.702e-04 | std: 0.5289 | rollout: 7.687s | update: 0.798s | total: 8.485s | samples/s: 7543
Iteration 0730 | train reward: 77.97 | best: 79.20 | KL: 1.912e-04 | std: 0.5288 | rollout: 7.432s | update: 0.767s | total: 8.198s | samples/s: 7807
Iteration 0731 | train reward: 77.57 | best: 79.20 | KL: 1.867e-04 | std: 0.5291 | rollout: 7.422s | update: 0.852s | total: 8.274s | samples/s: 7735
Iteration 0732 | train reward: 78.92 | best: 79.20 | KL: 1.676e-04 | std: 0.5289 | rollout: 7.683s | update: 0.825s | total: 8.508s | samples/s: 7522
Iteration 0733 | train reward: 76.99 | best: 79.20 | KL: 1.406e-04 | std: 0.5289 | rollout: 7.720s | update: 0.802s | total: 8.522s | samples/s: 7510
Iteration 0734 | train reward: 78.29 | best: 79.20 | KL: 1.532e-04 | std: 0.5291 | rollout: 7.522s | update: 0.798s | total: 8.320s | samples/s: 7692
Iteration 0735 | train reward: 77.54 | best: 79.20 | KL: 1.687e-04 | std: 0.5289 | rollout: 7.956s | update: 0.795s | total: 8.752s | samples/s: 7313
Iteration 0736 | train reward: 78.75 | best: 79.20 | KL: 1.558e-04 | std: 0.5289 | rollout: 6.554s | update: 0.762s | total: 7.316s | samples/s: 8748
Iteration 0737 | train reward: 78.41 | best: 79.20 | KL: 1.807e-04 | std: 0.5291 | rollout: 6.263s | update: 0.805s | total: 7.068s | samples/s: 9055
Iteration 0738 | train reward: 78.76 | best: 79.20 | KL: 1.524e-04 | std: 0.5291 | rollout: 7.190s | update: 0.809s | total: 7.998s | samples/s: 8002
Iteration 0739 | train reward: 78.38 | best: 79.20 | KL: 1.768e-04 | std: 0.5291 | rollout: 7.382s | update: 0.789s | total: 8.171s | samples/s: 7833
Iteration 0740 | train reward: 78.08 | best: 79.20 | KL: 1.479e-04 | std: 0.5289 | rollout: 7.459s | update: 0.777s | total: 8.236s | samples/s: 7770
Iteration 0741 | train reward: 78.90 | best: 79.20 | KL: 1.798e-04 | std: 0.5278 | rollout: 6.819s | update: 0.770s | total: 7.589s | samples/s: 8434
Iteration 0742 | train reward: 78.82 | best: 79.20 | KL: 1.483e-04 | std: 0.5277 | rollout: 6.677s | update: 0.749s | total: 7.426s | samples/s: 8619
Iteration 0743 | train reward: 78.59 | best: 79.20 | KL: 1.097e-04 | std: 0.5273 | rollout: 6.404s | update: 0.754s | total: 7.158s | samples/s: 8941
Iteration 0744 | train reward: 79.30 | best: 79.30 | KL: 1.910e-04 | std: 0.5277 | rollout: 6.064s | update: 0.789s | total: 6.853s | samples/s: 9339
Iteration 0745 | train reward: 78.88 | best: 79.30 | KL: 1.361e-04 | std: 0.5277 | rollout: 7.051s | update: 0.762s | total: 7.814s | samples/s: 8191
Iteration 0746 | train reward: 79.01 | best: 79.30 | KL: 1.665e-04 | std: 0.5277 | rollout: 6.746s | update: 0.767s | total: 7.513s | samples/s: 8519
Iteration 0747 | train reward: 79.50 | best: 79.50 | KL: 1.595e-04 | std: 0.5277 | rollout: 6.219s | update: 0.766s | total: 6.985s | samples/s: 9162
Iteration 0748 | train reward: 79.44 | best: 79.50 | KL: 1.574e-04 | std: 0.5277 | rollout: 7.339s | update: 0.776s | total: 8.115s | samples/s: 7887
Iteration 0749 | train reward: 77.91 | best: 79.50 | KL: 1.517e-04 | std: 0.5274 | rollout: 7.470s | update: 0.778s | total: 8.248s | samples/s: 7759
Iteration 0750 | train reward: 79.55 | best: 79.55 | KL: 1.631e-04 | std: 0.5273 | rollout: 6.490s | update: 0.792s | total: 7.282s | samples/s: 8789
Iteration 0751 | train reward: 80.17 | best: 80.17 | KL: 1.200e-04 | std: 0.5277 | rollout: 7.101s | update: 0.742s | total: 7.843s | samples/s: 8160
Iteration 0752 | train reward: 79.12 | best: 80.17 | KL: 2.058e-04 | std: 0.5278 | rollout: 8.081s | update: 0.766s | total: 8.847s | samples/s: 7234
Iteration 0753 | train reward: 79.60 | best: 80.17 | KL: 1.770e-04 | std: 0.5288 | rollout: 8.560s | update: 0.734s | total: 9.294s | samples/s: 6886
Iteration 0754 | train reward: 78.66 | best: 80.17 | KL: 1.628e-04 | std: 0.5288 | rollout: 7.504s | update: 0.754s | total: 8.259s | samples/s: 7750
Iteration 0755 | train reward: 81.01 | best: 81.01 | KL: 1.549e-04 | std: 0.5288 | rollout: 6.951s | update: 0.836s | total: 7.787s | samples/s: 8219
Iteration 0756 | train reward: 78.69 | best: 81.01 | KL: 1.485e-04 | std: 0.5275 | rollout: 6.767s | update: 0.755s | total: 7.522s | samples/s: 8508
Iteration 0757 | train reward: 80.27 | best: 81.01 | KL: 1.925e-04 | std: 0.5273 | rollout: 6.277s | update: 0.780s | total: 7.057s | samples/s: 9069
Iteration 0758 | train reward: 79.65 | best: 81.01 | KL: 1.925e-04 | std: 0.5277 | rollout: 6.392s | update: 0.755s | total: 7.147s | samples/s: 8955
Iteration 0759 | train reward: 79.23 | best: 81.01 | KL: 1.367e-04 | std: 0.5288 | rollout: 6.934s | update: 0.770s | total: 7.704s | samples/s: 8307
Iteration 0760 | train reward: 80.55 | best: 81.01 | KL: 1.611e-04 | std: 0.5288 | rollout: 7.421s | update: 0.761s | total: 8.182s | samples/s: 7822
Iteration 0761 | train reward: 79.61 | best: 81.01 | KL: 1.490e-04 | std: 0.5278 | rollout: 7.328s | update: 0.760s | total: 8.088s | samples/s: 7913
Iteration 0762 | train reward: 79.75 | best: 81.01 | KL: 1.768e-04 | std: 0.5277 | rollout: 7.772s | update: 0.783s | total: 8.555s | samples/s: 7481
Iteration 0763 | train reward: 81.24 | best: 81.24 | KL: 1.744e-04 | std: 0.5277 | rollout: 6.988s | update: 0.760s | total: 7.747s | samples/s: 8261
Iteration 0764 | train reward: 79.84 | best: 81.24 | KL: 1.447e-04 | std: 0.5275 | rollout: 7.390s | update: 0.760s | total: 8.150s | samples/s: 7853
Iteration 0765 | train reward: 81.27 | best: 81.27 | KL: 1.571e-04 | std: 0.5277 | rollout: 7.337s | update: 0.795s | total: 8.132s | samples/s: 7870
Iteration 0766 | train reward: 81.31 | best: 81.31 | KL: 1.934e-04 | std: 0.5278 | rollout: 7.309s | update: 0.966s | total: 8.275s | samples/s: 7734
Iteration 0767 | train reward: 80.54 | best: 81.31 | KL: 1.385e-04 | std: 0.5274 | rollout: 6.423s | update: 0.769s | total: 7.192s | samples/s: 8898
Iteration 0768 | train reward: 80.34 | best: 81.31 | KL: 1.466e-04 | std: 0.5275 | rollout: 7.220s | update: 0.768s | total: 7.988s | samples/s: 8012
Iteration 0769 | train reward: 80.44 | best: 81.31 | KL: 1.548e-04 | std: 0.5277 | rollout: 7.151s | update: 0.768s | total: 7.919s | samples/s: 8082
Iteration 0770 | train reward: 79.33 | best: 81.31 | KL: 1.379e-04 | std: 0.5273 | rollout: 7.360s | update: 0.807s | total: 8.167s | samples/s: 7836
Iteration 0771 | train reward: 79.77 | best: 81.31 | KL: 1.868e-04 | std: 0.5274 | rollout: 7.925s | update: 0.807s | total: 8.732s | samples/s: 7329
Iteration 0772 | train reward: 80.43 | best: 81.31 | KL: 1.170e-04 | std: 0.5273 | rollout: 7.811s | update: 0.846s | total: 8.657s | samples/s: 7393
Iteration 0773 | train reward: 79.01 | best: 81.31 | KL: 1.699e-04 | std: 0.5274 | rollout: 7.505s | update: 0.772s | total: 8.278s | samples/s: 7732
Iteration 0774 | train reward: 80.86 | best: 81.31 | KL: 1.411e-04 | std: 0.5273 | rollout: 7.171s | update: 0.814s | total: 7.985s | samples/s: 8015
Iteration 0775 | train reward: 79.46 | best: 81.31 | KL: 1.511e-04 | std: 0.5274 | rollout: 7.377s | update: 0.754s | total: 8.131s | samples/s: 7872
Iteration 0776 | train reward: 78.87 | best: 81.31 | KL: 1.457e-04 | std: 0.5274 | rollout: 6.721s | update: 0.734s | total: 7.455s | samples/s: 8585
Iteration 0777 | train reward: 80.80 | best: 81.31 | KL: 1.589e-04 | std: 0.5273 | rollout: 6.849s | update: 0.837s | total: 7.686s | samples/s: 8327
Iteration 0778 | train reward: 79.82 | best: 81.31 | KL: 1.614e-04 | std: 0.5274 | rollout: 7.766s | update: 0.790s | total: 8.555s | samples/s: 7481
Iteration 0779 | train reward: 79.42 | best: 81.31 | KL: 1.689e-04 | std: 0.5273 | rollout: 6.768s | update: 0.787s | total: 7.555s | samples/s: 8471
Iteration 0780 | train reward: 80.44 | best: 81.31 | KL: 2.016e-04 | std: 0.5270 | rollout: 7.077s | update: 0.816s | total: 7.893s | samples/s: 8109
Iteration 0781 | train reward: 81.18 | best: 81.31 | KL: 2.036e-04 | std: 0.5259 | rollout: 6.148s | update: 0.804s | total: 6.952s | samples/s: 9206
Iteration 0782 | train reward: 80.61 | best: 81.31 | KL: 1.673e-04 | std: 0.5258 | rollout: 6.297s | update: 0.780s | total: 7.078s | samples/s: 9043
Iteration 0783 | train reward: 81.13 | best: 81.31 | KL: 1.540e-04 | std: 0.5256 | rollout: 6.810s | update: 0.816s | total: 7.626s | samples/s: 8393
Iteration 0784 | train reward: 81.38 | best: 81.38 | KL: 1.529e-04 | std: 0.5258 | rollout: 7.772s | update: 0.794s | total: 8.565s | samples/s: 7472
Iteration 0785 | train reward: 80.67 | best: 81.38 | KL: 1.686e-04 | std: 0.5270 | rollout: 7.536s | update: 0.777s | total: 8.314s | samples/s: 7698
Iteration 0786 | train reward: 81.00 | best: 81.38 | KL: 1.956e-04 | std: 0.5269 | rollout: 7.803s | update: 0.753s | total: 8.556s | samples/s: 7481
Iteration 0787 | train reward: 80.71 | best: 81.38 | KL: 1.880e-04 | std: 0.5272 | rollout: 6.438s | update: 0.850s | total: 7.288s | samples/s: 8782
Iteration 0788 | train reward: 81.60 | best: 81.60 | KL: 1.785e-04 | std: 0.5269 | rollout: 7.626s | update: 0.777s | total: 8.404s | samples/s: 7616
Iteration 0789 | train reward: 80.95 | best: 81.60 | KL: 1.741e-04 | std: 0.5269 | rollout: 7.754s | update: 0.828s | total: 8.582s | samples/s: 7458
Iteration 0790 | train reward: 81.26 | best: 81.60 | KL: 1.394e-04 | std: 0.5259 | rollout: 7.081s | update: 0.754s | total: 7.835s | samples/s: 8169
Iteration 0791 | train reward: 80.73 | best: 81.60 | KL: 1.804e-04 | std: 0.5256 | rollout: 5.981s | update: 0.774s | total: 6.755s | samples/s: 9474
Iteration 0792 | train reward: 80.99 | best: 81.60 | KL: 1.826e-04 | std: 0.5254 | rollout: 6.169s | update: 0.759s | total: 6.928s | samples/s: 9238
Iteration 0793 | train reward: 80.60 | best: 81.60 | KL: 1.289e-04 | std: 0.5255 | rollout: 7.201s | update: 0.776s | total: 7.977s | samples/s: 8023
Iteration 0794 | train reward: 81.00 | best: 81.60 | KL: 1.783e-04 | std: 0.5253 | rollout: 8.153s | update: 0.811s | total: 8.964s | samples/s: 7139
Iteration 0795 | train reward: 81.07 | best: 81.60 | KL: 2.381e-04 | std: 0.5252 | rollout: 6.763s | update: 0.774s | total: 7.537s | samples/s: 8491
Iteration 0796 | train reward: 81.41 | best: 81.60 | KL: 1.752e-04 | std: 0.5238 | rollout: 7.965s | update: 0.756s | total: 8.721s | samples/s: 7338
Iteration 0797 | train reward: 80.93 | best: 81.60 | KL: 1.599e-04 | std: 0.5238 | rollout: 6.708s | update: 0.778s | total: 7.486s | samples/s: 8550
Iteration 0798 | train reward: 80.24 | best: 81.60 | KL: 1.594e-04 | std: 0.5238 | rollout: 6.512s | update: 0.781s | total: 7.293s | samples/s: 8776
Iteration 0799 | train reward: 81.31 | best: 81.60 | KL: 1.385e-04 | std: 0.5236 | rollout: 7.078s | update: 0.783s | total: 7.862s | samples/s: 8141
Iteration 0800 | train reward: 79.87 | best: 81.60 | KL: 1.451e-04 | std: 0.5235 | rollout: 7.779s | update: 0.762s | total: 8.541s | samples/s: 7493
Iteration 0801 | train reward: 81.03 | best: 81.60 | KL: 1.784e-04 | std: 0.5234 | rollout: 6.120s | update: 0.775s | total: 6.895s | samples/s: 9282
Iteration 0802 | train reward: 80.94 | best: 81.60 | KL: 1.571e-04 | std: 0.5236 | rollout: 6.590s | update: 0.767s | total: 7.357s | samples/s: 8699
Iteration 0803 | train reward: 81.61 | best: 81.61 | KL: 1.791e-04 | std: 0.5249 | rollout: 7.423s | update: 0.811s | total: 8.234s | samples/s: 7773
Iteration 0804 | train reward: 80.77 | best: 81.61 | KL: 1.494e-04 | std: 0.5239 | rollout: 6.996s | update: 0.780s | total: 7.776s | samples/s: 8231
Iteration 0805 | train reward: 81.02 | best: 81.61 | KL: 1.985e-04 | std: 0.5234 | rollout: 6.282s | update: 0.861s | total: 7.143s | samples/s: 8960
Iteration 0806 | train reward: 81.56 | best: 81.61 | KL: 1.525e-04 | std: 0.5235 | rollout: 7.585s | update: 0.767s | total: 8.352s | samples/s: 7663
Iteration 0807 | train reward: 81.38 | best: 81.61 | KL: 1.410e-04 | std: 0.5236 | rollout: 6.323s | update: 0.789s | total: 7.112s | samples/s: 8999
Iteration 0808 | train reward: 81.11 | best: 81.61 | KL: 1.690e-04 | std: 0.5233 | rollout: 7.692s | update: 0.762s | total: 8.454s | samples/s: 7570
Iteration 0809 | train reward: 80.23 | best: 81.61 | KL: 1.318e-04 | std: 0.5234 | rollout: 7.361s | update: 0.752s | total: 8.113s | samples/s: 7889
Iteration 0810 | train reward: 80.40 | best: 81.61 | KL: 1.638e-04 | std: 0.5234 | rollout: 6.807s | update: 0.783s | total: 7.590s | samples/s: 8432
Iteration 0811 | train reward: 80.73 | best: 81.61 | KL: 1.389e-04 | std: 0.5231 | rollout: 6.601s | update: 0.798s | total: 7.399s | samples/s: 8650
Iteration 0812 | train reward: 80.32 | best: 81.61 | KL: 1.408e-04 | std: 0.5231 | rollout: 6.210s | update: 0.861s | total: 7.071s | samples/s: 9051
Iteration 0813 | train reward: 80.64 | best: 81.61 | KL: 1.484e-04 | std: 0.5233 | rollout: 6.007s | update: 0.817s | total: 6.825s | samples/s: 9378
Iteration 0814 | train reward: 81.20 | best: 81.61 | KL: 1.431e-04 | std: 0.5230 | rollout: 6.865s | update: 0.794s | total: 7.659s | samples/s: 8356
Iteration 0815 | train reward: 80.94 | best: 81.61 | KL: 1.477e-04 | std: 0.5230 | rollout: 7.397s | update: 0.770s | total: 8.167s | samples/s: 7837
Iteration 0816 | train reward: 81.54 | best: 81.61 | KL: 1.862e-04 | std: 0.5230 | rollout: 7.300s | update: 0.817s | total: 8.117s | samples/s: 7885
Iteration 0817 | train reward: 80.34 | best: 81.61 | KL: 1.958e-04 | std: 0.5219 | rollout: 7.766s | update: 0.755s | total: 8.521s | samples/s: 7510
Iteration 0818 | train reward: 82.55 | best: 82.55 | KL: 1.472e-04 | std: 0.5216 | rollout: 8.357s | update: 0.774s | total: 9.131s | samples/s: 7009
Iteration 0819 | train reward: 81.08 | best: 82.55 | KL: 1.799e-04 | std: 0.5216 | rollout: 6.711s | update: 0.777s | total: 7.488s | samples/s: 8547
Iteration 0820 | train reward: 81.75 | best: 82.55 | KL: 2.128e-04 | std: 0.5215 | rollout: 6.124s | update: 0.797s | total: 6.921s | samples/s: 9248
Iteration 0821 | train reward: 82.28 | best: 82.55 | KL: 1.862e-04 | std: 0.5216 | rollout: 7.272s | update: 0.766s | total: 8.039s | samples/s: 7961
Iteration 0822 | train reward: 81.71 | best: 82.55 | KL: 1.496e-04 | std: 0.5216 | rollout: 7.196s | update: 0.766s | total: 7.962s | samples/s: 8039
Iteration 0823 | train reward: 81.33 | best: 82.55 | KL: 1.805e-04 | std: 0.5216 | rollout: 7.246s | update: 0.755s | total: 8.002s | samples/s: 7998
Iteration 0824 | train reward: 81.65 | best: 82.55 | KL: 1.837e-04 | std: 0.5214 | rollout: 7.680s | update: 0.768s | total: 8.448s | samples/s: 7576
Iteration 0825 | train reward: 81.48 | best: 82.55 | KL: 1.576e-04 | std: 0.5215 | rollout: 6.973s | update: 0.766s | total: 7.739s | samples/s: 8270
Iteration 0826 | train reward: 80.97 | best: 82.55 | KL: 1.321e-04 | std: 0.5214 | rollout: 6.447s | update: 0.776s | total: 7.222s | samples/s: 8861
Iteration 0827 | train reward: 80.86 | best: 82.55 | KL: 1.871e-04 | std: 0.5214 | rollout: 7.076s | update: 0.773s | total: 7.849s | samples/s: 8154
Iteration 0828 | train reward: 81.80 | best: 82.55 | KL: 1.632e-04 | std: 0.5199 | rollout: 7.219s | update: 0.780s | total: 8.000s | samples/s: 8000
Iteration 0829 | train reward: 80.37 | best: 82.55 | KL: 1.613e-04 | std: 0.5196 | rollout: 6.903s | update: 0.811s | total: 7.714s | samples/s: 8297
Iteration 0830 | train reward: 81.74 | best: 82.55 | KL: 1.793e-04 | std: 0.5195 | rollout: 7.226s | update: 0.777s | total: 8.004s | samples/s: 7996
Iteration 0831 | train reward: 83.02 | best: 83.02 | KL: 1.673e-04 | std: 0.5194 | rollout: 7.418s | update: 0.776s | total: 8.193s | samples/s: 7811
Iteration 0832 | train reward: 81.32 | best: 83.02 | KL: 1.658e-04 | std: 0.5195 | rollout: 7.098s | update: 0.783s | total: 7.881s | samples/s: 8121
Iteration 0833 | train reward: 80.03 | best: 83.02 | KL: 2.143e-04 | std: 0.5195 | rollout: 6.960s | update: 0.779s | total: 7.739s | samples/s: 8270
Iteration 0834 | train reward: 80.96 | best: 83.02 | KL: 1.657e-04 | std: 0.5194 | rollout: 8.071s | update: 0.772s | total: 8.842s | samples/s: 7238
Iteration 0835 | train reward: 82.35 | best: 83.02 | KL: 1.497e-04 | std: 0.5194 | rollout: 8.724s | update: 0.764s | total: 9.489s | samples/s: 6745
Iteration 0836 | train reward: 81.25 | best: 83.02 | KL: 1.489e-04 | std: 0.5194 | rollout: 6.943s | update: 0.813s | total: 7.756s | samples/s: 8252
Iteration 0837 | train reward: 82.54 | best: 83.02 | KL: 1.716e-04 | std: 0.5194 | rollout: 7.570s | update: 0.786s | total: 8.356s | samples/s: 7659
Iteration 0838 | train reward: 81.98 | best: 83.02 | KL: 2.133e-04 | std: 0.5191 | rollout: 7.382s | update: 0.757s | total: 8.140s | samples/s: 7863
Iteration 0839 | train reward: 81.76 | best: 83.02 | KL: 2.578e-04 | std: 0.5180 | rollout: 7.486s | update: 0.766s | total: 8.251s | samples/s: 7756
Iteration 0840 | train reward: 81.22 | best: 83.02 | KL: 1.787e-04 | std: 0.5177 | rollout: 7.312s | update: 0.775s | total: 8.087s | samples/s: 7914
Iteration 0841 | train reward: 82.69 | best: 83.02 | KL: 1.825e-04 | std: 0.5177 | rollout: 6.705s | update: 0.758s | total: 7.464s | samples/s: 8575
Iteration 0842 | train reward: 81.65 | best: 83.02 | KL: 1.856e-04 | std: 0.5180 | rollout: 7.780s | update: 0.772s | total: 8.551s | samples/s: 7484
Iteration 0843 | train reward: 81.39 | best: 83.02 | KL: 2.250e-04 | std: 0.5181 | rollout: 6.925s | update: 0.789s | total: 7.715s | samples/s: 8296
Iteration 0844 | train reward: 82.11 | best: 83.02 | KL: 1.918e-04 | std: 0.5175 | rollout: 7.414s | update: 0.789s | total: 8.203s | samples/s: 7802
Iteration 0845 | train reward: 81.27 | best: 83.02 | KL: 1.979e-04 | std: 0.5172 | rollout: 8.529s | update: 0.799s | total: 9.328s | samples/s: 6861
Iteration 0846 | train reward: 82.64 | best: 83.02 | KL: 1.793e-04 | std: 0.5172 | rollout: 7.652s | update: 0.776s | total: 8.427s | samples/s: 7594
Iteration 0847 | train reward: 83.04 | best: 83.04 | KL: 1.700e-04 | std: 0.5171 | rollout: 7.517s | update: 0.795s | total: 8.311s | samples/s: 7700
Iteration 0848 | train reward: 83.28 | best: 83.28 | KL: 1.572e-04 | std: 0.5172 | rollout: 7.667s | update: 0.792s | total: 8.458s | samples/s: 7566
Iteration 0849 | train reward: 83.55 | best: 83.55 | KL: 1.638e-04 | std: 0.5176 | rollout: 7.287s | update: 0.805s | total: 8.092s | samples/s: 7909
Iteration 0850 | train reward: 82.99 | best: 83.55 | KL: 1.224e-04 | std: 0.5174 | rollout: 7.574s | update: 0.798s | total: 8.372s | samples/s: 7645
Iteration 0851 | train reward: 82.99 | best: 83.55 | KL: 1.637e-04 | std: 0.5174 | rollout: 6.207s | update: 0.782s | total: 6.988s | samples/s: 9158
Iteration 0852 | train reward: 82.36 | best: 83.55 | KL: 1.685e-04 | std: 0.5175 | rollout: 8.165s | update: 0.789s | total: 8.954s | samples/s: 7148
Iteration 0853 | train reward: 82.52 | best: 83.55 | KL: 2.011e-04 | std: 0.5176 | rollout: 7.493s | update: 0.820s | total: 8.313s | samples/s: 7699
Iteration 0854 | train reward: 82.46 | best: 83.55 | KL: 1.711e-04 | std: 0.5180 | rollout: 7.582s | update: 0.759s | total: 8.341s | samples/s: 7673
Iteration 0855 | train reward: 83.66 | best: 83.66 | KL: 1.840e-04 | std: 0.5180 | rollout: 7.595s | update: 0.757s | total: 8.352s | samples/s: 7663
Iteration 0856 | train reward: 83.58 | best: 83.66 | KL: 1.809e-04 | std: 0.5177 | rollout: 6.820s | update: 0.793s | total: 7.613s | samples/s: 8407
Iteration 0857 | train reward: 83.76 | best: 83.76 | KL: 1.568e-04 | std: 0.5177 | rollout: 6.365s | update: 0.780s | total: 7.145s | samples/s: 8957
Iteration 0858 | train reward: 82.48 | best: 83.76 | KL: 1.916e-04 | std: 0.5176 | rollout: 6.077s | update: 0.758s | total: 6.835s | samples/s: 9364
Iteration 0859 | train reward: 82.12 | best: 83.76 | KL: 1.918e-04 | std: 0.5180 | rollout: 6.057s | update: 0.804s | total: 6.861s | samples/s: 9328
Iteration 0860 | train reward: 84.11 | best: 84.11 | KL: 1.532e-04 | std: 0.5180 | rollout: 6.805s | update: 0.782s | total: 7.587s | samples/s: 8436
Iteration 0861 | train reward: 83.14 | best: 84.11 | KL: 1.551e-04 | std: 0.5176 | rollout: 7.551s | update: 0.776s | total: 8.327s | samples/s: 7686
Iteration 0862 | train reward: 84.09 | best: 84.11 | KL: 1.490e-04 | std: 0.5177 | rollout: 7.838s | update: 0.841s | total: 8.679s | samples/s: 7374
Iteration 0863 | train reward: 84.04 | best: 84.11 | KL: 2.155e-04 | std: 0.5176 | rollout: 7.364s | update: 0.804s | total: 8.169s | samples/s: 7835
Iteration 0864 | train reward: 82.64 | best: 84.11 | KL: 1.466e-04 | std: 0.5176 | rollout: 6.853s | update: 0.887s | total: 7.740s | samples/s: 8268
Iteration 0865 | train reward: 83.60 | best: 84.11 | KL: 1.725e-04 | std: 0.5177 | rollout: 6.763s | update: 0.787s | total: 7.550s | samples/s: 8477
Iteration 0866 | train reward: 83.29 | best: 84.11 | KL: 1.603e-04 | std: 0.5177 | rollout: 8.322s | update: 0.772s | total: 9.094s | samples/s: 7037
Iteration 0867 | train reward: 82.78 | best: 84.11 | KL: 1.596e-04 | std: 0.5177 | rollout: 8.203s | update: 0.801s | total: 9.004s | samples/s: 7108
Iteration 0868 | train reward: 84.46 | best: 84.46 | KL: 1.644e-04 | std: 0.5176 | rollout: 7.563s | update: 0.879s | total: 8.442s | samples/s: 7581
Iteration 0869 | train reward: 83.75 | best: 84.46 | KL: 1.763e-04 | std: 0.5175 | rollout: 8.303s | update: 0.806s | total: 9.109s | samples/s: 7026
Iteration 0870 | train reward: 83.37 | best: 84.46 | KL: 1.521e-04 | std: 0.5176 | rollout: 7.631s | update: 0.775s | total: 8.406s | samples/s: 7614
Iteration 0871 | train reward: 83.65 | best: 84.46 | KL: 1.700e-04 | std: 0.5176 | rollout: 7.141s | update: 0.832s | total: 7.973s | samples/s: 8027
Iteration 0872 | train reward: 83.75 | best: 84.46 | KL: 1.563e-04 | std: 0.5175 | rollout: 7.369s | update: 0.788s | total: 8.157s | samples/s: 7846
Iteration 0873 | train reward: 83.67 | best: 84.46 | KL: 1.750e-04 | std: 0.5175 | rollout: 7.461s | update: 0.793s | total: 8.255s | samples/s: 7753
Iteration 0874 | train reward: 83.77 | best: 84.46 | KL: 1.816e-04 | std: 0.5176 | rollout: 8.058s | update: 0.814s | total: 8.872s | samples/s: 7214
Iteration 0875 | train reward: 83.41 | best: 84.46 | KL: 1.560e-04 | std: 0.5172 | rollout: 8.228s | update: 0.810s | total: 9.038s | samples/s: 7081
Iteration 0876 | train reward: 84.81 | best: 84.81 | KL: 1.668e-04 | std: 0.5172 | rollout: 7.422s | update: 0.798s | total: 8.219s | samples/s: 7786
Iteration 0877 | train reward: 83.16 | best: 84.81 | KL: 1.398e-04 | std: 0.5161 | rollout: 7.463s | update: 0.781s | total: 8.245s | samples/s: 7763
Iteration 0878 | train reward: 84.12 | best: 84.81 | KL: 2.232e-04 | std: 0.5171 | rollout: 6.800s | update: 0.844s | total: 7.644s | samples/s: 8372
Iteration 0879 | train reward: 85.09 | best: 85.09 | KL: 1.919e-04 | std: 0.5161 | rollout: 7.469s | update: 0.762s | total: 8.231s | samples/s: 7775
Iteration 0880 | train reward: 83.31 | best: 85.09 | KL: 1.848e-04 | std: 0.5172 | rollout: 7.276s | update: 0.780s | total: 8.056s | samples/s: 7945
Iteration 0881 | train reward: 84.97 | best: 85.09 | KL: 1.812e-04 | std: 0.5157 | rollout: 6.935s | update: 0.781s | total: 7.716s | samples/s: 8295
Iteration 0882 | train reward: 84.45 | best: 85.09 | KL: 1.792e-04 | std: 0.5160 | rollout: 7.295s | update: 0.824s | total: 8.119s | samples/s: 7883
Iteration 0883 | train reward: 82.78 | best: 85.09 | KL: 1.906e-04 | std: 0.5157 | rollout: 7.501s | update: 0.776s | total: 8.277s | samples/s: 7732
Iteration 0884 | train reward: 84.13 | best: 85.09 | KL: 1.736e-04 | std: 0.5156 | rollout: 6.157s | update: 0.757s | total: 6.915s | samples/s: 9256
Iteration 0885 | train reward: 84.80 | best: 85.09 | KL: 1.442e-04 | std: 0.5157 | rollout: 7.424s | update: 0.757s | total: 8.181s | samples/s: 7823
Iteration 0886 | train reward: 85.18 | best: 85.18 | KL: 1.932e-04 | std: 0.5160 | rollout: 6.359s | update: 0.762s | total: 7.121s | samples/s: 8987
Iteration 0887 | train reward: 84.48 | best: 85.18 | KL: 1.830e-04 | std: 0.5160 | rollout: 6.286s | update: 0.779s | total: 7.065s | samples/s: 9059
Iteration 0888 | train reward: 84.22 | best: 85.18 | KL: 1.690e-04 | std: 0.5160 | rollout: 6.389s | update: 0.769s | total: 7.158s | samples/s: 8941
Iteration 0889 | train reward: 84.33 | best: 85.18 | KL: 1.703e-04 | std: 0.5157 | rollout: 6.012s | update: 0.827s | total: 6.839s | samples/s: 9358
Iteration 0890 | train reward: 83.98 | best: 85.18 | KL: 1.610e-04 | std: 0.5157 | rollout: 6.117s | update: 0.808s | total: 6.925s | samples/s: 9242
Iteration 0891 | train reward: 85.12 | best: 85.18 | KL: 1.749e-04 | std: 0.5156 | rollout: 6.422s | update: 0.808s | total: 7.230s | samples/s: 8852
Iteration 0892 | train reward: 85.07 | best: 85.18 | KL: 1.660e-04 | std: 0.5156 | rollout: 7.135s | update: 0.778s | total: 7.913s | samples/s: 8088
Iteration 0893 | train reward: 83.99 | best: 85.18 | KL: 2.059e-04 | std: 0.5157 | rollout: 6.495s | update: 0.876s | total: 7.371s | samples/s: 8682
Iteration 0894 | train reward: 84.65 | best: 85.18 | KL: 2.075e-04 | std: 0.5156 | rollout: 6.175s | update: 0.771s | total: 6.946s | samples/s: 9213
Iteration 0895 | train reward: 85.01 | best: 85.18 | KL: 1.841e-04 | std: 0.5155 | rollout: 7.435s | update: 0.778s | total: 8.212s | samples/s: 7793
Iteration 0896 | train reward: 84.85 | best: 85.18 | KL: 1.656e-04 | std: 0.5156 | rollout: 7.338s | update: 0.768s | total: 8.106s | samples/s: 7895
Iteration 0897 | train reward: 84.56 | best: 85.18 | KL: 1.830e-04 | std: 0.5155 | rollout: 7.221s | update: 0.755s | total: 7.977s | samples/s: 8023
Iteration 0898 | train reward: 84.13 | best: 85.18 | KL: 1.394e-04 | std: 0.5155 | rollout: 7.168s | update: 0.786s | total: 7.954s | samples/s: 8046
Iteration 0899 | train reward: 83.87 | best: 85.18 | KL: 1.652e-04 | std: 0.5156 | rollout: 6.403s | update: 0.755s | total: 7.159s | samples/s: 8940
Iteration 0900 | train reward: 84.16 | best: 85.18 | KL: 1.869e-04 | std: 0.5156 | rollout: 7.170s | update: 0.770s | total: 7.941s | samples/s: 8060
Iteration 0901 | train reward: 84.36 | best: 85.18 | KL: 1.674e-04 | std: 0.5157 | rollout: 7.494s | update: 0.762s | total: 8.255s | samples/s: 7753
Iteration 0902 | train reward: 84.93 | best: 85.18 | KL: 1.604e-04 | std: 0.5156 | rollout: 7.437s | update: 0.781s | total: 8.218s | samples/s: 7788
Iteration 0903 | train reward: 84.18 | best: 85.18 | KL: 2.044e-04 | std: 0.5156 | rollout: 7.831s | update: 0.779s | total: 8.611s | samples/s: 7433
Iteration 0904 | train reward: 84.10 | best: 85.18 | KL: 1.928e-04 | std: 0.5157 | rollout: 7.905s | update: 0.800s | total: 8.705s | samples/s: 7352
Iteration 0905 | train reward: 85.13 | best: 85.18 | KL: 2.065e-04 | std: 0.5160 | rollout: 7.492s | update: 0.808s | total: 8.300s | samples/s: 7711
Iteration 0906 | train reward: 85.70 | best: 85.70 | KL: 1.774e-04 | std: 0.5156 | rollout: 7.689s | update: 0.789s | total: 8.478s | samples/s: 7549
Iteration 0907 | train reward: 84.52 | best: 85.70 | KL: 1.913e-04 | std: 0.5155 | rollout: 7.165s | update: 0.811s | total: 7.975s | samples/s: 8025
Iteration 0908 | train reward: 84.55 | best: 85.70 | KL: 2.059e-04 | std: 0.5152 | rollout: 6.290s | update: 0.815s | total: 7.105s | samples/s: 9007
Iteration 0909 | train reward: 84.80 | best: 85.70 | KL: 1.798e-04 | std: 0.5153 | rollout: 6.868s | update: 0.762s | total: 7.630s | samples/s: 8388
Iteration 0910 | train reward: 83.14 | best: 85.70 | KL: 1.903e-04 | std: 0.5155 | rollout: 7.207s | update: 0.765s | total: 7.972s | samples/s: 8028
Iteration 0911 | train reward: 84.67 | best: 85.70 | KL: 1.868e-04 | std: 0.5155 | rollout: 6.853s | update: 0.784s | total: 7.637s | samples/s: 8381
Iteration 0912 | train reward: 82.70 | best: 85.70 | KL: 2.176e-04 | std: 0.5155 | rollout: 6.969s | update: 0.786s | total: 7.756s | samples/s: 8252
Iteration 0913 | train reward: 85.29 | best: 85.70 | KL: 1.480e-04 | std: 0.5155 | rollout: 6.494s | update: 0.783s | total: 7.278s | samples/s: 8794
Iteration 0914 | train reward: 84.91 | best: 85.70 | KL: 1.611e-04 | std: 0.5152 | rollout: 7.556s | update: 0.810s | total: 8.366s | samples/s: 7650
Iteration 0915 | train reward: 84.86 | best: 85.70 | KL: 2.210e-04 | std: 0.5152 | rollout: 8.464s | update: 0.899s | total: 9.364s | samples/s: 6835
Iteration 0916 | train reward: 84.57 | best: 85.70 | KL: 1.703e-04 | std: 0.5151 | rollout: 7.405s | update: 0.766s | total: 8.171s | samples/s: 7833
Iteration 0917 | train reward: 83.96 | best: 85.70 | KL: 1.783e-04 | std: 0.5152 | rollout: 7.660s | update: 0.785s | total: 8.445s | samples/s: 7578
Iteration 0918 | train reward: 84.15 | best: 85.70 | KL: 1.887e-04 | std: 0.5152 | rollout: 6.343s | update: 0.772s | total: 7.115s | samples/s: 8995
Iteration 0919 | train reward: 84.31 | best: 85.70 | KL: 1.695e-04 | std: 0.5151 | rollout: 6.037s | update: 0.785s | total: 6.822s | samples/s: 9382
Iteration 0920 | train reward: 84.56 | best: 85.70 | KL: 1.392e-04 | std: 0.5151 | rollout: 6.164s | update: 0.791s | total: 6.955s | samples/s: 9202
Iteration 0921 | train reward: 84.45 | best: 85.70 | KL: 1.646e-04 | std: 0.5141 | rollout: 7.245s | update: 0.773s | total: 8.018s | samples/s: 7982
Iteration 0922 | train reward: 84.77 | best: 85.70 | KL: 1.927e-04 | std: 0.5153 | rollout: 7.099s | update: 0.773s | total: 7.872s | samples/s: 8130
Iteration 0923 | train reward: 84.88 | best: 85.70 | KL: 1.700e-04 | std: 0.5142 | rollout: 7.655s | update: 0.789s | total: 8.444s | samples/s: 7580
Iteration 0924 | train reward: 85.53 | best: 85.70 | KL: 1.529e-04 | std: 0.5152 | rollout: 7.500s | update: 0.804s | total: 8.304s | samples/s: 7707
Iteration 0925 | train reward: 85.01 | best: 85.70 | KL: 2.238e-04 | std: 0.5138 | rollout: 7.876s | update: 0.753s | total: 8.629s | samples/s: 7417
Iteration 0926 | train reward: 85.35 | best: 85.70 | KL: 1.500e-04 | std: 0.5137 | rollout: 6.755s | update: 0.853s | total: 7.608s | samples/s: 8412
Iteration 0927 | train reward: 84.18 | best: 85.70 | KL: 1.883e-04 | std: 0.5133 | rollout: 7.765s | update: 0.769s | total: 8.534s | samples/s: 7499
Iteration 0928 | train reward: 85.18 | best: 85.70 | KL: 1.912e-04 | std: 0.5138 | rollout: 7.425s | update: 0.791s | total: 8.216s | samples/s: 7790
Iteration 0929 | train reward: 85.20 | best: 85.70 | KL: 1.945e-04 | std: 0.5137 | rollout: 6.792s | update: 0.765s | total: 7.557s | samples/s: 8469
Iteration 0930 | train reward: 83.77 | best: 85.70 | KL: 1.543e-04 | std: 0.5132 | rollout: 6.088s | update: 0.766s | total: 6.853s | samples/s: 9338
Iteration 0931 | train reward: 84.86 | best: 85.70 | KL: 1.581e-04 | std: 0.5122 | rollout: 7.473s | update: 0.766s | total: 8.239s | samples/s: 7768
Iteration 0932 | train reward: 85.13 | best: 85.70 | KL: 1.741e-04 | std: 0.5122 | rollout: 7.608s | update: 0.763s | total: 8.371s | samples/s: 7646
Iteration 0933 | train reward: 85.32 | best: 85.70 | KL: 1.989e-04 | std: 0.5121 | rollout: 7.171s | update: 0.756s | total: 7.928s | samples/s: 8073
Iteration 0934 | train reward: 85.03 | best: 85.70 | KL: 1.669e-04 | std: 0.5121 | rollout: 7.557s | update: 0.832s | total: 8.388s | samples/s: 7630
Iteration 0935 | train reward: 85.09 | best: 85.70 | KL: 1.597e-04 | std: 0.5121 | rollout: 7.822s | update: 0.767s | total: 8.589s | samples/s: 7451
Iteration 0936 | train reward: 84.85 | best: 85.70 | KL: 1.765e-04 | std: 0.5132 | rollout: 7.131s | update: 0.815s | total: 7.946s | samples/s: 8055
Iteration 0937 | train reward: 85.70 | best: 85.70 | KL: 1.753e-04 | std: 0.5132 | rollout: 6.836s | update: 0.796s | total: 7.632s | samples/s: 8385
Iteration 0938 | train reward: 83.97 | best: 85.70 | KL: 2.807e-04 | std: 0.5132 | rollout: 6.106s | update: 0.798s | total: 6.903s | samples/s: 9271
Iteration 0939 | train reward: 85.36 | best: 85.70 | KL: 2.171e-04 | std: 0.5117 | rollout: 6.239s | update: 0.780s | total: 7.019s | samples/s: 9118
Iteration 0940 | train reward: 86.49 | best: 86.49 | KL: 2.152e-04 | std: 0.5116 | rollout: 6.919s | update: 0.818s | total: 7.738s | samples/s: 8271
Iteration 0941 | train reward: 86.38 | best: 86.49 | KL: 2.086e-04 | std: 0.5113 | rollout: 7.332s | update: 0.800s | total: 8.132s | samples/s: 7870
Iteration 0942 | train reward: 87.02 | best: 87.02 | KL: 1.414e-04 | std: 0.5113 | rollout: 7.366s | update: 0.820s | total: 8.186s | samples/s: 7818
Iteration 0943 | train reward: 86.34 | best: 87.02 | KL: 1.554e-04 | std: 0.5113 | rollout: 7.200s | update: 0.752s | total: 7.952s | samples/s: 8048
Iteration 0944 | train reward: 85.19 | best: 87.02 | KL: 1.797e-04 | std: 0.5113 | rollout: 7.508s | update: 0.774s | total: 8.282s | samples/s: 7728
Iteration 0945 | train reward: 85.99 | best: 87.02 | KL: 1.629e-04 | std: 0.5112 | rollout: 7.594s | update: 0.789s | total: 8.383s | samples/s: 7635
Iteration 0946 | train reward: 86.66 | best: 87.02 | KL: 1.765e-04 | std: 0.5112 | rollout: 6.995s | update: 0.764s | total: 7.759s | samples/s: 8249
Iteration 0947 | train reward: 86.39 | best: 87.02 | KL: 1.641e-04 | std: 0.5102 | rollout: 7.089s | update: 0.757s | total: 7.846s | samples/s: 8157
Iteration 0948 | train reward: 85.82 | best: 87.02 | KL: 2.225e-04 | std: 0.5099 | rollout: 7.328s | update: 0.823s | total: 8.151s | samples/s: 7852
Iteration 0949 | train reward: 86.70 | best: 87.02 | KL: 1.541e-04 | std: 0.5098 | rollout: 7.545s | update: 0.761s | total: 8.306s | samples/s: 7705
Iteration 0950 | train reward: 85.95 | best: 87.02 | KL: 2.231e-04 | std: 0.5099 | rollout: 6.943s | update: 0.779s | total: 7.721s | samples/s: 8289
Iteration 0951 | train reward: 85.13 | best: 87.02 | KL: 2.126e-04 | std: 0.5101 | rollout: 6.137s | update: 0.778s | total: 6.915s | samples/s: 9255
Iteration 0952 | train reward: 85.00 | best: 87.02 | KL: 1.991e-04 | std: 0.5102 | rollout: 6.743s | update: 0.801s | total: 7.544s | samples/s: 8484
Iteration 0953 | train reward: 85.79 | best: 87.02 | KL: 2.057e-04 | std: 0.5099 | rollout: 7.019s | update: 0.809s | total: 7.828s | samples/s: 8176
Iteration 0954 | train reward: 86.40 | best: 87.02 | KL: 1.924e-04 | std: 0.5099 | rollout: 7.219s | update: 0.754s | total: 7.973s | samples/s: 8027
Iteration 0955 | train reward: 86.21 | best: 87.02 | KL: 2.471e-04 | std: 0.5098 | rollout: 5.870s | update: 0.776s | total: 6.647s | samples/s: 9629
Iteration 0956 | train reward: 84.61 | best: 87.02 | KL: 2.592e-04 | std: 0.5097 | rollout: 6.059s | update: 0.755s | total: 6.813s | samples/s: 9393
Iteration 0957 | train reward: 85.99 | best: 87.02 | KL: 1.843e-04 | std: 0.5094 | rollout: 7.199s | update: 0.801s | total: 7.999s | samples/s: 8001
Iteration 0958 | train reward: 86.25 | best: 87.02 | KL: 2.399e-04 | std: 0.5082 | rollout: 7.217s | update: 0.767s | total: 7.984s | samples/s: 8016
Iteration 0959 | train reward: 88.22 | best: 88.22 | KL: 1.823e-04 | std: 0.5083 | rollout: 6.474s | update: 0.756s | total: 7.230s | samples/s: 8852
Iteration 0960 | train reward: 86.66 | best: 88.22 | KL: 1.810e-04 | std: 0.5083 | rollout: 6.114s | update: 0.792s | total: 6.907s | samples/s: 9266
Iteration 0961 | train reward: 86.42 | best: 88.22 | KL: 1.730e-04 | std: 0.5094 | rollout: 6.458s | update: 0.767s | total: 7.225s | samples/s: 8858
Iteration 0962 | train reward: 87.85 | best: 88.22 | KL: 2.387e-04 | std: 0.5093 | rollout: 6.503s | update: 0.760s | total: 7.263s | samples/s: 8812
Iteration 0963 | train reward: 86.64 | best: 88.22 | KL: 1.908e-04 | std: 0.5082 | rollout: 7.087s | update: 0.784s | total: 7.871s | samples/s: 8132
Iteration 0964 | train reward: 87.40 | best: 88.22 | KL: 2.282e-04 | std: 0.5082 | rollout: 7.362s | update: 0.764s | total: 8.126s | samples/s: 7876
Iteration 0965 | train reward: 85.77 | best: 88.22 | KL: 2.279e-04 | std: 0.5082 | rollout: 6.839s | update: 0.766s | total: 7.605s | samples/s: 8415
Iteration 0966 | train reward: 86.31 | best: 88.22 | KL: 1.905e-04 | std: 0.5082 | rollout: 7.344s | update: 0.777s | total: 8.121s | samples/s: 7881
Iteration 0967 | train reward: 86.66 | best: 88.22 | KL: 2.101e-04 | std: 0.5082 | rollout: 6.865s | update: 0.771s | total: 7.635s | samples/s: 8382
Iteration 0968 | train reward: 86.44 | best: 88.22 | KL: 1.859e-04 | std: 0.5079 | rollout: 6.980s | update: 0.769s | total: 7.749s | samples/s: 8260
Iteration 0969 | train reward: 87.04 | best: 88.22 | KL: 1.873e-04 | std: 0.5082 | rollout: 6.282s | update: 0.765s | total: 7.047s | samples/s: 9082
Iteration 0970 | train reward: 86.43 | best: 88.22 | KL: 1.773e-04 | std: 0.5079 | rollout: 6.039s | update: 0.771s | total: 6.811s | samples/s: 9397
Iteration 0971 | train reward: 86.63 | best: 88.22 | KL: 2.261e-04 | std: 0.5082 | rollout: 7.705s | update: 0.761s | total: 8.466s | samples/s: 7559
Iteration 0972 | train reward: 85.48 | best: 88.22 | KL: 2.211e-04 | std: 0.5078 | rollout: 6.986s | update: 0.794s | total: 7.780s | samples/s: 8227
Iteration 0973 | train reward: 87.20 | best: 88.22 | KL: 1.883e-04 | std: 0.5078 | rollout: 7.629s | update: 0.779s | total: 8.408s | samples/s: 7612
Iteration 0974 | train reward: 86.58 | best: 88.22 | KL: 1.871e-04 | std: 0.5077 | rollout: 7.817s | update: 0.788s | total: 8.605s | samples/s: 7438
Iteration 0975 | train reward: 87.53 | best: 88.22 | KL: 2.575e-04 | std: 0.5077 | rollout: 7.615s | update: 0.779s | total: 8.394s | samples/s: 7625
Iteration 0976 | train reward: 87.59 | best: 88.22 | KL: 1.737e-04 | std: 0.5078 | rollout: 7.564s | update: 0.808s | total: 8.372s | samples/s: 7645
Iteration 0977 | train reward: 87.64 | best: 88.22 | KL: 2.887e-04 | std: 0.5078 | rollout: 6.458s | update: 0.768s | total: 7.226s | samples/s: 8857
Iteration 0978 | train reward: 85.85 | best: 88.22 | KL: 2.451e-04 | std: 0.5077 | rollout: 6.420s | update: 0.766s | total: 7.186s | samples/s: 8907
Iteration 0979 | train reward: 87.36 | best: 88.22 | KL: 2.602e-04 | std: 0.5078 | rollout: 6.022s | update: 0.761s | total: 6.783s | samples/s: 9435
Iteration 0980 | train reward: 86.66 | best: 88.22 | KL: 2.376e-04 | std: 0.5077 | rollout: 7.498s | update: 0.776s | total: 8.273s | samples/s: 7736
Iteration 0981 | train reward: 87.14 | best: 88.22 | KL: 2.225e-04 | std: 0.5074 | rollout: 6.907s | update: 0.789s | total: 7.696s | samples/s: 8316
Iteration 0982 | train reward: 86.92 | best: 88.22 | KL: 1.763e-04 | std: 0.5062 | rollout: 6.925s | update: 0.802s | total: 7.727s | samples/s: 8283
Iteration 0983 | train reward: 87.21 | best: 88.22 | KL: 1.750e-04 | std: 0.5073 | rollout: 6.380s | update: 0.765s | total: 7.145s | samples/s: 8957
Iteration 0984 | train reward: 86.59 | best: 88.22 | KL: 2.146e-04 | std: 0.5063 | rollout: 7.265s | update: 0.859s | total: 8.124s | samples/s: 7878
Iteration 0985 | train reward: 86.13 | best: 88.22 | KL: 2.181e-04 | std: 0.5060 | rollout: 7.663s | update: 0.763s | total: 8.426s | samples/s: 7595
Iteration 0986 | train reward: 87.66 | best: 88.22 | KL: 1.870e-04 | std: 0.5060 | rollout: 6.119s | update: 0.788s | total: 6.907s | samples/s: 9266
Iteration 0987 | train reward: 87.70 | best: 88.22 | KL: 2.063e-04 | std: 0.5060 | rollout: 6.350s | update: 0.805s | total: 7.155s | samples/s: 8945
Iteration 0988 | train reward: 86.42 | best: 88.22 | KL: 1.879e-04 | std: 0.5059 | rollout: 6.147s | update: 0.810s | total: 6.957s | samples/s: 9199
Iteration 0989 | train reward: 87.28 | best: 88.22 | KL: 2.229e-04 | std: 0.5057 | rollout: 6.472s | update: 0.767s | total: 7.239s | samples/s: 8841
Iteration 0990 | train reward: 87.88 | best: 88.22 | KL: 2.005e-04 | std: 0.5054 | rollout: 7.092s | update: 0.791s | total: 7.883s | samples/s: 8119
Iteration 0991 | train reward: 87.53 | best: 88.22 | KL: 2.229e-04 | std: 0.5044 | rollout: 6.248s | update: 0.809s | total: 7.057s | samples/s: 9069
Iteration 0992 | train reward: 87.75 | best: 88.22 | KL: 2.193e-04 | std: 0.5043 | rollout: 6.376s | update: 0.771s | total: 7.147s | samples/s: 8954
Iteration 0993 | train reward: 86.62 | best: 88.22 | KL: 2.317e-04 | std: 0.5043 | rollout: 6.204s | update: 0.802s | total: 7.006s | samples/s: 9135
Iteration 0994 | train reward: 87.38 | best: 88.22 | KL: 2.178e-04 | std: 0.5054 | rollout: 6.429s | update: 0.777s | total: 7.207s | samples/s: 8881
Iteration 0995 | train reward: 86.91 | best: 88.22 | KL: 2.054e-04 | std: 0.5054 | rollout: 6.725s | update: 0.786s | total: 7.511s | samples/s: 8521
Iteration 0996 | train reward: 86.71 | best: 88.22 | KL: 2.728e-04 | std: 0.5043 | rollout: 7.702s | update: 0.805s | total: 8.506s | samples/s: 7524
Iteration 0997 | train reward: 86.92 | best: 88.22 | KL: 1.832e-04 | std: 0.5040 | rollout: 7.552s | update: 0.809s | total: 8.361s | samples/s: 7654
Iteration 0998 | train reward: 86.72 | best: 88.22 | KL: 1.982e-04 | std: 0.5039 | rollout: 6.882s | update: 0.779s | total: 7.661s | samples/s: 8354
Iteration 0999 | train reward: 87.32 | best: 88.22 | KL: 1.827e-04 | std: 0.5038 | rollout: 6.106s | update: 0.862s | total: 6.968s | samples/s: 9185
Iteration 1000 | train reward: 86.30 | best: 88.22 | KL: 1.881e-04 | std: 0.5038 | rollout: 6.094s | update: 0.753s | total: 6.848s | samples/s: 9346
Iteration 1001 | train reward: 88.15 | best: 88.22 | KL: 1.746e-04 | std: 0.5035 | rollout: 7.006s | update: 0.829s | total: 7.834s | samples/s: 8169
Iteration 1002 | train reward: 86.77 | best: 88.22 | KL: 2.474e-04 | std: 0.5035 | rollout: 7.377s | update: 0.819s | total: 8.196s | samples/s: 7808
Iteration 1003 | train reward: 87.89 | best: 88.22 | KL: 1.730e-04 | std: 0.5035 | rollout: 7.792s | update: 0.759s | total: 8.551s | samples/s: 7484
Iteration 1004 | train reward: 86.30 | best: 88.22 | KL: 1.732e-04 | std: 0.5024 | rollout: 6.927s | update: 0.757s | total: 7.684s | samples/s: 8329
Iteration 1005 | train reward: 87.87 | best: 88.22 | KL: 1.778e-04 | std: 0.5024 | rollout: 6.832s | update: 0.807s | total: 7.639s | samples/s: 8378
Iteration 1006 | train reward: 87.10 | best: 88.22 | KL: 2.017e-04 | std: 0.5034 | rollout: 7.467s | update: 0.819s | total: 8.287s | samples/s: 7723
Iteration 1007 | train reward: 86.04 | best: 88.22 | KL: 2.195e-04 | std: 0.5035 | rollout: 7.428s | update: 0.779s | total: 8.207s | samples/s: 7798
Iteration 1008 | train reward: 86.68 | best: 88.22 | KL: 1.795e-04 | std: 0.5024 | rollout: 7.404s | update: 0.783s | total: 8.187s | samples/s: 7818
Iteration 1009 | train reward: 87.01 | best: 88.22 | KL: 1.656e-04 | std: 0.5034 | rollout: 7.531s | update: 0.772s | total: 8.303s | samples/s: 7708
Iteration 1010 | train reward: 86.75 | best: 88.22 | KL: 2.397e-04 | std: 0.5034 | rollout: 7.378s | update: 0.763s | total: 8.140s | samples/s: 7862
Iteration 1011 | train reward: 88.35 | best: 88.35 | KL: 1.809e-04 | std: 0.5023 | rollout: 6.695s | update: 0.767s | total: 7.462s | samples/s: 8576
Iteration 1012 | train reward: 86.17 | best: 88.35 | KL: 1.956e-04 | std: 0.5024 | rollout: 6.182s | update: 0.766s | total: 6.948s | samples/s: 9212
Iteration 1013 | train reward: 87.17 | best: 88.35 | KL: 2.083e-04 | std: 0.5023 | rollout: 6.617s | update: 0.760s | total: 7.376s | samples/s: 8677
Iteration 1014 | train reward: 86.52 | best: 88.35 | KL: 2.414e-04 | std: 0.5020 | rollout: 6.849s | update: 0.766s | total: 7.615s | samples/s: 8405
Iteration 1015 | train reward: 87.38 | best: 88.35 | KL: 1.920e-04 | std: 0.5019 | rollout: 7.346s | update: 0.807s | total: 8.153s | samples/s: 7850
Iteration 1016 | train reward: 87.01 | best: 88.35 | KL: 1.982e-04 | std: 0.5019 | rollout: 6.524s | update: 0.766s | total: 7.291s | samples/s: 8778
Iteration 1017 | train reward: 88.24 | best: 88.35 | KL: 1.865e-04 | std: 0.5018 | rollout: 7.122s | update: 0.764s | total: 7.886s | samples/s: 8115
Iteration 1018 | train reward: 87.79 | best: 88.35 | KL: 2.223e-04 | std: 0.5016 | rollout: 7.794s | update: 0.782s | total: 8.577s | samples/s: 7462
Iteration 1019 | train reward: 87.20 | best: 88.35 | KL: 1.946e-04 | std: 0.5019 | rollout: 6.941s | update: 0.789s | total: 7.730s | samples/s: 8280
Iteration 1020 | train reward: 87.90 | best: 88.35 | KL: 2.139e-04 | std: 0.5016 | rollout: 7.177s | update: 0.774s | total: 7.951s | samples/s: 8050
Iteration 1021 | train reward: 86.59 | best: 88.35 | KL: 2.683e-04 | std: 0.5015 | rollout: 7.070s | update: 0.790s | total: 7.860s | samples/s: 8142
Iteration 1022 | train reward: 88.63 | best: 88.63 | KL: 2.448e-04 | std: 0.5018 | rollout: 7.085s | update: 0.822s | total: 7.907s | samples/s: 8094
Iteration 1023 | train reward: 87.35 | best: 88.63 | KL: 2.507e-04 | std: 0.5016 | rollout: 6.592s | update: 0.775s | total: 7.368s | samples/s: 8687
Iteration 1024 | train reward: 88.66 | best: 88.66 | KL: 2.312e-04 | std: 0.5015 | rollout: 6.063s | update: 0.763s | total: 6.826s | samples/s: 9376
Iteration 1025 | train reward: 88.82 | best: 88.82 | KL: 2.001e-04 | std: 0.5016 | rollout: 6.023s | update: 0.770s | total: 6.793s | samples/s: 9421
Iteration 1026 | train reward: 89.36 | best: 89.36 | KL: 1.928e-04 | std: 0.5015 | rollout: 6.945s | update: 0.807s | total: 7.753s | samples/s: 8255
Iteration 1027 | train reward: 87.96 | best: 89.36 | KL: 2.433e-04 | std: 0.5015 | rollout: 7.124s | update: 0.777s | total: 7.901s | samples/s: 8100
Iteration 1028 | train reward: 87.68 | best: 89.36 | KL: 2.264e-04 | std: 0.5005 | rollout: 7.465s | update: 0.798s | total: 8.264s | samples/s: 7745
Iteration 1029 | train reward: 87.16 | best: 89.36 | KL: 2.276e-04 | std: 0.5001 | rollout: 6.778s | update: 0.786s | total: 7.563s | samples/s: 8462
Iteration 1030 | train reward: 86.95 | best: 89.36 | KL: 2.758e-04 | std: 0.5001 | rollout: 6.216s | update: 0.799s | total: 7.015s | samples/s: 9123
Iteration 1031 | train reward: 88.43 | best: 89.36 | KL: 2.209e-04 | std: 0.5000 | rollout: 7.022s | update: 0.761s | total: 7.783s | samples/s: 8223
Iteration 1032 | train reward: 87.84 | best: 89.36 | KL: 2.176e-04 | std: 0.5000 | rollout: 7.214s | update: 0.777s | total: 7.991s | samples/s: 8009
Iteration 1033 | train reward: 88.57 | best: 89.36 | KL: 1.901e-04 | std: 0.4999 | rollout: 7.197s | update: 0.785s | total: 7.982s | samples/s: 8018
Iteration 1034 | train reward: 87.92 | best: 89.36 | KL: 2.370e-04 | std: 0.4995 | rollout: 6.465s | update: 0.777s | total: 7.242s | samples/s: 8837
Iteration 1035 | train reward: 87.21 | best: 89.36 | KL: 2.524e-04 | std: 0.4996 | rollout: 7.290s | update: 0.781s | total: 8.071s | samples/s: 7930
Iteration 1036 | train reward: 88.81 | best: 89.36 | KL: 1.920e-04 | std: 0.5000 | rollout: 7.029s | update: 0.757s | total: 7.786s | samples/s: 8220
Iteration 1037 | train reward: 88.12 | best: 89.36 | KL: 2.000e-04 | std: 0.4995 | rollout: 6.893s | update: 0.783s | total: 7.676s | samples/s: 8338
Iteration 1038 | train reward: 88.05 | best: 89.36 | KL: 1.922e-04 | std: 0.4985 | rollout: 6.958s | update: 0.828s | total: 7.785s | samples/s: 8221
Iteration 1039 | train reward: 88.04 | best: 89.36 | KL: 2.060e-04 | std: 0.4985 | rollout: 7.157s | update: 0.773s | total: 7.931s | samples/s: 8070
Iteration 1040 | train reward: 87.25 | best: 89.36 | KL: 1.956e-04 | std: 0.4985 | rollout: 6.988s | update: 0.754s | total: 7.742s | samples/s: 8266
Iteration 1041 | train reward: 87.68 | best: 89.36 | KL: 1.983e-04 | std: 0.4995 | rollout: 6.691s | update: 0.787s | total: 7.478s | samples/s: 8559
Iteration 1042 | train reward: 87.66 | best: 89.36 | KL: 2.349e-04 | std: 0.4985 | rollout: 8.404s | update: 0.768s | total: 9.172s | samples/s: 6978
Iteration 1043 | train reward: 88.07 | best: 89.36 | KL: 2.007e-04 | std: 0.4996 | rollout: 6.874s | update: 0.790s | total: 7.665s | samples/s: 8350
Iteration 1044 | train reward: 87.38 | best: 89.36 | KL: 2.042e-04 | std: 0.4996 | rollout: 6.176s | update: 0.752s | total: 6.929s | samples/s: 9237
Iteration 1045 | train reward: 87.30 | best: 89.36 | KL: 2.069e-04 | std: 0.4996 | rollout: 7.423s | update: 0.768s | total: 8.191s | samples/s: 7814
Iteration 1046 | train reward: 87.37 | best: 89.36 | KL: 1.870e-04 | std: 0.4999 | rollout: 6.562s | update: 0.782s | total: 7.344s | samples/s: 8715
Iteration 1047 | train reward: 89.45 | best: 89.45 | KL: 1.906e-04 | std: 0.4999 | rollout: 7.260s | update: 0.791s | total: 8.052s | samples/s: 7949
Iteration 1048 | train reward: 89.19 | best: 89.45 | KL: 2.017e-04 | std: 0.5000 | rollout: 7.480s | update: 0.765s | total: 8.245s | samples/s: 7763
Iteration 1049 | train reward: 89.42 | best: 89.45 | KL: 2.028e-04 | std: 0.5000 | rollout: 7.475s | update: 0.795s | total: 8.269s | samples/s: 7740
Iteration 1050 | train reward: 88.66 | best: 89.45 | KL: 2.029e-04 | std: 0.5000 | rollout: 7.795s | update: 0.764s | total: 8.559s | samples/s: 7478
Iteration 1051 | train reward: 89.05 | best: 89.45 | KL: 2.153e-04 | std: 0.4995 | rollout: 7.616s | update: 0.767s | total: 8.382s | samples/s: 7635
Iteration 1052 | train reward: 87.98 | best: 89.45 | KL: 1.629e-04 | std: 0.4985 | rollout: 7.256s | update: 0.791s | total: 8.047s | samples/s: 7954
Iteration 1053 | train reward: 87.99 | best: 89.45 | KL: 2.178e-04 | std: 0.4984 | rollout: 7.683s | update: 0.770s | total: 8.453s | samples/s: 7572
Iteration 1054 | train reward: 89.05 | best: 89.45 | KL: 2.198e-04 | std: 0.4981 | rollout: 7.415s | update: 0.763s | total: 8.177s | samples/s: 7826
Iteration 1055 | train reward: 88.67 | best: 89.45 | KL: 2.195e-04 | std: 0.4980 | rollout: 7.333s | update: 0.773s | total: 8.107s | samples/s: 7895
Iteration 1056 | train reward: 88.14 | best: 89.45 | KL: 1.888e-04 | std: 0.4982 | rollout: 6.770s | update: 0.768s | total: 7.538s | samples/s: 8490
Iteration 1057 | train reward: 88.70 | best: 89.45 | KL: 1.800e-04 | std: 0.4980 | rollout: 6.237s | update: 0.795s | total: 7.032s | samples/s: 9101
Iteration 1058 | train reward: 87.92 | best: 89.45 | KL: 2.239e-04 | std: 0.4980 | rollout: 6.086s | update: 0.804s | total: 6.890s | samples/s: 9288
Iteration 1059 | train reward: 89.11 | best: 89.45 | KL: 1.878e-04 | std: 0.4977 | rollout: 7.127s | update: 0.785s | total: 7.912s | samples/s: 8089
Iteration 1060 | train reward: 89.26 | best: 89.45 | KL: 1.935e-04 | std: 0.4976 | rollout: 6.906s | update: 0.776s | total: 7.682s | samples/s: 8331
Iteration 1061 | train reward: 88.46 | best: 89.45 | KL: 1.716e-04 | std: 0.4976 | rollout: 6.733s | update: 0.747s | total: 7.480s | samples/s: 8556
Iteration 1062 | train reward: 89.01 | best: 89.45 | KL: 2.258e-04 | std: 0.4976 | rollout: 6.054s | update: 0.721s | total: 6.776s | samples/s: 9445
Iteration 1063 | train reward: 88.02 | best: 89.45 | KL: 1.906e-04 | std: 0.4979 | rollout: 6.025s | update: 0.721s | total: 6.746s | samples/s: 9487
Iteration 1064 | train reward: 88.62 | best: 89.45 | KL: 2.823e-04 | std: 0.4979 | rollout: 6.043s | update: 0.733s | total: 6.776s | samples/s: 9446
Iteration 1065 | train reward: 88.31 | best: 89.45 | KL: 1.936e-04 | std: 0.4980 | rollout: 6.438s | update: 0.737s | total: 7.175s | samples/s: 8920
Iteration 1066 | train reward: 88.10 | best: 89.45 | KL: 2.636e-04 | std: 0.4981 | rollout: 6.199s | update: 0.752s | total: 6.951s | samples/s: 9207
Iteration 1067 | train reward: 87.82 | best: 89.45 | KL: 2.023e-04 | std: 0.4980 | rollout: 7.187s | update: 0.753s | total: 7.940s | samples/s: 8061
Iteration 1068 | train reward: 87.68 | best: 89.45 | KL: 2.289e-04 | std: 0.4980 | rollout: 7.486s | update: 0.721s | total: 8.207s | samples/s: 7798
Iteration 1069 | train reward: 88.58 | best: 89.45 | KL: 2.020e-04 | std: 0.4980 | rollout: 7.612s | update: 0.773s | total: 8.385s | samples/s: 7633
Iteration 1070 | train reward: 89.06 | best: 89.45 | KL: 2.147e-04 | std: 0.4979 | rollout: 7.015s | update: 0.730s | total: 7.744s | samples/s: 8264
Iteration 1071 | train reward: 88.57 | best: 89.45 | KL: 2.599e-04 | std: 0.4979 | rollout: 6.044s | update: 0.735s | total: 6.780s | samples/s: 9440
Iteration 1072 | train reward: 89.52 | best: 89.52 | KL: 2.286e-04 | std: 0.4981 | rollout: 6.048s | update: 0.756s | total: 6.805s | samples/s: 9405
Iteration 1073 | train reward: 87.51 | best: 89.52 | KL: 2.078e-04 | std: 0.4980 | rollout: 6.312s | update: 0.780s | total: 7.093s | samples/s: 9023
Iteration 1074 | train reward: 89.27 | best: 89.52 | KL: 2.191e-04 | std: 0.4981 | rollout: 7.474s | update: 0.743s | total: 8.217s | samples/s: 7789
Iteration 1075 | train reward: 88.20 | best: 89.52 | KL: 2.245e-04 | std: 0.4984 | rollout: 7.630s | update: 0.742s | total: 8.372s | samples/s: 7645
Iteration 1076 | train reward: 89.41 | best: 89.52 | KL: 2.176e-04 | std: 0.4982 | rollout: 7.242s | update: 0.733s | total: 7.975s | samples/s: 8025
Iteration 1077 | train reward: 89.47 | best: 89.52 | KL: 1.937e-04 | std: 0.4981 | rollout: 7.825s | update: 0.814s | total: 8.639s | samples/s: 7408
Iteration 1078 | train reward: 89.90 | best: 89.90 | KL: 2.508e-04 | std: 0.4979 | rollout: 7.325s | update: 0.758s | total: 8.083s | samples/s: 7918
Iteration 1079 | train reward: 88.57 | best: 89.90 | KL: 2.354e-04 | std: 0.4980 | rollout: 6.517s | update: 0.768s | total: 7.285s | samples/s: 8785
Iteration 1080 | train reward: 89.56 | best: 89.90 | KL: 2.305e-04 | std: 0.4979 | rollout: 6.908s | update: 0.775s | total: 7.683s | samples/s: 8330
Iteration 1081 | train reward: 89.31 | best: 89.90 | KL: 2.152e-04 | std: 0.4965 | rollout: 7.275s | update: 0.781s | total: 8.056s | samples/s: 7944
Iteration 1082 | train reward: 88.66 | best: 89.90 | KL: 2.148e-04 | std: 0.4962 | rollout: 6.081s | update: 0.776s | total: 6.857s | samples/s: 9334
Iteration 1083 | train reward: 89.65 | best: 89.90 | KL: 2.328e-04 | std: 0.4962 | rollout: 6.286s | update: 0.762s | total: 7.048s | samples/s: 9081
Iteration 1084 | train reward: 89.96 | best: 89.96 | KL: 1.818e-04 | std: 0.4962 | rollout: 6.300s | update: 0.812s | total: 7.112s | samples/s: 8999
Iteration 1085 | train reward: 88.96 | best: 89.96 | KL: 1.813e-04 | std: 0.4961 | rollout: 6.293s | update: 0.781s | total: 7.074s | samples/s: 9048
Iteration 1086 | train reward: 88.92 | best: 89.96 | KL: 2.103e-04 | std: 0.4960 | rollout: 6.532s | update: 0.829s | total: 7.361s | samples/s: 8694
Iteration 1087 | train reward: 90.05 | best: 90.05 | KL: 2.093e-04 | std: 0.4946 | rollout: 6.819s | update: 0.773s | total: 7.592s | samples/s: 8430
Iteration 1088 | train reward: 89.31 | best: 90.05 | KL: 2.168e-04 | std: 0.4946 | rollout: 7.123s | update: 0.800s | total: 7.923s | samples/s: 8077
Iteration 1089 | train reward: 90.46 | best: 90.46 | KL: 1.812e-04 | std: 0.4942 | rollout: 6.524s | update: 0.802s | total: 7.326s | samples/s: 8737
Iteration 1090 | train reward: 89.35 | best: 90.46 | KL: 1.928e-04 | std: 0.4945 | rollout: 7.337s | update: 0.766s | total: 8.103s | samples/s: 7899
Iteration 1091 | train reward: 88.81 | best: 90.46 | KL: 2.592e-04 | std: 0.4941 | rollout: 7.127s | update: 0.757s | total: 7.884s | samples/s: 8117
Iteration 1092 | train reward: 89.92 | best: 90.46 | KL: 1.765e-04 | std: 0.4940 | rollout: 7.530s | update: 0.763s | total: 8.293s | samples/s: 7717
Iteration 1093 | train reward: 90.60 | best: 90.60 | KL: 2.019e-04 | std: 0.4937 | rollout: 6.031s | update: 0.778s | total: 6.810s | samples/s: 9398
Iteration 1094 | train reward: 88.90 | best: 90.60 | KL: 2.156e-04 | std: 0.4940 | rollout: 6.100s | update: 0.764s | total: 6.864s | samples/s: 9324
Iteration 1095 | train reward: 90.23 | best: 90.60 | KL: 2.004e-04 | std: 0.4936 | rollout: 6.240s | update: 0.758s | total: 6.998s | samples/s: 9146
Iteration 1096 | train reward: 89.22 | best: 90.60 | KL: 1.961e-04 | std: 0.4926 | rollout: 5.987s | update: 0.816s | total: 6.802s | samples/s: 9408
Iteration 1097 | train reward: 89.77 | best: 90.60 | KL: 2.385e-04 | std: 0.4923 | rollout: 7.356s | update: 0.792s | total: 8.149s | samples/s: 7854
Iteration 1098 | train reward: 90.68 | best: 90.68 | KL: 2.565e-04 | std: 0.4922 | rollout: 8.048s | update: 0.764s | total: 8.812s | samples/s: 7263
Iteration 1099 | train reward: 90.29 | best: 90.68 | KL: 1.916e-04 | std: 0.4922 | rollout: 6.097s | update: 0.757s | total: 6.854s | samples/s: 9338
Iteration 1100 | train reward: 90.70 | best: 90.70 | KL: 2.180e-04 | std: 0.4922 | rollout: 6.402s | update: 0.783s | total: 7.185s | samples/s: 8907
Iteration 1101 | train reward: 90.12 | best: 90.70 | KL: 2.477e-04 | std: 0.4918 | rollout: 8.189s | update: 0.787s | total: 8.975s | samples/s: 7131
Iteration 1102 | train reward: 90.38 | best: 90.70 | KL: 2.349e-04 | std: 0.4918 | rollout: 6.798s | update: 0.885s | total: 7.683s | samples/s: 8330
Iteration 1103 | train reward: 90.68 | best: 90.70 | KL: 1.926e-04 | std: 0.4921 | rollout: 6.830s | update: 0.768s | total: 7.598s | samples/s: 8423
Iteration 1104 | train reward: 90.44 | best: 90.70 | KL: 2.331e-04 | std: 0.4917 | rollout: 7.238s | update: 0.768s | total: 8.006s | samples/s: 7994
Iteration 1105 | train reward: 89.80 | best: 90.70 | KL: 2.165e-04 | std: 0.4917 | rollout: 7.273s | update: 0.851s | total: 8.124s | samples/s: 7878
Iteration 1106 | train reward: 90.02 | best: 90.70 | KL: 2.596e-04 | std: 0.4906 | rollout: 7.699s | update: 0.786s | total: 8.486s | samples/s: 7542
Iteration 1107 | train reward: 91.13 | best: 91.13 | KL: 2.135e-04 | std: 0.4906 | rollout: 7.337s | update: 0.814s | total: 8.152s | samples/s: 7851
Iteration 1108 | train reward: 90.80 | best: 91.13 | KL: 1.730e-04 | std: 0.4906 | rollout: 7.602s | update: 0.774s | total: 8.376s | samples/s: 7641
Iteration 1109 | train reward: 90.88 | best: 91.13 | KL: 2.491e-04 | std: 0.4917 | rollout: 7.259s | update: 0.769s | total: 8.028s | samples/s: 7972
Iteration 1110 | train reward: 90.13 | best: 91.13 | KL: 2.405e-04 | std: 0.4922 | rollout: 7.359s | update: 0.848s | total: 8.206s | samples/s: 7799
Iteration 1111 | train reward: 90.61 | best: 91.13 | KL: 1.860e-04 | std: 0.4922 | rollout: 6.747s | update: 0.785s | total: 7.532s | samples/s: 8497
Iteration 1112 | train reward: 89.97 | best: 91.13 | KL: 2.202e-04 | std: 0.4922 | rollout: 6.143s | update: 0.766s | total: 6.910s | samples/s: 9263
Iteration 1113 | train reward: 88.47 | best: 91.13 | KL: 1.849e-04 | std: 0.4926 | rollout: 6.054s | update: 0.769s | total: 6.823s | samples/s: 9380
Iteration 1114 | train reward: 90.40 | best: 91.13 | KL: 2.023e-04 | std: 0.4927 | rollout: 6.831s | update: 0.790s | total: 7.621s | samples/s: 8398
Iteration 1115 | train reward: 89.66 | best: 91.13 | KL: 2.278e-04 | std: 0.4923 | rollout: 7.637s | update: 0.793s | total: 8.431s | samples/s: 7591
Iteration 1116 | train reward: 90.32 | best: 91.13 | KL: 1.788e-04 | std: 0.4926 | rollout: 8.120s | update: 0.766s | total: 8.887s | samples/s: 7202
Iteration 1117 | train reward: 89.58 | best: 91.13 | KL: 1.934e-04 | std: 0.4927 | rollout: 8.006s | update: 0.802s | total: 8.808s | samples/s: 7266
Iteration 1118 | train reward: 91.11 | best: 91.13 | KL: 1.913e-04 | std: 0.4937 | rollout: 7.120s | update: 0.812s | total: 7.931s | samples/s: 8069
Iteration 1119 | train reward: 90.55 | best: 91.13 | KL: 2.315e-04 | std: 0.4937 | rollout: 7.395s | update: 0.806s | total: 8.201s | samples/s: 7804
Iteration 1120 | train reward: 90.18 | best: 91.13 | KL: 2.063e-04 | std: 0.4938 | rollout: 8.162s | update: 0.776s | total: 8.938s | samples/s: 7160
Iteration 1121 | train reward: 91.04 | best: 91.13 | KL: 1.684e-04 | std: 0.4937 | rollout: 7.367s | update: 0.788s | total: 8.155s | samples/s: 7848
Iteration 1122 | train reward: 91.33 | best: 91.33 | KL: 2.741e-04 | std: 0.4926 | rollout: 7.475s | update: 0.762s | total: 8.236s | samples/s: 7770
Iteration 1123 | train reward: 90.25 | best: 91.33 | KL: 2.608e-04 | std: 0.4926 | rollout: 6.820s | update: 0.782s | total: 7.601s | samples/s: 8420
Iteration 1124 | train reward: 89.84 | best: 91.33 | KL: 1.825e-04 | std: 0.4922 | rollout: 7.509s | update: 0.795s | total: 8.304s | samples/s: 7707
Iteration 1125 | train reward: 90.31 | best: 91.33 | KL: 1.901e-04 | std: 0.4922 | rollout: 7.427s | update: 0.783s | total: 8.210s | samples/s: 7796
Iteration 1126 | train reward: 90.48 | best: 91.33 | KL: 2.201e-04 | std: 0.4921 | rollout: 7.194s | update: 0.763s | total: 7.957s | samples/s: 8043
Iteration 1127 | train reward: 90.49 | best: 91.33 | KL: 3.076e-04 | std: 0.4918 | rollout: 8.440s | update: 0.752s | total: 9.192s | samples/s: 6963
Iteration 1128 | train reward: 90.74 | best: 91.33 | KL: 2.363e-04 | std: 0.4918 | rollout: 7.467s | update: 0.757s | total: 8.224s | samples/s: 7783
Iteration 1129 | train reward: 90.76 | best: 91.33 | KL: 2.228e-04 | std: 0.4918 | rollout: 7.760s | update: 0.759s | total: 8.520s | samples/s: 7512
Iteration 1130 | train reward: 90.91 | best: 91.33 | KL: 2.499e-04 | std: 0.4922 | rollout: 7.478s | update: 0.767s | total: 8.245s | samples/s: 7763
Iteration 1131 | train reward: 91.20 | best: 91.33 | KL: 2.241e-04 | std: 0.4922 | rollout: 6.439s | update: 0.765s | total: 7.204s | samples/s: 8884
Iteration 1132 | train reward: 91.42 | best: 91.42 | KL: 2.357e-04 | std: 0.4922 | rollout: 8.444s | update: 0.803s | total: 9.247s | samples/s: 6922
Iteration 1133 | train reward: 90.37 | best: 91.42 | KL: 2.139e-04 | std: 0.4922 | rollout: 8.292s | update: 0.756s | total: 9.048s | samples/s: 7074
Iteration 1134 | train reward: 90.76 | best: 91.42 | KL: 2.349e-04 | std: 0.4922 | rollout: 6.541s | update: 0.780s | total: 7.320s | samples/s: 8743
Iteration 1135 | train reward: 90.11 | best: 91.42 | KL: 2.265e-04 | std: 0.4922 | rollout: 6.447s | update: 0.764s | total: 7.211s | samples/s: 8875
Iteration 1136 | train reward: 90.39 | best: 91.42 | KL: 2.656e-04 | std: 0.4923 | rollout: 5.999s | update: 0.771s | total: 6.770s | samples/s: 9454
Iteration 1137 | train reward: 90.44 | best: 91.42 | KL: 2.346e-04 | std: 0.4926 | rollout: 6.315s | update: 0.769s | total: 7.083s | samples/s: 9035
Iteration 1138 | train reward: 91.27 | best: 91.42 | KL: 2.144e-04 | std: 0.4926 | rollout: 6.152s | update: 0.772s | total: 6.924s | samples/s: 9243
Iteration 1139 | train reward: 91.17 | best: 91.42 | KL: 2.026e-04 | std: 0.4927 | rollout: 6.164s | update: 0.800s | total: 6.964s | samples/s: 9190
Iteration 1140 | train reward: 91.07 | best: 91.42 | KL: 2.094e-04 | std: 0.4926 | rollout: 6.453s | update: 0.793s | total: 7.245s | samples/s: 8833
Iteration 1141 | train reward: 91.30 | best: 91.42 | KL: 1.946e-04 | std: 0.4927 | rollout: 6.039s | update: 0.771s | total: 6.810s | samples/s: 9398
Iteration 1142 | train reward: 90.76 | best: 91.42 | KL: 2.873e-04 | std: 0.4938 | rollout: 7.303s | update: 0.761s | total: 8.064s | samples/s: 7937
Iteration 1143 | train reward: 90.04 | best: 91.42 | KL: 2.665e-04 | std: 0.4927 | rollout: 7.392s | update: 0.852s | total: 8.245s | samples/s: 7762
Iteration 1144 | train reward: 91.50 | best: 91.50 | KL: 2.412e-04 | std: 0.4926 | rollout: 7.553s | update: 0.794s | total: 8.347s | samples/s: 7667
Iteration 1145 | train reward: 91.18 | best: 91.50 | KL: 2.316e-04 | std: 0.4926 | rollout: 6.828s | update: 0.776s | total: 7.604s | samples/s: 8417
Iteration 1146 | train reward: 90.55 | best: 91.50 | KL: 3.027e-04 | std: 0.4927 | rollout: 7.217s | update: 0.819s | total: 8.036s | samples/s: 7964
Iteration 1147 | train reward: 89.67 | best: 91.50 | KL: 2.552e-04 | std: 0.4926 | rollout: 7.315s | update: 0.776s | total: 8.091s | samples/s: 7910
Iteration 1148 | train reward: 90.91 | best: 91.50 | KL: 2.119e-04 | std: 0.4936 | rollout: 7.580s | update: 0.757s | total: 8.337s | samples/s: 7677
Iteration 1149 | train reward: 90.73 | best: 91.50 | KL: 2.983e-04 | std: 0.4926 | rollout: 7.330s | update: 0.764s | total: 8.094s | samples/s: 7907
Iteration 1150 | train reward: 90.56 | best: 91.50 | KL: 1.874e-04 | std: 0.4922 | rollout: 7.696s | update: 0.839s | total: 8.535s | samples/s: 7499
Iteration 1151 | train reward: 90.13 | best: 91.50 | KL: 2.576e-04 | std: 0.4917 | rollout: 6.273s | update: 0.804s | total: 7.077s | samples/s: 9043
Iteration 1152 | train reward: 91.13 | best: 91.50 | KL: 2.299e-04 | std: 0.4918 | rollout: 6.109s | update: 0.797s | total: 6.906s | samples/s: 9267
Iteration 1153 | train reward: 89.80 | best: 91.50 | KL: 3.097e-04 | std: 0.4906 | rollout: 6.047s | update: 0.769s | total: 6.816s | samples/s: 9390
Iteration 1154 | train reward: 90.68 | best: 91.50 | KL: 2.554e-04 | std: 0.4903 | rollout: 7.021s | update: 0.844s | total: 7.865s | samples/s: 8137
Iteration 1155 | train reward: 91.50 | best: 91.50 | KL: 2.690e-04 | std: 0.4902 | rollout: 9.072s | update: 0.784s | total: 9.856s | samples/s: 6494
Iteration 1156 | train reward: 91.13 | best: 91.50 | KL: 2.119e-04 | std: 0.4901 | rollout: 8.182s | update: 0.780s | total: 8.961s | samples/s: 7142
Iteration 1157 | train reward: 91.73 | best: 91.73 | KL: 2.264e-04 | std: 0.4899 | rollout: 7.950s | update: 0.780s | total: 8.730s | samples/s: 7331
Iteration 1158 | train reward: 90.64 | best: 91.73 | KL: 2.714e-04 | std: 0.4897 | rollout: 8.239s | update: 0.810s | total: 9.050s | samples/s: 7072
Iteration 1159 | train reward: 89.89 | best: 91.73 | KL: 2.279e-04 | std: 0.4898 | rollout: 7.766s | update: 0.736s | total: 8.502s | samples/s: 7528
Iteration 1160 | train reward: 91.60 | best: 91.73 | KL: 3.063e-04 | std: 0.4884 | rollout: 6.159s | update: 0.762s | total: 6.921s | samples/s: 9247
Iteration 1161 | train reward: 91.23 | best: 91.73 | KL: 2.301e-04 | std: 0.4883 | rollout: 7.802s | update: 0.770s | total: 8.572s | samples/s: 7466
Iteration 1162 | train reward: 91.71 | best: 91.73 | KL: 2.791e-04 | std: 0.4883 | rollout: 6.894s | update: 0.735s | total: 7.629s | samples/s: 8389
Iteration 1163 | train reward: 91.44 | best: 91.73 | KL: 1.948e-04 | std: 0.4887 | rollout: 7.031s | update: 0.747s | total: 7.778s | samples/s: 8229
Iteration 1164 | train reward: 91.96 | best: 91.96 | KL: 3.220e-04 | std: 0.4887 | rollout: 7.472s | update: 0.757s | total: 8.229s | samples/s: 7778
Iteration 1165 | train reward: 89.99 | best: 91.96 | KL: 3.521e-04 | std: 0.4897 | rollout: 7.954s | update: 0.732s | total: 8.686s | samples/s: 7368
Iteration 1166 | train reward: 92.09 | best: 92.09 | KL: 2.926e-04 | std: 0.4897 | rollout: 7.288s | update: 0.784s | total: 8.071s | samples/s: 7929
Iteration 1167 | train reward: 92.41 | best: 92.41 | KL: 2.467e-04 | std: 0.4888 | rollout: 6.689s | update: 0.744s | total: 7.433s | samples/s: 8610
Iteration 1168 | train reward: 90.72 | best: 92.41 | KL: 2.639e-04 | std: 0.4897 | rollout: 7.345s | update: 0.774s | total: 8.119s | samples/s: 7883
Iteration 1169 | train reward: 91.61 | best: 92.41 | KL: 2.405e-04 | std: 0.4897 | rollout: 7.035s | update: 0.775s | total: 7.809s | samples/s: 8195
Iteration 1170 | train reward: 92.40 | best: 92.41 | KL: 2.509e-04 | std: 0.4897 | rollout: 7.459s | update: 0.801s | total: 8.259s | samples/s: 7749
Iteration 1171 | train reward: 91.32 | best: 92.41 | KL: 2.640e-04 | std: 0.4897 | rollout: 8.051s | update: 0.733s | total: 8.784s | samples/s: 7286
Iteration 1172 | train reward: 91.60 | best: 92.41 | KL: 3.023e-04 | std: 0.4887 | rollout: 7.374s | update: 0.785s | total: 8.158s | samples/s: 7845
Iteration 1173 | train reward: 92.01 | best: 92.41 | KL: 2.350e-04 | std: 0.4887 | rollout: 6.396s | update: 0.779s | total: 7.175s | samples/s: 8920
Iteration 1174 | train reward: 91.70 | best: 92.41 | KL: 2.202e-04 | std: 0.4883 | rollout: 6.051s | update: 0.785s | total: 6.836s | samples/s: 9362
Iteration 1175 | train reward: 91.02 | best: 92.41 | KL: 2.662e-04 | std: 0.4883 | rollout: 8.280s | update: 0.776s | total: 9.055s | samples/s: 7068
Iteration 1176 | train reward: 91.77 | best: 92.41 | KL: 2.160e-04 | std: 0.4883 | rollout: 6.348s | update: 0.787s | total: 7.134s | samples/s: 8971
Iteration 1177 | train reward: 91.83 | best: 92.41 | KL: 2.252e-04 | std: 0.4883 | rollout: 7.102s | update: 0.763s | total: 7.865s | samples/s: 8138
Iteration 1178 | train reward: 92.00 | best: 92.41 | KL: 2.422e-04 | std: 0.4883 | rollout: 7.284s | update: 0.769s | total: 8.053s | samples/s: 7948
Iteration 1179 | train reward: 91.61 | best: 92.41 | KL: 2.650e-04 | std: 0.4883 | rollout: 7.816s | update: 0.782s | total: 8.598s | samples/s: 7444
Iteration 1180 | train reward: 91.32 | best: 92.41 | KL: 3.016e-04 | std: 0.4883 | rollout: 6.298s | update: 0.777s | total: 7.075s | samples/s: 9046
Iteration 1181 | train reward: 91.06 | best: 92.41 | KL: 2.739e-04 | std: 0.4883 | rollout: 7.377s | update: 0.772s | total: 8.149s | samples/s: 7854
Iteration 1182 | train reward: 92.28 | best: 92.41 | KL: 2.367e-04 | std: 0.4883 | rollout: 8.236s | update: 0.860s | total: 9.097s | samples/s: 7035
Iteration 1183 | train reward: 91.33 | best: 92.41 | KL: 2.671e-04 | std: 0.4882 | rollout: 6.828s | update: 0.737s | total: 7.565s | samples/s: 8460
Iteration 1184 | train reward: 92.35 | best: 92.41 | KL: 2.160e-04 | std: 0.4879 | rollout: 7.114s | update: 0.750s | total: 7.864s | samples/s: 8138
Iteration 1185 | train reward: 92.17 | best: 92.41 | KL: 3.052e-04 | std: 0.4878 | rollout: 6.338s | update: 0.741s | total: 7.079s | samples/s: 9041
Iteration 1186 | train reward: 92.10 | best: 92.41 | KL: 2.169e-04 | std: 0.4879 | rollout: 5.983s | update: 0.743s | total: 6.726s | samples/s: 9515
Iteration 1187 | train reward: 91.76 | best: 92.41 | KL: 2.498e-04 | std: 0.4878 | rollout: 6.165s | update: 0.731s | total: 6.896s | samples/s: 9281
Iteration 1188 | train reward: 91.34 | best: 92.41 | KL: 2.949e-04 | std: 0.4867 | rollout: 6.232s | update: 0.729s | total: 6.961s | samples/s: 9194
Iteration 1189 | train reward: 92.12 | best: 92.41 | KL: 2.721e-04 | std: 0.4867 | rollout: 5.990s | update: 0.758s | total: 6.748s | samples/s: 9485
Iteration 1190 | train reward: 93.40 | best: 93.40 | KL: 2.914e-04 | std: 0.4863 | rollout: 6.086s | update: 0.729s | total: 6.815s | samples/s: 9392
Iteration 1191 | train reward: 91.22 | best: 93.40 | KL: 2.541e-04 | std: 0.4862 | rollout: 6.198s | update: 0.749s | total: 6.947s | samples/s: 9213
Iteration 1192 | train reward: 91.70 | best: 93.40 | KL: 2.919e-04 | std: 0.4862 | rollout: 6.105s | update: 0.773s | total: 6.878s | samples/s: 9305
Iteration 1193 | train reward: 92.81 | best: 93.40 | KL: 3.720e-04 | std: 0.4863 | rollout: 6.010s | update: 0.788s | total: 6.798s | samples/s: 9414
Iteration 1194 | train reward: 92.70 | best: 93.40 | KL: 3.350e-04 | std: 0.4844 | rollout: 6.088s | update: 0.796s | total: 6.884s | samples/s: 9297
Iteration 1195 | train reward: 93.21 | best: 93.40 | KL: 1.846e-04 | std: 0.4843 | rollout: 7.019s | update: 0.769s | total: 7.788s | samples/s: 8218
Iteration 1196 | train reward: 91.71 | best: 93.40 | KL: 2.781e-04 | std: 0.4844 | rollout: 6.997s | update: 0.793s | total: 7.790s | samples/s: 8216
Iteration 1197 | train reward: 92.89 | best: 93.40 | KL: 2.181e-04 | std: 0.4839 | rollout: 6.739s | update: 0.783s | total: 7.521s | samples/s: 8509
Iteration 1198 | train reward: 92.63 | best: 93.40 | KL: 2.467e-04 | std: 0.4829 | rollout: 6.132s | update: 0.787s | total: 6.919s | samples/s: 9250
Iteration 1199 | train reward: 93.53 | best: 93.53 | KL: 2.689e-04 | std: 0.4828 | rollout: 6.023s | update: 0.800s | total: 6.824s | samples/s: 9379
training time 9452.74s
