update,environment_steps,reward_gradient_norm,barrier_gradient_norm,regularizer_gradient_norm,reward_regularizer_cosine,cosine_defined,beta
0,0,273.313720703125,0.07985306531190872,43.6328010559082,-0.7868548631668091,True,546.4135158976487
1,4000,301.73345947265625,0.09726659953594208,53.14778137207031,-0.34592777490615845,True,546.4135158976487
2,8000,328.9483947753906,0.10539508610963821,57.589298248291016,0.3494167625904083,True,546.4135158976487
3,12000,344.04193115234375,0.10426773130893707,56.97330093383789,0.524334728717804,True,546.4135158976487
4,16000,195.1221466064453,0.08084604144096375,44.17536544799805,0.7070159912109375,True,546.4135158976487
5,20000,241.91348266601562,0.09298301488161087,50.80717849731445,0.4947732090950012,True,546.4135158976487
6,24000,175.59698486328125,0.07771126925945282,42.46249008178711,0.1959352195262909,True,546.4135158976487
7,28000,261.0226135253906,0.09359840303659439,51.14342498779297,-0.5334767699241638,True,546.4135158976487
8,32000,320.1275634765625,0.07682745903730392,41.97956085205078,0.7270376086235046,True,546.4135158976487
9,35942,281.65814208984375,0.06330176442861557,34.58894348144531,0.057747434824705124,True,546.4135158976487
10,39942,277.9774475097656,0.06884384155273438,37.61719512939453,0.364666223526001,True,546.4135158976487
11,43942,434.5281677246094,0.0647442489862442,35.37712860107422,-0.24333196878433228,True,546.4135158976487
12,47942,255.8402557373047,0.06900159269571304,37.70340347290039,-0.056389402598142624,True,546.4135158976487
13,51942,327.8768005371094,0.06545138359069824,35.76351547241211,-0.6807634234428406,True,546.4135158976487
14,55942,255.2632293701172,0.0783635675907135,42.81891632080078,0.28582802414894104,True,546.4135158976487
15,59942,365.8721008300781,0.08103692531585693,44.279666900634766,0.2619650363922119,True,546.4135158976487
16,63942,292.2929382324219,0.06569073349237442,35.89430618286133,-0.06212373450398445,True,546.4135158976487
17,67942,359.7630920410156,0.0660276859998703,36.07841491699219,0.024743854999542236,True,546.4135158976487
18,71942,387.06597900390625,0.06947578489780426,37.96250915527344,0.29707783460617065,True,546.4135158976487
19,75942,258.93121337890625,0.07786126434803009,42.54444885253906,-0.23002414405345917,True,546.4135158976487
20,79942,257.15936279296875,0.07372511923313141,40.28439712524414,0.4735538959503174,True,546.4135158976487
21,83918,435.8228454589844,0.07515467703342438,41.065528869628906,-0.35071292519569397,True,546.4135158976487
22,87918,281.34857177734375,0.07347114384174347,40.14562225341797,0.32192540168762207,True,546.4135158976487
23,91918,317.2779541015625,0.05763035640120506,31.490007400512695,0.793601930141449,True,546.4135158976487
24,95918,268.23065185546875,0.06760973483324051,36.942867279052734,-0.23076245188713074,True,546.4135158976487
25,99918,284.525634765625,0.06514393538236618,35.59552764892578,0.37109044194221497,True,546.4135158976487
26,103918,158.26348876953125,0.06512992829084396,35.5878791809082,-0.7360244393348694,True,546.4135158976487
27,107918,216.6230926513672,0.054569412022829056,29.81746482849121,-0.007368157152086496,True,546.4135158976487
28,111918,164.0771484375,0.05954965204000473,32.53873062133789,-0.059025902301073074,True,546.4135158976487
29,115857,241.02244567871094,0.0541655533015728,29.596790313720703,-0.8220805525779724,True,546.4135158976487
30,119857,187.3877410888672,0.0584927499294281,31.961231231689453,-0.1619662046432495,True,546.4135158976487
31,123857,265.46490478515625,0.04963662475347519,27.12212371826172,-0.13934443891048431,True,546.4135158976487
32,127857,212.3922576904297,0.05545603483915329,30.30192756652832,0.17819790542125702,True,546.4135158976487
33,131857,265.0829162597656,0.05905230715870857,32.2669792175293,-0.22316521406173706,True,546.4135158976487
34,135857,483.4847106933594,0.0576668381690979,31.509939193725586,-0.3102252781391144,True,546.4135158976487
35,139785,159.23716735839844,0.056666165590286255,30.963159561157227,-0.11650743335485458,True,546.4135158976487
36,143597,339.87164306640625,0.05032797530293465,27.499887466430664,-0.09656818956136703,True,546.4135158976487
37,147597,251.24974060058594,0.05238661542534828,28.624752044677734,0.374515563249588,True,546.4135158976487
38,151575,229.11231994628906,0.05427306890487671,29.655548095703125,0.033226195722818375,True,546.4135158976487
39,155513,314.1948547363281,0.058867186307907104,32.16582107543945,-0.5508356094360352,True,546.4135158976487
40,159435,478.4713134765625,0.056948382407426834,31.117366790771484,-0.09108443558216095,True,546.4135158976487
41,163235,366.9681091308594,0.0598645955324173,32.7108268737793,0.21164901554584503,True,546.4135158976487
42,167167,170.18812561035156,0.05594740808010101,30.570415496826172,-0.5800544619560242,True,546.4135158976487
43,170933,245.87142944335938,0.05924734100699425,32.37355041503906,-0.36975422501564026,True,546.4135158976487
44,174822,262.4004211425781,0.06488373875617981,35.45335388183594,-0.3381812274456024,True,546.4135158976487
45,178513,139.96322631835938,0.06462175399065018,35.31019973754883,0.18676139414310455,True,546.4135158976487
46,182095,449.159423828125,0.07258593291044235,39.66193771362305,-0.35482123494148254,True,546.4135158976487
47,185571,395.6374816894531,0.06660445034503937,36.39356994628906,-0.30675607919692993,True,546.4135158976487
48,189308,258.0696105957031,0.07614076882600784,41.60434341430664,-0.3025484085083008,True,546.4135158976487
49,193021,219.17819213867188,0.07513415068387985,41.0543212890625,-0.15065202116966248,True,546.4135158976487
50,196835,235.87608337402344,0.07617433369159698,41.6226921081543,-0.2272120714187622,True,546.4135158976487
51,200696,560.5870971679688,0.08923854678869247,48.76114273071289,-0.13813498616218567,True,546.4135158976487
52,204256,370.7070007324219,0.08810123801231384,48.139713287353516,-0.6845044493675232,True,546.4135158976487
53,207389,353.0994873046875,0.08830311894416809,48.2500114440918,-0.32816460728645325,True,546.4135158976487
54,210777,334.22381591796875,0.08826611936092377,48.229801177978516,-0.5961219668388367,True,546.4135158976487
55,214102,336.6753845214844,0.10082972049713135,55.09471893310547,-0.13112638890743256,True,546.4135158976487
56,217218,494.984130859375,0.11099699884653091,60.65027618408203,-0.6274517774581909,True,546.4135158976487
57,220157,493.09375,0.11316405236721039,61.83435821533203,-0.6912218332290649,True,546.4135158976487
58,223343,336.44769287109375,0.12528881430625916,68.45951080322266,-0.8941158652305603,True,546.4135158976487
59,225908,429.0024719238281,0.11836013942956924,64.67357635498047,-0.8563920259475708,True,546.4135158976487
60,228903,216.147216796875,0.14249779284000397,77.86272430419922,-0.7332785725593567,True,546.4135158976487
61,231170,344.9181213378906,0.15888622403144836,86.81758880615234,-0.8479836583137512,True,546.4135158976487
62,233757,365.4966125488281,0.161177396774292,88.06951141357422,-0.35670775175094604,True,546.4135158976487
63,236281,269.2564697265625,0.1696454882621765,92.69659423828125,-0.13833047449588776,True,546.4135158976487
64,238592,249.0532989501953,0.17247337102890015,94.24176025390625,-0.6984241604804993,True,546.4135158976487
65,241099,449.3613586425781,0.18576951324939728,101.50695037841797,-0.8358728885650635,True,546.4135158976487
66,243582,413.625,0.20401985943317413,111.47918701171875,-0.9047066569328308,True,546.4135158976487
67,245705,309.49176025390625,0.21166563034057617,115.656982421875,-0.8140295743942261,True,546.4135158976487
68,247797,245.4729766845703,0.2418317347764969,132.14015197753906,-0.5851210355758667,True,546.4135158976487
69,250321,347.398681640625,0.22679786384105682,123.92543029785156,0.22995834052562714,True,546.4135158976487
70,252466,122.61998748779297,0.23865792155265808,130.40591430664062,-0.13115854561328888,True,546.4135158976487
71,254438,175.60862731933594,0.23902007937431335,130.60379028320312,0.017913296818733215,True,546.4135158976487
72,256304,268.6711120605469,0.2452111393213272,133.98666381835938,-0.7562935948371887,True,546.4135158976487
73,258281,155.85047912597656,0.2530832886695862,138.2881317138672,-0.7163276672363281,True,546.4135158976487
74,260001,237.6587371826172,0.25595730543136597,139.85853576660156,-0.780875027179718,True,546.4135158976487
75,262407,159.1967315673828,0.2513645887374878,137.3490447998047,0.4473693370819092,True,546.4135158976487
76,264285,164.38404846191406,0.27214163541793823,148.7018585205078,-0.5302741527557373,True,546.4135158976487
77,266261,266.55419921875,0.23881550133228302,130.4919891357422,-0.08766447752714157,True,546.4135158976487
78,268445,188.52137756347656,0.26001614332199097,142.07632446289062,-0.5034112930297852,True,546.4135158976487
79,270320,234.02333068847656,0.2551010847091675,139.39068603515625,-0.48928582668304443,True,546.4135158976487
80,272372,96.49076843261719,0.256412535905838,140.10726928710938,-0.684973418712616,True,546.4135158976487
81,274166,208.4520263671875,0.25799739360809326,140.9732666015625,-0.5966988801956177,True,546.4135158976487
82,276273,178.807373046875,0.2468302994966507,134.8714141845703,-0.5389575958251953,True,546.4135158976487
83,278391,230.6790313720703,0.2319956123828888,126.76551055908203,-0.8739277720451355,True,546.4135158976487
84,280497,281.2767639160156,0.2362695187330246,129.10086059570312,-0.7335589528083801,True,546.4135158976487
85,282388,304.4726867675781,0.2490687370300293,136.09451293945312,-0.14822466671466827,True,546.4135158976487
86,284471,158.4175262451172,0.25900447368621826,141.5235595703125,0.24999411404132843,True,546.4135158976487
87,286122,212.50430297851562,0.23236536979675293,126.96759033203125,-0.12669320404529572,True,546.4135158976487
88,287905,279.3135986328125,0.2439812868833542,133.31466674804688,-0.12079466879367828,True,546.4135158976487
89,289978,241.03636169433594,0.2388361394405365,130.5032958984375,-0.5815886855125427,True,546.4135158976487
90,291706,160.3623809814453,0.2543850839138031,138.9994354248047,-0.35190287232398987,True,546.4135158976487
91,293867,176.14288330078125,0.22819113731384277,124.68669891357422,-0.5406402349472046,True,546.4135158976487
92,295677,216.8900146484375,0.2454962283372879,134.1424560546875,-0.7894632816314697,True,546.4135158976487
93,297452,211.36920166015625,0.24124497175216675,131.81951904296875,0.04517713189125061,True,546.4135158976487
94,299314,441.65704345703125,0.2063911259174347,112.77494049072266,-0.7001559138298035,True,546.4135158976487
95,301567,232.70204162597656,0.2241182029247284,122.46122741699219,-0.418362021446228,True,546.4135158976487
96,303735,306.5168151855469,0.24561305344104767,134.206298828125,-0.32020413875579834,True,546.4135158976487
97,305480,259.8155517578125,0.2427835315465927,132.6602020263672,-0.6002524495124817,True,546.4135158976487
98,307726,200.04957580566406,0.231917142868042,126.72268676757812,-0.5815856456756592,True,546.4135158976487
99,309852,332.1483154296875,0.20790249109268188,113.60074615478516,-0.9170740246772766,True,546.4135158976487
100,312114,188.2043914794922,0.2322513908147812,126.90526580810547,-0.8629650473594666,True,546.4135158976487
101,314127,281.9696044921875,0.22439929842948914,122.61478424072266,-0.3636077046394348,True,546.4135158976487
102,316087,238.40582275390625,0.22446803748607635,122.6523666381836,-0.21006044745445251,True,546.4135158976487
103,318071,220.83302307128906,0.22150380909442902,121.03268432617188,-0.7166248559951782,True,546.4135158976487
104,320110,302.34130859375,0.2307310253381729,126.07455444335938,-0.46418875455856323,True,546.4135158976487
105,322103,299.0545654296875,0.2299320548772812,125.63800811767578,-0.4410768747329712,True,546.4135158976487
106,323950,178.76466369628906,0.22970783710479736,125.51544952392578,-0.6882734894752502,True,546.4135158976487
107,325863,238.3101043701172,0.23038850724697113,125.88739013671875,-0.4522407352924347,True,546.4135158976487
108,327707,93.83267211914062,0.23561660945415497,128.74411010742188,-0.06257502734661102,True,546.4135158976487
109,329486,245.78892517089844,0.26213717460632324,143.2353057861328,-0.5017711520195007,True,546.4135158976487
110,331649,132.82505798339844,0.24509522318840027,133.92332458496094,-0.3682701885700226,True,546.4135158976487
111,333965,251.65371704101562,0.2292257845401764,125.25206756591797,-0.1579623818397522,True,546.4135158976487
112,335937,187.9629669189453,0.22927212715148926,125.27739715576172,-0.4282519519329071,True,546.4135158976487
113,338056,167.8516845703125,0.224838986992836,122.85505676269531,-0.46584370732307434,True,546.4135158976487
114,339951,294.1065979003906,0.21203051507472992,115.85630798339844,-0.36832424998283386,True,546.4135158976487
115,341761,176.68089294433594,0.22547584772109985,123.20305633544922,-0.12224112451076508,True,546.4135158976487
116,343733,172.14183044433594,0.2160523533821106,118.05396270751953,-0.3123014271259308,True,546.4135158976487
117,345467,149.06802368164062,0.21209396421909332,115.8910140991211,-0.41901272535324097,True,546.4135158976487
118,347317,229.40321350097656,0.20190094411373138,110.3213882446289,-0.8008490800857544,True,546.4135158976487
119,349223,289.482666015625,0.22037404775619507,120.41535186767578,-0.8033672571182251,True,546.4135158976487
120,351430,170.78358459472656,0.2127903401851654,116.27152252197266,0.6326451897621155,True,546.4135158976487
121,353565,198.72116088867188,0.21636496484279633,118.22471618652344,0.305418461561203,True,546.4135158976487
122,355712,209.70787048339844,0.2046653926372528,111.83195495605469,-0.72603440284729,True,546.4135158976487
123,357689,272.83758544921875,0.19375278055667877,105.8691177368164,-0.6539045572280884,True,546.4135158976487
124,359850,119.02728271484375,0.20926225185394287,114.3437271118164,-0.601344645023346,True,546.4135158976487
125,361962,501.3790283203125,0.19207324087619781,104.95140838623047,-0.8736710548400879,True,546.4135158976487
126,364017,318.6650695800781,0.19874480366706848,108.59684753417969,-0.525745153427124,True,546.4135158976487
127,366616,283.3464050292969,0.18869034945964813,103.10296630859375,-0.7963475584983826,True,546.4135158976487
128,368686,280.0977478027344,0.19915345311164856,108.82015228271484,-0.6754750609397888,True,546.4135158976487
129,370703,298.55914306640625,0.19304032623767853,105.4798583984375,-0.31732457876205444,True,546.4135158976487
130,372848,310.3066711425781,0.18693424761295319,102.14341735839844,-0.8162233829498291,True,546.4135158976487
131,375205,289.7698059082031,0.19573403894901276,106.95174407958984,-0.47728416323661804,True,546.4135158976487
132,377310,150.65061950683594,0.2123957723379135,116.05592346191406,-0.09028089791536331,True,546.4135158976487
133,379040,210.46295166015625,0.21639126539230347,118.2391128540039,-0.3914661407470703,True,546.4135158976487
134,381351,286.3347473144531,0.2446627914905548,133.6870574951172,-0.32744017243385315,True,546.4135158976487
135,383660,119.69416046142578,0.22158488631248474,121.07697296142578,-0.4037074148654938,True,546.4135158976487
136,385575,292.18023681640625,0.22891287505626678,125.08109283447266,-0.4327482283115387,True,546.4135158976487
137,387734,195.2767333984375,0.22357846796512604,122.16629028320312,-0.008377013728022575,True,546.4135158976487
138,389540,364.14031982421875,0.2352016121149063,128.51731872558594,-0.8718512654304504,True,546.4135158976487
139,391711,260.5125732421875,0.22813533246517181,124.65625,-0.1026197299361229,True,546.4135158976487
140,393613,87.67615509033203,0.21733559668064117,118.75509643554688,0.1622873842716217,True,546.4135158976487
141,395569,297.4654846191406,0.20632369816303253,112.73805236816406,-0.7923834919929504,True,546.4135158976487
142,397481,195.9638671875,0.20087593793869019,109.7613296508789,-0.4209439158439636,True,546.4135158976487
143,399542,302.667724609375,0.1973109096288681,107.8133544921875,-0.8016400337219238,True,546.4135158976487
144,401369,216.70257568359375,0.2092386931180954,114.33085632324219,-0.5154167413711548,True,546.4135158976487
145,403218,184.2975311279297,0.21401675045490265,116.94164276123047,-0.33975332975387573,True,546.4135158976487
146,405083,266.9019470214844,0.21662163734436035,118.364990234375,-0.7598456144332886,True,546.4135158976487
147,406813,279.73956298828125,0.20271320641040802,110.76525115966797,-0.8877920508384705,True,546.4135158976487
148,408731,276.6883850097656,0.21780751645565033,119.01296997070312,-0.4713755249977112,True,546.4135158976487
149,410729,501.29345703125,0.20853523910045624,113.94644927978516,-0.5854480266571045,True,546.4135158976487
150,412827,307.5052490234375,0.21977080404758453,120.08574676513672,-0.5916888117790222,True,546.4135158976487
151,414880,337.03857421875,0.2192510962486267,119.80176544189453,-0.4257805645465851,True,546.4135158976487
152,416830,177.5467071533203,0.22346068918704987,122.10192108154297,-0.14493697881698608,True,546.4135158976487
153,418826,270.1312255859375,0.23460187017917633,128.18960571289062,-0.6703051328659058,True,546.4135158976487
154,420822,362.9489440917969,0.24206677079200745,132.2685546875,-0.6308296918869019,True,546.4135158976487
155,422576,205.8399658203125,0.23663519322872162,129.3006591796875,-0.4931151866912842,True,546.4135158976487
156,424205,272.4039001464844,0.23044458031654358,125.91802215576172,-0.7033789157867432,True,546.4135158976487
157,426228,347.56231689453125,0.2295241355895996,125.41509246826172,-0.9352473616600037,True,546.4135158976487
158,428258,258.48394775390625,0.24339157342910767,132.99244689941406,-0.751004695892334,True,546.4135158976487
159,429823,288.3273620605469,0.24171464145183563,132.076171875,-0.720109224319458,True,546.4135158976487
160,431358,262.6173400878906,0.2635250985622406,143.99365234375,-0.6945240497589111,True,546.4135158976487
161,433126,347.2928466796875,0.2630649209022522,143.7422332763672,-0.6305530667304993,True,546.4135158976487
162,435043,296.1732177734375,0.24921123683452606,136.17237854003906,-0.39335402846336365,True,546.4135158976487
163,436737,240.11459350585938,0.26902130246162415,146.99685668945312,-0.8688188195228577,True,546.4135158976487
164,438433,212.26220703125,0.26915279030799866,147.06874084472656,-0.5810166597366333,True,546.4135158976487
165,440175,262.19793701171875,0.28385308384895325,155.10116577148438,-0.4571898579597473,True,546.4135158976487
166,441785,156.049072265625,0.28110453486442566,153.59930419921875,-0.2672899067401886,True,546.4135158976487
167,443619,316.2230529785156,0.2882400155067444,157.4982452392578,-0.8501191139221191,True,546.4135158976487
168,445410,226.3636474609375,0.28962624073028564,158.2557373046875,-0.8199330568313599,True,546.4135158976487
169,447152,106.4128646850586,0.28395867347717285,155.15884399414062,-0.4040045142173767,True,546.4135158976487
170,448926,165.04754638671875,0.2905198037624359,158.7439422607422,0.08631127327680588,True,546.4135158976487
171,450509,143.8791046142578,0.28731420636177063,156.99234008789062,-0.8190245032310486,True,546.4135158976487
172,452110,279.46990966796875,0.3632670044898987,198.4940185546875,0.18317390978336334,True,546.4135158976487
173,454219,176.5641326904297,0.269858181476593,147.4541473388672,-0.26754727959632874,True,546.4135158976487
174,455958,216.0503387451172,0.2813930809497833,153.7569580078125,-0.8236039876937866,True,546.4135158976487
175,457550,129.0196990966797,0.27618783712387085,150.91275024414062,0.39356425404548645,True,546.4135158976487
176,459136,99.71820831298828,0.2754490375518799,150.50909423828125,-0.009103811345994473,True,546.4135158976487
177,460989,198.3208465576172,0.28348857164382935,154.90199279785156,-0.32629743218421936,True,546.4135158976487
178,462837,234.56793212890625,0.2515387535095215,137.4441680908203,-0.4580102562904358,True,546.4135158976487
179,464789,280.8617248535156,0.2514006197452545,137.3687286376953,-0.8579800724983215,True,546.4135158976487
180,466758,332.9476318359375,0.22960974276065826,125.46186828613281,-0.0938771516084671,True,546.4135158976487
181,468747,253.8012237548828,0.23688296973705292,129.43603515625,-0.8261414766311646,True,546.4135158976487
182,470450,169.95394897460938,0.2544902563095093,139.05691528320312,0.35870683193206787,True,546.4135158976487
183,472243,350.25775146484375,0.2254878282546997,123.20958709716797,-0.6824328303337097,True,546.4135158976487
184,474192,314.5740661621094,0.2643457055091858,144.4420623779297,-0.7057077288627625,True,546.4135158976487
185,475995,295.32257080078125,0.26895424723625183,146.96022033691406,-0.6575108766555786,True,546.4135158976487
186,478327,205.6535186767578,0.24158212542533875,132.00372314453125,-0.7440099120140076,True,546.4135158976487
187,480215,228.64593505859375,0.23776671290397644,129.91897583007812,-0.705710232257843,True,546.4135158976487
188,482152,199.27825927734375,0.2369871586561203,129.4929656982422,-0.6273688077926636,True,546.4135158976487
189,483987,162.5898895263672,0.2227560579776764,121.7169189453125,-0.5120399594306946,True,546.4135158976487
190,485740,329.5670166015625,0.23847509920597076,130.30604553222656,-0.4087812602519989,True,546.4135158976487
191,487782,151.4843292236328,0.23082570731639862,126.12626647949219,-0.15699607133865356,True,546.4135158976487
192,489914,236.5460968017578,0.2303052693605423,125.8419189453125,-0.38427236676216125,True,546.4135158976487
193,492111,170.599609375,0.23324908316135406,127.45044708251953,-0.7174171209335327,True,546.4135158976487
194,493804,417.86474609375,0.23528100550174713,128.56072998046875,-0.40411660075187683,True,546.4135158976487
195,496190,166.8099365234375,0.22914117574691772,125.20584869384766,0.06762570887804031,True,546.4135158976487
196,497920,280.5118103027344,0.23015238344669342,125.75837707519531,-0.7685176730155945,True,546.4135158976487
197,499854,245.44642639160156,0.211690753698349,115.67066955566406,-0.18020756542682648,True,546.4135158976487
198,502289,280.1008605957031,0.22398214042186737,122.38687896728516,-0.5655190944671631,True,546.4135158976487
199,504083,271.1326904296875,0.23077934980392456,126.10095977783203,-0.6325634121894836,True,546.4135158976487
200,506197,201.0437469482422,0.23133258521556854,126.40326690673828,-0.14202065765857697,True,546.4135158976487
201,508166,209.51783752441406,0.21612189710140228,118.09193420410156,-0.5946207642555237,True,546.4135158976487
202,510213,260.5579528808594,0.2232278287410736,121.9747085571289,-0.4194493293762207,True,546.4135158976487
203,512513,394.94091796875,0.2616942226886749,142.9932403564453,0.5049040913581848,True,546.4135158976487
204,514893,149.12567138671875,0.22470703721046448,122.78295135498047,0.2934530973434448,True,546.4135158976487
205,516979,221.6336212158203,0.21644529700279236,118.26862335205078,-0.5156174302101135,True,546.4135158976487
206,518628,218.73599243164062,0.20677268505096436,112.9833984375,-0.5224977731704712,True,546.4135158976487
207,520322,209.4082489013672,0.20443907380104065,111.70826721191406,-0.6571719646453857,True,546.4135158976487
208,522504,134.09190368652344,0.19595707952976227,107.07357788085938,-0.4199848473072052,True,546.4135158976487
209,524553,250.46925354003906,0.19243715703487396,105.15026092529297,-0.7335339784622192,True,546.4135158976487
210,526621,111.329345703125,0.20109474658966064,109.88088989257812,-0.3259105384349823,True,546.4135158976487
211,528646,153.89749145507812,0.20779505372047424,113.54202270507812,-0.5267143845558167,True,546.4135158976487
212,530727,266.10894775390625,0.18081176280975342,98.7979965209961,-0.02934577502310276,True,546.4135158976487
213,532805,355.5151062011719,0.19104114174842834,104.38745880126953,-0.7589564323425293,True,546.4135158976487
214,534870,202.49501037597656,0.19785024225711823,108.10804748535156,-0.45640960335731506,True,546.4135158976487
215,536900,250.62680053710938,0.19846586883068085,108.44445037841797,-0.6673392653465271,True,546.4135158976487
216,539187,165.1385498046875,0.1931094378232956,105.5176010131836,-0.5727857351303101,True,546.4135158976487
217,541046,194.6491241455078,0.1995222568511963,109.02165985107422,-0.690883219242096,True,546.4135158976487
218,543453,272.9314880371094,0.18487590551376343,101.0186767578125,-0.8275226354598999,True,546.4135158976487
219,545539,235.88731384277344,0.22139088809490204,120.97096252441406,-0.4891594350337982,True,546.4135158976487
220,547947,217.08221435546875,0.18916189670562744,103.36062622070312,-0.21709834039211273,True,546.4135158976487
221,550015,284.5049133300781,0.20357993245124817,111.23883056640625,-0.8276379108428955,True,546.4135158976487
222,552254,202.06338500976562,0.1948334127664566,106.4596176147461,-0.8886494040489197,True,546.4135158976487
223,554437,341.766357421875,0.19293883442878723,105.42435455322266,-0.747090756893158,True,546.4135158976487
224,556496,377.539306640625,0.19919541478157043,108.8430404663086,-0.4738602936267853,True,546.4135158976487
225,558684,358.0331115722656,0.19362878799438477,105.80137634277344,-0.6790686845779419,True,546.4135158976487
226,560826,282.0260009765625,0.2121172994375229,115.90375518798828,-0.6432114839553833,True,546.4135158976487
227,562829,326.5719909667969,0.23686321079730988,129.42526245117188,-0.7855494618415833,True,546.4135158976487
228,565252,259.2359619140625,0.2189268320798874,119.62458801269531,0.51174396276474,True,546.4135158976487
229,567410,189.57473754882812,0.21863673627376556,119.46604919433594,-0.564778745174408,True,546.4135158976487
230,569180,300.911376953125,0.21295781433582306,116.36305236816406,-0.7848132252693176,True,546.4135158976487
231,571190,296.55450439453125,0.203335702419281,111.10536193847656,-0.4975874722003937,True,546.4135158976487
232,572946,142.98141479492188,0.2233644723892212,122.04938507080078,-0.7644398808479309,True,546.4135158976487
233,574541,146.35452270507812,0.2372628152370453,129.6436004638672,0.26276466250419617,True,546.4135158976487
234,576316,306.0262451171875,0.21558918058872223,117.80084991455078,-0.39379963278770447,True,546.4135158976487
235,578443,74.83877563476562,0.2157982736825943,117.91509246826172,-0.09141019731760025,True,546.4135158976487
236,580251,400.0614013671875,0.21706490218639374,118.60721588134766,-0.2693678140640259,True,546.4135158976487
237,582246,149.0177459716797,0.24384742975234985,133.24151611328125,-0.8163984417915344,True,546.4135158976487
238,584258,136.84927368164062,0.2332644909620285,127.45887756347656,-0.4213651120662689,True,546.4135158976487
239,585992,255.340576171875,0.21127736568450928,115.44479370117188,-0.669648289680481,True,546.4135158976487
240,587928,285.24267578125,0.21827511489391327,119.26849365234375,-0.47576385736465454,True,546.4135158976487
241,589776,196.15444946289062,0.21602001786231995,118.03626251220703,-0.7826138734817505,True,546.4135158976487
242,591666,160.20140075683594,0.23182016611099243,126.669677734375,-0.7865573167800903,True,546.4135158976487
243,593375,301.125732421875,0.2286042869091034,124.91242980957031,-0.6015329360961914,True,546.4135158976487
244,595415,146.238037109375,0.2343718558549881,128.06394958496094,-0.28802502155303955,True,546.4135158976487
245,597322,114.8407211303711,0.22251421213150024,121.58477783203125,-0.3034580945968628,True,546.4135158976487
246,599228,339.452880859375,0.22548078000545502,123.20572662353516,-0.7418424487113953,True,546.4135158976487
247,601444,221.01670837402344,0.22960717976093292,125.46050262451172,-0.6031582951545715,True,546.4135158976487
248,603496,352.66412353515625,0.22268356382846832,121.67730712890625,-0.7197320461273193,True,546.4135158976487
249,605123,148.40235900878906,0.2100856751203537,114.79362487792969,-0.7048138976097107,True,546.4135158976487
250,606859,196.8780517578125,0.22179387509822845,121.19120025634766,-0.6991369128227234,True,546.4135158976487
251,608594,149.79270935058594,0.24887779355049133,135.99021911621094,-0.22090360522270203,True,546.4135158976487
252,610577,394.3391418457031,0.23035243153572083,125.86767578125,-0.5946269631385803,True,546.4135158976487
253,612377,202.17185974121094,0.23785077035427094,129.96487426757812,-0.3983507752418518,True,546.4135158976487
254,614320,205.5858612060547,0.23699301481246948,129.4961700439453,-0.45725011825561523,True,546.4135158976487
255,616249,221.86456298828125,0.23295800387859344,127.2913818359375,-0.12349120527505875,True,546.4135158976487
256,618173,143.6663818359375,0.2235890030860901,122.17203521728516,0.1450563371181488,True,546.4135158976487
257,619941,270.66241455078125,0.24690796434879303,134.9138641357422,-0.7392284274101257,True,546.4135158976487
258,622133,359.774169921875,0.22358818352222443,122.17158508300781,-0.5081942677497864,True,546.4135158976487
259,623932,151.59425354003906,0.2241695374250412,122.48928833007812,-0.3859894573688507,True,546.4135158976487
260,625910,282.9827880859375,0.26470237970352173,144.63697814941406,-0.5909464359283447,True,546.4135158976487
261,628580,231.26947021484375,0.2389879822731018,130.58624267578125,-0.3951793611049652,True,546.4135158976487
262,630670,346.41168212890625,0.21152253448963165,115.57878112792969,-0.9103502631187439,True,546.4135158976487
263,632712,346.6122741699219,0.22150519490242004,121.03341674804688,-0.7377111911773682,True,546.4135158976487
264,634675,294.82965087890625,0.21823784708976746,119.24811553955078,-0.696403443813324,True,546.4135158976487
265,636513,325.18212890625,0.2421562373638153,132.31744384765625,-0.8322935104370117,True,546.4135158976487
266,638364,275.62896728515625,0.23379181325435638,127.74701690673828,-0.583803117275238,True,546.4135158976487
267,640171,162.2851104736328,0.23320862650871277,127.42832946777344,-0.7518528699874878,True,546.4135158976487
268,642148,247.50872802734375,0.271244615316391,148.21173095703125,-0.4860154688358307,True,546.4135158976487
269,644455,329.1750793457031,0.2396615594625473,130.95433044433594,-0.8565489649772644,True,546.4135158976487
270,646150,219.15963745117188,0.2561223804950714,139.94871520996094,-0.7388898134231567,True,546.4135158976487
271,647616,121.55148315429688,0.2578943967819214,140.91697692871094,-0.022881967946887016,True,546.4135158976487
272,649612,256.7229919433594,0.24944515526294708,136.3002166748047,0.0886186957359314,True,546.4135158976487
273,651869,405.1512145996094,0.26088497042655945,142.5510711669922,-0.5700328946113586,True,546.4135158976487
274,653949,143.39764404296875,0.2643696069717407,144.45513916015625,-0.012267164885997772,True,546.4135158976487
275,655722,145.0047149658203,0.2449246197938919,133.83010864257812,-0.48628807067871094,True,546.4135158976487
276,657457,281.72344970703125,0.24648626148700714,134.6834259033203,-0.6851234436035156,True,546.4135158976487
277,659144,227.08152770996094,0.2503361403942108,136.78704833984375,-0.9162193536758423,True,546.4135158976487
278,660878,177.66534423828125,0.24918457865715027,136.15782165527344,-0.460869163274765,True,546.4135158976487
279,662631,230.54307556152344,0.250487744808197,136.86990356445312,-0.44653522968292236,True,546.4135158976487
280,664371,125.26200103759766,0.25838136672973633,141.1830596923828,-0.09122472256422043,True,546.4135158976487
281,666401,205.3651885986328,0.28024277091026306,153.1284637451172,-0.217852383852005,True,546.4135158976487
282,668403,167.09523010253906,0.25861600041389465,141.31126403808594,-0.3464840054512024,True,546.4135158976487
283,670123,275.759033203125,0.23567251861095428,128.77464294433594,-0.7266488075256348,True,546.4135158976487
284,672278,251.12710571289062,0.2521662712097168,137.78704833984375,-0.38396939635276794,True,546.4135158976487
285,674023,268.16070556640625,0.23333914577960968,127.4996566772461,-0.2608538568019867,True,546.4135158976487
286,675831,206.2710723876953,0.23437969386577606,128.06822204589844,-0.821628987789154,True,546.4135158976487
287,677760,222.3915252685547,0.2468705177307129,134.8933868408203,0.022964952513575554,True,546.4135158976487
288,679684,213.44549560546875,0.22797726094722748,124.5698471069336,-0.4995524287223816,True,546.4135158976487
289,681458,241.38043212890625,0.23612381517887115,129.021240234375,-0.4640442430973053,True,546.4135158976487
290,683485,183.04782104492188,0.23429177701473236,128.02020263671875,-0.5047194361686707,True,546.4135158976487
291,685535,229.8013153076172,0.22368112206459045,122.222412109375,-0.8266412019729614,True,546.4135158976487
292,687259,290.8879699707031,0.21450987458229065,117.21109771728516,-0.6956135034561157,True,546.4135158976487
293,689101,488.6501770019531,0.21394820511341095,116.9041976928711,-0.8642041087150574,True,546.4135158976487
294,691431,403.2601623535156,0.23771730065345764,129.89195251464844,-0.623306930065155,True,546.4135158976487
295,693415,286.3296203613281,0.2585775554180145,141.29026794433594,-0.634929895401001,True,546.4135158976487
296,695655,211.85577392578125,0.22919078171253204,125.23296356201172,-0.4052417576313019,True,546.4135158976487
297,697459,231.7036895751953,0.22510628402233124,123.00111389160156,-0.6494912505149841,True,546.4135158976487
298,699268,137.80943298339844,0.2436680942773819,133.14352416992188,0.34760791063308716,True,546.4135158976487
299,701035,164.1629638671875,0.2522954046726227,137.85763549804688,-0.5804191827774048,True,546.4135158976487
300,702976,232.40573120117188,0.24656334519386292,134.72552490234375,-0.7561211585998535,True,546.4135158976487
301,704761,274.8959655761719,0.2402181625366211,131.25843811035156,0.48072385787963867,True,546.4135158976487
302,706601,282.1638488769531,0.23766644299030304,129.86416625976562,-0.3496708273887634,True,546.4135158976487
303,708458,193.26156616210938,0.23960749804973602,130.92477416992188,-0.780649721622467,True,546.4135158976487
304,710125,256.337158203125,0.24199511110782623,132.2294158935547,-0.6216380000114441,True,546.4135158976487
305,712247,116.93268585205078,0.23176424205303192,126.6391372680664,-0.5228322744369507,True,546.4135158976487
306,714373,319.0381774902344,0.2593272924423218,141.69996643066406,0.31758251786231995,True,546.4135158976487
307,716658,242.77296447753906,0.24362145364284515,133.11802673339844,-0.8256489634513855,True,546.4135158976487
308,718492,258.67864990234375,0.2229485958814621,121.8221206665039,-0.6833407878875732,True,546.4135158976487
309,720511,249.57290649414062,0.23351499438285828,127.59574890136719,-0.5191706418991089,True,546.4135158976487
310,722624,157.2282257080078,0.20890675485134125,114.14947509765625,-0.65432208776474,True,546.4135158976487
311,724301,237.73387145996094,0.22494830191135406,122.91480255126953,-0.669284462928772,True,546.4135158976487
312,726169,236.23995971679688,0.22516493499279022,123.03316497802734,-0.5518574714660645,True,546.4135158976487
313,727929,185.85589599609375,0.2339930385351181,127.8569564819336,-0.15718938410282135,True,546.4135158976487
314,729638,133.4527130126953,0.2086513340473175,114.00992584228516,-0.618288516998291,True,546.4135158976487
315,731585,263.88916015625,0.210184246301651,114.84751892089844,-0.6108790636062622,True,546.4135158976487
316,733561,282.52593994140625,0.2140757143497467,116.97384643554688,-0.862191915512085,True,546.4135158976487
317,735477,148.28346252441406,0.22451773285865784,122.67952728271484,0.06461253762245178,True,546.4135158976487
318,737335,243.6486053466797,0.21232600510120392,116.01780700683594,-0.468082994222641,True,546.4135158976487
319,739339,197.80833435058594,0.23976454138755798,131.01058959960938,-0.39295855164527893,True,546.4135158976487
320,741537,357.9720153808594,0.1932869255542755,105.61457061767578,-0.9223087430000305,True,546.4135158976487
321,743898,240.4686279296875,0.21620824933052063,118.13910675048828,-0.6807875633239746,True,546.4135158976487
322,745963,207.8201446533203,0.23326383531093597,127.4585189819336,0.3009949028491974,True,546.4135158976487
323,747901,207.9575653076172,0.21792520582675934,119.0772933959961,-0.6687949895858765,True,546.4135158976487
324,750224,256.26751708984375,0.22909334301948547,125.17970275878906,0.2105601280927658,True,546.4135158976487
325,752022,268.57012939453125,0.21824489533901215,119.25194549560547,-0.6172090768814087,True,546.4135158976487
326,754185,135.12283325195312,0.21133466064929962,115.47610473632812,-0.6206235289573669,True,546.4135158976487
327,756213,261.5253601074219,0.21828219294548035,119.27234649658203,-0.7175071239471436,True,546.4135158976487
328,758103,174.08877563476562,0.21281692385673523,116.28605651855469,-0.7014176845550537,True,546.4135158976487
329,759863,189.81527709960938,0.2134101241827011,116.61017608642578,-0.14990852773189545,True,546.4135158976487
330,761709,339.28704833984375,0.21404802799224854,116.95875549316406,-0.4594337046146393,True,546.4135158976487
331,763981,385.3728942871094,0.2070688009262085,113.14518737792969,-0.7356841564178467,True,546.4135158976487
332,765979,183.96824645996094,0.20199404656887054,110.37225341796875,6.102015686337836e-05,True,546.4135158976487
333,768204,214.86260986328125,0.19892147183418274,108.69337463378906,-0.49332135915756226,True,546.4135158976487
334,770031,178.0998077392578,0.22093956172466278,120.72437286376953,-0.139829620718956,True,546.4135158976487
335,771876,240.45484924316406,0.21735607087612152,118.76630401611328,-0.3649293780326843,True,546.4135158976487
336,774074,278.4089050292969,0.23115186393260956,126.30451202392578,-0.5409096479415894,True,546.4135158976487
337,776389,172.6204833984375,0.21366481482982635,116.74932098388672,-0.709415078163147,True,546.4135158976487
338,778347,211.25086975097656,0.2135976254940033,116.71263885498047,-0.3052436113357544,True,546.4135158976487
339,780322,305.7093200683594,0.24068711698055267,131.51466369628906,-0.11990291625261307,True,546.4135158976487
340,782527,143.93020629882812,0.21410180628299713,116.98812866210938,0.3037830889225006,True,546.4135158976487
341,784436,255.62159729003906,0.1769343465566635,96.6793212890625,-0.5380673408508301,True,546.4135158976487
342,786594,204.5043487548828,0.22342701256275177,122.08356475830078,-0.46412280201911926,True,546.4135158976487
343,788769,183.85484313964844,0.2038406878709793,111.38129425048828,-0.5177819132804871,True,546.4135158976487
344,790681,236.50608825683594,0.2098197340965271,114.6483383178711,-0.27030882239341736,True,546.4135158976487
345,792704,234.8241424560547,0.19918577373027802,108.83780670166016,-0.4093644917011261,True,546.4135158976487
346,794775,202.84991455078125,0.19819343090057373,108.29557800292969,-0.6804108619689941,True,546.4135158976487
347,796861,268.78997802734375,0.19075097143650055,104.22891235351562,-0.4951220750808716,True,546.4135158976487
348,799014,267.622802734375,0.19360347092151642,105.78751373291016,0.02291572466492653,True,546.4135158976487
349,801117,200.8543701171875,0.20047684013843536,109.54325103759766,-0.22600923478603363,True,546.4135158976487
350,802986,478.7374267578125,0.1787330061197281,97.66211700439453,-0.9053913354873657,True,546.4135158976487
351,805473,307.78070068359375,0.18631330132484436,101.80408477783203,-0.9449722170829773,True,546.4135158976487
352,807266,246.43453979492188,0.18947827816009521,103.5334701538086,-0.8837785124778748,True,546.4135158976487
353,809492,241.21385192871094,0.19252555072307587,105.19856262207031,-0.21898189187049866,True,546.4135158976487
354,811796,459.8487548828125,0.20591315627098083,112.51374816894531,-0.8627328276634216,True,546.4135158976487
355,813876,164.31790161132812,0.2132386416196823,116.51646423339844,-0.6084524393081665,True,546.4135158976487
356,815862,292.9455261230469,0.22016096115112305,120.29891204833984,0.1716441959142685,True,546.4135158976487
357,817993,372.8742370605469,0.22490528225898743,122.89130401611328,-0.6282999515533447,True,546.4135158976487
358,820056,366.8948669433594,0.20815405249595642,113.73818969726562,-0.6102269887924194,True,546.4135158976487
359,822173,182.6673583984375,0.214405819773674,117.15423583984375,-0.21106190979480743,True,546.4135158976487
360,824477,289.22430419921875,0.22382371127605438,122.30030822753906,-0.7454148530960083,True,546.4135158976487
361,826419,132.55633544921875,0.21738587319850922,118.78256225585938,-0.5670786499977112,True,546.4135158976487
362,828211,195.51271057128906,0.2317061722278595,126.60738372802734,0.2578606605529785,True,546.4135158976487
363,830048,341.7587585449219,0.1943661868572235,106.20430755615234,-0.9030905961990356,True,546.4135158976487
364,832300,354.7059020996094,0.20744049549102783,113.34829711914062,-0.8941376805305481,True,546.4135158976487
365,834435,182.62107849121094,0.23149283230304718,126.49082946777344,-0.5360315442085266,True,546.4135158976487
366,836198,193.71714782714844,0.24768929183483124,135.34078979492188,-0.4380253255367279,True,546.4135158976487
367,838061,305.2173156738281,0.23181526362895966,126.6670150756836,-0.07740120589733124,True,546.4135158976487
368,839988,211.71331787109375,0.2208908498287201,120.6977310180664,-0.3437562584877014,True,546.4135158976487
369,842013,245.0461883544922,0.23921360075473785,130.70957946777344,-0.5744144320487976,True,546.4135158976487
370,843826,211.39779663085938,0.24171672761440277,132.07728576660156,-0.4569358825683594,True,546.4135158976487
371,845835,228.59738159179688,0.24003483355045319,131.15826416015625,-0.14052850008010864,True,546.4135158976487
372,847652,226.87107849121094,0.25640082359313965,140.1008758544922,-0.2661447525024414,True,546.4135158976487
373,849808,284.78631591796875,0.230144202709198,125.75392150878906,-0.7534990310668945,True,546.4135158976487
374,851665,426.5642395019531,0.25620996952056885,139.99659729003906,-0.5862240195274353,True,546.4135158976487
375,853728,224.8524627685547,0.23263607919216156,127.1155014038086,-0.35652634501457214,True,546.4135158976487
376,855721,232.08737182617188,0.24255003035068512,132.53260803222656,0.7807559370994568,True,546.4135158976487
377,857548,312.488525390625,0.24493344128131866,133.83494567871094,-0.5896220207214355,True,546.4135158976487
378,859407,198.44525146484375,0.24386851489543915,133.25303649902344,-0.4082697331905365,True,546.4135158976487
379,861326,281.3226318359375,0.24665316939353943,134.7745819091797,-0.4154529869556427,True,546.4135158976487
380,863227,220.5494842529297,0.22885523736476898,125.04959869384766,-0.5277504920959473,True,546.4135158976487
381,865084,330.9249572753906,0.22239632904529572,121.5203628540039,-0.6498802304267883,True,546.4135158976487
382,867266,371.6375427246094,0.2050149142742157,112.02294158935547,-0.7253109216690063,True,546.4135158976487
383,869365,199.84654235839844,0.2154514491558075,117.72557830810547,-0.5645017623901367,True,546.4135158976487
384,871415,246.41720581054688,0.2344815880060196,128.12391662597656,-0.18612317740917206,True,546.4135158976487
385,873371,115.73225402832031,0.22701342403888702,124.04318237304688,-0.3807584345340729,True,546.4135158976487
386,875246,184.36380004882812,0.2385326623916626,130.33746337890625,-0.190140500664711,True,546.4135158976487
387,877144,186.58770751953125,0.23260894417762756,127.10067749023438,-0.21644067764282227,True,546.4135158976487
388,879088,254.34425354003906,0.2311796098947525,126.31966400146484,-0.7249755859375,True,546.4135158976487
389,881115,163.99237060546875,0.2216126173734665,121.09213256835938,-0.7931597232818604,True,546.4135158976487
390,883164,214.2569122314453,0.22636538743972778,123.68913269042969,-0.33285778760910034,True,546.4135158976487
391,884950,225.98587036132812,0.21831336617469788,119.28937530517578,-0.7198039889335632,True,546.4135158976487
392,886878,188.64173889160156,0.2219303846359253,121.26576232910156,-0.8564327955245972,True,546.4135158976487
393,889035,278.3664855957031,0.26119938492774963,142.722900390625,-0.6588525176048279,True,546.4135158976487
394,891186,243.5831756591797,0.2152874916791916,117.6360092163086,-0.5707567930221558,True,546.4135158976487
395,893087,238.78309631347656,0.2640675902366638,144.2901153564453,-0.28991860151290894,True,546.4135158976487
396,895537,478.12335205078125,0.2035839557647705,111.24102783203125,-0.5020612478256226,True,546.4135158976487
397,898125,150.62245178222656,0.23440928757190704,128.08441162109375,0.1870722621679306,True,546.4135158976487
398,900003,141.8031768798828,0.22523188591003418,123.06970977783203,-0.6653915047645569,True,546.4135158976487
399,901878,198.0143280029297,0.20723997056484222,113.23872375488281,-0.0699598416686058,True,546.4135158976487
400,903878,221.6603240966797,0.22541257739067078,123.16847229003906,-0.030405985191464424,True,546.4135158976487
401,905815,240.0225372314453,0.2252245843410492,123.06573486328125,-0.182400181889534,True,546.4135158976487
402,907761,175.2916259765625,0.22306546568870544,121.88599395751953,-0.022335795685648918,True,546.4135158976487
403,909717,152.36582946777344,0.2094574272632599,114.45037841796875,-0.7739393711090088,True,546.4135158976487
404,911541,240.4742431640625,0.23743315041065216,129.7366485595703,-0.8688488006591797,True,546.4135158976487
405,913622,173.37887573242188,0.20896132290363312,114.1792984008789,0.7172263860702515,True,546.4135158976487
406,915339,225.63937377929688,0.20623548328876495,112.68984985351562,-0.36532455682754517,True,546.4135158976487
407,917337,336.85015869140625,0.19071754813194275,104.21065521240234,-0.7023963332176208,True,546.4135158976487
408,919375,371.5809020996094,0.17763537168502808,97.06236267089844,-0.18809774518013,True,546.4135158976487
409,921284,328.8636474609375,0.21794667840003967,119.0890121459961,-0.9256959557533264,True,546.4135158976487
410,923521,416.43634033203125,0.17829960584640503,97.4253158569336,-0.9159390926361084,True,546.4135158976487
411,925739,261.1688537597656,0.2064463496208191,112.80506896972656,-0.3123919665813446,True,546.4135158976487
412,927571,325.2841491699219,0.2060641497373581,112.59625244140625,-0.4429188072681427,True,546.4135158976487
413,929665,174.44183349609375,0.2108878791332245,115.23200225830078,0.14475618302822113,True,546.4135158976487
414,931608,240.69857788085938,0.19729001820087433,107.80192565917969,-0.6033596992492676,True,546.4135158976487
415,933664,248.4904327392578,0.20163396000862122,110.1755142211914,-0.8375218510627747,True,546.4135158976487
416,936029,318.35296630859375,0.21704940497875214,118.59873962402344,0.4718286097049713,True,546.4135158976487
417,937973,273.3766784667969,0.20746462047100067,113.3614730834961,-0.6003248691558838,True,546.4135158976487
418,939923,123.78372192382812,0.2188698947429657,119.59345245361328,-0.1903018206357956,True,546.4135158976487
419,941835,253.56472778320312,0.21094897389411926,115.26537322998047,-0.79747074842453,True,546.4135158976487
420,943855,179.48143005371094,0.21571595966815948,117.87010955810547,0.007369044236838818,True,546.4135158976487
421,945653,145.7108154296875,0.20521198213100433,112.13060760498047,-0.213156595826149,True,546.4135158976487
422,948056,346.3214416503906,0.18362118303775787,100.33309173583984,-0.6557438373565674,True,546.4135158976487
423,950287,330.3455505371094,0.2037774920463562,111.34677124023438,-0.5890612006187439,True,546.4135158976487
424,952359,319.7152099609375,0.20825932919979095,113.79569244384766,-0.6980939507484436,True,546.4135158976487
425,954288,273.1399230957031,0.206411674618721,112.78611755371094,-0.8312922716140747,True,546.4135158976487
426,956193,228.6871337890625,0.20778530836105347,113.53671264648438,-0.6642191410064697,True,546.4135158976487
427,958005,164.1009521484375,0.23243436217308044,127.00526428222656,-0.8726077675819397,True,546.4135158976487
428,959783,203.85475158691406,0.2279607653617859,124.56084442138672,0.3993323743343353,True,546.4135158976487
429,961827,268.62103271484375,0.21520136296749115,117.58894348144531,-0.42263978719711304,True,546.4135158976487
430,963877,250.36717224121094,0.22059299051761627,120.53499603271484,-0.6553744673728943,True,546.4135158976487
431,965804,391.91204833984375,0.2107728272676468,115.16910552978516,-0.8889707326889038,True,546.4135158976487
432,967760,184.20957946777344,0.23565085232257843,128.76280212402344,0.31064102053642273,True,546.4135158976487
433,969588,230.63629150390625,0.21442754566669464,117.16610717773438,-0.4004247784614563,True,546.4135158976487
434,971365,400.52349853515625,0.21802674233913422,119.13270568847656,-0.8702281713485718,True,546.4135158976487
435,973577,271.0052185058594,0.22436323761940002,122.5950698852539,0.2297765612602234,True,546.4135158976487
436,975418,194.8367462158203,0.222975954413414,121.83708190917969,-0.18793901801109314,True,546.4135158976487
437,977631,316.77178955078125,0.22640252113342285,123.70938873291016,-0.4786730706691742,True,546.4135158976487
438,979352,277.5184631347656,0.24046938121318817,131.39572143554688,-0.7622072696685791,True,546.4135158976487
439,981076,281.16253662109375,0.2181151807308197,119.18109130859375,-0.7480036616325378,True,546.4135158976487
440,982929,235.50392150878906,0.22616399824619293,123.57907104492188,-0.49272236227989197,True,546.4135158976487
441,984827,293.0207214355469,0.23769047856330872,129.87730407714844,-0.36825278401374817,True,546.4135158976487
442,986626,235.15725708007812,0.2351895421743393,128.5107421875,-0.35580974817276,True,546.4135158976487
443,988586,184.6424560546875,0.23870176076889038,130.4298553466797,0.3097788691520691,True,546.4135158976487
444,990501,229.9626922607422,0.23297226428985596,127.2992172241211,-0.35296767950057983,True,546.4135158976487
445,992369,198.40780639648438,0.25296705961227417,138.22457885742188,-0.4175220727920532,True,546.4135158976487
446,994504,126.6494140625,0.22617067396640778,123.58271789550781,-0.3852640688419342,True,546.4135158976487
447,996438,250.96096801757812,0.21033425629138947,114.92945098876953,-0.5556231737136841,True,546.4135158976487
448,998248,235.91311645507812,0.22778813540935516,124.46651458740234,-0.8221511840820312,True,546.4135158976487
449,1000269,306.5279846191406,0.22995586693286896,125.65099334716797,0.05842865630984306,True,546.4135158976487
450,1002157,287.5191345214844,0.22032073140144348,120.38619995117188,-0.4743529260158539,True,546.4135158976487
451,1004127,345.2477111816406,0.22466616332530975,122.76061248779297,-0.7191624045372009,True,546.4135158976487
452,1006200,359.1532897949219,0.2098311483860016,114.65460968017578,-0.4055803716182709,True,546.4135158976487
453,1008279,239.6117706298828,0.21649987995624542,118.29845428466797,-0.642300546169281,True,546.4135158976487
454,1010149,118.68756866455078,0.2355038970708847,128.68251037597656,-0.479717880487442,True,546.4135158976487
455,1012182,386.2629089355469,0.21345020830631256,116.63206481933594,-0.528184711933136,True,546.4135158976487
456,1014230,295.08282470703125,0.23228977620601654,126.92623901367188,-0.5976267457008362,True,546.4135158976487
457,1016117,274.8182678222656,0.20356202125549316,111.2290267944336,-0.6197450160980225,True,546.4135158976487
458,1018247,281.0751647949219,0.2121562957763672,115.9250717163086,0.19376088678836823,True,546.4135158976487
459,1020453,274.1734619140625,0.2472849041223526,135.11981201171875,-0.1705845296382904,True,546.4135158976487
460,1022302,155.08815002441406,0.21343542635440826,116.62400817871094,0.34427177906036377,True,546.4135158976487
461,1024282,295.38043212890625,0.20453830063343048,111.7624740600586,-0.5957143902778625,True,546.4135158976487
462,1026091,306.32373046875,0.2389315515756607,130.55543518066406,-0.6675799489021301,True,546.4135158976487
463,1028190,382.17694091796875,0.20467008650302887,111.83451843261719,-0.7980858683586121,True,546.4135158976487
464,1030165,339.6003112792969,0.21454636752605438,117.23101806640625,-0.43972963094711304,True,546.4135158976487
465,1032221,334.52203369140625,0.2435426414012909,133.07501220703125,-0.689165472984314,True,546.4135158976487
466,1034323,260.2983093261719,0.212171271443367,115.93325805664062,-0.2156985104084015,True,546.4135158976487
467,1036436,240.2407684326172,0.21538998186588287,117.69200134277344,-0.7120805382728577,True,546.4135158976487
468,1038824,137.7587432861328,0.21985894441604614,120.1338882446289,0.028900908306241035,True,546.4135158976487
469,1040868,216.288330078125,0.2219598889350891,121.28187561035156,-0.6885988712310791,True,546.4135158976487
470,1042983,357.0152587890625,0.2620690166950226,143.1980438232422,-0.5256510972976685,True,546.4135158976487
471,1045158,252.50811767578125,0.22804994881153107,124.60957336425781,-0.3888739347457886,True,546.4135158976487
472,1046839,310.8428039550781,0.2176537960767746,118.92898559570312,-0.8788536787033081,True,546.4135158976487
473,1048774,263.6844482421875,0.23146960139274597,126.47811889648438,-0.8330211639404297,True,546.4135158976487
474,1050696,358.48028564453125,0.2333345264196396,127.49715423583984,-0.8753619194030762,True,546.4135158976487
475,1052550,165.0218963623047,0.2563825845718384,140.0908966064453,-0.008087714202702045,True,546.4135158976487
476,1054203,246.38467407226562,0.24203966557979584,132.25375366210938,-0.25653406977653503,True,546.4135158976487
477,1056074,237.09671020507812,0.2481260448694229,135.5793914794922,-0.215154767036438,True,546.4135158976487
478,1058035,244.97109985351562,0.2474612593650818,135.21617126464844,-0.48999589681625366,True,546.4135158976487
479,1059758,130.28903198242188,0.24669180810451508,134.79571533203125,-0.2363283336162567,True,546.4135158976487
480,1061426,181.59347534179688,0.2559625804424286,139.86141967773438,0.5102947354316711,True,546.4135158976487
481,1063348,158.77259826660156,0.279651403427124,152.8052978515625,0.09352083504199982,True,546.4135158976487
482,1065471,129.24380493164062,0.2616118788719177,142.94827270507812,0.22254255414009094,True,546.4135158976487
483,1067523,294.3883972167969,0.23560325801372528,128.7367706298828,-0.672978401184082,True,546.4135158976487
484,1069622,324.7254943847656,0.23991085588932037,131.0905303955078,-0.4909798800945282,True,546.4135158976487
485,1071419,144.63336181640625,0.21202389895915985,115.85272216796875,-0.2712804675102234,True,546.4135158976487
486,1073343,406.4263610839844,0.2205280214548111,120.49949645996094,-0.9244547486305237,True,546.4135158976487
487,1075486,205.322021484375,0.22196850180625916,121.28659057617188,-0.6177406907081604,True,546.4135158976487
488,1077438,281.0829772949219,0.23132166266441345,126.39727783203125,-0.8272196054458618,True,546.4135158976487
489,1079558,429.9549560546875,0.21226859092712402,115.98643493652344,-0.7109629511833191,True,546.4135158976487
490,1081747,166.83450317382812,0.21497908234596252,117.46746826171875,-0.7979257106781006,True,546.4135158976487
491,1083752,336.09222412109375,0.22086581587791443,120.68404388427734,-0.5614139437675476,True,546.4135158976487
492,1085800,296.9440002441406,0.25863999128341675,141.32437133789062,-0.1448928713798523,True,546.4135158976487
493,1087995,219.3040008544922,0.2196737676858902,120.03269958496094,-0.2860616445541382,True,546.4135158976487
494,1090077,297.64190673828125,0.24112799763679504,131.75559997558594,-0.3230770528316498,True,546.4135158976487
495,1092106,243.05551147460938,0.22857670485973358,124.89739990234375,-0.29616332054138184,True,546.4135158976487
496,1094016,355.4866943359375,0.23728644847869873,129.65650939941406,-0.787692666053772,True,546.4135158976487
497,1095926,197.8629608154297,0.24677911400794983,134.8434295654297,-0.6123129725456238,True,546.4135158976487
498,1098375,298.1064147949219,0.2336380034685135,127.66297912597656,-0.7483088374137878,True,546.4135158976487
499,1100117,222.27511596679688,0.24563747644424438,134.21963500976562,-0.3786326050758362,True,546.4135158976487
500,1101830,194.25221252441406,0.2334047555923462,127.53551483154297,-0.7287440896034241,True,546.4135158976487
501,1103628,399.826171875,0.2526393532752991,138.0455780029297,-0.0688849464058876,True,546.4135158976487
502,1105870,461.0709228515625,0.2509233355522156,137.10789489746094,-0.8732195496559143,True,546.4135158976487
503,1108227,261.0950012207031,0.24642764031887054,134.65139770507812,0.21941111981868744,True,546.4135158976487
504,1110144,103.10853576660156,0.2441173940896988,133.38902282714844,-0.5398759841918945,True,546.4135158976487
505,1112124,249.64761352539062,0.23714742064476013,129.58056640625,-0.6903690099716187,True,546.4135158976487
506,1113992,162.8289337158203,0.2491319179534912,136.12904357910156,-0.09195802360773087,True,546.4135158976487
507,1116074,227.7775115966797,0.25966137647628784,141.88247680664062,-0.28335219621658325,True,546.4135158976487
508,1117910,264.3609619140625,0.24943436682224274,136.2943115234375,0.46347182989120483,True,546.4135158976487
509,1119544,218.13555908203125,0.24365614354610443,133.13702392578125,-0.7832873463630676,True,546.4135158976487
510,1121730,259.4798583984375,0.23803026974201202,130.0629425048828,-0.7143275737762451,True,546.4135158976487
511,1123294,228.1669464111328,0.25407543778419495,138.83026123046875,0.23105783760547638,True,546.4135158976487
512,1124928,268.3183898925781,0.22343681752681732,122.08888244628906,-0.7783392667770386,True,546.4135158976487
513,1126774,211.63589477539062,0.2363721877336502,129.15696716308594,-0.626487135887146,True,546.4135158976487
514,1128996,219.66458129882812,0.23892870545387268,130.55386352539062,-0.5964573621749878,True,546.4135158976487
515,1130715,212.66404724121094,0.246272012591362,134.5663604736328,-0.2902674973011017,True,546.4135158976487
516,1132922,341.0599060058594,0.23308522999286652,127.36093139648438,-0.7003966569900513,True,546.4135158976487
517,1134828,410.3251037597656,0.22932563722133636,125.3066177368164,-0.38502228260040283,True,546.4135158976487
518,1136660,242.70230102539062,0.21664421260356903,118.3773422241211,-0.7230625748634338,True,546.4135158976487
519,1138482,201.55233764648438,0.235904261469841,128.90127563476562,-0.5805846452713013,True,546.4135158976487
520,1140384,127.57624053955078,0.2282889485359192,124.74017333984375,-0.28934475779533386,True,546.4135158976487
521,1142432,233.8710174560547,0.2241584211587906,122.4831771850586,-0.016974197700619698,True,546.4135158976487
522,1144340,240.92282104492188,0.22676876187324524,123.90951538085938,-0.09936951845884323,True,546.4135158976487
523,1146302,197.30599975585938,0.23157936334609985,126.53810119628906,0.11154408007860184,True,546.4135158976487
524,1148273,204.41024780273438,0.2317255139350891,126.61792755126953,0.01179323997348547,True,546.4135158976487
525,1150149,265.7311096191406,0.22719405591487885,124.14189910888672,-0.410037636756897,True,546.4135158976487
526,1152077,261.7102966308594,0.2247178554534912,122.78886413574219,-0.8440210819244385,True,546.4135158976487
527,1153881,225.43727111816406,0.22251757979393005,121.58662414550781,-0.6097757816314697,True,546.4135158976487
528,1155824,263.2637939453125,0.20870517194271088,114.0393295288086,-0.1973637193441391,True,546.4135158976487
529,1158080,266.3777160644531,0.19924254715442657,108.86882781982422,-0.8767335414886475,True,546.4135158976487
530,1159939,178.23609924316406,0.195857435464859,107.01912689208984,-0.6866338849067688,True,546.4135158976487
531,1161715,330.85748291015625,0.198799267411232,108.62659454345703,-0.7128004431724548,True,546.4135158976487
532,1163704,122.04651641845703,0.1870843470096588,102.22540283203125,-0.6072357296943665,True,546.4135158976487
533,1165767,324.8849182128906,0.21151460707187653,115.57445526123047,-0.7496994733810425,True,546.4135158976487
534,1167907,269.494140625,0.1969706267118454,107.62740325927734,-0.17210888862609863,True,546.4135158976487
535,1170061,308.7808837890625,0.1928461492061615,105.37377166748047,-0.7443760633468628,True,546.4135158976487
536,1172327,217.49346923828125,0.19868585467338562,108.56462097167969,-0.7684817314147949,True,546.4135158976487
537,1174255,236.2448272705078,0.20169170200824738,110.20704650878906,-0.2984146177768707,True,546.4135158976487
538,1176248,297.1634216308594,0.21840129792690277,119.33740997314453,-0.9187692999839783,True,546.4135158976487
539,1178060,328.82464599609375,0.2093794047832489,114.4077377319336,-0.6094631552696228,True,546.4135158976487
540,1180090,104.5380859375,0.22593487799167633,123.453857421875,-0.07747487723827362,True,546.4135158976487
541,1182332,398.9306640625,0.22259658575057983,121.6297836303711,-0.7064207792282104,True,546.4135158976487
542,1184641,188.0429229736328,0.20682796835899353,113.01361083984375,-0.8309457898139954,True,546.4135158976487
543,1186589,297.9544982910156,0.22269119322299957,121.68148040771484,-0.6212641596794128,True,546.4135158976487
544,1188472,282.3923034667969,0.2221478670835495,121.38459014892578,-0.7738834023475647,True,546.4135158976487
545,1190567,255.8998260498047,0.21646171808242798,118.2776107788086,-0.71892911195755,True,546.4135158976487
546,1192554,186.46905517578125,0.24674008786678314,134.82211303710938,-0.2202175259590149,True,546.4135158976487
547,1194427,235.5498504638672,0.25603410601615906,139.90048217773438,-0.7135666608810425,True,546.4135158976487
548,1196679,302.1587829589844,0.24404491484165192,133.34942626953125,-0.11867689341306686,True,546.4135158976487
549,1198572,294.562744140625,0.2327069342136383,127.15422821044922,-0.40833714604377747,True,546.4135158976487
550,1200472,318.35955810546875,0.2370443344116211,129.52423095703125,-0.047162700444459915,True,546.4135158976487
551,1202380,169.579345703125,0.28349757194519043,154.9069366455078,-0.41171082854270935,True,546.4135158976487
552,1204245,236.6917724609375,0.23736456036567688,129.6991729736328,-0.7913300395011902,True,546.4135158976487
553,1206265,294.8887023925781,0.2525326907634735,137.98728942871094,-0.6158797740936279,True,546.4135158976487
554,1208003,286.0909729003906,0.24456888437271118,133.63577270507812,-0.6068828701972961,True,546.4135158976487
555,1209970,243.8206329345703,0.24660252034664154,134.74693298339844,0.059672776609659195,True,546.4135158976487
556,1211690,287.2889709472656,0.2524877190589905,137.96267700195312,-0.5985469818115234,True,546.4135158976487
557,1213507,129.0287628173828,0.22771793603897095,124.42815399169922,0.31628522276878357,True,546.4135158976487
558,1215584,313.62103271484375,0.22666075825691223,123.85050201416016,-0.9101368188858032,True,546.4135158976487
559,1217569,202.35214233398438,0.25623705983161926,140.01138305664062,-0.3943115174770355,True,546.4135158976487
560,1219478,219.223388671875,0.2502537965774536,136.74205017089844,-0.5277557969093323,True,546.4135158976487
561,1221232,284.5075378417969,0.24923580884933472,136.18582153320312,-0.8044012784957886,True,546.4135158976487
562,1223029,111.6418685913086,0.25344327092170715,138.48483276367188,-0.5660653114318848,True,546.4135158976487
563,1224827,237.61155700683594,0.25453123450279236,139.079345703125,-0.18394219875335693,True,546.4135158976487
564,1226704,216.5745849609375,0.2443411648273468,133.5112762451172,-0.15029378235340118,True,546.4135158976487
565,1228761,272.02252197265625,0.26925235986709595,147.1231231689453,-0.7959643006324768,True,546.4135158976487
566,1230678,228.5157928466797,0.26417824625968933,144.35057067871094,-0.6977535486221313,True,546.4135158976487
567,1232592,321.6342468261719,0.2557980418205261,139.77149963378906,-0.4981786906719208,True,546.4135158976487
568,1234586,90.6415023803711,0.2833389937877655,154.82022094726562,0.024220094084739685,True,546.4135158976487
569,1236672,178.8334503173828,0.2358212172985077,128.85589599609375,-0.57098388671875,True,546.4135158976487
570,1238451,270.1506652832031,0.22711685299873352,124.0997314453125,-0.413474977016449,True,546.4135158976487
571,1240579,289.0410461425781,0.2581850588321686,141.0758056640625,-0.4468475580215454,True,546.4135158976487
572,1242242,349.6702880859375,0.2579706907272339,140.95867919921875,-0.7603079080581665,True,546.4135158976487
573,1244162,164.985107421875,0.2519298791885376,137.6578826904297,-0.7967126369476318,True,546.4135158976487
574,1245979,193.53648376464844,0.24763186275959015,135.3094024658203,-0.6291465163230896,True,546.4135158976487
575,1247817,237.97119140625,0.23938757181167603,130.8046112060547,0.47584137320518494,True,546.4135158976487
576,1250179,234.028564453125,0.2435542643070221,133.0813446044922,-0.6411382555961609,True,546.4135158976487
577,1252421,379.5009765625,0.24329574406147003,132.94007873535156,-0.8058094382286072,True,546.4135158976487
578,1254317,153.7408905029297,0.2636209726333618,144.04605102539062,0.3038695156574249,True,546.4135158976487
579,1256061,335.75604248046875,0.22944633662700653,125.3725814819336,-0.8721914291381836,True,546.4135158976487
580,1257878,185.6091766357422,0.24017377197742462,131.23419189453125,-0.5778129696846008,True,546.4135158976487
581,1259555,246.8641357421875,0.2406678944826126,131.50418090820312,-0.8499805331230164,True,546.4135158976487
582,1261361,299.2954406738281,0.24287527799606323,132.71034240722656,-0.5847706198692322,True,546.4135158976487
583,1263469,100.34965515136719,0.26026883721351624,142.21441650390625,-0.18394820392131805,True,546.4135158976487
584,1265262,102.98875427246094,0.269398957490921,147.20323181152344,-0.2503072917461395,True,546.4135158976487
585,1267216,314.88580322265625,0.2179936319589615,119.11467742919922,-0.7657123804092407,True,546.4135158976487
586,1269255,323.8605041503906,0.21773068606853485,118.97100067138672,-0.6990882158279419,True,546.4135158976487
587,1271169,315.2585144042969,0.24903522431850433,136.0762176513672,-0.9414957165718079,True,546.4135158976487
588,1273005,265.73779296875,0.23132950067520142,126.40156555175781,-0.6535993814468384,True,546.4135158976487
589,1274773,389.2431945800781,0.22705936431884766,124.06831359863281,-0.7474678158760071,True,546.4135158976487
590,1276724,201.4669952392578,0.2487560659646988,135.9237060546875,-0.12905040383338928,True,546.4135158976487
591,1278471,169.6678924560547,0.2666560709476471,145.70448303222656,-0.6539103984832764,True,546.4135158976487
592,1280390,245.0704803466797,0.2475792020559311,135.28062438964844,-0.7800142765045166,True,546.4135158976487
593,1282263,244.54627990722656,0.25457775592803955,139.1046905517578,-0.05640672519803047,True,546.4135158976487
594,1284175,247.47903442382812,0.254644513130188,139.14120483398438,-0.9008631110191345,True,546.4135158976487
595,1286188,258.0087890625,0.23996277153491974,131.11891174316406,0.20320120453834534,True,546.4135158976487
596,1288051,185.0314483642578,0.2581046521663666,141.03187561035156,-0.590454638004303,True,546.4135158976487
597,1289638,139.39642333984375,0.2590468227863312,141.5467071533203,-0.4822089970111847,True,546.4135158976487
598,1291243,259.2135925292969,0.2656862437725067,145.17454528808594,-0.5521654486656189,True,546.4135158976487
599,1293079,136.69215393066406,0.2671527564525604,145.97589111328125,0.018643198534846306,True,546.4135158976487
600,1294794,290.43560791015625,0.2628742456436157,143.6380615234375,-0.25091272592544556,True,546.4135158976487
601,1296613,268.5466003417969,0.2574606239795685,140.6799774169922,0.018156597390770912,True,546.4135158976487
602,1298332,203.30921936035156,0.2496899962425232,136.43399047851562,-0.6094407439231873,True,546.4135158976487
603,1299983,226.93878173828125,0.2372417449951172,129.632080078125,-0.7270795702934265,True,546.4135158976487
604,1301763,257.4368896484375,0.22077031433582306,120.63186645507812,-0.5217453837394714,True,546.4135158976487
605,1303428,237.11012268066406,0.23153629899024963,126.51456451416016,-0.5916445255279541,True,546.4135158976487
606,1305301,284.3765869140625,0.23611955344676971,129.01893615722656,-0.11209375411272049,True,546.4135158976487
607,1307079,213.79429626464844,0.23465052247047424,128.2162322998047,-0.6440128087997437,True,546.4135158976487
608,1309044,422.8252868652344,0.23891833424568176,130.5482177734375,-0.6681602597236633,True,546.4135158976487
609,1310866,373.53460693359375,0.21370035409927368,116.76875305175781,-0.8708209991455078,True,546.4135158976487
610,1312944,226.2883758544922,0.20752578973770142,113.39488220214844,-0.5895625352859497,True,546.4135158976487
611,1314972,362.61138916015625,0.23003824055194855,125.69599151611328,-0.7228789329528809,True,546.4135158976487
612,1316888,122.25487518310547,0.2557486295700073,139.7445068359375,0.19205588102340698,True,546.4135158976487
613,1318601,246.26124572753906,0.2489507496356964,136.03004455566406,-0.8079674243927002,True,546.4135158976487
614,1320371,253.8270263671875,0.24742884933948517,135.1984405517578,-0.7510780692100525,True,546.4135158976487
615,1321876,144.87611389160156,0.24253924190998077,132.5267333984375,-0.014030643738806248,True,546.4135158976487
616,1323902,375.2037658691406,0.2807803452014923,153.42218017578125,-0.6716204285621643,True,546.4135158976487
617,1325877,278.4169006347656,0.23463046550750732,128.20526123046875,-0.13668981194496155,True,546.4135158976487
618,1327655,333.91351318359375,0.25564876198768616,139.68992614746094,-0.7539635896682739,True,546.4135158976487
619,1329464,280.5193786621094,0.23820370435714722,130.15769958496094,-0.7801012396812439,True,546.4135158976487
620,1331307,344.0396423339844,0.21611006557941437,118.08546447753906,-0.2540362775325775,True,546.4135158976487
621,1333422,328.5957946777344,0.2543944716453552,139.00457763671875,-0.6995195150375366,True,546.4135158976487
622,1335364,219.0325469970703,0.25237059593200684,137.89869689941406,-0.653565526008606,True,546.4135158976487
623,1337173,207.21568298339844,0.2739808261394501,149.7068328857422,-0.3666039705276489,True,546.4135158976487
624,1339021,258.4098815917969,0.25100764632225037,137.15394592285156,-0.7039551734924316,True,546.4135158976487
625,1340788,193.52464294433594,0.23842613399028778,130.27926635742188,-0.527870237827301,True,546.4135158976487
626,1342633,239.1793975830078,0.27366772294044495,149.53575134277344,0.07662157714366913,True,546.4135158976487
627,1344547,267.74786376953125,0.2550264596939087,139.34986877441406,-0.4798979163169861,True,546.4135158976487
628,1346300,262.1998596191406,0.27664560079574585,151.1628875732422,-0.3842645287513733,True,546.4135158976487
629,1348310,164.28211975097656,0.25140002369880676,137.36839294433594,-0.610112190246582,True,546.4135158976487
630,1350143,230.7668914794922,0.2421785593032837,132.32962036132812,-0.8999667763710022,True,546.4135158976487
631,1351911,173.62205505371094,0.27469995617866516,150.0997772216797,-0.6519176959991455,True,546.4135158976487
632,1353309,270.53375244140625,0.23344893753528595,127.5596694946289,-0.8942667245864868,True,546.4135158976487
633,1354684,151.3650360107422,0.24608133733272552,134.46214294433594,-0.6365301609039307,True,546.4135158976487
634,1356313,261.5416259765625,0.23898591101169586,130.5851593017578,-0.5128888487815857,True,546.4135158976487
635,1358096,172.3362274169922,0.22174571454524994,121.16485595703125,-0.5374395847320557,True,546.4135158976487
636,1360274,174.27740478515625,0.2655465304851532,145.0981903076172,-0.5470678806304932,True,546.4135158976487
637,1361865,301.04913330078125,0.2767646014690399,151.22789001464844,-0.7535905241966248,True,546.4135158976487
638,1363784,343.8070068359375,0.24403728544712067,133.3452911376953,-0.9096759557723999,True,546.4135158976487
639,1365775,227.88465881347656,0.26045191287994385,142.31448364257812,-0.8783800005912781,True,546.4135158976487
640,1367518,196.2342987060547,0.2836288511753082,154.97860717773438,-0.3906148672103882,True,546.4135158976487
641,1369318,202.18333435058594,0.2677127718925476,146.2819061279297,-0.21671748161315918,True,546.4135158976487
642,1370830,454.80755615234375,0.2676984965801239,146.27407836914062,-0.6569231748580933,True,546.4135158976487
643,1372620,154.26914978027344,0.27740538120269775,151.5780792236328,0.5628293752670288,True,546.4135158976487
644,1374231,289.9397888183594,0.26645627617836,145.59530639648438,-0.31019553542137146,True,546.4135158976487
645,1376247,120.91863250732422,0.29120513796806335,159.11839294433594,-0.47400131821632385,True,546.4135158976487
646,1378044,372.63885498046875,0.2664659023284912,145.6005401611328,-0.8385504484176636,True,546.4135158976487
647,1379914,149.87652587890625,0.2951177656650543,161.25636291503906,0.632408618927002,True,546.4135158976487
648,1381841,342.0916442871094,0.24638418853282928,134.6276397705078,-0.8753966689109802,True,546.4135158976487
649,1383600,246.5272979736328,0.2555775046348572,139.65098571777344,-0.4378228485584259,True,546.4135158976487
650,1385476,212.78152465820312,0.25884294509887695,141.43524169921875,-0.27360883355140686,True,546.4135158976487
651,1387371,412.325439453125,0.271919310092926,148.58038330078125,-0.8255435228347778,True,546.4135158976487
652,1389382,170.96841430664062,0.2650415301322937,144.82228088378906,-0.32789239287376404,True,546.4135158976487
653,1391064,355.55206298828125,0.2485475391149521,135.8097381591797,-0.3302973508834839,True,546.4135158976487
654,1392974,147.29959106445312,0.26590782403945923,145.29562377929688,-0.11033701151609421,True,546.4135158976487
655,1394480,359.3614807128906,0.23041069507598877,125.89950561523438,-0.9290904402732849,True,546.4135158976487
656,1396344,289.64373779296875,0.2507423758506775,137.00901794433594,-0.8385576009750366,True,546.4135158976487
657,1398084,303.2254943847656,0.24485288560390472,133.79092407226562,-0.43438175320625305,True,546.4135158976487
658,1399939,279.53619384765625,0.25469034910202026,139.166259765625,-0.5662129521369934,True,546.4135158976487
659,1401909,269.9894104003906,0.2601768374443054,142.16415405273438,-0.5611344575881958,True,546.4135158976487
660,1403552,313.63787841796875,0.27103349566459656,148.09637451171875,-0.254218190908432,True,546.4135158976487
661,1405414,159.11715698242188,0.26804041862487793,146.4609375,-0.5466452240943909,True,546.4135158976487
662,1407267,193.32525634765625,0.2500630021095276,136.63778686523438,-0.829508900642395,True,546.4135158976487
663,1409216,205.6033172607422,0.2776997685432434,151.73892211914062,-0.2984166443347931,True,546.4135158976487
664,1411069,283.01953125,0.2527061104774475,138.08203125,-0.0936165377497673,True,546.4135158976487
665,1412722,178.1688232421875,0.27347108721733093,149.42832946777344,-0.5008252263069153,True,546.4135158976487
666,1414534,236.0998992919922,0.26455366611480713,144.55569458007812,-0.29655730724334717,True,546.4135158976487
667,1416397,261.9339294433594,0.2573966681957245,140.64503479003906,-0.4397391080856323,True,546.4135158976487
668,1418415,357.0248718261719,0.2831583023071289,154.7215118408203,-0.2544308006763458,True,546.4135158976487
669,1420543,144.86328125,0.2585182189941406,141.25784301757812,-0.34744930267333984,True,546.4135158976487
670,1422371,281.02349853515625,0.2595042884349823,141.79666137695312,-0.0736575573682785,True,546.4135158976487
671,1424105,276.0410461425781,0.2526768445968628,138.06605529785156,-0.8194674253463745,True,546.4135158976487
672,1426132,247.84002685546875,0.2470201849937439,134.9751739501953,-0.437656044960022,True,546.4135158976487
673,1428217,195.1050262451172,0.2413923442363739,131.90003967285156,-0.4242975115776062,True,546.4135158976487
674,1430168,172.95957946777344,0.2535019516944885,138.5168914794922,-0.11569695174694061,True,546.4135158976487
675,1431912,413.4916076660156,0.22320587933063507,121.96270751953125,-0.7018692493438721,True,546.4135158976487
676,1433880,252.17779541015625,0.23260299861431122,127.09741973876953,-0.7029509544372559,True,546.4135158976487
677,1435760,393.57476806640625,0.22565525770187378,123.3010482788086,-0.565993070602417,True,546.4135158976487
678,1437732,423.8304443359375,0.23331579566001892,127.48690032958984,-0.8653562068939209,True,546.4135158976487
679,1439449,324.59600830078125,0.2196967899799347,120.04528045654297,-0.9087607264518738,True,546.4135158976487
680,1441264,239.95013427734375,0.24663427472114563,134.76429748535156,-0.08403757959604263,True,546.4135158976487
681,1443242,191.60345458984375,0.24622610211372375,134.541259765625,-0.7567408680915833,True,546.4135158976487
682,1445004,272.7342529296875,0.24969078600406647,136.43441772460938,-0.13029791414737701,True,546.4135158976487
683,1447068,293.8661193847656,0.22644788026809692,123.73419189453125,-0.131727933883667,True,546.4135158976487
684,1449212,229.93080139160156,0.23874756693840027,130.4549102783203,-0.7316227555274963,True,546.4135158976487
685,1451171,275.8296203613281,0.25198790431022644,137.68959045410156,0.36219531297683716,True,546.4135158976487
686,1453209,107.33763885498047,0.26223886013031006,143.29086303710938,-0.31384027004241943,True,546.4135158976487
687,1454941,322.6844482421875,0.23419083654880524,127.96503448486328,-0.6906605362892151,True,546.4135158976487
688,1456907,232.661376953125,0.24400265514850616,133.32635498046875,-0.6924023628234863,True,546.4135158976487
689,1458909,266.75506591796875,0.2359159290790558,128.9076690673828,-0.7844141125679016,True,546.4135158976487
690,1460940,240.76223754882812,0.23252473771572113,127.05467224121094,-0.5879101157188416,True,546.4135158976487
691,1462899,309.1324157714844,0.2294093668460846,125.35240936279297,-0.5657398104667664,True,546.4135158976487
692,1464849,247.6341094970703,0.2228395938873291,121.76256561279297,-0.279182493686676,True,546.4135158976487
693,1466726,321.8500061035156,0.23163558542728424,126.56878662109375,0.6171016693115234,True,546.4135158976487
694,1469045,297.68084716796875,0.24576935172080994,134.29168701171875,-0.7908707857131958,True,546.4135158976487
695,1470795,286.4169921875,0.2502346932888031,136.73162841796875,-0.5261989235877991,True,546.4135158976487
696,1472657,206.1179656982422,0.22349300980567932,122.11958312988281,-0.3158115744590759,True,546.4135158976487
697,1474881,487.9403076171875,0.20488715171813965,111.95310974121094,-0.8982916474342346,True,546.4135158976487
698,1477165,264.6334533691406,0.23466289043426514,128.22296142578125,-0.7239937782287598,True,546.4135158976487
699,1479091,301.4393310546875,0.2204805314540863,120.4735336303711,-0.6512783765792847,True,546.4135158976487
700,1481377,327.98974609375,0.24127297103405,131.83480834960938,-0.9093726277351379,True,546.4135158976487
701,1483090,331.5865783691406,0.24701781570911407,134.97386169433594,-0.1187538281083107,True,546.4135158976487
702,1484851,252.531494140625,0.23955601453781128,130.89663696289062,-0.5035804510116577,True,546.4135158976487
703,1486747,348.2575378417969,0.25679391622543335,140.31565856933594,-0.5633509755134583,True,546.4135158976487
704,1488420,535.8058471679688,0.22141630947589874,120.98486328125,-0.738121509552002,True,546.4135158976487
705,1490618,265.3079833984375,0.25715094804763794,140.51075744628906,-0.5505743026733398,True,546.4135158976487
706,1492629,136.39443969726562,0.2549314498901367,139.29800415039062,-0.28712987899780273,True,546.4135158976487
707,1494418,314.4237976074219,0.2606632113456726,142.42990112304688,-0.5736643075942993,True,546.4135158976487
708,1496355,251.68943786621094,0.26711732149124146,145.95651245117188,-0.65680992603302,True,546.4135158976487
709,1498057,163.02780151367188,0.28043052554130554,153.2310333251953,-0.800943911075592,True,546.4135158976487
710,1499777,182.79708862304688,0.2808930277824402,153.48374938964844,-0.34983035922050476,True,546.4135158976487
711,1501645,221.5735321044922,0.2663343548774719,145.5286865234375,-0.2394939810037613,True,546.4135158976487
712,1503476,232.59039306640625,0.26847392320632935,146.69776916503906,-0.6406123042106628,True,546.4135158976487
713,1505280,284.4678955078125,0.25247523188591003,137.95590209960938,-0.5112096071243286,True,546.4135158976487
714,1507094,393.13714599609375,0.25173893570899963,137.55357360839844,-0.9214759469032288,True,546.4135158976487
715,1509067,331.076416015625,0.2792201340198517,152.5696563720703,-0.5881678462028503,True,546.4135158976487
716,1511192,181.88462829589844,0.30374646186828613,165.97119140625,0.24409322440624237,True,546.4135158976487
717,1513229,199.14744567871094,0.2740023732185364,149.71861267089844,0.15892739593982697,True,546.4135158976487
718,1515143,141.68983459472656,0.26993313431739807,147.4951171875,-0.37800586223602295,True,546.4135158976487
719,1516735,257.0622253417969,0.2698923945426941,147.47286987304688,-0.4001159071922302,True,546.4135158976487
720,1518632,154.9298553466797,0.2909795641899109,158.9951934814453,-0.026476705446839333,True,546.4135158976487
721,1520332,139.5861358642578,0.2765634059906006,151.1179962158203,0.758401095867157,True,546.4135158976487
722,1522077,150.93740844726562,0.2589157521724701,141.47506713867188,-0.24988962709903717,True,546.4135158976487
723,1524208,213.83424377441406,0.2605884373188019,142.3890380859375,-0.41156506538391113,True,546.4135158976487
724,1526506,315.0079650878906,0.2654806077480316,145.0621795654297,-0.47867193818092346,True,546.4135158976487
725,1528223,249.05714416503906,0.2525798976421356,138.01309204101562,-0.8147714138031006,True,546.4135158976487
726,1530302,375.34136962890625,0.22978278994560242,125.55642700195312,-0.8136443495750427,True,546.4135158976487
727,1532456,186.91671752929688,0.25757017731666565,140.7398223876953,0.26446256041526794,True,546.4135158976487
728,1534623,335.27410888671875,0.229884073138237,125.61175537109375,-0.7069054841995239,True,546.4135158976487
729,1536360,393.84075927734375,0.23425205051898956,127.9985122680664,-0.8720133900642395,True,546.4135158976487
730,1538592,236.27841186523438,0.2390989512205124,130.64688110351562,-0.712255597114563,True,546.4135158976487
731,1540786,141.6700439453125,0.23407669365406036,127.90266418457031,-0.6582203507423401,True,546.4135158976487
732,1542838,324.3713073730469,0.23512953519821167,128.47799682617188,-0.47603684663772583,True,546.4135158976487
733,1544759,385.9996032714844,0.22206737101078033,121.34062194824219,-0.530509889125824,True,546.4135158976487
734,1546864,291.7286071777344,0.23596806824207306,128.93612670898438,-0.5695022344589233,True,546.4135158976487
735,1548704,266.3564453125,0.23356220126152039,127.62153625488281,-0.19706039130687714,True,546.4135158976487
736,1550801,318.0705261230469,0.2407749444246292,131.56268310546875,-0.8154195547103882,True,546.4135158976487
737,1552703,173.41207885742188,0.2436971515417099,133.159423828125,0.004433003719896078,True,546.4135158976487
738,1554517,225.89736938476562,0.22662661969661713,123.83184814453125,-0.23179343342781067,True,546.4135158976487
739,1556549,355.5856628417969,0.22551687061786652,123.22547149658203,-0.7550389170646667,True,546.4135158976487
740,1558361,378.83892822265625,0.22627320885658264,123.63870239257812,-0.8022481799125671,True,546.4135158976487
741,1560513,228.6550750732422,0.23413895070552826,127.93670654296875,-0.3754558861255646,True,546.4135158976487
742,1562496,318.1583251953125,0.224496990442276,122.6681900024414,-0.7632001042366028,True,546.4135158976487
743,1564537,220.89776611328125,0.25442633032798767,139.02198791503906,-0.6553786993026733,True,546.4135158976487
744,1566725,176.19351196289062,0.26027095317840576,142.215576171875,-0.3548818528652191,True,546.4135158976487
745,1568561,273.3439025878906,0.2459699809551239,134.40130615234375,-0.6488205790519714,True,546.4135158976487
746,1570367,182.00540161132812,0.25516360998153687,139.42483520507812,0.138212189078331,True,546.4135158976487
747,1572189,353.93731689453125,0.24208177626132965,132.27676391601562,-0.8834112882614136,True,546.4135158976487
748,1573914,208.1069793701172,0.25711506605148315,140.4911651611328,-0.7338327169418335,True,546.4135158976487
749,1575576,276.39697265625,0.2480754554271698,135.5518035888672,-0.5753118991851807,True,546.4135158976487
750,1577458,158.0281219482422,0.27427351474761963,149.8667755126953,-0.2369525283575058,True,546.4135158976487
751,1579548,287.769775390625,0.25287315249443054,138.17327880859375,-0.4285188913345337,True,546.4135158976487
752,1581549,230.2246551513672,0.268666535615921,146.80300903320312,-0.6469009518623352,True,546.4135158976487
753,1583196,236.1708221435547,0.2505013644695282,136.87733459472656,-0.682523787021637,True,546.4135158976487
754,1585009,377.89849853515625,0.25232362747192383,137.87301635742188,-0.9271190762519836,True,546.4135158976487
755,1586788,132.53738403320312,0.2734065651893616,149.39303588867188,-0.5170453190803528,True,546.4135158976487
756,1588503,250.4300537109375,0.2808630168437958,153.4673309326172,0.2515549957752228,True,546.4135158976487
757,1590352,209.5269012451172,0.2747076153755188,150.1039581298828,-0.44585320353507996,True,546.4135158976487
758,1592147,270.34808349609375,0.2686639130115509,146.8015899658203,-0.6062015295028687,True,546.4135158976487
759,1594042,182.04347229003906,0.2932852804660797,160.2550506591797,0.8705061078071594,True,546.4135158976487
760,1595817,172.99420166015625,0.26763737201690674,146.2406768798828,-0.3058249056339264,True,546.4135158976487
761,1597603,244.63485717773438,0.27038219571113586,147.74046325683594,0.7714208960533142,True,546.4135158976487
762,1599518,255.69187927246094,0.27525267004966736,150.40176391601562,-0.4440833032131195,True,546.4135158976487
763,1601418,257.1053161621094,0.2624127268791199,143.38584899902344,-0.15557830035686493,True,546.4135158976487
764,1603192,286.12591552734375,0.24172216653823853,132.08026123046875,-0.9026428461074829,True,546.4135158976487
765,1605047,477.8233947753906,0.24250102043151855,132.505859375,-0.7058085203170776,True,546.4135158976487
766,1606829,354.62579345703125,0.24646998941898346,134.6745147705078,-0.9131643176078796,True,546.4135158976487
767,1608548,299.2326354980469,0.24580372869968414,134.31044006347656,-0.4783971905708313,True,546.4135158976487
768,1610341,171.26760864257812,0.24561481177806854,134.2072296142578,-0.7113418579101562,True,546.4135158976487
769,1612434,351.3962097167969,0.28809988498687744,157.4216766357422,-0.14519904553890228,True,546.4135158976487
770,1614437,265.5255432128906,0.2605634331703186,142.3753662109375,-0.7958745956420898,True,546.4135158976487
771,1616176,443.0227355957031,0.2539645731449127,138.76966857910156,-0.48016631603240967,True,546.4135158976487
772,1618654,366.7135009765625,0.2594586908817291,141.7717742919922,-0.27744993567466736,True,546.4135158976487
773,1620707,368.0909118652344,0.23943570256233215,130.83090209960938,-0.8630646467208862,True,546.4135158976487
774,1622725,145.29061889648438,0.25986844301223755,141.99562072753906,0.1319514662027359,True,546.4135158976487
775,1624492,232.62472534179688,0.24687246978282928,134.8944549560547,-0.09327468276023865,True,546.4135158976487
776,1626310,310.185302734375,0.24478936195373535,133.75625610351562,-0.23290497064590454,True,546.4135158976487
777,1628600,231.10028076171875,0.2413157820701599,131.85821533203125,-0.7198428511619568,True,546.4135158976487
778,1630326,266.9618225097656,0.2519643306732178,137.67669677734375,-0.5899866223335266,True,546.4135158976487
779,1631954,311.2383728027344,0.2617599368095398,143.02914428710938,-0.7472712397575378,True,546.4135158976487
780,1633507,223.75732421875,0.23570102453231812,128.79022216796875,0.36787527799606323,True,546.4135158976487
781,1635374,313.0540466308594,0.24477490782737732,133.74832153320312,-0.4871663451194763,True,546.4135158976487
782,1637179,468.5957946777344,0.2531583607196808,138.3291473388672,-0.621965229511261,True,546.4135158976487
783,1639439,144.66046142578125,0.26357609033584595,144.02157592773438,-0.21316123008728027,True,546.4135158976487
784,1641484,392.8070373535156,0.25813084840774536,141.0461883544922,-0.768165647983551,True,546.4135158976487
785,1643510,215.71237182617188,0.24858680367469788,135.8311767578125,-0.749362051486969,True,546.4135158976487
786,1645378,359.6478576660156,0.24598658084869385,134.410400390625,-0.6764534115791321,True,546.4135158976487
787,1647426,237.0394287109375,0.25925108790397644,141.6583251953125,0.17513471841812134,True,546.4135158976487
788,1649203,300.9690856933594,0.24924814701080322,136.1925506591797,-0.660836935043335,True,546.4135158976487
789,1650993,210.0497283935547,0.2415681779384613,131.99609375,0.08583927154541016,True,546.4135158976487
790,1652994,235.72828674316406,0.2498829960823059,136.5394287109375,-0.5468884110450745,True,546.4135158976487
791,1654792,256.36663818359375,0.22428648173809052,122.55316162109375,-0.7843064665794373,True,546.4135158976487
792,1656716,252.67562866210938,0.24672119319438934,134.81178283691406,-0.5126351118087769,True,546.4135158976487
793,1658561,295.1349792480469,0.26044219732284546,142.30914306640625,-0.5574037432670593,True,546.4135158976487
794,1660404,351.375,0.23020420968532562,125.78672790527344,-0.39228537678718567,True,546.4135158976487
795,1662422,274.2675476074219,0.24047884345054626,131.40089416503906,-0.9046921133995056,True,546.4135158976487
796,1664283,176.5228729248047,0.26352253556251526,143.99229431152344,-0.49966806173324585,True,546.4135158976487
797,1665884,204.16668701171875,0.24157491326332092,131.99977111816406,-0.7273686528205872,True,546.4135158976487
798,1667510,192.98155212402344,0.2622767388820648,143.31155395507812,-0.29937252402305603,True,546.4135158976487
799,1669401,325.3341369628906,0.2587871849536896,141.40481567382812,-0.20110030472278595,True,546.4135158976487
800,1671031,250.61936950683594,0.2748996615409851,150.20884704589844,-0.3267289400100708,True,546.4135158976487
801,1672970,136.32046508789062,0.2711225152015686,148.14500427246094,-0.2804590165615082,True,546.4135158976487
802,1674969,316.6011657714844,0.26542842388153076,145.03369140625,-0.4008076786994934,True,546.4135158976487
803,1677184,305.294677734375,0.25135356187820435,137.34298706054688,-0.8066844344139099,True,546.4135158976487
804,1679088,318.7995300292969,0.2634212374687195,143.93687438964844,-0.8781182169914246,True,546.4135158976487
805,1681235,187.3603057861328,0.2533043920993805,138.40895080566406,-0.745705783367157,True,546.4135158976487
806,1682900,327.33447265625,0.2652142345905304,144.91664123535156,-0.7723132371902466,True,546.4135158976487
807,1684676,146.61251831054688,0.2569144666194916,140.3815460205078,-0.3558908700942993,True,546.4135158976487
808,1686384,153.9552001953125,0.2716335356235504,148.42425537109375,0.1593204140663147,True,546.4135158976487
809,1688243,113.50186157226562,0.2631010115146637,143.76193237304688,-0.3512099087238312,True,546.4135158976487
810,1689878,367.6327209472656,0.24013423919677734,131.21261596679688,-0.9271896481513977,True,546.4135158976487
811,1691805,255.53277587890625,0.24992284178733826,136.5612030029297,-0.4125983715057373,True,546.4135158976487
812,1693571,197.4091339111328,0.25093045830726624,137.11181640625,-0.5619901418685913,True,546.4135158976487
813,1695430,324.28369140625,0.2564918100833893,140.15060424804688,-0.41534194350242615,True,546.4135158976487
814,1697188,313.71441650390625,0.23537659645080566,128.6129608154297,-0.7781355977058411,True,546.4135158976487
815,1699109,206.635986328125,0.24368727207183838,133.15402221679688,-0.4604591727256775,True,546.4135158976487
816,1701108,226.22018432617188,0.2658945620059967,145.28836059570312,0.03700726479291916,True,546.4135158976487
817,1702880,297.8548583984375,0.2541634738445282,138.87835693359375,-0.8850815296173096,True,546.4135158976487
818,1704600,379.24896240234375,0.2544737756252289,139.04791259765625,-0.5631415843963623,True,546.4135158976487
819,1706623,311.3030090332031,0.2607753574848175,142.49118041992188,-0.5208233594894409,True,546.4135158976487
820,1708333,180.9341583251953,0.2651875615119934,144.90206909179688,-0.3973104655742645,True,546.4135158976487
821,1710085,174.4105987548828,0.2724475860595703,148.86904907226562,0.29006481170654297,True,546.4135158976487
822,1711835,175.0555877685547,0.2551991939544678,139.44430541992188,-0.6225560307502747,True,546.4135158976487
823,1713655,410.43524169921875,0.2576596140861511,140.78871154785156,-0.9091959595680237,True,546.4135158976487
824,1715669,153.86370849609375,0.24788570404052734,135.44810485839844,-0.6649959087371826,True,546.4135158976487
825,1717477,195.44435119628906,0.2453072965145111,134.0392303466797,0.32174837589263916,True,546.4135158976487
826,1719291,216.43980407714844,0.24819183349609375,135.61537170410156,0.23768360912799835,True,546.4135158976487
827,1721351,320.6539611816406,0.25948044657707214,141.7836151123047,-0.6315803527832031,True,546.4135158976487
828,1723324,203.89356994628906,0.26215338706970215,143.24415588378906,0.3898846507072449,True,546.4135158976487
829,1725843,343.6896667480469,0.23891623318195343,130.5470733642578,-0.806708037853241,True,546.4135158976487
830,1727957,157.2875213623047,0.2520082890987396,137.7007293701172,-0.08811690658330917,True,546.4135158976487
831,1729465,370.4998779296875,0.2392934411764145,130.75318908691406,-0.7765637040138245,True,546.4135158976487
832,1731634,173.4676513671875,0.24318112432956696,132.87745666503906,0.18222548067569733,True,546.4135158976487
833,1733769,252.7675323486328,0.22450076043605804,122.67023468017578,-0.5674026608467102,True,546.4135158976487
834,1735725,226.8698272705078,0.25438860058784485,139.00135803222656,-0.5579025149345398,True,546.4135158976487
835,1737616,259.806396484375,0.25392550230026245,138.7483367919922,-0.3045707941055298,True,546.4135158976487
836,1739756,155.70030212402344,0.24761401116847992,135.2996368408203,-0.4796198606491089,True,546.4135158976487
837,1741991,225.14849853515625,0.21860654652118683,119.4495849609375,-0.18630552291870117,True,546.4135158976487
838,1744080,284.0128173828125,0.21265144646167755,116.19561004638672,-0.16697780787944794,True,546.4135158976487
839,1746139,385.77349853515625,0.24238485097885132,132.44236755371094,0.22764933109283447,True,546.4135158976487
840,1748160,343.73272705078125,0.2232956439256668,122.01175689697266,-0.687068521976471,True,546.4135158976487
841,1750256,261.5738220214844,0.22110426425933838,120.8143539428711,-0.5366963148117065,True,546.4135158976487
842,1752186,402.0022888183594,0.22062534093856812,120.55265808105469,-0.707156777381897,True,546.4135158976487
843,1754499,418.7934265136719,0.16874933242797852,92.2069091796875,-0.7946816086769104,True,546.4135158976487
844,1756878,250.49411010742188,0.2093733847141266,114.40447235107422,-0.7635095715522766,True,546.4135158976487
845,1758717,187.34329223632812,0.21798311173915863,119.10891723632812,0.15322276949882507,True,546.4135158976487
846,1760469,213.466796875,0.22135062515735626,120.948974609375,0.2708812952041626,True,546.4135158976487
847,1762388,275.0947570800781,0.20197376608848572,110.36121368408203,-0.7629282474517822,True,546.4135158976487
848,1764367,265.5083923339844,0.22826403379440308,124.72655487060547,-0.6817314028739929,True,546.4135158976487
849,1766475,306.67547607421875,0.2269200086593628,123.99214935302734,-0.7164323925971985,True,546.4135158976487
850,1768395,297.5407409667969,0.22007068991661072,120.24958801269531,-0.7981293201446533,True,546.4135158976487
851,1770525,353.9996032714844,0.21003560721874237,114.76626586914062,-0.8906369209289551,True,546.4135158976487
852,1772663,158.9518280029297,0.22966840863227844,125.4939193725586,-0.7546510100364685,True,546.4135158976487
853,1774651,387.2628173828125,0.2321498692035675,126.84980773925781,-0.6368094086647034,True,546.4135158976487
854,1777222,209.98463439941406,0.22278234362602234,121.73129272460938,-0.8219338655471802,True,546.4135158976487
855,1779211,242.0626983642578,0.23623351752758026,129.08120727539062,-0.7845585346221924,True,546.4135158976487
856,1781330,323.3292236328125,0.23338423669338226,127.52429962158203,-0.6866180300712585,True,546.4135158976487
857,1783081,258.328125,0.2493622601032257,136.25491333007812,-0.8712153434753418,True,546.4135158976487
858,1784950,323.90533447265625,0.25295764207839966,138.21946716308594,-0.9173911809921265,True,546.4135158976487
859,1786877,505.3374328613281,0.24899384379386902,136.05361938476562,-0.9201071858406067,True,546.4135158976487
860,1788815,266.41552734375,0.2733094394207001,149.33999633789062,-0.5794957876205444,True,546.4135158976487
861,1790637,379.5620422363281,0.2793864905834198,152.66055297851562,-0.6919469833374023,True,546.4135158976487
862,1792580,94.74956512451172,0.2833653688430786,154.8346710205078,-0.5508468151092529,True,546.4135158976487
863,1794328,301.1706848144531,0.2867201566696167,156.66778564453125,-0.8710927963256836,True,546.4135158976487
864,1795983,223.8241424560547,0.2911645472049713,159.09622192382812,-0.020441902801394463,True,546.4135158976487
865,1797762,223.64903259277344,0.34015747904777527,185.86666870117188,-0.020389217883348465,True,546.4135158976487
866,1799652,198.00436401367188,0.3068695664405823,167.67770385742188,-0.6433679461479187,True,546.4135158976487
867,1801542,264.0042724609375,0.33171841502189636,181.2554473876953,0.012034030631184578,True,546.4135158976487
868,1803353,322.4731140136719,0.2977587580680847,162.69940185546875,-0.4794120788574219,True,546.4135158976487
869,1805372,272.89178466796875,0.29982084035873413,163.82615661621094,-0.8708315491676331,True,546.4135158976487
870,1807225,234.16848754882812,0.27852538228034973,152.19004821777344,-0.9335651397705078,True,546.4135158976487
871,1808902,105.6618423461914,0.32079625129699707,175.28741455078125,-0.2390255331993103,True,546.4135158976487
872,1810449,202.7334442138672,0.3157622218132019,172.5367431640625,-0.11475247889757156,True,546.4135158976487
873,1812049,232.2917022705078,0.3021363615989685,165.09136962890625,-0.5411790609359741,True,546.4135158976487
874,1813607,381.25115966796875,0.3343728482723236,182.70584106445312,-0.9300324320793152,True,546.4135158976487
875,1815301,207.3508758544922,0.3082350194454193,168.4237518310547,-0.2306138277053833,True,546.4135158976487
876,1816916,256.0273132324219,0.2974435091018677,162.52716064453125,-0.8494654297828674,True,546.4135158976487
877,1818633,388.6279602050781,0.27589431405067444,150.7523956298828,-0.8696837425231934,True,546.4135158976487
878,1820535,467.01263427734375,0.2872757911682129,156.97137451171875,-0.7078192830085754,True,546.4135158976487
879,1822453,210.6062774658203,0.3161742687225342,172.7618865966797,-0.71487957239151,True,546.4135158976487
880,1824202,204.70309448242188,0.3103927969932556,169.60281372070312,-0.3999956548213959,True,546.4135158976487
881,1825889,226.2100067138672,0.32613909244537354,178.20677185058594,-0.16024278104305267,True,546.4135158976487
882,1827486,205.08921813964844,0.31427592039108276,171.72462463378906,-0.16572973132133484,True,546.4135158976487
883,1829184,191.3855438232422,0.2856592833995819,156.08810424804688,-0.3207607865333557,True,546.4135158976487
884,1830983,283.6258239746094,0.32024243474006653,174.9847869873047,-0.5160972476005554,True,546.4135158976487
885,1832739,229.61187744140625,0.31074148416519165,169.79330444335938,-0.04750445857644081,True,546.4135158976487
886,1834142,285.705810546875,0.3188698887825012,174.2348175048828,-0.6906281113624573,True,546.4135158976487
887,1835777,308.9706726074219,0.323218435049057,176.61093139648438,-0.6848573088645935,True,546.4135158976487
888,1837612,271.1346435546875,0.29567110538482666,161.5587158203125,-0.44075700640678406,True,546.4135158976487
889,1839075,213.9737548828125,0.29807373881340027,162.87152099609375,-0.8784712553024292,True,546.4135158976487
890,1840690,339.51361083984375,0.31080031394958496,169.82550048828125,-0.8751994967460632,True,546.4135158976487
891,1842254,405.5604248046875,0.29153919219970703,159.3009490966797,-0.6561819911003113,True,546.4135158976487
892,1843877,179.9795684814453,0.31307268142700195,171.06715393066406,-0.436604380607605,True,546.4135158976487
893,1845418,178.0581512451172,0.32082581520080566,175.30357360839844,-0.4889998733997345,True,546.4135158976487
894,1846873,268.74969482421875,0.28711360692977905,156.8827362060547,-0.7973538041114807,True,546.4135158976487
895,1848621,258.457275390625,0.29433611035346985,160.8292236328125,-0.6974732875823975,True,546.4135158976487
896,1850159,299.3910827636719,0.27883854508399963,152.36114501953125,-0.7999002933502197,True,546.4135158976487
897,1851925,322.1693115234375,0.2875020205974579,157.094970703125,-0.8750667572021484,True,546.4135158976487
898,1853744,194.91140747070312,0.32410675287246704,177.0963134765625,0.27003714442253113,True,546.4135158976487
899,1855246,243.1715545654297,0.2985157072544098,163.1129913330078,-0.20227178931236267,True,546.4135158976487
900,1856799,248.25604248046875,0.3168879449367523,173.15184020996094,-0.45746180415153503,True,546.4135158976487
901,1858422,237.8711395263672,0.2749139070510864,150.2166748046875,-0.5490192770957947,True,546.4135158976487
902,1860197,321.1562805175781,0.31836673617362976,173.95989990234375,-0.7292768955230713,True,546.4135158976487
903,1861937,163.87229919433594,0.25790005922317505,140.92007446289062,-0.6799443364143372,True,546.4135158976487
904,1863672,227.43682861328125,0.29387304186820984,160.57618713378906,-0.32814234495162964,True,546.4135158976487
905,1865260,167.12814331054688,0.27568289637565613,150.63685607910156,-0.7286795973777771,True,546.4135158976487
906,1866960,330.7672119140625,0.2840968668460846,155.23435974121094,-0.7339736223220825,True,546.4135158976487
907,1868755,244.54872131347656,0.328741192817688,179.62860107421875,-0.7131202816963196,True,546.4135158976487
908,1870597,294.4615478515625,0.27154478430747986,148.37576293945312,-0.7602561712265015,True,546.4135158976487
909,1872444,199.42205810546875,0.2836415469646454,154.98561096191406,-0.6913900375366211,True,546.4135158976487
910,1874332,151.22445678710938,0.2866371273994446,156.62240600585938,-0.6600271463394165,True,546.4135158976487
911,1875728,180.91644287109375,0.31454721093177795,171.8728485107422,0.33762937784194946,True,546.4135158976487
912,1877214,305.01373291015625,0.2716677784919739,148.44293212890625,-0.7708727121353149,True,546.4135158976487
913,1879036,101.9009017944336,0.2974329888820648,162.5214080810547,0.3160153031349182,True,546.4135158976487
914,1880810,124.86056518554688,0.28998470306396484,158.45156860351562,0.29566463828086853,True,546.4135158976487
915,1882381,196.78968811035156,0.2727856934070587,149.05380249023438,-0.4362705945968628,True,546.4135158976487
916,1884259,250.02357482910156,0.26345178484916687,143.95359802246094,-0.785014808177948,True,546.4135158976487
917,1886119,261.89459228515625,0.2709757089614868,148.0647735595703,-0.42628780007362366,True,546.4135158976487
918,1887773,162.94558715820312,0.2663608193397522,145.5431365966797,-0.5966210961341858,True,546.4135158976487
919,1889422,170.75265502929688,0.2800154685974121,153.0042266845703,-0.6113726496696472,True,546.4135158976487
920,1890914,159.65505981445312,0.254336416721344,138.9728546142578,-0.3768816590309143,True,546.4135158976487
921,1892753,313.78070068359375,0.23662930727005005,129.29747009277344,-0.7173293828964233,True,546.4135158976487
922,1894771,204.02316284179688,0.26100438833236694,142.6163330078125,-0.4624303877353668,True,546.4135158976487
923,1896694,270.1684265136719,0.2451612800359726,133.9594268798828,-0.5019269585609436,True,546.4135158976487
924,1898897,173.0546417236328,0.23551860451698303,128.69053649902344,-0.3251620829105377,True,546.4135158976487
925,1900820,516.8278198242188,0.24998411536216736,136.5947265625,-0.7642072439193726,True,546.4135158976487
926,1902924,219.36537170410156,0.2667143642902374,145.73631286621094,-0.48236513137817383,True,546.4135158976487
927,1905045,250.6077117919922,0.2275695651769638,124.3470687866211,-0.842128574848175,True,546.4135158976487
928,1907182,154.62725830078125,0.22837750613689423,124.78856658935547,-0.6839022040367126,True,546.4135158976487
929,1908895,243.55514526367188,0.2403300553560257,131.319580078125,-0.5554154515266418,True,546.4135158976487
930,1911040,429.53851318359375,0.23184223473072052,126.68170928955078,-0.7853055000305176,True,546.4135158976487
931,1913041,115.49601745605469,0.26036369800567627,142.2662353515625,0.27993112802505493,True,546.4135158976487
932,1914959,298.6025695800781,0.254968523979187,139.31825256347656,-0.6038536429405212,True,546.4135158976487
933,1916871,176.82623291015625,0.24480144679546356,133.7628173828125,0.16155697405338287,True,546.4135158976487
934,1918667,360.5579833984375,0.2353191375732422,128.58154296875,-0.6199517846107483,True,546.4135158976487
935,1920557,283.7371520996094,0.2425689846277237,132.54298400878906,-0.7908496856689453,True,546.4135158976487
936,1922556,253.5148468017578,0.2533656358718872,138.44239807128906,-0.6183427572250366,True,546.4135158976487
937,1924185,372.88934326171875,0.24274931848049164,132.64151000976562,-0.810253918170929,True,546.4135158976487
938,1926069,309.36651611328125,0.2525707185268402,138.00807189941406,-0.2921387851238251,True,546.4135158976487
939,1928045,305.4650573730469,0.2541728615760803,138.8834991455078,-0.7920511364936829,True,546.4135158976487
940,1929963,170.11790466308594,0.25789186358451843,140.9156036376953,-0.7164838314056396,True,546.4135158976487
941,1931698,162.6824951171875,0.26823922991752625,146.5695037841797,0.3833364248275757,True,546.4135158976487
942,1933508,255.7801513671875,0.2517549693584442,137.56228637695312,-0.6288962960243225,True,546.4135158976487
943,1935546,245.9922637939453,0.2720319330692291,148.64195251464844,-0.08179731667041779,True,546.4135158976487
944,1937617,132.98365783691406,0.24683856964111328,134.87594604492188,-0.3816970884799957,True,546.4135158976487
945,1939427,209.99232482910156,0.2523752450942993,137.9012451171875,-0.17558187246322632,True,546.4135158976487
946,1941413,232.37884521484375,0.25473567843437195,139.1910400390625,-0.15198124945163727,True,546.4135158976487
947,1943117,138.39419555664062,0.2377585470676422,129.91445922851562,-0.3873499929904938,True,546.4135158976487
948,1945045,228.22216796875,0.254881352186203,139.27064514160156,-0.03031091019511223,True,546.4135158976487
949,1946803,191.05352783203125,0.24933400750160217,136.23947143554688,-0.19047939777374268,True,546.4135158976487
950,1948631,257.6549072265625,0.22547772526741028,123.2040786743164,-0.5482251644134521,True,546.4135158976487
951,1950325,238.77670288085938,0.23542122542858124,128.6373291015625,0.17507846653461456,True,546.4135158976487
952,1952373,171.86929321289062,0.21405626833438873,116.96321868896484,-0.36953994631767273,True,546.4135158976487
953,1954599,410.3912658691406,0.24193648993968964,132.19735717773438,-0.33854278922080994,True,546.4135158976487
954,1956583,217.2722930908203,0.22374634444713593,122.25802612304688,-0.20909994840621948,True,546.4135158976487
955,1958735,300.8547668457031,0.2069503217935562,113.0804672241211,-0.7378813028335571,True,546.4135158976487
956,1960673,347.1181945800781,0.23250922560691833,127.04618072509766,-0.7130140066146851,True,546.4135158976487
957,1962848,192.00836181640625,0.19919218122959137,108.84129333496094,-0.6926212310791016,True,546.4135158976487
958,1965122,253.0511932373047,0.23169748485088348,126.60263061523438,-0.22899116575717926,True,546.4135158976487
959,1967250,213.4687957763672,0.21609248220920563,118.07583618164062,-0.4987685978412628,True,546.4135158976487
960,1969144,337.6092529296875,0.20632091164588928,112.7365493774414,-0.7433819770812988,True,546.4135158976487
961,1971400,314.6693420410156,0.18457424640655518,100.85387420654297,-0.9099910855293274,True,546.4135158976487
962,1973879,186.50674438476562,0.2044367641210556,111.70699310302734,-0.3247922360897064,True,546.4135158976487
963,1976105,433.498046875,0.19106002151966095,104.39779663085938,-0.9220518469810486,True,546.4135158976487
964,1978202,230.01333618164062,0.21173164248466492,115.69300079345703,-0.5528239011764526,True,546.4135158976487
965,1980238,334.4904479980469,0.181921124458313,99.40416717529297,-0.8381741642951965,True,546.4135158976487
966,1982700,405.6265869140625,0.18405689299106598,100.5711669921875,-0.7696576714515686,True,546.4135158976487
967,1985309,367.8663024902344,0.21955814957618713,119.96953582763672,-0.8417770862579346,True,546.4135158976487
968,1987684,178.52838134765625,0.2352614551782608,128.55001831054688,0.02116943895816803,True,546.4135158976487
969,1989835,239.65560913085938,0.23217608034610748,126.8641357421875,-0.4970850944519043,True,546.4135158976487
970,1991670,178.69873046875,0.24960285425186157,136.38633728027344,-0.7662972807884216,True,546.4135158976487
971,1993220,242.09225463867188,0.22434154152870178,122.583251953125,-0.6162083148956299,True,546.4135158976487
972,1995168,179.20895385742188,0.2772245705127716,151.47923278808594,0.7076095342636108,True,546.4135158976487
973,1996964,191.95962524414062,0.2522052824497223,137.80838012695312,-0.7608053684234619,True,546.4135158976487
974,1998686,265.49713134765625,0.25701504945755005,140.43649291992188,-0.6138157844543457,True,546.4135158976487
975,2000552,283.89398193359375,0.27270445227622986,149.00938415527344,-0.6208951473236084,True,546.4135158976487
976,2002503,323.7020263671875,0.24845832586288452,135.76097106933594,-0.48290950059890747,True,546.4135158976487
977,2004575,224.7924346923828,0.22577805817127228,123.36817169189453,-0.6818968057632446,True,546.4135158976487
978,2006644,229.74655151367188,0.25232869386672974,137.8757781982422,-0.15906602144241333,True,546.4135158976487
979,2008798,315.62628173828125,0.24990713596343994,136.5526580810547,-0.7765113711357117,True,546.4135158976487
980,2010585,196.79225158691406,0.2563537061214447,140.07513427734375,-0.43139976263046265,True,546.4135158976487
981,2012785,239.111328125,0.23808550834655762,130.0931396484375,-0.7626445889472961,True,546.4135158976487
982,2014701,230.5207061767578,0.24778105318546295,135.3909149169922,-0.6061751842498779,True,546.4135158976487
983,2016462,183.24461364746094,0.2719894349575043,148.6186981201172,-0.08322545886039734,True,546.4135158976487
984,2018341,359.8825378417969,0.25070902705192566,136.9907989501953,-0.8778238892555237,True,546.4135158976487
985,2020458,218.18490600585938,0.26139137148857117,142.8278045654297,-0.8014550805091858,True,546.4135158976487
986,2022167,200.57901000976562,0.2988717555999756,163.3075714111328,0.8206335306167603,True,546.4135158976487
987,2023952,392.86383056640625,0.2401427924633026,131.21726989746094,-0.8695974946022034,True,546.4135158976487
988,2025789,339.1571044921875,0.2625610828399658,143.4669189453125,-0.5509130358695984,True,546.4135158976487
989,2027929,216.70114135742188,0.2812701463699341,153.68980407714844,-0.4003905653953552,True,546.4135158976487
990,2029398,197.93374633789062,0.28747180104255676,157.0784912109375,-0.2304694801568985,True,546.4135158976487
991,2031339,337.2971496582031,0.2648840844631195,144.73623657226562,-0.8332892656326294,True,546.4135158976487
992,2033154,265.9083557128906,0.28567612171173096,156.0972900390625,-0.7099122405052185,True,546.4135158976487
993,2034949,322.53399658203125,0.27110159397125244,148.13356018066406,0.28720784187316895,True,546.4135158976487
994,2036951,244.5037078857422,0.2628307044506073,143.61424255371094,-0.8189685940742493,True,546.4135158976487
995,2038628,261.5489807128906,0.2868936359882355,156.76255798339844,-0.7676828503608704,True,546.4135158976487
996,2040491,284.0603942871094,0.2759665846824646,150.7918701171875,-0.3125028610229492,True,546.4135158976487
997,2042394,188.9204559326172,0.2745260000228882,150.00473022460938,0.15374083817005157,True,546.4135158976487
998,2044502,159.13043212890625,0.2736669182777405,149.53530883789062,-0.5190109610557556,True,546.4135158976487
999,2046230,269.3541564941406,0.27623844146728516,150.9404296875,0.5624274611473083,True,546.4135158976487
