iteration,train_reward,best_reward,kl,grad_norm,nat_grad_norm,entropy,mean_std,return_mean,return_std,episode_len,rollout_time,update_time,total_time
0,0.8945,0.8945,5.791463e-06,1.324399e+02,1.754857e+03,1.837757,0.606706,-0.2201,6.2053,500.0,5.7077,1.3727,7.0803
1,0.4424,0.8945,8.060964e-06,1.494653e+02,1.941087e+03,1.837437,0.605879,-0.7316,6.1207,500.0,6.0281,0.7706,6.7987
2,2.0882,2.0882,1.192583e-05,1.844272e+02,2.134251e+03,1.837793,0.606706,-0.3156,6.5936,500.0,6.0207,0.7485,6.7691
3,1.7459,2.0882,1.212313e-05,1.823190e+02,2.161589e+03,1.837969,0.60671,-0.2409,6.8252,500.0,5.9901,0.7609,6.751
4,2.6599,2.6599,1.188224e-05,1.936653e+02,2.175231e+03,1.838657,0.606786,0.0728,6.6308,500.0,7.1346,0.8124,7.947
5,4.0012,4.0012,1.232400e-05,2.298245e+02,2.246599e+03,1.83902,0.606805,0.5143,6.6409,500.0,6.8839,0.7583,7.6422
6,5.668,5.668,1.502975e-05,2.009892e+02,2.412104e+03,1.83905,0.606805,1.2192,7.0095,500.0,7.0839,0.7523,7.8362
7,4.5559,5.668,1.326114e-05,2.074342e+02,2.195753e+03,1.83972,0.607033,0.6579,6.8229,500.0,6.5077,0.778,7.2857
8,4.8281,5.668,1.034128e-05,1.738487e+02,2.462711e+03,1.840014,0.607089,0.6941,7.1999,500.0,7.3721,0.7715,8.1436
9,6.2323,6.2323,1.294233e-05,2.652233e+02,2.303354e+03,1.840403,0.607096,1.0601,7.0063,500.0,7.1027,0.7751,7.8778
10,7.6437,7.6437,1.581708e-05,2.406771e+02,2.711811e+03,1.84109,0.607734,1.5755,7.8632,500.0,7.4475,0.7465,8.1939
11,7.829,7.829,1.633214e-05,1.786769e+02,2.766638e+03,1.841736,0.607807,1.6704,7.7583,500.0,7.287,0.76,8.047
12,8.2066,8.2066,1.400661e-05,1.496852e+02,2.631105e+03,1.841643,0.607806,2.1086,7.8768,500.0,7.4658,0.7757,8.2415
13,7.8495,8.2066,1.763661e-05,1.733094e+02,2.816572e+03,1.842018,0.607813,1.7754,7.4567,500.0,7.0072,0.7729,7.7801
14,9.2318,9.2318,1.245718e-05,1.648712e+02,2.707797e+03,1.842083,0.607826,2.5041,7.902,500.0,7.1376,0.7716,7.9092
15,10.8247,10.8247,1.840005e-05,2.772862e+02,2.836962e+03,1.842297,0.607831,2.045,7.8224,500.0,6.8848,0.7463,7.6311
16,11.3779,11.3779,1.960354e-05,1.874614e+02,2.871761e+03,1.843104,0.608063,2.9136,7.6964,500.0,6.0722,0.773,6.8451
17,10.4633,11.3779,1.392413e-05,1.234051e+02,2.875128e+03,1.842817,0.608044,2.4274,8.02,500.0,6.9153,0.7669,7.6822
18,12.0881,12.0881,1.367216e-05,2.564510e+02,2.334770e+03,1.84174,0.607807,2.8215,8.2702,500.0,7.5318,0.7804,8.3123
19,14.2473,14.2473,2.399576e-05,2.637267e+02,2.735694e+03,1.842789,0.608044,2.9491,8.6388,500.0,7.5829,0.7585,8.3414
20,12.4583,14.2473,1.594435e-05,1.956547e+02,2.790184e+03,1.8426,0.60804,2.5881,8.638,500.0,8.0008,0.778,8.7788
21,14.8131,14.8131,2.691256e-05,2.340248e+02,2.875738e+03,1.842962,0.608059,3.094,9.0829,500.0,7.3586,0.7846,8.1431
22,15.7704,15.7704,1.938625e-05,2.358243e+02,2.678036e+03,1.84219,0.607827,3.5799,8.6054,500.0,7.4595,0.8051,8.2646
23,16.7979,16.7979,2.240680e-05,2.185612e+02,2.956446e+03,1.841144,0.607735,3.4593,9.0539,500.0,7.8148,0.7509,8.5656
24,17.5119,17.5119,3.061552e-05,1.372277e+02,3.569365e+03,1.841297,0.607748,3.2677,8.9431,500.0,7.5565,0.7594,8.316
25,17.7735,17.7735,2.297056e-05,2.197642e+02,3.291294e+03,1.841396,0.60775,4.5096,9.1454,500.0,6.6095,0.7456,7.3551
26,18.9151,18.9151,2.448834e-05,2.345964e+02,3.277022e+03,1.841354,0.607749,4.3688,8.9422,500.0,6.1495,0.7772,6.9267
27,19.6734,19.6734,1.436865e-05,2.790901e+02,2.439132e+03,1.841003,0.60773,4.8441,8.7914,500.0,6.0716,0.7886,6.8602
28,19.9541,19.9541,2.141008e-05,2.905847e+02,3.367259e+03,1.842385,0.607832,4.4832,9.1978,500.0,7.323,0.7707,8.0936
29,20.6541,20.6541,2.559821e-05,2.032322e+02,3.587374e+03,1.842792,0.608044,4.7702,9.5036,500.0,7.5588,0.7634,8.3222
30,21.1446,21.1446,1.926671e-05,2.639560e+02,2.908389e+03,1.842884,0.608058,5.6114,9.1622,500.0,7.1777,0.7547,7.9324
31,20.6783,21.1446,1.747211e-05,2.884531e+02,3.100549e+03,1.842577,0.608039,4.3745,9.0862,500.0,8.3711,0.7462,9.1173
32,22.7319,22.7319,2.697207e-05,3.589929e+02,3.270473e+03,1.842766,0.608044,5.7682,9.7319,500.0,7.5668,0.8222,8.389
33,23.4067,23.4067,2.984631e-05,2.472551e+02,3.407579e+03,1.843223,0.608115,5.7489,9.6711,500.0,6.9875,0.776,7.7635
34,24.4372,24.4372,2.868506e-05,2.972241e+02,3.818917e+03,1.843546,0.608121,5.7593,9.8527,500.0,8.0093,0.7654,8.7747
35,25.063,25.063,2.566040e-05,2.031462e+02,3.492450e+03,1.843525,0.608121,6.1397,9.7593,500.0,8.318,0.7609,9.0789
36,26.1741,26.1741,1.910979e-05,1.341219e+02,3.469066e+03,1.842897,0.608058,6.6972,9.6324,500.0,7.8932,0.7621,8.6554
37,24.5979,26.1741,1.613577e-05,1.924862e+02,3.266656e+03,1.843639,0.608135,6.033,10.2786,500.0,6.281,0.7623,7.0433
38,25.8532,26.1741,2.126451e-05,1.832786e+02,3.569466e+03,1.84277,0.608044,6.7481,9.9184,500.0,6.4358,0.7642,7.2001
39,26.3995,26.3995,2.226588e-05,2.370228e+02,3.647609e+03,1.84289,0.608058,6.2791,10.0866,500.0,6.5723,0.7899,7.3622
40,25.6732,26.3995,2.853754e-05,3.104574e+02,3.590714e+03,1.842441,0.608038,6.0558,9.8649,500.0,7.3938,0.7806,8.1744
41,25.2114,26.3995,1.738317e-05,2.245589e+02,3.264584e+03,1.841969,0.607812,5.5966,9.9061,500.0,6.2619,0.7467,7.0086
42,27.0894,27.0894,1.660482e-05,2.360782e+02,3.764778e+03,1.842926,0.608058,7.0892,10.044,500.0,7.1821,0.7748,7.9569
43,27.9704,27.9704,1.886550e-05,2.072264e+02,4.087836e+03,1.842922,0.608058,6.7368,9.882,500.0,6.8992,0.787,7.6862
44,27.957,27.9704,2.343773e-05,2.641370e+02,3.590314e+03,1.842234,0.60783,6.7476,10.1783,500.0,7.6517,0.7423,8.394
45,28.2121,28.2121,2.667846e-05,2.526800e+02,3.708438e+03,1.843582,0.608122,7.3297,10.3091,500.0,7.0381,0.7714,7.8095
46,28.5686,28.5686,2.000587e-05,2.086218e+02,3.766994e+03,1.843815,0.608139,7.0639,10.515,500.0,6.468,0.7942,7.2621
47,29.6974,29.6974,2.024153e-05,2.380474e+02,3.887345e+03,1.843441,0.60812,7.9601,9.7878,500.0,7.7778,0.744,8.5218
48,30.2002,30.2002,2.085248e-05,1.935221e+02,3.644467e+03,1.844422,0.608983,8.4986,9.9483,500.0,7.3863,0.7355,8.1217
49,28.9339,30.2002,2.423766e-05,1.824800e+02,4.015237e+03,1.845051,0.609046,7.1651,10.5548,500.0,6.057,0.7175,6.7745
50,29.9362,30.2002,1.708252e-05,1.753053e+02,3.928384e+03,1.845,0.609043,7.2666,10.4322,500.0,6.6001,0.7898,7.3899
51,30.7855,30.7855,2.031173e-05,2.404979e+02,3.959164e+03,1.845331,0.609062,8.1719,10.5096,500.0,7.9926,0.722,8.7146
52,30.9866,30.9866,3.208730e-05,2.582906e+02,4.058010e+03,1.846138,0.609293,7.7764,10.8186,500.0,6.9818,0.7677,7.7495
53,32.5657,32.5657,2.921641e-05,2.124887e+02,3.831352e+03,1.845131,0.609047,9.0114,10.2225,500.0,7.5257,0.7292,8.2548
54,31.5711,32.5657,2.177070e-05,2.751250e+02,3.650330e+03,1.845953,0.609278,8.0393,10.9098,500.0,7.3116,0.716,8.0276
55,32.3961,32.5657,1.931610e-05,1.992800e+02,3.767558e+03,1.846828,0.609369,8.7821,10.4811,500.0,6.2265,0.7668,6.9932
56,31.1917,32.5657,3.336262e-05,2.677809e+02,4.210986e+03,1.846043,0.609292,8.069,11.2637,500.0,7.1934,0.7645,7.9579
57,33.2077,33.2077,2.955191e-05,2.457619e+02,4.193583e+03,1.84507,0.609046,9.0803,10.9766,500.0,6.9004,0.7444,7.6448
58,32.9755,33.2077,2.184045e-05,1.966363e+02,4.064493e+03,1.844829,0.609041,9.2945,10.4907,500.0,6.9972,0.7531,7.7503
59,32.9513,33.2077,2.800533e-05,2.074115e+02,4.199271e+03,1.84421,0.608966,8.9889,11.2927,500.0,7.8119,0.7349,8.5469
60,33.2249,33.2249,1.668498e-05,2.369575e+02,3.758010e+03,1.843525,0.608121,9.0198,10.8193,500.0,7.9434,0.7586,8.702
61,33.9059,33.9059,2.713988e-05,2.386003e+02,4.386447e+03,1.842632,0.608043,9.3527,11.2991,500.0,7.4231,0.7625,8.1856
62,33.8276,33.9059,2.423865e-05,2.857031e+02,3.869377e+03,1.842455,0.608038,9.1883,10.9541,500.0,7.3436,0.7485,8.0921
63,33.1777,33.9059,3.680367e-05,2.849960e+02,4.123235e+03,1.842634,0.608043,8.6193,11.2556,500.0,7.354,0.7834,8.1374
64,34.8254,34.8254,2.421364e-05,1.549064e+02,4.358611e+03,1.842318,0.607831,9.8893,11.5592,500.0,6.8222,0.7691,7.5913
65,35.0271,35.0271,3.679585e-05,1.880754e+02,4.705768e+03,1.842638,0.608043,10.0093,11.5013,500.0,7.6886,0.7656,8.4543
66,35.2893,35.2893,2.469615e-05,3.331249e+02,4.448865e+03,1.842091,0.607826,9.3708,11.5179,500.0,7.4305,0.7832,8.2137
67,35.3728,35.3728,2.462751e-05,2.392493e+02,4.162006e+03,1.842024,0.607825,9.6701,11.6656,500.0,7.6727,0.779,8.4517
68,34.6371,35.3728,2.733834e-05,1.815247e+02,4.537787e+03,1.841991,0.607813,8.8911,11.5074,500.0,7.5857,0.779,8.3646
69,35.2437,35.3728,2.447311e-05,2.445638e+02,3.655882e+03,1.841686,0.607806,9.6471,11.5372,500.0,7.0553,0.7615,7.8168
70,35.6062,35.6062,2.780671e-05,2.078195e+02,4.130861e+03,1.841229,0.607748,10.1452,11.1052,500.0,7.3642,0.7592,8.1234
71,34.9385,35.6062,2.447114e-05,1.574657e+02,4.266975e+03,1.841242,0.607748,9.2859,11.5572,500.0,6.5097,0.728,7.2377
72,35.8015,35.8015,4.104113e-05,3.137264e+02,4.517732e+03,1.841665,0.607806,10.224,12.361,500.0,6.6441,0.7914,7.4355
73,35.7659,35.8015,2.805069e-05,1.087927e+02,4.764291e+03,1.84132,0.607749,9.3858,11.5429,500.0,7.8564,0.7435,8.5998
74,36.0234,36.0234,2.820799e-05,2.244263e+02,4.360772e+03,1.840607,0.60711,10.0122,11.8966,500.0,7.937,0.8119,8.7489
75,36.6445,36.6445,3.385636e-05,2.337567e+02,4.197627e+03,1.840153,0.607091,10.3356,11.5287,500.0,7.5139,0.7541,8.268
76,36.2547,36.6445,3.616985e-05,3.580903e+02,5.042776e+03,1.839146,0.606807,9.8192,12.2895,500.0,7.3927,0.7649,8.1576
77,37.1429,37.1429,3.245267e-05,3.270215e+02,3.828051e+03,1.838587,0.606783,10.5612,12.3874,500.0,7.4784,0.7607,8.2391
78,37.3702,37.3702,3.533997e-05,2.054227e+02,4.421609e+03,1.838394,0.60673,10.5533,11.7892,500.0,6.1627,0.7494,6.9121
79,37.1416,37.3702,3.171606e-05,1.804455e+02,4.443672e+03,1.837754,0.606706,9.7798,11.9664,500.0,6.0291,0.7853,6.8144
80,37.156,37.3702,2.305641e-05,2.799525e+02,4.709833e+03,1.837513,0.605881,9.9078,12.1445,500.0,7.8748,0.7631,8.6379
81,37.6745,37.6745,4.384493e-05,2.130300e+02,4.929034e+03,1.837114,0.605861,10.4926,12.3106,500.0,7.5819,0.8139,8.3958
82,37.491,37.6745,2.317484e-05,1.741191e+02,4.376012e+03,1.83594,0.605572,10.3143,11.8141,500.0,7.4859,0.7528,8.2387
83,37.4394,37.6745,2.697891e-05,2.342659e+02,4.317426e+03,1.836195,0.605783,10.354,12.1414,500.0,7.9983,0.7488,8.747
84,37.4838,37.6745,3.533592e-05,2.326471e+02,4.986027e+03,1.834721,0.605475,10.1132,12.2704,500.0,7.259,0.7546,8.0135
85,37.7679,37.7679,3.379583e-05,3.150150e+02,4.519804e+03,1.833194,0.605385,10.6264,12.2558,500.0,6.6306,0.7626,7.3933
86,37.4461,37.7679,3.190749e-05,3.060585e+02,4.897384e+03,1.833668,0.605444,10.2428,11.9984,500.0,6.3912,0.7758,7.1669
87,37.675,37.7679,3.216820e-05,2.950363e+02,5.085996e+03,1.833882,0.605449,10.6639,12.418,500.0,6.4866,0.7472,7.2338
88,38.0069,38.0069,4.780598e-05,2.152830e+02,4.944494e+03,1.834549,0.60547,10.3447,12.3062,500.0,7.3682,0.7478,8.116
89,38.631,38.631,3.740267e-05,5.931082e+02,4.623421e+03,1.833446,0.60539,11.2221,13.0426,500.0,7.6545,0.7561,8.4106
90,38.8157,38.8157,3.676205e-05,2.795482e+02,4.765512e+03,1.833237,0.605385,10.6131,12.7209,500.0,6.7468,0.7888,7.5356
91,37.883,38.8157,3.538119e-05,1.764397e+02,4.981488e+03,1.833183,0.605385,10.2729,12.3106,500.0,6.2596,0.7918,7.0514
92,38.8271,38.8271,3.638439e-05,2.649574e+02,5.170261e+03,1.832932,0.605367,10.6953,12.4821,500.0,6.1735,0.7692,6.9427
93,39.6981,39.6981,3.449138e-05,3.241711e+02,4.598934e+03,1.832348,0.605139,11.3009,12.9681,500.0,6.0889,0.7512,6.8401
94,38.9793,39.6981,3.679655e-05,1.865370e+02,4.515768e+03,1.83123,0.605056,10.9457,12.3894,500.0,7.4326,0.7477,8.1803
95,38.6208,39.6981,3.401929e-05,3.547551e+02,5.215975e+03,1.832127,0.605134,10.5789,13.2089,500.0,6.2798,0.7587,7.0385
96,39.6636,39.6981,3.347261e-05,1.676081e+02,5.045392e+03,1.832712,0.605159,11.2691,13.1634,500.0,8.2178,0.75,8.9678
97,40.1557,40.1557,4.609231e-05,2.486567e+02,5.076623e+03,1.83202,0.605133,11.3975,12.8046,500.0,7.53,0.7538,8.2838
98,40.4225,40.4225,3.826212e-05,2.591907e+02,4.769854e+03,1.832151,0.605138,11.644,13.2173,500.0,7.4075,0.7498,8.1574
99,40.2166,40.4225,4.517533e-05,2.684621e+02,4.845079e+03,1.831965,0.605133,11.7696,13.0458,500.0,7.3633,0.747,8.1104
100,40.5655,40.5655,4.558511e-05,3.851861e+02,4.843243e+03,1.830628,0.604206,11.6796,13.0038,500.0,6.5914,0.7679,7.3593
101,39.6512,40.5655,3.437883e-05,2.929234e+02,4.817823e+03,1.831316,0.605057,10.635,13.0517,500.0,6.2762,0.7621,7.0383
102,39.6241,40.5655,4.287742e-05,2.144279e+02,5.192751e+03,1.830833,0.604221,11.1116,12.9921,500.0,7.9725,0.7779,8.7504
103,40.4773,40.5655,5.896677e-05,4.273939e+02,4.956917e+03,1.830338,0.604201,11.0451,13.7285,500.0,7.0854,0.7526,7.838
104,41.0417,41.0417,3.846739e-05,6.005996e+02,4.766801e+03,1.829967,0.604143,11.7988,13.5447,500.0,7.6902,0.7924,8.4826
105,40.7803,41.0417,5.171489e-05,2.642461e+02,5.123893e+03,1.829643,0.604124,11.5937,13.3771,500.0,7.7746,0.7502,8.5247
106,41.0541,41.0541,4.353861e-05,3.534373e+02,5.358168e+03,1.828666,0.603838,11.7266,13.6265,500.0,7.2934,0.7951,8.0885
107,41.8094,41.8094,5.160018e-05,2.199373e+02,5.490234e+03,1.828577,0.603836,12.4828,13.6108,500.0,7.0077,0.7552,7.7629
108,42.0342,42.0342,5.068161e-05,1.036035e+02,5.811898e+03,1.829058,0.603896,12.6947,13.6231,500.0,7.2068,0.7803,7.9871
109,41.7072,42.0342,3.984781e-05,2.708255e+02,5.442134e+03,1.828674,0.603838,12.0001,13.7114,500.0,6.2511,0.8238,7.0748
110,41.4049,42.0342,4.046284e-05,4.369611e+02,4.813660e+03,1.827675,0.603215,11.7039,13.9277,500.0,5.6672,0.798,6.4652
111,41.5676,42.0342,3.840324e-05,2.482977e+02,5.174242e+03,1.82761,0.603214,11.8612,13.9131,500.0,5.7039,0.7536,6.4575
112,42.3929,42.3929,3.448957e-05,2.732485e+02,4.794050e+03,1.826895,0.60314,12.2372,13.3978,500.0,7.0173,0.7701,7.7874
113,42.0937,42.3929,4.322588e-05,2.393607e+02,5.792588e+03,1.826256,0.602909,12.1048,13.9387,500.0,7.8934,0.7826,8.676
114,42.8656,42.8656,4.422891e-05,2.155656e+02,5.178185e+03,1.826956,0.603141,12.5756,13.9985,500.0,6.2624,0.7696,7.0319
115,42.3366,42.8656,3.977004e-05,3.251532e+02,4.871075e+03,1.82597,0.602903,12.3698,14.0122,500.0,7.2519,0.7601,8.012
116,42.5594,42.8656,4.267113e-05,3.319835e+02,5.164812e+03,1.825857,0.60289,12.3056,13.9941,500.0,7.2291,0.77,7.9991
117,43.4434,43.4434,5.988654e-05,3.526155e+02,5.125168e+03,1.825313,0.60283,13.1549,14.1503,500.0,6.4357,0.7575,7.1932
118,42.8139,43.4434,4.827812e-05,5.394938e+02,5.430310e+03,1.824241,0.601958,12.5526,14.3883,500.0,6.0708,0.7532,6.8241
119,43.7342,43.7342,6.007614e-05,5.299324e+02,5.780608e+03,1.824095,0.601956,13.2163,14.5502,500.0,7.3199,0.7534,8.0732
120,42.8261,43.7342,3.846994e-05,2.665856e+02,5.130263e+03,1.823462,0.601893,12.9996,14.3033,500.0,6.4776,0.7728,7.2504
121,43.8684,43.8684,5.710340e-05,2.437159e+02,5.936706e+03,1.822323,0.601641,13.235,14.6425,500.0,7.1244,0.7544,7.8788
122,43.8513,43.8684,4.268920e-05,2.832773e+02,4.649372e+03,1.822275,0.601641,12.9662,14.3513,500.0,6.9716,0.7521,7.7237
123,43.8258,43.8684,5.272369e-05,2.785823e+02,5.399702e+03,1.822689,0.60166,13.3301,14.4071,500.0,7.3616,0.7534,8.115
124,44.1791,44.1791,3.689733e-05,4.665643e+02,4.482471e+03,1.82381,0.6019,13.4629,14.74,500.0,7.1932,0.7596,7.9527
125,43.7467,44.1791,5.507889e-05,4.649632e+02,5.447873e+03,1.823412,0.60188,13.0108,14.2514,500.0,6.2226,0.7731,6.9956
126,44.0953,44.1791,6.952567e-05,4.377485e+02,5.584122e+03,1.824043,0.601953,13.4295,14.9377,500.0,6.1946,0.7513,6.9459
127,43.7608,44.1791,5.248233e-05,3.735977e+02,4.967757e+03,1.824775,0.602807,13.1162,14.5909,500.0,6.8054,0.7836,7.5889
128,44.7446,44.7446,3.345602e-05,3.708544e+02,5.152345e+03,1.824927,0.602811,13.9961,14.6515,500.0,7.724,0.7896,8.5136
129,44.464,44.7446,3.912412e-05,4.138587e+02,5.187672e+03,1.824573,0.601977,13.446,14.8671,500.0,7.0753,0.7657,7.841
130,44.2402,44.7446,5.491680e-05,2.299362e+02,5.930039e+03,1.82283,0.601661,13.5612,14.5495,500.0,7.5485,0.7648,8.3133
131,45.526,45.526,4.959287e-05,3.244280e+02,5.528202e+03,1.821329,0.601562,14.3089,14.7008,500.0,7.0787,0.7511,7.8299
132,45.3166,45.526,4.598368e-05,4.042396e+02,5.583452e+03,1.820191,0.601465,14.0754,15.2447,500.0,6.1847,0.7521,6.9368
133,46.0014,46.0014,1.073083e-04,6.372192e+02,5.865984e+03,1.819715,0.60125,14.372,15.0257,500.0,6.9028,0.7672,7.67
134,45.9569,46.0014,4.907687e-05,3.895759e+02,5.218712e+03,1.819952,0.60146,14.5024,15.0106,500.0,6.0653,0.7761,6.8414
135,45.7452,46.0014,5.942911e-05,2.844183e+02,5.212238e+03,1.819734,0.60125,13.7123,15.2284,500.0,7.5696,0.7896,8.3593
136,46.0021,46.0021,6.370886e-05,5.689465e+02,5.511512e+03,1.817583,0.600291,14.3593,15.3237,500.0,7.5672,0.7637,8.3309
137,45.5935,46.0021,4.684138e-05,4.157724e+02,5.649002e+03,1.817129,0.600229,13.969,15.2228,500.0,7.5048,0.7508,8.2555
138,46.2594,46.2594,4.709844e-05,3.136415e+02,5.413659e+03,1.818928,0.601172,14.6371,15.5701,500.0,7.5185,0.7604,8.2789
139,46.1174,46.2594,5.238221e-05,5.073202e+02,5.687220e+03,1.818235,0.601147,14.147,15.3244,500.0,6.9805,0.7533,7.7338
140,46.9629,46.9629,5.591236e-05,3.228051e+02,5.737379e+03,1.81819,0.601146,14.6585,15.1871,500.0,6.5243,0.7745,7.2988
141,46.824,46.9629,5.915495e-05,2.739125e+02,5.477614e+03,1.818054,0.600311,14.4035,15.433,500.0,6.1359,0.8024,6.9383
142,47.2902,47.2902,8.613418e-05,3.635143e+02,5.750354e+03,1.816479,0.599999,14.9991,15.6732,500.0,6.3075,0.7652,7.0726
143,48.155,48.155,5.439421e-05,4.927248e+02,5.005829e+03,1.816401,0.599998,15.272,15.8241,500.0,6.1489,0.7592,6.9081
144,48.7153,48.7153,6.461124e-05,3.951688e+02,5.445481e+03,1.816113,0.59998,15.9092,15.9082,500.0,6.1369,0.7618,6.8987
145,48.742,48.742,6.871368e-05,4.327702e+02,5.733959e+03,1.815676,0.599921,16.2127,16.0069,500.0,6.4968,0.7731,7.2698
146,48.1336,48.742,6.174751e-05,2.747404e+02,6.071044e+03,1.814476,0.599304,15.5267,15.9234,500.0,6.0997,0.7513,6.851
147,48.5054,48.742,5.093840e-05,3.165726e+02,6.051630e+03,1.813446,0.599222,15.7205,15.6864,500.0,6.0264,0.772,6.7984
148,48.1732,48.742,5.845416e-05,3.156720e+02,5.967326e+03,1.812796,0.598992,15.7472,15.9856,500.0,6.3562,0.8919,7.2481
149,48.5503,48.742,4.827230e-05,2.222804e+02,5.362007e+03,1.813179,0.599012,15.7813,16.0583,500.0,6.0415,0.8032,6.8447
150,48.4102,48.742,6.899673e-05,6.312078e+02,5.127903e+03,1.812727,0.598991,15.6128,15.8129,500.0,6.0157,0.7498,6.7654
151,48.7046,48.742,5.228402e-05,6.684525e+02,5.153410e+03,1.811626,0.598074,15.7803,16.0498,500.0,7.1865,0.8088,7.9952
152,49.1355,49.1355,4.928641e-05,4.212402e+02,5.012698e+03,1.81179,0.598909,16.2886,15.867,500.0,7.4033,0.7775,8.1808
153,49.1583,49.1583,5.618908e-05,3.875208e+02,5.618382e+03,1.810863,0.598048,16.2042,16.3714,500.0,6.4143,0.7624,7.1767
154,50.9034,50.9034,6.223690e-05,6.126874e+02,5.653496e+03,1.809444,0.59774,17.331,16.1699,500.0,7.1971,0.8003,7.9974
155,49.8122,50.9034,5.093001e-05,4.052883e+02,5.679888e+03,1.810444,0.597989,16.5479,16.6023,500.0,7.0269,0.8063,7.8332
156,49.2029,50.9034,6.470792e-05,4.137902e+02,5.835752e+03,1.809698,0.597755,16.2613,16.5429,500.0,6.7795,0.7629,7.5424
157,50.7052,50.9034,5.613349e-05,3.826086e+02,5.002119e+03,1.809454,0.59774,16.9312,16.2672,500.0,7.8329,0.7764,8.6093
158,51.2709,51.2709,6.002743e-05,3.065467e+02,5.637420e+03,1.808649,0.597661,17.4092,16.7528,500.0,6.3912,0.7944,7.1856
159,50.4923,51.2709,5.082307e-05,3.667003e+02,4.702698e+03,1.806965,0.597557,16.6237,16.2958,500.0,7.8823,0.7773,8.6597
160,51.411,51.411,8.084127e-05,7.398981e+02,6.017783e+03,1.807293,0.597573,17.5638,16.8903,500.0,7.2511,0.7619,8.013
161,51.0862,51.411,6.465736e-05,6.367263e+02,5.314245e+03,1.806496,0.597337,17.2668,17.0238,500.0,7.5144,0.7562,8.2706
162,51.7251,51.7251,6.296956e-05,3.456349e+02,5.374528e+03,1.804894,0.596393,17.8318,17.0551,500.0,7.2521,0.7963,8.0484
163,51.1239,51.7251,7.120600e-05,3.419127e+02,6.007102e+03,1.806397,0.597336,17.0634,16.799,500.0,7.4283,0.7743,8.2026
164,51.8906,51.8906,5.053195e-05,2.998257e+02,5.652413e+03,1.805878,0.597263,17.9459,16.9098,500.0,7.5836,0.7843,8.3679
165,52.1464,52.1464,6.693382e-05,4.927054e+02,6.728866e+03,1.804958,0.596397,17.6636,16.9247,500.0,7.7324,0.7712,8.5037
166,52.4786,52.4786,7.322834e-05,4.597517e+02,5.915756e+03,1.805313,0.597242,17.9175,17.1045,500.0,7.8766,0.816,8.6926
167,54.0738,54.0738,8.158928e-05,4.481986e+02,6.653698e+03,1.805055,0.596398,19.4326,17.2163,500.0,6.3654,0.7773,7.1427
168,52.8846,54.0738,8.888343e-05,4.100070e+02,6.528637e+03,1.802204,0.595984,18.2844,17.5043,500.0,6.8166,0.7715,7.5881
169,54.0005,54.0738,7.037241e-05,3.648992e+02,6.665928e+03,1.802716,0.596057,19.1078,17.5253,500.0,6.4613,0.7558,7.2171
170,54.423,54.423,6.752716e-05,3.673624e+02,5.616228e+03,1.803148,0.596077,19.1775,17.4087,500.0,5.9972,0.7577,6.7549
171,53.6318,54.423,7.196331e-05,3.550500e+02,6.264484e+03,1.803633,0.596294,18.7177,17.71,500.0,6.0389,0.7681,6.807
172,53.5653,54.423,9.332778e-05,8.226968e+02,6.533359e+03,1.802523,0.596003,18.1732,17.4243,500.0,7.1248,0.7716,7.8964
173,55.135,55.135,8.186671e-05,7.398766e+02,6.250748e+03,1.802774,0.596058,19.8316,18.1561,500.0,7.9793,0.7616,8.741
174,54.8041,55.135,8.626014e-05,4.713622e+02,5.706175e+03,1.800812,0.595345,19.3406,17.8463,500.0,6.5908,0.7677,7.3585
175,54.2051,55.135,7.553690e-05,4.147373e+02,6.160962e+03,1.800393,0.595326,18.8229,17.6799,500.0,7.2845,0.7812,8.0656
176,55.4247,55.4247,8.462778e-05,6.612886e+02,6.213414e+03,1.800831,0.595349,19.9966,17.8983,500.0,7.112,0.7682,7.8802
177,55.8215,55.8215,7.686119e-05,6.499822e+02,6.210116e+03,1.801573,0.595423,20.1805,18.2178,500.0,6.7842,0.7567,7.5408
178,55.8181,55.8215,7.487649e-05,3.658334e+02,6.600178e+03,1.802467,0.596002,19.8728,18.259,500.0,7.6525,0.7518,8.4043
179,56.7962,56.7962,8.022717e-05,7.457719e+02,5.615304e+03,1.801998,0.595979,20.761,18.3183,500.0,7.5387,0.7482,8.2869
180,56.7883,56.7962,7.079995e-05,3.753348e+02,6.222518e+03,1.802856,0.596058,20.6716,18.361,500.0,7.4744,0.7574,8.2318
181,57.9409,57.9409,6.962693e-05,5.533378e+02,6.258665e+03,1.80385,0.596299,21.5958,18.3283,500.0,6.7544,0.7602,7.5147
182,57.3805,57.9409,7.734136e-05,6.513695e+02,6.307173e+03,1.803285,0.596081,20.7586,18.4016,500.0,6.8335,0.7817,7.6153
183,58.5573,58.5573,9.241753e-05,7.415980e+02,6.005876e+03,1.801988,0.595979,21.7883,19.1239,500.0,7.3535,0.7549,8.1084
184,58.4708,58.5573,7.044435e-05,5.672165e+02,6.727109e+03,1.802733,0.596057,21.4847,18.966,500.0,7.2235,0.7713,7.9948
185,57.8199,58.5573,7.303151e-05,5.423902e+02,6.229125e+03,1.801295,0.595408,21.1952,18.7537,500.0,7.1519,0.7512,7.9031
186,58.1611,58.5573,7.888724e-05,5.837069e+02,6.941292e+03,1.798765,0.595011,21.3521,19.042,500.0,7.2519,0.8368,8.0888
187,58.5299,58.5573,9.987228e-05,4.062863e+02,6.746308e+03,1.798937,0.595016,21.6195,19.101,500.0,7.5047,0.7856,8.2904
188,60.3772,60.3772,7.811749e-05,5.054341e+02,6.755161e+03,1.796669,0.59385,22.8563,19.3088,500.0,6.2471,0.7573,7.0044
189,58.9432,60.3772,8.124677e-05,5.287725e+02,7.147870e+03,1.795452,0.593752,21.8379,18.9043,500.0,6.5874,0.7735,7.3609
190,60.1256,60.3772,9.568332e-05,5.630797e+02,6.750886e+03,1.793701,0.593645,22.4149,19.4573,500.0,6.1484,0.7486,6.897
191,60.261,60.3772,6.998271e-05,3.483598e+02,6.089042e+03,1.794864,0.59373,22.5713,19.2177,500.0,6.1722,0.7587,6.9309
192,61.1454,61.1454,8.867638e-05,4.388738e+02,6.898928e+03,1.794115,0.593665,23.4038,19.325,500.0,6.147,0.7641,6.9111
193,60.1586,61.1454,1.058733e-04,8.170180e+02,6.573069e+03,1.792122,0.59333,22.3604,19.2795,500.0,6.3659,0.7593,7.1252
194,61.0774,61.1454,8.808712e-05,4.230803e+02,6.520353e+03,1.789673,0.592141,23.3524,19.5456,500.0,6.1472,0.7638,6.911
195,61.7457,61.7457,9.016366e-05,5.597916e+02,7.289364e+03,1.789963,0.59216,23.6931,19.2236,500.0,6.6626,0.7821,7.4446
196,60.7979,61.7457,7.900351e-05,4.245170e+02,5.445579e+03,1.787388,0.591434,23.0137,19.501,500.0,7.2286,0.7581,7.9867
197,62.6107,62.6107,7.439138e-05,5.268618e+02,6.408719e+03,1.787712,0.591453,23.9519,19.5693,500.0,7.1503,0.808,7.9584
198,63.0579,63.0579,7.484556e-05,1.006131e+03,6.558192e+03,1.784769,0.590245,24.4283,19.8944,500.0,6.9128,0.7749,7.6877
199,61.541,63.0579,9.486797e-05,4.695693e+02,6.670971e+03,1.783653,0.589949,23.7527,19.4818,500.0,6.7785,0.7517,7.5302
200,62.748,63.0579,8.386547e-05,5.966752e+02,6.800151e+03,1.783026,0.589924,23.9306,19.8443,500.0,6.342,0.7767,7.1186
201,62.6524,63.0579,6.959832e-05,6.817365e+02,6.422801e+03,1.781681,0.589837,24.2118,19.8285,500.0,7.7334,0.7641,8.4975
202,61.8396,63.0579,8.272968e-05,5.501082e+02,6.749332e+03,1.783022,0.589924,23.7299,19.6062,500.0,6.2702,0.803,7.0733
203,62.9777,63.0579,7.920317e-05,4.502555e+02,6.414374e+03,1.780432,0.589738,24.4789,20.1281,500.0,6.4341,0.7223,7.1564
204,63.5572,63.5572,8.089167e-05,7.452703e+02,6.143173e+03,1.779447,0.589444,24.3948,20.3288,500.0,6.1562,0.7279,6.8841
205,64.0527,64.0527,9.979455e-05,6.254122e+02,6.989340e+03,1.779352,0.589441,24.7862,20.0237,500.0,6.9052,0.7926,7.6979
206,64.1798,64.1798,1.075038e-04,6.966599e+02,6.597637e+03,1.77877,0.589419,25.195,19.7367,500.0,6.688,0.7758,7.4638
207,65.0917,65.0917,9.083388e-05,6.929003e+02,7.091212e+03,1.778927,0.589421,25.7512,20.411,500.0,7.5988,0.7608,8.3596
208,65.0239,65.0917,1.034207e-04,8.185624e+02,6.635442e+03,1.778527,0.588564,25.4651,20.4767,500.0,6.7701,0.7837,7.5538
209,64.3452,65.0917,9.493491e-05,4.623929e+02,6.372981e+03,1.775656,0.588148,25.3307,20.0863,500.0,6.8913,0.7611,7.6524
210,64.2813,65.0917,1.043182e-04,4.277550e+02,7.424961e+03,1.773287,0.5873,24.6651,20.5967,500.0,7.4622,0.7965,8.2588
211,66.3283,66.3283,1.093405e-04,4.890588e+02,6.831822e+03,1.774775,0.587614,26.4095,20.5007,500.0,7.8199,0.7694,8.5893
212,66.2722,66.3283,1.091835e-04,5.439258e+02,6.875148e+03,1.773068,0.587295,26.4093,20.8177,500.0,7.5685,0.8123,8.3808
213,64.4997,66.3283,1.032906e-04,8.706993e+02,6.809328e+03,1.773477,0.587315,25.1989,20.5366,500.0,7.7905,0.7697,8.5602
214,66.4973,66.4973,9.034002e-05,5.649501e+02,6.428901e+03,1.77446,0.587558,26.653,20.5491,500.0,7.5872,0.7779,8.3651
215,68.3486,68.3486,7.971875e-05,3.430679e+02,6.338064e+03,1.773992,0.587537,27.8979,20.5813,500.0,6.4377,0.816,7.2537
216,66.5242,68.3486,8.400630e-05,8.117028e+02,7.003410e+03,1.77378,0.58732,26.5222,20.36,500.0,7.2963,0.7631,8.0595
217,67.3126,68.3486,9.367649e-05,6.175997e+02,6.767995e+03,1.775595,0.588144,27.1315,20.7775,500.0,7.2655,0.7568,8.0223
218,68.221,68.3486,8.936818e-05,6.560303e+02,6.036277e+03,1.774113,0.587539,27.9385,20.3449,500.0,7.7373,0.7609,8.4982
219,69.0075,69.0075,8.658963e-05,6.399324e+02,6.740812e+03,1.774955,0.587618,28.222,20.596,500.0,6.2344,0.7564,6.9908
220,67.5503,69.0075,9.586852e-05,6.003356e+02,6.375221e+03,1.776726,0.588243,27.2532,20.7334,500.0,6.0577,0.7759,6.8336
221,69.0373,69.0373,7.187820e-05,5.755763e+02,6.696752e+03,1.777243,0.588464,28.4244,20.9156,500.0,6.178,0.7879,6.9659
222,69.5849,69.5849,1.215198e-04,7.066413e+02,7.547139e+03,1.776283,0.588223,28.7279,20.5614,500.0,7.1699,0.754,7.9239
223,69.2731,69.5849,1.057117e-04,8.859429e+02,6.634591e+03,1.778959,0.589421,28.2839,21.0997,500.0,6.1561,0.7606,6.9167
224,68.6269,69.5849,1.199000e-04,5.117269e+02,7.244353e+03,1.778559,0.588567,27.606,20.9356,500.0,6.2222,0.7633,6.9855
225,67.5891,69.5849,1.130987e-04,6.002355e+02,7.930364e+03,1.777269,0.588464,27.1486,20.9231,500.0,6.413,0.8072,7.2202
226,69.6463,69.6463,1.003806e-04,6.045403e+02,7.555582e+03,1.776558,0.588228,28.5093,20.9311,500.0,7.7696,0.7593,8.5289
227,69.3384,69.6463,9.783525e-05,5.244498e+02,7.553201e+03,1.775202,0.587633,27.872,21.0025,500.0,7.4508,0.7694,8.2202
228,68.8423,69.6463,9.603192e-05,6.860803e+02,7.224106e+03,1.774023,0.587537,27.4132,21.39,500.0,7.2426,0.7565,7.9991
229,69.284,69.6463,1.066197e-04,5.731740e+02,7.363894e+03,1.774822,0.587617,27.5705,21.1649,500.0,7.417,0.7874,8.2044
230,71.327,71.327,1.036167e-04,6.498958e+02,7.625602e+03,1.775221,0.587633,29.3194,21.3894,500.0,7.1391,0.7702,7.9093
231,71.2372,71.327,1.277443e-04,6.022331e+02,7.303206e+03,1.776234,0.588169,29.2957,21.4778,500.0,7.1895,0.759,7.9484
232,70.8165,71.327,1.107248e-04,6.272656e+02,6.707309e+03,1.774836,0.587617,28.6909,21.1657,500.0,7.2544,0.7765,8.0309
233,73.3689,73.3689,1.265227e-04,5.836161e+02,7.639271e+03,1.775117,0.587632,31.0594,21.7846,500.0,7.4656,0.7682,8.2338
234,73.6942,73.6942,1.133446e-04,5.532448e+02,6.550355e+03,1.776745,0.588243,31.3328,21.5095,500.0,7.9348,0.7759,8.7107
235,71.8335,73.6942,1.169731e-04,6.100057e+02,7.298260e+03,1.777321,0.588467,29.0871,21.6061,500.0,7.679,0.8428,8.5218
236,72.1377,73.6942,1.064325e-04,6.409466e+02,7.226340e+03,1.776613,0.588229,29.5653,21.753,500.0,7.3358,0.7642,8.1
237,72.0291,73.6942,1.024411e-04,6.281780e+02,6.981992e+03,1.775234,0.587633,29.8487,21.4289,500.0,7.2684,0.8355,8.1039
238,71.755,73.6942,8.688342e-05,5.567177e+02,6.983036e+03,1.774805,0.587614,29.541,21.4047,500.0,7.9134,0.7564,8.6698
239,72.9165,73.6942,1.088526e-04,7.401932e+02,6.911898e+03,1.77356,0.587315,29.8861,21.8889,500.0,7.6469,0.7637,8.4106
240,74.4858,74.4858,1.264492e-04,7.981536e+02,7.538586e+03,1.77383,0.587533,31.6335,21.6642,500.0,6.1044,0.8154,6.9198
241,73.4675,74.4858,1.697696e-04,6.837557e+02,8.281894e+03,1.772471,0.58722,30.7252,21.8323,500.0,6.5987,0.7493,7.348
242,73.4322,74.4858,9.310958e-05,9.010616e+02,6.449002e+03,1.773842,0.587533,30.4343,21.7326,500.0,7.6524,0.7635,8.416
243,72.9911,74.4858,1.191837e-04,6.618031e+02,6.888642e+03,1.772529,0.587221,30.3822,21.9627,500.0,7.5884,0.8119,8.4003
244,75.5324,75.5324,1.211405e-04,6.074190e+02,7.489610e+03,1.772943,0.587241,31.7247,22.1105,500.0,7.3276,0.7549,8.0825
245,75.0636,75.5324,1.057854e-04,4.578901e+02,6.943629e+03,1.772848,0.587239,31.8172,21.7161,500.0,7.0268,0.7546,7.7815
246,74.3125,75.5324,1.339869e-04,1.070378e+03,7.092279e+03,1.770942,0.586277,31.4252,21.5993,500.0,7.2239,0.756,7.9799
247,76.2843,76.2843,1.112671e-04,5.980514e+02,7.249681e+03,1.770347,0.586043,32.6555,21.747,500.0,7.4808,0.7825,8.2633
248,75.301,76.2843,1.007161e-04,6.941632e+02,6.880024e+03,1.768299,0.585917,31.6562,22.1122,500.0,6.7923,0.7756,7.5679
249,75.516,76.2843,1.161100e-04,5.072098e+02,7.866624e+03,1.768949,0.585939,31.7782,22.4193,500.0,6.9902,0.7798,7.77
250,73.3615,76.2843,1.103867e-04,1.015856e+03,7.363625e+03,1.769469,0.585963,30.2196,22.0799,500.0,6.8472,0.7635,7.6107
251,76.7744,76.7744,9.311350e-05,7.763286e+02,6.711089e+03,1.767868,0.585857,32.9094,21.722,500.0,7.7928,0.7596,8.5524
252,75.2049,76.7744,1.072537e-04,5.097932e+02,6.802502e+03,1.767368,0.585836,31.6179,21.8261,500.0,6.9684,0.7669,7.7353
253,75.4623,76.7744,1.260918e-04,6.772527e+02,7.736204e+03,1.766302,0.58559,31.3124,22.2344,500.0,6.1076,0.7892,6.8968
254,74.2789,76.7744,1.316098e-04,3.230267e+02,7.974793e+03,1.765402,0.584654,30.9684,22.3434,500.0,6.2211,0.7935,7.0147
255,75.6027,76.7744,1.082093e-04,7.593414e+02,7.190431e+03,1.763996,0.584552,31.4149,22.376,500.0,6.8067,0.771,7.5777
256,74.3941,76.7744,1.033315e-04,6.277745e+02,7.302372e+03,1.76458,0.584574,30.4503,22.2511,500.0,7.144,0.7617,7.9057
257,75.6355,76.7744,1.364887e-04,6.913029e+02,7.069752e+03,1.764345,0.584568,31.488,22.381,500.0,7.8415,0.8205,8.6619
258,78.5218,78.5218,1.249684e-04,1.330171e+03,7.335951e+03,1.764139,0.584553,33.7953,22.6028,500.0,7.3343,0.7522,8.0864
259,76.9361,78.5218,9.889185e-05,6.327086e+02,6.933397e+03,1.76273,0.58425,31.9884,22.2883,500.0,7.4307,0.7472,8.1779
260,76.126,78.5218,1.133142e-04,7.876459e+02,7.160445e+03,1.763136,0.584307,31.7843,22.0531,500.0,7.2273,0.7542,7.9815
261,78.0698,78.5218,1.388886e-04,1.071292e+03,7.335478e+03,1.759791,0.583398,33.2548,22.539,500.0,6.4257,0.8414,7.2672
262,76.123,78.5218,1.082535e-04,4.740567e+02,7.066254e+03,1.760332,0.583422,31.7789,22.3862,500.0,6.3317,0.75,7.0817
263,77.7057,78.5218,1.195005e-04,8.550106e+02,7.745653e+03,1.758953,0.583318,32.7471,22.0443,500.0,5.9963,0.7537,6.75
264,77.144,78.5218,1.295288e-04,1.021611e+03,7.400394e+03,1.759707,0.583398,32.0446,22.6007,500.0,6.1205,0.7911,6.9117
265,77.746,78.5218,1.215764e-04,6.322571e+02,7.465335e+03,1.759291,0.583338,32.856,22.4954,500.0,6.0314,0.7521,6.7834
266,77.3167,78.5218,1.354209e-04,3.802613e+02,7.689472e+03,1.759065,0.583322,32.3462,22.5828,500.0,6.5126,0.8336,7.3463
267,78.2306,78.5218,1.103099e-04,1.087589e+03,7.405602e+03,1.758015,0.582434,32.9034,22.4516,500.0,6.1073,0.7778,6.8851
268,79.7178,79.7178,1.725642e-04,8.532494e+02,8.128764e+03,1.756815,0.582133,33.8216,23.1833,500.0,6.5626,0.7562,7.3188
269,78.7784,79.7178,9.298749e-05,5.489902e+02,7.644640e+03,1.757541,0.582373,33.39,22.4092,500.0,7.9094,0.8367,8.7461
270,77.2601,79.7178,1.186696e-04,8.518709e+02,7.551764e+03,1.754963,0.582011,32.3444,22.3608,500.0,7.5135,0.7498,8.2633
271,80.0085,80.0085,1.277824e-04,1.165104e+03,8.201810e+03,1.755415,0.582031,34.4427,22.9616,500.0,6.3174,0.7718,7.0892
272,81.1427,81.1427,1.623229e-04,1.069722e+03,7.546053e+03,1.755022,0.582025,35.6387,22.4642,500.0,6.1961,0.8307,7.0268
273,80.406,81.1427,1.542285e-04,1.163699e+03,8.384988e+03,1.75462,0.582005,34.0736,22.9655,500.0,6.1247,0.7592,6.884
274,79.9344,81.1427,1.526020e-04,7.897491e+02,8.180110e+03,1.754486,0.58195,34.1939,23.03,500.0,7.317,0.7549,8.0719
275,79.5627,81.1427,1.452442e-04,3.575670e+02,7.976453e+03,1.755409,0.582031,34.0199,22.9022,500.0,7.4002,0.7861,8.1862
276,77.9505,81.1427,1.416704e-04,6.927222e+02,7.342251e+03,1.754047,0.58193,32.6999,22.755,500.0,6.8458,0.7597,7.6054
277,79.6017,81.1427,1.193675e-04,8.709714e+02,7.270393e+03,1.752352,0.581607,34.0968,22.8841,500.0,6.935,0.7747,7.7097
278,77.6067,81.1427,1.948030e-04,1.037493e+03,8.113422e+03,1.749838,0.580395,32.2103,23.0171,500.0,8.3207,0.7778,9.0985
279,79.1254,81.1427,2.078404e-04,7.045078e+02,8.190629e+03,1.748861,0.580309,33.4457,22.7018,500.0,7.0153,0.766,7.7813
280,80.5877,81.1427,1.424533e-04,7.345020e+02,7.815662e+03,1.748142,0.579827,34.5306,22.8353,500.0,6.8406,0.8387,7.6792
281,79.8514,81.1427,1.286880e-04,5.865530e+02,7.864739e+03,1.74729,0.579747,33.6488,22.9064,500.0,6.2741,0.7684,7.0425
282,80.8847,81.1427,2.081824e-04,1.116267e+03,8.049990e+03,1.747446,0.579762,34.4403,22.9333,500.0,6.9149,0.7636,7.6786
283,81.2354,81.2354,1.416518e-04,9.384415e+02,8.045490e+03,1.74502,0.578551,34.8638,22.9848,500.0,6.3354,0.7702,7.1055
284,80.6711,81.2354,1.227483e-04,4.678302e+02,8.310646e+03,1.74161,0.57812,34.2706,22.833,500.0,7.4222,0.8052,8.2274
285,80.1976,81.2354,1.354940e-04,9.156361e+02,8.034822e+03,1.742512,0.578147,34.2741,22.8685,500.0,7.1181,0.728,7.8461
286,78.6965,81.2354,1.287940e-04,1.138560e+03,8.003556e+03,1.742007,0.578125,33.2208,22.8304,500.0,6.9302,0.8034,7.7335
287,79.4402,81.2354,1.301060e-04,4.207666e+02,7.671461e+03,1.739351,0.577719,33.3233,23.5406,500.0,7.3378,0.7821,8.1199
288,80.4058,81.2354,1.520252e-04,6.060203e+02,8.508868e+03,1.738018,0.576803,34.3408,23.1435,500.0,7.1905,0.7742,7.9647
289,79.0883,81.2354,1.392222e-04,5.577039e+02,7.757276e+03,1.738588,0.577692,33.2679,23.114,500.0,7.568,0.7636,8.3316
290,76.9889,81.2354,1.623538e-04,6.433903e+02,8.475972e+03,1.738596,0.577692,31.2355,23.3667,500.0,6.0977,0.773,6.8707
291,80.216,81.2354,1.234827e-04,5.237153e+02,8.542621e+03,1.738302,0.576819,33.9354,23.1757,500.0,6.3491,0.7584,7.1075
292,80.647,81.2354,1.396240e-04,5.945877e+02,8.296398e+03,1.740511,0.578022,34.3411,23.3527,500.0,6.4879,0.7656,7.2535
293,81.0695,81.2354,1.831271e-04,7.963423e+02,8.909806e+03,1.741451,0.578104,34.4594,23.1844,500.0,6.1297,0.7896,6.9193
294,79.7278,81.2354,1.684672e-04,7.095050e+02,8.231304e+03,1.741268,0.5781,33.5127,23.4435,500.0,7.2984,0.7563,8.0546
295,81.1512,81.2354,1.672374e-04,1.184029e+03,8.342334e+03,1.740024,0.577795,34.3821,23.5423,500.0,7.0333,0.7726,7.8059
296,82.3058,82.3058,1.466683e-04,5.673732e+02,8.672396e+03,1.738976,0.577712,35.3896,23.5697,500.0,7.3397,0.7706,8.1103
297,81.0356,82.3058,2.264809e-04,6.224783e+02,8.942346e+03,1.738533,0.576824,34.1788,23.6039,500.0,7.2478,0.7627,8.0104
298,79.4422,82.3058,1.396890e-04,8.063487e+02,7.943670e+03,1.735636,0.57641,33.0263,23.6043,500.0,7.5229,0.8084,8.3312
299,81.7323,82.3058,1.540695e-04,1.038430e+03,7.509208e+03,1.736017,0.576471,34.8719,23.4828,500.0,6.4251,0.776,7.2012
300,80.2602,82.3058,1.859655e-04,5.943659e+02,8.304616e+03,1.733969,0.575867,33.7716,23.5288,500.0,6.1725,0.7534,6.9259
301,82.0237,82.3058,1.829439e-04,8.686175e+02,8.373029e+03,1.732416,0.575547,35.0949,23.5479,500.0,7.4646,0.7647,8.2293
302,81.3212,82.3058,1.395845e-04,1.069740e+03,8.317257e+03,1.731693,0.574653,34.4346,23.2701,500.0,7.738,0.7948,8.5328
303,80.4021,82.3058,1.539957e-04,7.629685e+02,8.529599e+03,1.731157,0.574631,33.585,23.4664,500.0,7.6304,0.7736,8.404
304,82.166,82.3058,1.700091e-04,7.449306e+02,8.603730e+03,1.730513,0.574565,35.3451,23.4848,500.0,7.6831,0.7958,8.4789
305,81.8217,82.3058,1.657495e-04,6.457994e+02,8.245675e+03,1.730198,0.574546,34.9592,23.1479,500.0,6.9225,0.7695,7.6919
306,80.4577,82.3058,1.454874e-04,7.054974e+02,7.964210e+03,1.729111,0.574246,34.0356,23.2308,500.0,6.6106,0.814,7.4247
307,81.4081,82.3058,1.284403e-04,8.833536e+02,6.806437e+03,1.728726,0.574225,34.5614,23.6128,500.0,6.8755,0.7689,7.6444
308,80.1721,82.3058,1.388128e-04,9.654655e+02,8.439329e+03,1.725683,0.573809,33.082,24.1305,500.0,6.3734,0.7925,7.1659
309,84.4414,84.4414,1.671663e-04,1.007571e+03,8.330688e+03,1.723182,0.57258,36.7395,23.3889,500.0,7.6619,0.787,8.4489
310,82.127,84.4414,1.651684e-04,9.374006e+02,8.567051e+03,1.724053,0.572827,34.5707,23.7441,500.0,6.3225,0.7554,7.078
311,83.1695,84.4414,1.640890e-04,4.306058e+02,8.496525e+03,1.724257,0.572883,35.823,23.4498,500.0,6.1894,0.7713,6.9607
312,84.3078,84.4414,1.453256e-04,9.427630e+02,8.814801e+03,1.722805,0.57256,36.5132,23.7438,500.0,6.5884,0.7951,7.3835
313,83.3256,84.4414,1.649354e-04,8.018275e+02,7.632013e+03,1.720429,0.571973,35.6654,23.5706,500.0,6.0547,0.7584,6.8131
314,83.6105,84.4414,1.469567e-04,9.587136e+02,8.552390e+03,1.72102,0.572038,35.7724,23.8437,500.0,6.7709,0.8098,7.5807
315,83.5321,84.4414,1.631130e-04,7.873637e+02,8.015555e+03,1.721649,0.572472,35.7338,23.6391,500.0,7.5164,0.7644,8.2808
316,82.6764,84.4414,1.669290e-04,6.301651e+02,8.717240e+03,1.7211,0.572039,35.1674,23.6331,500.0,6.2679,0.8039,7.0718
317,83.0109,84.4414,1.693229e-04,6.691757e+02,8.929584e+03,1.721817,0.572477,35.3065,23.8938,500.0,6.0618,0.7849,6.8466
318,85.3773,85.3773,1.870454e-04,9.882223e+02,8.712412e+03,1.723448,0.572801,37.2482,23.5783,500.0,7.3066,0.7948,8.1013
319,82.0828,85.3773,1.637739e-04,7.545231e+02,8.806476e+03,1.723863,0.572822,34.3985,23.7538,500.0,7.3953,0.7559,8.1512
320,82.5077,85.3773,1.538711e-04,9.285525e+02,8.188032e+03,1.721436,0.572059,34.6132,23.8041,500.0,7.1875,0.7855,7.973
321,83.2892,85.3773,1.895261e-04,8.050562e+02,8.627044e+03,1.723152,0.572579,35.2121,24.0846,500.0,7.445,0.8034,8.2483
322,84.247,85.3773,1.710200e-04,7.513873e+02,9.032918e+03,1.72246,0.572554,35.8758,24.1228,500.0,7.348,0.7713,8.1193
323,82.544,85.3773,1.619368e-04,1.056342e+03,8.421832e+03,1.718817,0.571649,34.3883,24.0204,500.0,7.2098,0.7568,7.9666
324,85.6419,85.6419,2.119881e-04,6.665687e+02,8.760520e+03,1.717785,0.570744,37.0851,24.1372,500.0,6.6791,0.8032,7.4822
325,83.0386,85.6419,1.845699e-04,1.060182e+03,9.382967e+03,1.715547,0.57034,34.5779,24.1784,500.0,6.5339,0.7793,7.3132
326,86.242,86.242,2.341995e-04,7.769653e+02,9.161391e+03,1.712002,0.569899,37.18,24.1632,500.0,7.4264,0.7813,8.2078
327,85.1286,86.242,1.451794e-04,7.091812e+02,8.618492e+03,1.712297,0.569957,36.4605,24.1106,500.0,7.4256,0.7996,8.2252
328,85.2747,86.242,1.249788e-04,9.129075e+02,8.112639e+03,1.712978,0.569983,36.2553,23.7556,500.0,7.4641,0.7984,8.2626
329,83.6059,86.242,1.914711e-04,1.298442e+03,8.214361e+03,1.711498,0.569875,34.9049,24.0441,500.0,7.8368,0.7902,8.627
330,83.9992,86.242,1.443344e-04,1.237541e+03,8.952317e+03,1.709806,0.568889,35.3712,24.538,500.0,8.1538,0.7613,8.9151
331,86.3907,86.3907,1.966009e-04,6.569630e+02,8.674394e+03,1.707949,0.568553,36.8893,24.2092,500.0,8.513,0.7629,9.2758
332,84.9849,86.3907,2.042458e-04,6.937626e+02,9.260732e+03,1.704864,0.567747,35.8742,24.2673,500.0,7.5728,0.7712,8.344
333,85.272,86.3907,2.077118e-04,6.318041e+02,8.451854e+03,1.706985,0.568083,35.8434,24.4437,500.0,6.366,0.7551,7.1211
334,83.6535,86.3907,1.605581e-04,9.498616e+02,8.570251e+03,1.706557,0.568063,34.522,24.3254,500.0,6.6165,0.7771,7.3936
335,85.5936,86.3907,1.652428e-04,5.810034e+02,8.335727e+03,1.708424,0.568575,36.1282,24.5456,500.0,6.1763,0.7634,6.9397
336,85.8654,86.3907,1.423676e-04,7.729949e+02,8.418954e+03,1.70878,0.568636,36.5987,24.5582,500.0,6.1119,0.7986,6.9104
337,84.6297,86.3907,2.097408e-04,1.310333e+03,9.115813e+03,1.708853,0.568637,35.0415,25.0023,500.0,6.5685,0.758,7.3265
338,85.2034,86.3907,1.597278e-04,1.027453e+03,8.358222e+03,1.708279,0.56856,35.8749,24.6317,500.0,6.1306,0.8039,6.9345
339,86.5798,86.5798,1.583092e-04,7.975270e+02,8.449737e+03,1.707508,0.568159,36.852,24.3196,500.0,6.7021,0.7973,7.4993
340,87.2855,87.2855,1.423385e-04,1.021766e+03,8.423017e+03,1.707592,0.56816,37.0644,24.5226,500.0,6.932,0.7824,7.7144
341,88.437,88.437,2.238509e-04,1.264372e+03,9.413898e+03,1.708906,0.568637,37.9834,24.2508,500.0,7.1773,0.7934,7.9707
342,87.3514,88.437,1.842787e-04,7.684155e+02,7.974285e+03,1.708647,0.56858,36.8612,25.0033,500.0,7.7458,0.7578,8.5036
343,87.1716,88.437,1.371042e-04,7.135574e+02,8.207305e+03,1.707968,0.568553,36.8592,24.4797,500.0,7.0662,0.7622,7.8284
344,86.3902,88.437,2.295346e-04,9.532728e+02,9.798887e+03,1.709597,0.568884,36.4841,24.3976,500.0,6.4867,0.7797,7.2664
345,88.6659,88.6659,1.514913e-04,8.673397e+02,8.987108e+03,1.709004,0.568641,37.892,24.4426,500.0,6.1072,0.7576,6.8648
346,86.4482,88.6659,2.217794e-04,9.155943e+02,9.233726e+03,1.707556,0.56816,36.5119,24.4116,500.0,6.1858,0.7636,6.9494
347,88.8825,88.8825,2.003858e-04,7.525115e+02,8.486824e+03,1.703619,0.56682,37.8463,24.9964,500.0,7.4615,0.7721,8.2336
348,89.1083,89.1083,1.861201e-04,1.343074e+03,8.064712e+03,1.701242,0.566412,38.0816,24.9627,500.0,7.4257,0.7849,8.2106
349,89.1893,89.1893,2.215667e-04,8.814714e+02,9.319574e+03,1.699365,0.566297,38.006,24.745,500.0,7.4374,0.7606,8.198
350,90.0947,90.0947,2.249452e-04,1.333982e+03,9.482533e+03,1.696972,0.565056,39.0421,24.5699,500.0,7.1806,0.8263,8.0069
351,87.8384,90.0947,1.558032e-04,1.236446e+03,8.305739e+03,1.694637,0.564657,37.1627,24.4993,500.0,7.6428,0.7618,8.4046
352,90.1849,90.1849,1.632982e-04,7.451476e+02,9.063753e+03,1.693856,0.56427,39.0153,24.5554,500.0,7.1069,0.7538,7.8607
353,88.8063,90.1849,1.763878e-04,9.794164e+02,8.663140e+03,1.691019,0.563836,37.7499,24.6808,500.0,7.7041,0.7743,8.4784
354,88.5448,90.1849,2.048595e-04,9.654696e+02,9.237984e+03,1.689346,0.562854,37.5271,24.89,500.0,6.2855,0.77,7.0556
355,90.0945,90.1849,1.613274e-04,1.350630e+03,8.857534e+03,1.688681,0.562609,38.7023,24.8777,500.0,7.4576,0.7689,8.2265
356,91.0767,91.0767,1.598784e-04,9.509096e+02,8.869561e+03,1.688965,0.562833,39.3392,25.238,500.0,6.9616,0.7548,7.7164
357,90.1996,91.0767,1.330123e-04,8.134512e+02,8.014565e+03,1.685383,0.562166,38.2796,24.9273,500.0,7.8634,0.8153,8.6787
358,87.8762,91.0767,2.030587e-04,1.092757e+03,9.342051e+03,1.682543,0.561074,36.9169,24.9418,500.0,6.8373,0.7601,7.5974
359,88.4843,91.0767,1.757189e-04,7.858665e+02,8.813474e+03,1.682155,0.561056,37.5235,24.9554,500.0,6.0738,0.7773,6.8511
360,90.1884,91.0767,2.094871e-04,9.966711e+02,8.568916e+03,1.683742,0.562055,38.4506,25.4332,500.0,7.6014,0.7652,8.3666
361,89.8784,91.0767,1.747282e-04,5.555877e+02,8.875357e+03,1.682453,0.561073,38.2171,24.9954,500.0,7.9199,0.8228,8.7428
362,90.6499,91.0767,1.829517e-04,1.099995e+03,8.871527e+03,1.683891,0.56206,38.8488,24.5965,500.0,7.7354,0.7586,8.4941
363,90.3692,91.0767,1.654333e-04,8.941405e+02,8.679334e+03,1.686701,0.562479,39.0015,24.294,500.0,6.4715,0.7882,7.2597
364,91.145,91.145,1.454263e-04,6.497796e+02,7.712352e+03,1.687273,0.562501,39.1809,24.6555,500.0,6.279,0.7537,7.0326
365,88.6957,91.145,1.742986e-04,7.594570e+02,9.747125e+03,1.688011,0.562583,37.5151,25.1583,500.0,6.2188,0.7946,7.0134
366,90.7671,91.145,1.720868e-04,7.639818e+02,8.975312e+03,1.688869,0.562833,38.7269,24.9049,500.0,6.227,0.7772,7.0042
367,90.5478,91.145,2.220983e-04,1.104112e+03,1.022303e+04,1.690779,0.563831,38.5666,24.759,500.0,6.0823,0.7645,6.8467
368,90.3254,91.145,1.717472e-04,7.793742e+02,9.465128e+03,1.68976,0.562916,38.5172,24.7644,500.0,6.0507,0.7988,6.8495
369,91.8236,91.8236,1.964921e-04,1.374567e+03,9.895471e+03,1.688629,0.562606,39.6441,25.0354,500.0,6.013,0.782,6.7949
370,91.3604,91.8236,1.676049e-04,9.829890e+02,9.105714e+03,1.689734,0.562916,39.4572,24.9706,500.0,6.8683,0.7543,7.6226
371,92.2493,92.2493,2.081497e-04,1.247369e+03,8.970799e+03,1.690399,0.562942,40.0013,24.7913,500.0,7.4721,0.7648,8.2369
372,89.8988,92.2493,1.977961e-04,9.548915e+02,9.458566e+03,1.693506,0.56425,38.3466,24.6953,500.0,7.1648,0.7725,7.9373
373,91.8728,92.2493,2.134555e-04,8.658672e+02,9.522069e+03,1.692058,0.563935,39.32,25.2003,500.0,7.0814,0.7648,7.8461
374,92.9047,92.9047,2.134402e-04,1.477621e+03,9.316399e+03,1.691496,0.563913,40.6114,24.6866,500.0,7.2312,0.8067,8.0379
375,92.1126,92.9047,1.932601e-04,5.608126e+02,9.849518e+03,1.690346,0.562938,39.7766,25.0057,500.0,7.3233,0.7736,8.0969
376,91.8866,92.9047,1.980412e-04,1.049102e+03,9.761822e+03,1.691101,0.563851,39.3938,25.0809,500.0,7.3352,0.8124,8.1476
377,93.0532,93.0532,2.088254e-04,9.373793e+02,8.934854e+03,1.689749,0.562916,40.4696,24.962,500.0,6.6051,0.7823,7.3875
378,94.9478,94.9478,1.785095e-04,6.539457e+02,9.350740e+03,1.688055,0.562584,42.159,24.6206,500.0,7.1937,0.8167,8.0104
379,90.9719,94.9478,1.769111e-04,1.299313e+03,9.644118e+03,1.687706,0.562522,38.776,24.9391,500.0,6.6624,0.7629,7.4253
380,93.7323,94.9478,2.178009e-04,9.072239e+02,9.154028e+03,1.688685,0.56261,40.8758,24.6125,500.0,6.4249,0.7741,7.199
381,93.7064,94.9478,1.967905e-04,7.843353e+02,9.572740e+03,1.689265,0.56284,41.019,24.7796,500.0,6.6192,0.7727,7.3919
382,93.5139,94.9478,2.961395e-04,1.467611e+03,1.026585e+04,1.690754,0.563831,40.449,25.0427,500.0,7.0656,0.7675,7.8331
383,91.9056,94.9478,1.538552e-04,9.652175e+02,9.841749e+03,1.689277,0.56284,39.6624,24.7261,500.0,7.5348,0.7732,8.308
384,90.2806,94.9478,1.749460e-04,7.781872e+02,9.046333e+03,1.689234,0.56284,38.1559,25.2268,500.0,6.2192,0.7953,7.0145
385,92.407,94.9478,2.315155e-04,1.329823e+03,9.429936e+03,1.688753,0.56261,39.6295,25.3155,500.0,6.3641,0.7531,7.1172
386,92.7155,94.9478,2.152197e-04,8.429100e+02,1.051300e+04,1.687874,0.562526,39.965,25.0984,500.0,6.9164,0.7547,7.6711
387,95.1448,95.1448,2.092890e-04,8.201069e+02,9.846654e+03,1.686569,0.562478,41.6983,25.1252,500.0,6.0305,0.7881,6.8186
388,94.6357,95.1448,1.965042e-04,9.809537e+02,9.799625e+03,1.683357,0.561157,41.3435,25.1625,500.0,6.1406,0.7945,6.9351
389,94.1956,95.1448,2.545648e-04,7.774335e+02,1.051100e+04,1.682892,0.561135,40.8778,25.2139,500.0,7.4358,0.7747,8.2105
390,94.5386,95.1448,2.246285e-04,7.535442e+02,9.604541e+03,1.681595,0.560821,41.2356,25.1071,500.0,7.1039,0.7751,7.879
391,94.642,95.1448,2.393096e-04,1.023398e+03,9.706520e+03,1.679893,0.560372,40.8439,25.3485,500.0,7.6204,0.7598,8.3801
392,94.9809,95.1448,2.219974e-04,9.152933e+02,9.768064e+03,1.677061,0.559939,40.9028,25.6866,500.0,8.39,0.7827,9.1727
393,93.6987,95.1448,2.195725e-04,9.871176e+02,1.042035e+04,1.675732,0.558956,39.9845,25.6957,500.0,6.747,0.7607,7.5077
394,93.3963,95.1448,1.987368e-04,1.003005e+03,1.054030e+04,1.676592,0.55904,39.9091,25.5228,500.0,7.0508,0.7591,7.8099
395,94.7872,95.1448,3.173831e-04,1.533977e+03,1.084737e+04,1.675333,0.558936,40.6652,25.5168,500.0,7.3897,0.7965,8.1861
396,93.6524,95.1448,2.465816e-04,9.209607e+02,1.069506e+04,1.674715,0.5587,39.9742,25.6589,500.0,7.7787,0.7666,8.5452
397,94.8737,95.1448,3.013941e-04,9.021198e+02,1.070445e+04,1.673859,0.55862,41.1471,25.7132,500.0,7.9402,0.8216,8.7618
398,95.2865,95.2865,2.861541e-04,1.093361e+03,1.106284e+04,1.674187,0.558679,41.3126,25.5095,500.0,7.6815,0.7996,8.4811
399,94.8488,95.2865,2.659199e-04,8.922114e+02,1.030847e+04,1.673714,0.558615,40.7977,25.2056,500.0,7.2305,0.7953,8.0258
400,96.4185,96.4185,2.858207e-04,1.124262e+03,1.093200e+04,1.675918,0.559014,42.0013,25.4687,500.0,7.5359,0.7633,8.2992
401,96.6018,96.6018,1.992098e-04,8.754719e+02,1.019726e+04,1.677342,0.559959,41.9683,25.2616,500.0,7.3718,0.779,8.1508
402,95.1083,96.6018,1.969587e-04,1.224612e+03,1.046696e+04,1.676884,0.559934,41.3641,25.2061,500.0,6.5375,0.7729,7.3105
403,94.8857,96.6018,3.025125e-04,9.185707e+02,1.142558e+04,1.67376,0.558616,41.2419,25.4085,500.0,6.0363,0.7587,6.795
404,97.0815,97.0815,2.151164e-04,5.884121e+02,1.062142e+04,1.672775,0.558587,42.7171,25.1456,500.0,6.0988,0.7552,6.854
405,95.3009,97.0815,2.329876e-04,6.330528e+02,1.058376e+04,1.673296,0.558594,41.4793,25.4448,500.0,6.1176,0.7632,6.8808
406,94.1736,97.0815,2.959826e-04,8.483071e+02,1.103930e+04,1.67374,0.558616,40.2646,25.5775,500.0,6.015,0.8388,6.8538
407,95.5643,97.0815,2.100474e-04,8.488823e+02,9.488086e+03,1.67189,0.558503,41.6478,25.0112,500.0,6.9686,0.7881,7.7567
408,95.8862,97.0815,2.472707e-04,9.768099e+02,1.103236e+04,1.66902,0.557224,41.6973,25.2256,500.0,7.4094,0.7696,8.179
409,95.2472,97.0815,2.603875e-04,1.185639e+03,1.029804e+04,1.670612,0.55823,41.3719,25.214,500.0,7.2531,0.8751,8.1282
410,95.1919,97.0815,2.078153e-04,1.250677e+03,1.047880e+04,1.670223,0.558168,41.2664,25.024,500.0,7.6984,0.7696,8.468
411,95.4571,97.0815,2.183311e-04,1.320771e+03,1.032345e+04,1.668281,0.557142,41.3516,25.0989,500.0,7.1267,0.7814,7.9081
412,97.5968,97.5968,2.523382e-04,1.056796e+03,1.132670e+04,1.668697,0.557163,43.114,25.1507,500.0,7.7275,0.7592,8.4867
413,94.0245,97.5968,2.204425e-04,9.702018e+02,1.105350e+04,1.667828,0.55691,40.2085,25.4854,500.0,7.0969,0.7851,7.882
414,94.935,97.5968,2.310364e-04,1.084162e+03,9.815604e+03,1.668139,0.55714,40.8062,25.5998,500.0,7.6012,0.7577,8.3589
415,94.016,97.5968,2.425429e-04,1.380844e+03,1.128698e+04,1.668373,0.557156,40.2102,25.6045,500.0,7.1021,0.7638,7.8659
416,94.6181,97.5968,2.722887e-04,9.446071e+02,1.131751e+04,1.668052,0.557136,40.6478,25.5684,500.0,7.6907,0.7726,8.4632
417,94.8306,97.5968,3.271059e-04,1.321866e+03,1.124713e+04,1.665941,0.556482,40.7613,25.6108,500.0,7.7719,0.7912,8.563
418,96.919,97.5968,2.613555e-04,1.254022e+03,1.087734e+04,1.665315,0.556456,42.2813,25.6556,500.0,7.399,0.7993,8.1984
419,96.6415,97.5968,3.952596e-04,1.292373e+03,1.064838e+04,1.665852,0.556478,41.9933,25.8424,500.0,6.434,0.7786,7.2125
420,98.939,98.939,2.742442e-04,1.202484e+03,1.076227e+04,1.662201,0.555116,43.6566,25.2575,500.0,7.4338,0.77,8.2037
421,96.0616,98.939,2.906241e-04,9.202704e+02,1.141808e+04,1.663484,0.556064,41.2938,25.8604,500.0,6.9375,0.792,7.7295
422,97.9804,98.939,2.369761e-04,1.147554e+03,1.042610e+04,1.662394,0.555132,42.8018,25.542,500.0,7.5433,0.763,8.3063
423,96.7818,98.939,2.293220e-04,1.078498e+03,1.023443e+04,1.661797,0.555109,41.7964,25.877,500.0,7.2357,0.7941,8.0299
424,98.5789,98.939,3.291003e-04,1.487131e+03,1.114054e+04,1.660293,0.554777,42.9073,25.6582,500.0,6.7519,0.773,7.5249
425,96.5809,98.939,2.687327e-04,1.929000e+03,1.054460e+04,1.662891,0.556041,41.1905,26.3178,500.0,7.2454,0.7637,8.0091
426,99.6139,99.6139,2.913042e-04,1.053434e+03,1.126855e+04,1.661177,0.55503,43.6079,26.0152,500.0,7.6806,0.7718,8.4524
427,95.9299,99.6139,2.966611e-04,1.618969e+03,1.030459e+04,1.659767,0.55471,41.4407,25.7813,500.0,7.4321,0.8305,8.2626
428,97.7746,99.6139,3.182302e-04,8.048304e+02,1.075544e+04,1.659595,0.554695,42.4801,25.8123,500.0,6.9413,0.732,7.6732
429,97.2895,99.6139,3.570368e-04,7.809811e+02,1.142539e+04,1.65941,0.554693,42.1131,25.8073,500.0,7.2328,0.7596,7.9924
430,98.4304,99.6139,2.783869e-04,7.915168e+02,1.146814e+04,1.658356,0.55466,42.9507,25.7593,500.0,7.4148,0.7636,8.1784
431,98.3259,99.6139,2.527337e-04,1.258743e+03,1.005713e+04,1.657274,0.554348,42.6268,26.1767,500.0,7.8371,0.7691,8.6062
432,98.6584,99.6139,2.658315e-04,1.065855e+03,1.099189e+04,1.657,0.554342,42.8629,25.9475,500.0,7.4938,0.7958,8.2896
433,97.1778,99.6139,2.735738e-04,8.493472e+02,1.187572e+04,1.658497,0.554665,41.6808,26.4334,500.0,7.9558,0.7631,8.7189
434,98.4159,99.6139,2.882732e-04,5.581531e+02,1.109151e+04,1.656887,0.554327,42.4786,26.6022,500.0,7.7187,0.7577,8.4765
435,98.7957,99.6139,2.553659e-04,6.915656e+02,1.051608e+04,1.657898,0.554596,43.0276,25.9321,500.0,7.4935,0.7859,8.2794
436,96.9402,99.6139,2.676569e-04,1.831304e+03,1.092041e+04,1.659044,0.554687,41.5921,26.3281,500.0,7.5371,0.732,8.2691
437,95.6578,99.6139,2.631826e-04,1.108344e+03,1.037865e+04,1.660555,0.554793,40.7066,26.0597,500.0,8.2115,0.7587,8.9702
438,95.9115,99.6139,2.218735e-04,8.900640e+02,1.073558e+04,1.662222,0.555116,40.6922,26.3578,500.0,7.4102,0.7557,8.1659
439,97.1662,99.6139,2.449607e-04,8.321901e+02,1.050893e+04,1.660559,0.554793,41.6746,26.063,500.0,7.3243,0.8096,8.134
440,96.8347,99.6139,2.934859e-04,1.229278e+03,1.054957e+04,1.663176,0.556057,41.4642,26.571,500.0,7.8466,0.7638,8.6104
441,99.1473,99.6139,2.283054e-04,8.645266e+02,1.105201e+04,1.663042,0.556042,43.345,25.7787,500.0,8.1049,0.7721,8.8769
442,99.0331,99.6139,2.315574e-04,7.758348e+02,1.094597e+04,1.65912,0.554687,43.0164,25.9227,500.0,7.0803,0.7885,7.8688
443,97.2548,99.6139,2.180404e-04,8.286213e+02,1.021785e+04,1.660812,0.5548,41.8693,26.2603,500.0,7.6526,0.8041,8.4567
444,98.5348,99.6139,2.849689e-04,1.137505e+03,9.710531e+03,1.6593,0.554689,42.9722,25.8692,500.0,7.0951,0.8393,7.9344
445,98.0697,99.6139,2.698105e-04,1.170571e+03,1.068213e+04,1.659412,0.554693,42.3169,26.2835,500.0,6.2021,0.7848,6.987
446,99.4206,99.6139,2.626388e-04,5.960631e+02,1.081545e+04,1.659287,0.554689,43.4776,25.6298,500.0,6.4311,0.7521,7.1833
447,97.652,99.6139,2.215856e-04,6.638920e+02,1.056221e+04,1.658077,0.554601,41.9681,26.2037,500.0,7.2548,0.7657,8.0205
448,98.6274,99.6139,3.697312e-04,9.645543e+02,1.296767e+04,1.654359,0.55324,42.7468,26.379,500.0,7.9098,0.7649,8.6747
449,97.882,99.6139,2.701014e-04,9.869130e+02,1.123919e+04,1.654403,0.55324,42.209,26.0042,500.0,7.1149,0.7911,7.9059
450,100.1627,100.1627,2.905375e-04,5.205268e+02,1.086957e+04,1.651811,0.552585,44.034,26.1386,500.0,6.4153,0.7795,7.1948
451,99.0963,100.1627,1.944982e-04,1.172177e+03,1.018076e+04,1.6521,0.55259,42.729,26.0663,500.0,7.4039,0.7791,8.1831
452,97.0243,100.1627,2.774130e-04,5.903210e+02,1.187662e+04,1.650051,0.552246,41.336,26.3629,500.0,6.1837,0.8073,6.991
453,99.359,100.1627,3.324153e-04,1.108324e+03,1.157925e+04,1.648518,0.551234,43.2296,26.4133,500.0,8.4964,0.7966,9.293
454,99.5436,100.1627,2.801064e-04,1.394885e+03,1.076421e+04,1.650339,0.552478,43.0017,26.3029,500.0,6.1982,0.8008,6.999
455,99.4452,100.1627,2.581948e-04,1.061127e+03,1.151630e+04,1.650673,0.552484,43.3473,26.1209,500.0,7.0558,0.7757,7.8315
456,98.7367,100.1627,2.653566e-04,9.035203e+02,1.127045e+04,1.652769,0.552905,42.7069,26.3666,500.0,6.3436,0.7563,7.1
457,99.8174,100.1627,2.671045e-04,1.271656e+03,1.002713e+04,1.65136,0.552564,43.1185,26.3623,500.0,7.0916,0.7614,7.853
458,98.3348,100.1627,2.732670e-04,8.210800e+02,1.181436e+04,1.650778,0.552485,42.364,26.3382,500.0,7.181,0.8131,7.9941
459,99.7816,100.1627,3.089304e-04,1.261932e+03,1.102613e+04,1.650229,0.552251,43.2041,26.0227,500.0,7.4471,0.7598,8.2069
460,98.8109,100.1627,3.615514e-04,9.217074e+02,1.179356e+04,1.64678,0.550895,42.7514,26.0751,500.0,6.3383,0.7678,7.106
461,100.2041,100.2041,2.894106e-04,8.912240e+02,1.168227e+04,1.647843,0.551208,43.4546,25.7215,500.0,7.4783,0.7799,8.2582
462,99.9294,100.2041,2.800573e-04,9.379898e+02,1.050211e+04,1.646353,0.550873,43.476,25.9016,500.0,7.0294,0.7613,7.7907
463,99.3994,100.2041,3.121025e-04,1.331020e+03,1.163679e+04,1.644407,0.550758,43.1087,25.8128,500.0,7.4144,0.7571,8.1715
464,98.4561,100.2041,3.166566e-04,1.347449e+03,1.138318e+04,1.642556,0.550414,42.3962,26.1978,500.0,7.7888,0.7564,8.5452
465,98.5841,100.2041,3.171247e-04,1.385702e+03,1.084093e+04,1.643907,0.550691,42.4033,25.7985,500.0,7.5326,0.7723,8.3049
466,98.7226,100.2041,2.131900e-04,8.639792e+02,1.065605e+04,1.642931,0.550434,42.6566,25.9419,500.0,7.6104,0.775,8.3854
467,97.3383,100.2041,3.051459e-04,1.190949e+03,1.083602e+04,1.641781,0.550332,41.5885,26.1282,500.0,7.2242,0.7776,8.0018
468,98.5232,100.2041,2.908317e-04,1.036392e+03,1.117778e+04,1.6402,0.549323,42.3645,26.0852,500.0,7.0437,0.7543,7.798
469,98.1147,100.2041,2.920360e-04,1.571837e+03,1.078531e+04,1.639553,0.549072,42.1689,25.7928,500.0,6.7553,0.775,7.5302
470,100.4416,100.4416,2.743362e-04,9.802131e+02,1.127089e+04,1.638708,0.548986,43.6253,26.0397,500.0,7.2972,0.7787,8.0759
471,100.4803,100.4803,3.394041e-04,1.753432e+03,1.156388e+04,1.637716,0.548695,43.5992,26.0695,500.0,7.5092,0.8055,8.3147
472,100.7685,100.7685,2.850106e-04,7.162864e+02,1.124126e+04,1.636849,0.54861,43.8268,26.2497,500.0,7.7722,0.8052,8.5775
473,100.486,100.7685,2.802583e-04,1.163740e+03,1.131529e+04,1.634361,0.547331,43.5404,25.9777,500.0,7.0853,0.7827,7.868
474,101.6032,101.6032,2.744407e-04,1.155335e+03,1.065331e+04,1.633123,0.547239,44.4238,26.3124,500.0,6.6784,0.8092,7.4876
475,102.3932,102.3932,2.283574e-04,8.561002e+02,1.155287e+04,1.631895,0.546962,44.9452,26.2455,500.0,6.188,0.7889,6.9768
476,103.0783,103.0783,4.030733e-04,1.460667e+03,1.185112e+04,1.632408,0.546988,45.3904,26.342,500.0,7.2652,0.7625,8.0277
477,101.1799,103.0783,3.540293e-04,1.384879e+03,1.317123e+04,1.63174,0.546961,43.8566,26.6302,500.0,7.4769,0.7957,8.2726
478,101.3635,103.0783,2.679465e-04,1.465995e+03,1.211955e+04,1.633421,0.547246,43.9318,26.415,500.0,7.7124,0.8077,8.52
479,101.8895,103.0783,2.885646e-04,7.119459e+02,1.135436e+04,1.632427,0.546988,44.3197,26.2793,500.0,7.3657,0.7795,8.1451
480,100.8284,103.0783,3.227876e-04,1.201657e+03,1.210641e+04,1.6322,0.546982,43.5613,26.7171,500.0,6.407,0.7739,7.1809
481,102.7167,103.0783,3.165477e-04,1.238441e+03,1.169503e+04,1.635816,0.548349,45.0933,26.0333,500.0,7.7438,0.76,8.5038
482,100.7409,103.0783,2.519017e-04,1.144209e+03,1.018739e+04,1.634189,0.54733,43.4401,26.0296,500.0,7.2926,0.7626,8.0552
483,102.2251,103.0783,3.226096e-04,9.363597e+02,1.206002e+04,1.6357,0.548335,44.8191,26.1705,500.0,6.9887,0.7946,7.7833
484,100.7455,103.0783,2.756549e-04,8.368398e+02,1.256194e+04,1.634111,0.547326,43.673,26.1235,500.0,7.5645,0.7671,8.3316
485,100.9284,103.0783,3.229573e-04,1.164659e+03,1.122294e+04,1.633396,0.547246,43.781,25.7635,500.0,6.2633,0.7622,7.0255
486,102.9483,103.0783,3.399926e-04,1.286885e+03,1.127715e+04,1.632956,0.547224,45.2447,25.9141,500.0,6.8481,0.7642,7.6123
487,101.1673,103.0783,2.750444e-04,9.630137e+02,1.243705e+04,1.633179,0.54724,43.6219,26.8742,500.0,7.1817,0.7564,7.9381
488,102.5066,103.0783,3.346963e-04,1.492132e+03,1.271829e+04,1.633531,0.547303,44.7559,26.2663,500.0,7.1696,0.7608,7.9304
489,98.826,103.0783,4.722461e-04,1.098220e+03,1.441021e+04,1.634539,0.548244,41.9495,26.2578,500.0,7.3362,0.7668,8.103
490,100.2891,103.0783,3.911032e-04,1.654724e+03,1.236864e+04,1.635028,0.548265,43.0444,26.2198,500.0,7.0058,0.7812,7.787
491,104.3617,104.3617,3.546226e-04,1.851610e+03,1.185926e+04,1.635437,0.548329,45.9116,25.7856,500.0,8.1958,0.7745,8.9703
492,101.4768,104.3617,2.230856e-04,7.809748e+02,1.038657e+04,1.63595,0.548354,43.7777,26.4375,500.0,6.9663,0.8153,7.7815
493,99.967,104.3617,3.968420e-04,1.141897e+03,1.106189e+04,1.636479,0.54859,42.6858,26.6539,500.0,6.5818,0.7773,7.3591
494,102.0692,104.3617,3.703697e-04,9.705244e+02,1.178288e+04,1.638443,0.548981,44.0252,26.7796,500.0,7.7247,0.7751,8.4999
495,102.4866,104.3617,3.469939e-04,1.138277e+03,1.237639e+04,1.637897,0.548697,44.4911,26.9158,500.0,7.3061,0.7943,8.1004
496,102.5084,104.3617,3.212393e-04,1.500237e+03,1.176815e+04,1.640026,0.549308,44.7406,26.3593,500.0,7.581,0.7699,8.351
497,100.8355,104.3617,2.701289e-04,1.303021e+03,1.229357e+04,1.640967,0.549394,43.4785,26.2006,500.0,7.2894,0.7809,8.0703
498,102.2886,104.3617,3.425668e-04,1.808315e+03,1.266314e+04,1.640449,0.549329,44.8008,26.2736,500.0,6.5867,0.7715,7.3581
499,99.7558,104.3617,2.408028e-04,9.879045e+02,1.112090e+04,1.640102,0.549309,43.0661,26.1288,500.0,7.9475,0.7659,8.7134
500,103.377,104.3617,2.880115e-04,1.245754e+03,1.103046e+04,1.640474,0.54933,45.209,26.1991,500.0,7.2568,0.7828,8.0396
501,102.02,104.3617,2.516975e-04,1.385532e+03,1.066102e+04,1.639961,0.549307,44.517,25.939,500.0,8.3433,0.7579,9.1012
502,102.9705,104.3617,3.038289e-04,1.283902e+03,1.131017e+04,1.640255,0.549324,44.8263,26.2051,500.0,6.8431,0.7581,7.6012
503,103.6759,104.3617,3.101802e-04,9.240041e+02,1.122579e+04,1.640991,0.549394,45.6768,25.6979,500.0,7.1148,0.7834,7.8982
504,100.7807,104.3617,2.856329e-04,2.021411e+03,1.101929e+04,1.640377,0.549328,43.4379,26.0753,500.0,8.2107,0.7798,8.9904
505,102.8031,104.3617,3.133947e-04,1.276209e+03,1.117069e+04,1.638079,0.548961,44.817,25.8771,500.0,7.3751,0.7795,8.1546
506,101.4613,104.3617,2.837975e-04,1.161272e+03,1.113758e+04,1.640385,0.549328,43.9075,25.7913,500.0,6.6321,0.7856,7.4177
507,102.3088,104.3617,3.425344e-04,1.039644e+03,1.260793e+04,1.640402,0.549328,44.5798,26.1924,500.0,6.9429,0.791,7.734
508,102.1311,104.3617,3.021988e-04,8.249197e+02,1.265480e+04,1.641771,0.550332,44.4041,25.948,500.0,7.5207,0.7769,8.2976
509,100.1902,104.3617,3.014321e-04,8.997075e+02,1.169276e+04,1.639654,0.549073,42.9142,26.0416,500.0,7.8205,0.7568,8.5773
510,101.2803,104.3617,3.450044e-04,1.522982e+03,1.104803e+04,1.64052,0.54933,43.6135,26.4939,500.0,7.4599,0.7884,8.2483
511,100.8925,104.3617,3.619926e-04,1.280291e+03,1.127835e+04,1.642941,0.550435,43.2976,26.3152,500.0,7.4547,0.779,8.2337
512,102.3907,104.3617,3.152453e-04,1.006337e+03,1.101449e+04,1.6455,0.550803,44.5198,26.0334,500.0,8.5844,0.7716,9.356
513,100.238,104.3617,2.870248e-04,1.251396e+03,1.084468e+04,1.643496,0.550673,43.1234,25.988,500.0,7.5884,0.7695,8.3578
514,100.185,104.3617,2.585612e-04,1.090782e+03,1.044257e+04,1.643446,0.550669,42.6347,26.2307,500.0,7.1287,0.7587,7.8874
515,100.8436,104.3617,2.445537e-04,1.249504e+03,1.089762e+04,1.642681,0.550418,43.196,26.1629,500.0,7.4391,0.8122,8.2513
516,101.5255,104.3617,3.725511e-04,1.364201e+03,1.271187e+04,1.643043,0.550439,43.6201,26.5557,500.0,8.2299,0.7805,9.0104
517,99.9809,104.3617,3.186167e-04,2.261201e+03,1.143868e+04,1.642332,0.550355,42.6103,26.2683,500.0,7.4645,0.809,8.2735
518,101.153,104.3617,3.596341e-04,1.320520e+03,1.293173e+04,1.642198,0.550354,43.3551,26.2596,500.0,7.9987,0.7754,8.7741
519,101.4267,104.3617,2.674583e-04,1.030023e+03,1.184358e+04,1.639551,0.549073,43.6539,26.2615,500.0,7.5072,0.7884,8.2956
520,103.8092,104.3617,4.322492e-04,1.529754e+03,1.303034e+04,1.638382,0.548981,45.6185,26.1268,500.0,7.7842,0.7791,8.5633
521,102.7657,104.3617,3.536100e-04,1.382700e+03,1.247947e+04,1.638153,0.548965,45.0723,25.7126,500.0,8.1603,0.7856,8.9459
522,103.5765,104.3617,2.847484e-04,1.680928e+03,1.137933e+04,1.640608,0.549387,45.1498,25.8492,500.0,7.2775,0.786,8.0635
523,101.6968,104.3617,3.077205e-04,1.123111e+03,1.259677e+04,1.640391,0.549329,43.854,26.0941,500.0,7.6145,0.7662,8.3807
524,102.6891,104.3617,3.456224e-04,8.247789e+02,1.277303e+04,1.637895,0.548959,44.558,26.233,500.0,7.3787,0.7989,8.1776
525,101.3391,104.3617,2.917741e-04,1.605666e+03,1.187347e+04,1.638231,0.548966,43.5299,26.4581,500.0,7.0117,0.7835,7.7952
526,102.3266,104.3617,3.543956e-04,1.486363e+03,1.148315e+04,1.636898,0.548611,44.2726,26.5718,500.0,7.4158,0.7543,8.1702
527,103.8267,104.3617,3.658120e-04,1.292186e+03,1.190875e+04,1.638542,0.548982,45.3524,26.159,500.0,6.9935,0.7609,7.7544
528,102.2278,104.3617,3.079434e-04,9.101088e+02,1.214983e+04,1.638418,0.548981,44.2122,26.0291,500.0,6.9581,0.7789,7.737
529,102.5622,104.3617,3.478458e-04,9.814576e+02,1.229846e+04,1.637121,0.54867,44.4771,26.2676,500.0,6.3758,0.8401,7.2159
530,104.8098,104.8098,3.262392e-04,1.077194e+03,1.292119e+04,1.634914,0.548265,46.1671,25.9821,500.0,7.0312,0.7906,7.8218
531,101.4411,104.8098,3.442394e-04,8.735353e+02,1.181306e+04,1.636837,0.548611,43.6011,26.505,500.0,7.5735,0.8207,8.3942
532,101.3934,104.8098,3.306076e-04,1.281374e+03,1.287466e+04,1.639057,0.549051,43.6167,26.1719,500.0,7.0496,0.7737,7.8233
533,100.7951,104.8098,3.350678e-04,1.532173e+03,1.165624e+04,1.635876,0.548354,42.896,26.4449,500.0,7.4721,0.7711,8.2432
534,104.2482,104.8098,3.438405e-04,1.872942e+03,1.316659e+04,1.633522,0.547304,45.4872,26.5794,500.0,6.3167,0.7543,7.071
535,105.0594,105.0594,3.020739e-04,1.256208e+03,1.286589e+04,1.632267,0.546987,46.1244,26.2862,500.0,6.5182,0.8161,7.3343
536,102.8918,105.0594,3.151928e-04,9.906724e+02,1.266381e+04,1.633095,0.54724,44.5498,26.3746,500.0,7.4833,0.7648,8.2481
537,103.561,105.0594,2.912638e-04,9.158465e+02,1.234421e+04,1.632168,0.546983,45.1841,25.9793,500.0,7.3097,0.7858,8.0955
538,103.2077,105.0594,4.722142e-04,1.823940e+03,1.277257e+04,1.633761,0.54731,44.8962,26.2318,500.0,7.2866,0.7621,8.0486
539,101.0856,105.0594,3.240906e-04,1.152121e+03,1.297687e+04,1.6318,0.546962,43.2274,26.6558,500.0,6.7046,0.7848,7.4894
540,102.4964,105.0594,2.812681e-04,1.609847e+03,1.194050e+04,1.632145,0.546983,44.4534,26.132,500.0,7.0208,0.8031,7.8239
541,101.4386,105.0594,3.023075e-04,1.544566e+03,1.336600e+04,1.63418,0.547331,43.7013,26.2955,500.0,7.3522,0.7808,8.133
542,100.8557,105.0594,3.600928e-04,1.238255e+03,1.298188e+04,1.632456,0.546989,43.0679,26.5832,500.0,7.6607,0.7731,8.4338
543,103.3451,105.0594,3.205839e-04,1.272132e+03,1.150615e+04,1.634852,0.548265,45.1295,26.2142,500.0,7.7693,0.7586,8.5279
544,103.7022,105.0594,3.333828e-04,9.563243e+02,1.325122e+04,1.636183,0.548585,45.1445,26.1356,500.0,7.3512,0.785,8.1362
545,104.0844,105.0594,3.890102e-04,1.576893e+03,1.258850e+04,1.636015,0.548356,45.4674,26.3749,500.0,7.8932,0.7549,8.6481
546,101.743,105.0594,3.388118e-04,1.991288e+03,1.250070e+04,1.63484,0.548265,43.5741,26.6185,500.0,7.4546,0.7314,8.186
547,102.4138,105.0594,3.933668e-04,1.266585e+03,1.145871e+04,1.634119,0.54733,43.9176,26.4747,500.0,6.4407,0.7913,7.232
548,100.1564,105.0594,4.030247e-04,1.437933e+03,1.195468e+04,1.633188,0.547244,42.4432,26.6328,500.0,7.3525,0.8054,8.1579
549,103.0186,105.0594,3.277881e-04,1.690198e+03,1.333768e+04,1.634007,0.547326,44.5183,26.4258,500.0,7.5751,0.7824,8.3574
550,100.8718,105.0594,3.619892e-04,1.457919e+03,1.255979e+04,1.63476,0.548264,42.7955,26.5917,500.0,7.7476,0.8177,8.5653
551,100.6448,105.0594,3.839046e-04,1.479159e+03,1.225520e+04,1.638197,0.548966,42.9195,26.5384,500.0,7.351,0.7669,8.1179
552,101.2797,105.0594,3.972549e-04,1.332725e+03,1.343687e+04,1.637939,0.548959,43.6713,26.3576,500.0,7.3589,0.7947,8.1535
553,101.9355,105.0594,3.871205e-04,1.502635e+03,1.204794e+04,1.639596,0.549073,43.7399,26.6237,500.0,7.1791,0.7704,7.9495
554,99.6381,105.0594,3.782929e-04,1.570267e+03,1.278696e+04,1.638672,0.548987,41.8245,27.3145,500.0,7.8033,0.792,8.5953
555,101.9337,105.0594,3.167228e-04,1.247297e+03,1.242427e+04,1.641571,0.550328,43.8662,26.5088,500.0,7.4262,0.7788,8.2049
556,104.3761,105.0594,4.288094e-04,1.350362e+03,1.247704e+04,1.641991,0.550348,45.5704,26.8088,500.0,7.5001,0.7839,8.2839
557,101.7158,105.0594,3.887648e-04,2.004891e+03,1.211981e+04,1.642078,0.55035,43.4487,27.0164,500.0,6.9577,0.8214,7.7791
558,103.9445,105.0594,3.584095e-04,2.000706e+03,1.360164e+04,1.644091,0.550696,45.3484,26.5679,500.0,6.0818,0.8404,6.9222
559,100.936,105.0594,3.498396e-04,1.394756e+03,1.353174e+04,1.643374,0.550669,43.1778,26.8564,500.0,7.4533,0.83,8.2833
560,101.0904,105.0594,3.056387e-04,1.284667e+03,1.152796e+04,1.642042,0.550349,43.3389,26.3301,500.0,7.6211,0.8479,8.4691
561,101.7832,105.0594,3.351369e-04,1.630930e+03,1.232402e+04,1.638929,0.549046,43.6135,26.7568,500.0,6.4863,0.7362,7.2225
562,101.0197,105.0594,4.096024e-04,2.339572e+03,1.144452e+04,1.639044,0.54905,42.9443,26.9999,500.0,7.4946,0.733,8.2276
563,103.8947,105.0594,3.535661e-04,8.811064e+02,1.301751e+04,1.639604,0.549073,45.3345,26.2896,500.0,8.4093,0.7232,9.1325
564,102.675,105.0594,3.160622e-04,1.240845e+03,1.215880e+04,1.639286,0.549067,44.259,26.6706,500.0,7.277,0.8022,8.0792
565,101.1369,105.0594,3.775747e-04,1.788303e+03,1.332093e+04,1.640085,0.549309,43.26,26.9549,500.0,7.2239,0.7676,7.9915
566,100.4196,105.0594,4.393073e-04,1.126158e+03,1.361252e+04,1.639179,0.549052,42.7305,26.9218,500.0,6.5777,0.7763,7.354
567,102.6943,105.0594,3.496952e-04,1.096292e+03,1.265596e+04,1.64109,0.54941,44.0792,26.9877,500.0,6.0455,0.7836,6.8291
568,101.9823,105.0594,5.059566e-04,1.438068e+03,1.389258e+04,1.64027,0.549325,43.7392,26.6185,500.0,6.1223,0.7714,6.8937
569,103.1377,105.0594,3.260696e-04,7.976028e+02,1.253625e+04,1.640301,0.549325,44.7524,27.08,500.0,7.0982,0.7602,7.8585
570,102.69,105.0594,3.876179e-04,8.062349e+02,1.280596e+04,1.64076,0.549392,44.4147,26.5017,500.0,6.3002,0.7554,7.0556
571,102.0251,105.0594,4.056375e-04,1.215300e+03,1.363966e+04,1.641514,0.550328,43.8542,26.4708,500.0,7.0725,0.8158,7.8883
572,103.4582,105.0594,3.926865e-04,2.323120e+03,1.284029e+04,1.643158,0.55044,44.7086,26.8943,500.0,7.7882,0.7857,8.574
573,102.1693,105.0594,4.428192e-04,1.333470e+03,1.397143e+04,1.643829,0.550691,43.5911,26.6268,500.0,6.9512,0.7741,7.7252
574,104.7277,105.0594,3.629682e-04,1.008302e+03,1.290588e+04,1.645855,0.550866,45.6872,26.4904,500.0,6.1845,0.8028,6.9873
575,102.4847,105.0594,3.643711e-04,1.296640e+03,1.246850e+04,1.647209,0.551143,43.9171,26.6921,500.0,7.2045,0.8065,8.011
576,101.9526,105.0594,4.222689e-04,9.865816e+02,1.384727e+04,1.645634,0.550808,43.545,26.6914,500.0,7.5254,0.7714,8.2968
577,101.9937,105.0594,3.546902e-04,9.490757e+02,1.269209e+04,1.647003,0.551127,43.6464,26.6108,500.0,7.529,0.7849,8.3139
578,102.3398,105.0594,4.161778e-04,1.355820e+03,1.378013e+04,1.649486,0.552224,44.2329,26.3527,500.0,6.6333,0.788,7.4213
579,101.4737,105.0594,3.243421e-04,1.951306e+03,1.255123e+04,1.649902,0.552245,43.3341,26.5051,500.0,6.3495,0.7789,7.1285
580,100.7108,105.0594,3.682109e-04,1.187612e+03,1.239400e+04,1.648052,0.551227,42.8797,26.7875,500.0,6.1614,0.7523,6.9138
581,103.5511,105.0594,3.722107e-04,1.084275e+03,1.201951e+04,1.649202,0.552166,44.7849,27.1539,500.0,7.0928,0.7517,7.8445
582,104.3731,105.0594,3.420023e-04,1.047424e+03,1.230408e+04,1.648981,0.552161,45.3115,26.8068,500.0,7.7582,0.7613,8.5196
583,102.9696,105.0594,4.181829e-04,1.306492e+03,1.313845e+04,1.650511,0.552484,44.6207,26.7599,500.0,7.0371,0.7587,7.7958
584,104.2218,105.0594,2.903684e-04,1.838136e+03,1.251325e+04,1.649025,0.552162,45.274,26.3556,500.0,6.4975,0.7688,7.2663
585,103.6789,105.0594,3.766617e-04,1.140179e+03,1.365604e+04,1.648268,0.551233,45.0152,26.4369,500.0,6.0432,0.7894,6.8326
586,104.7585,105.0594,4.280121e-04,9.696106e+02,1.434987e+04,1.645264,0.550788,45.7843,26.7296,500.0,6.3902,0.765,7.1552
587,103.2918,105.0594,3.373569e-04,1.724604e+03,1.277528e+04,1.64457,0.550776,44.6174,26.7794,500.0,6.5103,0.772,7.2823
588,102.9875,105.0594,3.858343e-04,1.229553e+03,1.357637e+04,1.643238,0.550669,44.3835,26.7568,500.0,7.1591,0.7585,7.9176
589,105.12,105.12,4.519146e-04,1.215761e+03,1.377854e+04,1.641834,0.550348,45.8626,26.4392,500.0,6.0617,0.7679,6.8296
590,104.5219,105.12,4.427349e-04,1.381883e+03,1.365952e+04,1.639547,0.549302,45.3657,26.6781,500.0,6.0574,0.7559,6.8133
591,102.97,105.12,3.594248e-04,1.665304e+03,1.244193e+04,1.640579,0.549389,44.1353,26.9298,500.0,6.3018,0.8177,7.1195
592,103.4549,105.12,4.580005e-04,2.265459e+03,1.339253e+04,1.643553,0.550689,44.5317,27.2452,500.0,7.5849,0.7783,8.3632
593,106.6487,106.6487,4.289297e-04,1.455761e+03,1.398403e+04,1.643305,0.550673,46.9682,26.7179,500.0,6.7401,0.7702,7.5103
594,103.9141,106.6487,3.898856e-04,2.405291e+03,1.347536e+04,1.644472,0.550775,44.6022,27.015,500.0,7.3385,0.7649,8.1033
595,102.8366,106.6487,4.479390e-04,1.895821e+03,1.421000e+04,1.641163,0.549414,44.1564,27.0671,500.0,7.1266,0.799,7.9256
596,104.5055,106.6487,3.489155e-04,1.920033e+03,1.270570e+04,1.639034,0.549052,45.0635,26.8082,500.0,7.4993,0.7767,8.276
597,104.8862,106.6487,4.447304e-04,1.173571e+03,1.418437e+04,1.637594,0.548696,45.7088,26.5529,500.0,7.8481,0.7554,8.6035
598,104.2677,106.6487,5.075256e-04,1.553729e+03,1.482281e+04,1.638521,0.548987,45.2361,27.0387,500.0,6.0169,0.757,6.774
599,103.9425,106.6487,4.150225e-04,1.380703e+03,1.355435e+04,1.638853,0.54905,44.922,27.2093,500.0,6.3345,0.7803,7.1148
600,102.5551,106.6487,4.603894e-04,1.884009e+03,1.451914e+04,1.638144,0.548981,43.8044,27.4134,500.0,7.6569,0.7837,8.4406
601,104.6275,106.6487,3.455425e-04,1.378918e+03,1.323086e+04,1.639931,0.549323,45.474,26.3455,500.0,6.5224,0.7597,7.2821
602,104.0496,106.6487,3.785303e-04,1.158477e+03,1.316848e+04,1.639286,0.549072,44.9733,26.5175,500.0,7.6375,0.8043,8.4418
603,106.1995,106.6487,4.410686e-04,2.008203e+03,1.390855e+04,1.638391,0.548986,46.5403,26.6586,500.0,7.1139,0.7991,7.913
604,105.0362,106.6487,3.985245e-04,9.755388e+02,1.290032e+04,1.638441,0.548986,45.9049,26.5287,500.0,6.1235,0.7528,6.8763
605,105.7339,106.6487,4.317017e-04,1.755612e+03,1.489753e+04,1.636593,0.54861,46.2808,26.9697,500.0,6.3026,0.7836,7.0863
606,105.1897,106.6487,4.632967e-04,1.378909e+03,1.462171e+04,1.63584,0.548356,45.8225,27.0271,500.0,6.8016,0.7888,7.5904
607,104.7513,106.6487,4.387530e-04,1.878118e+03,1.343210e+04,1.636433,0.548605,45.6557,26.7551,500.0,6.3268,0.8124,7.1392
608,106.9082,106.9082,4.507827e-04,9.352592e+02,1.435690e+04,1.634363,0.548248,47.3068,26.6565,500.0,6.2493,0.7661,7.0154
609,103.619,106.9082,4.381570e-04,1.796452e+03,1.386644e+04,1.63596,0.548584,44.5894,26.7402,500.0,6.4578,0.8029,7.2607
610,102.6411,106.9082,4.091151e-04,1.115112e+03,1.276548e+04,1.633944,0.547326,43.9676,27.0194,500.0,7.2376,0.7627,8.0003
611,104.2589,106.9082,4.541125e-04,1.371406e+03,1.465509e+04,1.634357,0.548244,45.1864,26.7854,500.0,7.5709,0.8217,8.3926
612,104.9868,106.9082,4.678913e-04,1.671368e+03,1.478070e+04,1.63212,0.546984,45.6653,26.6232,500.0,7.254,0.7704,8.0244
613,107.4822,107.4822,5.139847e-04,1.433529e+03,1.442194e+04,1.63205,0.546982,47.5676,26.7694,500.0,8.2613,0.7712,9.0325
614,105.9718,107.4822,3.510167e-04,1.468044e+03,1.285264e+04,1.631066,0.546882,46.2765,26.5756,500.0,8.682,0.7806,9.4626
615,104.4659,107.4822,3.411376e-04,9.500066e+02,1.299713e+04,1.629146,0.546766,45.3613,26.4681,500.0,7.7977,0.7752,8.5729
616,102.6369,107.4822,4.820535e-04,2.176168e+03,1.375069e+04,1.624569,0.545128,43.7667,27.616,500.0,6.7892,0.7664,7.5555
617,104.3713,107.4822,5.963349e-04,1.568405e+03,1.530445e+04,1.624909,0.545148,45.0303,26.9668,500.0,6.6189,0.7684,7.3873
618,105.0486,107.4822,4.019935e-04,1.394055e+03,1.311453e+04,1.626469,0.545476,45.6698,27.1104,500.0,7.5879,0.7643,8.3522
619,105.7264,107.4822,3.810204e-04,1.207968e+03,1.253487e+04,1.627762,0.54644,46.0566,26.8474,500.0,7.8066,0.8132,8.6198
620,104.9849,107.4822,3.849524e-04,1.082282e+03,1.303470e+04,1.628273,0.546508,45.3217,26.9756,500.0,7.5489,0.7896,8.3385
621,106.0305,107.4822,4.658712e-04,1.373971e+03,1.427654e+04,1.628647,0.546526,46.1032,26.9381,500.0,6.1718,0.7722,6.944
622,104.6262,107.4822,3.790551e-04,1.718913e+03,1.308975e+04,1.630386,0.546869,45.0049,26.891,500.0,7.3749,0.7831,8.158
623,105.3301,107.4822,3.956489e-04,1.540929e+03,1.324383e+04,1.629315,0.546768,45.5432,26.7536,500.0,7.3881,0.7758,8.1639
624,107.9034,107.9034,3.950809e-04,1.230839e+03,1.454770e+04,1.627806,0.546444,47.4409,26.9787,500.0,7.1987,0.7763,7.975
625,103.6898,107.9034,5.670359e-04,1.601081e+03,1.434958e+04,1.628624,0.546526,44.5309,27.5644,500.0,7.441,0.7735,8.2145
626,104.8953,107.9034,4.453142e-04,1.531762e+03,1.301760e+04,1.628988,0.546762,45.1958,27.1711,500.0,7.913,0.7695,8.6825
627,106.9492,107.9034,3.716488e-04,1.594599e+03,1.384062e+04,1.626997,0.545499,46.7099,26.9947,500.0,7.4448,0.7864,8.2312
628,106.7546,107.9034,4.647009e-04,1.359232e+03,1.343338e+04,1.630073,0.546852,46.6059,27.219,500.0,7.9988,0.7701,8.7688
629,106.4692,107.9034,4.455156e-04,9.997395e+02,1.206867e+04,1.630409,0.54687,46.2469,27.3762,500.0,7.4413,0.7951,8.2365
630,106.3498,107.9034,5.562857e-04,2.239929e+03,1.436342e+04,1.629631,0.546789,46.1387,27.4362,500.0,7.0045,0.7724,7.7769
631,107.0189,107.9034,4.303845e-04,2.147314e+03,1.374877e+04,1.627792,0.546444,46.671,27.0778,500.0,6.1982,0.781,6.9792
632,108.9238,108.9238,4.355004e-04,1.747390e+03,1.387423e+04,1.626409,0.545473,48.2318,26.4026,500.0,6.1148,0.7656,6.8804
633,105.9177,108.9238,4.616871e-04,2.071226e+03,1.415953e+04,1.627699,0.54644,45.5766,27.7715,500.0,6.0667,0.7852,6.852
634,105.5138,108.9238,5.150312e-04,1.272506e+03,1.380768e+04,1.629172,0.546766,45.3894,27.2445,500.0,7.0833,0.788,7.8713
635,106.6912,108.9238,3.464863e-04,1.338808e+03,1.247735e+04,1.629158,0.546766,46.2726,26.921,500.0,7.506,0.7769,8.283
636,107.0371,108.9238,4.852413e-04,1.368746e+03,1.419372e+04,1.632259,0.546988,46.7079,27.1219,500.0,7.2897,0.7988,8.0886
637,108.208,108.9238,4.430737e-04,1.810883e+03,1.374519e+04,1.631142,0.546897,47.4725,27.0532,500.0,7.8282,0.7704,8.5986
638,108.9838,108.9838,5.261525e-04,2.084734e+03,1.395145e+04,1.63341,0.547303,48.1797,26.878,500.0,7.2986,0.7621,8.0607
639,107.5612,108.9838,4.987180e-04,1.361002e+03,1.513909e+04,1.634489,0.548248,46.8495,27.3465,500.0,8.3037,0.7899,9.0936
640,108.3679,108.9838,4.536588e-04,1.907549e+03,1.389323e+04,1.632871,0.547224,47.4599,27.2552,500.0,6.17,0.7643,6.9343
641,108.2641,108.9838,4.093513e-04,1.058974e+03,1.365438e+04,1.63131,0.546898,47.2686,27.2633,500.0,6.4164,0.8073,7.2237
642,107.6934,108.9838,5.018270e-04,1.480026e+03,1.419208e+04,1.629421,0.546782,46.6926,27.6597,500.0,6.551,0.8265,7.3775
643,107.3285,108.9838,4.284497e-04,1.210269e+03,1.382915e+04,1.628574,0.546525,46.5982,27.4653,500.0,6.2642,0.7903,7.0545
644,105.4727,108.9838,4.489797e-04,1.897000e+03,1.302101e+04,1.628437,0.54651,45.2409,27.8449,500.0,6.2297,0.7842,7.014
645,107.9191,108.9838,4.850173e-04,1.217767e+03,1.284175e+04,1.627262,0.546417,47.0035,27.1481,500.0,7.2473,0.8273,8.0746
646,107.4253,108.9838,4.937919e-04,1.598979e+03,1.440011e+04,1.626858,0.545494,46.6126,27.6739,500.0,7.4082,0.9266,8.3348
647,106.3377,108.9838,4.500916e-04,1.433120e+03,1.312293e+04,1.626539,0.545476,45.9207,27.4153,500.0,7.7179,0.7716,8.4895
648,107.6206,108.9838,4.957028e-04,1.069971e+03,1.431741e+04,1.625347,0.545155,46.5482,27.6868,500.0,7.2758,0.7626,8.0384
649,106.9938,108.9838,4.940818e-04,3.077934e+03,1.489613e+04,1.62508,0.545149,46.3262,27.6089,500.0,6.8837,0.7928,7.6765
650,108.0553,108.9838,4.022427e-04,7.067704e+02,1.270049e+04,1.622288,0.544711,47.1651,27.3901,500.0,7.4572,0.7694,8.2267
651,106.9987,108.9838,4.500808e-04,1.384137e+03,1.313065e+04,1.621237,0.544439,46.0326,27.6114,500.0,7.4429,0.8006,8.2435
652,108.1415,108.9838,5.189482e-04,1.649835e+03,1.472126e+04,1.621168,0.544438,47.382,27.6784,500.0,7.1994,0.7705,7.9699
653,107.6277,108.9838,4.670483e-04,1.379299e+03,1.445711e+04,1.620428,0.544353,46.8977,27.3674,500.0,7.719,0.7747,8.4937
654,108.4967,108.9838,4.989663e-04,2.829403e+03,1.357111e+04,1.622095,0.544695,47.3156,27.5116,500.0,7.4333,0.7814,8.2147
655,106.9781,108.9838,4.468717e-04,1.278675e+03,1.432379e+04,1.624254,0.545067,46.3426,27.3127,500.0,7.0804,0.7673,7.8477
656,106.7166,108.9838,5.479314e-04,1.818591e+03,1.438757e+04,1.623962,0.545047,46.0345,27.6485,500.0,7.3279,0.8037,8.1316
657,107.8827,108.9838,4.223768e-04,1.293935e+03,1.509426e+04,1.623945,0.545047,46.9481,27.4977,500.0,6.8654,0.7883,7.6537
658,106.117,108.9838,4.566025e-04,1.429816e+03,1.391321e+04,1.623459,0.544804,45.8631,27.7325,500.0,7.2032,0.7859,7.9891
659,107.9084,108.9838,4.448307e-04,1.552355e+03,1.341686e+04,1.626337,0.545473,46.9351,27.5948,500.0,7.9941,0.7686,8.7627
660,106.5004,108.9838,4.539092e-04,2.006847e+03,1.282256e+04,1.625422,0.545386,45.8546,27.8564,500.0,7.4147,0.7812,8.1959
661,109.287,109.287,4.441606e-04,2.087806e+03,1.371661e+04,1.626602,0.545478,48.1812,26.9014,500.0,8.174,0.7731,8.9472
662,108.9663,109.287,4.540706e-04,1.841694e+03,1.390640e+04,1.626772,0.545494,47.7843,27.0997,500.0,8.7977,0.7616,9.5593
663,108.1975,109.287,4.367254e-04,1.138632e+03,1.270943e+04,1.624399,0.545126,47.2295,27.3681,500.0,6.5086,0.8011,7.3097
664,108.1352,109.287,4.404859e-04,1.294543e+03,1.412135e+04,1.625208,0.545155,47.1611,27.2987,500.0,6.0471,0.7612,6.8083
665,107.3196,109.287,4.564617e-04,1.157192e+03,1.364177e+04,1.623839,0.545047,46.7343,27.3924,500.0,6.9468,0.7801,7.727
666,108.8868,109.287,4.088607e-04,1.001191e+03,1.432179e+04,1.624365,0.545069,47.75,27.7513,500.0,7.2147,0.8018,8.0165
667,108.0017,109.287,4.865832e-04,1.087778e+03,1.424058e+04,1.625025,0.545149,47.056,27.5492,500.0,7.6322,0.7697,8.4019
668,106.3158,109.287,4.655958e-04,9.773813e+02,1.493267e+04,1.626358,0.545472,45.9518,27.581,500.0,6.4297,0.7754,7.2051
669,108.1506,109.287,4.853077e-04,1.917153e+03,1.381685e+04,1.625704,0.545391,46.9827,27.5281,500.0,6.0403,0.7934,6.8337
670,107.888,109.287,4.295605e-04,8.830850e+02,1.364627e+04,1.626938,0.545498,47.0936,27.2845,500.0,6.5149,0.7749,7.2898
671,107.3475,109.287,4.132298e-04,1.515206e+03,1.445518e+04,1.625756,0.545392,46.5091,27.3571,500.0,8.47,0.7678,9.2377
672,107.5872,109.287,4.275958e-04,1.087447e+03,1.355883e+04,1.626072,0.545412,46.8535,27.1755,500.0,7.4829,0.7912,8.2741
673,109.6623,109.6623,4.187377e-04,9.144664e+02,1.310324e+04,1.624779,0.545133,48.2658,27.3938,500.0,7.5083,0.8193,8.3275
674,108.1751,109.6623,5.067158e-04,1.634558e+03,1.381028e+04,1.621977,0.544695,47.0736,27.6977,500.0,7.4391,0.8026,8.2417
675,107.75,109.6623,4.601439e-04,1.423987e+03,1.285135e+04,1.620371,0.544367,47.0762,27.425,500.0,7.2892,0.7837,8.073
676,106.3826,109.6623,5.441339e-04,1.919320e+03,1.523144e+04,1.615437,0.54294,45.8398,28.0371,500.0,7.1652,0.8086,7.9738
677,108.398,109.6623,5.244660e-04,1.203877e+03,1.404190e+04,1.617452,0.543061,47.3304,27.7651,500.0,7.0435,0.7689,7.8123
678,110.2876,110.2876,4.799601e-04,1.428638e+03,1.429256e+04,1.617493,0.543062,48.7333,27.3487,500.0,6.827,0.787,7.614
679,107.8985,110.2876,4.222126e-04,1.538454e+03,1.342870e+04,1.617234,0.543056,46.7829,27.6476,500.0,8.1776,0.8954,9.0731
680,108.051,110.2876,4.008109e-04,9.791910e+02,1.311279e+04,1.619677,0.543428,46.9111,27.7437,500.0,7.1463,0.7757,7.9221
681,109.2128,110.2876,4.027455e-04,1.043253e+03,1.335576e+04,1.617193,0.543056,47.9083,27.9228,500.0,6.4008,0.7775,7.1784
682,108.3106,110.2876,4.743423e-04,1.021083e+03,1.380453e+04,1.616611,0.542976,47.2756,27.5561,500.0,6.1618,0.7763,6.9381
683,108.7144,110.2876,4.560564e-04,1.555920e+03,1.291756e+04,1.615391,0.542941,47.6876,27.528,500.0,7.4589,0.7815,8.2405
684,109.4196,110.2876,4.386462e-04,2.421583e+03,1.345567e+04,1.616323,0.542974,47.819,27.6792,500.0,7.7979,0.7913,8.5892
685,107.6214,110.2876,4.616046e-04,1.122659e+03,1.409590e+04,1.61623,0.542971,46.5879,27.8576,500.0,7.4767,0.7708,8.2475
686,109.743,110.2876,4.041899e-04,1.128153e+03,1.317321e+04,1.617489,0.543078,47.9908,28.059,500.0,7.3021,0.7579,8.06
687,108.8035,110.2876,5.409698e-04,1.890156e+03,1.415737e+04,1.617846,0.543314,47.0497,28.4139,500.0,7.3825,0.7835,8.166
688,108.6352,110.2876,3.681493e-04,8.564769e+02,1.323492e+04,1.61632,0.542975,47.2674,27.7585,500.0,7.5269,0.772,8.299
689,109.3224,110.2876,4.008925e-04,1.166264e+03,1.375199e+04,1.618216,0.543321,47.6778,27.9288,500.0,8.0541,0.7721,8.8262
690,110.529,110.529,4.499979e-04,1.105169e+03,1.305719e+04,1.620152,0.544368,48.7327,27.5053,500.0,7.642,0.8195,8.4615
691,109.1049,110.529,4.255780e-04,1.037496e+03,1.366416e+04,1.62484,0.545153,47.5364,27.7453,500.0,7.2254,0.7722,7.9976
692,109.4536,110.529,4.928570e-04,1.501874e+03,1.402480e+04,1.622105,0.544716,47.9355,27.7694,500.0,7.9056,0.769,8.6746
693,111.2324,111.2324,4.877654e-04,1.054914e+03,1.441058e+04,1.619447,0.543428,49.2886,27.2925,500.0,7.5985,0.7755,8.374
694,108.9486,111.2324,5.321256e-04,1.459751e+03,1.449810e+04,1.615543,0.542962,47.5126,28.1698,500.0,7.5478,0.7699,8.3178
695,111.4311,111.4311,3.870377e-04,9.834586e+02,1.386600e+04,1.614592,0.542861,49.2768,27.5195,500.0,6.93,0.8038,7.7338
696,108.5743,111.4311,4.321642e-04,2.162439e+03,1.397716e+04,1.61319,0.542536,47.2649,27.8207,500.0,7.0277,0.8068,7.8344
697,109.8444,111.4311,4.478703e-04,1.641285e+03,1.394201e+04,1.612898,0.54253,48.1141,28.1927,500.0,7.5889,0.7626,8.3515
698,111.0357,111.4311,4.233952e-04,1.357670e+03,1.489821e+04,1.612881,0.542529,48.8442,27.9311,500.0,6.3708,0.7913,7.1621
699,111.1845,111.4311,3.681042e-04,1.371085e+03,1.302928e+04,1.614202,0.542854,48.9491,27.9246,500.0,7.4188,0.7754,8.1943
700,110.431,111.4311,4.300035e-04,1.504958e+03,1.434331e+04,1.611854,0.541561,48.3431,28.1392,500.0,8.0245,0.7687,8.7932
701,109.0846,111.4311,4.467019e-04,1.479115e+03,1.329677e+04,1.612627,0.542513,47.3135,28.698,500.0,7.6192,0.7863,8.4055
702,111.0824,111.4311,4.491159e-04,1.847307e+03,1.336260e+04,1.61413,0.542623,48.7229,28.066,500.0,7.0688,0.7643,7.833
703,108.6561,111.4311,5.637502e-04,1.501777e+03,1.487496e+04,1.611645,0.541556,47.1989,27.976,500.0,6.2389,0.7871,7.026
704,110.1427,111.4311,3.593904e-04,1.028815e+03,1.212408e+04,1.608223,0.540889,48.2954,28.1449,500.0,6.217,0.8176,7.0346
705,110.9345,111.4311,4.280441e-04,1.439761e+03,1.310339e+04,1.609049,0.541126,48.9041,27.7566,500.0,7.3993,0.7967,8.196
706,110.7037,111.4311,3.905898e-04,1.843370e+03,1.195575e+04,1.607695,0.540823,48.5238,28.1555,500.0,6.9729,0.7687,7.7416
707,111.2917,111.4311,3.996660e-04,1.224612e+03,1.302623e+04,1.605791,0.540473,49.4323,27.7049,500.0,7.2661,0.819,8.0852
708,110.6042,111.4311,4.567561e-04,1.767141e+03,1.313611e+04,1.605051,0.539524,48.8239,27.5825,500.0,7.277,0.7625,8.0394
709,110.212,111.4311,3.761534e-04,1.993041e+03,1.341061e+04,1.603889,0.539432,48.0152,28.411,500.0,7.1316,0.7723,7.9039
710,110.6232,111.4311,4.162294e-04,1.717260e+03,1.352252e+04,1.606057,0.540536,48.8177,27.8023,500.0,6.3597,0.7765,7.1362
711,110.5211,111.4311,3.954381e-04,1.568899e+03,1.309943e+04,1.60327,0.539178,48.3867,28.4096,500.0,6.2351,0.7831,7.0183
712,110.4786,111.4311,5.717369e-04,1.999890e+03,1.460564e+04,1.604132,0.539438,48.2945,28.2362,500.0,6.232,0.7848,7.0168
713,111.8057,111.8057,4.888866e-04,1.237924e+03,1.282473e+04,1.60321,0.539178,49.5699,27.7045,500.0,6.6673,0.7808,7.4481
714,110.3318,111.8057,4.384614e-04,1.538607e+03,1.358707e+04,1.60195,0.53907,47.9811,28.1628,500.0,6.3673,0.7726,7.1399
715,112.6052,112.6052,4.500891e-04,1.014480e+03,1.364285e+04,1.60022,0.538969,49.9729,27.7969,500.0,6.8266,0.7796,7.6063
716,109.471,112.6052,4.223040e-04,1.721452e+03,1.286634e+04,1.601616,0.539064,47.5488,28.3003,500.0,6.1179,0.8283,6.9462
717,111.4713,112.6052,3.728839e-04,1.481619e+03,1.348969e+04,1.601828,0.53907,49.2316,27.5034,500.0,6.9731,0.8432,7.8163
718,110.4804,112.6052,3.922946e-04,1.322944e+03,1.287425e+04,1.600941,0.53904,48.4171,28.3326,500.0,6.4438,0.7916,7.2354
719,111.2299,112.6052,4.460945e-04,2.046881e+03,1.303583e+04,1.602444,0.53915,48.7527,28.2061,500.0,7.4087,0.7877,8.1964
720,110.1436,112.6052,5.345378e-04,2.564229e+03,1.402506e+04,1.603142,0.539177,47.9604,28.3388,500.0,8.2706,0.7391,9.0097
721,111.9434,112.6052,4.844239e-04,1.631702e+03,1.333529e+04,1.602318,0.53909,49.2945,27.9819,500.0,6.5154,0.7351,7.2505
722,112.1698,112.6052,3.510034e-04,9.022030e+02,1.305636e+04,1.604507,0.539498,49.4845,27.885,500.0,6.7952,0.7373,7.5325
723,112.1306,112.6052,4.809702e-04,1.338558e+03,1.396628e+04,1.60492,0.539524,49.4891,28.0744,500.0,6.0797,0.7276,6.8074
724,111.0243,112.6052,4.871080e-04,1.501808e+03,1.329214e+04,1.60828,0.540889,48.5983,27.9743,500.0,7.0832,0.7797,7.863
725,111.9238,112.6052,4.686526e-04,1.227941e+03,1.401176e+04,1.605775,0.540472,49.4697,27.7077,500.0,6.906,0.7415,7.6475
726,110.622,112.6052,3.355936e-04,1.810249e+03,1.220005e+04,1.605543,0.540456,48.1825,28.1901,500.0,6.2243,0.7436,6.968
727,111.7702,112.6052,4.858085e-04,1.656978e+03,1.405574e+04,1.602598,0.53915,49.3033,27.8405,500.0,6.7717,0.7667,7.5384
728,111.7363,112.6052,5.587636e-04,1.549205e+03,1.342255e+04,1.603874,0.539432,49.1346,27.9624,500.0,6.8156,0.8635,7.6791
729,110.2005,112.6052,4.428766e-04,1.592978e+03,1.253577e+04,1.605145,0.539525,47.7714,28.4883,500.0,7.3072,0.7906,8.0978
730,111.2775,112.6052,4.896912e-04,1.748270e+03,1.355154e+04,1.606586,0.540543,49.0279,27.9137,500.0,7.3122,0.818,8.1301
731,110.3291,112.6052,4.178307e-04,1.460278e+03,1.201636e+04,1.606547,0.540558,47.8636,28.3417,500.0,7.9397,0.7645,8.7042
732,114.4175,114.4175,5.201407e-04,2.073811e+03,1.321430e+04,1.608263,0.540888,51.1163,27.9161,500.0,6.5641,0.7677,7.3318
733,111.4078,114.4175,4.019655e-04,1.263182e+03,1.486397e+04,1.610048,0.541214,48.9215,28.4168,500.0,6.1115,0.7892,6.9007
734,108.8792,114.4175,5.060777e-04,1.432100e+03,1.489146e+04,1.611796,0.54156,46.8509,28.4724,500.0,6.9644,0.8057,7.7702
735,112.3991,114.4175,5.210415e-04,1.455038e+03,1.494211e+04,1.612818,0.542515,49.6189,28.1879,500.0,7.5652,0.7751,8.3403
736,112.6466,114.4175,4.532137e-04,1.440457e+03,1.320638e+04,1.614847,0.542877,49.6396,28.0551,500.0,7.2646,0.7758,8.0405
737,111.0439,114.4175,4.639707e-04,1.344992e+03,1.352683e+04,1.614884,0.542877,48.3929,28.6895,500.0,7.8764,0.7973,8.6737
738,112.243,114.4175,4.536261e-04,1.471563e+03,1.369371e+04,1.612205,0.541582,49.3705,28.0915,500.0,7.2303,0.7882,8.0186
739,111.7013,114.4175,4.692457e-04,1.868595e+03,1.285563e+04,1.612807,0.542514,48.9878,28.3504,500.0,6.8658,0.8033,7.6692
740,112.4504,114.4175,5.087718e-04,1.677224e+03,1.403036e+04,1.612133,0.541577,49.7126,27.9907,500.0,6.7826,0.8092,7.5918
741,113.4991,114.4175,5.006513e-04,1.436466e+03,1.418344e+04,1.611145,0.541491,50.3349,27.5829,500.0,6.2869,0.807,7.0938
742,112.2942,114.4175,4.485999e-04,1.420254e+03,1.298487e+04,1.611792,0.54156,49.3947,28.2795,500.0,6.3359,0.7913,7.1272
743,113.2622,114.4175,4.902848e-04,1.593360e+03,1.306869e+04,1.611582,0.541555,50.2886,28.3855,500.0,6.8964,0.7863,7.6827
744,111.5113,114.4175,4.751814e-04,2.006533e+03,1.406593e+04,1.610443,0.541235,48.7825,27.9977,500.0,6.8987,0.7656,7.6643
745,112.2083,114.4175,5.839125e-04,2.448935e+03,1.361580e+04,1.609804,0.541209,49.5255,27.9455,500.0,7.6623,0.8132,8.4755
746,111.8026,114.4175,5.609597e-04,2.136841e+03,1.407501e+04,1.610937,0.541489,49.1042,28.1894,500.0,6.9708,0.7904,7.7611
747,113.4435,114.4175,5.783801e-04,1.557528e+03,1.412318e+04,1.609663,0.541207,50.3421,27.898,500.0,6.1136,0.7688,6.8824
748,111.3962,114.4175,3.806474e-04,8.548095e+02,1.310975e+04,1.611294,0.541495,48.724,28.011,500.0,6.0735,0.7748,6.8482
749,112.5975,114.4175,4.851885e-04,1.535039e+03,1.449577e+04,1.611756,0.54156,49.9337,27.8771,500.0,6.644,0.7833,7.4273
750,110.0574,114.4175,4.914219e-04,1.819258e+03,1.342743e+04,1.613491,0.542599,47.8226,28.4528,500.0,6.0533,0.8169,6.8702
751,110.8753,114.4175,4.493300e-04,2.595608e+03,1.288156e+04,1.611666,0.541555,48.38,28.2661,500.0,6.9857,0.772,7.7577
752,111.6236,114.4175,4.207760e-04,2.492530e+03,1.303244e+04,1.612473,0.542508,49.1527,27.9935,500.0,6.0629,0.755,6.8179
753,113.488,114.4175,4.214282e-04,2.454093e+03,1.372503e+04,1.614956,0.542881,50.4857,27.7239,500.0,6.0675,0.7731,6.8406
754,113.7511,114.4175,4.214011e-04,1.299586e+03,1.322473e+04,1.615696,0.542962,50.8012,27.6036,500.0,7.4968,0.8401,8.3369
755,112.2297,114.4175,5.073152e-04,1.259938e+03,1.422134e+04,1.61524,0.54294,49.4893,28.3073,500.0,8.061,0.7584,8.8194
756,114.5812,114.5812,5.778371e-04,1.381526e+03,1.452493e+04,1.612925,0.542514,51.211,27.61,500.0,7.4159,0.793,8.2088
757,112.0617,114.5812,4.926878e-04,1.108133e+03,1.335102e+04,1.61244,0.541582,49.0796,28.5426,500.0,6.2718,0.7612,7.033
758,113.299,114.5812,4.429242e-04,2.298523e+03,1.426641e+04,1.610365,0.541229,50.2319,27.6937,500.0,7.777,0.7797,8.5567
759,114.0526,114.5812,6.190408e-04,2.022074e+03,1.377650e+04,1.608326,0.540888,50.8038,27.7888,500.0,7.9597,0.7611,8.7208
760,114.5634,114.5812,4.826114e-04,1.768853e+03,1.289471e+04,1.605268,0.539524,51.0855,27.9819,500.0,7.3869,0.7759,8.1628
761,114.1809,114.5812,4.552464e-04,2.782914e+03,1.377243e+04,1.607908,0.540823,50.8762,27.7611,500.0,7.6097,0.7678,8.3775
762,115.0779,115.0779,5.672381e-04,1.606796e+03,1.380130e+04,1.609123,0.541121,51.6057,27.6129,500.0,7.5695,0.774,8.3434
763,115.6215,115.6215,4.369080e-04,2.132725e+03,1.333238e+04,1.608871,0.540909,51.8058,27.6644,500.0,7.9286,0.7916,8.7202
764,112.6882,115.6215,5.443234e-04,1.870145e+03,1.367478e+04,1.60664,0.540542,49.7062,27.9578,500.0,7.9003,0.7667,8.667
765,114.9033,115.6215,4.515073e-04,1.411009e+03,1.323235e+04,1.605856,0.540457,51.2066,27.5684,500.0,6.301,0.7661,7.0671
766,115.5444,115.6215,4.783085e-04,1.473696e+03,1.349080e+04,1.60647,0.540538,51.8232,27.1915,500.0,6.0643,0.7779,6.8422
767,114.6608,115.6215,4.568463e-04,1.903330e+03,1.355550e+04,1.603041,0.539155,51.0589,27.9001,500.0,6.6359,0.8407,7.4766
768,115.3019,115.6215,4.933901e-04,1.683162e+03,1.337818e+04,1.605188,0.53952,51.5094,27.7928,500.0,7.7605,0.7717,8.5322
769,114.5887,115.6215,4.840336e-04,2.382703e+03,1.393923e+04,1.607143,0.540564,50.9098,28.4068,500.0,7.3801,0.8145,8.1946
770,114.4433,115.6215,5.644662e-04,2.345224e+03,1.490311e+04,1.609081,0.54112,50.9884,27.7191,500.0,7.4026,0.7755,8.1781
771,114.5366,115.6215,5.174699e-04,1.427780e+03,1.430394e+04,1.610041,0.541208,50.8757,27.9992,500.0,7.358,0.7959,8.1539
772,114.8541,115.6215,3.846266e-04,2.246757e+03,1.379995e+04,1.61081,0.541236,51.2916,27.741,500.0,8.0526,0.7944,8.847
773,114.6544,115.6215,5.059364e-04,2.171100e+03,1.440446e+04,1.611259,0.541475,51.0542,27.8407,500.0,7.6117,0.7836,8.3953
774,114.2507,115.6215,6.633639e-04,1.592704e+03,1.441604e+04,1.61034,0.541213,50.8174,27.5088,500.0,7.5152,0.7672,8.2824
775,115.2104,115.6215,4.773252e-04,1.773564e+03,1.390763e+04,1.609114,0.54112,51.4296,27.5505,500.0,7.2699,0.7632,8.0331
776,116.5753,116.5753,5.090749e-04,1.444207e+03,1.462268e+04,1.60753,0.540801,52.4451,27.2718,500.0,6.9496,0.7825,7.7321
777,115.5076,116.5753,4.758126e-04,1.749231e+03,1.478725e+04,1.607746,0.540817,51.6174,27.7955,500.0,7.3099,0.7996,8.1095
778,115.2866,116.5753,5.470210e-04,1.019393e+03,1.319014e+04,1.609205,0.541121,51.4623,27.7301,500.0,6.137,0.7974,6.9343
779,115.5567,116.5753,4.529782e-04,1.120740e+03,1.461352e+04,1.609518,0.541127,51.7013,27.702,500.0,6.6201,0.8085,7.4286
780,114.1695,116.5753,4.541771e-04,1.796647e+03,1.399624e+04,1.608843,0.540905,50.66,27.9695,500.0,7.5002,0.7783,8.2786
781,115.5717,116.5753,5.126554e-04,1.612014e+03,1.317934e+04,1.612385,0.541578,51.7212,27.6331,500.0,9.0219,0.7862,9.8081
782,115.6198,116.5753,4.964932e-04,1.147589e+03,1.444013e+04,1.611868,0.541556,51.6777,27.6138,500.0,8.3276,0.7628,9.0904
783,113.6397,116.5753,4.377133e-04,1.633505e+03,1.384065e+04,1.612703,0.542508,50.1382,28.1069,500.0,7.839,0.7684,8.6073
784,116.7263,116.7263,4.504404e-04,1.506000e+03,1.304124e+04,1.612152,0.541562,52.5055,27.6975,500.0,6.6855,0.7717,7.4572
785,116.192,116.7263,4.565109e-04,1.602907e+03,1.386185e+04,1.611906,0.541556,52.0221,27.9483,500.0,7.5316,0.7789,8.3106
786,116.9393,116.9393,4.923288e-04,1.446636e+03,1.392380e+04,1.612415,0.541578,52.8584,26.9706,500.0,7.8181,0.7867,8.6048
787,115.4945,116.9393,5.022642e-04,1.233450e+03,1.402091e+04,1.611645,0.541495,51.5744,27.6774,500.0,7.7279,0.8242,8.5521
788,114.256,116.9393,5.467397e-04,1.414088e+03,1.461105e+04,1.611835,0.541555,50.7326,27.7951,500.0,7.3995,0.7946,8.194
789,115.7676,116.9393,4.581490e-04,1.430050e+03,1.308979e+04,1.612433,0.541578,51.6678,27.6914,500.0,6.9872,0.7724,7.7596
790,115.0115,116.9393,5.022264e-04,1.554048e+03,1.358633e+04,1.612686,0.542508,51.2621,27.793,500.0,7.5682,0.7593,8.3275
791,113.938,116.9393,4.349430e-04,1.538379e+03,1.368225e+04,1.614084,0.542616,50.4855,27.8326,500.0,7.2467,0.8288,8.0754
792,114.2138,116.9393,5.131347e-04,1.258330e+03,1.455749e+04,1.612825,0.542509,50.8767,27.8066,500.0,6.8412,0.812,7.6532
793,114.3822,116.9393,5.153303e-04,1.450517e+03,1.427432e+04,1.612833,0.542509,50.8785,27.4222,500.0,6.1377,0.7701,6.9078
794,114.6686,116.9393,5.276523e-04,2.183302e+03,1.380380e+04,1.611095,0.541469,50.9283,27.758,500.0,6.3976,0.8046,7.2022
795,114.1146,116.9393,4.708769e-04,1.184134e+03,1.451986e+04,1.609185,0.541121,50.6103,27.905,500.0,6.6163,0.8045,7.4207
796,113.5067,116.9393,4.747926e-04,1.416225e+03,1.312672e+04,1.607614,0.540801,50.2983,27.71,500.0,6.1802,0.7766,6.9568
797,115.2776,116.9393,4.695646e-04,1.826210e+03,1.260574e+04,1.606484,0.540537,51.4413,27.7941,500.0,7.3259,0.7599,8.0859
798,114.595,116.9393,4.840789e-04,1.992641e+03,1.365572e+04,1.604761,0.539498,50.8205,28.0822,500.0,7.2127,0.8016,8.0142
799,112.7447,116.9393,5.672741e-04,2.144534e+03,1.450163e+04,1.603369,0.539173,49.2984,28.6464,500.0,6.9965,0.7822,7.7787
800,115.6801,116.9393,5.374113e-04,1.999454e+03,1.414882e+04,1.602921,0.539151,51.2743,28.3063,500.0,7.4817,0.7599,8.2416
801,112.5909,116.9393,4.558515e-04,1.518962e+03,1.380806e+04,1.603804,0.53941,49.3385,28.5359,500.0,6.9694,0.7766,7.7461
802,114.3453,116.9393,6.435361e-04,2.260139e+03,1.424106e+04,1.602093,0.539068,50.8257,28.0089,500.0,7.4366,0.7677,8.2042
803,114.4833,116.9393,5.156714e-04,1.441050e+03,1.487926e+04,1.60252,0.539086,50.6525,28.346,500.0,7.2399,0.7697,8.0096
804,115.336,116.9393,5.332941e-04,1.752082e+03,1.338169e+04,1.604633,0.539497,51.6354,27.8948,500.0,7.2137,0.7812,7.9949
805,115.9325,116.9393,4.614539e-04,2.703707e+03,1.458048e+04,1.603025,0.539151,51.7808,27.9153,500.0,6.0411,0.7736,6.8147
806,115.1544,116.9393,6.104324e-04,1.113376e+03,1.472595e+04,1.604712,0.539497,51.2313,28.6474,500.0,7.3449,0.8153,8.1602
807,114.8496,116.9393,4.423429e-04,2.011522e+03,1.512740e+04,1.602907,0.53915,50.9568,27.8236,500.0,6.8308,0.8125,7.6433
808,114.2989,116.9393,5.974055e-04,2.090904e+03,1.451876e+04,1.608068,0.540823,50.6789,28.2149,500.0,6.9167,0.7616,7.6783
809,111.6201,116.9393,6.748825e-04,1.778698e+03,1.558663e+04,1.606972,0.540558,48.3776,29.186,500.0,7.4521,0.783,8.2351
810,112.1924,116.9393,5.081492e-04,1.531353e+03,1.483058e+04,1.607508,0.540797,49.1105,28.7175,500.0,7.302,0.7955,8.0976
811,111.8467,116.9393,5.191014e-04,1.647156e+03,1.363316e+04,1.606573,0.540538,48.4984,28.726,500.0,7.2526,0.7789,8.0316
812,113.4032,116.9393,5.155173e-04,1.929187e+03,1.348774e+04,1.601993,0.539063,49.8777,28.3608,500.0,7.8238,0.7592,8.583
813,113.2101,116.9393,4.576833e-04,1.228079e+03,1.393019e+04,1.600823,0.53897,49.5088,28.3811,500.0,8.1804,0.7608,8.9412
814,114.4281,116.9393,5.437228e-04,1.726568e+03,1.435377e+04,1.60008,0.538714,50.6465,28.4823,500.0,7.7642,0.7675,8.5317
815,114.7374,116.9393,5.156220e-04,1.765725e+03,1.380902e+04,1.596352,0.537316,50.7916,28.0876,500.0,7.4789,0.7777,8.2567
816,113.8016,116.9393,6.152448e-04,1.711244e+03,1.500144e+04,1.595445,0.537228,50.1335,28.54,500.0,7.9243,0.8116,8.7359
817,115.6476,116.9393,4.721673e-04,1.751710e+03,1.421875e+04,1.59539,0.537224,51.5668,27.988,500.0,7.1422,0.7752,7.9174
818,116.4055,116.9393,4.571127e-04,1.846882e+03,1.445006e+04,1.593992,0.536991,52.2754,27.7638,500.0,8.6576,0.7571,9.4147
819,114.1442,116.9393,5.969914e-04,1.945088e+03,1.541383e+04,1.592323,0.536647,50.5373,27.7984,500.0,7.1571,0.8016,7.9588
820,113.0362,116.9393,5.589373e-04,1.648315e+03,1.540148e+04,1.594607,0.537018,49.5634,28.9747,500.0,7.1379,0.7903,7.9282
821,113.1936,116.9393,5.036616e-04,1.528522e+03,1.489874e+04,1.591848,0.536581,49.3339,28.9004,500.0,7.3135,0.7719,8.0853
822,116.1403,116.9393,5.013925e-04,2.095383e+03,1.370045e+04,1.594261,0.536996,51.8904,28.2015,500.0,7.0943,0.7968,7.8911
823,114.3741,116.9393,6.043898e-04,2.063869e+03,1.454278e+04,1.595575,0.53723,50.6682,28.7847,500.0,7.267,0.7771,8.0441
824,114.2488,116.9393,6.148012e-04,2.133690e+03,1.550331e+04,1.597013,0.537572,50.368,28.8566,500.0,7.0052,0.7818,7.7871
825,115.0487,116.9393,5.303540e-04,1.753199e+03,1.400792e+04,1.598114,0.537661,50.7982,28.5791,500.0,7.4531,0.7904,8.2435
826,114.5874,116.9393,5.985124e-04,2.505334e+03,1.399783e+04,1.597009,0.537572,50.8532,28.1062,500.0,7.1954,0.7987,7.9941
827,117.0559,117.0559,5.559555e-04,1.159100e+03,1.387431e+04,1.594024,0.536991,52.499,27.7601,500.0,7.0483,0.7666,7.8149
828,116.9276,117.0559,5.222677e-04,1.966969e+03,1.535700e+04,1.594181,0.536996,52.3797,28.2508,500.0,6.7944,0.7639,7.5583
829,114.2992,117.0559,5.873781e-04,2.771544e+03,1.549054e+04,1.594625,0.537018,50.5107,28.4229,500.0,6.0971,0.7953,6.8924
830,114.4672,117.0559,5.243883e-04,1.511635e+03,1.474084e+04,1.595856,0.537294,50.6815,28.6873,500.0,6.1969,0.8186,7.0155
831,116.077,117.0559,5.671387e-04,2.114741e+03,1.469158e+04,1.595795,0.53729,51.6459,28.2571,500.0,6.8923,0.7918,7.684
832,116.6299,117.0559,5.623511e-04,2.413852e+03,1.286773e+04,1.594478,0.537016,52.3211,27.5761,500.0,6.7224,0.7636,7.4859
833,114.9269,117.0559,4.445667e-04,1.684421e+03,1.242325e+04,1.593805,0.536989,50.9587,28.1233,500.0,7.2077,0.7772,7.9849
834,115.0173,117.0559,5.009144e-04,3.285048e+03,1.386588e+04,1.592922,0.536902,50.9101,27.9609,500.0,6.1654,0.7707,6.936
835,116.126,117.0559,5.358837e-04,2.276094e+03,1.429044e+04,1.593288,0.536909,51.8248,27.8781,500.0,7.63,0.8004,8.4304
836,115.0532,117.0559,6.020374e-04,1.748902e+03,1.434855e+04,1.594297,0.537011,51.3089,28.2342,500.0,7.9705,0.7669,8.7373
837,115.6431,117.0559,6.267456e-04,2.278493e+03,1.480775e+04,1.594357,0.537012,51.7609,28.0362,500.0,6.9538,0.7591,7.7129
838,117.0111,117.0559,5.301106e-04,2.770698e+03,1.514800e+04,1.593868,0.53699,52.5197,27.6648,500.0,6.0579,0.8235,6.8814
839,116.3408,117.0559,4.114330e-04,2.442252e+03,1.321911e+04,1.596012,0.537295,51.9028,28.194,500.0,7.5583,0.8213,8.3796
840,115.4469,117.0559,5.970266e-04,2.275869e+03,1.576562e+04,1.596748,0.537556,51.3046,28.1024,500.0,7.0105,0.7659,7.7765
841,115.8373,117.0559,4.839964e-04,2.514309e+03,1.417228e+04,1.597019,0.537573,51.6909,27.9285,500.0,6.5642,0.7697,7.3339
842,115.615,117.0559,4.826911e-04,1.367835e+03,1.346949e+04,1.599047,0.538625,51.7953,27.5316,500.0,6.0643,0.788,6.8523
843,114.5593,117.0559,4.845527e-04,1.649122e+03,1.303313e+04,1.59498,0.537207,50.7485,27.8631,500.0,7.2041,0.7888,7.9929
844,114.581,117.0559,4.973075e-04,1.982308e+03,1.398435e+04,1.596214,0.537312,50.8341,27.9579,500.0,7.5954,0.7855,8.3809
845,115.7971,117.0559,5.916471e-04,1.334759e+03,1.540640e+04,1.593821,0.536989,51.5915,27.8773,500.0,7.5535,0.7713,8.3247
846,115.0332,117.0559,4.202130e-04,2.463603e+03,1.394102e+04,1.592375,0.536648,50.8341,28.0344,500.0,6.7931,0.8169,7.61
847,114.97,117.0559,4.865178e-04,3.115723e+03,1.301021e+04,1.593654,0.53693,50.8121,28.2643,500.0,7.2229,0.7782,8.0011
848,113.945,117.0559,5.304603e-04,1.807054e+03,1.406303e+04,1.592971,0.536902,50.1308,28.5186,500.0,6.5178,0.7713,7.2892
849,115.1291,117.0559,5.052224e-04,2.007520e+03,1.469022e+04,1.592461,0.536663,51.1726,28.5055,500.0,7.1975,0.7625,7.9599
850,113.8335,117.0559,5.964657e-04,4.073884e+03,1.324080e+04,1.592955,0.536902,50.03,28.5955,500.0,6.6246,0.7605,7.3851
851,116.2286,117.0559,5.095392e-04,2.281556e+03,1.541118e+04,1.593324,0.536909,52.0332,27.5679,500.0,6.1594,0.7808,6.9402
852,115.6168,117.0559,6.645794e-04,2.452688e+03,1.607341e+04,1.59795,0.53766,51.5017,28.4715,500.0,6.4522,0.7996,7.2518
853,115.7559,117.0559,5.351377e-04,2.021192e+03,1.493426e+04,1.596359,0.537316,51.4968,28.1187,500.0,7.4802,0.7675,8.2477
854,115.0046,117.0559,4.856635e-04,2.017135e+03,1.405600e+04,1.593414,0.536924,51.1146,27.8959,500.0,6.5845,0.7646,7.3491
855,118.2602,118.2602,5.576714e-04,1.949680e+03,1.378826e+04,1.595926,0.537294,53.5345,27.4354,500.0,7.3453,0.762,8.1073
856,115.4836,118.2602,5.565965e-04,1.987210e+03,1.474629e+04,1.596974,0.537572,51.2515,27.9359,500.0,7.4158,0.7717,8.1876
857,115.212,118.2602,5.386838e-04,1.792790e+03,1.424932e+04,1.595678,0.537289,51.1417,28.0488,500.0,7.1626,0.7919,7.9546
858,117.5529,118.2602,5.389213e-04,2.228166e+03,1.405912e+04,1.599358,0.538686,52.7823,27.9354,500.0,6.6799,0.8271,7.507
859,114.7367,118.2602,6.124963e-04,1.454382e+03,1.587556e+04,1.596432,0.537317,50.6565,28.1224,500.0,6.1366,0.7836,6.9202
860,114.7359,118.2602,6.102567e-04,1.638140e+03,1.408459e+04,1.59527,0.537224,50.9831,27.7985,500.0,7.5322,0.7591,8.2913
861,116.654,118.2602,6.210197e-04,1.216786e+03,1.670897e+04,1.594502,0.537016,52.2758,28.0181,500.0,7.1575,0.7949,7.9524
862,114.4005,118.2602,5.813221e-04,1.921174e+03,1.597495e+04,1.594788,0.537201,50.5772,28.332,500.0,7.4549,0.8132,8.2681
863,115.8964,118.2602,6.501044e-04,1.817101e+03,1.580344e+04,1.596228,0.537312,51.5985,28.1351,500.0,6.9257,0.7729,7.6986
864,116.404,118.2602,6.343053e-04,2.108643e+03,1.465068e+04,1.595448,0.537228,52.0932,27.8801,500.0,6.4309,0.8007,7.2317
865,117.0821,118.2602,5.348828e-04,2.014609e+03,1.377925e+04,1.594788,0.537201,52.785,27.3139,500.0,7.6438,0.765,8.4088
866,117.1055,118.2602,5.618568e-04,2.240801e+03,1.490590e+04,1.595543,0.53723,52.6,27.655,500.0,7.1384,0.8463,7.9846
867,116.9851,118.2602,5.546134e-04,2.419948e+03,1.532879e+04,1.594956,0.537206,52.587,27.6221,500.0,6.9585,0.7975,7.756
868,116.4777,118.2602,4.809559e-04,1.895558e+03,1.390514e+04,1.595268,0.537223,52.2179,27.542,500.0,7.414,0.777,8.191
869,119.4064,119.4064,5.176323e-04,2.373295e+03,1.467004e+04,1.596849,0.537556,54.2891,27.3417,500.0,7.3368,0.771,8.1078
870,117.3709,119.4064,5.611066e-04,1.836266e+03,1.346757e+04,1.598742,0.538605,52.7986,27.6044,500.0,7.2899,0.7963,8.0861
871,116.2684,119.4064,5.178896e-04,1.941101e+03,1.408830e+04,1.597486,0.537638,52.0644,27.5652,500.0,7.277,0.7638,8.0409
872,117.8707,119.4064,6.195293e-04,1.142453e+03,1.570652e+04,1.595906,0.537294,53.3449,27.7109,500.0,7.3736,0.7738,8.1474
873,117.6727,119.4064,5.636941e-04,1.930383e+03,1.500502e+04,1.597126,0.537574,52.9561,27.485,500.0,7.6045,0.8442,8.4487
874,115.5443,119.4064,5.775241e-04,1.125353e+03,1.453361e+04,1.597606,0.53764,51.5494,27.8552,500.0,7.5133,0.7763,8.2896
875,118.1979,119.4064,7.102512e-04,2.087684e+03,1.687959e+04,1.599645,0.538692,53.6776,27.5687,500.0,7.8842,0.7991,8.6833
876,117.1382,119.4064,4.795793e-04,1.268319e+03,1.533842e+04,1.599559,0.538691,52.7763,27.656,500.0,7.4625,0.762,8.2245
877,117.2608,119.4064,5.274856e-04,1.480705e+03,1.399349e+04,1.599791,0.538707,53.1421,27.2243,500.0,7.113,0.8179,7.9309
878,117.949,119.4064,5.553939e-04,1.689042e+03,1.404943e+04,1.599849,0.538709,53.3117,27.5819,500.0,7.6683,0.7792,8.4475
879,117.7582,119.4064,5.180063e-04,1.563001e+03,1.469390e+04,1.597376,0.53758,53.0375,27.5979,500.0,6.7176,0.7739,7.4915
880,116.7053,119.4064,5.946007e-04,1.726116e+03,1.463372e+04,1.59622,0.537312,52.6984,27.3116,500.0,5.9946,0.7614,6.756
881,116.5778,119.4064,5.672832e-04,1.556614e+03,1.442890e+04,1.598143,0.537665,52.5384,27.24,500.0,6.0897,0.8107,6.9004
882,116.3045,119.4064,5.377456e-04,1.766209e+03,1.334084e+04,1.598604,0.538603,52.4761,27.2537,500.0,6.3473,0.767,7.1143
883,117.0948,119.4064,6.065910e-04,1.921918e+03,1.457536e+04,1.599173,0.538627,53.0095,27.2861,500.0,7.7114,0.7775,8.4889
884,115.3589,119.4064,6.128689e-04,1.642960e+03,1.531319e+04,1.599061,0.538625,51.5192,27.6272,500.0,7.2704,0.7637,8.0342
885,117.0045,119.4064,7.114992e-04,2.320399e+03,1.618524e+04,1.595081,0.537208,52.7763,27.3778,500.0,7.3172,0.7698,8.087
886,116.5742,119.4064,5.964471e-04,1.900260e+03,1.571593e+04,1.597786,0.537644,52.5567,27.2612,500.0,7.2216,0.7716,7.9933
887,117.021,119.4064,5.497657e-04,1.255815e+03,1.566575e+04,1.596425,0.537316,52.8976,26.9964,500.0,7.5676,0.7756,8.3432
888,116.2603,119.4064,5.255409e-04,2.176620e+03,1.459666e+04,1.596081,0.537295,52.0885,27.3033,500.0,7.4486,0.7823,8.2309
889,117.7361,119.4064,7.899476e-04,2.260541e+03,1.562531e+04,1.596251,0.537311,53.3341,27.6701,500.0,7.5973,0.8119,8.4092
890,116.0663,119.4064,6.163445e-04,2.084225e+03,1.582366e+04,1.595247,0.537223,52.0275,27.445,500.0,7.2183,0.79,8.0084
891,117.6928,119.4064,5.798071e-04,2.074124e+03,1.524381e+04,1.594061,0.536991,53.2729,26.9908,500.0,6.6478,0.7652,7.413
892,116.5745,119.4064,6.444340e-04,1.937816e+03,1.565182e+04,1.594768,0.537201,52.6575,27.3524,500.0,7.9707,0.7736,8.7443
893,115.0982,119.4064,6.061731e-04,1.272163e+03,1.644774e+04,1.594265,0.536996,51.4873,27.7709,500.0,7.4252,0.7653,8.1905
894,116.9079,119.4064,5.544203e-04,1.524394e+03,1.465424e+04,1.59585,0.53729,52.7018,27.2342,500.0,8.2972,0.7913,9.0885
895,114.6151,119.4064,6.718500e-04,1.733615e+03,1.759569e+04,1.59424,0.536996,50.9868,28.3934,500.0,7.2785,0.7397,8.0182
896,115.7043,119.4064,5.157793e-04,1.760190e+03,1.433907e+04,1.593058,0.536904,51.6426,27.7965,500.0,7.4884,0.769,8.2573
897,117.6091,119.4064,6.263588e-04,1.383170e+03,1.613269e+04,1.594236,0.536996,53.2949,27.4627,500.0,7.1795,0.7695,7.9491
898,116.7234,119.4064,6.464550e-04,1.517233e+03,1.574587e+04,1.595226,0.537223,52.582,27.3209,500.0,7.7815,0.7727,8.5542
899,116.6929,119.4064,6.823478e-04,1.458567e+03,1.673172e+04,1.594801,0.537201,52.6869,27.6408,500.0,7.6738,0.7234,8.3972
900,115.844,119.4064,5.747595e-04,2.055366e+03,1.450986e+04,1.594177,0.536996,52.0954,27.3342,500.0,5.9917,0.7254,6.7171
901,115.2084,119.4064,6.297350e-04,1.489703e+03,1.593971e+04,1.59576,0.53729,51.482,28.1108,500.0,6.2839,0.768,7.052
902,114.1165,119.4064,6.014179e-04,1.596505e+03,1.608196e+04,1.595015,0.537206,50.636,28.5791,500.0,6.1452,0.7532,6.8984
903,111.933,119.4064,6.677707e-04,1.515792e+03,1.661344e+04,1.594913,0.537202,49.0886,28.5964,500.0,6.1281,0.771,6.8991
904,115.0678,119.4064,5.105485e-04,1.946756e+03,1.439134e+04,1.594249,0.536996,51.3025,27.8797,500.0,6.2972,0.7416,7.0387
905,115.277,119.4064,4.768551e-04,2.734134e+03,1.432253e+04,1.596125,0.53731,51.4599,27.8289,500.0,7.7007,0.75,8.4506
906,117.5167,119.4064,5.910645e-04,1.310367e+03,1.571402e+04,1.595384,0.537224,53.441,27.1753,500.0,7.5649,0.7538,8.3188
907,114.968,119.4064,7.711144e-04,1.470542e+03,1.661556e+04,1.595183,0.537208,51.1567,28.663,500.0,7.9177,0.7521,8.6698
908,115.9792,119.4064,6.273610e-04,1.955843e+03,1.642073e+04,1.594648,0.537018,52.004,27.9779,500.0,6.3055,0.8355,7.141
909,113.8575,119.4064,5.208463e-04,1.318322e+03,1.347861e+04,1.596119,0.53731,50.2596,28.3676,500.0,6.0532,0.7783,6.8315
910,116.6094,119.4064,5.707595e-04,1.758865e+03,1.553839e+04,1.597391,0.537579,52.3548,27.7118,500.0,7.1972,0.7745,7.9717
911,115.8937,119.4064,6.206523e-04,1.397773e+03,1.471584e+04,1.597586,0.537638,51.8847,27.8393,500.0,7.3541,0.7694,8.1235
912,116.7879,119.4064,8.260533e-04,2.537705e+03,1.633796e+04,1.596562,0.537317,52.6696,28.3181,500.0,6.7546,0.7912,7.5458
913,116.0576,119.4064,6.059866e-04,1.678272e+03,1.553916e+04,1.59754,0.537638,52.0134,27.9453,500.0,7.0656,0.7967,7.8624
914,115.9679,119.4064,7.534323e-04,2.865072e+03,1.623869e+04,1.59974,0.538692,51.8087,28.3068,500.0,7.0917,0.7799,7.8716
915,115.5035,119.4064,6.541873e-04,2.044664e+03,1.593991e+04,1.601091,0.538975,51.3474,28.4739,500.0,7.3855,0.7634,8.1489
916,114.1618,119.4064,5.949885e-04,2.368583e+03,1.502107e+04,1.603539,0.539173,50.5721,28.4159,500.0,6.7839,0.806,7.5899
917,114.6372,119.4064,7.308920e-04,1.515568e+03,1.682616e+04,1.602749,0.53909,51.1507,28.5806,500.0,7.4257,0.849,8.2746
918,115.4674,119.4064,7.290704e-04,1.341627e+03,1.706827e+04,1.606253,0.540473,51.867,28.0681,500.0,7.5477,0.8172,8.3649
919,117.0068,119.4064,5.948070e-04,1.614285e+03,1.483469e+04,1.605011,0.539502,52.8343,27.7499,500.0,6.5309,0.7802,7.3111
920,115.2428,119.4064,6.600686e-04,2.001508e+03,1.597128e+04,1.607078,0.540558,51.5219,28.4204,500.0,7.7891,0.7712,8.5603
921,116.2342,119.4064,5.338789e-04,1.522789e+03,1.420239e+04,1.607988,0.540818,52.3322,27.6836,500.0,7.662,0.7787,8.4408
922,115.9734,119.4064,6.020764e-04,2.291151e+03,1.480202e+04,1.606917,0.540543,52.1346,27.6851,500.0,7.2693,0.7754,8.0447
923,113.7779,119.4064,6.792395e-04,2.733395e+03,1.586504e+04,1.607881,0.540803,50.3109,28.618,500.0,7.1255,0.8622,7.9877
924,114.5523,119.4064,6.481325e-04,2.560295e+03,1.586617e+04,1.611508,0.541475,51.1314,28.5383,500.0,8.7276,0.7716,9.4992
925,113.562,119.4064,6.204865e-04,2.000982e+03,1.572121e+04,1.611067,0.541236,50.3348,28.5195,500.0,7.3476,0.7575,8.1052
926,116.7494,119.4064,5.940837e-04,2.025213e+03,1.578918e+04,1.612345,0.541561,52.6799,27.608,500.0,7.4722,0.7698,8.242
927,114.3959,119.4064,5.399431e-04,1.853994e+03,1.475765e+04,1.611286,0.541469,50.6569,28.4432,500.0,6.7819,0.7566,7.5386
928,114.9561,119.4064,7.728548e-04,2.258805e+03,1.519506e+04,1.613367,0.542529,51.439,28.5455,500.0,7.3557,0.7924,8.1481
929,117.2865,119.4064,8.144052e-04,1.829020e+03,1.739060e+04,1.615259,0.542877,53.0753,27.8356,500.0,6.3731,0.7971,7.1702
930,115.4959,119.4064,7.056803e-04,1.885638e+03,1.611364e+04,1.614779,0.542855,52.1371,28.1611,500.0,6.8342,0.8526,7.6868
931,115.7152,119.4064,5.669288e-04,2.157696e+03,1.509137e+04,1.616102,0.542962,51.8228,28.0385,500.0,7.5019,0.7373,8.2391
932,115.0714,119.4064,6.366509e-04,1.470882e+03,1.545179e+04,1.614639,0.542623,51.3781,28.7055,500.0,6.6338,0.8107,7.4446
933,117.4567,119.4064,6.323532e-04,1.388983e+03,1.558655e+04,1.615412,0.542881,53.2949,27.8544,500.0,7.5293,0.7957,8.325
934,115.3414,119.4064,6.869137e-04,1.454760e+03,1.599335e+04,1.61833,0.543314,51.7386,28.8454,500.0,7.0286,0.7986,7.8272
935,114.8988,119.4064,7.337489e-04,2.853060e+03,1.609194e+04,1.616915,0.54299,51.4806,28.0475,500.0,7.1066,0.8035,7.9102
936,114.4175,119.4064,6.032406e-04,1.463338e+03,1.408351e+04,1.617864,0.543077,50.9883,28.0299,500.0,7.2154,0.784,7.9995
937,116.5411,119.4064,5.514022e-04,1.801497e+03,1.574795e+04,1.616545,0.542969,52.5875,28.0804,500.0,7.4814,0.8036,8.285
938,115.7433,119.4064,5.690188e-04,1.725659e+03,1.340658e+04,1.614847,0.542855,51.8874,27.7143,500.0,7.1451,0.7772,7.9223
939,114.0269,119.4064,6.434377e-04,1.919615e+03,1.588425e+04,1.615643,0.54294,50.6175,28.1922,500.0,7.4113,0.8509,8.2622
940,116.1276,119.4064,5.666686e-04,1.974837e+03,1.463452e+04,1.616562,0.542969,52.3039,27.8458,500.0,6.41,0.7634,7.1734
941,115.4365,119.4064,5.661291e-04,1.699608e+03,1.354420e+04,1.616434,0.542969,51.7029,27.815,500.0,7.0518,0.8131,7.8649
942,115.4106,119.4064,6.535873e-04,1.925959e+03,1.462056e+04,1.615154,0.542875,51.5121,28.0224,500.0,8.3699,0.8017,9.1716
943,117.5717,119.4064,5.666107e-04,2.841248e+03,1.590037e+04,1.6156,0.54294,53.3036,27.4279,500.0,6.6953,0.7744,7.4697
944,115.8111,119.4064,6.247883e-04,1.801988e+03,1.489675e+04,1.615248,0.542877,52.1489,27.4087,500.0,6.0521,0.7595,6.8116
945,113.0154,119.4064,7.323409e-04,1.746201e+03,1.494339e+04,1.614389,0.542617,49.7741,28.7451,500.0,7.0095,0.8006,7.8101
946,116.3749,119.4064,7.307121e-04,2.383544e+03,1.731080e+04,1.615166,0.542875,52.4053,28.2916,500.0,7.4732,0.8053,8.2785
947,115.5075,119.4064,6.315280e-04,3.138838e+03,1.484816e+04,1.613257,0.542515,51.5658,28.3121,500.0,7.5726,0.7913,8.3639
948,115.1538,119.4064,6.817943e-04,2.209869e+03,1.666898e+04,1.611442,0.541475,51.178,28.6563,500.0,7.2296,0.8525,8.0821
949,118.3035,119.4064,6.825677e-04,2.641524e+03,1.532722e+04,1.60931,0.541122,53.7704,27.451,500.0,7.0895,0.7605,7.8501
950,117.3828,119.4064,6.169189e-04,1.400720e+03,1.637478e+04,1.608454,0.540884,53.2028,27.6896,500.0,6.1842,0.7871,6.9714
951,117.3593,119.4064,6.544007e-04,2.258427e+03,1.446055e+04,1.609878,0.541148,53.1089,27.8547,500.0,7.8574,0.7974,8.6548
952,115.244,119.4064,7.388204e-04,2.832782e+03,1.507183e+04,1.607571,0.540797,51.3792,28.3706,500.0,7.8424,0.8117,8.6541
953,116.6469,119.4064,7.244360e-04,1.978986e+03,1.494640e+04,1.607569,0.540797,52.3902,28.1329,500.0,7.8826,0.7624,8.645
954,117.4698,119.4064,5.799321e-04,2.222337e+03,1.444150e+04,1.609039,0.540909,53.0171,27.8565,500.0,7.5466,0.797,8.3436
955,116.735,119.4064,6.568442e-04,1.295805e+03,1.539783e+04,1.611629,0.541491,52.5069,27.958,500.0,7.8459,0.8,8.6459
956,115.2371,119.4064,6.477368e-04,2.053050e+03,1.639550e+04,1.611948,0.541555,51.4479,28.0499,500.0,7.2427,0.7998,8.0424
957,116.543,119.4064,5.994609e-04,2.683688e+03,1.533525e+04,1.612104,0.541556,52.6055,28.0703,500.0,7.2337,0.8244,8.0581
958,117.1202,119.4064,7.032172e-04,1.523026e+03,1.676048e+04,1.612125,0.541556,52.6217,28.2698,500.0,7.9205,0.7736,8.6941
959,115.7532,119.4064,5.289472e-04,1.235412e+03,1.355798e+04,1.613232,0.542515,51.6391,28.1203,500.0,6.9869,0.8266,7.8134
960,117.9226,119.4064,5.059006e-04,2.569793e+03,1.527393e+04,1.611665,0.541491,53.6605,27.0197,500.0,7.4798,0.8997,8.3795
961,118.0836,119.4064,6.099793e-04,2.569550e+03,1.564914e+04,1.609327,0.541122,53.5975,27.6964,500.0,7.6468,0.7862,8.433
962,117.7153,119.4064,6.148153e-04,1.948757e+03,1.463849e+04,1.609617,0.541128,53.3015,27.7596,500.0,7.447,0.8156,8.2626
963,116.5114,119.4064,5.262142e-04,1.554019e+03,1.401693e+04,1.610653,0.54123,52.3599,28.1712,500.0,6.7876,0.7844,7.572
964,115.9873,119.4064,4.991263e-04,1.894308e+03,1.527121e+04,1.610594,0.541229,52.0847,27.8124,500.0,6.6965,0.7652,7.4617
965,118.4719,119.4064,5.414585e-04,1.726119e+03,1.512430e+04,1.610235,0.541209,53.872,27.8538,500.0,7.1596,0.8068,7.9665
966,117.0646,119.4064,5.733126e-04,9.871812e+02,1.464479e+04,1.607458,0.540797,52.8892,27.5787,500.0,7.4266,0.8265,8.2532
967,116.3287,119.4064,5.687820e-04,2.124279e+03,1.471080e+04,1.605289,0.53952,52.1803,27.8906,500.0,7.3546,0.773,8.1276
968,114.4826,119.4064,6.579519e-04,1.763868e+03,1.425688e+04,1.602965,0.539151,50.4986,28.8284,500.0,7.5561,0.7731,8.3292
969,116.296,119.4064,5.683279e-04,1.939998e+03,1.416783e+04,1.604021,0.539416,52.0275,28.1632,500.0,7.4476,0.7722,8.2198
970,116.8492,119.4064,5.679179e-04,2.737558e+03,1.505230e+04,1.603685,0.539178,52.3241,28.1308,500.0,6.3655,0.7806,7.1461
971,118.3928,119.4064,6.147851e-04,2.394979e+03,1.554623e+04,1.603895,0.539411,53.4968,28.0396,500.0,8.3144,0.7955,9.1098
972,118.2995,119.4064,5.260226e-04,1.705284e+03,1.460220e+04,1.602349,0.53907,53.3098,27.7081,500.0,8.319,0.7992,9.1183
973,116.2078,119.4064,6.526537e-04,1.709179e+03,1.537731e+04,1.601481,0.539055,51.7163,28.4323,500.0,6.7432,0.761,7.5042
974,117.5567,119.4064,5.604747e-04,1.526009e+03,1.451115e+04,1.599806,0.538708,52.8456,28.1158,500.0,7.0071,0.7711,7.7783
975,117.3951,119.4064,6.368763e-04,2.899899e+03,1.422703e+04,1.598007,0.537661,52.7371,28.1591,500.0,7.5395,0.7701,8.3096
976,118.9832,119.4064,5.095676e-04,1.828422e+03,1.415979e+04,1.598791,0.53862,53.7337,27.9596,500.0,6.9451,0.7974,7.7425
977,116.9776,119.4064,5.587494e-04,3.602535e+03,1.345850e+04,1.600493,0.538953,52.1463,28.4405,500.0,7.2027,0.7854,7.9881
978,115.5482,119.4064,6.172386e-04,2.064244e+03,1.512245e+04,1.59972,0.538707,51.1942,28.9003,500.0,6.6089,0.7706,7.3795
979,118.0557,119.4064,5.993829e-04,2.277533e+03,1.547110e+04,1.599777,0.538708,52.7234,28.9756,500.0,7.3263,0.8304,8.1566
980,115.6423,119.4064,6.565251e-04,2.199351e+03,1.578065e+04,1.600313,0.538952,51.1236,28.9886,500.0,6.911,0.7574,7.6684
981,119.7216,119.7216,5.607578e-04,3.284572e+03,1.358523e+04,1.600017,0.538714,54.3239,27.8644,500.0,7.6937,0.837,8.5307
982,118.6912,119.7216,5.697432e-04,1.348068e+03,1.453028e+04,1.596168,0.537312,53.2372,28.3452,500.0,7.8392,0.7818,8.6209
983,118.724,119.7216,5.590640e-04,1.833918e+03,1.402101e+04,1.594456,0.537016,53.3523,28.2203,500.0,7.5025,0.7658,8.2683
984,118.6232,119.7216,6.032190e-04,3.002532e+03,1.275959e+04,1.591701,0.536577,53.2307,28.2249,500.0,7.544,0.7912,8.3352
985,117.093,119.7216,7.066816e-04,2.937927e+03,1.500714e+04,1.590252,0.535595,52.07,29.0933,500.0,7.54,0.8237,8.3637
986,117.1108,119.7216,5.854101e-04,2.001992e+03,1.465397e+04,1.588605,0.53525,52.2262,28.361,500.0,7.5535,0.8319,8.3854
987,117.6961,119.7216,5.607794e-04,2.153745e+03,1.443870e+04,1.589075,0.535273,52.6167,28.6021,500.0,7.6368,0.7652,8.402
988,117.3935,119.7216,5.441135e-04,2.433966e+03,1.475127e+04,1.58727,0.535156,52.1895,28.593,500.0,7.3321,0.7781,8.1101
989,116.4542,119.7216,5.303238e-04,1.619361e+03,1.393820e+04,1.587458,0.535157,51.408,28.9624,500.0,6.8953,0.7872,7.6825
990,115.8526,119.7216,5.897169e-04,1.705963e+03,1.451282e+04,1.583674,0.53375,50.871,29.2492,500.0,7.3798,0.8073,8.1871
991,115.4327,119.7216,6.040165e-04,2.453593e+03,1.519850e+04,1.586121,0.535063,50.5643,29.35,500.0,7.7161,0.7696,8.4857
992,117.9412,119.7216,6.561850e-04,2.485770e+03,1.575571e+04,1.587194,0.535155,52.5959,28.7674,500.0,6.5057,0.783,7.2887
993,117.9116,119.7216,7.685932e-04,1.951814e+03,1.488508e+04,1.587631,0.535162,52.582,28.7234,500.0,8.209,0.7768,8.9858
994,118.8788,119.7216,4.798378e-04,2.396938e+03,1.361536e+04,1.585941,0.535047,53.5815,28.3241,500.0,7.6151,0.7778,8.3929
995,118.5186,119.7216,4.961647e-04,1.642845e+03,1.361778e+04,1.583951,0.534694,52.9573,28.4866,500.0,7.3352,0.7694,8.1046
996,117.0664,119.7216,5.592654e-04,2.072652e+03,1.485680e+04,1.584673,0.534777,51.9402,28.477,500.0,7.0987,0.8284,7.9271
997,117.2267,119.7216,5.718870e-04,3.366068e+03,1.431355e+04,1.585228,0.5348,52.0785,28.5713,500.0,6.6573,0.8155,7.4728
998,116.689,119.7216,5.574067e-04,2.021914e+03,1.403995e+04,1.590393,0.535599,51.8402,28.4581,500.0,7.9112,0.7768,8.688
999,117.8679,119.7216,5.588159e-04,1.741474e+03,1.465724e+04,1.590972,0.535623,52.6131,28.5993,500.0,7.433,0.8513,8.2843
1000,117.1113,119.7216,4.592827e-04,1.944220e+03,1.276028e+04,1.5911,0.536554,51.9841,28.8896,500.0,7.2704,0.7714,8.0417
1001,117.2928,119.7216,5.079456e-04,2.086452e+03,1.490773e+04,1.591865,0.536583,52.3542,28.4396,500.0,6.4531,0.7923,7.2454
1002,117.7107,119.7216,6.441239e-04,3.050886e+03,1.476759e+04,1.589739,0.535529,52.6862,28.1338,500.0,7.2166,0.79,8.0066
1003,118.5179,119.7216,5.117029e-04,1.449722e+03,1.367755e+04,1.589432,0.535512,53.2165,28.4554,500.0,8.6607,0.781,9.4417
1004,118.0169,119.7216,5.581198e-04,1.815064e+03,1.411758e+04,1.590205,0.535595,52.9644,28.2096,500.0,7.7909,0.7653,8.5562
1005,119.4064,119.7216,4.810820e-04,2.988044e+03,1.403920e+04,1.589001,0.535272,53.8702,28.0829,500.0,7.4539,0.7933,8.2472
1006,118.2983,119.7216,5.917410e-04,2.319636e+03,1.325322e+04,1.588851,0.535267,52.9182,28.393,500.0,7.1864,0.8169,8.0033
1007,117.5252,119.7216,5.293748e-04,1.725702e+03,1.470572e+04,1.588831,0.535267,52.4278,28.5764,500.0,6.5606,0.8093,7.3699
1008,116.6236,119.7216,6.721761e-04,1.695648e+03,1.509242e+04,1.589646,0.535528,51.7529,28.2586,500.0,6.5687,0.7586,7.3273
1009,118.0016,119.7216,4.696478e-04,1.747948e+03,1.427552e+04,1.591364,0.536561,52.9617,28.1649,500.0,7.1011,0.7608,7.8619
1010,117.4439,119.7216,5.323017e-04,1.704688e+03,1.420521e+04,1.588131,0.535185,52.23,28.6555,500.0,7.2389,0.77,8.0089
1011,118.5436,119.7216,5.344175e-04,2.192447e+03,1.528488e+04,1.589926,0.535535,53.0337,28.3617,500.0,6.5174,0.7752,7.2927
1012,119.8191,119.8191,5.843096e-04,2.058505e+03,1.469718e+04,1.592515,0.536668,54.0217,28.3655,500.0,6.8441,0.7997,7.6437
1013,119.5402,119.8191,4.728715e-04,2.007662e+03,1.321986e+04,1.592179,0.536648,53.8349,27.892,500.0,6.9047,0.7635,7.6682
1014,118.6094,119.8191,6.475801e-04,2.758081e+03,1.679855e+04,1.593491,0.53693,53.2186,28.0246,500.0,7.0039,0.7675,7.7714
1015,118.8629,119.8191,6.045280e-04,2.701733e+03,1.447446e+04,1.592866,0.536903,53.4722,28.3286,500.0,7.2067,0.777,7.9836
1016,118.4491,119.8191,5.959840e-04,3.592888e+03,1.417274e+04,1.595582,0.537289,53.1128,28.2211,500.0,7.5384,0.7656,8.304
1017,120.3056,120.3056,5.348314e-04,1.734409e+03,1.476909e+04,1.598086,0.537667,54.5762,27.948,500.0,7.6023,0.7702,8.3725
1018,118.9301,120.3056,5.376932e-04,3.604108e+03,1.357913e+04,1.600557,0.53897,53.782,27.7749,500.0,6.5,0.768,7.2681
1019,120.3913,120.3913,5.458640e-04,1.689231e+03,1.480886e+04,1.601441,0.539057,54.8556,27.7989,500.0,6.8575,0.7909,7.6484
1020,119.5636,120.3913,5.580563e-04,2.327524e+03,1.471193e+04,1.600446,0.538968,54.0281,28.1924,500.0,7.4127,0.7781,8.1908
1021,118.8129,120.3913,5.193615e-04,1.666107e+03,1.421136e+04,1.599679,0.538709,53.8271,27.4226,500.0,7.2985,0.9148,8.2133
1022,118.6764,120.3913,4.451411e-04,1.762836e+03,1.371289e+04,1.598968,0.538627,53.484,27.8679,500.0,7.3687,0.7665,8.1352
1023,117.7343,120.3913,5.314754e-04,1.858648e+03,1.569122e+04,1.598152,0.538598,52.5773,28.7251,500.0,6.9929,0.7743,7.7671
1024,119.1552,120.3913,6.823051e-04,2.318508e+03,1.552511e+04,1.595394,0.537288,53.6985,28.568,500.0,6.8971,0.7759,7.673
1025,120.1705,120.3913,5.336012e-04,1.449779e+03,1.513818e+04,1.595972,0.537312,54.4437,27.8745,500.0,7.6281,0.8322,8.4603
1026,117.5302,120.3913,5.735221e-04,2.511373e+03,1.386351e+04,1.597294,0.537638,52.576,28.6238,500.0,7.1883,0.7797,7.968
1027,119.1255,120.3913,5.292575e-04,1.757259e+03,1.459025e+04,1.594292,0.537017,53.7831,27.8086,500.0,7.036,0.7748,7.8107
1028,119.1429,120.3913,5.822589e-04,2.970370e+03,1.367012e+04,1.593734,0.536991,54.1186,27.7746,500.0,7.0034,0.7912,7.7945
1029,118.7323,120.3913,5.893650e-04,1.607651e+03,1.466699e+04,1.59487,0.537208,53.5906,27.9206,500.0,7.415,0.7715,8.1865
1030,117.8031,120.3913,5.357538e-04,1.437449e+03,1.477238e+04,1.595573,0.53729,53.0066,28.1526,500.0,7.0633,0.7891,7.8524
1031,117.0634,120.3913,5.442424e-04,2.550191e+03,1.399687e+04,1.595804,0.537295,52.2053,28.2005,500.0,6.2797,0.8113,7.0911
1032,119.5885,120.3913,4.873656e-04,2.827893e+03,1.382333e+04,1.594961,0.537223,54.398,27.4694,500.0,7.448,0.7594,8.2074
1033,118.9393,120.3913,6.361115e-04,2.953395e+03,1.393769e+04,1.596033,0.537311,53.9214,27.7349,500.0,6.9842,0.7831,7.7674
1034,119.6072,120.3913,5.056903e-04,1.920973e+03,1.414627e+04,1.596973,0.537574,54.4366,27.454,500.0,6.1633,0.7701,6.9335
1035,117.7936,120.3913,5.399247e-04,1.730541e+03,1.391208e+04,1.595268,0.537228,53.1195,27.7655,500.0,6.8695,0.7845,7.654
1036,117.9761,120.3913,5.983849e-04,2.535284e+03,1.432678e+04,1.594935,0.537208,53.2843,27.6644,500.0,6.6958,0.778,7.4738
1037,117.6432,120.3913,5.777905e-04,3.175500e+03,1.428160e+04,1.595379,0.53723,52.8812,28.116,500.0,7.3455,0.7994,8.1448
1038,118.6001,120.3913,4.965281e-04,2.312186e+03,1.423920e+04,1.595562,0.53729,53.4744,27.6737,500.0,7.4632,0.792,8.2552
1039,120.1123,120.3913,6.216919e-04,1.931516e+03,1.535029e+04,1.596859,0.537573,54.7863,27.4437,500.0,7.5577,0.7649,8.3226
1040,120.0943,120.3913,5.653141e-04,2.401001e+03,1.514326e+04,1.598307,0.5386,54.7635,27.639,500.0,6.46,0.7733,7.2332
1041,120.1355,120.3913,6.568381e-04,3.258113e+03,1.520482e+04,1.597545,0.537645,54.7253,27.8872,500.0,7.4622,0.7806,8.2428
1042,119.4877,120.3913,5.184873e-04,2.240005e+03,1.391322e+04,1.597492,0.537645,54.1976,27.8824,500.0,7.4901,0.7688,8.2589
1043,118.7925,120.3913,5.566371e-04,1.934950e+03,1.476000e+04,1.597574,0.53766,53.8844,28.015,500.0,7.7464,0.7775,8.524
1044,119.7615,120.3913,5.583855e-04,1.620430e+03,1.513419e+04,1.600636,0.538975,54.3873,27.6631,500.0,6.9708,0.7698,7.7406
1045,119.2,120.3913,5.549135e-04,4.816049e+03,1.348585e+04,1.599287,0.538692,53.8503,27.9248,500.0,7.5086,0.8135,8.3221
1046,117.8898,120.3913,5.425691e-04,2.583542e+03,1.375276e+04,1.600855,0.539035,53.0329,28.1904,500.0,8.205,0.8018,9.0068
1047,119.0984,120.3913,5.777164e-04,2.152047e+03,1.479516e+04,1.600941,0.539035,53.9707,27.5967,500.0,7.274,0.7565,8.0305
1048,119.7689,120.3913,5.301783e-04,1.776398e+03,1.460257e+04,1.599102,0.538687,54.207,28.0031,500.0,6.2254,0.7665,6.9919
1049,118.6739,120.3913,6.797628e-04,1.623435e+03,1.449214e+04,1.600328,0.538968,53.5877,27.9926,500.0,6.4305,0.7817,7.2122
1050,116.3666,120.3913,5.434530e-04,1.387670e+03,1.522341e+04,1.602196,0.539085,51.9006,28.3834,500.0,7.2935,0.7732,8.0668
1051,119.2356,120.3913,5.998836e-04,2.530020e+03,1.408180e+04,1.602455,0.539091,53.9695,27.8122,500.0,7.7547,0.7939,8.5487
1052,119.0141,120.3913,5.367806e-04,3.151909e+03,1.452622e+04,1.603205,0.539173,53.9459,28.0181,500.0,7.3809,0.7832,8.164
1053,119.0906,120.3913,5.791694e-04,1.788515e+03,1.421356e+04,1.601797,0.539064,53.5725,28.2977,500.0,7.11,0.7576,7.8675
1054,117.6023,120.3913,5.075385e-04,2.455908e+03,1.308771e+04,1.598632,0.538621,52.5394,28.4173,500.0,7.3964,0.7753,8.1717
1055,119.7294,120.3913,4.868976e-04,3.325910e+03,1.432589e+04,1.597912,0.537666,54.3353,27.8878,500.0,7.1032,0.7939,7.8971
1056,117.7526,120.3913,6.145723e-04,2.499688e+03,1.424262e+04,1.599144,0.538687,52.8387,28.2349,500.0,7.0364,0.7648,7.8012
1057,118.2604,120.3913,5.452184e-04,2.927338e+03,1.355499e+04,1.600445,0.53897,53.2133,28.3345,500.0,6.9542,0.7717,7.7258
1058,118.3643,120.3913,4.961403e-04,2.016323e+03,1.408727e+04,1.59848,0.53862,53.397,28.4884,500.0,6.9906,0.8516,7.8422
1059,119.3179,120.3913,5.875996e-04,2.400730e+03,1.418142e+04,1.601469,0.539057,53.9197,28.0627,500.0,7.1084,0.759,7.8674
1060,118.2226,120.3913,6.663150e-04,1.870454e+03,1.524925e+04,1.602991,0.539157,53.0688,28.606,500.0,7.1225,0.7717,7.8942
1061,119.0422,120.3913,4.678234e-04,2.015740e+03,1.362128e+04,1.60565,0.540457,53.6656,28.3775,500.0,7.3063,0.7774,8.0837
1062,117.9044,120.3913,5.517713e-04,2.274529e+03,1.429039e+04,1.606214,0.540537,52.7534,28.3494,500.0,7.1605,0.7778,7.9383
1063,118.727,120.3913,5.742712e-04,3.232409e+03,1.436875e+04,1.606104,0.540478,53.5693,28.3201,500.0,6.6169,0.8225,7.4394
1064,119.0231,120.3913,5.404835e-04,3.986917e+03,1.335512e+04,1.607456,0.540803,53.7162,28.4008,500.0,6.0459,0.7824,6.8283
1065,119.3981,120.3913,4.619445e-04,1.895686e+03,1.334651e+04,1.606102,0.540478,54.3148,27.7113,500.0,6.9061,0.7779,7.684
1066,119.3496,120.3913,5.938023e-04,2.059770e+03,1.422326e+04,1.606644,0.540558,54.0876,28.0303,500.0,7.221,0.7674,7.9884
1067,120.8282,120.8282,6.043186e-04,2.087414e+03,1.443879e+04,1.608776,0.540911,55.0263,28.204,500.0,6.2852,0.8492,7.1344
1068,117.7086,120.8282,5.684193e-04,2.855826e+03,1.427283e+04,1.606762,0.540559,52.7564,28.7171,500.0,7.5407,0.7651,8.3057
1069,119.1004,120.8282,5.954324e-04,2.121464e+03,1.411921e+04,1.605617,0.540456,53.6937,28.3053,500.0,7.208,0.7809,7.9889
1070,119.4912,120.8282,4.963895e-04,1.640032e+03,1.377765e+04,1.605053,0.539524,54.0555,28.2115,500.0,8.478,0.8241,9.3021
1071,120.2419,120.8282,5.690284e-04,1.443301e+03,1.429641e+04,1.606432,0.540542,54.7574,28.2262,500.0,6.2382,0.7875,7.0258
1072,120.6595,120.8282,5.814431e-04,1.844179e+03,1.434913e+04,1.604645,0.539502,54.9326,28.0722,500.0,6.2703,0.7617,7.032
1073,121.053,121.053,5.978231e-04,3.092320e+03,1.401517e+04,1.604233,0.539437,55.2924,27.8907,500.0,7.2536,0.7834,8.0369
1074,119.1816,121.053,6.253374e-04,2.656517e+03,1.608204e+04,1.60289,0.539156,53.7476,28.5674,500.0,6.4476,0.76,7.2076
1075,117.9218,121.053,6.205913e-04,1.660349e+03,1.430052e+04,1.604639,0.539502,53.005,28.3656,500.0,6.1331,0.7678,6.9009
1076,118.383,121.053,6.392938e-04,1.925905e+03,1.462002e+04,1.602859,0.539156,53.3123,28.5622,500.0,6.2569,0.7728,7.0297
1077,119.0279,121.053,6.275336e-04,2.250957e+03,1.383602e+04,1.600968,0.539035,53.629,28.6167,500.0,8.0577,0.8149,8.8725
1078,117.5873,121.053,7.014691e-04,2.636463e+03,1.494410e+04,1.600475,0.53897,52.3542,29.2143,500.0,8.368,0.8007,9.1687
1079,119.065,121.053,5.972237e-04,2.085537e+03,1.416480e+04,1.600134,0.538952,53.8766,28.4162,500.0,6.3846,0.8303,7.2149
1080,119.8257,121.053,6.029711e-04,2.038983e+03,1.317506e+04,1.599995,0.538948,54.1422,28.5826,500.0,7.5032,0.8292,8.3324
1081,117.9803,121.053,7.831816e-04,2.890132e+03,1.538569e+04,1.599847,0.538714,52.5529,29.4687,500.0,7.1461,0.7906,7.9368
1082,119.2695,121.053,7.138252e-04,1.777681e+03,1.670958e+04,1.599878,0.538714,53.5494,28.9616,500.0,5.9795,0.8392,6.8187
1083,118.631,121.053,6.200778e-04,2.818948e+03,1.441403e+04,1.60288,0.539155,53.1052,28.7078,500.0,6.2539,0.7663,7.0201
1084,118.2872,121.053,6.830670e-04,2.121423e+03,1.651180e+04,1.604282,0.539437,52.6877,28.9891,500.0,7.7401,0.8548,8.5949
1085,120.3558,121.053,5.908428e-04,1.525780e+03,1.491957e+04,1.604782,0.539502,54.3853,28.7258,500.0,7.7569,0.7965,8.5534
1086,118.6386,121.053,7.864831e-04,2.786149e+03,1.461125e+04,1.60544,0.54045,53.1571,29.1259,500.0,7.3595,0.7921,8.1516
1087,118.0516,121.053,6.473826e-04,2.237631e+03,1.546260e+04,1.604753,0.539502,52.8162,28.8665,500.0,7.165,0.7649,7.9299
1088,117.5941,121.053,7.858017e-04,2.853325e+03,1.542757e+04,1.60207,0.539068,52.2851,29.3912,500.0,6.8893,0.7763,7.6656
1089,117.5229,121.053,6.300721e-04,2.277045e+03,1.417675e+04,1.602099,0.539068,52.2236,29.6505,500.0,7.4206,0.8573,8.278
1090,120.0369,121.053,7.687052e-04,2.950826e+03,1.583191e+04,1.602423,0.539086,54.4609,29.1228,500.0,7.5819,0.7952,8.3771
1091,118.8616,121.053,5.888524e-04,2.059257e+03,1.369400e+04,1.604378,0.539437,53.3981,29.1412,500.0,7.7557,0.7912,8.5469
1092,116.7711,121.053,6.630323e-04,3.307396e+03,1.432771e+04,1.608301,0.540884,51.7148,29.2835,500.0,7.1609,0.7288,7.8897
1093,119.2719,121.053,7.530088e-04,2.549393e+03,1.617071e+04,1.608423,0.540888,53.5761,28.624,500.0,7.2831,0.8381,8.1212
1094,118.6242,121.053,6.561892e-04,3.069988e+03,1.368728e+04,1.607994,0.540824,53.2569,28.7004,500.0,7.4925,0.7763,8.2688
1095,119.4719,121.053,6.078124e-04,2.276129e+03,1.515511e+04,1.610993,0.541469,54.0823,28.3488,500.0,6.8529,0.8209,7.6738
1096,119.6968,121.053,5.651111e-04,2.607791e+03,1.360710e+04,1.609495,0.541142,53.8581,28.7015,500.0,7.3486,0.7853,8.1339
1097,120.6585,121.053,5.512783e-04,2.223588e+03,1.414993e+04,1.60812,0.540882,54.9016,28.3497,500.0,6.6724,0.7645,7.4369
1098,119.5132,121.053,5.715592e-04,2.955153e+03,1.428847e+04,1.608635,0.540904,54.1254,28.4933,500.0,7.0368,0.767,7.8037
1099,118.8186,121.053,5.582327e-04,3.850047e+03,1.490079e+04,1.609445,0.541128,53.6292,28.4632,500.0,7.229,0.7629,7.9919
1100,118.2086,121.053,6.815249e-04,2.363836e+03,1.430573e+04,1.6099,0.541149,52.7153,29.0136,500.0,7.6881,0.7967,8.4848
1101,120.8921,121.053,5.166805e-04,3.186954e+03,1.406042e+04,1.60877,0.540909,55.0915,28.505,500.0,7.4621,0.7532,8.2154
1102,119.0629,121.053,7.414954e-04,2.497462e+03,1.478957e+04,1.605671,0.540455,53.6333,28.6471,500.0,7.9333,0.8464,8.7797
1103,119.028,121.053,6.279903e-04,2.647713e+03,1.433217e+04,1.606787,0.540558,53.3482,28.8267,500.0,7.9016,0.7884,8.6899
1104,119.0454,121.053,5.790811e-04,2.047307e+03,1.364866e+04,1.605945,0.540472,53.6028,28.543,500.0,6.4338,0.7849,7.2186
1105,117.6058,121.053,7.270123e-04,1.997418e+03,1.429887e+04,1.601822,0.539063,52.3339,28.7689,500.0,6.1356,0.7826,6.9182
1106,118.2674,121.053,7.638158e-04,2.429709e+03,1.539107e+04,1.605969,0.540473,52.9554,29.0679,500.0,7.417,0.7862,8.2032
1107,120.998,121.053,6.450631e-04,1.900424e+03,1.392662e+04,1.606609,0.540542,55.2194,28.3833,500.0,7.8123,0.8248,8.6371
1108,119.4288,121.053,6.304301e-04,2.864612e+03,1.450967e+04,1.603962,0.539417,53.5572,28.6933,500.0,7.408,0.7885,8.1965
1109,119.6513,121.053,5.885020e-04,1.893014e+03,1.402723e+04,1.604212,0.539433,53.8491,28.907,500.0,7.4864,0.8325,8.3189
1110,120.0312,121.053,5.018009e-04,1.497296e+03,1.424841e+04,1.608799,0.540909,54.1544,28.3658,500.0,7.8818,0.8539,8.7358
1111,119.7196,121.053,6.513203e-04,4.358941e+03,1.485847e+04,1.611185,0.541489,53.9457,28.6157,500.0,8.6217,0.7856,9.4073
1112,118.7243,121.053,6.064940e-04,1.746215e+03,1.536053e+04,1.612028,0.541562,53.2344,28.8478,500.0,7.3114,0.7846,8.096
1113,117.9119,121.053,6.465857e-04,2.155345e+03,1.465843e+04,1.612281,0.541578,52.7206,29.053,500.0,7.203,0.7683,7.9713
1114,120.146,121.053,7.262814e-04,1.948098e+03,1.621487e+04,1.61245,0.541583,54.3864,28.6205,500.0,8.1183,0.7723,8.8906
1115,118.1933,121.053,7.092393e-04,2.500456e+03,1.418582e+04,1.611156,0.541475,52.8782,28.7789,500.0,6.8538,0.7739,7.6276
1116,118.6094,121.053,5.647605e-04,2.423418e+03,1.453886e+04,1.613115,0.542531,53.2463,28.7976,500.0,6.1427,0.7757,6.9185
1117,119.2415,121.053,6.024728e-04,2.548576e+03,1.564540e+04,1.615154,0.542881,53.7589,28.7154,500.0,6.0841,0.7724,6.8564
1118,118.9757,121.053,6.429120e-04,2.082573e+03,1.460411e+04,1.615557,0.542945,53.3838,29.1428,500.0,6.1453,0.8346,6.9799
1119,117.0972,121.053,6.602658e-04,2.727921e+03,1.474736e+04,1.61356,0.542594,51.9143,29.2335,500.0,6.0502,0.8129,6.8631
1120,118.7194,121.053,6.621585e-04,2.160377e+03,1.664718e+04,1.616283,0.542969,53.517,28.3922,500.0,6.239,0.7899,7.0289
1121,119.3439,121.053,5.919062e-04,2.186223e+03,1.556961e+04,1.614517,0.542855,53.7394,28.5422,500.0,7.1977,0.762,7.9597
1122,119.3503,121.053,7.401421e-04,2.195253e+03,1.442380e+04,1.617193,0.543055,53.8272,28.4249,500.0,7.603,0.7949,8.3979
1123,119.2454,121.053,6.579548e-04,1.720669e+03,1.549165e+04,1.616404,0.54297,54.075,28.2372,500.0,7.6779,0.7655,8.4434
1124,119.3451,121.053,5.605147e-04,2.411142e+03,1.533431e+04,1.61702,0.542996,54.2132,28.1123,500.0,6.6053,0.7871,7.3924
1125,120.3479,121.053,6.307954e-04,2.725429e+03,1.488863e+04,1.616717,0.54299,54.6297,28.3115,500.0,7.4559,0.8537,8.3096
1126,119.7619,121.053,6.059678e-04,2.236109e+03,1.452632e+04,1.61677,0.542991,53.9779,28.6406,500.0,7.6974,0.7826,8.48
1127,119.918,121.053,5.449492e-04,2.046812e+03,1.477217e+04,1.615671,0.542946,54.1116,28.602,500.0,7.468,0.8048,8.2728
1128,119.659,121.053,7.670397e-04,3.407481e+03,1.574312e+04,1.615255,0.542882,54.0461,28.5028,500.0,7.8746,0.7733,8.6479
1129,118.838,121.053,6.324198e-04,2.618730e+03,1.424490e+04,1.614208,0.542617,53.65,28.3408,500.0,6.2154,0.7761,6.9916
1130,119.5449,121.053,7.617439e-04,3.284338e+03,1.474862e+04,1.616655,0.542976,54.0433,28.0525,500.0,7.066,0.7627,7.8287
1131,120.1119,121.053,6.218003e-04,1.481963e+03,1.494845e+04,1.618629,0.543335,54.5639,28.0339,500.0,6.4471,0.7985,7.2455
1132,119.4703,121.053,5.755009e-04,2.246745e+03,1.590010e+04,1.619117,0.543401,53.8948,28.683,500.0,7.2777,0.7819,8.0596
1133,119.8477,121.053,7.028884e-04,3.128747e+03,1.587311e+04,1.618059,0.543084,54.2972,28.1162,500.0,7.1421,0.7855,7.9276
1134,120.0769,121.053,7.764859e-04,2.464910e+03,1.521935e+04,1.619198,0.543401,54.43,28.308,500.0,7.1313,0.7998,7.9311
1135,119.9585,121.053,4.972403e-04,1.815362e+03,1.472011e+04,1.618422,0.543319,54.4721,28.2347,500.0,7.5168,0.7741,8.2908
1136,119.8291,121.053,6.858635e-04,2.066872e+03,1.424833e+04,1.619137,0.5434,54.4217,28.4407,500.0,6.5439,0.805,7.3489
1137,118.9134,121.053,6.579906e-04,1.477017e+03,1.500987e+04,1.61553,0.54294,53.5691,28.4166,500.0,6.9759,0.8264,7.8023
1138,119.9898,121.053,7.025998e-04,1.790722e+03,1.510539e+04,1.615965,0.542962,54.54,28.8954,500.0,7.3248,0.7954,8.1202
1139,120.0152,121.053,5.480562e-04,2.580787e+03,1.468704e+04,1.615591,0.542942,54.3988,27.8139,500.0,6.1739,0.7612,6.9351
1140,121.9736,121.9736,6.078032e-04,2.540799e+03,1.592843e+04,1.61607,0.542963,56.1542,27.6136,500.0,7.4525,0.7844,8.2369
1141,118.5643,121.9736,6.546223e-04,2.835561e+03,1.362309e+04,1.614618,0.542855,53.4399,28.6775,500.0,7.2693,0.8447,8.114
1142,117.2744,121.9736,7.139760e-04,2.975729e+03,1.481531e+04,1.613794,0.542596,52.0675,29.5879,500.0,6.5224,0.7873,7.3097
1143,120.9132,121.9736,6.843563e-04,3.345111e+03,1.556413e+04,1.614096,0.542617,55.0259,28.4958,500.0,7.2245,0.808,8.0325
1144,120.1411,121.9736,5.968250e-04,2.614927e+03,1.515177e+04,1.613579,0.542594,54.466,28.3654,500.0,8.198,0.7657,8.9637
1145,119.183,121.9736,7.040416e-04,2.987855e+03,1.626171e+04,1.612411,0.541578,53.8648,28.5167,500.0,7.4381,0.7598,8.198
1146,119.6723,121.9736,7.348884e-04,2.498098e+03,1.561077e+04,1.613771,0.542599,54.2286,28.9266,500.0,6.5604,0.7684,7.3288
1147,118.8856,121.9736,6.627944e-04,2.326937e+03,1.483003e+04,1.612679,0.542508,53.5163,28.7155,500.0,6.1508,0.7625,6.9134
1148,120.8407,121.9736,8.150628e-04,2.883556e+03,1.630293e+04,1.612037,0.54156,55.1453,28.2631,500.0,7.0195,0.7819,7.8014
1149,120.9146,121.9736,7.157779e-04,1.857462e+03,1.546995e+04,1.612184,0.541576,55.1343,28.0746,500.0,6.1289,0.7701,6.8989
1150,120.6365,121.9736,7.890249e-04,2.296354e+03,1.534888e+04,1.612358,0.541578,54.9561,28.1937,500.0,6.3898,0.8295,7.2193
1151,120.2616,121.9736,6.291398e-04,3.147988e+03,1.470301e+04,1.611538,0.541495,54.6857,28.3335,500.0,6.3032,0.7685,7.0717
1152,119.7522,121.9736,5.981424e-04,2.438329e+03,1.541708e+04,1.611012,0.541469,54.4672,27.8891,500.0,6.9744,0.7763,7.7507
1153,120.7951,121.9736,5.290064e-04,2.457863e+03,1.480280e+04,1.610792,0.541468,55.0924,28.0523,500.0,7.1254,0.8031,7.9285
1154,121.1939,121.9736,4.982816e-04,2.430366e+03,1.260730e+04,1.612377,0.541578,55.3796,27.9146,500.0,7.6754,0.8097,8.4851
1155,121.297,121.9736,6.210383e-04,2.647973e+03,1.459826e+04,1.611246,0.541475,55.2552,28.0188,500.0,7.1036,0.7748,7.8783
1156,118.9561,121.9736,6.864033e-04,3.252382e+03,1.499119e+04,1.613123,0.542529,53.713,29.0111,500.0,7.1602,0.7768,7.937
1157,119.681,121.9736,7.112437e-04,2.727708e+03,1.508614e+04,1.614395,0.542623,54.1701,28.4922,500.0,6.9732,0.7852,7.7584
1158,120.1732,121.9736,8.290258e-04,2.417739e+03,1.603565e+04,1.618519,0.543335,54.5942,28.5292,500.0,7.0301,0.7656,7.7957
1159,117.6545,121.9736,9.633888e-04,3.031376e+03,1.644636e+04,1.619339,0.543406,52.6661,29.4575,500.0,7.3361,0.7968,8.1329
1160,121.0538,121.9736,6.845160e-04,1.939486e+03,1.580343e+04,1.621593,0.54446,55.3683,28.3796,500.0,7.3704,0.7657,8.1361
1161,121.4627,121.9736,7.124025e-04,2.082552e+03,1.554189e+04,1.623021,0.544782,55.5291,27.9937,500.0,7.558,0.7754,8.3334
1162,122.5478,122.5478,5.344194e-04,1.694890e+03,1.439487e+04,1.625279,0.545155,56.6521,27.5693,500.0,7.3443,0.7879,8.1322
1163,121.538,122.5478,6.423845e-04,2.023627e+03,1.391362e+04,1.626175,0.545471,55.8118,27.7881,500.0,7.1328,0.8131,7.9459
1164,122.3769,122.5478,5.766274e-04,1.916530e+03,1.413391e+04,1.62772,0.54644,56.2653,27.599,500.0,7.7449,0.7727,8.5175
1165,120.1891,122.5478,5.831264e-04,1.991492e+03,1.494262e+04,1.627165,0.546418,54.9153,28.3872,500.0,7.238,0.8088,8.0468
1166,121.8448,122.5478,5.886921e-04,2.662812e+03,1.498195e+04,1.624962,0.545149,56.1332,27.3728,500.0,7.5853,0.767,8.3523
1167,117.1908,122.5478,1.090340e-03,3.946328e+03,1.603895e+04,1.624779,0.545133,52.415,30.1904,500.0,7.422,0.8076,8.2297
1168,121.3041,122.5478,6.339139e-04,1.930329e+03,1.413174e+04,1.623331,0.544802,55.401,28.1134,500.0,7.4339,0.7927,8.2265
1169,119.957,122.5478,6.379318e-04,1.936506e+03,1.505570e+04,1.623074,0.544782,54.7643,28.1437,500.0,7.7051,0.7815,8.4865
1170,122.973,122.973,6.101881e-04,1.646885e+03,1.470839e+04,1.626186,0.545413,57.1312,27.335,500.0,6.3254,0.7743,7.0997
1171,120.4812,122.973,6.522209e-04,1.385392e+03,1.593902e+04,1.627899,0.546444,55.223,28.0479,500.0,6.6404,0.8318,7.4723
1172,121.2121,122.973,5.335446e-04,2.348183e+03,1.422416e+04,1.629772,0.546789,55.7447,27.9032,500.0,7.6167,0.776,8.3927
1173,121.0448,122.973,6.571171e-04,1.521353e+03,1.419984e+04,1.627149,0.545499,55.5397,27.7105,500.0,6.457,0.7631,7.2201
1174,121.8464,122.973,5.759216e-04,3.098231e+03,1.464804e+04,1.6259,0.545406,56.2353,27.325,500.0,7.4896,0.8122,8.3018
1175,119.8384,122.973,5.654890e-04,2.694706e+03,1.429998e+04,1.626545,0.545476,54.7801,28.1076,500.0,8.2466,0.7627,9.0094
1176,121.8671,122.973,5.887091e-04,1.629705e+03,1.413808e+04,1.624876,0.545133,56.0558,27.4846,500.0,7.1779,0.7692,7.9471
1177,121.1967,122.973,4.398461e-04,2.458612e+03,1.355415e+04,1.621926,0.54469,55.6042,27.6152,500.0,7.4769,0.8438,8.3207
1178,121.0041,122.973,5.631119e-04,2.807401e+03,1.416748e+04,1.620943,0.544432,55.3265,27.5358,500.0,7.168,0.7734,7.9414
1179,121.4614,122.973,5.258261e-04,2.127953e+03,1.329721e+04,1.623619,0.54504,55.6951,27.6751,500.0,7.0495,0.7788,7.8284
1180,120.3292,122.973,5.480676e-04,2.286573e+03,1.419471e+04,1.623451,0.544802,54.8761,28.0847,500.0,7.7131,0.7677,8.4808
1181,120.1798,122.973,5.531327e-04,2.440261e+03,1.399426e+04,1.623219,0.544797,54.6822,27.9975,500.0,7.5495,0.7784,8.3279
1182,121.8765,122.973,6.428204e-04,2.470349e+03,1.676905e+04,1.623808,0.545042,55.9037,27.9088,500.0,8.0277,0.7889,8.8165
1183,120.3741,122.973,6.010863e-04,1.760250e+03,1.452777e+04,1.621654,0.544459,55.1223,28.0229,500.0,7.0395,0.7841,7.8236
1184,122.2607,122.973,6.052230e-04,2.675639e+03,1.479868e+04,1.622621,0.544718,56.2325,27.7283,500.0,7.3449,0.7817,8.1266
1185,120.5887,122.973,5.502952e-04,1.463591e+03,1.508788e+04,1.622481,0.544716,55.044,28.4945,500.0,7.5032,0.7653,8.2685
1186,120.9245,122.973,6.217915e-04,1.901217e+03,1.496369e+04,1.619019,0.543341,55.2966,28.1239,500.0,7.5034,0.7485,8.2519
1187,120.1943,122.973,5.590435e-04,1.559187e+03,1.455977e+04,1.619614,0.543421,54.7126,28.3179,500.0,7.7793,0.7844,8.5637
1188,119.9998,122.973,7.290712e-04,2.903408e+03,1.601624e+04,1.62233,0.544711,54.4043,28.9342,500.0,7.2519,0.7486,8.0004
1189,120.9867,122.973,5.277513e-04,3.248999e+03,1.278698e+04,1.619194,0.5434,55.2113,28.0716,500.0,8.9729,0.7336,9.7065
1190,120.3744,122.973,6.647455e-04,2.913570e+03,1.428910e+04,1.619252,0.543401,54.7271,28.5916,500.0,7.4115,0.7445,8.156
1191,120.4064,122.973,5.924868e-04,3.100377e+03,1.440418e+04,1.616487,0.542969,55.0758,27.9691,500.0,7.0519,0.7513,7.8032
1192,120.6947,122.973,5.717873e-04,2.138061e+03,1.345416e+04,1.614588,0.542623,55.1859,27.9674,500.0,7.6595,0.7456,8.4051
1193,122.0324,122.973,5.372989e-04,2.667404e+03,1.394580e+04,1.61507,0.542861,56.331,27.8472,500.0,6.7248,0.81,7.5348
1194,120.29,122.973,5.915585e-04,3.865904e+03,1.311256e+04,1.618092,0.543082,55.0641,28.2459,500.0,6.9595,0.7344,7.6939
1195,120.4897,122.973,6.625049e-04,4.537990e+03,1.387153e+04,1.619692,0.543422,54.5319,28.9129,500.0,7.6888,0.7494,8.4382
1196,120.0692,122.973,5.838776e-04,3.171002e+03,1.498964e+04,1.619837,0.543427,54.475,29.4597,500.0,6.8407,0.7552,7.5959
1197,119.6262,122.973,5.135472e-04,2.632263e+03,1.407313e+04,1.62064,0.544369,54.1838,28.5142,500.0,6.572,0.7441,7.316
1198,121.226,122.973,5.299356e-04,3.149752e+03,1.359336e+04,1.620787,0.544373,55.5574,28.0385,500.0,8.5957,0.7421,9.3378
1199,119.4657,122.973,6.309023e-04,2.859100e+03,1.435385e+04,1.620087,0.544346,54.0848,29.4213,500.0,7.3037,0.7666,8.0703
