Device       : cpu

========== GPOMDP LOSS ==========
states shape  = (128, 500, 8)
actions shape = (128, 500, 2)
rewards shape = (128, 500)
returns shape = (128, 500)
mask shape    = (128, 500)
log_probs shape = (128, 500)
valid steps = 64000
objective = 4.694550
loss = -4.694550
========== END GPOMDP DEBUG ==========


========== NPG PRECONDITIONING ==========
Fisher condition number  : 1.106e+04
||nat_g|| / ||g||        : 13.250
========== END NPG DEBUG ==========

/workplace/adelella/adelella/MCIBConceptDrift/vanilla-policy-gradient/vpg/train.py:127: UserWarning: Converting a tensor with requires_grad=True to a scalar may lead to unexpected behavior.
Consider using tensor.detach() first. (Triggered internally at /pytorch/torch/csrc/autograd/generated/python_variable_methods.cpp:838.)
  return float(torch.cat(grads).norm())
Iteration 0000 | train reward: 0.89 | best: 0.89 | KL: 5.791e-06 | std: 0.6067 | rollout: 5.708s | update: 1.373s | total: 7.080s | samples/s: 9039
Iteration 0001 | train reward: 0.44 | best: 0.89 | KL: 8.061e-06 | std: 0.6059 | rollout: 6.028s | update: 0.771s | total: 6.799s | samples/s: 9414
Iteration 0002 | train reward: 2.09 | best: 2.09 | KL: 1.193e-05 | std: 0.6067 | rollout: 6.021s | update: 0.748s | total: 6.769s | samples/s: 9455
Iteration 0003 | train reward: 1.75 | best: 2.09 | KL: 1.212e-05 | std: 0.6067 | rollout: 5.990s | update: 0.761s | total: 6.751s | samples/s: 9480
Iteration 0004 | train reward: 2.66 | best: 2.66 | KL: 1.188e-05 | std: 0.6068 | rollout: 7.135s | update: 0.812s | total: 7.947s | samples/s: 8053
Iteration 0005 | train reward: 4.00 | best: 4.00 | KL: 1.232e-05 | std: 0.6068 | rollout: 6.884s | update: 0.758s | total: 7.642s | samples/s: 8375
Iteration 0006 | train reward: 5.67 | best: 5.67 | KL: 1.503e-05 | std: 0.6068 | rollout: 7.084s | update: 0.752s | total: 7.836s | samples/s: 8167
Iteration 0007 | train reward: 4.56 | best: 5.67 | KL: 1.326e-05 | std: 0.6070 | rollout: 6.508s | update: 0.778s | total: 7.286s | samples/s: 8784
Iteration 0008 | train reward: 4.83 | best: 5.67 | KL: 1.034e-05 | std: 0.6071 | rollout: 7.372s | update: 0.772s | total: 8.144s | samples/s: 7859
Iteration 0009 | train reward: 6.23 | best: 6.23 | KL: 1.294e-05 | std: 0.6071 | rollout: 7.103s | update: 0.775s | total: 7.878s | samples/s: 8124
Iteration 0010 | train reward: 7.64 | best: 7.64 | KL: 1.582e-05 | std: 0.6077 | rollout: 7.447s | update: 0.746s | total: 8.194s | samples/s: 7811
Iteration 0011 | train reward: 7.83 | best: 7.83 | KL: 1.633e-05 | std: 0.6078 | rollout: 7.287s | update: 0.760s | total: 8.047s | samples/s: 7953
Iteration 0012 | train reward: 8.21 | best: 8.21 | KL: 1.401e-05 | std: 0.6078 | rollout: 7.466s | update: 0.776s | total: 8.241s | samples/s: 7766
Iteration 0013 | train reward: 7.85 | best: 8.21 | KL: 1.764e-05 | std: 0.6078 | rollout: 7.007s | update: 0.773s | total: 7.780s | samples/s: 8226
Iteration 0014 | train reward: 9.23 | best: 9.23 | KL: 1.246e-05 | std: 0.6078 | rollout: 7.138s | update: 0.772s | total: 7.909s | samples/s: 8092
Iteration 0015 | train reward: 10.82 | best: 10.82 | KL: 1.840e-05 | std: 0.6078 | rollout: 6.885s | update: 0.746s | total: 7.631s | samples/s: 8387
Iteration 0016 | train reward: 11.38 | best: 11.38 | KL: 1.960e-05 | std: 0.6081 | rollout: 6.072s | update: 0.773s | total: 6.845s | samples/s: 9350
Iteration 0017 | train reward: 10.46 | best: 11.38 | KL: 1.392e-05 | std: 0.6080 | rollout: 6.915s | update: 0.767s | total: 7.682s | samples/s: 8331
Iteration 0018 | train reward: 12.09 | best: 12.09 | KL: 1.367e-05 | std: 0.6078 | rollout: 7.532s | update: 0.780s | total: 8.312s | samples/s: 7699
Iteration 0019 | train reward: 14.25 | best: 14.25 | KL: 2.400e-05 | std: 0.6080 | rollout: 7.583s | update: 0.759s | total: 8.341s | samples/s: 7673
Iteration 0020 | train reward: 12.46 | best: 14.25 | KL: 1.594e-05 | std: 0.6080 | rollout: 8.001s | update: 0.778s | total: 8.779s | samples/s: 7290
Iteration 0021 | train reward: 14.81 | best: 14.81 | KL: 2.691e-05 | std: 0.6081 | rollout: 7.359s | update: 0.785s | total: 8.143s | samples/s: 7859
Iteration 0022 | train reward: 15.77 | best: 15.77 | KL: 1.939e-05 | std: 0.6078 | rollout: 7.459s | update: 0.805s | total: 8.265s | samples/s: 7744
Iteration 0023 | train reward: 16.80 | best: 16.80 | KL: 2.241e-05 | std: 0.6077 | rollout: 7.815s | update: 0.751s | total: 8.566s | samples/s: 7472
Iteration 0024 | train reward: 17.51 | best: 17.51 | KL: 3.062e-05 | std: 0.6077 | rollout: 7.557s | update: 0.759s | total: 8.316s | samples/s: 7696
Iteration 0025 | train reward: 17.77 | best: 17.77 | KL: 2.297e-05 | std: 0.6077 | rollout: 6.609s | update: 0.746s | total: 7.355s | samples/s: 8701
Iteration 0026 | train reward: 18.92 | best: 18.92 | KL: 2.449e-05 | std: 0.6077 | rollout: 6.150s | update: 0.777s | total: 6.927s | samples/s: 9240
Iteration 0027 | train reward: 19.67 | best: 19.67 | KL: 1.437e-05 | std: 0.6077 | rollout: 6.072s | update: 0.789s | total: 6.860s | samples/s: 9329
Iteration 0028 | train reward: 19.95 | best: 19.95 | KL: 2.141e-05 | std: 0.6078 | rollout: 7.323s | update: 0.771s | total: 8.094s | samples/s: 7907
Iteration 0029 | train reward: 20.65 | best: 20.65 | KL: 2.560e-05 | std: 0.6080 | rollout: 7.559s | update: 0.763s | total: 8.322s | samples/s: 7690
Iteration 0030 | train reward: 21.14 | best: 21.14 | KL: 1.927e-05 | std: 0.6081 | rollout: 7.178s | update: 0.755s | total: 7.932s | samples/s: 8068
Iteration 0031 | train reward: 20.68 | best: 21.14 | KL: 1.747e-05 | std: 0.6080 | rollout: 8.371s | update: 0.746s | total: 9.117s | samples/s: 7020
Iteration 0032 | train reward: 22.73 | best: 22.73 | KL: 2.697e-05 | std: 0.6080 | rollout: 7.567s | update: 0.822s | total: 8.389s | samples/s: 7629
Iteration 0033 | train reward: 23.41 | best: 23.41 | KL: 2.985e-05 | std: 0.6081 | rollout: 6.988s | update: 0.776s | total: 7.764s | samples/s: 8244
Iteration 0034 | train reward: 24.44 | best: 24.44 | KL: 2.869e-05 | std: 0.6081 | rollout: 8.009s | update: 0.765s | total: 8.775s | samples/s: 7294
Iteration 0035 | train reward: 25.06 | best: 25.06 | KL: 2.566e-05 | std: 0.6081 | rollout: 8.318s | update: 0.761s | total: 9.079s | samples/s: 7049
Iteration 0036 | train reward: 26.17 | best: 26.17 | KL: 1.911e-05 | std: 0.6081 | rollout: 7.893s | update: 0.762s | total: 8.655s | samples/s: 7394
Iteration 0037 | train reward: 24.60 | best: 26.17 | KL: 1.614e-05 | std: 0.6081 | rollout: 6.281s | update: 0.762s | total: 7.043s | samples/s: 9087
Iteration 0038 | train reward: 25.85 | best: 26.17 | KL: 2.126e-05 | std: 0.6080 | rollout: 6.436s | update: 0.764s | total: 7.200s | samples/s: 8889
Iteration 0039 | train reward: 26.40 | best: 26.40 | KL: 2.227e-05 | std: 0.6081 | rollout: 6.572s | update: 0.790s | total: 7.362s | samples/s: 8693
Iteration 0040 | train reward: 25.67 | best: 26.40 | KL: 2.854e-05 | std: 0.6080 | rollout: 7.394s | update: 0.781s | total: 8.174s | samples/s: 7829
Iteration 0041 | train reward: 25.21 | best: 26.40 | KL: 1.738e-05 | std: 0.6078 | rollout: 6.262s | update: 0.747s | total: 7.009s | samples/s: 9132
Iteration 0042 | train reward: 27.09 | best: 27.09 | KL: 1.660e-05 | std: 0.6081 | rollout: 7.182s | update: 0.775s | total: 7.957s | samples/s: 8043
Iteration 0043 | train reward: 27.97 | best: 27.97 | KL: 1.887e-05 | std: 0.6081 | rollout: 6.899s | update: 0.787s | total: 7.686s | samples/s: 8327
Iteration 0044 | train reward: 27.96 | best: 27.97 | KL: 2.344e-05 | std: 0.6078 | rollout: 7.652s | update: 0.742s | total: 8.394s | samples/s: 7625
Iteration 0045 | train reward: 28.21 | best: 28.21 | KL: 2.668e-05 | std: 0.6081 | rollout: 7.038s | update: 0.771s | total: 7.810s | samples/s: 8195
Iteration 0046 | train reward: 28.57 | best: 28.57 | KL: 2.001e-05 | std: 0.6081 | rollout: 6.468s | update: 0.794s | total: 7.262s | samples/s: 8813
Iteration 0047 | train reward: 29.70 | best: 29.70 | KL: 2.024e-05 | std: 0.6081 | rollout: 7.778s | update: 0.744s | total: 8.522s | samples/s: 7510
Iteration 0048 | train reward: 30.20 | best: 30.20 | KL: 2.085e-05 | std: 0.6090 | rollout: 7.386s | update: 0.735s | total: 8.122s | samples/s: 7880
Iteration 0049 | train reward: 28.93 | best: 30.20 | KL: 2.424e-05 | std: 0.6090 | rollout: 6.057s | update: 0.717s | total: 6.774s | samples/s: 9447
Iteration 0050 | train reward: 29.94 | best: 30.20 | KL: 1.708e-05 | std: 0.6090 | rollout: 6.600s | update: 0.790s | total: 7.390s | samples/s: 8660
Iteration 0051 | train reward: 30.79 | best: 30.79 | KL: 2.031e-05 | std: 0.6091 | rollout: 7.993s | update: 0.722s | total: 8.715s | samples/s: 7344
Iteration 0052 | train reward: 30.99 | best: 30.99 | KL: 3.209e-05 | std: 0.6093 | rollout: 6.982s | update: 0.768s | total: 7.749s | samples/s: 8259
Iteration 0053 | train reward: 32.57 | best: 32.57 | KL: 2.922e-05 | std: 0.6090 | rollout: 7.526s | update: 0.729s | total: 8.255s | samples/s: 7753
Iteration 0054 | train reward: 31.57 | best: 32.57 | KL: 2.177e-05 | std: 0.6093 | rollout: 7.312s | update: 0.716s | total: 8.028s | samples/s: 7972
Iteration 0055 | train reward: 32.40 | best: 32.57 | KL: 1.932e-05 | std: 0.6094 | rollout: 6.226s | update: 0.767s | total: 6.993s | samples/s: 9152
Iteration 0056 | train reward: 31.19 | best: 32.57 | KL: 3.336e-05 | std: 0.6093 | rollout: 7.193s | update: 0.764s | total: 7.958s | samples/s: 8042
Iteration 0057 | train reward: 33.21 | best: 33.21 | KL: 2.955e-05 | std: 0.6090 | rollout: 6.900s | update: 0.744s | total: 7.645s | samples/s: 8372
Iteration 0058 | train reward: 32.98 | best: 33.21 | KL: 2.184e-05 | std: 0.6090 | rollout: 6.997s | update: 0.753s | total: 7.750s | samples/s: 8258
Iteration 0059 | train reward: 32.95 | best: 33.21 | KL: 2.801e-05 | std: 0.6090 | rollout: 7.812s | update: 0.735s | total: 8.547s | samples/s: 7488
Iteration 0060 | train reward: 33.22 | best: 33.22 | KL: 1.668e-05 | std: 0.6081 | rollout: 7.943s | update: 0.759s | total: 8.702s | samples/s: 7355
Iteration 0061 | train reward: 33.91 | best: 33.91 | KL: 2.714e-05 | std: 0.6080 | rollout: 7.423s | update: 0.762s | total: 8.186s | samples/s: 7819
Iteration 0062 | train reward: 33.83 | best: 33.91 | KL: 2.424e-05 | std: 0.6080 | rollout: 7.344s | update: 0.749s | total: 8.092s | samples/s: 7909
Iteration 0063 | train reward: 33.18 | best: 33.91 | KL: 3.680e-05 | std: 0.6080 | rollout: 7.354s | update: 0.783s | total: 8.137s | samples/s: 7865
Iteration 0064 | train reward: 34.83 | best: 34.83 | KL: 2.421e-05 | std: 0.6078 | rollout: 6.822s | update: 0.769s | total: 7.591s | samples/s: 8431
Iteration 0065 | train reward: 35.03 | best: 35.03 | KL: 3.680e-05 | std: 0.6080 | rollout: 7.689s | update: 0.766s | total: 8.454s | samples/s: 7570
Iteration 0066 | train reward: 35.29 | best: 35.29 | KL: 2.470e-05 | std: 0.6078 | rollout: 7.431s | update: 0.783s | total: 8.214s | samples/s: 7792
Iteration 0067 | train reward: 35.37 | best: 35.37 | KL: 2.463e-05 | std: 0.6078 | rollout: 7.673s | update: 0.779s | total: 8.452s | samples/s: 7572
Iteration 0068 | train reward: 34.64 | best: 35.37 | KL: 2.734e-05 | std: 0.6078 | rollout: 7.586s | update: 0.779s | total: 8.365s | samples/s: 7651
Iteration 0069 | train reward: 35.24 | best: 35.37 | KL: 2.447e-05 | std: 0.6078 | rollout: 7.055s | update: 0.761s | total: 7.817s | samples/s: 8187
Iteration 0070 | train reward: 35.61 | best: 35.61 | KL: 2.781e-05 | std: 0.6077 | rollout: 7.364s | update: 0.759s | total: 8.123s | samples/s: 7878
Iteration 0071 | train reward: 34.94 | best: 35.61 | KL: 2.447e-05 | std: 0.6077 | rollout: 6.510s | update: 0.728s | total: 7.238s | samples/s: 8843
Iteration 0072 | train reward: 35.80 | best: 35.80 | KL: 4.104e-05 | std: 0.6078 | rollout: 6.644s | update: 0.791s | total: 7.435s | samples/s: 8607
Iteration 0073 | train reward: 35.77 | best: 35.80 | KL: 2.805e-05 | std: 0.6077 | rollout: 7.856s | update: 0.743s | total: 8.600s | samples/s: 7442
Iteration 0074 | train reward: 36.02 | best: 36.02 | KL: 2.821e-05 | std: 0.6071 | rollout: 7.937s | update: 0.812s | total: 8.749s | samples/s: 7315
Iteration 0075 | train reward: 36.64 | best: 36.64 | KL: 3.386e-05 | std: 0.6071 | rollout: 7.514s | update: 0.754s | total: 8.268s | samples/s: 7741
Iteration 0076 | train reward: 36.25 | best: 36.64 | KL: 3.617e-05 | std: 0.6068 | rollout: 7.393s | update: 0.765s | total: 8.158s | samples/s: 7845
Iteration 0077 | train reward: 37.14 | best: 37.14 | KL: 3.245e-05 | std: 0.6068 | rollout: 7.478s | update: 0.761s | total: 8.239s | samples/s: 7768
Iteration 0078 | train reward: 37.37 | best: 37.37 | KL: 3.534e-05 | std: 0.6067 | rollout: 6.163s | update: 0.749s | total: 6.912s | samples/s: 9259
Iteration 0079 | train reward: 37.14 | best: 37.37 | KL: 3.172e-05 | std: 0.6067 | rollout: 6.029s | update: 0.785s | total: 6.814s | samples/s: 9392
Iteration 0080 | train reward: 37.16 | best: 37.37 | KL: 2.306e-05 | std: 0.6059 | rollout: 7.875s | update: 0.763s | total: 8.638s | samples/s: 7409
Iteration 0081 | train reward: 37.67 | best: 37.67 | KL: 4.384e-05 | std: 0.6059 | rollout: 7.582s | update: 0.814s | total: 8.396s | samples/s: 7623
Iteration 0082 | train reward: 37.49 | best: 37.67 | KL: 2.317e-05 | std: 0.6056 | rollout: 7.486s | update: 0.753s | total: 8.239s | samples/s: 7768
Iteration 0083 | train reward: 37.44 | best: 37.67 | KL: 2.698e-05 | std: 0.6058 | rollout: 7.998s | update: 0.749s | total: 8.747s | samples/s: 7317
Iteration 0084 | train reward: 37.48 | best: 37.67 | KL: 3.534e-05 | std: 0.6055 | rollout: 7.259s | update: 0.755s | total: 8.014s | samples/s: 7986
Iteration 0085 | train reward: 37.77 | best: 37.77 | KL: 3.380e-05 | std: 0.6054 | rollout: 6.631s | update: 0.763s | total: 7.393s | samples/s: 8656
Iteration 0086 | train reward: 37.45 | best: 37.77 | KL: 3.191e-05 | std: 0.6054 | rollout: 6.391s | update: 0.776s | total: 7.167s | samples/s: 8930
Iteration 0087 | train reward: 37.67 | best: 37.77 | KL: 3.217e-05 | std: 0.6054 | rollout: 6.487s | update: 0.747s | total: 7.234s | samples/s: 8847
Iteration 0088 | train reward: 38.01 | best: 38.01 | KL: 4.781e-05 | std: 0.6055 | rollout: 7.368s | update: 0.748s | total: 8.116s | samples/s: 7886
Iteration 0089 | train reward: 38.63 | best: 38.63 | KL: 3.740e-05 | std: 0.6054 | rollout: 7.654s | update: 0.756s | total: 8.411s | samples/s: 7609
Iteration 0090 | train reward: 38.82 | best: 38.82 | KL: 3.676e-05 | std: 0.6054 | rollout: 6.747s | update: 0.789s | total: 7.536s | samples/s: 8493
Iteration 0091 | train reward: 37.88 | best: 38.82 | KL: 3.538e-05 | std: 0.6054 | rollout: 6.260s | update: 0.792s | total: 7.051s | samples/s: 9076
Iteration 0092 | train reward: 38.83 | best: 38.83 | KL: 3.638e-05 | std: 0.6054 | rollout: 6.174s | update: 0.769s | total: 6.943s | samples/s: 9218
Iteration 0093 | train reward: 39.70 | best: 39.70 | KL: 3.449e-05 | std: 0.6051 | rollout: 6.089s | update: 0.751s | total: 6.840s | samples/s: 9357
Iteration 0094 | train reward: 38.98 | best: 39.70 | KL: 3.680e-05 | std: 0.6051 | rollout: 7.433s | update: 0.748s | total: 8.180s | samples/s: 7824
Iteration 0095 | train reward: 38.62 | best: 39.70 | KL: 3.402e-05 | std: 0.6051 | rollout: 6.280s | update: 0.759s | total: 7.039s | samples/s: 9093
Iteration 0096 | train reward: 39.66 | best: 39.70 | KL: 3.347e-05 | std: 0.6052 | rollout: 8.218s | update: 0.750s | total: 8.968s | samples/s: 7137
Iteration 0097 | train reward: 40.16 | best: 40.16 | KL: 4.609e-05 | std: 0.6051 | rollout: 7.530s | update: 0.754s | total: 8.284s | samples/s: 7726
Iteration 0098 | train reward: 40.42 | best: 40.42 | KL: 3.826e-05 | std: 0.6051 | rollout: 7.408s | update: 0.750s | total: 8.157s | samples/s: 7846
Iteration 0099 | train reward: 40.22 | best: 40.42 | KL: 4.518e-05 | std: 0.6051 | rollout: 7.363s | update: 0.747s | total: 8.110s | samples/s: 7891
Iteration 0100 | train reward: 40.57 | best: 40.57 | KL: 4.559e-05 | std: 0.6042 | rollout: 6.591s | update: 0.768s | total: 7.359s | samples/s: 8696
Iteration 0101 | train reward: 39.65 | best: 40.57 | KL: 3.438e-05 | std: 0.6051 | rollout: 6.276s | update: 0.762s | total: 7.038s | samples/s: 9093
Iteration 0102 | train reward: 39.62 | best: 40.57 | KL: 4.288e-05 | std: 0.6042 | rollout: 7.972s | update: 0.778s | total: 8.750s | samples/s: 7314
Iteration 0103 | train reward: 40.48 | best: 40.57 | KL: 5.897e-05 | std: 0.6042 | rollout: 7.085s | update: 0.753s | total: 7.838s | samples/s: 8165
Iteration 0104 | train reward: 41.04 | best: 41.04 | KL: 3.847e-05 | std: 0.6041 | rollout: 7.690s | update: 0.792s | total: 8.483s | samples/s: 7545
Iteration 0105 | train reward: 40.78 | best: 41.04 | KL: 5.171e-05 | std: 0.6041 | rollout: 7.775s | update: 0.750s | total: 8.525s | samples/s: 7508
Iteration 0106 | train reward: 41.05 | best: 41.05 | KL: 4.354e-05 | std: 0.6038 | rollout: 7.293s | update: 0.795s | total: 8.088s | samples/s: 7912
Iteration 0107 | train reward: 41.81 | best: 41.81 | KL: 5.160e-05 | std: 0.6038 | rollout: 7.008s | update: 0.755s | total: 7.763s | samples/s: 8244
Iteration 0108 | train reward: 42.03 | best: 42.03 | KL: 5.068e-05 | std: 0.6039 | rollout: 7.207s | update: 0.780s | total: 7.987s | samples/s: 8013
Iteration 0109 | train reward: 41.71 | best: 42.03 | KL: 3.985e-05 | std: 0.6038 | rollout: 6.251s | update: 0.824s | total: 7.075s | samples/s: 9046
Iteration 0110 | train reward: 41.40 | best: 42.03 | KL: 4.046e-05 | std: 0.6032 | rollout: 5.667s | update: 0.798s | total: 6.465s | samples/s: 9899
Iteration 0111 | train reward: 41.57 | best: 42.03 | KL: 3.840e-05 | std: 0.6032 | rollout: 5.704s | update: 0.754s | total: 6.457s | samples/s: 9911
Iteration 0112 | train reward: 42.39 | best: 42.39 | KL: 3.449e-05 | std: 0.6031 | rollout: 7.017s | update: 0.770s | total: 7.787s | samples/s: 8218
Iteration 0113 | train reward: 42.09 | best: 42.39 | KL: 4.323e-05 | std: 0.6029 | rollout: 7.893s | update: 0.783s | total: 8.676s | samples/s: 7377
Iteration 0114 | train reward: 42.87 | best: 42.87 | KL: 4.423e-05 | std: 0.6031 | rollout: 6.262s | update: 0.770s | total: 7.032s | samples/s: 9101
Iteration 0115 | train reward: 42.34 | best: 42.87 | KL: 3.977e-05 | std: 0.6029 | rollout: 7.252s | update: 0.760s | total: 8.012s | samples/s: 7988
Iteration 0116 | train reward: 42.56 | best: 42.87 | KL: 4.267e-05 | std: 0.6029 | rollout: 7.229s | update: 0.770s | total: 7.999s | samples/s: 8001
Iteration 0117 | train reward: 43.44 | best: 43.44 | KL: 5.989e-05 | std: 0.6028 | rollout: 6.436s | update: 0.758s | total: 7.193s | samples/s: 8897
Iteration 0118 | train reward: 42.81 | best: 43.44 | KL: 4.828e-05 | std: 0.6020 | rollout: 6.071s | update: 0.753s | total: 6.824s | samples/s: 9379
Iteration 0119 | train reward: 43.73 | best: 43.73 | KL: 6.008e-05 | std: 0.6020 | rollout: 7.320s | update: 0.753s | total: 8.073s | samples/s: 7927
Iteration 0120 | train reward: 42.83 | best: 43.73 | KL: 3.847e-05 | std: 0.6019 | rollout: 6.478s | update: 0.773s | total: 7.250s | samples/s: 8827
Iteration 0121 | train reward: 43.87 | best: 43.87 | KL: 5.710e-05 | std: 0.6016 | rollout: 7.124s | update: 0.754s | total: 7.879s | samples/s: 8123
Iteration 0122 | train reward: 43.85 | best: 43.87 | KL: 4.269e-05 | std: 0.6016 | rollout: 6.972s | update: 0.752s | total: 7.724s | samples/s: 8286
Iteration 0123 | train reward: 43.83 | best: 43.87 | KL: 5.272e-05 | std: 0.6017 | rollout: 7.362s | update: 0.753s | total: 8.115s | samples/s: 7887
Iteration 0124 | train reward: 44.18 | best: 44.18 | KL: 3.690e-05 | std: 0.6019 | rollout: 7.193s | update: 0.760s | total: 7.953s | samples/s: 8048
Iteration 0125 | train reward: 43.75 | best: 44.18 | KL: 5.508e-05 | std: 0.6019 | rollout: 6.223s | update: 0.773s | total: 6.996s | samples/s: 9149
Iteration 0126 | train reward: 44.10 | best: 44.18 | KL: 6.953e-05 | std: 0.6020 | rollout: 6.195s | update: 0.751s | total: 6.946s | samples/s: 9214
Iteration 0127 | train reward: 43.76 | best: 44.18 | KL: 5.248e-05 | std: 0.6028 | rollout: 6.805s | update: 0.784s | total: 7.589s | samples/s: 8433
Iteration 0128 | train reward: 44.74 | best: 44.74 | KL: 3.346e-05 | std: 0.6028 | rollout: 7.724s | update: 0.790s | total: 8.514s | samples/s: 7517
Iteration 0129 | train reward: 44.46 | best: 44.74 | KL: 3.912e-05 | std: 0.6020 | rollout: 7.075s | update: 0.766s | total: 7.841s | samples/s: 8162
Iteration 0130 | train reward: 44.24 | best: 44.74 | KL: 5.492e-05 | std: 0.6017 | rollout: 7.549s | update: 0.765s | total: 8.313s | samples/s: 7698
Iteration 0131 | train reward: 45.53 | best: 45.53 | KL: 4.959e-05 | std: 0.6016 | rollout: 7.079s | update: 0.751s | total: 7.830s | samples/s: 8174
Iteration 0132 | train reward: 45.32 | best: 45.53 | KL: 4.598e-05 | std: 0.6015 | rollout: 6.185s | update: 0.752s | total: 6.937s | samples/s: 9226
Iteration 0133 | train reward: 46.00 | best: 46.00 | KL: 1.073e-04 | std: 0.6012 | rollout: 6.903s | update: 0.767s | total: 7.670s | samples/s: 8344
Iteration 0134 | train reward: 45.96 | best: 46.00 | KL: 4.908e-05 | std: 0.6015 | rollout: 6.065s | update: 0.776s | total: 6.841s | samples/s: 9355
Iteration 0135 | train reward: 45.75 | best: 46.00 | KL: 5.943e-05 | std: 0.6013 | rollout: 7.570s | update: 0.790s | total: 8.359s | samples/s: 7656
Iteration 0136 | train reward: 46.00 | best: 46.00 | KL: 6.371e-05 | std: 0.6003 | rollout: 7.567s | update: 0.764s | total: 8.331s | samples/s: 7682
Iteration 0137 | train reward: 45.59 | best: 46.00 | KL: 4.684e-05 | std: 0.6002 | rollout: 7.505s | update: 0.751s | total: 8.256s | samples/s: 7752
Iteration 0138 | train reward: 46.26 | best: 46.26 | KL: 4.710e-05 | std: 0.6012 | rollout: 7.519s | update: 0.760s | total: 8.279s | samples/s: 7730
Iteration 0139 | train reward: 46.12 | best: 46.26 | KL: 5.238e-05 | std: 0.6011 | rollout: 6.980s | update: 0.753s | total: 7.734s | samples/s: 8275
Iteration 0140 | train reward: 46.96 | best: 46.96 | KL: 5.591e-05 | std: 0.6011 | rollout: 6.524s | update: 0.775s | total: 7.299s | samples/s: 8769
Iteration 0141 | train reward: 46.82 | best: 46.96 | KL: 5.915e-05 | std: 0.6003 | rollout: 6.136s | update: 0.802s | total: 6.938s | samples/s: 9224
Iteration 0142 | train reward: 47.29 | best: 47.29 | KL: 8.613e-05 | std: 0.6000 | rollout: 6.307s | update: 0.765s | total: 7.073s | samples/s: 9049
Iteration 0143 | train reward: 48.15 | best: 48.15 | KL: 5.439e-05 | std: 0.6000 | rollout: 6.149s | update: 0.759s | total: 6.908s | samples/s: 9265
Iteration 0144 | train reward: 48.72 | best: 48.72 | KL: 6.461e-05 | std: 0.6000 | rollout: 6.137s | update: 0.762s | total: 6.899s | samples/s: 9277
Iteration 0145 | train reward: 48.74 | best: 48.74 | KL: 6.871e-05 | std: 0.5999 | rollout: 6.497s | update: 0.773s | total: 7.270s | samples/s: 8804
Iteration 0146 | train reward: 48.13 | best: 48.74 | KL: 6.175e-05 | std: 0.5993 | rollout: 6.100s | update: 0.751s | total: 6.851s | samples/s: 9342
Iteration 0147 | train reward: 48.51 | best: 48.74 | KL: 5.094e-05 | std: 0.5992 | rollout: 6.026s | update: 0.772s | total: 6.798s | samples/s: 9414
Iteration 0148 | train reward: 48.17 | best: 48.74 | KL: 5.845e-05 | std: 0.5990 | rollout: 6.356s | update: 0.892s | total: 7.248s | samples/s: 8830
Iteration 0149 | train reward: 48.55 | best: 48.74 | KL: 4.827e-05 | std: 0.5990 | rollout: 6.042s | update: 0.803s | total: 6.845s | samples/s: 9350
Iteration 0150 | train reward: 48.41 | best: 48.74 | KL: 6.900e-05 | std: 0.5990 | rollout: 6.016s | update: 0.750s | total: 6.765s | samples/s: 9460
Iteration 0151 | train reward: 48.70 | best: 48.74 | KL: 5.228e-05 | std: 0.5981 | rollout: 7.186s | update: 0.809s | total: 7.995s | samples/s: 8005
Iteration 0152 | train reward: 49.14 | best: 49.14 | KL: 4.929e-05 | std: 0.5989 | rollout: 7.403s | update: 0.778s | total: 8.181s | samples/s: 7823
Iteration 0153 | train reward: 49.16 | best: 49.16 | KL: 5.619e-05 | std: 0.5980 | rollout: 6.414s | update: 0.762s | total: 7.177s | samples/s: 8918
Iteration 0154 | train reward: 50.90 | best: 50.90 | KL: 6.224e-05 | std: 0.5977 | rollout: 7.197s | update: 0.800s | total: 7.997s | samples/s: 8003
Iteration 0155 | train reward: 49.81 | best: 50.90 | KL: 5.093e-05 | std: 0.5980 | rollout: 7.027s | update: 0.806s | total: 7.833s | samples/s: 8170
Iteration 0156 | train reward: 49.20 | best: 50.90 | KL: 6.471e-05 | std: 0.5978 | rollout: 6.780s | update: 0.763s | total: 7.542s | samples/s: 8485
Iteration 0157 | train reward: 50.71 | best: 50.90 | KL: 5.613e-05 | std: 0.5977 | rollout: 7.833s | update: 0.776s | total: 8.609s | samples/s: 7434
Iteration 0158 | train reward: 51.27 | best: 51.27 | KL: 6.003e-05 | std: 0.5977 | rollout: 6.391s | update: 0.794s | total: 7.186s | samples/s: 8907
Iteration 0159 | train reward: 50.49 | best: 51.27 | KL: 5.082e-05 | std: 0.5976 | rollout: 7.882s | update: 0.777s | total: 8.660s | samples/s: 7391
Iteration 0160 | train reward: 51.41 | best: 51.41 | KL: 8.084e-05 | std: 0.5976 | rollout: 7.251s | update: 0.762s | total: 8.013s | samples/s: 7987
Iteration 0161 | train reward: 51.09 | best: 51.41 | KL: 6.466e-05 | std: 0.5973 | rollout: 7.514s | update: 0.756s | total: 8.271s | samples/s: 7738
Iteration 0162 | train reward: 51.73 | best: 51.73 | KL: 6.297e-05 | std: 0.5964 | rollout: 7.252s | update: 0.796s | total: 8.048s | samples/s: 7952
Iteration 0163 | train reward: 51.12 | best: 51.73 | KL: 7.121e-05 | std: 0.5973 | rollout: 7.428s | update: 0.774s | total: 8.203s | samples/s: 7802
Iteration 0164 | train reward: 51.89 | best: 51.89 | KL: 5.053e-05 | std: 0.5973 | rollout: 7.584s | update: 0.784s | total: 8.368s | samples/s: 7648
Iteration 0165 | train reward: 52.15 | best: 52.15 | KL: 6.693e-05 | std: 0.5964 | rollout: 7.732s | update: 0.771s | total: 8.504s | samples/s: 7526
Iteration 0166 | train reward: 52.48 | best: 52.48 | KL: 7.323e-05 | std: 0.5972 | rollout: 7.877s | update: 0.816s | total: 8.693s | samples/s: 7363
Iteration 0167 | train reward: 54.07 | best: 54.07 | KL: 8.159e-05 | std: 0.5964 | rollout: 6.365s | update: 0.777s | total: 7.143s | samples/s: 8960
Iteration 0168 | train reward: 52.88 | best: 54.07 | KL: 8.888e-05 | std: 0.5960 | rollout: 6.817s | update: 0.772s | total: 7.588s | samples/s: 8434
Iteration 0169 | train reward: 54.00 | best: 54.07 | KL: 7.037e-05 | std: 0.5961 | rollout: 6.461s | update: 0.756s | total: 7.217s | samples/s: 8868
Iteration 0170 | train reward: 54.42 | best: 54.42 | KL: 6.753e-05 | std: 0.5961 | rollout: 5.997s | update: 0.758s | total: 6.755s | samples/s: 9475
Iteration 0171 | train reward: 53.63 | best: 54.42 | KL: 7.196e-05 | std: 0.5963 | rollout: 6.039s | update: 0.768s | total: 6.807s | samples/s: 9402
Iteration 0172 | train reward: 53.57 | best: 54.42 | KL: 9.333e-05 | std: 0.5960 | rollout: 7.125s | update: 0.772s | total: 7.896s | samples/s: 8105
Iteration 0173 | train reward: 55.14 | best: 55.14 | KL: 8.187e-05 | std: 0.5961 | rollout: 7.979s | update: 0.762s | total: 8.741s | samples/s: 7322
Iteration 0174 | train reward: 54.80 | best: 55.14 | KL: 8.626e-05 | std: 0.5953 | rollout: 6.591s | update: 0.768s | total: 7.358s | samples/s: 8697
Iteration 0175 | train reward: 54.21 | best: 55.14 | KL: 7.554e-05 | std: 0.5953 | rollout: 7.284s | update: 0.781s | total: 8.066s | samples/s: 7935
Iteration 0176 | train reward: 55.42 | best: 55.42 | KL: 8.463e-05 | std: 0.5953 | rollout: 7.112s | update: 0.768s | total: 7.880s | samples/s: 8122
Iteration 0177 | train reward: 55.82 | best: 55.82 | KL: 7.686e-05 | std: 0.5954 | rollout: 6.784s | update: 0.757s | total: 7.541s | samples/s: 8487
Iteration 0178 | train reward: 55.82 | best: 55.82 | KL: 7.488e-05 | std: 0.5960 | rollout: 7.653s | update: 0.752s | total: 8.404s | samples/s: 7615
Iteration 0179 | train reward: 56.80 | best: 56.80 | KL: 8.023e-05 | std: 0.5960 | rollout: 7.539s | update: 0.748s | total: 8.287s | samples/s: 7723
Iteration 0180 | train reward: 56.79 | best: 56.80 | KL: 7.080e-05 | std: 0.5961 | rollout: 7.474s | update: 0.757s | total: 8.232s | samples/s: 7775
Iteration 0181 | train reward: 57.94 | best: 57.94 | KL: 6.963e-05 | std: 0.5963 | rollout: 6.754s | update: 0.760s | total: 7.515s | samples/s: 8517
Iteration 0182 | train reward: 57.38 | best: 57.94 | KL: 7.734e-05 | std: 0.5961 | rollout: 6.834s | update: 0.782s | total: 7.615s | samples/s: 8404
Iteration 0183 | train reward: 58.56 | best: 58.56 | KL: 9.242e-05 | std: 0.5960 | rollout: 7.354s | update: 0.755s | total: 8.108s | samples/s: 7893
Iteration 0184 | train reward: 58.47 | best: 58.56 | KL: 7.044e-05 | std: 0.5961 | rollout: 7.224s | update: 0.771s | total: 7.995s | samples/s: 8005
Iteration 0185 | train reward: 57.82 | best: 58.56 | KL: 7.303e-05 | std: 0.5954 | rollout: 7.152s | update: 0.751s | total: 7.903s | samples/s: 8098
Iteration 0186 | train reward: 58.16 | best: 58.56 | KL: 7.889e-05 | std: 0.5950 | rollout: 7.252s | update: 0.837s | total: 8.089s | samples/s: 7912
Iteration 0187 | train reward: 58.53 | best: 58.56 | KL: 9.987e-05 | std: 0.5950 | rollout: 7.505s | update: 0.786s | total: 8.290s | samples/s: 7720
Iteration 0188 | train reward: 60.38 | best: 60.38 | KL: 7.812e-05 | std: 0.5939 | rollout: 6.247s | update: 0.757s | total: 7.004s | samples/s: 9137
Iteration 0189 | train reward: 58.94 | best: 60.38 | KL: 8.125e-05 | std: 0.5938 | rollout: 6.587s | update: 0.774s | total: 7.361s | samples/s: 8695
Iteration 0190 | train reward: 60.13 | best: 60.38 | KL: 9.568e-05 | std: 0.5936 | rollout: 6.148s | update: 0.749s | total: 6.897s | samples/s: 9279
Iteration 0191 | train reward: 60.26 | best: 60.38 | KL: 6.998e-05 | std: 0.5937 | rollout: 6.172s | update: 0.759s | total: 6.931s | samples/s: 9234
Iteration 0192 | train reward: 61.15 | best: 61.15 | KL: 8.868e-05 | std: 0.5937 | rollout: 6.147s | update: 0.764s | total: 6.911s | samples/s: 9260
Iteration 0193 | train reward: 60.16 | best: 61.15 | KL: 1.059e-04 | std: 0.5933 | rollout: 6.366s | update: 0.759s | total: 7.125s | samples/s: 8982
Iteration 0194 | train reward: 61.08 | best: 61.15 | KL: 8.809e-05 | std: 0.5921 | rollout: 6.147s | update: 0.764s | total: 6.911s | samples/s: 9261
Iteration 0195 | train reward: 61.75 | best: 61.75 | KL: 9.016e-05 | std: 0.5922 | rollout: 6.663s | update: 0.782s | total: 7.445s | samples/s: 8597
Iteration 0196 | train reward: 60.80 | best: 61.75 | KL: 7.900e-05 | std: 0.5914 | rollout: 7.229s | update: 0.758s | total: 7.987s | samples/s: 8013
Iteration 0197 | train reward: 62.61 | best: 62.61 | KL: 7.439e-05 | std: 0.5915 | rollout: 7.150s | update: 0.808s | total: 7.958s | samples/s: 8042
Iteration 0198 | train reward: 63.06 | best: 63.06 | KL: 7.485e-05 | std: 0.5902 | rollout: 6.913s | update: 0.775s | total: 7.688s | samples/s: 8325
Iteration 0199 | train reward: 61.54 | best: 63.06 | KL: 9.487e-05 | std: 0.5899 | rollout: 6.779s | update: 0.752s | total: 7.530s | samples/s: 8499
Iteration 0200 | train reward: 62.75 | best: 63.06 | KL: 8.387e-05 | std: 0.5899 | rollout: 6.342s | update: 0.777s | total: 7.119s | samples/s: 8990
Iteration 0201 | train reward: 62.65 | best: 63.06 | KL: 6.960e-05 | std: 0.5898 | rollout: 7.733s | update: 0.764s | total: 8.497s | samples/s: 7532
Iteration 0202 | train reward: 61.84 | best: 63.06 | KL: 8.273e-05 | std: 0.5899 | rollout: 6.270s | update: 0.803s | total: 7.073s | samples/s: 9048
Iteration 0203 | train reward: 62.98 | best: 63.06 | KL: 7.920e-05 | std: 0.5897 | rollout: 6.434s | update: 0.722s | total: 7.156s | samples/s: 8943
Iteration 0204 | train reward: 63.56 | best: 63.56 | KL: 8.089e-05 | std: 0.5894 | rollout: 6.156s | update: 0.728s | total: 6.884s | samples/s: 9297
Iteration 0205 | train reward: 64.05 | best: 64.05 | KL: 9.979e-05 | std: 0.5894 | rollout: 6.905s | update: 0.793s | total: 7.698s | samples/s: 8314
Iteration 0206 | train reward: 64.18 | best: 64.18 | KL: 1.075e-04 | std: 0.5894 | rollout: 6.688s | update: 0.776s | total: 7.464s | samples/s: 8575
Iteration 0207 | train reward: 65.09 | best: 65.09 | KL: 9.083e-05 | std: 0.5894 | rollout: 7.599s | update: 0.761s | total: 8.360s | samples/s: 7656
Iteration 0208 | train reward: 65.02 | best: 65.09 | KL: 1.034e-04 | std: 0.5886 | rollout: 6.770s | update: 0.784s | total: 7.554s | samples/s: 8473
Iteration 0209 | train reward: 64.35 | best: 65.09 | KL: 9.493e-05 | std: 0.5881 | rollout: 6.891s | update: 0.761s | total: 7.652s | samples/s: 8363
Iteration 0210 | train reward: 64.28 | best: 65.09 | KL: 1.043e-04 | std: 0.5873 | rollout: 7.462s | update: 0.797s | total: 8.259s | samples/s: 7749
Iteration 0211 | train reward: 66.33 | best: 66.33 | KL: 1.093e-04 | std: 0.5876 | rollout: 7.820s | update: 0.769s | total: 8.589s | samples/s: 7451
Iteration 0212 | train reward: 66.27 | best: 66.33 | KL: 1.092e-04 | std: 0.5873 | rollout: 7.569s | update: 0.812s | total: 8.381s | samples/s: 7636
Iteration 0213 | train reward: 64.50 | best: 66.33 | KL: 1.033e-04 | std: 0.5873 | rollout: 7.790s | update: 0.770s | total: 8.560s | samples/s: 7476
Iteration 0214 | train reward: 66.50 | best: 66.50 | KL: 9.034e-05 | std: 0.5876 | rollout: 7.587s | update: 0.778s | total: 8.365s | samples/s: 7651
Iteration 0215 | train reward: 68.35 | best: 68.35 | KL: 7.972e-05 | std: 0.5875 | rollout: 6.438s | update: 0.816s | total: 7.254s | samples/s: 8823
Iteration 0216 | train reward: 66.52 | best: 68.35 | KL: 8.401e-05 | std: 0.5873 | rollout: 7.296s | update: 0.763s | total: 8.059s | samples/s: 7941
Iteration 0217 | train reward: 67.31 | best: 68.35 | KL: 9.368e-05 | std: 0.5881 | rollout: 7.265s | update: 0.757s | total: 8.022s | samples/s: 7978
Iteration 0218 | train reward: 68.22 | best: 68.35 | KL: 8.937e-05 | std: 0.5875 | rollout: 7.737s | update: 0.761s | total: 8.498s | samples/s: 7531
Iteration 0219 | train reward: 69.01 | best: 69.01 | KL: 8.659e-05 | std: 0.5876 | rollout: 6.234s | update: 0.756s | total: 6.991s | samples/s: 9155
Iteration 0220 | train reward: 67.55 | best: 69.01 | KL: 9.587e-05 | std: 0.5882 | rollout: 6.058s | update: 0.776s | total: 6.834s | samples/s: 9365
Iteration 0221 | train reward: 69.04 | best: 69.04 | KL: 7.188e-05 | std: 0.5885 | rollout: 6.178s | update: 0.788s | total: 6.966s | samples/s: 9188
Iteration 0222 | train reward: 69.58 | best: 69.58 | KL: 1.215e-04 | std: 0.5882 | rollout: 7.170s | update: 0.754s | total: 7.924s | samples/s: 8077
Iteration 0223 | train reward: 69.27 | best: 69.58 | KL: 1.057e-04 | std: 0.5894 | rollout: 6.156s | update: 0.761s | total: 6.917s | samples/s: 9253
Iteration 0224 | train reward: 68.63 | best: 69.58 | KL: 1.199e-04 | std: 0.5886 | rollout: 6.222s | update: 0.763s | total: 6.985s | samples/s: 9162
Iteration 0225 | train reward: 67.59 | best: 69.58 | KL: 1.131e-04 | std: 0.5885 | rollout: 6.413s | update: 0.807s | total: 7.220s | samples/s: 8864
Iteration 0226 | train reward: 69.65 | best: 69.65 | KL: 1.004e-04 | std: 0.5882 | rollout: 7.770s | update: 0.759s | total: 8.529s | samples/s: 7504
Iteration 0227 | train reward: 69.34 | best: 69.65 | KL: 9.784e-05 | std: 0.5876 | rollout: 7.451s | update: 0.769s | total: 8.220s | samples/s: 7786
Iteration 0228 | train reward: 68.84 | best: 69.65 | KL: 9.603e-05 | std: 0.5875 | rollout: 7.243s | update: 0.756s | total: 7.999s | samples/s: 8001
Iteration 0229 | train reward: 69.28 | best: 69.65 | KL: 1.066e-04 | std: 0.5876 | rollout: 7.417s | update: 0.787s | total: 8.204s | samples/s: 7801
Iteration 0230 | train reward: 71.33 | best: 71.33 | KL: 1.036e-04 | std: 0.5876 | rollout: 7.139s | update: 0.770s | total: 7.909s | samples/s: 8092
Iteration 0231 | train reward: 71.24 | best: 71.33 | KL: 1.277e-04 | std: 0.5882 | rollout: 7.189s | update: 0.759s | total: 7.948s | samples/s: 8052
Iteration 0232 | train reward: 70.82 | best: 71.33 | KL: 1.107e-04 | std: 0.5876 | rollout: 7.254s | update: 0.777s | total: 8.031s | samples/s: 7969
Iteration 0233 | train reward: 73.37 | best: 73.37 | KL: 1.265e-04 | std: 0.5876 | rollout: 7.466s | update: 0.768s | total: 8.234s | samples/s: 7773
Iteration 0234 | train reward: 73.69 | best: 73.69 | KL: 1.133e-04 | std: 0.5882 | rollout: 7.935s | update: 0.776s | total: 8.711s | samples/s: 7347
Iteration 0235 | train reward: 71.83 | best: 73.69 | KL: 1.170e-04 | std: 0.5885 | rollout: 7.679s | update: 0.843s | total: 8.522s | samples/s: 7510
Iteration 0236 | train reward: 72.14 | best: 73.69 | KL: 1.064e-04 | std: 0.5882 | rollout: 7.336s | update: 0.764s | total: 8.100s | samples/s: 7901
Iteration 0237 | train reward: 72.03 | best: 73.69 | KL: 1.024e-04 | std: 0.5876 | rollout: 7.268s | update: 0.835s | total: 8.104s | samples/s: 7897
Iteration 0238 | train reward: 71.75 | best: 73.69 | KL: 8.688e-05 | std: 0.5876 | rollout: 7.913s | update: 0.756s | total: 8.670s | samples/s: 7382
Iteration 0239 | train reward: 72.92 | best: 73.69 | KL: 1.089e-04 | std: 0.5873 | rollout: 7.647s | update: 0.764s | total: 8.411s | samples/s: 7609
Iteration 0240 | train reward: 74.49 | best: 74.49 | KL: 1.264e-04 | std: 0.5875 | rollout: 6.104s | update: 0.815s | total: 6.920s | samples/s: 9249
Iteration 0241 | train reward: 73.47 | best: 74.49 | KL: 1.698e-04 | std: 0.5872 | rollout: 6.599s | update: 0.749s | total: 7.348s | samples/s: 8710
Iteration 0242 | train reward: 73.43 | best: 74.49 | KL: 9.311e-05 | std: 0.5875 | rollout: 7.652s | update: 0.764s | total: 8.416s | samples/s: 7605
Iteration 0243 | train reward: 72.99 | best: 74.49 | KL: 1.192e-04 | std: 0.5872 | rollout: 7.588s | update: 0.812s | total: 8.400s | samples/s: 7619
Iteration 0244 | train reward: 75.53 | best: 75.53 | KL: 1.211e-04 | std: 0.5872 | rollout: 7.328s | update: 0.755s | total: 8.082s | samples/s: 7918
Iteration 0245 | train reward: 75.06 | best: 75.53 | KL: 1.058e-04 | std: 0.5872 | rollout: 7.027s | update: 0.755s | total: 7.781s | samples/s: 8225
Iteration 0246 | train reward: 74.31 | best: 75.53 | KL: 1.340e-04 | std: 0.5863 | rollout: 7.224s | update: 0.756s | total: 7.980s | samples/s: 8020
Iteration 0247 | train reward: 76.28 | best: 76.28 | KL: 1.113e-04 | std: 0.5860 | rollout: 7.481s | update: 0.783s | total: 8.263s | samples/s: 7745
Iteration 0248 | train reward: 75.30 | best: 76.28 | KL: 1.007e-04 | std: 0.5859 | rollout: 6.792s | update: 0.776s | total: 7.568s | samples/s: 8457
Iteration 0249 | train reward: 75.52 | best: 76.28 | KL: 1.161e-04 | std: 0.5859 | rollout: 6.990s | update: 0.780s | total: 7.770s | samples/s: 8237
Iteration 0250 | train reward: 73.36 | best: 76.28 | KL: 1.104e-04 | std: 0.5860 | rollout: 6.847s | update: 0.763s | total: 7.611s | samples/s: 8409
Iteration 0251 | train reward: 76.77 | best: 76.77 | KL: 9.311e-05 | std: 0.5859 | rollout: 7.793s | update: 0.760s | total: 8.552s | samples/s: 7483
Iteration 0252 | train reward: 75.20 | best: 76.77 | KL: 1.073e-04 | std: 0.5858 | rollout: 6.968s | update: 0.767s | total: 7.735s | samples/s: 8274
Iteration 0253 | train reward: 75.46 | best: 76.77 | KL: 1.261e-04 | std: 0.5856 | rollout: 6.108s | update: 0.789s | total: 6.897s | samples/s: 9280
Iteration 0254 | train reward: 74.28 | best: 76.77 | KL: 1.316e-04 | std: 0.5847 | rollout: 6.221s | update: 0.794s | total: 7.015s | samples/s: 9124
Iteration 0255 | train reward: 75.60 | best: 76.77 | KL: 1.082e-04 | std: 0.5846 | rollout: 6.807s | update: 0.771s | total: 7.578s | samples/s: 8446
Iteration 0256 | train reward: 74.39 | best: 76.77 | KL: 1.033e-04 | std: 0.5846 | rollout: 7.144s | update: 0.762s | total: 7.906s | samples/s: 8095
Iteration 0257 | train reward: 75.64 | best: 76.77 | KL: 1.365e-04 | std: 0.5846 | rollout: 7.841s | update: 0.820s | total: 8.662s | samples/s: 7389
Iteration 0258 | train reward: 78.52 | best: 78.52 | KL: 1.250e-04 | std: 0.5846 | rollout: 7.334s | update: 0.752s | total: 8.086s | samples/s: 7914
Iteration 0259 | train reward: 76.94 | best: 78.52 | KL: 9.889e-05 | std: 0.5843 | rollout: 7.431s | update: 0.747s | total: 8.178s | samples/s: 7826
Iteration 0260 | train reward: 76.13 | best: 78.52 | KL: 1.133e-04 | std: 0.5843 | rollout: 7.227s | update: 0.754s | total: 7.981s | samples/s: 8019
Iteration 0261 | train reward: 78.07 | best: 78.52 | KL: 1.389e-04 | std: 0.5834 | rollout: 6.426s | update: 0.841s | total: 7.267s | samples/s: 8807
Iteration 0262 | train reward: 76.12 | best: 78.52 | KL: 1.083e-04 | std: 0.5834 | rollout: 6.332s | update: 0.750s | total: 7.082s | samples/s: 9037
Iteration 0263 | train reward: 77.71 | best: 78.52 | KL: 1.195e-04 | std: 0.5833 | rollout: 5.996s | update: 0.754s | total: 6.750s | samples/s: 9481
Iteration 0264 | train reward: 77.14 | best: 78.52 | KL: 1.295e-04 | std: 0.5834 | rollout: 6.121s | update: 0.791s | total: 6.912s | samples/s: 9260
Iteration 0265 | train reward: 77.75 | best: 78.52 | KL: 1.216e-04 | std: 0.5833 | rollout: 6.031s | update: 0.752s | total: 6.783s | samples/s: 9435
Iteration 0266 | train reward: 77.32 | best: 78.52 | KL: 1.354e-04 | std: 0.5833 | rollout: 6.513s | update: 0.834s | total: 7.346s | samples/s: 8712
Iteration 0267 | train reward: 78.23 | best: 78.52 | KL: 1.103e-04 | std: 0.5824 | rollout: 6.107s | update: 0.778s | total: 6.885s | samples/s: 9295
Iteration 0268 | train reward: 79.72 | best: 79.72 | KL: 1.726e-04 | std: 0.5821 | rollout: 6.563s | update: 0.756s | total: 7.319s | samples/s: 8745
Iteration 0269 | train reward: 78.78 | best: 79.72 | KL: 9.299e-05 | std: 0.5824 | rollout: 7.909s | update: 0.837s | total: 8.746s | samples/s: 7318
Iteration 0270 | train reward: 77.26 | best: 79.72 | KL: 1.187e-04 | std: 0.5820 | rollout: 7.513s | update: 0.750s | total: 8.263s | samples/s: 7745
Iteration 0271 | train reward: 80.01 | best: 80.01 | KL: 1.278e-04 | std: 0.5820 | rollout: 6.317s | update: 0.772s | total: 7.089s | samples/s: 9028
Iteration 0272 | train reward: 81.14 | best: 81.14 | KL: 1.623e-04 | std: 0.5820 | rollout: 6.196s | update: 0.831s | total: 7.027s | samples/s: 9108
Iteration 0273 | train reward: 80.41 | best: 81.14 | KL: 1.542e-04 | std: 0.5820 | rollout: 6.125s | update: 0.759s | total: 6.884s | samples/s: 9297
Iteration 0274 | train reward: 79.93 | best: 81.14 | KL: 1.526e-04 | std: 0.5820 | rollout: 7.317s | update: 0.755s | total: 8.072s | samples/s: 7929
Iteration 0275 | train reward: 79.56 | best: 81.14 | KL: 1.452e-04 | std: 0.5820 | rollout: 7.400s | update: 0.786s | total: 8.186s | samples/s: 7818
Iteration 0276 | train reward: 77.95 | best: 81.14 | KL: 1.417e-04 | std: 0.5819 | rollout: 6.846s | update: 0.760s | total: 7.605s | samples/s: 8415
Iteration 0277 | train reward: 79.60 | best: 81.14 | KL: 1.194e-04 | std: 0.5816 | rollout: 6.935s | update: 0.775s | total: 7.710s | samples/s: 8301
Iteration 0278 | train reward: 77.61 | best: 81.14 | KL: 1.948e-04 | std: 0.5804 | rollout: 8.321s | update: 0.778s | total: 9.099s | samples/s: 7034
Iteration 0279 | train reward: 79.13 | best: 81.14 | KL: 2.078e-04 | std: 0.5803 | rollout: 7.015s | update: 0.766s | total: 7.781s | samples/s: 8225
Iteration 0280 | train reward: 80.59 | best: 81.14 | KL: 1.425e-04 | std: 0.5798 | rollout: 6.841s | update: 0.839s | total: 7.679s | samples/s: 8334
Iteration 0281 | train reward: 79.85 | best: 81.14 | KL: 1.287e-04 | std: 0.5797 | rollout: 6.274s | update: 0.768s | total: 7.043s | samples/s: 9088
Iteration 0282 | train reward: 80.88 | best: 81.14 | KL: 2.082e-04 | std: 0.5798 | rollout: 6.915s | update: 0.764s | total: 7.679s | samples/s: 8335
Iteration 0283 | train reward: 81.24 | best: 81.24 | KL: 1.417e-04 | std: 0.5786 | rollout: 6.335s | update: 0.770s | total: 7.106s | samples/s: 9007
Iteration 0284 | train reward: 80.67 | best: 81.24 | KL: 1.227e-04 | std: 0.5781 | rollout: 7.422s | update: 0.805s | total: 8.227s | samples/s: 7779
Iteration 0285 | train reward: 80.20 | best: 81.24 | KL: 1.355e-04 | std: 0.5781 | rollout: 7.118s | update: 0.728s | total: 7.846s | samples/s: 8157
Iteration 0286 | train reward: 78.70 | best: 81.24 | KL: 1.288e-04 | std: 0.5781 | rollout: 6.930s | update: 0.803s | total: 7.734s | samples/s: 8276
Iteration 0287 | train reward: 79.44 | best: 81.24 | KL: 1.301e-04 | std: 0.5777 | rollout: 7.338s | update: 0.782s | total: 8.120s | samples/s: 7882
Iteration 0288 | train reward: 80.41 | best: 81.24 | KL: 1.520e-04 | std: 0.5768 | rollout: 7.190s | update: 0.774s | total: 7.965s | samples/s: 8035
Iteration 0289 | train reward: 79.09 | best: 81.24 | KL: 1.392e-04 | std: 0.5777 | rollout: 7.568s | update: 0.764s | total: 8.332s | samples/s: 7682
Iteration 0290 | train reward: 76.99 | best: 81.24 | KL: 1.624e-04 | std: 0.5777 | rollout: 6.098s | update: 0.773s | total: 6.871s | samples/s: 9315
Iteration 0291 | train reward: 80.22 | best: 81.24 | KL: 1.235e-04 | std: 0.5768 | rollout: 6.349s | update: 0.758s | total: 7.108s | samples/s: 9005
Iteration 0292 | train reward: 80.65 | best: 81.24 | KL: 1.396e-04 | std: 0.5780 | rollout: 6.488s | update: 0.766s | total: 7.254s | samples/s: 8823
Iteration 0293 | train reward: 81.07 | best: 81.24 | KL: 1.831e-04 | std: 0.5781 | rollout: 6.130s | update: 0.790s | total: 6.919s | samples/s: 9249
Iteration 0294 | train reward: 79.73 | best: 81.24 | KL: 1.685e-04 | std: 0.5781 | rollout: 7.298s | update: 0.756s | total: 8.055s | samples/s: 7946
Iteration 0295 | train reward: 81.15 | best: 81.24 | KL: 1.672e-04 | std: 0.5778 | rollout: 7.033s | update: 0.773s | total: 7.806s | samples/s: 8199
Iteration 0296 | train reward: 82.31 | best: 82.31 | KL: 1.467e-04 | std: 0.5777 | rollout: 7.340s | update: 0.771s | total: 8.110s | samples/s: 7891
Iteration 0297 | train reward: 81.04 | best: 82.31 | KL: 2.265e-04 | std: 0.5768 | rollout: 7.248s | update: 0.763s | total: 8.010s | samples/s: 7990
Iteration 0298 | train reward: 79.44 | best: 82.31 | KL: 1.397e-04 | std: 0.5764 | rollout: 7.523s | update: 0.808s | total: 8.331s | samples/s: 7682
Iteration 0299 | train reward: 81.73 | best: 82.31 | KL: 1.541e-04 | std: 0.5765 | rollout: 6.425s | update: 0.776s | total: 7.201s | samples/s: 8887
Iteration 0300 | train reward: 80.26 | best: 82.31 | KL: 1.860e-04 | std: 0.5759 | rollout: 6.173s | update: 0.753s | total: 6.926s | samples/s: 9241
Iteration 0301 | train reward: 82.02 | best: 82.31 | KL: 1.829e-04 | std: 0.5755 | rollout: 7.465s | update: 0.765s | total: 8.229s | samples/s: 7777
Iteration 0302 | train reward: 81.32 | best: 82.31 | KL: 1.396e-04 | std: 0.5747 | rollout: 7.738s | update: 0.795s | total: 8.533s | samples/s: 7500
Iteration 0303 | train reward: 80.40 | best: 82.31 | KL: 1.540e-04 | std: 0.5746 | rollout: 7.630s | update: 0.774s | total: 8.404s | samples/s: 7615
Iteration 0304 | train reward: 82.17 | best: 82.31 | KL: 1.700e-04 | std: 0.5746 | rollout: 7.683s | update: 0.796s | total: 8.479s | samples/s: 7548
Iteration 0305 | train reward: 81.82 | best: 82.31 | KL: 1.657e-04 | std: 0.5745 | rollout: 6.922s | update: 0.769s | total: 7.692s | samples/s: 8320
Iteration 0306 | train reward: 80.46 | best: 82.31 | KL: 1.455e-04 | std: 0.5742 | rollout: 6.611s | update: 0.814s | total: 7.425s | samples/s: 8620
Iteration 0307 | train reward: 81.41 | best: 82.31 | KL: 1.284e-04 | std: 0.5742 | rollout: 6.875s | update: 0.769s | total: 7.644s | samples/s: 8372
Iteration 0308 | train reward: 80.17 | best: 82.31 | KL: 1.388e-04 | std: 0.5738 | rollout: 6.373s | update: 0.792s | total: 7.166s | samples/s: 8931
Iteration 0309 | train reward: 84.44 | best: 84.44 | KL: 1.672e-04 | std: 0.5726 | rollout: 7.662s | update: 0.787s | total: 8.449s | samples/s: 7575
Iteration 0310 | train reward: 82.13 | best: 84.44 | KL: 1.652e-04 | std: 0.5728 | rollout: 6.323s | update: 0.755s | total: 7.078s | samples/s: 9042
Iteration 0311 | train reward: 83.17 | best: 84.44 | KL: 1.641e-04 | std: 0.5729 | rollout: 6.189s | update: 0.771s | total: 6.961s | samples/s: 9194
Iteration 0312 | train reward: 84.31 | best: 84.44 | KL: 1.453e-04 | std: 0.5726 | rollout: 6.588s | update: 0.795s | total: 7.384s | samples/s: 8668
Iteration 0313 | train reward: 83.33 | best: 84.44 | KL: 1.649e-04 | std: 0.5720 | rollout: 6.055s | update: 0.758s | total: 6.813s | samples/s: 9394
Iteration 0314 | train reward: 83.61 | best: 84.44 | KL: 1.470e-04 | std: 0.5720 | rollout: 6.771s | update: 0.810s | total: 7.581s | samples/s: 8443
Iteration 0315 | train reward: 83.53 | best: 84.44 | KL: 1.631e-04 | std: 0.5725 | rollout: 7.516s | update: 0.764s | total: 8.281s | samples/s: 7729
Iteration 0316 | train reward: 82.68 | best: 84.44 | KL: 1.669e-04 | std: 0.5720 | rollout: 6.268s | update: 0.804s | total: 7.072s | samples/s: 9050
Iteration 0317 | train reward: 83.01 | best: 84.44 | KL: 1.693e-04 | std: 0.5725 | rollout: 6.062s | update: 0.785s | total: 6.847s | samples/s: 9348
Iteration 0318 | train reward: 85.38 | best: 85.38 | KL: 1.870e-04 | std: 0.5728 | rollout: 7.307s | update: 0.795s | total: 8.101s | samples/s: 7900
Iteration 0319 | train reward: 82.08 | best: 85.38 | KL: 1.638e-04 | std: 0.5728 | rollout: 7.395s | update: 0.756s | total: 8.151s | samples/s: 7852
Iteration 0320 | train reward: 82.51 | best: 85.38 | KL: 1.539e-04 | std: 0.5721 | rollout: 7.187s | update: 0.786s | total: 7.973s | samples/s: 8027
Iteration 0321 | train reward: 83.29 | best: 85.38 | KL: 1.895e-04 | std: 0.5726 | rollout: 7.445s | update: 0.803s | total: 8.248s | samples/s: 7759
Iteration 0322 | train reward: 84.25 | best: 85.38 | KL: 1.710e-04 | std: 0.5726 | rollout: 7.348s | update: 0.771s | total: 8.119s | samples/s: 7882
Iteration 0323 | train reward: 82.54 | best: 85.38 | KL: 1.619e-04 | std: 0.5716 | rollout: 7.210s | update: 0.757s | total: 7.967s | samples/s: 8034
Iteration 0324 | train reward: 85.64 | best: 85.64 | KL: 2.120e-04 | std: 0.5707 | rollout: 6.679s | update: 0.803s | total: 7.482s | samples/s: 8554
Iteration 0325 | train reward: 83.04 | best: 85.64 | KL: 1.846e-04 | std: 0.5703 | rollout: 6.534s | update: 0.779s | total: 7.313s | samples/s: 8751
Iteration 0326 | train reward: 86.24 | best: 86.24 | KL: 2.342e-04 | std: 0.5699 | rollout: 7.426s | update: 0.781s | total: 8.208s | samples/s: 7797
Iteration 0327 | train reward: 85.13 | best: 86.24 | KL: 1.452e-04 | std: 0.5700 | rollout: 7.426s | update: 0.800s | total: 8.225s | samples/s: 7781
Iteration 0328 | train reward: 85.27 | best: 86.24 | KL: 1.250e-04 | std: 0.5700 | rollout: 7.464s | update: 0.798s | total: 8.263s | samples/s: 7746
Iteration 0329 | train reward: 83.61 | best: 86.24 | KL: 1.915e-04 | std: 0.5699 | rollout: 7.837s | update: 0.790s | total: 8.627s | samples/s: 7419
Iteration 0330 | train reward: 84.00 | best: 86.24 | KL: 1.443e-04 | std: 0.5689 | rollout: 8.154s | update: 0.761s | total: 8.915s | samples/s: 7179
Iteration 0331 | train reward: 86.39 | best: 86.39 | KL: 1.966e-04 | std: 0.5686 | rollout: 8.513s | update: 0.763s | total: 9.276s | samples/s: 6900
Iteration 0332 | train reward: 84.98 | best: 86.39 | KL: 2.042e-04 | std: 0.5677 | rollout: 7.573s | update: 0.771s | total: 8.344s | samples/s: 7670
Iteration 0333 | train reward: 85.27 | best: 86.39 | KL: 2.077e-04 | std: 0.5681 | rollout: 6.366s | update: 0.755s | total: 7.121s | samples/s: 8987
Iteration 0334 | train reward: 83.65 | best: 86.39 | KL: 1.606e-04 | std: 0.5681 | rollout: 6.616s | update: 0.777s | total: 7.394s | samples/s: 8656
Iteration 0335 | train reward: 85.59 | best: 86.39 | KL: 1.652e-04 | std: 0.5686 | rollout: 6.176s | update: 0.763s | total: 6.940s | samples/s: 9222
Iteration 0336 | train reward: 85.87 | best: 86.39 | KL: 1.424e-04 | std: 0.5686 | rollout: 6.112s | update: 0.799s | total: 6.910s | samples/s: 9261
Iteration 0337 | train reward: 84.63 | best: 86.39 | KL: 2.097e-04 | std: 0.5686 | rollout: 6.569s | update: 0.758s | total: 7.326s | samples/s: 8735
Iteration 0338 | train reward: 85.20 | best: 86.39 | KL: 1.597e-04 | std: 0.5686 | rollout: 6.131s | update: 0.804s | total: 6.935s | samples/s: 9229
Iteration 0339 | train reward: 86.58 | best: 86.58 | KL: 1.583e-04 | std: 0.5682 | rollout: 6.702s | update: 0.797s | total: 7.499s | samples/s: 8534
Iteration 0340 | train reward: 87.29 | best: 87.29 | KL: 1.423e-04 | std: 0.5682 | rollout: 6.932s | update: 0.782s | total: 7.714s | samples/s: 8296
Iteration 0341 | train reward: 88.44 | best: 88.44 | KL: 2.239e-04 | std: 0.5686 | rollout: 7.177s | update: 0.793s | total: 7.971s | samples/s: 8029
Iteration 0342 | train reward: 87.35 | best: 88.44 | KL: 1.843e-04 | std: 0.5686 | rollout: 7.746s | update: 0.758s | total: 8.504s | samples/s: 7526
Iteration 0343 | train reward: 87.17 | best: 88.44 | KL: 1.371e-04 | std: 0.5686 | rollout: 7.066s | update: 0.762s | total: 7.828s | samples/s: 8175
Iteration 0344 | train reward: 86.39 | best: 88.44 | KL: 2.295e-04 | std: 0.5689 | rollout: 6.487s | update: 0.780s | total: 7.266s | samples/s: 8808
Iteration 0345 | train reward: 88.67 | best: 88.67 | KL: 1.515e-04 | std: 0.5686 | rollout: 6.107s | update: 0.758s | total: 6.865s | samples/s: 9323
Iteration 0346 | train reward: 86.45 | best: 88.67 | KL: 2.218e-04 | std: 0.5682 | rollout: 6.186s | update: 0.764s | total: 6.949s | samples/s: 9209
Iteration 0347 | train reward: 88.88 | best: 88.88 | KL: 2.004e-04 | std: 0.5668 | rollout: 7.462s | update: 0.772s | total: 8.234s | samples/s: 7773
Iteration 0348 | train reward: 89.11 | best: 89.11 | KL: 1.861e-04 | std: 0.5664 | rollout: 7.426s | update: 0.785s | total: 8.211s | samples/s: 7795
Iteration 0349 | train reward: 89.19 | best: 89.19 | KL: 2.216e-04 | std: 0.5663 | rollout: 7.437s | update: 0.761s | total: 8.198s | samples/s: 7807
Iteration 0350 | train reward: 90.09 | best: 90.09 | KL: 2.249e-04 | std: 0.5651 | rollout: 7.181s | update: 0.826s | total: 8.007s | samples/s: 7993
Iteration 0351 | train reward: 87.84 | best: 90.09 | KL: 1.558e-04 | std: 0.5647 | rollout: 7.643s | update: 0.762s | total: 8.405s | samples/s: 7615
Iteration 0352 | train reward: 90.18 | best: 90.18 | KL: 1.633e-04 | std: 0.5643 | rollout: 7.107s | update: 0.754s | total: 7.861s | samples/s: 8142
Iteration 0353 | train reward: 88.81 | best: 90.18 | KL: 1.764e-04 | std: 0.5638 | rollout: 7.704s | update: 0.774s | total: 8.478s | samples/s: 7549
Iteration 0354 | train reward: 88.54 | best: 90.18 | KL: 2.049e-04 | std: 0.5629 | rollout: 6.286s | update: 0.770s | total: 7.056s | samples/s: 9071
Iteration 0355 | train reward: 90.09 | best: 90.18 | KL: 1.613e-04 | std: 0.5626 | rollout: 7.458s | update: 0.769s | total: 8.227s | samples/s: 7780
Iteration 0356 | train reward: 91.08 | best: 91.08 | KL: 1.599e-04 | std: 0.5628 | rollout: 6.962s | update: 0.755s | total: 7.716s | samples/s: 8294
Iteration 0357 | train reward: 90.20 | best: 91.08 | KL: 1.330e-04 | std: 0.5622 | rollout: 7.863s | update: 0.815s | total: 8.679s | samples/s: 7374
Iteration 0358 | train reward: 87.88 | best: 91.08 | KL: 2.031e-04 | std: 0.5611 | rollout: 6.837s | update: 0.760s | total: 7.597s | samples/s: 8424
Iteration 0359 | train reward: 88.48 | best: 91.08 | KL: 1.757e-04 | std: 0.5611 | rollout: 6.074s | update: 0.777s | total: 6.851s | samples/s: 9342
Iteration 0360 | train reward: 90.19 | best: 91.08 | KL: 2.095e-04 | std: 0.5621 | rollout: 7.601s | update: 0.765s | total: 8.367s | samples/s: 7649
Iteration 0361 | train reward: 89.88 | best: 91.08 | KL: 1.747e-04 | std: 0.5611 | rollout: 7.920s | update: 0.823s | total: 8.743s | samples/s: 7320
Iteration 0362 | train reward: 90.65 | best: 91.08 | KL: 1.830e-04 | std: 0.5621 | rollout: 7.735s | update: 0.759s | total: 8.494s | samples/s: 7535
Iteration 0363 | train reward: 90.37 | best: 91.08 | KL: 1.654e-04 | std: 0.5625 | rollout: 6.472s | update: 0.788s | total: 7.260s | samples/s: 8816
Iteration 0364 | train reward: 91.15 | best: 91.15 | KL: 1.454e-04 | std: 0.5625 | rollout: 6.279s | update: 0.754s | total: 7.033s | samples/s: 9100
Iteration 0365 | train reward: 88.70 | best: 91.15 | KL: 1.743e-04 | std: 0.5626 | rollout: 6.219s | update: 0.795s | total: 7.013s | samples/s: 9125
Iteration 0366 | train reward: 90.77 | best: 91.15 | KL: 1.721e-04 | std: 0.5628 | rollout: 6.227s | update: 0.777s | total: 7.004s | samples/s: 9137
Iteration 0367 | train reward: 90.55 | best: 91.15 | KL: 2.221e-04 | std: 0.5638 | rollout: 6.082s | update: 0.764s | total: 6.847s | samples/s: 9348
Iteration 0368 | train reward: 90.33 | best: 91.15 | KL: 1.717e-04 | std: 0.5629 | rollout: 6.051s | update: 0.799s | total: 6.850s | samples/s: 9344
Iteration 0369 | train reward: 91.82 | best: 91.82 | KL: 1.965e-04 | std: 0.5626 | rollout: 6.013s | update: 0.782s | total: 6.795s | samples/s: 9419
Iteration 0370 | train reward: 91.36 | best: 91.82 | KL: 1.676e-04 | std: 0.5629 | rollout: 6.868s | update: 0.754s | total: 7.623s | samples/s: 8396
Iteration 0371 | train reward: 92.25 | best: 92.25 | KL: 2.081e-04 | std: 0.5629 | rollout: 7.472s | update: 0.765s | total: 8.237s | samples/s: 7770
Iteration 0372 | train reward: 89.90 | best: 92.25 | KL: 1.978e-04 | std: 0.5642 | rollout: 7.165s | update: 0.772s | total: 7.937s | samples/s: 8063
Iteration 0373 | train reward: 91.87 | best: 92.25 | KL: 2.135e-04 | std: 0.5639 | rollout: 7.081s | update: 0.765s | total: 7.846s | samples/s: 8157
Iteration 0374 | train reward: 92.90 | best: 92.90 | KL: 2.134e-04 | std: 0.5639 | rollout: 7.231s | update: 0.807s | total: 8.038s | samples/s: 7962
Iteration 0375 | train reward: 92.11 | best: 92.90 | KL: 1.933e-04 | std: 0.5629 | rollout: 7.323s | update: 0.774s | total: 8.097s | samples/s: 7904
Iteration 0376 | train reward: 91.89 | best: 92.90 | KL: 1.980e-04 | std: 0.5639 | rollout: 7.335s | update: 0.812s | total: 8.148s | samples/s: 7855
Iteration 0377 | train reward: 93.05 | best: 93.05 | KL: 2.088e-04 | std: 0.5629 | rollout: 6.605s | update: 0.782s | total: 7.387s | samples/s: 8663
Iteration 0378 | train reward: 94.95 | best: 94.95 | KL: 1.785e-04 | std: 0.5626 | rollout: 7.194s | update: 0.817s | total: 8.010s | samples/s: 7990
Iteration 0379 | train reward: 90.97 | best: 94.95 | KL: 1.769e-04 | std: 0.5625 | rollout: 6.662s | update: 0.763s | total: 7.425s | samples/s: 8619
Iteration 0380 | train reward: 93.73 | best: 94.95 | KL: 2.178e-04 | std: 0.5626 | rollout: 6.425s | update: 0.774s | total: 7.199s | samples/s: 8890
Iteration 0381 | train reward: 93.71 | best: 94.95 | KL: 1.968e-04 | std: 0.5628 | rollout: 6.619s | update: 0.773s | total: 7.392s | samples/s: 8658
Iteration 0382 | train reward: 93.51 | best: 94.95 | KL: 2.961e-04 | std: 0.5638 | rollout: 7.066s | update: 0.767s | total: 7.833s | samples/s: 8170
Iteration 0383 | train reward: 91.91 | best: 94.95 | KL: 1.539e-04 | std: 0.5628 | rollout: 7.535s | update: 0.773s | total: 8.308s | samples/s: 7703
Iteration 0384 | train reward: 90.28 | best: 94.95 | KL: 1.749e-04 | std: 0.5628 | rollout: 6.219s | update: 0.795s | total: 7.014s | samples/s: 9124
Iteration 0385 | train reward: 92.41 | best: 94.95 | KL: 2.315e-04 | std: 0.5626 | rollout: 6.364s | update: 0.753s | total: 7.117s | samples/s: 8992
Iteration 0386 | train reward: 92.72 | best: 94.95 | KL: 2.152e-04 | std: 0.5625 | rollout: 6.916s | update: 0.755s | total: 7.671s | samples/s: 8343
Iteration 0387 | train reward: 95.14 | best: 95.14 | KL: 2.093e-04 | std: 0.5625 | rollout: 6.030s | update: 0.788s | total: 6.819s | samples/s: 9386
Iteration 0388 | train reward: 94.64 | best: 95.14 | KL: 1.965e-04 | std: 0.5612 | rollout: 6.141s | update: 0.795s | total: 6.935s | samples/s: 9228
Iteration 0389 | train reward: 94.20 | best: 95.14 | KL: 2.546e-04 | std: 0.5611 | rollout: 7.436s | update: 0.775s | total: 8.210s | samples/s: 7795
Iteration 0390 | train reward: 94.54 | best: 95.14 | KL: 2.246e-04 | std: 0.5608 | rollout: 7.104s | update: 0.775s | total: 7.879s | samples/s: 8123
Iteration 0391 | train reward: 94.64 | best: 95.14 | KL: 2.393e-04 | std: 0.5604 | rollout: 7.620s | update: 0.760s | total: 8.380s | samples/s: 7637
Iteration 0392 | train reward: 94.98 | best: 95.14 | KL: 2.220e-04 | std: 0.5599 | rollout: 8.390s | update: 0.783s | total: 9.173s | samples/s: 6977
Iteration 0393 | train reward: 93.70 | best: 95.14 | KL: 2.196e-04 | std: 0.5590 | rollout: 6.747s | update: 0.761s | total: 7.508s | samples/s: 8525
Iteration 0394 | train reward: 93.40 | best: 95.14 | KL: 1.987e-04 | std: 0.5590 | rollout: 7.051s | update: 0.759s | total: 7.810s | samples/s: 8195
Iteration 0395 | train reward: 94.79 | best: 95.14 | KL: 3.174e-04 | std: 0.5589 | rollout: 7.390s | update: 0.796s | total: 8.186s | samples/s: 7818
Iteration 0396 | train reward: 93.65 | best: 95.14 | KL: 2.466e-04 | std: 0.5587 | rollout: 7.779s | update: 0.767s | total: 8.545s | samples/s: 7490
Iteration 0397 | train reward: 94.87 | best: 95.14 | KL: 3.014e-04 | std: 0.5586 | rollout: 7.940s | update: 0.822s | total: 8.762s | samples/s: 7304
Iteration 0398 | train reward: 95.29 | best: 95.29 | KL: 2.862e-04 | std: 0.5587 | rollout: 7.681s | update: 0.800s | total: 8.481s | samples/s: 7546
Iteration 0399 | train reward: 94.85 | best: 95.29 | KL: 2.659e-04 | std: 0.5586 | rollout: 7.231s | update: 0.795s | total: 8.026s | samples/s: 7974
Iteration 0400 | train reward: 96.42 | best: 96.42 | KL: 2.858e-04 | std: 0.5590 | rollout: 7.536s | update: 0.763s | total: 8.299s | samples/s: 7712
Iteration 0401 | train reward: 96.60 | best: 96.60 | KL: 1.992e-04 | std: 0.5600 | rollout: 7.372s | update: 0.779s | total: 8.151s | samples/s: 7852
Iteration 0402 | train reward: 95.11 | best: 96.60 | KL: 1.970e-04 | std: 0.5599 | rollout: 6.538s | update: 0.773s | total: 7.310s | samples/s: 8755
Iteration 0403 | train reward: 94.89 | best: 96.60 | KL: 3.025e-04 | std: 0.5586 | rollout: 6.036s | update: 0.759s | total: 6.795s | samples/s: 9419
Iteration 0404 | train reward: 97.08 | best: 97.08 | KL: 2.151e-04 | std: 0.5586 | rollout: 6.099s | update: 0.755s | total: 6.854s | samples/s: 9338
Iteration 0405 | train reward: 95.30 | best: 97.08 | KL: 2.330e-04 | std: 0.5586 | rollout: 6.118s | update: 0.763s | total: 6.881s | samples/s: 9301
Iteration 0406 | train reward: 94.17 | best: 97.08 | KL: 2.960e-04 | std: 0.5586 | rollout: 6.015s | update: 0.839s | total: 6.854s | samples/s: 9338
Iteration 0407 | train reward: 95.56 | best: 97.08 | KL: 2.100e-04 | std: 0.5585 | rollout: 6.969s | update: 0.788s | total: 7.757s | samples/s: 8251
Iteration 0408 | train reward: 95.89 | best: 97.08 | KL: 2.473e-04 | std: 0.5572 | rollout: 7.409s | update: 0.770s | total: 8.179s | samples/s: 7825
Iteration 0409 | train reward: 95.25 | best: 97.08 | KL: 2.604e-04 | std: 0.5582 | rollout: 7.253s | update: 0.875s | total: 8.128s | samples/s: 7874
Iteration 0410 | train reward: 95.19 | best: 97.08 | KL: 2.078e-04 | std: 0.5582 | rollout: 7.698s | update: 0.770s | total: 8.468s | samples/s: 7558
Iteration 0411 | train reward: 95.46 | best: 97.08 | KL: 2.183e-04 | std: 0.5571 | rollout: 7.127s | update: 0.781s | total: 7.908s | samples/s: 8093
Iteration 0412 | train reward: 97.60 | best: 97.60 | KL: 2.523e-04 | std: 0.5572 | rollout: 7.727s | update: 0.759s | total: 8.487s | samples/s: 7541
Iteration 0413 | train reward: 94.02 | best: 97.60 | KL: 2.204e-04 | std: 0.5569 | rollout: 7.097s | update: 0.785s | total: 7.882s | samples/s: 8120
Iteration 0414 | train reward: 94.93 | best: 97.60 | KL: 2.310e-04 | std: 0.5571 | rollout: 7.601s | update: 0.758s | total: 8.359s | samples/s: 7656
Iteration 0415 | train reward: 94.02 | best: 97.60 | KL: 2.425e-04 | std: 0.5572 | rollout: 7.102s | update: 0.764s | total: 7.866s | samples/s: 8136
Iteration 0416 | train reward: 94.62 | best: 97.60 | KL: 2.723e-04 | std: 0.5571 | rollout: 7.691s | update: 0.773s | total: 8.463s | samples/s: 7562
Iteration 0417 | train reward: 94.83 | best: 97.60 | KL: 3.271e-04 | std: 0.5565 | rollout: 7.772s | update: 0.791s | total: 8.563s | samples/s: 7474
Iteration 0418 | train reward: 96.92 | best: 97.60 | KL: 2.614e-04 | std: 0.5565 | rollout: 7.399s | update: 0.799s | total: 8.198s | samples/s: 7806
Iteration 0419 | train reward: 96.64 | best: 97.60 | KL: 3.953e-04 | std: 0.5565 | rollout: 6.434s | update: 0.779s | total: 7.213s | samples/s: 8873
Iteration 0420 | train reward: 98.94 | best: 98.94 | KL: 2.742e-04 | std: 0.5551 | rollout: 7.434s | update: 0.770s | total: 8.204s | samples/s: 7801
Iteration 0421 | train reward: 96.06 | best: 98.94 | KL: 2.906e-04 | std: 0.5561 | rollout: 6.938s | update: 0.792s | total: 7.730s | samples/s: 8280
Iteration 0422 | train reward: 97.98 | best: 98.94 | KL: 2.370e-04 | std: 0.5551 | rollout: 7.543s | update: 0.763s | total: 8.306s | samples/s: 7705
Iteration 0423 | train reward: 96.78 | best: 98.94 | KL: 2.293e-04 | std: 0.5551 | rollout: 7.236s | update: 0.794s | total: 8.030s | samples/s: 7970
Iteration 0424 | train reward: 98.58 | best: 98.94 | KL: 3.291e-04 | std: 0.5548 | rollout: 6.752s | update: 0.773s | total: 7.525s | samples/s: 8505
Iteration 0425 | train reward: 96.58 | best: 98.94 | KL: 2.687e-04 | std: 0.5560 | rollout: 7.245s | update: 0.764s | total: 8.009s | samples/s: 7991
Iteration 0426 | train reward: 99.61 | best: 99.61 | KL: 2.913e-04 | std: 0.5550 | rollout: 7.681s | update: 0.772s | total: 8.452s | samples/s: 7572
Iteration 0427 | train reward: 95.93 | best: 99.61 | KL: 2.967e-04 | std: 0.5547 | rollout: 7.432s | update: 0.830s | total: 8.263s | samples/s: 7746
Iteration 0428 | train reward: 97.77 | best: 99.61 | KL: 3.182e-04 | std: 0.5547 | rollout: 6.941s | update: 0.732s | total: 7.673s | samples/s: 8341
Iteration 0429 | train reward: 97.29 | best: 99.61 | KL: 3.570e-04 | std: 0.5547 | rollout: 7.233s | update: 0.760s | total: 7.992s | samples/s: 8008
Iteration 0430 | train reward: 98.43 | best: 99.61 | KL: 2.784e-04 | std: 0.5547 | rollout: 7.415s | update: 0.764s | total: 8.178s | samples/s: 7826
Iteration 0431 | train reward: 98.33 | best: 99.61 | KL: 2.527e-04 | std: 0.5543 | rollout: 7.837s | update: 0.769s | total: 8.606s | samples/s: 7437
Iteration 0432 | train reward: 98.66 | best: 99.61 | KL: 2.658e-04 | std: 0.5543 | rollout: 7.494s | update: 0.796s | total: 8.290s | samples/s: 7721
Iteration 0433 | train reward: 97.18 | best: 99.61 | KL: 2.736e-04 | std: 0.5547 | rollout: 7.956s | update: 0.763s | total: 8.719s | samples/s: 7340
Iteration 0434 | train reward: 98.42 | best: 99.61 | KL: 2.883e-04 | std: 0.5543 | rollout: 7.719s | update: 0.758s | total: 8.476s | samples/s: 7550
Iteration 0435 | train reward: 98.80 | best: 99.61 | KL: 2.554e-04 | std: 0.5546 | rollout: 7.493s | update: 0.786s | total: 8.279s | samples/s: 7730
Iteration 0436 | train reward: 96.94 | best: 99.61 | KL: 2.677e-04 | std: 0.5547 | rollout: 7.537s | update: 0.732s | total: 8.269s | samples/s: 7740
Iteration 0437 | train reward: 95.66 | best: 99.61 | KL: 2.632e-04 | std: 0.5548 | rollout: 8.211s | update: 0.759s | total: 8.970s | samples/s: 7135
Iteration 0438 | train reward: 95.91 | best: 99.61 | KL: 2.219e-04 | std: 0.5551 | rollout: 7.410s | update: 0.756s | total: 8.166s | samples/s: 7837
Iteration 0439 | train reward: 97.17 | best: 99.61 | KL: 2.450e-04 | std: 0.5548 | rollout: 7.324s | update: 0.810s | total: 8.134s | samples/s: 7868
Iteration 0440 | train reward: 96.83 | best: 99.61 | KL: 2.935e-04 | std: 0.5561 | rollout: 7.847s | update: 0.764s | total: 8.610s | samples/s: 7433
Iteration 0441 | train reward: 99.15 | best: 99.61 | KL: 2.283e-04 | std: 0.5560 | rollout: 8.105s | update: 0.772s | total: 8.877s | samples/s: 7210
Iteration 0442 | train reward: 99.03 | best: 99.61 | KL: 2.316e-04 | std: 0.5547 | rollout: 7.080s | update: 0.789s | total: 7.869s | samples/s: 8133
Iteration 0443 | train reward: 97.25 | best: 99.61 | KL: 2.180e-04 | std: 0.5548 | rollout: 7.653s | update: 0.804s | total: 8.457s | samples/s: 7568
Iteration 0444 | train reward: 98.53 | best: 99.61 | KL: 2.850e-04 | std: 0.5547 | rollout: 7.095s | update: 0.839s | total: 7.934s | samples/s: 8066
Iteration 0445 | train reward: 98.07 | best: 99.61 | KL: 2.698e-04 | std: 0.5547 | rollout: 6.202s | update: 0.785s | total: 6.987s | samples/s: 9160
Iteration 0446 | train reward: 99.42 | best: 99.61 | KL: 2.626e-04 | std: 0.5547 | rollout: 6.431s | update: 0.752s | total: 7.183s | samples/s: 8910
Iteration 0447 | train reward: 97.65 | best: 99.61 | KL: 2.216e-04 | std: 0.5546 | rollout: 7.255s | update: 0.766s | total: 8.020s | samples/s: 7980
Iteration 0448 | train reward: 98.63 | best: 99.61 | KL: 3.697e-04 | std: 0.5532 | rollout: 7.910s | update: 0.765s | total: 8.675s | samples/s: 7378
Iteration 0449 | train reward: 97.88 | best: 99.61 | KL: 2.701e-04 | std: 0.5532 | rollout: 7.115s | update: 0.791s | total: 7.906s | samples/s: 8095
Iteration 0450 | train reward: 100.16 | best: 100.16 | KL: 2.905e-04 | std: 0.5526 | rollout: 6.415s | update: 0.780s | total: 7.195s | samples/s: 8895
Iteration 0451 | train reward: 99.10 | best: 100.16 | KL: 1.945e-04 | std: 0.5526 | rollout: 7.404s | update: 0.779s | total: 8.183s | samples/s: 7821
Iteration 0452 | train reward: 97.02 | best: 100.16 | KL: 2.774e-04 | std: 0.5522 | rollout: 6.184s | update: 0.807s | total: 6.991s | samples/s: 9155
Iteration 0453 | train reward: 99.36 | best: 100.16 | KL: 3.324e-04 | std: 0.5512 | rollout: 8.496s | update: 0.797s | total: 9.293s | samples/s: 6887
Iteration 0454 | train reward: 99.54 | best: 100.16 | KL: 2.801e-04 | std: 0.5525 | rollout: 6.198s | update: 0.801s | total: 6.999s | samples/s: 9144
Iteration 0455 | train reward: 99.45 | best: 100.16 | KL: 2.582e-04 | std: 0.5525 | rollout: 7.056s | update: 0.776s | total: 7.832s | samples/s: 8172
Iteration 0456 | train reward: 98.74 | best: 100.16 | KL: 2.654e-04 | std: 0.5529 | rollout: 6.344s | update: 0.756s | total: 7.100s | samples/s: 9014
Iteration 0457 | train reward: 99.82 | best: 100.16 | KL: 2.671e-04 | std: 0.5526 | rollout: 7.092s | update: 0.761s | total: 7.853s | samples/s: 8150
Iteration 0458 | train reward: 98.33 | best: 100.16 | KL: 2.733e-04 | std: 0.5525 | rollout: 7.181s | update: 0.813s | total: 7.994s | samples/s: 8006
Iteration 0459 | train reward: 99.78 | best: 100.16 | KL: 3.089e-04 | std: 0.5523 | rollout: 7.447s | update: 0.760s | total: 8.207s | samples/s: 7798
Iteration 0460 | train reward: 98.81 | best: 100.16 | KL: 3.616e-04 | std: 0.5509 | rollout: 6.338s | update: 0.768s | total: 7.106s | samples/s: 9006
Iteration 0461 | train reward: 100.20 | best: 100.20 | KL: 2.894e-04 | std: 0.5512 | rollout: 7.478s | update: 0.780s | total: 8.258s | samples/s: 7750
Iteration 0462 | train reward: 99.93 | best: 100.20 | KL: 2.801e-04 | std: 0.5509 | rollout: 7.029s | update: 0.761s | total: 7.791s | samples/s: 8215
Iteration 0463 | train reward: 99.40 | best: 100.20 | KL: 3.121e-04 | std: 0.5508 | rollout: 7.414s | update: 0.757s | total: 8.172s | samples/s: 7832
Iteration 0464 | train reward: 98.46 | best: 100.20 | KL: 3.167e-04 | std: 0.5504 | rollout: 7.789s | update: 0.756s | total: 8.545s | samples/s: 7490
Iteration 0465 | train reward: 98.58 | best: 100.20 | KL: 3.171e-04 | std: 0.5507 | rollout: 7.533s | update: 0.772s | total: 8.305s | samples/s: 7706
Iteration 0466 | train reward: 98.72 | best: 100.20 | KL: 2.132e-04 | std: 0.5504 | rollout: 7.610s | update: 0.775s | total: 8.385s | samples/s: 7632
Iteration 0467 | train reward: 97.34 | best: 100.20 | KL: 3.051e-04 | std: 0.5503 | rollout: 7.224s | update: 0.778s | total: 8.002s | samples/s: 7998
Iteration 0468 | train reward: 98.52 | best: 100.20 | KL: 2.908e-04 | std: 0.5493 | rollout: 7.044s | update: 0.754s | total: 7.798s | samples/s: 8207
Iteration 0469 | train reward: 98.11 | best: 100.20 | KL: 2.920e-04 | std: 0.5491 | rollout: 6.755s | update: 0.775s | total: 7.530s | samples/s: 8499
Iteration 0470 | train reward: 100.44 | best: 100.44 | KL: 2.743e-04 | std: 0.5490 | rollout: 7.297s | update: 0.779s | total: 8.076s | samples/s: 7925
Iteration 0471 | train reward: 100.48 | best: 100.48 | KL: 3.394e-04 | std: 0.5487 | rollout: 7.509s | update: 0.806s | total: 8.315s | samples/s: 7697
Iteration 0472 | train reward: 100.77 | best: 100.77 | KL: 2.850e-04 | std: 0.5486 | rollout: 7.772s | update: 0.805s | total: 8.577s | samples/s: 7461
Iteration 0473 | train reward: 100.49 | best: 100.77 | KL: 2.803e-04 | std: 0.5473 | rollout: 7.085s | update: 0.783s | total: 7.868s | samples/s: 8134
Iteration 0474 | train reward: 101.60 | best: 101.60 | KL: 2.744e-04 | std: 0.5472 | rollout: 6.678s | update: 0.809s | total: 7.488s | samples/s: 8547
Iteration 0475 | train reward: 102.39 | best: 102.39 | KL: 2.284e-04 | std: 0.5470 | rollout: 6.188s | update: 0.789s | total: 6.977s | samples/s: 9173
Iteration 0476 | train reward: 103.08 | best: 103.08 | KL: 4.031e-04 | std: 0.5470 | rollout: 7.265s | update: 0.762s | total: 8.028s | samples/s: 7972
Iteration 0477 | train reward: 101.18 | best: 103.08 | KL: 3.540e-04 | std: 0.5470 | rollout: 7.477s | update: 0.796s | total: 8.273s | samples/s: 7736
Iteration 0478 | train reward: 101.36 | best: 103.08 | KL: 2.679e-04 | std: 0.5472 | rollout: 7.712s | update: 0.808s | total: 8.520s | samples/s: 7512
Iteration 0479 | train reward: 101.89 | best: 103.08 | KL: 2.886e-04 | std: 0.5470 | rollout: 7.366s | update: 0.779s | total: 8.145s | samples/s: 7857
Iteration 0480 | train reward: 100.83 | best: 103.08 | KL: 3.228e-04 | std: 0.5470 | rollout: 6.407s | update: 0.774s | total: 7.181s | samples/s: 8913
Iteration 0481 | train reward: 102.72 | best: 103.08 | KL: 3.165e-04 | std: 0.5483 | rollout: 7.744s | update: 0.760s | total: 8.504s | samples/s: 7526
Iteration 0482 | train reward: 100.74 | best: 103.08 | KL: 2.519e-04 | std: 0.5473 | rollout: 7.293s | update: 0.763s | total: 8.055s | samples/s: 7945
Iteration 0483 | train reward: 102.23 | best: 103.08 | KL: 3.226e-04 | std: 0.5483 | rollout: 6.989s | update: 0.795s | total: 7.783s | samples/s: 8223
Iteration 0484 | train reward: 100.75 | best: 103.08 | KL: 2.757e-04 | std: 0.5473 | rollout: 7.565s | update: 0.767s | total: 8.332s | samples/s: 7682
Iteration 0485 | train reward: 100.93 | best: 103.08 | KL: 3.230e-04 | std: 0.5472 | rollout: 6.263s | update: 0.762s | total: 7.026s | samples/s: 9110
Iteration 0486 | train reward: 102.95 | best: 103.08 | KL: 3.400e-04 | std: 0.5472 | rollout: 6.848s | update: 0.764s | total: 7.612s | samples/s: 8407
Iteration 0487 | train reward: 101.17 | best: 103.08 | KL: 2.750e-04 | std: 0.5472 | rollout: 7.182s | update: 0.756s | total: 7.938s | samples/s: 8062
Iteration 0488 | train reward: 102.51 | best: 103.08 | KL: 3.347e-04 | std: 0.5473 | rollout: 7.170s | update: 0.761s | total: 7.930s | samples/s: 8070
Iteration 0489 | train reward: 98.83 | best: 103.08 | KL: 4.722e-04 | std: 0.5482 | rollout: 7.336s | update: 0.767s | total: 8.103s | samples/s: 7898
Iteration 0490 | train reward: 100.29 | best: 103.08 | KL: 3.911e-04 | std: 0.5483 | rollout: 7.006s | update: 0.781s | total: 7.787s | samples/s: 8219
Iteration 0491 | train reward: 104.36 | best: 104.36 | KL: 3.546e-04 | std: 0.5483 | rollout: 8.196s | update: 0.775s | total: 8.970s | samples/s: 7135
Iteration 0492 | train reward: 101.48 | best: 104.36 | KL: 2.231e-04 | std: 0.5484 | rollout: 6.966s | update: 0.815s | total: 7.782s | samples/s: 8225
Iteration 0493 | train reward: 99.97 | best: 104.36 | KL: 3.968e-04 | std: 0.5486 | rollout: 6.582s | update: 0.777s | total: 7.359s | samples/s: 8697
Iteration 0494 | train reward: 102.07 | best: 104.36 | KL: 3.704e-04 | std: 0.5490 | rollout: 7.725s | update: 0.775s | total: 8.500s | samples/s: 7530
Iteration 0495 | train reward: 102.49 | best: 104.36 | KL: 3.470e-04 | std: 0.5487 | rollout: 7.306s | update: 0.794s | total: 8.100s | samples/s: 7901
Iteration 0496 | train reward: 102.51 | best: 104.36 | KL: 3.212e-04 | std: 0.5493 | rollout: 7.581s | update: 0.770s | total: 8.351s | samples/s: 7664
Iteration 0497 | train reward: 100.84 | best: 104.36 | KL: 2.701e-04 | std: 0.5494 | rollout: 7.289s | update: 0.781s | total: 8.070s | samples/s: 7930
Iteration 0498 | train reward: 102.29 | best: 104.36 | KL: 3.426e-04 | std: 0.5493 | rollout: 6.587s | update: 0.771s | total: 7.358s | samples/s: 8698
Iteration 0499 | train reward: 99.76 | best: 104.36 | KL: 2.408e-04 | std: 0.5493 | rollout: 7.947s | update: 0.766s | total: 8.713s | samples/s: 7345
Iteration 0500 | train reward: 103.38 | best: 104.36 | KL: 2.880e-04 | std: 0.5493 | rollout: 7.257s | update: 0.783s | total: 8.040s | samples/s: 7961
Iteration 0501 | train reward: 102.02 | best: 104.36 | KL: 2.517e-04 | std: 0.5493 | rollout: 8.343s | update: 0.758s | total: 9.101s | samples/s: 7032
Iteration 0502 | train reward: 102.97 | best: 104.36 | KL: 3.038e-04 | std: 0.5493 | rollout: 6.843s | update: 0.758s | total: 7.601s | samples/s: 8420
Iteration 0503 | train reward: 103.68 | best: 104.36 | KL: 3.102e-04 | std: 0.5494 | rollout: 7.115s | update: 0.783s | total: 7.898s | samples/s: 8103
Iteration 0504 | train reward: 100.78 | best: 104.36 | KL: 2.856e-04 | std: 0.5493 | rollout: 8.211s | update: 0.780s | total: 8.990s | samples/s: 7119
Iteration 0505 | train reward: 102.80 | best: 104.36 | KL: 3.134e-04 | std: 0.5490 | rollout: 7.375s | update: 0.780s | total: 8.155s | samples/s: 7848
Iteration 0506 | train reward: 101.46 | best: 104.36 | KL: 2.838e-04 | std: 0.5493 | rollout: 6.632s | update: 0.786s | total: 7.418s | samples/s: 8628
Iteration 0507 | train reward: 102.31 | best: 104.36 | KL: 3.425e-04 | std: 0.5493 | rollout: 6.943s | update: 0.791s | total: 7.734s | samples/s: 8275
Iteration 0508 | train reward: 102.13 | best: 104.36 | KL: 3.022e-04 | std: 0.5503 | rollout: 7.521s | update: 0.777s | total: 8.298s | samples/s: 7713
Iteration 0509 | train reward: 100.19 | best: 104.36 | KL: 3.014e-04 | std: 0.5491 | rollout: 7.821s | update: 0.757s | total: 8.577s | samples/s: 7462
Iteration 0510 | train reward: 101.28 | best: 104.36 | KL: 3.450e-04 | std: 0.5493 | rollout: 7.460s | update: 0.788s | total: 8.248s | samples/s: 7759
Iteration 0511 | train reward: 100.89 | best: 104.36 | KL: 3.620e-04 | std: 0.5504 | rollout: 7.455s | update: 0.779s | total: 8.234s | samples/s: 7773
Iteration 0512 | train reward: 102.39 | best: 104.36 | KL: 3.152e-04 | std: 0.5508 | rollout: 8.584s | update: 0.772s | total: 9.356s | samples/s: 6841
Iteration 0513 | train reward: 100.24 | best: 104.36 | KL: 2.870e-04 | std: 0.5507 | rollout: 7.588s | update: 0.769s | total: 8.358s | samples/s: 7657
Iteration 0514 | train reward: 100.18 | best: 104.36 | KL: 2.586e-04 | std: 0.5507 | rollout: 7.129s | update: 0.759s | total: 7.887s | samples/s: 8114
Iteration 0515 | train reward: 100.84 | best: 104.36 | KL: 2.446e-04 | std: 0.5504 | rollout: 7.439s | update: 0.812s | total: 8.251s | samples/s: 7756
Iteration 0516 | train reward: 101.53 | best: 104.36 | KL: 3.726e-04 | std: 0.5504 | rollout: 8.230s | update: 0.781s | total: 9.010s | samples/s: 7103
Iteration 0517 | train reward: 99.98 | best: 104.36 | KL: 3.186e-04 | std: 0.5504 | rollout: 7.465s | update: 0.809s | total: 8.274s | samples/s: 7736
Iteration 0518 | train reward: 101.15 | best: 104.36 | KL: 3.596e-04 | std: 0.5504 | rollout: 7.999s | update: 0.775s | total: 8.774s | samples/s: 7294
Iteration 0519 | train reward: 101.43 | best: 104.36 | KL: 2.675e-04 | std: 0.5491 | rollout: 7.507s | update: 0.788s | total: 8.296s | samples/s: 7715
Iteration 0520 | train reward: 103.81 | best: 104.36 | KL: 4.322e-04 | std: 0.5490 | rollout: 7.784s | update: 0.779s | total: 8.563s | samples/s: 7474
Iteration 0521 | train reward: 102.77 | best: 104.36 | KL: 3.536e-04 | std: 0.5490 | rollout: 8.160s | update: 0.786s | total: 8.946s | samples/s: 7154
Iteration 0522 | train reward: 103.58 | best: 104.36 | KL: 2.847e-04 | std: 0.5494 | rollout: 7.277s | update: 0.786s | total: 8.063s | samples/s: 7937
Iteration 0523 | train reward: 101.70 | best: 104.36 | KL: 3.077e-04 | std: 0.5493 | rollout: 7.615s | update: 0.766s | total: 8.381s | samples/s: 7637
Iteration 0524 | train reward: 102.69 | best: 104.36 | KL: 3.456e-04 | std: 0.5490 | rollout: 7.379s | update: 0.799s | total: 8.178s | samples/s: 7826
Iteration 0525 | train reward: 101.34 | best: 104.36 | KL: 2.918e-04 | std: 0.5490 | rollout: 7.012s | update: 0.784s | total: 7.795s | samples/s: 8210
Iteration 0526 | train reward: 102.33 | best: 104.36 | KL: 3.544e-04 | std: 0.5486 | rollout: 7.416s | update: 0.754s | total: 8.170s | samples/s: 7833
Iteration 0527 | train reward: 103.83 | best: 104.36 | KL: 3.658e-04 | std: 0.5490 | rollout: 6.993s | update: 0.761s | total: 7.754s | samples/s: 8253
Iteration 0528 | train reward: 102.23 | best: 104.36 | KL: 3.079e-04 | std: 0.5490 | rollout: 6.958s | update: 0.779s | total: 7.737s | samples/s: 8272
Iteration 0529 | train reward: 102.56 | best: 104.36 | KL: 3.478e-04 | std: 0.5487 | rollout: 6.376s | update: 0.840s | total: 7.216s | samples/s: 8869
Iteration 0530 | train reward: 104.81 | best: 104.81 | KL: 3.262e-04 | std: 0.5483 | rollout: 7.031s | update: 0.791s | total: 7.822s | samples/s: 8182
Iteration 0531 | train reward: 101.44 | best: 104.81 | KL: 3.442e-04 | std: 0.5486 | rollout: 7.573s | update: 0.821s | total: 8.394s | samples/s: 7624
Iteration 0532 | train reward: 101.39 | best: 104.81 | KL: 3.306e-04 | std: 0.5491 | rollout: 7.050s | update: 0.774s | total: 7.823s | samples/s: 8181
Iteration 0533 | train reward: 100.80 | best: 104.81 | KL: 3.351e-04 | std: 0.5484 | rollout: 7.472s | update: 0.771s | total: 8.243s | samples/s: 7764
Iteration 0534 | train reward: 104.25 | best: 104.81 | KL: 3.438e-04 | std: 0.5473 | rollout: 6.317s | update: 0.754s | total: 7.071s | samples/s: 9051
Iteration 0535 | train reward: 105.06 | best: 105.06 | KL: 3.021e-04 | std: 0.5470 | rollout: 6.518s | update: 0.816s | total: 7.334s | samples/s: 8726
Iteration 0536 | train reward: 102.89 | best: 105.06 | KL: 3.152e-04 | std: 0.5472 | rollout: 7.483s | update: 0.765s | total: 8.248s | samples/s: 7759
Iteration 0537 | train reward: 103.56 | best: 105.06 | KL: 2.913e-04 | std: 0.5470 | rollout: 7.310s | update: 0.786s | total: 8.095s | samples/s: 7906
Iteration 0538 | train reward: 103.21 | best: 105.06 | KL: 4.722e-04 | std: 0.5473 | rollout: 7.287s | update: 0.762s | total: 8.049s | samples/s: 7952
Iteration 0539 | train reward: 101.09 | best: 105.06 | KL: 3.241e-04 | std: 0.5470 | rollout: 6.705s | update: 0.785s | total: 7.489s | samples/s: 8545
Iteration 0540 | train reward: 102.50 | best: 105.06 | KL: 2.813e-04 | std: 0.5470 | rollout: 7.021s | update: 0.803s | total: 7.824s | samples/s: 8180
Iteration 0541 | train reward: 101.44 | best: 105.06 | KL: 3.023e-04 | std: 0.5473 | rollout: 7.352s | update: 0.781s | total: 8.133s | samples/s: 7869
Iteration 0542 | train reward: 100.86 | best: 105.06 | KL: 3.601e-04 | std: 0.5470 | rollout: 7.661s | update: 0.773s | total: 8.434s | samples/s: 7589
Iteration 0543 | train reward: 103.35 | best: 105.06 | KL: 3.206e-04 | std: 0.5483 | rollout: 7.769s | update: 0.759s | total: 8.528s | samples/s: 7505
Iteration 0544 | train reward: 103.70 | best: 105.06 | KL: 3.334e-04 | std: 0.5486 | rollout: 7.351s | update: 0.785s | total: 8.136s | samples/s: 7866
Iteration 0545 | train reward: 104.08 | best: 105.06 | KL: 3.890e-04 | std: 0.5484 | rollout: 7.893s | update: 0.755s | total: 8.648s | samples/s: 7400
Iteration 0546 | train reward: 101.74 | best: 105.06 | KL: 3.388e-04 | std: 0.5483 | rollout: 7.455s | update: 0.731s | total: 8.186s | samples/s: 7818
Iteration 0547 | train reward: 102.41 | best: 105.06 | KL: 3.934e-04 | std: 0.5473 | rollout: 6.441s | update: 0.791s | total: 7.232s | samples/s: 8850
Iteration 0548 | train reward: 100.16 | best: 105.06 | KL: 4.030e-04 | std: 0.5472 | rollout: 7.353s | update: 0.805s | total: 8.158s | samples/s: 7845
Iteration 0549 | train reward: 103.02 | best: 105.06 | KL: 3.278e-04 | std: 0.5473 | rollout: 7.575s | update: 0.782s | total: 8.357s | samples/s: 7658
Iteration 0550 | train reward: 100.87 | best: 105.06 | KL: 3.620e-04 | std: 0.5483 | rollout: 7.748s | update: 0.818s | total: 8.565s | samples/s: 7472
Iteration 0551 | train reward: 100.64 | best: 105.06 | KL: 3.839e-04 | std: 0.5490 | rollout: 7.351s | update: 0.767s | total: 8.118s | samples/s: 7884
Iteration 0552 | train reward: 101.28 | best: 105.06 | KL: 3.973e-04 | std: 0.5490 | rollout: 7.359s | update: 0.795s | total: 8.154s | samples/s: 7849
Iteration 0553 | train reward: 101.94 | best: 105.06 | KL: 3.871e-04 | std: 0.5491 | rollout: 7.179s | update: 0.770s | total: 7.950s | samples/s: 8051
Iteration 0554 | train reward: 99.64 | best: 105.06 | KL: 3.783e-04 | std: 0.5490 | rollout: 7.803s | update: 0.792s | total: 8.595s | samples/s: 7446
Iteration 0555 | train reward: 101.93 | best: 105.06 | KL: 3.167e-04 | std: 0.5503 | rollout: 7.426s | update: 0.779s | total: 8.205s | samples/s: 7800
Iteration 0556 | train reward: 104.38 | best: 105.06 | KL: 4.288e-04 | std: 0.5503 | rollout: 7.500s | update: 0.784s | total: 8.284s | samples/s: 7726
Iteration 0557 | train reward: 101.72 | best: 105.06 | KL: 3.888e-04 | std: 0.5503 | rollout: 6.958s | update: 0.821s | total: 7.779s | samples/s: 8227
Iteration 0558 | train reward: 103.94 | best: 105.06 | KL: 3.584e-04 | std: 0.5507 | rollout: 6.082s | update: 0.840s | total: 6.922s | samples/s: 9246
Iteration 0559 | train reward: 100.94 | best: 105.06 | KL: 3.498e-04 | std: 0.5507 | rollout: 7.453s | update: 0.830s | total: 8.283s | samples/s: 7726
Iteration 0560 | train reward: 101.09 | best: 105.06 | KL: 3.056e-04 | std: 0.5503 | rollout: 7.621s | update: 0.848s | total: 8.469s | samples/s: 7557
Iteration 0561 | train reward: 101.78 | best: 105.06 | KL: 3.351e-04 | std: 0.5490 | rollout: 6.486s | update: 0.736s | total: 7.223s | samples/s: 8861
Iteration 0562 | train reward: 101.02 | best: 105.06 | KL: 4.096e-04 | std: 0.5491 | rollout: 7.495s | update: 0.733s | total: 8.228s | samples/s: 7779
Iteration 0563 | train reward: 103.89 | best: 105.06 | KL: 3.536e-04 | std: 0.5491 | rollout: 8.409s | update: 0.723s | total: 9.132s | samples/s: 7008
Iteration 0564 | train reward: 102.67 | best: 105.06 | KL: 3.161e-04 | std: 0.5491 | rollout: 7.277s | update: 0.802s | total: 8.079s | samples/s: 7922
Iteration 0565 | train reward: 101.14 | best: 105.06 | KL: 3.776e-04 | std: 0.5493 | rollout: 7.224s | update: 0.768s | total: 7.992s | samples/s: 8008
Iteration 0566 | train reward: 100.42 | best: 105.06 | KL: 4.393e-04 | std: 0.5491 | rollout: 6.578s | update: 0.776s | total: 7.354s | samples/s: 8703
Iteration 0567 | train reward: 102.69 | best: 105.06 | KL: 3.497e-04 | std: 0.5494 | rollout: 6.046s | update: 0.784s | total: 6.829s | samples/s: 9372
Iteration 0568 | train reward: 101.98 | best: 105.06 | KL: 5.060e-04 | std: 0.5493 | rollout: 6.122s | update: 0.771s | total: 6.894s | samples/s: 9284
Iteration 0569 | train reward: 103.14 | best: 105.06 | KL: 3.261e-04 | std: 0.5493 | rollout: 7.098s | update: 0.760s | total: 7.858s | samples/s: 8144
Iteration 0570 | train reward: 102.69 | best: 105.06 | KL: 3.876e-04 | std: 0.5494 | rollout: 6.300s | update: 0.755s | total: 7.056s | samples/s: 9071
Iteration 0571 | train reward: 102.03 | best: 105.06 | KL: 4.056e-04 | std: 0.5503 | rollout: 7.073s | update: 0.816s | total: 7.888s | samples/s: 8113
Iteration 0572 | train reward: 103.46 | best: 105.06 | KL: 3.927e-04 | std: 0.5504 | rollout: 7.788s | update: 0.786s | total: 8.574s | samples/s: 7464
Iteration 0573 | train reward: 102.17 | best: 105.06 | KL: 4.428e-04 | std: 0.5507 | rollout: 6.951s | update: 0.774s | total: 7.725s | samples/s: 8285
Iteration 0574 | train reward: 104.73 | best: 105.06 | KL: 3.630e-04 | std: 0.5509 | rollout: 6.184s | update: 0.803s | total: 6.987s | samples/s: 9160
Iteration 0575 | train reward: 102.48 | best: 105.06 | KL: 3.644e-04 | std: 0.5511 | rollout: 7.204s | update: 0.807s | total: 8.011s | samples/s: 7989
Iteration 0576 | train reward: 101.95 | best: 105.06 | KL: 4.223e-04 | std: 0.5508 | rollout: 7.525s | update: 0.771s | total: 8.297s | samples/s: 7714
Iteration 0577 | train reward: 101.99 | best: 105.06 | KL: 3.547e-04 | std: 0.5511 | rollout: 7.529s | update: 0.785s | total: 8.314s | samples/s: 7698
Iteration 0578 | train reward: 102.34 | best: 105.06 | KL: 4.162e-04 | std: 0.5522 | rollout: 6.633s | update: 0.788s | total: 7.421s | samples/s: 8624
Iteration 0579 | train reward: 101.47 | best: 105.06 | KL: 3.243e-04 | std: 0.5522 | rollout: 6.350s | update: 0.779s | total: 7.128s | samples/s: 8978
Iteration 0580 | train reward: 100.71 | best: 105.06 | KL: 3.682e-04 | std: 0.5512 | rollout: 6.161s | update: 0.752s | total: 6.914s | samples/s: 9257
Iteration 0581 | train reward: 103.55 | best: 105.06 | KL: 3.722e-04 | std: 0.5522 | rollout: 7.093s | update: 0.752s | total: 7.844s | samples/s: 8159
Iteration 0582 | train reward: 104.37 | best: 105.06 | KL: 3.420e-04 | std: 0.5522 | rollout: 7.758s | update: 0.761s | total: 8.520s | samples/s: 7512
Iteration 0583 | train reward: 102.97 | best: 105.06 | KL: 4.182e-04 | std: 0.5525 | rollout: 7.037s | update: 0.759s | total: 7.796s | samples/s: 8210
Iteration 0584 | train reward: 104.22 | best: 105.06 | KL: 2.904e-04 | std: 0.5522 | rollout: 6.497s | update: 0.769s | total: 7.266s | samples/s: 8808
Iteration 0585 | train reward: 103.68 | best: 105.06 | KL: 3.767e-04 | std: 0.5512 | rollout: 6.043s | update: 0.789s | total: 6.833s | samples/s: 9367
Iteration 0586 | train reward: 104.76 | best: 105.06 | KL: 4.280e-04 | std: 0.5508 | rollout: 6.390s | update: 0.765s | total: 7.155s | samples/s: 8945
Iteration 0587 | train reward: 103.29 | best: 105.06 | KL: 3.374e-04 | std: 0.5508 | rollout: 6.510s | update: 0.772s | total: 7.282s | samples/s: 8788
Iteration 0588 | train reward: 102.99 | best: 105.06 | KL: 3.858e-04 | std: 0.5507 | rollout: 7.159s | update: 0.758s | total: 7.918s | samples/s: 8083
Iteration 0589 | train reward: 105.12 | best: 105.12 | KL: 4.519e-04 | std: 0.5503 | rollout: 6.062s | update: 0.768s | total: 6.830s | samples/s: 9371
Iteration 0590 | train reward: 104.52 | best: 105.12 | KL: 4.427e-04 | std: 0.5493 | rollout: 6.057s | update: 0.756s | total: 6.813s | samples/s: 9393
Iteration 0591 | train reward: 102.97 | best: 105.12 | KL: 3.594e-04 | std: 0.5494 | rollout: 6.302s | update: 0.818s | total: 7.119s | samples/s: 8989
Iteration 0592 | train reward: 103.45 | best: 105.12 | KL: 4.580e-04 | std: 0.5507 | rollout: 7.585s | update: 0.778s | total: 8.363s | samples/s: 7653
Iteration 0593 | train reward: 106.65 | best: 106.65 | KL: 4.289e-04 | std: 0.5507 | rollout: 6.740s | update: 0.770s | total: 7.510s | samples/s: 8522
Iteration 0594 | train reward: 103.91 | best: 106.65 | KL: 3.899e-04 | std: 0.5508 | rollout: 7.338s | update: 0.765s | total: 8.103s | samples/s: 7898
Iteration 0595 | train reward: 102.84 | best: 106.65 | KL: 4.479e-04 | std: 0.5494 | rollout: 7.127s | update: 0.799s | total: 7.926s | samples/s: 8075
Iteration 0596 | train reward: 104.51 | best: 106.65 | KL: 3.489e-04 | std: 0.5491 | rollout: 7.499s | update: 0.777s | total: 8.276s | samples/s: 7733
Iteration 0597 | train reward: 104.89 | best: 106.65 | KL: 4.447e-04 | std: 0.5487 | rollout: 7.848s | update: 0.755s | total: 8.603s | samples/s: 7439
Iteration 0598 | train reward: 104.27 | best: 106.65 | KL: 5.075e-04 | std: 0.5490 | rollout: 6.017s | update: 0.757s | total: 6.774s | samples/s: 9448
Iteration 0599 | train reward: 103.94 | best: 106.65 | KL: 4.150e-04 | std: 0.5491 | rollout: 6.334s | update: 0.780s | total: 7.115s | samples/s: 8995
Iteration 0600 | train reward: 102.56 | best: 106.65 | KL: 4.604e-04 | std: 0.5490 | rollout: 7.657s | update: 0.784s | total: 8.441s | samples/s: 7582
Iteration 0601 | train reward: 104.63 | best: 106.65 | KL: 3.455e-04 | std: 0.5493 | rollout: 6.522s | update: 0.760s | total: 7.282s | samples/s: 8789
Iteration 0602 | train reward: 104.05 | best: 106.65 | KL: 3.785e-04 | std: 0.5491 | rollout: 7.637s | update: 0.804s | total: 8.442s | samples/s: 7581
Iteration 0603 | train reward: 106.20 | best: 106.65 | KL: 4.411e-04 | std: 0.5490 | rollout: 7.114s | update: 0.799s | total: 7.913s | samples/s: 8088
Iteration 0604 | train reward: 105.04 | best: 106.65 | KL: 3.985e-04 | std: 0.5490 | rollout: 6.124s | update: 0.753s | total: 6.876s | samples/s: 9307
Iteration 0605 | train reward: 105.73 | best: 106.65 | KL: 4.317e-04 | std: 0.5486 | rollout: 6.303s | update: 0.784s | total: 7.086s | samples/s: 9032
Iteration 0606 | train reward: 105.19 | best: 106.65 | KL: 4.633e-04 | std: 0.5484 | rollout: 6.802s | update: 0.789s | total: 7.590s | samples/s: 8432
Iteration 0607 | train reward: 104.75 | best: 106.65 | KL: 4.388e-04 | std: 0.5486 | rollout: 6.327s | update: 0.812s | total: 7.139s | samples/s: 8965
Iteration 0608 | train reward: 106.91 | best: 106.91 | KL: 4.508e-04 | std: 0.5482 | rollout: 6.249s | update: 0.766s | total: 7.015s | samples/s: 9123
Iteration 0609 | train reward: 103.62 | best: 106.91 | KL: 4.382e-04 | std: 0.5486 | rollout: 6.458s | update: 0.803s | total: 7.261s | samples/s: 8815
Iteration 0610 | train reward: 102.64 | best: 106.91 | KL: 4.091e-04 | std: 0.5473 | rollout: 7.238s | update: 0.763s | total: 8.000s | samples/s: 8000
Iteration 0611 | train reward: 104.26 | best: 106.91 | KL: 4.541e-04 | std: 0.5482 | rollout: 7.571s | update: 0.822s | total: 8.393s | samples/s: 7626
Iteration 0612 | train reward: 104.99 | best: 106.91 | KL: 4.679e-04 | std: 0.5470 | rollout: 7.254s | update: 0.770s | total: 8.024s | samples/s: 7976
Iteration 0613 | train reward: 107.48 | best: 107.48 | KL: 5.140e-04 | std: 0.5470 | rollout: 8.261s | update: 0.771s | total: 9.032s | samples/s: 7086
Iteration 0614 | train reward: 105.97 | best: 107.48 | KL: 3.510e-04 | std: 0.5469 | rollout: 8.682s | update: 0.781s | total: 9.463s | samples/s: 6763
Iteration 0615 | train reward: 104.47 | best: 107.48 | KL: 3.411e-04 | std: 0.5468 | rollout: 7.798s | update: 0.775s | total: 8.573s | samples/s: 7465
Iteration 0616 | train reward: 102.64 | best: 107.48 | KL: 4.821e-04 | std: 0.5451 | rollout: 6.789s | update: 0.766s | total: 7.556s | samples/s: 8471
Iteration 0617 | train reward: 104.37 | best: 107.48 | KL: 5.963e-04 | std: 0.5451 | rollout: 6.619s | update: 0.768s | total: 7.387s | samples/s: 8664
Iteration 0618 | train reward: 105.05 | best: 107.48 | KL: 4.020e-04 | std: 0.5455 | rollout: 7.588s | update: 0.764s | total: 8.352s | samples/s: 7663
Iteration 0619 | train reward: 105.73 | best: 107.48 | KL: 3.810e-04 | std: 0.5464 | rollout: 7.807s | update: 0.813s | total: 8.620s | samples/s: 7425
Iteration 0620 | train reward: 104.98 | best: 107.48 | KL: 3.850e-04 | std: 0.5465 | rollout: 7.549s | update: 0.790s | total: 8.338s | samples/s: 7675
Iteration 0621 | train reward: 106.03 | best: 107.48 | KL: 4.659e-04 | std: 0.5465 | rollout: 6.172s | update: 0.772s | total: 6.944s | samples/s: 9217
Iteration 0622 | train reward: 104.63 | best: 107.48 | KL: 3.791e-04 | std: 0.5469 | rollout: 7.375s | update: 0.783s | total: 8.158s | samples/s: 7845
Iteration 0623 | train reward: 105.33 | best: 107.48 | KL: 3.956e-04 | std: 0.5468 | rollout: 7.388s | update: 0.776s | total: 8.164s | samples/s: 7839
Iteration 0624 | train reward: 107.90 | best: 107.90 | KL: 3.951e-04 | std: 0.5464 | rollout: 7.199s | update: 0.776s | total: 7.975s | samples/s: 8025
Iteration 0625 | train reward: 103.69 | best: 107.90 | KL: 5.670e-04 | std: 0.5465 | rollout: 7.441s | update: 0.774s | total: 8.215s | samples/s: 7791
Iteration 0626 | train reward: 104.90 | best: 107.90 | KL: 4.453e-04 | std: 0.5468 | rollout: 7.913s | update: 0.769s | total: 8.683s | samples/s: 7371
Iteration 0627 | train reward: 106.95 | best: 107.90 | KL: 3.716e-04 | std: 0.5455 | rollout: 7.445s | update: 0.786s | total: 8.231s | samples/s: 7775
Iteration 0628 | train reward: 106.75 | best: 107.90 | KL: 4.647e-04 | std: 0.5469 | rollout: 7.999s | update: 0.770s | total: 8.769s | samples/s: 7299
Iteration 0629 | train reward: 106.47 | best: 107.90 | KL: 4.455e-04 | std: 0.5469 | rollout: 7.441s | update: 0.795s | total: 8.236s | samples/s: 7770
Iteration 0630 | train reward: 106.35 | best: 107.90 | KL: 5.563e-04 | std: 0.5468 | rollout: 7.005s | update: 0.772s | total: 7.777s | samples/s: 8230
Iteration 0631 | train reward: 107.02 | best: 107.90 | KL: 4.304e-04 | std: 0.5464 | rollout: 6.198s | update: 0.781s | total: 6.979s | samples/s: 9170
Iteration 0632 | train reward: 108.92 | best: 108.92 | KL: 4.355e-04 | std: 0.5455 | rollout: 6.115s | update: 0.766s | total: 6.880s | samples/s: 9302
Iteration 0633 | train reward: 105.92 | best: 108.92 | KL: 4.617e-04 | std: 0.5464 | rollout: 6.067s | update: 0.785s | total: 6.852s | samples/s: 9340
Iteration 0634 | train reward: 105.51 | best: 108.92 | KL: 5.150e-04 | std: 0.5468 | rollout: 7.083s | update: 0.788s | total: 7.871s | samples/s: 8131
Iteration 0635 | train reward: 106.69 | best: 108.92 | KL: 3.465e-04 | std: 0.5468 | rollout: 7.506s | update: 0.777s | total: 8.283s | samples/s: 7727
Iteration 0636 | train reward: 107.04 | best: 108.92 | KL: 4.852e-04 | std: 0.5470 | rollout: 7.290s | update: 0.799s | total: 8.089s | samples/s: 7912
Iteration 0637 | train reward: 108.21 | best: 108.92 | KL: 4.431e-04 | std: 0.5469 | rollout: 7.828s | update: 0.770s | total: 8.599s | samples/s: 7443
Iteration 0638 | train reward: 108.98 | best: 108.98 | KL: 5.262e-04 | std: 0.5473 | rollout: 7.299s | update: 0.762s | total: 8.061s | samples/s: 7940
Iteration 0639 | train reward: 107.56 | best: 108.98 | KL: 4.987e-04 | std: 0.5482 | rollout: 8.304s | update: 0.790s | total: 9.094s | samples/s: 7038
Iteration 0640 | train reward: 108.37 | best: 108.98 | KL: 4.537e-04 | std: 0.5472 | rollout: 6.170s | update: 0.764s | total: 6.934s | samples/s: 9229
Iteration 0641 | train reward: 108.26 | best: 108.98 | KL: 4.094e-04 | std: 0.5469 | rollout: 6.416s | update: 0.807s | total: 7.224s | samples/s: 8860
Iteration 0642 | train reward: 107.69 | best: 108.98 | KL: 5.018e-04 | std: 0.5468 | rollout: 6.551s | update: 0.826s | total: 7.378s | samples/s: 8675
Iteration 0643 | train reward: 107.33 | best: 108.98 | KL: 4.284e-04 | std: 0.5465 | rollout: 6.264s | update: 0.790s | total: 7.054s | samples/s: 9072
Iteration 0644 | train reward: 105.47 | best: 108.98 | KL: 4.490e-04 | std: 0.5465 | rollout: 6.230s | update: 0.784s | total: 7.014s | samples/s: 9125
Iteration 0645 | train reward: 107.92 | best: 108.98 | KL: 4.850e-04 | std: 0.5464 | rollout: 7.247s | update: 0.827s | total: 8.075s | samples/s: 7926
Iteration 0646 | train reward: 107.43 | best: 108.98 | KL: 4.938e-04 | std: 0.5455 | rollout: 7.408s | update: 0.927s | total: 8.335s | samples/s: 7679
Iteration 0647 | train reward: 106.34 | best: 108.98 | KL: 4.501e-04 | std: 0.5455 | rollout: 7.718s | update: 0.772s | total: 8.489s | samples/s: 7539
Iteration 0648 | train reward: 107.62 | best: 108.98 | KL: 4.957e-04 | std: 0.5452 | rollout: 7.276s | update: 0.763s | total: 8.038s | samples/s: 7962
Iteration 0649 | train reward: 106.99 | best: 108.98 | KL: 4.941e-04 | std: 0.5451 | rollout: 6.884s | update: 0.793s | total: 7.677s | samples/s: 8337
Iteration 0650 | train reward: 108.06 | best: 108.98 | KL: 4.022e-04 | std: 0.5447 | rollout: 7.457s | update: 0.769s | total: 8.227s | samples/s: 7780
Iteration 0651 | train reward: 107.00 | best: 108.98 | KL: 4.501e-04 | std: 0.5444 | rollout: 7.443s | update: 0.801s | total: 8.244s | samples/s: 7764
Iteration 0652 | train reward: 108.14 | best: 108.98 | KL: 5.189e-04 | std: 0.5444 | rollout: 7.199s | update: 0.771s | total: 7.970s | samples/s: 8030
Iteration 0653 | train reward: 107.63 | best: 108.98 | KL: 4.670e-04 | std: 0.5444 | rollout: 7.719s | update: 0.775s | total: 8.494s | samples/s: 7535
Iteration 0654 | train reward: 108.50 | best: 108.98 | KL: 4.990e-04 | std: 0.5447 | rollout: 7.433s | update: 0.781s | total: 8.215s | samples/s: 7791
Iteration 0655 | train reward: 106.98 | best: 108.98 | KL: 4.469e-04 | std: 0.5451 | rollout: 7.080s | update: 0.767s | total: 7.848s | samples/s: 8155
Iteration 0656 | train reward: 106.72 | best: 108.98 | KL: 5.479e-04 | std: 0.5450 | rollout: 7.328s | update: 0.804s | total: 8.132s | samples/s: 7871
Iteration 0657 | train reward: 107.88 | best: 108.98 | KL: 4.224e-04 | std: 0.5450 | rollout: 6.865s | update: 0.788s | total: 7.654s | samples/s: 8362
Iteration 0658 | train reward: 106.12 | best: 108.98 | KL: 4.566e-04 | std: 0.5448 | rollout: 7.203s | update: 0.786s | total: 7.989s | samples/s: 8011
Iteration 0659 | train reward: 107.91 | best: 108.98 | KL: 4.448e-04 | std: 0.5455 | rollout: 7.994s | update: 0.769s | total: 8.763s | samples/s: 7304
Iteration 0660 | train reward: 106.50 | best: 108.98 | KL: 4.539e-04 | std: 0.5454 | rollout: 7.415s | update: 0.781s | total: 8.196s | samples/s: 7809
Iteration 0661 | train reward: 109.29 | best: 109.29 | KL: 4.442e-04 | std: 0.5455 | rollout: 8.174s | update: 0.773s | total: 8.947s | samples/s: 7153
Iteration 0662 | train reward: 108.97 | best: 109.29 | KL: 4.541e-04 | std: 0.5455 | rollout: 8.798s | update: 0.762s | total: 9.559s | samples/s: 6695
Iteration 0663 | train reward: 108.20 | best: 109.29 | KL: 4.367e-04 | std: 0.5451 | rollout: 6.509s | update: 0.801s | total: 7.310s | samples/s: 8756
Iteration 0664 | train reward: 108.14 | best: 109.29 | KL: 4.405e-04 | std: 0.5452 | rollout: 6.047s | update: 0.761s | total: 6.808s | samples/s: 9400
Iteration 0665 | train reward: 107.32 | best: 109.29 | KL: 4.565e-04 | std: 0.5450 | rollout: 6.947s | update: 0.780s | total: 7.727s | samples/s: 8283
Iteration 0666 | train reward: 108.89 | best: 109.29 | KL: 4.089e-04 | std: 0.5451 | rollout: 7.215s | update: 0.802s | total: 8.016s | samples/s: 7984
Iteration 0667 | train reward: 108.00 | best: 109.29 | KL: 4.866e-04 | std: 0.5451 | rollout: 7.632s | update: 0.770s | total: 8.402s | samples/s: 7617
Iteration 0668 | train reward: 106.32 | best: 109.29 | KL: 4.656e-04 | std: 0.5455 | rollout: 6.430s | update: 0.775s | total: 7.205s | samples/s: 8883
Iteration 0669 | train reward: 108.15 | best: 109.29 | KL: 4.853e-04 | std: 0.5454 | rollout: 6.040s | update: 0.793s | total: 6.834s | samples/s: 9365
Iteration 0670 | train reward: 107.89 | best: 109.29 | KL: 4.296e-04 | std: 0.5455 | rollout: 6.515s | update: 0.775s | total: 7.290s | samples/s: 8779
Iteration 0671 | train reward: 107.35 | best: 109.29 | KL: 4.132e-04 | std: 0.5454 | rollout: 8.470s | update: 0.768s | total: 9.238s | samples/s: 6928
Iteration 0672 | train reward: 107.59 | best: 109.29 | KL: 4.276e-04 | std: 0.5454 | rollout: 7.483s | update: 0.791s | total: 8.274s | samples/s: 7735
Iteration 0673 | train reward: 109.66 | best: 109.66 | KL: 4.187e-04 | std: 0.5451 | rollout: 7.508s | update: 0.819s | total: 8.328s | samples/s: 7685
Iteration 0674 | train reward: 108.18 | best: 109.66 | KL: 5.067e-04 | std: 0.5447 | rollout: 7.439s | update: 0.803s | total: 8.242s | samples/s: 7765
Iteration 0675 | train reward: 107.75 | best: 109.66 | KL: 4.601e-04 | std: 0.5444 | rollout: 7.289s | update: 0.784s | total: 8.073s | samples/s: 7928
Iteration 0676 | train reward: 106.38 | best: 109.66 | KL: 5.441e-04 | std: 0.5429 | rollout: 7.165s | update: 0.809s | total: 7.974s | samples/s: 8026
Iteration 0677 | train reward: 108.40 | best: 109.66 | KL: 5.245e-04 | std: 0.5431 | rollout: 7.043s | update: 0.769s | total: 7.812s | samples/s: 8192
Iteration 0678 | train reward: 110.29 | best: 110.29 | KL: 4.800e-04 | std: 0.5431 | rollout: 6.827s | update: 0.787s | total: 7.614s | samples/s: 8406
Iteration 0679 | train reward: 107.90 | best: 110.29 | KL: 4.222e-04 | std: 0.5431 | rollout: 8.178s | update: 0.895s | total: 9.073s | samples/s: 7054
Iteration 0680 | train reward: 108.05 | best: 110.29 | KL: 4.008e-04 | std: 0.5434 | rollout: 7.146s | update: 0.776s | total: 7.922s | samples/s: 8079
Iteration 0681 | train reward: 109.21 | best: 110.29 | KL: 4.027e-04 | std: 0.5431 | rollout: 6.401s | update: 0.778s | total: 7.178s | samples/s: 8916
Iteration 0682 | train reward: 108.31 | best: 110.29 | KL: 4.743e-04 | std: 0.5430 | rollout: 6.162s | update: 0.776s | total: 6.938s | samples/s: 9224
Iteration 0683 | train reward: 108.71 | best: 110.29 | KL: 4.561e-04 | std: 0.5429 | rollout: 7.459s | update: 0.782s | total: 8.240s | samples/s: 7767
Iteration 0684 | train reward: 109.42 | best: 110.29 | KL: 4.386e-04 | std: 0.5430 | rollout: 7.798s | update: 0.791s | total: 8.589s | samples/s: 7451
Iteration 0685 | train reward: 107.62 | best: 110.29 | KL: 4.616e-04 | std: 0.5430 | rollout: 7.477s | update: 0.771s | total: 8.247s | samples/s: 7760
Iteration 0686 | train reward: 109.74 | best: 110.29 | KL: 4.042e-04 | std: 0.5431 | rollout: 7.302s | update: 0.758s | total: 8.060s | samples/s: 7940
Iteration 0687 | train reward: 108.80 | best: 110.29 | KL: 5.410e-04 | std: 0.5433 | rollout: 7.383s | update: 0.784s | total: 8.166s | samples/s: 7837
Iteration 0688 | train reward: 108.64 | best: 110.29 | KL: 3.681e-04 | std: 0.5430 | rollout: 7.527s | update: 0.772s | total: 8.299s | samples/s: 7712
Iteration 0689 | train reward: 109.32 | best: 110.29 | KL: 4.009e-04 | std: 0.5433 | rollout: 8.054s | update: 0.772s | total: 8.826s | samples/s: 7251
Iteration 0690 | train reward: 110.53 | best: 110.53 | KL: 4.500e-04 | std: 0.5444 | rollout: 7.642s | update: 0.820s | total: 8.461s | samples/s: 7564
Iteration 0691 | train reward: 109.10 | best: 110.53 | KL: 4.256e-04 | std: 0.5452 | rollout: 7.225s | update: 0.772s | total: 7.998s | samples/s: 8002
Iteration 0692 | train reward: 109.45 | best: 110.53 | KL: 4.929e-04 | std: 0.5447 | rollout: 7.906s | update: 0.769s | total: 8.675s | samples/s: 7378
Iteration 0693 | train reward: 111.23 | best: 111.23 | KL: 4.878e-04 | std: 0.5434 | rollout: 7.599s | update: 0.775s | total: 8.374s | samples/s: 7643
Iteration 0694 | train reward: 108.95 | best: 111.23 | KL: 5.321e-04 | std: 0.5430 | rollout: 7.548s | update: 0.770s | total: 8.318s | samples/s: 7694
Iteration 0695 | train reward: 111.43 | best: 111.43 | KL: 3.870e-04 | std: 0.5429 | rollout: 6.930s | update: 0.804s | total: 7.734s | samples/s: 8275
Iteration 0696 | train reward: 108.57 | best: 111.43 | KL: 4.322e-04 | std: 0.5425 | rollout: 7.028s | update: 0.807s | total: 7.834s | samples/s: 8169
Iteration 0697 | train reward: 109.84 | best: 111.43 | KL: 4.479e-04 | std: 0.5425 | rollout: 7.589s | update: 0.763s | total: 8.352s | samples/s: 7663
Iteration 0698 | train reward: 111.04 | best: 111.43 | KL: 4.234e-04 | std: 0.5425 | rollout: 6.371s | update: 0.791s | total: 7.162s | samples/s: 8936
Iteration 0699 | train reward: 111.18 | best: 111.43 | KL: 3.681e-04 | std: 0.5429 | rollout: 7.419s | update: 0.775s | total: 8.194s | samples/s: 7810
Iteration 0700 | train reward: 110.43 | best: 111.43 | KL: 4.300e-04 | std: 0.5416 | rollout: 8.025s | update: 0.769s | total: 8.793s | samples/s: 7278
Iteration 0701 | train reward: 109.08 | best: 111.43 | KL: 4.467e-04 | std: 0.5425 | rollout: 7.619s | update: 0.786s | total: 8.405s | samples/s: 7614
Iteration 0702 | train reward: 111.08 | best: 111.43 | KL: 4.491e-04 | std: 0.5426 | rollout: 7.069s | update: 0.764s | total: 7.833s | samples/s: 8171
Iteration 0703 | train reward: 108.66 | best: 111.43 | KL: 5.638e-04 | std: 0.5416 | rollout: 6.239s | update: 0.787s | total: 7.026s | samples/s: 9109
Iteration 0704 | train reward: 110.14 | best: 111.43 | KL: 3.594e-04 | std: 0.5409 | rollout: 6.217s | update: 0.818s | total: 7.035s | samples/s: 9098
Iteration 0705 | train reward: 110.93 | best: 111.43 | KL: 4.280e-04 | std: 0.5411 | rollout: 7.399s | update: 0.797s | total: 8.196s | samples/s: 7809
Iteration 0706 | train reward: 110.70 | best: 111.43 | KL: 3.906e-04 | std: 0.5408 | rollout: 6.973s | update: 0.769s | total: 7.742s | samples/s: 8267
Iteration 0707 | train reward: 111.29 | best: 111.43 | KL: 3.997e-04 | std: 0.5405 | rollout: 7.266s | update: 0.819s | total: 8.085s | samples/s: 7916
Iteration 0708 | train reward: 110.60 | best: 111.43 | KL: 4.568e-04 | std: 0.5395 | rollout: 7.277s | update: 0.762s | total: 8.039s | samples/s: 7961
Iteration 0709 | train reward: 110.21 | best: 111.43 | KL: 3.762e-04 | std: 0.5394 | rollout: 7.132s | update: 0.772s | total: 7.904s | samples/s: 8097
Iteration 0710 | train reward: 110.62 | best: 111.43 | KL: 4.162e-04 | std: 0.5405 | rollout: 6.360s | update: 0.776s | total: 7.136s | samples/s: 8968
Iteration 0711 | train reward: 110.52 | best: 111.43 | KL: 3.954e-04 | std: 0.5392 | rollout: 6.235s | update: 0.783s | total: 7.018s | samples/s: 9119
Iteration 0712 | train reward: 110.48 | best: 111.43 | KL: 5.717e-04 | std: 0.5394 | rollout: 6.232s | update: 0.785s | total: 7.017s | samples/s: 9121
Iteration 0713 | train reward: 111.81 | best: 111.81 | KL: 4.889e-04 | std: 0.5392 | rollout: 6.667s | update: 0.781s | total: 7.448s | samples/s: 8593
Iteration 0714 | train reward: 110.33 | best: 111.81 | KL: 4.385e-04 | std: 0.5391 | rollout: 6.367s | update: 0.773s | total: 7.140s | samples/s: 8964
Iteration 0715 | train reward: 112.61 | best: 112.61 | KL: 4.501e-04 | std: 0.5390 | rollout: 6.827s | update: 0.780s | total: 7.606s | samples/s: 8414
Iteration 0716 | train reward: 109.47 | best: 112.61 | KL: 4.223e-04 | std: 0.5391 | rollout: 6.118s | update: 0.828s | total: 6.946s | samples/s: 9214
Iteration 0717 | train reward: 111.47 | best: 112.61 | KL: 3.729e-04 | std: 0.5391 | rollout: 6.973s | update: 0.843s | total: 7.816s | samples/s: 8188
Iteration 0718 | train reward: 110.48 | best: 112.61 | KL: 3.923e-04 | std: 0.5390 | rollout: 6.444s | update: 0.792s | total: 7.235s | samples/s: 8845
Iteration 0719 | train reward: 111.23 | best: 112.61 | KL: 4.461e-04 | std: 0.5391 | rollout: 7.409s | update: 0.788s | total: 8.196s | samples/s: 7808
Iteration 0720 | train reward: 110.14 | best: 112.61 | KL: 5.345e-04 | std: 0.5392 | rollout: 8.271s | update: 0.739s | total: 9.010s | samples/s: 7103
Iteration 0721 | train reward: 111.94 | best: 112.61 | KL: 4.844e-04 | std: 0.5391 | rollout: 6.515s | update: 0.735s | total: 7.250s | samples/s: 8827
Iteration 0722 | train reward: 112.17 | best: 112.61 | KL: 3.510e-04 | std: 0.5395 | rollout: 6.795s | update: 0.737s | total: 7.532s | samples/s: 8497
Iteration 0723 | train reward: 112.13 | best: 112.61 | KL: 4.810e-04 | std: 0.5395 | rollout: 6.080s | update: 0.728s | total: 6.807s | samples/s: 9402
Iteration 0724 | train reward: 111.02 | best: 112.61 | KL: 4.871e-04 | std: 0.5409 | rollout: 7.083s | update: 0.780s | total: 7.863s | samples/s: 8139
Iteration 0725 | train reward: 111.92 | best: 112.61 | KL: 4.687e-04 | std: 0.5405 | rollout: 6.906s | update: 0.741s | total: 7.648s | samples/s: 8369
Iteration 0726 | train reward: 110.62 | best: 112.61 | KL: 3.356e-04 | std: 0.5405 | rollout: 6.224s | update: 0.744s | total: 6.968s | samples/s: 9185
Iteration 0727 | train reward: 111.77 | best: 112.61 | KL: 4.858e-04 | std: 0.5391 | rollout: 6.772s | update: 0.767s | total: 7.538s | samples/s: 8490
Iteration 0728 | train reward: 111.74 | best: 112.61 | KL: 5.588e-04 | std: 0.5394 | rollout: 6.816s | update: 0.864s | total: 7.679s | samples/s: 8334
Iteration 0729 | train reward: 110.20 | best: 112.61 | KL: 4.429e-04 | std: 0.5395 | rollout: 7.307s | update: 0.791s | total: 8.098s | samples/s: 7903
Iteration 0730 | train reward: 111.28 | best: 112.61 | KL: 4.897e-04 | std: 0.5405 | rollout: 7.312s | update: 0.818s | total: 8.130s | samples/s: 7872
Iteration 0731 | train reward: 110.33 | best: 112.61 | KL: 4.178e-04 | std: 0.5406 | rollout: 7.940s | update: 0.765s | total: 8.704s | samples/s: 7353
Iteration 0732 | train reward: 114.42 | best: 114.42 | KL: 5.201e-04 | std: 0.5409 | rollout: 6.564s | update: 0.768s | total: 7.332s | samples/s: 8729
Iteration 0733 | train reward: 111.41 | best: 114.42 | KL: 4.020e-04 | std: 0.5412 | rollout: 6.111s | update: 0.789s | total: 6.901s | samples/s: 9274
Iteration 0734 | train reward: 108.88 | best: 114.42 | KL: 5.061e-04 | std: 0.5416 | rollout: 6.964s | update: 0.806s | total: 7.770s | samples/s: 8237
Iteration 0735 | train reward: 112.40 | best: 114.42 | KL: 5.210e-04 | std: 0.5425 | rollout: 7.565s | update: 0.775s | total: 8.340s | samples/s: 7674
Iteration 0736 | train reward: 112.65 | best: 114.42 | KL: 4.532e-04 | std: 0.5429 | rollout: 7.265s | update: 0.776s | total: 8.040s | samples/s: 7960
Iteration 0737 | train reward: 111.04 | best: 114.42 | KL: 4.640e-04 | std: 0.5429 | rollout: 7.876s | update: 0.797s | total: 8.674s | samples/s: 7379
Iteration 0738 | train reward: 112.24 | best: 114.42 | KL: 4.536e-04 | std: 0.5416 | rollout: 7.230s | update: 0.788s | total: 8.019s | samples/s: 7981
Iteration 0739 | train reward: 111.70 | best: 114.42 | KL: 4.692e-04 | std: 0.5425 | rollout: 6.866s | update: 0.803s | total: 7.669s | samples/s: 8345
Iteration 0740 | train reward: 112.45 | best: 114.42 | KL: 5.088e-04 | std: 0.5416 | rollout: 6.783s | update: 0.809s | total: 7.592s | samples/s: 8430
Iteration 0741 | train reward: 113.50 | best: 114.42 | KL: 5.007e-04 | std: 0.5415 | rollout: 6.287s | update: 0.807s | total: 7.094s | samples/s: 9022
Iteration 0742 | train reward: 112.29 | best: 114.42 | KL: 4.486e-04 | std: 0.5416 | rollout: 6.336s | update: 0.791s | total: 7.127s | samples/s: 8980
Iteration 0743 | train reward: 113.26 | best: 114.42 | KL: 4.903e-04 | std: 0.5416 | rollout: 6.896s | update: 0.786s | total: 7.683s | samples/s: 8330
Iteration 0744 | train reward: 111.51 | best: 114.42 | KL: 4.752e-04 | std: 0.5412 | rollout: 6.899s | update: 0.766s | total: 7.664s | samples/s: 8350
Iteration 0745 | train reward: 112.21 | best: 114.42 | KL: 5.839e-04 | std: 0.5412 | rollout: 7.662s | update: 0.813s | total: 8.475s | samples/s: 7551
Iteration 0746 | train reward: 111.80 | best: 114.42 | KL: 5.610e-04 | std: 0.5415 | rollout: 6.971s | update: 0.790s | total: 7.761s | samples/s: 8246
Iteration 0747 | train reward: 113.44 | best: 114.42 | KL: 5.784e-04 | std: 0.5412 | rollout: 6.114s | update: 0.769s | total: 6.882s | samples/s: 9299
Iteration 0748 | train reward: 111.40 | best: 114.42 | KL: 3.806e-04 | std: 0.5415 | rollout: 6.073s | update: 0.775s | total: 6.848s | samples/s: 9345
Iteration 0749 | train reward: 112.60 | best: 114.42 | KL: 4.852e-04 | std: 0.5416 | rollout: 6.644s | update: 0.783s | total: 7.427s | samples/s: 8617
Iteration 0750 | train reward: 110.06 | best: 114.42 | KL: 4.914e-04 | std: 0.5426 | rollout: 6.053s | update: 0.817s | total: 6.870s | samples/s: 9316
Iteration 0751 | train reward: 110.88 | best: 114.42 | KL: 4.493e-04 | std: 0.5416 | rollout: 6.986s | update: 0.772s | total: 7.758s | samples/s: 8250
Iteration 0752 | train reward: 111.62 | best: 114.42 | KL: 4.208e-04 | std: 0.5425 | rollout: 6.063s | update: 0.755s | total: 6.818s | samples/s: 9387
Iteration 0753 | train reward: 113.49 | best: 114.42 | KL: 4.214e-04 | std: 0.5429 | rollout: 6.068s | update: 0.773s | total: 6.841s | samples/s: 9356
Iteration 0754 | train reward: 113.75 | best: 114.42 | KL: 4.214e-04 | std: 0.5430 | rollout: 7.497s | update: 0.840s | total: 8.337s | samples/s: 7677
Iteration 0755 | train reward: 112.23 | best: 114.42 | KL: 5.073e-04 | std: 0.5429 | rollout: 8.061s | update: 0.758s | total: 8.819s | samples/s: 7257
Iteration 0756 | train reward: 114.58 | best: 114.58 | KL: 5.778e-04 | std: 0.5425 | rollout: 7.416s | update: 0.793s | total: 8.209s | samples/s: 7796
Iteration 0757 | train reward: 112.06 | best: 114.58 | KL: 4.927e-04 | std: 0.5416 | rollout: 6.272s | update: 0.761s | total: 7.033s | samples/s: 9100
Iteration 0758 | train reward: 113.30 | best: 114.58 | KL: 4.429e-04 | std: 0.5412 | rollout: 7.777s | update: 0.780s | total: 8.557s | samples/s: 7480
Iteration 0759 | train reward: 114.05 | best: 114.58 | KL: 6.190e-04 | std: 0.5409 | rollout: 7.960s | update: 0.761s | total: 8.721s | samples/s: 7339
Iteration 0760 | train reward: 114.56 | best: 114.58 | KL: 4.826e-04 | std: 0.5395 | rollout: 7.387s | update: 0.776s | total: 8.163s | samples/s: 7840
Iteration 0761 | train reward: 114.18 | best: 114.58 | KL: 4.552e-04 | std: 0.5408 | rollout: 7.610s | update: 0.768s | total: 8.378s | samples/s: 7639
Iteration 0762 | train reward: 115.08 | best: 115.08 | KL: 5.672e-04 | std: 0.5411 | rollout: 7.569s | update: 0.774s | total: 8.343s | samples/s: 7671
Iteration 0763 | train reward: 115.62 | best: 115.62 | KL: 4.369e-04 | std: 0.5409 | rollout: 7.929s | update: 0.792s | total: 8.720s | samples/s: 7339
Iteration 0764 | train reward: 112.69 | best: 115.62 | KL: 5.443e-04 | std: 0.5405 | rollout: 7.900s | update: 0.767s | total: 8.667s | samples/s: 7384
Iteration 0765 | train reward: 114.90 | best: 115.62 | KL: 4.515e-04 | std: 0.5405 | rollout: 6.301s | update: 0.766s | total: 7.067s | samples/s: 9056
Iteration 0766 | train reward: 115.54 | best: 115.62 | KL: 4.783e-04 | std: 0.5405 | rollout: 6.064s | update: 0.778s | total: 6.842s | samples/s: 9354
Iteration 0767 | train reward: 114.66 | best: 115.62 | KL: 4.568e-04 | std: 0.5392 | rollout: 6.636s | update: 0.841s | total: 7.477s | samples/s: 8560
Iteration 0768 | train reward: 115.30 | best: 115.62 | KL: 4.934e-04 | std: 0.5395 | rollout: 7.761s | update: 0.772s | total: 8.532s | samples/s: 7501
Iteration 0769 | train reward: 114.59 | best: 115.62 | KL: 4.840e-04 | std: 0.5406 | rollout: 7.380s | update: 0.815s | total: 8.195s | samples/s: 7810
Iteration 0770 | train reward: 114.44 | best: 115.62 | KL: 5.645e-04 | std: 0.5411 | rollout: 7.403s | update: 0.776s | total: 8.178s | samples/s: 7826
Iteration 0771 | train reward: 114.54 | best: 115.62 | KL: 5.175e-04 | std: 0.5412 | rollout: 7.358s | update: 0.796s | total: 8.154s | samples/s: 7849
Iteration 0772 | train reward: 114.85 | best: 115.62 | KL: 3.846e-04 | std: 0.5412 | rollout: 8.053s | update: 0.794s | total: 8.847s | samples/s: 7234
Iteration 0773 | train reward: 114.65 | best: 115.62 | KL: 5.059e-04 | std: 0.5415 | rollout: 7.612s | update: 0.784s | total: 8.395s | samples/s: 7623
Iteration 0774 | train reward: 114.25 | best: 115.62 | KL: 6.634e-04 | std: 0.5412 | rollout: 7.515s | update: 0.767s | total: 8.282s | samples/s: 7727
Iteration 0775 | train reward: 115.21 | best: 115.62 | KL: 4.773e-04 | std: 0.5411 | rollout: 7.270s | update: 0.763s | total: 8.033s | samples/s: 7967
Iteration 0776 | train reward: 116.58 | best: 116.58 | KL: 5.091e-04 | std: 0.5408 | rollout: 6.950s | update: 0.783s | total: 7.732s | samples/s: 8277
Iteration 0777 | train reward: 115.51 | best: 116.58 | KL: 4.758e-04 | std: 0.5408 | rollout: 7.310s | update: 0.800s | total: 8.109s | samples/s: 7892
Iteration 0778 | train reward: 115.29 | best: 116.58 | KL: 5.470e-04 | std: 0.5411 | rollout: 6.137s | update: 0.797s | total: 6.934s | samples/s: 9229
Iteration 0779 | train reward: 115.56 | best: 116.58 | KL: 4.530e-04 | std: 0.5411 | rollout: 6.620s | update: 0.809s | total: 7.429s | samples/s: 8615
Iteration 0780 | train reward: 114.17 | best: 116.58 | KL: 4.542e-04 | std: 0.5409 | rollout: 7.500s | update: 0.778s | total: 8.279s | samples/s: 7731
Iteration 0781 | train reward: 115.57 | best: 116.58 | KL: 5.127e-04 | std: 0.5416 | rollout: 9.022s | update: 0.786s | total: 9.808s | samples/s: 6525
Iteration 0782 | train reward: 115.62 | best: 116.58 | KL: 4.965e-04 | std: 0.5416 | rollout: 8.328s | update: 0.763s | total: 9.090s | samples/s: 7040
Iteration 0783 | train reward: 113.64 | best: 116.58 | KL: 4.377e-04 | std: 0.5425 | rollout: 7.839s | update: 0.768s | total: 8.607s | samples/s: 7436
Iteration 0784 | train reward: 116.73 | best: 116.73 | KL: 4.504e-04 | std: 0.5416 | rollout: 6.686s | update: 0.772s | total: 7.457s | samples/s: 8582
Iteration 0785 | train reward: 116.19 | best: 116.73 | KL: 4.565e-04 | std: 0.5416 | rollout: 7.532s | update: 0.779s | total: 8.311s | samples/s: 7701
Iteration 0786 | train reward: 116.94 | best: 116.94 | KL: 4.923e-04 | std: 0.5416 | rollout: 7.818s | update: 0.787s | total: 8.605s | samples/s: 7438
Iteration 0787 | train reward: 115.49 | best: 116.94 | KL: 5.023e-04 | std: 0.5415 | rollout: 7.728s | update: 0.824s | total: 8.552s | samples/s: 7484
Iteration 0788 | train reward: 114.26 | best: 116.94 | KL: 5.467e-04 | std: 0.5416 | rollout: 7.399s | update: 0.795s | total: 8.194s | samples/s: 7811
Iteration 0789 | train reward: 115.77 | best: 116.94 | KL: 4.581e-04 | std: 0.5416 | rollout: 6.987s | update: 0.772s | total: 7.760s | samples/s: 8248
Iteration 0790 | train reward: 115.01 | best: 116.94 | KL: 5.022e-04 | std: 0.5425 | rollout: 7.568s | update: 0.759s | total: 8.328s | samples/s: 7685
Iteration 0791 | train reward: 113.94 | best: 116.94 | KL: 4.349e-04 | std: 0.5426 | rollout: 7.247s | update: 0.829s | total: 8.075s | samples/s: 7925
Iteration 0792 | train reward: 114.21 | best: 116.94 | KL: 5.131e-04 | std: 0.5425 | rollout: 6.841s | update: 0.812s | total: 7.653s | samples/s: 8363
Iteration 0793 | train reward: 114.38 | best: 116.94 | KL: 5.153e-04 | std: 0.5425 | rollout: 6.138s | update: 0.770s | total: 6.908s | samples/s: 9265
Iteration 0794 | train reward: 114.67 | best: 116.94 | KL: 5.277e-04 | std: 0.5415 | rollout: 6.398s | update: 0.805s | total: 7.202s | samples/s: 8886
Iteration 0795 | train reward: 114.11 | best: 116.94 | KL: 4.709e-04 | std: 0.5411 | rollout: 6.616s | update: 0.804s | total: 7.421s | samples/s: 8624
Iteration 0796 | train reward: 113.51 | best: 116.94 | KL: 4.748e-04 | std: 0.5408 | rollout: 6.180s | update: 0.777s | total: 6.957s | samples/s: 9200
Iteration 0797 | train reward: 115.28 | best: 116.94 | KL: 4.696e-04 | std: 0.5405 | rollout: 7.326s | update: 0.760s | total: 8.086s | samples/s: 7915
Iteration 0798 | train reward: 114.60 | best: 116.94 | KL: 4.841e-04 | std: 0.5395 | rollout: 7.213s | update: 0.802s | total: 8.014s | samples/s: 7986
Iteration 0799 | train reward: 112.74 | best: 116.94 | KL: 5.673e-04 | std: 0.5392 | rollout: 6.997s | update: 0.782s | total: 7.779s | samples/s: 8228
Iteration 0800 | train reward: 115.68 | best: 116.94 | KL: 5.374e-04 | std: 0.5392 | rollout: 7.482s | update: 0.760s | total: 8.242s | samples/s: 7766
Iteration 0801 | train reward: 112.59 | best: 116.94 | KL: 4.559e-04 | std: 0.5394 | rollout: 6.969s | update: 0.777s | total: 7.746s | samples/s: 8262
Iteration 0802 | train reward: 114.35 | best: 116.94 | KL: 6.435e-04 | std: 0.5391 | rollout: 7.437s | update: 0.768s | total: 8.204s | samples/s: 7801
Iteration 0803 | train reward: 114.48 | best: 116.94 | KL: 5.157e-04 | std: 0.5391 | rollout: 7.240s | update: 0.770s | total: 8.010s | samples/s: 7990
Iteration 0804 | train reward: 115.34 | best: 116.94 | KL: 5.333e-04 | std: 0.5395 | rollout: 7.214s | update: 0.781s | total: 7.995s | samples/s: 8005
Iteration 0805 | train reward: 115.93 | best: 116.94 | KL: 4.615e-04 | std: 0.5392 | rollout: 6.041s | update: 0.774s | total: 6.815s | samples/s: 9391
Iteration 0806 | train reward: 115.15 | best: 116.94 | KL: 6.104e-04 | std: 0.5395 | rollout: 7.345s | update: 0.815s | total: 8.160s | samples/s: 7843
Iteration 0807 | train reward: 114.85 | best: 116.94 | KL: 4.423e-04 | std: 0.5391 | rollout: 6.831s | update: 0.813s | total: 7.643s | samples/s: 8373
Iteration 0808 | train reward: 114.30 | best: 116.94 | KL: 5.974e-04 | std: 0.5408 | rollout: 6.917s | update: 0.762s | total: 7.678s | samples/s: 8335
Iteration 0809 | train reward: 111.62 | best: 116.94 | KL: 6.749e-04 | std: 0.5406 | rollout: 7.452s | update: 0.783s | total: 8.235s | samples/s: 7772
Iteration 0810 | train reward: 112.19 | best: 116.94 | KL: 5.081e-04 | std: 0.5408 | rollout: 7.302s | update: 0.796s | total: 8.098s | samples/s: 7904
Iteration 0811 | train reward: 111.85 | best: 116.94 | KL: 5.191e-04 | std: 0.5405 | rollout: 7.253s | update: 0.779s | total: 8.032s | samples/s: 7969
Iteration 0812 | train reward: 113.40 | best: 116.94 | KL: 5.155e-04 | std: 0.5391 | rollout: 7.824s | update: 0.759s | total: 8.583s | samples/s: 7457
Iteration 0813 | train reward: 113.21 | best: 116.94 | KL: 4.577e-04 | std: 0.5390 | rollout: 8.180s | update: 0.761s | total: 8.941s | samples/s: 7158
Iteration 0814 | train reward: 114.43 | best: 116.94 | KL: 5.437e-04 | std: 0.5387 | rollout: 7.764s | update: 0.768s | total: 8.532s | samples/s: 7501
Iteration 0815 | train reward: 114.74 | best: 116.94 | KL: 5.156e-04 | std: 0.5373 | rollout: 7.479s | update: 0.778s | total: 8.257s | samples/s: 7751
Iteration 0816 | train reward: 113.80 | best: 116.94 | KL: 6.152e-04 | std: 0.5372 | rollout: 7.924s | update: 0.812s | total: 8.736s | samples/s: 7326
Iteration 0817 | train reward: 115.65 | best: 116.94 | KL: 4.722e-04 | std: 0.5372 | rollout: 7.142s | update: 0.775s | total: 7.917s | samples/s: 8083
Iteration 0818 | train reward: 116.41 | best: 116.94 | KL: 4.571e-04 | std: 0.5370 | rollout: 8.658s | update: 0.757s | total: 9.415s | samples/s: 6798
Iteration 0819 | train reward: 114.14 | best: 116.94 | KL: 5.970e-04 | std: 0.5366 | rollout: 7.157s | update: 0.802s | total: 7.959s | samples/s: 8041
Iteration 0820 | train reward: 113.04 | best: 116.94 | KL: 5.589e-04 | std: 0.5370 | rollout: 7.138s | update: 0.790s | total: 7.928s | samples/s: 8072
Iteration 0821 | train reward: 113.19 | best: 116.94 | KL: 5.037e-04 | std: 0.5366 | rollout: 7.313s | update: 0.772s | total: 8.085s | samples/s: 7916
Iteration 0822 | train reward: 116.14 | best: 116.94 | KL: 5.014e-04 | std: 0.5370 | rollout: 7.094s | update: 0.797s | total: 7.891s | samples/s: 8110
Iteration 0823 | train reward: 114.37 | best: 116.94 | KL: 6.044e-04 | std: 0.5372 | rollout: 7.267s | update: 0.777s | total: 8.044s | samples/s: 7956
Iteration 0824 | train reward: 114.25 | best: 116.94 | KL: 6.148e-04 | std: 0.5376 | rollout: 7.005s | update: 0.782s | total: 7.787s | samples/s: 8219
Iteration 0825 | train reward: 115.05 | best: 116.94 | KL: 5.304e-04 | std: 0.5377 | rollout: 7.453s | update: 0.790s | total: 8.243s | samples/s: 7764
Iteration 0826 | train reward: 114.59 | best: 116.94 | KL: 5.985e-04 | std: 0.5376 | rollout: 7.195s | update: 0.799s | total: 7.994s | samples/s: 8006
Iteration 0827 | train reward: 117.06 | best: 117.06 | KL: 5.560e-04 | std: 0.5370 | rollout: 7.048s | update: 0.767s | total: 7.815s | samples/s: 8190
Iteration 0828 | train reward: 116.93 | best: 117.06 | KL: 5.223e-04 | std: 0.5370 | rollout: 6.794s | update: 0.764s | total: 7.558s | samples/s: 8468
Iteration 0829 | train reward: 114.30 | best: 117.06 | KL: 5.874e-04 | std: 0.5370 | rollout: 6.097s | update: 0.795s | total: 6.892s | samples/s: 9286
Iteration 0830 | train reward: 114.47 | best: 117.06 | KL: 5.244e-04 | std: 0.5373 | rollout: 6.197s | update: 0.819s | total: 7.015s | samples/s: 9123
Iteration 0831 | train reward: 116.08 | best: 117.06 | KL: 5.671e-04 | std: 0.5373 | rollout: 6.892s | update: 0.792s | total: 7.684s | samples/s: 8329
Iteration 0832 | train reward: 116.63 | best: 117.06 | KL: 5.624e-04 | std: 0.5370 | rollout: 6.722s | update: 0.764s | total: 7.486s | samples/s: 8549
Iteration 0833 | train reward: 114.93 | best: 117.06 | KL: 4.446e-04 | std: 0.5370 | rollout: 7.208s | update: 0.777s | total: 7.985s | samples/s: 8015
Iteration 0834 | train reward: 115.02 | best: 117.06 | KL: 5.009e-04 | std: 0.5369 | rollout: 6.165s | update: 0.771s | total: 6.936s | samples/s: 9227
Iteration 0835 | train reward: 116.13 | best: 117.06 | KL: 5.359e-04 | std: 0.5369 | rollout: 7.630s | update: 0.800s | total: 8.430s | samples/s: 7592
Iteration 0836 | train reward: 115.05 | best: 117.06 | KL: 6.020e-04 | std: 0.5370 | rollout: 7.970s | update: 0.767s | total: 8.737s | samples/s: 7325
Iteration 0837 | train reward: 115.64 | best: 117.06 | KL: 6.267e-04 | std: 0.5370 | rollout: 6.954s | update: 0.759s | total: 7.713s | samples/s: 8298
Iteration 0838 | train reward: 117.01 | best: 117.06 | KL: 5.301e-04 | std: 0.5370 | rollout: 6.058s | update: 0.823s | total: 6.881s | samples/s: 9300
Iteration 0839 | train reward: 116.34 | best: 117.06 | KL: 4.114e-04 | std: 0.5373 | rollout: 7.558s | update: 0.821s | total: 8.380s | samples/s: 7638
Iteration 0840 | train reward: 115.45 | best: 117.06 | KL: 5.970e-04 | std: 0.5376 | rollout: 7.011s | update: 0.766s | total: 7.776s | samples/s: 8230
Iteration 0841 | train reward: 115.84 | best: 117.06 | KL: 4.840e-04 | std: 0.5376 | rollout: 6.564s | update: 0.770s | total: 7.334s | samples/s: 8727
Iteration 0842 | train reward: 115.62 | best: 117.06 | KL: 4.827e-04 | std: 0.5386 | rollout: 6.064s | update: 0.788s | total: 6.852s | samples/s: 9340
Iteration 0843 | train reward: 114.56 | best: 117.06 | KL: 4.846e-04 | std: 0.5372 | rollout: 7.204s | update: 0.789s | total: 7.993s | samples/s: 8007
Iteration 0844 | train reward: 114.58 | best: 117.06 | KL: 4.973e-04 | std: 0.5373 | rollout: 7.595s | update: 0.785s | total: 8.381s | samples/s: 7636
Iteration 0845 | train reward: 115.80 | best: 117.06 | KL: 5.916e-04 | std: 0.5370 | rollout: 7.553s | update: 0.771s | total: 8.325s | samples/s: 7688
Iteration 0846 | train reward: 115.03 | best: 117.06 | KL: 4.202e-04 | std: 0.5366 | rollout: 6.793s | update: 0.817s | total: 7.610s | samples/s: 8410
Iteration 0847 | train reward: 114.97 | best: 117.06 | KL: 4.865e-04 | std: 0.5369 | rollout: 7.223s | update: 0.778s | total: 8.001s | samples/s: 7999
Iteration 0848 | train reward: 113.95 | best: 117.06 | KL: 5.305e-04 | std: 0.5369 | rollout: 6.518s | update: 0.771s | total: 7.289s | samples/s: 8780
Iteration 0849 | train reward: 115.13 | best: 117.06 | KL: 5.052e-04 | std: 0.5367 | rollout: 7.197s | update: 0.762s | total: 7.960s | samples/s: 8040
Iteration 0850 | train reward: 113.83 | best: 117.06 | KL: 5.965e-04 | std: 0.5369 | rollout: 6.625s | update: 0.761s | total: 7.385s | samples/s: 8666
Iteration 0851 | train reward: 116.23 | best: 117.06 | KL: 5.095e-04 | std: 0.5369 | rollout: 6.159s | update: 0.781s | total: 6.940s | samples/s: 9222
Iteration 0852 | train reward: 115.62 | best: 117.06 | KL: 6.646e-04 | std: 0.5377 | rollout: 6.452s | update: 0.800s | total: 7.252s | samples/s: 8825
Iteration 0853 | train reward: 115.76 | best: 117.06 | KL: 5.351e-04 | std: 0.5373 | rollout: 7.480s | update: 0.768s | total: 8.248s | samples/s: 7760
Iteration 0854 | train reward: 115.00 | best: 117.06 | KL: 4.857e-04 | std: 0.5369 | rollout: 6.584s | update: 0.765s | total: 7.349s | samples/s: 8709
Iteration 0855 | train reward: 118.26 | best: 118.26 | KL: 5.577e-04 | std: 0.5373 | rollout: 7.345s | update: 0.762s | total: 8.107s | samples/s: 7894
Iteration 0856 | train reward: 115.48 | best: 118.26 | KL: 5.566e-04 | std: 0.5376 | rollout: 7.416s | update: 0.772s | total: 8.188s | samples/s: 7817
Iteration 0857 | train reward: 115.21 | best: 118.26 | KL: 5.387e-04 | std: 0.5373 | rollout: 7.163s | update: 0.792s | total: 7.955s | samples/s: 8046
Iteration 0858 | train reward: 117.55 | best: 118.26 | KL: 5.389e-04 | std: 0.5387 | rollout: 6.680s | update: 0.827s | total: 7.507s | samples/s: 8525
Iteration 0859 | train reward: 114.74 | best: 118.26 | KL: 6.125e-04 | std: 0.5373 | rollout: 6.137s | update: 0.784s | total: 6.920s | samples/s: 9248
Iteration 0860 | train reward: 114.74 | best: 118.26 | KL: 6.103e-04 | std: 0.5372 | rollout: 7.532s | update: 0.759s | total: 8.291s | samples/s: 7719
Iteration 0861 | train reward: 116.65 | best: 118.26 | KL: 6.210e-04 | std: 0.5370 | rollout: 7.157s | update: 0.795s | total: 7.952s | samples/s: 8048
Iteration 0862 | train reward: 114.40 | best: 118.26 | KL: 5.813e-04 | std: 0.5372 | rollout: 7.455s | update: 0.813s | total: 8.268s | samples/s: 7741
Iteration 0863 | train reward: 115.90 | best: 118.26 | KL: 6.501e-04 | std: 0.5373 | rollout: 6.926s | update: 0.773s | total: 7.699s | samples/s: 8313
Iteration 0864 | train reward: 116.40 | best: 118.26 | KL: 6.343e-04 | std: 0.5372 | rollout: 6.431s | update: 0.801s | total: 7.232s | samples/s: 8850
Iteration 0865 | train reward: 117.08 | best: 118.26 | KL: 5.349e-04 | std: 0.5372 | rollout: 7.644s | update: 0.765s | total: 8.409s | samples/s: 7611
Iteration 0866 | train reward: 117.11 | best: 118.26 | KL: 5.619e-04 | std: 0.5372 | rollout: 7.138s | update: 0.846s | total: 7.985s | samples/s: 8015
Iteration 0867 | train reward: 116.99 | best: 118.26 | KL: 5.546e-04 | std: 0.5372 | rollout: 6.959s | update: 0.797s | total: 7.756s | samples/s: 8252
Iteration 0868 | train reward: 116.48 | best: 118.26 | KL: 4.810e-04 | std: 0.5372 | rollout: 7.414s | update: 0.777s | total: 8.191s | samples/s: 7813
Iteration 0869 | train reward: 119.41 | best: 119.41 | KL: 5.176e-04 | std: 0.5376 | rollout: 7.337s | update: 0.771s | total: 8.108s | samples/s: 7894
Iteration 0870 | train reward: 117.37 | best: 119.41 | KL: 5.611e-04 | std: 0.5386 | rollout: 7.290s | update: 0.796s | total: 8.086s | samples/s: 7915
Iteration 0871 | train reward: 116.27 | best: 119.41 | KL: 5.179e-04 | std: 0.5376 | rollout: 7.277s | update: 0.764s | total: 8.041s | samples/s: 7959
Iteration 0872 | train reward: 117.87 | best: 119.41 | KL: 6.195e-04 | std: 0.5373 | rollout: 7.374s | update: 0.774s | total: 8.147s | samples/s: 7855
Iteration 0873 | train reward: 117.67 | best: 119.41 | KL: 5.637e-04 | std: 0.5376 | rollout: 7.605s | update: 0.844s | total: 8.449s | samples/s: 7575
Iteration 0874 | train reward: 115.54 | best: 119.41 | KL: 5.775e-04 | std: 0.5376 | rollout: 7.513s | update: 0.776s | total: 8.290s | samples/s: 7721
Iteration 0875 | train reward: 118.20 | best: 119.41 | KL: 7.103e-04 | std: 0.5387 | rollout: 7.884s | update: 0.799s | total: 8.683s | samples/s: 7370
Iteration 0876 | train reward: 117.14 | best: 119.41 | KL: 4.796e-04 | std: 0.5387 | rollout: 7.463s | update: 0.762s | total: 8.225s | samples/s: 7782
Iteration 0877 | train reward: 117.26 | best: 119.41 | KL: 5.275e-04 | std: 0.5387 | rollout: 7.113s | update: 0.818s | total: 7.931s | samples/s: 8070
Iteration 0878 | train reward: 117.95 | best: 119.41 | KL: 5.554e-04 | std: 0.5387 | rollout: 7.668s | update: 0.779s | total: 8.447s | samples/s: 7576
Iteration 0879 | train reward: 117.76 | best: 119.41 | KL: 5.180e-04 | std: 0.5376 | rollout: 6.718s | update: 0.774s | total: 7.492s | samples/s: 8543
Iteration 0880 | train reward: 116.71 | best: 119.41 | KL: 5.946e-04 | std: 0.5373 | rollout: 5.995s | update: 0.761s | total: 6.756s | samples/s: 9473
Iteration 0881 | train reward: 116.58 | best: 119.41 | KL: 5.673e-04 | std: 0.5377 | rollout: 6.090s | update: 0.811s | total: 6.900s | samples/s: 9275
Iteration 0882 | train reward: 116.30 | best: 119.41 | KL: 5.377e-04 | std: 0.5386 | rollout: 6.347s | update: 0.767s | total: 7.114s | samples/s: 8996
Iteration 0883 | train reward: 117.09 | best: 119.41 | KL: 6.066e-04 | std: 0.5386 | rollout: 7.711s | update: 0.778s | total: 8.489s | samples/s: 7539
Iteration 0884 | train reward: 115.36 | best: 119.41 | KL: 6.129e-04 | std: 0.5386 | rollout: 7.270s | update: 0.764s | total: 8.034s | samples/s: 7966
Iteration 0885 | train reward: 117.00 | best: 119.41 | KL: 7.115e-04 | std: 0.5372 | rollout: 7.317s | update: 0.770s | total: 8.087s | samples/s: 7914
Iteration 0886 | train reward: 116.57 | best: 119.41 | KL: 5.964e-04 | std: 0.5376 | rollout: 7.222s | update: 0.772s | total: 7.993s | samples/s: 8007
Iteration 0887 | train reward: 117.02 | best: 119.41 | KL: 5.498e-04 | std: 0.5373 | rollout: 7.568s | update: 0.776s | total: 8.343s | samples/s: 7671
Iteration 0888 | train reward: 116.26 | best: 119.41 | KL: 5.255e-04 | std: 0.5373 | rollout: 7.449s | update: 0.782s | total: 8.231s | samples/s: 7776
Iteration 0889 | train reward: 117.74 | best: 119.41 | KL: 7.899e-04 | std: 0.5373 | rollout: 7.597s | update: 0.812s | total: 8.409s | samples/s: 7611
Iteration 0890 | train reward: 116.07 | best: 119.41 | KL: 6.163e-04 | std: 0.5372 | rollout: 7.218s | update: 0.790s | total: 8.008s | samples/s: 7992
Iteration 0891 | train reward: 117.69 | best: 119.41 | KL: 5.798e-04 | std: 0.5370 | rollout: 6.648s | update: 0.765s | total: 7.413s | samples/s: 8633
Iteration 0892 | train reward: 116.57 | best: 119.41 | KL: 6.444e-04 | std: 0.5372 | rollout: 7.971s | update: 0.774s | total: 8.744s | samples/s: 7319
Iteration 0893 | train reward: 115.10 | best: 119.41 | KL: 6.062e-04 | std: 0.5370 | rollout: 7.425s | update: 0.765s | total: 8.190s | samples/s: 7814
Iteration 0894 | train reward: 116.91 | best: 119.41 | KL: 5.544e-04 | std: 0.5373 | rollout: 8.297s | update: 0.791s | total: 9.089s | samples/s: 7042
Iteration 0895 | train reward: 114.62 | best: 119.41 | KL: 6.718e-04 | std: 0.5370 | rollout: 7.278s | update: 0.740s | total: 8.018s | samples/s: 7982
Iteration 0896 | train reward: 115.70 | best: 119.41 | KL: 5.158e-04 | std: 0.5369 | rollout: 7.488s | update: 0.769s | total: 8.257s | samples/s: 7751
Iteration 0897 | train reward: 117.61 | best: 119.41 | KL: 6.264e-04 | std: 0.5370 | rollout: 7.180s | update: 0.770s | total: 7.949s | samples/s: 8051
Iteration 0898 | train reward: 116.72 | best: 119.41 | KL: 6.465e-04 | std: 0.5372 | rollout: 7.781s | update: 0.773s | total: 8.554s | samples/s: 7482
Iteration 0899 | train reward: 116.69 | best: 119.41 | KL: 6.823e-04 | std: 0.5372 | rollout: 7.674s | update: 0.723s | total: 8.397s | samples/s: 7622
Iteration 0900 | train reward: 115.84 | best: 119.41 | KL: 5.748e-04 | std: 0.5370 | rollout: 5.992s | update: 0.725s | total: 6.717s | samples/s: 9528
Iteration 0901 | train reward: 115.21 | best: 119.41 | KL: 6.297e-04 | std: 0.5373 | rollout: 6.284s | update: 0.768s | total: 7.052s | samples/s: 9075
Iteration 0902 | train reward: 114.12 | best: 119.41 | KL: 6.014e-04 | std: 0.5372 | rollout: 6.145s | update: 0.753s | total: 6.898s | samples/s: 9277
Iteration 0903 | train reward: 111.93 | best: 119.41 | KL: 6.678e-04 | std: 0.5372 | rollout: 6.128s | update: 0.771s | total: 6.899s | samples/s: 9277
Iteration 0904 | train reward: 115.07 | best: 119.41 | KL: 5.105e-04 | std: 0.5370 | rollout: 6.297s | update: 0.742s | total: 7.039s | samples/s: 9093
Iteration 0905 | train reward: 115.28 | best: 119.41 | KL: 4.769e-04 | std: 0.5373 | rollout: 7.701s | update: 0.750s | total: 8.451s | samples/s: 7573
Iteration 0906 | train reward: 117.52 | best: 119.41 | KL: 5.911e-04 | std: 0.5372 | rollout: 7.565s | update: 0.754s | total: 8.319s | samples/s: 7693
Iteration 0907 | train reward: 114.97 | best: 119.41 | KL: 7.711e-04 | std: 0.5372 | rollout: 7.918s | update: 0.752s | total: 8.670s | samples/s: 7382
Iteration 0908 | train reward: 115.98 | best: 119.41 | KL: 6.274e-04 | std: 0.5370 | rollout: 6.305s | update: 0.836s | total: 7.141s | samples/s: 8962
Iteration 0909 | train reward: 113.86 | best: 119.41 | KL: 5.208e-04 | std: 0.5373 | rollout: 6.053s | update: 0.778s | total: 6.831s | samples/s: 9368
Iteration 0910 | train reward: 116.61 | best: 119.41 | KL: 5.708e-04 | std: 0.5376 | rollout: 7.197s | update: 0.774s | total: 7.972s | samples/s: 8028
Iteration 0911 | train reward: 115.89 | best: 119.41 | KL: 6.207e-04 | std: 0.5376 | rollout: 7.354s | update: 0.769s | total: 8.123s | samples/s: 7878
Iteration 0912 | train reward: 116.79 | best: 119.41 | KL: 8.261e-04 | std: 0.5373 | rollout: 6.755s | update: 0.791s | total: 7.546s | samples/s: 8482
Iteration 0913 | train reward: 116.06 | best: 119.41 | KL: 6.060e-04 | std: 0.5376 | rollout: 7.066s | update: 0.797s | total: 7.862s | samples/s: 8140
Iteration 0914 | train reward: 115.97 | best: 119.41 | KL: 7.534e-04 | std: 0.5387 | rollout: 7.092s | update: 0.780s | total: 7.872s | samples/s: 8130
Iteration 0915 | train reward: 115.50 | best: 119.41 | KL: 6.542e-04 | std: 0.5390 | rollout: 7.386s | update: 0.763s | total: 8.149s | samples/s: 7854
Iteration 0916 | train reward: 114.16 | best: 119.41 | KL: 5.950e-04 | std: 0.5392 | rollout: 6.784s | update: 0.806s | total: 7.590s | samples/s: 8432
Iteration 0917 | train reward: 114.64 | best: 119.41 | KL: 7.309e-04 | std: 0.5391 | rollout: 7.426s | update: 0.849s | total: 8.275s | samples/s: 7734
Iteration 0918 | train reward: 115.47 | best: 119.41 | KL: 7.291e-04 | std: 0.5405 | rollout: 7.548s | update: 0.817s | total: 8.365s | samples/s: 7651
Iteration 0919 | train reward: 117.01 | best: 119.41 | KL: 5.948e-04 | std: 0.5395 | rollout: 6.531s | update: 0.780s | total: 7.311s | samples/s: 8754
Iteration 0920 | train reward: 115.24 | best: 119.41 | KL: 6.601e-04 | std: 0.5406 | rollout: 7.789s | update: 0.771s | total: 8.560s | samples/s: 7476
Iteration 0921 | train reward: 116.23 | best: 119.41 | KL: 5.339e-04 | std: 0.5408 | rollout: 7.662s | update: 0.779s | total: 8.441s | samples/s: 7582
Iteration 0922 | train reward: 115.97 | best: 119.41 | KL: 6.021e-04 | std: 0.5405 | rollout: 7.269s | update: 0.775s | total: 8.045s | samples/s: 7956
Iteration 0923 | train reward: 113.78 | best: 119.41 | KL: 6.792e-04 | std: 0.5408 | rollout: 7.126s | update: 0.862s | total: 7.988s | samples/s: 8012
Iteration 0924 | train reward: 114.55 | best: 119.41 | KL: 6.481e-04 | std: 0.5415 | rollout: 8.728s | update: 0.772s | total: 9.499s | samples/s: 6737
Iteration 0925 | train reward: 113.56 | best: 119.41 | KL: 6.205e-04 | std: 0.5412 | rollout: 7.348s | update: 0.758s | total: 8.105s | samples/s: 7896
Iteration 0926 | train reward: 116.75 | best: 119.41 | KL: 5.941e-04 | std: 0.5416 | rollout: 7.472s | update: 0.770s | total: 8.242s | samples/s: 7765
Iteration 0927 | train reward: 114.40 | best: 119.41 | KL: 5.399e-04 | std: 0.5415 | rollout: 6.782s | update: 0.757s | total: 7.539s | samples/s: 8490
Iteration 0928 | train reward: 114.96 | best: 119.41 | KL: 7.729e-04 | std: 0.5425 | rollout: 7.356s | update: 0.792s | total: 8.148s | samples/s: 7855
Iteration 0929 | train reward: 117.29 | best: 119.41 | KL: 8.144e-04 | std: 0.5429 | rollout: 6.373s | update: 0.797s | total: 7.170s | samples/s: 8926
Iteration 0930 | train reward: 115.50 | best: 119.41 | KL: 7.057e-04 | std: 0.5429 | rollout: 6.834s | update: 0.853s | total: 7.687s | samples/s: 8326
Iteration 0931 | train reward: 115.72 | best: 119.41 | KL: 5.669e-04 | std: 0.5430 | rollout: 7.502s | update: 0.737s | total: 8.239s | samples/s: 7768
Iteration 0932 | train reward: 115.07 | best: 119.41 | KL: 6.367e-04 | std: 0.5426 | rollout: 6.634s | update: 0.811s | total: 7.445s | samples/s: 8597
Iteration 0933 | train reward: 117.46 | best: 119.41 | KL: 6.324e-04 | std: 0.5429 | rollout: 7.529s | update: 0.796s | total: 8.325s | samples/s: 7688
Iteration 0934 | train reward: 115.34 | best: 119.41 | KL: 6.869e-04 | std: 0.5433 | rollout: 7.029s | update: 0.799s | total: 7.827s | samples/s: 8177
Iteration 0935 | train reward: 114.90 | best: 119.41 | KL: 7.337e-04 | std: 0.5430 | rollout: 7.107s | update: 0.804s | total: 7.910s | samples/s: 8091
Iteration 0936 | train reward: 114.42 | best: 119.41 | KL: 6.032e-04 | std: 0.5431 | rollout: 7.215s | update: 0.784s | total: 7.999s | samples/s: 8001
Iteration 0937 | train reward: 116.54 | best: 119.41 | KL: 5.514e-04 | std: 0.5430 | rollout: 7.481s | update: 0.804s | total: 8.285s | samples/s: 7725
Iteration 0938 | train reward: 115.74 | best: 119.41 | KL: 5.690e-04 | std: 0.5429 | rollout: 7.145s | update: 0.777s | total: 7.922s | samples/s: 8078
Iteration 0939 | train reward: 114.03 | best: 119.41 | KL: 6.434e-04 | std: 0.5429 | rollout: 7.411s | update: 0.851s | total: 8.262s | samples/s: 7746
Iteration 0940 | train reward: 116.13 | best: 119.41 | KL: 5.667e-04 | std: 0.5430 | rollout: 6.410s | update: 0.763s | total: 7.173s | samples/s: 8922
Iteration 0941 | train reward: 115.44 | best: 119.41 | KL: 5.661e-04 | std: 0.5430 | rollout: 7.052s | update: 0.813s | total: 7.865s | samples/s: 8137
Iteration 0942 | train reward: 115.41 | best: 119.41 | KL: 6.536e-04 | std: 0.5429 | rollout: 8.370s | update: 0.802s | total: 9.172s | samples/s: 6978
Iteration 0943 | train reward: 117.57 | best: 119.41 | KL: 5.666e-04 | std: 0.5429 | rollout: 6.695s | update: 0.774s | total: 7.470s | samples/s: 8568
Iteration 0944 | train reward: 115.81 | best: 119.41 | KL: 6.248e-04 | std: 0.5429 | rollout: 6.052s | update: 0.760s | total: 6.812s | samples/s: 9396
Iteration 0945 | train reward: 113.02 | best: 119.41 | KL: 7.323e-04 | std: 0.5426 | rollout: 7.009s | update: 0.801s | total: 7.810s | samples/s: 8195
Iteration 0946 | train reward: 116.37 | best: 119.41 | KL: 7.307e-04 | std: 0.5429 | rollout: 7.473s | update: 0.805s | total: 8.278s | samples/s: 7731
Iteration 0947 | train reward: 115.51 | best: 119.41 | KL: 6.315e-04 | std: 0.5425 | rollout: 7.573s | update: 0.791s | total: 8.364s | samples/s: 7652
Iteration 0948 | train reward: 115.15 | best: 119.41 | KL: 6.818e-04 | std: 0.5415 | rollout: 7.230s | update: 0.853s | total: 8.082s | samples/s: 7919
Iteration 0949 | train reward: 118.30 | best: 119.41 | KL: 6.826e-04 | std: 0.5411 | rollout: 7.090s | update: 0.761s | total: 7.850s | samples/s: 8153
Iteration 0950 | train reward: 117.38 | best: 119.41 | KL: 6.169e-04 | std: 0.5409 | rollout: 6.184s | update: 0.787s | total: 6.971s | samples/s: 9180
Iteration 0951 | train reward: 117.36 | best: 119.41 | KL: 6.544e-04 | std: 0.5411 | rollout: 7.857s | update: 0.797s | total: 8.655s | samples/s: 7395
Iteration 0952 | train reward: 115.24 | best: 119.41 | KL: 7.388e-04 | std: 0.5408 | rollout: 7.842s | update: 0.812s | total: 8.654s | samples/s: 7395
Iteration 0953 | train reward: 116.65 | best: 119.41 | KL: 7.244e-04 | std: 0.5408 | rollout: 7.883s | update: 0.762s | total: 8.645s | samples/s: 7403
Iteration 0954 | train reward: 117.47 | best: 119.41 | KL: 5.799e-04 | std: 0.5409 | rollout: 7.547s | update: 0.797s | total: 8.344s | samples/s: 7671
Iteration 0955 | train reward: 116.73 | best: 119.41 | KL: 6.568e-04 | std: 0.5415 | rollout: 7.846s | update: 0.800s | total: 8.646s | samples/s: 7402
Iteration 0956 | train reward: 115.24 | best: 119.41 | KL: 6.477e-04 | std: 0.5416 | rollout: 7.243s | update: 0.800s | total: 8.042s | samples/s: 7958
Iteration 0957 | train reward: 116.54 | best: 119.41 | KL: 5.995e-04 | std: 0.5416 | rollout: 7.234s | update: 0.824s | total: 8.058s | samples/s: 7942
Iteration 0958 | train reward: 117.12 | best: 119.41 | KL: 7.032e-04 | std: 0.5416 | rollout: 7.920s | update: 0.774s | total: 8.694s | samples/s: 7361
Iteration 0959 | train reward: 115.75 | best: 119.41 | KL: 5.289e-04 | std: 0.5425 | rollout: 6.987s | update: 0.827s | total: 7.813s | samples/s: 8191
Iteration 0960 | train reward: 117.92 | best: 119.41 | KL: 5.059e-04 | std: 0.5415 | rollout: 7.480s | update: 0.900s | total: 8.379s | samples/s: 7638
Iteration 0961 | train reward: 118.08 | best: 119.41 | KL: 6.100e-04 | std: 0.5411 | rollout: 7.647s | update: 0.786s | total: 8.433s | samples/s: 7589
Iteration 0962 | train reward: 117.72 | best: 119.41 | KL: 6.148e-04 | std: 0.5411 | rollout: 7.447s | update: 0.816s | total: 8.263s | samples/s: 7746
Iteration 0963 | train reward: 116.51 | best: 119.41 | KL: 5.262e-04 | std: 0.5412 | rollout: 6.788s | update: 0.784s | total: 7.572s | samples/s: 8452
Iteration 0964 | train reward: 115.99 | best: 119.41 | KL: 4.991e-04 | std: 0.5412 | rollout: 6.697s | update: 0.765s | total: 7.462s | samples/s: 8577
Iteration 0965 | train reward: 118.47 | best: 119.41 | KL: 5.415e-04 | std: 0.5412 | rollout: 7.160s | update: 0.807s | total: 7.966s | samples/s: 8034
Iteration 0966 | train reward: 117.06 | best: 119.41 | KL: 5.733e-04 | std: 0.5408 | rollout: 7.427s | update: 0.827s | total: 8.253s | samples/s: 7755
Iteration 0967 | train reward: 116.33 | best: 119.41 | KL: 5.688e-04 | std: 0.5395 | rollout: 7.355s | update: 0.773s | total: 8.128s | samples/s: 7874
Iteration 0968 | train reward: 114.48 | best: 119.41 | KL: 6.580e-04 | std: 0.5392 | rollout: 7.556s | update: 0.773s | total: 8.329s | samples/s: 7684
Iteration 0969 | train reward: 116.30 | best: 119.41 | KL: 5.683e-04 | std: 0.5394 | rollout: 7.448s | update: 0.772s | total: 8.220s | samples/s: 7786
Iteration 0970 | train reward: 116.85 | best: 119.41 | KL: 5.679e-04 | std: 0.5392 | rollout: 6.365s | update: 0.781s | total: 7.146s | samples/s: 8956
Iteration 0971 | train reward: 118.39 | best: 119.41 | KL: 6.148e-04 | std: 0.5394 | rollout: 8.314s | update: 0.795s | total: 9.110s | samples/s: 7025
Iteration 0972 | train reward: 118.30 | best: 119.41 | KL: 5.260e-04 | std: 0.5391 | rollout: 8.319s | update: 0.799s | total: 9.118s | samples/s: 7019
Iteration 0973 | train reward: 116.21 | best: 119.41 | KL: 6.527e-04 | std: 0.5391 | rollout: 6.743s | update: 0.761s | total: 7.504s | samples/s: 8529
Iteration 0974 | train reward: 117.56 | best: 119.41 | KL: 5.605e-04 | std: 0.5387 | rollout: 7.007s | update: 0.771s | total: 7.778s | samples/s: 8228
Iteration 0975 | train reward: 117.40 | best: 119.41 | KL: 6.369e-04 | std: 0.5377 | rollout: 7.540s | update: 0.770s | total: 8.310s | samples/s: 7702
Iteration 0976 | train reward: 118.98 | best: 119.41 | KL: 5.096e-04 | std: 0.5386 | rollout: 6.945s | update: 0.797s | total: 7.742s | samples/s: 8266
Iteration 0977 | train reward: 116.98 | best: 119.41 | KL: 5.587e-04 | std: 0.5390 | rollout: 7.203s | update: 0.785s | total: 7.988s | samples/s: 8012
Iteration 0978 | train reward: 115.55 | best: 119.41 | KL: 6.172e-04 | std: 0.5387 | rollout: 6.609s | update: 0.771s | total: 7.379s | samples/s: 8673
Iteration 0979 | train reward: 118.06 | best: 119.41 | KL: 5.994e-04 | std: 0.5387 | rollout: 7.326s | update: 0.830s | total: 8.157s | samples/s: 7846
Iteration 0980 | train reward: 115.64 | best: 119.41 | KL: 6.565e-04 | std: 0.5390 | rollout: 6.911s | update: 0.757s | total: 7.668s | samples/s: 8346
Iteration 0981 | train reward: 119.72 | best: 119.72 | KL: 5.608e-04 | std: 0.5387 | rollout: 7.694s | update: 0.837s | total: 8.531s | samples/s: 7502
Iteration 0982 | train reward: 118.69 | best: 119.72 | KL: 5.697e-04 | std: 0.5373 | rollout: 7.839s | update: 0.782s | total: 8.621s | samples/s: 7424
Iteration 0983 | train reward: 118.72 | best: 119.72 | KL: 5.591e-04 | std: 0.5370 | rollout: 7.502s | update: 0.766s | total: 8.268s | samples/s: 7740
Iteration 0984 | train reward: 118.62 | best: 119.72 | KL: 6.032e-04 | std: 0.5366 | rollout: 7.544s | update: 0.791s | total: 8.335s | samples/s: 7678
Iteration 0985 | train reward: 117.09 | best: 119.72 | KL: 7.067e-04 | std: 0.5356 | rollout: 7.540s | update: 0.824s | total: 8.364s | samples/s: 7652
Iteration 0986 | train reward: 117.11 | best: 119.72 | KL: 5.854e-04 | std: 0.5352 | rollout: 7.553s | update: 0.832s | total: 8.385s | samples/s: 7632
Iteration 0987 | train reward: 117.70 | best: 119.72 | KL: 5.608e-04 | std: 0.5353 | rollout: 7.637s | update: 0.765s | total: 8.402s | samples/s: 7617
Iteration 0988 | train reward: 117.39 | best: 119.72 | KL: 5.441e-04 | std: 0.5352 | rollout: 7.332s | update: 0.778s | total: 8.110s | samples/s: 7891
Iteration 0989 | train reward: 116.45 | best: 119.72 | KL: 5.303e-04 | std: 0.5352 | rollout: 6.895s | update: 0.787s | total: 7.683s | samples/s: 8331
Iteration 0990 | train reward: 115.85 | best: 119.72 | KL: 5.897e-04 | std: 0.5338 | rollout: 7.380s | update: 0.807s | total: 8.187s | samples/s: 7817
Iteration 0991 | train reward: 115.43 | best: 119.72 | KL: 6.040e-04 | std: 0.5351 | rollout: 7.716s | update: 0.770s | total: 8.486s | samples/s: 7542
Iteration 0992 | train reward: 117.94 | best: 119.72 | KL: 6.562e-04 | std: 0.5352 | rollout: 6.506s | update: 0.783s | total: 7.289s | samples/s: 8781
Iteration 0993 | train reward: 117.91 | best: 119.72 | KL: 7.686e-04 | std: 0.5352 | rollout: 8.209s | update: 0.777s | total: 8.986s | samples/s: 7122
Iteration 0994 | train reward: 118.88 | best: 119.72 | KL: 4.798e-04 | std: 0.5350 | rollout: 7.615s | update: 0.778s | total: 8.393s | samples/s: 7625
Iteration 0995 | train reward: 118.52 | best: 119.72 | KL: 4.962e-04 | std: 0.5347 | rollout: 7.335s | update: 0.769s | total: 8.105s | samples/s: 7897
Iteration 0996 | train reward: 117.07 | best: 119.72 | KL: 5.593e-04 | std: 0.5348 | rollout: 7.099s | update: 0.828s | total: 7.927s | samples/s: 8074
Iteration 0997 | train reward: 117.23 | best: 119.72 | KL: 5.719e-04 | std: 0.5348 | rollout: 6.657s | update: 0.815s | total: 7.473s | samples/s: 8564
Iteration 0998 | train reward: 116.69 | best: 119.72 | KL: 5.574e-04 | std: 0.5356 | rollout: 7.911s | update: 0.777s | total: 8.688s | samples/s: 7366
Iteration 0999 | train reward: 117.87 | best: 119.72 | KL: 5.588e-04 | std: 0.5356 | rollout: 7.433s | update: 0.851s | total: 8.284s | samples/s: 7725
Iteration 1000 | train reward: 117.11 | best: 119.72 | KL: 4.593e-04 | std: 0.5366 | rollout: 7.270s | update: 0.771s | total: 8.042s | samples/s: 7958
Iteration 1001 | train reward: 117.29 | best: 119.72 | KL: 5.079e-04 | std: 0.5366 | rollout: 6.453s | update: 0.792s | total: 7.245s | samples/s: 8833
Iteration 1002 | train reward: 117.71 | best: 119.72 | KL: 6.441e-04 | std: 0.5355 | rollout: 7.217s | update: 0.790s | total: 8.007s | samples/s: 7993
Iteration 1003 | train reward: 118.52 | best: 119.72 | KL: 5.117e-04 | std: 0.5355 | rollout: 8.661s | update: 0.781s | total: 9.442s | samples/s: 6778
Iteration 1004 | train reward: 118.02 | best: 119.72 | KL: 5.581e-04 | std: 0.5356 | rollout: 7.791s | update: 0.765s | total: 8.556s | samples/s: 7480
Iteration 1005 | train reward: 119.41 | best: 119.72 | KL: 4.811e-04 | std: 0.5353 | rollout: 7.454s | update: 0.793s | total: 8.247s | samples/s: 7760
Iteration 1006 | train reward: 118.30 | best: 119.72 | KL: 5.917e-04 | std: 0.5353 | rollout: 7.186s | update: 0.817s | total: 8.003s | samples/s: 7997
Iteration 1007 | train reward: 117.53 | best: 119.72 | KL: 5.294e-04 | std: 0.5353 | rollout: 6.561s | update: 0.809s | total: 7.370s | samples/s: 8684
Iteration 1008 | train reward: 116.62 | best: 119.72 | KL: 6.722e-04 | std: 0.5355 | rollout: 6.569s | update: 0.759s | total: 7.327s | samples/s: 8734
Iteration 1009 | train reward: 118.00 | best: 119.72 | KL: 4.696e-04 | std: 0.5366 | rollout: 7.101s | update: 0.761s | total: 7.862s | samples/s: 8140
Iteration 1010 | train reward: 117.44 | best: 119.72 | KL: 5.323e-04 | std: 0.5352 | rollout: 7.239s | update: 0.770s | total: 8.009s | samples/s: 7991
Iteration 1011 | train reward: 118.54 | best: 119.72 | KL: 5.344e-04 | std: 0.5355 | rollout: 6.517s | update: 0.775s | total: 7.293s | samples/s: 8776
Iteration 1012 | train reward: 119.82 | best: 119.82 | KL: 5.843e-04 | std: 0.5367 | rollout: 6.844s | update: 0.800s | total: 7.644s | samples/s: 8373
Iteration 1013 | train reward: 119.54 | best: 119.82 | KL: 4.729e-04 | std: 0.5366 | rollout: 6.905s | update: 0.764s | total: 7.668s | samples/s: 8346
Iteration 1014 | train reward: 118.61 | best: 119.82 | KL: 6.476e-04 | std: 0.5369 | rollout: 7.004s | update: 0.768s | total: 7.771s | samples/s: 8235
Iteration 1015 | train reward: 118.86 | best: 119.82 | KL: 6.045e-04 | std: 0.5369 | rollout: 7.207s | update: 0.777s | total: 7.984s | samples/s: 8016
Iteration 1016 | train reward: 118.45 | best: 119.82 | KL: 5.960e-04 | std: 0.5373 | rollout: 7.538s | update: 0.766s | total: 8.304s | samples/s: 7707
Iteration 1017 | train reward: 120.31 | best: 120.31 | KL: 5.348e-04 | std: 0.5377 | rollout: 7.602s | update: 0.770s | total: 8.372s | samples/s: 7644
Iteration 1018 | train reward: 118.93 | best: 120.31 | KL: 5.377e-04 | std: 0.5390 | rollout: 6.500s | update: 0.768s | total: 7.268s | samples/s: 8806
Iteration 1019 | train reward: 120.39 | best: 120.39 | KL: 5.459e-04 | std: 0.5391 | rollout: 6.857s | update: 0.791s | total: 7.648s | samples/s: 8368
Iteration 1020 | train reward: 119.56 | best: 120.39 | KL: 5.581e-04 | std: 0.5390 | rollout: 7.413s | update: 0.778s | total: 8.191s | samples/s: 7814
Iteration 1021 | train reward: 118.81 | best: 120.39 | KL: 5.194e-04 | std: 0.5387 | rollout: 7.299s | update: 0.915s | total: 8.213s | samples/s: 7792
Iteration 1022 | train reward: 118.68 | best: 120.39 | KL: 4.451e-04 | std: 0.5386 | rollout: 7.369s | update: 0.766s | total: 8.135s | samples/s: 7867
Iteration 1023 | train reward: 117.73 | best: 120.39 | KL: 5.315e-04 | std: 0.5386 | rollout: 6.993s | update: 0.774s | total: 7.767s | samples/s: 8240
Iteration 1024 | train reward: 119.16 | best: 120.39 | KL: 6.823e-04 | std: 0.5373 | rollout: 6.897s | update: 0.776s | total: 7.673s | samples/s: 8341
Iteration 1025 | train reward: 120.17 | best: 120.39 | KL: 5.336e-04 | std: 0.5373 | rollout: 7.628s | update: 0.832s | total: 8.460s | samples/s: 7565
Iteration 1026 | train reward: 117.53 | best: 120.39 | KL: 5.735e-04 | std: 0.5376 | rollout: 7.188s | update: 0.780s | total: 7.968s | samples/s: 8032
Iteration 1027 | train reward: 119.13 | best: 120.39 | KL: 5.293e-04 | std: 0.5370 | rollout: 7.036s | update: 0.775s | total: 7.811s | samples/s: 8194
Iteration 1028 | train reward: 119.14 | best: 120.39 | KL: 5.823e-04 | std: 0.5370 | rollout: 7.003s | update: 0.791s | total: 7.795s | samples/s: 8211
Iteration 1029 | train reward: 118.73 | best: 120.39 | KL: 5.894e-04 | std: 0.5372 | rollout: 7.415s | update: 0.772s | total: 8.187s | samples/s: 7818
Iteration 1030 | train reward: 117.80 | best: 120.39 | KL: 5.358e-04 | std: 0.5373 | rollout: 7.063s | update: 0.789s | total: 7.852s | samples/s: 8150
Iteration 1031 | train reward: 117.06 | best: 120.39 | KL: 5.442e-04 | std: 0.5373 | rollout: 6.280s | update: 0.811s | total: 7.091s | samples/s: 9025
Iteration 1032 | train reward: 119.59 | best: 120.39 | KL: 4.874e-04 | std: 0.5372 | rollout: 7.448s | update: 0.759s | total: 8.207s | samples/s: 7798
Iteration 1033 | train reward: 118.94 | best: 120.39 | KL: 6.361e-04 | std: 0.5373 | rollout: 6.984s | update: 0.783s | total: 7.767s | samples/s: 8240
Iteration 1034 | train reward: 119.61 | best: 120.39 | KL: 5.057e-04 | std: 0.5376 | rollout: 6.163s | update: 0.770s | total: 6.933s | samples/s: 9231
Iteration 1035 | train reward: 117.79 | best: 120.39 | KL: 5.399e-04 | std: 0.5372 | rollout: 6.870s | update: 0.784s | total: 7.654s | samples/s: 8362
Iteration 1036 | train reward: 117.98 | best: 120.39 | KL: 5.984e-04 | std: 0.5372 | rollout: 6.696s | update: 0.778s | total: 7.474s | samples/s: 8563
Iteration 1037 | train reward: 117.64 | best: 120.39 | KL: 5.778e-04 | std: 0.5372 | rollout: 7.345s | update: 0.799s | total: 8.145s | samples/s: 7858
Iteration 1038 | train reward: 118.60 | best: 120.39 | KL: 4.965e-04 | std: 0.5373 | rollout: 7.463s | update: 0.792s | total: 8.255s | samples/s: 7753
Iteration 1039 | train reward: 120.11 | best: 120.39 | KL: 6.217e-04 | std: 0.5376 | rollout: 7.558s | update: 0.765s | total: 8.323s | samples/s: 7690
Iteration 1040 | train reward: 120.09 | best: 120.39 | KL: 5.653e-04 | std: 0.5386 | rollout: 6.460s | update: 0.773s | total: 7.233s | samples/s: 8848
Iteration 1041 | train reward: 120.14 | best: 120.39 | KL: 6.568e-04 | std: 0.5376 | rollout: 7.462s | update: 0.781s | total: 8.243s | samples/s: 7764
Iteration 1042 | train reward: 119.49 | best: 120.39 | KL: 5.185e-04 | std: 0.5376 | rollout: 7.490s | update: 0.769s | total: 8.259s | samples/s: 7749
Iteration 1043 | train reward: 118.79 | best: 120.39 | KL: 5.566e-04 | std: 0.5377 | rollout: 7.746s | update: 0.778s | total: 8.524s | samples/s: 7508
Iteration 1044 | train reward: 119.76 | best: 120.39 | KL: 5.584e-04 | std: 0.5390 | rollout: 6.971s | update: 0.770s | total: 7.741s | samples/s: 8268
Iteration 1045 | train reward: 119.20 | best: 120.39 | KL: 5.549e-04 | std: 0.5387 | rollout: 7.509s | update: 0.813s | total: 8.322s | samples/s: 7690
Iteration 1046 | train reward: 117.89 | best: 120.39 | KL: 5.426e-04 | std: 0.5390 | rollout: 8.205s | update: 0.802s | total: 9.007s | samples/s: 7106
Iteration 1047 | train reward: 119.10 | best: 120.39 | KL: 5.777e-04 | std: 0.5390 | rollout: 7.274s | update: 0.756s | total: 8.030s | samples/s: 7970
Iteration 1048 | train reward: 119.77 | best: 120.39 | KL: 5.302e-04 | std: 0.5387 | rollout: 6.225s | update: 0.766s | total: 6.992s | samples/s: 9153
Iteration 1049 | train reward: 118.67 | best: 120.39 | KL: 6.798e-04 | std: 0.5390 | rollout: 6.431s | update: 0.782s | total: 7.212s | samples/s: 8874
Iteration 1050 | train reward: 116.37 | best: 120.39 | KL: 5.435e-04 | std: 0.5391 | rollout: 7.294s | update: 0.773s | total: 8.067s | samples/s: 7934
Iteration 1051 | train reward: 119.24 | best: 120.39 | KL: 5.999e-04 | std: 0.5391 | rollout: 7.755s | update: 0.794s | total: 8.549s | samples/s: 7487
Iteration 1052 | train reward: 119.01 | best: 120.39 | KL: 5.368e-04 | std: 0.5392 | rollout: 7.381s | update: 0.783s | total: 8.164s | samples/s: 7839
Iteration 1053 | train reward: 119.09 | best: 120.39 | KL: 5.792e-04 | std: 0.5391 | rollout: 7.110s | update: 0.758s | total: 7.868s | samples/s: 8135
Iteration 1054 | train reward: 117.60 | best: 120.39 | KL: 5.075e-04 | std: 0.5386 | rollout: 7.396s | update: 0.775s | total: 8.172s | samples/s: 7832
Iteration 1055 | train reward: 119.73 | best: 120.39 | KL: 4.869e-04 | std: 0.5377 | rollout: 7.103s | update: 0.794s | total: 7.897s | samples/s: 8104
Iteration 1056 | train reward: 117.75 | best: 120.39 | KL: 6.146e-04 | std: 0.5387 | rollout: 7.036s | update: 0.765s | total: 7.801s | samples/s: 8204
Iteration 1057 | train reward: 118.26 | best: 120.39 | KL: 5.452e-04 | std: 0.5390 | rollout: 6.954s | update: 0.772s | total: 7.726s | samples/s: 8284
Iteration 1058 | train reward: 118.36 | best: 120.39 | KL: 4.961e-04 | std: 0.5386 | rollout: 6.991s | update: 0.852s | total: 7.842s | samples/s: 8161
Iteration 1059 | train reward: 119.32 | best: 120.39 | KL: 5.876e-04 | std: 0.5391 | rollout: 7.108s | update: 0.759s | total: 7.867s | samples/s: 8135
Iteration 1060 | train reward: 118.22 | best: 120.39 | KL: 6.663e-04 | std: 0.5392 | rollout: 7.123s | update: 0.772s | total: 7.894s | samples/s: 8107
Iteration 1061 | train reward: 119.04 | best: 120.39 | KL: 4.678e-04 | std: 0.5405 | rollout: 7.306s | update: 0.777s | total: 8.084s | samples/s: 7917
Iteration 1062 | train reward: 117.90 | best: 120.39 | KL: 5.518e-04 | std: 0.5405 | rollout: 7.161s | update: 0.778s | total: 7.938s | samples/s: 8062
Iteration 1063 | train reward: 118.73 | best: 120.39 | KL: 5.743e-04 | std: 0.5405 | rollout: 6.617s | update: 0.822s | total: 7.439s | samples/s: 8603
Iteration 1064 | train reward: 119.02 | best: 120.39 | KL: 5.405e-04 | std: 0.5408 | rollout: 6.046s | update: 0.782s | total: 6.828s | samples/s: 9373
Iteration 1065 | train reward: 119.40 | best: 120.39 | KL: 4.619e-04 | std: 0.5405 | rollout: 6.906s | update: 0.778s | total: 7.684s | samples/s: 8329
Iteration 1066 | train reward: 119.35 | best: 120.39 | KL: 5.938e-04 | std: 0.5406 | rollout: 7.221s | update: 0.767s | total: 7.988s | samples/s: 8012
Iteration 1067 | train reward: 120.83 | best: 120.83 | KL: 6.043e-04 | std: 0.5409 | rollout: 6.285s | update: 0.849s | total: 7.134s | samples/s: 8971
Iteration 1068 | train reward: 117.71 | best: 120.83 | KL: 5.684e-04 | std: 0.5406 | rollout: 7.541s | update: 0.765s | total: 8.306s | samples/s: 7706
Iteration 1069 | train reward: 119.10 | best: 120.83 | KL: 5.954e-04 | std: 0.5405 | rollout: 7.208s | update: 0.781s | total: 7.989s | samples/s: 8011
Iteration 1070 | train reward: 119.49 | best: 120.83 | KL: 4.964e-04 | std: 0.5395 | rollout: 8.478s | update: 0.824s | total: 9.302s | samples/s: 6880
Iteration 1071 | train reward: 120.24 | best: 120.83 | KL: 5.690e-04 | std: 0.5405 | rollout: 6.238s | update: 0.788s | total: 7.026s | samples/s: 9109
Iteration 1072 | train reward: 120.66 | best: 120.83 | KL: 5.814e-04 | std: 0.5395 | rollout: 6.270s | update: 0.762s | total: 7.032s | samples/s: 9101
Iteration 1073 | train reward: 121.05 | best: 121.05 | KL: 5.978e-04 | std: 0.5394 | rollout: 7.254s | update: 0.783s | total: 8.037s | samples/s: 7963
Iteration 1074 | train reward: 119.18 | best: 121.05 | KL: 6.253e-04 | std: 0.5392 | rollout: 6.448s | update: 0.760s | total: 7.208s | samples/s: 8879
Iteration 1075 | train reward: 117.92 | best: 121.05 | KL: 6.206e-04 | std: 0.5395 | rollout: 6.133s | update: 0.768s | total: 6.901s | samples/s: 9274
Iteration 1076 | train reward: 118.38 | best: 121.05 | KL: 6.393e-04 | std: 0.5392 | rollout: 6.257s | update: 0.773s | total: 7.030s | samples/s: 9104
Iteration 1077 | train reward: 119.03 | best: 121.05 | KL: 6.275e-04 | std: 0.5390 | rollout: 8.058s | update: 0.815s | total: 8.873s | samples/s: 7213
Iteration 1078 | train reward: 117.59 | best: 121.05 | KL: 7.015e-04 | std: 0.5390 | rollout: 8.368s | update: 0.801s | total: 9.169s | samples/s: 6980
Iteration 1079 | train reward: 119.07 | best: 121.05 | KL: 5.972e-04 | std: 0.5390 | rollout: 6.385s | update: 0.830s | total: 7.215s | samples/s: 8871
Iteration 1080 | train reward: 119.83 | best: 121.05 | KL: 6.030e-04 | std: 0.5389 | rollout: 7.503s | update: 0.829s | total: 8.332s | samples/s: 7681
Iteration 1081 | train reward: 117.98 | best: 121.05 | KL: 7.832e-04 | std: 0.5387 | rollout: 7.146s | update: 0.791s | total: 7.937s | samples/s: 8064
Iteration 1082 | train reward: 119.27 | best: 121.05 | KL: 7.138e-04 | std: 0.5387 | rollout: 5.980s | update: 0.839s | total: 6.819s | samples/s: 9386
Iteration 1083 | train reward: 118.63 | best: 121.05 | KL: 6.201e-04 | std: 0.5392 | rollout: 6.254s | update: 0.766s | total: 7.020s | samples/s: 9117
Iteration 1084 | train reward: 118.29 | best: 121.05 | KL: 6.831e-04 | std: 0.5394 | rollout: 7.740s | update: 0.855s | total: 8.595s | samples/s: 7446
Iteration 1085 | train reward: 120.36 | best: 121.05 | KL: 5.908e-04 | std: 0.5395 | rollout: 7.757s | update: 0.797s | total: 8.553s | samples/s: 7482
Iteration 1086 | train reward: 118.64 | best: 121.05 | KL: 7.865e-04 | std: 0.5404 | rollout: 7.360s | update: 0.792s | total: 8.152s | samples/s: 7851
Iteration 1087 | train reward: 118.05 | best: 121.05 | KL: 6.474e-04 | std: 0.5395 | rollout: 7.165s | update: 0.765s | total: 7.930s | samples/s: 8071
Iteration 1088 | train reward: 117.59 | best: 121.05 | KL: 7.858e-04 | std: 0.5391 | rollout: 6.889s | update: 0.776s | total: 7.666s | samples/s: 8349
Iteration 1089 | train reward: 117.52 | best: 121.05 | KL: 6.301e-04 | std: 0.5391 | rollout: 7.421s | update: 0.857s | total: 8.278s | samples/s: 7731
Iteration 1090 | train reward: 120.04 | best: 121.05 | KL: 7.687e-04 | std: 0.5391 | rollout: 7.582s | update: 0.795s | total: 8.377s | samples/s: 7640
Iteration 1091 | train reward: 118.86 | best: 121.05 | KL: 5.889e-04 | std: 0.5394 | rollout: 7.756s | update: 0.791s | total: 8.547s | samples/s: 7488
Iteration 1092 | train reward: 116.77 | best: 121.05 | KL: 6.630e-04 | std: 0.5409 | rollout: 7.161s | update: 0.729s | total: 7.890s | samples/s: 8112
Iteration 1093 | train reward: 119.27 | best: 121.05 | KL: 7.530e-04 | std: 0.5409 | rollout: 7.283s | update: 0.838s | total: 8.121s | samples/s: 7881
Iteration 1094 | train reward: 118.62 | best: 121.05 | KL: 6.562e-04 | std: 0.5408 | rollout: 7.493s | update: 0.776s | total: 8.269s | samples/s: 7740
Iteration 1095 | train reward: 119.47 | best: 121.05 | KL: 6.078e-04 | std: 0.5415 | rollout: 6.853s | update: 0.821s | total: 7.674s | samples/s: 8340
Iteration 1096 | train reward: 119.70 | best: 121.05 | KL: 5.651e-04 | std: 0.5411 | rollout: 7.349s | update: 0.785s | total: 8.134s | samples/s: 7868
Iteration 1097 | train reward: 120.66 | best: 121.05 | KL: 5.513e-04 | std: 0.5409 | rollout: 6.672s | update: 0.765s | total: 7.437s | samples/s: 8606
Iteration 1098 | train reward: 119.51 | best: 121.05 | KL: 5.716e-04 | std: 0.5409 | rollout: 7.037s | update: 0.767s | total: 7.804s | samples/s: 8201
Iteration 1099 | train reward: 118.82 | best: 121.05 | KL: 5.582e-04 | std: 0.5411 | rollout: 7.229s | update: 0.763s | total: 7.992s | samples/s: 8008
Iteration 1100 | train reward: 118.21 | best: 121.05 | KL: 6.815e-04 | std: 0.5411 | rollout: 7.688s | update: 0.797s | total: 8.485s | samples/s: 7543
Iteration 1101 | train reward: 120.89 | best: 121.05 | KL: 5.167e-04 | std: 0.5409 | rollout: 7.462s | update: 0.753s | total: 8.215s | samples/s: 7790
Iteration 1102 | train reward: 119.06 | best: 121.05 | KL: 7.415e-04 | std: 0.5405 | rollout: 7.933s | update: 0.846s | total: 8.780s | samples/s: 7290
Iteration 1103 | train reward: 119.03 | best: 121.05 | KL: 6.280e-04 | std: 0.5406 | rollout: 7.902s | update: 0.788s | total: 8.690s | samples/s: 7365
Iteration 1104 | train reward: 119.05 | best: 121.05 | KL: 5.791e-04 | std: 0.5405 | rollout: 6.434s | update: 0.785s | total: 7.219s | samples/s: 8866
Iteration 1105 | train reward: 117.61 | best: 121.05 | KL: 7.270e-04 | std: 0.5391 | rollout: 6.136s | update: 0.783s | total: 6.918s | samples/s: 9251
Iteration 1106 | train reward: 118.27 | best: 121.05 | KL: 7.638e-04 | std: 0.5405 | rollout: 7.417s | update: 0.786s | total: 8.203s | samples/s: 7802
Iteration 1107 | train reward: 121.00 | best: 121.05 | KL: 6.451e-04 | std: 0.5405 | rollout: 7.812s | update: 0.825s | total: 8.637s | samples/s: 7410
Iteration 1108 | train reward: 119.43 | best: 121.05 | KL: 6.304e-04 | std: 0.5394 | rollout: 7.408s | update: 0.789s | total: 8.197s | samples/s: 7808
Iteration 1109 | train reward: 119.65 | best: 121.05 | KL: 5.885e-04 | std: 0.5394 | rollout: 7.486s | update: 0.832s | total: 8.319s | samples/s: 7693
Iteration 1110 | train reward: 120.03 | best: 121.05 | KL: 5.018e-04 | std: 0.5409 | rollout: 7.882s | update: 0.854s | total: 8.736s | samples/s: 7326
Iteration 1111 | train reward: 119.72 | best: 121.05 | KL: 6.513e-04 | std: 0.5415 | rollout: 8.622s | update: 0.786s | total: 9.407s | samples/s: 6803
Iteration 1112 | train reward: 118.72 | best: 121.05 | KL: 6.065e-04 | std: 0.5416 | rollout: 7.311s | update: 0.785s | total: 8.096s | samples/s: 7905
Iteration 1113 | train reward: 117.91 | best: 121.05 | KL: 6.466e-04 | std: 0.5416 | rollout: 7.203s | update: 0.768s | total: 7.971s | samples/s: 8029
Iteration 1114 | train reward: 120.15 | best: 121.05 | KL: 7.263e-04 | std: 0.5416 | rollout: 8.118s | update: 0.772s | total: 8.891s | samples/s: 7199
Iteration 1115 | train reward: 118.19 | best: 121.05 | KL: 7.092e-04 | std: 0.5415 | rollout: 6.854s | update: 0.774s | total: 7.628s | samples/s: 8391
Iteration 1116 | train reward: 118.61 | best: 121.05 | KL: 5.648e-04 | std: 0.5425 | rollout: 6.143s | update: 0.776s | total: 6.918s | samples/s: 9251
Iteration 1117 | train reward: 119.24 | best: 121.05 | KL: 6.025e-04 | std: 0.5429 | rollout: 6.084s | update: 0.772s | total: 6.856s | samples/s: 9334
Iteration 1118 | train reward: 118.98 | best: 121.05 | KL: 6.429e-04 | std: 0.5429 | rollout: 6.145s | update: 0.835s | total: 6.980s | samples/s: 9169
Iteration 1119 | train reward: 117.10 | best: 121.05 | KL: 6.603e-04 | std: 0.5426 | rollout: 6.050s | update: 0.813s | total: 6.863s | samples/s: 9325
Iteration 1120 | train reward: 118.72 | best: 121.05 | KL: 6.622e-04 | std: 0.5430 | rollout: 6.239s | update: 0.790s | total: 7.029s | samples/s: 9105
Iteration 1121 | train reward: 119.34 | best: 121.05 | KL: 5.919e-04 | std: 0.5429 | rollout: 7.198s | update: 0.762s | total: 7.960s | samples/s: 8040
Iteration 1122 | train reward: 119.35 | best: 121.05 | KL: 7.401e-04 | std: 0.5431 | rollout: 7.603s | update: 0.795s | total: 8.398s | samples/s: 7621
Iteration 1123 | train reward: 119.25 | best: 121.05 | KL: 6.580e-04 | std: 0.5430 | rollout: 7.678s | update: 0.766s | total: 8.443s | samples/s: 7580
Iteration 1124 | train reward: 119.35 | best: 121.05 | KL: 5.605e-04 | std: 0.5430 | rollout: 6.605s | update: 0.787s | total: 7.392s | samples/s: 8657
Iteration 1125 | train reward: 120.35 | best: 121.05 | KL: 6.308e-04 | std: 0.5430 | rollout: 7.456s | update: 0.854s | total: 8.310s | samples/s: 7702
Iteration 1126 | train reward: 119.76 | best: 121.05 | KL: 6.060e-04 | std: 0.5430 | rollout: 7.697s | update: 0.783s | total: 8.480s | samples/s: 7547
Iteration 1127 | train reward: 119.92 | best: 121.05 | KL: 5.449e-04 | std: 0.5429 | rollout: 7.468s | update: 0.805s | total: 8.273s | samples/s: 7736
Iteration 1128 | train reward: 119.66 | best: 121.05 | KL: 7.670e-04 | std: 0.5429 | rollout: 7.875s | update: 0.773s | total: 8.648s | samples/s: 7401
Iteration 1129 | train reward: 118.84 | best: 121.05 | KL: 6.324e-04 | std: 0.5426 | rollout: 6.215s | update: 0.776s | total: 6.992s | samples/s: 9154
Iteration 1130 | train reward: 119.54 | best: 121.05 | KL: 7.617e-04 | std: 0.5430 | rollout: 7.066s | update: 0.763s | total: 7.829s | samples/s: 8175
Iteration 1131 | train reward: 120.11 | best: 121.05 | KL: 6.218e-04 | std: 0.5433 | rollout: 6.447s | update: 0.798s | total: 7.246s | samples/s: 8833
Iteration 1132 | train reward: 119.47 | best: 121.05 | KL: 5.755e-04 | std: 0.5434 | rollout: 7.278s | update: 0.782s | total: 8.060s | samples/s: 7941
Iteration 1133 | train reward: 119.85 | best: 121.05 | KL: 7.029e-04 | std: 0.5431 | rollout: 7.142s | update: 0.786s | total: 7.928s | samples/s: 8073
Iteration 1134 | train reward: 120.08 | best: 121.05 | KL: 7.765e-04 | std: 0.5434 | rollout: 7.131s | update: 0.800s | total: 7.931s | samples/s: 8069
Iteration 1135 | train reward: 119.96 | best: 121.05 | KL: 4.972e-04 | std: 0.5433 | rollout: 7.517s | update: 0.774s | total: 8.291s | samples/s: 7719
Iteration 1136 | train reward: 119.83 | best: 121.05 | KL: 6.859e-04 | std: 0.5434 | rollout: 6.544s | update: 0.805s | total: 7.349s | samples/s: 8709
Iteration 1137 | train reward: 118.91 | best: 121.05 | KL: 6.580e-04 | std: 0.5429 | rollout: 6.976s | update: 0.826s | total: 7.802s | samples/s: 8203
Iteration 1138 | train reward: 119.99 | best: 121.05 | KL: 7.026e-04 | std: 0.5430 | rollout: 7.325s | update: 0.795s | total: 8.120s | samples/s: 7882
Iteration 1139 | train reward: 120.02 | best: 121.05 | KL: 5.481e-04 | std: 0.5429 | rollout: 6.174s | update: 0.761s | total: 6.935s | samples/s: 9228
Iteration 1140 | train reward: 121.97 | best: 121.97 | KL: 6.078e-04 | std: 0.5430 | rollout: 7.453s | update: 0.784s | total: 8.237s | samples/s: 7770
Iteration 1141 | train reward: 118.56 | best: 121.97 | KL: 6.546e-04 | std: 0.5429 | rollout: 7.269s | update: 0.845s | total: 8.114s | samples/s: 7888
Iteration 1142 | train reward: 117.27 | best: 121.97 | KL: 7.140e-04 | std: 0.5426 | rollout: 6.522s | update: 0.787s | total: 7.310s | samples/s: 8756
Iteration 1143 | train reward: 120.91 | best: 121.97 | KL: 6.844e-04 | std: 0.5426 | rollout: 7.224s | update: 0.808s | total: 8.033s | samples/s: 7968
Iteration 1144 | train reward: 120.14 | best: 121.97 | KL: 5.968e-04 | std: 0.5426 | rollout: 8.198s | update: 0.766s | total: 8.964s | samples/s: 7140
Iteration 1145 | train reward: 119.18 | best: 121.97 | KL: 7.040e-04 | std: 0.5416 | rollout: 7.438s | update: 0.760s | total: 8.198s | samples/s: 7807
Iteration 1146 | train reward: 119.67 | best: 121.97 | KL: 7.349e-04 | std: 0.5426 | rollout: 6.560s | update: 0.768s | total: 7.329s | samples/s: 8733
Iteration 1147 | train reward: 118.89 | best: 121.97 | KL: 6.628e-04 | std: 0.5425 | rollout: 6.151s | update: 0.763s | total: 6.913s | samples/s: 9257
Iteration 1148 | train reward: 120.84 | best: 121.97 | KL: 8.151e-04 | std: 0.5416 | rollout: 7.020s | update: 0.782s | total: 7.801s | samples/s: 8204
Iteration 1149 | train reward: 120.91 | best: 121.97 | KL: 7.158e-04 | std: 0.5416 | rollout: 6.129s | update: 0.770s | total: 6.899s | samples/s: 9277
Iteration 1150 | train reward: 120.64 | best: 121.97 | KL: 7.890e-04 | std: 0.5416 | rollout: 6.390s | update: 0.829s | total: 7.219s | samples/s: 8865
Iteration 1151 | train reward: 120.26 | best: 121.97 | KL: 6.291e-04 | std: 0.5415 | rollout: 6.303s | update: 0.768s | total: 7.072s | samples/s: 9050
Iteration 1152 | train reward: 119.75 | best: 121.97 | KL: 5.981e-04 | std: 0.5415 | rollout: 6.974s | update: 0.776s | total: 7.751s | samples/s: 8257
Iteration 1153 | train reward: 120.80 | best: 121.97 | KL: 5.290e-04 | std: 0.5415 | rollout: 7.125s | update: 0.803s | total: 7.929s | samples/s: 8072
Iteration 1154 | train reward: 121.19 | best: 121.97 | KL: 4.983e-04 | std: 0.5416 | rollout: 7.675s | update: 0.810s | total: 8.485s | samples/s: 7543
Iteration 1155 | train reward: 121.30 | best: 121.97 | KL: 6.210e-04 | std: 0.5415 | rollout: 7.104s | update: 0.775s | total: 7.878s | samples/s: 8124
Iteration 1156 | train reward: 118.96 | best: 121.97 | KL: 6.864e-04 | std: 0.5425 | rollout: 7.160s | update: 0.777s | total: 7.937s | samples/s: 8063
Iteration 1157 | train reward: 119.68 | best: 121.97 | KL: 7.112e-04 | std: 0.5426 | rollout: 6.973s | update: 0.785s | total: 7.758s | samples/s: 8249
Iteration 1158 | train reward: 120.17 | best: 121.97 | KL: 8.290e-04 | std: 0.5433 | rollout: 7.030s | update: 0.766s | total: 7.796s | samples/s: 8210
Iteration 1159 | train reward: 117.65 | best: 121.97 | KL: 9.634e-04 | std: 0.5434 | rollout: 7.336s | update: 0.797s | total: 8.133s | samples/s: 7869
Iteration 1160 | train reward: 121.05 | best: 121.97 | KL: 6.845e-04 | std: 0.5445 | rollout: 7.370s | update: 0.766s | total: 8.136s | samples/s: 7866
Iteration 1161 | train reward: 121.46 | best: 121.97 | KL: 7.124e-04 | std: 0.5448 | rollout: 7.558s | update: 0.775s | total: 8.333s | samples/s: 7680
Iteration 1162 | train reward: 122.55 | best: 122.55 | KL: 5.344e-04 | std: 0.5452 | rollout: 7.344s | update: 0.788s | total: 8.132s | samples/s: 7870
Iteration 1163 | train reward: 121.54 | best: 122.55 | KL: 6.424e-04 | std: 0.5455 | rollout: 7.133s | update: 0.813s | total: 7.946s | samples/s: 8054
Iteration 1164 | train reward: 122.38 | best: 122.55 | KL: 5.766e-04 | std: 0.5464 | rollout: 7.745s | update: 0.773s | total: 8.518s | samples/s: 7514
Iteration 1165 | train reward: 120.19 | best: 122.55 | KL: 5.831e-04 | std: 0.5464 | rollout: 7.238s | update: 0.809s | total: 8.047s | samples/s: 7953
Iteration 1166 | train reward: 121.84 | best: 122.55 | KL: 5.887e-04 | std: 0.5451 | rollout: 7.585s | update: 0.767s | total: 8.352s | samples/s: 7663
Iteration 1167 | train reward: 117.19 | best: 122.55 | KL: 1.090e-03 | std: 0.5451 | rollout: 7.422s | update: 0.808s | total: 8.230s | samples/s: 7777
Iteration 1168 | train reward: 121.30 | best: 122.55 | KL: 6.339e-04 | std: 0.5448 | rollout: 7.434s | update: 0.793s | total: 8.227s | samples/s: 7780
Iteration 1169 | train reward: 119.96 | best: 122.55 | KL: 6.379e-04 | std: 0.5448 | rollout: 7.705s | update: 0.781s | total: 8.487s | samples/s: 7541
Iteration 1170 | train reward: 122.97 | best: 122.97 | KL: 6.102e-04 | std: 0.5454 | rollout: 6.325s | update: 0.774s | total: 7.100s | samples/s: 9014
Iteration 1171 | train reward: 120.48 | best: 122.97 | KL: 6.522e-04 | std: 0.5464 | rollout: 6.640s | update: 0.832s | total: 7.472s | samples/s: 8565
Iteration 1172 | train reward: 121.21 | best: 122.97 | KL: 5.335e-04 | std: 0.5468 | rollout: 7.617s | update: 0.776s | total: 8.393s | samples/s: 7626
Iteration 1173 | train reward: 121.04 | best: 122.97 | KL: 6.571e-04 | std: 0.5455 | rollout: 6.457s | update: 0.763s | total: 7.220s | samples/s: 8864
Iteration 1174 | train reward: 121.85 | best: 122.97 | KL: 5.759e-04 | std: 0.5454 | rollout: 7.490s | update: 0.812s | total: 8.302s | samples/s: 7709
Iteration 1175 | train reward: 119.84 | best: 122.97 | KL: 5.655e-04 | std: 0.5455 | rollout: 8.247s | update: 0.763s | total: 9.009s | samples/s: 7104
Iteration 1176 | train reward: 121.87 | best: 122.97 | KL: 5.887e-04 | std: 0.5451 | rollout: 7.178s | update: 0.769s | total: 7.947s | samples/s: 8053
Iteration 1177 | train reward: 121.20 | best: 122.97 | KL: 4.398e-04 | std: 0.5447 | rollout: 7.477s | update: 0.844s | total: 8.321s | samples/s: 7692
Iteration 1178 | train reward: 121.00 | best: 122.97 | KL: 5.631e-04 | std: 0.5444 | rollout: 7.168s | update: 0.773s | total: 7.941s | samples/s: 8059
Iteration 1179 | train reward: 121.46 | best: 122.97 | KL: 5.258e-04 | std: 0.5450 | rollout: 7.050s | update: 0.779s | total: 7.828s | samples/s: 8175
Iteration 1180 | train reward: 120.33 | best: 122.97 | KL: 5.481e-04 | std: 0.5448 | rollout: 7.713s | update: 0.768s | total: 8.481s | samples/s: 7546
Iteration 1181 | train reward: 120.18 | best: 122.97 | KL: 5.531e-04 | std: 0.5448 | rollout: 7.550s | update: 0.778s | total: 8.328s | samples/s: 7685
Iteration 1182 | train reward: 121.88 | best: 122.97 | KL: 6.428e-04 | std: 0.5450 | rollout: 8.028s | update: 0.789s | total: 8.817s | samples/s: 7259
Iteration 1183 | train reward: 120.37 | best: 122.97 | KL: 6.011e-04 | std: 0.5445 | rollout: 7.040s | update: 0.784s | total: 7.824s | samples/s: 8180
Iteration 1184 | train reward: 122.26 | best: 122.97 | KL: 6.052e-04 | std: 0.5447 | rollout: 7.345s | update: 0.782s | total: 8.127s | samples/s: 7875
Iteration 1185 | train reward: 120.59 | best: 122.97 | KL: 5.503e-04 | std: 0.5447 | rollout: 7.503s | update: 0.765s | total: 8.268s | samples/s: 7740
Iteration 1186 | train reward: 120.92 | best: 122.97 | KL: 6.218e-04 | std: 0.5433 | rollout: 7.503s | update: 0.748s | total: 8.252s | samples/s: 7756
Iteration 1187 | train reward: 120.19 | best: 122.97 | KL: 5.590e-04 | std: 0.5434 | rollout: 7.779s | update: 0.784s | total: 8.564s | samples/s: 7473
Iteration 1188 | train reward: 120.00 | best: 122.97 | KL: 7.291e-04 | std: 0.5447 | rollout: 7.252s | update: 0.749s | total: 8.000s | samples/s: 8000
Iteration 1189 | train reward: 120.99 | best: 122.97 | KL: 5.278e-04 | std: 0.5434 | rollout: 8.973s | update: 0.734s | total: 9.706s | samples/s: 6594
Iteration 1190 | train reward: 120.37 | best: 122.97 | KL: 6.647e-04 | std: 0.5434 | rollout: 7.411s | update: 0.745s | total: 8.156s | samples/s: 7847
Iteration 1191 | train reward: 120.41 | best: 122.97 | KL: 5.925e-04 | std: 0.5430 | rollout: 7.052s | update: 0.751s | total: 7.803s | samples/s: 8202
Iteration 1192 | train reward: 120.69 | best: 122.97 | KL: 5.718e-04 | std: 0.5426 | rollout: 7.660s | update: 0.746s | total: 8.405s | samples/s: 7614
Iteration 1193 | train reward: 122.03 | best: 122.97 | KL: 5.373e-04 | std: 0.5429 | rollout: 6.725s | update: 0.810s | total: 7.535s | samples/s: 8494
Iteration 1194 | train reward: 120.29 | best: 122.97 | KL: 5.916e-04 | std: 0.5431 | rollout: 6.960s | update: 0.734s | total: 7.694s | samples/s: 8318
Iteration 1195 | train reward: 120.49 | best: 122.97 | KL: 6.625e-04 | std: 0.5434 | rollout: 7.689s | update: 0.749s | total: 8.438s | samples/s: 7585
Iteration 1196 | train reward: 120.07 | best: 122.97 | KL: 5.839e-04 | std: 0.5434 | rollout: 6.841s | update: 0.755s | total: 7.596s | samples/s: 8426
Iteration 1197 | train reward: 119.63 | best: 122.97 | KL: 5.135e-04 | std: 0.5444 | rollout: 6.572s | update: 0.744s | total: 7.316s | samples/s: 8748
Iteration 1198 | train reward: 121.23 | best: 122.97 | KL: 5.299e-04 | std: 0.5444 | rollout: 8.596s | update: 0.742s | total: 9.338s | samples/s: 6854
Iteration 1199 | train reward: 119.47 | best: 122.97 | KL: 6.309e-04 | std: 0.5443 | rollout: 7.304s | update: 0.767s | total: 8.070s | samples/s: 7930
training time 9503.30s
