Device       : cpu

========== GPOMDP LOSS ==========
states shape  = (128, 500, 17)
actions shape = (128, 500, 6)
rewards shape = (128, 500)
returns shape = (128, 500)
mask shape    = (128, 500)
log_probs shape = (128, 500)
valid steps = 64000
objective = 92.431274
loss = -92.431274
========== END GPOMDP DEBUG ==========


========== NPG PRECONDITIONING ==========
Fisher condition number  : 1.392e+04
||nat_g|| / ||g||        : 9.168
========== END NPG DEBUG ==========

/workplace/adelella/adelella/MCIBConceptDrift/vanilla-policy-gradient/vpg/train.py:127: UserWarning: Converting a tensor with requires_grad=True to a scalar may lead to unexpected behavior.
Consider using tensor.detach() first. (Triggered internally at /pytorch/torch/csrc/autograd/generated/python_variable_methods.cpp:838.)
  return float(torch.cat(grads).norm())
Iteration 0000 | train reward: -156.69 | best: -156.69 | KL: 1.719e-05 | std: 0.6066 | rollout: 5.900s | update: 1.145s | total: 7.045s | samples/s: 9084
Iteration 0001 | train reward: -153.82 | best: -153.82 | KL: 1.555e-05 | std: 0.6066 | rollout: 8.017s | update: 0.310s | total: 8.327s | samples/s: 7686
Iteration 0002 | train reward: -158.55 | best: -153.82 | KL: 1.467e-05 | std: 0.6066 | rollout: 9.093s | update: 0.320s | total: 9.413s | samples/s: 6799
Iteration 0003 | train reward: -159.12 | best: -153.82 | KL: 1.250e-05 | std: 0.6066 | rollout: 8.238s | update: 0.327s | total: 8.565s | samples/s: 7472
Iteration 0004 | train reward: -155.40 | best: -153.82 | KL: 1.601e-05 | std: 0.6066 | rollout: 8.206s | update: 0.369s | total: 8.575s | samples/s: 7464
Iteration 0005 | train reward: -148.42 | best: -148.42 | KL: 1.810e-05 | std: 0.6066 | rollout: 8.514s | update: 0.264s | total: 8.778s | samples/s: 7291
Iteration 0006 | train reward: -153.54 | best: -148.42 | KL: 1.167e-05 | std: 0.6062 | rollout: 7.866s | update: 0.292s | total: 8.158s | samples/s: 7845
Iteration 0007 | train reward: -153.01 | best: -148.42 | KL: 1.979e-05 | std: 0.6062 | rollout: 8.590s | update: 0.346s | total: 8.936s | samples/s: 7162
Iteration 0008 | train reward: -144.17 | best: -144.17 | KL: 1.406e-05 | std: 0.6066 | rollout: 8.678s | update: 0.254s | total: 8.932s | samples/s: 7166
Iteration 0009 | train reward: -151.67 | best: -144.17 | KL: 1.206e-05 | std: 0.6066 | rollout: 8.819s | update: 0.262s | total: 9.081s | samples/s: 7048
Iteration 0010 | train reward: -150.92 | best: -144.17 | KL: 1.341e-05 | std: 0.6066 | rollout: 8.623s | update: 0.316s | total: 8.939s | samples/s: 7160
Iteration 0011 | train reward: -148.93 | best: -144.17 | KL: 1.406e-05 | std: 0.6062 | rollout: 7.560s | update: 0.300s | total: 7.860s | samples/s: 8143
Iteration 0012 | train reward: -155.74 | best: -144.17 | KL: 1.926e-05 | std: 0.6062 | rollout: 7.716s | update: 0.312s | total: 8.028s | samples/s: 7972
Iteration 0013 | train reward: -143.53 | best: -143.53 | KL: 1.384e-05 | std: 0.6062 | rollout: 8.056s | update: 0.253s | total: 8.308s | samples/s: 7703
Iteration 0014 | train reward: -145.40 | best: -143.53 | KL: 1.243e-05 | std: 0.6061 | rollout: 8.472s | update: 0.292s | total: 8.764s | samples/s: 7303
Iteration 0015 | train reward: -144.93 | best: -143.53 | KL: 1.435e-05 | std: 0.6060 | rollout: 7.668s | update: 0.274s | total: 7.942s | samples/s: 8059
Iteration 0016 | train reward: -147.96 | best: -143.53 | KL: 1.621e-05 | std: 0.6061 | rollout: 9.163s | update: 0.292s | total: 9.455s | samples/s: 6769
Iteration 0017 | train reward: -151.67 | best: -143.53 | KL: 1.151e-05 | std: 0.6061 | rollout: 7.600s | update: 0.251s | total: 7.851s | samples/s: 8152
Iteration 0018 | train reward: -145.12 | best: -143.53 | KL: 1.483e-05 | std: 0.6060 | rollout: 8.145s | update: 0.330s | total: 8.476s | samples/s: 7551
Iteration 0019 | train reward: -142.07 | best: -142.07 | KL: 1.373e-05 | std: 0.6061 | rollout: 6.395s | update: 0.266s | total: 6.660s | samples/s: 9609
Iteration 0020 | train reward: -141.18 | best: -141.18 | KL: 1.154e-05 | std: 0.6061 | rollout: 7.702s | update: 0.265s | total: 7.968s | samples/s: 8032
Iteration 0021 | train reward: -143.97 | best: -141.18 | KL: 1.159e-05 | std: 0.6060 | rollout: 8.462s | update: 0.302s | total: 8.764s | samples/s: 7303
Iteration 0022 | train reward: -145.76 | best: -141.18 | KL: 1.914e-05 | std: 0.6060 | rollout: 8.556s | update: 0.268s | total: 8.824s | samples/s: 7253
Iteration 0023 | train reward: -144.30 | best: -141.18 | KL: 1.457e-05 | std: 0.6060 | rollout: 7.271s | update: 0.251s | total: 7.522s | samples/s: 8508
Iteration 0024 | train reward: -143.42 | best: -141.18 | KL: 1.322e-05 | std: 0.6049 | rollout: 7.735s | update: 0.277s | total: 8.012s | samples/s: 7988
Iteration 0025 | train reward: -149.05 | best: -141.18 | KL: 1.219e-05 | std: 0.6049 | rollout: 7.499s | update: 0.320s | total: 7.819s | samples/s: 8186
Iteration 0026 | train reward: -138.97 | best: -138.97 | KL: 1.283e-05 | std: 0.6048 | rollout: 8.643s | update: 0.289s | total: 8.933s | samples/s: 7164
Iteration 0027 | train reward: -147.09 | best: -138.97 | KL: 1.471e-05 | std: 0.6047 | rollout: 8.094s | update: 0.345s | total: 8.439s | samples/s: 7584
Iteration 0028 | train reward: -138.28 | best: -138.28 | KL: 1.183e-05 | std: 0.6047 | rollout: 7.707s | update: 0.294s | total: 8.001s | samples/s: 7999
Iteration 0029 | train reward: -144.05 | best: -138.28 | KL: 1.836e-05 | std: 0.6047 | rollout: 7.941s | update: 0.363s | total: 8.305s | samples/s: 7707
Iteration 0030 | train reward: -133.84 | best: -133.84 | KL: 1.135e-05 | std: 0.6043 | rollout: 7.588s | update: 0.254s | total: 7.842s | samples/s: 8161
Iteration 0031 | train reward: -137.37 | best: -133.84 | KL: 1.629e-05 | std: 0.6043 | rollout: 8.612s | update: 0.269s | total: 8.881s | samples/s: 7206
Iteration 0032 | train reward: -134.09 | best: -133.84 | KL: 7.849e-06 | std: 0.6043 | rollout: 9.337s | update: 0.250s | total: 9.588s | samples/s: 6675
Iteration 0033 | train reward: -133.74 | best: -133.74 | KL: 1.090e-05 | std: 0.6042 | rollout: 8.301s | update: 0.288s | total: 8.589s | samples/s: 7452
Iteration 0034 | train reward: -144.21 | best: -133.74 | KL: 1.157e-05 | std: 0.6042 | rollout: 8.122s | update: 0.266s | total: 8.388s | samples/s: 7630
Iteration 0035 | train reward: -141.24 | best: -133.74 | KL: 1.552e-05 | std: 0.6042 | rollout: 8.036s | update: 0.253s | total: 8.289s | samples/s: 7721
Iteration 0036 | train reward: -141.87 | best: -133.74 | KL: 1.163e-05 | std: 0.6042 | rollout: 8.870s | update: 0.299s | total: 9.170s | samples/s: 6980
Iteration 0037 | train reward: -133.82 | best: -133.74 | KL: 1.325e-05 | std: 0.6041 | rollout: 8.420s | update: 0.249s | total: 8.670s | samples/s: 7382
Iteration 0038 | train reward: -135.70 | best: -133.74 | KL: 1.116e-05 | std: 0.6041 | rollout: 7.856s | update: 0.333s | total: 8.189s | samples/s: 7816
Iteration 0039 | train reward: -139.71 | best: -133.74 | KL: 1.511e-05 | std: 0.6040 | rollout: 8.590s | update: 0.289s | total: 8.879s | samples/s: 7208
Iteration 0040 | train reward: -134.67 | best: -133.74 | KL: 1.375e-05 | std: 0.6040 | rollout: 8.261s | update: 0.303s | total: 8.564s | samples/s: 7474
Iteration 0041 | train reward: -123.21 | best: -123.21 | KL: 1.068e-05 | std: 0.6040 | rollout: 8.412s | update: 0.305s | total: 8.717s | samples/s: 7342
Iteration 0042 | train reward: -129.52 | best: -123.21 | KL: 1.245e-05 | std: 0.6040 | rollout: 7.143s | update: 0.254s | total: 7.397s | samples/s: 8652
Iteration 0043 | train reward: -134.48 | best: -123.21 | KL: 1.103e-05 | std: 0.6036 | rollout: 8.021s | update: 0.284s | total: 8.304s | samples/s: 7707
Iteration 0044 | train reward: -134.29 | best: -123.21 | KL: 9.513e-06 | std: 0.6040 | rollout: 8.753s | update: 0.253s | total: 9.007s | samples/s: 7106
Iteration 0045 | train reward: -132.71 | best: -123.21 | KL: 1.031e-05 | std: 0.6040 | rollout: 8.474s | update: 0.342s | total: 8.816s | samples/s: 7260
Iteration 0046 | train reward: -134.88 | best: -123.21 | KL: 1.343e-05 | std: 0.6040 | rollout: 9.475s | update: 0.260s | total: 9.735s | samples/s: 6574
Iteration 0047 | train reward: -122.07 | best: -122.07 | KL: 1.259e-05 | std: 0.6036 | rollout: 7.853s | update: 0.255s | total: 8.107s | samples/s: 7894
Iteration 0048 | train reward: -132.76 | best: -122.07 | KL: 1.370e-05 | std: 0.6036 | rollout: 7.538s | update: 0.360s | total: 7.898s | samples/s: 8103
Iteration 0049 | train reward: -129.22 | best: -122.07 | KL: 1.187e-05 | std: 0.6035 | rollout: 8.730s | update: 0.258s | total: 8.989s | samples/s: 7120
Iteration 0050 | train reward: -132.55 | best: -122.07 | KL: 1.174e-05 | std: 0.6035 | rollout: 8.199s | update: 0.325s | total: 8.524s | samples/s: 7508
Iteration 0051 | train reward: -127.07 | best: -122.07 | KL: 9.827e-06 | std: 0.6034 | rollout: 9.010s | update: 0.258s | total: 9.268s | samples/s: 6905
Iteration 0052 | train reward: -119.57 | best: -119.57 | KL: 1.280e-05 | std: 0.6034 | rollout: 7.842s | update: 0.327s | total: 8.169s | samples/s: 7835
Iteration 0053 | train reward: -123.92 | best: -119.57 | KL: 1.241e-05 | std: 0.6023 | rollout: 7.159s | update: 0.358s | total: 7.517s | samples/s: 8514
Iteration 0054 | train reward: -127.82 | best: -119.57 | KL: 1.295e-05 | std: 0.6023 | rollout: 6.699s | update: 0.299s | total: 6.999s | samples/s: 9145
Iteration 0055 | train reward: -130.35 | best: -119.57 | KL: 1.536e-05 | std: 0.6023 | rollout: 9.046s | update: 0.322s | total: 9.367s | samples/s: 6832
Iteration 0056 | train reward: -127.60 | best: -119.57 | KL: 8.548e-06 | std: 0.6023 | rollout: 8.771s | update: 0.305s | total: 9.076s | samples/s: 7052
Iteration 0057 | train reward: -127.03 | best: -119.57 | KL: 1.017e-05 | std: 0.6022 | rollout: 8.311s | update: 0.324s | total: 8.634s | samples/s: 7412
Iteration 0058 | train reward: -120.83 | best: -119.57 | KL: 1.309e-05 | std: 0.6021 | rollout: 7.401s | update: 0.297s | total: 7.698s | samples/s: 8314
Iteration 0059 | train reward: -121.80 | best: -119.57 | KL: 1.071e-05 | std: 0.6021 | rollout: 6.968s | update: 0.362s | total: 7.331s | samples/s: 8731
Iteration 0060 | train reward: -120.13 | best: -119.57 | KL: 1.156e-05 | std: 0.6021 | rollout: 8.022s | update: 0.255s | total: 8.277s | samples/s: 7733
Iteration 0061 | train reward: -122.41 | best: -119.57 | KL: 1.075e-05 | std: 0.6021 | rollout: 8.101s | update: 0.284s | total: 8.384s | samples/s: 7634
Iteration 0062 | train reward: -122.05 | best: -119.57 | KL: 1.159e-05 | std: 0.6021 | rollout: 8.247s | update: 0.292s | total: 8.539s | samples/s: 7495
Iteration 0063 | train reward: -128.30 | best: -119.57 | KL: 1.086e-05 | std: 0.6017 | rollout: 8.105s | update: 0.335s | total: 8.440s | samples/s: 7583
Iteration 0064 | train reward: -119.35 | best: -119.35 | KL: 8.994e-06 | std: 0.6017 | rollout: 8.526s | update: 0.272s | total: 8.798s | samples/s: 7274
Iteration 0065 | train reward: -118.42 | best: -118.42 | KL: 9.775e-06 | std: 0.6017 | rollout: 6.817s | update: 0.254s | total: 7.071s | samples/s: 9051
Iteration 0066 | train reward: -118.53 | best: -118.42 | KL: 1.579e-05 | std: 0.6017 | rollout: 5.934s | update: 0.264s | total: 6.198s | samples/s: 10326
Iteration 0067 | train reward: -122.65 | best: -118.42 | KL: 1.355e-05 | std: 0.6017 | rollout: 8.329s | update: 0.298s | total: 8.627s | samples/s: 7419
Iteration 0068 | train reward: -121.41 | best: -118.42 | KL: 1.536e-05 | std: 0.6016 | rollout: 8.876s | update: 0.335s | total: 9.211s | samples/s: 6948
Iteration 0069 | train reward: -109.98 | best: -109.98 | KL: 1.614e-05 | std: 0.6016 | rollout: 7.722s | update: 0.278s | total: 8.000s | samples/s: 8000
Iteration 0070 | train reward: -116.43 | best: -109.98 | KL: 1.069e-05 | std: 0.6016 | rollout: 9.477s | update: 0.271s | total: 9.748s | samples/s: 6566
Iteration 0071 | train reward: -113.92 | best: -109.98 | KL: 1.139e-05 | std: 0.6015 | rollout: 8.703s | update: 0.259s | total: 8.962s | samples/s: 7141
Iteration 0072 | train reward: -111.12 | best: -109.98 | KL: 9.604e-06 | std: 0.6014 | rollout: 9.365s | update: 0.325s | total: 9.690s | samples/s: 6605
Iteration 0073 | train reward: -118.54 | best: -109.98 | KL: 9.990e-06 | std: 0.6014 | rollout: 9.780s | update: 0.400s | total: 10.180s | samples/s: 6287
Iteration 0074 | train reward: -119.15 | best: -109.98 | KL: 1.132e-05 | std: 0.6014 | rollout: 10.099s | update: 0.274s | total: 10.372s | samples/s: 6170
Iteration 0075 | train reward: -120.40 | best: -109.98 | KL: 1.297e-05 | std: 0.6014 | rollout: 7.758s | update: 0.273s | total: 8.031s | samples/s: 7969
Iteration 0076 | train reward: -118.48 | best: -109.98 | KL: 1.333e-05 | std: 0.6014 | rollout: 7.630s | update: 0.300s | total: 7.931s | samples/s: 8070
Iteration 0077 | train reward: -111.65 | best: -109.98 | KL: 8.175e-06 | std: 0.6014 | rollout: 9.104s | update: 0.326s | total: 9.431s | samples/s: 6786
Iteration 0078 | train reward: -108.67 | best: -108.67 | KL: 9.692e-06 | std: 0.6014 | rollout: 7.589s | update: 0.293s | total: 7.881s | samples/s: 8121
Iteration 0079 | train reward: -115.59 | best: -108.67 | KL: 9.712e-06 | std: 0.6010 | rollout: 8.546s | update: 0.269s | total: 8.814s | samples/s: 7261
Iteration 0080 | train reward: -118.37 | best: -108.67 | KL: 1.405e-05 | std: 0.6010 | rollout: 8.427s | update: 0.287s | total: 8.714s | samples/s: 7344
Iteration 0081 | train reward: -111.64 | best: -108.67 | KL: 1.216e-05 | std: 0.6009 | rollout: 7.668s | update: 0.329s | total: 7.998s | samples/s: 8002
Iteration 0082 | train reward: -116.02 | best: -108.67 | KL: 1.416e-05 | std: 0.6009 | rollout: 9.534s | update: 0.311s | total: 9.845s | samples/s: 6501
Iteration 0083 | train reward: -114.47 | best: -108.67 | KL: 1.371e-05 | std: 0.6008 | rollout: 8.301s | update: 0.250s | total: 8.551s | samples/s: 7484
Iteration 0084 | train reward: -118.13 | best: -108.67 | KL: 1.051e-05 | std: 0.6008 | rollout: 8.707s | update: 0.365s | total: 9.072s | samples/s: 7055
Iteration 0085 | train reward: -116.39 | best: -108.67 | KL: 9.793e-06 | std: 0.5997 | rollout: 9.091s | update: 0.313s | total: 9.404s | samples/s: 6806
Iteration 0086 | train reward: -110.66 | best: -108.67 | KL: 9.931e-06 | std: 0.5997 | rollout: 8.176s | update: 0.262s | total: 8.438s | samples/s: 7585
Iteration 0087 | train reward: -118.08 | best: -108.67 | KL: 9.572e-06 | std: 0.5997 | rollout: 8.330s | update: 0.252s | total: 8.582s | samples/s: 7458
Iteration 0088 | train reward: -114.92 | best: -108.67 | KL: 9.729e-06 | std: 0.5997 | rollout: 7.566s | update: 0.260s | total: 7.826s | samples/s: 8178
Iteration 0089 | train reward: -107.67 | best: -107.67 | KL: 9.796e-06 | std: 0.5997 | rollout: 9.275s | update: 0.289s | total: 9.564s | samples/s: 6692
Iteration 0090 | train reward: -113.58 | best: -107.67 | KL: 8.443e-06 | std: 0.5996 | rollout: 7.823s | update: 0.256s | total: 8.079s | samples/s: 7921
Iteration 0091 | train reward: -106.86 | best: -106.86 | KL: 9.611e-06 | std: 0.5996 | rollout: 7.342s | update: 0.293s | total: 7.635s | samples/s: 8382
Iteration 0092 | train reward: -107.47 | best: -106.86 | KL: 1.098e-05 | std: 0.5995 | rollout: 7.577s | update: 0.263s | total: 7.841s | samples/s: 8162
Iteration 0093 | train reward: -103.74 | best: -103.74 | KL: 1.132e-05 | std: 0.5995 | rollout: 6.932s | update: 0.315s | total: 7.246s | samples/s: 8832
Iteration 0094 | train reward: -103.46 | best: -103.46 | KL: 9.230e-06 | std: 0.5991 | rollout: 8.546s | update: 0.311s | total: 8.857s | samples/s: 7226
Iteration 0095 | train reward: -103.96 | best: -103.46 | KL: 1.112e-05 | std: 0.5991 | rollout: 8.352s | update: 0.311s | total: 8.664s | samples/s: 7387
Iteration 0096 | train reward: -105.33 | best: -103.46 | KL: 1.176e-05 | std: 0.5991 | rollout: 6.357s | update: 0.266s | total: 6.623s | samples/s: 9664
Iteration 0097 | train reward: -104.29 | best: -103.46 | KL: 1.062e-05 | std: 0.5991 | rollout: 7.015s | update: 0.337s | total: 7.353s | samples/s: 8704
Iteration 0098 | train reward: -106.50 | best: -103.46 | KL: 1.082e-05 | std: 0.5991 | rollout: 8.436s | update: 0.279s | total: 8.715s | samples/s: 7344
Iteration 0099 | train reward: -103.95 | best: -103.46 | KL: 1.078e-05 | std: 0.5991 | rollout: 8.194s | update: 0.314s | total: 8.508s | samples/s: 7523
Iteration 0100 | train reward: -103.05 | best: -103.05 | KL: 1.071e-05 | std: 0.5990 | rollout: 6.101s | update: 0.272s | total: 6.373s | samples/s: 10043
Iteration 0101 | train reward: -98.82 | best: -98.82 | KL: 9.450e-06 | std: 0.5990 | rollout: 8.167s | update: 0.293s | total: 8.460s | samples/s: 7565
Iteration 0102 | train reward: -99.42 | best: -98.82 | KL: 1.376e-05 | std: 0.5990 | rollout: 7.975s | update: 0.260s | total: 8.234s | samples/s: 7772
Iteration 0103 | train reward: -109.03 | best: -98.82 | KL: 8.178e-06 | std: 0.5990 | rollout: 8.069s | update: 0.283s | total: 8.352s | samples/s: 7663
Iteration 0104 | train reward: -97.75 | best: -97.75 | KL: 9.439e-06 | std: 0.5990 | rollout: 8.703s | update: 0.254s | total: 8.956s | samples/s: 7146
Iteration 0105 | train reward: -111.30 | best: -97.75 | KL: 1.151e-05 | std: 0.5989 | rollout: 8.710s | update: 0.306s | total: 9.016s | samples/s: 7099
Iteration 0106 | train reward: -102.21 | best: -97.75 | KL: 1.040e-05 | std: 0.5988 | rollout: 8.496s | update: 0.289s | total: 8.785s | samples/s: 7285
Iteration 0107 | train reward: -105.06 | best: -97.75 | KL: 1.086e-05 | std: 0.5988 | rollout: 9.370s | update: 0.323s | total: 9.692s | samples/s: 6603
Iteration 0108 | train reward: -95.81 | best: -95.81 | KL: 1.012e-05 | std: 0.5988 | rollout: 8.658s | update: 0.268s | total: 8.926s | samples/s: 7170
Iteration 0109 | train reward: -101.14 | best: -95.81 | KL: 1.175e-05 | std: 0.5984 | rollout: 8.548s | update: 0.276s | total: 8.824s | samples/s: 7253
Iteration 0110 | train reward: -102.71 | best: -95.81 | KL: 1.020e-05 | std: 0.5984 | rollout: 7.784s | update: 0.280s | total: 8.065s | samples/s: 7936
Iteration 0111 | train reward: -102.18 | best: -95.81 | KL: 1.384e-05 | std: 0.5984 | rollout: 7.747s | update: 0.296s | total: 8.042s | samples/s: 7958
Iteration 0112 | train reward: -98.47 | best: -95.81 | KL: 9.094e-06 | std: 0.5983 | rollout: 9.052s | update: 0.281s | total: 9.334s | samples/s: 6857
Iteration 0113 | train reward: -95.31 | best: -95.31 | KL: 8.116e-06 | std: 0.5983 | rollout: 8.520s | update: 0.266s | total: 8.786s | samples/s: 7285
Iteration 0114 | train reward: -96.01 | best: -95.31 | KL: 1.021e-05 | std: 0.5982 | rollout: 8.798s | update: 0.266s | total: 9.065s | samples/s: 7060
Iteration 0115 | train reward: -92.90 | best: -92.90 | KL: 1.069e-05 | std: 0.5971 | rollout: 8.406s | update: 0.254s | total: 8.659s | samples/s: 7391
Iteration 0116 | train reward: -92.03 | best: -92.03 | KL: 1.113e-05 | std: 0.5971 | rollout: 8.736s | update: 0.276s | total: 9.011s | samples/s: 7102
Iteration 0117 | train reward: -98.41 | best: -92.03 | KL: 9.360e-06 | std: 0.5971 | rollout: 8.650s | update: 0.302s | total: 8.953s | samples/s: 7149
Iteration 0118 | train reward: -91.69 | best: -91.69 | KL: 8.022e-06 | std: 0.5971 | rollout: 7.912s | update: 0.253s | total: 8.165s | samples/s: 7839
Iteration 0119 | train reward: -96.93 | best: -91.69 | KL: 9.723e-06 | std: 0.5971 | rollout: 8.327s | update: 0.333s | total: 8.660s | samples/s: 7390
Iteration 0120 | train reward: -98.85 | best: -91.69 | KL: 8.745e-06 | std: 0.5970 | rollout: 7.930s | update: 0.291s | total: 8.220s | samples/s: 7786
Iteration 0121 | train reward: -94.81 | best: -91.69 | KL: 1.154e-05 | std: 0.5971 | rollout: 8.759s | update: 0.288s | total: 9.047s | samples/s: 7074
Iteration 0122 | train reward: -91.51 | best: -91.51 | KL: 1.013e-05 | std: 0.5970 | rollout: 9.097s | update: 0.272s | total: 9.369s | samples/s: 6831
Iteration 0123 | train reward: -91.66 | best: -91.51 | KL: 9.026e-06 | std: 0.5969 | rollout: 7.713s | update: 0.317s | total: 8.030s | samples/s: 7970
Iteration 0124 | train reward: -91.82 | best: -91.51 | KL: 8.940e-06 | std: 0.5970 | rollout: 8.544s | update: 0.323s | total: 8.867s | samples/s: 7218
Iteration 0125 | train reward: -95.24 | best: -91.51 | KL: 1.225e-05 | std: 0.5969 | rollout: 7.701s | update: 0.273s | total: 7.974s | samples/s: 8026
Iteration 0126 | train reward: -88.60 | best: -88.60 | KL: 8.246e-06 | std: 0.5969 | rollout: 8.822s | update: 0.280s | total: 9.102s | samples/s: 7032
Iteration 0127 | train reward: -86.59 | best: -86.59 | KL: 6.914e-06 | std: 0.5965 | rollout: 7.105s | update: 0.299s | total: 7.405s | samples/s: 8643
Iteration 0128 | train reward: -92.48 | best: -86.59 | KL: 1.158e-05 | std: 0.5965 | rollout: 7.851s | update: 0.252s | total: 8.103s | samples/s: 7899
Iteration 0129 | train reward: -86.81 | best: -86.59 | KL: 8.502e-06 | std: 0.5965 | rollout: 8.043s | update: 0.254s | total: 8.297s | samples/s: 7713
Iteration 0130 | train reward: -94.12 | best: -86.59 | KL: 8.919e-06 | std: 0.5965 | rollout: 9.005s | update: 0.283s | total: 9.288s | samples/s: 6890
Iteration 0131 | train reward: -86.21 | best: -86.21 | KL: 9.794e-06 | std: 0.5965 | rollout: 8.401s | update: 0.350s | total: 8.751s | samples/s: 7313
Iteration 0132 | train reward: -92.10 | best: -86.21 | KL: 1.001e-05 | std: 0.5965 | rollout: 8.330s | update: 0.256s | total: 8.586s | samples/s: 7454
Iteration 0133 | train reward: -89.10 | best: -86.21 | KL: 1.320e-05 | std: 0.5964 | rollout: 9.113s | update: 0.301s | total: 9.415s | samples/s: 6798
Iteration 0134 | train reward: -86.75 | best: -86.21 | KL: 1.133e-05 | std: 0.5964 | rollout: 6.515s | update: 0.327s | total: 6.842s | samples/s: 9354
Iteration 0135 | train reward: -86.82 | best: -86.21 | KL: 9.332e-06 | std: 0.5964 | rollout: 8.274s | update: 0.258s | total: 8.532s | samples/s: 7501
Iteration 0136 | train reward: -87.19 | best: -86.21 | KL: 1.033e-05 | std: 0.5964 | rollout: 6.538s | update: 0.273s | total: 6.811s | samples/s: 9397
Iteration 0137 | train reward: -81.35 | best: -81.35 | KL: 7.767e-06 | std: 0.5964 | rollout: 9.028s | update: 0.310s | total: 9.338s | samples/s: 6854
Iteration 0138 | train reward: -81.73 | best: -81.35 | KL: 6.355e-06 | std: 0.5964 | rollout: 9.502s | update: 0.329s | total: 9.832s | samples/s: 6510
Iteration 0139 | train reward: -86.85 | best: -81.35 | KL: 8.273e-06 | std: 0.5964 | rollout: 8.366s | update: 0.257s | total: 8.623s | samples/s: 7422
Iteration 0140 | train reward: -80.92 | best: -80.92 | KL: 9.126e-06 | std: 0.5963 | rollout: 8.906s | update: 0.252s | total: 9.158s | samples/s: 6988
Iteration 0141 | train reward: -88.63 | best: -80.92 | KL: 7.025e-06 | std: 0.5962 | rollout: 9.267s | update: 0.258s | total: 9.524s | samples/s: 6720
Iteration 0142 | train reward: -81.53 | best: -80.92 | KL: 1.117e-05 | std: 0.5962 | rollout: 9.000s | update: 0.281s | total: 9.281s | samples/s: 6896
Iteration 0143 | train reward: -79.73 | best: -79.73 | KL: 9.077e-06 | std: 0.5962 | rollout: 7.949s | update: 0.291s | total: 8.241s | samples/s: 7766
Iteration 0144 | train reward: -84.23 | best: -79.73 | KL: 1.094e-05 | std: 0.5958 | rollout: 8.426s | update: 0.293s | total: 8.719s | samples/s: 7340
Iteration 0145 | train reward: -83.89 | best: -79.73 | KL: 9.930e-06 | std: 0.5958 | rollout: 9.285s | update: 0.307s | total: 9.592s | samples/s: 6672
Iteration 0146 | train reward: -80.69 | best: -79.73 | KL: 1.060e-05 | std: 0.5957 | rollout: 7.678s | update: 0.309s | total: 7.988s | samples/s: 8012
Iteration 0147 | train reward: -87.37 | best: -79.73 | KL: 8.325e-06 | std: 0.5956 | rollout: 8.089s | update: 0.299s | total: 8.387s | samples/s: 7631
Iteration 0148 | train reward: -83.45 | best: -79.73 | KL: 1.016e-05 | std: 0.5956 | rollout: 8.677s | update: 0.288s | total: 8.966s | samples/s: 7138
Iteration 0149 | train reward: -76.70 | best: -76.70 | KL: 8.837e-06 | std: 0.5956 | rollout: 8.842s | update: 0.315s | total: 9.156s | samples/s: 6990
Iteration 0150 | train reward: -78.83 | best: -76.70 | KL: 7.871e-06 | std: 0.5945 | rollout: 8.157s | update: 0.276s | total: 8.433s | samples/s: 7589
Iteration 0151 | train reward: -76.14 | best: -76.14 | KL: 7.687e-06 | std: 0.5945 | rollout: 9.059s | update: 0.306s | total: 9.364s | samples/s: 6835
Iteration 0152 | train reward: -82.87 | best: -76.14 | KL: 8.690e-06 | std: 0.5945 | rollout: 8.095s | update: 0.271s | total: 8.366s | samples/s: 7650
Iteration 0153 | train reward: -71.76 | best: -71.76 | KL: 8.602e-06 | std: 0.5945 | rollout: 8.989s | update: 0.269s | total: 9.258s | samples/s: 6913
Iteration 0154 | train reward: -69.25 | best: -69.25 | KL: 1.045e-05 | std: 0.5945 | rollout: 7.851s | update: 0.293s | total: 8.144s | samples/s: 7858
Iteration 0155 | train reward: -80.36 | best: -69.25 | KL: 7.693e-06 | std: 0.5943 | rollout: 9.150s | update: 0.346s | total: 9.496s | samples/s: 6739
Iteration 0156 | train reward: -76.47 | best: -69.25 | KL: 6.829e-06 | std: 0.5943 | rollout: 7.715s | update: 0.305s | total: 8.020s | samples/s: 7980
Iteration 0157 | train reward: -74.02 | best: -69.25 | KL: 8.009e-06 | std: 0.5943 | rollout: 8.107s | update: 0.258s | total: 8.365s | samples/s: 7651
Iteration 0158 | train reward: -73.95 | best: -69.25 | KL: 8.744e-06 | std: 0.5943 | rollout: 7.692s | update: 0.291s | total: 7.982s | samples/s: 8018
Iteration 0159 | train reward: -76.07 | best: -69.25 | KL: 7.925e-06 | std: 0.5939 | rollout: 7.756s | update: 0.298s | total: 8.055s | samples/s: 7946
Iteration 0160 | train reward: -77.41 | best: -69.25 | KL: 9.358e-06 | std: 0.5939 | rollout: 8.604s | update: 0.330s | total: 8.934s | samples/s: 7164
Iteration 0161 | train reward: -75.61 | best: -69.25 | KL: 8.888e-06 | std: 0.5939 | rollout: 6.921s | update: 0.288s | total: 7.208s | samples/s: 8879
Iteration 0162 | train reward: -66.76 | best: -66.76 | KL: 1.087e-05 | std: 0.5939 | rollout: 8.581s | update: 0.277s | total: 8.858s | samples/s: 7225
Iteration 0163 | train reward: -73.84 | best: -66.76 | KL: 7.472e-06 | std: 0.5938 | rollout: 7.762s | update: 0.308s | total: 8.070s | samples/s: 7931
Iteration 0164 | train reward: -76.32 | best: -66.76 | KL: 9.000e-06 | std: 0.5938 | rollout: 8.090s | update: 0.348s | total: 8.438s | samples/s: 7585
Iteration 0165 | train reward: -76.31 | best: -66.76 | KL: 1.109e-05 | std: 0.5937 | rollout: 8.451s | update: 0.289s | total: 8.740s | samples/s: 7323
Iteration 0166 | train reward: -65.94 | best: -65.94 | KL: 8.948e-06 | std: 0.5937 | rollout: 8.728s | update: 0.312s | total: 9.040s | samples/s: 7080
Iteration 0167 | train reward: -71.83 | best: -65.94 | KL: 8.796e-06 | std: 0.5937 | rollout: 7.617s | update: 0.300s | total: 7.917s | samples/s: 8084
Iteration 0168 | train reward: -74.41 | best: -65.94 | KL: 9.545e-06 | std: 0.5937 | rollout: 8.141s | update: 0.324s | total: 8.466s | samples/s: 7560
Iteration 0169 | train reward: -71.13 | best: -65.94 | KL: 7.934e-06 | std: 0.5936 | rollout: 9.627s | update: 0.251s | total: 9.878s | samples/s: 6479
Iteration 0170 | train reward: -72.06 | best: -65.94 | KL: 1.112e-05 | std: 0.5936 | rollout: 8.798s | update: 0.266s | total: 9.065s | samples/s: 7060
Iteration 0171 | train reward: -63.30 | best: -63.30 | KL: 8.223e-06 | std: 0.5936 | rollout: 9.270s | update: 0.278s | total: 9.549s | samples/s: 6702
Iteration 0172 | train reward: -64.37 | best: -63.30 | KL: 1.150e-05 | std: 0.5932 | rollout: 7.552s | update: 0.312s | total: 7.865s | samples/s: 8138
Iteration 0173 | train reward: -61.32 | best: -61.32 | KL: 8.128e-06 | std: 0.5932 | rollout: 9.016s | update: 0.255s | total: 9.271s | samples/s: 6903
Iteration 0174 | train reward: -60.76 | best: -60.76 | KL: 1.157e-05 | std: 0.5931 | rollout: 8.243s | update: 0.294s | total: 8.537s | samples/s: 7497
Iteration 0175 | train reward: -63.51 | best: -60.76 | KL: 7.515e-06 | std: 0.5930 | rollout: 9.110s | update: 0.280s | total: 9.390s | samples/s: 6816
Iteration 0176 | train reward: -72.14 | best: -60.76 | KL: 9.405e-06 | std: 0.5930 | rollout: 9.038s | update: 0.340s | total: 9.378s | samples/s: 6825
Iteration 0177 | train reward: -68.26 | best: -60.76 | KL: 8.181e-06 | std: 0.5930 | rollout: 7.069s | update: 0.363s | total: 7.432s | samples/s: 8611
Iteration 0178 | train reward: -63.14 | best: -60.76 | KL: 1.025e-05 | std: 0.5930 | rollout: 9.077s | update: 0.255s | total: 9.332s | samples/s: 6858
Iteration 0179 | train reward: -67.26 | best: -60.76 | KL: 7.750e-06 | std: 0.5930 | rollout: 8.384s | update: 0.292s | total: 8.676s | samples/s: 7377
Iteration 0180 | train reward: -64.99 | best: -60.76 | KL: 7.611e-06 | std: 0.5919 | rollout: 9.327s | update: 0.307s | total: 9.634s | samples/s: 6643
Iteration 0181 | train reward: -64.10 | best: -60.76 | KL: 1.073e-05 | std: 0.5918 | rollout: 8.582s | update: 0.289s | total: 8.871s | samples/s: 7215
Iteration 0182 | train reward: -59.41 | best: -59.41 | KL: 8.245e-06 | std: 0.5917 | rollout: 7.909s | update: 0.287s | total: 8.195s | samples/s: 7809
Iteration 0183 | train reward: -62.02 | best: -59.41 | KL: 8.947e-06 | std: 0.5917 | rollout: 8.172s | update: 0.253s | total: 8.424s | samples/s: 7597
Iteration 0184 | train reward: -65.13 | best: -59.41 | KL: 8.399e-06 | std: 0.5917 | rollout: 7.591s | update: 0.323s | total: 7.914s | samples/s: 8087
Iteration 0185 | train reward: -63.35 | best: -59.41 | KL: 7.800e-06 | std: 0.5917 | rollout: 9.226s | update: 0.283s | total: 9.508s | samples/s: 6731
Iteration 0186 | train reward: -63.08 | best: -59.41 | KL: 6.438e-06 | std: 0.5913 | rollout: 7.384s | update: 0.253s | total: 7.636s | samples/s: 8381
Iteration 0187 | train reward: -62.96 | best: -59.41 | KL: 8.035e-06 | std: 0.5913 | rollout: 8.730s | update: 0.261s | total: 8.991s | samples/s: 7119
Iteration 0188 | train reward: -69.82 | best: -59.41 | KL: 8.055e-06 | std: 0.5913 | rollout: 8.705s | update: 0.282s | total: 8.988s | samples/s: 7121
Iteration 0189 | train reward: -57.87 | best: -57.87 | KL: 9.367e-06 | std: 0.5912 | rollout: 8.154s | update: 0.326s | total: 8.480s | samples/s: 7547
Iteration 0190 | train reward: -56.18 | best: -56.18 | KL: 9.914e-06 | std: 0.5912 | rollout: 8.521s | update: 0.335s | total: 8.856s | samples/s: 7227
Iteration 0191 | train reward: -72.01 | best: -56.18 | KL: 6.447e-06 | std: 0.5911 | rollout: 8.889s | update: 0.271s | total: 9.159s | samples/s: 6987
Iteration 0192 | train reward: -57.78 | best: -56.18 | KL: 8.334e-06 | std: 0.5911 | rollout: 8.160s | update: 0.291s | total: 8.451s | samples/s: 7573
Iteration 0193 | train reward: -63.19 | best: -56.18 | KL: 7.945e-06 | std: 0.5911 | rollout: 8.849s | update: 0.322s | total: 9.171s | samples/s: 6979
Iteration 0194 | train reward: -62.60 | best: -56.18 | KL: 1.030e-05 | std: 0.5911 | rollout: 9.724s | update: 0.264s | total: 9.987s | samples/s: 6408
Iteration 0195 | train reward: -59.48 | best: -56.18 | KL: 7.591e-06 | std: 0.5910 | rollout: 9.378s | update: 0.276s | total: 9.655s | samples/s: 6629
Iteration 0196 | train reward: -61.07 | best: -56.18 | KL: 8.050e-06 | std: 0.5910 | rollout: 8.755s | update: 0.276s | total: 9.031s | samples/s: 7087
Iteration 0197 | train reward: -57.99 | best: -56.18 | KL: 9.413e-06 | std: 0.5910 | rollout: 9.256s | update: 0.306s | total: 9.562s | samples/s: 6693
Iteration 0198 | train reward: -53.28 | best: -53.28 | KL: 7.903e-06 | std: 0.5906 | rollout: 7.406s | update: 0.280s | total: 7.687s | samples/s: 8326
Iteration 0199 | train reward: -51.99 | best: -51.99 | KL: 8.150e-06 | std: 0.5906 | rollout: 7.156s | update: 0.256s | total: 7.412s | samples/s: 8635
Iteration 0200 | train reward: -55.57 | best: -51.99 | KL: 9.512e-06 | std: 0.5905 | rollout: 9.509s | update: 0.262s | total: 9.771s | samples/s: 6550
Iteration 0201 | train reward: -59.85 | best: -51.99 | KL: 9.252e-06 | std: 0.5905 | rollout: 7.985s | update: 0.309s | total: 8.294s | samples/s: 7717
Iteration 0202 | train reward: -59.72 | best: -51.99 | KL: 8.115e-06 | std: 0.5904 | rollout: 8.816s | update: 0.328s | total: 9.144s | samples/s: 6999
Iteration 0203 | train reward: -60.22 | best: -51.99 | KL: 1.007e-05 | std: 0.5904 | rollout: 7.731s | update: 0.297s | total: 8.027s | samples/s: 7973
Iteration 0204 | train reward: -63.21 | best: -51.99 | KL: 8.910e-06 | std: 0.5893 | rollout: 7.541s | update: 0.258s | total: 7.798s | samples/s: 8207
Iteration 0205 | train reward: -55.49 | best: -51.99 | KL: 1.043e-05 | std: 0.5893 | rollout: 8.191s | update: 0.261s | total: 8.452s | samples/s: 7572
Iteration 0206 | train reward: -55.15 | best: -51.99 | KL: 8.697e-06 | std: 0.5893 | rollout: 8.321s | update: 0.300s | total: 8.622s | samples/s: 7423
Iteration 0207 | train reward: -46.85 | best: -46.85 | KL: 8.939e-06 | std: 0.5892 | rollout: 9.387s | update: 0.307s | total: 9.694s | samples/s: 6602
Iteration 0208 | train reward: -52.82 | best: -46.85 | KL: 8.452e-06 | std: 0.5891 | rollout: 8.528s | update: 0.290s | total: 8.818s | samples/s: 7258
Iteration 0209 | train reward: -56.21 | best: -46.85 | KL: 7.628e-06 | std: 0.5891 | rollout: 8.030s | update: 0.254s | total: 8.284s | samples/s: 7725
Iteration 0210 | train reward: -57.93 | best: -46.85 | KL: 8.976e-06 | std: 0.5891 | rollout: 8.395s | update: 0.252s | total: 8.647s | samples/s: 7401
Iteration 0211 | train reward: -52.45 | best: -46.85 | KL: 8.887e-06 | std: 0.5887 | rollout: 8.725s | update: 0.274s | total: 8.999s | samples/s: 7112
Iteration 0212 | train reward: -51.72 | best: -46.85 | KL: 8.914e-06 | std: 0.5887 | rollout: 8.441s | update: 0.283s | total: 8.724s | samples/s: 7336
Iteration 0213 | train reward: -51.92 | best: -46.85 | KL: 6.920e-06 | std: 0.5887 | rollout: 8.798s | update: 0.303s | total: 9.102s | samples/s: 7032
Iteration 0214 | train reward: -48.76 | best: -46.85 | KL: 7.857e-06 | std: 0.5887 | rollout: 8.111s | update: 0.254s | total: 8.365s | samples/s: 7651
Iteration 0215 | train reward: -45.66 | best: -45.66 | KL: 1.040e-05 | std: 0.5886 | rollout: 8.196s | update: 0.326s | total: 8.522s | samples/s: 7510
Iteration 0216 | train reward: -43.82 | best: -43.82 | KL: 7.954e-06 | std: 0.5886 | rollout: 8.315s | update: 0.257s | total: 8.572s | samples/s: 7466
Iteration 0217 | train reward: -48.58 | best: -43.82 | KL: 8.947e-06 | std: 0.5885 | rollout: 6.979s | update: 0.326s | total: 7.306s | samples/s: 8760
Iteration 0218 | train reward: -47.29 | best: -43.82 | KL: 9.970e-06 | std: 0.5885 | rollout: 8.772s | update: 0.299s | total: 9.071s | samples/s: 7056
Iteration 0219 | train reward: -45.34 | best: -43.82 | KL: 9.411e-06 | std: 0.5885 | rollout: 7.913s | update: 0.282s | total: 8.195s | samples/s: 7810
Iteration 0220 | train reward: -42.98 | best: -42.98 | KL: 9.227e-06 | std: 0.5884 | rollout: 8.858s | update: 0.354s | total: 9.211s | samples/s: 6948
Iteration 0221 | train reward: -44.47 | best: -42.98 | KL: 8.994e-06 | std: 0.5884 | rollout: 8.942s | update: 0.290s | total: 9.232s | samples/s: 6932
Iteration 0222 | train reward: -37.78 | best: -37.78 | KL: 8.249e-06 | std: 0.5880 | rollout: 8.381s | update: 0.289s | total: 8.670s | samples/s: 7382
Iteration 0223 | train reward: -43.89 | best: -37.78 | KL: 8.509e-06 | std: 0.5880 | rollout: 8.626s | update: 0.328s | total: 8.953s | samples/s: 7148
Iteration 0224 | train reward: -44.65 | best: -37.78 | KL: 1.053e-05 | std: 0.5878 | rollout: 7.958s | update: 0.330s | total: 8.288s | samples/s: 7722
Iteration 0225 | train reward: -44.25 | best: -37.78 | KL: 8.334e-06 | std: 0.5878 | rollout: 8.252s | update: 0.326s | total: 8.578s | samples/s: 7461
Iteration 0226 | train reward: -49.49 | best: -37.78 | KL: 8.125e-06 | std: 0.5867 | rollout: 8.302s | update: 0.254s | total: 8.556s | samples/s: 7480
Iteration 0227 | train reward: -42.09 | best: -37.78 | KL: 9.150e-06 | std: 0.5867 | rollout: 7.982s | update: 0.266s | total: 8.248s | samples/s: 7760
Iteration 0228 | train reward: -43.23 | best: -37.78 | KL: 9.649e-06 | std: 0.5866 | rollout: 9.520s | update: 0.288s | total: 9.808s | samples/s: 6526
Iteration 0229 | train reward: -47.51 | best: -37.78 | KL: 9.124e-06 | std: 0.5865 | rollout: 9.003s | update: 0.253s | total: 9.256s | samples/s: 6914
Iteration 0230 | train reward: -42.73 | best: -37.78 | KL: 1.157e-05 | std: 0.5865 | rollout: 8.149s | update: 0.333s | total: 8.482s | samples/s: 7545
Iteration 0231 | train reward: -39.74 | best: -37.78 | KL: 6.823e-06 | std: 0.5865 | rollout: 9.395s | update: 0.326s | total: 9.721s | samples/s: 6584
Iteration 0232 | train reward: -41.89 | best: -37.78 | KL: 6.444e-06 | std: 0.5865 | rollout: 8.784s | update: 0.266s | total: 9.050s | samples/s: 7072
Iteration 0233 | train reward: -45.87 | best: -37.78 | KL: 6.955e-06 | std: 0.5865 | rollout: 7.458s | update: 0.305s | total: 7.763s | samples/s: 8244
Iteration 0234 | train reward: -40.90 | best: -37.78 | KL: 8.274e-06 | std: 0.5861 | rollout: 10.077s | update: 0.296s | total: 10.373s | samples/s: 6170
Iteration 0235 | train reward: -37.04 | best: -37.04 | KL: 8.192e-06 | std: 0.5861 | rollout: 7.961s | update: 0.301s | total: 8.262s | samples/s: 7746
Iteration 0236 | train reward: -41.19 | best: -37.04 | KL: 9.860e-06 | std: 0.5861 | rollout: 8.828s | update: 0.335s | total: 9.163s | samples/s: 6984
Iteration 0237 | train reward: -41.87 | best: -37.04 | KL: 9.470e-06 | std: 0.5860 | rollout: 9.170s | update: 0.287s | total: 9.458s | samples/s: 6767
Iteration 0238 | train reward: -41.38 | best: -37.04 | KL: 1.187e-05 | std: 0.5859 | rollout: 8.549s | update: 0.321s | total: 8.871s | samples/s: 7215
Iteration 0239 | train reward: -35.87 | best: -35.87 | KL: 1.026e-05 | std: 0.5859 | rollout: 8.140s | update: 0.300s | total: 8.440s | samples/s: 7583
Iteration 0240 | train reward: -39.94 | best: -35.87 | KL: 8.579e-06 | std: 0.5859 | rollout: 7.974s | update: 0.294s | total: 8.268s | samples/s: 7741
Iteration 0241 | train reward: -31.43 | best: -31.43 | KL: 6.820e-06 | std: 0.5859 | rollout: 9.228s | update: 0.308s | total: 9.536s | samples/s: 6712
Iteration 0242 | train reward: -37.88 | best: -31.43 | KL: 8.065e-06 | std: 0.5859 | rollout: 7.864s | update: 0.284s | total: 8.148s | samples/s: 7855
Iteration 0243 | train reward: -39.79 | best: -31.43 | KL: 9.367e-06 | std: 0.5859 | rollout: 7.860s | update: 0.253s | total: 8.113s | samples/s: 7889
Iteration 0244 | train reward: -32.16 | best: -31.43 | KL: 7.922e-06 | std: 0.5858 | rollout: 9.458s | update: 0.324s | total: 9.782s | samples/s: 6542
Iteration 0245 | train reward: -35.25 | best: -31.43 | KL: 1.066e-05 | std: 0.5858 | rollout: 8.494s | update: 0.276s | total: 8.770s | samples/s: 7298
Iteration 0246 | train reward: -32.20 | best: -31.43 | KL: 9.605e-06 | std: 0.5857 | rollout: 8.524s | update: 0.278s | total: 8.802s | samples/s: 7271
Iteration 0247 | train reward: -35.44 | best: -31.43 | KL: 8.496e-06 | std: 0.5854 | rollout: 8.219s | update: 0.320s | total: 8.540s | samples/s: 7494
Iteration 0248 | train reward: -38.12 | best: -31.43 | KL: 5.762e-06 | std: 0.5854 | rollout: 8.084s | update: 0.285s | total: 8.369s | samples/s: 7647
Iteration 0249 | train reward: -34.53 | best: -31.43 | KL: 8.494e-06 | std: 0.5853 | rollout: 8.387s | update: 0.304s | total: 8.691s | samples/s: 7364
Iteration 0250 | train reward: -38.50 | best: -31.43 | KL: 7.885e-06 | std: 0.5853 | rollout: 8.196s | update: 0.263s | total: 8.459s | samples/s: 7566
Iteration 0251 | train reward: -24.28 | best: -24.28 | KL: 1.188e-05 | std: 0.5852 | rollout: 8.871s | update: 0.284s | total: 9.155s | samples/s: 6991
Iteration 0252 | train reward: -27.96 | best: -24.28 | KL: 8.775e-06 | std: 0.5852 | rollout: 8.542s | update: 0.263s | total: 8.805s | samples/s: 7269
Iteration 0253 | train reward: -34.32 | best: -24.28 | KL: 6.219e-06 | std: 0.5852 | rollout: 7.786s | update: 0.293s | total: 8.079s | samples/s: 7922
Iteration 0254 | train reward: -31.20 | best: -24.28 | KL: 1.032e-05 | std: 0.5852 | rollout: 7.402s | update: 0.327s | total: 7.729s | samples/s: 8281
Iteration 0255 | train reward: -31.68 | best: -24.28 | KL: 9.033e-06 | std: 0.5841 | rollout: 7.115s | update: 0.256s | total: 7.371s | samples/s: 8683
Iteration 0256 | train reward: -31.28 | best: -24.28 | KL: 8.005e-06 | std: 0.5841 | rollout: 6.835s | update: 0.304s | total: 7.139s | samples/s: 8964
Iteration 0257 | train reward: -28.19 | best: -24.28 | KL: 8.343e-06 | std: 0.5840 | rollout: 9.095s | update: 0.330s | total: 9.425s | samples/s: 6791
Iteration 0258 | train reward: -27.14 | best: -24.28 | KL: 9.831e-06 | std: 0.5839 | rollout: 7.555s | update: 0.288s | total: 7.843s | samples/s: 8160
Iteration 0259 | train reward: -26.92 | best: -24.28 | KL: 7.696e-06 | std: 0.5839 | rollout: 8.640s | update: 0.267s | total: 8.908s | samples/s: 7185
Iteration 0260 | train reward: -28.83 | best: -24.28 | KL: 8.552e-06 | std: 0.5839 | rollout: 8.724s | update: 0.260s | total: 8.983s | samples/s: 7124
Iteration 0261 | train reward: -24.71 | best: -24.28 | KL: 1.075e-05 | std: 0.5835 | rollout: 7.586s | update: 0.316s | total: 7.902s | samples/s: 8099
Iteration 0262 | train reward: -27.85 | best: -24.28 | KL: 1.149e-05 | std: 0.5835 | rollout: 9.403s | update: 0.255s | total: 9.659s | samples/s: 6626
Iteration 0263 | train reward: -29.33 | best: -24.28 | KL: 9.881e-06 | std: 0.5835 | rollout: 7.708s | update: 0.255s | total: 7.963s | samples/s: 8037
Iteration 0264 | train reward: -32.61 | best: -24.28 | KL: 9.596e-06 | std: 0.5835 | rollout: 9.304s | update: 0.255s | total: 9.559s | samples/s: 6695
Iteration 0265 | train reward: -21.32 | best: -21.32 | KL: 8.885e-06 | std: 0.5834 | rollout: 8.122s | update: 0.315s | total: 8.437s | samples/s: 7586
Iteration 0266 | train reward: -21.84 | best: -21.32 | KL: 9.615e-06 | std: 0.5833 | rollout: 9.095s | update: 0.264s | total: 9.359s | samples/s: 6838
Iteration 0267 | train reward: -32.92 | best: -21.32 | KL: 7.254e-06 | std: 0.5833 | rollout: 7.711s | update: 0.295s | total: 8.006s | samples/s: 7994
Iteration 0268 | train reward: -22.55 | best: -21.32 | KL: 1.130e-05 | std: 0.5833 | rollout: 9.172s | update: 0.262s | total: 9.434s | samples/s: 6784
Iteration 0269 | train reward: -20.10 | best: -20.10 | KL: 9.774e-06 | std: 0.5832 | rollout: 6.445s | update: 0.287s | total: 6.732s | samples/s: 9507
Iteration 0270 | train reward: -11.90 | best: -11.90 | KL: 1.094e-05 | std: 0.5832 | rollout: 7.024s | update: 0.272s | total: 7.296s | samples/s: 8773
Iteration 0271 | train reward: -20.01 | best: -11.90 | KL: 9.926e-06 | std: 0.5832 | rollout: 6.939s | update: 0.253s | total: 7.192s | samples/s: 8899
Iteration 0272 | train reward: -21.58 | best: -11.90 | KL: 1.084e-05 | std: 0.5831 | rollout: 8.670s | update: 0.272s | total: 8.942s | samples/s: 7157
Iteration 0273 | train reward: -23.32 | best: -11.90 | KL: 9.062e-06 | std: 0.5828 | rollout: 8.664s | update: 0.324s | total: 8.988s | samples/s: 7120
Iteration 0274 | train reward: -22.32 | best: -11.90 | KL: 1.125e-05 | std: 0.5826 | rollout: 8.151s | update: 0.252s | total: 8.403s | samples/s: 7617
Iteration 0275 | train reward: -25.17 | best: -11.90 | KL: 9.029e-06 | std: 0.5826 | rollout: 8.020s | update: 0.357s | total: 8.377s | samples/s: 7640
Iteration 0276 | train reward: -12.26 | best: -11.90 | KL: 1.205e-05 | std: 0.5826 | rollout: 8.592s | update: 0.319s | total: 8.911s | samples/s: 7182
Iteration 0277 | train reward: -28.03 | best: -11.90 | KL: 9.787e-06 | std: 0.5815 | rollout: 8.040s | update: 0.307s | total: 8.347s | samples/s: 7668
Iteration 0278 | train reward: -17.91 | best: -11.90 | KL: 1.013e-05 | std: 0.5815 | rollout: 8.525s | update: 0.286s | total: 8.810s | samples/s: 7264
Iteration 0279 | train reward: -17.57 | best: -11.90 | KL: 8.319e-06 | std: 0.5814 | rollout: 8.481s | update: 0.268s | total: 8.749s | samples/s: 7315
Iteration 0280 | train reward: -13.88 | best: -11.90 | KL: 9.820e-06 | std: 0.5813 | rollout: 9.494s | update: 0.360s | total: 9.854s | samples/s: 6495
Iteration 0281 | train reward: -20.83 | best: -11.90 | KL: 8.487e-06 | std: 0.5813 | rollout: 8.369s | update: 0.306s | total: 8.675s | samples/s: 7377
Iteration 0282 | train reward: -16.62 | best: -11.90 | KL: 1.034e-05 | std: 0.5813 | rollout: 8.263s | update: 0.310s | total: 8.574s | samples/s: 7465
Iteration 0283 | train reward: -17.26 | best: -11.90 | KL: 7.496e-06 | std: 0.5813 | rollout: 8.818s | update: 0.302s | total: 9.119s | samples/s: 7018
Iteration 0284 | train reward: -20.31 | best: -11.90 | KL: 1.248e-05 | std: 0.5809 | rollout: 7.768s | update: 0.256s | total: 8.025s | samples/s: 7975
Iteration 0285 | train reward: -18.77 | best: -11.90 | KL: 9.010e-06 | std: 0.5809 | rollout: 9.073s | update: 0.339s | total: 9.412s | samples/s: 6800
Iteration 0286 | train reward: -12.28 | best: -11.90 | KL: 9.643e-06 | std: 0.5808 | rollout: 9.918s | update: 0.254s | total: 10.172s | samples/s: 6292
Iteration 0287 | train reward: -14.12 | best: -11.90 | KL: 1.093e-05 | std: 0.5807 | rollout: 7.255s | update: 0.346s | total: 7.601s | samples/s: 8420
Iteration 0288 | train reward: -20.10 | best: -11.90 | KL: 1.133e-05 | std: 0.5807 | rollout: 7.951s | update: 0.263s | total: 8.214s | samples/s: 7792
Iteration 0289 | train reward: -24.73 | best: -11.90 | KL: 8.879e-06 | std: 0.5807 | rollout: 8.185s | update: 0.253s | total: 8.438s | samples/s: 7585
Iteration 0290 | train reward: -15.87 | best: -11.90 | KL: 9.925e-06 | std: 0.5807 | rollout: 9.385s | update: 0.308s | total: 9.694s | samples/s: 6602
Iteration 0291 | train reward: -18.06 | best: -11.90 | KL: 1.080e-05 | std: 0.5806 | rollout: 8.205s | update: 0.253s | total: 8.458s | samples/s: 7567
Iteration 0292 | train reward: -17.12 | best: -11.90 | KL: 1.113e-05 | std: 0.5805 | rollout: 8.768s | update: 0.404s | total: 9.171s | samples/s: 6978
Iteration 0293 | train reward: -14.88 | best: -11.90 | KL: 1.096e-05 | std: 0.5802 | rollout: 8.558s | update: 0.288s | total: 8.846s | samples/s: 7235
Iteration 0294 | train reward: -12.92 | best: -11.90 | KL: 8.831e-06 | std: 0.5801 | rollout: 9.163s | update: 0.254s | total: 9.418s | samples/s: 6796
Iteration 0295 | train reward: -11.00 | best: -11.00 | KL: 1.362e-05 | std: 0.5801 | rollout: 8.191s | update: 0.343s | total: 8.534s | samples/s: 7500
Iteration 0296 | train reward: -11.24 | best: -11.00 | KL: 1.018e-05 | std: 0.5800 | rollout: 8.309s | update: 0.295s | total: 8.604s | samples/s: 7438
Iteration 0297 | train reward: -13.92 | best: -11.00 | KL: 8.933e-06 | std: 0.5800 | rollout: 8.075s | update: 0.296s | total: 8.371s | samples/s: 7646
Iteration 0298 | train reward: -6.67 | best: -6.67 | KL: 1.128e-05 | std: 0.5789 | rollout: 7.532s | update: 0.259s | total: 7.790s | samples/s: 8215
Iteration 0299 | train reward: -8.35 | best: -6.67 | KL: 1.076e-05 | std: 0.5789 | rollout: 7.422s | update: 0.277s | total: 7.699s | samples/s: 8312
Iteration 0300 | train reward: -11.59 | best: -6.67 | KL: 1.001e-05 | std: 0.5789 | rollout: 7.633s | update: 0.295s | total: 7.928s | samples/s: 8073
Iteration 0301 | train reward: -7.01 | best: -6.67 | KL: 1.226e-05 | std: 0.5788 | rollout: 9.050s | update: 0.328s | total: 9.379s | samples/s: 6824
Iteration 0302 | train reward: -4.26 | best: -4.26 | KL: 1.052e-05 | std: 0.5787 | rollout: 8.189s | update: 0.260s | total: 8.449s | samples/s: 7575
Iteration 0303 | train reward: -2.06 | best: -2.06 | KL: 1.109e-05 | std: 0.5787 | rollout: 8.670s | update: 0.313s | total: 8.983s | samples/s: 7125
Iteration 0304 | train reward: -5.73 | best: -2.06 | KL: 7.946e-06 | std: 0.5787 | rollout: 6.412s | update: 0.323s | total: 6.735s | samples/s: 9502
Iteration 0305 | train reward: -6.85 | best: -2.06 | KL: 8.820e-06 | std: 0.5783 | rollout: 7.736s | update: 0.272s | total: 8.008s | samples/s: 7992
Iteration 0306 | train reward: -11.11 | best: -2.06 | KL: 1.047e-05 | std: 0.5783 | rollout: 8.997s | update: 0.323s | total: 9.320s | samples/s: 6867
Iteration 0307 | train reward: -4.54 | best: -2.06 | KL: 1.022e-05 | std: 0.5782 | rollout: 7.703s | update: 0.337s | total: 8.040s | samples/s: 7960
Iteration 0308 | train reward: -7.35 | best: -2.06 | KL: 9.743e-06 | std: 0.5782 | rollout: 7.589s | update: 0.256s | total: 7.846s | samples/s: 8158
Iteration 0309 | train reward: -3.76 | best: -2.06 | KL: 1.232e-05 | std: 0.5782 | rollout: 7.857s | update: 0.335s | total: 8.192s | samples/s: 7813
Iteration 0310 | train reward: -6.54 | best: -2.06 | KL: 1.072e-05 | std: 0.5781 | rollout: 8.242s | update: 0.328s | total: 8.570s | samples/s: 7468
Iteration 0311 | train reward: -10.30 | best: -2.06 | KL: 9.647e-06 | std: 0.5781 | rollout: 9.399s | update: 0.333s | total: 9.731s | samples/s: 6577
Iteration 0312 | train reward: 2.24 | best: 2.24 | KL: 1.002e-05 | std: 0.5781 | rollout: 7.874s | update: 0.268s | total: 8.141s | samples/s: 7861
Iteration 0313 | train reward: -8.13 | best: 2.24 | KL: 1.034e-05 | std: 0.5781 | rollout: 8.494s | update: 0.260s | total: 8.754s | samples/s: 7311
Iteration 0314 | train reward: -3.12 | best: 2.24 | KL: 1.130e-05 | std: 0.5781 | rollout: 8.679s | update: 0.282s | total: 8.961s | samples/s: 7142
Iteration 0315 | train reward: -7.84 | best: 2.24 | KL: 9.796e-06 | std: 0.5781 | rollout: 9.662s | update: 0.322s | total: 9.984s | samples/s: 6410
Iteration 0316 | train reward: 0.94 | best: 2.24 | KL: 8.903e-06 | std: 0.5779 | rollout: 8.239s | update: 0.291s | total: 8.529s | samples/s: 7503
Iteration 0317 | train reward: -5.28 | best: 2.24 | KL: 1.156e-05 | std: 0.5779 | rollout: 9.299s | update: 0.307s | total: 9.606s | samples/s: 6663
Iteration 0318 | train reward: -6.06 | best: 2.24 | KL: 1.155e-05 | std: 0.5775 | rollout: 7.994s | update: 0.291s | total: 8.284s | samples/s: 7726
Iteration 0319 | train reward: 1.75 | best: 2.24 | KL: 1.108e-05 | std: 0.5775 | rollout: 8.971s | update: 0.264s | total: 9.234s | samples/s: 6931
Iteration 0320 | train reward: -2.64 | best: 2.24 | KL: 1.316e-05 | std: 0.5774 | rollout: 8.446s | update: 0.266s | total: 8.712s | samples/s: 7346
Iteration 0321 | train reward: -1.65 | best: 2.24 | KL: 8.469e-06 | std: 0.5774 | rollout: 6.384s | update: 0.284s | total: 6.668s | samples/s: 9598
Iteration 0322 | train reward: -1.42 | best: 2.24 | KL: 1.121e-05 | std: 0.5774 | rollout: 9.114s | update: 0.327s | total: 9.442s | samples/s: 6778
Iteration 0323 | train reward: 7.19 | best: 7.19 | KL: 1.383e-05 | std: 0.5774 | rollout: 8.985s | update: 0.324s | total: 9.309s | samples/s: 6875
Iteration 0324 | train reward: 2.33 | best: 7.19 | KL: 1.283e-05 | std: 0.5763 | rollout: 8.945s | update: 0.321s | total: 9.266s | samples/s: 6907
Iteration 0325 | train reward: -0.93 | best: 7.19 | KL: 8.705e-06 | std: 0.5763 | rollout: 8.971s | update: 0.301s | total: 9.272s | samples/s: 6902
Iteration 0326 | train reward: 0.42 | best: 7.19 | KL: 1.116e-05 | std: 0.5762 | rollout: 8.586s | update: 0.254s | total: 8.840s | samples/s: 7240
Iteration 0327 | train reward: -0.56 | best: 7.19 | KL: 1.008e-05 | std: 0.5761 | rollout: 8.949s | update: 0.285s | total: 9.234s | samples/s: 6931
Iteration 0328 | train reward: 3.52 | best: 7.19 | KL: 9.700e-06 | std: 0.5761 | rollout: 9.081s | update: 0.291s | total: 9.372s | samples/s: 6829
Iteration 0329 | train reward: 16.53 | best: 16.53 | KL: 1.089e-05 | std: 0.5761 | rollout: 8.006s | update: 0.297s | total: 8.303s | samples/s: 7708
Iteration 0330 | train reward: 2.70 | best: 16.53 | KL: 1.085e-05 | std: 0.5761 | rollout: 8.784s | update: 0.271s | total: 9.055s | samples/s: 7068
Iteration 0331 | train reward: 2.67 | best: 16.53 | KL: 1.260e-05 | std: 0.5761 | rollout: 7.689s | update: 0.257s | total: 7.946s | samples/s: 8054
Iteration 0332 | train reward: 7.07 | best: 16.53 | KL: 1.450e-05 | std: 0.5761 | rollout: 8.222s | update: 0.289s | total: 8.511s | samples/s: 7520
Iteration 0333 | train reward: 1.15 | best: 16.53 | KL: 1.490e-05 | std: 0.5757 | rollout: 7.826s | update: 0.328s | total: 8.154s | samples/s: 7849
Iteration 0334 | train reward: 9.42 | best: 16.53 | KL: 1.320e-05 | std: 0.5757 | rollout: 8.642s | update: 0.307s | total: 8.949s | samples/s: 7151
Iteration 0335 | train reward: 3.41 | best: 16.53 | KL: 1.253e-05 | std: 0.5757 | rollout: 7.578s | update: 0.339s | total: 7.917s | samples/s: 8084
Iteration 0336 | train reward: 1.66 | best: 16.53 | KL: 1.551e-05 | std: 0.5756 | rollout: 8.150s | update: 0.258s | total: 8.408s | samples/s: 7612
Iteration 0337 | train reward: 10.54 | best: 16.53 | KL: 1.240e-05 | std: 0.5756 | rollout: 8.524s | update: 0.343s | total: 8.867s | samples/s: 7218
Iteration 0338 | train reward: 2.35 | best: 16.53 | KL: 1.338e-05 | std: 0.5755 | rollout: 9.341s | update: 0.258s | total: 9.599s | samples/s: 6667
Iteration 0339 | train reward: 4.91 | best: 16.53 | KL: 1.247e-05 | std: 0.5755 | rollout: 8.926s | update: 0.369s | total: 9.295s | samples/s: 6886
Iteration 0340 | train reward: 2.10 | best: 16.53 | KL: 1.349e-05 | std: 0.5755 | rollout: 8.513s | update: 0.296s | total: 8.808s | samples/s: 7266
Iteration 0341 | train reward: 4.69 | best: 16.53 | KL: 1.093e-05 | std: 0.5755 | rollout: 9.238s | update: 0.374s | total: 9.611s | samples/s: 6659
Iteration 0342 | train reward: 4.40 | best: 16.53 | KL: 1.242e-05 | std: 0.5754 | rollout: 7.961s | update: 0.277s | total: 8.238s | samples/s: 7769
Iteration 0343 | train reward: 6.97 | best: 16.53 | KL: 1.006e-05 | std: 0.5754 | rollout: 8.155s | update: 0.357s | total: 8.512s | samples/s: 7519
Iteration 0344 | train reward: 4.20 | best: 16.53 | KL: 1.382e-05 | std: 0.5753 | rollout: 7.729s | update: 0.317s | total: 8.046s | samples/s: 7954
Iteration 0345 | train reward: 8.71 | best: 16.53 | KL: 1.177e-05 | std: 0.5749 | rollout: 7.627s | update: 0.254s | total: 7.880s | samples/s: 8121
Iteration 0346 | train reward: 9.87 | best: 16.53 | KL: 1.327e-05 | std: 0.5749 | rollout: 7.784s | update: 0.295s | total: 8.079s | samples/s: 7922
Iteration 0347 | train reward: 10.66 | best: 16.53 | KL: 1.094e-05 | std: 0.5748 | rollout: 7.523s | update: 0.310s | total: 7.833s | samples/s: 8170
Iteration 0348 | train reward: 6.22 | best: 16.53 | KL: 1.179e-05 | std: 0.5748 | rollout: 6.060s | update: 0.257s | total: 6.318s | samples/s: 10130
Iteration 0349 | train reward: 5.60 | best: 16.53 | KL: 1.247e-05 | std: 0.5747 | rollout: 5.978s | update: 0.291s | total: 6.269s | samples/s: 10210
Iteration 0350 | train reward: 2.09 | best: 16.53 | KL: 1.184e-05 | std: 0.5737 | rollout: 8.310s | update: 0.278s | total: 8.588s | samples/s: 7452
Iteration 0351 | train reward: 8.73 | best: 16.53 | KL: 1.374e-05 | std: 0.5737 | rollout: 7.726s | update: 0.288s | total: 8.014s | samples/s: 7986
Iteration 0352 | train reward: 7.85 | best: 16.53 | KL: 8.846e-06 | std: 0.5736 | rollout: 8.478s | update: 0.300s | total: 8.778s | samples/s: 7291
Iteration 0353 | train reward: 8.21 | best: 16.53 | KL: 1.538e-05 | std: 0.5735 | rollout: 7.626s | update: 0.255s | total: 7.881s | samples/s: 8121
Iteration 0354 | train reward: 6.80 | best: 16.53 | KL: 1.159e-05 | std: 0.5735 | rollout: 7.962s | update: 0.319s | total: 8.280s | samples/s: 7729
Iteration 0355 | train reward: 15.79 | best: 16.53 | KL: 1.442e-05 | std: 0.5735 | rollout: 8.360s | update: 0.360s | total: 8.720s | samples/s: 7340
Iteration 0356 | train reward: 5.49 | best: 16.53 | KL: 1.067e-05 | std: 0.5735 | rollout: 8.361s | update: 0.305s | total: 8.666s | samples/s: 7385
Iteration 0357 | train reward: 7.52 | best: 16.53 | KL: 1.265e-05 | std: 0.5731 | rollout: 7.431s | update: 0.345s | total: 7.776s | samples/s: 8231
Iteration 0358 | train reward: 9.10 | best: 16.53 | KL: 1.527e-05 | std: 0.5731 | rollout: 7.886s | update: 0.315s | total: 8.200s | samples/s: 7805
Iteration 0359 | train reward: 21.02 | best: 21.02 | KL: 1.285e-05 | std: 0.5731 | rollout: 9.230s | update: 0.295s | total: 9.525s | samples/s: 6719
Iteration 0360 | train reward: 12.10 | best: 21.02 | KL: 1.464e-05 | std: 0.5731 | rollout: 7.892s | update: 0.294s | total: 8.186s | samples/s: 7818
Iteration 0361 | train reward: 17.06 | best: 21.02 | KL: 1.659e-05 | std: 0.5730 | rollout: 7.936s | update: 0.282s | total: 8.218s | samples/s: 7788
Iteration 0362 | train reward: 11.38 | best: 21.02 | KL: 1.753e-05 | std: 0.5730 | rollout: 7.676s | update: 0.329s | total: 8.006s | samples/s: 7994
Iteration 0363 | train reward: 11.65 | best: 21.02 | KL: 1.501e-05 | std: 0.5729 | rollout: 7.875s | update: 0.269s | total: 8.145s | samples/s: 7858
Iteration 0364 | train reward: 9.88 | best: 21.02 | KL: 1.320e-05 | std: 0.5729 | rollout: 9.465s | update: 0.287s | total: 9.752s | samples/s: 6563
Iteration 0365 | train reward: 12.70 | best: 21.02 | KL: 1.289e-05 | std: 0.5729 | rollout: 8.473s | update: 0.325s | total: 8.798s | samples/s: 7274
Iteration 0366 | train reward: 10.90 | best: 21.02 | KL: 1.112e-05 | std: 0.5729 | rollout: 9.155s | update: 0.293s | total: 9.448s | samples/s: 6774
Iteration 0367 | train reward: 10.12 | best: 21.02 | KL: 1.189e-05 | std: 0.5729 | rollout: 7.088s | update: 0.332s | total: 7.421s | samples/s: 8625
Iteration 0368 | train reward: 14.40 | best: 21.02 | KL: 1.386e-05 | std: 0.5728 | rollout: 9.374s | update: 0.305s | total: 9.679s | samples/s: 6612
Iteration 0369 | train reward: 13.50 | best: 21.02 | KL: 1.477e-05 | std: 0.5723 | rollout: 8.640s | update: 0.305s | total: 8.944s | samples/s: 7155
Iteration 0370 | train reward: 17.78 | best: 21.02 | KL: 1.438e-05 | std: 0.5723 | rollout: 6.266s | update: 0.314s | total: 6.580s | samples/s: 9726
Iteration 0371 | train reward: 19.19 | best: 21.02 | KL: 1.197e-05 | std: 0.5723 | rollout: 5.995s | update: 0.315s | total: 6.310s | samples/s: 10143
Iteration 0372 | train reward: 15.45 | best: 21.02 | KL: 1.122e-05 | std: 0.5722 | rollout: 6.603s | update: 0.332s | total: 6.935s | samples/s: 9228
Iteration 0373 | train reward: 18.18 | best: 21.02 | KL: 1.398e-05 | std: 0.5721 | rollout: 8.499s | update: 0.271s | total: 8.769s | samples/s: 7298
Iteration 0374 | train reward: 14.97 | best: 21.02 | KL: 1.572e-05 | std: 0.5711 | rollout: 8.310s | update: 0.300s | total: 8.611s | samples/s: 7433
Iteration 0375 | train reward: 16.33 | best: 21.02 | KL: 1.419e-05 | std: 0.5711 | rollout: 8.726s | update: 0.350s | total: 9.076s | samples/s: 7052
Iteration 0376 | train reward: 18.89 | best: 21.02 | KL: 1.338e-05 | std: 0.5711 | rollout: 8.020s | update: 0.347s | total: 8.367s | samples/s: 7649
Iteration 0377 | train reward: 16.98 | best: 21.02 | KL: 1.155e-05 | std: 0.5711 | rollout: 9.497s | update: 0.369s | total: 9.866s | samples/s: 6487
Iteration 0378 | train reward: 17.12 | best: 21.02 | KL: 1.240e-05 | std: 0.5710 | rollout: 8.357s | update: 0.340s | total: 8.697s | samples/s: 7359
Iteration 0379 | train reward: 20.81 | best: 21.02 | KL: 1.435e-05 | std: 0.5709 | rollout: 6.697s | update: 0.283s | total: 6.979s | samples/s: 9170
Iteration 0380 | train reward: 17.46 | best: 21.02 | KL: 1.281e-05 | std: 0.5709 | rollout: 6.348s | update: 0.256s | total: 6.605s | samples/s: 9690
Iteration 0381 | train reward: 20.43 | best: 21.02 | KL: 1.103e-05 | std: 0.5705 | rollout: 6.166s | update: 0.304s | total: 6.470s | samples/s: 9892
Iteration 0382 | train reward: 26.94 | best: 26.94 | KL: 1.526e-05 | std: 0.5705 | rollout: 8.181s | update: 0.374s | total: 8.555s | samples/s: 7481
Iteration 0383 | train reward: 26.67 | best: 26.94 | KL: 1.378e-05 | std: 0.5705 | rollout: 8.697s | update: 0.352s | total: 9.050s | samples/s: 7072
Iteration 0384 | train reward: 25.87 | best: 26.94 | KL: 1.523e-05 | std: 0.5704 | rollout: 7.927s | update: 0.253s | total: 8.180s | samples/s: 7824
Iteration 0385 | train reward: 13.45 | best: 26.94 | KL: 1.430e-05 | std: 0.5704 | rollout: 9.276s | update: 0.334s | total: 9.610s | samples/s: 6660
Iteration 0386 | train reward: 25.45 | best: 26.94 | KL: 1.587e-05 | std: 0.5703 | rollout: 9.025s | update: 0.281s | total: 9.306s | samples/s: 6877
Iteration 0387 | train reward: 22.80 | best: 26.94 | KL: 1.630e-05 | std: 0.5703 | rollout: 8.141s | update: 0.322s | total: 8.463s | samples/s: 7563
Iteration 0388 | train reward: 24.92 | best: 26.94 | KL: 1.563e-05 | std: 0.5703 | rollout: 8.843s | update: 0.304s | total: 9.147s | samples/s: 6997
Iteration 0389 | train reward: 34.91 | best: 34.91 | KL: 1.581e-05 | std: 0.5703 | rollout: 7.792s | update: 0.256s | total: 8.048s | samples/s: 7952
Iteration 0390 | train reward: 20.15 | best: 34.91 | KL: 1.640e-05 | std: 0.5701 | rollout: 6.916s | update: 0.305s | total: 7.220s | samples/s: 8864
Iteration 0391 | train reward: 21.19 | best: 34.91 | KL: 1.331e-05 | std: 0.5697 | rollout: 7.747s | update: 0.300s | total: 8.047s | samples/s: 7953
Iteration 0392 | train reward: 24.50 | best: 34.91 | KL: 1.283e-05 | std: 0.5697 | rollout: 8.127s | update: 0.335s | total: 8.462s | samples/s: 7564
Iteration 0393 | train reward: 28.45 | best: 34.91 | KL: 1.738e-05 | std: 0.5697 | rollout: 7.913s | update: 0.316s | total: 8.229s | samples/s: 7777
Iteration 0394 | train reward: 27.44 | best: 34.91 | KL: 2.117e-05 | std: 0.5697 | rollout: 8.819s | update: 0.300s | total: 9.119s | samples/s: 7019
Iteration 0395 | train reward: 24.35 | best: 34.91 | KL: 1.205e-05 | std: 0.5696 | rollout: 8.274s | update: 0.299s | total: 8.573s | samples/s: 7465
Iteration 0396 | train reward: 27.96 | best: 34.91 | KL: 1.327e-05 | std: 0.5696 | rollout: 8.326s | update: 0.263s | total: 8.588s | samples/s: 7452
Iteration 0397 | train reward: 30.63 | best: 34.91 | KL: 1.612e-05 | std: 0.5696 | rollout: 8.168s | update: 0.291s | total: 8.459s | samples/s: 7566
Iteration 0398 | train reward: 34.54 | best: 34.91 | KL: 1.452e-05 | std: 0.5695 | rollout: 9.541s | update: 0.320s | total: 9.862s | samples/s: 6490
Iteration 0399 | train reward: 19.77 | best: 34.91 | KL: 1.214e-05 | std: 0.5695 | rollout: 8.649s | update: 0.280s | total: 8.929s | samples/s: 7168
Iteration 0400 | train reward: 22.52 | best: 34.91 | KL: 1.622e-05 | std: 0.5685 | rollout: 7.001s | update: 0.325s | total: 7.327s | samples/s: 8735
Iteration 0401 | train reward: 23.37 | best: 34.91 | KL: 1.175e-05 | std: 0.5685 | rollout: 5.922s | update: 0.302s | total: 6.224s | samples/s: 10283
Iteration 0402 | train reward: 31.83 | best: 34.91 | KL: 1.389e-05 | std: 0.5684 | rollout: 6.943s | update: 0.329s | total: 7.272s | samples/s: 8801
Iteration 0403 | train reward: 29.97 | best: 34.91 | KL: 1.250e-05 | std: 0.5683 | rollout: 8.709s | update: 0.307s | total: 9.016s | samples/s: 7099
Iteration 0404 | train reward: 30.03 | best: 34.91 | KL: 1.649e-05 | std: 0.5683 | rollout: 9.761s | update: 0.326s | total: 10.087s | samples/s: 6345
Iteration 0405 | train reward: 25.05 | best: 34.91 | KL: 1.484e-05 | std: 0.5683 | rollout: 7.659s | update: 0.340s | total: 7.999s | samples/s: 8001
Iteration 0406 | train reward: 22.47 | best: 34.91 | KL: 1.535e-05 | std: 0.5679 | rollout: 7.803s | update: 0.284s | total: 8.087s | samples/s: 7914
Iteration 0407 | train reward: 32.99 | best: 34.91 | KL: 1.225e-05 | std: 0.5679 | rollout: 8.979s | update: 0.347s | total: 9.327s | samples/s: 6862
Iteration 0408 | train reward: 34.33 | best: 34.91 | KL: 1.536e-05 | std: 0.5679 | rollout: 8.450s | update: 0.268s | total: 8.718s | samples/s: 7341
Iteration 0409 | train reward: 26.40 | best: 34.91 | KL: 1.518e-05 | std: 0.5678 | rollout: 7.768s | update: 0.327s | total: 8.095s | samples/s: 7906
Iteration 0410 | train reward: 30.19 | best: 34.91 | KL: 1.366e-05 | std: 0.5678 | rollout: 7.848s | update: 0.309s | total: 8.157s | samples/s: 7846
Iteration 0411 | train reward: 32.88 | best: 34.91 | KL: 1.850e-05 | std: 0.5677 | rollout: 7.258s | update: 0.275s | total: 7.533s | samples/s: 8496
Iteration 0412 | train reward: 29.78 | best: 34.91 | KL: 1.834e-05 | std: 0.5677 | rollout: 7.246s | update: 0.320s | total: 7.566s | samples/s: 8459
Iteration 0413 | train reward: 32.27 | best: 34.91 | KL: 1.487e-05 | std: 0.5677 | rollout: 7.496s | update: 0.328s | total: 7.824s | samples/s: 8180
Iteration 0414 | train reward: 33.47 | best: 34.91 | KL: 1.689e-05 | std: 0.5676 | rollout: 8.296s | update: 0.310s | total: 8.606s | samples/s: 7437
Iteration 0415 | train reward: 22.39 | best: 34.91 | KL: 1.695e-05 | std: 0.5676 | rollout: 7.732s | update: 0.320s | total: 8.051s | samples/s: 7949
Iteration 0416 | train reward: 47.82 | best: 47.82 | KL: 1.524e-05 | std: 0.5675 | rollout: 8.236s | update: 0.286s | total: 8.522s | samples/s: 7510
Iteration 0417 | train reward: 35.33 | best: 47.82 | KL: 1.817e-05 | std: 0.5675 | rollout: 8.458s | update: 0.353s | total: 8.812s | samples/s: 7263
Iteration 0418 | train reward: 36.73 | best: 47.82 | KL: 1.687e-05 | std: 0.5671 | rollout: 7.720s | update: 0.260s | total: 7.980s | samples/s: 8020
Iteration 0419 | train reward: 32.07 | best: 47.82 | KL: 2.136e-05 | std: 0.5671 | rollout: 6.548s | update: 0.291s | total: 6.838s | samples/s: 9359
Iteration 0420 | train reward: 24.65 | best: 47.82 | KL: 1.704e-05 | std: 0.5671 | rollout: 8.507s | update: 0.320s | total: 8.827s | samples/s: 7251
Iteration 0421 | train reward: 36.26 | best: 47.82 | KL: 1.579e-05 | std: 0.5671 | rollout: 9.012s | update: 0.318s | total: 9.331s | samples/s: 6859
Iteration 0422 | train reward: 35.34 | best: 47.82 | KL: 1.799e-05 | std: 0.5670 | rollout: 8.709s | update: 0.329s | total: 9.038s | samples/s: 7081
Iteration 0423 | train reward: 42.10 | best: 47.82 | KL: 2.003e-05 | std: 0.5669 | rollout: 8.700s | update: 0.320s | total: 9.019s | samples/s: 7096
Iteration 0424 | train reward: 36.00 | best: 47.82 | KL: 1.330e-05 | std: 0.5659 | rollout: 9.116s | update: 0.326s | total: 9.442s | samples/s: 6778
Iteration 0425 | train reward: 35.74 | best: 47.82 | KL: 1.948e-05 | std: 0.5658 | rollout: 6.851s | update: 0.298s | total: 7.149s | samples/s: 8952
Iteration 0426 | train reward: 32.69 | best: 47.82 | KL: 1.618e-05 | std: 0.5657 | rollout: 7.930s | update: 0.258s | total: 8.188s | samples/s: 7816
Iteration 0427 | train reward: 36.66 | best: 47.82 | KL: 1.953e-05 | std: 0.5657 | rollout: 8.034s | update: 0.307s | total: 8.340s | samples/s: 7674
Iteration 0428 | train reward: 32.43 | best: 47.82 | KL: 1.767e-05 | std: 0.5657 | rollout: 8.185s | update: 0.261s | total: 8.446s | samples/s: 7577
Iteration 0429 | train reward: 35.28 | best: 47.82 | KL: 2.012e-05 | std: 0.5657 | rollout: 8.968s | update: 0.269s | total: 9.237s | samples/s: 6929
Iteration 0430 | train reward: 39.54 | best: 47.82 | KL: 1.868e-05 | std: 0.5657 | rollout: 8.948s | update: 0.268s | total: 9.216s | samples/s: 6944
Iteration 0431 | train reward: 42.46 | best: 47.82 | KL: 1.959e-05 | std: 0.5653 | rollout: 7.943s | update: 0.264s | total: 8.207s | samples/s: 7798
Iteration 0432 | train reward: 47.15 | best: 47.82 | KL: 2.053e-05 | std: 0.5653 | rollout: 8.919s | update: 0.362s | total: 9.281s | samples/s: 6896
Iteration 0433 | train reward: 40.03 | best: 47.82 | KL: 1.648e-05 | std: 0.5652 | rollout: 8.963s | update: 0.318s | total: 9.281s | samples/s: 6896
Iteration 0434 | train reward: 51.42 | best: 51.42 | KL: 1.949e-05 | std: 0.5651 | rollout: 8.141s | update: 0.329s | total: 8.470s | samples/s: 7556
Iteration 0435 | train reward: 49.44 | best: 51.42 | KL: 1.928e-05 | std: 0.5651 | rollout: 8.038s | update: 0.339s | total: 8.377s | samples/s: 7640
Iteration 0436 | train reward: 38.32 | best: 51.42 | KL: 1.497e-05 | std: 0.5651 | rollout: 8.646s | update: 0.281s | total: 8.927s | samples/s: 7170
Iteration 0437 | train reward: 55.90 | best: 55.90 | KL: 1.867e-05 | std: 0.5651 | rollout: 8.112s | update: 0.255s | total: 8.368s | samples/s: 7649
Iteration 0438 | train reward: 39.10 | best: 55.90 | KL: 2.045e-05 | std: 0.5651 | rollout: 8.232s | update: 0.255s | total: 8.487s | samples/s: 7541
Iteration 0439 | train reward: 55.77 | best: 55.90 | KL: 2.134e-05 | std: 0.5651 | rollout: 7.337s | update: 0.256s | total: 7.594s | samples/s: 8428
Iteration 0440 | train reward: 50.98 | best: 55.90 | KL: 2.012e-05 | std: 0.5651 | rollout: 6.246s | update: 0.294s | total: 6.540s | samples/s: 9786
Iteration 0441 | train reward: 56.29 | best: 56.29 | KL: 1.695e-05 | std: 0.5651 | rollout: 8.623s | update: 0.255s | total: 8.878s | samples/s: 7209
Iteration 0442 | train reward: 56.07 | best: 56.29 | KL: 2.153e-05 | std: 0.5649 | rollout: 7.440s | update: 0.299s | total: 7.740s | samples/s: 8269
Iteration 0443 | train reward: 39.16 | best: 56.29 | KL: 1.884e-05 | std: 0.5649 | rollout: 8.106s | update: 0.283s | total: 8.389s | samples/s: 7629
Iteration 0444 | train reward: 42.52 | best: 56.29 | KL: 1.566e-05 | std: 0.5645 | rollout: 8.437s | update: 0.315s | total: 8.752s | samples/s: 7313
Iteration 0445 | train reward: 42.62 | best: 56.29 | KL: 1.716e-05 | std: 0.5645 | rollout: 7.865s | update: 0.312s | total: 8.177s | samples/s: 7827
Iteration 0446 | train reward: 48.65 | best: 56.29 | KL: 1.967e-05 | std: 0.5643 | rollout: 9.110s | update: 0.313s | total: 9.423s | samples/s: 6792
Iteration 0447 | train reward: 54.60 | best: 56.29 | KL: 2.254e-05 | std: 0.5633 | rollout: 9.041s | update: 0.260s | total: 9.302s | samples/s: 6880
Iteration 0448 | train reward: 52.00 | best: 56.29 | KL: 1.916e-05 | std: 0.5633 | rollout: 6.021s | update: 0.322s | total: 6.343s | samples/s: 10090
Iteration 0449 | train reward: 48.37 | best: 56.29 | KL: 1.710e-05 | std: 0.5643 | rollout: 8.955s | update: 0.293s | total: 9.248s | samples/s: 6921
Iteration 0450 | train reward: 55.07 | best: 56.29 | KL: 2.071e-05 | std: 0.5633 | rollout: 8.531s | update: 0.350s | total: 8.880s | samples/s: 7207
Iteration 0451 | train reward: 57.48 | best: 57.48 | KL: 1.596e-05 | std: 0.5633 | rollout: 7.924s | update: 0.344s | total: 8.267s | samples/s: 7741
Iteration 0452 | train reward: 52.37 | best: 57.48 | KL: 1.908e-05 | std: 0.5632 | rollout: 9.298s | update: 0.299s | total: 9.597s | samples/s: 6669
Iteration 0453 | train reward: 51.05 | best: 57.48 | KL: 1.864e-05 | std: 0.5631 | rollout: 9.348s | update: 0.256s | total: 9.604s | samples/s: 6664
Iteration 0454 | train reward: 56.58 | best: 57.48 | KL: 2.012e-05 | std: 0.5631 | rollout: 8.421s | update: 0.354s | total: 8.775s | samples/s: 7294
Iteration 0455 | train reward: 56.27 | best: 57.48 | KL: 2.107e-05 | std: 0.5631 | rollout: 8.173s | update: 0.375s | total: 8.548s | samples/s: 7487
Iteration 0456 | train reward: 57.51 | best: 57.51 | KL: 1.858e-05 | std: 0.5627 | rollout: 7.106s | update: 0.260s | total: 7.367s | samples/s: 8688
Iteration 0457 | train reward: 47.67 | best: 57.51 | KL: 2.025e-05 | std: 0.5627 | rollout: 5.729s | update: 0.264s | total: 5.993s | samples/s: 10680
Iteration 0458 | train reward: 49.43 | best: 57.51 | KL: 2.132e-05 | std: 0.5627 | rollout: 6.512s | update: 0.271s | total: 6.783s | samples/s: 9435
Iteration 0459 | train reward: 59.06 | best: 59.06 | KL: 2.102e-05 | std: 0.5627 | rollout: 10.153s | update: 0.325s | total: 10.478s | samples/s: 6108
Iteration 0460 | train reward: 58.44 | best: 59.06 | KL: 2.076e-05 | std: 0.5625 | rollout: 9.337s | update: 0.298s | total: 9.635s | samples/s: 6643
Iteration 0461 | train reward: 62.32 | best: 62.32 | KL: 2.308e-05 | std: 0.5625 | rollout: 7.464s | update: 0.329s | total: 7.793s | samples/s: 8212
Iteration 0462 | train reward: 59.30 | best: 62.32 | KL: 2.541e-05 | std: 0.5625 | rollout: 8.121s | update: 0.300s | total: 8.421s | samples/s: 7600
Iteration 0463 | train reward: 59.07 | best: 62.32 | KL: 2.711e-05 | std: 0.5625 | rollout: 8.441s | update: 0.267s | total: 8.707s | samples/s: 7350
Iteration 0464 | train reward: 56.82 | best: 62.32 | KL: 2.945e-05 | std: 0.5625 | rollout: 8.344s | update: 0.297s | total: 8.641s | samples/s: 7407
Iteration 0465 | train reward: 36.06 | best: 62.32 | KL: 2.001e-05 | std: 0.5625 | rollout: 8.150s | update: 0.272s | total: 8.422s | samples/s: 7599
Iteration 0466 | train reward: 67.72 | best: 67.72 | KL: 2.310e-05 | std: 0.5623 | rollout: 7.230s | update: 0.322s | total: 7.552s | samples/s: 8474
Iteration 0467 | train reward: 51.13 | best: 67.72 | KL: 2.648e-05 | std: 0.5623 | rollout: 8.625s | update: 0.276s | total: 8.901s | samples/s: 7190
Iteration 0468 | train reward: 65.66 | best: 67.72 | KL: 2.190e-05 | std: 0.5619 | rollout: 7.510s | update: 0.346s | total: 7.856s | samples/s: 8147
Iteration 0469 | train reward: 45.91 | best: 67.72 | KL: 1.669e-05 | std: 0.5619 | rollout: 7.702s | update: 0.260s | total: 7.961s | samples/s: 8039
Iteration 0470 | train reward: 56.13 | best: 67.72 | KL: 1.661e-05 | std: 0.5618 | rollout: 9.595s | update: 0.366s | total: 9.960s | samples/s: 6426
Iteration 0471 | train reward: 63.69 | best: 67.72 | KL: 2.055e-05 | std: 0.5617 | rollout: 9.196s | update: 0.299s | total: 9.495s | samples/s: 6740
Iteration 0472 | train reward: 62.74 | best: 67.72 | KL: 2.077e-05 | std: 0.5607 | rollout: 7.474s | update: 0.272s | total: 7.746s | samples/s: 8262
Iteration 0473 | train reward: 56.27 | best: 67.72 | KL: 2.151e-05 | std: 0.5606 | rollout: 6.559s | update: 0.348s | total: 6.907s | samples/s: 9266
Iteration 0474 | train reward: 59.30 | best: 67.72 | KL: 2.129e-05 | std: 0.5606 | rollout: 7.635s | update: 0.372s | total: 8.006s | samples/s: 7994
Iteration 0475 | train reward: 70.03 | best: 70.03 | KL: 2.194e-05 | std: 0.5606 | rollout: 8.149s | update: 0.326s | total: 8.475s | samples/s: 7552
Iteration 0476 | train reward: 66.62 | best: 70.03 | KL: 1.903e-05 | std: 0.5605 | rollout: 8.762s | update: 0.286s | total: 9.048s | samples/s: 7073
Iteration 0477 | train reward: 89.86 | best: 89.86 | KL: 2.588e-05 | std: 0.5605 | rollout: 8.070s | update: 0.361s | total: 8.431s | samples/s: 7591
Iteration 0478 | train reward: 75.62 | best: 89.86 | KL: 2.189e-05 | std: 0.5601 | rollout: 7.432s | update: 0.306s | total: 7.738s | samples/s: 8271
Iteration 0479 | train reward: 66.28 | best: 89.86 | KL: 2.296e-05 | std: 0.5601 | rollout: 9.481s | update: 0.360s | total: 9.842s | samples/s: 6503
Iteration 0480 | train reward: 68.60 | best: 89.86 | KL: 2.694e-05 | std: 0.5599 | rollout: 9.141s | update: 0.325s | total: 9.466s | samples/s: 6761
Iteration 0481 | train reward: 69.24 | best: 89.86 | KL: 2.728e-05 | std: 0.5599 | rollout: 8.769s | update: 0.267s | total: 9.036s | samples/s: 7083
Iteration 0482 | train reward: 61.50 | best: 89.86 | KL: 2.375e-05 | std: 0.5599 | rollout: 8.046s | update: 0.331s | total: 8.376s | samples/s: 7641
Iteration 0483 | train reward: 64.77 | best: 89.86 | KL: 1.973e-05 | std: 0.5599 | rollout: 9.675s | update: 0.262s | total: 9.937s | samples/s: 6441
Iteration 0484 | train reward: 72.78 | best: 89.86 | KL: 2.228e-05 | std: 0.5598 | rollout: 7.912s | update: 0.277s | total: 8.189s | samples/s: 7815
Iteration 0485 | train reward: 73.69 | best: 89.86 | KL: 2.108e-05 | std: 0.5597 | rollout: 8.211s | update: 0.257s | total: 8.468s | samples/s: 7558
Iteration 0486 | train reward: 62.10 | best: 89.86 | KL: 2.278e-05 | std: 0.5597 | rollout: 8.563s | update: 0.328s | total: 8.891s | samples/s: 7199
Iteration 0487 | train reward: 70.85 | best: 89.86 | KL: 2.115e-05 | std: 0.5593 | rollout: 8.823s | update: 0.329s | total: 9.151s | samples/s: 6993
Iteration 0488 | train reward: 78.06 | best: 89.86 | KL: 3.040e-05 | std: 0.5597 | rollout: 8.123s | update: 0.357s | total: 8.480s | samples/s: 7547
Iteration 0489 | train reward: 66.78 | best: 89.86 | KL: 2.022e-05 | std: 0.5593 | rollout: 7.904s | update: 0.286s | total: 8.190s | samples/s: 7815
Iteration 0490 | train reward: 72.92 | best: 89.86 | KL: 2.455e-05 | std: 0.5593 | rollout: 9.212s | update: 0.300s | total: 9.512s | samples/s: 6728
Iteration 0491 | train reward: 69.79 | best: 89.86 | KL: 1.897e-05 | std: 0.5591 | rollout: 7.705s | update: 0.264s | total: 7.969s | samples/s: 8031
Iteration 0492 | train reward: 63.11 | best: 89.86 | KL: 2.387e-05 | std: 0.5591 | rollout: 7.275s | update: 0.273s | total: 7.548s | samples/s: 8479
Iteration 0493 | train reward: 60.77 | best: 89.86 | KL: 2.147e-05 | std: 0.5591 | rollout: 8.733s | update: 0.258s | total: 8.991s | samples/s: 7118
Iteration 0494 | train reward: 65.08 | best: 89.86 | KL: 2.658e-05 | std: 0.5581 | rollout: 8.531s | update: 0.263s | total: 8.794s | samples/s: 7278
Iteration 0495 | train reward: 70.72 | best: 89.86 | KL: 2.168e-05 | std: 0.5581 | rollout: 8.947s | update: 0.255s | total: 9.201s | samples/s: 6956
Iteration 0496 | train reward: 86.91 | best: 89.86 | KL: 2.507e-05 | std: 0.5580 | rollout: 9.005s | update: 0.278s | total: 9.283s | samples/s: 6894
Iteration 0497 | train reward: 86.78 | best: 89.86 | KL: 2.397e-05 | std: 0.5580 | rollout: 8.212s | update: 0.330s | total: 8.542s | samples/s: 7493
Iteration 0498 | train reward: 81.81 | best: 89.86 | KL: 2.527e-05 | std: 0.5580 | rollout: 7.883s | update: 0.291s | total: 8.175s | samples/s: 7829
Iteration 0499 | train reward: 69.57 | best: 89.86 | KL: 2.656e-05 | std: 0.5580 | rollout: 6.804s | update: 0.330s | total: 7.134s | samples/s: 8971
Iteration 0500 | train reward: 79.20 | best: 89.86 | KL: 2.368e-05 | std: 0.5580 | rollout: 7.693s | update: 0.266s | total: 7.959s | samples/s: 8041
Iteration 0501 | train reward: 62.91 | best: 89.86 | KL: 2.690e-05 | std: 0.5579 | rollout: 7.490s | update: 0.286s | total: 7.776s | samples/s: 8231
Iteration 0502 | train reward: 85.45 | best: 89.86 | KL: 2.638e-05 | std: 0.5579 | rollout: 8.377s | update: 0.317s | total: 8.694s | samples/s: 7361
Iteration 0503 | train reward: 78.06 | best: 89.86 | KL: 2.575e-05 | std: 0.5575 | rollout: 8.607s | update: 0.324s | total: 8.931s | samples/s: 7166
Iteration 0504 | train reward: 80.89 | best: 89.86 | KL: 2.756e-05 | std: 0.5574 | rollout: 7.524s | update: 0.287s | total: 7.811s | samples/s: 8193
Iteration 0505 | train reward: 68.69 | best: 89.86 | KL: 2.400e-05 | std: 0.5573 | rollout: 7.753s | update: 0.287s | total: 8.039s | samples/s: 7961
Iteration 0506 | train reward: 84.64 | best: 89.86 | KL: 3.034e-05 | std: 0.5573 | rollout: 8.937s | update: 0.268s | total: 9.205s | samples/s: 6953
Iteration 0507 | train reward: 76.92 | best: 89.86 | KL: 2.901e-05 | std: 0.5572 | rollout: 8.254s | update: 0.273s | total: 8.527s | samples/s: 7505
Iteration 0508 | train reward: 83.34 | best: 89.86 | KL: 2.954e-05 | std: 0.5571 | rollout: 7.889s | update: 0.368s | total: 8.257s | samples/s: 7751
Iteration 0509 | train reward: 73.86 | best: 89.86 | KL: 2.808e-05 | std: 0.5571 | rollout: 8.013s | update: 0.302s | total: 8.315s | samples/s: 7697
Iteration 0510 | train reward: 91.47 | best: 91.47 | KL: 3.007e-05 | std: 0.5567 | rollout: 6.192s | update: 0.291s | total: 6.483s | samples/s: 9871
Iteration 0511 | train reward: 91.22 | best: 91.47 | KL: 2.712e-05 | std: 0.5566 | rollout: 7.553s | update: 0.344s | total: 7.898s | samples/s: 8104
Iteration 0512 | train reward: 96.95 | best: 96.95 | KL: 2.027e-05 | std: 0.5566 | rollout: 9.190s | update: 0.281s | total: 9.471s | samples/s: 6758
Iteration 0513 | train reward: 86.04 | best: 96.95 | KL: 2.603e-05 | std: 0.5565 | rollout: 8.271s | update: 0.297s | total: 8.569s | samples/s: 7469
Iteration 0514 | train reward: 97.55 | best: 97.55 | KL: 2.991e-05 | std: 0.5565 | rollout: 8.451s | update: 0.330s | total: 8.781s | samples/s: 7288
Iteration 0515 | train reward: 92.09 | best: 97.55 | KL: 2.712e-05 | std: 0.5555 | rollout: 7.979s | update: 0.279s | total: 8.258s | samples/s: 7750
Iteration 0516 | train reward: 87.61 | best: 97.55 | KL: 2.102e-05 | std: 0.5554 | rollout: 8.592s | update: 0.279s | total: 8.871s | samples/s: 7215
Iteration 0517 | train reward: 79.63 | best: 97.55 | KL: 3.713e-05 | std: 0.5553 | rollout: 7.511s | update: 0.339s | total: 7.850s | samples/s: 8153
Iteration 0518 | train reward: 89.75 | best: 97.55 | KL: 2.799e-05 | std: 0.5549 | rollout: 8.660s | update: 0.309s | total: 8.969s | samples/s: 7136
Iteration 0519 | train reward: 78.62 | best: 97.55 | KL: 2.555e-05 | std: 0.5547 | rollout: 8.622s | update: 0.276s | total: 8.899s | samples/s: 7192
Iteration 0520 | train reward: 71.80 | best: 97.55 | KL: 2.371e-05 | std: 0.5547 | rollout: 7.643s | update: 0.288s | total: 7.931s | samples/s: 8070
Iteration 0521 | train reward: 90.78 | best: 97.55 | KL: 3.529e-05 | std: 0.5547 | rollout: 8.310s | update: 0.316s | total: 8.626s | samples/s: 7420
Iteration 0522 | train reward: 100.00 | best: 100.00 | KL: 2.504e-05 | std: 0.5547 | rollout: 7.139s | update: 0.300s | total: 7.439s | samples/s: 8604
Iteration 0523 | train reward: 83.46 | best: 100.00 | KL: 3.477e-05 | std: 0.5547 | rollout: 7.778s | update: 0.263s | total: 8.041s | samples/s: 7959
Iteration 0524 | train reward: 76.76 | best: 100.00 | KL: 3.166e-05 | std: 0.5547 | rollout: 7.862s | update: 0.315s | total: 8.177s | samples/s: 7827
Iteration 0525 | train reward: 97.40 | best: 100.00 | KL: 3.028e-05 | std: 0.5545 | rollout: 8.201s | update: 0.268s | total: 8.469s | samples/s: 7557
Iteration 0526 | train reward: 102.08 | best: 102.08 | KL: 3.291e-05 | std: 0.5545 | rollout: 9.981s | update: 0.264s | total: 10.245s | samples/s: 6247
Iteration 0527 | train reward: 106.56 | best: 106.56 | KL: 2.572e-05 | std: 0.5545 | rollout: 8.643s | update: 0.344s | total: 8.987s | samples/s: 7121
Iteration 0528 | train reward: 101.36 | best: 106.56 | KL: 2.320e-05 | std: 0.5540 | rollout: 7.912s | update: 0.293s | total: 8.205s | samples/s: 7800
Iteration 0529 | train reward: 92.17 | best: 106.56 | KL: 2.849e-05 | std: 0.5539 | rollout: 9.426s | update: 0.257s | total: 9.683s | samples/s: 6610
Iteration 0530 | train reward: 99.05 | best: 106.56 | KL: 3.557e-05 | std: 0.5529 | rollout: 9.071s | update: 0.346s | total: 9.417s | samples/s: 6796
Iteration 0531 | train reward: 101.33 | best: 106.56 | KL: 3.431e-05 | std: 0.5529 | rollout: 8.679s | update: 0.335s | total: 9.014s | samples/s: 7100
Iteration 0532 | train reward: 102.74 | best: 106.56 | KL: 3.026e-05 | std: 0.5527 | rollout: 7.063s | update: 0.345s | total: 7.408s | samples/s: 8639
Iteration 0533 | train reward: 93.69 | best: 106.56 | KL: 2.980e-05 | std: 0.5527 | rollout: 7.502s | update: 0.298s | total: 7.801s | samples/s: 8204
Iteration 0534 | train reward: 97.93 | best: 106.56 | KL: 3.621e-05 | std: 0.5523 | rollout: 9.127s | update: 0.317s | total: 9.444s | samples/s: 6777
Iteration 0535 | train reward: 110.76 | best: 110.76 | KL: 2.860e-05 | std: 0.5523 | rollout: 8.477s | update: 0.308s | total: 8.785s | samples/s: 7286
Iteration 0536 | train reward: 100.60 | best: 110.76 | KL: 2.529e-05 | std: 0.5522 | rollout: 8.437s | update: 0.289s | total: 8.727s | samples/s: 7334
Iteration 0537 | train reward: 112.44 | best: 112.44 | KL: 3.661e-05 | std: 0.5522 | rollout: 7.824s | update: 0.322s | total: 8.146s | samples/s: 7857
Iteration 0538 | train reward: 101.98 | best: 112.44 | KL: 3.294e-05 | std: 0.5521 | rollout: 7.785s | update: 0.258s | total: 8.042s | samples/s: 7958
Iteration 0539 | train reward: 98.54 | best: 112.44 | KL: 3.138e-05 | std: 0.5521 | rollout: 9.003s | update: 0.278s | total: 9.281s | samples/s: 6895
Iteration 0540 | train reward: 110.20 | best: 112.44 | KL: 3.039e-05 | std: 0.5520 | rollout: 8.601s | update: 0.342s | total: 8.943s | samples/s: 7156
Iteration 0541 | train reward: 113.23 | best: 113.23 | KL: 3.000e-05 | std: 0.5519 | rollout: 8.907s | update: 0.312s | total: 9.219s | samples/s: 6942
Iteration 0542 | train reward: 92.83 | best: 113.23 | KL: 2.983e-05 | std: 0.5519 | rollout: 7.892s | update: 0.286s | total: 8.178s | samples/s: 7825
Iteration 0543 | train reward: 113.04 | best: 113.23 | KL: 3.305e-05 | std: 0.5515 | rollout: 7.831s | update: 0.279s | total: 8.110s | samples/s: 7891
Iteration 0544 | train reward: 111.00 | best: 113.23 | KL: 2.780e-05 | std: 0.5514 | rollout: 7.899s | update: 0.327s | total: 8.226s | samples/s: 7781
Iteration 0545 | train reward: 115.47 | best: 115.47 | KL: 3.222e-05 | std: 0.5513 | rollout: 7.692s | update: 0.256s | total: 7.948s | samples/s: 8052
Iteration 0546 | train reward: 107.13 | best: 115.47 | KL: 2.925e-05 | std: 0.5503 | rollout: 7.456s | update: 0.293s | total: 7.750s | samples/s: 8258
Iteration 0547 | train reward: 110.30 | best: 115.47 | KL: 3.803e-05 | std: 0.5503 | rollout: 8.777s | update: 0.257s | total: 9.034s | samples/s: 7084
Iteration 0548 | train reward: 108.41 | best: 115.47 | KL: 3.074e-05 | std: 0.5503 | rollout: 7.761s | update: 0.289s | total: 8.049s | samples/s: 7951
Iteration 0549 | train reward: 105.87 | best: 115.47 | KL: 4.433e-05 | std: 0.5501 | rollout: 9.523s | update: 0.270s | total: 9.793s | samples/s: 6535
Iteration 0550 | train reward: 116.17 | best: 116.17 | KL: 3.016e-05 | std: 0.5501 | rollout: 8.243s | update: 0.371s | total: 8.614s | samples/s: 7430
Iteration 0551 | train reward: 94.03 | best: 116.17 | KL: 3.484e-05 | std: 0.5497 | rollout: 8.279s | update: 0.312s | total: 8.591s | samples/s: 7450
Iteration 0552 | train reward: 101.05 | best: 116.17 | KL: 2.375e-05 | std: 0.5496 | rollout: 9.003s | update: 0.316s | total: 9.318s | samples/s: 6868
Iteration 0553 | train reward: 131.70 | best: 131.70 | KL: 2.769e-05 | std: 0.5495 | rollout: 8.510s | update: 0.302s | total: 8.812s | samples/s: 7263
Iteration 0554 | train reward: 105.30 | best: 131.70 | KL: 3.647e-05 | std: 0.5495 | rollout: 8.399s | update: 0.341s | total: 8.740s | samples/s: 7323
Iteration 0555 | train reward: 123.30 | best: 131.70 | KL: 2.766e-05 | std: 0.5495 | rollout: 8.250s | update: 0.316s | total: 8.566s | samples/s: 7471
Iteration 0556 | train reward: 111.39 | best: 131.70 | KL: 3.250e-05 | std: 0.5495 | rollout: 8.371s | update: 0.305s | total: 8.676s | samples/s: 7377
Iteration 0557 | train reward: 113.71 | best: 131.70 | KL: 3.475e-05 | std: 0.5494 | rollout: 7.784s | update: 0.310s | total: 8.094s | samples/s: 7907
Iteration 0558 | train reward: 123.54 | best: 131.70 | KL: 3.105e-05 | std: 0.5493 | rollout: 7.840s | update: 0.306s | total: 8.146s | samples/s: 7857
Iteration 0559 | train reward: 125.37 | best: 131.70 | KL: 3.515e-05 | std: 0.5488 | rollout: 8.412s | update: 0.260s | total: 8.672s | samples/s: 7380
Iteration 0560 | train reward: 107.85 | best: 131.70 | KL: 2.920e-05 | std: 0.5487 | rollout: 7.637s | update: 0.255s | total: 7.893s | samples/s: 8109
Iteration 0561 | train reward: 118.99 | best: 131.70 | KL: 3.745e-05 | std: 0.5487 | rollout: 6.783s | update: 0.382s | total: 7.165s | samples/s: 8932
Iteration 0562 | train reward: 128.94 | best: 131.70 | KL: 2.983e-05 | std: 0.5487 | rollout: 7.885s | update: 0.314s | total: 8.199s | samples/s: 7806
Iteration 0563 | train reward: 105.84 | best: 131.70 | KL: 4.229e-05 | std: 0.5477 | rollout: 9.368s | update: 0.335s | total: 9.703s | samples/s: 6596
Iteration 0564 | train reward: 126.14 | best: 131.70 | KL: 3.982e-05 | std: 0.5477 | rollout: 8.747s | update: 0.288s | total: 9.035s | samples/s: 7084
Iteration 0565 | train reward: 124.65 | best: 131.70 | KL: 3.451e-05 | std: 0.5476 | rollout: 6.852s | update: 0.335s | total: 7.187s | samples/s: 8905
Iteration 0566 | train reward: 116.12 | best: 131.70 | KL: 2.789e-05 | std: 0.5475 | rollout: 7.234s | update: 0.369s | total: 7.603s | samples/s: 8418
Iteration 0567 | train reward: 121.25 | best: 131.70 | KL: 3.268e-05 | std: 0.5475 | rollout: 8.636s | update: 0.257s | total: 8.894s | samples/s: 7196
Iteration 0568 | train reward: 125.65 | best: 131.70 | KL: 2.724e-05 | std: 0.5475 | rollout: 8.323s | update: 0.311s | total: 8.634s | samples/s: 7413
Iteration 0569 | train reward: 115.79 | best: 131.70 | KL: 3.719e-05 | std: 0.5475 | rollout: 8.225s | update: 0.329s | total: 8.555s | samples/s: 7481
Iteration 0570 | train reward: 109.07 | best: 131.70 | KL: 4.255e-05 | std: 0.5470 | rollout: 7.337s | update: 0.296s | total: 7.633s | samples/s: 8384
Iteration 0571 | train reward: 112.01 | best: 131.70 | KL: 2.510e-05 | std: 0.5469 | rollout: 7.252s | update: 0.322s | total: 7.574s | samples/s: 8449
Iteration 0572 | train reward: 135.66 | best: 135.66 | KL: 2.658e-05 | std: 0.5469 | rollout: 7.648s | update: 0.264s | total: 7.911s | samples/s: 8090
Iteration 0573 | train reward: 115.49 | best: 135.66 | KL: 4.173e-05 | std: 0.5468 | rollout: 8.673s | update: 0.285s | total: 8.958s | samples/s: 7144
Iteration 0574 | train reward: 124.47 | best: 135.66 | KL: 4.123e-05 | std: 0.5468 | rollout: 9.013s | update: 0.345s | total: 9.358s | samples/s: 6839
Iteration 0575 | train reward: 112.55 | best: 135.66 | KL: 4.810e-05 | std: 0.5463 | rollout: 8.123s | update: 0.259s | total: 8.382s | samples/s: 7636
Iteration 0576 | train reward: 130.28 | best: 135.66 | KL: 3.912e-05 | std: 0.5463 | rollout: 7.665s | update: 0.295s | total: 7.960s | samples/s: 8040
Iteration 0577 | train reward: 117.72 | best: 135.66 | KL: 4.105e-05 | std: 0.5461 | rollout: 8.871s | update: 0.255s | total: 9.126s | samples/s: 7013
Iteration 0578 | train reward: 126.78 | best: 135.66 | KL: 3.031e-05 | std: 0.5461 | rollout: 8.671s | update: 0.329s | total: 8.999s | samples/s: 7112
Iteration 0579 | train reward: 123.62 | best: 135.66 | KL: 3.429e-05 | std: 0.5451 | rollout: 9.685s | update: 0.296s | total: 9.981s | samples/s: 6412
Iteration 0580 | train reward: 107.14 | best: 135.66 | KL: 3.358e-05 | std: 0.5449 | rollout: 7.466s | update: 0.320s | total: 7.786s | samples/s: 8220
Iteration 0581 | train reward: 136.57 | best: 136.57 | KL: 3.597e-05 | std: 0.5449 | rollout: 7.775s | update: 0.256s | total: 8.031s | samples/s: 7969
Iteration 0582 | train reward: 113.41 | best: 136.57 | KL: 3.391e-05 | std: 0.5449 | rollout: 8.762s | update: 0.273s | total: 9.035s | samples/s: 7083
Iteration 0583 | train reward: 151.68 | best: 151.68 | KL: 3.596e-05 | std: 0.5449 | rollout: 9.214s | update: 0.302s | total: 9.516s | samples/s: 6725
Iteration 0584 | train reward: 134.32 | best: 151.68 | KL: 4.312e-05 | std: 0.5445 | rollout: 8.155s | update: 0.266s | total: 8.420s | samples/s: 7601
Iteration 0585 | train reward: 156.84 | best: 156.84 | KL: 3.195e-05 | std: 0.5444 | rollout: 7.698s | update: 0.326s | total: 8.024s | samples/s: 7976
Iteration 0586 | train reward: 113.91 | best: 156.84 | KL: 3.289e-05 | std: 0.5443 | rollout: 7.766s | update: 0.276s | total: 8.042s | samples/s: 7959
Iteration 0587 | train reward: 122.14 | best: 156.84 | KL: 4.295e-05 | std: 0.5443 | rollout: 10.056s | update: 0.261s | total: 10.317s | samples/s: 6203
Iteration 0588 | train reward: 135.63 | best: 156.84 | KL: 3.742e-05 | std: 0.5441 | rollout: 7.424s | update: 0.321s | total: 7.745s | samples/s: 8264
Iteration 0589 | train reward: 122.70 | best: 156.84 | KL: 3.093e-05 | std: 0.5437 | rollout: 7.348s | update: 0.259s | total: 7.607s | samples/s: 8413
Iteration 0590 | train reward: 143.65 | best: 156.84 | KL: 4.766e-05 | std: 0.5436 | rollout: 7.730s | update: 0.261s | total: 7.991s | samples/s: 8009
Iteration 0591 | train reward: 136.34 | best: 156.84 | KL: 3.564e-05 | std: 0.5436 | rollout: 7.536s | update: 0.341s | total: 7.877s | samples/s: 8125
Iteration 0592 | train reward: 136.35 | best: 156.84 | KL: 3.581e-05 | std: 0.5435 | rollout: 7.319s | update: 0.342s | total: 7.660s | samples/s: 8355
Iteration 0593 | train reward: 141.78 | best: 156.84 | KL: 4.033e-05 | std: 0.5435 | rollout: 7.638s | update: 0.299s | total: 7.937s | samples/s: 8064
Iteration 0594 | train reward: 152.37 | best: 156.84 | KL: 4.804e-05 | std: 0.5425 | rollout: 7.684s | update: 0.305s | total: 7.990s | samples/s: 8010
Iteration 0595 | train reward: 148.74 | best: 156.84 | KL: 3.512e-05 | std: 0.5424 | rollout: 7.536s | update: 0.290s | total: 7.825s | samples/s: 8179
Iteration 0596 | train reward: 145.79 | best: 156.84 | KL: 4.324e-05 | std: 0.5423 | rollout: 8.946s | update: 0.280s | total: 9.226s | samples/s: 6937
Iteration 0597 | train reward: 142.99 | best: 156.84 | KL: 4.363e-05 | std: 0.5423 | rollout: 8.443s | update: 0.276s | total: 8.718s | samples/s: 7341
Iteration 0598 | train reward: 138.07 | best: 156.84 | KL: 3.848e-05 | std: 0.5418 | rollout: 6.515s | update: 0.336s | total: 6.851s | samples/s: 9342
Iteration 0599 | train reward: 144.15 | best: 156.84 | KL: 5.205e-05 | std: 0.5417 | rollout: 8.767s | update: 0.295s | total: 9.062s | samples/s: 7062
Iteration 0600 | train reward: 143.90 | best: 156.84 | KL: 3.084e-05 | std: 0.5417 | rollout: 8.914s | update: 0.286s | total: 9.200s | samples/s: 6957
Iteration 0601 | train reward: 141.45 | best: 156.84 | KL: 3.944e-05 | std: 0.5417 | rollout: 7.689s | update: 0.283s | total: 7.972s | samples/s: 8028
Iteration 0602 | train reward: 147.76 | best: 156.84 | KL: 4.308e-05 | std: 0.5417 | rollout: 7.310s | update: 0.295s | total: 7.605s | samples/s: 8415
Iteration 0603 | train reward: 149.70 | best: 156.84 | KL: 4.196e-05 | std: 0.5416 | rollout: 7.588s | update: 0.337s | total: 7.925s | samples/s: 8076
Iteration 0604 | train reward: 140.60 | best: 156.84 | KL: 4.057e-05 | std: 0.5415 | rollout: 7.932s | update: 0.326s | total: 8.258s | samples/s: 7750
Iteration 0605 | train reward: 150.89 | best: 156.84 | KL: 2.943e-05 | std: 0.5410 | rollout: 8.207s | update: 0.330s | total: 8.537s | samples/s: 7497
Iteration 0606 | train reward: 149.34 | best: 156.84 | KL: 4.210e-05 | std: 0.5409 | rollout: 8.121s | update: 0.257s | total: 8.378s | samples/s: 7639
Iteration 0607 | train reward: 147.39 | best: 156.84 | KL: 4.318e-05 | std: 0.5409 | rollout: 8.685s | update: 0.333s | total: 9.017s | samples/s: 7097
Iteration 0608 | train reward: 150.60 | best: 156.84 | KL: 3.776e-05 | std: 0.5409 | rollout: 9.141s | update: 0.270s | total: 9.411s | samples/s: 6801
Iteration 0609 | train reward: 149.94 | best: 156.84 | KL: 3.965e-05 | std: 0.5409 | rollout: 7.972s | update: 0.331s | total: 8.304s | samples/s: 7708
Iteration 0610 | train reward: 158.27 | best: 158.27 | KL: 4.837e-05 | std: 0.5399 | rollout: 8.480s | update: 0.312s | total: 8.792s | samples/s: 7280
Iteration 0611 | train reward: 150.68 | best: 158.27 | KL: 4.163e-05 | std: 0.5397 | rollout: 9.397s | update: 0.328s | total: 9.725s | samples/s: 6581
Iteration 0612 | train reward: 160.76 | best: 160.76 | KL: 5.280e-05 | std: 0.5397 | rollout: 9.220s | update: 0.303s | total: 9.523s | samples/s: 6721
Iteration 0613 | train reward: 148.90 | best: 160.76 | KL: 4.466e-05 | std: 0.5393 | rollout: 8.845s | update: 0.316s | total: 9.161s | samples/s: 6986
Iteration 0614 | train reward: 171.50 | best: 171.50 | KL: 3.565e-05 | std: 0.5393 | rollout: 7.865s | update: 0.305s | total: 8.170s | samples/s: 7834
Iteration 0615 | train reward: 162.13 | best: 171.50 | KL: 4.081e-05 | std: 0.5393 | rollout: 7.176s | update: 0.289s | total: 7.465s | samples/s: 8573
Iteration 0616 | train reward: 169.50 | best: 171.50 | KL: 3.603e-05 | std: 0.5391 | rollout: 8.170s | update: 0.265s | total: 8.435s | samples/s: 7587
Iteration 0617 | train reward: 151.14 | best: 171.50 | KL: 4.899e-05 | std: 0.5391 | rollout: 7.979s | update: 0.310s | total: 8.289s | samples/s: 7721
Iteration 0618 | train reward: 151.07 | best: 171.50 | KL: 4.374e-05 | std: 0.5391 | rollout: 8.486s | update: 0.253s | total: 8.739s | samples/s: 7324
Iteration 0619 | train reward: 172.06 | best: 172.06 | KL: 3.214e-05 | std: 0.5391 | rollout: 8.464s | update: 0.282s | total: 8.746s | samples/s: 7318
Iteration 0620 | train reward: 166.47 | best: 172.06 | KL: 4.393e-05 | std: 0.5391 | rollout: 9.375s | update: 0.353s | total: 9.728s | samples/s: 6579
Iteration 0621 | train reward: 168.59 | best: 172.06 | KL: 5.093e-05 | std: 0.5391 | rollout: 8.591s | update: 0.305s | total: 8.896s | samples/s: 7194
Iteration 0622 | train reward: 154.99 | best: 172.06 | KL: 3.985e-05 | std: 0.5391 | rollout: 8.832s | update: 0.292s | total: 9.124s | samples/s: 7014
Iteration 0623 | train reward: 164.40 | best: 172.06 | KL: 4.960e-05 | std: 0.5390 | rollout: 8.492s | update: 0.319s | total: 8.810s | samples/s: 7264
Iteration 0624 | train reward: 140.19 | best: 172.06 | KL: 5.573e-05 | std: 0.5389 | rollout: 8.972s | update: 0.324s | total: 9.296s | samples/s: 6885
Iteration 0625 | train reward: 166.65 | best: 172.06 | KL: 5.337e-05 | std: 0.5389 | rollout: 8.852s | update: 0.323s | total: 9.175s | samples/s: 6976
Iteration 0626 | train reward: 175.96 | best: 175.96 | KL: 4.344e-05 | std: 0.5389 | rollout: 8.952s | update: 0.305s | total: 9.256s | samples/s: 6914
Iteration 0627 | train reward: 148.88 | best: 175.96 | KL: 5.062e-05 | std: 0.5384 | rollout: 8.088s | update: 0.363s | total: 8.452s | samples/s: 7572
Iteration 0628 | train reward: 153.60 | best: 175.96 | KL: 4.474e-05 | std: 0.5384 | rollout: 6.039s | update: 0.266s | total: 6.305s | samples/s: 10150
Iteration 0629 | train reward: 164.22 | best: 175.96 | KL: 5.209e-05 | std: 0.5373 | rollout: 5.897s | update: 0.317s | total: 6.214s | samples/s: 10299
Iteration 0630 | train reward: 166.04 | best: 175.96 | KL: 6.426e-05 | std: 0.5373 | rollout: 6.588s | update: 0.296s | total: 6.884s | samples/s: 9297
Iteration 0631 | train reward: 180.99 | best: 180.99 | KL: 3.261e-05 | std: 0.5372 | rollout: 8.651s | update: 0.286s | total: 8.937s | samples/s: 7161
Iteration 0632 | train reward: 150.67 | best: 180.99 | KL: 4.017e-05 | std: 0.5371 | rollout: 8.822s | update: 0.313s | total: 9.136s | samples/s: 7006
Iteration 0633 | train reward: 164.23 | best: 180.99 | KL: 4.272e-05 | std: 0.5371 | rollout: 9.062s | update: 0.314s | total: 9.376s | samples/s: 6826
Iteration 0634 | train reward: 182.34 | best: 182.34 | KL: 4.942e-05 | std: 0.5367 | rollout: 8.267s | update: 0.308s | total: 8.575s | samples/s: 7464
Iteration 0635 | train reward: 164.53 | best: 182.34 | KL: 6.221e-05 | std: 0.5367 | rollout: 7.281s | update: 0.258s | total: 7.539s | samples/s: 8490
Iteration 0636 | train reward: 165.51 | best: 182.34 | KL: 4.071e-05 | std: 0.5366 | rollout: 7.914s | update: 0.299s | total: 8.213s | samples/s: 7792
Iteration 0637 | train reward: 187.66 | best: 187.66 | KL: 5.166e-05 | std: 0.5365 | rollout: 7.357s | update: 0.263s | total: 7.620s | samples/s: 8399
Iteration 0638 | train reward: 197.06 | best: 197.06 | KL: 4.349e-05 | std: 0.5365 | rollout: 8.323s | update: 0.343s | total: 8.665s | samples/s: 7386
Iteration 0639 | train reward: 178.32 | best: 197.06 | KL: 5.404e-05 | std: 0.5364 | rollout: 8.084s | update: 0.310s | total: 8.394s | samples/s: 7625
Iteration 0640 | train reward: 151.55 | best: 197.06 | KL: 4.520e-05 | std: 0.5363 | rollout: 8.026s | update: 0.398s | total: 8.425s | samples/s: 7597
Iteration 0641 | train reward: 178.49 | best: 197.06 | KL: 4.866e-05 | std: 0.5358 | rollout: 9.394s | update: 0.289s | total: 9.683s | samples/s: 6609
Iteration 0642 | train reward: 177.22 | best: 197.06 | KL: 4.502e-05 | std: 0.5357 | rollout: 9.547s | update: 0.292s | total: 9.839s | samples/s: 6505
Iteration 0643 | train reward: 189.78 | best: 197.06 | KL: 6.071e-05 | std: 0.5357 | rollout: 8.223s | update: 0.289s | total: 8.512s | samples/s: 7519
Iteration 0644 | train reward: 180.15 | best: 197.06 | KL: 4.365e-05 | std: 0.5347 | rollout: 9.744s | update: 0.305s | total: 10.049s | samples/s: 6369
Iteration 0645 | train reward: 184.99 | best: 197.06 | KL: 6.782e-05 | std: 0.5345 | rollout: 8.718s | update: 0.253s | total: 8.971s | samples/s: 7134
Iteration 0646 | train reward: 180.72 | best: 197.06 | KL: 4.211e-05 | std: 0.5345 | rollout: 8.749s | update: 0.301s | total: 9.050s | samples/s: 7072
Iteration 0647 | train reward: 173.85 | best: 197.06 | KL: 5.026e-05 | std: 0.5341 | rollout: 8.472s | update: 0.291s | total: 8.764s | samples/s: 7303
Iteration 0648 | train reward: 185.14 | best: 197.06 | KL: 5.406e-05 | std: 0.5340 | rollout: 8.131s | update: 0.360s | total: 8.491s | samples/s: 7537
Iteration 0649 | train reward: 182.17 | best: 197.06 | KL: 5.091e-05 | std: 0.5339 | rollout: 8.919s | update: 0.305s | total: 9.224s | samples/s: 6938
Iteration 0650 | train reward: 178.23 | best: 197.06 | KL: 4.198e-05 | std: 0.5339 | rollout: 8.729s | update: 0.370s | total: 9.099s | samples/s: 7034
Iteration 0651 | train reward: 180.90 | best: 197.06 | KL: 3.676e-05 | std: 0.5339 | rollout: 8.298s | update: 0.258s | total: 8.556s | samples/s: 7480
Iteration 0652 | train reward: 178.81 | best: 197.06 | KL: 4.983e-05 | std: 0.5340 | rollout: 9.048s | update: 0.255s | total: 9.303s | samples/s: 6880
Iteration 0653 | train reward: 202.71 | best: 202.71 | KL: 5.829e-05 | std: 0.5339 | rollout: 7.930s | update: 0.318s | total: 8.248s | samples/s: 7760
Iteration 0654 | train reward: 186.17 | best: 202.71 | KL: 4.907e-05 | std: 0.5339 | rollout: 9.089s | update: 0.292s | total: 9.381s | samples/s: 6822
Iteration 0655 | train reward: 194.70 | best: 202.71 | KL: 6.550e-05 | std: 0.5339 | rollout: 9.158s | update: 0.378s | total: 9.535s | samples/s: 6712
Iteration 0656 | train reward: 208.13 | best: 208.13 | KL: 7.392e-05 | std: 0.5338 | rollout: 7.793s | update: 0.294s | total: 8.087s | samples/s: 7914
Iteration 0657 | train reward: 199.18 | best: 208.13 | KL: 5.606e-05 | std: 0.5337 | rollout: 8.397s | update: 0.295s | total: 8.692s | samples/s: 7363
Iteration 0658 | train reward: 188.16 | best: 208.13 | KL: 5.402e-05 | std: 0.5337 | rollout: 7.242s | update: 0.284s | total: 7.526s | samples/s: 8504
Iteration 0659 | train reward: 194.36 | best: 208.13 | KL: 5.353e-05 | std: 0.5332 | rollout: 8.250s | update: 0.276s | total: 8.526s | samples/s: 7506
Iteration 0660 | train reward: 199.82 | best: 208.13 | KL: 6.045e-05 | std: 0.5332 | rollout: 9.335s | update: 0.287s | total: 9.622s | samples/s: 6651
Iteration 0661 | train reward: 196.11 | best: 208.13 | KL: 6.331e-05 | std: 0.5331 | rollout: 8.575s | update: 0.284s | total: 8.859s | samples/s: 7224
Iteration 0662 | train reward: 181.77 | best: 208.13 | KL: 5.985e-05 | std: 0.5331 | rollout: 9.581s | update: 0.325s | total: 9.906s | samples/s: 6460
Iteration 0663 | train reward: 197.13 | best: 208.13 | KL: 6.157e-05 | std: 0.5331 | rollout: 7.599s | update: 0.312s | total: 7.911s | samples/s: 8090
Iteration 0664 | train reward: 195.43 | best: 208.13 | KL: 7.540e-05 | std: 0.5330 | rollout: 8.459s | update: 0.280s | total: 8.739s | samples/s: 7324
Iteration 0665 | train reward: 214.22 | best: 214.22 | KL: 6.227e-05 | std: 0.5319 | rollout: 8.703s | update: 0.370s | total: 9.073s | samples/s: 7054
Iteration 0666 | train reward: 209.48 | best: 214.22 | KL: 4.402e-05 | std: 0.5319 | rollout: 7.512s | update: 0.323s | total: 7.835s | samples/s: 8169
Iteration 0667 | train reward: 208.82 | best: 214.22 | KL: 5.059e-05 | std: 0.5315 | rollout: 8.631s | update: 0.318s | total: 8.949s | samples/s: 7151
Iteration 0668 | train reward: 202.33 | best: 214.22 | KL: 5.146e-05 | std: 0.5319 | rollout: 8.453s | update: 0.297s | total: 8.750s | samples/s: 7314
Iteration 0669 | train reward: 193.05 | best: 214.22 | KL: 5.769e-05 | std: 0.5314 | rollout: 8.332s | update: 0.370s | total: 8.702s | samples/s: 7354
Iteration 0670 | train reward: 200.50 | best: 214.22 | KL: 5.664e-05 | std: 0.5319 | rollout: 7.448s | update: 0.342s | total: 7.790s | samples/s: 8216
Iteration 0671 | train reward: 212.95 | best: 214.22 | KL: 5.576e-05 | std: 0.5314 | rollout: 7.694s | update: 0.265s | total: 7.960s | samples/s: 8041
Iteration 0672 | train reward: 204.95 | best: 214.22 | KL: 5.233e-05 | std: 0.5314 | rollout: 9.009s | update: 0.284s | total: 9.293s | samples/s: 6887
Iteration 0673 | train reward: 210.64 | best: 214.22 | KL: 4.156e-05 | std: 0.5313 | rollout: 9.342s | update: 0.326s | total: 9.667s | samples/s: 6620
Iteration 0674 | train reward: 194.72 | best: 214.22 | KL: 5.803e-05 | std: 0.5313 | rollout: 8.712s | update: 0.315s | total: 9.027s | samples/s: 7090
Iteration 0675 | train reward: 208.29 | best: 214.22 | KL: 5.687e-05 | std: 0.5313 | rollout: 8.813s | update: 0.338s | total: 9.152s | samples/s: 6993
Iteration 0676 | train reward: 201.69 | best: 214.22 | KL: 5.929e-05 | std: 0.5313 | rollout: 8.679s | update: 0.256s | total: 8.935s | samples/s: 7163
Iteration 0677 | train reward: 217.66 | best: 217.66 | KL: 5.755e-05 | std: 0.5313 | rollout: 8.589s | update: 0.254s | total: 8.843s | samples/s: 7238
Iteration 0678 | train reward: 227.02 | best: 227.02 | KL: 7.721e-05 | std: 0.5313 | rollout: 7.386s | update: 0.257s | total: 7.643s | samples/s: 8374
Iteration 0679 | train reward: 201.97 | best: 227.02 | KL: 6.152e-05 | std: 0.5312 | rollout: 8.229s | update: 0.363s | total: 8.592s | samples/s: 7449
Iteration 0680 | train reward: 210.84 | best: 227.02 | KL: 4.332e-05 | std: 0.5312 | rollout: 7.788s | update: 0.263s | total: 8.051s | samples/s: 7949
Iteration 0681 | train reward: 211.13 | best: 227.02 | KL: 5.054e-05 | std: 0.5311 | rollout: 8.692s | update: 0.270s | total: 8.962s | samples/s: 7141
Iteration 0682 | train reward: 231.26 | best: 231.26 | KL: 4.310e-05 | std: 0.5311 | rollout: 9.067s | update: 0.255s | total: 9.321s | samples/s: 6866
Iteration 0683 | train reward: 211.78 | best: 231.26 | KL: 6.295e-05 | std: 0.5310 | rollout: 8.581s | update: 0.304s | total: 8.885s | samples/s: 7203
Iteration 0684 | train reward: 207.39 | best: 231.26 | KL: 5.530e-05 | std: 0.5311 | rollout: 8.623s | update: 0.324s | total: 8.947s | samples/s: 7153
Iteration 0685 | train reward: 226.15 | best: 231.26 | KL: 5.533e-05 | std: 0.5306 | rollout: 7.727s | update: 0.297s | total: 8.024s | samples/s: 7976
Iteration 0686 | train reward: 232.09 | best: 232.09 | KL: 5.883e-05 | std: 0.5306 | rollout: 8.660s | update: 0.309s | total: 8.969s | samples/s: 7136
Iteration 0687 | train reward: 226.20 | best: 232.09 | KL: 5.886e-05 | std: 0.5305 | rollout: 8.138s | update: 0.285s | total: 8.423s | samples/s: 7598
Iteration 0688 | train reward: 220.50 | best: 232.09 | KL: 5.108e-05 | std: 0.5295 | rollout: 8.778s | update: 0.307s | total: 9.085s | samples/s: 7044
Iteration 0689 | train reward: 206.57 | best: 232.09 | KL: 6.075e-05 | std: 0.5295 | rollout: 8.587s | update: 0.331s | total: 8.919s | samples/s: 7176
Iteration 0690 | train reward: 223.38 | best: 232.09 | KL: 7.761e-05 | std: 0.5293 | rollout: 8.768s | update: 0.253s | total: 9.021s | samples/s: 7095
Iteration 0691 | train reward: 231.10 | best: 232.09 | KL: 6.738e-05 | std: 0.5293 | rollout: 8.419s | update: 0.254s | total: 8.673s | samples/s: 7379
Iteration 0692 | train reward: 209.53 | best: 232.09 | KL: 6.399e-05 | std: 0.5293 | rollout: 7.531s | update: 0.295s | total: 7.826s | samples/s: 8178
Iteration 0693 | train reward: 214.78 | best: 232.09 | KL: 6.213e-05 | std: 0.5287 | rollout: 7.227s | update: 0.261s | total: 7.488s | samples/s: 8547
Iteration 0694 | train reward: 226.93 | best: 232.09 | KL: 5.841e-05 | std: 0.5286 | rollout: 8.432s | update: 0.362s | total: 8.794s | samples/s: 7278
Iteration 0695 | train reward: 240.16 | best: 240.16 | KL: 6.606e-05 | std: 0.5286 | rollout: 7.867s | update: 0.304s | total: 8.170s | samples/s: 7833
Iteration 0696 | train reward: 239.53 | best: 240.16 | KL: 6.297e-05 | std: 0.5286 | rollout: 9.281s | update: 0.279s | total: 9.560s | samples/s: 6695
Iteration 0697 | train reward: 223.12 | best: 240.16 | KL: 6.024e-05 | std: 0.5284 | rollout: 8.679s | update: 0.292s | total: 8.971s | samples/s: 7134
Iteration 0698 | train reward: 232.59 | best: 240.16 | KL: 5.590e-05 | std: 0.5284 | rollout: 7.737s | update: 0.312s | total: 8.049s | samples/s: 7951
Iteration 0699 | train reward: 238.87 | best: 240.16 | KL: 6.066e-05 | std: 0.5280 | rollout: 7.806s | update: 0.368s | total: 8.174s | samples/s: 7830
Iteration 0700 | train reward: 234.84 | best: 240.16 | KL: 5.369e-05 | std: 0.5278 | rollout: 9.908s | update: 0.315s | total: 10.223s | samples/s: 6260
Iteration 0701 | train reward: 245.01 | best: 245.01 | KL: 7.142e-05 | std: 0.5278 | rollout: 6.580s | update: 0.330s | total: 6.909s | samples/s: 9263
Iteration 0702 | train reward: 248.75 | best: 248.75 | KL: 5.621e-05 | std: 0.5269 | rollout: 7.781s | update: 0.258s | total: 8.039s | samples/s: 7961
Iteration 0703 | train reward: 246.63 | best: 248.75 | KL: 6.017e-05 | std: 0.5269 | rollout: 7.579s | update: 0.326s | total: 7.906s | samples/s: 8096
Iteration 0704 | train reward: 244.60 | best: 248.75 | KL: 5.640e-05 | std: 0.5268 | rollout: 7.289s | update: 0.288s | total: 7.577s | samples/s: 8446
Iteration 0705 | train reward: 253.00 | best: 253.00 | KL: 6.784e-05 | std: 0.5267 | rollout: 8.168s | update: 0.293s | total: 8.460s | samples/s: 7565
Iteration 0706 | train reward: 230.77 | best: 253.00 | KL: 5.338e-05 | std: 0.5267 | rollout: 8.698s | update: 0.290s | total: 8.988s | samples/s: 7121
Iteration 0707 | train reward: 229.12 | best: 253.00 | KL: 5.209e-05 | std: 0.5263 | rollout: 7.620s | update: 0.301s | total: 7.920s | samples/s: 8080
Iteration 0708 | train reward: 254.34 | best: 254.34 | KL: 6.841e-05 | std: 0.5267 | rollout: 8.201s | update: 0.290s | total: 8.491s | samples/s: 7538
Iteration 0709 | train reward: 249.61 | best: 254.34 | KL: 6.908e-05 | std: 0.5267 | rollout: 8.077s | update: 0.262s | total: 8.339s | samples/s: 7675
Iteration 0710 | train reward: 234.85 | best: 254.34 | KL: 6.027e-05 | std: 0.5267 | rollout: 8.784s | update: 0.258s | total: 9.041s | samples/s: 7079
Iteration 0711 | train reward: 242.73 | best: 254.34 | KL: 6.289e-05 | std: 0.5262 | rollout: 9.131s | update: 0.265s | total: 9.396s | samples/s: 6812
Iteration 0712 | train reward: 225.01 | best: 254.34 | KL: 6.687e-05 | std: 0.5262 | rollout: 7.861s | update: 0.256s | total: 8.117s | samples/s: 7885
Iteration 0713 | train reward: 254.89 | best: 254.89 | KL: 5.787e-05 | std: 0.5262 | rollout: 7.871s | update: 0.312s | total: 8.183s | samples/s: 7821
Iteration 0714 | train reward: 249.65 | best: 254.89 | KL: 6.654e-05 | std: 0.5261 | rollout: 9.091s | update: 0.323s | total: 9.413s | samples/s: 6799
Iteration 0715 | train reward: 251.76 | best: 254.89 | KL: 7.019e-05 | std: 0.5261 | rollout: 7.260s | update: 0.330s | total: 7.590s | samples/s: 8432
Iteration 0716 | train reward: 261.67 | best: 261.67 | KL: 5.924e-05 | std: 0.5260 | rollout: 9.081s | update: 0.296s | total: 9.377s | samples/s: 6825
Iteration 0717 | train reward: 256.55 | best: 261.67 | KL: 6.601e-05 | std: 0.5260 | rollout: 8.579s | update: 0.290s | total: 8.869s | samples/s: 7216
Iteration 0718 | train reward: 251.90 | best: 261.67 | KL: 7.310e-05 | std: 0.5258 | rollout: 8.708s | update: 0.365s | total: 9.073s | samples/s: 7054
Iteration 0719 | train reward: 246.55 | best: 261.67 | KL: 7.591e-05 | std: 0.5254 | rollout: 8.867s | update: 0.268s | total: 9.135s | samples/s: 7006
Iteration 0720 | train reward: 261.44 | best: 261.67 | KL: 5.339e-05 | std: 0.5254 | rollout: 7.540s | update: 0.288s | total: 7.828s | samples/s: 8175
Iteration 0721 | train reward: 241.33 | best: 261.67 | KL: 6.129e-05 | std: 0.5252 | rollout: 7.387s | update: 0.253s | total: 7.640s | samples/s: 8377
Iteration 0722 | train reward: 260.45 | best: 261.67 | KL: 7.580e-05 | std: 0.5243 | rollout: 8.394s | update: 0.294s | total: 8.687s | samples/s: 7367
Iteration 0723 | train reward: 254.72 | best: 261.67 | KL: 7.994e-05 | std: 0.5242 | rollout: 8.181s | update: 0.317s | total: 8.498s | samples/s: 7531
Iteration 0724 | train reward: 262.71 | best: 262.71 | KL: 6.345e-05 | std: 0.5241 | rollout: 8.448s | update: 0.295s | total: 8.743s | samples/s: 7320
Iteration 0725 | train reward: 258.12 | best: 262.71 | KL: 8.305e-05 | std: 0.5241 | rollout: 8.561s | update: 0.324s | total: 8.886s | samples/s: 7202
Iteration 0726 | train reward: 250.53 | best: 262.71 | KL: 7.338e-05 | std: 0.5241 | rollout: 8.421s | update: 0.340s | total: 8.761s | samples/s: 7305
Iteration 0727 | train reward: 259.90 | best: 262.71 | KL: 6.264e-05 | std: 0.5241 | rollout: 6.650s | update: 0.293s | total: 6.942s | samples/s: 9219
Iteration 0728 | train reward: 266.22 | best: 266.22 | KL: 7.183e-05 | std: 0.5236 | rollout: 8.727s | update: 0.254s | total: 8.982s | samples/s: 7126
Iteration 0729 | train reward: 250.74 | best: 266.22 | KL: 8.489e-05 | std: 0.5236 | rollout: 8.265s | update: 0.302s | total: 8.567s | samples/s: 7470
Iteration 0730 | train reward: 271.78 | best: 271.78 | KL: 7.417e-05 | std: 0.5234 | rollout: 8.267s | update: 0.308s | total: 8.575s | samples/s: 7464
Iteration 0731 | train reward: 254.65 | best: 271.78 | KL: 7.830e-05 | std: 0.5234 | rollout: 7.517s | update: 0.306s | total: 7.823s | samples/s: 8181
Iteration 0732 | train reward: 260.69 | best: 271.78 | KL: 6.714e-05 | std: 0.5232 | rollout: 7.736s | update: 0.257s | total: 7.992s | samples/s: 8008
Iteration 0733 | train reward: 266.41 | best: 271.78 | KL: 6.967e-05 | std: 0.5233 | rollout: 8.074s | update: 0.265s | total: 8.340s | samples/s: 7674
Iteration 0734 | train reward: 274.35 | best: 274.35 | KL: 6.707e-05 | std: 0.5232 | rollout: 8.932s | update: 0.291s | total: 9.223s | samples/s: 6939
Iteration 0735 | train reward: 231.02 | best: 274.35 | KL: 7.783e-05 | std: 0.5228 | rollout: 8.637s | update: 0.321s | total: 8.958s | samples/s: 7145
Iteration 0736 | train reward: 264.86 | best: 274.35 | KL: 7.164e-05 | std: 0.5232 | rollout: 7.730s | update: 0.265s | total: 7.995s | samples/s: 8005
Iteration 0737 | train reward: 288.02 | best: 288.02 | KL: 5.574e-05 | std: 0.5232 | rollout: 7.857s | update: 0.388s | total: 8.245s | samples/s: 7762
Iteration 0738 | train reward: 283.77 | best: 288.02 | KL: 7.091e-05 | std: 0.5226 | rollout: 6.636s | update: 0.289s | total: 6.926s | samples/s: 9241
Iteration 0739 | train reward: 261.35 | best: 288.02 | KL: 8.204e-05 | std: 0.5226 | rollout: 7.834s | update: 0.345s | total: 8.179s | samples/s: 7825
Iteration 0740 | train reward: 275.53 | best: 288.02 | KL: 6.683e-05 | std: 0.5217 | rollout: 7.924s | update: 0.255s | total: 8.179s | samples/s: 7825
Iteration 0741 | train reward: 279.01 | best: 288.02 | KL: 7.868e-05 | std: 0.5216 | rollout: 8.242s | update: 0.293s | total: 8.535s | samples/s: 7499
Iteration 0742 | train reward: 278.36 | best: 288.02 | KL: 6.030e-05 | std: 0.5215 | rollout: 9.443s | update: 0.264s | total: 9.707s | samples/s: 6593
Iteration 0743 | train reward: 283.34 | best: 288.02 | KL: 8.910e-05 | std: 0.5215 | rollout: 7.678s | update: 0.336s | total: 8.014s | samples/s: 7986
Iteration 0744 | train reward: 256.69 | best: 288.02 | KL: 7.694e-05 | std: 0.5215 | rollout: 7.733s | update: 0.255s | total: 7.988s | samples/s: 8012
Iteration 0745 | train reward: 287.18 | best: 288.02 | KL: 7.551e-05 | std: 0.5215 | rollout: 6.184s | update: 0.344s | total: 6.527s | samples/s: 9805
Iteration 0746 | train reward: 263.29 | best: 288.02 | KL: 9.115e-05 | std: 0.5215 | rollout: 7.669s | update: 0.335s | total: 8.005s | samples/s: 7995
Iteration 0747 | train reward: 278.38 | best: 288.02 | KL: 7.789e-05 | std: 0.5210 | rollout: 8.135s | update: 0.304s | total: 8.439s | samples/s: 7584
Iteration 0748 | train reward: 281.74 | best: 288.02 | KL: 8.091e-05 | std: 0.5209 | rollout: 7.925s | update: 0.255s | total: 8.180s | samples/s: 7824
Iteration 0749 | train reward: 281.14 | best: 288.02 | KL: 7.721e-05 | std: 0.5208 | rollout: 9.567s | update: 0.350s | total: 9.917s | samples/s: 6454
Iteration 0750 | train reward: 274.30 | best: 288.02 | KL: 1.005e-04 | std: 0.5208 | rollout: 8.571s | update: 0.262s | total: 8.834s | samples/s: 7245
Iteration 0751 | train reward: 281.95 | best: 288.02 | KL: 6.968e-05 | std: 0.5208 | rollout: 8.549s | update: 0.333s | total: 8.882s | samples/s: 7205
Iteration 0752 | train reward: 290.43 | best: 290.43 | KL: 8.883e-05 | std: 0.5208 | rollout: 7.979s | update: 0.254s | total: 8.234s | samples/s: 7773
Iteration 0753 | train reward: 286.81 | best: 290.43 | KL: 7.021e-05 | std: 0.5207 | rollout: 7.584s | update: 0.386s | total: 7.970s | samples/s: 8031
Iteration 0754 | train reward: 291.20 | best: 291.20 | KL: 7.191e-05 | std: 0.5202 | rollout: 9.017s | update: 0.290s | total: 9.307s | samples/s: 6877
Iteration 0755 | train reward: 304.74 | best: 304.74 | KL: 6.568e-05 | std: 0.5201 | rollout: 8.310s | update: 0.367s | total: 8.677s | samples/s: 7375
Iteration 0756 | train reward: 288.79 | best: 304.74 | KL: 9.887e-05 | std: 0.5200 | rollout: 8.455s | update: 0.325s | total: 8.781s | samples/s: 7289
Iteration 0757 | train reward: 280.72 | best: 304.74 | KL: 6.412e-05 | std: 0.5200 | rollout: 8.481s | update: 0.332s | total: 8.813s | samples/s: 7262
Iteration 0758 | train reward: 314.33 | best: 314.33 | KL: 7.828e-05 | std: 0.5200 | rollout: 7.458s | update: 0.270s | total: 7.728s | samples/s: 8282
Iteration 0759 | train reward: 278.73 | best: 314.33 | KL: 8.849e-05 | std: 0.5200 | rollout: 8.029s | update: 0.307s | total: 8.336s | samples/s: 7677
Iteration 0760 | train reward: 301.03 | best: 314.33 | KL: 8.857e-05 | std: 0.5191 | rollout: 8.310s | update: 0.280s | total: 8.590s | samples/s: 7451
Iteration 0761 | train reward: 281.12 | best: 314.33 | KL: 7.684e-05 | std: 0.5189 | rollout: 7.214s | update: 0.342s | total: 7.557s | samples/s: 8469
Iteration 0762 | train reward: 294.26 | best: 314.33 | KL: 7.206e-05 | std: 0.5184 | rollout: 8.886s | update: 0.308s | total: 9.194s | samples/s: 6961
Iteration 0763 | train reward: 293.28 | best: 314.33 | KL: 6.189e-05 | std: 0.5182 | rollout: 7.116s | update: 0.287s | total: 7.403s | samples/s: 8645
Iteration 0764 | train reward: 280.96 | best: 314.33 | KL: 9.758e-05 | std: 0.5182 | rollout: 7.854s | update: 0.323s | total: 8.176s | samples/s: 7827
Iteration 0765 | train reward: 283.01 | best: 314.33 | KL: 9.933e-05 | std: 0.5182 | rollout: 8.559s | update: 0.256s | total: 8.815s | samples/s: 7260
Iteration 0766 | train reward: 317.64 | best: 317.64 | KL: 7.874e-05 | std: 0.5181 | rollout: 7.762s | update: 0.264s | total: 8.026s | samples/s: 7974
Iteration 0767 | train reward: 293.55 | best: 317.64 | KL: 1.171e-04 | std: 0.5180 | rollout: 7.758s | update: 0.310s | total: 8.067s | samples/s: 7933
Iteration 0768 | train reward: 285.84 | best: 317.64 | KL: 8.961e-05 | std: 0.5174 | rollout: 7.886s | update: 0.331s | total: 8.217s | samples/s: 7789
Iteration 0769 | train reward: 304.72 | best: 317.64 | KL: 1.013e-04 | std: 0.5174 | rollout: 7.987s | update: 0.316s | total: 8.303s | samples/s: 7708
Iteration 0770 | train reward: 312.57 | best: 317.64 | KL: 8.654e-05 | std: 0.5174 | rollout: 9.275s | update: 0.328s | total: 9.603s | samples/s: 6665
Iteration 0771 | train reward: 320.85 | best: 320.85 | KL: 6.390e-05 | std: 0.5165 | rollout: 7.705s | update: 0.335s | total: 8.040s | samples/s: 7960
Iteration 0772 | train reward: 291.28 | best: 320.85 | KL: 7.289e-05 | std: 0.5164 | rollout: 8.283s | update: 0.378s | total: 8.662s | samples/s: 7389
Iteration 0773 | train reward: 293.79 | best: 320.85 | KL: 8.156e-05 | std: 0.5163 | rollout: 8.449s | update: 0.287s | total: 8.736s | samples/s: 7326
Iteration 0774 | train reward: 323.40 | best: 323.40 | KL: 7.434e-05 | std: 0.5158 | rollout: 6.870s | update: 0.260s | total: 7.131s | samples/s: 8975
Iteration 0775 | train reward: 311.76 | best: 323.40 | KL: 8.045e-05 | std: 0.5158 | rollout: 5.998s | update: 0.316s | total: 6.313s | samples/s: 10138
Iteration 0776 | train reward: 315.77 | best: 323.40 | KL: 7.494e-05 | std: 0.5158 | rollout: 7.526s | update: 0.274s | total: 7.800s | samples/s: 8205
Iteration 0777 | train reward: 311.04 | best: 323.40 | KL: 8.075e-05 | std: 0.5157 | rollout: 7.559s | update: 0.341s | total: 7.901s | samples/s: 8101
Iteration 0778 | train reward: 330.23 | best: 330.23 | KL: 1.018e-04 | std: 0.5156 | rollout: 8.379s | update: 0.259s | total: 8.638s | samples/s: 7409
Iteration 0779 | train reward: 328.15 | best: 330.23 | KL: 8.285e-05 | std: 0.5156 | rollout: 7.661s | update: 0.263s | total: 7.925s | samples/s: 8076
Iteration 0780 | train reward: 303.20 | best: 330.23 | KL: 9.037e-05 | std: 0.5156 | rollout: 7.394s | update: 0.253s | total: 7.647s | samples/s: 8369
Iteration 0781 | train reward: 333.72 | best: 333.72 | KL: 7.975e-05 | std: 0.5154 | rollout: 8.789s | update: 0.278s | total: 9.067s | samples/s: 7059
Iteration 0782 | train reward: 315.20 | best: 333.72 | KL: 9.498e-05 | std: 0.5150 | rollout: 8.262s | update: 0.260s | total: 8.522s | samples/s: 7510
Iteration 0783 | train reward: 333.26 | best: 333.72 | KL: 7.542e-05 | std: 0.5149 | rollout: 9.307s | update: 0.259s | total: 9.566s | samples/s: 6691
Iteration 0784 | train reward: 339.99 | best: 339.99 | KL: 8.778e-05 | std: 0.5150 | rollout: 8.222s | update: 0.256s | total: 8.477s | samples/s: 7549
Iteration 0785 | train reward: 319.56 | best: 339.99 | KL: 9.486e-05 | std: 0.5149 | rollout: 7.731s | update: 0.297s | total: 8.027s | samples/s: 7973
Iteration 0786 | train reward: 326.76 | best: 339.99 | KL: 8.843e-05 | std: 0.5139 | rollout: 8.182s | update: 0.298s | total: 8.481s | samples/s: 7547
Iteration 0787 | train reward: 318.44 | best: 339.99 | KL: 9.116e-05 | std: 0.5137 | rollout: 8.644s | update: 0.348s | total: 8.992s | samples/s: 7117
Iteration 0788 | train reward: 337.72 | best: 339.99 | KL: 9.394e-05 | std: 0.5137 | rollout: 9.247s | update: 0.333s | total: 9.580s | samples/s: 6681
Iteration 0789 | train reward: 315.74 | best: 339.99 | KL: 8.078e-05 | std: 0.5137 | rollout: 6.262s | update: 0.287s | total: 6.549s | samples/s: 9773
Iteration 0790 | train reward: 348.72 | best: 348.72 | KL: 9.704e-05 | std: 0.5132 | rollout: 7.899s | update: 0.293s | total: 8.191s | samples/s: 7813
Iteration 0791 | train reward: 341.38 | best: 348.72 | KL: 9.654e-05 | std: 0.5131 | rollout: 7.694s | update: 0.254s | total: 7.948s | samples/s: 8052
Iteration 0792 | train reward: 334.32 | best: 348.72 | KL: 9.208e-05 | std: 0.5131 | rollout: 7.106s | update: 0.260s | total: 7.366s | samples/s: 8689
Iteration 0793 | train reward: 332.90 | best: 348.72 | KL: 8.952e-05 | std: 0.5130 | rollout: 9.153s | update: 0.257s | total: 9.409s | samples/s: 6802
Iteration 0794 | train reward: 336.25 | best: 348.72 | KL: 1.165e-04 | std: 0.5130 | rollout: 7.531s | update: 0.379s | total: 7.911s | samples/s: 8090
Iteration 0795 | train reward: 331.86 | best: 348.72 | KL: 1.136e-04 | std: 0.5130 | rollout: 8.214s | update: 0.270s | total: 8.484s | samples/s: 7544
Iteration 0796 | train reward: 339.37 | best: 348.72 | KL: 1.023e-04 | std: 0.5124 | rollout: 7.992s | update: 0.287s | total: 8.278s | samples/s: 7731
Iteration 0797 | train reward: 336.21 | best: 348.72 | KL: 7.171e-05 | std: 0.5124 | rollout: 7.527s | update: 0.301s | total: 7.828s | samples/s: 8176
Iteration 0798 | train reward: 339.98 | best: 348.72 | KL: 1.013e-04 | std: 0.5122 | rollout: 8.133s | update: 0.294s | total: 8.427s | samples/s: 7595
Iteration 0799 | train reward: 339.09 | best: 348.72 | KL: 1.152e-04 | std: 0.5111 | rollout: 7.780s | update: 0.297s | total: 8.077s | samples/s: 7924
Iteration 0800 | train reward: 334.53 | best: 348.72 | KL: 1.105e-04 | std: 0.5106 | rollout: 7.869s | update: 0.287s | total: 8.156s | samples/s: 7847
Iteration 0801 | train reward: 336.15 | best: 348.72 | KL: 9.897e-05 | std: 0.5105 | rollout: 8.365s | update: 0.332s | total: 8.698s | samples/s: 7358
Iteration 0802 | train reward: 305.68 | best: 348.72 | KL: 1.056e-04 | std: 0.5104 | rollout: 8.181s | update: 0.291s | total: 8.472s | samples/s: 7554
Iteration 0803 | train reward: 343.38 | best: 348.72 | KL: 9.988e-05 | std: 0.5104 | rollout: 7.553s | update: 0.301s | total: 7.855s | samples/s: 8148
Iteration 0804 | train reward: 359.09 | best: 359.09 | KL: 1.003e-04 | std: 0.5102 | rollout: 8.148s | update: 0.274s | total: 8.421s | samples/s: 7600
Iteration 0805 | train reward: 347.20 | best: 359.09 | KL: 8.846e-05 | std: 0.5098 | rollout: 9.007s | update: 0.287s | total: 9.293s | samples/s: 6887
Iteration 0806 | train reward: 353.67 | best: 359.09 | KL: 9.455e-05 | std: 0.5097 | rollout: 8.038s | update: 0.321s | total: 8.358s | samples/s: 7657
Iteration 0807 | train reward: 353.17 | best: 359.09 | KL: 9.526e-05 | std: 0.5096 | rollout: 7.110s | update: 0.366s | total: 7.475s | samples/s: 8561
Iteration 0808 | train reward: 347.87 | best: 359.09 | KL: 9.576e-05 | std: 0.5087 | rollout: 8.490s | update: 0.332s | total: 8.822s | samples/s: 7254
Iteration 0809 | train reward: 360.20 | best: 360.20 | KL: 1.256e-04 | std: 0.5087 | rollout: 8.224s | update: 0.285s | total: 8.509s | samples/s: 7522
Iteration 0810 | train reward: 352.30 | best: 360.20 | KL: 9.286e-05 | std: 0.5087 | rollout: 6.780s | update: 0.286s | total: 7.066s | samples/s: 9058
Iteration 0811 | train reward: 328.57 | best: 360.20 | KL: 1.086e-04 | std: 0.5085 | rollout: 7.663s | update: 0.259s | total: 7.922s | samples/s: 8079
Iteration 0812 | train reward: 343.82 | best: 360.20 | KL: 1.115e-04 | std: 0.5085 | rollout: 7.416s | update: 0.285s | total: 7.702s | samples/s: 8310
Iteration 0813 | train reward: 359.34 | best: 360.20 | KL: 1.113e-04 | std: 0.5085 | rollout: 8.183s | update: 0.303s | total: 8.486s | samples/s: 7542
Iteration 0814 | train reward: 363.75 | best: 363.75 | KL: 9.250e-05 | std: 0.5078 | rollout: 8.412s | update: 0.339s | total: 8.752s | samples/s: 7313
Iteration 0815 | train reward: 356.28 | best: 363.75 | KL: 1.115e-04 | std: 0.5078 | rollout: 8.694s | update: 0.298s | total: 8.992s | samples/s: 7117
Iteration 0816 | train reward: 339.25 | best: 363.75 | KL: 1.300e-04 | std: 0.5072 | rollout: 8.462s | update: 0.339s | total: 8.801s | samples/s: 7272
Iteration 0817 | train reward: 364.73 | best: 364.73 | KL: 1.208e-04 | std: 0.5071 | rollout: 8.045s | update: 0.262s | total: 8.307s | samples/s: 7704
Iteration 0818 | train reward: 358.60 | best: 364.73 | KL: 1.256e-04 | std: 0.5069 | rollout: 7.518s | update: 0.285s | total: 7.802s | samples/s: 8203
Iteration 0819 | train reward: 374.90 | best: 374.90 | KL: 1.169e-04 | std: 0.5061 | rollout: 7.757s | update: 0.331s | total: 8.088s | samples/s: 7913
Iteration 0820 | train reward: 347.40 | best: 374.90 | KL: 9.846e-05 | std: 0.5069 | rollout: 8.042s | update: 0.322s | total: 8.365s | samples/s: 7651
Iteration 0821 | train reward: 392.09 | best: 392.09 | KL: 8.984e-05 | std: 0.5071 | rollout: 8.724s | update: 0.334s | total: 9.058s | samples/s: 7066
Iteration 0822 | train reward: 387.30 | best: 392.09 | KL: 7.894e-05 | std: 0.5069 | rollout: 8.182s | update: 0.288s | total: 8.469s | samples/s: 7557
Iteration 0823 | train reward: 340.89 | best: 392.09 | KL: 1.104e-04 | std: 0.5059 | rollout: 7.286s | update: 0.302s | total: 7.588s | samples/s: 8434
Iteration 0824 | train reward: 337.08 | best: 392.09 | KL: 1.434e-04 | std: 0.5060 | rollout: 8.803s | update: 0.278s | total: 9.081s | samples/s: 7048
Iteration 0825 | train reward: 343.21 | best: 392.09 | KL: 1.230e-04 | std: 0.5059 | rollout: 7.268s | update: 0.358s | total: 7.626s | samples/s: 8393
Iteration 0826 | train reward: 363.58 | best: 392.09 | KL: 9.621e-05 | std: 0.5059 | rollout: 7.670s | update: 0.262s | total: 7.932s | samples/s: 8069
Iteration 0827 | train reward: 370.66 | best: 392.09 | KL: 1.020e-04 | std: 0.5054 | rollout: 7.821s | update: 0.272s | total: 8.093s | samples/s: 7908
Iteration 0828 | train reward: 361.25 | best: 392.09 | KL: 1.102e-04 | std: 0.5059 | rollout: 8.819s | update: 0.261s | total: 9.081s | samples/s: 7048
Iteration 0829 | train reward: 356.19 | best: 392.09 | KL: 1.043e-04 | std: 0.5059 | rollout: 7.468s | update: 0.322s | total: 7.790s | samples/s: 8216
Iteration 0830 | train reward: 350.14 | best: 392.09 | KL: 1.124e-04 | std: 0.5054 | rollout: 9.260s | update: 0.322s | total: 9.582s | samples/s: 6679
Iteration 0831 | train reward: 373.37 | best: 392.09 | KL: 1.197e-04 | std: 0.5059 | rollout: 9.249s | update: 0.277s | total: 9.526s | samples/s: 6719
Iteration 0832 | train reward: 361.45 | best: 392.09 | KL: 1.017e-04 | std: 0.5054 | rollout: 8.997s | update: 0.292s | total: 9.289s | samples/s: 6890
Iteration 0833 | train reward: 346.79 | best: 392.09 | KL: 1.268e-04 | std: 0.5053 | rollout: 7.444s | update: 0.256s | total: 7.699s | samples/s: 8312
Iteration 0834 | train reward: 375.43 | best: 392.09 | KL: 1.022e-04 | std: 0.5050 | rollout: 7.195s | update: 0.286s | total: 7.481s | samples/s: 8555
Iteration 0835 | train reward: 358.00 | best: 392.09 | KL: 1.058e-04 | std: 0.5050 | rollout: 7.899s | update: 0.269s | total: 8.168s | samples/s: 7835
Iteration 0836 | train reward: 394.32 | best: 394.32 | KL: 1.197e-04 | std: 0.5045 | rollout: 8.369s | update: 0.270s | total: 8.639s | samples/s: 7408
Iteration 0837 | train reward: 382.29 | best: 394.32 | KL: 1.267e-04 | std: 0.5043 | rollout: 6.681s | update: 0.337s | total: 7.018s | samples/s: 9119
Iteration 0838 | train reward: 388.51 | best: 394.32 | KL: 1.512e-04 | std: 0.5034 | rollout: 8.733s | update: 0.276s | total: 9.010s | samples/s: 7103
Iteration 0839 | train reward: 374.53 | best: 394.32 | KL: 1.530e-04 | std: 0.5034 | rollout: 7.332s | update: 0.323s | total: 7.656s | samples/s: 8360
Iteration 0840 | train reward: 374.39 | best: 394.32 | KL: 1.489e-04 | std: 0.5033 | rollout: 8.556s | update: 0.287s | total: 8.844s | samples/s: 7237
Iteration 0841 | train reward: 385.60 | best: 394.32 | KL: 1.387e-04 | std: 0.5028 | rollout: 7.156s | update: 0.332s | total: 7.488s | samples/s: 8547
Iteration 0842 | train reward: 394.19 | best: 394.32 | KL: 8.856e-05 | std: 0.5027 | rollout: 8.892s | update: 0.313s | total: 9.205s | samples/s: 6953
Iteration 0843 | train reward: 384.25 | best: 394.32 | KL: 1.331e-04 | std: 0.5026 | rollout: 8.222s | update: 0.255s | total: 8.477s | samples/s: 7550
Iteration 0844 | train reward: 400.86 | best: 400.86 | KL: 1.119e-04 | std: 0.5024 | rollout: 8.652s | update: 0.259s | total: 8.911s | samples/s: 7182
Iteration 0845 | train reward: 384.15 | best: 400.86 | KL: 1.390e-04 | std: 0.5024 | rollout: 8.456s | update: 0.309s | total: 8.766s | samples/s: 7301
Iteration 0846 | train reward: 392.73 | best: 400.86 | KL: 9.481e-05 | std: 0.5019 | rollout: 8.107s | update: 0.334s | total: 8.441s | samples/s: 7582
Iteration 0847 | train reward: 392.53 | best: 400.86 | KL: 1.043e-04 | std: 0.5018 | rollout: 9.603s | update: 0.378s | total: 9.981s | samples/s: 6412
Iteration 0848 | train reward: 393.45 | best: 400.86 | KL: 1.272e-04 | std: 0.5009 | rollout: 9.080s | update: 0.307s | total: 9.386s | samples/s: 6818
Iteration 0849 | train reward: 361.49 | best: 400.86 | KL: 1.401e-04 | std: 0.5017 | rollout: 7.747s | update: 0.255s | total: 8.002s | samples/s: 7998
Iteration 0850 | train reward: 387.19 | best: 400.86 | KL: 9.229e-05 | std: 0.5008 | rollout: 7.829s | update: 0.296s | total: 8.125s | samples/s: 7877
Iteration 0851 | train reward: 371.84 | best: 400.86 | KL: 1.100e-04 | std: 0.5007 | rollout: 7.107s | update: 0.259s | total: 7.367s | samples/s: 8688
Iteration 0852 | train reward: 402.34 | best: 402.34 | KL: 1.354e-04 | std: 0.5002 | rollout: 8.666s | update: 0.289s | total: 8.955s | samples/s: 7147
Iteration 0853 | train reward: 388.55 | best: 402.34 | KL: 1.388e-04 | std: 0.5000 | rollout: 8.554s | update: 0.317s | total: 8.871s | samples/s: 7214
Iteration 0854 | train reward: 393.60 | best: 402.34 | KL: 1.232e-04 | std: 0.5000 | rollout: 7.710s | update: 0.259s | total: 7.969s | samples/s: 8032
Iteration 0855 | train reward: 401.47 | best: 402.34 | KL: 1.177e-04 | std: 0.5000 | rollout: 8.102s | update: 0.334s | total: 8.436s | samples/s: 7587
Iteration 0856 | train reward: 416.34 | best: 416.34 | KL: 1.446e-04 | std: 0.5000 | rollout: 9.008s | update: 0.292s | total: 9.300s | samples/s: 6881
Iteration 0857 | train reward: 404.44 | best: 416.34 | KL: 1.222e-04 | std: 0.5000 | rollout: 7.220s | update: 0.255s | total: 7.475s | samples/s: 8562
Iteration 0858 | train reward: 399.49 | best: 416.34 | KL: 1.436e-04 | std: 0.5000 | rollout: 9.046s | update: 0.255s | total: 9.301s | samples/s: 6881
Iteration 0859 | train reward: 416.11 | best: 416.34 | KL: 1.441e-04 | std: 0.4998 | rollout: 7.322s | update: 0.278s | total: 7.600s | samples/s: 8422
Iteration 0860 | train reward: 410.73 | best: 416.34 | KL: 9.625e-05 | std: 0.4993 | rollout: 8.205s | update: 0.313s | total: 8.519s | samples/s: 7513
Iteration 0861 | train reward: 420.04 | best: 420.04 | KL: 1.447e-04 | std: 0.4993 | rollout: 8.116s | update: 0.314s | total: 8.430s | samples/s: 7592
Iteration 0862 | train reward: 404.74 | best: 420.04 | KL: 1.292e-04 | std: 0.4993 | rollout: 7.347s | update: 0.301s | total: 7.647s | samples/s: 8369
Iteration 0863 | train reward: 416.31 | best: 420.04 | KL: 1.202e-04 | std: 0.4993 | rollout: 8.735s | update: 0.298s | total: 9.033s | samples/s: 7085
Iteration 0864 | train reward: 382.10 | best: 420.04 | KL: 1.459e-04 | std: 0.4991 | rollout: 8.387s | update: 0.257s | total: 8.644s | samples/s: 7404
Iteration 0865 | train reward: 411.24 | best: 420.04 | KL: 1.476e-04 | std: 0.4983 | rollout: 8.812s | update: 0.266s | total: 9.078s | samples/s: 7050
Iteration 0866 | train reward: 418.30 | best: 420.04 | KL: 1.564e-04 | std: 0.4982 | rollout: 9.584s | update: 0.260s | total: 9.843s | samples/s: 6502
Iteration 0867 | train reward: 439.36 | best: 439.36 | KL: 1.265e-04 | std: 0.4982 | rollout: 8.068s | update: 0.261s | total: 8.329s | samples/s: 7684
Iteration 0868 | train reward: 399.20 | best: 439.36 | KL: 1.007e-04 | std: 0.4981 | rollout: 7.958s | update: 0.344s | total: 8.303s | samples/s: 7708
Iteration 0869 | train reward: 418.08 | best: 439.36 | KL: 1.392e-04 | std: 0.4976 | rollout: 8.999s | update: 0.297s | total: 9.297s | samples/s: 6884
Iteration 0870 | train reward: 419.88 | best: 439.36 | KL: 1.032e-04 | std: 0.4976 | rollout: 7.765s | update: 0.253s | total: 8.017s | samples/s: 7983
Iteration 0871 | train reward: 409.94 | best: 439.36 | KL: 1.243e-04 | std: 0.4976 | rollout: 7.553s | update: 0.253s | total: 7.806s | samples/s: 8199
Iteration 0872 | train reward: 438.77 | best: 439.36 | KL: 1.708e-04 | std: 0.4975 | rollout: 7.985s | update: 0.327s | total: 8.312s | samples/s: 7700
Iteration 0873 | train reward: 433.70 | best: 439.36 | KL: 1.452e-04 | std: 0.4974 | rollout: 7.875s | update: 0.333s | total: 8.208s | samples/s: 7797
Iteration 0874 | train reward: 407.82 | best: 439.36 | KL: 1.303e-04 | std: 0.4974 | rollout: 7.903s | update: 0.333s | total: 8.237s | samples/s: 7770
Iteration 0875 | train reward: 434.16 | best: 439.36 | KL: 1.236e-04 | std: 0.4976 | rollout: 7.252s | update: 0.310s | total: 7.562s | samples/s: 8463
Iteration 0876 | train reward: 414.98 | best: 439.36 | KL: 1.430e-04 | std: 0.4974 | rollout: 7.395s | update: 0.292s | total: 7.687s | samples/s: 8326
Iteration 0877 | train reward: 424.89 | best: 439.36 | KL: 9.979e-05 | std: 0.4974 | rollout: 8.740s | update: 0.301s | total: 9.041s | samples/s: 7079
Iteration 0878 | train reward: 415.18 | best: 439.36 | KL: 1.564e-04 | std: 0.4974 | rollout: 8.380s | update: 0.289s | total: 8.669s | samples/s: 7382
Iteration 0879 | train reward: 436.17 | best: 439.36 | KL: 1.437e-04 | std: 0.4967 | rollout: 9.000s | update: 0.315s | total: 9.315s | samples/s: 6870
Iteration 0880 | train reward: 435.39 | best: 439.36 | KL: 1.532e-04 | std: 0.4972 | rollout: 7.800s | update: 0.292s | total: 8.092s | samples/s: 7909
Iteration 0881 | train reward: 428.00 | best: 439.36 | KL: 1.359e-04 | std: 0.4967 | rollout: 8.754s | update: 0.279s | total: 9.032s | samples/s: 7086
Iteration 0882 | train reward: 421.03 | best: 439.36 | KL: 1.272e-04 | std: 0.4967 | rollout: 8.781s | update: 0.350s | total: 9.130s | samples/s: 7010
Iteration 0883 | train reward: 454.36 | best: 454.36 | KL: 1.328e-04 | std: 0.4967 | rollout: 8.555s | update: 0.273s | total: 8.827s | samples/s: 7250
Iteration 0884 | train reward: 421.17 | best: 454.36 | KL: 1.562e-04 | std: 0.4957 | rollout: 6.930s | update: 0.352s | total: 7.281s | samples/s: 8790
Iteration 0885 | train reward: 451.66 | best: 454.36 | KL: 1.126e-04 | std: 0.4957 | rollout: 6.771s | update: 0.308s | total: 7.078s | samples/s: 9042
Iteration 0886 | train reward: 424.76 | best: 454.36 | KL: 1.897e-04 | std: 0.4957 | rollout: 7.447s | update: 0.267s | total: 7.714s | samples/s: 8296
Iteration 0887 | train reward: 440.13 | best: 454.36 | KL: 9.530e-05 | std: 0.4956 | rollout: 8.215s | update: 0.345s | total: 8.561s | samples/s: 7476
Iteration 0888 | train reward: 433.57 | best: 454.36 | KL: 1.535e-04 | std: 0.4950 | rollout: 7.880s | update: 0.295s | total: 8.175s | samples/s: 7829
Iteration 0889 | train reward: 423.25 | best: 454.36 | KL: 1.453e-04 | std: 0.4950 | rollout: 8.573s | update: 0.290s | total: 8.864s | samples/s: 7221
Iteration 0890 | train reward: 460.60 | best: 460.60 | KL: 1.525e-04 | std: 0.4955 | rollout: 7.939s | update: 0.289s | total: 8.229s | samples/s: 7777
Iteration 0891 | train reward: 415.97 | best: 460.60 | KL: 1.661e-04 | std: 0.4955 | rollout: 7.626s | update: 0.303s | total: 7.929s | samples/s: 8072
Iteration 0892 | train reward: 453.69 | best: 460.60 | KL: 1.562e-04 | std: 0.4955 | rollout: 7.978s | update: 0.270s | total: 8.248s | samples/s: 7760
Iteration 0893 | train reward: 443.63 | best: 460.60 | KL: 1.447e-04 | std: 0.4950 | rollout: 6.634s | update: 0.297s | total: 6.931s | samples/s: 9233
Iteration 0894 | train reward: 464.50 | best: 464.50 | KL: 1.227e-04 | std: 0.4948 | rollout: 7.991s | update: 0.325s | total: 8.316s | samples/s: 7696
Iteration 0895 | train reward: 453.37 | best: 464.50 | KL: 1.538e-04 | std: 0.4947 | rollout: 8.285s | update: 0.308s | total: 8.593s | samples/s: 7448
Iteration 0896 | train reward: 457.78 | best: 464.50 | KL: 1.393e-04 | std: 0.4947 | rollout: 7.712s | update: 0.255s | total: 7.967s | samples/s: 8033
Iteration 0897 | train reward: 430.26 | best: 464.50 | KL: 1.514e-04 | std: 0.4946 | rollout: 7.953s | update: 0.291s | total: 8.245s | samples/s: 7763
Iteration 0898 | train reward: 457.60 | best: 464.50 | KL: 1.216e-04 | std: 0.4941 | rollout: 7.976s | update: 0.265s | total: 8.241s | samples/s: 7766
Iteration 0899 | train reward: 464.47 | best: 464.50 | KL: 1.158e-04 | std: 0.4941 | rollout: 7.847s | update: 0.264s | total: 8.111s | samples/s: 7890
Iteration 0900 | train reward: 463.46 | best: 464.50 | KL: 1.648e-04 | std: 0.4939 | rollout: 8.397s | update: 0.256s | total: 8.653s | samples/s: 7396
Iteration 0901 | train reward: 457.49 | best: 464.50 | KL: 1.441e-04 | std: 0.4939 | rollout: 8.350s | update: 0.342s | total: 8.693s | samples/s: 7363
Iteration 0902 | train reward: 452.65 | best: 464.50 | KL: 1.561e-04 | std: 0.4931 | rollout: 7.742s | update: 0.283s | total: 8.025s | samples/s: 7976
Iteration 0903 | train reward: 479.51 | best: 479.51 | KL: 1.428e-04 | std: 0.4929 | rollout: 8.069s | update: 0.288s | total: 8.357s | samples/s: 7658
Iteration 0904 | train reward: 452.47 | best: 479.51 | KL: 1.507e-04 | std: 0.4924 | rollout: 7.997s | update: 0.268s | total: 8.265s | samples/s: 7743
Iteration 0905 | train reward: 460.61 | best: 479.51 | KL: 1.672e-04 | std: 0.4920 | rollout: 6.391s | update: 0.278s | total: 6.668s | samples/s: 9597
Iteration 0906 | train reward: 501.68 | best: 501.68 | KL: 1.210e-04 | std: 0.4915 | rollout: 6.971s | update: 0.294s | total: 7.264s | samples/s: 8810
Iteration 0907 | train reward: 474.76 | best: 501.68 | KL: 1.440e-04 | std: 0.4913 | rollout: 7.658s | update: 0.331s | total: 7.989s | samples/s: 8011
Iteration 0908 | train reward: 470.99 | best: 501.68 | KL: 1.590e-04 | std: 0.4913 | rollout: 7.656s | update: 0.285s | total: 7.941s | samples/s: 8059
Iteration 0909 | train reward: 468.72 | best: 501.68 | KL: 1.134e-04 | std: 0.4905 | rollout: 7.705s | update: 0.253s | total: 7.958s | samples/s: 8042
Iteration 0910 | train reward: 467.72 | best: 501.68 | KL: 1.503e-04 | std: 0.4903 | rollout: 9.033s | update: 0.409s | total: 9.441s | samples/s: 6779
Iteration 0911 | train reward: 453.17 | best: 501.68 | KL: 1.867e-04 | std: 0.4903 | rollout: 8.940s | update: 0.282s | total: 9.222s | samples/s: 6940
Iteration 0912 | train reward: 491.63 | best: 501.68 | KL: 1.678e-04 | std: 0.4896 | rollout: 8.670s | update: 0.332s | total: 9.002s | samples/s: 7109
Iteration 0913 | train reward: 466.58 | best: 501.68 | KL: 1.453e-04 | std: 0.4895 | rollout: 8.332s | update: 0.298s | total: 8.630s | samples/s: 7416
Iteration 0914 | train reward: 498.90 | best: 501.68 | KL: 1.996e-04 | std: 0.4895 | rollout: 7.782s | update: 0.357s | total: 8.139s | samples/s: 7863
Iteration 0915 | train reward: 470.21 | best: 501.68 | KL: 2.061e-04 | std: 0.4894 | rollout: 7.649s | update: 0.325s | total: 7.973s | samples/s: 8027
Iteration 0916 | train reward: 495.67 | best: 501.68 | KL: 1.687e-04 | std: 0.4894 | rollout: 8.646s | update: 0.323s | total: 8.970s | samples/s: 7135
Iteration 0917 | train reward: 481.03 | best: 501.68 | KL: 1.519e-04 | std: 0.4889 | rollout: 9.274s | update: 0.277s | total: 9.551s | samples/s: 6701
Iteration 0918 | train reward: 484.60 | best: 501.68 | KL: 1.799e-04 | std: 0.4896 | rollout: 9.192s | update: 0.339s | total: 9.532s | samples/s: 6715
Iteration 0919 | train reward: 484.68 | best: 501.68 | KL: 1.507e-04 | std: 0.4895 | rollout: 8.415s | update: 0.352s | total: 8.767s | samples/s: 7300
Iteration 0920 | train reward: 473.80 | best: 501.68 | KL: 1.904e-04 | std: 0.4895 | rollout: 8.062s | update: 0.318s | total: 8.380s | samples/s: 7637
Iteration 0921 | train reward: 488.58 | best: 501.68 | KL: 1.687e-04 | std: 0.4894 | rollout: 7.683s | update: 0.339s | total: 8.022s | samples/s: 7978
Iteration 0922 | train reward: 491.03 | best: 501.68 | KL: 1.693e-04 | std: 0.4888 | rollout: 7.616s | update: 0.328s | total: 7.944s | samples/s: 8056
Iteration 0923 | train reward: 499.65 | best: 501.68 | KL: 1.679e-04 | std: 0.4887 | rollout: 7.959s | update: 0.299s | total: 8.258s | samples/s: 7750
Iteration 0924 | train reward: 510.96 | best: 510.96 | KL: 1.951e-04 | std: 0.4878 | rollout: 8.170s | update: 0.307s | total: 8.476s | samples/s: 7551
Iteration 0925 | train reward: 489.09 | best: 510.96 | KL: 2.137e-04 | std: 0.4872 | rollout: 7.476s | update: 0.288s | total: 7.764s | samples/s: 8243
Iteration 0926 | train reward: 519.71 | best: 519.71 | KL: 1.735e-04 | std: 0.4872 | rollout: 7.402s | update: 0.311s | total: 7.714s | samples/s: 8297
Iteration 0927 | train reward: 506.96 | best: 519.71 | KL: 1.624e-04 | std: 0.4872 | rollout: 9.239s | update: 0.286s | total: 9.525s | samples/s: 6719
Iteration 0928 | train reward: 503.53 | best: 519.71 | KL: 1.930e-04 | std: 0.4870 | rollout: 7.688s | update: 0.270s | total: 7.958s | samples/s: 8042
Iteration 0929 | train reward: 490.05 | best: 519.71 | KL: 1.872e-04 | std: 0.4869 | rollout: 8.428s | update: 0.296s | total: 8.724s | samples/s: 7336
Iteration 0930 | train reward: 470.72 | best: 519.71 | KL: 1.387e-04 | std: 0.4868 | rollout: 9.469s | update: 0.306s | total: 9.776s | samples/s: 6547
Iteration 0931 | train reward: 483.53 | best: 519.71 | KL: 1.721e-04 | std: 0.4868 | rollout: 7.144s | update: 0.321s | total: 7.465s | samples/s: 8573
Iteration 0932 | train reward: 485.33 | best: 519.71 | KL: 2.143e-04 | std: 0.4863 | rollout: 7.509s | update: 0.301s | total: 7.811s | samples/s: 8194
Iteration 0933 | train reward: 495.45 | best: 519.71 | KL: 1.708e-04 | std: 0.4863 | rollout: 7.314s | update: 0.264s | total: 7.578s | samples/s: 8446
Iteration 0934 | train reward: 539.30 | best: 539.30 | KL: 1.686e-04 | std: 0.4863 | rollout: 8.220s | update: 0.334s | total: 8.554s | samples/s: 7482
Iteration 0935 | train reward: 484.54 | best: 539.30 | KL: 2.501e-04 | std: 0.4861 | rollout: 7.273s | update: 0.325s | total: 7.598s | samples/s: 8423
Iteration 0936 | train reward: 496.12 | best: 539.30 | KL: 2.097e-04 | std: 0.4852 | rollout: 7.399s | update: 0.252s | total: 7.651s | samples/s: 8364
Iteration 0937 | train reward: 525.18 | best: 539.30 | KL: 2.082e-04 | std: 0.4852 | rollout: 7.803s | update: 0.320s | total: 8.123s | samples/s: 7879
Iteration 0938 | train reward: 513.07 | best: 539.30 | KL: 1.756e-04 | std: 0.4851 | rollout: 8.534s | update: 0.263s | total: 8.797s | samples/s: 7276
Iteration 0939 | train reward: 482.98 | best: 539.30 | KL: 1.678e-04 | std: 0.4851 | rollout: 7.969s | update: 0.253s | total: 8.223s | samples/s: 7783
Iteration 0940 | train reward: 500.17 | best: 539.30 | KL: 2.022e-04 | std: 0.4846 | rollout: 7.491s | update: 0.256s | total: 7.748s | samples/s: 8261
Iteration 0941 | train reward: 510.48 | best: 539.30 | KL: 1.593e-04 | std: 0.4846 | rollout: 8.754s | update: 0.334s | total: 9.087s | samples/s: 7043
Iteration 0942 | train reward: 532.13 | best: 539.30 | KL: 1.835e-04 | std: 0.4844 | rollout: 9.073s | update: 0.308s | total: 9.380s | samples/s: 6823
Iteration 0943 | train reward: 507.37 | best: 539.30 | KL: 2.093e-04 | std: 0.4844 | rollout: 7.627s | update: 0.287s | total: 7.914s | samples/s: 8087
Iteration 0944 | train reward: 532.52 | best: 539.30 | KL: 2.185e-04 | std: 0.4844 | rollout: 7.506s | update: 0.342s | total: 7.848s | samples/s: 8155
Iteration 0945 | train reward: 528.28 | best: 539.30 | KL: 1.863e-04 | std: 0.4842 | rollout: 8.467s | update: 0.282s | total: 8.749s | samples/s: 7315
Iteration 0946 | train reward: 485.53 | best: 539.30 | KL: 1.820e-04 | std: 0.4837 | rollout: 7.508s | update: 0.354s | total: 7.863s | samples/s: 8140
Iteration 0947 | train reward: 537.12 | best: 539.30 | KL: 1.862e-04 | std: 0.4835 | rollout: 8.095s | update: 0.307s | total: 8.402s | samples/s: 7617
Iteration 0948 | train reward: 531.85 | best: 539.30 | KL: 1.947e-04 | std: 0.4826 | rollout: 7.985s | update: 0.273s | total: 8.258s | samples/s: 7750
Iteration 0949 | train reward: 488.13 | best: 539.30 | KL: 2.165e-04 | std: 0.4825 | rollout: 7.278s | update: 0.305s | total: 7.583s | samples/s: 8440
Iteration 0950 | train reward: 510.32 | best: 539.30 | KL: 1.798e-04 | std: 0.4818 | rollout: 8.279s | update: 0.263s | total: 8.542s | samples/s: 7492
Iteration 0951 | train reward: 543.00 | best: 543.00 | KL: 2.467e-04 | std: 0.4818 | rollout: 7.787s | update: 0.301s | total: 8.088s | samples/s: 7913
Iteration 0952 | train reward: 510.88 | best: 543.00 | KL: 2.002e-04 | std: 0.4817 | rollout: 8.038s | update: 0.257s | total: 8.294s | samples/s: 7716
Iteration 0953 | train reward: 495.48 | best: 543.00 | KL: 2.069e-04 | std: 0.4817 | rollout: 9.726s | update: 0.294s | total: 10.020s | samples/s: 6387
Iteration 0954 | train reward: 524.83 | best: 543.00 | KL: 1.834e-04 | std: 0.4817 | rollout: 7.986s | update: 0.262s | total: 8.248s | samples/s: 7760
Iteration 0955 | train reward: 510.56 | best: 543.00 | KL: 2.171e-04 | std: 0.4811 | rollout: 9.657s | update: 0.295s | total: 9.953s | samples/s: 6431
Iteration 0956 | train reward: 539.38 | best: 543.00 | KL: 1.992e-04 | std: 0.4810 | rollout: 9.105s | update: 0.274s | total: 9.380s | samples/s: 6823
Iteration 0957 | train reward: 547.15 | best: 547.15 | KL: 2.283e-04 | std: 0.4800 | rollout: 8.938s | update: 0.362s | total: 9.299s | samples/s: 6882
Iteration 0958 | train reward: 524.62 | best: 547.15 | KL: 2.080e-04 | std: 0.4794 | rollout: 9.202s | update: 0.337s | total: 9.539s | samples/s: 6709
Iteration 0959 | train reward: 513.83 | best: 547.15 | KL: 1.876e-04 | std: 0.4792 | rollout: 8.673s | update: 0.278s | total: 8.950s | samples/s: 7151
Iteration 0960 | train reward: 543.52 | best: 547.15 | KL: 1.992e-04 | std: 0.4792 | rollout: 8.303s | update: 0.256s | total: 8.559s | samples/s: 7478
Iteration 0961 | train reward: 545.34 | best: 547.15 | KL: 2.049e-04 | std: 0.4792 | rollout: 8.388s | update: 0.258s | total: 8.646s | samples/s: 7402
Iteration 0962 | train reward: 513.34 | best: 547.15 | KL: 1.260e-04 | std: 0.4794 | rollout: 9.418s | update: 0.344s | total: 9.762s | samples/s: 6556
Iteration 0963 | train reward: 536.06 | best: 547.15 | KL: 1.996e-04 | std: 0.4799 | rollout: 8.914s | update: 0.290s | total: 9.204s | samples/s: 6953
Iteration 0964 | train reward: 529.71 | best: 547.15 | KL: 1.952e-04 | std: 0.4793 | rollout: 7.407s | update: 0.317s | total: 7.724s | samples/s: 8286
Iteration 0965 | train reward: 535.71 | best: 547.15 | KL: 2.754e-04 | std: 0.4793 | rollout: 9.052s | update: 0.313s | total: 9.365s | samples/s: 6834
Iteration 0966 | train reward: 502.78 | best: 547.15 | KL: 1.959e-04 | std: 0.4792 | rollout: 8.173s | update: 0.257s | total: 8.430s | samples/s: 7592
Iteration 0967 | train reward: 561.24 | best: 561.24 | KL: 1.964e-04 | std: 0.4792 | rollout: 7.803s | update: 0.346s | total: 8.149s | samples/s: 7854
Iteration 0968 | train reward: 544.90 | best: 561.24 | KL: 2.307e-04 | std: 0.4791 | rollout: 8.249s | update: 0.260s | total: 8.509s | samples/s: 7522
Iteration 0969 | train reward: 509.45 | best: 561.24 | KL: 1.809e-04 | std: 0.4792 | rollout: 8.399s | update: 0.260s | total: 8.659s | samples/s: 7392
Iteration 0970 | train reward: 569.87 | best: 569.87 | KL: 1.690e-04 | std: 0.4790 | rollout: 7.573s | update: 0.259s | total: 7.833s | samples/s: 8171
Iteration 0971 | train reward: 554.43 | best: 569.87 | KL: 2.065e-04 | std: 0.4790 | rollout: 7.246s | update: 0.322s | total: 7.569s | samples/s: 8456
Iteration 0972 | train reward: 546.03 | best: 569.87 | KL: 1.882e-04 | std: 0.4785 | rollout: 9.124s | update: 0.368s | total: 9.492s | samples/s: 6742
Iteration 0973 | train reward: 565.86 | best: 569.87 | KL: 1.841e-04 | std: 0.4784 | rollout: 8.642s | update: 0.254s | total: 8.896s | samples/s: 7195
Iteration 0974 | train reward: 588.71 | best: 588.71 | KL: 2.199e-04 | std: 0.4782 | rollout: 7.861s | update: 0.323s | total: 8.184s | samples/s: 7821
Iteration 0975 | train reward: 531.82 | best: 588.71 | KL: 1.852e-04 | std: 0.4775 | rollout: 7.660s | update: 0.309s | total: 7.969s | samples/s: 8031
Iteration 0976 | train reward: 561.28 | best: 588.71 | KL: 2.303e-04 | std: 0.4773 | rollout: 8.992s | update: 0.258s | total: 9.250s | samples/s: 6919
Iteration 0977 | train reward: 557.87 | best: 588.71 | KL: 2.274e-04 | std: 0.4768 | rollout: 9.008s | update: 0.293s | total: 9.301s | samples/s: 6881
Iteration 0978 | train reward: 555.27 | best: 588.71 | KL: 2.301e-04 | std: 0.4766 | rollout: 8.957s | update: 0.280s | total: 9.237s | samples/s: 6929
Iteration 0979 | train reward: 594.65 | best: 594.65 | KL: 2.342e-04 | std: 0.4763 | rollout: 8.250s | update: 0.310s | total: 8.560s | samples/s: 7477
Iteration 0980 | train reward: 567.76 | best: 594.65 | KL: 1.769e-04 | std: 0.4757 | rollout: 8.290s | update: 0.308s | total: 8.598s | samples/s: 7444
Iteration 0981 | train reward: 565.78 | best: 594.65 | KL: 2.597e-04 | std: 0.4749 | rollout: 8.489s | update: 0.278s | total: 8.767s | samples/s: 7300
Iteration 0982 | train reward: 561.12 | best: 594.65 | KL: 2.682e-04 | std: 0.4747 | rollout: 7.312s | update: 0.254s | total: 7.566s | samples/s: 8459
Iteration 0983 | train reward: 580.23 | best: 594.65 | KL: 1.788e-04 | std: 0.4747 | rollout: 8.023s | update: 0.285s | total: 8.307s | samples/s: 7704
Iteration 0984 | train reward: 556.04 | best: 594.65 | KL: 2.186e-04 | std: 0.4748 | rollout: 10.077s | update: 0.353s | total: 10.430s | samples/s: 6136
Iteration 0985 | train reward: 536.91 | best: 594.65 | KL: 1.998e-04 | std: 0.4747 | rollout: 7.732s | update: 0.315s | total: 8.047s | samples/s: 7953
Iteration 0986 | train reward: 570.93 | best: 594.65 | KL: 2.469e-04 | std: 0.4740 | rollout: 8.362s | update: 0.297s | total: 8.659s | samples/s: 7391
Iteration 0987 | train reward: 522.25 | best: 594.65 | KL: 2.486e-04 | std: 0.4741 | rollout: 7.525s | update: 0.282s | total: 7.807s | samples/s: 8198
Iteration 0988 | train reward: 555.62 | best: 594.65 | KL: 2.108e-04 | std: 0.4741 | rollout: 7.669s | update: 0.281s | total: 7.950s | samples/s: 8050
Iteration 0989 | train reward: 574.67 | best: 594.65 | KL: 2.319e-04 | std: 0.4740 | rollout: 8.530s | update: 0.253s | total: 8.783s | samples/s: 7287
Iteration 0990 | train reward: 567.06 | best: 594.65 | KL: 2.532e-04 | std: 0.4740 | rollout: 8.169s | update: 0.287s | total: 8.456s | samples/s: 7568
Iteration 0991 | train reward: 578.41 | best: 594.65 | KL: 2.088e-04 | std: 0.4740 | rollout: 7.965s | update: 0.327s | total: 8.292s | samples/s: 7718
Iteration 0992 | train reward: 609.88 | best: 609.88 | KL: 1.842e-04 | std: 0.4738 | rollout: 10.053s | update: 0.282s | total: 10.335s | samples/s: 6192
Iteration 0993 | train reward: 564.26 | best: 609.88 | KL: 2.685e-04 | std: 0.4731 | rollout: 7.918s | update: 0.260s | total: 8.178s | samples/s: 7826
Iteration 0994 | train reward: 565.17 | best: 609.88 | KL: 2.191e-04 | std: 0.4731 | rollout: 8.639s | update: 0.255s | total: 8.894s | samples/s: 7196
Iteration 0995 | train reward: 595.96 | best: 609.88 | KL: 1.810e-04 | std: 0.4732 | rollout: 8.567s | update: 0.262s | total: 8.828s | samples/s: 7249
Iteration 0996 | train reward: 570.38 | best: 609.88 | KL: 2.011e-04 | std: 0.4730 | rollout: 7.547s | update: 0.267s | total: 7.814s | samples/s: 8191
Iteration 0997 | train reward: 571.84 | best: 609.88 | KL: 2.094e-04 | std: 0.4731 | rollout: 8.847s | update: 0.281s | total: 9.128s | samples/s: 7011
Iteration 0998 | train reward: 582.31 | best: 609.88 | KL: 2.608e-04 | std: 0.4723 | rollout: 8.995s | update: 0.286s | total: 9.281s | samples/s: 6896
Iteration 0999 | train reward: 570.59 | best: 609.88 | KL: 1.995e-04 | std: 0.4716 | rollout: 8.574s | update: 0.285s | total: 8.860s | samples/s: 7224
Iteration 1000 | train reward: 602.81 | best: 609.88 | KL: 2.445e-04 | std: 0.4714 | rollout: 7.635s | update: 0.309s | total: 7.944s | samples/s: 8056
Iteration 1001 | train reward: 583.86 | best: 609.88 | KL: 2.515e-04 | std: 0.4714 | rollout: 9.175s | update: 0.379s | total: 9.554s | samples/s: 6699
Iteration 1002 | train reward: 590.72 | best: 609.88 | KL: 2.431e-04 | std: 0.4713 | rollout: 7.715s | update: 0.271s | total: 7.986s | samples/s: 8014
Iteration 1003 | train reward: 604.89 | best: 609.88 | KL: 2.364e-04 | std: 0.4711 | rollout: 7.890s | update: 0.315s | total: 8.205s | samples/s: 7800
Iteration 1004 | train reward: 603.06 | best: 609.88 | KL: 2.415e-04 | std: 0.4706 | rollout: 7.589s | update: 0.377s | total: 7.966s | samples/s: 8034
Iteration 1005 | train reward: 639.68 | best: 639.68 | KL: 2.044e-04 | std: 0.4697 | rollout: 8.442s | update: 0.263s | total: 8.705s | samples/s: 7352
Iteration 1006 | train reward: 600.55 | best: 639.68 | KL: 2.199e-04 | std: 0.4697 | rollout: 7.320s | update: 0.382s | total: 7.702s | samples/s: 8310
Iteration 1007 | train reward: 612.82 | best: 639.68 | KL: 2.408e-04 | std: 0.4697 | rollout: 8.933s | update: 0.343s | total: 9.276s | samples/s: 6899
Iteration 1008 | train reward: 609.72 | best: 639.68 | KL: 1.943e-04 | std: 0.4695 | rollout: 8.755s | update: 0.354s | total: 9.108s | samples/s: 7027
Iteration 1009 | train reward: 627.03 | best: 639.68 | KL: 1.927e-04 | std: 0.4689 | rollout: 7.745s | update: 0.265s | total: 8.011s | samples/s: 7989
Iteration 1010 | train reward: 590.30 | best: 639.68 | KL: 2.317e-04 | std: 0.4687 | rollout: 7.739s | update: 0.273s | total: 8.013s | samples/s: 7988
Iteration 1011 | train reward: 608.36 | best: 639.68 | KL: 2.697e-04 | std: 0.4686 | rollout: 7.606s | update: 0.264s | total: 7.870s | samples/s: 8132
Iteration 1012 | train reward: 616.74 | best: 639.68 | KL: 2.176e-04 | std: 0.4685 | rollout: 8.627s | update: 0.337s | total: 8.964s | samples/s: 7139
Iteration 1013 | train reward: 618.63 | best: 639.68 | KL: 1.590e-04 | std: 0.4671 | rollout: 7.636s | update: 0.333s | total: 7.969s | samples/s: 8031
Iteration 1014 | train reward: 628.68 | best: 639.68 | KL: 2.809e-04 | std: 0.4669 | rollout: 8.973s | update: 0.324s | total: 9.297s | samples/s: 6884
Iteration 1015 | train reward: 605.85 | best: 639.68 | KL: 2.245e-04 | std: 0.4662 | rollout: 8.270s | update: 0.283s | total: 8.553s | samples/s: 7482
Iteration 1016 | train reward: 646.37 | best: 646.37 | KL: 2.690e-04 | std: 0.4661 | rollout: 9.788s | update: 0.295s | total: 10.083s | samples/s: 6347
Iteration 1017 | train reward: 631.10 | best: 646.37 | KL: 2.064e-04 | std: 0.4654 | rollout: 8.577s | update: 0.273s | total: 8.851s | samples/s: 7231
Iteration 1018 | train reward: 615.38 | best: 646.37 | KL: 2.194e-04 | std: 0.4654 | rollout: 8.826s | update: 0.349s | total: 9.175s | samples/s: 6976
Iteration 1019 | train reward: 641.66 | best: 646.37 | KL: 2.508e-04 | std: 0.4659 | rollout: 8.523s | update: 0.262s | total: 8.785s | samples/s: 7285
Iteration 1020 | train reward: 629.26 | best: 646.37 | KL: 2.241e-04 | std: 0.4652 | rollout: 8.219s | update: 0.253s | total: 8.472s | samples/s: 7554
Iteration 1021 | train reward: 621.85 | best: 646.37 | KL: 2.634e-04 | std: 0.4643 | rollout: 8.134s | update: 0.359s | total: 8.493s | samples/s: 7536
Iteration 1022 | train reward: 639.63 | best: 646.37 | KL: 2.322e-04 | std: 0.4638 | rollout: 8.120s | update: 0.265s | total: 8.385s | samples/s: 7633
Iteration 1023 | train reward: 624.09 | best: 646.37 | KL: 2.819e-04 | std: 0.4637 | rollout: 8.335s | update: 0.322s | total: 8.657s | samples/s: 7393
Iteration 1024 | train reward: 652.12 | best: 652.12 | KL: 2.536e-04 | std: 0.4635 | rollout: 8.117s | update: 0.311s | total: 8.428s | samples/s: 7594
Iteration 1025 | train reward: 667.61 | best: 667.61 | KL: 2.227e-04 | std: 0.4634 | rollout: 8.578s | update: 0.308s | total: 8.886s | samples/s: 7202
Iteration 1026 | train reward: 646.52 | best: 667.61 | KL: 2.389e-04 | std: 0.4633 | rollout: 8.639s | update: 0.349s | total: 8.988s | samples/s: 7121
Iteration 1027 | train reward: 656.67 | best: 667.61 | KL: 2.861e-04 | std: 0.4626 | rollout: 7.186s | update: 0.281s | total: 7.467s | samples/s: 8571
Iteration 1028 | train reward: 603.47 | best: 667.61 | KL: 2.481e-04 | std: 0.4619 | rollout: 8.723s | update: 0.293s | total: 9.017s | samples/s: 7098
Iteration 1029 | train reward: 637.15 | best: 667.61 | KL: 3.081e-04 | std: 0.4617 | rollout: 7.690s | update: 0.329s | total: 8.018s | samples/s: 7982
Iteration 1030 | train reward: 647.66 | best: 667.61 | KL: 2.993e-04 | std: 0.4610 | rollout: 8.305s | update: 0.356s | total: 8.661s | samples/s: 7389
Iteration 1031 | train reward: 648.48 | best: 667.61 | KL: 2.153e-04 | std: 0.4611 | rollout: 8.561s | update: 0.303s | total: 8.864s | samples/s: 7220
Iteration 1032 | train reward: 688.83 | best: 688.83 | KL: 3.469e-04 | std: 0.4609 | rollout: 9.928s | update: 0.308s | total: 10.237s | samples/s: 6252
Iteration 1033 | train reward: 639.24 | best: 688.83 | KL: 3.161e-04 | std: 0.4610 | rollout: 7.822s | update: 0.300s | total: 8.121s | samples/s: 7880
Iteration 1034 | train reward: 663.28 | best: 688.83 | KL: 3.369e-04 | std: 0.4609 | rollout: 8.230s | update: 0.297s | total: 8.527s | samples/s: 7506
Iteration 1035 | train reward: 648.48 | best: 688.83 | KL: 2.436e-04 | std: 0.4609 | rollout: 8.482s | update: 0.261s | total: 8.744s | samples/s: 7320
Iteration 1036 | train reward: 643.25 | best: 688.83 | KL: 3.307e-04 | std: 0.4608 | rollout: 8.997s | update: 0.332s | total: 9.329s | samples/s: 6860
Iteration 1037 | train reward: 654.32 | best: 688.83 | KL: 2.483e-04 | std: 0.4607 | rollout: 9.154s | update: 0.265s | total: 9.419s | samples/s: 6795
Iteration 1038 | train reward: 651.06 | best: 688.83 | KL: 2.422e-04 | std: 0.4602 | rollout: 7.906s | update: 0.323s | total: 8.229s | samples/s: 7778
Iteration 1039 | train reward: 664.65 | best: 688.83 | KL: 2.411e-04 | std: 0.4593 | rollout: 8.173s | update: 0.260s | total: 8.433s | samples/s: 7589
Iteration 1040 | train reward: 648.04 | best: 688.83 | KL: 2.105e-04 | std: 0.4600 | rollout: 7.712s | update: 0.258s | total: 7.971s | samples/s: 8029
Iteration 1041 | train reward: 647.10 | best: 688.83 | KL: 2.730e-04 | std: 0.4602 | rollout: 7.456s | update: 0.280s | total: 7.736s | samples/s: 8273
Iteration 1042 | train reward: 682.59 | best: 688.83 | KL: 2.906e-04 | std: 0.4593 | rollout: 8.562s | update: 0.324s | total: 8.886s | samples/s: 7202
Iteration 1043 | train reward: 662.20 | best: 688.83 | KL: 2.904e-04 | std: 0.4593 | rollout: 8.858s | update: 0.255s | total: 9.114s | samples/s: 7022
Iteration 1044 | train reward: 669.63 | best: 688.83 | KL: 2.952e-04 | std: 0.4591 | rollout: 8.014s | update: 0.267s | total: 8.281s | samples/s: 7728
Iteration 1045 | train reward: 647.76 | best: 688.83 | KL: 2.285e-04 | std: 0.4585 | rollout: 8.397s | update: 0.277s | total: 8.674s | samples/s: 7378
Iteration 1046 | train reward: 681.81 | best: 688.83 | KL: 3.448e-04 | std: 0.4584 | rollout: 8.367s | update: 0.296s | total: 8.663s | samples/s: 7388
Iteration 1047 | train reward: 666.80 | best: 688.83 | KL: 2.292e-04 | std: 0.4583 | rollout: 8.312s | update: 0.326s | total: 8.638s | samples/s: 7409
Iteration 1048 | train reward: 671.71 | best: 688.83 | KL: 2.916e-04 | std: 0.4581 | rollout: 8.178s | update: 0.255s | total: 8.433s | samples/s: 7589
Iteration 1049 | train reward: 686.01 | best: 688.83 | KL: 2.076e-04 | std: 0.4581 | rollout: 7.297s | update: 0.302s | total: 7.598s | samples/s: 8423
Iteration 1050 | train reward: 662.44 | best: 688.83 | KL: 3.572e-04 | std: 0.4583 | rollout: 8.445s | update: 0.343s | total: 8.788s | samples/s: 7283
Iteration 1051 | train reward: 643.46 | best: 688.83 | KL: 3.498e-04 | std: 0.4581 | rollout: 9.050s | update: 0.332s | total: 9.383s | samples/s: 6821
Iteration 1052 | train reward: 672.43 | best: 688.83 | KL: 3.282e-04 | std: 0.4581 | rollout: 8.468s | update: 0.302s | total: 8.770s | samples/s: 7298
Iteration 1053 | train reward: 659.43 | best: 688.83 | KL: 2.439e-04 | std: 0.4581 | rollout: 8.680s | update: 0.364s | total: 9.044s | samples/s: 7076
Iteration 1054 | train reward: 688.72 | best: 688.83 | KL: 3.061e-04 | std: 0.4576 | rollout: 7.856s | update: 0.291s | total: 8.147s | samples/s: 7856
Iteration 1055 | train reward: 680.59 | best: 688.83 | KL: 2.572e-04 | std: 0.4576 | rollout: 8.717s | update: 0.321s | total: 9.038s | samples/s: 7081
Iteration 1056 | train reward: 697.63 | best: 697.63 | KL: 2.634e-04 | std: 0.4574 | rollout: 8.503s | update: 0.253s | total: 8.757s | samples/s: 7309
Iteration 1057 | train reward: 670.63 | best: 697.63 | KL: 2.649e-04 | std: 0.4574 | rollout: 7.864s | update: 0.287s | total: 8.151s | samples/s: 7852
Iteration 1058 | train reward: 672.32 | best: 697.63 | KL: 3.000e-04 | std: 0.4566 | rollout: 8.430s | update: 0.292s | total: 8.723s | samples/s: 7337
Iteration 1059 | train reward: 632.77 | best: 697.63 | KL: 3.072e-04 | std: 0.4560 | rollout: 8.806s | update: 0.255s | total: 9.062s | samples/s: 7063
Iteration 1060 | train reward: 704.87 | best: 704.87 | KL: 2.316e-04 | std: 0.4560 | rollout: 7.202s | update: 0.318s | total: 7.520s | samples/s: 8511
Iteration 1061 | train reward: 703.56 | best: 704.87 | KL: 2.602e-04 | std: 0.4559 | rollout: 8.306s | update: 0.291s | total: 8.597s | samples/s: 7445
Iteration 1062 | train reward: 675.98 | best: 704.87 | KL: 2.666e-04 | std: 0.4565 | rollout: 7.307s | update: 0.309s | total: 7.616s | samples/s: 8404
Iteration 1063 | train reward: 713.45 | best: 713.45 | KL: 2.231e-04 | std: 0.4566 | rollout: 8.909s | update: 0.294s | total: 9.203s | samples/s: 6954
Iteration 1064 | train reward: 665.59 | best: 713.45 | KL: 2.776e-04 | std: 0.4567 | rollout: 8.888s | update: 0.355s | total: 9.243s | samples/s: 6924
Iteration 1065 | train reward: 689.09 | best: 713.45 | KL: 3.588e-04 | std: 0.4566 | rollout: 8.066s | update: 0.316s | total: 8.382s | samples/s: 7635
Iteration 1066 | train reward: 693.86 | best: 713.45 | KL: 2.924e-04 | std: 0.4558 | rollout: 8.377s | update: 0.327s | total: 8.703s | samples/s: 7353
Iteration 1067 | train reward: 680.24 | best: 713.45 | KL: 2.625e-04 | std: 0.4557 | rollout: 7.733s | update: 0.319s | total: 8.052s | samples/s: 7948
Iteration 1068 | train reward: 733.04 | best: 733.04 | KL: 2.667e-04 | std: 0.4557 | rollout: 7.884s | update: 0.314s | total: 8.198s | samples/s: 7806
Iteration 1069 | train reward: 710.75 | best: 733.04 | KL: 2.326e-04 | std: 0.4555 | rollout: 7.604s | update: 0.269s | total: 7.874s | samples/s: 8129
Iteration 1070 | train reward: 725.73 | best: 733.04 | KL: 2.941e-04 | std: 0.4555 | rollout: 9.170s | update: 0.309s | total: 9.479s | samples/s: 6751
Iteration 1071 | train reward: 666.17 | best: 733.04 | KL: 2.753e-04 | std: 0.4550 | rollout: 7.800s | update: 0.297s | total: 8.097s | samples/s: 7904
Iteration 1072 | train reward: 692.77 | best: 733.04 | KL: 3.185e-04 | std: 0.4541 | rollout: 6.371s | update: 0.261s | total: 6.632s | samples/s: 9651
Iteration 1073 | train reward: 690.23 | best: 733.04 | KL: 3.063e-04 | std: 0.4541 | rollout: 8.155s | update: 0.284s | total: 8.439s | samples/s: 7584
Iteration 1074 | train reward: 653.53 | best: 733.04 | KL: 3.561e-04 | std: 0.4539 | rollout: 7.913s | update: 0.265s | total: 8.178s | samples/s: 7826
Iteration 1075 | train reward: 725.60 | best: 733.04 | KL: 2.781e-04 | std: 0.4534 | rollout: 8.294s | update: 0.265s | total: 8.559s | samples/s: 7477
Iteration 1076 | train reward: 723.73 | best: 733.04 | KL: 3.141e-04 | std: 0.4532 | rollout: 7.432s | update: 0.334s | total: 7.766s | samples/s: 8241
Iteration 1077 | train reward: 720.94 | best: 733.04 | KL: 3.190e-04 | std: 0.4532 | rollout: 7.923s | update: 0.322s | total: 8.245s | samples/s: 7762
Iteration 1078 | train reward: 703.05 | best: 733.04 | KL: 3.974e-04 | std: 0.4531 | rollout: 9.515s | update: 0.326s | total: 9.841s | samples/s: 6503
Iteration 1079 | train reward: 715.96 | best: 733.04 | KL: 3.277e-04 | std: 0.4531 | rollout: 7.493s | update: 0.257s | total: 7.751s | samples/s: 8257
Iteration 1080 | train reward: 696.45 | best: 733.04 | KL: 3.495e-04 | std: 0.4532 | rollout: 7.674s | update: 0.286s | total: 7.961s | samples/s: 8040
Iteration 1081 | train reward: 695.67 | best: 733.04 | KL: 2.543e-04 | std: 0.4532 | rollout: 9.199s | update: 0.278s | total: 9.477s | samples/s: 6753
Iteration 1082 | train reward: 696.89 | best: 733.04 | KL: 2.010e-04 | std: 0.4531 | rollout: 8.700s | update: 0.308s | total: 9.008s | samples/s: 7105
Iteration 1083 | train reward: 731.81 | best: 733.04 | KL: 3.273e-04 | std: 0.4529 | rollout: 8.364s | update: 0.268s | total: 8.632s | samples/s: 7414
Iteration 1084 | train reward: 726.29 | best: 733.04 | KL: 2.980e-04 | std: 0.4523 | rollout: 8.155s | update: 0.280s | total: 8.435s | samples/s: 7587
Iteration 1085 | train reward: 719.18 | best: 733.04 | KL: 3.268e-04 | std: 0.4521 | rollout: 9.756s | update: 0.272s | total: 10.028s | samples/s: 6382
Iteration 1086 | train reward: 708.87 | best: 733.04 | KL: 3.224e-04 | std: 0.4522 | rollout: 7.972s | update: 0.263s | total: 8.235s | samples/s: 7772
Iteration 1087 | train reward: 693.55 | best: 733.04 | KL: 3.116e-04 | std: 0.4523 | rollout: 8.545s | update: 0.317s | total: 8.862s | samples/s: 7222
Iteration 1088 | train reward: 716.84 | best: 733.04 | KL: 3.713e-04 | std: 0.4515 | rollout: 8.358s | update: 0.305s | total: 8.663s | samples/s: 7387
Iteration 1089 | train reward: 732.17 | best: 733.04 | KL: 2.988e-04 | std: 0.4515 | rollout: 8.906s | update: 0.357s | total: 9.263s | samples/s: 6909
Iteration 1090 | train reward: 732.03 | best: 733.04 | KL: 3.313e-04 | std: 0.4514 | rollout: 8.657s | update: 0.272s | total: 8.929s | samples/s: 7168
Iteration 1091 | train reward: 735.63 | best: 735.63 | KL: 3.677e-04 | std: 0.4507 | rollout: 9.091s | update: 0.306s | total: 9.397s | samples/s: 6811
Iteration 1092 | train reward: 747.21 | best: 747.21 | KL: 2.942e-04 | std: 0.4505 | rollout: 9.153s | update: 0.309s | total: 9.462s | samples/s: 6764
Iteration 1093 | train reward: 756.81 | best: 756.81 | KL: 3.597e-04 | std: 0.4505 | rollout: 8.770s | update: 0.292s | total: 9.062s | samples/s: 7063
Iteration 1094 | train reward: 684.63 | best: 756.81 | KL: 4.150e-04 | std: 0.4505 | rollout: 7.520s | update: 0.253s | total: 7.773s | samples/s: 8233
Iteration 1095 | train reward: 751.53 | best: 756.81 | KL: 3.455e-04 | std: 0.4505 | rollout: 8.263s | update: 0.303s | total: 8.566s | samples/s: 7472
Iteration 1096 | train reward: 730.74 | best: 756.81 | KL: 4.150e-04 | std: 0.4505 | rollout: 9.566s | update: 0.264s | total: 9.831s | samples/s: 6510
Iteration 1097 | train reward: 773.34 | best: 773.34 | KL: 4.706e-04 | std: 0.4498 | rollout: 8.369s | update: 0.387s | total: 8.755s | samples/s: 7310
Iteration 1098 | train reward: 773.56 | best: 773.56 | KL: 3.275e-04 | std: 0.4503 | rollout: 8.608s | update: 0.311s | total: 8.919s | samples/s: 7176
Iteration 1099 | train reward: 777.00 | best: 777.00 | KL: 2.985e-04 | std: 0.4498 | rollout: 10.303s | update: 0.261s | total: 10.564s | samples/s: 6058
Iteration 1100 | train reward: 771.07 | best: 777.00 | KL: 3.147e-04 | std: 0.4498 | rollout: 8.623s | update: 0.328s | total: 8.952s | samples/s: 7149
Iteration 1101 | train reward: 774.81 | best: 777.00 | KL: 2.554e-04 | std: 0.4497 | rollout: 8.673s | update: 0.268s | total: 8.941s | samples/s: 7158
Iteration 1102 | train reward: 755.82 | best: 777.00 | KL: 3.235e-04 | std: 0.4498 | rollout: 7.452s | update: 0.284s | total: 7.736s | samples/s: 8274
Iteration 1103 | train reward: 712.07 | best: 777.00 | KL: 4.078e-04 | std: 0.4498 | rollout: 7.238s | update: 0.316s | total: 7.554s | samples/s: 8472
Iteration 1104 | train reward: 792.16 | best: 792.16 | KL: 2.618e-04 | std: 0.4503 | rollout: 7.756s | update: 0.296s | total: 8.052s | samples/s: 7948
Iteration 1105 | train reward: 790.31 | best: 792.16 | KL: 3.076e-04 | std: 0.4503 | rollout: 8.037s | update: 0.253s | total: 8.290s | samples/s: 7720
Iteration 1106 | train reward: 761.70 | best: 792.16 | KL: 4.209e-04 | std: 0.4503 | rollout: 7.934s | update: 0.291s | total: 8.225s | samples/s: 7781
Iteration 1107 | train reward: 773.58 | best: 792.16 | KL: 2.877e-04 | std: 0.4498 | rollout: 8.989s | update: 0.289s | total: 9.278s | samples/s: 6898
Iteration 1108 | train reward: 736.50 | best: 792.16 | KL: 2.996e-04 | std: 0.4498 | rollout: 7.881s | update: 0.264s | total: 8.145s | samples/s: 7857
Iteration 1109 | train reward: 754.96 | best: 792.16 | KL: 3.542e-04 | std: 0.4496 | rollout: 8.609s | update: 0.260s | total: 8.869s | samples/s: 7216
Iteration 1110 | train reward: 774.55 | best: 792.16 | KL: 3.033e-04 | std: 0.4489 | rollout: 8.562s | update: 0.254s | total: 8.816s | samples/s: 7259
Iteration 1111 | train reward: 779.98 | best: 792.16 | KL: 3.484e-04 | std: 0.4487 | rollout: 9.063s | update: 0.291s | total: 9.354s | samples/s: 6842
Iteration 1112 | train reward: 735.73 | best: 792.16 | KL: 3.496e-04 | std: 0.4481 | rollout: 8.215s | update: 0.304s | total: 8.519s | samples/s: 7513
Iteration 1113 | train reward: 814.29 | best: 814.29 | KL: 2.673e-04 | std: 0.4479 | rollout: 8.396s | update: 0.334s | total: 8.730s | samples/s: 7331
Iteration 1114 | train reward: 814.80 | best: 814.80 | KL: 3.138e-04 | std: 0.4479 | rollout: 9.312s | update: 0.330s | total: 9.642s | samples/s: 6638
Iteration 1115 | train reward: 748.20 | best: 814.80 | KL: 3.493e-04 | std: 0.4477 | rollout: 8.637s | update: 0.292s | total: 8.929s | samples/s: 7168
Iteration 1116 | train reward: 795.63 | best: 814.80 | KL: 3.394e-04 | std: 0.4479 | rollout: 7.189s | update: 0.256s | total: 7.444s | samples/s: 8597
Iteration 1117 | train reward: 787.51 | best: 814.80 | KL: 2.887e-04 | std: 0.4472 | rollout: 8.663s | update: 0.311s | total: 8.974s | samples/s: 7131
Iteration 1118 | train reward: 821.92 | best: 821.92 | KL: 3.637e-04 | std: 0.4472 | rollout: 8.197s | update: 0.277s | total: 8.475s | samples/s: 7552
Iteration 1119 | train reward: 824.36 | best: 824.36 | KL: 2.740e-04 | std: 0.4471 | rollout: 8.135s | update: 0.256s | total: 8.391s | samples/s: 7627
Iteration 1120 | train reward: 822.78 | best: 824.36 | KL: 3.329e-04 | std: 0.4471 | rollout: 6.903s | update: 0.253s | total: 7.156s | samples/s: 8944
Iteration 1121 | train reward: 784.76 | best: 824.36 | KL: 4.561e-04 | std: 0.4471 | rollout: 8.228s | update: 0.325s | total: 8.553s | samples/s: 7483
Iteration 1122 | train reward: 799.98 | best: 824.36 | KL: 4.288e-04 | std: 0.4461 | rollout: 7.893s | update: 0.284s | total: 8.176s | samples/s: 7828
Iteration 1123 | train reward: 783.60 | best: 824.36 | KL: 3.500e-04 | std: 0.4461 | rollout: 7.386s | update: 0.335s | total: 7.721s | samples/s: 8290
Iteration 1124 | train reward: 799.04 | best: 824.36 | KL: 2.989e-04 | std: 0.4461 | rollout: 9.001s | update: 0.325s | total: 9.326s | samples/s: 6863
Iteration 1125 | train reward: 833.47 | best: 833.47 | KL: 3.864e-04 | std: 0.4455 | rollout: 8.465s | update: 0.257s | total: 8.721s | samples/s: 7338
Iteration 1126 | train reward: 812.68 | best: 833.47 | KL: 3.554e-04 | std: 0.4454 | rollout: 7.859s | update: 0.292s | total: 8.152s | samples/s: 7851
Iteration 1127 | train reward: 834.77 | best: 834.77 | KL: 3.514e-04 | std: 0.4453 | rollout: 9.148s | update: 0.286s | total: 9.434s | samples/s: 6784
Iteration 1128 | train reward: 833.64 | best: 834.77 | KL: 3.196e-04 | std: 0.4451 | rollout: 7.871s | update: 0.260s | total: 8.131s | samples/s: 7871
Iteration 1129 | train reward: 812.97 | best: 834.77 | KL: 3.586e-04 | std: 0.4444 | rollout: 7.892s | update: 0.273s | total: 8.165s | samples/s: 7838
Iteration 1130 | train reward: 815.65 | best: 834.77 | KL: 3.414e-04 | std: 0.4443 | rollout: 8.656s | update: 0.252s | total: 8.908s | samples/s: 7185
Iteration 1131 | train reward: 850.96 | best: 850.96 | KL: 3.230e-04 | std: 0.4435 | rollout: 8.527s | update: 0.326s | total: 8.854s | samples/s: 7229
Iteration 1132 | train reward: 824.77 | best: 850.96 | KL: 4.111e-04 | std: 0.4437 | rollout: 8.921s | update: 0.254s | total: 9.175s | samples/s: 6976
Iteration 1133 | train reward: 828.71 | best: 850.96 | KL: 4.449e-04 | std: 0.4428 | rollout: 8.249s | update: 0.319s | total: 8.569s | samples/s: 7469
Iteration 1134 | train reward: 818.69 | best: 850.96 | KL: 3.487e-04 | std: 0.4427 | rollout: 7.769s | update: 0.259s | total: 8.027s | samples/s: 7973
Iteration 1135 | train reward: 813.72 | best: 850.96 | KL: 3.903e-04 | std: 0.4427 | rollout: 8.308s | update: 0.327s | total: 8.635s | samples/s: 7412
Iteration 1136 | train reward: 832.94 | best: 850.96 | KL: 4.706e-04 | std: 0.4428 | rollout: 9.175s | update: 0.283s | total: 9.459s | samples/s: 6766
Iteration 1137 | train reward: 830.83 | best: 850.96 | KL: 3.711e-04 | std: 0.4429 | rollout: 7.789s | update: 0.254s | total: 8.042s | samples/s: 7958
Iteration 1138 | train reward: 822.38 | best: 850.96 | KL: 3.371e-04 | std: 0.4428 | rollout: 8.903s | update: 0.292s | total: 9.195s | samples/s: 6960
Iteration 1139 | train reward: 809.13 | best: 850.96 | KL: 3.866e-04 | std: 0.4428 | rollout: 7.715s | update: 0.295s | total: 8.010s | samples/s: 7990
Iteration 1140 | train reward: 840.15 | best: 850.96 | KL: 3.465e-04 | std: 0.4427 | rollout: 7.310s | update: 0.252s | total: 7.562s | samples/s: 8464
Iteration 1141 | train reward: 845.77 | best: 850.96 | KL: 3.729e-04 | std: 0.4425 | rollout: 7.774s | update: 0.305s | total: 8.078s | samples/s: 7923
Iteration 1142 | train reward: 854.08 | best: 854.08 | KL: 4.006e-04 | std: 0.4425 | rollout: 8.448s | update: 0.254s | total: 8.702s | samples/s: 7355
Iteration 1143 | train reward: 880.21 | best: 880.21 | KL: 4.309e-04 | std: 0.4425 | rollout: 7.650s | update: 0.303s | total: 7.953s | samples/s: 8047
Iteration 1144 | train reward: 840.48 | best: 880.21 | KL: 4.409e-04 | std: 0.4425 | rollout: 7.390s | update: 0.254s | total: 7.644s | samples/s: 8373
Iteration 1145 | train reward: 875.86 | best: 880.21 | KL: 3.943e-04 | std: 0.4425 | rollout: 7.706s | update: 0.313s | total: 8.019s | samples/s: 7981
Iteration 1146 | train reward: 889.49 | best: 889.49 | KL: 3.914e-04 | std: 0.4419 | rollout: 8.110s | update: 0.306s | total: 8.416s | samples/s: 7604
Iteration 1147 | train reward: 884.29 | best: 889.49 | KL: 4.200e-04 | std: 0.4419 | rollout: 7.901s | update: 0.294s | total: 8.195s | samples/s: 7810
Iteration 1148 | train reward: 873.98 | best: 889.49 | KL: 3.858e-04 | std: 0.4417 | rollout: 7.422s | update: 0.305s | total: 7.726s | samples/s: 8283
Iteration 1149 | train reward: 826.34 | best: 889.49 | KL: 3.992e-04 | std: 0.4409 | rollout: 8.003s | update: 0.295s | total: 8.298s | samples/s: 7712
Iteration 1150 | train reward: 827.04 | best: 889.49 | KL: 4.510e-04 | std: 0.4403 | rollout: 7.541s | update: 0.285s | total: 7.826s | samples/s: 8178
Iteration 1151 | train reward: 868.77 | best: 889.49 | KL: 3.794e-04 | std: 0.4403 | rollout: 7.166s | update: 0.265s | total: 7.430s | samples/s: 8613
Iteration 1152 | train reward: 876.66 | best: 889.49 | KL: 3.364e-04 | std: 0.4401 | rollout: 8.536s | update: 0.254s | total: 8.790s | samples/s: 7281
Iteration 1153 | train reward: 879.62 | best: 889.49 | KL: 3.328e-04 | std: 0.4401 | rollout: 9.001s | update: 0.258s | total: 9.258s | samples/s: 6913
Iteration 1154 | train reward: 896.31 | best: 896.31 | KL: 4.240e-04 | std: 0.4401 | rollout: 7.806s | update: 0.255s | total: 8.061s | samples/s: 7939
Iteration 1155 | train reward: 878.98 | best: 896.31 | KL: 3.816e-04 | std: 0.4399 | rollout: 8.503s | update: 0.287s | total: 8.791s | samples/s: 7280
Iteration 1156 | train reward: 871.62 | best: 896.31 | KL: 3.914e-04 | std: 0.4401 | rollout: 8.010s | update: 0.302s | total: 8.312s | samples/s: 7700
Iteration 1157 | train reward: 863.60 | best: 896.31 | KL: 3.458e-04 | std: 0.4393 | rollout: 8.085s | update: 0.278s | total: 8.362s | samples/s: 7653
Iteration 1158 | train reward: 904.57 | best: 904.57 | KL: 6.409e-04 | std: 0.4399 | rollout: 7.795s | update: 0.276s | total: 8.071s | samples/s: 7929
Iteration 1159 | train reward: 879.25 | best: 904.57 | KL: 3.739e-04 | std: 0.4393 | rollout: 7.987s | update: 0.353s | total: 8.341s | samples/s: 7673
Iteration 1160 | train reward: 921.00 | best: 921.00 | KL: 3.872e-04 | std: 0.4391 | rollout: 8.860s | update: 0.309s | total: 9.170s | samples/s: 6980
Iteration 1161 | train reward: 911.42 | best: 921.00 | KL: 3.954e-04 | std: 0.4385 | rollout: 7.939s | update: 0.273s | total: 8.212s | samples/s: 7794
Iteration 1162 | train reward: 870.60 | best: 921.00 | KL: 4.242e-04 | std: 0.4385 | rollout: 7.484s | update: 0.253s | total: 7.737s | samples/s: 8272
Iteration 1163 | train reward: 946.23 | best: 946.23 | KL: 3.841e-04 | std: 0.4385 | rollout: 7.330s | update: 0.287s | total: 7.617s | samples/s: 8402
Iteration 1164 | train reward: 898.81 | best: 946.23 | KL: 4.891e-04 | std: 0.4385 | rollout: 7.337s | update: 0.266s | total: 7.603s | samples/s: 8417
Iteration 1165 | train reward: 933.69 | best: 946.23 | KL: 4.206e-04 | std: 0.4383 | rollout: 8.117s | update: 0.327s | total: 8.445s | samples/s: 7579
Iteration 1166 | train reward: 914.25 | best: 946.23 | KL: 3.507e-04 | std: 0.4378 | rollout: 7.868s | update: 0.327s | total: 8.195s | samples/s: 7810
Iteration 1167 | train reward: 917.23 | best: 946.23 | KL: 4.319e-04 | std: 0.4375 | rollout: 9.821s | update: 0.331s | total: 10.152s | samples/s: 6304
Iteration 1168 | train reward: 939.86 | best: 946.23 | KL: 3.974e-04 | std: 0.4375 | rollout: 8.621s | update: 0.345s | total: 8.966s | samples/s: 7138
Iteration 1169 | train reward: 877.66 | best: 946.23 | KL: 3.892e-04 | std: 0.4375 | rollout: 7.727s | update: 0.302s | total: 8.029s | samples/s: 7971
Iteration 1170 | train reward: 940.95 | best: 946.23 | KL: 3.193e-04 | std: 0.4377 | rollout: 8.075s | update: 0.294s | total: 8.369s | samples/s: 7647
Iteration 1171 | train reward: 920.01 | best: 946.23 | KL: 5.315e-04 | std: 0.4375 | rollout: 8.110s | update: 0.347s | total: 8.457s | samples/s: 7568
Iteration 1172 | train reward: 926.24 | best: 946.23 | KL: 4.564e-04 | std: 0.4373 | rollout: 5.868s | update: 0.347s | total: 6.215s | samples/s: 10298
Iteration 1173 | train reward: 928.10 | best: 946.23 | KL: 5.229e-04 | std: 0.4365 | rollout: 8.715s | update: 0.284s | total: 8.999s | samples/s: 7112
Iteration 1174 | train reward: 936.57 | best: 946.23 | KL: 3.388e-04 | std: 0.4359 | rollout: 7.668s | update: 0.310s | total: 7.978s | samples/s: 8022
Iteration 1175 | train reward: 912.76 | best: 946.23 | KL: 4.922e-04 | std: 0.4359 | rollout: 7.329s | update: 0.264s | total: 7.593s | samples/s: 8429
Iteration 1176 | train reward: 943.43 | best: 946.23 | KL: 4.711e-04 | std: 0.4357 | rollout: 7.648s | update: 0.317s | total: 7.965s | samples/s: 8035
Iteration 1177 | train reward: 919.21 | best: 946.23 | KL: 4.582e-04 | std: 0.4349 | rollout: 8.058s | update: 0.342s | total: 8.400s | samples/s: 7619
Iteration 1178 | train reward: 913.67 | best: 946.23 | KL: 5.009e-04 | std: 0.4348 | rollout: 8.671s | update: 0.295s | total: 8.965s | samples/s: 7139
Iteration 1179 | train reward: 907.20 | best: 946.23 | KL: 4.413e-04 | std: 0.4349 | rollout: 8.570s | update: 0.280s | total: 8.850s | samples/s: 7231
Iteration 1180 | train reward: 954.86 | best: 954.86 | KL: 3.957e-04 | std: 0.4349 | rollout: 7.613s | update: 0.256s | total: 7.868s | samples/s: 8134
Iteration 1181 | train reward: 940.44 | best: 954.86 | KL: 4.932e-04 | std: 0.4341 | rollout: 7.264s | update: 0.315s | total: 7.579s | samples/s: 8444
Iteration 1182 | train reward: 968.12 | best: 968.12 | KL: 3.103e-04 | std: 0.4341 | rollout: 8.742s | update: 0.331s | total: 9.073s | samples/s: 7054
Iteration 1183 | train reward: 969.34 | best: 969.34 | KL: 3.638e-04 | std: 0.4339 | rollout: 8.271s | update: 0.294s | total: 8.565s | samples/s: 7472
Iteration 1184 | train reward: 951.21 | best: 969.34 | KL: 3.974e-04 | std: 0.4333 | rollout: 8.436s | update: 0.309s | total: 8.745s | samples/s: 7318
Iteration 1185 | train reward: 948.55 | best: 969.34 | KL: 4.482e-04 | std: 0.4331 | rollout: 8.367s | update: 0.291s | total: 8.658s | samples/s: 7392
Iteration 1186 | train reward: 958.26 | best: 969.34 | KL: 4.338e-04 | std: 0.4331 | rollout: 7.342s | update: 0.306s | total: 7.648s | samples/s: 8368
Iteration 1187 | train reward: 975.31 | best: 975.31 | KL: 3.743e-04 | std: 0.4331 | rollout: 8.635s | update: 0.255s | total: 8.890s | samples/s: 7199
Iteration 1188 | train reward: 940.39 | best: 975.31 | KL: 5.230e-04 | std: 0.4333 | rollout: 8.257s | update: 0.335s | total: 8.592s | samples/s: 7449
Iteration 1189 | train reward: 961.12 | best: 975.31 | KL: 4.693e-04 | std: 0.4331 | rollout: 8.151s | update: 0.328s | total: 8.479s | samples/s: 7548
Iteration 1190 | train reward: 972.48 | best: 975.31 | KL: 3.391e-04 | std: 0.4331 | rollout: 8.106s | update: 0.327s | total: 8.433s | samples/s: 7589
Iteration 1191 | train reward: 953.03 | best: 975.31 | KL: 4.638e-04 | std: 0.4331 | rollout: 7.983s | update: 0.300s | total: 8.283s | samples/s: 7727
Iteration 1192 | train reward: 957.01 | best: 975.31 | KL: 5.315e-04 | std: 0.4333 | rollout: 8.518s | update: 0.374s | total: 8.892s | samples/s: 7198
Iteration 1193 | train reward: 976.25 | best: 976.25 | KL: 3.602e-04 | std: 0.4333 | rollout: 8.254s | update: 0.254s | total: 8.508s | samples/s: 7522
Iteration 1194 | train reward: 992.15 | best: 992.15 | KL: 4.259e-04 | std: 0.4339 | rollout: 7.882s | update: 0.257s | total: 8.139s | samples/s: 7863
Iteration 1195 | train reward: 971.47 | best: 992.15 | KL: 5.523e-04 | std: 0.4333 | rollout: 8.128s | update: 0.292s | total: 8.420s | samples/s: 7601
Iteration 1196 | train reward: 1000.02 | best: 1000.02 | KL: 3.996e-04 | std: 0.4325 | rollout: 7.792s | update: 0.280s | total: 8.072s | samples/s: 7929
Iteration 1197 | train reward: 974.98 | best: 1000.02 | KL: 4.826e-04 | std: 0.4331 | rollout: 8.117s | update: 0.284s | total: 8.401s | samples/s: 7618
Iteration 1198 | train reward: 972.24 | best: 1000.02 | KL: 4.727e-04 | std: 0.4333 | rollout: 7.689s | update: 0.283s | total: 7.972s | samples/s: 8028
Iteration 1199 | train reward: 987.63 | best: 1000.02 | KL: 4.569e-04 | std: 0.4333 | rollout: 8.109s | update: 0.308s | total: 8.417s | samples/s: 7604
training time 10242.13s
