method,seed,update,true_environment_steps_before_update,beta,barrier_active,reward_gradient_norm,barrier_gradient_norm,regularizer_gradient_norm,total_gradient_norm,naturalized_reward_norm,naturalized_barrier_norm,euclidean_barrier_to_reward_ratio,natural_barrier_to_reward_ratio,euclidean_cosine,euclidean_cosine_defined,natural_cosine,natural_cosine_defined,realized_kl,damping
gpomdp_logbarrier_handoff,725,0,0,546.4135158976487,True,244.27210998535156,0.24272604286670685,132.6287841796875,164.28091430664062,4605.357421875,267.3030700683594,0.5429550847521681,0.058041764315337564,-0.7758471965789795,True,-0.25897035002708435,True,6.073443728382699e-05,0.01
gpomdp_logbarrier_handoff,725,1,3801,546.4135158976487,True,268.4145202636719,0.25017333030700684,136.69808959960938,175.44993591308594,3985.819091796875,270.0958557128906,0.5092797865977094,0.06776420341524503,-0.8169416189193726,True,-0.13509181141853333,True,3.345676668686792e-05,0.01
gpomdp_logbarrier_handoff,725,2,7537,546.4135158976487,True,482.73516845703125,0.24912960827350616,136.12777709960938,424.14898681640625,5615.34619140625,286.8211669921875,0.2819926659470766,0.05107809157539385,-0.5452564358711243,True,-0.1963423788547516,True,3.910486339009367e-05,0.01
gpomdp_logbarrier_handoff,725,3,10936,546.4135158976487,True,303.31500244140625,0.2548961937427521,139.27871704101562,223.85426330566406,4516.484375,288.65625,0.4591883550762419,0.0639117123038868,-0.7253798246383667,True,-0.2223057746887207,True,3.850274515571073e-05,0.01
gpomdp_logbarrier_handoff,725,4,14637,546.4135158976487,True,253.61630249023438,0.25362828373908997,138.58590698242188,353.8357849121094,3966.443603515625,293.430419921875,0.5464392691702388,0.07397821556363371,0.5928205847740173,True,-0.0077714379876852036,True,3.288962398073636e-05,0.01
gpomdp_logbarrier_handoff,725,5,18040,546.4135158976487,True,212.46942138671875,0.2543063759803772,138.95645141601562,299.7344665527344,3133.25,297.3149108886719,0.6540068237071109,0.09489026119482068,0.4299654960632324,True,-0.02712792158126831,True,3.8588459574384615e-05,0.01
gpomdp_logbarrier_handoff,725,6,21749,546.4135158976487,True,436.98126220703125,0.2510601580142975,137.18264770507812,437.97674560546875,4509.49560546875,295.49530029296875,0.31393256317723817,0.06552735076060748,-0.1497012972831726,True,-0.3547244668006897,True,4.135542258154601e-05,0.01
gpomdp_logbarrier_handoff,725,7,25217,546.4135158976487,True,237.10897827148438,0.25295671820640564,138.21897888183594,149.4336700439453,3710.267578125,286.7979736328125,0.5829343953546051,0.07729846098532525,-0.8085131049156189,True,-0.18718938529491425,True,2.681477417354472e-05,0.01
gpomdp_logbarrier_handoff,725,8,28866,546.4135158976487,True,246.8069610595703,0.25228214263916016,137.85037231445312,342.4259948730469,4447.859375,291.1310729980469,0.5585351876731751,0.06545419907706657,0.5487433075904846,True,-0.028125707060098648,True,3.45421394740697e-05,0.01
gpomdp_logbarrier_handoff,725,9,32386,546.4135158976487,True,265.1410827636719,0.24612689018249512,134.487060546875,200.2733154296875,3941.382568359375,303.9774475097656,0.5072282995342042,0.0771245729734625,-0.6769462823867798,True,-0.08779523521661758,True,3.374660445842892e-05,0.01
gpomdp_logbarrier_handoff,725,10,35830,546.4135158976487,True,375.8295593261719,0.24566473066806793,134.23452758789062,485.31683349609375,4135.7451171875,300.6441650390625,0.3571686267268623,0.07269407483300484,0.7558645009994507,True,0.16179411113262177,True,4.1641520510893315e-05,0.01
gpomdp_logbarrier_handoff,725,11,39075,546.4135158976487,True,242.5442352294922,0.23457419872283936,128.1745147705078,225.24180603027344,4705.43896484375,291.6118469238281,0.5284583022524975,0.06197335659915662,-0.39440539479255676,True,-0.09549175202846527,True,4.2701482016127557e-05,0.01
gpomdp_logbarrier_handoff,725,12,42352,546.4135158976487,True,217.3416748046875,0.2510165572166443,137.15882873535156,170.59130859375,3397.531005859375,319.97454833984375,0.6310746839445694,0.09417855136215572,-0.6197271943092346,True,-0.1650627702474594,True,3.832285801763646e-05,0.01
gpomdp_logbarrier_handoff,725,13,45264,546.4135158976487,True,306.3890075683594,0.23590897023677826,128.90383911132812,326.9190368652344,4321.13525390625,302.0995178222656,0.4207195295104313,0.06991207172910674,-0.04575759917497635,True,-0.25906044244766235,True,5.235416756477207e-05,0.01
gpomdp_logbarrier_handoff,725,14,48219,546.4135158976487,True,360.6002502441406,0.23620977997779846,129.06822204589844,258.8448181152344,4457.67822265625,296.12811279296875,0.3579260468025581,0.06643102036568968,-0.8561133146286011,True,-0.06798946112394333,True,2.8045718863722868e-05,0.01
gpomdp_logbarrier_handoff,725,15,51370,546.4135158976487,True,177.59494018554688,0.22997364401817322,125.66070556640625,241.87796020507812,4491.35205078125,299.6573791503906,0.7075691764366654,0.06671874655166847,0.2503587603569031,True,0.15308305621147156,True,2.5171028028125875e-05,0.01
gpomdp_logbarrier_handoff,725,16,54403,546.4135158976487,True,184.7493133544922,0.22858241200447083,124.9005126953125,183.7126007080078,4058.09765625,286.7048645019531,0.6760540021908317,0.07065006532319157,-0.3463040590286255,True,0.058944862335920334,True,2.7334179321769625e-05,0.01
gpomdp_logbarrier_handoff,725,17,57174,546.4135158976487,True,336.74267578125,0.2253936231136322,123.15811157226562,348.2909851074219,4254.396484375,308.6397399902344,0.3657336014407329,0.07254606878408411,-0.08749092370271683,True,-0.191034197807312,True,3.5830271372105926e-05,0.01
gpomdp_logbarrier_handoff,725,18,59885,546.4135158976487,True,419.78814697265625,0.22544215619564056,123.18463897705078,340.8934326171875,3885.4697265625,292.5435791015625,0.2934447765269434,0.07529168921369456,-0.726997435092926,True,-0.10270056873559952,True,3.086929064011201e-05,0.01
gpomdp_logbarrier_handoff,725,19,62498,546.4135158976487,True,235.7537078857422,0.24441994726657867,133.5543670654297,182.33877563476562,3501.406982421875,318.57452392578125,0.5664995399782076,0.09098471715088305,-0.6378902792930603,True,-0.36630427837371826,True,3.337597445352003e-05,0.01
gpomdp_logbarrier_handoff,725,20,64941,546.4135158976487,True,164.82260131835938,0.22486288845539093,122.86812591552734,141.87664794921875,4124.44677734375,289.8157653808594,0.7454567816109405,0.07026779130060885,-0.5464816093444824,True,-0.03741763159632683,True,3.3596552384551615e-05,0.01
gpomdp_logbarrier_handoff,725,21,67457,546.4135158976487,True,309.01312255859375,0.23017653822898865,125.77156829833984,329.7084045410156,3742.530517578125,307.7148132324219,0.40701044427163957,0.08222105652502494,-0.03344862908124924,True,-0.014881875365972519,True,2.824655530275777e-05,0.01
gpomdp_logbarrier_handoff,725,22,69944,546.4135158976487,True,246.52455139160156,0.2362290322780609,129.0787353515625,239.66896057128906,4080.45751953125,304.99969482421875,0.5235938352708828,0.07474644531019554,-0.3141702115535736,True,-0.09677746146917343,True,3.1428753572981805e-05,0.01
gpomdp_logbarrier_handoff,725,23,72549,546.4135158976487,True,148.3087615966797,0.23510785400867462,128.4661102294922,177.45899963378906,3880.74658203125,330.25701904296875,0.8662071535520681,0.08510141336518462,-0.1838938444852829,True,-0.3479994833469391,True,2.7607522497419268e-05,0.01
gpomdp_logbarrier_handoff,725,24,74647,546.4135158976487,True,165.05274963378906,0.29822278022766113,162.95294189453125,284.0404052734375,3663.46923828125,331.0926513671875,0.987277959658856,0.09037680674576173,0.4997591972351074,True,-0.08097890764474869,True,2.260812652821187e-05,0.01
gpomdp_logbarrier_handoff,725,25,77018,546.4135158976487,True,337.9305114746094,0.2282278686761856,124.70679473876953,264.0265197753906,3393.968994140625,345.14361572265625,0.36903088210233853,0.1016932141450069,-0.7123356461524963,True,-0.250667005777359,True,2.6117450033780187e-05,0.01
gpomdp_logbarrier_handoff,725,26,79424,546.4135158976487,True,271.50933837890625,0.2466381937265396,134.76644897460938,205.77085876464844,3831.6171875,332.1553955078125,0.4963602717286113,0.0866880429995494,-0.6769226789474487,True,-0.3577360212802887,True,3.190841744071804e-05,0.01
gpomdp_logbarrier_handoff,725,27,81598,546.4135158976487,True,168.35501098632812,0.26267528533935547,143.52932739257812,84.02849578857422,3991.0439453125,330.787841796875,0.8525396811873568,0.082882535579541,-0.8666507601737976,True,-0.17575505375862122,True,2.7533100364962593e-05,0.01
gpomdp_logbarrier_handoff,725,28,83802,546.4135158976487,True,167.22296142578125,0.2612896263599396,142.77218627929688,128.12936401367188,3321.44775390625,345.2735900878906,0.8537833863363532,0.10395273858570415,-0.6687030792236328,True,-0.16921599209308624,True,2.6675321350921877e-05,0.01
gpomdp_logbarrier_handoff,725,29,85829,546.4135158976487,True,308.2309875488281,0.22866278886795044,124.94444274902344,229.33404541015625,4112.50439453125,310.0806884765625,0.40535977171740556,0.07539947893767686,-0.753320038318634,True,-0.18639333546161652,True,2.468501952535007e-05,0.01
gpomdp_logbarrier_handoff,725,30,88172,546.4135158976487,True,328.1333312988281,0.23869720101356506,130.42738342285156,279.38336181640625,3871.96630859375,281.6866455078125,0.3974828857117002,0.07275028320432819,-0.5447474718093872,True,0.006917789578437805,True,3.0370871172635816e-05,0.01
gpomdp_logbarrier_handoff,725,31,90464,546.4135158976487,True,133.47694396972656,0.2683153748512268,146.6111297607422,157.0178985595703,3126.619140625,333.69073486328125,1.098400408343141,0.1067257378833092,-0.3744736313819885,True,-0.15878760814666748,True,2.311045136593748e-05,0.01
gpomdp_logbarrier_handoff,725,32,92705,546.4135158976487,True,400.865966796875,0.30366790294647217,165.92825317382812,361.3397216796875,4170.51318359375,341.7456359863281,0.4139245207062104,0.08194330552189848,-0.43343114852905273,True,0.1442381739616394,True,2.895012585213408e-05,0.01
gpomdp_logbarrier_handoff,725,33,94964,546.4135158976487,True,133.8810577392578,0.2557872533798218,139.76560974121094,170.75152587890625,3197.498291015625,337.9097595214844,1.0439535816441912,0.10567941833493638,-0.2218494713306427,True,-0.035027097910642624,True,1.9732689906959422e-05,0.01
gpomdp_logbarrier_handoff,725,34,97157,546.4135158976487,True,288.0133056640625,0.26709261536598206,145.94300842285156,255.5330810546875,3934.8154296875,355.05517578125,0.5067231463017159,0.09023426438313224,-0.4633668065071106,True,-0.027745740488171577,True,2.3474478439311497e-05,0.01
gpomdp_logbarrier_handoff,725,35,99109,546.4135158976487,True,291.5460205078125,0.2526182532310486,138.03402709960938,281.3967590332031,4026.802001953125,311.7088317871094,0.4734553634420488,0.07740853204004589,-0.3089751601219177,True,-0.17784735560417175,True,1.398318272549659e-05,0.01
gpomdp_logbarrier_handoff,725,36,101425,546.4135158976487,True,214.77828979492188,0.262937068939209,143.67236328125,188.10379028320312,3162.06982421875,324.53546142578125,0.6689333610880019,0.10263386941683489,-0.5085995197296143,True,-0.16944800317287445,True,1.2612746104423422e-05,0.01
gpomdp_logbarrier_handoff,725,37,103327,546.4135158976487,True,215.8876495361328,0.2786935269832611,152.2819366455078,188.20852661132812,3443.88623046875,380.24169921875,0.7053758608827718,0.11041064476946877,-0.5227984189987183,True,-0.3172041177749634,True,1.4455688869929872e-05,0.01
gpomdp_logbarrier_handoff,725,38,105228,546.4135158976487,True,235.77743530273438,0.27568963170051575,150.64053344726562,125.18739318847656,4180.82373046875,353.58197021484375,0.6389098823381705,0.08457232186997764,-0.8814167380332947,True,-0.28534409403800964,True,1.4216078852768987e-05,0.01
gpomdp_logbarrier_handoff,725,39,107059,546.4135158976487,True,390.9189758300781,0.25442349910736084,139.02044677734375,324.6436767578125,3806.9404296875,336.0179138183594,0.3556247083737684,0.08826455785806506,-0.6141314506530762,True,-0.18774749338626862,True,2.5257691959268413e-05,0.01
gpomdp_logbarrier_handoff,725,40,109023,546.4135158976487,True,283.7858581542969,0.30752110481262207,168.03370666503906,238.9564971923828,4579.0849609375,363.4269104003906,0.5921144476962543,0.07936671048924682,-0.5417728424072266,True,-0.12136368453502655,True,2.1256704712868668e-05,0.01
gpomdp_logbarrier_handoff,725,41,111163,546.4135158976487,True,258.04608154296875,0.25577887892723083,139.76104736328125,190.9814910888672,3807.82763671875,314.2956848144531,0.5416127481091351,0.08253936753431555,-0.6883029341697693,True,-0.04532527178525925,True,2.7034016966354102e-05,0.01
gpomdp_logbarrier_handoff,725,42,113211,546.4135158976487,True,171.6580047607422,0.3155023455619812,172.3947296142578,156.52081298828125,4354.13330078125,346.73419189453125,1.0042918176437066,0.07963334329528168,-0.5860798358917236,True,0.14218194782733917,True,2.2776956029701978e-05,0.01
gpomdp_logbarrier_handoff,725,43,115155,546.4135158976487,True,331.6671142578125,0.3536640405654907,193.24681091308594,281.6065368652344,4251.8408203125,440.21453857421875,0.5826529149431159,0.10353504686044762,-0.5308263301849365,True,-0.4703916609287262,True,2.5546458346070722e-05,0.01
gpomdp_logbarrier_handoff,725,44,117025,546.4135158976487,True,201.12680053710938,0.27885276079177856,152.36892700195312,145.13314819335938,3248.890625,378.17449951171875,0.7575764472713319,0.11640111753891953,-0.6951214075088501,True,-0.4221186935901642,True,3.08445596601814e-05,0.01
gpomdp_logbarrier_handoff,725,45,118772,546.4135158976487,True,286.0306091308594,0.3026255667209625,165.3586883544922,268.3777160644531,3095.2001953125,351.4828186035156,0.5781153592510806,0.11355737801251622,-0.39251846075057983,True,-0.17093487083911896,True,1.2905124094686471e-05,0.01
gpomdp_logbarrier_handoff,725,46,120556,546.4135158976487,True,375.08770751953125,0.376598060131073,205.7782745361328,222.74029541015625,3711.53857421875,461.912353515625,0.5486137519593806,0.12445306556267005,-0.8643028736114502,True,-0.2412262260913849,True,1.3816509635944385e-05,0.01
gpomdp_logbarrier_handoff,725,47,122413,546.4135158976487,True,364.6409912109375,0.30760157108306885,168.07765197753906,247.50546264648438,5397.28955078125,413.26007080078125,0.4609400918403864,0.07656807494068249,-0.8154467344284058,True,-0.2083624005317688,True,1.342148880212335e-05,0.01
gpomdp_logbarrier_handoff,725,48,124262,546.4135158976487,True,158.87677001953125,0.32192498445510864,175.90415954589844,157.45346069335938,3883.128662109375,464.3403625488281,1.1071735630342558,0.11957892796078287,-0.5616419315338135,True,-0.40532729029655457,True,9.451584446651395e-06,0.01
gpomdp_logbarrier_handoff,725,49,126006,546.4135158976487,True,201.09835815429688,0.39052367210388184,213.38739013671875,264.4583740234375,3018.760009765625,415.46282958984375,1.061109558999944,0.1376269820210385,-0.18685397505760193,True,-0.1200341060757637,True,5.957956545898924e-06,0.01
gpomdp_logbarrier_handoff,725,50,128074,546.4135158976487,True,355.6103820800781,0.30130818486213684,164.63885498046875,217.17469787597656,3144.821533203125,368.1728210449219,0.46297538901267105,0.11707272325559387,-0.9086658358573914,True,-0.15160168707370758,True,6.4484206632187124e-06,0.01
gpomdp_logbarrier_handoff,725,51,130086,546.4135158976487,True,275.6969299316406,0.3134041726589203,171.24827575683594,137.25657653808594,3516.677978515625,379.3210144042969,0.621146836126529,0.10786344860737197,-0.9160197973251343,True,-0.30325382947921753,True,7.960680704854894e-06,0.01
gpomdp_logbarrier_handoff,725,52,131647,546.4135158976487,True,180.56625366210938,0.3108097016811371,169.8306121826172,152.56141662597656,3340.335693359375,361.43927001953125,0.9405445853709652,0.10820447499874836,-0.6223834753036499,True,-0.07475469261407852,True,7.954180546221323e-06,0.01
gpomdp_logbarrier_handoff,725,53,133321,546.4135158976487,True,245.65982055664062,0.3243497312068939,177.2290802001953,180.25730895996094,2970.457763671875,352.2862854003906,0.7214410553529345,0.11859663170733611,-0.6806251406669617,True,-0.017892848700284958,True,7.502952030336019e-06,0.01
gpomdp_logbarrier_handoff,725,54,135058,546.4135158976487,True,183.6209259033203,0.3173982799053192,173.43069458007812,268.16461181640625,3120.73583984375,419.02886962890625,0.9445039759324189,0.13427245724517534,0.12744994461536407,True,-0.14120934903621674,True,5.827754648635164e-06,0.01
gpomdp_logbarrier_handoff,725,55,136803,546.4135158976487,True,177.17457580566406,0.342969685792923,187.40325927734375,294.865478515625,3480.078857421875,375.4020080566406,1.057732230627148,0.1078716958542564,0.30772489309310913,True,-0.17495892941951752,True,6.5835438363137655e-06,0.01
gpomdp_logbarrier_handoff,725,56,138439,546.4135158976487,True,252.1265411376953,0.352030485868454,192.35421752929688,208.3332061767578,4298.712890625,399.6739196777344,0.7629272850899318,0.09297525325531215,-0.5893612504005432,True,-0.4495774507522583,True,5.0215016926813405e-06,0.01
gpomdp_logbarrier_handoff,725,57,140177,546.4135158976487,True,141.86627197265625,0.2997640371322632,163.7951202392578,145.69618225097656,2847.46240234375,354.25830078125,1.154574078543688,0.12441193270529562,-0.5535891652107239,True,-0.024779099971055984,True,6.0575453062483575e-06,0.01
gpomdp_logbarrier_handoff,725,58,141932,546.4135158976487,True,142.07005310058594,0.30946293473243713,169.0947265625,201.61944580078125,3276.201416015625,384.7224426269531,1.1902207599146917,0.11742942321746383,-0.16913846135139465,True,-0.1410679966211319,True,9.918952855514362e-06,0.01
gpomdp_logbarrier_handoff,725,59,143603,546.4135158976487,True,196.23980712890625,0.3103417158126831,169.5749053955078,166.3802032470703,3825.3671875,349.3160400390625,0.8641208319376162,0.09131568890445566,-0.5947490930557251,True,-0.127669095993042,True,1.0163425940845627e-05,0.01
gpomdp_logbarrier_handoff,725,60,145549,546.4135158976487,True,220.9981689453125,0.31406477093696594,171.60923767089844,220.23092651367188,3308.1767578125,355.3807067871094,0.7765188213544172,0.10742494515985339,-0.392722487449646,True,-0.295387864112854,True,1.2955495549249463e-05,0.01
gpomdp_logbarrier_handoff,725,61,147117,546.4135158976487,True,213.99331665039062,0.2950206398963928,161.20327758789062,287.07464599609375,2992.413818359375,344.6759338378906,0.753309870192137,0.11518324495201775,0.15410614013671875,True,-0.2570931613445282,True,2.1386475054896437e-05,0.01
gpomdp_logbarrier_handoff,725,62,148748,546.4135158976487,True,201.13267517089844,0.295109361410141,161.25173950195312,166.42616271972656,3350.90380859375,410.8640441894531,0.8017182656420232,0.12261290316234937,-0.5975212454795837,True,-0.25439515709877014,True,2.1529353034566157e-05,0.01
gpomdp_logbarrier_handoff,725,63,150392,546.4135158976487,True,429.42889404296875,0.2851760685443878,155.82406616210938,320.03204345703125,3870.843505859375,341.45257568359375,0.3628634875847865,0.08821141313688606,-0.7940614223480225,True,-0.2939845025539398,True,1.0964378816424869e-05,0.01
gpomdp_logbarrier_handoff,725,64,152402,546.4135158976487,True,242.04698181152344,0.29559049010276794,161.51463317871094,288.59429931640625,3580.436767578125,301.4961853027344,0.6672862928093801,0.08420653816117303,-0.01773969642817974,True,0.025273635983467102,True,1.6483190847793594e-05,0.01
gpomdp_logbarrier_handoff,725,65,154222,546.4135158976487,True,268.6741943359375,0.3279702365398407,179.20738220214844,247.7347412109375,3531.953369140625,339.55255126953125,0.667006307193299,0.0961373256612811,-0.4457947313785553,True,-0.08588923513889313,True,1.5433377484441735e-05,0.01
gpomdp_logbarrier_handoff,725,66,156391,546.4135158976487,True,194.08389282226562,0.2984899878501892,163.09896850585938,123.76605987548828,3445.588134765625,402.2581481933594,0.8403529326115639,0.1167458594759532,-0.7732108235359192,True,-0.4088919162750244,True,1.3577920981333591e-05,0.01
gpomdp_logbarrier_handoff,725,67,158175,546.4135158976487,True,326.0742492675781,0.29121750593185425,159.12518310546875,232.45291137695312,4497.89501953125,452.9657287597656,0.4880029117996676,0.10070615850144311,-0.7478891611099243,True,-0.4852558672428131,True,7.74788531998638e-06,0.01
gpomdp_logbarrier_handoff,725,68,160113,546.4135158976487,True,227.57618713378906,0.2680368721485138,146.45896911621094,175.4650115966797,3760.678466796875,336.4610595703125,0.643560167523633,0.08946818042035119,-0.6368504762649536,True,-0.33955642580986023,True,1.0099853170686401e-05,0.01
gpomdp_logbarrier_handoff,725,69,161985,546.4135158976487,True,179.5283203125,0.2730603516101837,149.203857421875,75.53646850585938,2843.2958984375,369.62713623046875,0.8310881378612576,0.12999953203378975,-0.9106597900390625,True,-0.11725596338510513,True,7.4990712164435536e-06,0.01
gpomdp_logbarrier_handoff,725,70,163537,546.4135158976487,True,335.8981628417969,0.26379087567329407,144.13890075683594,211.85226440429688,3171.22021484375,317.9002685546875,0.42911488272927306,0.1002454093432773,-0.9162489771842957,True,-0.2292770892381668,True,3.1108079383557197e-06,0.01
gpomdp_logbarrier_handoff,725,71,165556,546.4135158976487,True,378.0189208984375,0.24987982213497162,136.5377197265625,384.2673034667969,2880.90576171875,309.78131103515625,0.3611928191373419,0.10752913724270541,-0.134455144405365,True,-0.1614348292350769,True,3.340862122058752e-06,0.01
gpomdp_logbarrier_handoff,725,72,167188,546.4135158976487,True,276.7102966308594,0.2541857361793518,138.89051818847656,172.97132873535156,3200.510986328125,300.30291748046875,0.5019347667201596,0.09382967868671484,-0.8578701615333557,True,0.09915554523468018,True,3.7093170703883516e-06,0.01
gpomdp_logbarrier_handoff,725,73,168878,546.4135158976487,True,205.8629608154297,0.27598026394844055,150.79934692382812,239.17840576171875,3582.9208984375,287.6256103515625,0.7325229673492849,0.08027685190510209,-0.12745918333530426,True,0.0010009577963501215,True,5.6953526836878154e-06,0.01
gpomdp_logbarrier_handoff,725,74,170644,546.4135158976487,True,239.7790985107422,0.26988881826400757,147.47088623046875,210.79208374023438,3348.432373046875,280.6932678222656,0.6150281119013465,0.08382826246744574,-0.4921937882900238,True,-0.15807569026947021,True,7.612110039190156e-06,0.01
gpomdp_logbarrier_handoff,725,75,172522,546.4135158976487,True,182.1485595703125,0.2778046429157257,151.79620361328125,116.53852844238281,3463.349365234375,348.99432373046875,0.8333648312749093,0.10076786570645357,-0.7710630297660828,True,-0.3101244866847992,True,5.741287168348208e-06,0.01
gpomdp_logbarrier_handoff,725,76,174269,546.4135158976487,True,239.78933715820312,0.24710620939731598,135.02215576171875,216.48855590820312,2803.698974609375,301.3202209472656,0.5630865715794389,0.10747238689889917,-0.44572892785072327,True,-0.06934790313243866,True,8.4603871073341e-06,0.01
gpomdp_logbarrier_handoff,725,77,176119,546.4135158976487,True,193.75917053222656,0.2815745174884796,153.8561248779297,213.9890899658203,4157.99609375,319.318115234375,0.794058544198505,0.07679615565641126,-0.25867921113967896,True,-0.2298746258020401,True,1.3694699191546533e-05,0.01
gpomdp_logbarrier_handoff,725,78,177901,546.4135158976487,True,270.3992614746094,0.25859129428863525,141.2977752685547,187.394775390625,3666.779541015625,292.2287902832031,0.5225523712527692,0.0796963076220998,-0.7585560083389282,True,-0.27409490942955017,True,1.2151042028563097e-05,0.01
gpomdp_logbarrier_handoff,725,79,179851,546.4135158976487,True,231.42422485351562,0.2716016471385956,148.40679931640625,158.7293243408203,4713.1806640625,306.3842468261719,0.6412759917866989,0.06500583547800726,-0.733539879322052,True,-0.10057222098112106,True,9.700482223706786e-06,0.01
gpomdp_logbarrier_handoff,725,80,181984,546.4135158976487,True,152.8803253173828,0.30135229229927063,164.66297912597656,201.03611755371094,3308.065185546875,373.1190185546875,1.077071093249787,0.11279070925955925,-0.20002536475658417,True,-0.36400413513183594,True,6.1830683080188464e-06,0.01
gpomdp_logbarrier_handoff,725,81,183892,546.4135158976487,True,136.2374267578125,0.2603803277015686,142.2753448486328,127.4773941040039,3147.280029296875,320.7408752441406,1.0443190849571302,0.1019104980359172,-0.5817511081695557,True,-0.34162628650665283,True,7.0672062975063454e-06,0.01
gpomdp_logbarrier_handoff,725,82,185746,546.4135158976487,True,266.33941650390625,0.25256529450416565,138.00509643554688,248.22427368164062,3626.946044921875,313.98370361328125,0.5181549852705442,0.08656972001358915,-0.3858775794506073,True,-0.2964216470718384,True,7.66298035159707e-06,0.01
gpomdp_logbarrier_handoff,725,83,187479,546.4135158976487,True,261.2947692871094,0.27627134323120117,150.95838928222656,281.7110290527344,3612.15673828125,316.77496337890625,0.5777321516771514,0.08769690418518088,-0.14833815395832062,True,-0.32273438572883606,True,8.382950909435749e-06,0.01
gpomdp_logbarrier_handoff,725,84,189122,546.4135158976487,True,352.90802001953125,0.2607126235961914,142.45689392089844,395.034423828125,3704.987060546875,353.2958068847656,0.40366578779653217,0.09535682611334609,0.11152998358011246,True,-0.3192559480667114,True,1.945413532666862e-05,0.01
gpomdp_logbarrier_handoff,725,85,191149,546.4135158976487,True,289.9778137207031,0.3212568759918213,175.5391082763672,221.65269470214844,3182.45947265625,369.6751708984375,0.6053535821379789,0.11616021321707105,-0.6460515260696411,True,-0.2385474145412445,True,8.688335583428852e-06,0.01
gpomdp_logbarrier_handoff,725,86,193108,546.4135158976487,True,356.9197998046875,0.23916295170783997,130.68186950683594,338.1626281738281,3787.356689453125,306.86865234375,0.36613790991238715,0.08102449214733463,-0.3228306472301483,True,-0.2159726917743683,True,5.857674295839388e-06,0.01
gpomdp_logbarrier_handoff,725,87,195008,546.4135158976487,True,339.6666564941406,0.2804372012615204,153.23468017578125,238.2041015625,3967.682373046875,317.40106201171875,0.4511325361087499,0.07999659049521626,-0.7888103723526001,True,-0.22775165736675262,True,4.0234963307739235e-06,0.01
gpomdp_logbarrier_handoff,725,88,197439,546.4135158976487,True,193.41915893554688,0.2986535131931305,163.18832397460938,179.20828247070312,4014.51318359375,352.2823486328125,0.8437029965009241,0.08775219622456266,-0.5057350397109985,True,-0.12019038945436478,True,5.633665750792716e-06,0.01
gpomdp_logbarrier_handoff,725,89,199762,546.4135158976487,True,173.119384765625,0.26020538806915283,142.1797332763672,195.18006896972656,3550.39990234375,271.6546936035156,0.8212814149545126,0.07651382973061326,-0.24559395015239716,True,-0.041862525045871735,True,7.889606422395445e-06,0.01
gpomdp_logbarrier_handoff,725,90,201891,546.4135158976487,True,234.06597900390625,0.24564574658870697,134.22415161132812,242.87989807128906,4042.6455078125,272.93084716796875,0.5734457958501014,0.06751293098554498,-0.2198207825422287,True,-0.1543976217508316,True,8.622641871625092e-06,0.01
gpomdp_logbarrier_handoff,725,91,203961,546.4135158976487,True,242.80764770507812,0.24454456567764282,133.62245178222656,181.74725341796875,2825.506591796875,282.3516845703125,0.5503222532122573,0.0999295791381437,-0.674665629863739,True,-0.17718151211738586,True,9.308257176599e-06,0.01
gpomdp_logbarrier_handoff,725,92,205954,546.4135158976487,True,266.510009765625,0.2051754891872406,112.11066436767578,212.61891174316406,4489.97412109375,314.98529052734375,0.4206621149662201,0.0701530302919906,-0.6424259543418884,True,-0.30303624272346497,True,2.4477833449054742e-06,0.01
gpomdp_logbarrier_handoff,725,93,208174,546.4135158976487,True,187.9680633544922,0.21820393204689026,119.22957611083984,92.93681335449219,2464.123291015625,293.40325927734375,0.6343076264289788,0.11907004018310027,-0.9127167463302612,True,-0.09091220051050186,True,1.9179524315404706e-06,0.01
gpomdp_logbarrier_handoff,725,94,209995,546.4135158976487,True,349.18316650390625,0.21768562495708466,118.94636535644531,307.7976379394531,3960.614990234375,290.7864990234375,0.34064175128303237,0.07341953200208177,-0.4976363182067871,True,0.09818873554468155,True,3.4367135413049255e-06,0.01
gpomdp_logbarrier_handoff,725,95,212093,546.4135158976487,True,217.81124877929688,0.23820345103740692,130.15757751464844,231.74398803710938,4178.18310546875,289.6802062988281,0.597570503103511,0.06933162070366682,-0.18831634521484375,True,0.11692426353693008,True,4.353767508291639e-06,0.01
gpomdp_logbarrier_handoff,725,96,214114,546.4135158976487,True,377.7938537597656,0.21970471739768982,120.04962158203125,353.77996826171875,4477.8505859375,307.3691711425781,0.31776488788081053,0.06864212309983231,-0.35255783796310425,True,-0.355572372674942,True,4.76731474918779e-06,0.01
gpomdp_logbarrier_handoff,725,97,216177,546.4135158976487,True,183.35232543945312,0.2854141592979431,155.95416259765625,191.6126708984375,4489.47216796875,327.58837890625,0.8505709552571541,0.07296812779985816,-0.3711257874965668,True,-0.07702135294675827,True,3.1590961953043006e-06,0.01
gpomdp_logbarrier_handoff,725,98,218502,546.4135158976487,True,159.00648498535156,0.24174408614635468,132.0922393798828,119.77213287353516,3263.75341796875,293.30340576171875,0.8307349187176346,0.0898669011411594,-0.6757452487945557,True,-0.1716911494731903,True,2.24974132834177e-06,0.01
gpomdp_logbarrier_handoff,725,99,220608,546.4135158976487,True,185.6858673095703,0.2179803103208542,119.10738372802734,167.64979553222656,4212.3447265625,292.14495849609375,0.641445606247754,0.06935447534810375,-0.4647955894470215,True,-0.07024936378002167,True,1.6596809473412577e-06,0.01
gpomdp_logbarrier_handoff,725,100,222894,546.4135158976487,True,288.037109375,0.2449944019317627,133.8682403564453,235.6944580078125,4009.6162109375,301.76434326171875,0.4647603937107984,0.07526015643057328,-0.5878548622131348,True,-0.12865477800369263,True,2.8045299131918e-06,0.01
gpomdp_logbarrier_handoff,725,101,225407,546.4135158976487,True,306.49542236328125,0.2842894494533539,155.33958435058594,263.7816467285156,3441.6787109375,328.9977722167969,0.5068251367436929,0.09559223851176368,-0.5092227458953857,True,0.019542858004570007,True,5.013384907215368e-06,0.01
gpomdp_logbarrier_handoff,725,102,227550,546.4135158976487,True,350.87615966796875,0.23709842562675476,129.5537872314453,321.004150390625,3669.129638671875,313.27593994140625,0.36922938097031444,0.08538154025399974,-0.40537580847740173,True,0.015298033133149147,True,1.164132117992267e-05,0.01
gpomdp_logbarrier_handoff,725,103,229649,546.4135158976487,True,146.11126708984375,0.2521286606788635,137.76651000976562,156.1236114501953,3297.5244140625,290.2147521972656,0.942887655098173,0.08800988734446562,-0.3962775468826294,True,0.15583956241607666,True,7.883054422563873e-06,0.01
gpomdp_logbarrier_handoff,725,104,231531,546.4135158976487,True,349.1894836425781,0.24132053554058075,131.86080932617188,257.0366516113281,3162.324462890625,302.9037170410156,0.3776196463612329,0.09578514810720487,-0.7954574227333069,True,-0.25909921526908875,True,6.506917543447344e-06,0.01
gpomdp_logbarrier_handoff,725,105,233454,546.4135158976487,True,320.6437683105469,0.2220151722431183,121.31209564208984,258.7612609863281,4008.4287109375,314.7615051269531,0.378339165240217,0.07852491033907798,-0.6500552892684937,True,-0.14385493099689484,True,5.51552102479036e-06,0.01
gpomdp_logbarrier_handoff,725,106,235997,546.4135158976487,True,312.7826843261719,0.265181303024292,144.89865112304688,314.0940856933594,4500.5478515625,309.16827392578125,0.4632566263544998,0.06869569752901176,-0.22255896031856537,True,-0.19986514747142792,True,8.071275260590483e-06,0.01
gpomdp_logbarrier_handoff,725,107,237877,546.4135158976487,True,285.0421447753906,0.2532044053077698,138.35430908203125,224.11241149902344,3469.478271484375,316.2418212890625,0.48538193954108994,0.09114967627503319,-0.6360119581222534,True,-0.03788048401474953,True,1.3190656318329275e-05,0.01
gpomdp_logbarrier_handoff,725,108,239588,546.4135158976487,True,302.978515625,0.251745343208313,137.55706787109375,304.1852111816406,3027.15478515625,310.9460144042969,0.4540159145850121,0.10271890156692039,-0.2182181477546692,True,0.022780582308769226,True,2.1262370864860713e-05,0.01
gpomdp_logbarrier_handoff,725,109,241283,546.4135158976487,True,259.06756591796875,0.2589442729949951,141.4906463623047,293.26824951171875,3096.203369140625,287.6349182128906,0.5461534556089755,0.09289923300249037,-0.015404808335006237,True,0.09385254979133606,True,2.6341385819250718e-05,0.01
gpomdp_logbarrier_handoff,725,110,243117,546.4135158976487,True,296.39801025390625,0.27682048082351685,151.25845336914062,210.7965087890625,4646.02490234375,274.646240234375,0.5103220944012635,0.05911424196108506,-0.7393678426742554,True,-0.12195109575986862,True,1.7019865481415763e-05,0.01
gpomdp_logbarrier_handoff,725,111,245351,546.4135158976487,True,284.85284423828125,0.28873494267463684,157.7686767578125,187.37359619140625,3195.741455078125,308.61627197265625,0.5538602824195007,0.09657110135810772,-0.78907310962677,True,-0.2234828621149063,True,1.3845648027199786e-05,0.01
gpomdp_logbarrier_handoff,725,112,247472,546.4135158976487,True,174.9338836669922,0.24502034485340118,133.88243103027344,198.7137908935547,3695.603759765625,291.6122741699219,0.7653316111424979,0.0789078843745997,-0.19297558069229126,True,-0.18989279866218567,True,9.466926712775603e-06,0.01
gpomdp_logbarrier_handoff,725,113,249732,546.4135158976487,True,186.93466186523438,0.24939236044883728,136.2713623046875,208.92282104492188,3354.037353515625,274.5127868652344,0.728978569008934,0.08184547693766629,-0.19364389777183533,True,-0.0672554075717926,True,6.321894488792168e-06,0.01
gpomdp_logbarrier_handoff,725,114,251716,546.4135158976487,True,291.5534362792969,0.23434877395629883,128.05133056640625,178.23818969726562,3172.087890625,312.9690856933594,0.4392036403362368,0.09866343445852464,-0.932555615901947,True,-0.482611745595932,True,5.584439804806607e-06,0.01
gpomdp_logbarrier_handoff,725,115,253563,546.4135158976487,True,338.256591796875,0.26450103521347046,144.5269317626953,310.3796691894531,3876.0107421875,294.5007629394531,0.4272701117070456,0.07598037841691999,-0.3985707461833954,True,-0.22624658048152924,True,6.3151592257781886e-06,0.01
gpomdp_logbarrier_handoff,725,116,256156,546.4135158976487,True,325.22747802734375,0.25099843740463257,137.14894104003906,262.549072265625,3755.273681640625,259.051513671875,0.42170157906678524,0.06898339126076668,-0.6238226890563965,True,-0.2431020587682724,True,5.5178447837533895e-06,0.01
gpomdp_logbarrier_handoff,725,117,258588,546.4135158976487,True,159.49066162109375,0.26204389333724976,143.184326171875,178.1624298095703,3272.4521484375,379.3750915527344,0.8977599360145727,0.11592991259898937,-0.3108428120613098,True,-0.20368996262550354,True,3.64274819730781e-06,0.01
gpomdp_logbarrier_handoff,725,118,260579,546.4135158976487,True,245.10179138183594,0.265879362821579,145.2800750732422,172.10589599609375,3209.035888671875,330.009033203125,0.5927336322357399,0.10283743923465623,-0.7239968776702881,True,-0.28537100553512573,True,4.574591457640054e-06,0.01
gpomdp_logbarrier_handoff,725,119,262564,546.4135158976487,True,320.3254089355469,0.2384355664253235,130.28440856933594,266.96795654296875,4082.117919921875,299.2702331542969,0.40672517675783454,0.07331249097282923,-0.5787991285324097,True,-0.27466943860054016,True,6.206701073097065e-06,0.01
gpomdp_logbarrier_handoff,725,120,264496,546.4135158976487,True,146.1330108642578,0.23959164321422577,130.91610717773438,210.0313720703125,4215.48291015625,305.0157775878906,0.8958694986401236,0.07235607025069993,0.14686229825019836,True,-0.21734334528446198,True,6.896940703882137e-06,0.01
gpomdp_logbarrier_handoff,725,121,266523,546.4135158976487,True,235.5517578125,0.2855569124221802,156.0321502685547,246.0969696044922,3506.832763671875,300.2984619140625,0.6624113176551066,0.08563238744228883,-0.2621092200279236,True,-0.2638137936592102,True,6.987598226260161e-06,0.01
gpomdp_logbarrier_handoff,725,122,268382,546.4135158976487,True,324.1752624511719,0.2653965950012207,145.01629638671875,411.9814453125,3870.911376953125,285.5715026855469,0.44733918094247394,0.07377371240938256,0.46382421255111694,True,-0.16445404291152954,True,2.290675911353901e-05,0.01
gpomdp_logbarrier_handoff,725,123,270344,546.4135158976487,True,335.0246276855469,0.23991659283638,131.0936737060547,259.2954406738281,3809.6962890625,273.2989196777344,0.3912956328365771,0.07173771842715275,-0.7080312967300415,True,-0.09501353651285172,True,9.816885722102597e-06,0.01
gpomdp_logbarrier_handoff,725,124,272492,546.4135158976487,True,190.5251007080078,0.2512890100479126,137.30770874023438,237.928466796875,4116.93212890625,270.0301208496094,0.7206804154937434,0.06559013177643727,0.02784235030412674,True,-0.01153754536062479,True,1.3837588994647376e-05,0.01
gpomdp_logbarrier_handoff,725,125,274732,546.4135158976487,True,346.5561828613281,0.24661971628665924,134.75634765625,256.0111083984375,3830.888427734375,309.9602966308594,0.3888441595346511,0.08091081285136068,-0.778562605381012,True,-0.3910319209098816,True,7.742582965875044e-06,0.01
gpomdp_logbarrier_handoff,725,126,276289,546.4135158976487,True,163.2605743408203,0.22299660742282867,121.84835815429688,108.36907196044922,3902.34912109375,268.5972595214844,0.7463428243240654,0.06882963343018422,-0.7479296326637268,True,-0.13685035705566406,True,6.930908512003953e-06,0.01
gpomdp_logbarrier_handoff,725,127,278449,546.4135158976487,True,342.90191650390625,0.24958932399749756,136.37896728515625,247.8569793701172,4821.546875,287.4688415527344,0.3977200497320716,0.059621704196899335,-0.7991925477981567,True,-0.4809470772743225,True,1.8038797406916274e-06,0.01
gpomdp_logbarrier_handoff,725,128,280346,546.4135158976487,True,260.2585754394531,0.2519322633743286,137.65921020507812,188.42323303222656,3779.284912109375,269.5790710449219,0.5289324663851598,0.07133070866955586,-0.7142837643623352,True,-0.10521700978279114,True,3.750899850274436e-06,0.01
gpomdp_logbarrier_handoff,725,129,282530,546.4135158976487,True,328.0915832519531,0.24881187081336975,135.95416259765625,230.8708038330078,3926.565185546875,304.6893310546875,0.4143786964911326,0.07759691146251828,-0.8163390755653381,True,-0.12643034756183624,True,2.4100631890178192e-06,0.01
gpomdp_logbarrier_handoff,725,130,284694,546.4135158976487,True,184.39735412597656,0.2706121802330017,147.8661346435547,291.19232177734375,4164.81103515625,284.0816345214844,0.8018885918641518,0.068209969701741,0.5304418802261353,True,-0.0011670549865812063,True,2.0800398488063365e-06,0.01
gpomdp_logbarrier_handoff,725,131,286780,546.4135158976487,True,437.48016357421875,0.23387929797172546,127.79480743408203,335.4634704589844,4174.544921875,274.9751892089844,0.2921156616336539,0.06586950059348722,-0.8512665033340454,True,-0.0837777629494667,True,2.3120360310713295e-06,0.01
gpomdp_logbarrier_handoff,725,132,289037,546.4135158976487,True,180.23716735839844,0.2598154842853546,141.9666748046875,268.0704345703125,3944.439697265625,269.7235412597656,0.7876659231022493,0.06838069839088784,0.37560632824897766,True,-0.3136443793773651,True,2.3042234715831e-06,0.01
gpomdp_logbarrier_handoff,725,133,291215,546.4135158976487,True,170.80528259277344,0.27393582463264465,149.68223571777344,248.97023010253906,3161.633544921875,340.65264892578125,0.8763325902199368,0.10774577258421608,0.20352713763713837,True,-0.1264239400625229,True,6.906165253894869e-06,0.01
gpomdp_logbarrier_handoff,725,134,292982,546.4135158976487,True,207.21165466308594,0.24771873652935028,135.35687255859375,157.0129852294922,3014.5654296875,265.1022033691406,0.6532300163264279,0.08794043770236627,-0.6525545716285706,True,0.0660797730088234,True,4.028749117424013e-06,0.01
gpomdp_logbarrier_handoff,725,135,294928,546.4135158976487,True,305.94195556640625,0.25570985674858093,139.7233123779297,249.7134552001953,3480.18115234375,299.4310607910156,0.4566987620879021,0.08603892949347246,-0.5937960147857666,True,-0.14300718903541565,True,6.469157142419135e-06,0.01
gpomdp_logbarrier_handoff,725,136,296546,546.4135158976487,True,156.91200256347656,0.23506614565849304,128.4433135986328,219.25082397460938,3582.5595703125,317.98876953125,0.8185690801229362,0.08876021829931845,0.17246617376804352,True,-0.22452659904956818,True,1.1811769581981935e-05,0.01
gpomdp_logbarrier_handoff,725,137,298368,546.4135158976487,True,306.17047119140625,0.2339726835489273,127.8458480834961,242.2528839111328,4502.10400390625,282.9427795410156,0.4175642660312976,0.06284678881152464,-0.6565536856651306,True,-0.4331821799278259,True,7.270146852533799e-06,0.01
gpomdp_logbarrier_handoff,725,138,300500,546.4135158976487,True,297.7693786621094,0.2624049186706543,143.38160705566406,205.51797485351562,3437.685791015625,276.267578125,0.4815189785460271,0.08036440644081666,-0.784492552280426,True,-0.32909953594207764,True,2.356716095164302e-06,0.01
gpomdp_logbarrier_handoff,725,139,302710,546.4135158976487,True,301.540771484375,0.22088800370693207,120.69618225097656,398.01715087890625,3773.29248046875,264.49505615234375,0.40026488509939595,0.07009662185516188,0.7270715236663818,True,-0.11511024087667465,True,1.093416449293727e-05,0.01
gpomdp_logbarrier_handoff,725,140,305045,546.4135158976487,True,135.0460205078125,0.22885993123054504,125.0521469116211,122.48702239990234,4161.0849609375,295.7727966308594,0.9259965339325696,0.07108069155219104,-0.5587581992149353,True,-0.2482651174068451,True,1.1598520359257236e-05,0.01
gpomdp_logbarrier_handoff,725,141,307170,546.4135158976487,True,256.3747253417969,0.23841090500354767,130.27093505859375,271.01715087890625,3118.58740234375,283.8169250488281,0.5081270584879907,0.09100816761958563,-0.13845403492450714,True,-0.0817939043045044,True,1.9461689589661546e-05,0.01
gpomdp_logbarrier_handoff,725,142,309024,546.4135158976487,True,341.046142578125,0.20067796111106873,109.65314483642578,242.05862426757812,5134.1875,249.00161743164062,0.3215199679653525,0.04849873858943418,-0.9324853420257568,True,-0.1855548769235611,True,8.095977136690635e-06,0.01
gpomdp_logbarrier_handoff,725,143,311642,546.4135158976487,True,173.3773193359375,0.21151579916477203,115.5750961303711,119.51780700683594,3275.817626953125,263.97979736328125,0.6666102381386559,0.08058439981251699,-0.726935088634491,True,-0.2647205591201782,True,6.0024640333722346e-06,0.01
gpomdp_logbarrier_handoff,725,144,313909,546.4135158976487,True,118.1962661743164,0.2201276272535324,120.28070831298828,130.18780517578125,3677.9794921875,273.7668762207031,1.0176354313561626,0.07443404097337113,-0.4040641486644745,True,-0.05076365917921066,True,6.723466412950074e-06,0.01
gpomdp_logbarrier_handoff,725,145,315889,546.4135158976487,True,180.78131103515625,0.20179562270641327,110.26385498046875,110.61357116699219,4304.0478515625,243.95263671875,0.6099295018334385,0.05667981517217282,-0.8178293704986572,True,-0.2018113136291504,True,5.0624680625332985e-06,0.01
gpomdp_logbarrier_handoff,725,146,318125,546.4135158976487,True,330.98223876953125,0.2109144628047943,115.24651336669922,330.6201171875,3832.390380859375,257.11285400390625,0.348195461469905,0.06708942160173445,-0.17723791301250458,True,-0.031500477343797684,True,2.2821031961939298e-06,0.01
gpomdp_logbarrier_handoff,725,147,320423,546.4135158976487,True,162.2986297607422,0.2123090624809265,116.00855255126953,160.9925994873047,4708.8701171875,236.78091430664062,0.7147845469939414,0.050284018971426724,-0.3686051368713379,True,0.02551312930881977,True,3.0921751204004977e-06,0.01
gpomdp_logbarrier_handoff,725,148,322813,546.4135158976487,True,302.7939453125,0.21389716863632202,116.87631225585938,276.4024658203125,4377.73828125,260.936279296875,0.38599289736535713,0.05960527161125046,-0.40896281599998474,True,-0.1483166664838791,True,5.320069249137305e-06,0.01
gpomdp_logbarrier_handoff,725,149,324863,546.4135158976487,True,199.69241333007812,0.2029530555009842,110.89630126953125,155.82850646972656,4278.6669921875,242.78759765625,0.5553355754493643,0.056743747082808854,-0.6297661066055298,True,-0.1437692791223526,True,5.478869752550963e-06,0.01
gpomdp_logbarrier_handoff,725,150,327338,546.4135158976487,True,344.6151428222656,0.19235128164291382,105.10334014892578,320.5544738769531,6722.5810546875,224.66006469726562,0.30498758495685885,0.03341872159958791,-0.3734263479709625,True,-0.14966431260108948,True,2.5530157472530846e-06,0.01
gpomdp_logbarrier_handoff,725,151,330160,546.4135158976487,True,215.418701171875,0.21402508020401,116.9461898803711,136.5434112548828,3015.43115234375,257.6882629394531,0.5428785395334077,0.0854565234358491,-0.822421133518219,True,0.01227553654462099,True,1.1393052545827231e-06,0.01
gpomdp_logbarrier_handoff,725,152,332342,546.4135158976487,True,361.72552490234375,0.21208903193473816,115.88831329345703,323.38568115234375,2915.31982421875,265.7945861816406,0.32037637743353553,0.0911716731638075,-0.4734896421432495,True,-0.22573956847190857,True,1.370993118143815e-06,0.01
gpomdp_logbarrier_handoff,725,153,334498,546.4135158976487,True,276.99786376953125,0.19831550121307373,108.36227416992188,228.87379455566406,4043.504638671875,230.33416748046875,0.39120256270308945,0.056963992393520305,-0.6011269092559814,True,-0.02677849680185318,True,3.760269464692101e-06,0.01
gpomdp_logbarrier_handoff,725,154,336705,546.4135158976487,True,318.8885803222656,0.18740025162696838,102.39802551269531,295.5046081542969,4843.494140625,229.45948791503906,0.3211091015213304,0.0473747838343477,-0.3805449604988098,True,-0.13085082173347473,True,9.733680599310901e-06,0.01
gpomdp_logbarrier_handoff,725,155,339151,546.4135158976487,True,250.25088500976562,0.2428421974182129,132.69227600097656,222.73321533203125,5030.57666015625,256.0765075683594,0.5302369899542951,0.050904006611521474,-0.4610964357852936,True,-0.33796244859695435,True,6.177250270411605e-06,0.01
gpomdp_logbarrier_handoff,725,156,341754,546.4135158976487,True,365.622314453125,0.22364532947540283,122.20283508300781,328.4096984863281,3954.2236328125,234.657958984375,0.33423243126118046,0.059343623622387556,-0.45613494515419006,True,-0.2795374095439911,True,5.824420441058464e-06,0.01
gpomdp_logbarrier_handoff,725,157,344044,546.4135158976487,True,230.21632385253906,0.19419695436954498,106.1118392944336,171.3478546142578,4161.62646484375,274.1317443847656,0.4609223078481682,0.06587129976718321,-0.7143077850341797,True,-0.11815836280584335,True,5.5691812121949624e-06,0.01
gpomdp_logbarrier_handoff,725,158,346185,546.4135158976487,True,193.03025817871094,0.21803691983222961,119.13831329345703,107.84410095214844,3995.342041015625,235.83045959472656,0.6172001965782826,0.059026350478563264,-0.8658465147018433,True,-0.3142448961734772,True,4.939161954098381e-06,0.01
gpomdp_logbarrier_handoff,725,159,348095,546.4135158976487,True,327.50360107421875,0.19391565024852753,105.95814514160156,263.2764587402344,3362.7529296875,234.13467407226562,0.32353276359116845,0.06962589252550996,-0.7084855437278748,True,-0.257075697183609,True,7.016139988991199e-06,0.01
gpomdp_logbarrier_handoff,725,160,350598,546.4135158976487,True,280.47412109375,0.2070469707250595,113.13327026367188,205.14816284179688,4746.47265625,244.13731384277344,0.40336438107905315,0.051435525183380425,-0.7780902981758118,True,-0.10204736143350601,True,9.444166607863735e-06,0.01
gpomdp_logbarrier_handoff,725,161,352918,546.4135158976487,True,261.0750427246094,0.21803498268127441,119.13726806640625,175.24232482910156,4588.7578125,279.10919189453125,0.45633342361290424,0.06082456370528517,-0.8301888108253479,True,-0.20552273094654083,True,1.3501652574632317e-05,0.01
gpomdp_logbarrier_handoff,725,162,355063,546.4135158976487,True,265.1493225097656,0.22044697403907776,120.4552001953125,196.15869140625,3999.744140625,291.6061096191406,0.4542919403117692,0.0729061908378905,-0.7253816723823547,True,-0.3078758716583252,True,1.5729332517366856e-05,0.01
gpomdp_logbarrier_handoff,725,163,357332,546.4135158976487,True,215.26820373535156,0.25393468141555786,138.7533416748047,181.62881469726562,4026.977294921875,258.62200927734375,0.6445603171631727,0.06422236589301682,-0.5457776784896851,True,-0.13979607820510864,True,1.4719747923663817e-05,0.01
gpomdp_logbarrier_handoff,725,164,359734,546.4135158976487,True,211.6897430419922,0.2440624088048935,133.3590087890625,209.1028289794922,3645.5361328125,298.08428955078125,0.6299738800410775,0.08176692774152036,-0.3342666029930115,True,-0.19001756608486176,True,8.12983671494294e-06,0.01
gpomdp_logbarrier_handoff,725,165,362068,546.4135158976487,True,233.1442413330078,0.28367677330970764,155.00482177734375,140.73873901367188,3815.792236328125,300.9391784667969,0.6648451657699112,0.07886676208461123,-0.8104288578033447,True,0.07247399538755417,True,9.536685865896288e-06,0.01
gpomdp_logbarrier_handoff,725,166,364275,546.4135158976487,True,289.65594482421875,0.24845124781131744,135.75711059570312,177.50352478027344,4688.912109375,276.0390930175781,0.4686840129522941,0.05887060507397147,-0.9005330801010132,True,-0.1633680760860443,True,1.3091355867800303e-05,0.01
gpomdp_logbarrier_handoff,725,167,366264,546.4135158976487,True,284.89556884765625,0.2156517654657364,117.83503723144531,205.3362579345703,4224.15380859375,282.4062194824219,0.41360782727531953,0.06685509862540655,-0.7877053618431091,True,-0.2736516296863556,True,1.6264155419776216e-05,0.01
gpomdp_logbarrier_handoff,725,168,368308,546.4135158976487,True,331.1047058105469,0.2368757724761963,129.43211364746094,255.73095703125,4414.73974609375,300.7169189453125,0.39090991875397885,0.06811656773457435,-0.7115139365196228,True,-0.2950093150138855,True,2.041628431470599e-05,0.01
gpomdp_logbarrier_handoff,725,169,370448,546.4135158976487,True,352.15570068359375,0.23774591088294983,129.90756225585938,239.07130432128906,3616.228759765625,314.634765625,0.36889240186567146,0.08700632247761673,-0.9151776432991028,True,-0.2948537766933441,True,2.879245948861353e-05,0.01
gpomdp_logbarrier_handoff,725,170,372389,546.4135158976487,True,219.35487365722656,0.2632337510585785,143.83447265625,190.33267211914062,4120.02783203125,381.2037048339844,0.6557158738173832,0.09252454604075912,-0.5162847638130188,True,-0.4183582663536072,True,2.440411117277108e-05,0.01
gpomdp_logbarrier_handoff,725,171,374202,546.4135158976487,True,269.42926025390625,0.23995812237262726,131.11636352539062,248.3060302734375,4424.42333984375,274.4028015136719,0.4866448558773032,0.06202001491190093,-0.39811015129089355,True,0.09554937481880188,True,2.357231278438121e-05,0.01
gpomdp_logbarrier_handoff,725,172,376340,546.4135158976487,True,354.2038269042969,0.2552388310432434,139.46595764160156,249.75938415527344,4172.31494140625,341.4530944824219,0.3937449204332967,0.08183780449884674,-0.8353483080863953,True,-0.1313716620206833,True,2.712396963033825e-05,0.01
gpomdp_logbarrier_handoff,725,173,378353,546.4135158976487,True,328.79541015625,0.28551164269447327,156.00743103027344,215.84564208984375,3072.148681640625,343.6921691894531,0.47448177867244457,0.11187354676008408,-0.8368865251541138,True,-0.17910544574260712,True,3.4877535654231906e-05,0.01
gpomdp_logbarrier_handoff,725,174,380123,546.4135158976487,True,247.6915740966797,0.3211859166622162,175.50030517578125,231.11534118652344,4264.32763671875,348.47674560546875,0.7085437032560481,0.08171903645602835,-0.4455626606941223,True,-0.18879486620426178,True,2.508468423911836e-05,0.01
gpomdp_logbarrier_handoff,725,175,382018,546.4135158976487,True,104.51039123535156,0.30996304750442505,169.36801147460938,219.37753295898438,2923.379150390625,306.7566223144531,1.6205853740725367,0.10493220568856557,0.24062751233577728,True,-0.16625958681106567,True,1.0840144568646792e-05,0.01
gpomdp_logbarrier_handoff,725,176,383716,546.4135158976487,True,163.95559692382812,0.314034104347229,171.5924835205078,247.43948364257812,2754.134521484375,316.6845397949219,1.0465789929710523,0.11498513864320643,0.08710022270679474,True,0.17097273468971252,True,7.288360393431503e-06,0.01
gpomdp_logbarrier_handoff,725,177,385305,546.4135158976487,True,283.8486022949219,0.2969064712524414,162.23370361328125,225.40725708007812,3722.727783203125,421.93756103515625,0.5715501232051818,0.11334096544445992,-0.608920693397522,True,-0.4731631577014923,True,1.2612073987838812e-05,0.01
gpomdp_logbarrier_handoff,725,178,386874,546.4135158976487,True,324.73345947265625,0.29208269715309143,159.59793090820312,186.02688598632812,3544.626220703125,374.4256591796875,0.4914736263007165,0.10563191599519767,-0.929223358631134,True,-0.17831608653068542,True,1.5347421140177175e-05,0.01
gpomdp_logbarrier_handoff,725,179,388536,546.4135158976487,True,342.18792724609375,0.2810944616794586,153.59381103515625,215.97567749023438,3610.234375,366.58990478515625,0.4488580654240764,0.10154185759343014,-0.8946138024330139,True,-0.39911675453186035,True,1.4579808521375526e-05,0.01
gpomdp_logbarrier_handoff,725,180,390289,546.4135158976487,True,276.6778564453125,0.31270459294319153,170.8660125732422,197.6075439453125,3230.7734375,325.9003601074219,0.6175630199268048,0.10087378963955032,-0.7054182887077332,True,-0.10191860049962997,True,1.897021138574928e-05,0.01
gpomdp_logbarrier_handoff,725,181,392115,546.4135158976487,True,245.81878662109375,0.2860212028026581,156.28585815429688,171.4481964111328,3873.322509765625,359.578369140625,0.6357767048748664,0.0928346060091916,-0.7217667698860168,True,0.08015166223049164,True,1.3445689546642825e-05,0.01
gpomdp_logbarrier_handoff,725,182,393971,546.4135158976487,True,194.63287353515625,0.27679380774497986,151.24386596679688,139.4875946044922,3403.40576171875,352.7976989746094,0.7770725634355797,0.10366019325196282,-0.7014951705932617,True,0.11570526659488678,True,1.0725137144618202e-05,0.01
gpomdp_logbarrier_handoff,725,183,395804,546.4135158976487,True,316.45068359375,0.3404577672481537,186.0307159423828,249.45680236816406,3112.34423828125,411.4130859375,0.5878663740894411,0.13218752632732467,-0.6159361600875854,True,-0.0665169358253479,True,9.465149560128339e-06,0.01
gpomdp_logbarrier_handoff,725,184,397436,546.4135158976487,True,163.2146759033203,0.3004220128059387,164.1546630859375,91.35814666748047,3670.000244140625,338.50872802734375,1.0057592074818933,0.09223670449826078,-0.8442578911781311,True,-0.20852716267108917,True,6.084057076805038e-06,0.01
gpomdp_logbarrier_handoff,725,185,399248,546.4135158976487,True,306.88800048828125,0.32550737261772156,177.86160278320312,187.19625854492188,2409.275634765625,442.7314758300781,0.5795651915363661,0.18376123903861552,-0.8315003514289856,True,-0.4837922751903534,True,6.5965527937805746e-06,0.01
gpomdp_logbarrier_handoff,725,186,400764,546.4135158976487,True,249.48643493652344,0.3303331434726715,180.49850463867188,150.60305786132812,4114.275390625,545.888427734375,0.723480235246441,0.13268154800193116,-0.8010083436965942,True,-0.530769944190979,True,5.217571924731601e-06,0.01
gpomdp_logbarrier_handoff,725,187,402218,546.4135158976487,True,189.64537048339844,0.3265449106693268,178.42855834960938,224.03738403320312,3513.23681640625,399.58819580078125,0.9408537518991481,0.11373790515195809,-0.2601999342441559,True,-0.24795499444007874,True,2.8631156965275295e-06,0.01
gpomdp_logbarrier_handoff,725,188,403720,546.4135158976487,True,184.26512145996094,0.324648916721344,177.392578125,150.0283660888672,3923.270751953125,428.6769714355469,0.9627029614692747,0.10926520205676304,-0.6564216613769531,True,-0.16081388294696808,True,1.079260186997999e-06,0.01
gpomdp_logbarrier_handoff,725,189,405297,546.4135158976487,True,228.85118103027344,0.3155681788921356,172.4307098388672,195.1996612548828,3505.0966796875,312.595703125,0.7534621803680239,0.08918318999202891,-0.557542085647583,True,-0.17411358654499054,True,3.684997409436619e-07,0.01
gpomdp_logbarrier_handoff,725,190,407174,546.4135158976487,True,241.02232360839844,0.3039265275001526,166.06956481933594,95.07576751708984,2542.274169921875,333.44964599609375,0.6890215077718603,0.13116195331770247,-0.9572597146034241,True,-0.14746041595935822,True,5.74533828512358e-07,0.01
gpomdp_logbarrier_handoff,725,191,408794,546.4135158976487,True,124.02173614501953,0.3165302872657776,172.9564208984375,178.54974365234375,2607.234375,374.9436340332031,1.3945653905070179,0.14380894852738474,-0.3127058744430542,True,-0.13021957874298096,True,1.4516060673486209e-06,0.01
gpomdp_logbarrier_handoff,725,192,410293,546.4135158976487,True,236.74720764160156,0.31719207763671875,173.3180389404297,93.00642395019531,2654.770263671875,356.9371643066406,0.7320806047385625,0.13445124393285635,-0.9436187744140625,True,-0.08381514996290207,True,6.39838503957435e-07,0.01
gpomdp_logbarrier_handoff,725,193,412097,546.4135158976487,True,162.18016052246094,0.3289455771446228,179.7403106689453,225.73822021484375,2599.8486328125,368.9441833496094,1.108275575075981,0.14190987071062205,-0.1312377154827118,True,-0.28702107071876526,True,4.651285507861758e-06,0.01
gpomdp_logbarrier_handoff,725,194,413717,546.4135158976487,True,123.588134765625,0.315524697303772,172.40696716308594,193.0646209716797,2440.248046875,343.1903991699219,1.3950122921592913,0.14063750593281452,-0.1812567412853241,True,-0.2587878406047821,True,8.670454008097295e-06,0.01
gpomdp_logbarrier_handoff,725,195,415497,546.4135158976487,True,503.81060791015625,0.3080074191093445,168.29942321777344,407.4330139160156,4706.35400390625,346.41876220703125,0.3340529567566906,0.07360660968543918,-0.684908390045166,True,-0.09651219844818115,True,1.3579283404396847e-05,0.01
gpomdp_logbarrier_handoff,725,196,417360,546.4135158976487,True,244.24758911132812,0.3221991956233978,176.05401611328125,157.64100646972656,3349.181640625,372.71197509765625,0.7208014488652159,0.11128449128489294,-0.7651168704032898,True,-0.008813470602035522,True,1.6186349967028946e-05,0.01
gpomdp_logbarrier_handoff,725,197,419163,546.4135158976487,True,175.31817626953125,0.3374612033367157,184.39337158203125,187.27879333496094,4039.516845703125,346.9518127441406,1.0517641439444816,0.085889433315075,-0.4588048756122589,True,0.17172574996948242,True,1.2393973520374857e-05,0.01
gpomdp_logbarrier_handoff,725,198,421401,546.4135158976487,True,176.91094970703125,0.29632118344306946,161.9138946533203,177.80758666992188,3516.92626953125,384.09814453125,0.9152282259603127,0.10921415892589757,-0.45206233859062195,True,0.002774597378447652,True,1.474717919336399e-05,0.01
gpomdp_logbarrier_handoff,725,199,422936,546.4135158976487,True,402.50006103515625,0.29426848888397217,160.7922821044922,341.8735046386719,3324.4990234375,331.0826721191406,0.39948387011660064,0.0995887409757168,-0.5483943223953247,True,-0.17650479078292847,True,5.212188625591807e-06,0.01
gpomdp_logbarrier_handoff,725,200,424947,546.4135158976487,True,141.1229248046875,0.3000107705593109,163.92991638183594,180.302978515625,3753.673583984375,400.8084716796875,1.1616108198488166,0.10677765733008816,-0.30862298607826233,True,0.04808894544839859,True,6.874087375763338e-06,0.01
gpomdp_logbarrier_handoff,725,201,426649,546.4135158976487,True,366.8379211425781,0.31106439232826233,169.96978759765625,297.24737548828125,4559.71826171875,353.45709228515625,0.46333756081774996,0.07751730962252992,-0.6022624969482422,True,-0.20788095891475677,True,9.349100764666218e-06,0.01
gpomdp_logbarrier_handoff,725,202,428739,546.4135158976487,True,135.7396240234375,0.3821898102760315,208.83367919921875,215.10800170898438,2466.686279296875,341.91058349609375,1.538487237618696,0.13861129660702326,-0.27807697653770447,True,-0.12075479328632355,True,1.4030738384462893e-05,0.01
gpomdp_logbarrier_handoff,725,203,430611,546.4135158976487,True,161.30995178222656,0.28926199674606323,158.05665588378906,157.727783203125,2557.53564453125,355.6857604980469,0.9798320198940388,0.13907362787244268,-0.5123281478881836,True,-0.2692781984806061,True,1.16207656901679e-05,0.01
gpomdp_logbarrier_handoff,725,204,432444,546.4135158976487,True,191.91249084472656,0.29276445508003235,159.970458984375,190.7793731689453,2810.076904296875,342.4724426269531,0.8335593909507674,0.12187297867303211,-0.4238421618938446,True,-0.13415037095546722,True,1.5809257092769258e-05,0.01
gpomdp_logbarrier_handoff,725,205,434507,546.4135158976487,True,292.4032287597656,0.3297748565673828,180.19345092773438,181.77664184570312,3835.302001953125,318.4540100097656,0.616249867322015,0.08303231658096107,-0.8059210181236267,True,-0.24535445868968964,True,1.2258679817023221e-05,0.01
gpomdp_logbarrier_handoff,725,206,436628,546.4135158976487,True,230.7234649658203,0.31398388743400574,171.56503295898438,274.393798828125,3831.015869140625,347.50494384765625,0.7435959449742151,0.09070830184934961,-0.09316778182983398,True,-0.22667422890663147,True,1.4514569556922652e-05,0.01
gpomdp_logbarrier_handoff,725,207,438574,546.4135158976487,True,182.48194885253906,0.2884237468242645,157.59864807128906,216.49256896972656,4448.8623046875,281.01019287109375,0.8636396589486348,0.06316450670433431,-0.195903941988945,True,-0.10547390580177307,True,2.068924550258089e-05,0.01
gpomdp_logbarrier_handoff,725,208,440582,546.4135158976487,True,202.99359130859375,0.2903963327407837,158.67648315429688,189.57888793945312,3400.318115234375,332.0177917480469,0.7816822301206279,0.09764315587430318,-0.4725888967514038,True,-0.2500242590904236,True,1.6886484445421956e-05,0.01
gpomdp_logbarrier_handoff,725,209,442322,546.4135158976487,True,183.06265258789062,0.273505836725235,149.44728088378906,124.43706512451172,2660.4677734375,384.59136962890625,0.8163723117255585,0.14455780049986805,-0.7376548647880554,True,-0.24715059995651245,True,1.6254978618235327e-05,0.01
gpomdp_logbarrier_handoff,725,210,443953,546.4135158976487,True,258.10491943359375,0.26096272468566895,142.5935516357422,267.56134033203125,3852.00048828125,327.4010314941406,0.5524635173504673,0.08499506489944031,-0.20869970321655273,True,-0.2602274417877197,True,1.37742981678457e-05,0.01
gpomdp_logbarrier_handoff,725,211,445698,546.4135158976487,True,232.9210205078125,0.26199430227279663,143.1572265625,168.6356658935547,3501.887451171875,366.0324401855469,0.6146170330629231,0.10452433017601906,-0.6943941116333008,True,-0.24476709961891174,True,1.2294415682845283e-05,0.01
gpomdp_logbarrier_handoff,725,212,447650,546.4135158976487,True,238.61070251464844,0.2644844949245453,144.5178985595703,189.2755584716797,3244.565185546875,312.0233459472656,0.6056639414600369,0.09616800036479271,-0.6089178323745728,True,-0.09166183322668076,True,9.117902664002031e-06,0.01
gpomdp_logbarrier_handoff,725,213,449700,546.4135158976487,True,133.3069305419922,0.2605797052383423,142.38426208496094,134.8029022216797,3262.91796875,307.9810791015625,1.0680934705049665,0.09438823839618248,-0.5234813094139099,True,-0.10851160436868668,True,9.98267023533117e-06,0.01
gpomdp_logbarrier_handoff,725,214,451311,546.4135158976487,True,412.2667236328125,0.21230360865592957,116.00556182861328,342.3258361816406,4616.3896484375,314.04705810546875,0.281384732695366,0.06802871551619644,-0.6924601793289185,True,-0.3537260591983795,True,4.858802185481181e-06,0.01
gpomdp_logbarrier_handoff,725,215,453211,546.4135158976487,True,189.1782989501953,0.28263598680496216,154.43612670898438,316.18450927734375,3298.783203125,291.23248291015625,0.8163522326080463,0.08828482048601018,0.6902681589126587,True,-0.24541354179382324,True,1.7086904335883446e-05,0.01
gpomdp_logbarrier_handoff,725,216,455039,546.4135158976487,True,300.7052307128906,0.23871184885501862,130.4353790283203,175.2786865234375,3022.571533203125,277.1727294921875,0.43376491562548936,0.09170096603088757,-0.9779362678527832,True,-0.3566289246082306,True,7.2467323661840055e-06,0.01
gpomdp_logbarrier_handoff,725,217,457247,546.4135158976487,True,324.85650634765625,0.23950618505477905,130.86941528320312,259.8823547363281,3881.590087890625,296.01422119140625,0.4028529911700422,0.0762610720062585,-0.6482569575309753,True,-0.236183300614357,True,2.5488441224297276e-06,0.01
gpomdp_logbarrier_handoff,725,218,459538,546.4135158976487,True,391.5304260253906,0.2679784297943115,146.4270477294922,252.29385375976562,3658.76220703125,316.3880615234375,0.3739863826572611,0.08647407063389272,-0.9688079953193665,True,-0.3880448341369629,True,3.110240641035489e-06,0.01
gpomdp_logbarrier_handoff,725,219,461683,546.4135158976487,True,236.63905334472656,0.24179354310035706,132.11927795410156,192.84414672851562,3016.964599609375,269.9331970214844,0.5583156122655517,0.08947178135813535,-0.579964280128479,True,-0.12990166246891022,True,2.28275735025818e-06,0.01
gpomdp_logbarrier_handoff,725,220,463550,546.4135158976487,True,239.35089111328125,0.24737584590911865,135.1695098876953,146.7471160888672,3657.49365234375,283.56146240234375,0.5647336814122057,0.07752890075985105,-0.8349307179450989,True,-0.39723703265190125,True,3.296178192613297e-06,0.01
gpomdp_logbarrier_handoff,725,221,465593,546.4135158976487,True,167.70753479003906,0.26192063093185425,143.11695861816406,244.5748291015625,3841.644775390625,296.8838195800781,0.8533722637884988,0.07728039340906799,0.233494371175766,True,-0.05733656510710716,True,2.4104060685203876e-06,0.01
gpomdp_logbarrier_handoff,725,222,467589,546.4135158976487,True,179.25450134277344,0.23726028203964233,129.64222717285156,219.15374755859375,3625.6455078125,306.21136474609375,0.7232299674580976,0.08445706125606404,-0.019598815590143204,True,-0.271100789308548,True,5.129683358973125e-06,0.01
gpomdp_logbarrier_handoff,725,223,469535,546.4135158976487,True,226.7736358642578,0.2642677128314972,144.39944458007812,314.529541015625,3367.034423828125,282.7207946777344,0.6367558734495607,0.08396730151522985,0.4069407880306244,True,0.11443617194890976,True,1.1905699466296937e-05,0.01
gpomdp_logbarrier_handoff,725,224,471750,546.4135158976487,True,336.7381896972656,0.2607419788837433,142.4729461669922,262.90447998046875,4108.615234375,285.5401306152344,0.42309708410287,0.06949789998008186,-0.6729644536972046,True,-0.01854984275996685,True,9.115694410866126e-06,0.01
gpomdp_logbarrier_handoff,725,225,473943,546.4135158976487,True,175.7373046875,0.2440459430217743,133.34999084472656,123.07406616210938,3471.32275390625,320.41827392578125,0.7588029819954989,0.09230437405027156,-0.7151527404785156,True,-0.2731398046016693,True,6.552452305186307e-06,0.01
gpomdp_logbarrier_handoff,725,226,475708,546.4135158976487,True,164.15966796875,0.22682803869247437,123.94190216064453,155.8107147216797,3953.966552734375,263.011474609375,0.7550082410268918,0.06651838630943623,-0.4431529939174652,True,-0.027056004852056503,True,4.216715296934126e-06,0.01
gpomdp_logbarrier_handoff,725,227,477707,546.4135158976487,True,246.3217315673828,0.2252405434846878,123.0744857788086,191.1688995361328,3905.569580078125,287.6268615722656,0.49964932040574267,0.07364530465400441,-0.6477814316749573,True,-0.2786593735218048,True,2.618698772494099e-06,0.01
gpomdp_logbarrier_handoff,725,228,479785,546.4135158976487,True,219.01614379882812,0.2445242553949356,133.61135864257812,182.1863555908203,3574.859619140625,324.5670166015625,0.6100525574283855,0.09079154181712637,-0.5574983358383179,True,0.05828532949090004,True,2.4132407361321384e-06,0.01
gpomdp_logbarrier_handoff,725,229,481737,546.4135158976487,True,255.2589874267578,0.20855854451656342,113.9592056274414,286.9001770019531,4138.23974609375,261.47906494140625,0.4464454191260946,0.06318606001216502,0.07163941860198975,True,0.035567738115787506,True,6.131225745775737e-06,0.01
gpomdp_logbarrier_handoff,725,230,484212,546.4135158976487,True,88.96748352050781,0.2366446852684021,129.3058624267578,157.21205139160156,3779.88525390625,294.46051025390625,1.4534058659414777,0.07790197068802596,0.003494927892461419,True,0.02097654901444912,True,8.135927600960713e-06,0.01
gpomdp_logbarrier_handoff,725,231,486123,546.4135158976487,True,332.94268798828125,0.24442456662654877,133.556884765625,238.25674438476562,3569.593994140625,282.9562072753906,0.4011407656152697,0.07926845678804206,-0.8087159991264343,True,-0.27009522914886475,True,4.6181744437490124e-06,0.01
gpomdp_logbarrier_handoff,725,232,488033,546.4135158976487,True,172.23947143554688,0.23032259941101074,125.85138702392578,240.80093383789062,3572.0078125,252.91250610351562,0.7306768069769662,0.07080401818228543,0.2878703474998474,True,-0.10040739923715591,True,8.357692422578111e-06,0.01
gpomdp_logbarrier_handoff,725,233,490130,546.4135158976487,True,293.89422607421875,0.22303935885429382,121.8717269897461,259.7512512207031,3171.52880859375,295.97882080078125,0.41467887483767424,0.09332370558917222,-0.4712209701538086,True,-0.2741352915763855,True,8.435223207925446e-06,0.01
gpomdp_logbarrier_handoff,725,234,492085,546.4135158976487,True,257.0718688964844,0.23523202538490295,128.53395080566406,190.5233612060547,4328.73681640625,285.8043212890625,0.4999922837042161,0.06602487825220554,-0.7007312774658203,True,-0.08625388145446777,True,8.86047382664401e-06,0.01
gpomdp_logbarrier_handoff,725,235,493962,546.4135158976487,True,334.0550842285156,0.2153162658214569,117.6517105102539,257.5784912109375,4435.3564453125,272.1402587890625,0.3521925456754085,0.061357021052202816,-0.7517152428627014,True,-0.35862770676612854,True,9.662494449003134e-06,0.01
gpomdp_logbarrier_handoff,725,236,496183,546.4135158976487,True,159.57144165039062,0.21957357227802277,119.97797393798828,80.57891845703125,3738.1220703125,274.8363952636719,0.7518762298384899,0.07352258436030583,-0.8713685274124146,True,-0.06403470784425735,True,6.887402378197294e-06,0.01
gpomdp_logbarrier_handoff,725,237,498175,546.4135158976487,True,292.4726257324219,0.22452980279922485,122.6861343383789,281.8160400390625,3531.865478515625,239.78115844726562,0.41947903340062437,0.06789079592806038,-0.2950177490711212,True,0.07276778668165207,True,9.8071914180764e-06,0.01
gpomdp_logbarrier_handoff,725,238,500466,546.4135158976487,True,343.0299072265625,0.22098514437675476,120.749267578125,232.96234130859375,4704.037109375,270.939208984375,0.3520079883249748,0.05759716657940507,-0.9413001537322998,True,-0.2300175577402115,True,8.072643140621949e-06,0.01
gpomdp_logbarrier_handoff,725,239,502476,546.4135158976487,True,193.95887756347656,0.2301207184791565,125.7410659790039,126.97319793701172,3539.776611328125,305.7371826171875,0.6482872429381473,0.08637188619156248,-0.7648793458938599,True,-0.24114912748336792,True,8.361566870007664e-06,0.01
gpomdp_logbarrier_handoff,725,240,504310,546.4135158976487,True,273.8225402832031,0.220376655459404,120.41678619384766,256.1632995605469,3126.4521484375,283.218994140625,0.439762139629943,0.09058798302163963,-0.36180296540260315,True,-0.10704770684242249,True,1.4059867680771276e-05,0.01
gpomdp_logbarrier_handoff,725,241,506177,546.4135158976487,True,152.60272216796875,0.2092553824186325,114.3399658203125,140.6912384033203,4264.82373046875,266.1098327636719,0.7492655713864612,0.0623964434596746,-0.474743127822876,True,-0.0446750670671463,True,1.4702073713124264e-05,0.01
gpomdp_logbarrier_handoff,725,242,508393,546.4135158976487,True,269.4623718261719,0.22914692759513855,125.20897674560547,175.1441650390625,2851.654541015625,259.3802185058594,0.4646621934522896,0.0909577982799699,-0.8537834286689758,True,-0.3649631142616272,True,1.2630664969037753e-05,0.01
gpomdp_logbarrier_handoff,725,243,510320,546.4135158976487,True,361.0108337402344,0.25683334469795227,140.33721923828125,306.9088439941406,4612.71826171875,275.0587158203125,0.38873409361243993,0.059630504230670824,-0.5509941577911377,True,-0.125193253159523,True,7.053631179587683e-06,0.01
gpomdp_logbarrier_handoff,725,244,512880,546.4135158976487,True,158.7803497314453,0.2392464429140091,130.7274932861328,132.7059326171875,2963.595947265625,278.3970031738281,0.8233228702874129,0.09393892019277876,-0.594740629196167,True,-0.24469570815563202,True,7.087484391377075e-06,0.01
gpomdp_logbarrier_handoff,725,245,514902,546.4135158976487,True,262.7209777832031,0.22752301394939423,124.3216552734375,220.02011108398438,4235.92138671875,285.2149353027344,0.47320794982739256,0.06733244299504551,-0.5521620512008667,True,-0.27605485916137695,True,4.891111075266963e-06,0.01
gpomdp_logbarrier_handoff,725,246,516990,546.4135158976487,True,255.61093139648438,0.2451072484254837,133.92991638183594,215.05947875976562,2524.6103515625,279.5781555175781,0.5239600499483098,0.11074111113603932,-0.5407437086105347,True,-0.21553443372249603,True,4.288087438908406e-06,0.01
gpomdp_logbarrier_handoff,725,247,518816,546.4135158976487,True,406.57061767578125,0.23485243320465088,128.3265380859375,285.80035400390625,3801.981689453125,287.3807067871094,0.31563160864780243,0.07558708333191527,-0.9591550827026367,True,-0.2862411439418793,True,1.4601744624087587e-05,0.01
gpomdp_logbarrier_handoff,725,248,520814,546.4135158976487,True,270.47998046875,0.23279334604740143,127.20143127441406,188.04983520507812,3819.328857421875,272.83917236328125,0.47028039211615635,0.07143641790182301,-0.784423828125,True,-0.09132621437311172,True,1.8298447685083374e-05,0.01
gpomdp_logbarrier_handoff,725,249,522944,546.4135158976487,True,355.4272766113281,0.22970494627952576,125.51388549804688,304.40277099609375,4411.48486328125,334.13360595703125,0.3531352086837741,0.07574175505806986,-0.553912341594696,True,-0.2522468864917755,True,2.5840618036454543e-05,0.01
gpomdp_logbarrier_handoff,725,250,524839,0.0,False,121.82080841064453,0.283148854970932,0.0,121.82080841064453,3318.933349609375,0.0,0.0,0.0,-0.31606417894363403,True,nan,False,1.94026215467602e-05,0.01
gpomdp_logbarrier_handoff,725,251,526755,0.0,False,143.0983123779297,0.27220651507377625,0.0,143.0983123779297,2916.16455078125,0.0,0.0,0.0,0.023178135976195335,True,nan,False,1.8014199667959474e-05,0.01
gpomdp_logbarrier_handoff,725,252,528477,0.0,False,321.1697998046875,0.26566916704177856,0.0,321.1697998046875,3315.566650390625,0.0,0.0,0.0,-0.7316216230392456,True,nan,False,2.8009551897412166e-05,0.01
gpomdp_logbarrier_handoff,725,253,530222,0.0,False,143.72665405273438,0.2847040891647339,0.0,143.72665405273438,3166.140625,0.0,0.0,0.0,-0.822835385799408,True,nan,False,3.2786931114969775e-05,0.01
gpomdp_logbarrier_handoff,725,254,532026,0.0,False,260.73297119140625,0.2724006772041321,0.0,260.73297119140625,4004.070068359375,0.0,0.0,0.0,-0.8080681562423706,True,nan,False,4.4374563003657386e-05,0.01
gpomdp_logbarrier_handoff,725,255,533722,0.0,False,171.2518768310547,0.2828812599182129,0.0,171.2518768310547,4723.7509765625,0.0,0.0,0.0,-0.47821933031082153,True,nan,False,4.4713659008266404e-05,0.01
gpomdp_logbarrier_handoff,725,256,535571,0.0,False,345.3326110839844,0.3375510275363922,0.0,345.3326110839844,4058.541748046875,0.0,0.0,0.0,-0.884452223777771,True,nan,False,7.601836114190519e-05,0.01
gpomdp_logbarrier_handoff,725,257,537227,0.0,False,195.83819580078125,0.3473649024963379,0.0,195.83819580078125,2595.08544921875,0.0,0.0,0.0,0.34799593687057495,True,nan,False,5.648324440699071e-05,0.01
gpomdp_logbarrier_handoff,725,258,539102,0.0,False,234.83387756347656,0.33673548698425293,0.0,234.83387756347656,3055.34326171875,0.0,0.0,0.0,-0.49441689252853394,True,nan,False,5.7051431213039905e-05,0.01
gpomdp_logbarrier_handoff,725,259,540751,0.0,False,146.81826782226562,0.34740567207336426,0.0,146.81826782226562,2923.175537109375,0.0,0.0,0.0,-0.28856417536735535,True,nan,False,5.3494255553232506e-05,0.01
gpomdp_logbarrier_handoff,725,260,542218,0.0,False,364.43426513671875,0.4034498631954193,0.0,364.43426513671875,4299.1337890625,0.0,0.0,0.0,-0.7671263217926025,True,nan,False,8.46654293127358e-05,0.01
gpomdp_logbarrier_handoff,725,261,544115,0.0,False,224.56478881835938,0.3622708320617676,0.0,224.56478881835938,3696.7822265625,0.0,0.0,0.0,-0.7209797501564026,True,nan,False,8.223783515859395e-05,0.01
gpomdp_logbarrier_handoff,725,262,545674,0.0,False,463.0042419433594,0.41033801436424255,0.0,463.0042419433594,4015.09814453125,0.0,0.0,0.0,-0.16372491419315338,True,nan,False,9.601530473446473e-05,0.01
gpomdp_logbarrier_handoff,725,263,547536,0.0,False,302.27069091796875,0.4635814428329468,0.0,302.27069091796875,5110.05419921875,0.0,0.0,0.0,-0.09244995564222336,True,nan,False,8.261152834165841e-05,0.01
gpomdp_logbarrier_handoff,725,264,549602,0.0,False,329.9275817871094,0.4027831256389618,0.0,329.9275817871094,3221.709716796875,0.0,0.0,0.0,-0.583324670791626,True,nan,False,9.331753972219303e-05,0.01
gpomdp_logbarrier_handoff,725,265,551162,0.0,False,267.3008117675781,0.41669049859046936,0.0,267.3008117675781,3533.72900390625,0.0,0.0,0.0,-0.4290165901184082,True,nan,False,9.283841063734144e-05,0.01
gpomdp_logbarrier_handoff,725,266,552582,0.0,False,189.342529296875,0.4378550052642822,0.0,189.342529296875,2824.0078125,0.0,0.0,0.0,0.2326032668352127,True,nan,False,6.754152855137363e-05,0.01
gpomdp_logbarrier_handoff,725,267,553900,0.0,False,273.76336669921875,0.4562150835990906,0.0,273.76336669921875,2769.76416015625,0.0,0.0,0.0,-0.30931612849235535,True,nan,False,6.850674981251359e-05,0.01
gpomdp_logbarrier_handoff,725,268,555329,0.0,False,223.879638671875,0.4859152138233185,0.0,223.879638671875,2577.939208984375,0.0,0.0,0.0,0.6012836694717407,True,nan,False,4.185122816124931e-05,0.01
gpomdp_logbarrier_handoff,725,269,556624,0.0,False,225.38653564453125,0.5021247267723083,0.0,225.38653564453125,2933.0234375,0.0,0.0,0.0,-0.5629076361656189,True,nan,False,4.942555460729636e-05,0.01
gpomdp_logbarrier_handoff,725,270,558033,0.0,False,278.0417175292969,0.5338037014007568,0.0,278.0417175292969,3620.168701171875,0.0,0.0,0.0,0.6564074158668518,True,nan,False,2.6687632271205075e-05,0.01
gpomdp_logbarrier_handoff,725,271,559554,0.0,False,104.68803405761719,0.49906468391418457,0.0,104.68803405761719,2254.282958984375,0.0,0.0,0.0,-0.00850470270961523,True,nan,False,2.62298526649829e-05,0.01
gpomdp_logbarrier_handoff,725,272,560755,0.0,False,195.6667022705078,0.48292985558509827,0.0,195.6667022705078,2470.538818359375,0.0,0.0,0.0,-0.7192971706390381,True,nan,False,2.6535282813711092e-05,0.01
gpomdp_logbarrier_handoff,725,273,561944,0.0,False,125.78884887695312,0.4971017837524414,0.0,125.78884887695312,2804.546142578125,0.0,0.0,0.0,-0.39595308899879456,True,nan,False,2.7263298761681654e-05,0.01
gpomdp_logbarrier_handoff,725,274,563251,0.0,False,151.77891540527344,0.5474432110786438,0.0,151.77891540527344,2541.734619140625,0.0,0.0,0.0,0.24724102020263672,True,nan,False,2.250649777124636e-05,0.01
gpomdp_logbarrier_handoff,725,275,564475,0.0,False,115.80634307861328,0.5166923403739929,0.0,115.80634307861328,2756.4990234375,0.0,0.0,0.0,-0.666170597076416,True,nan,False,2.1334677512641065e-05,0.01
gpomdp_logbarrier_handoff,725,276,565607,0.0,False,263.76617431640625,0.5173502564430237,0.0,263.76617431640625,2690.444091796875,0.0,0.0,0.0,-0.5946853160858154,True,nan,False,3.2181957067223266e-05,0.01
gpomdp_logbarrier_handoff,725,277,566952,0.0,False,214.53684997558594,0.5467814207077026,0.0,214.53684997558594,2493.195068359375,0.0,0.0,0.0,-0.6868938207626343,True,nan,False,3.5484823456499726e-05,0.01
gpomdp_logbarrier_handoff,725,278,568064,0.0,False,280.7485046386719,0.5306935906410217,0.0,280.7485046386719,2804.815673828125,0.0,0.0,0.0,0.1019095852971077,True,nan,False,3.454358738963492e-05,0.01
gpomdp_logbarrier_handoff,725,279,569329,0.0,False,282.66229248046875,0.567450225353241,0.0,282.66229248046875,2669.451416015625,0.0,0.0,0.0,-0.60321044921875,True,nan,False,4.3163505324628204e-05,0.01
gpomdp_logbarrier_handoff,725,280,570686,0.0,False,235.31527709960938,0.5746351480484009,0.0,235.31527709960938,2535.154541015625,0.0,0.0,0.0,-0.7650048136711121,True,nan,False,5.767551556346007e-05,0.01
gpomdp_logbarrier_handoff,725,281,571955,0.0,False,197.81512451171875,0.5454573035240173,0.0,197.81512451171875,2228.52001953125,0.0,0.0,0.0,-0.921419620513916,True,nan,False,6.371226481860504e-05,0.01
gpomdp_logbarrier_handoff,725,282,573053,0.0,False,155.3733673095703,0.5973284244537354,0.0,155.3733673095703,2688.2646484375,0.0,0.0,0.0,0.5189557671546936,True,nan,False,4.4104956032242626e-05,0.01
gpomdp_logbarrier_handoff,725,283,574342,0.0,False,241.5517578125,0.6035925149917603,0.0,241.5517578125,2353.940673828125,0.0,0.0,0.0,0.02831326797604561,True,nan,False,4.524453834164888e-05,0.01
gpomdp_logbarrier_handoff,725,284,575507,0.0,False,100.60456085205078,0.6024348735809326,0.0,100.60456085205078,2311.89990234375,0.0,0.0,0.0,-0.5260359048843384,True,nan,False,4.27068407589104e-05,0.01
gpomdp_logbarrier_handoff,725,285,576628,0.0,False,158.96995544433594,0.6475314497947693,0.0,158.96995544433594,2536.778076171875,0.0,0.0,0.0,-0.39735275506973267,True,nan,False,3.890780499204993e-05,0.01
gpomdp_logbarrier_handoff,725,286,577779,0.0,False,180.36825561523438,0.6078978776931763,0.0,180.36825561523438,1717.7044677734375,0.0,0.0,0.0,-0.8053441643714905,True,nan,False,4.27141239924822e-05,0.01
gpomdp_logbarrier_handoff,725,287,578835,0.0,False,76.72004699707031,0.6497902870178223,0.0,76.72004699707031,1997.4197998046875,0.0,0.0,0.0,-0.18946465849876404,True,nan,False,3.599808769649826e-05,0.01
gpomdp_logbarrier_handoff,725,288,579954,0.0,False,195.13059997558594,0.655367374420166,0.0,195.13059997558594,2872.998779296875,0.0,0.0,0.0,-0.7074323296546936,True,nan,False,4.172720218775794e-05,0.01
gpomdp_logbarrier_handoff,725,289,581131,0.0,False,171.19908142089844,0.7374549508094788,0.0,171.19908142089844,2761.164306640625,0.0,0.0,0.0,0.33085885643959045,True,nan,False,3.181153806508519e-05,0.01
gpomdp_logbarrier_handoff,725,290,582374,0.0,False,193.39816284179688,0.6899470686912537,0.0,193.39816284179688,2563.11376953125,0.0,0.0,0.0,-0.6417203545570374,True,nan,False,3.22837513522245e-05,0.01
gpomdp_logbarrier_handoff,725,291,583548,0.0,False,168.8442840576172,0.6651356220245361,0.0,168.8442840576172,2096.640625,0.0,0.0,0.0,0.29220470786094666,True,nan,False,2.7509495339472778e-05,0.01
gpomdp_logbarrier_handoff,725,292,584665,0.0,False,244.0970458984375,0.7234870195388794,0.0,244.0970458984375,2305.84130859375,0.0,0.0,0.0,-0.4692351520061493,True,nan,False,3.439958891249262e-05,0.01
gpomdp_logbarrier_handoff,725,293,585956,0.0,False,149.87594604492188,0.6818890571594238,0.0,149.87594604492188,2179.3154296875,0.0,0.0,0.0,-0.6336787343025208,True,nan,False,3.3243522921111435e-05,0.01
gpomdp_logbarrier_handoff,725,294,586978,0.0,False,119.40616607666016,0.7194879651069641,0.0,119.40616607666016,1837.5660400390625,0.0,0.0,0.0,-0.15063033998012543,True,nan,False,2.9142765924916603e-05,0.01
gpomdp_logbarrier_handoff,725,295,588018,0.0,False,136.91412353515625,0.7170279622077942,0.0,136.91412353515625,2097.728759765625,0.0,0.0,0.0,-0.7366835474967957,True,nan,False,3.005522557941731e-05,0.01
gpomdp_logbarrier_handoff,725,296,588979,0.0,False,170.50628662109375,0.726283073425293,0.0,170.50628662109375,1548.4376220703125,0.0,0.0,0.0,-0.7895376086235046,True,nan,False,3.413724698475562e-05,0.01
gpomdp_logbarrier_handoff,725,297,590088,0.0,False,43.695011138916016,0.7682635188102722,0.0,43.695011138916016,1972.4730224609375,0.0,0.0,0.0,-0.2680208384990692,True,nan,False,2.7986512577626854e-05,0.01
gpomdp_logbarrier_handoff,725,298,591217,0.0,False,172.88336181640625,0.7548943161964417,0.0,172.88336181640625,2516.499267578125,0.0,0.0,0.0,0.22866874933242798,True,nan,False,2.1386662410805002e-05,0.01
gpomdp_logbarrier_handoff,725,299,592389,0.0,False,242.1165771484375,0.7043269872665405,0.0,242.1165771484375,1802.556884765625,0.0,0.0,0.0,-0.7515014410018921,True,nan,False,3.425121394684538e-05,0.01
gpomdp_logbarrier_handoff,725,300,593324,0.0,False,199.83384704589844,0.7129844427108765,0.0,199.83384704589844,3112.39501953125,0.0,0.0,0.0,-0.4853997826576233,True,nan,False,3.50076261383947e-05,0.01
gpomdp_logbarrier_handoff,725,301,594473,0.0,False,232.8903045654297,0.8996419310569763,0.0,232.8903045654297,4614.2802734375,0.0,0.0,0.0,0.4637461006641388,True,nan,False,2.623832733661402e-05,0.01
gpomdp_logbarrier_handoff,725,302,596003,0.0,False,270.515625,0.7403746247291565,0.0,270.515625,2191.086669921875,0.0,0.0,0.0,-0.909522533416748,True,nan,False,4.6916557039367035e-05,0.01
gpomdp_logbarrier_handoff,725,303,596956,0.0,False,143.95204162597656,0.7581825852394104,0.0,143.95204162597656,1997.2479248046875,0.0,0.0,0.0,-0.7407085299491882,True,nan,False,5.0533300964161754e-05,0.01
gpomdp_logbarrier_handoff,725,304,597912,0.0,False,63.22527313232422,0.7836024761199951,0.0,63.22527313232422,1862.16748046875,0.0,0.0,0.0,-0.3565579056739807,True,nan,False,4.2124742321902886e-05,0.01
gpomdp_logbarrier_handoff,725,305,598897,0.0,False,200.17733764648438,0.8821904063224792,0.0,200.17733764648438,2786.84326171875,0.0,0.0,0.0,-0.3426295220851898,True,nan,False,4.046888352604583e-05,0.01
gpomdp_logbarrier_handoff,725,306,600024,0.0,False,234.9799346923828,0.8437429070472717,0.0,234.9799346923828,2416.400146484375,0.0,0.0,0.0,-0.6258804202079773,True,nan,False,4.922454900224693e-05,0.01
gpomdp_logbarrier_handoff,725,307,601016,0.0,False,153.25413513183594,0.8166800141334534,0.0,153.25413513183594,2430.454833984375,0.0,0.0,0.0,-0.5073260068893433,True,nan,False,4.279450513422489e-05,0.01
gpomdp_logbarrier_handoff,725,308,601948,0.0,False,217.5362091064453,0.8118374347686768,0.0,217.5362091064453,1497.9141845703125,0.0,0.0,0.0,-0.6251276135444641,True,nan,False,5.47263007319998e-05,0.01
gpomdp_logbarrier_handoff,725,309,602904,0.0,False,188.98345947265625,0.8433687090873718,0.0,188.98345947265625,2139.527587890625,0.0,0.0,0.0,-0.94394451379776,True,nan,False,6.705228588543832e-05,0.01
gpomdp_logbarrier_handoff,725,310,603821,0.0,False,108.86016082763672,0.8549438118934631,0.0,108.86016082763672,2278.05615234375,0.0,0.0,0.0,-0.1673736721277237,True,nan,False,5.070766928838566e-05,0.01
gpomdp_logbarrier_handoff,725,311,604778,0.0,False,156.74197387695312,0.8482946753501892,0.0,156.74197387695312,2177.78271484375,0.0,0.0,0.0,-0.2380753606557846,True,nan,False,5.2241743105696514e-05,0.01
gpomdp_logbarrier_handoff,725,312,605677,0.0,False,86.54762268066406,0.8883885741233826,0.0,86.54762268066406,1685.4130859375,0.0,0.0,0.0,-0.4433284401893616,True,nan,False,4.8975351091939956e-05,0.01
gpomdp_logbarrier_handoff,725,313,606742,0.0,False,95.21981811523438,0.883234977722168,0.0,95.21981811523438,1653.0933837890625,0.0,0.0,0.0,-0.8082727789878845,True,nan,False,4.5106415200280026e-05,0.01
gpomdp_logbarrier_handoff,725,314,607636,0.0,False,163.94985961914062,0.907732367515564,0.0,163.94985961914062,2040.35546875,0.0,0.0,0.0,-0.7482422590255737,True,nan,False,5.5888780480017886e-05,0.01
gpomdp_logbarrier_handoff,725,315,608599,0.0,False,157.8802032470703,0.9265175461769104,0.0,157.8802032470703,1927.38623046875,0.0,0.0,0.0,-0.3138919770717621,True,nan,False,5.788860289612785e-05,0.01
gpomdp_logbarrier_handoff,725,316,609445,0.0,False,170.58924865722656,0.9295212030410767,0.0,170.58924865722656,1850.67431640625,0.0,0.0,0.0,-0.031207790598273277,True,nan,False,4.0846811316441745e-05,0.01
gpomdp_logbarrier_handoff,725,317,610338,0.0,False,121.8145980834961,0.9358452558517456,0.0,121.8145980834961,1874.7860107421875,0.0,0.0,0.0,-0.8047268986701965,True,nan,False,3.939747330150567e-05,0.01
gpomdp_logbarrier_handoff,725,318,611246,0.0,False,253.00537109375,0.9607858657836914,0.0,253.00537109375,1917.9991455078125,0.0,0.0,0.0,-0.8100070953369141,True,nan,False,5.833494651596993e-05,0.01
gpomdp_logbarrier_handoff,725,319,612155,0.0,False,80.28970336914062,0.9865367412567139,0.0,80.28970336914062,1772.1990966796875,0.0,0.0,0.0,0.22681203484535217,True,nan,False,4.5115622924640775e-05,0.01
gpomdp_logbarrier_handoff,725,320,613005,0.0,False,106.05758666992188,0.9931399822235107,0.0,106.05758666992188,2215.43603515625,0.0,0.0,0.0,0.0827808678150177,True,nan,False,3.5121287510264665e-05,0.01
gpomdp_logbarrier_handoff,725,321,613993,0.0,False,108.83135223388672,0.9938646554946899,0.0,108.83135223388672,1992.9195556640625,0.0,0.0,0.0,-0.36344194412231445,True,nan,False,3.5143715649610385e-05,0.01
gpomdp_logbarrier_handoff,725,322,614841,0.0,False,119.1436767578125,0.9762879610061646,0.0,119.1436767578125,1692.2738037109375,0.0,0.0,0.0,-0.3067784607410431,True,nan,False,3.2021180231822655e-05,0.01
gpomdp_logbarrier_handoff,725,323,615716,0.0,False,267.6340637207031,1.0496586561203003,0.0,267.6340637207031,2888.2353515625,0.0,0.0,0.0,-0.49324163794517517,True,nan,False,2.5396933779120445e-05,0.01
gpomdp_logbarrier_handoff,725,324,616795,0.0,False,99.94938659667969,1.021249532699585,0.0,99.94938659667969,1732.5006103515625,0.0,0.0,0.0,0.6029042601585388,True,nan,False,1.7628837667871267e-05,0.01
gpomdp_logbarrier_handoff,725,325,617619,0.0,False,135.78347778320312,1.011887788772583,0.0,135.78347778320312,1862.98583984375,0.0,0.0,0.0,-0.21598507463932037,True,nan,False,1.609504579391796e-05,0.01
gpomdp_logbarrier_handoff,725,326,618523,0.0,False,139.00914001464844,1.1092833280563354,0.0,139.00914001464844,2035.0755615234375,0.0,0.0,0.0,-0.34600910544395447,True,nan,False,1.6989739378914237e-05,0.01
gpomdp_logbarrier_handoff,725,327,619453,0.0,False,146.6752166748047,1.155263066291809,0.0,146.6752166748047,2928.719970703125,0.0,0.0,0.0,-0.6013507843017578,True,nan,False,2.1417192328954116e-05,0.01
gpomdp_logbarrier_handoff,725,328,620617,0.0,False,94.16136932373047,1.0912243127822876,0.0,94.16136932373047,2159.359130859375,0.0,0.0,0.0,0.06946893781423569,True,nan,False,1.3458442481351085e-05,0.01
gpomdp_logbarrier_handoff,725,329,621597,0.0,False,127.5733871459961,1.0349218845367432,0.0,127.5733871459961,1997.5604248046875,0.0,0.0,0.0,-0.7655492424964905,True,nan,False,1.5518107829848304e-05,0.01
gpomdp_logbarrier_handoff,725,330,622471,0.0,False,126.20270538330078,1.125523328781128,0.0,126.20270538330078,2182.298828125,0.0,0.0,0.0,-0.016148574650287628,True,nan,False,1.696910840109922e-05,0.01
gpomdp_logbarrier_handoff,725,331,623383,0.0,False,108.3149185180664,1.0596836805343628,0.0,108.3149185180664,1990.580322265625,0.0,0.0,0.0,-0.10274211317300797,True,nan,False,1.5366989828180522e-05,0.01
gpomdp_logbarrier_handoff,725,332,624249,0.0,False,106.86805725097656,1.0755925178527832,0.0,106.86805725097656,1995.5677490234375,0.0,0.0,0.0,-0.6429362297058105,True,nan,False,1.3536366168409586e-05,0.01
gpomdp_logbarrier_handoff,725,333,625116,0.0,False,193.3673095703125,1.0759154558181763,0.0,193.3673095703125,2362.125732421875,0.0,0.0,0.0,-0.03588427975773811,True,nan,False,1.007503942673793e-05,0.01
gpomdp_logbarrier_handoff,725,334,626010,0.0,False,74.89903259277344,1.0895191431045532,0.0,74.89903259277344,2093.45849609375,0.0,0.0,0.0,-0.5260465145111084,True,nan,False,1.0000913789554033e-05,0.01
gpomdp_logbarrier_handoff,725,335,626892,0.0,False,200.80511474609375,1.0987663269042969,0.0,200.80511474609375,2415.000244140625,0.0,0.0,0.0,-0.7414904236793518,True,nan,False,1.51091498992173e-05,0.01
gpomdp_logbarrier_handoff,725,336,627934,0.0,False,198.28179931640625,1.1326450109481812,0.0,198.28179931640625,2026.9034423828125,0.0,0.0,0.0,-0.8404484391212463,True,nan,False,1.887883809104096e-05,0.01
gpomdp_logbarrier_handoff,725,337,628851,0.0,False,105.44625091552734,1.1095635890960693,0.0,105.44625091552734,1419.955078125,0.0,0.0,0.0,-0.41925179958343506,True,nan,False,1.8182028725277632e-05,0.01
gpomdp_logbarrier_handoff,725,338,629678,0.0,False,88.18135833740234,1.1049822568893433,0.0,88.18135833740234,1623.207275390625,0.0,0.0,0.0,-0.36193037033081055,True,nan,False,1.5667972547817044e-05,0.01
gpomdp_logbarrier_handoff,725,339,630446,0.0,False,50.0521125793457,1.1008634567260742,0.0,50.0521125793457,1498.26123046875,0.0,0.0,0.0,-0.25700390338897705,True,nan,False,1.345139116892824e-05,0.01
gpomdp_logbarrier_handoff,725,340,631230,0.0,False,148.5851287841797,1.1529048681259155,0.0,148.5851287841797,1887.4150390625,0.0,0.0,0.0,0.37094011902809143,True,nan,False,1.106506351788994e-05,0.01
gpomdp_logbarrier_handoff,725,341,632164,0.0,False,92.08927917480469,1.113385558128357,0.0,92.08927917480469,1691.9798583984375,0.0,0.0,0.0,0.3484005033969879,True,nan,False,8.689334208611399e-06,0.01
gpomdp_logbarrier_handoff,725,342,633038,0.0,False,115.53739166259766,1.1267750263214111,0.0,115.53739166259766,2560.845947265625,0.0,0.0,0.0,-0.3339233100414276,True,nan,False,6.241903520276537e-06,0.01
gpomdp_logbarrier_handoff,725,343,634054,0.0,False,102.811767578125,1.1744463443756104,0.0,102.811767578125,1546.9730224609375,0.0,0.0,0.0,0.3529711663722992,True,nan,False,5.831037469761213e-06,0.01
gpomdp_logbarrier_handoff,725,344,634946,0.0,False,169.16030883789062,1.0831751823425293,0.0,169.16030883789062,2555.880126953125,0.0,0.0,0.0,-0.5810731649398804,True,nan,False,9.58423061092617e-06,0.01
gpomdp_logbarrier_handoff,725,345,635803,0.0,False,77.3643569946289,1.1337066888809204,0.0,77.3643569946289,1399.6875,0.0,0.0,0.0,0.23694515228271484,True,nan,False,5.678125035046833e-06,0.01
gpomdp_logbarrier_handoff,725,346,636561,0.0,False,106.68132019042969,1.2093404531478882,0.0,106.68132019042969,1474.8140869140625,0.0,0.0,0.0,0.20456480979919434,True,nan,False,3.858899162878515e-06,0.01
gpomdp_logbarrier_handoff,725,347,637400,0.0,False,121.3299331665039,1.1298145055770874,0.0,121.3299331665039,1645.9522705078125,0.0,0.0,0.0,-0.39124637842178345,True,nan,False,4.4048470044799615e-06,0.01
gpomdp_logbarrier_handoff,725,348,638174,0.0,False,99.7780532836914,1.1410177946090698,0.0,99.7780532836914,1571.0709228515625,0.0,0.0,0.0,0.5498049259185791,True,nan,False,2.9719030862906948e-06,0.01
gpomdp_logbarrier_handoff,725,349,639001,0.0,False,69.52288055419922,1.1481834650039673,0.0,69.52288055419922,1236.6934814453125,0.0,0.0,0.0,-0.4763532876968384,True,nan,False,2.7377859623811673e-06,0.01
gpomdp_logbarrier_handoff,725,350,639794,0.0,False,55.709800720214844,1.1941310167312622,0.0,55.709800720214844,1564.2568359375,0.0,0.0,0.0,0.013702837750315666,True,nan,False,2.480389866832411e-06,0.01
gpomdp_logbarrier_handoff,725,351,640641,0.0,False,89.70167541503906,1.104929804801941,0.0,89.70167541503906,1397.8310546875,0.0,0.0,0.0,-0.5085424184799194,True,nan,False,2.894671979447594e-06,0.01
gpomdp_logbarrier_handoff,725,352,641449,0.0,False,119.50068664550781,1.1557996273040771,0.0,119.50068664550781,1500.040283203125,0.0,0.0,0.0,-0.05384261533617973,True,nan,False,3.985006514994893e-06,0.01
gpomdp_logbarrier_handoff,725,353,642257,0.0,False,53.53776550292969,1.1459195613861084,0.0,53.53776550292969,1322.09375,0.0,0.0,0.0,-0.12539295852184296,True,nan,False,4.001909019279992e-06,0.01
gpomdp_logbarrier_handoff,725,354,643036,0.0,False,128.63101196289062,1.1968588829040527,0.0,128.63101196289062,1614.6771240234375,0.0,0.0,0.0,-0.12653784453868866,True,nan,False,4.21550157625461e-06,0.01
gpomdp_logbarrier_handoff,725,355,643847,0.0,False,47.30073165893555,1.1816539764404297,0.0,47.30073165893555,1357.967041015625,0.0,0.0,0.0,0.010299376212060452,True,nan,False,2.513433628337225e-06,0.01
gpomdp_logbarrier_handoff,725,356,644585,0.0,False,80.4590835571289,1.1600903272628784,0.0,80.4590835571289,1797.2822265625,0.0,0.0,0.0,-0.3566739559173584,True,nan,False,1.6891955283426796e-06,0.01
gpomdp_logbarrier_handoff,725,357,645416,0.0,False,103.8135986328125,1.1817715167999268,0.0,103.8135986328125,1628.904052734375,0.0,0.0,0.0,-0.3714064061641693,True,nan,False,1.5616010387020651e-06,0.01
gpomdp_logbarrier_handoff,725,358,646267,0.0,False,127.62623596191406,1.1801953315734863,0.0,127.62623596191406,1978.1334228515625,0.0,0.0,0.0,0.62705397605896,True,nan,False,1.8194640460933442e-06,0.01
gpomdp_logbarrier_handoff,725,359,647041,0.0,False,81.1108169555664,1.2188048362731934,0.0,81.1108169555664,2180.556640625,0.0,0.0,0.0,-0.0939134955406189,True,nan,False,2.1606213067570934e-06,0.01
gpomdp_logbarrier_handoff,725,360,648130,0.0,False,167.0603790283203,1.1892273426055908,0.0,167.0603790283203,1969.5609130859375,0.0,0.0,0.0,-0.4165882170200348,True,nan,False,7.868265129218344e-06,0.01
gpomdp_logbarrier_handoff,725,361,649068,0.0,False,91.91818237304688,1.1805428266525269,0.0,91.91818237304688,1518.57861328125,0.0,0.0,0.0,0.08693072199821472,True,nan,False,1.1467917829577345e-05,0.01
gpomdp_logbarrier_handoff,725,362,649898,0.0,False,58.00243377685547,1.1718510389328003,0.0,58.00243377685547,1538.3717041015625,0.0,0.0,0.0,-0.11523272842168808,True,nan,False,1.3138995200279169e-05,0.01
gpomdp_logbarrier_handoff,725,363,650727,0.0,False,114.96166229248047,1.1782612800598145,0.0,114.96166229248047,1463.7095947265625,0.0,0.0,0.0,0.6678807735443115,True,nan,False,1.8855022062780336e-05,0.01
gpomdp_logbarrier_handoff,725,364,651557,0.0,False,148.22308349609375,1.2302156686782837,0.0,148.22308349609375,2957.841796875,0.0,0.0,0.0,-0.3504951000213623,True,nan,False,5.147313459019642e-06,0.01
gpomdp_logbarrier_handoff,725,365,652642,0.0,False,143.8935089111328,1.2249058485031128,0.0,143.8935089111328,2062.502685546875,0.0,0.0,0.0,0.12701381742954254,True,nan,False,1.3119315553922206e-05,0.01
gpomdp_logbarrier_handoff,725,366,653589,0.0,False,130.03396606445312,1.2320836782455444,0.0,130.03396606445312,1823.1937255859375,0.0,0.0,0.0,0.579753577709198,True,nan,False,9.141901500697713e-06,0.01
gpomdp_logbarrier_handoff,725,367,654570,0.0,False,192.22389221191406,1.1380342245101929,0.0,192.22389221191406,1681.0596923828125,0.0,0.0,0.0,-0.2912588119506836,True,nan,False,3.234552059439011e-05,0.01
gpomdp_logbarrier_handoff,725,368,655357,0.0,False,155.00665283203125,1.2074066400527954,0.0,155.00665283203125,2305.94091796875,0.0,0.0,0.0,-0.25915250182151794,True,nan,False,3.033592292922549e-05,0.01
gpomdp_logbarrier_handoff,725,369,656328,0.0,False,136.6304473876953,1.1750743389129639,0.0,136.6304473876953,1932.584716796875,0.0,0.0,0.0,-0.02258012257516384,True,nan,False,4.22811608586926e-05,0.01
gpomdp_logbarrier_handoff,725,370,657233,0.0,False,83.51154327392578,1.1530311107635498,0.0,83.51154327392578,1368.5416259765625,0.0,0.0,0.0,-0.5088450908660889,True,nan,False,4.2706851672846824e-05,0.01
gpomdp_logbarrier_handoff,725,371,658025,0.0,False,83.07258605957031,1.1936862468719482,0.0,83.07258605957031,1642.397705078125,0.0,0.0,0.0,0.4763510227203369,True,nan,False,3.392763755982742e-05,0.01
gpomdp_logbarrier_handoff,725,372,658792,0.0,False,96.55010223388672,1.2432550191879272,0.0,96.55010223388672,2055.8095703125,0.0,0.0,0.0,0.4328528046607971,True,nan,False,3.0033486837055534e-05,0.01
gpomdp_logbarrier_handoff,725,373,659829,0.0,False,63.8272705078125,1.1828397512435913,0.0,63.8272705078125,1398.12158203125,0.0,0.0,0.0,-0.7406494617462158,True,nan,False,2.7548907382879406e-05,0.01
gpomdp_logbarrier_handoff,725,374,660558,0.0,False,145.09825134277344,1.1351903676986694,0.0,145.09825134277344,1386.6917724609375,0.0,0.0,0.0,-0.4675999581813812,True,nan,False,4.520716902334243e-05,0.01
gpomdp_logbarrier_handoff,725,375,661296,0.0,False,141.22763061523438,1.1358457803726196,0.0,141.22763061523438,1357.5413818359375,0.0,0.0,0.0,-0.2739001512527466,True,nan,False,1.6351403246517293e-05,0.01
gpomdp_logbarrier_handoff,725,376,662067,0.0,False,164.31100463867188,1.1893188953399658,0.0,164.31100463867188,2197.828125,0.0,0.0,0.0,-0.5246672630310059,True,nan,False,1.452282776881475e-05,0.01
gpomdp_logbarrier_handoff,725,377,662993,0.0,False,114.21524047851562,1.1503700017929077,0.0,114.21524047851562,1691.5850830078125,0.0,0.0,0.0,0.4020928144454956,True,nan,False,1.4984959307184909e-05,0.01
gpomdp_logbarrier_handoff,725,378,663744,0.0,False,148.85751342773438,1.1320511102676392,0.0,148.85751342773438,1776.01318359375,0.0,0.0,0.0,-0.48023539781570435,True,nan,False,6.8654303504445124e-06,0.01
gpomdp_logbarrier_handoff,725,379,664603,0.0,False,64.4588394165039,1.161834716796875,0.0,64.4588394165039,1893.547119140625,0.0,0.0,0.0,-0.25641587376594543,True,nan,False,4.106852429686114e-06,0.01
gpomdp_logbarrier_handoff,725,380,665374,0.0,False,148.2490692138672,1.2379320859909058,0.0,148.2490692138672,2523.01708984375,0.0,0.0,0.0,0.12691453099250793,True,nan,False,6.181789103720803e-06,0.01
gpomdp_logbarrier_handoff,725,381,666321,0.0,False,132.1124725341797,1.2126669883728027,0.0,132.1124725341797,1611.958740234375,0.0,0.0,0.0,0.6287308931350708,True,nan,False,9.680834409664385e-06,0.01
gpomdp_logbarrier_handoff,725,382,667176,0.0,False,93.80049133300781,1.1709493398666382,0.0,93.80049133300781,1432.99755859375,0.0,0.0,0.0,-0.02568792924284935,True,nan,False,4.084194642928196e-06,0.01
gpomdp_logbarrier_handoff,725,383,667979,0.0,False,93.51606750488281,1.1991108655929565,0.0,93.51606750488281,2110.03125,0.0,0.0,0.0,-0.521481454372406,True,nan,False,4.593205630953889e-06,0.01
gpomdp_logbarrier_handoff,725,384,668799,0.0,False,134.26673889160156,1.2652652263641357,0.0,134.26673889160156,2717.231201171875,0.0,0.0,0.0,0.5995411276817322,True,nan,False,1.5403747966047376e-06,0.01
gpomdp_logbarrier_handoff,725,385,669996,0.0,False,173.1499481201172,1.2386066913604736,0.0,173.1499481201172,2289.377685546875,0.0,0.0,0.0,-0.3922193646430969,True,nan,False,1.1833240023406688e-06,0.01
gpomdp_logbarrier_handoff,725,386,670899,0.0,False,136.82290649414062,1.1535720825195312,0.0,136.82290649414062,1512.5863037109375,0.0,0.0,0.0,-0.13174764811992645,True,nan,False,2.4290197870868724e-06,0.01
gpomdp_logbarrier_handoff,725,387,671681,0.0,False,108.94803619384766,1.1704179048538208,0.0,108.94803619384766,1642.0999755859375,0.0,0.0,0.0,0.0049509573727846146,True,nan,False,3.907703103323001e-06,0.01
gpomdp_logbarrier_handoff,725,388,672484,0.0,False,161.34881591796875,1.165248155593872,0.0,161.34881591796875,1648.1473388671875,0.0,0.0,0.0,-0.43771615624427795,True,nan,False,2.2538531538884854e-06,0.01
gpomdp_logbarrier_handoff,725,389,673314,0.0,False,147.19589233398438,1.2551732063293457,0.0,147.19589233398438,2032.23974609375,0.0,0.0,0.0,-0.31423839926719666,True,nan,False,2.9611856007250026e-06,0.01
gpomdp_logbarrier_handoff,725,390,674339,0.0,False,136.18247985839844,1.235453724861145,0.0,136.18247985839844,1969.6990966796875,0.0,0.0,0.0,-0.14999710023403168,True,nan,False,5.223868811299326e-06,0.01
gpomdp_logbarrier_handoff,725,391,675247,0.0,False,99.87618255615234,1.1704879999160767,0.0,99.87618255615234,1550.6229248046875,0.0,0.0,0.0,-0.26344433426856995,True,nan,False,4.031973730889149e-06,0.01
gpomdp_logbarrier_handoff,725,392,675967,0.0,False,90.46759796142578,1.1959385871887207,0.0,90.46759796142578,1191.98876953125,0.0,0.0,0.0,-0.6644285321235657,True,nan,False,3.36534617417783e-06,0.01
gpomdp_logbarrier_handoff,725,393,676777,0.0,False,91.52613067626953,1.1846615076065063,0.0,91.52613067626953,1873.470703125,0.0,0.0,0.0,-0.4203687906265259,True,nan,False,3.9040219235175755e-06,0.01
gpomdp_logbarrier_handoff,725,394,677569,0.0,False,96.78520202636719,1.1973236799240112,0.0,96.78520202636719,1731.265380859375,0.0,0.0,0.0,0.2890663743019104,True,nan,False,3.1043734907143516e-06,0.01
gpomdp_logbarrier_handoff,725,395,678428,0.0,False,120.2126693725586,1.2106609344482422,0.0,120.2126693725586,1901.3272705078125,0.0,0.0,0.0,-0.4636668264865875,True,nan,False,4.40660596723319e-06,0.01
gpomdp_logbarrier_handoff,725,396,679231,0.0,False,145.4464569091797,1.2323461771011353,0.0,145.4464569091797,1661.9046630859375,0.0,0.0,0.0,-0.8089956045150757,True,nan,False,6.8368722168088425e-06,0.01
gpomdp_logbarrier_handoff,725,397,680072,0.0,False,117.0362319946289,1.2393646240234375,0.0,117.0362319946289,2614.28662109375,0.0,0.0,0.0,0.09469523280858994,True,nan,False,7.856985575926956e-06,0.01
gpomdp_logbarrier_handoff,725,398,681067,0.0,False,137.3565673828125,1.1688783168792725,0.0,137.3565673828125,1307.1025390625,0.0,0.0,0.0,-0.7139385938644409,True,nan,False,1.3277991456561722e-05,0.01
gpomdp_logbarrier_handoff,725,399,681807,0.0,False,169.79605102539062,1.2184737920761108,0.0,169.79605102539062,1057.4144287109375,0.0,0.0,0.0,-0.059334173798561096,True,nan,False,1.1795768841693643e-05,0.01
gpomdp_logbarrier_handoff,725,400,682593,0.0,False,165.1265411376953,1.2860546112060547,0.0,165.1265411376953,2341.4189453125,0.0,0.0,0.0,-0.027517246082425117,True,nan,False,8.518971299054101e-06,0.01
gpomdp_logbarrier_handoff,725,401,683554,0.0,False,58.22276306152344,1.2463304996490479,0.0,58.22276306152344,1100.3358154296875,0.0,0.0,0.0,-0.5025269389152527,True,nan,False,1.0674043551262002e-05,0.01
gpomdp_logbarrier_handoff,725,402,684349,0.0,False,55.96434020996094,1.2035428285598755,0.0,55.96434020996094,1670.703857421875,0.0,0.0,0.0,-0.46254152059555054,True,nan,False,9.208464689436369e-06,0.01
gpomdp_logbarrier_handoff,725,403,685059,0.0,False,123.00932312011719,1.2149567604064941,0.0,123.00932312011719,1335.6788330078125,0.0,0.0,0.0,-0.5768430829048157,True,nan,False,1.2902186426799744e-05,0.01
gpomdp_logbarrier_handoff,725,404,685845,0.0,False,128.5936279296875,1.202728509902954,0.0,128.5936279296875,1633.080078125,0.0,0.0,0.0,-0.5676082372665405,True,nan,False,1.3983493772684596e-05,0.01
gpomdp_logbarrier_handoff,725,405,686652,0.0,False,93.02904510498047,1.2134926319122314,0.0,93.02904510498047,1947.09716796875,0.0,0.0,0.0,0.22788801789283752,True,nan,False,1.3792402569379192e-05,0.01
gpomdp_logbarrier_handoff,725,406,687461,0.0,False,99.8775405883789,1.222150444984436,0.0,99.8775405883789,1622.861328125,0.0,0.0,0.0,-0.4463684558868408,True,nan,False,1.1198018000868615e-05,0.01
gpomdp_logbarrier_handoff,725,407,688198,0.0,False,71.7603988647461,1.222423791885376,0.0,71.7603988647461,2005.3458251953125,0.0,0.0,0.0,-0.2235613763332367,True,nan,False,1.0495709830138367e-05,0.01
gpomdp_logbarrier_handoff,725,408,689071,0.0,False,106.8267822265625,1.2293529510498047,0.0,106.8267822265625,1438.3426513671875,0.0,0.0,0.0,-0.1596306711435318,True,nan,False,1.0311952792108059e-05,0.01
gpomdp_logbarrier_handoff,725,409,689818,0.0,False,100.80860900878906,1.256691336631775,0.0,100.80860900878906,1488.1263427734375,0.0,0.0,0.0,-0.17581330239772797,True,nan,False,1.0765529623313341e-05,0.01
gpomdp_logbarrier_handoff,725,410,690579,0.0,False,80.18021392822266,1.2504264116287231,0.0,80.18021392822266,1527.4912109375,0.0,0.0,0.0,-0.09895388782024384,True,nan,False,1.1591994734772015e-05,0.01
gpomdp_logbarrier_handoff,725,411,691331,0.0,False,164.61976623535156,1.2792108058929443,0.0,164.61976623535156,2678.709228515625,0.0,0.0,0.0,0.4824148118495941,True,nan,False,1.1321982128720265e-05,0.01
gpomdp_logbarrier_handoff,725,412,692253,0.0,False,87.64575958251953,1.2502954006195068,0.0,87.64575958251953,1447.723876953125,0.0,0.0,0.0,-0.22224485874176025,True,nan,False,8.533773325325456e-06,0.01
gpomdp_logbarrier_handoff,725,413,693028,0.0,False,111.8812255859375,1.2298848628997803,0.0,111.8812255859375,1318.37646484375,0.0,0.0,0.0,-0.5516135096549988,True,nan,False,6.340995696518803e-06,0.01
gpomdp_logbarrier_handoff,725,414,693755,0.0,False,125.84515380859375,1.270605444908142,0.0,125.84515380859375,1768.9661865234375,0.0,0.0,0.0,-0.6596330404281616,True,nan,False,1.1903182894457132e-05,0.01
gpomdp_logbarrier_handoff,725,415,694555,0.0,False,96.58141326904297,1.3532004356384277,0.0,96.58141326904297,2154.639892578125,0.0,0.0,0.0,0.10539893060922623,True,nan,False,9.519751984043978e-06,0.01
gpomdp_logbarrier_handoff,725,416,695392,0.0,False,68.44235229492188,1.2620224952697754,0.0,68.44235229492188,1752.6907958984375,0.0,0.0,0.0,0.5585529208183289,True,nan,False,9.17132001632126e-06,0.01
gpomdp_logbarrier_handoff,725,417,696157,0.0,False,167.64947509765625,1.288779377937317,0.0,167.64947509765625,1720.603271484375,0.0,0.0,0.0,-0.6729475855827332,True,nan,False,1.3470875273924321e-05,0.01
gpomdp_logbarrier_handoff,725,418,696986,0.0,False,78.55557250976562,1.2855706214904785,0.0,78.55557250976562,2032.14599609375,0.0,0.0,0.0,0.33332890272140503,True,nan,False,8.850179256114643e-06,0.01
gpomdp_logbarrier_handoff,725,419,697790,0.0,False,97.52699279785156,1.2656232118606567,0.0,97.52699279785156,1671.2344970703125,0.0,0.0,0.0,0.16799293458461761,True,nan,False,1.3223381756688468e-05,0.01
gpomdp_logbarrier_handoff,725,420,698665,0.0,False,136.9475860595703,1.2539418935775757,0.0,136.9475860595703,1382.2529296875,0.0,0.0,0.0,0.18148231506347656,True,nan,False,8.32315708976239e-06,0.01
gpomdp_logbarrier_handoff,725,421,699417,0.0,False,107.58931732177734,1.2822003364562988,0.0,107.58931732177734,1151.1842041015625,0.0,0.0,0.0,-0.12825891375541687,True,nan,False,3.6312578686192865e-06,0.01
gpomdp_logbarrier_handoff,725,422,700118,0.0,False,99.63996887207031,1.2511858940124512,0.0,99.63996887207031,1850.1334228515625,0.0,0.0,0.0,-0.3523586690425873,True,nan,False,5.06194055560627e-06,0.01
gpomdp_logbarrier_handoff,725,423,700917,0.0,False,71.12741088867188,1.2455010414123535,0.0,71.12741088867188,1531.8819580078125,0.0,0.0,0.0,0.2898294925689697,True,nan,False,3.4300355764571577e-06,0.01
gpomdp_logbarrier_handoff,725,424,701632,0.0,False,128.0033416748047,1.26933753490448,0.0,128.0033416748047,1766.6558837890625,0.0,0.0,0.0,-0.6815108060836792,True,nan,False,3.768367150769336e-06,0.01
gpomdp_logbarrier_handoff,725,425,702424,0.0,False,139.04209899902344,1.2678120136260986,0.0,139.04209899902344,1839.887939453125,0.0,0.0,0.0,0.3278917074203491,True,nan,False,2.89584477286553e-06,0.01
gpomdp_logbarrier_handoff,725,426,703274,0.0,False,82.96710968017578,1.2860764265060425,0.0,82.96710968017578,1518.3787841796875,0.0,0.0,0.0,-0.24892404675483704,True,nan,False,2.5962278868973954e-06,0.01
gpomdp_logbarrier_handoff,725,427,704047,0.0,False,79.63175964355469,1.2827181816101074,0.0,79.63175964355469,1881.744384765625,0.0,0.0,0.0,-0.15907597541809082,True,nan,False,2.098826371366158e-06,0.01
gpomdp_logbarrier_handoff,725,428,704861,0.0,False,89.43750762939453,1.3222548961639404,0.0,89.43750762939453,1660.17138671875,0.0,0.0,0.0,0.5047955513000488,True,nan,False,1.53308508288319e-06,0.01
gpomdp_logbarrier_handoff,725,429,705636,0.0,False,121.6282730102539,1.3048313856124878,0.0,121.6282730102539,1489.69482421875,0.0,0.0,0.0,-0.5053271651268005,True,nan,False,2.4097016648738645e-06,0.01
gpomdp_logbarrier_handoff,725,430,706407,0.0,False,110.07420349121094,1.2260894775390625,0.0,110.07420349121094,1305.3634033203125,0.0,0.0,0.0,-0.40037956833839417,True,nan,False,2.9244554298202274e-06,0.01
gpomdp_logbarrier_handoff,725,431,707149,0.0,False,69.36563110351562,1.3223775625228882,0.0,69.36563110351562,1530.4449462890625,0.0,0.0,0.0,0.46500736474990845,True,nan,False,1.911794242914766e-06,0.01
gpomdp_logbarrier_handoff,725,432,707882,0.0,False,101.21357727050781,1.3215818405151367,0.0,101.21357727050781,1662.4112548828125,0.0,0.0,0.0,0.08842044323682785,True,nan,False,2.686880179680884e-06,0.01
gpomdp_logbarrier_handoff,725,433,708667,0.0,False,61.6010627746582,1.2863637208938599,0.0,61.6010627746582,986.5098876953125,0.0,0.0,0.0,0.06619773805141449,True,nan,False,2.0393972590682097e-06,0.01
gpomdp_logbarrier_handoff,725,434,709374,0.0,False,88.18189239501953,1.2851858139038086,0.0,88.18189239501953,1420.3603515625,0.0,0.0,0.0,-0.792763352394104,True,nan,False,3.036882617379888e-06,0.01
gpomdp_logbarrier_handoff,725,435,710108,0.0,False,110.84742736816406,1.2896778583526611,0.0,110.84742736816406,1438.9410400390625,0.0,0.0,0.0,-0.23213152587413788,True,nan,False,7.3991750468849204e-06,0.01
gpomdp_logbarrier_handoff,725,436,710839,0.0,False,105.04719543457031,1.3019309043884277,0.0,105.04719543457031,1124.48876953125,0.0,0.0,0.0,0.15711034834384918,True,nan,False,5.6197159210569225e-06,0.01
gpomdp_logbarrier_handoff,725,437,711585,0.0,False,96.22249603271484,1.3053803443908691,0.0,96.22249603271484,1331.9930419921875,0.0,0.0,0.0,-0.4198269248008728,True,nan,False,4.913946213491727e-06,0.01
gpomdp_logbarrier_handoff,725,438,712312,0.0,False,86.07671356201172,1.3013535737991333,0.0,86.07671356201172,1243.5916748046875,0.0,0.0,0.0,-0.09120067954063416,True,nan,False,3.911625299224397e-06,0.01
gpomdp_logbarrier_handoff,725,439,713010,0.0,False,193.96360778808594,1.3808906078338623,0.0,193.96360778808594,2813.41650390625,0.0,0.0,0.0,-0.5060171484947205,True,nan,False,6.3069314819586e-06,0.01
gpomdp_logbarrier_handoff,725,440,713955,0.0,False,89.661865234375,1.3196102380752563,0.0,89.661865234375,1701.92333984375,0.0,0.0,0.0,0.5764579176902771,True,nan,False,5.101541773910867e-06,0.01
gpomdp_logbarrier_handoff,725,441,714707,0.0,False,124.4700698852539,1.3741605281829834,0.0,124.4700698852539,1930.1729736328125,0.0,0.0,0.0,-0.07799552381038666,True,nan,False,8.17554428067524e-06,0.01
gpomdp_logbarrier_handoff,725,442,715649,0.0,False,115.54557037353516,1.315993309020996,0.0,115.54557037353516,1464.359619140625,0.0,0.0,0.0,0.3580622971057892,True,nan,False,1.1276342775090598e-05,0.01
gpomdp_logbarrier_handoff,725,443,716370,0.0,False,107.42509460449219,1.3292256593704224,0.0,107.42509460449219,1833.42333984375,0.0,0.0,0.0,-0.17659778892993927,True,nan,False,1.238278673554305e-05,0.01
gpomdp_logbarrier_handoff,725,444,717204,0.0,False,98.47601318359375,1.3233364820480347,0.0,98.47601318359375,1429.5697021484375,0.0,0.0,0.0,0.6775861382484436,True,nan,False,8.338226507476065e-06,0.01
gpomdp_logbarrier_handoff,725,445,717884,0.0,False,115.8031997680664,1.3633702993392944,0.0,115.8031997680664,2143.2353515625,0.0,0.0,0.0,-0.19079901278018951,True,nan,False,8.1665466495906e-06,0.01
gpomdp_logbarrier_handoff,725,446,718749,0.0,False,80.86013793945312,1.3111521005630493,0.0,80.86013793945312,1397.2705078125,0.0,0.0,0.0,-0.46732577681541443,True,nan,False,7.62965646572411e-06,0.01
gpomdp_logbarrier_handoff,725,447,719497,0.0,False,127.34247589111328,1.3396403789520264,0.0,127.34247589111328,1067.493896484375,0.0,0.0,0.0,-0.2935889661312103,True,nan,False,1.0259783266519662e-05,0.01
gpomdp_logbarrier_handoff,725,448,720216,0.0,False,121.1053237915039,1.475769281387329,0.0,121.1053237915039,2275.16064453125,0.0,0.0,0.0,0.23698166012763977,True,nan,False,1.1265487955824938e-05,0.01
gpomdp_logbarrier_handoff,725,449,721279,0.0,False,64.85613250732422,1.3199069499969482,0.0,64.85613250732422,1074.00341796875,0.0,0.0,0.0,-0.0318046435713768,True,nan,False,1.7680376913631335e-05,0.01
gpomdp_logbarrier_handoff,725,450,722017,0.0,False,74.10263061523438,1.318112850189209,0.0,74.10263061523438,1116.6280517578125,0.0,0.0,0.0,-0.2823508083820343,True,nan,False,1.4798705706198234e-05,0.01
gpomdp_logbarrier_handoff,725,451,722731,0.0,False,96.41770935058594,1.3222017288208008,0.0,96.41770935058594,1764.8841552734375,0.0,0.0,0.0,-0.4084751009941101,True,nan,False,1.4933434613340069e-05,0.01
gpomdp_logbarrier_handoff,725,452,723536,0.0,False,76.8600845336914,1.3373252153396606,0.0,76.8600845336914,1526.6937255859375,0.0,0.0,0.0,0.1919846534729004,True,nan,False,1.1575912139960565e-05,0.01
gpomdp_logbarrier_handoff,725,453,724277,0.0,False,136.81947326660156,1.3229628801345825,0.0,136.81947326660156,1800.25537109375,0.0,0.0,0.0,-0.643043577671051,True,nan,False,7.539068974438123e-06,0.01
gpomdp_logbarrier_handoff,725,454,725049,0.0,False,132.387939453125,1.3392033576965332,0.0,132.387939453125,2028.941650390625,0.0,0.0,0.0,-0.33398616313934326,True,nan,False,3.801139882853022e-06,0.01
gpomdp_logbarrier_handoff,725,455,725926,0.0,False,84.60948181152344,1.3218469619750977,0.0,84.60948181152344,1295.961669921875,0.0,0.0,0.0,-0.14521081745624542,True,nan,False,6.343310360534815e-06,0.01
gpomdp_logbarrier_handoff,725,456,726662,0.0,False,195.4120635986328,1.5489492416381836,0.0,195.4120635986328,3120.120361328125,0.0,0.0,0.0,0.4508608281612396,True,nan,False,4.12498457080801e-06,0.01
gpomdp_logbarrier_handoff,725,457,727842,0.0,False,119.11145782470703,1.3420666456222534,0.0,119.11145782470703,1415.402587890625,0.0,0.0,0.0,0.34945154190063477,True,nan,False,2.0248883174645016e-06,0.01
gpomdp_logbarrier_handoff,725,458,728515,0.0,False,95.24891662597656,1.329991102218628,0.0,95.24891662597656,1835.12890625,0.0,0.0,0.0,-0.6588976979255676,True,nan,False,1.631198642826348e-06,0.01
gpomdp_logbarrier_handoff,725,459,729238,0.0,False,76.39349365234375,1.3211565017700195,0.0,76.39349365234375,1064.89111328125,0.0,0.0,0.0,0.09292630851268768,True,nan,False,2.51860979005869e-06,0.01
gpomdp_logbarrier_handoff,725,460,729918,0.0,False,115.11204528808594,1.3496073484420776,0.0,115.11204528808594,1856.9481201171875,0.0,0.0,0.0,0.009599801152944565,True,nan,False,1.0651276625139872e-06,0.01
gpomdp_logbarrier_handoff,725,461,730702,0.0,False,68.11851501464844,1.3156251907348633,0.0,68.11851501464844,2286.71533203125,0.0,0.0,0.0,-0.4587872326374054,True,nan,False,7.163318400671415e-07,0.01
gpomdp_logbarrier_handoff,725,462,731443,0.0,False,179.8463592529297,1.3211249113082886,0.0,179.8463592529297,1826.0457763671875,0.0,0.0,0.0,-0.009510809555649757,True,nan,False,6.01761030338821e-06,0.01
gpomdp_logbarrier_handoff,725,463,732193,0.0,False,69.52764129638672,1.3234952688217163,0.0,69.52764129638672,991.715087890625,0.0,0.0,0.0,-0.3984645903110504,True,nan,False,6.582912646990735e-06,0.01
gpomdp_logbarrier_handoff,725,464,732910,0.0,False,132.8419189453125,1.331033706665039,0.0,132.8419189453125,1607.57373046875,0.0,0.0,0.0,-0.7103365063667297,True,nan,False,1.2610609701368958e-05,0.01
gpomdp_logbarrier_handoff,725,465,733708,0.0,False,225.0978240966797,1.518113374710083,0.0,225.0978240966797,2233.896728515625,0.0,0.0,0.0,-0.7376081347465515,True,nan,False,8.243181582656689e-06,0.01
gpomdp_logbarrier_handoff,725,466,734750,0.0,False,66.24498748779297,1.349192500114441,0.0,66.24498748779297,1741.299560546875,0.0,0.0,0.0,-0.23536176979541779,True,nan,False,4.400371835799888e-06,0.01
gpomdp_logbarrier_handoff,725,467,735511,0.0,False,161.67819213867188,1.3267608880996704,0.0,161.67819213867188,1805.0614013671875,0.0,0.0,0.0,-0.8089909553527832,True,nan,False,7.744171853119042e-06,0.01
gpomdp_logbarrier_handoff,725,468,736375,0.0,False,77.24435424804688,1.3481614589691162,0.0,77.24435424804688,1217.1090087890625,0.0,0.0,0.0,-0.06738205254077911,True,nan,False,8.567979421059135e-06,0.01
gpomdp_logbarrier_handoff,725,469,737082,0.0,False,140.02906799316406,1.3665292263031006,0.0,140.02906799316406,1348.7650146484375,0.0,0.0,0.0,-0.6470007300376892,True,nan,False,1.4116840247879736e-05,0.01
gpomdp_logbarrier_handoff,725,470,737859,0.0,False,102.84538269042969,1.3533838987350464,0.0,102.84538269042969,1529.8367919921875,0.0,0.0,0.0,-0.45369911193847656,True,nan,False,1.7242222384084016e-05,0.01
gpomdp_logbarrier_handoff,725,471,738619,0.0,False,91.46356964111328,1.3602269887924194,0.0,91.46356964111328,1166.9881591796875,0.0,0.0,0.0,-0.1569460779428482,True,nan,False,9.567572305968497e-06,0.01
gpomdp_logbarrier_handoff,725,472,739309,0.0,False,83.78853607177734,1.3531080484390259,0.0,83.78853607177734,1333.67041015625,0.0,0.0,0.0,0.2139388620853424,True,nan,False,6.95246808390948e-06,0.01
gpomdp_logbarrier_handoff,725,473,740053,0.0,False,55.92088317871094,1.3503143787384033,0.0,55.92088317871094,1391.9962158203125,0.0,0.0,0.0,0.07330015301704407,True,nan,False,6.9197903940221295e-06,0.01
gpomdp_logbarrier_handoff,725,474,740750,0.0,False,145.4931182861328,1.362305760383606,0.0,145.4931182861328,1239.103515625,0.0,0.0,0.0,0.023129642009735107,True,nan,False,3.652406576293288e-06,0.01
gpomdp_logbarrier_handoff,725,475,741464,0.0,False,59.54350662231445,1.3552318811416626,0.0,59.54350662231445,1173.243896484375,0.0,0.0,0.0,-0.6219437718391418,True,nan,False,3.7763725231343415e-06,0.01
gpomdp_logbarrier_handoff,725,476,742187,0.0,False,225.92343139648438,1.353121280670166,0.0,225.92343139648438,1526.4354248046875,0.0,0.0,0.0,-0.04340895265340805,True,nan,False,1.3472749742504675e-05,0.01
gpomdp_logbarrier_handoff,725,477,742980,0.0,False,125.71392059326172,1.3750760555267334,0.0,125.71392059326172,1337.4678955078125,0.0,0.0,0.0,0.18441800773143768,True,nan,False,4.917604655929608e-06,0.01
gpomdp_logbarrier_handoff,725,478,743683,0.0,False,124.48465728759766,1.3827193975448608,0.0,124.48465728759766,1812.2255859375,0.0,0.0,0.0,-0.07433168590068817,True,nan,False,9.253078133042436e-06,0.01
gpomdp_logbarrier_handoff,725,479,744494,0.0,False,128.50125122070312,1.4032683372497559,0.0,128.50125122070312,1900.1151123046875,0.0,0.0,0.0,0.26026758551597595,True,nan,False,1.2169422006991226e-05,0.01
gpomdp_logbarrier_handoff,725,480,745289,0.0,False,58.702606201171875,1.3785483837127686,0.0,58.702606201171875,1249.07958984375,0.0,0.0,0.0,-0.21562142670154572,True,nan,False,1.0280979950039182e-05,0.01
gpomdp_logbarrier_handoff,725,481,746061,0.0,False,53.205509185791016,1.401854157447815,0.0,53.205509185791016,1121.62744140625,0.0,0.0,0.0,0.21355374157428741,True,nan,False,7.507813279516995e-06,0.01
gpomdp_logbarrier_handoff,725,482,746789,0.0,False,111.0727310180664,1.4247263669967651,0.0,111.0727310180664,1899.926025390625,0.0,0.0,0.0,-0.4827534258365631,True,nan,False,7.140438356145751e-06,0.01
gpomdp_logbarrier_handoff,725,483,747645,0.0,False,96.65471649169922,1.3949342966079712,0.0,96.65471649169922,1315.2421875,0.0,0.0,0.0,-0.3013831675052643,True,nan,False,5.675613010680536e-06,0.01
gpomdp_logbarrier_handoff,725,484,748434,0.0,False,94.2573013305664,1.4279563426971436,0.0,94.2573013305664,2057.059326171875,0.0,0.0,0.0,-0.01617415063083172,True,nan,False,5.376352419261821e-06,0.01
gpomdp_logbarrier_handoff,725,485,749378,0.0,False,98.54911041259766,1.3766453266143799,0.0,98.54911041259766,1322.912109375,0.0,0.0,0.0,0.3025224506855011,True,nan,False,4.419704964675475e-06,0.01
gpomdp_logbarrier_handoff,725,486,750055,0.0,False,104.05766296386719,1.3834208250045776,0.0,104.05766296386719,1509.4320068359375,0.0,0.0,0.0,-0.6580416560173035,True,nan,False,2.004524276344455e-06,0.01
gpomdp_logbarrier_handoff,725,487,750815,0.0,False,82.49301147460938,1.3826402425765991,0.0,82.49301147460938,1505.634765625,0.0,0.0,0.0,0.15736937522888184,True,nan,False,2.262018824694678e-06,0.01
gpomdp_logbarrier_handoff,725,488,751630,0.0,False,106.21147918701172,1.621151089668274,0.0,106.21147918701172,3048.82568359375,0.0,0.0,0.0,0.33480003476142883,True,nan,False,1.4004057220518007e-06,0.01
gpomdp_logbarrier_handoff,725,489,752718,0.0,False,83.28712463378906,1.407915472984314,0.0,83.28712463378906,1477.7772216796875,0.0,0.0,0.0,0.4058207869529724,True,nan,False,6.648602379755175e-07,0.01
gpomdp_logbarrier_handoff,725,490,753547,0.0,False,133.66415405273438,1.4083343744277954,0.0,133.66415405273438,1488.1002197265625,0.0,0.0,0.0,-0.7121232748031616,True,nan,False,1.5081740230016294e-06,0.01
gpomdp_logbarrier_handoff,725,491,754323,0.0,False,72.34075927734375,1.3930166959762573,0.0,72.34075927734375,1252.5216064453125,0.0,0.0,0.0,-0.04743864759802818,True,nan,False,1.9267313291493338e-06,0.01
gpomdp_logbarrier_handoff,725,492,755068,0.0,False,88.85494232177734,1.364007830619812,0.0,88.85494232177734,1267.81884765625,0.0,0.0,0.0,-0.5863521695137024,True,nan,False,4.611243639374152e-06,0.01
gpomdp_logbarrier_handoff,725,493,755672,0.0,False,213.9792022705078,1.5551607608795166,0.0,213.9792022705078,3994.053466796875,0.0,0.0,0.0,0.5911611914634705,True,nan,False,5.1211259233241435e-06,0.01
gpomdp_logbarrier_handoff,725,494,756835,0.0,False,77.66890716552734,1.409035086631775,0.0,77.66890716552734,1118.9205322265625,0.0,0.0,0.0,0.6804676055908203,True,nan,False,5.555138613999588e-06,0.01
gpomdp_logbarrier_handoff,725,495,757546,0.0,False,64.7596664428711,1.3915796279907227,0.0,64.7596664428711,1314.4676513671875,0.0,0.0,0.0,-0.07466594129800797,True,nan,False,3.86393412554753e-06,0.01
gpomdp_logbarrier_handoff,725,496,758248,0.0,False,87.66166687011719,1.408335566520691,0.0,87.66166687011719,1301.5264892578125,0.0,0.0,0.0,0.03270069509744644,True,nan,False,1.2655459613597486e-06,0.01
gpomdp_logbarrier_handoff,725,497,759009,0.0,False,95.13677215576172,1.3925737142562866,0.0,95.13677215576172,1331.2305908203125,0.0,0.0,0.0,0.14432400465011597,True,nan,False,5.067544179837569e-07,0.01
gpomdp_logbarrier_handoff,725,498,759768,0.0,False,134.10403442382812,1.5514273643493652,0.0,134.10403442382812,2466.580810546875,0.0,0.0,0.0,0.19972918927669525,True,nan,False,1.0398745189377223e-06,0.01
gpomdp_logbarrier_handoff,725,499,760860,0.0,False,113.00257873535156,1.539536476135254,0.0,113.00257873535156,3194.09619140625,0.0,0.0,0.0,0.24722687900066376,True,nan,False,1.7349966583424248e-06,0.01
gpomdp_logbarrier_handoff,725,500,761909,0.0,False,140.45556640625,1.371252417564392,0.0,140.45556640625,1432.4783935546875,0.0,0.0,0.0,-0.6819048523902893,True,nan,False,4.736216396850068e-06,0.01
gpomdp_logbarrier_handoff,725,501,762653,0.0,False,63.24017333984375,1.4366753101348877,0.0,63.24017333984375,2360.83203125,0.0,0.0,0.0,-0.1044590175151825,True,nan,False,4.7956577873264905e-06,0.01
gpomdp_logbarrier_handoff,725,502,763510,0.0,False,125.45208740234375,1.357710599899292,0.0,125.45208740234375,1151.1622314453125,0.0,0.0,0.0,0.22511689364910126,True,nan,False,1.9318881641083863e-06,0.01
gpomdp_logbarrier_handoff,725,503,764269,0.0,False,106.4874496459961,1.4170526266098022,0.0,106.4874496459961,1795.3280029296875,0.0,0.0,0.0,-0.2033354938030243,True,nan,False,2.059718553937273e-06,0.01
gpomdp_logbarrier_handoff,725,504,765140,0.0,False,149.17144775390625,1.4178886413574219,0.0,149.17144775390625,1524.753662109375,0.0,0.0,0.0,0.10822180658578873,True,nan,False,4.158682259003399e-06,0.01
gpomdp_logbarrier_handoff,725,505,765900,0.0,False,133.66732788085938,1.3707219362258911,0.0,133.66732788085938,1881.8045654296875,0.0,0.0,0.0,0.2762989401817322,True,nan,False,1.1411588047849364e-06,0.01
gpomdp_logbarrier_handoff,725,506,766670,0.0,False,63.53040313720703,1.4162473678588867,0.0,63.53040313720703,1810.986572265625,0.0,0.0,0.0,0.4071328341960907,True,nan,False,1.3864175798516953e-06,0.01
gpomdp_logbarrier_handoff,725,507,767427,0.0,False,81.71187591552734,1.4060101509094238,0.0,81.71187591552734,1359.9989013671875,0.0,0.0,0.0,-0.5659870505332947,True,nan,False,1.1460537052698783e-06,0.01
gpomdp_logbarrier_handoff,725,508,768109,0.0,False,124.7650146484375,1.5630784034729004,0.0,124.7650146484375,2948.927490234375,0.0,0.0,0.0,-0.41040441393852234,True,nan,False,2.8577935609064298e-06,0.01
gpomdp_logbarrier_handoff,725,509,769265,0.0,False,79.60880279541016,1.417512059211731,0.0,79.60880279541016,1322.3018798828125,0.0,0.0,0.0,0.296025812625885,True,nan,False,3.3908531804627273e-06,0.01
gpomdp_logbarrier_handoff,725,510,769974,0.0,False,141.64193725585938,1.5047343969345093,0.0,141.64193725585938,1985.165283203125,0.0,0.0,0.0,-0.2837121784687042,True,nan,False,4.880004325968912e-06,0.01
gpomdp_logbarrier_handoff,725,511,770946,0.0,False,91.22222137451172,1.3789258003234863,0.0,91.22222137451172,1604.1558837890625,0.0,0.0,0.0,0.10391566157341003,True,nan,False,1.2951540156791452e-05,0.01
gpomdp_logbarrier_handoff,725,512,771700,0.0,False,76.12933349609375,1.360941767692566,0.0,76.12933349609375,2010.4097900390625,0.0,0.0,0.0,-0.4391738176345825,True,nan,False,9.059721378434915e-06,0.01
gpomdp_logbarrier_handoff,725,513,772481,0.0,False,82.65511322021484,1.4386849403381348,0.0,82.65511322021484,1838.646484375,0.0,0.0,0.0,-0.21452674269676208,True,nan,False,1.091992362489691e-05,0.01
gpomdp_logbarrier_handoff,725,514,773324,0.0,False,133.6326446533203,1.3747090101242065,0.0,133.6326446533203,1444.6239013671875,0.0,0.0,0.0,-0.33536720275878906,True,nan,False,1.9229355530114844e-05,0.01
gpomdp_logbarrier_handoff,725,515,774038,0.0,False,102.48138427734375,1.4136135578155518,0.0,102.48138427734375,1154.6573486328125,0.0,0.0,0.0,0.1957991123199463,True,nan,False,2.394564035057556e-05,0.01
gpomdp_logbarrier_handoff,725,516,774735,0.0,False,96.68862915039062,1.3509235382080078,0.0,96.68862915039062,1459.054443359375,0.0,0.0,0.0,0.3693864047527313,True,nan,False,2.2743568479199894e-05,0.01
gpomdp_logbarrier_handoff,725,517,775459,0.0,False,135.40467834472656,1.400269865989685,0.0,135.40467834472656,1785.945068359375,0.0,0.0,0.0,0.16839519143104553,True,nan,False,4.487135356612271e-06,0.01
gpomdp_logbarrier_handoff,725,518,776247,0.0,False,75.24528503417969,1.3784812688827515,0.0,75.24528503417969,1439.9100341796875,0.0,0.0,0.0,-0.4423769414424896,True,nan,False,2.137119963663281e-06,0.01
gpomdp_logbarrier_handoff,725,519,776962,0.0,False,177.2494659423828,1.4151939153671265,0.0,177.2494659423828,1890.0623779296875,0.0,0.0,0.0,-0.3189413249492645,True,nan,False,1.0410305549157783e-05,0.01
gpomdp_logbarrier_handoff,725,520,777781,0.0,False,76.55016326904297,1.413304090499878,0.0,76.55016326904297,1522.3658447265625,0.0,0.0,0.0,-0.0020852088928222656,True,nan,False,4.77851835967158e-06,0.01
gpomdp_logbarrier_handoff,725,521,778548,0.0,False,75.47522735595703,1.3860911130905151,0.0,75.47522735595703,1611.78857421875,0.0,0.0,0.0,0.40145373344421387,True,nan,False,4.2154192669840995e-06,0.01
gpomdp_logbarrier_handoff,725,522,779248,0.0,False,107.60295104980469,1.3954598903656006,0.0,107.60295104980469,1403.2794189453125,0.0,0.0,0.0,-0.20659039914608002,True,nan,False,6.3248803598980885e-06,0.01
gpomdp_logbarrier_handoff,725,523,779983,0.0,False,71.34308624267578,1.3918005228042603,0.0,71.34308624267578,1352.4029541015625,0.0,0.0,0.0,0.2969796657562256,True,nan,False,4.56051839137217e-06,0.01
gpomdp_logbarrier_handoff,725,524,780673,0.0,False,149.06088256835938,1.4037227630615234,0.0,149.06088256835938,1406.3792724609375,0.0,0.0,0.0,0.14731815457344055,True,nan,False,1.2437950545063359e-06,0.01
gpomdp_logbarrier_handoff,725,525,781403,0.0,False,119.659912109375,1.3920773267745972,0.0,119.659912109375,1317.428466796875,0.0,0.0,0.0,-0.053774889558553696,True,nan,False,3.280815008110949e-06,0.01
gpomdp_logbarrier_handoff,725,526,782121,0.0,False,94.58827209472656,1.414910078048706,0.0,94.58827209472656,1592.6209716796875,0.0,0.0,0.0,-0.4932101368904114,True,nan,False,5.933250577072613e-06,0.01
gpomdp_logbarrier_handoff,725,527,782844,0.0,False,131.7183380126953,1.4435757398605347,0.0,131.7183380126953,1360.3294677734375,0.0,0.0,0.0,0.3231832683086395,True,nan,False,1.0823687262018211e-05,0.01
gpomdp_logbarrier_handoff,725,528,783660,0.0,False,111.25548553466797,1.3786048889160156,0.0,111.25548553466797,1117.3538818359375,0.0,0.0,0.0,-0.40125417709350586,True,nan,False,5.1762231123575475e-06,0.01
gpomdp_logbarrier_handoff,725,529,784332,0.0,False,71.8900375366211,1.3929024934768677,0.0,71.8900375366211,1517.8275146484375,0.0,0.0,0.0,-0.025485903024673462,True,nan,False,5.738783329434227e-06,0.01
gpomdp_logbarrier_handoff,725,530,785018,0.0,False,166.40316772460938,1.3911159038543701,0.0,166.40316772460938,1420.84375,0.0,0.0,0.0,-0.33066779375076294,True,nan,False,1.6881820556591265e-05,0.01
gpomdp_logbarrier_handoff,725,531,785744,0.0,False,69.54078674316406,1.3676356077194214,0.0,69.54078674316406,1444.5736083984375,0.0,0.0,0.0,0.15639476478099823,True,nan,False,1.1413612810429186e-05,0.01
gpomdp_logbarrier_handoff,725,532,786476,0.0,False,83.70984649658203,1.3909085988998413,0.0,83.70984649658203,1011.7239990234375,0.0,0.0,0.0,-0.16103225946426392,True,nan,False,4.697443728218786e-06,0.01
gpomdp_logbarrier_handoff,725,533,787179,0.0,False,101.40560150146484,1.3897640705108643,0.0,101.40560150146484,1683.5863037109375,0.0,0.0,0.0,-0.5193912982940674,True,nan,False,4.471104602998821e-06,0.01
gpomdp_logbarrier_handoff,725,534,787878,0.0,False,128.64991760253906,1.4151771068572998,0.0,128.64991760253906,1773.6505126953125,0.0,0.0,0.0,-0.0074201771058142185,True,nan,False,5.425709332484985e-06,0.01
gpomdp_logbarrier_handoff,725,535,788692,0.0,False,102.02466583251953,1.4402570724487305,0.0,102.02466583251953,1442.373291015625,0.0,0.0,0.0,0.09086374193429947,True,nan,False,1.0719007832449279e-06,0.01
gpomdp_logbarrier_handoff,725,536,789514,0.0,False,87.61780548095703,1.4029529094696045,0.0,87.61780548095703,1403.8848876953125,0.0,0.0,0.0,0.2808794379234314,True,nan,False,4.921948857372627e-07,0.01
gpomdp_logbarrier_handoff,725,537,790181,0.0,False,97.74459838867188,1.4654295444488525,0.0,97.74459838867188,1866.9176025390625,0.0,0.0,0.0,0.28115764260292053,True,nan,False,6.647688337579893e-07,0.01
gpomdp_logbarrier_handoff,725,538,790994,0.0,False,109.68404388427734,1.3710178136825562,0.0,109.68404388427734,1824.9959716796875,0.0,0.0,0.0,-0.4553409814834595,True,nan,False,1.1734629197235336e-06,0.01
gpomdp_logbarrier_handoff,725,539,791744,0.0,False,94.84822845458984,1.4325604438781738,0.0,94.84822845458984,1083.65869140625,0.0,0.0,0.0,0.6464433073997498,True,nan,False,1.6626708543299173e-07,0.01
gpomdp_logbarrier_handoff,725,540,792475,0.0,False,79.20372009277344,1.405573844909668,0.0,79.20372009277344,1421.801513671875,0.0,0.0,0.0,0.08909831941127777,True,nan,False,6.848970315331826e-07,0.01
gpomdp_logbarrier_handoff,725,541,793171,0.0,False,105.56493377685547,1.4156608581542969,0.0,105.56493377685547,1254.7772216796875,0.0,0.0,0.0,-0.219357430934906,True,nan,False,2.089479039568687e-06,0.01
gpomdp_logbarrier_handoff,725,542,793967,0.0,False,120.1111068725586,1.3984425067901611,0.0,120.1111068725586,1915.199462890625,0.0,0.0,0.0,-0.5382810235023499,True,nan,False,1.4870009863443556e-06,0.01
gpomdp_logbarrier_handoff,725,543,794752,0.0,False,74.56137084960938,1.3760415315628052,0.0,74.56137084960938,1094.8316650390625,0.0,0.0,0.0,-0.12306446582078934,True,nan,False,2.433127065160079e-06,0.01
gpomdp_logbarrier_handoff,725,544,795459,0.0,False,65.18521881103516,1.4131662845611572,0.0,65.18521881103516,1227.2843017578125,0.0,0.0,0.0,-0.43337222933769226,True,nan,False,2.171444748455542e-06,0.01
gpomdp_logbarrier_handoff,725,545,796160,0.0,False,165.3356170654297,1.4294438362121582,0.0,165.3356170654297,1416.0111083984375,0.0,0.0,0.0,0.11060451716184616,True,nan,False,4.697653366747545e-06,0.01
gpomdp_logbarrier_handoff,725,546,796935,0.0,False,102.34227752685547,1.5429494380950928,0.0,102.34227752685547,1646.542236328125,0.0,0.0,0.0,-0.18154935538768768,True,nan,False,3.543225375324255e-06,0.01
gpomdp_logbarrier_handoff,725,547,797817,0.0,False,79.28136444091797,1.4148857593536377,0.0,79.28136444091797,1012.6265258789062,0.0,0.0,0.0,0.05235361307859421,True,nan,False,8.347838956979103e-06,0.01
gpomdp_logbarrier_handoff,725,548,798483,0.0,False,190.5309600830078,1.3938350677490234,0.0,190.5309600830078,1414.0,0.0,0.0,0.0,-0.8409543037414551,True,nan,False,6.8834460762445815e-06,0.01
gpomdp_logbarrier_handoff,725,549,799276,0.0,False,103.91627502441406,1.4466125965118408,0.0,103.91627502441406,2544.05908203125,0.0,0.0,0.0,-0.08159701526165009,True,nan,False,3.138880401820643e-06,0.01
gpomdp_logbarrier_handoff,725,550,800182,0.0,False,104.9752197265625,1.4091453552246094,0.0,104.9752197265625,1759.3385009765625,0.0,0.0,0.0,0.5550411939620972,True,nan,False,2.025907406277838e-06,0.01
gpomdp_logbarrier_handoff,725,551,800889,0.0,False,99.8467025756836,1.457109808921814,0.0,99.8467025756836,2030.080078125,0.0,0.0,0.0,-0.2228366732597351,True,nan,False,2.509454361643293e-06,0.01
gpomdp_logbarrier_handoff,725,552,801735,0.0,False,42.58976745605469,1.4337445497512817,0.0,42.58976745605469,1461.8509521484375,0.0,0.0,0.0,-0.24841320514678955,True,nan,False,1.975813802346238e-06,0.01
gpomdp_logbarrier_handoff,725,553,802431,0.0,False,90.96138000488281,1.430087924003601,0.0,90.96138000488281,1525.227783203125,0.0,0.0,0.0,0.20624437928199768,True,nan,False,1.6047297322074883e-06,0.01
gpomdp_logbarrier_handoff,725,554,803148,0.0,False,50.93362808227539,1.411659598350525,0.0,50.93362808227539,1257.9337158203125,0.0,0.0,0.0,-0.14820300042629242,True,nan,False,1.2090848713341984e-06,0.01
gpomdp_logbarrier_handoff,725,555,803873,0.0,False,119.4478988647461,1.512445092201233,0.0,119.4478988647461,2452.85888671875,0.0,0.0,0.0,0.5739761590957642,True,nan,False,1.5710116940681473e-06,0.01
gpomdp_logbarrier_handoff,725,556,804907,0.0,False,88.01822662353516,1.4459832906723022,0.0,88.01822662353516,1545.1800537109375,0.0,0.0,0.0,-0.05386166647076607,True,nan,False,1.1447203860370792e-06,0.01
gpomdp_logbarrier_handoff,725,557,805662,0.0,False,77.55829620361328,1.42381751537323,0.0,77.55829620361328,1578.3275146484375,0.0,0.0,0.0,0.1253104954957962,True,nan,False,5.797475068902713e-07,0.01
gpomdp_logbarrier_handoff,725,558,806445,0.0,False,80.19878387451172,1.451128602027893,0.0,80.19878387451172,1821.19873046875,0.0,0.0,0.0,0.2322569638490677,True,nan,False,6.216711199158453e-07,0.01
gpomdp_logbarrier_handoff,725,559,807168,0.0,False,74.30558776855469,1.3955992460250854,0.0,74.30558776855469,1089.7027587890625,0.0,0.0,0.0,-0.24159207940101624,True,nan,False,2.5904962512868224e-06,0.01
gpomdp_logbarrier_handoff,725,560,807872,0.0,False,186.25486755371094,1.4607045650482178,0.0,186.25486755371094,1705.49169921875,0.0,0.0,0.0,-0.4413284659385681,True,nan,False,3.67724419447768e-06,0.01
gpomdp_logbarrier_handoff,725,561,808765,0.0,False,208.39532470703125,1.5452563762664795,0.0,208.39532470703125,2144.84716796875,0.0,0.0,0.0,0.39743295311927795,True,nan,False,6.215149142008158e-07,0.01
gpomdp_logbarrier_handoff,725,562,809732,0.0,False,182.1522674560547,1.4327759742736816,0.0,182.1522674560547,1576.6014404296875,0.0,0.0,0.0,-0.28309088945388794,True,nan,False,8.49773823574651e-06,0.01
gpomdp_logbarrier_handoff,725,563,810510,0.0,False,167.65078735351562,1.4824634790420532,0.0,167.65078735351562,2372.852294921875,0.0,0.0,0.0,0.4636935889720917,True,nan,False,7.601382549182745e-06,0.01
gpomdp_logbarrier_handoff,725,564,811498,0.0,False,91.62382507324219,1.4330074787139893,0.0,91.62382507324219,1479.893310546875,0.0,0.0,0.0,-0.7001463770866394,True,nan,False,3.771619503822876e-06,0.01
gpomdp_logbarrier_handoff,725,565,812192,0.0,False,80.11560821533203,1.4080445766448975,0.0,80.11560821533203,1328.8558349609375,0.0,0.0,0.0,-0.6953285336494446,True,nan,False,3.872726210829569e-06,0.01
gpomdp_logbarrier_handoff,725,566,812958,0.0,False,57.80854034423828,1.4223124980926514,0.0,57.80854034423828,1305.5399169921875,0.0,0.0,0.0,-0.3309885859489441,True,nan,False,3.033487701031845e-06,0.01
gpomdp_logbarrier_handoff,725,567,813682,0.0,False,104.34153747558594,1.4416683912277222,0.0,104.34153747558594,1567.1322021484375,0.0,0.0,0.0,0.05124390125274658,True,nan,False,5.1652486945386045e-06,0.01
gpomdp_logbarrier_handoff,725,568,814503,0.0,False,83.982666015625,1.447721004486084,0.0,83.982666015625,1382.6661376953125,0.0,0.0,0.0,0.21036607027053833,True,nan,False,7.187759820226347e-06,0.01
gpomdp_logbarrier_handoff,725,569,815187,0.0,False,109.85208129882812,1.411461353302002,0.0,109.85208129882812,1206.602294921875,0.0,0.0,0.0,-0.10163247585296631,True,nan,False,3.7055290249554673e-06,0.01
gpomdp_logbarrier_handoff,725,570,815886,0.0,False,137.51004028320312,1.4307960271835327,0.0,137.51004028320312,1366.160888671875,0.0,0.0,0.0,0.32785260677337646,True,nan,False,2.3271884685982513e-07,0.01
gpomdp_logbarrier_handoff,725,571,816623,0.0,False,98.16777801513672,1.4262696504592896,0.0,98.16777801513672,1058.8076171875,0.0,0.0,0.0,-0.9118269085884094,True,nan,False,5.93383106206602e-07,0.01
gpomdp_logbarrier_handoff,725,572,817287,0.0,False,148.13087463378906,1.4423015117645264,0.0,148.13087463378906,1592.878662109375,0.0,0.0,0.0,0.1115506961941719,True,nan,False,2.2568015083379578e-06,0.01
gpomdp_logbarrier_handoff,725,573,818089,0.0,False,96.45585632324219,1.4328994750976562,0.0,96.45585632324219,1335.3253173828125,0.0,0.0,0.0,-0.3161360025405884,True,nan,False,2.5996639578806935e-06,0.01
gpomdp_logbarrier_handoff,725,574,818804,0.0,False,47.18456268310547,1.4381860494613647,0.0,47.18456268310547,1081.4891357421875,0.0,0.0,0.0,-0.23061838746070862,True,nan,False,2.8558672511280747e-06,0.01
gpomdp_logbarrier_handoff,725,575,819478,0.0,False,88.7489242553711,1.4434795379638672,0.0,88.7489242553711,1208.3857421875,0.0,0.0,0.0,0.30263853073120117,True,nan,False,1.5108820434761583e-06,0.01
gpomdp_logbarrier_handoff,725,576,820198,0.0,False,65.70046997070312,1.4595574140548706,0.0,65.70046997070312,1614.8699951171875,0.0,0.0,0.0,-0.28035375475883484,True,nan,False,1.7497789031040156e-06,0.01
gpomdp_logbarrier_handoff,725,577,820959,0.0,False,66.74828338623047,1.4283018112182617,0.0,66.74828338623047,1554.8489990234375,0.0,0.0,0.0,0.033763568848371506,True,nan,False,2.5776737402338767e-06,0.01
gpomdp_logbarrier_handoff,725,578,821713,0.0,False,64.78175354003906,1.398565649986267,0.0,64.78175354003906,1393.3369140625,0.0,0.0,0.0,-0.27401044964790344,True,nan,False,4.276193067198619e-06,0.01
gpomdp_logbarrier_handoff,725,579,822403,0.0,False,109.77408599853516,1.4210031032562256,0.0,109.77408599853516,1815.091552734375,0.0,0.0,0.0,-0.46779802441596985,True,nan,False,1.3631932915814104e-06,0.01
gpomdp_logbarrier_handoff,725,580,823169,0.0,False,152.6135711669922,1.4077845811843872,0.0,152.6135711669922,1909.6531982421875,0.0,0.0,0.0,0.2346692532300949,True,nan,False,2.5842568902589846e-06,0.01
gpomdp_logbarrier_handoff,725,581,823891,0.0,False,74.19161987304688,1.4650856256484985,0.0,74.19161987304688,1359.6253662109375,0.0,0.0,0.0,0.02274739369750023,True,nan,False,3.478742655715905e-06,0.01
gpomdp_logbarrier_handoff,725,582,824636,0.0,False,170.95370483398438,1.422445297241211,0.0,170.95370483398438,1270.38916015625,0.0,0.0,0.0,-0.4475405812263489,True,nan,False,1.3242329259810504e-06,0.01
gpomdp_logbarrier_handoff,725,583,825346,0.0,False,78.2310791015625,1.4663197994232178,0.0,78.2310791015625,1327.7843017578125,0.0,0.0,0.0,-0.4931134879589081,True,nan,False,1.3770942359769833e-06,0.01
gpomdp_logbarrier_handoff,725,584,826040,0.0,False,152.2108154296875,1.4304382801055908,0.0,152.2108154296875,1596.3109130859375,0.0,0.0,0.0,0.2079254388809204,True,nan,False,2.531273366912501e-06,0.01
gpomdp_logbarrier_handoff,725,585,826822,0.0,False,87.52650451660156,1.4434916973114014,0.0,87.52650451660156,1238.4810791015625,0.0,0.0,0.0,-0.5862261056900024,True,nan,False,3.2605250908090966e-06,0.01
gpomdp_logbarrier_handoff,725,586,827554,0.0,False,71.10501098632812,1.4308844804763794,0.0,71.10501098632812,1056.5938720703125,0.0,0.0,0.0,0.402449369430542,True,nan,False,1.0705256272558472e-06,0.01
gpomdp_logbarrier_handoff,725,587,828224,0.0,False,285.4060974121094,1.5493662357330322,0.0,285.4060974121094,2283.96240234375,0.0,0.0,0.0,0.40574464201927185,True,nan,False,3.6572121189237805e-06,0.01
gpomdp_logbarrier_handoff,725,588,829187,0.0,False,65.71668243408203,1.4493257999420166,0.0,65.71668243408203,1603.5054931640625,0.0,0.0,0.0,0.28916075825691223,True,nan,False,3.023118097189581e-06,0.01
gpomdp_logbarrier_handoff,725,589,829921,0.0,False,88.8610610961914,1.4475600719451904,0.0,88.8610610961914,988.4473876953125,0.0,0.0,0.0,0.1568056046962738,True,nan,False,2.70663599621912e-06,0.01
gpomdp_logbarrier_handoff,725,590,830619,0.0,False,143.46829223632812,1.443284034729004,0.0,143.46829223632812,1184.2874755859375,0.0,0.0,0.0,-0.4558291435241699,True,nan,False,4.724843165604398e-06,0.01
gpomdp_logbarrier_handoff,725,591,831331,0.0,False,61.94376754760742,1.421168327331543,0.0,61.94376754760742,955.184814453125,0.0,0.0,0.0,0.11592284590005875,True,nan,False,3.945945081795799e-06,0.01
gpomdp_logbarrier_handoff,725,592,832018,0.0,False,170.04443359375,1.4434504508972168,0.0,170.04443359375,1522.1983642578125,0.0,0.0,0.0,0.4469892084598541,True,nan,False,1.6460039660159964e-06,0.01
gpomdp_logbarrier_handoff,725,593,832752,0.0,False,116.54679107666016,1.4149127006530762,0.0,116.54679107666016,1512.0372314453125,0.0,0.0,0.0,-0.1958465874195099,True,nan,False,1.0815092537086457e-06,0.01
gpomdp_logbarrier_handoff,725,594,833502,0.0,False,75.4096908569336,1.4534258842468262,0.0,75.4096908569336,2037.6826171875,0.0,0.0,0.0,-0.46069517731666565,True,nan,False,1.2062569112458732e-06,0.01
gpomdp_logbarrier_handoff,725,595,834213,0.0,False,81.4034423828125,1.4269400835037231,0.0,81.4034423828125,857.2454223632812,0.0,0.0,0.0,-0.46647122502326965,True,nan,False,1.741759774631646e-06,0.01
gpomdp_logbarrier_handoff,725,596,834875,0.0,False,89.58255004882812,1.433695673942566,0.0,89.58255004882812,907.294921875,0.0,0.0,0.0,0.4030907452106476,True,nan,False,3.6707936033053556e-06,0.01
gpomdp_logbarrier_handoff,725,597,835524,0.0,False,83.3897933959961,1.417120099067688,0.0,83.3897933959961,834.3017578125,0.0,0.0,0.0,-0.21631266176700592,True,nan,False,3.7771244478790322e-06,0.01
gpomdp_logbarrier_handoff,725,598,836181,0.0,False,81.46186065673828,1.4224562644958496,0.0,81.46186065673828,1290.418212890625,0.0,0.0,0.0,-0.03897213190793991,True,nan,False,3.0851958854327677e-06,0.01
gpomdp_logbarrier_handoff,725,599,836887,0.0,False,100.46165466308594,1.4087046384811401,0.0,100.46165466308594,1323.6954345703125,0.0,0.0,0.0,-0.5519582033157349,True,nan,False,6.115716132626403e-06,0.01
gpomdp_logbarrier_handoff,725,600,837618,0.0,False,81.00949096679688,1.479169249534607,0.0,81.00949096679688,1669.33740234375,0.0,0.0,0.0,-0.6969503164291382,True,nan,False,4.760708634421462e-06,0.01
gpomdp_logbarrier_handoff,725,601,838440,0.0,False,88.94395446777344,1.417153239250183,0.0,88.94395446777344,1028.4202880859375,0.0,0.0,0.0,-0.07119902968406677,True,nan,False,3.495557393762283e-06,0.01
gpomdp_logbarrier_handoff,725,602,839127,0.0,False,76.59556579589844,1.4467027187347412,0.0,76.59556579589844,1308.4283447265625,0.0,0.0,0.0,0.6080986857414246,True,nan,False,3.6411677228898043e-06,0.01
gpomdp_logbarrier_handoff,725,603,839785,0.0,False,82.93946075439453,1.443787932395935,0.0,82.93946075439453,1584.7987060546875,0.0,0.0,0.0,0.3092174530029297,True,nan,False,3.98839574700105e-06,0.01
gpomdp_logbarrier_handoff,725,604,840491,0.0,False,72.11567687988281,1.4245375394821167,0.0,72.11567687988281,1520.8929443359375,0.0,0.0,0.0,0.021754933521151543,True,nan,False,4.314521447668085e-06,0.01
gpomdp_logbarrier_handoff,725,605,841245,0.0,False,67.52791595458984,1.4449965953826904,0.0,67.52791595458984,1142.82421875,0.0,0.0,0.0,0.17205007374286652,True,nan,False,1.6277183476631762e-06,0.01
gpomdp_logbarrier_handoff,725,606,841956,0.0,False,119.70233154296875,1.6665440797805786,0.0,119.70233154296875,2130.33154296875,0.0,0.0,0.0,0.44112539291381836,True,nan,False,3.576527660698048e-07,0.01
gpomdp_logbarrier_handoff,725,607,843057,0.0,False,112.17311096191406,1.460108757019043,0.0,112.17311096191406,1558.0675048828125,0.0,0.0,0.0,0.06341704726219177,True,nan,False,1.635079911466164e-06,0.01
gpomdp_logbarrier_handoff,725,608,843729,0.0,False,127.11219024658203,1.4202946424484253,0.0,127.11219024658203,1748.426025390625,0.0,0.0,0.0,-0.4518815875053406,True,nan,False,1.8332698346057441e-06,0.01
gpomdp_logbarrier_handoff,725,609,844479,0.0,False,94.958984375,1.4440646171569824,0.0,94.958984375,1554.5338134765625,0.0,0.0,0.0,0.624373197555542,True,nan,False,2.8021574962622253e-06,0.01
gpomdp_logbarrier_handoff,725,610,845162,0.0,False,61.243751525878906,1.434908151626587,0.0,61.243751525878906,1097.57763671875,0.0,0.0,0.0,0.1638125330209732,True,nan,False,1.0796267133628135e-06,0.01
gpomdp_logbarrier_handoff,725,611,845890,0.0,False,120.01969909667969,1.4232804775238037,0.0,120.01969909667969,1662.8037109375,0.0,0.0,0.0,-0.5687044858932495,True,nan,False,1.9669444100145483e-06,0.01
gpomdp_logbarrier_handoff,725,612,846665,0.0,False,119.1347885131836,1.5208204984664917,0.0,119.1347885131836,2162.68359375,0.0,0.0,0.0,0.6101921796798706,True,nan,False,3.729143827513326e-06,0.01
gpomdp_logbarrier_handoff,725,613,847531,0.0,False,150.24676513671875,1.4414361715316772,0.0,150.24676513671875,1948.6805419921875,0.0,0.0,0.0,-0.6692754030227661,True,nan,False,2.978393467856222e-06,0.01
gpomdp_logbarrier_handoff,725,614,848330,0.0,False,91.85348510742188,1.4486894607543945,0.0,91.85348510742188,1269.62646484375,0.0,0.0,0.0,0.11909717321395874,True,nan,False,5.014907401346136e-06,0.01
gpomdp_logbarrier_handoff,725,615,848965,0.0,False,81.95021057128906,1.448428750038147,0.0,81.95021057128906,1419.571533203125,0.0,0.0,0.0,-0.2057633399963379,True,nan,False,4.089493813808076e-06,0.01
gpomdp_logbarrier_handoff,725,616,849649,0.0,False,139.7674560546875,1.515268087387085,0.0,139.7674560546875,3037.77294921875,0.0,0.0,0.0,0.409002423286438,True,nan,False,3.5161315281584393e-06,0.01
gpomdp_logbarrier_handoff,725,617,850612,0.0,False,76.45309448242188,1.466487169265747,0.0,76.45309448242188,1266.715087890625,0.0,0.0,0.0,-0.14360962808132172,True,nan,False,2.2137185169412987e-06,0.01
gpomdp_logbarrier_handoff,725,618,851303,0.0,False,167.66885375976562,1.4347532987594604,0.0,167.66885375976562,1215.5360107421875,0.0,0.0,0.0,0.0018906150944530964,True,nan,False,4.096018983545946e-06,0.01
gpomdp_logbarrier_handoff,725,619,852073,0.0,False,123.19486999511719,1.5378762483596802,0.0,123.19486999511719,2872.5595703125,0.0,0.0,0.0,-0.01902310736477375,True,nan,False,2.277808562212158e-06,0.01
gpomdp_logbarrier_handoff,725,620,853093,0.0,False,127.11530303955078,1.4454798698425293,0.0,127.11530303955078,1304.3323974609375,0.0,0.0,0.0,-0.5950232744216919,True,nan,False,6.780869171052473e-06,0.01
gpomdp_logbarrier_handoff,725,621,853845,0.0,False,89.68574523925781,1.4637752771377563,0.0,89.68574523925781,1464.7205810546875,0.0,0.0,0.0,-0.37754642963409424,True,nan,False,6.706296971970005e-06,0.01
gpomdp_logbarrier_handoff,725,622,854576,0.0,False,83.10016632080078,1.4499306678771973,0.0,83.10016632080078,1176.429443359375,0.0,0.0,0.0,-0.12318786978721619,True,nan,False,7.728333002887666e-06,0.01
gpomdp_logbarrier_handoff,725,623,855257,0.0,False,62.53969955444336,1.44953453540802,0.0,62.53969955444336,1291.031982421875,0.0,0.0,0.0,0.314237505197525,True,nan,False,1.0387662769062445e-05,0.01
gpomdp_logbarrier_handoff,725,624,855938,0.0,False,148.78085327148438,1.4331371784210205,0.0,148.78085327148438,1678.0372314453125,0.0,0.0,0.0,-0.3492738604545593,True,nan,False,1.5372541383840144e-05,0.01
gpomdp_logbarrier_handoff,725,625,856692,0.0,False,119.9076156616211,1.4621342420578003,0.0,119.9076156616211,1483.9080810546875,0.0,0.0,0.0,-0.4944167733192444,True,nan,False,1.4295351320470218e-05,0.01
gpomdp_logbarrier_handoff,725,626,857437,0.0,False,139.75540161132812,1.4451009035110474,0.0,139.75540161132812,1782.533203125,0.0,0.0,0.0,-0.6223823428153992,True,nan,False,1.1257649930485059e-05,0.01
gpomdp_logbarrier_handoff,725,627,858218,0.0,False,120.38782501220703,1.443272590637207,0.0,120.38782501220703,1423.4603271484375,0.0,0.0,0.0,0.12610802054405212,True,nan,False,5.417932698037475e-06,0.01
gpomdp_logbarrier_handoff,725,628,858910,0.0,False,166.26812744140625,1.4661396741867065,0.0,166.26812744140625,1414.318115234375,0.0,0.0,0.0,-0.42149969935417175,True,nan,False,8.905314643925522e-06,0.01
gpomdp_logbarrier_handoff,725,629,859670,0.0,False,76.60689544677734,1.4457623958587646,0.0,76.60689544677734,1487.2816162109375,0.0,0.0,0.0,-0.22241249680519104,True,nan,False,8.231658284785226e-06,0.01
gpomdp_logbarrier_handoff,725,630,860456,0.0,False,64.6714859008789,1.4969488382339478,0.0,64.6714859008789,1407.470703125,0.0,0.0,0.0,-0.06063514202833176,True,nan,False,5.755009169661207e-06,0.01
gpomdp_logbarrier_handoff,725,631,861212,0.0,False,73.08116912841797,1.5037821531295776,0.0,73.08116912841797,1519.1925048828125,0.0,0.0,0.0,0.22633421421051025,True,nan,False,4.765965968545061e-06,0.01
gpomdp_logbarrier_handoff,725,632,861970,0.0,False,80.36445617675781,1.464348554611206,0.0,80.36445617675781,1423.56103515625,0.0,0.0,0.0,-0.277737557888031,True,nan,False,4.409022494655801e-06,0.01
gpomdp_logbarrier_handoff,725,633,862695,0.0,False,71.83150482177734,1.4552699327468872,0.0,71.83150482177734,1209.16357421875,0.0,0.0,0.0,-0.3401365280151367,True,nan,False,3.6719518448080635e-06,0.01
gpomdp_logbarrier_handoff,725,634,863407,0.0,False,68.70226287841797,1.474254846572876,0.0,68.70226287841797,1131.7135009765625,0.0,0.0,0.0,0.11400967836380005,True,nan,False,2.527292508602841e-06,0.01
gpomdp_logbarrier_handoff,725,635,864086,0.0,False,64.45225524902344,1.4502434730529785,0.0,64.45225524902344,1177.219970703125,0.0,0.0,0.0,-0.4175683259963989,True,nan,False,3.909833139914554e-06,0.01
gpomdp_logbarrier_handoff,725,636,864806,0.0,False,155.81362915039062,1.464872121810913,0.0,155.81362915039062,1963.9190673828125,0.0,0.0,0.0,-0.17564859986305237,True,nan,False,9.764346032170579e-06,0.01
gpomdp_logbarrier_handoff,725,637,865498,0.0,False,97.37442779541016,1.4429775476455688,0.0,97.37442779541016,1532.57275390625,0.0,0.0,0.0,-0.4041212201118469,True,nan,False,7.2727311817288864e-06,0.01
gpomdp_logbarrier_handoff,725,638,866203,0.0,False,78.59097290039062,1.4807138442993164,0.0,78.59097290039062,1242.83642578125,0.0,0.0,0.0,-0.28229597210884094,True,nan,False,4.135481958655873e-06,0.01
gpomdp_logbarrier_handoff,725,639,866871,0.0,False,135.53501892089844,1.4898382425308228,0.0,135.53501892089844,1746.091064453125,0.0,0.0,0.0,-0.19751353561878204,True,nan,False,4.504001026361948e-06,0.01
gpomdp_logbarrier_handoff,725,640,867700,0.0,False,140.017822265625,1.5043647289276123,0.0,140.017822265625,1572.0355224609375,0.0,0.0,0.0,-0.35161682963371277,True,nan,False,5.9217168200120796e-06,0.01
gpomdp_logbarrier_handoff,725,641,868475,0.0,False,125.80135345458984,1.450156331062317,0.0,125.80135345458984,1304.4564208984375,0.0,0.0,0.0,-0.595072865486145,True,nan,False,7.125322554202285e-06,0.01
gpomdp_logbarrier_handoff,725,642,869203,0.0,False,62.1480827331543,1.4593181610107422,0.0,62.1480827331543,1487.6759033203125,0.0,0.0,0.0,-0.539752721786499,True,nan,False,5.612181212200085e-06,0.01
gpomdp_logbarrier_handoff,725,643,869918,0.0,False,132.0591278076172,1.6717599630355835,0.0,132.0591278076172,3418.628662109375,0.0,0.0,0.0,0.07352647185325623,True,nan,False,3.903962351614609e-06,0.01
gpomdp_logbarrier_handoff,725,644,871052,0.0,False,114.42057037353516,1.5395500659942627,0.0,114.42057037353516,1490.4539794921875,0.0,0.0,0.0,-0.5835484266281128,True,nan,False,5.210079052631045e-06,0.01
gpomdp_logbarrier_handoff,725,645,871878,0.0,False,59.18768310546875,1.5171343088150024,0.0,59.18768310546875,1667.212890625,0.0,0.0,0.0,0.011318781413137913,True,nan,False,5.2214754759916104e-06,0.01
gpomdp_logbarrier_handoff,725,646,872670,0.0,False,186.14157104492188,1.5402649641036987,0.0,186.14157104492188,1516.26171875,0.0,0.0,0.0,0.2062472403049469,True,nan,False,8.816892659524456e-06,0.01
gpomdp_logbarrier_handoff,725,647,873523,0.0,False,95.49954223632812,1.5018216371536255,0.0,95.49954223632812,1500.1055908203125,0.0,0.0,0.0,-0.41267260909080505,True,nan,False,1.6139281797222793e-05,0.01
gpomdp_logbarrier_handoff,725,648,874234,0.0,False,100.8552017211914,1.5313186645507812,0.0,100.8552017211914,1356.1270751953125,0.0,0.0,0.0,-0.30024635791778564,True,nan,False,1.9636096112662926e-05,0.01
gpomdp_logbarrier_handoff,725,649,875015,0.0,False,148.62509155273438,1.5246107578277588,0.0,148.62509155273438,1486.789794921875,0.0,0.0,0.0,-0.21223579347133636,True,nan,False,2.9009039280936122e-05,0.01
gpomdp_logbarrier_handoff,725,650,875821,0.0,False,103.2630844116211,1.5137732028961182,0.0,103.2630844116211,1266.6038818359375,0.0,0.0,0.0,0.07016994804143906,True,nan,False,3.0077029805397615e-05,0.01
gpomdp_logbarrier_handoff,725,651,876513,0.0,False,95.09307861328125,1.501181960105896,0.0,95.09307861328125,1484.7279052734375,0.0,0.0,0.0,-0.33642125129699707,True,nan,False,2.497702371329069e-05,0.01
gpomdp_logbarrier_handoff,725,652,877210,0.0,False,112.90798950195312,1.5112019777297974,0.0,112.90798950195312,1258.6002197265625,0.0,0.0,0.0,-0.6290311813354492,True,nan,False,2.6147383323404938e-05,0.01
gpomdp_logbarrier_handoff,725,653,877921,0.0,False,82.69573974609375,1.5259531736373901,0.0,82.69573974609375,1141.8677978515625,0.0,0.0,0.0,-0.6963804364204407,True,nan,False,1.8465498214936815e-05,0.01
gpomdp_logbarrier_handoff,725,654,878641,0.0,False,88.74557495117188,1.5276929140090942,0.0,88.74557495117188,1398.466064453125,0.0,0.0,0.0,-0.48973360657691956,True,nan,False,2.3600607164553367e-05,0.01
gpomdp_logbarrier_handoff,725,655,879363,0.0,False,102.60659790039062,1.4721201658248901,0.0,102.60659790039062,872.7716064453125,0.0,0.0,0.0,-0.009475680999457836,True,nan,False,1.3749764548265375e-05,0.01
gpomdp_logbarrier_handoff,725,656,879984,0.0,False,188.59417724609375,1.5852289199829102,0.0,188.59417724609375,1933.315185546875,0.0,0.0,0.0,0.36256489157676697,True,nan,False,1.6176900317077525e-05,0.01
gpomdp_logbarrier_handoff,725,657,880918,0.0,False,57.533992767333984,1.547057867050171,0.0,57.533992767333984,1394.6109619140625,0.0,0.0,0.0,-0.08938168734312057,True,nan,False,9.882937774818856e-06,0.01
gpomdp_logbarrier_handoff,725,658,881786,0.0,False,52.388038635253906,1.5267837047576904,0.0,52.388038635253906,1062.398681640625,0.0,0.0,0.0,-0.09645238518714905,True,nan,False,1.105767205444863e-05,0.01
gpomdp_logbarrier_handoff,725,659,882453,0.0,False,125.43307495117188,1.5292719602584839,0.0,125.43307495117188,888.111083984375,0.0,0.0,0.0,-0.3023332357406616,True,nan,False,1.1411555533413775e-05,0.01
gpomdp_logbarrier_handoff,725,660,883122,0.0,False,84.81537628173828,1.528477430343628,0.0,84.81537628173828,1191.52392578125,0.0,0.0,0.0,-0.12774436175823212,True,nan,False,6.917812697793124e-06,0.01
gpomdp_logbarrier_handoff,725,661,883864,0.0,False,51.56443786621094,1.5221999883651733,0.0,51.56443786621094,1150.7451171875,0.0,0.0,0.0,-0.5409785509109497,True,nan,False,8.130047717713751e-06,0.01
gpomdp_logbarrier_handoff,725,662,884524,0.0,False,131.36927795410156,1.5988502502441406,0.0,131.36927795410156,1690.9071044921875,0.0,0.0,0.0,0.32512858510017395,True,nan,False,8.178213647624943e-06,0.01
gpomdp_logbarrier_handoff,725,663,885393,0.0,False,79.37422180175781,1.547668218612671,0.0,79.37422180175781,1635.8685302734375,0.0,0.0,0.0,0.41998112201690674,True,nan,False,8.430836714978795e-06,0.01
gpomdp_logbarrier_handoff,725,664,886170,0.0,False,134.1578826904297,1.535090446472168,0.0,134.1578826904297,1345.0145263671875,0.0,0.0,0.0,0.013118037953972816,True,nan,False,1.1773139704018831e-05,0.01
gpomdp_logbarrier_handoff,725,665,886873,0.0,False,80.31806182861328,1.5358582735061646,0.0,80.31806182861328,1010.296875,0.0,0.0,0.0,-0.06351225823163986,True,nan,False,6.142814072518377e-06,0.01
gpomdp_logbarrier_handoff,725,666,887546,0.0,False,62.08393859863281,1.5459171533584595,0.0,62.08393859863281,1241.6927490234375,0.0,0.0,0.0,-0.05213136225938797,True,nan,False,3.3441594951000297e-06,0.01
gpomdp_logbarrier_handoff,725,667,888262,0.0,False,81.70097351074219,1.5502955913543701,0.0,81.70097351074219,1238.505615234375,0.0,0.0,0.0,0.25231364369392395,True,nan,False,1.6814543641885393e-06,0.01
gpomdp_logbarrier_handoff,725,668,888963,0.0,False,57.807044982910156,1.5087714195251465,0.0,57.807044982910156,1356.1656494140625,0.0,0.0,0.0,-0.4650858938694,True,nan,False,2.141252707588137e-06,0.01
gpomdp_logbarrier_handoff,725,669,889645,0.0,False,110.56143188476562,1.538999319076538,0.0,110.56143188476562,1496.927978515625,0.0,0.0,0.0,-0.05053560435771942,True,nan,False,3.1252973258233396e-06,0.01
gpomdp_logbarrier_handoff,725,670,890402,0.0,False,119.53781127929688,1.519816517829895,0.0,119.53781127929688,1249.4049072265625,0.0,0.0,0.0,-0.2810281813144684,True,nan,False,5.177581442694645e-06,0.01
gpomdp_logbarrier_handoff,725,671,891119,0.0,False,78.5361099243164,1.590339183807373,0.0,78.5361099243164,1956.38134765625,0.0,0.0,0.0,0.13724437355995178,True,nan,False,4.057575097249355e-06,0.01
gpomdp_logbarrier_handoff,725,672,891902,0.0,False,95.27457427978516,1.5189189910888672,0.0,95.27457427978516,866.037841796875,0.0,0.0,0.0,-0.1737566441297531,True,nan,False,8.499572686559986e-06,0.01
gpomdp_logbarrier_handoff,725,673,892542,0.0,False,199.41015625,1.5799450874328613,0.0,199.41015625,1768.99609375,0.0,0.0,0.0,-0.06370054930448532,True,nan,False,3.5016837500734255e-06,0.01
gpomdp_logbarrier_handoff,725,674,893454,0.0,False,156.17030334472656,1.5597000122070312,0.0,156.17030334472656,1613.81201171875,0.0,0.0,0.0,0.23401008546352386,True,nan,False,7.933491360745393e-06,0.01
gpomdp_logbarrier_handoff,725,675,894259,0.0,False,84.61518859863281,1.5193932056427002,0.0,84.61518859863281,901.4838256835938,0.0,0.0,0.0,-0.05913650989532471,True,nan,False,1.1097008609795012e-05,0.01
gpomdp_logbarrier_handoff,725,676,894905,0.0,False,57.11429977416992,1.5375109910964966,0.0,57.11429977416992,991.0120849609375,0.0,0.0,0.0,-0.07698742300271988,True,nan,False,6.699940968246665e-06,0.01
gpomdp_logbarrier_handoff,725,677,895574,0.0,False,99.26630401611328,1.5404019355773926,0.0,99.26630401611328,1273.69482421875,0.0,0.0,0.0,0.6631423234939575,True,nan,False,3.044365030291374e-06,0.01
gpomdp_logbarrier_handoff,725,678,896301,0.0,False,133.81687927246094,1.544667363166809,0.0,133.81687927246094,1645.1400146484375,0.0,0.0,0.0,-0.3765520453453064,True,nan,False,1.912237848955556e-06,0.01
gpomdp_logbarrier_handoff,725,679,897061,0.0,False,132.66934204101562,1.5878808498382568,0.0,132.66934204101562,1215.8421630859375,0.0,0.0,0.0,0.2166767567396164,True,nan,False,1.3716536386709777e-06,0.01
gpomdp_logbarrier_handoff,725,680,897832,0.0,False,81.0459213256836,1.5221575498580933,0.0,81.0459213256836,1463.1151123046875,0.0,0.0,0.0,-0.61536705493927,True,nan,False,1.4410095445782645e-06,0.01
gpomdp_logbarrier_handoff,725,681,898520,0.0,False,100.66868591308594,1.5335736274719238,0.0,100.66868591308594,1459.067138671875,0.0,0.0,0.0,-0.23058098554611206,True,nan,False,2.2217800506041385e-06,0.01
gpomdp_logbarrier_handoff,725,682,899206,0.0,False,116.677734375,1.5234663486480713,0.0,116.677734375,1105.5513916015625,0.0,0.0,0.0,0.23574359714984894,True,nan,False,6.269371169764781e-06,0.01
gpomdp_logbarrier_handoff,725,683,899899,0.0,False,119.79605865478516,1.5196090936660767,0.0,119.79605865478516,948.1421508789062,0.0,0.0,0.0,0.1618049442768097,True,nan,False,1.3602278158941772e-05,0.01
gpomdp_logbarrier_handoff,725,684,900582,0.0,False,85.3737564086914,1.6085046529769897,0.0,85.3737564086914,1654.7196044921875,0.0,0.0,0.0,-0.4479929208755493,True,nan,False,9.844384294410702e-06,0.01
gpomdp_logbarrier_handoff,725,685,901400,0.0,False,103.7777328491211,1.5383635759353638,0.0,103.7777328491211,1539.2830810546875,0.0,0.0,0.0,-0.2640618681907654,True,nan,False,7.893330803199206e-06,0.01
gpomdp_logbarrier_handoff,725,686,902179,0.0,False,129.78672790527344,1.5543098449707031,0.0,129.78672790527344,1586.3714599609375,0.0,0.0,0.0,-0.12109839916229248,True,nan,False,1.305451132793678e-05,0.01
gpomdp_logbarrier_handoff,725,687,902877,0.0,False,86.0095443725586,1.5540902614593506,0.0,86.0095443725586,1264.6846923828125,0.0,0.0,0.0,-0.38839271664619446,True,nan,False,1.1373308552720118e-05,0.01
gpomdp_logbarrier_handoff,725,688,903592,0.0,False,60.72319030761719,1.5293879508972168,0.0,60.72319030761719,861.8597412109375,0.0,0.0,0.0,-0.32496291399002075,True,nan,False,1.2789366337528918e-05,0.01
gpomdp_logbarrier_handoff,725,689,904228,0.0,False,105.84476470947266,1.5668855905532837,0.0,105.84476470947266,952.7404174804688,0.0,0.0,0.0,-0.004806972574442625,True,nan,False,6.24528547632508e-06,0.01
gpomdp_logbarrier_handoff,725,690,904953,0.0,False,167.12884521484375,1.5348831415176392,0.0,167.12884521484375,1588.849853515625,0.0,0.0,0.0,0.3097677528858185,True,nan,False,1.0245983503409661e-05,0.01
gpomdp_logbarrier_handoff,725,691,905642,0.0,False,65.29554748535156,1.5335403680801392,0.0,65.29554748535156,1030.1142578125,0.0,0.0,0.0,0.23229677975177765,True,nan,False,5.417051397671457e-06,0.01
gpomdp_logbarrier_handoff,725,692,906280,0.0,False,64.28718566894531,1.546952724456787,0.0,64.28718566894531,1143.1163330078125,0.0,0.0,0.0,0.5149731636047363,True,nan,False,6.2832332332618535e-06,0.01
gpomdp_logbarrier_handoff,725,693,906896,0.0,False,99.13459014892578,1.5148837566375732,0.0,99.13459014892578,1328.524169921875,0.0,0.0,0.0,-0.4707794487476349,True,nan,False,7.732133781246375e-06,0.01
gpomdp_logbarrier_handoff,725,694,907564,0.0,False,121.17752838134766,1.55819571018219,0.0,121.17752838134766,1271.7294921875,0.0,0.0,0.0,0.3544813096523285,True,nan,False,3.2596972232568078e-06,0.01
gpomdp_logbarrier_handoff,725,695,908301,0.0,False,87.90884399414062,1.5201420783996582,0.0,87.90884399414062,1434.5938720703125,0.0,0.0,0.0,-0.5270918011665344,True,nan,False,5.5905666158651e-06,0.01
gpomdp_logbarrier_handoff,725,696,908962,0.0,False,71.81768035888672,1.5375577211380005,0.0,71.81768035888672,1613.0740966796875,0.0,0.0,0.0,0.3276502788066864,True,nan,False,5.474400950333802e-06,0.01
gpomdp_logbarrier_handoff,725,697,909623,0.0,False,97.16297149658203,1.5466731786727905,0.0,97.16297149658203,1213.603515625,0.0,0.0,0.0,0.20661449432373047,True,nan,False,4.247083779773675e-06,0.01
gpomdp_logbarrier_handoff,725,698,910312,0.0,False,95.67606353759766,1.5473320484161377,0.0,95.67606353759766,982.6002807617188,0.0,0.0,0.0,-0.05233288183808327,True,nan,False,1.0310151083103847e-05,0.01
gpomdp_logbarrier_handoff,725,699,910998,0.0,False,93.97309112548828,1.5220119953155518,0.0,93.97309112548828,1053.360595703125,0.0,0.0,0.0,-0.43206802010536194,True,nan,False,1.1946343875024468e-05,0.01
gpomdp_logbarrier_handoff,725,700,911663,0.0,False,212.14418029785156,1.6488285064697266,0.0,212.14418029785156,2132.807861328125,0.0,0.0,0.0,0.600020706653595,True,nan,False,3.013042032762314e-06,0.01
gpomdp_logbarrier_handoff,725,701,912618,0.0,False,94.23829650878906,1.5504010915756226,0.0,94.23829650878906,1182.278564453125,0.0,0.0,0.0,0.419071763753891,True,nan,False,4.7492044359387364e-06,0.01
gpomdp_logbarrier_handoff,725,702,913368,0.0,False,90.37284088134766,1.5447715520858765,0.0,90.37284088134766,1366.1734619140625,0.0,0.0,0.0,0.31126636266708374,True,nan,False,8.604709364590235e-06,0.01
gpomdp_logbarrier_handoff,725,703,914071,0.0,False,54.997379302978516,1.5221163034439087,0.0,54.997379302978516,1329.0263671875,0.0,0.0,0.0,-0.07844909280538559,True,nan,False,8.729819455766119e-06,0.01
gpomdp_logbarrier_handoff,725,704,914781,0.0,False,95.50749206542969,1.5344476699829102,0.0,95.50749206542969,1651.107177734375,0.0,0.0,0.0,-0.41059091687202454,True,nan,False,5.46735645912122e-06,0.01
gpomdp_logbarrier_handoff,725,705,915464,0.0,False,71.10331726074219,1.5908335447311401,0.0,71.10331726074219,1296.6751708984375,0.0,0.0,0.0,0.24818821251392365,True,nan,False,3.3884186905197566e-06,0.01
gpomdp_logbarrier_handoff,725,706,916184,0.0,False,71.0804443359375,1.5360114574432373,0.0,71.0804443359375,929.16650390625,0.0,0.0,0.0,0.018023930490016937,True,nan,False,3.709878910740372e-06,0.01
gpomdp_logbarrier_handoff,725,707,916875,0.0,False,99.58130645751953,1.5125705003738403,0.0,99.58130645751953,1213.1275634765625,0.0,0.0,0.0,-0.26793962717056274,True,nan,False,1.425983327862923e-06,0.01
gpomdp_logbarrier_handoff,725,708,917583,0.0,False,87.3696060180664,1.5414814949035645,0.0,87.3696060180664,967.892822265625,0.0,0.0,0.0,0.0154693853110075,True,nan,False,4.321414053265471e-06,0.01
gpomdp_logbarrier_handoff,725,709,918253,0.0,False,77.13590240478516,1.518807291984558,0.0,77.13590240478516,1308.9715576171875,0.0,0.0,0.0,-0.24481353163719177,True,nan,False,4.197398538963171e-06,0.01
gpomdp_logbarrier_handoff,725,710,918994,0.0,False,182.96644592285156,1.5455573797225952,0.0,182.96644592285156,1503.5345458984375,0.0,0.0,0.0,-0.10363716632127762,True,nan,False,1.573651570652146e-05,0.01
gpomdp_logbarrier_handoff,725,711,919735,0.0,False,61.80926513671875,1.513375163078308,0.0,61.80926513671875,1011.3875732421875,0.0,0.0,0.0,0.23580804467201233,True,nan,False,1.269269978365628e-05,0.01
gpomdp_logbarrier_handoff,725,712,920410,0.0,False,132.7240753173828,1.5618922710418701,0.0,132.7240753173828,1443.5272216796875,0.0,0.0,0.0,-0.22384114563465118,True,nan,False,5.788024282082915e-06,0.01
gpomdp_logbarrier_handoff,725,713,921203,0.0,False,55.43256378173828,1.526620626449585,0.0,55.43256378173828,1202.84619140625,0.0,0.0,0.0,-0.027338948100805283,True,nan,False,4.233497747918591e-06,0.01
gpomdp_logbarrier_handoff,725,714,921920,0.0,False,45.83680725097656,1.5745981931686401,0.0,45.83680725097656,1770.130615234375,0.0,0.0,0.0,0.02262037806212902,True,nan,False,3.0485873594443547e-06,0.01
gpomdp_logbarrier_handoff,725,715,922610,0.0,False,41.326515197753906,1.5006767511367798,0.0,41.326515197753906,1085.64111328125,0.0,0.0,0.0,0.02133721485733986,True,nan,False,3.409583314351039e-06,0.01
gpomdp_logbarrier_handoff,725,716,923301,0.0,False,152.95835876464844,1.5263842344284058,0.0,152.95835876464844,1197.2547607421875,0.0,0.0,0.0,-0.11984694749116898,True,nan,False,1.3489835737345857e-06,0.01
gpomdp_logbarrier_handoff,725,717,924022,0.0,False,198.63955688476562,1.47923743724823,0.0,198.63955688476562,1526.36181640625,0.0,0.0,0.0,-0.38091880083084106,True,nan,False,1.3747025150223635e-05,0.01
gpomdp_logbarrier_handoff,725,718,924738,0.0,False,43.54038619995117,1.5469859838485718,0.0,43.54038619995117,1235.1640625,0.0,0.0,0.0,-0.3298017084598541,True,nan,False,7.813478987372946e-06,0.01
gpomdp_logbarrier_handoff,725,719,925457,0.0,False,83.53227996826172,1.5428130626678467,0.0,83.53227996826172,1391.1748046875,0.0,0.0,0.0,0.14458060264587402,True,nan,False,3.522004135447787e-06,0.01
gpomdp_logbarrier_handoff,725,720,926143,0.0,False,74.38178253173828,1.5261958837509155,0.0,74.38178253173828,1129.885009765625,0.0,0.0,0.0,0.009685516357421875,True,nan,False,2.598105766082881e-06,0.01
gpomdp_logbarrier_handoff,725,721,926881,0.0,False,80.20738220214844,1.5297117233276367,0.0,80.20738220214844,1468.5499267578125,0.0,0.0,0.0,-0.5475754141807556,True,nan,False,3.628078729889239e-06,0.01
gpomdp_logbarrier_handoff,725,722,927653,0.0,False,125.97156524658203,1.5179675817489624,0.0,125.97156524658203,1128.414794921875,0.0,0.0,0.0,-0.043744247406721115,True,nan,False,1.2277208952582441e-05,0.01
gpomdp_logbarrier_handoff,725,723,928319,0.0,False,130.20361328125,1.5080701112747192,0.0,130.20361328125,1324.172607421875,0.0,0.0,0.0,-0.13344015181064606,True,nan,False,2.7179954486200586e-05,0.01
gpomdp_logbarrier_handoff,725,724,928996,0.0,False,90.32205200195312,1.5946869850158691,0.0,90.32205200195312,1618.9166259765625,0.0,0.0,0.0,0.24971935153007507,True,nan,False,1.8693002857617103e-05,0.01
gpomdp_logbarrier_handoff,725,725,929915,0.0,False,53.79642868041992,1.5862622261047363,0.0,53.79642868041992,1704.5841064453125,0.0,0.0,0.0,0.08932070434093475,True,nan,False,1.5709652871009894e-05,0.01
gpomdp_logbarrier_handoff,725,726,930735,0.0,False,82.38084411621094,1.5249227285385132,0.0,82.38084411621094,1193.249755859375,0.0,0.0,0.0,0.06378501653671265,True,nan,False,2.552346995798871e-05,0.01
gpomdp_logbarrier_handoff,725,727,931397,0.0,False,53.62517547607422,1.539273977279663,0.0,53.62517547607422,1336.6153564453125,0.0,0.0,0.0,0.571433961391449,True,nan,False,1.570136555528734e-05,0.01
gpomdp_logbarrier_handoff,725,728,932090,0.0,False,82.5223159790039,1.5421228408813477,0.0,82.5223159790039,1491.873779296875,0.0,0.0,0.0,-0.5468122363090515,True,nan,False,8.411633643845562e-06,0.01
gpomdp_logbarrier_handoff,725,729,932767,0.0,False,58.14116668701172,1.5334115028381348,0.0,58.14116668701172,1036.8433837890625,0.0,0.0,0.0,0.025155045092105865,True,nan,False,8.950663868745323e-06,0.01
gpomdp_logbarrier_handoff,725,730,933472,0.0,False,135.70001220703125,1.5589332580566406,0.0,135.70001220703125,2056.947509765625,0.0,0.0,0.0,0.3207237720489502,True,nan,False,1.7202763046952896e-05,0.01
gpomdp_logbarrier_handoff,725,731,934362,0.0,False,118.91577911376953,1.581152319908142,0.0,118.91577911376953,1788.86376953125,0.0,0.0,0.0,-0.17835040390491486,True,nan,False,1.9319355487823486e-05,0.01
gpomdp_logbarrier_handoff,725,732,935192,0.0,False,105.10184478759766,1.5502417087554932,0.0,105.10184478759766,968.5348510742188,0.0,0.0,0.0,-0.485095739364624,True,nan,False,8.316208550240844e-06,0.01
gpomdp_logbarrier_handoff,725,733,935834,0.0,False,91.58258056640625,1.5958082675933838,0.0,91.58258056640625,1178.8453369140625,0.0,0.0,0.0,-0.13771066069602966,True,nan,False,3.442522483965149e-06,0.01
gpomdp_logbarrier_handoff,725,734,936677,0.0,False,106.92777252197266,1.5583233833312988,0.0,106.92777252197266,1102.4764404296875,0.0,0.0,0.0,0.008567046374082565,True,nan,False,2.775114126052358e-06,0.01
gpomdp_logbarrier_handoff,725,735,937362,0.0,False,100.34771728515625,1.5455679893493652,0.0,100.34771728515625,1190.6546630859375,0.0,0.0,0.0,-0.16874082386493683,True,nan,False,6.259662768570706e-06,0.01
gpomdp_logbarrier_handoff,725,736,938077,0.0,False,68.60345458984375,1.5732311010360718,0.0,68.60345458984375,1215.3203125,0.0,0.0,0.0,0.7055873274803162,True,nan,False,7.341855962295085e-06,0.01
gpomdp_logbarrier_handoff,725,737,938761,0.0,False,67.83357238769531,1.5364526510238647,0.0,67.83357238769531,1129.330322265625,0.0,0.0,0.0,-0.19760748744010925,True,nan,False,7.863434802857228e-06,0.01
gpomdp_logbarrier_handoff,725,738,939469,0.0,False,68.94055938720703,1.5382457971572876,0.0,68.94055938720703,1335.8839111328125,0.0,0.0,0.0,-0.5889905095100403,True,nan,False,1.042123585648369e-05,0.01
gpomdp_logbarrier_handoff,725,739,940177,0.0,False,63.39247512817383,1.5671651363372803,0.0,63.39247512817383,1166.3238525390625,0.0,0.0,0.0,0.6943093538284302,True,nan,False,8.486409569741227e-06,0.01
gpomdp_logbarrier_handoff,725,740,940890,0.0,False,97.6788330078125,1.5580960512161255,0.0,97.6788330078125,1190.550537109375,0.0,0.0,0.0,-0.10350959748029709,True,nan,False,5.386863904277561e-06,0.01
gpomdp_logbarrier_handoff,725,741,941599,0.0,False,70.60964965820312,1.5490626096725464,0.0,70.60964965820312,1162.3035888671875,0.0,0.0,0.0,-0.048779889941215515,True,nan,False,5.655741006194148e-06,0.01
gpomdp_logbarrier_handoff,725,742,942255,0.0,False,56.431976318359375,1.5447094440460205,0.0,56.431976318359375,1114.29052734375,0.0,0.0,0.0,-0.15246905386447906,True,nan,False,3.926628778572194e-06,0.01
gpomdp_logbarrier_handoff,725,743,942892,0.0,False,147.73565673828125,1.551801323890686,0.0,147.73565673828125,1667.250732421875,0.0,0.0,0.0,-0.4313531816005707,True,nan,False,2.57636474998435e-06,0.01
gpomdp_logbarrier_handoff,725,744,943621,0.0,False,75.34825897216797,1.5495781898498535,0.0,75.34825897216797,1511.4285888671875,0.0,0.0,0.0,-0.3094823360443115,True,nan,False,2.452799662933103e-06,0.01
gpomdp_logbarrier_handoff,725,745,944368,0.0,False,116.94403839111328,1.5708508491516113,0.0,116.94403839111328,1010.5328979492188,0.0,0.0,0.0,-0.29557397961616516,True,nan,False,3.559556944310316e-06,0.01
gpomdp_logbarrier_handoff,725,746,945088,0.0,False,87.13216400146484,1.5568097829818726,0.0,87.13216400146484,1000.6654663085938,0.0,0.0,0.0,-0.3948926031589508,True,nan,False,2.4920145733631216e-06,0.01
gpomdp_logbarrier_handoff,725,747,945801,0.0,False,82.35208892822266,1.5454511642456055,0.0,82.35208892822266,1032.7899169921875,0.0,0.0,0.0,0.4622195363044739,True,nan,False,4.252834060025634e-06,0.01
gpomdp_logbarrier_handoff,725,748,946486,0.0,False,58.55495834350586,1.6086547374725342,0.0,58.55495834350586,1469.265869140625,0.0,0.0,0.0,0.5443457365036011,True,nan,False,2.2863810045237187e-06,0.01
gpomdp_logbarrier_handoff,725,749,947271,0.0,False,66.94622802734375,1.5518633127212524,0.0,66.94622802734375,1284.0518798828125,0.0,0.0,0.0,-0.42583030462265015,True,nan,False,2.1711898625653703e-06,0.01
gpomdp_logbarrier_handoff,725,750,947942,0.0,False,92.21714782714844,1.5469847917556763,0.0,92.21714782714844,1047.0113525390625,0.0,0.0,0.0,-0.05059249326586723,True,nan,False,5.62907689527492e-06,0.01
gpomdp_logbarrier_handoff,725,751,948599,0.0,False,145.37200927734375,1.5709092617034912,0.0,145.37200927734375,1334.0269775390625,0.0,0.0,0.0,0.4429449439048767,True,nan,False,7.440563422278501e-06,0.01
gpomdp_logbarrier_handoff,725,752,949353,0.0,False,77.11679077148438,1.5642985105514526,0.0,77.11679077148438,1095.3924560546875,0.0,0.0,0.0,0.1976885050535202,True,nan,False,6.265406682359753e-06,0.01
gpomdp_logbarrier_handoff,725,753,950071,0.0,False,122.01079559326172,1.5629582405090332,0.0,122.01079559326172,1636.3648681640625,0.0,0.0,0.0,-0.24276629090309143,True,nan,False,1.1945803635171615e-05,0.01
gpomdp_logbarrier_handoff,725,754,950845,0.0,False,60.765289306640625,1.5597676038742065,0.0,60.765289306640625,1166.3525390625,0.0,0.0,0.0,0.5559758543968201,True,nan,False,1.3718471564061474e-05,0.01
gpomdp_logbarrier_handoff,725,755,951510,0.0,False,45.885189056396484,1.5518808364868164,0.0,45.885189056396484,1080.976318359375,0.0,0.0,0.0,-0.4766572117805481,True,nan,False,9.425380085303914e-06,0.01
gpomdp_logbarrier_handoff,725,756,952187,0.0,False,133.0832977294922,1.518406629562378,0.0,133.0832977294922,1127.59814453125,0.0,0.0,0.0,-0.5598685145378113,True,nan,False,2.1412368369055912e-05,0.01
gpomdp_logbarrier_handoff,725,757,952883,0.0,False,57.284950256347656,1.5811965465545654,0.0,57.284950256347656,1184.630126953125,0.0,0.0,0.0,-0.23058177530765533,True,nan,False,9.816599231271539e-06,0.01
gpomdp_logbarrier_handoff,725,758,953642,0.0,False,65.76790618896484,1.564591407775879,0.0,65.76790618896484,1555.306884765625,0.0,0.0,0.0,0.12006831169128418,True,nan,False,8.78812625160208e-06,0.01
gpomdp_logbarrier_handoff,725,759,954382,0.0,False,93.95484924316406,1.5499463081359863,0.0,93.95484924316406,1411.5086669921875,0.0,0.0,0.0,-0.31678155064582825,True,nan,False,1.689051896391902e-05,0.01
gpomdp_logbarrier_handoff,725,760,955089,0.0,False,88.32441711425781,1.55701744556427,0.0,88.32441711425781,1257.1925048828125,0.0,0.0,0.0,-0.24379576742649078,True,nan,False,2.0434754333109595e-05,0.01
gpomdp_logbarrier_handoff,725,761,955769,0.0,False,69.5311279296875,1.5631235837936401,0.0,69.5311279296875,1328.6485595703125,0.0,0.0,0.0,-0.09972728043794632,True,nan,False,2.3529182726633735e-05,0.01
gpomdp_logbarrier_handoff,725,762,956509,0.0,False,132.35122680664062,1.5862160921096802,0.0,132.35122680664062,1500.9625244140625,0.0,0.0,0.0,-0.34973734617233276,True,nan,False,6.216503606992774e-06,0.01
gpomdp_logbarrier_handoff,725,763,957271,0.0,False,94.62891387939453,1.532275676727295,0.0,94.62891387939453,1310.9034423828125,0.0,0.0,0.0,0.009473382495343685,True,nan,False,1.3240446605777834e-05,0.01
gpomdp_logbarrier_handoff,725,764,957943,0.0,False,168.20338439941406,1.5643415451049805,0.0,168.20338439941406,1065.0108642578125,0.0,0.0,0.0,-0.3356533944606781,True,nan,False,1.981931745831389e-06,0.01
gpomdp_logbarrier_handoff,725,765,958643,0.0,False,59.181640625,1.5743601322174072,0.0,59.181640625,1097.8468017578125,0.0,0.0,0.0,-0.30217593908309937,True,nan,False,1.5922928469080944e-06,0.01
gpomdp_logbarrier_handoff,725,766,959307,0.0,False,110.65462493896484,1.5726662874221802,0.0,110.65462493896484,1292.8614501953125,0.0,0.0,0.0,-0.22719934582710266,True,nan,False,2.8306983494985616e-06,0.01
gpomdp_logbarrier_handoff,725,767,959998,0.0,False,81.63062286376953,1.5649244785308838,0.0,81.63062286376953,1039.71240234375,0.0,0.0,0.0,0.003982360940426588,True,nan,False,1.7848993820734904e-06,0.01
gpomdp_logbarrier_handoff,725,768,960685,0.0,False,176.392822265625,1.5948009490966797,0.0,176.392822265625,1646.890869140625,0.0,0.0,0.0,0.15093056857585907,True,nan,False,3.421132760195178e-06,0.01
gpomdp_logbarrier_handoff,725,769,961427,0.0,False,112.8077621459961,1.5483657121658325,0.0,112.8077621459961,923.3889770507812,0.0,0.0,0.0,-0.14053663611412048,True,nan,False,1.1177769920323044e-05,0.01
gpomdp_logbarrier_handoff,725,770,962045,0.0,False,93.26265716552734,1.583369493484497,0.0,93.26265716552734,1332.8316650390625,0.0,0.0,0.0,-0.028317270800471306,True,nan,False,1.587141196068842e-05,0.01
gpomdp_logbarrier_handoff,725,771,962818,0.0,False,205.83055114746094,1.6292905807495117,0.0,205.83055114746094,1681.0654296875,0.0,0.0,0.0,0.05583024024963379,True,nan,False,1.0398231324870721e-06,0.01
gpomdp_logbarrier_handoff,725,772,963752,0.0,False,114.93588256835938,1.7294929027557373,0.0,114.93588256835938,2065.95068359375,0.0,0.0,0.0,-0.2335365265607834,True,nan,False,2.080578724417137e-06,0.01
gpomdp_logbarrier_handoff,725,773,964841,0.0,False,55.767677307128906,1.5740734338760376,0.0,55.767677307128906,1114.8031005859375,0.0,0.0,0.0,-0.12092183530330658,True,nan,False,1.1152245633638813e-06,0.01
gpomdp_logbarrier_handoff,725,774,965507,0.0,False,67.89142608642578,1.5697858333587646,0.0,67.89142608642578,1083.6263427734375,0.0,0.0,0.0,0.07689225673675537,True,nan,False,2.9521061151172034e-06,0.01
gpomdp_logbarrier_handoff,725,775,966184,0.0,False,71.16847229003906,1.5536720752716064,0.0,71.16847229003906,939.3291015625,0.0,0.0,0.0,0.27797871828079224,True,nan,False,5.4701413318980485e-06,0.01
gpomdp_logbarrier_handoff,725,776,966799,0.0,False,229.4768524169922,1.6177055835723877,0.0,229.4768524169922,2051.7890625,0.0,0.0,0.0,0.12519991397857666,True,nan,False,1.7691087123239413e-05,0.01
gpomdp_logbarrier_handoff,725,777,967669,0.0,False,105.64546203613281,1.6058999300003052,0.0,105.64546203613281,1154.4200439453125,0.0,0.0,0.0,0.4012514054775238,True,nan,False,7.51696234146948e-06,0.01
gpomdp_logbarrier_handoff,725,778,968427,0.0,False,105.4465560913086,1.5867533683776855,0.0,105.4465560913086,1348.7823486328125,0.0,0.0,0.0,-0.38577982783317566,True,nan,False,1.8933033061330207e-06,0.01
gpomdp_logbarrier_handoff,725,779,969135,0.0,False,116.58828735351562,1.5651553869247437,0.0,116.58828735351562,1568.7877197265625,0.0,0.0,0.0,-0.17679132521152496,True,nan,False,2.145380676665809e-06,0.01
gpomdp_logbarrier_handoff,725,780,969892,0.0,False,113.06455993652344,1.5416682958602905,0.0,113.06455993652344,1153.7396240234375,0.0,0.0,0.0,0.14662478864192963,True,nan,False,3.2553227811149554e-06,0.01
gpomdp_logbarrier_handoff,725,781,970546,0.0,False,119.359375,1.6026339530944824,0.0,119.359375,1617.70947265625,0.0,0.0,0.0,-0.4806235730648041,True,nan,False,5.25784616911551e-06,0.01
gpomdp_logbarrier_handoff,725,782,971327,0.0,False,98.16327667236328,1.5662508010864258,0.0,98.16327667236328,1068.742431640625,0.0,0.0,0.0,-0.5254788994789124,True,nan,False,2.5519702830933966e-06,0.01
gpomdp_logbarrier_handoff,725,783,971972,0.0,False,78.36174774169922,1.6064860820770264,0.0,78.36174774169922,1652.1923828125,0.0,0.0,0.0,0.03917251154780388,True,nan,False,2.633391886774916e-06,0.01
gpomdp_logbarrier_handoff,725,784,972766,0.0,False,167.8345489501953,1.5619319677352905,0.0,167.8345489501953,1343.4376220703125,0.0,0.0,0.0,-0.22884313762187958,True,nan,False,1.2470583897083998e-05,0.01
gpomdp_logbarrier_handoff,725,785,973461,0.0,False,88.95697021484375,1.5892807245254517,0.0,88.95697021484375,1531.808349609375,0.0,0.0,0.0,-0.18392761051654816,True,nan,False,4.221535164106172e-06,0.01
gpomdp_logbarrier_handoff,725,786,974128,0.0,False,78.55746459960938,1.5613508224487305,0.0,78.55746459960938,795.1982421875,0.0,0.0,0.0,-0.2659604847431183,True,nan,False,7.59898966862238e-06,0.01
gpomdp_logbarrier_handoff,725,787,974765,0.0,False,76.81388854980469,1.5806115865707397,0.0,76.81388854980469,775.1235961914062,0.0,0.0,0.0,0.00876979622989893,True,nan,False,1.0603373993944842e-05,0.01
gpomdp_logbarrier_handoff,725,788,975450,0.0,False,50.017662048339844,1.6234371662139893,0.0,50.017662048339844,929.0394897460938,0.0,0.0,0.0,-0.438486248254776,True,nan,False,8.763963705860078e-06,0.01
gpomdp_logbarrier_handoff,725,789,976172,0.0,False,129.18995666503906,1.6090950965881348,0.0,129.18995666503906,1408.81494140625,0.0,0.0,0.0,0.06786464154720306,True,nan,False,6.440910055971472e-06,0.01
gpomdp_logbarrier_handoff,725,790,976966,0.0,False,98.74109649658203,1.583181381225586,0.0,98.74109649658203,822.3244018554688,0.0,0.0,0.0,0.3061351478099823,True,nan,False,9.899357792164665e-06,0.01
gpomdp_logbarrier_handoff,725,791,977590,0.0,False,105.98380279541016,1.5723801851272583,0.0,105.98380279541016,1173.4736328125,0.0,0.0,0.0,-0.2335423082113266,True,nan,False,5.854647042724537e-06,0.01
gpomdp_logbarrier_handoff,725,792,978311,0.0,False,113.54561614990234,1.5992515087127686,0.0,113.54561614990234,1312.703125,0.0,0.0,0.0,-0.23998741805553436,True,nan,False,8.005258678167593e-06,0.01
gpomdp_logbarrier_handoff,725,793,979008,0.0,False,72.8944320678711,1.6101723909378052,0.0,72.8944320678711,1436.1534423828125,0.0,0.0,0.0,0.18389052152633667,True,nan,False,8.116908247757237e-06,0.01
gpomdp_logbarrier_handoff,725,794,979744,0.0,False,50.96921920776367,1.5827479362487793,0.0,50.96921920776367,1519.3597412109375,0.0,0.0,0.0,0.22636283934116364,True,nan,False,8.861188689479604e-06,0.01
gpomdp_logbarrier_handoff,725,795,980428,0.0,False,116.1492919921875,1.5722652673721313,0.0,116.1492919921875,935.2632446289062,0.0,0.0,0.0,0.36116060614585876,True,nan,False,5.956952463748166e-06,0.01
gpomdp_logbarrier_handoff,725,796,981007,0.0,False,85.88648986816406,1.5983195304870605,0.0,85.88648986816406,1409.4267578125,0.0,0.0,0.0,-0.05506201833486557,True,nan,False,7.191144050011644e-06,0.01
gpomdp_logbarrier_handoff,725,797,981734,0.0,False,68.9551010131836,1.5823974609375,0.0,68.9551010131836,1547.6326904296875,0.0,0.0,0.0,-0.5563220977783203,True,nan,False,5.735711511078989e-06,0.01
gpomdp_logbarrier_handoff,725,798,982418,0.0,False,69.0032730102539,1.5961531400680542,0.0,69.0032730102539,853.4904174804688,0.0,0.0,0.0,0.11904948204755783,True,nan,False,5.897910796193173e-06,0.01
gpomdp_logbarrier_handoff,725,799,983078,0.0,False,157.24053955078125,1.6521481275558472,0.0,157.24053955078125,2078.88330078125,0.0,0.0,0.0,-0.22198863327503204,True,nan,False,7.72499060985865e-06,0.01
gpomdp_logbarrier_handoff,725,800,983894,0.0,False,122.14754486083984,1.5670737028121948,0.0,122.14754486083984,942.060791015625,0.0,0.0,0.0,0.02458147145807743,True,nan,False,3.916266450687544e-06,0.01
gpomdp_logbarrier_handoff,725,801,984554,0.0,False,54.48720169067383,1.5780367851257324,0.0,54.48720169067383,1044.86572265625,0.0,0.0,0.0,-0.6525170803070068,True,nan,False,4.516638000495732e-06,0.01
gpomdp_logbarrier_handoff,725,802,985208,0.0,False,126.14993286132812,1.5719201564788818,0.0,126.14993286132812,998.6878051757812,0.0,0.0,0.0,-0.28207358717918396,True,nan,False,7.018206815700978e-06,0.01
gpomdp_logbarrier_handoff,725,803,985844,0.0,False,87.04293823242188,1.5907368659973145,0.0,87.04293823242188,828.67578125,0.0,0.0,0.0,0.30102428793907166,True,nan,False,2.2748863557353616e-06,0.01
gpomdp_logbarrier_handoff,725,804,986484,0.0,False,80.99181365966797,1.6056716442108154,0.0,80.99181365966797,971.7182006835938,0.0,0.0,0.0,-0.4710385501384735,True,nan,False,1.8765344975690823e-06,0.01
gpomdp_logbarrier_handoff,725,805,987141,0.0,False,75.86188507080078,1.5989270210266113,0.0,75.86188507080078,1118.7891845703125,0.0,0.0,0.0,0.4273570477962494,True,nan,False,1.8543130408943398e-06,0.01
gpomdp_logbarrier_handoff,725,806,987809,0.0,False,38.15513610839844,1.6055201292037964,0.0,38.15513610839844,1072.513916015625,0.0,0.0,0.0,0.3793412744998932,True,nan,False,1.6325975593645126e-06,0.01
gpomdp_logbarrier_handoff,725,807,988535,0.0,False,54.69415283203125,1.5855662822723389,0.0,54.69415283203125,875.51953125,0.0,0.0,0.0,-0.5795077681541443,True,nan,False,2.301306494700839e-06,0.01
gpomdp_logbarrier_handoff,725,808,989172,0.0,False,140.72467041015625,1.6239707469940186,0.0,140.72467041015625,1589.0731201171875,0.0,0.0,0.0,0.35261407494544983,True,nan,False,5.248806701274589e-06,0.01
gpomdp_logbarrier_handoff,725,809,989940,0.0,False,89.83676147460938,1.6209077835083008,0.0,89.83676147460938,900.9367065429688,0.0,0.0,0.0,-0.06953761726617813,True,nan,False,5.073998636362376e-06,0.01
gpomdp_logbarrier_handoff,725,810,990702,0.0,False,107.94837188720703,1.5879374742507935,0.0,107.94837188720703,1047.2401123046875,0.0,0.0,0.0,-0.0747390165925026,True,nan,False,2.1083994852233445e-06,0.01
gpomdp_logbarrier_handoff,725,811,991464,0.0,False,85.39261627197266,1.5782396793365479,0.0,85.39261627197266,933.9812622070312,0.0,0.0,0.0,-0.2631525695323944,True,nan,False,4.220207756588934e-06,0.01
gpomdp_logbarrier_handoff,725,812,992115,0.0,False,170.31825256347656,1.578857183456421,0.0,170.31825256347656,1150.6783447265625,0.0,0.0,0.0,-0.23877644538879395,True,nan,False,2.0085357391508296e-05,0.01
gpomdp_logbarrier_handoff,725,813,992784,0.0,False,72.67265319824219,1.5824910402297974,0.0,72.67265319824219,1190.1278076171875,0.0,0.0,0.0,-0.45794597268104553,True,nan,False,1.9405004422878847e-05,0.01
gpomdp_logbarrier_handoff,725,814,993471,0.0,False,47.85626983642578,1.5835217237472534,0.0,47.85626983642578,1243.096435546875,0.0,0.0,0.0,0.420107364654541,True,nan,False,2.1080182705190964e-05,0.01
gpomdp_logbarrier_handoff,725,815,994175,0.0,False,102.97545623779297,1.5752832889556885,0.0,102.97545623779297,1514.2008056640625,0.0,0.0,0.0,-0.12359683215618134,True,nan,False,3.229368303436786e-05,0.01
gpomdp_logbarrier_handoff,725,816,994918,0.0,False,69.5593490600586,1.5826820135116577,0.0,69.5593490600586,1145.2022705078125,0.0,0.0,0.0,-0.3533135652542114,True,nan,False,3.5976729122921824e-05,0.01
gpomdp_logbarrier_handoff,725,817,995574,0.0,False,82.2849349975586,1.599367618560791,0.0,82.2849349975586,1159.67236328125,0.0,0.0,0.0,0.07125754654407501,True,nan,False,1.785506356100086e-05,0.01
gpomdp_logbarrier_handoff,725,818,996238,0.0,False,97.72343444824219,1.605194330215454,0.0,97.72343444824219,952.0526733398438,0.0,0.0,0.0,-0.10038787126541138,True,nan,False,2.467230115144048e-05,0.01
gpomdp_logbarrier_handoff,725,819,996928,0.0,False,89.05554962158203,1.6192784309387207,0.0,89.05554962158203,1199.6026611328125,0.0,0.0,0.0,0.4358181059360504,True,nan,False,9.903476893668994e-06,0.01
gpomdp_logbarrier_handoff,725,820,997621,0.0,False,135.44290161132812,1.6444753408432007,0.0,135.44290161132812,1965.8555908203125,0.0,0.0,0.0,-0.2536793649196625,True,nan,False,7.731013283773791e-06,0.01
gpomdp_logbarrier_handoff,725,821,998463,0.0,False,60.053062438964844,1.6184204816818237,0.0,60.053062438964844,911.4940185546875,0.0,0.0,0.0,-0.34101831912994385,True,nan,False,3.6721867218147963e-06,0.01
gpomdp_logbarrier_handoff,725,822,999145,0.0,False,50.773014068603516,1.599678635597229,0.0,50.773014068603516,1177.847412109375,0.0,0.0,0.0,-0.27872583270072937,True,nan,False,2.8293511604715604e-06,0.01
gpomdp_logbarrier_handoff,725,823,999836,0.0,False,235.26329040527344,1.6769758462905884,0.0,235.26329040527344,1790.63623046875,0.0,0.0,0.0,-0.2041613608598709,True,nan,False,1.0673204087652266e-05,0.01
gpomdp_logbarrier_handoff,725,824,1000763,0.0,False,120.92586517333984,1.610788106918335,0.0,120.92586517333984,1061.2509765625,0.0,0.0,0.0,-0.1357019990682602,True,nan,False,1.9302999135106802e-05,0.01
gpomdp_logbarrier_handoff,725,825,1001449,0.0,False,71.114501953125,1.5962934494018555,0.0,71.114501953125,1102.2767333984375,0.0,0.0,0.0,-0.21062076091766357,True,nan,False,1.0047166142612696e-05,0.01
gpomdp_logbarrier_handoff,725,826,1002100,0.0,False,108.39063262939453,1.611965537071228,0.0,108.39063262939453,931.0382690429688,0.0,0.0,0.0,0.04368368536233902,True,nan,False,1.775577402440831e-05,0.01
gpomdp_logbarrier_handoff,725,827,1002781,0.0,False,90.18862915039062,1.583122730255127,0.0,90.18862915039062,1019.744140625,0.0,0.0,0.0,-0.31163132190704346,True,nan,False,2.5519846531096846e-05,0.01
gpomdp_logbarrier_handoff,725,828,1003481,0.0,False,57.64564895629883,1.6024285554885864,0.0,57.64564895629883,903.9535522460938,0.0,0.0,0.0,-0.3385792672634125,True,nan,False,2.449427847750485e-05,0.01
gpomdp_logbarrier_handoff,725,829,1004137,0.0,False,91.30339050292969,1.6161580085754395,0.0,91.30339050292969,1539.9898681640625,0.0,0.0,0.0,-0.39350295066833496,True,nan,False,1.933519342856016e-05,0.01
gpomdp_logbarrier_handoff,725,830,1004899,0.0,False,73.92567443847656,1.6054269075393677,0.0,73.92567443847656,999.689208984375,0.0,0.0,0.0,-0.22257156670093536,True,nan,False,9.239164683094714e-06,0.01
gpomdp_logbarrier_handoff,725,831,1005587,0.0,False,61.726558685302734,1.6341716051101685,0.0,61.726558685302734,1055.3748779296875,0.0,0.0,0.0,0.13241083920001984,True,nan,False,7.341723176068626e-06,0.01
gpomdp_logbarrier_handoff,725,832,1006291,0.0,False,98.90106201171875,1.6018177270889282,0.0,98.90106201171875,986.9254150390625,0.0,0.0,0.0,-0.11315611749887466,True,nan,False,6.469583240686916e-06,0.01
gpomdp_logbarrier_handoff,725,833,1006896,0.0,False,51.38025665283203,1.6202313899993896,0.0,51.38025665283203,1037.309814453125,0.0,0.0,0.0,-0.18097828328609467,True,nan,False,3.016508117070771e-06,0.01
gpomdp_logbarrier_handoff,725,834,1007531,0.0,False,91.80082702636719,1.641958236694336,0.0,91.80082702636719,1525.1949462890625,0.0,0.0,0.0,0.1916513741016388,True,nan,False,6.516093890240882e-06,0.01
gpomdp_logbarrier_handoff,725,835,1008402,0.0,False,88.45677947998047,1.6158478260040283,0.0,88.45677947998047,1144.3739013671875,0.0,0.0,0.0,-0.05735097452998161,True,nan,False,1.0278881745762192e-05,0.01
gpomdp_logbarrier_handoff,725,836,1009092,0.0,False,76.84717559814453,1.595420002937317,0.0,76.84717559814453,1356.8233642578125,0.0,0.0,0.0,-0.43872877955436707,True,nan,False,1.3498263797373511e-05,0.01
gpomdp_logbarrier_handoff,725,837,1009735,0.0,False,78.49932098388672,1.6172091960906982,0.0,78.49932098388672,1437.884765625,0.0,0.0,0.0,-0.05472950637340546,True,nan,False,1.5956977222231217e-05,0.01
gpomdp_logbarrier_handoff,725,838,1010420,0.0,False,89.26819610595703,1.584839940071106,0.0,89.26819610595703,970.01513671875,0.0,0.0,0.0,-0.012408790178596973,True,nan,False,2.4174996724468656e-05,0.01
gpomdp_logbarrier_handoff,725,839,1011076,0.0,False,109.00091552734375,1.6331310272216797,0.0,109.00091552734375,1202.4708251953125,0.0,0.0,0.0,-0.4405529499053955,True,nan,False,2.31457561312709e-05,0.01
gpomdp_logbarrier_handoff,725,840,1011859,0.0,False,99.95750427246094,1.6192262172698975,0.0,99.95750427246094,1154.9736328125,0.0,0.0,0.0,0.0273770559579134,True,nan,False,3.274846312706359e-05,0.01
gpomdp_logbarrier_handoff,725,841,1012532,0.0,False,71.55184936523438,1.6060686111450195,0.0,71.55184936523438,1218.08154296875,0.0,0.0,0.0,-0.26427358388900757,True,nan,False,2.1103076505823992e-05,0.01
gpomdp_logbarrier_handoff,725,842,1013206,0.0,False,64.4068374633789,1.632383942604065,0.0,64.4068374633789,1407.3037109375,0.0,0.0,0.0,-0.16508634388446808,True,nan,False,1.228575001732679e-05,0.01
gpomdp_logbarrier_handoff,725,843,1013907,0.0,False,56.58851623535156,1.6208254098892212,0.0,56.58851623535156,1128.91455078125,0.0,0.0,0.0,-0.2841259837150574,True,nan,False,2.0260620658518746e-05,0.01
gpomdp_logbarrier_handoff,725,844,1014559,0.0,False,181.69883728027344,1.6581158638000488,0.0,181.69883728027344,1558.864013671875,0.0,0.0,0.0,-0.10087646543979645,True,nan,False,2.716511517064646e-05,0.01
gpomdp_logbarrier_handoff,725,845,1015407,0.0,False,111.64338684082031,1.6047872304916382,0.0,111.64338684082031,1163.182861328125,0.0,0.0,0.0,-0.375529944896698,True,nan,False,3.8331298128468916e-05,0.01
gpomdp_logbarrier_handoff,725,846,1016104,0.0,False,60.98175048828125,1.6386276483535767,0.0,60.98175048828125,1232.9326171875,0.0,0.0,0.0,-0.2207614630460739,True,nan,False,2.360548205615487e-05,0.01
gpomdp_logbarrier_handoff,725,847,1016841,0.0,False,147.97006225585938,1.6300702095031738,0.0,147.97006225585938,1159.2724609375,0.0,0.0,0.0,-0.3417878746986389,True,nan,False,2.368012246733997e-05,0.01
gpomdp_logbarrier_handoff,725,848,1017540,0.0,False,139.77252197265625,1.6384438276290894,0.0,139.77252197265625,1291.2216796875,0.0,0.0,0.0,0.17197062075138092,True,nan,False,6.311880952125648e-06,0.01
gpomdp_logbarrier_handoff,725,849,1018210,0.0,False,82.5725326538086,1.649118185043335,0.0,82.5725326538086,1016.7232666015625,0.0,0.0,0.0,-0.03382904827594757,True,nan,False,6.862347163405502e-06,0.01
gpomdp_logbarrier_handoff,725,850,1018915,0.0,False,73.03437042236328,1.6039981842041016,0.0,73.03437042236328,695.66064453125,0.0,0.0,0.0,0.3798949718475342,True,nan,False,8.11832069302909e-06,0.01
gpomdp_logbarrier_handoff,725,851,1019542,0.0,False,65.64494323730469,1.6010388135910034,0.0,65.64494323730469,1168.59130859375,0.0,0.0,0.0,0.0805174931883812,True,nan,False,3.0880562462698435e-06,0.01
gpomdp_logbarrier_handoff,725,852,1020226,0.0,False,123.49763488769531,1.6330069303512573,0.0,123.49763488769531,1014.7243041992188,0.0,0.0,0.0,-0.2639921009540558,True,nan,False,1.1915722097910475e-06,0.01
gpomdp_logbarrier_handoff,725,853,1020902,0.0,False,72.01472473144531,1.6223217248916626,0.0,72.01472473144531,1419.79052734375,0.0,0.0,0.0,-0.4438408613204956,True,nan,False,1.8553168956714217e-06,0.01
gpomdp_logbarrier_handoff,725,854,1021594,0.0,False,112.07801818847656,1.6258292198181152,0.0,112.07801818847656,1425.9320068359375,0.0,0.0,0.0,-0.34881287813186646,True,nan,False,2.888107701437548e-06,0.01
gpomdp_logbarrier_handoff,725,855,1022313,0.0,False,96.38994598388672,1.635587215423584,0.0,96.38994598388672,1063.1749267578125,0.0,0.0,0.0,0.18432781100273132,True,nan,False,6.446808129112469e-06,0.01
gpomdp_logbarrier_handoff,725,856,1022980,0.0,False,67.00379943847656,1.6017481088638306,0.0,67.00379943847656,1014.2093505859375,0.0,0.0,0.0,0.4554039239883423,True,nan,False,9.35056323214667e-06,0.01
gpomdp_logbarrier_handoff,725,857,1023602,0.0,False,136.09762573242188,1.6611671447753906,0.0,136.09762573242188,1480.6365966796875,0.0,0.0,0.0,-0.4959922134876251,True,nan,False,1.2248448229001951e-06,0.01
gpomdp_logbarrier_handoff,725,858,1024370,0.0,False,176.51431274414062,1.6267775297164917,0.0,176.51431274414062,1219.9500732421875,0.0,0.0,0.0,0.004158454015851021,True,nan,False,1.0514744644751772e-05,0.01
gpomdp_logbarrier_handoff,725,859,1025079,0.0,False,120.90521240234375,1.653168797492981,0.0,120.90521240234375,1504.8062744140625,0.0,0.0,0.0,-0.17388974130153656,True,nan,False,1.3547875823860522e-05,0.01
gpomdp_logbarrier_handoff,725,860,1025876,0.0,False,140.70626831054688,1.703866958618164,0.0,140.70626831054688,1695.5728759765625,0.0,0.0,0.0,-0.23007109761238098,True,nan,False,8.812441592453979e-06,0.01
gpomdp_logbarrier_handoff,725,861,1026715,0.0,False,92.02434539794922,1.6199815273284912,0.0,92.02434539794922,990.0143432617188,0.0,0.0,0.0,0.25994542241096497,True,nan,False,9.633836270950269e-06,0.01
gpomdp_logbarrier_handoff,725,862,1027341,0.0,False,65.99100494384766,1.6769434213638306,0.0,65.99100494384766,1258.5450439453125,0.0,0.0,0.0,0.1659749150276184,True,nan,False,4.517510660662083e-06,0.01
gpomdp_logbarrier_handoff,725,863,1028110,0.0,False,82.34465026855469,1.6485008001327515,0.0,82.34465026855469,1439.223388671875,0.0,0.0,0.0,-0.47880780696868896,True,nan,False,4.31412900070427e-06,0.01
gpomdp_logbarrier_handoff,725,864,1028802,0.0,False,77.44992065429688,1.6264026165008545,0.0,77.44992065429688,1258.6807861328125,0.0,0.0,0.0,-0.4519703686237335,True,nan,False,4.24868176196469e-06,0.01
gpomdp_logbarrier_handoff,725,865,1029499,0.0,False,118.94343566894531,1.6681015491485596,0.0,118.94343566894531,944.5065307617188,0.0,0.0,0.0,0.30181884765625,True,nan,False,5.2192963266861625e-06,0.01
gpomdp_logbarrier_handoff,725,866,1030169,0.0,False,49.742881774902344,1.6432417631149292,0.0,49.742881774902344,953.3391723632812,0.0,0.0,0.0,-0.279992014169693,True,nan,False,6.662955001957016e-06,0.01
gpomdp_logbarrier_handoff,725,867,1030827,0.0,False,105.30560302734375,1.6356539726257324,0.0,105.30560302734375,1492.001953125,0.0,0.0,0.0,0.14561998844146729,True,nan,False,7.763776920910459e-06,0.01
gpomdp_logbarrier_handoff,725,868,1031576,0.0,False,107.62841796875,1.655985713005066,0.0,107.62841796875,2032.7366943359375,0.0,0.0,0.0,0.14771363139152527,True,nan,False,5.980381956760539e-06,0.01
gpomdp_logbarrier_handoff,725,869,1032358,0.0,False,63.928951263427734,1.6158373355865479,0.0,63.928951263427734,1286.3311767578125,0.0,0.0,0.0,-0.1224115639925003,True,nan,False,5.24296956427861e-06,0.01
gpomdp_logbarrier_handoff,725,870,1033116,0.0,False,84.50254821777344,1.6251646280288696,0.0,84.50254821777344,1325.865478515625,0.0,0.0,0.0,-0.08279111981391907,True,nan,False,1.1070410437241662e-06,0.01
gpomdp_logbarrier_handoff,725,871,1033816,0.0,False,85.44111633300781,1.6518372297286987,0.0,85.44111633300781,1201.4312744140625,0.0,0.0,0.0,-0.3195098042488098,True,nan,False,2.5151966838166118e-06,0.01
gpomdp_logbarrier_handoff,725,872,1034524,0.0,False,33.730342864990234,1.6491239070892334,0.0,33.730342864990234,963.5734252929688,0.0,0.0,0.0,0.21062159538269043,True,nan,False,2.475193923601182e-06,0.01
gpomdp_logbarrier_handoff,725,873,1035216,0.0,False,107.12860107421875,1.630065679550171,0.0,107.12860107421875,1259.902587890625,0.0,0.0,0.0,-0.1898198425769806,True,nan,False,2.3272882572200615e-06,0.01
gpomdp_logbarrier_handoff,725,874,1035914,0.0,False,144.91876220703125,1.6303585767745972,0.0,144.91876220703125,1161.657958984375,0.0,0.0,0.0,-0.044720932841300964,True,nan,False,1.491286411692272e-06,0.01
gpomdp_logbarrier_handoff,725,875,1036578,0.0,False,104.36288452148438,1.6463096141815186,0.0,104.36288452148438,1252.26171875,0.0,0.0,0.0,-0.25771957635879517,True,nan,False,7.868527518439805e-07,0.01
gpomdp_logbarrier_handoff,725,876,1037284,0.0,False,83.06501007080078,1.6447099447250366,0.0,83.06501007080078,1181.1456298828125,0.0,0.0,0.0,0.05986616387963295,True,nan,False,2.8309177650953643e-06,0.01
gpomdp_logbarrier_handoff,725,877,1037930,0.0,False,90.69336700439453,1.711297631263733,0.0,90.69336700439453,2438.762939453125,0.0,0.0,0.0,0.09336443245410919,True,nan,False,3.1050437883095583e-06,0.01
gpomdp_logbarrier_handoff,725,878,1038785,0.0,False,111.16139221191406,1.6461045742034912,0.0,111.16139221191406,1439.9769287109375,0.0,0.0,0.0,-0.1270219385623932,True,nan,False,2.905867404479068e-07,0.01
gpomdp_logbarrier_handoff,725,879,1039513,0.0,False,115.34103393554688,1.6203997135162354,0.0,115.34103393554688,1104.907470703125,0.0,0.0,0.0,0.2673093378543854,True,nan,False,4.272381374903489e-06,0.01
gpomdp_logbarrier_handoff,725,880,1040126,0.0,False,102.4190444946289,1.6610175371170044,0.0,102.4190444946289,1123.9482421875,0.0,0.0,0.0,0.14217506349086761,True,nan,False,2.0297020455473103e-06,0.01
gpomdp_logbarrier_handoff,725,881,1040868,0.0,False,121.11083221435547,1.628514051437378,0.0,121.11083221435547,971.6526489257812,0.0,0.0,0.0,0.25383031368255615,True,nan,False,1.0325446737624588e-06,0.01
gpomdp_logbarrier_handoff,725,882,1041499,0.0,False,160.35227966308594,1.8558335304260254,0.0,160.35227966308594,2549.46533203125,0.0,0.0,0.0,-0.28065529465675354,True,nan,False,2.5457648007432e-06,0.01
gpomdp_logbarrier_handoff,725,883,1042659,0.0,False,75.15303802490234,1.5958365201950073,0.0,75.15303802490234,1113.3980712890625,0.0,0.0,0.0,-0.49125978350639343,True,nan,False,4.761521722684847e-06,0.01
gpomdp_logbarrier_handoff,725,884,1043283,0.0,False,84.58123779296875,1.635608196258545,0.0,84.58123779296875,1261.93798828125,0.0,0.0,0.0,-0.033439140766859055,True,nan,False,4.228541456541279e-06,0.01
gpomdp_logbarrier_handoff,725,885,1043955,0.0,False,81.38337707519531,1.6410505771636963,0.0,81.38337707519531,1155.08056640625,0.0,0.0,0.0,0.08531543612480164,True,nan,False,3.1893050618236884e-06,0.01
gpomdp_logbarrier_handoff,725,886,1044595,0.0,False,91.20149230957031,1.6394131183624268,0.0,91.20149230957031,1526.509765625,0.0,0.0,0.0,-0.23504666984081268,True,nan,False,1.7991052345678327e-06,0.01
gpomdp_logbarrier_handoff,725,887,1045329,0.0,False,90.02470397949219,1.6566826105117798,0.0,90.02470397949219,1481.99169921875,0.0,0.0,0.0,-0.369989275932312,True,nan,False,3.7537013213295722e-06,0.01
gpomdp_logbarrier_handoff,725,888,1046075,0.0,False,104.46427154541016,1.6242594718933105,0.0,104.46427154541016,914.19580078125,0.0,0.0,0.0,-0.4803023934364319,True,nan,False,9.872521331999451e-06,0.01
gpomdp_logbarrier_handoff,725,889,1046763,0.0,False,96.8564224243164,1.6730360984802246,0.0,96.8564224243164,1513.8931884765625,0.0,0.0,0.0,0.3650612533092499,True,nan,False,5.302053523337236e-06,0.01
gpomdp_logbarrier_handoff,725,890,1047512,0.0,False,89.28994750976562,1.6453542709350586,0.0,89.28994750976562,1007.2955322265625,0.0,0.0,0.0,0.10785254836082458,True,nan,False,7.370299954345683e-06,0.01
gpomdp_logbarrier_handoff,725,891,1048210,0.0,False,57.71330642700195,1.6474121809005737,0.0,57.71330642700195,1085.7373046875,0.0,0.0,0.0,0.13615748286247253,True,nan,False,5.32213925907854e-06,0.01
gpomdp_logbarrier_handoff,725,892,1048851,0.0,False,78.32527923583984,1.6583720445632935,0.0,78.32527923583984,1289.8466796875,0.0,0.0,0.0,-0.06954821944236755,True,nan,False,5.0093613026547246e-06,0.01
gpomdp_logbarrier_handoff,725,893,1049603,0.0,False,94.340087890625,1.6418899297714233,0.0,94.340087890625,1650.7054443359375,0.0,0.0,0.0,0.11796630918979645,True,nan,False,4.905336027150042e-06,0.01
gpomdp_logbarrier_handoff,725,894,1050332,0.0,False,53.491294860839844,1.6594446897506714,0.0,53.491294860839844,983.2828979492188,0.0,0.0,0.0,-0.03485046699643135,True,nan,False,4.880241704086075e-06,0.01
gpomdp_logbarrier_handoff,725,895,1051005,0.0,False,91.5581283569336,1.6375372409820557,0.0,91.5581283569336,678.4353637695312,0.0,0.0,0.0,0.693522572517395,True,nan,False,5.19904733664589e-06,0.01
gpomdp_logbarrier_handoff,725,896,1051625,0.0,False,91.29104614257812,1.6778911352157593,0.0,91.29104614257812,1362.7723388671875,0.0,0.0,0.0,0.1550697684288025,True,nan,False,1.8534072978582117e-06,0.01
gpomdp_logbarrier_handoff,725,897,1052382,0.0,False,99.92564392089844,1.6542490720748901,0.0,99.92564392089844,1152.429931640625,0.0,0.0,0.0,0.15725253522396088,True,nan,False,1.480499008721381e-06,0.01
gpomdp_logbarrier_handoff,725,898,1053078,0.0,False,89.353515625,1.6377737522125244,0.0,89.353515625,958.9559936523438,0.0,0.0,0.0,-0.2958568036556244,True,nan,False,2.861233724615886e-06,0.01
gpomdp_logbarrier_handoff,725,899,1053763,0.0,False,62.107582092285156,1.6555023193359375,0.0,62.107582092285156,1095.259033203125,0.0,0.0,0.0,-0.24295246601104736,True,nan,False,1.4267603773987503e-06,0.01
gpomdp_logbarrier_handoff,725,900,1054485,0.0,False,52.45818328857422,1.6419578790664673,0.0,52.45818328857422,816.3178100585938,0.0,0.0,0.0,0.17800293862819672,True,nan,False,1.9767703633988276e-06,0.01
gpomdp_logbarrier_handoff,725,901,1055093,0.0,False,159.8957977294922,1.6561541557312012,0.0,159.8957977294922,1277.6507568359375,0.0,0.0,0.0,0.14211292564868927,True,nan,False,1.11588178697275e-05,0.01
gpomdp_logbarrier_handoff,725,902,1055749,0.0,False,117.81207275390625,1.6149991750717163,0.0,117.81207275390625,1061.3887939453125,0.0,0.0,0.0,-0.17193084955215454,True,nan,False,2.6406262350064935e-06,0.01
gpomdp_logbarrier_handoff,725,903,1056359,0.0,False,95.15008544921875,1.6568095684051514,0.0,95.15008544921875,1478.2694091796875,0.0,0.0,0.0,0.41356661915779114,True,nan,False,7.823605869816674e-07,0.01
gpomdp_logbarrier_handoff,725,904,1057016,0.0,False,171.24884033203125,1.6641772985458374,0.0,171.24884033203125,1608.7550048828125,0.0,0.0,0.0,-0.03246868774294853,True,nan,False,8.687735316925682e-06,0.01
gpomdp_logbarrier_handoff,725,905,1057794,0.0,False,72.96792602539062,1.6671407222747803,0.0,72.96792602539062,847.3023071289062,0.0,0.0,0.0,0.2528682053089142,True,nan,False,1.1885394997079857e-05,0.01
gpomdp_logbarrier_handoff,725,906,1058470,0.0,False,132.06533813476562,1.6419241428375244,0.0,132.06533813476562,1386.7027587890625,0.0,0.0,0.0,-0.06023922190070152,True,nan,False,2.6437674023327418e-05,0.01
gpomdp_logbarrier_handoff,725,907,1059182,0.0,False,59.05617904663086,1.6257374286651611,0.0,59.05617904663086,952.6663208007812,0.0,0.0,0.0,0.19056911766529083,True,nan,False,3.146728340652771e-05,0.01
gpomdp_logbarrier_handoff,725,908,1059830,0.0,False,114.51414489746094,1.640718698501587,0.0,114.51414489746094,793.4075927734375,0.0,0.0,0.0,0.004817224107682705,True,nan,False,3.8632391806459054e-05,0.01
gpomdp_logbarrier_handoff,725,909,1060481,0.0,False,40.37001037597656,1.643426537513733,0.0,40.37001037597656,869.4859008789062,0.0,0.0,0.0,0.3574109673500061,True,nan,False,3.437421764829196e-05,0.01
gpomdp_logbarrier_handoff,725,910,1061123,0.0,False,77.55531311035156,1.6339882612228394,0.0,77.55531311035156,1102.140869140625,0.0,0.0,0.0,-0.2957344651222229,True,nan,False,1.754148252075538e-05,0.01
gpomdp_logbarrier_handoff,725,911,1061780,0.0,False,119.40794372558594,1.6315706968307495,0.0,119.40794372558594,898.3674926757812,0.0,0.0,0.0,0.3580474257469177,True,nan,False,3.144539368804544e-05,0.01
gpomdp_logbarrier_handoff,725,912,1062412,0.0,False,66.30319213867188,1.6380420923233032,0.0,66.30319213867188,1404.100341796875,0.0,0.0,0.0,0.014607763849198818,True,nan,False,3.0008304747752845e-05,0.01
gpomdp_logbarrier_handoff,725,913,1063084,0.0,False,58.50813674926758,1.6445244550704956,0.0,58.50813674926758,831.927001953125,0.0,0.0,0.0,-0.8074228167533875,True,nan,False,2.6676552806748077e-05,0.01
gpomdp_logbarrier_handoff,725,914,1063676,0.0,False,96.80952453613281,1.6341242790222168,0.0,96.80952453613281,980.026123046875,0.0,0.0,0.0,0.060712654143571854,True,nan,False,1.4092180208535865e-05,0.01
gpomdp_logbarrier_handoff,725,915,1064329,0.0,False,63.48248291015625,1.6552091836929321,0.0,63.48248291015625,1438.8917236328125,0.0,0.0,0.0,-0.3092059791088104,True,nan,False,6.0957841014896985e-06,0.01
gpomdp_logbarrier_handoff,725,916,1065083,0.0,False,78.19975280761719,1.6403319835662842,0.0,78.19975280761719,1195.728759765625,0.0,0.0,0.0,0.2496698945760727,True,nan,False,2.3133286504162243e-06,0.01
gpomdp_logbarrier_handoff,725,917,1065736,0.0,False,142.6572723388672,1.6602245569229126,0.0,142.6572723388672,1469.9383544921875,0.0,0.0,0.0,-0.07521797716617584,True,nan,False,1.3352135283639655e-05,0.01
gpomdp_logbarrier_handoff,725,918,1066454,0.0,False,125.44055938720703,1.6515711545944214,0.0,125.44055938720703,1080.926025390625,0.0,0.0,0.0,0.14352330565452576,True,nan,False,2.217134715465363e-05,0.01
gpomdp_logbarrier_handoff,725,919,1067083,0.0,False,92.08739471435547,1.6721552610397339,0.0,92.08739471435547,1141.4237060546875,0.0,0.0,0.0,-0.44828128814697266,True,nan,False,3.024737634405028e-05,0.01
gpomdp_logbarrier_handoff,725,920,1067820,0.0,False,74.57074737548828,1.6733713150024414,0.0,74.57074737548828,1625.4442138671875,0.0,0.0,0.0,0.5277355313301086,True,nan,False,1.5973500921973027e-05,0.01
gpomdp_logbarrier_handoff,725,921,1068539,0.0,False,50.662410736083984,1.665829062461853,0.0,50.662410736083984,945.8018188476562,0.0,0.0,0.0,0.3771046996116638,True,nan,False,8.763349796936382e-06,0.01
gpomdp_logbarrier_handoff,725,922,1069182,0.0,False,136.82647705078125,1.6266727447509766,0.0,136.82647705078125,1125.577880859375,0.0,0.0,0.0,0.008507420308887959,True,nan,False,3.1231436423695413e-06,0.01
gpomdp_logbarrier_handoff,725,923,1069887,0.0,False,46.94317626953125,1.646791934967041,0.0,46.94317626953125,1286.88671875,0.0,0.0,0.0,-0.09885214269161224,True,nan,False,2.9998316222190624e-06,0.01
gpomdp_logbarrier_handoff,725,924,1070563,0.0,False,134.713623046875,1.6340041160583496,0.0,134.713623046875,1027.3492431640625,0.0,0.0,0.0,0.08534016460180283,True,nan,False,1.3630309695145115e-05,0.01
gpomdp_logbarrier_handoff,725,925,1071213,0.0,False,41.8345832824707,1.6518466472625732,0.0,41.8345832824707,800.8911743164062,0.0,0.0,0.0,-0.23961293697357178,True,nan,False,8.425341547990683e-06,0.01
gpomdp_logbarrier_handoff,725,926,1071856,0.0,False,57.337303161621094,1.6728160381317139,0.0,57.337303161621094,910.4998779296875,0.0,0.0,0.0,-0.27040722966194153,True,nan,False,5.0195430958410725e-06,0.01
gpomdp_logbarrier_handoff,725,927,1072513,0.0,False,43.78209686279297,1.638889193534851,0.0,43.78209686279297,917.5189208984375,0.0,0.0,0.0,0.29390856623649597,True,nan,False,7.900331183918752e-06,0.01
gpomdp_logbarrier_handoff,725,928,1073154,0.0,False,88.06861114501953,1.670776128768921,0.0,88.06861114501953,1556.9754638671875,0.0,0.0,0.0,-0.23821166157722473,True,nan,False,4.533585070021218e-06,0.01
gpomdp_logbarrier_handoff,725,929,1073934,0.0,False,109.67618560791016,1.6546947956085205,0.0,109.67618560791016,1224.5618896484375,0.0,0.0,0.0,-0.14259368181228638,True,nan,False,9.233864147972781e-06,0.01
gpomdp_logbarrier_handoff,725,930,1074635,0.0,False,64.25443267822266,1.6423609256744385,0.0,64.25443267822266,1129.7607421875,0.0,0.0,0.0,-0.10790961235761642,True,nan,False,8.189192158170044e-06,0.01
gpomdp_logbarrier_handoff,725,931,1075307,0.0,False,62.148887634277344,1.6428236961364746,0.0,62.148887634277344,1463.807373046875,0.0,0.0,0.0,-0.6916430592536926,True,nan,False,5.744035206589615e-06,0.01
gpomdp_logbarrier_handoff,725,932,1076029,0.0,False,66.96055603027344,1.641148328781128,0.0,66.96055603027344,936.6774291992188,0.0,0.0,0.0,-0.23766131699085236,True,nan,False,2.9619175165862544e-06,0.01
gpomdp_logbarrier_handoff,725,933,1076614,0.0,False,92.65631866455078,1.678357720375061,0.0,92.65631866455078,886.9518432617188,0.0,0.0,0.0,-0.12625133991241455,True,nan,False,3.4628335470188176e-06,0.01
gpomdp_logbarrier_handoff,725,934,1077298,0.0,False,77.28616333007812,1.683638334274292,0.0,77.28616333007812,1938.9508056640625,0.0,0.0,0.0,-0.06363379210233688,True,nan,False,4.349632035882678e-06,0.01
gpomdp_logbarrier_handoff,725,935,1078115,0.0,False,59.32026672363281,1.6054490804672241,0.0,59.32026672363281,1229.2174072265625,0.0,0.0,0.0,-0.1677635759115219,True,nan,False,6.990830115682911e-06,0.01
gpomdp_logbarrier_handoff,725,936,1078745,0.0,False,40.2141227722168,1.6730378866195679,0.0,40.2141227722168,726.0894775390625,0.0,0.0,0.0,0.008968177251517773,True,nan,False,5.445531314762775e-06,0.01
gpomdp_logbarrier_handoff,725,937,1079389,0.0,False,233.62562561035156,1.8016492128372192,0.0,233.62562561035156,2522.380615234375,0.0,0.0,0.0,-0.05908740311861038,True,nan,False,1.299000814469764e-05,0.01
gpomdp_logbarrier_handoff,725,938,1080417,0.0,False,119.3886489868164,1.6759880781173706,0.0,119.3886489868164,1121.853515625,0.0,0.0,0.0,-0.28194016218185425,True,nan,False,4.011642522527836e-05,0.01
gpomdp_logbarrier_handoff,725,939,1081132,0.0,False,120.57608032226562,1.6522918939590454,0.0,120.57608032226562,1081.9306640625,0.0,0.0,0.0,-0.005857367534190416,True,nan,False,2.224008130724542e-05,0.01
gpomdp_logbarrier_handoff,725,940,1081781,0.0,False,176.98512268066406,1.698492407798767,0.0,176.98512268066406,1407.411376953125,0.0,0.0,0.0,0.47828617691993713,True,nan,False,2.6471509045222774e-05,0.01
gpomdp_logbarrier_handoff,725,941,1082541,0.0,False,73.67851257324219,1.6582673788070679,0.0,73.67851257324219,967.4447631835938,0.0,0.0,0.0,0.36170876026153564,True,nan,False,2.7679529011948034e-05,0.01
gpomdp_logbarrier_handoff,725,942,1083161,0.0,False,137.8533935546875,1.628380537033081,0.0,137.8533935546875,880.485595703125,0.0,0.0,0.0,0.11525829881429672,True,nan,False,4.110536610824056e-05,0.01
gpomdp_logbarrier_handoff,725,943,1083843,0.0,False,36.23463439941406,1.662429928779602,0.0,36.23463439941406,922.8292846679688,0.0,0.0,0.0,0.4196293354034424,True,nan,False,3.1608044082531705e-05,0.01
gpomdp_logbarrier_handoff,725,944,1084518,0.0,False,84.38265991210938,1.6337937116622925,0.0,84.38265991210938,1135.20263671875,0.0,0.0,0.0,-0.05158882960677147,True,nan,False,5.061892079538666e-05,0.01
gpomdp_logbarrier_handoff,725,945,1085152,0.0,False,56.643531799316406,1.654684066772461,0.0,56.643531799316406,945.1209106445312,0.0,0.0,0.0,0.2956835627555847,True,nan,False,4.1017545299837366e-05,0.01
gpomdp_logbarrier_handoff,725,946,1085854,0.0,False,91.67782592773438,1.6912829875946045,0.0,91.67782592773438,1002.7601928710938,0.0,0.0,0.0,0.23490490019321442,True,nan,False,2.7434243747848086e-05,0.01
gpomdp_logbarrier_handoff,725,947,1086601,0.0,False,96.68070220947266,1.658473014831543,0.0,96.68070220947266,1134.7335205078125,0.0,0.0,0.0,0.0715641900897026,True,nan,False,1.1265424291195814e-05,0.01
gpomdp_logbarrier_handoff,725,948,1087356,0.0,False,43.957542419433594,1.6298773288726807,0.0,43.957542419433594,1014.7916259765625,0.0,0.0,0.0,-0.5843542814254761,True,nan,False,1.0019004548666999e-05,0.01
gpomdp_logbarrier_handoff,725,949,1088003,0.0,False,127.90808868408203,1.6568046808242798,0.0,127.90808868408203,989.6957397460938,0.0,0.0,0.0,0.24706515669822693,True,nan,False,1.96431610675063e-05,0.01
gpomdp_logbarrier_handoff,725,950,1088640,0.0,False,133.23934936523438,1.6956697702407837,0.0,133.23934936523438,1455.51953125,0.0,0.0,0.0,0.12344101071357727,True,nan,False,2.821906491590198e-05,0.01
gpomdp_logbarrier_handoff,725,951,1089414,0.0,False,109.04745483398438,1.6494157314300537,0.0,109.04745483398438,975.0382080078125,0.0,0.0,0.0,0.01099415123462677,True,nan,False,4.118975994060747e-05,0.01
gpomdp_logbarrier_handoff,725,952,1090092,0.0,False,78.44711303710938,1.6635109186172485,0.0,78.44711303710938,934.2769165039062,0.0,0.0,0.0,0.39260032773017883,True,nan,False,3.728580486495048e-05,0.01
gpomdp_logbarrier_handoff,725,953,1090711,0.0,False,100.22273254394531,1.64573073387146,0.0,100.22273254394531,1347.14208984375,0.0,0.0,0.0,-0.49098244309425354,True,nan,False,1.9233977582189254e-05,0.01
gpomdp_logbarrier_handoff,725,954,1091405,0.0,False,118.73136901855469,1.6425883769989014,0.0,118.73136901855469,1216.345703125,0.0,0.0,0.0,-0.39967185258865356,True,nan,False,9.64094670052873e-06,0.01
gpomdp_logbarrier_handoff,725,955,1092067,0.0,False,136.2145538330078,1.6572608947753906,0.0,136.2145538330078,1277.703369140625,0.0,0.0,0.0,0.2661098837852478,True,nan,False,2.3402586521115154e-05,0.01
gpomdp_logbarrier_handoff,725,956,1092769,0.0,False,87.158935546875,1.65993070602417,0.0,87.158935546875,1332.6590576171875,0.0,0.0,0.0,-0.3898327946662903,True,nan,False,1.5798801541677676e-05,0.01
gpomdp_logbarrier_handoff,725,957,1093447,0.0,False,86.70095825195312,1.6299561262130737,0.0,86.70095825195312,1166.531494140625,0.0,0.0,0.0,-0.21681109070777893,True,nan,False,8.743631951801945e-06,0.01
gpomdp_logbarrier_handoff,725,958,1094075,0.0,False,45.59242630004883,1.6517540216445923,0.0,45.59242630004883,988.4120483398438,0.0,0.0,0.0,0.15291789174079895,True,nan,False,6.795435638196068e-06,0.01
gpomdp_logbarrier_handoff,725,959,1094730,0.0,False,38.4450798034668,1.6448030471801758,0.0,38.4450798034668,933.2254638671875,0.0,0.0,0.0,0.3916729986667633,True,nan,False,5.503835836861981e-06,0.01
gpomdp_logbarrier_handoff,725,960,1095366,0.0,False,79.3367919921875,1.7172093391418457,0.0,79.3367919921875,1908.29736328125,0.0,0.0,0.0,0.13349878787994385,True,nan,False,1.1277279554633424e-06,0.01
gpomdp_logbarrier_handoff,725,961,1096181,0.0,False,73.17683410644531,1.6505235433578491,0.0,73.17683410644531,1059.35302734375,0.0,0.0,0.0,-0.48417553305625916,True,nan,False,2.0197726371407043e-06,0.01
gpomdp_logbarrier_handoff,725,962,1096873,0.0,False,115.9664535522461,1.6559162139892578,0.0,115.9664535522461,1308.7698974609375,0.0,0.0,0.0,-0.2941557765007019,True,nan,False,3.4213037451991113e-06,0.01
gpomdp_logbarrier_handoff,725,963,1097585,0.0,False,105.42290496826172,1.640413522720337,0.0,105.42290496826172,1199.494873046875,0.0,0.0,0.0,-0.3232067823410034,True,nan,False,9.858645171334501e-06,0.01
gpomdp_logbarrier_handoff,725,964,1098262,0.0,False,122.07540130615234,1.6521786451339722,0.0,122.07540130615234,1291.71435546875,0.0,0.0,0.0,0.03676952049136162,True,nan,False,2.016353391809389e-05,0.01
gpomdp_logbarrier_handoff,725,965,1098973,0.0,False,130.85459899902344,1.6401307582855225,0.0,130.85459899902344,1060.5665283203125,0.0,0.0,0.0,0.44188356399536133,True,nan,False,7.296086550923064e-06,0.01
gpomdp_logbarrier_handoff,725,966,1099609,0.0,False,81.3064193725586,1.6729536056518555,0.0,81.3064193725586,1282.4906005859375,0.0,0.0,0.0,-0.26016730070114136,True,nan,False,3.8473344829981215e-06,0.01
gpomdp_logbarrier_handoff,725,967,1100319,0.0,False,144.2855224609375,1.6457655429840088,0.0,144.2855224609375,1101.9864501953125,0.0,0.0,0.0,-0.015091346576809883,True,nan,False,1.2585285730892792e-05,0.01
gpomdp_logbarrier_handoff,725,968,1100995,0.0,False,117.59893798828125,1.6340099573135376,0.0,117.59893798828125,993.8834228515625,0.0,0.0,0.0,0.07673144340515137,True,nan,False,4.597157385433093e-06,0.01
gpomdp_logbarrier_handoff,725,969,1101645,0.0,False,93.36947631835938,1.6525713205337524,0.0,93.36947631835938,1266.3363037109375,0.0,0.0,0.0,0.3088088929653168,True,nan,False,8.799779607215896e-06,0.01
gpomdp_logbarrier_handoff,725,970,1102341,0.0,False,83.15119171142578,1.638379454612732,0.0,83.15119171142578,1192.2103271484375,0.0,0.0,0.0,-0.10418394207954407,True,nan,False,3.7777267607452814e-06,0.01
gpomdp_logbarrier_handoff,725,971,1103021,0.0,False,156.6177520751953,1.6467928886413574,0.0,156.6177520751953,1180.8076171875,0.0,0.0,0.0,-0.2059342861175537,True,nan,False,1.1366983017069288e-05,0.01
gpomdp_logbarrier_handoff,725,972,1103713,0.0,False,107.0260009765625,1.6735916137695312,0.0,107.0260009765625,1056.173583984375,0.0,0.0,0.0,0.1546703279018402,True,nan,False,6.549505087605212e-06,0.01
gpomdp_logbarrier_handoff,725,973,1104421,0.0,False,88.8429183959961,1.64900803565979,0.0,88.8429183959961,1098.4385986328125,0.0,0.0,0.0,0.11956299841403961,True,nan,False,8.90362571226433e-06,0.01
gpomdp_logbarrier_handoff,725,974,1105137,0.0,False,66.6942367553711,1.6695188283920288,0.0,66.6942367553711,1006.2434692382812,0.0,0.0,0.0,0.255414754152298,True,nan,False,6.797589321649866e-06,0.01
gpomdp_logbarrier_handoff,725,975,1105851,0.0,False,103.54325103759766,1.66100013256073,0.0,103.54325103759766,886.7335815429688,0.0,0.0,0.0,0.07609931379556656,True,nan,False,2.5581846330169355e-06,0.01
gpomdp_logbarrier_handoff,725,976,1106531,0.0,False,91.4566879272461,1.6712720394134521,0.0,91.4566879272461,1668.06884765625,0.0,0.0,0.0,0.17093685269355774,True,nan,False,2.062104385913699e-06,0.01
gpomdp_logbarrier_handoff,725,977,1107303,0.0,False,109.33444213867188,1.668314814567566,0.0,109.33444213867188,1115.4215087890625,0.0,0.0,0.0,-0.519840657711029,True,nan,False,3.1354447855846956e-06,0.01
gpomdp_logbarrier_handoff,725,978,1107934,0.0,False,88.72817993164062,1.640586256980896,0.0,88.72817993164062,1197.5133056640625,0.0,0.0,0.0,-0.04446384683251381,True,nan,False,4.212728526908904e-06,0.01
gpomdp_logbarrier_handoff,725,979,1108604,0.0,False,101.01683044433594,1.622517466545105,0.0,101.01683044433594,899.5198364257812,0.0,0.0,0.0,0.00930873304605484,True,nan,False,6.030065378581639e-06,0.01
gpomdp_logbarrier_handoff,725,980,1109229,0.0,False,106.3199234008789,1.6506173610687256,0.0,106.3199234008789,1232.850341796875,0.0,0.0,0.0,-0.26724252104759216,True,nan,False,8.699996215000283e-06,0.01
gpomdp_logbarrier_handoff,725,981,1109907,0.0,False,162.2757568359375,1.633677363395691,0.0,162.2757568359375,1287.8297119140625,0.0,0.0,0.0,-0.43372777104377747,True,nan,False,1.2429267371771857e-05,0.01
gpomdp_logbarrier_handoff,725,982,1110669,0.0,False,61.297607421875,1.6412036418914795,0.0,61.297607421875,1056.652587890625,0.0,0.0,0.0,-0.31889572739601135,True,nan,False,1.685405550233554e-05,0.01
gpomdp_logbarrier_handoff,725,983,1111370,0.0,False,46.96786880493164,1.6713815927505493,0.0,46.96786880493164,996.2088012695312,0.0,0.0,0.0,-0.1919800490140915,True,nan,False,1.5029935639176983e-05,0.01
gpomdp_logbarrier_handoff,725,984,1112044,0.0,False,187.86868286132812,1.6649779081344604,0.0,187.86868286132812,1265.3795166015625,0.0,0.0,0.0,-0.0005891186883673072,True,nan,False,9.040740224008914e-06,0.01
gpomdp_logbarrier_handoff,725,985,1112748,0.0,False,170.8126220703125,1.655840516090393,0.0,170.8126220703125,1187.4888916015625,0.0,0.0,0.0,-0.21219564974308014,True,nan,False,8.493430868838914e-06,0.01
gpomdp_logbarrier_handoff,725,986,1113466,0.0,False,112.89802551269531,1.7225064039230347,0.0,112.89802551269531,2142.61767578125,0.0,0.0,0.0,0.454691618680954,True,nan,False,1.0118799764313735e-05,0.01
gpomdp_logbarrier_handoff,725,987,1114337,0.0,False,83.46255493164062,1.668824553489685,0.0,83.46255493164062,940.229248046875,0.0,0.0,0.0,0.23088425397872925,True,nan,False,1.1918480595340952e-05,0.01
gpomdp_logbarrier_handoff,725,988,1115043,0.0,False,77.63368225097656,1.6411243677139282,0.0,77.63368225097656,1036.6025390625,0.0,0.0,0.0,-0.08490849286317825,True,nan,False,9.369873623654712e-06,0.01
gpomdp_logbarrier_handoff,725,989,1115659,0.0,False,89.50618743896484,1.6508204936981201,0.0,89.50618743896484,1275.3297119140625,0.0,0.0,0.0,-0.25765830278396606,True,nan,False,9.324488928541541e-06,0.01
gpomdp_logbarrier_handoff,725,990,1116329,0.0,False,77.32864379882812,1.6089853048324585,0.0,77.32864379882812,954.324462890625,0.0,0.0,0.0,0.027575530111789703,True,nan,False,9.936287824530154e-06,0.01
gpomdp_logbarrier_handoff,725,991,1116971,0.0,False,149.97511291503906,1.72066068649292,0.0,149.97511291503906,1676.61279296875,0.0,0.0,0.0,-0.18250690400600433,True,nan,False,8.209983207052574e-06,0.01
gpomdp_logbarrier_handoff,725,992,1117782,0.0,False,63.4583625793457,1.659744143486023,0.0,63.4583625793457,1228.358642578125,0.0,0.0,0.0,-0.22767022252082825,True,nan,False,1.398782478645444e-05,0.01
gpomdp_logbarrier_handoff,725,993,1118439,0.0,False,125.80555725097656,1.7002613544464111,0.0,125.80555725097656,2249.7099609375,0.0,0.0,0.0,0.038179781287908554,True,nan,False,6.7190999288868625e-06,0.01
gpomdp_logbarrier_handoff,725,994,1119292,0.0,False,77.564208984375,1.6582111120224,0.0,77.564208984375,1230.9366455078125,0.0,0.0,0.0,0.79527747631073,True,nan,False,7.596446721436223e-06,0.01
gpomdp_logbarrier_handoff,725,995,1119958,0.0,False,110.09530639648438,1.668274164199829,0.0,110.09530639648438,1465.0811767578125,0.0,0.0,0.0,-0.5146176815032959,True,nan,False,6.162386853247881e-06,0.01
gpomdp_logbarrier_handoff,725,996,1120683,0.0,False,145.5633087158203,1.6538763046264648,0.0,145.5633087158203,1333.3485107421875,0.0,0.0,0.0,-0.0030618479941040277,True,nan,False,1.9260182853031438e-06,0.01
gpomdp_logbarrier_handoff,725,997,1121434,0.0,False,76.70819091796875,1.656364917755127,0.0,76.70819091796875,1327.478271484375,0.0,0.0,0.0,-0.3196609318256378,True,nan,False,1.8967704136230168e-06,0.01
gpomdp_logbarrier_handoff,725,998,1122130,0.0,False,77.24984741210938,1.685819149017334,0.0,77.24984741210938,1172.625,0.0,0.0,0.0,-0.1430838704109192,True,nan,False,4.144806098338449e-06,0.01
gpomdp_logbarrier_handoff,725,999,1122847,0.0,False,72.67371368408203,1.6253637075424194,0.0,72.67371368408203,1138.9959716796875,0.0,0.0,0.0,-0.00414711469784379,True,nan,False,2.1473583728948142e-06,0.01
