Device       : cpu

========== GPOMDP LOSS ==========
states shape  = (128, 52, 11)
actions shape = (128, 52, 3)
rewards shape = (128, 52)
returns shape = (128, 52)
mask shape    = (128, 52)
log_probs shape = (128, 52)
valid steps = 3357
objective = -0.011442
loss = 0.011442
========== END GPOMDP DEBUG ==========


========== NPG PRECONDITIONING ==========
Fisher condition number  : 7.404e+02
||nat_g|| / ||g||        : 1.795
========== END NPG DEBUG ==========

/workplace/adelella/adelella/MCIBConceptDrift/vanilla-policy-gradient/vpg/train.py:127: UserWarning: Converting a tensor with requires_grad=True to a scalar may lead to unexpected behavior.
Consider using tensor.detach() first. (Triggered internally at /pytorch/torch/csrc/autograd/generated/python_variable_methods.cpp:838.)
  return float(torch.cat(grads).norm())
Iteration 0000 | train reward: 10.96 | best: 10.96 | KL: 9.943e-05 | std: 0.6066 | rollout: 0.583s | update: 0.360s | total: 0.943s | samples/s: 3561
Iteration 0001 | train reward: 11.26 | best: 11.26 | KL: 8.175e-05 | std: 0.6073 | rollout: 0.819s | update: 0.036s | total: 0.856s | samples/s: 4037
Iteration 0002 | train reward: 12.46 | best: 12.46 | KL: 1.261e-04 | std: 0.6076 | rollout: 1.272s | update: 0.039s | total: 1.311s | samples/s: 2743
Iteration 0003 | train reward: 13.22 | best: 13.22 | KL: 1.073e-04 | std: 0.6079 | rollout: 1.611s | update: 0.031s | total: 1.642s | samples/s: 2263
Iteration 0004 | train reward: 15.31 | best: 15.31 | KL: 1.572e-04 | std: 0.6079 | rollout: 1.904s | update: 0.044s | total: 1.948s | samples/s: 1988
Iteration 0005 | train reward: 13.98 | best: 15.31 | KL: 1.455e-04 | std: 0.6079 | rollout: 1.826s | update: 0.030s | total: 1.856s | samples/s: 2137
Iteration 0006 | train reward: 15.78 | best: 15.78 | KL: 1.157e-04 | std: 0.6073 | rollout: 2.252s | update: 0.040s | total: 2.292s | samples/s: 1738
Iteration 0007 | train reward: 14.23 | best: 15.78 | KL: 8.701e-05 | std: 0.6076 | rollout: 1.327s | update: 0.027s | total: 1.354s | samples/s: 2773
Iteration 0008 | train reward: 15.92 | best: 15.92 | KL: 1.309e-04 | std: 0.6081 | rollout: 1.880s | update: 0.038s | total: 1.917s | samples/s: 1987
Iteration 0009 | train reward: 18.93 | best: 18.93 | KL: 1.314e-04 | std: 0.6087 | rollout: 1.849s | update: 0.035s | total: 1.884s | samples/s: 2325
Iteration 0010 | train reward: 20.06 | best: 20.06 | KL: 1.290e-04 | std: 0.6086 | rollout: 1.985s | update: 0.039s | total: 2.024s | samples/s: 2132
Iteration 0011 | train reward: 19.19 | best: 20.06 | KL: 1.680e-04 | std: 0.6087 | rollout: 2.070s | update: 0.035s | total: 2.105s | samples/s: 2050
Iteration 0012 | train reward: 23.79 | best: 23.79 | KL: 1.490e-04 | std: 0.6091 | rollout: 2.101s | update: 0.038s | total: 2.139s | samples/s: 2144
Iteration 0013 | train reward: 27.33 | best: 27.33 | KL: 1.566e-04 | std: 0.6090 | rollout: 2.484s | update: 0.042s | total: 2.525s | samples/s: 1936
Iteration 0014 | train reward: 29.94 | best: 29.94 | KL: 1.661e-04 | std: 0.6088 | rollout: 3.012s | update: 0.055s | total: 3.068s | samples/s: 1699
Iteration 0015 | train reward: 31.97 | best: 31.97 | KL: 1.836e-04 | std: 0.6087 | rollout: 1.580s | update: 0.046s | total: 1.626s | samples/s: 3247
Iteration 0016 | train reward: 31.91 | best: 31.97 | KL: 1.093e-04 | std: 0.6090 | rollout: 2.185s | update: 0.043s | total: 2.227s | samples/s: 2379
Iteration 0017 | train reward: 35.97 | best: 35.97 | KL: 1.600e-04 | std: 0.6080 | rollout: 1.679s | update: 0.055s | total: 1.733s | samples/s: 3039
Iteration 0018 | train reward: 33.14 | best: 35.97 | KL: 1.321e-04 | std: 0.6082 | rollout: 1.954s | update: 0.045s | total: 1.999s | samples/s: 2576
Iteration 0019 | train reward: 34.69 | best: 35.97 | KL: 1.747e-04 | std: 0.6082 | rollout: 1.195s | update: 0.048s | total: 1.243s | samples/s: 4097
Iteration 0020 | train reward: 42.22 | best: 42.22 | KL: 1.536e-04 | std: 0.6077 | rollout: 1.821s | update: 0.047s | total: 1.868s | samples/s: 3195
Iteration 0021 | train reward: 53.58 | best: 53.58 | KL: 2.340e-04 | std: 0.6077 | rollout: 1.907s | update: 0.047s | total: 1.955s | samples/s: 3472
Iteration 0022 | train reward: 42.37 | best: 53.58 | KL: 1.421e-04 | std: 0.6071 | rollout: 1.524s | update: 0.050s | total: 1.574s | samples/s: 3700
Iteration 0023 | train reward: 55.86 | best: 55.86 | KL: 1.747e-04 | std: 0.6064 | rollout: 2.422s | update: 0.064s | total: 2.486s | samples/s: 2594
Iteration 0024 | train reward: 61.68 | best: 61.68 | KL: 2.041e-04 | std: 0.6064 | rollout: 3.246s | update: 0.049s | total: 3.295s | samples/s: 2025
Iteration 0025 | train reward: 64.86 | best: 64.86 | KL: 2.543e-04 | std: 0.6065 | rollout: 2.729s | update: 0.056s | total: 2.785s | samples/s: 2541
Iteration 0026 | train reward: 70.72 | best: 70.72 | KL: 2.221e-04 | std: 0.6057 | rollout: 3.066s | update: 0.049s | total: 3.116s | samples/s: 2333
Iteration 0027 | train reward: 74.22 | best: 74.22 | KL: 1.390e-04 | std: 0.6055 | rollout: 3.572s | update: 0.058s | total: 3.630s | samples/s: 2159
Iteration 0028 | train reward: 83.97 | best: 83.97 | KL: 2.057e-04 | std: 0.6055 | rollout: 2.791s | update: 0.062s | total: 2.853s | samples/s: 2710
Iteration 0029 | train reward: 83.20 | best: 83.97 | KL: 2.484e-04 | std: 0.6048 | rollout: 3.859s | update: 0.074s | total: 3.933s | samples/s: 2014
Iteration 0030 | train reward: 94.31 | best: 94.31 | KL: 2.764e-04 | std: 0.6049 | rollout: 4.381s | update: 0.068s | total: 4.449s | samples/s: 1957
Iteration 0031 | train reward: 105.61 | best: 105.61 | KL: 2.411e-04 | std: 0.6039 | rollout: 4.492s | update: 0.083s | total: 4.575s | samples/s: 2001
Iteration 0032 | train reward: 100.92 | best: 105.61 | KL: 3.016e-04 | std: 0.6035 | rollout: 3.165s | update: 0.073s | total: 3.238s | samples/s: 2747
Iteration 0033 | train reward: 114.22 | best: 114.22 | KL: 2.799e-04 | std: 0.6029 | rollout: 3.133s | update: 0.076s | total: 3.209s | samples/s: 3000
Iteration 0034 | train reward: 126.02 | best: 126.02 | KL: 2.872e-04 | std: 0.6033 | rollout: 3.524s | update: 0.091s | total: 3.615s | samples/s: 2795
Iteration 0035 | train reward: 124.84 | best: 126.02 | KL: 2.509e-04 | std: 0.6035 | rollout: 4.180s | update: 0.068s | total: 4.248s | samples/s: 2324
Iteration 0036 | train reward: 133.42 | best: 133.42 | KL: 2.662e-04 | std: 0.6038 | rollout: 5.097s | update: 0.076s | total: 5.173s | samples/s: 2030
Iteration 0037 | train reward: 146.31 | best: 146.31 | KL: 3.092e-04 | std: 0.6025 | rollout: 5.008s | update: 0.090s | total: 5.098s | samples/s: 2188
Iteration 0038 | train reward: 146.56 | best: 146.56 | KL: 3.266e-04 | std: 0.6025 | rollout: 4.093s | update: 0.081s | total: 4.174s | samples/s: 2725
Iteration 0039 | train reward: 148.69 | best: 148.69 | KL: 3.588e-04 | std: 0.6031 | rollout: 4.183s | update: 0.070s | total: 4.253s | samples/s: 2634
Iteration 0040 | train reward: 162.34 | best: 162.34 | KL: 2.540e-04 | std: 0.6023 | rollout: 4.602s | update: 0.083s | total: 4.685s | samples/s: 2503
Iteration 0041 | train reward: 169.88 | best: 169.88 | KL: 2.253e-04 | std: 0.6018 | rollout: 4.133s | update: 0.083s | total: 4.217s | samples/s: 2923
Iteration 0042 | train reward: 178.43 | best: 178.43 | KL: 3.199e-04 | std: 0.6003 | rollout: 4.217s | update: 0.098s | total: 4.315s | samples/s: 3018
Iteration 0043 | train reward: 180.17 | best: 180.17 | KL: 3.215e-04 | std: 0.6007 | rollout: 4.163s | update: 0.093s | total: 4.256s | samples/s: 3058
Iteration 0044 | train reward: 196.80 | best: 196.80 | KL: 2.262e-04 | std: 0.6007 | rollout: 4.916s | update: 0.087s | total: 5.003s | samples/s: 2830
Iteration 0045 | train reward: 196.29 | best: 196.80 | KL: 2.622e-04 | std: 0.6011 | rollout: 5.142s | update: 0.095s | total: 5.237s | samples/s: 2707
Iteration 0046 | train reward: 197.90 | best: 197.90 | KL: 2.362e-04 | std: 0.5996 | rollout: 4.811s | update: 0.097s | total: 4.908s | samples/s: 2889
Iteration 0047 | train reward: 199.44 | best: 199.44 | KL: 2.318e-04 | std: 0.5981 | rollout: 4.825s | update: 0.091s | total: 4.916s | samples/s: 2913
Iteration 0048 | train reward: 203.06 | best: 203.06 | KL: 3.524e-04 | std: 0.5978 | rollout: 4.886s | update: 0.096s | total: 4.982s | samples/s: 2914
Iteration 0049 | train reward: 206.11 | best: 206.11 | KL: 2.331e-04 | std: 0.5976 | rollout: 4.511s | update: 0.095s | total: 4.606s | samples/s: 3202
Iteration 0050 | train reward: 215.23 | best: 215.23 | KL: 2.761e-04 | std: 0.5983 | rollout: 5.053s | update: 0.096s | total: 5.149s | samples/s: 2990
Iteration 0051 | train reward: 207.78 | best: 215.23 | KL: 2.567e-04 | std: 0.5977 | rollout: 4.345s | update: 0.117s | total: 4.462s | samples/s: 3365
Iteration 0052 | train reward: 211.37 | best: 215.23 | KL: 2.144e-04 | std: 0.5975 | rollout: 4.110s | update: 0.105s | total: 4.215s | samples/s: 3561
Iteration 0053 | train reward: 221.46 | best: 221.46 | KL: 1.547e-04 | std: 0.5975 | rollout: 4.612s | update: 0.123s | total: 4.735s | samples/s: 3299
Iteration 0054 | train reward: 217.97 | best: 221.46 | KL: 2.494e-04 | std: 0.5965 | rollout: 3.801s | update: 0.108s | total: 3.909s | samples/s: 3989
Iteration 0055 | train reward: 215.10 | best: 221.46 | KL: 1.983e-04 | std: 0.5976 | rollout: 4.811s | update: 0.111s | total: 4.922s | samples/s: 3128
Iteration 0056 | train reward: 216.54 | best: 221.46 | KL: 2.003e-04 | std: 0.5977 | rollout: 4.683s | update: 0.098s | total: 4.781s | samples/s: 3219
Iteration 0057 | train reward: 221.69 | best: 221.69 | KL: 3.627e-04 | std: 0.5982 | rollout: 3.550s | update: 0.099s | total: 3.650s | samples/s: 4384
Iteration 0058 | train reward: 223.78 | best: 223.78 | KL: 2.503e-04 | std: 0.5989 | rollout: 3.199s | update: 0.131s | total: 3.330s | samples/s: 4798
Iteration 0059 | train reward: 221.03 | best: 223.78 | KL: 1.486e-04 | std: 0.5985 | rollout: 4.423s | update: 0.114s | total: 4.538s | samples/s: 3436
Iteration 0060 | train reward: 221.71 | best: 223.78 | KL: 1.797e-04 | std: 0.5972 | rollout: 3.932s | update: 0.113s | total: 4.044s | samples/s: 3843
Iteration 0061 | train reward: 223.56 | best: 223.78 | KL: 2.560e-04 | std: 0.5962 | rollout: 4.566s | update: 0.107s | total: 4.673s | samples/s: 3380
Iteration 0062 | train reward: 223.61 | best: 223.78 | KL: 2.560e-04 | std: 0.5952 | rollout: 4.978s | update: 0.119s | total: 5.097s | samples/s: 3103
Iteration 0063 | train reward: 224.12 | best: 224.12 | KL: 2.869e-04 | std: 0.5951 | rollout: 4.254s | update: 0.110s | total: 4.364s | samples/s: 3627
Iteration 0064 | train reward: 230.97 | best: 230.97 | KL: 2.776e-04 | std: 0.5957 | rollout: 4.496s | update: 0.128s | total: 4.624s | samples/s: 3551
Iteration 0065 | train reward: 230.21 | best: 230.97 | KL: 2.008e-04 | std: 0.5962 | rollout: 4.981s | update: 0.102s | total: 5.083s | samples/s: 3235
Iteration 0066 | train reward: 227.11 | best: 230.97 | KL: 2.756e-04 | std: 0.5957 | rollout: 4.088s | update: 0.097s | total: 4.185s | samples/s: 3857
Iteration 0067 | train reward: 231.14 | best: 231.14 | KL: 4.636e-04 | std: 0.5970 | rollout: 5.252s | update: 0.134s | total: 5.386s | samples/s: 3086
Iteration 0068 | train reward: 236.46 | best: 236.46 | KL: 1.626e-04 | std: 0.5969 | rollout: 5.235s | update: 0.105s | total: 5.340s | samples/s: 3147
Iteration 0069 | train reward: 236.84 | best: 236.84 | KL: 1.940e-04 | std: 0.5971 | rollout: 4.786s | update: 0.118s | total: 4.904s | samples/s: 3437
Iteration 0070 | train reward: 233.91 | best: 236.84 | KL: 3.033e-04 | std: 0.5962 | rollout: 5.423s | update: 0.116s | total: 5.540s | samples/s: 2989
Iteration 0071 | train reward: 237.54 | best: 237.54 | KL: 2.064e-04 | std: 0.5964 | rollout: 4.920s | update: 0.140s | total: 5.060s | samples/s: 3325
Iteration 0072 | train reward: 234.22 | best: 237.54 | KL: 2.843e-04 | std: 0.5962 | rollout: 4.417s | update: 0.127s | total: 4.544s | samples/s: 3678
Iteration 0073 | train reward: 238.68 | best: 238.68 | KL: 2.623e-04 | std: 0.5958 | rollout: 5.313s | update: 0.124s | total: 5.437s | samples/s: 3142
Iteration 0074 | train reward: 241.74 | best: 241.74 | KL: 2.404e-04 | std: 0.5969 | rollout: 4.624s | update: 0.110s | total: 4.734s | samples/s: 3615
Iteration 0075 | train reward: 240.89 | best: 241.74 | KL: 2.681e-04 | std: 0.5964 | rollout: 5.457s | update: 0.118s | total: 5.575s | samples/s: 3086
Iteration 0076 | train reward: 243.03 | best: 243.03 | KL: 2.024e-04 | std: 0.5970 | rollout: 4.881s | update: 0.115s | total: 4.996s | samples/s: 3508
Iteration 0077 | train reward: 244.56 | best: 244.56 | KL: 2.662e-04 | std: 0.5970 | rollout: 3.655s | update: 0.133s | total: 3.789s | samples/s: 4635
Iteration 0078 | train reward: 244.61 | best: 244.61 | KL: 2.779e-04 | std: 0.5975 | rollout: 3.787s | update: 0.113s | total: 3.900s | samples/s: 4540
Iteration 0079 | train reward: 248.02 | best: 248.02 | KL: 2.558e-04 | std: 0.5990 | rollout: 5.256s | update: 0.132s | total: 5.388s | samples/s: 3303
Iteration 0080 | train reward: 247.74 | best: 248.02 | KL: 2.375e-04 | std: 0.5996 | rollout: 5.017s | update: 0.130s | total: 5.147s | samples/s: 3483
Iteration 0081 | train reward: 249.40 | best: 249.40 | KL: 2.123e-04 | std: 0.6001 | rollout: 4.550s | update: 0.137s | total: 4.687s | samples/s: 3879
Iteration 0082 | train reward: 248.20 | best: 249.40 | KL: 2.940e-04 | std: 0.6001 | rollout: 5.535s | update: 0.135s | total: 5.670s | samples/s: 3214
Iteration 0083 | train reward: 252.92 | best: 252.92 | KL: 3.002e-04 | std: 0.6009 | rollout: 5.133s | update: 0.119s | total: 5.253s | samples/s: 3518
Iteration 0084 | train reward: 253.73 | best: 253.73 | KL: 2.716e-04 | std: 0.6008 | rollout: 3.602s | update: 0.137s | total: 3.739s | samples/s: 5021
Iteration 0085 | train reward: 255.06 | best: 255.06 | KL: 2.920e-04 | std: 0.6004 | rollout: 6.612s | update: 0.138s | total: 6.750s | samples/s: 2787
Iteration 0086 | train reward: 260.77 | best: 260.77 | KL: 3.252e-04 | std: 0.6001 | rollout: 6.192s | update: 0.134s | total: 6.326s | samples/s: 3074
Iteration 0087 | train reward: 263.28 | best: 263.28 | KL: 2.707e-04 | std: 0.6001 | rollout: 6.017s | update: 0.152s | total: 6.169s | samples/s: 3179
Iteration 0088 | train reward: 263.99 | best: 263.99 | KL: 3.339e-04 | std: 0.6003 | rollout: 4.852s | update: 0.129s | total: 4.980s | samples/s: 3890
Iteration 0089 | train reward: 264.11 | best: 264.11 | KL: 2.697e-04 | std: 0.6007 | rollout: 5.435s | update: 0.123s | total: 5.558s | samples/s: 3486
Iteration 0090 | train reward: 266.80 | best: 266.80 | KL: 3.506e-04 | std: 0.6017 | rollout: 5.926s | update: 0.152s | total: 6.078s | samples/s: 3279
Iteration 0091 | train reward: 272.78 | best: 272.78 | KL: 3.282e-04 | std: 0.6020 | rollout: 6.239s | update: 0.140s | total: 6.379s | samples/s: 3198
Iteration 0092 | train reward: 269.04 | best: 272.78 | KL: 3.104e-04 | std: 0.6036 | rollout: 5.900s | update: 0.147s | total: 6.047s | samples/s: 3312
Iteration 0093 | train reward: 267.47 | best: 272.78 | KL: 3.570e-04 | std: 0.6027 | rollout: 6.105s | update: 0.118s | total: 6.223s | samples/s: 3208
Iteration 0094 | train reward: 267.09 | best: 272.78 | KL: 3.771e-04 | std: 0.6021 | rollout: 6.134s | update: 0.125s | total: 6.259s | samples/s: 3204
Iteration 0095 | train reward: 272.20 | best: 272.78 | KL: 3.286e-04 | std: 0.6023 | rollout: 5.861s | update: 0.138s | total: 6.000s | samples/s: 3374
Iteration 0096 | train reward: 281.56 | best: 281.56 | KL: 2.937e-04 | std: 0.6021 | rollout: 6.690s | update: 0.155s | total: 6.845s | samples/s: 3079
Iteration 0097 | train reward: 281.66 | best: 281.66 | KL: 3.524e-04 | std: 0.6024 | rollout: 6.867s | update: 0.161s | total: 7.028s | samples/s: 2996
Iteration 0098 | train reward: 284.70 | best: 284.70 | KL: 7.173e-04 | std: 0.6015 | rollout: 6.885s | update: 0.162s | total: 7.047s | samples/s: 3030
Iteration 0099 | train reward: 289.63 | best: 289.63 | KL: 5.335e-04 | std: 0.6016 | rollout: 6.936s | update: 0.151s | total: 7.087s | samples/s: 3047
Iteration 0100 | train reward: 289.01 | best: 289.63 | KL: 4.625e-04 | std: 0.6007 | rollout: 6.200s | update: 0.140s | total: 6.340s | samples/s: 3361
Iteration 0101 | train reward: 298.01 | best: 298.01 | KL: 4.642e-04 | std: 0.6011 | rollout: 5.575s | update: 0.144s | total: 5.719s | samples/s: 3909
Iteration 0102 | train reward: 303.82 | best: 303.82 | KL: 4.152e-04 | std: 0.6011 | rollout: 5.393s | update: 0.143s | total: 5.536s | samples/s: 4093
Iteration 0103 | train reward: 301.82 | best: 303.82 | KL: 4.015e-04 | std: 0.6011 | rollout: 4.374s | update: 0.164s | total: 4.539s | samples/s: 4926
Iteration 0104 | train reward: 305.93 | best: 305.93 | KL: 7.533e-04 | std: 0.6003 | rollout: 7.182s | update: 0.158s | total: 7.340s | samples/s: 3095
Iteration 0105 | train reward: 312.53 | best: 312.53 | KL: 4.088e-04 | std: 0.6007 | rollout: 7.426s | update: 0.170s | total: 7.596s | samples/s: 3078
Iteration 0106 | train reward: 312.24 | best: 312.53 | KL: 8.915e-04 | std: 0.6004 | rollout: 7.520s | update: 0.170s | total: 7.690s | samples/s: 3037
Iteration 0107 | train reward: 319.76 | best: 319.76 | KL: 6.254e-04 | std: 0.6004 | rollout: 7.339s | update: 0.170s | total: 7.509s | samples/s: 3211
Iteration 0108 | train reward: 322.42 | best: 322.42 | KL: 6.235e-04 | std: 0.6007 | rollout: 6.367s | update: 0.167s | total: 6.534s | samples/s: 3687
Iteration 0109 | train reward: 327.64 | best: 327.64 | KL: 5.174e-04 | std: 0.6002 | rollout: 3.895s | update: 0.153s | total: 4.048s | samples/s: 6103
Iteration 0110 | train reward: 334.44 | best: 334.44 | KL: 6.675e-04 | std: 0.6006 | rollout: 3.769s | update: 0.178s | total: 3.948s | samples/s: 6246
Iteration 0111 | train reward: 343.10 | best: 343.10 | KL: 6.566e-04 | std: 0.6004 | rollout: 7.313s | update: 0.201s | total: 7.514s | samples/s: 3433
Iteration 0112 | train reward: 345.84 | best: 345.84 | KL: 6.738e-04 | std: 0.6007 | rollout: 7.449s | update: 0.168s | total: 7.617s | samples/s: 3399
Iteration 0113 | train reward: 353.33 | best: 353.33 | KL: 5.171e-04 | std: 0.5998 | rollout: 5.229s | update: 0.200s | total: 5.429s | samples/s: 4933
Iteration 0114 | train reward: 355.90 | best: 355.90 | KL: 6.790e-04 | std: 0.6003 | rollout: 6.876s | update: 0.161s | total: 7.037s | samples/s: 3774
Iteration 0115 | train reward: 352.38 | best: 355.90 | KL: 7.198e-04 | std: 0.6004 | rollout: 7.794s | update: 0.199s | total: 7.994s | samples/s: 3335
Iteration 0116 | train reward: 355.18 | best: 355.90 | KL: 4.851e-04 | std: 0.6011 | rollout: 7.307s | update: 0.181s | total: 7.489s | samples/s: 3569
Iteration 0117 | train reward: 367.72 | best: 367.72 | KL: 6.237e-04 | std: 0.5999 | rollout: 7.996s | update: 0.193s | total: 8.189s | samples/s: 3411
Iteration 0118 | train reward: 365.31 | best: 367.72 | KL: 6.078e-04 | std: 0.5989 | rollout: 8.333s | update: 0.172s | total: 8.505s | samples/s: 3226
Iteration 0119 | train reward: 366.87 | best: 367.72 | KL: 1.183e-03 | std: 0.5989 | rollout: 7.275s | update: 0.157s | total: 7.432s | samples/s: 3695
Iteration 0120 | train reward: 373.69 | best: 373.69 | KL: 5.880e-04 | std: 0.5973 | rollout: 5.598s | update: 0.199s | total: 5.796s | samples/s: 4873
Iteration 0121 | train reward: 369.77 | best: 373.69 | KL: 6.880e-04 | std: 0.5963 | rollout: 8.077s | update: 0.170s | total: 8.247s | samples/s: 3390
Iteration 0122 | train reward: 374.74 | best: 374.74 | KL: 6.928e-04 | std: 0.5955 | rollout: 8.366s | update: 0.184s | total: 8.550s | samples/s: 3335
Iteration 0123 | train reward: 377.07 | best: 377.07 | KL: 5.156e-04 | std: 0.5960 | rollout: 8.266s | update: 0.170s | total: 8.436s | samples/s: 3378
Iteration 0124 | train reward: 377.94 | best: 377.94 | KL: 8.676e-04 | std: 0.5947 | rollout: 8.540s | update: 0.179s | total: 8.719s | samples/s: 3280
Iteration 0125 | train reward: 376.83 | best: 377.94 | KL: 1.140e-03 | std: 0.5947 | rollout: 8.535s | update: 0.176s | total: 8.711s | samples/s: 3292
Iteration 0126 | train reward: 381.01 | best: 381.01 | KL: 5.828e-04 | std: 0.5950 | rollout: 6.755s | update: 0.219s | total: 6.973s | samples/s: 4160
Iteration 0127 | train reward: 386.01 | best: 386.01 | KL: 7.448e-04 | std: 0.5946 | rollout: 6.930s | update: 0.206s | total: 7.137s | samples/s: 4135
Iteration 0128 | train reward: 388.69 | best: 388.69 | KL: 5.202e-04 | std: 0.5951 | rollout: 8.434s | update: 0.192s | total: 8.625s | samples/s: 3474
Iteration 0129 | train reward: 379.36 | best: 388.69 | KL: 1.032e-03 | std: 0.5946 | rollout: 6.516s | update: 0.207s | total: 6.722s | samples/s: 4329
Iteration 0130 | train reward: 383.39 | best: 388.69 | KL: 8.064e-04 | std: 0.5950 | rollout: 8.727s | update: 0.176s | total: 8.903s | samples/s: 3269
Iteration 0131 | train reward: 399.10 | best: 399.10 | KL: 9.387e-04 | std: 0.5974 | rollout: 6.790s | update: 0.210s | total: 7.000s | samples/s: 4435
Iteration 0132 | train reward: 392.72 | best: 399.10 | KL: 6.502e-04 | std: 0.5967 | rollout: 6.882s | update: 0.210s | total: 7.092s | samples/s: 4273
Iteration 0133 | train reward: 394.97 | best: 399.10 | KL: 9.703e-04 | std: 0.5986 | rollout: 9.323s | update: 0.188s | total: 9.511s | samples/s: 3208
Iteration 0134 | train reward: 396.36 | best: 399.10 | KL: 6.706e-04 | std: 0.5978 | rollout: 9.972s | update: 0.233s | total: 10.205s | samples/s: 3035
Iteration 0135 | train reward: 400.80 | best: 400.80 | KL: 8.929e-04 | std: 0.5964 | rollout: 9.765s | update: 0.194s | total: 9.958s | samples/s: 3161
Iteration 0136 | train reward: 397.94 | best: 400.80 | KL: 5.152e-04 | std: 0.5967 | rollout: 8.527s | update: 0.220s | total: 8.747s | samples/s: 3550
Iteration 0137 | train reward: 409.25 | best: 409.25 | KL: 1.836e-03 | std: 0.5976 | rollout: 10.681s | update: 0.204s | total: 10.885s | samples/s: 2966
Iteration 0138 | train reward: 416.08 | best: 416.08 | KL: 7.518e-04 | std: 0.5961 | rollout: 5.918s | update: 0.214s | total: 6.132s | samples/s: 5430
Iteration 0139 | train reward: 421.03 | best: 421.03 | KL: 7.819e-04 | std: 0.5964 | rollout: 5.444s | update: 0.219s | total: 5.663s | samples/s: 5949
Iteration 0140 | train reward: 418.07 | best: 421.03 | KL: 7.874e-04 | std: 0.5951 | rollout: 7.839s | update: 0.213s | total: 8.052s | samples/s: 4184
Iteration 0141 | train reward: 421.13 | best: 421.13 | KL: 1.332e-03 | std: 0.5951 | rollout: 8.381s | update: 0.206s | total: 8.588s | samples/s: 3909
Iteration 0142 | train reward: 428.56 | best: 428.56 | KL: 1.545e-03 | std: 0.5938 | rollout: 9.070s | update: 0.213s | total: 9.283s | samples/s: 3711
Iteration 0143 | train reward: 429.67 | best: 429.67 | KL: 1.148e-03 | std: 0.5948 | rollout: 6.411s | update: 0.231s | total: 6.641s | samples/s: 5245
Iteration 0144 | train reward: 421.65 | best: 429.67 | KL: 6.908e-04 | std: 0.5937 | rollout: 10.797s | update: 0.214s | total: 11.011s | samples/s: 3087
Iteration 0145 | train reward: 429.16 | best: 429.67 | KL: 1.066e-03 | std: 0.5937 | rollout: 8.528s | update: 0.268s | total: 8.797s | samples/s: 3953
Iteration 0146 | train reward: 429.17 | best: 429.67 | KL: 1.013e-03 | std: 0.5934 | rollout: 9.990s | update: 0.281s | total: 10.271s | samples/s: 3369
Iteration 0147 | train reward: 435.86 | best: 435.86 | KL: 6.764e-04 | std: 0.5935 | rollout: 10.579s | update: 0.236s | total: 10.814s | samples/s: 3271
Iteration 0148 | train reward: 441.47 | best: 441.47 | KL: 9.527e-04 | std: 0.5951 | rollout: 12.291s | update: 0.240s | total: 12.531s | samples/s: 2881
Iteration 0149 | train reward: 440.45 | best: 441.47 | KL: 1.049e-03 | std: 0.5963 | rollout: 10.861s | update: 0.230s | total: 11.092s | samples/s: 3262
Iteration 0150 | train reward: 434.41 | best: 441.47 | KL: 7.659e-04 | std: 0.5967 | rollout: 11.674s | update: 0.257s | total: 11.931s | samples/s: 2954
Iteration 0151 | train reward: 437.16 | best: 441.47 | KL: 6.805e-04 | std: 0.5951 | rollout: 7.649s | update: 0.253s | total: 7.902s | samples/s: 4487
Iteration 0152 | train reward: 438.90 | best: 441.47 | KL: 6.293e-04 | std: 0.5963 | rollout: 8.964s | update: 0.238s | total: 9.203s | samples/s: 3871
Iteration 0153 | train reward: 435.50 | best: 441.47 | KL: 1.163e-03 | std: 0.5953 | rollout: 8.295s | update: 0.234s | total: 8.529s | samples/s: 4170
Iteration 0154 | train reward: 435.55 | best: 441.47 | KL: 1.028e-03 | std: 0.5950 | rollout: 12.337s | update: 0.219s | total: 12.557s | samples/s: 2853
Iteration 0155 | train reward: 437.82 | best: 441.47 | KL: 6.438e-04 | std: 0.5940 | rollout: 12.010s | update: 0.278s | total: 12.289s | samples/s: 2928
Iteration 0156 | train reward: 440.97 | best: 441.47 | KL: 7.004e-04 | std: 0.5915 | rollout: 7.969s | update: 0.272s | total: 8.241s | samples/s: 4382
Iteration 0157 | train reward: 450.48 | best: 450.48 | KL: 1.095e-03 | std: 0.5922 | rollout: 11.853s | update: 0.227s | total: 12.081s | samples/s: 3072
Iteration 0158 | train reward: 450.91 | best: 450.91 | KL: 8.153e-04 | std: 0.5911 | rollout: 10.938s | update: 0.248s | total: 11.186s | samples/s: 3350
Iteration 0159 | train reward: 445.26 | best: 450.91 | KL: 1.012e-03 | std: 0.5901 | rollout: 9.302s | update: 0.240s | total: 9.541s | samples/s: 3823
Iteration 0160 | train reward: 444.42 | best: 450.91 | KL: 8.644e-04 | std: 0.5899 | rollout: 9.482s | update: 0.256s | total: 9.738s | samples/s: 3732
Iteration 0161 | train reward: 452.17 | best: 452.17 | KL: 6.635e-04 | std: 0.5912 | rollout: 10.681s | update: 0.254s | total: 10.935s | samples/s: 3379
Iteration 0162 | train reward: 452.18 | best: 452.18 | KL: 7.653e-04 | std: 0.5912 | rollout: 12.417s | update: 0.290s | total: 12.707s | samples/s: 2953
Iteration 0163 | train reward: 439.53 | best: 452.18 | KL: 8.402e-04 | std: 0.5924 | rollout: 12.122s | update: 0.264s | total: 12.386s | samples/s: 2918
Iteration 0164 | train reward: 443.24 | best: 452.18 | KL: 1.637e-03 | std: 0.5921 | rollout: 11.399s | update: 0.255s | total: 11.654s | samples/s: 3113
Iteration 0165 | train reward: 449.73 | best: 452.18 | KL: 1.112e-03 | std: 0.5908 | rollout: 12.998s | update: 0.255s | total: 13.253s | samples/s: 2793
Iteration 0166 | train reward: 453.91 | best: 453.91 | KL: 1.025e-03 | std: 0.5924 | rollout: 12.712s | update: 0.266s | total: 12.977s | samples/s: 2882
Iteration 0167 | train reward: 454.21 | best: 454.21 | KL: 1.191e-03 | std: 0.5925 | rollout: 12.144s | update: 0.264s | total: 12.408s | samples/s: 3020
Iteration 0168 | train reward: 462.78 | best: 462.78 | KL: 6.613e-04 | std: 0.5921 | rollout: 11.777s | update: 0.302s | total: 12.079s | samples/s: 3210
Iteration 0169 | train reward: 462.35 | best: 462.78 | KL: 8.913e-04 | std: 0.5940 | rollout: 12.615s | update: 0.252s | total: 12.867s | samples/s: 2989
Iteration 0170 | train reward: 463.96 | best: 463.96 | KL: 1.179e-03 | std: 0.5924 | rollout: 12.700s | update: 0.246s | total: 12.946s | samples/s: 2998
Iteration 0171 | train reward: 464.46 | best: 464.46 | KL: 1.168e-03 | std: 0.5928 | rollout: 12.697s | update: 0.245s | total: 12.942s | samples/s: 3010
Iteration 0172 | train reward: 474.85 | best: 474.85 | KL: 1.059e-03 | std: 0.5928 | rollout: 10.710s | update: 0.303s | total: 11.013s | samples/s: 3650
Iteration 0173 | train reward: 470.62 | best: 474.85 | KL: 1.315e-03 | std: 0.5947 | rollout: 7.142s | update: 0.230s | total: 7.371s | samples/s: 5355
Iteration 0174 | train reward: 469.28 | best: 474.85 | KL: 1.533e-03 | std: 0.5921 | rollout: 6.695s | update: 0.236s | total: 6.931s | samples/s: 5734
Iteration 0175 | train reward: 470.14 | best: 474.85 | KL: 1.091e-03 | std: 0.5909 | rollout: 7.478s | update: 0.285s | total: 7.763s | samples/s: 5122
Iteration 0176 | train reward: 465.39 | best: 474.85 | KL: 6.054e-04 | std: 0.5921 | rollout: 12.377s | update: 0.257s | total: 12.634s | samples/s: 3089
Iteration 0177 | train reward: 470.72 | best: 474.85 | KL: 1.587e-03 | std: 0.5902 | rollout: 13.829s | update: 0.294s | total: 14.123s | samples/s: 2831
Iteration 0178 | train reward: 462.79 | best: 474.85 | KL: 1.000e-03 | std: 0.5911 | rollout: 12.454s | update: 0.229s | total: 12.683s | samples/s: 3057
Iteration 0179 | train reward: 465.56 | best: 474.85 | KL: 1.209e-03 | std: 0.5912 | rollout: 7.774s | update: 0.238s | total: 8.012s | samples/s: 4895
Iteration 0180 | train reward: 463.47 | best: 474.85 | KL: 6.516e-04 | std: 0.5911 | rollout: 12.795s | update: 0.252s | total: 13.047s | samples/s: 2954
Iteration 0181 | train reward: 466.26 | best: 474.85 | KL: 1.251e-03 | std: 0.5921 | rollout: 10.170s | update: 0.263s | total: 10.433s | samples/s: 3728
Iteration 0182 | train reward: 467.82 | best: 474.85 | KL: 9.072e-04 | std: 0.5928 | rollout: 6.692s | update: 0.268s | total: 6.961s | samples/s: 5651
Iteration 0183 | train reward: 477.75 | best: 477.75 | KL: 1.651e-03 | std: 0.5914 | rollout: 12.030s | update: 0.255s | total: 12.285s | samples/s: 3282
Iteration 0184 | train reward: 474.98 | best: 477.75 | KL: 1.230e-03 | std: 0.5914 | rollout: 9.102s | update: 0.239s | total: 9.342s | samples/s: 4296
Iteration 0185 | train reward: 469.56 | best: 477.75 | KL: 1.294e-03 | std: 0.5937 | rollout: 10.967s | update: 0.233s | total: 11.200s | samples/s: 3515
Iteration 0186 | train reward: 468.87 | best: 477.75 | KL: 1.215e-03 | std: 0.5926 | rollout: 12.220s | update: 0.235s | total: 12.455s | samples/s: 3143
Iteration 0187 | train reward: 469.63 | best: 477.75 | KL: 1.393e-03 | std: 0.5935 | rollout: 12.888s | update: 0.279s | total: 13.167s | samples/s: 2959
Iteration 0188 | train reward: 473.20 | best: 477.75 | KL: 9.805e-04 | std: 0.5937 | rollout: 13.250s | update: 0.285s | total: 13.535s | samples/s: 2924
Iteration 0189 | train reward: 471.41 | best: 477.75 | KL: 1.526e-03 | std: 0.5935 | rollout: 10.585s | update: 0.297s | total: 10.882s | samples/s: 3619
Iteration 0190 | train reward: 477.24 | best: 477.75 | KL: 1.020e-03 | std: 0.5952 | rollout: 12.444s | update: 0.274s | total: 12.719s | samples/s: 3150
Iteration 0191 | train reward: 480.65 | best: 480.65 | KL: 1.573e-03 | std: 0.5952 | rollout: 11.398s | update: 0.315s | total: 11.712s | samples/s: 3452
Iteration 0192 | train reward: 482.36 | best: 482.36 | KL: 1.190e-03 | std: 0.5961 | rollout: 9.877s | update: 0.324s | total: 10.201s | samples/s: 4001
Iteration 0193 | train reward: 484.03 | best: 484.03 | KL: 1.588e-03 | std: 0.5964 | rollout: 12.126s | update: 0.310s | total: 12.435s | samples/s: 3308
Iteration 0194 | train reward: 472.16 | best: 484.03 | KL: 1.296e-03 | std: 0.5952 | rollout: 11.482s | update: 0.270s | total: 11.752s | samples/s: 3412
Iteration 0195 | train reward: 482.37 | best: 484.03 | KL: 1.499e-03 | std: 0.5961 | rollout: 9.006s | update: 0.278s | total: 9.283s | samples/s: 4438
Iteration 0196 | train reward: 484.10 | best: 484.10 | KL: 1.279e-03 | std: 0.5928 | rollout: 12.343s | update: 0.285s | total: 12.629s | samples/s: 3284
Iteration 0197 | train reward: 493.14 | best: 493.14 | KL: 1.196e-03 | std: 0.5928 | rollout: 10.925s | update: 0.302s | total: 11.228s | samples/s: 3788
Iteration 0198 | train reward: 482.38 | best: 493.14 | KL: 1.739e-03 | std: 0.5938 | rollout: 11.904s | update: 0.242s | total: 12.145s | samples/s: 3407
Iteration 0199 | train reward: 478.72 | best: 493.14 | KL: 2.138e-03 | std: 0.5961 | rollout: 10.036s | update: 0.239s | total: 10.275s | samples/s: 3979
Iteration 0200 | train reward: 487.07 | best: 493.14 | KL: 1.035e-03 | std: 0.5961 | rollout: 11.626s | update: 0.258s | total: 11.883s | samples/s: 3493
Iteration 0201 | train reward: 486.27 | best: 493.14 | KL: 1.416e-03 | std: 0.5949 | rollout: 8.901s | update: 0.259s | total: 9.160s | samples/s: 4486
Iteration 0202 | train reward: 489.68 | best: 493.14 | KL: 1.352e-03 | std: 0.5922 | rollout: 10.226s | update: 0.269s | total: 10.495s | samples/s: 3969
Iteration 0203 | train reward: 485.76 | best: 493.14 | KL: 9.923e-04 | std: 0.5923 | rollout: 13.116s | update: 0.269s | total: 13.385s | samples/s: 3046
Iteration 0204 | train reward: 483.40 | best: 493.14 | KL: 1.001e-03 | std: 0.5947 | rollout: 10.981s | update: 0.272s | total: 11.253s | samples/s: 3627
Iteration 0205 | train reward: 480.46 | best: 493.14 | KL: 1.085e-03 | std: 0.5954 | rollout: 12.455s | update: 0.243s | total: 12.698s | samples/s: 3179
Iteration 0206 | train reward: 491.60 | best: 493.14 | KL: 2.425e-03 | std: 0.5947 | rollout: 11.315s | update: 0.275s | total: 11.589s | samples/s: 3604
Iteration 0207 | train reward: 494.05 | best: 494.05 | KL: 1.334e-03 | std: 0.5937 | rollout: 13.548s | update: 0.297s | total: 13.845s | samples/s: 3044
Iteration 0208 | train reward: 490.04 | best: 494.05 | KL: 1.147e-03 | std: 0.5923 | rollout: 13.405s | update: 0.277s | total: 13.682s | samples/s: 3079
Iteration 0209 | train reward: 492.71 | best: 494.05 | KL: 2.205e-03 | std: 0.5927 | rollout: 11.880s | update: 0.263s | total: 12.142s | samples/s: 3463
Iteration 0210 | train reward: 501.77 | best: 501.77 | KL: 1.176e-03 | std: 0.5938 | rollout: 10.716s | update: 0.288s | total: 11.004s | samples/s: 3969
Iteration 0211 | train reward: 499.92 | best: 501.77 | KL: 2.207e-03 | std: 0.5940 | rollout: 7.262s | update: 0.265s | total: 7.527s | samples/s: 5741
Iteration 0212 | train reward: 500.29 | best: 501.77 | KL: 1.495e-03 | std: 0.5948 | rollout: 7.959s | update: 0.268s | total: 8.226s | samples/s: 5271
Iteration 0213 | train reward: 506.32 | best: 506.32 | KL: 8.432e-04 | std: 0.5961 | rollout: 7.782s | update: 0.308s | total: 8.090s | samples/s: 5468
Iteration 0214 | train reward: 509.15 | best: 509.15 | KL: 1.520e-03 | std: 0.5963 | rollout: 13.190s | update: 0.291s | total: 13.481s | samples/s: 3321
Iteration 0215 | train reward: 509.90 | best: 509.90 | KL: 1.487e-03 | std: 0.5990 | rollout: 12.715s | update: 0.313s | total: 13.028s | samples/s: 3404
Iteration 0216 | train reward: 510.07 | best: 510.07 | KL: 1.372e-03 | std: 0.5988 | rollout: 8.368s | update: 0.269s | total: 8.637s | samples/s: 5100
Iteration 0217 | train reward: 503.37 | best: 510.07 | KL: 1.334e-03 | std: 0.5990 | rollout: 7.936s | update: 0.306s | total: 8.242s | samples/s: 5261
Iteration 0218 | train reward: 521.37 | best: 521.37 | KL: 2.368e-03 | std: 0.6005 | rollout: 12.378s | update: 0.310s | total: 12.689s | samples/s: 3611
Iteration 0219 | train reward: 521.68 | best: 521.68 | KL: 1.469e-03 | std: 0.6015 | rollout: 7.876s | update: 0.283s | total: 8.158s | samples/s: 5633
Iteration 0220 | train reward: 506.60 | best: 521.68 | KL: 1.629e-03 | std: 0.6007 | rollout: 6.279s | update: 0.286s | total: 6.565s | samples/s: 6728
Iteration 0221 | train reward: 518.41 | best: 521.68 | KL: 1.391e-03 | std: 0.6016 | rollout: 11.664s | update: 0.295s | total: 11.959s | samples/s: 3846
Iteration 0222 | train reward: 499.95 | best: 521.68 | KL: 2.109e-03 | std: 0.6024 | rollout: 12.241s | update: 0.301s | total: 12.542s | samples/s: 3437
Iteration 0223 | train reward: 503.70 | best: 521.68 | KL: 1.175e-03 | std: 0.6018 | rollout: 12.392s | update: 0.312s | total: 12.704s | samples/s: 3457
Iteration 0224 | train reward: 498.87 | best: 521.68 | KL: 1.822e-03 | std: 0.6042 | rollout: 13.390s | update: 0.299s | total: 13.689s | samples/s: 3205
Iteration 0225 | train reward: 511.38 | best: 521.68 | KL: 1.522e-03 | std: 0.6018 | rollout: 13.542s | update: 0.295s | total: 13.837s | samples/s: 3246
Iteration 0226 | train reward: 504.46 | best: 521.68 | KL: 1.497e-03 | std: 0.6033 | rollout: 12.349s | update: 0.289s | total: 12.638s | samples/s: 3467
Iteration 0227 | train reward: 505.23 | best: 521.68 | KL: 1.574e-03 | std: 0.6033 | rollout: 12.819s | update: 0.274s | total: 13.093s | samples/s: 3355
Iteration 0228 | train reward: 515.62 | best: 521.68 | KL: 1.719e-03 | std: 0.6042 | rollout: 13.715s | update: 0.276s | total: 13.991s | samples/s: 3276
Iteration 0229 | train reward: 516.73 | best: 521.68 | KL: 1.164e-03 | std: 0.6057 | rollout: 10.505s | update: 0.284s | total: 10.789s | samples/s: 4186
Iteration 0230 | train reward: 522.91 | best: 522.91 | KL: 1.467e-03 | std: 0.6058 | rollout: 9.285s | update: 0.315s | total: 9.600s | samples/s: 4832
Iteration 0231 | train reward: 520.83 | best: 522.91 | KL: 2.108e-03 | std: 0.6044 | rollout: 7.999s | update: 0.329s | total: 8.328s | samples/s: 5498
Iteration 0232 | train reward: 520.37 | best: 522.91 | KL: 2.568e-03 | std: 0.6066 | rollout: 11.522s | update: 0.307s | total: 11.829s | samples/s: 3871
Iteration 0233 | train reward: 523.06 | best: 523.06 | KL: 1.564e-03 | std: 0.6049 | rollout: 10.055s | update: 0.282s | total: 10.337s | samples/s: 4461
Iteration 0234 | train reward: 514.91 | best: 523.06 | KL: 1.498e-03 | std: 0.6042 | rollout: 12.188s | update: 0.308s | total: 12.496s | samples/s: 3627
Iteration 0235 | train reward: 520.81 | best: 523.06 | KL: 1.844e-03 | std: 0.6039 | rollout: 9.181s | update: 0.271s | total: 9.452s | samples/s: 4841
Iteration 0236 | train reward: 522.26 | best: 523.06 | KL: 1.369e-03 | std: 0.6039 | rollout: 6.764s | update: 0.306s | total: 7.070s | samples/s: 6534
Iteration 0237 | train reward: 510.70 | best: 523.06 | KL: 2.133e-03 | std: 0.6034 | rollout: 8.604s | update: 0.298s | total: 8.902s | samples/s: 5014
Iteration 0238 | train reward: 513.60 | best: 523.06 | KL: 1.621e-03 | std: 0.6042 | rollout: 13.007s | update: 0.332s | total: 13.339s | samples/s: 3360
Iteration 0239 | train reward: 511.77 | best: 523.06 | KL: 1.038e-03 | std: 0.6059 | rollout: 10.764s | update: 0.275s | total: 11.038s | samples/s: 4053
Iteration 0240 | train reward: 509.15 | best: 523.06 | KL: 1.449e-03 | std: 0.6058 | rollout: 9.431s | update: 0.288s | total: 9.718s | samples/s: 4526
Iteration 0241 | train reward: 512.43 | best: 523.06 | KL: 1.886e-03 | std: 0.6058 | rollout: 9.511s | update: 0.272s | total: 9.783s | samples/s: 4566
Iteration 0242 | train reward: 518.56 | best: 523.06 | KL: 1.744e-03 | std: 0.6051 | rollout: 9.342s | update: 0.289s | total: 9.631s | samples/s: 4704
Iteration 0243 | train reward: 508.43 | best: 523.06 | KL: 1.567e-03 | std: 0.6050 | rollout: 12.861s | update: 0.274s | total: 13.135s | samples/s: 3345
Iteration 0244 | train reward: 520.64 | best: 523.06 | KL: 2.077e-03 | std: 0.6049 | rollout: 13.381s | update: 0.296s | total: 13.677s | samples/s: 3357
Iteration 0245 | train reward: 512.71 | best: 523.06 | KL: 1.735e-03 | std: 0.6059 | rollout: 12.778s | update: 0.284s | total: 13.063s | samples/s: 3483
Iteration 0246 | train reward: 516.02 | best: 523.06 | KL: 2.783e-03 | std: 0.6068 | rollout: 11.407s | update: 0.295s | total: 11.702s | samples/s: 3927
Iteration 0247 | train reward: 507.91 | best: 523.06 | KL: 1.690e-03 | std: 0.6068 | rollout: 8.745s | update: 0.301s | total: 9.046s | samples/s: 4887
Iteration 0248 | train reward: 525.06 | best: 525.06 | KL: 2.301e-03 | std: 0.6070 | rollout: 8.136s | update: 0.295s | total: 8.431s | samples/s: 5434
Iteration 0249 | train reward: 516.09 | best: 525.06 | KL: 1.893e-03 | std: 0.6083 | rollout: 12.753s | update: 0.294s | total: 13.047s | samples/s: 3443
Iteration 0250 | train reward: 511.82 | best: 525.06 | KL: 2.044e-03 | std: 0.6052 | rollout: 13.374s | update: 0.272s | total: 13.646s | samples/s: 3271
Iteration 0251 | train reward: 505.88 | best: 525.06 | KL: 1.771e-03 | std: 0.6052 | rollout: 13.343s | update: 0.265s | total: 13.609s | samples/s: 3184
Iteration 0252 | train reward: 506.73 | best: 525.06 | KL: 2.093e-03 | std: 0.6052 | rollout: 8.190s | update: 0.308s | total: 8.498s | samples/s: 5179
Iteration 0253 | train reward: 507.82 | best: 525.06 | KL: 1.436e-03 | std: 0.6044 | rollout: 6.465s | update: 0.281s | total: 6.746s | samples/s: 6433
Iteration 0254 | train reward: 509.78 | best: 525.06 | KL: 1.681e-03 | std: 0.6060 | rollout: 7.320s | update: 0.268s | total: 7.588s | samples/s: 5836
Iteration 0255 | train reward: 509.86 | best: 525.06 | KL: 1.725e-03 | std: 0.6058 | rollout: 6.679s | update: 0.294s | total: 6.973s | samples/s: 6301
Iteration 0256 | train reward: 510.28 | best: 525.06 | KL: 1.346e-03 | std: 0.6084 | rollout: 8.951s | update: 0.272s | total: 9.223s | samples/s: 4720
Iteration 0257 | train reward: 500.15 | best: 525.06 | KL: 2.228e-03 | std: 0.6065 | rollout: 8.028s | update: 0.294s | total: 8.322s | samples/s: 5130
Iteration 0258 | train reward: 514.77 | best: 525.06 | KL: 1.791e-03 | std: 0.6068 | rollout: 10.130s | update: 0.313s | total: 10.444s | samples/s: 4193
Iteration 0259 | train reward: 511.37 | best: 525.06 | KL: 1.551e-03 | std: 0.6052 | rollout: 10.922s | update: 0.269s | total: 11.191s | samples/s: 3890
Iteration 0260 | train reward: 528.19 | best: 528.19 | KL: 3.280e-03 | std: 0.6051 | rollout: 12.219s | update: 0.306s | total: 12.525s | samples/s: 3671
Iteration 0261 | train reward: 524.75 | best: 528.19 | KL: 1.604e-03 | std: 0.6058 | rollout: 9.560s | update: 0.347s | total: 9.907s | samples/s: 4610
Iteration 0262 | train reward: 505.35 | best: 528.19 | KL: 2.059e-03 | std: 0.6050 | rollout: 7.230s | update: 0.288s | total: 7.517s | samples/s: 5723
Iteration 0263 | train reward: 505.14 | best: 528.19 | KL: 1.179e-03 | std: 0.6026 | rollout: 10.372s | update: 0.294s | total: 10.666s | samples/s: 4087
Iteration 0264 | train reward: 519.95 | best: 528.19 | KL: 1.820e-03 | std: 0.6034 | rollout: 11.831s | update: 0.291s | total: 12.122s | samples/s: 3707
Iteration 0265 | train reward: 506.69 | best: 528.19 | KL: 2.102e-03 | std: 0.6059 | rollout: 9.332s | update: 0.265s | total: 9.597s | samples/s: 4498
Iteration 0266 | train reward: 510.31 | best: 528.19 | KL: 1.518e-03 | std: 0.6067 | rollout: 9.230s | update: 0.284s | total: 9.514s | samples/s: 4643
Iteration 0267 | train reward: 524.67 | best: 528.19 | KL: 1.854e-03 | std: 0.6052 | rollout: 7.127s | update: 0.318s | total: 7.445s | samples/s: 6051
Iteration 0268 | train reward: 513.83 | best: 528.19 | KL: 1.644e-03 | std: 0.6042 | rollout: 8.308s | update: 0.279s | total: 8.587s | samples/s: 5196
Iteration 0269 | train reward: 500.66 | best: 528.19 | KL: 1.733e-03 | std: 0.6050 | rollout: 10.394s | update: 0.326s | total: 10.721s | samples/s: 3995
Iteration 0270 | train reward: 511.69 | best: 528.19 | KL: 2.365e-03 | std: 0.6068 | rollout: 13.344s | update: 0.302s | total: 13.646s | samples/s: 3203
Iteration 0271 | train reward: 519.23 | best: 528.19 | KL: 1.676e-03 | std: 0.6052 | rollout: 11.336s | update: 0.292s | total: 11.628s | samples/s: 3771
Iteration 0272 | train reward: 520.52 | best: 528.19 | KL: 1.854e-03 | std: 0.6059 | rollout: 8.762s | update: 0.307s | total: 9.070s | samples/s: 4889
Iteration 0273 | train reward: 521.56 | best: 528.19 | KL: 2.248e-03 | std: 0.6078 | rollout: 7.593s | update: 0.303s | total: 7.897s | samples/s: 5723
Iteration 0274 | train reward: 520.17 | best: 528.19 | KL: 1.855e-03 | std: 0.6078 | rollout: 13.100s | update: 0.277s | total: 13.377s | samples/s: 3333
Iteration 0275 | train reward: 519.17 | best: 528.19 | KL: 2.206e-03 | std: 0.6093 | rollout: 12.781s | update: 0.308s | total: 13.089s | samples/s: 3376
Iteration 0276 | train reward: 525.45 | best: 528.19 | KL: 1.700e-03 | std: 0.6119 | rollout: 8.628s | update: 0.292s | total: 8.920s | samples/s: 5010
Iteration 0277 | train reward: 520.38 | best: 528.19 | KL: 2.760e-03 | std: 0.6118 | rollout: 8.914s | update: 0.268s | total: 9.182s | samples/s: 4823
Iteration 0278 | train reward: 524.01 | best: 528.19 | KL: 1.713e-03 | std: 0.6118 | rollout: 11.988s | update: 0.312s | total: 12.300s | samples/s: 3654
Iteration 0279 | train reward: 516.68 | best: 528.19 | KL: 2.155e-03 | std: 0.6102 | rollout: 11.273s | update: 0.324s | total: 11.597s | samples/s: 3775
Iteration 0280 | train reward: 528.45 | best: 528.45 | KL: 1.383e-03 | std: 0.6094 | rollout: 10.900s | update: 0.281s | total: 11.181s | samples/s: 4059
Iteration 0281 | train reward: 530.62 | best: 530.62 | KL: 1.901e-03 | std: 0.6096 | rollout: 7.559s | update: 0.309s | total: 7.868s | samples/s: 5796
Iteration 0282 | train reward: 530.61 | best: 530.62 | KL: 1.889e-03 | std: 0.6110 | rollout: 8.808s | update: 0.280s | total: 9.089s | samples/s: 4943
Iteration 0283 | train reward: 530.53 | best: 530.62 | KL: 1.886e-03 | std: 0.6122 | rollout: 12.094s | update: 0.329s | total: 12.422s | samples/s: 3673
Iteration 0284 | train reward: 537.98 | best: 537.98 | KL: 2.045e-03 | std: 0.6118 | rollout: 8.660s | update: 0.317s | total: 8.977s | samples/s: 5108
Iteration 0285 | train reward: 547.57 | best: 547.57 | KL: 1.739e-03 | std: 0.6128 | rollout: 10.431s | update: 0.297s | total: 10.728s | samples/s: 4393
Iteration 0286 | train reward: 526.55 | best: 547.57 | KL: 1.540e-03 | std: 0.6128 | rollout: 9.593s | update: 0.318s | total: 9.911s | samples/s: 4478
Iteration 0287 | train reward: 533.03 | best: 547.57 | KL: 1.700e-03 | std: 0.6120 | rollout: 10.710s | update: 0.295s | total: 11.005s | samples/s: 4083
Iteration 0288 | train reward: 533.01 | best: 547.57 | KL: 2.546e-03 | std: 0.6138 | rollout: 10.668s | update: 0.298s | total: 10.966s | samples/s: 4078
Iteration 0289 | train reward: 526.02 | best: 547.57 | KL: 2.080e-03 | std: 0.6136 | rollout: 11.937s | update: 0.294s | total: 12.231s | samples/s: 3670
Iteration 0290 | train reward: 533.36 | best: 547.57 | KL: 1.389e-03 | std: 0.6138 | rollout: 7.289s | update: 0.304s | total: 7.593s | samples/s: 5885
Iteration 0291 | train reward: 531.32 | best: 547.57 | KL: 1.378e-03 | std: 0.6170 | rollout: 11.293s | update: 0.275s | total: 11.568s | samples/s: 3874
Iteration 0292 | train reward: 538.23 | best: 547.57 | KL: 2.210e-03 | std: 0.6172 | rollout: 11.511s | update: 0.295s | total: 11.806s | samples/s: 3872
Iteration 0293 | train reward: 539.72 | best: 547.57 | KL: 2.323e-03 | std: 0.6164 | rollout: 9.369s | update: 0.277s | total: 9.646s | samples/s: 4662
Iteration 0294 | train reward: 541.30 | best: 547.57 | KL: 1.781e-03 | std: 0.6156 | rollout: 7.231s | update: 0.275s | total: 7.506s | samples/s: 6043
Iteration 0295 | train reward: 544.88 | best: 547.57 | KL: 2.270e-03 | std: 0.6153 | rollout: 9.697s | update: 0.327s | total: 10.024s | samples/s: 4563
Iteration 0296 | train reward: 536.86 | best: 547.57 | KL: 2.333e-03 | std: 0.6154 | rollout: 12.429s | update: 0.280s | total: 12.708s | samples/s: 3452
Iteration 0297 | train reward: 545.74 | best: 547.57 | KL: 1.780e-03 | std: 0.6154 | rollout: 11.243s | update: 0.286s | total: 11.528s | samples/s: 3864
Iteration 0298 | train reward: 549.59 | best: 549.59 | KL: 1.887e-03 | std: 0.6146 | rollout: 11.984s | update: 0.351s | total: 12.334s | samples/s: 3631
Iteration 0299 | train reward: 531.83 | best: 549.59 | KL: 2.090e-03 | std: 0.6119 | rollout: 8.284s | update: 0.289s | total: 8.573s | samples/s: 5075
Iteration 0300 | train reward: 546.90 | best: 549.59 | KL: 1.865e-03 | std: 0.6120 | rollout: 7.541s | update: 0.277s | total: 7.818s | samples/s: 5783
Iteration 0301 | train reward: 548.60 | best: 549.59 | KL: 1.563e-03 | std: 0.6119 | rollout: 11.419s | update: 0.284s | total: 11.702s | samples/s: 3839
Iteration 0302 | train reward: 538.21 | best: 549.59 | KL: 1.746e-03 | std: 0.6078 | rollout: 13.335s | update: 0.289s | total: 13.624s | samples/s: 3187
Iteration 0303 | train reward: 543.97 | best: 549.59 | KL: 2.294e-03 | std: 0.6070 | rollout: 12.026s | update: 0.296s | total: 12.322s | samples/s: 3574
Iteration 0304 | train reward: 534.94 | best: 549.59 | KL: 1.678e-03 | std: 0.6066 | rollout: 10.928s | update: 0.311s | total: 11.238s | samples/s: 3817
Iteration 0305 | train reward: 547.22 | best: 549.59 | KL: 2.653e-03 | std: 0.6092 | rollout: 13.291s | update: 0.323s | total: 13.614s | samples/s: 3275
Iteration 0306 | train reward: 542.34 | best: 549.59 | KL: 1.701e-03 | std: 0.6078 | rollout: 8.411s | update: 0.335s | total: 8.746s | samples/s: 4999
Iteration 0307 | train reward: 538.05 | best: 549.59 | KL: 2.384e-03 | std: 0.6068 | rollout: 8.501s | update: 0.274s | total: 8.774s | samples/s: 4992
Iteration 0308 | train reward: 546.41 | best: 549.59 | KL: 2.957e-03 | std: 0.6076 | rollout: 8.157s | update: 0.269s | total: 8.426s | samples/s: 5265
Iteration 0309 | train reward: 541.62 | best: 549.59 | KL: 2.487e-03 | std: 0.6078 | rollout: 8.923s | update: 0.287s | total: 9.210s | samples/s: 4765
Iteration 0310 | train reward: 549.45 | best: 549.59 | KL: 1.564e-03 | std: 0.6083 | rollout: 7.027s | update: 0.288s | total: 7.315s | samples/s: 6069
Iteration 0311 | train reward: 550.96 | best: 550.96 | KL: 1.916e-03 | std: 0.6066 | rollout: 12.934s | update: 0.283s | total: 13.216s | samples/s: 3391
Iteration 0312 | train reward: 556.44 | best: 556.44 | KL: 2.056e-03 | std: 0.6050 | rollout: 9.944s | update: 0.306s | total: 10.250s | samples/s: 4467
Iteration 0313 | train reward: 551.47 | best: 556.44 | KL: 2.312e-03 | std: 0.6042 | rollout: 12.457s | update: 0.273s | total: 12.730s | samples/s: 3520
Iteration 0314 | train reward: 537.27 | best: 556.44 | KL: 2.251e-03 | std: 0.6050 | rollout: 12.174s | update: 0.277s | total: 12.451s | samples/s: 3464
Iteration 0315 | train reward: 544.68 | best: 556.44 | KL: 2.238e-03 | std: 0.6044 | rollout: 8.372s | update: 0.292s | total: 8.664s | samples/s: 5044
Iteration 0316 | train reward: 546.87 | best: 556.44 | KL: 2.414e-03 | std: 0.6034 | rollout: 11.737s | update: 0.302s | total: 12.039s | samples/s: 3628
Iteration 0317 | train reward: 551.13 | best: 556.44 | KL: 1.508e-03 | std: 0.6026 | rollout: 13.332s | update: 0.313s | total: 13.645s | samples/s: 3309
Iteration 0318 | train reward: 531.79 | best: 556.44 | KL: 2.222e-03 | std: 0.6025 | rollout: 12.997s | update: 0.276s | total: 13.273s | samples/s: 3204
Iteration 0319 | train reward: 529.71 | best: 556.44 | KL: 2.297e-03 | std: 0.6016 | rollout: 12.625s | update: 0.275s | total: 12.900s | samples/s: 3287
Iteration 0320 | train reward: 541.15 | best: 556.44 | KL: 3.103e-03 | std: 0.6033 | rollout: 13.210s | update: 0.326s | total: 13.536s | samples/s: 3170
Iteration 0321 | train reward: 535.21 | best: 556.44 | KL: 1.974e-03 | std: 0.6031 | rollout: 11.715s | update: 0.310s | total: 12.025s | samples/s: 3579
Iteration 0322 | train reward: 556.34 | best: 556.44 | KL: 2.632e-03 | std: 0.6039 | rollout: 12.550s | update: 0.300s | total: 12.851s | samples/s: 3480
Iteration 0323 | train reward: 542.92 | best: 556.44 | KL: 1.313e-03 | std: 0.6026 | rollout: 9.806s | update: 0.275s | total: 10.081s | samples/s: 4349
Iteration 0324 | train reward: 551.00 | best: 556.44 | KL: 2.273e-03 | std: 0.6016 | rollout: 12.491s | update: 0.304s | total: 12.795s | samples/s: 3465
Iteration 0325 | train reward: 536.85 | best: 556.44 | KL: 1.588e-03 | std: 0.6018 | rollout: 10.564s | update: 0.308s | total: 10.872s | samples/s: 3986
Iteration 0326 | train reward: 544.23 | best: 556.44 | KL: 2.058e-03 | std: 0.6024 | rollout: 9.886s | update: 0.324s | total: 10.210s | samples/s: 4237
Iteration 0327 | train reward: 548.86 | best: 556.44 | KL: 2.687e-03 | std: 0.6016 | rollout: 12.177s | update: 0.291s | total: 12.468s | samples/s: 3473
Iteration 0328 | train reward: 552.41 | best: 556.44 | KL: 2.370e-03 | std: 0.6015 | rollout: 11.629s | update: 0.267s | total: 11.897s | samples/s: 3677
Iteration 0329 | train reward: 569.20 | best: 569.20 | KL: 1.737e-03 | std: 0.6024 | rollout: 8.229s | update: 0.327s | total: 8.555s | samples/s: 5327
Iteration 0330 | train reward: 550.19 | best: 569.20 | KL: 3.559e-03 | std: 0.6026 | rollout: 11.992s | update: 0.286s | total: 12.279s | samples/s: 3583
Iteration 0331 | train reward: 555.99 | best: 569.20 | KL: 1.789e-03 | std: 0.6026 | rollout: 6.703s | update: 0.266s | total: 6.969s | samples/s: 6341
Iteration 0332 | train reward: 561.82 | best: 569.20 | KL: 1.672e-03 | std: 0.6041 | rollout: 6.253s | update: 0.326s | total: 6.579s | samples/s: 6824
Iteration 0333 | train reward: 562.06 | best: 569.20 | KL: 2.820e-03 | std: 0.6033 | rollout: 7.254s | update: 0.328s | total: 7.582s | samples/s: 5868
Iteration 0334 | train reward: 558.37 | best: 569.20 | KL: 2.065e-03 | std: 0.6016 | rollout: 12.536s | update: 0.277s | total: 12.813s | samples/s: 3431
Iteration 0335 | train reward: 555.92 | best: 569.20 | KL: 3.188e-03 | std: 0.6024 | rollout: 13.198s | update: 0.299s | total: 13.497s | samples/s: 3264
Iteration 0336 | train reward: 562.83 | best: 569.20 | KL: 2.777e-03 | std: 0.6015 | rollout: 9.160s | update: 0.313s | total: 9.472s | samples/s: 4653
Iteration 0337 | train reward: 567.96 | best: 569.20 | KL: 2.626e-03 | std: 0.6024 | rollout: 7.310s | update: 0.307s | total: 7.617s | samples/s: 5834
Iteration 0338 | train reward: 557.75 | best: 569.20 | KL: 1.890e-03 | std: 0.6018 | rollout: 10.742s | update: 0.296s | total: 11.038s | samples/s: 3957
Iteration 0339 | train reward: 570.07 | best: 570.07 | KL: 2.177e-03 | std: 0.5987 | rollout: 9.242s | update: 0.311s | total: 9.553s | samples/s: 4643
Iteration 0340 | train reward: 565.86 | best: 570.07 | KL: 3.062e-03 | std: 0.5998 | rollout: 12.794s | update: 0.276s | total: 13.070s | samples/s: 3334
Iteration 0341 | train reward: 562.60 | best: 570.07 | KL: 1.769e-03 | std: 0.5989 | rollout: 12.353s | update: 0.296s | total: 12.649s | samples/s: 3382
Iteration 0342 | train reward: 559.08 | best: 570.07 | KL: 3.077e-03 | std: 0.5998 | rollout: 10.597s | update: 0.290s | total: 10.887s | samples/s: 3912
Iteration 0343 | train reward: 560.69 | best: 570.07 | KL: 2.632e-03 | std: 0.5990 | rollout: 9.125s | update: 0.289s | total: 9.414s | samples/s: 4643
Iteration 0344 | train reward: 566.93 | best: 570.07 | KL: 2.230e-03 | std: 0.5987 | rollout: 10.798s | update: 0.307s | total: 11.104s | samples/s: 3861
Iteration 0345 | train reward: 565.57 | best: 570.07 | KL: 2.105e-03 | std: 0.5989 | rollout: 9.319s | update: 0.285s | total: 9.604s | samples/s: 4499
Iteration 0346 | train reward: 570.94 | best: 570.94 | KL: 2.532e-03 | std: 0.5992 | rollout: 9.455s | update: 0.275s | total: 9.730s | samples/s: 4501
Iteration 0347 | train reward: 566.09 | best: 570.94 | KL: 2.781e-03 | std: 0.6007 | rollout: 10.243s | update: 0.293s | total: 10.536s | samples/s: 4056
Iteration 0348 | train reward: 567.75 | best: 570.94 | KL: 1.914e-03 | std: 0.6005 | rollout: 7.103s | update: 0.310s | total: 7.413s | samples/s: 5824
Iteration 0349 | train reward: 568.89 | best: 570.94 | KL: 2.291e-03 | std: 0.5992 | rollout: 10.373s | update: 0.313s | total: 10.686s | samples/s: 4047
Iteration 0350 | train reward: 567.91 | best: 570.94 | KL: 1.917e-03 | std: 0.5999 | rollout: 10.550s | update: 0.270s | total: 10.820s | samples/s: 3964
Iteration 0351 | train reward: 568.00 | best: 570.94 | KL: 2.173e-03 | std: 0.6007 | rollout: 8.312s | update: 0.297s | total: 8.609s | samples/s: 5013
Iteration 0352 | train reward: 588.63 | best: 588.63 | KL: 2.464e-03 | std: 0.6005 | rollout: 6.963s | update: 0.301s | total: 7.264s | samples/s: 6266
Iteration 0353 | train reward: 572.43 | best: 588.63 | KL: 2.883e-03 | std: 0.6013 | rollout: 7.716s | update: 0.302s | total: 8.018s | samples/s: 5413
Iteration 0354 | train reward: 577.83 | best: 588.63 | KL: 2.382e-03 | std: 0.6015 | rollout: 8.561s | update: 0.323s | total: 8.885s | samples/s: 4925
Iteration 0355 | train reward: 576.78 | best: 588.63 | KL: 1.871e-03 | std: 0.6013 | rollout: 12.256s | update: 0.285s | total: 12.541s | samples/s: 3452
Iteration 0356 | train reward: 582.10 | best: 588.63 | KL: 2.099e-03 | std: 0.6000 | rollout: 9.763s | update: 0.286s | total: 10.049s | samples/s: 4446
Iteration 0357 | train reward: 586.42 | best: 588.63 | KL: 2.064e-03 | std: 0.6005 | rollout: 7.390s | update: 0.268s | total: 7.658s | samples/s: 5792
Iteration 0358 | train reward: 576.39 | best: 588.63 | KL: 1.650e-03 | std: 0.5998 | rollout: 6.467s | update: 0.327s | total: 6.794s | samples/s: 6450
Iteration 0359 | train reward: 580.93 | best: 588.63 | KL: 2.679e-03 | std: 0.5992 | rollout: 6.806s | update: 0.265s | total: 7.070s | samples/s: 6120
Iteration 0360 | train reward: 577.83 | best: 588.63 | KL: 3.451e-03 | std: 0.6013 | rollout: 8.065s | update: 0.267s | total: 8.333s | samples/s: 5146
Iteration 0361 | train reward: 586.44 | best: 588.63 | KL: 2.433e-03 | std: 0.6016 | rollout: 11.206s | update: 0.295s | total: 11.502s | samples/s: 3796
Iteration 0362 | train reward: 577.92 | best: 588.63 | KL: 1.855e-03 | std: 0.6024 | rollout: 12.857s | update: 0.277s | total: 13.133s | samples/s: 3262
Iteration 0363 | train reward: 579.32 | best: 588.63 | KL: 2.448e-03 | std: 0.6007 | rollout: 11.105s | update: 0.272s | total: 11.377s | samples/s: 3826
Iteration 0364 | train reward: 582.50 | best: 588.63 | KL: 1.697e-03 | std: 0.6000 | rollout: 10.483s | update: 0.310s | total: 10.794s | samples/s: 3980
Iteration 0365 | train reward: 576.87 | best: 588.63 | KL: 2.679e-03 | std: 0.6013 | rollout: 9.617s | update: 0.300s | total: 9.917s | samples/s: 4327
Iteration 0366 | train reward: 581.24 | best: 588.63 | KL: 2.567e-03 | std: 0.6000 | rollout: 7.591s | update: 0.262s | total: 7.853s | samples/s: 5511
Iteration 0367 | train reward: 581.49 | best: 588.63 | KL: 2.397e-03 | std: 0.5979 | rollout: 6.655s | update: 0.301s | total: 6.956s | samples/s: 6270
Iteration 0368 | train reward: 583.08 | best: 588.63 | KL: 1.691e-03 | std: 0.5961 | rollout: 5.827s | update: 0.281s | total: 6.108s | samples/s: 7040
Iteration 0369 | train reward: 576.00 | best: 588.63 | KL: 1.572e-03 | std: 0.5955 | rollout: 9.748s | update: 0.272s | total: 10.020s | samples/s: 4196
Iteration 0370 | train reward: 578.07 | best: 588.63 | KL: 3.110e-03 | std: 0.5961 | rollout: 7.130s | update: 0.257s | total: 7.387s | samples/s: 5789
Iteration 0371 | train reward: 573.96 | best: 588.63 | KL: 2.566e-03 | std: 0.5987 | rollout: 11.979s | update: 0.268s | total: 12.247s | samples/s: 3461
Iteration 0372 | train reward: 581.36 | best: 588.63 | KL: 2.510e-03 | std: 0.5975 | rollout: 8.708s | update: 0.280s | total: 8.988s | samples/s: 4739
Iteration 0373 | train reward: 581.80 | best: 588.63 | KL: 1.849e-03 | std: 0.5964 | rollout: 7.294s | update: 0.263s | total: 7.558s | samples/s: 5697
Iteration 0374 | train reward: 586.67 | best: 588.63 | KL: 2.334e-03 | std: 0.5981 | rollout: 8.418s | update: 0.307s | total: 8.725s | samples/s: 5007
Iteration 0375 | train reward: 579.97 | best: 588.63 | KL: 2.174e-03 | std: 0.5989 | rollout: 12.410s | update: 0.326s | total: 12.736s | samples/s: 3349
Iteration 0376 | train reward: 587.43 | best: 588.63 | KL: 4.212e-03 | std: 0.5992 | rollout: 10.027s | update: 0.284s | total: 10.310s | samples/s: 4231
Iteration 0377 | train reward: 578.33 | best: 588.63 | KL: 2.384e-03 | std: 0.5966 | rollout: 10.533s | update: 0.318s | total: 10.851s | samples/s: 3885
Iteration 0378 | train reward: 587.45 | best: 588.63 | KL: 3.767e-03 | std: 0.5979 | rollout: 11.835s | update: 0.322s | total: 12.157s | samples/s: 3594
Iteration 0379 | train reward: 580.15 | best: 588.63 | KL: 2.424e-03 | std: 0.5963 | rollout: 9.810s | update: 0.292s | total: 10.102s | samples/s: 4229
Iteration 0380 | train reward: 579.57 | best: 588.63 | KL: 3.019e-03 | std: 0.5966 | rollout: 11.767s | update: 0.298s | total: 12.065s | samples/s: 3596
Iteration 0381 | train reward: 581.13 | best: 588.63 | KL: 2.164e-03 | std: 0.5972 | rollout: 11.975s | update: 0.293s | total: 12.268s | samples/s: 3472
Iteration 0382 | train reward: 575.60 | best: 588.63 | KL: 2.856e-03 | std: 0.5963 | rollout: 11.274s | update: 0.260s | total: 11.535s | samples/s: 3649
Iteration 0383 | train reward: 572.43 | best: 588.63 | KL: 2.059e-03 | std: 0.5966 | rollout: 10.931s | update: 0.264s | total: 11.195s | samples/s: 3665
Iteration 0384 | train reward: 572.30 | best: 588.63 | KL: 2.448e-03 | std: 0.5964 | rollout: 12.109s | update: 0.255s | total: 12.363s | samples/s: 3395
Iteration 0385 | train reward: 572.55 | best: 588.63 | KL: 2.648e-03 | std: 0.5938 | rollout: 11.401s | update: 0.300s | total: 11.702s | samples/s: 3535
Iteration 0386 | train reward: 570.62 | best: 588.63 | KL: 2.262e-03 | std: 0.5921 | rollout: 12.587s | update: 0.282s | total: 12.869s | samples/s: 3197
Iteration 0387 | train reward: 574.85 | best: 588.63 | KL: 2.727e-03 | std: 0.5914 | rollout: 9.585s | update: 0.292s | total: 9.877s | samples/s: 4228
Iteration 0388 | train reward: 579.42 | best: 588.63 | KL: 1.910e-03 | std: 0.5914 | rollout: 6.982s | update: 0.298s | total: 7.280s | samples/s: 5763
Iteration 0389 | train reward: 572.87 | best: 588.63 | KL: 2.619e-03 | std: 0.5914 | rollout: 8.474s | update: 0.309s | total: 8.784s | samples/s: 4666
Iteration 0390 | train reward: 577.04 | best: 588.63 | KL: 2.671e-03 | std: 0.5928 | rollout: 10.123s | update: 0.277s | total: 10.400s | samples/s: 4002
Iteration 0391 | train reward: 572.83 | best: 588.63 | KL: 1.846e-03 | std: 0.5926 | rollout: 11.845s | update: 0.269s | total: 12.114s | samples/s: 3354
Iteration 0392 | train reward: 576.59 | best: 588.63 | KL: 1.899e-03 | std: 0.5935 | rollout: 8.548s | update: 0.259s | total: 8.806s | samples/s: 4701
Iteration 0393 | train reward: 576.54 | best: 588.63 | KL: 3.597e-03 | std: 0.5928 | rollout: 7.795s | update: 0.269s | total: 8.064s | samples/s: 5104
Iteration 0394 | train reward: 588.92 | best: 588.92 | KL: 2.514e-03 | std: 0.5935 | rollout: 8.151s | update: 0.256s | total: 8.408s | samples/s: 5038
Iteration 0395 | train reward: 574.58 | best: 588.92 | KL: 2.159e-03 | std: 0.5955 | rollout: 5.865s | update: 0.328s | total: 6.193s | samples/s: 6578
Iteration 0396 | train reward: 579.96 | best: 588.92 | KL: 2.348e-03 | std: 0.5954 | rollout: 6.726s | update: 0.302s | total: 7.028s | samples/s: 5871
Iteration 0397 | train reward: 571.50 | best: 588.92 | KL: 2.669e-03 | std: 0.5966 | rollout: 8.733s | update: 0.263s | total: 8.996s | samples/s: 4505
Iteration 0398 | train reward: 572.91 | best: 588.92 | KL: 1.437e-03 | std: 0.5987 | rollout: 8.379s | update: 0.288s | total: 8.666s | samples/s: 4653
Iteration 0399 | train reward: 570.09 | best: 588.92 | KL: 1.781e-03 | std: 0.5987 | rollout: 6.913s | update: 0.239s | total: 7.152s | samples/s: 5596
Iteration 0400 | train reward: 576.90 | best: 588.92 | KL: 2.933e-03 | std: 0.5980 | rollout: 10.882s | update: 0.266s | total: 11.148s | samples/s: 3654
Iteration 0401 | train reward: 572.84 | best: 588.92 | KL: 1.752e-03 | std: 0.6006 | rollout: 11.056s | update: 0.301s | total: 11.357s | samples/s: 3566
Iteration 0402 | train reward: 567.16 | best: 588.92 | KL: 1.762e-03 | std: 0.6013 | rollout: 11.089s | update: 0.243s | total: 11.331s | samples/s: 3509
Iteration 0403 | train reward: 574.07 | best: 588.92 | KL: 1.927e-03 | std: 0.5989 | rollout: 10.658s | update: 0.255s | total: 10.913s | samples/s: 3698
Iteration 0404 | train reward: 572.45 | best: 588.92 | KL: 1.610e-03 | std: 0.5990 | rollout: 10.582s | update: 0.241s | total: 10.823s | samples/s: 3708
Iteration 0405 | train reward: 579.72 | best: 588.92 | KL: 2.542e-03 | std: 0.6007 | rollout: 8.533s | update: 0.267s | total: 8.800s | samples/s: 4618
Iteration 0406 | train reward: 578.16 | best: 588.92 | KL: 1.253e-03 | std: 0.5990 | rollout: 8.891s | update: 0.248s | total: 9.139s | samples/s: 4422
Iteration 0407 | train reward: 574.12 | best: 588.92 | KL: 1.116e-03 | std: 0.5980 | rollout: 6.197s | update: 0.237s | total: 6.434s | samples/s: 6229
Iteration 0408 | train reward: 572.17 | best: 588.92 | KL: 2.978e-03 | std: 0.5978 | rollout: 10.762s | update: 0.242s | total: 11.003s | samples/s: 3630
Iteration 0409 | train reward: 575.88 | best: 588.92 | KL: 1.520e-03 | std: 0.6004 | rollout: 9.647s | update: 0.263s | total: 9.910s | samples/s: 4018
Iteration 0410 | train reward: 581.67 | best: 588.92 | KL: 2.313e-03 | std: 0.6006 | rollout: 7.245s | update: 0.267s | total: 7.512s | samples/s: 5464
Iteration 0411 | train reward: 577.48 | best: 588.92 | KL: 2.019e-03 | std: 0.6018 | rollout: 7.888s | update: 0.273s | total: 8.161s | samples/s: 4898
Iteration 0412 | train reward: 577.87 | best: 588.92 | KL: 2.841e-03 | std: 0.6039 | rollout: 9.804s | update: 0.253s | total: 10.057s | samples/s: 3987
Iteration 0413 | train reward: 570.01 | best: 588.92 | KL: 2.236e-03 | std: 0.6044 | rollout: 7.970s | update: 0.274s | total: 8.244s | samples/s: 4790
Iteration 0414 | train reward: 581.94 | best: 588.92 | KL: 2.880e-03 | std: 0.6039 | rollout: 10.662s | update: 0.254s | total: 10.916s | samples/s: 3742
Iteration 0415 | train reward: 566.62 | best: 588.92 | KL: 1.384e-03 | std: 0.6029 | rollout: 8.118s | update: 0.221s | total: 8.339s | samples/s: 4618
Iteration 0416 | train reward: 569.76 | best: 588.92 | KL: 1.715e-03 | std: 0.6041 | rollout: 7.698s | update: 0.240s | total: 7.938s | samples/s: 4964
Iteration 0417 | train reward: 569.76 | best: 588.92 | KL: 1.923e-03 | std: 0.6042 | rollout: 11.010s | update: 0.264s | total: 11.274s | samples/s: 3489
Iteration 0418 | train reward: 568.57 | best: 588.92 | KL: 2.174e-03 | std: 0.6065 | rollout: 8.597s | update: 0.236s | total: 8.833s | samples/s: 4449
Iteration 0419 | train reward: 572.28 | best: 588.92 | KL: 2.408e-03 | std: 0.6068 | rollout: 9.114s | update: 0.239s | total: 9.352s | samples/s: 4202
Iteration 0420 | train reward: 565.05 | best: 588.92 | KL: 1.742e-03 | std: 0.6051 | rollout: 10.959s | update: 0.225s | total: 11.184s | samples/s: 3458
Iteration 0421 | train reward: 572.30 | best: 588.92 | KL: 1.591e-03 | std: 0.6006 | rollout: 9.537s | update: 0.257s | total: 9.795s | samples/s: 4048
Iteration 0422 | train reward: 577.60 | best: 588.92 | KL: 2.117e-03 | std: 0.6013 | rollout: 7.068s | update: 0.245s | total: 7.314s | samples/s: 5473
Iteration 0423 | train reward: 571.87 | best: 588.92 | KL: 2.052e-03 | std: 0.6015 | rollout: 6.648s | update: 0.247s | total: 6.896s | samples/s: 5712
Iteration 0424 | train reward: 576.28 | best: 588.92 | KL: 1.951e-03 | std: 0.6018 | rollout: 5.424s | update: 0.244s | total: 5.668s | samples/s: 6930
Iteration 0425 | train reward: 578.64 | best: 588.92 | KL: 2.968e-03 | std: 0.6007 | rollout: 6.137s | update: 0.235s | total: 6.372s | samples/s: 6199
Iteration 0426 | train reward: 577.17 | best: 588.92 | KL: 2.520e-03 | std: 0.6013 | rollout: 6.590s | update: 0.275s | total: 6.865s | samples/s: 5727
Iteration 0427 | train reward: 575.54 | best: 588.92 | KL: 2.085e-03 | std: 0.6018 | rollout: 5.929s | update: 0.280s | total: 6.210s | samples/s: 6357
Iteration 0428 | train reward: 572.24 | best: 588.92 | KL: 1.878e-03 | std: 0.6032 | rollout: 7.806s | update: 0.255s | total: 8.060s | samples/s: 4777
Iteration 0429 | train reward: 577.82 | best: 588.92 | KL: 1.835e-03 | std: 0.6027 | rollout: 7.800s | update: 0.229s | total: 8.028s | samples/s: 4887
Iteration 0430 | train reward: 575.47 | best: 588.92 | KL: 2.524e-03 | std: 0.6019 | rollout: 9.505s | update: 0.232s | total: 9.738s | samples/s: 3960
Iteration 0431 | train reward: 575.53 | best: 588.92 | KL: 1.749e-03 | std: 0.6029 | rollout: 9.863s | update: 0.249s | total: 10.112s | samples/s: 3828
Iteration 0432 | train reward: 572.38 | best: 588.92 | KL: 1.481e-03 | std: 0.6028 | rollout: 7.009s | update: 0.243s | total: 7.253s | samples/s: 5242
Iteration 0433 | train reward: 577.49 | best: 588.92 | KL: 1.735e-03 | std: 0.6016 | rollout: 5.841s | update: 0.246s | total: 6.087s | samples/s: 6390
Iteration 0434 | train reward: 574.97 | best: 588.92 | KL: 2.529e-03 | std: 0.6016 | rollout: 5.294s | update: 0.221s | total: 5.515s | samples/s: 6984
Iteration 0435 | train reward: 577.37 | best: 588.92 | KL: 1.630e-03 | std: 0.6027 | rollout: 6.699s | update: 0.246s | total: 6.945s | samples/s: 5574
Iteration 0436 | train reward: 573.36 | best: 588.92 | KL: 1.660e-03 | std: 0.6032 | rollout: 8.483s | update: 0.219s | total: 8.702s | samples/s: 4366
Iteration 0437 | train reward: 574.02 | best: 588.92 | KL: 1.865e-03 | std: 0.6028 | rollout: 6.258s | update: 0.248s | total: 6.505s | samples/s: 5869
Iteration 0438 | train reward: 575.28 | best: 588.92 | KL: 2.311e-03 | std: 0.6032 | rollout: 5.251s | update: 0.251s | total: 5.502s | samples/s: 6930
Iteration 0439 | train reward: 579.74 | best: 588.92 | KL: 2.039e-03 | std: 0.6042 | rollout: 8.110s | update: 0.250s | total: 8.360s | samples/s: 4614
Iteration 0440 | train reward: 581.28 | best: 588.92 | KL: 1.588e-03 | std: 0.6044 | rollout: 7.718s | update: 0.230s | total: 7.948s | samples/s: 4858
Iteration 0441 | train reward: 581.60 | best: 588.92 | KL: 1.923e-03 | std: 0.6053 | rollout: 10.084s | update: 0.230s | total: 10.315s | samples/s: 3741
Iteration 0442 | train reward: 564.07 | best: 588.92 | KL: 2.486e-03 | std: 0.6042 | rollout: 7.250s | update: 0.225s | total: 7.475s | samples/s: 4957
Iteration 0443 | train reward: 578.80 | best: 588.92 | KL: 1.220e-03 | std: 0.6027 | rollout: 7.809s | update: 0.261s | total: 8.070s | samples/s: 4759
Iteration 0444 | train reward: 574.84 | best: 588.92 | KL: 1.732e-03 | std: 0.6039 | rollout: 10.449s | update: 0.239s | total: 10.688s | samples/s: 3527
Iteration 0445 | train reward: 576.55 | best: 588.92 | KL: 2.021e-03 | std: 0.6055 | rollout: 8.887s | update: 0.253s | total: 9.140s | samples/s: 4177
Iteration 0446 | train reward: 576.02 | best: 588.92 | KL: 1.952e-03 | std: 0.6052 | rollout: 10.030s | update: 0.230s | total: 10.260s | samples/s: 3716
Iteration 0447 | train reward: 574.95 | best: 588.92 | KL: 1.660e-03 | std: 0.6067 | rollout: 8.175s | update: 0.241s | total: 8.416s | samples/s: 4504
Iteration 0448 | train reward: 578.42 | best: 588.92 | KL: 1.912e-03 | std: 0.6065 | rollout: 10.286s | update: 0.259s | total: 10.544s | samples/s: 3632
Iteration 0449 | train reward: 577.20 | best: 588.92 | KL: 1.544e-03 | std: 0.6058 | rollout: 9.987s | update: 0.224s | total: 10.212s | samples/s: 3792
Iteration 0450 | train reward: 572.92 | best: 588.92 | KL: 2.066e-03 | std: 0.6080 | rollout: 7.427s | update: 0.276s | total: 7.703s | samples/s: 4938
Iteration 0451 | train reward: 576.56 | best: 588.92 | KL: 2.428e-03 | std: 0.6094 | rollout: 7.616s | update: 0.244s | total: 7.860s | samples/s: 4849
Iteration 0452 | train reward: 565.90 | best: 588.92 | KL: 1.899e-03 | std: 0.6084 | rollout: 7.490s | update: 0.223s | total: 7.713s | samples/s: 4824
Iteration 0453 | train reward: 564.42 | best: 588.92 | KL: 2.060e-03 | std: 0.6082 | rollout: 6.684s | update: 0.239s | total: 6.923s | samples/s: 5356
Iteration 0454 | train reward: 576.19 | best: 588.92 | KL: 2.153e-03 | std: 0.6065 | rollout: 8.896s | update: 0.249s | total: 9.146s | samples/s: 4119
Iteration 0455 | train reward: 581.16 | best: 588.92 | KL: 1.648e-03 | std: 0.6065 | rollout: 6.884s | update: 0.216s | total: 7.100s | samples/s: 5352
Iteration 0456 | train reward: 579.24 | best: 588.92 | KL: 2.756e-03 | std: 0.6068 | rollout: 6.883s | update: 0.266s | total: 7.148s | samples/s: 5282
Iteration 0457 | train reward: 570.85 | best: 588.92 | KL: 1.497e-03 | std: 0.6058 | rollout: 5.248s | update: 0.236s | total: 5.484s | samples/s: 6821
Iteration 0458 | train reward: 583.92 | best: 588.92 | KL: 1.658e-03 | std: 0.6054 | rollout: 5.055s | update: 0.261s | total: 5.316s | samples/s: 7163
Iteration 0459 | train reward: 575.68 | best: 588.92 | KL: 2.107e-03 | std: 0.6052 | rollout: 4.673s | update: 0.242s | total: 4.915s | samples/s: 7519
Iteration 0460 | train reward: 577.04 | best: 588.92 | KL: 1.829e-03 | std: 0.6052 | rollout: 7.321s | update: 0.262s | total: 7.583s | samples/s: 4885
Iteration 0461 | train reward: 577.92 | best: 588.92 | KL: 2.558e-03 | std: 0.6051 | rollout: 5.937s | update: 0.230s | total: 6.167s | samples/s: 5999
Iteration 0462 | train reward: 591.76 | best: 591.76 | KL: 1.590e-03 | std: 0.6045 | rollout: 6.288s | update: 0.250s | total: 6.538s | samples/s: 5841
Iteration 0463 | train reward: 582.46 | best: 591.76 | KL: 1.920e-03 | std: 0.6030 | rollout: 6.508s | update: 0.219s | total: 6.727s | samples/s: 5540
Iteration 0464 | train reward: 581.40 | best: 591.76 | KL: 2.242e-03 | std: 0.6042 | rollout: 8.006s | update: 0.233s | total: 8.238s | samples/s: 4566
Iteration 0465 | train reward: 575.31 | best: 591.76 | KL: 2.065e-03 | std: 0.6044 | rollout: 9.413s | update: 0.228s | total: 9.641s | samples/s: 3821
Iteration 0466 | train reward: 586.38 | best: 591.76 | KL: 1.247e-03 | std: 0.6055 | rollout: 10.074s | update: 0.226s | total: 10.301s | samples/s: 3666
Iteration 0467 | train reward: 569.04 | best: 591.76 | KL: 1.305e-03 | std: 0.6042 | rollout: 5.933s | update: 0.237s | total: 6.170s | samples/s: 5953
Iteration 0468 | train reward: 584.94 | best: 591.76 | KL: 1.650e-03 | std: 0.6032 | rollout: 8.801s | update: 0.242s | total: 9.043s | samples/s: 4140
Iteration 0469 | train reward: 577.08 | best: 591.76 | KL: 1.539e-03 | std: 0.6025 | rollout: 8.057s | update: 0.255s | total: 8.312s | samples/s: 4423
Iteration 0470 | train reward: 581.23 | best: 591.76 | KL: 1.338e-03 | std: 0.6028 | rollout: 8.140s | update: 0.226s | total: 8.367s | samples/s: 4428
Iteration 0471 | train reward: 582.78 | best: 591.76 | KL: 1.544e-03 | std: 0.6052 | rollout: 5.187s | update: 0.231s | total: 5.418s | samples/s: 6821
Iteration 0472 | train reward: 580.98 | best: 591.76 | KL: 2.143e-03 | std: 0.6042 | rollout: 9.364s | update: 0.246s | total: 9.611s | samples/s: 3832
Iteration 0473 | train reward: 579.71 | best: 591.76 | KL: 1.718e-03 | std: 0.6028 | rollout: 7.712s | update: 0.227s | total: 7.939s | samples/s: 4616
Iteration 0474 | train reward: 579.20 | best: 591.76 | KL: 1.214e-03 | std: 0.6018 | rollout: 6.210s | update: 0.223s | total: 6.433s | samples/s: 5687
Iteration 0475 | train reward: 577.83 | best: 591.76 | KL: 1.713e-03 | std: 0.6012 | rollout: 9.532s | update: 0.216s | total: 9.747s | samples/s: 3699
Iteration 0476 | train reward: 586.01 | best: 591.76 | KL: 1.476e-03 | std: 0.5993 | rollout: 9.981s | update: 0.208s | total: 10.189s | samples/s: 3624
Iteration 0477 | train reward: 587.62 | best: 591.76 | KL: 1.605e-03 | std: 0.6003 | rollout: 10.488s | update: 0.224s | total: 10.713s | samples/s: 3487
Iteration 0478 | train reward: 583.29 | best: 591.76 | KL: 2.099e-03 | std: 0.6000 | rollout: 9.606s | update: 0.262s | total: 9.867s | samples/s: 3727
Iteration 0479 | train reward: 575.52 | best: 591.76 | KL: 1.901e-03 | std: 0.6002 | rollout: 9.159s | update: 0.217s | total: 9.376s | samples/s: 3895
Iteration 0480 | train reward: 589.59 | best: 591.76 | KL: 2.340e-03 | std: 0.6018 | rollout: 9.146s | update: 0.240s | total: 9.386s | samples/s: 3978
Iteration 0481 | train reward: 584.24 | best: 591.76 | KL: 1.374e-03 | std: 0.6026 | rollout: 9.145s | update: 0.236s | total: 9.381s | samples/s: 3887
Iteration 0482 | train reward: 587.35 | best: 591.76 | KL: 1.029e-03 | std: 0.6015 | rollout: 8.324s | update: 0.236s | total: 8.560s | samples/s: 4301
Iteration 0483 | train reward: 586.25 | best: 591.76 | KL: 1.583e-03 | std: 0.6039 | rollout: 9.518s | update: 0.219s | total: 9.737s | samples/s: 3779
Iteration 0484 | train reward: 575.81 | best: 591.76 | KL: 1.563e-03 | std: 0.6029 | rollout: 7.872s | update: 0.205s | total: 8.078s | samples/s: 4444
Iteration 0485 | train reward: 576.21 | best: 591.76 | KL: 2.626e-03 | std: 0.6013 | rollout: 6.894s | update: 0.238s | total: 7.131s | samples/s: 5000
Iteration 0486 | train reward: 580.76 | best: 591.76 | KL: 1.558e-03 | std: 0.6018 | rollout: 7.279s | update: 0.232s | total: 7.512s | samples/s: 4791
Iteration 0487 | train reward: 583.69 | best: 591.76 | KL: 1.803e-03 | std: 0.6015 | rollout: 6.328s | update: 0.253s | total: 6.581s | samples/s: 5571
Iteration 0488 | train reward: 578.34 | best: 591.76 | KL: 2.032e-03 | std: 0.6013 | rollout: 9.246s | update: 0.207s | total: 9.453s | samples/s: 3759
Iteration 0489 | train reward: 575.56 | best: 591.76 | KL: 1.342e-03 | std: 0.6005 | rollout: 6.998s | update: 0.205s | total: 7.203s | samples/s: 4888
Iteration 0490 | train reward: 582.54 | best: 591.76 | KL: 1.843e-03 | std: 0.6006 | rollout: 6.189s | update: 0.232s | total: 6.421s | samples/s: 5607
Iteration 0491 | train reward: 582.08 | best: 591.76 | KL: 1.339e-03 | std: 0.6026 | rollout: 5.539s | update: 0.210s | total: 5.749s | samples/s: 6213
Iteration 0492 | train reward: 581.23 | best: 591.76 | KL: 2.214e-03 | std: 0.6028 | rollout: 8.937s | update: 0.265s | total: 9.202s | samples/s: 3857
Iteration 0493 | train reward: 579.88 | best: 591.76 | KL: 1.445e-03 | std: 0.6052 | rollout: 7.664s | update: 0.219s | total: 7.883s | samples/s: 4516
Iteration 0494 | train reward: 573.92 | best: 591.76 | KL: 1.222e-03 | std: 0.6044 | rollout: 4.616s | update: 0.204s | total: 4.820s | samples/s: 7279
Iteration 0495 | train reward: 580.64 | best: 591.76 | KL: 1.451e-03 | std: 0.6038 | rollout: 6.501s | update: 0.202s | total: 6.703s | samples/s: 5324
Iteration 0496 | train reward: 586.18 | best: 591.76 | KL: 1.485e-03 | std: 0.6016 | rollout: 6.035s | update: 0.197s | total: 6.233s | samples/s: 5772
Iteration 0497 | train reward: 580.65 | best: 591.76 | KL: 2.088e-03 | std: 0.6006 | rollout: 6.425s | update: 0.216s | total: 6.641s | samples/s: 5348
Iteration 0498 | train reward: 581.85 | best: 591.76 | KL: 1.287e-03 | std: 0.6000 | rollout: 6.401s | update: 0.212s | total: 6.613s | samples/s: 5408
Iteration 0499 | train reward: 578.90 | best: 591.76 | KL: 1.448e-03 | std: 0.5990 | rollout: 5.835s | update: 0.201s | total: 6.036s | samples/s: 5897
Iteration 0500 | train reward: 583.49 | best: 591.76 | KL: 1.681e-03 | std: 0.5974 | rollout: 7.751s | update: 0.270s | total: 8.021s | samples/s: 4493
Iteration 0501 | train reward: 586.34 | best: 591.76 | KL: 1.566e-03 | std: 0.5977 | rollout: 9.344s | update: 0.226s | total: 9.571s | samples/s: 3746
Iteration 0502 | train reward: 585.76 | best: 591.76 | KL: 1.716e-03 | std: 0.5973 | rollout: 8.786s | update: 0.235s | total: 9.022s | samples/s: 4000
Iteration 0503 | train reward: 577.66 | best: 591.76 | KL: 2.542e-03 | std: 0.5973 | rollout: 9.377s | update: 0.236s | total: 9.613s | samples/s: 3683
Iteration 0504 | train reward: 580.97 | best: 591.76 | KL: 1.756e-03 | std: 0.5977 | rollout: 8.612s | update: 0.238s | total: 8.850s | samples/s: 4014
Iteration 0505 | train reward: 581.15 | best: 591.76 | KL: 1.937e-03 | std: 0.5974 | rollout: 5.335s | update: 0.221s | total: 5.556s | samples/s: 6408
Iteration 0506 | train reward: 584.91 | best: 591.76 | KL: 1.283e-03 | std: 0.5960 | rollout: 4.515s | update: 0.200s | total: 4.715s | samples/s: 7654
Iteration 0507 | train reward: 589.88 | best: 591.76 | KL: 1.319e-03 | std: 0.5961 | rollout: 5.525s | update: 0.208s | total: 5.733s | samples/s: 6346
Iteration 0508 | train reward: 585.35 | best: 591.76 | KL: 9.132e-04 | std: 0.5976 | rollout: 6.501s | update: 0.217s | total: 6.718s | samples/s: 5326
Iteration 0509 | train reward: 580.52 | best: 591.76 | KL: 1.288e-03 | std: 0.5966 | rollout: 7.647s | update: 0.260s | total: 7.907s | samples/s: 4523
Iteration 0510 | train reward: 586.55 | best: 591.76 | KL: 1.325e-03 | std: 0.5963 | rollout: 7.947s | update: 0.231s | total: 8.178s | samples/s: 4399
Iteration 0511 | train reward: 582.20 | best: 591.76 | KL: 1.573e-03 | std: 0.5977 | rollout: 6.229s | update: 0.270s | total: 6.499s | samples/s: 5489
Iteration 0512 | train reward: 583.73 | best: 591.76 | KL: 1.319e-03 | std: 0.5987 | rollout: 7.383s | update: 0.236s | total: 7.619s | samples/s: 4650
Iteration 0513 | train reward: 587.40 | best: 591.76 | KL: 1.805e-03 | std: 0.5976 | rollout: 5.296s | update: 0.236s | total: 5.532s | samples/s: 6535
Iteration 0514 | train reward: 586.77 | best: 591.76 | KL: 1.641e-03 | std: 0.5979 | rollout: 5.024s | update: 0.237s | total: 5.261s | samples/s: 6872
Iteration 0515 | train reward: 583.77 | best: 591.76 | KL: 1.187e-03 | std: 0.5977 | rollout: 8.179s | update: 0.232s | total: 8.411s | samples/s: 4248
Iteration 0516 | train reward: 582.56 | best: 591.76 | KL: 1.395e-03 | std: 0.5989 | rollout: 7.751s | update: 0.210s | total: 7.961s | samples/s: 4471
Iteration 0517 | train reward: 584.78 | best: 591.76 | KL: 1.564e-03 | std: 0.5989 | rollout: 8.347s | update: 0.233s | total: 8.581s | samples/s: 4201
Iteration 0518 | train reward: 586.36 | best: 591.76 | KL: 1.888e-03 | std: 0.5964 | rollout: 7.636s | update: 0.229s | total: 7.866s | samples/s: 4554
Iteration 0519 | train reward: 582.51 | best: 591.76 | KL: 1.469e-03 | std: 0.5961 | rollout: 9.313s | update: 0.224s | total: 9.537s | samples/s: 3739
Iteration 0520 | train reward: 587.55 | best: 591.76 | KL: 1.793e-03 | std: 0.5951 | rollout: 9.639s | update: 0.235s | total: 9.874s | samples/s: 3644
Iteration 0521 | train reward: 589.69 | best: 591.76 | KL: 1.647e-03 | std: 0.5937 | rollout: 7.612s | update: 0.222s | total: 7.834s | samples/s: 4616
Iteration 0522 | train reward: 587.41 | best: 591.76 | KL: 1.503e-03 | std: 0.5914 | rollout: 9.003s | update: 0.229s | total: 9.232s | samples/s: 3887
Iteration 0523 | train reward: 582.72 | best: 591.76 | KL: 1.499e-03 | std: 0.5924 | rollout: 8.497s | update: 0.207s | total: 8.703s | samples/s: 4096
Iteration 0524 | train reward: 585.61 | best: 591.76 | KL: 1.747e-03 | std: 0.5912 | rollout: 8.623s | update: 0.223s | total: 8.846s | samples/s: 4041
Iteration 0525 | train reward: 585.40 | best: 591.76 | KL: 2.094e-03 | std: 0.5914 | rollout: 9.924s | update: 0.205s | total: 10.129s | samples/s: 3509
Iteration 0526 | train reward: 586.08 | best: 591.76 | KL: 1.240e-03 | std: 0.5914 | rollout: 8.579s | update: 0.242s | total: 8.821s | samples/s: 4091
Iteration 0527 | train reward: 587.45 | best: 591.76 | KL: 1.392e-03 | std: 0.5924 | rollout: 5.567s | update: 0.255s | total: 5.822s | samples/s: 6207
Iteration 0528 | train reward: 587.73 | best: 591.76 | KL: 1.057e-03 | std: 0.5924 | rollout: 8.050s | update: 0.295s | total: 8.345s | samples/s: 4282
Iteration 0529 | train reward: 583.02 | best: 591.76 | KL: 1.293e-03 | std: 0.5937 | rollout: 5.223s | update: 0.215s | total: 5.438s | samples/s: 6575
Iteration 0530 | train reward: 581.35 | best: 591.76 | KL: 1.119e-03 | std: 0.5951 | rollout: 6.862s | update: 0.226s | total: 7.088s | samples/s: 4980
Iteration 0531 | train reward: 580.61 | best: 591.76 | KL: 1.128e-03 | std: 0.5938 | rollout: 5.482s | update: 0.243s | total: 5.725s | samples/s: 6145
Iteration 0532 | train reward: 581.60 | best: 591.76 | KL: 1.271e-03 | std: 0.5951 | rollout: 8.947s | update: 0.215s | total: 9.162s | samples/s: 3844
Iteration 0533 | train reward: 578.13 | best: 591.76 | KL: 1.685e-03 | std: 0.5951 | rollout: 8.346s | update: 0.199s | total: 8.546s | samples/s: 4124
Iteration 0534 | train reward: 585.21 | best: 591.76 | KL: 1.607e-03 | std: 0.5966 | rollout: 8.321s | update: 0.227s | total: 8.549s | samples/s: 4194
Iteration 0535 | train reward: 578.83 | best: 591.76 | KL: 1.752e-03 | std: 0.5977 | rollout: 7.698s | update: 0.203s | total: 7.901s | samples/s: 4451
Iteration 0536 | train reward: 582.68 | best: 591.76 | KL: 1.173e-03 | std: 0.5976 | rollout: 4.732s | update: 0.209s | total: 4.941s | samples/s: 7123
Iteration 0537 | train reward: 587.38 | best: 591.76 | KL: 1.284e-03 | std: 0.5953 | rollout: 6.161s | update: 0.272s | total: 6.433s | samples/s: 5566
Iteration 0538 | train reward: 585.97 | best: 591.76 | KL: 8.688e-04 | std: 0.5950 | rollout: 6.054s | update: 0.235s | total: 6.289s | samples/s: 5583
Iteration 0539 | train reward: 579.60 | best: 591.76 | KL: 1.388e-03 | std: 0.5937 | rollout: 8.761s | update: 0.265s | total: 9.025s | samples/s: 3886
Iteration 0540 | train reward: 576.15 | best: 591.76 | KL: 1.267e-03 | std: 0.5937 | rollout: 9.339s | update: 0.212s | total: 9.551s | samples/s: 3621
Iteration 0541 | train reward: 575.15 | best: 591.76 | KL: 1.257e-03 | std: 0.5934 | rollout: 8.119s | update: 0.200s | total: 8.319s | samples/s: 4184
Iteration 0542 | train reward: 587.33 | best: 591.76 | KL: 1.791e-03 | std: 0.5940 | rollout: 8.081s | update: 0.224s | total: 8.304s | samples/s: 4254
Iteration 0543 | train reward: 585.00 | best: 591.76 | KL: 1.460e-03 | std: 0.5950 | rollout: 9.232s | update: 0.244s | total: 9.476s | samples/s: 3752
Iteration 0544 | train reward: 580.96 | best: 591.76 | KL: 1.722e-03 | std: 0.5934 | rollout: 9.150s | update: 0.214s | total: 9.364s | samples/s: 3752
Iteration 0545 | train reward: 569.29 | best: 591.76 | KL: 1.405e-03 | std: 0.5938 | rollout: 8.389s | update: 0.225s | total: 8.614s | samples/s: 3952
Iteration 0546 | train reward: 586.90 | best: 591.76 | KL: 1.974e-03 | std: 0.5938 | rollout: 7.112s | update: 0.243s | total: 7.354s | samples/s: 4818
Iteration 0547 | train reward: 582.92 | best: 591.76 | KL: 9.316e-04 | std: 0.5934 | rollout: 6.081s | update: 0.221s | total: 6.303s | samples/s: 5625
Iteration 0548 | train reward: 579.31 | best: 591.76 | KL: 1.891e-03 | std: 0.5922 | rollout: 8.569s | update: 0.231s | total: 8.801s | samples/s: 3972
Iteration 0549 | train reward: 580.37 | best: 591.76 | KL: 2.405e-03 | std: 0.5935 | rollout: 8.797s | update: 0.205s | total: 9.002s | samples/s: 3884
Iteration 0550 | train reward: 584.44 | best: 591.76 | KL: 1.553e-03 | std: 0.5948 | rollout: 9.266s | update: 0.260s | total: 9.526s | samples/s: 3726
Iteration 0551 | train reward: 581.28 | best: 591.76 | KL: 1.910e-03 | std: 0.5935 | rollout: 8.149s | update: 0.196s | total: 8.344s | samples/s: 4199
Iteration 0552 | train reward: 581.17 | best: 591.76 | KL: 1.843e-03 | std: 0.5925 | rollout: 6.223s | update: 0.202s | total: 6.425s | samples/s: 5467
Iteration 0553 | train reward: 591.09 | best: 591.76 | KL: 1.243e-03 | std: 0.5925 | rollout: 10.325s | update: 0.231s | total: 10.556s | samples/s: 3393
Iteration 0554 | train reward: 580.28 | best: 591.76 | KL: 9.450e-04 | std: 0.5937 | rollout: 5.851s | update: 0.197s | total: 6.048s | samples/s: 5759
Iteration 0555 | train reward: 575.00 | best: 591.76 | KL: 1.822e-03 | std: 0.5927 | rollout: 6.016s | update: 0.242s | total: 6.258s | samples/s: 5546
Iteration 0556 | train reward: 582.09 | best: 591.76 | KL: 1.244e-03 | std: 0.5927 | rollout: 9.017s | update: 0.205s | total: 9.222s | samples/s: 3793
Iteration 0557 | train reward: 581.62 | best: 591.76 | KL: 1.858e-03 | std: 0.5911 | rollout: 6.197s | update: 0.201s | total: 6.398s | samples/s: 5443
Iteration 0558 | train reward: 589.05 | best: 591.76 | KL: 1.669e-03 | std: 0.5902 | rollout: 4.980s | update: 0.219s | total: 5.198s | samples/s: 6821
Iteration 0559 | train reward: 582.51 | best: 591.76 | KL: 1.977e-03 | std: 0.5899 | rollout: 6.426s | update: 0.194s | total: 6.620s | samples/s: 5254
Iteration 0560 | train reward: 572.87 | best: 591.76 | KL: 1.446e-03 | std: 0.5899 | rollout: 6.682s | update: 0.203s | total: 6.884s | samples/s: 4981
Iteration 0561 | train reward: 576.50 | best: 591.76 | KL: 1.345e-03 | std: 0.5895 | rollout: 8.772s | update: 0.238s | total: 9.010s | samples/s: 3845
Iteration 0562 | train reward: 577.76 | best: 591.76 | KL: 1.408e-03 | std: 0.5898 | rollout: 8.194s | update: 0.214s | total: 8.408s | samples/s: 4079
Iteration 0563 | train reward: 577.82 | best: 591.76 | KL: 1.321e-03 | std: 0.5901 | rollout: 6.342s | update: 0.268s | total: 6.610s | samples/s: 5232
Iteration 0564 | train reward: 580.56 | best: 591.76 | KL: 1.256e-03 | std: 0.5912 | rollout: 10.762s | update: 0.274s | total: 11.036s | samples/s: 3144
Iteration 0565 | train reward: 585.22 | best: 591.76 | KL: 1.802e-03 | std: 0.5928 | rollout: 8.958s | update: 0.215s | total: 9.173s | samples/s: 3834
Iteration 0566 | train reward: 573.14 | best: 591.76 | KL: 1.366e-03 | std: 0.5925 | rollout: 5.646s | update: 0.242s | total: 5.889s | samples/s: 5783
Iteration 0567 | train reward: 580.14 | best: 591.76 | KL: 1.052e-03 | std: 0.5937 | rollout: 8.949s | update: 0.221s | total: 9.170s | samples/s: 3774
Iteration 0568 | train reward: 574.57 | best: 591.76 | KL: 1.159e-03 | std: 0.5935 | rollout: 10.260s | update: 0.269s | total: 10.529s | samples/s: 3244
Iteration 0569 | train reward: 576.42 | best: 591.76 | KL: 1.019e-03 | std: 0.5921 | rollout: 9.730s | update: 0.229s | total: 9.958s | samples/s: 3430
Iteration 0570 | train reward: 576.10 | best: 591.76 | KL: 1.965e-03 | std: 0.5924 | rollout: 9.231s | update: 0.198s | total: 9.429s | samples/s: 3604
Iteration 0571 | train reward: 577.86 | best: 591.76 | KL: 1.722e-03 | std: 0.5922 | rollout: 8.090s | update: 0.241s | total: 8.331s | samples/s: 4095
Iteration 0572 | train reward: 574.50 | best: 591.76 | KL: 1.331e-03 | std: 0.5927 | rollout: 8.531s | update: 0.201s | total: 8.732s | samples/s: 3887
Iteration 0573 | train reward: 573.88 | best: 591.76 | KL: 1.444e-03 | std: 0.5924 | rollout: 5.978s | update: 0.248s | total: 6.226s | samples/s: 5424
Iteration 0574 | train reward: 577.95 | best: 591.76 | KL: 1.178e-03 | std: 0.5935 | rollout: 5.268s | update: 0.204s | total: 5.471s | samples/s: 6259
Iteration 0575 | train reward: 570.73 | best: 591.76 | KL: 1.333e-03 | std: 0.5925 | rollout: 6.280s | update: 0.238s | total: 6.517s | samples/s: 5142
Iteration 0576 | train reward: 564.66 | best: 591.76 | KL: 1.371e-03 | std: 0.5912 | rollout: 8.524s | update: 0.218s | total: 8.743s | samples/s: 3818
Iteration 0577 | train reward: 573.50 | best: 591.76 | KL: 1.167e-03 | std: 0.5921 | rollout: 8.441s | update: 0.210s | total: 8.652s | samples/s: 3869
Iteration 0578 | train reward: 577.47 | best: 591.76 | KL: 1.064e-03 | std: 0.5912 | rollout: 8.917s | update: 0.226s | total: 9.143s | samples/s: 3715
Iteration 0579 | train reward: 570.34 | best: 591.76 | KL: 1.447e-03 | std: 0.5898 | rollout: 6.600s | update: 0.191s | total: 6.791s | samples/s: 4935
Iteration 0580 | train reward: 570.94 | best: 591.76 | KL: 1.680e-03 | std: 0.5909 | rollout: 6.995s | update: 0.231s | total: 7.226s | samples/s: 4673
Iteration 0581 | train reward: 575.80 | best: 591.76 | KL: 8.831e-04 | std: 0.5896 | rollout: 8.672s | update: 0.217s | total: 8.889s | samples/s: 3822
Iteration 0582 | train reward: 573.50 | best: 591.76 | KL: 1.222e-03 | std: 0.5898 | rollout: 5.966s | update: 0.199s | total: 6.165s | samples/s: 5491
Iteration 0583 | train reward: 573.51 | best: 591.76 | KL: 1.179e-03 | std: 0.5914 | rollout: 8.005s | update: 0.190s | total: 8.195s | samples/s: 4071
Iteration 0584 | train reward: 577.49 | best: 591.76 | KL: 1.384e-03 | std: 0.5912 | rollout: 9.224s | update: 0.226s | total: 9.451s | samples/s: 3599
Iteration 0585 | train reward: 578.87 | best: 591.76 | KL: 1.621e-03 | std: 0.5912 | rollout: 6.523s | update: 0.229s | total: 6.753s | samples/s: 5041
Iteration 0586 | train reward: 578.01 | best: 591.76 | KL: 1.509e-03 | std: 0.5924 | rollout: 4.217s | update: 0.210s | total: 4.428s | samples/s: 7634
Iteration 0587 | train reward: 572.64 | best: 591.76 | KL: 1.070e-03 | std: 0.5938 | rollout: 5.101s | update: 0.204s | total: 5.305s | samples/s: 6291
Iteration 0588 | train reward: 563.26 | best: 591.76 | KL: 2.039e-03 | std: 0.5937 | rollout: 6.998s | update: 0.228s | total: 7.225s | samples/s: 4573
Iteration 0589 | train reward: 570.48 | best: 591.76 | KL: 1.552e-03 | std: 0.5924 | rollout: 7.652s | update: 0.195s | total: 7.847s | samples/s: 4246
Iteration 0590 | train reward: 569.89 | best: 591.76 | KL: 1.230e-03 | std: 0.5928 | rollout: 7.368s | update: 0.218s | total: 7.586s | samples/s: 4359
Iteration 0591 | train reward: 564.92 | best: 591.76 | KL: 1.332e-03 | std: 0.5940 | rollout: 8.419s | update: 0.247s | total: 8.666s | samples/s: 3826
Iteration 0592 | train reward: 571.91 | best: 591.76 | KL: 1.114e-03 | std: 0.5941 | rollout: 7.650s | update: 0.193s | total: 7.843s | samples/s: 4274
Iteration 0593 | train reward: 570.23 | best: 591.76 | KL: 1.020e-03 | std: 0.5937 | rollout: 6.801s | update: 0.204s | total: 7.005s | samples/s: 4804
Iteration 0594 | train reward: 571.10 | best: 591.76 | KL: 1.028e-03 | std: 0.5948 | rollout: 4.597s | update: 0.209s | total: 4.806s | samples/s: 6940
Iteration 0595 | train reward: 564.12 | best: 591.76 | KL: 8.748e-04 | std: 0.5950 | rollout: 7.416s | update: 0.194s | total: 7.611s | samples/s: 4333
Iteration 0596 | train reward: 575.67 | best: 591.76 | KL: 1.385e-03 | std: 0.5925 | rollout: 6.094s | update: 0.203s | total: 6.297s | samples/s: 5347
Iteration 0597 | train reward: 578.16 | best: 591.76 | KL: 1.091e-03 | std: 0.5911 | rollout: 8.968s | update: 0.219s | total: 9.188s | samples/s: 3690
Iteration 0598 | train reward: 566.69 | best: 591.76 | KL: 1.053e-03 | std: 0.5902 | rollout: 9.138s | update: 0.199s | total: 9.337s | samples/s: 3555
Iteration 0599 | train reward: 573.07 | best: 591.76 | KL: 8.437e-04 | std: 0.5899 | rollout: 8.722s | update: 0.197s | total: 8.919s | samples/s: 3754
Iteration 0600 | train reward: 565.07 | best: 591.76 | KL: 1.703e-03 | std: 0.5911 | rollout: 6.434s | update: 0.189s | total: 6.623s | samples/s: 5033
Iteration 0601 | train reward: 572.89 | best: 591.76 | KL: 1.640e-03 | std: 0.5914 | rollout: 8.727s | update: 0.188s | total: 8.915s | samples/s: 3768
Iteration 0602 | train reward: 568.59 | best: 591.76 | KL: 1.157e-03 | std: 0.5924 | rollout: 7.167s | update: 0.197s | total: 7.364s | samples/s: 4499
Iteration 0603 | train reward: 568.73 | best: 591.76 | KL: 1.190e-03 | std: 0.5911 | rollout: 8.628s | update: 0.206s | total: 8.834s | samples/s: 3787
Iteration 0604 | train reward: 579.13 | best: 591.76 | KL: 1.148e-03 | std: 0.5912 | rollout: 6.912s | update: 0.191s | total: 7.103s | samples/s: 4809
Iteration 0605 | train reward: 572.83 | best: 591.76 | KL: 1.485e-03 | std: 0.5922 | rollout: 7.065s | update: 0.197s | total: 7.262s | samples/s: 4608
Iteration 0606 | train reward: 574.74 | best: 591.76 | KL: 1.211e-03 | std: 0.5925 | rollout: 9.304s | update: 0.188s | total: 9.492s | samples/s: 3530
Iteration 0607 | train reward: 572.78 | best: 591.76 | KL: 1.410e-03 | std: 0.5921 | rollout: 8.185s | update: 0.207s | total: 8.392s | samples/s: 4002
Iteration 0608 | train reward: 570.64 | best: 591.76 | KL: 1.106e-03 | std: 0.5924 | rollout: 5.900s | update: 0.221s | total: 6.121s | samples/s: 5438
Iteration 0609 | train reward: 566.38 | best: 591.76 | KL: 1.663e-03 | std: 0.5925 | rollout: 5.457s | update: 0.187s | total: 5.644s | samples/s: 5839
Iteration 0610 | train reward: 570.89 | best: 591.76 | KL: 1.438e-03 | std: 0.5925 | rollout: 5.091s | update: 0.195s | total: 5.286s | samples/s: 6274
Iteration 0611 | train reward: 568.65 | best: 591.76 | KL: 1.288e-03 | std: 0.5921 | rollout: 6.997s | update: 0.201s | total: 7.197s | samples/s: 4575
Iteration 0612 | train reward: 563.49 | best: 591.76 | KL: 9.635e-04 | std: 0.5935 | rollout: 7.235s | update: 0.189s | total: 7.425s | samples/s: 4418
Iteration 0613 | train reward: 560.11 | best: 591.76 | KL: 1.810e-03 | std: 0.5938 | rollout: 5.978s | update: 0.180s | total: 6.158s | samples/s: 5284
Iteration 0614 | train reward: 563.56 | best: 591.76 | KL: 1.036e-03 | std: 0.5938 | rollout: 5.429s | update: 0.230s | total: 5.658s | samples/s: 5788
Iteration 0615 | train reward: 567.65 | best: 591.76 | KL: 1.437e-03 | std: 0.5921 | rollout: 7.633s | update: 0.186s | total: 7.819s | samples/s: 4221
Iteration 0616 | train reward: 570.57 | best: 591.76 | KL: 1.616e-03 | std: 0.5924 | rollout: 6.325s | update: 0.209s | total: 6.534s | samples/s: 5094
Iteration 0617 | train reward: 566.97 | best: 591.76 | KL: 1.494e-03 | std: 0.5924 | rollout: 8.249s | update: 0.188s | total: 8.436s | samples/s: 3918
Iteration 0618 | train reward: 572.96 | best: 591.76 | KL: 1.230e-03 | std: 0.5912 | rollout: 8.602s | update: 0.224s | total: 8.826s | samples/s: 3774
Iteration 0619 | train reward: 561.26 | best: 591.76 | KL: 1.496e-03 | std: 0.5922 | rollout: 7.695s | update: 0.205s | total: 7.900s | samples/s: 4130
Iteration 0620 | train reward: 572.72 | best: 591.76 | KL: 1.161e-03 | std: 0.5911 | rollout: 7.640s | update: 0.209s | total: 7.849s | samples/s: 4239
Iteration 0621 | train reward: 575.28 | best: 591.76 | KL: 1.051e-03 | std: 0.5922 | rollout: 6.969s | update: 0.225s | total: 7.194s | samples/s: 4618
Iteration 0622 | train reward: 570.49 | best: 591.76 | KL: 1.101e-03 | std: 0.5922 | rollout: 7.142s | update: 0.219s | total: 7.360s | samples/s: 4467
Iteration 0623 | train reward: 569.10 | best: 591.76 | KL: 1.408e-03 | std: 0.5921 | rollout: 8.296s | update: 0.227s | total: 8.523s | samples/s: 3886
Iteration 0624 | train reward: 563.86 | best: 591.76 | KL: 1.218e-03 | std: 0.5912 | rollout: 7.844s | update: 0.197s | total: 8.041s | samples/s: 4069
Iteration 0625 | train reward: 565.72 | best: 591.76 | KL: 1.117e-03 | std: 0.5899 | rollout: 8.540s | update: 0.209s | total: 8.749s | samples/s: 3756
Iteration 0626 | train reward: 567.68 | best: 591.76 | KL: 1.057e-03 | std: 0.5898 | rollout: 5.809s | update: 0.196s | total: 6.005s | samples/s: 5523
Iteration 0627 | train reward: 570.19 | best: 591.76 | KL: 9.893e-04 | std: 0.5911 | rollout: 8.129s | update: 0.265s | total: 8.394s | samples/s: 3955
Iteration 0628 | train reward: 570.28 | best: 591.76 | KL: 1.057e-03 | std: 0.5914 | rollout: 7.318s | update: 0.196s | total: 7.514s | samples/s: 4395
Iteration 0629 | train reward: 562.65 | best: 591.76 | KL: 1.123e-03 | std: 0.5908 | rollout: 6.861s | update: 0.217s | total: 7.078s | samples/s: 4635
Iteration 0630 | train reward: 577.03 | best: 591.76 | KL: 1.481e-03 | std: 0.5909 | rollout: 7.668s | update: 0.190s | total: 7.858s | samples/s: 4281
Iteration 0631 | train reward: 570.11 | best: 591.76 | KL: 1.661e-03 | std: 0.5927 | rollout: 8.029s | update: 0.214s | total: 8.243s | samples/s: 4027
Iteration 0632 | train reward: 569.70 | best: 591.76 | KL: 1.726e-03 | std: 0.5947 | rollout: 8.486s | update: 0.236s | total: 8.722s | samples/s: 3800
Iteration 0633 | train reward: 570.19 | best: 591.76 | KL: 1.427e-03 | std: 0.5928 | rollout: 6.732s | update: 0.208s | total: 6.940s | samples/s: 4757
Iteration 0634 | train reward: 573.31 | best: 591.76 | KL: 1.142e-03 | std: 0.5934 | rollout: 6.817s | update: 0.237s | total: 7.055s | samples/s: 4688
Iteration 0635 | train reward: 574.16 | best: 591.76 | KL: 1.578e-03 | std: 0.5928 | rollout: 5.842s | update: 0.195s | total: 6.038s | samples/s: 5487
Iteration 0636 | train reward: 566.71 | best: 591.76 | KL: 1.016e-03 | std: 0.5951 | rollout: 4.971s | update: 0.183s | total: 5.154s | samples/s: 6347
Iteration 0637 | train reward: 569.42 | best: 591.76 | KL: 8.640e-04 | std: 0.5960 | rollout: 5.030s | update: 0.210s | total: 5.240s | samples/s: 6240
Iteration 0638 | train reward: 571.51 | best: 591.76 | KL: 1.230e-03 | std: 0.5950 | rollout: 8.309s | update: 0.203s | total: 8.512s | samples/s: 3874
Iteration 0639 | train reward: 568.64 | best: 591.76 | KL: 1.604e-03 | std: 0.5937 | rollout: 7.168s | update: 0.197s | total: 7.365s | samples/s: 4486
Iteration 0640 | train reward: 572.27 | best: 591.76 | KL: 1.594e-03 | std: 0.5947 | rollout: 7.903s | update: 0.240s | total: 8.143s | samples/s: 4060
Iteration 0641 | train reward: 570.62 | best: 591.76 | KL: 1.817e-03 | std: 0.5951 | rollout: 8.139s | update: 0.182s | total: 8.321s | samples/s: 3940
Iteration 0642 | train reward: 569.52 | best: 591.76 | KL: 1.455e-03 | std: 0.5960 | rollout: 6.722s | update: 0.205s | total: 6.927s | samples/s: 4733
Iteration 0643 | train reward: 567.95 | best: 591.76 | KL: 1.120e-03 | std: 0.5937 | rollout: 8.570s | update: 0.195s | total: 8.764s | samples/s: 3754
Iteration 0644 | train reward: 572.52 | best: 591.76 | KL: 1.258e-03 | std: 0.5924 | rollout: 8.535s | update: 0.202s | total: 8.737s | samples/s: 3763
Iteration 0645 | train reward: 567.79 | best: 591.76 | KL: 1.203e-03 | std: 0.5912 | rollout: 7.720s | update: 0.200s | total: 7.920s | samples/s: 4146
Iteration 0646 | train reward: 568.30 | best: 591.76 | KL: 1.135e-03 | std: 0.5908 | rollout: 7.467s | update: 0.184s | total: 7.651s | samples/s: 4267
Iteration 0647 | train reward: 570.63 | best: 591.76 | KL: 1.263e-03 | std: 0.5886 | rollout: 7.401s | update: 0.189s | total: 7.591s | samples/s: 4330
Iteration 0648 | train reward: 573.42 | best: 591.76 | KL: 1.387e-03 | std: 0.5896 | rollout: 6.591s | update: 0.192s | total: 6.783s | samples/s: 4862
Iteration 0649 | train reward: 570.14 | best: 591.76 | KL: 1.730e-03 | std: 0.5899 | rollout: 7.426s | update: 0.245s | total: 7.671s | samples/s: 4274
Iteration 0650 | train reward: 566.55 | best: 591.76 | KL: 1.042e-03 | std: 0.5885 | rollout: 8.053s | update: 0.189s | total: 8.242s | samples/s: 3998
Iteration 0651 | train reward: 568.05 | best: 591.76 | KL: 1.658e-03 | std: 0.5882 | rollout: 8.172s | update: 0.208s | total: 8.381s | samples/s: 3898
Iteration 0652 | train reward: 572.52 | best: 591.76 | KL: 1.301e-03 | std: 0.5869 | rollout: 5.378s | update: 0.187s | total: 5.565s | samples/s: 5921
Iteration 0653 | train reward: 567.15 | best: 591.76 | KL: 1.013e-03 | std: 0.5869 | rollout: 6.508s | update: 0.184s | total: 6.692s | samples/s: 4847
Iteration 0654 | train reward: 573.65 | best: 591.76 | KL: 9.136e-04 | std: 0.5873 | rollout: 5.745s | update: 0.185s | total: 5.930s | samples/s: 5579
Iteration 0655 | train reward: 567.01 | best: 591.76 | KL: 1.949e-03 | std: 0.5860 | rollout: 7.398s | update: 0.186s | total: 7.584s | samples/s: 4284
Iteration 0656 | train reward: 569.64 | best: 591.76 | KL: 1.032e-03 | std: 0.5869 | rollout: 6.922s | update: 0.218s | total: 7.140s | samples/s: 4565
Iteration 0657 | train reward: 566.88 | best: 591.76 | KL: 1.932e-03 | std: 0.5872 | rollout: 7.216s | update: 0.224s | total: 7.440s | samples/s: 4369
Iteration 0658 | train reward: 565.03 | best: 591.76 | KL: 1.532e-03 | std: 0.5875 | rollout: 8.280s | update: 0.223s | total: 8.503s | samples/s: 3815
Iteration 0659 | train reward: 569.62 | best: 591.76 | KL: 2.057e-03 | std: 0.5876 | rollout: 7.733s | update: 0.203s | total: 7.936s | samples/s: 4111
Iteration 0660 | train reward: 567.42 | best: 591.76 | KL: 1.592e-03 | std: 0.5875 | rollout: 7.721s | update: 0.236s | total: 7.957s | samples/s: 4071
Iteration 0661 | train reward: 568.65 | best: 591.76 | KL: 1.837e-03 | std: 0.5875 | rollout: 4.516s | update: 0.206s | total: 4.721s | samples/s: 6887
Iteration 0662 | train reward: 564.63 | best: 591.76 | KL: 1.823e-03 | std: 0.5869 | rollout: 8.412s | update: 0.193s | total: 8.605s | samples/s: 3750
Iteration 0663 | train reward: 566.82 | best: 591.76 | KL: 1.032e-03 | std: 0.5873 | rollout: 7.282s | update: 0.213s | total: 7.495s | samples/s: 4343
Iteration 0664 | train reward: 562.57 | best: 591.76 | KL: 1.063e-03 | std: 0.5885 | rollout: 5.507s | update: 0.202s | total: 5.709s | samples/s: 5659
Iteration 0665 | train reward: 568.50 | best: 591.76 | KL: 1.577e-03 | std: 0.5870 | rollout: 4.087s | update: 0.198s | total: 4.285s | samples/s: 7569
Iteration 0666 | train reward: 569.30 | best: 591.76 | KL: 1.504e-03 | std: 0.5869 | rollout: 4.437s | update: 0.228s | total: 4.666s | samples/s: 6945
Iteration 0667 | train reward: 566.79 | best: 591.76 | KL: 1.570e-03 | std: 0.5862 | rollout: 7.526s | update: 0.209s | total: 7.736s | samples/s: 4194
Iteration 0668 | train reward: 559.51 | best: 591.76 | KL: 1.624e-03 | std: 0.5869 | rollout: 7.286s | update: 0.188s | total: 7.474s | samples/s: 4281
Iteration 0669 | train reward: 565.58 | best: 591.76 | KL: 1.853e-03 | std: 0.5885 | rollout: 7.513s | update: 0.199s | total: 7.712s | samples/s: 4186
Iteration 0670 | train reward: 567.18 | best: 591.76 | KL: 1.462e-03 | std: 0.5882 | rollout: 6.510s | update: 0.204s | total: 6.714s | samples/s: 4808
Iteration 0671 | train reward: 564.28 | best: 591.76 | KL: 1.554e-03 | std: 0.5875 | rollout: 7.907s | update: 0.240s | total: 8.147s | samples/s: 3972
Iteration 0672 | train reward: 563.81 | best: 591.76 | KL: 1.377e-03 | std: 0.5885 | rollout: 7.181s | update: 0.190s | total: 7.371s | samples/s: 4353
Iteration 0673 | train reward: 566.05 | best: 591.76 | KL: 1.504e-03 | std: 0.5873 | rollout: 5.554s | update: 0.223s | total: 5.777s | samples/s: 5566
Iteration 0674 | train reward: 567.49 | best: 591.76 | KL: 1.362e-03 | std: 0.5885 | rollout: 4.941s | update: 0.191s | total: 5.132s | samples/s: 6291
Iteration 0675 | train reward: 565.80 | best: 591.76 | KL: 1.563e-03 | std: 0.5885 | rollout: 6.368s | update: 0.227s | total: 6.595s | samples/s: 4879
Iteration 0676 | train reward: 567.73 | best: 591.76 | KL: 1.203e-03 | std: 0.5895 | rollout: 7.578s | update: 0.209s | total: 7.786s | samples/s: 4147
Iteration 0677 | train reward: 566.48 | best: 591.76 | KL: 1.526e-03 | std: 0.5886 | rollout: 7.102s | update: 0.205s | total: 7.307s | samples/s: 4410
Iteration 0678 | train reward: 561.62 | best: 591.76 | KL: 1.668e-03 | std: 0.5895 | rollout: 6.917s | update: 0.227s | total: 7.144s | samples/s: 4471
Iteration 0679 | train reward: 563.48 | best: 591.76 | KL: 1.436e-03 | std: 0.5888 | rollout: 5.769s | update: 0.206s | total: 5.975s | samples/s: 5353
Iteration 0680 | train reward: 562.29 | best: 591.76 | KL: 1.392e-03 | std: 0.5885 | rollout: 5.360s | update: 0.192s | total: 5.552s | samples/s: 5766
Iteration 0681 | train reward: 566.08 | best: 591.76 | KL: 1.332e-03 | std: 0.5883 | rollout: 6.826s | update: 0.189s | total: 7.016s | samples/s: 4571
Iteration 0682 | train reward: 566.54 | best: 591.76 | KL: 1.552e-03 | std: 0.5876 | rollout: 7.498s | update: 0.187s | total: 7.686s | samples/s: 4198
Iteration 0683 | train reward: 568.03 | best: 591.76 | KL: 1.726e-03 | std: 0.5870 | rollout: 6.909s | update: 0.201s | total: 7.110s | samples/s: 4557
Iteration 0684 | train reward: 559.45 | best: 591.76 | KL: 1.192e-03 | std: 0.5872 | rollout: 6.076s | update: 0.192s | total: 6.269s | samples/s: 5065
Iteration 0685 | train reward: 563.73 | best: 591.76 | KL: 1.767e-03 | std: 0.5862 | rollout: 4.403s | update: 0.204s | total: 4.606s | samples/s: 7005
Iteration 0686 | train reward: 563.33 | best: 591.76 | KL: 1.390e-03 | std: 0.5869 | rollout: 7.722s | update: 0.223s | total: 7.944s | samples/s: 4045
Iteration 0687 | train reward: 567.79 | best: 591.76 | KL: 1.272e-03 | std: 0.5869 | rollout: 7.544s | update: 0.193s | total: 7.737s | samples/s: 4149
Iteration 0688 | train reward: 567.78 | best: 591.76 | KL: 9.883e-04 | std: 0.5870 | rollout: 6.372s | update: 0.199s | total: 6.571s | samples/s: 4923
Iteration 0689 | train reward: 566.50 | best: 591.76 | KL: 1.364e-03 | std: 0.5860 | rollout: 6.750s | update: 0.199s | total: 6.950s | samples/s: 4635
Iteration 0690 | train reward: 568.97 | best: 591.76 | KL: 1.497e-03 | std: 0.5872 | rollout: 5.858s | update: 0.227s | total: 6.085s | samples/s: 5315
Iteration 0691 | train reward: 568.45 | best: 591.76 | KL: 2.208e-03 | std: 0.5875 | rollout: 7.628s | update: 0.206s | total: 7.834s | samples/s: 4128
Iteration 0692 | train reward: 563.12 | best: 591.76 | KL: 1.138e-03 | std: 0.5895 | rollout: 7.580s | update: 0.196s | total: 7.776s | samples/s: 4150
Iteration 0693 | train reward: 571.75 | best: 591.76 | KL: 1.269e-03 | std: 0.5872 | rollout: 4.787s | update: 0.197s | total: 4.983s | samples/s: 6507
Iteration 0694 | train reward: 561.79 | best: 591.76 | KL: 1.529e-03 | std: 0.5872 | rollout: 3.870s | update: 0.191s | total: 4.061s | samples/s: 7852
Iteration 0695 | train reward: 564.92 | best: 591.76 | KL: 2.021e-03 | std: 0.5872 | rollout: 5.886s | update: 0.199s | total: 6.085s | samples/s: 5302
Iteration 0696 | train reward: 570.63 | best: 591.76 | KL: 1.810e-03 | std: 0.5870 | rollout: 5.888s | update: 0.193s | total: 6.081s | samples/s: 5306
Iteration 0697 | train reward: 569.85 | best: 591.76 | KL: 1.655e-03 | std: 0.5885 | rollout: 5.276s | update: 0.189s | total: 5.465s | samples/s: 5922
Iteration 0698 | train reward: 566.51 | best: 591.76 | KL: 1.665e-03 | std: 0.5869 | rollout: 6.526s | update: 0.207s | total: 6.733s | samples/s: 4769
Iteration 0699 | train reward: 569.70 | best: 591.76 | KL: 1.614e-03 | std: 0.5872 | rollout: 7.460s | update: 0.198s | total: 7.658s | samples/s: 4225
Iteration 0700 | train reward: 566.11 | best: 591.76 | KL: 1.195e-03 | std: 0.5863 | rollout: 5.606s | update: 0.191s | total: 5.797s | samples/s: 5527
Iteration 0701 | train reward: 568.37 | best: 591.76 | KL: 1.556e-03 | std: 0.5860 | rollout: 7.631s | update: 0.186s | total: 7.817s | samples/s: 4134
Iteration 0702 | train reward: 566.78 | best: 591.76 | KL: 1.317e-03 | std: 0.5876 | rollout: 8.189s | update: 0.199s | total: 8.388s | samples/s: 3850
Iteration 0703 | train reward: 569.64 | best: 591.76 | KL: 2.153e-03 | std: 0.5882 | rollout: 6.695s | update: 0.180s | total: 6.875s | samples/s: 4701
Iteration 0704 | train reward: 571.08 | best: 591.76 | KL: 1.039e-03 | std: 0.5876 | rollout: 5.044s | update: 0.226s | total: 5.270s | samples/s: 6139
Iteration 0705 | train reward: 566.56 | best: 591.76 | KL: 1.898e-03 | std: 0.5875 | rollout: 5.002s | update: 0.204s | total: 5.206s | samples/s: 6151
Iteration 0706 | train reward: 557.84 | best: 591.76 | KL: 2.471e-03 | std: 0.5895 | rollout: 6.248s | update: 0.179s | total: 6.427s | samples/s: 4945
Iteration 0707 | train reward: 562.35 | best: 591.76 | KL: 1.825e-03 | std: 0.5886 | rollout: 4.747s | update: 0.219s | total: 4.967s | samples/s: 6402
Iteration 0708 | train reward: 563.49 | best: 591.76 | KL: 1.370e-03 | std: 0.5873 | rollout: 6.284s | update: 0.212s | total: 6.496s | samples/s: 4937
Iteration 0709 | train reward: 559.27 | best: 591.76 | KL: 1.971e-03 | std: 0.5895 | rollout: 7.407s | update: 0.177s | total: 7.584s | samples/s: 4182
Iteration 0710 | train reward: 558.23 | best: 591.76 | KL: 9.888e-04 | std: 0.5875 | rollout: 7.253s | update: 0.228s | total: 7.481s | samples/s: 4240
Iteration 0711 | train reward: 561.34 | best: 591.76 | KL: 7.407e-04 | std: 0.5885 | rollout: 7.275s | update: 0.203s | total: 7.477s | samples/s: 4238
Iteration 0712 | train reward: 562.29 | best: 591.76 | KL: 1.323e-03 | std: 0.5889 | rollout: 7.143s | update: 0.187s | total: 7.330s | samples/s: 4328
Iteration 0713 | train reward: 564.20 | best: 591.76 | KL: 1.597e-03 | std: 0.5886 | rollout: 4.051s | update: 0.233s | total: 4.284s | samples/s: 7457
Iteration 0714 | train reward: 562.51 | best: 591.76 | KL: 1.428e-03 | std: 0.5875 | rollout: 3.990s | update: 0.210s | total: 4.200s | samples/s: 7588
Iteration 0715 | train reward: 560.88 | best: 591.76 | KL: 1.865e-03 | std: 0.5898 | rollout: 3.858s | update: 0.192s | total: 4.050s | samples/s: 7851
Iteration 0716 | train reward: 563.49 | best: 591.76 | KL: 1.783e-03 | std: 0.5902 | rollout: 6.807s | update: 0.186s | total: 6.993s | samples/s: 4563
Iteration 0717 | train reward: 564.85 | best: 591.76 | KL: 1.793e-03 | std: 0.5899 | rollout: 4.632s | update: 0.183s | total: 4.816s | samples/s: 6640
Iteration 0718 | train reward: 565.61 | best: 591.76 | KL: 1.739e-03 | std: 0.5886 | rollout: 4.230s | update: 0.203s | total: 4.434s | samples/s: 7190
Iteration 0719 | train reward: 559.79 | best: 591.76 | KL: 1.170e-03 | std: 0.5873 | rollout: 7.386s | update: 0.181s | total: 7.567s | samples/s: 4192
Iteration 0720 | train reward: 562.56 | best: 591.76 | KL: 1.435e-03 | std: 0.5856 | rollout: 7.844s | update: 0.189s | total: 8.033s | samples/s: 3960
Iteration 0721 | train reward: 564.47 | best: 591.76 | KL: 1.458e-03 | std: 0.5847 | rollout: 7.106s | update: 0.189s | total: 7.295s | samples/s: 4353
Iteration 0722 | train reward: 566.61 | best: 591.76 | KL: 1.676e-03 | std: 0.5857 | rollout: 7.110s | update: 0.202s | total: 7.312s | samples/s: 4362
Iteration 0723 | train reward: 564.21 | best: 591.76 | KL: 1.462e-03 | std: 0.5859 | rollout: 5.502s | update: 0.202s | total: 5.704s | samples/s: 5575
Iteration 0724 | train reward: 567.69 | best: 591.76 | KL: 2.077e-03 | std: 0.5849 | rollout: 7.975s | update: 0.179s | total: 8.154s | samples/s: 3928
Iteration 0725 | train reward: 570.39 | best: 591.76 | KL: 1.412e-03 | std: 0.5833 | rollout: 7.755s | update: 0.215s | total: 7.970s | samples/s: 4023
Iteration 0726 | train reward: 571.61 | best: 591.76 | KL: 1.830e-03 | std: 0.5821 | rollout: 7.546s | update: 0.197s | total: 7.743s | samples/s: 4152
Iteration 0727 | train reward: 563.71 | best: 591.76 | KL: 1.454e-03 | std: 0.5807 | rollout: 6.888s | update: 0.178s | total: 7.066s | samples/s: 4498
Iteration 0728 | train reward: 567.90 | best: 591.76 | KL: 1.854e-03 | std: 0.5824 | rollout: 5.294s | update: 0.228s | total: 5.522s | samples/s: 5777
Iteration 0729 | train reward: 569.53 | best: 591.76 | KL: 1.187e-03 | std: 0.5821 | rollout: 6.781s | update: 0.191s | total: 6.972s | samples/s: 4567
Iteration 0730 | train reward: 568.91 | best: 591.76 | KL: 1.223e-03 | std: 0.5830 | rollout: 4.310s | update: 0.174s | total: 4.484s | samples/s: 7075
Iteration 0731 | train reward: 564.07 | best: 591.76 | KL: 1.643e-03 | std: 0.5843 | rollout: 4.078s | update: 0.178s | total: 4.256s | samples/s: 7407
Iteration 0732 | train reward: 569.53 | best: 591.76 | KL: 1.804e-03 | std: 0.5843 | rollout: 6.320s | update: 0.195s | total: 6.515s | samples/s: 4892
Iteration 0733 | train reward: 570.57 | best: 591.76 | KL: 1.671e-03 | std: 0.5846 | rollout: 4.125s | update: 0.197s | total: 4.322s | samples/s: 7387
Iteration 0734 | train reward: 569.71 | best: 591.76 | KL: 1.391e-03 | std: 0.5862 | rollout: 5.108s | update: 0.203s | total: 5.311s | samples/s: 6006
Iteration 0735 | train reward: 566.32 | best: 591.76 | KL: 1.495e-03 | std: 0.5884 | rollout: 6.315s | update: 0.176s | total: 6.492s | samples/s: 4869
Iteration 0736 | train reward: 565.25 | best: 591.76 | KL: 1.533e-03 | std: 0.5872 | rollout: 6.105s | update: 0.206s | total: 6.311s | samples/s: 4994
Iteration 0737 | train reward: 565.00 | best: 591.76 | KL: 1.416e-03 | std: 0.5863 | rollout: 7.423s | update: 0.177s | total: 7.600s | samples/s: 4146
Iteration 0738 | train reward: 570.69 | best: 591.76 | KL: 1.567e-03 | std: 0.5859 | rollout: 7.701s | update: 0.219s | total: 7.920s | samples/s: 4017
Iteration 0739 | train reward: 560.40 | best: 591.76 | KL: 1.554e-03 | std: 0.5860 | rollout: 6.041s | update: 0.210s | total: 6.251s | samples/s: 4983
Iteration 0740 | train reward: 559.47 | best: 591.76 | KL: 1.674e-03 | std: 0.5860 | rollout: 6.502s | update: 0.191s | total: 6.692s | samples/s: 4699
Iteration 0741 | train reward: 566.16 | best: 591.76 | KL: 1.925e-03 | std: 0.5872 | rollout: 6.394s | update: 0.206s | total: 6.599s | samples/s: 4808
Iteration 0742 | train reward: 566.79 | best: 591.76 | KL: 1.580e-03 | std: 0.5876 | rollout: 6.631s | update: 0.200s | total: 6.831s | samples/s: 4631
Iteration 0743 | train reward: 563.87 | best: 591.76 | KL: 1.710e-03 | std: 0.5885 | rollout: 5.862s | update: 0.195s | total: 6.057s | samples/s: 5207
Iteration 0744 | train reward: 567.78 | best: 591.76 | KL: 1.098e-03 | std: 0.5869 | rollout: 6.111s | update: 0.215s | total: 6.326s | samples/s: 4981
Iteration 0745 | train reward: 565.94 | best: 591.76 | KL: 1.573e-03 | std: 0.5869 | rollout: 6.514s | update: 0.197s | total: 6.711s | samples/s: 4687
Iteration 0746 | train reward: 569.41 | best: 591.76 | KL: 1.362e-03 | std: 0.5863 | rollout: 8.182s | update: 0.215s | total: 8.397s | samples/s: 3768
Iteration 0747 | train reward: 561.92 | best: 591.76 | KL: 1.245e-03 | std: 0.5872 | rollout: 7.250s | update: 0.213s | total: 7.463s | samples/s: 4192
Iteration 0748 | train reward: 562.60 | best: 591.76 | KL: 1.459e-03 | std: 0.5889 | rollout: 6.246s | update: 0.184s | total: 6.430s | samples/s: 4860
Iteration 0749 | train reward: 563.28 | best: 591.76 | KL: 1.483e-03 | std: 0.5885 | rollout: 6.811s | update: 0.192s | total: 7.003s | samples/s: 4471
Iteration 0750 | train reward: 561.08 | best: 591.76 | KL: 1.465e-03 | std: 0.5899 | rollout: 5.764s | update: 0.186s | total: 5.950s | samples/s: 5250
Iteration 0751 | train reward: 561.22 | best: 591.76 | KL: 1.536e-03 | std: 0.5899 | rollout: 8.053s | update: 0.202s | total: 8.255s | samples/s: 3770
Iteration 0752 | train reward: 565.19 | best: 591.76 | KL: 1.203e-03 | std: 0.5901 | rollout: 5.566s | update: 0.178s | total: 5.743s | samples/s: 5452
Iteration 0753 | train reward: 562.61 | best: 591.76 | KL: 1.472e-03 | std: 0.5911 | rollout: 6.721s | update: 0.183s | total: 6.904s | samples/s: 4511
Iteration 0754 | train reward: 562.97 | best: 591.76 | KL: 1.172e-03 | std: 0.5888 | rollout: 6.103s | update: 0.195s | total: 6.299s | samples/s: 4952
Iteration 0755 | train reward: 555.65 | best: 591.76 | KL: 1.602e-03 | std: 0.5911 | rollout: 3.595s | update: 0.189s | total: 3.784s | samples/s: 8193
Iteration 0756 | train reward: 556.55 | best: 591.76 | KL: 1.576e-03 | std: 0.5911 | rollout: 5.620s | update: 0.189s | total: 5.808s | samples/s: 5303
Iteration 0757 | train reward: 558.59 | best: 591.76 | KL: 2.071e-03 | std: 0.5908 | rollout: 6.686s | update: 0.174s | total: 6.859s | samples/s: 4524
Iteration 0758 | train reward: 560.22 | best: 591.76 | KL: 1.265e-03 | std: 0.5912 | rollout: 6.730s | update: 0.181s | total: 6.910s | samples/s: 4475
Iteration 0759 | train reward: 564.21 | best: 591.76 | KL: 1.178e-03 | std: 0.5925 | rollout: 5.108s | update: 0.177s | total: 5.285s | samples/s: 5884
Iteration 0760 | train reward: 567.38 | best: 591.76 | KL: 1.049e-03 | std: 0.5925 | rollout: 4.944s | update: 0.194s | total: 5.137s | samples/s: 6104
Iteration 0761 | train reward: 561.78 | best: 591.76 | KL: 1.585e-03 | std: 0.5928 | rollout: 4.383s | update: 0.177s | total: 4.560s | samples/s: 6816
Iteration 0762 | train reward: 560.73 | best: 591.76 | KL: 1.701e-03 | std: 0.5941 | rollout: 4.450s | update: 0.176s | total: 4.627s | samples/s: 6707
Iteration 0763 | train reward: 564.94 | best: 591.76 | KL: 1.904e-03 | std: 0.5950 | rollout: 5.488s | update: 0.226s | total: 5.714s | samples/s: 5456
Iteration 0764 | train reward: 562.79 | best: 591.76 | KL: 1.104e-03 | std: 0.5951 | rollout: 6.986s | update: 0.171s | total: 7.157s | samples/s: 4348
Iteration 0765 | train reward: 568.27 | best: 591.76 | KL: 1.496e-03 | std: 0.5937 | rollout: 7.887s | update: 0.225s | total: 8.113s | samples/s: 3877
Iteration 0766 | train reward: 563.99 | best: 591.76 | KL: 1.249e-03 | std: 0.5921 | rollout: 7.569s | update: 0.217s | total: 7.785s | samples/s: 4007
Iteration 0767 | train reward: 564.20 | best: 591.76 | KL: 1.861e-03 | std: 0.5915 | rollout: 6.506s | update: 0.189s | total: 6.695s | samples/s: 4637
Iteration 0768 | train reward: 562.10 | best: 591.76 | KL: 1.252e-03 | std: 0.5922 | rollout: 6.204s | update: 0.177s | total: 6.381s | samples/s: 4872
Iteration 0769 | train reward: 567.86 | best: 591.76 | KL: 1.542e-03 | std: 0.5921 | rollout: 7.468s | update: 0.228s | total: 7.697s | samples/s: 4072
Iteration 0770 | train reward: 564.62 | best: 591.76 | KL: 1.717e-03 | std: 0.5911 | rollout: 7.178s | update: 0.190s | total: 7.369s | samples/s: 4224
Iteration 0771 | train reward: 570.54 | best: 591.76 | KL: 1.408e-03 | std: 0.5902 | rollout: 6.377s | update: 0.173s | total: 6.550s | samples/s: 4816
Iteration 0772 | train reward: 572.34 | best: 591.76 | KL: 1.286e-03 | std: 0.5908 | rollout: 5.515s | update: 0.187s | total: 5.702s | samples/s: 5523
Iteration 0773 | train reward: 565.02 | best: 591.76 | KL: 1.408e-03 | std: 0.5911 | rollout: 7.354s | update: 0.211s | total: 7.565s | samples/s: 4120
Iteration 0774 | train reward: 563.48 | best: 591.76 | KL: 1.325e-03 | std: 0.5898 | rollout: 8.043s | update: 0.209s | total: 8.252s | samples/s: 3793
Iteration 0775 | train reward: 564.53 | best: 591.76 | KL: 1.124e-03 | std: 0.5899 | rollout: 6.984s | update: 0.186s | total: 7.170s | samples/s: 4327
Iteration 0776 | train reward: 569.31 | best: 591.76 | KL: 1.369e-03 | std: 0.5882 | rollout: 4.507s | update: 0.194s | total: 4.702s | samples/s: 6681
Iteration 0777 | train reward: 561.69 | best: 591.76 | KL: 1.399e-03 | std: 0.5876 | rollout: 5.486s | update: 0.230s | total: 5.716s | samples/s: 5428
Iteration 0778 | train reward: 570.91 | best: 591.76 | KL: 1.448e-03 | std: 0.5863 | rollout: 7.396s | update: 0.196s | total: 7.592s | samples/s: 4140
Iteration 0779 | train reward: 568.91 | best: 591.76 | KL: 1.497e-03 | std: 0.5856 | rollout: 9.334s | update: 0.205s | total: 9.539s | samples/s: 3292
Iteration 0780 | train reward: 559.76 | best: 591.76 | KL: 1.944e-03 | std: 0.5856 | rollout: 7.409s | update: 0.192s | total: 7.601s | samples/s: 4068
Iteration 0781 | train reward: 564.54 | best: 591.76 | KL: 1.837e-03 | std: 0.5847 | rollout: 5.238s | update: 0.190s | total: 5.428s | samples/s: 5726
Iteration 0782 | train reward: 566.11 | best: 591.76 | KL: 1.236e-03 | std: 0.5836 | rollout: 6.540s | update: 0.218s | total: 6.758s | samples/s: 4589
Iteration 0783 | train reward: 558.99 | best: 591.76 | KL: 1.453e-03 | std: 0.5834 | rollout: 6.656s | update: 0.170s | total: 6.826s | samples/s: 4500
Iteration 0784 | train reward: 563.91 | best: 591.76 | KL: 1.274e-03 | std: 0.5820 | rollout: 7.435s | update: 0.185s | total: 7.621s | samples/s: 4073
Iteration 0785 | train reward: 559.46 | best: 591.76 | KL: 1.763e-03 | std: 0.5807 | rollout: 7.271s | update: 0.208s | total: 7.480s | samples/s: 4124
Iteration 0786 | train reward: 570.31 | best: 591.76 | KL: 1.223e-03 | std: 0.5803 | rollout: 6.573s | update: 0.201s | total: 6.774s | samples/s: 4639
Iteration 0787 | train reward: 569.91 | best: 591.76 | KL: 1.075e-03 | std: 0.5790 | rollout: 5.415s | update: 0.208s | total: 5.622s | samples/s: 5564
Iteration 0788 | train reward: 567.95 | best: 591.76 | KL: 1.209e-03 | std: 0.5782 | rollout: 7.611s | update: 0.195s | total: 7.806s | samples/s: 4005
Iteration 0789 | train reward: 565.15 | best: 591.76 | KL: 2.027e-03 | std: 0.5794 | rollout: 7.131s | update: 0.199s | total: 7.330s | samples/s: 4251
Iteration 0790 | train reward: 565.78 | best: 591.76 | KL: 1.571e-03 | std: 0.5785 | rollout: 5.662s | update: 0.179s | total: 5.841s | samples/s: 5303
Iteration 0791 | train reward: 565.34 | best: 591.76 | KL: 1.483e-03 | std: 0.5794 | rollout: 4.098s | update: 0.189s | total: 4.288s | samples/s: 7253
Iteration 0792 | train reward: 562.28 | best: 591.76 | KL: 1.632e-03 | std: 0.5781 | rollout: 4.949s | update: 0.181s | total: 5.131s | samples/s: 6004
Iteration 0793 | train reward: 569.66 | best: 591.76 | KL: 1.314e-03 | std: 0.5767 | rollout: 6.606s | update: 0.195s | total: 6.801s | samples/s: 4569
Iteration 0794 | train reward: 567.49 | best: 591.76 | KL: 1.280e-03 | std: 0.5777 | rollout: 6.818s | update: 0.208s | total: 7.027s | samples/s: 4460
Iteration 0795 | train reward: 571.16 | best: 591.76 | KL: 1.594e-03 | std: 0.5778 | rollout: 6.146s | update: 0.193s | total: 6.339s | samples/s: 4941
Iteration 0796 | train reward: 570.22 | best: 591.76 | KL: 1.596e-03 | std: 0.5772 | rollout: 7.699s | update: 0.179s | total: 7.877s | samples/s: 3958
Iteration 0797 | train reward: 562.53 | best: 591.76 | KL: 1.190e-03 | std: 0.5780 | rollout: 6.450s | update: 0.195s | total: 6.645s | samples/s: 4647
Iteration 0798 | train reward: 560.06 | best: 591.76 | KL: 1.758e-03 | std: 0.5784 | rollout: 8.347s | update: 0.200s | total: 8.547s | samples/s: 3611
Iteration 0799 | train reward: 574.24 | best: 591.76 | KL: 1.476e-03 | std: 0.5781 | rollout: 6.648s | update: 0.194s | total: 6.842s | samples/s: 4599
Iteration 0800 | train reward: 570.92 | best: 591.76 | KL: 1.676e-03 | std: 0.5794 | rollout: 8.149s | update: 0.220s | total: 8.369s | samples/s: 3727
Iteration 0801 | train reward: 569.49 | best: 591.76 | KL: 1.520e-03 | std: 0.5781 | rollout: 7.365s | update: 0.228s | total: 7.593s | samples/s: 4092
Iteration 0802 | train reward: 572.98 | best: 591.76 | KL: 1.999e-03 | std: 0.5780 | rollout: 7.032s | update: 0.172s | total: 7.204s | samples/s: 4338
Iteration 0803 | train reward: 564.72 | best: 591.76 | KL: 1.731e-03 | std: 0.5771 | rollout: 7.500s | update: 0.193s | total: 7.693s | samples/s: 4050
Iteration 0804 | train reward: 560.14 | best: 591.76 | KL: 2.003e-03 | std: 0.5795 | rollout: 7.180s | update: 0.185s | total: 7.365s | samples/s: 4176
Iteration 0805 | train reward: 568.92 | best: 591.76 | KL: 1.531e-03 | std: 0.5777 | rollout: 8.537s | update: 0.219s | total: 8.756s | samples/s: 3554
Iteration 0806 | train reward: 576.82 | best: 591.76 | KL: 1.506e-03 | std: 0.5767 | rollout: 6.527s | update: 0.185s | total: 6.712s | samples/s: 4674
Iteration 0807 | train reward: 580.18 | best: 591.76 | KL: 1.680e-03 | std: 0.5765 | rollout: 4.375s | update: 0.188s | total: 4.563s | samples/s: 6909
Iteration 0808 | train reward: 578.69 | best: 591.76 | KL: 1.990e-03 | std: 0.5758 | rollout: 8.628s | update: 0.203s | total: 8.831s | samples/s: 3579
Iteration 0809 | train reward: 574.89 | best: 591.76 | KL: 1.293e-03 | std: 0.5759 | rollout: 7.853s | update: 0.223s | total: 8.075s | samples/s: 3875
Iteration 0810 | train reward: 576.04 | best: 591.76 | KL: 1.846e-03 | std: 0.5759 | rollout: 7.954s | update: 0.193s | total: 8.146s | samples/s: 3878
Iteration 0811 | train reward: 577.18 | best: 591.76 | KL: 1.102e-03 | std: 0.5765 | rollout: 6.636s | update: 0.203s | total: 6.839s | samples/s: 4635
Iteration 0812 | train reward: 587.83 | best: 591.76 | KL: 1.429e-03 | std: 0.5746 | rollout: 9.356s | update: 0.216s | total: 9.571s | samples/s: 3353
Iteration 0813 | train reward: 573.05 | best: 591.76 | KL: 1.443e-03 | std: 0.5755 | rollout: 7.568s | update: 0.240s | total: 7.808s | samples/s: 4016
Iteration 0814 | train reward: 584.61 | best: 591.76 | KL: 1.427e-03 | std: 0.5752 | rollout: 9.646s | update: 0.258s | total: 9.904s | samples/s: 3229
Iteration 0815 | train reward: 590.99 | best: 591.76 | KL: 1.254e-03 | std: 0.5755 | rollout: 8.967s | update: 0.238s | total: 9.206s | samples/s: 3491
Iteration 0816 | train reward: 592.71 | best: 592.71 | KL: 1.319e-03 | std: 0.5755 | rollout: 10.798s | update: 0.205s | total: 11.003s | samples/s: 2952
Iteration 0817 | train reward: 584.09 | best: 592.71 | KL: 1.696e-03 | std: 0.5754 | rollout: 8.484s | update: 0.234s | total: 8.717s | samples/s: 3686
Iteration 0818 | train reward: 586.76 | best: 592.71 | KL: 1.637e-03 | std: 0.5746 | rollout: 8.599s | update: 0.206s | total: 8.804s | samples/s: 3658
Iteration 0819 | train reward: 609.25 | best: 609.25 | KL: 1.691e-03 | std: 0.5742 | rollout: 8.355s | update: 0.250s | total: 8.605s | samples/s: 3908
Iteration 0820 | train reward: 582.05 | best: 609.25 | KL: 1.644e-03 | std: 0.5730 | rollout: 10.362s | update: 0.237s | total: 10.599s | samples/s: 3016
Iteration 0821 | train reward: 595.54 | best: 609.25 | KL: 1.400e-03 | std: 0.5738 | rollout: 9.986s | update: 0.231s | total: 10.217s | samples/s: 3193
Iteration 0822 | train reward: 596.60 | best: 609.25 | KL: 1.332e-03 | std: 0.5728 | rollout: 11.210s | update: 0.220s | total: 11.429s | samples/s: 2866
Iteration 0823 | train reward: 608.51 | best: 609.25 | KL: 1.646e-03 | std: 0.5730 | rollout: 11.121s | update: 0.207s | total: 11.328s | samples/s: 2937
Iteration 0824 | train reward: 611.53 | best: 611.53 | KL: 1.650e-03 | std: 0.5716 | rollout: 11.483s | update: 0.222s | total: 11.704s | samples/s: 2866
Iteration 0825 | train reward: 592.95 | best: 611.53 | KL: 1.499e-03 | std: 0.5719 | rollout: 9.797s | update: 0.207s | total: 10.005s | samples/s: 3252
Iteration 0826 | train reward: 620.14 | best: 620.14 | KL: 2.125e-03 | std: 0.5713 | rollout: 11.927s | update: 0.221s | total: 12.148s | samples/s: 2831
Iteration 0827 | train reward: 591.02 | best: 620.14 | KL: 1.338e-03 | std: 0.5703 | rollout: 8.237s | update: 0.211s | total: 8.448s | samples/s: 3830
Iteration 0828 | train reward: 592.48 | best: 620.14 | KL: 1.304e-03 | std: 0.5706 | rollout: 6.159s | update: 0.199s | total: 6.358s | samples/s: 5083
Iteration 0829 | train reward: 624.54 | best: 624.54 | KL: 1.600e-03 | std: 0.5716 | rollout: 7.461s | update: 0.213s | total: 7.674s | samples/s: 4463
Iteration 0830 | train reward: 594.21 | best: 624.54 | KL: 2.056e-03 | std: 0.5733 | rollout: 9.883s | update: 0.210s | total: 10.094s | samples/s: 3233
Iteration 0831 | train reward: 612.05 | best: 624.54 | KL: 1.667e-03 | std: 0.5729 | rollout: 9.617s | update: 0.214s | total: 9.831s | samples/s: 3428
Iteration 0832 | train reward: 602.82 | best: 624.54 | KL: 1.444e-03 | std: 0.5726 | rollout: 9.980s | update: 0.232s | total: 10.212s | samples/s: 3224
Iteration 0833 | train reward: 604.81 | best: 624.54 | KL: 1.313e-03 | std: 0.5726 | rollout: 7.734s | update: 0.248s | total: 7.982s | samples/s: 4154
Iteration 0834 | train reward: 625.53 | best: 625.53 | KL: 1.201e-03 | std: 0.5707 | rollout: 11.305s | update: 0.220s | total: 11.525s | samples/s: 2984
Iteration 0835 | train reward: 608.23 | best: 625.53 | KL: 1.625e-03 | std: 0.5704 | rollout: 6.840s | update: 0.212s | total: 7.052s | samples/s: 4714
Iteration 0836 | train reward: 614.88 | best: 625.53 | KL: 1.885e-03 | std: 0.5715 | rollout: 7.118s | update: 0.202s | total: 7.320s | samples/s: 4614
Iteration 0837 | train reward: 648.49 | best: 648.49 | KL: 1.463e-03 | std: 0.5694 | rollout: 8.604s | update: 0.225s | total: 8.830s | samples/s: 4067
Iteration 0838 | train reward: 643.55 | best: 648.49 | KL: 1.249e-03 | std: 0.5690 | rollout: 10.550s | update: 0.236s | total: 10.786s | samples/s: 3250
Iteration 0839 | train reward: 648.89 | best: 648.89 | KL: 2.051e-03 | std: 0.5687 | rollout: 9.824s | update: 0.238s | total: 10.062s | samples/s: 3592
Iteration 0840 | train reward: 650.60 | best: 650.60 | KL: 2.000e-03 | std: 0.5694 | rollout: 11.088s | update: 0.226s | total: 11.315s | samples/s: 3171
Iteration 0841 | train reward: 661.32 | best: 661.32 | KL: 1.686e-03 | std: 0.5726 | rollout: 8.985s | update: 0.251s | total: 9.236s | samples/s: 3961
Iteration 0842 | train reward: 645.65 | best: 661.32 | KL: 1.666e-03 | std: 0.5706 | rollout: 7.893s | update: 0.225s | total: 8.117s | samples/s: 4392
Iteration 0843 | train reward: 624.95 | best: 661.32 | KL: 1.520e-03 | std: 0.5713 | rollout: 6.330s | update: 0.223s | total: 6.553s | samples/s: 5223
Iteration 0844 | train reward: 675.18 | best: 675.18 | KL: 1.993e-03 | std: 0.5716 | rollout: 10.187s | update: 0.227s | total: 10.414s | samples/s: 3584
Iteration 0845 | train reward: 659.65 | best: 675.18 | KL: 1.262e-03 | std: 0.5716 | rollout: 9.630s | update: 0.218s | total: 9.849s | samples/s: 3705
Iteration 0846 | train reward: 683.89 | best: 683.89 | KL: 1.856e-03 | std: 0.5728 | rollout: 9.150s | update: 0.240s | total: 9.390s | samples/s: 4053
Iteration 0847 | train reward: 672.52 | best: 683.89 | KL: 1.745e-03 | std: 0.5732 | rollout: 6.727s | update: 0.234s | total: 6.961s | samples/s: 5363
Iteration 0848 | train reward: 662.03 | best: 683.89 | KL: 1.753e-03 | std: 0.5741 | rollout: 7.926s | update: 0.232s | total: 8.158s | samples/s: 4483
Iteration 0849 | train reward: 712.09 | best: 712.09 | KL: 2.105e-03 | std: 0.5745 | rollout: 6.982s | update: 0.234s | total: 7.216s | samples/s: 5510
Iteration 0850 | train reward: 721.42 | best: 721.42 | KL: 2.218e-03 | std: 0.5741 | rollout: 6.577s | update: 0.243s | total: 6.820s | samples/s: 5870
Iteration 0851 | train reward: 712.60 | best: 721.42 | KL: 1.338e-03 | std: 0.5732 | rollout: 7.560s | update: 0.240s | total: 7.800s | samples/s: 5069
Iteration 0852 | train reward: 719.62 | best: 721.42 | KL: 1.686e-03 | std: 0.5726 | rollout: 7.872s | update: 0.237s | total: 8.109s | samples/s: 4974
Iteration 0853 | train reward: 714.36 | best: 721.42 | KL: 2.255e-03 | std: 0.5729 | rollout: 6.965s | update: 0.263s | total: 7.228s | samples/s: 5476
Iteration 0854 | train reward: 737.52 | best: 737.52 | KL: 1.654e-03 | std: 0.5752 | rollout: 9.546s | update: 0.259s | total: 9.805s | samples/s: 4230
Iteration 0855 | train reward: 739.78 | best: 739.78 | KL: 1.631e-03 | std: 0.5719 | rollout: 11.480s | update: 0.285s | total: 11.766s | samples/s: 3504
Iteration 0856 | train reward: 756.27 | best: 756.27 | KL: 1.816e-03 | std: 0.5740 | rollout: 9.165s | update: 0.266s | total: 9.431s | samples/s: 4497
Iteration 0857 | train reward: 744.18 | best: 756.27 | KL: 1.762e-03 | std: 0.5757 | rollout: 7.390s | update: 0.272s | total: 7.663s | samples/s: 5473
Iteration 0858 | train reward: 737.49 | best: 756.27 | KL: 1.920e-03 | std: 0.5765 | rollout: 12.482s | update: 0.260s | total: 12.742s | samples/s: 3213
Iteration 0859 | train reward: 797.91 | best: 797.91 | KL: 2.055e-03 | std: 0.5770 | rollout: 10.899s | update: 0.305s | total: 11.204s | samples/s: 3993
Iteration 0860 | train reward: 791.80 | best: 797.91 | KL: 1.674e-03 | std: 0.5764 | rollout: 11.648s | update: 0.269s | total: 11.917s | samples/s: 3690
Iteration 0861 | train reward: 842.90 | best: 842.90 | KL: 2.361e-03 | std: 0.5766 | rollout: 11.167s | update: 0.301s | total: 11.467s | samples/s: 4153
Iteration 0862 | train reward: 795.24 | best: 842.90 | KL: 1.779e-03 | std: 0.5770 | rollout: 12.178s | update: 0.290s | total: 12.468s | samples/s: 3563
Iteration 0863 | train reward: 824.53 | best: 842.90 | KL: 2.125e-03 | std: 0.5773 | rollout: 12.592s | update: 0.311s | total: 12.902s | samples/s: 3595
Iteration 0864 | train reward: 879.56 | best: 879.56 | KL: 2.846e-03 | std: 0.5779 | rollout: 11.616s | update: 0.319s | total: 11.935s | samples/s: 4143
Iteration 0865 | train reward: 861.35 | best: 879.56 | KL: 2.112e-03 | std: 0.5758 | rollout: 11.464s | update: 0.299s | total: 11.763s | samples/s: 4102
Iteration 0866 | train reward: 872.40 | best: 879.56 | KL: 2.152e-03 | std: 0.5755 | rollout: 9.832s | update: 0.303s | total: 10.135s | samples/s: 4812
Iteration 0867 | train reward: 854.91 | best: 879.56 | KL: 2.835e-03 | std: 0.5721 | rollout: 10.433s | update: 0.334s | total: 10.767s | samples/s: 4405
Iteration 0868 | train reward: 865.93 | best: 879.56 | KL: 2.526e-03 | std: 0.5729 | rollout: 8.141s | update: 0.328s | total: 8.469s | samples/s: 5708
Iteration 0869 | train reward: 921.07 | best: 921.07 | KL: 2.103e-03 | std: 0.5722 | rollout: 6.376s | update: 0.395s | total: 6.771s | samples/s: 7637
Iteration 0870 | train reward: 931.19 | best: 931.19 | KL: 2.985e-03 | std: 0.5730 | rollout: 7.753s | update: 0.352s | total: 8.105s | samples/s: 6527
Iteration 0871 | train reward: 899.22 | best: 931.19 | KL: 2.366e-03 | std: 0.5730 | rollout: 11.559s | update: 0.327s | total: 11.886s | samples/s: 4258
Iteration 0872 | train reward: 955.15 | best: 955.15 | KL: 2.634e-03 | std: 0.5729 | rollout: 7.076s | update: 0.352s | total: 7.428s | samples/s: 7197
Iteration 0873 | train reward: 956.65 | best: 956.65 | KL: 2.318e-03 | std: 0.5729 | rollout: 7.662s | update: 0.377s | total: 8.039s | samples/s: 6610
Iteration 0874 | train reward: 964.50 | best: 964.50 | KL: 2.232e-03 | std: 0.5710 | rollout: 12.811s | update: 0.372s | total: 13.182s | samples/s: 4091
Iteration 0875 | train reward: 953.93 | best: 964.50 | KL: 2.098e-03 | std: 0.5712 | rollout: 12.310s | update: 0.371s | total: 12.680s | samples/s: 4232
Iteration 0876 | train reward: 938.78 | best: 964.50 | KL: 2.596e-03 | std: 0.5720 | rollout: 12.953s | update: 0.350s | total: 13.303s | samples/s: 3909
Iteration 0877 | train reward: 939.79 | best: 964.50 | KL: 3.035e-03 | std: 0.5720 | rollout: 9.662s | update: 0.363s | total: 10.025s | samples/s: 5264
Iteration 0878 | train reward: 956.92 | best: 964.50 | KL: 1.930e-03 | std: 0.5701 | rollout: 11.888s | update: 0.379s | total: 12.267s | samples/s: 4355
Iteration 0879 | train reward: 1013.15 | best: 1013.15 | KL: 2.578e-03 | std: 0.5677 | rollout: 11.838s | update: 0.349s | total: 12.187s | samples/s: 4644
Iteration 0880 | train reward: 1010.55 | best: 1013.15 | KL: 3.100e-03 | std: 0.5675 | rollout: 9.752s | update: 0.357s | total: 10.109s | samples/s: 5526
Iteration 0881 | train reward: 1005.23 | best: 1013.15 | KL: 2.682e-03 | std: 0.5677 | rollout: 9.830s | update: 0.368s | total: 10.198s | samples/s: 5504
Iteration 0882 | train reward: 1029.58 | best: 1029.58 | KL: 2.426e-03 | std: 0.5670 | rollout: 9.489s | update: 0.357s | total: 9.845s | samples/s: 5812
Iteration 0883 | train reward: 987.07 | best: 1029.58 | KL: 2.683e-03 | std: 0.5696 | rollout: 11.236s | update: 0.321s | total: 11.558s | samples/s: 4696
Iteration 0884 | train reward: 1004.09 | best: 1029.58 | KL: 2.742e-03 | std: 0.5696 | rollout: 12.666s | update: 0.399s | total: 13.065s | samples/s: 4229
Iteration 0885 | train reward: 1017.24 | best: 1029.58 | KL: 1.998e-03 | std: 0.5675 | rollout: 11.367s | update: 0.397s | total: 11.764s | samples/s: 4746
Iteration 0886 | train reward: 1051.26 | best: 1051.26 | KL: 2.992e-03 | std: 0.5695 | rollout: 12.155s | update: 0.377s | total: 12.532s | samples/s: 4607
Iteration 0887 | train reward: 1038.64 | best: 1051.26 | KL: 2.384e-03 | std: 0.5675 | rollout: 13.248s | update: 0.359s | total: 13.606s | samples/s: 4127
Iteration 0888 | train reward: 1021.70 | best: 1051.26 | KL: 2.438e-03 | std: 0.5670 | rollout: 11.751s | update: 0.360s | total: 12.111s | samples/s: 4608
Iteration 0889 | train reward: 1037.10 | best: 1051.26 | KL: 2.663e-03 | std: 0.5653 | rollout: 13.168s | update: 0.389s | total: 13.557s | samples/s: 4162
Iteration 0890 | train reward: 1048.95 | best: 1051.26 | KL: 2.084e-03 | std: 0.5653 | rollout: 11.477s | update: 0.341s | total: 11.818s | samples/s: 4796
Iteration 0891 | train reward: 1041.15 | best: 1051.26 | KL: 2.521e-03 | std: 0.5686 | rollout: 6.601s | update: 0.413s | total: 7.015s | samples/s: 8014
Iteration 0892 | train reward: 1058.96 | best: 1058.96 | KL: 2.276e-03 | std: 0.5685 | rollout: 12.916s | update: 0.384s | total: 13.299s | samples/s: 4312
Iteration 0893 | train reward: 1070.46 | best: 1070.46 | KL: 2.219e-03 | std: 0.5677 | rollout: 12.659s | update: 0.410s | total: 13.069s | samples/s: 4420
Iteration 0894 | train reward: 1026.54 | best: 1070.46 | KL: 2.357e-03 | std: 0.5678 | rollout: 11.126s | update: 0.370s | total: 11.496s | samples/s: 4753
Iteration 0895 | train reward: 1054.10 | best: 1070.46 | KL: 2.297e-03 | std: 0.5701 | rollout: 12.026s | update: 0.332s | total: 12.358s | samples/s: 4580
Iteration 0896 | train reward: 1043.71 | best: 1070.46 | KL: 2.288e-03 | std: 0.5686 | rollout: 10.772s | update: 0.388s | total: 11.160s | samples/s: 4997
Iteration 0897 | train reward: 1077.17 | best: 1077.17 | KL: 2.687e-03 | std: 0.5670 | rollout: 13.041s | update: 0.353s | total: 13.394s | samples/s: 4314
Iteration 0898 | train reward: 1090.83 | best: 1090.83 | KL: 2.560e-03 | std: 0.5669 | rollout: 13.011s | update: 0.387s | total: 13.397s | samples/s: 4358
Iteration 0899 | train reward: 1126.96 | best: 1126.96 | KL: 2.336e-03 | std: 0.5677 | rollout: 9.457s | update: 0.457s | total: 9.914s | samples/s: 6071
Iteration 0900 | train reward: 1079.11 | best: 1126.96 | KL: 2.395e-03 | std: 0.5669 | rollout: 10.560s | update: 0.372s | total: 10.933s | samples/s: 5235
Iteration 0901 | train reward: 1117.78 | best: 1126.96 | KL: 2.222e-03 | std: 0.5669 | rollout: 7.829s | update: 0.384s | total: 8.213s | samples/s: 7291
Iteration 0902 | train reward: 1097.53 | best: 1126.96 | KL: 2.202e-03 | std: 0.5649 | rollout: 8.039s | update: 0.379s | total: 8.418s | samples/s: 6997
Iteration 0903 | train reward: 1080.59 | best: 1126.96 | KL: 2.308e-03 | std: 0.5653 | rollout: 8.760s | update: 0.389s | total: 9.149s | samples/s: 6313
Iteration 0904 | train reward: 1082.23 | best: 1126.96 | KL: 1.962e-03 | std: 0.5653 | rollout: 7.790s | update: 0.346s | total: 8.136s | samples/s: 7071
Iteration 0905 | train reward: 1085.06 | best: 1126.96 | KL: 3.759e-03 | std: 0.5651 | rollout: 13.605s | update: 0.423s | total: 14.028s | samples/s: 4142
Iteration 0906 | train reward: 1106.80 | best: 1126.96 | KL: 3.044e-03 | std: 0.5643 | rollout: 11.884s | update: 0.397s | total: 12.281s | samples/s: 4822
Iteration 0907 | train reward: 1063.57 | best: 1126.96 | KL: 2.062e-03 | std: 0.5632 | rollout: 11.012s | update: 0.441s | total: 11.453s | samples/s: 4917
Iteration 0908 | train reward: 1074.46 | best: 1126.96 | KL: 2.571e-03 | std: 0.5623 | rollout: 11.341s | update: 0.359s | total: 11.701s | samples/s: 4818
Iteration 0909 | train reward: 1066.57 | best: 1126.96 | KL: 2.333e-03 | std: 0.5606 | rollout: 10.141s | update: 0.368s | total: 10.509s | samples/s: 5303
Iteration 0910 | train reward: 1049.24 | best: 1126.96 | KL: 2.290e-03 | std: 0.5592 | rollout: 12.256s | update: 0.337s | total: 12.593s | samples/s: 4377
Iteration 0911 | train reward: 1097.16 | best: 1126.96 | KL: 2.851e-03 | std: 0.5573 | rollout: 9.360s | update: 0.383s | total: 9.743s | samples/s: 5872
Iteration 0912 | train reward: 1080.99 | best: 1126.96 | KL: 2.698e-03 | std: 0.5564 | rollout: 9.147s | update: 0.332s | total: 9.479s | samples/s: 5917
Iteration 0913 | train reward: 1117.67 | best: 1126.96 | KL: 2.334e-03 | std: 0.5549 | rollout: 12.662s | update: 0.343s | total: 13.005s | samples/s: 4435
Iteration 0914 | train reward: 1074.53 | best: 1126.96 | KL: 3.106e-03 | std: 0.5554 | rollout: 12.935s | update: 0.381s | total: 13.316s | samples/s: 4207
Iteration 0915 | train reward: 1106.17 | best: 1126.96 | KL: 2.575e-03 | std: 0.5547 | rollout: 9.668s | update: 0.367s | total: 10.036s | samples/s: 5662
Iteration 0916 | train reward: 1107.27 | best: 1126.96 | KL: 2.459e-03 | std: 0.5540 | rollout: 8.778s | update: 0.387s | total: 9.165s | samples/s: 6260
Iteration 0917 | train reward: 1095.68 | best: 1126.96 | KL: 2.147e-03 | std: 0.5521 | rollout: 7.567s | update: 0.361s | total: 7.929s | samples/s: 7176
Iteration 0918 | train reward: 1126.94 | best: 1126.96 | KL: 1.964e-03 | std: 0.5523 | rollout: 11.556s | update: 0.356s | total: 11.913s | samples/s: 4831
Iteration 0919 | train reward: 1097.56 | best: 1126.96 | KL: 2.326e-03 | std: 0.5571 | rollout: 6.700s | update: 0.334s | total: 7.035s | samples/s: 8008
Iteration 0920 | train reward: 1146.76 | best: 1146.76 | KL: 2.703e-03 | std: 0.5573 | rollout: 7.063s | update: 0.394s | total: 7.458s | samples/s: 7882
Iteration 0921 | train reward: 1153.55 | best: 1153.55 | KL: 1.991e-03 | std: 0.5575 | rollout: 6.886s | update: 0.367s | total: 7.253s | samples/s: 8169
Iteration 0922 | train reward: 1151.73 | best: 1153.55 | KL: 3.094e-03 | std: 0.5566 | rollout: 8.917s | update: 0.409s | total: 9.326s | samples/s: 6329
Iteration 0923 | train reward: 1121.06 | best: 1153.55 | KL: 2.834e-03 | std: 0.5547 | rollout: 13.093s | update: 0.389s | total: 13.482s | samples/s: 4291
Iteration 0924 | train reward: 1185.61 | best: 1185.61 | KL: 3.122e-03 | std: 0.5554 | rollout: 10.416s | update: 0.443s | total: 10.858s | samples/s: 5564
Iteration 0925 | train reward: 1156.31 | best: 1185.61 | KL: 2.087e-03 | std: 0.5547 | rollout: 13.126s | update: 0.407s | total: 13.533s | samples/s: 4336
Iteration 0926 | train reward: 1143.49 | best: 1185.61 | KL: 2.413e-03 | std: 0.5554 | rollout: 11.687s | update: 0.425s | total: 12.111s | samples/s: 4805
Iteration 0927 | train reward: 1148.48 | best: 1185.61 | KL: 2.385e-03 | std: 0.5573 | rollout: 13.462s | update: 0.396s | total: 13.858s | samples/s: 4229
Iteration 0928 | train reward: 1141.90 | best: 1185.61 | KL: 2.183e-03 | std: 0.5575 | rollout: 12.470s | update: 0.361s | total: 12.831s | samples/s: 4452
Iteration 0929 | train reward: 1154.19 | best: 1185.61 | KL: 2.172e-03 | std: 0.5580 | rollout: 12.771s | update: 0.404s | total: 13.175s | samples/s: 4418
Iteration 0930 | train reward: 1150.50 | best: 1185.61 | KL: 2.827e-03 | std: 0.5549 | rollout: 13.170s | update: 0.396s | total: 13.566s | samples/s: 4264
Iteration 0931 | train reward: 1174.17 | best: 1185.61 | KL: 2.962e-03 | std: 0.5555 | rollout: 9.089s | update: 0.355s | total: 9.444s | samples/s: 6236
Iteration 0932 | train reward: 1162.70 | best: 1185.61 | KL: 2.696e-03 | std: 0.5564 | rollout: 12.859s | update: 0.368s | total: 13.227s | samples/s: 4356
Iteration 0933 | train reward: 1160.81 | best: 1185.61 | KL: 2.480e-03 | std: 0.5573 | rollout: 12.485s | update: 0.363s | total: 12.848s | samples/s: 4503
Iteration 0934 | train reward: 1162.06 | best: 1185.61 | KL: 2.508e-03 | std: 0.5556 | rollout: 12.356s | update: 0.339s | total: 12.694s | samples/s: 4584
Iteration 0935 | train reward: 1164.60 | best: 1185.61 | KL: 2.077e-03 | std: 0.5573 | rollout: 11.589s | update: 0.407s | total: 11.996s | samples/s: 4804
Iteration 0936 | train reward: 1182.32 | best: 1185.61 | KL: 2.760e-03 | std: 0.5579 | rollout: 12.815s | update: 0.379s | total: 13.194s | samples/s: 4433
Iteration 0937 | train reward: 1159.17 | best: 1185.61 | KL: 2.214e-03 | std: 0.5554 | rollout: 12.565s | update: 0.341s | total: 12.906s | samples/s: 4481
Iteration 0938 | train reward: 1180.42 | best: 1185.61 | KL: 1.760e-03 | std: 0.5566 | rollout: 11.926s | update: 0.356s | total: 12.282s | samples/s: 4791
Iteration 0939 | train reward: 1168.65 | best: 1185.61 | KL: 3.472e-03 | std: 0.5549 | rollout: 10.764s | update: 0.383s | total: 11.147s | samples/s: 5181
Iteration 0940 | train reward: 1139.74 | best: 1185.61 | KL: 3.076e-03 | std: 0.5530 | rollout: 12.199s | update: 0.343s | total: 12.542s | samples/s: 4572
Iteration 0941 | train reward: 1144.48 | best: 1185.61 | KL: 2.407e-03 | std: 0.5504 | rollout: 13.639s | update: 0.356s | total: 13.995s | samples/s: 4043
Iteration 0942 | train reward: 1167.01 | best: 1185.61 | KL: 2.922e-03 | std: 0.5520 | rollout: 9.972s | update: 0.365s | total: 10.337s | samples/s: 5619
Iteration 0943 | train reward: 1163.29 | best: 1185.61 | KL: 2.226e-03 | std: 0.5523 | rollout: 10.016s | update: 0.351s | total: 10.367s | samples/s: 5568
Iteration 0944 | train reward: 1136.40 | best: 1185.61 | KL: 2.395e-03 | std: 0.5513 | rollout: 9.632s | update: 0.349s | total: 9.981s | samples/s: 5661
Iteration 0945 | train reward: 1159.21 | best: 1185.61 | KL: 2.660e-03 | std: 0.5495 | rollout: 12.128s | update: 0.358s | total: 12.486s | samples/s: 4594
Iteration 0946 | train reward: 1165.47 | best: 1185.61 | KL: 2.931e-03 | std: 0.5504 | rollout: 12.493s | update: 0.351s | total: 12.844s | samples/s: 4512
Iteration 0947 | train reward: 1187.51 | best: 1187.51 | KL: 2.528e-03 | std: 0.5503 | rollout: 11.033s | update: 0.368s | total: 11.401s | samples/s: 5161
Iteration 0948 | train reward: 1165.05 | best: 1187.51 | KL: 2.501e-03 | std: 0.5495 | rollout: 7.093s | update: 0.378s | total: 7.471s | samples/s: 7725
Iteration 0949 | train reward: 1175.78 | best: 1187.51 | KL: 3.813e-03 | std: 0.5477 | rollout: 6.554s | update: 0.358s | total: 6.912s | samples/s: 8342
Iteration 0950 | train reward: 1166.02 | best: 1187.51 | KL: 2.477e-03 | std: 0.5471 | rollout: 6.621s | update: 0.391s | total: 7.012s | samples/s: 8270
Iteration 0951 | train reward: 1178.72 | best: 1187.51 | KL: 2.375e-03 | std: 0.5477 | rollout: 10.027s | update: 0.406s | total: 10.434s | samples/s: 5636
Iteration 0952 | train reward: 1175.81 | best: 1187.51 | KL: 3.200e-03 | std: 0.5450 | rollout: 13.066s | update: 0.358s | total: 13.424s | samples/s: 4329
Iteration 0953 | train reward: 1162.39 | best: 1187.51 | KL: 2.324e-03 | std: 0.5462 | rollout: 12.315s | update: 0.348s | total: 12.663s | samples/s: 4551
Iteration 0954 | train reward: 1133.63 | best: 1187.51 | KL: 2.336e-03 | std: 0.5459 | rollout: 12.462s | update: 0.412s | total: 12.874s | samples/s: 4309
Iteration 0955 | train reward: 1186.81 | best: 1187.51 | KL: 3.157e-03 | std: 0.5450 | rollout: 11.446s | update: 0.368s | total: 11.814s | samples/s: 4964
Iteration 0956 | train reward: 1149.95 | best: 1187.51 | KL: 2.777e-03 | std: 0.5469 | rollout: 12.258s | update: 0.383s | total: 12.642s | samples/s: 4426
Iteration 0957 | train reward: 1183.79 | best: 1187.51 | KL: 2.801e-03 | std: 0.5467 | rollout: 12.341s | update: 0.394s | total: 12.734s | samples/s: 4543
Iteration 0958 | train reward: 1197.65 | best: 1197.65 | KL: 2.937e-03 | std: 0.5445 | rollout: 10.936s | update: 0.364s | total: 11.299s | samples/s: 5167
Iteration 0959 | train reward: 1165.06 | best: 1197.65 | KL: 2.711e-03 | std: 0.5441 | rollout: 11.925s | update: 0.420s | total: 12.345s | samples/s: 4649
Iteration 0960 | train reward: 1178.48 | best: 1197.65 | KL: 2.197e-03 | std: 0.5460 | rollout: 11.248s | update: 0.381s | total: 11.628s | samples/s: 4925
Iteration 0961 | train reward: 1174.69 | best: 1197.65 | KL: 3.608e-03 | std: 0.5466 | rollout: 8.266s | update: 0.399s | total: 8.664s | samples/s: 6596
Iteration 0962 | train reward: 1155.53 | best: 1197.65 | KL: 2.610e-03 | std: 0.5450 | rollout: 10.556s | update: 0.334s | total: 10.890s | samples/s: 5120
Iteration 0963 | train reward: 1155.89 | best: 1197.65 | KL: 3.404e-03 | std: 0.5460 | rollout: 12.327s | update: 0.368s | total: 12.694s | samples/s: 4442
Iteration 0964 | train reward: 1197.45 | best: 1197.65 | KL: 2.565e-03 | std: 0.5452 | rollout: 10.878s | update: 0.359s | total: 11.237s | samples/s: 5166
Iteration 0965 | train reward: 1159.10 | best: 1197.65 | KL: 2.973e-03 | std: 0.5462 | rollout: 11.155s | update: 0.364s | total: 11.519s | samples/s: 4870
Iteration 0966 | train reward: 1167.04 | best: 1197.65 | KL: 2.801e-03 | std: 0.5419 | rollout: 13.252s | update: 0.381s | total: 13.632s | samples/s: 4170
Iteration 0967 | train reward: 1187.12 | best: 1197.65 | KL: 2.898e-03 | std: 0.5417 | rollout: 11.965s | update: 0.408s | total: 12.374s | samples/s: 4657
Iteration 0968 | train reward: 1222.25 | best: 1222.25 | KL: 3.332e-03 | std: 0.5408 | rollout: 11.898s | update: 0.388s | total: 12.286s | samples/s: 4828
Iteration 0969 | train reward: 1192.38 | best: 1222.25 | KL: 2.821e-03 | std: 0.5366 | rollout: 10.410s | update: 0.381s | total: 10.791s | samples/s: 5339
Iteration 0970 | train reward: 1177.65 | best: 1222.25 | KL: 3.310e-03 | std: 0.5356 | rollout: 11.082s | update: 0.371s | total: 11.454s | samples/s: 4985
Iteration 0971 | train reward: 1197.93 | best: 1222.25 | KL: 2.936e-03 | std: 0.5340 | rollout: 9.362s | update: 0.390s | total: 9.752s | samples/s: 5969
Iteration 0972 | train reward: 1203.06 | best: 1222.25 | KL: 3.266e-03 | std: 0.5341 | rollout: 10.175s | update: 0.378s | total: 10.554s | samples/s: 5518
Iteration 0973 | train reward: 1212.63 | best: 1222.25 | KL: 2.693e-03 | std: 0.5329 | rollout: 9.952s | update: 0.362s | total: 10.314s | samples/s: 5720
Iteration 0974 | train reward: 1215.00 | best: 1222.25 | KL: 3.406e-03 | std: 0.5312 | rollout: 10.013s | update: 0.357s | total: 10.371s | samples/s: 5654
Iteration 0975 | train reward: 1237.39 | best: 1237.39 | KL: 3.186e-03 | std: 0.5305 | rollout: 8.200s | update: 0.358s | total: 8.558s | samples/s: 6987
Iteration 0976 | train reward: 1239.52 | best: 1239.52 | KL: 2.758e-03 | std: 0.5294 | rollout: 12.632s | update: 0.411s | total: 13.043s | samples/s: 4642
Iteration 0977 | train reward: 1222.15 | best: 1239.52 | KL: 3.342e-03 | std: 0.5306 | rollout: 11.138s | update: 0.366s | total: 11.504s | samples/s: 5179
Iteration 0978 | train reward: 1212.43 | best: 1239.52 | KL: 3.201e-03 | std: 0.5294 | rollout: 10.105s | update: 0.389s | total: 10.494s | samples/s: 5604
Iteration 0979 | train reward: 1208.38 | best: 1239.52 | KL: 2.710e-03 | std: 0.5288 | rollout: 12.376s | update: 0.401s | total: 12.777s | samples/s: 4598
Iteration 0980 | train reward: 1203.58 | best: 1239.52 | KL: 3.100e-03 | std: 0.5287 | rollout: 9.492s | update: 0.344s | total: 9.836s | samples/s: 5940
Iteration 0981 | train reward: 1228.41 | best: 1239.52 | KL: 2.535e-03 | std: 0.5286 | rollout: 9.324s | update: 0.377s | total: 9.700s | samples/s: 6077
Iteration 0982 | train reward: 1245.23 | best: 1245.23 | KL: 2.876e-03 | std: 0.5285 | rollout: 10.619s | update: 0.362s | total: 10.981s | samples/s: 5436
Iteration 0983 | train reward: 1208.55 | best: 1245.23 | KL: 2.836e-03 | std: 0.5286 | rollout: 10.465s | update: 0.367s | total: 10.833s | samples/s: 5409
Iteration 0984 | train reward: 1215.32 | best: 1245.23 | KL: 2.217e-03 | std: 0.5267 | rollout: 12.582s | update: 0.379s | total: 12.961s | samples/s: 4528
Iteration 0985 | train reward: 1243.27 | best: 1245.23 | KL: 2.563e-03 | std: 0.5253 | rollout: 9.737s | update: 0.412s | total: 10.149s | samples/s: 5881
Iteration 0986 | train reward: 1231.26 | best: 1245.23 | KL: 2.956e-03 | std: 0.5268 | rollout: 10.785s | update: 0.428s | total: 11.213s | samples/s: 5298
Iteration 0987 | train reward: 1221.46 | best: 1245.23 | KL: 2.564e-03 | std: 0.5289 | rollout: 7.371s | update: 0.356s | total: 7.728s | samples/s: 7650
Iteration 0988 | train reward: 1230.21 | best: 1245.23 | KL: 2.641e-03 | std: 0.5306 | rollout: 12.806s | update: 0.403s | total: 13.209s | samples/s: 4493
Iteration 0989 | train reward: 1214.83 | best: 1245.23 | KL: 2.828e-03 | std: 0.5293 | rollout: 10.091s | update: 0.375s | total: 10.467s | samples/s: 5640
Iteration 0990 | train reward: 1219.34 | best: 1245.23 | KL: 3.419e-03 | std: 0.5312 | rollout: 9.670s | update: 0.387s | total: 10.056s | samples/s: 5858
Iteration 0991 | train reward: 1239.56 | best: 1245.23 | KL: 3.365e-03 | std: 0.5311 | rollout: 12.958s | update: 0.357s | total: 13.315s | samples/s: 4469
Iteration 0992 | train reward: 1230.72 | best: 1245.23 | KL: 2.589e-03 | std: 0.5330 | rollout: 13.279s | update: 0.397s | total: 13.677s | samples/s: 4336
Iteration 0993 | train reward: 1238.37 | best: 1245.23 | KL: 2.473e-03 | std: 0.5337 | rollout: 12.485s | update: 0.368s | total: 12.853s | samples/s: 4629
Iteration 0994 | train reward: 1250.42 | best: 1250.42 | KL: 2.587e-03 | std: 0.5339 | rollout: 13.327s | update: 0.388s | total: 13.715s | samples/s: 4369
Iteration 0995 | train reward: 1260.32 | best: 1260.32 | KL: 2.799e-03 | std: 0.5345 | rollout: 9.148s | update: 0.399s | total: 9.547s | samples/s: 6333
Iteration 0996 | train reward: 1239.47 | best: 1260.32 | KL: 2.911e-03 | std: 0.5339 | rollout: 7.731s | update: 0.391s | total: 8.122s | samples/s: 7353
Iteration 0997 | train reward: 1228.36 | best: 1260.32 | KL: 2.684e-03 | std: 0.5340 | rollout: 9.993s | update: 0.387s | total: 10.380s | samples/s: 5704
Iteration 0998 | train reward: 1197.92 | best: 1260.32 | KL: 2.278e-03 | std: 0.5341 | rollout: 13.127s | update: 0.363s | total: 13.490s | samples/s: 4255
Iteration 0999 | train reward: 1249.70 | best: 1260.32 | KL: 2.445e-03 | std: 0.5356 | rollout: 11.528s | update: 0.398s | total: 11.926s | samples/s: 5004
Iteration 1000 | train reward: 1233.30 | best: 1260.32 | KL: 2.306e-03 | std: 0.5345 | rollout: 12.030s | update: 0.418s | total: 12.448s | samples/s: 4726
Iteration 1001 | train reward: 1215.81 | best: 1260.32 | KL: 2.875e-03 | std: 0.5337 | rollout: 10.477s | update: 0.367s | total: 10.844s | samples/s: 5336
Iteration 1002 | train reward: 1253.59 | best: 1260.32 | KL: 2.308e-03 | std: 0.5346 | rollout: 11.007s | update: 0.408s | total: 11.415s | samples/s: 5237
Iteration 1003 | train reward: 1233.13 | best: 1260.32 | KL: 2.996e-03 | std: 0.5339 | rollout: 11.235s | update: 0.352s | total: 11.587s | samples/s: 5076
Iteration 1004 | train reward: 1227.80 | best: 1260.32 | KL: 2.647e-03 | std: 0.5337 | rollout: 12.325s | update: 0.391s | total: 12.716s | samples/s: 4597
Iteration 1005 | train reward: 1215.69 | best: 1260.32 | KL: 2.755e-03 | std: 0.5340 | rollout: 10.464s | update: 0.416s | total: 10.880s | samples/s: 5339
Iteration 1006 | train reward: 1236.77 | best: 1260.32 | KL: 4.148e-03 | std: 0.5340 | rollout: 10.946s | update: 0.371s | total: 11.316s | samples/s: 5219
Iteration 1007 | train reward: 1231.95 | best: 1260.32 | KL: 2.375e-03 | std: 0.5330 | rollout: 8.077s | update: 0.390s | total: 8.468s | samples/s: 7009
Iteration 1008 | train reward: 1259.07 | best: 1260.32 | KL: 3.284e-03 | std: 0.5313 | rollout: 7.874s | update: 0.371s | total: 8.245s | samples/s: 7282
Iteration 1009 | train reward: 1264.19 | best: 1264.19 | KL: 3.980e-03 | std: 0.5311 | rollout: 10.678s | update: 0.358s | total: 11.036s | samples/s: 5452
Iteration 1010 | train reward: 1236.11 | best: 1264.19 | KL: 1.963e-03 | std: 0.5310 | rollout: 11.612s | update: 0.360s | total: 11.972s | samples/s: 4937
Iteration 1011 | train reward: 1228.78 | best: 1264.19 | KL: 3.253e-03 | std: 0.5293 | rollout: 11.950s | update: 0.383s | total: 12.332s | samples/s: 4761
Iteration 1012 | train reward: 1247.42 | best: 1264.19 | KL: 2.467e-03 | std: 0.5295 | rollout: 13.234s | update: 0.400s | total: 13.634s | samples/s: 4383
Iteration 1013 | train reward: 1253.72 | best: 1264.19 | KL: 2.199e-03 | std: 0.5304 | rollout: 12.297s | update: 0.385s | total: 12.682s | samples/s: 4690
Iteration 1014 | train reward: 1253.46 | best: 1264.19 | KL: 3.420e-03 | std: 0.5304 | rollout: 11.848s | update: 0.387s | total: 12.235s | samples/s: 4900
Iteration 1015 | train reward: 1271.45 | best: 1271.45 | KL: 2.149e-03 | std: 0.5294 | rollout: 12.642s | update: 0.406s | total: 13.048s | samples/s: 4630
Iteration 1016 | train reward: 1250.05 | best: 1271.45 | KL: 2.510e-03 | std: 0.5313 | rollout: 11.595s | update: 0.447s | total: 12.042s | samples/s: 4951
Iteration 1017 | train reward: 1257.99 | best: 1271.45 | KL: 2.821e-03 | std: 0.5330 | rollout: 9.605s | update: 0.382s | total: 9.988s | samples/s: 6011
Iteration 1018 | train reward: 1230.56 | best: 1271.45 | KL: 2.661e-03 | std: 0.5347 | rollout: 12.550s | update: 0.399s | total: 12.949s | samples/s: 4528
Iteration 1019 | train reward: 1246.14 | best: 1271.45 | KL: 1.802e-03 | std: 0.5341 | rollout: 9.659s | update: 0.346s | total: 10.004s | samples/s: 5914
Iteration 1020 | train reward: 1243.12 | best: 1271.45 | KL: 2.512e-03 | std: 0.5365 | rollout: 13.075s | update: 0.343s | total: 13.419s | samples/s: 4411
Iteration 1021 | train reward: 1242.58 | best: 1271.45 | KL: 2.972e-03 | std: 0.5373 | rollout: 13.073s | update: 0.383s | total: 13.456s | samples/s: 4393
Iteration 1022 | train reward: 1252.50 | best: 1271.45 | KL: 2.798e-03 | std: 0.5410 | rollout: 13.537s | update: 0.391s | total: 13.927s | samples/s: 4300
Iteration 1023 | train reward: 1247.90 | best: 1271.45 | KL: 2.160e-03 | std: 0.5417 | rollout: 13.063s | update: 0.405s | total: 13.468s | samples/s: 4413
Iteration 1024 | train reward: 1265.28 | best: 1271.45 | KL: 2.467e-03 | std: 0.5419 | rollout: 8.922s | update: 0.372s | total: 9.294s | samples/s: 6485
Iteration 1025 | train reward: 1245.42 | best: 1271.45 | KL: 2.603e-03 | std: 0.5408 | rollout: 7.184s | update: 0.387s | total: 7.571s | samples/s: 7841
Iteration 1026 | train reward: 1282.70 | best: 1282.70 | KL: 2.246e-03 | std: 0.5389 | rollout: 12.637s | update: 0.391s | total: 13.028s | samples/s: 4678
Iteration 1027 | train reward: 1267.54 | best: 1282.70 | KL: 2.305e-03 | std: 0.5398 | rollout: 10.857s | update: 0.404s | total: 11.262s | samples/s: 5343
Iteration 1028 | train reward: 1292.34 | best: 1292.34 | KL: 2.635e-03 | std: 0.5384 | rollout: 12.245s | update: 0.488s | total: 12.733s | samples/s: 4808
Iteration 1029 | train reward: 1257.29 | best: 1292.34 | KL: 2.616e-03 | std: 0.5408 | rollout: 13.094s | update: 0.369s | total: 13.463s | samples/s: 4424
Iteration 1030 | train reward: 1256.01 | best: 1292.34 | KL: 2.811e-03 | std: 0.5398 | rollout: 10.713s | update: 0.390s | total: 11.102s | samples/s: 5388
Iteration 1031 | train reward: 1248.21 | best: 1292.34 | KL: 3.020e-03 | std: 0.5410 | rollout: 12.962s | update: 0.386s | total: 13.348s | samples/s: 4460
Iteration 1032 | train reward: 1249.80 | best: 1292.34 | KL: 2.872e-03 | std: 0.5408 | rollout: 9.871s | update: 0.370s | total: 10.241s | samples/s: 5822
Iteration 1033 | train reward: 1249.77 | best: 1292.34 | KL: 3.062e-03 | std: 0.5364 | rollout: 7.874s | update: 0.383s | total: 8.257s | samples/s: 7189
Iteration 1034 | train reward: 1261.87 | best: 1292.34 | KL: 3.169e-03 | std: 0.5373 | rollout: 11.030s | update: 0.363s | total: 11.393s | samples/s: 5284
Iteration 1035 | train reward: 1286.54 | best: 1292.34 | KL: 2.279e-03 | std: 0.5366 | rollout: 11.059s | update: 0.409s | total: 11.469s | samples/s: 5355
Iteration 1036 | train reward: 1279.97 | best: 1292.34 | KL: 2.165e-03 | std: 0.5371 | rollout: 11.432s | update: 0.417s | total: 11.849s | samples/s: 5119
Iteration 1037 | train reward: 1287.70 | best: 1292.34 | KL: 2.428e-03 | std: 0.5384 | rollout: 7.405s | update: 0.375s | total: 7.780s | samples/s: 7857
Iteration 1038 | train reward: 1284.67 | best: 1292.34 | KL: 2.705e-03 | std: 0.5373 | rollout: 7.079s | update: 0.366s | total: 7.445s | samples/s: 8150
Iteration 1039 | train reward: 1264.51 | best: 1292.34 | KL: 2.747e-03 | std: 0.5362 | rollout: 7.092s | update: 0.367s | total: 7.459s | samples/s: 8048
Iteration 1040 | train reward: 1261.88 | best: 1292.34 | KL: 2.532e-03 | std: 0.5362 | rollout: 10.666s | update: 0.444s | total: 11.110s | samples/s: 5407
Iteration 1041 | train reward: 1291.09 | best: 1292.34 | KL: 2.639e-03 | std: 0.5364 | rollout: 11.013s | update: 0.428s | total: 11.441s | samples/s: 5375
Iteration 1042 | train reward: 1272.90 | best: 1292.34 | KL: 2.714e-03 | std: 0.5347 | rollout: 10.300s | update: 0.391s | total: 10.691s | samples/s: 5640
Iteration 1043 | train reward: 1279.56 | best: 1292.34 | KL: 2.179e-03 | std: 0.5341 | rollout: 11.909s | update: 0.377s | total: 12.286s | samples/s: 4943
Iteration 1044 | train reward: 1263.09 | best: 1292.34 | KL: 2.362e-03 | std: 0.5362 | rollout: 13.380s | update: 0.398s | total: 13.778s | samples/s: 4391
Iteration 1045 | train reward: 1295.53 | best: 1295.53 | KL: 2.166e-03 | std: 0.5347 | rollout: 13.376s | update: 0.429s | total: 13.805s | samples/s: 4446
Iteration 1046 | train reward: 1258.70 | best: 1295.53 | KL: 2.355e-03 | std: 0.5336 | rollout: 10.099s | update: 0.371s | total: 10.470s | samples/s: 5752
Iteration 1047 | train reward: 1293.24 | best: 1295.53 | KL: 2.796e-03 | std: 0.5332 | rollout: 13.637s | update: 0.446s | total: 14.083s | samples/s: 4376
Iteration 1048 | train reward: 1280.69 | best: 1295.53 | KL: 2.718e-03 | std: 0.5304 | rollout: 12.106s | update: 0.369s | total: 12.476s | samples/s: 4848
Iteration 1049 | train reward: 1307.04 | best: 1307.04 | KL: 2.222e-03 | std: 0.5310 | rollout: 13.351s | update: 0.418s | total: 13.770s | samples/s: 4472
Iteration 1050 | train reward: 1299.50 | best: 1307.04 | KL: 2.042e-03 | std: 0.5286 | rollout: 11.275s | update: 0.377s | total: 11.652s | samples/s: 5268
Iteration 1051 | train reward: 1279.62 | best: 1307.04 | KL: 1.894e-03 | std: 0.5278 | rollout: 8.111s | update: 0.364s | total: 8.476s | samples/s: 7153
Iteration 1052 | train reward: 1287.99 | best: 1307.04 | KL: 2.602e-03 | std: 0.5279 | rollout: 11.628s | update: 0.403s | total: 12.030s | samples/s: 5060
Iteration 1053 | train reward: 1310.72 | best: 1310.72 | KL: 2.343e-03 | std: 0.5278 | rollout: 7.989s | update: 0.374s | total: 8.363s | samples/s: 7337
Iteration 1054 | train reward: 1315.41 | best: 1315.41 | KL: 2.081e-03 | std: 0.5285 | rollout: 6.629s | update: 0.381s | total: 7.011s | samples/s: 8781
Iteration 1055 | train reward: 1301.83 | best: 1315.41 | KL: 3.070e-03 | std: 0.5267 | rollout: 6.645s | update: 0.433s | total: 7.078s | samples/s: 8680
Iteration 1056 | train reward: 1302.38 | best: 1315.41 | KL: 1.841e-03 | std: 0.5260 | rollout: 9.972s | update: 0.375s | total: 10.347s | samples/s: 5938
Iteration 1057 | train reward: 1292.88 | best: 1315.41 | KL: 2.331e-03 | std: 0.5278 | rollout: 12.011s | update: 0.412s | total: 12.423s | samples/s: 4865
Iteration 1058 | train reward: 1284.57 | best: 1315.41 | KL: 2.463e-03 | std: 0.5269 | rollout: 12.031s | update: 0.390s | total: 12.421s | samples/s: 4865
Iteration 1059 | train reward: 1327.56 | best: 1327.56 | KL: 2.496e-03 | std: 0.5262 | rollout: 11.473s | update: 0.407s | total: 11.880s | samples/s: 5210
Iteration 1060 | train reward: 1306.80 | best: 1327.56 | KL: 2.327e-03 | std: 0.5259 | rollout: 9.168s | update: 0.392s | total: 9.560s | samples/s: 6402
Iteration 1061 | train reward: 1321.28 | best: 1327.56 | KL: 1.947e-03 | std: 0.5284 | rollout: 12.708s | update: 0.408s | total: 13.115s | samples/s: 4720
Iteration 1062 | train reward: 1297.97 | best: 1327.56 | KL: 2.288e-03 | std: 0.5284 | rollout: 9.091s | update: 0.426s | total: 9.517s | samples/s: 6373
Iteration 1063 | train reward: 1305.28 | best: 1327.56 | KL: 2.403e-03 | std: 0.5269 | rollout: 6.898s | update: 0.376s | total: 7.275s | samples/s: 8429
Iteration 1064 | train reward: 1328.29 | best: 1328.29 | KL: 3.475e-03 | std: 0.5260 | rollout: 11.448s | update: 0.379s | total: 11.827s | samples/s: 5274
Iteration 1065 | train reward: 1304.74 | best: 1328.29 | KL: 3.246e-03 | std: 0.5263 | rollout: 10.444s | update: 0.389s | total: 10.833s | samples/s: 5627
Iteration 1066 | train reward: 1296.86 | best: 1328.29 | KL: 3.227e-03 | std: 0.5241 | rollout: 8.980s | update: 0.372s | total: 9.352s | samples/s: 6469
Iteration 1067 | train reward: 1309.11 | best: 1328.29 | KL: 2.111e-03 | std: 0.5243 | rollout: 11.997s | update: 0.419s | total: 12.416s | samples/s: 4929
Iteration 1068 | train reward: 1314.04 | best: 1328.29 | KL: 2.564e-03 | std: 0.5234 | rollout: 11.581s | update: 0.389s | total: 11.970s | samples/s: 5113
Iteration 1069 | train reward: 1284.37 | best: 1328.29 | KL: 3.053e-03 | std: 0.5234 | rollout: 11.249s | update: 0.384s | total: 11.633s | samples/s: 5146
Iteration 1070 | train reward: 1315.40 | best: 1328.29 | KL: 2.601e-03 | std: 0.5260 | rollout: 10.465s | update: 0.381s | total: 10.847s | samples/s: 5653
Iteration 1071 | train reward: 1294.60 | best: 1328.29 | KL: 2.607e-03 | std: 0.5261 | rollout: 13.515s | update: 0.390s | total: 13.905s | samples/s: 4353
Iteration 1072 | train reward: 1326.50 | best: 1328.29 | KL: 2.040e-03 | std: 0.5260 | rollout: 9.465s | update: 0.429s | total: 9.894s | samples/s: 6293
Iteration 1073 | train reward: 1290.08 | best: 1328.29 | KL: 3.149e-03 | std: 0.5241 | rollout: 13.263s | update: 0.434s | total: 13.697s | samples/s: 4407
Iteration 1074 | train reward: 1290.66 | best: 1328.29 | KL: 2.165e-03 | std: 0.5234 | rollout: 10.844s | update: 0.432s | total: 11.276s | samples/s: 5372
Iteration 1075 | train reward: 1330.10 | best: 1330.10 | KL: 2.692e-03 | std: 0.5236 | rollout: 8.234s | update: 0.408s | total: 8.642s | samples/s: 7172
Iteration 1076 | train reward: 1302.39 | best: 1330.10 | KL: 2.025e-03 | std: 0.5227 | rollout: 12.094s | update: 0.378s | total: 12.472s | samples/s: 4878
Iteration 1077 | train reward: 1295.39 | best: 1330.10 | KL: 2.425e-03 | std: 0.5234 | rollout: 13.264s | update: 0.408s | total: 13.671s | samples/s: 4444
Iteration 1078 | train reward: 1315.53 | best: 1330.10 | KL: 1.924e-03 | std: 0.5234 | rollout: 13.566s | update: 0.377s | total: 13.943s | samples/s: 4420
Iteration 1079 | train reward: 1306.73 | best: 1330.10 | KL: 2.271e-03 | std: 0.5217 | rollout: 13.239s | update: 0.375s | total: 13.615s | samples/s: 4504
Iteration 1080 | train reward: 1300.24 | best: 1330.10 | KL: 2.558e-03 | std: 0.5210 | rollout: 13.116s | update: 0.373s | total: 13.489s | samples/s: 4524
Iteration 1081 | train reward: 1308.76 | best: 1330.10 | KL: 2.330e-03 | std: 0.5226 | rollout: 13.049s | update: 0.382s | total: 13.431s | samples/s: 4579
Iteration 1082 | train reward: 1283.55 | best: 1330.10 | KL: 2.735e-03 | std: 0.5208 | rollout: 10.482s | update: 0.393s | total: 10.876s | samples/s: 5543
Iteration 1083 | train reward: 1312.35 | best: 1330.10 | KL: 2.870e-03 | std: 0.5227 | rollout: 12.168s | update: 0.425s | total: 12.592s | samples/s: 4888
Iteration 1084 | train reward: 1306.26 | best: 1330.10 | KL: 2.325e-03 | std: 0.5234 | rollout: 8.889s | update: 0.424s | total: 9.313s | samples/s: 6514
Iteration 1085 | train reward: 1290.73 | best: 1330.10 | KL: 2.483e-03 | std: 0.5252 | rollout: 12.415s | update: 0.409s | total: 12.824s | samples/s: 4704
Iteration 1086 | train reward: 1309.39 | best: 1330.10 | KL: 2.380e-03 | std: 0.5235 | rollout: 10.133s | update: 0.378s | total: 10.511s | samples/s: 5877
Iteration 1087 | train reward: 1301.84 | best: 1330.10 | KL: 2.391e-03 | std: 0.5232 | rollout: 10.981s | update: 0.415s | total: 11.396s | samples/s: 5367
Iteration 1088 | train reward: 1306.51 | best: 1330.10 | KL: 2.618e-03 | std: 0.5233 | rollout: 12.553s | update: 0.371s | total: 12.925s | samples/s: 4726
Iteration 1089 | train reward: 1303.04 | best: 1330.10 | KL: 2.441e-03 | std: 0.5236 | rollout: 13.520s | update: 0.390s | total: 13.910s | samples/s: 4395
Iteration 1090 | train reward: 1289.61 | best: 1330.10 | KL: 3.245e-03 | std: 0.5258 | rollout: 13.071s | update: 0.385s | total: 13.456s | samples/s: 4488
Iteration 1091 | train reward: 1275.22 | best: 1330.10 | KL: 2.547e-03 | std: 0.5269 | rollout: 14.061s | update: 0.440s | total: 14.502s | samples/s: 4131
Iteration 1092 | train reward: 1296.96 | best: 1330.10 | KL: 3.003e-03 | std: 0.5286 | rollout: 12.512s | update: 0.387s | total: 12.900s | samples/s: 4708
Iteration 1093 | train reward: 1301.49 | best: 1330.10 | KL: 2.118e-03 | std: 0.5280 | rollout: 11.612s | update: 0.392s | total: 12.004s | samples/s: 5076
Iteration 1094 | train reward: 1290.78 | best: 1330.10 | KL: 2.696e-03 | std: 0.5285 | rollout: 11.144s | update: 0.370s | total: 11.513s | samples/s: 5253
Iteration 1095 | train reward: 1308.89 | best: 1330.10 | KL: 2.857e-03 | std: 0.5285 | rollout: 10.093s | update: 0.400s | total: 10.493s | samples/s: 5800
Iteration 1096 | train reward: 1296.32 | best: 1330.10 | KL: 1.987e-03 | std: 0.5279 | rollout: 8.124s | update: 0.362s | total: 8.486s | samples/s: 7088
Iteration 1097 | train reward: 1296.31 | best: 1330.10 | KL: 2.235e-03 | std: 0.5251 | rollout: 13.193s | update: 0.363s | total: 13.555s | samples/s: 4455
Iteration 1098 | train reward: 1310.51 | best: 1330.10 | KL: 2.174e-03 | std: 0.5261 | rollout: 12.822s | update: 0.376s | total: 13.197s | samples/s: 4625
Iteration 1099 | train reward: 1307.62 | best: 1330.10 | KL: 2.663e-03 | std: 0.5259 | rollout: 12.647s | update: 0.361s | total: 13.008s | samples/s: 4684
Iteration 1100 | train reward: 1294.52 | best: 1330.10 | KL: 2.228e-03 | std: 0.5237 | rollout: 10.728s | update: 0.428s | total: 11.156s | samples/s: 5425
Iteration 1101 | train reward: 1325.65 | best: 1330.10 | KL: 2.764e-03 | std: 0.5232 | rollout: 13.313s | update: 0.358s | total: 13.671s | samples/s: 4520
Iteration 1102 | train reward: 1327.27 | best: 1330.10 | KL: 2.371e-03 | std: 0.5243 | rollout: 13.074s | update: 0.405s | total: 13.479s | samples/s: 4580
Iteration 1103 | train reward: 1332.61 | best: 1332.61 | KL: 2.286e-03 | std: 0.5260 | rollout: 10.642s | update: 0.385s | total: 11.027s | samples/s: 5606
Iteration 1104 | train reward: 1329.89 | best: 1332.61 | KL: 3.071e-03 | std: 0.5243 | rollout: 12.866s | update: 0.410s | total: 13.275s | samples/s: 4659
Iteration 1105 | train reward: 1322.08 | best: 1332.61 | KL: 2.516e-03 | std: 0.5253 | rollout: 13.183s | update: 0.440s | total: 13.622s | samples/s: 4511
Iteration 1106 | train reward: 1294.70 | best: 1332.61 | KL: 3.066e-03 | std: 0.5258 | rollout: 8.516s | update: 0.383s | total: 8.899s | samples/s: 6778
Iteration 1107 | train reward: 1298.09 | best: 1332.61 | KL: 2.615e-03 | std: 0.5252 | rollout: 11.204s | update: 0.355s | total: 11.559s | samples/s: 5235
Iteration 1108 | train reward: 1289.42 | best: 1332.61 | KL: 2.295e-03 | std: 0.5284 | rollout: 11.255s | update: 0.392s | total: 11.647s | samples/s: 5145
Iteration 1109 | train reward: 1305.21 | best: 1332.61 | KL: 2.113e-03 | std: 0.5268 | rollout: 9.795s | update: 0.417s | total: 10.212s | samples/s: 5958
Iteration 1110 | train reward: 1308.00 | best: 1332.61 | KL: 2.203e-03 | std: 0.5267 | rollout: 11.620s | update: 0.389s | total: 12.009s | samples/s: 5072
Iteration 1111 | train reward: 1304.20 | best: 1332.61 | KL: 2.133e-03 | std: 0.5284 | rollout: 13.343s | update: 0.396s | total: 13.739s | samples/s: 4405
Iteration 1112 | train reward: 1311.64 | best: 1332.61 | KL: 1.659e-03 | std: 0.5278 | rollout: 13.618s | update: 0.394s | total: 14.012s | samples/s: 4358
Iteration 1113 | train reward: 1318.13 | best: 1332.61 | KL: 2.607e-03 | std: 0.5278 | rollout: 11.347s | update: 0.405s | total: 11.752s | samples/s: 5191
Iteration 1114 | train reward: 1308.40 | best: 1332.61 | KL: 2.454e-03 | std: 0.5280 | rollout: 12.273s | update: 0.389s | total: 12.662s | samples/s: 4792
Iteration 1115 | train reward: 1300.40 | best: 1332.61 | KL: 2.260e-03 | std: 0.5280 | rollout: 13.181s | update: 0.373s | total: 13.554s | samples/s: 4459
Iteration 1116 | train reward: 1322.94 | best: 1332.61 | KL: 2.312e-03 | std: 0.5278 | rollout: 11.808s | update: 0.409s | total: 12.217s | samples/s: 5024
Iteration 1117 | train reward: 1316.99 | best: 1332.61 | KL: 2.624e-03 | std: 0.5278 | rollout: 8.921s | update: 0.402s | total: 9.323s | samples/s: 6547
Iteration 1118 | train reward: 1315.82 | best: 1332.61 | KL: 2.581e-03 | std: 0.5269 | rollout: 13.049s | update: 0.380s | total: 13.429s | samples/s: 4561
Iteration 1119 | train reward: 1301.44 | best: 1332.61 | KL: 2.113e-03 | std: 0.5243 | rollout: 13.199s | update: 0.382s | total: 13.580s | samples/s: 4420
Iteration 1120 | train reward: 1314.84 | best: 1332.61 | KL: 1.583e-03 | std: 0.5234 | rollout: 10.569s | update: 0.414s | total: 10.982s | samples/s: 5522
Iteration 1121 | train reward: 1306.64 | best: 1332.61 | KL: 2.631e-03 | std: 0.5210 | rollout: 10.618s | update: 0.382s | total: 11.000s | samples/s: 5468
Iteration 1122 | train reward: 1302.91 | best: 1332.61 | KL: 2.037e-03 | std: 0.5216 | rollout: 13.086s | update: 0.397s | total: 13.483s | samples/s: 4442
Iteration 1123 | train reward: 1315.34 | best: 1332.61 | KL: 1.901e-03 | std: 0.5217 | rollout: 12.025s | update: 0.438s | total: 12.462s | samples/s: 4854
Iteration 1124 | train reward: 1296.48 | best: 1332.61 | KL: 2.133e-03 | std: 0.5233 | rollout: 8.821s | update: 0.427s | total: 9.248s | samples/s: 6444
Iteration 1125 | train reward: 1291.80 | best: 1332.61 | KL: 1.915e-03 | std: 0.5211 | rollout: 9.208s | update: 0.421s | total: 9.629s | samples/s: 6158
Iteration 1126 | train reward: 1307.07 | best: 1332.61 | KL: 2.063e-03 | std: 0.5234 | rollout: 13.538s | update: 0.389s | total: 13.927s | samples/s: 4304
Iteration 1127 | train reward: 1308.37 | best: 1332.61 | KL: 2.124e-03 | std: 0.5217 | rollout: 11.212s | update: 0.402s | total: 11.614s | samples/s: 5174
Iteration 1128 | train reward: 1291.95 | best: 1332.61 | KL: 2.221e-03 | std: 0.5225 | rollout: 9.934s | update: 0.399s | total: 10.333s | samples/s: 5747
Iteration 1129 | train reward: 1338.74 | best: 1338.74 | KL: 2.249e-03 | std: 0.5206 | rollout: 13.219s | update: 0.406s | total: 13.624s | samples/s: 4526
Iteration 1130 | train reward: 1326.30 | best: 1338.74 | KL: 1.730e-03 | std: 0.5190 | rollout: 12.128s | update: 0.408s | total: 12.536s | samples/s: 4847
Iteration 1131 | train reward: 1302.23 | best: 1338.74 | KL: 2.578e-03 | std: 0.5156 | rollout: 13.229s | update: 0.391s | total: 13.620s | samples/s: 4402
Iteration 1132 | train reward: 1304.07 | best: 1338.74 | KL: 2.216e-03 | std: 0.5156 | rollout: 13.331s | update: 0.370s | total: 13.701s | samples/s: 4366
Iteration 1133 | train reward: 1277.65 | best: 1338.74 | KL: 1.577e-03 | std: 0.5149 | rollout: 12.511s | update: 0.361s | total: 12.872s | samples/s: 4540
Iteration 1134 | train reward: 1303.10 | best: 1338.74 | KL: 2.960e-03 | std: 0.5132 | rollout: 13.194s | update: 0.370s | total: 13.564s | samples/s: 4375
Iteration 1135 | train reward: 1293.40 | best: 1338.74 | KL: 2.065e-03 | std: 0.5128 | rollout: 9.939s | update: 0.374s | total: 10.314s | samples/s: 5718
Iteration 1136 | train reward: 1317.29 | best: 1338.74 | KL: 2.847e-03 | std: 0.5111 | rollout: 8.583s | update: 0.347s | total: 8.930s | samples/s: 6747
Iteration 1137 | train reward: 1324.79 | best: 1338.74 | KL: 2.183e-03 | std: 0.5105 | rollout: 10.312s | update: 0.380s | total: 10.692s | samples/s: 5649
Iteration 1138 | train reward: 1291.29 | best: 1338.74 | KL: 1.902e-03 | std: 0.5080 | rollout: 11.646s | update: 0.367s | total: 12.014s | samples/s: 4909
Iteration 1139 | train reward: 1321.83 | best: 1338.74 | KL: 2.873e-03 | std: 0.5102 | rollout: 9.794s | update: 0.428s | total: 10.223s | samples/s: 5900
Iteration 1140 | train reward: 1310.41 | best: 1338.74 | KL: 2.449e-03 | std: 0.5106 | rollout: 11.982s | update: 0.405s | total: 12.387s | samples/s: 4844
Iteration 1141 | train reward: 1325.34 | best: 1338.74 | KL: 2.147e-03 | std: 0.5102 | rollout: 8.598s | update: 0.360s | total: 8.958s | samples/s: 6770
Iteration 1142 | train reward: 1325.95 | best: 1338.74 | KL: 2.153e-03 | std: 0.5102 | rollout: 6.679s | update: 0.370s | total: 7.049s | samples/s: 8603
Iteration 1143 | train reward: 1311.44 | best: 1338.74 | KL: 1.816e-03 | std: 0.5097 | rollout: 6.996s | update: 0.376s | total: 7.373s | samples/s: 8126
Iteration 1144 | train reward: 1334.32 | best: 1338.74 | KL: 2.616e-03 | std: 0.5097 | rollout: 8.084s | update: 0.401s | total: 8.485s | samples/s: 7172
Iteration 1145 | train reward: 1323.95 | best: 1338.74 | KL: 2.360e-03 | std: 0.5079 | rollout: 9.869s | update: 0.365s | total: 10.234s | samples/s: 5901
Iteration 1146 | train reward: 1326.23 | best: 1338.74 | KL: 2.239e-03 | std: 0.5080 | rollout: 10.754s | update: 0.386s | total: 11.140s | samples/s: 5417
Iteration 1147 | train reward: 1340.01 | best: 1340.01 | KL: 3.280e-03 | std: 0.5087 | rollout: 11.841s | update: 0.406s | total: 12.246s | samples/s: 4999
Iteration 1148 | train reward: 1353.80 | best: 1353.80 | KL: 2.161e-03 | std: 0.5078 | rollout: 8.974s | update: 0.403s | total: 9.377s | samples/s: 6555
Iteration 1149 | train reward: 1339.75 | best: 1353.80 | KL: 2.155e-03 | std: 0.5079 | rollout: 12.005s | update: 0.395s | total: 12.400s | samples/s: 4932
Iteration 1150 | train reward: 1327.96 | best: 1353.80 | KL: 1.913e-03 | std: 0.5104 | rollout: 13.360s | update: 0.424s | total: 13.784s | samples/s: 4375
Iteration 1151 | train reward: 1314.95 | best: 1353.80 | KL: 2.986e-03 | std: 0.5128 | rollout: 8.514s | update: 0.375s | total: 8.889s | samples/s: 6712
Iteration 1152 | train reward: 1330.47 | best: 1353.80 | KL: 2.593e-03 | std: 0.5113 | rollout: 11.833s | update: 0.388s | total: 12.221s | samples/s: 4977
Iteration 1153 | train reward: 1328.18 | best: 1353.80 | KL: 2.788e-03 | std: 0.5104 | rollout: 13.245s | update: 0.397s | total: 13.642s | samples/s: 4446
Iteration 1154 | train reward: 1324.03 | best: 1353.80 | KL: 2.507e-03 | std: 0.5104 | rollout: 11.590s | update: 0.352s | total: 11.942s | samples/s: 5044
Iteration 1155 | train reward: 1311.80 | best: 1353.80 | KL: 2.926e-03 | std: 0.5087 | rollout: 12.166s | update: 0.383s | total: 12.548s | samples/s: 4772
Iteration 1156 | train reward: 1346.90 | best: 1353.80 | KL: 2.161e-03 | std: 0.5106 | rollout: 12.865s | update: 0.386s | total: 13.251s | samples/s: 4618
Iteration 1157 | train reward: 1344.78 | best: 1353.80 | KL: 3.493e-03 | std: 0.5132 | rollout: 13.134s | update: 0.392s | total: 13.526s | samples/s: 4528
Iteration 1158 | train reward: 1323.84 | best: 1353.80 | KL: 2.900e-03 | std: 0.5106 | rollout: 10.769s | update: 0.365s | total: 11.134s | samples/s: 5389
Iteration 1159 | train reward: 1314.25 | best: 1353.80 | KL: 2.429e-03 | std: 0.5080 | rollout: 12.868s | update: 0.420s | total: 13.288s | samples/s: 4497
Iteration 1160 | train reward: 1354.61 | best: 1354.61 | KL: 2.678e-03 | std: 0.5059 | rollout: 13.084s | update: 0.434s | total: 13.518s | samples/s: 4551
Iteration 1161 | train reward: 1327.90 | best: 1354.61 | KL: 2.247e-03 | std: 0.5060 | rollout: 11.294s | update: 0.383s | total: 11.677s | samples/s: 5173
Iteration 1162 | train reward: 1338.45 | best: 1354.61 | KL: 2.201e-03 | std: 0.5035 | rollout: 13.652s | update: 0.410s | total: 14.063s | samples/s: 4341
Iteration 1163 | train reward: 1336.57 | best: 1354.61 | KL: 2.274e-03 | std: 0.5050 | rollout: 13.125s | update: 0.365s | total: 13.490s | samples/s: 4520
Iteration 1164 | train reward: 1332.83 | best: 1354.61 | KL: 3.006e-03 | std: 0.5052 | rollout: 10.233s | update: 0.381s | total: 10.614s | samples/s: 5739
Iteration 1165 | train reward: 1322.38 | best: 1354.61 | KL: 2.358e-03 | std: 0.5025 | rollout: 11.075s | update: 0.407s | total: 11.482s | samples/s: 5261
Iteration 1166 | train reward: 1346.49 | best: 1354.61 | KL: 1.782e-03 | std: 0.5026 | rollout: 12.347s | update: 0.390s | total: 12.737s | samples/s: 4822
Iteration 1167 | train reward: 1362.55 | best: 1362.55 | KL: 2.477e-03 | std: 0.5017 | rollout: 11.168s | update: 0.364s | total: 11.532s | samples/s: 5360
Iteration 1168 | train reward: 1334.71 | best: 1362.55 | KL: 2.971e-03 | std: 0.5024 | rollout: 8.117s | update: 0.420s | total: 8.537s | samples/s: 7122
Iteration 1169 | train reward: 1348.37 | best: 1362.55 | KL: 2.353e-03 | std: 0.5028 | rollout: 11.212s | update: 0.414s | total: 11.627s | samples/s: 5310
Iteration 1170 | train reward: 1333.75 | best: 1362.55 | KL: 1.996e-03 | std: 0.5052 | rollout: 11.463s | update: 0.363s | total: 11.826s | samples/s: 5134
Iteration 1171 | train reward: 1336.08 | best: 1362.55 | KL: 2.655e-03 | std: 0.5043 | rollout: 13.622s | update: 0.389s | total: 14.012s | samples/s: 4334
Iteration 1172 | train reward: 1335.41 | best: 1362.55 | KL: 3.048e-03 | std: 0.5027 | rollout: 11.495s | update: 0.373s | total: 11.868s | samples/s: 5105
Iteration 1173 | train reward: 1354.45 | best: 1362.55 | KL: 2.121e-03 | std: 0.5024 | rollout: 13.474s | update: 0.418s | total: 13.893s | samples/s: 4412
Iteration 1174 | train reward: 1331.80 | best: 1362.55 | KL: 2.208e-03 | std: 0.5024 | rollout: 12.928s | update: 0.364s | total: 13.292s | samples/s: 4543
Iteration 1175 | train reward: 1330.47 | best: 1362.55 | KL: 1.725e-03 | std: 0.5034 | rollout: 12.392s | update: 0.361s | total: 12.753s | samples/s: 4711
Iteration 1176 | train reward: 1341.96 | best: 1362.55 | KL: 3.870e-03 | std: 0.5035 | rollout: 11.747s | update: 0.387s | total: 12.134s | samples/s: 5009
Iteration 1177 | train reward: 1349.02 | best: 1362.55 | KL: 2.661e-03 | std: 0.5028 | rollout: 13.049s | update: 0.458s | total: 13.507s | samples/s: 4504
Iteration 1178 | train reward: 1353.49 | best: 1362.55 | KL: 2.449e-03 | std: 0.5054 | rollout: 7.197s | update: 0.400s | total: 7.597s | samples/s: 8065
Iteration 1179 | train reward: 1323.62 | best: 1362.55 | KL: 2.095e-03 | std: 0.5052 | rollout: 7.137s | update: 0.364s | total: 7.501s | samples/s: 8045
Iteration 1180 | train reward: 1304.57 | best: 1362.55 | KL: 2.484e-03 | std: 0.5054 | rollout: 11.205s | update: 0.399s | total: 11.604s | samples/s: 5137
Iteration 1181 | train reward: 1349.53 | best: 1362.55 | KL: 2.307e-03 | std: 0.5054 | rollout: 10.757s | update: 0.427s | total: 11.183s | samples/s: 5471
Iteration 1182 | train reward: 1295.52 | best: 1362.55 | KL: 2.887e-03 | std: 0.5054 | rollout: 13.145s | update: 0.382s | total: 13.528s | samples/s: 4353
Iteration 1183 | train reward: 1324.46 | best: 1362.55 | KL: 2.095e-03 | std: 0.5052 | rollout: 12.432s | update: 0.366s | total: 12.799s | samples/s: 4691
Iteration 1184 | train reward: 1345.14 | best: 1362.55 | KL: 2.107e-03 | std: 0.5052 | rollout: 13.618s | update: 0.394s | total: 14.012s | samples/s: 4347
Iteration 1185 | train reward: 1341.41 | best: 1362.55 | KL: 2.353e-03 | std: 0.5050 | rollout: 12.655s | update: 0.410s | total: 13.065s | samples/s: 4672
Iteration 1186 | train reward: 1350.14 | best: 1362.55 | KL: 2.531e-03 | std: 0.5053 | rollout: 13.255s | update: 0.424s | total: 13.679s | samples/s: 4490
Iteration 1187 | train reward: 1330.21 | best: 1362.55 | KL: 2.894e-03 | std: 0.5059 | rollout: 12.890s | update: 0.394s | total: 13.284s | samples/s: 4557
Iteration 1188 | train reward: 1365.01 | best: 1365.01 | KL: 3.001e-03 | std: 0.5053 | rollout: 12.114s | update: 0.389s | total: 12.503s | samples/s: 4962
Iteration 1189 | train reward: 1345.55 | best: 1365.01 | KL: 3.256e-03 | std: 0.5054 | rollout: 13.774s | update: 0.397s | total: 14.171s | samples/s: 4324
Iteration 1190 | train reward: 1315.08 | best: 1365.01 | KL: 3.340e-03 | std: 0.5061 | rollout: 13.013s | update: 0.400s | total: 13.413s | samples/s: 4450
Iteration 1191 | train reward: 1340.51 | best: 1365.01 | KL: 2.816e-03 | std: 0.5061 | rollout: 7.372s | update: 0.399s | total: 7.772s | samples/s: 7757
Iteration 1192 | train reward: 1350.83 | best: 1365.01 | KL: 2.808e-03 | std: 0.5071 | rollout: 6.615s | update: 0.428s | total: 7.043s | samples/s: 8659
Iteration 1193 | train reward: 1318.02 | best: 1365.01 | KL: 1.848e-03 | std: 0.5060 | rollout: 10.903s | update: 0.363s | total: 11.266s | samples/s: 5307
Iteration 1194 | train reward: 1323.76 | best: 1365.01 | KL: 3.309e-03 | std: 0.5054 | rollout: 10.434s | update: 0.386s | total: 10.820s | samples/s: 5542
Iteration 1195 | train reward: 1308.22 | best: 1365.01 | KL: 2.514e-03 | std: 0.5045 | rollout: 12.918s | update: 0.395s | total: 13.313s | samples/s: 4446
Iteration 1196 | train reward: 1364.22 | best: 1365.01 | KL: 3.126e-03 | std: 0.5050 | rollout: 9.515s | update: 0.367s | total: 9.883s | samples/s: 6221
Iteration 1197 | train reward: 1350.16 | best: 1365.01 | KL: 2.281e-03 | std: 0.5035 | rollout: 7.497s | update: 0.361s | total: 7.858s | samples/s: 7766
Iteration 1198 | train reward: 1341.76 | best: 1365.01 | KL: 2.801e-03 | std: 0.5033 | rollout: 6.901s | update: 0.382s | total: 7.283s | samples/s: 8307
Iteration 1199 | train reward: 1366.55 | best: 1366.55 | KL: 2.619e-03 | std: 0.5033 | rollout: 8.014s | update: 0.413s | total: 8.426s | samples/s: 7272
training time 10871.83s
