method,seed,update,true_environment_steps_before_update,beta,barrier_active,reward_gradient_norm,barrier_gradient_norm,regularizer_gradient_norm,total_gradient_norm,naturalized_reward_norm,naturalized_barrier_norm,euclidean_barrier_to_reward_ratio,natural_barrier_to_reward_ratio,euclidean_cosine,euclidean_cosine_defined,natural_cosine,natural_cosine_defined,realized_kl,damping,valid,invalid_reason,target_kl,predicted_kl,scale_factor,gradient_norm,natural_direction_norm,quadratic_form,solve_residual,fisher_condition_number,damped_condition_number
npg_logbarrier_handoff,730,0,0,546.4135158976487,True,205.1990509033203,0.1765998899936676,96.49656677246094,257.7275390625,5176.099609375,284.1314697265625,0.4702583484069104,0.054892967904238345,0.3789011836051941,True,-0.227529376745224,True,0.0008986098691821098,0.01,True,,0.001,0.0010000000474974513,7.88507895777002e-05,257.7275390625,5118.93408203125,321675.4375,8.313454600283876e-05,140247296.0,69.49874114990234
npg_logbarrier_handoff,730,1,3889,546.4135158976487,True,325.2623596191406,0.14822140336036682,80.99018096923828,295.2172546386719,5430.7861328125,274.10357666015625,0.2489995493609285,0.05047217289667109,-0.47833821177482605,True,0.11749430000782013,True,0.0008658539736643434,0.01,True,,0.001,0.0010000000474974513,7.252204522956163e-05,295.2172546386719,5469.76806640625,380268.09375,7.05196289345622e-05,489469984.0,74.05392456054688
npg_logbarrier_handoff,730,2,7502,546.4135158976487,True,359.6860046386719,0.15347570180892944,83.86119842529297,365.591552734375,5868.9248046875,288.33966064453125,0.23315112999611154,0.049129895209124995,-0.04557713493704796,True,-0.03891089931130409,True,0.0016887739766389132,0.01,True,,0.001,0.0010000001639127731,6.692642637062818e-05,365.591552734375,5864.78662109375,446513.6875,0.00018155672296416014,1119964032.0,73.2254409790039
npg_logbarrier_handoff,730,3,11165,546.4135158976487,True,315.73809814453125,0.17012591660022736,92.95909881591797,318.9759521484375,5272.19189453125,291.28570556640625,0.29441837827681255,0.0552494505878194,-0.11220018565654755,True,0.093776173889637,True,0.0008814592729322612,0.01,True,,0.001,0.0010000000474974513,4.939957580063492e-05,318.9759521484375,5307.43798828125,819565.375,0.0002714568981900811,106341720.0,70.95059967041016
npg_logbarrier_handoff,730,4,14562,546.4135158976487,True,532.494873046875,0.15324412286281586,83.73466491699219,522.151611328125,5367.76953125,296.8912658691406,0.15724971104016827,0.055309987535922235,-0.20094972848892212,True,-0.10792344063520432,True,0.0009886458283290267,0.01,True,,0.001,0.0009999999310821295,5.294231232255697e-05,522.151611328125,5343.88427734375,713549.625,0.0001666918396949768,64532884.0,77.93576049804688
npg_logbarrier_handoff,730,5,17636,546.4135158976487,True,343.506591796875,0.1747180074453354,95.46827697753906,295.2095642089844,5553.693359375,304.57086181640625,0.2779226927732208,0.054841137619215254,-0.6092930436134338,True,0.02592584677040577,True,0.0005962034920230508,0.01,True,,0.001,0.0010000000474974513,6.724189006490633e-05,295.2095642089844,5569.91650390625,442333.875,0.00019118086493108422,226915744.0,74.6297607421875
npg_logbarrier_handoff,730,6,20401,546.4135158976487,True,200.73358154296875,0.16284877061843872,88.9827651977539,153.66741943359375,3724.8046875,313.572998046875,0.44328788692840804,0.08418508468355095,-0.6885695457458496,True,-0.00400172546505928,True,0.0008257665322162211,0.01,True,,0.001,0.0010000001639127731,0.0001269317144760862,153.66741943359375,3736.729736328125,124133.703125,5.2465617045527324e-05,226903456.0,75.22998046875
npg_logbarrier_handoff,730,7,22849,546.4135158976487,True,302.13671875,0.193903386592865,105.95142364501953,321.00018310546875,4203.85498046875,335.361083984375,0.35067377471815325,0.07977465577249304,0.008259295485913754,True,-0.2465311586856842,True,0.0008002848480828106,0.01,True,,0.001,0.0010000001639127731,7.684257434448227e-05,321.00018310546875,4133.9736328125,338708.59375,0.00016220868565142155,157516080.0,74.84750366210938
npg_logbarrier_handoff,730,8,25561,546.4135158976487,True,453.899658203125,0.1529701054096222,83.58492279052734,392.55389404296875,4701.25732421875,278.68109130859375,0.1841484594225497,0.05927799141581868,-0.7764109373092651,True,-0.39016732573509216,True,0.0011082057608291507,0.01,True,,0.001,0.0009999999310821295,6.02581312705297e-05,392.55389404296875,4599.68798828125,550806.0,0.00013953133020550013,102256448.0,83.53678131103516
npg_logbarrier_handoff,730,9,28449,546.4135158976487,True,237.63778686523438,0.21169501543045044,115.67301940917969,228.95785522460938,5678.96630859375,342.5685119628906,0.48676189479402304,0.06032233567656416,-0.3170490860939026,True,0.017332570627331734,True,0.0008484860882163048,0.01,True,,0.001,0.0009999999310821295,6.210306310094893e-05,228.95785522460938,5695.21435546875,518565.90625,0.0001535913033876568,180683856.0,80.13558197021484
npg_logbarrier_handoff,730,10,31072,546.4135158976487,True,250.8648681640625,0.22186985611915588,121.2326889038086,215.9385986328125,5078.6142578125,388.6612548828125,0.48325893454528646,0.07652899691779697,-0.5096678733825684,True,-0.2852669358253479,True,0.0011257302248850465,0.01,True,,0.001,0.0009999999310821295,7.265767635544762e-05,215.9385986328125,4981.6884765625,378849.75,0.00014990833005867898,114354944.0,90.78351593017578
npg_logbarrier_handoff,730,11,33465,546.4135158976487,True,337.63409423828125,0.20604009926319122,112.58308410644531,276.6650695800781,5420.96484375,366.58050537109375,0.3334470245383191,0.06762274169583223,-0.6593748331069946,True,-0.285759836435318,True,0.0008597287815064192,0.01,True,,0.001,0.0010000001639127731,6.197889888426289e-05,276.6650695800781,5327.8046875,520645.75,9.99132971628569e-05,668581952.0,101.22499084472656
npg_logbarrier_handoff,730,12,35897,546.4135158976487,True,514.5347900390625,0.21942448616027832,119.8965072631836,398.65521240234375,4285.57861328125,363.4428405761719,0.23301924298273646,0.08480601416337155,-0.9741725921630859,True,-0.12205695360898972,True,0.0008747261599637568,0.01,True,,0.001,0.0010000000474974513,7.28941522538662e-05,398.65521240234375,4256.53271484375,376395.6875,0.00023534226056654006,426432480.0,112.6518783569336
npg_logbarrier_handoff,730,13,38357,546.4135158976487,True,453.07177734375,0.23771247267723083,129.88929748535156,346.72076416015625,4555.10009765625,439.7125244140625,0.28668591596426735,0.096531912578674,-0.8660272359848022,True,-0.1636810004711151,True,0.0007562828832305968,0.01,True,,0.001,0.0009999999310821295,6.784179277019575e-05,346.72076416015625,4504.064453125,434545.625,0.00013157732610125095,114953728.0,111.58575439453125
npg_logbarrier_handoff,730,14,40653,546.4135158976487,True,301.4752197265625,0.3394772410392761,185.4949493408203,277.6443176269531,4952.42919921875,638.4216918945312,0.6152908670538956,0.1289108165332768,-0.43103963136672974,True,-0.4428688585758209,True,0.0012079644948244095,0.01,True,,0.001,0.0009999999310821295,8.279900794150308e-05,277.6443176269531,4704.6435546875,291729.09375,8.72890159371309e-05,311153152.0,94.07740020751953
npg_logbarrier_handoff,730,15,42768,546.4135158976487,True,536.5491333007812,0.2887240946292877,157.7627410888672,436.19281005859375,4437.89208984375,478.4501647949219,0.2940322354419456,0.1078102295208731,-0.7236474752426147,True,-0.3978000283241272,True,0.0010053376900032163,0.01,True,,0.001,0.0009999998146668077,7.475023448932916e-05,436.19281005859375,4270.1845703125,357935.625,0.0002426782448310405,238680864.0,133.0232696533203
npg_logbarrier_handoff,730,16,45063,546.4135158976487,True,272.1953125,0.3208087384700775,175.2942352294922,159.79864501953125,3806.155517578125,560.9090576171875,0.6440016678446371,0.14736892778729563,-0.830807626247406,True,-0.0952020138502121,True,0.0009997808374464512,0.01,True,,0.001,0.0009999996982514858,0.00010452104470459744,159.79864501953125,3794.06689453125,183072.25,0.00023487162252422422,213614016.0,139.353759765625
npg_logbarrier_handoff,730,17,46767,546.4135158976487,True,463.11053466796875,0.29160672426223755,159.33786010742188,318.8085632324219,4387.91357421875,437.49658203125,0.34406010699294626,0.09970492231245563,-0.9365702867507935,True,-0.3174962103366852,True,0.0008758917101658881,0.01,True,,0.001,0.0010000001639127731,9.311831672675908e-05,318.8085632324219,4269.21533203125,230653.375,0.00010076034959638491,258890736.0,127.99967956542969
npg_logbarrier_handoff,730,18,49072,546.4135158976487,True,245.99281311035156,0.32850882411003113,179.5016632080078,172.68170166015625,4876.7138671875,418.1949157714844,0.7297028760246096,0.08575342477754716,-0.7124080061912537,True,-0.07237858325242996,True,0.0010434514842927456,0.01,True,,0.001,0.0009999999310821295,8.631739183329046e-05,172.68170166015625,4864.35986328125,268431.4375,0.0002841168316081166,676639104.0,128.9037628173828
npg_logbarrier_handoff,730,19,51231,546.4135158976487,True,191.58279418945312,0.30536866188049316,166.85755920410156,195.2083282470703,4655.81396484375,445.9397888183594,0.8709422989159393,0.09578127308901725,-0.41353732347488403,True,-0.17381396889686584,True,0.0011402483796700835,0.01,True,,0.001,0.0010000000474974513,8.577275002608076e-05,195.2083282470703,4599.31787109375,271851.25,0.00016028531535994262,154584800.0,139.01657104492188
npg_logbarrier_handoff,730,20,53335,546.4135158976487,True,368.69158935546875,0.34120091795921326,186.43678283691406,472.60009765625,4777.79052734375,526.0866088867188,0.5056713747195456,0.11011085686487823,0.3830411732196808,True,-0.24349142611026764,True,0.0011956996750086546,0.01,True,,0.001,0.001000000280328095,6.280536035774276e-05,472.60009765625,4677.60595703125,507033.4375,0.00018237590848002583,146140384.0,128.0522918701172
npg_logbarrier_handoff,730,21,55326,546.4135158976487,True,324.6412048339844,0.3302300274372101,180.44215393066406,260.9822082519531,3658.40576171875,467.2032470703125,0.5558202447620255,0.127706787464389,-0.5961147546768188,True,-0.36189088225364685,True,0.001305410754866898,0.01,True,,0.001,0.001000000280328095,9.859155397862196e-05,260.9822082519531,3516.406494140625,205755.09375,0.0001802016340661794,193322720.0,129.31793212890625
npg_logbarrier_handoff,730,22,57190,546.4135158976487,True,476.7306213378906,0.3321707248687744,181.50259399414062,321.7712707519531,5239.19189453125,464.4264831542969,0.38072359078754814,0.08864467889390966,-0.9053649306297302,True,-0.238703191280365,True,0.0012567427475005388,0.01,True,,0.001,0.0009999999310821295,9.446473268326372e-05,321.7712707519531,5148.125,224125.15625,0.00022305091260932386,1695186048.0,156.02932739257812
npg_logbarrier_handoff,730,23,59770,546.4135158976487,True,213.8673095703125,0.3449155390262604,188.4665069580078,236.2043914794922,6080.9140625,421.90289306640625,0.8812310181329805,0.06938149244177158,-0.31590595841407776,True,-0.18133433163166046,True,0.0011792004806920886,0.01,True,,0.001,0.0010000003967434168,6.057494829292409e-05,236.2043914794922,6018.7265625,545059.5,0.0002629216178320348,1575162368.0,140.9437713623047
npg_logbarrier_handoff,730,24,61972,546.4135158976487,True,275.6855773925781,0.3157660663127899,172.53884887695312,195.0426483154297,4409.9228515625,491.9078369140625,0.6258537371044864,0.11154567856890567,-0.7119568586349487,True,-0.3552247881889343,True,0.0009606373496353626,0.01,True,,0.001,0.0009999999310821295,8.530086051905528e-05,195.0426483154297,4260.07421875,274867.34375,0.00023710422101430595,214136624.0,118.07947540283203
npg_logbarrier_handoff,730,25,64148,546.4135158976487,True,371.8013610839844,0.31467294692993164,171.94155883789062,445.8857116699219,6273.9150390625,466.71832275390625,0.4624554314072336,0.07439028419225249,0.24256861209869385,True,-0.09847403317689896,True,0.0009516472928225994,0.01,True,,0.001,0.0010000000474974513,5.2168223191984e-05,445.8857116699219,6245.24951171875,734882.5,0.00020342545758467168,110109536.0,137.51002502441406
npg_logbarrier_handoff,730,26,66722,546.4135158976487,True,364.22802734375,0.27911657094955444,152.51307678222656,323.10809326171875,5161.53271484375,459.78790283203125,0.4187296565134683,0.08907972267806308,-0.4637613296508789,True,-0.26961955428123474,True,0.0010607215808704495,0.01,True,,0.001,0.001000000280328095,6.628161645494401e-05,323.10809326171875,5056.98583984375,455243.625,0.00012582674389705062,152397088.0,131.99075317382812
npg_logbarrier_handoff,730,27,69039,546.4135158976487,True,522.8789672851562,0.30817854404449463,168.39291381835938,414.06732177734375,4262.6279296875,413.94891357421875,0.3220495073509525,0.09711120003958826,-0.7399668097496033,True,-0.25748980045318604,True,0.0010039013577625155,0.01,True,,0.001,0.0009999998146668077,6.921080057509243e-05,414.06732177734375,4175.244140625,417524.8125,0.0002974291564896703,491128704.0,154.58355712890625
npg_logbarrier_handoff,730,28,71170,546.4135158976487,True,442.3299865722656,0.2757788300514221,150.68927001953125,316.1526184082031,5411.4306640625,589.4029541015625,0.3406716130354694,0.10891813841685306,-0.8882431983947754,True,-0.41030892729759216,True,0.001168404589407146,0.01,True,,0.001,0.0010000000474974513,5.7484929129714146e-05,316.1526184082031,5197.4619140625,605232.1875,0.00024161639157682657,253143584.0,151.23202514648438
npg_logbarrier_handoff,730,29,73518,546.4135158976487,True,545.332763671875,0.3316684365272522,181.22811889648438,407.8086853027344,5610.6865234375,559.2886962890625,0.332325748550712,0.09968275610350853,-0.8293237090110779,True,-0.12221988290548325,True,0.0008993531810119748,0.01,True,,0.001,0.0010000003967434168,7.338044088101014e-05,407.8086853027344,5570.0595703125,371423.5,0.00016296803369186819,876571648.0,170.37744140625
npg_logbarrier_handoff,730,30,75719,546.4135158976487,True,411.6885681152344,0.23153679072856903,126.51483154296875,327.3345031738281,7936.72509765625,558.34375,0.3073071281094121,0.0703493875786225,-0.7520976066589355,True,-0.2232922464609146,True,0.0010232999920845032,0.01,True,,0.001,0.001000000280328095,5.6427896197419614e-05,327.3345031738281,7830.9853515625,628119.5,0.000302614935208112,187872752.0,156.73324584960938
npg_logbarrier_handoff,730,31,78285,546.4135158976487,True,636.4103393554688,0.30412399768829346,166.1774444580078,538.2762451171875,5208.3173828125,651.4724731445312,0.26111682067627273,0.12508309791073735,-0.6755658388137817,True,-0.24275854229927063,True,0.0009263195679523051,0.01,True,,0.001,0.0010000001639127731,6.0383354139048606e-05,538.2762451171875,5089.55712890625,548523.875,0.00020018524082843214,150637504.0,157.12979125976562
npg_logbarrier_handoff,730,32,80485,546.4135158976487,True,257.8730163574219,0.3370276391506195,184.1564483642578,331.9331970214844,4709.54150390625,561.2730712890625,0.7141361704514672,0.11917785857148175,0.10284004360437393,True,-0.22744043171405792,True,0.0011122629512101412,0.01,True,,0.001,0.0010000003967434168,7.271990034496412e-05,331.9331970214844,4614.36865234375,378201.71875,0.0001943145034601912,11305736192.0,156.62124633789062
npg_logbarrier_handoff,730,33,82589,546.4135158976487,True,438.49407958984375,0.29092705249786377,158.96646118164062,353.0447998046875,6214.978515625,572.8675537109375,0.3625281812934255,0.09217530716650078,-0.6664199829101562,True,-0.3553240895271301,True,0.0011107106693089008,0.01,True,,0.001,0.0009999994654208422,7.595669740112498e-05,353.0447998046875,6035.22802734375,346655.34375,0.00017783725343178958,167792368.0,147.6407012939453
npg_logbarrier_handoff,730,34,85014,546.4135158976487,True,374.54669189453125,0.3480638265609741,190.186767578125,258.88702392578125,5349.376953125,563.543701171875,0.5077785272007682,0.10534753974342076,-0.7681304216384888,True,-0.12530022859573364,True,0.0010202903067693114,0.01,True,,0.001,0.0009999999310821295,6.795733497710899e-05,258.88702392578125,5308.29150390625,433069.25,0.00023858256463427097,633067712.0,145.96902465820312
npg_logbarrier_handoff,730,35,87341,546.4135158976487,True,444.80596923828125,0.3515623211860657,192.098388671875,284.93023681640625,4010.707763671875,516.9544067382812,0.43187007809458705,0.12889356123643378,-0.8986260294914246,True,-0.12218236178159714,True,0.0010006134398281574,0.01,True,,0.001,0.001000000280328095,8.419605001108721e-05,284.93023681640625,3980.749755859375,282128.25,0.00014702965563628823,83499464.0,152.82139587402344
npg_logbarrier_handoff,730,36,89217,546.4135158976487,True,148.6822967529297,0.3903009295463562,213.2657012939453,246.41575622558594,4291.52685546875,531.7559814453125,1.4343718516020505,0.12390834296369106,-0.10829712450504303,True,-0.18988318741321564,True,0.001157540362328291,0.01,True,,0.001,0.0010000000474974513,8.772430010139942e-05,246.41575622558594,4222.9521484375,259890.375,0.00011944567086175084,878319232.0,143.58071899414062
npg_logbarrier_handoff,730,37,91040,546.4135158976487,True,455.87591552734375,0.32948172092437744,180.03326416015625,431.5614013671875,5387.15234375,562.82861328125,0.3949172527614211,0.10447609003191186,-0.32891279458999634,True,0.030269023030996323,True,0.0008895071805454791,0.01,True,,0.001,0.0010000000474974513,5.875085844309069e-05,431.5614013671875,5433.39208984375,579430.8125,0.00020638435671571642,111933512.0,145.00843811035156
npg_logbarrier_handoff,730,38,93097,546.4135158976487,True,377.96026611328125,0.342316597700119,187.04641723632812,272.35125732421875,4772.19189453125,500.3276062011719,0.4948838118879593,0.10484230669234576,-0.7331741452217102,True,-0.42454880475997925,True,0.0009518236038275063,0.01,True,,0.001,0.0010000001639127731,6.393317744368687e-05,272.35125732421875,4582.22412109375,489302.5,0.00012156101001892239,448674560.0,136.32069396972656
npg_logbarrier_handoff,730,39,95096,546.4135158976487,True,305.8958740234375,0.3707636594772339,202.5902557373047,405.0445251464844,4339.58740234375,599.5037231445312,0.6622850222614718,0.1381476319202023,0.23757632076740265,True,-0.20557695627212524,True,0.0011541314888745546,0.01,True,,0.001,0.0010000000474974513,7.670687773497775e-05,405.0445251464844,4256.96728515625,339908.0,0.00015164318028837442,86348728.0,156.10398864746094
npg_logbarrier_handoff,730,40,97207,546.4135158976487,True,262.6059875488281,0.3315005302429199,181.13636779785156,189.63706970214844,4378.296875,499.581787109375,0.6897648050167616,0.11410413715021894,-0.6917545199394226,True,0.009243185631930828,True,0.0010151444002985954,0.01,True,,0.001,0.0009999996982514858,8.900248212739825e-05,189.63706970214844,4411.29296875,252479.28125,0.00031283177668228745,112439712.0,142.48219299316406
npg_logbarrier_handoff,730,41,99170,546.4135158976487,True,350.45361328125,0.296037495136261,161.75888061523438,260.7645568847656,5823.53564453125,553.4174194335938,0.4615700180708875,0.09503117233485048,-0.7142966985702515,True,-0.420934796333313,True,0.0011048864107578993,0.01,True,,0.001,0.0010000000474974513,7.57977322791703e-05,260.7645568847656,5613.07763671875,348110.875,0.0003405617899261415,69638784.0,140.54345703125
npg_logbarrier_handoff,730,42,101342,546.4135158976487,True,269.0355529785156,0.41700655221939087,227.8580322265625,301.6427001953125,4947.462890625,693.95556640625,0.8469439436681387,0.14026493613953805,-0.27169686555862427,True,-0.12220598757266998,True,0.0009504584013484418,0.01,True,,0.001,0.0009999999310821295,7.572777394670993e-05,301.6427001953125,4911.193359375,348754.34375,0.00019757008703891188,72438432.0,154.904296875
npg_logbarrier_handoff,730,43,104026,546.4135158976487,True,383.1436767578125,0.33314499258995056,182.034912109375,343.5133361816406,5176.625,467.2501220703125,0.47510874680163495,0.0902615356666385,-0.444002628326416,True,-0.1981564611196518,True,0.0012165717780590057,0.01,True,,0.001,0.0009999999310821295,6.972102710278705e-05,343.5133361816406,5104.62255859375,411436.15625,0.00014684602501802146,644635392.0,164.352783203125
npg_logbarrier_handoff,730,44,106241,546.4135158976487,True,416.3760070800781,0.4468759298324585,244.17906188964844,580.623291015625,5173.9453125,705.7752075195312,0.5864388383038783,0.13640948345828333,0.5121012926101685,True,0.0745641365647316,True,0.001156570273451507,0.01,True,,0.001,0.0010000000474974513,5.033667912357487e-05,580.623291015625,5273.74462890625,789334.125,0.00025009020464494824,40964076.0,151.4832763671875
npg_logbarrier_handoff,730,45,108445,546.4135158976487,True,455.3758239746094,0.33603185415267944,183.61236572265625,372.1441345214844,5147.29150390625,476.55987548828125,0.4032106143010658,0.09258459038634644,-0.6134801506996155,True,-0.2784910202026367,True,0.0011018741643056273,0.01,True,,0.001,0.0009999999310821295,6.517193833133206e-05,372.1441345214844,5035.41845703125,470878.3125,0.00023897836217656732,619691840.0,175.96170043945312
npg_logbarrier_handoff,730,46,110794,546.4135158976487,True,570.2123413085938,0.3916257619857788,213.98960876464844,492.8759765625,4812.07958984375,467.2087707519531,0.3752805635064977,0.09709082363018928,-0.5245344042778015,True,-0.3369879126548767,True,0.0010630659526214004,0.01,True,,0.001,0.0010000001639127731,7.480518979718909e-05,492.8759765625,4675.376953125,357409.875,0.0002739345363806933,23849787392.0,204.8059844970703
npg_logbarrier_handoff,730,47,112723,546.4135158976487,True,840.2992553710938,0.4084545075893402,223.18504333496094,634.2910766601562,5748.81689453125,703.4039916992188,0.26560185780052575,0.12235630471521101,-0.9426925182342529,True,-0.3559614419937134,True,0.0013698891270905733,0.01,True,,0.001,0.0010000003967434168,6.0998561821179464e-05,634.2910766601562,5537.5849609375,537515.25,0.00023901916574686766,134302224.0,200.99851989746094
npg_logbarrier_handoff,730,48,114770,546.4135158976487,True,758.8483276367188,0.6027088165283203,329.3282470703125,514.16455078125,5177.134765625,711.9368286132812,0.4339842825982623,0.1375156067677396,-0.840187668800354,True,-0.2032788097858429,True,0.0009963331976905465,0.01,True,,0.001,0.0009999998146668077,5.693291677744128e-05,514.16455078125,5080.4599609375,617025.5,0.00023373561271000654,215805392.0,238.3501434326172
npg_logbarrier_handoff,730,49,117116,546.4135158976487,True,409.7613525390625,0.4352820813655853,237.84400939941406,319.2644958496094,5180.86474609375,581.1693115234375,0.580445197980794,0.11217612117004704,-0.6286949515342712,True,-0.4952417016029358,True,0.001205867505632341,0.01,True,,0.001,0.0009999998146668077,6.766456499462947e-05,319.2644958496094,4919.02587890625,436824.9375,0.0002649163652677089,142003120.0,200.17909240722656
npg_logbarrier_handoff,730,50,119216,546.4135158976487,True,296.1280517578125,0.4691028594970703,256.3241271972656,313.1562805175781,6553.75537109375,650.2516479492188,0.865585430612631,0.09921817509656282,-0.3644503653049469,True,-0.2554803490638733,True,0.0010861462214961648,0.01,True,,0.001,0.0010000003967434168,5.899677489651367e-05,313.1562805175781,6418.49169921875,574610.375,0.00042786335689015687,308566208.0,239.959228515625
npg_logbarrier_handoff,730,51,121422,546.4135158976487,True,330.3499450683594,0.4726252555847168,258.2488098144531,220.28981018066406,5122.39990234375,519.3057250976562,0.7817431595486225,0.10137937978252115,-0.746056854724884,True,-0.20651817321777344,True,0.0010319381253793836,0.01,True,,0.001,0.0009999998146668077,7.317936251638457e-05,220.28981018066406,5040.82958984375,373467.4375,0.00041887053521350026,503199616.0,230.9414520263672
npg_logbarrier_handoff,730,52,123550,546.4135158976487,True,547.8463134765625,0.47581997513771057,259.9944763183594,328.72198486328125,4573.34326171875,624.2493896484375,0.4745755696857167,0.13649738362605054,-0.911541759967804,True,-0.08944785594940186,True,0.0007978976354934275,0.01,True,,0.001,0.0010000001639127731,7.814023410901427e-05,328.72198486328125,4560.0927734375,327552.25,0.0002638227306306362,171389360.0,241.58876037597656
npg_logbarrier_handoff,730,53,125601,546.4135158976487,True,376.9101257324219,0.4649443030357361,254.05189514160156,410.3934020996094,3920.5390625,460.21441650390625,0.6740383921708686,0.1173854944861696,-0.19936789572238922,True,-0.13142260909080505,True,0.0010286547476425767,0.01,True,,0.001,0.0010000003967434168,0.00010138368816114962,410.3934020996094,3886.924560546875,194578.0625,0.00013298497651703656,216028928.0,231.7946014404297
npg_logbarrier_handoff,730,54,127529,546.4135158976487,True,523.3521118164062,0.425741970539093,232.63116455078125,352.3447265625,5264.71826171875,709.3670654296875,0.4445021989944488,0.13473979616111564,-0.8372536301612854,True,-0.14559805393218994,True,0.0009854530217126012,0.01,True,,0.001,0.0009999998146668077,5.848894579685293e-05,352.3447265625,5208.9306640625,584631.8125,0.00026838184567168355,245647728.0,173.55184936523438
npg_logbarrier_handoff,730,55,129611,546.4135158976487,True,582.3038330078125,0.43533653020858765,237.87374877929688,419.12713623046875,5074.36083984375,710.62939453125,0.40850452168688617,0.1400431338960774,-0.7941177487373352,True,-0.0445355586707592,True,0.0009271417511627078,0.01,True,,0.001,0.0010000001639127731,5.857852374901995e-05,419.12713623046875,5092.43994140625,582845.125,0.00024144299095496535,208403840.0,197.18728637695312
npg_logbarrier_handoff,730,56,131834,546.4135158976487,True,357.8133544921875,0.3657144606113434,199.83132934570312,350.2050476074219,5657.0078125,515.397705078125,0.5584792373926509,0.09110782982114275,-0.31690850853919983,True,-0.3000943958759308,True,0.0010677059181034565,0.01,True,,0.001,0.0010000001639127731,5.8601748605724424e-05,350.2050476074219,5524.26025390625,582383.25,0.00024618563475087285,1075144832.0,195.23123168945312
npg_logbarrier_handoff,730,57,133734,546.4135158976487,True,585.4032592773438,0.4445749819278717,242.92178344726562,419.2954406738281,6198.2080078125,668.277099609375,0.41496486327585974,0.10781779165317597,-0.7942611575126648,True,-0.18694286048412323,True,0.0010152761824429035,0.01,True,,0.001,0.0010000001639127731,6.691271846648306e-05,419.2954406738281,6108.6572265625,446696.6875,0.0002970099449157715,70139464.0,181.297119140625
npg_logbarrier_handoff,730,58,136088,546.4135158976487,True,421.8979797363281,0.5021470189094543,274.3799133300781,420.2508850097656,4498.4375,723.369873046875,0.6503465920873956,0.1608046956408475,-0.33116447925567627,True,0.03522855415940285,True,0.0010795018170028925,0.01,True,,0.001,0.0010000001639127731,5.770829739049077e-05,420.2508850097656,4581.31884765625,600556.0,0.00022646223078481853,115081224.0,226.5213623046875
npg_logbarrier_handoff,730,59,138221,546.4135158976487,True,313.95684814453125,0.4748096764087677,259.4424743652344,355.3867492675781,5274.77734375,625.2892456054688,0.8263634824292765,0.11854324928925465,-0.24295729398727417,True,-0.1954181045293808,True,0.0009736596839502454,0.01,True,,0.001,0.0010000000474974513,6.803591531934217e-05,355.3867492675781,5188.9482421875,432069.4375,0.000392200134228915,974041344.0,254.78201293945312
npg_logbarrier_handoff,730,60,140327,546.4135158976487,True,313.46270751953125,0.3706514835357666,202.5289764404297,298.949462890625,4480.75341796875,576.799072265625,0.6461023004716135,0.12872814423407927,-0.39305227994918823,True,0.07733865082263947,True,0.0009450911311432719,0.01,True,,0.001,0.0009999999310821295,6.737773219356313e-05,298.949462890625,4561.75439453125,440552.0,0.00015275162877514958,2487663616.0,200.65573120117188
npg_logbarrier_handoff,730,61,142271,546.4135158976487,True,415.3625183105469,0.3558627963066101,194.44822692871094,356.0994873046875,5032.75927734375,546.5366821289062,0.4681410054032155,0.10859583222851142,-0.5171034932136536,True,-0.3239324986934662,True,0.0010561177041381598,0.01,True,,0.001,0.0010000001639127731,5.8611465647118166e-05,356.0994873046875,4883.1689453125,582190.125,0.0003319922834634781,2158437632.0,195.94287109375
npg_logbarrier_handoff,730,62,144348,546.4135158976487,True,609.2647705078125,0.37540027499198914,205.12376403808594,715.7125244140625,6242.7431640625,508.51910400390625,0.3366742571823389,0.08145763659336333,0.3959403932094574,True,-0.22815994918346405,True,0.0010560100199654698,0.01,True,,0.001,0.0009999998146668077,4.673731018556282e-05,715.7125244140625,6146.6923828125,915593.25,0.00023429833527188748,818752000.0,187.59860229492188
npg_logbarrier_handoff,730,63,146583,546.4135158976487,True,340.2816467285156,0.32822099328041077,179.34439086914062,263.850830078125,5696.998046875,503.7341003417969,0.5270469112670824,0.08842097121976589,-0.6418303847312927,True,-0.3035261929035187,True,0.0010409937240183353,0.01,True,,0.001,0.0010000000474974513,6.898601714055985e-05,263.850830078125,5564.83837890625,420250.125,0.0003126515948679298,287521024.0,196.257080078125
npg_logbarrier_handoff,730,64,148705,546.4135158976487,True,324.2765808105469,0.31440049409866333,171.7926788330078,268.6731262207031,5595.32666015625,518.6493530273438,0.5297720803753472,0.0926933107803326,-0.5608028173446655,True,-0.2763592600822449,True,0.0011207552161067724,0.01,True,,0.001,0.0009999999310821295,7.508222915930673e-05,268.6731262207031,5474.7294921875,354777.21875,0.00018048907804768533,145491472.0,177.34207153320312
npg_logbarrier_handoff,730,65,150606,546.4135158976487,True,346.82818603515625,0.33374693989753723,182.3638458251953,305.51788330078125,6202.22119140625,516.247802734375,0.5258045717389013,0.08323595479788498,-0.47593843936920166,True,0.0621861033141613,True,0.0007560247904621065,0.01,True,,0.001,0.0010000003967434168,7.118300709407777e-05,305.51788330078125,6255.58056640625,394709.3125,0.0002902373962569982,101779720.0,199.4215850830078
npg_logbarrier_handoff,730,66,152836,546.4135158976487,True,370.9793701171875,0.30585959553718567,167.12583923339844,386.9582824707031,5355.53076171875,409.1112365722656,0.45049901071481574,0.07639041857374554,-0.127580463886261,True,-0.19449928402900696,True,0.0010820106836035848,0.01,True,,0.001,0.0010000001639127731,6.080151069909334e-05,386.9582824707031,5291.1982421875,541005.0,0.00013423692143987864,74343808.0,176.33106994628906
npg_logbarrier_handoff,730,67,155038,546.4135158976487,True,330.97149658203125,0.33158040046691895,181.1800079345703,209.90997314453125,3873.686767578125,511.0904541015625,0.5474187650768436,0.13193902469845345,-0.8196904063224792,True,-0.21693219244480133,True,0.0009799138642847538,0.01,True,,0.001,0.0009999999310821295,8.657787839183584e-05,209.90997314453125,3795.74755859375,266818.625,0.00012551189865916967,869072256.0,188.6406707763672
npg_logbarrier_handoff,730,68,156847,546.4135158976487,True,385.5550231933594,0.30616480112075806,167.29257202148438,471.9365234375,5244.15576171875,486.59039306640625,0.4339006418224919,0.09278717398487955,0.35724231600761414,True,0.04782117158174515,True,0.0009580572950653732,0.01,True,,0.001,0.0010000000474974513,4.9498830776428804e-05,471.9365234375,5289.80078125,816281.8125,0.00023722783953417093,443737344.0,174.2568359375
npg_logbarrier_handoff,730,69,159069,546.4135158976487,True,789.2666015625,0.2910670042037964,159.04295349121094,641.8983764648438,6726.09765625,506.9093322753906,0.2015072640554609,0.07536455136127293,-0.9408431649208069,True,-0.28912919759750366,True,0.0009581776103004813,0.01,True,,0.001,0.0010000000474974513,5.0066624680766836e-05,641.8983764648438,6597.4072265625,797872.3125,0.00030178797896951437,291489024.0,176.59739685058594
npg_logbarrier_handoff,730,70,161259,546.4135158976487,True,479.47625732421875,0.39000222086906433,213.10247802734375,328.0562438964844,5992.44677734375,538.7560424804688,0.4444484471798261,0.08990585356842855,-0.8205775022506714,True,-0.22676797211170197,True,0.0010397774167358875,0.01,True,,0.001,0.0010000000474974513,7.366885256487876e-05,328.0562438964844,5893.67919921875,368520.9375,0.00018124330381397158,658104320.0,179.7602996826172
npg_logbarrier_handoff,730,71,163293,546.4135158976487,True,297.4676208496094,0.3380577266216278,184.7193145751953,258.6481018066406,4394.0302734375,431.04296875,0.6209728441959866,0.09809740532642944,-0.5069281458854675,True,-0.10972999036312103,True,0.0011166626354679465,0.01,True,,0.001,0.0009999999310821295,8.197183342417702e-05,258.6481018066406,4367.79541015625,297646.4375,0.000168400292750448,587160064.0,171.04733276367188
npg_logbarrier_handoff,730,72,165276,546.4135158976487,True,538.84814453125,0.36794930696487427,201.05245971679688,503.4351806640625,6063.9228515625,466.8898620605469,0.37311524917970096,0.07699469031672174,-0.3569076359272003,True,-0.12902189791202545,True,0.0009034310933202505,0.01,True,,0.001,0.0009999999310821295,4.99658563057892e-05,503.4351806640625,6021.50927734375,801093.75,0.00023624574532732368,306158816.0,168.4941864013672
npg_logbarrier_handoff,730,73,167563,546.4135158976487,True,326.1856994628906,0.3391271233558655,185.30364990234375,426.408447265625,5318.17041015625,462.8719177246094,0.5680925013189467,0.08703593191384967,0.33990180492401123,True,-0.07023917883634567,True,0.0010226636659353971,0.01,True,,0.001,0.0009999999310821295,6.032170495018363e-05,426.408447265625,5305.787109375,549645.625,0.0001281667937291786,166768080.0,145.40829467773438
npg_logbarrier_handoff,730,74,169673,546.4135158976487,True,472.5765686035156,0.3201330304145813,174.92503356933594,339.8673095703125,5327.76171875,436.25531005859375,0.37015172818713177,0.08188341241374962,-0.8372154235839844,True,-0.06521482020616531,True,0.0009256604826077819,0.01,True,,0.001,0.0010000000474974513,6.548532110173255e-05,339.8673095703125,5317.16162109375,466382.3125,0.00015049101784825325,1017726016.0,154.22341918945312
npg_logbarrier_handoff,730,75,171658,546.4135158976487,True,344.84075927734375,0.3269306421279907,178.6393280029297,285.539306640625,4544.5009765625,409.5655517578125,0.5180342613132229,0.09012332792314888,-0.5624356269836426,True,-0.4499998688697815,True,0.0010391222313046455,0.01,True,,0.001,0.0010000000474974513,7.290465873666108e-05,285.539306640625,4375.51171875,376287.21875,0.00028476258739829063,188654016.0,144.19598388671875
npg_logbarrier_handoff,730,76,173686,546.4135158976487,True,222.36529541015625,0.321563184261322,175.7064666748047,257.89990234375,6289.431640625,483.6304626464844,0.7901703651674213,0.07689573403144971,-0.17668752372264862,True,-0.1515032798051834,True,0.001060350681655109,0.01,True,,0.001,0.001000000280328095,6.571859557880089e-05,257.89990234375,6234.51416015625,463077.28125,0.000372017064364627,252517840.0,169.17733764648438
npg_logbarrier_handoff,730,77,175821,546.4135158976487,True,433.56170654296875,0.33198535442352295,181.4012908935547,313.74334716796875,5007.29345703125,404.0797119140625,0.41839786160998665,0.0806982285702974,-0.7784450054168701,True,-0.24299252033233643,True,0.0010351442033424973,0.01,True,,0.001,0.0010000000474974513,7.966304110595956e-05,313.74334716796875,4924.7294921875,315149.25,0.0001743001485010609,215868864.0,161.94989013671875
npg_logbarrier_handoff,730,78,177849,546.4135158976487,True,371.97320556640625,0.32542869448661804,177.8186492919922,425.80841064453125,3694.4873046875,391.74090576171875,0.4780415541523386,0.10603390225882894,0.08564108610153198,True,0.048359159380197525,True,0.0009747226722538471,0.01,True,,0.001,0.0010000001639127731,7.508445560233667e-05,425.80841064453125,3733.98876953125,354756.1875,0.00016332112136296928,182847792.0,196.46817016601562
npg_logbarrier_handoff,730,79,179911,546.4135158976487,True,379.6317443847656,0.24901610612869263,136.06576538085938,328.8595275878906,5256.705078125,374.561279296875,0.3584151414981608,0.07125400297908215,-0.5273999571800232,True,-0.2237655073404312,True,0.0013001759070903063,0.01,True,,0.001,0.0010000000474974513,7.957628258736804e-05,328.8595275878906,5185.75732421875,315836.8125,0.00019574670295696706,190358256.0,163.1908721923828
npg_logbarrier_handoff,730,80,182491,546.4135158976487,True,550.1114501953125,0.2811671495437622,153.63352966308594,432.0528259277344,4963.78662109375,388.75091552734375,0.2792770985016575,0.07831741071933589,-0.8256241083145142,True,-0.07933782041072845,True,0.0010393231641501188,0.01,True,,0.001,0.0010000000474974513,7.186034054029733e-05,432.0528259277344,4948.1416015625,387303.5625,0.00028066246886737645,2228494080.0,173.68247985839844
npg_logbarrier_handoff,730,81,184892,546.4135158976487,True,333.1332092285156,0.29371169209480286,160.48805236816406,293.71160888671875,7110.892578125,423.998291015625,0.48175338850134236,0.05962659207086839,-0.4719785153865814,True,-0.13129687309265137,True,0.0010053893784061074,0.01,True,,0.001,0.0010000001639127731,5.5538803280796856e-05,293.71160888671875,7067.7314453125,648391.0,0.0004761239397339523,487948480.0,162.11532592773438
npg_logbarrier_handoff,730,82,187480,546.4135158976487,True,378.7442932128906,0.261385440826416,142.8245391845703,256.5036315917969,5195.65478515625,402.2153625488281,0.37710017482504804,0.07741379656283924,-0.9063112139701843,True,-0.25355997681617737,True,0.0012465639738366008,0.01,True,,0.001,0.0010000000474974513,8.124646410578862e-05,256.5036315917969,5108.5068359375,302984.96875,0.00025865851785056293,153711888.0,164.4418182373047
npg_logbarrier_handoff,730,83,189402,546.4135158976487,True,492.25128173828125,0.30114564299583435,164.550048828125,457.642822265625,6144.41357421875,425.32861328125,0.33428058987891573,0.06922200274178805,-0.37006887793540955,True,-0.2691899836063385,True,0.0010169442975893617,0.01,True,,0.001,0.0010000001639127731,5.643294571200386e-05,457.642822265625,6043.81787109375,628007.125,0.0001841286721173674,104721064.0,177.73104858398438
npg_logbarrier_handoff,730,84,191563,546.4135158976487,True,321.29571533203125,0.36616775393486023,200.07901000976562,324.4527587890625,5253.71630859375,406.8342590332031,0.6227254222889381,0.07743742431766353,-0.2955060303211212,True,-0.07934170961380005,True,0.0011593381641432643,0.01,True,,0.001,0.0010000001639127731,5.605566911981441e-05,324.4527587890625,5237.16259765625,636489.0625,0.0002527297183405608,309559264.0,198.7616424560547
npg_logbarrier_handoff,730,85,193571,546.4135158976487,True,294.757080078125,0.31816133856773376,173.84764099121094,213.35862731933594,4846.68115234375,470.56829833984375,0.5897997121736069,0.0970908305185884,-0.698466956615448,True,-0.1354980617761612,True,0.0009441330912522972,0.01,True,,0.001,0.0010000001639127731,7.945045945234597e-05,213.35862731933594,4805.5888671875,316837.9375,0.0004119753139093518,152264196096.0,196.16519165039062
npg_logbarrier_handoff,730,86,195635,546.4135158976487,True,357.9210510253906,0.32301047444343567,176.49728393554688,251.26724243164062,5757.74267578125,397.5486755371094,0.49311791924478426,0.06904592614208263,-0.760806679725647,True,-0.16857415437698364,True,0.0007762546883895993,0.01,True,,0.001,0.0010000001639127731,6.889783253427595e-05,251.26724243164062,5704.20068359375,421326.625,0.0004211149935144931,123869632.0,181.02821350097656
npg_logbarrier_handoff,730,87,198197,546.4135158976487,True,510.93994140625,0.31389662623405457,171.5173797607422,370.78192138671875,5714.99169921875,364.8973083496094,0.33568990376575036,0.06384914056821667,-0.872930109500885,True,-0.02003241702914238,True,0.0009381701238453388,0.01,True,,0.001,0.0009999999310821295,6.338411913020536e-05,370.78192138671875,5719.3291015625,497816.3125,0.00013125716941431165,51780556.0,175.0669403076172
npg_logbarrier_handoff,730,88,200733,546.4135158976487,True,453.9258728027344,0.3539618253707886,193.40953063964844,294.263671875,5419.744140625,501.08050537109375,0.42608175084943817,0.09245464220628496,-0.8933730125427246,True,-0.35927295684814453,True,0.0010479475604370236,0.01,True,,0.001,0.0010000001639127731,6.658346683252603e-05,294.263671875,5260.5419921875,451125.3125,0.0005176557460799813,34718860.0,156.07598876953125
npg_logbarrier_handoff,730,89,203038,546.4135158976487,True,493.7039489746094,0.48434025049209595,264.6500549316406,506.9560852050781,5494.04541015625,355.4337158203125,0.5360501075215246,0.06469435348372994,-0.21727865934371948,True,0.11481192708015442,True,0.0008644150802865624,0.01,True,,0.001,0.0010000001639127731,5.316602982929908e-05,506.9560852050781,5546.10498046875,707557.1875,0.0002511123602744192,54280780.0,187.04598999023438
npg_logbarrier_handoff,730,90,205567,546.4135158976487,True,309.61749267578125,0.33990341424942017,185.72781372070312,275.1556396484375,5049.03515625,413.59503173828125,0.5998621464039491,0.08191565694017963,-0.4751550257205963,True,-0.33973535895347595,True,0.0009088341612368822,0.01,True,,0.001,0.0010000001639127731,7.031362474663183e-05,275.1556396484375,4923.91064453125,404530.25,0.00018000241834670305,581453440.0,168.1600341796875
npg_logbarrier_handoff,730,91,207568,546.4135158976487,True,408.35113525390625,0.3627787232398987,198.22718811035156,277.450439453125,4162.83154296875,430.50677490234375,0.48543317502251354,0.10341681388224638,-0.797231912612915,True,-0.12382055073976517,True,0.00116247299592942,0.01,True,,0.001,0.0009999999310821295,7.903085497673601e-05,277.450439453125,4131.67041015625,320211.3125,0.00020044522534590214,16292255744.0,171.43505859375
npg_logbarrier_handoff,730,92,209546,546.4135158976487,True,530.3939819335938,0.40242740511894226,219.8917694091797,398.4536437988281,4754.982421875,457.44805908203125,0.4145819464382809,0.09620394325278049,-0.7326844334602356,True,-0.31287384033203125,True,0.001100708730518818,0.01,True,,0.001,0.0009999999310821295,6.947267684154212e-05,398.4536437988281,4632.279296875,414383.0,0.0001952135789906606,153257504.0,157.4752960205078
npg_logbarrier_handoff,730,93,211264,546.4135158976487,True,327.1946105957031,0.5486063957214355,299.7659606933594,588.7734375,5652.6953125,401.82879638671875,0.9161702270938813,0.07108622951924207,0.7633336782455444,True,0.06716746836900711,True,0.0009081222815439105,0.01,True,,0.001,0.0009999999310821295,5.73189026908949e-05,588.7734375,5693.8173828125,608743.375,0.00022075517335906625,363505504.0,178.23826599121094
npg_logbarrier_handoff,730,94,213683,546.4135158976487,True,345.55029296875,0.4242401421070099,231.810546875,402.56298828125,5433.83935546875,455.7703857421875,0.6708445965518655,0.08387630843070268,-0.06918768584728241,True,0.06386525928974152,True,0.0009252030868083239,0.01,True,,0.001,0.0010000001639127731,4.975672345608473e-05,402.56298828125,5481.85009765625,807842.125,0.00017477897927165031,2140780416.0,163.13633728027344
npg_logbarrier_handoff,730,95,215980,546.4135158976487,True,451.47393798828125,0.3647312521934509,199.2940673828125,353.8310241699219,6789.20751953125,509.6600341796875,0.4414298381670605,0.07506914948666589,-0.6576771140098572,True,-0.4283493757247925,True,0.0010664515430107713,0.01,True,,0.001,0.0010000000474974513,4.953074676450342e-05,353.8310241699219,6587.0146484375,815230.1875,0.0003666832926683128,80736400.0,153.12701416015625
npg_logbarrier_handoff,730,96,218045,546.4135158976487,True,285.8442687988281,0.4076548218727112,222.74813842773438,460.69818115234375,4351.0947265625,497.2874450683594,0.7792639655283778,0.11429019047379645,0.6354450583457947,True,-0.18947939574718475,True,0.0009703848045319319,0.01,True,,0.001,0.0010000000474974513,7.221109990496188e-05,460.69818115234375,4284.77880859375,383550.125,0.0001445537491235882,5653746688.0,161.43287658691406
npg_logbarrier_handoff,730,97,220169,546.4135158976487,True,359.6783752441406,0.41594433784484863,227.27760314941406,300.9349060058594,5505.029296875,502.5119323730469,0.6318912083473013,0.09128233571042105,-0.5533047318458557,True,-0.37893742322921753,True,0.0010277548572048545,0.01,True,,0.001,0.0009999999310821295,6.828151526860893e-05,300.9349060058594,5334.9140625,428966.8125,0.0001770161761669442,276498112.0,168.7993927001953
npg_logbarrier_handoff,730,98,222652,546.4135158976487,True,571.9730224609375,0.32842084765434265,179.4535675048828,453.1750793457031,5701.16650390625,409.21771240234375,0.3137448104331502,0.07177789179143626,-0.7501225471496582,True,-0.33110398054122925,True,0.0009916560957208276,0.01,True,,0.001,0.0010000001639127731,5.3354931878857315e-05,453.1750793457031,5579.05224609375,702555.875,0.00023703495389781892,51869108.0,167.690673828125
npg_logbarrier_handoff,730,99,225045,546.4135158976487,True,220.62835693359375,0.4228203594684601,231.0347442626953,238.773193359375,4768.79345703125,552.816162109375,1.047167043591925,0.1159236958133061,-0.44181662797927856,True,-0.20419026911258698,True,0.001048340811394155,0.01,True,,0.001,0.0010000000474974513,7.781363819958642e-05,238.773193359375,4687.2587890625,330307.625,0.00019247655291110277,548706304.0,158.63694763183594
npg_logbarrier_handoff,730,100,226861,546.4135158976487,True,244.17739868164062,0.42680519819259644,233.21214294433594,246.958740234375,5300.296875,607.280517578125,0.9550930766053363,0.11457481192091244,-0.465552419424057,True,-0.30663108825683594,True,0.0009295554482378066,0.01,True,,0.001,0.0010000000474974513,7.319544965866953e-05,246.958740234375,5146.64892578125,373303.3125,0.0006206524558365345,577100160.0,175.9434051513672
npg_logbarrier_handoff,730,101,228853,546.4135158976487,True,299.3961486816406,0.35074952244758606,191.65426635742188,256.15478515625,5000.4306640625,421.3310852050781,0.6401360445060874,0.08425895957984869,-0.5293967127799988,True,-0.17193223536014557,True,0.001019656308926642,0.01,True,,0.001,0.0009999999310821295,7.659916445845738e-05,256.15478515625,4945.4384765625,340864.625,0.0001823155180318281,747130176.0,175.22802734375
npg_logbarrier_handoff,730,102,230814,546.4135158976487,True,349.3568115234375,0.5090471506118774,278.1502380371094,511.0715637207031,5233.16943359375,568.8896484375,0.7961780874521434,0.10870843294038525,0.3178659975528717,True,-0.11329823732376099,True,0.0009517195867374539,0.01,True,,0.001,0.0010000001639127731,5.71613636566326e-05,511.0715637207031,5199.5263671875,612103.5,0.0006216162582859397,2622945280.0,197.2462921142578
npg_logbarrier_handoff,730,103,233108,546.4135158976487,True,466.31402587890625,0.37222760915756226,203.39019775390625,367.4772033691406,5495.236328125,375.9078063964844,0.4361657305301025,0.0684061219483068,-0.6525307893753052,True,0.27998945116996765,True,0.0009886304615065455,0.01,True,,0.001,0.0009999999310821295,6.053319157217629e-05,367.4772033691406,5612.10205078125,545811.75,0.00023619683634024113,40545980.0,177.60545349121094
npg_logbarrier_handoff,730,104,235104,546.4135158976487,True,173.8498992919922,0.3523485064506531,192.52796936035156,200.2536163330078,5166.3076171875,343.71209716796875,1.1074379113501145,0.0665295453999859,-0.4061623513698578,True,-0.17518898844718933,True,0.0011177145643159747,0.01,True,,0.001,0.0010000003967434168,8.637560677016154e-05,200.2536163330078,5117.29296875,268069.75,0.000210687197977677,266096128.0,152.3459014892578
npg_logbarrier_handoff,730,105,237056,546.4135158976487,True,290.1176452636719,0.34635481238365173,189.25294494628906,254.44175720214844,5344.92529296875,434.4449462890625,0.6523317283038318,0.08128176213436976,-0.5030843615531921,True,-0.28251439332962036,True,0.0010276343673467636,0.01,True,,0.001,0.0009999999310821295,7.06296632415615e-05,254.44175720214844,5238.79052734375,400918.1875,0.000251421908615157,60466428.0,157.88925170898438
npg_logbarrier_handoff,730,106,239096,546.4135158976487,True,291.01361083984375,0.34842315316200256,190.38311767578125,377.2768859863281,4896.46923828125,373.3764343261719,0.654206918797886,0.07625421832676188,0.19315560162067413,True,-0.005224939435720444,True,0.0008236986468546093,0.01,True,,0.001,0.0010000001639127731,7.017065217951313e-05,377.2768859863281,4908.7392578125,406180.46875,0.00018726834969129413,409311712.0,166.82821655273438
npg_logbarrier_handoff,730,107,241049,546.4135158976487,True,351.66888427734375,0.3713935613632202,202.93446350097656,469.8211669921875,5259.7158203125,421.8303527832031,0.5770611861723093,0.08020021750113118,0.3914943039417267,True,-0.038068924099206924,True,0.0008806860423646867,0.01,True,,0.001,0.0009999999310821295,6.389686313923448e-05,469.8211669921875,5260.5732421875,489858.84375,0.0002671949041541666,242321424.0,166.39088439941406
npg_logbarrier_handoff,730,108,243085,546.4135158976487,True,356.9439697265625,0.31068798899650574,169.76409912109375,302.1230773925781,4602.1376953125,369.02899169921875,0.47560433434732574,0.08018642990084643,-0.5359280705451965,True,-0.03720124438405037,True,0.0008840158698149025,0.01,True,,0.001,0.0010000000474974513,7.070977153489366e-05,302.1230773925781,4603.205078125,400010.25,0.0002290982083650306,46473088.0,146.15176391601562
npg_logbarrier_handoff,730,109,245119,546.4135158976487,True,479.3543395996094,0.2918194532394409,159.45408630371094,436.0365295410156,6815.7744140625,353.6324768066406,0.3326434604449357,0.0518844162560627,-0.4257104694843292,True,-0.0518278069794178,True,0.0008620837470516562,0.01,True,,0.001,0.0010000001639127731,4.6636629122076556e-05,436.0365295410156,6806.6142578125,919550.8125,0.0002819357323460281,119776608.0,142.0220184326172
npg_logbarrier_handoff,730,110,248007,546.4135158976487,True,381.9391784667969,0.3445768654346466,188.28146362304688,315.4118347167969,5138.59765625,336.1959533691406,0.49296190136570334,0.06542562307057266,-0.5690478682518005,True,-0.12436645478010178,True,0.001072577084414661,0.01,True,,0.001,0.0009999996982514858,7.14909183443524e-05,315.4118347167969,5107.68994140625,391316.5625,0.00030307203996926546,71240792.0,150.98602294921875
npg_logbarrier_handoff,730,111,250096,546.4135158976487,True,204.291259765625,0.42338937520980835,231.34567260742188,403.97503662109375,3991.86962890625,390.7212219238281,1.1324305938141226,0.09787925414560283,0.7187618017196655,True,-0.21188713610172272,True,0.0009717938955873251,0.01,True,,0.001,0.0010000001639127731,0.00010089681018143892,403.97503662109375,3927.686279296875,196460.4375,0.0001337579160463065,98562072.0,163.79283142089844
npg_logbarrier_handoff,730,112,252009,546.4135158976487,True,411.6439208984375,0.42722833156585693,233.44334411621094,316.83636474609375,5794.78955078125,365.1982116699219,0.5671001860217123,0.0630218247737204,-0.6429083347320557,True,0.28613558411598206,True,0.0008858596556819975,0.01,True,,0.001,0.001000000280328095,6.161609780974686e-05,316.83636474609375,5909.65673828125,526795.0,0.00039988671778701246,47401684.0,181.93763732910156
npg_logbarrier_handoff,730,113,254223,546.4135158976487,True,298.2480773925781,0.28094056248664856,153.5097198486328,193.7113800048828,4213.85107421875,329.9090270996094,0.514704809468297,0.0782915725517838,-0.818988025188446,True,-0.10389889031648636,True,0.0010200372198596597,0.01,True,,0.001,0.0010000001639127731,9.923949983203784e-05,193.7113800048828,4192.43408203125,203077.0625,0.00010526749247219414,170133920.0,127.40357971191406
npg_logbarrier_handoff,730,114,256092,546.4135158976487,True,283.1883239746094,0.24303308129310608,132.79656982421875,227.86026000976562,6819.85595703125,345.482666015625,0.46893377509492684,0.05065835234532094,-0.6104043126106262,True,-0.4150165319442749,True,0.0017749695107340813,0.01,True,,0.001,0.0010000000474974513,5.6808705267030746e-05,227.86026000976562,6683.86962890625,619726.75,0.0002114601811626926,83397856.0,124.6729965209961
npg_logbarrier_handoff,730,115,258311,546.4135158976487,True,265.5314636230469,0.3331003785133362,182.01055908203125,189.7371368408203,4801.25537109375,381.6924743652344,0.6854575973731559,0.07949847380817049,-0.6997235417366028,True,-0.06430622935295105,True,0.0009901105659082532,0.01,True,,0.001,0.0010000001639127731,9.670841245679185e-05,189.7371368408203,4791.87353515625,213846.1875,0.00018761170213110745,33756292.0,140.68148803710938
npg_logbarrier_handoff,730,116,260144,546.4135158976487,True,378.9903259277344,0.3380913734436035,184.73770141601562,319.1311950683594,6055.08251953125,364.6148376464844,0.487447010590031,0.06021632842663733,-0.542156994342804,True,-0.031841859221458435,True,0.0009917294373735785,0.01,True,,0.001,0.0010000001639127731,6.357874372042716e-05,319.1311950683594,6054.45068359375,494773.125,0.00022971828002482653,89066752.0,149.61167907714844
npg_logbarrier_handoff,730,117,262515,546.4135158976487,True,550.5906372070312,0.29515624046325684,161.27735900878906,439.8210144042969,6743.62890625,318.66802978515625,0.2929170024156188,0.047254680560760765,-0.7641961574554443,True,0.16543401777744293,True,0.0007621280383318663,0.01,True,,0.001,0.001000000280328095,4.968306893715635e-05,439.8210144042969,6803.60888671875,810239.0625,0.0002433747285977006,45612476.0,139.4397430419922
npg_logbarrier_handoff,730,118,265062,546.4135158976487,True,347.5269470214844,0.25958889722824097,141.84286499023438,241.1717987060547,5165.9375,358.52178955078125,0.40814925635526483,0.0694011086178997,-0.839150607585907,True,-0.2495378851890564,True,0.001142959576100111,0.01,True,,0.001,0.0010000000474974513,9.22058752621524e-05,241.1717987060547,5088.3310546875,235240.890625,0.00010013560677180067,67985848.0,121.30606842041016
npg_logbarrier_handoff,730,119,267416,546.4135158976487,True,288.8580627441406,0.2804566025733948,153.2452850341797,195.19573974609375,4221.6015625,396.9222106933594,0.5305210579145871,0.09402171304349838,-0.7773630023002625,True,-0.0534091554582119,True,0.0008674621931277215,0.01,True,,0.001,0.0010000000474974513,0.00011090943735325709,195.19573974609375,4219.06103515625,162589.6875,9.443761518923566e-05,460903936.0,122.35841369628906
npg_logbarrier_handoff,730,120,269685,546.4135158976487,True,370.0098876953125,0.2715979516506195,148.40476989746094,268.1492919921875,5376.908203125,402.9888000488281,0.4010832543471541,0.07494805282608609,-0.7924356460571289,True,-0.31784528493881226,True,0.0009261012892238796,0.01,True,,0.001,0.001000000280328095,7.351276144618168e-05,268.1492919921875,5262.708984375,370087.625,0.00013842732005286962,75806760.0,115.22428131103516
npg_logbarrier_handoff,730,121,271763,546.4135158976487,True,288.5979309082031,0.25040432810783386,136.8242950439453,236.4154815673828,5552.5986328125,397.7845764160156,0.47410005544172185,0.07163935352095312,-0.5839534401893616,True,-0.18634696304798126,True,0.000943357648793608,0.01,True,,0.001,0.0009999999310821295,7.16376889613457e-05,236.4154815673828,5492.39501953125,389714.75,0.00010682575521059334,3342043392.0,119.13172912597656
npg_logbarrier_handoff,730,122,274137,546.4135158976487,True,244.55648803710938,0.26879361271858215,146.87245178222656,140.1486358642578,5023.759765625,501.4739074707031,0.6005665724147131,0.09982043944498117,-0.8594116568565369,True,-0.3273380696773529,True,0.0013697687536478043,0.01,True,,0.001,0.0010000001639127731,0.00010673343786038458,140.1486358642578,4882.65576171875,175561.40625,0.00012033816892653704,48183436.0,115.45474243164062
npg_logbarrier_handoff,730,123,276042,546.4135158976487,True,451.549560546875,0.3110758066177368,169.9759979248047,491.05560302734375,5941.935546875,517.4778442382812,0.37642822134284776,0.08708910424153535,0.054374463856220245,True,-0.19001705944538116,True,0.0008971155621111393,0.01,True,,0.001,0.0010000000474974513,5.6219971156679094e-05,491.05560302734375,5865.650390625,632774.25,0.00017540644330438226,26142496.0,118.37327575683594
npg_logbarrier_handoff,730,124,278393,546.4135158976487,True,370.7693786621094,0.26449984312057495,144.5262908935547,270.30078125,5354.96826171875,374.99957275390625,0.3898010440211267,0.07002834646746255,-0.795873761177063,True,0.02589680254459381,True,0.0009354320354759693,0.01,True,,0.001,0.0009999996982514858,7.120063673937693e-05,270.30078125,5377.76123046875,394513.8125,0.0001367648656014353,40812012.0,128.7050018310547
npg_logbarrier_handoff,730,125,280934,546.4135158976487,True,502.26776123046875,0.30827391147613525,168.44503784179688,358.1318054199219,4325.18115234375,507.69866943359375,0.3353690020421295,0.11738205905167222,-0.9005915522575378,True,-0.15332314372062683,True,0.0010361820459365845,0.01,True,,0.001,0.0010000000474974513,7.132111204555258e-05,358.1318054199219,4276.8671875,393182.15625,0.00011835161421913654,459090304.0,127.74312591552734
npg_logbarrier_handoff,730,126,282953,546.4135158976487,True,324.55224609375,0.31571054458618164,172.5084991455078,276.2288818359375,4615.875,463.08892822265625,0.5315276699569569,0.10032527488778537,-0.5250315070152283,True,-0.09573160856962204,True,0.0008998773992061615,0.01,True,,0.001,0.0009999999310821295,7.6121068559587e-05,276.2288818359375,4594.72265625,345159.8125,0.0001537102070869878,186482720.0,127.96443939208984
npg_logbarrier_handoff,730,127,284849,546.4135158976487,True,322.2526550292969,0.34653621912002563,189.3520965576172,372.0298767089844,4139.9228515625,432.73406982421875,0.5875889417897974,0.10452708548926103,-0.010609687305986881,True,-0.10641195625066757,True,0.0008916538208723068,0.01,True,,0.001,0.0009999999310821295,7.590256427647546e-05,372.0298767089844,4116.423828125,347149.9375,0.0001086138145183213,59186944.0,125.50126647949219
npg_logbarrier_handoff,730,128,286704,546.4135158976487,True,404.98455810546875,0.37276574969291687,203.6842498779297,412.95489501953125,4417.4658203125,448.6894836425781,0.502943250060623,0.10157169334042226,-0.21195578575134277,True,-0.11161978542804718,True,0.0009292928734794259,0.01,True,,0.001,0.001000000280328095,6.992893759161234e-05,412.95489501953125,4390.0869140625,408993.3125,0.00020533417409751564,31399144.0,119.91255950927734
npg_logbarrier_handoff,730,129,288850,546.4135158976487,True,315.8236389160156,0.26116615533828735,142.7047119140625,336.2013854980469,3914.852783203125,352.0484619140625,0.45184936885617605,0.08992636030262602,-0.07852143794298172,True,-0.21198530495166779,True,0.0012694640317931771,0.01,True,,0.001,0.0010000000474974513,8.889377204468474e-05,336.2013854980469,3855.604248046875,253097.1875,0.00011321315105305985,53074156.0,123.61736297607422
npg_logbarrier_handoff,730,130,290951,546.4135158976487,True,325.8708801269531,0.36754754185676575,200.83291625976562,254.36265563964844,4658.107421875,411.38739013671875,0.6162959887103903,0.08831642400619552,-0.6251400709152222,True,-0.031460318714380264,True,0.000959981232881546,0.01,True,,0.001,0.001000000280328095,9.310649329563603e-05,254.36265563964844,4663.32763671875,230711.96875,0.00012041790614603087,1335931264.0,123.13259887695312
npg_logbarrier_handoff,730,131,293383,546.4135158976487,True,540.7369384765625,0.25768133997917175,140.8005828857422,487.9797668457031,6007.65087890625,416.8515319824219,0.2603864705126761,0.06938677702561732,-0.4866087734699249,True,-0.04926915094256401,True,0.000911760434973985,0.01,True,,0.001,0.0009999999310821295,5.116524698678404e-05,487.9797668457031,6001.5712890625,763976.25,0.00018609099788591266,375556704.0,114.02295684814453
npg_logbarrier_handoff,730,132,295928,546.4135158976487,True,344.8907470703125,0.30535414814949036,166.849609375,343.8577880859375,4083.904296875,430.7633056640625,0.4837752557652251,0.10547830564826953,-0.2480691522359848,True,-0.32662931084632874,True,0.0011169309727847576,0.01,True,,0.001,0.0009999999310821295,8.052855991991237e-05,343.8577880859375,3964.16748046875,308411.1875,0.00010850078251678497,25831764.0,108.26069641113281
npg_logbarrier_handoff,730,133,297816,546.4135158976487,True,262.9617919921875,0.3054496645927429,166.90182495117188,287.7388610839844,4434.8515625,358.45806884765625,0.6346999071109558,0.08082752349113291,-0.16190318763256073,True,0.10116977244615555,True,0.0008583486778661609,0.01,True,,0.001,0.0009999999310821295,7.732711674179882e-05,287.7388610839844,4485.3154296875,334477.09375,0.00020642776507884264,612630976.0,123.28343963623047
npg_logbarrier_handoff,730,134,299625,546.4135158976487,True,320.7782897949219,0.2819552421569824,154.06414794921875,248.5034637451172,3957.018798828125,343.7070617675781,0.48028234095179617,0.08686010333571509,-0.6564136743545532,True,-0.1333140879869461,True,0.0010815801797434688,0.01,True,,0.001,0.0010000000474974513,0.00010221044794889167,248.5034637451172,3926.003662109375,191442.96875,0.00014508543245028704,75709488.0,117.47705078125
npg_logbarrier_handoff,730,135,301595,546.4135158976487,True,171.10830688476562,0.28947848081588745,158.17494201660156,182.29302978515625,5632.72509765625,344.6162109375,0.9244141613950154,0.061181081086469705,-0.3891848921775818,True,-0.010511001572012901,True,0.0008729952969588339,0.01,True,,0.001,0.0010000000474974513,8.036341023398563e-05,182.29302978515625,5639.6416015625,309680.09375,0.00018280155200045556,180859312.0,115.39461517333984
npg_logbarrier_handoff,730,136,303615,546.4135158976487,True,218.6656951904297,0.26348647475242615,143.97256469726562,220.80282592773438,4587.5205078125,313.1034851074219,0.6584140441960228,0.06825113578766784,-0.31429046392440796,True,-0.10618045181035995,True,0.000969453772995621,0.01,True,,0.001,0.0010000001639127731,7.079651550156996e-05,220.80282592773438,4564.90234375,399030.65625,0.00012367455929052085,329138176.0,119.90519714355469
npg_logbarrier_handoff,730,137,305716,546.4135158976487,True,524.1819458007812,0.26364171504974365,144.05738830566406,445.926513671875,5061.6416015625,331.0490417480469,0.274823254520128,0.06540349313666419,-0.6400867104530334,True,-0.38597655296325684,True,0.0011375983012840152,0.01,True,,0.001,0.0009999998146668077,6.737199873896316e-05,445.926513671875,4943.30712890625,440627.03125,0.00018485650070942938,54988756.0,108.55250549316406
npg_logbarrier_handoff,730,138,307860,546.4135158976487,True,233.59384155273438,0.28026360273361206,153.1398162841797,218.19354248046875,4714.91943359375,360.7952575683594,0.655581565276874,0.07652204086409135,-0.42503952980041504,True,-0.14465981721878052,True,0.0009394618682563305,0.01,True,,0.001,0.0010000000474974513,9.229572606272995e-05,218.19354248046875,4676.3740234375,234783.109375,0.00013047784159425646,68034008.0,118.98865509033203
npg_logbarrier_handoff,730,139,309787,546.4135158976487,True,520.6480102539062,0.2414410561323166,131.92665100097656,489.1358947753906,5563.6533203125,349.7756652832031,0.253389330992813,0.06286798352553657,-0.3583270013332367,True,-0.0464293509721756,True,0.001071391743607819,0.01,True,,0.001,0.0010000000474974513,5.887790030101314e-05,489.1358947753906,5558.40673828125,576933.0,0.00016281755233649164,37303540.0,121.24661254882812
npg_logbarrier_handoff,730,140,311905,546.4135158976487,True,273.4295959472656,0.3119140863418579,170.43406677246094,237.87733459472656,3504.724365234375,375.8848876953125,0.6233197477471726,0.10725091291742013,-0.506696879863739,True,-0.031517527997493744,True,0.0008781948708929121,0.01,True,,0.001,0.0010000001639127731,8.124109444906935e-05,237.87733459472656,3513.0244140625,303025.0,0.00013656822557095438,34656016.0,109.99140930175781
npg_logbarrier_handoff,730,141,313736,546.4135158976487,True,163.342529296875,0.32145267724990845,175.6460723876953,158.946533203125,3904.08447265625,386.1134338378906,1.0753235739876332,0.09889986667608856,-0.5623525977134705,True,-0.051137879490852356,True,0.0008869326557032764,0.01,True,,0.001,0.0009999999310821295,0.00011729612742783502,158.946533203125,3903.431884765625,145365.9375,9.257356578018516e-05,107749608.0,109.08219909667969
npg_logbarrier_handoff,730,142,315467,546.4135158976487,True,390.734375,0.3036591708660126,165.92349243164062,256.85003662109375,5152.52294921875,306.3389892578125,0.42464523995781184,0.059454172698883576,-0.8809846639633179,True,-0.05623405799269676,True,0.0010146775748580694,0.01,True,,0.001,0.0009999999310821295,6.375296652549878e-05,256.85003662109375,5144.39697265625,492072.6875,0.00013939052587375045,49702492.0,108.54637908935547
npg_logbarrier_handoff,730,143,317392,546.4135158976487,True,425.0389099121094,0.3054729402065277,166.91453552246094,325.07275390625,4011.048583984375,371.74249267578125,0.3927041304453184,0.09267962850415311,-0.7248290181159973,True,-0.3238047957420349,True,0.0010802752804011106,0.01,True,,0.001,0.0009999999310821295,8.822289237286896e-05,325.07275390625,3906.54296875,256961.125,0.00010961567750200629,134723952.0,106.5606918334961
npg_logbarrier_handoff,730,144,319216,546.4135158976487,True,228.76046752929688,0.3303290903568268,180.4962921142578,156.5520782470703,3511.4384765625,372.8011779785156,0.7890187236618671,0.10616765193718186,-0.7314252853393555,True,-0.23137174546718597,True,0.0011594726238399744,0.01,True,,0.001,0.0009999999310821295,0.00014607442426495254,156.5520782470703,3444.331787109375,93730.65625,7.995256601134315e-05,62632336.0,120.78226470947266
npg_logbarrier_handoff,730,145,321308,546.4135158976487,True,297.52008056640625,0.3200816214084625,174.8969268798828,294.66912841796875,3877.933349609375,370.4347839355469,0.5878491513813837,0.0955237624114558,-0.3101472556591034,True,-0.05381936579942703,True,0.0009460753644816577,0.01,True,,0.001,0.0009999996982514858,0.00011242277105338871,294.66912841796875,3875.68896484375,158241.875,0.00010457975440658629,413076320.0,114.90926361083984
npg_logbarrier_handoff,730,146,323134,546.4135158976487,True,213.53660583496094,0.30271264910697937,165.40626525878906,237.9434356689453,3709.093505859375,384.3771057128906,0.774603795035634,0.10363100986957532,-0.23131227493286133,True,0.018247507512569427,True,0.0009855827083811164,0.01,True,,0.001,0.0010000001639127731,0.00011801232903962955,237.9434356689453,3735.927490234375,143606.875,0.00017984189616981894,269540288.0,114.12975311279297
npg_logbarrier_handoff,730,147,325082,546.4135158976487,True,515.8209228515625,0.2690219283103943,146.99722290039062,450.7697448730469,4700.21484375,314.5628662109375,0.2849772399455226,0.06692521015911009,-0.5571177005767822,True,-0.18737584352493286,True,0.0010656738886609674,0.01,True,,0.001,0.0010000001639127731,7.118739449651912e-05,450.7697448730469,4651.54736328125,394660.65625,0.00011781274224631488,134834576.0,115.7682113647461
npg_logbarrier_handoff,730,148,327158,546.4135158976487,True,412.07244873046875,0.2852483093738556,155.863525390625,314.4311218261719,3437.8330078125,379.2659606933594,0.378243014962093,0.11032122846906024,-0.7413557767868042,True,-0.04668855294585228,True,0.00088155159028247,0.01,True,,0.001,0.0009999999310821295,0.0001027677280944772,314.4311218261719,3441.04443359375,189372.3125,0.00012719664664473385,148761712.0,116.70342254638672
npg_logbarrier_handoff,730,149,328971,546.4135158976487,True,265.0511474609375,0.3237350881099701,176.8932342529297,151.7526397705078,4445.1875,408.73504638671875,0.6673928256771637,0.09195001254428947,-0.8372955918312073,True,-0.3959827423095703,True,0.0009881064761430025,0.01,True,,0.001,0.0010000001639127731,9.630330168874934e-05,151.7526397705078,4299.74560546875,215649.125,0.0001401426998199895,1351654656.0,120.68434143066406
npg_logbarrier_handoff,730,150,330807,546.4135158976487,True,268.100341796875,0.3097483515739441,169.25067138671875,157.04208374023438,5080.283203125,447.9207458496094,0.6312959925838169,0.08816845989492927,-0.8359163999557495,True,-0.18139740824699402,True,0.0009780990658327937,0.01,True,,0.001,0.0009999999310821295,9.685167606221512e-05,157.04208374023438,5018.40185546875,213214.0,0.00010624054266372696,32153726.0,124.46552276611328
npg_logbarrier_handoff,730,151,332829,546.4135158976487,True,341.04656982421875,0.33404409885406494,182.52621459960938,296.3908386230469,3802.369873046875,455.0238037109375,0.5351944008517269,0.1196684748993981,-0.49623391032218933,True,-0.21322542428970337,True,0.0009676784393377602,0.01,True,,0.001,0.0010000000474974513,9.269058500649408e-05,296.3908386230469,3731.920654296875,232787.03125,0.00014258221199270338,125851984.0,123.29141998291016
npg_logbarrier_handoff,730,152,335059,546.4135158976487,True,320.5663757324219,0.3537167012691498,193.27560424804688,377.1585388183594,3490.314208984375,539.734375,0.6029191421166855,0.15463776115361658,0.017191730439662933,True,-0.05704168975353241,True,0.0011261225445196033,0.01,True,,0.001,0.0009999999310821295,6.806328747188672e-05,377.1585388183594,3501.241943359375,431722.0,9.838543337536976e-05,108750464.0,121.52500915527344
npg_logbarrier_handoff,730,153,337106,546.4135158976487,True,238.77926635742188,0.29781264066696167,162.72886657714844,185.82736206054688,3066.788330078125,410.3832092285156,0.6815033359452752,0.1338153028703032,-0.6300709247589111,True,-0.34850162267684937,True,0.001142779248766601,0.01,True,,0.001,0.0010000001639127731,0.00012069849617546424,185.82736206054688,2948.962646484375,137286.015625,0.00013194729399401695,598636032.0,117.9207763671875
npg_logbarrier_handoff,730,154,338947,546.4135158976487,True,415.1303405761719,0.29997918009757996,163.91265869140625,309.06561279296875,4584.23486328125,456.4654846191406,0.39484625109286625,0.09957288363982666,-0.7618401050567627,True,-0.13618233799934387,True,0.0010537884663790464,0.01,True,,0.001,0.0009999999310821295,7.573050970677286e-05,309.06561279296875,4544.626953125,348729.1875,0.00016259656695183367,267251264.0,130.04217529296875
npg_logbarrier_handoff,730,155,340624,546.4135158976487,True,331.8833923339844,0.35847747325897217,195.87696838378906,185.01156616210938,3819.09228515625,408.5070495605469,0.5901981626928535,0.10696443527911075,-0.8790038228034973,True,-0.09318408370018005,True,0.0011615275871008635,0.01,True,,0.001,0.0010000006295740604,0.00011619753786362708,185.01156616210938,3802.83935546875,148127.65625,0.00010151343303732574,5388656640.0,138.09591674804688
npg_logbarrier_handoff,730,156,342384,546.4135158976487,True,182.2344207763672,0.3707559406757355,202.58607482910156,325.781005859375,3440.989501953125,336.12255859375,1.1116784302659777,0.09768194828928276,0.4318034052848816,True,-0.07291505485773087,True,0.0012141185579821467,0.01,True,,0.001,0.0010000000474974513,0.00010417645535198972,325.781005859375,3432.88720703125,184285.375,0.00011567907495191321,131009720.0,129.20094299316406
npg_logbarrier_handoff,730,157,344332,546.4135158976487,True,352.3133850097656,0.28770342469215393,157.20501708984375,249.54190063476562,4438.8916015625,374.3620910644531,0.4462079040382932,0.08433684006446042,-0.7814955115318298,True,-0.26758503913879395,True,0.0010629136813804507,0.01,True,,0.001,0.0010000000474974513,9.254281030735001e-05,249.54190063476562,4353.6865234375,233531.0625,0.00013910159759689122,356019680.0,130.29306030273438
npg_logbarrier_handoff,730,158,346179,546.4135158976487,True,317.0919189453125,0.29958316683769226,163.6962890625,397.5033874511719,3999.25439453125,413.3452453613281,0.5162423867721839,0.10335557696118405,0.29538699984550476,True,-0.16388298571109772,True,0.0009766453877091408,0.01,True,,0.001,0.0010000001639127731,8.42064109747298e-05,397.5033874511719,3952.602783203125,282058.84375,0.000183555152034387,297515360.0,128.13418579101562
npg_logbarrier_handoff,730,159,347976,546.4135158976487,True,341.6393127441406,0.26225751638412476,143.30105590820312,221.8773651123047,3604.314697265625,328.7131042480469,0.4194513059904311,0.09119989009212252,-0.8989783525466919,True,-0.15484850108623505,True,0.0011223284527659416,0.01,True,,0.001,0.0010000001639127731,0.00011428479047026485,221.8773651123047,3568.222412109375,153127.484375,0.00010900259803747758,222917328.0,126.73040771484375
npg_logbarrier_handoff,730,160,349799,546.4135158976487,True,296.3639831542969,0.2900577783584595,158.4915008544922,159.881591796875,3629.25,411.50445556640625,0.5347866470399552,0.1133855357350434,-0.9302413463592529,True,-0.3617405891418457,True,0.0012237315531820059,0.01,True,,0.001,0.001000000280328095,0.00012924641487188637,159.881591796875,3501.472412109375,119727.265625,9.158204920822755e-05,124847096.0,130.90773010253906
npg_logbarrier_handoff,730,161,351463,546.4135158976487,True,356.9918518066406,0.3589541018009186,196.1373748779297,278.81964111328125,3863.7919921875,542.7400512695312,0.5494169513542976,0.14046823751561663,-0.6296297311782837,True,-0.4205176830291748,True,0.0009165723458863795,0.01,True,,0.001,0.0010000000474974513,8.725828229216859e-05,278.81964111328125,3668.75732421875,262673.78125,0.00015452994557563215,2519234304.0,122.39537048339844
npg_logbarrier_handoff,730,162,353142,546.4135158976487,True,278.8354187011719,0.3898090720176697,212.99696350097656,260.9249267578125,5064.669921875,434.8575439453125,0.7638805876711293,0.0858609841614956,-0.4633275866508484,True,-0.14815567433834076,True,0.0009156519081443548,0.01,True,,0.001,0.0010000000474974513,8.404739492107183e-05,260.9249267578125,5018.70263671875,283127.15625,0.00015245609392877668,100102384.0,126.81346893310547
npg_logbarrier_handoff,730,163,355081,546.4135158976487,True,299.9717712402344,0.34973397850990295,191.09938049316406,307.1472473144531,3656.803955078125,432.42205810546875,0.6370578794900033,0.11825136469374398,-0.28053146600723267,True,-0.2939532995223999,True,0.0008197951246984303,0.01,True,,0.001,0.0010000000474974513,9.430961654288694e-05,307.1472473144531,3553.80859375,224863.03125,0.00011077127419412136,60525368.0,131.1673583984375
npg_logbarrier_handoff,730,164,356600,546.4135158976487,True,368.2698669433594,0.34243127703666687,187.10906982421875,438.9230041503906,3580.729736328125,522.094970703125,0.5080759698783515,0.14580686316708996,0.15978777408599854,True,-0.2937939763069153,True,0.0008985408931039274,0.01,True,,0.001,0.0009999999310821295,9.129451791523024e-05,438.9230041503906,3463.48388671875,239960.96875,0.00012259285722393543,754903552.0,134.27505493164062
npg_logbarrier_handoff,730,165,358197,546.4135158976487,True,140.8934783935547,0.28060275316238403,153.32513427734375,230.07949829101562,4482.19775390625,374.8395080566406,1.0882344309015068,0.08362850740576244,0.22166413068771362,True,-0.14956770837306976,True,0.001006479375064373,0.01,True,,0.001,0.0010000000474974513,9.091194806387648e-05,230.07949829101562,4441.623046875,241984.796875,0.00012192327994853258,115364056.0,140.5247802734375
npg_logbarrier_handoff,730,166,360182,546.4135158976487,True,343.31005859375,0.28723421692848206,156.9486541748047,249.61972045898438,3859.159423828125,402.15869140625,0.45716299376048036,0.10420888261913921,-0.7440758347511292,True,-0.14259856939315796,True,0.0010331288212910295,0.01,True,,0.001,0.0009999999310821295,9.822171705309302e-05,249.61972045898438,3822.5927734375,207307.46875,9.319337550550699e-05,118014152.0,126.96954345703125
npg_logbarrier_handoff,730,167,362135,546.4135158976487,True,272.0059814453125,0.39884743094444275,217.93563842773438,235.19139099121094,3738.92626953125,382.63421630859375,0.8012163455734553,0.10233799458061116,-0.5581008195877075,True,-0.19235901534557343,True,0.0009661389631219208,0.01,True,,0.001,0.0010000001639127731,0.00010745103645604104,235.19139099121094,3684.5068359375,173224.296875,0.00011346956307534128,40177660.0,122.25625610351562
npg_logbarrier_handoff,730,168,364291,546.4135158976487,True,220.22256469726562,0.2762487828731537,150.94606018066406,240.89047241210938,4370.6103515625,387.2104187011719,0.6854250398371565,0.088594129321719,-0.19936488568782806,True,-0.09282205253839493,True,0.0009153762366622686,0.01,True,,0.001,0.0010000001639127731,8.659554441692308e-05,240.89047241210938,4351.779296875,266709.78125,0.00019668614550027996,582308416.0,126.04729461669922
npg_logbarrier_handoff,730,169,366316,546.4135158976487,True,403.7754821777344,0.2832070291042328,154.74813842773438,319.2543029785156,5235.517578125,409.8861999511719,0.3832529345098204,0.0782895279854957,-0.6806461215019226,True,-0.3511943817138672,True,0.0013469188706949353,0.01,True,,0.001,0.0010000001639127731,7.827286754036322e-05,319.2543029785156,5106.009765625,326443.15625,0.0001706903422018513,40626648.0,127.22673797607422
npg_logbarrier_handoff,730,170,368406,546.4135158976487,True,294.0428161621094,0.3150487542152405,172.14691162109375,300.5964660644531,4234.41552734375,442.9983215332031,0.5854484522627721,0.10461852850116864,-0.254229873418808,True,-0.13316680490970612,True,0.0009088123333640397,0.01,True,,0.001,0.0010000000474974513,8.385648834519088e-05,300.5964660644531,4198.44287109375,284417.75,0.00016062673239503056,47103376.0,129.46615600585938
npg_logbarrier_handoff,730,171,370366,546.4135158976487,True,394.185791015625,0.3030298948287964,165.5796356201172,260.2139892578125,5381.0185546875,418.8839416503906,0.4200548051047173,0.07784473095442004,-0.8816397786140442,True,0.05571503937244415,True,0.0009659151546657085,0.01,True,,0.001,0.0009999999310821295,7.296892727026716e-05,260.2139892578125,5420.51513671875,375624.625,0.00013193032646086067,400093376.0,123.354736328125
npg_logbarrier_handoff,730,172,372438,546.4135158976487,True,384.946533203125,0.3027515411376953,165.4275360107422,250.71990966796875,5359.60888671875,458.0957336425781,0.42974159199259737,0.08547185873539229,-0.8848012089729309,True,-0.1367272585630417,True,0.0013427858939394355,0.01,True,,0.001,0.0009999996982514858,6.736602517776191e-05,250.71990966796875,5316.37841796875,440705.15625,0.00014180502330418676,251235296.0,150.79383850097656
npg_logbarrier_handoff,730,173,374519,546.4135158976487,True,234.2328338623047,0.2535378336906433,138.53648376464844,156.55633544921875,5430.4921875,316.0316467285156,0.5914477551259446,0.058195764917213705,-0.7634483575820923,True,-0.060628507286310196,True,0.0012241059448570013,0.01,True,,0.001,0.0009999998146668077,0.00010098153870785609,156.55633544921875,5420.51953125,196130.90625,0.00018510149675421417,135710352.0,136.82252502441406
npg_logbarrier_handoff,730,174,376778,546.4135158976487,True,358.7225036621094,0.27187126874923706,148.55413818359375,265.634521484375,5248.40576171875,316.9870910644531,0.41411993021636856,0.06039683390650156,-0.7523822784423828,True,-0.29889458417892456,True,0.0009777307277545333,0.01,True,,0.001,0.0010000003967434168,8.960040577221662e-05,265.634521484375,5162.5302734375,249120.84375,0.000235624480410479,90019576.0,142.28854370117188
npg_logbarrier_handoff,730,175,378856,546.4135158976487,True,179.78855895996094,0.34358859062194824,187.74143981933594,286.1369323730469,5385.17578125,395.48834228515625,1.04423463264504,0.0734401918062099,0.21188107132911682,True,-0.009078909642994404,True,0.0007885794620960951,0.01,True,,0.001,0.001000000280328095,9.451330697629601e-05,286.1369323730469,5396.0966796875,223894.859375,0.0001464016386307776,64521516.0,148.42929077148438
npg_logbarrier_handoff,730,176,380876,546.4135158976487,True,368.8583679199219,0.30999141931533813,169.3834991455078,283.5402526855469,3715.173828125,383.71026611328125,0.45921013016649387,0.10328191461957376,-0.6750496625900269,True,-0.13667874038219452,True,0.0009412700310349464,0.01,True,,0.001,0.0010000001639127731,8.738275937503204e-05,283.5402526855469,3682.399169921875,261925.9375,9.764669084688649e-05,58765236.0,132.97427368164062
npg_logbarrier_handoff,730,177,382722,546.4135158976487,True,385.78839111328125,0.3056623339653015,167.0180206298828,303.4156188964844,4181.83935546875,367.1651916503906,0.43292650706236613,0.08779992736216297,-0.6570069193840027,True,-0.07813822478055954,True,0.001095860730856657,0.01,True,,0.001,0.0009999998146668077,8.669945964356884e-05,303.4156188964844,4169.248046875,266070.8125,0.00016911444254219532,104985496.0,131.3055419921875
npg_logbarrier_handoff,730,178,384737,546.4135158976487,True,363.9004821777344,0.2675917446613312,146.21575927734375,431.1665344238281,3871.158447265625,400.5032653808594,0.40180149914154223,0.10345824662995982,0.30166518688201904,True,-0.25094836950302124,True,0.0009410026832483709,0.01,True,,0.001,0.001000000280328095,9.17939396458678e-05,431.1665344238281,3790.5302734375,237356.96875,0.00016951763245742768,101055128.0,130.8709716796875
npg_logbarrier_handoff,730,179,386640,546.4135158976487,True,327.41827392578125,0.24010831117630005,131.19842529296875,289.86126708984375,4927.4794921875,340.11627197265625,0.4007058730103398,0.0690243911744147,-0.47019609808921814,True,0.07904165238142014,True,0.0008816823828965425,0.01,True,,0.001,0.0010000001639127731,7.490345160476863e-05,289.86126708984375,4965.9501953125,356472.78125,0.0001617845700820908,37482132.0,143.5474853515625
npg_logbarrier_handoff,730,180,388713,546.4135158976487,True,414.7586364746094,0.24813170731067657,135.58250427246094,327.0552673339844,4541.86669921875,331.3402099609375,0.3268949513020231,0.07295242945327558,-0.7419193387031555,True,-0.06808310002088547,True,0.0015497226268053055,0.01,True,,0.001,0.0010000001639127731,7.825896318536252e-05,327.0552673339844,4531.3828125,326559.125,0.000183019190444611,23007934.0,118.34632873535156
npg_logbarrier_handoff,730,181,390969,546.4135158976487,True,471.23193359375,0.2822280824184418,154.21324157714844,333.33355712890625,5211.07666015625,304.2419738769531,0.32725549900889356,0.05838370719110294,-0.9269962906837463,True,-0.19488614797592163,True,0.0009581968770362437,0.01,True,,0.001,0.0010000001639127731,6.77964198985137e-05,333.33355712890625,5160.42041015625,435127.46875,0.0003163170476909727,838908928.0,133.78021240234375
npg_logbarrier_handoff,730,182,392997,546.4135158976487,True,267.91851806640625,0.28001871705055237,153.00601196289062,208.0992889404297,5664.43115234375,402.07049560546875,0.571091588096074,0.07098161929977834,-0.6328601241111755,True,-0.41819947957992554,True,0.0010030915727838874,0.01,True,,0.001,0.0009999999310821295,6.870557263027877e-05,208.0992889404297,5508.4072265625,423687.9375,0.0002334386226721108,33487608.0,128.64242553710938
npg_logbarrier_handoff,730,183,395146,546.4135158976487,True,217.8612060546875,0.334140419960022,182.57884216308594,189.67059326171875,3479.401611328125,418.5259704589844,0.8380511862091455,0.120286766867142,-0.5634382367134094,True,-0.24146100878715515,True,0.0010939075145870447,0.01,True,,0.001,0.0009999999310821295,0.00011649649968603626,189.67059326171875,3402.66943359375,147368.375,7.828440720913932e-05,200406048.0,126.09486389160156
npg_logbarrier_handoff,730,184,396837,546.4135158976487,True,398.2218017578125,0.3038504123687744,166.0279541015625,309.83160400390625,5297.86767578125,450.08758544921875,0.4169233160231044,0.08495636603132913,-0.6817589998245239,True,-0.1603737473487854,True,0.0009780630934983492,0.01,True,,0.001,0.0010000000474974513,7.006844680290669e-05,309.83160400390625,5244.53564453125,407366.25,0.00016627203149255365,114990040.0,130.41775512695312
npg_logbarrier_handoff,730,185,398939,546.4135158976487,True,347.9180908203125,0.3265645205974579,178.4392852783203,211.9835662841797,4374.86279296875,518.6251831054688,0.5128772834364568,0.11854661680796016,-0.8694155216217041,True,-0.2700861692428589,True,0.0011990753700956702,0.01,True,,0.001,0.001000000862404704,9.901841985993087e-05,211.9835662841797,4264.1279296875,203984.90625,0.00016890709230210632,40537180.0,130.16632080078125
npg_logbarrier_handoff,730,186,400717,546.4135158976487,True,350.8088684082031,0.3304848372936249,180.5813751220703,256.5066223144531,4868.54931640625,560.761962890625,0.5147571552037984,0.11518050376956127,-0.7094041705131531,True,-0.21668371558189392,True,0.0009339536190964282,0.01,True,,0.001,0.0010000001639127731,8.603333844803274e-05,256.5066223144531,4778.501953125,270206.90625,0.0001637961540836841,86562632.0,122.66633605957031
npg_logbarrier_handoff,730,187,402569,546.4135158976487,True,235.50723266601562,0.32732561230659485,178.85513305664062,244.98304748535156,4097.41845703125,447.74932861328125,0.7594464553463794,0.10927595834028976,-0.3256770372390747,True,-0.18064263463020325,True,0.000703456113114953,0.01,True,,0.001,0.0010000000474974513,7.741233275737613e-05,244.98304748535156,4040.6064453125,333741.09375,7.752409146632999e-05,347427296.0,130.50367736816406
npg_logbarrier_handoff,730,188,404126,546.4135158976487,True,359.8631896972656,0.4260125756263733,232.77902221679688,470.9137268066406,5632.97265625,466.6567077636719,0.6468542181616905,0.08284377294924347,0.2272459715604782,True,-0.15149883925914764,True,0.0008377080084756017,0.01,True,,0.001,0.0009999998146668077,5.9379432059358805e-05,470.9137268066406,5581.36865234375,567228.375,0.000276869279332459,114450696.0,134.84739685058594
npg_logbarrier_handoff,730,189,406189,546.4135158976487,True,439.7206726074219,0.2687830924987793,146.86671447753906,314.4346618652344,4477.9033203125,429.3569641113281,0.33400002234750553,0.09588348237973225,-0.8985317945480347,True,-0.3879798352718353,True,0.0014863060787320137,0.01,True,,0.001,0.0010000001639127731,8.746181265451014e-05,314.4346618652344,4329.4453125,261452.640625,0.00013890513218939304,1111859200.0,134.69921875
npg_logbarrier_handoff,730,190,407937,546.4135158976487,True,289.8131408691406,0.4270360767841339,233.33827209472656,392.9552307128906,4466.98095703125,692.4727783203125,0.8051335125624474,0.15502031125302335,0.11811859905719757,True,-0.2562779486179352,True,0.0008650466916151345,0.01,True,,0.001,0.0009999999310821295,8.107349276542664e-05,392.9552307128906,4341.423828125,304279.1875,9.853670781012625e-05,136358272.0,135.17625427246094
npg_logbarrier_handoff,730,191,409670,546.4135158976487,True,279.6269836425781,0.30764254927635193,168.1000518798828,213.14306640625,4859.9658203125,515.7711181640625,0.6011581918530077,0.10612649085069038,-0.6490640044212341,True,-0.13375718891620636,True,0.0011272482806816697,0.01,True,,0.001,0.0009999999310821295,9.304084233008325e-05,213.14306640625,4818.16748046875,231037.65625,0.0001271477376576513,38566344.0,125.29718780517578
npg_logbarrier_handoff,730,192,411825,546.4135158976487,True,206.78431701660156,0.2864520251750946,156.52125549316406,178.3916015625,4665.74951171875,611.756591796875,0.7569300116729735,0.1311164669814258,-0.5474097728729248,True,-0.10327107459306717,True,0.0007292088703252375,0.01,True,,0.001,0.0009999999310821295,0.00010172531619900838,178.3916015625,4642.62109375,193273.3125,0.00012744303967338055,122165568.0,134.14878845214844
npg_logbarrier_handoff,730,193,413530,546.4135158976487,True,313.57489013671875,0.3101500868797302,169.47019958496094,314.6045837402344,3982.2314453125,444.41143798828125,0.5404456954798641,0.1115985959358037,-0.2641369104385376,True,-0.26290589570999146,True,0.000984887476079166,0.01,True,,0.001,0.0010000000474974513,8.875153434928507e-05,314.6045837402344,3889.101318359375,253909.09375,0.00018935285334009677,81202256.0,133.7686309814453
npg_logbarrier_handoff,730,194,415219,546.4135158976487,True,361.38507080078125,0.286221981048584,156.3955535888672,303.2444763183594,4480.5693359375,466.1227111816406,0.43276705715129693,0.10403202723434936,-0.5582327246665955,True,-0.3808858394622803,True,0.0010690967319533229,0.01,True,,0.001,0.0009999999310821295,9.153805876849219e-05,303.2444763183594,4324.55908203125,238685.84375,0.00013328065688256174,59427976.0,123.48841094970703
npg_logbarrier_handoff,730,195,417114,546.4135158976487,True,308.8296813964844,0.3347943425178528,182.9361572265625,359.42529296875,4851.48828125,546.381103515625,0.5923528994990084,0.11262133841016891,0.003054495668038726,True,-0.05457849055528641,True,0.0011198446154594421,0.01,True,,0.001,0.0009999998146668077,8.770449494477361e-05,359.42529296875,4852.43408203125,260007.734375,0.00022272669593803585,84411960.0,132.11679077148438
npg_logbarrier_handoff,730,196,418931,546.4135158976487,True,456.2593078613281,0.2522153854370117,137.8138885498047,402.1417541503906,4493.1962890625,429.8736267089844,0.3020516758239829,0.09567212270592278,-0.5204230546951294,True,-0.07906915247440338,True,0.0009199846535921097,0.01,True,,0.001,0.0010000001639127731,8.160388824762776e-05,402.1417541503906,4479.74951171875,300336.625,0.0002020247047767043,106651232.0,128.05593872070312
npg_logbarrier_handoff,730,197,420893,546.4135158976487,True,258.3338928222656,0.28263580799102783,154.43603515625,204.49256896972656,3973.3916015625,560.5460205078125,0.5978156155549531,0.14107494974504473,-0.6112091541290283,True,-0.3477459251880646,True,0.0011936281807720661,0.01,True,,0.001,0.0009999999310821295,0.0001305101759498939,204.49256896972656,3814.840087890625,117419.78125,0.00011739219189621508,200651216.0,127.691162109375
npg_logbarrier_handoff,730,198,422446,546.4135158976487,True,237.0605926513672,0.3939308524131775,215.24913024902344,388.7089538574219,5591.2890625,479.398681640625,0.9079920363043185,0.08574027854433165,0.4758721590042114,True,-0.12231388688087463,True,0.0009001558646559715,0.01,True,,0.001,0.0009999999310821295,6.514415144920349e-05,388.7089538574219,5553.07373046875,471280.15625,0.0001413478166796267,21369898.0,132.21763610839844
npg_logbarrier_handoff,730,199,424634,546.4135158976487,True,286.9440612792969,0.40106093883514404,219.14512634277344,223.1280059814453,4810.29736328125,552.1827392578125,0.7637207244009439,0.11479180964420709,-0.6406832337379456,True,-0.1984996646642685,True,0.0011269128881394863,0.01,True,,0.001,0.0009999999310821295,9.807693277252838e-05,223.1280059814453,4731.74169921875,207920.0,0.0001789884699974209,66420688.0,133.4520263671875
npg_logbarrier_handoff,730,200,427079,546.4135158976487,True,484.5603332519531,0.2519471347332001,137.6673126220703,382.23541259765625,4094.34033203125,484.3245544433594,0.2841076810769166,0.11829123012914765,-0.8068515062332153,True,-0.23086808621883392,True,0.0010613445192575455,0.01,True,,0.001,0.001000000280328095,7.914363231975585e-05,382.23541259765625,4010.309326171875,319299.375,0.0001600278337718919,59047332.0,128.14675903320312
npg_logbarrier_handoff,730,201,428840,546.4135158976487,True,164.31170654296875,0.2787927985191345,152.33616638183594,151.7794189453125,3987.9658203125,501.5217590332031,0.9271169388165224,0.12575879072953125,-0.5426885485649109,True,-0.27504271268844604,True,0.0010249073384329677,0.01,True,,0.001,0.0010000000474974513,0.00011167203047079965,151.7794189453125,3880.10302734375,160376.65625,0.0001044025193550624,50155308.0,134.7552947998047
npg_logbarrier_handoff,730,202,430475,546.4135158976487,True,188.77308654785156,0.3867061138153076,211.30145263671875,292.4695129394531,4962.38720703125,591.4756469726562,1.119340984993412,0.11919175636568408,0.06586983054876328,True,0.035792917013168335,True,0.0010397456353530288,0.01,True,,0.001,0.0010000001639127731,7.430567347910255e-05,292.4695129394531,5018.49072265625,362231.40625,0.00011532400822034106,51932040.0,127.90966796875
npg_logbarrier_handoff,730,203,432398,546.4135158976487,True,379.4092712402344,0.2509746551513672,137.1359405517578,337.5011291503906,4814.8515625,435.6158447265625,0.3614459396405368,0.09047336954669877,-0.46944108605384827,True,-0.14836978912353516,True,0.0007893891306594014,0.01,True,,0.001,0.0010000001639127731,9.022422455018386e-05,337.5011291503906,4769.71337890625,245687.84375,0.00012217008043080568,36378380.0,136.7371063232422
npg_logbarrier_handoff,730,204,434435,546.4135158976487,True,311.3174743652344,0.25236254930496216,137.89431762695312,314.089111328125,3441.712890625,439.6830139160156,0.44293792986762115,0.12775121803846082,-0.2012801468372345,True,-0.13365361094474792,True,0.0009474645485170186,0.01,True,,0.001,0.0009999999310821295,9.678614878794178e-05,314.089111328125,3410.89501953125,213502.8125,0.0001262998703168705,690299968.0,140.95811462402344
npg_logbarrier_handoff,730,205,436189,546.4135158976487,True,211.45472717285156,0.2815580666065216,153.84713745117188,270.470458984375,3382.932861328125,447.71820068359375,0.7275653730143903,0.13234616796616575,0.07334735989570618,True,-0.17416302859783173,True,0.0009809603216126561,0.01,True,,0.001,0.0010000001639127731,9.526219946565107e-05,270.470458984375,3334.2333984375,220388.4375,9.35754578677006e-05,154839472.0,135.37510681152344
npg_logbarrier_handoff,730,206,437870,546.4135158976487,True,385.5460510253906,0.23094788193702698,126.19303894042969,285.53289794921875,4239.6279296875,491.98529052734375,0.3273098987911021,0.11604444981652143,-0.853400707244873,True,-0.27924644947052,True,0.0011630563531070948,0.01,True,,0.001,0.0009999999310821295,9.105804201681167e-05,285.53289794921875,4129.3544921875,241208.921875,0.00012447775225155056,29394804.0,136.5310516357422
npg_logbarrier_handoff,730,207,440166,546.4135158976487,True,380.2923278808594,0.2535310387611389,138.53277587890625,308.7926330566406,5476.4560546875,540.7162475585938,0.36427970201467424,0.09873470035348404,-0.6497421860694885,True,-0.25228598713874817,True,0.000982572790235281,0.01,True,,0.001,0.0010000000474974513,9.760198736330494e-05,308.7926330566406,5365.61376953125,209948.46875,0.00018502134480513632,138318240.0,140.13490295410156
npg_logbarrier_handoff,730,208,442034,546.4135158976487,True,426.72845458984375,0.27389267086982727,149.6586456298828,333.9624328613281,4841.9873046875,520.5184936523438,0.3507116622296242,0.10750100338933825,-0.7278321385383606,True,-0.25619184970855713,True,0.0009710565209388733,0.01,True,,0.001,0.0010000001639127731,7.244098378578201e-05,333.9624328613281,4735.43994140625,381119.625,0.00016837872681207955,224666384.0,145.1138458251953
npg_logbarrier_handoff,730,209,443796,546.4135158976487,True,241.10678100585938,0.29414430260658264,160.72442626953125,314.3057861328125,4256.57666015625,551.0595703125,0.6666109746022669,0.12946074141473862,0.19125984609127045,True,-0.18734262883663177,True,0.001118746236898005,0.01,True,,0.001,0.0009999999310821295,8.910702308639884e-05,314.3057861328125,4188.46435546875,251887.203125,0.00011423599789850414,31373672.0,138.1348419189453
npg_logbarrier_handoff,730,210,445347,546.4135158976487,True,445.48614501953125,0.26536718010902405,145.0001983642578,369.3560485839844,4668.66845703125,462.85467529296875,0.3254875600180577,0.09914061783416775,-0.6429159641265869,True,-0.24481622874736786,True,0.001090430305339396,0.01,True,,0.001,0.0009999999310821295,8.461475954391062e-05,369.3560485839844,4577.4072265625,279342.96875,0.0001697542320471257,46135820.0,156.72463989257812
npg_logbarrier_handoff,730,211,447233,546.4135158976487,True,319.8343811035156,0.27891629934310913,152.4036407470703,236.2550048828125,3960.839599609375,527.1978149414062,0.47650799836226576,0.13310254093435125,-0.7150067687034607,True,-0.04509006068110466,True,0.0007628765306435525,0.01,True,,0.001,0.0009999999310821295,0.00010246432066196576,236.2550048828125,3972.1376953125,190495.484375,0.00014249760715756565,111757552.0,158.87623596191406
npg_logbarrier_handoff,730,212,449021,546.4135158976487,True,286.10107421875,0.26898330450057983,146.9761199951172,308.2821960449219,4332.16455078125,516.5160522460938,0.5137209652094515,0.1192281701656385,-0.1000937893986702,True,-0.08113570511341095,True,0.0009409665944986045,0.01,True,,0.001,0.0010000001639127731,8.873899787431583e-05,308.2821960449219,4321.033203125,253980.84375,0.0001760590821504593,102271720.0,159.85581970214844
npg_logbarrier_handoff,730,213,450939,546.4135158976487,True,315.0254211425781,0.2588420510292053,141.43478393554688,188.9509735107422,4752.87158203125,510.40936279296875,0.4489630818445428,0.10738968095048625,-0.9375077486038208,True,-0.23294420540332794,True,0.0010071408469229937,0.01,True,,0.001,0.0009999999310821295,9.548374509904534e-05,188.9509735107422,4660.48388671875,219366.90625,0.0001495436590630561,670151424.0,161.07801818847656
npg_logbarrier_handoff,730,214,452732,546.4135158976487,True,256.74822998046875,0.2992364466190338,163.5068359375,257.5525207519531,5257.142578125,698.401123046875,0.6368372469400791,0.13284804676078713,-0.31349194049835205,True,-0.49151813983917236,True,0.0010593595216050744,0.01,True,,0.001,0.0009999998146668077,7.286497566383332e-05,257.5525207519531,4951.36279296875,376697.1875,0.00022057830938138068,113558504.0,155.88714599609375
npg_logbarrier_handoff,730,215,454338,546.4135158976487,True,266.1764221191406,0.39729830622673035,217.08917236328125,271.216552734375,5866.15576171875,514.732177734375,0.8155837794908525,0.08774608084793872,-0.3843552768230438,True,0.11075808852910995,True,0.0009162129135802388,0.01,True,,0.001,0.0009999998146668077,6.304835551418364e-05,271.216552734375,5945.216796875,503132.625,0.0002729178231675178,53812116.0,148.2270050048828
npg_logbarrier_handoff,730,216,456256,546.4135158976487,True,302.6099548339844,0.2847030460834503,155.56558227539062,253.22386169433594,4595.67724609375,579.8118286132812,0.5140795264344026,0.1261646102554551,-0.5485966205596924,True,-0.37289872765541077,True,0.0011434352491050959,0.01,True,,0.001,0.0010000001639127731,9.434059029445052e-05,253.22386169433594,4412.38720703125,224715.421875,0.00018606822413858026,41077028.0,146.5633544921875
npg_logbarrier_handoff,730,217,457906,546.4135158976487,True,416.6663513183594,0.30357760190963745,165.87889099121094,437.3911437988281,4912.072265625,476.6734619140625,0.3981096396825886,0.09704121522190426,-0.07100827246904373,True,-0.002936883131042123,True,0.0008442018879577518,0.01,True,,0.001,0.0009999996982514858,5.5190103012137115e-05,437.3911437988281,4933.751953125,656610.1875,0.0002085707092192024,47688744.0,160.32823181152344
npg_logbarrier_handoff,730,218,459774,546.4135158976487,True,425.89697265625,0.26611751317977905,145.4102020263672,406.42529296875,4797.40087890625,388.6907653808594,0.3414210744900755,0.08102111438923074,-0.301558256149292,True,-0.2178116887807846,True,0.0012346969451755285,0.01,True,,0.001,0.0010000001639127731,6.041698725312017e-05,406.42529296875,4727.98388671875,547913.375,0.00014674681005999446,40021700.0,155.34974670410156
npg_logbarrier_handoff,730,219,461667,546.4135158976487,True,366.6772155761719,0.26966774463653564,147.35011291503906,367.1022644042969,4370.2685546875,468.32830810546875,0.4018523831198593,0.10716236364997414,-0.1980399489402771,True,0.028309030458331108,True,0.0009490285301581025,0.01,True,,0.001,0.0009999999310821295,8.178357529686764e-05,367.1022644042969,4408.45458984375,299018.3125,0.00018655641179066151,734964864.0,147.92965698242188
npg_logbarrier_handoff,730,220,463550,546.4135158976487,True,286.7039794921875,0.2708803117275238,148.0126495361328,315.23248291015625,3742.051513671875,418.87939453125,0.5162559996491645,0.11193843617621022,-0.055794842541217804,True,-0.04422982409596443,True,0.0008065446163527668,0.01,True,,0.001,0.0009999999310821295,7.792012183927e-05,315.23248291015625,3746.96533203125,329405.4375,0.00012490870722103864,19280172.0,144.75753784179688
npg_logbarrier_handoff,730,221,465126,546.4135158976487,True,347.8799743652344,0.24615874886512756,134.5044708251953,398.87274169921875,5607.87744140625,360.0710144042969,0.38664045284762766,0.06420807483160763,0.21358105540275574,True,-0.21910488605499268,True,0.0010471618734300137,0.01,True,,0.001,0.0010000000474974513,7.118549547158182e-05,398.87274169921875,5540.134765625,394681.71875,0.0001840820477809757,112380632.0,149.3349609375
npg_logbarrier_handoff,730,222,467105,546.4135158976487,True,215.3541717529297,0.33902135491371155,185.245849609375,209.23080444335938,4186.6953125,525.1199340820312,0.8601916001975703,0.1254258776639914,-0.4626811742782593,True,0.11063294857740402,True,0.001044576521962881,0.01,True,,0.001,0.0009999999310821295,9.643611701903865e-05,209.23080444335938,4276.75390625,215055.515625,0.0001253458030987531,31921328.0,143.89193725585938
npg_logbarrier_handoff,730,223,469084,546.4135158976487,True,284.458984375,0.1856844425201416,101.46047973632812,198.16282653808594,4897.55712890625,344.0038146972656,0.3566787667447114,0.07023987789073335,-0.8998652100563049,True,-0.17487496137619019,True,0.0011055051581934094,0.01,True,,0.001,0.0010000001639127731,8.484841964673251e-05,198.16282653808594,4849.2431640625,277806.5625,0.00014067499432712793,402619296.0,147.14569091796875
npg_logbarrier_handoff,730,224,471231,546.4135158976487,True,326.61669921875,0.24214564263820648,132.31166076660156,226.7356719970703,5585.6005859375,416.77679443359375,0.4050976606005881,0.07461629023079189,-0.8420161008834839,True,-0.3578149676322937,True,0.0010626701405271888,0.01,True,,0.001,0.0010000001639127731,7.718832785030827e-05,226.7356719970703,5450.38330078125,335681.0,0.0003685518749989569,75453632.0,148.78196716308594
npg_logbarrier_handoff,730,225,473237,546.4135158976487,True,287.60125732421875,0.2276044487953186,124.36614990234375,210.22769165039062,4080.322265625,377.5813293457031,0.43242561266741353,0.09253713426673847,-0.7546680569648743,True,-0.24107079207897186,True,0.001067427801899612,0.01,True,,0.001,0.0009999999310821295,9.310652239946648e-05,210.22769165039062,4006.0927734375,230711.78125,0.00015738175716251135,71109632.0,149.36026000976562
npg_logbarrier_handoff,730,226,475318,546.4135158976487,True,313.8197021484375,0.25342971086502075,138.47743225097656,227.329345703125,4228.724609375,394.82000732421875,0.44126430336574723,0.0933662141178242,-0.759144127368927,True,-0.1646263748407364,True,0.0011181201552972198,0.01,True,,0.001,0.0010000001639127731,9.368542669108137e-05,227.329345703125,4181.89892578125,227869.34375,0.00019634778436738998,394887872.0,148.24412536621094
npg_logbarrier_handoff,730,227,477129,546.4135158976487,True,497.320556640625,0.2834009528160095,154.85409545898438,358.49835205078125,6351.85302734375,434.1184387207031,0.3113768240448694,0.06834516429329993,-0.9270386695861816,True,-0.08352519571781158,True,0.0009083491750061512,0.01,True,,0.001,0.0010000001639127731,7.066570105962455e-05,358.49835205078125,6330.39306640625,400509.375,0.0002397655916865915,21481646080.0,144.77806091308594
npg_logbarrier_handoff,730,228,479108,546.4135158976487,True,165.84254455566406,0.3124852180480957,170.7461395263672,213.95477294921875,3931.749755859375,437.9015197753906,1.0295677745649716,0.11137573522394156,-0.19213469326496124,True,-0.19811710715293884,True,0.001064834650605917,0.01,True,,0.001,0.0010000000474974513,9.446201875107363e-05,213.95477294921875,3868.876953125,224138.03125,0.00016038476314861327,2279441920.0,134.771240234375
npg_logbarrier_handoff,730,229,480799,546.4135158976487,True,415.3334655761719,0.279148668050766,152.5305938720703,344.2852783203125,3547.411376953125,475.2869873046875,0.36724850394723685,0.13398135620597573,-0.6095802783966064,True,-0.2822989225387573,True,0.0011847390560433269,0.01,True,,0.001,0.0009999998146668077,9.81316770776175e-05,344.2852783203125,3443.5576171875,207688.0625,0.0001172058837255463,258947392.0,138.8447265625
npg_logbarrier_handoff,730,230,482636,546.4135158976487,True,360.3281555175781,0.29013457894325256,158.53346252441406,294.4338073730469,4197.98095703125,547.5367431640625,0.43996967790844815,0.1304285914510847,-0.5976287722587585,True,-0.4398537278175354,True,0.000996216549538076,0.01,True,,0.001,0.0010000001639127731,8.653800614411011e-05,294.4338073730469,3987.579345703125,267064.5625,0.00016464371583424509,62148340.0,147.55406188964844
npg_logbarrier_handoff,730,231,484524,546.4135158976487,True,229.10443115234375,0.3391359746456146,185.3084716796875,175.63587951660156,5106.22705078125,552.5331420898438,0.8088384443182857,0.10820771121121739,-0.6592876315116882,True,-0.1148691475391388,True,0.0009214818710461259,0.01,True,,0.001,0.0009999999310821295,9.110314567806199e-05,175.63587951660156,5072.54150390625,240970.15625,0.00016055871674325317,42499212.0,148.32948303222656
npg_logbarrier_handoff,730,232,486411,546.4135158976487,True,296.0523376464844,0.32652807235717773,178.4193572998047,227.2313232421875,3867.388427734375,530.6849365234375,0.6026615385582766,0.1372204903747741,-0.6422234773635864,True,-0.3041601777076721,True,0.001011316548101604,0.01,True,,0.001,0.0010000000474974513,0.00010549157013883814,227.2313232421875,3740.2978515625,179719.203125,8.3399165305309e-05,177317472.0,145.12429809570312
npg_logbarrier_handoff,730,233,488018,546.4135158976487,True,285.0993347167969,0.34053003787994385,186.07022094726562,209.40213012695312,3707.880859375,447.00994873046875,0.6526504915632241,0.1205567184286004,-0.6791380047798157,True,-0.11156707257032394,True,0.0007548345602117479,0.01,True,,0.001,0.0009999999310821295,9.37808072194457e-05,209.40213012695312,3684.8828125,227406.078125,9.691770537756383e-05,163251648.0,149.19424438476562
npg_logbarrier_handoff,730,234,489548,546.4135158976487,True,286.7954406738281,0.3951888382434845,215.93650817871094,343.52728271484375,4860.42236328125,689.4851684570312,0.7529286646655415,0.14185704799357454,-0.08775456994771957,True,-0.04604402184486389,True,0.0010422804625704885,0.01,True,,0.001,0.0010000001639127731,7.232177449623123e-05,343.52728271484375,4877.54931640625,382377.09375,0.00015110551612451673,369501792.0,146.2532958984375
npg_logbarrier_handoff,730,235,491339,546.4135158976487,True,186.27940368652344,0.28676486015319824,156.6921844482422,161.8794403076172,4610.556640625,443.8475036621094,0.841167522266329,0.09626766099156783,-0.5661042928695679,True,-0.14682012796401978,True,0.0009589206310920417,0.01,True,,0.001,0.0010000001639127731,0.00010458466567797586,161.8794403076172,4566.54541015625,182849.59375,0.00015371842891909182,20797152.0,158.0004119873047
npg_logbarrier_handoff,730,236,493080,546.4135158976487,True,373.7129211425781,0.3187100887298584,174.14747619628906,409.5030212402344,5281.20703125,382.7124328613281,0.46599265463943834,0.07246684907384601,-0.017639044672250748,True,0.09585239738225937,True,0.0009347715531475842,0.01,True,,0.001,0.001000000280328095,5.903226337977685e-05,409.5030212402344,5331.51806640625,573919.75,0.00021158937306609005,124552368.0,141.1456298828125
npg_logbarrier_handoff,730,237,495295,546.4135158976487,True,291.2054138183594,0.24995076656341553,136.5764617919922,243.0898895263672,4077.67236328125,345.12469482421875,0.46900385539254547,0.08463767170997068,-0.5576943159103394,True,-0.2696363031864166,True,0.0011267514200881124,0.01,True,,0.001,0.0010000001639127731,0.00011080900731030852,243.0898895263672,3998.45068359375,162884.546875,9.365416917717084e-05,5997492224.0,149.79205322265625
npg_logbarrier_handoff,730,238,497394,546.4135158976487,True,305.92596435546875,0.31739139556884766,173.4269561767578,265.240478515625,3944.814697265625,406.500244140625,0.5668919162913726,0.10304672724485472,-0.5024435520172119,True,-0.17220062017440796,True,0.0010061885695904493,0.01,True,,0.001,0.0009999999310821295,9.412405051989481e-05,265.240478515625,3895.451171875,225750.546875,0.00012215723108965904,393894144.0,143.086669921875
npg_logbarrier_handoff,730,239,499162,546.4135158976487,True,416.2095947265625,0.32195204496383667,175.91896057128906,423.226318359375,4568.6962890625,434.19842529296875,0.42266916188432097,0.09503770831351685,-0.1711122840642929,True,-0.2554053068161011,True,0.0009867155458778143,0.01,True,,0.001,0.0009999999310821295,6.632379518123344e-05,423.226318359375,4477.5224609375,454664.6875,0.00013626256259158254,806007488.0,140.8380889892578
npg_logbarrier_handoff,730,240,501150,546.4135158976487,True,378.36602783203125,0.29898518323898315,163.3695526123047,398.02191162109375,5134.740234375,424.43505859375,0.43177648254623335,0.08265949964758289,-0.09244749695062637,True,-0.11525826901197433,True,0.001035827910527587,0.01,True,,0.001,0.0010000001639127731,8.043352863751352e-05,398.02191162109375,5103.2666015625,309140.4375,0.00020970439072698355,7286234112.0,145.04444885253906
npg_logbarrier_handoff,730,241,502959,546.4135158976487,True,331.397216796875,0.36429330706596375,199.05479431152344,299.23394775390625,4436.974609375,464.6035461425781,0.6006531866365405,0.10471178833453433,-0.4540656805038452,True,-0.06348729133605957,True,0.0010799459414556623,0.01,True,,0.001,0.0010000001639127731,7.66406737966463e-05,299.23394775390625,4431.79833984375,340495.5,0.0001374372950522229,2646440960.0,126.64962768554688
npg_logbarrier_handoff,730,242,505157,546.4135158976487,True,538.3939819335938,0.254243940114975,138.9223175048828,448.2347106933594,5160.50927734375,406.5700988769531,0.25803096276439746,0.07878487897733719,-0.7236661314964294,True,-0.2763667404651642,True,0.0011369818821549416,0.01,True,,0.001,0.0009999999310821295,5.92868345847819e-05,448.2347106933594,5063.24609375,569001.625,0.00019482428615447134,440486784.0,150.36447143554688
npg_logbarrier_handoff,730,243,507191,546.4135158976487,True,458.4343566894531,0.4034900367259979,220.472412109375,395.05914306640625,4639.41162109375,488.76239013671875,0.4809247145032907,0.10535008101339628,-0.5080451369285583,True,-0.2445070594549179,True,0.0011372591834515333,0.01,True,,0.001,0.0009999999310821295,8.917937520891428e-05,395.05914306640625,4544.68408203125,251478.671875,0.00012537797738332301,485140608.0,135.4806365966797
npg_logbarrier_handoff,730,244,509536,546.4135158976487,True,207.94627380371094,0.2851298749446869,155.798828125,171.73455810546875,4486.39794921875,455.2402648925781,0.749226351956972,0.10147121812318333,-0.5868019461631775,True,-0.11005234718322754,True,0.0009689891594462097,0.01,True,,0.001,0.0010000000474974513,0.00010056431347038597,171.73455810546875,4459.3134765625,197761.734375,9.403093281434849e-05,1706742784.0,149.6800537109375
npg_logbarrier_handoff,730,245,511649,546.4135158976487,True,284.0361328125,0.3742806017398834,204.511962890625,250.466796875,6512.89990234375,532.4403686523438,0.7200209384121876,0.08175165849865715,-0.5144543051719666,True,-0.20321306586265564,True,0.0009809695184230804,0.01,True,,0.001,0.001000000280328095,6.409403431462124e-05,250.466796875,6425.88330078125,486849.625,0.00016604507982265204,20741230592.0,137.80262756347656
npg_logbarrier_handoff,730,246,513969,546.4135158976487,True,444.4876708984375,0.24445132911205292,133.57150268554688,352.1466979980469,5591.75146484375,526.216796875,0.3005066539091184,0.09410589869442705,-0.7697658538818359,True,-0.2827904522418976,True,0.00107584148645401,0.01,True,,0.001,0.0010000001639127731,7.032886787783355e-05,352.1466979980469,5466.294921875,404354.9375,0.00018323250696994364,462854464.0,159.00840759277344
npg_logbarrier_handoff,730,247,515985,546.4135158976487,True,191.84864807128906,0.2827290892601013,154.4869842529297,190.0314178466797,5161.06787109375,523.4957275390625,0.8052544847515624,0.10143166891314716,-0.41433465480804443,True,-0.17657673358917236,True,0.0010715620592236519,0.01,True,,0.001,0.0009999999310821295,9.231794683728367e-05,190.0314178466797,5094.75390625,234670.0625,0.00012472987873479724,242368048.0,144.16595458984375
npg_logbarrier_handoff,730,248,518083,546.4135158976487,True,217.30673217773438,0.24920456111431122,136.1687469482422,245.8819580078125,4743.70361328125,403.97198486328125,0.6266200111870914,0.08515961742050138,-0.08966092020273209,True,-0.06593199074268341,True,0.0010453702416270971,0.01,True,,0.001,0.0009999999310821295,7.802614709362388e-05,245.8819580078125,4734.26123046875,328510.8125,0.00012869309284724295,238473136.0,151.3414306640625
npg_logbarrier_handoff,730,249,519875,546.4135158976487,True,407.0289001464844,0.22533465921878815,123.12589263916016,339.8193359375,4572.244140625,397.1232604980469,0.30249914095743263,0.08685521776266356,-0.6520431041717529,True,-0.31650349497795105,True,0.0010549318976700306,0.01,True,,0.001,0.0009999999310821295,7.442861533490941e-05,339.8193359375,4462.4814453125,361035.71875,0.0001710533833829686,935359552.0,151.99522399902344
npg_logbarrier_handoff,730,250,521848,0.0,False,261.3963317871094,0.26303577423095703,0.0,261.3963317871094,5246.0634765625,0.0,0.0,0.0,-0.48211440443992615,True,nan,False,0.0011828962014988065,0.01,True,,0.001,0.0010000000474974513,7.545918197138235e-05,261.3963317871094,5246.0634765625,351241.53125,0.0001677182299317792,918369280.0,152.00692749023438
npg_logbarrier_handoff,730,251,523751,0.0,False,289.4605407714844,0.24236606061458588,0.0,289.4605407714844,5417.31201171875,0.0,0.0,0.0,-0.7305194735527039,True,nan,False,0.0015256571350619197,0.01,True,,0.001,0.000999999581836164,6.553473212989047e-05,289.4605407714844,5417.31201171875,465679.28125,0.0001375810243189335,422919552.0,169.13992309570312
npg_logbarrier_handoff,730,252,525710,0.0,False,156.55917358398438,0.27828872203826904,0.0,156.55917358398438,3855.181640625,0.0,0.0,0.0,-0.7637896537780762,True,nan,False,0.0010526234982535243,0.01,True,,0.001,0.0010000000474974513,0.00012074518599547446,156.55917358398438,3855.181640625,137179.859375,8.099790284177288e-05,81760608.0,158.68409729003906
npg_logbarrier_handoff,730,253,527343,0.0,False,225.02984619140625,0.44894132018089294,0.0,225.02984619140625,5099.15478515625,0.0,0.0,0.0,0.044833555817604065,True,nan,False,0.001288007595576346,0.01,True,,0.001,0.0009999999310821295,7.857570017222315e-05,225.02984619140625,5099.15478515625,323931.75,0.00013669714098796248,633367168.0,134.39907836914062
npg_logbarrier_handoff,730,254,529542,0.0,False,191.13970947265625,0.34105104207992554,0.0,191.13970947265625,4064.50927734375,0.0,0.0,0.0,-0.20390290021896362,True,nan,False,0.0008987904875539243,0.01,True,,0.001,0.0010000001639127731,9.890756336972117e-05,191.13970947265625,4064.50927734375,204442.421875,9.91723281913437e-05,56467620.0,150.38218688964844
npg_logbarrier_handoff,730,255,531442,0.0,False,219.69618225097656,0.36182647943496704,0.0,219.69618225097656,4736.826171875,0.0,0.0,0.0,0.17719551920890808,True,nan,False,0.0009409997728653252,0.01,True,,0.001,0.0010000000474974513,7.99515109974891e-05,219.69618225097656,4736.826171875,312879.1875,0.00012194675946375355,130393600.0,147.7589569091797
npg_logbarrier_handoff,730,256,533037,0.0,False,252.85841369628906,0.28224948048591614,0.0,252.85841369628906,6347.1513671875,0.0,0.0,0.0,-0.47667795419692993,True,nan,False,0.0011568755144253373,0.01,True,,0.001,0.0009999999310821295,6.555850995937362e-05,252.85841369628906,6347.1513671875,465341.625,0.00020098680397495627,637501184.0,169.2535400390625
npg_logbarrier_handoff,730,257,534976,0.0,False,302.8733825683594,0.3048689365386963,0.0,302.8733825683594,4686.02978515625,0.0,0.0,0.0,0.052979543805122375,True,nan,False,0.001156200421974063,0.01,True,,0.001,0.0009999999310821295,7.967644341988489e-05,302.8733825683594,4686.02978515625,315043.1875,0.00014315852604340762,108606608.0,164.10076904296875
npg_logbarrier_handoff,730,258,536779,0.0,False,441.84222412109375,0.31425362825393677,0.0,441.84222412109375,5426.98388671875,0.0,0.0,0.0,-0.2582557201385498,True,nan,False,0.0010926275281235576,0.01,True,,0.001,0.0010000001639127731,6.863356975372881e-05,441.84222412109375,5426.98388671875,424577.40625,0.00014520921104121953,183528912.0,165.14283752441406
npg_logbarrier_handoff,730,259,538665,0.0,False,371.48736572265625,0.2396313101053238,0.0,371.48736572265625,6605.48974609375,0.0,0.0,0.0,-0.34137827157974243,True,nan,False,0.0011221866589039564,0.01,True,,0.001,0.0010000001639127731,4.799745147465728e-05,371.48736572265625,6605.48974609375,868147.875,0.0003921400639228523,189192544.0,180.331787109375
npg_logbarrier_handoff,730,260,540898,0.0,False,263.21527099609375,0.3436552882194519,0.0,263.21527099609375,5101.67919921875,0.0,0.0,0.0,0.5090240240097046,True,nan,False,0.001179669750854373,0.01,True,,0.001,0.0009999999310821295,7.617228402523324e-05,263.21527099609375,5101.67919921875,344695.8125,0.00015813668142072856,285854432.0,158.17933654785156
npg_logbarrier_handoff,730,261,542680,0.0,False,337.355712890625,0.3444945514202118,0.0,337.355712890625,4326.79541015625,0.0,0.0,0.0,-0.13456706702709198,True,nan,False,0.000892097014002502,0.01,True,,0.001,0.0009999998146668077,6.784957076888531e-05,337.355712890625,4326.79541015625,434446.0,0.00012950394011568278,52707292.0,162.3240203857422
npg_logbarrier_handoff,730,262,544273,0.0,False,160.5955352783203,0.3298269510269165,0.0,160.5955352783203,3918.18798828125,0.0,0.0,0.0,-0.2651723027229309,True,nan,False,0.0007526713889092207,0.01,True,,0.001,0.0009999998146668077,0.00010079672938445583,160.5955352783203,3918.18798828125,196850.78125,0.00011654266563709825,150962096.0,157.98825073242188
npg_logbarrier_handoff,730,263,545890,0.0,False,373.13604736328125,0.33354637026786804,0.0,373.13604736328125,4134.01416015625,0.0,0.0,0.0,-0.7531235218048096,True,nan,False,0.0009260829538106918,0.01,True,,0.001,0.0009999999310821295,9.016480908030644e-05,373.13604736328125,4134.01416015625,246011.75,0.00010645794827723876,134527840.0,159.55238342285156
npg_logbarrier_handoff,730,264,547591,0.0,False,372.60064697265625,0.34046506881713867,0.0,372.60064697265625,4790.20263671875,0.0,0.0,0.0,-0.4652126729488373,True,nan,False,0.0010631636250764132,0.01,True,,0.001,0.0009999999310821295,7.570796879008412e-05,372.60064697265625,4790.20263671875,348936.8125,0.00023723729827906936,172912864.0,183.90447998046875
npg_logbarrier_handoff,730,265,549256,0.0,False,329.8418273925781,0.4784570336341858,0.0,329.8418273925781,5507.4892578125,0.0,0.0,0.0,-0.576208770275116,True,nan,False,0.0012377933599054813,0.01,True,,0.001,0.001000000280328095,6.826905882917345e-05,329.8418273925781,5507.4892578125,429123.375,0.00014665893104393035,55156064.0,147.5716552734375
npg_logbarrier_handoff,730,266,550968,0.0,False,174.75656127929688,0.3933716416358948,0.0,174.75656127929688,4679.26416015625,0.0,0.0,0.0,0.1710178405046463,True,nan,False,0.0009955718414857984,0.01,True,,0.001,0.0009999999310821295,7.81669732532464e-05,174.75656127929688,4679.26416015625,327328.1875,0.0001576348877279088,130715512.0,171.30430603027344
npg_logbarrier_handoff,730,267,552718,0.0,False,204.66720581054688,0.483352392911911,0.0,204.66720581054688,5565.9072265625,0.0,0.0,0.0,-0.07495826482772827,True,nan,False,0.0010553895263001323,0.01,True,,0.001,0.0010000000474974513,7.653384091099724e-05,204.66720581054688,5565.9072265625,341446.75,0.00012247070844750851,20309930.0,154.0919647216797
npg_logbarrier_handoff,730,268,554842,0.0,False,260.6807861328125,0.40178820490837097,0.0,260.6807861328125,4981.3125,0.0,0.0,0.0,-0.6851520538330078,True,nan,False,0.001044283271767199,0.01,True,,0.001,0.0009999999310821295,8.018599328352138e-05,260.6807861328125,4981.3125,311052.0,0.0002146888873539865,547547776.0,169.81515502929688
npg_logbarrier_handoff,730,269,556452,0.0,False,424.39154052734375,0.5160038471221924,0.0,424.39154052734375,5810.26708984375,0.0,0.0,0.0,-0.15927700698375702,True,nan,False,0.0009125864016823471,0.01,True,,0.001,0.0009999999310821295,6.173053407110274e-05,424.39154052734375,5810.26708984375,524843.6875,0.0002261789923068136,165560016.0,155.66758728027344
npg_logbarrier_handoff,730,270,558457,0.0,False,325.8672180175781,0.42448490858078003,0.0,325.8672180175781,5686.23681640625,0.0,0.0,0.0,-0.557280421257019,True,nan,False,0.001285173580981791,0.01,True,,0.001,0.0010000003967434168,7.268098852364346e-05,325.8672180175781,5686.23681640625,378606.78125,0.00029998651007190347,56205416.0,176.91964721679688
npg_logbarrier_handoff,730,271,559837,0.0,False,237.6281280517578,0.4763876795768738,0.0,237.6281280517578,4219.82421875,0.0,0.0,0.0,0.2839149832725525,True,nan,False,0.0011575422249734402,0.01,True,,0.001,0.0010000000474974513,8.355158934136853e-05,237.6281280517578,4219.82421875,286497.34375,0.00022679277753923088,50036208.0,181.63754272460938
npg_logbarrier_handoff,730,272,561384,0.0,False,281.2786865234375,0.4518234431743622,0.0,281.2786865234375,4382.90234375,0.0,0.0,0.0,-0.010756751522421837,True,nan,False,0.0012374880025163293,0.01,True,,0.001,0.0009999999310821295,9.283909457735717e-05,281.2786865234375,4382.90234375,232042.875,0.00021104262850712985,55943904.0,181.4290771484375
npg_logbarrier_handoff,730,273,562788,0.0,False,274.628173828125,0.5072818994522095,0.0,274.628173828125,3977.051025390625,0.0,0.0,0.0,-0.5121879577636719,True,nan,False,0.0011172202648594975,0.01,True,,0.001,0.0009999999310821295,7.510076102335006e-05,274.628173828125,3977.051025390625,354602.125,0.00012609735131263733,68167872.0,191.82266235351562
npg_logbarrier_handoff,730,274,564150,0.0,False,407.3785705566406,0.6492559313774109,0.0,407.3785705566406,3917.81494140625,0.0,0.0,0.0,-0.29690951108932495,True,nan,False,0.0009304722771048546,0.01,True,,0.001,0.0009999999310821295,8.211365638999268e-05,407.3785705566406,3917.81494140625,296619.15625,0.00013690520427189767,38899168.0,162.87013244628906
npg_logbarrier_handoff,730,275,565824,0.0,False,352.156494140625,0.493327260017395,0.0,352.156494140625,4713.75537109375,0.0,0.0,0.0,-0.27797672152519226,True,nan,False,0.0011908301385119557,0.01,True,,0.001,0.0010000000474974513,7.471766730304807e-05,352.156494140625,4713.75537109375,358247.6875,0.00020390482677612454,116582392.0,226.60748291015625
npg_logbarrier_handoff,730,276,567285,0.0,False,226.65505981445312,0.4273254871368408,0.0,226.65505981445312,4627.56005859375,0.0,0.0,0.0,-0.4494994878768921,True,nan,False,0.0011058204108849168,0.01,True,,0.001,0.001000000280328095,8.404079562751576e-05,226.65505981445312,4627.56005859375,283171.625,0.00018720566004049033,242488592.0,241.7962188720703
npg_logbarrier_handoff,730,277,568960,0.0,False,313.2192077636719,0.6487092971801758,0.0,313.2192077636719,5435.90966796875,0.0,0.0,0.0,-0.5244029760360718,True,nan,False,0.001266182167455554,0.01,True,,0.001,0.001000000280328095,7.813559204805642e-05,313.2192077636719,5435.90966796875,327591.1875,0.00010639024549163878,249893408.0,182.4031982421875
npg_logbarrier_handoff,730,278,570574,0.0,False,346.5885925292969,0.6019746661186218,0.0,346.5885925292969,4308.90185546875,0.0,0.0,0.0,-0.6456570029258728,True,nan,False,0.0009823323925957084,0.01,True,,0.001,0.0009999996982514858,8.09896519058384e-05,346.5885925292969,4308.90185546875,304909.46875,0.00018904253374785185,485673856.0,182.33953857421875
npg_logbarrier_handoff,730,279,572297,0.0,False,235.0389404296875,0.6328448057174683,0.0,235.0389404296875,4102.71923828125,0.0,0.0,0.0,0.04273153841495514,True,nan,False,0.0009426813339814544,0.01,True,,0.001,0.0010000001639127731,8.476892253383994e-05,235.0389404296875,4102.71923828125,278327.875,0.00041145936120301485,63246356.0,203.5009002685547
npg_logbarrier_handoff,730,280,573823,0.0,False,336.2451477050781,0.6720884442329407,0.0,336.2451477050781,3561.610107421875,0.0,0.0,0.0,-0.6864476799964905,True,nan,False,0.0011058069067075849,0.01,True,,0.001,0.0010000001639127731,8.589935168856755e-05,336.2451477050781,3561.610107421875,271050.53125,0.0002026063739322126,68330288.0,192.41738891601562
npg_logbarrier_handoff,730,281,575231,0.0,False,258.17578125,0.7627072930335999,0.0,258.17578125,4042.30078125,0.0,0.0,0.0,-0.3257080912590027,True,nan,False,0.0011990147177129984,0.01,True,,0.001,0.0009999996982514858,8.698800957063213e-05,258.17578125,4042.30078125,264308.5625,0.0002586068003438413,170621312.0,167.80149841308594
npg_logbarrier_handoff,730,282,576849,0.0,False,208.72164916992188,0.7421305179595947,0.0,208.72164916992188,3734.680908203125,0.0,0.0,0.0,-0.06838301569223404,True,nan,False,0.0009941279422491789,0.01,True,,0.001,0.0009999999310821295,9.854947711573914e-05,208.72164916992188,3734.680908203125,205930.8125,0.00013735143875237554,120284104.0,204.1620330810547
npg_logbarrier_handoff,730,283,578172,0.0,False,220.25450134277344,0.7522926926612854,0.0,220.25450134277344,3182.192626953125,0.0,0.0,0.0,-0.19762073457241058,True,nan,False,0.0012104948982596397,0.01,True,,0.001,0.0010000001639127731,0.00013531194417737424,220.25450134277344,3182.192626953125,109233.96875,8.604394679423422e-05,27334702.0,187.0412139892578
npg_logbarrier_handoff,730,284,579476,0.0,False,496.08734130859375,0.5935046076774597,0.0,496.08734130859375,4323.7216796875,0.0,0.0,0.0,-0.6864274144172668,True,nan,False,0.0014868454309180379,0.01,True,,0.001,0.0010000000474974513,6.53568422421813e-05,496.08734130859375,4323.7216796875,468217.75,0.00022253005590755492,230112064.0,193.07286071777344
npg_logbarrier_handoff,730,285,580705,0.0,False,235.66134643554688,0.6943228840827942,0.0,235.66134643554688,4271.16943359375,0.0,0.0,0.0,-0.19174125790596008,True,nan,False,0.0015969665255397558,0.01,True,,0.001,0.0009999999310821295,8.14675513538532e-05,235.66134643554688,4271.16943359375,301342.71875,0.00016276906535495073,87546424.0,225.1502227783203
npg_logbarrier_handoff,730,286,581848,0.0,False,230.16676330566406,0.8585571050643921,0.0,230.16676330566406,3859.38330078125,0.0,0.0,0.0,-0.3534136414527893,True,nan,False,0.0011019294615834951,0.01,True,,0.001,0.0009999999310821295,0.00010237866081297398,230.16676330566406,3859.38330078125,190814.375,0.00013104754907544702,71560232.0,177.76470947265625
npg_logbarrier_handoff,730,287,583225,0.0,False,380.8345947265625,0.7292525172233582,0.0,380.8345947265625,3625.34326171875,0.0,0.0,0.0,-0.48118236660957336,True,nan,False,0.0011083749122917652,0.01,True,,0.001,0.0010000001639127731,9.58046512096189e-05,380.8345947265625,3625.34326171875,217899.78125,0.00011635087867034599,122522576.0,217.1934814453125
npg_logbarrier_handoff,730,288,584517,0.0,False,191.44314575195312,1.0239592790603638,0.0,191.44314575195312,3831.66552734375,0.0,0.0,0.0,-0.717138409614563,True,nan,False,0.0012571291299536824,0.01,True,,0.001,0.0009999999310821295,0.00010398773883935064,191.44314575195312,3831.66552734375,184954.84375,0.00013190109166316688,87219920.0,143.9467010498047
npg_logbarrier_handoff,730,289,585952,0.0,False,141.9447784423828,0.8275408744812012,0.0,141.9447784423828,2933.931640625,0.0,0.0,0.0,0.2921696603298187,True,nan,False,0.000859950203448534,0.01,True,,0.001,0.0010000000474974513,0.0001409916440024972,141.9447784423828,2933.931640625,100610.484375,0.0001774506235960871,841302592.0,198.17398071289062
npg_logbarrier_handoff,730,290,587209,0.0,False,139.8299102783203,0.7837344408035278,0.0,139.8299102783203,3090.2021484375,0.0,0.0,0.0,-0.41461193561553955,True,nan,False,0.0012168401153758168,0.01,True,,0.001,0.0009999996982514858,0.00016639792011119425,139.8299102783203,3090.2021484375,72232.7578125,0.00011416486086091027,281125440.0,191.1437530517578
npg_logbarrier_handoff,730,291,588335,0.0,False,283.92681884765625,0.8251376748085022,0.0,283.92681884765625,2873.490234375,0.0,0.0,0.0,0.3290573060512543,True,nan,False,0.0012181041529402137,0.01,True,,0.001,0.0009999999310821295,0.0001255856332136318,283.92681884765625,2873.490234375,126809.0078125,0.00019618557416833937,135301632.0,201.06581115722656
npg_logbarrier_handoff,730,292,589522,0.0,False,168.2218475341797,0.8356631994247437,0.0,168.2218475341797,2702.32275390625,0.0,0.0,0.0,-0.1003352627158165,True,nan,False,0.0012628608383238316,0.01,True,,0.001,0.0010000005131587386,0.0001436146121704951,168.2218475341797,2702.32275390625,96968.9765625,9.281215170631185e-05,938034432.0,198.2107696533203
npg_logbarrier_handoff,730,293,590556,0.0,False,188.7135772705078,0.8660093545913696,0.0,188.7135772705078,2892.304443359375,0.0,0.0,0.0,-0.5532038807868958,True,nan,False,0.0010771449888125062,0.01,True,,0.001,0.0010000001639127731,0.00012271638843230903,188.7135772705078,2892.304443359375,132808.203125,0.00016203871928155422,167236736.0,190.72047424316406
npg_logbarrier_handoff,730,294,591648,0.0,False,232.5160369873047,0.8119666576385498,0.0,232.5160369873047,3380.906982421875,0.0,0.0,0.0,-0.4626786708831787,True,nan,False,0.0014722106279805303,0.01,True,,0.001,0.0010000000474974513,0.0001080447036656551,232.5160369873047,3380.906982421875,171325.921875,0.00012135990982642397,277913664.0,195.57669067382812
npg_logbarrier_handoff,730,295,592800,0.0,False,128.15567016601562,0.852256715297699,0.0,128.15567016601562,3270.277587890625,0.0,0.0,0.0,-0.11965139210224152,True,nan,False,0.001399531029164791,0.01,True,,0.001,0.0010000000474974513,0.00012558345042634755,128.15567016601562,3270.277587890625,126813.3984375,0.00013193205813877285,101376576.0,195.4214630126953
npg_logbarrier_handoff,730,296,593931,0.0,False,206.9610137939453,1.020229697227478,0.0,206.9610137939453,2539.040771484375,0.0,0.0,0.0,-0.1379150003194809,True,nan,False,0.0013242282439023256,0.01,True,,0.001,0.0010000001639127731,0.00012036383850499988,206.9610137939453,2539.040771484375,138050.5,0.00013831268006470054,149087904.0,186.42308044433594
npg_logbarrier_handoff,730,297,595041,0.0,False,189.2153778076172,0.9339459538459778,0.0,189.2153778076172,2773.39990234375,0.0,0.0,0.0,-5.375034561438952e-06,True,nan,False,0.0010650196345523,0.01,True,,0.001,0.0009999999310821295,0.00012914430408272892,189.2153778076172,2773.39990234375,119916.65625,0.00016618482186459005,82300416.0,223.34999084472656
npg_logbarrier_handoff,730,298,596154,0.0,False,349.50921630859375,0.9359501600265503,0.0,349.50921630859375,3484.227294921875,0.0,0.0,0.0,0.26587623357772827,True,nan,False,0.001178279984742403,0.01,True,,0.001,0.0010000001639127731,9.281620441470295e-05,349.50921630859375,3484.227294921875,232157.3125,0.00010074487363453954,268337776.0,179.1884002685547
npg_logbarrier_handoff,730,299,597379,0.0,False,247.12435913085938,1.014264702796936,0.0,247.12435913085938,2604.609619140625,0.0,0.0,0.0,-0.36934998631477356,True,nan,False,0.001283794641494751,0.01,True,,0.001,0.0009999996982514858,0.00014539291441906244,247.12435913085938,2604.609619140625,94611.40625,8.990065543912351e-05,107935840.0,205.50057983398438
npg_logbarrier_handoff,730,300,598371,0.0,False,275.8979797363281,0.9420064091682434,0.0,275.8979797363281,2661.628173828125,0.0,0.0,0.0,-0.30837777256965637,True,nan,False,0.0012173909926787019,0.01,True,,0.001,0.0009999999310821295,0.00010969143477268517,275.8979797363281,2661.628173828125,166220.5,0.00010974629549309611,575612416.0,221.75375366210938
npg_logbarrier_handoff,730,301,599463,0.0,False,241.8041534423828,1.0745660066604614,0.0,241.8041534423828,2381.1455078125,0.0,0.0,0.0,-0.20734809339046478,True,nan,False,0.0011430615559220314,0.01,True,,0.001,0.0010000000474974513,0.00011430140875745565,241.8041534423828,2381.1455078125,153082.953125,0.00011922793055418879,212165568.0,204.6248779296875
npg_logbarrier_handoff,730,302,600533,0.0,False,128.23536682128906,1.0331995487213135,0.0,128.23536682128906,2098.450927734375,0.0,0.0,0.0,0.3152804374694824,True,nan,False,0.0017952605849131942,0.01,True,,0.001,0.0010000000474974513,0.0001860391057562083,128.23536682128906,2098.450927734375,57785.85546875,9.185658564092591e-05,1202539648.0,207.37396240234375
npg_logbarrier_handoff,730,303,601533,0.0,False,231.4913787841797,1.2593066692352295,0.0,231.4913787841797,3261.475830078125,0.0,0.0,0.0,-0.1155504435300827,True,nan,False,0.0010254497174173594,0.01,True,,0.001,0.0010000001639127731,0.00011207022907910869,231.4913787841797,3261.475830078125,159239.03125,0.000175130320712924,620529216.0,168.29762268066406
npg_logbarrier_handoff,730,304,602787,0.0,False,221.7152099609375,1.094003438949585,0.0,221.7152099609375,2509.347900390625,0.0,0.0,0.0,-0.5975868701934814,True,nan,False,0.0008996581309475005,0.01,True,,0.001,0.0009999999310821295,0.0001236403768416494,221.7152099609375,2509.347900390625,130830.6171875,0.00011624270700849593,223421024.0,229.92001342773438
npg_logbarrier_handoff,730,305,603852,0.0,False,275.80145263671875,1.1245365142822266,0.0,275.80145263671875,2662.500244140625,0.0,0.0,0.0,-0.6631672978401184,True,nan,False,0.0011415125336498022,0.01,True,,0.001,0.0009999999310821295,0.00010932477016467601,275.80145263671875,2662.500244140625,167337.328125,0.00011897150397999212,122857544.0,234.51821899414062
npg_logbarrier_handoff,730,306,604903,0.0,False,227.03880310058594,1.2427029609680176,0.0,227.03880310058594,3230.534912109375,0.0,0.0,0.0,0.6006786227226257,True,nan,False,0.000954901915974915,0.01,True,,0.001,0.0010000000474974513,0.00010039682092610747,227.03880310058594,3230.534912109375,198422.125,9.25040731090121e-05,72274536.0,163.89102172851562
npg_logbarrier_handoff,730,307,606132,0.0,False,272.0693359375,1.204940676689148,0.0,272.0693359375,2747.65380859375,0.0,0.0,0.0,-0.48708590865135193,True,nan,False,0.0009735304047353566,0.01,True,,0.001,0.0010000000474974513,0.00012312976468820125,272.0693359375,2747.65380859375,131917.953125,0.00010459385521244258,141002192.0,207.03765869140625
npg_logbarrier_handoff,730,308,607180,0.0,False,317.9238586425781,0.9865108132362366,0.0,317.9238586425781,2738.674072265625,0.0,0.0,0.0,-0.27122703194618225,True,nan,False,0.0008296651649288833,0.01,True,,0.001,0.0009999999310821295,9.719312220113352e-05,317.9238586425781,2738.674072265625,211718.5625,9.17312063393183e-05,125071856.0,219.6519775390625
npg_logbarrier_handoff,730,309,608287,0.0,False,590.1171875,1.1454269886016846,0.0,590.1171875,4571.12646484375,0.0,0.0,0.0,-0.5734588503837585,True,nan,False,0.0008337232284247875,0.01,True,,0.001,0.0010000001639127731,6.197626498760656e-05,590.1171875,4571.12646484375,520690.0,0.00019484927179291844,418384704.0,200.3845672607422
npg_logbarrier_handoff,730,310,609683,0.0,False,125.75166320800781,1.0662378072738647,0.0,125.75166320800781,2864.782470703125,0.0,0.0,0.0,-0.23620043694972992,True,nan,False,0.0014989330666139722,0.01,True,,0.001,0.0009999999310821295,0.00012654221791308373,125.75166320800781,2864.782470703125,124899.046875,0.00011565159366000444,295516192.0,211.87855529785156
npg_logbarrier_handoff,730,311,610721,0.0,False,194.88287353515625,1.1516004800796509,0.0,194.88287353515625,2972.815185546875,0.0,0.0,0.0,-0.5452874898910522,True,nan,False,0.001248055836185813,0.01,True,,0.001,0.0010000000474974513,0.00013082718942314386,194.88287353515625,2972.815185546875,116851.4296875,8.877772779669613e-05,554240000.0,185.90675354003906
npg_logbarrier_handoff,730,312,611720,0.0,False,115.08010864257812,1.124202013015747,0.0,115.08010864257812,2467.1298828125,0.0,0.0,0.0,-0.3243574798107147,True,nan,False,0.0012709342408925295,0.01,True,,0.001,0.0009999999310821295,0.00015830657503101975,115.08010864257812,2467.1298828125,79805.3671875,8.06419484433718e-05,354629792.0,218.242919921875
npg_logbarrier_handoff,730,313,612786,0.0,False,286.1869201660156,1.1430189609527588,0.0,286.1869201660156,2845.675048828125,0.0,0.0,0.0,-0.29665112495422363,True,nan,False,0.0008955760858952999,0.01,True,,0.001,0.0009999999310821295,0.00012076766142854467,286.1869201660156,2845.675048828125,137128.8125,0.00011697379522956908,2198659072.0,216.0028533935547
npg_logbarrier_handoff,730,314,613807,0.0,False,140.60443115234375,1.2175315618515015,0.0,140.60443115234375,2128.476806640625,0.0,0.0,0.0,0.3503592312335968,True,nan,False,0.0010290589416399598,0.01,True,,0.001,0.0009999999310821295,0.00017018959624692798,140.60443115234375,2128.476806640625,69050.046875,7.0584675995633e-05,75680592.0,176.47792053222656
npg_logbarrier_handoff,730,315,614785,0.0,False,155.4673614501953,1.2985752820968628,0.0,155.4673614501953,2900.061279296875,0.0,0.0,0.0,-0.26578736305236816,True,nan,False,0.0015231713186949492,0.01,True,,0.001,0.0010000001639127731,0.00011832357995444909,155.4673614501953,2900.061279296875,142852.359375,8.576115214964375e-05,121272328.0,177.7466278076172
npg_logbarrier_handoff,730,316,615781,0.0,False,242.46063232421875,1.2469968795776367,0.0,242.46063232421875,2313.825927734375,0.0,0.0,0.0,0.7137004137039185,True,nan,False,0.0009206941467709839,0.01,True,,0.001,0.0009999999310821295,0.00011642317258520052,242.46063232421875,2313.825927734375,147554.046875,9.019001299748197e-05,92192752.0,163.85989379882812
npg_logbarrier_handoff,730,317,616758,0.0,False,234.34707641601562,1.1700624227523804,0.0,234.34707641601562,3597.322265625,0.0,0.0,0.0,-0.30666494369506836,True,nan,False,0.00098739645909518,0.01,True,,0.001,0.0010000000474974513,8.422461542068049e-05,234.34707641601562,3597.322265625,281936.90625,0.00014068989548832178,104164920.0,212.21376037597656
npg_logbarrier_handoff,730,318,618059,0.0,False,303.5317687988281,1.0748116970062256,0.0,303.5317687988281,3452.76953125,0.0,0.0,0.0,-0.45186948776245117,True,nan,False,0.0013892189599573612,0.01,True,,0.001,0.0010000001639127731,0.00010126862616743892,303.5317687988281,3452.76953125,195020.453125,0.00020135664090048522,329429504.0,186.25144958496094
npg_logbarrier_handoff,730,319,619109,0.0,False,154.27699279785156,1.1668788194656372,0.0,154.27699279785156,2831.461669921875,0.0,0.0,0.0,-0.10027007758617401,True,nan,False,0.001663885312154889,0.01,True,,0.001,0.000999999581836164,0.00011564903979888186,154.27699279785156,2831.461669921875,149536.0625,0.0001259824784938246,252754208.0,166.6914825439453
npg_logbarrier_handoff,730,320,620029,0.0,False,156.74684143066406,1.134718418121338,0.0,156.74684143066406,1873.355224609375,0.0,0.0,0.0,-0.28946736454963684,True,nan,False,0.0009705928969196975,0.01,True,,0.001,0.0010000001639127731,0.00016119018255267292,156.74684143066406,1873.355224609375,76975.5546875,6.766938895452768e-05,77631752.0,200.261474609375
npg_logbarrier_handoff,730,321,620903,0.0,False,245.4764404296875,1.1174607276916504,0.0,245.4764404296875,2301.858642578125,0.0,0.0,0.0,-0.16479447484016418,True,nan,False,0.001268366351723671,0.01,True,,0.001,0.0010000001639127731,0.0001324624608969316,245.4764404296875,2301.858642578125,113984.125,0.00011053360503865406,430976736.0,180.090576171875
npg_logbarrier_handoff,730,322,621906,0.0,False,186.44908142089844,1.2528640031814575,0.0,186.44908142089844,2412.136962890625,0.0,0.0,0.0,-0.5527808666229248,True,nan,False,0.0014066888252273202,0.01,True,,0.001,0.0010000001639127731,0.00012154808064224198,186.44908142089844,2412.136962890625,135373.546875,0.00014529417967423797,45271128.0,159.2726287841797
npg_logbarrier_handoff,730,323,622885,0.0,False,150.41500854492188,1.4089454412460327,0.0,150.41500854492188,1763.8250732421875,0.0,0.0,0.0,-0.08797676116228104,True,nan,False,0.0011211511446163058,0.01,True,,0.001,0.001000000280328095,0.00017338839825242758,150.41500854492188,1763.8250732421875,66525.78125,6.492168904514983e-05,149364720.0,199.2327117919922
npg_logbarrier_handoff,730,324,623713,0.0,False,291.11749267578125,1.2415988445281982,0.0,291.11749267578125,3303.69775390625,0.0,0.0,0.0,0.6179901361465454,True,nan,False,0.0010576075874269009,0.01,True,,0.001,0.0010000001639127731,8.099915430648252e-05,291.11749267578125,3303.69775390625,304837.96875,0.00011002081737387925,119470672.0,181.87127685546875
npg_logbarrier_handoff,730,325,624985,0.0,False,236.85655212402344,1.307586431503296,0.0,236.85655212402344,2805.895751953125,0.0,0.0,0.0,0.4038052260875702,True,nan,False,0.0012543224729597569,0.01,True,,0.001,0.0009999999310821295,0.0001146415452240035,236.85655212402344,2805.895751953125,152175.921875,0.00015369249740615487,217716640.0,185.81427001953125
npg_logbarrier_handoff,730,326,625987,0.0,False,157.13919067382812,1.250449538230896,0.0,157.13919067382812,2867.164306640625,0.0,0.0,0.0,0.18154633045196533,True,nan,False,0.0010798948351293802,0.01,True,,0.001,0.0010000000474974513,9.654555469751358e-05,157.13919067382812,2867.164306640625,214568.234375,8.319556945934892e-05,436353984.0,185.0087127685547
npg_logbarrier_handoff,730,327,627020,0.0,False,131.7628173828125,1.2801344394683838,0.0,131.7628173828125,2443.691162109375,0.0,0.0,0.0,0.3422909080982208,True,nan,False,0.0019242154667153955,0.01,True,,0.001,0.0010000003967434168,0.0001471629220759496,131.7628173828125,2443.691162109375,92349.21875,8.436182542936876e-05,94671120.0,170.32008361816406
npg_logbarrier_handoff,730,328,628006,0.0,False,348.1302795410156,1.1674636602401733,0.0,348.1302795410156,4225.0068359375,0.0,0.0,0.0,0.33243706822395325,True,nan,False,0.0013338288990780711,0.01,True,,0.001,0.0010000000474974513,7.251362694660202e-05,348.1302795410156,4225.0068359375,380356.4375,0.0001387556694680825,154515664.0,190.16500854492188
npg_logbarrier_handoff,730,329,629344,0.0,False,184.93402099609375,1.0898088216781616,0.0,184.93402099609375,3130.20751953125,0.0,0.0,0.0,-0.4808834195137024,True,nan,False,0.0012523363111540675,0.01,True,,0.001,0.0010000005131587386,0.00011169086792506278,184.93402099609375,3130.20751953125,160322.578125,0.00011072951019741595,355360960.0,225.00241088867188
npg_logbarrier_handoff,730,330,630302,0.0,False,168.01263427734375,1.1193737983703613,0.0,168.01263427734375,2448.6455078125,0.0,0.0,0.0,-0.2220127135515213,True,nan,False,0.001003823010250926,0.01,True,,0.001,0.0010000001639127731,0.00012141308252466843,168.01263427734375,2448.6455078125,135674.75,0.00010280821152264252,239687936.0,215.27197265625
npg_logbarrier_handoff,730,331,631320,0.0,False,369.64630126953125,1.272138237953186,0.0,369.64630126953125,2624.4287109375,0.0,0.0,0.0,0.4900937080383301,True,nan,False,0.001008245744742453,0.01,True,,0.001,0.0009999999310821295,9.646863327361643e-05,369.64630126953125,2624.4287109375,214910.5625,8.828312274999917e-05,382852704.0,202.73355102539062
npg_logbarrier_handoff,730,332,632397,0.0,False,259.22894287109375,1.1954352855682373,0.0,259.22894287109375,2763.814453125,0.0,0.0,0.0,-0.5624619126319885,True,nan,False,0.0013622749829664826,0.01,True,,0.001,0.0010000001639127731,0.00011056272342102602,259.22894287109375,2763.814453125,163611.015625,0.00010159851080970839,360558112.0,220.57156372070312
npg_logbarrier_handoff,730,333,633407,0.0,False,224.7855987548828,1.2052638530731201,0.0,224.7855987548828,3149.975341796875,0.0,0.0,0.0,-0.2887835204601288,True,nan,False,0.0013293193187564611,0.01,True,,0.001,0.0009999999310821295,0.00010634811042109504,224.7855987548828,3149.975341796875,176835.90625,0.0001062582668964751,110824240.0,218.08840942382812
npg_logbarrier_handoff,730,334,634477,0.0,False,318.2967224121094,1.3381925821304321,0.0,318.2967224121094,2001.6097412109375,0.0,0.0,0.0,0.10802163928747177,True,nan,False,0.0010425844229757786,0.01,True,,0.001,0.0009999999310821295,0.00012971507385373116,318.2967224121094,2001.6097412109375,118863.671875,0.0001139267478720285,184043984.0,249.1774444580078
npg_logbarrier_handoff,730,335,635348,0.0,False,268.69927978515625,1.3315635919570923,0.0,268.69927978515625,4144.98779296875,0.0,0.0,0.0,-0.13065290451049805,True,nan,False,0.0010375219862908125,0.01,True,,0.001,0.0010000001639127731,9.075197885977104e-05,268.69927978515625,4144.98779296875,242838.640625,0.00016026783850975335,101657328.0,287.2576599121094
npg_logbarrier_handoff,730,336,636618,0.0,False,286.2277526855469,1.300126314163208,0.0,286.2277526855469,2565.702392578125,0.0,0.0,0.0,-0.22661495208740234,True,nan,False,0.0010879853507503867,0.01,True,,0.001,0.0010000000474974513,0.00011880996316904202,286.2277526855469,2565.702392578125,141685.140625,0.00033417268423363566,157182720.0,201.9302215576172
npg_logbarrier_handoff,730,337,637634,0.0,False,135.15382385253906,1.3612568378448486,0.0,135.15382385253906,2892.377685546875,0.0,0.0,0.0,-0.11777051538228989,True,nan,False,0.0016495592426508665,0.01,True,,0.001,0.0009999999310821295,0.00013646775914821774,135.15382385253906,2892.377685546875,107391.4921875,0.0001352475374005735,451975552.0,226.5097198486328
npg_logbarrier_handoff,730,338,638594,0.0,False,409.79638671875,1.3880318403244019,0.0,409.79638671875,3625.42578125,0.0,0.0,0.0,-0.571623682975769,True,nan,False,0.000938436365686357,0.01,True,,0.001,0.0010000001639127731,6.818628025939688e-05,409.79638671875,3625.42578125,430165.9375,0.00025329788331873715,256983280.0,239.2111053466797
npg_logbarrier_handoff,730,339,639904,0.0,False,224.7455291748047,1.446038842201233,0.0,224.7455291748047,2090.012939453125,0.0,0.0,0.0,0.26702502369880676,True,nan,False,0.001723439316265285,0.01,True,,0.001,0.0010000001639127731,0.0001308744540438056,224.7455291748047,2090.012939453125,116767.046875,8.13321748864837e-05,254678592.0,212.67970275878906
npg_logbarrier_handoff,730,340,640803,0.0,False,221.38514709472656,1.3640103340148926,0.0,221.38514709472656,2361.6376953125,0.0,0.0,0.0,-0.1698254495859146,True,nan,False,0.0012788617750629783,0.01,True,,0.001,0.0009999999310821295,0.00012056311970809475,221.38514709472656,2361.6376953125,137594.5,0.00011173982784384862,105318272.0,271.262451171875
npg_logbarrier_handoff,730,341,641791,0.0,False,208.63096618652344,1.54042649269104,0.0,208.63096618652344,2114.81298828125,0.0,0.0,0.0,0.2620984613895416,True,nan,False,0.0013693573419004679,0.01,True,,0.001,0.0010000001639127731,0.00012130614777561277,208.63096618652344,2114.81298828125,135914.0625,0.00010759452561615035,120556512.0,207.53018188476562
npg_logbarrier_handoff,730,342,642746,0.0,False,227.79653930664062,1.4007962942123413,0.0,227.79653930664062,2297.539306640625,0.0,0.0,0.0,-0.09738654643297195,True,nan,False,0.0012180155608803034,0.01,True,,0.001,0.0009999998146668077,0.0001159305902547203,227.79653930664062,2297.539306640625,148810.609375,0.00012210266140755266,139011776.0,236.93516540527344
npg_logbarrier_handoff,730,343,643712,0.0,False,272.51611328125,1.5471593141555786,0.0,272.51611328125,2684.541259765625,0.0,0.0,0.0,-0.5608656406402588,True,nan,False,0.0012716687051579356,0.01,True,,0.001,0.0009999999310821295,0.00013032887363806367,272.51611328125,2684.541259765625,117746.703125,0.00015524898481089622,409817024.0,239.67495727539062
npg_logbarrier_handoff,730,344,644581,0.0,False,188.45452880859375,1.5776492357254028,0.0,188.45452880859375,2297.86767578125,0.0,0.0,0.0,0.0179999228566885,True,nan,False,0.0009780435357242823,0.01,True,,0.001,0.0010000001639127731,0.00012326377327553928,188.45452880859375,2297.86767578125,131631.296875,0.00018065757467411458,1178162432.0,223.39242553710938
npg_logbarrier_handoff,730,345,645530,0.0,False,301.99151611328125,1.5237140655517578,0.0,301.99151611328125,3440.49169921875,0.0,0.0,0.0,-0.642651379108429,True,nan,False,0.0012534422567114234,0.01,True,,0.001,0.0010000001639127731,9.609176049707457e-05,301.99151611328125,3440.49169921875,216599.640625,0.00038339864113368094,161160752.0,232.93209838867188
npg_logbarrier_handoff,730,346,646742,0.0,False,186.3263397216797,1.6224311590194702,0.0,186.3263397216797,2280.32373046875,0.0,0.0,0.0,0.3781021237373352,True,nan,False,0.001274425769224763,0.01,True,,0.001,0.001000000280328095,0.0001328428479610011,186.3263397216797,2280.32373046875,113332.28125,0.00022202303807716817,244678672.0,263.57379150390625
npg_logbarrier_handoff,730,347,647648,0.0,False,435.78265380859375,1.5730527639389038,0.0,435.78265380859375,2449.93994140625,0.0,0.0,0.0,-0.10842394083738327,True,nan,False,0.0010692874202504754,0.01,True,,0.001,0.0009999999310821295,9.69092216109857e-05,435.78265380859375,2449.93994140625,212960.84375,0.00012722097744699568,135288160.0,230.80699157714844
npg_logbarrier_handoff,730,348,648636,0.0,False,256.7080993652344,1.7136956453323364,0.0,256.7080993652344,2122.861328125,0.0,0.0,0.0,0.22271649539470673,True,nan,False,0.0013362214667722583,0.01,True,,0.001,0.0009999999310821295,0.00013330686488188803,256.7080993652344,2122.861328125,112544.671875,0.00013456503802444786,14959001600.0,254.87547302246094
npg_logbarrier_handoff,730,349,649560,0.0,False,205.82559204101562,1.7325727939605713,0.0,205.82559204101562,2085.101318359375,0.0,0.0,0.0,-0.498089998960495,True,nan,False,0.0015929058426991105,0.01,True,,0.001,0.0009999999310821295,0.00013258997933007777,205.82559204101562,2085.101318359375,113764.96875,0.00011727656965376809,111394976.0,256.97296142578125
npg_logbarrier_handoff,730,350,650405,0.0,False,395.2413330078125,1.4778151512145996,0.0,395.2413330078125,3298.017822265625,0.0,0.0,0.0,-0.5170465707778931,True,nan,False,0.0012025932082906365,0.01,True,,0.001,0.0010000001639127731,7.945457036839798e-05,395.2413330078125,3298.017822265625,316805.1875,0.0001610683393664658,284497376.0,241.99143981933594
npg_logbarrier_handoff,730,351,651459,0.0,False,228.20814514160156,1.8289283514022827,0.0,228.20814514160156,1996.3740234375,0.0,0.0,0.0,-0.12296882271766663,True,nan,False,0.0011061102850362659,0.01,True,,0.001,0.0009999999310821295,0.00011491712211864069,228.20814514160156,1996.3740234375,151446.9375,0.000172602609382011,526284384.0,312.44677734375
npg_logbarrier_handoff,730,352,652256,0.0,False,280.7554626464844,1.6166064739227295,0.0,280.7554626464844,2764.272216796875,0.0,0.0,0.0,-0.21205256879329681,True,nan,False,0.000968445441685617,0.01,True,,0.001,0.0010000001639127731,0.00010452160495333374,280.7554626464844,2764.272216796875,183070.296875,0.0002651867107488215,985813760.0,349.99755859375
npg_logbarrier_handoff,730,353,653131,0.0,False,431.9654846191406,1.7300161123275757,0.0,431.9654846191406,2250.240966796875,0.0,0.0,0.0,-0.2666555345058441,True,nan,False,0.0009728634613566101,0.01,True,,0.001,0.0010000000474974513,0.00010662747081369162,431.9654846191406,2250.240966796875,175910.5,0.00018839348922483623,330130656.0,380.787841796875
npg_logbarrier_handoff,730,354,654002,0.0,False,221.91683959960938,1.623670220375061,0.0,221.91683959960938,3073.59765625,0.0,0.0,0.0,-0.3123621642589569,True,nan,False,0.0011965922312811017,0.01,True,,0.001,0.0010000001639127731,9.724472329253331e-05,221.91683959960938,3073.59765625,211493.953125,0.0001750612718751654,743437056.0,310.80859375
npg_logbarrier_handoff,730,355,654945,0.0,False,557.4591674804688,1.7773135900497437,0.0,557.4591674804688,4259.84375,0.0,0.0,0.0,-0.6135183572769165,True,nan,False,0.0011830468429252505,0.01,True,,0.001,0.0010000001639127731,6.835687963757664e-05,557.4591674804688,4259.84375,428021.46875,0.0003426622715778649,334108064.0,196.65548706054688
npg_logbarrier_handoff,730,356,656169,0.0,False,164.7928924560547,1.680580973625183,0.0,164.7928924560547,2034.1221923828125,0.0,0.0,0.0,-0.30724385380744934,True,nan,False,0.0010723621817305684,0.01,True,,0.001,0.0010000001639127731,0.0001537722273496911,164.7928924560547,2034.1221923828125,84581.265625,0.00011210201046196744,835661952.0,351.7068176269531
npg_logbarrier_handoff,730,357,656995,0.0,False,184.2654266357422,1.6151047945022583,0.0,184.2654266357422,2106.085205078125,0.0,0.0,0.0,0.10023783147335052,True,nan,False,0.001285024918615818,0.01,True,,0.001,0.0010000000474974513,0.00014822282537352294,184.2654266357422,2106.085205078125,91033.2109375,0.00022560653451364487,423450592.0,301.3968200683594
npg_logbarrier_handoff,730,358,657893,0.0,False,231.13929748535156,1.609962821006775,0.0,231.13929748535156,2730.16015625,0.0,0.0,0.0,0.15769174695014954,True,nan,False,0.0014333664439618587,0.01,True,,0.001,0.0010000000474974513,0.00012195274030091241,231.13929748535156,2730.16015625,134476.65625,0.00023047988361213356,191058384.0,344.47216796875
npg_logbarrier_handoff,730,359,658841,0.0,False,271.7831115722656,1.8512606620788574,0.0,271.7831115722656,2077.16748046875,0.0,0.0,0.0,0.005078861955553293,True,nan,False,0.0012952802935615182,0.01,True,,0.001,0.0009999999310821295,0.00014713838754687458,271.7831115722656,2077.16748046875,92380.015625,9.416309330845252e-05,603511552.0,273.41302490234375
npg_logbarrier_handoff,730,360,659717,0.0,False,205.97198486328125,1.827584147453308,0.0,205.97198486328125,1906.9298095703125,0.0,0.0,0.0,-0.129959836602211,True,nan,False,0.0008478268282487988,0.01,True,,0.001,0.0009999999310821295,0.00014204510080162436,205.97198486328125,1906.9298095703125,99123.703125,0.00017546387971378863,4798152192.0,306.1856384277344
npg_logbarrier_handoff,730,361,660524,0.0,False,220.9486846923828,1.7580515146255493,0.0,220.9486846923828,2468.97119140625,0.0,0.0,0.0,-0.0025743774604052305,True,nan,False,0.0016251394990831614,0.01,True,,0.001,0.0010000001639127731,0.0001207289460580796,220.9486846923828,2468.97119140625,137216.78125,0.00017521815607324243,241293296.0,236.37213134765625
npg_logbarrier_handoff,730,362,661421,0.0,False,209.3332061767578,1.743949294090271,0.0,209.3332061767578,2879.11669921875,0.0,0.0,0.0,-0.42601707577705383,True,nan,False,0.00164023379329592,0.01,True,,0.001,0.0010000001639127731,0.00011831351730506867,209.3332061767578,2879.11669921875,142876.65625,0.00014488771557807922,1517710976.0,264.8031311035156
npg_logbarrier_handoff,730,363,662360,0.0,False,307.24664306640625,1.7004982233047485,0.0,307.24664306640625,2676.21044921875,0.0,0.0,0.0,0.09064414352178574,True,nan,False,0.001829429529607296,0.01,True,,0.001,0.0010000000474974513,0.00011894270573975518,307.24664306640625,2676.21044921875,141369.0625,0.00018115875718649477,26755028992.0,239.71653747558594
npg_logbarrier_handoff,730,364,663287,0.0,False,518.5121459960938,1.805781364440918,0.0,518.5121459960938,2958.421875,0.0,0.0,0.0,-0.39564263820648193,True,nan,False,0.001071575446985662,0.01,True,,0.001,0.0010000001639127731,8.820774382911623e-05,518.5121459960938,2958.421875,257049.375,0.00016961216169875115,256752032.0,264.4057312011719
npg_logbarrier_handoff,730,365,664300,0.0,False,171.00819396972656,1.8163418769836426,0.0,171.00819396972656,2491.183837890625,0.0,0.0,0.0,0.04510938748717308,True,nan,False,0.0018252290319651365,0.01,True,,0.001,0.0009999999310821295,0.0001283569581573829,171.00819396972656,2491.183837890625,121392.3125,0.00013569422299042344,1333640064.0,229.9392547607422
npg_logbarrier_handoff,730,366,665266,0.0,False,225.21739196777344,1.875573992729187,0.0,225.21739196777344,2788.1845703125,0.0,0.0,0.0,-0.04613984376192093,True,nan,False,0.001227124477736652,0.01,True,,0.001,0.0010000001639127731,9.379728726344183e-05,225.21739196777344,2788.1845703125,227326.1875,0.00014466620632447302,1363502336.0,240.44068908691406
npg_logbarrier_handoff,730,367,666310,0.0,False,287.5001220703125,2.113574504852295,0.0,287.5001220703125,1692.7083740234375,0.0,0.0,0.0,0.0053675067611038685,True,nan,False,0.0013237252132967114,0.01,True,,0.001,0.0010000001639127731,0.00015466904733330011,287.5001220703125,1692.7083740234375,83603.2578125,0.0001402514026267454,976753088.0,309.9755859375
npg_logbarrier_handoff,730,368,667121,0.0,False,254.99642944335938,1.7337626218795776,0.0,254.99642944335938,1904.96630859375,0.0,0.0,0.0,-0.17034244537353516,True,nan,False,0.0007943285163491964,0.01,True,,0.001,0.0010000001639127731,0.00011515403457451612,254.99642944335938,1904.96630859375,150824.4375,0.00024048917111940682,206131776.0,434.5975341796875
npg_logbarrier_handoff,730,369,668055,0.0,False,227.9293212890625,2.3105545043945312,0.0,227.9293212890625,2426.802734375,0.0,0.0,0.0,-0.1651778668165207,True,nan,False,0.0015496290288865566,0.01,True,,0.001,0.0009999999310821295,0.00011563810403458774,227.9293212890625,2426.802734375,149564.34375,0.00037865209742449224,464913728.0,486.3158874511719
npg_logbarrier_handoff,730,370,668957,0.0,False,182.91799926757812,2.1910576820373535,0.0,182.91799926757812,1674.192626953125,0.0,0.0,0.0,-0.02669104002416134,True,nan,False,0.000904761953279376,0.01,True,,0.001,0.0009999999310821295,0.00014882550749462098,182.91799926757812,1674.192626953125,90297.40625,0.0001311328524025157,1093738752.0,361.938232421875
npg_logbarrier_handoff,730,371,669769,0.0,False,316.6390686035156,1.9283792972564697,0.0,316.6390686035156,2122.043212890625,0.0,0.0,0.0,0.29216018319129944,True,nan,False,0.0018351150210946798,0.01,True,,0.001,0.0010000000474974513,0.00011483457637950778,316.6390686035156,2122.043212890625,151664.75,0.00044867239193990827,990576256.0,394.8577880859375
npg_logbarrier_handoff,730,372,670630,0.0,False,439.98394775390625,1.8011553287506104,0.0,439.98394775390625,3070.075439453125,0.0,0.0,0.0,-0.408304363489151,True,nan,False,0.0013285208260640502,0.01,True,,0.001,0.0010000000474974513,9.499639418208972e-05,439.98394775390625,3070.075439453125,221623.484375,0.000279227620922029,621044544.0,281.42022705078125
npg_logbarrier_handoff,730,373,671702,0.0,False,233.684326171875,1.8494702577590942,0.0,233.684326171875,2560.157470703125,0.0,0.0,0.0,-0.1614978015422821,True,nan,False,0.001307190745137632,0.01,True,,0.001,0.0010000006295740604,0.00010716026008594781,233.684326171875,2560.157470703125,174165.65625,0.00015628240362275392,694531840.0,369.47076416015625
npg_logbarrier_handoff,730,374,672701,0.0,False,373.61846923828125,2.0564053058624268,0.0,373.61846923828125,1928.0426025390625,0.0,0.0,0.0,-0.5061759352684021,True,nan,False,0.0010394915007054806,0.01,True,,0.001,0.0009999999310821295,0.00012692819291260093,373.61846923828125,1928.0426025390625,124140.578125,0.00029579870169982314,3395347968.0,467.28173828125
npg_logbarrier_handoff,730,375,673567,0.0,False,251.14048767089844,1.8478935956954956,0.0,251.14048767089844,2182.435302734375,0.0,0.0,0.0,-0.5631011128425598,True,nan,False,0.001339391921646893,0.01,True,,0.001,0.0009999996982514858,0.00013063962978776544,251.14048767089844,2182.435302734375,117187.1796875,0.0002628877991810441,4109963264.0,268.10589599609375
npg_logbarrier_handoff,730,376,674606,0.0,False,342.2267761230469,2.0273287296295166,0.0,342.2267761230469,2947.987548828125,0.0,0.0,0.0,0.355932354927063,True,nan,False,0.002531974809244275,0.01,True,,0.001,0.0010000003967434168,0.00010047906107502058,342.2267761230469,2947.987548828125,198097.453125,0.000360636884579435,231153696.0,271.92193603515625
npg_logbarrier_handoff,730,377,675588,0.0,False,179.30462646484375,2.12168550491333,0.0,179.30462646484375,1852.482177734375,0.0,0.0,0.0,-0.1808691769838333,True,nan,False,0.0016268504550680518,0.01,True,,0.001,0.0009999998146668077,0.00014392506272997707,179.30462646484375,1852.482177734375,96551.078125,0.00014611083315685391,7042208768.0,360.61444091796875
npg_logbarrier_handoff,730,378,676492,0.0,False,178.6002655029297,2.014213800430298,0.0,178.6002655029297,2263.5498046875,0.0,0.0,0.0,0.039179809391498566,True,nan,False,0.001578012597747147,0.01,True,,0.001,0.0009999998146668077,0.00012151445844210684,178.6002655029297,2263.5498046875,135448.46875,0.00021898295381106436,416980960.0,401.9111633300781
npg_logbarrier_handoff,730,379,677423,0.0,False,199.0605010986328,1.7723966836929321,0.0,199.0605010986328,1850.6453857421875,0.0,0.0,0.0,-0.5315921306610107,True,nan,False,0.0010512953158468008,0.01,True,,0.001,0.0010000001639127731,0.00017589297203812748,199.0605010986328,1850.6453857421875,64644.71875,8.228768274420872e-05,419166880.0,318.6523132324219
npg_logbarrier_handoff,730,380,678542,0.0,False,208.6294708251953,2.1541008949279785,0.0,208.6294708251953,2036.138427734375,0.0,0.0,0.0,-0.07824300229549408,True,nan,False,0.0013917398173362017,0.01,True,,0.001,0.001000000280328095,0.0001679192646406591,208.6294708251953,2036.138427734375,70929.84375,0.00016288209008052945,901963008.0,412.6414794921875
npg_logbarrier_handoff,730,381,679419,0.0,False,156.4913787841797,2.0188639163970947,0.0,156.4913787841797,1908.8206787109375,0.0,0.0,0.0,-0.2030358761548996,True,nan,False,0.0013818423030897975,0.01,True,,0.001,0.0010000003967434168,0.0001643399300519377,156.4913787841797,1908.8206787109375,74053.203125,0.00012163974315626547,1653435136.0,373.56298828125
npg_logbarrier_handoff,730,382,680283,0.0,False,182.2420654296875,2.1799447536468506,0.0,182.2420654296875,1590.792236328125,0.0,0.0,0.0,0.23189494013786316,True,nan,False,0.0014828349230811,0.01,True,,0.001,0.001000000280328095,0.00018179080507252365,182.2420654296875,1590.792236328125,60518.2265625,0.00015874960809014738,868245312.0,379.150390625
npg_logbarrier_handoff,730,383,681160,0.0,False,279.0727844238281,2.1722190380096436,0.0,279.0727844238281,2035.5699462890625,0.0,0.0,0.0,-0.4207950234413147,True,nan,False,0.0010817567817866802,0.01,True,,0.001,0.001000000280328095,0.00014176424883771688,279.0727844238281,2035.5699462890625,99516.84375,0.00021252658916637301,325970240.0,397.0169677734375
npg_logbarrier_handoff,730,384,682056,0.0,False,185.3048553466797,2.152984380722046,0.0,185.3048553466797,1810.5052490234375,0.0,0.0,0.0,0.06434213370084763,True,nan,False,0.0016627368750050664,0.01,True,,0.001,0.0009999996982514858,0.0001840276236180216,185.3048553466797,1810.5052490234375,59055.98828125,0.00012131953553762287,786092224.0,387.4787292480469
npg_logbarrier_handoff,730,385,682898,0.0,False,432.2055969238281,1.9401617050170898,0.0,432.2055969238281,2177.853759765625,0.0,0.0,0.0,0.3861791491508484,True,nan,False,0.0011275176657363772,0.01,True,,0.001,0.0009999999310821295,0.00011015332711394876,432.2055969238281,2177.853759765625,164829.421875,0.00033365259878337383,957418304.0,318.69598388671875
npg_logbarrier_handoff,730,386,683885,0.0,False,243.84951782226562,1.9903541803359985,0.0,243.84951782226562,2209.943115234375,0.0,0.0,0.0,0.13571572303771973,True,nan,False,0.0014324234798550606,0.01,True,,0.001,0.0010000000474974513,0.00013532621960621327,243.84951782226562,2209.943115234375,109210.9296875,0.00025221670512109995,358619904.0,354.2182922363281
npg_logbarrier_handoff,730,387,684764,0.0,False,281.0343933105469,2.4178261756896973,0.0,281.0343933105469,1488.934814453125,0.0,0.0,0.0,-0.033950675278902054,True,nan,False,0.0012767802691087127,0.01,True,,0.001,0.000999999581836164,0.00015167653327807784,281.0343933105469,1488.934814453125,86934.71875,0.00031385812326334417,3219784704.0,575.4862060546875
npg_logbarrier_handoff,730,388,685561,0.0,False,233.76515197753906,2.0706777572631836,0.0,233.76515197753906,2203.42724609375,0.0,0.0,0.0,0.06073940172791481,True,nan,False,0.0011575723765417933,0.01,True,,0.001,0.0010000000474974513,0.00013296492397785187,233.76515197753906,2203.42724609375,113124.2890625,0.00025132708833552897,473970400.0,362.2547607421875
npg_logbarrier_handoff,730,389,686474,0.0,False,260.106201171875,2.1470890045166016,0.0,260.106201171875,1856.829833984375,0.0,0.0,0.0,0.061597712337970734,True,nan,False,0.0012650603894144297,0.01,True,,0.001,0.0010000000474974513,0.00013460975605994463,260.106201171875,1856.829833984375,110376.59375,0.00012766392319463193,401806624.0,298.3096618652344
npg_logbarrier_handoff,730,390,687414,0.0,False,107.5120849609375,2.2443490028381348,0.0,107.5120849609375,1589.6331787109375,0.0,0.0,0.0,-0.35143452882766724,True,nan,False,0.0016580927185714245,0.01,True,,0.001,0.001000000280328095,0.00019890206749550998,107.5120849609375,1589.6331787109375,50553.5234375,8.500606782035902e-05,1030932160.0,364.0492858886719
npg_logbarrier_handoff,730,391,688318,0.0,False,326.0627746582031,1.9912030696868896,0.0,326.0627746582031,2648.209228515625,0.0,0.0,0.0,-0.01987554505467415,True,nan,False,0.0014991402858868241,0.01,True,,0.001,0.0009999993490055203,0.00012016083928756416,326.0627746582031,2648.209228515625,138517.328125,0.0003410077188163996,2251368960.0,1063.034423828125
npg_logbarrier_handoff,730,392,689479,0.0,False,334.9006042480469,2.357089042663574,0.0,334.9006042480469,1795.1063232421875,0.0,0.0,0.0,-0.3013594448566437,True,nan,False,0.0013542758533731103,0.01,True,,0.001,0.0009999999310821295,0.00013419712195172906,334.9006042480469,1795.1063232421875,111056.40625,0.00041721947491168976,232045856.0,438.1316223144531
npg_logbarrier_handoff,730,393,690349,0.0,False,146.62188720703125,2.404812812805176,0.0,146.62188720703125,1602.112060546875,0.0,0.0,0.0,-0.5301561951637268,True,nan,False,0.0025985115207731724,0.01,True,,0.001,0.000999999581836164,0.00018277784693054855,146.62188720703125,1602.112060546875,59866.3671875,7.865802035667002e-05,318963520.0,423.5245361328125
npg_logbarrier_handoff,730,394,691170,0.0,False,320.17730712890625,2.1891000270843506,0.0,320.17730712890625,2063.310546875,0.0,0.0,0.0,-0.2823497951030731,True,nan,False,0.0012774260248988867,0.01,True,,0.001,0.0009999999310821295,0.00012482631427701563,320.17730712890625,2063.310546875,128356.453125,0.00018054363317787647,1081389696.0,595.4497680664062
npg_logbarrier_handoff,730,395,692086,0.0,False,213.8997344970703,2.047884702682495,0.0,213.8997344970703,1949.9854736328125,0.0,0.0,0.0,0.12294755131006241,True,nan,False,0.001345801749266684,0.01,True,,0.001,0.0009999998146668077,0.00013394361303653568,213.8997344970703,1949.9854736328125,111477.1796875,0.00013637989468406886,295239936.0,321.28387451171875
npg_logbarrier_handoff,730,396,693068,0.0,False,298.2500305175781,2.438932180404663,0.0,298.2500305175781,2051.389404296875,0.0,0.0,0.0,-0.4120613932609558,True,nan,False,0.0018237513722851872,0.01,True,,0.001,0.0009999999310821295,0.0001315082481596619,298.2500305175781,2051.389404296875,115644.2421875,0.00015677098417654634,2885180928.0,323.6842041015625
npg_logbarrier_handoff,730,397,693934,0.0,False,293.53155517578125,2.0725882053375244,0.0,293.53155517578125,2505.57958984375,0.0,0.0,0.0,0.16442063450813293,True,nan,False,0.001641426351852715,0.01,True,,0.001,0.0010000001639127731,0.00010776708222692832,293.53155517578125,2505.57958984375,172209.75,0.0002446734288241714,400999840.0,318.2556457519531
npg_logbarrier_handoff,730,398,694944,0.0,False,314.8420104980469,2.3627805709838867,0.0,314.8420104980469,1674.81884765625,0.0,0.0,0.0,0.4483310878276825,True,nan,False,0.0015582838095724583,0.01,True,,0.001,0.0009999996982514858,0.00014870730228722095,314.8420104980469,1674.81884765625,90441.0078125,0.00011825660476461053,323407968.0,296.21533203125
npg_logbarrier_handoff,730,399,695830,0.0,False,396.4742736816406,2.403369188308716,0.0,396.4742736816406,1785.4241943359375,0.0,0.0,0.0,-0.332063764333725,True,nan,False,0.0009713540785014629,0.01,True,,0.001,0.0009999999310821295,0.00014837252092547715,396.4742736816406,1785.4241943359375,90849.609375,0.00028136619948782027,5498279424.0,712.0465698242188
npg_logbarrier_handoff,730,400,696702,0.0,False,297.8229675292969,2.3090176582336426,0.0,297.8229675292969,1751.8155517578125,0.0,0.0,0.0,0.09913761913776398,True,nan,False,0.0015691652661189437,0.01,True,,0.001,0.0010000000474974513,0.0001254585076821968,297.8229675292969,1751.8155517578125,127066.1328125,0.0001777153229340911,423496928.0,379.0086975097656
npg_logbarrier_handoff,730,401,697594,0.0,False,464.7932434082031,1.9947080612182617,0.0,464.7932434082031,3581.036376953125,0.0,0.0,0.0,-0.12041616439819336,True,nan,False,0.0013306166511029005,0.01,True,,0.001,0.0010000001639127731,7.976610504556447e-05,464.7932434082031,3581.036376953125,314335.375,0.00023061347019392997,4488922112.0,318.7445983886719
npg_logbarrier_handoff,730,402,698909,0.0,False,399.2235107421875,2.0327982902526855,0.0,399.2235107421875,2400.457275390625,0.0,0.0,0.0,0.05655203387141228,True,nan,False,0.0017255110433325171,0.01,True,,0.001,0.0010000000474974513,9.858702105702832e-05,399.2235107421875,2400.457275390625,205774.0,0.0003165697562508285,2516766208.0,661.1444702148438
npg_logbarrier_handoff,730,403,699956,0.0,False,134.84292602539062,2.087177038192749,0.0,134.84292602539062,2148.869384765625,0.0,0.0,0.0,-0.21691131591796875,True,nan,False,0.0022611890453845263,0.01,True,,0.001,0.0010000001639127731,0.00017302564810961485,134.84292602539062,2148.869384765625,66805.015625,8.176202391041443e-05,852604480.0,306.8343811035156
npg_logbarrier_handoff,730,404,700873,0.0,False,327.82049560546875,2.2026445865631104,0.0,327.82049560546875,2513.896484375,0.0,0.0,0.0,-0.42072105407714844,True,nan,False,0.0023332538548856974,0.01,True,,0.001,0.0010000000474974513,0.00011813279706984758,327.82049560546875,2513.896484375,143314.140625,0.0004042972868774086,1198024320.0,435.7625427246094
npg_logbarrier_handoff,730,405,701847,0.0,False,249.31781005859375,2.302206516265869,0.0,249.31781005859375,1631.5889892578125,0.0,0.0,0.0,-0.3065834641456604,True,nan,False,0.0015020318096503615,0.01,True,,0.001,0.0010000001639127731,0.00014923597336746752,249.31781005859375,1631.5889892578125,89801.375,0.0002426942519377917,1446651008.0,324.6419677734375
npg_logbarrier_handoff,730,406,702732,0.0,False,302.06011962890625,2.0637564659118652,0.0,302.06011962890625,2297.2041015625,0.0,0.0,0.0,-0.3293984532356262,True,nan,False,0.0011225090129300952,0.01,True,,0.001,0.0009999996982514858,0.00011393366730771959,302.06011962890625,2297.2041015625,154072.75,0.0002885731228161603,622619072.0,840.0579223632812
npg_logbarrier_handoff,730,407,703738,0.0,False,254.13909912109375,2.379479169845581,0.0,254.13909912109375,1230.5914306640625,0.0,0.0,0.0,-0.11813700199127197,True,nan,False,0.0007327237981371582,0.01,True,,0.001,0.0010000001639127731,0.0001526711421320215,254.13909912109375,1230.5914306640625,85805.6953125,0.000270097196334973,1364139136.0,642.532470703125
npg_logbarrier_handoff,730,408,704621,0.0,False,266.7619934082031,2.085841655731201,0.0,266.7619934082031,2571.52783203125,0.0,0.0,0.0,-0.19813016057014465,True,nan,False,0.0016823235200718045,0.01,True,,0.001,0.0010000003967434168,0.00012119201710447669,266.7619934082031,2571.52783203125,136170.171875,0.0003551696427166462,287203264.0,366.4928894042969
npg_logbarrier_handoff,730,409,705620,0.0,False,138.38270568847656,2.317643642425537,0.0,138.38270568847656,1953.4503173828125,0.0,0.0,0.0,0.03530259057879448,True,nan,False,0.001270125387236476,0.01,True,,0.001,0.0009999999310821295,0.00015060587611515075,138.38270568847656,1953.4503173828125,88175.1484375,0.0004129873705096543,975333376.0,876.9794921875
npg_logbarrier_handoff,730,410,706487,0.0,False,191.48187255859375,2.2011518478393555,0.0,191.48187255859375,1821.13623046875,0.0,0.0,0.0,-0.49424120783805847,True,nan,False,0.0013558934442698956,0.01,True,,0.001,0.0010000001639127731,0.0001651678903726861,191.48187255859375,1821.13623046875,73312.625,9.67488085734658e-05,491143904.0,283.2052307128906
npg_logbarrier_handoff,730,411,707445,0.0,False,236.45584106445312,2.422088623046875,0.0,236.45584106445312,1541.4439697265625,0.0,0.0,0.0,-0.3894044756889343,True,nan,False,0.0015865062596276402,0.01,True,,0.001,0.0009999994654208422,0.000197819055756554,236.45584106445312,1541.4439697265625,51108.57421875,0.0002671925467438996,1710622464.0,667.85107421875
npg_logbarrier_handoff,730,412,708309,0.0,False,300.9753723144531,1.9717189073562622,0.0,300.9753723144531,3082.853515625,0.0,0.0,0.0,-0.18295784294605255,True,nan,False,0.0012239401694387197,0.01,True,,0.001,0.0009999999310821295,9.035872790263966e-05,300.9753723144531,3082.853515625,244956.96875,0.00029140524566173553,922722496.0,328.7202453613281
npg_logbarrier_handoff,730,413,709592,0.0,False,200.7693634033203,2.422630786895752,0.0,200.7693634033203,1883.5677490234375,0.0,0.0,0.0,-0.14780743420124054,True,nan,False,0.0015107961371541023,0.01,True,,0.001,0.0010000000474974513,0.00015853594231884927,200.7693634033203,1883.5677490234375,79574.6171875,0.0003503518528304994,66976395264.0,1640.3511962890625
npg_logbarrier_handoff,730,414,710470,0.0,False,200.2959747314453,2.4229965209960938,0.0,200.2959747314453,1544.1226806640625,0.0,0.0,0.0,-0.3387053906917572,True,nan,False,0.0012095115380361676,0.01,True,,0.001,0.0009999999310821295,0.0001475879835197702,200.2959747314453,1544.1226806640625,91818.046875,0.0001802493497962132,1161398144.0,491.9582824707031
npg_logbarrier_handoff,730,415,711351,0.0,False,252.0911865234375,2.256798267364502,0.0,252.0911865234375,2215.203125,0.0,0.0,0.0,-0.34273961186408997,True,nan,False,0.0017568846233189106,0.01,True,,0.001,0.0009999998146668077,0.00013293717347551137,252.0911865234375,2215.203125,113171.515625,0.00013512121222447604,380659104.0,519.187255859375
npg_logbarrier_handoff,730,416,712283,0.0,False,423.5586242675781,2.3180806636810303,0.0,423.5586242675781,1432.3101806640625,0.0,0.0,0.0,0.2483631670475006,True,nan,False,0.0012824807781726122,0.01,True,,0.001,0.0010000001639127731,0.00014623708557337523,423.5586242675781,1432.3101806640625,93522.25,0.000340610888088122,2127917824.0,683.321044921875
npg_logbarrier_handoff,730,417,713145,0.0,False,553.5743408203125,2.174039363861084,0.0,553.5743408203125,1972.47998046875,0.0,0.0,0.0,0.08410503715276718,True,nan,False,0.0009630321292206645,0.01,True,,0.001,0.001000000280328095,0.00012310386227909476,553.5743408203125,1972.47998046875,131973.484375,0.000425908830948174,771602880.0,553.207275390625
npg_logbarrier_handoff,730,418,714092,0.0,False,366.3271179199219,2.248711585998535,0.0,366.3271179199219,2169.410400390625,0.0,0.0,0.0,0.13637667894363403,True,nan,False,0.0009765493450686336,0.01,True,,0.001,0.0009999996982514858,0.00010543875396251678,366.3271179199219,2169.410400390625,179899.296875,0.0005425376584753394,916100800.0,989.4136962890625
npg_logbarrier_handoff,730,419,715037,0.0,False,201.76025390625,2.2558789253234863,0.0,201.76025390625,1731.2332763671875,0.0,0.0,0.0,0.10981637239456177,True,nan,False,0.001430060830898583,0.01,True,,0.001,0.001000000280328095,0.00015973580593708903,201.76025390625,1731.2332763671875,78383.640625,0.00018725168774835765,458753216.0,400.27960205078125
npg_logbarrier_handoff,730,420,715932,0.0,False,349.2117004394531,2.2962162494659424,0.0,349.2117004394531,1804.1644287109375,0.0,0.0,0.0,-0.43532493710517883,True,nan,False,0.0014455224154517055,0.01,True,,0.001,0.0009999999310821295,0.0001371224643662572,349.2117004394531,1804.1644287109375,106368.4296875,0.00023411307483911514,1092557440.0,440.89935302734375
npg_logbarrier_handoff,730,421,716954,0.0,False,351.8025207519531,2.0283010005950928,0.0,351.8025207519531,2319.654541015625,0.0,0.0,0.0,-0.2138369232416153,True,nan,False,0.0010042847134172916,0.01,True,,0.001,0.0010000003967434168,0.00010696191748138517,351.8025207519531,2319.654541015625,174812.171875,0.0003344077558722347,975838912.0,439.6275939941406
npg_logbarrier_handoff,730,422,717947,0.0,False,472.2185363769531,2.4146575927734375,0.0,472.2185363769531,1384.8858642578125,0.0,0.0,0.0,-0.3058140277862549,True,nan,False,0.0011509633623063564,0.01,True,,0.001,0.0010000003967434168,0.00013028537796344608,472.2185363769531,1384.8858642578125,117825.34375,0.00020157832477707416,392372672.0,393.2806701660156
npg_logbarrier_handoff,730,423,718790,0.0,False,228.29676818847656,2.1512162685394287,0.0,228.29676818847656,2342.466064453125,0.0,0.0,0.0,0.3785504996776581,True,nan,False,0.0014384423848241568,0.01,True,,0.001,0.0010000000474974513,0.00012634432641789317,228.29676818847656,2342.466064453125,125290.609375,0.00013362306344788522,2013589376.0,254.67568969726562
npg_logbarrier_handoff,730,424,719920,0.0,False,208.8928985595703,2.243492603302002,0.0,208.8928985595703,1552.56201171875,0.0,0.0,0.0,-0.42106011509895325,True,nan,False,0.0013015186414122581,0.01,True,,0.001,0.0010000000474974513,0.00017459483933635056,208.8928985595703,1552.56201171875,65609.5703125,0.0001310799561906606,271076800.0,345.22857666015625
npg_logbarrier_handoff,730,425,720853,0.0,False,338.8355407714844,2.483772039413452,0.0,338.8355407714844,1416.3101806640625,0.0,0.0,0.0,0.39750662446022034,True,nan,False,0.001264865044504404,0.01,True,,0.001,0.0010000000474974513,0.00016452674753963947,338.8355407714844,1416.3101806640625,73885.125,0.00028079113690182567,1226939776.0,392.15325927734375
npg_logbarrier_handoff,730,426,721764,0.0,False,323.6050720214844,2.180180788040161,0.0,323.6050720214844,1917.6229248046875,0.0,0.0,0.0,-0.5506448149681091,True,nan,False,0.0023850849829614162,0.01,True,,0.001,0.0010000001639127731,0.00012483162572607398,323.6050720214844,1917.6229248046875,128345.5234375,0.0001521436352049932,5532633088.0,220.20166015625
npg_logbarrier_handoff,730,427,722760,0.0,False,252.79623413085938,2.603297710418701,0.0,252.79623413085938,1356.133544921875,0.0,0.0,0.0,0.03792735934257507,True,nan,False,0.0015403877478092909,0.01,True,,0.001,0.0009999999310821295,0.00014804436068516225,252.79623413085938,1356.133544921875,91252.8125,8.552477083867416e-05,2791340800.0,381.04071044921875
npg_logbarrier_handoff,730,428,723586,0.0,False,254.167724609375,2.27433180809021,0.0,254.167724609375,1669.18408203125,0.0,0.0,0.0,-0.4768518805503845,True,nan,False,0.0017278952291235328,0.01,True,,0.001,0.0009999999310821295,0.00011947692109970376,254.167724609375,1669.18408203125,140107.6875,0.0004934825119562447,3184739328.0,424.51995849609375
npg_logbarrier_handoff,730,429,724545,0.0,False,196.5242919921875,2.6490612030029297,0.0,196.5242919921875,2029.54931640625,0.0,0.0,0.0,-0.4948761761188507,True,nan,False,0.0019300932763144374,0.01,True,,0.001,0.0010000000474974513,0.0001506504777353257,196.5242919921875,2029.54931640625,88122.953125,0.00012562285701278597,767008512.0,200.5348358154297
npg_logbarrier_handoff,730,430,725407,0.0,False,495.85296630859375,2.2330214977264404,0.0,495.85296630859375,1588.8531494140625,0.0,0.0,0.0,-0.28028619289398193,True,nan,False,0.0010149404406547546,0.01,True,,0.001,0.0009999999310821295,0.00010105356341227889,495.85296630859375,1588.8531494140625,195851.4375,0.00021473350352607667,1091195520.0,296.7864685058594
npg_logbarrier_handoff,730,431,726300,0.0,False,303.0892639160156,2.1552529335021973,0.0,303.0892639160156,2333.726318359375,0.0,0.0,0.0,-0.10954315215349197,True,nan,False,0.001227597938850522,0.01,True,,0.001,0.0010000000474974513,9.534300625091419e-05,303.0892639160156,2333.726318359375,220015.03125,0.0008121173596009612,418291520.0,273.4421691894531
npg_logbarrier_handoff,730,432,727272,0.0,False,205.6303253173828,2.6386046409606934,0.0,205.6303253173828,1736.1044921875,0.0,0.0,0.0,-0.2296820729970932,True,nan,False,0.0012430698843672872,0.01,True,,0.001,0.0009999998146668077,0.00014174226089380682,205.6303253173828,1736.1044921875,99547.71875,0.0003272108151577413,350526432.0,313.92486572265625
npg_logbarrier_handoff,730,433,728127,0.0,False,163.19024658203125,2.500601053237915,0.0,163.19024658203125,1479.397705078125,0.0,0.0,0.0,0.3729303777217865,True,nan,False,0.001302846590988338,0.01,True,,0.001,0.0010000001639127731,0.0001626019220566377,163.19024658203125,1479.397705078125,75644.7265625,0.00025866905343718827,851464896.0,525.7540283203125
npg_logbarrier_handoff,730,434,729007,0.0,False,305.52294921875,2.4637651443481445,0.0,305.52294921875,2150.208251953125,0.0,0.0,0.0,-0.24763500690460205,True,nan,False,0.001185441156849265,0.01,True,,0.001,0.0010000000474974513,0.00012878292181994766,305.52294921875,2150.208251953125,120590.609375,0.000156467838678509,374768288.0,327.1198425292969
npg_logbarrier_handoff,730,435,729931,0.0,False,447.5465393066406,1.9952958822250366,0.0,447.5465393066406,2566.338134765625,0.0,0.0,0.0,-0.157963365316391,True,nan,False,0.0013141935924068093,0.01,True,,0.001,0.0010000000474974513,9.099874296225607e-05,447.5465393066406,2566.338134765625,241523.421875,0.00021377978555392474,4817099776.0,373.89984130859375
npg_logbarrier_handoff,730,436,731071,0.0,False,242.76744079589844,2.281111001968384,0.0,242.76744079589844,1882.49853515625,0.0,0.0,0.0,-0.19762319326400757,True,nan,False,0.0015191406710073352,0.01,True,,0.001,0.0010000000474974513,0.00014541696873493493,242.76744079589844,1882.49853515625,94580.1171875,0.0003356976667419076,405993408.0,490.9483337402344
npg_logbarrier_handoff,730,437,732016,0.0,False,236.6717987060547,2.3265671730041504,0.0,236.6717987060547,2414.57275390625,0.0,0.0,0.0,-0.18341973423957825,True,nan,False,0.0012472441885620356,0.01,True,,0.001,0.001000000280328095,0.00010216231021331623,236.6717987060547,2414.57275390625,191623.4375,0.00044565153075382113,577219648.0,317.6950378417969
npg_logbarrier_handoff,730,438,732995,0.0,False,263.5948181152344,2.335125684738159,0.0,263.5948181152344,1913.6583251953125,0.0,0.0,0.0,-0.02608678489923477,True,nan,False,0.0017855912446975708,0.01,True,,0.001,0.0009999987669289112,0.00015332801558542997,263.5948181152344,1913.6583251953125,85072.0625,0.00026991040795110166,681675136.0,632.4892578125
npg_logbarrier_handoff,730,439,733909,0.0,False,366.6690673828125,1.9299441576004028,0.0,366.6690673828125,2854.693603515625,0.0,0.0,0.0,0.014622097834944725,True,nan,False,0.0012699034996330738,0.01,True,,0.001,0.0010000001639127731,9.263635729439557e-05,366.6690673828125,2854.693603515625,233059.640625,0.0002527361793909222,285734464.0,219.61163330078125
npg_logbarrier_handoff,730,440,735246,0.0,False,442.82080078125,2.291788101196289,0.0,442.82080078125,1844.8150634765625,0.0,0.0,0.0,-0.2290896326303482,True,nan,False,0.0013638036325573921,0.01,True,,0.001,0.0009999999310821295,0.0001219012337969616,442.82080078125,1844.8150634765625,134590.3125,9.826375026023015e-05,3143910912.0,275.8245544433594
npg_logbarrier_handoff,730,441,736228,0.0,False,415.3443908691406,2.4640750885009766,0.0,415.3443908691406,1449.560546875,0.0,0.0,0.0,-0.43312332034111023,True,nan,False,0.0011263322085142136,0.01,True,,0.001,0.0010000000474974513,0.00012533397239167243,415.3443908691406,1449.560546875,127318.765625,0.00016956317995209247,381096224.0,447.3099670410156
npg_logbarrier_handoff,730,442,737163,0.0,False,364.1667175292969,2.2736518383026123,0.0,364.1667175292969,2456.410888671875,0.0,0.0,0.0,-0.36376017332077026,True,nan,False,0.0025577940978109837,0.01,True,,0.001,0.0010000001639127731,9.320893150288612e-05,364.1667175292969,2456.410888671875,230205.09375,0.00030975250410847366,1646182656.0,315.043212890625
npg_logbarrier_handoff,730,443,738234,0.0,False,265.2257995605469,2.8351998329162598,0.0,265.2257995605469,2048.496337890625,0.0,0.0,0.0,0.2238147258758545,True,nan,False,0.0017353617586195469,0.01,True,,0.001,0.0010000000474974513,0.00012714401236735284,265.2257995605469,2048.496337890625,123719.5,9.397204121341929e-05,20266516480.0,296.3143615722656
npg_logbarrier_handoff,730,444,739069,0.0,False,187.01931762695312,2.5339579582214355,0.0,187.01931762695312,1577.1673583984375,0.0,0.0,0.0,-0.16236214339733124,True,nan,False,0.0015248182462528348,0.01,True,,0.001,0.0009999999310821295,0.00017781832139007747,187.01931762695312,1577.1673583984375,63252.39453125,0.0001959547371370718,10226169856.0,811.0049438476562
npg_logbarrier_handoff,730,445,739924,0.0,False,281.4289245605469,2.4931581020355225,0.0,281.4289245605469,1596.9600830078125,0.0,0.0,0.0,0.23568499088287354,True,nan,False,0.0020097161177545786,0.01,True,,0.001,0.0009999999310821295,0.00015278300270438194,281.4289245605469,1596.9600830078125,85680.09375,0.00017919157107826322,3445352448.0,667.8588256835938
npg_logbarrier_handoff,730,446,740788,0.0,False,292.2108459472656,1.9455262422561646,0.0,292.2108459472656,2994.48193359375,0.0,0.0,0.0,0.1993533819913864,True,nan,False,0.0015210944693535566,0.01,True,,0.001,0.0010000001639127731,9.42131009651348e-05,292.2108459472656,2994.48193359375,225324.0,0.00014118055696599185,5440310784.0,143.80030822753906
npg_logbarrier_handoff,730,447,742341,0.0,False,258.416748046875,2.0439493656158447,0.0,258.416748046875,3498.016357421875,0.0,0.0,0.0,-0.34951698780059814,True,nan,False,0.0020952566992491484,0.01,True,,0.001,0.0010000000474974513,8.649273513583466e-05,258.416748046875,3498.016357421875,267344.21875,0.0003356806992087513,1059120768.0,273.0539245605469
npg_logbarrier_handoff,730,448,743509,0.0,False,390.8500671386719,2.290863513946533,0.0,390.8500671386719,2037.173095703125,0.0,0.0,0.0,0.1467437446117401,True,nan,False,0.001225761603564024,0.01,True,,0.001,0.0009999998146668077,0.00012993825657758862,390.8500671386719,2037.173095703125,118455.6875,0.0003988618846051395,4632042496.0,892.6646728515625
npg_logbarrier_handoff,730,449,744423,0.0,False,243.33604431152344,1.886909008026123,0.0,243.33604431152344,2269.79248046875,0.0,0.0,0.0,0.16164670884609222,True,nan,False,0.0017377369804307818,0.01,True,,0.001,0.0009999999310821295,0.00011289567191852257,243.33604431152344,2269.79248046875,156918.953125,5.489780232892372e-05,1757458048.0,284.3133544921875
npg_logbarrier_handoff,730,450,745783,0.0,False,187.1920623779297,2.3132805824279785,0.0,187.1920623779297,1614.6834716796875,0.0,0.0,0.0,0.3523995280265808,True,nan,False,0.0013174221385270357,0.01,True,,0.001,0.0009999999310821295,0.00017747162200976163,187.1920623779297,1614.6834716796875,63499.7734375,6.478971772594377e-05,1432253952.0,440.8506164550781
npg_logbarrier_handoff,730,451,746633,0.0,False,263.0519714355469,2.1451895236968994,0.0,263.0519714355469,1665.2535400390625,0.0,0.0,0.0,-0.18308201432228088,True,nan,False,0.0013242994900792837,0.01,True,,0.001,0.0010000001639127731,0.00015198165783658624,263.0519714355469,1665.2535400390625,86586.0,0.00010137722711078823,36951990272.0,456.2182312011719
npg_logbarrier_handoff,730,452,747583,0.0,False,291.9275817871094,2.465080738067627,0.0,291.9275817871094,1608.86181640625,0.0,0.0,0.0,-0.04462487995624542,True,nan,False,0.0012159724719822407,0.01,True,,0.001,0.0010000000474974513,0.00012471551599446684,291.9275817871094,1608.86181640625,128584.609375,0.00010330820077797398,631957440.0,285.2156066894531
npg_logbarrier_handoff,730,453,748563,0.0,False,471.8576965332031,2.1329281330108643,0.0,471.8576965332031,1941.0302734375,0.0,0.0,0.0,0.290080726146698,True,nan,False,0.0010631537297740579,0.01,True,,0.001,0.0010000001639127731,0.0001325333578279242,471.8576965332031,1941.0302734375,113862.2109375,0.00027610527467913926,119420338176.0,737.8843994140625
npg_logbarrier_handoff,730,454,749558,0.0,False,118.71173858642578,2.314089775085449,0.0,118.71173858642578,1217.25634765625,0.0,0.0,0.0,-0.44519251585006714,True,nan,False,0.0019125464605167508,0.01,True,,0.001,0.001000000280328095,0.00022570713190361857,118.71173858642578,1217.25634765625,39259.01953125,8.771914872340858e-05,251202736.0,186.54811096191406
npg_logbarrier_handoff,730,455,750398,0.0,False,183.53565979003906,2.4525508880615234,0.0,183.53565979003906,1596.1038818359375,0.0,0.0,0.0,-0.07112868875265121,True,nan,False,0.0014426320558413863,0.01,True,,0.001,0.0009999999310821295,0.00014387581904884428,183.53565979003906,1596.1038818359375,96617.1875,0.0006842672592028975,1380631680.0,272.66082763671875
npg_logbarrier_handoff,730,456,751350,0.0,False,268.5494079589844,2.4123003482818604,0.0,268.5494079589844,1465.9384765625,0.0,0.0,0.0,-0.19114847481250763,True,nan,False,0.001629314268939197,0.01,True,,0.001,0.0009999999310821295,0.000174728236743249,268.5494079589844,1465.9384765625,65509.43359375,0.0001420416811015457,686453824.0,327.23291015625
npg_logbarrier_handoff,730,457,752199,0.0,False,528.48388671875,2.2711470127105713,0.0,528.48388671875,1579.3162841796875,0.0,0.0,0.0,-0.45749351382255554,True,nan,False,0.0010464745573699474,0.01,True,,0.001,0.0010000000474974513,0.00011980224371654913,528.48388671875,1579.3162841796875,139347.796875,0.0005793423624709249,3052659200.0,565.5411987304688
npg_logbarrier_handoff,730,458,753043,0.0,False,395.32403564453125,2.029531478881836,0.0,395.32403564453125,2216.1787109375,0.0,0.0,0.0,0.026478774845600128,True,nan,False,0.0010991331655532122,0.01,True,,0.001,0.0010000003967434168,9.58866294240579e-05,395.32403564453125,2216.1787109375,217527.375,0.00020233327813912183,762945088.0,267.1965637207031
npg_logbarrier_handoff,730,459,754159,0.0,False,603.7842407226562,2.2362051010131836,0.0,603.7842407226562,2437.427734375,0.0,0.0,0.0,-0.4411969482898712,True,nan,False,0.0010998083744198084,0.01,True,,0.001,0.0010000005131587386,9.746215800987557e-05,603.7842407226562,2437.427734375,210551.328125,0.00038340475293807685,5704550912.0,587.8042602539062
npg_logbarrier_handoff,730,460,755270,0.0,False,178.60287475585938,2.2402360439300537,0.0,178.60287475585938,1669.0611572265625,0.0,0.0,0.0,0.008960708975791931,True,nan,False,0.0011679005110636353,0.01,True,,0.001,0.0010000000474974513,0.0001779601734597236,178.60287475585938,1669.0611572265625,63151.6015625,0.0002853686164598912,1081563776.0,382.4398498535156
npg_logbarrier_handoff,730,461,756259,0.0,False,253.14332580566406,2.2647945880889893,0.0,253.14332580566406,1755.509521484375,0.0,0.0,0.0,-0.12931407988071442,True,nan,False,0.0013529837597161531,0.01,True,,0.001,0.0009999996982514858,0.000124933518236503,253.14332580566406,1755.509521484375,128136.265625,0.00047828766400925815,7492098560.0,782.9012451171875
npg_logbarrier_handoff,730,462,757187,0.0,False,125.16375732421875,2.77797794342041,0.0,125.16375732421875,1652.2186279296875,0.0,0.0,0.0,-0.49936631321907043,True,nan,False,0.0017739050090312958,0.01,True,,0.001,0.0009999989997595549,0.00019441821496002376,125.16375732421875,1652.2186279296875,52912.23828125,0.0007583009428344667,718607936.0,387.8349304199219
npg_logbarrier_handoff,730,463,758016,0.0,False,253.28204345703125,2.1744539737701416,0.0,253.28204345703125,2000.1138916015625,0.0,0.0,0.0,0.16529186069965363,True,nan,False,0.002434329129755497,0.01,True,,0.001,0.0010000000474974513,0.00013411141117103398,253.28204345703125,2000.1138916015625,111198.4140625,0.00037996770697645843,925936384.0,247.93724060058594
npg_logbarrier_handoff,730,464,758963,0.0,False,552.080078125,2.2337443828582764,0.0,552.080078125,2586.7001953125,0.0,0.0,0.0,0.02192971669137478,True,nan,False,0.0014035552740097046,0.01,True,,0.001,0.001000000280328095,9.103470074478537e-05,552.080078125,2586.7001953125,241332.65625,0.0004777500871568918,7598099456.0,619.6178588867188
npg_logbarrier_handoff,730,465,760162,0.0,False,149.28253173828125,2.2587215900421143,0.0,149.28253173828125,1753.194091796875,0.0,0.0,0.0,0.4326481819152832,True,nan,False,0.0016706889728084207,0.01,True,,0.001,0.0010000001639127731,0.0001749082439346239,149.28253173828125,1753.194091796875,65374.6640625,7.258326513692737e-05,607309184.0,223.8721160888672
npg_logbarrier_handoff,730,466,761160,0.0,False,232.99066162109375,2.3421831130981445,0.0,232.99066162109375,1936.6422119140625,0.0,0.0,0.0,0.04644422605633736,True,nan,False,0.0013125217519700527,0.01,True,,0.001,0.0010000001639127731,0.00014292466221377254,232.99066162109375,1936.6422119140625,97907.4453125,0.00019121843797620386,1354338944.0,279.0350341796875
npg_logbarrier_handoff,730,467,762061,0.0,False,298.5207824707031,2.6305274963378906,0.0,298.5207824707031,1821.2730712890625,0.0,0.0,0.0,-0.48422864079475403,True,nan,False,0.0012561283074319363,0.01,True,,0.001,0.0010000003967434168,0.00014482755796052516,298.5207824707031,1821.2730712890625,95351.515625,0.00028999714413657784,2402635776.0,1154.715576171875
npg_logbarrier_handoff,730,468,762977,0.0,False,363.4958801269531,2.4280996322631836,0.0,363.4958801269531,1556.9227294921875,0.0,0.0,0.0,-0.0057581947185099125,True,nan,False,0.0012655222089961171,0.01,True,,0.001,0.0010000001639127731,0.00013192012556828558,363.4958801269531,1556.9227294921875,114923.265625,0.00013238866813480854,594783104.0,292.823486328125
npg_logbarrier_handoff,730,469,763876,0.0,False,344.82122802734375,2.9189682006835938,0.0,344.82122802734375,1674.2730712890625,0.0,0.0,0.0,-0.11896234005689621,True,nan,False,0.002786897122859955,0.01,True,,0.001,0.0009999999310821295,0.000154072797158733,344.82122802734375,1674.2730712890625,84251.578125,0.00019210268510505557,3971780608.0,974.80810546875
npg_logbarrier_handoff,730,470,764653,0.0,False,321.2470397949219,2.5688655376434326,0.0,321.2470397949219,1318.2906494140625,0.0,0.0,0.0,-0.24738013744354248,True,nan,False,0.0008974878001026809,0.01,True,,0.001,0.0010000000474974513,0.0001384523930028081,321.2470397949219,1318.2906494140625,104334.78125,0.00012584100477397442,401497472.0,379.73974609375
npg_logbarrier_handoff,730,471,765527,0.0,False,277.7450256347656,2.3232595920562744,0.0,277.7450256347656,2042.6617431640625,0.0,0.0,0.0,-0.3326144516468048,True,nan,False,0.0023109610192477703,0.01,True,,0.001,0.0009999998146668077,0.0001194500073324889,277.7450256347656,2042.6617431640625,140170.828125,0.0014540465781465173,1589869568.0,685.1950073242188
npg_logbarrier_handoff,730,472,766392,0.0,False,337.61474609375,2.3022162914276123,0.0,337.61474609375,1911.226806640625,0.0,0.0,0.0,-0.287244588136673,True,nan,False,0.0011339634656906128,0.01,True,,0.001,0.0009999994654208422,0.00012232210428919643,337.61474609375,1911.226806640625,133665.734375,0.0006445048493333161,2583279616.0,1052.502197265625
npg_logbarrier_handoff,730,473,767344,0.0,False,154.2901611328125,2.5329713821411133,0.0,154.2901611328125,1452.31982421875,0.0,0.0,0.0,-0.5764492154121399,True,nan,False,0.0016862741904333234,0.01,True,,0.001,0.0010000000474974513,0.0001833712012739852,154.2901611328125,1452.31982421875,59479.5625,0.00010338272113585845,1882124288.0,209.5355224609375
npg_logbarrier_handoff,730,474,768210,0.0,False,319.45751953125,2.4934580326080322,0.0,319.45751953125,1435.279296875,0.0,0.0,0.0,-0.3577735424041748,True,nan,False,0.001698211533948779,0.01,True,,0.001,0.001000000280328095,0.00016935489838942885,319.45751953125,1435.279296875,69732.3828125,0.00011448279110481963,2376855040.0,619.7243041992188
npg_logbarrier_handoff,730,475,769057,0.0,False,326.5506591796875,2.0697760581970215,0.0,326.5506591796875,2173.364501953125,0.0,0.0,0.0,-0.38470378518104553,True,nan,False,0.0012762206606566906,0.01,True,,0.001,0.0010000000474974513,0.00010535024193814024,326.5506591796875,2173.364501953125,180201.71875,0.00011429530422901735,786224064.0,198.90890502929688
npg_logbarrier_handoff,730,476,770107,0.0,False,193.33531188964844,2.816920518875122,0.0,193.33531188964844,1497.3211669921875,0.0,0.0,0.0,-0.2451113909482956,True,nan,False,0.001416318933479488,0.01,True,,0.001,0.0009999999310821295,0.00015093048568814993,193.33531188964844,1497.3211669921875,87796.265625,0.00013238497194834054,1113856128.0,351.9638366699219
npg_logbarrier_handoff,730,477,770946,0.0,False,244.06040954589844,2.1148393154144287,0.0,244.06040954589844,1793.2244873046875,0.0,0.0,0.0,-0.06412152200937271,True,nan,False,0.0014363366644829512,0.01,True,,0.001,0.0009999999310821295,0.00015959628217387944,244.06040954589844,1793.2244873046875,78520.765625,0.0002520780835766345,790539712.0,992.7630004882812
npg_logbarrier_handoff,730,478,771770,0.0,False,308.58160400390625,2.367694854736328,0.0,308.58160400390625,1619.413330078125,0.0,0.0,0.0,-0.04812125861644745,True,nan,False,0.0012735584750771523,0.01,True,,0.001,0.0010000005131587386,0.00014867371646687388,308.58160400390625,1619.413330078125,90481.875,0.00043047836516052485,4460086784.0,1787.330810546875
npg_logbarrier_handoff,730,479,772764,0.0,False,360.696533203125,2.6144425868988037,0.0,360.696533203125,1382.9381103515625,0.0,0.0,0.0,-0.15135087072849274,True,nan,False,0.0018931049853563309,0.01,True,,0.001,0.0009999998146668077,0.0001736689155222848,360.696533203125,1382.9381103515625,66311.03125,0.00023855835024733096,1152002048.0,579.2589721679688
npg_logbarrier_handoff,730,480,773559,0.0,False,339.227294921875,2.1120364665985107,0.0,339.227294921875,2397.363037109375,0.0,0.0,0.0,-0.3276020288467407,True,nan,False,0.0013000979088246822,0.01,True,,0.001,0.0009999996982514858,0.00012483901809901,339.227294921875,2397.363037109375,128330.3203125,0.00013096924521960318,601651840.0,319.61773681640625
npg_logbarrier_handoff,730,481,774591,0.0,False,305.4607238769531,2.7599682807922363,0.0,305.4607238769531,1509.9564208984375,0.0,0.0,0.0,-0.003276842413470149,True,nan,False,0.0015228250995278358,0.01,True,,0.001,0.0010000001639127731,0.00014217397256288677,305.4607238769531,1509.9564208984375,98944.078125,0.00030926536419428885,832542272.0,602.592529296875
npg_logbarrier_handoff,730,482,775359,0.0,False,375.4347839355469,2.4892635345458984,0.0,375.4347839355469,1437.77490234375,0.0,0.0,0.0,0.10604008287191391,True,nan,False,0.0016101733781397343,0.01,True,,0.001,0.0010000005131587386,0.00011957783135585487,375.4347839355469,1437.77490234375,139871.328125,0.0004557475622277707,3260312832.0,684.7689208984375
npg_logbarrier_handoff,730,483,776248,0.0,False,537.57666015625,2.2139248847961426,0.0,537.57666015625,2872.2314453125,0.0,0.0,0.0,0.022013558074831963,True,nan,False,0.0013531780568882823,0.01,True,,0.001,0.0009999989997595549,9.210869029629976e-05,537.57666015625,2872.2314453125,235737.5625,0.0004862909554503858,1041629248.0,675.8809814453125
npg_logbarrier_handoff,730,484,777314,0.0,False,217.24267578125,1.8589341640472412,0.0,217.24267578125,3204.963134765625,0.0,0.0,0.0,-0.1516856849193573,True,nan,False,0.0035091221798211336,0.01,True,,0.001,0.0010000001639127731,9.332417539553717e-05,217.24267578125,3204.963134765625,229636.921875,0.0001369901146972552,787125504.0,158.86537170410156
npg_logbarrier_handoff,730,485,778712,0.0,False,192.54693603515625,2.627753734588623,0.0,192.54693603515625,2131.3642578125,0.0,0.0,0.0,0.24006564915180206,True,nan,False,0.002311486518010497,0.01,True,,0.001,0.0009999999310821295,0.00015354450442828238,192.54693603515625,2131.3642578125,84832.34375,0.00015533796977251768,489179904.0,323.38287353515625
npg_logbarrier_handoff,730,486,779621,0.0,False,260.7698669433594,2.700723886489868,0.0,260.7698669433594,1303.7640380859375,0.0,0.0,0.0,-0.04116024821996689,True,nan,False,0.0012362516717985272,0.01,True,,0.001,0.0010000000474974513,0.00018986604118254036,260.7698669433594,1303.7640380859375,55479.8671875,0.00025021974579431117,7325625856.0,809.916748046875
npg_logbarrier_handoff,730,487,780445,0.0,False,201.75389099121094,2.209113121032715,0.0,201.75389099121094,1940.0670166015625,0.0,0.0,0.0,-0.35542988777160645,True,nan,False,0.00231920275837183,0.01,True,,0.001,0.0010000001639127731,0.0001583104458404705,201.75389099121094,1940.0670166015625,79801.46875,9.464676259085536e-05,745832640.0,219.8411102294922
npg_logbarrier_handoff,730,488,781463,0.0,False,735.3798217773438,2.503680467605591,0.0,735.3798217773438,1951.959228515625,0.0,0.0,0.0,0.14078238606452942,True,nan,False,0.0017925489228218794,0.01,True,,0.001,0.0010000003967434168,0.00012177611642982811,735.3798217773438,1951.959228515625,134867.03125,0.0006863161688670516,271623405568.0,1655.0650634765625
npg_logbarrier_handoff,730,489,782432,0.0,False,250.4440460205078,2.1117451190948486,0.0,250.4440460205078,2734.582763671875,0.0,0.0,0.0,0.11826904118061066,True,nan,False,0.0019450441468507051,0.01,True,,0.001,0.0010000001639127731,0.00010693885997170582,250.4440460205078,2734.582763671875,174887.5625,0.00018973188707605004,1583804928.0,304.49346923828125
npg_logbarrier_handoff,730,490,783559,0.0,False,425.6647644042969,2.313173532485962,0.0,425.6647644042969,1470.0223388671875,0.0,0.0,0.0,-0.21897177398204803,True,nan,False,0.0014379102503880858,0.01,True,,0.001,0.0010000001639127731,0.000110506487544626,425.6647644042969,1470.0223388671875,163777.59375,0.0003298354858998209,1252999040.0,426.81622314453125
npg_logbarrier_handoff,730,491,784502,0.0,False,659.0497436523438,2.596658229827881,0.0,659.0497436523438,1252.4964599609375,0.0,0.0,0.0,-0.3112696707248688,True,nan,False,0.0013794669648632407,0.01,True,,0.001,0.0009999993490055203,0.00018792318587657064,659.0497436523438,1252.4964599609375,56632.9609375,0.0005672283587045968,14163632128.0,1999.5478515625
npg_logbarrier_handoff,730,492,785384,0.0,False,343.22601318359375,2.1698460578918457,0.0,343.22601318359375,2270.9404296875,0.0,0.0,0.0,0.12358524650335312,True,nan,False,0.0012163176434114575,0.01,True,,0.001,0.0009999998146668077,0.00011384891695342958,343.22601318359375,2270.9404296875,154302.21875,0.00029758817981928587,3087140608.0,996.0723876953125
npg_logbarrier_handoff,730,493,786470,0.0,False,91.98776245117188,2.78680157661438,0.0,91.98776245117188,1370.9339599609375,0.0,0.0,0.0,-0.24655430018901825,True,nan,False,0.004018501378595829,0.01,True,,0.001,0.001000000280328095,0.0002241571492049843,91.98776245117188,1370.9339599609375,39803.828125,7.705731695750728e-05,3856113920.0,248.42372131347656
npg_logbarrier_handoff,730,494,787291,0.0,False,301.5172424316406,2.206529140472412,0.0,301.5172424316406,1701.8389892578125,0.0,0.0,0.0,0.016259588301181793,True,nan,False,0.0019380247686058283,0.01,True,,0.001,0.000999999581836164,0.00013916302123107016,301.5172424316406,1701.8389892578125,103271.9375,9.681101073510945e-05,801335488.0,475.8230895996094
npg_logbarrier_handoff,730,495,788378,0.0,False,273.2207336425781,2.4558000564575195,0.0,273.2207336425781,1402.8411865234375,0.0,0.0,0.0,0.04423169046640396,True,nan,False,0.0013634426286444068,0.01,True,,0.001,0.0009999999310821295,0.00015491190424654633,273.2207336425781,1402.8411865234375,83341.328125,0.0002193096443079412,411751168.0,295.3327941894531
npg_logbarrier_handoff,730,496,789257,0.0,False,285.8379821777344,2.558337926864624,0.0,285.8379821777344,1971.3060302734375,0.0,0.0,0.0,-0.4776391386985779,True,nan,False,0.002144745085388422,0.01,True,,0.001,0.001000000280328095,0.00012055014667566866,285.8379821777344,1971.3060302734375,137624.109375,0.00013480927736964077,1137293312.0,502.3214416503906
npg_logbarrier_handoff,730,497,790209,0.0,False,301.0797424316406,2.207648754119873,0.0,301.0797424316406,2129.60595703125,0.0,0.0,0.0,-0.11433768272399902,True,nan,False,0.002139955060556531,0.01,True,,0.001,0.0009999993490055203,0.00014071485202293843,301.0797424316406,2129.60595703125,101006.6875,0.00019501851056702435,2180471040.0,600.529052734375
npg_logbarrier_handoff,730,498,791089,0.0,False,639.8587646484375,2.801879644393921,0.0,639.8587646484375,1365.81591796875,0.0,0.0,0.0,-0.1673249453306198,True,nan,False,0.0016731909709051251,0.01,True,,0.001,0.0009999996982514858,0.00013083260273560882,639.8587646484375,1365.81591796875,116841.734375,0.0006482587195932865,1892834048.0,1054.8634033203125
npg_logbarrier_handoff,730,499,792000,0.0,False,197.0491943359375,2.146639108657837,0.0,197.0491943359375,2018.524658203125,0.0,0.0,0.0,-0.032191384583711624,True,nan,False,0.0013720239512622356,0.01,True,,0.001,0.0009999999310821295,0.00013564727851189673,197.0491943359375,2018.524658203125,108694.5625,0.00014539518451783806,3703497984.0,669.1199340820312
npg_logbarrier_handoff,730,500,793020,0.0,False,183.04254150390625,2.2724592685699463,0.0,183.04254150390625,1950.7000732421875,0.0,0.0,0.0,-0.29905107617378235,True,nan,False,0.0032793800346553326,0.01,True,,0.001,0.0010000003967434168,0.00014542278950102627,183.04254150390625,1950.7000732421875,94572.546875,0.0002418896765448153,966543936.0,239.52809143066406
npg_logbarrier_handoff,730,501,793960,0.0,False,231.54229736328125,2.5568718910217285,0.0,231.54229736328125,1630.2132568359375,0.0,0.0,0.0,0.38534948229789734,True,nan,False,0.0021900825668126345,0.01,True,,0.001,0.0009999996982514858,0.00015777003136463463,231.54229736328125,1630.2132568359375,80349.0859375,8.308902761200443e-05,6989353472.0,229.8087921142578
npg_logbarrier_handoff,730,502,794901,0.0,False,157.39645385742188,2.5156211853027344,0.0,157.39645385742188,1444.0491943359375,0.0,0.0,0.0,-0.22936180233955383,True,nan,False,0.0021414291113615036,0.01,True,,0.001,0.0009999996982514858,0.00017993993242271245,157.39645385742188,1444.0491943359375,61769.6171875,0.00019382689788471907,2822402304.0,239.5875244140625
npg_logbarrier_handoff,730,503,795802,0.0,False,228.1540985107422,2.2683753967285156,0.0,228.1540985107422,1889.4866943359375,0.0,0.0,0.0,0.4325200617313385,True,nan,False,0.0019025752553716302,0.01,True,,0.001,0.0010000000474974513,0.0001447101531084627,228.1540985107422,1889.4866943359375,95506.296875,0.00014765351079404354,1567014912.0,354.38336181640625
npg_logbarrier_handoff,730,504,796835,0.0,False,297.8218688964844,1.9377859830856323,0.0,297.8218688964844,2337.89990234375,0.0,0.0,0.0,-0.03670423477888107,True,nan,False,0.0010551074519753456,0.01,True,,0.001,0.0010000003967434168,0.00012254228931851685,297.8218688964844,2337.89990234375,133185.828125,0.00036001423723064363,2417701888.0,667.2197875976562
npg_logbarrier_handoff,730,505,798113,0.0,False,359.60833740234375,2.353205442428589,0.0,359.60833740234375,1980.9859619140625,0.0,0.0,0.0,0.004110334906727076,True,nan,False,0.0015447274781763554,0.01,True,,0.001,0.0010000001639127731,0.00013587747525889426,359.60833740234375,1980.9859619140625,108326.59375,0.00032068841392174363,3854820096.0,549.7483520507812
npg_logbarrier_handoff,730,506,799056,0.0,False,191.1403350830078,2.4850962162017822,0.0,191.1403350830078,1456.473876953125,0.0,0.0,0.0,0.19152137637138367,True,nan,False,0.0016270742053166032,0.01,True,,0.001,0.0010000001639127731,0.0001765196502674371,191.1403350830078,1456.473876953125,64186.53125,0.000122621058835648,1882492672.0,754.0689697265625
npg_logbarrier_handoff,730,507,799940,0.0,False,275.94091796875,2.554023504257202,0.0,275.94091796875,1630.59912109375,0.0,0.0,0.0,0.14751073718070984,True,nan,False,0.0017609880305826664,0.01,True,,0.001,0.0010000003967434168,0.0001559532101964578,275.94091796875,1630.59912109375,82232.1015625,0.00022103640367276967,1915104384.0,524.9149169921875
npg_logbarrier_handoff,730,508,800863,0.0,False,396.1468811035156,2.1320903301239014,0.0,396.1468811035156,1687.515869140625,0.0,0.0,0.0,-0.5523812770843506,True,nan,False,0.0014945059083402157,0.01,True,,0.001,0.001000000280328095,0.00013093248708173633,396.1468811035156,1687.515869140625,116663.5625,0.00032931973692029715,1330843136.0,399.9410400390625
npg_logbarrier_handoff,730,509,801845,0.0,False,478.8303527832031,2.0981783866882324,0.0,478.8303527832031,2172.708251953125,0.0,0.0,0.0,-0.33779576420783997,True,nan,False,0.005086206365376711,0.01,True,,0.001,0.0010000000474974513,9.933026012731716e-05,478.8303527832031,2172.708251953125,202706.125,0.0013940950157120824,459170656.0,265.6957702636719
npg_logbarrier_handoff,730,510,803016,0.0,False,306.1006774902344,2.4518511295318604,0.0,306.1006774902344,1775.5194091796875,0.0,0.0,0.0,-0.06620021909475327,True,nan,False,0.0015491184312850237,0.01,True,,0.001,0.0010000001639127731,0.00011439866648288444,306.1006774902344,1775.5194091796875,152822.78125,8.927722956286743e-05,677865024.0,262.7838439941406
npg_logbarrier_handoff,730,511,803964,0.0,False,244.5548095703125,2.538588047027588,0.0,244.5548095703125,1564.250244140625,0.0,0.0,0.0,-0.1785879135131836,True,nan,False,0.0012039256980642676,0.01,True,,0.001,0.0010000001639127731,0.00017873886099550873,244.5548095703125,1564.250244140625,62602.55859375,0.00011221445311093703,7118769152.0,950.962890625
npg_logbarrier_handoff,730,512,804828,0.0,False,363.27923583984375,2.3775789737701416,0.0,363.27923583984375,1753.649658203125,0.0,0.0,0.0,-0.24427007138729095,True,nan,False,0.001691595884039998,0.01,True,,0.001,0.0009999999310821295,0.0001212192073580809,363.27923583984375,1753.649658203125,136109.09375,0.00011976593668805435,2651030272.0,514.875244140625
npg_logbarrier_handoff,730,513,805788,0.0,False,146.17185974121094,2.5722579956054688,0.0,146.17185974121094,1649.7125244140625,0.0,0.0,0.0,-0.1599912792444229,True,nan,False,0.0020604433957487345,0.01,True,,0.001,0.0009999999310821295,0.0001625709410291165,146.17185974121094,1649.7125244140625,75673.5625,0.00020412977028172463,7178247680.0,729.08203125
npg_logbarrier_handoff,730,514,806646,0.0,False,152.35830688476562,2.466257333755493,0.0,152.35830688476562,1645.02001953125,0.0,0.0,0.0,0.10995755344629288,True,nan,False,0.003556077368557453,0.01,True,,0.001,0.0010000000474974513,0.00018716888735070825,152.35830688476562,1645.02001953125,57090.34375,0.00012217613402754068,2745190400.0,242.9856719970703
npg_logbarrier_handoff,730,515,807485,0.0,False,271.78863525390625,2.4902291297912598,0.0,271.78863525390625,1423.167724609375,0.0,0.0,0.0,0.22701090574264526,True,nan,False,0.0021001314744353294,0.01,True,,0.001,0.0009999999310821295,0.00022131296282168478,271.78863525390625,1423.167724609375,40833.46875,8.010170131456107e-05,2901435648.0,783.10546875
npg_logbarrier_handoff,730,516,808281,0.0,False,222.48538208007812,2.5326991081237793,0.0,222.48538208007812,2109.101318359375,0.0,0.0,0.0,0.15383955836296082,True,nan,False,0.002372001763433218,0.01,True,,0.001,0.0009999999310821295,0.0001334442204097286,222.48538208007812,2109.101318359375,112313.109375,0.0007085410761646926,9353555968.0,1188.141845703125
npg_logbarrier_handoff,730,517,809192,0.0,False,279.5980224609375,2.1203086376190186,0.0,279.5980224609375,2205.4189453125,0.0,0.0,0.0,-0.29085424542427063,True,nan,False,0.00199425732716918,0.01,True,,0.001,0.0009999999310821295,0.00015296395577024668,279.5980224609375,2205.4189453125,85477.5,9.943546319846064e-05,245500992.0,254.8945770263672
npg_logbarrier_handoff,730,518,810227,0.0,False,281.60662841796875,2.450723886489868,0.0,281.60662841796875,1697.4508056640625,0.0,0.0,0.0,-0.2972344756126404,True,nan,False,0.0014504125574603677,0.01,True,,0.001,0.0009999996982514858,0.00017986661987379193,281.60662841796875,1697.4508056640625,61819.9765625,0.0004903289373032749,8073246720.0,862.016845703125
npg_logbarrier_handoff,730,519,811073,0.0,False,323.8032531738281,2.4966936111450195,0.0,323.8032531738281,1199.1759033203125,0.0,0.0,0.0,-0.1897721141576767,True,nan,False,0.001382219372317195,0.01,True,,0.001,0.0009999994654208422,0.00019902635540347546,323.8032531738281,1199.1759033203125,50490.3984375,0.0001538456417620182,27087020032.0,1167.25439453125
npg_logbarrier_handoff,730,520,811884,0.0,False,258.74749755859375,2.493084669113159,0.0,258.74749755859375,1447.1453857421875,0.0,0.0,0.0,-0.3476172387599945,True,nan,False,0.0024032487999647856,0.01,True,,0.001,0.0009999999310821295,0.0001888368569780141,258.74749755859375,1447.1453857421875,56086.26171875,0.00014252217079047114,2145096064.0,414.2457275390625
npg_logbarrier_handoff,730,521,812707,0.0,False,314.59539794921875,2.1272377967834473,0.0,314.59539794921875,2206.5302734375,0.0,0.0,0.0,-0.12798555195331573,True,nan,False,0.0015168311074376106,0.01,True,,0.001,0.0009999999310821295,0.0001244021113961935,314.59539794921875,2206.5302734375,129233.328125,0.00021100316371303052,5285268480.0,340.0887756347656
npg_logbarrier_handoff,730,522,813733,0.0,False,278.72509765625,2.1107177734375,0.0,278.72509765625,1684.669189453125,0.0,0.0,0.0,0.1310189664363861,True,nan,False,0.0016445991350337863,0.01,True,,0.001,0.0010000001639127731,0.00012886362674180418,278.72509765625,1684.669189453125,120439.609375,0.00042578880675137043,1910142336.0,398.7547302246094
npg_logbarrier_handoff,730,523,814714,0.0,False,173.62698364257812,2.4156200885772705,0.0,173.62698364257812,1667.91796875,0.0,0.0,0.0,0.06427270919084549,True,nan,False,0.0017221001908183098,0.01,True,,0.001,0.0009999999310821295,0.00020572543144226074,173.62698364257812,1667.91796875,47255.6796875,0.00028926998493261635,4208197376.0,989.014404296875
npg_logbarrier_handoff,730,524,815556,0.0,False,535.8948364257812,2.1881155967712402,0.0,535.8948364257812,1564.822265625,0.0,0.0,0.0,-0.29911091923713684,True,nan,False,0.0014557299437001348,0.01,True,,0.001,0.0009999999310821295,0.00014288110833149403,535.8948364257812,1564.822265625,97967.125,0.000329767499351874,3566278144.0,1357.08935546875
npg_logbarrier_handoff,730,525,816474,0.0,False,209.9945068359375,2.2581238746643066,0.0,209.9945068359375,1614.4854736328125,0.0,0.0,0.0,-0.2843712866306305,True,nan,False,0.0012676221085712314,0.01,True,,0.001,0.0009999998146668077,0.0001522107340861112,209.9945068359375,1614.4854736328125,86325.5625,0.00030454216175712645,872455680.0,374.3097229003906
npg_logbarrier_handoff,730,526,817360,0.0,False,278.8713684082031,2.1246275901794434,0.0,278.8713684082031,2388.25048828125,0.0,0.0,0.0,-0.0007667674799449742,True,nan,False,0.0018407971365377307,0.01,True,,0.001,0.0010000003967434168,0.00010855505388462916,278.8713684082031,2388.25048828125,169718.78125,0.0003318135568406433,1398378752.0,597.337646484375
npg_logbarrier_handoff,730,527,818432,0.0,False,421.0986633300781,2.1004505157470703,0.0,421.0986633300781,1906.950927734375,0.0,0.0,0.0,-0.07937227189540863,True,nan,False,0.0015095567796379328,0.01,True,,0.001,0.0010000000474974513,0.000133938854560256,421.0986633300781,1906.950927734375,111485.109375,0.00026069750310853124,18321149952.0,1305.5830078125
npg_logbarrier_handoff,730,528,819374,0.0,False,333.0713806152344,2.243696451187134,0.0,333.0713806152344,1491.455322265625,0.0,0.0,0.0,0.20827536284923553,True,nan,False,0.002449407707899809,0.01,True,,0.001,0.0009999999310821295,0.00014881271636113524,333.0713806152344,1491.455322265625,90312.9296875,9.881627920549363e-05,629088256.0,245.1741180419922
npg_logbarrier_handoff,730,529,820297,0.0,False,290.13275146484375,2.175170660018921,0.0,290.13275146484375,2017.145263671875,0.0,0.0,0.0,0.0414184033870697,True,nan,False,0.001791252288967371,0.01,True,,0.001,0.0010000001639127731,0.00011126147728646174,290.13275146484375,2017.145263671875,161562.421875,0.0004754932306241244,1795390336.0,739.2059326171875
npg_logbarrier_handoff,730,530,821291,0.0,False,248.97071838378906,2.4066834449768066,0.0,248.97071838378906,1517.26953125,0.0,0.0,0.0,-0.2680531144142151,True,nan,False,0.001516713877208531,0.01,True,,0.001,0.0009999999310821295,0.0001585155405336991,248.97071838378906,1517.26953125,79595.1015625,0.0006807044264860451,105631383552.0,1130.0189208984375
npg_logbarrier_handoff,730,531,822102,0.0,False,288.6861267089844,2.3936874866485596,0.0,288.6861267089844,1915.0262451171875,0.0,0.0,0.0,-0.4708470106124878,True,nan,False,0.0032306741923093796,0.01,True,,0.001,0.0010000003967434168,0.0001303742319578305,288.6861267089844,1915.0262451171875,117664.78125,8.289470861200243e-05,248272976.0,192.52896118164062
npg_logbarrier_handoff,730,532,823108,0.0,False,296.4817810058594,2.153486728668213,0.0,296.4817810058594,1853.662353515625,0.0,0.0,0.0,-0.26720693707466125,True,nan,False,0.001993420533835888,0.01,True,,0.001,0.0009999993490055203,0.0001222260616486892,296.4817810058594,1853.662353515625,133875.90625,0.0012557345908135176,3035265280.0,980.7554931640625
npg_logbarrier_handoff,730,533,824057,0.0,False,227.36932373046875,1.9950684309005737,0.0,227.36932373046875,1530.5032958984375,0.0,0.0,0.0,-0.4388972818851471,True,nan,False,0.0012568185338750482,0.01,True,,0.001,0.0009999999310821295,0.00015084614278748631,227.36932373046875,1530.5032958984375,87894.46875,0.00010790510714286938,275621472.0,258.7435302734375
npg_logbarrier_handoff,730,534,825048,0.0,False,222.59449768066406,1.6928619146347046,0.0,222.59449768066406,2094.183837890625,0.0,0.0,0.0,-0.47216007113456726,True,nan,False,0.0013964581303298473,0.01,True,,0.001,0.0010000001639127731,0.00013562868116423488,222.59449768066406,2094.183837890625,108724.390625,5.7099165132967755e-05,7642071552.0,175.58714294433594
npg_logbarrier_handoff,730,535,826267,0.0,False,459.47906494140625,2.327134609222412,0.0,459.47906494140625,1414.377197265625,0.0,0.0,0.0,0.2165539264678955,True,nan,False,0.0017824283568188548,0.01,True,,0.001,0.0009999980684369802,0.00020606917678378522,459.47906494140625,1414.377197265625,47098.16015625,0.0007113473839126527,4611553280.0,2865.83251953125
npg_logbarrier_handoff,730,536,827108,0.0,False,134.78390502929688,2.4059550762176514,0.0,134.78390502929688,1495.9285888671875,0.0,0.0,0.0,-0.5859798192977905,True,nan,False,0.0015452775405719876,0.01,True,,0.001,0.0010000006295740604,0.0002001971733989194,134.78390502929688,1495.9285888671875,49901.5625,0.00015500537119805813,18181277696.0,344.6408386230469
npg_logbarrier_handoff,730,537,827947,0.0,False,340.46099853515625,2.6074907779693604,0.0,340.46099853515625,1185.0118408203125,0.0,0.0,0.0,-0.0018711226293817163,True,nan,False,0.0016679478576406837,0.01,True,,0.001,0.0009999999310821295,0.0001765129272826016,340.46099853515625,1185.0118408203125,64191.4140625,0.00024182937340810895,6461125120.0,626.7404174804688
npg_logbarrier_handoff,730,538,828741,0.0,False,435.2114562988281,1.8753104209899902,0.0,435.2114562988281,2098.49951171875,0.0,0.0,0.0,-0.1642516404390335,True,nan,False,0.0011932523921132088,0.01,True,,0.001,0.0010000003967434168,0.0001159621897386387,435.2114562988281,2098.49951171875,148729.53125,0.0004664842563215643,2950464768.0,1515.63037109375
npg_logbarrier_handoff,730,539,829758,0.0,False,372.3077392578125,2.067460060119629,0.0,372.3077392578125,1919.4053955078125,0.0,0.0,0.0,-0.10240877419710159,True,nan,False,0.0014824442332610488,0.01,True,,0.001,0.0009999996982514858,0.00012581997725646943,372.3077392578125,1919.4053955078125,126337.0546875,0.00025845234631560743,19495081984.0,514.4490966796875
npg_logbarrier_handoff,730,540,830706,0.0,False,288.1881103515625,2.336561918258667,0.0,288.1881103515625,1522.4490966796875,0.0,0.0,0.0,0.2657260298728943,True,nan,False,0.001502807135693729,0.01,True,,0.001,0.0009999996982514858,0.000206872820854187,288.1881103515625,1522.4490966796875,46732.9453125,0.0006381103303283453,948364672.0,505.02142333984375
npg_logbarrier_handoff,730,541,831582,0.0,False,265.5113830566406,2.560669422149658,0.0,265.5113830566406,1859.23876953125,0.0,0.0,0.0,-0.07337293028831482,True,nan,False,0.0014093894278630614,0.01,True,,0.001,0.0009999999310821295,0.00012684757530223578,265.5113830566406,1859.23876953125,124298.4296875,0.00021027523325756192,1867683200.0,569.7230224609375
npg_logbarrier_handoff,730,542,832406,0.0,False,304.0647277832031,2.099621295928955,0.0,304.0647277832031,2019.650146484375,0.0,0.0,0.0,-0.27765604853630066,True,nan,False,0.002093086950480938,0.01,True,,0.001,0.001000000280328095,0.00011771007120842114,304.0647277832031,2019.650146484375,144345.34375,0.00014680072490591556,1281319040.0,228.5792694091797
npg_logbarrier_handoff,730,543,833388,0.0,False,368.73480224609375,2.204946279525757,0.0,368.73480224609375,1595.49462890625,0.0,0.0,0.0,0.08886267989873886,True,nan,False,0.0018241757061332464,0.01,True,,0.001,0.0010000001639127731,0.00015649307169951499,368.73480224609375,1595.49462890625,81665.7265625,0.00026910367887467146,2361595392.0,472.8233947753906
npg_logbarrier_handoff,730,544,834331,0.0,False,193.279296875,2.279902219772339,0.0,193.279296875,1401.037841796875,0.0,0.0,0.0,0.1196141317486763,True,nan,False,0.0013144287513568997,0.01,True,,0.001,0.0010000003967434168,0.0001706150360405445,193.279296875,1401.037841796875,68706.125,0.00035619179834611714,10601809920.0,937.453369140625
npg_logbarrier_handoff,730,545,835156,0.0,False,517.1094970703125,2.0841147899627686,0.0,517.1094970703125,1691.568359375,0.0,0.0,0.0,-0.17058232426643372,True,nan,False,0.0014042839175090194,0.01,True,,0.001,0.0010000000474974513,0.00012032561062369496,517.1094970703125,1691.568359375,138138.21875,0.00023688189685344696,853285888.0,591.1065673828125
npg_logbarrier_handoff,730,546,836126,0.0,False,405.1341857910156,2.2378575801849365,0.0,405.1341857910156,1521.729736328125,0.0,0.0,0.0,-0.06555686891078949,True,nan,False,0.001616117893718183,0.01,True,,0.001,0.0009999974863603711,0.0001749878574628383,405.1341857910156,1521.729736328125,65315.1875,0.0013853329000994563,28359391232.0,2327.14892578125
npg_logbarrier_handoff,730,547,836969,0.0,False,263.5787048339844,2.003140687942505,0.0,263.5787048339844,2385.395263671875,0.0,0.0,0.0,0.018948202952742577,True,nan,False,0.0014837950002402067,0.01,True,,0.001,0.0010000001639127731,0.0001305310579482466,263.5787048339844,2385.395263671875,117382.21875,0.0001996900828089565,18528714752.0,514.7899780273438
npg_logbarrier_handoff,730,548,838042,0.0,False,141.39341735839844,2.3074798583984375,0.0,141.39341735839844,1579.8826904296875,0.0,0.0,0.0,-0.41485729813575745,True,nan,False,0.003040165174752474,0.01,True,,0.001,0.001000000280328095,0.00017077024676837027,141.39341735839844,1579.8826904296875,68581.28125,7.291549991350621e-05,1971703424.0,302.62933349609375
npg_logbarrier_handoff,730,549,838931,0.0,False,238.90499877929688,2.108132839202881,0.0,238.90499877929688,2108.25439453125,0.0,0.0,0.0,0.06784194707870483,True,nan,False,0.002526802010834217,0.01,True,,0.001,0.0010000003967434168,0.0001273876550840214,238.90499877929688,2108.25439453125,123246.71875,0.00016111628792714328,4301731840.0,610.0386352539062
npg_logbarrier_handoff,730,550,840001,0.0,False,124.91535186767578,2.380589485168457,0.0,124.91535186767578,1435.51220703125,0.0,0.0,0.0,-0.3073393404483795,True,nan,False,0.0018312687752768397,0.01,True,,0.001,0.0009999999310821295,0.00020457859500311315,124.91535186767578,1435.51220703125,47786.984375,0.00013056628813501447,8152859136.0,526.9088134765625
npg_logbarrier_handoff,730,551,840826,0.0,False,428.5777587890625,2.305563449859619,0.0,428.5777587890625,1650.215087890625,0.0,0.0,0.0,0.33837759494781494,True,nan,False,0.0012832138454541564,0.01,True,,0.001,0.0010000000474974513,0.00013499365013558418,428.5777587890625,1650.215087890625,109749.7109375,0.0012891431106254458,44568072192.0,4628.9658203125
npg_logbarrier_handoff,730,552,841656,0.0,False,360.7316589355469,2.110673189163208,0.0,360.7316589355469,2246.615234375,0.0,0.0,0.0,-0.045982055366039276,True,nan,False,0.0018900976283475757,0.01,True,,0.001,0.0010000001639127731,0.00010696365643525496,360.7316589355469,2246.615234375,174806.484375,0.00010102355008712038,6568399872.0,438.5451965332031
npg_logbarrier_handoff,730,553,842814,0.0,False,137.66448974609375,2.3031539916992188,0.0,137.66448974609375,1240.023681640625,0.0,0.0,0.0,0.14330901205539703,True,nan,False,0.002778342692181468,0.01,True,,0.001,0.0009999999310821295,0.00022519093181472272,137.66448974609375,1240.023681640625,39439.2109375,0.00022590067237615585,7102704640.0,466.3357849121094
npg_logbarrier_handoff,730,554,843641,0.0,False,225.2913055419922,2.4872915744781494,0.0,225.2913055419922,2044.258544921875,0.0,0.0,0.0,0.04390482231974602,True,nan,False,0.0018862587166950107,0.01,True,,0.001,0.0009999999310821295,0.00012988883827347308,225.2913055419922,2044.258544921875,118545.84375,0.00021422495774459094,1187375744.0,270.244140625
npg_logbarrier_handoff,730,555,844591,0.0,False,387.10955810546875,1.8806644678115845,0.0,387.10955810546875,2622.28076171875,0.0,0.0,0.0,-0.12268591672182083,True,nan,False,0.0033833496272563934,0.01,True,,0.001,0.0010000005131587386,0.00010064167872769758,387.10955810546875,2622.28076171875,197457.78125,0.0008005176787264645,50247983104.0,1142.879150390625
npg_logbarrier_handoff,730,556,845876,0.0,False,355.8761901855469,1.9629278182983398,0.0,355.8761901855469,2072.67041015625,0.0,0.0,0.0,-0.266899436712265,True,nan,False,0.0022878178860992193,0.01,True,,0.001,0.0010000000474974513,0.00013347304775379598,355.8761901855469,2072.67041015625,112264.609375,0.00043978961184620857,1901548928.0,479.2583923339844
npg_logbarrier_handoff,730,557,847036,0.0,False,202.25462341308594,2.2730987071990967,0.0,202.25462341308594,1461.19775390625,0.0,0.0,0.0,0.13518160581588745,True,nan,False,0.0016170261660590768,0.01,True,,0.001,0.0010000000474974513,0.00017090007895603776,202.25462341308594,1461.19775390625,68477.1171875,0.00017080502584576607,26225844224.0,1060.0513916015625
npg_logbarrier_handoff,730,558,847896,0.0,False,155.69073486328125,2.2937843799591064,0.0,155.69073486328125,1825.3050537109375,0.0,0.0,0.0,-0.0014218018623068929,True,nan,False,0.0021080963779240847,0.01,True,,0.001,0.000999999581836164,0.00017684405611362308,155.69073486328125,1825.3050537109375,63951.2578125,0.0001294537796638906,2171646464.0,441.7538757324219
npg_logbarrier_handoff,730,559,848779,0.0,False,243.42608642578125,2.167090892791748,0.0,243.42608642578125,1896.8387451171875,0.0,0.0,0.0,-0.45132333040237427,True,nan,False,0.0013210764154791832,0.01,True,,0.001,0.0009999992325901985,0.00013561375089921057,243.42608642578125,1896.8387451171875,108748.3203125,0.00037763427826575935,10181694464.0,1226.8197021484375
npg_logbarrier_handoff,730,560,849853,0.0,False,209.00250244140625,1.981354832649231,0.0,209.00250244140625,2547.0048828125,0.0,0.0,0.0,-0.2854207456111908,True,nan,False,0.002501380629837513,0.01,True,,0.001,0.001000000280328095,0.00010723936429712921,209.00250244140625,2547.0048828125,173908.8125,0.00020267390937078744,17121486848.0,401.7162170410156
npg_logbarrier_handoff,730,561,850961,0.0,False,232.99497985839844,2.425387382507324,0.0,232.99497985839844,1713.903564453125,0.0,0.0,0.0,-0.1396578550338745,True,nan,False,0.0022352137602865696,0.01,True,,0.001,0.0009999999310821295,0.00012293011241126806,232.99497985839844,1713.903564453125,132346.796875,0.0008090909104794264,632000000.0,245.71826171875
npg_logbarrier_handoff,730,562,851867,0.0,False,174.0448455810547,2.013665199279785,0.0,174.0448455810547,1799.67724609375,0.0,0.0,0.0,0.3800228536128998,True,nan,False,0.0016625537537038326,0.01,True,,0.001,0.0010000003967434168,0.00019497188623063266,174.0448455810547,1799.67724609375,52612.1484375,0.00013549636059906334,12865040384.0,536.3569946289062
npg_logbarrier_handoff,730,563,852881,0.0,False,437.67120361328125,1.9968559741973877,0.0,437.67120361328125,1964.6671142578125,0.0,0.0,0.0,0.0007211495540104806,True,nan,False,0.0013528630370274186,0.01,True,,0.001,0.001000000280328095,0.0001047222685883753,437.67120361328125,1964.6671142578125,182369.375,0.00028139358619228005,35300884480.0,1371.161865234375
npg_logbarrier_handoff,730,564,853956,0.0,False,305.16497802734375,1.9794343709945679,0.0,305.16497802734375,2438.23779296875,0.0,0.0,0.0,-0.23789921402931213,True,nan,False,0.0018260106444358826,0.01,True,,0.001,0.0010000000474974513,8.861014066496864e-05,305.16497802734375,2438.23779296875,254720.09375,0.00019249916658736765,698039424.0,308.48291015625
npg_logbarrier_handoff,730,565,855302,0.0,False,130.03228759765625,2.458904981613159,0.0,130.03228759765625,1388.461669921875,0.0,0.0,0.0,-0.35981592535972595,True,nan,False,0.0015731222229078412,0.01,True,,0.001,0.0010000001639127731,0.0002099063276546076,130.03228759765625,1388.461669921875,45391.9609375,0.00011223935871385038,3077898752.0,406.40093994140625
npg_logbarrier_handoff,730,566,856193,0.0,False,196.6786346435547,2.2570688724517822,0.0,196.6786346435547,2633.88134765625,0.0,0.0,0.0,0.18259772658348083,True,nan,False,0.0017472716281190515,0.01,True,,0.001,0.0010000001639127731,0.00010420183389214799,196.6786346435547,2633.88134765625,184195.625,0.00013484277587849647,1200095488.0,343.83941650390625
npg_logbarrier_handoff,730,567,857187,0.0,False,364.250244140625,2.2698333263397217,0.0,364.250244140625,1184.13134765625,0.0,0.0,0.0,-0.1666533648967743,True,nan,False,0.0014144318411126733,0.01,True,,0.001,0.0009999998146668077,0.00017478280642535537,364.250244140625,1184.13134765625,65468.53125,0.00043086358346045017,4823126016.0,894.082763671875
npg_logbarrier_handoff,730,568,858079,0.0,False,230.46534729003906,2.639277219772339,0.0,230.46534729003906,1542.5404052734375,0.0,0.0,0.0,0.2802937626838684,True,nan,False,0.0023055383935570717,0.01,True,,0.001,0.0010000000474974513,0.00018241263751406223,230.46534729003906,1542.5404052734375,60106.3203125,9.910020889947191e-05,46828584960.0,625.598876953125
npg_logbarrier_handoff,730,569,858869,0.0,False,290.9658203125,2.3596150875091553,0.0,290.9658203125,2227.1171875,0.0,0.0,0.0,0.23120130598545074,True,nan,False,0.002023837296292186,0.01,True,,0.001,0.0009999999310821295,0.00011375425674486905,290.9658203125,2227.1171875,154559.140625,0.00020419010252226144,5715054080.0,314.9445495605469
npg_logbarrier_handoff,730,570,859776,0.0,False,781.0609130859375,2.140763521194458,0.0,781.0609130859375,2812.005126953125,0.0,0.0,0.0,0.09493505209684372,True,nan,False,0.0026818900369107723,0.01,True,,0.001,0.0010000006295740604,9.865598985925317e-05,781.0609130859375,2812.005126953125,205486.421875,0.0005652980762533844,22191978496.0,1170.0625
npg_logbarrier_handoff,730,571,860970,0.0,False,214.0642852783203,2.6575241088867188,0.0,214.0642852783203,1438.086669921875,0.0,0.0,0.0,-0.015962868928909302,True,nan,False,0.001423383830115199,0.01,True,,0.001,0.0010000003967434168,0.0001847243693191558,214.0642852783203,1438.086669921875,58611.3359375,0.00026136977248825133,60557209600.0,2723.12158203125
npg_logbarrier_handoff,730,572,861811,0.0,False,250.11964416503906,2.159985065460205,0.0,250.11964416503906,1971.207763671875,0.0,0.0,0.0,-0.12708452343940735,True,nan,False,0.002227604389190674,0.01,True,,0.001,0.0010000001639127731,0.00013968882558401674,250.11964416503906,1971.207763671875,102495.9375,0.0002274701837450266,1008947456.0,539.449951171875
npg_logbarrier_handoff,730,573,862740,0.0,False,372.1690368652344,2.790566921234131,0.0,372.1690368652344,1316.7791748046875,0.0,0.0,0.0,0.11189277470111847,True,nan,False,0.0015374592039734125,0.01,True,,0.001,0.0010000005131587386,0.0001834194117691368,372.1690368652344,1316.7791748046875,59448.3046875,0.00018863557488657534,12711869440.0,778.97802734375
npg_logbarrier_handoff,730,574,863553,0.0,False,435.70391845703125,2.6036932468414307,0.0,435.70391845703125,1490.782470703125,0.0,0.0,0.0,0.28241539001464844,True,nan,False,0.0018520321464166045,0.01,True,,0.001,0.0010000001639127731,0.00017721415497362614,435.70391845703125,1490.782470703125,63684.4140625,0.0008946691523306072,17083757568.0,2789.59814453125
npg_logbarrier_handoff,730,575,864394,0.0,False,485.2365417480469,2.095731258392334,0.0,485.2365417480469,2885.9970703125,0.0,0.0,0.0,-0.6020690202713013,True,nan,False,0.001507539302110672,0.01,True,,0.001,0.0009999999310821295,8.387721754843369e-05,485.2365417480469,2885.9970703125,284277.15625,0.00033639647881500423,11017415680.0,1572.633056640625
npg_logbarrier_handoff,730,576,865724,0.0,False,358.0780944824219,2.1306312084198,0.0,358.0780944824219,1744.3404541015625,0.0,0.0,0.0,-0.1767617166042328,True,nan,False,0.0016289156628772616,0.01,True,,0.001,0.0010000003967434168,0.0001314090477535501,358.0780944824219,1744.3404541015625,115818.921875,0.00016610237071290612,1241065728.0,655.2535400390625
npg_logbarrier_handoff,730,577,866694,0.0,False,392.64923095703125,2.331059694290161,0.0,392.64923095703125,1745.951904296875,0.0,0.0,0.0,-0.2174597531557083,True,nan,False,0.0015664686216041446,0.01,True,,0.001,0.0010000001639127731,0.0001483326341258362,392.64923095703125,1745.951904296875,90898.4765625,0.00017535011284053326,8563339264.0,1063.8603515625
npg_logbarrier_handoff,730,578,867675,0.0,False,403.2267761230469,2.2839303016662598,0.0,403.2267761230469,1816.349853515625,0.0,0.0,0.0,0.19821304082870483,True,nan,False,0.0026197852566838264,0.01,True,,0.001,0.0009999999310821295,0.00014240997552406043,403.2267761230469,1816.349853515625,98616.40625,0.00022571941372007132,1721430016.0,424.3340148925781
npg_logbarrier_handoff,730,579,868678,0.0,False,258.61688232421875,2.1368391513824463,0.0,258.61688232421875,2223.64111328125,0.0,0.0,0.0,-0.00540330121293664,True,nan,False,0.0014445490669459105,0.01,True,,0.001,0.0009999999310821295,0.00010359589214203879,258.61688232421875,2223.64111328125,186356.65625,0.00016812741523608565,923144640.0,530.915283203125
npg_logbarrier_handoff,730,580,869695,0.0,False,420.4713134765625,2.491224527359009,0.0,420.4713134765625,1574.689453125,0.0,0.0,0.0,-0.4154692590236664,True,nan,False,0.001934020547196269,0.01,True,,0.001,0.0010000001639127731,0.00014317670138552785,420.4713134765625,1574.689453125,97563.046875,0.0005069125327281654,5366214144.0,1195.2469482421875
npg_logbarrier_handoff,730,581,870528,0.0,False,174.3445281982422,2.4911606311798096,0.0,174.3445281982422,1559.1593017578125,0.0,0.0,0.0,0.26073020696640015,True,nan,False,0.0019098857883363962,0.01,True,,0.001,0.0009999999310821295,0.00020133602083660662,174.3445281982422,1559.1593017578125,49338.625,0.00020945252617821097,3054265856.0,455.4621276855469
npg_logbarrier_handoff,730,582,871400,0.0,False,260.39007568359375,2.293335437774658,0.0,260.39007568359375,2676.867919921875,0.0,0.0,0.0,-0.02591453492641449,True,nan,False,0.00267321546562016,0.01,True,,0.001,0.0009999999310821295,8.722767961444333e-05,260.39007568359375,2676.867919921875,262858.09375,0.00033733778400346637,2751677696.0,576.8743286132812
npg_logbarrier_handoff,730,583,872457,0.0,False,613.0975341796875,2.208380937576294,0.0,613.0975341796875,3056.893798828125,0.0,0.0,0.0,0.11845030635595322,True,nan,False,0.002113663125783205,0.01,True,,0.001,0.0010000001639127731,9.318022057414055e-05,613.0975341796875,3056.893798828125,230347.0,0.0006867357878945768,10850693120.0,1495.918701171875
npg_logbarrier_handoff,730,584,873574,0.0,False,173.68218994140625,2.3592967987060547,0.0,173.68218994140625,1597.6810302734375,0.0,0.0,0.0,-0.4277246594429016,True,nan,False,0.003435620339587331,0.01,True,,0.001,0.0009999986505135894,0.00019319457351230085,173.68218994140625,1597.6810302734375,53584.62109375,0.0002118460979545489,1645419648.0,498.9726867675781
npg_logbarrier_handoff,730,585,874492,0.0,False,240.74691772460938,2.770864725112915,0.0,240.74691772460938,1443.267333984375,0.0,0.0,0.0,-0.28402820229530334,True,nan,False,0.0019082637736573815,0.01,True,,0.001,0.0009999998146668077,0.000155238711158745,240.74691772460938,1443.267333984375,82990.796875,0.0004564489936456084,9177356288.0,793.752197265625
npg_logbarrier_handoff,730,586,875337,0.0,False,232.63473510742188,2.3649487495422363,0.0,232.63473510742188,1565.017822265625,0.0,0.0,0.0,0.5011777281761169,True,nan,False,0.0023165266029536724,0.01,True,,0.001,0.0009999999310821295,0.0001850504195317626,232.63473510742188,1565.017822265625,58404.9765625,0.00011591872316785157,1096266368.0,524.11962890625
npg_logbarrier_handoff,730,587,876219,0.0,False,181.3498077392578,2.363602638244629,0.0,181.3498077392578,1787.4063720703125,0.0,0.0,0.0,0.07898709923028946,True,nan,False,0.0028362080920487642,0.01,True,,0.001,0.0010000001639127731,0.00016877161397133023,181.3498077392578,1787.4063720703125,70215.21875,0.0005143253365531564,1601421440.0,950.0416870117188
npg_logbarrier_handoff,730,588,877128,0.0,False,686.723388671875,2.395932912826538,0.0,686.723388671875,1942.071044921875,0.0,0.0,0.0,-0.020943639799952507,True,nan,False,0.001425890251994133,0.01,True,,0.001,0.0010000001639127731,0.00011690054816426709,686.723388671875,1942.071044921875,146351.40625,0.0006972674163989723,60481339392.0,3420.712646484375
npg_logbarrier_handoff,730,589,878061,0.0,False,523.2867431640625,2.183964729309082,0.0,523.2867431640625,2110.31982421875,0.0,0.0,0.0,-0.35122665762901306,True,nan,False,0.001324556884355843,0.01,True,,0.001,0.0010000013280659914,0.00011888622975675389,523.2867431640625,2110.31982421875,141503.40625,0.0010764504550024867,32184698880.0,1880.8475341796875
npg_logbarrier_handoff,730,590,879162,0.0,False,216.1660919189453,2.331268310546875,0.0,216.1660919189453,1932.1048583984375,0.0,0.0,0.0,-0.030962849035859108,True,nan,False,0.0014458992518484592,0.01,True,,0.001,0.0009999996982514858,0.0001430375559721142,216.1660919189453,1932.1048583984375,97752.9375,0.0007081921794451773,3137442816.0,1359.7747802734375
npg_logbarrier_handoff,730,591,880089,0.0,False,298.77703857421875,2.5761537551879883,0.0,298.77703857421875,2404.645751953125,0.0,0.0,0.0,-0.18605373799800873,True,nan,False,0.0029752752743661404,0.01,True,,0.001,0.0010000000474974513,0.0001276370312552899,298.77703857421875,2404.645751953125,122765.578125,0.00036866494338028133,2090786688.0,423.04071044921875
npg_logbarrier_handoff,730,592,881023,0.0,False,669.1696166992188,2.618884325027466,0.0,669.1696166992188,1569.7252197265625,0.0,0.0,0.0,0.19248399138450623,True,nan,False,0.001713565201498568,0.01,True,,0.001,0.0009999964386224747,0.0001646258751861751,669.1696166992188,1569.7252197265625,73796.171875,0.0010689649498090148,639497142272.0,2384.375244140625
npg_logbarrier_handoff,730,593,881857,0.0,False,380.6332092285156,2.2928733825683594,0.0,380.6332092285156,2140.23828125,0.0,0.0,0.0,-0.2091916799545288,True,nan,False,0.001312777865678072,0.01,True,,0.001,0.0009999999310821295,0.00011207846546312794,380.6332092285156,2140.23828125,159215.625,0.00026144724688492715,1417371008.0,584.4545288085938
npg_logbarrier_handoff,730,594,882820,0.0,False,510.7569885253906,2.322266101837158,0.0,510.7569885253906,2471.156005859375,0.0,0.0,0.0,0.14500150084495544,True,nan,False,0.0019498468609526753,0.01,True,,0.001,0.0009999989997595549,0.00011622020247159526,510.7569885253906,2471.156005859375,148069.890625,0.0008940882398746908,27261003776.0,1784.196533203125
npg_logbarrier_handoff,730,595,883910,0.0,False,576.2280883789062,2.361175537109375,0.0,576.2280883789062,2382.41650390625,0.0,0.0,0.0,-0.42286330461502075,True,nan,False,0.001709371106699109,0.01,True,,0.001,0.0009999999310821295,9.516195132164285e-05,576.2280883789062,2382.41650390625,220853.015625,0.0004650324990507215,704766720.0,341.2746276855469
npg_logbarrier_handoff,730,596,885222,0.0,False,254.53842163085938,2.336085796356201,0.0,254.53842163085938,2238.238037109375,0.0,0.0,0.0,-0.15001040697097778,True,nan,False,0.0015695031033828855,0.01,True,,0.001,0.0010000001639127731,0.00012282967509236187,254.53842163085938,2238.238037109375,132563.34375,0.0011973008513450623,5018029056.0,2065.578857421875
npg_logbarrier_handoff,730,597,886248,0.0,False,372.95068359375,2.777447462081909,0.0,372.95068359375,1435.296142578125,0.0,0.0,0.0,-0.027833377942442894,True,nan,False,0.0016284631565213203,0.01,True,,0.001,0.0009999973699450493,0.0001612346968613565,372.95068359375,1435.296142578125,76933.0625,0.0011478917440399528,13549391872.0,3476.06884765625
npg_logbarrier_handoff,730,598,887120,0.0,False,201.64065551757812,2.799659490585327,0.0,201.64065551757812,1416.1978759765625,0.0,0.0,0.0,-0.5768475532531738,True,nan,False,0.002103291917592287,0.01,True,,0.001,0.001000000978820026,0.0002077113022096455,201.64065551757812,1416.1978759765625,46356.40625,0.00044075478217564523,4562873856.0,749.1141967773438
npg_logbarrier_handoff,730,599,887967,0.0,False,366.8876647949219,2.0429742336273193,0.0,366.8876647949219,2866.96728515625,0.0,0.0,0.0,-0.07303997129201889,True,nan,False,0.0028856697026640177,0.01,True,,0.001,0.0010000019101426005,9.561065962770954e-05,366.8876647949219,2866.96728515625,218784.9375,0.0007426014635711908,3394222592.0,840.3912963867188
npg_logbarrier_handoff,730,600,889138,0.0,False,258.9931640625,2.756335735321045,0.0,258.9931640625,1128.851318359375,0.0,0.0,0.0,0.27668318152427673,True,nan,False,0.0013468024553731084,0.01,True,,0.001,0.000999999581836164,0.00025666135479696095,258.9931640625,1128.851318359375,30360.5078125,0.000308995193336159,51039100928.0,915.9702758789062
npg_logbarrier_handoff,730,601,889984,0.0,False,235.96981811523438,2.6361260414123535,0.0,235.96981811523438,1922.0826416015625,0.0,0.0,0.0,-0.15507905185222626,True,nan,False,0.0020493920892477036,0.01,True,,0.001,0.0010000001639127731,0.0001472181174904108,235.96981811523438,1922.0826416015625,92279.984375,0.0005915059009566903,6078470656.0,485.5043029785156
npg_logbarrier_handoff,730,602,890964,0.0,False,250.0306396484375,2.760408878326416,0.0,250.0306396484375,2049.0244140625,0.0,0.0,0.0,0.40205490589141846,True,nan,False,0.002540550660341978,0.01,True,,0.001,0.0010000003967434168,0.0001682029542280361,250.0306396484375,2049.0244140625,70690.78125,0.00045538859558291733,152040390656.0,1522.38720703125
npg_logbarrier_handoff,730,603,891842,0.0,False,461.53515625,2.3662445545196533,0.0,461.53515625,2449.91162109375,0.0,0.0,0.0,0.2098982036113739,True,nan,False,0.0018156517762690783,0.01,True,,0.001,0.0010000003967434168,0.00011886927677551284,461.53515625,2449.91162109375,141543.78125,0.00018588508828543127,6630885376.0,449.2810974121094
npg_logbarrier_handoff,730,604,892833,0.0,False,423.5220947265625,2.185346841812134,0.0,423.5220947265625,1617.202392578125,0.0,0.0,0.0,-0.028012806549668312,True,nan,False,0.0016525160754099488,0.01,True,,0.001,0.0009999999310821295,0.00010523632226977497,423.5220947265625,1617.202392578125,180592.0625,0.00033803898259066045,3491446784.0,662.623046875
npg_logbarrier_handoff,730,605,893911,0.0,False,491.624755859375,2.6570305824279785,0.0,491.624755859375,1612.1397705078125,0.0,0.0,0.0,-0.10245080292224884,True,nan,False,0.0018267013365402818,0.01,True,,0.001,0.0010000001639127731,0.00011563760199351236,491.624755859375,1612.1397705078125,149565.65625,0.00038743895129300654,2081930240.0,679.9401245117188
npg_logbarrier_handoff,730,606,894897,0.0,False,246.13943481445312,2.59954571723938,0.0,246.13943481445312,1683.9447021484375,0.0,0.0,0.0,-0.3521597683429718,True,nan,False,0.001897991867735982,0.01,True,,0.001,0.0010000001639127731,0.00016506515385117382,246.13943481445312,1683.9447021484375,73403.90625,0.0003071049286518246,2421098752.0,576.863525390625
npg_logbarrier_handoff,730,607,895858,0.0,False,480.4840393066406,2.0627946853637695,0.0,480.4840393066406,2948.54736328125,0.0,0.0,0.0,0.12532271444797516,True,nan,False,0.0020239888690412045,0.01,True,,0.001,0.0009999999310821295,8.02527429186739e-05,480.4840393066406,2948.54736328125,310534.78125,0.0006995081785134971,1985107968.0,953.028564453125
npg_logbarrier_handoff,730,608,897143,0.0,False,445.1087341308594,2.536430835723877,0.0,445.1087341308594,2039.8658447265625,0.0,0.0,0.0,-0.4375528395175934,True,nan,False,0.0021494589745998383,0.01,True,,0.001,0.0010000001639127731,0.00012348547170404345,445.1087341308594,2039.8658447265625,131159.0625,0.00028727552853524685,3247846656.0,990.140869140625
npg_logbarrier_handoff,730,609,898155,0.0,False,393.39501953125,2.846498966217041,0.0,393.39501953125,1943.4090576171875,0.0,0.0,0.0,-0.17630577087402344,True,nan,False,0.0025199665687978268,0.01,True,,0.001,0.0010000001639127731,0.00013622164260596037,393.39501953125,1943.4090576171875,107779.8984375,0.0001904106029542163,9398254592.0,986.4414672851562
npg_logbarrier_handoff,730,610,899109,0.0,False,172.52572631835938,2.7255074977874756,0.0,172.52572631835938,1838.49658203125,0.0,0.0,0.0,0.1909976750612259,True,nan,False,0.002019840059801936,0.01,True,,0.001,0.0010000003967434168,0.00014734976866748184,172.52572631835938,1838.49658203125,92115.15625,0.0003047660575248301,1130939136.0,754.9635620117188
npg_logbarrier_handoff,730,611,899947,0.0,False,284.3915710449219,2.8942313194274902,0.0,284.3915710449219,1333.9530029296875,0.0,0.0,0.0,-0.1954299956560135,True,nan,False,0.0018807186279445887,0.01,True,,0.001,0.0010000000474974513,0.0001519117213319987,284.3915710449219,1333.9530029296875,86665.7421875,0.00015475494728889316,20472780800.0,554.193359375
npg_logbarrier_handoff,730,612,900758,0.0,False,196.1090850830078,2.463650703430176,0.0,196.1090850830078,1717.298583984375,0.0,0.0,0.0,0.13156425952911377,True,nan,False,0.0034457934089004993,0.01,True,,0.001,0.0010000006295740604,0.00014167645713314414,196.1090850830078,1717.298583984375,99640.203125,0.00018659976194612682,2839558656.0,642.3473510742188
npg_logbarrier_handoff,730,613,901806,0.0,False,1203.5177001953125,2.9659745693206787,0.0,1203.5177001953125,2627.353515625,0.0,0.0,0.0,-0.5043345093727112,True,nan,False,0.0022363876923918724,0.01,True,,0.001,0.0010000003967434168,0.00011132092913612723,1203.5177001953125,2627.353515625,161389.921875,0.000611922238022089,8481027584.0,2974.733154296875
npg_logbarrier_handoff,730,614,902875,0.0,False,611.0609130859375,2.606110095977783,0.0,611.0609130859375,1851.1759033203125,0.0,0.0,0.0,-0.4437086582183838,True,nan,False,0.0016058417968451977,0.01,True,,0.001,0.0010000003967434168,0.00010111003211932257,611.0609130859375,1851.1759033203125,195632.71875,0.0006779226823709905,137858351104.0,1979.7923583984375
npg_logbarrier_handoff,730,615,903885,0.0,False,430.29962158203125,2.8086721897125244,0.0,430.29962158203125,1796.7916259765625,0.0,0.0,0.0,0.12944428622722626,True,nan,False,0.0016910507110878825,0.01,True,,0.001,0.0010000000474974513,0.00013025659427512437,430.29962158203125,1796.7916259765625,117877.3984375,0.0004570315941236913,23580725248.0,2212.39501953125
npg_logbarrier_handoff,730,616,904783,0.0,False,179.92726135253906,2.6849441528320312,0.0,179.92726135253906,1551.3330078125,0.0,0.0,0.0,0.1791677176952362,True,nan,False,0.0015460702124983072,0.01,True,,0.001,0.0010000000474974513,0.0001429022813681513,179.92726135253906,1551.3330078125,97938.109375,0.00018916832050308585,6330026496.0,586.8428955078125
npg_logbarrier_handoff,730,617,905714,0.0,False,574.1627807617188,2.9234588146209717,0.0,574.1627807617188,1588.5216064453125,0.0,0.0,0.0,0.19452473521232605,True,nan,False,0.001599172130227089,0.01,True,,0.001,0.0010000000474974513,0.00013038961333222687,574.1627807617188,1588.5216064453125,117637.015625,0.0005292868008837104,146635243520.0,2702.1337890625
npg_logbarrier_handoff,730,618,906611,0.0,False,261.2323303222656,2.8960483074188232,0.0,261.2323303222656,1911.5498046875,0.0,0.0,0.0,-0.09341645240783691,True,nan,False,0.0023831557482481003,0.01,True,,0.001,0.0010000006295740604,0.00012947601499035954,261.2323303222656,1911.5498046875,119303.015625,0.00018650190031621605,1441302144.0,413.5879821777344
npg_logbarrier_handoff,730,619,907649,0.0,False,412.94970703125,2.8828797340393066,0.0,412.94970703125,1600.4595947265625,0.0,0.0,0.0,-0.49545079469680786,True,nan,False,0.002156851813197136,0.01,True,,0.001,0.001000000280328095,0.00014077615924179554,412.94970703125,1600.4595947265625,100918.734375,0.00017026715795509517,7565345280.0,597.0972900390625
npg_logbarrier_handoff,730,620,908504,0.0,False,497.17681884765625,3.1834540367126465,0.0,497.17681884765625,1076.9202880859375,0.0,0.0,0.0,-0.3263651132583618,True,nan,False,0.001621147384867072,0.01,True,,0.001,0.000999999581836164,0.00017419779032934457,497.17681884765625,1076.9202880859375,65909.0,0.000308569404296577,53261692928.0,4960.8466796875
npg_logbarrier_handoff,730,621,909365,0.0,False,279.7162780761719,2.8862760066986084,0.0,279.7162780761719,1359.200439453125,0.0,0.0,0.0,0.27334508299827576,True,nan,False,0.0021682316437363625,0.01,True,,0.001,0.0010000000474974513,0.00017637977725826204,279.7162780761719,1359.200439453125,64288.37109375,0.0009617163450457156,16644852736.0,2372.199951171875
npg_logbarrier_handoff,730,622,910134,0.0,False,207.7530975341797,2.6506145000457764,0.0,207.7530975341797,1393.1124267578125,0.0,0.0,0.0,0.018810192123055458,True,nan,False,0.002228943631052971,0.01,True,,0.001,0.0009999999310821295,0.00017340792692266405,207.7530975341797,1393.1124267578125,66510.796875,0.0002640195016283542,11051208704.0,861.7470703125
npg_logbarrier_handoff,730,623,910956,0.0,False,211.20924377441406,2.744140148162842,0.0,211.20924377441406,2148.205322265625,0.0,0.0,0.0,0.09599721431732178,True,nan,False,0.00179844512604177,0.01,True,,0.001,0.0009999998146668077,0.00014605550677515566,211.20924377441406,2148.205322265625,93754.9296875,0.00018171589181292802,5503518720.0,504.8985290527344
npg_logbarrier_handoff,730,624,911913,0.0,False,494.75970458984375,2.697890281677246,0.0,494.75970458984375,1844.929931640625,0.0,0.0,0.0,-0.3251820206642151,True,nan,False,0.0017743043135851622,0.01,True,,0.001,0.0010000012116506696,0.00013242482964415103,494.75970458984375,1844.929931640625,114048.921875,0.0008353266166523099,3087843840.0,2552.21044921875
npg_logbarrier_handoff,730,625,912862,0.0,False,422.8262939453125,2.7989656925201416,0.0,422.8262939453125,1985.091796875,0.0,0.0,0.0,-0.5594536662101746,True,nan,False,0.0011918720556423068,0.01,True,,0.001,0.0010000001639127731,0.00012838750262744725,422.8262939453125,1985.091796875,121334.5625,0.0002803292009048164,899717632.0,561.2650756835938
npg_logbarrier_handoff,730,626,913800,0.0,False,841.4112548828125,2.725318193435669,0.0,841.4112548828125,1818.4525146484375,0.0,0.0,0.0,-0.21049226820468903,True,nan,False,0.0015775709180161357,0.01,True,,0.001,0.001000000862404704,0.0001374752027913928,841.4112548828125,1818.4525146484375,105823.28125,0.0005036197835579515,8049485312.0,1618.42041015625
npg_logbarrier_handoff,730,627,914810,0.0,False,420.7690734863281,2.4895102977752686,0.0,420.7690734863281,2095.2421875,0.0,0.0,0.0,0.3800819516181946,True,nan,False,0.0018573697889223695,0.01,True,,0.001,0.001000000280328095,0.00011578496196307242,420.7690734863281,2095.2421875,149185.1875,0.00033890511258505285,75671502848.0,978.1258544921875
npg_logbarrier_handoff,730,628,915793,0.0,False,150.2538299560547,2.7481603622436523,0.0,150.2538299560547,1168.0191650390625,0.0,0.0,0.0,-0.29250529408454895,True,nan,False,0.0017048547742888331,0.01,True,,0.001,0.0010000006295740604,0.00023315752332564443,150.2538299560547,1168.0191650390625,36790.1171875,0.00023925471759866923,144984195072.0,1195.418212890625
npg_logbarrier_handoff,730,629,916625,0.0,False,375.76043701171875,2.6253271102905273,0.0,375.76043701171875,1668.6177978515625,0.0,0.0,0.0,0.1837233603000641,True,nan,False,0.0015912745147943497,0.01,True,,0.001,0.0009999999310821295,0.00013217079686000943,375.76043701171875,1668.6177978515625,114487.7421875,0.0002366600965615362,39402213376.0,1971.171630859375
npg_logbarrier_handoff,730,630,917577,0.0,False,255.73533630371094,2.0824360847473145,0.0,255.73533630371094,3352.8173828125,0.0,0.0,0.0,-0.15606428682804108,True,nan,False,0.002768792910501361,0.01,True,,0.001,0.0009999998146668077,8.44658279675059e-05,255.73533630371094,3352.8173828125,280328.9375,0.0002023350534727797,1474317184.0,465.17218017578125
npg_logbarrier_handoff,730,631,918950,0.0,False,351.2229919433594,2.9302866458892822,0.0,351.2229919433594,1114.393310546875,0.0,0.0,0.0,-0.20098774135112762,True,nan,False,0.0020100772380828857,0.01,True,,0.001,0.001000000280328095,0.00022623965924140066,351.2229919433594,1114.393310546875,39074.41796875,0.0005140249850228429,21206216704.0,2031.3289794921875
npg_logbarrier_handoff,730,632,919711,0.0,False,282.6300354003906,2.8364903926849365,0.0,282.6300354003906,1521.2613525390625,0.0,0.0,0.0,-0.26019227504730225,True,nan,False,0.0009428801713511348,0.01,True,,0.001,0.001000000280328095,0.0001442182983737439,282.6300354003906,1521.2613525390625,96158.8515625,0.0002025897119892761,10148580352.0,648.1006469726562
npg_logbarrier_handoff,730,633,920642,0.0,False,270.55511474609375,2.670663595199585,0.0,270.55511474609375,2009.954833984375,0.0,0.0,0.0,-0.5820857882499695,True,nan,False,0.0017685509519651532,0.01,True,,0.001,0.0009999999310821295,0.00011691726103890687,270.55511474609375,2009.954833984375,146309.5625,0.00022854599228594452,8662009856.0,516.1298828125
npg_logbarrier_handoff,730,634,921755,0.0,False,157.90695190429688,2.874498128890991,0.0,157.90695190429688,1698.63720703125,0.0,0.0,0.0,-0.48431524634361267,True,nan,False,0.002514984691515565,0.01,True,,0.001,0.0009999999310821295,0.00017140788258984685,157.90695190429688,1698.63720703125,68071.984375,0.00015628666733391583,1598105088.0,576.9114379882812
npg_logbarrier_handoff,730,635,922567,0.0,False,187.8299560546875,2.7291629314422607,0.0,187.8299560546875,1636.4869384765625,0.0,0.0,0.0,-0.18041972815990448,True,nan,False,0.002433994086459279,0.01,True,,0.001,0.0009999989997595549,0.0001842480560299009,187.8299560546875,1636.4869384765625,58914.765625,0.0003087058139499277,1317492992.0,698.1536865234375
npg_logbarrier_handoff,730,636,923449,0.0,False,320.6955261230469,2.8078386783599854,0.0,320.6955261230469,1512.060546875,0.0,0.0,0.0,0.11528703570365906,True,nan,False,0.001727087888866663,0.01,True,,0.001,0.0009999996982514858,0.0001757028658175841,320.6955261230469,1512.060546875,64784.6796875,0.0003496023127809167,5354836480.0,803.1787719726562
npg_logbarrier_handoff,730,637,924399,0.0,False,1042.816650390625,2.610431671142578,0.0,1042.816650390625,1833.39990234375,0.0,0.0,0.0,-0.12362553179264069,True,nan,False,0.0018318283837288618,0.01,True,,0.001,0.0010000006295740604,0.00014246866339817643,1042.816650390625,1833.39990234375,98535.171875,0.0011468816082924604,176574349312.0,5056.27294921875
npg_logbarrier_handoff,730,638,925333,0.0,False,550.6763916015625,2.6076436042785645,0.0,550.6763916015625,1783.156982421875,0.0,0.0,0.0,-0.48519009351730347,True,nan,False,0.0017342542996630073,0.01,True,,0.001,0.0010000001639127731,0.0001319633302045986,550.6763916015625,1783.156982421875,114848.0234375,0.0004897141479887068,2232199424.0,1692.0205078125
npg_logbarrier_handoff,730,639,926273,0.0,False,583.01904296875,2.8115334510803223,0.0,583.01904296875,1351.6956787109375,0.0,0.0,0.0,-0.38017648458480835,True,nan,False,0.0015971619868651032,0.01,True,,0.001,0.0010000000474974513,0.00013365456834435463,583.01904296875,1351.6956787109375,111959.890625,0.0005081875715404749,10646995968.0,3488.9921875
npg_logbarrier_handoff,730,640,927149,0.0,False,328.28973388671875,2.3985445499420166,0.0,328.28973388671875,1944.4462890625,0.0,0.0,0.0,0.35779035091400146,True,nan,False,0.0018996706930920482,0.01,True,,0.001,0.0010000001639127731,0.00013075304741505533,328.28973388671875,1944.4462890625,116983.984375,0.00040442918543703854,17075424256.0,789.1243896484375
npg_logbarrier_handoff,730,641,928196,0.0,False,299.56414794921875,2.7010233402252197,0.0,299.56414794921875,1418.6966552734375,0.0,0.0,0.0,-0.5382207632064819,True,nan,False,0.0017683146288618445,0.01,True,,0.001,0.0010000014444813132,0.0001751138042891398,299.56414794921875,1418.6966552734375,65221.265625,0.0003327436570543796,2957343232.0,607.5758666992188
npg_logbarrier_handoff,730,642,929148,0.0,False,597.243896484375,2.928788423538208,0.0,597.243896484375,2011.0401611328125,0.0,0.0,0.0,-0.4816705882549286,True,nan,False,0.0025643566623330116,0.01,True,,0.001,0.0009999985340982676,0.00010657343955244869,597.243896484375,2011.0401611328125,176088.9375,0.0006179922493174672,9945230336.0,2118.375732421875
npg_logbarrier_handoff,730,643,930177,0.0,False,471.0162353515625,2.810633659362793,0.0,471.0162353515625,1653.7857666015625,0.0,0.0,0.0,0.310101717710495,True,nan,False,0.0016013507265597582,0.01,True,,0.001,0.0010000007459893823,0.00013157917419448495,471.0162353515625,1653.7857666015625,115519.625,0.00032281200401484966,26972815360.0,1601.7864990234375
npg_logbarrier_handoff,730,644,931146,0.0,False,379.9815673828125,2.705369472503662,0.0,379.9815673828125,2421.271484375,0.0,0.0,0.0,-0.010951780714094639,True,nan,False,0.001822726451791823,0.01,True,,0.001,0.001000000280328095,9.984719508793205e-05,379.9815673828125,2421.271484375,200612.625,0.0003084356721956283,2439873536.0,859.6026611328125
npg_logbarrier_handoff,730,645,932191,0.0,False,315.0751647949219,2.434821605682373,0.0,315.0751647949219,2696.918212890625,0.0,0.0,0.0,-0.38423648476600647,True,nan,False,0.00235326518304646,0.01,True,,0.001,0.0010000001639127731,0.00011486402217997238,315.0751647949219,2696.918212890625,151587.0,0.0002330584975425154,3875019520.0,425.3916931152344
npg_logbarrier_handoff,730,646,933269,0.0,False,281.8133544921875,2.9606547355651855,0.0,281.8133544921875,1486.8089599609375,0.0,0.0,0.0,-0.1955898553133011,True,nan,False,0.0018137955339625478,0.01,True,,0.001,0.0009999996982514858,0.00017450388986617327,281.8133544921875,1486.8089599609375,65677.9765625,0.00032328159431926906,2608600576.0,1661.0029296875
npg_logbarrier_handoff,730,647,934069,0.0,False,321.40545654296875,2.583404541015625,0.0,321.40545654296875,2021.7857666015625,0.0,0.0,0.0,-0.5448008179664612,True,nan,False,0.002683688886463642,0.01,True,,0.001,0.0009999998146668077,0.00014085537986829877,321.40545654296875,2021.7857666015625,100805.25,0.0004346088389866054,4440843776.0,1373.2845458984375
npg_logbarrier_handoff,730,648,935045,0.0,False,327.18817138671875,2.7845053672790527,0.0,327.18817138671875,1736.642578125,0.0,0.0,0.0,-0.05173801630735397,True,nan,False,0.0015436303801834583,0.01,True,,0.001,0.0009999999310821295,0.00011395527690183371,327.18817138671875,1736.642578125,154014.328125,0.0001615985675016418,21565200384.0,457.9296569824219
npg_logbarrier_handoff,730,649,935994,0.0,False,645.32666015625,2.7082908153533936,0.0,645.32666015625,1758.950927734375,0.0,0.0,0.0,-0.2612333297729492,True,nan,False,0.002150928368791938,0.01,True,,0.001,0.0010000001639127731,0.00014933600323274732,645.32666015625,1758.950927734375,89681.109375,0.002641536993905902,10352221184.0,2456.01025390625
npg_logbarrier_handoff,730,650,936992,0.0,False,341.00634765625,2.854405164718628,0.0,341.00634765625,2005.9896240234375,0.0,0.0,0.0,-0.17091459035873413,True,nan,False,0.002286284463480115,0.01,True,,0.001,0.0010000000474974513,0.0001331210369244218,341.00634765625,2005.9896240234375,112859.109375,0.0009876858675852418,4347114496.0,1848.258056640625
npg_logbarrier_handoff,730,651,937897,0.0,False,347.4556579589844,2.662742853164673,0.0,347.4556579589844,2068.2431640625,0.0,0.0,0.0,-0.23965297639369965,True,nan,False,0.0011129642371088266,0.01,True,,0.001,0.0010000003967434168,0.00010886729432968423,347.4556579589844,2068.2431640625,168746.65625,0.0007993853068910539,7855492608.0,1681.6495361328125
npg_logbarrier_handoff,730,652,938937,0.0,False,373.7046203613281,2.5953474044799805,0.0,373.7046203613281,2237.811279296875,0.0,0.0,0.0,0.07984519004821777,True,nan,False,0.0023142476566135883,0.01,True,,0.001,0.0010000001639127731,0.00011172782978974283,373.7046203613281,2237.811279296875,160216.515625,0.0006202681688591838,3967640576.0,1054.681396484375
npg_logbarrier_handoff,730,653,939907,0.0,False,468.9671936035156,3.111959218978882,0.0,468.9671936035156,1681.004638671875,0.0,0.0,0.0,-0.05925026163458824,True,nan,False,0.002291763434186578,0.01,True,,0.001,0.0010000006295740604,0.00014052509504836053,468.9671936035156,1681.004638671875,101279.65625,0.0005063083372078836,4538496000.0,1658.2847900390625
npg_logbarrier_handoff,730,654,940752,0.0,False,946.956298828125,2.5510075092315674,0.0,946.956298828125,1852.6112060546875,0.0,0.0,0.0,0.09163851290941238,True,nan,False,0.0022417204454541206,0.01,True,,0.001,0.0010000001639127731,9.975228749681264e-05,946.956298828125,1852.6112060546875,200994.5625,0.0003288353909738362,20072957952.0,1784.72998046875
npg_logbarrier_handoff,730,655,941774,0.0,False,177.42440795898438,2.7960968017578125,0.0,177.42440795898438,2070.23486328125,0.0,0.0,0.0,0.38706451654434204,True,nan,False,0.00205757818184793,0.01,True,,0.001,0.0010000014444813132,0.00012668587442021817,177.42440795898438,2070.23486328125,124615.953125,0.0007596944342367351,18126979072.0,841.4365234375
npg_logbarrier_handoff,730,656,942732,0.0,False,354.9538269042969,2.396009683609009,0.0,354.9538269042969,1639.802978515625,0.0,0.0,0.0,-0.062458381056785583,True,nan,False,0.0015514985425397754,0.01,True,,0.001,0.0009999998146668077,0.00012670212890952826,354.9538269042969,1639.802978515625,124583.96875,0.0010638353414833546,10981933056.0,3702.276123046875
npg_logbarrier_handoff,730,657,943804,0.0,False,338.8237609863281,3.0829715728759766,0.0,338.8237609863281,1854.424072265625,0.0,0.0,0.0,-0.4396739602088928,True,nan,False,0.001894116518087685,0.01,True,,0.001,0.0010000000474974513,0.00013638244126923382,338.8237609863281,1854.424072265625,107525.890625,0.00017749774269759655,3729058560.0,533.1602783203125
npg_logbarrier_handoff,730,658,944655,0.0,False,370.4754638671875,2.9287431240081787,0.0,370.4754638671875,1616.962158203125,0.0,0.0,0.0,0.23057109117507935,True,nan,False,0.0016859066672623158,0.01,True,,0.001,0.0010000001639127731,0.00014787801774218678,370.4754638671875,1616.962158203125,91458.234375,0.0003493157564662397,1859387008.0,471.8179626464844
npg_logbarrier_handoff,730,659,945504,0.0,False,199.91783142089844,3.5748279094696045,0.0,199.91783142089844,1057.9793701171875,0.0,0.0,0.0,0.036309193819761276,True,nan,False,0.0031575181055814028,0.01,True,,0.001,0.001000000280328095,0.0003145675582345575,199.91783142089844,1057.9793701171875,20211.66796875,0.0002120394492521882,4709618176.0,1021.4679565429688
npg_logbarrier_handoff,730,660,946247,0.0,False,282.8540344238281,2.9606618881225586,0.0,282.8540344238281,1195.52978515625,0.0,0.0,0.0,0.1913604587316513,True,nan,False,0.002030757023021579,0.01,True,,0.001,0.0009999999310821295,0.0002040461840806529,282.8540344238281,1195.52978515625,48036.6875,0.0011616378324106336,10150602752.0,1741.9979248046875
npg_logbarrier_handoff,730,661,947062,0.0,False,248.5214080810547,2.6999337673187256,0.0,248.5214080810547,1320.1795654296875,0.0,0.0,0.0,0.21396014094352722,True,nan,False,0.0014914714265614748,0.01,True,,0.001,0.0010000003967434168,0.0001786706707207486,248.5214080810547,1320.1795654296875,62650.3515625,0.0002765319077298045,1953034752.0,1037.281005859375
npg_logbarrier_handoff,730,662,947924,0.0,False,412.4501647949219,2.554448127746582,0.0,412.4501647949219,1711.5264892578125,0.0,0.0,0.0,-0.1061319038271904,True,nan,False,0.0011561615392565727,0.01,True,,0.001,0.0009999999310821295,0.00012727355351671576,412.4501647949219,1711.5264892578125,123467.7734375,0.0005781841464340687,5449439744.0,2508.07470703125
npg_logbarrier_handoff,730,663,948927,0.0,False,574.1607055664062,2.5168023109436035,0.0,574.1607055664062,1925.552734375,0.0,0.0,0.0,-0.413680762052536,True,nan,False,0.0015729495789855719,0.01,True,,0.001,0.0009999999310821295,0.00010416121949674562,574.1607055664062,1925.552734375,184339.28125,0.002262803493067622,5061968896.0,1726.3289794921875
npg_logbarrier_handoff,730,664,949996,0.0,False,211.30838012695312,2.6255435943603516,0.0,211.30838012695312,1591.6827392578125,0.0,0.0,0.0,-0.3622235059738159,True,nan,False,0.0017449964070692658,0.01,True,,0.001,0.0010000000474974513,0.00016644728020764887,211.30838012695312,1591.6827392578125,72189.921875,0.00017189719073940068,1184855168.0,522.791015625
npg_logbarrier_handoff,730,665,950930,0.0,False,326.1881103515625,2.544788360595703,0.0,326.1881103515625,1558.0540771484375,0.0,0.0,0.0,0.14693480730056763,True,nan,False,0.002326807240024209,0.01,True,,0.001,0.001000000280328095,0.0001542133977636695,326.1881103515625,1558.0540771484375,84098.03125,0.00024745770497247577,1448600704.0,336.90618896484375
npg_logbarrier_handoff,730,666,951906,0.0,False,586.375244140625,2.8647685050964355,0.0,586.375244140625,1580.9150390625,0.0,0.0,0.0,-0.236379936337471,True,nan,False,0.0011623934842646122,0.01,True,,0.001,0.0009999996982514858,0.00012889373465441167,586.375244140625,1580.9150390625,120383.3515625,0.0005878409137949347,3258537472.0,1302.5943603515625
npg_logbarrier_handoff,730,667,952789,0.0,False,206.9567413330078,2.95965838432312,0.0,206.9567413330078,1615.456787109375,0.0,0.0,0.0,-0.38429445028305054,True,nan,False,0.0030319024808704853,0.01,True,,0.001,0.0010000000474974513,0.0001971913588931784,206.9567413330078,1615.456787109375,51434.46484375,0.00021741971431765705,918793536.0,531.9733276367188
npg_logbarrier_handoff,730,668,953733,0.0,False,488.5098571777344,2.5481064319610596,0.0,488.5098571777344,2110.237548828125,0.0,0.0,0.0,-0.40225526690483093,True,nan,False,0.0016424526693299413,0.01,True,,0.001,0.0009999999310821295,0.00011352286674082279,488.5098571777344,2110.237548828125,155189.859375,0.00018005879246629775,4186701824.0,463.6001281738281
npg_logbarrier_handoff,730,669,954775,0.0,False,159.23736572265625,3.098339080810547,0.0,159.23736572265625,1944.2520751953125,0.0,0.0,0.0,0.01666041649878025,True,nan,False,0.003791735740378499,0.01,True,,0.001,0.0009999999310821295,0.00015399539552163333,159.23736572265625,1944.2520751953125,84336.296875,0.00029315074789337814,997428032.0,411.9158935546875
npg_logbarrier_handoff,730,670,955605,0.0,False,405.956787109375,2.6358535289764404,0.0,405.956787109375,1467.0426025390625,0.0,0.0,0.0,0.12298677861690521,True,nan,False,0.0020585497841238976,0.01,True,,0.001,0.0009999999310821295,0.00017662275058683008,405.956787109375,1467.0426025390625,64111.6171875,0.00038259525899775326,2511549184.0,734.0962524414062
npg_logbarrier_handoff,730,671,956499,0.0,False,248.3688201904297,2.510915756225586,0.0,248.3688201904297,1504.653564453125,0.0,0.0,0.0,-0.23987610638141632,True,nan,False,0.0019869664683938026,0.01,True,,0.001,0.0010000000474974513,0.0001506867993157357,248.3688201904297,1504.653564453125,88080.46875,0.000219839668716304,3185222912.0,514.113525390625
npg_logbarrier_handoff,730,672,957455,0.0,False,238.0166473388672,2.9608609676361084,0.0,238.0166473388672,1934.9696044921875,0.0,0.0,0.0,-0.02372470684349537,True,nan,False,0.0016422078479081392,0.01,True,,0.001,0.001000000280328095,0.0001284738682443276,238.0166473388672,1934.9696044921875,121171.484375,0.0001606764562893659,16677832704.0,507.74285888671875
npg_logbarrier_handoff,730,673,958382,0.0,False,333.35540771484375,2.4221839904785156,0.0,333.35540771484375,2208.312255859375,0.0,0.0,0.0,-0.1741921454668045,True,nan,False,0.0018455830868333578,0.01,True,,0.001,0.0010000000474974513,0.00010150292655453086,333.35540771484375,2208.312255859375,194121.15625,0.00031823807512409985,2835267328.0,310.99151611328125
npg_logbarrier_handoff,730,674,959483,0.0,False,242.6711883544922,2.7085728645324707,0.0,242.6711883544922,1391.5233154296875,0.0,0.0,0.0,-0.2349703311920166,True,nan,False,0.0021155939903110266,0.01,True,,0.001,0.0009999999310821295,0.00017912722250912338,242.6711883544922,1391.5233154296875,62331.39453125,0.00039684816147200763,11799442432.0,1037.278076171875
npg_logbarrier_handoff,730,675,960392,0.0,False,244.31582641601562,2.4006645679473877,0.0,244.31582641601562,1804.77294921875,0.0,0.0,0.0,0.01484584528952837,True,nan,False,0.0016067271353676915,0.01,True,,0.001,0.0010000000474974513,0.0001443237269995734,244.31582641601562,1804.77294921875,96018.4140625,0.00013532789307646453,1627582336.0,303.19158935546875
npg_logbarrier_handoff,730,676,961331,0.0,False,197.37049865722656,2.3607609272003174,0.0,197.37049865722656,1544.9794921875,0.0,0.0,0.0,-0.1012411117553711,True,nan,False,0.0014449198497459292,0.01,True,,0.001,0.0009999999310821295,0.00013238430256024003,197.37049865722656,1544.9794921875,114118.75,7.695004023844376e-05,5728519168.0,340.56817626953125
npg_logbarrier_handoff,730,677,962416,0.0,False,643.1572875976562,2.3940024375915527,0.0,643.1572875976562,1869.907958984375,0.0,0.0,0.0,-0.3065372407436371,True,nan,False,0.0008845460833981633,0.01,True,,0.001,0.000999999581836164,0.00010034738079411909,643.1572875976562,1869.907958984375,198617.703125,0.0017404649406671524,19438518272.0,3257.7783203125
npg_logbarrier_handoff,730,678,963394,0.0,False,371.0144348144531,2.6869988441467285,0.0,371.0144348144531,1662.984375,0.0,0.0,0.0,-0.3276342451572418,True,nan,False,0.0016964656533673406,0.01,True,,0.001,0.0009999999310821295,0.00014425064728129655,371.0144348144531,1662.984375,96115.71875,0.00019173022883478552,2706916096.0,457.31951904296875
npg_logbarrier_handoff,730,679,964338,0.0,False,268.2176513671875,2.509840250015259,0.0,268.2176513671875,1680.2015380859375,0.0,0.0,0.0,-0.40238821506500244,True,nan,False,0.0012665820540860295,0.01,True,,0.001,0.0010000001639127731,0.00016715028323233128,268.2176513671875,1680.2015380859375,71583.9765625,0.00010749440116342157,967391772672.0,448.725341796875
npg_logbarrier_handoff,730,680,965259,0.0,False,400.1700744628906,2.7540178298950195,0.0,400.1700744628906,1508.4173583984375,0.0,0.0,0.0,0.2782098352909088,True,nan,False,0.0023832882288843393,0.01,True,,0.001,0.0010000003967434168,0.0001699882122920826,400.1700744628906,1508.4173583984375,69213.7578125,0.00029792639543302357,3255931904.0,891.9310913085938
npg_logbarrier_handoff,730,681,966126,0.0,False,685.989990234375,2.5121450424194336,0.0,685.989990234375,2006.3380126953125,0.0,0.0,0.0,-0.309926837682724,True,nan,False,0.000904832617379725,0.01,True,,0.001,0.001000000280328095,9.90237676887773e-05,685.989990234375,2006.3380126953125,203962.875,0.0006969214300625026,23116662784.0,1795.08056640625
npg_logbarrier_handoff,730,682,967131,0.0,False,181.3314666748047,2.5168380737304688,0.0,181.3314666748047,1540.089111328125,0.0,0.0,0.0,-0.1269463300704956,True,nan,False,0.0017292647389695048,0.01,True,,0.001,0.0010000000474974513,0.00017992930952459574,181.3314666748047,1540.089111328125,61776.9140625,0.00030564508051611483,6039659520.0,492.6936340332031
npg_logbarrier_handoff,730,683,968028,0.0,False,411.8999328613281,2.567789316177368,0.0,411.8999328613281,1472.09130859375,0.0,0.0,0.0,0.12680001556873322,True,nan,False,0.0013638547388836741,0.01,True,,0.001,0.0009999998146668077,0.0001532927417429164,411.8999328613281,1472.09130859375,85111.21875,0.0003793600481003523,5347595776.0,1452.189453125
npg_logbarrier_handoff,730,684,968984,0.0,False,482.2348327636719,2.7954978942871094,0.0,482.2348327636719,2097.085205078125,0.0,0.0,0.0,-0.6583892703056335,True,nan,False,0.001350985374301672,0.01,True,,0.001,0.0009999998146668077,0.000124955375213176,482.2348327636719,2097.085205078125,128091.453125,0.0021529693622142076,3884921600.0,2112.11181640625
npg_logbarrier_handoff,730,685,969893,0.0,False,400.87408447265625,2.725719928741455,0.0,400.87408447265625,1518.4674072265625,0.0,0.0,0.0,0.017960533499717712,True,nan,False,0.002090033609420061,0.01,True,,0.001,0.0009999994654208422,0.00015639451157767326,400.87408447265625,1518.4674072265625,81768.6875,0.0005000083474442363,32566167552.0,1162.3707275390625
npg_logbarrier_handoff,730,686,970763,0.0,False,516.9654541015625,2.7337493896484375,0.0,516.9654541015625,2156.728271484375,0.0,0.0,0.0,-0.28955158591270447,True,nan,False,0.0011408498976379633,0.01,True,,0.001,0.0010000003967434168,0.00012029994832118973,516.9654541015625,2156.728271484375,138197.171875,0.00043938192538917065,17668831232.0,2112.22607421875
npg_logbarrier_handoff,730,687,971777,0.0,False,472.4234619140625,2.5513756275177,0.0,472.4234619140625,1668.9466552734375,0.0,0.0,0.0,-0.10624126344919205,True,nan,False,0.0017832820303738117,0.01,True,,0.001,0.0010000017937272787,0.00012291852908674628,472.4234619140625,1668.9466552734375,132371.75,0.0011576274409890175,24700424192.0,2233.44970703125
npg_logbarrier_handoff,730,688,972674,0.0,False,178.89016723632812,3.0226850509643555,0.0,178.89016723632812,1412.40673828125,0.0,0.0,0.0,-0.06651061773300171,True,nan,False,0.004196454305201769,0.01,True,,0.001,0.0009999999310821295,0.00019212166080251336,178.89016723632812,1412.40673828125,54184.78125,0.00013917240721639246,4167828736.0,452.2670593261719
npg_logbarrier_handoff,730,689,973536,0.0,False,538.003173828125,2.6238553524017334,0.0,538.003173828125,2175.03564453125,0.0,0.0,0.0,-0.022321932017803192,True,nan,False,0.0020794938318431377,0.01,True,,0.001,0.000999999581836164,0.0001079994544852525,538.003173828125,2175.03564453125,171469.5,0.001022718963213265,17929725952.0,1316.0015869140625
npg_logbarrier_handoff,730,690,974468,0.0,False,178.57460021972656,2.9304022789001465,0.0,178.57460021972656,1333.55029296875,0.0,0.0,0.0,0.3241611421108246,True,nan,False,0.0010843989439308643,0.01,True,,0.001,0.0010000001639127731,0.00018646496755536646,178.57460021972656,1333.55029296875,57522.20703125,0.0008915705839172006,54154047488.0,2250.787109375
npg_logbarrier_handoff,730,691,975323,0.0,False,449.9696044921875,2.8971078395843506,0.0,449.9696044921875,1297.033935546875,0.0,0.0,0.0,0.29066717624664307,True,nan,False,0.001702734618447721,0.01,True,,0.001,0.0010000000474974513,0.0001626515295356512,449.9696044921875,1297.033935546875,75598.5859375,0.0012169789988547564,16180165632.0,1928.5999755859375
npg_logbarrier_handoff,730,692,976119,0.0,False,255.91575622558594,2.9206836223602295,0.0,255.91575622558594,1554.9805908203125,0.0,0.0,0.0,0.04699895158410072,True,nan,False,0.0018528234213590622,0.01,True,,0.001,0.0010000001639127731,0.0001687090116320178,255.91575622558594,1554.9805908203125,70267.3359375,0.0001641628477955237,9532399616.0,418.66461181640625
npg_logbarrier_handoff,730,693,976949,0.0,False,559.7478637695312,2.7340309619903564,0.0,559.7478637695312,1472.40625,0.0,0.0,0.0,-0.018005017191171646,True,nan,False,0.0015760732349008322,0.01,True,,0.001,0.0010000001639127731,0.0001374387211399153,559.7478637695312,1472.40625,105879.4921875,0.00028877673321403563,21162424320.0,1615.4378662109375
npg_logbarrier_handoff,730,694,977837,0.0,False,340.3782958984375,2.868286609649658,0.0,340.3782958984375,1774.5350341796875,0.0,0.0,0.0,0.123450867831707,True,nan,False,0.0025846005883067846,0.01,True,,0.001,0.0009999996982514858,0.00012057360436301678,340.3782958984375,1774.5350341796875,137570.5625,0.00016415372374467552,2758823168.0,537.5440673828125
npg_logbarrier_handoff,730,695,978651,0.0,False,383.2926940917969,2.6397852897644043,0.0,383.2926940917969,2394.03955078125,0.0,0.0,0.0,0.04569828137755394,True,nan,False,0.002239774912595749,0.01,True,,0.001,0.001000000280328095,0.00010988252324750647,383.2926940917969,2394.03955078125,165642.875,0.00023168894404079765,1669591424.0,375.302978515625
npg_logbarrier_handoff,730,696,979654,0.0,False,1132.734130859375,2.198939085006714,0.0,1132.734130859375,2459.4189453125,0.0,0.0,0.0,-0.054239094257354736,True,nan,False,0.0015637408941984177,0.01,True,,0.001,0.000999999581836164,7.380887836916372e-05,1132.734130859375,2459.4189453125,367124.03125,0.00043823811574839056,16396374016.0,1739.3076171875
npg_logbarrier_handoff,730,697,980954,0.0,False,352.6339416503906,2.808943748474121,0.0,352.6339416503906,1253.252685546875,0.0,0.0,0.0,-0.1319953203201294,True,nan,False,0.0018366901203989983,0.01,True,,0.001,0.0009999996982514858,0.00016319275891873986,352.6339416503906,1253.252685546875,75097.984375,0.00019004418572876602,2441885696.0,649.3096923828125
npg_logbarrier_handoff,730,698,981796,0.0,False,284.9871826171875,2.6772632598876953,0.0,284.9871826171875,1510.4981689453125,0.0,0.0,0.0,-0.37732169032096863,True,nan,False,0.0016722314758226275,0.01,True,,0.001,0.001000000280328095,0.00019180534582119435,284.9871826171875,1510.4981689453125,54363.6484375,0.0003711653407663107,28399458304.0,1689.890625
npg_logbarrier_handoff,730,699,982710,0.0,False,388.6889953613281,3.0593552589416504,0.0,388.6889953613281,1556.632080078125,0.0,0.0,0.0,-0.08700826019048691,True,nan,False,0.0011252956464886665,0.01,True,,0.001,0.0009999999310821295,0.0001774245611159131,388.6889953613281,1556.632080078125,63533.4609375,0.0011548157781362534,35230920704.0,2067.833251953125
npg_logbarrier_handoff,730,700,983549,0.0,False,597.3878784179688,2.962998151779175,0.0,597.3878784179688,1215.6431884765625,0.0,0.0,0.0,-0.16561384499073029,True,nan,False,0.0012403397122398019,0.01,True,,0.001,0.0010000001639127731,0.00015488624921999872,597.3878784179688,1215.6431884765625,83368.9453125,0.00027897924883291125,3521514752.0,988.201416015625
npg_logbarrier_handoff,730,701,984411,0.0,False,413.361572265625,2.9218027591705322,0.0,413.361572265625,1432.6661376953125,0.0,0.0,0.0,-0.32534265518188477,True,nan,False,0.0015165969962254167,0.01,True,,0.001,0.0010000000474974513,0.00016364915063604712,413.361572265625,1432.6661376953125,74679.6875,0.00015640903438907117,2274563840.0,579.6659545898438
npg_logbarrier_handoff,730,702,985266,0.0,False,191.80718994140625,3.0555810928344727,0.0,191.80718994140625,1305.68603515625,0.0,0.0,0.0,-0.34379667043685913,True,nan,False,0.0017393877496942878,0.01,True,,0.001,0.0010000003967434168,0.00019201418035663664,191.80718994140625,1305.68603515625,54245.46484375,0.0008419958176091313,28811579392.0,2246.76220703125
npg_logbarrier_handoff,730,703,986099,0.0,False,186.77584838867188,3.1592698097229004,0.0,186.77584838867188,1572.4437255859375,0.0,0.0,0.0,-0.29484057426452637,True,nan,False,0.0016603152034804225,0.01,True,,0.001,0.0009999996982514858,0.00019408926891628653,186.77584838867188,1572.4437255859375,53091.73828125,0.0003835561510641128,3986840832.0,2222.701904296875
npg_logbarrier_handoff,730,704,986905,0.0,False,242.17254638671875,2.6673460006713867,0.0,242.17254638671875,1688.513916015625,0.0,0.0,0.0,0.03347171097993851,True,nan,False,0.0016108060954138637,0.01,True,,0.001,0.0009999998146668077,0.0001531540328869596,242.17254638671875,1688.513916015625,85265.46875,0.0002708249958232045,5474539520.0,490.2032470703125
npg_logbarrier_handoff,730,705,987793,0.0,False,1451.4422607421875,2.6540772914886475,0.0,1451.4422607421875,1476.823486328125,0.0,0.0,0.0,-0.18251673877239227,True,nan,False,0.0014061237452551723,0.01,True,,0.001,0.0010000013280659914,0.0001342438190476969,1451.4422607421875,1476.823486328125,110979.15625,0.0021764689590781927,47282143232.0,5913.61328125
npg_logbarrier_handoff,730,706,988711,0.0,False,535.5411987304688,2.74908447265625,0.0,535.5411987304688,2197.701904296875,0.0,0.0,0.0,-0.4654572606086731,True,nan,False,0.0014529842883348465,0.01,True,,0.001,0.0009999998146668077,9.174295701086521e-05,535.5411987304688,2197.701904296875,237620.84375,0.0006351349293254316,1534812160.0,604.427001953125
npg_logbarrier_handoff,730,707,989680,0.0,False,533.4730834960938,2.787506103515625,0.0,533.4730834960938,1964.343505859375,0.0,0.0,0.0,-0.0572960339486599,True,nan,False,0.0021952129900455475,0.01,True,,0.001,0.0010000001639127731,0.0001231835049111396,533.4730834960938,1964.343505859375,131802.875,0.0004961228696629405,8345144832.0,871.6085815429688
npg_logbarrier_handoff,730,708,990622,0.0,False,292.3773498535156,2.945903778076172,0.0,292.3773498535156,1997.015380859375,0.0,0.0,0.0,-0.23280690610408783,True,nan,False,0.0015684792306274176,0.01,True,,0.001,0.0009999999310821295,0.00012972466356586665,292.3773498535156,1997.015380859375,118846.09375,0.0005186173948459327,9925380096.0,683.4376220703125
npg_logbarrier_handoff,730,709,991487,0.0,False,272.4718017578125,3.134777069091797,0.0,272.4718017578125,1722.460693359375,0.0,0.0,0.0,0.2643507719039917,True,nan,False,0.0026728897355496883,0.01,True,,0.001,0.0010000000474974513,0.00017794583982322365,272.4718017578125,1722.460693359375,63161.77734375,0.0008275327272713184,6597768192.0,1615.094970703125
npg_logbarrier_handoff,730,710,992294,0.0,False,328.1171875,3.0575098991394043,0.0,328.1171875,1227.34716796875,0.0,0.0,0.0,-0.15772745013237,True,nan,False,0.002588367322459817,0.01,True,,0.001,0.0009999994654208422,0.00017941556870937347,328.1171875,1227.34716796875,62131.203125,0.00015803090354893357,6490599936.0,633.9345092773438
npg_logbarrier_handoff,730,711,993156,0.0,False,699.2833862304688,2.244547128677368,0.0,699.2833862304688,2329.107177734375,0.0,0.0,0.0,-0.06541825085878372,True,nan,False,0.0012416017707437277,0.01,True,,0.001,0.0010000000474974513,8.2272534200456e-05,699.2833862304688,2329.107177734375,295474.6875,0.00022486684611067176,1740218240.0,609.1652221679688
npg_logbarrier_handoff,730,712,994339,0.0,False,402.17926025390625,3.1129515171051025,0.0,402.17926025390625,1422.5869140625,0.0,0.0,0.0,0.21199731528759003,True,nan,False,0.002056373981758952,0.01,True,,0.001,0.0010000001639127731,0.00018212923896498978,402.17926025390625,1422.5869140625,60293.5234375,0.0001836031151469797,2126303744.0,531.3639526367188
npg_logbarrier_handoff,730,713,995140,0.0,False,463.78179931640625,2.679633855819702,0.0,463.78179931640625,1756.8431396484375,0.0,0.0,0.0,-0.18042424321174622,True,nan,False,0.0012395336525514722,0.01,True,,0.001,0.0009999998146668077,0.00013341625162865967,463.78179931640625,1756.8431396484375,112360.203125,0.0015781252877786756,15416562688.0,2654.479736328125
npg_logbarrier_handoff,730,714,996088,0.0,False,484.18463134765625,2.463235855102539,0.0,484.18463134765625,1763.310546875,0.0,0.0,0.0,0.16023997962474823,True,nan,False,0.0015081774909049273,0.01,True,,0.001,0.0010000003967434168,0.00013591475726570934,484.18463134765625,1763.310546875,108267.171875,0.00043889222433790565,4971732480.0,1547.3818359375
npg_logbarrier_handoff,730,715,997092,0.0,False,250.02122497558594,2.82635235786438,0.0,250.02122497558594,1285.9720458984375,0.0,0.0,0.0,0.26126202940940857,True,nan,False,0.001463349093683064,0.01,True,,0.001,0.0010000000474974513,0.00021661806385964155,250.02122497558594,1285.9720458984375,42622.671875,0.00020644417963922024,4793088000.0,676.1512451171875
npg_logbarrier_handoff,730,716,997951,0.0,False,128.9323272705078,3.1296017169952393,0.0,128.9323272705078,1321.6290283203125,0.0,0.0,0.0,-0.5173505544662476,True,nan,False,0.0016994690522551537,0.01,True,,0.001,0.0010000003967434168,0.00020398772903718054,128.9323272705078,1321.6290283203125,48064.2265625,0.00010951900185318664,1375618176.0,745.6327514648438
npg_logbarrier_handoff,730,717,998760,0.0,False,259.4535827636719,3.1122822761535645,0.0,259.4535827636719,1511.3858642578125,0.0,0.0,0.0,0.6179136037826538,True,nan,False,0.0018164257053285837,0.01,True,,0.001,0.0010000000474974513,0.00019890979456249624,259.4535827636719,1511.3858642578125,50549.59375,0.00032130430918186903,12888077312.0,1767.5352783203125
npg_logbarrier_handoff,730,718,999639,0.0,False,273.008056640625,2.8081345558166504,0.0,273.008056640625,1414.4327392578125,0.0,0.0,0.0,-0.24905361235141754,True,nan,False,0.0012877106200903654,0.01,True,,0.001,0.0010000001639127731,0.000179954688064754,273.008056640625,1414.4327392578125,61759.48046875,0.0005123994778841734,5956884480.0,711.4823608398438
npg_logbarrier_handoff,730,719,1000496,0.0,False,300.8129577636719,3.0889880657196045,0.0,300.8129577636719,1431.2626953125,0.0,0.0,0.0,-0.10169375687837601,True,nan,False,0.001709282980300486,0.01,True,,0.001,0.0009999999310821295,0.00018100127635989338,300.8129577636719,1431.2626953125,61047.3359375,0.00017009487783070654,2064941952.0,749.3666381835938
npg_logbarrier_handoff,730,720,1001284,0.0,False,334.1893615722656,2.616680383682251,0.0,334.1893615722656,1491.35791015625,0.0,0.0,0.0,-0.019548512995243073,True,nan,False,0.001487498520873487,0.01,True,,0.001,0.001000000280328095,0.00016400686581619084,334.1893615722656,1491.35791015625,74354.28125,0.00023683829931542277,2035177984.0,853.6793823242188
npg_logbarrier_handoff,730,721,1002239,0.0,False,254.46348571777344,2.356269359588623,0.0,254.46348571777344,1978.9371337890625,0.0,0.0,0.0,0.14646048843860626,True,nan,False,0.0020927402656525373,0.01,True,,0.001,0.0010000006295740604,0.0001347933430224657,254.46348571777344,1978.9371337890625,110076.1328125,0.0018910268554463983,392267726848.0,2599.768310546875
npg_logbarrier_handoff,730,722,1003223,0.0,False,186.15501403808594,2.563169240951538,0.0,186.15501403808594,1399.0836181640625,0.0,0.0,0.0,-0.2277502715587616,True,nan,False,0.0015515359118580818,0.01,True,,0.001,0.0009999996982514858,0.00018338116933591664,186.15501403808594,1399.0836181640625,59473.09375,0.00027916545514017344,120355561472.0,963.9962768554688
npg_logbarrier_handoff,730,723,1004156,0.0,False,1150.07763671875,2.2129006385803223,0.0,1150.07763671875,2232.381591796875,0.0,0.0,0.0,-0.2170117050409317,True,nan,False,0.0012080520391464233,0.01,True,,0.001,0.0009999996982514858,0.00010200809629168361,1150.07763671875,2232.381591796875,192203.234375,0.0004851471749134362,8547509760.0,2493.251708984375
npg_logbarrier_handoff,730,724,1005241,0.0,False,248.88189697265625,2.883971929550171,0.0,248.88189697265625,1555.222900390625,0.0,0.0,0.0,-0.24696247279644012,True,nan,False,0.0019271947676315904,0.01,True,,0.001,0.0009999993490055203,0.0001395211147610098,248.88189697265625,1555.222900390625,102742.5,0.0003336051886435598,4988221440.0,947.1671142578125
npg_logbarrier_handoff,730,725,1006114,0.0,False,358.81976318359375,2.844939947128296,0.0,358.81976318359375,1358.64306640625,0.0,0.0,0.0,-0.02975720912218094,True,nan,False,0.0014866894343867898,0.01,True,,0.001,0.0009999994654208422,0.0001599116512807086,358.81976318359375,1358.64306640625,78211.359375,0.00048654727288521826,4111424768.0,1450.73486328125
npg_logbarrier_handoff,730,726,1006998,0.0,False,463.45367431640625,2.7313425540924072,0.0,463.45367431640625,1609.4688720703125,0.0,0.0,0.0,0.17040812969207764,True,nan,False,0.0015510214725509286,0.01,True,,0.001,0.0010000000474974513,0.00012978118320461363,463.45367431640625,1609.4688720703125,118742.59375,0.00018965500930789858,2124387200.0,807.3590087890625
npg_logbarrier_handoff,730,727,1007869,0.0,False,292.4302062988281,2.655886173248291,0.0,292.4302062988281,1237.8988037109375,0.0,0.0,0.0,-0.21494270861148834,True,nan,False,0.0021310066804289818,0.01,True,,0.001,0.0009999992325901985,0.0001943051174748689,292.4302062988281,1237.8988037109375,52973.8515625,0.00023037483333609998,13933495296.0,1050.8570556640625
npg_logbarrier_handoff,730,728,1008735,0.0,False,250.7592010498047,2.8197436332702637,0.0,250.7592010498047,1500.6312255859375,0.0,0.0,0.0,-0.36753061413764954,True,nan,False,0.002363963518291712,0.01,True,,0.001,0.0010000000474974513,0.00017970551562029868,250.7592010498047,1500.6312255859375,61930.875,0.0006911985692568123,1963311104.0,854.7971801757812
npg_logbarrier_handoff,730,729,1009560,0.0,False,249.2218780517578,2.573493242263794,0.0,249.2218780517578,2022.6156005859375,0.0,0.0,0.0,-0.10700339823961258,True,nan,False,0.0023375367745757103,0.01,True,,0.001,0.001000000280328095,0.00013046336243860424,249.2218780517578,2022.6156005859375,117504.078125,0.0001362284237984568,60664057856.0,652.6844482421875
npg_logbarrier_handoff,730,730,1010518,0.0,False,239.5039520263672,2.7419214248657227,0.0,239.5039520263672,1471.833251953125,0.0,0.0,0.0,-0.06313109397888184,True,nan,False,0.001057713059708476,0.01,True,,0.001,0.0010000001639127731,0.00018396803352516145,239.5039520263672,1471.833251953125,59094.2578125,0.00020005858095828444,2732338432.0,685.0398559570312
npg_logbarrier_handoff,730,731,1011481,0.0,False,282.9626770019531,2.594930648803711,0.0,282.9626770019531,1681.5118408203125,0.0,0.0,0.0,-0.24625907838344574,True,nan,False,0.0015883150044828653,0.01,True,,0.001,0.000999999581836164,0.00014594921958632767,282.9626770019531,1681.5118408203125,93891.53125,0.0002587175986263901,4819390464.0,1590.1058349609375
npg_logbarrier_handoff,730,732,1012427,0.0,False,507.8651428222656,2.6423561573028564,0.0,507.8651428222656,1638.0589599609375,0.0,0.0,0.0,-0.26287996768951416,True,nan,False,0.0016152779571712017,0.01,True,,0.001,0.0010000001639127731,0.00013309312635101378,507.8651428222656,1638.0589599609375,112906.4609375,0.0002002899709623307,3550135808.0,829.8207397460938
npg_logbarrier_handoff,730,733,1013345,0.0,False,359.8802185058594,2.640469551086426,0.0,359.8802185058594,1533.9654541015625,0.0,0.0,0.0,0.44987112283706665,True,nan,False,0.0015428400365635753,0.01,True,,0.001,0.0010000000474974513,0.00018197044846601784,359.8802185058594,1533.9654541015625,60398.796875,0.00015466648619621992,11908790272.0,1061.1546630859375
npg_logbarrier_handoff,730,734,1014202,0.0,False,724.3856201171875,2.4291892051696777,0.0,724.3856201171875,1715.1082763671875,0.0,0.0,0.0,0.02289597876369953,True,nan,False,0.001320873387157917,0.01,True,,0.001,0.0009999996982514858,0.00012762464757543057,724.3856201171875,1715.1082763671875,122789.3984375,0.0006643311935476959,23953461248.0,2252.558837890625
npg_logbarrier_handoff,730,735,1015116,0.0,False,282.9368591308594,2.4715542793273926,0.0,282.9368591308594,2253.498291015625,0.0,0.0,0.0,0.16329583525657654,True,nan,False,0.0021728991996496916,0.01,True,,0.001,0.0009999999310821295,0.00012134573626099154,282.9368591308594,2253.498291015625,135825.390625,0.00037672038888558745,2481490432.0,548.5162353515625
npg_logbarrier_handoff,730,736,1016151,0.0,False,350.08984375,1.9267833232879639,0.0,350.08984375,2409.8359375,0.0,0.0,0.0,-0.34361907839775085,True,nan,False,0.001375496038235724,0.01,True,,0.001,0.0010000001639127731,8.998706471174955e-05,350.08984375,2409.8359375,246984.578125,0.00032130247564055026,2576870144.0,453.2943115234375
npg_logbarrier_handoff,730,737,1017530,0.0,False,318.4383239746094,2.830251455307007,0.0,318.4383239746094,1762.429443359375,0.0,0.0,0.0,0.13327881693840027,True,nan,False,0.0032473825849592686,0.01,True,,0.001,0.0009999996982514858,0.00018342799739912152,318.4383239746094,1762.429443359375,59442.734375,0.0005631039966829121,13147577344.0,5393.30810546875
npg_logbarrier_handoff,730,738,1018335,0.0,False,512.4229125976562,2.798478126525879,0.0,512.4229125976562,1477.3060302734375,0.0,0.0,0.0,-0.052234482020139694,True,nan,False,0.0017634325195103884,0.01,True,,0.001,0.0009999989997595549,0.00015668926062062383,512.4229125976562,1477.3060302734375,81461.34375,0.0004077803750988096,8134765568.0,2877.288330078125
npg_logbarrier_handoff,730,739,1019133,0.0,False,449.9557189941406,2.5109148025512695,0.0,449.9557189941406,1720.0980224609375,0.0,0.0,0.0,0.37307819724082947,True,nan,False,0.0012381384149193764,0.01,True,,0.001,0.0009999999310821295,0.00013407172809820622,449.9557189941406,1720.0980224609375,111264.2421875,0.0002740643103606999,1144446336.0,601.4950561523438
npg_logbarrier_handoff,730,740,1020001,0.0,False,427.02447509765625,2.1831164360046387,0.0,427.02447509765625,1544.007568359375,0.0,0.0,0.0,0.33044421672821045,True,nan,False,0.001289702020585537,0.01,True,,0.001,0.0010000000474974513,0.00012222571240272373,427.02447509765625,1544.007568359375,133876.65625,0.0005243761697784066,2443261696.0,576.0573120117188
npg_logbarrier_handoff,730,741,1020978,0.0,False,444.76385498046875,2.0726051330566406,0.0,444.76385498046875,3046.669921875,0.0,0.0,0.0,0.06501321494579315,True,nan,False,0.002834752667695284,0.01,True,,0.001,0.0010000006295740604,8.524877921445295e-05,444.76385498046875,3046.669921875,275203.34375,0.0005351702566258609,2794318080.0,515.5308837890625
npg_logbarrier_handoff,730,742,1022245,0.0,False,433.84814453125,2.225106716156006,0.0,433.84814453125,2140.579833984375,0.0,0.0,0.0,-0.05034349113702774,True,nan,False,0.001516209915280342,0.01,True,,0.001,0.0010000001639127731,0.00011129519407404587,433.84814453125,2140.579833984375,161464.5625,0.00052173639414832,2174568192.0,1092.3310546875
npg_logbarrier_handoff,730,743,1023199,0.0,False,465.0398254394531,2.06019926071167,0.0,465.0398254394531,3095.248046875,0.0,0.0,0.0,0.08498909324407578,True,nan,False,0.0011089950567111373,0.01,True,,0.001,0.001000000862404704,8.80370062077418e-05,465.0398254394531,3095.248046875,258047.40625,0.001441858010366559,14842572800.0,2003.184326171875
npg_logbarrier_handoff,730,744,1024550,0.0,False,150.31927490234375,2.6624138355255127,0.0,150.31927490234375,1593.4541015625,0.0,0.0,0.0,-0.49426066875457764,True,nan,False,0.0025593717582523823,0.01,True,,0.001,0.0010000003967434168,0.00016573087486904114,150.31927490234375,1593.4541015625,72815.390625,0.000410527631174773,3155692288.0,700.1394653320312
npg_logbarrier_handoff,730,745,1025453,0.0,False,356.4525146484375,2.142688035964966,0.0,356.4525146484375,2090.8955078125,0.0,0.0,0.0,0.14235083758831024,True,nan,False,0.0012007260229438543,0.01,True,,0.001,0.0009999996982514858,0.00012180434714537114,356.4525146484375,2090.8955078125,134804.515625,0.0005826608394272625,4974577152.0,1486.3167724609375
npg_logbarrier_handoff,730,746,1026577,0.0,False,334.6580505371094,2.3116512298583984,0.0,334.6580505371094,1843.8326416015625,0.0,0.0,0.0,0.39470353722572327,True,nan,False,0.0011677189031615853,0.01,True,,0.001,0.0010000003967434168,0.00014771749556530267,334.6580505371094,1843.8326416015625,91657.1171875,0.0012089540250599384,3792803328.0,1533.6583251953125
npg_logbarrier_handoff,730,747,1027492,0.0,False,815.2228393554688,1.8517206907272339,0.0,815.2228393554688,2638.2626953125,0.0,0.0,0.0,-0.13240636885166168,True,nan,False,0.0030716226901859045,0.01,True,,0.001,0.0010000003967434168,8.080185216385871e-05,815.2228393554688,2638.2626953125,306328.5,0.000627431902103126,272057155584.0,1644.6800537109375
npg_logbarrier_handoff,730,748,1028940,0.0,False,255.9622039794922,2.491189479827881,0.0,255.9622039794922,1654.5682373046875,0.0,0.0,0.0,-0.34157395362854004,True,nan,False,0.002013447228819132,0.01,True,,0.001,0.0010000001639127731,0.00013067688269075006,255.9622039794922,1654.5682373046875,117120.390625,0.00022583536338061094,3273428992.0,769.7152709960938
npg_logbarrier_handoff,730,749,1029882,0.0,False,427.9771423339844,2.792694091796875,0.0,427.9771423339844,1118.45361328125,0.0,0.0,0.0,-0.19297051429748535,True,nan,False,0.0010168791050091386,0.01,True,,0.001,0.0010000000474974513,0.0001384974893881008,427.9771423339844,1118.45361328125,104266.8359375,0.0003113499260507524,5955097600.0,934.3228149414062
npg_logbarrier_handoff,730,750,1030734,0.0,False,462.9581604003906,2.417081356048584,0.0,462.9581604003906,1602.822265625,0.0,0.0,0.0,-0.15532825887203217,True,nan,False,0.0015254425816237926,0.01,True,,0.001,0.0010000001639127731,0.00011876661301357672,462.9581604003906,1602.822265625,141788.59375,0.00035091020981781185,2169699840.0,613.3197021484375
npg_logbarrier_handoff,730,751,1031763,0.0,False,347.0330810546875,2.3310084342956543,0.0,347.0330810546875,2407.880615234375,0.0,0.0,0.0,0.5384660959243774,True,nan,False,0.0019115062896162271,0.01,True,,0.001,0.0009999999310821295,0.00012197672185720876,347.0330810546875,2407.880615234375,134423.78125,0.00043520223698578775,73742893056.0,895.5210571289062
npg_logbarrier_handoff,730,752,1032835,0.0,False,397.6926574707031,2.1721882820129395,0.0,397.6926574707031,2451.2333984375,0.0,0.0,0.0,-0.37446534633636475,True,nan,False,0.0038325339555740356,0.01,True,,0.001,0.0009999999310821295,0.00011649382213363424,397.6926574707031,2451.2333984375,147375.140625,0.00036447597085498273,3928443136.0,719.4636840820312
npg_logbarrier_handoff,730,753,1033883,0.0,False,304.775634765625,2.5318782329559326,0.0,304.775634765625,1487.646240234375,0.0,0.0,0.0,0.2554123103618622,True,nan,False,0.00178371905349195,0.01,True,,0.001,0.001000000280328095,0.00014271838881541044,304.775634765625,1487.646240234375,98190.6484375,0.000560543208848685,5951191552.0,1963.85302734375
npg_logbarrier_handoff,730,754,1034805,0.0,False,346.6417541503906,2.2034482955932617,0.0,346.6417541503906,2153.83642578125,0.0,0.0,0.0,0.08208396285772324,True,nan,False,0.0017549425829201937,0.01,True,,0.001,0.0009999999310821295,0.0001222856080858037,346.6417541503906,2153.83642578125,133745.53125,0.0001947513228515163,3155180544.0,665.7337646484375
npg_logbarrier_handoff,730,755,1035811,0.0,False,395.28460693359375,2.4194133281707764,0.0,395.28460693359375,1947.5166015625,0.0,0.0,0.0,0.0858282670378685,True,nan,False,0.0016940712230280042,0.01,True,,0.001,0.0009999999310821295,0.00012158499157521874,395.28460693359375,1947.5166015625,135291.359375,0.00032198213739320636,2975221760.0,735.1832275390625
npg_logbarrier_handoff,730,756,1036736,0.0,False,418.1315612792969,2.6682991981506348,0.0,418.1315612792969,1641.8804931640625,0.0,0.0,0.0,0.06810763478279114,True,nan,False,0.001514530391432345,0.01,True,,0.001,0.0010000003967434168,0.00013729330385103822,418.1315612792969,1641.8804931640625,106103.890625,0.0007553558680228889,5718746624.0,2342.556640625
npg_logbarrier_handoff,730,757,1037618,0.0,False,406.3849182128906,2.3457565307617188,0.0,406.3849182128906,2505.938720703125,0.0,0.0,0.0,-0.21573962271213531,True,nan,False,0.0014812223380431533,0.01,True,,0.001,0.0009999999310821295,0.00011553877266123891,406.3849182128906,2505.938720703125,149821.625,0.0005081858253106475,3057038336.0,821.6195068359375
npg_logbarrier_handoff,730,758,1038798,0.0,False,322.7690124511719,2.0269405841827393,0.0,322.7690124511719,2493.70556640625,0.0,0.0,0.0,0.11474176496267319,True,nan,False,0.001586221274919808,0.01,True,,0.001,0.0010000000474974513,9.033366950461641e-05,322.7690124511719,2493.70556640625,245092.890625,0.00043959394679404795,1576083712.0,676.865234375
npg_logbarrier_handoff,730,759,1039984,0.0,False,884.5269165039062,1.8697123527526855,0.0,884.5269165039062,3881.282958984375,0.0,0.0,0.0,-0.34686654806137085,True,nan,False,0.002164657926186919,0.01,True,,0.001,0.0010000006295740604,7.077826012391597e-05,884.5269165039062,3881.282958984375,399236.5625,0.0004630033508874476,3131390720.0,1604.3948974609375
npg_logbarrier_handoff,730,760,1041447,0.0,False,535.4366455078125,2.440601348876953,0.0,535.4366455078125,1771.530517578125,0.0,0.0,0.0,-0.40152278542518616,True,nan,False,0.0013736134860664606,0.01,True,,0.001,0.0010000001639127731,0.00013297564873937517,535.4366455078125,1771.530517578125,113106.046875,0.0003146953822579235,5140075008.0,714.5547485351562
npg_logbarrier_handoff,730,761,1042431,0.0,False,387.12109375,2.2818639278411865,0.0,387.12109375,2263.6171875,0.0,0.0,0.0,-0.07984595745801926,True,nan,False,0.0013529332354664803,0.01,True,,0.001,0.0009999999310821295,9.678344213170931e-05,387.12109375,2263.6171875,213514.75,0.00023335442529059947,2916334592.0,553.5673828125
npg_logbarrier_handoff,730,762,1043406,0.0,False,518.5478515625,2.3042266368865967,0.0,518.5478515625,2194.067138671875,0.0,0.0,0.0,0.20283709466457367,True,nan,False,0.0013897576136514544,0.01,True,,0.001,0.0009999999310821295,0.0001259508280782029,518.5478515625,2194.067138671875,126074.703125,0.00037874773261137307,8881375232.0,1410.4188232421875
npg_logbarrier_handoff,730,763,1044459,0.0,False,586.4205322265625,2.4746570587158203,0.0,586.4205322265625,1659.70654296875,0.0,0.0,0.0,0.030678676441311836,True,nan,False,0.0009440681315027177,0.01,True,,0.001,0.0010000003967434168,0.00015240554057527333,586.4205322265625,1659.70654296875,86105.0234375,0.0006374655640684068,5081663488.0,2440.119140625
npg_logbarrier_handoff,730,764,1045385,0.0,False,1102.8284912109375,2.625586748123169,0.0,1102.8284912109375,1772.0423583984375,0.0,0.0,0.0,-0.07666881382465363,True,nan,False,0.0012516991700977087,0.01,True,,0.001,0.0009999966714531183,0.00012028231139993295,1102.8284912109375,1772.0423583984375,138237.6875,0.004341712687164545,20017440768.0,13846.8017578125
npg_logbarrier_handoff,730,765,1046349,0.0,False,411.2218322753906,2.6783506870269775,0.0,411.2218322753906,1567.2755126953125,0.0,0.0,0.0,-0.2821473181247711,True,nan,False,0.001461890758946538,0.01,True,,0.001,0.001000000280328095,0.00016291985230054706,411.2218322753906,1567.2755126953125,75349.7890625,0.0002394922194071114,4529336320.0,1595.5960693359375
npg_logbarrier_handoff,730,766,1047245,0.0,False,309.3492126464844,2.7403926849365234,0.0,309.3492126464844,1431.7735595703125,0.0,0.0,0.0,0.09629624336957932,True,nan,False,0.0015508591895923018,0.01,True,,0.001,0.0009999999310821295,0.00015664730744902045,309.3492126464844,1431.7735595703125,81504.9765625,0.00014603602176066488,6259970560.0,605.0320434570312
npg_logbarrier_handoff,730,767,1048095,0.0,False,391.509033203125,2.610809803009033,0.0,391.509033203125,1473.7218017578125,0.0,0.0,0.0,0.05596398562192917,True,nan,False,0.0012515104608610272,0.01,True,,0.001,0.0010000000474974513,0.0001310299994656816,391.509033203125,1473.7218017578125,116489.9765625,0.0003195362805854529,2573628160.0,731.2831420898438
npg_logbarrier_handoff,730,768,1049023,0.0,False,862.6801147460938,2.389997720718384,0.0,862.6801147460938,1308.6080322265625,0.0,0.0,0.0,-0.14377278089523315,True,nan,False,0.0010772207751870155,0.01,True,,0.001,0.0010000012116506696,0.00014181250298861414,862.6801147460938,1308.6080322265625,99449.125,0.00028598669450730085,36374384640.0,2201.28076171875
npg_logbarrier_handoff,730,769,1049935,0.0,False,979.1160888671875,2.100449800491333,0.0,979.1160888671875,2688.724853515625,0.0,0.0,0.0,0.15051411092281342,True,nan,False,0.0021954490803182125,0.01,True,,0.001,0.0009999993490055203,7.718599954387173e-05,979.1160888671875,2688.724853515625,335701.25,0.002379392506554723,8857595904.0,1643.99462890625
npg_logbarrier_handoff,730,770,1051195,0.0,False,1031.56787109375,2.8697052001953125,0.0,1031.56787109375,1546.155029296875,0.0,0.0,0.0,-0.04662945866584778,True,nan,False,0.0014534074580296874,0.01,True,,0.001,0.0010000001639127731,0.00012662418885156512,1031.56787109375,1546.155029296875,124737.390625,0.0003209327405784279,21790955520.0,4556.50439453125
npg_logbarrier_handoff,730,771,1052018,0.0,False,354.0768737792969,2.6301207542419434,0.0,354.0768737792969,2179.825439453125,0.0,0.0,0.0,-0.30862313508987427,True,nan,False,0.00164582091383636,0.01,True,,0.001,0.000999999581836164,0.00013767729979008436,354.0768737792969,2179.825439453125,105512.84375,0.0014164067106321454,15090509824.0,1452.46337890625
npg_logbarrier_handoff,730,772,1052959,0.0,False,576.8529663085938,2.398094892501831,0.0,576.8529663085938,1989.7025146484375,0.0,0.0,0.0,-0.05190114304423332,True,nan,False,0.0012947983341291547,0.01,True,,0.001,0.0010000016773119569,0.0001039796115946956,576.8529663085938,1989.7025146484375,184983.78125,0.0021665524691343307,31451752448.0,4343.740234375
npg_logbarrier_handoff,730,773,1053934,0.0,False,400.4881286621094,2.447678804397583,0.0,400.4881286621094,1490.0595703125,0.0,0.0,0.0,-0.31797122955322266,True,nan,False,0.0014998477417975664,0.01,True,,0.001,0.0010000001639127731,0.00016127411799971014,400.4881286621094,1490.0595703125,76895.453125,0.00029659070423804224,1928550912.0,782.4588012695312
npg_logbarrier_handoff,730,774,1054877,0.0,False,248.7240753173828,2.7578134536743164,0.0,248.7240753173828,1254.86328125,0.0,0.0,0.0,-0.20227107405662537,True,nan,False,0.0012858584523200989,0.01,True,,0.001,0.0009999996982514858,0.00019054781296290457,248.7240753173828,1254.86328125,55083.56640625,0.00014134847151581198,4297994240.0,801.4022827148438
npg_logbarrier_handoff,730,775,1055709,0.0,False,212.63624572753906,2.660482883453369,0.0,212.63624572753906,1848.61962890625,0.0,0.0,0.0,-0.25252649188041687,True,nan,False,0.0016121049411594868,0.01,True,,0.001,0.001000000280328095,0.00013574984041042626,212.63624572753906,1848.61962890625,108530.3984375,0.00017855974147096276,3564894208.0,745.3316650390625
npg_logbarrier_handoff,730,776,1056547,0.0,False,151.07513427734375,2.9391276836395264,0.0,151.07513427734375,1314.4302978515625,0.0,0.0,0.0,0.09717772901058197,True,nan,False,0.0024104195181280375,0.01,True,,0.001,0.001000000280328095,0.0001467242545913905,151.07513427734375,1314.4302978515625,92902.2421875,0.0002616177953314036,5954614272.0,1636.2950439453125
npg_logbarrier_handoff,730,777,1057287,0.0,False,522.8433227539062,2.8375532627105713,0.0,522.8433227539062,1442.1483154296875,0.0,0.0,0.0,0.3492213785648346,True,nan,False,0.0020436726044863462,0.01,True,,0.001,0.0010000003967434168,0.00015927939966786653,522.8433227539062,1442.1483154296875,78833.5,0.0006078529986552894,28479993856.0,1018.247802734375
npg_logbarrier_handoff,730,778,1058108,0.0,False,215.1387481689453,2.3947677612304688,0.0,215.1387481689453,2096.23046875,0.0,0.0,0.0,-0.5667515397071838,True,nan,False,0.0030240193009376526,0.01,True,,0.001,0.0009999998146668077,0.00016033687279559672,215.1387481689453,2096.23046875,77797.0703125,0.0003673167375382036,4190305280.0,542.9249267578125
npg_logbarrier_handoff,730,779,1059009,0.0,False,389.6334533691406,2.4128012657165527,0.0,389.6334533691406,1784.11279296875,0.0,0.0,0.0,-0.08645232021808624,True,nan,False,0.0013691482599824667,0.01,True,,0.001,0.0009999980684369802,0.00014874403132125735,389.6334533691406,1784.11279296875,90396.359375,0.0007575970375910401,3420046592.0,4152.52587890625
npg_logbarrier_handoff,730,780,1059942,0.0,False,537.9603271484375,2.5631330013275146,0.0,537.9603271484375,1886.2125244140625,0.0,0.0,0.0,0.26309657096862793,True,nan,False,0.002285847207531333,0.01,True,,0.001,0.0009999998146668077,0.00014666430070064962,537.9603271484375,1886.2125244140625,92978.203125,0.0003951608086936176,1924891776.0,1194.5975341796875
npg_logbarrier_handoff,730,781,1060803,0.0,False,376.65130615234375,2.784506320953369,0.0,376.65130615234375,1411.6368408203125,0.0,0.0,0.0,-0.21557819843292236,True,nan,False,0.0016884380020201206,0.01,True,,0.001,0.001000000280328095,0.0001528911234345287,376.65130615234375,1411.6368408203125,85558.953125,0.00035908326390199363,1338551424.0,772.5615234375
npg_logbarrier_handoff,730,782,1061645,0.0,False,160.72439575195312,2.218729257583618,0.0,160.72439575195312,1449.6688232421875,0.0,0.0,0.0,-0.01896652951836586,True,nan,False,0.0010928070405498147,0.01,True,,0.001,0.0010000000474974513,0.00019364520267117769,160.72439575195312,1449.6688232421875,53335.515625,0.00019775964028667659,6045171712.0,1858.3883056640625
npg_logbarrier_handoff,730,783,1062630,0.0,False,413.04754638671875,2.303670644760132,0.0,413.04754638671875,2109.27880859375,0.0,0.0,0.0,-0.09598209708929062,True,nan,False,0.0017094643553718925,0.01,True,,0.001,0.0010000006295740604,0.00012028870696667582,413.04754638671875,2109.27880859375,138223.0,0.0003875660477206111,3369053440.0,1122.2205810546875
npg_logbarrier_handoff,730,784,1063695,0.0,False,378.1138916015625,2.39146089553833,0.0,378.1138916015625,1581.4691162109375,0.0,0.0,0.0,-0.33731111884117126,True,nan,False,0.002038842998445034,0.01,True,,0.001,0.0009999999310821295,0.00012660369975492358,378.1138916015625,1581.4691162109375,124777.765625,0.00012302977847866714,879207424.0,435.0990295410156
npg_logbarrier_handoff,730,785,1064735,0.0,False,190.1544952392578,2.494539976119995,0.0,190.1544952392578,1267.75537109375,0.0,0.0,0.0,-0.018346291035413742,True,nan,False,0.0028385904151946306,0.01,True,,0.001,0.0009999996982514858,0.0002221254981122911,190.1544952392578,1267.75537109375,40535.28125,0.00016990180301945657,723724608.0,467.1446533203125
npg_logbarrier_handoff,730,786,1065568,0.0,False,527.594482421875,1.9586453437805176,0.0,527.594482421875,2390.988525390625,0.0,0.0,0.0,0.04181453213095665,True,nan,False,0.0018261113436892629,0.01,True,,0.001,0.0010000003967434168,0.00010210784239461645,527.594482421875,2390.988525390625,191827.921875,0.0005089186015538871,12411405312.0,483.00433349609375
npg_logbarrier_handoff,730,787,1066928,0.0,False,327.2915344238281,2.5989320278167725,0.0,327.2915344238281,1106.933349609375,0.0,0.0,0.0,-0.1819743663072586,True,nan,False,0.0009241728112101555,0.01,True,,0.001,0.0009999999310821295,0.00020598064293153584,327.2915344238281,1106.933349609375,47138.65234375,0.00018866875325329602,37339516928.0,1851.9544677734375
npg_logbarrier_handoff,730,788,1067783,0.0,False,236.52122497558594,2.6620657444000244,0.0,236.52122497558594,1371.1259765625,0.0,0.0,0.0,0.0028424288611859083,True,nan,False,0.00153170560952276,0.01,True,,0.001,0.0009999999310821295,0.00017265023780055344,236.52122497558594,1371.1259765625,67095.84375,0.0005074738874100149,43814572032.0,3023.334228515625
npg_logbarrier_handoff,730,789,1068589,0.0,False,423.80242919921875,2.1614787578582764,0.0,423.80242919921875,1303.00390625,0.0,0.0,0.0,-0.33794236183166504,True,nan,False,0.0015341846738010645,0.01,True,,0.001,0.0010000012116506696,0.00012776924995705485,423.80242919921875,1303.00390625,122511.6328125,0.00026653739041648805,4751835136.0,968.33154296875
npg_logbarrier_handoff,730,790,1069589,0.0,False,351.39630126953125,1.9541524648666382,0.0,351.39630126953125,2257.770263671875,0.0,0.0,0.0,0.09575916081666946,True,nan,False,0.007049190811812878,0.01,True,,0.001,0.0010000001639127731,9.684557880973443e-05,351.39630126953125,2257.770263671875,213240.875,0.0001916605542646721,4274521600.0,447.87066650390625
npg_logbarrier_handoff,730,791,1070915,0.0,False,301.08404541015625,2.278430700302124,0.0,301.08404541015625,1430.0484619140625,0.0,0.0,0.0,-0.12615244090557098,True,nan,False,0.0014046712312847376,0.01,True,,0.001,0.0009999998146668077,0.00015376122610177845,301.08404541015625,1430.0484619140625,84593.375,0.0012158540775999427,11147108352.0,1467.861328125
npg_logbarrier_handoff,730,792,1071842,0.0,False,139.1145477294922,2.320974349975586,0.0,139.1145477294922,1181.8848876953125,0.0,0.0,0.0,-0.31810227036476135,True,nan,False,0.002608681796118617,0.01,True,,0.001,0.001000000280328095,0.0001972672762349248,139.1145477294922,1181.8848876953125,51394.890625,7.409397949231789e-05,1054328384.0,366.4295349121094
npg_logbarrier_handoff,730,793,1072707,0.0,False,360.4962463378906,2.256073474884033,0.0,360.4962463378906,1551.981689453125,0.0,0.0,0.0,-0.400411456823349,True,nan,False,0.0011550721246749163,0.01,True,,0.001,0.0010000000474974513,0.0001490682188887149,360.4962463378906,1551.981689453125,90003.6015625,0.0002831410674843937,2981708032.0,746.690673828125
npg_logbarrier_handoff,730,794,1073619,0.0,False,363.2893981933594,2.1745378971099854,0.0,363.2893981933594,1254.2554931640625,0.0,0.0,0.0,-0.141875222325325,True,nan,False,0.0009944566991180182,0.01,True,,0.001,0.0010000000474974513,0.00014393294986803085,363.2893981933594,1254.2554931640625,96540.4921875,0.00030725126271136105,6426098688.0,1440.2027587890625
npg_logbarrier_handoff,730,795,1074550,0.0,False,333.7723083496094,2.2433207035064697,0.0,333.7723083496094,1392.0328369140625,0.0,0.0,0.0,-0.23745697736740112,True,nan,False,0.0013772895326837897,0.01,True,,0.001,0.0009999994654208422,0.00017949605535250157,333.7723083496094,1392.0328369140625,62075.4921875,0.0002903308777604252,7972894720.0,2172.267578125
npg_logbarrier_handoff,730,796,1075482,0.0,False,271.0938415527344,2.497690439224243,0.0,271.0938415527344,1021.65966796875,0.0,0.0,0.0,-0.042497262358665466,True,nan,False,0.0014430807204917073,0.01,True,,0.001,0.0010000001639127731,0.00017228774959221482,271.0938415527344,1021.65966796875,67378.484375,0.00011663632903946564,683922368.0,398.2493896484375
npg_logbarrier_handoff,730,797,1076234,0.0,False,580.96533203125,2.144514799118042,0.0,580.96533203125,2496.390869140625,0.0,0.0,0.0,0.2686631977558136,True,nan,False,0.0015079627046361566,0.01,True,,0.001,0.0010000005131587386,8.89519797055982e-05,580.96533203125,2496.390869140625,252766.0625,0.0005256215808913112,20510752768.0,1116.1146240234375
npg_logbarrier_handoff,730,798,1077427,0.0,False,268.2640075683594,2.0395092964172363,0.0,268.2640075683594,1485.1961669921875,0.0,0.0,0.0,0.2763197422027588,True,nan,False,0.0028797767590731382,0.01,True,,0.001,0.0010000001639127731,0.00017699788440950215,268.2640075683594,1485.1961669921875,63840.14453125,0.00012558083108160645,807774080.0,320.99365234375
npg_logbarrier_handoff,730,799,1078347,0.0,False,149.77040100097656,2.5024964809417725,0.0,149.77040100097656,1090.936279296875,0.0,0.0,0.0,-0.2616818845272064,True,nan,False,0.0018593862187117338,0.01,True,,0.001,0.0010000000474974513,0.0002616870333440602,149.77040100097656,1090.936279296875,29205.56640625,0.00019652160699479282,3031961600.0,315.3157043457031
npg_logbarrier_handoff,730,800,1079151,0.0,False,858.7672729492188,1.9239144325256348,0.0,858.7672729492188,2370.463134765625,0.0,0.0,0.0,0.039593398571014404,True,nan,False,0.001495326403528452,0.01,True,,0.001,0.0009999999310821295,8.473731577396393e-05,858.7672729492188,2370.463134765625,278535.53125,0.00028842422761954367,3137132288.0,808.0992431640625
npg_logbarrier_handoff,730,801,1080617,0.0,False,394.90484619140625,2.0997259616851807,0.0,394.90484619140625,1435.281005859375,0.0,0.0,0.0,0.18393680453300476,True,nan,False,0.0015617401804775,0.01,True,,0.001,0.001000000280328095,0.00016593320469837636,394.90484619140625,1435.281005859375,72637.921875,0.0001935946347657591,1450460800.0,1431.593994140625
npg_logbarrier_handoff,730,802,1081587,0.0,False,306.3888854980469,2.032968282699585,0.0,306.3888854980469,2061.63232421875,0.0,0.0,0.0,-0.68521648645401,True,nan,False,0.0018087936332449317,0.01,True,,0.001,0.001000000280328095,0.00012388011964503676,306.3888854980469,2061.63232421875,130324.734375,0.00013523848610930145,910779264.0,294.30194091796875
npg_logbarrier_handoff,730,803,1082720,0.0,False,224.23216247558594,2.2432351112365723,0.0,224.23216247558594,1645.012451171875,0.0,0.0,0.0,-0.33340030908584595,True,nan,False,0.0018470105715095997,0.01,True,,0.001,0.0010000000474974513,0.00015670042193960398,224.23216247558594,1645.012451171875,81449.734375,0.00010696020763134584,3774695424.0,330.4425048828125
npg_logbarrier_handoff,730,804,1083578,0.0,False,458.1421813964844,2.3570432662963867,0.0,458.1421813964844,1214.490478515625,0.0,0.0,0.0,0.00036109346547164023,True,nan,False,0.0020381321664899588,0.01,True,,0.001,0.0009999994654208422,0.00015011130017228425,458.1421813964844,1214.490478515625,88757.125,0.0005456997314468026,3573565952.0,1548.4044189453125
npg_logbarrier_handoff,730,805,1084455,0.0,False,164.4734344482422,2.4253945350646973,0.0,164.4734344482422,1460.216552734375,0.0,0.0,0.0,-0.026340369135141373,True,nan,False,0.001803322578780353,0.01,True,,0.001,0.0010000001639127731,0.0002205364580731839,164.4734344482422,1460.216552734375,41121.52734375,9.703081741463393e-05,1022490496.0,312.40301513671875
npg_logbarrier_handoff,730,806,1085307,0.0,False,224.46165466308594,2.173062562942505,0.0,224.46165466308594,1782.8780517578125,0.0,0.0,0.0,0.1359506994485855,True,nan,False,0.0017046498833224177,0.01,True,,0.001,0.001000000280328095,0.0001563865371281281,224.46165466308594,1782.8780517578125,81777.0234375,0.0002819056680891663,6027356672.0,1088.8243408203125
npg_logbarrier_handoff,730,807,1086307,0.0,False,251.44583129882812,2.3322906494140625,0.0,251.44583129882812,1881.9703369140625,0.0,0.0,0.0,0.2884049415588379,True,nan,False,0.0014179066056385636,0.01,True,,0.001,0.0009999999310821295,0.00012533878907561302,251.44583129882812,1881.9703369140625,127308.9921875,0.00021937015117146075,4146692864.0,401.4736328125
npg_logbarrier_handoff,730,808,1087204,0.0,False,289.34783935546875,2.1661434173583984,0.0,289.34783935546875,1410.9627685546875,0.0,0.0,0.0,-0.30253490805625916,True,nan,False,0.0011435779742896557,0.01,True,,0.001,0.0009999996982514858,0.0001765688502928242,289.34783935546875,1410.9627685546875,64150.765625,0.00010417341400170699,2870888960.0,877.5990600585938
npg_logbarrier_handoff,730,809,1088166,0.0,False,247.83438110351562,2.4916398525238037,0.0,247.83438110351562,1566.23046875,0.0,0.0,0.0,0.10770688205957413,True,nan,False,0.0015468207420781255,0.01,True,,0.001,0.0010000003967434168,0.0001656683161854744,247.83438110351562,1566.23046875,72870.390625,0.0001689667406026274,18159570944.0,3442.119140625
npg_logbarrier_handoff,730,810,1089052,0.0,False,150.19297790527344,2.455528736114502,0.0,150.19297790527344,1588.3145751953125,0.0,0.0,0.0,-0.14374881982803345,True,nan,False,0.0023591185454279184,0.01,True,,0.001,0.0010000001639127731,0.0001730376825435087,150.19297790527344,1588.3145751953125,66795.71875,9.170058183372021e-05,2458704896.0,363.44219970703125
npg_logbarrier_handoff,730,811,1089983,0.0,False,233.03741455078125,2.1862852573394775,0.0,233.03741455078125,1213.7415771484375,0.0,0.0,0.0,-0.4090253412723541,True,nan,False,0.0013626260915771127,0.01,True,,0.001,0.0010000000474974513,0.0001977449283003807,233.03741455078125,1213.7415771484375,51146.8984375,0.0001817132579162717,6991215104.0,621.2903442382812
npg_logbarrier_handoff,730,812,1090983,0.0,False,1015.215576171875,2.593923807144165,0.0,1015.215576171875,1542.0987548828125,0.0,0.0,0.0,0.2439975142478943,True,nan,False,0.001083673327229917,0.01,True,,0.001,0.0009999996982514858,0.0001431308628525585,1015.215576171875,1542.0987548828125,97625.546875,0.0009756304789334536,29973411840.0,4722.74609375
npg_logbarrier_handoff,730,813,1091874,0.0,False,313.4114990234375,2.211318016052246,0.0,313.4114990234375,1956.823486328125,0.0,0.0,0.0,-0.2449699342250824,True,nan,False,0.0017584058223292232,0.01,True,,0.001,0.0010000001639127731,0.000121992030472029,313.4114990234375,1956.823486328125,134390.046875,8.745464583626017e-05,24441556992.0,385.0432434082031
npg_logbarrier_handoff,730,814,1092886,0.0,False,224.6070556640625,2.3719887733459473,0.0,224.6070556640625,1594.5731201171875,0.0,0.0,0.0,0.2871284782886505,True,nan,False,0.002758654998615384,0.01,True,,0.001,0.0009999999310821295,0.0001753331016516313,224.6070556640625,1594.5731201171875,65058.21875,0.00012861004506703466,10458506240.0,392.6367492675781
npg_logbarrier_handoff,730,815,1093742,0.0,False,386.9514465332031,2.3430981636047363,0.0,386.9514465332031,1606.405029296875,0.0,0.0,0.0,0.0822836235165596,True,nan,False,0.0016771323280408978,0.01,True,,0.001,0.0010000001639127731,0.00012545674690045416,386.9514465332031,1606.405029296875,127069.703125,0.00022616912610828876,11543922688.0,1504.5155029296875
npg_logbarrier_handoff,730,816,1094636,0.0,False,379.07879638671875,2.4404923915863037,0.0,379.07879638671875,1214.17724609375,0.0,0.0,0.0,-0.09534817188978195,True,nan,False,0.001833230722695589,0.01,True,,0.001,0.0009999986505135894,0.00022285888553597033,379.07879638671875,1214.17724609375,40268.93359375,0.0004895440652035177,125428572160.0,2607.33251953125
npg_logbarrier_handoff,730,817,1095501,0.0,False,424.0871276855469,2.4904818534851074,0.0,424.0871276855469,1532.5831298828125,0.0,0.0,0.0,0.08385822176933289,True,nan,False,0.0017232289537787437,0.01,True,,0.001,0.0010000001639127731,0.00011521724809426814,424.0871276855469,1532.5831298828125,150658.984375,0.00019378047727514058,3106779648.0,346.1571044921875
npg_logbarrier_handoff,730,818,1096419,0.0,False,414.743896484375,1.9416868686676025,0.0,414.743896484375,2114.726318359375,0.0,0.0,0.0,-0.2262735515832901,True,nan,False,0.001433844561688602,0.01,True,,0.001,0.0010000001639127731,0.00010563706746324897,414.743896484375,2114.726318359375,179224.484375,0.0002662338374648243,1213459968.0,311.8709411621094
npg_logbarrier_handoff,730,819,1097582,0.0,False,115.8796157836914,2.2895920276641846,0.0,115.8796157836914,1738.08203125,0.0,0.0,0.0,-0.10500726848840714,True,nan,False,0.002363495994359255,0.01,True,,0.001,0.0010000001639127731,0.00017848858260549605,115.8796157836914,1738.08203125,62778.23828125,0.00011954987712670118,448410432.0,357.53253173828125
npg_logbarrier_handoff,730,820,1098460,0.0,False,269.7782897949219,2.2451515197753906,0.0,269.7782897949219,1696.957763671875,0.0,0.0,0.0,-0.16042008996009827,True,nan,False,0.0038104041013866663,0.01,True,,0.001,0.0010000000474974513,0.00017540319822728634,269.7782897949219,1696.957763671875,65006.23828125,0.00022604776313528419,514472192.0,342.4282531738281
npg_logbarrier_handoff,730,821,1099399,0.0,False,204.10093688964844,2.4860730171203613,0.0,204.10093688964844,1244.4345703125,0.0,0.0,0.0,-0.5928554534912109,True,nan,False,0.0023973174393177032,0.01,True,,0.001,0.0010000000474974513,0.00019504457304719836,204.10093688964844,1244.4345703125,52572.9375,0.00012001949653495103,22419800064.0,390.1885070800781
npg_logbarrier_handoff,730,822,1100294,0.0,False,184.54466247558594,2.4905314445495605,0.0,184.54466247558594,1611.27880859375,0.0,0.0,0.0,-0.20537957549095154,True,nan,False,0.0016901360359042883,0.01,True,,0.001,0.0009999998146668077,0.0001888985570985824,184.54466247558594,1611.27880859375,56049.62890625,0.0001410940894857049,5702495232.0,497.8991394042969
npg_logbarrier_handoff,730,823,1101228,0.0,False,463.6508483886719,2.2882750034332275,0.0,463.6508483886719,2000.71142578125,0.0,0.0,0.0,-0.009963062591850758,True,nan,False,0.002437919145449996,0.01,True,,0.001,0.001000000280328095,0.000120338867418468,463.6508483886719,2000.71142578125,138107.78125,0.00026809368864633143,32377583616.0,427.3696594238281
npg_logbarrier_handoff,730,824,1102248,0.0,False,206.62940979003906,2.6348724365234375,0.0,206.62940979003906,1216.738525390625,0.0,0.0,0.0,-0.2951945960521698,True,nan,False,0.008526264689862728,0.01,True,,0.001,0.0009999996982514858,0.0001709354401100427,206.62940979003906,1216.738525390625,68448.796875,0.00018636375898495317,3895505152.0,1388.6741943359375
npg_logbarrier_handoff,730,825,1103083,0.0,False,749.648193359375,2.5833683013916016,0.0,749.648193359375,1477.031005859375,0.0,0.0,0.0,0.00702317152172327,True,nan,False,0.0018041606526821852,0.01,True,,0.001,0.0009999955072999,0.00017378167831338942,749.648193359375,1477.031005859375,66225.0078125,0.0014006650308147073,12277591040.0,3288.391845703125
npg_logbarrier_handoff,730,826,1103835,0.0,False,269.1257629394531,2.5723721981048584,0.0,269.1257629394531,1495.7452392578125,0.0,0.0,0.0,-0.0961286649107933,True,nan,False,0.002673602197319269,0.01,True,,0.001,0.0010000001639127731,0.0001730639487504959,269.1257629394531,1495.7452392578125,66775.4453125,0.00043838744750246406,5983217664.0,430.9231872558594
npg_logbarrier_handoff,730,827,1104676,0.0,False,241.34910583496094,2.382035255432129,0.0,241.34910583496094,1246.9088134765625,0.0,0.0,0.0,-0.2696770131587982,True,nan,False,0.001117914798669517,0.01,True,,0.001,0.0010000001639127731,0.00019287000759504735,241.34910583496094,1246.9088134765625,53765.12109375,0.00011256772995693609,4778289664.0,341.4180603027344
npg_logbarrier_handoff,730,828,1105571,0.0,False,623.7094116210938,2.080289363861084,0.0,623.7094116210938,1817.64013671875,0.0,0.0,0.0,0.13601551949977875,True,nan,False,0.0010707706678658724,0.01,True,,0.001,0.0009999999310821295,0.00012067746865795925,623.7094116210938,1817.64013671875,137333.859375,0.00016989932919386774,28363812864.0,1465.740478515625
npg_logbarrier_handoff,730,829,1106736,0.0,False,333.821044921875,2.489286184310913,0.0,333.821044921875,1595.3253173828125,0.0,0.0,0.0,-0.08199190348386765,True,nan,False,0.001729229581542313,0.01,True,,0.001,0.0009999996982514858,0.00013877991295885295,333.821044921875,1595.3253173828125,103842.890625,0.0002816419873852283,11530733568.0,2046.275390625
npg_logbarrier_handoff,730,830,1107606,0.0,False,471.3516845703125,1.9848017692565918,0.0,471.3516845703125,2844.943359375,0.0,0.0,0.0,-0.19774088263511658,True,nan,False,0.002706223400309682,0.01,True,,0.001,0.0010000000474974513,9.369879262521863e-05,471.3516845703125,2844.943359375,227804.34375,0.00027574936393648386,2603696384.0,436.879638671875
npg_logbarrier_handoff,730,831,1108966,0.0,False,312.6072692871094,2.6590356826782227,0.0,312.6072692871094,1392.0611572265625,0.0,0.0,0.0,-0.28819048404693604,True,nan,False,0.0016695338999852538,0.01,True,,0.001,0.0010000000474974513,0.00017755136650521308,312.6072692871094,1392.0611572265625,63442.74609375,0.00026551817427389324,24123650048.0,1337.393798828125
npg_logbarrier_handoff,730,832,1109846,0.0,False,923.9320068359375,2.4584622383117676,0.0,923.9320068359375,2028.3773193359375,0.0,0.0,0.0,0.2736095190048218,True,nan,False,0.0013589783338829875,0.01,True,,0.001,0.0010000010952353477,0.00011595263640629128,923.9320068359375,2028.3773193359375,148754.03125,0.002351672388613224,210789302272.0,5128.20458984375
npg_logbarrier_handoff,730,833,1110800,0.0,False,597.8544921875,2.342451333999634,0.0,597.8544921875,1326.35986328125,0.0,0.0,0.0,0.04031103104352951,True,nan,False,0.002055812394246459,0.01,True,,0.001,0.001000000280328095,0.0001659453846514225,597.8544921875,1326.35986328125,72627.265625,0.001591951702721417,8668276736.0,2696.5126953125
npg_logbarrier_handoff,730,834,1111714,0.0,False,170.10206604003906,2.031419277191162,0.0,170.10206604003906,2204.101806640625,0.0,0.0,0.0,-0.2770649492740631,True,nan,False,0.004755249712616205,0.01,True,,0.001,0.0009999999310821295,0.00012790699838660657,170.10206604003906,2204.101806640625,122247.90625,0.0001591438049217686,1119993088.0,228.3394775390625
npg_logbarrier_handoff,730,835,1112886,0.0,False,206.3290252685547,2.3501651287078857,0.0,206.3290252685547,2173.118896484375,0.0,0.0,0.0,-0.25655609369277954,True,nan,False,0.012735133059322834,0.01,True,,0.001,0.0010000001639127731,0.00011587260814849287,206.3290252685547,2173.118896484375,148959.59375,9.843701991485432e-05,632911808.0,229.50222778320312
npg_logbarrier_handoff,730,836,1113946,0.0,False,183.1207275390625,2.6060595512390137,0.0,183.1207275390625,1607.9075927734375,0.0,0.0,0.0,-0.4099630117416382,True,nan,False,0.0015981607139110565,0.01,True,,0.001,0.0010000001639127731,0.00016741098079364747,183.1207275390625,1607.9075927734375,71361.203125,0.00041850056732073426,10931307520.0,2999.1728515625
npg_logbarrier_handoff,730,837,1114810,0.0,False,258.0363464355469,2.796919345855713,0.0,258.0363464355469,1346.9288330078125,0.0,0.0,0.0,-0.17268864810466766,True,nan,False,0.0013870069524273276,0.01,True,,0.001,0.0009999999310821295,0.00019744891324080527,258.0363464355469,1346.9288330078125,51300.37109375,0.00012443769082892686,1712519936.0,307.1357116699219
npg_logbarrier_handoff,730,838,1115613,0.0,False,586.2821655273438,2.785400390625,0.0,586.2821655273438,1085.2861328125,0.0,0.0,0.0,-0.11497751623392105,True,nan,False,0.0015903521561995149,0.01,True,,0.001,0.0010000000474974513,0.0001773821859387681,586.2821655273438,1085.2861328125,63563.82421875,0.0003207988920621574,17359065088.0,3685.3828125
npg_logbarrier_handoff,730,839,1116415,0.0,False,1064.68017578125,2.5548582077026367,0.0,1064.68017578125,1816.9595947265625,0.0,0.0,0.0,-0.013902148231863976,True,nan,False,0.0015169912949204445,0.01,True,,0.001,0.0009999996982514858,0.00012430164497345686,1064.68017578125,1816.9595947265625,129442.3125,0.0021070155780762434,11285185536.0,2879.07568359375
npg_logbarrier_handoff,730,840,1117361,0.0,False,543.98046875,2.3575351238250732,0.0,543.98046875,1413.443603515625,0.0,0.0,0.0,-0.15565258264541626,True,nan,False,0.0011448166333138943,0.01,True,,0.001,0.0009999999310821295,0.00014196727715898305,543.98046875,1413.443603515625,99232.3984375,0.00017271457181777805,23047917568.0,955.56298828125
npg_logbarrier_handoff,730,841,1118286,0.0,False,535.7471313476562,2.6115849018096924,0.0,535.7471313476562,1610.8580322265625,0.0,0.0,0.0,0.033144038170576096,True,nan,False,0.0016811317764222622,0.01,True,,0.001,0.0010000000474974513,0.00014282444317359477,535.7471313476562,1610.8580322265625,98044.890625,0.0003436566039454192,28675708928.0,1942.5457763671875
npg_logbarrier_handoff,730,842,1119217,0.0,False,926.1749877929688,2.4648430347442627,0.0,926.1749877929688,2339.052978515625,0.0,0.0,0.0,-0.2606540024280548,True,nan,False,0.001045834505930543,0.01,True,,0.001,0.000999998301267624,0.00010288922203471884,926.1749877929688,2339.052978515625,188925.359375,0.0009215822210535407,10655561728.0,2892.60302734375
npg_logbarrier_handoff,730,843,1120198,0.0,False,273.56121826171875,2.764186382293701,0.0,273.56121826171875,1531.5836181640625,0.0,0.0,0.0,-0.13255390524864197,True,nan,False,0.0015626602107658982,0.01,True,,0.001,0.0009999998146668077,0.00015897373668849468,273.56121826171875,1531.5836181640625,79136.9375,0.000604678934905678,48369405952.0,3864.90380859375
npg_logbarrier_handoff,730,844,1121033,0.0,False,850.9346923828125,2.6029183864593506,0.0,850.9346923828125,1819.323974609375,0.0,0.0,0.0,-0.18965299427509308,True,nan,False,0.0028297691605985165,0.01,True,,0.001,0.0009999998146668077,0.0001461813662899658,850.9346923828125,1819.323974609375,93593.5703125,0.0007363392505794764,60564819968.0,4489.03466796875
npg_logbarrier_handoff,730,845,1121901,0.0,False,220.39805603027344,2.8820557594299316,0.0,220.39805603027344,1485.6011962890625,0.0,0.0,0.0,-0.21691983938217163,True,nan,False,0.0013292175717651844,0.01,True,,0.001,0.0009999999310821295,0.00016013317508623004,220.39805603027344,1485.6011962890625,77995.109375,0.0001420912885805592,1450408064.0,470.6767272949219
npg_logbarrier_handoff,730,846,1122723,0.0,False,236.0660400390625,2.3914794921875,0.0,236.0660400390625,1878.792724609375,0.0,0.0,0.0,-0.12925001978874207,True,nan,False,0.002208598656579852,0.01,True,,0.001,0.0010000001639127731,0.00015471216465812176,236.0660400390625,1878.792724609375,83556.65625,0.00015499677101615816,1925674368.0,467.3031921386719
npg_logbarrier_handoff,730,847,1123761,0.0,False,461.9171447753906,2.3638205528259277,0.0,461.9171447753906,1955.2586669921875,0.0,0.0,0.0,-0.0486985519528389,True,nan,False,0.0015803290298208594,0.01,True,,0.001,0.0010000001639127731,0.00014381302753463387,461.9171447753906,1955.2586669921875,96701.5703125,0.00040009329677559435,73979863040.0,3268.1748046875
npg_logbarrier_handoff,730,848,1124812,0.0,False,498.6175842285156,2.442512273788452,0.0,498.6175842285156,2699.22216796875,0.0,0.0,0.0,0.044118426740169525,True,nan,False,0.0019633222837001085,0.01,True,,0.001,0.0010000001639127731,9.997000597650185e-05,498.6175842285156,2699.22216796875,200120.046875,0.00013489733100868762,10826487808.0,452.5904846191406
npg_logbarrier_handoff,730,849,1126087,0.0,False,735.876708984375,2.9327080249786377,0.0,735.876708984375,1563.5777587890625,0.0,0.0,0.0,0.15728525817394257,True,nan,False,0.0023510397877544165,0.01,True,,0.001,0.0010000003967434168,0.00015494288527406752,735.876708984375,1563.5777587890625,83308.0078125,0.00030013214563950896,122806460416.0,2844.612548828125
npg_logbarrier_handoff,730,850,1126936,0.0,False,361.0124206542969,2.8036367893218994,0.0,361.0124206542969,1739.0443115234375,0.0,0.0,0.0,0.06673784554004669,True,nan,False,0.002605656161904335,0.01,True,,0.001,0.0009999992325901985,0.00016780788428150117,361.0124206542969,1739.0443115234375,71024.03125,0.0003053600084967911,4690023424.0,784.5399780273438
npg_logbarrier_handoff,730,851,1127794,0.0,False,325.9587097167969,2.850083827972412,0.0,325.9587097167969,1725.72509765625,0.0,0.0,0.0,-0.029621757566928864,True,nan,False,0.0025517840404063463,0.01,True,,0.001,0.001000000280328095,0.00012151262490078807,325.9587097167969,1725.72509765625,135452.5625,0.00026979073300026357,3374651904.0,513.4220581054688
npg_logbarrier_handoff,730,852,1128670,0.0,False,883.4027709960938,2.8272430896759033,0.0,883.4027709960938,1649.365234375,0.0,0.0,0.0,0.09948454797267914,True,nan,False,0.0016946112737059593,0.01,True,,0.001,0.0009999998146668077,0.00014291322440840304,883.4027709960938,1649.365234375,97923.109375,0.002422729739919305,51492843520.0,12340.6650390625
npg_logbarrier_handoff,730,853,1129573,0.0,False,863.1652221679688,2.8648228645324707,0.0,863.1652221679688,1690.3443603515625,0.0,0.0,0.0,0.1450725495815277,True,nan,False,0.0018581151962280273,0.01,True,,0.001,0.0010000012116506696,0.0001113608741434291,863.1652221679688,1690.3443603515625,161274.15625,0.0013256525853648782,164368826368.0,4119.2802734375
npg_logbarrier_handoff,730,854,1130411,0.0,False,372.2760925292969,2.582939624786377,0.0,372.2760925292969,2299.1015625,0.0,0.0,0.0,0.051185134798288345,True,nan,False,0.0015824378933757544,0.01,True,,0.001,0.0010000001639127731,0.0001259953569388017,372.2760925292969,2299.1015625,125985.625,0.00045601208694279194,6904072192.0,452.9338073730469
npg_logbarrier_handoff,730,855,1131606,0.0,False,417.2822265625,2.8053221702575684,0.0,417.2822265625,1605.725830078125,0.0,0.0,0.0,0.23331330716609955,True,nan,False,0.0018714843317866325,0.01,True,,0.001,0.0010000003967434168,0.00015996518777683377,417.2822265625,1605.725830078125,78159.015625,0.0005451868055388331,49467166720.0,3066.373291015625
npg_logbarrier_handoff,730,856,1132496,0.0,False,358.8315734863281,2.706573486328125,0.0,358.8315734863281,1312.172607421875,0.0,0.0,0.0,-0.0023042019456624985,True,nan,False,0.0015687168342992663,0.01,True,,0.001,0.0010000000474974513,0.00014586062752641737,358.8315734863281,1312.172607421875,94005.625,0.0006809899932704866,5566391808.0,1867.091064453125
npg_logbarrier_handoff,730,857,1133404,0.0,False,138.77540588378906,2.8352301120758057,0.0,138.77540588378906,1049.0572509765625,0.0,0.0,0.0,-0.10058856755495071,True,nan,False,0.0025970665737986565,0.01,True,,0.001,0.0010000000474974513,0.0002370409929426387,138.77540588378906,1049.0572509765625,35594.515625,9.187734394799918e-05,3163260928.0,442.5538024902344
npg_logbarrier_handoff,730,858,1134233,0.0,False,449.8524475097656,2.504478693008423,0.0,449.8524475097656,1593.742431640625,0.0,0.0,0.0,-0.1126498207449913,True,nan,False,0.0017273046541959047,0.01,True,,0.001,0.0009999993490055203,0.00015245757822412997,449.8524475097656,1593.742431640625,86046.25,0.0008964475127868354,11035806720.0,2713.207763671875
npg_logbarrier_handoff,730,859,1135232,0.0,False,556.5022583007812,2.44238018989563,0.0,556.5022583007812,1739.7733154296875,0.0,0.0,0.0,-0.1043567880988121,True,nan,False,0.001479900674894452,0.01,True,,0.001,0.000999999581836164,0.00015031048678793013,556.5022583007812,1739.7733154296875,88522.0546875,0.00047017025644890964,23874889728.0,4121.23779296875
npg_logbarrier_handoff,730,860,1136141,0.0,False,285.6549072265625,2.79878306388855,0.0,285.6549072265625,1926.8719482421875,0.0,0.0,0.0,0.42086684703826904,True,nan,False,0.0028210801538079977,0.01,True,,0.001,0.001000000280328095,0.0001449671108275652,285.6549072265625,1926.8719482421875,95168.0234375,0.00014364584058057517,2646963712.0,632.7843017578125
npg_logbarrier_handoff,730,861,1136972,0.0,False,406.1465759277344,2.5829813480377197,0.0,406.1465759277344,1830.54736328125,0.0,0.0,0.0,-0.38489553332328796,True,nan,False,0.0014754299772903323,0.01,True,,0.001,0.0010000003967434168,0.00012642198998946697,406.1465759277344,1830.54736328125,125136.71875,0.0005767102702520788,3442219008.0,1107.48779296875
npg_logbarrier_handoff,730,862,1137967,0.0,False,1608.8048095703125,2.539194345474243,0.0,1608.8048095703125,1831.2381591796875,0.0,0.0,0.0,-0.15070603787899017,True,nan,False,0.001305628102272749,0.01,True,,0.001,0.000999998883344233,0.00015113250992726535,1608.8048095703125,1831.2381591796875,87561.703125,0.0025182494428008795,29488857088.0,8570.59765625
npg_logbarrier_handoff,730,863,1138904,0.0,False,348.3843994140625,2.359118938446045,0.0,348.3843994140625,1281.1837158203125,0.0,0.0,0.0,0.22034890949726105,True,nan,False,0.002200953895226121,0.01,True,,0.001,0.0009999999310821295,0.00014407093112822622,348.3843994140625,1281.1837158203125,96355.671875,0.00014327252574730664,8711105536.0,864.5919799804688
npg_logbarrier_handoff,730,864,1139855,0.0,False,507.74658203125,2.665036201477051,0.0,507.74658203125,1539.9388427734375,0.0,0.0,0.0,-0.508108377456665,True,nan,False,0.001777928788214922,0.01,True,,0.001,0.0010000000474974513,0.0001322894386248663,507.74658203125,1539.9388427734375,114282.484375,0.001273642061278224,16334247936.0,5043.166015625
npg_logbarrier_handoff,730,865,1140744,0.0,False,441.8445129394531,2.7334601879119873,0.0,441.8445129394531,1513.803955078125,0.0,0.0,0.0,-0.06231577321887016,True,nan,False,0.0018401797860860825,0.01,True,,0.001,0.001000000978820026,0.0001510985312052071,441.8445129394531,1513.803955078125,87601.09375,0.0009606085950508714,74019061760.0,4281.8857421875
npg_logbarrier_handoff,730,866,1141548,0.0,False,316.7379455566406,2.9677529335021973,0.0,316.7379455566406,1382.0291748046875,0.0,0.0,0.0,-0.11920220404863358,True,nan,False,0.0016818157164379954,0.01,True,,0.001,0.0009999999310821295,0.00015511638775933534,316.7379455566406,1382.0291748046875,83121.75,0.00015185710799414665,1944721408.0,467.6686096191406
npg_logbarrier_handoff,730,867,1142423,0.0,False,571.8662719726562,2.1257150173187256,0.0,571.8662719726562,2895.34375,0.0,0.0,0.0,0.018408119678497314,True,nan,False,0.0015244648093357682,0.01,True,,0.001,0.0010000001639127731,8.836521010380238e-05,571.8662719726562,2895.34375,256134.09375,0.0005058582755737007,7231385088.0,1360.2904052734375
npg_logbarrier_handoff,730,868,1143673,0.0,False,236.20687866210938,2.6071949005126953,0.0,236.20687866210938,2010.2293701171875,0.0,0.0,0.0,-0.08685735613107681,True,nan,False,0.002160768024623394,0.01,True,,0.001,0.0009999999310821295,0.00012584785872604698,236.20687866210938,2010.2293701171875,126281.0859375,0.0001315689441980794,2107143936.0,314.86376953125
npg_logbarrier_handoff,730,869,1144636,0.0,False,842.8605346679688,2.2351925373077393,0.0,842.8605346679688,2702.263916015625,0.0,0.0,0.0,-0.16246020793914795,True,nan,False,0.002240407280623913,0.01,True,,0.001,0.001000000862404704,8.17690888652578e-05,842.8605346679688,2702.263916015625,299124.3125,0.0012316612992435694,63566409728.0,2533.687744140625
npg_logbarrier_handoff,730,870,1145736,0.0,False,254.09426879882812,2.883227586746216,0.0,254.09426879882812,1814.79296875,0.0,0.0,0.0,-0.6579265594482422,True,nan,False,0.003248954890295863,0.01,True,,0.001,0.0009999999310821295,0.00016591016901656985,254.09426879882812,1814.79296875,72658.09375,0.0002421120589133352,1657013120.0,479.04620361328125
npg_logbarrier_handoff,730,871,1146524,0.0,False,147.8994140625,2.353269338607788,0.0,147.8994140625,1773.165283203125,0.0,0.0,0.0,-0.04640426114201546,True,nan,False,0.0032849067356437445,0.01,True,,0.001,0.0010000001639127731,0.00017775069864001125,147.8994140625,1773.165283203125,63300.5390625,0.00023819602211005986,3166018048.0,392.1348876953125
npg_logbarrier_handoff,730,872,1147675,0.0,False,317.5403747558594,2.9944875240325928,0.0,317.5403747558594,1508.2969970703125,0.0,0.0,0.0,-0.32183709740638733,True,nan,False,0.005075124092400074,0.01,True,,0.001,0.0009999993490055203,0.00016957773186732084,317.5403747558594,1508.2969970703125,69549.234375,0.0008520726696588099,35233296384.0,1300.510986328125
npg_logbarrier_handoff,730,873,1148481,0.0,False,212.56336975097656,2.936760187149048,0.0,212.56336975097656,1463.103759765625,0.0,0.0,0.0,0.0049898079596459866,True,nan,False,0.001972188940271735,0.01,True,,0.001,0.000999999581836164,0.00016498372133355588,212.56336975097656,1463.103759765625,73476.390625,0.0003332287888042629,18897649664.0,3542.017578125
npg_logbarrier_handoff,730,874,1149315,0.0,False,708.179443359375,2.7555906772613525,0.0,708.179443359375,1336.1763916015625,0.0,0.0,0.0,-0.08466517180204391,True,nan,False,0.0012118107406422496,0.01,True,,0.001,0.0010000003967434168,0.0001539285876788199,708.179443359375,1336.1763916015625,84409.5234375,0.00028821933665312827,45313593344.0,3329.476806640625
npg_logbarrier_handoff,730,875,1150200,0.0,False,627.0145263671875,2.203188419342041,0.0,627.0145263671875,2658.621337890625,0.0,0.0,0.0,0.11147252470254898,True,nan,False,0.0012323260307312012,0.01,True,,0.001,0.0010000007459893823,9.487452916800976e-05,627.0145263671875,2658.621337890625,222193.1875,0.00040474184788763523,14652514304.0,2201.32275390625
npg_logbarrier_handoff,730,876,1151352,0.0,False,214.19598388671875,2.558046579360962,0.0,214.19598388671875,1776.0584716796875,0.0,0.0,0.0,-0.3730021119117737,True,nan,False,0.0022691686172038317,0.01,True,,0.001,0.0009999999310821295,0.00016053684521466494,214.19598388671875,1776.0584716796875,77603.3671875,0.00010676794772734866,5267667456.0,361.2537841796875
npg_logbarrier_handoff,730,877,1152241,0.0,False,226.01148986816406,2.8141844272613525,0.0,226.01148986816406,1470.7506103515625,0.0,0.0,0.0,0.5239866971969604,True,nan,False,0.0019947956316173077,0.01,True,,0.001,0.0010000001639127731,0.00017901882529258728,226.01148986816406,1470.7506103515625,62406.8984375,0.0004188834864180535,2659599360.0,367.5888977050781
npg_logbarrier_handoff,730,878,1153036,0.0,False,240.50685119628906,2.857513427734375,0.0,240.50685119628906,1137.735595703125,0.0,0.0,0.0,-0.17651315033435822,True,nan,False,0.0023189398925751448,0.01,True,,0.001,0.0009999996982514858,0.00019336251716595143,240.50685119628906,1137.735595703125,53491.578125,0.0002636557910591364,3242683648.0,565.2958374023438
npg_logbarrier_handoff,730,879,1153847,0.0,False,114.42546844482422,2.828080892562866,0.0,114.42546844482422,999.092041015625,0.0,0.0,0.0,0.04585816711187363,True,nan,False,0.007343254052102566,0.01,True,,0.001,0.0009999999310821295,0.00027724599931389093,114.42546844482422,999.092041015625,26019.52734375,9.875297109829262e-05,5034414592.0,279.0217590332031
npg_logbarrier_handoff,730,880,1154646,0.0,False,161.37408447265625,2.5347204208374023,0.0,161.37408447265625,1723.8173828125,0.0,0.0,0.0,-0.19924002885818481,True,nan,False,0.0019460623152554035,0.01,True,,0.001,0.0010000001639127731,0.000157640635734424,161.37408447265625,1723.8173828125,80481.0625,0.0006602752255275846,8849196032.0,1012.3726196289062
npg_logbarrier_handoff,730,881,1155547,0.0,False,124.764404296875,2.699738025665283,0.0,124.764404296875,1785.0673828125,0.0,0.0,0.0,-0.29947954416275024,True,nan,False,0.0029071844182908535,0.01,True,,0.001,0.0010000003967434168,0.0001786288048606366,124.764404296875,1785.0673828125,62679.71875,0.00012449202768038958,5371878400.0,341.6836242675781
npg_logbarrier_handoff,730,882,1156461,0.0,False,312.592041015625,2.7591261863708496,0.0,312.592041015625,1725.530517578125,0.0,0.0,0.0,-0.07643577456474304,True,nan,False,0.004673772491514683,0.01,True,,0.001,0.0009999996982514858,0.00015043724852148443,312.592041015625,1725.530517578125,88372.921875,0.0002759544877335429,78774247424.0,1521.1181640625
npg_logbarrier_handoff,730,883,1157348,0.0,False,774.8471069335938,2.6071360111236572,0.0,774.8471069335938,1631.669189453125,0.0,0.0,0.0,0.3047495186328888,True,nan,False,0.0017509005265310407,0.01,True,,0.001,0.0010000001639127731,0.00018061354057863355,774.8471069335938,1631.669189453125,61309.7265625,0.0001618134556338191,60317818880.0,3460.4541015625
npg_logbarrier_handoff,730,884,1158261,0.0,False,333.0119323730469,2.7000722885131836,0.0,333.0119323730469,1519.2633056640625,0.0,0.0,0.0,0.12382026016712189,True,nan,False,0.0033577214926481247,0.01,True,,0.001,0.0010000000474974513,0.00017752857820596546,333.0119323730469,1519.2633056640625,63459.03125,7.970473234308884e-05,196468326400.0,1397.9892578125
npg_logbarrier_handoff,730,885,1159140,0.0,False,362.34625244140625,2.2889297008514404,0.0,362.34625244140625,2011.3126220703125,0.0,0.0,0.0,-0.2899463176727295,True,nan,False,0.0020364131778478622,0.01,True,,0.001,0.0009999993490055203,0.00011871905735461041,362.34625244140625,2011.3126220703125,141902.203125,0.0005587069899775088,9436004352.0,1884.373291015625
npg_logbarrier_handoff,730,886,1160203,0.0,False,275.2708435058594,2.566809892654419,0.0,275.2708435058594,1372.86962890625,0.0,0.0,0.0,-0.3443639874458313,True,nan,False,0.001624312368221581,0.01,True,,0.001,0.0009999999310821295,0.00014171571820043027,275.2708435058594,1372.86962890625,99585.0078125,0.00025471620028838515,4992311296.0,949.038818359375
npg_logbarrier_handoff,730,887,1161103,0.0,False,272.8540954589844,2.4013147354125977,0.0,272.8540954589844,1604.59521484375,0.0,0.0,0.0,0.17717482149600983,True,nan,False,0.0017106359591707587,0.01,True,,0.001,0.001000000280328095,0.00015684915706515312,272.8540954589844,1604.59521484375,81295.34375,0.00013500719796866179,119548592128.0,484.17901611328125
npg_logbarrier_handoff,730,888,1162084,0.0,False,701.9319458007812,2.5897862911224365,0.0,701.9319458007812,1541.1595458984375,0.0,0.0,0.0,-0.17430949211120605,True,nan,False,0.0014933996135368943,0.01,True,,0.001,0.0009999999310821295,0.0001213348878081888,701.9319458007812,1541.1595458984375,135849.6875,0.00019184889970347285,8543463936.0,3839.140380859375
npg_logbarrier_handoff,730,889,1163023,0.0,False,221.5957489013672,2.335876703262329,0.0,221.5957489013672,1786.822021484375,0.0,0.0,0.0,-0.15191030502319336,True,nan,False,0.002445399295538664,0.01,True,,0.001,0.000999997602775693,0.00014542158169206232,221.5957489013672,1786.822021484375,94574.109375,0.0003102035843767226,6933000192.0,1731.4405517578125
npg_logbarrier_handoff,730,890,1164015,0.0,False,460.6116638183594,2.503108024597168,0.0,460.6116638183594,1511.2236328125,0.0,0.0,0.0,0.038232266902923584,True,nan,False,0.001810763031244278,0.01,True,,0.001,0.0010000001639127731,0.0001709911593934521,460.6116638183594,1511.2236328125,68404.1875,0.0001797391742002219,5779005952.0,1427.908203125
npg_logbarrier_handoff,730,891,1164893,0.0,False,200.44808959960938,2.237258195877075,0.0,200.44808959960938,1675.2794189453125,0.0,0.0,0.0,-0.08543711155653,True,nan,False,0.0028598771896213293,0.01,True,,0.001,0.0010000001639127731,0.00014650872617494315,200.44808959960938,1675.2794189453125,93175.78125,9.376757952850312e-05,2036814848.0,1271.3253173828125
npg_logbarrier_handoff,730,892,1165956,0.0,False,313.91387939453125,2.3526957035064697,0.0,313.91387939453125,2463.261962890625,0.0,0.0,0.0,-0.09410855919122696,True,nan,False,0.0018154578283429146,0.01,True,,0.001,0.0010000003967434168,0.00012208207044750452,313.91387939453125,2463.261962890625,134191.875,0.0004748453211504966,13252453376.0,1452.363037109375
npg_logbarrier_handoff,730,893,1167104,0.0,False,403.477783203125,2.1736338138580322,0.0,403.477783203125,2010.8050537109375,0.0,0.0,0.0,-0.02453136444091797,True,nan,False,0.0018238943303003907,0.01,True,,0.001,0.0009999999310821295,0.0001223617437062785,403.477783203125,2010.8050537109375,133579.15625,0.0001674309023655951,7518103552.0,422.8785705566406
npg_logbarrier_handoff,730,894,1168387,0.0,False,348.7933654785156,2.543429374694824,0.0,348.7933654785156,1474.5069580078125,0.0,0.0,0.0,0.12049289792776108,True,nan,False,0.0029950260650366545,0.01,True,,0.001,0.0009999999310821295,0.0001465677487431094,348.7933654785156,1474.5069580078125,93100.75,9.772340854397044e-05,14041164800.0,1283.1884765625
npg_logbarrier_handoff,730,895,1169276,0.0,False,184.67059326171875,2.594512939453125,0.0,184.67059326171875,1412.7012939453125,0.0,0.0,0.0,-0.09165296703577042,True,nan,False,0.0031113214790821075,0.01,True,,0.001,0.0009999999310821295,0.00016024653450585902,184.67059326171875,1412.7012939453125,77884.796875,0.0001331810053670779,2830342144.0,318.4802551269531
npg_logbarrier_handoff,730,896,1170138,0.0,False,166.0236053466797,2.3696517944335938,0.0,166.0236053466797,1679.96044921875,0.0,0.0,0.0,0.17009395360946655,True,nan,False,0.0023763205390423536,0.01,True,,0.001,0.0010000001639127731,0.0001697722909739241,166.0236053466797,1679.96044921875,69389.921875,0.00019118086493108422,1655318144.0,277.05096435546875
npg_logbarrier_handoff,730,897,1171211,0.0,False,540.1643676757812,2.521653890609741,0.0,540.1643676757812,1482.1708984375,0.0,0.0,0.0,0.07461726665496826,True,nan,False,0.0024152726400643587,0.01,True,,0.001,0.0009999994654208422,0.00017159292474389076,540.1643676757812,1482.1708984375,67925.25,0.0012771430192515254,376813486080.0,2799.35302734375
npg_logbarrier_handoff,730,898,1172201,0.0,False,299.3484802246094,2.4286537170410156,0.0,299.3484802246094,1703.415283203125,0.0,0.0,0.0,-0.18601135909557343,True,nan,False,0.002232107101008296,0.01,True,,0.001,0.0009999996982514858,0.00014868286962155253,299.3484802246094,1703.415283203125,90470.734375,0.00016721157589927316,6177310208.0,307.99713134765625
npg_logbarrier_handoff,730,899,1173151,0.0,False,360.6349182128906,2.5563836097717285,0.0,360.6349182128906,1835.59423828125,0.0,0.0,0.0,0.41737568378448486,True,nan,False,0.0017411238513886929,0.01,True,,0.001,0.0010000012116506696,0.0001422740169800818,360.6349182128906,1835.59423828125,98804.984375,0.0004510791623033583,17052322816.0,2106.294677734375
npg_logbarrier_handoff,730,900,1174129,0.0,False,448.6398620605469,2.0037097930908203,0.0,448.6398620605469,1993.6925048828125,0.0,0.0,0.0,-0.6037271618843079,True,nan,False,0.0019068317487835884,0.01,True,,0.001,0.0009999999310821295,0.00010232370550511405,448.6398620605469,1993.6925048828125,191019.40625,0.00012941702152602375,2827313664.0,269.32464599609375
npg_logbarrier_handoff,730,901,1175392,0.0,False,269.16339111328125,2.4945337772369385,0.0,269.16339111328125,1308.171630859375,0.0,0.0,0.0,0.3090209364891052,True,nan,False,0.002061601262539625,0.01,True,,0.001,0.0010000001639127731,0.0001865440426627174,269.16339111328125,1308.171630859375,57473.4453125,0.0002202373871114105,16714909696.0,971.3192749023438
npg_logbarrier_handoff,730,902,1176226,0.0,False,292.7906188964844,2.2966725826263428,0.0,292.7906188964844,1628.2249755859375,0.0,0.0,0.0,-0.038841791450977325,True,nan,False,0.0017562677385285497,0.01,True,,0.001,0.0010000003967434168,0.00015382740821223706,292.7906188964844,1628.2249755859375,84520.6015625,0.00017522151756566018,2330077184.0,482.8721923828125
npg_logbarrier_handoff,730,903,1177144,0.0,False,316.8974304199219,2.599057912826538,0.0,316.8974304199219,1336.6431884765625,0.0,0.0,0.0,-0.16240695118904114,True,nan,False,0.0018181352643296123,0.01,True,,0.001,0.000999999581836164,0.00013885334192309529,316.8974304199219,1336.6431884765625,103733.09375,0.0006125892396084964,11383572480.0,1350.5772705078125
npg_logbarrier_handoff,730,904,1178076,0.0,False,328.17987060546875,2.1731157302856445,0.0,328.17987060546875,1476.100830078125,0.0,0.0,0.0,0.061895519495010376,True,nan,False,0.0015068320790305734,0.01,True,,0.001,0.0010000001639127731,0.00015520620218012482,328.17987060546875,1476.100830078125,83025.5625,0.00012758556113112718,9640264704.0,492.3192138671875
npg_logbarrier_handoff,730,905,1179211,0.0,False,276.20635986328125,2.375227689743042,0.0,276.20635986328125,1279.1107177734375,0.0,0.0,0.0,0.0035527111031115055,True,nan,False,0.001715699560008943,0.01,True,,0.001,0.0009999996982514858,0.00014337754691950977,276.20635986328125,1279.1107177734375,97289.8828125,8.285443618660793e-05,4070060544.0,306.3262939453125
npg_logbarrier_handoff,730,906,1180134,0.0,False,241.69772338867188,2.248756170272827,0.0,241.69772338867188,2435.50146484375,0.0,0.0,0.0,-0.22041146457195282,True,nan,False,0.0019304289016872644,0.01,True,,0.001,0.0009999999310821295,0.00012275598419364542,241.69772338867188,2435.50146484375,132722.546875,0.00026269705267623067,1210086528.0,338.6714782714844
npg_logbarrier_handoff,730,907,1181204,0.0,False,276.69287109375,2.26604962348938,0.0,276.69287109375,1859.5367431640625,0.0,0.0,0.0,0.3008212447166443,True,nan,False,0.0015858180122449994,0.01,True,,0.001,0.0010000003967434168,0.00013395452697295696,276.69287109375,1859.5367431640625,111459.03125,0.00010688498878153041,14806113280.0,224.67153930664062
npg_logbarrier_handoff,730,908,1182385,0.0,False,676.3013916015625,2.5052175521850586,0.0,676.3013916015625,1696.851806640625,0.0,0.0,0.0,0.1563349962234497,True,nan,False,0.0015793752390891314,0.01,True,,0.001,0.0009999989997595549,0.0001295523252338171,676.3013916015625,1696.851806640625,119162.5,0.0009577447199262679,38895607808.0,3300.2353515625
npg_logbarrier_handoff,730,909,1183310,0.0,False,215.7384796142578,2.711529493331909,0.0,215.7384796142578,1099.6273193359375,0.0,0.0,0.0,-0.4232350289821625,True,nan,False,0.0016123937675729394,0.01,True,,0.001,0.0009999999310821295,0.00019548497220966965,215.7384796142578,1099.6273193359375,52336.328125,8.509990584570915e-05,1681353728.0,273.20703125
npg_logbarrier_handoff,730,910,1184191,0.0,False,213.73619079589844,2.770765542984009,0.0,213.73619079589844,1095.0020751953125,0.0,0.0,0.0,-0.4590498208999634,True,nan,False,0.0018621354829519987,0.01,True,,0.001,0.0010000001639127731,0.00018282930250279605,213.73619079589844,1095.0020751953125,59832.6796875,0.00012144834909122437,720897728.0,317.8886413574219
npg_logbarrier_handoff,730,911,1185082,0.0,False,173.1681365966797,2.727900981903076,0.0,173.1681365966797,1318.9532470703125,0.0,0.0,0.0,-0.05603380501270294,True,nan,False,0.002069861860945821,0.01,True,,0.001,0.0009999999310821295,0.00017019244842231274,173.1681365966797,1318.9532470703125,69047.734375,9.709116420708597e-05,1815338240.0,312.240234375
npg_logbarrier_handoff,730,912,1185917,0.0,False,756.89208984375,2.7060039043426514,0.0,756.89208984375,1646.650634765625,0.0,0.0,0.0,0.1429801732301712,True,nan,False,0.0030741288792341948,0.01,True,,0.001,0.0010000000474974513,0.00013662483252119273,756.89208984375,1646.650634765625,107144.703125,0.003989592660218477,51205664768.0,5009.169921875
npg_logbarrier_handoff,730,913,1186842,0.0,False,288.8535461425781,2.3729240894317627,0.0,288.8535461425781,1695.699462890625,0.0,0.0,0.0,0.036843400448560715,True,nan,False,0.0017726001096889377,0.01,True,,0.001,0.0009999999310821295,0.0001300546427955851,288.8535461425781,1695.699462890625,118243.78125,0.00013495709572453052,8386938880.0,765.31591796875
npg_logbarrier_handoff,730,914,1187862,0.0,False,281.565185546875,2.6422340869903564,0.0,281.565185546875,1722.319091796875,0.0,0.0,0.0,-0.08388953655958176,True,nan,False,0.002141667762771249,0.01,True,,0.001,0.0009999999310821295,0.00011438897490734234,281.565185546875,1722.319091796875,152848.671875,0.00021927930356469005,3161848576.0,335.46466064453125
npg_logbarrier_handoff,730,915,1188829,0.0,False,240.92037963867188,2.801549196243286,0.0,240.92037963867188,1024.4989013671875,0.0,0.0,0.0,-0.05955946072936058,True,nan,False,0.0022498387843370438,0.01,True,,0.001,0.0010000000474974513,0.0002013379125855863,240.92037963867188,1024.4989013671875,49337.703125,5.478640741785057e-05,151521591296.0,410.5438232421875
npg_logbarrier_handoff,730,916,1189634,0.0,False,925.833740234375,2.3952224254608154,0.0,925.833740234375,2274.37353515625,0.0,0.0,0.0,0.15269435942173004,True,nan,False,0.0015146656660363078,0.01,True,,0.001,0.0009999998146668077,8.629226795164868e-05,925.833740234375,2274.37353515625,268587.78125,0.004756686743348837,42087337984.0,8161.76513671875
npg_logbarrier_handoff,730,917,1190813,0.0,False,551.3733520507812,2.5716395378112793,0.0,551.3733520507812,2217.840576171875,0.0,0.0,0.0,-0.3571739196777344,True,nan,False,0.0012461970327422023,0.01,True,,0.001,0.0009999998146668077,0.00011015422205673531,551.3733520507812,2217.840576171875,164826.75,0.0008207414648495615,14523114496.0,1938.9144287109375
npg_logbarrier_handoff,730,918,1191957,0.0,False,564.0618286132812,2.09472393989563,0.0,564.0618286132812,2838.206787109375,0.0,0.0,0.0,0.079816535115242,True,nan,False,0.0012064685579389334,0.01,True,,0.001,0.0010000001639127731,7.604284473927692e-05,564.0618286132812,2838.206787109375,345870.3125,0.0008566895849071443,43836923904.0,2475.43017578125
npg_logbarrier_handoff,730,919,1193263,0.0,False,292.4704284667969,2.4629406929016113,0.0,292.4704284667969,1871.108642578125,0.0,0.0,0.0,-0.06646429002285004,True,nan,False,0.0020387102849781513,0.01,True,,0.001,0.001000000280328095,0.00012660281208809465,292.4704284667969,1871.108642578125,124779.5390625,0.00013634403876494616,12764299264.0,309.9878234863281
npg_logbarrier_handoff,730,920,1194268,0.0,False,723.7633056640625,2.7791426181793213,0.0,723.7633056640625,2015.1275634765625,0.0,0.0,0.0,-0.20463769137859344,True,nan,False,0.0015597629826515913,0.01,True,,0.001,0.0010000003967434168,0.00011580488353502005,723.7633056640625,2015.1275634765625,149133.875,0.0015253168530762196,26182078464.0,1252.6087646484375
npg_logbarrier_handoff,730,921,1195262,0.0,False,464.928955078125,2.430875539779663,0.0,464.928955078125,1594.9727783203125,0.0,0.0,0.0,-0.03216489776968956,True,nan,False,0.001036949921399355,0.01,True,,0.001,0.0010000001639127731,0.00013049044355284423,464.928955078125,1594.9727783203125,117455.3046875,0.00036590025410987437,13312730112.0,715.9954833984375
npg_logbarrier_handoff,730,922,1196232,0.0,False,859.7991943359375,2.9138190746307373,0.0,859.7991943359375,1890.1756591796875,0.0,0.0,0.0,-0.09984362125396729,True,nan,False,0.0015547261573374271,0.01,True,,0.001,0.0010000007459893823,0.00016246542509179562,859.7991943359375,1890.1756591796875,75771.8828125,0.003693255363032222,19450464256.0,3391.75341796875
npg_logbarrier_handoff,730,923,1197095,0.0,False,235.3385467529297,2.9253921508789062,0.0,235.3385467529297,1326.2188720703125,0.0,0.0,0.0,0.0050918906927108765,True,nan,False,0.0020422753877937794,0.01,True,,0.001,0.0010000003967434168,0.00015982861805241555,235.3385467529297,1326.2188720703125,78292.640625,0.00034375872928649187,5683030528.0,1303.65478515625
npg_logbarrier_handoff,730,924,1197921,0.0,False,195.7655487060547,3.023266315460205,0.0,195.7655487060547,1571.446533203125,0.0,0.0,0.0,-0.1149776503443718,True,nan,False,0.0016831019893288612,0.01,True,,0.001,0.0010000000474974513,0.00016168893489520997,195.7655487060547,1571.446533203125,76501.40625,7.483697845600545e-05,9147482112.0,688.1854248046875
npg_logbarrier_handoff,730,925,1198797,0.0,False,232.82098388671875,2.768963575363159,0.0,232.82098388671875,1582.775146484375,0.0,0.0,0.0,-0.18514685332775116,True,nan,False,0.0024891733191907406,0.01,True,,0.001,0.000999999581836164,0.0001593542838236317,232.82098388671875,1582.775146484375,78759.4296875,0.0004015530867036432,89469181952.0,1872.2694091796875
npg_logbarrier_handoff,730,926,1199718,0.0,False,183.59580993652344,2.844905376434326,0.0,183.59580993652344,1177.6937255859375,0.0,0.0,0.0,-0.10466402024030685,True,nan,False,0.001774110714904964,0.01,True,,0.001,0.0009999996982514858,0.0002168411301681772,183.59580993652344,1177.6937255859375,42535.02734375,0.00047899337369017303,4486687744.0,723.8495483398438
npg_logbarrier_handoff,730,927,1200595,0.0,False,166.32916259765625,2.528432607650757,0.0,166.32916259765625,1721.3353271484375,0.0,0.0,0.0,-0.34682655334472656,True,nan,False,0.005984817631542683,0.01,True,,0.001,0.0009999999310821295,0.00017072026093956083,166.32916259765625,1721.3353271484375,68621.4453125,0.00013299625425133854,1469772800.0,305.6519470214844
npg_logbarrier_handoff,730,928,1201426,0.0,False,442.2467041015625,2.6092748641967773,0.0,442.2467041015625,1394.0631103515625,0.0,0.0,0.0,-0.3092041313648224,True,nan,False,0.001216032775118947,0.01,True,,0.001,0.0010000001639127731,0.00013746318290941417,442.2467041015625,1394.0631103515625,105841.796875,0.00023236803826875985,8063946752.0,953.4589233398438
npg_logbarrier_handoff,730,929,1202376,0.0,False,197.39691162109375,2.7851781845092773,0.0,197.39691162109375,1514.492431640625,0.0,0.0,0.0,0.23745307326316833,True,nan,False,0.003136987332254648,0.01,True,,0.001,0.0009999998146668077,0.00017471594037488103,197.39691162109375,1514.492431640625,65518.64453125,6.944641791051254e-05,2387132928.0,290.7301025390625
npg_logbarrier_handoff,730,930,1203258,0.0,False,288.40313720703125,2.888545036315918,0.0,288.40313720703125,1252.9437255859375,0.0,0.0,0.0,-0.31577107310295105,True,nan,False,0.0028886552900075912,0.01,True,,0.001,0.0009999998146668077,0.0001433469442417845,288.40313720703125,1252.9437255859375,97331.4375,0.000254660815699026,7079106048.0,465.3676452636719
npg_logbarrier_handoff,730,931,1204133,0.0,False,162.28839111328125,2.670320510864258,0.0,162.28839111328125,1260.3309326171875,0.0,0.0,0.0,-0.13497845828533173,True,nan,False,0.0022804951295256615,0.01,True,,0.001,0.0010000003967434168,0.00018564904166851193,162.28839111328125,1260.3309326171875,58028.93359375,0.00011168386845383793,6459452416.0,257.1926574707031
npg_logbarrier_handoff,730,932,1205021,0.0,False,646.7268676757812,2.9021177291870117,0.0,646.7268676757812,1181.511962890625,0.0,0.0,0.0,0.04496704041957855,True,nan,False,0.0017047410365194082,0.01,True,,0.001,0.0010000013280659914,0.00020092852355446666,646.7268676757812,1181.511962890625,49538.953125,0.0003288916777819395,21898450944.0,2381.676025390625
npg_logbarrier_handoff,730,933,1205803,0.0,False,534.6755981445312,2.7417190074920654,0.0,534.6755981445312,1478.4332275390625,0.0,0.0,0.0,-0.19890929758548737,True,nan,False,0.0009365781443193555,0.01,True,,0.001,0.0010000003967434168,0.0001310050138272345,534.6755981445312,1478.4332275390625,116534.421875,0.0003065488999709487,31081644032.0,1155.892822265625
npg_logbarrier_handoff,730,934,1206658,0.0,False,395.2424011230469,2.655313014984131,0.0,395.2424011230469,1300.6416015625,0.0,0.0,0.0,-0.06222978234291077,True,nan,False,0.0016725501045584679,0.01,True,,0.001,0.0010000007459893823,0.0001675604289630428,395.2424011230469,1300.6416015625,71233.953125,0.00025605387054383755,85552947200.0,2924.20703125
npg_logbarrier_handoff,730,935,1207489,0.0,False,318.1495666503906,2.209169864654541,0.0,318.1495666503906,2487.0576171875,0.0,0.0,0.0,-0.21084381639957428,True,nan,False,0.0020858794450759888,0.01,True,,0.001,0.0010000000474974513,8.57291161082685e-05,318.1495666503906,2487.0576171875,272128.03125,0.000123486781376414,1010800832.0,193.69894409179688
npg_logbarrier_handoff,730,936,1208649,0.0,False,509.5169372558594,2.3966708183288574,0.0,509.5169372558594,1692.360107421875,0.0,0.0,0.0,-0.18056797981262207,True,nan,False,0.0019024573266506195,0.01,True,,0.001,0.0010000003967434168,0.00012232268636580557,509.5169372558594,1692.360107421875,133664.46875,0.0003080969618167728,24249149440.0,701.859619140625
npg_logbarrier_handoff,730,937,1209583,0.0,False,254.4810333251953,2.517627716064453,0.0,254.4810333251953,1714.0657958984375,0.0,0.0,0.0,-0.23335357010364532,True,nan,False,0.0033240816555917263,0.01,True,,0.001,0.0010000001639127731,0.0001381313632009551,254.4810333251953,1714.0657958984375,104820.3203125,0.00010868802201002836,4636698624.0,309.59881591796875
npg_logbarrier_handoff,730,938,1210494,0.0,False,287.4358215332031,2.8390917778015137,0.0,287.4358215332031,1756.0877685546875,0.0,0.0,0.0,0.3252621293067932,True,nan,False,0.003142846515402198,0.01,True,,0.001,0.0009999996982514858,0.00016378427972085774,287.4358215332031,1756.0877685546875,74556.515625,0.00014361439389176667,3724776192.0,319.1490173339844
npg_logbarrier_handoff,730,939,1211375,0.0,False,548.4625854492188,3.057285785675049,0.0,548.4625854492188,1169.990478515625,0.0,0.0,0.0,-0.2397557646036148,True,nan,False,0.0015771293547004461,0.01,True,,0.001,0.0009999999310821295,0.00018592618289403617,548.4625854492188,1169.990478515625,57856.0703125,0.00011530111078172922,26551582720.0,1782.2930908203125
npg_logbarrier_handoff,730,940,1212201,0.0,False,665.1686401367188,3.0183675289154053,0.0,665.1686401367188,1289.5406494140625,0.0,0.0,0.0,0.005462874658405781,True,nan,False,0.0025623871479183435,0.01,True,,0.001,0.000999999581836164,0.00020458475046325475,665.1686401367188,1289.5406494140625,47784.11328125,0.0002485216537024826,56119611392.0,2732.446533203125
npg_logbarrier_handoff,730,941,1212973,0.0,False,79.24913787841797,2.915393352508545,0.0,79.24913787841797,1101.5367431640625,0.0,0.0,0.0,-0.16880100965499878,True,nan,False,0.0050246575847268105,0.01,True,,0.001,0.0010000000474974513,0.0002702973724808544,79.24913787841797,1101.5367431640625,27374.51171875,0.00010926388495136052,11825969152.0,346.65301513671875
npg_logbarrier_handoff,730,942,1213765,0.0,False,271.42364501953125,2.749818801879883,0.0,271.42364501953125,1711.8958740234375,0.0,0.0,0.0,-0.34536808729171753,True,nan,False,0.00145794078707695,0.01,True,,0.001,0.0009999999310821295,0.00012965920905116946,271.42364501953125,1711.8958740234375,118966.1171875,0.00025484824436716735,30681448448.0,1435.945068359375
npg_logbarrier_handoff,730,943,1214669,0.0,False,113.36576080322266,3.0272207260131836,0.0,113.36576080322266,1445.72216796875,0.0,0.0,0.0,0.2432740181684494,True,nan,False,0.00288076838478446,0.01,True,,0.001,0.0010000003967434168,0.00020956767548341304,113.36576080322266,1445.72216796875,45538.78125,0.001433041994459927,74156892160.0,5408.63427734375
npg_logbarrier_handoff,730,944,1215482,0.0,False,188.17971801757812,3.0757548809051514,0.0,188.17971801757812,1245.565185546875,0.0,0.0,0.0,0.12284860759973526,True,nan,False,0.001995604718104005,0.01,True,,0.001,0.0010000001639127731,0.00021769473096355796,188.17971801757812,1245.565185546875,42202.109375,0.0013124869437888265,34258989056.0,3856.9951171875
npg_logbarrier_handoff,730,945,1216253,0.0,False,528.5935668945312,2.7610015869140625,0.0,528.5935668945312,1493.23974609375,0.0,0.0,0.0,-0.16152378916740417,True,nan,False,0.0014130932977423072,0.01,True,,0.001,0.0010000000474974513,0.00011085899313911796,528.5935668945312,1493.23974609375,162737.703125,0.0002910061739385128,20257740800.0,941.3128662109375
npg_logbarrier_handoff,730,946,1217241,0.0,False,294.15020751953125,2.789891242980957,0.0,294.15020751953125,1494.3076171875,0.0,0.0,0.0,-0.35230177640914917,True,nan,False,0.0013729764614254236,0.01,True,,0.001,0.0010000000474974513,0.00016559709911234677,294.15020751953125,1494.3076171875,72933.0859375,0.00013453929568640888,7827934208.0,586.2062377929688
npg_logbarrier_handoff,730,947,1218102,0.0,False,352.50042724609375,2.800041675567627,0.0,352.50042724609375,1845.602783203125,0.0,0.0,0.0,0.27677735686302185,True,nan,False,0.0023069665767252445,0.01,True,,0.001,0.0009999985340982676,0.00011387515405658633,352.50042724609375,1845.602783203125,154231.125,0.00026809677365235984,6710167040.0,631.659912109375
npg_logbarrier_handoff,730,948,1218933,0.0,False,715.4218139648438,2.51853346824646,0.0,715.4218139648438,1868.747802734375,0.0,0.0,0.0,-0.09201009571552277,True,nan,False,0.009937971830368042,0.01,True,,0.001,0.0010000001639127731,0.00010022715287050232,715.4218139648438,1868.747802734375,199094.5,0.0005046245059929788,26500935680.0,2402.788818359375
npg_logbarrier_handoff,730,949,1219944,0.0,False,228.21453857421875,2.8576431274414062,0.0,228.21453857421875,1782.2215576171875,0.0,0.0,0.0,-0.292023628950119,True,nan,False,0.0019955947063863277,0.01,True,,0.001,0.0010000001639127731,0.00015459730639122427,228.21453857421875,1782.2215576171875,83680.875,0.00011247859220020473,6456918016.0,313.484375
npg_logbarrier_handoff,730,950,1220770,0.0,False,915.3280029296875,2.4821202754974365,0.0,915.3280029296875,2064.234130859375,0.0,0.0,0.0,0.011668125167489052,True,nan,False,0.00232773763127625,0.01,True,,0.001,0.001000000978820026,0.0001320361188845709,915.3280029296875,2064.234130859375,114721.421875,0.0008791798609308898,52206993408.0,3782.430419921875
npg_logbarrier_handoff,730,951,1221800,0.0,False,549.4725952148438,2.6095993518829346,0.0,549.4725952148438,1344.675048828125,0.0,0.0,0.0,-0.1797257512807846,True,nan,False,0.0013619805686175823,0.01,True,,0.001,0.0009999996982514858,0.00010940431820927188,549.4725952148438,1344.675048828125,167094.078125,0.00038413688889704645,73773260800.0,2370.939208984375
npg_logbarrier_handoff,730,952,1222715,0.0,False,750.58251953125,2.875551223754883,0.0,750.58251953125,1401.328125,0.0,0.0,0.0,-0.07993779331445694,True,nan,False,0.0013513241428881884,0.01,True,,0.001,0.001000000280328095,0.00017963773279916495,750.58251953125,1401.328125,61977.6171875,0.0002693020214792341,46078013440.0,4661.271484375
npg_logbarrier_handoff,730,953,1223592,0.0,False,364.7579040527344,2.5680177211761475,0.0,364.7579040527344,2307.389404296875,0.0,0.0,0.0,-0.07730471342802048,True,nan,False,0.0013758649583905935,0.01,True,,0.001,0.0009999987669289112,0.00011533204815350473,364.7579040527344,2307.389404296875,150359.203125,0.0005805253749713302,27043465216.0,1482.949462890625
npg_logbarrier_handoff,730,954,1224625,0.0,False,188.95091247558594,2.9629149436950684,0.0,188.95091247558594,1452.4852294921875,0.0,0.0,0.0,0.01663970947265625,True,nan,False,0.002063014078885317,0.01,True,,0.001,0.0010000003967434168,0.0001951123122125864,188.95091247558594,1452.4852294921875,52536.44140625,8.318074105773121e-05,10825072640.0,454.9486083984375
npg_logbarrier_handoff,730,955,1225489,0.0,False,218.94549560546875,2.8873066902160645,0.0,218.94549560546875,1027.4814453125,0.0,0.0,0.0,-0.29687538743019104,True,nan,False,0.002419987926259637,0.01,True,,0.001,0.0009999999310821295,0.00022475756122730672,218.94549560546875,1027.4814453125,39591.44921875,5.847229840583168e-05,5386091008.0,320.0308532714844
npg_logbarrier_handoff,730,956,1226252,0.0,False,286.52471923828125,2.616818428039551,0.0,286.52471923828125,2113.79150390625,0.0,0.0,0.0,-0.1942620426416397,True,nan,False,0.0065660495311021805,0.01,True,,0.001,0.0009999998146668077,0.0001368760858895257,286.52471923828125,2113.79150390625,106751.71875,0.00027244153898209333,17435256832.0,718.7785034179688
npg_logbarrier_handoff,730,957,1227238,0.0,False,245.395263671875,2.8805129528045654,0.0,245.395263671875,1307.3438720703125,0.0,0.0,0.0,0.23941615223884583,True,nan,False,0.005065917503088713,0.01,True,,0.001,0.0009999999310821295,0.0001849773252615705,245.395263671875,1307.3438720703125,58451.1484375,0.000183210737304762,27905798144.0,1146.432861328125
npg_logbarrier_handoff,730,958,1228048,0.0,False,364.45745849609375,2.252976179122925,0.0,364.45745849609375,2118.64501953125,0.0,0.0,0.0,-0.13931456208229065,True,nan,False,0.013828076422214508,0.01,True,,0.001,0.0010000001639127731,0.00012422930740285665,364.45745849609375,2118.64501953125,129593.109375,0.00011344769154675305,7716012032.0,348.3769226074219
npg_logbarrier_handoff,730,959,1229142,0.0,False,246.2706756591797,2.3852016925811768,0.0,246.2706756591797,1541.5496826171875,0.0,0.0,0.0,-0.26411816477775574,True,nan,False,0.0023960056714713573,0.01,True,,0.001,0.0009999996982514858,0.00017108321480918676,246.2706756591797,1541.5496826171875,68330.59375,0.0001218788675032556,23653793792.0,423.63739013671875
npg_logbarrier_handoff,730,960,1230165,0.0,False,399.4517517089844,2.5090646743774414,0.0,399.4517517089844,1472.196533203125,0.0,0.0,0.0,-0.07801671326160431,True,nan,False,0.00452009029686451,0.01,True,,0.001,0.0010000000474974513,0.00014954397920519114,399.4517517089844,1472.196533203125,89431.84375,0.000264668429736048,39508725760.0,1990.7694091796875
npg_logbarrier_handoff,730,961,1231092,0.0,False,413.6915588378906,2.680814027786255,0.0,413.6915588378906,1347.569091796875,0.0,0.0,0.0,0.040197353810071945,True,nan,False,0.0027841306291520596,0.01,True,,0.001,0.0009999998146668077,0.00016378842701669782,413.6915588378906,1347.569091796875,74552.734375,0.002715871436521411,21875333120.0,1479.4884033203125
npg_logbarrier_handoff,730,962,1231953,0.0,False,123.23836517333984,2.63752818107605,0.0,123.23836517333984,1353.1170654296875,0.0,0.0,0.0,-0.34413671493530273,True,nan,False,0.002597656100988388,0.01,True,,0.001,0.001000000280328095,0.00020478431542869657,123.23836517333984,1353.1170654296875,47691.0234375,0.00010479797492735088,3808579840.0,297.9002380371094
npg_logbarrier_handoff,730,963,1232908,0.0,False,363.423095703125,2.6116251945495605,0.0,363.423095703125,1839.6119384765625,0.0,0.0,0.0,0.0629345029592514,True,nan,False,0.0017507519805803895,0.01,True,,0.001,0.0009999999310821295,0.00010882045171456411,363.423095703125,1839.6119384765625,168891.96875,0.00048697731108404696,114162343936.0,3708.036376953125
npg_logbarrier_handoff,730,964,1233864,0.0,False,305.7423095703125,2.7089779376983643,0.0,305.7423095703125,1340.5438232421875,0.0,0.0,0.0,-0.12244407087564468,True,nan,False,0.002963545499369502,0.01,True,,0.001,0.0010000001639127731,0.0001648102334002033,305.7423095703125,1340.5438232421875,73631.1640625,0.00018091076344717294,24168620032.0,1285.1202392578125
npg_logbarrier_handoff,730,965,1234697,0.0,False,408.87628173828125,3.0953917503356934,0.0,408.87628173828125,1306.8134765625,0.0,0.0,0.0,0.16143830120563507,True,nan,False,0.0016806399216875434,0.01,True,,0.001,0.001000000280328095,0.00014238175936043262,408.87628173828125,1306.8134765625,98655.5078125,0.00022066319070290774,33011697664.0,883.0498657226562
npg_logbarrier_handoff,730,966,1235490,0.0,False,266.16070556640625,2.5002670288085938,0.0,266.16070556640625,1806.76904296875,0.0,0.0,0.0,0.11957309395074844,True,nan,False,0.009831869974732399,0.01,True,,0.001,0.0009999999310821295,0.0001442896609660238,266.16070556640625,1806.76904296875,96063.7734375,0.00012995283759664744,305813356544.0,1275.560791015625
npg_logbarrier_handoff,730,967,1236493,0.0,False,652.4544677734375,2.7123863697052,0.0,652.4544677734375,1583.643798828125,0.0,0.0,0.0,-0.234194815158844,True,nan,False,0.0014360974309965968,0.01,True,,0.001,0.001000000280328095,0.00013088480045553297,652.4544677734375,1583.643798828125,116748.578125,0.0015512047102674842,238911373312.0,3924.8330078125
npg_logbarrier_handoff,730,968,1237415,0.0,False,178.52928161621094,2.997056722640991,0.0,178.52928161621094,1233.802001953125,0.0,0.0,0.0,-0.003187759779393673,True,nan,False,0.0021121404133737087,0.01,True,,0.001,0.0010000003967434168,0.00019017844169866294,178.52928161621094,1233.802001953125,55297.75,0.0001496416807640344,5289548800.0,709.1477661132812
npg_logbarrier_handoff,730,969,1238260,0.0,False,283.5541687011719,2.4147326946258545,0.0,283.5541687011719,2137.53076171875,0.0,0.0,0.0,-0.05430024489760399,True,nan,False,0.00269701867364347,0.01,True,,0.001,0.001000000280328095,0.00012789604079443961,283.5541687011719,2137.53076171875,122268.828125,0.00016174346092157066,13728019456.0,313.9388122558594
npg_logbarrier_handoff,730,970,1239368,0.0,False,901.097412109375,2.7012946605682373,0.0,901.097412109375,1368.024658203125,0.0,0.0,0.0,-0.15553748607635498,True,nan,False,0.001764305867254734,0.01,True,,0.001,0.0010000000474974513,0.00014128808106761426,901.097412109375,1368.024658203125,100188.7578125,0.0006988282548263669,119597080576.0,7942.13720703125
npg_logbarrier_handoff,730,971,1240233,0.0,False,698.2550048828125,2.0808749198913574,0.0,698.2550048828125,2095.466064453125,0.0,0.0,0.0,-0.18447713553905487,True,nan,False,0.0021082297898828983,0.01,True,,0.001,0.001000000280328095,9.753135236678645e-05,698.2550048828125,2095.466064453125,210252.65625,0.00038970261812210083,37541617664.0,1198.41796875
npg_logbarrier_handoff,730,972,1241519,0.0,False,469.3946838378906,2.730142831802368,0.0,469.3946838378906,1028.3006591796875,0.0,0.0,0.0,-0.07961560785770416,True,nan,False,0.0011804738314822316,0.01,True,,0.001,0.0009999996982514858,0.00020041321113239974,469.3946838378906,1028.3006591796875,49794.03515625,0.0005471396143548191,31169531904.0,1871.011962890625
npg_logbarrier_handoff,730,973,1242340,0.0,False,808.4052734375,2.9667789936065674,0.0,808.4052734375,1687.761474609375,0.0,0.0,0.0,0.06780094653367996,True,nan,False,0.0048514180816709995,0.01,True,,0.001,0.0009999996982514858,0.00013118935748934746,808.4052734375,1687.761474609375,116207.125,0.0007393978885374963,43922051072.0,2626.3408203125
npg_logbarrier_handoff,730,974,1243261,0.0,False,693.9561157226562,3.3940916061401367,0.0,693.9561157226562,1242.3519287109375,0.0,0.0,0.0,0.19300734996795654,True,nan,False,0.003564992221072316,0.01,True,,0.001,0.0010000014444813132,0.00020270173263270408,693.9561157226562,1242.3519287109375,48676.0234375,0.0007822628249414265,13412925440.0,3226.000732421875
npg_logbarrier_handoff,730,975,1244047,0.0,False,418.7976989746094,2.7664787769317627,0.0,418.7976989746094,1483.8133544921875,0.0,0.0,0.0,-0.2822606861591339,True,nan,False,0.0017548890318721533,0.01,True,,0.001,0.0010000003967434168,0.00017309673421550542,418.7976989746094,1483.8133544921875,66750.15625,0.00026611110661178827,141012877312.0,2522.069091796875
npg_logbarrier_handoff,730,976,1244952,0.0,False,265.74334716796875,2.5061962604522705,0.0,265.74334716796875,2076.315185546875,0.0,0.0,0.0,-0.21840618550777435,True,nan,False,0.0016706991009414196,0.01,True,,0.001,0.0010000000474974513,0.00011882094258908182,265.74334716796875,2076.315185546875,141658.953125,0.0006366310990415514,15198879744.0,3596.053466796875
npg_logbarrier_handoff,730,977,1245976,0.0,False,222.6492919921875,2.5972838401794434,0.0,222.6492919921875,1439.07470703125,0.0,0.0,0.0,0.06129472330212593,True,nan,False,0.0019159205257892609,0.01,True,,0.001,0.0010000000474974513,0.00018135886057280004,222.6492919921875,1439.07470703125,60806.84375,0.00013238366227596998,867237494784.0,2177.802734375
npg_logbarrier_handoff,730,978,1246829,0.0,False,599.9193725585938,2.58272647857666,0.0,599.9193725585938,1955.4453125,0.0,0.0,0.0,-0.1340932548046112,True,nan,False,0.0017711783293634653,0.01,True,,0.001,0.001000000280328095,0.00010687049507396296,599.9193725585938,1955.4453125,175111.390625,0.0005604717298410833,8395681792.0,1111.2706298828125
npg_logbarrier_handoff,730,979,1247828,0.0,False,600.31787109375,2.8217732906341553,0.0,600.31787109375,2061.806884765625,0.0,0.0,0.0,-0.33156898617744446,True,nan,False,0.002288099378347397,0.01,True,,0.001,0.0010000001639127731,0.00010873193969018757,600.31787109375,2061.806884765625,169167.03125,0.0002021250402322039,19237500928.0,950.3788452148438
npg_logbarrier_handoff,730,980,1248771,0.0,False,366.8218994140625,2.870694875717163,0.0,366.8218994140625,1730.569091796875,0.0,0.0,0.0,-0.24860921502113342,True,nan,False,0.0016039032489061356,0.01,True,,0.001,0.0009999999310821295,0.00011038888624170795,366.8218994140625,1730.569091796875,164126.71875,0.00032205149182118475,163210199040.0,2808.080810546875
npg_logbarrier_handoff,730,981,1249725,0.0,False,176.59835815429688,2.5760369300842285,0.0,176.59835815429688,1441.7174072265625,0.0,0.0,0.0,-0.37894582748413086,True,nan,False,0.004369320813566446,0.01,True,,0.001,0.001000000862404704,0.00022265463485382497,176.59835815429688,1441.7174072265625,40342.84765625,0.0008155781542882323,18229297152.0,1463.4677734375
npg_logbarrier_handoff,730,982,1250644,0.0,False,324.91973876953125,3.3916022777557373,0.0,324.91973876953125,1283.8089599609375,0.0,0.0,0.0,0.31468653678894043,True,nan,False,0.0015705471159890294,0.01,True,,0.001,0.0010000000474974513,0.00015114052803255618,324.91973876953125,1283.8089599609375,87552.4140625,0.00022217645891942084,5090208768.0,544.9041748046875
npg_logbarrier_handoff,730,983,1251397,0.0,False,268.37481689453125,2.6477954387664795,0.0,268.37481689453125,2217.70947265625,0.0,0.0,0.0,0.4296557605266571,True,nan,False,0.0033374822232872248,0.01,True,,0.001,0.001000000280328095,0.00011329152766847983,268.37481689453125,2217.70947265625,155824.28125,0.000518808898050338,84088274944.0,1021.0618896484375
npg_logbarrier_handoff,730,984,1252405,0.0,False,432.1627197265625,2.6490674018859863,0.0,432.1627197265625,2052.005615234375,0.0,0.0,0.0,0.49215829372406006,True,nan,False,0.0026529249735176563,0.01,True,,0.001,0.001000000862404704,0.00010703469160944223,432.1627197265625,2052.005615234375,174574.53125,0.0003849173372145742,31883776000.0,963.5394287109375
npg_logbarrier_handoff,730,985,1253442,0.0,False,492.9929504394531,2.440657138824463,0.0,492.9929504394531,2023.8079833984375,0.0,0.0,0.0,-0.4202263653278351,True,nan,False,0.0012774477945640683,0.01,True,,0.001,0.0010000000474974513,0.00013083497469779104,492.9929504394531,2023.8079833984375,116837.5078125,0.0004925375105813146,7558920192.0,1209.2874755859375
npg_logbarrier_handoff,730,986,1254586,0.0,False,274.5745849609375,2.6956164836883545,0.0,274.5745849609375,1542.673583984375,0.0,0.0,0.0,-0.027033140882849693,True,nan,False,0.001985495910048485,0.01,True,,0.001,0.001000000862404704,0.0002010162133956328,274.5745849609375,1542.673583984375,49495.7421875,0.0001402567431796342,7952836096.0,1236.0399169921875
npg_logbarrier_handoff,730,987,1255518,0.0,False,443.4376220703125,2.7611641883850098,0.0,443.4376220703125,1872.6248779296875,0.0,0.0,0.0,-0.1134575828909874,True,nan,False,0.002096861833706498,0.01,True,,0.001,0.0010000001639127731,0.00011742565402528271,443.4376220703125,1872.6248779296875,145045.4375,0.000313621130771935,7706845696.0,879.5092163085938
npg_logbarrier_handoff,730,988,1256520,0.0,False,310.4501953125,2.771817445755005,0.0,310.4501953125,2005.010009765625,0.0,0.0,0.0,0.016585364937782288,True,nan,False,0.018731363117694855,0.01,True,,0.001,0.0010000000474974513,0.0001408194366376847,310.4501953125,2005.010009765625,100856.7109375,0.00012654860620386899,9468314624.0,290.0181579589844
npg_logbarrier_handoff,730,989,1257434,0.0,False,252.06979370117188,3.0585641860961914,0.0,252.06979370117188,1805.96533203125,0.0,0.0,0.0,0.005167064256966114,True,nan,False,0.0018845509039238095,0.01,True,,0.001,0.0010000001639127731,0.00012910192890558392,252.06979370117188,1805.96533203125,119995.375,0.00015974731650203466,11915200512.0,760.5529174804688
npg_logbarrier_handoff,730,990,1258267,0.0,False,437.1021728515625,2.955618381500244,0.0,437.1021728515625,1153.6165771484375,0.0,0.0,0.0,-0.11573053151369095,True,nan,False,0.0017556196544319391,0.01,True,,0.001,0.0010000001639127731,0.00014600410941056907,437.1021728515625,1153.6165771484375,93820.953125,0.0008183589670807123,200479932416.0,7578.3046875
npg_logbarrier_handoff,730,991,1259170,0.0,False,196.58822631835938,2.929741144180298,0.0,196.58822631835938,1381.8416748046875,0.0,0.0,0.0,0.1945304423570633,True,nan,False,0.002918906742706895,0.01,True,,0.001,0.0010000001639127731,0.00018363316485192627,196.58822631835938,1381.8416748046875,59309.98046875,0.00010524068784434348,8908841984.0,318.5595397949219
npg_logbarrier_handoff,730,992,1259993,0.0,False,215.86485290527344,2.575737953186035,0.0,215.86485290527344,2103.096435546875,0.0,0.0,0.0,0.016792701557278633,True,nan,False,0.01347202155739069,0.01,True,,0.001,0.0009999999310821295,0.00011933645146200433,215.86485290527344,2103.096435546875,140437.71875,0.00013899141049478203,3315231488.0,273.8857116699219
npg_logbarrier_handoff,730,993,1261127,0.0,False,710.2741088867188,2.430211305618286,0.0,710.2741088867188,2207.5703125,0.0,0.0,0.0,0.2638615369796753,True,nan,False,0.00266743334941566,0.01,True,,0.001,0.0010000006295740604,0.00010042731446446851,710.2741088867188,2207.5703125,198301.640625,0.0005920196999795735,158254186496.0,1168.1900634765625
npg_logbarrier_handoff,730,994,1262342,0.0,False,233.87730407714844,2.992962598800659,0.0,233.87730407714844,1443.0460205078125,0.0,0.0,0.0,-0.09868869185447693,True,nan,False,0.00976387970149517,0.01,True,,0.001,0.0010000001639127731,0.00016233160567935556,233.87730407714844,1443.0460205078125,75896.859375,0.00016429086099378765,106239213568.0,306.9391174316406
npg_logbarrier_handoff,730,995,1263183,0.0,False,308.07415771484375,3.476715326309204,0.0,308.07415771484375,1433.08740234375,0.0,0.0,0.0,-0.06898842751979828,True,nan,False,0.001563424477353692,0.01,True,,0.001,0.0009999999310821295,0.0001877679314929992,308.07415771484375,1433.08740234375,56726.65625,0.00018517022544983774,141345013760.0,2967.0673828125
npg_logbarrier_handoff,730,996,1264001,0.0,False,326.7426452636719,2.7365520000457764,0.0,326.7426452636719,1719.3868408203125,0.0,0.0,0.0,-0.20015443861484528,True,nan,False,0.004424546379595995,0.01,True,,0.001,0.0009999999310821295,0.00012756268552038819,326.7426452636719,1719.3868408203125,122908.7109375,0.00010900715278694406,817513472.0,354.6580810546875
npg_logbarrier_handoff,730,997,1264974,0.0,False,236.3029022216797,2.4311087131500244,0.0,236.3029022216797,2021.5438232421875,0.0,0.0,0.0,-0.1917189657688141,True,nan,False,0.003412592224776745,0.01,True,,0.001,0.0010000001639127731,0.00015223215450532734,236.3029022216797,2021.5438232421875,86301.2734375,0.00020541256526485085,16343070720.0,1064.111572265625
npg_logbarrier_handoff,730,998,1266048,0.0,False,279.1395263671875,3.1026439666748047,0.0,279.1395263671875,1724.132568359375,0.0,0.0,0.0,0.1256674975156784,True,nan,False,0.009288075380027294,0.01,True,,0.001,0.000999999581836164,0.000152170323417522,279.1395263671875,1724.132568359375,86371.421875,0.00017105777806136757,4093030656.0,373.574951171875
npg_logbarrier_handoff,730,999,1266914,0.0,False,346.17364501953125,2.8021509647369385,0.0,346.17364501953125,1445.5947265625,0.0,0.0,0.0,-0.09850858151912689,True,nan,False,0.0017465042183175683,0.01,True,,0.001,0.0010000003967434168,0.0001512479648226872,346.17364501953125,1445.5947265625,87428.078125,0.0005577218835242093,57499910144.0,2839.708740234375
