Device       : cpu

========== GPOMDP LOSS ==========
states shape  = (128, 29, 11)
actions shape = (128, 29, 3)
rewards shape = (128, 29)
returns shape = (128, 29)
mask shape    = (128, 29)
log_probs shape = (128, 29)
valid steps = 2125
objective = -0.311425
loss = 0.311425
========== END GPOMDP DEBUG ==========


========== NPG PRECONDITIONING ==========
Fisher condition number  : 8.114e+02
||nat_g|| / ||g||        : 1.600
========== END NPG DEBUG ==========

/workplace/adelella/adelella/MCIBConceptDrift/vanilla-policy-gradient/vpg/train.py:127: UserWarning: Converting a tensor with requires_grad=True to a scalar may lead to unexpected behavior.
Consider using tensor.detach() first. (Triggered internally at /pytorch/torch/csrc/autograd/generated/python_variable_methods.cpp:838.)
  return float(torch.cat(grads).norm())
Iteration 0000 | train reward: 5.73 | best: 5.73 | KL: 5.447e-05 | std: 0.6068 | rollout: 0.469s | update: 0.240s | total: 0.708s | samples/s: 3001
Iteration 0001 | train reward: 5.29 | best: 5.73 | KL: 2.259e-05 | std: 0.6068 | rollout: 0.405s | update: 0.018s | total: 0.423s | samples/s: 4809
Iteration 0002 | train reward: 5.77 | best: 5.77 | KL: 4.754e-05 | std: 0.6066 | rollout: 0.356s | update: 0.026s | total: 0.381s | samples/s: 5404
Iteration 0003 | train reward: 5.39 | best: 5.77 | KL: 3.219e-05 | std: 0.6069 | rollout: 0.471s | update: 0.022s | total: 0.493s | samples/s: 4137
Iteration 0004 | train reward: 5.66 | best: 5.77 | KL: 3.240e-05 | std: 0.6071 | rollout: 0.558s | update: 0.022s | total: 0.580s | samples/s: 3390
Iteration 0005 | train reward: 5.40 | best: 5.77 | KL: 1.831e-05 | std: 0.6072 | rollout: 0.562s | update: 0.024s | total: 0.586s | samples/s: 3583
Iteration 0006 | train reward: 5.56 | best: 5.77 | KL: 3.928e-05 | std: 0.6074 | rollout: 0.633s | update: 0.024s | total: 0.657s | samples/s: 2981
Iteration 0007 | train reward: 5.64 | best: 5.77 | KL: 3.995e-05 | std: 0.6074 | rollout: 0.683s | update: 0.025s | total: 0.708s | samples/s: 2945
Iteration 0008 | train reward: 5.75 | best: 5.77 | KL: 2.464e-05 | std: 0.6072 | rollout: 0.614s | update: 0.019s | total: 0.633s | samples/s: 3176
Iteration 0009 | train reward: 5.83 | best: 5.83 | KL: 2.894e-05 | std: 0.6074 | rollout: 0.702s | update: 0.026s | total: 0.728s | samples/s: 2884
Iteration 0010 | train reward: 5.76 | best: 5.83 | KL: 3.226e-05 | std: 0.6080 | rollout: 0.764s | update: 0.024s | total: 0.788s | samples/s: 2684
Iteration 0011 | train reward: 5.65 | best: 5.83 | KL: 2.927e-05 | std: 0.6079 | rollout: 0.704s | update: 0.025s | total: 0.729s | samples/s: 2922
Iteration 0012 | train reward: 6.08 | best: 6.08 | KL: 3.878e-05 | std: 0.6082 | rollout: 0.734s | update: 0.021s | total: 0.755s | samples/s: 2766
Iteration 0013 | train reward: 5.96 | best: 6.08 | KL: 2.916e-05 | std: 0.6085 | rollout: 0.542s | update: 0.025s | total: 0.567s | samples/s: 3589
Iteration 0014 | train reward: 6.04 | best: 6.08 | KL: 3.805e-05 | std: 0.6083 | rollout: 0.709s | update: 0.021s | total: 0.731s | samples/s: 2909
Iteration 0015 | train reward: 5.99 | best: 6.08 | KL: 2.765e-05 | std: 0.6078 | rollout: 0.721s | update: 0.020s | total: 0.741s | samples/s: 2874
Iteration 0016 | train reward: 6.21 | best: 6.21 | KL: 3.750e-05 | std: 0.6079 | rollout: 0.639s | update: 0.021s | total: 0.660s | samples/s: 3079
Iteration 0017 | train reward: 6.13 | best: 6.21 | KL: 2.397e-05 | std: 0.6082 | rollout: 0.733s | update: 0.023s | total: 0.756s | samples/s: 2897
Iteration 0018 | train reward: 6.33 | best: 6.33 | KL: 3.606e-05 | std: 0.6085 | rollout: 0.801s | update: 0.026s | total: 0.826s | samples/s: 2622
Iteration 0019 | train reward: 6.33 | best: 6.33 | KL: 3.006e-05 | std: 0.6088 | rollout: 0.772s | update: 0.019s | total: 0.791s | samples/s: 2610
Iteration 0020 | train reward: 6.47 | best: 6.47 | KL: 3.381e-05 | std: 0.6086 | rollout: 0.785s | update: 0.022s | total: 0.807s | samples/s: 2570
Iteration 0021 | train reward: 6.39 | best: 6.47 | KL: 2.720e-05 | std: 0.6085 | rollout: 0.764s | update: 0.022s | total: 0.786s | samples/s: 2694
Iteration 0022 | train reward: 6.36 | best: 6.47 | KL: 4.277e-05 | std: 0.6087 | rollout: 0.750s | update: 0.018s | total: 0.768s | samples/s: 2876
Iteration 0023 | train reward: 6.21 | best: 6.47 | KL: 3.408e-05 | std: 0.6084 | rollout: 0.575s | update: 0.017s | total: 0.593s | samples/s: 3457
Iteration 0024 | train reward: 6.76 | best: 6.76 | KL: 3.481e-05 | std: 0.6084 | rollout: 0.833s | update: 0.025s | total: 0.858s | samples/s: 2648
Iteration 0025 | train reward: 6.67 | best: 6.76 | KL: 3.473e-05 | std: 0.6081 | rollout: 0.798s | update: 0.025s | total: 0.823s | samples/s: 2592
Iteration 0026 | train reward: 6.26 | best: 6.76 | KL: 2.306e-05 | std: 0.6077 | rollout: 0.850s | update: 0.022s | total: 0.872s | samples/s: 2352
Iteration 0027 | train reward: 7.00 | best: 7.00 | KL: 6.148e-05 | std: 0.6077 | rollout: 0.832s | update: 0.020s | total: 0.852s | samples/s: 2488
Iteration 0028 | train reward: 7.00 | best: 7.00 | KL: 3.207e-05 | std: 0.6077 | rollout: 0.743s | update: 0.022s | total: 0.765s | samples/s: 2822
Iteration 0029 | train reward: 6.75 | best: 7.00 | KL: 4.203e-05 | std: 0.6075 | rollout: 0.803s | update: 0.018s | total: 0.821s | samples/s: 2647
Iteration 0030 | train reward: 7.41 | best: 7.41 | KL: 5.022e-05 | std: 0.6082 | rollout: 0.814s | update: 0.025s | total: 0.839s | samples/s: 2623
Iteration 0031 | train reward: 7.04 | best: 7.41 | KL: 3.486e-05 | std: 0.6080 | rollout: 0.690s | update: 0.018s | total: 0.708s | samples/s: 3010
Iteration 0032 | train reward: 7.42 | best: 7.42 | KL: 5.527e-05 | std: 0.6085 | rollout: 0.772s | update: 0.026s | total: 0.797s | samples/s: 2728
Iteration 0033 | train reward: 7.78 | best: 7.78 | KL: 5.387e-05 | std: 0.6089 | rollout: 0.797s | update: 0.020s | total: 0.817s | samples/s: 2683
Iteration 0034 | train reward: 7.35 | best: 7.78 | KL: 5.071e-05 | std: 0.6091 | rollout: 0.814s | update: 0.018s | total: 0.832s | samples/s: 2667
Iteration 0035 | train reward: 7.70 | best: 7.78 | KL: 5.560e-05 | std: 0.6091 | rollout: 0.882s | update: 0.019s | total: 0.901s | samples/s: 2486
Iteration 0036 | train reward: 7.31 | best: 7.78 | KL: 7.047e-05 | std: 0.6093 | rollout: 0.820s | update: 0.022s | total: 0.842s | samples/s: 2738
Iteration 0037 | train reward: 7.99 | best: 7.99 | KL: 6.336e-05 | std: 0.6088 | rollout: 0.978s | update: 0.029s | total: 1.007s | samples/s: 2366
Iteration 0038 | train reward: 8.27 | best: 8.27 | KL: 7.151e-05 | std: 0.6085 | rollout: 1.077s | update: 0.021s | total: 1.097s | samples/s: 2152
Iteration 0039 | train reward: 8.94 | best: 8.94 | KL: 7.823e-05 | std: 0.6084 | rollout: 1.186s | update: 0.020s | total: 1.206s | samples/s: 1970
Iteration 0040 | train reward: 8.61 | best: 8.94 | KL: 6.138e-05 | std: 0.6083 | rollout: 1.139s | update: 0.026s | total: 1.166s | samples/s: 2096
Iteration 0041 | train reward: 9.19 | best: 9.19 | KL: 7.072e-05 | std: 0.6080 | rollout: 1.052s | update: 0.024s | total: 1.075s | samples/s: 2320
Iteration 0042 | train reward: 8.45 | best: 9.19 | KL: 8.275e-05 | std: 0.6083 | rollout: 1.122s | update: 0.022s | total: 1.143s | samples/s: 2114
Iteration 0043 | train reward: 8.46 | best: 9.19 | KL: 4.163e-05 | std: 0.6083 | rollout: 0.929s | update: 0.027s | total: 0.956s | samples/s: 2426
Iteration 0044 | train reward: 9.57 | best: 9.57 | KL: 7.109e-05 | std: 0.6087 | rollout: 1.392s | update: 0.023s | total: 1.414s | samples/s: 1764
Iteration 0045 | train reward: 9.32 | best: 9.57 | KL: 7.557e-05 | std: 0.6088 | rollout: 0.961s | update: 0.020s | total: 0.981s | samples/s: 2481
Iteration 0046 | train reward: 9.97 | best: 9.97 | KL: 6.213e-05 | std: 0.6092 | rollout: 1.086s | update: 0.030s | total: 1.116s | samples/s: 2275
Iteration 0047 | train reward: 9.99 | best: 9.99 | KL: 7.819e-05 | std: 0.6094 | rollout: 1.052s | update: 0.023s | total: 1.075s | samples/s: 2415
Iteration 0048 | train reward: 10.29 | best: 10.29 | KL: 5.264e-05 | std: 0.6096 | rollout: 1.406s | update: 0.028s | total: 1.434s | samples/s: 1797
Iteration 0049 | train reward: 10.06 | best: 10.29 | KL: 6.973e-05 | std: 0.6097 | rollout: 0.982s | update: 0.022s | total: 1.004s | samples/s: 2531
Iteration 0050 | train reward: 11.17 | best: 11.17 | KL: 8.175e-05 | std: 0.6095 | rollout: 1.177s | update: 0.031s | total: 1.208s | samples/s: 2192
Iteration 0051 | train reward: 11.79 | best: 11.79 | KL: 8.099e-05 | std: 0.6092 | rollout: 1.446s | update: 0.033s | total: 1.479s | samples/s: 1858
Iteration 0052 | train reward: 11.46 | best: 11.79 | KL: 8.340e-05 | std: 0.6092 | rollout: 1.223s | update: 0.021s | total: 1.244s | samples/s: 2131
Iteration 0053 | train reward: 13.58 | best: 13.58 | KL: 1.134e-04 | std: 0.6090 | rollout: 1.690s | update: 0.031s | total: 1.721s | samples/s: 1744
Iteration 0054 | train reward: 13.18 | best: 13.58 | KL: 7.823e-05 | std: 0.6086 | rollout: 1.465s | update: 0.032s | total: 1.497s | samples/s: 1929
Iteration 0055 | train reward: 14.53 | best: 14.53 | KL: 1.285e-04 | std: 0.6087 | rollout: 1.216s | update: 0.030s | total: 1.246s | samples/s: 2413
Iteration 0056 | train reward: 15.19 | best: 15.19 | KL: 9.922e-05 | std: 0.6085 | rollout: 1.425s | update: 0.027s | total: 1.452s | samples/s: 2060
Iteration 0057 | train reward: 19.23 | best: 19.23 | KL: 1.439e-04 | std: 0.6083 | rollout: 1.846s | update: 0.035s | total: 1.881s | samples/s: 1832
Iteration 0058 | train reward: 21.33 | best: 21.33 | KL: 1.216e-04 | std: 0.6079 | rollout: 1.979s | update: 0.031s | total: 2.010s | samples/s: 1673
Iteration 0059 | train reward: 19.27 | best: 21.33 | KL: 9.182e-05 | std: 0.6082 | rollout: 1.924s | update: 0.029s | total: 1.953s | samples/s: 1700
Iteration 0060 | train reward: 17.40 | best: 21.33 | KL: 8.446e-05 | std: 0.6075 | rollout: 1.690s | update: 0.027s | total: 1.717s | samples/s: 1934
Iteration 0061 | train reward: 17.48 | best: 21.33 | KL: 9.844e-05 | std: 0.6079 | rollout: 1.924s | update: 0.036s | total: 1.961s | samples/s: 1628
Iteration 0062 | train reward: 22.03 | best: 22.03 | KL: 9.490e-05 | std: 0.6081 | rollout: 2.496s | update: 0.039s | total: 2.534s | samples/s: 1445
Iteration 0063 | train reward: 22.94 | best: 22.94 | KL: 1.183e-04 | std: 0.6082 | rollout: 2.260s | update: 0.031s | total: 2.291s | samples/s: 1628
Iteration 0064 | train reward: 29.09 | best: 29.09 | KL: 1.616e-04 | std: 0.6082 | rollout: 2.223s | update: 0.032s | total: 2.255s | samples/s: 1711
Iteration 0065 | train reward: 31.81 | best: 31.81 | KL: 1.297e-04 | std: 0.6078 | rollout: 2.953s | update: 0.041s | total: 2.994s | samples/s: 1439
Iteration 0066 | train reward: 30.12 | best: 31.81 | KL: 1.397e-04 | std: 0.6084 | rollout: 2.307s | update: 0.035s | total: 2.342s | samples/s: 1806
Iteration 0067 | train reward: 26.74 | best: 31.81 | KL: 1.336e-04 | std: 0.6083 | rollout: 1.739s | update: 0.034s | total: 1.773s | samples/s: 2206
Iteration 0068 | train reward: 33.99 | best: 33.99 | KL: 1.424e-04 | std: 0.6076 | rollout: 2.699s | update: 0.047s | total: 2.746s | samples/s: 1640
Iteration 0069 | train reward: 34.53 | best: 34.53 | KL: 1.655e-04 | std: 0.6071 | rollout: 1.893s | update: 0.042s | total: 1.936s | samples/s: 2249
Iteration 0070 | train reward: 35.70 | best: 35.70 | KL: 1.227e-04 | std: 0.6063 | rollout: 2.642s | update: 0.038s | total: 2.680s | samples/s: 1695
Iteration 0071 | train reward: 45.60 | best: 45.60 | KL: 2.116e-04 | std: 0.6065 | rollout: 2.575s | update: 0.042s | total: 2.616s | samples/s: 1935
Iteration 0072 | train reward: 44.76 | best: 45.60 | KL: 1.390e-04 | std: 0.6064 | rollout: 2.854s | update: 0.041s | total: 2.895s | samples/s: 1752
Iteration 0073 | train reward: 49.67 | best: 49.67 | KL: 1.623e-04 | std: 0.6071 | rollout: 1.572s | update: 0.050s | total: 1.622s | samples/s: 3324
Iteration 0074 | train reward: 55.63 | best: 55.63 | KL: 2.177e-04 | std: 0.6056 | rollout: 2.400s | update: 0.043s | total: 2.443s | samples/s: 2308
Iteration 0075 | train reward: 53.99 | best: 55.63 | KL: 2.041e-04 | std: 0.6050 | rollout: 2.983s | update: 0.055s | total: 3.038s | samples/s: 1856
Iteration 0076 | train reward: 55.61 | best: 55.63 | KL: 1.786e-04 | std: 0.6042 | rollout: 2.170s | update: 0.068s | total: 2.238s | samples/s: 2598
Iteration 0077 | train reward: 57.24 | best: 57.24 | KL: 1.806e-04 | std: 0.6041 | rollout: 3.392s | update: 0.049s | total: 3.441s | samples/s: 1705
Iteration 0078 | train reward: 65.02 | best: 65.02 | KL: 2.619e-04 | std: 0.6032 | rollout: 3.166s | update: 0.048s | total: 3.214s | samples/s: 1910
Iteration 0079 | train reward: 71.91 | best: 71.91 | KL: 2.233e-04 | std: 0.6028 | rollout: 2.710s | update: 0.045s | total: 2.754s | samples/s: 2344
Iteration 0080 | train reward: 74.70 | best: 74.70 | KL: 2.559e-04 | std: 0.6022 | rollout: 2.691s | update: 0.062s | total: 2.754s | samples/s: 2506
Iteration 0081 | train reward: 81.01 | best: 81.01 | KL: 2.048e-04 | std: 0.6019 | rollout: 3.291s | update: 0.057s | total: 3.349s | samples/s: 2155
Iteration 0082 | train reward: 86.02 | best: 86.02 | KL: 2.636e-04 | std: 0.6022 | rollout: 2.655s | update: 0.073s | total: 2.728s | samples/s: 2796
Iteration 0083 | train reward: 96.77 | best: 96.77 | KL: 2.518e-04 | std: 0.6015 | rollout: 4.465s | update: 0.063s | total: 4.528s | samples/s: 1817
Iteration 0084 | train reward: 93.90 | best: 96.77 | KL: 1.897e-04 | std: 0.6012 | rollout: 3.938s | update: 0.065s | total: 4.002s | samples/s: 2028
Iteration 0085 | train reward: 96.66 | best: 96.77 | KL: 3.256e-04 | std: 0.5999 | rollout: 2.770s | update: 0.055s | total: 2.825s | samples/s: 2884
Iteration 0086 | train reward: 107.74 | best: 107.74 | KL: 2.409e-04 | std: 0.5999 | rollout: 2.551s | update: 0.072s | total: 2.624s | samples/s: 3406
Iteration 0087 | train reward: 115.63 | best: 115.63 | KL: 3.387e-04 | std: 0.6002 | rollout: 4.959s | update: 0.065s | total: 5.023s | samples/s: 1891
Iteration 0088 | train reward: 125.04 | best: 125.04 | KL: 3.178e-04 | std: 0.5990 | rollout: 2.593s | update: 0.085s | total: 2.678s | samples/s: 3745
Iteration 0089 | train reward: 133.78 | best: 133.78 | KL: 3.678e-04 | std: 0.5996 | rollout: 4.057s | update: 0.082s | total: 4.139s | samples/s: 2547
Iteration 0090 | train reward: 121.78 | best: 133.78 | KL: 4.108e-04 | std: 0.5977 | rollout: 3.989s | update: 0.066s | total: 4.055s | samples/s: 2381
Iteration 0091 | train reward: 140.59 | best: 140.59 | KL: 4.173e-04 | std: 0.5981 | rollout: 5.014s | update: 0.103s | total: 5.117s | samples/s: 2115
Iteration 0092 | train reward: 146.57 | best: 146.57 | KL: 3.445e-04 | std: 0.5979 | rollout: 4.419s | update: 0.083s | total: 4.503s | samples/s: 2504
Iteration 0093 | train reward: 163.74 | best: 163.74 | KL: 3.399e-04 | std: 0.5976 | rollout: 5.313s | update: 0.103s | total: 5.415s | samples/s: 2286
Iteration 0094 | train reward: 166.82 | best: 166.82 | KL: 4.507e-04 | std: 0.5963 | rollout: 5.206s | update: 0.090s | total: 5.296s | samples/s: 2335
Iteration 0095 | train reward: 186.84 | best: 186.84 | KL: 4.996e-04 | std: 0.5959 | rollout: 5.535s | update: 0.084s | total: 5.619s | samples/s: 2415
Iteration 0096 | train reward: 187.56 | best: 187.56 | KL: 3.801e-04 | std: 0.5957 | rollout: 4.237s | update: 0.093s | total: 4.330s | samples/s: 3171
Iteration 0097 | train reward: 193.97 | best: 193.97 | KL: 5.333e-04 | std: 0.5959 | rollout: 4.048s | update: 0.105s | total: 4.153s | samples/s: 3451
Iteration 0098 | train reward: 216.03 | best: 216.03 | KL: 3.800e-04 | std: 0.5952 | rollout: 5.194s | update: 0.103s | total: 5.297s | samples/s: 2970
Iteration 0099 | train reward: 227.11 | best: 227.11 | KL: 4.243e-04 | std: 0.5952 | rollout: 6.364s | update: 0.117s | total: 6.481s | samples/s: 2477
Iteration 0100 | train reward: 232.04 | best: 232.04 | KL: 4.752e-04 | std: 0.5931 | rollout: 5.944s | update: 0.115s | total: 6.059s | samples/s: 2701
Iteration 0101 | train reward: 245.42 | best: 245.42 | KL: 5.063e-04 | std: 0.5919 | rollout: 5.414s | update: 0.149s | total: 5.564s | samples/s: 3129
Iteration 0102 | train reward: 249.29 | best: 249.29 | KL: 6.542e-04 | std: 0.5900 | rollout: 6.240s | update: 0.123s | total: 6.363s | samples/s: 2739
Iteration 0103 | train reward: 266.42 | best: 266.42 | KL: 4.769e-04 | std: 0.5879 | rollout: 5.955s | update: 0.143s | total: 6.098s | samples/s: 2987
Iteration 0104 | train reward: 279.74 | best: 279.74 | KL: 4.841e-04 | std: 0.5879 | rollout: 5.382s | update: 0.137s | total: 5.520s | samples/s: 3462
Iteration 0105 | train reward: 271.43 | best: 279.74 | KL: 5.399e-04 | std: 0.5872 | rollout: 5.491s | update: 0.127s | total: 5.618s | samples/s: 3330
Iteration 0106 | train reward: 287.49 | best: 287.49 | KL: 6.424e-04 | std: 0.5878 | rollout: 6.055s | update: 0.139s | total: 6.194s | samples/s: 3228
Iteration 0107 | train reward: 288.57 | best: 288.57 | KL: 4.628e-04 | std: 0.5874 | rollout: 8.877s | update: 0.160s | total: 9.036s | samples/s: 2199
Iteration 0108 | train reward: 298.12 | best: 298.12 | KL: 5.687e-04 | std: 0.5871 | rollout: 7.190s | update: 0.139s | total: 7.329s | samples/s: 2826
Iteration 0109 | train reward: 301.02 | best: 301.02 | KL: 4.795e-04 | std: 0.5871 | rollout: 7.450s | update: 0.130s | total: 7.579s | samples/s: 2749
Iteration 0110 | train reward: 306.97 | best: 306.97 | KL: 5.200e-04 | std: 0.5855 | rollout: 7.317s | update: 0.140s | total: 7.457s | samples/s: 2859
Iteration 0111 | train reward: 316.26 | best: 316.26 | KL: 7.042e-04 | std: 0.5846 | rollout: 5.541s | update: 0.152s | total: 5.693s | samples/s: 3833
Iteration 0112 | train reward: 315.57 | best: 316.26 | KL: 4.409e-04 | std: 0.5846 | rollout: 4.103s | update: 0.142s | total: 4.245s | samples/s: 5128
Iteration 0113 | train reward: 317.04 | best: 317.04 | KL: 4.107e-04 | std: 0.5828 | rollout: 5.913s | update: 0.178s | total: 6.091s | samples/s: 3595
Iteration 0114 | train reward: 319.87 | best: 319.87 | KL: 4.492e-04 | std: 0.5820 | rollout: 7.474s | update: 0.179s | total: 7.653s | samples/s: 2898
Iteration 0115 | train reward: 325.70 | best: 325.70 | KL: 5.358e-04 | std: 0.5821 | rollout: 4.476s | update: 0.141s | total: 4.616s | samples/s: 4917
Iteration 0116 | train reward: 331.93 | best: 331.93 | KL: 6.310e-04 | std: 0.5816 | rollout: 3.668s | update: 0.176s | total: 3.844s | samples/s: 5938
Iteration 0117 | train reward: 330.34 | best: 331.93 | KL: 5.015e-04 | std: 0.5811 | rollout: 3.730s | update: 0.175s | total: 3.905s | samples/s: 5875
Iteration 0118 | train reward: 341.06 | best: 341.06 | KL: 5.833e-04 | std: 0.5785 | rollout: 5.420s | update: 0.171s | total: 5.591s | samples/s: 4124
Iteration 0119 | train reward: 342.42 | best: 342.42 | KL: 7.151e-04 | std: 0.5795 | rollout: 6.554s | update: 0.164s | total: 6.718s | samples/s: 3564
Iteration 0120 | train reward: 344.48 | best: 344.48 | KL: 6.533e-04 | std: 0.5781 | rollout: 6.897s | update: 0.163s | total: 7.059s | samples/s: 3304
Iteration 0121 | train reward: 371.66 | best: 371.66 | KL: 7.285e-04 | std: 0.5786 | rollout: 6.798s | update: 0.200s | total: 6.998s | samples/s: 3614
Iteration 0122 | train reward: 374.63 | best: 374.63 | KL: 9.128e-04 | std: 0.5780 | rollout: 6.951s | update: 0.196s | total: 7.147s | samples/s: 3619
Iteration 0123 | train reward: 391.26 | best: 391.26 | KL: 7.028e-04 | std: 0.5777 | rollout: 11.294s | update: 0.220s | total: 11.515s | samples/s: 2303
Iteration 0124 | train reward: 397.84 | best: 397.84 | KL: 9.092e-04 | std: 0.5767 | rollout: 7.488s | update: 0.200s | total: 7.687s | samples/s: 3539
Iteration 0125 | train reward: 454.06 | best: 454.06 | KL: 1.014e-03 | std: 0.5742 | rollout: 7.808s | update: 0.192s | total: 8.000s | samples/s: 3706
Iteration 0126 | train reward: 480.20 | best: 480.20 | KL: 1.138e-03 | std: 0.5745 | rollout: 6.553s | update: 0.224s | total: 6.777s | samples/s: 4621
Iteration 0127 | train reward: 523.48 | best: 523.48 | KL: 9.657e-04 | std: 0.5741 | rollout: 12.996s | update: 0.260s | total: 13.256s | samples/s: 2566
Iteration 0128 | train reward: 531.08 | best: 531.08 | KL: 7.090e-04 | std: 0.5742 | rollout: 12.435s | update: 0.269s | total: 12.705s | samples/s: 2647
Iteration 0129 | train reward: 554.48 | best: 554.48 | KL: 1.480e-03 | std: 0.5729 | rollout: 7.258s | update: 0.219s | total: 7.477s | samples/s: 4701
Iteration 0130 | train reward: 538.31 | best: 554.48 | KL: 1.228e-03 | std: 0.5719 | rollout: 7.173s | update: 0.242s | total: 7.415s | samples/s: 4553
Iteration 0131 | train reward: 572.68 | best: 572.68 | KL: 1.013e-03 | std: 0.5702 | rollout: 9.509s | update: 0.249s | total: 9.758s | samples/s: 3613
Iteration 0132 | train reward: 646.88 | best: 646.88 | KL: 1.174e-03 | std: 0.5688 | rollout: 10.134s | update: 0.259s | total: 10.393s | samples/s: 3719
Iteration 0133 | train reward: 626.71 | best: 646.88 | KL: 1.284e-03 | std: 0.5687 | rollout: 13.406s | update: 0.249s | total: 13.655s | samples/s: 2787
Iteration 0134 | train reward: 717.04 | best: 717.04 | KL: 1.466e-03 | std: 0.5668 | rollout: 11.167s | update: 0.247s | total: 11.415s | samples/s: 3626
Iteration 0135 | train reward: 730.30 | best: 730.30 | KL: 1.108e-03 | std: 0.5649 | rollout: 9.795s | update: 0.279s | total: 10.074s | samples/s: 4230
Iteration 0136 | train reward: 803.57 | best: 803.57 | KL: 1.666e-03 | std: 0.5650 | rollout: 10.559s | update: 0.316s | total: 10.875s | samples/s: 4279
Iteration 0137 | train reward: 807.99 | best: 807.99 | KL: 1.668e-03 | std: 0.5652 | rollout: 10.828s | update: 0.280s | total: 11.109s | samples/s: 4216
Iteration 0138 | train reward: 858.68 | best: 858.68 | KL: 1.591e-03 | std: 0.5635 | rollout: 8.708s | update: 0.329s | total: 9.037s | samples/s: 5290
Iteration 0139 | train reward: 881.25 | best: 881.25 | KL: 1.428e-03 | std: 0.5651 | rollout: 12.253s | update: 0.348s | total: 12.601s | samples/s: 3902
Iteration 0140 | train reward: 910.72 | best: 910.72 | KL: 1.418e-03 | std: 0.5651 | rollout: 13.719s | update: 0.352s | total: 14.071s | samples/s: 3594
Iteration 0141 | train reward: 926.44 | best: 926.44 | KL: 1.539e-03 | std: 0.5633 | rollout: 13.440s | update: 0.323s | total: 13.763s | samples/s: 3607
Iteration 0142 | train reward: 986.24 | best: 986.24 | KL: 1.685e-03 | std: 0.5625 | rollout: 13.083s | update: 0.336s | total: 13.419s | samples/s: 3908
Iteration 0143 | train reward: 970.25 | best: 986.24 | KL: 2.353e-03 | std: 0.5599 | rollout: 13.026s | update: 0.309s | total: 13.335s | samples/s: 3864
Iteration 0144 | train reward: 1052.84 | best: 1052.84 | KL: 2.012e-03 | std: 0.5580 | rollout: 13.383s | update: 0.329s | total: 13.712s | samples/s: 4000
Iteration 0145 | train reward: 1055.26 | best: 1055.26 | KL: 1.835e-03 | std: 0.5572 | rollout: 9.218s | update: 0.389s | total: 9.606s | samples/s: 5588
Iteration 0146 | train reward: 1085.70 | best: 1085.70 | KL: 1.625e-03 | std: 0.5549 | rollout: 13.098s | update: 0.332s | total: 13.430s | samples/s: 4116
Iteration 0147 | train reward: 1091.93 | best: 1091.93 | KL: 1.576e-03 | std: 0.5529 | rollout: 13.160s | update: 0.333s | total: 13.493s | samples/s: 4030
Iteration 0148 | train reward: 1117.06 | best: 1117.06 | KL: 1.567e-03 | std: 0.5512 | rollout: 13.111s | update: 0.372s | total: 13.483s | samples/s: 4085
Iteration 0149 | train reward: 1084.92 | best: 1117.06 | KL: 1.251e-03 | std: 0.5521 | rollout: 13.874s | update: 0.390s | total: 14.264s | samples/s: 3783
Iteration 0150 | train reward: 1083.57 | best: 1117.06 | KL: 1.369e-03 | std: 0.5523 | rollout: 12.822s | update: 0.374s | total: 13.196s | samples/s: 3990
Iteration 0151 | train reward: 1161.80 | best: 1161.80 | KL: 1.768e-03 | std: 0.5528 | rollout: 8.224s | update: 0.327s | total: 8.550s | samples/s: 6496
Iteration 0152 | train reward: 1144.41 | best: 1161.80 | KL: 2.375e-03 | std: 0.5519 | rollout: 6.811s | update: 0.345s | total: 7.156s | samples/s: 7776
Iteration 0153 | train reward: 1176.32 | best: 1176.32 | KL: 2.603e-03 | std: 0.5504 | rollout: 13.537s | update: 0.349s | total: 13.886s | samples/s: 4068
Iteration 0154 | train reward: 1113.54 | best: 1176.32 | KL: 1.792e-03 | std: 0.5497 | rollout: 13.672s | update: 0.322s | total: 13.994s | samples/s: 3789
Iteration 0155 | train reward: 1195.33 | best: 1195.33 | KL: 1.659e-03 | std: 0.5488 | rollout: 12.813s | update: 0.356s | total: 13.170s | samples/s: 4344
Iteration 0156 | train reward: 1186.53 | best: 1195.33 | KL: 1.645e-03 | std: 0.5494 | rollout: 14.258s | update: 0.332s | total: 14.590s | samples/s: 3814
Iteration 0157 | train reward: 1179.14 | best: 1195.33 | KL: 1.737e-03 | std: 0.5467 | rollout: 13.209s | update: 0.372s | total: 13.581s | samples/s: 4052
Iteration 0158 | train reward: 1169.84 | best: 1195.33 | KL: 1.356e-03 | std: 0.5443 | rollout: 13.802s | update: 0.335s | total: 14.138s | samples/s: 3853
Iteration 0159 | train reward: 1264.59 | best: 1264.59 | KL: 1.391e-03 | std: 0.5434 | rollout: 13.655s | update: 0.342s | total: 13.996s | samples/s: 4220
Iteration 0160 | train reward: 1235.82 | best: 1264.59 | KL: 2.443e-03 | std: 0.5426 | rollout: 12.417s | update: 0.350s | total: 12.768s | samples/s: 4517
Iteration 0161 | train reward: 1259.31 | best: 1264.59 | KL: 2.158e-03 | std: 0.5435 | rollout: 10.208s | update: 0.359s | total: 10.568s | samples/s: 5486
Iteration 0162 | train reward: 1252.20 | best: 1264.59 | KL: 1.833e-03 | std: 0.5417 | rollout: 13.731s | update: 0.351s | total: 14.082s | samples/s: 4027
Iteration 0163 | train reward: 1274.40 | best: 1274.40 | KL: 2.048e-03 | std: 0.5417 | rollout: 12.197s | update: 0.359s | total: 12.555s | samples/s: 4569
Iteration 0164 | train reward: 1270.21 | best: 1274.40 | KL: 1.662e-03 | std: 0.5443 | rollout: 13.173s | update: 0.383s | total: 13.556s | samples/s: 4197
Iteration 0165 | train reward: 1261.54 | best: 1274.40 | KL: 1.337e-03 | std: 0.5419 | rollout: 13.171s | update: 0.384s | total: 13.555s | samples/s: 4156
Iteration 0166 | train reward: 1234.14 | best: 1274.40 | KL: 1.771e-03 | std: 0.5434 | rollout: 14.205s | update: 0.375s | total: 14.581s | samples/s: 3797
Iteration 0167 | train reward: 1265.91 | best: 1274.40 | KL: 1.694e-03 | std: 0.5419 | rollout: 13.072s | update: 0.356s | total: 13.428s | samples/s: 4221
Iteration 0168 | train reward: 1317.14 | best: 1317.14 | KL: 1.574e-03 | std: 0.5417 | rollout: 13.377s | update: 0.392s | total: 13.769s | samples/s: 4269
Iteration 0169 | train reward: 1265.22 | best: 1317.14 | KL: 1.852e-03 | std: 0.5419 | rollout: 13.512s | update: 0.371s | total: 13.882s | samples/s: 4037
Iteration 0170 | train reward: 1300.78 | best: 1317.14 | KL: 1.629e-03 | std: 0.5434 | rollout: 13.452s | update: 0.418s | total: 13.870s | samples/s: 4173
Iteration 0171 | train reward: 1313.89 | best: 1317.14 | KL: 2.176e-03 | std: 0.5424 | rollout: 13.438s | update: 0.420s | total: 13.858s | samples/s: 4215
Iteration 0172 | train reward: 1324.68 | best: 1324.68 | KL: 1.819e-03 | std: 0.5417 | rollout: 11.654s | update: 0.396s | total: 12.050s | samples/s: 4877
Iteration 0173 | train reward: 1349.88 | best: 1349.88 | KL: 2.441e-03 | std: 0.5418 | rollout: 13.354s | update: 0.356s | total: 13.710s | samples/s: 4358
Iteration 0174 | train reward: 1314.12 | best: 1349.88 | KL: 1.981e-03 | std: 0.5417 | rollout: 13.092s | update: 0.388s | total: 13.480s | samples/s: 4340
Iteration 0175 | train reward: 1323.84 | best: 1349.88 | KL: 2.002e-03 | std: 0.5414 | rollout: 13.336s | update: 0.355s | total: 13.691s | samples/s: 4262
Iteration 0176 | train reward: 1344.55 | best: 1349.88 | KL: 2.324e-03 | std: 0.5390 | rollout: 10.732s | update: 0.434s | total: 11.166s | samples/s: 5329
Iteration 0177 | train reward: 1355.98 | best: 1355.98 | KL: 1.822e-03 | std: 0.5372 | rollout: 8.334s | update: 0.375s | total: 8.709s | samples/s: 6871
Iteration 0178 | train reward: 1351.85 | best: 1355.98 | KL: 1.611e-03 | std: 0.5356 | rollout: 13.181s | update: 0.446s | total: 13.627s | samples/s: 4435
Iteration 0179 | train reward: 1358.81 | best: 1358.81 | KL: 1.861e-03 | std: 0.5358 | rollout: 13.980s | update: 0.364s | total: 14.344s | samples/s: 4189
Iteration 0180 | train reward: 1322.53 | best: 1358.81 | KL: 1.771e-03 | std: 0.5339 | rollout: 13.638s | update: 0.440s | total: 14.078s | samples/s: 4123
Iteration 0181 | train reward: 1349.14 | best: 1358.81 | KL: 1.901e-03 | std: 0.5346 | rollout: 14.257s | update: 0.374s | total: 14.632s | samples/s: 4050
Iteration 0182 | train reward: 1370.20 | best: 1370.20 | KL: 1.574e-03 | std: 0.5356 | rollout: 13.905s | update: 0.422s | total: 14.326s | samples/s: 4214
Iteration 0183 | train reward: 1349.73 | best: 1370.20 | KL: 1.882e-03 | std: 0.5339 | rollout: 13.108s | update: 0.403s | total: 13.511s | samples/s: 4406
Iteration 0184 | train reward: 1361.34 | best: 1370.20 | KL: 1.836e-03 | std: 0.5339 | rollout: 12.992s | update: 0.381s | total: 13.373s | samples/s: 4473
Iteration 0185 | train reward: 1352.31 | best: 1370.20 | KL: 1.950e-03 | std: 0.5337 | rollout: 13.362s | update: 0.348s | total: 13.711s | samples/s: 4302
Iteration 0186 | train reward: 1357.86 | best: 1370.20 | KL: 1.305e-03 | std: 0.5320 | rollout: 13.584s | update: 0.384s | total: 13.968s | samples/s: 4247
Iteration 0187 | train reward: 1363.54 | best: 1370.20 | KL: 1.613e-03 | std: 0.5330 | rollout: 13.188s | update: 0.348s | total: 13.536s | samples/s: 4369
Iteration 0188 | train reward: 1367.05 | best: 1370.20 | KL: 1.827e-03 | std: 0.5330 | rollout: 13.762s | update: 0.371s | total: 14.133s | samples/s: 4197
Iteration 0189 | train reward: 1349.94 | best: 1370.20 | KL: 1.315e-03 | std: 0.5339 | rollout: 13.816s | update: 0.415s | total: 14.232s | samples/s: 4097
Iteration 0190 | train reward: 1394.51 | best: 1394.51 | KL: 1.165e-03 | std: 0.5340 | rollout: 12.158s | update: 0.386s | total: 12.544s | samples/s: 4816
Iteration 0191 | train reward: 1364.49 | best: 1394.51 | KL: 1.899e-03 | std: 0.5312 | rollout: 13.684s | update: 0.384s | total: 14.068s | samples/s: 4216
Iteration 0192 | train reward: 1396.49 | best: 1396.49 | KL: 1.837e-03 | std: 0.5331 | rollout: 12.991s | update: 0.399s | total: 13.390s | samples/s: 4546
Iteration 0193 | train reward: 1373.52 | best: 1396.49 | KL: 1.515e-03 | std: 0.5338 | rollout: 13.687s | update: 0.393s | total: 14.079s | samples/s: 4214
Iteration 0194 | train reward: 1379.53 | best: 1396.49 | KL: 1.532e-03 | std: 0.5336 | rollout: 13.236s | update: 0.407s | total: 13.643s | samples/s: 4348
Iteration 0195 | train reward: 1400.28 | best: 1400.28 | KL: 1.774e-03 | std: 0.5331 | rollout: 12.587s | update: 0.386s | total: 12.973s | samples/s: 4623
Iteration 0196 | train reward: 1393.40 | best: 1400.28 | KL: 2.398e-03 | std: 0.5312 | rollout: 10.051s | update: 0.408s | total: 10.459s | samples/s: 5737
Iteration 0197 | train reward: 1403.49 | best: 1403.49 | KL: 1.935e-03 | std: 0.5304 | rollout: 12.690s | update: 0.374s | total: 13.064s | samples/s: 4631
Iteration 0198 | train reward: 1416.94 | best: 1416.94 | KL: 1.859e-03 | std: 0.5293 | rollout: 13.424s | update: 0.399s | total: 13.823s | samples/s: 4370
Iteration 0199 | train reward: 1403.48 | best: 1416.94 | KL: 1.654e-03 | std: 0.5278 | rollout: 13.840s | update: 0.393s | total: 14.233s | samples/s: 4216
Iteration 0200 | train reward: 1401.82 | best: 1416.94 | KL: 1.686e-03 | std: 0.5284 | rollout: 12.489s | update: 0.372s | total: 12.861s | samples/s: 4660
Iteration 0201 | train reward: 1392.11 | best: 1416.94 | KL: 1.847e-03 | std: 0.5286 | rollout: 13.515s | update: 0.392s | total: 13.908s | samples/s: 4268
Iteration 0202 | train reward: 1385.62 | best: 1416.94 | KL: 2.009e-03 | std: 0.5284 | rollout: 13.255s | update: 0.361s | total: 13.616s | samples/s: 4343
Iteration 0203 | train reward: 1398.90 | best: 1416.94 | KL: 2.126e-03 | std: 0.5269 | rollout: 11.246s | update: 0.406s | total: 11.652s | samples/s: 5106
Iteration 0204 | train reward: 1414.53 | best: 1416.94 | KL: 2.227e-03 | std: 0.5261 | rollout: 13.918s | update: 0.391s | total: 14.309s | samples/s: 4209
Iteration 0205 | train reward: 1393.80 | best: 1416.94 | KL: 2.015e-03 | std: 0.5262 | rollout: 13.077s | update: 0.381s | total: 13.459s | samples/s: 4418
Iteration 0206 | train reward: 1401.77 | best: 1416.94 | KL: 1.866e-03 | std: 0.5252 | rollout: 14.097s | update: 0.380s | total: 14.478s | samples/s: 4133
Iteration 0207 | train reward: 1404.33 | best: 1416.94 | KL: 1.999e-03 | std: 0.5234 | rollout: 12.986s | update: 0.401s | total: 13.386s | samples/s: 4489
Iteration 0208 | train reward: 1416.84 | best: 1416.94 | KL: 2.209e-03 | std: 0.5237 | rollout: 10.223s | update: 0.373s | total: 10.596s | samples/s: 5686
Iteration 0209 | train reward: 1412.55 | best: 1416.94 | KL: 1.875e-03 | std: 0.5241 | rollout: 9.519s | update: 0.367s | total: 9.886s | samples/s: 6100
Iteration 0210 | train reward: 1416.89 | best: 1416.94 | KL: 2.259e-03 | std: 0.5254 | rollout: 13.687s | update: 0.376s | total: 14.063s | samples/s: 4278
Iteration 0211 | train reward: 1438.21 | best: 1438.21 | KL: 2.417e-03 | std: 0.5243 | rollout: 10.053s | update: 0.378s | total: 10.431s | samples/s: 5877
Iteration 0212 | train reward: 1454.68 | best: 1454.68 | KL: 2.377e-03 | std: 0.5260 | rollout: 10.231s | update: 0.379s | total: 10.609s | samples/s: 5846
Iteration 0213 | train reward: 1453.21 | best: 1454.68 | KL: 1.817e-03 | std: 0.5262 | rollout: 13.783s | update: 0.399s | total: 14.182s | samples/s: 4356
Iteration 0214 | train reward: 1447.91 | best: 1454.68 | KL: 1.588e-03 | std: 0.5260 | rollout: 12.534s | update: 0.402s | total: 12.935s | samples/s: 4744
Iteration 0215 | train reward: 1454.42 | best: 1454.68 | KL: 1.970e-03 | std: 0.5253 | rollout: 13.268s | update: 0.414s | total: 13.682s | samples/s: 4496
Iteration 0216 | train reward: 1431.34 | best: 1454.68 | KL: 1.907e-03 | std: 0.5253 | rollout: 13.528s | update: 0.441s | total: 13.969s | samples/s: 4330
Iteration 0217 | train reward: 1448.39 | best: 1454.68 | KL: 2.472e-03 | std: 0.5235 | rollout: 13.442s | update: 0.375s | total: 13.817s | samples/s: 4422
Iteration 0218 | train reward: 1432.34 | best: 1454.68 | KL: 1.575e-03 | std: 0.5234 | rollout: 13.125s | update: 0.395s | total: 13.520s | samples/s: 4463
Iteration 0219 | train reward: 1455.87 | best: 1455.87 | KL: 2.377e-03 | std: 0.5234 | rollout: 13.132s | update: 0.398s | total: 13.530s | samples/s: 4552
Iteration 0220 | train reward: 1468.06 | best: 1468.06 | KL: 1.779e-03 | std: 0.5217 | rollout: 12.324s | update: 0.417s | total: 12.740s | samples/s: 4867
Iteration 0221 | train reward: 1457.10 | best: 1468.06 | KL: 1.329e-03 | std: 0.5208 | rollout: 13.168s | update: 0.364s | total: 13.531s | samples/s: 4547
Iteration 0222 | train reward: 1462.24 | best: 1468.06 | KL: 2.123e-03 | std: 0.5227 | rollout: 12.814s | update: 0.378s | total: 13.192s | samples/s: 4687
Iteration 0223 | train reward: 1451.44 | best: 1468.06 | KL: 1.688e-03 | std: 0.5227 | rollout: 13.359s | update: 0.429s | total: 13.788s | samples/s: 4449
Iteration 0224 | train reward: 1449.83 | best: 1468.06 | KL: 2.531e-03 | std: 0.5234 | rollout: 13.130s | update: 0.431s | total: 13.562s | samples/s: 4496
Iteration 0225 | train reward: 1466.51 | best: 1468.06 | KL: 2.199e-03 | std: 0.5241 | rollout: 14.040s | update: 0.379s | total: 14.419s | samples/s: 4300
Iteration 0226 | train reward: 1456.85 | best: 1468.06 | KL: 1.680e-03 | std: 0.5241 | rollout: 6.798s | update: 0.377s | total: 7.175s | samples/s: 8600
Iteration 0227 | train reward: 1440.41 | best: 1468.06 | KL: 1.891e-03 | std: 0.5258 | rollout: 7.478s | update: 0.364s | total: 7.841s | samples/s: 7789
Iteration 0228 | train reward: 1460.12 | best: 1468.06 | KL: 1.733e-03 | std: 0.5253 | rollout: 12.916s | update: 0.387s | total: 13.304s | samples/s: 4632
Iteration 0229 | train reward: 1442.52 | best: 1468.06 | KL: 2.097e-03 | std: 0.5235 | rollout: 12.194s | update: 0.370s | total: 12.564s | samples/s: 4850
Iteration 0230 | train reward: 1445.99 | best: 1468.06 | KL: 1.643e-03 | std: 0.5226 | rollout: 13.702s | update: 0.402s | total: 14.103s | samples/s: 4334
Iteration 0231 | train reward: 1446.97 | best: 1468.06 | KL: 1.540e-03 | std: 0.5226 | rollout: 12.383s | update: 0.370s | total: 12.752s | samples/s: 4790
Iteration 0232 | train reward: 1449.51 | best: 1468.06 | KL: 1.477e-03 | std: 0.5215 | rollout: 13.932s | update: 0.408s | total: 14.339s | samples/s: 4261
Iteration 0233 | train reward: 1429.14 | best: 1468.06 | KL: 1.809e-03 | std: 0.5208 | rollout: 13.059s | update: 0.383s | total: 13.442s | samples/s: 4482
Iteration 0234 | train reward: 1452.50 | best: 1468.06 | KL: 2.373e-03 | std: 0.5201 | rollout: 11.891s | update: 0.398s | total: 12.289s | samples/s: 4964
Iteration 0235 | train reward: 1469.82 | best: 1469.82 | KL: 2.324e-03 | std: 0.5200 | rollout: 12.450s | update: 0.369s | total: 12.819s | samples/s: 4804
Iteration 0236 | train reward: 1440.46 | best: 1469.82 | KL: 2.741e-03 | std: 0.5200 | rollout: 13.449s | update: 0.393s | total: 13.842s | samples/s: 4367
Iteration 0237 | train reward: 1463.33 | best: 1469.82 | KL: 2.178e-03 | std: 0.5174 | rollout: 13.608s | update: 0.392s | total: 14.000s | samples/s: 4391
Iteration 0238 | train reward: 1436.68 | best: 1469.82 | KL: 2.193e-03 | std: 0.5165 | rollout: 13.463s | update: 0.372s | total: 13.835s | samples/s: 4359
Iteration 0239 | train reward: 1438.35 | best: 1469.82 | KL: 1.629e-03 | std: 0.5158 | rollout: 14.009s | update: 0.366s | total: 14.376s | samples/s: 4230
Iteration 0240 | train reward: 1453.11 | best: 1469.82 | KL: 2.181e-03 | std: 0.5173 | rollout: 13.568s | update: 0.377s | total: 13.945s | samples/s: 4398
Iteration 0241 | train reward: 1483.14 | best: 1483.14 | KL: 2.519e-03 | std: 0.5191 | rollout: 13.166s | update: 0.426s | total: 13.592s | samples/s: 4578
Iteration 0242 | train reward: 1475.73 | best: 1483.14 | KL: 2.282e-03 | std: 0.5180 | rollout: 9.525s | update: 0.397s | total: 9.922s | samples/s: 6244
Iteration 0243 | train reward: 1462.43 | best: 1483.14 | KL: 2.351e-03 | std: 0.5158 | rollout: 9.311s | update: 0.368s | total: 9.679s | samples/s: 6339
Iteration 0244 | train reward: 1468.68 | best: 1483.14 | KL: 1.810e-03 | std: 0.5156 | rollout: 10.810s | update: 0.457s | total: 11.268s | samples/s: 5472
Iteration 0245 | train reward: 1473.04 | best: 1483.14 | KL: 2.097e-03 | std: 0.5148 | rollout: 12.807s | update: 0.378s | total: 13.185s | samples/s: 4692
Iteration 0246 | train reward: 1458.49 | best: 1483.14 | KL: 2.060e-03 | std: 0.5137 | rollout: 12.218s | update: 0.420s | total: 12.639s | samples/s: 4827
Iteration 0247 | train reward: 1463.18 | best: 1483.14 | KL: 1.687e-03 | std: 0.5128 | rollout: 9.868s | update: 0.405s | total: 10.273s | samples/s: 5967
Iteration 0248 | train reward: 1496.05 | best: 1496.05 | KL: 2.090e-03 | std: 0.5104 | rollout: 8.501s | update: 0.402s | total: 8.903s | samples/s: 6969
Iteration 0249 | train reward: 1471.24 | best: 1496.05 | KL: 2.054e-03 | std: 0.5104 | rollout: 12.366s | update: 0.387s | total: 12.753s | samples/s: 4807
Iteration 0250 | train reward: 1468.14 | best: 1496.05 | KL: 1.765e-03 | std: 0.5096 | rollout: 13.486s | update: 0.409s | total: 13.894s | samples/s: 4418
Iteration 0251 | train reward: 1465.79 | best: 1496.05 | KL: 2.166e-03 | std: 0.5095 | rollout: 12.971s | update: 0.391s | total: 13.362s | samples/s: 4565
Iteration 0252 | train reward: 1482.46 | best: 1496.05 | KL: 2.052e-03 | std: 0.5104 | rollout: 12.430s | update: 0.394s | total: 12.824s | samples/s: 4808
Iteration 0253 | train reward: 1468.38 | best: 1496.05 | KL: 2.293e-03 | std: 0.5123 | rollout: 11.256s | update: 0.398s | total: 11.654s | samples/s: 5254
Iteration 0254 | train reward: 1495.66 | best: 1496.05 | KL: 1.777e-03 | std: 0.5111 | rollout: 13.050s | update: 0.416s | total: 13.466s | samples/s: 4642
Iteration 0255 | train reward: 1492.52 | best: 1496.05 | KL: 2.310e-03 | std: 0.5104 | rollout: 11.960s | update: 0.403s | total: 12.363s | samples/s: 5036
Iteration 0256 | train reward: 1508.54 | best: 1508.54 | KL: 2.075e-03 | std: 0.5105 | rollout: 13.524s | update: 0.382s | total: 13.905s | samples/s: 4513
Iteration 0257 | train reward: 1501.49 | best: 1508.54 | KL: 2.635e-03 | std: 0.5113 | rollout: 13.752s | update: 0.374s | total: 14.125s | samples/s: 4422
Iteration 0258 | train reward: 1488.59 | best: 1508.54 | KL: 2.335e-03 | std: 0.5139 | rollout: 14.010s | update: 0.370s | total: 14.380s | samples/s: 4281
Iteration 0259 | train reward: 1496.88 | best: 1508.54 | KL: 2.440e-03 | std: 0.5154 | rollout: 13.473s | update: 0.405s | total: 13.878s | samples/s: 4467
Iteration 0260 | train reward: 1491.40 | best: 1508.54 | KL: 1.624e-03 | std: 0.5132 | rollout: 13.808s | update: 0.429s | total: 14.237s | samples/s: 4346
Iteration 0261 | train reward: 1495.22 | best: 1508.54 | KL: 2.514e-03 | std: 0.5149 | rollout: 13.490s | update: 0.415s | total: 13.905s | samples/s: 4453
Iteration 0262 | train reward: 1476.90 | best: 1508.54 | KL: 2.305e-03 | std: 0.5156 | rollout: 13.584s | update: 0.420s | total: 14.004s | samples/s: 4387
Iteration 0263 | train reward: 1497.12 | best: 1508.54 | KL: 2.621e-03 | std: 0.5147 | rollout: 9.879s | update: 0.396s | total: 10.275s | samples/s: 6036
Iteration 0264 | train reward: 1431.82 | best: 1508.54 | KL: 1.863e-03 | std: 0.5147 | rollout: 10.598s | update: 0.360s | total: 10.958s | samples/s: 5374
Iteration 0265 | train reward: 1468.18 | best: 1508.54 | KL: 1.899e-03 | std: 0.5130 | rollout: 12.653s | update: 0.411s | total: 13.064s | samples/s: 4615
Iteration 0266 | train reward: 1473.90 | best: 1508.54 | KL: 1.598e-03 | std: 0.5123 | rollout: 12.984s | update: 0.389s | total: 13.373s | samples/s: 4525
Iteration 0267 | train reward: 1481.95 | best: 1508.54 | KL: 2.264e-03 | std: 0.5131 | rollout: 13.664s | update: 0.409s | total: 14.074s | samples/s: 4318
Iteration 0268 | train reward: 1480.89 | best: 1508.54 | KL: 2.358e-03 | std: 0.5131 | rollout: 13.332s | update: 0.379s | total: 13.711s | samples/s: 4416
Iteration 0269 | train reward: 1496.99 | best: 1508.54 | KL: 2.928e-03 | std: 0.5157 | rollout: 13.537s | update: 0.393s | total: 13.930s | samples/s: 4415
Iteration 0270 | train reward: 1472.33 | best: 1508.54 | KL: 1.894e-03 | std: 0.5156 | rollout: 8.780s | update: 0.374s | total: 9.153s | samples/s: 6630
Iteration 0271 | train reward: 1490.47 | best: 1508.54 | KL: 2.319e-03 | std: 0.5147 | rollout: 12.867s | update: 0.379s | total: 13.246s | samples/s: 4609
Iteration 0272 | train reward: 1504.00 | best: 1508.54 | KL: 2.390e-03 | std: 0.5139 | rollout: 13.272s | update: 0.379s | total: 13.650s | samples/s: 4512
Iteration 0273 | train reward: 1482.58 | best: 1508.54 | KL: 2.739e-03 | std: 0.5154 | rollout: 13.089s | update: 0.372s | total: 13.460s | samples/s: 4521
Iteration 0274 | train reward: 1494.94 | best: 1508.54 | KL: 1.653e-03 | std: 0.5139 | rollout: 12.175s | update: 0.375s | total: 12.550s | samples/s: 4901
Iteration 0275 | train reward: 1498.28 | best: 1508.54 | KL: 2.447e-03 | std: 0.5149 | rollout: 13.227s | update: 0.422s | total: 13.649s | samples/s: 4529
Iteration 0276 | train reward: 1477.15 | best: 1508.54 | KL: 2.259e-03 | std: 0.5156 | rollout: 13.227s | update: 0.394s | total: 13.621s | samples/s: 4488
Iteration 0277 | train reward: 1500.59 | best: 1508.54 | KL: 3.018e-03 | std: 0.5182 | rollout: 10.917s | update: 0.446s | total: 11.363s | samples/s: 5434
Iteration 0278 | train reward: 1500.25 | best: 1508.54 | KL: 1.550e-03 | std: 0.5158 | rollout: 12.253s | update: 0.366s | total: 12.619s | samples/s: 4890
Iteration 0279 | train reward: 1480.33 | best: 1508.54 | KL: 2.714e-03 | std: 0.5156 | rollout: 13.585s | update: 0.396s | total: 13.980s | samples/s: 4354
Iteration 0280 | train reward: 1508.28 | best: 1508.54 | KL: 2.625e-03 | std: 0.5165 | rollout: 13.243s | update: 0.429s | total: 13.672s | samples/s: 4527
Iteration 0281 | train reward: 1495.97 | best: 1508.54 | KL: 2.366e-03 | std: 0.5181 | rollout: 12.961s | update: 0.432s | total: 13.393s | samples/s: 4599
Iteration 0282 | train reward: 1516.49 | best: 1516.49 | KL: 2.541e-03 | std: 0.5191 | rollout: 12.514s | update: 0.375s | total: 12.890s | samples/s: 4813
Iteration 0283 | train reward: 1513.09 | best: 1516.49 | KL: 1.866e-03 | std: 0.5189 | rollout: 12.149s | update: 0.392s | total: 12.540s | samples/s: 4960
Iteration 0284 | train reward: 1522.45 | best: 1522.45 | KL: 2.280e-03 | std: 0.5191 | rollout: 13.557s | update: 0.367s | total: 13.923s | samples/s: 4488
Iteration 0285 | train reward: 1523.99 | best: 1523.99 | KL: 1.817e-03 | std: 0.5200 | rollout: 13.510s | update: 0.378s | total: 13.888s | samples/s: 4511
Iteration 0286 | train reward: 1500.66 | best: 1523.99 | KL: 2.451e-03 | std: 0.5201 | rollout: 12.460s | update: 0.418s | total: 12.878s | samples/s: 4820
Iteration 0287 | train reward: 1496.36 | best: 1523.99 | KL: 2.882e-03 | std: 0.5206 | rollout: 11.540s | update: 0.420s | total: 11.960s | samples/s: 5165
Iteration 0288 | train reward: 1516.11 | best: 1523.99 | KL: 2.488e-03 | std: 0.5210 | rollout: 13.129s | update: 0.378s | total: 13.507s | samples/s: 4624
Iteration 0289 | train reward: 1507.05 | best: 1523.99 | KL: 2.623e-03 | std: 0.5210 | rollout: 12.928s | update: 0.399s | total: 13.328s | samples/s: 4656
Iteration 0290 | train reward: 1492.37 | best: 1523.99 | KL: 2.997e-03 | std: 0.5210 | rollout: 12.764s | update: 0.385s | total: 13.150s | samples/s: 4678
Iteration 0291 | train reward: 1503.42 | best: 1523.99 | KL: 2.785e-03 | std: 0.5226 | rollout: 13.545s | update: 0.399s | total: 13.944s | samples/s: 4453
Iteration 0292 | train reward: 1498.61 | best: 1523.99 | KL: 2.464e-03 | std: 0.5234 | rollout: 12.684s | update: 0.403s | total: 13.086s | samples/s: 4730
Iteration 0293 | train reward: 1488.72 | best: 1523.99 | KL: 2.732e-03 | std: 0.5252 | rollout: 13.737s | update: 0.405s | total: 14.141s | samples/s: 4333
Iteration 0294 | train reward: 1518.26 | best: 1523.99 | KL: 2.680e-03 | std: 0.5243 | rollout: 13.763s | update: 0.412s | total: 14.174s | samples/s: 4434
Iteration 0295 | train reward: 1507.20 | best: 1523.99 | KL: 3.038e-03 | std: 0.5217 | rollout: 12.904s | update: 0.416s | total: 13.320s | samples/s: 4649
Iteration 0296 | train reward: 1522.56 | best: 1523.99 | KL: 3.168e-03 | std: 0.5210 | rollout: 12.928s | update: 0.386s | total: 13.314s | samples/s: 4698
Iteration 0297 | train reward: 1519.29 | best: 1523.99 | KL: 2.088e-03 | std: 0.5227 | rollout: 13.042s | update: 0.448s | total: 13.490s | samples/s: 4634
Iteration 0298 | train reward: 1509.60 | best: 1523.99 | KL: 2.733e-03 | std: 0.5207 | rollout: 13.450s | update: 0.357s | total: 13.808s | samples/s: 4492
Iteration 0299 | train reward: 1515.22 | best: 1523.99 | KL: 1.691e-03 | std: 0.5191 | rollout: 13.360s | update: 0.389s | total: 13.748s | samples/s: 4534
Iteration 0300 | train reward: 1523.28 | best: 1523.99 | KL: 2.353e-03 | std: 0.5189 | rollout: 12.759s | update: 0.408s | total: 13.167s | samples/s: 4752
Iteration 0301 | train reward: 1495.40 | best: 1523.99 | KL: 3.748e-03 | std: 0.5208 | rollout: 13.714s | update: 0.390s | total: 14.103s | samples/s: 4348
Iteration 0302 | train reward: 1490.62 | best: 1523.99 | KL: 3.064e-03 | std: 0.5199 | rollout: 10.732s | update: 0.392s | total: 11.124s | samples/s: 5492
Iteration 0303 | train reward: 1512.44 | best: 1523.99 | KL: 2.609e-03 | std: 0.5200 | rollout: 12.666s | update: 0.384s | total: 13.050s | samples/s: 4742
Iteration 0304 | train reward: 1506.54 | best: 1523.99 | KL: 2.337e-03 | std: 0.5206 | rollout: 12.824s | update: 0.392s | total: 13.216s | samples/s: 4667
Iteration 0305 | train reward: 1496.47 | best: 1523.99 | KL: 2.615e-03 | std: 0.5208 | rollout: 13.796s | update: 0.389s | total: 14.185s | samples/s: 4325
Iteration 0306 | train reward: 1516.66 | best: 1523.99 | KL: 3.360e-03 | std: 0.5208 | rollout: 9.934s | update: 0.421s | total: 10.354s | samples/s: 5987
Iteration 0307 | train reward: 1514.14 | best: 1523.99 | KL: 2.834e-03 | std: 0.5206 | rollout: 11.239s | update: 0.363s | total: 11.602s | samples/s: 5363
Iteration 0308 | train reward: 1505.52 | best: 1523.99 | KL: 2.276e-03 | std: 0.5184 | rollout: 12.446s | update: 0.379s | total: 12.825s | samples/s: 4820
Iteration 0309 | train reward: 1517.00 | best: 1523.99 | KL: 2.833e-03 | std: 0.5165 | rollout: 9.419s | update: 0.403s | total: 9.822s | samples/s: 6365
Iteration 0310 | train reward: 1512.12 | best: 1523.99 | KL: 2.298e-03 | std: 0.5174 | rollout: 9.969s | update: 0.405s | total: 10.375s | samples/s: 5974
Iteration 0311 | train reward: 1513.05 | best: 1523.99 | KL: 2.594e-03 | std: 0.5201 | rollout: 13.588s | update: 0.388s | total: 13.976s | samples/s: 4428
Iteration 0312 | train reward: 1521.15 | best: 1523.99 | KL: 2.380e-03 | std: 0.5208 | rollout: 13.129s | update: 0.409s | total: 13.538s | samples/s: 4602
Iteration 0313 | train reward: 1478.38 | best: 1523.99 | KL: 3.131e-03 | std: 0.5228 | rollout: 13.478s | update: 0.388s | total: 13.865s | samples/s: 4384
Iteration 0314 | train reward: 1495.84 | best: 1523.99 | KL: 3.010e-03 | std: 0.5234 | rollout: 10.905s | update: 0.413s | total: 11.318s | samples/s: 5402
Iteration 0315 | train reward: 1481.47 | best: 1523.99 | KL: 2.381e-03 | std: 0.5226 | rollout: 12.918s | update: 0.428s | total: 13.346s | samples/s: 4542
Iteration 0316 | train reward: 1502.46 | best: 1523.99 | KL: 3.366e-03 | std: 0.5208 | rollout: 11.674s | update: 0.361s | total: 12.035s | samples/s: 5081
Iteration 0317 | train reward: 1502.88 | best: 1523.99 | KL: 2.780e-03 | std: 0.5208 | rollout: 10.222s | update: 0.354s | total: 10.576s | samples/s: 5802
Iteration 0318 | train reward: 1511.16 | best: 1523.99 | KL: 2.370e-03 | std: 0.5211 | rollout: 13.220s | update: 0.380s | total: 13.600s | samples/s: 4547
Iteration 0319 | train reward: 1508.73 | best: 1523.99 | KL: 2.365e-03 | std: 0.5217 | rollout: 13.807s | update: 0.396s | total: 14.203s | samples/s: 4337
Iteration 0320 | train reward: 1515.58 | best: 1523.99 | KL: 2.137e-03 | std: 0.5234 | rollout: 12.298s | update: 0.415s | total: 12.714s | samples/s: 4877
Iteration 0321 | train reward: 1507.56 | best: 1523.99 | KL: 2.670e-03 | std: 0.5233 | rollout: 12.132s | update: 0.357s | total: 12.489s | samples/s: 4937
Iteration 0322 | train reward: 1502.43 | best: 1523.99 | KL: 2.891e-03 | std: 0.5226 | rollout: 12.863s | update: 0.416s | total: 13.279s | samples/s: 4632
Iteration 0323 | train reward: 1517.54 | best: 1523.99 | KL: 2.128e-03 | std: 0.5207 | rollout: 11.563s | update: 0.386s | total: 11.949s | samples/s: 5219
Iteration 0324 | train reward: 1526.03 | best: 1526.03 | KL: 2.513e-03 | std: 0.5191 | rollout: 13.203s | update: 0.421s | total: 13.624s | samples/s: 4580
Iteration 0325 | train reward: 1513.11 | best: 1526.03 | KL: 2.017e-03 | std: 0.5182 | rollout: 11.826s | update: 0.418s | total: 12.244s | samples/s: 5072
Iteration 0326 | train reward: 1529.10 | best: 1529.10 | KL: 2.095e-03 | std: 0.5184 | rollout: 10.602s | update: 0.388s | total: 10.990s | samples/s: 5695
Iteration 0327 | train reward: 1511.66 | best: 1529.10 | KL: 2.479e-03 | std: 0.5189 | rollout: 13.525s | update: 0.368s | total: 13.893s | samples/s: 4458
Iteration 0328 | train reward: 1503.99 | best: 1529.10 | KL: 2.625e-03 | std: 0.5189 | rollout: 13.352s | update: 0.389s | total: 13.742s | samples/s: 4509
Iteration 0329 | train reward: 1531.71 | best: 1531.71 | KL: 2.372e-03 | std: 0.5182 | rollout: 9.618s | update: 0.361s | total: 9.979s | samples/s: 6275
Iteration 0330 | train reward: 1535.27 | best: 1535.27 | KL: 2.305e-03 | std: 0.5200 | rollout: 9.059s | update: 0.415s | total: 9.474s | samples/s: 6641
Iteration 0331 | train reward: 1498.94 | best: 1535.27 | KL: 2.531e-03 | std: 0.5182 | rollout: 13.305s | update: 0.365s | total: 13.670s | samples/s: 4496
Iteration 0332 | train reward: 1523.49 | best: 1535.27 | KL: 2.936e-03 | std: 0.5173 | rollout: 12.975s | update: 0.378s | total: 13.353s | samples/s: 4666
Iteration 0333 | train reward: 1516.30 | best: 1535.27 | KL: 3.024e-03 | std: 0.5158 | rollout: 14.094s | update: 0.417s | total: 14.511s | samples/s: 4252
Iteration 0334 | train reward: 1528.36 | best: 1535.27 | KL: 2.400e-03 | std: 0.5158 | rollout: 13.767s | update: 0.370s | total: 14.137s | samples/s: 4397
Iteration 0335 | train reward: 1524.01 | best: 1535.27 | KL: 2.998e-03 | std: 0.5132 | rollout: 13.786s | update: 0.415s | total: 14.201s | samples/s: 4366
Iteration 0336 | train reward: 1537.62 | best: 1537.62 | KL: 2.681e-03 | std: 0.5149 | rollout: 13.078s | update: 0.413s | total: 13.490s | samples/s: 4633
Iteration 0337 | train reward: 1517.88 | best: 1537.62 | KL: 2.380e-03 | std: 0.5156 | rollout: 13.283s | update: 0.433s | total: 13.715s | samples/s: 4530
Iteration 0338 | train reward: 1527.70 | best: 1537.62 | KL: 2.509e-03 | std: 0.5176 | rollout: 8.005s | update: 0.394s | total: 8.399s | samples/s: 7453
Iteration 0339 | train reward: 1534.77 | best: 1537.62 | KL: 2.674e-03 | std: 0.5183 | rollout: 12.434s | update: 0.429s | total: 12.863s | samples/s: 4855
Iteration 0340 | train reward: 1507.90 | best: 1537.62 | KL: 2.260e-03 | std: 0.5189 | rollout: 13.570s | update: 0.406s | total: 13.976s | samples/s: 4381
Iteration 0341 | train reward: 1523.67 | best: 1537.62 | KL: 2.243e-03 | std: 0.5182 | rollout: 13.251s | update: 0.398s | total: 13.649s | samples/s: 4556
Iteration 0342 | train reward: 1509.50 | best: 1537.62 | KL: 3.141e-03 | std: 0.5191 | rollout: 13.478s | update: 0.413s | total: 13.891s | samples/s: 4425
Iteration 0343 | train reward: 1527.71 | best: 1537.62 | KL: 2.456e-03 | std: 0.5199 | rollout: 13.171s | update: 0.412s | total: 13.583s | samples/s: 4562
Iteration 0344 | train reward: 1506.67 | best: 1537.62 | KL: 2.384e-03 | std: 0.5158 | rollout: 12.662s | update: 0.399s | total: 13.061s | samples/s: 4691
Iteration 0345 | train reward: 1520.64 | best: 1537.62 | KL: 2.297e-03 | std: 0.5158 | rollout: 13.665s | update: 0.358s | total: 14.023s | samples/s: 4412
Iteration 0346 | train reward: 1524.79 | best: 1537.62 | KL: 2.466e-03 | std: 0.5175 | rollout: 13.385s | update: 0.424s | total: 13.810s | samples/s: 4482
Iteration 0347 | train reward: 1523.27 | best: 1537.62 | KL: 3.582e-03 | std: 0.5175 | rollout: 13.086s | update: 0.367s | total: 13.453s | samples/s: 4581
Iteration 0348 | train reward: 1522.55 | best: 1537.62 | KL: 2.476e-03 | std: 0.5175 | rollout: 11.722s | update: 0.389s | total: 12.111s | samples/s: 5103
Iteration 0349 | train reward: 1516.36 | best: 1537.62 | KL: 2.700e-03 | std: 0.5149 | rollout: 13.177s | update: 0.414s | total: 13.591s | samples/s: 4520
Iteration 0350 | train reward: 1500.99 | best: 1537.62 | KL: 2.663e-03 | std: 0.5149 | rollout: 13.140s | update: 0.355s | total: 13.495s | samples/s: 4508
Iteration 0351 | train reward: 1525.99 | best: 1537.62 | KL: 3.237e-03 | std: 0.5132 | rollout: 12.831s | update: 0.360s | total: 13.190s | samples/s: 4674
Iteration 0352 | train reward: 1527.57 | best: 1537.62 | KL: 2.722e-03 | std: 0.5132 | rollout: 13.283s | update: 0.390s | total: 13.673s | samples/s: 4506
Iteration 0353 | train reward: 1520.42 | best: 1537.62 | KL: 2.529e-03 | std: 0.5123 | rollout: 9.973s | update: 0.380s | total: 10.353s | samples/s: 5937
Iteration 0354 | train reward: 1516.00 | best: 1537.62 | KL: 2.465e-03 | std: 0.5130 | rollout: 12.940s | update: 0.399s | total: 13.339s | samples/s: 4597
Iteration 0355 | train reward: 1516.40 | best: 1537.62 | KL: 3.047e-03 | std: 0.5156 | rollout: 13.481s | update: 0.403s | total: 13.884s | samples/s: 4411
Iteration 0356 | train reward: 1523.43 | best: 1537.62 | KL: 2.502e-03 | std: 0.5163 | rollout: 12.621s | update: 0.359s | total: 12.980s | samples/s: 4737
Iteration 0357 | train reward: 1544.09 | best: 1544.09 | KL: 2.219e-03 | std: 0.5174 | rollout: 13.388s | update: 0.432s | total: 13.820s | samples/s: 4531
Iteration 0358 | train reward: 1526.18 | best: 1544.09 | KL: 3.509e-03 | std: 0.5181 | rollout: 13.271s | update: 0.418s | total: 13.689s | samples/s: 4510
Iteration 0359 | train reward: 1517.57 | best: 1544.09 | KL: 3.234e-03 | std: 0.5163 | rollout: 11.761s | update: 0.396s | total: 12.157s | samples/s: 5042
Iteration 0360 | train reward: 1518.29 | best: 1544.09 | KL: 2.838e-03 | std: 0.5206 | rollout: 7.193s | update: 0.366s | total: 7.559s | samples/s: 8129
Iteration 0361 | train reward: 1520.96 | best: 1544.09 | KL: 2.011e-03 | std: 0.5211 | rollout: 13.009s | update: 0.387s | total: 13.396s | samples/s: 4593
Iteration 0362 | train reward: 1515.10 | best: 1544.09 | KL: 3.170e-03 | std: 0.5201 | rollout: 13.125s | update: 0.382s | total: 13.507s | samples/s: 4518
Iteration 0363 | train reward: 1531.90 | best: 1544.09 | KL: 2.554e-03 | std: 0.5180 | rollout: 13.376s | update: 0.387s | total: 13.763s | samples/s: 4492
Iteration 0364 | train reward: 1508.18 | best: 1544.09 | KL: 2.418e-03 | std: 0.5180 | rollout: 13.487s | update: 0.446s | total: 13.933s | samples/s: 4354
Iteration 0365 | train reward: 1498.71 | best: 1544.09 | KL: 3.613e-03 | std: 0.5165 | rollout: 12.488s | update: 0.358s | total: 12.845s | samples/s: 4694
Iteration 0366 | train reward: 1501.45 | best: 1544.09 | KL: 3.366e-03 | std: 0.5174 | rollout: 13.461s | update: 0.394s | total: 13.855s | samples/s: 4373
Iteration 0367 | train reward: 1510.23 | best: 1544.09 | KL: 2.682e-03 | std: 0.5174 | rollout: 12.267s | update: 0.381s | total: 12.648s | samples/s: 4822
Iteration 0368 | train reward: 1521.81 | best: 1544.09 | KL: 2.626e-03 | std: 0.5158 | rollout: 12.218s | update: 0.400s | total: 12.618s | samples/s: 4867
Iteration 0369 | train reward: 1522.26 | best: 1544.09 | KL: 2.820e-03 | std: 0.5176 | rollout: 12.839s | update: 0.362s | total: 13.201s | samples/s: 4653
Iteration 0370 | train reward: 1495.23 | best: 1544.09 | KL: 3.342e-03 | std: 0.5156 | rollout: 12.871s | update: 0.395s | total: 13.266s | samples/s: 4555
Iteration 0371 | train reward: 1501.97 | best: 1544.09 | KL: 3.147e-03 | std: 0.5154 | rollout: 12.924s | update: 0.397s | total: 13.321s | samples/s: 4532
Iteration 0372 | train reward: 1503.78 | best: 1544.09 | KL: 3.810e-03 | std: 0.5155 | rollout: 11.508s | update: 0.399s | total: 11.907s | samples/s: 5081
Iteration 0373 | train reward: 1539.08 | best: 1544.09 | KL: 3.203e-03 | std: 0.5147 | rollout: 12.314s | update: 0.391s | total: 12.705s | samples/s: 4878
Iteration 0374 | train reward: 1513.23 | best: 1544.09 | KL: 3.243e-03 | std: 0.5131 | rollout: 11.507s | update: 0.395s | total: 11.902s | samples/s: 5139
Iteration 0375 | train reward: 1525.01 | best: 1544.09 | KL: 3.096e-03 | std: 0.5131 | rollout: 13.278s | update: 0.368s | total: 13.646s | samples/s: 4495
Iteration 0376 | train reward: 1502.32 | best: 1544.09 | KL: 2.891e-03 | std: 0.5131 | rollout: 9.107s | update: 0.417s | total: 9.524s | samples/s: 6373
Iteration 0377 | train reward: 1528.06 | best: 1544.09 | KL: 3.275e-03 | std: 0.5122 | rollout: 9.868s | update: 0.405s | total: 10.273s | samples/s: 6011
Iteration 0378 | train reward: 1526.98 | best: 1544.09 | KL: 2.732e-03 | std: 0.5128 | rollout: 12.121s | update: 0.410s | total: 12.532s | samples/s: 4915
Iteration 0379 | train reward: 1520.43 | best: 1544.09 | KL: 2.941e-03 | std: 0.5121 | rollout: 12.786s | update: 0.371s | total: 13.157s | samples/s: 4670
Iteration 0380 | train reward: 1544.83 | best: 1544.83 | KL: 3.238e-03 | std: 0.5102 | rollout: 12.778s | update: 0.431s | total: 13.209s | samples/s: 4715
Iteration 0381 | train reward: 1512.05 | best: 1544.83 | KL: 2.375e-03 | std: 0.5113 | rollout: 13.210s | update: 0.370s | total: 13.580s | samples/s: 4502
Iteration 0382 | train reward: 1538.41 | best: 1544.83 | KL: 3.120e-03 | std: 0.5130 | rollout: 13.796s | update: 0.427s | total: 14.223s | samples/s: 4353
Iteration 0383 | train reward: 1527.12 | best: 1544.83 | KL: 2.920e-03 | std: 0.5111 | rollout: 7.150s | update: 0.354s | total: 7.504s | samples/s: 8163
Iteration 0384 | train reward: 1534.63 | best: 1544.83 | KL: 3.698e-03 | std: 0.5130 | rollout: 10.573s | update: 0.393s | total: 10.966s | samples/s: 5620
Iteration 0385 | train reward: 1514.07 | best: 1544.83 | KL: 2.683e-03 | std: 0.5122 | rollout: 10.108s | update: 0.416s | total: 10.524s | samples/s: 5790
Iteration 0386 | train reward: 1509.44 | best: 1544.83 | KL: 2.712e-03 | std: 0.5132 | rollout: 12.554s | update: 0.384s | total: 12.938s | samples/s: 4684
Iteration 0387 | train reward: 1533.20 | best: 1544.83 | KL: 2.932e-03 | std: 0.5149 | rollout: 11.348s | update: 0.371s | total: 11.719s | samples/s: 5261
Iteration 0388 | train reward: 1514.18 | best: 1544.83 | KL: 3.099e-03 | std: 0.5148 | rollout: 13.366s | update: 0.393s | total: 13.759s | samples/s: 4414
Iteration 0389 | train reward: 1502.29 | best: 1544.83 | KL: 2.760e-03 | std: 0.5130 | rollout: 12.913s | update: 0.350s | total: 13.263s | samples/s: 4532
Iteration 0390 | train reward: 1522.44 | best: 1544.83 | KL: 2.369e-03 | std: 0.5132 | rollout: 12.045s | update: 0.390s | total: 12.434s | samples/s: 4888
Iteration 0391 | train reward: 1519.04 | best: 1544.83 | KL: 2.716e-03 | std: 0.5156 | rollout: 12.913s | update: 0.396s | total: 13.309s | samples/s: 4573
Iteration 0392 | train reward: 1501.66 | best: 1544.83 | KL: 2.407e-03 | std: 0.5156 | rollout: 12.032s | update: 0.363s | total: 12.395s | samples/s: 4862
Iteration 0393 | train reward: 1530.12 | best: 1544.83 | KL: 2.432e-03 | std: 0.5155 | rollout: 13.339s | update: 0.396s | total: 13.734s | samples/s: 4472
Iteration 0394 | train reward: 1518.64 | best: 1544.83 | KL: 3.429e-03 | std: 0.5130 | rollout: 12.183s | update: 0.418s | total: 12.601s | samples/s: 4836
Iteration 0395 | train reward: 1532.19 | best: 1544.83 | KL: 3.016e-03 | std: 0.5111 | rollout: 13.787s | update: 0.410s | total: 14.197s | samples/s: 4326
Iteration 0396 | train reward: 1530.13 | best: 1544.83 | KL: 2.055e-03 | std: 0.5106 | rollout: 12.918s | update: 0.403s | total: 13.321s | samples/s: 4613
Iteration 0397 | train reward: 1542.13 | best: 1544.83 | KL: 2.976e-03 | std: 0.5113 | rollout: 12.490s | update: 0.392s | total: 12.882s | samples/s: 4803
Iteration 0398 | train reward: 1532.22 | best: 1544.83 | KL: 2.917e-03 | std: 0.5132 | rollout: 9.156s | update: 0.377s | total: 9.532s | samples/s: 6478
Iteration 0399 | train reward: 1526.18 | best: 1544.83 | KL: 3.422e-03 | std: 0.5132 | rollout: 7.556s | update: 0.392s | total: 7.948s | samples/s: 7709
Iteration 0400 | train reward: 1525.48 | best: 1544.83 | KL: 3.319e-03 | std: 0.5131 | rollout: 10.805s | update: 0.413s | total: 11.217s | samples/s: 5483
Iteration 0401 | train reward: 1541.57 | best: 1544.83 | KL: 2.982e-03 | std: 0.5113 | rollout: 12.082s | update: 0.422s | total: 12.504s | samples/s: 4955
Iteration 0402 | train reward: 1494.48 | best: 1544.83 | KL: 3.221e-03 | std: 0.5104 | rollout: 13.270s | update: 0.375s | total: 13.644s | samples/s: 4382
Iteration 0403 | train reward: 1528.51 | best: 1544.83 | KL: 3.170e-03 | std: 0.5106 | rollout: 13.062s | update: 0.433s | total: 13.495s | samples/s: 4527
Iteration 0404 | train reward: 1518.71 | best: 1544.83 | KL: 3.124e-03 | std: 0.5128 | rollout: 13.289s | update: 0.385s | total: 13.675s | samples/s: 4448
Iteration 0405 | train reward: 1507.81 | best: 1544.83 | KL: 3.167e-03 | std: 0.5130 | rollout: 13.742s | update: 0.363s | total: 14.105s | samples/s: 4280
Iteration 0406 | train reward: 1524.25 | best: 1544.83 | KL: 3.291e-03 | std: 0.5113 | rollout: 7.535s | update: 0.421s | total: 7.956s | samples/s: 7675
Iteration 0407 | train reward: 1519.22 | best: 1544.83 | KL: 2.566e-03 | std: 0.5105 | rollout: 6.405s | update: 0.423s | total: 6.828s | samples/s: 8914
Iteration 0408 | train reward: 1511.87 | best: 1544.83 | KL: 4.364e-03 | std: 0.5111 | rollout: 12.460s | update: 0.425s | total: 12.886s | samples/s: 4693
Iteration 0409 | train reward: 1493.92 | best: 1544.83 | KL: 2.561e-03 | std: 0.5130 | rollout: 13.400s | update: 0.407s | total: 13.807s | samples/s: 4347
Iteration 0410 | train reward: 1517.87 | best: 1544.83 | KL: 3.713e-03 | std: 0.5132 | rollout: 12.029s | update: 0.376s | total: 12.405s | samples/s: 4873
Iteration 0411 | train reward: 1528.46 | best: 1544.83 | KL: 2.466e-03 | std: 0.5138 | rollout: 13.450s | update: 0.395s | total: 13.845s | samples/s: 4426
Iteration 0412 | train reward: 1520.56 | best: 1544.83 | KL: 2.957e-03 | std: 0.5123 | rollout: 7.769s | update: 0.401s | total: 8.170s | samples/s: 7480
Iteration 0413 | train reward: 1523.37 | best: 1544.83 | KL: 2.735e-03 | std: 0.5128 | rollout: 13.117s | update: 0.367s | total: 13.484s | samples/s: 4502
Iteration 0414 | train reward: 1519.39 | best: 1544.83 | KL: 2.869e-03 | std: 0.5121 | rollout: 10.195s | update: 0.384s | total: 10.579s | samples/s: 5766
Iteration 0415 | train reward: 1529.13 | best: 1544.83 | KL: 2.994e-03 | std: 0.5130 | rollout: 12.179s | update: 0.366s | total: 12.546s | samples/s: 4879
Iteration 0416 | train reward: 1543.54 | best: 1544.83 | KL: 2.967e-03 | std: 0.5105 | rollout: 13.211s | update: 0.406s | total: 13.617s | samples/s: 4530
Iteration 0417 | train reward: 1529.08 | best: 1544.83 | KL: 3.127e-03 | std: 0.5111 | rollout: 11.239s | update: 0.440s | total: 11.679s | samples/s: 5247
Iteration 0418 | train reward: 1537.71 | best: 1544.83 | KL: 4.063e-03 | std: 0.5104 | rollout: 12.576s | update: 0.368s | total: 12.944s | samples/s: 4765
Iteration 0419 | train reward: 1537.61 | best: 1544.83 | KL: 3.213e-03 | std: 0.5123 | rollout: 12.119s | update: 0.385s | total: 12.503s | samples/s: 4926
Iteration 0420 | train reward: 1531.67 | best: 1544.83 | KL: 2.851e-03 | std: 0.5104 | rollout: 13.657s | update: 0.412s | total: 14.069s | samples/s: 4370
Iteration 0421 | train reward: 1544.43 | best: 1544.83 | KL: 4.019e-03 | std: 0.5102 | rollout: 8.814s | update: 0.389s | total: 9.203s | samples/s: 6752
Iteration 0422 | train reward: 1546.50 | best: 1546.50 | KL: 2.088e-03 | std: 0.5096 | rollout: 12.770s | update: 0.373s | total: 13.143s | samples/s: 4742
Iteration 0423 | train reward: 1532.53 | best: 1546.50 | KL: 2.528e-03 | std: 0.5085 | rollout: 12.556s | update: 0.381s | total: 12.938s | samples/s: 4759
Iteration 0424 | train reward: 1553.37 | best: 1553.37 | KL: 2.439e-03 | std: 0.5085 | rollout: 13.058s | update: 0.401s | total: 13.459s | samples/s: 4635
Iteration 0425 | train reward: 1551.56 | best: 1553.37 | KL: 3.597e-03 | std: 0.5085 | rollout: 13.418s | update: 0.393s | total: 13.812s | samples/s: 4529
Iteration 0426 | train reward: 1522.45 | best: 1553.37 | KL: 2.158e-03 | std: 0.5087 | rollout: 12.386s | update: 0.357s | total: 12.742s | samples/s: 4798
Iteration 0427 | train reward: 1513.76 | best: 1553.37 | KL: 2.720e-03 | std: 0.5078 | rollout: 10.595s | update: 0.357s | total: 10.952s | samples/s: 5520
Iteration 0428 | train reward: 1538.79 | best: 1553.37 | KL: 4.143e-03 | std: 0.5080 | rollout: 13.575s | update: 0.371s | total: 13.945s | samples/s: 4414
Iteration 0429 | train reward: 1535.97 | best: 1553.37 | KL: 2.318e-03 | std: 0.5076 | rollout: 11.255s | update: 0.356s | total: 11.611s | samples/s: 5285
Iteration 0430 | train reward: 1532.66 | best: 1553.37 | KL: 2.935e-03 | std: 0.5078 | rollout: 12.960s | update: 0.372s | total: 13.331s | samples/s: 4565
Iteration 0431 | train reward: 1563.07 | best: 1563.07 | KL: 2.989e-03 | std: 0.5087 | rollout: 12.419s | update: 0.407s | total: 12.826s | samples/s: 4883
Iteration 0432 | train reward: 1506.85 | best: 1563.07 | KL: 2.214e-03 | std: 0.5087 | rollout: 12.660s | update: 0.383s | total: 13.043s | samples/s: 4619
Iteration 0433 | train reward: 1514.04 | best: 1563.07 | KL: 3.458e-03 | std: 0.5079 | rollout: 12.522s | update: 0.371s | total: 12.893s | samples/s: 4701
Iteration 0434 | train reward: 1544.93 | best: 1563.07 | KL: 2.930e-03 | std: 0.5096 | rollout: 10.330s | update: 0.361s | total: 10.691s | samples/s: 5767
Iteration 0435 | train reward: 1543.07 | best: 1563.07 | KL: 3.361e-03 | std: 0.5085 | rollout: 12.614s | update: 0.396s | total: 13.010s | samples/s: 4737
Iteration 0436 | train reward: 1540.28 | best: 1563.07 | KL: 3.498e-03 | std: 0.5087 | rollout: 10.042s | update: 0.385s | total: 10.427s | samples/s: 5879
Iteration 0437 | train reward: 1556.40 | best: 1563.07 | KL: 3.629e-03 | std: 0.5076 | rollout: 12.564s | update: 0.414s | total: 12.978s | samples/s: 4800
Iteration 0438 | train reward: 1551.08 | best: 1563.07 | KL: 2.706e-03 | std: 0.5080 | rollout: 13.262s | update: 0.455s | total: 13.717s | samples/s: 4562
Iteration 0439 | train reward: 1537.77 | best: 1563.07 | KL: 3.616e-03 | std: 0.5085 | rollout: 13.340s | update: 0.372s | total: 13.712s | samples/s: 4505
Iteration 0440 | train reward: 1535.63 | best: 1563.07 | KL: 2.828e-03 | std: 0.5080 | rollout: 11.250s | update: 0.395s | total: 11.645s | samples/s: 5312
Iteration 0441 | train reward: 1564.92 | best: 1564.92 | KL: 3.102e-03 | std: 0.5054 | rollout: 12.861s | update: 0.435s | total: 13.297s | samples/s: 4707
Iteration 0442 | train reward: 1543.94 | best: 1564.92 | KL: 2.960e-03 | std: 0.5035 | rollout: 12.386s | update: 0.386s | total: 12.772s | samples/s: 4845
Iteration 0443 | train reward: 1538.63 | best: 1564.92 | KL: 2.348e-03 | std: 0.5024 | rollout: 13.409s | update: 0.433s | total: 13.841s | samples/s: 4460
Iteration 0444 | train reward: 1550.65 | best: 1564.92 | KL: 2.992e-03 | std: 0.5019 | rollout: 11.870s | update: 0.402s | total: 12.271s | samples/s: 5052
Iteration 0445 | train reward: 1546.42 | best: 1564.92 | KL: 3.369e-03 | std: 0.5019 | rollout: 13.522s | update: 0.376s | total: 13.898s | samples/s: 4459
Iteration 0446 | train reward: 1527.50 | best: 1564.92 | KL: 2.913e-03 | std: 0.5002 | rollout: 11.834s | update: 0.380s | total: 12.214s | samples/s: 4979
Iteration 0447 | train reward: 1526.40 | best: 1564.92 | KL: 2.586e-03 | std: 0.5017 | rollout: 11.206s | update: 0.401s | total: 11.607s | samples/s: 5252
Iteration 0448 | train reward: 1536.06 | best: 1564.92 | KL: 3.198e-03 | std: 0.5002 | rollout: 12.057s | update: 0.455s | total: 12.512s | samples/s: 4901
Iteration 0449 | train reward: 1530.75 | best: 1564.92 | KL: 2.629e-03 | std: 0.4976 | rollout: 13.274s | update: 0.417s | total: 13.690s | samples/s: 4463
Iteration 0450 | train reward: 1518.88 | best: 1564.92 | KL: 2.616e-03 | std: 0.4967 | rollout: 13.475s | update: 0.437s | total: 13.912s | samples/s: 4353
Iteration 0451 | train reward: 1529.58 | best: 1564.92 | KL: 2.419e-03 | std: 0.4981 | rollout: 10.037s | update: 0.371s | total: 10.408s | samples/s: 5839
Iteration 0452 | train reward: 1535.53 | best: 1564.92 | KL: 2.879e-03 | std: 0.4966 | rollout: 12.627s | update: 0.395s | total: 13.022s | samples/s: 4695
Iteration 0453 | train reward: 1542.18 | best: 1564.92 | KL: 2.333e-03 | std: 0.4965 | rollout: 12.497s | update: 0.371s | total: 12.867s | samples/s: 4792
Iteration 0454 | train reward: 1546.30 | best: 1564.92 | KL: 2.796e-03 | std: 0.4965 | rollout: 8.040s | update: 0.383s | total: 8.422s | samples/s: 7294
Iteration 0455 | train reward: 1541.60 | best: 1564.92 | KL: 2.563e-03 | std: 0.4974 | rollout: 11.707s | update: 0.415s | total: 12.122s | samples/s: 5058
Iteration 0456 | train reward: 1531.40 | best: 1564.92 | KL: 2.807e-03 | std: 0.4974 | rollout: 13.807s | update: 0.418s | total: 14.225s | samples/s: 4289
Iteration 0457 | train reward: 1528.14 | best: 1564.92 | KL: 2.525e-03 | std: 0.4965 | rollout: 12.230s | update: 0.393s | total: 12.624s | samples/s: 4800
Iteration 0458 | train reward: 1539.80 | best: 1564.92 | KL: 2.562e-03 | std: 0.4955 | rollout: 12.887s | update: 0.363s | total: 13.250s | samples/s: 4610
Iteration 0459 | train reward: 1543.56 | best: 1564.92 | KL: 2.840e-03 | std: 0.4972 | rollout: 13.218s | update: 0.417s | total: 13.635s | samples/s: 4501
Iteration 0460 | train reward: 1543.86 | best: 1564.92 | KL: 2.412e-03 | std: 0.4974 | rollout: 9.841s | update: 0.426s | total: 10.267s | samples/s: 5968
Iteration 0461 | train reward: 1530.70 | best: 1564.92 | KL: 3.012e-03 | std: 0.4993 | rollout: 10.165s | update: 0.401s | total: 10.566s | samples/s: 5732
Iteration 0462 | train reward: 1548.55 | best: 1564.92 | KL: 2.531e-03 | std: 0.4976 | rollout: 8.465s | update: 0.368s | total: 8.833s | samples/s: 6975
Iteration 0463 | train reward: 1523.22 | best: 1564.92 | KL: 3.786e-03 | std: 0.4976 | rollout: 6.821s | update: 0.352s | total: 7.173s | samples/s: 8420
Iteration 0464 | train reward: 1538.09 | best: 1564.92 | KL: 2.880e-03 | std: 0.5000 | rollout: 10.871s | update: 0.417s | total: 11.288s | samples/s: 5385
Iteration 0465 | train reward: 1538.84 | best: 1564.92 | KL: 3.959e-03 | std: 0.5009 | rollout: 6.799s | update: 0.402s | total: 7.201s | samples/s: 8433
Iteration 0466 | train reward: 1531.17 | best: 1564.92 | KL: 4.350e-03 | std: 0.5009 | rollout: 9.511s | update: 0.433s | total: 9.944s | samples/s: 6077
Iteration 0467 | train reward: 1496.37 | best: 1564.92 | KL: 2.873e-03 | std: 0.5024 | rollout: 11.441s | update: 0.346s | total: 11.787s | samples/s: 5013
Iteration 0468 | train reward: 1533.70 | best: 1564.92 | KL: 2.525e-03 | std: 0.5024 | rollout: 12.780s | update: 0.380s | total: 13.160s | samples/s: 4631
Iteration 0469 | train reward: 1560.20 | best: 1564.92 | KL: 2.080e-03 | std: 0.5024 | rollout: 9.473s | update: 0.371s | total: 9.844s | samples/s: 6294
Iteration 0470 | train reward: 1528.92 | best: 1564.92 | KL: 3.582e-03 | std: 0.5008 | rollout: 13.571s | update: 0.370s | total: 13.940s | samples/s: 4341
Iteration 0471 | train reward: 1527.09 | best: 1564.92 | KL: 1.837e-03 | std: 0.5007 | rollout: 11.774s | update: 0.433s | total: 12.208s | samples/s: 4960
Iteration 0472 | train reward: 1524.14 | best: 1564.92 | KL: 2.545e-03 | std: 0.5000 | rollout: 10.893s | update: 0.401s | total: 11.295s | samples/s: 5330
Iteration 0473 | train reward: 1551.77 | best: 1564.92 | KL: 2.998e-03 | std: 0.5007 | rollout: 12.981s | update: 0.357s | total: 13.338s | samples/s: 4590
Iteration 0474 | train reward: 1558.71 | best: 1564.92 | KL: 3.397e-03 | std: 0.5024 | rollout: 10.595s | update: 0.379s | total: 10.974s | samples/s: 5630
Iteration 0475 | train reward: 1555.13 | best: 1564.92 | KL: 3.004e-03 | std: 0.5009 | rollout: 12.342s | update: 0.406s | total: 12.748s | samples/s: 4840
Iteration 0476 | train reward: 1555.19 | best: 1564.92 | KL: 3.199e-03 | std: 0.5017 | rollout: 10.972s | update: 0.409s | total: 11.381s | samples/s: 5412
Iteration 0477 | train reward: 1537.04 | best: 1564.92 | KL: 2.827e-03 | std: 0.5027 | rollout: 7.850s | update: 0.402s | total: 8.252s | samples/s: 7384
Iteration 0478 | train reward: 1516.65 | best: 1564.92 | KL: 3.398e-03 | std: 0.5026 | rollout: 8.058s | update: 0.380s | total: 8.439s | samples/s: 7117
Iteration 0479 | train reward: 1530.39 | best: 1564.92 | KL: 2.951e-03 | std: 0.5028 | rollout: 10.239s | update: 0.391s | total: 10.630s | samples/s: 5713
Iteration 0480 | train reward: 1541.97 | best: 1564.92 | KL: 3.596e-03 | std: 0.5024 | rollout: 9.790s | update: 0.425s | total: 10.215s | samples/s: 5968
Iteration 0481 | train reward: 1553.19 | best: 1564.92 | KL: 2.864e-03 | std: 0.5017 | rollout: 10.385s | update: 0.376s | total: 10.761s | samples/s: 5731
Iteration 0482 | train reward: 1538.35 | best: 1564.92 | KL: 2.840e-03 | std: 0.5001 | rollout: 11.550s | update: 0.392s | total: 11.942s | samples/s: 5137
Iteration 0483 | train reward: 1518.37 | best: 1564.92 | KL: 2.692e-03 | std: 0.4998 | rollout: 11.253s | update: 0.374s | total: 11.627s | samples/s: 5152
Iteration 0484 | train reward: 1501.06 | best: 1564.92 | KL: 4.122e-03 | std: 0.5000 | rollout: 13.307s | update: 0.382s | total: 13.689s | samples/s: 4360
Iteration 0485 | train reward: 1534.66 | best: 1564.92 | KL: 2.336e-03 | std: 0.5001 | rollout: 12.946s | update: 0.408s | total: 13.354s | samples/s: 4539
Iteration 0486 | train reward: 1559.08 | best: 1564.92 | KL: 3.928e-03 | std: 0.5000 | rollout: 13.617s | update: 0.446s | total: 14.063s | samples/s: 4394
Iteration 0487 | train reward: 1552.11 | best: 1564.92 | KL: 2.425e-03 | std: 0.5000 | rollout: 12.206s | update: 0.362s | total: 12.568s | samples/s: 4910
Iteration 0488 | train reward: 1545.22 | best: 1564.92 | KL: 3.343e-03 | std: 0.4993 | rollout: 7.655s | update: 0.395s | total: 8.050s | samples/s: 7637
Iteration 0489 | train reward: 1539.43 | best: 1564.92 | KL: 3.321e-03 | std: 0.5009 | rollout: 11.907s | update: 0.377s | total: 12.284s | samples/s: 4975
Iteration 0490 | train reward: 1539.41 | best: 1564.92 | KL: 2.313e-03 | std: 0.5002 | rollout: 12.616s | update: 0.367s | total: 12.983s | samples/s: 4745
Iteration 0491 | train reward: 1549.17 | best: 1564.92 | KL: 3.328e-03 | std: 0.5019 | rollout: 12.950s | update: 0.419s | total: 13.369s | samples/s: 4605
Iteration 0492 | train reward: 1558.77 | best: 1564.92 | KL: 3.335e-03 | std: 0.5024 | rollout: 12.946s | update: 0.374s | total: 13.321s | samples/s: 4660
Iteration 0493 | train reward: 1545.05 | best: 1564.92 | KL: 4.509e-03 | std: 0.5026 | rollout: 13.439s | update: 0.406s | total: 13.845s | samples/s: 4438
Iteration 0494 | train reward: 1540.17 | best: 1564.92 | KL: 2.844e-03 | std: 0.5043 | rollout: 13.434s | update: 0.425s | total: 13.859s | samples/s: 4449
Iteration 0495 | train reward: 1562.66 | best: 1564.92 | KL: 3.365e-03 | std: 0.5035 | rollout: 12.767s | update: 0.413s | total: 13.180s | samples/s: 4743
Iteration 0496 | train reward: 1531.40 | best: 1564.92 | KL: 2.447e-03 | std: 0.5034 | rollout: 11.902s | update: 0.414s | total: 12.317s | samples/s: 4948
Iteration 0497 | train reward: 1530.73 | best: 1564.92 | KL: 2.845e-03 | std: 0.5028 | rollout: 11.805s | update: 0.404s | total: 12.210s | samples/s: 5014
Iteration 0498 | train reward: 1548.47 | best: 1564.92 | KL: 2.401e-03 | std: 0.5026 | rollout: 10.772s | update: 0.354s | total: 11.126s | samples/s: 5543
Iteration 0499 | train reward: 1550.72 | best: 1564.92 | KL: 2.256e-03 | std: 0.5027 | rollout: 12.017s | update: 0.421s | total: 12.438s | samples/s: 5009
Iteration 0500 | train reward: 1559.83 | best: 1564.92 | KL: 2.575e-03 | std: 0.5028 | rollout: 11.973s | update: 0.393s | total: 12.365s | samples/s: 5053
Iteration 0501 | train reward: 1550.96 | best: 1564.92 | KL: 3.081e-03 | std: 0.5017 | rollout: 13.536s | update: 0.419s | total: 13.955s | samples/s: 4422
Iteration 0502 | train reward: 1537.47 | best: 1564.92 | KL: 3.190e-03 | std: 0.5002 | rollout: 13.074s | update: 0.372s | total: 13.446s | samples/s: 4575
Iteration 0503 | train reward: 1532.77 | best: 1564.92 | KL: 2.813e-03 | std: 0.5000 | rollout: 11.261s | update: 0.372s | total: 11.633s | samples/s: 5264
Iteration 0504 | train reward: 1555.70 | best: 1564.92 | KL: 3.545e-03 | std: 0.4998 | rollout: 13.090s | update: 0.446s | total: 13.536s | samples/s: 4612
Iteration 0505 | train reward: 1557.96 | best: 1564.92 | KL: 2.781e-03 | std: 0.4976 | rollout: 10.183s | update: 0.403s | total: 10.586s | samples/s: 5884
Iteration 0506 | train reward: 1548.86 | best: 1564.92 | KL: 3.031e-03 | std: 0.4966 | rollout: 12.054s | update: 0.387s | total: 12.441s | samples/s: 4971
Iteration 0507 | train reward: 1511.99 | best: 1564.92 | KL: 2.333e-03 | std: 0.4955 | rollout: 12.964s | update: 0.408s | total: 13.372s | samples/s: 4483
Iteration 0508 | train reward: 1519.91 | best: 1564.92 | KL: 2.692e-03 | std: 0.4976 | rollout: 12.415s | update: 0.377s | total: 12.792s | samples/s: 4702
Iteration 0509 | train reward: 1528.18 | best: 1564.92 | KL: 3.305e-03 | std: 0.4976 | rollout: 12.615s | update: 0.357s | total: 12.972s | samples/s: 4673
Iteration 0510 | train reward: 1532.19 | best: 1564.92 | KL: 3.069e-03 | std: 0.4966 | rollout: 12.837s | update: 0.385s | total: 13.222s | samples/s: 4620
Iteration 0511 | train reward: 1544.55 | best: 1564.92 | KL: 3.408e-03 | std: 0.4974 | rollout: 11.445s | update: 0.396s | total: 11.842s | samples/s: 5194
Iteration 0512 | train reward: 1545.87 | best: 1564.92 | KL: 2.464e-03 | std: 0.4976 | rollout: 6.980s | update: 0.380s | total: 7.360s | samples/s: 8335
Iteration 0513 | train reward: 1541.51 | best: 1564.92 | KL: 2.712e-03 | std: 0.4981 | rollout: 6.505s | update: 0.391s | total: 6.897s | samples/s: 8911
Iteration 0514 | train reward: 1537.35 | best: 1564.92 | KL: 5.404e-03 | std: 0.5019 | rollout: 7.049s | update: 0.388s | total: 7.436s | samples/s: 8209
Iteration 0515 | train reward: 1524.83 | best: 1564.92 | KL: 2.877e-03 | std: 0.5024 | rollout: 6.436s | update: 0.427s | total: 6.862s | samples/s: 8867
Iteration 0516 | train reward: 1532.44 | best: 1564.92 | KL: 2.240e-03 | std: 0.5017 | rollout: 6.687s | update: 0.378s | total: 7.066s | samples/s: 8588
Iteration 0517 | train reward: 1524.39 | best: 1564.92 | KL: 3.508e-03 | std: 0.5000 | rollout: 12.840s | update: 0.411s | total: 13.251s | samples/s: 4554
Iteration 0518 | train reward: 1528.54 | best: 1564.92 | KL: 3.107e-03 | std: 0.5008 | rollout: 10.367s | update: 0.423s | total: 10.789s | samples/s: 5605
Iteration 0519 | train reward: 1514.16 | best: 1564.92 | KL: 2.553e-03 | std: 0.5000 | rollout: 8.397s | update: 0.350s | total: 8.747s | samples/s: 6852
Iteration 0520 | train reward: 1520.58 | best: 1564.92 | KL: 3.618e-03 | std: 0.5002 | rollout: 12.846s | update: 0.423s | total: 13.269s | samples/s: 4548
Iteration 0521 | train reward: 1540.87 | best: 1564.92 | KL: 2.815e-03 | std: 0.5002 | rollout: 13.542s | update: 0.379s | total: 13.920s | samples/s: 4387
Iteration 0522 | train reward: 1536.37 | best: 1564.92 | KL: 3.225e-03 | std: 0.5019 | rollout: 12.482s | update: 0.396s | total: 12.878s | samples/s: 4756
Iteration 0523 | train reward: 1540.42 | best: 1564.92 | KL: 3.002e-03 | std: 0.5019 | rollout: 11.093s | update: 0.399s | total: 11.493s | samples/s: 5346
Iteration 0524 | train reward: 1532.59 | best: 1564.92 | KL: 3.072e-03 | std: 0.5019 | rollout: 8.564s | update: 0.366s | total: 8.930s | samples/s: 6837
Iteration 0525 | train reward: 1545.34 | best: 1564.92 | KL: 2.609e-03 | std: 0.5002 | rollout: 11.163s | update: 0.390s | total: 11.553s | samples/s: 5323
Iteration 0526 | train reward: 1531.31 | best: 1564.92 | KL: 2.094e-03 | std: 0.5002 | rollout: 11.113s | update: 0.393s | total: 11.506s | samples/s: 5286
Iteration 0527 | train reward: 1510.15 | best: 1564.92 | KL: 3.205e-03 | std: 0.5028 | rollout: 12.760s | update: 0.353s | total: 13.113s | samples/s: 4567
Iteration 0528 | train reward: 1528.32 | best: 1564.92 | KL: 2.536e-03 | std: 0.5045 | rollout: 10.217s | update: 0.430s | total: 10.648s | samples/s: 5703
Iteration 0529 | train reward: 1530.94 | best: 1564.92 | KL: 2.130e-03 | std: 0.5054 | rollout: 13.276s | update: 0.419s | total: 13.695s | samples/s: 4436
Iteration 0530 | train reward: 1525.51 | best: 1564.92 | KL: 2.717e-03 | std: 0.5054 | rollout: 13.881s | update: 0.388s | total: 14.269s | samples/s: 4245
Iteration 0531 | train reward: 1537.05 | best: 1564.92 | KL: 2.566e-03 | std: 0.5069 | rollout: 7.845s | update: 0.377s | total: 8.222s | samples/s: 7475
Iteration 0532 | train reward: 1522.02 | best: 1564.92 | KL: 2.482e-03 | std: 0.5061 | rollout: 7.044s | update: 0.408s | total: 7.452s | samples/s: 8083
Iteration 0533 | train reward: 1506.93 | best: 1564.92 | KL: 2.255e-03 | std: 0.5078 | rollout: 10.914s | update: 0.357s | total: 11.272s | samples/s: 5272
Iteration 0534 | train reward: 1482.26 | best: 1564.92 | KL: 3.423e-03 | std: 0.5096 | rollout: 10.158s | update: 0.356s | total: 10.514s | samples/s: 5536
Iteration 0535 | train reward: 1498.77 | best: 1564.92 | KL: 2.778e-03 | std: 0.5076 | rollout: 12.467s | update: 0.381s | total: 12.848s | samples/s: 4594
Iteration 0536 | train reward: 1492.39 | best: 1564.92 | KL: 3.534e-03 | std: 0.5071 | rollout: 12.537s | update: 0.366s | total: 12.903s | samples/s: 4555
Iteration 0537 | train reward: 1499.32 | best: 1564.92 | KL: 2.464e-03 | std: 0.5076 | rollout: 12.895s | update: 0.420s | total: 13.316s | samples/s: 4434
Iteration 0538 | train reward: 1493.71 | best: 1564.92 | KL: 2.602e-03 | std: 0.5076 | rollout: 6.831s | update: 0.404s | total: 7.234s | samples/s: 8144
Iteration 0539 | train reward: 1532.73 | best: 1564.92 | KL: 3.407e-03 | std: 0.5078 | rollout: 6.495s | update: 0.383s | total: 6.877s | samples/s: 8836
Iteration 0540 | train reward: 1502.12 | best: 1564.92 | KL: 2.315e-03 | std: 0.5060 | rollout: 10.659s | update: 0.401s | total: 11.060s | samples/s: 5387
Iteration 0541 | train reward: 1510.56 | best: 1564.92 | KL: 2.374e-03 | std: 0.5054 | rollout: 9.963s | update: 0.397s | total: 10.360s | samples/s: 5771
Iteration 0542 | train reward: 1534.33 | best: 1564.92 | KL: 4.133e-03 | std: 0.5059 | rollout: 13.394s | update: 0.404s | total: 13.798s | samples/s: 4398
Iteration 0543 | train reward: 1536.05 | best: 1564.92 | KL: 2.362e-03 | std: 0.5061 | rollout: 8.373s | update: 0.390s | total: 8.763s | samples/s: 6936
Iteration 0544 | train reward: 1524.83 | best: 1564.92 | KL: 3.031e-03 | std: 0.5087 | rollout: 12.368s | update: 0.363s | total: 12.731s | samples/s: 4717
Iteration 0545 | train reward: 1513.73 | best: 1564.92 | KL: 2.975e-03 | std: 0.5087 | rollout: 12.474s | update: 0.398s | total: 12.872s | samples/s: 4642
Iteration 0546 | train reward: 1496.95 | best: 1564.92 | KL: 2.327e-03 | std: 0.5078 | rollout: 10.167s | update: 0.395s | total: 10.562s | samples/s: 5622
Iteration 0547 | train reward: 1512.59 | best: 1564.92 | KL: 2.629e-03 | std: 0.5071 | rollout: 13.425s | update: 0.356s | total: 13.781s | samples/s: 4333
Iteration 0548 | train reward: 1515.98 | best: 1564.92 | KL: 2.480e-03 | std: 0.5085 | rollout: 9.912s | update: 0.364s | total: 10.276s | samples/s: 5805
Iteration 0549 | train reward: 1485.81 | best: 1564.92 | KL: 2.599e-03 | std: 0.5087 | rollout: 6.615s | update: 0.399s | total: 7.013s | samples/s: 8347
Iteration 0550 | train reward: 1503.65 | best: 1564.92 | KL: 2.965e-03 | std: 0.5088 | rollout: 9.826s | update: 0.381s | total: 10.207s | samples/s: 5792
Iteration 0551 | train reward: 1490.91 | best: 1564.92 | KL: 3.047e-03 | std: 0.5078 | rollout: 12.606s | update: 0.367s | total: 12.973s | samples/s: 4500
Iteration 0552 | train reward: 1494.73 | best: 1564.92 | KL: 2.706e-03 | std: 0.5076 | rollout: 13.158s | update: 0.368s | total: 13.526s | samples/s: 4340
Iteration 0553 | train reward: 1513.98 | best: 1564.92 | KL: 2.803e-03 | std: 0.5079 | rollout: 11.983s | update: 0.361s | total: 12.344s | samples/s: 4813
Iteration 0554 | train reward: 1539.14 | best: 1564.92 | KL: 3.113e-03 | std: 0.5078 | rollout: 13.137s | update: 0.426s | total: 13.562s | samples/s: 4477
Iteration 0555 | train reward: 1528.57 | best: 1564.92 | KL: 2.103e-03 | std: 0.5078 | rollout: 9.848s | update: 0.386s | total: 10.234s | samples/s: 5901
Iteration 0556 | train reward: 1532.91 | best: 1564.92 | KL: 3.110e-03 | std: 0.5061 | rollout: 11.273s | update: 0.374s | total: 11.647s | samples/s: 5191
Iteration 0557 | train reward: 1534.71 | best: 1564.92 | KL: 2.429e-03 | std: 0.5071 | rollout: 13.365s | update: 0.381s | total: 13.746s | samples/s: 4415
Iteration 0558 | train reward: 1521.36 | best: 1564.92 | KL: 2.276e-03 | std: 0.5059 | rollout: 12.671s | update: 0.426s | total: 13.098s | samples/s: 4587
Iteration 0559 | train reward: 1555.93 | best: 1564.92 | KL: 3.003e-03 | std: 0.5053 | rollout: 9.725s | update: 0.379s | total: 10.104s | samples/s: 6064
Iteration 0560 | train reward: 1538.87 | best: 1564.92 | KL: 2.508e-03 | std: 0.5045 | rollout: 11.314s | update: 0.393s | total: 11.707s | samples/s: 5203
Iteration 0561 | train reward: 1544.59 | best: 1564.92 | KL: 2.695e-03 | std: 0.5052 | rollout: 12.205s | update: 0.366s | total: 12.571s | samples/s: 4834
Iteration 0562 | train reward: 1544.29 | best: 1564.92 | KL: 3.452e-03 | std: 0.5052 | rollout: 11.517s | update: 0.405s | total: 11.921s | samples/s: 5109
Iteration 0563 | train reward: 1510.60 | best: 1564.92 | KL: 3.557e-03 | std: 0.5045 | rollout: 9.851s | update: 0.377s | total: 10.229s | samples/s: 5831
Iteration 0564 | train reward: 1533.73 | best: 1564.92 | KL: 3.604e-03 | std: 0.5035 | rollout: 13.338s | update: 0.429s | total: 13.766s | samples/s: 4398
Iteration 0565 | train reward: 1526.20 | best: 1564.92 | KL: 3.531e-03 | std: 0.5052 | rollout: 10.716s | update: 0.366s | total: 11.082s | samples/s: 5464
Iteration 0566 | train reward: 1537.86 | best: 1564.92 | KL: 2.091e-03 | std: 0.5035 | rollout: 13.338s | update: 0.375s | total: 13.713s | samples/s: 4457
Iteration 0567 | train reward: 1542.97 | best: 1564.92 | KL: 2.536e-03 | std: 0.5054 | rollout: 11.794s | update: 0.375s | total: 12.169s | samples/s: 5054
Iteration 0568 | train reward: 1544.20 | best: 1564.92 | KL: 2.711e-03 | std: 0.5069 | rollout: 11.886s | update: 0.401s | total: 12.286s | samples/s: 5016
Iteration 0569 | train reward: 1555.46 | best: 1564.92 | KL: 3.077e-03 | std: 0.5071 | rollout: 9.026s | update: 0.418s | total: 9.443s | samples/s: 6548
Iteration 0570 | train reward: 1540.69 | best: 1564.92 | KL: 2.704e-03 | std: 0.5086 | rollout: 8.312s | update: 0.420s | total: 8.732s | samples/s: 7005
Iteration 0571 | train reward: 1543.43 | best: 1564.92 | KL: 3.277e-03 | std: 0.5085 | rollout: 11.101s | update: 0.370s | total: 11.471s | samples/s: 5328
Iteration 0572 | train reward: 1503.99 | best: 1564.92 | KL: 2.435e-03 | std: 0.5087 | rollout: 11.207s | update: 0.362s | total: 11.569s | samples/s: 5154
Iteration 0573 | train reward: 1539.90 | best: 1564.92 | KL: 2.726e-03 | std: 0.5078 | rollout: 10.464s | update: 0.357s | total: 10.821s | samples/s: 5639
Iteration 0574 | train reward: 1546.78 | best: 1564.92 | KL: 3.636e-03 | std: 0.5085 | rollout: 8.797s | update: 0.425s | total: 9.223s | samples/s: 6671
Iteration 0575 | train reward: 1549.78 | best: 1564.92 | KL: 2.671e-03 | std: 0.5080 | rollout: 10.913s | update: 0.360s | total: 11.273s | samples/s: 5472
Iteration 0576 | train reward: 1540.78 | best: 1564.92 | KL: 2.179e-03 | std: 0.5085 | rollout: 11.354s | update: 0.377s | total: 11.731s | samples/s: 5256
Iteration 0577 | train reward: 1532.49 | best: 1564.92 | KL: 2.397e-03 | std: 0.5087 | rollout: 13.425s | update: 0.366s | total: 13.791s | samples/s: 4447
Iteration 0578 | train reward: 1534.13 | best: 1564.92 | KL: 2.884e-03 | std: 0.5102 | rollout: 11.622s | update: 0.377s | total: 11.998s | samples/s: 5090
Iteration 0579 | train reward: 1544.16 | best: 1564.92 | KL: 3.032e-03 | std: 0.5085 | rollout: 11.747s | update: 0.382s | total: 12.129s | samples/s: 5082
Iteration 0580 | train reward: 1544.55 | best: 1564.92 | KL: 2.096e-03 | std: 0.5078 | rollout: 8.313s | update: 0.399s | total: 8.712s | samples/s: 7098
Iteration 0581 | train reward: 1552.23 | best: 1564.92 | KL: 3.153e-03 | std: 0.5078 | rollout: 11.534s | update: 0.408s | total: 11.942s | samples/s: 5207
Iteration 0582 | train reward: 1494.55 | best: 1564.92 | KL: 3.197e-03 | std: 0.5097 | rollout: 9.126s | update: 0.382s | total: 9.508s | samples/s: 6292
Iteration 0583 | train reward: 1522.55 | best: 1564.92 | KL: 2.381e-03 | std: 0.5111 | rollout: 11.292s | update: 0.374s | total: 11.667s | samples/s: 5187
Iteration 0584 | train reward: 1558.09 | best: 1564.92 | KL: 2.773e-03 | std: 0.5113 | rollout: 11.252s | update: 0.403s | total: 11.655s | samples/s: 5317
Iteration 0585 | train reward: 1561.28 | best: 1564.92 | KL: 3.057e-03 | std: 0.5111 | rollout: 13.019s | update: 0.403s | total: 13.422s | samples/s: 4621
Iteration 0586 | train reward: 1539.00 | best: 1564.92 | KL: 2.183e-03 | std: 0.5087 | rollout: 11.618s | update: 0.402s | total: 12.020s | samples/s: 5093
Iteration 0587 | train reward: 1536.72 | best: 1564.92 | KL: 2.948e-03 | std: 0.5087 | rollout: 12.738s | update: 0.400s | total: 13.138s | samples/s: 4657
Iteration 0588 | train reward: 1528.64 | best: 1564.92 | KL: 3.129e-03 | std: 0.5087 | rollout: 11.942s | update: 0.377s | total: 12.319s | samples/s: 4953
Iteration 0589 | train reward: 1552.90 | best: 1564.92 | KL: 3.469e-03 | std: 0.5079 | rollout: 13.264s | update: 0.387s | total: 13.651s | samples/s: 4532
Iteration 0590 | train reward: 1538.25 | best: 1564.92 | KL: 2.832e-03 | std: 0.5078 | rollout: 12.253s | update: 0.399s | total: 12.652s | samples/s: 4814
Iteration 0591 | train reward: 1549.16 | best: 1564.92 | KL: 3.713e-03 | std: 0.5069 | rollout: 13.530s | update: 0.401s | total: 13.931s | samples/s: 4412
Iteration 0592 | train reward: 1543.66 | best: 1564.92 | KL: 2.744e-03 | std: 0.5069 | rollout: 12.931s | update: 0.371s | total: 13.301s | samples/s: 4612
Iteration 0593 | train reward: 1519.18 | best: 1564.92 | KL: 2.751e-03 | std: 0.5052 | rollout: 13.775s | update: 0.391s | total: 14.166s | samples/s: 4249
Iteration 0594 | train reward: 1551.48 | best: 1564.92 | KL: 2.739e-03 | std: 0.5071 | rollout: 13.826s | update: 0.405s | total: 14.231s | samples/s: 4339
Iteration 0595 | train reward: 1544.77 | best: 1564.92 | KL: 2.440e-03 | std: 0.5061 | rollout: 13.398s | update: 0.401s | total: 13.798s | samples/s: 4440
Iteration 0596 | train reward: 1565.35 | best: 1565.35 | KL: 2.710e-03 | std: 0.5079 | rollout: 11.435s | update: 0.434s | total: 11.869s | samples/s: 5245
Iteration 0597 | train reward: 1525.48 | best: 1565.35 | KL: 2.444e-03 | std: 0.5069 | rollout: 13.091s | update: 0.365s | total: 13.456s | samples/s: 4521
Iteration 0598 | train reward: 1561.46 | best: 1565.35 | KL: 3.010e-03 | std: 0.5061 | rollout: 13.790s | update: 0.408s | total: 14.198s | samples/s: 4384
Iteration 0599 | train reward: 1561.07 | best: 1565.35 | KL: 3.246e-03 | std: 0.5028 | rollout: 11.634s | update: 0.368s | total: 12.002s | samples/s: 5193
Iteration 0600 | train reward: 1570.31 | best: 1570.31 | KL: 2.589e-03 | std: 0.5052 | rollout: 10.255s | update: 0.394s | total: 10.650s | samples/s: 5878
Iteration 0601 | train reward: 1548.13 | best: 1570.31 | KL: 3.092e-03 | std: 0.5061 | rollout: 11.557s | update: 0.371s | total: 11.928s | samples/s: 5162
Iteration 0602 | train reward: 1565.15 | best: 1570.31 | KL: 2.298e-03 | std: 0.5052 | rollout: 11.515s | update: 0.397s | total: 11.912s | samples/s: 5246
Iteration 0603 | train reward: 1540.54 | best: 1570.31 | KL: 3.065e-03 | std: 0.5035 | rollout: 11.705s | update: 0.390s | total: 12.095s | samples/s: 5088
Iteration 0604 | train reward: 1530.74 | best: 1570.31 | KL: 2.883e-03 | std: 0.5043 | rollout: 12.108s | update: 0.397s | total: 12.505s | samples/s: 4863
Iteration 0605 | train reward: 1567.56 | best: 1570.31 | KL: 2.390e-03 | std: 0.5052 | rollout: 11.911s | update: 0.372s | total: 12.283s | samples/s: 5074
Iteration 0606 | train reward: 1561.21 | best: 1570.31 | KL: 2.746e-03 | std: 0.5059 | rollout: 10.665s | update: 0.383s | total: 11.047s | samples/s: 5629
Iteration 0607 | train reward: 1559.86 | best: 1570.31 | KL: 2.380e-03 | std: 0.5059 | rollout: 12.982s | update: 0.431s | total: 13.412s | samples/s: 4649
Iteration 0608 | train reward: 1551.61 | best: 1570.31 | KL: 3.017e-03 | std: 0.5043 | rollout: 12.570s | update: 0.382s | total: 12.952s | samples/s: 4751
Iteration 0609 | train reward: 1549.41 | best: 1570.31 | KL: 4.074e-03 | std: 0.5052 | rollout: 9.586s | update: 0.426s | total: 10.012s | samples/s: 6134
Iteration 0610 | train reward: 1555.53 | best: 1570.31 | KL: 3.147e-03 | std: 0.5059 | rollout: 8.899s | update: 0.393s | total: 9.292s | samples/s: 6645
Iteration 0611 | train reward: 1545.48 | best: 1570.31 | KL: 3.468e-03 | std: 0.5061 | rollout: 11.633s | update: 0.358s | total: 11.991s | samples/s: 5105
Iteration 0612 | train reward: 1528.63 | best: 1570.31 | KL: 3.187e-03 | std: 0.5061 | rollout: 9.173s | update: 0.373s | total: 9.546s | samples/s: 6332
Iteration 0613 | train reward: 1482.58 | best: 1570.31 | KL: 3.308e-03 | std: 0.5069 | rollout: 13.374s | update: 0.374s | total: 13.748s | samples/s: 4281
Iteration 0614 | train reward: 1517.59 | best: 1570.31 | KL: 2.724e-03 | std: 0.5076 | rollout: 13.315s | update: 0.383s | total: 13.698s | samples/s: 4391
Iteration 0615 | train reward: 1525.55 | best: 1570.31 | KL: 2.308e-03 | std: 0.5059 | rollout: 12.764s | update: 0.404s | total: 13.169s | samples/s: 4562
Iteration 0616 | train reward: 1539.20 | best: 1570.31 | KL: 3.268e-03 | std: 0.5054 | rollout: 13.149s | update: 0.417s | total: 13.566s | samples/s: 4495
Iteration 0617 | train reward: 1539.18 | best: 1570.31 | KL: 3.999e-03 | std: 0.5069 | rollout: 13.152s | update: 0.393s | total: 13.545s | samples/s: 4496
Iteration 0618 | train reward: 1553.19 | best: 1570.31 | KL: 2.571e-03 | std: 0.5069 | rollout: 12.741s | update: 0.381s | total: 13.122s | samples/s: 4669
Iteration 0619 | train reward: 1544.96 | best: 1570.31 | KL: 2.848e-03 | std: 0.5059 | rollout: 11.120s | update: 0.364s | total: 11.485s | samples/s: 5306
Iteration 0620 | train reward: 1529.69 | best: 1570.31 | KL: 3.061e-03 | std: 0.5078 | rollout: 13.063s | update: 0.384s | total: 13.447s | samples/s: 4479
Iteration 0621 | train reward: 1559.30 | best: 1570.31 | KL: 2.851e-03 | std: 0.5076 | rollout: 12.097s | update: 0.383s | total: 12.480s | samples/s: 4946
Iteration 0622 | train reward: 1537.43 | best: 1570.31 | KL: 2.667e-03 | std: 0.5069 | rollout: 8.160s | update: 0.364s | total: 8.524s | samples/s: 7110
Iteration 0623 | train reward: 1553.52 | best: 1570.31 | KL: 3.382e-03 | std: 0.5071 | rollout: 10.390s | update: 0.391s | total: 10.781s | samples/s: 5672
Iteration 0624 | train reward: 1557.06 | best: 1570.31 | KL: 4.089e-03 | std: 0.5078 | rollout: 9.375s | update: 0.368s | total: 9.743s | samples/s: 6291
Iteration 0625 | train reward: 1554.96 | best: 1570.31 | KL: 4.026e-03 | std: 0.5071 | rollout: 10.715s | update: 0.357s | total: 11.072s | samples/s: 5547
Iteration 0626 | train reward: 1563.63 | best: 1570.31 | KL: 2.255e-03 | std: 0.5085 | rollout: 11.852s | update: 0.425s | total: 12.277s | samples/s: 5036
Iteration 0627 | train reward: 1510.10 | best: 1570.31 | KL: 2.616e-03 | std: 0.5076 | rollout: 13.755s | update: 0.416s | total: 14.171s | samples/s: 4217
Iteration 0628 | train reward: 1543.34 | best: 1570.31 | KL: 4.128e-03 | std: 0.5078 | rollout: 12.939s | update: 0.424s | total: 13.362s | samples/s: 4576
Iteration 0629 | train reward: 1565.59 | best: 1570.31 | KL: 2.804e-03 | std: 0.5078 | rollout: 10.803s | update: 0.420s | total: 11.223s | samples/s: 5500
Iteration 0630 | train reward: 1561.40 | best: 1570.31 | KL: 3.264e-03 | std: 0.5071 | rollout: 12.746s | update: 0.435s | total: 13.181s | samples/s: 4676
Iteration 0631 | train reward: 1527.38 | best: 1570.31 | KL: 2.659e-03 | std: 0.5053 | rollout: 13.132s | update: 0.357s | total: 13.490s | samples/s: 4463
Iteration 0632 | train reward: 1548.15 | best: 1570.31 | KL: 3.233e-03 | std: 0.5052 | rollout: 11.369s | update: 0.392s | total: 11.761s | samples/s: 5151
Iteration 0633 | train reward: 1536.71 | best: 1570.31 | KL: 4.507e-03 | std: 0.5054 | rollout: 9.041s | update: 0.416s | total: 9.458s | samples/s: 6364
Iteration 0634 | train reward: 1535.24 | best: 1570.31 | KL: 3.154e-03 | std: 0.5052 | rollout: 12.496s | update: 0.358s | total: 12.854s | samples/s: 4698
Iteration 0635 | train reward: 1582.39 | best: 1582.39 | KL: 3.000e-03 | std: 0.5069 | rollout: 9.916s | update: 0.430s | total: 10.347s | samples/s: 5995
Iteration 0636 | train reward: 1531.60 | best: 1582.39 | KL: 3.182e-03 | std: 0.5054 | rollout: 12.756s | update: 0.373s | total: 13.129s | samples/s: 4578
Iteration 0637 | train reward: 1538.65 | best: 1582.39 | KL: 3.425e-03 | std: 0.5052 | rollout: 12.575s | update: 0.397s | total: 12.972s | samples/s: 4687
Iteration 0638 | train reward: 1559.86 | best: 1582.39 | KL: 3.419e-03 | std: 0.5028 | rollout: 11.055s | update: 0.365s | total: 11.420s | samples/s: 5364
Iteration 0639 | train reward: 1567.36 | best: 1582.39 | KL: 2.943e-03 | std: 0.5026 | rollout: 13.476s | update: 0.444s | total: 13.920s | samples/s: 4405
Iteration 0640 | train reward: 1500.50 | best: 1582.39 | KL: 2.593e-03 | std: 0.5043 | rollout: 12.976s | update: 0.373s | total: 13.348s | samples/s: 4416
Iteration 0641 | train reward: 1513.27 | best: 1582.39 | KL: 3.066e-03 | std: 0.5027 | rollout: 13.597s | update: 0.357s | total: 13.955s | samples/s: 4265
Iteration 0642 | train reward: 1521.30 | best: 1582.39 | KL: 2.835e-03 | std: 0.5024 | rollout: 10.020s | update: 0.371s | total: 10.392s | samples/s: 5738
Iteration 0643 | train reward: 1582.46 | best: 1582.46 | KL: 3.185e-03 | std: 0.5035 | rollout: 11.838s | update: 0.364s | total: 12.203s | samples/s: 5085
Iteration 0644 | train reward: 1551.84 | best: 1582.46 | KL: 2.910e-03 | std: 0.5019 | rollout: 8.729s | update: 0.356s | total: 9.086s | samples/s: 6667
Iteration 0645 | train reward: 1561.95 | best: 1582.46 | KL: 3.674e-03 | std: 0.5026 | rollout: 7.809s | update: 0.413s | total: 8.222s | samples/s: 7428
Iteration 0646 | train reward: 1539.67 | best: 1582.46 | KL: 3.532e-03 | std: 0.5001 | rollout: 9.887s | update: 0.400s | total: 10.287s | samples/s: 5860
Iteration 0647 | train reward: 1567.07 | best: 1582.46 | KL: 3.635e-03 | std: 0.4974 | rollout: 10.164s | update: 0.416s | total: 10.580s | samples/s: 5798
Iteration 0648 | train reward: 1551.60 | best: 1582.46 | KL: 3.357e-03 | std: 0.4982 | rollout: 9.907s | update: 0.387s | total: 10.294s | samples/s: 5904
Iteration 0649 | train reward: 1573.38 | best: 1582.46 | KL: 3.011e-03 | std: 0.4976 | rollout: 9.286s | update: 0.412s | total: 9.698s | samples/s: 6377
Iteration 0650 | train reward: 1572.72 | best: 1582.46 | KL: 3.357e-03 | std: 0.4965 | rollout: 10.546s | update: 0.364s | total: 10.911s | samples/s: 5648
Iteration 0651 | train reward: 1553.33 | best: 1582.46 | KL: 2.966e-03 | std: 0.4972 | rollout: 9.602s | update: 0.363s | total: 9.964s | samples/s: 6111
Iteration 0652 | train reward: 1551.60 | best: 1582.46 | KL: 3.496e-03 | std: 0.4966 | rollout: 13.270s | update: 0.383s | total: 13.653s | samples/s: 4444
Iteration 0653 | train reward: 1571.74 | best: 1582.46 | KL: 3.074e-03 | std: 0.4983 | rollout: 12.839s | update: 0.431s | total: 13.270s | samples/s: 4628
Iteration 0654 | train reward: 1546.94 | best: 1582.46 | KL: 2.943e-03 | std: 0.4976 | rollout: 12.975s | update: 0.414s | total: 13.388s | samples/s: 4523
Iteration 0655 | train reward: 1528.02 | best: 1582.46 | KL: 2.580e-03 | std: 0.4957 | rollout: 12.878s | update: 0.369s | total: 13.247s | samples/s: 4507
Iteration 0656 | train reward: 1511.78 | best: 1582.46 | KL: 3.243e-03 | std: 0.4948 | rollout: 13.608s | update: 0.371s | total: 13.979s | samples/s: 4240
Iteration 0657 | train reward: 1531.37 | best: 1582.46 | KL: 2.347e-03 | std: 0.4950 | rollout: 13.518s | update: 0.356s | total: 13.874s | samples/s: 4321
Iteration 0658 | train reward: 1576.28 | best: 1582.46 | KL: 2.653e-03 | std: 0.4974 | rollout: 11.939s | update: 0.385s | total: 12.324s | samples/s: 4996
Iteration 0659 | train reward: 1573.50 | best: 1582.46 | KL: 2.472e-03 | std: 0.4976 | rollout: 11.834s | update: 0.371s | total: 12.205s | samples/s: 5039
Iteration 0660 | train reward: 1565.83 | best: 1582.46 | KL: 2.986e-03 | std: 0.4973 | rollout: 12.953s | update: 0.379s | total: 13.332s | samples/s: 4587
Iteration 0661 | train reward: 1549.33 | best: 1582.46 | KL: 3.545e-03 | std: 0.4981 | rollout: 12.209s | update: 0.399s | total: 12.608s | samples/s: 4798
Iteration 0662 | train reward: 1569.79 | best: 1582.46 | KL: 3.215e-03 | std: 0.4976 | rollout: 9.425s | update: 0.364s | total: 9.789s | samples/s: 6292
Iteration 0663 | train reward: 1576.25 | best: 1582.46 | KL: 3.482e-03 | std: 0.4967 | rollout: 10.589s | update: 0.405s | total: 10.994s | samples/s: 5625
Iteration 0664 | train reward: 1550.64 | best: 1582.46 | KL: 3.309e-03 | std: 0.4974 | rollout: 8.142s | update: 0.421s | total: 8.563s | samples/s: 7105
Iteration 0665 | train reward: 1585.57 | best: 1585.57 | KL: 4.064e-03 | std: 0.4973 | rollout: 8.372s | update: 0.436s | total: 8.809s | samples/s: 7058
Iteration 0666 | train reward: 1564.13 | best: 1585.57 | KL: 3.111e-03 | std: 0.4983 | rollout: 8.923s | update: 0.396s | total: 9.319s | samples/s: 6591
Iteration 0667 | train reward: 1578.61 | best: 1585.57 | KL: 2.647e-03 | std: 0.4974 | rollout: 10.180s | update: 0.393s | total: 10.573s | samples/s: 5872
Iteration 0668 | train reward: 1551.96 | best: 1585.57 | KL: 2.778e-03 | std: 0.4983 | rollout: 12.855s | update: 0.411s | total: 13.266s | samples/s: 4606
Iteration 0669 | train reward: 1571.46 | best: 1585.57 | KL: 2.171e-03 | std: 0.4976 | rollout: 12.646s | update: 0.416s | total: 13.062s | samples/s: 4731
Iteration 0670 | train reward: 1588.63 | best: 1588.63 | KL: 2.649e-03 | std: 0.4991 | rollout: 11.648s | update: 0.387s | total: 12.034s | samples/s: 5174
Iteration 0671 | train reward: 1579.86 | best: 1588.63 | KL: 3.088e-03 | std: 0.5002 | rollout: 12.084s | update: 0.388s | total: 12.472s | samples/s: 4991
Iteration 0672 | train reward: 1561.04 | best: 1588.63 | KL: 2.823e-03 | std: 0.5000 | rollout: 8.082s | update: 0.401s | total: 8.483s | samples/s: 7234
Iteration 0673 | train reward: 1596.29 | best: 1596.29 | KL: 1.969e-03 | std: 0.5000 | rollout: 6.536s | update: 0.386s | total: 6.921s | samples/s: 9129
Iteration 0674 | train reward: 1585.44 | best: 1596.29 | KL: 3.101e-03 | std: 0.5007 | rollout: 6.892s | update: 0.369s | total: 7.261s | samples/s: 8607
Iteration 0675 | train reward: 1594.64 | best: 1596.29 | KL: 3.005e-03 | std: 0.5009 | rollout: 10.913s | update: 0.384s | total: 11.297s | samples/s: 5562
Iteration 0676 | train reward: 1559.20 | best: 1596.29 | KL: 2.774e-03 | std: 0.5007 | rollout: 13.191s | update: 0.438s | total: 13.629s | samples/s: 4521
Iteration 0677 | train reward: 1574.11 | best: 1596.29 | KL: 2.674e-03 | std: 0.5009 | rollout: 13.475s | update: 0.419s | total: 13.894s | samples/s: 4461
Iteration 0678 | train reward: 1593.88 | best: 1596.29 | KL: 3.162e-03 | std: 0.4983 | rollout: 11.493s | update: 0.378s | total: 11.871s | samples/s: 5282
Iteration 0679 | train reward: 1569.66 | best: 1596.29 | KL: 2.461e-03 | std: 0.5002 | rollout: 13.442s | update: 0.393s | total: 13.835s | samples/s: 4463
Iteration 0680 | train reward: 1579.72 | best: 1596.29 | KL: 3.212e-03 | std: 0.5002 | rollout: 13.041s | update: 0.414s | total: 13.455s | samples/s: 4616
Iteration 0681 | train reward: 1580.49 | best: 1596.29 | KL: 2.278e-03 | std: 0.5002 | rollout: 13.189s | update: 0.417s | total: 13.606s | samples/s: 4551
Iteration 0682 | train reward: 1549.95 | best: 1596.29 | KL: 3.393e-03 | std: 0.5002 | rollout: 12.642s | update: 0.363s | total: 13.006s | samples/s: 4677
Iteration 0683 | train reward: 1570.96 | best: 1596.29 | KL: 2.289e-03 | std: 0.5019 | rollout: 12.784s | update: 0.407s | total: 13.191s | samples/s: 4667
Iteration 0684 | train reward: 1566.82 | best: 1596.29 | KL: 3.041e-03 | std: 0.5017 | rollout: 10.463s | update: 0.356s | total: 10.819s | samples/s: 5674
Iteration 0685 | train reward: 1560.72 | best: 1596.29 | KL: 3.212e-03 | std: 0.5024 | rollout: 11.496s | update: 0.397s | total: 11.893s | samples/s: 5113
Iteration 0686 | train reward: 1520.63 | best: 1596.29 | KL: 3.115e-03 | std: 0.5018 | rollout: 13.616s | update: 0.367s | total: 13.983s | samples/s: 4247
Iteration 0687 | train reward: 1550.49 | best: 1596.29 | KL: 2.498e-03 | std: 0.5033 | rollout: 10.080s | update: 0.399s | total: 10.479s | samples/s: 5780
Iteration 0688 | train reward: 1566.42 | best: 1596.29 | KL: 2.592e-03 | std: 0.5033 | rollout: 11.936s | update: 0.402s | total: 12.338s | samples/s: 4971
Iteration 0689 | train reward: 1558.97 | best: 1596.29 | KL: 2.774e-03 | std: 0.5027 | rollout: 13.081s | update: 0.391s | total: 13.473s | samples/s: 4558
Iteration 0690 | train reward: 1569.26 | best: 1596.29 | KL: 2.760e-03 | std: 0.5026 | rollout: 11.357s | update: 0.397s | total: 11.753s | samples/s: 5246
Iteration 0691 | train reward: 1546.68 | best: 1596.29 | KL: 2.621e-03 | std: 0.5009 | rollout: 11.809s | update: 0.419s | total: 12.228s | samples/s: 4981
Iteration 0692 | train reward: 1572.80 | best: 1596.29 | KL: 3.597e-03 | std: 0.5002 | rollout: 13.472s | update: 0.429s | total: 13.901s | samples/s: 4460
Iteration 0693 | train reward: 1566.10 | best: 1596.29 | KL: 2.496e-03 | std: 0.5009 | rollout: 13.650s | update: 0.365s | total: 14.016s | samples/s: 4408
Iteration 0694 | train reward: 1552.68 | best: 1596.29 | KL: 2.652e-03 | std: 0.5026 | rollout: 12.841s | update: 0.390s | total: 13.230s | samples/s: 4623
Iteration 0695 | train reward: 1561.75 | best: 1596.29 | KL: 2.814e-03 | std: 0.5026 | rollout: 12.899s | update: 0.404s | total: 13.304s | samples/s: 4642
Iteration 0696 | train reward: 1574.88 | best: 1596.29 | KL: 2.328e-03 | std: 0.5028 | rollout: 10.838s | update: 0.386s | total: 11.225s | samples/s: 5516
Iteration 0697 | train reward: 1547.58 | best: 1596.29 | KL: 3.170e-03 | std: 0.5028 | rollout: 11.833s | update: 0.398s | total: 12.232s | samples/s: 4964
Iteration 0698 | train reward: 1569.87 | best: 1596.29 | KL: 2.284e-03 | std: 0.5033 | rollout: 12.206s | update: 0.440s | total: 12.646s | samples/s: 4851
Iteration 0699 | train reward: 1538.64 | best: 1596.29 | KL: 2.459e-03 | std: 0.5052 | rollout: 12.770s | update: 0.383s | total: 13.152s | samples/s: 4567
Iteration 0700 | train reward: 1557.46 | best: 1596.29 | KL: 2.405e-03 | std: 0.5045 | rollout: 13.348s | update: 0.399s | total: 13.746s | samples/s: 4455
Iteration 0701 | train reward: 1541.99 | best: 1596.29 | KL: 3.367e-03 | std: 0.5026 | rollout: 12.653s | update: 0.391s | total: 13.044s | samples/s: 4620
Iteration 0702 | train reward: 1526.78 | best: 1596.29 | KL: 2.070e-03 | std: 0.5009 | rollout: 8.298s | update: 0.355s | total: 8.653s | samples/s: 6926
Iteration 0703 | train reward: 1550.72 | best: 1596.29 | KL: 3.192e-03 | std: 0.5019 | rollout: 8.904s | update: 0.349s | total: 9.253s | samples/s: 6583
Iteration 0704 | train reward: 1556.07 | best: 1596.29 | KL: 2.999e-03 | std: 0.5027 | rollout: 7.538s | update: 0.382s | total: 7.921s | samples/s: 7709
Iteration 0705 | train reward: 1579.46 | best: 1596.29 | KL: 2.949e-03 | std: 0.5024 | rollout: 12.328s | update: 0.392s | total: 12.720s | samples/s: 4866
Iteration 0706 | train reward: 1566.09 | best: 1596.29 | KL: 2.607e-03 | std: 0.5052 | rollout: 12.380s | update: 0.410s | total: 12.790s | samples/s: 4806
Iteration 0707 | train reward: 1505.96 | best: 1596.29 | KL: 3.005e-03 | std: 0.5050 | rollout: 10.595s | update: 0.407s | total: 11.002s | samples/s: 5381
Iteration 0708 | train reward: 1537.38 | best: 1596.29 | KL: 2.862e-03 | std: 0.5026 | rollout: 11.848s | update: 0.390s | total: 12.238s | samples/s: 4946
Iteration 0709 | train reward: 1581.30 | best: 1596.29 | KL: 2.549e-03 | std: 0.5043 | rollout: 12.463s | update: 0.397s | total: 12.860s | samples/s: 4821
Iteration 0710 | train reward: 1528.20 | best: 1596.29 | KL: 2.346e-03 | std: 0.5035 | rollout: 13.161s | update: 0.383s | total: 13.544s | samples/s: 4440
Iteration 0711 | train reward: 1550.23 | best: 1596.29 | KL: 2.654e-03 | std: 0.5027 | rollout: 11.115s | update: 0.409s | total: 11.524s | samples/s: 5276
Iteration 0712 | train reward: 1544.73 | best: 1596.29 | KL: 3.652e-03 | std: 0.5024 | rollout: 10.756s | update: 0.401s | total: 11.157s | samples/s: 5421
Iteration 0713 | train reward: 1534.24 | best: 1596.29 | KL: 1.997e-03 | std: 0.5028 | rollout: 13.061s | update: 0.354s | total: 13.415s | samples/s: 4511
Iteration 0714 | train reward: 1552.99 | best: 1596.29 | KL: 2.333e-03 | std: 0.5017 | rollout: 12.841s | update: 0.373s | total: 13.214s | samples/s: 4630
Iteration 0715 | train reward: 1556.12 | best: 1596.29 | KL: 2.429e-03 | std: 0.5019 | rollout: 9.121s | update: 0.370s | total: 9.492s | samples/s: 6422
Iteration 0716 | train reward: 1554.73 | best: 1596.29 | KL: 2.619e-03 | std: 0.5026 | rollout: 13.006s | update: 0.403s | total: 13.409s | samples/s: 4557
Iteration 0717 | train reward: 1553.23 | best: 1596.29 | KL: 2.525e-03 | std: 0.5024 | rollout: 12.687s | update: 0.399s | total: 13.086s | samples/s: 4657
Iteration 0718 | train reward: 1573.51 | best: 1596.29 | KL: 3.247e-03 | std: 0.5009 | rollout: 10.630s | update: 0.374s | total: 11.004s | samples/s: 5604
Iteration 0719 | train reward: 1564.17 | best: 1596.29 | KL: 2.425e-03 | std: 0.5017 | rollout: 11.334s | update: 0.422s | total: 11.757s | samples/s: 5218
Iteration 0720 | train reward: 1578.30 | best: 1596.29 | KL: 2.683e-03 | std: 0.5025 | rollout: 12.156s | update: 0.437s | total: 12.593s | samples/s: 4915
Iteration 0721 | train reward: 1564.70 | best: 1596.29 | KL: 2.672e-03 | std: 0.5052 | rollout: 9.048s | update: 0.402s | total: 9.450s | samples/s: 6501
Iteration 0722 | train reward: 1554.76 | best: 1596.29 | KL: 2.506e-03 | std: 0.5054 | rollout: 13.274s | update: 0.371s | total: 13.645s | samples/s: 4469
Iteration 0723 | train reward: 1578.32 | best: 1596.29 | KL: 3.711e-03 | std: 0.5035 | rollout: 11.754s | update: 0.391s | total: 12.145s | samples/s: 5102
Iteration 0724 | train reward: 1565.72 | best: 1596.29 | KL: 2.605e-03 | std: 0.5027 | rollout: 12.347s | update: 0.441s | total: 12.788s | samples/s: 4806
Iteration 0725 | train reward: 1562.18 | best: 1596.29 | KL: 4.256e-03 | std: 0.5017 | rollout: 9.276s | update: 0.352s | total: 9.628s | samples/s: 6353
Iteration 0726 | train reward: 1554.82 | best: 1596.29 | KL: 2.625e-03 | std: 0.5007 | rollout: 9.481s | update: 0.414s | total: 9.895s | samples/s: 6176
Iteration 0727 | train reward: 1549.62 | best: 1596.29 | KL: 2.776e-03 | std: 0.4998 | rollout: 11.531s | update: 0.396s | total: 11.927s | samples/s: 5110
Iteration 0728 | train reward: 1580.27 | best: 1596.29 | KL: 2.974e-03 | std: 0.4998 | rollout: 10.522s | update: 0.390s | total: 10.912s | samples/s: 5697
Iteration 0729 | train reward: 1545.63 | best: 1596.29 | KL: 3.372e-03 | std: 0.4983 | rollout: 10.936s | update: 0.411s | total: 11.347s | samples/s: 5329
Iteration 0730 | train reward: 1551.60 | best: 1596.29 | KL: 2.280e-03 | std: 0.4991 | rollout: 8.203s | update: 0.372s | total: 8.575s | samples/s: 7098
Iteration 0731 | train reward: 1563.69 | best: 1596.29 | KL: 2.145e-03 | std: 0.4976 | rollout: 12.421s | update: 0.390s | total: 12.811s | samples/s: 4778
Iteration 0732 | train reward: 1563.89 | best: 1596.29 | KL: 2.737e-03 | std: 0.4982 | rollout: 13.585s | update: 0.366s | total: 13.951s | samples/s: 4381
Iteration 0733 | train reward: 1561.62 | best: 1596.29 | KL: 2.448e-03 | std: 0.4981 | rollout: 8.950s | update: 0.365s | total: 9.315s | samples/s: 6578
Iteration 0734 | train reward: 1577.04 | best: 1596.29 | KL: 2.452e-03 | std: 0.5000 | rollout: 6.765s | update: 0.452s | total: 7.217s | samples/s: 8573
Iteration 0735 | train reward: 1562.47 | best: 1596.29 | KL: 2.697e-03 | std: 0.5000 | rollout: 7.683s | update: 0.373s | total: 8.057s | samples/s: 7608
Iteration 0736 | train reward: 1552.07 | best: 1596.29 | KL: 3.049e-03 | std: 0.4983 | rollout: 12.215s | update: 0.394s | total: 12.609s | samples/s: 4824
Iteration 0737 | train reward: 1566.26 | best: 1596.29 | KL: 2.652e-03 | std: 0.4981 | rollout: 12.999s | update: 0.365s | total: 13.364s | samples/s: 4608
Iteration 0738 | train reward: 1566.56 | best: 1596.29 | KL: 2.843e-03 | std: 0.4991 | rollout: 13.111s | update: 0.380s | total: 13.490s | samples/s: 4555
Iteration 0739 | train reward: 1572.13 | best: 1596.29 | KL: 3.000e-03 | std: 0.4974 | rollout: 11.819s | update: 0.398s | total: 12.218s | samples/s: 5033
Iteration 0740 | train reward: 1583.38 | best: 1596.29 | KL: 2.334e-03 | std: 0.4981 | rollout: 12.544s | update: 0.376s | total: 12.920s | samples/s: 4793
Iteration 0741 | train reward: 1569.72 | best: 1596.29 | KL: 2.549e-03 | std: 0.4999 | rollout: 9.461s | update: 0.378s | total: 9.839s | samples/s: 6202
Iteration 0742 | train reward: 1557.04 | best: 1596.29 | KL: 2.738e-03 | std: 0.4998 | rollout: 13.214s | update: 0.389s | total: 13.602s | samples/s: 4470
Iteration 0743 | train reward: 1560.49 | best: 1596.29 | KL: 2.940e-03 | std: 0.4998 | rollout: 13.029s | update: 0.364s | total: 13.393s | samples/s: 4539
Iteration 0744 | train reward: 1566.45 | best: 1596.29 | KL: 2.622e-03 | std: 0.4998 | rollout: 11.704s | update: 0.393s | total: 12.097s | samples/s: 5059
Iteration 0745 | train reward: 1562.88 | best: 1596.29 | KL: 2.911e-03 | std: 0.5000 | rollout: 10.569s | update: 0.392s | total: 10.961s | samples/s: 5571
Iteration 0746 | train reward: 1562.19 | best: 1596.29 | KL: 2.106e-03 | std: 0.5002 | rollout: 11.746s | update: 0.372s | total: 12.118s | samples/s: 5074
Iteration 0747 | train reward: 1574.44 | best: 1596.29 | KL: 3.091e-03 | std: 0.5007 | rollout: 13.046s | update: 0.396s | total: 13.442s | samples/s: 4624
Iteration 0748 | train reward: 1589.10 | best: 1596.29 | KL: 3.152e-03 | std: 0.5026 | rollout: 7.406s | update: 0.389s | total: 7.795s | samples/s: 8024
Iteration 0749 | train reward: 1556.60 | best: 1596.29 | KL: 2.552e-03 | std: 0.5024 | rollout: 8.248s | update: 0.412s | total: 8.660s | samples/s: 7082
Iteration 0750 | train reward: 1571.22 | best: 1596.29 | KL: 2.412e-03 | std: 0.5019 | rollout: 10.834s | update: 0.365s | total: 11.200s | samples/s: 5525
Iteration 0751 | train reward: 1550.73 | best: 1596.29 | KL: 2.821e-03 | std: 0.5007 | rollout: 11.177s | update: 0.366s | total: 11.543s | samples/s: 5286
Iteration 0752 | train reward: 1552.17 | best: 1596.29 | KL: 2.804e-03 | std: 0.5009 | rollout: 13.612s | update: 0.384s | total: 13.996s | samples/s: 4360
Iteration 0753 | train reward: 1566.24 | best: 1596.29 | KL: 2.691e-03 | std: 0.5000 | rollout: 11.162s | update: 0.437s | total: 11.599s | samples/s: 5301
Iteration 0754 | train reward: 1572.42 | best: 1596.29 | KL: 2.341e-03 | std: 0.5024 | rollout: 13.183s | update: 0.392s | total: 13.575s | samples/s: 4566
Iteration 0755 | train reward: 1574.14 | best: 1596.29 | KL: 3.026e-03 | std: 0.5019 | rollout: 12.967s | update: 0.374s | total: 13.341s | samples/s: 4665
Iteration 0756 | train reward: 1575.54 | best: 1596.29 | KL: 3.230e-03 | std: 0.5017 | rollout: 12.759s | update: 0.379s | total: 13.138s | samples/s: 4725
Iteration 0757 | train reward: 1572.36 | best: 1596.29 | KL: 2.358e-03 | std: 0.5024 | rollout: 13.479s | update: 0.387s | total: 13.866s | samples/s: 4471
Iteration 0758 | train reward: 1551.43 | best: 1596.29 | KL: 3.002e-03 | std: 0.5007 | rollout: 12.495s | update: 0.365s | total: 12.860s | samples/s: 4745
Iteration 0759 | train reward: 1542.53 | best: 1596.29 | KL: 3.049e-03 | std: 0.5026 | rollout: 12.003s | update: 0.391s | total: 12.394s | samples/s: 4910
Iteration 0760 | train reward: 1554.59 | best: 1596.29 | KL: 2.447e-03 | std: 0.5043 | rollout: 8.549s | update: 0.405s | total: 8.954s | samples/s: 6816
Iteration 0761 | train reward: 1528.37 | best: 1596.29 | KL: 2.884e-03 | std: 0.5050 | rollout: 8.016s | update: 0.434s | total: 8.450s | samples/s: 7133
Iteration 0762 | train reward: 1547.51 | best: 1596.29 | KL: 3.069e-03 | std: 0.5035 | rollout: 12.695s | update: 0.408s | total: 13.104s | samples/s: 4650
Iteration 0763 | train reward: 1541.95 | best: 1596.29 | KL: 1.993e-03 | std: 0.5035 | rollout: 10.554s | update: 0.379s | total: 10.933s | samples/s: 5564
Iteration 0764 | train reward: 1554.00 | best: 1596.29 | KL: 2.632e-03 | std: 0.5050 | rollout: 11.486s | update: 0.357s | total: 11.843s | samples/s: 5173
Iteration 0765 | train reward: 1546.47 | best: 1596.29 | KL: 2.428e-03 | std: 0.5059 | rollout: 12.308s | update: 0.413s | total: 12.721s | samples/s: 4781
Iteration 0766 | train reward: 1552.78 | best: 1596.29 | KL: 2.571e-03 | std: 0.5054 | rollout: 13.333s | update: 0.393s | total: 13.727s | samples/s: 4443
Iteration 0767 | train reward: 1558.28 | best: 1596.29 | KL: 3.174e-03 | std: 0.5059 | rollout: 11.876s | update: 0.368s | total: 12.243s | samples/s: 5018
Iteration 0768 | train reward: 1552.54 | best: 1596.29 | KL: 2.989e-03 | std: 0.5059 | rollout: 10.331s | update: 0.373s | total: 10.705s | samples/s: 5705
Iteration 0769 | train reward: 1542.17 | best: 1596.29 | KL: 3.430e-03 | std: 0.5071 | rollout: 13.535s | update: 0.400s | total: 13.935s | samples/s: 4355
Iteration 0770 | train reward: 1565.01 | best: 1596.29 | KL: 2.651e-03 | std: 0.5076 | rollout: 11.093s | update: 0.425s | total: 11.518s | samples/s: 5336
Iteration 0771 | train reward: 1559.08 | best: 1596.29 | KL: 3.369e-03 | std: 0.5054 | rollout: 12.806s | update: 0.380s | total: 13.186s | samples/s: 4656
Iteration 0772 | train reward: 1576.20 | best: 1596.29 | KL: 3.050e-03 | std: 0.5052 | rollout: 11.665s | update: 0.388s | total: 12.053s | samples/s: 5160
Iteration 0773 | train reward: 1569.56 | best: 1596.29 | KL: 3.156e-03 | std: 0.5050 | rollout: 11.732s | update: 0.370s | total: 12.102s | samples/s: 5088
Iteration 0774 | train reward: 1556.35 | best: 1596.29 | KL: 2.888e-03 | std: 0.5024 | rollout: 12.614s | update: 0.424s | total: 13.038s | samples/s: 4685
Iteration 0775 | train reward: 1581.45 | best: 1596.29 | KL: 2.801e-03 | std: 0.5017 | rollout: 12.555s | update: 0.442s | total: 12.997s | samples/s: 4788
Iteration 0776 | train reward: 1575.32 | best: 1596.29 | KL: 2.908e-03 | std: 0.5026 | rollout: 13.351s | update: 0.387s | total: 13.738s | samples/s: 4491
Iteration 0777 | train reward: 1576.03 | best: 1596.29 | KL: 3.171e-03 | std: 0.5028 | rollout: 12.817s | update: 0.367s | total: 13.185s | samples/s: 4713
Iteration 0778 | train reward: 1553.24 | best: 1596.29 | KL: 2.795e-03 | std: 0.5026 | rollout: 10.394s | update: 0.380s | total: 10.774s | samples/s: 5672
Iteration 0779 | train reward: 1556.33 | best: 1596.29 | KL: 2.712e-03 | std: 0.5045 | rollout: 10.263s | update: 0.405s | total: 10.668s | samples/s: 5772
Iteration 0780 | train reward: 1555.80 | best: 1596.29 | KL: 2.853e-03 | std: 0.5045 | rollout: 10.638s | update: 0.373s | total: 11.011s | samples/s: 5571
Iteration 0781 | train reward: 1552.65 | best: 1596.29 | KL: 2.116e-03 | std: 0.5027 | rollout: 13.310s | update: 0.404s | total: 13.714s | samples/s: 4467
Iteration 0782 | train reward: 1562.22 | best: 1596.29 | KL: 2.903e-03 | std: 0.5009 | rollout: 11.411s | update: 0.397s | total: 11.808s | samples/s: 5203
Iteration 0783 | train reward: 1549.45 | best: 1596.29 | KL: 2.220e-03 | std: 0.5024 | rollout: 8.101s | update: 0.374s | total: 8.475s | samples/s: 7202
Iteration 0784 | train reward: 1565.99 | best: 1596.29 | KL: 3.378e-03 | std: 0.5009 | rollout: 13.158s | update: 0.382s | total: 13.540s | samples/s: 4542
Iteration 0785 | train reward: 1555.38 | best: 1596.29 | KL: 2.503e-03 | std: 0.5019 | rollout: 11.062s | update: 0.412s | total: 11.474s | samples/s: 5350
Iteration 0786 | train reward: 1566.09 | best: 1596.29 | KL: 3.167e-03 | std: 0.5017 | rollout: 9.186s | update: 0.397s | total: 9.583s | samples/s: 6406
Iteration 0787 | train reward: 1543.10 | best: 1596.29 | KL: 2.809e-03 | std: 0.5000 | rollout: 13.385s | update: 0.430s | total: 13.815s | samples/s: 4405
Iteration 0788 | train reward: 1568.83 | best: 1596.29 | KL: 2.683e-03 | std: 0.4991 | rollout: 9.421s | update: 0.363s | total: 9.784s | samples/s: 6328
Iteration 0789 | train reward: 1579.59 | best: 1596.29 | KL: 2.694e-03 | std: 0.4991 | rollout: 11.037s | update: 0.413s | total: 11.451s | samples/s: 5418
Iteration 0790 | train reward: 1582.00 | best: 1596.29 | KL: 2.314e-03 | std: 0.4983 | rollout: 12.307s | update: 0.365s | total: 12.672s | samples/s: 4911
Iteration 0791 | train reward: 1583.19 | best: 1596.29 | KL: 2.895e-03 | std: 0.4974 | rollout: 13.538s | update: 0.415s | total: 13.953s | samples/s: 4438
Iteration 0792 | train reward: 1558.50 | best: 1596.29 | KL: 3.495e-03 | std: 0.4974 | rollout: 9.539s | update: 0.367s | total: 9.906s | samples/s: 6165
Iteration 0793 | train reward: 1577.93 | best: 1596.29 | KL: 2.673e-03 | std: 0.4998 | rollout: 13.048s | update: 0.407s | total: 13.455s | samples/s: 4599
Iteration 0794 | train reward: 1561.21 | best: 1596.29 | KL: 2.530e-03 | std: 0.4991 | rollout: 12.932s | update: 0.377s | total: 13.309s | samples/s: 4604
Iteration 0795 | train reward: 1538.29 | best: 1596.29 | KL: 2.701e-03 | std: 0.4992 | rollout: 11.906s | update: 0.368s | total: 12.275s | samples/s: 4902
Iteration 0796 | train reward: 1547.84 | best: 1596.29 | KL: 2.771e-03 | std: 0.4976 | rollout: 12.867s | update: 0.411s | total: 13.278s | samples/s: 4569
Iteration 0797 | train reward: 1555.49 | best: 1596.29 | KL: 2.760e-03 | std: 0.4993 | rollout: 13.398s | update: 0.445s | total: 13.844s | samples/s: 4377
Iteration 0798 | train reward: 1564.64 | best: 1596.29 | KL: 2.691e-03 | std: 0.4983 | rollout: 12.185s | update: 0.375s | total: 12.560s | samples/s: 4879
Iteration 0799 | train reward: 1551.83 | best: 1596.29 | KL: 2.690e-03 | std: 0.4981 | rollout: 11.844s | update: 0.396s | total: 12.240s | samples/s: 4953
Iteration 0800 | train reward: 1568.62 | best: 1596.29 | KL: 3.388e-03 | std: 0.4975 | rollout: 12.723s | update: 0.390s | total: 13.113s | samples/s: 4663
Iteration 0801 | train reward: 1555.42 | best: 1596.29 | KL: 3.026e-03 | std: 0.4998 | rollout: 11.225s | update: 0.361s | total: 11.585s | samples/s: 5253
Iteration 0802 | train reward: 1552.67 | best: 1596.29 | KL: 3.001e-03 | std: 0.4999 | rollout: 13.577s | update: 0.411s | total: 13.987s | samples/s: 4308
Iteration 0803 | train reward: 1550.20 | best: 1596.29 | KL: 2.590e-03 | std: 0.4983 | rollout: 12.212s | update: 0.435s | total: 12.648s | samples/s: 4773
Iteration 0804 | train reward: 1549.85 | best: 1596.29 | KL: 3.262e-03 | std: 0.5000 | rollout: 7.888s | update: 0.378s | total: 8.266s | samples/s: 7296
Iteration 0805 | train reward: 1533.81 | best: 1596.29 | KL: 2.930e-03 | std: 0.5024 | rollout: 7.121s | update: 0.375s | total: 7.496s | samples/s: 7918
Iteration 0806 | train reward: 1546.69 | best: 1596.29 | KL: 2.925e-03 | std: 0.5009 | rollout: 12.582s | update: 0.363s | total: 12.945s | samples/s: 4651
Iteration 0807 | train reward: 1538.50 | best: 1596.29 | KL: 3.135e-03 | std: 0.5000 | rollout: 12.546s | update: 0.363s | total: 12.909s | samples/s: 4635
Iteration 0808 | train reward: 1523.93 | best: 1596.29 | KL: 3.241e-03 | std: 0.5007 | rollout: 13.074s | update: 0.406s | total: 13.480s | samples/s: 4400
Iteration 0809 | train reward: 1538.84 | best: 1596.29 | KL: 2.988e-03 | std: 0.5000 | rollout: 11.095s | update: 0.378s | total: 11.473s | samples/s: 5205
Iteration 0810 | train reward: 1560.27 | best: 1596.29 | KL: 3.846e-03 | std: 0.5000 | rollout: 9.278s | update: 0.389s | total: 9.667s | samples/s: 6279
Iteration 0811 | train reward: 1565.79 | best: 1596.29 | KL: 3.043e-03 | std: 0.4992 | rollout: 12.110s | update: 0.373s | total: 12.484s | samples/s: 4852
Iteration 0812 | train reward: 1539.59 | best: 1596.29 | KL: 3.364e-03 | std: 0.4982 | rollout: 7.657s | update: 0.401s | total: 8.058s | samples/s: 7416
Iteration 0813 | train reward: 1567.30 | best: 1596.29 | KL: 3.133e-03 | std: 0.4973 | rollout: 9.795s | update: 0.386s | total: 10.181s | samples/s: 5972
Iteration 0814 | train reward: 1562.88 | best: 1596.29 | KL: 2.676e-03 | std: 0.4972 | rollout: 13.298s | update: 0.393s | total: 13.691s | samples/s: 4432
Iteration 0815 | train reward: 1541.93 | best: 1596.29 | KL: 2.776e-03 | std: 0.4973 | rollout: 10.753s | update: 0.346s | total: 11.100s | samples/s: 5392
Iteration 0816 | train reward: 1555.23 | best: 1596.29 | KL: 2.459e-03 | std: 0.4965 | rollout: 10.736s | update: 0.408s | total: 11.143s | samples/s: 5418
Iteration 0817 | train reward: 1560.05 | best: 1596.29 | KL: 3.079e-03 | std: 0.4976 | rollout: 11.896s | update: 0.380s | total: 12.276s | samples/s: 4946
Iteration 0818 | train reward: 1579.75 | best: 1596.29 | KL: 3.540e-03 | std: 0.4991 | rollout: 10.696s | update: 0.419s | total: 11.115s | samples/s: 5507
Iteration 0819 | train reward: 1567.97 | best: 1596.29 | KL: 2.732e-03 | std: 0.4981 | rollout: 12.317s | update: 0.403s | total: 12.720s | samples/s: 4771
Iteration 0820 | train reward: 1557.77 | best: 1596.29 | KL: 2.423e-03 | std: 0.5000 | rollout: 10.495s | update: 0.374s | total: 10.869s | samples/s: 5559
Iteration 0821 | train reward: 1566.15 | best: 1596.29 | KL: 2.637e-03 | std: 0.5028 | rollout: 12.233s | update: 0.411s | total: 12.644s | samples/s: 4827
Iteration 0822 | train reward: 1568.81 | best: 1596.29 | KL: 2.456e-03 | std: 0.5024 | rollout: 8.193s | update: 0.437s | total: 8.630s | samples/s: 7079
Iteration 0823 | train reward: 1549.66 | best: 1596.29 | KL: 2.433e-03 | std: 0.5009 | rollout: 8.142s | update: 0.385s | total: 8.526s | samples/s: 7080
Iteration 0824 | train reward: 1572.45 | best: 1596.29 | KL: 2.744e-03 | std: 0.5009 | rollout: 10.811s | update: 0.383s | total: 11.194s | samples/s: 5485
Iteration 0825 | train reward: 1583.47 | best: 1596.29 | KL: 3.241e-03 | std: 0.5019 | rollout: 12.997s | update: 0.383s | total: 13.381s | samples/s: 4625
Iteration 0826 | train reward: 1561.14 | best: 1596.29 | KL: 2.171e-03 | std: 0.5017 | rollout: 13.563s | update: 0.407s | total: 13.970s | samples/s: 4358
Iteration 0827 | train reward: 1557.67 | best: 1596.29 | KL: 2.873e-03 | std: 0.5000 | rollout: 11.574s | update: 0.373s | total: 11.948s | samples/s: 5085
Iteration 0828 | train reward: 1573.73 | best: 1596.29 | KL: 2.458e-03 | std: 0.5001 | rollout: 10.695s | update: 0.410s | total: 11.105s | samples/s: 5522
Iteration 0829 | train reward: 1599.00 | best: 1599.00 | KL: 3.440e-03 | std: 0.4998 | rollout: 13.393s | update: 0.459s | total: 13.852s | samples/s: 4499
Iteration 0830 | train reward: 1572.40 | best: 1599.00 | KL: 3.859e-03 | std: 0.4981 | rollout: 10.631s | update: 0.414s | total: 11.045s | samples/s: 5552
Iteration 0831 | train reward: 1573.12 | best: 1599.00 | KL: 3.409e-03 | std: 0.4998 | rollout: 10.952s | update: 0.404s | total: 11.356s | samples/s: 5410
Iteration 0832 | train reward: 1573.72 | best: 1599.00 | KL: 3.002e-03 | std: 0.5002 | rollout: 13.022s | update: 0.435s | total: 13.457s | samples/s: 4546
Iteration 0833 | train reward: 1573.94 | best: 1599.00 | KL: 3.591e-03 | std: 0.5017 | rollout: 12.532s | update: 0.426s | total: 12.958s | samples/s: 4744
Iteration 0834 | train reward: 1578.83 | best: 1599.00 | KL: 3.155e-03 | std: 0.5027 | rollout: 12.478s | update: 0.367s | total: 12.845s | samples/s: 4792
Iteration 0835 | train reward: 1563.87 | best: 1599.00 | KL: 2.456e-03 | std: 0.5024 | rollout: 11.812s | update: 0.353s | total: 12.165s | samples/s: 5002
Iteration 0836 | train reward: 1581.91 | best: 1599.00 | KL: 2.867e-03 | std: 0.5050 | rollout: 8.715s | update: 0.362s | total: 9.077s | samples/s: 6792
Iteration 0837 | train reward: 1564.11 | best: 1599.00 | KL: 2.614e-03 | std: 0.5024 | rollout: 12.838s | update: 0.359s | total: 13.197s | samples/s: 4593
Iteration 0838 | train reward: 1557.47 | best: 1599.00 | KL: 3.538e-03 | std: 0.5024 | rollout: 11.603s | update: 0.392s | total: 11.994s | samples/s: 5061
Iteration 0839 | train reward: 1582.52 | best: 1599.00 | KL: 3.363e-03 | std: 0.5035 | rollout: 11.787s | update: 0.389s | total: 12.176s | samples/s: 5065
Iteration 0840 | train reward: 1578.27 | best: 1599.00 | KL: 3.027e-03 | std: 0.5025 | rollout: 9.712s | update: 0.385s | total: 10.096s | samples/s: 6089
Iteration 0841 | train reward: 1588.82 | best: 1599.00 | KL: 3.162e-03 | std: 0.5028 | rollout: 6.746s | update: 0.364s | total: 7.110s | samples/s: 8734
Iteration 0842 | train reward: 1579.78 | best: 1599.00 | KL: 3.227e-03 | std: 0.5035 | rollout: 6.803s | update: 0.410s | total: 7.213s | samples/s: 8563
Iteration 0843 | train reward: 1600.13 | best: 1600.13 | KL: 3.176e-03 | std: 0.5033 | rollout: 11.978s | update: 0.403s | total: 12.381s | samples/s: 5064
Iteration 0844 | train reward: 1604.65 | best: 1604.65 | KL: 2.393e-03 | std: 0.5044 | rollout: 13.091s | update: 0.412s | total: 13.503s | samples/s: 4633
Iteration 0845 | train reward: 1586.15 | best: 1604.65 | KL: 3.287e-03 | std: 0.5033 | rollout: 11.360s | update: 0.381s | total: 11.741s | samples/s: 5268
Iteration 0846 | train reward: 1567.36 | best: 1604.65 | KL: 2.443e-03 | std: 0.5045 | rollout: 11.923s | update: 0.367s | total: 12.290s | samples/s: 4987
Iteration 0847 | train reward: 1573.09 | best: 1604.65 | KL: 2.764e-03 | std: 0.5050 | rollout: 11.894s | update: 0.406s | total: 12.299s | samples/s: 4976
Iteration 0848 | train reward: 1565.73 | best: 1604.65 | KL: 2.562e-03 | std: 0.5054 | rollout: 13.480s | update: 0.373s | total: 13.853s | samples/s: 4394
Iteration 0849 | train reward: 1589.35 | best: 1604.65 | KL: 2.938e-03 | std: 0.5052 | rollout: 12.817s | update: 0.376s | total: 13.193s | samples/s: 4699
Iteration 0850 | train reward: 1569.14 | best: 1604.65 | KL: 2.837e-03 | std: 0.5028 | rollout: 12.543s | update: 0.392s | total: 12.935s | samples/s: 4738
Iteration 0851 | train reward: 1577.54 | best: 1604.65 | KL: 4.435e-03 | std: 0.5017 | rollout: 12.428s | update: 0.367s | total: 12.795s | samples/s: 4798
Iteration 0852 | train reward: 1586.52 | best: 1604.65 | KL: 2.484e-03 | std: 0.5026 | rollout: 8.361s | update: 0.440s | total: 8.801s | samples/s: 7042
Iteration 0853 | train reward: 1603.33 | best: 1604.65 | KL: 3.385e-03 | std: 0.5028 | rollout: 7.883s | update: 0.380s | total: 8.263s | samples/s: 7590
Iteration 0854 | train reward: 1567.16 | best: 1604.65 | KL: 2.606e-03 | std: 0.5026 | rollout: 12.819s | update: 0.406s | total: 13.226s | samples/s: 4654
Iteration 0855 | train reward: 1572.12 | best: 1604.65 | KL: 2.675e-03 | std: 0.5026 | rollout: 12.410s | update: 0.385s | total: 12.796s | samples/s: 4829
Iteration 0856 | train reward: 1574.61 | best: 1604.65 | KL: 3.484e-03 | std: 0.5027 | rollout: 9.717s | update: 0.406s | total: 10.123s | samples/s: 6143
Iteration 0857 | train reward: 1568.31 | best: 1604.65 | KL: 2.237e-03 | std: 0.5019 | rollout: 12.021s | update: 0.400s | total: 12.421s | samples/s: 4970
Iteration 0858 | train reward: 1597.65 | best: 1604.65 | KL: 3.136e-03 | std: 0.5002 | rollout: 12.865s | update: 0.401s | total: 13.266s | samples/s: 4745
Iteration 0859 | train reward: 1594.14 | best: 1604.65 | KL: 3.048e-03 | std: 0.5024 | rollout: 13.273s | update: 0.369s | total: 13.642s | samples/s: 4603
Iteration 0860 | train reward: 1577.27 | best: 1604.65 | KL: 2.896e-03 | std: 0.5019 | rollout: 12.734s | update: 0.402s | total: 13.137s | samples/s: 4741
Iteration 0861 | train reward: 1585.40 | best: 1604.65 | KL: 3.148e-03 | std: 0.5043 | rollout: 12.120s | update: 0.422s | total: 12.542s | samples/s: 4969
Iteration 0862 | train reward: 1587.42 | best: 1604.65 | KL: 3.046e-03 | std: 0.5033 | rollout: 10.059s | update: 0.380s | total: 10.440s | samples/s: 5948
Iteration 0863 | train reward: 1572.99 | best: 1604.65 | KL: 3.178e-03 | std: 0.5028 | rollout: 12.564s | update: 0.412s | total: 12.976s | samples/s: 4758
Iteration 0864 | train reward: 1583.80 | best: 1604.65 | KL: 3.688e-03 | std: 0.5033 | rollout: 9.760s | update: 0.396s | total: 10.156s | samples/s: 6122
Iteration 0865 | train reward: 1581.25 | best: 1604.65 | KL: 3.260e-03 | std: 0.5045 | rollout: 12.615s | update: 0.394s | total: 13.009s | samples/s: 4767
Iteration 0866 | train reward: 1564.08 | best: 1604.65 | KL: 3.535e-03 | std: 0.5035 | rollout: 10.748s | update: 0.386s | total: 11.134s | samples/s: 5519
Iteration 0867 | train reward: 1561.88 | best: 1604.65 | KL: 2.314e-03 | std: 0.5026 | rollout: 10.938s | update: 0.399s | total: 11.337s | samples/s: 5423
Iteration 0868 | train reward: 1561.57 | best: 1604.65 | KL: 3.272e-03 | std: 0.5050 | rollout: 10.485s | update: 0.377s | total: 10.862s | samples/s: 5636
Iteration 0869 | train reward: 1579.05 | best: 1604.65 | KL: 3.165e-03 | std: 0.5079 | rollout: 10.431s | update: 0.366s | total: 10.798s | samples/s: 5712
Iteration 0870 | train reward: 1581.49 | best: 1604.65 | KL: 3.865e-03 | std: 0.5111 | rollout: 11.892s | update: 0.388s | total: 12.280s | samples/s: 5023
Iteration 0871 | train reward: 1577.32 | best: 1604.65 | KL: 3.054e-03 | std: 0.5113 | rollout: 12.316s | update: 0.403s | total: 12.719s | samples/s: 4835
Iteration 0872 | train reward: 1564.79 | best: 1604.65 | KL: 3.315e-03 | std: 0.5104 | rollout: 13.010s | update: 0.435s | total: 13.446s | samples/s: 4536
Iteration 0873 | train reward: 1568.99 | best: 1604.65 | KL: 3.297e-03 | std: 0.5097 | rollout: 11.613s | update: 0.411s | total: 12.024s | samples/s: 5101
Iteration 0874 | train reward: 1566.49 | best: 1604.65 | KL: 3.804e-03 | std: 0.5080 | rollout: 10.410s | update: 0.417s | total: 10.827s | samples/s: 5678
Iteration 0875 | train reward: 1582.01 | best: 1604.65 | KL: 2.979e-03 | std: 0.5079 | rollout: 12.010s | update: 0.376s | total: 12.386s | samples/s: 5041
Iteration 0876 | train reward: 1582.89 | best: 1604.65 | KL: 2.833e-03 | std: 0.5078 | rollout: 8.175s | update: 0.388s | total: 8.563s | samples/s: 7297
Iteration 0877 | train reward: 1585.26 | best: 1604.65 | KL: 3.831e-03 | std: 0.5080 | rollout: 11.376s | update: 0.460s | total: 11.836s | samples/s: 5279
Iteration 0878 | train reward: 1573.30 | best: 1604.65 | KL: 3.542e-03 | std: 0.5104 | rollout: 11.415s | update: 0.376s | total: 11.791s | samples/s: 5261
Iteration 0879 | train reward: 1558.22 | best: 1604.65 | KL: 2.457e-03 | std: 0.5123 | rollout: 12.893s | update: 0.411s | total: 13.305s | samples/s: 4597
Iteration 0880 | train reward: 1563.78 | best: 1604.65 | KL: 3.945e-03 | std: 0.5111 | rollout: 10.392s | update: 0.384s | total: 10.776s | samples/s: 5734
Iteration 0881 | train reward: 1569.78 | best: 1604.65 | KL: 3.163e-03 | std: 0.5130 | rollout: 12.484s | update: 0.370s | total: 12.854s | samples/s: 4807
Iteration 0882 | train reward: 1569.29 | best: 1604.65 | KL: 3.440e-03 | std: 0.5149 | rollout: 10.634s | update: 0.378s | total: 11.013s | samples/s: 5621
Iteration 0883 | train reward: 1571.93 | best: 1604.65 | KL: 2.749e-03 | std: 0.5132 | rollout: 10.115s | update: 0.374s | total: 10.489s | samples/s: 5934
Iteration 0884 | train reward: 1584.40 | best: 1604.65 | KL: 2.708e-03 | std: 0.5138 | rollout: 9.860s | update: 0.407s | total: 10.266s | samples/s: 6116
Iteration 0885 | train reward: 1582.74 | best: 1604.65 | KL: 3.789e-03 | std: 0.5163 | rollout: 13.190s | update: 0.390s | total: 13.580s | samples/s: 4611
Iteration 0886 | train reward: 1578.02 | best: 1604.65 | KL: 2.313e-03 | std: 0.5148 | rollout: 11.302s | update: 0.374s | total: 11.676s | samples/s: 5338
Iteration 0887 | train reward: 1571.50 | best: 1604.65 | KL: 2.760e-03 | std: 0.5165 | rollout: 13.351s | update: 0.390s | total: 13.741s | samples/s: 4539
Iteration 0888 | train reward: 1579.69 | best: 1604.65 | KL: 3.434e-03 | std: 0.5184 | rollout: 13.769s | update: 0.405s | total: 14.174s | samples/s: 4438
Iteration 0889 | train reward: 1562.21 | best: 1604.65 | KL: 2.878e-03 | std: 0.5184 | rollout: 11.765s | update: 0.452s | total: 12.218s | samples/s: 5050
Iteration 0890 | train reward: 1567.19 | best: 1604.65 | KL: 3.291e-03 | std: 0.5182 | rollout: 11.167s | update: 0.419s | total: 11.585s | samples/s: 5367
Iteration 0891 | train reward: 1580.08 | best: 1604.65 | KL: 2.953e-03 | std: 0.5189 | rollout: 13.010s | update: 0.443s | total: 13.453s | samples/s: 4666
Iteration 0892 | train reward: 1569.62 | best: 1604.65 | KL: 3.671e-03 | std: 0.5200 | rollout: 10.684s | update: 0.395s | total: 11.078s | samples/s: 5639
Iteration 0893 | train reward: 1563.99 | best: 1604.65 | KL: 3.225e-03 | std: 0.5200 | rollout: 8.174s | update: 0.450s | total: 8.625s | samples/s: 7225
Iteration 0894 | train reward: 1561.21 | best: 1604.65 | KL: 2.966e-03 | std: 0.5180 | rollout: 8.219s | update: 0.362s | total: 8.581s | samples/s: 7280
Iteration 0895 | train reward: 1541.03 | best: 1604.65 | KL: 2.446e-03 | std: 0.5156 | rollout: 6.573s | update: 0.392s | total: 6.965s | samples/s: 8819
Iteration 0896 | train reward: 1575.10 | best: 1604.65 | KL: 2.908e-03 | std: 0.5176 | rollout: 12.017s | update: 0.366s | total: 12.383s | samples/s: 5068
Iteration 0897 | train reward: 1568.10 | best: 1604.65 | KL: 2.751e-03 | std: 0.5174 | rollout: 11.323s | update: 0.395s | total: 11.718s | samples/s: 5315
Iteration 0898 | train reward: 1554.89 | best: 1604.65 | KL: 3.405e-03 | std: 0.5165 | rollout: 10.548s | update: 0.368s | total: 10.916s | samples/s: 5641
Iteration 0899 | train reward: 1575.93 | best: 1604.65 | KL: 3.318e-03 | std: 0.5150 | rollout: 12.371s | update: 0.399s | total: 12.770s | samples/s: 4911
Iteration 0900 | train reward: 1539.21 | best: 1604.65 | KL: 3.503e-03 | std: 0.5137 | rollout: 12.188s | update: 0.376s | total: 12.564s | samples/s: 4858
Iteration 0901 | train reward: 1552.15 | best: 1604.65 | KL: 3.046e-03 | std: 0.5132 | rollout: 10.423s | update: 0.370s | total: 10.794s | samples/s: 5707
Iteration 0902 | train reward: 1561.43 | best: 1604.65 | KL: 2.651e-03 | std: 0.5149 | rollout: 10.326s | update: 0.366s | total: 10.692s | samples/s: 5782
Iteration 0903 | train reward: 1545.90 | best: 1604.65 | KL: 2.445e-03 | std: 0.5139 | rollout: 11.370s | update: 0.361s | total: 11.731s | samples/s: 5208
Iteration 0904 | train reward: 1567.57 | best: 1604.65 | KL: 3.457e-03 | std: 0.5156 | rollout: 10.072s | update: 0.403s | total: 10.475s | samples/s: 5932
Iteration 0905 | train reward: 1566.92 | best: 1604.65 | KL: 3.471e-03 | std: 0.5132 | rollout: 7.655s | update: 0.409s | total: 8.064s | samples/s: 7704
Iteration 0906 | train reward: 1582.72 | best: 1604.65 | KL: 2.386e-03 | std: 0.5139 | rollout: 10.964s | update: 0.425s | total: 11.388s | samples/s: 5522
Iteration 0907 | train reward: 1570.27 | best: 1604.65 | KL: 2.479e-03 | std: 0.5147 | rollout: 10.072s | update: 0.428s | total: 10.500s | samples/s: 5919
Iteration 0908 | train reward: 1551.28 | best: 1604.65 | KL: 2.732e-03 | std: 0.5132 | rollout: 12.042s | update: 0.442s | total: 12.484s | samples/s: 4894
Iteration 0909 | train reward: 1558.79 | best: 1604.65 | KL: 3.730e-03 | std: 0.5122 | rollout: 11.402s | update: 0.426s | total: 11.828s | samples/s: 5174
Iteration 0910 | train reward: 1561.86 | best: 1604.65 | KL: 3.144e-03 | std: 0.5111 | rollout: 12.700s | update: 0.395s | total: 13.095s | samples/s: 4709
Iteration 0911 | train reward: 1552.55 | best: 1604.65 | KL: 2.424e-03 | std: 0.5112 | rollout: 13.595s | update: 0.377s | total: 13.972s | samples/s: 4385
Iteration 0912 | train reward: 1566.82 | best: 1604.65 | KL: 3.330e-03 | std: 0.5129 | rollout: 13.001s | update: 0.474s | total: 13.475s | samples/s: 4563
Iteration 0913 | train reward: 1573.26 | best: 1604.65 | KL: 3.079e-03 | std: 0.5131 | rollout: 12.397s | update: 0.389s | total: 12.786s | samples/s: 4828
Iteration 0914 | train reward: 1558.62 | best: 1604.65 | KL: 3.783e-03 | std: 0.5139 | rollout: 8.969s | update: 0.381s | total: 9.350s | samples/s: 6552
Iteration 0915 | train reward: 1560.78 | best: 1604.65 | KL: 2.859e-03 | std: 0.5137 | rollout: 10.349s | update: 0.381s | total: 10.730s | samples/s: 5729
Iteration 0916 | train reward: 1528.43 | best: 1604.65 | KL: 2.649e-03 | std: 0.5121 | rollout: 11.194s | update: 0.357s | total: 11.551s | samples/s: 5202
Iteration 0917 | train reward: 1558.17 | best: 1604.65 | KL: 2.905e-03 | std: 0.5130 | rollout: 10.900s | update: 0.370s | total: 11.270s | samples/s: 5383
Iteration 0918 | train reward: 1549.29 | best: 1604.65 | KL: 3.094e-03 | std: 0.5104 | rollout: 13.207s | update: 0.399s | total: 13.606s | samples/s: 4443
Iteration 0919 | train reward: 1571.86 | best: 1604.65 | KL: 3.097e-03 | std: 0.5087 | rollout: 7.826s | update: 0.410s | total: 8.236s | samples/s: 7467
Iteration 0920 | train reward: 1543.06 | best: 1604.65 | KL: 3.152e-03 | std: 0.5106 | rollout: 6.834s | update: 0.393s | total: 7.227s | samples/s: 8367
Iteration 0921 | train reward: 1560.98 | best: 1604.65 | KL: 2.698e-03 | std: 0.5097 | rollout: 11.658s | update: 0.371s | total: 12.030s | samples/s: 5042
Iteration 0922 | train reward: 1556.00 | best: 1604.65 | KL: 3.041e-03 | std: 0.5097 | rollout: 10.376s | update: 0.430s | total: 10.806s | samples/s: 5635
Iteration 0923 | train reward: 1591.86 | best: 1604.65 | KL: 2.811e-03 | std: 0.5097 | rollout: 11.760s | update: 0.440s | total: 12.200s | samples/s: 5129
Iteration 0924 | train reward: 1563.34 | best: 1604.65 | KL: 3.148e-03 | std: 0.5085 | rollout: 7.344s | update: 0.375s | total: 7.719s | samples/s: 7911
Iteration 0925 | train reward: 1578.21 | best: 1604.65 | KL: 3.198e-03 | std: 0.5087 | rollout: 12.755s | update: 0.416s | total: 13.171s | samples/s: 4692
Iteration 0926 | train reward: 1553.06 | best: 1604.65 | KL: 2.752e-03 | std: 0.5102 | rollout: 11.320s | update: 0.381s | total: 11.701s | samples/s: 5225
Iteration 0927 | train reward: 1586.82 | best: 1604.65 | KL: 3.185e-03 | std: 0.5085 | rollout: 12.772s | update: 0.409s | total: 13.181s | samples/s: 4702
Iteration 0928 | train reward: 1564.59 | best: 1604.65 | KL: 3.076e-03 | std: 0.5097 | rollout: 12.049s | update: 0.408s | total: 12.458s | samples/s: 4893
Iteration 0929 | train reward: 1570.13 | best: 1604.65 | KL: 1.934e-03 | std: 0.5087 | rollout: 11.880s | update: 0.416s | total: 12.296s | samples/s: 4992
Iteration 0930 | train reward: 1539.37 | best: 1604.65 | KL: 3.177e-03 | std: 0.5113 | rollout: 12.381s | update: 0.370s | total: 12.752s | samples/s: 4714
Iteration 0931 | train reward: 1562.25 | best: 1604.65 | KL: 4.277e-03 | std: 0.5106 | rollout: 12.735s | update: 0.370s | total: 13.105s | samples/s: 4613
Iteration 0932 | train reward: 1566.97 | best: 1604.65 | KL: 2.692e-03 | std: 0.5080 | rollout: 11.926s | update: 0.378s | total: 12.304s | samples/s: 4993
Iteration 0933 | train reward: 1515.41 | best: 1604.65 | KL: 2.686e-03 | std: 0.5078 | rollout: 13.691s | update: 0.429s | total: 14.119s | samples/s: 4205
Iteration 0934 | train reward: 1565.04 | best: 1604.65 | KL: 3.407e-03 | std: 0.5095 | rollout: 12.515s | update: 0.431s | total: 12.946s | samples/s: 4733
Iteration 0935 | train reward: 1547.22 | best: 1604.65 | KL: 3.355e-03 | std: 0.5097 | rollout: 13.429s | update: 0.385s | total: 13.814s | samples/s: 4373
Iteration 0936 | train reward: 1580.92 | best: 1604.65 | KL: 3.094e-03 | std: 0.5102 | rollout: 11.557s | update: 0.367s | total: 11.924s | samples/s: 5178
Iteration 0937 | train reward: 1559.49 | best: 1604.65 | KL: 3.989e-03 | std: 0.5078 | rollout: 13.438s | update: 0.399s | total: 13.836s | samples/s: 4401
Iteration 0938 | train reward: 1583.13 | best: 1604.65 | KL: 3.131e-03 | std: 0.5076 | rollout: 12.975s | update: 0.427s | total: 13.402s | samples/s: 4627
Iteration 0939 | train reward: 1565.91 | best: 1604.65 | KL: 3.083e-03 | std: 0.5070 | rollout: 11.699s | update: 0.393s | total: 12.092s | samples/s: 5068
Iteration 0940 | train reward: 1585.08 | best: 1604.65 | KL: 2.655e-03 | std: 0.5054 | rollout: 11.390s | update: 0.430s | total: 11.821s | samples/s: 5274
Iteration 0941 | train reward: 1554.69 | best: 1604.65 | KL: 3.411e-03 | std: 0.5069 | rollout: 12.017s | update: 0.399s | total: 12.417s | samples/s: 4914
Iteration 0942 | train reward: 1557.71 | best: 1604.65 | KL: 2.668e-03 | std: 0.5069 | rollout: 11.153s | update: 0.400s | total: 11.553s | samples/s: 5275
Iteration 0943 | train reward: 1574.07 | best: 1604.65 | KL: 3.897e-03 | std: 0.5069 | rollout: 13.490s | update: 0.413s | total: 13.903s | samples/s: 4434
Iteration 0944 | train reward: 1549.21 | best: 1604.65 | KL: 3.054e-03 | std: 0.5076 | rollout: 13.129s | update: 0.408s | total: 13.537s | samples/s: 4487
Iteration 0945 | train reward: 1562.58 | best: 1604.65 | KL: 2.546e-03 | std: 0.5061 | rollout: 8.447s | update: 0.418s | total: 8.865s | samples/s: 6907
Iteration 0946 | train reward: 1551.25 | best: 1604.65 | KL: 3.622e-03 | std: 0.5076 | rollout: 10.087s | update: 0.383s | total: 10.471s | samples/s: 5818
Iteration 0947 | train reward: 1567.52 | best: 1604.65 | KL: 3.474e-03 | std: 0.5078 | rollout: 11.795s | update: 0.376s | total: 12.171s | samples/s: 5055
Iteration 0948 | train reward: 1576.89 | best: 1604.65 | KL: 4.264e-03 | std: 0.5087 | rollout: 12.094s | update: 0.397s | total: 12.491s | samples/s: 4951
Iteration 0949 | train reward: 1546.74 | best: 1604.65 | KL: 2.628e-03 | std: 0.5079 | rollout: 10.863s | update: 0.428s | total: 11.290s | samples/s: 5409
Iteration 0950 | train reward: 1549.26 | best: 1604.65 | KL: 3.794e-03 | std: 0.5076 | rollout: 9.850s | update: 0.400s | total: 10.250s | samples/s: 5950
Iteration 0951 | train reward: 1530.58 | best: 1604.65 | KL: 2.929e-03 | std: 0.5080 | rollout: 10.429s | update: 0.370s | total: 10.800s | samples/s: 5556
Iteration 0952 | train reward: 1550.47 | best: 1604.65 | KL: 4.294e-03 | std: 0.5071 | rollout: 12.711s | update: 0.380s | total: 13.090s | samples/s: 4646
Iteration 0953 | train reward: 1554.95 | best: 1604.65 | KL: 3.356e-03 | std: 0.5087 | rollout: 11.683s | update: 0.363s | total: 12.046s | samples/s: 5072
Iteration 0954 | train reward: 1546.58 | best: 1604.65 | KL: 4.450e-03 | std: 0.5097 | rollout: 12.563s | update: 0.357s | total: 12.920s | samples/s: 4688
Iteration 0955 | train reward: 1510.09 | best: 1604.65 | KL: 2.544e-03 | std: 0.5097 | rollout: 13.628s | update: 0.394s | total: 14.022s | samples/s: 4199
Iteration 0956 | train reward: 1575.29 | best: 1604.65 | KL: 2.697e-03 | std: 0.5106 | rollout: 9.831s | update: 0.378s | total: 10.209s | samples/s: 6038
Iteration 0957 | train reward: 1553.48 | best: 1604.65 | KL: 2.369e-03 | std: 0.5111 | rollout: 13.596s | update: 0.361s | total: 13.957s | samples/s: 4348
Iteration 0958 | train reward: 1572.93 | best: 1604.65 | KL: 2.863e-03 | std: 0.5123 | rollout: 6.703s | update: 0.355s | total: 7.058s | samples/s: 8714
Iteration 0959 | train reward: 1571.48 | best: 1604.65 | KL: 3.463e-03 | std: 0.5121 | rollout: 7.016s | update: 0.398s | total: 7.414s | samples/s: 8309
Iteration 0960 | train reward: 1549.50 | best: 1604.65 | KL: 2.572e-03 | std: 0.5080 | rollout: 13.203s | update: 0.416s | total: 13.619s | samples/s: 4453
Iteration 0961 | train reward: 1550.60 | best: 1604.65 | KL: 3.286e-03 | std: 0.5069 | rollout: 12.551s | update: 0.374s | total: 12.925s | samples/s: 4701
Iteration 0962 | train reward: 1567.56 | best: 1604.65 | KL: 3.268e-03 | std: 0.5069 | rollout: 12.980s | update: 0.366s | total: 13.346s | samples/s: 4624
Iteration 0963 | train reward: 1587.81 | best: 1604.65 | KL: 2.835e-03 | std: 0.5076 | rollout: 8.833s | update: 0.362s | total: 9.195s | samples/s: 6778
Iteration 0964 | train reward: 1580.21 | best: 1604.65 | KL: 3.481e-03 | std: 0.5071 | rollout: 10.903s | update: 0.441s | total: 11.343s | samples/s: 5476
Iteration 0965 | train reward: 1585.43 | best: 1604.65 | KL: 4.386e-03 | std: 0.5061 | rollout: 10.773s | update: 0.412s | total: 11.184s | samples/s: 5535
Iteration 0966 | train reward: 1559.83 | best: 1604.65 | KL: 2.709e-03 | std: 0.5053 | rollout: 9.575s | update: 0.409s | total: 9.984s | samples/s: 6129
Iteration 0967 | train reward: 1580.22 | best: 1604.65 | KL: 3.167e-03 | std: 0.5059 | rollout: 9.198s | update: 0.382s | total: 9.580s | samples/s: 6425
Iteration 0968 | train reward: 1557.01 | best: 1604.65 | KL: 2.641e-03 | std: 0.5053 | rollout: 9.714s | update: 0.379s | total: 10.093s | samples/s: 6035
Iteration 0969 | train reward: 1561.18 | best: 1604.65 | KL: 2.708e-03 | std: 0.5054 | rollout: 13.582s | update: 0.429s | total: 14.012s | samples/s: 4376
Iteration 0970 | train reward: 1557.30 | best: 1604.65 | KL: 2.163e-03 | std: 0.5052 | rollout: 11.784s | update: 0.394s | total: 12.177s | samples/s: 5016
Iteration 0971 | train reward: 1589.15 | best: 1604.65 | KL: 4.263e-03 | std: 0.5050 | rollout: 10.780s | update: 0.433s | total: 11.213s | samples/s: 5532
Iteration 0972 | train reward: 1600.00 | best: 1604.65 | KL: 2.420e-03 | std: 0.5050 | rollout: 12.546s | update: 0.389s | total: 12.935s | samples/s: 4855
Iteration 0973 | train reward: 1588.31 | best: 1604.65 | KL: 3.580e-03 | std: 0.5028 | rollout: 9.742s | update: 0.410s | total: 10.152s | samples/s: 6140
Iteration 0974 | train reward: 1570.63 | best: 1604.65 | KL: 2.945e-03 | std: 0.5035 | rollout: 12.517s | update: 0.394s | total: 12.911s | samples/s: 4762
Iteration 0975 | train reward: 1553.32 | best: 1604.65 | KL: 3.027e-03 | std: 0.5019 | rollout: 9.701s | update: 0.407s | total: 10.108s | samples/s: 5999
Iteration 0976 | train reward: 1578.10 | best: 1604.65 | KL: 3.421e-03 | std: 0.5019 | rollout: 12.785s | update: 0.431s | total: 13.216s | samples/s: 4685
Iteration 0977 | train reward: 1593.87 | best: 1604.65 | KL: 3.438e-03 | std: 0.5027 | rollout: 12.930s | update: 0.360s | total: 13.290s | samples/s: 4704
Iteration 0978 | train reward: 1575.68 | best: 1604.65 | KL: 2.527e-03 | std: 0.5017 | rollout: 12.488s | update: 0.379s | total: 12.867s | samples/s: 4818
Iteration 0979 | train reward: 1581.07 | best: 1604.65 | KL: 2.829e-03 | std: 0.5007 | rollout: 13.149s | update: 0.418s | total: 13.567s | samples/s: 4576
Iteration 0980 | train reward: 1568.27 | best: 1604.65 | KL: 3.660e-03 | std: 0.5024 | rollout: 10.954s | update: 0.377s | total: 11.331s | samples/s: 5437
Iteration 0981 | train reward: 1560.41 | best: 1604.65 | KL: 3.514e-03 | std: 0.5026 | rollout: 13.076s | update: 0.390s | total: 13.466s | samples/s: 4541
Iteration 0982 | train reward: 1567.99 | best: 1604.65 | KL: 3.927e-03 | std: 0.5009 | rollout: 13.197s | update: 0.406s | total: 13.603s | samples/s: 4522
Iteration 0983 | train reward: 1575.70 | best: 1604.65 | KL: 3.123e-03 | std: 0.5017 | rollout: 13.069s | update: 0.416s | total: 13.485s | samples/s: 4565
Iteration 0984 | train reward: 1538.01 | best: 1604.65 | KL: 4.617e-03 | std: 0.5026 | rollout: 10.825s | update: 0.415s | total: 11.240s | samples/s: 5316
Iteration 0985 | train reward: 1566.13 | best: 1604.65 | KL: 2.943e-03 | std: 0.5019 | rollout: 13.593s | update: 0.385s | total: 13.978s | samples/s: 4364
Iteration 0986 | train reward: 1558.06 | best: 1604.65 | KL: 3.171e-03 | std: 0.5028 | rollout: 13.395s | update: 0.380s | total: 13.775s | samples/s: 4408
Iteration 0987 | train reward: 1541.16 | best: 1604.65 | KL: 3.478e-03 | std: 0.5045 | rollout: 13.156s | update: 0.405s | total: 13.561s | samples/s: 4434
Iteration 0988 | train reward: 1577.71 | best: 1604.65 | KL: 3.120e-03 | std: 0.5043 | rollout: 12.085s | update: 0.422s | total: 12.506s | samples/s: 4916
Iteration 0989 | train reward: 1583.31 | best: 1604.65 | KL: 3.066e-03 | std: 0.5043 | rollout: 13.181s | update: 0.391s | total: 13.573s | samples/s: 4546
Iteration 0990 | train reward: 1567.81 | best: 1604.65 | KL: 3.823e-03 | std: 0.5045 | rollout: 13.446s | update: 0.361s | total: 13.807s | samples/s: 4424
Iteration 0991 | train reward: 1576.11 | best: 1604.65 | KL: 2.399e-03 | std: 0.5045 | rollout: 12.499s | update: 0.404s | total: 12.903s | samples/s: 4767
Iteration 0992 | train reward: 1582.01 | best: 1604.65 | KL: 2.777e-03 | std: 0.5061 | rollout: 7.390s | update: 0.415s | total: 7.805s | samples/s: 7912
Iteration 0993 | train reward: 1599.20 | best: 1604.65 | KL: 4.257e-03 | std: 0.5054 | rollout: 8.238s | update: 0.367s | total: 8.606s | samples/s: 7214
Iteration 0994 | train reward: 1570.92 | best: 1604.65 | KL: 3.562e-03 | std: 0.5059 | rollout: 6.850s | update: 0.380s | total: 7.230s | samples/s: 8499
Iteration 0995 | train reward: 1581.29 | best: 1604.65 | KL: 3.599e-03 | std: 0.5070 | rollout: 12.365s | update: 0.390s | total: 12.754s | samples/s: 4821
Iteration 0996 | train reward: 1567.91 | best: 1604.65 | KL: 3.875e-03 | std: 0.5076 | rollout: 12.864s | update: 0.395s | total: 13.259s | samples/s: 4621
Iteration 0997 | train reward: 1556.77 | best: 1604.65 | KL: 2.509e-03 | std: 0.5076 | rollout: 12.451s | update: 0.403s | total: 12.854s | samples/s: 4737
Iteration 0998 | train reward: 1577.06 | best: 1604.65 | KL: 2.340e-03 | std: 0.5078 | rollout: 8.033s | update: 0.422s | total: 8.455s | samples/s: 7278
Iteration 0999 | train reward: 1558.08 | best: 1604.65 | KL: 4.749e-03 | std: 0.5071 | rollout: 8.438s | update: 0.415s | total: 8.853s | samples/s: 6874
Iteration 1000 | train reward: 1538.58 | best: 1604.65 | KL: 3.169e-03 | std: 0.5086 | rollout: 10.479s | update: 0.364s | total: 10.843s | samples/s: 5542
Iteration 1001 | train reward: 1573.00 | best: 1604.65 | KL: 2.443e-03 | std: 0.5096 | rollout: 12.845s | update: 0.372s | total: 13.216s | samples/s: 4634
Iteration 1002 | train reward: 1563.03 | best: 1604.65 | KL: 2.932e-03 | std: 0.5105 | rollout: 10.303s | update: 0.373s | total: 10.676s | samples/s: 5693
Iteration 1003 | train reward: 1559.26 | best: 1604.65 | KL: 3.070e-03 | std: 0.5104 | rollout: 12.549s | update: 0.405s | total: 12.955s | samples/s: 4701
Iteration 1004 | train reward: 1573.45 | best: 1604.65 | KL: 3.055e-03 | std: 0.5104 | rollout: 10.057s | update: 0.377s | total: 10.434s | samples/s: 5874
Iteration 1005 | train reward: 1548.82 | best: 1604.65 | KL: 3.041e-03 | std: 0.5095 | rollout: 10.708s | update: 0.385s | total: 11.093s | samples/s: 5400
Iteration 1006 | train reward: 1579.01 | best: 1604.65 | KL: 2.986e-03 | std: 0.5104 | rollout: 13.005s | update: 0.417s | total: 13.422s | samples/s: 4564
Iteration 1007 | train reward: 1555.71 | best: 1604.65 | KL: 3.107e-03 | std: 0.5106 | rollout: 13.075s | update: 0.352s | total: 13.427s | samples/s: 4512
Iteration 1008 | train reward: 1574.71 | best: 1604.65 | KL: 4.094e-03 | std: 0.5104 | rollout: 9.708s | update: 0.429s | total: 10.137s | samples/s: 6067
Iteration 1009 | train reward: 1565.03 | best: 1604.65 | KL: 2.881e-03 | std: 0.5080 | rollout: 9.719s | update: 0.384s | total: 10.102s | samples/s: 6062
Iteration 1010 | train reward: 1546.61 | best: 1604.65 | KL: 2.832e-03 | std: 0.5095 | rollout: 11.566s | update: 0.378s | total: 11.944s | samples/s: 5066
Iteration 1011 | train reward: 1528.78 | best: 1604.65 | KL: 3.038e-03 | std: 0.5104 | rollout: 12.491s | update: 0.364s | total: 12.854s | samples/s: 4631
Iteration 1012 | train reward: 1562.49 | best: 1604.65 | KL: 3.914e-03 | std: 0.5097 | rollout: 10.072s | update: 0.397s | total: 10.469s | samples/s: 5836
Iteration 1013 | train reward: 1548.41 | best: 1604.65 | KL: 2.801e-03 | std: 0.5078 | rollout: 6.535s | update: 0.361s | total: 6.895s | samples/s: 8727
Iteration 1014 | train reward: 1564.30 | best: 1604.65 | KL: 2.751e-03 | std: 0.5078 | rollout: 7.528s | update: 0.390s | total: 7.918s | samples/s: 7734
Iteration 1015 | train reward: 1581.90 | best: 1604.65 | KL: 3.421e-03 | std: 0.5104 | rollout: 9.281s | update: 0.390s | total: 9.671s | samples/s: 6389
Iteration 1016 | train reward: 1552.55 | best: 1604.65 | KL: 2.902e-03 | std: 0.5112 | rollout: 9.595s | update: 0.400s | total: 9.995s | samples/s: 6063
Iteration 1017 | train reward: 1545.23 | best: 1604.65 | KL: 2.981e-03 | std: 0.5104 | rollout: 11.174s | update: 0.401s | total: 11.575s | samples/s: 5193
Iteration 1018 | train reward: 1543.64 | best: 1604.65 | KL: 2.229e-03 | std: 0.5104 | rollout: 7.728s | update: 0.365s | total: 8.093s | samples/s: 7479
Iteration 1019 | train reward: 1568.84 | best: 1604.65 | KL: 2.968e-03 | std: 0.5087 | rollout: 6.901s | update: 0.399s | total: 7.301s | samples/s: 8404
Iteration 1020 | train reward: 1574.41 | best: 1604.65 | KL: 2.698e-03 | std: 0.5095 | rollout: 7.171s | update: 0.404s | total: 7.575s | samples/s: 8142
Iteration 1021 | train reward: 1575.62 | best: 1604.65 | KL: 3.240e-03 | std: 0.5097 | rollout: 10.277s | update: 0.388s | total: 10.665s | samples/s: 5784
Iteration 1022 | train reward: 1568.92 | best: 1604.65 | KL: 3.895e-03 | std: 0.5087 | rollout: 11.592s | update: 0.420s | total: 12.012s | samples/s: 5109
Iteration 1023 | train reward: 1583.82 | best: 1604.65 | KL: 3.203e-03 | std: 0.5080 | rollout: 10.534s | update: 0.380s | total: 10.914s | samples/s: 5654
Iteration 1024 | train reward: 1560.49 | best: 1604.65 | KL: 2.304e-03 | std: 0.5104 | rollout: 10.429s | update: 0.371s | total: 10.800s | samples/s: 5648
Iteration 1025 | train reward: 1555.55 | best: 1604.65 | KL: 3.202e-03 | std: 0.5111 | rollout: 12.766s | update: 0.389s | total: 13.155s | samples/s: 4625
Iteration 1026 | train reward: 1552.62 | best: 1604.65 | KL: 2.860e-03 | std: 0.5130 | rollout: 13.003s | update: 0.355s | total: 13.358s | samples/s: 4543
Iteration 1027 | train reward: 1565.31 | best: 1604.65 | KL: 2.881e-03 | std: 0.5123 | rollout: 10.166s | update: 0.352s | total: 10.518s | samples/s: 5804
Iteration 1028 | train reward: 1571.32 | best: 1604.65 | KL: 2.501e-03 | std: 0.5132 | rollout: 9.543s | update: 0.410s | total: 9.953s | samples/s: 6169
Iteration 1029 | train reward: 1565.13 | best: 1604.65 | KL: 3.828e-03 | std: 0.5147 | rollout: 9.946s | update: 0.370s | total: 10.316s | samples/s: 5971
Iteration 1030 | train reward: 1545.57 | best: 1604.65 | KL: 2.339e-03 | std: 0.5156 | rollout: 12.181s | update: 0.360s | total: 12.541s | samples/s: 4837
Iteration 1031 | train reward: 1570.56 | best: 1604.65 | KL: 3.993e-03 | std: 0.5156 | rollout: 11.751s | update: 0.361s | total: 12.111s | samples/s: 5076
Iteration 1032 | train reward: 1576.52 | best: 1604.65 | KL: 2.806e-03 | std: 0.5156 | rollout: 11.986s | update: 0.446s | total: 12.432s | samples/s: 4965
Iteration 1033 | train reward: 1569.31 | best: 1604.65 | KL: 3.236e-03 | std: 0.5182 | rollout: 9.781s | update: 0.423s | total: 10.205s | samples/s: 6034
Iteration 1034 | train reward: 1550.10 | best: 1604.65 | KL: 2.859e-03 | std: 0.5208 | rollout: 12.086s | update: 0.379s | total: 12.465s | samples/s: 4860
Iteration 1035 | train reward: 1544.99 | best: 1604.65 | KL: 3.778e-03 | std: 0.5191 | rollout: 8.481s | update: 0.394s | total: 8.875s | samples/s: 6830
Iteration 1036 | train reward: 1543.52 | best: 1604.65 | KL: 3.088e-03 | std: 0.5183 | rollout: 9.762s | update: 0.390s | total: 10.152s | samples/s: 5955
Iteration 1037 | train reward: 1561.93 | best: 1604.65 | KL: 2.874e-03 | std: 0.5182 | rollout: 6.611s | update: 0.396s | total: 7.007s | samples/s: 8687
Iteration 1038 | train reward: 1540.74 | best: 1604.65 | KL: 2.275e-03 | std: 0.5156 | rollout: 12.836s | update: 0.400s | total: 13.236s | samples/s: 4559
Iteration 1039 | train reward: 1552.66 | best: 1604.65 | KL: 2.707e-03 | std: 0.5147 | rollout: 9.763s | update: 0.409s | total: 10.171s | samples/s: 5999
Iteration 1040 | train reward: 1574.18 | best: 1604.65 | KL: 3.066e-03 | std: 0.5150 | rollout: 10.471s | update: 0.396s | total: 10.866s | samples/s: 5694
Iteration 1041 | train reward: 1537.14 | best: 1604.65 | KL: 2.394e-03 | std: 0.5154 | rollout: 11.576s | update: 0.392s | total: 11.968s | samples/s: 5025
Iteration 1042 | train reward: 1572.65 | best: 1604.65 | KL: 2.700e-03 | std: 0.5132 | rollout: 8.348s | update: 0.402s | total: 8.750s | samples/s: 7067
Iteration 1043 | train reward: 1551.38 | best: 1604.65 | KL: 2.782e-03 | std: 0.5137 | rollout: 11.006s | update: 0.373s | total: 11.379s | samples/s: 5348
Iteration 1044 | train reward: 1566.63 | best: 1604.65 | KL: 3.125e-03 | std: 0.5148 | rollout: 12.001s | update: 0.416s | total: 12.417s | samples/s: 4969
Iteration 1045 | train reward: 1554.82 | best: 1604.65 | KL: 3.544e-03 | std: 0.5154 | rollout: 9.330s | update: 0.363s | total: 9.693s | samples/s: 6290
Iteration 1046 | train reward: 1570.30 | best: 1604.65 | KL: 3.039e-03 | std: 0.5149 | rollout: 8.943s | update: 0.374s | total: 9.317s | samples/s: 6607
Iteration 1047 | train reward: 1561.32 | best: 1604.65 | KL: 3.206e-03 | std: 0.5149 | rollout: 9.615s | update: 0.379s | total: 9.994s | samples/s: 6119
Iteration 1048 | train reward: 1563.65 | best: 1604.65 | KL: 3.883e-03 | std: 0.5173 | rollout: 10.781s | update: 0.372s | total: 11.153s | samples/s: 5507
Iteration 1049 | train reward: 1582.64 | best: 1604.65 | KL: 3.452e-03 | std: 0.5175 | rollout: 10.383s | update: 0.381s | total: 10.764s | samples/s: 5771
Iteration 1050 | train reward: 1566.73 | best: 1604.65 | KL: 3.545e-03 | std: 0.5156 | rollout: 10.855s | update: 0.363s | total: 11.218s | samples/s: 5454
Iteration 1051 | train reward: 1562.51 | best: 1604.65 | KL: 2.703e-03 | std: 0.5165 | rollout: 9.695s | update: 0.410s | total: 10.106s | samples/s: 6051
Iteration 1052 | train reward: 1561.54 | best: 1604.65 | KL: 3.208e-03 | std: 0.5156 | rollout: 10.524s | update: 0.373s | total: 10.896s | samples/s: 5635
Iteration 1053 | train reward: 1569.35 | best: 1604.65 | KL: 2.462e-03 | std: 0.5157 | rollout: 12.320s | update: 0.393s | total: 12.714s | samples/s: 4840
Iteration 1054 | train reward: 1570.32 | best: 1604.65 | KL: 3.719e-03 | std: 0.5158 | rollout: 8.042s | update: 0.380s | total: 8.422s | samples/s: 7333
Iteration 1055 | train reward: 1561.59 | best: 1604.65 | KL: 3.641e-03 | std: 0.5174 | rollout: 12.539s | update: 0.356s | total: 12.896s | samples/s: 4751
Iteration 1056 | train reward: 1567.66 | best: 1604.65 | KL: 3.586e-03 | std: 0.5157 | rollout: 9.701s | update: 0.396s | total: 10.097s | samples/s: 6115
Iteration 1057 | train reward: 1549.10 | best: 1604.65 | KL: 2.538e-03 | std: 0.5149 | rollout: 7.474s | update: 0.363s | total: 7.838s | samples/s: 7756
Iteration 1058 | train reward: 1571.36 | best: 1604.65 | KL: 3.277e-03 | std: 0.5139 | rollout: 8.740s | update: 0.359s | total: 9.100s | samples/s: 6816
Iteration 1059 | train reward: 1553.34 | best: 1604.65 | KL: 2.751e-03 | std: 0.5132 | rollout: 10.238s | update: 0.377s | total: 10.615s | samples/s: 5785
Iteration 1060 | train reward: 1569.46 | best: 1604.65 | KL: 3.943e-03 | std: 0.5154 | rollout: 6.812s | update: 0.391s | total: 7.203s | samples/s: 8611
Iteration 1061 | train reward: 1566.99 | best: 1604.65 | KL: 3.060e-03 | std: 0.5156 | rollout: 8.107s | update: 0.390s | total: 8.497s | samples/s: 7274
Iteration 1062 | train reward: 1533.26 | best: 1604.65 | KL: 3.530e-03 | std: 0.5163 | rollout: 7.158s | update: 0.381s | total: 7.539s | samples/s: 8043
Iteration 1063 | train reward: 1564.75 | best: 1604.65 | KL: 3.933e-03 | std: 0.5175 | rollout: 12.088s | update: 0.363s | total: 12.451s | samples/s: 4961
Iteration 1064 | train reward: 1557.07 | best: 1604.65 | KL: 2.709e-03 | std: 0.5184 | rollout: 10.742s | update: 0.369s | total: 11.111s | samples/s: 5528
Iteration 1065 | train reward: 1542.93 | best: 1604.65 | KL: 2.221e-03 | std: 0.5191 | rollout: 11.461s | update: 0.356s | total: 11.817s | samples/s: 5149
Iteration 1066 | train reward: 1559.45 | best: 1604.65 | KL: 3.415e-03 | std: 0.5206 | rollout: 6.854s | update: 0.370s | total: 7.224s | samples/s: 8557
Iteration 1067 | train reward: 1555.88 | best: 1604.65 | KL: 2.198e-03 | std: 0.5183 | rollout: 9.675s | update: 0.358s | total: 10.033s | samples/s: 6132
Iteration 1068 | train reward: 1560.56 | best: 1604.65 | KL: 3.448e-03 | std: 0.5200 | rollout: 6.762s | update: 0.459s | total: 7.221s | samples/s: 8553
Iteration 1069 | train reward: 1571.28 | best: 1604.65 | KL: 2.604e-03 | std: 0.5182 | rollout: 8.817s | update: 0.360s | total: 9.177s | samples/s: 6759
Iteration 1070 | train reward: 1512.31 | best: 1604.65 | KL: 2.417e-03 | std: 0.5183 | rollout: 10.406s | update: 0.355s | total: 10.760s | samples/s: 5562
Iteration 1071 | train reward: 1557.77 | best: 1604.65 | KL: 2.943e-03 | std: 0.5182 | rollout: 12.449s | update: 0.358s | total: 12.807s | samples/s: 4791
Iteration 1072 | train reward: 1573.34 | best: 1604.65 | KL: 3.150e-03 | std: 0.5163 | rollout: 11.768s | update: 0.369s | total: 12.137s | samples/s: 5094
Iteration 1073 | train reward: 1550.17 | best: 1604.65 | KL: 3.516e-03 | std: 0.5157 | rollout: 9.671s | update: 0.367s | total: 10.038s | samples/s: 6099
Iteration 1074 | train reward: 1564.13 | best: 1604.65 | KL: 2.793e-03 | std: 0.5139 | rollout: 8.071s | update: 0.395s | total: 8.466s | samples/s: 7287
Iteration 1075 | train reward: 1549.08 | best: 1604.65 | KL: 2.319e-03 | std: 0.5139 | rollout: 7.676s | update: 0.399s | total: 8.075s | samples/s: 7557
Iteration 1076 | train reward: 1536.46 | best: 1604.65 | KL: 3.425e-03 | std: 0.5149 | rollout: 6.874s | update: 0.350s | total: 7.224s | samples/s: 8396
Iteration 1077 | train reward: 1536.98 | best: 1604.65 | KL: 3.077e-03 | std: 0.5149 | rollout: 6.410s | update: 0.384s | total: 6.794s | samples/s: 8906
Iteration 1078 | train reward: 1543.57 | best: 1604.65 | KL: 2.731e-03 | std: 0.5173 | rollout: 6.353s | update: 0.362s | total: 6.715s | samples/s: 9055
Iteration 1079 | train reward: 1552.01 | best: 1604.65 | KL: 2.889e-03 | std: 0.5174 | rollout: 6.333s | update: 0.380s | total: 6.712s | samples/s: 9129
Iteration 1080 | train reward: 1546.30 | best: 1604.65 | KL: 3.436e-03 | std: 0.5191 | rollout: 6.464s | update: 0.360s | total: 6.824s | samples/s: 8956
Iteration 1081 | train reward: 1560.64 | best: 1604.65 | KL: 2.960e-03 | std: 0.5184 | rollout: 6.505s | update: 0.367s | total: 6.872s | samples/s: 8954
Iteration 1082 | train reward: 1561.28 | best: 1604.65 | KL: 3.327e-03 | std: 0.5191 | rollout: 7.827s | update: 0.360s | total: 8.188s | samples/s: 7496
Iteration 1083 | train reward: 1558.15 | best: 1604.65 | KL: 3.787e-03 | std: 0.5182 | rollout: 8.440s | update: 0.367s | total: 8.807s | samples/s: 6974
Iteration 1084 | train reward: 1551.71 | best: 1604.65 | KL: 3.074e-03 | std: 0.5182 | rollout: 8.650s | update: 0.398s | total: 9.048s | samples/s: 6783
Iteration 1085 | train reward: 1556.04 | best: 1604.65 | KL: 3.056e-03 | std: 0.5191 | rollout: 10.110s | update: 0.363s | total: 10.473s | samples/s: 5891
Iteration 1086 | train reward: 1507.33 | best: 1604.65 | KL: 3.252e-03 | std: 0.5182 | rollout: 9.765s | update: 0.374s | total: 10.139s | samples/s: 5888
Iteration 1087 | train reward: 1548.95 | best: 1604.65 | KL: 2.835e-03 | std: 0.5184 | rollout: 9.746s | update: 0.380s | total: 10.126s | samples/s: 6066
Iteration 1088 | train reward: 1543.18 | best: 1604.65 | KL: 3.323e-03 | std: 0.5163 | rollout: 8.107s | update: 0.379s | total: 8.486s | samples/s: 7231
Iteration 1089 | train reward: 1543.05 | best: 1604.65 | KL: 2.946e-03 | std: 0.5165 | rollout: 10.381s | update: 0.395s | total: 10.776s | samples/s: 5679
Iteration 1090 | train reward: 1551.90 | best: 1604.65 | KL: 3.198e-03 | std: 0.5156 | rollout: 10.485s | update: 0.391s | total: 10.876s | samples/s: 5641
Iteration 1091 | train reward: 1561.71 | best: 1604.65 | KL: 2.461e-03 | std: 0.5165 | rollout: 10.978s | update: 0.396s | total: 11.374s | samples/s: 5470
Iteration 1092 | train reward: 1551.18 | best: 1604.65 | KL: 3.121e-03 | std: 0.5173 | rollout: 11.623s | update: 0.381s | total: 12.005s | samples/s: 5128
Iteration 1093 | train reward: 1567.03 | best: 1604.65 | KL: 3.420e-03 | std: 0.5182 | rollout: 11.832s | update: 0.376s | total: 12.207s | samples/s: 5097
Iteration 1094 | train reward: 1529.47 | best: 1604.65 | KL: 2.695e-03 | std: 0.5165 | rollout: 7.615s | update: 0.354s | total: 7.969s | samples/s: 7646
Iteration 1095 | train reward: 1565.58 | best: 1604.65 | KL: 3.245e-03 | std: 0.5181 | rollout: 11.888s | update: 0.375s | total: 12.262s | samples/s: 5066
Iteration 1096 | train reward: 1550.49 | best: 1604.65 | KL: 2.638e-03 | std: 0.5180 | rollout: 10.846s | update: 0.375s | total: 11.221s | samples/s: 5485
Iteration 1097 | train reward: 1548.88 | best: 1604.65 | KL: 4.084e-03 | std: 0.5184 | rollout: 10.637s | update: 0.387s | total: 11.024s | samples/s: 5566
Iteration 1098 | train reward: 1527.51 | best: 1604.65 | KL: 3.650e-03 | std: 0.5199 | rollout: 12.561s | update: 0.392s | total: 12.953s | samples/s: 4685
Iteration 1099 | train reward: 1546.90 | best: 1604.65 | KL: 2.819e-03 | std: 0.5208 | rollout: 9.202s | update: 0.386s | total: 9.588s | samples/s: 6375
Iteration 1100 | train reward: 1532.93 | best: 1604.65 | KL: 2.731e-03 | std: 0.5191 | rollout: 10.552s | update: 0.387s | total: 10.938s | samples/s: 5530
Iteration 1101 | train reward: 1539.66 | best: 1604.65 | KL: 2.462e-03 | std: 0.5201 | rollout: 11.352s | update: 0.354s | total: 11.706s | samples/s: 5209
Iteration 1102 | train reward: 1531.39 | best: 1604.65 | KL: 3.015e-03 | std: 0.5183 | rollout: 9.128s | update: 0.368s | total: 9.495s | samples/s: 6383
Iteration 1103 | train reward: 1561.15 | best: 1604.65 | KL: 3.146e-03 | std: 0.5182 | rollout: 8.135s | update: 0.371s | total: 8.507s | samples/s: 7249
Iteration 1104 | train reward: 1560.18 | best: 1604.65 | KL: 2.898e-03 | std: 0.5183 | rollout: 10.207s | update: 0.394s | total: 10.600s | samples/s: 5792
Iteration 1105 | train reward: 1549.57 | best: 1604.65 | KL: 2.465e-03 | std: 0.5180 | rollout: 9.917s | update: 0.357s | total: 10.274s | samples/s: 5947
Iteration 1106 | train reward: 1559.76 | best: 1604.65 | KL: 2.925e-03 | std: 0.5182 | rollout: 10.380s | update: 0.391s | total: 10.771s | samples/s: 5685
Iteration 1107 | train reward: 1556.41 | best: 1604.65 | KL: 2.815e-03 | std: 0.5208 | rollout: 7.686s | update: 0.387s | total: 8.073s | samples/s: 7595
Iteration 1108 | train reward: 1545.55 | best: 1604.65 | KL: 2.875e-03 | std: 0.5210 | rollout: 6.487s | update: 0.358s | total: 6.846s | samples/s: 8895
Iteration 1109 | train reward: 1554.93 | best: 1604.65 | KL: 2.544e-03 | std: 0.5210 | rollout: 9.580s | update: 0.388s | total: 9.968s | samples/s: 6147
Iteration 1110 | train reward: 1538.92 | best: 1604.65 | KL: 3.031e-03 | std: 0.5202 | rollout: 11.944s | update: 0.376s | total: 12.319s | samples/s: 4922
Iteration 1111 | train reward: 1545.49 | best: 1604.65 | KL: 3.221e-03 | std: 0.5189 | rollout: 8.240s | update: 0.384s | total: 8.624s | samples/s: 7083
Iteration 1112 | train reward: 1545.30 | best: 1604.65 | KL: 3.333e-03 | std: 0.5165 | rollout: 7.776s | update: 0.421s | total: 8.198s | samples/s: 7454
Iteration 1113 | train reward: 1571.78 | best: 1604.65 | KL: 2.823e-03 | std: 0.5174 | rollout: 7.128s | update: 0.380s | total: 7.508s | samples/s: 8270
Iteration 1114 | train reward: 1546.61 | best: 1604.65 | KL: 3.023e-03 | std: 0.5158 | rollout: 6.555s | update: 0.390s | total: 6.945s | samples/s: 8789
Iteration 1115 | train reward: 1536.76 | best: 1604.65 | KL: 2.915e-03 | std: 0.5165 | rollout: 10.599s | update: 0.409s | total: 11.008s | samples/s: 5519
Iteration 1116 | train reward: 1547.12 | best: 1604.65 | KL: 3.776e-03 | std: 0.5174 | rollout: 6.934s | update: 0.353s | total: 7.288s | samples/s: 8410
Iteration 1117 | train reward: 1567.40 | best: 1604.65 | KL: 3.432e-03 | std: 0.5154 | rollout: 6.654s | update: 0.399s | total: 7.052s | samples/s: 8772
Iteration 1118 | train reward: 1580.21 | best: 1604.65 | KL: 2.492e-03 | std: 0.5158 | rollout: 6.623s | update: 0.380s | total: 7.003s | samples/s: 8923
Iteration 1119 | train reward: 1569.47 | best: 1604.65 | KL: 2.483e-03 | std: 0.5173 | rollout: 6.335s | update: 0.376s | total: 6.712s | samples/s: 9272
Iteration 1120 | train reward: 1563.99 | best: 1604.65 | KL: 2.233e-03 | std: 0.5180 | rollout: 8.366s | update: 0.375s | total: 8.741s | samples/s: 7098
Iteration 1121 | train reward: 1576.47 | best: 1604.65 | KL: 2.715e-03 | std: 0.5163 | rollout: 10.005s | update: 0.419s | total: 10.424s | samples/s: 5998
Iteration 1122 | train reward: 1575.58 | best: 1604.65 | KL: 2.422e-03 | std: 0.5175 | rollout: 9.962s | update: 0.389s | total: 10.351s | samples/s: 6025
Iteration 1123 | train reward: 1576.25 | best: 1604.65 | KL: 3.322e-03 | std: 0.5175 | rollout: 6.996s | update: 0.419s | total: 7.415s | samples/s: 8410
Iteration 1124 | train reward: 1564.43 | best: 1604.65 | KL: 3.098e-03 | std: 0.5139 | rollout: 12.271s | update: 0.383s | total: 12.653s | samples/s: 4903
Iteration 1125 | train reward: 1580.57 | best: 1604.65 | KL: 2.702e-03 | std: 0.5163 | rollout: 12.522s | update: 0.403s | total: 12.925s | samples/s: 4847
Iteration 1126 | train reward: 1548.92 | best: 1604.65 | KL: 3.091e-03 | std: 0.5163 | rollout: 11.503s | update: 0.379s | total: 11.882s | samples/s: 5179
Iteration 1127 | train reward: 1554.04 | best: 1604.65 | KL: 2.477e-03 | std: 0.5147 | rollout: 10.007s | update: 0.372s | total: 10.379s | samples/s: 5933
Iteration 1128 | train reward: 1537.87 | best: 1604.65 | KL: 2.304e-03 | std: 0.5137 | rollout: 11.029s | update: 0.376s | total: 11.405s | samples/s: 5366
Iteration 1129 | train reward: 1517.48 | best: 1604.65 | KL: 2.569e-03 | std: 0.5131 | rollout: 7.492s | update: 0.353s | total: 7.844s | samples/s: 7721
Iteration 1130 | train reward: 1534.49 | best: 1604.65 | KL: 2.093e-03 | std: 0.5139 | rollout: 6.638s | update: 0.370s | total: 7.008s | samples/s: 8710
Iteration 1131 | train reward: 1522.45 | best: 1604.65 | KL: 2.670e-03 | std: 0.5132 | rollout: 10.252s | update: 0.367s | total: 10.619s | samples/s: 5689
Iteration 1132 | train reward: 1531.99 | best: 1604.65 | KL: 2.703e-03 | std: 0.5123 | rollout: 8.328s | update: 0.364s | total: 8.692s | samples/s: 7002
Iteration 1133 | train reward: 1559.47 | best: 1604.65 | KL: 2.923e-03 | std: 0.5123 | rollout: 9.288s | update: 0.389s | total: 9.677s | samples/s: 6415
Iteration 1134 | train reward: 1578.64 | best: 1604.65 | KL: 3.003e-03 | std: 0.5097 | rollout: 12.188s | update: 0.389s | total: 12.577s | samples/s: 4993
Iteration 1135 | train reward: 1557.92 | best: 1604.65 | KL: 2.656e-03 | std: 0.5087 | rollout: 7.721s | update: 0.366s | total: 8.087s | samples/s: 7673
Iteration 1136 | train reward: 1531.74 | best: 1604.65 | KL: 2.498e-03 | std: 0.5078 | rollout: 6.877s | update: 0.381s | total: 7.258s | samples/s: 8393
Iteration 1137 | train reward: 1579.71 | best: 1604.65 | KL: 2.599e-03 | std: 0.5106 | rollout: 11.908s | update: 0.366s | total: 12.274s | samples/s: 5095
Iteration 1138 | train reward: 1586.13 | best: 1604.65 | KL: 3.329e-03 | std: 0.5097 | rollout: 11.741s | update: 0.419s | total: 12.161s | samples/s: 5156
Iteration 1139 | train reward: 1567.82 | best: 1604.65 | KL: 3.173e-03 | std: 0.5105 | rollout: 10.033s | update: 0.367s | total: 10.400s | samples/s: 5974
Iteration 1140 | train reward: 1564.96 | best: 1604.65 | KL: 3.271e-03 | std: 0.5097 | rollout: 9.301s | update: 0.383s | total: 9.685s | samples/s: 6388
Iteration 1141 | train reward: 1560.80 | best: 1604.65 | KL: 3.126e-03 | std: 0.5087 | rollout: 8.896s | update: 0.362s | total: 9.258s | samples/s: 6624
Iteration 1142 | train reward: 1574.70 | best: 1604.65 | KL: 3.554e-03 | std: 0.5061 | rollout: 7.187s | update: 0.389s | total: 7.576s | samples/s: 8184
Iteration 1143 | train reward: 1560.62 | best: 1604.65 | KL: 3.450e-03 | std: 0.5078 | rollout: 6.542s | update: 0.353s | total: 6.895s | samples/s: 8889
Iteration 1144 | train reward: 1556.31 | best: 1604.65 | KL: 3.367e-03 | std: 0.5085 | rollout: 7.276s | update: 0.442s | total: 7.718s | samples/s: 7954
Iteration 1145 | train reward: 1539.79 | best: 1604.65 | KL: 3.418e-03 | std: 0.5086 | rollout: 9.328s | update: 0.378s | total: 9.706s | samples/s: 6261
Iteration 1146 | train reward: 1565.07 | best: 1604.65 | KL: 2.903e-03 | std: 0.5085 | rollout: 10.646s | update: 0.358s | total: 11.003s | samples/s: 5592
Iteration 1147 | train reward: 1579.38 | best: 1604.65 | KL: 3.064e-03 | std: 0.5102 | rollout: 10.320s | update: 0.402s | total: 10.721s | samples/s: 5813
Iteration 1148 | train reward: 1561.95 | best: 1604.65 | KL: 2.303e-03 | std: 0.5106 | rollout: 8.674s | update: 0.358s | total: 9.031s | samples/s: 6823
Iteration 1149 | train reward: 1552.09 | best: 1604.65 | KL: 2.506e-03 | std: 0.5097 | rollout: 7.376s | update: 0.358s | total: 7.734s | samples/s: 7922
Iteration 1150 | train reward: 1578.91 | best: 1604.65 | KL: 3.459e-03 | std: 0.5106 | rollout: 6.492s | update: 0.368s | total: 6.860s | samples/s: 9058
Iteration 1151 | train reward: 1556.28 | best: 1604.65 | KL: 3.211e-03 | std: 0.5105 | rollout: 10.948s | update: 0.363s | total: 11.310s | samples/s: 5418
Iteration 1152 | train reward: 1564.53 | best: 1604.65 | KL: 2.302e-03 | std: 0.5102 | rollout: 11.719s | update: 0.358s | total: 12.077s | samples/s: 5108
Iteration 1153 | train reward: 1574.76 | best: 1604.65 | KL: 2.668e-03 | std: 0.5085 | rollout: 11.240s | update: 0.387s | total: 11.627s | samples/s: 5335
Iteration 1154 | train reward: 1558.87 | best: 1604.65 | KL: 2.620e-03 | std: 0.5097 | rollout: 7.432s | update: 0.377s | total: 7.808s | samples/s: 7888
Iteration 1155 | train reward: 1591.57 | best: 1604.65 | KL: 3.528e-03 | std: 0.5102 | rollout: 6.504s | update: 0.379s | total: 6.883s | samples/s: 9099
Iteration 1156 | train reward: 1584.29 | best: 1604.65 | KL: 2.286e-03 | std: 0.5079 | rollout: 8.690s | update: 0.377s | total: 9.067s | samples/s: 6875
Iteration 1157 | train reward: 1571.95 | best: 1604.65 | KL: 2.514e-03 | std: 0.5076 | rollout: 11.838s | update: 0.389s | total: 12.226s | samples/s: 5043
Iteration 1158 | train reward: 1573.15 | best: 1604.65 | KL: 4.169e-03 | std: 0.5061 | rollout: 9.499s | update: 0.372s | total: 9.872s | samples/s: 6273
Iteration 1159 | train reward: 1581.60 | best: 1604.65 | KL: 3.487e-03 | std: 0.5069 | rollout: 6.597s | update: 0.386s | total: 6.983s | samples/s: 8910
Iteration 1160 | train reward: 1568.12 | best: 1604.65 | KL: 2.583e-03 | std: 0.5071 | rollout: 6.338s | update: 0.383s | total: 6.721s | samples/s: 9190
Iteration 1161 | train reward: 1572.62 | best: 1604.65 | KL: 2.642e-03 | std: 0.5070 | rollout: 9.616s | update: 0.375s | total: 9.991s | samples/s: 6187
Iteration 1162 | train reward: 1599.45 | best: 1604.65 | KL: 2.632e-03 | std: 0.5069 | rollout: 7.008s | update: 0.384s | total: 7.393s | samples/s: 8512
Iteration 1163 | train reward: 1589.45 | best: 1604.65 | KL: 3.863e-03 | std: 0.5078 | rollout: 9.712s | update: 0.361s | total: 10.073s | samples/s: 6188
Iteration 1164 | train reward: 1554.12 | best: 1604.65 | KL: 3.059e-03 | std: 0.5060 | rollout: 8.356s | update: 0.391s | total: 8.747s | samples/s: 6987
Iteration 1165 | train reward: 1571.28 | best: 1604.65 | KL: 3.249e-03 | std: 0.5071 | rollout: 8.942s | update: 0.380s | total: 9.322s | samples/s: 6594
Iteration 1166 | train reward: 1569.81 | best: 1604.65 | KL: 3.179e-03 | std: 0.5059 | rollout: 12.586s | update: 0.366s | total: 12.952s | samples/s: 4744
Iteration 1167 | train reward: 1566.61 | best: 1604.65 | KL: 3.313e-03 | std: 0.5076 | rollout: 10.020s | update: 0.389s | total: 10.409s | samples/s: 5898
Iteration 1168 | train reward: 1583.74 | best: 1604.65 | KL: 3.230e-03 | std: 0.5080 | rollout: 10.304s | update: 0.369s | total: 10.673s | samples/s: 5812
Iteration 1169 | train reward: 1540.73 | best: 1604.65 | KL: 2.866e-03 | std: 0.5061 | rollout: 11.393s | update: 0.369s | total: 11.761s | samples/s: 5132
Iteration 1170 | train reward: 1570.19 | best: 1604.65 | KL: 3.262e-03 | std: 0.5070 | rollout: 9.099s | update: 0.360s | total: 9.459s | samples/s: 6493
Iteration 1171 | train reward: 1577.27 | best: 1604.65 | KL: 2.437e-03 | std: 0.5071 | rollout: 8.598s | update: 0.385s | total: 8.983s | samples/s: 6874
Iteration 1172 | train reward: 1565.25 | best: 1604.65 | KL: 2.807e-03 | std: 0.5060 | rollout: 6.923s | update: 0.373s | total: 7.296s | samples/s: 8406
Iteration 1173 | train reward: 1570.53 | best: 1604.65 | KL: 2.660e-03 | std: 0.5050 | rollout: 6.548s | update: 0.365s | total: 6.913s | samples/s: 8927
Iteration 1174 | train reward: 1564.20 | best: 1604.65 | KL: 3.286e-03 | std: 0.5052 | rollout: 7.696s | update: 0.367s | total: 8.063s | samples/s: 7627
Iteration 1175 | train reward: 1541.84 | best: 1604.65 | KL: 2.542e-03 | std: 0.5033 | rollout: 7.217s | update: 0.384s | total: 7.602s | samples/s: 7971
Iteration 1176 | train reward: 1574.07 | best: 1604.65 | KL: 2.347e-03 | std: 0.5052 | rollout: 8.383s | update: 0.365s | total: 8.748s | samples/s: 7068
Iteration 1177 | train reward: 1576.80 | best: 1604.65 | KL: 3.479e-03 | std: 0.5052 | rollout: 7.005s | update: 0.383s | total: 7.388s | samples/s: 8397
Iteration 1178 | train reward: 1576.55 | best: 1604.65 | KL: 2.874e-03 | std: 0.5052 | rollout: 8.263s | update: 0.381s | total: 8.643s | samples/s: 7147
Iteration 1179 | train reward: 1556.72 | best: 1604.65 | KL: 2.627e-03 | std: 0.5054 | rollout: 8.643s | update: 0.381s | total: 9.025s | samples/s: 6755
Iteration 1180 | train reward: 1553.29 | best: 1604.65 | KL: 2.902e-03 | std: 0.5054 | rollout: 11.245s | update: 0.417s | total: 11.662s | samples/s: 5216
Iteration 1181 | train reward: 1569.09 | best: 1604.65 | KL: 3.025e-03 | std: 0.5076 | rollout: 9.276s | update: 0.390s | total: 9.666s | samples/s: 6347
Iteration 1182 | train reward: 1557.45 | best: 1604.65 | KL: 3.435e-03 | std: 0.5061 | rollout: 6.450s | update: 0.380s | total: 6.830s | samples/s: 8924
Iteration 1183 | train reward: 1544.90 | best: 1604.65 | KL: 3.287e-03 | std: 0.5076 | rollout: 6.287s | update: 0.380s | total: 6.667s | samples/s: 9074
Iteration 1184 | train reward: 1557.45 | best: 1604.65 | KL: 3.344e-03 | std: 0.5076 | rollout: 7.351s | update: 0.354s | total: 7.705s | samples/s: 7917
Iteration 1185 | train reward: 1551.19 | best: 1604.65 | KL: 2.544e-03 | std: 0.5061 | rollout: 11.908s | update: 0.383s | total: 12.291s | samples/s: 4940
Iteration 1186 | train reward: 1537.69 | best: 1604.65 | KL: 2.859e-03 | std: 0.5053 | rollout: 7.753s | update: 0.362s | total: 8.115s | samples/s: 7424
Iteration 1187 | train reward: 1537.56 | best: 1604.65 | KL: 3.668e-03 | std: 0.5052 | rollout: 9.843s | update: 0.362s | total: 10.206s | samples/s: 5915
Iteration 1188 | train reward: 1514.21 | best: 1604.65 | KL: 3.137e-03 | std: 0.5034 | rollout: 9.347s | update: 0.356s | total: 9.702s | samples/s: 6138
Iteration 1189 | train reward: 1552.48 | best: 1604.65 | KL: 3.368e-03 | std: 0.5045 | rollout: 9.901s | update: 0.369s | total: 10.269s | samples/s: 5932
Iteration 1190 | train reward: 1548.92 | best: 1604.65 | KL: 3.597e-03 | std: 0.5045 | rollout: 12.016s | update: 0.382s | total: 12.397s | samples/s: 4908
Iteration 1191 | train reward: 1571.10 | best: 1604.65 | KL: 3.633e-03 | std: 0.5050 | rollout: 7.912s | update: 0.372s | total: 8.284s | samples/s: 7466
Iteration 1192 | train reward: 1538.65 | best: 1604.65 | KL: 2.975e-03 | std: 0.5050 | rollout: 8.914s | update: 0.379s | total: 9.293s | samples/s: 6531
Iteration 1193 | train reward: 1557.73 | best: 1604.65 | KL: 3.060e-03 | std: 0.5045 | rollout: 11.498s | update: 0.408s | total: 11.906s | samples/s: 5158
Iteration 1194 | train reward: 1568.30 | best: 1604.65 | KL: 3.423e-03 | std: 0.5054 | rollout: 6.943s | update: 0.383s | total: 7.327s | samples/s: 8428
Iteration 1195 | train reward: 1562.73 | best: 1604.65 | KL: 3.006e-03 | std: 0.5053 | rollout: 8.795s | update: 0.361s | total: 9.156s | samples/s: 6721
Iteration 1196 | train reward: 1553.93 | best: 1604.65 | KL: 2.890e-03 | std: 0.5045 | rollout: 8.956s | update: 0.358s | total: 9.314s | samples/s: 6584
Iteration 1197 | train reward: 1561.33 | best: 1604.65 | KL: 3.098e-03 | std: 0.5050 | rollout: 9.003s | update: 0.372s | total: 9.375s | samples/s: 6565
Iteration 1198 | train reward: 1543.10 | best: 1604.65 | KL: 3.238e-03 | std: 0.5045 | rollout: 6.960s | update: 0.374s | total: 7.335s | samples/s: 8286
Iteration 1199 | train reward: 1575.31 | best: 1604.65 | KL: 2.749e-03 | std: 0.5035 | rollout: 6.366s | update: 0.356s | total: 6.722s | samples/s: 9199
training time 12929.08s
