Device       : cpu

========== GPOMDP LOSS ==========
states shape  = (128, 500, 17)
actions shape = (128, 500, 6)
rewards shape = (128, 500)
returns shape = (128, 500)
mask shape    = (128, 500)
log_probs shape = (128, 500)
valid steps = 64000
objective = -29.410645
loss = 29.410645
========== END GPOMDP DEBUG ==========


========== NPG PRECONDITIONING ==========
Fisher condition number  : 1.372e+04
||nat_g|| / ||g||        : 18.701
========== END NPG DEBUG ==========

/workplace/adelella/adelella/MCIBConceptDrift/vanilla-policy-gradient/vpg/train.py:127: UserWarning: Converting a tensor with requires_grad=True to a scalar may lead to unexpected behavior.
Consider using tensor.detach() first. (Triggered internally at /pytorch/torch/csrc/autograd/generated/python_variable_methods.cpp:838.)
  return float(torch.cat(grads).norm())
Iteration 0000 | train reward: -176.21 | best: -176.21 | KL: 5.234e-05 | std: 0.6067 | rollout: 6.307s | update: 2.103s | total: 8.410s | samples/s: 7610
Iteration 0001 | train reward: -179.74 | best: -176.21 | KL: 6.518e-05 | std: 0.6067 | rollout: 7.462s | update: 1.381s | total: 8.842s | samples/s: 7238
Iteration 0002 | train reward: -176.94 | best: -176.21 | KL: 6.009e-05 | std: 0.6067 | rollout: 8.812s | update: 1.322s | total: 10.134s | samples/s: 6315
Iteration 0003 | train reward: -185.08 | best: -176.21 | KL: 5.991e-05 | std: 0.6068 | rollout: 7.467s | update: 1.357s | total: 8.824s | samples/s: 7253
Iteration 0004 | train reward: -179.17 | best: -176.21 | KL: 5.134e-05 | std: 0.6068 | rollout: 8.095s | update: 1.445s | total: 9.540s | samples/s: 6709
Iteration 0005 | train reward: -172.19 | best: -172.19 | KL: 6.319e-05 | std: 0.6066 | rollout: 7.739s | update: 1.468s | total: 9.207s | samples/s: 6951
Iteration 0006 | train reward: -179.33 | best: -172.19 | KL: 6.952e-05 | std: 0.6066 | rollout: 8.480s | update: 1.535s | total: 10.015s | samples/s: 6390
Iteration 0007 | train reward: -173.58 | best: -172.19 | KL: 6.033e-05 | std: 0.6067 | rollout: 7.523s | update: 1.415s | total: 8.938s | samples/s: 7160
Iteration 0008 | train reward: -167.82 | best: -167.82 | KL: 4.988e-05 | std: 0.6067 | rollout: 7.116s | update: 1.497s | total: 8.613s | samples/s: 7430
Iteration 0009 | train reward: -178.38 | best: -167.82 | KL: 6.650e-05 | std: 0.6067 | rollout: 8.727s | update: 1.491s | total: 10.218s | samples/s: 6263
Iteration 0010 | train reward: -167.80 | best: -167.80 | KL: 5.920e-05 | std: 0.6067 | rollout: 7.254s | update: 1.414s | total: 8.667s | samples/s: 7384
Iteration 0011 | train reward: -167.84 | best: -167.80 | KL: 6.687e-05 | std: 0.6067 | rollout: 7.812s | update: 1.515s | total: 9.327s | samples/s: 6862
Iteration 0012 | train reward: -167.25 | best: -167.25 | KL: 4.709e-05 | std: 0.6067 | rollout: 8.413s | update: 1.526s | total: 9.939s | samples/s: 6439
Iteration 0013 | train reward: -155.23 | best: -155.23 | KL: 4.907e-05 | std: 0.6066 | rollout: 7.442s | update: 1.422s | total: 8.865s | samples/s: 7220
Iteration 0014 | train reward: -158.90 | best: -155.23 | KL: 5.311e-05 | std: 0.6066 | rollout: 9.239s | update: 1.537s | total: 10.776s | samples/s: 5939
Iteration 0015 | train reward: -170.96 | best: -155.23 | KL: 6.739e-05 | std: 0.6067 | rollout: 7.998s | update: 1.507s | total: 9.506s | samples/s: 6733
Iteration 0016 | train reward: -161.03 | best: -155.23 | KL: 5.279e-05 | std: 0.6067 | rollout: 8.691s | update: 1.496s | total: 10.187s | samples/s: 6282
Iteration 0017 | train reward: -162.06 | best: -155.23 | KL: 5.231e-05 | std: 0.6067 | rollout: 7.581s | update: 1.581s | total: 9.163s | samples/s: 6985
Iteration 0018 | train reward: -162.25 | best: -155.23 | KL: 6.039e-05 | std: 0.6068 | rollout: 9.027s | update: 1.417s | total: 10.444s | samples/s: 6128
Iteration 0019 | train reward: -166.57 | best: -155.23 | KL: 4.614e-05 | std: 0.6068 | rollout: 8.655s | update: 1.398s | total: 10.053s | samples/s: 6366
Iteration 0020 | train reward: -158.77 | best: -155.23 | KL: 4.869e-05 | std: 0.6068 | rollout: 7.425s | update: 1.341s | total: 8.766s | samples/s: 7301
Iteration 0021 | train reward: -155.72 | best: -155.23 | KL: 5.750e-05 | std: 0.6068 | rollout: 7.465s | update: 1.463s | total: 8.928s | samples/s: 7168
Iteration 0022 | train reward: -155.60 | best: -155.23 | KL: 4.886e-05 | std: 0.6068 | rollout: 8.460s | update: 1.413s | total: 9.872s | samples/s: 6483
Iteration 0023 | train reward: -160.86 | best: -155.23 | KL: 5.804e-05 | std: 0.6068 | rollout: 8.069s | update: 1.343s | total: 9.412s | samples/s: 6800
Iteration 0024 | train reward: -165.54 | best: -155.23 | KL: 5.212e-05 | std: 0.6068 | rollout: 9.177s | update: 1.495s | total: 10.671s | samples/s: 5997
Iteration 0025 | train reward: -152.07 | best: -152.07 | KL: 4.818e-05 | std: 0.6068 | rollout: 8.913s | update: 1.391s | total: 10.304s | samples/s: 6211
Iteration 0026 | train reward: -156.24 | best: -152.07 | KL: 5.163e-05 | std: 0.6068 | rollout: 8.271s | update: 1.481s | total: 9.752s | samples/s: 6563
Iteration 0027 | train reward: -153.33 | best: -152.07 | KL: 6.174e-05 | std: 0.6068 | rollout: 7.299s | update: 1.532s | total: 8.831s | samples/s: 7247
Iteration 0028 | train reward: -158.76 | best: -152.07 | KL: 5.758e-05 | std: 0.6068 | rollout: 8.646s | update: 1.449s | total: 10.094s | samples/s: 6340
Iteration 0029 | train reward: -149.58 | best: -149.58 | KL: 4.830e-05 | std: 0.6068 | rollout: 8.538s | update: 1.442s | total: 9.980s | samples/s: 6413
Iteration 0030 | train reward: -140.68 | best: -140.68 | KL: 5.529e-05 | std: 0.6067 | rollout: 7.070s | update: 1.423s | total: 8.494s | samples/s: 7535
Iteration 0031 | train reward: -151.24 | best: -140.68 | KL: 5.925e-05 | std: 0.6067 | rollout: 8.335s | update: 1.528s | total: 9.863s | samples/s: 6489
Iteration 0032 | train reward: -145.73 | best: -140.68 | KL: 5.067e-05 | std: 0.6068 | rollout: 8.893s | update: 1.404s | total: 10.297s | samples/s: 6215
Iteration 0033 | train reward: -141.20 | best: -140.68 | KL: 5.364e-05 | std: 0.6066 | rollout: 8.185s | update: 1.406s | total: 9.591s | samples/s: 6673
Iteration 0034 | train reward: -145.38 | best: -140.68 | KL: 4.662e-05 | std: 0.6066 | rollout: 8.887s | update: 1.339s | total: 10.226s | samples/s: 6259
Iteration 0035 | train reward: -132.01 | best: -132.01 | KL: 3.868e-05 | std: 0.6066 | rollout: 8.017s | update: 1.356s | total: 9.373s | samples/s: 6828
Iteration 0036 | train reward: -148.78 | best: -132.01 | KL: 4.462e-05 | std: 0.6066 | rollout: 7.190s | update: 1.481s | total: 8.671s | samples/s: 7381
Iteration 0037 | train reward: -149.48 | best: -132.01 | KL: 5.540e-05 | std: 0.6066 | rollout: 8.398s | update: 1.475s | total: 9.874s | samples/s: 6482
Iteration 0038 | train reward: -140.37 | best: -132.01 | KL: 4.842e-05 | std: 0.6066 | rollout: 9.042s | update: 1.467s | total: 10.509s | samples/s: 6090
Iteration 0039 | train reward: -144.59 | best: -132.01 | KL: 5.086e-05 | std: 0.6066 | rollout: 8.374s | update: 1.534s | total: 9.908s | samples/s: 6459
Iteration 0040 | train reward: -134.60 | best: -132.01 | KL: 4.185e-05 | std: 0.6066 | rollout: 7.207s | update: 1.476s | total: 8.683s | samples/s: 7371
Iteration 0041 | train reward: -135.58 | best: -132.01 | KL: 4.893e-05 | std: 0.6066 | rollout: 8.580s | update: 1.457s | total: 10.036s | samples/s: 6377
Iteration 0042 | train reward: -136.33 | best: -132.01 | KL: 4.097e-05 | std: 0.6067 | rollout: 9.231s | update: 1.528s | total: 10.758s | samples/s: 5949
Iteration 0043 | train reward: -141.52 | best: -132.01 | KL: 5.172e-05 | std: 0.6068 | rollout: 8.091s | update: 1.555s | total: 9.646s | samples/s: 6635
Iteration 0044 | train reward: -134.29 | best: -132.01 | KL: 4.144e-05 | std: 0.6068 | rollout: 8.477s | update: 1.322s | total: 9.799s | samples/s: 6531
Iteration 0045 | train reward: -124.29 | best: -124.29 | KL: 4.703e-05 | std: 0.6067 | rollout: 8.552s | update: 1.388s | total: 9.940s | samples/s: 6439
Iteration 0046 | train reward: -128.09 | best: -124.29 | KL: 4.391e-05 | std: 0.6067 | rollout: 8.736s | update: 1.523s | total: 10.259s | samples/s: 6238
Iteration 0047 | train reward: -133.62 | best: -124.29 | KL: 4.982e-05 | std: 0.6067 | rollout: 8.845s | update: 1.426s | total: 10.270s | samples/s: 6231
Iteration 0048 | train reward: -134.15 | best: -124.29 | KL: 4.851e-05 | std: 0.6067 | rollout: 9.277s | update: 1.419s | total: 10.696s | samples/s: 5984
Iteration 0049 | train reward: -127.87 | best: -124.29 | KL: 4.228e-05 | std: 0.6068 | rollout: 8.161s | update: 1.375s | total: 9.536s | samples/s: 6711
Iteration 0050 | train reward: -129.12 | best: -124.29 | KL: 3.942e-05 | std: 0.6067 | rollout: 8.922s | update: 1.447s | total: 10.369s | samples/s: 6172
Iteration 0051 | train reward: -127.57 | best: -124.29 | KL: 5.273e-05 | std: 0.6067 | rollout: 7.825s | update: 1.385s | total: 9.210s | samples/s: 6949
Iteration 0052 | train reward: -126.12 | best: -124.29 | KL: 4.579e-05 | std: 0.6068 | rollout: 8.097s | update: 1.438s | total: 9.535s | samples/s: 6712
Iteration 0053 | train reward: -124.00 | best: -124.00 | KL: 4.293e-05 | std: 0.6068 | rollout: 8.093s | update: 1.413s | total: 9.507s | samples/s: 6732
Iteration 0054 | train reward: -122.16 | best: -122.16 | KL: 4.852e-05 | std: 0.6067 | rollout: 8.601s | update: 1.480s | total: 10.080s | samples/s: 6349
Iteration 0055 | train reward: -114.82 | best: -114.82 | KL: 3.254e-05 | std: 0.6067 | rollout: 6.398s | update: 1.485s | total: 7.884s | samples/s: 8118
Iteration 0056 | train reward: -116.92 | best: -114.82 | KL: 4.289e-05 | std: 0.6067 | rollout: 8.037s | update: 1.426s | total: 9.463s | samples/s: 6763
Iteration 0057 | train reward: -125.57 | best: -114.82 | KL: 4.305e-05 | std: 0.6067 | rollout: 9.191s | update: 1.413s | total: 10.605s | samples/s: 6035
Iteration 0058 | train reward: -116.82 | best: -114.82 | KL: 3.860e-05 | std: 0.6066 | rollout: 8.720s | update: 1.438s | total: 10.158s | samples/s: 6301
Iteration 0059 | train reward: -122.16 | best: -114.82 | KL: 4.440e-05 | std: 0.6066 | rollout: 8.502s | update: 1.388s | total: 9.890s | samples/s: 6471
Iteration 0060 | train reward: -125.16 | best: -114.82 | KL: 3.691e-05 | std: 0.6066 | rollout: 8.751s | update: 1.368s | total: 10.118s | samples/s: 6325
Iteration 0061 | train reward: -118.63 | best: -114.82 | KL: 4.704e-05 | std: 0.6066 | rollout: 8.848s | update: 1.438s | total: 10.287s | samples/s: 6222
Iteration 0062 | train reward: -115.07 | best: -114.82 | KL: 3.889e-05 | std: 0.6066 | rollout: 8.567s | update: 1.432s | total: 10.000s | samples/s: 6400
Iteration 0063 | train reward: -118.47 | best: -114.82 | KL: 4.209e-05 | std: 0.6066 | rollout: 7.879s | update: 1.339s | total: 9.218s | samples/s: 6943
Iteration 0064 | train reward: -116.57 | best: -114.82 | KL: 4.602e-05 | std: 0.6066 | rollout: 9.182s | update: 1.408s | total: 10.590s | samples/s: 6043
Iteration 0065 | train reward: -109.38 | best: -109.38 | KL: 3.965e-05 | std: 0.6066 | rollout: 9.154s | update: 1.484s | total: 10.638s | samples/s: 6016
Iteration 0066 | train reward: -107.90 | best: -107.90 | KL: 3.901e-05 | std: 0.6066 | rollout: 8.647s | update: 1.465s | total: 10.112s | samples/s: 6329
Iteration 0067 | train reward: -101.86 | best: -101.86 | KL: 2.986e-05 | std: 0.6066 | rollout: 7.764s | update: 1.339s | total: 9.103s | samples/s: 7031
Iteration 0068 | train reward: -106.70 | best: -101.86 | KL: 4.076e-05 | std: 0.6066 | rollout: 8.192s | update: 1.471s | total: 9.663s | samples/s: 6623
Iteration 0069 | train reward: -113.13 | best: -101.86 | KL: 4.240e-05 | std: 0.6066 | rollout: 8.014s | update: 1.337s | total: 9.351s | samples/s: 6844
Iteration 0070 | train reward: -115.69 | best: -101.86 | KL: 4.679e-05 | std: 0.6066 | rollout: 8.085s | update: 1.433s | total: 9.518s | samples/s: 6724
Iteration 0071 | train reward: -104.18 | best: -101.86 | KL: 3.234e-05 | std: 0.6066 | rollout: 8.839s | update: 1.367s | total: 10.206s | samples/s: 6271
Iteration 0072 | train reward: -113.98 | best: -101.86 | KL: 3.967e-05 | std: 0.6066 | rollout: 7.788s | update: 1.472s | total: 9.259s | samples/s: 6912
Iteration 0073 | train reward: -107.09 | best: -101.86 | KL: 3.954e-05 | std: 0.6066 | rollout: 8.406s | update: 1.397s | total: 9.803s | samples/s: 6529
Iteration 0074 | train reward: -109.17 | best: -101.86 | KL: 3.677e-05 | std: 0.6067 | rollout: 8.816s | update: 1.375s | total: 10.190s | samples/s: 6281
Iteration 0075 | train reward: -102.01 | best: -101.86 | KL: 3.751e-05 | std: 0.6066 | rollout: 8.861s | update: 1.441s | total: 10.302s | samples/s: 6212
Iteration 0076 | train reward: -102.47 | best: -101.86 | KL: 4.351e-05 | std: 0.6067 | rollout: 7.649s | update: 1.358s | total: 9.007s | samples/s: 7106
Iteration 0077 | train reward: -104.48 | best: -101.86 | KL: 4.188e-05 | std: 0.6066 | rollout: 7.079s | update: 1.469s | total: 8.548s | samples/s: 7487
Iteration 0078 | train reward: -97.01 | best: -97.01 | KL: 3.373e-05 | std: 0.6066 | rollout: 8.247s | update: 1.586s | total: 9.833s | samples/s: 6509
Iteration 0079 | train reward: -99.02 | best: -97.01 | KL: 4.615e-05 | std: 0.6066 | rollout: 7.394s | update: 1.517s | total: 8.911s | samples/s: 7182
Iteration 0080 | train reward: -100.26 | best: -97.01 | KL: 3.024e-05 | std: 0.6067 | rollout: 7.676s | update: 1.454s | total: 9.130s | samples/s: 7010
Iteration 0081 | train reward: -104.06 | best: -97.01 | KL: 3.893e-05 | std: 0.6067 | rollout: 7.501s | update: 1.446s | total: 8.947s | samples/s: 7154
Iteration 0082 | train reward: -104.91 | best: -97.01 | KL: 4.042e-05 | std: 0.6067 | rollout: 9.103s | update: 1.554s | total: 10.657s | samples/s: 6006
Iteration 0083 | train reward: -104.55 | best: -97.01 | KL: 3.259e-05 | std: 0.6067 | rollout: 9.329s | update: 1.468s | total: 10.797s | samples/s: 5928
Iteration 0084 | train reward: -92.07 | best: -92.07 | KL: 3.345e-05 | std: 0.6067 | rollout: 7.879s | update: 1.417s | total: 9.296s | samples/s: 6884
Iteration 0085 | train reward: -94.23 | best: -92.07 | KL: 3.122e-05 | std: 0.6066 | rollout: 9.687s | update: 1.480s | total: 11.168s | samples/s: 5731
Iteration 0086 | train reward: -96.53 | best: -92.07 | KL: 3.314e-05 | std: 0.6066 | rollout: 8.602s | update: 1.340s | total: 9.941s | samples/s: 6438
Iteration 0087 | train reward: -99.32 | best: -92.07 | KL: 2.989e-05 | std: 0.6066 | rollout: 8.449s | update: 1.481s | total: 9.929s | samples/s: 6445
Iteration 0088 | train reward: -88.66 | best: -88.66 | KL: 3.349e-05 | std: 0.6066 | rollout: 7.976s | update: 1.511s | total: 9.488s | samples/s: 6746
Iteration 0089 | train reward: -93.37 | best: -88.66 | KL: 3.386e-05 | std: 0.6066 | rollout: 7.875s | update: 1.550s | total: 9.425s | samples/s: 6790
Iteration 0090 | train reward: -93.88 | best: -88.66 | KL: 3.545e-05 | std: 0.6066 | rollout: 8.850s | update: 1.441s | total: 10.291s | samples/s: 6219
Iteration 0091 | train reward: -95.05 | best: -88.66 | KL: 3.655e-05 | std: 0.6066 | rollout: 8.073s | update: 1.529s | total: 9.601s | samples/s: 6666
Iteration 0092 | train reward: -92.52 | best: -88.66 | KL: 3.570e-05 | std: 0.6066 | rollout: 8.629s | update: 1.556s | total: 10.185s | samples/s: 6284
Iteration 0093 | train reward: -89.21 | best: -88.66 | KL: 3.119e-05 | std: 0.6066 | rollout: 8.560s | update: 1.502s | total: 10.062s | samples/s: 6361
Iteration 0094 | train reward: -87.18 | best: -87.18 | KL: 3.250e-05 | std: 0.6066 | rollout: 8.747s | update: 1.423s | total: 10.170s | samples/s: 6293
Iteration 0095 | train reward: -89.24 | best: -87.18 | KL: 3.431e-05 | std: 0.6066 | rollout: 8.937s | update: 1.481s | total: 10.418s | samples/s: 6143
Iteration 0096 | train reward: -96.15 | best: -87.18 | KL: 3.756e-05 | std: 0.6066 | rollout: 8.778s | update: 1.400s | total: 10.178s | samples/s: 6288
Iteration 0097 | train reward: -86.01 | best: -86.01 | KL: 3.126e-05 | std: 0.6066 | rollout: 9.028s | update: 1.527s | total: 10.556s | samples/s: 6063
Iteration 0098 | train reward: -88.59 | best: -86.01 | KL: 3.173e-05 | std: 0.6066 | rollout: 8.062s | update: 1.328s | total: 9.390s | samples/s: 6816
Iteration 0099 | train reward: -85.48 | best: -85.48 | KL: 3.386e-05 | std: 0.6066 | rollout: 7.510s | update: 1.343s | total: 8.853s | samples/s: 7229
Iteration 0100 | train reward: -91.80 | best: -85.48 | KL: 3.158e-05 | std: 0.6066 | rollout: 8.528s | update: 1.375s | total: 9.904s | samples/s: 6462
Iteration 0101 | train reward: -81.47 | best: -81.47 | KL: 3.187e-05 | std: 0.6066 | rollout: 8.733s | update: 1.369s | total: 10.103s | samples/s: 6335
Iteration 0102 | train reward: -85.64 | best: -81.47 | KL: 3.288e-05 | std: 0.6066 | rollout: 7.175s | update: 1.415s | total: 8.590s | samples/s: 7451
Iteration 0103 | train reward: -78.78 | best: -78.78 | KL: 3.004e-05 | std: 0.6066 | rollout: 7.406s | update: 1.496s | total: 8.901s | samples/s: 7190
Iteration 0104 | train reward: -83.33 | best: -78.78 | KL: 2.599e-05 | std: 0.6066 | rollout: 8.163s | update: 1.412s | total: 9.576s | samples/s: 6684
Iteration 0105 | train reward: -86.60 | best: -78.78 | KL: 3.644e-05 | std: 0.6062 | rollout: 7.248s | update: 1.391s | total: 8.639s | samples/s: 7409
Iteration 0106 | train reward: -76.28 | best: -76.28 | KL: 2.985e-05 | std: 0.6062 | rollout: 8.659s | update: 1.507s | total: 10.166s | samples/s: 6296
Iteration 0107 | train reward: -82.64 | best: -76.28 | KL: 3.240e-05 | std: 0.6062 | rollout: 7.941s | update: 1.525s | total: 9.466s | samples/s: 6761
Iteration 0108 | train reward: -81.73 | best: -76.28 | KL: 3.292e-05 | std: 0.6062 | rollout: 8.742s | update: 1.460s | total: 10.202s | samples/s: 6273
Iteration 0109 | train reward: -83.42 | best: -76.28 | KL: 3.820e-05 | std: 0.6062 | rollout: 8.147s | update: 1.388s | total: 9.534s | samples/s: 6712
Iteration 0110 | train reward: -77.93 | best: -76.28 | KL: 2.957e-05 | std: 0.6062 | rollout: 8.616s | update: 1.497s | total: 10.113s | samples/s: 6328
Iteration 0111 | train reward: -74.43 | best: -74.43 | KL: 3.496e-05 | std: 0.6062 | rollout: 8.186s | update: 1.353s | total: 9.539s | samples/s: 6709
Iteration 0112 | train reward: -82.80 | best: -74.43 | KL: 3.100e-05 | std: 0.6062 | rollout: 6.496s | update: 1.379s | total: 7.875s | samples/s: 8127
Iteration 0113 | train reward: -84.96 | best: -74.43 | KL: 3.419e-05 | std: 0.6061 | rollout: 7.992s | update: 1.370s | total: 9.362s | samples/s: 6836
Iteration 0114 | train reward: -78.01 | best: -74.43 | KL: 3.385e-05 | std: 0.6061 | rollout: 8.330s | update: 1.480s | total: 9.810s | samples/s: 6524
Iteration 0115 | train reward: -77.14 | best: -74.43 | KL: 3.050e-05 | std: 0.6061 | rollout: 8.526s | update: 1.516s | total: 10.042s | samples/s: 6373
Iteration 0116 | train reward: -78.89 | best: -74.43 | KL: 3.137e-05 | std: 0.6060 | rollout: 9.238s | update: 1.370s | total: 10.609s | samples/s: 6033
Iteration 0117 | train reward: -70.67 | best: -70.67 | KL: 2.832e-05 | std: 0.6061 | rollout: 7.279s | update: 1.498s | total: 8.777s | samples/s: 7291
Iteration 0118 | train reward: -83.70 | best: -70.67 | KL: 3.130e-05 | std: 0.6061 | rollout: 7.955s | update: 1.536s | total: 9.491s | samples/s: 6743
Iteration 0119 | train reward: -76.69 | best: -70.67 | KL: 2.797e-05 | std: 0.6061 | rollout: 7.795s | update: 1.438s | total: 9.233s | samples/s: 6931
Iteration 0120 | train reward: -81.16 | best: -70.67 | KL: 3.088e-05 | std: 0.6061 | rollout: 7.633s | update: 1.506s | total: 9.139s | samples/s: 7003
Iteration 0121 | train reward: -69.71 | best: -69.71 | KL: 2.995e-05 | std: 0.6061 | rollout: 8.109s | update: 1.443s | total: 9.552s | samples/s: 6700
Iteration 0122 | train reward: -72.53 | best: -69.71 | KL: 2.910e-05 | std: 0.6060 | rollout: 7.794s | update: 1.445s | total: 9.239s | samples/s: 6927
Iteration 0123 | train reward: -77.05 | best: -69.71 | KL: 2.541e-05 | std: 0.6060 | rollout: 9.138s | update: 1.457s | total: 10.594s | samples/s: 6041
Iteration 0124 | train reward: -78.63 | best: -69.71 | KL: 3.032e-05 | std: 0.6049 | rollout: 8.274s | update: 1.371s | total: 9.645s | samples/s: 6635
Iteration 0125 | train reward: -74.16 | best: -69.71 | KL: 2.710e-05 | std: 0.6049 | rollout: 8.157s | update: 1.347s | total: 9.504s | samples/s: 6734
Iteration 0126 | train reward: -80.18 | best: -69.71 | KL: 2.383e-05 | std: 0.6049 | rollout: 8.538s | update: 1.459s | total: 9.997s | samples/s: 6402
Iteration 0127 | train reward: -69.44 | best: -69.44 | KL: 2.532e-05 | std: 0.6049 | rollout: 7.801s | update: 1.395s | total: 9.195s | samples/s: 6960
Iteration 0128 | train reward: -75.02 | best: -69.44 | KL: 2.432e-05 | std: 0.6049 | rollout: 6.943s | update: 1.378s | total: 8.321s | samples/s: 7692
Iteration 0129 | train reward: -64.69 | best: -64.69 | KL: 2.762e-05 | std: 0.6049 | rollout: 7.997s | update: 1.396s | total: 9.393s | samples/s: 6813
Iteration 0130 | train reward: -63.88 | best: -63.88 | KL: 2.850e-05 | std: 0.6049 | rollout: 8.039s | update: 1.395s | total: 9.433s | samples/s: 6784
Iteration 0131 | train reward: -73.32 | best: -63.88 | KL: 2.584e-05 | std: 0.6048 | rollout: 8.546s | update: 1.517s | total: 10.062s | samples/s: 6361
Iteration 0132 | train reward: -66.40 | best: -63.88 | KL: 2.402e-05 | std: 0.6048 | rollout: 8.214s | update: 1.433s | total: 9.647s | samples/s: 6634
Iteration 0133 | train reward: -71.06 | best: -63.88 | KL: 2.887e-05 | std: 0.6048 | rollout: 7.760s | update: 1.421s | total: 9.181s | samples/s: 6971
Iteration 0134 | train reward: -67.85 | best: -63.88 | KL: 2.982e-05 | std: 0.6047 | rollout: 9.133s | update: 1.439s | total: 10.572s | samples/s: 6053
Iteration 0135 | train reward: -66.48 | best: -63.88 | KL: 2.981e-05 | std: 0.6047 | rollout: 8.608s | update: 1.464s | total: 10.073s | samples/s: 6354
Iteration 0136 | train reward: -67.55 | best: -63.88 | KL: 2.819e-05 | std: 0.6047 | rollout: 8.675s | update: 1.565s | total: 10.240s | samples/s: 6250
Iteration 0137 | train reward: -62.15 | best: -62.15 | KL: 2.853e-05 | std: 0.6047 | rollout: 8.784s | update: 1.485s | total: 10.269s | samples/s: 6232
Iteration 0138 | train reward: -72.27 | best: -62.15 | KL: 2.500e-05 | std: 0.6047 | rollout: 7.843s | update: 1.511s | total: 9.354s | samples/s: 6842
Iteration 0139 | train reward: -65.59 | best: -62.15 | KL: 2.663e-05 | std: 0.6047 | rollout: 8.194s | update: 1.438s | total: 9.633s | samples/s: 6644
Iteration 0140 | train reward: -74.33 | best: -62.15 | KL: 3.125e-05 | std: 0.6047 | rollout: 7.842s | update: 1.466s | total: 9.308s | samples/s: 6876
Iteration 0141 | train reward: -62.71 | best: -62.15 | KL: 2.723e-05 | std: 0.6043 | rollout: 6.579s | update: 1.405s | total: 7.984s | samples/s: 8016
Iteration 0142 | train reward: -62.34 | best: -62.15 | KL: 2.910e-05 | std: 0.6043 | rollout: 8.119s | update: 1.491s | total: 9.611s | samples/s: 6659
Iteration 0143 | train reward: -63.12 | best: -62.15 | KL: 2.512e-05 | std: 0.6043 | rollout: 7.715s | update: 1.467s | total: 9.181s | samples/s: 6971
Iteration 0144 | train reward: -68.91 | best: -62.15 | KL: 2.893e-05 | std: 0.6043 | rollout: 8.799s | update: 1.464s | total: 10.264s | samples/s: 6236
Iteration 0145 | train reward: -62.56 | best: -62.15 | KL: 2.770e-05 | std: 0.6043 | rollout: 8.070s | update: 1.433s | total: 9.503s | samples/s: 6735
Iteration 0146 | train reward: -61.36 | best: -61.36 | KL: 2.881e-05 | std: 0.6043 | rollout: 8.803s | update: 1.515s | total: 10.318s | samples/s: 6203
Iteration 0147 | train reward: -65.12 | best: -61.36 | KL: 2.944e-05 | std: 0.6043 | rollout: 8.996s | update: 1.406s | total: 10.401s | samples/s: 6153
Iteration 0148 | train reward: -60.36 | best: -60.36 | KL: 2.388e-05 | std: 0.6043 | rollout: 8.674s | update: 1.437s | total: 10.111s | samples/s: 6330
Iteration 0149 | train reward: -60.38 | best: -60.36 | KL: 2.396e-05 | std: 0.6042 | rollout: 9.023s | update: 1.430s | total: 10.453s | samples/s: 6122
Iteration 0150 | train reward: -66.37 | best: -60.36 | KL: 2.721e-05 | std: 0.6042 | rollout: 7.902s | update: 1.353s | total: 9.255s | samples/s: 6915
Iteration 0151 | train reward: -58.58 | best: -58.58 | KL: 2.946e-05 | std: 0.6042 | rollout: 8.931s | update: 1.484s | total: 10.415s | samples/s: 6145
Iteration 0152 | train reward: -59.00 | best: -58.58 | KL: 2.370e-05 | std: 0.6042 | rollout: 8.686s | update: 1.409s | total: 10.095s | samples/s: 6340
Iteration 0153 | train reward: -68.96 | best: -58.58 | KL: 2.889e-05 | std: 0.6042 | rollout: 7.242s | update: 1.451s | total: 8.693s | samples/s: 7363
Iteration 0154 | train reward: -59.04 | best: -58.58 | KL: 2.048e-05 | std: 0.6042 | rollout: 6.601s | update: 1.447s | total: 8.049s | samples/s: 7952
Iteration 0155 | train reward: -64.35 | best: -58.58 | KL: 2.911e-05 | std: 0.6042 | rollout: 8.986s | update: 1.432s | total: 10.418s | samples/s: 6143
Iteration 0156 | train reward: -61.89 | best: -58.58 | KL: 2.666e-05 | std: 0.6042 | rollout: 7.346s | update: 1.357s | total: 8.702s | samples/s: 7354
Iteration 0157 | train reward: -53.47 | best: -53.47 | KL: 2.598e-05 | std: 0.6042 | rollout: 8.243s | update: 1.487s | total: 9.730s | samples/s: 6578
Iteration 0158 | train reward: -55.74 | best: -53.47 | KL: 2.310e-05 | std: 0.6042 | rollout: 8.346s | update: 1.388s | total: 9.734s | samples/s: 6575
Iteration 0159 | train reward: -55.10 | best: -53.47 | KL: 2.845e-05 | std: 0.6042 | rollout: 8.852s | update: 1.579s | total: 10.431s | samples/s: 6135
Iteration 0160 | train reward: -61.92 | best: -53.47 | KL: 2.401e-05 | std: 0.6041 | rollout: 9.174s | update: 1.501s | total: 10.676s | samples/s: 5995
Iteration 0161 | train reward: -55.94 | best: -53.47 | KL: 2.430e-05 | std: 0.6042 | rollout: 8.783s | update: 1.383s | total: 10.167s | samples/s: 6295
Iteration 0162 | train reward: -57.39 | best: -53.47 | KL: 2.408e-05 | std: 0.6042 | rollout: 8.171s | update: 1.505s | total: 9.676s | samples/s: 6614
Iteration 0163 | train reward: -54.08 | best: -53.47 | KL: 2.390e-05 | std: 0.6042 | rollout: 8.694s | update: 1.529s | total: 10.223s | samples/s: 6261
Iteration 0164 | train reward: -52.88 | best: -52.88 | KL: 2.574e-05 | std: 0.6042 | rollout: 8.182s | update: 1.584s | total: 9.766s | samples/s: 6553
Iteration 0165 | train reward: -62.80 | best: -52.88 | KL: 3.128e-05 | std: 0.6042 | rollout: 8.868s | update: 1.485s | total: 10.353s | samples/s: 6182
Iteration 0166 | train reward: -52.21 | best: -52.21 | KL: 2.403e-05 | std: 0.6041 | rollout: 8.706s | update: 1.474s | total: 10.181s | samples/s: 6286
Iteration 0167 | train reward: -51.85 | best: -51.85 | KL: 3.328e-05 | std: 0.6041 | rollout: 8.800s | update: 1.291s | total: 10.091s | samples/s: 6342
Iteration 0168 | train reward: -58.26 | best: -51.85 | KL: 3.071e-05 | std: 0.6040 | rollout: 8.294s | update: 1.356s | total: 9.650s | samples/s: 6632
Iteration 0169 | train reward: -51.28 | best: -51.28 | KL: 2.666e-05 | std: 0.6040 | rollout: 8.868s | update: 1.392s | total: 10.261s | samples/s: 6237
Iteration 0170 | train reward: -46.70 | best: -46.70 | KL: 2.429e-05 | std: 0.6040 | rollout: 8.730s | update: 1.342s | total: 10.072s | samples/s: 6354
Iteration 0171 | train reward: -56.41 | best: -46.70 | KL: 2.706e-05 | std: 0.6040 | rollout: 7.791s | update: 1.375s | total: 9.166s | samples/s: 6983
Iteration 0172 | train reward: -49.89 | best: -46.70 | KL: 2.906e-05 | std: 0.6036 | rollout: 9.528s | update: 1.455s | total: 10.983s | samples/s: 5827
Iteration 0173 | train reward: -47.84 | best: -46.70 | KL: 2.480e-05 | std: 0.6036 | rollout: 8.064s | update: 1.333s | total: 9.397s | samples/s: 6811
Iteration 0174 | train reward: -44.99 | best: -44.99 | KL: 2.577e-05 | std: 0.6036 | rollout: 8.488s | update: 1.379s | total: 9.867s | samples/s: 6486
Iteration 0175 | train reward: -56.26 | best: -44.99 | KL: 2.606e-05 | std: 0.6036 | rollout: 8.162s | update: 1.364s | total: 9.527s | samples/s: 6718
Iteration 0176 | train reward: -46.49 | best: -44.99 | KL: 2.311e-05 | std: 0.6035 | rollout: 8.419s | update: 1.433s | total: 9.852s | samples/s: 6496
Iteration 0177 | train reward: -50.98 | best: -44.99 | KL: 2.176e-05 | std: 0.6035 | rollout: 7.268s | update: 1.418s | total: 8.687s | samples/s: 7367
Iteration 0178 | train reward: -50.13 | best: -44.99 | KL: 2.176e-05 | std: 0.6035 | rollout: 7.292s | update: 1.354s | total: 8.646s | samples/s: 7402
Iteration 0179 | train reward: -55.66 | best: -44.99 | KL: 2.281e-05 | std: 0.6034 | rollout: 7.716s | update: 1.452s | total: 9.167s | samples/s: 6981
Iteration 0180 | train reward: -47.25 | best: -44.99 | KL: 2.910e-05 | std: 0.6023 | rollout: 7.665s | update: 1.427s | total: 9.092s | samples/s: 7039
Iteration 0181 | train reward: -42.81 | best: -42.81 | KL: 2.707e-05 | std: 0.6034 | rollout: 7.743s | update: 1.418s | total: 9.162s | samples/s: 6986
Iteration 0182 | train reward: -45.78 | best: -42.81 | KL: 3.090e-05 | std: 0.6023 | rollout: 8.854s | update: 1.381s | total: 10.235s | samples/s: 6253
Iteration 0183 | train reward: -50.30 | best: -42.81 | KL: 2.333e-05 | std: 0.6023 | rollout: 6.942s | update: 1.350s | total: 8.292s | samples/s: 7719
Iteration 0184 | train reward: -52.05 | best: -42.81 | KL: 2.940e-05 | std: 0.6023 | rollout: 9.384s | update: 1.512s | total: 10.896s | samples/s: 5874
Iteration 0185 | train reward: -49.88 | best: -42.81 | KL: 2.444e-05 | std: 0.6023 | rollout: 8.003s | update: 1.378s | total: 9.381s | samples/s: 6822
Iteration 0186 | train reward: -43.70 | best: -42.81 | KL: 2.386e-05 | std: 0.6023 | rollout: 7.136s | update: 1.517s | total: 8.653s | samples/s: 7396
Iteration 0187 | train reward: -50.25 | best: -42.81 | KL: 2.124e-05 | std: 0.6023 | rollout: 8.363s | update: 1.461s | total: 9.823s | samples/s: 6515
Iteration 0188 | train reward: -39.84 | best: -39.84 | KL: 2.555e-05 | std: 0.6023 | rollout: 7.762s | update: 1.510s | total: 9.271s | samples/s: 6903
Iteration 0189 | train reward: -46.70 | best: -39.84 | KL: 2.646e-05 | std: 0.6023 | rollout: 7.017s | update: 1.459s | total: 8.475s | samples/s: 7551
Iteration 0190 | train reward: -43.53 | best: -39.84 | KL: 2.701e-05 | std: 0.6022 | rollout: 8.592s | update: 1.460s | total: 10.052s | samples/s: 6367
Iteration 0191 | train reward: -49.52 | best: -39.84 | KL: 2.738e-05 | std: 0.6021 | rollout: 7.863s | update: 1.412s | total: 9.275s | samples/s: 6900
Iteration 0192 | train reward: -44.93 | best: -39.84 | KL: 2.768e-05 | std: 0.6021 | rollout: 8.517s | update: 1.436s | total: 9.954s | samples/s: 6430
Iteration 0193 | train reward: -41.44 | best: -39.84 | KL: 2.463e-05 | std: 0.6022 | rollout: 8.059s | update: 1.431s | total: 9.491s | samples/s: 6744
Iteration 0194 | train reward: -40.75 | best: -39.84 | KL: 2.690e-05 | std: 0.6022 | rollout: 8.955s | update: 1.435s | total: 10.389s | samples/s: 6160
Iteration 0195 | train reward: -44.15 | best: -39.84 | KL: 2.272e-05 | std: 0.6021 | rollout: 8.091s | update: 1.527s | total: 9.618s | samples/s: 6654
Iteration 0196 | train reward: -42.51 | best: -39.84 | KL: 2.630e-05 | std: 0.6017 | rollout: 8.787s | update: 1.358s | total: 10.145s | samples/s: 6308
Iteration 0197 | train reward: -44.69 | best: -39.84 | KL: 2.532e-05 | std: 0.6017 | rollout: 8.486s | update: 1.439s | total: 9.925s | samples/s: 6448
Iteration 0198 | train reward: -40.12 | best: -39.84 | KL: 2.843e-05 | std: 0.6021 | rollout: 8.226s | update: 1.361s | total: 9.587s | samples/s: 6676
Iteration 0199 | train reward: -48.70 | best: -39.84 | KL: 2.536e-05 | std: 0.6017 | rollout: 8.121s | update: 1.407s | total: 9.529s | samples/s: 6717
Iteration 0200 | train reward: -37.55 | best: -37.55 | KL: 2.478e-05 | std: 0.6017 | rollout: 7.252s | update: 1.349s | total: 8.600s | samples/s: 7442
Iteration 0201 | train reward: -39.34 | best: -37.55 | KL: 2.155e-05 | std: 0.6017 | rollout: 7.953s | update: 1.453s | total: 9.406s | samples/s: 6804
Iteration 0202 | train reward: -40.92 | best: -37.55 | KL: 2.432e-05 | std: 0.6017 | rollout: 8.426s | update: 1.444s | total: 9.870s | samples/s: 6484
Iteration 0203 | train reward: -36.95 | best: -36.95 | KL: 2.240e-05 | std: 0.6017 | rollout: 8.084s | update: 1.437s | total: 9.522s | samples/s: 6722
Iteration 0204 | train reward: -44.78 | best: -36.95 | KL: 2.352e-05 | std: 0.6017 | rollout: 8.578s | update: 1.396s | total: 9.974s | samples/s: 6416
Iteration 0205 | train reward: -43.11 | best: -36.95 | KL: 2.391e-05 | std: 0.6017 | rollout: 8.451s | update: 1.428s | total: 9.879s | samples/s: 6478
Iteration 0206 | train reward: -37.82 | best: -36.95 | KL: 2.952e-05 | std: 0.6016 | rollout: 8.959s | update: 1.329s | total: 10.288s | samples/s: 6221
Iteration 0207 | train reward: -40.08 | best: -36.95 | KL: 2.338e-05 | std: 0.6016 | rollout: 9.126s | update: 1.353s | total: 10.479s | samples/s: 6107
Iteration 0208 | train reward: -36.75 | best: -36.75 | KL: 2.388e-05 | std: 0.6016 | rollout: 8.579s | update: 1.358s | total: 9.937s | samples/s: 6441
Iteration 0209 | train reward: -36.07 | best: -36.07 | KL: 2.676e-05 | std: 0.6016 | rollout: 8.570s | update: 1.347s | total: 9.917s | samples/s: 6453
Iteration 0210 | train reward: -34.59 | best: -34.59 | KL: 2.772e-05 | std: 0.6015 | rollout: 7.500s | update: 1.376s | total: 8.876s | samples/s: 7210
Iteration 0211 | train reward: -33.25 | best: -33.25 | KL: 2.467e-05 | std: 0.6015 | rollout: 9.666s | update: 1.279s | total: 10.946s | samples/s: 5847
Iteration 0212 | train reward: -33.59 | best: -33.25 | KL: 2.500e-05 | std: 0.6016 | rollout: 8.259s | update: 1.445s | total: 9.703s | samples/s: 6596
Iteration 0213 | train reward: -35.90 | best: -33.25 | KL: 2.300e-05 | std: 0.6016 | rollout: 8.901s | update: 1.367s | total: 10.268s | samples/s: 6233
Iteration 0214 | train reward: -38.81 | best: -33.25 | KL: 2.423e-05 | std: 0.6015 | rollout: 8.497s | update: 1.493s | total: 9.990s | samples/s: 6406
Iteration 0215 | train reward: -31.57 | best: -31.57 | KL: 2.390e-05 | std: 0.6016 | rollout: 8.541s | update: 1.464s | total: 10.004s | samples/s: 6397
Iteration 0216 | train reward: -36.44 | best: -31.57 | KL: 2.255e-05 | std: 0.6015 | rollout: 8.013s | update: 1.467s | total: 9.480s | samples/s: 6751
Iteration 0217 | train reward: -30.30 | best: -30.30 | KL: 2.622e-05 | std: 0.6016 | rollout: 8.765s | update: 1.364s | total: 10.129s | samples/s: 6318
Iteration 0218 | train reward: -34.79 | best: -30.30 | KL: 2.176e-05 | std: 0.6016 | rollout: 7.973s | update: 1.512s | total: 9.485s | samples/s: 6747
Iteration 0219 | train reward: -33.75 | best: -30.30 | KL: 2.606e-05 | std: 0.6015 | rollout: 8.266s | update: 1.488s | total: 9.754s | samples/s: 6561
Iteration 0220 | train reward: -36.36 | best: -30.30 | KL: 2.346e-05 | std: 0.6015 | rollout: 8.117s | update: 1.415s | total: 9.532s | samples/s: 6714
Iteration 0221 | train reward: -34.60 | best: -30.30 | KL: 2.163e-05 | std: 0.6015 | rollout: 6.651s | update: 1.407s | total: 8.058s | samples/s: 7942
Iteration 0222 | train reward: -34.98 | best: -30.30 | KL: 2.610e-05 | std: 0.6015 | rollout: 8.686s | update: 1.448s | total: 10.134s | samples/s: 6316
Iteration 0223 | train reward: -34.84 | best: -30.30 | KL: 2.594e-05 | std: 0.6014 | rollout: 8.328s | update: 1.375s | total: 9.704s | samples/s: 6596
Iteration 0224 | train reward: -35.58 | best: -30.30 | KL: 2.981e-05 | std: 0.6014 | rollout: 8.034s | update: 1.496s | total: 9.530s | samples/s: 6716
Iteration 0225 | train reward: -34.21 | best: -30.30 | KL: 2.015e-05 | std: 0.6014 | rollout: 7.261s | update: 1.553s | total: 8.814s | samples/s: 7261
Iteration 0226 | train reward: -33.48 | best: -30.30 | KL: 2.621e-05 | std: 0.6010 | rollout: 7.800s | update: 1.525s | total: 9.325s | samples/s: 6863
Iteration 0227 | train reward: -30.92 | best: -30.30 | KL: 2.505e-05 | std: 0.6010 | rollout: 8.743s | update: 1.447s | total: 10.190s | samples/s: 6281
Iteration 0228 | train reward: -32.99 | best: -30.30 | KL: 2.308e-05 | std: 0.6010 | rollout: 8.658s | update: 1.428s | total: 10.086s | samples/s: 6345
Iteration 0229 | train reward: -30.10 | best: -30.10 | KL: 2.178e-05 | std: 0.6009 | rollout: 8.040s | update: 1.465s | total: 9.505s | samples/s: 6734
Iteration 0230 | train reward: -33.48 | best: -30.10 | KL: 2.422e-05 | std: 0.6009 | rollout: 8.133s | update: 1.414s | total: 9.547s | samples/s: 6703
Iteration 0231 | train reward: -28.62 | best: -28.62 | KL: 2.794e-05 | std: 0.6009 | rollout: 7.896s | update: 1.388s | total: 9.284s | samples/s: 6894
Iteration 0232 | train reward: -28.79 | best: -28.62 | KL: 2.151e-05 | std: 0.6009 | rollout: 8.230s | update: 1.430s | total: 9.660s | samples/s: 6625
Iteration 0233 | train reward: -27.94 | best: -27.94 | KL: 2.379e-05 | std: 0.6009 | rollout: 8.776s | update: 1.485s | total: 10.261s | samples/s: 6237
Iteration 0234 | train reward: -34.78 | best: -27.94 | KL: 2.685e-05 | std: 0.6008 | rollout: 8.596s | update: 1.433s | total: 10.029s | samples/s: 6381
Iteration 0235 | train reward: -23.49 | best: -23.49 | KL: 2.357e-05 | std: 0.6008 | rollout: 8.887s | update: 1.484s | total: 10.371s | samples/s: 6171
Iteration 0236 | train reward: -31.08 | best: -23.49 | KL: 2.410e-05 | std: 0.6008 | rollout: 9.507s | update: 1.454s | total: 10.961s | samples/s: 5839
Iteration 0237 | train reward: -19.94 | best: -19.94 | KL: 2.174e-05 | std: 0.5997 | rollout: 8.539s | update: 1.472s | total: 10.011s | samples/s: 6393
Iteration 0238 | train reward: -28.91 | best: -19.94 | KL: 2.564e-05 | std: 0.5997 | rollout: 8.275s | update: 1.381s | total: 9.656s | samples/s: 6628
Iteration 0239 | train reward: -28.62 | best: -19.94 | KL: 2.718e-05 | std: 0.5997 | rollout: 8.382s | update: 1.542s | total: 9.924s | samples/s: 6449
Iteration 0240 | train reward: -23.59 | best: -19.94 | KL: 2.418e-05 | std: 0.5997 | rollout: 8.902s | update: 1.466s | total: 10.368s | samples/s: 6173
Iteration 0241 | train reward: -24.79 | best: -19.94 | KL: 2.401e-05 | std: 0.5997 | rollout: 8.441s | update: 1.407s | total: 9.848s | samples/s: 6499
Iteration 0242 | train reward: -26.01 | best: -19.94 | KL: 2.785e-05 | std: 0.5997 | rollout: 8.326s | update: 1.412s | total: 9.737s | samples/s: 6573
Iteration 0243 | train reward: -33.32 | best: -19.94 | KL: 2.051e-05 | std: 0.5997 | rollout: 8.661s | update: 1.457s | total: 10.118s | samples/s: 6325
Iteration 0244 | train reward: -25.11 | best: -19.94 | KL: 2.326e-05 | std: 0.5996 | rollout: 7.383s | update: 1.416s | total: 8.799s | samples/s: 7273
Iteration 0245 | train reward: -23.26 | best: -19.94 | KL: 2.093e-05 | std: 0.5996 | rollout: 9.049s | update: 1.453s | total: 10.502s | samples/s: 6094
Iteration 0246 | train reward: -24.15 | best: -19.94 | KL: 2.244e-05 | std: 0.5995 | rollout: 6.482s | update: 1.438s | total: 7.920s | samples/s: 8081
Iteration 0247 | train reward: -20.19 | best: -19.94 | KL: 2.430e-05 | std: 0.5995 | rollout: 8.065s | update: 1.485s | total: 9.550s | samples/s: 6702
Iteration 0248 | train reward: -21.46 | best: -19.94 | KL: 2.891e-05 | std: 0.5996 | rollout: 8.669s | update: 1.433s | total: 10.102s | samples/s: 6336
Iteration 0249 | train reward: -22.51 | best: -19.94 | KL: 2.825e-05 | std: 0.5996 | rollout: 8.539s | update: 1.402s | total: 9.942s | samples/s: 6438
Iteration 0250 | train reward: -22.50 | best: -19.94 | KL: 2.360e-05 | std: 0.5997 | rollout: 6.493s | update: 1.470s | total: 7.963s | samples/s: 8037
Iteration 0251 | train reward: -23.61 | best: -19.94 | KL: 2.155e-05 | std: 0.5997 | rollout: 9.287s | update: 1.439s | total: 10.726s | samples/s: 5967
Iteration 0252 | train reward: -15.27 | best: -15.27 | KL: 2.426e-05 | std: 0.5996 | rollout: 9.377s | update: 1.314s | total: 10.692s | samples/s: 5986
Iteration 0253 | train reward: -19.10 | best: -15.27 | KL: 2.366e-05 | std: 0.5995 | rollout: 9.234s | update: 1.377s | total: 10.611s | samples/s: 6031
Iteration 0254 | train reward: -23.09 | best: -15.27 | KL: 2.314e-05 | std: 0.5995 | rollout: 7.745s | update: 1.530s | total: 9.276s | samples/s: 6900
Iteration 0255 | train reward: -12.32 | best: -12.32 | KL: 2.754e-05 | std: 0.5996 | rollout: 9.218s | update: 1.466s | total: 10.684s | samples/s: 5990
Iteration 0256 | train reward: -20.14 | best: -12.32 | KL: 2.321e-05 | std: 0.5995 | rollout: 9.140s | update: 1.510s | total: 10.650s | samples/s: 6009
Iteration 0257 | train reward: -24.80 | best: -12.32 | KL: 2.277e-05 | std: 0.5995 | rollout: 8.392s | update: 1.542s | total: 9.935s | samples/s: 6442
Iteration 0258 | train reward: -22.22 | best: -12.32 | KL: 2.431e-05 | std: 0.5991 | rollout: 8.011s | update: 1.475s | total: 9.486s | samples/s: 6746
Iteration 0259 | train reward: -19.05 | best: -12.32 | KL: 2.135e-05 | std: 0.5991 | rollout: 8.340s | update: 1.429s | total: 9.769s | samples/s: 6551
Iteration 0260 | train reward: -13.34 | best: -12.32 | KL: 2.500e-05 | std: 0.5991 | rollout: 7.816s | update: 1.439s | total: 9.255s | samples/s: 6915
Iteration 0261 | train reward: -17.38 | best: -12.32 | KL: 2.641e-05 | std: 0.5990 | rollout: 8.524s | update: 1.444s | total: 9.968s | samples/s: 6421
Iteration 0262 | train reward: -18.68 | best: -12.32 | KL: 2.979e-05 | std: 0.5990 | rollout: 9.012s | update: 1.492s | total: 10.504s | samples/s: 6093
Iteration 0263 | train reward: -10.12 | best: -10.12 | KL: 2.359e-05 | std: 0.5990 | rollout: 9.269s | update: 1.404s | total: 10.673s | samples/s: 5996
Iteration 0264 | train reward: -18.86 | best: -10.12 | KL: 2.336e-05 | std: 0.5990 | rollout: 7.726s | update: 1.387s | total: 9.113s | samples/s: 7023
Iteration 0265 | train reward: -11.68 | best: -10.12 | KL: 2.697e-05 | std: 0.5990 | rollout: 8.854s | update: 1.591s | total: 10.446s | samples/s: 6127
Iteration 0266 | train reward: -15.04 | best: -10.12 | KL: 2.729e-05 | std: 0.5990 | rollout: 7.492s | update: 1.290s | total: 8.782s | samples/s: 7287
Iteration 0267 | train reward: -16.71 | best: -10.12 | KL: 2.691e-05 | std: 0.5990 | rollout: 7.416s | update: 1.511s | total: 8.926s | samples/s: 7170
Iteration 0268 | train reward: -11.17 | best: -10.12 | KL: 2.792e-05 | std: 0.5990 | rollout: 8.167s | update: 1.375s | total: 9.542s | samples/s: 6707
Iteration 0269 | train reward: -21.44 | best: -10.12 | KL: 2.875e-05 | std: 0.5989 | rollout: 8.783s | update: 1.542s | total: 10.325s | samples/s: 6198
Iteration 0270 | train reward: -14.67 | best: -10.12 | KL: 2.403e-05 | std: 0.5989 | rollout: 8.057s | update: 1.476s | total: 9.532s | samples/s: 6714
Iteration 0271 | train reward: -11.41 | best: -10.12 | KL: 3.105e-05 | std: 0.5989 | rollout: 8.818s | update: 1.401s | total: 10.219s | samples/s: 6263
Iteration 0272 | train reward: -6.31 | best: -6.31 | KL: 2.322e-05 | std: 0.5989 | rollout: 9.425s | update: 1.394s | total: 10.819s | samples/s: 5916
Iteration 0273 | train reward: -10.70 | best: -6.31 | KL: 2.707e-05 | std: 0.5989 | rollout: 8.052s | update: 1.430s | total: 9.481s | samples/s: 6750
Iteration 0274 | train reward: -10.23 | best: -6.31 | KL: 2.513e-05 | std: 0.5989 | rollout: 7.290s | update: 1.476s | total: 8.766s | samples/s: 7301
Iteration 0275 | train reward: -9.91 | best: -6.31 | KL: 2.200e-05 | std: 0.5989 | rollout: 7.931s | update: 1.374s | total: 9.305s | samples/s: 6878
Iteration 0276 | train reward: -8.32 | best: -6.31 | KL: 2.302e-05 | std: 0.5988 | rollout: 8.150s | update: 1.390s | total: 9.539s | samples/s: 6709
Iteration 0277 | train reward: -7.93 | best: -6.31 | KL: 2.967e-05 | std: 0.5988 | rollout: 8.182s | update: 1.470s | total: 9.652s | samples/s: 6631
Iteration 0278 | train reward: -7.94 | best: -6.31 | KL: 2.486e-05 | std: 0.5988 | rollout: 7.663s | update: 1.441s | total: 9.104s | samples/s: 7030
Iteration 0279 | train reward: -11.35 | best: -6.31 | KL: 2.648e-05 | std: 0.5988 | rollout: 6.713s | update: 1.413s | total: 8.126s | samples/s: 7876
Iteration 0280 | train reward: -2.23 | best: -2.23 | KL: 2.776e-05 | std: 0.5984 | rollout: 7.517s | update: 1.571s | total: 9.088s | samples/s: 7042
Iteration 0281 | train reward: -5.82 | best: -2.23 | KL: 2.664e-05 | std: 0.5984 | rollout: 8.475s | update: 1.462s | total: 9.937s | samples/s: 6441
Iteration 0282 | train reward: -4.69 | best: -2.23 | KL: 3.046e-05 | std: 0.5984 | rollout: 9.296s | update: 1.545s | total: 10.842s | samples/s: 5903
Iteration 0283 | train reward: -7.76 | best: -2.23 | KL: 2.831e-05 | std: 0.5984 | rollout: 7.919s | update: 1.437s | total: 9.356s | samples/s: 6841
Iteration 0284 | train reward: -9.51 | best: -2.23 | KL: 2.376e-05 | std: 0.5983 | rollout: 8.010s | update: 1.404s | total: 9.414s | samples/s: 6798
Iteration 0285 | train reward: -2.75 | best: -2.23 | KL: 2.757e-05 | std: 0.5982 | rollout: 7.937s | update: 1.459s | total: 9.396s | samples/s: 6812
Iteration 0286 | train reward: -6.01 | best: -2.23 | KL: 2.305e-05 | std: 0.5982 | rollout: 7.479s | update: 1.493s | total: 8.972s | samples/s: 7133
Iteration 0287 | train reward: -2.61 | best: -2.23 | KL: 2.588e-05 | std: 0.5982 | rollout: 9.050s | update: 1.486s | total: 10.536s | samples/s: 6074
Iteration 0288 | train reward: -0.37 | best: -0.37 | KL: 3.205e-05 | std: 0.5982 | rollout: 7.684s | update: 1.427s | total: 9.111s | samples/s: 7024
Iteration 0289 | train reward: -1.65 | best: -0.37 | KL: 2.681e-05 | std: 0.5971 | rollout: 8.756s | update: 1.515s | total: 10.271s | samples/s: 6231
Iteration 0290 | train reward: -1.92 | best: -0.37 | KL: 2.523e-05 | std: 0.5971 | rollout: 8.532s | update: 1.363s | total: 9.895s | samples/s: 6468
Iteration 0291 | train reward: -4.18 | best: -0.37 | KL: 2.957e-05 | std: 0.5971 | rollout: 8.254s | update: 1.502s | total: 9.757s | samples/s: 6560
Iteration 0292 | train reward: -2.91 | best: -0.37 | KL: 2.688e-05 | std: 0.5971 | rollout: 7.189s | update: 1.448s | total: 8.637s | samples/s: 7410
Iteration 0293 | train reward: -9.87 | best: -0.37 | KL: 2.438e-05 | std: 0.5971 | rollout: 9.033s | update: 1.395s | total: 10.427s | samples/s: 6138
Iteration 0294 | train reward: -3.18 | best: -0.37 | KL: 3.026e-05 | std: 0.5971 | rollout: 8.387s | update: 1.578s | total: 9.965s | samples/s: 6422
Iteration 0295 | train reward: -0.49 | best: -0.37 | KL: 2.714e-05 | std: 0.5971 | rollout: 7.628s | update: 1.424s | total: 9.052s | samples/s: 7070
Iteration 0296 | train reward: -3.14 | best: -0.37 | KL: 2.908e-05 | std: 0.5971 | rollout: 7.700s | update: 1.486s | total: 9.187s | samples/s: 6967
Iteration 0297 | train reward: 5.05 | best: 5.05 | KL: 3.113e-05 | std: 0.5971 | rollout: 7.956s | update: 1.474s | total: 9.430s | samples/s: 6787
Iteration 0298 | train reward: 3.95 | best: 5.05 | KL: 3.012e-05 | std: 0.5971 | rollout: 7.617s | update: 1.480s | total: 9.097s | samples/s: 7035
Iteration 0299 | train reward: 0.45 | best: 5.05 | KL: 3.069e-05 | std: 0.5971 | rollout: 7.710s | update: 1.500s | total: 9.210s | samples/s: 6949
Iteration 0300 | train reward: 7.06 | best: 7.06 | KL: 2.773e-05 | std: 0.5969 | rollout: 7.494s | update: 1.388s | total: 8.882s | samples/s: 7206
Iteration 0301 | train reward: 5.60 | best: 7.06 | KL: 2.863e-05 | std: 0.5970 | rollout: 7.556s | update: 1.384s | total: 8.940s | samples/s: 7159
Iteration 0302 | train reward: 5.89 | best: 7.06 | KL: 2.573e-05 | std: 0.5969 | rollout: 7.762s | update: 1.439s | total: 9.201s | samples/s: 6956
Iteration 0303 | train reward: 4.96 | best: 7.06 | KL: 3.022e-05 | std: 0.5969 | rollout: 9.332s | update: 1.433s | total: 10.765s | samples/s: 5945
Iteration 0304 | train reward: 8.77 | best: 8.77 | KL: 3.072e-05 | std: 0.5965 | rollout: 9.062s | update: 1.334s | total: 10.397s | samples/s: 6156
Iteration 0305 | train reward: 3.97 | best: 8.77 | KL: 3.833e-05 | std: 0.5965 | rollout: 7.979s | update: 1.447s | total: 9.426s | samples/s: 6790
Iteration 0306 | train reward: 4.92 | best: 8.77 | KL: 2.705e-05 | std: 0.5965 | rollout: 8.368s | update: 1.417s | total: 9.785s | samples/s: 6540
Iteration 0307 | train reward: 8.06 | best: 8.77 | KL: 2.822e-05 | std: 0.5964 | rollout: 7.983s | update: 1.366s | total: 9.350s | samples/s: 6845
Iteration 0308 | train reward: 5.35 | best: 8.77 | KL: 2.683e-05 | std: 0.5964 | rollout: 7.465s | update: 1.415s | total: 8.880s | samples/s: 7207
Iteration 0309 | train reward: -1.65 | best: 8.77 | KL: 2.408e-05 | std: 0.5964 | rollout: 6.849s | update: 1.374s | total: 8.224s | samples/s: 7782
Iteration 0310 | train reward: 9.09 | best: 9.09 | KL: 2.648e-05 | std: 0.5964 | rollout: 7.396s | update: 1.433s | total: 8.828s | samples/s: 7249
Iteration 0311 | train reward: 7.00 | best: 9.09 | KL: 3.202e-05 | std: 0.5964 | rollout: 8.904s | update: 1.397s | total: 10.302s | samples/s: 6213
Iteration 0312 | train reward: 7.49 | best: 9.09 | KL: 2.795e-05 | std: 0.5964 | rollout: 8.522s | update: 1.389s | total: 9.911s | samples/s: 6457
Iteration 0313 | train reward: 13.73 | best: 13.73 | KL: 2.878e-05 | std: 0.5964 | rollout: 9.017s | update: 1.422s | total: 10.440s | samples/s: 6130
Iteration 0314 | train reward: 7.80 | best: 13.73 | KL: 2.758e-05 | std: 0.5964 | rollout: 8.566s | update: 1.386s | total: 9.952s | samples/s: 6431
Iteration 0315 | train reward: 7.59 | best: 13.73 | KL: 3.389e-05 | std: 0.5964 | rollout: 8.324s | update: 1.407s | total: 9.731s | samples/s: 6577
Iteration 0316 | train reward: 14.65 | best: 14.65 | KL: 3.152e-05 | std: 0.5963 | rollout: 7.467s | update: 1.376s | total: 8.843s | samples/s: 7237
Iteration 0317 | train reward: 11.33 | best: 14.65 | KL: 2.669e-05 | std: 0.5963 | rollout: 7.130s | update: 1.420s | total: 8.550s | samples/s: 7485
Iteration 0318 | train reward: 12.19 | best: 14.65 | KL: 3.122e-05 | std: 0.5963 | rollout: 8.760s | update: 1.423s | total: 10.184s | samples/s: 6284
Iteration 0319 | train reward: 19.44 | best: 19.44 | KL: 3.063e-05 | std: 0.5962 | rollout: 8.405s | update: 1.356s | total: 9.760s | samples/s: 6557
Iteration 0320 | train reward: 17.01 | best: 19.44 | KL: 3.645e-05 | std: 0.5962 | rollout: 8.607s | update: 1.503s | total: 10.110s | samples/s: 6331
Iteration 0321 | train reward: 20.53 | best: 20.53 | KL: 3.263e-05 | std: 0.5962 | rollout: 7.509s | update: 1.478s | total: 8.987s | samples/s: 7121
Iteration 0322 | train reward: 16.21 | best: 20.53 | KL: 3.266e-05 | std: 0.5962 | rollout: 9.351s | update: 1.466s | total: 10.817s | samples/s: 5917
Iteration 0323 | train reward: 18.56 | best: 20.53 | KL: 2.816e-05 | std: 0.5962 | rollout: 8.651s | update: 1.436s | total: 10.087s | samples/s: 6345
Iteration 0324 | train reward: 17.52 | best: 20.53 | KL: 3.320e-05 | std: 0.5962 | rollout: 8.966s | update: 1.392s | total: 10.357s | samples/s: 6179
Iteration 0325 | train reward: 24.35 | best: 24.35 | KL: 2.939e-05 | std: 0.5962 | rollout: 8.626s | update: 1.374s | total: 10.000s | samples/s: 6400
Iteration 0326 | train reward: 27.35 | best: 27.35 | KL: 3.351e-05 | std: 0.5962 | rollout: 8.558s | update: 1.394s | total: 9.952s | samples/s: 6431
Iteration 0327 | train reward: 15.13 | best: 27.35 | KL: 3.389e-05 | std: 0.5958 | rollout: 8.980s | update: 1.528s | total: 10.508s | samples/s: 6091
Iteration 0328 | train reward: 21.32 | best: 27.35 | KL: 2.723e-05 | std: 0.5958 | rollout: 8.095s | update: 1.358s | total: 9.453s | samples/s: 6770
Iteration 0329 | train reward: 23.55 | best: 27.35 | KL: 3.124e-05 | std: 0.5958 | rollout: 7.919s | update: 1.488s | total: 9.407s | samples/s: 6803
Iteration 0330 | train reward: 19.15 | best: 27.35 | KL: 3.483e-05 | std: 0.5958 | rollout: 8.561s | update: 1.329s | total: 9.891s | samples/s: 6471
Iteration 0331 | train reward: 25.66 | best: 27.35 | KL: 3.348e-05 | std: 0.5957 | rollout: 8.058s | update: 1.458s | total: 9.515s | samples/s: 6726
Iteration 0332 | train reward: 16.17 | best: 27.35 | KL: 3.005e-05 | std: 0.5956 | rollout: 7.759s | update: 1.494s | total: 9.253s | samples/s: 6917
Iteration 0333 | train reward: 23.78 | best: 27.35 | KL: 3.003e-05 | std: 0.5956 | rollout: 8.304s | update: 1.504s | total: 9.808s | samples/s: 6525
Iteration 0334 | train reward: 26.51 | best: 27.35 | KL: 2.856e-05 | std: 0.5956 | rollout: 6.713s | update: 1.450s | total: 8.163s | samples/s: 7840
Iteration 0335 | train reward: 22.20 | best: 27.35 | KL: 3.342e-05 | std: 0.5956 | rollout: 7.306s | update: 1.399s | total: 8.705s | samples/s: 7352
Iteration 0336 | train reward: 25.01 | best: 27.35 | KL: 3.481e-05 | std: 0.5956 | rollout: 8.067s | update: 1.467s | total: 9.534s | samples/s: 6713
Iteration 0337 | train reward: 32.07 | best: 32.07 | KL: 3.426e-05 | std: 0.5956 | rollout: 8.583s | update: 1.567s | total: 10.150s | samples/s: 6306
Iteration 0338 | train reward: 24.03 | best: 32.07 | KL: 4.032e-05 | std: 0.5956 | rollout: 7.946s | update: 1.476s | total: 9.422s | samples/s: 6793
Iteration 0339 | train reward: 32.42 | best: 32.42 | KL: 4.351e-05 | std: 0.5945 | rollout: 7.287s | update: 1.436s | total: 8.722s | samples/s: 7337
Iteration 0340 | train reward: 23.43 | best: 32.42 | KL: 3.767e-05 | std: 0.5945 | rollout: 8.609s | update: 1.408s | total: 10.017s | samples/s: 6389
Iteration 0341 | train reward: 37.00 | best: 37.00 | KL: 4.061e-05 | std: 0.5945 | rollout: 8.377s | update: 1.474s | total: 9.851s | samples/s: 6497
Iteration 0342 | train reward: 28.71 | best: 37.00 | KL: 3.686e-05 | std: 0.5945 | rollout: 8.002s | update: 1.452s | total: 9.454s | samples/s: 6770
Iteration 0343 | train reward: 36.56 | best: 37.00 | KL: 4.496e-05 | std: 0.5944 | rollout: 8.068s | update: 1.507s | total: 9.575s | samples/s: 6684
Iteration 0344 | train reward: 38.51 | best: 38.51 | KL: 3.386e-05 | std: 0.5944 | rollout: 9.109s | update: 1.449s | total: 10.558s | samples/s: 6062
Iteration 0345 | train reward: 25.22 | best: 38.51 | KL: 4.127e-05 | std: 0.5943 | rollout: 7.526s | update: 1.435s | total: 8.962s | samples/s: 7141
Iteration 0346 | train reward: 33.54 | best: 38.51 | KL: 3.619e-05 | std: 0.5943 | rollout: 9.089s | update: 1.402s | total: 10.490s | samples/s: 6101
Iteration 0347 | train reward: 37.78 | best: 38.51 | KL: 4.587e-05 | std: 0.5943 | rollout: 8.602s | update: 1.493s | total: 10.095s | samples/s: 6340
Iteration 0348 | train reward: 39.21 | best: 39.21 | KL: 5.098e-05 | std: 0.5943 | rollout: 8.866s | update: 1.461s | total: 10.327s | samples/s: 6197
Iteration 0349 | train reward: 37.94 | best: 39.21 | KL: 3.633e-05 | std: 0.5939 | rollout: 7.301s | update: 1.342s | total: 8.643s | samples/s: 7404
Iteration 0350 | train reward: 37.33 | best: 39.21 | KL: 3.662e-05 | std: 0.5939 | rollout: 7.545s | update: 1.497s | total: 9.042s | samples/s: 7078
Iteration 0351 | train reward: 44.69 | best: 44.69 | KL: 4.469e-05 | std: 0.5939 | rollout: 8.017s | update: 1.350s | total: 9.367s | samples/s: 6833
Iteration 0352 | train reward: 40.81 | best: 44.69 | KL: 4.798e-05 | std: 0.5938 | rollout: 8.386s | update: 1.342s | total: 9.728s | samples/s: 6579
Iteration 0353 | train reward: 45.73 | best: 45.73 | KL: 5.345e-05 | std: 0.5938 | rollout: 8.495s | update: 1.386s | total: 9.881s | samples/s: 6477
Iteration 0354 | train reward: 48.47 | best: 48.47 | KL: 4.340e-05 | std: 0.5938 | rollout: 9.188s | update: 1.483s | total: 10.671s | samples/s: 5998
Iteration 0355 | train reward: 41.43 | best: 48.47 | KL: 4.270e-05 | std: 0.5938 | rollout: 8.306s | update: 1.391s | total: 9.697s | samples/s: 6600
Iteration 0356 | train reward: 43.74 | best: 48.47 | KL: 4.069e-05 | std: 0.5938 | rollout: 7.270s | update: 1.413s | total: 8.683s | samples/s: 7371
Iteration 0357 | train reward: 41.70 | best: 48.47 | KL: 3.567e-05 | std: 0.5938 | rollout: 8.240s | update: 1.486s | total: 9.726s | samples/s: 6580
Iteration 0358 | train reward: 50.42 | best: 50.42 | KL: 4.485e-05 | std: 0.5938 | rollout: 7.748s | update: 1.462s | total: 9.210s | samples/s: 6949
Iteration 0359 | train reward: 48.79 | best: 50.42 | KL: 4.333e-05 | std: 0.5938 | rollout: 7.935s | update: 1.443s | total: 9.379s | samples/s: 6824
Iteration 0360 | train reward: 50.73 | best: 50.73 | KL: 4.437e-05 | std: 0.5937 | rollout: 7.879s | update: 1.407s | total: 9.286s | samples/s: 6892
Iteration 0361 | train reward: 50.11 | best: 50.73 | KL: 4.289e-05 | std: 0.5937 | rollout: 9.432s | update: 1.437s | total: 10.868s | samples/s: 5889
Iteration 0362 | train reward: 47.16 | best: 50.73 | KL: 3.206e-05 | std: 0.5937 | rollout: 8.157s | update: 1.398s | total: 9.556s | samples/s: 6698
Iteration 0363 | train reward: 52.46 | best: 52.46 | KL: 4.935e-05 | std: 0.5937 | rollout: 8.048s | update: 1.475s | total: 9.522s | samples/s: 6721
Iteration 0364 | train reward: 54.19 | best: 54.19 | KL: 4.656e-05 | std: 0.5937 | rollout: 8.463s | update: 1.389s | total: 9.852s | samples/s: 6496
Iteration 0365 | train reward: 51.70 | best: 54.19 | KL: 4.113e-05 | std: 0.5936 | rollout: 7.674s | update: 1.441s | total: 9.115s | samples/s: 7021
Iteration 0366 | train reward: 50.60 | best: 54.19 | KL: 5.043e-05 | std: 0.5936 | rollout: 6.429s | update: 1.308s | total: 7.738s | samples/s: 8271
Iteration 0367 | train reward: 53.22 | best: 54.19 | KL: 5.222e-05 | std: 0.5936 | rollout: 8.797s | update: 1.363s | total: 10.160s | samples/s: 6299
Iteration 0368 | train reward: 52.43 | best: 54.19 | KL: 4.891e-05 | std: 0.5936 | rollout: 8.285s | update: 1.400s | total: 9.685s | samples/s: 6608
Iteration 0369 | train reward: 65.62 | best: 65.62 | KL: 4.756e-05 | std: 0.5932 | rollout: 7.970s | update: 1.555s | total: 9.525s | samples/s: 6719
Iteration 0370 | train reward: 50.78 | best: 65.62 | KL: 4.522e-05 | std: 0.5932 | rollout: 7.662s | update: 1.441s | total: 9.102s | samples/s: 7031
Iteration 0371 | train reward: 56.41 | best: 65.62 | KL: 5.695e-05 | std: 0.5932 | rollout: 7.547s | update: 1.411s | total: 8.958s | samples/s: 7144
Iteration 0372 | train reward: 58.50 | best: 65.62 | KL: 4.453e-05 | std: 0.5932 | rollout: 8.033s | update: 1.429s | total: 9.463s | samples/s: 6763
Iteration 0373 | train reward: 58.67 | best: 65.62 | KL: 4.199e-05 | std: 0.5932 | rollout: 7.214s | update: 1.458s | total: 8.671s | samples/s: 7381
Iteration 0374 | train reward: 60.86 | best: 65.62 | KL: 5.048e-05 | std: 0.5932 | rollout: 8.421s | update: 1.477s | total: 9.897s | samples/s: 6466
Iteration 0375 | train reward: 65.37 | best: 65.62 | KL: 5.007e-05 | std: 0.5931 | rollout: 8.485s | update: 1.413s | total: 9.898s | samples/s: 6466
Iteration 0376 | train reward: 63.03 | best: 65.62 | KL: 3.946e-05 | std: 0.5930 | rollout: 7.840s | update: 1.478s | total: 9.318s | samples/s: 6868
Iteration 0377 | train reward: 68.04 | best: 68.04 | KL: 5.669e-05 | std: 0.5930 | rollout: 9.223s | update: 1.439s | total: 10.662s | samples/s: 6003
Iteration 0378 | train reward: 64.70 | best: 68.04 | KL: 4.560e-05 | std: 0.5930 | rollout: 8.184s | update: 1.416s | total: 9.600s | samples/s: 6667
Iteration 0379 | train reward: 71.13 | best: 71.13 | KL: 6.272e-05 | std: 0.5930 | rollout: 6.979s | update: 1.478s | total: 8.458s | samples/s: 7567
Iteration 0380 | train reward: 68.80 | best: 71.13 | KL: 5.117e-05 | std: 0.5930 | rollout: 7.999s | update: 1.515s | total: 9.514s | samples/s: 6727
Iteration 0381 | train reward: 77.57 | best: 77.57 | KL: 5.462e-05 | std: 0.5919 | rollout: 8.469s | update: 1.380s | total: 9.849s | samples/s: 6498
Iteration 0382 | train reward: 85.45 | best: 85.45 | KL: 6.550e-05 | std: 0.5919 | rollout: 8.033s | update: 1.472s | total: 9.504s | samples/s: 6734
Iteration 0383 | train reward: 73.91 | best: 85.45 | KL: 6.363e-05 | std: 0.5919 | rollout: 8.298s | update: 1.449s | total: 9.746s | samples/s: 6566
Iteration 0384 | train reward: 80.92 | best: 85.45 | KL: 6.795e-05 | std: 0.5917 | rollout: 6.737s | update: 1.462s | total: 8.199s | samples/s: 7806
Iteration 0385 | train reward: 80.71 | best: 85.45 | KL: 6.647e-05 | std: 0.5917 | rollout: 8.507s | update: 1.414s | total: 9.921s | samples/s: 6451
Iteration 0386 | train reward: 70.81 | best: 85.45 | KL: 6.556e-05 | std: 0.5917 | rollout: 9.226s | update: 1.421s | total: 10.647s | samples/s: 6011
Iteration 0387 | train reward: 77.75 | best: 85.45 | KL: 6.070e-05 | std: 0.5917 | rollout: 8.554s | update: 1.484s | total: 10.038s | samples/s: 6376
Iteration 0388 | train reward: 83.25 | best: 85.45 | KL: 5.518e-05 | std: 0.5913 | rollout: 8.442s | update: 1.493s | total: 9.935s | samples/s: 6442
Iteration 0389 | train reward: 81.35 | best: 85.45 | KL: 6.076e-05 | std: 0.5913 | rollout: 8.535s | update: 1.527s | total: 10.062s | samples/s: 6360
Iteration 0390 | train reward: 83.30 | best: 85.45 | KL: 6.060e-05 | std: 0.5912 | rollout: 6.974s | update: 1.308s | total: 8.282s | samples/s: 7728
Iteration 0391 | train reward: 88.53 | best: 88.53 | KL: 6.175e-05 | std: 0.5911 | rollout: 7.297s | update: 1.490s | total: 8.787s | samples/s: 7283
Iteration 0392 | train reward: 84.99 | best: 88.53 | KL: 6.649e-05 | std: 0.5911 | rollout: 7.669s | update: 1.443s | total: 9.112s | samples/s: 7024
Iteration 0393 | train reward: 79.07 | best: 88.53 | KL: 6.728e-05 | std: 0.5911 | rollout: 8.419s | update: 1.375s | total: 9.794s | samples/s: 6535
Iteration 0394 | train reward: 88.99 | best: 88.99 | KL: 8.211e-05 | std: 0.5911 | rollout: 7.630s | update: 1.354s | total: 8.983s | samples/s: 7124
Iteration 0395 | train reward: 90.58 | best: 90.58 | KL: 7.067e-05 | std: 0.5911 | rollout: 8.515s | update: 1.492s | total: 10.006s | samples/s: 6396
Iteration 0396 | train reward: 85.52 | best: 90.58 | KL: 6.216e-05 | std: 0.5911 | rollout: 8.562s | update: 1.467s | total: 10.029s | samples/s: 6382
Iteration 0397 | train reward: 100.72 | best: 100.72 | KL: 9.112e-05 | std: 0.5910 | rollout: 8.718s | update: 1.494s | total: 10.212s | samples/s: 6267
Iteration 0398 | train reward: 90.39 | best: 100.72 | KL: 6.713e-05 | std: 0.5910 | rollout: 7.735s | update: 1.458s | total: 9.193s | samples/s: 6962
Iteration 0399 | train reward: 98.02 | best: 100.72 | KL: 6.299e-05 | std: 0.5910 | rollout: 7.528s | update: 1.470s | total: 8.998s | samples/s: 7112
Iteration 0400 | train reward: 102.30 | best: 102.30 | KL: 7.631e-05 | std: 0.5906 | rollout: 9.084s | update: 1.420s | total: 10.504s | samples/s: 6093
Iteration 0401 | train reward: 101.58 | best: 102.30 | KL: 6.355e-05 | std: 0.5905 | rollout: 7.893s | update: 1.495s | total: 9.389s | samples/s: 6817
Iteration 0402 | train reward: 103.84 | best: 103.84 | KL: 7.680e-05 | std: 0.5905 | rollout: 7.836s | update: 1.419s | total: 9.255s | samples/s: 6916
Iteration 0403 | train reward: 98.92 | best: 103.84 | KL: 7.906e-05 | std: 0.5905 | rollout: 7.677s | update: 1.409s | total: 9.086s | samples/s: 7044
Iteration 0404 | train reward: 103.48 | best: 103.84 | KL: 6.875e-05 | std: 0.5905 | rollout: 8.099s | update: 1.327s | total: 9.425s | samples/s: 6790
Iteration 0405 | train reward: 98.21 | best: 103.84 | KL: 8.058e-05 | std: 0.5904 | rollout: 7.941s | update: 1.411s | total: 9.352s | samples/s: 6844
Iteration 0406 | train reward: 106.21 | best: 106.21 | KL: 6.190e-05 | std: 0.5904 | rollout: 7.308s | update: 1.357s | total: 8.665s | samples/s: 7386
Iteration 0407 | train reward: 106.59 | best: 106.59 | KL: 6.928e-05 | std: 0.5893 | rollout: 8.828s | update: 1.372s | total: 10.200s | samples/s: 6275
Iteration 0408 | train reward: 110.21 | best: 110.21 | KL: 8.576e-05 | std: 0.5893 | rollout: 7.651s | update: 1.438s | total: 9.089s | samples/s: 7041
Iteration 0409 | train reward: 122.53 | best: 122.53 | KL: 6.812e-05 | std: 0.5892 | rollout: 7.592s | update: 1.423s | total: 9.015s | samples/s: 7099
Iteration 0410 | train reward: 103.12 | best: 122.53 | KL: 8.152e-05 | std: 0.5891 | rollout: 8.205s | update: 1.435s | total: 9.639s | samples/s: 6639
Iteration 0411 | train reward: 106.72 | best: 122.53 | KL: 8.135e-05 | std: 0.5891 | rollout: 8.703s | update: 1.407s | total: 10.110s | samples/s: 6331
Iteration 0412 | train reward: 106.72 | best: 122.53 | KL: 6.754e-05 | std: 0.5887 | rollout: 8.809s | update: 1.391s | total: 10.200s | samples/s: 6275
Iteration 0413 | train reward: 117.54 | best: 122.53 | KL: 8.171e-05 | std: 0.5887 | rollout: 8.183s | update: 1.414s | total: 9.597s | samples/s: 6669
Iteration 0414 | train reward: 113.55 | best: 122.53 | KL: 8.488e-05 | std: 0.5886 | rollout: 7.722s | update: 1.425s | total: 9.148s | samples/s: 6996
Iteration 0415 | train reward: 109.47 | best: 122.53 | KL: 6.039e-05 | std: 0.5885 | rollout: 8.070s | update: 1.328s | total: 9.398s | samples/s: 6810
Iteration 0416 | train reward: 112.88 | best: 122.53 | KL: 9.369e-05 | std: 0.5885 | rollout: 7.901s | update: 1.467s | total: 9.368s | samples/s: 6832
Iteration 0417 | train reward: 129.81 | best: 129.81 | KL: 7.929e-05 | std: 0.5885 | rollout: 9.100s | update: 1.391s | total: 10.492s | samples/s: 6100
Iteration 0418 | train reward: 123.54 | best: 129.81 | KL: 8.355e-05 | std: 0.5885 | rollout: 8.527s | update: 1.447s | total: 9.974s | samples/s: 6416
Iteration 0419 | train reward: 122.98 | best: 129.81 | KL: 8.134e-05 | std: 0.5885 | rollout: 8.029s | update: 1.446s | total: 9.476s | samples/s: 6754
Iteration 0420 | train reward: 135.38 | best: 135.38 | KL: 1.095e-04 | std: 0.5885 | rollout: 8.075s | update: 1.432s | total: 9.507s | samples/s: 6732
Iteration 0421 | train reward: 136.19 | best: 136.19 | KL: 7.904e-05 | std: 0.5884 | rollout: 8.385s | update: 1.415s | total: 9.800s | samples/s: 6530
Iteration 0422 | train reward: 146.09 | best: 146.09 | KL: 1.052e-04 | std: 0.5884 | rollout: 9.402s | update: 1.516s | total: 10.918s | samples/s: 5862
Iteration 0423 | train reward: 139.39 | best: 146.09 | KL: 1.010e-04 | std: 0.5884 | rollout: 7.853s | update: 1.368s | total: 9.221s | samples/s: 6941
Iteration 0424 | train reward: 137.11 | best: 146.09 | KL: 8.701e-05 | std: 0.5884 | rollout: 8.618s | update: 1.525s | total: 10.143s | samples/s: 6310
Iteration 0425 | train reward: 145.08 | best: 146.09 | KL: 8.899e-05 | std: 0.5884 | rollout: 7.894s | update: 1.443s | total: 9.337s | samples/s: 6855
Iteration 0426 | train reward: 139.91 | best: 146.09 | KL: 9.349e-05 | std: 0.5880 | rollout: 9.130s | update: 1.470s | total: 10.599s | samples/s: 6038
Iteration 0427 | train reward: 137.75 | best: 146.09 | KL: 8.660e-05 | std: 0.5880 | rollout: 8.789s | update: 1.479s | total: 10.268s | samples/s: 6233
Iteration 0428 | train reward: 139.64 | best: 146.09 | KL: 1.080e-04 | std: 0.5879 | rollout: 8.757s | update: 1.372s | total: 10.129s | samples/s: 6318
Iteration 0429 | train reward: 142.23 | best: 146.09 | KL: 1.124e-04 | std: 0.5878 | rollout: 8.285s | update: 1.441s | total: 9.727s | samples/s: 6580
Iteration 0430 | train reward: 160.94 | best: 160.94 | KL: 1.245e-04 | std: 0.5867 | rollout: 7.469s | update: 1.515s | total: 8.985s | samples/s: 7123
Iteration 0431 | train reward: 154.52 | best: 160.94 | KL: 1.134e-04 | std: 0.5867 | rollout: 7.591s | update: 1.386s | total: 8.976s | samples/s: 7130
Iteration 0432 | train reward: 152.96 | best: 160.94 | KL: 1.081e-04 | std: 0.5867 | rollout: 8.166s | update: 1.401s | total: 9.568s | samples/s: 6689
Iteration 0433 | train reward: 152.50 | best: 160.94 | KL: 1.343e-04 | std: 0.5866 | rollout: 7.844s | update: 1.440s | total: 9.284s | samples/s: 6893
Iteration 0434 | train reward: 152.00 | best: 160.94 | KL: 1.005e-04 | std: 0.5866 | rollout: 7.544s | update: 1.315s | total: 8.859s | samples/s: 7224
Iteration 0435 | train reward: 148.61 | best: 160.94 | KL: 1.098e-04 | std: 0.5865 | rollout: 8.439s | update: 1.369s | total: 9.808s | samples/s: 6525
Iteration 0436 | train reward: 158.90 | best: 160.94 | KL: 1.344e-04 | std: 0.5867 | rollout: 6.497s | update: 1.381s | total: 7.878s | samples/s: 8124
Iteration 0437 | train reward: 155.36 | best: 160.94 | KL: 1.115e-04 | std: 0.5867 | rollout: 8.064s | update: 1.555s | total: 9.619s | samples/s: 6654
Iteration 0438 | train reward: 170.14 | best: 170.14 | KL: 1.310e-04 | std: 0.5867 | rollout: 7.558s | update: 1.484s | total: 9.042s | samples/s: 7078
Iteration 0439 | train reward: 165.26 | best: 170.14 | KL: 9.736e-05 | std: 0.5865 | rollout: 7.661s | update: 1.497s | total: 9.158s | samples/s: 6988
Iteration 0440 | train reward: 168.67 | best: 170.14 | KL: 1.344e-04 | std: 0.5861 | rollout: 8.221s | update: 1.511s | total: 9.732s | samples/s: 6576
Iteration 0441 | train reward: 177.86 | best: 177.86 | KL: 1.256e-04 | std: 0.5865 | rollout: 8.803s | update: 1.351s | total: 10.154s | samples/s: 6303
Iteration 0442 | train reward: 171.52 | best: 177.86 | KL: 1.119e-04 | std: 0.5861 | rollout: 7.429s | update: 1.436s | total: 8.866s | samples/s: 7219
Iteration 0443 | train reward: 162.14 | best: 177.86 | KL: 1.120e-04 | std: 0.5861 | rollout: 6.467s | update: 1.525s | total: 7.992s | samples/s: 8008
Iteration 0444 | train reward: 169.13 | best: 177.86 | KL: 1.238e-04 | std: 0.5861 | rollout: 7.713s | update: 1.511s | total: 9.224s | samples/s: 6938
Iteration 0445 | train reward: 172.46 | best: 177.86 | KL: 1.243e-04 | std: 0.5861 | rollout: 8.603s | update: 1.494s | total: 10.096s | samples/s: 6339
Iteration 0446 | train reward: 181.12 | best: 181.12 | KL: 1.274e-04 | std: 0.5860 | rollout: 7.697s | update: 1.544s | total: 9.241s | samples/s: 6926
Iteration 0447 | train reward: 179.61 | best: 181.12 | KL: 1.320e-04 | std: 0.5859 | rollout: 7.654s | update: 1.392s | total: 9.045s | samples/s: 7076
Iteration 0448 | train reward: 180.22 | best: 181.12 | KL: 1.316e-04 | std: 0.5859 | rollout: 8.952s | update: 1.444s | total: 10.396s | samples/s: 6156
Iteration 0449 | train reward: 189.74 | best: 189.74 | KL: 1.283e-04 | std: 0.5859 | rollout: 8.969s | update: 1.468s | total: 10.437s | samples/s: 6132
Iteration 0450 | train reward: 191.74 | best: 191.74 | KL: 1.442e-04 | std: 0.5859 | rollout: 8.670s | update: 1.545s | total: 10.215s | samples/s: 6265
Iteration 0451 | train reward: 195.33 | best: 195.33 | KL: 1.093e-04 | std: 0.5858 | rollout: 8.428s | update: 1.448s | total: 9.876s | samples/s: 6480
Iteration 0452 | train reward: 199.67 | best: 199.67 | KL: 1.342e-04 | std: 0.5858 | rollout: 8.540s | update: 1.368s | total: 9.908s | samples/s: 6460
Iteration 0453 | train reward: 194.35 | best: 199.67 | KL: 1.282e-04 | std: 0.5853 | rollout: 8.614s | update: 1.495s | total: 10.109s | samples/s: 6331
Iteration 0454 | train reward: 204.44 | best: 204.44 | KL: 1.360e-04 | std: 0.5852 | rollout: 7.062s | update: 1.389s | total: 8.451s | samples/s: 7573
Iteration 0455 | train reward: 208.82 | best: 208.82 | KL: 1.376e-04 | std: 0.5852 | rollout: 7.874s | update: 1.404s | total: 9.278s | samples/s: 6898
Iteration 0456 | train reward: 199.20 | best: 208.82 | KL: 1.455e-04 | std: 0.5841 | rollout: 7.753s | update: 1.405s | total: 9.158s | samples/s: 6988
Iteration 0457 | train reward: 203.88 | best: 208.82 | KL: 1.706e-04 | std: 0.5839 | rollout: 9.143s | update: 1.374s | total: 10.517s | samples/s: 6085
Iteration 0458 | train reward: 207.80 | best: 208.82 | KL: 1.474e-04 | std: 0.5840 | rollout: 8.755s | update: 1.426s | total: 10.181s | samples/s: 6286
Iteration 0459 | train reward: 219.66 | best: 219.66 | KL: 1.568e-04 | std: 0.5840 | rollout: 7.932s | update: 1.425s | total: 9.357s | samples/s: 6840
Iteration 0460 | train reward: 202.49 | best: 219.66 | KL: 1.433e-04 | std: 0.5839 | rollout: 8.633s | update: 1.395s | total: 10.028s | samples/s: 6382
Iteration 0461 | train reward: 232.66 | best: 232.66 | KL: 1.956e-04 | std: 0.5835 | rollout: 7.673s | update: 1.478s | total: 9.151s | samples/s: 6994
Iteration 0462 | train reward: 213.25 | best: 232.66 | KL: 1.595e-04 | std: 0.5835 | rollout: 7.105s | update: 1.688s | total: 8.793s | samples/s: 7279
Iteration 0463 | train reward: 223.77 | best: 232.66 | KL: 1.498e-04 | std: 0.5835 | rollout: 7.685s | update: 1.522s | total: 9.207s | samples/s: 6951
Iteration 0464 | train reward: 214.83 | best: 232.66 | KL: 1.689e-04 | std: 0.5834 | rollout: 8.666s | update: 1.489s | total: 10.155s | samples/s: 6302
Iteration 0465 | train reward: 227.51 | best: 232.66 | KL: 1.927e-04 | std: 0.5834 | rollout: 8.118s | update: 1.568s | total: 9.686s | samples/s: 6608
Iteration 0466 | train reward: 233.36 | best: 233.36 | KL: 1.580e-04 | std: 0.5834 | rollout: 9.370s | update: 1.489s | total: 10.859s | samples/s: 5894
Iteration 0467 | train reward: 230.63 | best: 233.36 | KL: 1.795e-04 | std: 0.5833 | rollout: 8.972s | update: 1.314s | total: 10.286s | samples/s: 6222
Iteration 0468 | train reward: 240.95 | best: 240.95 | KL: 1.889e-04 | std: 0.5833 | rollout: 9.193s | update: 1.338s | total: 10.531s | samples/s: 6077
Iteration 0469 | train reward: 244.32 | best: 244.32 | KL: 1.762e-04 | std: 0.5834 | rollout: 8.315s | update: 1.481s | total: 9.796s | samples/s: 6533
Iteration 0470 | train reward: 248.84 | best: 248.84 | KL: 2.012e-04 | std: 0.5834 | rollout: 8.600s | update: 1.422s | total: 10.023s | samples/s: 6385
Iteration 0471 | train reward: 245.94 | best: 248.84 | KL: 2.151e-04 | std: 0.5833 | rollout: 8.199s | update: 1.314s | total: 9.513s | samples/s: 6728
Iteration 0472 | train reward: 259.79 | best: 259.79 | KL: 1.775e-04 | std: 0.5833 | rollout: 8.612s | update: 1.441s | total: 10.054s | samples/s: 6366
Iteration 0473 | train reward: 242.27 | best: 259.79 | KL: 1.948e-04 | std: 0.5832 | rollout: 6.844s | update: 1.453s | total: 8.297s | samples/s: 7714
Iteration 0474 | train reward: 249.10 | best: 259.79 | KL: 2.116e-04 | std: 0.5832 | rollout: 7.953s | update: 1.443s | total: 9.396s | samples/s: 6811
Iteration 0475 | train reward: 259.78 | best: 259.79 | KL: 1.902e-04 | std: 0.5832 | rollout: 7.871s | update: 1.456s | total: 9.327s | samples/s: 6862
Iteration 0476 | train reward: 251.47 | best: 259.79 | KL: 1.850e-04 | std: 0.5831 | rollout: 8.827s | update: 1.434s | total: 10.262s | samples/s: 6237
Iteration 0477 | train reward: 264.05 | best: 264.05 | KL: 1.866e-04 | std: 0.5832 | rollout: 8.139s | update: 1.509s | total: 9.648s | samples/s: 6634
Iteration 0478 | train reward: 263.82 | best: 264.05 | KL: 1.975e-04 | std: 0.5831 | rollout: 7.926s | update: 1.378s | total: 9.304s | samples/s: 6879
Iteration 0479 | train reward: 271.60 | best: 271.60 | KL: 1.883e-04 | std: 0.5827 | rollout: 8.541s | update: 1.355s | total: 9.895s | samples/s: 6468
Iteration 0480 | train reward: 280.68 | best: 280.68 | KL: 2.031e-04 | std: 0.5826 | rollout: 8.005s | update: 1.430s | total: 9.436s | samples/s: 6783
Iteration 0481 | train reward: 281.62 | best: 281.62 | KL: 2.257e-04 | std: 0.5826 | rollout: 8.599s | update: 1.489s | total: 10.088s | samples/s: 6344
Iteration 0482 | train reward: 275.94 | best: 281.62 | KL: 2.114e-04 | std: 0.5826 | rollout: 7.567s | update: 1.341s | total: 8.908s | samples/s: 7184
Iteration 0483 | train reward: 279.37 | best: 281.62 | KL: 1.974e-04 | std: 0.5815 | rollout: 8.288s | update: 1.340s | total: 9.628s | samples/s: 6647
Iteration 0484 | train reward: 275.13 | best: 281.62 | KL: 2.296e-04 | std: 0.5815 | rollout: 8.211s | update: 1.399s | total: 9.610s | samples/s: 6660
Iteration 0485 | train reward: 287.57 | best: 287.57 | KL: 2.394e-04 | std: 0.5813 | rollout: 8.276s | update: 1.515s | total: 9.791s | samples/s: 6537
Iteration 0486 | train reward: 293.37 | best: 293.37 | KL: 2.440e-04 | std: 0.5809 | rollout: 8.256s | update: 1.466s | total: 9.722s | samples/s: 6583
Iteration 0487 | train reward: 314.95 | best: 314.95 | KL: 2.013e-04 | std: 0.5809 | rollout: 8.359s | update: 1.372s | total: 9.731s | samples/s: 6577
Iteration 0488 | train reward: 292.75 | best: 314.95 | KL: 2.198e-04 | std: 0.5808 | rollout: 7.339s | update: 1.358s | total: 8.697s | samples/s: 7359
Iteration 0489 | train reward: 300.70 | best: 314.95 | KL: 1.964e-04 | std: 0.5807 | rollout: 7.360s | update: 1.414s | total: 8.773s | samples/s: 7295
Iteration 0490 | train reward: 297.71 | best: 314.95 | KL: 2.374e-04 | std: 0.5807 | rollout: 7.253s | update: 1.430s | total: 8.683s | samples/s: 7371
Iteration 0491 | train reward: 315.52 | best: 315.52 | KL: 2.362e-04 | std: 0.5807 | rollout: 8.346s | update: 1.348s | total: 9.694s | samples/s: 6602
Iteration 0492 | train reward: 303.62 | best: 315.52 | KL: 2.455e-04 | std: 0.5807 | rollout: 8.518s | update: 1.379s | total: 9.897s | samples/s: 6467
Iteration 0493 | train reward: 309.00 | best: 315.52 | KL: 2.723e-04 | std: 0.5802 | rollout: 8.365s | update: 1.462s | total: 9.827s | samples/s: 6513
Iteration 0494 | train reward: 297.94 | best: 315.52 | KL: 2.401e-04 | std: 0.5801 | rollout: 8.041s | update: 1.394s | total: 9.435s | samples/s: 6783
Iteration 0495 | train reward: 313.71 | best: 315.52 | KL: 2.243e-04 | std: 0.5801 | rollout: 8.103s | update: 1.513s | total: 9.616s | samples/s: 6656
Iteration 0496 | train reward: 331.15 | best: 331.15 | KL: 2.502e-04 | std: 0.5800 | rollout: 7.938s | update: 1.447s | total: 9.384s | samples/s: 6820
Iteration 0497 | train reward: 313.12 | best: 331.15 | KL: 2.430e-04 | std: 0.5787 | rollout: 7.458s | update: 1.445s | total: 8.903s | samples/s: 7188
Iteration 0498 | train reward: 336.93 | best: 336.93 | KL: 2.585e-04 | std: 0.5788 | rollout: 8.942s | update: 1.450s | total: 10.392s | samples/s: 6159
Iteration 0499 | train reward: 321.20 | best: 336.93 | KL: 3.178e-04 | std: 0.5789 | rollout: 8.131s | update: 1.336s | total: 9.466s | samples/s: 6761
Iteration 0500 | train reward: 331.86 | best: 336.93 | KL: 3.281e-04 | std: 0.5788 | rollout: 9.120s | update: 1.373s | total: 10.493s | samples/s: 6099
Iteration 0501 | train reward: 332.70 | best: 336.93 | KL: 2.831e-04 | std: 0.5787 | rollout: 8.528s | update: 1.393s | total: 9.921s | samples/s: 6451
Iteration 0502 | train reward: 325.31 | best: 336.93 | KL: 3.307e-04 | std: 0.5783 | rollout: 7.560s | update: 1.457s | total: 9.017s | samples/s: 7098
Iteration 0503 | train reward: 346.78 | best: 346.78 | KL: 2.565e-04 | std: 0.5783 | rollout: 8.683s | update: 1.550s | total: 10.233s | samples/s: 6254
Iteration 0504 | train reward: 345.32 | best: 346.78 | KL: 3.245e-04 | std: 0.5781 | rollout: 8.126s | update: 1.469s | total: 9.595s | samples/s: 6670
Iteration 0505 | train reward: 351.96 | best: 351.96 | KL: 3.140e-04 | std: 0.5781 | rollout: 8.400s | update: 1.497s | total: 9.897s | samples/s: 6467
Iteration 0506 | train reward: 346.51 | best: 351.96 | KL: 2.845e-04 | std: 0.5780 | rollout: 8.427s | update: 1.567s | total: 9.993s | samples/s: 6404
Iteration 0507 | train reward: 354.74 | best: 354.74 | KL: 2.557e-04 | std: 0.5780 | rollout: 7.907s | update: 1.395s | total: 9.302s | samples/s: 6880
Iteration 0508 | train reward: 355.59 | best: 355.59 | KL: 3.189e-04 | std: 0.5775 | rollout: 7.470s | update: 1.526s | total: 8.996s | samples/s: 7114
Iteration 0509 | train reward: 362.81 | best: 362.81 | KL: 3.042e-04 | std: 0.5775 | rollout: 8.375s | update: 1.400s | total: 9.775s | samples/s: 6547
Iteration 0510 | train reward: 367.17 | best: 367.17 | KL: 2.853e-04 | std: 0.5775 | rollout: 8.027s | update: 1.410s | total: 9.437s | samples/s: 6782
Iteration 0511 | train reward: 358.67 | best: 367.17 | KL: 3.255e-04 | std: 0.5774 | rollout: 8.363s | update: 1.333s | total: 9.696s | samples/s: 6601
Iteration 0512 | train reward: 381.47 | best: 381.47 | KL: 3.311e-04 | std: 0.5763 | rollout: 7.794s | update: 1.448s | total: 9.242s | samples/s: 6925
Iteration 0513 | train reward: 374.97 | best: 381.47 | KL: 2.960e-04 | std: 0.5762 | rollout: 8.448s | update: 1.408s | total: 9.856s | samples/s: 6494
Iteration 0514 | train reward: 390.38 | best: 390.38 | KL: 3.261e-04 | std: 0.5761 | rollout: 8.832s | update: 1.523s | total: 10.354s | samples/s: 6181
Iteration 0515 | train reward: 382.50 | best: 390.38 | KL: 3.133e-04 | std: 0.5757 | rollout: 8.705s | update: 1.514s | total: 10.219s | samples/s: 6263
Iteration 0516 | train reward: 395.46 | best: 395.46 | KL: 3.868e-04 | std: 0.5757 | rollout: 9.028s | update: 1.429s | total: 10.458s | samples/s: 6120
Iteration 0517 | train reward: 390.59 | best: 395.46 | KL: 3.788e-04 | std: 0.5757 | rollout: 7.477s | update: 1.313s | total: 8.791s | samples/s: 7281
Iteration 0518 | train reward: 381.98 | best: 395.46 | KL: 3.211e-04 | std: 0.5755 | rollout: 8.547s | update: 1.404s | total: 9.951s | samples/s: 6432
Iteration 0519 | train reward: 399.46 | best: 399.46 | KL: 3.903e-04 | std: 0.5755 | rollout: 7.765s | update: 1.457s | total: 9.223s | samples/s: 6939
Iteration 0520 | train reward: 409.31 | best: 409.31 | KL: 3.983e-04 | std: 0.5755 | rollout: 6.980s | update: 1.479s | total: 8.459s | samples/s: 7566
Iteration 0521 | train reward: 399.15 | best: 409.31 | KL: 4.315e-04 | std: 0.5755 | rollout: 8.472s | update: 1.367s | total: 9.840s | samples/s: 6504
Iteration 0522 | train reward: 398.66 | best: 409.31 | KL: 4.029e-04 | std: 0.5754 | rollout: 9.400s | update: 1.458s | total: 10.859s | samples/s: 5894
Iteration 0523 | train reward: 421.05 | best: 421.05 | KL: 3.600e-04 | std: 0.5753 | rollout: 8.326s | update: 1.492s | total: 9.817s | samples/s: 6519
Iteration 0524 | train reward: 411.11 | best: 421.05 | KL: 3.940e-04 | std: 0.5753 | rollout: 7.262s | update: 1.428s | total: 8.689s | samples/s: 7365
Iteration 0525 | train reward: 413.03 | best: 421.05 | KL: 3.282e-04 | std: 0.5749 | rollout: 8.111s | update: 1.416s | total: 9.526s | samples/s: 6718
Iteration 0526 | train reward: 412.73 | best: 421.05 | KL: 4.452e-04 | std: 0.5748 | rollout: 9.011s | update: 1.441s | total: 10.451s | samples/s: 6124
Iteration 0527 | train reward: 434.48 | best: 434.48 | KL: 3.415e-04 | std: 0.5747 | rollout: 7.373s | update: 1.409s | total: 8.782s | samples/s: 7288
Iteration 0528 | train reward: 420.15 | best: 434.48 | KL: 4.049e-04 | std: 0.5737 | rollout: 8.077s | update: 1.394s | total: 9.471s | samples/s: 6758
Iteration 0529 | train reward: 428.99 | best: 434.48 | KL: 3.711e-04 | std: 0.5736 | rollout: 7.577s | update: 1.547s | total: 9.125s | samples/s: 7014
Iteration 0530 | train reward: 439.92 | best: 439.92 | KL: 3.515e-04 | std: 0.5735 | rollout: 8.957s | update: 1.359s | total: 10.316s | samples/s: 6204
Iteration 0531 | train reward: 429.08 | best: 439.92 | KL: 3.453e-04 | std: 0.5735 | rollout: 8.475s | update: 1.447s | total: 9.922s | samples/s: 6450
Iteration 0532 | train reward: 445.55 | best: 445.55 | KL: 3.525e-04 | std: 0.5731 | rollout: 9.216s | update: 1.399s | total: 10.615s | samples/s: 6029
Iteration 0533 | train reward: 445.57 | best: 445.57 | KL: 4.559e-04 | std: 0.5729 | rollout: 7.678s | update: 1.565s | total: 9.243s | samples/s: 6924
Iteration 0534 | train reward: 441.31 | best: 445.57 | KL: 3.589e-04 | std: 0.5728 | rollout: 9.075s | update: 1.456s | total: 10.531s | samples/s: 6077
Iteration 0535 | train reward: 440.93 | best: 445.57 | KL: 3.658e-04 | std: 0.5729 | rollout: 8.542s | update: 1.398s | total: 9.940s | samples/s: 6438
Iteration 0536 | train reward: 444.38 | best: 445.57 | KL: 4.199e-04 | std: 0.5727 | rollout: 8.556s | update: 1.484s | total: 10.040s | samples/s: 6374
Iteration 0537 | train reward: 454.83 | best: 454.83 | KL: 4.296e-04 | std: 0.5727 | rollout: 8.899s | update: 1.512s | total: 10.411s | samples/s: 6147
Iteration 0538 | train reward: 457.54 | best: 457.54 | KL: 4.211e-04 | std: 0.5728 | rollout: 8.596s | update: 1.447s | total: 10.042s | samples/s: 6373
Iteration 0539 | train reward: 459.43 | best: 459.43 | KL: 4.137e-04 | std: 0.5727 | rollout: 8.938s | update: 1.343s | total: 10.281s | samples/s: 6225
Iteration 0540 | train reward: 456.49 | best: 459.43 | KL: 4.749e-04 | std: 0.5722 | rollout: 6.414s | update: 1.419s | total: 7.833s | samples/s: 8171
Iteration 0541 | train reward: 459.55 | best: 459.55 | KL: 5.101e-04 | std: 0.5711 | rollout: 8.814s | update: 1.314s | total: 10.128s | samples/s: 6319
Iteration 0542 | train reward: 471.65 | best: 471.65 | KL: 5.281e-04 | std: 0.5709 | rollout: 7.841s | update: 1.449s | total: 9.291s | samples/s: 6889
Iteration 0543 | train reward: 475.52 | best: 475.52 | KL: 4.738e-04 | std: 0.5709 | rollout: 8.068s | update: 1.378s | total: 9.446s | samples/s: 6775
Iteration 0544 | train reward: 476.81 | best: 476.81 | KL: 5.118e-04 | std: 0.5705 | rollout: 8.660s | update: 1.472s | total: 10.131s | samples/s: 6317
Iteration 0545 | train reward: 481.12 | best: 481.12 | KL: 4.016e-04 | std: 0.5709 | rollout: 7.896s | update: 1.365s | total: 9.261s | samples/s: 6910
Iteration 0546 | train reward: 476.76 | best: 481.12 | KL: 5.153e-04 | std: 0.5705 | rollout: 8.488s | update: 1.446s | total: 9.934s | samples/s: 6442
Iteration 0547 | train reward: 494.30 | best: 494.30 | KL: 4.529e-04 | std: 0.5703 | rollout: 7.593s | update: 1.473s | total: 9.066s | samples/s: 7060
Iteration 0548 | train reward: 498.77 | best: 498.77 | KL: 5.610e-04 | std: 0.5697 | rollout: 8.223s | update: 1.349s | total: 9.573s | samples/s: 6686
Iteration 0549 | train reward: 484.42 | best: 498.77 | KL: 5.496e-04 | std: 0.5697 | rollout: 8.298s | update: 1.438s | total: 9.736s | samples/s: 6573
Iteration 0550 | train reward: 516.46 | best: 516.46 | KL: 4.209e-04 | std: 0.5697 | rollout: 8.318s | update: 1.352s | total: 9.670s | samples/s: 6619
Iteration 0551 | train reward: 496.85 | best: 516.46 | KL: 4.704e-04 | std: 0.5697 | rollout: 7.928s | update: 1.384s | total: 9.312s | samples/s: 6873
Iteration 0552 | train reward: 504.60 | best: 516.46 | KL: 4.774e-04 | std: 0.5696 | rollout: 8.856s | update: 1.410s | total: 10.266s | samples/s: 6234
Iteration 0553 | train reward: 513.53 | best: 516.46 | KL: 4.424e-04 | std: 0.5695 | rollout: 7.977s | update: 1.424s | total: 9.401s | samples/s: 6808
Iteration 0554 | train reward: 517.20 | best: 517.20 | KL: 4.449e-04 | std: 0.5685 | rollout: 7.054s | update: 1.378s | total: 8.432s | samples/s: 7590
Iteration 0555 | train reward: 506.19 | best: 517.20 | KL: 4.772e-04 | std: 0.5685 | rollout: 8.869s | update: 1.414s | total: 10.283s | samples/s: 6224
Iteration 0556 | train reward: 515.33 | best: 517.20 | KL: 6.710e-04 | std: 0.5685 | rollout: 8.192s | update: 1.425s | total: 9.616s | samples/s: 6655
Iteration 0557 | train reward: 517.28 | best: 517.28 | KL: 5.440e-04 | std: 0.5685 | rollout: 8.458s | update: 1.449s | total: 9.907s | samples/s: 6460
Iteration 0558 | train reward: 528.07 | best: 528.07 | KL: 4.971e-04 | std: 0.5685 | rollout: 7.222s | update: 1.461s | total: 8.683s | samples/s: 7371
Iteration 0559 | train reward: 518.07 | best: 528.07 | KL: 5.300e-04 | std: 0.5679 | rollout: 8.407s | update: 1.459s | total: 9.865s | samples/s: 6487
Iteration 0560 | train reward: 537.17 | best: 537.17 | KL: 4.558e-04 | std: 0.5679 | rollout: 7.991s | update: 1.427s | total: 9.418s | samples/s: 6795
Iteration 0561 | train reward: 540.16 | best: 540.16 | KL: 4.816e-04 | std: 0.5677 | rollout: 8.329s | update: 1.367s | total: 9.696s | samples/s: 6601
Iteration 0562 | train reward: 526.97 | best: 540.16 | KL: 5.828e-04 | std: 0.5677 | rollout: 7.835s | update: 1.424s | total: 9.259s | samples/s: 6912
Iteration 0563 | train reward: 549.94 | best: 549.94 | KL: 5.189e-04 | std: 0.5675 | rollout: 7.973s | update: 1.541s | total: 9.514s | samples/s: 6727
Iteration 0564 | train reward: 533.83 | best: 549.94 | KL: 7.064e-04 | std: 0.5669 | rollout: 8.928s | update: 1.365s | total: 10.294s | samples/s: 6217
Iteration 0565 | train reward: 530.52 | best: 549.94 | KL: 6.450e-04 | std: 0.5659 | rollout: 8.151s | update: 1.411s | total: 9.562s | samples/s: 6693
Iteration 0566 | train reward: 539.33 | best: 549.94 | KL: 5.761e-04 | std: 0.5657 | rollout: 8.052s | update: 1.328s | total: 9.380s | samples/s: 6823
Iteration 0567 | train reward: 558.28 | best: 558.28 | KL: 6.134e-04 | std: 0.5657 | rollout: 7.621s | update: 1.484s | total: 9.106s | samples/s: 7029
Iteration 0568 | train reward: 541.32 | best: 558.28 | KL: 6.098e-04 | std: 0.5653 | rollout: 6.973s | update: 1.492s | total: 8.466s | samples/s: 7560
Iteration 0569 | train reward: 559.45 | best: 559.45 | KL: 6.872e-04 | std: 0.5657 | rollout: 8.265s | update: 1.512s | total: 9.777s | samples/s: 6546
Iteration 0570 | train reward: 552.60 | best: 559.45 | KL: 5.879e-04 | std: 0.5653 | rollout: 8.192s | update: 1.431s | total: 9.623s | samples/s: 6651
Iteration 0571 | train reward: 572.95 | best: 572.95 | KL: 6.273e-04 | std: 0.5651 | rollout: 7.750s | update: 1.489s | total: 9.239s | samples/s: 6927
Iteration 0572 | train reward: 564.87 | best: 572.95 | KL: 7.827e-04 | std: 0.5649 | rollout: 8.835s | update: 1.420s | total: 10.255s | samples/s: 6241
Iteration 0573 | train reward: 572.81 | best: 572.95 | KL: 6.795e-04 | std: 0.5645 | rollout: 7.208s | update: 1.575s | total: 8.783s | samples/s: 7287
Iteration 0574 | train reward: 576.56 | best: 576.56 | KL: 6.417e-04 | std: 0.5643 | rollout: 7.163s | update: 1.409s | total: 8.572s | samples/s: 7466
Iteration 0575 | train reward: 579.48 | best: 579.48 | KL: 6.782e-04 | std: 0.5633 | rollout: 8.151s | update: 1.344s | total: 9.495s | samples/s: 6741
Iteration 0576 | train reward: 580.93 | best: 580.93 | KL: 5.434e-04 | std: 0.5627 | rollout: 7.657s | update: 1.448s | total: 9.106s | samples/s: 7029
Iteration 0577 | train reward: 589.38 | best: 589.38 | KL: 7.899e-04 | std: 0.5625 | rollout: 8.319s | update: 1.487s | total: 9.806s | samples/s: 6527
Iteration 0578 | train reward: 592.95 | best: 592.95 | KL: 8.051e-04 | std: 0.5625 | rollout: 7.931s | update: 1.439s | total: 9.370s | samples/s: 6830
Iteration 0579 | train reward: 602.98 | best: 602.98 | KL: 6.608e-04 | std: 0.5625 | rollout: 8.993s | update: 1.579s | total: 10.573s | samples/s: 6053
Iteration 0580 | train reward: 619.54 | best: 619.54 | KL: 5.805e-04 | std: 0.5625 | rollout: 8.592s | update: 1.379s | total: 9.971s | samples/s: 6419
Iteration 0581 | train reward: 598.04 | best: 619.54 | KL: 7.660e-04 | std: 0.5619 | rollout: 9.302s | update: 1.459s | total: 10.760s | samples/s: 5948
Iteration 0582 | train reward: 614.80 | best: 619.54 | KL: 6.743e-04 | std: 0.5619 | rollout: 7.892s | update: 1.286s | total: 9.178s | samples/s: 6973
Iteration 0583 | train reward: 627.27 | best: 627.27 | KL: 6.424e-04 | std: 0.5606 | rollout: 7.912s | update: 1.445s | total: 9.357s | samples/s: 6840
Iteration 0584 | train reward: 625.06 | best: 627.27 | KL: 6.455e-04 | std: 0.5605 | rollout: 7.294s | update: 1.356s | total: 8.650s | samples/s: 7399
Iteration 0585 | train reward: 632.40 | best: 632.40 | KL: 7.067e-04 | std: 0.5601 | rollout: 8.328s | update: 1.564s | total: 9.891s | samples/s: 6470
Iteration 0586 | train reward: 613.83 | best: 632.40 | KL: 8.473e-04 | std: 0.5605 | rollout: 7.674s | update: 1.463s | total: 9.138s | samples/s: 7004
Iteration 0587 | train reward: 627.61 | best: 632.40 | KL: 8.446e-04 | std: 0.5601 | rollout: 9.078s | update: 1.379s | total: 10.458s | samples/s: 6120
Iteration 0588 | train reward: 629.70 | best: 632.40 | KL: 7.011e-04 | std: 0.5599 | rollout: 8.295s | update: 1.466s | total: 9.761s | samples/s: 6557
Iteration 0589 | train reward: 620.08 | best: 632.40 | KL: 8.172e-04 | std: 0.5597 | rollout: 7.089s | update: 1.372s | total: 8.461s | samples/s: 7564
Iteration 0590 | train reward: 634.85 | best: 634.85 | KL: 8.478e-04 | std: 0.5592 | rollout: 7.580s | update: 1.487s | total: 9.067s | samples/s: 7058
Iteration 0591 | train reward: 644.80 | best: 644.80 | KL: 7.466e-04 | std: 0.5591 | rollout: 8.298s | update: 1.322s | total: 9.620s | samples/s: 6653
Iteration 0592 | train reward: 647.67 | best: 647.67 | KL: 5.976e-04 | std: 0.5591 | rollout: 8.894s | update: 1.470s | total: 10.364s | samples/s: 6175
Iteration 0593 | train reward: 633.16 | best: 647.67 | KL: 5.656e-04 | std: 0.5581 | rollout: 7.988s | update: 1.441s | total: 9.429s | samples/s: 6788
Iteration 0594 | train reward: 642.18 | best: 647.67 | KL: 7.242e-04 | std: 0.5581 | rollout: 7.635s | update: 1.436s | total: 9.071s | samples/s: 7056
Iteration 0595 | train reward: 655.69 | best: 655.69 | KL: 8.341e-04 | std: 0.5581 | rollout: 8.378s | update: 1.430s | total: 9.808s | samples/s: 6525
Iteration 0596 | train reward: 649.60 | best: 655.69 | KL: 8.615e-04 | std: 0.5581 | rollout: 9.077s | update: 1.420s | total: 10.498s | samples/s: 6097
Iteration 0597 | train reward: 648.63 | best: 655.69 | KL: 7.711e-04 | std: 0.5580 | rollout: 9.200s | update: 1.406s | total: 10.605s | samples/s: 6035
Iteration 0598 | train reward: 650.23 | best: 655.69 | KL: 8.678e-04 | std: 0.5579 | rollout: 8.281s | update: 1.489s | total: 9.769s | samples/s: 6551
Iteration 0599 | train reward: 657.59 | best: 657.59 | KL: 9.279e-04 | std: 0.5575 | rollout: 8.425s | update: 1.484s | total: 9.909s | samples/s: 6459
Iteration 0600 | train reward: 658.03 | best: 658.03 | KL: 6.458e-04 | std: 0.5575 | rollout: 6.645s | update: 1.488s | total: 8.133s | samples/s: 7869
Iteration 0601 | train reward: 677.12 | best: 677.12 | KL: 8.502e-04 | std: 0.5573 | rollout: 8.095s | update: 1.512s | total: 9.607s | samples/s: 6662
Iteration 0602 | train reward: 682.37 | best: 682.37 | KL: 9.268e-04 | std: 0.5571 | rollout: 8.760s | update: 1.514s | total: 10.273s | samples/s: 6230
Iteration 0603 | train reward: 680.76 | best: 682.37 | KL: 8.642e-04 | std: 0.5571 | rollout: 7.485s | update: 1.506s | total: 8.991s | samples/s: 7118
Iteration 0604 | train reward: 688.66 | best: 688.66 | KL: 8.718e-04 | std: 0.5571 | rollout: 7.925s | update: 1.395s | total: 9.321s | samples/s: 6866
Iteration 0605 | train reward: 657.77 | best: 688.66 | KL: 9.980e-04 | std: 0.5565 | rollout: 7.687s | update: 1.526s | total: 9.213s | samples/s: 6947
Iteration 0606 | train reward: 671.04 | best: 688.66 | KL: 7.149e-04 | std: 0.5554 | rollout: 9.036s | update: 1.430s | total: 10.466s | samples/s: 6115
Iteration 0607 | train reward: 696.75 | best: 696.75 | KL: 8.673e-04 | std: 0.5554 | rollout: 7.512s | update: 1.485s | total: 8.998s | samples/s: 7113
Iteration 0608 | train reward: 701.31 | best: 701.31 | KL: 7.191e-04 | std: 0.5548 | rollout: 7.455s | update: 1.508s | total: 8.963s | samples/s: 7140
Iteration 0609 | train reward: 689.16 | best: 701.31 | KL: 8.269e-04 | std: 0.5547 | rollout: 8.951s | update: 1.509s | total: 10.460s | samples/s: 6118
Iteration 0610 | train reward: 696.33 | best: 701.31 | KL: 8.324e-04 | std: 0.5547 | rollout: 8.029s | update: 1.424s | total: 9.453s | samples/s: 6770
Iteration 0611 | train reward: 719.88 | best: 719.88 | KL: 7.377e-04 | std: 0.5545 | rollout: 7.963s | update: 1.508s | total: 9.471s | samples/s: 6758
Iteration 0612 | train reward: 699.26 | best: 719.88 | KL: 9.327e-04 | std: 0.5545 | rollout: 8.004s | update: 1.530s | total: 9.534s | samples/s: 6712
Iteration 0613 | train reward: 711.33 | best: 719.88 | KL: 7.981e-04 | std: 0.5545 | rollout: 8.268s | update: 1.450s | total: 9.718s | samples/s: 6586
Iteration 0614 | train reward: 719.63 | best: 719.88 | KL: 9.732e-04 | std: 0.5541 | rollout: 7.754s | update: 1.381s | total: 9.135s | samples/s: 7006
Iteration 0615 | train reward: 691.49 | best: 719.88 | KL: 9.981e-04 | std: 0.5539 | rollout: 7.914s | update: 1.446s | total: 9.360s | samples/s: 6838
Iteration 0616 | train reward: 712.42 | best: 719.88 | KL: 8.820e-04 | std: 0.5529 | rollout: 8.253s | update: 1.474s | total: 9.727s | samples/s: 6580
Iteration 0617 | train reward: 704.19 | best: 719.88 | KL: 8.289e-04 | std: 0.5527 | rollout: 9.378s | update: 1.535s | total: 10.914s | samples/s: 5864
Iteration 0618 | train reward: 724.77 | best: 724.77 | KL: 9.115e-04 | std: 0.5527 | rollout: 8.364s | update: 1.465s | total: 9.828s | samples/s: 6512
Iteration 0619 | train reward: 736.37 | best: 736.37 | KL: 1.053e-03 | std: 0.5521 | rollout: 8.754s | update: 1.446s | total: 10.200s | samples/s: 6275
Iteration 0620 | train reward: 723.44 | best: 736.37 | KL: 9.278e-04 | std: 0.5522 | rollout: 8.480s | update: 1.430s | total: 9.910s | samples/s: 6458
Iteration 0621 | train reward: 724.12 | best: 736.37 | KL: 1.049e-03 | std: 0.5521 | rollout: 7.335s | update: 1.374s | total: 8.709s | samples/s: 7349
Iteration 0622 | train reward: 749.07 | best: 749.07 | KL: 9.185e-04 | std: 0.5520 | rollout: 9.006s | update: 1.408s | total: 10.413s | samples/s: 6146
Iteration 0623 | train reward: 729.67 | best: 749.07 | KL: 9.890e-04 | std: 0.5519 | rollout: 8.441s | update: 1.332s | total: 9.773s | samples/s: 6549
Iteration 0624 | train reward: 752.89 | best: 752.89 | KL: 1.000e-03 | std: 0.5515 | rollout: 8.709s | update: 1.447s | total: 10.155s | samples/s: 6302
Iteration 0625 | train reward: 750.45 | best: 752.89 | KL: 1.136e-03 | std: 0.5513 | rollout: 7.445s | update: 1.563s | total: 9.008s | samples/s: 7105
Iteration 0626 | train reward: 768.20 | best: 768.20 | KL: 9.518e-04 | std: 0.5502 | rollout: 7.171s | update: 1.437s | total: 8.608s | samples/s: 7435
Iteration 0627 | train reward: 769.64 | best: 769.64 | KL: 1.017e-03 | std: 0.5501 | rollout: 8.361s | update: 1.367s | total: 9.728s | samples/s: 6579
Iteration 0628 | train reward: 754.84 | best: 769.64 | KL: 9.586e-04 | std: 0.5495 | rollout: 8.060s | update: 1.334s | total: 9.394s | samples/s: 6813
Iteration 0629 | train reward: 784.14 | best: 784.14 | KL: 8.215e-04 | std: 0.5495 | rollout: 8.513s | update: 1.474s | total: 9.987s | samples/s: 6408
Iteration 0630 | train reward: 776.10 | best: 784.14 | KL: 9.270e-04 | std: 0.5489 | rollout: 8.790s | update: 1.460s | total: 10.249s | samples/s: 6244
Iteration 0631 | train reward: 791.79 | best: 791.79 | KL: 9.270e-04 | std: 0.5487 | rollout: 8.697s | update: 1.372s | total: 10.069s | samples/s: 6356
Iteration 0632 | train reward: 785.84 | best: 791.79 | KL: 1.073e-03 | std: 0.5487 | rollout: 8.261s | update: 1.469s | total: 9.730s | samples/s: 6577
Iteration 0633 | train reward: 776.01 | best: 791.79 | KL: 1.030e-03 | std: 0.5475 | rollout: 8.703s | update: 1.481s | total: 10.184s | samples/s: 6284
Iteration 0634 | train reward: 782.12 | best: 791.79 | KL: 1.002e-03 | std: 0.5470 | rollout: 7.823s | update: 1.505s | total: 9.328s | samples/s: 6861
Iteration 0635 | train reward: 797.41 | best: 797.41 | KL: 1.215e-03 | std: 0.5470 | rollout: 7.874s | update: 1.532s | total: 9.406s | samples/s: 6804
Iteration 0636 | train reward: 795.73 | best: 797.41 | KL: 9.425e-04 | std: 0.5471 | rollout: 7.262s | update: 1.423s | total: 8.685s | samples/s: 7369
Iteration 0637 | train reward: 794.48 | best: 797.41 | KL: 1.003e-03 | std: 0.5469 | rollout: 8.040s | update: 1.373s | total: 9.413s | samples/s: 6799
Iteration 0638 | train reward: 793.89 | best: 797.41 | KL: 1.027e-03 | std: 0.5467 | rollout: 8.844s | update: 1.441s | total: 10.285s | samples/s: 6223
Iteration 0639 | train reward: 809.54 | best: 809.54 | KL: 1.332e-03 | std: 0.5461 | rollout: 8.620s | update: 1.483s | total: 10.103s | samples/s: 6335
Iteration 0640 | train reward: 808.60 | best: 809.54 | KL: 1.145e-03 | std: 0.5449 | rollout: 8.785s | update: 1.409s | total: 10.194s | samples/s: 6278
Iteration 0641 | train reward: 794.72 | best: 809.54 | KL: 1.278e-03 | std: 0.5449 | rollout: 8.260s | update: 1.399s | total: 9.659s | samples/s: 6626
Iteration 0642 | train reward: 818.61 | best: 818.61 | KL: 1.244e-03 | std: 0.5449 | rollout: 8.997s | update: 1.355s | total: 10.353s | samples/s: 6182
Iteration 0643 | train reward: 808.52 | best: 818.61 | KL: 1.169e-03 | std: 0.5443 | rollout: 8.623s | update: 1.393s | total: 10.015s | samples/s: 6390
Iteration 0644 | train reward: 821.89 | best: 821.89 | KL: 9.113e-04 | std: 0.5443 | rollout: 8.427s | update: 1.326s | total: 9.753s | samples/s: 6562
Iteration 0645 | train reward: 828.01 | best: 828.01 | KL: 1.089e-03 | std: 0.5441 | rollout: 8.141s | update: 1.454s | total: 9.595s | samples/s: 6670
Iteration 0646 | train reward: 822.27 | best: 828.01 | KL: 1.156e-03 | std: 0.5435 | rollout: 7.530s | update: 1.482s | total: 9.012s | samples/s: 7101
Iteration 0647 | train reward: 826.36 | best: 828.01 | KL: 1.272e-03 | std: 0.5425 | rollout: 6.064s | update: 1.371s | total: 7.435s | samples/s: 8608
Iteration 0648 | train reward: 834.63 | best: 834.63 | KL: 1.120e-03 | std: 0.5419 | rollout: 7.894s | update: 1.467s | total: 9.361s | samples/s: 6837
Iteration 0649 | train reward: 847.31 | best: 847.31 | KL: 1.236e-03 | std: 0.5417 | rollout: 8.784s | update: 1.412s | total: 10.196s | samples/s: 6277
Iteration 0650 | train reward: 829.43 | best: 847.31 | KL: 1.517e-03 | std: 0.5416 | rollout: 7.915s | update: 1.448s | total: 9.363s | samples/s: 6835
Iteration 0651 | train reward: 830.73 | best: 847.31 | KL: 1.331e-03 | std: 0.5415 | rollout: 7.885s | update: 1.479s | total: 9.364s | samples/s: 6835
Iteration 0652 | train reward: 850.99 | best: 850.99 | KL: 1.203e-03 | std: 0.5409 | rollout: 8.797s | update: 1.375s | total: 10.172s | samples/s: 6292
Iteration 0653 | train reward: 858.03 | best: 858.03 | KL: 1.297e-03 | std: 0.5399 | rollout: 8.019s | update: 1.535s | total: 9.554s | samples/s: 6699
Iteration 0654 | train reward: 873.17 | best: 873.17 | KL: 1.092e-03 | std: 0.5397 | rollout: 8.290s | update: 1.423s | total: 9.713s | samples/s: 6589
Iteration 0655 | train reward: 858.51 | best: 873.17 | KL: 1.483e-03 | std: 0.5392 | rollout: 7.497s | update: 1.395s | total: 8.893s | samples/s: 7197
Iteration 0656 | train reward: 856.99 | best: 873.17 | KL: 1.101e-03 | std: 0.5391 | rollout: 7.640s | update: 1.461s | total: 9.101s | samples/s: 7032
Iteration 0657 | train reward: 862.47 | best: 873.17 | KL: 1.422e-03 | std: 0.5373 | rollout: 7.537s | update: 1.445s | total: 8.982s | samples/s: 7126
Iteration 0658 | train reward: 864.94 | best: 873.17 | KL: 9.353e-04 | std: 0.5367 | rollout: 8.951s | update: 1.507s | total: 10.458s | samples/s: 6120
Iteration 0659 | train reward: 885.78 | best: 885.78 | KL: 1.093e-03 | std: 0.5366 | rollout: 8.356s | update: 1.459s | total: 9.815s | samples/s: 6521
Iteration 0660 | train reward: 874.39 | best: 885.78 | KL: 1.170e-03 | std: 0.5365 | rollout: 7.582s | update: 1.489s | total: 9.071s | samples/s: 7055
Iteration 0661 | train reward: 873.41 | best: 885.78 | KL: 1.160e-03 | std: 0.5364 | rollout: 8.236s | update: 1.466s | total: 9.702s | samples/s: 6596
Iteration 0662 | train reward: 862.90 | best: 885.78 | KL: 1.520e-03 | std: 0.5365 | rollout: 8.198s | update: 1.510s | total: 9.708s | samples/s: 6593
Iteration 0663 | train reward: 888.90 | best: 888.90 | KL: 1.342e-03 | std: 0.5364 | rollout: 9.151s | update: 1.514s | total: 10.665s | samples/s: 6001
Iteration 0664 | train reward: 885.35 | best: 888.90 | KL: 1.161e-03 | std: 0.5364 | rollout: 7.731s | update: 1.376s | total: 9.107s | samples/s: 7027
Iteration 0665 | train reward: 897.38 | best: 897.38 | KL: 1.072e-03 | std: 0.5363 | rollout: 8.468s | update: 1.363s | total: 9.831s | samples/s: 6510
Iteration 0666 | train reward: 895.04 | best: 897.38 | KL: 1.245e-03 | std: 0.5363 | rollout: 8.009s | update: 1.431s | total: 9.440s | samples/s: 6780
Iteration 0667 | train reward: 901.75 | best: 901.75 | KL: 1.599e-03 | std: 0.5357 | rollout: 8.158s | update: 1.407s | total: 9.565s | samples/s: 6691
Iteration 0668 | train reward: 912.22 | best: 912.22 | KL: 1.087e-03 | std: 0.5347 | rollout: 7.239s | update: 1.487s | total: 8.727s | samples/s: 7334
Iteration 0669 | train reward: 894.08 | best: 912.22 | KL: 1.420e-03 | std: 0.5345 | rollout: 7.770s | update: 1.463s | total: 9.233s | samples/s: 6931
Iteration 0670 | train reward: 916.21 | best: 916.21 | KL: 1.301e-03 | std: 0.5341 | rollout: 7.367s | update: 1.374s | total: 8.741s | samples/s: 7322
Iteration 0671 | train reward: 898.63 | best: 916.21 | KL: 1.603e-03 | std: 0.5341 | rollout: 7.561s | update: 1.328s | total: 8.888s | samples/s: 7200
Iteration 0672 | train reward: 914.02 | best: 916.21 | KL: 1.283e-03 | std: 0.5339 | rollout: 8.288s | update: 1.400s | total: 9.687s | samples/s: 6607
Iteration 0673 | train reward: 916.41 | best: 916.41 | KL: 1.248e-03 | std: 0.5339 | rollout: 7.688s | update: 1.412s | total: 9.100s | samples/s: 7033
Iteration 0674 | train reward: 901.45 | best: 916.41 | KL: 1.512e-03 | std: 0.5338 | rollout: 7.956s | update: 1.472s | total: 9.429s | samples/s: 6788
Iteration 0675 | train reward: 920.72 | best: 920.72 | KL: 1.281e-03 | std: 0.5338 | rollout: 7.936s | update: 1.410s | total: 9.345s | samples/s: 6848
Iteration 0676 | train reward: 910.45 | best: 920.72 | KL: 1.458e-03 | std: 0.5337 | rollout: 7.930s | update: 1.464s | total: 9.394s | samples/s: 6813
Iteration 0677 | train reward: 922.04 | best: 922.04 | KL: 1.721e-03 | std: 0.5332 | rollout: 8.609s | update: 1.450s | total: 10.058s | samples/s: 6363
Iteration 0678 | train reward: 906.18 | best: 922.04 | KL: 1.488e-03 | std: 0.5321 | rollout: 7.991s | update: 1.415s | total: 9.406s | samples/s: 6804
Iteration 0679 | train reward: 940.15 | best: 940.15 | KL: 1.466e-03 | std: 0.5319 | rollout: 8.596s | update: 1.337s | total: 9.933s | samples/s: 6443
Iteration 0680 | train reward: 946.49 | best: 946.49 | KL: 1.406e-03 | std: 0.5319 | rollout: 8.874s | update: 1.387s | total: 10.260s | samples/s: 6238
Iteration 0681 | train reward: 950.66 | best: 950.66 | KL: 1.326e-03 | std: 0.5319 | rollout: 7.586s | update: 1.543s | total: 9.129s | samples/s: 7011
Iteration 0682 | train reward: 932.90 | best: 950.66 | KL: 1.659e-03 | std: 0.5314 | rollout: 8.919s | update: 1.429s | total: 10.348s | samples/s: 6185
Iteration 0683 | train reward: 941.88 | best: 950.66 | KL: 1.773e-03 | std: 0.5313 | rollout: 7.205s | update: 1.392s | total: 8.597s | samples/s: 7445
Iteration 0684 | train reward: 954.20 | best: 954.20 | KL: 1.325e-03 | std: 0.5314 | rollout: 7.998s | update: 1.405s | total: 9.402s | samples/s: 6807
Iteration 0685 | train reward: 954.20 | best: 954.20 | KL: 1.478e-03 | std: 0.5312 | rollout: 8.121s | update: 1.576s | total: 9.698s | samples/s: 6600
Iteration 0686 | train reward: 944.91 | best: 954.20 | KL: 1.616e-03 | std: 0.5312 | rollout: 9.333s | update: 1.446s | total: 10.779s | samples/s: 5938
Iteration 0687 | train reward: 959.13 | best: 959.13 | KL: 1.545e-03 | std: 0.5306 | rollout: 7.808s | update: 1.370s | total: 9.178s | samples/s: 6973
Iteration 0688 | train reward: 968.78 | best: 968.78 | KL: 1.748e-03 | std: 0.5305 | rollout: 8.563s | update: 1.357s | total: 9.921s | samples/s: 6451
Iteration 0689 | train reward: 957.07 | best: 968.78 | KL: 1.606e-03 | std: 0.5306 | rollout: 6.692s | update: 1.514s | total: 8.207s | samples/s: 7798
Iteration 0690 | train reward: 951.77 | best: 968.78 | KL: 1.938e-03 | std: 0.5304 | rollout: 7.954s | update: 1.500s | total: 9.454s | samples/s: 6769
Iteration 0691 | train reward: 961.40 | best: 968.78 | KL: 1.772e-03 | std: 0.5293 | rollout: 9.025s | update: 1.460s | total: 10.485s | samples/s: 6104
Iteration 0692 | train reward: 983.39 | best: 983.39 | KL: 1.419e-03 | std: 0.5293 | rollout: 8.285s | update: 1.427s | total: 9.711s | samples/s: 6590
Iteration 0693 | train reward: 976.24 | best: 983.39 | KL: 1.487e-03 | std: 0.5293 | rollout: 7.258s | update: 1.486s | total: 8.744s | samples/s: 7320
Iteration 0694 | train reward: 984.28 | best: 984.28 | KL: 1.595e-03 | std: 0.5288 | rollout: 8.582s | update: 1.534s | total: 10.116s | samples/s: 6327
Iteration 0695 | train reward: 989.59 | best: 989.59 | KL: 1.336e-03 | std: 0.5287 | rollout: 7.886s | update: 1.572s | total: 9.458s | samples/s: 6767
Iteration 0696 | train reward: 970.18 | best: 989.59 | KL: 1.713e-03 | std: 0.5287 | rollout: 7.539s | update: 1.502s | total: 9.041s | samples/s: 7079
Iteration 0697 | train reward: 985.38 | best: 989.59 | KL: 1.411e-03 | std: 0.5286 | rollout: 8.311s | update: 1.454s | total: 9.765s | samples/s: 6554
Iteration 0698 | train reward: 986.51 | best: 989.59 | KL: 1.412e-03 | std: 0.5286 | rollout: 7.984s | update: 1.514s | total: 9.498s | samples/s: 6738
Iteration 0699 | train reward: 977.06 | best: 989.59 | KL: 2.010e-03 | std: 0.5284 | rollout: 8.770s | update: 1.413s | total: 10.183s | samples/s: 6285
Iteration 0700 | train reward: 995.73 | best: 995.73 | KL: 1.638e-03 | std: 0.5280 | rollout: 8.508s | update: 1.288s | total: 9.795s | samples/s: 6534
Iteration 0701 | train reward: 1001.75 | best: 1001.75 | KL: 1.439e-03 | std: 0.5280 | rollout: 9.088s | update: 1.441s | total: 10.528s | samples/s: 6079
Iteration 0702 | train reward: 988.27 | best: 1001.75 | KL: 1.387e-03 | std: 0.5280 | rollout: 6.952s | update: 1.496s | total: 8.448s | samples/s: 7575
Iteration 0703 | train reward: 991.52 | best: 1001.75 | KL: 1.992e-03 | std: 0.5278 | rollout: 9.031s | update: 1.550s | total: 10.582s | samples/s: 6048
Iteration 0704 | train reward: 1020.59 | best: 1020.59 | KL: 1.464e-03 | std: 0.5278 | rollout: 8.318s | update: 1.434s | total: 9.751s | samples/s: 6563
Iteration 0705 | train reward: 999.25 | best: 1020.59 | KL: 1.382e-03 | std: 0.5269 | rollout: 7.510s | update: 1.336s | total: 8.847s | samples/s: 7234
Iteration 0706 | train reward: 996.11 | best: 1020.59 | KL: 1.580e-03 | std: 0.5263 | rollout: 7.246s | update: 1.562s | total: 8.809s | samples/s: 7266
Iteration 0707 | train reward: 1015.62 | best: 1020.59 | KL: 1.369e-03 | std: 0.5260 | rollout: 7.287s | update: 1.366s | total: 8.653s | samples/s: 7396
Iteration 0708 | train reward: 1008.75 | best: 1020.59 | KL: 1.666e-03 | std: 0.5260 | rollout: 8.375s | update: 1.369s | total: 9.744s | samples/s: 6568
Iteration 0709 | train reward: 1019.35 | best: 1020.59 | KL: 1.575e-03 | std: 0.5259 | rollout: 8.165s | update: 1.416s | total: 9.581s | samples/s: 6680
Iteration 0710 | train reward: 1013.09 | best: 1020.59 | KL: 1.863e-03 | std: 0.5243 | rollout: 8.644s | update: 1.430s | total: 10.074s | samples/s: 6353
Iteration 0711 | train reward: 1027.40 | best: 1027.40 | KL: 1.736e-03 | std: 0.5235 | rollout: 8.736s | update: 1.478s | total: 10.213s | samples/s: 6266
Iteration 0712 | train reward: 1018.82 | best: 1027.40 | KL: 1.415e-03 | std: 0.5236 | rollout: 8.467s | update: 1.561s | total: 10.028s | samples/s: 6382
Iteration 0713 | train reward: 1028.40 | best: 1028.40 | KL: 1.816e-03 | std: 0.5236 | rollout: 8.559s | update: 1.542s | total: 10.101s | samples/s: 6336
Iteration 0714 | train reward: 1030.88 | best: 1030.88 | KL: 1.516e-03 | std: 0.5235 | rollout: 6.479s | update: 1.431s | total: 7.910s | samples/s: 8091
Iteration 0715 | train reward: 1015.47 | best: 1030.88 | KL: 1.697e-03 | std: 0.5234 | rollout: 7.402s | update: 1.417s | total: 8.819s | samples/s: 7257
Iteration 0716 | train reward: 1026.33 | best: 1030.88 | KL: 1.621e-03 | std: 0.5233 | rollout: 7.461s | update: 1.540s | total: 9.001s | samples/s: 7110
Iteration 0717 | train reward: 1041.29 | best: 1041.29 | KL: 1.801e-03 | std: 0.5232 | rollout: 8.413s | update: 1.574s | total: 9.987s | samples/s: 6408
Iteration 0718 | train reward: 1048.12 | best: 1048.12 | KL: 1.485e-03 | std: 0.5233 | rollout: 7.927s | update: 1.449s | total: 9.376s | samples/s: 6826
Iteration 0719 | train reward: 1044.06 | best: 1048.12 | KL: 1.914e-03 | std: 0.5228 | rollout: 9.081s | update: 1.439s | total: 10.521s | samples/s: 6083
Iteration 0720 | train reward: 1050.43 | best: 1050.43 | KL: 1.949e-03 | std: 0.5226 | rollout: 7.644s | update: 1.474s | total: 9.118s | samples/s: 7019
Iteration 0721 | train reward: 1055.97 | best: 1055.97 | KL: 1.625e-03 | std: 0.5210 | rollout: 7.804s | update: 1.537s | total: 9.342s | samples/s: 6851
Iteration 0722 | train reward: 1056.43 | best: 1056.43 | KL: 1.399e-03 | std: 0.5208 | rollout: 7.886s | update: 1.425s | total: 9.310s | samples/s: 6874
Iteration 0723 | train reward: 1058.51 | best: 1058.51 | KL: 1.562e-03 | std: 0.5208 | rollout: 8.241s | update: 1.480s | total: 9.721s | samples/s: 6583
Iteration 0724 | train reward: 1060.85 | best: 1060.85 | KL: 1.830e-03 | std: 0.5208 | rollout: 7.693s | update: 1.509s | total: 9.202s | samples/s: 6955
Iteration 0725 | train reward: 1059.33 | best: 1060.85 | KL: 1.897e-03 | std: 0.5202 | rollout: 7.594s | update: 1.444s | total: 9.038s | samples/s: 7081
Iteration 0726 | train reward: 1056.40 | best: 1060.85 | KL: 1.973e-03 | std: 0.5207 | rollout: 7.935s | update: 1.503s | total: 9.438s | samples/s: 6781
Iteration 0727 | train reward: 1082.80 | best: 1082.80 | KL: 1.428e-03 | std: 0.5208 | rollout: 8.089s | update: 1.535s | total: 9.624s | samples/s: 6650
Iteration 0728 | train reward: 1047.09 | best: 1082.80 | KL: 1.891e-03 | std: 0.5202 | rollout: 8.464s | update: 1.383s | total: 9.847s | samples/s: 6500
Iteration 0729 | train reward: 1063.17 | best: 1082.80 | KL: 1.797e-03 | std: 0.5202 | rollout: 7.643s | update: 1.445s | total: 9.088s | samples/s: 7042
Iteration 0730 | train reward: 1058.59 | best: 1082.80 | KL: 1.990e-03 | std: 0.5191 | rollout: 8.161s | update: 1.357s | total: 9.518s | samples/s: 6724
Iteration 0731 | train reward: 1078.30 | best: 1082.80 | KL: 1.978e-03 | std: 0.5184 | rollout: 9.235s | update: 1.405s | total: 10.639s | samples/s: 6015
Iteration 0732 | train reward: 1080.43 | best: 1082.80 | KL: 1.944e-03 | std: 0.5182 | rollout: 8.415s | update: 1.321s | total: 9.735s | samples/s: 6574
Iteration 0733 | train reward: 1085.98 | best: 1085.98 | KL: 2.036e-03 | std: 0.5182 | rollout: 7.820s | update: 1.479s | total: 9.300s | samples/s: 6882
Iteration 0734 | train reward: 1076.92 | best: 1085.98 | KL: 2.486e-03 | std: 0.5181 | rollout: 8.344s | update: 1.369s | total: 9.714s | samples/s: 6589
Iteration 0735 | train reward: 1076.64 | best: 1085.98 | KL: 2.316e-03 | std: 0.5176 | rollout: 8.604s | update: 1.363s | total: 9.967s | samples/s: 6421
Iteration 0736 | train reward: 1091.97 | best: 1091.97 | KL: 2.112e-03 | std: 0.5174 | rollout: 8.510s | update: 1.409s | total: 9.919s | samples/s: 6452
Iteration 0737 | train reward: 1094.52 | best: 1094.52 | KL: 1.794e-03 | std: 0.5163 | rollout: 7.951s | update: 1.404s | total: 9.356s | samples/s: 6841
Iteration 0738 | train reward: 1068.38 | best: 1094.52 | KL: 2.201e-03 | std: 0.5158 | rollout: 7.901s | update: 1.335s | total: 9.236s | samples/s: 6930
Iteration 0739 | train reward: 1104.11 | best: 1104.11 | KL: 1.841e-03 | std: 0.5156 | rollout: 8.012s | update: 1.384s | total: 9.396s | samples/s: 6812
Iteration 0740 | train reward: 1104.84 | best: 1104.84 | KL: 2.103e-03 | std: 0.5148 | rollout: 8.390s | update: 1.441s | total: 9.831s | samples/s: 6510
Iteration 0741 | train reward: 1102.53 | best: 1104.84 | KL: 1.645e-03 | std: 0.5139 | rollout: 7.537s | update: 1.558s | total: 9.095s | samples/s: 7037
Iteration 0742 | train reward: 1117.42 | best: 1117.42 | KL: 1.759e-03 | std: 0.5137 | rollout: 8.143s | update: 1.480s | total: 9.623s | samples/s: 6651
Iteration 0743 | train reward: 1093.47 | best: 1117.42 | KL: 2.144e-03 | std: 0.5132 | rollout: 8.406s | update: 1.469s | total: 9.875s | samples/s: 6481
Iteration 0744 | train reward: 1122.48 | best: 1122.48 | KL: 2.051e-03 | std: 0.5130 | rollout: 8.753s | update: 1.543s | total: 10.296s | samples/s: 6216
Iteration 0745 | train reward: 1102.50 | best: 1122.48 | KL: 2.300e-03 | std: 0.5130 | rollout: 7.645s | update: 1.483s | total: 9.128s | samples/s: 7012
Iteration 0746 | train reward: 1109.87 | best: 1122.48 | KL: 2.322e-03 | std: 0.5130 | rollout: 8.442s | update: 1.501s | total: 9.943s | samples/s: 6437
Iteration 0747 | train reward: 1119.00 | best: 1122.48 | KL: 2.265e-03 | std: 0.5130 | rollout: 8.848s | update: 1.481s | total: 10.330s | samples/s: 6196
Iteration 0748 | train reward: 1106.00 | best: 1122.48 | KL: 2.336e-03 | std: 0.5124 | rollout: 8.413s | update: 1.410s | total: 9.823s | samples/s: 6515
Iteration 0749 | train reward: 1121.66 | best: 1122.48 | KL: 1.950e-03 | std: 0.5124 | rollout: 8.072s | update: 1.445s | total: 9.516s | samples/s: 6725
Iteration 0750 | train reward: 1114.98 | best: 1122.48 | KL: 2.076e-03 | std: 0.5128 | rollout: 8.696s | update: 1.396s | total: 10.092s | samples/s: 6342
Iteration 0751 | train reward: 1132.49 | best: 1132.49 | KL: 1.785e-03 | std: 0.5124 | rollout: 8.193s | update: 1.409s | total: 9.602s | samples/s: 6665
Iteration 0752 | train reward: 1128.96 | best: 1132.49 | KL: 2.421e-03 | std: 0.5124 | rollout: 8.675s | update: 1.363s | total: 10.038s | samples/s: 6376
Iteration 0753 | train reward: 1124.79 | best: 1132.49 | KL: 2.304e-03 | std: 0.5123 | rollout: 8.096s | update: 1.396s | total: 9.492s | samples/s: 6743
Iteration 0754 | train reward: 1116.51 | best: 1132.49 | KL: 2.628e-03 | std: 0.5122 | rollout: 7.028s | update: 1.416s | total: 8.444s | samples/s: 7579
Iteration 0755 | train reward: 1134.63 | best: 1134.63 | KL: 2.166e-03 | std: 0.5124 | rollout: 8.626s | update: 1.365s | total: 9.991s | samples/s: 6406
Iteration 0756 | train reward: 1133.48 | best: 1134.63 | KL: 1.930e-03 | std: 0.5128 | rollout: 8.696s | update: 1.309s | total: 10.005s | samples/s: 6397
Iteration 0757 | train reward: 1128.91 | best: 1134.63 | KL: 2.456e-03 | std: 0.5124 | rollout: 8.288s | update: 1.392s | total: 9.679s | samples/s: 6612
Iteration 0758 | train reward: 1145.00 | best: 1145.00 | KL: 2.251e-03 | std: 0.5112 | rollout: 7.590s | update: 1.464s | total: 9.054s | samples/s: 7069
Iteration 0759 | train reward: 1157.47 | best: 1157.47 | KL: 2.046e-03 | std: 0.5112 | rollout: 8.205s | update: 1.371s | total: 9.577s | samples/s: 6683
Iteration 0760 | train reward: 1151.10 | best: 1157.47 | KL: 2.265e-03 | std: 0.5113 | rollout: 8.727s | update: 1.382s | total: 10.109s | samples/s: 6331
Iteration 0761 | train reward: 1156.87 | best: 1157.47 | KL: 2.241e-03 | std: 0.5113 | rollout: 7.500s | update: 1.334s | total: 8.834s | samples/s: 7245
Iteration 0762 | train reward: 1150.38 | best: 1157.47 | KL: 2.005e-03 | std: 0.5111 | rollout: 8.556s | update: 1.401s | total: 9.957s | samples/s: 6428
Iteration 0763 | train reward: 1160.06 | best: 1160.06 | KL: 2.169e-03 | std: 0.5104 | rollout: 7.895s | update: 1.362s | total: 9.257s | samples/s: 6914
Iteration 0764 | train reward: 1166.13 | best: 1166.13 | KL: 2.167e-03 | std: 0.5104 | rollout: 7.150s | update: 1.495s | total: 8.645s | samples/s: 7403
Iteration 0765 | train reward: 1160.31 | best: 1166.13 | KL: 2.783e-03 | std: 0.5104 | rollout: 8.017s | update: 1.394s | total: 9.411s | samples/s: 6801
Iteration 0766 | train reward: 1159.68 | best: 1166.13 | KL: 1.871e-03 | std: 0.5103 | rollout: 8.557s | update: 1.483s | total: 10.040s | samples/s: 6375
Iteration 0767 | train reward: 1163.25 | best: 1166.13 | KL: 2.689e-03 | std: 0.5097 | rollout: 7.833s | update: 1.405s | total: 9.238s | samples/s: 6928
Iteration 0768 | train reward: 1178.99 | best: 1178.99 | KL: 2.281e-03 | std: 0.5097 | rollout: 8.509s | update: 1.520s | total: 10.029s | samples/s: 6381
Iteration 0769 | train reward: 1175.74 | best: 1178.99 | KL: 1.818e-03 | std: 0.5085 | rollout: 7.468s | update: 1.410s | total: 8.879s | samples/s: 7208
Iteration 0770 | train reward: 1173.58 | best: 1178.99 | KL: 1.961e-03 | std: 0.5079 | rollout: 8.153s | update: 1.470s | total: 9.623s | samples/s: 6651
Iteration 0771 | train reward: 1166.93 | best: 1178.99 | KL: 1.547e-03 | std: 0.5079 | rollout: 7.660s | update: 1.408s | total: 9.068s | samples/s: 7058
Iteration 0772 | train reward: 1182.87 | best: 1182.87 | KL: 2.492e-03 | std: 0.5076 | rollout: 7.211s | update: 1.469s | total: 8.680s | samples/s: 7373
Iteration 0773 | train reward: 1168.68 | best: 1182.87 | KL: 1.952e-03 | std: 0.5076 | rollout: 8.285s | update: 1.377s | total: 9.662s | samples/s: 6624
Iteration 0774 | train reward: 1178.51 | best: 1182.87 | KL: 2.318e-03 | std: 0.5071 | rollout: 8.014s | update: 1.354s | total: 9.368s | samples/s: 6832
Iteration 0775 | train reward: 1161.11 | best: 1182.87 | KL: 2.516e-03 | std: 0.5061 | rollout: 7.961s | update: 1.433s | total: 9.394s | samples/s: 6813
Iteration 0776 | train reward: 1186.10 | best: 1186.10 | KL: 2.043e-03 | std: 0.5060 | rollout: 8.017s | update: 1.446s | total: 9.462s | samples/s: 6764
Iteration 0777 | train reward: 1171.21 | best: 1186.10 | KL: 2.464e-03 | std: 0.5070 | rollout: 7.771s | update: 1.472s | total: 9.243s | samples/s: 6924
Iteration 0778 | train reward: 1149.65 | best: 1186.10 | KL: 2.656e-03 | std: 0.5070 | rollout: 7.566s | update: 1.385s | total: 8.951s | samples/s: 7150
Iteration 0779 | train reward: 1195.09 | best: 1195.09 | KL: 2.540e-03 | std: 0.5072 | rollout: 7.720s | update: 1.404s | total: 9.124s | samples/s: 7014
Iteration 0780 | train reward: 1194.24 | best: 1195.09 | KL: 1.890e-03 | std: 0.5061 | rollout: 9.080s | update: 1.452s | total: 10.532s | samples/s: 6077
Iteration 0781 | train reward: 1185.89 | best: 1195.09 | KL: 2.428e-03 | std: 0.5059 | rollout: 8.673s | update: 1.473s | total: 10.146s | samples/s: 6308
Iteration 0782 | train reward: 1187.30 | best: 1195.09 | KL: 2.616e-03 | std: 0.5052 | rollout: 8.557s | update: 1.480s | total: 10.037s | samples/s: 6376
Iteration 0783 | train reward: 1186.09 | best: 1195.09 | KL: 2.248e-03 | std: 0.5054 | rollout: 7.591s | update: 1.446s | total: 9.036s | samples/s: 7083
Iteration 0784 | train reward: 1191.05 | best: 1195.09 | KL: 2.288e-03 | std: 0.5053 | rollout: 9.033s | update: 1.431s | total: 10.464s | samples/s: 6116
Iteration 0785 | train reward: 1183.01 | best: 1195.09 | KL: 1.883e-03 | std: 0.5054 | rollout: 7.811s | update: 1.422s | total: 9.233s | samples/s: 6931
Iteration 0786 | train reward: 1183.55 | best: 1195.09 | KL: 2.034e-03 | std: 0.5052 | rollout: 8.213s | update: 1.331s | total: 9.544s | samples/s: 6706
Iteration 0787 | train reward: 1186.12 | best: 1195.09 | KL: 2.194e-03 | std: 0.5045 | rollout: 8.317s | update: 1.424s | total: 9.741s | samples/s: 6570
Iteration 0788 | train reward: 1204.05 | best: 1204.05 | KL: 2.364e-03 | std: 0.5045 | rollout: 8.124s | update: 1.428s | total: 9.552s | samples/s: 6700
Iteration 0789 | train reward: 1192.30 | best: 1204.05 | KL: 2.559e-03 | std: 0.5035 | rollout: 7.752s | update: 1.515s | total: 9.267s | samples/s: 6907
Iteration 0790 | train reward: 1187.82 | best: 1204.05 | KL: 2.609e-03 | std: 0.5034 | rollout: 9.013s | update: 1.525s | total: 10.538s | samples/s: 6073
Iteration 0791 | train reward: 1211.50 | best: 1211.50 | KL: 2.011e-03 | std: 0.5027 | rollout: 8.830s | update: 1.341s | total: 10.171s | samples/s: 6292
Iteration 0792 | train reward: 1201.59 | best: 1211.50 | KL: 1.892e-03 | std: 0.5028 | rollout: 8.060s | update: 1.388s | total: 9.448s | samples/s: 6774
Iteration 0793 | train reward: 1195.91 | best: 1211.50 | KL: 2.094e-03 | std: 0.5033 | rollout: 7.495s | update: 1.551s | total: 9.046s | samples/s: 7075
Iteration 0794 | train reward: 1196.03 | best: 1211.50 | KL: 2.343e-03 | std: 0.5026 | rollout: 6.749s | update: 1.403s | total: 8.151s | samples/s: 7851
Iteration 0795 | train reward: 1210.10 | best: 1211.50 | KL: 2.253e-03 | std: 0.5034 | rollout: 8.387s | update: 1.498s | total: 9.885s | samples/s: 6474
Iteration 0796 | train reward: 1230.82 | best: 1230.82 | KL: 2.156e-03 | std: 0.5028 | rollout: 8.511s | update: 1.435s | total: 9.946s | samples/s: 6435
Iteration 0797 | train reward: 1178.71 | best: 1230.82 | KL: 3.033e-03 | std: 0.5028 | rollout: 9.238s | update: 1.398s | total: 10.636s | samples/s: 6017
Iteration 0798 | train reward: 1211.19 | best: 1230.82 | KL: 2.015e-03 | std: 0.5033 | rollout: 8.937s | update: 1.437s | total: 10.374s | samples/s: 6169
Iteration 0799 | train reward: 1220.59 | best: 1230.82 | KL: 2.827e-03 | std: 0.5034 | rollout: 7.532s | update: 1.405s | total: 8.936s | samples/s: 7162
Iteration 0800 | train reward: 1223.10 | best: 1230.82 | KL: 2.222e-03 | std: 0.5034 | rollout: 9.339s | update: 1.372s | total: 10.711s | samples/s: 5975
Iteration 0801 | train reward: 1217.93 | best: 1230.82 | KL: 2.132e-03 | std: 0.5033 | rollout: 8.619s | update: 1.437s | total: 10.056s | samples/s: 6364
Iteration 0802 | train reward: 1217.91 | best: 1230.82 | KL: 2.900e-03 | std: 0.5034 | rollout: 8.045s | update: 1.417s | total: 9.461s | samples/s: 6764
Iteration 0803 | train reward: 1243.91 | best: 1243.91 | KL: 2.157e-03 | std: 0.5035 | rollout: 7.529s | update: 1.408s | total: 8.938s | samples/s: 7161
Iteration 0804 | train reward: 1224.07 | best: 1243.91 | KL: 2.814e-03 | std: 0.5035 | rollout: 7.996s | update: 1.539s | total: 9.536s | samples/s: 6712
Iteration 0805 | train reward: 1228.17 | best: 1243.91 | KL: 2.135e-03 | std: 0.5033 | rollout: 8.522s | update: 1.426s | total: 9.948s | samples/s: 6433
Iteration 0806 | train reward: 1241.13 | best: 1243.91 | KL: 2.103e-03 | std: 0.5033 | rollout: 8.461s | update: 1.447s | total: 9.908s | samples/s: 6460
Iteration 0807 | train reward: 1235.07 | best: 1243.91 | KL: 2.665e-03 | std: 0.5034 | rollout: 7.756s | update: 1.415s | total: 9.171s | samples/s: 6979
Iteration 0808 | train reward: 1246.34 | best: 1246.34 | KL: 1.891e-03 | std: 0.5033 | rollout: 7.308s | update: 1.470s | total: 8.778s | samples/s: 7291
Iteration 0809 | train reward: 1238.06 | best: 1246.34 | KL: 2.365e-03 | std: 0.5026 | rollout: 8.519s | update: 1.471s | total: 9.990s | samples/s: 6406
Iteration 0810 | train reward: 1242.91 | best: 1246.34 | KL: 2.750e-03 | std: 0.5024 | rollout: 8.617s | update: 1.365s | total: 9.983s | samples/s: 6411
Iteration 0811 | train reward: 1238.05 | best: 1246.34 | KL: 2.532e-03 | std: 0.5024 | rollout: 7.855s | update: 1.477s | total: 9.331s | samples/s: 6859
Iteration 0812 | train reward: 1242.60 | best: 1246.34 | KL: 2.586e-03 | std: 0.5018 | rollout: 8.795s | update: 1.484s | total: 10.280s | samples/s: 6226
Iteration 0813 | train reward: 1250.63 | best: 1250.63 | KL: 1.973e-03 | std: 0.5019 | rollout: 7.387s | update: 1.474s | total: 8.861s | samples/s: 7223
Iteration 0814 | train reward: 1245.52 | best: 1250.63 | KL: 2.680e-03 | std: 0.5009 | rollout: 7.785s | update: 1.402s | total: 9.186s | samples/s: 6967
Iteration 0815 | train reward: 1258.73 | best: 1258.73 | KL: 2.345e-03 | std: 0.5017 | rollout: 8.946s | update: 1.350s | total: 10.296s | samples/s: 6216
Iteration 0816 | train reward: 1262.35 | best: 1262.35 | KL: 1.983e-03 | std: 0.5017 | rollout: 7.660s | update: 1.426s | total: 9.086s | samples/s: 7044
Iteration 0817 | train reward: 1241.99 | best: 1262.35 | KL: 2.588e-03 | std: 0.5007 | rollout: 7.444s | update: 1.412s | total: 8.856s | samples/s: 7227
Iteration 0818 | train reward: 1268.02 | best: 1268.02 | KL: 2.515e-03 | std: 0.5002 | rollout: 8.131s | update: 1.485s | total: 9.616s | samples/s: 6655
Iteration 0819 | train reward: 1257.82 | best: 1268.02 | KL: 2.727e-03 | std: 0.5000 | rollout: 8.520s | update: 1.508s | total: 10.029s | samples/s: 6382
Iteration 0820 | train reward: 1260.49 | best: 1268.02 | KL: 2.567e-03 | std: 0.5000 | rollout: 9.352s | update: 1.487s | total: 10.839s | samples/s: 5905
Iteration 0821 | train reward: 1262.97 | best: 1268.02 | KL: 2.482e-03 | std: 0.4993 | rollout: 8.018s | update: 1.453s | total: 9.471s | samples/s: 6757
Iteration 0822 | train reward: 1268.29 | best: 1268.29 | KL: 2.009e-03 | std: 0.4991 | rollout: 8.705s | update: 1.359s | total: 10.064s | samples/s: 6359
Iteration 0823 | train reward: 1275.38 | best: 1275.38 | KL: 2.057e-03 | std: 0.4993 | rollout: 8.315s | update: 1.409s | total: 9.724s | samples/s: 6582
Iteration 0824 | train reward: 1277.30 | best: 1277.30 | KL: 2.849e-03 | std: 0.4993 | rollout: 7.749s | update: 1.453s | total: 9.202s | samples/s: 6955
Iteration 0825 | train reward: 1276.39 | best: 1277.30 | KL: 2.212e-03 | std: 0.4998 | rollout: 7.750s | update: 1.536s | total: 9.286s | samples/s: 6892
Iteration 0826 | train reward: 1271.63 | best: 1277.30 | KL: 2.418e-03 | std: 0.4993 | rollout: 8.938s | update: 1.477s | total: 10.415s | samples/s: 6145
Iteration 0827 | train reward: 1279.12 | best: 1279.12 | KL: 2.341e-03 | std: 0.4992 | rollout: 7.623s | update: 1.457s | total: 9.080s | samples/s: 7048
Iteration 0828 | train reward: 1275.57 | best: 1279.12 | KL: 2.513e-03 | std: 0.4976 | rollout: 7.762s | update: 1.304s | total: 9.066s | samples/s: 7059
Iteration 0829 | train reward: 1269.08 | best: 1279.12 | KL: 2.593e-03 | std: 0.4973 | rollout: 8.470s | update: 1.361s | total: 9.831s | samples/s: 6510
Iteration 0830 | train reward: 1291.98 | best: 1291.98 | KL: 2.590e-03 | std: 0.4957 | rollout: 8.412s | update: 1.395s | total: 9.807s | samples/s: 6526
Iteration 0831 | train reward: 1300.33 | best: 1300.33 | KL: 2.332e-03 | std: 0.4955 | rollout: 7.329s | update: 1.385s | total: 8.713s | samples/s: 7345
Iteration 0832 | train reward: 1292.99 | best: 1300.33 | KL: 2.727e-03 | std: 0.4956 | rollout: 7.020s | update: 1.547s | total: 8.567s | samples/s: 7471
Iteration 0833 | train reward: 1294.05 | best: 1300.33 | KL: 2.467e-03 | std: 0.4956 | rollout: 8.319s | update: 1.462s | total: 9.781s | samples/s: 6543
Iteration 0834 | train reward: 1322.62 | best: 1322.62 | KL: 2.480e-03 | std: 0.4948 | rollout: 7.129s | update: 1.484s | total: 8.613s | samples/s: 7431
Iteration 0835 | train reward: 1304.44 | best: 1322.62 | KL: 2.799e-03 | std: 0.4946 | rollout: 9.059s | update: 1.427s | total: 10.486s | samples/s: 6103
Iteration 0836 | train reward: 1310.66 | best: 1322.62 | KL: 2.280e-03 | std: 0.4941 | rollout: 9.313s | update: 1.347s | total: 10.660s | samples/s: 6004
Iteration 0837 | train reward: 1313.03 | best: 1322.62 | KL: 2.217e-03 | std: 0.4939 | rollout: 8.177s | update: 1.456s | total: 9.633s | samples/s: 6644
Iteration 0838 | train reward: 1313.64 | best: 1322.62 | KL: 2.320e-03 | std: 0.4931 | rollout: 7.622s | update: 1.473s | total: 9.096s | samples/s: 7036
Iteration 0839 | train reward: 1321.69 | best: 1322.62 | KL: 2.527e-03 | std: 0.4930 | rollout: 8.311s | update: 1.446s | total: 9.757s | samples/s: 6559
Iteration 0840 | train reward: 1326.20 | best: 1326.20 | KL: 2.679e-03 | std: 0.4924 | rollout: 8.951s | update: 1.476s | total: 10.428s | samples/s: 6138
Iteration 0841 | train reward: 1329.70 | best: 1329.70 | KL: 2.290e-03 | std: 0.4931 | rollout: 9.100s | update: 1.365s | total: 10.466s | samples/s: 6115
Iteration 0842 | train reward: 1313.48 | best: 1329.70 | KL: 3.290e-03 | std: 0.4946 | rollout: 7.459s | update: 1.364s | total: 8.823s | samples/s: 7254
Iteration 0843 | train reward: 1320.44 | best: 1329.70 | KL: 2.823e-03 | std: 0.4929 | rollout: 6.163s | update: 1.533s | total: 7.696s | samples/s: 8316
Iteration 0844 | train reward: 1319.62 | best: 1329.70 | KL: 2.979e-03 | std: 0.4922 | rollout: 8.428s | update: 1.388s | total: 9.816s | samples/s: 6520
Iteration 0845 | train reward: 1318.43 | best: 1329.70 | KL: 2.464e-03 | std: 0.4920 | rollout: 9.222s | update: 1.429s | total: 10.651s | samples/s: 6009
Iteration 0846 | train reward: 1317.75 | best: 1329.70 | KL: 2.980e-03 | std: 0.4913 | rollout: 8.147s | update: 1.544s | total: 9.691s | samples/s: 6604
Iteration 0847 | train reward: 1333.12 | best: 1333.12 | KL: 2.485e-03 | std: 0.4905 | rollout: 6.950s | update: 1.583s | total: 8.533s | samples/s: 7500
Iteration 0848 | train reward: 1328.60 | best: 1333.12 | KL: 2.975e-03 | std: 0.4915 | rollout: 8.060s | update: 1.397s | total: 9.457s | samples/s: 6768
Iteration 0849 | train reward: 1327.16 | best: 1333.12 | KL: 2.546e-03 | std: 0.4913 | rollout: 8.993s | update: 1.470s | total: 10.463s | samples/s: 6117
Iteration 0850 | train reward: 1308.02 | best: 1333.12 | KL: 3.004e-03 | std: 0.4903 | rollout: 9.454s | update: 1.394s | total: 10.848s | samples/s: 5900
Iteration 0851 | train reward: 1321.74 | best: 1333.12 | KL: 2.793e-03 | std: 0.4898 | rollout: 7.588s | update: 1.386s | total: 8.974s | samples/s: 7132
Iteration 0852 | train reward: 1315.86 | best: 1333.12 | KL: 2.923e-03 | std: 0.4898 | rollout: 8.902s | update: 1.466s | total: 10.368s | samples/s: 6173
Iteration 0853 | train reward: 1316.81 | best: 1333.12 | KL: 3.220e-03 | std: 0.4903 | rollout: 8.442s | update: 1.401s | total: 9.843s | samples/s: 6502
Iteration 0854 | train reward: 1328.28 | best: 1333.12 | KL: 2.202e-03 | std: 0.4913 | rollout: 7.524s | update: 1.457s | total: 8.982s | samples/s: 7126
Iteration 0855 | train reward: 1316.22 | best: 1333.12 | KL: 2.645e-03 | std: 0.4915 | rollout: 8.889s | update: 1.415s | total: 10.305s | samples/s: 6211
Iteration 0856 | train reward: 1327.77 | best: 1333.12 | KL: 2.489e-03 | std: 0.4920 | rollout: 7.986s | update: 1.382s | total: 9.368s | samples/s: 6832
Iteration 0857 | train reward: 1321.08 | best: 1333.12 | KL: 2.831e-03 | std: 0.4920 | rollout: 8.541s | update: 1.342s | total: 9.883s | samples/s: 6476
Iteration 0858 | train reward: 1322.24 | best: 1333.12 | KL: 3.023e-03 | std: 0.4922 | rollout: 9.041s | update: 1.411s | total: 10.452s | samples/s: 6123
Iteration 0859 | train reward: 1343.37 | best: 1343.37 | KL: 2.696e-03 | std: 0.4920 | rollout: 7.339s | update: 1.344s | total: 8.683s | samples/s: 7371
Iteration 0860 | train reward: 1337.83 | best: 1343.37 | KL: 2.400e-03 | std: 0.4903 | rollout: 8.856s | update: 1.425s | total: 10.282s | samples/s: 6225
Iteration 0861 | train reward: 1342.67 | best: 1343.37 | KL: 2.564e-03 | std: 0.4898 | rollout: 9.498s | update: 1.517s | total: 11.015s | samples/s: 5810
Iteration 0862 | train reward: 1325.98 | best: 1343.37 | KL: 3.019e-03 | std: 0.4898 | rollout: 6.905s | update: 1.419s | total: 8.324s | samples/s: 7689
Iteration 0863 | train reward: 1354.06 | best: 1354.06 | KL: 2.443e-03 | std: 0.4896 | rollout: 8.106s | update: 1.411s | total: 9.517s | samples/s: 6725
Iteration 0864 | train reward: 1345.00 | best: 1354.06 | KL: 2.521e-03 | std: 0.4896 | rollout: 9.161s | update: 1.457s | total: 10.618s | samples/s: 6027
Iteration 0865 | train reward: 1344.30 | best: 1354.06 | KL: 3.640e-03 | std: 0.4896 | rollout: 7.993s | update: 1.337s | total: 9.329s | samples/s: 6860
Iteration 0866 | train reward: 1353.83 | best: 1354.06 | KL: 2.558e-03 | std: 0.4898 | rollout: 8.383s | update: 1.435s | total: 9.818s | samples/s: 6518
Iteration 0867 | train reward: 1351.06 | best: 1354.06 | KL: 3.102e-03 | std: 0.4898 | rollout: 7.571s | update: 1.379s | total: 8.950s | samples/s: 7151
Iteration 0868 | train reward: 1340.67 | best: 1354.06 | KL: 3.005e-03 | std: 0.4905 | rollout: 8.525s | update: 1.444s | total: 9.969s | samples/s: 6420
Iteration 0869 | train reward: 1331.48 | best: 1354.06 | KL: 2.962e-03 | std: 0.4898 | rollout: 9.122s | update: 1.365s | total: 10.486s | samples/s: 6103
Iteration 0870 | train reward: 1353.92 | best: 1354.06 | KL: 3.150e-03 | std: 0.4896 | rollout: 8.209s | update: 1.332s | total: 9.541s | samples/s: 6708
Iteration 0871 | train reward: 1350.57 | best: 1354.06 | KL: 3.121e-03 | std: 0.4896 | rollout: 7.574s | update: 1.372s | total: 8.946s | samples/s: 7154
Iteration 0872 | train reward: 1334.95 | best: 1354.06 | KL: 2.954e-03 | std: 0.4896 | rollout: 8.835s | update: 1.331s | total: 10.166s | samples/s: 6296
Iteration 0873 | train reward: 1349.29 | best: 1354.06 | KL: 2.788e-03 | std: 0.4896 | rollout: 7.437s | update: 1.447s | total: 8.884s | samples/s: 7204
Iteration 0874 | train reward: 1360.26 | best: 1360.26 | KL: 3.088e-03 | std: 0.4889 | rollout: 8.480s | update: 1.314s | total: 9.794s | samples/s: 6535
Iteration 0875 | train reward: 1359.41 | best: 1360.26 | KL: 2.854e-03 | std: 0.4889 | rollout: 7.935s | update: 1.410s | total: 9.345s | samples/s: 6849
Iteration 0876 | train reward: 1345.71 | best: 1360.26 | KL: 3.456e-03 | std: 0.4887 | rollout: 8.538s | update: 1.408s | total: 9.946s | samples/s: 6434
Iteration 0877 | train reward: 1360.45 | best: 1360.45 | KL: 2.463e-03 | std: 0.4887 | rollout: 7.982s | update: 1.480s | total: 9.461s | samples/s: 6764
Iteration 0878 | train reward: 1347.38 | best: 1360.45 | KL: 3.713e-03 | std: 0.4877 | rollout: 7.280s | update: 1.323s | total: 8.603s | samples/s: 7440
Iteration 0879 | train reward: 1371.45 | best: 1371.45 | KL: 2.988e-03 | std: 0.4877 | rollout: 8.153s | update: 1.382s | total: 9.535s | samples/s: 6712
Iteration 0880 | train reward: 1355.29 | best: 1371.45 | KL: 2.859e-03 | std: 0.4879 | rollout: 8.759s | update: 1.352s | total: 10.111s | samples/s: 6330
Iteration 0881 | train reward: 1351.40 | best: 1371.45 | KL: 3.048e-03 | std: 0.4879 | rollout: 8.431s | update: 1.509s | total: 9.940s | samples/s: 6439
Iteration 0882 | train reward: 1375.44 | best: 1375.44 | KL: 2.913e-03 | std: 0.4877 | rollout: 7.926s | update: 1.508s | total: 9.434s | samples/s: 6784
Iteration 0883 | train reward: 1362.99 | best: 1375.44 | KL: 2.728e-03 | std: 0.4872 | rollout: 7.540s | update: 1.467s | total: 9.007s | samples/s: 7106
Iteration 0884 | train reward: 1376.54 | best: 1376.54 | KL: 2.612e-03 | std: 0.4872 | rollout: 8.999s | update: 1.363s | total: 10.363s | samples/s: 6176
Iteration 0885 | train reward: 1381.79 | best: 1381.79 | KL: 2.786e-03 | std: 0.4872 | rollout: 7.781s | update: 1.561s | total: 9.342s | samples/s: 6851
Iteration 0886 | train reward: 1383.79 | best: 1383.79 | KL: 3.317e-03 | std: 0.4872 | rollout: 7.724s | update: 1.507s | total: 9.231s | samples/s: 6933
Iteration 0887 | train reward: 1392.07 | best: 1392.07 | KL: 2.593e-03 | std: 0.4887 | rollout: 8.162s | update: 1.564s | total: 9.726s | samples/s: 6580
Iteration 0888 | train reward: 1383.05 | best: 1392.07 | KL: 2.730e-03 | std: 0.4872 | rollout: 7.697s | update: 1.450s | total: 9.147s | samples/s: 6997
Iteration 0889 | train reward: 1386.30 | best: 1392.07 | KL: 2.981e-03 | std: 0.4870 | rollout: 8.143s | update: 1.456s | total: 9.599s | samples/s: 6667
Iteration 0890 | train reward: 1383.14 | best: 1392.07 | KL: 2.707e-03 | std: 0.4869 | rollout: 7.727s | update: 1.550s | total: 9.278s | samples/s: 6898
Iteration 0891 | train reward: 1366.47 | best: 1392.07 | KL: 4.183e-03 | std: 0.4861 | rollout: 8.846s | update: 1.492s | total: 10.338s | samples/s: 6191
Iteration 0892 | train reward: 1394.05 | best: 1394.05 | KL: 2.639e-03 | std: 0.4863 | rollout: 8.550s | update: 1.336s | total: 9.886s | samples/s: 6474
Iteration 0893 | train reward: 1389.31 | best: 1394.05 | KL: 2.625e-03 | std: 0.4861 | rollout: 8.331s | update: 1.489s | total: 9.819s | samples/s: 6518
Iteration 0894 | train reward: 1396.92 | best: 1396.92 | KL: 2.594e-03 | std: 0.4852 | rollout: 8.504s | update: 1.568s | total: 10.072s | samples/s: 6354
Iteration 0895 | train reward: 1397.75 | best: 1397.75 | KL: 2.716e-03 | std: 0.4852 | rollout: 8.774s | update: 1.477s | total: 10.251s | samples/s: 6243
Iteration 0896 | train reward: 1399.72 | best: 1399.72 | KL: 2.723e-03 | std: 0.4844 | rollout: 9.190s | update: 1.330s | total: 10.520s | samples/s: 6083
Iteration 0897 | train reward: 1399.62 | best: 1399.72 | KL: 3.306e-03 | std: 0.4844 | rollout: 8.422s | update: 1.447s | total: 9.869s | samples/s: 6485
Iteration 0898 | train reward: 1403.56 | best: 1403.56 | KL: 2.728e-03 | std: 0.4843 | rollout: 7.591s | update: 1.316s | total: 8.907s | samples/s: 7185
Iteration 0899 | train reward: 1413.53 | best: 1413.53 | KL: 2.613e-03 | std: 0.4825 | rollout: 7.810s | update: 1.406s | total: 9.216s | samples/s: 6945
Iteration 0900 | train reward: 1405.16 | best: 1413.53 | KL: 3.374e-03 | std: 0.4826 | rollout: 8.251s | update: 1.417s | total: 9.668s | samples/s: 6620
Iteration 0901 | train reward: 1395.69 | best: 1413.53 | KL: 2.513e-03 | std: 0.4825 | rollout: 8.945s | update: 1.430s | total: 10.375s | samples/s: 6168
Iteration 0902 | train reward: 1417.11 | best: 1417.11 | KL: 3.053e-03 | std: 0.4825 | rollout: 8.375s | update: 1.463s | total: 9.838s | samples/s: 6506
Iteration 0903 | train reward: 1430.63 | best: 1430.63 | KL: 2.735e-03 | std: 0.4820 | rollout: 8.479s | update: 1.470s | total: 9.948s | samples/s: 6433
Iteration 0904 | train reward: 1428.63 | best: 1430.63 | KL: 3.267e-03 | std: 0.4827 | rollout: 9.247s | update: 1.479s | total: 10.726s | samples/s: 5967
Iteration 0905 | train reward: 1433.87 | best: 1433.87 | KL: 3.141e-03 | std: 0.4835 | rollout: 7.618s | update: 1.399s | total: 9.017s | samples/s: 7098
Iteration 0906 | train reward: 1415.22 | best: 1433.87 | KL: 3.230e-03 | std: 0.4820 | rollout: 8.209s | update: 1.540s | total: 9.749s | samples/s: 6565
Iteration 0907 | train reward: 1432.26 | best: 1433.87 | KL: 3.056e-03 | std: 0.4818 | rollout: 7.913s | update: 1.418s | total: 9.331s | samples/s: 6859
Iteration 0908 | train reward: 1448.39 | best: 1448.39 | KL: 2.780e-03 | std: 0.4818 | rollout: 8.324s | update: 1.500s | total: 9.824s | samples/s: 6515
Iteration 0909 | train reward: 1429.89 | best: 1448.39 | KL: 3.154e-03 | std: 0.4815 | rollout: 8.181s | update: 1.550s | total: 9.731s | samples/s: 6577
Iteration 0910 | train reward: 1434.65 | best: 1448.39 | KL: 2.793e-03 | std: 0.4809 | rollout: 9.078s | update: 1.469s | total: 10.546s | samples/s: 6068
Iteration 0911 | train reward: 1446.88 | best: 1448.39 | KL: 2.952e-03 | std: 0.4816 | rollout: 7.927s | update: 1.310s | total: 9.237s | samples/s: 6929
Iteration 0912 | train reward: 1430.99 | best: 1448.39 | KL: 3.217e-03 | std: 0.4818 | rollout: 8.177s | update: 1.339s | total: 9.517s | samples/s: 6725
Iteration 0913 | train reward: 1437.37 | best: 1448.39 | KL: 2.985e-03 | std: 0.4816 | rollout: 8.149s | update: 1.493s | total: 9.642s | samples/s: 6637
Iteration 0914 | train reward: 1412.70 | best: 1448.39 | KL: 3.849e-03 | std: 0.4816 | rollout: 7.501s | update: 1.371s | total: 8.872s | samples/s: 7214
Iteration 0915 | train reward: 1431.28 | best: 1448.39 | KL: 3.641e-03 | std: 0.4816 | rollout: 8.934s | update: 1.395s | total: 10.329s | samples/s: 6196
Iteration 0916 | train reward: 1435.44 | best: 1448.39 | KL: 2.815e-03 | std: 0.4818 | rollout: 8.075s | update: 1.449s | total: 9.524s | samples/s: 6720
Iteration 0917 | train reward: 1452.35 | best: 1452.35 | KL: 3.030e-03 | std: 0.4811 | rollout: 8.553s | update: 1.462s | total: 10.015s | samples/s: 6390
Iteration 0918 | train reward: 1417.43 | best: 1452.35 | KL: 4.022e-03 | std: 0.4811 | rollout: 7.608s | update: 1.445s | total: 9.054s | samples/s: 7069
Iteration 0919 | train reward: 1456.37 | best: 1456.37 | KL: 3.331e-03 | std: 0.4818 | rollout: 7.292s | update: 1.407s | total: 8.699s | samples/s: 7357
Iteration 0920 | train reward: 1466.39 | best: 1466.39 | KL: 2.794e-03 | std: 0.4811 | rollout: 7.637s | update: 1.363s | total: 9.000s | samples/s: 7111
Iteration 0921 | train reward: 1456.44 | best: 1466.39 | KL: 2.829e-03 | std: 0.4801 | rollout: 6.684s | update: 1.429s | total: 8.113s | samples/s: 7889
Iteration 0922 | train reward: 1456.41 | best: 1466.39 | KL: 2.952e-03 | std: 0.4794 | rollout: 8.278s | update: 1.490s | total: 9.768s | samples/s: 6552
Iteration 0923 | train reward: 1463.51 | best: 1466.39 | KL: 2.684e-03 | std: 0.4799 | rollout: 7.618s | update: 1.526s | total: 9.143s | samples/s: 7000
Iteration 0924 | train reward: 1447.03 | best: 1466.39 | KL: 3.630e-03 | std: 0.4794 | rollout: 7.766s | update: 1.551s | total: 9.317s | samples/s: 6869
Iteration 0925 | train reward: 1422.25 | best: 1466.39 | KL: 3.879e-03 | std: 0.4799 | rollout: 9.095s | update: 1.444s | total: 10.539s | samples/s: 6073
Iteration 0926 | train reward: 1449.15 | best: 1466.39 | KL: 3.728e-03 | std: 0.4794 | rollout: 7.578s | update: 1.455s | total: 9.033s | samples/s: 7085
Iteration 0927 | train reward: 1456.69 | best: 1466.39 | KL: 3.422e-03 | std: 0.4793 | rollout: 8.682s | update: 1.362s | total: 10.044s | samples/s: 6372
Iteration 0928 | train reward: 1462.12 | best: 1466.39 | KL: 3.119e-03 | std: 0.4790 | rollout: 8.242s | update: 1.561s | total: 9.803s | samples/s: 6529
Iteration 0929 | train reward: 1459.97 | best: 1466.39 | KL: 3.953e-03 | std: 0.4791 | rollout: 7.053s | update: 1.433s | total: 8.486s | samples/s: 7541
Iteration 0930 | train reward: 1465.52 | best: 1466.39 | KL: 3.181e-03 | std: 0.4789 | rollout: 8.154s | update: 1.560s | total: 9.715s | samples/s: 6588
Iteration 0931 | train reward: 1479.98 | best: 1479.98 | KL: 3.223e-03 | std: 0.4783 | rollout: 8.148s | update: 1.444s | total: 9.591s | samples/s: 6673
Iteration 0932 | train reward: 1476.78 | best: 1479.98 | KL: 3.320e-03 | std: 0.4790 | rollout: 7.653s | update: 1.406s | total: 9.059s | samples/s: 7065
Iteration 0933 | train reward: 1449.05 | best: 1479.98 | KL: 3.893e-03 | std: 0.4782 | rollout: 8.533s | update: 1.557s | total: 10.089s | samples/s: 6343
Iteration 0934 | train reward: 1464.73 | best: 1479.98 | KL: 3.855e-03 | std: 0.4773 | rollout: 7.919s | update: 1.424s | total: 9.343s | samples/s: 6850
Iteration 0935 | train reward: 1479.43 | best: 1479.98 | KL: 3.379e-03 | std: 0.4773 | rollout: 6.550s | update: 1.401s | total: 7.951s | samples/s: 8050
Iteration 0936 | train reward: 1467.03 | best: 1479.98 | KL: 3.192e-03 | std: 0.4773 | rollout: 8.303s | update: 1.438s | total: 9.741s | samples/s: 6570
Iteration 0937 | train reward: 1471.18 | best: 1479.98 | KL: 3.174e-03 | std: 0.4766 | rollout: 7.758s | update: 1.366s | total: 9.124s | samples/s: 7014
Iteration 0938 | train reward: 1480.85 | best: 1480.85 | KL: 2.860e-03 | std: 0.4767 | rollout: 7.819s | update: 1.374s | total: 9.193s | samples/s: 6962
Iteration 0939 | train reward: 1475.44 | best: 1480.85 | KL: 3.760e-03 | std: 0.4768 | rollout: 8.218s | update: 1.407s | total: 9.626s | samples/s: 6649
Iteration 0940 | train reward: 1473.25 | best: 1480.85 | KL: 3.097e-03 | std: 0.4767 | rollout: 7.925s | update: 1.408s | total: 9.334s | samples/s: 6857
Iteration 0941 | train reward: 1469.17 | best: 1480.85 | KL: 3.008e-03 | std: 0.4767 | rollout: 8.520s | update: 1.385s | total: 9.905s | samples/s: 6461
Iteration 0942 | train reward: 1475.47 | best: 1480.85 | KL: 3.153e-03 | std: 0.4766 | rollout: 8.507s | update: 1.365s | total: 9.872s | samples/s: 6483
Iteration 0943 | train reward: 1490.13 | best: 1490.13 | KL: 2.906e-03 | std: 0.4766 | rollout: 7.447s | update: 1.399s | total: 8.846s | samples/s: 7235
Iteration 0944 | train reward: 1466.30 | best: 1490.13 | KL: 3.947e-03 | std: 0.4766 | rollout: 7.745s | update: 1.424s | total: 9.169s | samples/s: 6980
Iteration 0945 | train reward: 1482.30 | best: 1490.13 | KL: 2.628e-03 | std: 0.4766 | rollout: 6.813s | update: 1.440s | total: 8.252s | samples/s: 7755
Iteration 0946 | train reward: 1483.67 | best: 1490.13 | KL: 2.555e-03 | std: 0.4764 | rollout: 8.315s | update: 1.459s | total: 9.773s | samples/s: 6548
Iteration 0947 | train reward: 1480.58 | best: 1490.13 | KL: 2.804e-03 | std: 0.4764 | rollout: 9.101s | update: 1.446s | total: 10.547s | samples/s: 6068
Iteration 0948 | train reward: 1479.03 | best: 1490.13 | KL: 3.957e-03 | std: 0.4765 | rollout: 8.534s | update: 1.476s | total: 10.010s | samples/s: 6394
Iteration 0949 | train reward: 1468.27 | best: 1490.13 | KL: 3.194e-03 | std: 0.4764 | rollout: 8.746s | update: 1.319s | total: 10.065s | samples/s: 6359
Iteration 0950 | train reward: 1481.72 | best: 1490.13 | KL: 3.892e-03 | std: 0.4765 | rollout: 8.075s | update: 1.527s | total: 9.602s | samples/s: 6665
Iteration 0951 | train reward: 1485.11 | best: 1490.13 | KL: 2.810e-03 | std: 0.4765 | rollout: 7.351s | update: 1.503s | total: 8.854s | samples/s: 7228
Iteration 0952 | train reward: 1503.64 | best: 1503.64 | KL: 3.143e-03 | std: 0.4749 | rollout: 8.967s | update: 1.404s | total: 10.371s | samples/s: 6171
Iteration 0953 | train reward: 1467.45 | best: 1503.64 | KL: 3.787e-03 | std: 0.4747 | rollout: 8.440s | update: 1.369s | total: 9.809s | samples/s: 6524
Iteration 0954 | train reward: 1502.17 | best: 1503.64 | KL: 3.191e-03 | std: 0.4738 | rollout: 7.571s | update: 1.365s | total: 8.936s | samples/s: 7162
Iteration 0955 | train reward: 1497.22 | best: 1503.64 | KL: 3.769e-03 | std: 0.4738 | rollout: 8.945s | update: 1.417s | total: 10.363s | samples/s: 6176
Iteration 0956 | train reward: 1502.19 | best: 1503.64 | KL: 3.166e-03 | std: 0.4737 | rollout: 8.083s | update: 1.439s | total: 9.523s | samples/s: 6721
Iteration 0957 | train reward: 1512.27 | best: 1512.27 | KL: 3.109e-03 | std: 0.4732 | rollout: 6.835s | update: 1.510s | total: 8.346s | samples/s: 7669
Iteration 0958 | train reward: 1508.24 | best: 1512.27 | KL: 2.997e-03 | std: 0.4739 | rollout: 8.627s | update: 1.479s | total: 10.106s | samples/s: 6333
Iteration 0959 | train reward: 1486.72 | best: 1512.27 | KL: 3.279e-03 | std: 0.4739 | rollout: 8.174s | update: 1.504s | total: 9.678s | samples/s: 6613
Iteration 0960 | train reward: 1484.79 | best: 1512.27 | KL: 3.663e-03 | std: 0.4738 | rollout: 7.578s | update: 1.303s | total: 8.881s | samples/s: 7207
Iteration 0961 | train reward: 1499.72 | best: 1512.27 | KL: 4.233e-03 | std: 0.4731 | rollout: 8.805s | update: 1.416s | total: 10.221s | samples/s: 6262
Iteration 0962 | train reward: 1484.10 | best: 1512.27 | KL: 4.339e-03 | std: 0.4722 | rollout: 8.459s | update: 1.422s | total: 9.882s | samples/s: 6477
Iteration 0963 | train reward: 1507.64 | best: 1512.27 | KL: 3.302e-03 | std: 0.4714 | rollout: 8.691s | update: 1.390s | total: 10.081s | samples/s: 6348
Iteration 0964 | train reward: 1516.82 | best: 1516.82 | KL: 3.326e-03 | std: 0.4706 | rollout: 7.079s | update: 1.472s | total: 8.552s | samples/s: 7484
Iteration 0965 | train reward: 1493.51 | best: 1516.82 | KL: 3.966e-03 | std: 0.4706 | rollout: 7.899s | update: 1.359s | total: 9.258s | samples/s: 6913
Iteration 0966 | train reward: 1519.95 | best: 1519.95 | KL: 3.769e-03 | std: 0.4695 | rollout: 7.840s | update: 1.490s | total: 9.329s | samples/s: 6860
Iteration 0967 | train reward: 1512.56 | best: 1519.95 | KL: 3.329e-03 | std: 0.4685 | rollout: 8.683s | update: 1.504s | total: 10.187s | samples/s: 6282
Iteration 0968 | train reward: 1515.86 | best: 1519.95 | KL: 3.574e-03 | std: 0.4679 | rollout: 8.329s | update: 1.491s | total: 9.820s | samples/s: 6517
Iteration 0969 | train reward: 1493.90 | best: 1519.95 | KL: 4.260e-03 | std: 0.4671 | rollout: 8.467s | update: 1.286s | total: 9.752s | samples/s: 6563
Iteration 0970 | train reward: 1535.41 | best: 1535.41 | KL: 3.620e-03 | std: 0.4670 | rollout: 8.437s | update: 1.459s | total: 9.896s | samples/s: 6467
Iteration 0971 | train reward: 1508.95 | best: 1535.41 | KL: 3.811e-03 | std: 0.4669 | rollout: 8.717s | update: 1.436s | total: 10.153s | samples/s: 6303
Iteration 0972 | train reward: 1537.94 | best: 1537.94 | KL: 3.760e-03 | std: 0.4661 | rollout: 7.678s | update: 1.429s | total: 9.108s | samples/s: 7027
Iteration 0973 | train reward: 1520.21 | best: 1537.94 | KL: 3.068e-03 | std: 0.4660 | rollout: 8.663s | update: 1.412s | total: 10.076s | samples/s: 6352
Iteration 0974 | train reward: 1510.30 | best: 1537.94 | KL: 4.161e-03 | std: 0.4654 | rollout: 7.805s | update: 1.387s | total: 9.192s | samples/s: 6963
Iteration 0975 | train reward: 1521.90 | best: 1537.94 | KL: 3.457e-03 | std: 0.4659 | rollout: 7.594s | update: 1.452s | total: 9.046s | samples/s: 7075
Iteration 0976 | train reward: 1513.10 | best: 1537.94 | KL: 4.132e-03 | std: 0.4660 | rollout: 7.674s | update: 1.405s | total: 9.080s | samples/s: 7049
Iteration 0977 | train reward: 1529.96 | best: 1537.94 | KL: 3.325e-03 | std: 0.4660 | rollout: 7.547s | update: 1.287s | total: 8.833s | samples/s: 7245
Iteration 0978 | train reward: 1493.99 | best: 1537.94 | KL: 4.273e-03 | std: 0.4652 | rollout: 8.188s | update: 1.377s | total: 9.565s | samples/s: 6691
Iteration 0979 | train reward: 1547.69 | best: 1547.69 | KL: 2.991e-03 | std: 0.4643 | rollout: 8.091s | update: 1.412s | total: 9.503s | samples/s: 6735
Iteration 0980 | train reward: 1496.99 | best: 1547.69 | KL: 4.410e-03 | std: 0.4637 | rollout: 7.492s | update: 1.381s | total: 8.873s | samples/s: 7212
Iteration 0981 | train reward: 1517.94 | best: 1547.69 | KL: 3.907e-03 | std: 0.4636 | rollout: 7.480s | update: 1.438s | total: 8.918s | samples/s: 7177
Iteration 0982 | train reward: 1544.02 | best: 1547.69 | KL: 3.610e-03 | std: 0.4643 | rollout: 7.509s | update: 1.492s | total: 9.001s | samples/s: 7110
Iteration 0983 | train reward: 1537.83 | best: 1547.69 | KL: 3.945e-03 | std: 0.4637 | rollout: 8.155s | update: 1.455s | total: 9.610s | samples/s: 6659
Iteration 0984 | train reward: 1527.66 | best: 1547.69 | KL: 3.855e-03 | std: 0.4635 | rollout: 7.341s | update: 1.349s | total: 8.690s | samples/s: 7365
Iteration 0985 | train reward: 1537.37 | best: 1547.69 | KL: 4.768e-03 | std: 0.4636 | rollout: 8.195s | update: 1.425s | total: 9.619s | samples/s: 6653
Iteration 0986 | train reward: 1538.00 | best: 1547.69 | KL: 3.588e-03 | std: 0.4637 | rollout: 7.833s | update: 1.413s | total: 9.245s | samples/s: 6922
Iteration 0987 | train reward: 1550.90 | best: 1550.90 | KL: 3.277e-03 | std: 0.4638 | rollout: 9.330s | update: 1.479s | total: 10.809s | samples/s: 5921
Iteration 0988 | train reward: 1529.68 | best: 1550.90 | KL: 4.105e-03 | std: 0.4637 | rollout: 8.645s | update: 1.560s | total: 10.205s | samples/s: 6271
Iteration 0989 | train reward: 1528.54 | best: 1550.90 | KL: 4.357e-03 | std: 0.4636 | rollout: 6.710s | update: 1.471s | total: 8.182s | samples/s: 7822
Iteration 0990 | train reward: 1552.79 | best: 1552.79 | KL: 3.386e-03 | std: 0.4636 | rollout: 8.959s | update: 1.403s | total: 10.362s | samples/s: 6177
Iteration 0991 | train reward: 1551.38 | best: 1552.79 | KL: 3.665e-03 | std: 0.4633 | rollout: 7.556s | update: 1.371s | total: 8.927s | samples/s: 7169
Iteration 0992 | train reward: 1549.31 | best: 1552.79 | KL: 4.290e-03 | std: 0.4626 | rollout: 7.857s | update: 1.407s | total: 9.264s | samples/s: 6908
Iteration 0993 | train reward: 1549.71 | best: 1552.79 | KL: 3.280e-03 | std: 0.4628 | rollout: 7.640s | update: 1.524s | total: 9.164s | samples/s: 6984
Iteration 0994 | train reward: 1522.80 | best: 1552.79 | KL: 4.245e-03 | std: 0.4628 | rollout: 8.513s | update: 1.356s | total: 9.870s | samples/s: 6484
Iteration 0995 | train reward: 1550.18 | best: 1552.79 | KL: 3.951e-03 | std: 0.4628 | rollout: 8.040s | update: 1.369s | total: 9.409s | samples/s: 6802
Iteration 0996 | train reward: 1553.60 | best: 1553.60 | KL: 3.859e-03 | std: 0.4618 | rollout: 7.906s | update: 1.368s | total: 9.274s | samples/s: 6901
Iteration 0997 | train reward: 1558.25 | best: 1558.25 | KL: 3.903e-03 | std: 0.4617 | rollout: 8.127s | update: 1.486s | total: 9.613s | samples/s: 6658
Iteration 0998 | train reward: 1551.11 | best: 1558.25 | KL: 4.006e-03 | std: 0.4618 | rollout: 8.474s | update: 1.442s | total: 9.916s | samples/s: 6454
Iteration 0999 | train reward: 1552.80 | best: 1558.25 | KL: 4.164e-03 | std: 0.4618 | rollout: 7.968s | update: 1.314s | total: 9.282s | samples/s: 6895
Iteration 1000 | train reward: 1559.53 | best: 1559.53 | KL: 3.589e-03 | std: 0.4617 | rollout: 8.016s | update: 1.353s | total: 9.369s | samples/s: 6831
Iteration 1001 | train reward: 1569.42 | best: 1569.42 | KL: 4.264e-03 | std: 0.4626 | rollout: 9.030s | update: 1.336s | total: 10.366s | samples/s: 6174
Iteration 1002 | train reward: 1544.81 | best: 1569.42 | KL: 4.594e-03 | std: 0.4612 | rollout: 6.407s | update: 1.450s | total: 7.857s | samples/s: 8146
Iteration 1003 | train reward: 1550.46 | best: 1569.42 | KL: 3.740e-03 | std: 0.4612 | rollout: 7.967s | update: 1.349s | total: 9.317s | samples/s: 6870
Iteration 1004 | train reward: 1546.89 | best: 1569.42 | KL: 4.613e-03 | std: 0.4612 | rollout: 8.508s | update: 1.337s | total: 9.845s | samples/s: 6501
Iteration 1005 | train reward: 1562.48 | best: 1569.42 | KL: 3.567e-03 | std: 0.4612 | rollout: 7.471s | update: 1.471s | total: 8.942s | samples/s: 7157
Iteration 1006 | train reward: 1578.27 | best: 1578.27 | KL: 3.292e-03 | std: 0.4612 | rollout: 7.776s | update: 1.459s | total: 9.236s | samples/s: 6930
Iteration 1007 | train reward: 1573.44 | best: 1578.27 | KL: 3.820e-03 | std: 0.4610 | rollout: 8.236s | update: 1.515s | total: 9.752s | samples/s: 6563
Iteration 1008 | train reward: 1581.09 | best: 1581.09 | KL: 4.353e-03 | std: 0.4610 | rollout: 6.331s | update: 1.371s | total: 7.702s | samples/s: 8309
Iteration 1009 | train reward: 1582.91 | best: 1582.91 | KL: 3.372e-03 | std: 0.4609 | rollout: 7.887s | update: 1.494s | total: 9.381s | samples/s: 6822
Iteration 1010 | train reward: 1578.99 | best: 1582.91 | KL: 4.456e-03 | std: 0.4609 | rollout: 6.712s | update: 1.465s | total: 8.177s | samples/s: 7827
Iteration 1011 | train reward: 1569.43 | best: 1582.91 | KL: 3.676e-03 | std: 0.4609 | rollout: 9.118s | update: 1.393s | total: 10.511s | samples/s: 6089
Iteration 1012 | train reward: 1579.75 | best: 1582.91 | KL: 3.622e-03 | std: 0.4608 | rollout: 7.457s | update: 1.452s | total: 8.910s | samples/s: 7183
Iteration 1013 | train reward: 1588.10 | best: 1588.10 | KL: 3.147e-03 | std: 0.4609 | rollout: 8.036s | update: 1.414s | total: 9.450s | samples/s: 6773
Iteration 1014 | train reward: 1567.55 | best: 1588.10 | KL: 4.227e-03 | std: 0.4602 | rollout: 8.758s | update: 1.363s | total: 10.121s | samples/s: 6323
Iteration 1015 | train reward: 1591.56 | best: 1591.56 | KL: 3.718e-03 | std: 0.4600 | rollout: 8.056s | update: 1.492s | total: 9.548s | samples/s: 6703
Iteration 1016 | train reward: 1575.85 | best: 1591.56 | KL: 3.989e-03 | std: 0.4591 | rollout: 7.519s | update: 1.401s | total: 8.920s | samples/s: 7175
Iteration 1017 | train reward: 1588.55 | best: 1591.56 | KL: 3.494e-03 | std: 0.4591 | rollout: 7.246s | update: 1.455s | total: 8.701s | samples/s: 7355
Iteration 1018 | train reward: 1587.56 | best: 1591.56 | KL: 3.900e-03 | std: 0.4586 | rollout: 8.788s | update: 1.357s | total: 10.144s | samples/s: 6309
Iteration 1019 | train reward: 1583.02 | best: 1591.56 | KL: 4.026e-03 | std: 0.4591 | rollout: 8.179s | update: 1.388s | total: 9.566s | samples/s: 6690
Iteration 1020 | train reward: 1600.02 | best: 1600.02 | KL: 3.837e-03 | std: 0.4591 | rollout: 9.029s | update: 1.519s | total: 10.548s | samples/s: 6067
Iteration 1021 | train reward: 1583.28 | best: 1600.02 | KL: 4.667e-03 | std: 0.4591 | rollout: 8.548s | update: 1.499s | total: 10.047s | samples/s: 6370
Iteration 1022 | train reward: 1590.91 | best: 1600.02 | KL: 3.928e-03 | std: 0.4591 | rollout: 7.922s | update: 1.468s | total: 9.390s | samples/s: 6816
Iteration 1023 | train reward: 1593.49 | best: 1600.02 | KL: 4.099e-03 | std: 0.4584 | rollout: 7.553s | update: 1.382s | total: 8.935s | samples/s: 7163
Iteration 1024 | train reward: 1594.24 | best: 1600.02 | KL: 3.670e-03 | std: 0.4583 | rollout: 7.705s | update: 1.439s | total: 9.144s | samples/s: 6999
Iteration 1025 | train reward: 1603.12 | best: 1603.12 | KL: 4.292e-03 | std: 0.4575 | rollout: 8.261s | update: 1.412s | total: 9.673s | samples/s: 6616
Iteration 1026 | train reward: 1613.27 | best: 1613.27 | KL: 4.074e-03 | std: 0.4567 | rollout: 8.969s | update: 1.566s | total: 10.535s | samples/s: 6075
Iteration 1027 | train reward: 1622.05 | best: 1622.05 | KL: 3.373e-03 | std: 0.4559 | rollout: 8.962s | update: 1.474s | total: 10.436s | samples/s: 6133
Iteration 1028 | train reward: 1633.30 | best: 1633.30 | KL: 3.452e-03 | std: 0.4567 | rollout: 8.090s | update: 1.475s | total: 9.565s | samples/s: 6691
Iteration 1029 | train reward: 1618.99 | best: 1633.30 | KL: 3.636e-03 | std: 0.4558 | rollout: 7.188s | update: 1.374s | total: 8.561s | samples/s: 7475
Iteration 1030 | train reward: 1608.21 | best: 1633.30 | KL: 3.775e-03 | std: 0.4555 | rollout: 8.199s | update: 1.494s | total: 9.693s | samples/s: 6603
Iteration 1031 | train reward: 1600.77 | best: 1633.30 | KL: 4.172e-03 | std: 0.4548 | rollout: 7.993s | update: 1.505s | total: 9.498s | samples/s: 6738
Iteration 1032 | train reward: 1621.03 | best: 1633.30 | KL: 4.326e-03 | std: 0.4557 | rollout: 8.070s | update: 1.486s | total: 9.556s | samples/s: 6697
Iteration 1033 | train reward: 1620.47 | best: 1633.30 | KL: 3.376e-03 | std: 0.4557 | rollout: 6.668s | update: 1.453s | total: 8.121s | samples/s: 7881
Iteration 1034 | train reward: 1620.02 | best: 1633.30 | KL: 3.857e-03 | std: 0.4557 | rollout: 7.699s | update: 1.311s | total: 9.010s | samples/s: 7103
Iteration 1035 | train reward: 1621.80 | best: 1633.30 | KL: 3.681e-03 | std: 0.4555 | rollout: 8.769s | update: 1.368s | total: 10.137s | samples/s: 6313
Iteration 1036 | train reward: 1622.26 | best: 1633.30 | KL: 3.289e-03 | std: 0.4557 | rollout: 8.320s | update: 1.416s | total: 9.735s | samples/s: 6574
Iteration 1037 | train reward: 1623.65 | best: 1633.30 | KL: 4.522e-03 | std: 0.4541 | rollout: 7.776s | update: 1.405s | total: 9.182s | samples/s: 6970
Iteration 1038 | train reward: 1633.84 | best: 1633.84 | KL: 4.085e-03 | std: 0.4534 | rollout: 8.843s | update: 1.374s | total: 10.217s | samples/s: 6264
Iteration 1039 | train reward: 1625.13 | best: 1633.84 | KL: 3.868e-03 | std: 0.4532 | rollout: 8.224s | update: 1.463s | total: 9.686s | samples/s: 6607
Iteration 1040 | train reward: 1639.85 | best: 1639.85 | KL: 4.158e-03 | std: 0.4533 | rollout: 8.083s | update: 1.389s | total: 9.472s | samples/s: 6757
Iteration 1041 | train reward: 1627.06 | best: 1639.85 | KL: 3.915e-03 | std: 0.4533 | rollout: 7.426s | update: 1.358s | total: 8.785s | samples/s: 7285
Iteration 1042 | train reward: 1619.90 | best: 1639.85 | KL: 3.952e-03 | std: 0.4531 | rollout: 8.839s | update: 1.363s | total: 10.202s | samples/s: 6273
Iteration 1043 | train reward: 1634.76 | best: 1639.85 | KL: 4.241e-03 | std: 0.4531 | rollout: 7.813s | update: 1.305s | total: 9.118s | samples/s: 7019
Iteration 1044 | train reward: 1647.16 | best: 1647.16 | KL: 3.510e-03 | std: 0.4522 | rollout: 7.694s | update: 1.429s | total: 9.123s | samples/s: 7016
Iteration 1045 | train reward: 1638.22 | best: 1647.16 | KL: 4.882e-03 | std: 0.4523 | rollout: 8.507s | update: 1.373s | total: 9.880s | samples/s: 6478
Iteration 1046 | train reward: 1637.70 | best: 1647.16 | KL: 3.910e-03 | std: 0.4522 | rollout: 7.568s | update: 1.471s | total: 9.039s | samples/s: 7080
Iteration 1047 | train reward: 1637.31 | best: 1647.16 | KL: 4.097e-03 | std: 0.4515 | rollout: 8.610s | update: 1.368s | total: 9.978s | samples/s: 6414
Iteration 1048 | train reward: 1620.87 | best: 1647.16 | KL: 4.695e-03 | std: 0.4522 | rollout: 8.059s | update: 1.471s | total: 9.530s | samples/s: 6716
Iteration 1049 | train reward: 1634.02 | best: 1647.16 | KL: 4.300e-03 | std: 0.4508 | rollout: 8.643s | update: 1.422s | total: 10.065s | samples/s: 6359
Iteration 1050 | train reward: 1652.74 | best: 1652.74 | KL: 3.434e-03 | std: 0.4513 | rollout: 8.200s | update: 1.437s | total: 9.638s | samples/s: 6641
Iteration 1051 | train reward: 1631.24 | best: 1652.74 | KL: 4.302e-03 | std: 0.4508 | rollout: 7.572s | update: 1.358s | total: 8.930s | samples/s: 7167
Iteration 1052 | train reward: 1649.73 | best: 1652.74 | KL: 3.880e-03 | std: 0.4513 | rollout: 8.205s | update: 1.459s | total: 9.664s | samples/s: 6622
Iteration 1053 | train reward: 1640.89 | best: 1652.74 | KL: 5.393e-03 | std: 0.4508 | rollout: 7.896s | update: 1.434s | total: 9.330s | samples/s: 6860
Iteration 1054 | train reward: 1626.07 | best: 1652.74 | KL: 4.662e-03 | std: 0.4508 | rollout: 7.362s | update: 1.387s | total: 8.749s | samples/s: 7315
Iteration 1055 | train reward: 1639.35 | best: 1652.74 | KL: 4.074e-03 | std: 0.4508 | rollout: 7.452s | update: 1.341s | total: 8.793s | samples/s: 7279
Iteration 1056 | train reward: 1643.96 | best: 1652.74 | KL: 3.746e-03 | std: 0.4506 | rollout: 8.137s | update: 1.302s | total: 9.439s | samples/s: 6780
Iteration 1057 | train reward: 1654.75 | best: 1654.75 | KL: 4.329e-03 | std: 0.4503 | rollout: 7.046s | update: 1.351s | total: 8.397s | samples/s: 7622
Iteration 1058 | train reward: 1641.12 | best: 1654.75 | KL: 4.516e-03 | std: 0.4506 | rollout: 7.942s | update: 1.464s | total: 9.407s | samples/s: 6804
Iteration 1059 | train reward: 1631.14 | best: 1654.75 | KL: 5.283e-03 | std: 0.4505 | rollout: 8.760s | update: 1.430s | total: 10.191s | samples/s: 6280
Iteration 1060 | train reward: 1649.39 | best: 1654.75 | KL: 4.290e-03 | std: 0.4508 | rollout: 7.418s | update: 1.377s | total: 8.795s | samples/s: 7277
Iteration 1061 | train reward: 1640.58 | best: 1654.75 | KL: 4.618e-03 | std: 0.4508 | rollout: 7.649s | update: 1.381s | total: 9.029s | samples/s: 7088
Iteration 1062 | train reward: 1650.10 | best: 1654.75 | KL: 4.394e-03 | std: 0.4507 | rollout: 8.465s | update: 1.462s | total: 9.927s | samples/s: 6447
Iteration 1063 | train reward: 1632.41 | best: 1654.75 | KL: 4.653e-03 | std: 0.4503 | rollout: 8.694s | update: 1.445s | total: 10.139s | samples/s: 6312
Iteration 1064 | train reward: 1659.13 | best: 1659.13 | KL: 3.406e-03 | std: 0.4503 | rollout: 8.321s | update: 1.454s | total: 9.776s | samples/s: 6547
Iteration 1065 | train reward: 1660.65 | best: 1660.65 | KL: 4.070e-03 | std: 0.4503 | rollout: 7.755s | update: 1.452s | total: 9.207s | samples/s: 6951
Iteration 1066 | train reward: 1653.04 | best: 1660.65 | KL: 3.931e-03 | std: 0.4503 | rollout: 7.770s | update: 1.438s | total: 9.208s | samples/s: 6950
Iteration 1067 | train reward: 1670.82 | best: 1670.82 | KL: 4.385e-03 | std: 0.4495 | rollout: 8.465s | update: 1.378s | total: 9.843s | samples/s: 6502
Iteration 1068 | train reward: 1658.53 | best: 1670.82 | KL: 3.923e-03 | std: 0.4496 | rollout: 8.888s | update: 1.472s | total: 10.360s | samples/s: 6178
Iteration 1069 | train reward: 1659.22 | best: 1670.82 | KL: 4.686e-03 | std: 0.4503 | rollout: 8.277s | update: 1.495s | total: 9.772s | samples/s: 6550
Iteration 1070 | train reward: 1655.57 | best: 1670.82 | KL: 3.460e-03 | std: 0.4505 | rollout: 7.870s | update: 1.387s | total: 9.258s | samples/s: 6913
Iteration 1071 | train reward: 1654.24 | best: 1670.82 | KL: 4.448e-03 | std: 0.4505 | rollout: 8.550s | update: 1.480s | total: 10.030s | samples/s: 6381
Iteration 1072 | train reward: 1642.15 | best: 1670.82 | KL: 3.806e-03 | std: 0.4505 | rollout: 8.132s | update: 1.505s | total: 9.637s | samples/s: 6641
Iteration 1073 | train reward: 1654.66 | best: 1670.82 | KL: 4.641e-03 | std: 0.4503 | rollout: 7.660s | update: 1.506s | total: 9.166s | samples/s: 6982
Iteration 1074 | train reward: 1662.36 | best: 1670.82 | KL: 4.040e-03 | std: 0.4513 | rollout: 7.993s | update: 1.453s | total: 9.446s | samples/s: 6775
Iteration 1075 | train reward: 1654.62 | best: 1670.82 | KL: 3.707e-03 | std: 0.4507 | rollout: 7.996s | update: 1.492s | total: 9.489s | samples/s: 6745
Iteration 1076 | train reward: 1654.59 | best: 1670.82 | KL: 4.250e-03 | std: 0.4507 | rollout: 7.843s | update: 1.446s | total: 9.289s | samples/s: 6890
Iteration 1077 | train reward: 1659.39 | best: 1670.82 | KL: 3.587e-03 | std: 0.4506 | rollout: 7.743s | update: 1.384s | total: 9.127s | samples/s: 7013
Iteration 1078 | train reward: 1656.43 | best: 1670.82 | KL: 3.515e-03 | std: 0.4503 | rollout: 8.460s | update: 1.424s | total: 9.884s | samples/s: 6475
Iteration 1079 | train reward: 1649.98 | best: 1670.82 | KL: 4.119e-03 | std: 0.4505 | rollout: 7.892s | update: 1.388s | total: 9.280s | samples/s: 6896
Iteration 1080 | train reward: 1682.10 | best: 1682.10 | KL: 4.147e-03 | std: 0.4505 | rollout: 8.530s | update: 1.475s | total: 10.005s | samples/s: 6397
Iteration 1081 | train reward: 1654.08 | best: 1682.10 | KL: 5.222e-03 | std: 0.4515 | rollout: 7.851s | update: 1.375s | total: 9.226s | samples/s: 6937
Iteration 1082 | train reward: 1664.39 | best: 1682.10 | KL: 3.417e-03 | std: 0.4507 | rollout: 8.647s | update: 1.322s | total: 9.968s | samples/s: 6420
Iteration 1083 | train reward: 1668.47 | best: 1682.10 | KL: 3.783e-03 | std: 0.4505 | rollout: 8.642s | update: 1.409s | total: 10.051s | samples/s: 6368
Iteration 1084 | train reward: 1667.66 | best: 1682.10 | KL: 3.684e-03 | std: 0.4505 | rollout: 8.033s | update: 1.338s | total: 9.371s | samples/s: 6830
Iteration 1085 | train reward: 1647.42 | best: 1682.10 | KL: 4.356e-03 | std: 0.4488 | rollout: 7.383s | update: 1.373s | total: 8.756s | samples/s: 7309
Iteration 1086 | train reward: 1671.34 | best: 1682.10 | KL: 4.283e-03 | std: 0.4479 | rollout: 8.377s | update: 1.525s | total: 9.902s | samples/s: 6463
Iteration 1087 | train reward: 1661.54 | best: 1682.10 | KL: 5.233e-03 | std: 0.4477 | rollout: 8.509s | update: 1.451s | total: 9.960s | samples/s: 6425
Iteration 1088 | train reward: 1664.62 | best: 1682.10 | KL: 4.098e-03 | std: 0.4463 | rollout: 8.479s | update: 1.386s | total: 9.865s | samples/s: 6488
Iteration 1089 | train reward: 1682.40 | best: 1682.40 | KL: 4.109e-03 | std: 0.4470 | rollout: 8.542s | update: 1.511s | total: 10.053s | samples/s: 6366
Iteration 1090 | train reward: 1673.69 | best: 1682.40 | KL: 4.811e-03 | std: 0.4470 | rollout: 7.986s | update: 1.576s | total: 9.563s | samples/s: 6693
Iteration 1091 | train reward: 1644.80 | best: 1682.40 | KL: 6.114e-03 | std: 0.4455 | rollout: 7.970s | update: 1.494s | total: 9.464s | samples/s: 6763
Iteration 1092 | train reward: 1679.28 | best: 1682.40 | KL: 4.242e-03 | std: 0.4463 | rollout: 7.980s | update: 1.371s | total: 9.351s | samples/s: 6844
Iteration 1093 | train reward: 1675.28 | best: 1682.40 | KL: 3.819e-03 | std: 0.4462 | rollout: 8.188s | update: 1.549s | total: 9.737s | samples/s: 6573
Iteration 1094 | train reward: 1675.76 | best: 1682.40 | KL: 4.372e-03 | std: 0.4453 | rollout: 7.422s | update: 1.487s | total: 8.909s | samples/s: 7184
Iteration 1095 | train reward: 1668.75 | best: 1682.40 | KL: 4.566e-03 | std: 0.4456 | rollout: 7.386s | update: 1.460s | total: 8.847s | samples/s: 7234
Iteration 1096 | train reward: 1659.06 | best: 1682.40 | KL: 5.112e-03 | std: 0.4453 | rollout: 7.548s | update: 1.472s | total: 9.020s | samples/s: 7095
Iteration 1097 | train reward: 1690.73 | best: 1690.73 | KL: 3.940e-03 | std: 0.4453 | rollout: 7.766s | update: 1.524s | total: 9.290s | samples/s: 6889
Iteration 1098 | train reward: 1686.56 | best: 1690.73 | KL: 4.717e-03 | std: 0.4444 | rollout: 8.494s | update: 1.485s | total: 9.979s | samples/s: 6413
Iteration 1099 | train reward: 1698.99 | best: 1698.99 | KL: 3.521e-03 | std: 0.4429 | rollout: 8.793s | update: 1.366s | total: 10.159s | samples/s: 6300
Iteration 1100 | train reward: 1686.62 | best: 1698.99 | KL: 4.498e-03 | std: 0.4427 | rollout: 7.999s | update: 1.414s | total: 9.413s | samples/s: 6799
Iteration 1101 | train reward: 1692.03 | best: 1698.99 | KL: 4.003e-03 | std: 0.4427 | rollout: 7.169s | update: 1.415s | total: 8.584s | samples/s: 7456
Iteration 1102 | train reward: 1706.00 | best: 1706.00 | KL: 4.240e-03 | std: 0.4425 | rollout: 7.304s | update: 1.437s | total: 8.741s | samples/s: 7322
Iteration 1103 | train reward: 1688.88 | best: 1706.00 | KL: 4.949e-03 | std: 0.4426 | rollout: 7.908s | update: 1.399s | total: 9.307s | samples/s: 6877
Iteration 1104 | train reward: 1688.13 | best: 1706.00 | KL: 4.436e-03 | std: 0.4427 | rollout: 8.072s | update: 1.491s | total: 9.563s | samples/s: 6693
Iteration 1105 | train reward: 1709.68 | best: 1709.68 | KL: 3.965e-03 | std: 0.4425 | rollout: 8.491s | update: 1.434s | total: 9.925s | samples/s: 6448
Iteration 1106 | train reward: 1695.23 | best: 1709.68 | KL: 4.912e-03 | std: 0.4419 | rollout: 8.445s | update: 1.450s | total: 9.895s | samples/s: 6468
Iteration 1107 | train reward: 1685.79 | best: 1709.68 | KL: 5.091e-03 | std: 0.4409 | rollout: 8.325s | update: 1.460s | total: 9.785s | samples/s: 6541
Iteration 1108 | train reward: 1713.43 | best: 1713.43 | KL: 3.721e-03 | std: 0.4410 | rollout: 8.375s | update: 1.484s | total: 9.858s | samples/s: 6492
Iteration 1109 | train reward: 1705.06 | best: 1713.43 | KL: 4.591e-03 | std: 0.4417 | rollout: 7.752s | update: 1.413s | total: 9.165s | samples/s: 6983
Iteration 1110 | train reward: 1699.66 | best: 1713.43 | KL: 4.329e-03 | std: 0.4417 | rollout: 7.725s | update: 1.332s | total: 9.058s | samples/s: 7066
Iteration 1111 | train reward: 1684.98 | best: 1713.43 | KL: 3.937e-03 | std: 0.4420 | rollout: 8.509s | update: 1.376s | total: 9.885s | samples/s: 6475
Iteration 1112 | train reward: 1708.17 | best: 1713.43 | KL: 4.399e-03 | std: 0.4427 | rollout: 7.825s | update: 1.343s | total: 9.168s | samples/s: 6981
Iteration 1113 | train reward: 1705.32 | best: 1713.43 | KL: 4.249e-03 | std: 0.4420 | rollout: 8.402s | update: 1.461s | total: 9.864s | samples/s: 6488
Iteration 1114 | train reward: 1709.87 | best: 1713.43 | KL: 4.262e-03 | std: 0.4419 | rollout: 8.505s | update: 1.433s | total: 9.938s | samples/s: 6440
Iteration 1115 | train reward: 1711.31 | best: 1713.43 | KL: 3.979e-03 | std: 0.4409 | rollout: 8.284s | update: 1.498s | total: 9.782s | samples/s: 6543
Iteration 1116 | train reward: 1722.32 | best: 1722.32 | KL: 4.604e-03 | std: 0.4409 | rollout: 7.470s | update: 1.426s | total: 8.896s | samples/s: 7194
Iteration 1117 | train reward: 1717.74 | best: 1722.32 | KL: 4.423e-03 | std: 0.4409 | rollout: 7.574s | update: 1.361s | total: 8.934s | samples/s: 7163
Iteration 1118 | train reward: 1708.42 | best: 1722.32 | KL: 4.544e-03 | std: 0.4403 | rollout: 8.590s | update: 1.469s | total: 10.060s | samples/s: 6362
Iteration 1119 | train reward: 1713.84 | best: 1722.32 | KL: 3.884e-03 | std: 0.4404 | rollout: 8.803s | update: 1.546s | total: 10.349s | samples/s: 6184
Iteration 1120 | train reward: 1714.25 | best: 1722.32 | KL: 3.670e-03 | std: 0.4409 | rollout: 8.313s | update: 1.323s | total: 9.636s | samples/s: 6642
Iteration 1121 | train reward: 1722.00 | best: 1722.32 | KL: 3.970e-03 | std: 0.4411 | rollout: 7.746s | update: 1.429s | total: 9.176s | samples/s: 6975
Iteration 1122 | train reward: 1696.19 | best: 1722.32 | KL: 5.187e-03 | std: 0.4419 | rollout: 8.782s | update: 1.459s | total: 10.241s | samples/s: 6249
Iteration 1123 | train reward: 1718.32 | best: 1722.32 | KL: 4.050e-03 | std: 0.4411 | rollout: 7.867s | update: 1.495s | total: 9.362s | samples/s: 6836
Iteration 1124 | train reward: 1718.26 | best: 1722.32 | KL: 5.078e-03 | std: 0.4411 | rollout: 7.408s | update: 1.509s | total: 8.917s | samples/s: 7177
Iteration 1125 | train reward: 1726.79 | best: 1726.79 | KL: 4.036e-03 | std: 0.4403 | rollout: 8.296s | update: 1.473s | total: 9.769s | samples/s: 6552
Iteration 1126 | train reward: 1710.72 | best: 1726.79 | KL: 3.843e-03 | std: 0.4402 | rollout: 8.803s | update: 1.482s | total: 10.285s | samples/s: 6223
Iteration 1127 | train reward: 1722.60 | best: 1726.79 | KL: 4.336e-03 | std: 0.4399 | rollout: 7.423s | update: 1.438s | total: 8.860s | samples/s: 7223
Iteration 1128 | train reward: 1721.88 | best: 1726.79 | KL: 4.019e-03 | std: 0.4401 | rollout: 8.435s | update: 1.510s | total: 9.945s | samples/s: 6435
Iteration 1129 | train reward: 1727.34 | best: 1727.34 | KL: 4.281e-03 | std: 0.4399 | rollout: 8.280s | update: 1.491s | total: 9.771s | samples/s: 6550
Iteration 1130 | train reward: 1730.65 | best: 1730.65 | KL: 4.217e-03 | std: 0.4399 | rollout: 8.200s | update: 1.500s | total: 9.699s | samples/s: 6598
Iteration 1131 | train reward: 1729.07 | best: 1730.65 | KL: 3.877e-03 | std: 0.4401 | rollout: 7.943s | update: 1.575s | total: 9.518s | samples/s: 6724
Iteration 1132 | train reward: 1734.64 | best: 1734.64 | KL: 4.111e-03 | std: 0.4401 | rollout: 7.424s | update: 1.380s | total: 8.804s | samples/s: 7269
Iteration 1133 | train reward: 1721.47 | best: 1734.64 | KL: 4.320e-03 | std: 0.4401 | rollout: 8.766s | update: 1.462s | total: 10.228s | samples/s: 6257
Iteration 1134 | train reward: 1704.74 | best: 1734.64 | KL: 5.738e-03 | std: 0.4401 | rollout: 7.833s | update: 1.572s | total: 9.405s | samples/s: 6805
Iteration 1135 | train reward: 1721.38 | best: 1734.64 | KL: 4.477e-03 | std: 0.4400 | rollout: 7.629s | update: 1.424s | total: 9.053s | samples/s: 7069
Iteration 1136 | train reward: 1716.03 | best: 1734.64 | KL: 4.769e-03 | std: 0.4401 | rollout: 8.755s | update: 1.431s | total: 10.186s | samples/s: 6283
Iteration 1137 | train reward: 1689.51 | best: 1734.64 | KL: 5.282e-03 | std: 0.4399 | rollout: 7.241s | update: 1.461s | total: 8.702s | samples/s: 7355
Iteration 1138 | train reward: 1721.42 | best: 1734.64 | KL: 4.676e-03 | std: 0.4392 | rollout: 8.331s | update: 1.493s | total: 9.824s | samples/s: 6515
Iteration 1139 | train reward: 1711.82 | best: 1734.64 | KL: 4.510e-03 | std: 0.4392 | rollout: 8.387s | update: 1.575s | total: 9.962s | samples/s: 6424
Iteration 1140 | train reward: 1692.49 | best: 1734.64 | KL: 5.954e-03 | std: 0.4385 | rollout: 8.504s | update: 1.306s | total: 9.810s | samples/s: 6524
Iteration 1141 | train reward: 1709.95 | best: 1734.64 | KL: 4.809e-03 | std: 0.4375 | rollout: 7.580s | update: 1.422s | total: 9.002s | samples/s: 7109
Iteration 1142 | train reward: 1718.35 | best: 1734.64 | KL: 5.162e-03 | std: 0.4367 | rollout: 7.274s | update: 1.407s | total: 8.681s | samples/s: 7372
Iteration 1143 | train reward: 1722.48 | best: 1734.64 | KL: 4.673e-03 | std: 0.4357 | rollout: 7.523s | update: 1.493s | total: 9.016s | samples/s: 7099
Iteration 1144 | train reward: 1719.35 | best: 1734.64 | KL: 4.669e-03 | std: 0.4357 | rollout: 8.555s | update: 1.508s | total: 10.063s | samples/s: 6360
Iteration 1145 | train reward: 1714.44 | best: 1734.64 | KL: 5.036e-03 | std: 0.4357 | rollout: 8.012s | update: 1.479s | total: 9.491s | samples/s: 6743
Iteration 1146 | train reward: 1730.79 | best: 1734.64 | KL: 4.768e-03 | std: 0.4349 | rollout: 7.250s | update: 1.431s | total: 8.681s | samples/s: 7373
Iteration 1147 | train reward: 1691.89 | best: 1734.64 | KL: 5.675e-03 | std: 0.4351 | rollout: 8.021s | update: 1.469s | total: 9.489s | samples/s: 6744
Iteration 1148 | train reward: 1726.04 | best: 1734.64 | KL: 4.945e-03 | std: 0.4349 | rollout: 7.323s | update: 1.521s | total: 8.844s | samples/s: 7236
Iteration 1149 | train reward: 1725.33 | best: 1734.64 | KL: 5.533e-03 | std: 0.4346 | rollout: 7.669s | update: 1.435s | total: 9.104s | samples/s: 7030
Iteration 1150 | train reward: 1725.16 | best: 1734.64 | KL: 4.303e-03 | std: 0.4349 | rollout: 9.458s | update: 1.494s | total: 10.952s | samples/s: 5844
Iteration 1151 | train reward: 1727.92 | best: 1734.64 | KL: 4.603e-03 | std: 0.4349 | rollout: 7.918s | update: 1.369s | total: 9.288s | samples/s: 6891
Iteration 1152 | train reward: 1743.82 | best: 1743.82 | KL: 4.420e-03 | std: 0.4347 | rollout: 9.569s | update: 1.455s | total: 11.025s | samples/s: 5805
Iteration 1153 | train reward: 1725.27 | best: 1743.82 | KL: 6.273e-03 | std: 0.4339 | rollout: 7.626s | update: 1.446s | total: 9.072s | samples/s: 7055
Iteration 1154 | train reward: 1730.28 | best: 1743.82 | KL: 5.265e-03 | std: 0.4333 | rollout: 7.562s | update: 1.434s | total: 8.996s | samples/s: 7114
Iteration 1155 | train reward: 1733.84 | best: 1743.82 | KL: 5.234e-03 | std: 0.4325 | rollout: 8.007s | update: 1.498s | total: 9.505s | samples/s: 6734
Iteration 1156 | train reward: 1740.04 | best: 1743.82 | KL: 4.596e-03 | std: 0.4324 | rollout: 7.756s | update: 1.410s | total: 9.166s | samples/s: 6983
Iteration 1157 | train reward: 1734.82 | best: 1743.82 | KL: 4.915e-03 | std: 0.4323 | rollout: 7.683s | update: 1.392s | total: 9.074s | samples/s: 7053
Iteration 1158 | train reward: 1738.47 | best: 1743.82 | KL: 5.200e-03 | std: 0.4321 | rollout: 8.232s | update: 1.455s | total: 9.687s | samples/s: 6607
Iteration 1159 | train reward: 1709.62 | best: 1743.82 | KL: 5.346e-03 | std: 0.4321 | rollout: 8.930s | update: 1.337s | total: 10.267s | samples/s: 6233
Iteration 1160 | train reward: 1747.53 | best: 1747.53 | KL: 4.636e-03 | std: 0.4315 | rollout: 8.335s | update: 1.464s | total: 9.799s | samples/s: 6531
Iteration 1161 | train reward: 1756.22 | best: 1756.22 | KL: 3.987e-03 | std: 0.4305 | rollout: 8.468s | update: 1.348s | total: 9.816s | samples/s: 6520
Iteration 1162 | train reward: 1733.75 | best: 1756.22 | KL: 4.724e-03 | std: 0.4305 | rollout: 8.103s | update: 1.367s | total: 9.470s | samples/s: 6758
Iteration 1163 | train reward: 1737.85 | best: 1756.22 | KL: 5.046e-03 | std: 0.4307 | rollout: 8.577s | update: 1.369s | total: 9.946s | samples/s: 6435
Iteration 1164 | train reward: 1732.85 | best: 1756.22 | KL: 5.034e-03 | std: 0.4299 | rollout: 6.586s | update: 1.446s | total: 8.032s | samples/s: 7968
Iteration 1165 | train reward: 1730.35 | best: 1756.22 | KL: 5.236e-03 | std: 0.4298 | rollout: 8.126s | update: 1.426s | total: 9.552s | samples/s: 6700
Iteration 1166 | train reward: 1724.99 | best: 1756.22 | KL: 6.059e-03 | std: 0.4295 | rollout: 7.555s | update: 1.553s | total: 9.108s | samples/s: 7027
Iteration 1167 | train reward: 1728.87 | best: 1756.22 | KL: 4.213e-03 | std: 0.4295 | rollout: 8.612s | update: 1.450s | total: 10.062s | samples/s: 6361
Iteration 1168 | train reward: 1745.80 | best: 1756.22 | KL: 4.568e-03 | std: 0.4289 | rollout: 7.598s | update: 1.358s | total: 8.956s | samples/s: 7146
Iteration 1169 | train reward: 1751.58 | best: 1756.22 | KL: 4.479e-03 | std: 0.4279 | rollout: 8.769s | update: 1.443s | total: 10.212s | samples/s: 6267
Iteration 1170 | train reward: 1752.94 | best: 1756.22 | KL: 4.488e-03 | std: 0.4271 | rollout: 7.499s | update: 1.509s | total: 9.009s | samples/s: 7104
Iteration 1171 | train reward: 1754.13 | best: 1756.22 | KL: 4.413e-03 | std: 0.4271 | rollout: 8.056s | update: 1.372s | total: 9.427s | samples/s: 6789
Iteration 1172 | train reward: 1744.99 | best: 1756.22 | KL: 4.682e-03 | std: 0.4269 | rollout: 7.204s | update: 1.550s | total: 8.754s | samples/s: 7311
Iteration 1173 | train reward: 1753.03 | best: 1756.22 | KL: 4.485e-03 | std: 0.4268 | rollout: 8.312s | update: 1.319s | total: 9.631s | samples/s: 6645
Iteration 1174 | train reward: 1741.41 | best: 1756.22 | KL: 5.776e-03 | std: 0.4271 | rollout: 8.336s | update: 1.453s | total: 9.790s | samples/s: 6538
Iteration 1175 | train reward: 1752.46 | best: 1756.22 | KL: 4.367e-03 | std: 0.4263 | rollout: 8.999s | update: 1.458s | total: 10.458s | samples/s: 6120
Iteration 1176 | train reward: 1747.18 | best: 1756.22 | KL: 5.017e-03 | std: 0.4263 | rollout: 8.056s | update: 1.460s | total: 9.516s | samples/s: 6725
Iteration 1177 | train reward: 1741.95 | best: 1756.22 | KL: 5.067e-03 | std: 0.4262 | rollout: 8.314s | update: 1.386s | total: 9.700s | samples/s: 6598
Iteration 1178 | train reward: 1740.56 | best: 1756.22 | KL: 5.666e-03 | std: 0.4253 | rollout: 7.881s | update: 1.342s | total: 9.223s | samples/s: 6939
Iteration 1179 | train reward: 1746.38 | best: 1756.22 | KL: 6.007e-03 | std: 0.4247 | rollout: 8.056s | update: 1.362s | total: 9.418s | samples/s: 6796
Iteration 1180 | train reward: 1749.97 | best: 1756.22 | KL: 5.276e-03 | std: 0.4245 | rollout: 7.984s | update: 1.388s | total: 9.372s | samples/s: 6829
Iteration 1181 | train reward: 1757.13 | best: 1757.13 | KL: 4.028e-03 | std: 0.4236 | rollout: 8.545s | update: 1.328s | total: 9.874s | samples/s: 6482
Iteration 1182 | train reward: 1753.76 | best: 1757.13 | KL: 5.268e-03 | std: 0.4236 | rollout: 8.281s | update: 1.341s | total: 9.621s | samples/s: 6652
Iteration 1183 | train reward: 1756.48 | best: 1757.13 | KL: 4.484e-03 | std: 0.4235 | rollout: 8.155s | update: 1.387s | total: 9.541s | samples/s: 6708
Iteration 1184 | train reward: 1757.63 | best: 1757.63 | KL: 4.116e-03 | std: 0.4229 | rollout: 7.792s | update: 1.417s | total: 9.209s | samples/s: 6950
Iteration 1185 | train reward: 1742.12 | best: 1757.63 | KL: 4.759e-03 | std: 0.4245 | rollout: 8.257s | update: 1.459s | total: 9.716s | samples/s: 6587
Iteration 1186 | train reward: 1761.38 | best: 1761.38 | KL: 3.989e-03 | std: 0.4247 | rollout: 8.969s | update: 1.354s | total: 10.323s | samples/s: 6200
Iteration 1187 | train reward: 1760.97 | best: 1761.38 | KL: 4.812e-03 | std: 0.4247 | rollout: 7.899s | update: 1.338s | total: 9.238s | samples/s: 6928
Iteration 1188 | train reward: 1783.61 | best: 1783.61 | KL: 3.898e-03 | std: 0.4244 | rollout: 8.995s | update: 1.383s | total: 10.378s | samples/s: 6167
Iteration 1189 | train reward: 1778.93 | best: 1783.61 | KL: 4.533e-03 | std: 0.4235 | rollout: 8.786s | update: 1.402s | total: 10.188s | samples/s: 6282
Iteration 1190 | train reward: 1774.39 | best: 1783.61 | KL: 4.934e-03 | std: 0.4227 | rollout: 8.081s | update: 1.430s | total: 9.511s | samples/s: 6729
Iteration 1191 | train reward: 1761.21 | best: 1783.61 | KL: 4.515e-03 | std: 0.4219 | rollout: 7.006s | update: 1.420s | total: 8.427s | samples/s: 7595
Iteration 1192 | train reward: 1767.42 | best: 1783.61 | KL: 6.160e-03 | std: 0.4210 | rollout: 7.466s | update: 1.389s | total: 8.855s | samples/s: 7228
Iteration 1193 | train reward: 1756.89 | best: 1783.61 | KL: 5.574e-03 | std: 0.4203 | rollout: 7.968s | update: 1.342s | total: 9.309s | samples/s: 6875
Iteration 1194 | train reward: 1780.48 | best: 1783.61 | KL: 5.195e-03 | std: 0.4201 | rollout: 7.408s | update: 1.407s | total: 8.815s | samples/s: 7261
Iteration 1195 | train reward: 1778.78 | best: 1783.61 | KL: 4.756e-03 | std: 0.4203 | rollout: 7.736s | update: 1.374s | total: 9.110s | samples/s: 7025
Iteration 1196 | train reward: 1792.93 | best: 1792.93 | KL: 4.195e-03 | std: 0.4218 | rollout: 7.323s | update: 1.372s | total: 8.695s | samples/s: 7360
Iteration 1197 | train reward: 1785.50 | best: 1792.93 | KL: 4.439e-03 | std: 0.4218 | rollout: 6.479s | update: 1.293s | total: 7.772s | samples/s: 8234
Iteration 1198 | train reward: 1770.42 | best: 1792.93 | KL: 4.349e-03 | std: 0.4211 | rollout: 7.181s | update: 1.331s | total: 8.512s | samples/s: 7519
Iteration 1199 | train reward: 1784.98 | best: 1792.93 | KL: 4.552e-03 | std: 0.4209 | rollout: 6.599s | update: 1.299s | total: 7.898s | samples/s: 8103
training time 11551.19s
