iteration,train_reward,best_reward,kl,grad_norm,nat_grad_norm,entropy,mean_std,return_mean,return_std,episode_len,rollout_time,update_time,total_time
0,-173.847,-173.847,6.400079e-05,8.988122e+02,1.602604e+04,5.513367,0.606727,-44.4418,27.1789,500.0,8.3077,1.8105,10.1182
1,-174.1469,-173.847,4.546528e-05,7.012781e+02,1.396983e+04,5.51387,0.606734,-44.346,26.5723,500.0,8.4934,1.5203,10.0137
2,-169.6883,-169.6883,5.056410e-05,7.299307e+02,1.438006e+04,5.513371,0.606727,-43.2435,25.2462,500.0,9.0569,1.451,10.5079
3,-169.7153,-169.6883,5.751294e-05,1.014322e+03,1.571039e+04,5.513385,0.606727,-42.8843,26.9405,500.0,7.8228,1.4344,9.2572
4,-165.6831,-165.6831,4.631092e-05,6.864943e+02,1.450381e+04,5.514415,0.606759,-41.7181,25.3159,500.0,8.4811,1.4975,9.9785
5,-160.3777,-160.3777,5.140700e-05,7.543699e+02,1.437696e+04,5.513738,0.606734,-40.1938,25.6019,500.0,9.0163,1.3347,10.3509
6,-166.3037,-160.3777,6.324868e-05,8.989031e+02,1.655410e+04,5.513791,0.606734,-41.3148,27.9672,500.0,7.7216,1.5674,9.2889
7,-165.394,-160.3777,4.922050e-05,6.789801e+02,1.494089e+04,5.512454,0.606633,-41.8075,25.5485,500.0,7.5726,1.3919,8.9645
8,-169.1303,-160.3777,5.176315e-05,8.450801e+02,1.436405e+04,5.511292,0.606622,-43.2081,25.7523,500.0,7.9443,1.4918,9.4361
9,-158.7316,-158.7316,5.053981e-05,7.848347e+02,1.520207e+04,5.512485,0.606633,-40.0749,25.9108,500.0,8.4201,1.3544,9.7745
10,-166.0429,-158.7316,5.532870e-05,8.557188e+02,1.486336e+04,5.512954,0.606725,-42.632,25.4302,500.0,8.627,1.4817,10.1088
11,-163.4942,-158.7316,5.655701e-05,9.345168e+02,1.536141e+04,5.512554,0.606633,-41.0183,27.0066,500.0,7.7222,1.4732,9.1954
12,-157.9649,-157.9649,5.186172e-05,7.483148e+02,1.416618e+04,5.51133,0.606622,-39.8991,25.6766,500.0,7.4059,1.5212,8.927
13,-164.5722,-157.9649,5.144708e-05,7.645784e+02,1.439184e+04,5.50988,0.606588,-41.1941,25.5047,500.0,8.6349,1.4331,10.068
14,-156.5877,-156.5877,5.180243e-05,8.404763e+02,1.432164e+04,5.508363,0.606211,-39.6118,25.1802,500.0,7.9261,1.4239,9.3501
15,-160.8744,-156.5877,4.876445e-05,8.334394e+02,1.385940e+04,5.508064,0.606209,-40.6639,25.4091,500.0,6.4644,1.4898,7.9542
16,-158.5959,-156.5877,5.473547e-05,8.181912e+02,1.514014e+04,5.508133,0.606209,-40.3186,25.4768,500.0,7.6829,1.4249,9.1078
17,-156.0011,-156.0011,5.796950e-05,9.339160e+02,1.514269e+04,5.507825,0.606186,-39.3164,26.2952,500.0,8.2279,1.4721,9.7
18,-151.4336,-151.4336,4.638987e-05,7.873613e+02,1.379662e+04,5.508035,0.606209,-38.1968,24.1646,500.0,8.5951,1.3938,9.9889
19,-154.6391,-151.4336,5.570532e-05,7.513212e+02,1.470613e+04,5.507747,0.606186,-40.2316,26.0557,500.0,7.6065,1.4574,9.0639
20,-152.5404,-151.4336,5.295888e-05,9.119463e+02,1.457394e+04,5.507688,0.606185,-38.2034,25.7161,500.0,8.7589,1.509,10.2678
21,-150.8106,-150.8106,5.356569e-05,7.024484e+02,1.519572e+04,5.50664,0.606175,-37.6339,25.3558,500.0,8.4872,1.4115,9.8987
22,-149.9624,-149.9624,4.983676e-05,7.634929e+02,1.401461e+04,5.505412,0.606074,-38.0403,26.0129,500.0,8.8985,1.3823,10.2808
23,-149.8173,-149.8173,4.326723e-05,7.987961e+02,1.445589e+04,5.504012,0.606046,-38.201,23.9317,500.0,8.7497,1.499,10.2487
24,-153.2012,-149.8173,5.293137e-05,8.109177e+02,1.465999e+04,5.50338,0.606037,-37.9645,25.8174,500.0,7.6505,1.345,8.9955
25,-149.3698,-149.3698,5.949191e-05,9.190519e+02,1.488639e+04,5.501628,0.604889,-38.6474,25.2654,500.0,7.9731,1.4609,9.434
26,-144.4349,-144.4349,4.661234e-05,6.508548e+02,1.406791e+04,5.501389,0.604866,-35.6716,24.5439,500.0,8.4289,1.5007,9.9296
27,-144.9167,-144.4349,5.834275e-05,9.067222e+02,1.427946e+04,5.502632,0.604899,-36.3884,25.0812,500.0,7.8618,1.4638,9.3256
28,-146.9558,-144.4349,4.784306e-05,7.872518e+02,1.366011e+04,5.50246,0.604898,-37.3829,24.5234,500.0,9.1668,1.4381,10.6049
29,-138.5934,-138.5934,4.554489e-05,8.098237e+02,1.334966e+04,5.501824,0.60489,-35.8333,24.2293,500.0,8.7302,1.4185,10.1487
30,-149.4032,-138.5934,4.570607e-05,7.216194e+02,1.315753e+04,5.501285,0.604866,-38.3747,24.313,500.0,8.8155,1.4861,10.3016
31,-134.1156,-134.1156,4.791453e-05,7.747435e+02,1.356718e+04,5.500473,0.604858,-33.9774,23.6345,500.0,8.5562,1.3547,9.9109
32,-136.9211,-134.1156,5.193492e-05,7.820421e+02,1.363837e+04,5.499687,0.604763,-34.9459,24.606,500.0,6.4622,1.3912,7.8534
33,-146.6774,-134.1156,4.945146e-05,9.622282e+02,1.332681e+04,5.497934,0.604728,-37.0925,23.7643,500.0,8.4943,1.398,9.8923
34,-134.5545,-134.1156,4.511750e-05,7.927905e+02,1.431293e+04,5.495778,0.604342,-34.2234,23.3824,500.0,8.4431,1.3586,9.8017
35,-146.7134,-134.1156,5.447819e-05,7.185132e+02,1.456626e+04,5.4943,0.604313,-37.5128,24.8701,500.0,8.3304,1.563,9.8934
36,-134.2614,-134.1156,4.743180e-05,7.659817e+02,1.326659e+04,5.495311,0.604339,-34.3227,23.3283,500.0,8.5815,1.5191,10.1005
37,-128.7506,-128.7506,3.758604e-05,6.704996e+02,1.228912e+04,5.495719,0.604342,-32.8427,22.057,500.0,7.8579,1.4086,9.2665
38,-136.9948,-128.7506,5.086759e-05,8.005930e+02,1.356718e+04,5.494408,0.604314,-35.0781,24.0294,500.0,8.417,1.3524,9.7694
39,-137.346,-128.7506,4.962553e-05,9.089211e+02,1.362975e+04,5.494036,0.604307,-34.9407,23.8101,500.0,8.5643,1.4276,9.9919
40,-132.4794,-128.7506,4.688206e-05,6.895747e+02,1.401007e+04,5.493462,0.604305,-33.9007,23.8904,500.0,7.2192,1.3662,8.5854
41,-129.3661,-128.7506,4.250159e-05,7.272401e+02,1.332959e+04,5.492739,0.60421,-33.1233,23.2169,500.0,7.3674,1.4851,8.8525
42,-130.051,-128.7506,4.360067e-05,8.098790e+02,1.375001e+04,5.491636,0.604178,-32.2345,23.622,500.0,7.8288,1.399,9.2278
43,-132.137,-128.7506,4.607365e-05,7.857176e+02,1.345562e+04,5.491687,0.604178,-33.8626,22.6671,500.0,7.6458,1.3708,9.0166
44,-120.2278,-120.2278,3.489248e-05,6.342245e+02,1.208908e+04,5.490919,0.60417,-30.6555,22.3055,500.0,7.5449,1.4206,8.9656
45,-122.7391,-120.2278,4.143398e-05,7.999174e+02,1.192764e+04,5.490946,0.604175,-31.3158,21.9037,500.0,8.6727,1.4388,10.1115
46,-129.8891,-120.2278,4.972599e-05,9.111105e+02,1.357262e+04,5.49115,0.604176,-32.9379,23.3687,500.0,7.6892,1.4949,9.1841
47,-123.5542,-120.2278,4.183214e-05,7.068560e+02,1.289743e+04,5.49073,0.604169,-31.1447,23.3929,500.0,7.5901,1.3895,8.9796
48,-108.7788,-108.7788,4.402073e-05,7.469714e+02,1.214945e+04,5.489571,0.604164,-27.9432,22.0541,500.0,7.4881,1.3848,8.8729
49,-117.8551,-108.7788,4.408923e-05,7.319359e+02,1.330828e+04,5.489123,0.604158,-29.7318,23.2945,500.0,8.31,1.4568,9.7668
50,-125.9576,-108.7788,4.275987e-05,7.351860e+02,1.281814e+04,5.489223,0.604158,-31.6094,22.4167,500.0,8.2968,1.4376,9.7344
51,-115.0091,-108.7788,4.324937e-05,7.520457e+02,1.276737e+04,5.48808,0.60413,-29.7349,21.8468,500.0,8.163,1.5295,9.6925
52,-111.9012,-108.7788,4.547497e-05,7.502423e+02,1.247807e+04,5.489411,0.604164,-28.3794,21.4174,500.0,7.9336,1.4829,9.4166
53,-112.6303,-108.7788,3.963238e-05,7.092654e+02,1.158746e+04,5.488938,0.604157,-27.8745,21.503,500.0,9.0532,1.425,10.4783
54,-108.9395,-108.7788,4.300569e-05,8.957442e+02,1.262140e+04,5.488754,0.604156,-27.4581,22.5469,500.0,7.4487,1.3968,8.8455
55,-117.5613,-108.7788,4.074402e-05,8.284179e+02,1.272249e+04,5.488769,0.604156,-29.3794,21.9643,500.0,8.6113,1.4534,10.0647
56,-117.5117,-108.7788,4.085179e-05,7.100534e+02,1.310017e+04,5.489015,0.604157,-29.3342,22.8469,500.0,8.8669,1.401,10.2679
57,-113.1534,-108.7788,4.253750e-05,7.347125e+02,1.156286e+04,5.488416,0.604132,-28.4316,21.4792,500.0,7.8572,1.4129,9.27
58,-111.0716,-108.7788,4.101633e-05,7.858526e+02,1.234990e+04,5.487663,0.604124,-28.1099,21.6329,500.0,8.3964,1.4519,9.8483
59,-111.1751,-108.7788,3.929529e-05,8.324630e+02,1.279709e+04,5.48661,0.604028,-28.0385,22.6321,500.0,7.473,1.3864,8.8594
60,-105.4151,-105.4151,3.938347e-05,7.717426e+02,1.180942e+04,5.486732,0.604028,-25.724,21.3481,500.0,8.2068,1.4369,9.6437
61,-113.0237,-105.4151,4.669863e-05,7.673503e+02,1.310199e+04,5.486625,0.604028,-28.5725,23.1141,500.0,8.8975,1.4453,10.3428
62,-102.8648,-102.8648,4.400357e-05,7.860242e+02,1.332300e+04,5.486312,0.604026,-25.0979,22.3445,500.0,7.544,1.5045,9.0485
63,-105.7996,-102.8648,4.000980e-05,7.858200e+02,1.211959e+04,5.485092,0.603994,-26.6357,22.0772,500.0,7.6442,1.4952,9.1394
64,-104.3006,-102.8648,3.550132e-05,5.648727e+02,1.139835e+04,5.483902,0.603983,-26.5286,21.8386,500.0,8.2817,1.3286,9.6103
65,-100.5212,-100.5212,4.516469e-05,9.026329e+02,1.219542e+04,5.482765,0.603605,-25.4262,21.7078,500.0,7.4253,1.5552,8.9806
66,-100.8146,-100.5212,4.396524e-05,8.425814e+02,1.297822e+04,5.483536,0.603614,-25.614,22.284,500.0,7.9094,1.4202,9.3297
67,-98.7488,-98.7488,3.582012e-05,6.556284e+02,1.139584e+04,5.482519,0.603605,-24.3227,21.279,500.0,8.6538,1.4945,10.1483
68,-101.3614,-98.7488,3.773548e-05,8.217950e+02,1.149137e+04,5.481183,0.603576,-25.524,20.9011,500.0,9.538,1.3102,10.8482
69,-106.7429,-98.7488,4.170766e-05,8.069302e+02,1.268331e+04,5.479888,0.603473,-26.6039,21.421,500.0,7.8113,1.5345,9.3458
70,-96.0309,-96.0309,3.838658e-05,7.325336e+02,1.209181e+04,5.479714,0.603473,-23.4084,21.1831,500.0,7.9523,1.4864,9.4387
71,-100.6584,-96.0309,3.585317e-05,6.664749e+02,1.218774e+04,5.478828,0.603464,-25.7073,21.4369,500.0,6.7924,1.5075,8.2999
72,-87.5236,-87.5236,3.472939e-05,6.867332e+02,1.151931e+04,5.477957,0.603438,-21.6899,20.379,500.0,7.7848,1.437,9.2218
73,-87.966,-87.5236,3.453542e-05,6.594174e+02,1.189251e+04,5.47777,0.603432,-22.4088,20.5295,500.0,7.8669,1.5203,9.3872
74,-91.1789,-87.5236,3.953424e-05,8.540367e+02,1.257121e+04,5.477348,0.60343,-23.2183,22.2537,500.0,7.8503,1.4627,9.313
75,-100.0112,-87.5236,3.610472e-05,7.060015e+02,1.125363e+04,5.476631,0.602298,-25.461,20.0263,500.0,8.24,1.4385,9.6785
76,-97.9104,-87.5236,3.701502e-05,7.261857e+02,1.169254e+04,5.477043,0.6023,-24.533,20.0514,500.0,8.3774,1.3981,9.7755
77,-91.974,-87.5236,3.775063e-05,6.499577e+02,1.125689e+04,5.476018,0.602291,-23.3058,20.3897,500.0,8.662,1.4387,10.1007
78,-88.7269,-87.5236,3.837303e-05,7.435435e+02,1.090391e+04,5.475156,0.602265,-22.3398,21.2583,500.0,9.0219,1.3648,10.3867
79,-84.7322,-84.7322,3.861750e-05,7.719182e+02,1.099084e+04,5.474395,0.602256,-20.6398,20.0704,500.0,8.6097,1.4421,10.0518
80,-88.62,-84.7322,3.638183e-05,7.757119e+02,1.125943e+04,5.474019,0.602254,-23.2408,20.2378,500.0,8.6619,1.4271,10.0891
81,-83.8232,-83.8232,4.179638e-05,7.661071e+02,1.196401e+04,5.473226,0.602159,-22.2361,20.4045,500.0,9.1352,1.444,10.5792
82,-84.0559,-83.8232,3.269150e-05,5.574034e+02,1.110513e+04,5.4732,0.602159,-21.5615,20.116,500.0,7.9227,1.4483,9.371
83,-82.3723,-82.3723,3.859464e-05,7.501207e+02,1.227949e+04,5.47273,0.602152,-20.6122,20.3019,500.0,8.6684,1.3979,10.0663
84,-81.4661,-81.4661,3.075490e-05,7.708418e+02,1.099361e+04,5.471601,0.602125,-21.0504,20.035,500.0,8.5322,1.3998,9.932
85,-80.8459,-80.8459,3.631587e-05,8.914911e+02,1.181037e+04,5.471587,0.602125,-20.3179,20.7657,500.0,8.253,1.3441,9.5971
86,-87.6421,-80.8459,3.655652e-05,7.289962e+02,1.130791e+04,5.470985,0.602118,-22.3583,19.9913,500.0,8.9856,1.445,10.4306
87,-89.8171,-80.8459,4.073749e-05,8.119907e+02,1.172670e+04,5.469345,0.601738,-21.6731,21.4031,500.0,9.6205,1.4459,11.0664
88,-85.8191,-80.8459,3.402838e-05,7.772776e+02,1.081264e+04,5.467551,0.601701,-22.0968,20.3772,500.0,7.7178,1.527,9.2448
89,-76.7464,-76.7464,4.183190e-05,8.586469e+02,1.208572e+04,5.466296,0.6016,-19.198,21.1594,500.0,7.2649,1.4846,8.7495
90,-68.2784,-68.2784,3.907167e-05,7.420950e+02,1.150053e+04,5.466568,0.601606,-17.1124,20.3819,500.0,7.9371,1.3783,9.3153
91,-75.3041,-68.2784,3.240733e-05,6.661511e+02,1.101197e+04,5.463629,0.601562,-19.1503,19.4925,500.0,7.6117,1.4535,9.0653
92,-77.1971,-68.2784,3.509359e-05,7.301215e+02,1.115800e+04,5.463026,0.601554,-20.0444,20.2239,500.0,8.7784,1.5083,10.2868
93,-70.1002,-68.2784,3.399293e-05,7.778946e+02,1.017541e+04,5.462621,0.601551,-17.5289,18.7913,500.0,7.522,1.4029,8.9249
94,-71.9326,-68.2784,3.596698e-05,7.458542e+02,1.126442e+04,5.461754,0.601525,-18.5755,19.9382,500.0,8.0528,1.3941,9.4469
95,-77.4356,-68.2784,4.359688e-05,8.605378e+02,1.148799e+04,5.461129,0.601517,-20.2742,20.5549,500.0,7.1051,1.4851,8.5903
96,-72.5382,-68.2784,4.149620e-05,6.836846e+02,1.110876e+04,5.462448,0.601551,-18.2373,19.9198,500.0,8.1659,1.3808,9.5467
97,-73.8209,-68.2784,3.422258e-05,6.883465e+02,1.044029e+04,5.461343,0.601519,-18.8889,19.725,500.0,8.7623,1.489,10.2513
98,-66.043,-66.043,3.664253e-05,8.731411e+02,1.157240e+04,5.460472,0.601423,-16.8185,19.9841,500.0,8.4777,1.4626,9.9404
99,-67.0319,-66.043,3.833095e-05,6.981953e+02,1.157386e+04,5.459457,0.601413,-17.3314,19.6753,500.0,8.1943,1.4802,9.6745
100,-57.2179,-57.2179,3.486894e-05,8.508471e+02,1.078257e+04,5.458649,0.601387,-14.3848,20.1967,500.0,7.3783,1.4204,8.7987
101,-68.9542,-57.2179,3.586675e-05,8.907616e+02,1.089184e+04,5.457282,0.601007,-17.5195,19.8909,500.0,9.3083,1.3452,10.6536
102,-55.9674,-55.9674,3.558752e-05,8.865620e+02,1.124203e+04,5.456021,0.600996,-13.6413,19.7238,500.0,7.8943,1.3881,9.2824
103,-64.1135,-55.9674,4.099500e-05,8.086936e+02,1.140596e+04,5.455121,0.60097,-16.0931,20.693,500.0,8.5807,1.372,9.9526
104,-61.1553,-55.9674,3.620386e-05,6.504713e+02,1.107179e+04,5.454818,0.600964,-15.3955,19.6158,500.0,7.9011,1.3537,9.2549
105,-54.9424,-54.9424,3.418548e-05,8.618994e+02,1.069089e+04,5.453626,0.600866,-14.3432,19.4338,500.0,8.3948,1.5201,9.9149
106,-63.2969,-54.9424,3.905964e-05,8.410723e+02,1.110398e+04,5.452487,0.600834,-16.0815,20.0497,500.0,9.2346,1.3513,10.5859
107,-62.7492,-54.9424,3.906027e-05,7.786924e+02,1.140351e+04,5.449746,0.599689,-16.0169,19.3202,500.0,8.3022,1.4948,9.797
108,-57.1681,-54.9424,3.555184e-05,8.273830e+02,1.126417e+04,5.449837,0.59969,-14.3982,20.3394,500.0,8.0277,1.484,9.5117
109,-54.7884,-54.7884,3.846509e-05,7.691702e+02,1.093658e+04,5.44973,0.599689,-13.8865,20.1272,500.0,8.9169,1.4362,10.3532
110,-57.9237,-54.7884,3.607093e-05,7.388498e+02,1.168262e+04,5.450137,0.599696,-15.4434,20.0472,500.0,8.7234,1.4072,10.1306
111,-52.0287,-52.0287,3.486577e-05,9.272704e+02,1.077231e+04,5.449346,0.599687,-13.0911,19.015,500.0,8.2957,1.463,9.7587
112,-48.1637,-48.1637,3.154664e-05,7.330452e+02,1.077214e+04,5.448351,0.599655,-12.4389,18.9145,500.0,7.3245,1.3588,8.6833
113,-45.4385,-45.4385,4.380523e-05,8.172596e+02,1.185600e+04,5.445737,0.599525,-11.8062,20.5588,500.0,8.6711,1.3439,10.015
114,-49.1727,-45.4385,4.159968e-05,9.862090e+02,1.125746e+04,5.445849,0.599525,-12.5515,19.8174,500.0,8.2654,1.4989,9.7643
115,-50.805,-45.4385,3.317574e-05,8.349697e+02,9.970539e+03,5.444892,0.599516,-14.3067,18.7451,500.0,8.2698,1.5169,9.7867
116,-48.0228,-45.4385,3.779602e-05,7.075181e+02,1.131168e+04,5.444699,0.599516,-12.3141,19.5509,500.0,9.0948,1.4003,10.4951
117,-48.4945,-45.4385,3.628576e-05,6.883670e+02,1.106360e+04,5.443566,0.599141,-12.7801,18.6127,500.0,7.2815,1.3622,8.6437
118,-46.8019,-45.4385,3.886502e-05,7.880331e+02,1.092198e+04,5.443904,0.599143,-12.7624,19.5979,500.0,8.1296,1.4467,9.5763
119,-46.8546,-45.4385,4.405246e-05,8.979743e+02,1.196247e+04,5.441514,0.5991,-11.7868,20.7716,500.0,8.2354,1.5123,9.7477
120,-46.5335,-45.4385,3.522420e-05,8.386262e+02,1.023783e+04,5.440471,0.599002,-12.2827,18.7451,500.0,7.9391,1.4604,9.3996
121,-49.7905,-45.4385,3.956572e-05,7.753539e+02,1.106882e+04,5.439778,0.598995,-12.8656,19.6418,500.0,7.8136,1.5055,9.3192
122,-36.4416,-36.4416,4.199523e-05,8.565651e+02,1.147627e+04,5.439567,0.598994,-9.5401,20.7507,500.0,7.8992,1.4308,9.33
123,-35.2185,-35.2185,3.408677e-05,8.715219e+02,1.046535e+04,5.438504,0.598961,-9.3957,19.5079,500.0,8.2755,1.4113,9.6869
124,-39.0293,-35.2185,3.243390e-05,7.267438e+02,1.042762e+04,5.437045,0.598956,-9.804,19.053,500.0,9.0903,1.4959,10.5862
125,-41.7953,-35.2185,3.490844e-05,8.381453e+02,1.023493e+04,5.435809,0.598923,-10.6188,19.1787,500.0,9.0137,1.4297,10.4434
126,-42.2805,-35.2185,3.391396e-05,8.186646e+02,1.054248e+04,5.435656,0.598921,-10.6363,19.1988,500.0,7.2169,1.4637,8.6806
127,-34.6858,-34.6858,3.523088e-05,8.945122e+02,1.047103e+04,5.435452,0.598921,-9.0346,19.67,500.0,7.6407,1.342,8.9827
128,-47.6664,-34.6858,2.959180e-05,7.884112e+02,9.134682e+03,5.433929,0.598817,-12.5819,18.3228,500.0,8.7979,1.366,10.1639
129,-28.401,-28.401,3.172585e-05,6.973326e+02,1.006643e+04,5.433289,0.59881,-7.2048,19.1838,500.0,8.2397,1.4425,9.6822
130,-37.2244,-28.401,4.135827e-05,8.152714e+02,1.130668e+04,5.432266,0.598782,-9.4128,19.6449,500.0,8.1456,1.4981,9.6437
131,-33.0486,-28.401,4.152911e-05,8.503151e+02,1.080947e+04,5.431637,0.598775,-9.0012,19.8905,500.0,7.3765,1.4972,8.8738
132,-32.3341,-28.401,3.247058e-05,8.117253e+02,1.033374e+04,5.431149,0.598773,-8.339,18.4789,500.0,8.4026,1.4237,9.8263
133,-29.3682,-28.401,3.569483e-05,8.456495e+02,1.061433e+04,5.430273,0.598392,-7.5673,18.9989,500.0,7.9721,1.3605,9.3326
134,-28.1057,-28.1057,3.539423e-05,8.034113e+02,1.038950e+04,5.429265,0.598366,-7.4279,18.944,500.0,9.1984,1.4832,10.6817
135,-25.7337,-25.7337,4.248649e-05,8.538481e+02,1.119013e+04,5.428071,0.598355,-7.5023,19.9092,500.0,9.0322,1.4147,10.4469
136,-22.7401,-22.7401,4.256281e-05,9.825890e+02,1.113225e+04,5.428781,0.598363,-5.9461,20.5812,500.0,8.1734,1.5842,9.7577
137,-26.7788,-22.7401,4.775036e-05,8.838204e+02,1.248265e+04,5.428719,0.598363,-6.7819,20.9089,500.0,9.1558,1.3465,10.5023
138,-25.8389,-22.7401,3.513656e-05,8.409467e+02,1.084724e+04,5.427848,0.598354,-7.3132,19.8658,500.0,7.6141,1.4729,9.087
139,-28.6777,-22.7401,4.554181e-05,8.672280e+02,1.177399e+04,5.426877,0.598252,-8.5092,20.5122,500.0,8.441,1.4488,9.8899
140,-31.1945,-22.7401,3.495695e-05,8.400086e+02,1.019707e+04,5.425137,0.598217,-8.1178,18.7388,500.0,8.6012,1.2923,9.8936
141,-36.3215,-22.7401,4.009841e-05,7.406154e+02,1.145564e+04,5.423539,0.597089,-9.5392,19.4432,500.0,8.8422,1.3507,10.1929
142,-18.2826,-18.2826,4.580269e-05,1.008483e+03,1.088022e+04,5.423302,0.597088,-4.7254,20.6376,500.0,8.6305,1.569,10.1995
143,-15.0751,-15.0751,4.321442e-05,6.859989e+02,1.206119e+04,5.42233,0.597061,-3.7899,20.359,500.0,8.5528,1.4459,9.9987
144,-33.1735,-15.0751,3.740957e-05,1.045268e+03,1.022290e+04,5.420833,0.596958,-9.0122,20.1875,500.0,6.8983,1.3659,8.2642
145,-21.3895,-15.0751,4.356801e-05,9.180168e+02,1.125748e+04,5.418393,0.596914,-5.082,20.9269,500.0,8.6072,1.3889,9.9961
146,-23.9887,-15.0751,4.053212e-05,8.792693e+02,1.110254e+04,5.418434,0.596914,-5.7989,20.1415,500.0,8.7146,1.546,10.2606
147,-22.7784,-15.0751,4.349529e-05,8.382959e+02,1.147503e+04,5.416988,0.596532,-6.2458,20.2208,500.0,8.8484,1.5292,10.3776
148,-17.4367,-15.0751,3.926629e-05,8.764894e+02,1.072956e+04,5.416463,0.596529,-5.1964,19.5161,500.0,7.5259,1.4774,9.0034
149,-9.6603,-9.6603,4.181378e-05,7.689777e+02,1.201188e+04,5.416336,0.596529,-3.0195,20.5715,500.0,7.4586,1.4485,8.9071
150,-13.3409,-9.6603,4.583293e-05,9.265170e+02,1.141998e+04,5.414902,0.596494,-3.2739,20.9203,500.0,8.9172,1.522,10.4392
151,-13.4357,-9.6603,4.032413e-05,8.094033e+02,1.092502e+04,5.413642,0.596392,-3.9846,20.6346,500.0,8.247,1.5597,9.8067
152,-12.5118,-9.6603,4.176805e-05,9.533589e+02,1.113058e+04,5.412549,0.596365,-4.2269,20.6874,500.0,7.9959,1.5288,9.5247
153,-9.7474,-9.6603,4.308501e-05,9.787009e+02,1.169657e+04,5.411559,0.596355,-2.9269,20.7211,500.0,8.4872,1.3927,9.8798
154,-11.5146,-9.6603,4.373671e-05,9.222761e+02,1.152180e+04,5.410813,0.596352,-3.1093,21.1386,500.0,7.7944,1.4047,9.1991
155,-19.3276,-9.6603,4.064304e-05,9.034014e+02,1.143091e+04,5.408912,0.596316,-5.0326,20.2488,500.0,8.0379,1.5025,9.5404
156,-10.8882,-9.6603,4.500446e-05,1.018392e+03,1.200128e+04,5.408165,0.596308,-2.9854,21.1987,500.0,6.35,1.3841,7.7341
157,-10.6979,-9.6603,3.948967e-05,8.226705e+02,1.167552e+04,5.407664,0.596214,-3.105,20.6467,500.0,8.3949,1.5138,9.9087
158,-8.1131,-8.1131,4.241243e-05,9.113713e+02,1.123825e+04,5.405961,0.596179,-2.5089,20.3278,500.0,8.1867,1.4022,9.589
159,-7.339,-7.339,4.355283e-05,1.186288e+03,1.134572e+04,5.404437,0.595794,-1.6364,21.8957,500.0,8.5869,1.3905,9.9773
160,-6.1089,-6.1089,3.749663e-05,8.739246e+02,1.067410e+04,5.403185,0.595783,-1.992,20.3514,500.0,7.835,1.3832,9.2182
161,-2.6818,-2.6818,4.544272e-05,9.646839e+02,1.170607e+04,5.402508,0.595757,-0.8732,21.1478,500.0,8.0145,1.4301,9.4446
162,-5.1944,-2.6818,4.472249e-05,1.032294e+03,1.154999e+04,5.402049,0.59575,-1.4603,20.7186,500.0,8.5922,1.4422,10.0344
163,-3.3803,-2.6818,5.019836e-05,1.278545e+03,1.242733e+04,5.400383,0.595645,-1.382,22.0,500.0,7.956,1.5429,9.4989
164,-11.7229,-2.6818,4.221968e-05,7.704353e+02,1.110827e+04,5.399109,0.595617,-3.5038,20.4929,500.0,7.8933,1.3727,9.266
165,-5.3247,-2.6818,4.048100e-05,8.300719e+02,1.108581e+04,5.39782,0.594497,-1.7615,20.2029,500.0,8.0021,1.4097,9.4118
166,-1.3334,-1.3334,4.476109e-05,1.012924e+03,1.070283e+04,5.396172,0.594462,-1.7456,20.5478,500.0,8.4345,1.3725,9.807
167,-0.2214,-0.2214,4.270345e-05,9.661021e+02,1.080074e+04,5.396281,0.594485,-0.8705,20.4179,500.0,7.8263,1.4913,9.3176
168,2.748,2.748,4.354899e-05,9.072263e+02,1.119180e+04,5.394778,0.59445,0.1022,21.2948,500.0,7.5036,1.5271,9.0307
169,4.2717,4.2717,4.841025e-05,8.723353e+02,1.162260e+04,5.394629,0.59445,0.6884,21.5892,500.0,8.6232,1.3818,10.0051
170,13.3965,13.3965,4.666717e-05,8.388157e+02,1.145182e+04,5.392532,0.594321,1.8261,21.3295,500.0,8.0502,1.4176,9.4677
171,7.3389,13.3965,5.192051e-05,1.024718e+03,1.222924e+04,5.391082,0.593936,1.2704,21.6844,500.0,8.4347,1.4861,9.9208
172,10.2997,13.3965,5.432218e-05,1.022173e+03,1.263337e+04,5.389908,0.593926,2.1317,22.3605,500.0,8.3367,1.4311,9.7678
173,7.4819,13.3965,5.181853e-05,1.119169e+03,1.163399e+04,5.387321,0.593794,1.5512,22.493,500.0,7.2772,1.4867,8.7639
174,11.9722,13.3965,6.298602e-05,1.058022e+03,1.358199e+04,5.385434,0.593753,2.1806,23.778,500.0,8.9421,1.4984,10.4405
175,8.8369,13.3965,5.765248e-05,1.149485e+03,1.237759e+04,5.385152,0.593752,0.9972,23.0395,500.0,6.4385,1.4888,7.9273
176,4.8482,13.3965,4.833511e-05,8.056201e+02,1.188901e+04,5.384999,0.593751,0.9275,22.5655,500.0,8.2217,1.3713,9.593
177,9.7054,13.3965,5.502286e-05,1.139397e+03,1.349158e+04,5.383672,0.593741,1.6792,23.642,500.0,7.9954,1.544,9.5394
178,30.3436,30.3436,5.812235e-05,9.842467e+02,1.294757e+04,5.383695,0.593741,7.1784,24.1153,500.0,8.9057,1.425,10.3307
179,21.386,30.3436,6.220714e-05,1.270250e+03,1.309920e+04,5.382173,0.593706,4.1385,24.1838,500.0,8.4018,1.4802,9.882
180,13.0277,30.3436,5.026029e-05,8.700053e+02,1.226268e+04,5.379898,0.593598,2.773,22.1198,500.0,8.4068,1.5348,9.9416
181,22.8731,30.3436,4.931887e-05,1.017192e+03,1.199428e+04,5.378173,0.593563,5.8299,22.2468,500.0,9.032,1.5095,10.5415
182,19.9913,30.3436,4.922644e-05,1.045376e+03,1.274323e+04,5.377843,0.593187,4.7674,22.1636,500.0,8.4244,1.4167,9.8411
183,10.3703,30.3436,6.417163e-05,1.167767e+03,1.397280e+04,5.37679,0.593177,1.2207,24.1522,500.0,8.4451,1.4085,9.8537
184,29.1858,30.3436,6.398290e-05,1.295443e+03,1.387617e+04,5.376149,0.593152,7.7851,24.6428,500.0,8.3141,1.4392,9.7534
185,29.7577,30.3436,6.214092e-05,1.077285e+03,1.341081e+04,5.374779,0.593141,6.8411,24.2053,500.0,9.1461,1.4264,10.5725
186,17.5861,30.3436,5.548074e-05,1.040668e+03,1.250158e+04,5.372436,0.593009,3.6924,23.3203,500.0,9.0165,1.425,10.4415
187,23.6985,30.3436,5.904129e-05,1.096238e+03,1.332731e+04,5.371381,0.591896,5.2545,24.7911,500.0,7.996,1.4235,9.4195
188,22.5517,30.3436,5.369633e-05,1.175823e+03,1.231933e+04,5.369199,0.591859,4.6125,22.5619,500.0,8.6508,1.544,10.1947
189,23.6627,30.3436,6.635926e-05,1.089744e+03,1.299850e+04,5.367888,0.591755,5.8798,23.8731,500.0,7.8617,1.3825,9.2442
190,22.9047,30.3436,4.814006e-05,1.080074e+03,1.124162e+04,5.366485,0.591744,4.9567,21.9401,500.0,7.5997,1.4431,9.0428
191,24.372,30.3436,6.259821e-05,1.029715e+03,1.298551e+04,5.365928,0.591718,5.219,24.3638,500.0,7.8319,1.4395,9.2714
192,28.9503,30.3436,5.844777e-05,1.283864e+03,1.249867e+04,5.364489,0.591333,6.7174,23.7137,500.0,9.1878,1.4312,10.619
193,29.8335,30.3436,5.908199e-05,1.085914e+03,1.210218e+04,5.361404,0.591287,7.1052,23.5876,500.0,7.4797,1.3895,8.8692
194,31.5699,31.5699,6.314502e-05,1.341134e+03,1.316963e+04,5.358464,0.591148,8.0694,25.4496,500.0,8.9386,1.5147,10.4533
195,25.0487,31.5699,6.988897e-05,1.221219e+03,1.324120e+04,5.356628,0.591135,4.9796,25.2947,500.0,8.9613,1.4778,10.4391
196,23.5697,31.5699,4.985618e-05,1.216340e+03,1.171113e+04,5.355708,0.591108,4.6114,22.9825,500.0,6.5855,1.4299,8.0154
197,22.42,31.5699,5.485050e-05,1.041801e+03,1.241259e+04,5.353986,0.591002,4.6733,23.4995,500.0,8.0001,1.4669,9.467
198,34.8161,34.8161,6.066005e-05,1.259651e+03,1.321332e+04,5.353914,0.591002,8.1612,24.3392,500.0,7.9081,1.4376,9.3457
199,35.036,35.036,6.260590e-05,1.094740e+03,1.413830e+04,5.35225,0.590967,8.4784,24.6063,500.0,7.4803,1.5443,9.0246
200,35.2468,35.2468,5.446923e-05,9.974431e+02,1.322237e+04,5.351387,0.590958,8.7687,23.2082,500.0,8.3563,1.391,9.7473
201,45.4091,45.4091,6.733138e-05,1.293029e+03,1.471306e+04,5.348641,0.590536,11.4338,25.319,500.0,8.246,1.5291,9.7751
202,34.8088,45.4091,6.582440e-05,1.363849e+03,1.285248e+04,5.347783,0.590439,7.1621,25.0822,500.0,6.9427,1.5285,8.4712
203,28.7644,45.4091,5.840408e-05,9.361492e+02,1.366561e+04,5.346128,0.590404,5.3682,23.9997,500.0,7.4021,1.3699,8.772
204,46.533,46.533,6.827644e-05,1.271018e+03,1.409658e+04,5.344467,0.589295,11.3198,25.5103,500.0,8.8205,1.4898,10.3103
205,42.4263,46.533,6.774833e-05,1.054504e+03,1.417896e+04,5.34259,0.589258,9.2009,25.6416,500.0,7.3581,1.4507,8.8089
206,43.4287,46.533,6.325769e-05,9.205966e+02,1.373285e+04,5.341171,0.589154,10.3539,24.2824,500.0,8.2086,1.393,9.6015
207,40.0336,46.533,6.364120e-05,1.281401e+03,1.408907e+04,5.340844,0.589152,9.2127,25.9184,500.0,8.2079,1.4369,9.6447
208,50.8312,50.8312,7.597602e-05,1.413934e+03,1.457679e+04,5.339704,0.589119,11.8844,25.5922,500.0,8.4949,1.43,9.9249
209,39.8558,50.8312,7.313849e-05,1.280671e+03,1.476345e+04,5.338813,0.58911,9.221,26.1091,500.0,8.6908,1.3589,10.0497
210,43.232,50.8312,7.595526e-05,1.165221e+03,1.419011e+04,5.335965,0.588694,10.2368,27.3859,500.0,7.9122,1.3961,9.3083
211,52.8349,52.8349,7.738350e-05,1.331346e+03,1.452692e+04,5.334439,0.588588,12.8171,27.3554,500.0,8.8601,1.3175,10.1776
212,53.6284,53.6284,7.055895e-05,1.421471e+03,1.401456e+04,5.332992,0.588553,13.0498,25.7377,500.0,8.5025,1.4901,9.9927
213,43.438,53.6284,7.622506e-05,1.304800e+03,1.460114e+04,5.330512,0.588533,10.2713,26.7523,500.0,9.2683,1.3737,10.642
214,48.2108,53.6284,6.953715e-05,1.507304e+03,1.493414e+04,5.329324,0.588506,10.42,26.3278,500.0,8.3785,1.4706,9.8491
215,65.7694,65.7694,8.666445e-05,1.264270e+03,1.623955e+04,5.328308,0.588495,15.8324,28.527,500.0,7.7413,1.4832,9.2245
216,59.3068,65.7694,7.361564e-05,1.260176e+03,1.424549e+04,5.326079,0.588364,14.2995,26.4489,500.0,8.7184,1.407,10.1254
217,58.5989,65.7694,8.478465e-05,1.366546e+03,1.594522e+04,5.325394,0.588356,13.5561,28.3595,500.0,8.3451,1.3856,9.7307
218,68.282,68.282,8.264920e-05,1.457626e+03,1.438403e+04,5.322909,0.587939,17.1741,27.7077,500.0,8.4899,1.4304,9.9203
219,54.7584,68.282,7.756911e-05,1.229067e+03,1.380901e+04,5.320594,0.587829,12.8451,26.6039,500.0,8.9804,1.4806,10.4611
220,58.3745,68.282,8.139039e-05,1.465599e+03,1.499448e+04,5.318387,0.587787,13.0484,27.9699,500.0,8.284,1.5214,9.8054
221,57.6561,68.282,6.882771e-05,1.562287e+03,1.377554e+04,5.317831,0.586694,13.2324,26.4441,500.0,8.1135,1.4446,9.5581
222,39.3828,68.282,7.906115e-05,1.376141e+03,1.462130e+04,5.317218,0.586691,7.7575,28.2964,500.0,8.8094,1.471,10.2804
223,62.9071,68.282,7.758573e-05,1.402597e+03,1.470554e+04,5.31612,0.586659,15.8172,27.3739,500.0,7.752,1.4329,9.1849
224,54.2226,68.282,7.762793e-05,1.247555e+03,1.503874e+04,5.314949,0.586648,13.1156,28.982,500.0,8.0583,1.413,9.4714
225,51.7746,68.282,7.742978e-05,1.219771e+03,1.434136e+04,5.313691,0.58655,11.6889,27.4514,500.0,9.0157,1.3824,10.3982
226,67.7598,68.282,7.604354e-05,1.412427e+03,1.462134e+04,5.311924,0.586508,16.0939,26.4821,500.0,6.4463,1.532,7.9783
227,73.1008,73.1008,8.499408e-05,1.396190e+03,1.446196e+04,5.312171,0.586514,18.9893,28.1795,500.0,7.15,1.5259,8.6759
228,68.0256,73.1008,9.309191e-05,1.690982e+03,1.548315e+04,5.310356,0.586124,16.7492,28.893,500.0,8.069,1.3462,9.4151
229,80.3663,80.3663,8.037496e-05,1.395110e+03,1.530205e+04,5.308774,0.586089,19.4752,29.1341,500.0,8.0553,1.2983,9.3536
230,64.8333,80.3663,8.308215e-05,1.352510e+03,1.418513e+04,5.309462,0.586115,15.604,28.3313,500.0,8.2695,1.5069,9.7764
231,80.4466,80.4466,8.789611e-05,1.586019e+03,1.552734e+04,5.308205,0.586082,19.9016,28.8276,500.0,8.3317,1.3888,9.7205
232,63.4389,80.4466,9.850533e-05,1.724424e+03,1.594786e+04,5.306261,0.585974,14.6009,28.7199,500.0,8.0765,1.4659,9.5424
233,77.5504,80.4466,7.643506e-05,1.384527e+03,1.441023e+04,5.305031,0.58594,19.101,28.2611,500.0,9.1237,1.3836,10.5074
234,76.1277,80.4466,8.396388e-05,1.489912e+03,1.479009e+04,5.304192,0.585937,18.2699,28.5616,500.0,8.6443,1.4565,10.1008
235,74.6058,80.4466,8.581579e-05,1.388742e+03,1.502786e+04,5.30383,0.585937,18.4192,29.678,500.0,8.6602,1.4227,10.0829
236,84.2386,84.2386,8.545924e-05,1.347538e+03,1.554423e+04,5.302391,0.585902,21.1046,28.1967,500.0,9.1034,1.34,10.4434
237,77.0238,84.2386,9.413464e-05,1.471055e+03,1.528443e+04,5.299637,0.585786,19.7515,29.2733,500.0,8.7746,1.3905,10.1652
238,78.4912,84.2386,8.837318e-05,1.646143e+03,1.428536e+04,5.298424,0.585757,19.4341,28.5264,500.0,9.019,1.3562,10.3751
239,96.3185,96.3185,1.029001e-04,1.774101e+03,1.676854e+04,5.296435,0.585359,23.7437,32.0788,500.0,8.2001,1.3637,9.5638
240,76.3668,96.3185,1.016625e-04,1.546038e+03,1.621693e+04,5.294884,0.585323,17.969,30.5801,500.0,8.2901,1.4628,9.7529
241,80.1761,96.3185,1.081255e-04,1.711694e+03,1.680226e+04,5.293093,0.585216,18.6264,31.1499,500.0,8.9361,1.4618,10.3979
242,92.8399,96.3185,9.810374e-05,1.775820e+03,1.579562e+04,5.289779,0.584085,23.2671,29.8103,500.0,8.4977,1.4603,9.958
243,85.8049,96.3185,9.984599e-05,1.670776e+03,1.633510e+04,5.288167,0.584049,21.2631,29.7658,500.0,8.2422,1.4837,9.7259
244,95.4204,96.3185,1.158329e-04,1.916773e+03,1.601839e+04,5.288465,0.584056,23.5336,31.5688,500.0,8.7977,1.559,10.3568
245,82.1595,96.3185,1.182113e-04,1.348380e+03,1.738948e+04,5.287392,0.584046,19.573,32.4451,500.0,8.9195,1.4264,10.3459
246,77.1614,96.3185,1.021885e-04,2.169963e+03,1.592485e+04,5.287082,0.583951,17.5665,31.4087,500.0,7.214,1.395,8.609
247,87.4009,96.3185,9.592632e-05,1.514975e+03,1.512376e+04,5.284988,0.583913,20.1011,30.9199,500.0,7.7959,1.5032,9.299
248,97.9841,97.9841,1.147819e-04,2.111481e+03,1.576885e+04,5.283577,0.583523,23.3064,31.118,500.0,7.5325,1.4441,8.9766
249,109.1145,109.1145,1.018955e-04,1.521070e+03,1.495235e+04,5.281777,0.583487,27.4402,29.8908,500.0,9.0209,1.4038,10.4247
250,96.0587,109.1145,1.032553e-04,1.438473e+03,1.718571e+04,5.280926,0.583478,23.7615,32.7588,500.0,7.9319,1.3973,9.3292
251,96.3223,109.1145,1.078073e-04,1.949607e+03,1.664288e+04,5.279011,0.58337,23.3483,33.2256,500.0,8.4446,1.3359,9.7805
252,104.5398,109.1145,1.102862e-04,1.821910e+03,1.590484e+04,5.277932,0.583342,26.1577,31.4053,500.0,7.9368,1.4185,9.3554
253,110.6008,110.6008,1.156123e-04,1.949452e+03,1.616894e+04,5.277301,0.583334,28.1501,32.8487,500.0,7.6328,1.389,9.0218
254,109.2524,110.6008,1.120071e-04,1.616595e+03,1.680975e+04,5.274957,0.583297,27.6078,32.0241,500.0,7.4934,1.4993,8.9927
255,93.4362,110.6008,1.255964e-04,1.811226e+03,1.727134e+04,5.273809,0.583286,21.9001,33.6141,500.0,7.8205,1.3036,9.1241
256,96.1543,110.6008,9.622681e-05,1.481956e+03,1.569508e+04,5.272594,0.583181,24.1198,32.3462,500.0,8.0607,1.4181,9.4788
257,95.166,110.6008,1.239074e-04,1.967067e+03,1.620163e+04,5.269875,0.582761,23.3404,33.2005,500.0,8.1318,1.3694,9.5012
258,105.3352,110.6008,1.152740e-04,1.492510e+03,1.628413e+04,5.270039,0.583143,24.6384,33.9264,500.0,7.4932,1.5214,9.0146
259,116.0662,116.0662,1.161739e-04,1.568459e+03,1.641715e+04,5.267655,0.582722,28.9645,33.387,500.0,8.6588,1.4012,10.0601
260,115.9575,116.0662,1.166762e-04,1.987829e+03,1.623399e+04,5.264475,0.582579,28.6425,32.5511,500.0,7.5307,1.4204,8.9511
261,107.2238,116.0662,1.256703e-04,1.968824e+03,1.643305e+04,5.262344,0.58149,26.1326,34.1048,500.0,6.6159,1.4341,8.05
262,124.2984,124.2984,1.271005e-04,2.261228e+03,1.831403e+04,5.260772,0.581454,31.1343,33.6628,500.0,8.3681,1.429,9.7972
263,117.1577,124.2984,1.248990e-04,2.556393e+03,1.796474e+04,5.259384,0.581349,29.2036,35.7459,500.0,9.1981,1.4882,10.6864
264,114.6559,124.2984,1.241522e-04,1.713880e+03,1.902498e+04,5.258622,0.58134,28.8323,33.5879,500.0,8.6121,1.4889,10.101
265,123.452,124.2984,1.401670e-04,2.271159e+03,1.916030e+04,5.257842,0.581313,29.523,35.1343,500.0,7.4534,1.5047,8.9581
266,131.5567,131.5567,1.173915e-04,1.772443e+03,1.774090e+04,5.255372,0.580911,32.5667,34.2,500.0,8.2576,1.5312,9.7889
267,118.1346,131.5567,1.370130e-04,2.049153e+03,1.805332e+04,5.255714,0.580917,28.6109,35.6055,500.0,8.0386,1.4985,9.5371
268,127.5637,131.5567,1.234559e-04,1.943083e+03,1.651198e+04,5.254314,0.580884,31.9762,34.1854,500.0,9.3675,1.4145,10.782
269,116.5568,131.5567,1.158643e-04,1.726427e+03,1.641840e+04,5.253708,0.580875,27.5656,34.2626,500.0,8.5458,1.3103,9.8561
270,124.512,131.5567,1.373954e-04,1.952337e+03,1.709066e+04,5.252203,0.580774,30.5655,35.4366,500.0,8.291,1.5063,9.7973
271,123.5193,131.5567,1.353536e-04,2.021221e+03,1.722767e+04,5.251727,0.580767,29.7145,35.5578,500.0,7.4167,1.4304,8.8471
272,133.2093,133.2093,1.396851e-04,1.898974e+03,1.953770e+04,5.249367,0.580729,33.6012,37.1504,500.0,7.7427,1.5107,9.2534
273,133.7182,133.7182,1.334928e-04,1.963045e+03,1.864324e+04,5.247963,0.580717,33.7113,37.0441,500.0,7.3929,1.4444,8.8373
274,130.7535,133.7182,1.308187e-04,1.992192e+03,1.901570e+04,5.247304,0.580691,32.0825,34.7048,500.0,7.8914,1.4128,9.3042
275,138.0541,138.0541,1.370687e-04,1.948756e+03,1.870068e+04,5.246616,0.580684,33.6176,36.119,500.0,8.9283,1.4099,10.3382
276,129.0484,138.0541,1.398985e-04,2.510518e+03,1.898267e+04,5.245937,0.580585,31.9227,35.3382,500.0,8.7379,1.4715,10.2094
277,136.1098,138.0541,1.332508e-04,1.953367e+03,1.725726e+04,5.244699,0.580574,33.4157,35.3211,500.0,8.4623,1.434,9.8963
278,141.3748,141.3748,1.394253e-04,1.951196e+03,1.845744e+04,5.242076,0.580152,34.7444,36.2562,500.0,7.4589,1.4664,8.9253
279,132.9313,141.3748,1.445798e-04,2.071071e+03,1.789091e+04,5.241508,0.580145,31.7662,37.1042,500.0,8.3423,1.5531,9.8954
280,138.786,141.3748,1.596770e-04,2.288248e+03,1.908211e+04,5.239883,0.580109,33.6271,37.8297,500.0,8.663,1.498,10.161
281,135.7065,141.3748,1.489122e-04,2.747320e+03,1.970201e+04,5.238858,0.58001,33.2481,38.2867,500.0,8.1201,1.494,9.6142
282,153.448,153.448,1.579718e-04,2.296710e+03,1.913481e+04,5.236305,0.579965,39.1324,37.4942,500.0,7.1527,1.4656,8.6183
283,149.1133,153.448,1.519809e-04,2.219739e+03,1.917019e+04,5.234125,0.578881,36.4249,39.1454,500.0,8.5282,1.5017,10.0298
284,151.9384,153.448,1.515300e-04,2.005404e+03,1.928053e+04,5.232512,0.578846,38.1353,37.9623,500.0,8.1443,1.3712,9.5155
285,166.0803,166.0803,1.559012e-04,2.606656e+03,2.035758e+04,5.231376,0.578746,42.4046,38.0444,500.0,7.5985,1.3254,8.924
286,154.7853,166.0803,1.726115e-04,2.758322e+03,2.136736e+04,5.230977,0.578739,38.0835,39.3691,500.0,7.3083,1.3769,8.6851
287,156.8355,166.0803,1.832199e-04,2.961019e+03,2.051927e+04,5.228187,0.578315,38.9762,40.4706,500.0,9.0787,1.5236,10.6023
288,165.1249,166.0803,1.585419e-04,2.543765e+03,1.975139e+04,5.225196,0.578173,41.5714,37.6695,500.0,8.1033,1.5483,9.6515
289,161.5176,166.0803,1.640363e-04,2.367668e+03,1.978620e+04,5.223816,0.578162,39.7608,39.9201,500.0,9.2175,1.4583,10.6757
290,166.5508,166.5508,1.625232e-04,2.767891e+03,2.035553e+04,5.221455,0.578124,41.461,38.4351,500.0,9.1233,1.3416,10.4649
291,166.81,166.81,1.947487e-04,2.353147e+03,2.168198e+04,5.22229,0.578127,42.3053,42.1502,500.0,8.7018,1.3883,10.09
292,154.1435,166.81,1.831821e-04,2.169891e+03,1.930749e+04,5.219178,0.57808,38.0892,39.3673,500.0,8.8249,1.4938,10.3187
293,170.2811,170.2811,1.732856e-04,2.513213e+03,2.042781e+04,5.216334,0.577944,42.7866,39.9822,500.0,8.4787,1.3325,9.8112
294,175.6916,175.6916,1.915457e-04,2.288977e+03,2.049798e+04,5.213847,0.577538,44.3745,41.733,500.0,8.8843,1.4829,10.3672
295,157.2119,175.6916,1.823638e-04,2.380144e+03,2.096701e+04,5.212646,0.577509,38.5095,42.5612,500.0,8.5132,1.4857,9.9989
296,167.4695,175.6916,1.803980e-04,2.249499e+03,2.129299e+04,5.211411,0.577403,42.0467,40.3629,500.0,7.8766,1.4613,9.3379
297,167.4964,175.6916,1.697274e-04,2.801856e+03,2.107565e+04,5.212451,0.577508,40.5516,41.4704,500.0,8.1831,1.4178,9.6009
298,191.4978,191.4978,1.531982e-04,2.150856e+03,1.818049e+04,5.209649,0.577391,48.3327,38.2,500.0,9.069,1.3739,10.4429
299,177.7789,191.4978,1.856404e-04,2.809918e+03,2.021335e+04,5.210176,0.577393,44.223,41.0853,500.0,7.3676,1.3362,8.7038
300,176.5488,191.4978,2.190129e-04,2.776672e+03,2.261195e+04,5.207184,0.576288,43.6637,44.2685,500.0,8.4698,1.4099,9.8797
301,191.7088,191.7088,1.993824e-04,3.180590e+03,2.085721e+04,5.208816,0.577364,47.9852,43.3978,500.0,8.2836,1.407,9.6906
302,166.5101,191.7088,1.890044e-04,2.870965e+03,2.117286e+04,5.206957,0.576282,41.0634,41.9491,500.0,8.2805,1.3657,9.6462
303,191.6719,191.7088,2.138672e-04,2.670256e+03,2.148016e+04,5.205075,0.576246,47.6386,44.6719,500.0,8.5525,1.4516,10.0041
304,192.1129,192.1129,2.105271e-04,2.820359e+03,2.201921e+04,5.201847,0.576108,48.8287,42.7237,500.0,7.8683,1.4451,9.3134
305,187.9607,192.1129,1.883334e-04,2.491084e+03,2.257305e+04,5.198213,0.575668,48.4508,41.0604,500.0,8.5766,1.4027,9.9793
306,192.5636,192.5636,1.634937e-04,2.528922e+03,1.971740e+04,5.198368,0.575669,48.3165,41.6912,500.0,7.3393,1.5597,8.899
307,187.6856,192.5636,2.013753e-04,2.730555e+03,2.232625e+04,5.194763,0.575524,47.3795,41.9185,500.0,8.4632,1.4477,9.9109
308,201.8395,201.8395,2.191805e-04,3.333812e+03,2.140493e+04,5.192672,0.575511,50.9656,43.8019,500.0,9.2081,1.4869,10.695
309,195.2423,201.8395,2.598431e-04,2.713891e+03,2.400262e+04,5.187377,0.575328,48.3645,45.6933,500.0,7.5756,1.424,8.9996
310,189.3822,201.8395,2.066484e-04,3.183998e+03,2.077820e+04,5.184922,0.574904,47.0941,44.3537,500.0,8.9069,1.5213,10.4282
311,189.9338,201.8395,1.977778e-04,2.970230e+03,1.962147e+04,5.182617,0.574786,46.8332,43.6282,500.0,8.47,1.5484,10.0184
312,185.618,201.8395,1.857426e-04,2.590255e+03,2.057924e+04,5.18077,0.57475,46.5805,42.5677,500.0,7.5324,1.5867,9.1191
313,198.8835,201.8395,2.226426e-04,3.016357e+03,2.220449e+04,5.178452,0.573679,49.0464,42.7529,500.0,8.1145,1.5712,9.6857
314,205.5232,205.5232,2.338142e-04,3.173070e+03,2.090378e+04,5.177613,0.573652,51.1888,44.7294,500.0,6.7471,1.4799,8.227
315,211.1231,211.1231,2.218193e-04,2.680140e+03,2.282236e+04,5.176941,0.573643,53.2004,44.3971,500.0,7.5256,1.4629,8.9885
316,185.7531,211.1231,2.465819e-04,3.184367e+03,2.230864e+04,5.176148,0.573543,46.545,47.021,500.0,8.7995,1.3494,10.1489
317,211.075,211.1231,2.586375e-04,3.196100e+03,2.286954e+04,5.173672,0.5735,52.7503,45.5085,500.0,8.0401,1.3459,9.386
318,209.9461,211.1231,2.189329e-04,3.082023e+03,2.150414e+04,5.172768,0.57311,52.5392,44.2212,500.0,8.1918,1.3679,9.5597
319,207.042,211.1231,2.123556e-04,3.048083e+03,2.128658e+04,5.172666,0.57311,51.1573,46.1544,500.0,8.4197,1.4544,9.8741
320,201.8383,211.1231,2.440478e-04,3.066640e+03,2.298282e+04,5.170623,0.573071,50.773,46.607,500.0,7.978,1.35,9.3281
321,201.4871,211.1231,2.530695e-04,3.563274e+03,2.262890e+04,5.171738,0.573101,50.0423,47.6446,500.0,8.7299,1.4505,10.1804
322,218.0625,218.0625,2.254977e-04,3.371743e+03,2.382799e+04,5.168167,0.572955,53.8848,48.1336,500.0,8.1887,1.4775,9.6662
323,224.5213,224.5213,2.389892e-04,2.580137e+03,2.350034e+04,5.166405,0.572919,56.7446,44.2157,500.0,8.4575,1.5256,9.9832
324,229.9673,229.9673,2.380437e-04,2.864484e+03,2.156558e+04,5.162571,0.572869,58.8936,46.2693,500.0,9.0855,1.4294,10.5149
325,225.1925,229.9673,2.238699e-04,3.381422e+03,2.161580e+04,5.158025,0.572331,56.1631,46.0795,500.0,8.5892,1.439,10.0282
326,237.8369,237.8369,2.572904e-04,2.943792e+03,2.389011e+04,5.157422,0.572322,59.778,47.2335,500.0,8.9327,1.5539,10.4866
327,222.0699,237.8369,2.308292e-04,2.940356e+03,2.264380e+04,5.15667,0.572297,55.1403,47.2589,500.0,7.0925,1.3507,8.4432
328,227.8873,237.8369,2.503721e-04,4.029865e+03,2.451468e+04,5.156289,0.572294,57.3943,47.4948,500.0,8.0585,1.4323,9.4908
329,228.1272,237.8369,2.391147e-04,3.279592e+03,2.361236e+04,5.152997,0.572149,56.7569,45.2354,500.0,8.1428,1.3967,9.5395
330,246.2301,246.2301,3.086431e-04,3.109626e+03,2.480071e+04,5.149612,0.571051,62.29,48.8684,500.0,8.6032,1.3862,9.9894
331,243.7645,246.2301,2.790167e-04,4.055092e+03,2.368941e+04,5.148422,0.571042,61.7448,49.4506,500.0,8.3669,1.448,9.815
332,223.8594,246.2301,2.655025e-04,2.868944e+03,2.473882e+04,5.147453,0.570941,55.0814,49.0688,500.0,8.0154,1.4828,9.4982
333,254.6499,254.6499,3.040750e-04,3.006655e+03,2.525752e+04,5.145347,0.570898,65.3172,49.4172,500.0,6.7963,1.4579,8.2542
334,250.3024,254.6499,2.546212e-04,3.699689e+03,2.409705e+04,5.14312,0.570495,63.9212,48.737,500.0,7.4632,1.4804,8.9436
335,251.7447,254.6499,2.861970e-04,3.775915e+03,2.412140e+04,5.1408,0.57036,63.881,48.955,500.0,9.5096,1.403,10.9126
336,244.4718,254.6499,2.503951e-04,3.115391e+03,2.307845e+04,5.141914,0.570462,61.8419,50.0698,500.0,8.9865,1.3119,10.2984
337,241.3424,254.6499,2.809174e-04,3.114772e+03,2.472079e+04,5.139473,0.570349,60.2958,51.9804,500.0,7.0798,1.4174,8.4973
338,259.7949,259.7949,2.919721e-04,3.860210e+03,2.518562e+04,5.137321,0.570312,67.2636,49.0438,500.0,8.9251,1.3769,10.302
339,262.9873,262.9873,3.273663e-04,4.448729e+03,2.510248e+04,5.136304,0.570303,66.5047,51.4411,500.0,7.6126,1.4967,9.1093
340,277.7153,277.7153,2.930586e-04,3.913911e+03,2.402726e+04,5.134178,0.570265,69.8571,49.7606,500.0,8.2805,1.448,9.7285
341,273.8895,277.7153,2.831834e-04,3.333952e+03,2.388113e+04,5.130226,0.569727,69.5381,51.8502,500.0,7.6884,1.3982,9.0866
342,246.0717,277.7153,3.186097e-04,3.530135e+03,2.498273e+04,5.127943,0.569687,61.8544,53.0157,500.0,8.9121,1.5299,10.4419
343,246.8853,277.7153,3.215511e-04,3.290959e+03,2.728335e+04,5.126971,0.569678,61.8858,52.6158,500.0,8.3915,1.5183,9.9098
344,256.3642,277.7153,2.728925e-04,3.498972e+03,2.416880e+04,5.122895,0.568487,65.0726,51.825,500.0,8.1787,1.4871,9.6658
345,271.1887,277.7153,2.603270e-04,3.470982e+03,2.263178e+04,5.120512,0.568443,70.0259,47.5971,500.0,7.8442,1.4173,9.2615
346,277.4978,277.7153,2.787207e-04,3.155280e+03,2.439345e+04,5.118473,0.568331,70.774,50.9737,500.0,7.4525,1.4894,8.9419
347,280.7592,280.7592,3.298299e-04,3.069506e+03,2.666165e+04,5.116211,0.567903,70.9647,53.3341,500.0,8.1396,1.4546,9.5942
348,277.044,280.7592,3.078172e-04,3.672930e+03,2.468246e+04,5.114406,0.567866,70.0955,52.5296,500.0,7.7498,1.4597,9.2094
349,280.0408,280.7592,2.710272e-04,3.658347e+03,2.335129e+04,5.110808,0.567718,71.5273,48.6446,500.0,8.7376,1.3353,10.0729
350,277.7774,280.7592,3.103423e-04,4.353114e+03,2.542238e+04,5.107058,0.567669,70.328,52.6908,500.0,7.8365,1.4441,9.2806
351,285.3024,285.3024,3.595387e-04,4.081363e+03,2.638385e+04,5.103154,0.567515,72.9025,56.1262,500.0,8.4711,1.3272,9.7983
352,289.4694,289.4694,2.754717e-04,3.768247e+03,2.376855e+04,5.101975,0.567119,74.6006,50.3136,500.0,7.0528,1.4488,8.5015
353,304.2265,304.2265,3.429990e-04,3.481065e+03,2.584835e+04,5.100976,0.567111,78.6703,54.1021,500.0,8.3451,1.4292,9.7743
354,296.1592,304.2265,3.346591e-04,4.684946e+03,2.654350e+04,5.101154,0.567111,75.9965,51.8715,500.0,8.8488,1.4281,10.2769
355,308.051,308.051,3.927558e-04,4.811792e+03,2.764537e+04,5.096441,0.566934,79.4434,53.3475,500.0,7.6225,1.4563,9.0788
356,295.6413,308.051,3.369393e-04,4.736291e+03,2.424593e+04,5.092064,0.565841,75.1178,52.7284,500.0,8.2618,1.4348,9.6966
357,307.8141,308.051,3.606895e-04,4.002302e+03,2.677724e+04,5.087482,0.565298,78.2487,53.9778,500.0,9.0821,1.3496,10.4317
358,310.2097,310.2097,3.383042e-04,4.888302e+03,2.776115e+04,5.086387,0.565264,79.378,55.0585,500.0,7.7842,1.3945,9.1787
359,303.4826,310.2097,3.943997e-04,5.332659e+03,2.558144e+04,5.08535,0.565254,76.747,57.1617,500.0,7.4624,1.401,8.8635
360,296.7962,310.2097,3.882143e-04,3.774469e+03,2.698007e+04,5.08277,0.565116,75.6409,57.7011,500.0,7.6957,1.4984,9.1941
361,294.395,310.2097,3.193925e-04,3.995659e+03,2.578901e+04,5.081532,0.565107,74.8945,54.3804,500.0,7.8128,1.5199,9.3327
362,302.5373,310.2097,3.663671e-04,4.221277e+03,2.849298e+04,5.077884,0.565057,75.426,56.4056,500.0,8.6453,1.5019,10.1471
363,316.6319,316.6319,3.786862e-04,4.826118e+03,2.749816e+04,5.076834,0.564954,80.0467,57.1479,500.0,8.0333,1.4489,9.4822
364,313.2141,316.6319,3.707383e-04,4.064444e+03,2.636204e+04,5.075317,0.564919,80.2113,55.2515,500.0,8.3499,1.5324,9.8823
365,318.3208,318.3208,3.846856e-04,3.878180e+03,2.809069e+04,5.073348,0.564512,80.9336,57.7382,500.0,8.27,1.3583,9.6284
366,338.5617,338.5617,3.334457e-04,4.533908e+03,2.521811e+04,5.070342,0.564465,87.7121,53.6917,500.0,8.0323,1.3969,9.4293
367,297.2336,338.5617,3.659578e-04,4.713242e+03,2.746974e+04,5.069326,0.564362,74.3238,58.3979,500.0,8.3558,1.3219,9.6777
368,331.8746,338.5617,3.463586e-04,4.709545e+03,2.653877e+04,5.067645,0.564325,85.6949,55.2306,500.0,8.9115,1.3493,10.2608
369,321.1659,338.5617,3.828473e-04,4.362563e+03,2.674922e+04,5.062738,0.56314,80.9267,59.3304,500.0,8.9042,1.5387,10.4429
370,331.4009,338.5617,4.056811e-04,5.093899e+03,2.725979e+04,5.061883,0.563131,84.0235,58.7827,500.0,9.3281,1.3865,10.7146
371,350.3498,350.3498,3.431567e-04,4.861168e+03,2.680362e+04,5.059243,0.563091,90.7279,55.5897,500.0,8.5079,1.4685,9.9763
372,346.787,350.3498,4.212736e-04,5.132616e+03,2.886598e+04,5.058322,0.562688,88.6648,58.4181,500.0,8.4346,1.3755,9.8101
373,334.7509,350.3498,4.002684e-04,4.451383e+03,2.771045e+04,5.05291,0.562503,85.3409,57.7936,500.0,8.8142,1.5043,10.3186
374,331.8756,350.3498,4.251128e-04,4.385505e+03,2.868465e+04,5.049667,0.56246,83.6427,60.0086,500.0,9.0875,1.4304,10.518
375,340.3462,350.3498,3.975577e-04,3.582934e+03,2.748506e+04,5.048572,0.562352,86.3521,58.9752,500.0,8.2021,1.4298,9.632
376,352.1076,352.1076,4.485207e-04,5.117217e+03,2.849172e+04,5.044869,0.561906,90.4103,60.98,500.0,7.7071,1.4964,9.2035
377,342.8213,352.1076,4.564374e-04,4.561694e+03,2.811565e+04,5.041543,0.561757,87.7815,60.4773,500.0,8.3485,1.4387,9.7873
378,335.0956,352.1076,4.962701e-04,5.688341e+03,3.105549e+04,5.040867,0.561755,85.3984,65.847,500.0,8.0135,1.4202,9.4337
379,348.7103,352.1076,4.105136e-04,4.335032e+03,2.791102e+04,5.040763,0.561755,87.8904,61.2593,500.0,9.33,1.3844,10.7144
380,353.2834,353.2834,3.962509e-04,4.101736e+03,2.783440e+04,5.038324,0.561709,90.9057,59.7114,500.0,8.5797,1.4561,10.0357
381,365.8019,365.8019,4.050361e-04,4.384540e+03,3.035164e+04,5.036225,0.560651,93.3199,59.7764,500.0,8.4167,1.3247,9.7413
382,365.2579,365.8019,4.961058e-04,4.234912e+03,3.016979e+04,5.032344,0.560502,92.419,63.4557,500.0,8.0649,1.3813,9.4462
383,351.439,365.8019,4.520771e-04,4.933203e+03,2.991359e+04,5.029922,0.560085,89.2373,62.3617,500.0,7.8452,1.5192,9.3644
384,372.3079,372.3079,4.791662e-04,4.388542e+03,3.271728e+04,5.027588,0.560045,96.6221,60.6524,500.0,8.9369,1.446,10.3829
385,346.1782,372.3079,4.249278e-04,6.270971e+03,2.892067e+04,5.025547,0.559934,88.4669,60.482,500.0,8.048,1.5306,9.5786
386,373.8962,373.8962,4.484429e-04,5.542364e+03,2.971362e+04,5.022037,0.559884,95.97,60.303,500.0,7.6067,1.462,9.0687
387,376.4898,376.4898,5.770975e-04,6.297470e+03,3.203109e+04,5.022443,0.559887,95.2836,67.9425,500.0,8.4267,1.51,9.9367
388,400.8299,400.8299,4.357684e-04,5.191604e+03,2.986639e+04,5.024898,0.559933,103.8229,61.2334,500.0,8.5406,1.4542,9.9948
389,387.2519,400.8299,4.969717e-04,4.546609e+03,2.889935e+04,5.021889,0.559886,100.1648,64.3253,500.0,7.5802,1.3809,8.9612
390,386.8954,400.8299,5.099854e-04,5.367689e+03,3.062102e+04,5.020851,0.559858,99.3561,65.1331,500.0,8.4259,1.388,9.8138
391,387.5001,400.8299,4.534905e-04,5.246048e+03,2.897356e+04,5.020035,0.559849,98.7093,63.773,500.0,8.349,1.4683,9.8173
392,378.0108,400.8299,5.480670e-04,5.960450e+03,3.230304e+04,5.018473,0.559744,96.0216,65.071,500.0,7.2107,1.4601,8.6707
393,386.9469,400.8299,5.147008e-04,5.879029e+03,3.289373e+04,5.016006,0.559698,99.1339,67.3146,500.0,7.9657,1.4319,9.3976
394,407.3131,407.3131,5.330980e-04,5.544491e+03,3.042606e+04,5.013954,0.559287,104.6902,66.6562,500.0,8.8189,1.5105,10.3294
395,398.7823,407.3131,4.535067e-04,4.410815e+03,3.015288e+04,5.014586,0.55929,102.7612,63.6645,500.0,7.8437,1.4345,9.2782
396,375.9892,407.3131,5.084445e-04,5.353762e+03,3.051578e+04,5.012723,0.559252,95.2895,68.4918,500.0,6.4496,1.384,7.8335
397,384.5409,407.3131,5.438802e-04,5.820360e+03,3.110381e+04,5.011799,0.559149,99.2411,65.4822,500.0,7.8023,1.4228,9.2251
398,427.7807,427.7807,5.967771e-04,6.166108e+03,3.499238e+04,5.00579,0.558041,110.8671,64.7112,500.0,9.2313,1.4759,10.7073
399,398.2382,427.7807,4.975179e-04,6.726462e+03,2.928060e+04,5.004226,0.557936,102.307,67.6357,500.0,8.2127,1.5323,9.745
400,399.8948,427.7807,5.927209e-04,5.238856e+03,3.274316e+04,5.003295,0.557927,102.4638,68.2858,500.0,7.9091,1.4058,9.315
401,417.5375,427.7807,5.895029e-04,6.453052e+03,3.164528e+04,4.998779,0.557451,106.9969,70.5015,500.0,9.0925,1.3952,10.4877
402,423.1678,427.7807,5.800055e-04,6.426872e+03,3.124763e+04,4.99891,0.557451,108.6439,71.6699,500.0,8.6327,1.4591,10.0918
403,391.7547,427.7807,6.327925e-04,5.635016e+03,3.335634e+04,4.995224,0.557301,99.1633,69.3045,500.0,7.5315,1.4251,8.9566
404,401.1827,427.7807,5.632091e-04,5.437994e+03,3.103226e+04,4.988629,0.557104,101.5086,70.583,500.0,8.8574,1.4046,10.2619
405,415.6528,427.7807,5.695404e-04,7.235637e+03,3.242209e+04,4.987054,0.557092,105.907,70.8826,500.0,8.447,1.498,9.945
406,405.7481,427.7807,4.998060e-04,8.180401e+03,2.839600e+04,4.984683,0.556652,103.038,67.729,500.0,9.6708,1.4094,11.0802
407,434.7297,434.7297,5.393972e-04,4.713013e+03,3.132975e+04,4.984643,0.556655,111.3196,66.5991,500.0,8.5751,1.4702,10.0453
408,435.9863,435.9863,5.473474e-04,7.007613e+03,3.003973e+04,4.980233,0.556495,111.6527,68.1127,500.0,7.5685,1.301,8.8695
409,427.1676,435.9863,6.030356e-04,7.394067e+03,3.103184e+04,4.976947,0.555447,108.9775,67.887,500.0,9.4112,1.4267,10.8378
410,426.454,435.9863,7.363600e-04,6.499701e+03,3.505657e+04,4.976705,0.55544,109.2142,72.0625,500.0,8.1184,1.3257,9.4441
411,457.873,457.873,5.295837e-04,6.099256e+03,3.195976e+04,4.974274,0.555325,118.2163,66.7901,500.0,8.231,1.3043,9.5353
412,447.6062,457.873,5.243073e-04,5.373938e+03,3.080286e+04,4.973515,0.555297,115.8441,67.1998,500.0,8.7212,1.5266,10.2479
413,434.3825,457.873,6.421589e-04,6.894699e+03,3.301072e+04,4.972862,0.55529,111.0802,70.7166,500.0,8.5274,1.5165,10.0438
414,441.7953,457.873,6.574005e-04,7.439246e+03,2.933540e+04,4.969446,0.554848,113.1516,70.7815,500.0,8.2144,1.5441,9.7584
415,435.4274,457.873,6.801562e-04,6.708722e+03,3.082214e+04,4.966938,0.554726,111.8064,73.8411,500.0,8.1838,1.5107,9.6945
416,457.854,457.873,5.401291e-04,6.209351e+03,3.307726e+04,4.963593,0.554676,118.745,70.4773,500.0,7.6799,1.4257,9.1055
417,424.6166,457.873,6.785955e-04,9.135185e+03,3.313021e+04,4.958181,0.554489,107.2124,75.2363,500.0,9.2401,1.5214,10.7614
418,459.2361,459.2361,5.728271e-04,5.503387e+03,3.489944e+04,4.953879,0.553935,118.3792,70.2593,500.0,9.2046,1.4747,10.6794
419,447.6213,459.2361,6.208758e-04,5.707299e+03,3.303074e+04,4.953144,0.553932,115.6049,70.2447,500.0,8.807,1.3095,10.1165
420,449.4154,459.2361,6.179638e-04,6.042627e+03,3.166380e+04,4.955757,0.554075,114.582,72.7369,500.0,8.1854,1.4131,9.5985
421,473.5111,473.5111,6.334623e-04,7.981679e+03,3.258751e+04,4.952027,0.553925,124.1082,69.953,500.0,7.3322,1.3865,8.7187
422,461.8792,473.5111,6.911500e-04,6.118106e+03,3.441318e+04,4.953492,0.554036,118.7628,75.5888,500.0,8.4914,1.374,9.8654
423,477.7498,477.7498,6.438848e-04,7.018939e+03,3.197569e+04,4.948547,0.552876,122.933,72.5342,500.0,7.5405,1.4828,9.0233
424,445.5859,477.7498,7.851674e-04,6.765427e+03,3.491307e+04,4.946903,0.552839,113.7726,79.3439,500.0,5.9849,1.3934,7.3784
425,487.7553,487.7553,6.952990e-04,8.258826e+03,3.462461e+04,4.93855,0.552131,125.7454,72.1876,500.0,7.7197,1.3975,9.1173
426,451.0827,487.7553,7.616946e-04,6.531416e+03,3.630914e+04,4.935339,0.552083,114.7816,78.0119,500.0,8.2758,1.5199,9.7957
427,455.0794,487.7553,7.301951e-04,8.351141e+03,3.266580e+04,4.932003,0.552033,117.8929,75.56,500.0,8.4029,1.4694,9.8722
428,486.3752,487.7553,6.748418e-04,7.858969e+03,3.242137e+04,4.926273,0.55144,124.6145,73.3349,500.0,9.3347,1.3525,10.6871
429,505.0045,505.0045,5.787836e-04,6.802723e+03,3.248182e+04,4.923321,0.551317,130.7367,72.9204,500.0,8.6829,1.4082,10.0911
430,494.0824,505.0045,7.865704e-04,9.312235e+03,3.513508e+04,4.921752,0.551286,126.5435,78.3692,500.0,8.4595,1.3637,9.8232
431,499.2227,505.0045,7.670417e-04,7.345364e+03,3.686650e+04,4.919685,0.550283,128.3863,74.6235,500.0,9.0179,1.3764,10.3942
432,489.2881,505.0045,7.681128e-04,7.527669e+03,3.408541e+04,4.917208,0.550236,125.4301,75.3073,500.0,7.9849,1.3695,9.3544
433,490.5779,505.0045,7.673586e-04,5.349043e+03,3.811769e+04,4.915464,0.550125,127.4853,76.3254,500.0,8.6315,1.5159,10.1475
434,482.1044,505.0045,8.686552e-04,7.446983e+03,3.627866e+04,4.910975,0.549643,122.6834,80.6947,500.0,8.717,1.4795,10.1965
435,515.5859,515.5859,6.420235e-04,5.897508e+03,3.285780e+04,4.906898,0.549489,132.9762,75.1992,500.0,7.7194,1.4503,9.1697
436,506.3904,515.5859,6.736852e-04,6.465511e+03,3.159469e+04,4.903865,0.549469,129.8248,75.202,500.0,8.6507,1.4013,10.0519
437,523.3426,523.3426,6.972137e-04,6.897786e+03,3.571834e+04,4.900185,0.549317,136.4485,75.3025,500.0,8.5839,1.5081,10.092
438,504.9842,523.3426,8.107878e-04,7.563942e+03,3.751283e+04,4.89721,0.548869,130.7507,77.2837,500.0,7.982,1.4026,9.3846
439,517.2122,523.3426,8.338787e-04,7.370261e+03,3.666336e+04,4.893217,0.548716,133.6314,79.439,500.0,9.1083,1.4998,10.608
440,499.4529,523.3426,7.491932e-04,8.579519e+03,3.529671e+04,4.88768,0.547645,128.4028,78.5806,500.0,8.0527,1.5177,9.5703
441,532.3329,532.3329,8.378099e-04,7.677100e+03,3.700077e+04,4.881546,0.54704,137.4774,77.8846,500.0,8.8677,1.3548,10.2225
442,536.0565,536.0565,7.766667e-04,9.052582e+03,3.498068e+04,4.877441,0.546885,139.9845,77.6056,500.0,8.5913,1.4686,10.0599
443,513.3622,536.0565,7.208279e-04,8.419419e+03,3.123768e+04,4.873136,0.546827,131.2745,78.4491,500.0,9.0366,1.3606,10.3972
444,509.2419,536.0565,8.693564e-04,6.471178e+03,3.936616e+04,4.868793,0.546264,130.8811,81.4589,500.0,8.5525,1.4249,9.9774
445,516.5782,536.0565,9.272495e-04,8.653347e+03,3.946103e+04,4.869356,0.546674,133.0573,82.5154,500.0,8.5243,1.4364,9.9607
446,524.9533,536.0565,8.444177e-04,1.102529e+04,3.637490e+04,4.871583,0.546713,134.8829,81.153,500.0,7.6975,1.471,9.1685
447,491.1147,536.0565,8.349401e-04,7.705503e+03,3.559391e+04,4.872391,0.546722,125.0913,81.5121,500.0,8.7389,1.3966,10.1355
448,522.0038,536.0565,9.828908e-04,9.591721e+03,3.843908e+04,4.86916,0.546264,133.205,84.7808,500.0,7.2818,1.4434,8.7252
449,522.9911,536.0565,8.159284e-04,6.898261e+03,3.703774e+04,4.867461,0.546252,133.5506,80.0257,500.0,7.6299,1.4513,9.0812
450,523.715,536.0565,9.589189e-04,9.155429e+03,3.980588e+04,4.860336,0.545074,133.6114,84.1998,500.0,8.1322,1.4013,9.5335
451,538.5477,538.5477,8.628614e-04,7.731147e+03,3.638752e+04,4.854363,0.544475,139.9191,80.8627,500.0,8.4259,1.3483,9.7741
452,526.3878,538.5477,8.832506e-04,7.169195e+03,3.974602e+04,4.848899,0.544309,135.043,84.3244,500.0,9.102,1.4179,10.5199
453,549.5421,549.5421,7.723948e-04,1.003584e+04,3.796923e+04,4.845742,0.544268,140.9567,81.795,500.0,8.7311,1.3887,10.1198
454,536.5512,549.5421,8.561804e-04,9.413533e+03,3.622992e+04,4.844281,0.544232,136.6414,85.0277,500.0,7.9154,1.4947,9.4101
455,531.958,549.5421,9.627114e-04,9.183104e+03,3.884858e+04,4.8466,0.544273,136.6161,83.9996,500.0,9.1292,1.4166,10.5458
456,529.4156,549.5421,8.914193e-04,8.257190e+03,3.671786e+04,4.843609,0.544232,135.4462,89.0716,500.0,8.2517,1.3671,9.6188
457,562.561,562.561,8.586223e-04,1.084234e+04,3.654428e+04,4.834755,0.543606,145.2637,83.2185,500.0,7.5956,1.423,9.0186
458,542.8128,562.561,9.775668e-04,1.135870e+04,3.800211e+04,4.831089,0.542484,137.6785,89.0587,500.0,8.6636,1.4105,10.0742
459,587.8409,587.8409,8.344928e-04,8.275596e+03,3.460034e+04,4.829803,0.542473,152.8563,81.5252,500.0,7.582,1.407,8.989
460,577.1929,587.8409,7.406343e-04,1.123258e+04,3.539191e+04,4.827469,0.542331,149.4654,80.4743,500.0,7.3812,1.4659,8.847
461,587.9909,587.9909,8.680142e-04,1.337720e+04,3.573867e+04,4.826721,0.542329,152.2613,84.3303,500.0,8.9172,1.3594,10.2765
462,560.8176,587.9909,9.152242e-04,7.994974e+03,3.938131e+04,4.823067,0.541869,146.2648,86.8685,500.0,7.9318,1.3957,9.3275
463,574.4567,587.9909,9.347736e-04,8.185757e+03,3.677039e+04,4.817132,0.54167,147.1997,88.6648,500.0,8.0045,1.4329,9.4375
464,568.4402,587.9909,9.452058e-04,9.622267e+03,3.935096e+04,4.813355,0.541619,147.5555,86.3357,500.0,7.6899,1.3315,9.0214
465,602.933,602.933,7.413944e-04,8.438338e+03,3.647525e+04,4.806683,0.541011,156.3963,80.7106,500.0,8.1076,1.5094,9.6171
466,590.4417,602.933,9.149634e-04,9.802906e+03,3.941038e+04,4.79924,0.539843,152.4655,86.4216,500.0,9.0142,1.3558,10.37
467,594.5682,602.933,9.316196e-04,1.066004e+04,3.814222e+04,4.795227,0.539682,153.2276,85.479,500.0,9.1993,1.3897,10.589
468,609.3259,609.3259,9.836840e-04,1.044700e+04,4.052566e+04,4.791129,0.539217,157.8838,85.8687,500.0,8.9215,1.4541,10.3756
469,618.1237,618.1237,9.251165e-04,9.205338e+03,3.782785e+04,4.791264,0.539219,161.1818,84.1635,500.0,8.529,1.3387,9.8677
470,579.8731,618.1237,9.968794e-04,1.019335e+04,3.769279e+04,4.789597,0.539104,147.9353,91.4604,500.0,7.9916,1.3913,9.3829
471,595.8379,618.1237,9.930620e-04,1.018848e+04,3.665761e+04,4.786415,0.539062,153.9551,89.5628,500.0,7.6108,1.4997,9.1104
472,602.9889,618.1237,1.022965e-03,1.022101e+04,3.782951e+04,4.78,0.538857,156.3832,87.8561,500.0,8.9975,1.3398,10.3372
473,607.8197,618.1237,9.690358e-04,9.878735e+03,3.838564e+04,4.776401,0.538401,157.7611,85.1162,500.0,8.6397,1.4194,10.0591
474,609.1667,618.1237,1.033810e-03,9.093820e+03,4.066884e+04,4.771019,0.537282,156.4142,92.2426,500.0,7.7884,1.4742,9.2626
475,638.973,638.973,9.952892e-04,9.325239e+03,3.759734e+04,4.767372,0.537127,166.9106,87.6895,500.0,8.0673,1.3534,9.4207
476,636.9483,638.973,9.190579e-04,9.536980e+03,3.653720e+04,4.769898,0.537273,167.1432,84.5563,500.0,8.9362,1.4043,10.3404
477,614.5552,638.973,9.724796e-04,9.959943e+03,3.566771e+04,4.770809,0.537282,159.2666,90.15,500.0,8.4506,1.3924,9.843
478,615.4105,638.973,1.125441e-03,1.332148e+04,4.012144e+04,4.758244,0.536471,159.8392,91.3908,500.0,8.582,1.4602,10.0422
479,629.8676,638.973,1.025339e-03,9.659005e+03,4.211645e+04,4.763267,0.536662,162.9518,92.8154,500.0,7.9534,1.3636,9.317
480,631.4335,638.973,1.109712e-03,1.178229e+04,3.815693e+04,4.760261,0.536614,163.6783,89.6093,500.0,7.9045,1.4806,9.3851
481,603.5691,638.973,1.007286e-03,1.106751e+04,3.872379e+04,4.760426,0.536616,155.5497,95.6104,500.0,6.7554,1.4448,8.2002
482,662.9587,662.9587,1.018215e-03,1.099601e+04,3.939162e+04,4.751507,0.536293,172.8458,89.5079,500.0,7.7005,1.4374,9.1379
483,661.7577,662.9587,9.798595e-04,1.093904e+04,4.160039e+04,4.745223,0.535784,171.1446,87.0773,500.0,9.3567,1.5052,10.8619
484,671.9099,671.9099,1.100705e-03,1.200475e+04,4.095820e+04,4.73982,0.534672,174.7058,90.4594,500.0,8.7388,1.2988,10.0376
485,647.4643,671.9099,9.928240e-04,1.080830e+04,3.847956e+04,4.738801,0.534643,166.2983,89.4531,500.0,8.6856,1.465,10.1505
486,638.585,671.9099,1.150011e-03,1.156897e+04,4.000399e+04,4.738658,0.534643,166.6821,93.1645,500.0,8.3735,1.4494,9.8229
487,662.4406,671.9099,1.062006e-03,1.051119e+04,4.039284e+04,4.739494,0.534672,171.4602,91.5289,500.0,8.8474,1.41,10.2573
488,658.7698,671.9099,9.603773e-04,1.129997e+04,3.752415e+04,4.736949,0.534633,171.587,89.5032,500.0,8.2725,1.4102,9.6827
489,630.3053,671.9099,1.190766e-03,1.125756e+04,4.320103e+04,4.725712,0.533854,162.2695,95.1552,500.0,8.2419,1.3741,9.6159
490,683.1588,683.1588,1.117843e-03,1.326739e+04,4.343068e+04,4.727827,0.533894,177.6642,93.978,500.0,8.9452,1.4082,10.3534
491,659.2458,683.1588,9.976062e-04,9.273465e+03,3.956976e+04,4.720886,0.533687,169.7474,95.7515,500.0,8.1112,1.3402,9.4514
492,687.3355,687.3355,1.063417e-03,9.482835e+03,4.123275e+04,4.715825,0.533187,179.4775,89.6724,500.0,7.7553,1.3324,9.0878
493,686.8943,687.3355,1.084453e-03,1.148650e+04,3.826344e+04,4.710038,0.532081,178.7467,91.9616,500.0,8.6427,1.3495,9.9922
494,682.3926,687.3355,1.124466e-03,1.123472e+04,4.239822e+04,4.705555,0.531915,177.9179,95.0397,500.0,8.6142,1.4201,10.0343
495,704.3288,704.3288,9.708136e-04,9.235069e+03,3.872011e+04,4.701607,0.531446,184.1222,90.6472,500.0,6.9046,1.4524,8.357
496,678.3453,704.3288,1.106685e-03,1.421087e+04,3.876508e+04,4.692989,0.531201,176.4603,94.7772,500.0,7.9383,1.3915,9.3297
497,679.0551,704.3288,1.206953e-03,1.339870e+04,4.166658e+04,4.690102,0.531051,177.2209,95.3296,500.0,7.5124,1.4325,8.9449
498,671.3178,704.3288,1.245872e-03,1.157200e+04,4.179705e+04,4.68895,0.530621,173.7234,97.3502,500.0,7.4137,1.4532,8.8669
499,697.3277,704.3288,1.253714e-03,1.037667e+04,4.126048e+04,4.681382,0.529484,180.8706,98.4482,500.0,8.8656,1.4169,10.2824
500,699.4508,704.3288,1.195490e-03,9.990880e+03,4.051030e+04,4.67841,0.529433,181.7391,95.2518,500.0,8.0173,1.3771,9.3944
501,696.0896,704.3288,1.269795e-03,1.423965e+04,4.223996e+04,4.678981,0.529435,179.8821,101.2038,500.0,7.3242,1.3985,8.7227
502,673.2983,704.3288,1.295849e-03,1.083937e+04,4.460216e+04,4.675614,0.529278,173.8632,100.5396,500.0,8.5294,1.4205,9.9499
503,688.4738,704.3288,1.218262e-03,1.072991e+04,4.211792e+04,4.673912,0.528855,178.2695,98.5747,500.0,9.3212,1.4075,10.7288
504,717.3525,717.3525,1.159172e-03,1.053428e+04,4.012474e+04,4.674065,0.529275,186.0438,98.9756,500.0,8.985,1.435,10.42
505,687.935,717.3525,1.402160e-03,1.045590e+04,4.687274e+04,4.674781,0.529278,177.9713,102.1987,500.0,7.4282,1.3398,8.768
506,705.8919,717.3525,1.245109e-03,1.184729e+04,4.113852e+04,4.672793,0.528853,185.5488,96.9209,500.0,8.6282,1.4879,10.116
507,735.6645,735.6645,1.147741e-03,1.256312e+04,3.819967e+04,4.6688,0.528688,192.5409,95.2965,500.0,8.0702,1.3551,9.4253
508,725.1337,735.6645,1.314981e-03,1.145982e+04,4.136677e+04,4.663879,0.528606,188.9818,98.1069,500.0,8.9027,1.3996,10.3023
509,721.9985,735.6645,1.268079e-03,1.282012e+04,4.502557e+04,4.662751,0.528603,187.1894,98.1388,500.0,8.3913,1.4763,9.8675
510,743.04,743.04,1.090074e-03,9.030116e+03,4.213961e+04,4.657051,0.528011,192.5306,95.7312,500.0,8.8735,1.4104,10.2839
511,695.9963,743.04,1.326637e-03,1.350143e+04,4.567123e+04,4.648415,0.526844,181.0438,100.1861,500.0,8.3712,1.4623,9.8335
512,716.3267,743.04,1.142841e-03,1.034010e+04,4.738704e+04,4.646382,0.526717,187.8991,98.734,500.0,7.6897,1.3846,9.0743
513,753.2909,753.2909,1.073289e-03,1.098923e+04,4.174862e+04,4.639102,0.526094,198.2474,94.4961,500.0,7.9336,1.413,9.3467
514,751.2885,753.2909,1.455477e-03,1.120090e+04,4.711779e+04,4.634392,0.526032,195.0012,100.8054,500.0,8.704,1.3584,10.0624
515,746.2138,753.2909,1.346826e-03,1.126144e+04,4.044721e+04,4.630242,0.52587,193.468,97.3525,500.0,8.361,1.4392,9.8002
516,761.382,761.382,1.540909e-03,1.330548e+04,4.470237e+04,4.63025,0.525871,197.9972,100.0733,500.0,8.6696,1.5064,10.1761
517,752.8248,761.382,1.290887e-03,1.361543e+04,4.043276e+04,4.624382,0.525357,196.4913,99.2237,500.0,8.213,1.4905,9.7034
518,756.2569,761.382,1.213485e-03,1.238579e+04,4.055519e+04,4.61865,0.524281,196.8023,101.0822,500.0,7.2974,1.4724,8.7698
519,716.4074,761.382,1.400168e-03,1.304944e+04,4.438694e+04,4.616641,0.524245,184.8702,105.1243,500.0,8.6404,1.4741,10.1145
520,767.1757,767.1757,1.255764e-03,1.487364e+04,4.340986e+04,4.611451,0.524074,200.0483,96.5191,500.0,8.5806,1.4324,10.0129
521,752.5037,767.1757,1.415618e-03,9.375521e+03,4.559815e+04,4.604714,0.523448,194.6937,101.7975,500.0,8.2481,1.4041,9.6522
522,762.3019,767.1757,1.348302e-03,1.477408e+04,4.329907e+04,4.603301,0.523437,198.0377,102.8019,500.0,9.0937,1.4708,10.5645
523,781.8264,781.8264,1.276032e-03,1.253292e+04,4.454748e+04,4.599357,0.523268,205.3159,98.5263,500.0,7.8004,1.4162,9.2165
524,799.8004,799.8004,1.327314e-03,1.274362e+04,4.130945e+04,4.595244,0.522789,210.2524,98.4323,500.0,8.3203,1.5672,9.8875
525,755.5446,799.8004,1.449544e-03,1.267128e+04,4.502839e+04,4.598205,0.523236,194.9879,106.0427,500.0,7.9051,1.4788,9.3839
526,768.2423,799.8004,1.582215e-03,1.542814e+04,4.442701e+04,4.587865,0.521672,199.8204,103.5107,500.0,7.4209,1.4695,8.8904
527,797.0772,799.8004,1.674403e-03,1.531151e+04,4.518230e+04,4.58606,0.521634,207.4789,101.986,500.0,8.4108,1.4944,9.9052
528,802.8232,802.8232,1.160085e-03,1.360223e+04,4.333167e+04,4.579558,0.521006,209.4523,100.8625,500.0,8.0565,1.3573,9.4138
529,788.7348,802.8232,1.405708e-03,1.408950e+04,4.403486e+04,4.57343,0.520833,204.9497,104.3412,500.0,8.1043,1.3889,9.4932
530,812.8608,812.8608,1.186535e-03,1.457691e+04,4.070554e+04,4.570746,0.520783,212.0283,99.6978,500.0,8.4901,1.4733,9.9634
531,769.8882,812.8608,1.493059e-03,1.498588e+04,4.683362e+04,4.56432,0.520179,200.6091,106.1663,500.0,7.7342,1.3936,9.1279
532,785.2218,812.8608,1.312176e-03,1.383807e+04,4.343581e+04,4.563805,0.520152,203.3894,103.9727,500.0,7.9096,1.4279,9.3375
533,779.4063,812.8608,1.350893e-03,1.365244e+04,4.253730e+04,4.562523,0.520149,201.543,107.2476,500.0,8.5022,1.3981,9.9002
534,808.3596,812.8608,1.310686e-03,1.674458e+04,4.202266e+04,4.561241,0.520031,210.918,102.5408,500.0,8.2667,1.4045,9.6712
535,820.4992,820.4992,1.364513e-03,1.369496e+04,4.335640e+04,4.548203,0.51843,213.7398,103.6311,500.0,8.2795,1.3579,9.6374
536,809.0609,820.4992,1.583287e-03,1.339033e+04,4.514769e+04,4.552605,0.518914,210.4966,108.5007,500.0,8.2317,1.4728,9.7045
537,803.9436,820.4992,1.570690e-03,1.149362e+04,4.671593e+04,4.550395,0.518874,208.894,108.0097,500.0,8.4696,1.3884,9.858
538,816.2354,820.4992,1.556507e-03,1.842199e+04,4.466830e+04,4.544365,0.518269,213.5101,103.3504,500.0,8.4058,1.4124,9.8182
539,829.1269,829.1269,1.348673e-03,1.368808e+04,4.368554e+04,4.541089,0.518217,216.5124,103.9346,500.0,7.9856,1.4156,9.4012
540,845.0564,845.0564,1.395605e-03,1.625818e+04,4.307194e+04,4.5355,0.518017,221.9385,101.909,500.0,7.9465,1.4799,9.4263
541,809.9826,845.0564,1.739848e-03,1.634324e+04,5.071188e+04,4.527629,0.517373,211.4177,109.072,500.0,7.8117,1.4634,9.2751
542,800.2826,845.0564,1.823445e-03,1.639514e+04,4.874866e+04,4.516219,0.51579,207.7348,115.1823,500.0,8.236,1.4849,9.721
543,836.7646,845.0564,1.643279e-03,1.447446e+04,4.621255e+04,4.515035,0.515676,217.1117,112.7274,500.0,8.147,1.4651,9.6121
544,852.8609,852.8609,1.503595e-03,1.440462e+04,4.563331e+04,4.511792,0.515626,222.7151,106.1263,500.0,8.0471,1.4832,9.5302
545,829.6216,852.8609,1.466764e-03,1.876221e+04,4.826788e+04,4.503129,0.514977,214.6006,113.3421,500.0,8.6239,1.3258,9.9497
546,849.4823,852.8609,1.564894e-03,1.460368e+04,4.365692e+04,4.497528,0.514804,222.0188,105.742,500.0,9.442,1.4994,10.9415
547,832.9198,852.8609,1.555619e-03,1.517463e+04,4.479085e+04,4.496364,0.514772,216.6538,110.3874,500.0,8.4138,1.5121,9.9259
548,859.7636,859.7636,1.357835e-03,1.673527e+04,4.306681e+04,4.491402,0.513834,225.5667,105.1996,500.0,7.842,1.5099,9.3518
549,844.2933,859.7636,1.502728e-03,1.486017e+04,4.531526e+04,4.486371,0.513237,220.0645,108.366,500.0,8.828,1.3884,10.2164
550,850.7155,859.7636,1.336924e-03,1.279759e+04,4.203325e+04,4.483379,0.513186,220.9451,113.3663,500.0,7.1602,1.398,8.5581
551,847.7883,859.7636,1.722794e-03,1.765860e+04,5.042816e+04,4.484684,0.513194,221.7701,110.0427,500.0,7.625,1.4876,9.1126
552,834.2875,859.7636,1.842973e-03,1.905497e+04,5.138775e+04,4.478191,0.51301,217.7888,112.0458,500.0,7.6351,1.538,9.1731
553,843.8764,859.7636,1.907047e-03,1.820750e+04,5.414384e+04,4.475666,0.512967,219.5124,113.2578,500.0,7.4288,1.4446,8.8734
554,850.6405,859.7636,1.587709e-03,1.629879e+04,4.584810e+04,4.472592,0.512814,221.2426,113.2388,500.0,7.5187,1.3299,8.8486
555,834.3918,859.7636,1.807967e-03,1.963344e+04,4.850530e+04,4.467668,0.512206,218.1795,114.2315,500.0,8.0786,1.3928,9.4714
556,896.0587,896.0587,1.291671e-03,1.712797e+04,4.528815e+04,4.466702,0.512196,234.8313,104.8303,500.0,8.0415,1.423,9.4645
557,864.2138,896.0587,1.445963e-03,1.924557e+04,4.497912e+04,4.454917,0.510621,225.1925,109.7896,500.0,8.8966,1.3742,10.2708
558,904.9823,904.9823,1.421096e-03,1.749718e+04,4.454415e+04,4.452903,0.51058,237.6007,104.9178,500.0,8.3283,1.3787,9.707
559,853.6531,904.9823,1.523474e-03,1.588962e+04,4.631308e+04,4.44524,0.510365,222.8378,113.7215,500.0,8.9377,1.4874,10.4251
560,858.624,904.9823,1.792878e-03,1.795048e+04,4.841453e+04,4.448348,0.510417,223.8462,116.2121,500.0,6.8485,1.4299,8.2784
561,891.6628,904.9823,1.622894e-03,1.928613e+04,4.594348e+04,4.443244,0.510243,232.7429,108.7113,500.0,7.7621,1.4311,9.1933
562,895.7587,904.9823,1.540603e-03,1.754107e+04,4.842323e+04,4.43718,0.509711,234.103,110.7566,500.0,8.7788,1.4818,10.2605
563,884.7189,904.9823,1.418606e-03,2.414179e+04,4.255507e+04,4.433361,0.509547,230.8607,108.3344,500.0,8.8082,1.482,10.2901
564,902.4328,904.9823,1.580304e-03,1.466429e+04,4.538153e+04,4.430058,0.508645,235.814,109.1482,500.0,8.5962,1.4852,10.0813
565,901.2954,904.9823,1.716789e-03,1.909491e+04,4.642899e+04,4.425193,0.50848,235.4009,107.9662,500.0,8.507,1.4666,9.9736
566,874.5216,904.9823,2.023689e-03,2.171954e+04,4.980591e+04,4.422103,0.508018,227.7486,116.1744,500.0,8.614,1.3734,9.9874
567,898.2614,904.9823,1.560794e-03,1.679717e+04,4.242670e+04,4.418672,0.507864,234.0799,115.1966,500.0,7.6121,1.4412,9.0534
568,878.4691,904.9823,1.680681e-03,1.745006e+04,4.904004e+04,4.421489,0.508021,229.1969,120.4498,500.0,8.2293,1.4438,9.6732
569,839.3553,904.9823,1.768398e-03,1.833908e+04,4.740754e+04,4.420182,0.508017,216.9517,120.6833,500.0,8.3058,1.462,9.7678
570,920.3393,920.3393,1.824058e-03,2.027751e+04,5.273323e+04,4.41568,0.507823,239.8075,114.9024,500.0,7.438,1.367,8.805
571,916.8401,920.3393,1.910737e-03,1.639520e+04,4.750319e+04,4.416004,0.507825,240.4118,114.8592,500.0,8.983,1.4588,10.4418
572,871.3964,920.3393,1.827923e-03,1.688305e+04,5.070054e+04,4.411404,0.50776,225.8107,118.4825,500.0,7.3893,1.4414,8.8307
573,899.6323,920.3393,1.986026e-03,1.875513e+04,5.001117e+04,4.40668,0.507155,234.1546,120.8881,500.0,8.0288,1.4643,9.4931
574,924.0742,924.0742,1.998869e-03,2.167799e+04,4.825231e+04,4.404072,0.507113,241.2246,115.7972,500.0,7.7367,1.3605,9.0972
575,906.9399,924.0742,1.781009e-03,2.258962e+04,4.612557e+04,4.397846,0.506075,236.0522,117.3561,500.0,8.9162,1.4114,10.3275
576,922.0201,924.0742,2.048057e-03,2.030354e+04,4.968098e+04,4.390561,0.505418,241.4026,117.4431,500.0,8.7162,1.3267,10.0429
577,927.2525,927.2525,1.587552e-03,2.043103e+04,4.483895e+04,4.385727,0.505222,242.7719,116.0124,500.0,8.9606,1.3921,10.3527
578,925.9995,927.2525,1.863598e-03,2.732709e+04,4.561338e+04,4.374584,0.504537,241.1358,120.5447,500.0,7.3633,1.4653,8.8286
579,939.5171,939.5171,1.842021e-03,2.734578e+04,4.832945e+04,4.371563,0.504381,245.7374,117.0852,500.0,8.4163,1.3424,9.7587
580,928.0539,939.5171,1.865524e-03,1.635434e+04,4.663477e+04,4.364479,0.503434,241.904,121.0972,500.0,7.4089,1.3067,8.7155
581,907.9787,939.5171,1.992964e-03,1.642481e+04,4.894497e+04,4.363328,0.503318,234.9522,124.1157,500.0,7.5338,1.5259,9.0597
582,892.1081,939.5171,2.266929e-03,2.782974e+04,5.507440e+04,4.353992,0.502647,231.5105,127.7127,500.0,9.0013,1.4127,10.414
583,939.0066,939.5171,2.002848e-03,1.889813e+04,4.986684e+04,4.34916,0.50259,244.3873,120.6153,500.0,8.1536,1.3774,9.531
584,923.3935,939.5171,2.060564e-03,2.485167e+04,5.041062e+04,4.346465,0.502437,241.4105,123.8841,500.0,8.0372,1.5635,9.6007
585,944.2482,944.2482,2.016161e-03,1.950245e+04,4.852498e+04,4.340237,0.501895,247.1355,121.2476,500.0,7.9177,1.4809,9.3986
586,949.7718,949.7718,2.170665e-03,2.040330e+04,4.981789e+04,4.336075,0.50172,247.9301,121.4631,500.0,8.5014,1.4593,9.9607
587,930.9334,949.7718,2.189727e-03,2.236665e+04,5.386947e+04,4.331485,0.500831,243.2036,120.894,500.0,8.139,1.419,9.558
588,935.1386,949.7718,2.083657e-03,2.070583e+04,5.109509e+04,4.323891,0.50017,243.9549,124.2268,500.0,8.6683,1.5046,10.1729
589,919.102,949.7718,2.067104e-03,1.962334e+04,4.883135e+04,4.317512,0.499986,237.7577,129.7191,500.0,9.7285,1.421,11.1496
590,954.8911,954.8911,2.181188e-03,2.339164e+04,5.013373e+04,4.306873,0.499154,248.2318,126.3168,500.0,7.0156,1.3835,8.399
591,941.0314,954.8911,2.213171e-03,2.106415e+04,5.364458e+04,4.305793,0.499151,244.4846,128.0601,500.0,7.8966,1.4129,9.3094
592,969.5518,969.5518,2.198766e-03,2.635407e+04,5.081438e+04,4.294536,0.497608,253.4846,122.113,500.0,7.4944,1.3726,8.867
593,979.9372,979.9372,2.016286e-03,2.221145e+04,4.921390e+04,4.290864,0.497448,256.9769,121.3418,500.0,8.0241,1.4051,9.4292
594,987.5646,987.5646,2.319173e-03,3.012958e+04,5.274904e+04,4.285625,0.497383,258.625,123.8103,500.0,8.5738,1.5206,10.0944
595,976.7033,987.5646,1.870718e-03,1.901851e+04,5.361623e+04,4.282413,0.497227,255.2836,125.4521,500.0,7.5703,1.5283,9.0985
596,960.8901,987.5646,2.093619e-03,2.927308e+04,5.128281e+04,4.273727,0.496545,250.7026,124.5708,500.0,8.6481,1.4146,10.0627
597,963.6674,987.5646,1.976570e-03,2.402791e+04,4.700927e+04,4.277119,0.496711,249.3367,128.111,500.0,8.2432,1.3376,9.5809
598,954.4024,987.5646,2.177073e-03,2.448246e+04,5.128500e+04,4.270195,0.495684,249.4226,126.4636,500.0,7.5256,1.5528,9.0785
599,955.0381,987.5646,2.092932e-03,2.439412e+04,5.065698e+04,4.264862,0.495467,250.1355,122.3788,500.0,9.1266,1.4829,10.6095
600,991.5464,991.5464,1.828951e-03,2.085352e+04,5.109879e+04,4.260586,0.494963,260.0432,120.6076,500.0,7.669,1.4047,9.0737
601,963.7284,991.5464,2.180824e-03,2.237737e+04,5.181830e+04,4.255676,0.494792,251.9851,127.6651,500.0,8.1879,1.4874,9.6754
602,999.9003,999.9003,2.042835e-03,2.825556e+04,4.982403e+04,4.252342,0.494736,261.2671,123.3035,500.0,7.5311,1.4575,8.9886
603,964.3281,999.9003,2.463476e-03,2.874541e+04,4.998675e+04,4.249969,0.494578,250.8067,131.4158,500.0,8.8892,1.4527,10.3419
604,981.7642,999.9003,2.498732e-03,2.300407e+04,5.645960e+04,4.250175,0.494581,256.4767,126.4604,500.0,8.4233,1.3972,9.8205
605,968.4093,999.9003,1.985498e-03,2.460177e+04,4.940770e+04,4.252052,0.49462,253.9333,125.5305,500.0,7.7909,1.4586,9.2495
606,936.2205,999.9003,2.721520e-03,2.453080e+04,5.174611e+04,4.248246,0.494116,240.829,137.5446,500.0,8.9816,1.4715,10.4531
607,1014.3081,1014.3081,2.376721e-03,2.369766e+04,5.400796e+04,4.243106,0.493937,266.1584,126.9667,500.0,8.1256,1.4358,9.5614
608,983.1086,1014.3081,2.224638e-03,2.320916e+04,5.075733e+04,4.236473,0.493032,257.0107,128.9621,500.0,8.9081,1.4651,10.3731
609,1009.7831,1014.3081,2.076694e-03,1.890993e+04,4.768049e+04,4.230649,0.492371,265.4305,120.3469,500.0,7.5696,1.4761,9.0457
610,989.1124,1014.3081,1.783284e-03,1.941896e+04,4.945661e+04,4.230289,0.492368,257.7658,125.0371,500.0,7.9839,1.4395,9.4234
611,1003.1042,1014.3081,2.000302e-03,2.291161e+04,5.114893e+04,4.218261,0.491973,263.3449,125.1254,500.0,8.0972,1.5116,9.6089
612,1010.9458,1014.3081,2.228143e-03,1.815894e+04,5.229423e+04,4.214676,0.491466,264.5232,125.4458,500.0,8.2779,1.5078,9.7857
613,997.8403,1014.3081,2.088121e-03,2.074109e+04,4.990666e+04,4.211326,0.491327,260.7026,126.2992,500.0,7.4181,1.3682,8.7863
614,1025.5791,1025.5791,2.173362e-03,2.827462e+04,5.288068e+04,4.211739,0.491336,268.4073,122.753,500.0,7.2854,1.4136,8.699
615,1029.9818,1029.9818,2.561179e-03,2.399637e+04,5.434392e+04,4.210476,0.491325,270.7454,124.585,500.0,6.7782,1.5024,8.2806
616,1020.738,1029.9818,2.178660e-03,2.371001e+04,5.061114e+04,4.215893,0.491962,268.1586,126.2674,500.0,8.0307,1.3642,9.3949
617,1030.4524,1030.4524,2.252604e-03,2.868883e+04,5.723884e+04,4.209244,0.491327,269.7971,125.9637,500.0,7.4565,1.4947,8.9512
618,1033.4089,1033.4089,1.896879e-03,1.818234e+04,5.190203e+04,4.207481,0.491293,270.5247,121.7201,500.0,8.7701,1.4288,10.1989
619,1017.2888,1033.4089,2.018442e-03,2.794785e+04,5.472882e+04,4.206322,0.490489,266.2044,126.9473,500.0,7.5656,1.4181,8.9837
620,1026.3483,1033.4089,2.757450e-03,2.911203e+04,5.661477e+04,4.206032,0.491283,268.2579,131.0084,500.0,8.2971,1.4247,9.7218
621,1001.541,1033.4089,2.509094e-03,3.058795e+04,5.152392e+04,4.207016,0.491285,260.5706,132.0375,500.0,8.6327,1.4359,10.0686
622,1006.5647,1033.4089,2.514516e-03,2.696355e+04,5.156011e+04,4.210297,0.491453,263.5731,129.0023,500.0,8.0555,1.4518,9.5073
623,1030.6462,1033.4089,2.200707e-03,3.037782e+04,5.128901e+04,4.20348,0.490436,270.9164,127.6087,500.0,7.4659,1.4138,8.8797
624,1017.7966,1033.4089,2.294278e-03,3.258754e+04,5.264085e+04,4.195035,0.489764,263.7695,133.6065,500.0,9.1713,1.5153,10.6866
625,1029.4587,1033.4089,2.540741e-03,2.479419e+04,5.762621e+04,4.185975,0.489527,269.122,134.9311,500.0,8.5603,1.4659,10.0261
626,1044.1276,1044.1276,2.454469e-03,2.960894e+04,5.690811e+04,4.178765,0.488858,273.5948,130.1134,500.0,7.906,1.3516,9.2576
627,1047.7917,1047.7917,2.385684e-03,2.240161e+04,5.309283e+04,4.175247,0.488727,274.2398,131.507,500.0,7.836,1.4517,9.2878
628,1018.03,1047.7917,2.821700e-03,2.869392e+04,5.603983e+04,4.170586,0.487846,265.5137,138.7028,500.0,7.426,1.4159,8.8419
629,1036.5676,1047.7917,2.709546e-03,2.406610e+04,5.709626e+04,4.171928,0.487878,271.3735,137.0022,500.0,7.0993,1.4136,8.5129
630,1039.035,1047.7917,2.509547e-03,1.800824e+04,5.892884e+04,4.160371,0.487033,272.2893,133.7723,500.0,7.8367,1.4183,9.255
631,1041.0556,1047.7917,2.300833e-03,2.306082e+04,5.095371e+04,4.154374,0.486935,273.3534,131.6382,500.0,8.0075,1.3651,9.3726
632,1056.035,1056.035,2.236753e-03,2.309171e+04,5.692404e+04,4.153118,0.486934,276.6484,125.2039,500.0,6.7029,1.5112,8.2141
633,1066.968,1066.968,2.258681e-03,2.951659e+04,4.932600e+04,4.142826,0.486108,279.989,126.9684,500.0,8.3242,1.5066,9.8308
634,1063.0891,1066.968,2.229240e-03,2.861724e+04,5.029070e+04,4.141914,0.486068,279.202,127.7764,500.0,8.0935,1.5081,9.6016
635,1048.9324,1066.968,2.746730e-03,3.237246e+04,5.100025e+04,4.133121,0.485062,274.2889,133.841,500.0,9.036,1.4418,10.4778
636,1055.7962,1066.968,2.371073e-03,2.809419e+04,5.693656e+04,4.130795,0.484593,275.7209,132.8144,500.0,7.7559,1.4453,9.2011
637,1077.1821,1077.1821,2.275877e-03,3.002093e+04,5.312438e+04,4.128395,0.484547,282.3135,134.1616,500.0,6.7625,1.5123,8.2748
638,1094.4589,1094.4589,2.010653e-03,3.241435e+04,5.049118e+04,4.128383,0.484547,288.4669,127.5167,500.0,8.1203,1.5394,9.6597
639,1051.8789,1094.4589,2.460917e-03,3.352118e+04,5.538260e+04,4.118301,0.48416,276.2106,131.375,500.0,8.8869,1.4866,10.3735
640,1066.3329,1094.4589,2.554045e-03,2.505182e+04,5.860328e+04,4.111061,0.48351,278.1942,135.1461,500.0,8.3299,1.4687,9.7986
641,1052.3015,1094.4589,2.330956e-03,2.695618e+04,5.317075e+04,4.102696,0.482476,274.6383,134.2586,500.0,7.8785,1.2957,9.1742
642,1091.0877,1094.4589,2.560765e-03,2.578759e+04,5.973394e+04,4.097046,0.481944,286.2425,133.5153,500.0,8.8435,1.5372,10.3808
643,1085.1174,1094.4589,2.168202e-03,2.974725e+04,4.926134e+04,4.083561,0.481077,283.9022,129.162,500.0,7.2751,1.4038,8.6789
644,1095.7719,1095.7719,2.467894e-03,2.082255e+04,5.214836e+04,4.091842,0.48177,288.4325,133.1967,500.0,8.4747,1.4875,9.9622
645,1111.078,1111.078,2.320316e-03,2.889306e+04,5.286475e+04,4.084709,0.481543,292.5323,127.2648,500.0,8.9057,1.4571,10.3627
646,1069.5608,1111.078,2.181134e-03,3.716233e+04,5.267352e+04,4.085758,0.481583,279.9495,136.1086,500.0,8.2094,1.3752,9.5847
647,1108.8615,1111.078,2.147423e-03,3.129080e+04,5.442482e+04,4.08234,0.481064,292.3015,126.822,500.0,7.3144,1.3537,8.6682
648,1079.6274,1111.078,2.771369e-03,2.387569e+04,5.784653e+04,4.071968,0.480034,281.9544,137.6055,500.0,6.1758,1.4738,7.6496
649,1120.3632,1120.3632,2.156886e-03,3.291809e+04,4.804945e+04,4.072319,0.480037,295.1357,128.5227,500.0,8.0211,1.4547,9.4758
650,1111.9564,1120.3632,2.619694e-03,3.036102e+04,5.271746e+04,4.070786,0.480034,291.7527,134.1913,500.0,7.0487,1.5156,8.5642
651,1088.1106,1120.3632,2.760587e-03,2.828500e+04,6.226315e+04,4.064796,0.479387,284.1503,136.469,500.0,9.2918,1.4945,10.7864
652,1093.3547,1120.3632,2.730771e-03,2.721394e+04,5.371545e+04,4.060867,0.479222,285.2551,140.4551,500.0,8.2191,1.4083,9.6274
653,1126.3656,1126.3656,2.565781e-03,3.821017e+04,5.498779e+04,4.051502,0.478978,295.7628,133.5256,500.0,8.3414,1.4124,9.7538
654,1089.2426,1126.3656,2.376650e-03,3.739936e+04,5.298652e+04,4.052125,0.478979,284.9399,141.0809,500.0,7.9085,1.4777,9.3862
655,1145.4415,1145.4415,2.427416e-03,2.635868e+04,5.455636e+04,4.047127,0.478426,301.0081,130.4849,500.0,8.8848,1.4453,10.3301
656,1116.152,1145.4415,2.413535e-03,2.208627e+04,6.375981e+04,4.044537,0.478294,292.0556,135.8797,500.0,7.0342,1.3399,8.3741
657,1086.1883,1145.4415,3.026786e-03,4.015553e+04,6.122999e+04,4.032795,0.477261,284.0837,148.9722,500.0,8.6625,1.4506,10.1131
658,1118.9256,1145.4415,2.648130e-03,3.115226e+04,5.744450e+04,4.027954,0.476737,294.2108,134.7056,500.0,8.1274,1.3471,9.4746
659,1130.032,1145.4415,2.605531e-03,2.883670e+04,5.413134e+04,4.023403,0.476559,295.8666,136.629,500.0,9.1085,1.2865,10.3951
660,1137.7457,1145.4415,2.406482e-03,2.601854e+04,5.875773e+04,4.020679,0.476507,298.4247,136.9982,500.0,8.8561,1.3038,10.1599
661,1116.5255,1145.4415,2.910275e-03,4.209089e+04,5.857509e+04,4.017746,0.476343,293.6554,140.804,500.0,8.4856,1.4674,9.9531
662,1108.7722,1145.4415,2.810343e-03,3.788651e+04,5.836813e+04,4.012947,0.475817,291.4579,141.9192,500.0,8.1249,1.3537,9.4786
663,1120.3668,1145.4415,2.897034e-03,2.658635e+04,6.035757e+04,4.015846,0.476343,292.7054,138.4633,500.0,7.8316,1.3452,9.1768
664,1157.966,1157.966,2.732486e-03,4.633031e+04,5.676263e+04,4.017727,0.476387,304.6181,134.4179,500.0,7.6752,1.4142,9.0893
665,1122.5566,1157.966,2.464970e-03,2.142558e+04,5.544753e+04,4.021721,0.476562,294.8681,138.31,500.0,7.8728,1.4004,9.2731
666,1154.9043,1157.966,2.503786e-03,3.584510e+04,5.103562e+04,4.018425,0.476518,303.5779,134.7596,500.0,7.1732,1.4625,8.6357
667,1151.9919,1157.966,2.367531e-03,3.341922e+04,5.677955e+04,4.016381,0.476384,304.3813,135.2708,500.0,7.6426,1.3377,8.9803
668,1130.6739,1157.966,2.905378e-03,3.014022e+04,5.867150e+04,4.004333,0.475628,295.2372,143.4268,500.0,8.3795,1.4191,9.7986
669,1132.9634,1157.966,2.889476e-03,3.169634e+04,5.822095e+04,4.00232,0.474882,298.2414,143.492,500.0,8.5671,1.458,10.0251
670,1131.7718,1157.966,2.731058e-03,2.905390e+04,5.579708e+04,4.003853,0.474891,297.2474,144.5449,500.0,9.8144,1.334,11.1483
671,1127.7511,1157.966,3.384865e-03,3.857836e+04,5.826227e+04,3.997219,0.474661,296.0106,144.5231,500.0,7.5874,1.3903,8.9778
672,1117.903,1157.966,2.546011e-03,4.004805e+04,5.636754e+04,3.991547,0.474005,293.342,142.0702,500.0,8.4979,1.3894,9.8872
673,1153.0577,1157.966,2.578930e-03,2.941714e+04,5.483225e+04,3.990223,0.473972,303.173,137.0924,500.0,8.4951,1.4033,9.8984
674,1171.0051,1171.0051,2.746487e-03,2.999813e+04,5.736569e+04,3.981346,0.473735,307.6438,139.7275,500.0,8.0619,1.5236,9.5856
675,1130.2628,1171.0051,2.919290e-03,4.438778e+04,5.649893e+04,3.968422,0.472118,296.2127,142.7935,500.0,7.9405,1.3711,9.3117
676,1124.8281,1171.0051,2.954539e-03,2.734914e+04,5.923008e+04,3.971004,0.472281,294.7909,148.4014,500.0,7.1661,1.4734,8.6394
677,1167.4673,1171.0051,2.334343e-03,2.893910e+04,5.462878e+04,3.972465,0.472292,307.4597,136.5431,500.0,7.9124,1.4734,9.3857
678,1182.1278,1182.1278,2.165317e-03,2.489509e+04,5.398320e+04,3.963394,0.471589,312.2642,133.829,500.0,8.5366,1.4688,10.0054
679,1132.5349,1182.1278,2.790745e-03,2.775903e+04,6.044265e+04,3.963707,0.47206,297.6888,143.2212,500.0,7.1074,1.3998,8.5072
680,1153.0389,1182.1278,2.660900e-03,2.919111e+04,5.450138e+04,3.947463,0.471133,302.3585,139.5169,500.0,8.1631,1.6828,9.8459
681,1156.655,1182.1278,3.680663e-03,3.346656e+04,6.392511e+04,3.955113,0.471357,304.1841,143.775,500.0,8.9795,1.4274,10.4069
682,1161.947,1182.1278,2.456768e-03,2.681919e+04,5.799095e+04,3.952412,0.471309,304.4798,141.0457,500.0,7.483,1.4056,8.8886
683,1121.8354,1182.1278,2.921750e-03,2.753546e+04,6.140352e+04,3.951484,0.471296,291.212,146.7265,500.0,7.3637,1.3498,8.7135
684,1174.6793,1182.1278,2.707694e-03,3.057879e+04,5.361300e+04,3.941185,0.470456,308.8094,138.0987,500.0,7.9726,1.5171,9.4897
685,1192.2879,1192.2879,2.610775e-03,3.795258e+04,5.627582e+04,3.941761,0.470464,314.1292,135.2089,500.0,7.3727,1.3734,8.7461
686,1164.6262,1192.2879,2.953929e-03,3.281727e+04,6.154952e+04,3.937927,0.469693,306.1083,147.2629,500.0,8.3141,1.417,9.7311
687,1206.8935,1206.8935,2.561027e-03,2.360811e+04,5.739657e+04,3.930817,0.469462,318.0404,135.4431,500.0,7.5671,1.3823,8.9494
688,1165.8622,1206.8935,3.069178e-03,2.787771e+04,5.847718e+04,3.930084,0.469462,305.911,142.1086,500.0,8.4175,1.4394,9.8569
689,1132.4952,1206.8935,2.944026e-03,4.362873e+04,5.568175e+04,3.926055,0.468942,297.4113,147.5775,500.0,8.5357,1.5433,10.079
690,1189.2726,1206.8935,2.985516e-03,3.253223e+04,5.909528e+04,3.920033,0.468747,312.6615,143.4173,500.0,7.7037,1.4699,9.1736
691,1184.9856,1206.8935,2.559161e-03,2.910508e+04,5.703471e+04,3.925934,0.468931,312.1859,142.6915,500.0,7.2681,1.4033,8.6714
692,1200.064,1206.8935,2.655637e-03,3.900931e+04,5.961263e+04,3.923713,0.468806,316.4644,139.4799,500.0,8.4773,1.4282,9.9055
693,1175.2667,1206.8935,2.837263e-03,2.749993e+04,5.774430e+04,3.915321,0.468572,307.0338,147.9095,500.0,6.9439,1.4726,8.4164
694,1230.238,1230.238,2.789205e-03,2.997767e+04,5.469842e+04,3.918121,0.468738,324.8069,139.2488,500.0,8.5828,1.4197,10.0025
695,1191.64,1230.238,2.789926e-03,3.316249e+04,4.921324e+04,3.914814,0.468571,315.4838,141.9854,500.0,8.7904,1.484,10.2744
696,1203.3384,1230.238,3.130961e-03,2.989167e+04,5.363607e+04,3.911903,0.468524,315.4111,145.8194,500.0,8.3631,1.41,9.7731
697,1200.0922,1230.238,3.833622e-03,3.475751e+04,6.817961e+04,3.903859,0.467803,315.4898,147.2038,500.0,8.0305,1.4604,9.4908
698,1182.9941,1230.238,3.310241e-03,3.638446e+04,6.430257e+04,3.899845,0.467041,310.4211,150.4109,500.0,7.9942,1.4388,9.433
699,1212.9722,1230.238,2.839815e-03,3.395936e+04,5.806171e+04,3.894554,0.466859,318.5574,143.955,500.0,9.0901,1.3951,10.4853
700,1208.7483,1230.238,2.786293e-03,3.188360e+04,5.454296e+04,3.89433,0.466383,317.6396,141.8849,500.0,8.4291,1.4409,9.87
701,1210.2681,1230.238,2.892446e-03,3.278696e+04,5.607566e+04,3.888726,0.466193,317.1237,145.1647,500.0,8.5337,1.398,9.9317
702,1239.9434,1239.9434,2.228985e-03,2.958959e+04,5.415080e+04,3.889641,0.466205,327.9833,136.7395,500.0,8.3661,1.3837,9.7498
703,1186.4777,1239.9434,3.274647e-03,2.881039e+04,6.002727e+04,3.886135,0.466149,311.2475,151.1629,500.0,7.8404,1.4193,9.2597
704,1237.5538,1239.9434,2.796288e-03,2.716744e+04,5.590399e+04,3.883519,0.466132,326.8043,142.6125,500.0,9.4184,1.5169,10.9353
705,1231.5848,1239.9434,2.974499e-03,3.212789e+04,6.260186e+04,3.868453,0.464497,322.4255,146.4407,500.0,8.1811,1.478,9.6592
706,1222.1033,1239.9434,2.536950e-03,2.595695e+04,5.935305e+04,3.867123,0.464484,321.4922,145.5048,500.0,7.8683,1.4638,9.3321
707,1223.5078,1239.9434,2.953021e-03,3.870873e+04,6.007961e+04,3.868156,0.464497,322.6768,148.3806,500.0,7.773,1.4169,9.19
708,1235.7606,1239.9434,2.870577e-03,2.782475e+04,5.401465e+04,3.86848,0.464498,324.8612,146.0934,500.0,7.7226,1.3388,9.0614
709,1240.6548,1240.6548,2.683778e-03,3.754153e+04,6.233145e+04,3.869007,0.464495,327.109,145.1376,500.0,7.3132,1.5061,8.8193
710,1203.1056,1240.6548,3.311258e-03,3.236234e+04,5.816858e+04,3.866375,0.464438,316.1004,152.7908,500.0,6.3994,1.4965,7.8959
711,1230.5356,1240.6548,3.932518e-03,2.795494e+04,6.601444e+04,3.859051,0.463736,323.2444,151.2648,500.0,7.033,1.3893,8.4222
712,1214.5011,1240.6548,3.635960e-03,3.030287e+04,6.244396e+04,3.854877,0.463598,315.8294,159.5758,500.0,7.5631,1.4055,8.9686
713,1240.3121,1240.6548,3.357427e-03,2.689100e+04,5.567024e+04,3.857025,0.463766,326.1977,152.1026,500.0,8.3214,1.4883,9.8097
714,1249.2397,1249.2397,2.871115e-03,4.097143e+04,5.752286e+04,3.859062,0.464259,329.2307,145.2925,500.0,7.4738,1.4971,8.9708
715,1253.0903,1253.0903,2.791712e-03,2.937984e+04,5.486764e+04,3.857158,0.46378,330.0151,143.6444,500.0,8.6689,1.5201,10.189
716,1230.3594,1253.0903,3.514096e-03,3.439506e+04,6.176174e+04,3.857117,0.463777,321.973,155.8288,500.0,7.0397,1.3875,8.4272
717,1239.9317,1253.0903,3.241061e-03,3.595323e+04,5.812064e+04,3.852283,0.463599,325.6646,152.363,500.0,8.9159,1.4064,10.3223
718,1244.923,1253.0903,3.345723e-03,3.922905e+04,5.799947e+04,3.860481,0.464305,326.816,154.4461,500.0,7.6824,1.3692,9.0515
719,1269.9016,1269.9016,3.089579e-03,3.581879e+04,6.016137e+04,3.853611,0.463721,333.9005,151.0408,500.0,9.1502,1.4298,10.58
720,1241.9874,1269.9016,3.429198e-03,3.907048e+04,6.240746e+04,3.854592,0.463735,326.3606,151.6534,500.0,8.8154,1.3142,10.1295
721,1261.8515,1269.9016,3.163784e-03,3.319150e+04,5.829797e+04,3.848213,0.463538,332.3642,148.2986,500.0,9.1185,1.3536,10.4721
722,1265.9588,1269.9016,2.887573e-03,3.225275e+04,5.681871e+04,3.84132,0.463313,332.9311,145.879,500.0,8.4358,1.5336,9.9694
723,1263.0714,1269.9016,2.964235e-03,3.672786e+04,5.858568e+04,3.835819,0.462637,333.2653,147.5256,500.0,8.8571,1.4277,10.2848
724,1291.8865,1291.8865,2.861393e-03,4.563590e+04,6.141974e+04,3.838444,0.462775,339.7061,147.8316,500.0,8.3411,1.3555,9.6967
725,1299.7433,1299.7433,2.824922e-03,3.222148e+04,5.520445e+04,3.838608,0.462809,344.372,146.2522,500.0,8.3951,1.4338,9.8289
726,1277.4237,1299.7433,2.733165e-03,2.834297e+04,6.170846e+04,3.841969,0.463314,336.4788,147.9881,500.0,8.2693,1.5472,9.8165
727,1279.9648,1299.7433,3.295734e-03,4.294572e+04,6.002234e+04,3.829735,0.461854,337.8018,150.4975,500.0,8.1277,1.3628,9.4906
728,1281.9922,1299.7433,3.535024e-03,3.651682e+04,6.395079e+04,3.827984,0.461839,335.7028,156.0192,500.0,7.7657,1.4685,9.2342
729,1290.678,1299.7433,2.663226e-03,2.962718e+04,5.819870e+04,3.825791,0.461708,340.2835,146.1746,500.0,7.3188,1.3944,8.7132
730,1276.4995,1299.7433,3.028940e-03,3.799137e+04,5.803253e+04,3.816528,0.460986,337.2531,149.6212,500.0,7.8286,1.3185,9.1471
731,1299.1294,1299.7433,2.936543e-03,2.960798e+04,5.665321e+04,3.813336,0.460925,343.5361,147.6682,500.0,8.5927,1.4738,10.0665
732,1263.5137,1299.7433,3.394551e-03,3.505027e+04,6.171806e+04,3.807518,0.460699,331.6066,152.0653,500.0,9.1883,1.3074,10.4957
733,1306.1442,1306.1442,3.444584e-03,4.692877e+04,6.385595e+04,3.797969,0.459299,345.1816,146.1617,500.0,8.2748,1.4575,9.7323
734,1291.8593,1306.1442,3.631486e-03,4.287776e+04,6.045006e+04,3.788948,0.45906,340.1541,154.4009,500.0,8.3871,1.4639,9.851
735,1274.9057,1306.1442,4.379991e-03,4.839262e+04,6.619034e+04,3.795029,0.459299,335.5777,156.605,500.0,8.4443,1.3388,9.7831
736,1322.089,1322.089,3.205669e-03,3.146942e+04,6.078209e+04,3.788643,0.459074,350.16,144.7283,500.0,9.4147,1.4526,10.8673
737,1269.4261,1322.089,3.551351e-03,4.242859e+04,6.521518e+04,3.781395,0.458394,333.2052,155.3078,500.0,9.0088,1.3215,10.3304
738,1334.8929,1334.8929,3.016881e-03,4.281825e+04,6.313267e+04,3.783489,0.458526,354.2425,147.2127,500.0,8.7806,1.5085,10.2891
739,1321.4599,1334.8929,2.576705e-03,3.911754e+04,5.428186e+04,3.785377,0.458561,350.2617,148.7055,500.0,8.1882,1.5431,9.7313
740,1307.7465,1334.8929,3.185688e-03,3.720104e+04,5.888845e+04,3.772823,0.458137,346.4686,148.8445,500.0,7.8787,1.3688,9.2475
741,1310.5965,1334.8929,3.366655e-03,2.895346e+04,6.265189e+04,3.771816,0.458094,345.4455,154.7028,500.0,7.3294,1.3803,8.7097
742,1294.8574,1334.8929,3.898618e-03,5.121094e+04,6.830352e+04,3.773151,0.458105,341.2787,154.7295,500.0,7.6956,1.4249,9.1205
743,1315.2506,1334.8929,3.387238e-03,2.822802e+04,6.445122e+04,3.770668,0.457592,346.1171,154.1881,500.0,7.7241,1.4044,9.1285
744,1309.5923,1334.8929,3.275848e-03,4.152468e+04,5.931854e+04,3.759544,0.456653,345.5033,151.1054,500.0,7.504,1.5308,9.0348
745,1327.3103,1334.8929,3.086303e-03,4.842050e+04,5.880524e+04,3.762543,0.457361,351.9013,148.0,500.0,8.6458,1.5536,10.1994
746,1298.562,1334.8929,3.449374e-03,3.284889e+04,6.905905e+04,3.765846,0.457547,342.0481,151.9733,500.0,7.7105,1.4314,9.1419
747,1328.3476,1334.8929,2.884262e-03,4.742996e+04,6.095279e+04,3.766102,0.457546,352.3503,147.9895,500.0,7.1424,1.5605,8.7029
748,1305.6332,1334.8929,3.749856e-03,3.777697e+04,6.817168e+04,3.758416,0.456653,345.372,156.7332,500.0,9.3314,1.4707,10.8021
749,1323.5073,1334.8929,3.942290e-03,3.948828e+04,6.971901e+04,3.759082,0.456656,349.6458,152.3571,500.0,7.3365,1.496,8.8325
750,1325.7793,1334.8929,3.393249e-03,4.663388e+04,6.172334e+04,3.753281,0.456463,349.8997,149.819,500.0,8.0053,1.4174,9.4226
751,1314.8036,1334.8929,2.879563e-03,4.557107e+04,5.832496e+04,3.744175,0.455729,347.9187,148.81,500.0,8.5737,1.4142,9.9879
752,1315.3652,1334.8929,3.276485e-03,4.121264e+04,6.171836e+04,3.736545,0.455485,346.8484,150.3692,500.0,8.3604,1.4434,9.8038
753,1290.2403,1334.8929,4.484016e-03,4.604843e+04,6.386546e+04,3.736599,0.454993,341.2201,154.7315,500.0,8.5778,1.5672,10.1449
754,1275.627,1334.8929,4.035970e-03,4.660282e+04,6.695982e+04,3.741611,0.455532,334.5203,160.2697,500.0,7.5686,1.4362,9.0047
755,1314.531,1334.8929,3.235525e-03,2.829439e+04,6.192583e+04,3.7332,0.454811,346.9587,150.3924,500.0,7.823,1.3587,9.1817
756,1315.4116,1334.8929,3.688513e-03,5.468504e+04,6.562967e+04,3.728718,0.454103,347.4872,154.3915,500.0,8.227,1.4305,9.6575
757,1292.1767,1334.8929,3.598858e-03,4.511497e+04,6.202093e+04,3.711586,0.453126,340.0599,158.8298,500.0,8.177,1.51,9.687
758,1326.9469,1334.8929,3.223702e-03,3.735188e+04,5.476561e+04,3.707146,0.453067,351.4258,148.3278,500.0,8.423,1.452,9.8749
759,1321.1199,1334.8929,2.961218e-03,3.714506e+04,5.987280e+04,3.704502,0.452895,349.7417,148.8375,500.0,7.6161,1.4854,9.1015
760,1292.0906,1334.8929,3.516856e-03,3.951923e+04,6.379298e+04,3.695934,0.452156,339.3046,152.807,500.0,8.1509,1.4352,9.5861
761,1317.3935,1334.8929,4.171466e-03,5.731837e+04,6.481477e+04,3.688199,0.451309,348.3462,157.457,500.0,8.0584,1.4493,9.5076
762,1316.2457,1334.8929,3.460441e-03,3.761779e+04,6.804272e+04,3.684365,0.450764,347.5325,154.7952,500.0,7.8034,1.4314,9.2348
763,1328.2278,1334.8929,3.991458e-03,3.895607e+04,6.732262e+04,3.67667,0.450524,350.9943,154.8457,500.0,8.4069,1.4018,9.8087
764,1322.4373,1334.8929,3.602206e-03,5.471548e+04,6.188779e+04,3.675277,0.45052,348.8822,156.3696,500.0,8.098,1.4476,9.5456
765,1329.1108,1334.8929,3.164768e-03,4.215771e+04,6.092586e+04,3.676316,0.450533,350.3286,152.0619,500.0,8.5885,1.4565,10.045
766,1340.282,1340.282,3.288102e-03,4.170852e+04,6.159588e+04,3.677467,0.450536,354.9567,150.9074,500.0,8.1245,1.4741,9.5986
767,1364.2944,1364.2944,3.228221e-03,4.465455e+04,5.985268e+04,3.678459,0.450579,362.2349,150.871,500.0,6.6888,1.4815,8.1703
768,1333.9001,1364.2944,3.641769e-03,5.857354e+04,6.099741e+04,3.676678,0.450535,353.6764,156.9171,500.0,8.1566,1.4198,9.5763
769,1320.6319,1364.2944,3.676760e-03,6.238515e+04,5.923402e+04,3.664379,0.449732,347.6467,160.653,500.0,7.7035,1.3945,9.0981
770,1316.7157,1364.2944,3.501390e-03,5.486830e+04,6.050091e+04,3.66074,0.449582,346.6093,158.0925,500.0,7.8308,1.4719,9.3028
771,1350.0458,1364.2944,3.331117e-03,3.264902e+04,6.595170e+04,3.659267,0.449582,356.7225,153.4031,500.0,8.748,1.4184,10.1664
772,1343.3376,1364.2944,3.826512e-03,4.936226e+04,6.597483e+04,3.655318,0.448903,354.1995,158.2663,500.0,7.5251,1.4448,8.9699
773,1316.7213,1364.2944,3.909845e-03,6.653932e+04,6.441814e+04,3.662998,0.44973,345.3082,164.8071,500.0,7.8106,1.5204,9.3311
774,1369.759,1369.759,3.119804e-03,5.529059e+04,6.147531e+04,3.657917,0.449535,362.9843,150.1541,500.0,8.1508,1.4347,9.5855
775,1336.417,1369.759,3.760560e-03,5.542453e+04,6.261023e+04,3.650093,0.448663,351.8847,157.7384,500.0,9.1066,1.4432,10.5497
776,1374.1724,1374.1724,3.321970e-03,3.728328e+04,6.588456e+04,3.649342,0.448163,364.2589,150.7437,500.0,8.1595,1.4084,9.568
777,1379.0806,1379.0806,3.671975e-03,5.420571e+04,6.528827e+04,3.648461,0.44815,365.8685,153.771,500.0,7.9154,1.4117,9.3271
778,1336.3612,1379.0806,4.046931e-03,5.243121e+04,6.822767e+04,3.632892,0.447671,352.2671,164.2488,500.0,8.3976,1.4775,9.8751
779,1363.0024,1379.0806,3.177836e-03,3.725362e+04,6.263340e+04,3.623791,0.446307,360.8643,153.1814,500.0,7.9526,1.4569,9.4096
780,1376.2605,1379.0806,3.547946e-03,4.326242e+04,6.383660e+04,3.622581,0.446304,364.937,153.9459,500.0,8.7166,1.4253,10.1419
781,1363.8336,1379.0806,3.576905e-03,3.718193e+04,6.048982e+04,3.622254,0.446922,361.1368,157.0765,500.0,7.6403,1.4514,9.0917
782,1348.9166,1379.0806,3.546523e-03,4.169729e+04,6.646985e+04,3.620422,0.446304,356.098,161.5304,500.0,8.2271,1.3935,9.6206
783,1362.0227,1379.0806,4.230942e-03,4.682144e+04,6.604097e+04,3.613033,0.445558,358.6599,162.0313,500.0,8.6687,1.4227,10.0914
784,1347.7608,1379.0806,4.526836e-03,5.698303e+04,7.272620e+04,3.598297,0.445112,355.7508,166.743,500.0,9.0212,1.4389,10.4602
785,1396.4332,1396.4332,3.230150e-03,7.894853e+04,6.131962e+04,3.595322,0.444561,370.0344,153.4745,500.0,8.665,1.4379,10.1029
786,1385.62,1396.4332,3.131404e-03,4.991679e+04,6.167301e+04,3.589416,0.444371,366.5306,154.2494,500.0,9.142,1.4704,10.6124
787,1342.4382,1396.4332,4.734240e-03,5.386862e+04,6.898275e+04,3.588303,0.444362,355.0094,166.2855,500.0,8.2161,1.474,9.6901
788,1383.1701,1396.4332,4.174969e-03,6.534796e+04,7.193650e+04,3.585812,0.444312,365.5783,157.3612,500.0,8.6596,1.4536,10.1132
789,1382.3672,1396.4332,3.441703e-03,4.860530e+04,6.147666e+04,3.584156,0.443706,366.1668,159.3531,500.0,8.7848,1.4445,10.2293
790,1381.8212,1396.4332,3.290465e-03,4.858059e+04,5.546705e+04,3.57832,0.443472,365.5493,156.615,500.0,7.5328,1.2807,8.8135
791,1397.1514,1397.1514,3.753421e-03,6.365755e+04,6.512253e+04,3.578769,0.443475,369.8535,155.6072,500.0,8.7489,1.3362,10.0851
792,1386.4838,1397.1514,4.057910e-03,5.317921e+04,6.779586e+04,3.571495,0.442767,367.0768,158.3956,500.0,9.0487,1.4712,10.5198
793,1398.9476,1398.9476,3.761594e-03,4.859375e+04,7.237885e+04,3.563881,0.442646,371.048,154.1899,500.0,8.0403,1.4405,9.4808
794,1395.1625,1398.9476,4.392879e-03,4.307269e+04,6.253019e+04,3.563736,0.442646,368.5106,157.7743,500.0,7.7666,1.293,9.0596
795,1378.2163,1398.9476,4.083412e-03,7.096063e+04,6.616873e+04,3.559819,0.442461,364.7368,158.3239,500.0,8.3918,1.4327,9.8244
796,1406.72,1406.72,3.319600e-03,6.245592e+04,6.627524e+04,3.56417,0.442646,372.4474,154.3641,500.0,7.3873,1.3315,8.7188
797,1376.2446,1406.72,3.321330e-03,4.896901e+04,6.318986e+04,3.569901,0.442711,363.9841,157.8109,500.0,7.6162,1.3372,8.9534
798,1403.5473,1406.72,3.774042e-03,4.446470e+04,6.160630e+04,3.582246,0.443648,371.2379,159.1087,500.0,7.6761,1.4518,9.1279
799,1379.2797,1406.72,4.385577e-03,3.802471e+04,6.508304e+04,3.580177,0.443509,364.9678,162.8113,500.0,8.2659,1.4388,9.7047
800,1372.5705,1406.72,3.844929e-03,4.389388e+04,6.329645e+04,3.57368,0.4429,361.0229,160.6955,500.0,7.7859,1.4542,9.2401
801,1411.7261,1411.7261,3.217347e-03,5.864480e+04,6.102898e+04,3.570008,0.442756,373.2807,153.4175,500.0,7.8909,1.3761,9.267
802,1393.9826,1411.7261,3.176983e-03,4.724167e+04,6.200389e+04,3.568,0.442709,369.3624,156.8894,500.0,9.197,1.4408,10.6379
803,1397.1209,1411.7261,4.101858e-03,6.044921e+04,6.403955e+04,3.569424,0.442755,368.2392,161.5363,500.0,7.4791,1.4108,8.8899
804,1399.0878,1411.7261,3.895828e-03,6.436812e+04,6.714345e+04,3.555309,0.441906,370.1759,157.1593,500.0,7.3698,1.3603,8.7301
805,1378.1137,1411.7261,3.933778e-03,5.605121e+04,6.269175e+04,3.558761,0.442472,363.3042,161.1252,500.0,8.8165,1.5423,10.3588
806,1397.4753,1411.7261,3.985210e-03,5.191510e+04,6.390700e+04,3.533558,0.440154,369.0541,160.8798,500.0,6.8152,1.4269,8.2421
807,1408.0335,1411.7261,3.505889e-03,4.868301e+04,5.922812e+04,3.531658,0.44012,373.1412,155.444,500.0,9.0327,1.3758,10.4084
808,1408.6654,1411.7261,3.654678e-03,4.407800e+04,6.309338e+04,3.52584,0.439911,373.498,157.0376,500.0,8.3261,1.4786,9.8047
809,1395.3347,1411.7261,3.811489e-03,5.774734e+04,6.303776e+04,3.526184,0.4399,368.7329,159.6928,500.0,8.4842,1.5315,10.0157
810,1425.8534,1425.8534,3.481475e-03,7.163001e+04,6.065831e+04,3.519787,0.43933,377.7629,154.5405,500.0,8.1944,1.5101,9.7045
811,1407.7899,1425.8534,3.538658e-03,5.994770e+04,5.328169e+04,3.514099,0.439106,372.1183,157.0252,500.0,8.3129,1.4059,9.7188
812,1396.4011,1425.8534,3.216728e-03,4.948154e+04,6.387321e+04,3.517159,0.439285,369.4787,160.637,500.0,8.7684,1.4132,10.1816
813,1404.782,1425.8534,4.089221e-03,4.758045e+04,6.588895e+04,3.51957,0.439854,372.9019,160.8898,500.0,8.6709,1.4222,10.0931
814,1421.4148,1425.8534,2.959623e-03,4.885393e+04,5.764944e+04,3.520141,0.439863,377.2682,153.0588,500.0,8.0854,1.3704,9.4558
815,1383.4652,1425.8534,4.315197e-03,5.290681e+04,6.258650e+04,3.508229,0.4385,365.4414,165.8592,500.0,8.5297,1.4089,9.9386
816,1420.9194,1425.8534,3.578769e-03,4.263595e+04,6.004151e+04,3.505558,0.438323,375.875,159.8294,500.0,8.7907,1.5017,10.2925
817,1410.6621,1425.8534,4.543031e-03,4.692580e+04,6.193301e+04,3.500984,0.438261,373.1488,164.3042,500.0,7.0136,1.4016,8.4152
818,1434.549,1434.549,3.447482e-03,6.541360e+04,6.086158e+04,3.489403,0.437452,379.5222,155.7436,500.0,8.1834,1.3924,9.5758
819,1397.6397,1434.549,3.935691e-03,7.997759e+04,5.949259e+04,3.491176,0.437452,368.9579,164.1465,500.0,7.4869,1.4114,8.8983
820,1415.1309,1434.549,3.733157e-03,5.226759e+04,5.997521e+04,3.491303,0.437488,374.0177,161.4808,500.0,8.8248,1.3796,10.2045
821,1421.0266,1434.549,3.580969e-03,5.017791e+04,6.105891e+04,3.487129,0.437294,377.514,156.5379,500.0,8.9922,1.5013,10.4934
822,1419.1281,1434.549,3.301873e-03,5.312170e+04,5.690983e+04,3.481415,0.43672,375.4751,161.1083,500.0,7.1827,1.3752,8.5579
823,1388.1502,1434.549,4.349607e-03,6.941495e+04,6.141754e+04,3.485008,0.437249,365.8972,169.1516,500.0,7.6757,1.4603,9.1359
824,1403.1977,1434.549,4.192150e-03,6.690894e+04,6.444352e+04,3.496174,0.437548,369.2947,169.9239,500.0,8.3358,1.4418,9.7776
825,1424.4437,1434.549,4.566328e-03,5.714045e+04,6.523370e+04,3.493042,0.437496,375.4062,163.461,500.0,7.916,1.3454,9.2614
826,1426.8062,1434.549,4.125345e-03,6.687437e+04,6.164452e+04,3.489605,0.43744,377.51,160.3562,500.0,7.2542,1.3138,8.568
827,1429.108,1434.549,4.161760e-03,5.414286e+04,6.465500e+04,3.487422,0.437297,377.7709,165.8257,500.0,8.3188,1.4614,9.7802
828,1421.2893,1434.549,3.657578e-03,6.202465e+04,6.099807e+04,3.488121,0.437309,375.5847,158.6065,500.0,9.1985,1.4318,10.6303
829,1390.7413,1434.549,4.361848e-03,6.814506e+04,5.918345e+04,3.488728,0.43744,364.4899,174.0811,500.0,8.8528,1.453,10.3058
830,1458.6482,1458.6482,3.486482e-03,8.630692e+04,6.382995e+04,3.485287,0.437297,386.6544,156.0055,500.0,8.8141,1.3595,10.1736
831,1419.8419,1458.6482,4.688505e-03,4.727354e+04,7.336792e+04,3.478797,0.436676,374.9342,167.3114,500.0,8.5825,1.388,9.9705
832,1417.9431,1458.6482,4.523990e-03,6.308851e+04,6.491878e+04,3.475453,0.436496,374.3198,167.0005,500.0,8.1661,1.4967,9.6628
833,1452.7657,1458.6482,3.919741e-03,5.479586e+04,5.772076e+04,3.482559,0.437261,383.7029,159.7975,500.0,8.3091,1.4578,9.767
834,1457.1098,1458.6482,3.774625e-03,5.456614e+04,6.239190e+04,3.474453,0.43653,387.2226,158.8099,500.0,7.6042,1.3896,8.9937
835,1420.0272,1458.6482,4.016256e-03,6.026182e+04,6.521454e+04,3.476219,0.436676,374.8361,168.4287,500.0,8.1471,1.5151,9.6622
836,1449.2927,1458.6482,3.825741e-03,6.349707e+04,6.714873e+04,3.466676,0.435854,382.9919,160.252,500.0,8.8633,1.4554,10.3186
837,1441.2449,1458.6482,3.790169e-03,5.342543e+04,5.650767e+04,3.467106,0.435723,381.6027,164.937,500.0,7.6938,1.3914,9.0852
838,1443.8939,1458.6482,3.860178e-03,6.163068e+04,6.517998e+04,3.451404,0.434845,381.2729,161.173,500.0,7.8743,1.4515,9.3258
839,1458.3901,1458.6482,4.326004e-03,6.242310e+04,6.872588e+04,3.438488,0.433887,383.7297,167.8556,500.0,8.6687,1.359,10.0278
840,1452.5533,1458.6482,4.442221e-03,5.259071e+04,6.608302e+04,3.424324,0.432497,384.4399,164.0444,500.0,7.8205,1.3319,9.1524
841,1434.8786,1458.6482,5.063484e-03,7.338741e+04,7.528606e+04,3.429012,0.433077,378.5168,166.4187,500.0,8.1047,1.4092,9.514
842,1428.1632,1458.6482,4.470183e-03,5.876549e+04,7.175711e+04,3.427002,0.433065,376.3953,168.1191,500.0,8.759,1.3825,10.1415
843,1466.2207,1466.2207,4.046026e-03,4.851754e+04,6.411016e+04,3.428139,0.43311,388.209,159.8134,500.0,8.6607,1.3777,10.0384
844,1448.021,1466.2207,4.037972e-03,5.875560e+04,5.797582e+04,3.424313,0.432533,383.5841,164.7172,500.0,8.8156,1.4317,10.2473
845,1455.4316,1466.2207,4.749601e-03,4.782773e+04,6.496125e+04,3.41417,0.432242,385.3877,163.3882,500.0,7.9113,1.4474,9.3587
846,1480.8857,1480.8857,3.141970e-03,4.925995e+04,5.958414e+04,3.403069,0.431322,393.5074,155.9924,500.0,8.0465,1.4353,9.4818
847,1433.3555,1480.8857,4.345024e-03,5.715029e+04,6.452201e+04,3.393437,0.430522,377.3759,168.595,500.0,7.8438,1.38,9.2238
848,1471.2554,1480.8857,3.041020e-03,5.268988e+04,5.345904e+04,3.395954,0.430703,391.3224,156.5504,500.0,7.608,1.3903,8.9983
849,1470.3792,1480.8857,4.051785e-03,7.677549e+04,6.642466e+04,3.395054,0.430703,389.3891,162.3576,500.0,8.6332,1.5124,10.1456
850,1452.447,1480.8857,3.559674e-03,6.946922e+04,6.262577e+04,3.401733,0.431322,384.1074,162.9635,500.0,7.614,1.4839,9.0979
851,1473.2072,1480.8857,3.881420e-03,5.293568e+04,5.776271e+04,3.398406,0.431264,390.3187,160.2081,500.0,8.2093,1.3678,9.5771
852,1469.3423,1480.8857,3.895625e-03,1.003772e+05,6.243962e+04,3.401764,0.431458,387.7372,163.1049,500.0,8.5626,1.3251,9.8877
853,1465.4232,1480.8857,4.356533e-03,6.038601e+04,6.618466e+04,3.393924,0.430715,387.2821,167.1636,500.0,8.2903,1.4338,9.7241
854,1477.2564,1480.8857,3.730744e-03,7.989945e+04,6.904227e+04,3.391514,0.430525,391.264,162.9147,500.0,8.7017,1.4899,10.1916
855,1442.9667,1480.8857,4.612421e-03,9.404673e+04,6.804630e+04,3.392318,0.43067,381.7384,168.6615,500.0,8.0276,1.3808,9.4084
856,1471.634,1480.8857,3.830763e-03,6.837804e+04,6.316659e+04,3.392136,0.430657,390.4369,161.4052,500.0,7.9618,1.3672,9.329
857,1481.6597,1481.6597,3.779548e-03,4.743234e+04,6.829653e+04,3.389382,0.430513,393.2585,160.744,500.0,7.8837,1.4255,9.3092
858,1476.7815,1481.6597,4.496905e-03,6.358196e+04,6.828185e+04,3.38908,0.430522,390.9938,167.2152,500.0,8.3836,1.3825,9.7661
859,1475.2587,1481.6597,3.593207e-03,6.882812e+04,6.366850e+04,3.385113,0.429943,391.197,161.7426,500.0,8.482,1.4047,9.8867
860,1479.5575,1481.6597,4.119179e-03,5.009202e+04,6.292886e+04,3.380016,0.429736,391.9354,162.1532,500.0,7.7467,1.4461,9.1928
861,1459.1849,1481.6597,4.548210e-03,4.644489e+04,6.947087e+04,3.372936,0.42949,385.0211,171.683,500.0,8.069,1.4337,9.5026
862,1487.1583,1487.1583,2.948877e-03,6.687175e+04,5.865090e+04,3.369549,0.429429,394.4608,159.0785,500.0,8.7144,1.421,10.1353
863,1490.3065,1490.3065,3.854764e-03,7.132880e+04,6.108195e+04,3.367767,0.428909,395.6997,163.4823,500.0,8.3603,1.4662,9.8265
864,1474.5571,1490.3065,4.385349e-03,7.627927e+04,6.651312e+04,3.373809,0.429671,390.7471,165.5704,500.0,8.8727,1.3593,10.232
865,1479.1126,1490.3065,3.685449e-03,5.749172e+04,6.205440e+04,3.368653,0.429444,392.0382,166.8553,500.0,8.6936,1.3501,10.0437
866,1484.6707,1490.3065,5.087351e-03,9.905571e+04,6.990304e+04,3.361645,0.428712,392.5327,168.3226,500.0,8.5588,1.3811,9.9399
867,1494.2195,1494.2195,5.016292e-03,7.717082e+04,7.083382e+04,3.353207,0.427924,395.1804,168.8972,500.0,8.3065,1.4416,9.748
868,1509.1445,1509.1445,4.032385e-03,1.097706e+05,6.709473e+04,3.343094,0.427099,398.5929,170.095,500.0,7.4741,1.4142,8.8882
869,1515.6393,1515.6393,4.363815e-03,8.266999e+04,7.078340e+04,3.344113,0.427132,400.5676,168.8014,500.0,8.4732,1.4647,9.9379
870,1493.3349,1515.6393,3.794368e-03,8.450967e+04,5.958216e+04,3.338925,0.427067,395.4534,165.3974,500.0,8.5904,1.4443,10.0347
871,1483.0576,1515.6393,4.752915e-03,8.145766e+04,6.560597e+04,3.321904,0.425511,392.7709,172.0961,500.0,8.2735,1.3393,9.6128
872,1491.745,1515.6393,3.889805e-03,7.533863e+04,6.123425e+04,3.324147,0.426052,395.1209,171.7051,500.0,8.1511,1.4179,9.569
873,1491.6879,1515.6393,4.213781e-03,6.962955e+04,6.744321e+04,3.328689,0.426289,393.5479,173.6247,500.0,8.3508,1.3839,9.7348
874,1482.004,1515.6393,4.556118e-03,5.590161e+04,6.412136e+04,3.335555,0.427031,391.7959,173.9118,500.0,7.1339,1.3921,8.5261
875,1492.5885,1515.6393,4.257691e-03,5.885582e+04,6.383089e+04,3.334553,0.427031,394.5288,171.433,500.0,7.9106,1.4168,9.3274
876,1498.0083,1515.6393,4.066937e-03,7.526608e+04,6.187908e+04,3.339125,0.427133,397.1501,167.2041,500.0,7.7418,1.46,9.2018
877,1488.646,1515.6393,4.334865e-03,1.116244e+05,6.098549e+04,3.326203,0.426301,392.9176,174.147,500.0,8.6153,1.3594,9.9747
878,1513.4689,1515.6393,4.327768e-03,7.913141e+04,6.299939e+04,3.317642,0.426043,401.5352,166.3672,500.0,8.4001,1.4581,9.8582
879,1522.643,1522.643,4.021029e-03,1.053697e+05,6.264041e+04,3.316315,0.425523,405.0575,165.4246,500.0,7.2955,1.5223,8.8179
880,1533.9847,1533.9847,3.966549e-03,6.918245e+04,5.922232e+04,3.314248,0.425507,406.6156,167.1425,500.0,7.6714,1.5038,9.1752
881,1523.6576,1533.9847,3.890471e-03,1.296739e+05,5.830466e+04,3.316395,0.426043,403.0038,170.1204,500.0,6.7909,1.4551,8.246
882,1512.2035,1533.9847,4.789370e-03,9.557858e+04,7.492157e+04,3.308239,0.425278,401.6202,167.7498,500.0,8.0528,1.4363,9.4891
883,1524.153,1533.9847,3.965498e-03,8.609290e+04,6.096119e+04,3.294648,0.424475,405.0237,164.4642,500.0,6.8721,1.353,8.2251
884,1485.4984,1533.9847,5.582329e-03,7.632323e+04,7.254278e+04,3.287461,0.42422,391.3918,178.1448,500.0,8.1144,1.3967,9.5111
885,1536.7009,1536.7009,3.759566e-03,7.080291e+04,6.150907e+04,3.279174,0.423445,408.2747,162.5412,500.0,8.7815,1.4673,10.2488
886,1516.3252,1536.7009,4.151138e-03,7.538483e+04,6.788123e+04,3.277027,0.422921,400.8128,170.9413,500.0,8.808,1.4414,10.2494
887,1505.1099,1536.7009,4.489726e-03,7.745318e+04,6.122950e+04,3.279983,0.423429,396.901,176.421,500.0,7.735,1.4628,9.1978
888,1536.0477,1536.7009,4.095711e-03,8.567177e+04,6.295475e+04,3.278854,0.422924,407.9624,166.9619,500.0,8.1704,1.3822,9.5526
889,1527.4287,1536.7009,4.996829e-03,1.160900e+05,7.469105e+04,3.276017,0.422876,404.4293,169.8953,500.0,8.322,1.4451,9.767
890,1531.6639,1536.7009,3.914138e-03,6.627991e+04,6.684154e+04,3.28178,0.423433,406.1316,166.35,500.0,8.0377,1.3827,9.4203
891,1549.1543,1549.1543,4.785979e-03,5.608639e+04,6.577558e+04,3.282833,0.42343,410.7834,169.2345,500.0,7.463,1.4915,8.9545
892,1536.8111,1549.1543,3.987541e-03,1.124071e+05,6.107509e+04,3.276844,0.42286,407.407,167.7421,500.0,8.501,1.5205,10.0216
893,1529.5112,1549.1543,4.438268e-03,7.200914e+04,6.647659e+04,3.281841,0.423445,405.3995,166.1855,500.0,8.4086,1.4555,9.8642
894,1530.5206,1549.1543,4.064136e-03,7.420291e+04,6.165753e+04,3.282508,0.423444,406.0215,167.5771,500.0,8.0628,1.358,9.4208
895,1528.4706,1549.1543,4.239669e-03,1.029626e+05,6.642286e+04,3.283031,0.423445,405.291,166.3392,500.0,7.629,1.5139,9.143
896,1542.2876,1549.1543,3.695892e-03,8.595925e+04,6.065381e+04,3.27243,0.422664,408.858,164.8819,500.0,9.2146,1.4468,10.6614
897,1549.4903,1549.4903,4.052117e-03,6.201275e+04,6.133585e+04,3.26509,0.421927,410.5332,166.4297,500.0,7.639,1.5711,9.21
898,1505.2247,1549.4903,4.629211e-03,6.603647e+04,6.275481e+04,3.251446,0.421033,397.9446,177.4353,500.0,8.5933,1.4882,10.0815
899,1517.0664,1549.4903,4.546425e-03,7.393552e+04,6.546274e+04,3.262558,0.421871,401.0,174.7753,500.0,8.016,1.5224,9.5384
900,1526.4204,1549.4903,3.616992e-03,8.261610e+04,5.948792e+04,3.263908,0.421876,403.9443,167.9666,500.0,7.9641,1.5067,9.4709
901,1547.7777,1549.4903,4.477493e-03,5.390780e+04,7.126038e+04,3.262886,0.421878,411.2045,167.1077,500.0,9.0471,1.4487,10.4958
902,1537.6948,1549.4903,4.609017e-03,7.179908e+04,6.936853e+04,3.272811,0.422138,407.9961,170.1488,500.0,8.9429,1.4777,10.4206
903,1557.6549,1557.6549,3.139680e-03,8.961638e+04,5.064730e+04,3.261288,0.421859,413.1216,164.6974,500.0,8.8679,1.4582,10.3262
904,1542.85,1557.6549,4.112412e-03,6.785542e+04,6.577806e+04,3.249138,0.42088,409.5281,165.8626,500.0,8.2764,1.4443,9.7207
905,1552.4889,1557.6549,4.379896e-03,9.238366e+04,6.671517e+04,3.241032,0.420262,412.2232,165.5451,500.0,7.398,1.3965,8.7945
906,1545.3033,1557.6549,4.276132e-03,8.082472e+04,6.568248e+04,3.228134,0.419274,410.0347,167.3403,500.0,8.5626,1.4228,9.9854
907,1531.1062,1557.6549,4.332043e-03,9.303034e+04,6.716861e+04,3.224129,0.41922,406.04,169.4713,500.0,8.8858,1.4142,10.3
908,1547.8192,1557.6549,3.705101e-03,8.930505e+04,6.515979e+04,3.219055,0.419022,409.8181,166.6682,500.0,8.6519,1.4003,10.0521
909,1532.1269,1557.6549,5.459677e-03,8.041859e+04,6.566240e+04,3.215748,0.418473,407.6013,171.739,500.0,9.0425,1.4953,10.5378
910,1546.997,1557.6549,4.035251e-03,1.098491e+05,6.621871e+04,3.204822,0.417713,409.526,169.5703,500.0,8.1992,1.4106,9.6099
911,1537.9177,1557.6549,4.949698e-03,1.024698e+05,7.030354e+04,3.199273,0.417465,406.913,172.5031,500.0,6.818,1.4952,8.3132
912,1502.751,1557.6549,5.180299e-03,9.683044e+04,7.291527e+04,3.186092,0.416604,397.2254,177.8831,500.0,9.1459,1.414,10.5599
913,1522.0658,1557.6549,4.340427e-03,6.276809e+04,6.006159e+04,3.200439,0.417481,402.5445,176.5483,500.0,8.2479,1.4217,9.6696
914,1518.9447,1557.6549,4.615379e-03,1.226174e+05,6.608038e+04,3.183867,0.416604,400.4206,174.4379,500.0,8.4781,1.4944,9.9725
915,1556.0205,1557.6549,4.311917e-03,7.517646e+04,6.338542e+04,3.18051,0.416416,412.5896,169.0171,500.0,8.7355,1.4967,10.2322
916,1552.9576,1557.6549,4.651690e-03,1.258487e+05,6.868885e+04,3.180545,0.416453,412.0654,169.9465,500.0,8.1381,1.6037,9.7418
917,1532.2387,1557.6549,5.441642e-03,8.630462e+04,7.553203e+04,3.173999,0.415814,404.2709,180.1301,500.0,7.3206,1.4254,8.7461
918,1559.1247,1559.1247,5.097147e-03,1.607028e+05,6.889953e+04,3.158806,0.414866,413.1725,173.1576,500.0,7.519,1.4621,8.9811
919,1557.2836,1559.1247,4.193780e-03,6.926313e+04,6.491496e+04,3.149197,0.414067,413.9224,169.7662,500.0,8.1328,1.5471,9.6799
920,1531.7935,1559.1247,4.532830e-03,1.004701e+05,6.989634e+04,3.137245,0.413242,405.0353,178.2604,500.0,9.4317,1.4157,10.8474
921,1568.2895,1568.2895,3.590327e-03,8.488115e+04,6.308708e+04,3.136754,0.413192,416.5775,168.0375,500.0,8.9079,1.423,10.3309
922,1545.5903,1568.2895,4.171622e-03,1.169555e+05,6.755648e+04,3.136509,0.413191,409.3327,175.2582,500.0,9.191,1.3789,10.5699
923,1557.3744,1568.2895,4.307157e-03,8.027102e+04,6.908416e+04,3.138002,0.413239,412.3225,171.7059,500.0,8.6779,1.502,10.1799
924,1588.2457,1588.2457,3.559849e-03,8.034239e+04,6.385223e+04,3.138954,0.413251,421.9758,168.2096,500.0,7.5141,1.4526,8.9666
925,1552.7031,1588.2457,4.556857e-03,1.131890e+05,6.693419e+04,3.142977,0.413844,411.7486,175.4583,500.0,9.1684,1.373,10.5414
926,1547.8424,1588.2457,3.851170e-03,7.120298e+04,6.683608e+04,3.138148,0.413239,410.3134,169.9067,500.0,8.3522,1.4546,9.8068
927,1562.521,1588.2457,4.401325e-03,9.040702e+04,6.494941e+04,3.130016,0.412519,414.2044,174.3404,500.0,8.6962,1.4997,10.1959
928,1549.9134,1588.2457,4.813454e-03,8.765438e+04,6.347802e+04,3.124164,0.412283,409.5986,177.1604,500.0,8.8108,1.4322,10.243
929,1572.4788,1588.2457,4.317247e-03,9.073569e+04,6.507534e+04,3.116028,0.411522,415.86,177.6723,500.0,7.9019,1.5011,9.4029
930,1560.1701,1588.2457,4.840238e-03,1.340784e+05,6.978170e+04,3.112229,0.411458,413.2514,175.9023,500.0,7.9248,1.4994,9.4242
931,1560.5909,1588.2457,4.514567e-03,6.405916e+04,6.966976e+04,3.109467,0.411442,413.7378,176.216,500.0,7.4398,1.3366,8.7763
932,1544.1345,1588.2457,5.156732e-03,1.151093e+05,7.103629e+04,3.104889,0.411242,407.9437,179.2224,500.0,8.6001,1.4139,10.014
933,1563.5283,1588.2457,4.478621e-03,1.091595e+05,6.927677e+04,3.102066,0.410642,414.4848,173.2439,500.0,8.4114,1.3735,9.785
934,1539.2538,1588.2457,4.579145e-03,1.004322e+05,6.263207e+04,3.09515,0.410379,406.9933,178.6242,500.0,7.5594,1.485,9.0444
935,1557.4567,1588.2457,4.505347e-03,7.303774e+04,7.266609e+04,3.105811,0.411252,412.6239,180.3274,500.0,8.8289,1.4807,10.3096
936,1577.1662,1588.2457,4.397972e-03,8.661723e+04,6.502914e+04,3.100574,0.410633,418.418,170.3108,500.0,8.4094,1.3846,9.794
937,1578.4323,1588.2457,3.972705e-03,7.450456e+04,6.334258e+04,3.097283,0.410438,418.2968,174.1854,500.0,7.5654,1.4252,8.9906
938,1555.6016,1588.2457,4.715194e-03,1.068683e+05,6.584640e+04,3.078287,0.408918,411.4196,177.2277,500.0,8.5367,1.5381,10.0748
939,1599.6276,1599.6276,4.109258e-03,1.018849e+05,6.149468e+04,3.066292,0.408598,425.0888,172.7087,500.0,7.2358,1.4871,8.723
940,1582.8073,1599.6276,4.301075e-03,8.835870e+04,6.237612e+04,3.056274,0.407777,419.07,175.2353,500.0,8.7156,1.4411,10.1567
941,1607.9684,1607.9684,3.790913e-03,1.388202e+05,6.522960e+04,3.049049,0.407273,427.5803,172.5211,500.0,6.9321,1.4159,8.3481
942,1590.0885,1607.9684,4.092321e-03,9.382441e+04,6.718444e+04,3.05553,0.407765,422.5522,171.7271,500.0,6.8496,1.3939,8.2435
943,1571.9647,1607.9684,4.646458e-03,1.073030e+05,6.895387e+04,3.06041,0.407985,416.6451,175.3206,500.0,8.8933,1.5479,10.4413
944,1570.9079,1607.9684,5.252476e-03,1.191530e+05,6.660466e+04,3.063752,0.408583,415.78,178.1104,500.0,8.1492,1.4504,9.5996
945,1558.6987,1607.9684,5.281051e-03,9.010401e+04,7.177400e+04,3.055885,0.407781,412.3891,177.5354,500.0,9.1523,1.5178,10.67
946,1580.6368,1607.9684,4.315170e-03,9.384040e+04,7.040934e+04,3.056267,0.407777,419.2661,175.4963,500.0,7.4668,1.3529,8.8197
947,1591.2171,1607.9684,4.343482e-03,8.561512e+04,6.633626e+04,3.052199,0.407276,422.5357,172.8719,500.0,7.7951,1.4542,9.2493
948,1591.4273,1607.9684,4.509950e-03,7.683324e+04,6.961064e+04,3.053552,0.407286,421.7993,172.7838,500.0,8.6132,1.4378,10.0511
949,1601.9153,1607.9684,3.945200e-03,9.262668e+04,6.406198e+04,3.052011,0.407135,424.6278,171.2227,500.0,6.8543,1.3173,8.1717
950,1578.2955,1607.9684,4.182095e-03,9.367391e+04,6.686230e+04,3.053638,0.407273,418.4131,175.634,500.0,8.1696,1.361,9.5306
951,1605.7661,1607.9684,3.959029e-03,9.532596e+04,6.927149e+04,3.049144,0.406523,425.437,173.4733,500.0,8.5083,1.45,9.9584
952,1604.946,1607.9684,4.095887e-03,1.391468e+05,6.678618e+04,3.04309,0.406318,426.0003,176.2677,500.0,8.0842,1.3553,9.4395
953,1603.8556,1607.9684,4.170600e-03,8.466626e+04,6.730936e+04,3.043244,0.406318,425.7798,173.8358,500.0,7.2432,1.4864,8.7296
954,1598.7223,1607.9684,4.364406e-03,7.449806e+04,6.956717e+04,3.037232,0.406237,424.1984,174.658,500.0,7.7065,1.5221,9.2286
955,1589.968,1607.9684,4.706183e-03,8.756423e+04,7.213904e+04,3.03339,0.406183,422.0682,179.4856,500.0,8.0763,1.4246,9.5009
956,1575.1303,1607.9684,5.426026e-03,9.073068e+04,6.827302e+04,3.021278,0.40517,416.4929,183.8552,500.0,9.2854,1.3699,10.6553
957,1610.37,1610.37,4.400887e-03,7.424230e+04,6.316489e+04,3.015129,0.404538,428.3237,173.8444,500.0,8.9793,1.4235,10.4029
958,1601.9865,1610.37,4.816465e-03,1.183486e+05,7.046632e+04,3.018094,0.404726,424.79,178.3922,500.0,8.6042,1.5417,10.1459
959,1612.1154,1612.1154,4.145776e-03,1.922360e+05,6.351470e+04,3.007602,0.403865,428.1147,171.6363,500.0,8.5778,1.4289,10.0067
960,1605.023,1612.1154,4.209512e-03,8.844034e+04,5.920524e+04,3.004562,0.403715,425.7391,175.5668,500.0,9.2909,1.4651,10.756
961,1598.3643,1612.1154,5.181746e-03,9.083624e+04,7.256691e+04,2.998256,0.403633,423.2926,180.6363,500.0,8.1431,1.4334,9.5765
962,1607.268,1612.1154,4.698669e-03,8.908768e+04,6.967472e+04,3.001058,0.40366,427.7617,175.2626,500.0,7.8542,1.4336,9.2877
963,1615.4797,1615.4797,3.722235e-03,1.385245e+05,6.591603e+04,2.993843,0.403425,429.1537,171.6074,500.0,8.0081,1.5067,9.5147
964,1596.631,1615.4797,4.868166e-03,1.001128e+05,6.977972e+04,2.984299,0.402609,423.3912,177.5245,500.0,7.019,1.4786,8.4976
965,1585.0118,1615.4797,4.768739e-03,1.284866e+05,6.693655e+04,2.983398,0.402606,421.2053,175.5284,500.0,8.6537,1.3899,10.0436
966,1593.9464,1615.4797,4.168374e-03,8.462916e+04,6.983067e+04,2.984642,0.40261,422.9524,175.6737,500.0,8.3905,1.4452,9.8356
967,1610.8812,1615.4797,4.563288e-03,9.362294e+04,6.997996e+04,2.98215,0.402558,427.756,176.0857,500.0,7.9783,1.4802,9.4585
968,1566.9068,1615.4797,5.357770e-03,1.048005e+05,7.481443e+04,2.979625,0.402541,414.2561,187.0711,500.0,7.5406,1.4514,8.9919
969,1590.6944,1615.4797,5.091638e-03,8.034534e+04,7.064988e+04,2.981083,0.402542,422.065,179.1558,500.0,8.1217,1.488,9.6097
970,1582.0549,1615.4797,5.611369e-03,1.465485e+05,7.167391e+04,2.981873,0.402545,419.149,179.6745,500.0,9.6601,1.6063,11.2664
971,1611.4148,1615.4797,4.410447e-03,9.193271e+04,6.686337e+04,2.96991,0.401305,427.882,175.9829,500.0,8.9402,1.4098,10.35
972,1603.1866,1615.4797,4.352388e-03,1.102126e+05,6.100657e+04,2.963573,0.401055,425.2394,177.2489,500.0,8.5229,1.3673,9.8902
973,1613.1649,1615.4797,4.931292e-03,1.172868e+05,6.490635e+04,2.962094,0.401038,428.868,178.5592,500.0,8.848,1.4935,10.3416
974,1616.174,1616.174,4.659253e-03,1.471279e+05,6.725454e+04,2.960007,0.401041,428.9803,177.7872,500.0,7.6318,1.3363,8.9681
975,1611.0976,1616.174,5.222672e-03,8.502595e+04,7.245466e+04,2.956154,0.400986,428.08,177.6767,500.0,8.502,1.3835,9.8855
976,1625.3092,1625.3092,4.630448e-03,2.049399e+05,6.176618e+04,2.948684,0.400764,431.1447,176.7959,500.0,9.2549,1.4784,10.7334
977,1621.7622,1625.3092,4.363031e-03,1.262461e+05,6.261231e+04,2.953426,0.400976,428.4378,178.7751,500.0,8.2373,1.5209,9.7582
978,1629.2711,1629.2711,4.322848e-03,1.114733e+05,6.501738e+04,2.953014,0.400834,432.6712,177.667,500.0,7.7786,1.5698,9.3484
979,1598.8343,1629.2711,6.028033e-03,1.098131e+05,7.832188e+04,2.955002,0.400989,424.3005,185.6916,500.0,8.8035,1.4094,10.2129
980,1578.0166,1629.2711,5.089597e-03,1.517143e+05,7.621997e+04,2.956574,0.401028,418.127,188.0695,500.0,9.2027,1.35,10.5526
981,1626.1166,1629.2711,4.478171e-03,9.813936e+04,6.901486e+04,2.942573,0.40014,430.7426,177.106,500.0,7.2266,1.4088,8.6354
982,1599.6861,1629.2711,5.143743e-03,7.949683e+04,6.522392e+04,2.943164,0.400155,422.9229,185.3037,500.0,8.4195,1.3585,9.778
983,1638.3484,1638.3484,4.293494e-03,1.561480e+05,6.541650e+04,2.950661,0.400973,435.5116,177.2071,500.0,8.1926,1.3781,9.5707
984,1641.9207,1641.9207,3.853989e-03,1.058799e+05,7.092358e+04,2.948792,0.400781,436.3332,176.3032,500.0,8.4272,1.508,9.9352
985,1614.5291,1641.9207,4.879493e-03,1.114938e+05,7.063495e+04,2.954139,0.401025,428.0623,181.3354,500.0,8.4786,1.3789,9.8575
986,1605.6932,1641.9207,4.409698e-03,1.048033e+05,6.746430e+04,2.950844,0.400833,424.6462,182.6912,500.0,8.8471,1.4346,10.2818
987,1644.4442,1644.4442,4.359055e-03,9.745673e+04,6.347897e+04,2.9487,0.400817,436.7155,176.7695,500.0,8.8718,1.4195,10.2914
988,1631.7352,1644.4442,5.104034e-03,1.186339e+05,6.987134e+04,2.948464,0.40083,433.4414,174.7968,500.0,8.176,1.4931,9.6691
989,1608.8562,1644.4442,5.668449e-03,1.593893e+05,7.271772e+04,2.944828,0.400205,425.9807,183.6438,500.0,7.5326,1.4364,8.969
990,1615.4993,1644.4442,5.534437e-03,1.284533e+05,7.159020e+04,2.939907,0.399995,427.3301,184.5996,500.0,8.4296,1.4916,9.9212
991,1621.254,1644.4442,5.009951e-03,1.038453e+05,7.212563e+04,2.940143,0.399943,430.3154,183.6032,500.0,8.8431,1.3719,10.2149
992,1607.8585,1644.4442,5.465689e-03,1.730222e+05,7.437478e+04,2.944347,0.400143,425.4335,187.2622,500.0,9.1917,1.4777,10.6693
993,1651.4195,1651.4195,4.258406e-03,1.155653e+05,6.238697e+04,2.937778,0.39993,437.6819,176.7872,500.0,7.7319,1.3708,9.1027
994,1643.1874,1651.4195,3.661639e-03,1.262324e+05,6.278171e+04,2.940563,0.399986,436.3289,173.8783,500.0,7.9534,1.435,9.3884
995,1602.7793,1651.4195,5.138783e-03,9.740288e+04,7.056016e+04,2.943825,0.400192,424.9156,185.3787,500.0,7.9543,1.3722,9.3265
996,1644.1749,1651.4195,4.992028e-03,1.241301e+05,7.334573e+04,2.936504,0.399943,436.4505,177.6998,500.0,7.8693,1.4433,9.3126
997,1640.443,1651.4195,5.067918e-03,1.102535e+05,6.926565e+04,2.929695,0.39934,435.1773,177.0131,500.0,8.1116,1.4071,9.5188
998,1624.1875,1651.4195,5.016174e-03,1.094240e+05,7.239805e+04,2.929244,0.399325,431.4228,179.787,500.0,8.9168,1.3922,10.309
999,1636.5452,1651.4195,5.074807e-03,1.572088e+05,6.790876e+04,2.923725,0.398712,434.0206,177.9281,500.0,8.88,1.3197,10.1997
1000,1607.0189,1651.4195,5.516371e-03,1.108271e+05,7.379287e+04,2.919945,0.398494,425.9847,187.9111,500.0,8.7173,1.3658,10.0831
1001,1620.3815,1651.4195,4.898419e-03,1.608993e+05,6.678887e+04,2.918995,0.398451,428.8999,184.9164,500.0,8.2327,1.412,9.6447
1002,1633.3891,1651.4195,5.012261e-03,1.216134e+05,7.419482e+04,2.91132,0.398224,433.5093,182.5571,500.0,7.4135,1.5235,8.937
1003,1652.0343,1652.0343,3.693364e-03,1.686962e+05,6.033865e+04,2.908451,0.398172,438.7328,174.9949,500.0,8.2186,1.5408,9.7593
1004,1651.2492,1652.0343,4.133281e-03,8.670188e+04,7.716432e+04,2.910668,0.398224,439.7552,175.8334,500.0,7.3509,1.4969,8.8478
1005,1648.9735,1652.0343,4.297825e-03,9.777213e+04,7.014542e+04,2.89585,0.396939,438.0153,176.6329,500.0,8.4138,1.4324,9.8462
1006,1656.0562,1656.0562,4.157030e-03,1.500126e+05,6.378238e+04,2.890334,0.396726,440.2168,177.1155,500.0,9.2258,1.5324,10.7583
1007,1657.6522,1657.6522,3.783390e-03,6.989957e+04,5.646556e+04,2.880644,0.395847,441.0984,175.779,500.0,7.3391,1.4675,8.8066
1008,1608.9822,1657.6522,6.712013e-03,1.187952e+05,7.446941e+04,2.886328,0.396109,425.971,186.0207,500.0,9.2728,1.4167,10.6895
1009,1629.3782,1657.6522,5.486140e-03,1.756405e+05,7.496619e+04,2.881629,0.395903,431.6417,183.9702,500.0,8.9569,1.451,10.4078
1010,1597.4673,1657.6522,6.336831e-03,1.136890e+05,7.830298e+04,2.879265,0.39585,420.7753,191.7401,500.0,9.2274,1.3805,10.6079
1011,1652.0841,1657.6522,4.445691e-03,8.821491e+04,6.612732e+04,2.872447,0.395768,438.2531,177.3724,500.0,7.6759,1.4296,9.1055
1012,1657.6988,1657.6988,4.777821e-03,1.075931e+05,7.035852e+04,2.866688,0.395552,439.6312,184.8904,500.0,7.9848,1.4124,9.3972
1013,1638.1947,1657.6988,5.605402e-03,1.380021e+05,7.282425e+04,2.863758,0.394932,434.2751,185.2562,500.0,8.3532,1.3637,9.7169
1014,1656.3775,1657.6988,4.880262e-03,1.346485e+05,6.972750e+04,2.86392,0.394919,439.4851,180.4867,500.0,7.809,1.3662,9.1752
1015,1652.4882,1657.6988,5.167058e-03,1.629046e+05,6.634362e+04,2.861701,0.394773,437.3493,180.0626,500.0,9.0724,1.432,10.5044
1016,1652.3802,1657.6988,5.490068e-03,1.007461e+05,6.991027e+04,2.861658,0.394777,438.6332,178.8773,500.0,8.0753,1.3368,9.4121
1017,1672.14,1672.14,5.032905e-03,1.098221e+05,6.736550e+04,2.857418,0.394711,445.1719,176.6709,500.0,7.8083,1.4281,9.2364
1018,1636.6709,1672.14,5.612393e-03,1.563176e+05,6.362007e+04,2.85714,0.394355,434.4784,180.132,500.0,8.5924,1.5298,10.1222
1019,1636.6232,1672.14,5.110570e-03,1.223479e+05,7.192251e+04,2.845322,0.393495,434.2326,185.0716,500.0,7.795,1.4495,9.2445
1020,1637.3136,1672.14,4.966734e-03,1.300385e+05,6.874511e+04,2.830223,0.393,433.6557,183.9338,500.0,7.321,1.4927,8.8137
1021,1664.2218,1672.14,4.907958e-03,2.227383e+05,6.720009e+04,2.806293,0.390906,442.2889,179.3337,500.0,8.4652,1.4226,9.8878
1022,1651.1446,1672.14,5.936325e-03,1.572095e+05,6.066076e+04,2.807309,0.391477,437.5794,184.1829,500.0,7.6248,1.4578,9.0826
1023,1629.4803,1672.14,5.235291e-03,1.209689e+05,6.772983e+04,2.804732,0.390905,432.5095,182.0618,500.0,8.6422,1.4014,10.0436
1024,1644.0874,1672.14,5.007122e-03,1.184790e+05,7.250473e+04,2.808101,0.391493,437.5004,180.9437,500.0,7.7524,1.4985,9.2509
1025,1653.2428,1672.14,4.761950e-03,1.575516e+05,7.262687e+04,2.816605,0.392096,438.864,176.6514,500.0,8.4923,1.4547,9.947
1026,1651.167,1672.14,4.542816e-03,1.479962e+05,7.131105e+04,2.821669,0.392361,439.4697,176.2629,500.0,7.0343,1.38,8.4142
1027,1635.2599,1672.14,5.404236e-03,1.150307e+05,7.352195e+04,2.809829,0.391741,433.7043,182.6285,500.0,8.8389,1.4583,10.2972
1028,1659.3816,1672.14,5.075260e-03,2.077854e+05,7.154752e+04,2.798984,0.390891,440.6579,181.4646,500.0,8.5832,1.3309,9.9141
1029,1645.661,1672.14,5.107218e-03,1.389008e+05,7.093088e+04,2.812481,0.392113,436.3635,187.1068,500.0,7.441,1.4227,8.8637
1030,1671.5694,1672.14,4.864407e-03,1.607087e+05,6.739261e+04,2.81412,0.392166,443.9699,178.9626,500.0,8.9875,1.471,10.4585
1031,1661.4901,1672.14,4.820687e-03,1.208641e+05,6.849920e+04,2.800809,0.391546,441.6106,177.9102,500.0,6.7071,1.5109,8.2179
1032,1632.868,1672.14,5.795518e-03,1.332913e+05,8.043498e+04,2.79731,0.390909,432.7444,185.8769,500.0,8.1166,1.4261,9.5427
1033,1666.5125,1672.14,4.365392e-03,1.792920e+05,6.649925e+04,2.785694,0.390607,444.0298,177.275,500.0,8.4578,1.3224,9.7802
1034,1670.0371,1672.14,4.585265e-03,1.193150e+05,6.967246e+04,2.777213,0.389768,445.438,179.285,500.0,8.5596,1.4402,9.9998
1035,1673.1037,1673.1037,3.272764e-03,1.083689e+05,5.948938e+04,2.776924,0.389768,445.6212,176.357,500.0,8.6207,1.4206,10.0413
1036,1669.7825,1673.1037,4.971851e-03,1.574687e+05,7.149973e+04,2.769854,0.389537,442.525,180.0339,500.0,8.1597,1.5455,9.7052
1037,1668.8024,1673.1037,5.145601e-03,1.974182e+05,7.529005e+04,2.763946,0.389095,442.7812,181.2444,500.0,7.7649,1.3589,9.1238
1038,1674.9145,1674.9145,5.361522e-03,1.075835e+05,7.444778e+04,2.761474,0.388895,444.5757,180.1185,500.0,8.8312,1.3422,10.1734
1039,1638.8719,1674.9145,5.162745e-03,9.387681e+04,7.036555e+04,2.764233,0.389105,434.5879,187.753,500.0,8.4888,1.3646,9.8534
1040,1669.5907,1674.9145,4.667909e-03,2.122422e+05,6.683986e+04,2.77017,0.389537,443.1683,182.0963,500.0,8.5773,1.3199,9.8972
1041,1659.8859,1674.9145,5.532375e-03,1.327469e+05,7.462695e+04,2.767313,0.389159,440.1315,186.4169,500.0,8.5889,1.4471,10.036
1042,1673.0458,1674.9145,5.093345e-03,1.182159e+05,6.596417e+04,2.769022,0.389487,444.1935,185.0017,500.0,7.9826,1.376,9.3586
1043,1661.0769,1674.9145,5.351975e-03,1.507792e+05,6.505018e+04,2.762328,0.388949,440.3185,182.5248,500.0,7.1292,1.3639,8.4931
1044,1666.6124,1674.9145,5.220485e-03,1.040984e+05,6.824234e+04,2.755919,0.388306,441.9022,185.8245,500.0,7.4459,1.4,8.846
1045,1668.7428,1674.9145,6.031155e-03,1.036582e+05,7.668984e+04,2.751286,0.388249,442.9439,184.6926,500.0,8.3999,1.3701,9.77
1046,1668.4889,1674.9145,5.478338e-03,1.456433e+05,6.785009e+04,2.743645,0.388017,442.7703,184.2035,500.0,8.1132,1.4143,9.5275
1047,1682.1662,1682.1662,4.775721e-03,2.002867e+05,6.423041e+04,2.747688,0.388078,446.5179,184.7656,500.0,8.4095,1.3977,9.8072
1048,1677.3678,1682.1662,5.875238e-03,8.567895e+04,7.393132e+04,2.742201,0.388003,444.8699,187.477,500.0,8.2522,1.3596,9.6118
1049,1648.813,1682.1662,5.733698e-03,1.338686e+05,6.954732e+04,2.735696,0.387752,435.7175,191.7938,500.0,7.7457,1.3307,9.0764
1050,1678.5804,1682.1662,5.315421e-03,1.635663e+05,6.843942e+04,2.731742,0.387155,445.2561,186.628,500.0,8.712,1.5103,10.2223
1051,1674.2152,1682.1662,5.099614e-03,1.203503e+05,6.109041e+04,2.72097,0.386511,443.1982,186.9321,500.0,9.4789,1.3287,10.8077
1052,1702.1034,1702.1034,4.863156e-03,1.220350e+05,6.204494e+04,2.712513,0.3857,451.8797,181.594,500.0,8.4824,1.4333,9.9156
1053,1698.0522,1702.1034,6.113129e-03,2.020947e+05,7.333899e+04,2.71181,0.385646,449.9827,186.2487,500.0,8.6896,1.4094,10.099
1054,1648.3515,1702.1034,6.150694e-03,1.550024e+05,7.026977e+04,2.709231,0.385471,435.5893,198.2677,500.0,9.1568,1.3853,10.5421
1055,1684.9722,1702.1034,4.812594e-03,1.573715e+05,6.640913e+04,2.707325,0.38542,448.0741,182.4861,500.0,8.4078,1.4078,9.8156
1056,1696.8259,1702.1034,5.519155e-03,1.654392e+05,6.286533e+04,2.708197,0.385431,451.2855,182.6349,500.0,8.4837,1.4195,9.9032
1057,1689.1394,1702.1034,6.069815e-03,1.177483e+05,6.971744e+04,2.704115,0.385402,448.1321,183.3377,500.0,7.4697,1.3782,8.8479
1058,1706.4516,1706.4516,3.664499e-03,1.499596e+05,6.238536e+04,2.698814,0.385145,453.8727,180.2368,500.0,8.2084,1.452,9.6604
1059,1697.1709,1706.4516,5.422948e-03,2.313753e+05,6.558169e+04,2.702698,0.385363,451.0508,185.3775,500.0,8.3263,1.3917,9.718
1060,1694.188,1706.4516,5.375837e-03,1.359885e+05,6.986602e+04,2.696795,0.385196,449.0521,185.5143,500.0,7.6221,1.4182,9.0403
1061,1686.3345,1706.4516,6.045922e-03,1.753695e+05,7.120159e+04,2.694482,0.385186,447.2844,188.2201,500.0,8.2331,1.5035,9.7366
1062,1729.0703,1729.0703,4.195682e-03,1.944449e+05,6.112239e+04,2.688912,0.384495,460.3783,182.8013,500.0,7.8475,1.37,9.2175
1063,1701.6045,1729.0703,5.420732e-03,1.339360e+05,7.305359e+04,2.693708,0.385186,451.0521,187.2874,500.0,7.76,1.42,9.18
1064,1693.9233,1729.0703,4.874596e-03,1.428280e+05,6.719860e+04,2.694664,0.385196,448.8298,189.5946,500.0,7.9982,1.3712,9.3695
1065,1674.4166,1729.0703,6.139769e-03,1.480664e+05,6.678332e+04,2.690724,0.385141,443.7253,194.2057,500.0,9.3129,1.5161,10.829
1066,1677.6384,1729.0703,7.420890e-03,1.365481e+05,7.802100e+04,2.678154,0.383965,444.314,191.8843,500.0,8.365,1.4774,9.8424
1067,1680.4064,1729.0703,4.789879e-03,1.966809e+05,6.358547e+04,2.673689,0.383753,444.1978,190.277,500.0,7.8638,1.4702,9.334
1068,1696.5095,1729.0703,5.938879e-03,2.980881e+05,6.764537e+04,2.675224,0.383902,448.6695,188.4283,500.0,8.5049,1.4206,9.9255
1069,1714.1922,1729.0703,5.831757e-03,1.226780e+05,6.686247e+04,2.671913,0.383695,454.7027,184.7181,500.0,8.4247,1.3586,9.7833
1070,1710.9218,1729.0703,5.486209e-03,3.103906e+05,6.737427e+04,2.676331,0.383901,452.5518,189.2639,500.0,8.6046,1.4498,10.0545
1071,1719.3811,1729.0703,6.359403e-03,1.336875e+05,7.721267e+04,2.674836,0.383749,456.6067,185.9823,500.0,8.8899,1.4211,10.311
1072,1700.0893,1729.0703,5.492754e-03,2.001214e+05,7.140974e+04,2.680968,0.38426,450.5614,188.8694,500.0,8.6002,1.3393,9.9396
1073,1703.5535,1729.0703,6.008032e-03,1.418555e+05,7.127206e+04,2.673994,0.383739,452.6983,187.8844,500.0,7.7989,1.568,9.367
1074,1710.9308,1729.0703,7.090605e-03,1.754722e+05,7.216397e+04,2.669731,0.383047,453.6193,189.5745,500.0,9.133,1.3944,10.5274
1075,1725.7139,1729.0703,5.029305e-03,1.607346e+05,6.903930e+04,2.665515,0.38283,458.9561,187.8739,500.0,6.376,1.4402,7.8161
1076,1735.3154,1735.3154,3.948579e-03,2.704704e+05,5.793827e+04,2.65525,0.382539,460.915,183.1857,500.0,8.8355,1.4438,10.2792
1077,1719.1391,1735.3154,5.413362e-03,2.574660e+05,6.744127e+04,2.65781,0.382754,455.7669,187.8447,500.0,8.5198,1.4821,10.0019
1078,1740.3615,1740.3615,4.741034e-03,1.509843e+05,6.394646e+04,2.669099,0.383044,462.3398,184.2446,500.0,7.8186,1.4267,9.2454
1079,1726.1188,1740.3615,5.318134e-03,1.174946e+05,7.456647e+04,2.668459,0.383047,458.8576,187.3544,500.0,7.8363,1.4917,9.3279
1080,1743.7032,1743.7032,3.887512e-03,2.352094e+05,5.857864e+04,2.666793,0.383031,464.2235,183.9905,500.0,8.9797,1.3598,10.3396
1081,1725.3631,1743.7032,5.592132e-03,1.466236e+05,6.717821e+04,2.656032,0.382743,458.421,188.9629,500.0,7.9018,1.4359,9.3377
1082,1725.0138,1743.7032,5.648814e-03,1.891772e+05,7.451003e+04,2.64354,0.381662,458.3664,189.6459,500.0,8.7844,1.4887,10.2731
1083,1745.6452,1745.6452,5.705333e-03,1.606518e+05,6.880841e+04,2.639189,0.381314,463.3855,187.9286,500.0,9.2538,1.4158,10.6696
1084,1737.5071,1745.6452,4.674091e-03,1.499754e+05,6.501889e+04,2.624988,0.380264,461.678,184.0602,500.0,8.6905,1.5353,10.2258
1085,1704.6076,1745.6452,5.682763e-03,1.581382e+05,7.369538e+04,2.620684,0.380209,451.5301,192.857,500.0,9.063,1.5209,10.5839
1086,1713.8492,1745.6452,5.787175e-03,2.505173e+05,7.778609e+04,2.620034,0.380194,454.0531,191.5154,500.0,8.9145,1.431,10.3455
1087,1726.7668,1745.6452,6.030322e-03,1.706766e+05,7.446577e+04,2.619009,0.380153,457.4404,193.5232,500.0,7.5933,1.4447,9.038
1088,1699.621,1745.6452,7.901475e-03,1.904395e+05,8.186077e+04,2.612446,0.37993,448.9865,199.5939,500.0,8.0256,1.4308,9.4563
1089,1729.3864,1745.6452,5.334894e-03,1.969752e+05,6.836290e+04,2.597975,0.37876,459.5481,187.4075,500.0,9.0224,1.422,10.4443
1090,1724.3813,1745.6452,5.734561e-03,1.514401e+05,7.104798e+04,2.600692,0.378722,458.1577,189.0394,500.0,7.6386,1.3809,9.0195
1091,1739.4567,1745.6452,4.852532e-03,1.683221e+05,6.670171e+04,2.598825,0.378553,462.0896,185.0354,500.0,8.6376,1.5084,10.146
1092,1722.2297,1745.6452,5.599487e-03,2.436479e+05,6.744495e+04,2.593564,0.377883,456.511,191.9594,500.0,8.5227,1.3723,9.895
1093,1726.919,1745.6452,5.578502e-03,1.292683e+05,7.028796e+04,2.592133,0.377883,457.9949,189.8719,500.0,8.1683,1.5885,9.7567
1094,1725.5851,1745.6452,6.102369e-03,1.650256e+05,7.171316e+04,2.583084,0.377604,457.8903,189.4384,500.0,7.6576,1.3708,9.0285
1095,1737.0153,1745.6452,4.945348e-03,1.738431e+05,7.505875e+04,2.58028,0.377548,460.9704,184.6998,500.0,8.1091,1.4554,9.5645
1096,1722.5257,1745.6452,5.899267e-03,1.668481e+05,7.444730e+04,2.574123,0.37731,455.0811,196.4052,500.0,7.5469,1.4506,8.9975
1097,1759.2023,1759.2023,4.182944e-03,1.137544e+05,6.054850e+04,2.571636,0.376718,468.9885,183.958,500.0,7.7335,1.3938,9.1273
1098,1747.7182,1759.2023,5.233545e-03,1.826430e+05,6.683367e+04,2.567465,0.376497,464.0369,190.42,500.0,8.0499,1.3876,9.4375
1099,1744.6221,1759.2023,5.355502e-03,1.263008e+05,7.716473e+04,2.569725,0.376663,462.7207,187.79,500.0,8.0951,1.5354,9.6305
1100,1697.8697,1759.2023,6.023729e-03,1.680926e+05,7.179004e+04,2.564436,0.376424,449.2514,197.3229,500.0,8.2812,1.3721,9.6533
1101,1732.2522,1759.2023,6.325103e-03,1.218319e+05,7.743155e+04,2.562822,0.376181,460.1104,192.1982,500.0,8.8336,1.5056,10.3392
1102,1765.3811,1765.3811,5.236576e-03,1.945242e+05,6.383091e+04,2.561688,0.376164,469.4659,187.7371,500.0,8.5932,1.4716,10.0648
1103,1759.0637,1765.3811,3.824915e-03,1.369912e+05,5.827677e+04,2.563694,0.376126,467.704,185.7213,500.0,8.2217,1.3697,9.5913
1104,1731.3921,1765.3811,5.326426e-03,1.547922e+05,6.202170e+04,2.565411,0.376427,458.9083,191.5294,500.0,8.8334,1.4152,10.2486
1105,1756.6571,1765.3811,5.233960e-03,1.731212e+05,6.859977e+04,2.56814,0.376645,466.1136,190.0835,500.0,7.9748,1.3947,9.3695
1106,1749.1089,1765.3811,5.253348e-03,1.859481e+05,7.038571e+04,2.570034,0.376702,464.1664,188.6367,500.0,8.5849,1.4333,10.0182
1107,1751.0299,1765.3811,4.517335e-03,1.943969e+05,6.515925e+04,2.577459,0.377545,464.2671,186.9656,500.0,7.8476,1.3462,9.1939
1108,1734.8399,1765.3811,5.689340e-03,1.302572e+05,8.136009e+04,2.583416,0.377622,460.296,188.5132,500.0,8.6728,1.4126,10.0854
1109,1742.9737,1765.3811,5.626504e-03,3.683908e+05,7.018750e+04,2.57801,0.377535,462.5869,189.653,500.0,8.8239,1.3407,10.1646
1110,1761.3835,1765.3811,4.639776e-03,2.444138e+05,7.060323e+04,2.575318,0.377365,467.0991,188.522,500.0,8.4086,1.3399,9.7485
1111,1736.4963,1765.3811,5.384950e-03,2.176069e+05,7.088472e+04,2.576502,0.377368,460.5798,188.3718,500.0,7.4842,1.377,8.8612
1112,1737.7374,1765.3811,5.676028e-03,1.827671e+05,6.632302e+04,2.575768,0.377327,461.2185,187.4396,500.0,6.2356,1.4526,7.6882
1113,1752.5292,1765.3811,3.790241e-03,1.666162e+05,6.145999e+04,2.568993,0.376649,465.9685,184.4498,500.0,7.9781,1.4137,9.3919
1114,1759.4277,1765.3811,4.555587e-03,1.309745e+05,6.995495e+04,2.568091,0.376497,468.0726,187.8314,500.0,8.2462,1.5352,9.7815
1115,1742.0348,1765.3811,6.159583e-03,1.641171e+05,7.316038e+04,2.564873,0.376482,461.474,191.2261,500.0,8.7541,1.4222,10.1763
1116,1727.2872,1765.3811,5.399260e-03,1.281500e+05,7.209434e+04,2.570652,0.376718,456.3632,194.3583,500.0,9.69,1.4153,11.1054
1117,1749.6382,1765.3811,4.766010e-03,1.772210e+05,6.771183e+04,2.575541,0.37738,465.4502,187.5594,500.0,7.858,1.4938,9.3518
1118,1742.7542,1765.3811,5.223633e-03,1.858262e+05,7.064581e+04,2.576336,0.377531,461.7025,187.5547,500.0,8.7149,1.4385,10.1534
1119,1754.806,1765.3811,4.905672e-03,2.144034e+05,7.003992e+04,2.571607,0.377309,466.3645,189.4629,500.0,8.183,1.4311,9.6141
1120,1768.9721,1768.9721,3.895816e-03,1.605367e+05,5.775466e+04,2.570299,0.376704,470.7696,185.5523,500.0,7.4318,1.4554,8.8872
1121,1751.3538,1768.9721,5.132679e-03,1.444744e+05,7.081739e+04,2.565001,0.376496,463.9827,189.9414,500.0,7.5094,1.4963,9.0058
1122,1762.4773,1768.9721,5.245687e-03,3.249870e+05,7.300520e+04,2.568094,0.376648,467.8565,189.0307,500.0,8.8981,1.4067,10.3049
1123,1764.8693,1768.9721,4.764881e-03,1.415910e+05,6.941309e+04,2.576376,0.377382,468.5696,188.7734,500.0,8.0425,1.4217,9.4642
1124,1763.4919,1768.9721,5.339852e-03,1.416369e+05,7.472603e+04,2.572539,0.376715,467.893,187.8893,500.0,8.9561,1.4861,10.4421
1125,1757.5358,1768.9721,4.154385e-03,1.439019e+05,6.011597e+04,2.564647,0.376428,467.4562,185.1727,500.0,8.1793,1.4267,9.606
1126,1712.5692,1768.9721,6.357305e-03,2.875304e+05,7.082280e+04,2.555435,0.375943,454.1522,196.038,500.0,8.9214,1.467,10.3884
1127,1763.5341,1768.9721,4.520647e-03,1.920677e+05,6.320468e+04,2.555578,0.375942,468.2897,188.209,500.0,7.5141,1.4343,8.9485
1128,1730.2769,1768.9721,5.867853e-03,1.176946e+05,6.804963e+04,2.552867,0.375891,459.3256,193.2684,500.0,8.9961,1.5053,10.5014
1129,1761.7064,1768.9721,4.650836e-03,1.897843e+05,6.536358e+04,2.530228,0.374095,467.5822,185.4882,500.0,7.5712,1.5226,9.0937
1130,1751.1848,1768.9721,3.910235e-03,2.016651e+05,6.415488e+04,2.525131,0.373881,465.6644,184.3515,500.0,8.1745,1.3865,9.561
1131,1739.0346,1768.9721,4.900551e-03,1.822067e+05,6.756473e+04,2.518701,0.373567,460.7642,189.4866,500.0,7.9204,1.447,9.3673
1132,1750.1746,1768.9721,5.145504e-03,2.173068e+05,7.069922e+04,2.519729,0.373581,464.0778,189.6852,500.0,7.4079,1.5443,8.9523
1133,1761.8099,1768.9721,4.920222e-03,2.471887e+05,6.703040e+04,2.525963,0.373882,468.0392,186.8363,500.0,6.5523,1.4555,8.0078
1134,1745.6272,1768.9721,5.465781e-03,1.555211e+05,6.473328e+04,2.528601,0.374091,463.012,188.1931,500.0,7.9788,1.4055,9.3843
1135,1743.1756,1768.9721,4.517265e-03,1.767061e+05,5.982030e+04,2.527213,0.374039,461.4273,188.9463,500.0,8.1203,1.3944,9.5147
1136,1721.4379,1768.9721,5.053030e-03,9.518038e+04,6.768000e+04,2.527924,0.374094,455.1428,194.7153,500.0,8.9523,1.4623,10.4146
1137,1760.2879,1768.9721,4.206701e-03,1.909138e+05,6.541665e+04,2.541182,0.375005,467.3582,186.3567,500.0,7.9672,1.3524,9.3196
1138,1736.9278,1768.9721,5.908221e-03,1.430490e+05,6.866838e+04,2.542316,0.375069,460.9467,189.7327,500.0,7.9956,1.4428,9.4383
1139,1716.9877,1768.9721,5.383991e-03,1.443090e+05,7.187538e+04,2.538486,0.375015,454.6276,196.7076,500.0,8.4482,1.3807,9.829
1140,1751.2405,1768.9721,4.599561e-03,1.361781e+05,6.539342e+04,2.536044,0.374986,464.8118,187.9813,500.0,8.5031,1.4873,9.9905
1141,1749.0301,1768.9721,5.215846e-03,2.247131e+05,7.072325e+04,2.532292,0.374777,463.6143,192.0385,500.0,7.4253,1.5142,8.9396
1142,1720.8118,1768.9721,5.325313e-03,1.281521e+05,6.575044e+04,2.521203,0.373885,454.2687,197.5531,500.0,9.0181,1.5611,10.5791
1143,1766.1271,1768.9721,4.309099e-03,1.283127e+05,7.160745e+04,2.512114,0.373363,468.619,186.737,500.0,8.0241,1.5038,9.5279
1144,1755.1584,1768.9721,5.013976e-03,2.226229e+05,6.273029e+04,2.505514,0.372679,465.5542,192.2657,500.0,7.7765,1.5669,9.3434
1145,1775.4342,1775.4342,3.818580e-03,9.890095e+04,6.049136e+04,2.497789,0.37241,471.271,187.3613,500.0,7.4392,1.4111,8.8503
1146,1765.661,1775.4342,4.672871e-03,1.621565e+05,7.317591e+04,2.486081,0.371497,468.308,191.0277,500.0,7.9,1.4336,9.3336
1147,1768.741,1775.4342,4.747047e-03,1.388597e+05,6.179455e+04,2.483031,0.371479,469.7612,188.6006,500.0,8.9064,1.5213,10.4277
1148,1759.6622,1775.4342,5.273423e-03,2.604665e+05,6.472892e+04,2.491886,0.372339,466.5263,189.1341,500.0,8.4358,1.4546,9.8904
1149,1745.6394,1775.4342,5.014782e-03,1.890461e+05,6.333682e+04,2.491091,0.372381,461.9342,197.2716,500.0,7.815,1.3855,9.2004
1150,1780.0016,1780.0016,4.240158e-03,1.542216e+05,6.022821e+04,2.488926,0.372335,473.0567,187.3032,500.0,8.8312,1.4227,10.2539
1151,1769.9487,1780.0016,5.364900e-03,2.243112e+05,7.036812e+04,2.478186,0.371441,470.1241,190.4895,500.0,8.4746,1.4909,9.9655
1152,1763.1787,1780.0016,5.265852e-03,2.792256e+05,6.437740e+04,2.473736,0.371217,467.1859,191.5984,500.0,8.1169,1.3851,9.5019
1153,1781.9674,1781.9674,4.054141e-03,1.559220e+05,6.005150e+04,2.461931,0.370705,473.0481,187.7383,500.0,7.781,1.3482,9.1291
1154,1782.3377,1782.3377,4.951468e-03,1.701531e+05,7.132716e+04,2.461102,0.370691,471.8557,191.5892,500.0,7.067,1.5445,8.6115
1155,1778.4399,1782.3377,4.344475e-03,1.379430e+05,6.399909e+04,2.452892,0.369848,472.0979,188.9703,500.0,8.9713,1.4315,10.4028
1156,1788.676,1788.676,4.816378e-03,2.575979e+05,6.729511e+04,2.465702,0.370761,474.1074,191.1467,500.0,7.7913,1.4721,9.2634
1157,1777.7181,1788.676,4.341316e-03,2.107879e+05,7.131003e+04,2.46102,0.370091,471.9792,189.2688,500.0,8.5856,1.4648,10.0504
1158,1767.3042,1788.676,5.333387e-03,2.626312e+05,7.298087e+04,2.454949,0.370031,469.4748,192.7254,500.0,8.7684,1.4632,10.2315
1159,1791.834,1791.834,4.300777e-03,1.653402e+05,6.311770e+04,2.457725,0.370077,475.8188,187.8706,500.0,8.6999,1.4976,10.1975
1160,1767.0076,1791.834,4.857994e-03,1.498620e+05,6.209668e+04,2.45434,0.37002,468.4868,190.6805,500.0,8.9233,1.5045,10.4278
1161,1778.1421,1791.834,3.694690e-03,2.030782e+05,5.824187e+04,2.457872,0.370088,471.198,187.9429,500.0,8.8901,1.3249,10.215
1162,1777.382,1791.834,4.289913e-03,2.040188e+05,6.780490e+04,2.448641,0.369796,471.48,189.3579,500.0,8.627,1.3365,9.9635
1163,1781.5326,1791.834,4.151520e-03,1.431890e+05,6.141720e+04,2.442684,0.369717,472.5981,187.7651,500.0,6.8467,1.3417,8.1884
1164,1799.5759,1799.5759,4.704856e-03,1.764800e+05,6.386225e+04,2.436886,0.369491,477.5847,190.1034,500.0,8.2158,1.3796,9.5954
1165,1788.848,1799.5759,4.234693e-03,3.241828e+05,6.009323e+04,2.426392,0.36859,474.5607,188.343,500.0,8.5389,1.5103,10.0492
1166,1794.6502,1799.5759,4.808227e-03,3.128637e+05,6.309036e+04,2.419213,0.368164,476.7011,188.3065,500.0,7.9831,1.5034,9.4864
1167,1799.0423,1799.5759,4.189577e-03,1.477884e+05,6.725727e+04,2.42408,0.368336,477.075,190.3284,500.0,6.4513,1.4753,7.9266
1168,1783.8796,1799.5759,5.431660e-03,1.847213e+05,6.648510e+04,2.427826,0.368392,473.4587,192.6423,500.0,8.89,1.5322,10.4222
1169,1797.236,1799.5759,4.608060e-03,1.761345e+05,6.502309e+04,2.42939,0.368586,476.584,188.7466,500.0,8.0292,1.5078,9.537
1170,1784.2262,1799.5759,4.674443e-03,2.873887e+05,6.241423e+04,2.422693,0.368319,473.3636,189.9736,500.0,8.2503,1.4895,9.7398
1171,1794.9278,1799.5759,3.602097e-03,1.311699e+05,6.300501e+04,2.425006,0.368375,476.9583,188.74,500.0,7.4885,1.4731,8.9616
1172,1794.7568,1799.5759,5.051456e-03,1.975322e+05,6.217314e+04,2.431549,0.368661,476.297,189.9723,500.0,7.3237,1.4643,8.7879
1173,1796.6311,1799.5759,4.293834e-03,2.256969e+05,6.229075e+04,2.431582,0.368813,476.8864,192.3213,500.0,6.9644,1.3611,8.3254
1174,1808.6408,1808.6408,4.769152e-03,3.844347e+05,6.947204e+04,2.430268,0.368657,479.896,191.0024,500.0,9.0297,1.4901,10.5198
1175,1799.1111,1808.6408,5.333312e-03,1.902683e+05,6.514217e+04,2.421853,0.368323,477.4124,192.2935,500.0,7.7912,1.3847,9.1758
1176,1787.2928,1808.6408,5.651384e-03,1.069350e+05,6.606279e+04,2.42527,0.368601,473.2377,196.439,500.0,7.1029,1.3736,8.4765
1177,1789.5355,1808.6408,5.311166e-03,2.008467e+05,7.062959e+04,2.420948,0.36839,474.2909,192.306,500.0,7.7047,1.472,9.1767
1178,1782.4528,1808.6408,5.363190e-03,2.415770e+05,6.675932e+04,2.421711,0.368589,472.003,196.8756,500.0,8.1961,1.344,9.54
1179,1784.5044,1808.6408,5.733411e-03,2.398956e+05,7.048151e+04,2.41985,0.368587,471.8578,196.5161,500.0,7.9608,1.4626,9.4234
1180,1798.4821,1808.6408,5.876556e-03,2.547211e+05,7.171119e+04,2.43165,0.369508,477.7746,192.6701,500.0,7.5961,1.5074,9.1035
1181,1803.1272,1808.6408,4.602865e-03,1.659538e+05,6.559535e+04,2.432251,0.369551,479.4954,193.4574,500.0,8.4581,1.4198,9.8779
1182,1802.8519,1808.6408,4.192013e-03,2.545140e+05,5.673930e+04,2.422752,0.368646,478.9052,190.1552,500.0,8.1664,1.4288,9.5951
1183,1798.6451,1808.6408,4.863230e-03,2.164458e+05,7.267416e+04,2.431716,0.369506,477.2413,191.3697,500.0,7.7452,1.45,9.1952
1184,1773.3011,1808.6408,4.912369e-03,1.275868e+05,7.301420e+04,2.429142,0.368873,469.0709,197.0164,500.0,7.1428,1.6235,8.7663
1185,1812.2711,1812.2711,4.206313e-03,1.471118e+05,6.690325e+04,2.427791,0.36887,481.5099,190.6436,500.0,7.1318,1.4688,8.6005
1186,1803.0954,1812.2711,4.386148e-03,2.461048e+05,6.368232e+04,2.412399,0.368154,479.3814,189.8275,500.0,8.4043,1.4129,9.8171
1187,1801.845,1812.2711,4.541361e-03,2.011648e+05,6.436738e+04,2.408222,0.368094,478.8682,191.7773,500.0,8.553,1.3619,9.9149
1188,1794.0238,1812.2711,5.296473e-03,1.859706e+05,6.434639e+04,2.412132,0.368322,475.1296,192.2103,500.0,7.5743,1.326,8.9003
1189,1783.2561,1812.2711,5.197143e-03,1.809799e+05,6.696316e+04,2.414887,0.368334,472.2253,196.1186,500.0,7.3561,1.3642,8.7203
1190,1807.9019,1812.2711,4.914542e-03,2.302007e+05,6.594447e+04,2.414938,0.368323,480.4959,191.3197,500.0,7.4198,1.3308,8.7506
1191,1809.2745,1812.2711,4.653965e-03,2.994043e+05,6.697184e+04,2.404696,0.367472,479.918,190.3368,500.0,6.5372,1.2883,7.8255
1192,1788.6237,1812.2711,6.160337e-03,1.788113e+05,6.927799e+04,2.406162,0.367486,474.3524,197.3058,500.0,7.1074,1.3602,8.4676
1193,1812.6302,1812.6302,4.889038e-03,2.161620e+05,5.860963e+04,2.399271,0.367206,481.32,190.8805,500.0,6.3479,1.2877,7.6356
1194,1803.7367,1812.6302,4.305409e-03,2.731044e+05,6.174504e+04,2.403049,0.367429,479.3373,189.6132,500.0,6.1542,1.2911,7.4453
1195,1796.8434,1812.6302,6.019488e-03,2.955836e+05,7.361354e+04,2.398846,0.367206,475.4496,195.3335,500.0,5.498,1.2906,6.7887
1196,1815.8666,1815.8666,4.472000e-03,2.336193e+05,5.715467e+04,2.409302,0.368163,482.2574,191.6386,500.0,5.8149,1.2942,7.1091
1197,1801.3416,1815.8666,5.060753e-03,2.645355e+05,6.848159e+04,2.406758,0.368153,478.2838,192.3011,500.0,5.8707,1.2982,7.1689
1198,1752.0441,1815.8666,6.909898e-03,2.845073e+05,7.238559e+04,2.394937,0.367249,463.2758,206.6303,500.0,5.7284,1.305,7.0334
1199,1793.3242,1815.8666,5.511370e-03,2.321274e+05,6.712214e+04,2.391031,0.367192,476.0106,198.7736,500.0,5.7282,1.2919,7.0201
