method,seed,update,true_environment_steps_before_update,beta,barrier_active,reward_gradient_norm,barrier_gradient_norm,regularizer_gradient_norm,total_gradient_norm,naturalized_reward_norm,naturalized_barrier_norm,euclidean_barrier_to_reward_ratio,natural_barrier_to_reward_ratio,euclidean_cosine,euclidean_cosine_defined,natural_cosine,natural_cosine_defined,realized_kl,damping
gpomdp_reward_only,715,0,0,0.0,False,312.39813232421875,0.16904719173908234,0.0,312.39813232421875,3386.922119140625,0.0,0.0,0.0,-0.8322653770446777,True,nan,False,0.00015810868353582919,0.01
gpomdp_reward_only,715,1,3819,0.0,False,279.3085021972656,0.1860477328300476,0.0,279.3085021972656,4219.97607421875,0.0,0.0,0.0,-0.01572365313768387,True,nan,False,0.00011004565021721646,0.01
gpomdp_reward_only,715,2,7666,0.0,False,261.8211669921875,0.19095271825790405,0.0,261.8211669921875,4415.57861328125,0.0,0.0,0.0,0.15059201419353485,True,nan,False,5.1680963224498555e-05,0.01
gpomdp_reward_only,715,3,11475,0.0,False,241.95159912109375,0.19500169157981873,0.0,241.95159912109375,4572.60400390625,0.0,0.0,0.0,-0.3902340531349182,True,nan,False,4.659800470108166e-05,0.01
gpomdp_reward_only,715,4,14448,0.0,False,274.54998779296875,0.21175925433635712,0.0,274.54998779296875,4926.90576171875,0.0,0.0,0.0,-0.7334415316581726,True,nan,False,5.452681580209173e-05,0.01
gpomdp_reward_only,715,5,18308,0.0,False,229.76348876953125,0.21048180758953094,0.0,229.76348876953125,5683.43212890625,0.0,0.0,0.0,-0.046539247035980225,True,nan,False,4.142373290960677e-05,0.01
gpomdp_reward_only,715,6,21854,0.0,False,340.6517639160156,0.21848319470882416,0.0,340.6517639160156,3155.522705078125,0.0,0.0,0.0,-0.14903764426708221,True,nan,False,4.67174977529794e-05,0.01
gpomdp_reward_only,715,7,25178,0.0,False,355.5627136230469,0.22842395305633545,0.0,355.5627136230469,5186.193359375,0.0,0.0,0.0,-0.7212741374969482,True,nan,False,6.0043712437618524e-05,0.01
gpomdp_reward_only,715,8,28574,0.0,False,248.44973754882812,0.22164957225322723,0.0,248.44973754882812,4017.048583984375,0.0,0.0,0.0,0.027352767065167427,True,nan,False,5.1490813348209485e-05,0.01
gpomdp_reward_only,715,9,31786,0.0,False,166.63351440429688,0.2575986087322235,0.0,166.63351440429688,4214.43017578125,0.0,0.0,0.0,-0.7134034037590027,True,nan,False,5.8352441556053236e-05,0.01
gpomdp_reward_only,715,10,34918,0.0,False,318.8182373046875,0.23786358535289764,0.0,318.8182373046875,5521.55810546875,0.0,0.0,0.0,-0.5623177886009216,True,nan,False,5.5405635066563264e-05,0.01
gpomdp_reward_only,715,11,37966,0.0,False,338.50634765625,0.2548983097076416,0.0,338.50634765625,4999.5966796875,0.0,0.0,0.0,-0.776341438293457,True,nan,False,6.146841042209417e-05,0.01
gpomdp_reward_only,715,12,40565,0.0,False,377.4132385253906,0.25395241379737854,0.0,377.4132385253906,4531.01611328125,0.0,0.0,0.0,-0.20343546569347382,True,nan,False,6.639162893407047e-05,0.01
gpomdp_reward_only,715,13,43166,0.0,False,245.84259033203125,0.260017991065979,0.0,245.84259033203125,4106.5927734375,0.0,0.0,0.0,-0.46551641821861267,True,nan,False,6.265705451369286e-05,0.01
gpomdp_reward_only,715,14,45968,0.0,False,132.0816650390625,0.2838229537010193,0.0,132.0816650390625,4352.34765625,0.0,0.0,0.0,0.09824123233556747,True,nan,False,5.064964352641255e-05,0.01
gpomdp_reward_only,715,15,48814,0.0,False,294.4726867675781,0.2720364034175873,0.0,294.4726867675781,3866.037841796875,0.0,0.0,0.0,-0.8151514530181885,True,nan,False,5.9336402046028525e-05,0.01
gpomdp_reward_only,715,16,51621,0.0,False,373.31182861328125,0.2910097539424896,0.0,373.31182861328125,4697.1923828125,0.0,0.0,0.0,-0.10945730656385422,True,nan,False,5.234582567936741e-05,0.01
gpomdp_reward_only,715,17,54374,0.0,False,251.75369262695312,0.32312068343162537,0.0,251.75369262695312,3911.3349609375,0.0,0.0,0.0,-0.4810410737991333,True,nan,False,5.632138345390558e-05,0.01
gpomdp_reward_only,715,18,57101,0.0,False,386.4531555175781,0.39532241225242615,0.0,386.4531555175781,4096.50439453125,0.0,0.0,0.0,0.17327839136123657,True,nan,False,5.375055116019212e-05,0.01
gpomdp_reward_only,715,19,59808,0.0,False,265.3860778808594,0.3424398601055145,0.0,265.3860778808594,4234.13330078125,0.0,0.0,0.0,-0.37493470311164856,True,nan,False,5.43901369383093e-05,0.01
gpomdp_reward_only,715,20,62328,0.0,False,333.4908752441406,0.3581105172634125,0.0,333.4908752441406,3364.09619140625,0.0,0.0,0.0,-0.7627431154251099,True,nan,False,6.868366472190246e-05,0.01
gpomdp_reward_only,715,21,64403,0.0,False,271.4874572753906,0.3243027329444885,0.0,271.4874572753906,3238.516845703125,0.0,0.0,0.0,-0.6425704956054688,True,nan,False,7.171153993112966e-05,0.01
gpomdp_reward_only,715,22,66357,0.0,False,221.5622100830078,0.33153825998306274,0.0,221.5622100830078,3569.0595703125,0.0,0.0,0.0,-0.6086175441741943,True,nan,False,6.649790884694085e-05,0.01
gpomdp_reward_only,715,23,68545,0.0,False,347.1287841796875,0.35716712474823,0.0,347.1287841796875,4001.999755859375,0.0,0.0,0.0,-0.8849953413009644,True,nan,False,8.446549327345565e-05,0.01
gpomdp_reward_only,715,24,70605,0.0,False,157.21124267578125,0.36888745427131653,0.0,157.21124267578125,2669.7626953125,0.0,0.0,0.0,-0.5327834486961365,True,nan,False,7.864668441470712e-05,0.01
gpomdp_reward_only,715,25,72853,0.0,False,313.59283447265625,0.359715074300766,0.0,313.59283447265625,4071.893798828125,0.0,0.0,0.0,-0.687498152256012,True,nan,False,8.187721687136218e-05,0.01
gpomdp_reward_only,715,26,74808,0.0,False,169.38478088378906,0.37843596935272217,0.0,169.38478088378906,4023.249267578125,0.0,0.0,0.0,-0.07644949108362198,True,nan,False,7.337669376283884e-05,0.01
gpomdp_reward_only,715,27,76599,0.0,False,258.18560791015625,0.3975895941257477,0.0,258.18560791015625,2795.695556640625,0.0,0.0,0.0,-0.38465383648872375,True,nan,False,8.080714906100184e-05,0.01
gpomdp_reward_only,715,28,78314,0.0,False,275.01422119140625,0.39062023162841797,0.0,275.01422119140625,3614.400390625,0.0,0.0,0.0,-0.6004971861839294,True,nan,False,8.484024874633178e-05,0.01
gpomdp_reward_only,715,29,80255,0.0,False,311.311279296875,0.476723849773407,0.0,311.311279296875,3963.39501953125,0.0,0.0,0.0,0.42106807231903076,True,nan,False,5.25266004842706e-05,0.01
gpomdp_reward_only,715,30,82072,0.0,False,409.47125244140625,0.4289507269859314,0.0,409.47125244140625,3533.548095703125,0.0,0.0,0.0,-0.8686813712120056,True,nan,False,6.926966307219118e-05,0.01
gpomdp_reward_only,715,31,83775,0.0,False,248.55128479003906,0.4225737154483795,0.0,248.55128479003906,2284.19384765625,0.0,0.0,0.0,-0.3802550435066223,True,nan,False,6.831463542766869e-05,0.01
gpomdp_reward_only,715,32,85354,0.0,False,217.31626892089844,0.5360056757926941,0.0,217.31626892089844,3239.715087890625,0.0,0.0,0.0,-0.5667746663093567,True,nan,False,7.159137021517381e-05,0.01
gpomdp_reward_only,715,33,87217,0.0,False,211.61334228515625,0.45882415771484375,0.0,211.61334228515625,3307.558349609375,0.0,0.0,0.0,-0.417043000459671,True,nan,False,6.791298073949292e-05,0.01
gpomdp_reward_only,715,34,89060,0.0,False,147.3838653564453,0.45640262961387634,0.0,147.3838653564453,3278.650146484375,0.0,0.0,0.0,0.275640070438385,True,nan,False,4.9255955673288554e-05,0.01
gpomdp_reward_only,715,35,90693,0.0,False,220.51478576660156,0.601486325263977,0.0,220.51478576660156,4576.833984375,0.0,0.0,0.0,-0.6465900540351868,True,nan,False,5.958781184745021e-05,0.01
gpomdp_reward_only,715,36,92730,0.0,False,196.46026611328125,0.49151670932769775,0.0,196.46026611328125,2678.9306640625,0.0,0.0,0.0,-0.9571242928504944,True,nan,False,6.128943641670048e-05,0.01
gpomdp_reward_only,715,37,94297,0.0,False,193.82518005371094,0.4815555214881897,0.0,193.82518005371094,2841.436767578125,0.0,0.0,0.0,-0.571049690246582,True,nan,False,5.888393570785411e-05,0.01
gpomdp_reward_only,715,38,95695,0.0,False,183.50143432617188,0.5059607625007629,0.0,183.50143432617188,2431.84228515625,0.0,0.0,0.0,-0.41156578063964844,True,nan,False,5.3333878895500675e-05,0.01
gpomdp_reward_only,715,39,97258,0.0,False,149.1988983154297,0.5497061014175415,0.0,149.1988983154297,3315.752197265625,0.0,0.0,0.0,0.1908237189054489,True,nan,False,4.7415916924364865e-05,0.01
gpomdp_reward_only,715,40,98673,0.0,False,264.67828369140625,0.6236154437065125,0.0,264.67828369140625,3230.95361328125,0.0,0.0,0.0,-0.0913095772266388,True,nan,False,4.7400517360074446e-05,0.01
gpomdp_reward_only,715,41,100306,0.0,False,71.67092895507812,0.5574037432670593,0.0,71.67092895507812,2854.361572265625,0.0,0.0,0.0,-0.47304627299308777,True,nan,False,4.1304214391857386e-05,0.01
gpomdp_reward_only,715,42,101677,0.0,False,175.77427673339844,0.5353111624717712,0.0,175.77427673339844,2882.070068359375,0.0,0.0,0.0,-0.7428537011146545,True,nan,False,3.984298018622212e-05,0.01
gpomdp_reward_only,715,43,102976,0.0,False,84.5793685913086,0.5934291481971741,0.0,84.5793685913086,2376.72900390625,0.0,0.0,0.0,0.01790528930723667,True,nan,False,3.49171859852504e-05,0.01
gpomdp_reward_only,715,44,104260,0.0,False,199.56289672851562,0.5359229445457458,0.0,199.56289672851562,2039.3475341796875,0.0,0.0,0.0,-0.7848237752914429,True,nan,False,3.7789297493873164e-05,0.01
gpomdp_reward_only,715,45,105614,0.0,False,107.04474639892578,0.5550317764282227,0.0,107.04474639892578,2424.286376953125,0.0,0.0,0.0,-0.007289998698979616,True,nan,False,3.1954645237419754e-05,0.01
gpomdp_reward_only,715,46,106882,0.0,False,90.02603149414062,0.5757186412811279,0.0,90.02603149414062,2140.77587890625,0.0,0.0,0.0,0.28057608008384705,True,nan,False,2.5912382625392638e-05,0.01
gpomdp_reward_only,715,47,108116,0.0,False,158.23341369628906,0.6121996641159058,0.0,158.23341369628906,2276.103271484375,0.0,0.0,0.0,0.71712327003479,True,nan,False,1.6414316633017734e-05,0.01
gpomdp_reward_only,715,48,109443,0.0,False,152.82321166992188,0.5886225700378418,0.0,152.82321166992188,2263.89013671875,0.0,0.0,0.0,-0.2898368239402771,True,nan,False,1.5834793885005638e-05,0.01
gpomdp_reward_only,715,49,110590,0.0,False,214.47923278808594,0.6582583785057068,0.0,214.47923278808594,2749.191650390625,0.0,0.0,0.0,-0.42454713582992554,True,nan,False,1.9804121620836668e-05,0.01
gpomdp_reward_only,715,50,112069,0.0,False,80.18400573730469,0.6692367792129517,0.0,80.18400573730469,2513.06787109375,0.0,0.0,0.0,0.1868779957294464,True,nan,False,1.4730149814567994e-05,0.01
gpomdp_reward_only,715,51,113338,0.0,False,130.82435607910156,0.5631132125854492,0.0,130.82435607910156,3732.714111328125,0.0,0.0,0.0,-0.7259362936019897,True,nan,False,1.587633232702501e-05,0.01
gpomdp_reward_only,715,52,115032,0.0,False,190.61886596679688,0.5935266017913818,0.0,190.61886596679688,2516.8583984375,0.0,0.0,0.0,-0.7408767938613892,True,nan,False,1.9249526303610764e-05,0.01
gpomdp_reward_only,715,53,116201,0.0,False,206.6067352294922,0.6307998299598694,0.0,206.6067352294922,2241.234619140625,0.0,0.0,0.0,-0.8053373694419861,True,nan,False,2.4370963728870265e-05,0.01
gpomdp_reward_only,715,54,117436,0.0,False,166.34718322753906,0.6185656785964966,0.0,166.34718322753906,2375.043701171875,0.0,0.0,0.0,-0.10239394754171371,True,nan,False,2.1026115064159967e-05,0.01
gpomdp_reward_only,715,55,118570,0.0,False,289.3118896484375,0.6571447849273682,0.0,289.3118896484375,2830.40234375,0.0,0.0,0.0,-0.8708074688911438,True,nan,False,3.2253283279715106e-05,0.01
gpomdp_reward_only,715,56,119746,0.0,False,291.88946533203125,0.6210391521453857,0.0,291.88946533203125,2439.216552734375,0.0,0.0,0.0,-0.19534680247306824,True,nan,False,3.310278043500148e-05,0.01
gpomdp_reward_only,715,57,120939,0.0,False,115.12425231933594,0.6241185665130615,0.0,115.12425231933594,2005.763427734375,0.0,0.0,0.0,0.6686205267906189,True,nan,False,2.318804217793513e-05,0.01
gpomdp_reward_only,715,58,122033,0.0,False,153.714111328125,0.639178454875946,0.0,153.714111328125,3634.970947265625,0.0,0.0,0.0,-0.4354560971260071,True,nan,False,2.4901288270484656e-05,0.01
gpomdp_reward_only,715,59,123647,0.0,False,131.5517578125,0.6459000706672668,0.0,131.5517578125,1949.65185546875,0.0,0.0,0.0,-0.7920316457748413,True,nan,False,2.4068540369626135e-05,0.01
gpomdp_reward_only,715,60,124762,0.0,False,150.1585235595703,0.6459417939186096,0.0,150.1585235595703,2039.1776123046875,0.0,0.0,0.0,-0.3136390745639801,True,nan,False,2.5044877475011162e-05,0.01
gpomdp_reward_only,715,61,125847,0.0,False,167.689453125,0.6782838702201843,0.0,167.689453125,2544.94677734375,0.0,0.0,0.0,0.7381246089935303,True,nan,False,1.6584859622525983e-05,0.01
gpomdp_reward_only,715,62,127078,0.0,False,97.63277435302734,0.7282525897026062,0.0,97.63277435302734,2946.333251953125,0.0,0.0,0.0,0.2982449531555176,True,nan,False,1.4296453628048766e-05,0.01
gpomdp_reward_only,715,63,128303,0.0,False,140.3475341796875,0.6641650199890137,0.0,140.3475341796875,2297.225341796875,0.0,0.0,0.0,-0.4219816029071808,True,nan,False,1.532392889203038e-05,0.01
gpomdp_reward_only,715,64,129514,0.0,False,103.44509887695312,0.7378307580947876,0.0,103.44509887695312,2368.96142578125,0.0,0.0,0.0,-0.27803030610084534,True,nan,False,1.3219580978329759e-05,0.01
gpomdp_reward_only,715,65,130661,0.0,False,205.57192993164062,0.6885027289390564,0.0,205.57192993164062,2262.71923828125,0.0,0.0,0.0,-0.6854235529899597,True,nan,False,1.764667649695184e-05,0.01
gpomdp_reward_only,715,66,131776,0.0,False,64.94551849365234,0.7322797775268555,0.0,64.94551849365234,2201.278076171875,0.0,0.0,0.0,0.18859288096427917,True,nan,False,1.5413077562698163e-05,0.01
gpomdp_reward_only,715,67,132887,0.0,False,165.28656005859375,0.7125640511512756,0.0,165.28656005859375,1804.188232421875,0.0,0.0,0.0,-0.6515876650810242,True,nan,False,1.945079566212371e-05,0.01
gpomdp_reward_only,715,68,133932,0.0,False,140.21444702148438,0.7312874794006348,0.0,140.21444702148438,2621.57275390625,0.0,0.0,0.0,-0.8735218644142151,True,nan,False,2.2495220036944374e-05,0.01
gpomdp_reward_only,715,69,135316,0.0,False,141.85385131835938,0.6920428276062012,0.0,141.85385131835938,3050.74169921875,0.0,0.0,0.0,-0.3862309753894806,True,nan,False,2.4075972760329023e-05,0.01
gpomdp_reward_only,715,70,136522,0.0,False,167.32000732421875,0.6772698760032654,0.0,167.32000732421875,3001.9423828125,0.0,0.0,0.0,-0.6364996433258057,True,nan,False,3.16003970510792e-05,0.01
gpomdp_reward_only,715,71,137965,0.0,False,236.67005920410156,0.7314584255218506,0.0,236.67005920410156,2349.395751953125,0.0,0.0,0.0,0.04955082759261131,True,nan,False,2.2437156076193787e-05,0.01
gpomdp_reward_only,715,72,139189,0.0,False,202.91062927246094,0.6893914341926575,0.0,202.91062927246094,2622.555419921875,0.0,0.0,0.0,-0.8858234286308289,True,nan,False,3.170933632645756e-05,0.01
gpomdp_reward_only,715,73,140503,0.0,False,255.2200164794922,0.7236759066581726,0.0,255.2200164794922,2098.3291015625,0.0,0.0,0.0,-0.29778096079826355,True,nan,False,2.4926561309257522e-05,0.01
gpomdp_reward_only,715,74,141696,0.0,False,225.68142700195312,0.7442194223403931,0.0,225.68142700195312,2315.40380859375,0.0,0.0,0.0,0.028745833784341812,True,nan,False,2.5858787921606563e-05,0.01
gpomdp_reward_only,715,75,142877,0.0,False,71.40843963623047,0.7601620554924011,0.0,71.40843963623047,1496.2508544921875,0.0,0.0,0.0,-0.5011593699455261,True,nan,False,2.2382197130355053e-05,0.01
gpomdp_reward_only,715,76,144004,0.0,False,134.59828186035156,0.7611567974090576,0.0,134.59828186035156,2320.995361328125,0.0,0.0,0.0,0.7119825482368469,True,nan,False,1.318675003858516e-05,0.01
gpomdp_reward_only,715,77,145204,0.0,False,155.71856689453125,0.8075018525123596,0.0,155.71856689453125,2208.142822265625,0.0,0.0,0.0,0.1718212217092514,True,nan,False,9.253752978111152e-06,0.01
gpomdp_reward_only,715,78,146294,0.0,False,243.19239807128906,0.8254672288894653,0.0,243.19239807128906,2170.4228515625,0.0,0.0,0.0,-0.7017185688018799,True,nan,False,1.355689801130211e-05,0.01
gpomdp_reward_only,715,79,147531,0.0,False,118.6927261352539,0.7346063852310181,0.0,118.6927261352539,2439.596923828125,0.0,0.0,0.0,-0.48401743173599243,True,nan,False,1.2598240573424846e-05,0.01
gpomdp_reward_only,715,80,148695,0.0,False,142.91285705566406,0.7878240346908569,0.0,142.91285705566406,1854.7513427734375,0.0,0.0,0.0,-0.41124069690704346,True,nan,False,1.4477432159765158e-05,0.01
gpomdp_reward_only,715,81,149732,0.0,False,98.18487548828125,0.7808498740196228,0.0,98.18487548828125,1699.392333984375,0.0,0.0,0.0,0.4588903486728668,True,nan,False,1.0412397386971861e-05,0.01
gpomdp_reward_only,715,82,150870,0.0,False,171.656982421875,0.7593909502029419,0.0,171.656982421875,3434.186279296875,0.0,0.0,0.0,0.3158760666847229,True,nan,False,8.48338459036313e-06,0.01
gpomdp_reward_only,715,83,152268,0.0,False,145.35037231445312,0.7857723832130432,0.0,145.35037231445312,1979.447021484375,0.0,0.0,0.0,0.20097559690475464,True,nan,False,6.136088813946117e-06,0.01
gpomdp_reward_only,715,84,153342,0.0,False,210.09722900390625,0.7742611765861511,0.0,210.09722900390625,2312.580078125,0.0,0.0,0.0,-0.3286271393299103,True,nan,False,1.1728294339263812e-05,0.01
gpomdp_reward_only,715,85,154455,0.0,False,115.10352325439453,0.8205291032791138,0.0,115.10352325439453,1495.46337890625,0.0,0.0,0.0,-0.25377506017684937,True,nan,False,1.0649519026628695e-05,0.01
gpomdp_reward_only,715,86,155441,0.0,False,119.88370513916016,0.9472073912620544,0.0,119.88370513916016,2752.17578125,0.0,0.0,0.0,-0.5781993269920349,True,nan,False,9.975809916795697e-06,0.01
gpomdp_reward_only,715,87,156566,0.0,False,174.160888671875,0.8036265969276428,0.0,174.160888671875,1746.8505859375,0.0,0.0,0.0,-0.591128408908844,True,nan,False,1.62058713613078e-05,0.01
gpomdp_reward_only,715,88,157551,0.0,False,76.09306335449219,0.8258689045906067,0.0,76.09306335449219,1922.1251220703125,0.0,0.0,0.0,0.44118085503578186,True,nan,False,1.2613348189915996e-05,0.01
gpomdp_reward_only,715,89,158569,0.0,False,85.76201629638672,0.8234620690345764,0.0,85.76201629638672,1861.072509765625,0.0,0.0,0.0,-0.11701889336109161,True,nan,False,1.1098684808530379e-05,0.01
gpomdp_reward_only,715,90,159555,0.0,False,177.7453155517578,0.8410918712615967,0.0,177.7453155517578,1736.1904296875,0.0,0.0,0.0,-0.22688418626785278,True,nan,False,9.828176189330406e-06,0.01
gpomdp_reward_only,715,91,160581,0.0,False,159.7652130126953,0.8903492093086243,0.0,159.7652130126953,2653.71435546875,0.0,0.0,0.0,0.347991943359375,True,nan,False,1.0571819984761532e-05,0.01
gpomdp_reward_only,715,92,161639,0.0,False,138.0308380126953,0.7872569561004639,0.0,138.0308380126953,1758.3543701171875,0.0,0.0,0.0,-0.44512325525283813,True,nan,False,9.993759704229888e-06,0.01
gpomdp_reward_only,715,93,162598,0.0,False,139.48171997070312,0.8964694738388062,0.0,139.48171997070312,1940.8548583984375,0.0,0.0,0.0,-0.4573507606983185,True,nan,False,1.1752128557418473e-05,0.01
gpomdp_reward_only,715,94,163635,0.0,False,137.76280212402344,0.9113572835922241,0.0,137.76280212402344,1518.7095947265625,0.0,0.0,0.0,0.47251468896865845,True,nan,False,1.0995126103807706e-05,0.01
gpomdp_reward_only,715,95,164654,0.0,False,155.8780975341797,0.826330840587616,0.0,155.8780975341797,1727.8245849609375,0.0,0.0,0.0,-0.23244906961917877,True,nan,False,1.3396605936577544e-05,0.01
gpomdp_reward_only,715,96,165655,0.0,False,75.1097412109375,0.865881621837616,0.0,75.1097412109375,2295.16015625,0.0,0.0,0.0,-0.04130800813436508,True,nan,False,8.369359420612454e-06,0.01
gpomdp_reward_only,715,97,166594,0.0,False,124.58271026611328,0.8392693400382996,0.0,124.58271026611328,2064.73486328125,0.0,0.0,0.0,-0.6640536189079285,True,nan,False,8.515976333001163e-06,0.01
gpomdp_reward_only,715,98,167596,0.0,False,135.66883850097656,0.825011670589447,0.0,135.66883850097656,1634.615234375,0.0,0.0,0.0,0.1752888709306717,True,nan,False,1.0503497833269648e-05,0.01
gpomdp_reward_only,715,99,168535,0.0,False,136.82371520996094,0.8680195808410645,0.0,136.82371520996094,2275.742431640625,0.0,0.0,0.0,-0.44127392768859863,True,nan,False,6.426007530535571e-06,0.01
gpomdp_reward_only,715,100,169521,0.0,False,141.548828125,0.914919912815094,0.0,141.548828125,2574.107421875,0.0,0.0,0.0,0.11628222465515137,True,nan,False,7.772127901262138e-06,0.01
gpomdp_reward_only,715,101,170497,0.0,False,124.27392578125,0.8378126621246338,0.0,124.27392578125,1745.75244140625,0.0,0.0,0.0,-0.6357516050338745,True,nan,False,1.0113860298588406e-05,0.01
gpomdp_reward_only,715,102,171429,0.0,False,179.46722412109375,0.8641684651374817,0.0,179.46722412109375,1455.27392578125,0.0,0.0,0.0,-0.1809973269701004,True,nan,False,1.3024681720708031e-05,0.01
gpomdp_reward_only,715,103,172426,0.0,False,101.9178466796875,0.8329962491989136,0.0,101.9178466796875,1760.7333984375,0.0,0.0,0.0,0.6880042552947998,True,nan,False,8.668197551742196e-06,0.01
gpomdp_reward_only,715,104,173403,0.0,False,94.50322723388672,0.8441052436828613,0.0,94.50322723388672,1473.3585205078125,0.0,0.0,0.0,0.2998552620410919,True,nan,False,6.0833358475065324e-06,0.01
gpomdp_reward_only,715,105,174211,0.0,False,204.7383270263672,1.0015606880187988,0.0,204.7383270263672,2688.505615234375,0.0,0.0,0.0,0.7448276877403259,True,nan,False,2.681423666217597e-06,0.01
gpomdp_reward_only,715,106,175413,0.0,False,105.98786926269531,0.8929881453514099,0.0,105.98786926269531,2078.850341796875,0.0,0.0,0.0,0.030053898692131042,True,nan,False,4.354440989118302e-06,0.01
gpomdp_reward_only,715,107,176357,0.0,False,185.73452758789062,0.8372563719749451,0.0,185.73452758789062,1854.22021484375,0.0,0.0,0.0,-0.539758563041687,True,nan,False,5.628100552712567e-06,0.01
gpomdp_reward_only,715,108,177284,0.0,False,101.05084991455078,0.8197682499885559,0.0,101.05084991455078,1602.6068115234375,0.0,0.0,0.0,0.06450436264276505,True,nan,False,7.957226443977561e-06,0.01
gpomdp_reward_only,715,109,178175,0.0,False,128.82687377929688,1.0507628917694092,0.0,128.82687377929688,2694.571533203125,0.0,0.0,0.0,-0.7398378252983093,True,nan,False,7.114560503396206e-06,0.01
gpomdp_reward_only,715,110,179427,0.0,False,79.82463836669922,0.8659440875053406,0.0,79.82463836669922,1693.094482421875,0.0,0.0,0.0,-0.1592210978269577,True,nan,False,9.78709795163013e-06,0.01
gpomdp_reward_only,715,111,180292,0.0,False,152.08714294433594,0.8686116933822632,0.0,152.08714294433594,2274.66259765625,0.0,0.0,0.0,0.1391909122467041,True,nan,False,1.0070366442960221e-05,0.01
gpomdp_reward_only,715,112,181239,0.0,False,165.425048828125,0.884573221206665,0.0,165.425048828125,2250.9580078125,0.0,0.0,0.0,-0.3040311634540558,True,nan,False,1.5589670510962605e-05,0.01
gpomdp_reward_only,715,113,182227,0.0,False,214.1968536376953,0.8881335258483887,0.0,214.1968536376953,1870.245361328125,0.0,0.0,0.0,-0.3962951898574829,True,nan,False,1.1886972970387433e-05,0.01
gpomdp_reward_only,715,114,183208,0.0,False,87.55255889892578,0.8679724335670471,0.0,87.55255889892578,1994.190673828125,0.0,0.0,0.0,0.0452570766210556,True,nan,False,1.2194922419439536e-05,0.01
gpomdp_reward_only,715,115,184203,0.0,False,110.79220581054688,0.8598272204399109,0.0,110.79220581054688,1716.4774169921875,0.0,0.0,0.0,-0.06145865470170975,True,nan,False,1.1573737538128626e-05,0.01
gpomdp_reward_only,715,116,185209,0.0,False,97.71366119384766,0.899785578250885,0.0,97.71366119384766,1421.44140625,0.0,0.0,0.0,-0.45169100165367126,True,nan,False,1.0676756573957391e-05,0.01
gpomdp_reward_only,715,117,186063,0.0,False,193.07176208496094,0.8808762431144714,0.0,193.07176208496094,1821.2197265625,0.0,0.0,0.0,-0.5966669917106628,True,nan,False,8.660741514177062e-06,0.01
gpomdp_reward_only,715,118,186991,0.0,False,107.85120391845703,0.8963015079498291,0.0,107.85120391845703,1560.350830078125,0.0,0.0,0.0,-0.7376130223274231,True,nan,False,1.0322683010599576e-05,0.01
gpomdp_reward_only,715,119,187960,0.0,False,138.7167510986328,0.8984317779541016,0.0,138.7167510986328,1961.8541259765625,0.0,0.0,0.0,-0.5999869704246521,True,nan,False,9.89580530585954e-06,0.01
gpomdp_reward_only,715,120,188933,0.0,False,104.71002197265625,0.8656032085418701,0.0,104.71002197265625,1803.0926513671875,0.0,0.0,0.0,-0.43330901861190796,True,nan,False,1.1269657989032567e-05,0.01
gpomdp_reward_only,715,121,189873,0.0,False,142.7898406982422,1.119303822517395,0.0,142.7898406982422,3283.600341796875,0.0,0.0,0.0,-0.36806026101112366,True,nan,False,9.76427963905735e-06,0.01
gpomdp_reward_only,715,122,191095,0.0,False,140.83090209960938,0.8679153323173523,0.0,140.83090209960938,2021.4854736328125,0.0,0.0,0.0,0.1627439707517624,True,nan,False,8.775307833275292e-06,0.01
gpomdp_reward_only,715,123,192069,0.0,False,145.7259979248047,0.906304121017456,0.0,145.7259979248047,1891.3743896484375,0.0,0.0,0.0,0.13944479823112488,True,nan,False,9.186465831589885e-06,0.01
gpomdp_reward_only,715,124,192928,0.0,False,162.1338653564453,0.9279087781906128,0.0,162.1338653564453,1762.1749267578125,0.0,0.0,0.0,-0.6105228066444397,True,nan,False,1.081877235264983e-05,0.01
gpomdp_reward_only,715,125,193780,0.0,False,115.02787780761719,0.9360768795013428,0.0,115.02787780761719,1874.577392578125,0.0,0.0,0.0,0.4779089689254761,True,nan,False,5.076724391983589e-06,0.01
gpomdp_reward_only,715,126,194680,0.0,False,133.22816467285156,0.9476331472396851,0.0,133.22816467285156,1731.70166015625,0.0,0.0,0.0,0.5863396525382996,True,nan,False,2.836659405147657e-06,0.01
gpomdp_reward_only,715,127,195456,0.0,False,141.30126953125,1.0301272869110107,0.0,141.30126953125,2170.958740234375,0.0,0.0,0.0,-0.1218428686261177,True,nan,False,5.725390110455919e-06,0.01
gpomdp_reward_only,715,128,196577,0.0,False,220.3628387451172,0.9762382507324219,0.0,220.3628387451172,3216.971435546875,0.0,0.0,0.0,-0.6285009980201721,True,nan,False,6.07627589488402e-06,0.01
gpomdp_reward_only,715,129,197896,0.0,False,115.07678985595703,0.9007436037063599,0.0,115.07678985595703,1629.007568359375,0.0,0.0,0.0,-0.6972339153289795,True,nan,False,9.099681847146712e-06,0.01
gpomdp_reward_only,715,130,198746,0.0,False,91.94712829589844,0.8937170505523682,0.0,91.94712829589844,1606.99755859375,0.0,0.0,0.0,-0.006099042948335409,True,nan,False,8.37624702398898e-06,0.01
gpomdp_reward_only,715,131,199623,0.0,False,234.18775939941406,0.9551781415939331,0.0,234.18775939941406,1832.4393310546875,0.0,0.0,0.0,-0.4194886386394501,True,nan,False,1.5175114640442189e-05,0.01
gpomdp_reward_only,715,132,200522,0.0,False,72.91325378417969,0.9494905471801758,0.0,72.91325378417969,1704.32861328125,0.0,0.0,0.0,-0.227537602186203,True,nan,False,1.4001631825522054e-05,0.01
gpomdp_reward_only,715,133,201430,0.0,False,186.05564880371094,0.936953604221344,0.0,186.05564880371094,2644.266845703125,0.0,0.0,0.0,-0.3275350034236908,True,nan,False,1.8250479115522467e-05,0.01
gpomdp_reward_only,715,134,202390,0.0,False,202.31773376464844,0.9403326511383057,0.0,202.31773376464844,1619.8658447265625,0.0,0.0,0.0,0.19126544892787933,True,nan,False,2.1552801626967266e-05,0.01
gpomdp_reward_only,715,135,203316,0.0,False,111.8305892944336,0.9630913138389587,0.0,111.8305892944336,1648.8583984375,0.0,0.0,0.0,-0.39146724343299866,True,nan,False,2.6244510081596673e-05,0.01
gpomdp_reward_only,715,136,204150,0.0,False,90.10917663574219,1.1169462203979492,0.0,90.10917663574219,2699.035888671875,0.0,0.0,0.0,0.42987972497940063,True,nan,False,1.6736828911234625e-05,0.01
gpomdp_reward_only,715,137,205263,0.0,False,142.16473388671875,1.0585284233093262,0.0,142.16473388671875,2058.938720703125,0.0,0.0,0.0,0.28794294595718384,True,nan,False,8.043544767133426e-06,0.01
gpomdp_reward_only,715,138,206181,0.0,False,158.25210571289062,0.9883366227149963,0.0,158.25210571289062,1452.7471923828125,0.0,0.0,0.0,-0.3712173104286194,True,nan,False,9.937351023836527e-06,0.01
gpomdp_reward_only,715,139,206993,0.0,False,123.15616607666016,0.9953908324241638,0.0,123.15616607666016,1642.55810546875,0.0,0.0,0.0,-0.5975281596183777,True,nan,False,7.527852176281158e-06,0.01
gpomdp_reward_only,715,140,207921,0.0,False,169.52076721191406,1.0277992486953735,0.0,169.52076721191406,1497.4766845703125,0.0,0.0,0.0,-0.5089810490608215,True,nan,False,9.414530723006465e-06,0.01
gpomdp_reward_only,715,141,208824,0.0,False,120.934814453125,1.114524483680725,0.0,120.934814453125,2053.799072265625,0.0,0.0,0.0,-0.38692545890808105,True,nan,False,9.653510460339021e-06,0.01
gpomdp_reward_only,715,142,209820,0.0,False,139.36785888671875,0.9689895510673523,0.0,139.36785888671875,1869.4410400390625,0.0,0.0,0.0,-0.617426335811615,True,nan,False,1.3173221304896288e-05,0.01
gpomdp_reward_only,715,143,210647,0.0,False,183.7122344970703,1.025403618812561,0.0,183.7122344970703,1957.8675537109375,0.0,0.0,0.0,0.02848861552774906,True,nan,False,1.6823560144985095e-05,0.01
gpomdp_reward_only,715,144,211581,0.0,False,161.5666961669922,1.1073881387710571,0.0,161.5666961669922,2267.646728515625,0.0,0.0,0.0,-0.5261363387107849,True,nan,False,1.874220288300421e-05,0.01
gpomdp_reward_only,715,145,212641,0.0,False,125.04724884033203,1.0832993984222412,0.0,125.04724884033203,1738.9849853515625,0.0,0.0,0.0,-0.7730938792228699,True,nan,False,1.8767936126096174e-05,0.01
gpomdp_reward_only,715,146,213571,0.0,False,115.70089721679688,0.9802565574645996,0.0,115.70089721679688,1470.536865234375,0.0,0.0,0.0,0.5565662980079651,True,nan,False,1.807160151656717e-05,0.01
gpomdp_reward_only,715,147,214313,0.0,False,102.01795959472656,1.0535905361175537,0.0,102.01795959472656,1890.2967529296875,0.0,0.0,0.0,-0.7936046719551086,True,nan,False,1.8339167581871152e-05,0.01
gpomdp_reward_only,715,148,215226,0.0,False,207.52215576171875,1.2337002754211426,0.0,207.52215576171875,3067.06884765625,0.0,0.0,0.0,-0.058886680752038956,True,nan,False,1.7113972717197612e-05,0.01
gpomdp_reward_only,715,149,216439,0.0,False,87.54605102539062,1.0157729387283325,0.0,87.54605102539062,1268.64453125,0.0,0.0,0.0,-0.4343840181827545,True,nan,False,1.652649552852381e-05,0.01
gpomdp_reward_only,715,150,217264,0.0,False,125.87721252441406,1.045369029045105,0.0,125.87721252441406,1534.7869873046875,0.0,0.0,0.0,0.109258733689785,True,nan,False,1.8633902072906494e-05,0.01
gpomdp_reward_only,715,151,218080,0.0,False,118.34739685058594,1.080737590789795,0.0,118.34739685058594,1683.4892578125,0.0,0.0,0.0,0.6151602268218994,True,nan,False,1.1446947610238567e-05,0.01
gpomdp_reward_only,715,152,218922,0.0,False,116.35977935791016,1.030601143836975,0.0,116.35977935791016,1333.297119140625,0.0,0.0,0.0,-0.6582983136177063,True,nan,False,9.573454917699564e-06,0.01
gpomdp_reward_only,715,153,219790,0.0,False,64.0589828491211,1.0522069931030273,0.0,64.0589828491211,1617.2821044921875,0.0,0.0,0.0,-0.23843154311180115,True,nan,False,7.555267075076699e-06,0.01
gpomdp_reward_only,715,154,220712,0.0,False,102.61132049560547,1.0787220001220703,0.0,102.61132049560547,1938.320068359375,0.0,0.0,0.0,0.038401901721954346,True,nan,False,8.33457670523785e-06,0.01
gpomdp_reward_only,715,155,221569,0.0,False,132.89024353027344,1.1692111492156982,0.0,132.89024353027344,2174.552734375,0.0,0.0,0.0,-0.4138386845588684,True,nan,False,5.8808068388316315e-06,0.01
gpomdp_reward_only,715,156,222594,0.0,False,151.65545654296875,1.0026856660842896,0.0,151.65545654296875,1884.6624755859375,0.0,0.0,0.0,-0.8947269916534424,True,nan,False,9.562199920765124e-06,0.01
gpomdp_reward_only,715,157,223444,0.0,False,81.7988052368164,1.0427885055541992,0.0,81.7988052368164,1660.0709228515625,0.0,0.0,0.0,-0.10967964679002762,True,nan,False,7.36123411115841e-06,0.01
gpomdp_reward_only,715,158,224247,0.0,False,85.8216781616211,1.0303981304168701,0.0,85.8216781616211,1039.8116455078125,0.0,0.0,0.0,-0.6556121110916138,True,nan,False,9.142774615611415e-06,0.01
gpomdp_reward_only,715,159,225036,0.0,False,191.69509887695312,1.0403753519058228,0.0,191.69509887695312,1918.0670166015625,0.0,0.0,0.0,-0.043760668486356735,True,nan,False,7.750133590889163e-06,0.01
gpomdp_reward_only,715,160,225805,0.0,False,124.47595977783203,1.065485954284668,0.0,124.47595977783203,2650.543701171875,0.0,0.0,0.0,0.03009641356766224,True,nan,False,5.377953129936941e-06,0.01
gpomdp_reward_only,715,161,226839,0.0,False,83.1038818359375,1.0369638204574585,0.0,83.1038818359375,1493.202392578125,0.0,0.0,0.0,-0.11559033393859863,True,nan,False,5.2502095968520734e-06,0.01
gpomdp_reward_only,715,162,227667,0.0,False,138.23776245117188,1.1066789627075195,0.0,138.23776245117188,1877.7620849609375,0.0,0.0,0.0,0.3299010992050171,True,nan,False,5.356716883397894e-06,0.01
gpomdp_reward_only,715,163,228529,0.0,False,172.05491638183594,1.167682409286499,0.0,172.05491638183594,1941.693115234375,0.0,0.0,0.0,0.6106574535369873,True,nan,False,2.393614522588905e-06,0.01
gpomdp_reward_only,715,164,229430,0.0,False,123.1800537109375,1.0782979726791382,0.0,123.1800537109375,1626.133544921875,0.0,0.0,0.0,-0.22880356013774872,True,nan,False,1.7066820419131545e-06,0.01
gpomdp_reward_only,715,165,230273,0.0,False,110.29949951171875,1.0835920572280884,0.0,110.29949951171875,1748.1171875,0.0,0.0,0.0,0.09041521698236465,True,nan,False,2.7870341909874696e-06,0.01
gpomdp_reward_only,715,166,231089,0.0,False,164.16201782226562,1.0605121850967407,0.0,164.16201782226562,1637.530517578125,0.0,0.0,0.0,-0.03347581624984741,True,nan,False,5.699156645277981e-06,0.01
gpomdp_reward_only,715,167,231939,0.0,False,119.55155181884766,1.0939809083938599,0.0,119.55155181884766,1731.8187255859375,0.0,0.0,0.0,-0.7194944024085999,True,nan,False,8.13546466815751e-06,0.01
gpomdp_reward_only,715,168,232670,0.0,False,134.77822875976562,1.0236259698867798,0.0,134.77822875976562,1713.50439453125,0.0,0.0,0.0,-0.7334756851196289,True,nan,False,1.1846575944218785e-05,0.01
gpomdp_reward_only,715,169,233534,0.0,False,216.32728576660156,1.0958226919174194,0.0,216.32728576660156,1750.4873046875,0.0,0.0,0.0,-0.3763968348503113,True,nan,False,5.434042122942628e-06,0.01
gpomdp_reward_only,715,170,234430,0.0,False,98.82591247558594,1.1052799224853516,0.0,98.82591247558594,1322.205322265625,0.0,0.0,0.0,0.02832961268723011,True,nan,False,4.44677789346315e-06,0.01
gpomdp_reward_only,715,171,235312,0.0,False,152.20681762695312,1.132360816001892,0.0,152.20681762695312,1772.961669921875,0.0,0.0,0.0,-0.1946178823709488,True,nan,False,4.415704552229727e-06,0.01
gpomdp_reward_only,715,172,236200,0.0,False,168.09249877929688,1.1912404298782349,0.0,168.09249877929688,2058.734375,0.0,0.0,0.0,-0.5588394999504089,True,nan,False,7.737139640084933e-06,0.01
gpomdp_reward_only,715,173,237254,0.0,False,89.98770904541016,1.1260106563568115,0.0,89.98770904541016,2097.46044921875,0.0,0.0,0.0,-0.4701572358608246,True,nan,False,7.6270603130979e-06,0.01
gpomdp_reward_only,715,174,238093,0.0,False,68.42732238769531,1.0649064779281616,0.0,68.42732238769531,1553.9210205078125,0.0,0.0,0.0,-0.19302178919315338,True,nan,False,7.00545479048742e-06,0.01
gpomdp_reward_only,715,175,238866,0.0,False,32.8260498046875,1.067476511001587,0.0,32.8260498046875,1434.65380859375,0.0,0.0,0.0,-0.387909471988678,True,nan,False,5.672503448295174e-06,0.01
gpomdp_reward_only,715,176,239635,0.0,False,38.72229766845703,1.1001559495925903,0.0,38.72229766845703,1443.275634765625,0.0,0.0,0.0,-0.09875568002462387,True,nan,False,4.644417458621319e-06,0.01
gpomdp_reward_only,715,177,240436,0.0,False,75.87374114990234,1.1120717525482178,0.0,75.87374114990234,1495.0272216796875,0.0,0.0,0.0,-0.1494704633951187,True,nan,False,4.787179477716563e-06,0.01
gpomdp_reward_only,715,178,241221,0.0,False,155.21673583984375,1.0775279998779297,0.0,155.21673583984375,1327.85693359375,0.0,0.0,0.0,0.10272234678268433,True,nan,False,6.044172096153488e-06,0.01
gpomdp_reward_only,715,179,242057,0.0,False,106.03341674804688,1.094846248626709,0.0,106.03341674804688,1696.8541259765625,0.0,0.0,0.0,-0.5466771125793457,True,nan,False,6.845890766271623e-06,0.01
gpomdp_reward_only,715,180,242882,0.0,False,118.20533752441406,1.1161705255508423,0.0,118.20533752441406,1497.0379638671875,0.0,0.0,0.0,-0.5301394462585449,True,nan,False,1.1593175258894917e-05,0.01
gpomdp_reward_only,715,181,243710,0.0,False,90.3544921875,1.1010171175003052,0.0,90.3544921875,1269.36572265625,0.0,0.0,0.0,-0.3859638571739197,True,nan,False,1.283831170439953e-05,0.01
gpomdp_reward_only,715,182,244424,0.0,False,203.55287170410156,1.2024381160736084,0.0,203.55287170410156,1987.0833740234375,0.0,0.0,0.0,0.5000699758529663,True,nan,False,1.7836249753599986e-05,0.01
gpomdp_reward_only,715,183,245472,0.0,False,141.32032775878906,1.1858769655227661,0.0,141.32032775878906,1601.1866455078125,0.0,0.0,0.0,-0.14065676927566528,True,nan,False,1.5024922504380811e-05,0.01
gpomdp_reward_only,715,184,246384,0.0,False,202.4178466796875,1.0588383674621582,0.0,202.4178466796875,1481.8035888671875,0.0,0.0,0.0,-0.65963214635849,True,nan,False,1.4786255633225664e-05,0.01
gpomdp_reward_only,715,185,247234,0.0,False,74.9534683227539,1.1271969079971313,0.0,74.9534683227539,1128.4754638671875,0.0,0.0,0.0,0.517624020576477,True,nan,False,9.86990471574245e-06,0.01
gpomdp_reward_only,715,186,247960,0.0,False,140.58465576171875,1.0888651609420776,0.0,140.58465576171875,1745.286376953125,0.0,0.0,0.0,-0.716890811920166,True,nan,False,1.5453315427294e-05,0.01
gpomdp_reward_only,715,187,248809,0.0,False,132.13206481933594,1.184051513671875,0.0,132.13206481933594,1846.8572998046875,0.0,0.0,0.0,-0.4135056138038635,True,nan,False,1.273519046662841e-05,0.01
gpomdp_reward_only,715,188,249703,0.0,False,115.58039855957031,1.1328797340393066,0.0,115.58039855957031,1675.505615234375,0.0,0.0,0.0,-0.5387572050094604,True,nan,False,1.714527388685383e-05,0.01
gpomdp_reward_only,715,189,250470,0.0,False,100.15369415283203,1.085651159286499,0.0,100.15369415283203,1758.135009765625,0.0,0.0,0.0,-0.6031986474990845,True,nan,False,2.0997818864998408e-05,0.01
gpomdp_reward_only,715,190,251282,0.0,False,94.27217864990234,1.1479381322860718,0.0,94.27217864990234,1409.606689453125,0.0,0.0,0.0,-0.2603159248828888,True,nan,False,1.7773973013390787e-05,0.01
gpomdp_reward_only,715,191,252011,0.0,False,91.02110290527344,1.1422351598739624,0.0,91.02110290527344,1486.013916015625,0.0,0.0,0.0,-0.6844584345817566,True,nan,False,1.7232761820196174e-05,0.01
gpomdp_reward_only,715,192,252816,0.0,False,249.1138458251953,1.1236597299575806,0.0,249.1138458251953,1531.7872314453125,0.0,0.0,0.0,-0.1020754873752594,True,nan,False,1.2674636309384368e-05,0.01
gpomdp_reward_only,715,193,253596,0.0,False,131.1903533935547,1.2189959287643433,0.0,131.1903533935547,1426.7122802734375,0.0,0.0,0.0,-0.5617774724960327,True,nan,False,1.3271337593323551e-05,0.01
gpomdp_reward_only,715,194,254426,0.0,False,91.52132415771484,1.1353609561920166,0.0,91.52132415771484,1453.68701171875,0.0,0.0,0.0,-0.08169279992580414,True,nan,False,1.0991016097250395e-05,0.01
gpomdp_reward_only,715,195,255162,0.0,False,113.90611267089844,1.1805741786956787,0.0,113.90611267089844,1851.0538330078125,0.0,0.0,0.0,0.4021945893764496,True,nan,False,6.990575457166415e-06,0.01
gpomdp_reward_only,715,196,255988,0.0,False,145.43917846679688,1.1828006505966187,0.0,145.43917846679688,1213.0941162109375,0.0,0.0,0.0,-0.5583359003067017,True,nan,False,9.291002243116964e-06,0.01
gpomdp_reward_only,715,197,256763,0.0,False,81.78211212158203,1.1973886489868164,0.0,81.78211212158203,1441.53955078125,0.0,0.0,0.0,0.5403053164482117,True,nan,False,6.602915163966827e-06,0.01
gpomdp_reward_only,715,198,257470,0.0,False,96.01618194580078,1.1714832782745361,0.0,96.01618194580078,1769.2230224609375,0.0,0.0,0.0,-0.5794469118118286,True,nan,False,9.594250514055602e-06,0.01
gpomdp_reward_only,715,199,258351,0.0,False,58.543983459472656,1.1992112398147583,0.0,58.543983459472656,1187.027099609375,0.0,0.0,0.0,-0.6361197233200073,True,nan,False,8.712821909284685e-06,0.01
gpomdp_reward_only,715,200,259135,0.0,False,76.37469482421875,1.2366187572479248,0.0,76.37469482421875,1729.272705078125,0.0,0.0,0.0,-0.06283377856016159,True,nan,False,5.567699645325774e-06,0.01
gpomdp_reward_only,715,201,259904,0.0,False,113.0544662475586,1.2338840961456299,0.0,113.0544662475586,2190.58740234375,0.0,0.0,0.0,-0.3511747419834137,True,nan,False,7.1753138399799354e-06,0.01
gpomdp_reward_only,715,202,260917,0.0,False,119.03978729248047,1.1903940439224243,0.0,119.03978729248047,1634.7020263671875,0.0,0.0,0.0,-0.01917019486427307,True,nan,False,8.959570550359786e-06,0.01
gpomdp_reward_only,715,203,261776,0.0,False,118.76365661621094,1.2243460416793823,0.0,118.76365661621094,1341.2757568359375,0.0,0.0,0.0,0.7187856435775757,True,nan,False,5.601794327958487e-06,0.01
gpomdp_reward_only,715,204,262510,0.0,False,76.38424682617188,1.349239706993103,0.0,76.38424682617188,2306.325439453125,0.0,0.0,0.0,-0.1655329018831253,True,nan,False,4.7924172577040736e-06,0.01
gpomdp_reward_only,715,205,263491,0.0,False,154.8461151123047,1.256742000579834,0.0,154.8461151123047,2518.514892578125,0.0,0.0,0.0,-0.2095469832420349,True,nan,False,3.3675144095468568e-06,0.01
gpomdp_reward_only,715,206,264552,0.0,False,78.87909698486328,1.1786878108978271,0.0,78.87909698486328,1061.425048828125,0.0,0.0,0.0,-0.6068618893623352,True,nan,False,4.245696800353471e-06,0.01
gpomdp_reward_only,715,207,265262,0.0,False,95.27327728271484,1.1936895847320557,0.0,95.27327728271484,1369.5714111328125,0.0,0.0,0.0,0.31224164366722107,True,nan,False,4.32446586273727e-06,0.01
gpomdp_reward_only,715,208,266034,0.0,False,73.58893585205078,1.2309609651565552,0.0,73.58893585205078,1571.7366943359375,0.0,0.0,0.0,-0.10366460680961609,True,nan,False,2.0675126961577917e-06,0.01
gpomdp_reward_only,715,209,266803,0.0,False,132.82872009277344,1.2242423295974731,0.0,132.82872009277344,1161.4473876953125,0.0,0.0,0.0,0.48438549041748047,True,nan,False,4.3077915279354784e-07,0.01
gpomdp_reward_only,715,210,267550,0.0,False,70.97272491455078,1.2037526369094849,0.0,70.97272491455078,1460.5474853515625,0.0,0.0,0.0,-0.1502462923526764,True,nan,False,8.772841511017759e-07,0.01
gpomdp_reward_only,715,211,268229,0.0,False,197.5624542236328,1.2695239782333374,0.0,197.5624542236328,1821.1993408203125,0.0,0.0,0.0,-0.6147627234458923,True,nan,False,2.680792476894567e-06,0.01
gpomdp_reward_only,715,212,269115,0.0,False,61.10372543334961,1.2254223823547363,0.0,61.10372543334961,1241.991455078125,0.0,0.0,0.0,-0.5387536287307739,True,nan,False,3.0044377581361914e-06,0.01
gpomdp_reward_only,715,213,269900,0.0,False,73.45154571533203,1.2115390300750732,0.0,73.45154571533203,1687.6763916015625,0.0,0.0,0.0,0.7969099283218384,True,nan,False,1.2352666090009734e-06,0.01
gpomdp_reward_only,715,214,270680,0.0,False,272.5705871582031,1.2649437189102173,0.0,272.5705871582031,2082.739990234375,0.0,0.0,0.0,-0.28355592489242554,True,nan,False,1.1396733498258982e-05,0.01
gpomdp_reward_only,715,215,271729,0.0,False,163.6644744873047,1.263426661491394,0.0,163.6644744873047,1758.8890380859375,0.0,0.0,0.0,-0.40485256910324097,True,nan,False,1.0540052244323306e-05,0.01
gpomdp_reward_only,715,216,272591,0.0,False,168.76939392089844,1.2960456609725952,0.0,168.76939392089844,1750.15966796875,0.0,0.0,0.0,-0.14729522168636322,True,nan,False,1.6576723282923922e-05,0.01
gpomdp_reward_only,715,217,273433,0.0,False,95.25199127197266,1.4033317565917969,0.0,95.25199127197266,2792.27978515625,0.0,0.0,0.0,0.3235625624656677,True,nan,False,1.5609497495461255e-05,0.01
gpomdp_reward_only,715,218,274498,0.0,False,120.60273742675781,1.2181947231292725,0.0,120.60273742675781,1218.7862548828125,0.0,0.0,0.0,-0.15042346715927124,True,nan,False,1.4298576388682704e-05,0.01
gpomdp_reward_only,715,219,275268,0.0,False,151.61045837402344,1.2900371551513672,0.0,151.61045837402344,1796.9854736328125,0.0,0.0,0.0,0.7019639015197754,True,nan,False,6.268824108701665e-06,0.01
gpomdp_reward_only,715,220,276258,0.0,False,97.06095886230469,1.2968168258666992,0.0,97.06095886230469,1693.14599609375,0.0,0.0,0.0,0.07328885793685913,True,nan,False,2.3622515072929673e-06,0.01
gpomdp_reward_only,715,221,277176,0.0,False,82.30863952636719,1.2552168369293213,0.0,82.30863952636719,1767.0040283203125,0.0,0.0,0.0,0.040110088884830475,True,nan,False,4.13383349950891e-06,0.01
gpomdp_reward_only,715,222,277921,0.0,False,128.8810272216797,1.2405779361724854,0.0,128.8810272216797,1972.0911865234375,0.0,0.0,0.0,0.3294872045516968,True,nan,False,8.01647092885105e-06,0.01
gpomdp_reward_only,715,223,278739,0.0,False,188.6173095703125,1.295668125152588,0.0,188.6173095703125,1916.3721923828125,0.0,0.0,0.0,0.25983887910842896,True,nan,False,1.4956312952563167e-05,0.01
gpomdp_reward_only,715,224,279583,0.0,False,81.53177642822266,1.2405080795288086,0.0,81.53177642822266,1749.4686279296875,0.0,0.0,0.0,-0.6515722274780273,True,nan,False,1.0934714737231843e-05,0.01
gpomdp_reward_only,715,225,280341,0.0,False,89.60768127441406,1.3216689825057983,0.0,89.60768127441406,2403.14697265625,0.0,0.0,0.0,-0.4542205333709717,True,nan,False,9.849422895058524e-06,0.01
gpomdp_reward_only,715,226,281473,0.0,False,88.58995819091797,1.2406082153320312,0.0,88.58995819091797,1781.538330078125,0.0,0.0,0.0,0.1828923523426056,True,nan,False,9.392900210514199e-06,0.01
gpomdp_reward_only,715,227,282302,0.0,False,108.9899673461914,1.2541447877883911,0.0,108.9899673461914,1292.6107177734375,0.0,0.0,0.0,0.13315050303936005,True,nan,False,1.2930601769767236e-05,0.01
gpomdp_reward_only,715,228,283051,0.0,False,76.84402465820312,1.220742106437683,0.0,76.84402465820312,1468.56640625,0.0,0.0,0.0,0.021953988820314407,True,nan,False,1.2037024134770036e-05,0.01
gpomdp_reward_only,715,229,283767,0.0,False,166.83831787109375,1.6621907949447632,0.0,166.83831787109375,3054.331787109375,0.0,0.0,0.0,-0.7488887310028076,True,nan,False,5.899021743971389e-06,0.01
gpomdp_reward_only,715,230,285359,0.0,False,195.23294067382812,1.3403525352478027,0.0,195.23294067382812,1734.9642333984375,0.0,0.0,0.0,-0.12461718916893005,True,nan,False,5.482916094479151e-06,0.01
gpomdp_reward_only,715,231,286273,0.0,False,73.78081512451172,1.2657924890518188,0.0,73.78081512451172,1346.64501953125,0.0,0.0,0.0,0.4840296506881714,True,nan,False,6.07523452345049e-06,0.01
gpomdp_reward_only,715,232,287042,0.0,False,107.93500518798828,1.229071855545044,0.0,107.93500518798828,1369.8453369140625,0.0,0.0,0.0,0.5474897623062134,True,nan,False,6.913419838383561e-06,0.01
gpomdp_reward_only,715,233,287808,0.0,False,103.94603729248047,1.2609610557556152,0.0,103.94603729248047,1426.699951171875,0.0,0.0,0.0,-0.5748604536056519,True,nan,False,7.962604286149144e-06,0.01
gpomdp_reward_only,715,234,288597,0.0,False,182.4322509765625,1.303321123123169,0.0,182.4322509765625,1903.83984375,0.0,0.0,0.0,-0.3811866044998169,True,nan,False,1.0330693839932792e-05,0.01
gpomdp_reward_only,715,235,289437,0.0,False,92.18670654296875,1.2303555011749268,0.0,92.18670654296875,1075.3448486328125,0.0,0.0,0.0,-0.7521000504493713,True,nan,False,1.1313770301057957e-05,0.01
gpomdp_reward_only,715,236,290164,0.0,False,103.96543884277344,1.3353478908538818,0.0,103.96543884277344,1547.1551513671875,0.0,0.0,0.0,-0.03297711908817291,True,nan,False,4.07871266361326e-06,0.01
gpomdp_reward_only,715,237,291055,0.0,False,59.109275817871094,1.2608678340911865,0.0,59.109275817871094,1400.1685791015625,0.0,0.0,0.0,0.05900124832987785,True,nan,False,3.450019676165539e-06,0.01
gpomdp_reward_only,715,238,291810,0.0,False,50.67570114135742,1.2249757051467896,0.0,50.67570114135742,1297.5447998046875,0.0,0.0,0.0,-0.41255897283554077,True,nan,False,3.634708491517813e-06,0.01
gpomdp_reward_only,715,239,292535,0.0,False,86.69602966308594,1.2880700826644897,0.0,86.69602966308594,2121.693603515625,0.0,0.0,0.0,0.18334878981113434,True,nan,False,2.2001004253979772e-06,0.01
gpomdp_reward_only,715,240,293426,0.0,False,94.47526550292969,1.2126470804214478,0.0,94.47526550292969,1168.0692138671875,0.0,0.0,0.0,-0.3192407786846161,True,nan,False,3.7383729249995667e-06,0.01
gpomdp_reward_only,715,241,294144,0.0,False,95.84137725830078,1.2996463775634766,0.0,95.84137725830078,1454.235595703125,0.0,0.0,0.0,0.47233954071998596,True,nan,False,3.1991253308660816e-06,0.01
gpomdp_reward_only,715,242,294951,0.0,False,130.01365661621094,1.3032417297363281,0.0,130.01365661621094,1673.14111328125,0.0,0.0,0.0,-0.3538970649242401,True,nan,False,7.921216820250265e-06,0.01
gpomdp_reward_only,715,243,295762,0.0,False,98.16195678710938,1.2923935651779175,0.0,98.16195678710938,1621.8814697265625,0.0,0.0,0.0,0.5751914381980896,True,nan,False,4.066155270265881e-06,0.01
gpomdp_reward_only,715,244,296596,0.0,False,84.51705932617188,1.25303053855896,0.0,84.51705932617188,1155.5679931640625,0.0,0.0,0.0,-0.7601600885391235,True,nan,False,4.0878899199014995e-06,0.01
gpomdp_reward_only,715,245,297341,0.0,False,97.88517761230469,1.3686598539352417,0.0,97.88517761230469,2074.154541015625,0.0,0.0,0.0,0.26955100893974304,True,nan,False,1.3336647270989488e-06,0.01
gpomdp_reward_only,715,246,298248,0.0,False,88.0146713256836,1.2810190916061401,0.0,88.0146713256836,1477.5164794921875,0.0,0.0,0.0,-0.4114925265312195,True,nan,False,1.7638208191783633e-06,0.01
gpomdp_reward_only,715,247,299017,0.0,False,108.39611053466797,1.3854236602783203,0.0,108.39611053466797,1690.808349609375,0.0,0.0,0.0,-0.4548904299736023,True,nan,False,2.5396045657544164e-06,0.01
gpomdp_reward_only,715,248,299946,0.0,False,122.97052764892578,1.2649012804031372,0.0,122.97052764892578,1242.4888916015625,0.0,0.0,0.0,-0.5563150644302368,True,nan,False,3.4005965972028207e-06,0.01
gpomdp_reward_only,715,249,300707,0.0,False,110.83366394042969,1.2956780195236206,0.0,110.83366394042969,1567.4898681640625,0.0,0.0,0.0,0.10969828069210052,True,nan,False,5.008845619158819e-06,0.01
gpomdp_reward_only,715,250,301463,0.0,False,73.00120544433594,1.298965573310852,0.0,73.00120544433594,1435.8211669921875,0.0,0.0,0.0,-0.023605970665812492,True,nan,False,3.8425405364250764e-06,0.01
gpomdp_reward_only,715,251,302196,0.0,False,70.36133575439453,1.2850286960601807,0.0,70.36133575439453,1071.748291015625,0.0,0.0,0.0,-0.5007511377334595,True,nan,False,5.610463176708436e-06,0.01
gpomdp_reward_only,715,252,302952,0.0,False,99.06696319580078,1.263043761253357,0.0,99.06696319580078,1642.2850341796875,0.0,0.0,0.0,-0.0241087656468153,True,nan,False,7.906572136562318e-06,0.01
gpomdp_reward_only,715,253,303715,0.0,False,102.1243667602539,1.2867234945297241,0.0,102.1243667602539,1251.920654296875,0.0,0.0,0.0,-0.4165268540382385,True,nan,False,1.1906802683370188e-05,0.01
gpomdp_reward_only,715,254,304417,0.0,False,89.7340316772461,1.2603663206100464,0.0,89.7340316772461,1391.8021240234375,0.0,0.0,0.0,-0.7047594785690308,True,nan,False,1.26842451209086e-05,0.01
gpomdp_reward_only,715,255,305084,0.0,False,120.81471252441406,1.4281409978866577,0.0,120.81471252441406,2052.184326171875,0.0,0.0,0.0,0.8053439259529114,True,nan,False,8.309795703098644e-06,0.01
gpomdp_reward_only,715,256,306039,0.0,False,72.7548828125,1.302955150604248,0.0,72.7548828125,1410.712890625,0.0,0.0,0.0,0.22549103200435638,True,nan,False,1.0639637366693933e-05,0.01
gpomdp_reward_only,715,257,306777,0.0,False,103.61400604248047,1.3091850280761719,0.0,103.61400604248047,1377.2171630859375,0.0,0.0,0.0,0.07685326039791107,True,nan,False,8.256108230852988e-06,0.01
gpomdp_reward_only,715,258,307545,0.0,False,115.60271453857422,1.3235920667648315,0.0,115.60271453857422,1910.06787109375,0.0,0.0,0.0,-0.18672750890254974,True,nan,False,1.2295367014303338e-05,0.01
gpomdp_reward_only,715,259,308376,0.0,False,80.20724487304688,1.3176206350326538,0.0,80.20724487304688,1570.3729248046875,0.0,0.0,0.0,-0.2641567587852478,True,nan,False,1.536515810585115e-05,0.01
gpomdp_reward_only,715,260,309108,0.0,False,80.00487518310547,1.4086977243423462,0.0,80.00487518310547,1527.46435546875,0.0,0.0,0.0,0.23465529084205627,True,nan,False,1.4515931070491206e-05,0.01
gpomdp_reward_only,715,261,309974,0.0,False,65.14203643798828,1.2957254648208618,0.0,65.14203643798828,1116.31396484375,0.0,0.0,0.0,-0.12773865461349487,True,nan,False,1.663816328800749e-05,0.01
gpomdp_reward_only,715,262,310675,0.0,False,137.1529541015625,1.3125264644622803,0.0,137.1529541015625,1057.732666015625,0.0,0.0,0.0,-0.20592418313026428,True,nan,False,2.396331910858862e-05,0.01
gpomdp_reward_only,715,263,311402,0.0,False,136.69058227539062,1.2907474040985107,0.0,136.69058227539062,1183.3377685546875,0.0,0.0,0.0,-0.4978179931640625,True,nan,False,4.081682345713489e-05,0.01
gpomdp_reward_only,715,264,312145,0.0,False,57.915035247802734,1.2897578477859497,0.0,57.915035247802734,1463.2486572265625,0.0,0.0,0.0,-0.20781202614307404,True,nan,False,2.8399526854627766e-05,0.01
gpomdp_reward_only,715,265,312877,0.0,False,131.3309783935547,1.2828691005706787,0.0,131.3309783935547,1338.0330810546875,0.0,0.0,0.0,0.041869986802339554,True,nan,False,1.582821278134361e-05,0.01
gpomdp_reward_only,715,266,313600,0.0,False,73.06051635742188,1.3013756275177002,0.0,73.06051635742188,1111.0894775390625,0.0,0.0,0.0,0.6970658302307129,True,nan,False,9.034389222506434e-06,0.01
gpomdp_reward_only,715,267,314286,0.0,False,128.69427490234375,1.3377763032913208,0.0,128.69427490234375,2290.052001953125,0.0,0.0,0.0,-0.8028808832168579,True,nan,False,8.141838407027535e-06,0.01
gpomdp_reward_only,715,268,315203,0.0,False,103.0826187133789,1.3312968015670776,0.0,103.0826187133789,1260.466064453125,0.0,0.0,0.0,0.4229147136211395,True,nan,False,3.734984829861787e-06,0.01
gpomdp_reward_only,715,269,315968,0.0,False,114.630126953125,1.2994369268417358,0.0,114.630126953125,1292.433349609375,0.0,0.0,0.0,-0.4437103867530823,True,nan,False,5.880611752218101e-06,0.01
gpomdp_reward_only,715,270,316654,0.0,False,159.9464111328125,1.4208909273147583,0.0,159.9464111328125,1833.2103271484375,0.0,0.0,0.0,0.156690314412117,True,nan,False,9.861934813670814e-06,0.01
gpomdp_reward_only,715,271,317552,0.0,False,115.42047882080078,1.3265358209609985,0.0,115.42047882080078,1784.3077392578125,0.0,0.0,0.0,-0.6030696630477905,True,nan,False,6.643638698733412e-06,0.01
gpomdp_reward_only,715,272,318364,0.0,False,96.2004165649414,1.3032243251800537,0.0,96.2004165649414,1378.4119873046875,0.0,0.0,0.0,-0.2234102338552475,True,nan,False,1.1235897545702755e-05,0.01
gpomdp_reward_only,715,273,319085,0.0,False,173.54193115234375,1.5940707921981812,0.0,173.54193115234375,2443.11669921875,0.0,0.0,0.0,0.3259892761707306,True,nan,False,7.399194146273658e-06,0.01
gpomdp_reward_only,715,274,320244,0.0,False,111.29032897949219,1.3384628295898438,0.0,111.29032897949219,1372.37939453125,0.0,0.0,0.0,0.39464500546455383,True,nan,False,7.580300007248297e-06,0.01
gpomdp_reward_only,715,275,320988,0.0,False,134.65406799316406,1.3319350481033325,0.0,134.65406799316406,1659.362060546875,0.0,0.0,0.0,-0.7952510714530945,True,nan,False,7.631411790498532e-06,0.01
gpomdp_reward_only,715,276,321830,0.0,False,56.06504440307617,1.3083516359329224,0.0,56.06504440307617,1392.6195068359375,0.0,0.0,0.0,-0.02088036946952343,True,nan,False,4.828808869206114e-06,0.01
gpomdp_reward_only,715,277,322619,0.0,False,132.58827209472656,1.3694579601287842,0.0,132.58827209472656,2651.65185546875,0.0,0.0,0.0,-0.6676420569419861,True,nan,False,4.869345957558835e-06,0.01
gpomdp_reward_only,715,278,323599,0.0,False,72.0864486694336,1.3163580894470215,0.0,72.0864486694336,1295.653564453125,0.0,0.0,0.0,-0.8128654360771179,True,nan,False,5.292794867273187e-06,0.01
gpomdp_reward_only,715,279,324308,0.0,False,154.6273651123047,1.319637417793274,0.0,154.6273651123047,1649.83837890625,0.0,0.0,0.0,-0.5781204104423523,True,nan,False,5.892213266633917e-06,0.01
gpomdp_reward_only,715,280,325073,0.0,False,119.81539154052734,1.4802522659301758,0.0,119.81539154052734,1965.5147705078125,0.0,0.0,0.0,0.05699493736028671,True,nan,False,6.524275704578031e-06,0.01
gpomdp_reward_only,715,281,326045,0.0,False,103.23641967773438,1.4351866245269775,0.0,103.23641967773438,2355.523193359375,0.0,0.0,0.0,-0.1829448640346527,True,nan,False,6.192219643708086e-06,0.01
gpomdp_reward_only,715,282,326943,0.0,False,255.0244598388672,1.372015357017517,0.0,255.0244598388672,2238.067138671875,0.0,0.0,0.0,-0.3822815716266632,True,nan,False,1.2832026186515577e-05,0.01
gpomdp_reward_only,715,283,327882,0.0,False,85.80347442626953,1.329680323600769,0.0,85.80347442626953,1370.5250244140625,0.0,0.0,0.0,-0.3374306559562683,True,nan,False,1.042214898916427e-05,0.01
gpomdp_reward_only,715,284,328620,0.0,False,87.05965423583984,1.3793635368347168,0.0,87.05965423583984,1579.6324462890625,0.0,0.0,0.0,0.32023555040359497,True,nan,False,9.152930942946114e-06,0.01
gpomdp_reward_only,715,285,329437,0.0,False,93.23775482177734,1.3856695890426636,0.0,93.23775482177734,1409.3109130859375,0.0,0.0,0.0,0.6208221912384033,True,nan,False,5.3993512665329035e-06,0.01
gpomdp_reward_only,715,286,330160,0.0,False,98.04606628417969,1.554772138595581,0.0,98.04606628417969,2736.874267578125,0.0,0.0,0.0,-0.05588100850582123,True,nan,False,5.867995241715107e-06,0.01
gpomdp_reward_only,715,287,331252,0.0,False,86.85721588134766,1.3477935791015625,0.0,86.85721588134766,1273.878662109375,0.0,0.0,0.0,-0.47917962074279785,True,nan,False,8.282329872599803e-06,0.01
gpomdp_reward_only,715,288,331981,0.0,False,116.41846466064453,1.347160816192627,0.0,116.41846466064453,1372.3831787109375,0.0,0.0,0.0,0.21289531886577606,True,nan,False,9.561887964082416e-06,0.01
gpomdp_reward_only,715,289,332714,0.0,False,153.97857666015625,1.3751728534698486,0.0,153.97857666015625,1699.19287109375,0.0,0.0,0.0,0.40246641635894775,True,nan,False,4.095351414434845e-06,0.01
gpomdp_reward_only,715,290,333500,0.0,False,72.22046661376953,1.3898030519485474,0.0,72.22046661376953,1232.5216064453125,0.0,0.0,0.0,0.012468680739402771,True,nan,False,2.483402795405709e-06,0.01
gpomdp_reward_only,715,291,334292,0.0,False,73.37794494628906,1.378614068031311,0.0,73.37794494628906,1209.0535888671875,0.0,0.0,0.0,-0.6621346473693848,True,nan,False,1.9561266526579857e-06,0.01
gpomdp_reward_only,715,292,335040,0.0,False,205.188720703125,1.3737754821777344,0.0,205.188720703125,2575.94384765625,0.0,0.0,0.0,-0.40345126390457153,True,nan,False,9.607014362700284e-06,0.01
gpomdp_reward_only,715,293,335983,0.0,False,85.8161849975586,1.3116801977157593,0.0,85.8161849975586,982.2731323242188,0.0,0.0,0.0,-0.569206714630127,True,nan,False,1.0030556950368918e-05,0.01
gpomdp_reward_only,715,294,336689,0.0,False,55.70634078979492,1.3478890657424927,0.0,55.70634078979492,1197.4447021484375,0.0,0.0,0.0,0.22114188969135284,True,nan,False,7.5607331382343546e-06,0.01
gpomdp_reward_only,715,295,337383,0.0,False,92.8670425415039,1.4069502353668213,0.0,92.8670425415039,1193.8734130859375,0.0,0.0,0.0,-0.5755079984664917,True,nan,False,6.04237766310689e-06,0.01
gpomdp_reward_only,715,296,338138,0.0,False,74.96945190429688,1.3643356561660767,0.0,74.96945190429688,1505.052001953125,0.0,0.0,0.0,-0.3330366909503937,True,nan,False,6.681626473437063e-06,0.01
gpomdp_reward_only,715,297,338919,0.0,False,94.60910034179688,1.3541587591171265,0.0,94.60910034179688,1210.867919921875,0.0,0.0,0.0,0.29134780168533325,True,nan,False,3.4803510970959906e-06,0.01
gpomdp_reward_only,715,298,339598,0.0,False,90.6277084350586,1.3805270195007324,0.0,90.6277084350586,1798.75,0.0,0.0,0.0,-0.300606906414032,True,nan,False,5.603833869827213e-06,0.01
gpomdp_reward_only,715,299,340367,0.0,False,74.45761108398438,1.3545188903808594,0.0,74.45761108398438,906.4598388671875,0.0,0.0,0.0,0.3072819113731384,True,nan,False,5.762463842984289e-06,0.01
gpomdp_reward_only,715,300,341072,0.0,False,93.62100219726562,1.3564789295196533,0.0,93.62100219726562,1032.9173583984375,0.0,0.0,0.0,0.2553361654281616,True,nan,False,4.487149453780148e-06,0.01
gpomdp_reward_only,715,301,341786,0.0,False,68.621337890625,1.3886692523956299,0.0,68.621337890625,1640.0338134765625,0.0,0.0,0.0,-0.5730477571487427,True,nan,False,5.218551905272761e-06,0.01
gpomdp_reward_only,715,302,342519,0.0,False,68.65187072753906,1.3860353231430054,0.0,68.65187072753906,1318.525634765625,0.0,0.0,0.0,-0.18963585793972015,True,nan,False,4.782189535035286e-06,0.01
gpomdp_reward_only,715,303,343254,0.0,False,139.4252166748047,1.6570414304733276,0.0,139.4252166748047,2783.343994140625,0.0,0.0,0.0,0.8860960006713867,True,nan,False,2.9044435905234423e-06,0.01
gpomdp_reward_only,715,304,344488,0.0,False,133.04518127441406,1.4830728769302368,0.0,133.04518127441406,2010.4925537109375,0.0,0.0,0.0,-0.768711507320404,True,nan,False,4.94849791721208e-06,0.01
gpomdp_reward_only,715,305,345370,0.0,False,73.29998779296875,1.4481101036071777,0.0,73.29998779296875,818.5972900390625,0.0,0.0,0.0,0.24881450831890106,True,nan,False,2.2310416625259677e-06,0.01
gpomdp_reward_only,715,306,346124,0.0,False,126.06086730957031,1.452213168144226,0.0,126.06086730957031,1358.1588134765625,0.0,0.0,0.0,0.02986084297299385,True,nan,False,5.774272267444758e-06,0.01
gpomdp_reward_only,715,307,347013,0.0,False,50.49935531616211,1.3855701684951782,0.0,50.49935531616211,1040.6802978515625,0.0,0.0,0.0,0.06991328299045563,True,nan,False,5.208391485211905e-06,0.01
gpomdp_reward_only,715,308,347715,0.0,False,44.32267761230469,1.3773518800735474,0.0,44.32267761230469,1041.365234375,0.0,0.0,0.0,-0.5970497131347656,True,nan,False,5.270667770673754e-06,0.01
gpomdp_reward_only,715,309,348467,0.0,False,56.90790939331055,1.374798059463501,0.0,56.90790939331055,1161.913330078125,0.0,0.0,0.0,-0.4041465222835541,True,nan,False,4.490847004490206e-06,0.01
gpomdp_reward_only,715,310,349180,0.0,False,95.5455322265625,1.3680206537246704,0.0,95.5455322265625,2129.040771484375,0.0,0.0,0.0,-0.17428848147392273,True,nan,False,7.86879718361888e-06,0.01
gpomdp_reward_only,715,311,349963,0.0,False,52.056983947753906,1.376915454864502,0.0,52.056983947753906,838.93603515625,0.0,0.0,0.0,-0.673022449016571,True,nan,False,5.033145953348139e-06,0.01
gpomdp_reward_only,715,312,350620,0.0,False,138.60292053222656,1.4307663440704346,0.0,138.60292053222656,1411.53759765625,0.0,0.0,0.0,-0.5094698071479797,True,nan,False,1.066522872861242e-05,0.01
gpomdp_reward_only,715,313,351388,0.0,False,45.74097442626953,1.3698318004608154,0.0,45.74097442626953,937.8736572265625,0.0,0.0,0.0,-0.2773422598838806,True,nan,False,1.2128873095207382e-05,0.01
gpomdp_reward_only,715,314,352053,0.0,False,151.9615020751953,1.4946868419647217,0.0,151.9615020751953,1586.728271484375,0.0,0.0,0.0,-0.4298815429210663,True,nan,False,6.736323939549038e-06,0.01
gpomdp_reward_only,715,315,352878,0.0,False,214.66354370117188,1.3764235973358154,0.0,214.66354370117188,1286.85400390625,0.0,0.0,0.0,-0.15857982635498047,True,nan,False,3.330777690280229e-05,0.01
gpomdp_reward_only,715,316,353626,0.0,False,145.40109252929688,1.4208053350448608,0.0,145.40109252929688,1664.993896484375,0.0,0.0,0.0,-0.07717495411634445,True,nan,False,2.655335993040353e-05,0.01
gpomdp_reward_only,715,317,354438,0.0,False,65.3490982055664,1.4759831428527832,0.0,65.3490982055664,1787.1077880859375,0.0,0.0,0.0,-0.6276739835739136,True,nan,False,1.9021343177882954e-05,0.01
gpomdp_reward_only,715,318,355321,0.0,False,48.629920959472656,1.4022367000579834,0.0,48.629920959472656,1405.8277587890625,0.0,0.0,0.0,-0.6390149593353271,True,nan,False,1.9371822418179363e-05,0.01
gpomdp_reward_only,715,319,356049,0.0,False,78.39248657226562,1.37025785446167,0.0,78.39248657226562,1166.1097412109375,0.0,0.0,0.0,-0.20248490571975708,True,nan,False,1.5429330233018845e-05,0.01
gpomdp_reward_only,715,320,356745,0.0,False,108.84022521972656,1.3954668045043945,0.0,108.84022521972656,1051.9393310546875,0.0,0.0,0.0,0.27527204155921936,True,nan,False,1.1615301445999648e-05,0.01
gpomdp_reward_only,715,321,357403,0.0,False,151.66384887695312,1.4177794456481934,0.0,151.66384887695312,2104.971435546875,0.0,0.0,0.0,-0.03121233358979225,True,nan,False,8.774720299697947e-06,0.01
gpomdp_reward_only,715,322,358279,0.0,False,129.4472198486328,1.4055004119873047,0.0,129.4472198486328,1247.7496337890625,0.0,0.0,0.0,-0.5111988186836243,True,nan,False,1.2669634088524617e-05,0.01
gpomdp_reward_only,715,323,359049,0.0,False,47.087711334228516,1.4151298999786377,0.0,47.087711334228516,1093.2794189453125,0.0,0.0,0.0,0.22857849299907684,True,nan,False,9.993408639275003e-06,0.01
gpomdp_reward_only,715,324,359785,0.0,False,130.66224670410156,1.5904209613800049,0.0,130.66224670410156,1828.009765625,0.0,0.0,0.0,0.043630603700876236,True,nan,False,2.8160084184492007e-06,0.01
gpomdp_reward_only,715,325,360744,0.0,False,140.30743408203125,1.461861491203308,0.0,140.30743408203125,1000.6027221679688,0.0,0.0,0.0,0.4148356020450592,True,nan,False,3.851060682791285e-06,0.01
gpomdp_reward_only,715,326,361506,0.0,False,182.00079345703125,1.4134342670440674,0.0,182.00079345703125,868.3265991210938,0.0,0.0,0.0,-0.15544261038303375,True,nan,False,4.047285528940847e-06,0.01
gpomdp_reward_only,715,327,362199,0.0,False,175.45428466796875,1.4488621950149536,0.0,175.45428466796875,1699.38037109375,0.0,0.0,0.0,0.17058348655700684,True,nan,False,4.271816578693688e-06,0.01
gpomdp_reward_only,715,328,363084,0.0,False,83.83541107177734,1.418813943862915,0.0,83.83541107177734,1112.1697998046875,0.0,0.0,0.0,0.17015694081783295,True,nan,False,1.832688326430798e-06,0.01
gpomdp_reward_only,715,329,363769,0.0,False,100.81050872802734,1.3894253969192505,0.0,100.81050872802734,1357.73486328125,0.0,0.0,0.0,-0.45272693037986755,True,nan,False,2.5924580313585466e-06,0.01
gpomdp_reward_only,715,330,364491,0.0,False,115.55813598632812,1.5156919956207275,0.0,115.55813598632812,1203.663818359375,0.0,0.0,0.0,0.11512904614210129,True,nan,False,1.961409680006909e-06,0.01
gpomdp_reward_only,715,331,365311,0.0,False,64.25871276855469,1.4057273864746094,0.0,64.25871276855469,1486.2735595703125,0.0,0.0,0.0,-0.7575681209564209,True,nan,False,2.959134462798829e-06,0.01
gpomdp_reward_only,715,332,366030,0.0,False,67.32258605957031,1.393827199935913,0.0,67.32258605957031,1055.3416748046875,0.0,0.0,0.0,0.3781212568283081,True,nan,False,3.0454114039457636e-06,0.01
gpomdp_reward_only,715,333,366720,0.0,False,45.951507568359375,1.4000022411346436,0.0,45.951507568359375,1265.7271728515625,0.0,0.0,0.0,0.15040050446987152,True,nan,False,2.9881339287385345e-06,0.01
gpomdp_reward_only,715,334,367393,0.0,False,79.47801208496094,1.412923812866211,0.0,79.47801208496094,1193.2139892578125,0.0,0.0,0.0,-0.19547773897647858,True,nan,False,4.5307979235076346e-06,0.01
gpomdp_reward_only,715,335,368133,0.0,False,61.28034973144531,1.4242616891860962,0.0,61.28034973144531,1128.5,0.0,0.0,0.0,-0.27386462688446045,True,nan,False,3.7312786389520625e-06,0.01
gpomdp_reward_only,715,336,368804,0.0,False,98.35589599609375,1.4468730688095093,0.0,98.35589599609375,949.1273193359375,0.0,0.0,0.0,-0.007145284675061703,True,nan,False,5.5041223276930396e-06,0.01
gpomdp_reward_only,715,337,369526,0.0,False,80.78297424316406,1.4658362865447998,0.0,80.78297424316406,1234.3248291015625,0.0,0.0,0.0,0.779950737953186,True,nan,False,3.947789991798345e-06,0.01
gpomdp_reward_only,715,338,370252,0.0,False,73.15678405761719,1.4360768795013428,0.0,73.15678405761719,1708.9052734375,0.0,0.0,0.0,0.21312859654426575,True,nan,False,3.0579597023461247e-06,0.01
gpomdp_reward_only,715,339,370952,0.0,False,148.5377655029297,1.3995522260665894,0.0,148.5377655029297,1154.88134765625,0.0,0.0,0.0,-0.011492900550365448,True,nan,False,5.454815436678473e-06,0.01
gpomdp_reward_only,715,340,371628,0.0,False,100.31157684326172,1.4275823831558228,0.0,100.31157684326172,1533.8023681640625,0.0,0.0,0.0,-0.42185869812965393,True,nan,False,5.4370211728382856e-06,0.01
gpomdp_reward_only,715,341,372329,0.0,False,70.2462158203125,1.403402328491211,0.0,70.2462158203125,1206.6387939453125,0.0,0.0,0.0,-0.33173680305480957,True,nan,False,2.7290909656585427e-06,0.01
gpomdp_reward_only,715,342,373020,0.0,False,65.71760559082031,1.4189199209213257,0.0,65.71760559082031,1324.5106201171875,0.0,0.0,0.0,-0.2023846060037613,True,nan,False,2.976565838253009e-06,0.01
gpomdp_reward_only,715,343,373707,0.0,False,123.66993713378906,1.4931719303131104,0.0,123.66993713378906,1382.9036865234375,0.0,0.0,0.0,0.060047250241041183,True,nan,False,6.476796897914028e-06,0.01
gpomdp_reward_only,715,344,374449,0.0,False,124.48734283447266,1.4722408056259155,0.0,124.48734283447266,1540.3057861328125,0.0,0.0,0.0,0.3403162956237793,True,nan,False,2.7938929179072147e-06,0.01
gpomdp_reward_only,715,345,375177,0.0,False,90.69959259033203,1.5400187969207764,0.0,90.69959259033203,1492.0511474609375,0.0,0.0,0.0,-0.2769714295864105,True,nan,False,2.187938889619545e-06,0.01
gpomdp_reward_only,715,346,375948,0.0,False,106.2071533203125,1.4367241859436035,0.0,106.2071533203125,1487.4647216796875,0.0,0.0,0.0,0.4719473719596863,True,nan,False,1.2460091056709643e-06,0.01
gpomdp_reward_only,715,347,376687,0.0,False,91.05656433105469,1.4271693229675293,0.0,91.05656433105469,1048.2662353515625,0.0,0.0,0.0,-0.08804040402173996,True,nan,False,2.9883169645472663e-06,0.01
gpomdp_reward_only,715,348,377389,0.0,False,90.1528091430664,1.4065368175506592,0.0,90.1528091430664,1168.8624267578125,0.0,0.0,0.0,-0.4385003447532654,True,nan,False,3.291305802122224e-06,0.01
gpomdp_reward_only,715,349,378056,0.0,False,76.34233093261719,1.4591615200042725,0.0,76.34233093261719,1468.481689453125,0.0,0.0,0.0,-0.20280461013317108,True,nan,False,4.1486387090117205e-06,0.01
gpomdp_reward_only,715,350,378821,0.0,False,98.1596908569336,1.4185001850128174,0.0,98.1596908569336,911.0933227539062,0.0,0.0,0.0,-0.4526773691177368,True,nan,False,7.969326361489948e-06,0.01
gpomdp_reward_only,715,351,379502,0.0,False,108.10271453857422,1.4356554746627808,0.0,108.10271453857422,1052.1083984375,0.0,0.0,0.0,0.07429511845111847,True,nan,False,3.889805157086812e-06,0.01
gpomdp_reward_only,715,352,380188,0.0,False,65.6694107055664,1.3864997625350952,0.0,65.6694107055664,1054.0224609375,0.0,0.0,0.0,-0.386068195104599,True,nan,False,2.7929766019951785e-06,0.01
gpomdp_reward_only,715,353,380882,0.0,False,76.21061706542969,1.5594630241394043,0.0,76.21061706542969,1604.8828125,0.0,0.0,0.0,0.09081874042749405,True,nan,False,1.0185768815063057e-06,0.01
gpomdp_reward_only,715,354,381719,0.0,False,82.05057525634766,1.470033049583435,0.0,82.05057525634766,1246.559814453125,0.0,0.0,0.0,-0.6100804209709167,True,nan,False,1.4972974895499647e-06,0.01
gpomdp_reward_only,715,355,382475,0.0,False,87.77888488769531,1.4129992723464966,0.0,87.77888488769531,1112.575927734375,0.0,0.0,0.0,-0.22180677950382233,True,nan,False,3.1214206046570325e-06,0.01
gpomdp_reward_only,715,356,383131,0.0,False,93.8226089477539,1.4253398180007935,0.0,93.8226089477539,1350.6783447265625,0.0,0.0,0.0,-0.1580059677362442,True,nan,False,4.497887857723981e-06,0.01
gpomdp_reward_only,715,357,383868,0.0,False,100.92481231689453,1.4766398668289185,0.0,100.92481231689453,1198.565673828125,0.0,0.0,0.0,-0.15170153975486755,True,nan,False,3.6678827655123314e-06,0.01
gpomdp_reward_only,715,358,384628,0.0,False,140.37216186523438,1.4114872217178345,0.0,140.37216186523438,1201.1746826171875,0.0,0.0,0.0,-0.5979446172714233,True,nan,False,3.6904812077409588e-06,0.01
gpomdp_reward_only,715,359,385333,0.0,False,108.32111358642578,1.4369829893112183,0.0,108.32111358642578,1084.79541015625,0.0,0.0,0.0,-0.159150630235672,True,nan,False,2.007816647164873e-06,0.01
gpomdp_reward_only,715,360,386019,0.0,False,72.85572814941406,1.4680863618850708,0.0,72.85572814941406,1210.6820068359375,0.0,0.0,0.0,-0.09050677716732025,True,nan,False,2.6753314159577712e-06,0.01
gpomdp_reward_only,715,361,386724,0.0,False,64.57575225830078,1.4686959981918335,0.0,64.57575225830078,1683.7860107421875,0.0,0.0,0.0,-0.7024386525154114,True,nan,False,3.5033490348723717e-06,0.01
gpomdp_reward_only,715,362,387453,0.0,False,62.2646598815918,1.4837923049926758,0.0,62.2646598815918,1496.4771728515625,0.0,0.0,0.0,-0.011706584133207798,True,nan,False,3.481731255305931e-06,0.01
gpomdp_reward_only,715,363,388192,0.0,False,148.87957763671875,1.4621225595474243,0.0,148.87957763671875,1594.617919921875,0.0,0.0,0.0,0.25264135003089905,True,nan,False,2.9621064641105477e-06,0.01
gpomdp_reward_only,715,364,388985,0.0,False,79.36161804199219,1.4424445629119873,0.0,79.36161804199219,1469.4012451171875,0.0,0.0,0.0,0.24646148085594177,True,nan,False,2.3425379822583636e-06,0.01
gpomdp_reward_only,715,365,389712,0.0,False,140.51760864257812,1.4673212766647339,0.0,140.51760864257812,1317.1446533203125,0.0,0.0,0.0,0.1057436615228653,True,nan,False,3.5666073472384596e-06,0.01
gpomdp_reward_only,715,366,390465,0.0,False,94.01312255859375,1.4375649690628052,0.0,94.01312255859375,872.9236450195312,0.0,0.0,0.0,-0.6340194940567017,True,nan,False,3.382853037692257e-06,0.01
gpomdp_reward_only,715,367,391144,0.0,False,154.46470642089844,1.4115737676620483,0.0,154.46470642089844,1229.3101806640625,0.0,0.0,0.0,-0.2385706901550293,True,nan,False,8.975662240118254e-06,0.01
gpomdp_reward_only,715,368,391809,0.0,False,166.23886108398438,1.5216846466064453,0.0,166.23886108398438,2610.53564453125,0.0,0.0,0.0,-0.5691236257553101,True,nan,False,6.8378412834135816e-06,0.01
gpomdp_reward_only,715,369,392793,0.0,False,75.78263854980469,1.4533183574676514,0.0,75.78263854980469,1085.5059814453125,0.0,0.0,0.0,0.1019318550825119,True,nan,False,6.780534931749571e-06,0.01
gpomdp_reward_only,715,370,393440,0.0,False,65.46800994873047,1.489594578742981,0.0,65.46800994873047,1348.9334716796875,0.0,0.0,0.0,-0.5487040281295776,True,nan,False,6.653217951679835e-06,0.01
gpomdp_reward_only,715,371,394185,0.0,False,75.48685455322266,1.4930148124694824,0.0,75.48685455322266,1566.4921875,0.0,0.0,0.0,0.36931514739990234,True,nan,False,4.435391019796953e-06,0.01
gpomdp_reward_only,715,372,394969,0.0,False,76.38642883300781,1.4508544206619263,0.0,76.38642883300781,979.607421875,0.0,0.0,0.0,0.24549193680286407,True,nan,False,6.941403626115061e-06,0.01
gpomdp_reward_only,715,373,395612,0.0,False,120.779296875,1.4835926294326782,0.0,120.779296875,1243.9141845703125,0.0,0.0,0.0,0.08967620134353638,True,nan,False,1.0511755135667045e-05,0.01
gpomdp_reward_only,715,374,396400,0.0,False,114.88335418701172,1.463403344154358,0.0,114.88335418701172,1493.83740234375,0.0,0.0,0.0,0.0871821865439415,True,nan,False,3.006980932696024e-06,0.01
gpomdp_reward_only,715,375,397153,0.0,False,55.556358337402344,1.460811734199524,0.0,55.556358337402344,1320.0382080078125,0.0,0.0,0.0,-0.37053731083869934,True,nan,False,1.660116140556056e-06,0.01
gpomdp_reward_only,715,376,397856,0.0,False,115.46478271484375,1.5749623775482178,0.0,115.46478271484375,1574.169921875,0.0,0.0,0.0,-0.6459537744522095,True,nan,False,3.8830339690321125e-06,0.01
gpomdp_reward_only,715,377,398718,0.0,False,73.31446838378906,1.5007202625274658,0.0,73.31446838378906,1726.28515625,0.0,0.0,0.0,0.5466296076774597,True,nan,False,1.928769052028656e-06,0.01
gpomdp_reward_only,715,378,399475,0.0,False,40.7799186706543,1.4569674730300903,0.0,40.7799186706543,906.11669921875,0.0,0.0,0.0,0.6660075187683105,True,nan,False,9.845788326856564e-07,0.01
gpomdp_reward_only,715,379,400117,0.0,False,85.76155853271484,1.4817769527435303,0.0,85.76155853271484,1282.3197021484375,0.0,0.0,0.0,0.19926460087299347,True,nan,False,9.398692100148764e-07,0.01
gpomdp_reward_only,715,380,400823,0.0,False,115.2510986328125,1.4795457124710083,0.0,115.2510986328125,1060.8060302734375,0.0,0.0,0.0,-0.2974792718887329,True,nan,False,1.7653260329097975e-06,0.01
gpomdp_reward_only,715,381,401563,0.0,False,152.10400390625,1.5311906337738037,0.0,152.10400390625,2530.096923828125,0.0,0.0,0.0,-0.32025226950645447,True,nan,False,3.2017203466239152e-06,0.01
gpomdp_reward_only,715,382,402505,0.0,False,132.8012237548828,1.5047105550765991,0.0,132.8012237548828,1662.005615234375,0.0,0.0,0.0,-0.112847700715065,True,nan,False,6.726756964781089e-06,0.01
gpomdp_reward_only,715,383,403263,0.0,False,77.39647674560547,1.447231650352478,0.0,77.39647674560547,1194.079345703125,0.0,0.0,0.0,-0.6302817463874817,True,nan,False,7.0767746365163475e-06,0.01
gpomdp_reward_only,715,384,403943,0.0,False,117.5421371459961,1.5587852001190186,0.0,117.5421371459961,1739.031005859375,0.0,0.0,0.0,-0.36186569929122925,True,nan,False,8.566708856960759e-06,0.01
gpomdp_reward_only,715,385,404781,0.0,False,105.70248413085938,1.4548351764678955,0.0,105.70248413085938,1146.8531494140625,0.0,0.0,0.0,0.008249429054558277,True,nan,False,1.6036525266827084e-05,0.01
gpomdp_reward_only,715,386,405437,0.0,False,94.16593170166016,1.456069827079773,0.0,94.16593170166016,997.8514404296875,0.0,0.0,0.0,0.32734647393226624,True,nan,False,2.2365824406733736e-05,0.01
gpomdp_reward_only,715,387,406118,0.0,False,47.913455963134766,1.462736964225769,0.0,47.913455963134766,1192.136474609375,0.0,0.0,0.0,-0.21294134855270386,True,nan,False,1.740806874295231e-05,0.01
gpomdp_reward_only,715,388,406785,0.0,False,122.51294708251953,1.4803653955459595,0.0,122.51294708251953,1350.375,0.0,0.0,0.0,-0.6545516848564148,True,nan,False,2.008561023103539e-05,0.01
gpomdp_reward_only,715,389,407511,0.0,False,53.71549987792969,1.4491087198257446,0.0,53.71549987792969,1304.2978515625,0.0,0.0,0.0,-0.558623731136322,True,nan,False,1.4922576156095602e-05,0.01
gpomdp_reward_only,715,390,408159,0.0,False,68.28685760498047,1.531221628189087,0.0,68.28685760498047,1746.2886962890625,0.0,0.0,0.0,0.02935844659805298,True,nan,False,1.3366512575885281e-05,0.01
gpomdp_reward_only,715,391,408970,0.0,False,127.03815460205078,1.454352617263794,0.0,127.03815460205078,886.480224609375,0.0,0.0,0.0,0.016230160370469093,True,nan,False,4.8771380534162745e-06,0.01
gpomdp_reward_only,715,392,409614,0.0,False,188.51856994628906,1.4356902837753296,0.0,188.51856994628906,1329.902587890625,0.0,0.0,0.0,0.11388219892978668,True,nan,False,2.1449024643516168e-05,0.01
gpomdp_reward_only,715,393,410317,0.0,False,101.59883880615234,1.47738778591156,0.0,101.59883880615234,1053.791015625,0.0,0.0,0.0,0.1191888079047203,True,nan,False,1.1043323866033461e-05,0.01
gpomdp_reward_only,715,394,411042,0.0,False,66.93480682373047,1.503487229347229,0.0,66.93480682373047,1170.2325439453125,0.0,0.0,0.0,-0.23617365956306458,True,nan,False,1.6876403606147505e-05,0.01
gpomdp_reward_only,715,395,411762,0.0,False,117.02073669433594,1.5822324752807617,0.0,117.02073669433594,1775.8973388671875,0.0,0.0,0.0,0.6823059320449829,True,nan,False,6.222325737326173e-06,0.01
gpomdp_reward_only,715,396,412615,0.0,False,170.2356414794922,1.4655064344406128,0.0,170.2356414794922,975.4735107421875,0.0,0.0,0.0,-0.08924289792776108,True,nan,False,4.170140528003685e-06,0.01
gpomdp_reward_only,715,397,413276,0.0,False,74.73954772949219,1.5117597579956055,0.0,74.73954772949219,1784.43212890625,0.0,0.0,0.0,-0.074308842420578,True,nan,False,2.2485617137135705e-06,0.01
gpomdp_reward_only,715,398,414053,0.0,False,53.60362243652344,1.4584176540374756,0.0,53.60362243652344,1016.8500366210938,0.0,0.0,0.0,0.16945916414260864,True,nan,False,2.4568664684920805e-06,0.01
gpomdp_reward_only,715,399,414685,0.0,False,36.73531723022461,1.4695080518722534,0.0,36.73531723022461,1171.77099609375,0.0,0.0,0.0,-0.02687819115817547,True,nan,False,1.9587694168876624e-06,0.01
gpomdp_reward_only,715,400,415362,0.0,False,69.1789321899414,1.4931641817092896,0.0,69.1789321899414,1353.84033203125,0.0,0.0,0.0,-0.6303675770759583,True,nan,False,3.34886885866581e-06,0.01
gpomdp_reward_only,715,401,416077,0.0,False,42.682655334472656,1.4740574359893799,0.0,42.682655334472656,967.37890625,0.0,0.0,0.0,-0.5695344805717468,True,nan,False,2.3420814159180736e-06,0.01
gpomdp_reward_only,715,402,416716,0.0,False,105.66417694091797,1.5070608854293823,0.0,105.66417694091797,1002.6790161132812,0.0,0.0,0.0,0.0661376565694809,True,nan,False,6.663603926426731e-06,0.01
gpomdp_reward_only,715,403,417446,0.0,False,159.51788330078125,1.4616554975509644,0.0,159.51788330078125,1361.0931396484375,0.0,0.0,0.0,0.3637925684452057,True,nan,False,1.833905298553873e-05,0.01
gpomdp_reward_only,715,404,418109,0.0,False,119.247802734375,1.5037106275558472,0.0,119.247802734375,1518.6463623046875,0.0,0.0,0.0,0.03781962767243385,True,nan,False,1.2125349712732714e-05,0.01
gpomdp_reward_only,715,405,418886,0.0,False,55.256107330322266,1.5003125667572021,0.0,55.256107330322266,1279.9140625,0.0,0.0,0.0,0.515537440776825,True,nan,False,1.2664359928749036e-05,0.01
gpomdp_reward_only,715,406,419587,0.0,False,159.73690795898438,1.4982280731201172,0.0,159.73690795898438,1954.4400634765625,0.0,0.0,0.0,-0.08885391056537628,True,nan,False,1.687679105089046e-05,0.01
gpomdp_reward_only,715,407,420430,0.0,False,65.01190948486328,1.5041019916534424,0.0,65.01190948486328,1395.87939453125,0.0,0.0,0.0,-0.5995286703109741,True,nan,False,1.1254482160438783e-05,0.01
gpomdp_reward_only,715,408,421276,0.0,False,71.96212768554688,1.528812050819397,0.0,71.96212768554688,1546.828125,0.0,0.0,0.0,0.3818058967590332,True,nan,False,1.0039066182798706e-05,0.01
gpomdp_reward_only,715,409,422082,0.0,False,129.81300354003906,1.5250996351242065,0.0,129.81300354003906,1452.2080078125,0.0,0.0,0.0,-0.303068071603775,True,nan,False,2.0773790311068296e-05,0.01
gpomdp_reward_only,715,410,422825,0.0,False,75.15859985351562,1.484322190284729,0.0,75.15859985351562,1140.583251953125,0.0,0.0,0.0,-0.3913818895816803,True,nan,False,1.5325971617130563e-05,0.01
gpomdp_reward_only,715,411,423530,0.0,False,75.65481567382812,1.5037593841552734,0.0,75.65481567382812,1094.739501953125,0.0,0.0,0.0,0.5154297351837158,True,nan,False,8.963122127170209e-06,0.01
gpomdp_reward_only,715,412,424176,0.0,False,125.92227172851562,1.5091180801391602,0.0,125.92227172851562,1604.208740234375,0.0,0.0,0.0,-0.6488660573959351,True,nan,False,1.541939127491787e-05,0.01
gpomdp_reward_only,715,413,424951,0.0,False,38.307926177978516,1.4816131591796875,0.0,38.307926177978516,1008.043701171875,0.0,0.0,0.0,-0.10249277204275131,True,nan,False,1.3424384633253794e-05,0.01
gpomdp_reward_only,715,414,425626,0.0,False,86.3130874633789,1.54939603805542,0.0,86.3130874633789,1443.4478759765625,0.0,0.0,0.0,0.4963618516921997,True,nan,False,9.57081556407502e-06,0.01
gpomdp_reward_only,715,415,426508,0.0,False,71.1544189453125,1.4535551071166992,0.0,71.1544189453125,1104.8284912109375,0.0,0.0,0.0,-0.7712820172309875,True,nan,False,1.0677795216906816e-05,0.01
gpomdp_reward_only,715,416,427193,0.0,False,183.2133331298828,1.525057077407837,0.0,183.2133331298828,1168.905517578125,0.0,0.0,0.0,-0.3691525161266327,True,nan,False,1.967478783626575e-05,0.01
gpomdp_reward_only,715,417,427971,0.0,False,115.28137969970703,1.5070933103561401,0.0,115.28137969970703,1057.7056884765625,0.0,0.0,0.0,0.05889720469713211,True,nan,False,2.5437528165639378e-05,0.01
gpomdp_reward_only,715,418,428714,0.0,False,54.30500793457031,1.4904723167419434,0.0,54.30500793457031,948.3712768554688,0.0,0.0,0.0,0.4704612195491791,True,nan,False,2.111987123498693e-05,0.01
gpomdp_reward_only,715,419,429324,0.0,False,83.5338363647461,1.4606636762619019,0.0,83.5338363647461,1015.0753173828125,0.0,0.0,0.0,-0.1869262009859085,True,nan,False,1.5295259800041094e-05,0.01
gpomdp_reward_only,715,420,429957,0.0,False,101.03975677490234,1.5073214769363403,0.0,101.03975677490234,1469.664306640625,0.0,0.0,0.0,-0.3581053912639618,True,nan,False,5.995841547701275e-06,0.01
gpomdp_reward_only,715,421,430747,0.0,False,97.87188720703125,1.4690030813217163,0.0,97.87188720703125,1223.9268798828125,0.0,0.0,0.0,-0.1588122397661209,True,nan,False,8.767646249907557e-06,0.01
gpomdp_reward_only,715,422,431446,0.0,False,96.1328353881836,1.5184686183929443,0.0,96.1328353881836,1365.9947509765625,0.0,0.0,0.0,0.03557198494672775,True,nan,False,5.03773253512918e-06,0.01
gpomdp_reward_only,715,423,432214,0.0,False,101.93387603759766,1.5137804746627808,0.0,101.93387603759766,1349.6917724609375,0.0,0.0,0.0,0.4433547258377075,True,nan,False,2.2242347768042237e-06,0.01
gpomdp_reward_only,715,424,432991,0.0,False,94.11837768554688,1.5480327606201172,0.0,94.11837768554688,1709.8604736328125,0.0,0.0,0.0,0.33463674783706665,True,nan,False,2.450479996696231e-06,0.01
gpomdp_reward_only,715,425,433750,0.0,False,113.79232025146484,1.5235621929168701,0.0,113.79232025146484,1473.09619140625,0.0,0.0,0.0,-0.28872328996658325,True,nan,False,5.640600193146383e-06,0.01
gpomdp_reward_only,715,426,434523,0.0,False,133.7214813232422,1.5324478149414062,0.0,133.7214813232422,1575.5897216796875,0.0,0.0,0.0,-0.16304677724838257,True,nan,False,4.4126891225459985e-06,0.01
gpomdp_reward_only,715,427,435276,0.0,False,105.41173553466797,1.5776712894439697,0.0,105.41173553466797,2243.376220703125,0.0,0.0,0.0,0.4554033577442169,True,nan,False,2.9298275876499247e-06,0.01
gpomdp_reward_only,715,428,436210,0.0,False,74.2942886352539,1.4904848337173462,0.0,74.2942886352539,1037.5321044921875,0.0,0.0,0.0,0.37694889307022095,True,nan,False,3.5008677059522597e-06,0.01
gpomdp_reward_only,715,429,436867,0.0,False,95.24369049072266,1.4916877746582031,0.0,95.24369049072266,940.9592895507812,0.0,0.0,0.0,-0.4107982814311981,True,nan,False,9.67066739576694e-07,0.01
gpomdp_reward_only,715,430,437549,0.0,False,69.75223541259766,1.6063331365585327,0.0,69.75223541259766,1553.0390625,0.0,0.0,0.0,-0.6625936627388,True,nan,False,4.0208607288150233e-07,0.01
gpomdp_reward_only,715,431,438375,0.0,False,125.54302978515625,1.480488896369934,0.0,125.54302978515625,760.5587768554688,0.0,0.0,0.0,-0.08758801966905594,True,nan,False,4.0829077079251874e-06,0.01
gpomdp_reward_only,715,432,439004,0.0,False,102.9432601928711,1.4994251728057861,0.0,102.9432601928711,1217.068359375,0.0,0.0,0.0,-0.2637786269187927,True,nan,False,3.443980403972091e-06,0.01
gpomdp_reward_only,715,433,439724,0.0,False,46.281272888183594,1.5513231754302979,0.0,46.281272888183594,1469.7142333984375,0.0,0.0,0.0,-0.09261059761047363,True,nan,False,3.473763399597374e-06,0.01
gpomdp_reward_only,715,434,440497,0.0,False,165.23939514160156,1.5824772119522095,0.0,165.23939514160156,2032.28564453125,0.0,0.0,0.0,-0.04711577668786049,True,nan,False,9.328825399279594e-06,0.01
gpomdp_reward_only,715,435,441345,0.0,False,70.11431884765625,1.5472475290298462,0.0,70.11431884765625,1685.065185546875,0.0,0.0,0.0,-0.4205288290977478,True,nan,False,7.68071367929224e-06,0.01
gpomdp_reward_only,715,436,442165,0.0,False,77.29234313964844,1.4818352460861206,0.0,77.29234313964844,1393.25732421875,0.0,0.0,0.0,0.18571138381958008,True,nan,False,8.39022595755523e-06,0.01
gpomdp_reward_only,715,437,442861,0.0,False,43.41653823852539,1.5231125354766846,0.0,43.41653823852539,1071.89892578125,0.0,0.0,0.0,-0.09890256822109222,True,nan,False,5.872072506463155e-06,0.01
gpomdp_reward_only,715,438,443561,0.0,False,105.19832611083984,1.5408300161361694,0.0,105.19832611083984,955.3223876953125,0.0,0.0,0.0,-0.04364965856075287,True,nan,False,6.477840088336961e-06,0.01
gpomdp_reward_only,715,439,444295,0.0,False,72.19102478027344,1.4763460159301758,0.0,72.19102478027344,1128.4136962890625,0.0,0.0,0.0,-0.4096481204032898,True,nan,False,3.827296950476011e-06,0.01
gpomdp_reward_only,715,440,444924,0.0,False,69.45800018310547,1.4983837604522705,0.0,69.45800018310547,738.57470703125,0.0,0.0,0.0,0.2161024957895279,True,nan,False,4.3942891352344304e-06,0.01
gpomdp_reward_only,715,441,445513,0.0,False,152.4207000732422,1.548748254776001,0.0,152.4207000732422,1624.541015625,0.0,0.0,0.0,0.20622175931930542,True,nan,False,1.473730094403436e-06,0.01
gpomdp_reward_only,715,442,446354,0.0,False,142.06968688964844,1.4988658428192139,0.0,142.06968688964844,1324.6431884765625,0.0,0.0,0.0,-0.2837670147418976,True,nan,False,8.37506649986608e-06,0.01
gpomdp_reward_only,715,443,447065,0.0,False,147.21250915527344,1.4884353876113892,0.0,147.21250915527344,1090.100341796875,0.0,0.0,0.0,-0.1912844330072403,True,nan,False,1.0991019507855526e-06,0.01
gpomdp_reward_only,715,444,447772,0.0,False,112.87163543701172,1.5154165029525757,0.0,112.87163543701172,1189.7371826171875,0.0,0.0,0.0,-0.3228124678134918,True,nan,False,2.661491862454568e-06,0.01
gpomdp_reward_only,715,445,448445,0.0,False,79.3226547241211,1.4909783601760864,0.0,79.3226547241211,932.2075805664062,0.0,0.0,0.0,-0.1144808679819107,True,nan,False,5.169709766050801e-06,0.01
gpomdp_reward_only,715,446,449117,0.0,False,90.86204528808594,1.49314284324646,0.0,90.86204528808594,1012.3993530273438,0.0,0.0,0.0,-0.17831580340862274,True,nan,False,8.197411261789966e-06,0.01
gpomdp_reward_only,715,447,449751,0.0,False,132.47418212890625,1.5678110122680664,0.0,132.47418212890625,1684.0714111328125,0.0,0.0,0.0,0.46790286898612976,True,nan,False,1.0854887477762531e-05,0.01
gpomdp_reward_only,715,448,450530,0.0,False,59.907630920410156,1.535858392715454,0.0,59.907630920410156,1446.45458984375,0.0,0.0,0.0,-0.24465830624103546,True,nan,False,9.430899808648974e-06,0.01
gpomdp_reward_only,715,449,451225,0.0,False,115.66851043701172,1.5509653091430664,0.0,115.66851043701172,1674.6839599609375,0.0,0.0,0.0,0.7396517992019653,True,nan,False,9.262981620850042e-06,0.01
gpomdp_reward_only,715,450,452025,0.0,False,71.82164764404297,1.5018421411514282,0.0,71.82164764404297,1203.343994140625,0.0,0.0,0.0,-0.48067718744277954,True,nan,False,1.2442711522453465e-05,0.01
gpomdp_reward_only,715,451,452717,0.0,False,60.61717224121094,1.5448267459869385,0.0,60.61717224121094,1402.2288818359375,0.0,0.0,0.0,0.02770136669278145,True,nan,False,5.644802513415925e-06,0.01
gpomdp_reward_only,715,452,453412,0.0,False,31.966630935668945,1.5011143684387207,0.0,31.966630935668945,689.22802734375,0.0,0.0,0.0,0.4480993151664734,True,nan,False,4.137867563258624e-06,0.01
gpomdp_reward_only,715,453,454016,0.0,False,95.66168212890625,1.5109511613845825,0.0,95.66168212890625,1068.084228515625,0.0,0.0,0.0,-0.4204588234424591,True,nan,False,8.04421415523393e-06,0.01
gpomdp_reward_only,715,454,454754,0.0,False,79.80903625488281,1.5161720514297485,0.0,79.80903625488281,1301.1685791015625,0.0,0.0,0.0,0.5539395213127136,True,nan,False,1.0173521332035307e-05,0.01
gpomdp_reward_only,715,455,455495,0.0,False,73.5469741821289,1.525455117225647,0.0,73.5469741821289,1317.5897216796875,0.0,0.0,0.0,-0.16842752695083618,True,nan,False,9.251664778275881e-06,0.01
gpomdp_reward_only,715,456,456277,0.0,False,71.57319641113281,1.4980735778808594,0.0,71.57319641113281,1094.412841796875,0.0,0.0,0.0,-0.24551761150360107,True,nan,False,1.374600196868414e-05,0.01
gpomdp_reward_only,715,457,456954,0.0,False,51.7684211730957,1.5216091871261597,0.0,51.7684211730957,1123.8670654296875,0.0,0.0,0.0,0.042909346520900726,True,nan,False,1.5654732123948634e-05,0.01
gpomdp_reward_only,715,458,457642,0.0,False,53.93413543701172,1.5293651819229126,0.0,53.93413543701172,927.2950439453125,0.0,0.0,0.0,-0.5952032208442688,True,nan,False,1.4154308701108675e-05,0.01
gpomdp_reward_only,715,459,458352,0.0,False,109.54000854492188,1.5796939134597778,0.0,109.54000854492188,1660.871337890625,0.0,0.0,0.0,0.09752713143825531,True,nan,False,1.743229768180754e-05,0.01
gpomdp_reward_only,715,460,459252,0.0,False,119.79915618896484,1.4964317083358765,0.0,119.79915618896484,1079.07958984375,0.0,0.0,0.0,0.02757403254508972,True,nan,False,1.1753201761166565e-05,0.01
gpomdp_reward_only,715,461,459878,0.0,False,36.72946548461914,1.4960346221923828,0.0,36.72946548461914,1257.0120849609375,0.0,0.0,0.0,-0.0550486259162426,True,nan,False,8.133312803693116e-06,0.01
gpomdp_reward_only,715,462,460600,0.0,False,62.52960205078125,1.5353310108184814,0.0,62.52960205078125,1199.2144775390625,0.0,0.0,0.0,0.1250656694173813,True,nan,False,4.335091944085434e-06,0.01
gpomdp_reward_only,715,463,461284,0.0,False,79.07330322265625,1.5274839401245117,0.0,79.07330322265625,1235.130859375,0.0,0.0,0.0,0.08856566995382309,True,nan,False,4.19700336351525e-06,0.01
gpomdp_reward_only,715,464,461982,0.0,False,36.59779739379883,1.5249674320220947,0.0,36.59779739379883,850.339111328125,0.0,0.0,0.0,-0.33147096633911133,True,nan,False,3.88581838706159e-06,0.01
gpomdp_reward_only,715,465,462679,0.0,False,67.0271987915039,1.4824901819229126,0.0,67.0271987915039,1070.2503662109375,0.0,0.0,0.0,-0.1538839489221573,True,nan,False,6.8883528001606464e-06,0.01
gpomdp_reward_only,715,466,463292,0.0,False,94.48040008544922,1.4719033241271973,0.0,94.48040008544922,1008.93408203125,0.0,0.0,0.0,-0.1840306669473648,True,nan,False,2.7964290438831085e-06,0.01
gpomdp_reward_only,715,467,463997,0.0,False,100.72380065917969,1.5848907232284546,0.0,100.72380065917969,2153.491455078125,0.0,0.0,0.0,-0.7153756618499756,True,nan,False,1.4508601680063293e-06,0.01
gpomdp_reward_only,715,468,464991,0.0,False,49.56604766845703,1.5341482162475586,0.0,49.56604766845703,928.1978759765625,0.0,0.0,0.0,0.10765396803617477,True,nan,False,1.9904805412807036e-06,0.01
gpomdp_reward_only,715,469,465666,0.0,False,97.29618835449219,1.5030677318572998,0.0,97.29618835449219,1229.236572265625,0.0,0.0,0.0,-0.06408578902482986,True,nan,False,6.20439004705986e-06,0.01
gpomdp_reward_only,715,470,466304,0.0,False,96.89530944824219,1.5304936170578003,0.0,96.89530944824219,1042.70703125,0.0,0.0,0.0,-0.16404065489768982,True,nan,False,2.753682792899781e-06,0.01
gpomdp_reward_only,715,471,467047,0.0,False,75.29932403564453,1.5078496932983398,0.0,75.29932403564453,1195.7667236328125,0.0,0.0,0.0,0.21791325509548187,True,nan,False,7.371862920990679e-06,0.01
gpomdp_reward_only,715,472,467780,0.0,False,68.81566619873047,1.5161161422729492,0.0,68.81566619873047,1171.013671875,0.0,0.0,0.0,-0.13120654225349426,True,nan,False,9.17160195967881e-06,0.01
gpomdp_reward_only,715,473,468510,0.0,False,148.0326385498047,1.5276789665222168,0.0,148.0326385498047,1967.1845703125,0.0,0.0,0.0,-0.040850844234228134,True,nan,False,2.1835798179381527e-05,0.01
gpomdp_reward_only,715,474,469336,0.0,False,70.65174865722656,1.5329866409301758,0.0,70.65174865722656,1276.1434326171875,0.0,0.0,0.0,-0.14538903534412384,True,nan,False,1.245311250386294e-05,0.01
gpomdp_reward_only,715,475,470094,0.0,False,70.45359802246094,1.5439132452011108,0.0,70.45359802246094,1400.2080078125,0.0,0.0,0.0,0.2773274779319763,True,nan,False,9.451429832552094e-06,0.01
gpomdp_reward_only,715,476,470818,0.0,False,88.93383026123047,1.5388602018356323,0.0,88.93383026123047,1190.7386474609375,0.0,0.0,0.0,-0.030788592994213104,True,nan,False,4.046887170261471e-06,0.01
gpomdp_reward_only,715,477,471526,0.0,False,71.30594635009766,1.5210494995117188,0.0,71.30594635009766,937.4041748046875,0.0,0.0,0.0,0.11834083497524261,True,nan,False,3.1216411571222125e-06,0.01
gpomdp_reward_only,715,478,472183,0.0,False,144.55258178710938,1.6559009552001953,0.0,144.55258178710938,3048.651123046875,0.0,0.0,0.0,-4.740785880130716e-05,True,nan,False,2.7497617338667624e-06,0.01
gpomdp_reward_only,715,479,473303,0.0,False,117.3779296875,1.5063918828964233,0.0,117.3779296875,1359.681884765625,0.0,0.0,0.0,0.1858735829591751,True,nan,False,3.324059662190848e-06,0.01
gpomdp_reward_only,715,480,473990,0.0,False,171.58192443847656,1.5198320150375366,0.0,171.58192443847656,1391.3577880859375,0.0,0.0,0.0,0.2146308720111847,True,nan,False,1.5241533219523262e-05,0.01
gpomdp_reward_only,715,481,474728,0.0,False,60.483070373535156,1.5134315490722656,0.0,60.483070373535156,940.0499267578125,0.0,0.0,0.0,0.19547075033187866,True,nan,False,1.9297161998110823e-05,0.01
gpomdp_reward_only,715,482,475397,0.0,False,151.41043090820312,1.4993829727172852,0.0,151.41043090820312,947.1858520507812,0.0,0.0,0.0,-0.07287652045488358,True,nan,False,3.7370806239778176e-05,0.01
gpomdp_reward_only,715,483,476008,0.0,False,124.27979278564453,1.5030418634414673,0.0,124.27979278564453,1222.342529296875,0.0,0.0,0.0,-0.006662394385784864,True,nan,False,4.067834379384294e-05,0.01
gpomdp_reward_only,715,484,476728,0.0,False,50.75212478637695,1.4921876192092896,0.0,50.75212478637695,1162.457763671875,0.0,0.0,0.0,0.4564155638217926,True,nan,False,3.892227687174454e-05,0.01
gpomdp_reward_only,715,485,477398,0.0,False,92.27379608154297,1.509220838546753,0.0,92.27379608154297,1322.18017578125,0.0,0.0,0.0,-0.018078919500112534,True,nan,False,2.826555646606721e-05,0.01
gpomdp_reward_only,715,486,478027,0.0,False,147.80877685546875,1.5111702680587769,0.0,147.80877685546875,1270.96728515625,0.0,0.0,0.0,0.23084421455860138,True,nan,False,4.423615609994158e-05,0.01
gpomdp_reward_only,715,487,478720,0.0,False,92.09475708007812,1.5357484817504883,0.0,92.09475708007812,1506.9952392578125,0.0,0.0,0.0,0.6754724383354187,True,nan,False,3.633228698163293e-05,0.01
gpomdp_reward_only,715,488,479442,0.0,False,138.13723754882812,1.534837245941162,0.0,138.13723754882812,1310.477783203125,0.0,0.0,0.0,0.0950240045785904,True,nan,False,1.593047272763215e-05,0.01
gpomdp_reward_only,715,489,480143,0.0,False,63.739158630371094,1.526005506515503,0.0,63.739158630371094,1462.1865234375,0.0,0.0,0.0,0.105807825922966,True,nan,False,8.760031050769612e-06,0.01
gpomdp_reward_only,715,490,480851,0.0,False,73.29299926757812,1.526009202003479,0.0,73.29299926757812,1246.94091796875,0.0,0.0,0.0,-0.4922106862068176,True,nan,False,6.330578344204696e-06,0.01
gpomdp_reward_only,715,491,481565,0.0,False,63.50816345214844,1.5237443447113037,0.0,63.50816345214844,1225.2935791015625,0.0,0.0,0.0,-0.012291217222809792,True,nan,False,3.8971124922682066e-06,0.01
gpomdp_reward_only,715,492,482303,0.0,False,74.58283996582031,1.5596286058425903,0.0,74.58283996582031,1638.3258056640625,0.0,0.0,0.0,0.5319135785102844,True,nan,False,5.707611308025662e-06,0.01
gpomdp_reward_only,715,493,483139,0.0,False,103.266357421875,1.5252604484558105,0.0,103.266357421875,1118.18505859375,0.0,0.0,0.0,-0.08408420532941818,True,nan,False,2.8473755264712963e-06,0.01
gpomdp_reward_only,715,494,483877,0.0,False,58.83960723876953,1.5396026372909546,0.0,58.83960723876953,1184.6383056640625,0.0,0.0,0.0,-0.21361349523067474,True,nan,False,1.2872332035840373e-06,0.01
gpomdp_reward_only,715,495,484639,0.0,False,80.79854583740234,1.5077600479125977,0.0,80.79854583740234,1094.540283203125,0.0,0.0,0.0,-0.024455001577734947,True,nan,False,8.475657296003192e-07,0.01
gpomdp_reward_only,715,496,485284,0.0,False,64.39112854003906,1.4976491928100586,0.0,64.39112854003906,1074.670166015625,0.0,0.0,0.0,-0.5337291955947876,True,nan,False,8.572596925660037e-07,0.01
gpomdp_reward_only,715,497,485950,0.0,False,80.85846710205078,1.502236008644104,0.0,80.85846710205078,1199.0985107421875,0.0,0.0,0.0,0.0908675417304039,True,nan,False,2.846287770807976e-06,0.01
gpomdp_reward_only,715,498,486712,0.0,False,107.45293426513672,1.5501807928085327,0.0,107.45293426513672,1123.439208984375,0.0,0.0,0.0,-0.10328762978315353,True,nan,False,4.3158431140000175e-07,0.01
gpomdp_reward_only,715,499,487455,0.0,False,156.56532287597656,1.4821553230285645,0.0,156.56532287597656,851.7312622070312,0.0,0.0,0.0,-0.14470237493515015,True,nan,False,8.058224011620041e-06,0.01
gpomdp_reward_only,715,500,488045,0.0,False,49.55515670776367,1.5412838459014893,0.0,49.55515670776367,1893.6976318359375,0.0,0.0,0.0,0.2145843803882599,True,nan,False,3.814805950241862e-06,0.01
gpomdp_reward_only,715,501,488859,0.0,False,107.43749237060547,1.5644534826278687,0.0,107.43749237060547,1971.8975830078125,0.0,0.0,0.0,-0.07495984435081482,True,nan,False,1.947155624293373e-06,0.01
gpomdp_reward_only,715,502,489728,0.0,False,152.3095245361328,1.4596343040466309,0.0,152.3095245361328,1396.1063232421875,0.0,0.0,0.0,-0.2547733783721924,True,nan,False,2.2322692529996857e-06,0.01
gpomdp_reward_only,715,503,490394,0.0,False,135.98411560058594,1.546581506729126,0.0,135.98411560058594,896.804443359375,0.0,0.0,0.0,0.24637366831302643,True,nan,False,2.0511647562670987e-06,0.01
gpomdp_reward_only,715,504,491172,0.0,False,190.44004821777344,1.5383182764053345,0.0,190.44004821777344,1372.064697265625,0.0,0.0,0.0,-0.11602295935153961,True,nan,False,1.3590366506832652e-05,0.01
gpomdp_reward_only,715,505,491957,0.0,False,154.4925537109375,1.483072280883789,0.0,154.4925537109375,1350.5499267578125,0.0,0.0,0.0,0.01849544048309326,True,nan,False,1.4284469216363505e-06,0.01
gpomdp_reward_only,715,506,492657,0.0,False,68.18829345703125,1.4913229942321777,0.0,68.18829345703125,985.6717529296875,0.0,0.0,0.0,-0.5371115803718567,True,nan,False,1.2943594356329413e-06,0.01
gpomdp_reward_only,715,507,493284,0.0,False,108.45980834960938,1.5055311918258667,0.0,108.45980834960938,1245.375244140625,0.0,0.0,0.0,-0.06161314994096756,True,nan,False,2.85111718767439e-06,0.01
gpomdp_reward_only,715,508,493923,0.0,False,77.47860717773438,1.5179818868637085,0.0,77.47860717773438,1220.1685791015625,0.0,0.0,0.0,0.04271918907761574,True,nan,False,5.083983978693141e-06,0.01
gpomdp_reward_only,715,509,494638,0.0,False,127.09646606445312,1.467302680015564,0.0,127.09646606445312,1002.7108764648438,0.0,0.0,0.0,0.22890357673168182,True,nan,False,4.423100108397193e-06,0.01
gpomdp_reward_only,715,510,495285,0.0,False,152.18319702148438,1.533384084701538,0.0,152.18319702148438,1493.375,0.0,0.0,0.0,-0.5553271770477295,True,nan,False,4.442301360541023e-06,0.01
gpomdp_reward_only,715,511,496015,0.0,False,185.3249053955078,1.5696322917938232,0.0,185.3249053955078,1802.15966796875,0.0,0.0,0.0,0.2387416511774063,True,nan,False,7.2530610850662924e-06,0.01
gpomdp_reward_only,715,512,496858,0.0,False,94.79496002197266,1.5712124109268188,0.0,94.79496002197266,1459.2056884765625,0.0,0.0,0.0,0.6045293211936951,True,nan,False,7.813830961822532e-06,0.01
gpomdp_reward_only,715,513,497670,0.0,False,106.48888397216797,1.5650227069854736,0.0,106.48888397216797,1021.4204711914062,0.0,0.0,0.0,-0.05576050654053688,True,nan,False,1.8325414430364617e-06,0.01
gpomdp_reward_only,715,514,498409,0.0,False,94.21553039550781,1.5788177251815796,0.0,94.21553039550781,1114.1806640625,0.0,0.0,0.0,0.1483798623085022,True,nan,False,4.661704679165268e-06,0.01
gpomdp_reward_only,715,515,499139,0.0,False,147.00860595703125,1.5189554691314697,0.0,147.00860595703125,1258.6651611328125,0.0,0.0,0.0,0.2827781140804291,True,nan,False,3.2136106256075436e-06,0.01
gpomdp_reward_only,715,516,499794,0.0,False,148.32199096679688,1.529226303100586,0.0,148.32199096679688,1473.8272705078125,0.0,0.0,0.0,-0.10819198191165924,True,nan,False,1.1349842679919675e-05,0.01
gpomdp_reward_only,715,517,500518,0.0,False,88.38224029541016,1.5214896202087402,0.0,88.38224029541016,1163.04736328125,0.0,0.0,0.0,-0.3444046676158905,True,nan,False,8.157931915775407e-06,0.01
gpomdp_reward_only,715,518,501241,0.0,False,46.463714599609375,1.5021919012069702,0.0,46.463714599609375,1214.53173828125,0.0,0.0,0.0,0.4797051250934601,True,nan,False,7.836858458176721e-06,0.01
gpomdp_reward_only,715,519,501914,0.0,False,116.91935729980469,1.5492355823516846,0.0,116.91935729980469,1058.9073486328125,0.0,0.0,0.0,0.5875283479690552,True,nan,False,3.949767233279999e-06,0.01
gpomdp_reward_only,715,520,502610,0.0,False,84.2385482788086,1.563706398010254,0.0,84.2385482788086,1532.0714111328125,0.0,0.0,0.0,-0.11819691210985184,True,nan,False,9.978433581636637e-07,0.01
gpomdp_reward_only,715,521,503454,0.0,False,128.20809936523438,1.5298620462417603,0.0,128.20809936523438,1277.515380859375,0.0,0.0,0.0,-0.10596086829900742,True,nan,False,3.3951766909012804e-06,0.01
gpomdp_reward_only,715,522,504237,0.0,False,140.68136596679688,1.506669521331787,0.0,140.68136596679688,1329.601318359375,0.0,0.0,0.0,-0.09384752810001373,True,nan,False,5.47489753444097e-06,0.01
gpomdp_reward_only,715,523,504923,0.0,False,94.94703674316406,1.554851770401001,0.0,94.94703674316406,1329.0037841796875,0.0,0.0,0.0,0.31717902421951294,True,nan,False,5.917345333728008e-06,0.01
gpomdp_reward_only,715,524,505662,0.0,False,93.16481018066406,1.5089263916015625,0.0,93.16481018066406,1006.834228515625,0.0,0.0,0.0,-0.30891960859298706,True,nan,False,8.170094588422216e-06,0.01
gpomdp_reward_only,715,525,506317,0.0,False,114.11335754394531,1.5357599258422852,0.0,114.11335754394531,1411.8387451171875,0.0,0.0,0.0,0.1420675665140152,True,nan,False,1.4158779777062591e-05,0.01
gpomdp_reward_only,715,526,507047,0.0,False,66.2649154663086,1.5061252117156982,0.0,66.2649154663086,1081.041259765625,0.0,0.0,0.0,0.23163247108459473,True,nan,False,1.592101398273371e-05,0.01
gpomdp_reward_only,715,527,507716,0.0,False,157.01376342773438,1.6113083362579346,0.0,157.01376342773438,1888.0855712890625,0.0,0.0,0.0,-0.1130671352148056,True,nan,False,1.7971076886169612e-05,0.01
gpomdp_reward_only,715,528,508592,0.0,False,68.91650390625,1.521449327468872,0.0,68.91650390625,1592.657958984375,0.0,0.0,0.0,-0.6010887026786804,True,nan,False,2.43474860326387e-05,0.01
gpomdp_reward_only,715,529,509325,0.0,False,41.51343536376953,1.5134180784225464,0.0,41.51343536376953,978.5145874023438,0.0,0.0,0.0,0.14905720949172974,True,nan,False,1.9491544662741944e-05,0.01
gpomdp_reward_only,715,530,510003,0.0,False,66.50521850585938,1.5287224054336548,0.0,66.50521850585938,1209.31005859375,0.0,0.0,0.0,-0.3290524482727051,True,nan,False,1.543704820505809e-05,0.01
gpomdp_reward_only,715,531,510687,0.0,False,100.72592163085938,1.6123400926589966,0.0,100.72592163085938,1987.2435302734375,0.0,0.0,0.0,0.15068453550338745,True,nan,False,9.749519449542277e-06,0.01
gpomdp_reward_only,715,532,511549,0.0,False,77.60292053222656,1.5109835863113403,0.0,77.60292053222656,1185.59521484375,0.0,0.0,0.0,-0.46583038568496704,True,nan,False,1.6320656868629158e-05,0.01
gpomdp_reward_only,715,533,512166,0.0,False,108.92382049560547,1.4925175905227661,0.0,108.92382049560547,1097.26611328125,0.0,0.0,0.0,-0.16726861894130707,True,nan,False,2.256326661154162e-05,0.01
gpomdp_reward_only,715,534,512829,0.0,False,93.89142608642578,1.528631567955017,0.0,93.89142608642578,1238.0877685546875,0.0,0.0,0.0,0.1619359701871872,True,nan,False,1.6217436495935544e-05,0.01
gpomdp_reward_only,715,535,513534,0.0,False,91.0955581665039,1.543564796447754,0.0,91.0955581665039,1256.408447265625,0.0,0.0,0.0,0.2756326198577881,True,nan,False,2.1141722754691727e-05,0.01
gpomdp_reward_only,715,536,514239,0.0,False,57.162384033203125,1.5551488399505615,0.0,57.162384033203125,1111.9144287109375,0.0,0.0,0.0,-0.2561337947845459,True,nan,False,1.738124410621822e-05,0.01
gpomdp_reward_only,715,537,514942,0.0,False,51.4925422668457,1.5276844501495361,0.0,51.4925422668457,1055.736328125,0.0,0.0,0.0,-0.44793304800987244,True,nan,False,1.4939935681468341e-05,0.01
gpomdp_reward_only,715,538,515594,0.0,False,62.49092102050781,1.5466641187667847,0.0,62.49092102050781,1103.8193359375,0.0,0.0,0.0,0.08621632307767868,True,nan,False,1.564625563332811e-05,0.01
gpomdp_reward_only,715,539,516274,0.0,False,112.90074920654297,1.6025408506393433,0.0,112.90074920654297,1528.1734619140625,0.0,0.0,0.0,0.1052965372800827,True,nan,False,5.7943839237850625e-06,0.01
gpomdp_reward_only,715,540,517049,0.0,False,89.48214721679688,1.5980294942855835,0.0,89.48214721679688,1439.944091796875,0.0,0.0,0.0,0.384230375289917,True,nan,False,8.51567256177077e-06,0.01
gpomdp_reward_only,715,541,517783,0.0,False,68.56494140625,1.5372192859649658,0.0,68.56494140625,1531.443115234375,0.0,0.0,0.0,-0.24834012985229492,True,nan,False,7.123365321604069e-06,0.01
gpomdp_reward_only,715,542,518563,0.0,False,83.29751586914062,1.5682399272918701,0.0,83.29751586914062,1176.6434326171875,0.0,0.0,0.0,0.14944060146808624,True,nan,False,9.261674676963594e-06,0.01
gpomdp_reward_only,715,543,519338,0.0,False,68.70050048828125,1.5233055353164673,0.0,68.70050048828125,1119.98388671875,0.0,0.0,0.0,0.04119357094168663,True,nan,False,6.178182502480922e-06,0.01
gpomdp_reward_only,715,544,519985,0.0,False,62.602962493896484,1.4893525838851929,0.0,62.602962493896484,1010.2491455078125,0.0,0.0,0.0,-0.639805018901825,True,nan,False,5.845577561558457e-06,0.01
gpomdp_reward_only,715,545,520629,0.0,False,84.44916534423828,1.5033016204833984,0.0,84.44916534423828,1256.4007568359375,0.0,0.0,0.0,-0.20484109222888947,True,nan,False,2.974745257233735e-06,0.01
gpomdp_reward_only,715,546,521311,0.0,False,181.5701141357422,1.5465853214263916,0.0,181.5701141357422,1568.405029296875,0.0,0.0,0.0,-0.1430785357952118,True,nan,False,9.415513886779081e-06,0.01
gpomdp_reward_only,715,547,522062,0.0,False,71.58106231689453,1.658607840538025,0.0,71.58106231689453,1463.317138671875,0.0,0.0,0.0,-0.617226243019104,True,nan,False,7.361048574239248e-06,0.01
gpomdp_reward_only,715,548,522878,0.0,False,151.514892578125,1.585932731628418,0.0,151.514892578125,1952.14892578125,0.0,0.0,0.0,-0.385776549577713,True,nan,False,8.66630671225721e-06,0.01
gpomdp_reward_only,715,549,523853,0.0,False,98.46353149414062,1.5230908393859863,0.0,98.46353149414062,1091.6219482421875,0.0,0.0,0.0,-0.13216671347618103,True,nan,False,1.5347768567153253e-05,0.01
gpomdp_reward_only,715,550,524551,0.0,False,114.94324493408203,1.5068291425704956,0.0,114.94324493408203,895.6347045898438,0.0,0.0,0.0,0.09348306804895401,True,nan,False,1.2134484677517321e-05,0.01
gpomdp_reward_only,715,551,525232,0.0,False,79.08149719238281,1.513269305229187,0.0,79.08149719238281,1038.796630859375,0.0,0.0,0.0,-0.3634127378463745,True,nan,False,1.1905460269190371e-05,0.01
gpomdp_reward_only,715,552,525888,0.0,False,152.65194702148438,1.6247544288635254,0.0,152.65194702148438,1309.6468505859375,0.0,0.0,0.0,0.1399514377117157,True,nan,False,1.9963999875471927e-05,0.01
gpomdp_reward_only,715,553,526718,0.0,False,54.09733200073242,1.546128749847412,0.0,54.09733200073242,982.0919189453125,0.0,0.0,0.0,0.36460018157958984,True,nan,False,1.4486050531559158e-05,0.01
gpomdp_reward_only,715,554,527362,0.0,False,64.2900619506836,1.5304088592529297,0.0,64.2900619506836,874.0780029296875,0.0,0.0,0.0,0.1287550926208496,True,nan,False,1.7315311197307892e-05,0.01
gpomdp_reward_only,715,555,527997,0.0,False,87.19723510742188,1.5061191320419312,0.0,87.19723510742188,874.4685668945312,0.0,0.0,0.0,-0.3491380214691162,True,nan,False,2.525987474655267e-05,0.01
gpomdp_reward_only,715,556,528609,0.0,False,115.29312133789062,1.5376200675964355,0.0,115.29312133789062,1238.9093017578125,0.0,0.0,0.0,0.2808593511581421,True,nan,False,2.451269028824754e-05,0.01
gpomdp_reward_only,715,557,529346,0.0,False,76.70541381835938,1.5456582307815552,0.0,76.70541381835938,1243.493896484375,0.0,0.0,0.0,-0.5026699304580688,True,nan,False,1.7113952708314173e-05,0.01
gpomdp_reward_only,715,558,530078,0.0,False,59.450927734375,1.5323747396469116,0.0,59.450927734375,1057.0653076171875,0.0,0.0,0.0,0.25594305992126465,True,nan,False,1.5785662981215864e-05,0.01
gpomdp_reward_only,715,559,530789,0.0,False,51.528900146484375,1.5122120380401611,0.0,51.528900146484375,878.5160522460938,0.0,0.0,0.0,-0.7292283773422241,True,nan,False,1.7518046661280096e-05,0.01
gpomdp_reward_only,715,560,531444,0.0,False,105.78011322021484,1.526646614074707,0.0,105.78011322021484,1354.466796875,0.0,0.0,0.0,-0.19249042868614197,True,nan,False,2.2446431103162467e-05,0.01
gpomdp_reward_only,715,561,532188,0.0,False,113.44902038574219,1.521891713142395,0.0,113.44902038574219,1333.6326904296875,0.0,0.0,0.0,-0.43599262833595276,True,nan,False,2.9858638299629092e-05,0.01
gpomdp_reward_only,715,562,532908,0.0,False,81.57381439208984,1.5329234600067139,0.0,81.57381439208984,956.3416748046875,0.0,0.0,0.0,0.1465614289045334,True,nan,False,2.8917596864630468e-05,0.01
gpomdp_reward_only,715,563,533524,0.0,False,45.830963134765625,1.5198326110839844,0.0,45.830963134765625,1045.5341796875,0.0,0.0,0.0,-0.3633984327316284,True,nan,False,3.181557622156106e-05,0.01
gpomdp_reward_only,715,564,534157,0.0,False,196.15670776367188,1.6397805213928223,0.0,196.15670776367188,2201.44580078125,0.0,0.0,0.0,-0.258879691362381,True,nan,False,2.558919550210703e-05,0.01
gpomdp_reward_only,715,565,535295,0.0,False,95.86292266845703,1.4952689409255981,0.0,95.86292266845703,936.0695190429688,0.0,0.0,0.0,0.21661145985126495,True,nan,False,4.8979280109051615e-05,0.01
gpomdp_reward_only,715,566,535953,0.0,False,46.74359893798828,1.525610327720642,0.0,46.74359893798828,896.09521484375,0.0,0.0,0.0,0.4856421947479248,True,nan,False,3.291459506726824e-05,0.01
gpomdp_reward_only,715,567,536617,0.0,False,44.22407531738281,1.500731110572815,0.0,44.22407531738281,804.7470092773438,0.0,0.0,0.0,-0.042294327169656754,True,nan,False,2.458388735249173e-05,0.01
gpomdp_reward_only,715,568,537262,0.0,False,71.02692413330078,1.5320218801498413,0.0,71.02692413330078,1035.8382568359375,0.0,0.0,0.0,0.2939073443412781,True,nan,False,2.523948933230713e-05,0.01
gpomdp_reward_only,715,569,537910,0.0,False,84.12687683105469,1.5296311378479004,0.0,84.12687683105469,972.5223999023438,0.0,0.0,0.0,-0.3926875591278076,True,nan,False,3.2973315683193505e-05,0.01
gpomdp_reward_only,715,570,538576,0.0,False,107.10212707519531,1.5376121997833252,0.0,107.10212707519531,825.9320068359375,0.0,0.0,0.0,0.09950117021799088,True,nan,False,4.3194351746933535e-05,0.01
gpomdp_reward_only,715,571,539209,0.0,False,95.77873229980469,1.538766622543335,0.0,95.77873229980469,1519.064208984375,0.0,0.0,0.0,0.10145315527915955,True,nan,False,4.732247907668352e-05,0.01
gpomdp_reward_only,715,572,539873,0.0,False,249.1234588623047,1.6957366466522217,0.0,249.1234588623047,1652.81005859375,0.0,0.0,0.0,-0.1033434346318245,True,nan,False,3.464949986664578e-05,0.01
gpomdp_reward_only,715,573,540812,0.0,False,151.47412109375,1.5813677310943604,0.0,151.47412109375,1234.368408203125,0.0,0.0,0.0,-0.034515850245952606,True,nan,False,2.1198138711042702e-05,0.01
gpomdp_reward_only,715,574,541572,0.0,False,81.9838638305664,1.5479527711868286,0.0,81.9838638305664,1157.197265625,0.0,0.0,0.0,0.05887960270047188,True,nan,False,1.6899668480618857e-05,0.01
gpomdp_reward_only,715,575,542246,0.0,False,80.04863739013672,1.5338681936264038,0.0,80.04863739013672,1358.1864013671875,0.0,0.0,0.0,0.03228912875056267,True,nan,False,1.947253622347489e-05,0.01
gpomdp_reward_only,715,576,542906,0.0,False,74.67794036865234,1.5558531284332275,0.0,74.67794036865234,1292.293212890625,0.0,0.0,0.0,-0.38227421045303345,True,nan,False,1.2283987416594755e-05,0.01
gpomdp_reward_only,715,577,543558,0.0,False,137.96844482421875,1.528944730758667,0.0,137.96844482421875,1014.17626953125,0.0,0.0,0.0,0.1670156866312027,True,nan,False,1.0396731340733822e-05,0.01
gpomdp_reward_only,715,578,544272,0.0,False,138.37808227539062,1.7732027769088745,0.0,138.37808227539062,1990.8275146484375,0.0,0.0,0.0,-0.1938200742006302,True,nan,False,3.9536198528367095e-06,0.01
gpomdp_reward_only,715,579,545336,0.0,False,127.83414459228516,1.5270357131958008,0.0,127.83414459228516,978.3394165039062,0.0,0.0,0.0,-0.2596937417984009,True,nan,False,1.4851775631541386e-05,0.01
gpomdp_reward_only,715,580,545963,0.0,False,55.71544647216797,1.5201225280761719,0.0,55.71544647216797,1172.7607421875,0.0,0.0,0.0,0.3661419451236725,True,nan,False,1.79619401023956e-05,0.01
gpomdp_reward_only,715,581,546624,0.0,False,57.1815071105957,1.5437192916870117,0.0,57.1815071105957,874.1267700195312,0.0,0.0,0.0,0.4558779299259186,True,nan,False,1.1914868991880212e-05,0.01
gpomdp_reward_only,715,582,547334,0.0,False,28.425891876220703,1.5079545974731445,0.0,28.425891876220703,1066.8255615234375,0.0,0.0,0.0,0.3082738220691681,True,nan,False,1.2618695109267719e-05,0.01
gpomdp_reward_only,715,583,547954,0.0,False,133.0517120361328,1.536429762840271,0.0,133.0517120361328,982.6436157226562,0.0,0.0,0.0,-0.2604890465736389,True,nan,False,1.972858444787562e-05,0.01
gpomdp_reward_only,715,584,548650,0.0,False,139.9896697998047,1.6382611989974976,0.0,139.9896697998047,1485.9937744140625,0.0,0.0,0.0,-0.6028453707695007,True,nan,False,1.4013278814672958e-05,0.01
gpomdp_reward_only,715,585,549463,0.0,False,91.88453674316406,1.5373843908309937,0.0,91.88453674316406,1429.5518798828125,0.0,0.0,0.0,0.35465747117996216,True,nan,False,1.6038289686548524e-05,0.01
gpomdp_reward_only,715,586,550154,0.0,False,149.94142150878906,1.5570862293243408,0.0,149.94142150878906,1259.5528564453125,0.0,0.0,0.0,0.3650796413421631,True,nan,False,1.2307334145589266e-05,0.01
gpomdp_reward_only,715,587,550892,0.0,False,93.14448547363281,1.5459833145141602,0.0,93.14448547363281,1212.55859375,0.0,0.0,0.0,0.11848391592502594,True,nan,False,6.914101959409891e-06,0.01
gpomdp_reward_only,715,588,551610,0.0,False,51.24553680419922,1.5173529386520386,0.0,51.24553680419922,1204.3228759765625,0.0,0.0,0.0,-0.18714264035224915,True,nan,False,5.09138089910266e-06,0.01
gpomdp_reward_only,715,589,552324,0.0,False,102.83470916748047,1.4933123588562012,0.0,102.83470916748047,1184.2498779296875,0.0,0.0,0.0,-0.30793672800064087,True,nan,False,1.5257957102221553e-06,0.01
gpomdp_reward_only,715,590,553004,0.0,False,77.26959228515625,1.5396262407302856,0.0,77.26959228515625,1315.6646728515625,0.0,0.0,0.0,-0.09235383570194244,True,nan,False,1.3321811138666817e-06,0.01
gpomdp_reward_only,715,591,553667,0.0,False,171.72291564941406,1.5878523588180542,0.0,171.72291564941406,1255.9405517578125,0.0,0.0,0.0,0.052100442349910736,True,nan,False,4.945839009451447e-06,0.01
gpomdp_reward_only,715,592,554477,0.0,False,132.50912475585938,1.5110706090927124,0.0,132.50912475585938,1104.60400390625,0.0,0.0,0.0,0.09108296781778336,True,nan,False,2.4375476641580462e-06,0.01
gpomdp_reward_only,715,593,555172,0.0,False,93.0204849243164,1.5395803451538086,0.0,93.0204849243164,861.3179321289062,0.0,0.0,0.0,-0.28421464562416077,True,nan,False,1.812916934795794e-06,0.01
gpomdp_reward_only,715,594,555819,0.0,False,98.81683349609375,1.534881830215454,0.0,98.81683349609375,965.0299072265625,0.0,0.0,0.0,-0.26551517844200134,True,nan,False,4.5346278056968e-06,0.01
gpomdp_reward_only,715,595,556511,0.0,False,106.90345764160156,1.508644461631775,0.0,106.90345764160156,1157.3575439453125,0.0,0.0,0.0,-0.07319897413253784,True,nan,False,1.126620190916583e-05,0.01
gpomdp_reward_only,715,596,557191,0.0,False,115.50228881835938,1.5199376344680786,0.0,115.50228881835938,1133.46923828125,0.0,0.0,0.0,0.06527969986200333,True,nan,False,8.411664566665422e-06,0.01
gpomdp_reward_only,715,597,557851,0.0,False,117.09367370605469,1.5330915451049805,0.0,117.09367370605469,949.6605834960938,0.0,0.0,0.0,0.12789955735206604,True,nan,False,5.024370693718083e-06,0.01
gpomdp_reward_only,715,598,558460,0.0,False,64.12409973144531,1.558095097541809,0.0,64.12409973144531,866.5738525390625,0.0,0.0,0.0,-0.028137490153312683,True,nan,False,4.327115220803535e-06,0.01
gpomdp_reward_only,715,599,559134,0.0,False,79.20635986328125,1.5461673736572266,0.0,79.20635986328125,1205.3067626953125,0.0,0.0,0.0,0.06241479143500328,True,nan,False,4.8917054300545715e-06,0.01
gpomdp_reward_only,715,600,559803,0.0,False,60.17155075073242,1.553321123123169,0.0,60.17155075073242,1169.05322265625,0.0,0.0,0.0,-0.15579919517040253,True,nan,False,4.7799808271520305e-06,0.01
gpomdp_reward_only,715,601,560485,0.0,False,125.57676696777344,1.5708696842193604,0.0,125.57676696777344,1662.21923828125,0.0,0.0,0.0,-0.04907515272498131,True,nan,False,9.765074537426699e-06,0.01
gpomdp_reward_only,715,602,561286,0.0,False,71.9327163696289,1.5187469720840454,0.0,71.9327163696289,1017.5037841796875,0.0,0.0,0.0,-0.019750213250517845,True,nan,False,3.96815312342369e-06,0.01
gpomdp_reward_only,715,603,561934,0.0,False,131.6426544189453,1.5777864456176758,0.0,131.6426544189453,1190.837890625,0.0,0.0,0.0,0.11962110549211502,True,nan,False,8.497272574459203e-06,0.01
gpomdp_reward_only,715,604,562716,0.0,False,65.0823974609375,1.531632900238037,0.0,65.0823974609375,1232.3193359375,0.0,0.0,0.0,0.14678393304347992,True,nan,False,6.109865807957249e-06,0.01
gpomdp_reward_only,715,605,563359,0.0,False,61.73506546020508,1.5734812021255493,0.0,61.73506546020508,1152.45849609375,0.0,0.0,0.0,-0.24653974175453186,True,nan,False,6.7460196078172885e-06,0.01
gpomdp_reward_only,715,606,564051,0.0,False,62.339271545410156,1.5230350494384766,0.0,62.339271545410156,1462.6988525390625,0.0,0.0,0.0,-0.44846224784851074,True,nan,False,5.5899686230986845e-06,0.01
gpomdp_reward_only,715,607,564725,0.0,False,43.31605911254883,1.54944908618927,0.0,43.31605911254883,980.7015380859375,0.0,0.0,0.0,0.2450629025697708,True,nan,False,4.382241968414746e-06,0.01
gpomdp_reward_only,715,608,565352,0.0,False,77.61283111572266,1.519667625427246,0.0,77.61283111572266,1041.3428955078125,0.0,0.0,0.0,0.37014663219451904,True,nan,False,3.7810063986398745e-06,0.01
gpomdp_reward_only,715,609,565995,0.0,False,43.06338882446289,1.5275603532791138,0.0,43.06338882446289,859.3574829101562,0.0,0.0,0.0,-0.3208175301551819,True,nan,False,1.7687139006739017e-06,0.01
gpomdp_reward_only,715,610,566625,0.0,False,69.46368408203125,1.5059072971343994,0.0,69.46368408203125,921.0391845703125,0.0,0.0,0.0,-0.1872204840183258,True,nan,False,3.507615701892064e-06,0.01
gpomdp_reward_only,715,611,567237,0.0,False,104.07714080810547,1.5365166664123535,0.0,104.07714080810547,1023.6552734375,0.0,0.0,0.0,0.2642379701137543,True,nan,False,6.095026492403122e-06,0.01
gpomdp_reward_only,715,612,567874,0.0,False,88.20565795898438,1.5510720014572144,0.0,88.20565795898438,939.7691650390625,0.0,0.0,0.0,0.014513164758682251,True,nan,False,2.732194616328343e-06,0.01
gpomdp_reward_only,715,613,568567,0.0,False,89.48492431640625,1.570206880569458,0.0,89.48492431640625,1499.3848876953125,0.0,0.0,0.0,0.24580830335617065,True,nan,False,7.054334673739504e-06,0.01
gpomdp_reward_only,715,614,569361,0.0,False,73.23178100585938,1.5787681341171265,0.0,73.23178100585938,1150.76953125,0.0,0.0,0.0,0.03554726764559746,True,nan,False,6.07981564826332e-06,0.01
gpomdp_reward_only,715,615,570146,0.0,False,82.45008850097656,1.5351039171218872,0.0,82.45008850097656,1501.3333740234375,0.0,0.0,0.0,-0.19780832529067993,True,nan,False,2.8099261726310942e-06,0.01
gpomdp_reward_only,715,616,570846,0.0,False,83.47725677490234,1.5562245845794678,0.0,83.47725677490234,924.205078125,0.0,0.0,0.0,-0.1091819778084755,True,nan,False,3.547188271113555e-06,0.01
gpomdp_reward_only,715,617,571506,0.0,False,72.52952575683594,1.5361652374267578,0.0,72.52952575683594,1222.8089599609375,0.0,0.0,0.0,0.09053005278110504,True,nan,False,3.733646281034453e-06,0.01
gpomdp_reward_only,715,618,572180,0.0,False,116.53929138183594,1.5278860330581665,0.0,116.53929138183594,1256.6988525390625,0.0,0.0,0.0,-0.03422849625349045,True,nan,False,1.1992063264187891e-05,0.01
gpomdp_reward_only,715,619,572826,0.0,False,69.49452209472656,1.5518171787261963,0.0,69.49452209472656,1092.334716796875,0.0,0.0,0.0,-0.5729829668998718,True,nan,False,4.531325885182014e-06,0.01
gpomdp_reward_only,715,620,573519,0.0,False,85.38440704345703,1.5188241004943848,0.0,85.38440704345703,854.066162109375,0.0,0.0,0.0,0.16345936059951782,True,nan,False,9.416596185474191e-06,0.01
gpomdp_reward_only,715,621,574142,0.0,False,84.91973114013672,1.570695161819458,0.0,84.91973114013672,1707.6591796875,0.0,0.0,0.0,0.33698931336402893,True,nan,False,1.1118431757495273e-05,0.01
gpomdp_reward_only,715,622,574882,0.0,False,158.9180450439453,1.5417139530181885,0.0,158.9180450439453,1045.572509765625,0.0,0.0,0.0,0.2719193398952484,True,nan,False,2.3866155970608816e-05,0.01
gpomdp_reward_only,715,623,575594,0.0,False,61.624813079833984,1.5387535095214844,0.0,61.624813079833984,1242.488037109375,0.0,0.0,0.0,-0.35922136902809143,True,nan,False,2.5045816073543392e-05,0.01
gpomdp_reward_only,715,624,576326,0.0,False,27.409454345703125,1.545096516609192,0.0,27.409454345703125,953.1317749023438,0.0,0.0,0.0,0.39104709029197693,True,nan,False,1.8604594515636563e-05,0.01
gpomdp_reward_only,715,625,576954,0.0,False,98.31792449951172,1.5499926805496216,0.0,98.31792449951172,1122.0335693359375,0.0,0.0,0.0,-0.050462402403354645,True,nan,False,8.298846296384e-06,0.01
gpomdp_reward_only,715,626,577657,0.0,False,134.9314422607422,1.542415738105774,0.0,134.9314422607422,1127.330078125,0.0,0.0,0.0,0.14194150269031525,True,nan,False,3.4464858345018e-06,0.01
gpomdp_reward_only,715,627,578383,0.0,False,72.82039642333984,1.5444505214691162,0.0,72.82039642333984,1060.3590087890625,0.0,0.0,0.0,0.5845192670822144,True,nan,False,7.030438155197771e-06,0.01
gpomdp_reward_only,715,628,579067,0.0,False,92.26465606689453,1.5704518556594849,0.0,92.26465606689453,1410.5501708984375,0.0,0.0,0.0,-0.18464994430541992,True,nan,False,5.383526968216756e-06,0.01
gpomdp_reward_only,715,629,579783,0.0,False,154.8541717529297,1.5766456127166748,0.0,154.8541717529297,1333.4874267578125,0.0,0.0,0.0,-0.11681991070508957,True,nan,False,1.2038409295200836e-05,0.01
gpomdp_reward_only,715,630,580551,0.0,False,98.70845794677734,1.5439103841781616,0.0,98.70845794677734,929.193115234375,0.0,0.0,0.0,-0.12732726335525513,True,nan,False,7.3631308623589575e-06,0.01
gpomdp_reward_only,715,631,581231,0.0,False,145.5793914794922,1.5659326314926147,0.0,145.5793914794922,1067.1697998046875,0.0,0.0,0.0,-0.11679308116436005,True,nan,False,1.9718090698006563e-05,0.01
gpomdp_reward_only,715,632,582008,0.0,False,164.18569946289062,1.6869245767593384,0.0,164.18569946289062,2208.492919921875,0.0,0.0,0.0,-0.06146799400448799,True,nan,False,2.472167761879973e-05,0.01
gpomdp_reward_only,715,633,582892,0.0,False,125.27825927734375,1.5443730354309082,0.0,125.27825927734375,1388.22021484375,0.0,0.0,0.0,0.06194441393017769,True,nan,False,1.7069211025955155e-05,0.01
gpomdp_reward_only,715,634,583601,0.0,False,84.0741958618164,1.5305650234222412,0.0,84.0741958618164,703.1144409179688,0.0,0.0,0.0,0.3875249922275543,True,nan,False,2.3460717784473673e-05,0.01
gpomdp_reward_only,715,635,584257,0.0,False,77.58527374267578,1.5390528440475464,0.0,77.58527374267578,1225.0904541015625,0.0,0.0,0.0,0.3934214115142822,True,nan,False,1.8534326954977587e-05,0.01
gpomdp_reward_only,715,636,584936,0.0,False,88.80033874511719,1.5476701259613037,0.0,88.80033874511719,1008.2843017578125,0.0,0.0,0.0,-0.20929668843746185,True,nan,False,1.2983666238142177e-05,0.01
gpomdp_reward_only,715,637,585616,0.0,False,46.2370719909668,1.509898066520691,0.0,46.2370719909668,819.5757446289062,0.0,0.0,0.0,-0.2515037953853607,True,nan,False,1.2612154023372568e-05,0.01
gpomdp_reward_only,715,638,586266,0.0,False,100.02084350585938,1.565724492073059,0.0,100.02084350585938,1445.6201171875,0.0,0.0,0.0,-0.2837148904800415,True,nan,False,1.2249913197592832e-05,0.01
gpomdp_reward_only,715,639,587010,0.0,False,41.171607971191406,1.545695424079895,0.0,41.171607971191406,1319.017822265625,0.0,0.0,0.0,0.010886259377002716,True,nan,False,9.560275429976173e-06,0.01
gpomdp_reward_only,715,640,587655,0.0,False,60.076751708984375,1.6266225576400757,0.0,60.076751708984375,1752.503662109375,0.0,0.0,0.0,0.05520438030362129,True,nan,False,4.0688446460990235e-06,0.01
gpomdp_reward_only,715,641,588519,0.0,False,96.87985229492188,1.5799366235733032,0.0,96.87985229492188,1330.202880859375,0.0,0.0,0.0,-0.05939134955406189,True,nan,False,7.63509888201952e-06,0.01
gpomdp_reward_only,715,642,589255,0.0,False,100.07433319091797,1.5683860778808594,0.0,100.07433319091797,1680.6083984375,0.0,0.0,0.0,0.13293707370758057,True,nan,False,4.391500624478795e-06,0.01
gpomdp_reward_only,715,643,590016,0.0,False,173.0044708251953,1.6231210231781006,0.0,173.0044708251953,1728.479736328125,0.0,0.0,0.0,-0.112822026014328,True,nan,False,4.642202839022502e-06,0.01
gpomdp_reward_only,715,644,590888,0.0,False,62.3864860534668,1.5247735977172852,0.0,62.3864860534668,918.0096435546875,0.0,0.0,0.0,0.07102418690919876,True,nan,False,6.930020390427671e-06,0.01
gpomdp_reward_only,715,645,591543,0.0,False,84.15548706054688,1.6048895120620728,0.0,84.15548706054688,1985.9505615234375,0.0,0.0,0.0,-0.09454339742660522,True,nan,False,8.565154530515429e-06,0.01
gpomdp_reward_only,715,646,592330,0.0,False,100.09255981445312,1.5319901704788208,0.0,100.09255981445312,1116.0438232421875,0.0,0.0,0.0,0.07834380120038986,True,nan,False,1.680067362030968e-05,0.01
gpomdp_reward_only,715,647,592995,0.0,False,60.608375549316406,1.53159761428833,0.0,60.608375549316406,814.5736694335938,0.0,0.0,0.0,-0.05763464793562889,True,nan,False,1.476494344387902e-05,0.01
gpomdp_reward_only,715,648,593600,0.0,False,90.42674255371094,1.5751073360443115,0.0,90.42674255371094,1777.5826416015625,0.0,0.0,0.0,-0.21667899191379547,True,nan,False,1.4347526303026825e-05,0.01
gpomdp_reward_only,715,649,594375,0.0,False,89.87439727783203,1.568063497543335,0.0,89.87439727783203,1537.2685546875,0.0,0.0,0.0,-0.17303594946861267,True,nan,False,6.398775440175086e-06,0.01
gpomdp_reward_only,715,650,595148,0.0,False,54.87834930419922,1.5629875659942627,0.0,54.87834930419922,1054.0980224609375,0.0,0.0,0.0,0.5068394541740417,True,nan,False,6.84712040310842e-06,0.01
gpomdp_reward_only,715,651,595878,0.0,False,39.06730651855469,1.5326588153839111,0.0,39.06730651855469,981.2845458984375,0.0,0.0,0.0,-0.6312670111656189,True,nan,False,7.290813755389536e-06,0.01
gpomdp_reward_only,715,652,596506,0.0,False,48.55414962768555,1.5454577207565308,0.0,48.55414962768555,1254.1529541015625,0.0,0.0,0.0,0.16274377703666687,True,nan,False,5.039017651142785e-06,0.01
gpomdp_reward_only,715,653,597132,0.0,False,99.55476379394531,1.5470292568206787,0.0,99.55476379394531,754.0674438476562,0.0,0.0,0.0,0.21811847388744354,True,nan,False,2.905964038291131e-06,0.01
gpomdp_reward_only,715,654,597824,0.0,False,98.86071014404297,1.5107592344284058,0.0,98.86071014404297,921.2938232421875,0.0,0.0,0.0,0.20520806312561035,True,nan,False,9.216224498231895e-06,0.01
gpomdp_reward_only,715,655,598438,0.0,False,73.15513610839844,1.6363723278045654,0.0,73.15513610839844,2377.27880859375,0.0,0.0,0.0,0.40952008962631226,True,nan,False,5.422873528004857e-06,0.01
gpomdp_reward_only,715,656,599542,0.0,False,45.09880447387695,1.5631717443466187,0.0,45.09880447387695,1277.406494140625,0.0,0.0,0.0,-0.42477574944496155,True,nan,False,5.940816663496662e-06,0.01
gpomdp_reward_only,715,657,600277,0.0,False,120.49678039550781,1.5373517274856567,0.0,120.49678039550781,1031.0390625,0.0,0.0,0.0,0.13253170251846313,True,nan,False,1.6984356989269145e-05,0.01
gpomdp_reward_only,715,658,600950,0.0,False,68.95137786865234,1.5285168886184692,0.0,68.95137786865234,874.5869750976562,0.0,0.0,0.0,-0.790242612361908,True,nan,False,1.2462796803447418e-05,0.01
gpomdp_reward_only,715,659,601593,0.0,False,138.52874755859375,1.5266739130020142,0.0,138.52874755859375,1143.45654296875,0.0,0.0,0.0,0.08520738035440445,True,nan,False,2.9359183827182278e-05,0.01
gpomdp_reward_only,715,660,602280,0.0,False,94.720947265625,1.5314459800720215,0.0,94.720947265625,956.4268798828125,0.0,0.0,0.0,0.24562327563762665,True,nan,False,1.2097903891117312e-05,0.01
gpomdp_reward_only,715,661,602919,0.0,False,95.41747283935547,1.5507864952087402,0.0,95.41747283935547,1221.325927734375,0.0,0.0,0.0,0.671178936958313,True,nan,False,1.5514520782744512e-05,0.01
gpomdp_reward_only,715,662,603659,0.0,False,63.587608337402344,1.5165691375732422,0.0,63.587608337402344,933.5437622070312,0.0,0.0,0.0,0.3811936676502228,True,nan,False,1.8172779164160602e-05,0.01
gpomdp_reward_only,715,663,604270,0.0,False,81.82525634765625,1.5460151433944702,0.0,81.82525634765625,1211.3746337890625,0.0,0.0,0.0,-0.16086487472057343,True,nan,False,1.6097032130346633e-05,0.01
gpomdp_reward_only,715,664,604967,0.0,False,55.582950592041016,1.5425366163253784,0.0,55.582950592041016,1075.1741943359375,0.0,0.0,0.0,-0.42695164680480957,True,nan,False,1.5253052879415918e-05,0.01
gpomdp_reward_only,715,665,605685,0.0,False,81.86331176757812,1.5344860553741455,0.0,81.86331176757812,1017.0716552734375,0.0,0.0,0.0,-0.15723660588264465,True,nan,False,1.3855605175194796e-05,0.01
gpomdp_reward_only,715,666,606342,0.0,False,70.63713836669922,1.5500941276550293,0.0,70.63713836669922,892.72802734375,0.0,0.0,0.0,-0.2389710396528244,True,nan,False,1.1234398698434234e-05,0.01
gpomdp_reward_only,715,667,606984,0.0,False,53.200531005859375,1.5433173179626465,0.0,53.200531005859375,991.1405639648438,0.0,0.0,0.0,-0.1653193086385727,True,nan,False,1.0318617569282651e-05,0.01
gpomdp_reward_only,715,668,607658,0.0,False,69.34410095214844,1.5286483764648438,0.0,69.34410095214844,808.8541870117188,0.0,0.0,0.0,0.07980062812566757,True,nan,False,6.2752142184763215e-06,0.01
gpomdp_reward_only,715,669,608310,0.0,False,71.15077209472656,1.5372660160064697,0.0,71.15077209472656,1422.86328125,0.0,0.0,0.0,-0.08735641092061996,True,nan,False,2.025974936259445e-06,0.01
gpomdp_reward_only,715,670,608963,0.0,False,93.98604583740234,1.5614358186721802,0.0,93.98604583740234,1458.56689453125,0.0,0.0,0.0,-0.10741744935512543,True,nan,False,5.776514171884628e-06,0.01
gpomdp_reward_only,715,671,609718,0.0,False,65.83123016357422,1.5159897804260254,0.0,65.83123016357422,1049.7548828125,0.0,0.0,0.0,0.15422126650810242,True,nan,False,3.745586127479328e-06,0.01
gpomdp_reward_only,715,672,610364,0.0,False,158.46426391601562,1.5141342878341675,0.0,158.46426391601562,1210.798828125,0.0,0.0,0.0,-0.0722927376627922,True,nan,False,1.8232683942187577e-05,0.01
gpomdp_reward_only,715,673,611031,0.0,False,59.241943359375,1.5366230010986328,0.0,59.241943359375,1023.0375366210938,0.0,0.0,0.0,-0.3788737654685974,True,nan,False,1.117905503633665e-05,0.01
gpomdp_reward_only,715,674,611737,0.0,False,99.44959259033203,1.5220540761947632,0.0,99.44959259033203,995.3822021484375,0.0,0.0,0.0,-0.4354606866836548,True,nan,False,1.3179867892176844e-05,0.01
gpomdp_reward_only,715,675,612355,0.0,False,108.93978118896484,1.651435375213623,0.0,108.93978118896484,2102.861328125,0.0,0.0,0.0,-0.014149372465908527,True,nan,False,1.4187102351570502e-05,0.01
gpomdp_reward_only,715,676,613284,0.0,False,116.22592163085938,1.658168911933899,0.0,116.22592163085938,1464.416748046875,0.0,0.0,0.0,-0.19556878507137299,True,nan,False,2.0151373973931186e-05,0.01
gpomdp_reward_only,715,677,614132,0.0,False,91.3290786743164,1.5172672271728516,0.0,91.3290786743164,1442.390380859375,0.0,0.0,0.0,0.5118438005447388,True,nan,False,2.0933390260324813e-05,0.01
gpomdp_reward_only,715,678,614825,0.0,False,109.3093490600586,1.518115758895874,0.0,109.3093490600586,1319.828125,0.0,0.0,0.0,0.4341364800930023,True,nan,False,8.236166650021914e-06,0.01
gpomdp_reward_only,715,679,615503,0.0,False,66.00003814697266,1.5239773988723755,0.0,66.00003814697266,847.5057373046875,0.0,0.0,0.0,0.05307595431804657,True,nan,False,4.492289917834569e-06,0.01
gpomdp_reward_only,715,680,616122,0.0,False,159.02894592285156,1.521658182144165,0.0,159.02894592285156,882.7928466796875,0.0,0.0,0.0,0.16617438197135925,True,nan,False,1.954977233253885e-05,0.01
gpomdp_reward_only,715,681,616780,0.0,False,65.1451644897461,1.515519142150879,0.0,65.1451644897461,1020.2667846679688,0.0,0.0,0.0,-0.033500079065561295,True,nan,False,2.1391871996456757e-05,0.01
gpomdp_reward_only,715,682,617448,0.0,False,187.5771942138672,1.571372389793396,0.0,187.5771942138672,1292.649169921875,0.0,0.0,0.0,-0.2500750422477722,True,nan,False,3.76697630599665e-06,0.01
gpomdp_reward_only,715,683,618279,0.0,False,99.59478759765625,1.5520817041397095,0.0,99.59478759765625,1539.654296875,0.0,0.0,0.0,0.014816168695688248,True,nan,False,5.3765288612339646e-06,0.01
gpomdp_reward_only,715,684,619006,0.0,False,94.1347427368164,1.5336997509002686,0.0,94.1347427368164,1166.85009765625,0.0,0.0,0.0,0.08775215595960617,True,nan,False,2.2597228053200524e-06,0.01
gpomdp_reward_only,715,685,619666,0.0,False,65.4902114868164,1.5375665426254272,0.0,65.4902114868164,848.599609375,0.0,0.0,0.0,0.4725596606731415,True,nan,False,1.971170149772661e-06,0.01
gpomdp_reward_only,715,686,620314,0.0,False,58.07392120361328,1.514014482498169,0.0,58.07392120361328,897.2363891601562,0.0,0.0,0.0,-0.4605250656604767,True,nan,False,1.6474924677822855e-06,0.01
gpomdp_reward_only,715,687,620958,0.0,False,155.43321228027344,1.5526704788208008,0.0,155.43321228027344,1303.4478759765625,0.0,0.0,0.0,-0.2281195968389511,True,nan,False,4.791008905158378e-06,0.01
gpomdp_reward_only,715,688,621706,0.0,False,61.21955871582031,1.5538997650146484,0.0,61.21955871582031,1085.7054443359375,0.0,0.0,0.0,-0.10923659801483154,True,nan,False,4.618198545358609e-06,0.01
gpomdp_reward_only,715,689,622341,0.0,False,42.74106216430664,1.5346132516860962,0.0,42.74106216430664,870.6180419921875,0.0,0.0,0.0,0.6745970249176025,True,nan,False,4.669855115935206e-06,0.01
gpomdp_reward_only,715,690,623014,0.0,False,71.49114227294922,1.5773981809616089,0.0,71.49114227294922,1294.617919921875,0.0,0.0,0.0,0.31964534521102905,True,nan,False,3.3957026062125806e-06,0.01
gpomdp_reward_only,715,691,623742,0.0,False,36.15903854370117,1.5638036727905273,0.0,36.15903854370117,824.3795166015625,0.0,0.0,0.0,0.33136263489723206,True,nan,False,2.564847591202124e-06,0.01
gpomdp_reward_only,715,692,624442,0.0,False,90.32514190673828,1.5156546831130981,0.0,90.32514190673828,1283.3587646484375,0.0,0.0,0.0,-0.6300116777420044,True,nan,False,4.809878646483412e-06,0.01
gpomdp_reward_only,715,693,625145,0.0,False,59.26615524291992,1.5347644090652466,0.0,59.26615524291992,930.174560546875,0.0,0.0,0.0,0.04549399018287659,True,nan,False,2.6635980248101987e-06,0.01
gpomdp_reward_only,715,694,625769,0.0,False,156.64349365234375,1.6308609247207642,0.0,156.64349365234375,2086.364013671875,0.0,0.0,0.0,0.03642243891954422,True,nan,False,6.595546892640414e-06,0.01
gpomdp_reward_only,715,695,626831,0.0,False,71.14495086669922,1.582727074623108,0.0,71.14495086669922,1499.2823486328125,0.0,0.0,0.0,-0.05739548057317734,True,nan,False,1.0954613571811933e-05,0.01
gpomdp_reward_only,715,696,627669,0.0,False,72.89655303955078,1.5334044694900513,0.0,72.89655303955078,1250.903076171875,0.0,0.0,0.0,0.4290900230407715,True,nan,False,1.2840646377298981e-05,0.01
gpomdp_reward_only,715,697,628313,0.0,False,155.47071838378906,1.497694730758667,0.0,155.47071838378906,1426.1102294921875,0.0,0.0,0.0,-0.25989484786987305,True,nan,False,9.68259610090172e-06,0.01
gpomdp_reward_only,715,698,629030,0.0,False,89.08456420898438,1.5597233772277832,0.0,89.08456420898438,1479.4521484375,0.0,0.0,0.0,-0.05917671322822571,True,nan,False,8.965952474682126e-06,0.01
gpomdp_reward_only,715,699,629742,0.0,False,46.34121322631836,1.5550742149353027,0.0,46.34121322631836,986.0523681640625,0.0,0.0,0.0,0.27375975251197815,True,nan,False,8.102875654003583e-06,0.01
gpomdp_reward_only,715,700,630497,0.0,False,77.10604858398438,1.5654983520507812,0.0,77.10604858398438,1637.3363037109375,0.0,0.0,0.0,-0.018786180764436722,True,nan,False,8.593187885708176e-06,0.01
gpomdp_reward_only,715,701,631200,0.0,False,74.1943359375,1.5321617126464844,0.0,74.1943359375,1033.385498046875,0.0,0.0,0.0,-0.19480986893177032,True,nan,False,4.722771336673759e-06,0.01
gpomdp_reward_only,715,702,631892,0.0,False,123.89360046386719,1.5514905452728271,0.0,123.89360046386719,1577.7662353515625,0.0,0.0,0.0,-0.4139024317264557,True,nan,False,2.340852461202303e-06,0.01
gpomdp_reward_only,715,703,632652,0.0,False,50.646324157714844,1.5602657794952393,0.0,50.646324157714844,918.8399658203125,0.0,0.0,0.0,-0.26735445857048035,True,nan,False,2.475704832249903e-06,0.01
gpomdp_reward_only,715,704,633336,0.0,False,161.94540405273438,1.6384533643722534,0.0,161.94540405273438,1615.943115234375,0.0,0.0,0.0,0.13517506420612335,True,nan,False,4.617019385477761e-06,0.01
gpomdp_reward_only,715,705,634163,0.0,False,72.92986297607422,1.5957913398742676,0.0,72.92986297607422,1468.3306884765625,0.0,0.0,0.0,-0.07414527237415314,True,nan,False,4.226877535984386e-06,0.01
gpomdp_reward_only,715,706,634949,0.0,False,57.31320571899414,1.5611926317214966,0.0,57.31320571899414,1110.5030517578125,0.0,0.0,0.0,0.14794215559959412,True,nan,False,3.719032747540041e-06,0.01
gpomdp_reward_only,715,707,635648,0.0,False,77.34378814697266,1.5557368993759155,0.0,77.34378814697266,1074.0135498046875,0.0,0.0,0.0,0.26213932037353516,True,nan,False,7.647527127119247e-06,0.01
gpomdp_reward_only,715,708,636353,0.0,False,108.05818176269531,1.5454753637313843,0.0,108.05818176269531,1139.3114013671875,0.0,0.0,0.0,-0.5148152709007263,True,nan,False,9.549509741191287e-06,0.01
gpomdp_reward_only,715,709,637054,0.0,False,67.28611755371094,1.5640835762023926,0.0,67.28611755371094,1316.0509033203125,0.0,0.0,0.0,-0.672594428062439,True,nan,False,7.900354830780998e-06,0.01
gpomdp_reward_only,715,710,637764,0.0,False,82.7554931640625,1.5457786321640015,0.0,82.7554931640625,1086.4659423828125,0.0,0.0,0.0,0.35849884152412415,True,nan,False,5.206125933909789e-06,0.01
gpomdp_reward_only,715,711,638432,0.0,False,57.69285202026367,1.5379674434661865,0.0,57.69285202026367,1057.1492919921875,0.0,0.0,0.0,-0.20157600939273834,True,nan,False,3.4430659070494585e-06,0.01
gpomdp_reward_only,715,712,639060,0.0,False,123.24655151367188,1.5746326446533203,0.0,123.24655151367188,1523.9073486328125,0.0,0.0,0.0,0.1557750403881073,True,nan,False,6.523639513034141e-06,0.01
gpomdp_reward_only,715,713,639781,0.0,False,43.01882553100586,1.5672587156295776,0.0,43.01882553100586,1114.1842041015625,0.0,0.0,0.0,-0.04250320792198181,True,nan,False,7.647382517461665e-06,0.01
gpomdp_reward_only,715,714,640510,0.0,False,148.34561157226562,1.5342434644699097,0.0,148.34561157226562,1211.5250244140625,0.0,0.0,0.0,-0.2429150491952896,True,nan,False,8.7567414084333e-06,0.01
gpomdp_reward_only,715,715,641231,0.0,False,85.57315826416016,1.5446488857269287,0.0,85.57315826416016,1434.56103515625,0.0,0.0,0.0,0.2801034450531006,True,nan,False,5.13734494234086e-06,0.01
gpomdp_reward_only,715,716,641933,0.0,False,120.82037353515625,1.5233808755874634,0.0,120.82037353515625,933.689453125,0.0,0.0,0.0,-0.26755475997924805,True,nan,False,2.361525048399926e-06,0.01
gpomdp_reward_only,715,717,642597,0.0,False,119.70692443847656,1.5180150270462036,0.0,119.70692443847656,1199.1278076171875,0.0,0.0,0.0,-0.3101573586463928,True,nan,False,2.953098601210513e-06,0.01
gpomdp_reward_only,715,718,643247,0.0,False,68.46849060058594,1.517474889755249,0.0,68.46849060058594,907.1182861328125,0.0,0.0,0.0,-0.24027949571609497,True,nan,False,2.273846121170209e-06,0.01
gpomdp_reward_only,715,719,643899,0.0,False,30.978805541992188,1.5312262773513794,0.0,30.978805541992188,938.2044067382812,0.0,0.0,0.0,-0.2757261097431183,True,nan,False,2.7753549147746526e-06,0.01
gpomdp_reward_only,715,720,644493,0.0,False,100.78917694091797,1.6063839197158813,0.0,100.78917694091797,1434.0682373046875,0.0,0.0,0.0,-0.5742781162261963,True,nan,False,3.627229034464108e-06,0.01
gpomdp_reward_only,715,721,645248,0.0,False,115.7071762084961,1.5219510793685913,0.0,115.7071762084961,982.2174072265625,0.0,0.0,0.0,-0.3674089312553406,True,nan,False,1.0039609151135664e-05,0.01
gpomdp_reward_only,715,722,645929,0.0,False,226.59878540039062,1.5956708192825317,0.0,226.59878540039062,1306.9776611328125,0.0,0.0,0.0,0.1326991319656372,True,nan,False,2.2957738110562786e-05,0.01
gpomdp_reward_only,715,723,646695,0.0,False,148.00738525390625,1.5365062952041626,0.0,148.00738525390625,1152.2022705078125,0.0,0.0,0.0,-0.0282405037432909,True,nan,False,1.4912768165231682e-05,0.01
gpomdp_reward_only,715,724,647364,0.0,False,86.61458587646484,1.5483590364456177,0.0,86.61458587646484,1146.8438720703125,0.0,0.0,0.0,-0.3501422703266144,True,nan,False,8.991374670586083e-06,0.01
gpomdp_reward_only,715,725,648039,0.0,False,176.3053436279297,1.562960147857666,0.0,176.3053436279297,1669.3802490234375,0.0,0.0,0.0,-0.24308615922927856,True,nan,False,1.2649294149014167e-05,0.01
gpomdp_reward_only,715,726,648798,0.0,False,57.47651290893555,1.5635614395141602,0.0,57.47651290893555,841.3198852539062,0.0,0.0,0.0,0.19369560480117798,True,nan,False,1.3168799341656268e-05,0.01
gpomdp_reward_only,715,727,649459,0.0,False,61.39430618286133,1.5415592193603516,0.0,61.39430618286133,1023.3285522460938,0.0,0.0,0.0,-0.20247425138950348,True,nan,False,1.3227559975348413e-05,0.01
gpomdp_reward_only,715,728,650095,0.0,False,161.41485595703125,1.5389015674591064,0.0,161.41485595703125,1110.681884765625,0.0,0.0,0.0,0.22524261474609375,True,nan,False,2.5278357043134747e-06,0.01
gpomdp_reward_only,715,729,650756,0.0,False,109.59083557128906,1.5673038959503174,0.0,109.59083557128906,1068.5333251953125,0.0,0.0,0.0,-0.07842094451189041,True,nan,False,1.840706545408466e-06,0.01
gpomdp_reward_only,715,730,651445,0.0,False,87.39895629882812,1.5591700077056885,0.0,87.39895629882812,1047.4232177734375,0.0,0.0,0.0,0.005682396236807108,True,nan,False,1.2123653050366556e-06,0.01
gpomdp_reward_only,715,731,652107,0.0,False,80.52677154541016,1.5551608800888062,0.0,80.52677154541016,753.3175659179688,0.0,0.0,0.0,0.17899243533611298,True,nan,False,2.4116750410030363e-06,0.01
gpomdp_reward_only,715,732,652714,0.0,False,68.83233642578125,1.5678921937942505,0.0,68.83233642578125,1070.9449462890625,0.0,0.0,0.0,0.048473358154296875,True,nan,False,3.825757630693261e-06,0.01
gpomdp_reward_only,715,733,653351,0.0,False,145.23672485351562,1.6111990213394165,0.0,145.23672485351562,1642.874267578125,0.0,0.0,0.0,0.14163561165332794,True,nan,False,1.0815713267220417e-06,0.01
gpomdp_reward_only,715,734,654110,0.0,False,86.28756713867188,1.5606544017791748,0.0,86.28756713867188,910.9569702148438,0.0,0.0,0.0,-0.046301934868097305,True,nan,False,5.214594693825347e-06,0.01
gpomdp_reward_only,715,735,654764,0.0,False,171.99920654296875,1.613085150718689,0.0,171.99920654296875,1504.681396484375,0.0,0.0,0.0,0.13082362711429596,True,nan,False,4.182106295047561e-06,0.01
gpomdp_reward_only,715,736,655521,0.0,False,155.13772583007812,1.5727005004882812,0.0,155.13772583007812,1192.6781005859375,0.0,0.0,0.0,-0.06913461536169052,True,nan,False,1.2755185707646888e-05,0.01
gpomdp_reward_only,715,737,656226,0.0,False,123.0186767578125,1.5667667388916016,0.0,123.0186767578125,1162.34765625,0.0,0.0,0.0,-0.17016814649105072,True,nan,False,6.673854386463063e-06,0.01
gpomdp_reward_only,715,738,656938,0.0,False,108.18630981445312,1.6506807804107666,0.0,108.18630981445312,1471.27490234375,0.0,0.0,0.0,0.04205545037984848,True,nan,False,1.237175729329465e-05,0.01
gpomdp_reward_only,715,739,657712,0.0,False,46.6945915222168,1.608648657798767,0.0,46.6945915222168,1160.409912109375,0.0,0.0,0.0,-0.6252734065055847,True,nan,False,7.818982339813374e-06,0.01
gpomdp_reward_only,715,740,658412,0.0,False,120.0506362915039,1.5958257913589478,0.0,120.0506362915039,1229.6541748046875,0.0,0.0,0.0,0.5457750558853149,True,nan,False,1.1512715900607873e-05,0.01
gpomdp_reward_only,715,741,659157,0.0,False,103.22988891601562,1.5756466388702393,0.0,103.22988891601562,1248.7860107421875,0.0,0.0,0.0,-0.30697372555732727,True,nan,False,1.051233266480267e-05,0.01
gpomdp_reward_only,715,742,659872,0.0,False,106.34562683105469,1.605462908744812,0.0,106.34562683105469,1103.7137451171875,0.0,0.0,0.0,0.02037583291530609,True,nan,False,6.384574589901604e-06,0.01
gpomdp_reward_only,715,743,660676,0.0,False,92.85822296142578,1.5763798952102661,0.0,92.85822296142578,847.537841796875,0.0,0.0,0.0,0.5030989050865173,True,nan,False,7.227483365568332e-06,0.01
gpomdp_reward_only,715,744,661319,0.0,False,86.76158905029297,1.5725643634796143,0.0,86.76158905029297,914.427001953125,0.0,0.0,0.0,-0.5188391804695129,True,nan,False,2.2876793082104996e-06,0.01
gpomdp_reward_only,715,745,661998,0.0,False,101.27188873291016,1.538194179534912,0.0,101.27188873291016,1181.93408203125,0.0,0.0,0.0,0.1736471951007843,True,nan,False,1.0260861245114938e-06,0.01
gpomdp_reward_only,715,746,662652,0.0,False,142.57447814941406,1.58000648021698,0.0,142.57447814941406,918.1555786132812,0.0,0.0,0.0,0.3551216721534729,True,nan,False,7.30091142031597e-06,0.01
gpomdp_reward_only,715,747,663363,0.0,False,84.18390655517578,1.567999005317688,0.0,84.18390655517578,983.000244140625,0.0,0.0,0.0,-0.2591055929660797,True,nan,False,2.1189553081057966e-06,0.01
gpomdp_reward_only,715,748,664055,0.0,False,60.77407455444336,1.5752997398376465,0.0,60.77407455444336,781.9558715820312,0.0,0.0,0.0,-0.09798944741487503,True,nan,False,2.2836691186967073e-06,0.01
gpomdp_reward_only,715,749,664706,0.0,False,53.108341217041016,1.5576738119125366,0.0,53.108341217041016,1456.817626953125,0.0,0.0,0.0,0.09147825092077255,True,nan,False,3.3620731301198248e-06,0.01
gpomdp_reward_only,715,750,665383,0.0,False,85.96636962890625,1.5355260372161865,0.0,85.96636962890625,718.8403930664062,0.0,0.0,0.0,-0.23911066353321075,True,nan,False,2.4115252017509192e-06,0.01
gpomdp_reward_only,715,751,665948,0.0,False,115.18565368652344,1.6108524799346924,0.0,115.18565368652344,1311.346923828125,0.0,0.0,0.0,0.021446090191602707,True,nan,False,1.0491442480997648e-05,0.01
gpomdp_reward_only,715,752,666760,0.0,False,72.49461364746094,1.6531882286071777,0.0,72.49461364746094,1591.55224609375,0.0,0.0,0.0,0.3504582941532135,True,nan,False,9.938264156517107e-06,0.01
gpomdp_reward_only,715,753,667608,0.0,False,145.9517059326172,1.6313399076461792,0.0,145.9517059326172,2197.621826171875,0.0,0.0,0.0,0.05804786831140518,True,nan,False,1.1841834748338442e-05,0.01
gpomdp_reward_only,715,754,668513,0.0,False,79.59596252441406,1.5428720712661743,0.0,79.59596252441406,918.00537109375,0.0,0.0,0.0,0.4377579689025879,True,nan,False,2.294314617756754e-05,0.01
gpomdp_reward_only,715,755,669123,0.0,False,80.57960510253906,1.5455023050308228,0.0,80.57960510253906,1222.77099609375,0.0,0.0,0.0,0.02237476035952568,True,nan,False,2.2491953131975606e-05,0.01
gpomdp_reward_only,715,756,669774,0.0,False,107.83828735351562,1.5293573141098022,0.0,107.83828735351562,1123.7615966796875,0.0,0.0,0.0,-0.2405029982328415,True,nan,False,1.3445180229609832e-05,0.01
gpomdp_reward_only,715,757,670399,0.0,False,147.31234741210938,1.549970030784607,0.0,147.31234741210938,1214.58984375,0.0,0.0,0.0,-0.23793290555477142,True,nan,False,1.6746575056458823e-05,0.01
gpomdp_reward_only,715,758,671103,0.0,False,138.52957153320312,1.5568515062332153,0.0,138.52957153320312,1176.3414306640625,0.0,0.0,0.0,0.025212660431861877,True,nan,False,1.7464783013565466e-05,0.01
gpomdp_reward_only,715,759,671706,0.0,False,83.6718521118164,1.55018150806427,0.0,83.6718521118164,937.2682495117188,0.0,0.0,0.0,-0.24733740091323853,True,nan,False,1.6883004718692973e-05,0.01
gpomdp_reward_only,715,760,672364,0.0,False,96.71524047851562,1.5602078437805176,0.0,96.71524047851562,1144.6954345703125,0.0,0.0,0.0,0.0830807313323021,True,nan,False,2.1510426449822262e-05,0.01
gpomdp_reward_only,715,761,673028,0.0,False,65.71051025390625,1.5664557218551636,0.0,65.71051025390625,1180.0919189453125,0.0,0.0,0.0,-0.2018488198518753,True,nan,False,2.844012669811491e-05,0.01
gpomdp_reward_only,715,762,673731,0.0,False,91.15189361572266,1.5403424501419067,0.0,91.15189361572266,987.4013061523438,0.0,0.0,0.0,0.13732850551605225,True,nan,False,3.762705091503449e-05,0.01
gpomdp_reward_only,715,763,674368,0.0,False,81.83818817138672,1.5536518096923828,0.0,81.83818817138672,915.4611206054688,0.0,0.0,0.0,0.2994617521762848,True,nan,False,3.7977355532348156e-05,0.01
gpomdp_reward_only,715,764,675012,0.0,False,63.61563491821289,1.5664234161376953,0.0,63.61563491821289,908.6483154296875,0.0,0.0,0.0,-0.25300103425979614,True,nan,False,2.5935156372725032e-05,0.01
gpomdp_reward_only,715,765,675659,0.0,False,243.43592834472656,1.5966212749481201,0.0,243.43592834472656,1441.3516845703125,0.0,0.0,0.0,0.13231946527957916,True,nan,False,5.47700583410915e-05,0.01
gpomdp_reward_only,715,766,676445,0.0,False,96.2063980102539,1.6044622659683228,0.0,96.2063980102539,1608.1968994140625,0.0,0.0,0.0,0.28293782472610474,True,nan,False,3.338689202792011e-05,0.01
gpomdp_reward_only,715,767,677222,0.0,False,136.1522216796875,1.6522420644760132,0.0,136.1522216796875,1724.73828125,0.0,0.0,0.0,-0.0018664690433070064,True,nan,False,6.228809797903523e-05,0.01
gpomdp_reward_only,715,768,678098,0.0,False,125.44795227050781,1.541502594947815,0.0,125.44795227050781,1253.1151123046875,0.0,0.0,0.0,0.05543525889515877,True,nan,False,6.537036097142845e-05,0.01
gpomdp_reward_only,715,769,678753,0.0,False,43.9589958190918,1.5596201419830322,0.0,43.9589958190918,1063.41845703125,0.0,0.0,0.0,0.3265492916107178,True,nan,False,5.949192200205289e-05,0.01
gpomdp_reward_only,715,770,679432,0.0,False,175.32046508789062,1.6233211755752563,0.0,175.32046508789062,2113.578125,0.0,0.0,0.0,-0.12011022865772247,True,nan,False,5.379018693929538e-05,0.01
gpomdp_reward_only,715,771,680367,0.0,False,84.54452514648438,1.5434811115264893,0.0,84.54452514648438,1097.9732666015625,0.0,0.0,0.0,0.4909391701221466,True,nan,False,5.975503518129699e-05,0.01
gpomdp_reward_only,715,772,681027,0.0,False,103.78462219238281,1.6136832237243652,0.0,103.78462219238281,1347.798095703125,0.0,0.0,0.0,0.13354788720607758,True,nan,False,2.226530523330439e-05,0.01
gpomdp_reward_only,715,773,681826,0.0,False,211.67840576171875,1.5506373643875122,0.0,211.67840576171875,1213.489013671875,0.0,0.0,0.0,0.11645199358463287,True,nan,False,6.375339580699801e-05,0.01
gpomdp_reward_only,715,774,682525,0.0,False,100.46925354003906,1.5563057661056519,0.0,100.46925354003906,1109.0753173828125,0.0,0.0,0.0,0.11232465505599976,True,nan,False,2.647523069754243e-05,0.01
gpomdp_reward_only,715,775,683137,0.0,False,79.85232543945312,1.5489357709884644,0.0,79.85232543945312,1047.26220703125,0.0,0.0,0.0,0.0621211938560009,True,nan,False,2.4174354621209204e-05,0.01
gpomdp_reward_only,715,776,683820,0.0,False,83.44535064697266,1.584064245223999,0.0,83.44535064697266,1651.168212890625,0.0,0.0,0.0,0.5993728041648865,True,nan,False,2.6908377549261786e-05,0.01
gpomdp_reward_only,715,777,684681,0.0,False,87.25658416748047,1.557605266571045,0.0,87.25658416748047,954.1222534179688,0.0,0.0,0.0,-0.35082629323005676,True,nan,False,1.5240592802001629e-05,0.01
gpomdp_reward_only,715,778,685345,0.0,False,109.37262725830078,1.5713187456130981,0.0,109.37262725830078,1233.451904296875,0.0,0.0,0.0,-0.18350538611412048,True,nan,False,5.867762865818804e-06,0.01
gpomdp_reward_only,715,779,686089,0.0,False,72.73731994628906,1.5683178901672363,0.0,72.73731994628906,1033.7230224609375,0.0,0.0,0.0,0.05344701558351517,True,nan,False,4.331981472205371e-06,0.01
gpomdp_reward_only,715,780,686763,0.0,False,162.79795837402344,1.6381657123565674,0.0,162.79795837402344,1640.807861328125,0.0,0.0,0.0,0.2059963196516037,True,nan,False,2.1703441234421916e-05,0.01
gpomdp_reward_only,715,781,687644,0.0,False,128.54153442382812,1.5825051069259644,0.0,128.54153442382812,1360.729736328125,0.0,0.0,0.0,0.27191752195358276,True,nan,False,1.6478323232149705e-05,0.01
gpomdp_reward_only,715,782,688370,0.0,False,110.14805603027344,1.557425856590271,0.0,110.14805603027344,937.6386108398438,0.0,0.0,0.0,-0.11984799057245255,True,nan,False,5.260947091301205e-06,0.01
gpomdp_reward_only,715,783,689041,0.0,False,124.14315032958984,1.568657398223877,0.0,124.14315032958984,1520.318603515625,0.0,0.0,0.0,-0.4584448039531708,True,nan,False,1.5796427987879724e-06,0.01
gpomdp_reward_only,715,784,689809,0.0,False,160.07566833496094,1.5333948135375977,0.0,160.07566833496094,1245.4185791015625,0.0,0.0,0.0,0.2240736484527588,True,nan,False,4.983729013474658e-06,0.01
gpomdp_reward_only,715,785,690397,0.0,False,68.3076400756836,1.62535560131073,0.0,68.3076400756836,1340.2041015625,0.0,0.0,0.0,-0.5972173810005188,True,nan,False,1.5816615359653952e-06,0.01
gpomdp_reward_only,715,786,691300,0.0,False,167.20367431640625,1.562055230140686,0.0,167.20367431640625,1296.5699462890625,0.0,0.0,0.0,-0.2395601123571396,True,nan,False,4.598625309881754e-06,0.01
gpomdp_reward_only,715,787,692065,0.0,False,85.48880767822266,1.5695979595184326,0.0,85.48880767822266,1105.5565185546875,0.0,0.0,0.0,0.0053837960585951805,True,nan,False,1.4992072010500124e-06,0.01
gpomdp_reward_only,715,788,692802,0.0,False,110.70015716552734,1.5536620616912842,0.0,110.70015716552734,1097.7884521484375,0.0,0.0,0.0,-0.26875269412994385,True,nan,False,8.036304279812612e-06,0.01
gpomdp_reward_only,715,789,693500,0.0,False,46.17932891845703,1.563734531402588,0.0,46.17932891845703,1027.558349609375,0.0,0.0,0.0,0.4183415472507477,True,nan,False,7.361354164459044e-06,0.01
gpomdp_reward_only,715,790,694183,0.0,False,79.27743530273438,1.5763453245162964,0.0,79.27743530273438,1508.7132568359375,0.0,0.0,0.0,-0.4918504059314728,True,nan,False,1.0044283953902777e-05,0.01
gpomdp_reward_only,715,791,694988,0.0,False,125.29288482666016,1.5953971147537231,0.0,125.29288482666016,1482.65283203125,0.0,0.0,0.0,0.005810081958770752,True,nan,False,4.780172730534105e-06,0.01
gpomdp_reward_only,715,792,695732,0.0,False,115.80245971679688,1.5770583152770996,0.0,115.80245971679688,1067.0843505859375,0.0,0.0,0.0,-0.17818999290466309,True,nan,False,1.1595966498134658e-05,0.01
gpomdp_reward_only,715,793,696433,0.0,False,106.66992950439453,1.5785099267959595,0.0,106.66992950439453,1068.6854248046875,0.0,0.0,0.0,0.2979724407196045,True,nan,False,1.4427864698518533e-05,0.01
gpomdp_reward_only,715,794,697170,0.0,False,76.62117767333984,1.5997086763381958,0.0,76.62117767333984,1503.704345703125,0.0,0.0,0.0,0.24773851037025452,True,nan,False,9.830997441895306e-06,0.01
gpomdp_reward_only,715,795,697982,0.0,False,61.06221008300781,1.5541102886199951,0.0,61.06221008300781,1319.185546875,0.0,0.0,0.0,-0.3664814233779907,True,nan,False,1.0219029718427919e-05,0.01
gpomdp_reward_only,715,796,698628,0.0,False,50.92453384399414,1.5655933618545532,0.0,50.92453384399414,1061.9822998046875,0.0,0.0,0.0,-0.8381537795066833,True,nan,False,1.1103709766757675e-05,0.01
gpomdp_reward_only,715,797,699317,0.0,False,81.61302185058594,1.6033587455749512,0.0,81.61302185058594,1495.489501953125,0.0,0.0,0.0,-0.07578752934932709,True,nan,False,8.147395419655368e-06,0.01
gpomdp_reward_only,715,798,700094,0.0,False,79.12940216064453,1.6115832328796387,0.0,79.12940216064453,2079.82666015625,0.0,0.0,0.0,-0.3177471160888672,True,nan,False,1.085676467482699e-05,0.01
gpomdp_reward_only,715,799,701004,0.0,False,166.34112548828125,1.565505862236023,0.0,166.34112548828125,1146.5584716796875,0.0,0.0,0.0,-0.1157309040427208,True,nan,False,2.2491469280794263e-05,0.01
gpomdp_reward_only,715,800,701691,0.0,False,196.0876922607422,1.6950281858444214,0.0,196.0876922607422,1578.2127685546875,0.0,0.0,0.0,-0.541181206703186,True,nan,False,1.877946669992525e-05,0.01
gpomdp_reward_only,715,801,702670,0.0,False,142.31982421875,1.6354683637619019,0.0,142.31982421875,1886.97216796875,0.0,0.0,0.0,-0.14689713716506958,True,nan,False,1.040498409565771e-05,0.01
gpomdp_reward_only,715,802,703481,0.0,False,113.18331146240234,1.616259217262268,0.0,113.18331146240234,2149.958984375,0.0,0.0,0.0,0.029416585341095924,True,nan,False,9.912611858453602e-06,0.01
gpomdp_reward_only,715,803,704302,0.0,False,135.97396850585938,1.5714166164398193,0.0,135.97396850585938,1078.3671875,0.0,0.0,0.0,0.27992433309555054,True,nan,False,1.5669091226300225e-05,0.01
gpomdp_reward_only,715,804,704973,0.0,False,61.265899658203125,1.572268009185791,0.0,61.265899658203125,1087.2003173828125,0.0,0.0,0.0,-0.4715885818004608,True,nan,False,1.2531096217571758e-05,0.01
gpomdp_reward_only,715,805,705684,0.0,False,92.83119201660156,1.56391441822052,0.0,92.83119201660156,976.4378051757812,0.0,0.0,0.0,0.6036111116409302,True,nan,False,9.26541270018788e-06,0.01
gpomdp_reward_only,715,806,706362,0.0,False,86.83053588867188,1.5426055192947388,0.0,86.83053588867188,867.1568603515625,0.0,0.0,0.0,0.4575957953929901,True,nan,False,9.813428732741158e-06,0.01
gpomdp_reward_only,715,807,706939,0.0,False,106.305419921875,1.59839928150177,0.0,106.305419921875,1399.5428466796875,0.0,0.0,0.0,0.37992262840270996,True,nan,False,1.082268590835156e-05,0.01
gpomdp_reward_only,715,808,707757,0.0,False,74.74310302734375,1.5732680559158325,0.0,74.74310302734375,999.468017578125,0.0,0.0,0.0,0.6362072229385376,True,nan,False,1.0882984497584403e-05,0.01
gpomdp_reward_only,715,809,708456,0.0,False,106.4762954711914,1.5561878681182861,0.0,106.4762954711914,1151.541748046875,0.0,0.0,0.0,-0.17187626659870148,True,nan,False,1.5518129657721147e-05,0.01
gpomdp_reward_only,715,810,709166,0.0,False,93.60848236083984,1.567370057106018,0.0,93.60848236083984,1342.1912841796875,0.0,0.0,0.0,0.2711244225502014,True,nan,False,6.128294444351923e-06,0.01
gpomdp_reward_only,715,811,709863,0.0,False,85.81755065917969,1.598775029182434,0.0,85.81755065917969,1012.1431884765625,0.0,0.0,0.0,-0.18373382091522217,True,nan,False,5.2059303925489075e-06,0.01
gpomdp_reward_only,715,812,710583,0.0,False,98.87763977050781,1.5799634456634521,0.0,98.87763977050781,1529.9306640625,0.0,0.0,0.0,-0.10978291928768158,True,nan,False,2.4541998300264822e-06,0.01
gpomdp_reward_only,715,813,711271,0.0,False,97.1175765991211,1.5720454454421997,0.0,97.1175765991211,1206.906494140625,0.0,0.0,0.0,0.49616414308547974,True,nan,False,6.07366473559523e-06,0.01
gpomdp_reward_only,715,814,711951,0.0,False,114.30000305175781,1.5541675090789795,0.0,114.30000305175781,1160.418701171875,0.0,0.0,0.0,-0.02566608414053917,True,nan,False,1.3821377251588274e-05,0.01
gpomdp_reward_only,715,815,712598,0.0,False,134.62109375,1.607067584991455,0.0,134.62109375,1570.7569580078125,0.0,0.0,0.0,-0.4856644570827484,True,nan,False,9.342651537735946e-06,0.01
gpomdp_reward_only,715,816,713414,0.0,False,134.84458923339844,1.538629412651062,0.0,134.84458923339844,1241.37353515625,0.0,0.0,0.0,0.21500419080257416,True,nan,False,2.640092498040758e-05,0.01
gpomdp_reward_only,715,817,714153,0.0,False,196.84669494628906,1.5814510583877563,0.0,196.84669494628906,1394.0604248046875,0.0,0.0,0.0,0.32597073912620544,True,nan,False,4.305372931412421e-05,0.01
gpomdp_reward_only,715,818,714897,0.0,False,109.41241455078125,1.5870779752731323,0.0,109.41241455078125,1134.483642578125,0.0,0.0,0.0,0.30279624462127686,True,nan,False,3.271667810622603e-05,0.01
gpomdp_reward_only,715,819,715630,0.0,False,183.1751708984375,1.5835838317871094,0.0,183.1751708984375,1213.5224609375,0.0,0.0,0.0,-0.06999277323484421,True,nan,False,1.1457396794867236e-05,0.01
gpomdp_reward_only,715,820,716420,0.0,False,77.02767944335938,1.5840984582901,0.0,77.02767944335938,1337.3931884765625,0.0,0.0,0.0,-0.26495227217674255,True,nan,False,8.70953135745367e-06,0.01
gpomdp_reward_only,715,821,717176,0.0,False,69.47425842285156,1.5672831535339355,0.0,69.47425842285156,1172.5284423828125,0.0,0.0,0.0,0.03986825421452522,True,nan,False,5.281930498313159e-06,0.01
gpomdp_reward_only,715,822,717868,0.0,False,107.41716003417969,1.639019250869751,0.0,107.41716003417969,1855.473876953125,0.0,0.0,0.0,-0.3434715270996094,True,nan,False,8.037995030463208e-06,0.01
gpomdp_reward_only,715,823,718670,0.0,False,102.69834899902344,1.5646984577178955,0.0,102.69834899902344,1105.949951171875,0.0,0.0,0.0,0.08301057666540146,True,nan,False,1.620929288037587e-05,0.01
gpomdp_reward_only,715,824,719344,0.0,False,82.6904296875,1.549973726272583,0.0,82.6904296875,1060.806396484375,0.0,0.0,0.0,-0.09342688322067261,True,nan,False,2.2393300241674297e-05,0.01
gpomdp_reward_only,715,825,719961,0.0,False,82.70962524414062,1.554487943649292,0.0,82.70962524414062,1433.354248046875,0.0,0.0,0.0,-0.03655914589762688,True,nan,False,1.1164656825712882e-05,0.01
gpomdp_reward_only,715,826,720695,0.0,False,71.38008880615234,1.5505621433258057,0.0,71.38008880615234,826.439208984375,0.0,0.0,0.0,-0.3747963011264801,True,nan,False,5.768059509136947e-06,0.01
gpomdp_reward_only,715,827,721328,0.0,False,99.64507293701172,1.520729899406433,0.0,99.64507293701172,1044.398681640625,0.0,0.0,0.0,-0.0017003727843984962,True,nan,False,1.5808280295459554e-05,0.01
gpomdp_reward_only,715,828,721979,0.0,False,71.16301727294922,1.59091317653656,0.0,71.16301727294922,877.7362060546875,0.0,0.0,0.0,0.0945739671587944,True,nan,False,1.4389958778338041e-05,0.01
gpomdp_reward_only,715,829,722727,0.0,False,57.15204620361328,1.5675822496414185,0.0,57.15204620361328,1192.0941162109375,0.0,0.0,0.0,0.05751008540391922,True,nan,False,1.339987738901982e-05,0.01
gpomdp_reward_only,715,830,723414,0.0,False,80.30791473388672,1.5416486263275146,0.0,80.30791473388672,1089.7293701171875,0.0,0.0,0.0,-0.7544857859611511,True,nan,False,1.463261287426576e-05,0.01
gpomdp_reward_only,715,831,724066,0.0,False,117.44346618652344,1.57529878616333,0.0,117.44346618652344,1149.0592041015625,0.0,0.0,0.0,0.08780203014612198,True,nan,False,3.5289538118377095e-06,0.01
gpomdp_reward_only,715,832,724777,0.0,False,91.60991668701172,1.568971872329712,0.0,91.60991668701172,1214.9022216796875,0.0,0.0,0.0,0.028384214267134666,True,nan,False,9.348453886559582e-07,0.01
gpomdp_reward_only,715,833,725475,0.0,False,214.61277770996094,1.6157965660095215,0.0,214.61277770996094,1518.9332275390625,0.0,0.0,0.0,-0.20590274035930634,True,nan,False,1.1944315701839514e-05,0.01
gpomdp_reward_only,715,834,726277,0.0,False,56.38429641723633,1.56503427028656,0.0,56.38429641723633,1228.5511474609375,0.0,0.0,0.0,0.4075065851211548,True,nan,False,1.311581854679389e-05,0.01
gpomdp_reward_only,715,835,726953,0.0,False,182.80247497558594,1.6004818677902222,0.0,182.80247497558594,1527.8587646484375,0.0,0.0,0.0,0.07966435700654984,True,nan,False,2.9038777938694693e-05,0.01
gpomdp_reward_only,715,836,727752,0.0,False,27.034330368041992,1.5554925203323364,0.0,27.034330368041992,1083.9708251953125,0.0,0.0,0.0,-0.27871036529541016,True,nan,False,2.754970955720637e-05,0.01
gpomdp_reward_only,715,837,728368,0.0,False,169.92848205566406,1.547235131263733,0.0,169.92848205566406,1011.2396240234375,0.0,0.0,0.0,-0.011571742594242096,True,nan,False,2.0274528651498258e-05,0.01
gpomdp_reward_only,715,838,729049,0.0,False,112.75605010986328,1.5646040439605713,0.0,112.75605010986328,1047.8642578125,0.0,0.0,0.0,-0.4541502594947815,True,nan,False,3.034399742318783e-05,0.01
gpomdp_reward_only,715,839,729694,0.0,False,44.45707321166992,1.5828471183776855,0.0,44.45707321166992,1398.9642333984375,0.0,0.0,0.0,0.48364633321762085,True,nan,False,2.3770728148519993e-05,0.01
gpomdp_reward_only,715,840,730409,0.0,False,197.4469451904297,1.6386690139770508,0.0,197.4469451904297,1428.6439208984375,0.0,0.0,0.0,-0.18024621903896332,True,nan,False,2.0986673916922882e-05,0.01
gpomdp_reward_only,715,841,731153,0.0,False,56.83257293701172,1.5799953937530518,0.0,56.83257293701172,643.1320190429688,0.0,0.0,0.0,-0.10353059321641922,True,nan,False,1.5543446352239698e-05,0.01
gpomdp_reward_only,715,842,731800,0.0,False,77.73287200927734,1.5793192386627197,0.0,77.73287200927734,757.5494384765625,0.0,0.0,0.0,-0.29612836241722107,True,nan,False,5.461933142214548e-06,0.01
gpomdp_reward_only,715,843,732496,0.0,False,125.87039947509766,1.594213604927063,0.0,125.87039947509766,1247.6612548828125,0.0,0.0,0.0,0.25037428736686707,True,nan,False,9.528667419544945e-07,0.01
gpomdp_reward_only,715,844,733145,0.0,False,58.75615310668945,1.567095398902893,0.0,58.75615310668945,1059.3984375,0.0,0.0,0.0,0.2446465641260147,True,nan,False,1.4491020010609645e-06,0.01
gpomdp_reward_only,715,845,733791,0.0,False,115.03355407714844,1.6215869188308716,0.0,115.03355407714844,1021.3267211914062,0.0,0.0,0.0,0.14831006526947021,True,nan,False,6.181836397445295e-06,0.01
gpomdp_reward_only,715,846,734562,0.0,False,94.01793670654297,1.6051993370056152,0.0,94.01793670654297,1006.0486450195312,0.0,0.0,0.0,0.14440283179283142,True,nan,False,6.2798198996461e-06,0.01
gpomdp_reward_only,715,847,735291,0.0,False,75.60737609863281,1.5678819417953491,0.0,75.60737609863281,1145.84130859375,0.0,0.0,0.0,-0.24282866716384888,True,nan,False,5.5783530115149915e-06,0.01
gpomdp_reward_only,715,848,735954,0.0,False,85.4413070678711,1.5392714738845825,0.0,85.4413070678711,1043.353759765625,0.0,0.0,0.0,0.5292647480964661,True,nan,False,2.877677616197616e-06,0.01
gpomdp_reward_only,715,849,736558,0.0,False,90.35409545898438,1.5434530973434448,0.0,90.35409545898438,833.311767578125,0.0,0.0,0.0,-0.18813714385032654,True,nan,False,7.635859219590202e-06,0.01
gpomdp_reward_only,715,850,737205,0.0,False,111.16502380371094,1.5755428075790405,0.0,111.16502380371094,1088.4752197265625,0.0,0.0,0.0,0.09912845492362976,True,nan,False,1.542390600661747e-05,0.01
gpomdp_reward_only,715,851,737855,0.0,False,121.56768035888672,1.5615743398666382,0.0,121.56768035888672,1089.2242431640625,0.0,0.0,0.0,0.3515672981739044,True,nan,False,2.202388714067638e-05,0.01
gpomdp_reward_only,715,852,738543,0.0,False,51.442935943603516,1.5787492990493774,0.0,51.442935943603516,1039.06689453125,0.0,0.0,0.0,0.6484419107437134,True,nan,False,1.342204359389143e-05,0.01
gpomdp_reward_only,715,853,739158,0.0,False,58.515350341796875,1.5881500244140625,0.0,58.515350341796875,1371.0531005859375,0.0,0.0,0.0,-0.008710966445505619,True,nan,False,1.2555603461805731e-05,0.01
gpomdp_reward_only,715,854,739807,0.0,False,60.724300384521484,1.5661979913711548,0.0,60.724300384521484,1221.9989013671875,0.0,0.0,0.0,0.32229405641555786,True,nan,False,1.0043725524155889e-05,0.01
gpomdp_reward_only,715,855,740450,0.0,False,98.77782440185547,1.5791294574737549,0.0,98.77782440185547,1021.552001953125,0.0,0.0,0.0,0.2235759049654007,True,nan,False,1.664369301579427e-05,0.01
gpomdp_reward_only,715,856,741113,0.0,False,81.41747283935547,1.5801191329956055,0.0,81.41747283935547,1173.1463623046875,0.0,0.0,0.0,-0.021540803834795952,True,nan,False,1.698204687272664e-05,0.01
gpomdp_reward_only,715,857,741855,0.0,False,98.64515686035156,1.652523159980774,0.0,98.64515686035156,1608.0506591796875,0.0,0.0,0.0,-0.12049976736307144,True,nan,False,5.4025517783884425e-06,0.01
gpomdp_reward_only,715,858,742657,0.0,False,90.15079498291016,1.6369317770004272,0.0,90.15079498291016,1411.9967041015625,0.0,0.0,0.0,-0.09739260375499725,True,nan,False,3.959317382395966e-06,0.01
gpomdp_reward_only,715,859,743553,0.0,False,127.36637878417969,1.5675854682922363,0.0,127.36637878417969,884.2999267578125,0.0,0.0,0.0,0.006981763057410717,True,nan,False,8.509723556926474e-06,0.01
gpomdp_reward_only,715,860,744198,0.0,False,48.67577362060547,1.5787394046783447,0.0,48.67577362060547,1029.736328125,0.0,0.0,0.0,-0.12529884278774261,True,nan,False,5.748492640123004e-06,0.01
gpomdp_reward_only,715,861,744869,0.0,False,80.72349548339844,1.5804191827774048,0.0,80.72349548339844,1212.779541015625,0.0,0.0,0.0,0.07604127377271652,True,nan,False,4.465415713639231e-06,0.01
gpomdp_reward_only,715,862,745605,0.0,False,127.07872009277344,1.5483465194702148,0.0,127.07872009277344,1190.100341796875,0.0,0.0,0.0,-0.11423452943563461,True,nan,False,2.622448619149509e-06,0.01
gpomdp_reward_only,715,863,746269,0.0,False,96.4226303100586,1.5746009349822998,0.0,96.4226303100586,1269.4212646484375,0.0,0.0,0.0,0.10055931657552719,True,nan,False,1.62143999205e-06,0.01
gpomdp_reward_only,715,864,746974,0.0,False,125.49011993408203,1.5613373517990112,0.0,125.49011993408203,1148.8193359375,0.0,0.0,0.0,0.23141919076442719,True,nan,False,6.993675015110057e-06,0.01
gpomdp_reward_only,715,865,747642,0.0,False,185.24273681640625,1.580404281616211,0.0,185.24273681640625,1393.34912109375,0.0,0.0,0.0,-0.05510137975215912,True,nan,False,2.4910155843826942e-05,0.01
gpomdp_reward_only,715,866,748396,0.0,False,67.43534851074219,1.5663583278656006,0.0,67.43534851074219,1176.875732421875,0.0,0.0,0.0,0.43406715989112854,True,nan,False,3.142494460917078e-05,0.01
gpomdp_reward_only,715,867,749101,0.0,False,67.51786041259766,1.5651416778564453,0.0,67.51786041259766,1120.44873046875,0.0,0.0,0.0,0.06537149846553802,True,nan,False,1.5895151591394097e-05,0.01
gpomdp_reward_only,715,868,749732,0.0,False,64.00279235839844,1.5700111389160156,0.0,64.00279235839844,1093.8299560546875,0.0,0.0,0.0,0.044412724673748016,True,nan,False,2.0493203919613734e-05,0.01
gpomdp_reward_only,715,869,750394,0.0,False,106.04100799560547,1.5585118532180786,0.0,106.04100799560547,1143.308837890625,0.0,0.0,0.0,-0.40449321269989014,True,nan,False,1.1268452908552717e-05,0.01
gpomdp_reward_only,715,870,751066,0.0,False,82.84910583496094,1.577164888381958,0.0,82.84910583496094,973.1505737304688,0.0,0.0,0.0,-0.446502149105072,True,nan,False,9.002103979582898e-06,0.01
gpomdp_reward_only,715,871,751737,0.0,False,173.71029663085938,1.6410170793533325,0.0,173.71029663085938,1987.732177734375,0.0,0.0,0.0,0.3402402400970459,True,nan,False,2.4246579414466396e-05,0.01
gpomdp_reward_only,715,872,752569,0.0,False,132.50863647460938,1.551781415939331,0.0,132.50863647460938,957.5853271484375,0.0,0.0,0.0,-0.11388038098812103,True,nan,False,2.245976975245867e-05,0.01
gpomdp_reward_only,715,873,753243,0.0,False,88.493408203125,1.5747581720352173,0.0,88.493408203125,912.4122314453125,0.0,0.0,0.0,0.4610553979873657,True,nan,False,2.5850120437098667e-05,0.01
gpomdp_reward_only,715,874,753890,0.0,False,92.58358764648438,1.5695236921310425,0.0,92.58358764648438,1315.46142578125,0.0,0.0,0.0,-0.020273443311452866,True,nan,False,3.07029222312849e-05,0.01
gpomdp_reward_only,715,875,754546,0.0,False,152.89854431152344,1.5733829736709595,0.0,152.89854431152344,1016.267822265625,0.0,0.0,0.0,0.21975639462471008,True,nan,False,3.515115167829208e-05,0.01
gpomdp_reward_only,715,876,755217,0.0,False,122.2922592163086,1.6001228094100952,0.0,122.2922592163086,1563.3985595703125,0.0,0.0,0.0,-0.05685017630457878,True,nan,False,2.30035548156593e-05,0.01
gpomdp_reward_only,715,877,755978,0.0,False,90.31270599365234,1.5636951923370361,0.0,90.31270599365234,919.8046264648438,0.0,0.0,0.0,0.01470689382404089,True,nan,False,3.787971945712343e-05,0.01
gpomdp_reward_only,715,878,756626,0.0,False,84.3173828125,1.5550885200500488,0.0,84.3173828125,898.8706665039062,0.0,0.0,0.0,-0.6511296033859253,True,nan,False,2.2111118596512824e-05,0.01
gpomdp_reward_only,715,879,757246,0.0,False,50.530494689941406,1.5589559078216553,0.0,50.530494689941406,926.9635009765625,0.0,0.0,0.0,-0.6763720512390137,True,nan,False,1.8801092664944008e-05,0.01
gpomdp_reward_only,715,880,757879,0.0,False,102.40956115722656,1.5518711805343628,0.0,102.40956115722656,837.2081909179688,0.0,0.0,0.0,-0.4786568880081177,True,nan,False,2.9834514862159267e-05,0.01
gpomdp_reward_only,715,881,758556,0.0,False,86.84913635253906,1.5704137086868286,0.0,86.84913635253906,1368.087890625,0.0,0.0,0.0,0.05106823518872261,True,nan,False,1.4654021470050793e-05,0.01
gpomdp_reward_only,715,882,759276,0.0,False,58.82379913330078,1.548703670501709,0.0,58.82379913330078,1114.54248046875,0.0,0.0,0.0,-0.272006094455719,True,nan,False,1.2530787898867857e-05,0.01
gpomdp_reward_only,715,883,759964,0.0,False,48.4443359375,1.5447946786880493,0.0,48.4443359375,795.882568359375,0.0,0.0,0.0,-0.019230691716074944,True,nan,False,9.05149590835208e-06,0.01
gpomdp_reward_only,715,884,760615,0.0,False,76.54756927490234,1.5580942630767822,0.0,76.54756927490234,1007.5374145507812,0.0,0.0,0.0,0.4799897372722626,True,nan,False,3.82227426598547e-06,0.01
gpomdp_reward_only,715,885,761280,0.0,False,91.7928237915039,1.5649522542953491,0.0,91.7928237915039,1063.3958740234375,0.0,0.0,0.0,-0.19331252574920654,True,nan,False,3.8019584280846175e-06,0.01
gpomdp_reward_only,715,886,761946,0.0,False,108.80281829833984,1.5799416303634644,0.0,108.80281829833984,1029.377197265625,0.0,0.0,0.0,-0.10243211686611176,True,nan,False,3.268817863499862e-06,0.01
gpomdp_reward_only,715,887,762624,0.0,False,126.935302734375,1.5757648944854736,0.0,126.935302734375,1027.2440185546875,0.0,0.0,0.0,-0.19384373724460602,True,nan,False,5.983336450299248e-06,0.01
gpomdp_reward_only,715,888,763283,0.0,False,95.13053131103516,1.568615198135376,0.0,95.13053131103516,1293.391845703125,0.0,0.0,0.0,0.17417262494564056,True,nan,False,2.5262754661525832e-06,0.01
gpomdp_reward_only,715,889,763966,0.0,False,100.55330657958984,1.5925579071044922,0.0,100.55330657958984,1281.32568359375,0.0,0.0,0.0,-0.11799343675374985,True,nan,False,7.331373581109801e-06,0.01
gpomdp_reward_only,715,890,764717,0.0,False,146.50140380859375,1.5713690519332886,0.0,146.50140380859375,1419.9884033203125,0.0,0.0,0.0,0.4603281021118164,True,nan,False,7.116508641047403e-06,0.01
gpomdp_reward_only,715,891,765410,0.0,False,120.0344467163086,1.549005389213562,0.0,120.0344467163086,1208.873046875,0.0,0.0,0.0,-0.2737196683883667,True,nan,False,1.9327528207213618e-05,0.01
gpomdp_reward_only,715,892,766094,0.0,False,102.72550201416016,1.5952281951904297,0.0,102.72550201416016,1482.5361328125,0.0,0.0,0.0,-0.25931990146636963,True,nan,False,1.8573406123323366e-05,0.01
gpomdp_reward_only,715,893,766900,0.0,False,148.24154663085938,1.5365270376205444,0.0,148.24154663085938,933.971923828125,0.0,0.0,0.0,-0.30511143803596497,True,nan,False,4.6226483391365036e-05,0.01
gpomdp_reward_only,715,894,767528,0.0,False,81.63164520263672,1.5772231817245483,0.0,81.63164520263672,974.8063354492188,0.0,0.0,0.0,-0.13475294411182404,True,nan,False,3.7443485780386254e-05,0.01
gpomdp_reward_only,715,895,768183,0.0,False,217.12054443359375,1.6237046718597412,0.0,217.12054443359375,1368.286376953125,0.0,0.0,0.0,0.025780709460377693,True,nan,False,2.4523813408450224e-05,0.01
gpomdp_reward_only,715,896,768962,0.0,False,108.85367584228516,1.5816189050674438,0.0,108.85367584228516,1296.7742919921875,0.0,0.0,0.0,-0.507469654083252,True,nan,False,2.7205813239561394e-05,0.01
gpomdp_reward_only,715,897,769669,0.0,False,144.91165161132812,1.6059000492095947,0.0,144.91165161132812,1251.992919921875,0.0,0.0,0.0,0.27640199661254883,True,nan,False,1.8653179722605273e-05,0.01
gpomdp_reward_only,715,898,770430,0.0,False,54.89848327636719,1.5807969570159912,0.0,54.89848327636719,795.6346435546875,0.0,0.0,0.0,-0.07263758778572083,True,nan,False,8.196716407837812e-06,0.01
gpomdp_reward_only,715,899,771054,0.0,False,154.6273193359375,1.582411766052246,0.0,154.6273193359375,1175.2679443359375,0.0,0.0,0.0,-0.18168701231479645,True,nan,False,2.62765352090355e-05,0.01
gpomdp_reward_only,715,900,771792,0.0,False,35.3304557800293,1.587572455406189,0.0,35.3304557800293,1139.5084228515625,0.0,0.0,0.0,-0.19544930756092072,True,nan,False,2.2315911337500438e-05,0.01
gpomdp_reward_only,715,901,772499,0.0,False,104.19944763183594,1.5723706483840942,0.0,104.19944763183594,1358.7288818359375,0.0,0.0,0.0,-0.07752422988414764,True,nan,False,3.084691343246959e-05,0.01
gpomdp_reward_only,715,902,773086,0.0,False,84.96129608154297,1.6081867218017578,0.0,84.96129608154297,941.9506225585938,0.0,0.0,0.0,-0.1695939153432846,True,nan,False,3.4857872378779575e-05,0.01
gpomdp_reward_only,715,903,773816,0.0,False,74.87432861328125,1.5574411153793335,0.0,74.87432861328125,1360.13232421875,0.0,0.0,0.0,-0.17775017023086548,True,nan,False,3.30710390699096e-05,0.01
gpomdp_reward_only,715,904,774480,0.0,False,175.322509765625,1.7455641031265259,0.0,175.322509765625,1824.819580078125,0.0,0.0,0.0,-0.13626618683338165,True,nan,False,2.9124103093636222e-05,0.01
gpomdp_reward_only,715,905,775722,0.0,False,117.29903411865234,1.5618705749511719,0.0,117.29903411865234,1086.872802734375,0.0,0.0,0.0,-0.11165431141853333,True,nan,False,2.859525557141751e-05,0.01
gpomdp_reward_only,715,906,776357,0.0,False,125.94020080566406,1.6087474822998047,0.0,125.94020080566406,1127.1466064453125,0.0,0.0,0.0,0.015443357639014721,True,nan,False,4.4626409362535924e-05,0.01
gpomdp_reward_only,715,907,777095,0.0,False,76.3919448852539,1.5814110040664673,0.0,76.3919448852539,714.762451171875,0.0,0.0,0.0,0.4570145308971405,True,nan,False,3.696927524288185e-05,0.01
gpomdp_reward_only,715,908,777706,0.0,False,112.53231048583984,1.5966376066207886,0.0,112.53231048583984,1436.4273681640625,0.0,0.0,0.0,0.12671853601932526,True,nan,False,4.9611146096140146e-05,0.01
gpomdp_reward_only,715,909,778422,0.0,False,63.02241897583008,1.573069453239441,0.0,63.02241897583008,1201.3350830078125,0.0,0.0,0.0,0.3360895812511444,True,nan,False,3.8020501961000264e-05,0.01
gpomdp_reward_only,715,910,779088,0.0,False,125.31578063964844,1.5646547079086304,0.0,125.31578063964844,1072.7552490234375,0.0,0.0,0.0,-0.040992796421051025,True,nan,False,2.4540588128729723e-05,0.01
gpomdp_reward_only,715,911,779706,0.0,False,34.632999420166016,1.6009421348571777,0.0,34.632999420166016,997.4868774414062,0.0,0.0,0.0,-0.5632617473602295,True,nan,False,2.5181841920129955e-05,0.01
gpomdp_reward_only,715,912,780424,0.0,False,111.22071075439453,1.6014751195907593,0.0,111.22071075439453,1299.450439453125,0.0,0.0,0.0,0.38334736227989197,True,nan,False,9.165555638901424e-06,0.01
gpomdp_reward_only,715,913,781132,0.0,False,145.1956024169922,1.5780571699142456,0.0,145.1956024169922,955.2371826171875,0.0,0.0,0.0,-0.17726966738700867,True,nan,False,2.0812274669879116e-05,0.01
gpomdp_reward_only,715,914,781798,0.0,False,189.35491943359375,1.614507794380188,0.0,189.35491943359375,1138.335205078125,0.0,0.0,0.0,0.06160910427570343,True,nan,False,6.037562343408354e-06,0.01
gpomdp_reward_only,715,915,782527,0.0,False,53.27534866333008,1.5684062242507935,0.0,53.27534866333008,758.53515625,0.0,0.0,0.0,-0.21628406643867493,True,nan,False,1.0145812666451093e-05,0.01
gpomdp_reward_only,715,916,783129,0.0,False,96.07117462158203,1.5693168640136719,0.0,96.07117462158203,1061.1317138671875,0.0,0.0,0.0,-0.0859532430768013,True,nan,False,1.825387153076008e-05,0.01
gpomdp_reward_only,715,917,783750,0.0,False,59.23184585571289,1.6314131021499634,0.0,59.23184585571289,1207.7967529296875,0.0,0.0,0.0,0.09677804261445999,True,nan,False,1.6742842490202747e-05,0.01
gpomdp_reward_only,715,918,784514,0.0,False,67.72669219970703,1.5569605827331543,0.0,67.72669219970703,1103.5548095703125,0.0,0.0,0.0,0.10235593467950821,True,nan,False,1.732473356241826e-05,0.01
gpomdp_reward_only,715,919,785163,0.0,False,56.212196350097656,1.5808533430099487,0.0,56.212196350097656,801.931396484375,0.0,0.0,0.0,-0.17317524552345276,True,nan,False,1.4619546163885389e-05,0.01
gpomdp_reward_only,715,920,785792,0.0,False,93.86895751953125,1.6286333799362183,0.0,93.86895751953125,1474.2310791015625,0.0,0.0,0.0,-0.20812848210334778,True,nan,False,5.217258149059489e-06,0.01
gpomdp_reward_only,715,921,786570,0.0,False,75.57906341552734,1.5881340503692627,0.0,75.57906341552734,1148.462890625,0.0,0.0,0.0,0.13624674081802368,True,nan,False,4.3870109038834926e-06,0.01
gpomdp_reward_only,715,922,787228,0.0,False,105.03985595703125,1.5908286571502686,0.0,105.03985595703125,732.3079223632812,0.0,0.0,0.0,-0.01595505140721798,True,nan,False,9.11579900275683e-06,0.01
gpomdp_reward_only,715,923,787906,0.0,False,102.90470123291016,1.5984344482421875,0.0,102.90470123291016,1443.1099853515625,0.0,0.0,0.0,-0.7155390381813049,True,nan,False,9.90527041722089e-06,0.01
gpomdp_reward_only,715,924,788685,0.0,False,93.25516510009766,1.5540591478347778,0.0,93.25516510009766,1060.1153564453125,0.0,0.0,0.0,-0.44031059741973877,True,nan,False,1.60494601004757e-05,0.01
gpomdp_reward_only,715,925,789342,0.0,False,122.28507995605469,1.5833616256713867,0.0,122.28507995605469,825.6378173828125,0.0,0.0,0.0,-0.2933667004108429,True,nan,False,7.898102012404706e-06,0.01
gpomdp_reward_only,715,926,790018,0.0,False,80.02120971679688,1.5596946477890015,0.0,80.02120971679688,870.3251342773438,0.0,0.0,0.0,-0.03557053953409195,True,nan,False,6.421245871024439e-06,0.01
gpomdp_reward_only,715,927,790644,0.0,False,65.92794799804688,1.5663387775421143,0.0,65.92794799804688,888.6700439453125,0.0,0.0,0.0,0.36451947689056396,True,nan,False,4.759374860441312e-06,0.01
gpomdp_reward_only,715,928,791295,0.0,False,45.045326232910156,1.581955909729004,0.0,45.045326232910156,1010.7134399414062,0.0,0.0,0.0,0.2959746718406677,True,nan,False,4.4421685743145645e-06,0.01
gpomdp_reward_only,715,929,791925,0.0,False,72.25929260253906,1.5602586269378662,0.0,72.25929260253906,842.2086791992188,0.0,0.0,0.0,-0.04264906048774719,True,nan,False,8.066635018622037e-06,0.01
gpomdp_reward_only,715,930,792560,0.0,False,191.44090270996094,1.591801643371582,0.0,191.44090270996094,784.931884765625,0.0,0.0,0.0,0.13850359618663788,True,nan,False,2.1497387933777645e-05,0.01
gpomdp_reward_only,715,931,793228,0.0,False,55.81330108642578,1.589131236076355,0.0,55.81330108642578,998.0711059570312,0.0,0.0,0.0,0.1540992110967636,True,nan,False,1.4942967936804052e-05,0.01
gpomdp_reward_only,715,932,793851,0.0,False,36.81842803955078,1.5874789953231812,0.0,36.81842803955078,1119.718994140625,0.0,0.0,0.0,-0.18970677256584167,True,nan,False,1.2037863598379772e-05,0.01
gpomdp_reward_only,715,933,794540,0.0,False,56.90142059326172,1.603784441947937,0.0,56.90142059326172,937.799072265625,0.0,0.0,0.0,0.4244719445705414,True,nan,False,9.961375326383859e-06,0.01
gpomdp_reward_only,715,934,795247,0.0,False,131.76303100585938,1.601744532585144,0.0,131.76303100585938,1069.7445068359375,0.0,0.0,0.0,-0.16516968607902527,True,nan,False,1.7072889022529125e-05,0.01
gpomdp_reward_only,715,935,795996,0.0,False,80.60499572753906,1.6240688562393188,0.0,80.60499572753906,1520.132080078125,0.0,0.0,0.0,0.10972510278224945,True,nan,False,1.1036807336495258e-05,0.01
gpomdp_reward_only,715,936,796777,0.0,False,111.04927825927734,1.631870985031128,0.0,111.04927825927734,1584.5885009765625,0.0,0.0,0.0,-0.1809430867433548,True,nan,False,3.3703686312946957e-06,0.01
gpomdp_reward_only,715,937,797514,0.0,False,119.19268035888672,1.6235361099243164,0.0,119.19268035888672,1372.0518798828125,0.0,0.0,0.0,0.08792455494403839,True,nan,False,5.736901584896259e-06,0.01
gpomdp_reward_only,715,938,798241,0.0,False,180.77952575683594,1.6382099390029907,0.0,180.77952575683594,1718.5078125,0.0,0.0,0.0,0.08691222965717316,True,nan,False,6.748023679392645e-06,0.01
gpomdp_reward_only,715,939,799110,0.0,False,115.57744598388672,1.6551933288574219,0.0,115.57744598388672,1444.062744140625,0.0,0.0,0.0,-0.07483594119548798,True,nan,False,1.3109576002534595e-06,0.01
gpomdp_reward_only,715,940,799877,0.0,False,99.69160461425781,1.6610002517700195,0.0,99.69160461425781,1726.632080078125,0.0,0.0,0.0,-0.4545694887638092,True,nan,False,2.88768046630139e-06,0.01
gpomdp_reward_only,715,941,800690,0.0,False,135.8606719970703,1.5760594606399536,0.0,135.8606719970703,926.544189453125,0.0,0.0,0.0,0.03116031549870968,True,nan,False,2.6065079055115348e-06,0.01
gpomdp_reward_only,715,942,801324,0.0,False,50.41468048095703,1.5778675079345703,0.0,50.41468048095703,1043.505615234375,0.0,0.0,0.0,-0.31680381298065186,True,nan,False,1.727129074424738e-06,0.01
gpomdp_reward_only,715,943,801998,0.0,False,80.85081481933594,1.584980845451355,0.0,80.85081481933594,747.2608642578125,0.0,0.0,0.0,-0.09875812381505966,True,nan,False,2.3307231913349824e-06,0.01
gpomdp_reward_only,715,944,802643,0.0,False,99.95335388183594,1.5933611392974854,0.0,99.95335388183594,1085.2398681640625,0.0,0.0,0.0,-0.32412466406822205,True,nan,False,6.363524335029069e-06,0.01
gpomdp_reward_only,715,945,803291,0.0,False,118.18671417236328,1.6164515018463135,0.0,118.18671417236328,1440.957275390625,0.0,0.0,0.0,0.2815135419368744,True,nan,False,2.083830167975975e-06,0.01
gpomdp_reward_only,715,946,804028,0.0,False,90.33943176269531,1.5833613872528076,0.0,90.33943176269531,856.1642456054688,0.0,0.0,0.0,0.0013092932058498263,True,nan,False,1.3096630482323235e-06,0.01
gpomdp_reward_only,715,947,804653,0.0,False,71.0850601196289,1.5793218612670898,0.0,71.0850601196289,1045.6490478515625,0.0,0.0,0.0,-0.22526000440120697,True,nan,False,1.7256643332075328e-06,0.01
gpomdp_reward_only,715,948,805293,0.0,False,82.85750579833984,1.6023273468017578,0.0,82.85750579833984,1050.7115478515625,0.0,0.0,0.0,0.015202515758574009,True,nan,False,2.5018946416821564e-06,0.01
gpomdp_reward_only,715,949,805972,0.0,False,146.32232666015625,1.6746371984481812,0.0,146.32232666015625,2061.181640625,0.0,0.0,0.0,-0.514057457447052,True,nan,False,7.755049409752246e-06,0.01
gpomdp_reward_only,715,950,806973,0.0,False,147.57078552246094,1.6862448453903198,0.0,147.57078552246094,2021.390625,0.0,0.0,0.0,-0.12551338970661163,True,nan,False,5.873518603038974e-06,0.01
gpomdp_reward_only,715,951,807861,0.0,False,82.36815643310547,1.6130634546279907,0.0,82.36815643310547,1038.8724365234375,0.0,0.0,0.0,-0.4424172043800354,True,nan,False,1.0436634511279408e-05,0.01
gpomdp_reward_only,715,952,808577,0.0,False,81.48461151123047,1.604002594947815,0.0,81.48461151123047,1100.56591796875,0.0,0.0,0.0,0.5199217200279236,True,nan,False,1.3834337551088538e-05,0.01
gpomdp_reward_only,715,953,809238,0.0,False,106.3092041015625,1.5783288478851318,0.0,106.3092041015625,1034.9429931640625,0.0,0.0,0.0,-0.09598707407712936,True,nan,False,6.595693321287399e-06,0.01
gpomdp_reward_only,715,954,809895,0.0,False,146.1020965576172,1.5986979007720947,0.0,146.1020965576172,1054.753173828125,0.0,0.0,0.0,0.24823437631130219,True,nan,False,1.806312684493605e-05,0.01
gpomdp_reward_only,715,955,810560,0.0,False,96.08702087402344,1.5958234071731567,0.0,96.08702087402344,1000.8147583007812,0.0,0.0,0.0,-0.38223204016685486,True,nan,False,7.325487331399927e-06,0.01
gpomdp_reward_only,715,956,811243,0.0,False,120.42147064208984,1.6274081468582153,0.0,120.42147064208984,1176.46923828125,0.0,0.0,0.0,0.4489082098007202,True,nan,False,1.4620905858464539e-05,0.01
gpomdp_reward_only,715,957,811983,0.0,False,134.99105834960938,1.574838399887085,0.0,134.99105834960938,727.2930908203125,0.0,0.0,0.0,-0.08762216567993164,True,nan,False,1.579676609253511e-05,0.01
gpomdp_reward_only,715,958,812619,0.0,False,117.412353515625,1.5922707319259644,0.0,117.412353515625,770.2139892578125,0.0,0.0,0.0,0.0875847116112709,True,nan,False,2.7444359147921205e-05,0.01
gpomdp_reward_only,715,959,813243,0.0,False,118.43603515625,1.6171618700027466,0.0,118.43603515625,997.7265625,0.0,0.0,0.0,0.04842936247587204,True,nan,False,2.915911863965448e-05,0.01
gpomdp_reward_only,715,960,813943,0.0,False,45.55138397216797,1.6007193326950073,0.0,45.55138397216797,1037.8673095703125,0.0,0.0,0.0,-0.5723521709442139,True,nan,False,2.7775649868999608e-05,0.01
gpomdp_reward_only,715,961,814558,0.0,False,63.07248306274414,1.6010847091674805,0.0,63.07248306274414,1002.3276977539062,0.0,0.0,0.0,0.2823183536529541,True,nan,False,2.1484051103470847e-05,0.01
gpomdp_reward_only,715,962,815170,0.0,False,79.85031127929688,1.6249127388000488,0.0,79.85031127929688,1063.593505859375,0.0,0.0,0.0,0.12444140762090683,True,nan,False,2.0009938452858478e-05,0.01
gpomdp_reward_only,715,963,815860,0.0,False,151.57528686523438,1.6080410480499268,0.0,151.57528686523438,1203.54248046875,0.0,0.0,0.0,-0.17799112200737,True,nan,False,1.3267426766105928e-05,0.01
gpomdp_reward_only,715,964,816588,0.0,False,48.081947326660156,1.6124008893966675,0.0,48.081947326660156,787.0360717773438,0.0,0.0,0.0,0.36068129539489746,True,nan,False,1.3374521586229093e-05,0.01
gpomdp_reward_only,715,965,817229,0.0,False,85.61804962158203,1.6263329982757568,0.0,85.61804962158203,1048.6490478515625,0.0,0.0,0.0,0.42755281925201416,True,nan,False,1.4416287740459666e-05,0.01
gpomdp_reward_only,715,966,817941,0.0,False,81.73084259033203,1.621232032775879,0.0,81.73084259033203,1453.3546142578125,0.0,0.0,0.0,-0.01794269122183323,True,nan,False,1.8905300748883747e-05,0.01
gpomdp_reward_only,715,967,818632,0.0,False,99.47845458984375,1.6048519611358643,0.0,99.47845458984375,1332.905029296875,0.0,0.0,0.0,-0.09096768498420715,True,nan,False,2.8289670808590017e-05,0.01
gpomdp_reward_only,715,968,819340,0.0,False,67.15373229980469,1.5969338417053223,0.0,67.15373229980469,1032.0318603515625,0.0,0.0,0.0,-0.548467755317688,True,nan,False,2.623618820507545e-05,0.01
gpomdp_reward_only,715,969,819990,0.0,False,149.28958129882812,1.6047028303146362,0.0,149.28958129882812,1135.52978515625,0.0,0.0,0.0,-0.05370738357305527,True,nan,False,1.9903831343981437e-05,0.01
gpomdp_reward_only,715,970,820642,0.0,False,67.47335815429688,1.584280014038086,0.0,67.47335815429688,1168.859619140625,0.0,0.0,0.0,0.22023546695709229,True,nan,False,1.801377766241785e-05,0.01
gpomdp_reward_only,715,971,821272,0.0,False,43.426448822021484,1.5927402973175049,0.0,43.426448822021484,818.5198974609375,0.0,0.0,0.0,-0.561366081237793,True,nan,False,1.3774157196166925e-05,0.01
gpomdp_reward_only,715,972,821881,0.0,False,76.22499084472656,1.620002269744873,0.0,76.22499084472656,1177.6668701171875,0.0,0.0,0.0,-0.04559200629591942,True,nan,False,7.099868071236415e-06,0.01
gpomdp_reward_only,715,973,822545,0.0,False,82.62562561035156,1.5840257406234741,0.0,82.62562561035156,773.7286376953125,0.0,0.0,0.0,0.06646076589822769,True,nan,False,1.3729681995755527e-05,0.01
gpomdp_reward_only,715,974,823156,0.0,False,70.63581085205078,1.6043815612792969,0.0,70.63581085205078,996.760009765625,0.0,0.0,0.0,0.23057517409324646,True,nan,False,2.134773058060091e-05,0.01
gpomdp_reward_only,715,975,823838,0.0,False,85.02591705322266,1.611067533493042,0.0,85.02591705322266,924.9082641601562,0.0,0.0,0.0,-0.2284650057554245,True,nan,False,1.994188096432481e-05,0.01
gpomdp_reward_only,715,976,824460,0.0,False,78.38844299316406,1.5831820964813232,0.0,78.38844299316406,988.2860107421875,0.0,0.0,0.0,-0.44877153635025024,True,nan,False,8.30144199426286e-06,0.01
gpomdp_reward_only,715,977,825118,0.0,False,109.64210510253906,1.6007719039916992,0.0,109.64210510253906,926.9042358398438,0.0,0.0,0.0,-0.2421535849571228,True,nan,False,9.835879609454423e-06,0.01
gpomdp_reward_only,715,978,825775,0.0,False,146.2086639404297,1.597342848777771,0.0,146.2086639404297,1131.5823974609375,0.0,0.0,0.0,0.16746722161769867,True,nan,False,2.110070454364177e-05,0.01
gpomdp_reward_only,715,979,826530,0.0,False,92.4106216430664,1.6127426624298096,0.0,92.4106216430664,1445.01904296875,0.0,0.0,0.0,-0.03457186371088028,True,nan,False,1.4155168173601851e-05,0.01
gpomdp_reward_only,715,980,827270,0.0,False,158.66505432128906,1.5998567342758179,0.0,158.66505432128906,846.5352172851562,0.0,0.0,0.0,-0.03316034749150276,True,nan,False,3.746179208974354e-05,0.01
gpomdp_reward_only,715,981,827901,0.0,False,202.69927978515625,1.6162469387054443,0.0,202.69927978515625,994.2491455078125,0.0,0.0,0.0,0.05852733552455902,True,nan,False,4.435342816577759e-06,0.01
gpomdp_reward_only,715,982,828563,0.0,False,61.40712356567383,1.6184216737747192,0.0,61.40712356567383,1550.155517578125,0.0,0.0,0.0,-0.23503173887729645,True,nan,False,4.3731165533245075e-06,0.01
gpomdp_reward_only,715,983,829305,0.0,False,71.7164535522461,1.6052052974700928,0.0,71.7164535522461,1054.227294921875,0.0,0.0,0.0,0.3565516769886017,True,nan,False,4.981071015208727e-06,0.01
gpomdp_reward_only,715,984,829947,0.0,False,107.6811294555664,1.6142334938049316,0.0,107.6811294555664,1383.867431640625,0.0,0.0,0.0,-0.11225784569978714,True,nan,False,5.762386081187287e-06,0.01
gpomdp_reward_only,715,985,830652,0.0,False,76.66741943359375,1.6220606565475464,0.0,76.66741943359375,1059.5496826171875,0.0,0.0,0.0,-0.2634042799472809,True,nan,False,1.047108253260376e-05,0.01
gpomdp_reward_only,715,986,831257,0.0,False,208.90724182128906,1.6300132274627686,0.0,208.90724182128906,1549.91552734375,0.0,0.0,0.0,-0.14164899289608002,True,nan,False,4.2379851947771385e-05,0.01
gpomdp_reward_only,715,987,832049,0.0,False,121.90068054199219,1.577890396118164,0.0,121.90068054199219,897.7817993164062,0.0,0.0,0.0,-0.030517760664224625,True,nan,False,3.716391802299768e-05,0.01
gpomdp_reward_only,715,988,832704,0.0,False,131.9165802001953,1.6053575277328491,0.0,131.9165802001953,1349.005126953125,0.0,0.0,0.0,-0.13117031753063202,True,nan,False,4.4051743316231295e-05,0.01
gpomdp_reward_only,715,989,833431,0.0,False,114.0257568359375,1.6716448068618774,0.0,114.0257568359375,1503.546630859375,0.0,0.0,0.0,-0.14636602997779846,True,nan,False,4.2072580981766805e-05,0.01
gpomdp_reward_only,715,990,834332,0.0,False,129.95703125,1.6169354915618896,0.0,129.95703125,1145.4542236328125,0.0,0.0,0.0,-0.16632024943828583,True,nan,False,3.715234197443351e-05,0.01
gpomdp_reward_only,715,991,835033,0.0,False,93.83602142333984,1.6294400691986084,0.0,93.83602142333984,1664.061767578125,0.0,0.0,0.0,-0.31816908717155457,True,nan,False,2.747352482401766e-05,0.01
gpomdp_reward_only,715,992,835731,0.0,False,118.37932586669922,1.6250561475753784,0.0,118.37932586669922,1125.460205078125,0.0,0.0,0.0,0.35645195841789246,True,nan,False,8.781487849773839e-06,0.01
gpomdp_reward_only,715,993,836359,0.0,False,133.4376678466797,1.624517560005188,0.0,133.4376678466797,1154.0233154296875,0.0,0.0,0.0,0.0029322102200239897,True,nan,False,6.2177141444408335e-06,0.01
gpomdp_reward_only,715,994,837033,0.0,False,79.41556549072266,1.6103262901306152,0.0,79.41556549072266,1080.136962890625,0.0,0.0,0.0,-0.18540512025356293,True,nan,False,1.679464548942633e-05,0.01
gpomdp_reward_only,715,995,837749,0.0,False,46.350406646728516,1.6390297412872314,0.0,46.350406646728516,1153.315185546875,0.0,0.0,0.0,0.03965957090258598,True,nan,False,9.918783689499833e-06,0.01
gpomdp_reward_only,715,996,838426,0.0,False,34.576438903808594,1.605139970779419,0.0,34.576438903808594,1156.4151611328125,0.0,0.0,0.0,0.17372985184192657,True,nan,False,1.1441759852459654e-05,0.01
gpomdp_reward_only,715,997,839099,0.0,False,136.75640869140625,1.6211189031600952,0.0,136.75640869140625,1103.6002197265625,0.0,0.0,0.0,-0.16929274797439575,True,nan,False,1.1393613021937199e-05,0.01
gpomdp_reward_only,715,998,839823,0.0,False,71.0510482788086,1.6093531847000122,0.0,71.0510482788086,1160.1051025390625,0.0,0.0,0.0,0.20622022449970245,True,nan,False,6.151088655315107e-06,0.01
gpomdp_reward_only,715,999,840535,0.0,False,54.27427673339844,1.634912133216858,0.0,54.27427673339844,909.4420166015625,0.0,0.0,0.0,-0.5951992869377136,True,nan,False,5.474244517245097e-06,0.01
