Device       : cpu

========== GPOMDP LOSS ==========
states shape  = (128, 27, 11)
actions shape = (128, 27, 3)
rewards shape = (128, 27)
returns shape = (128, 27)
mask shape    = (128, 27)
log_probs shape = (128, 27)
valid steps = 1611
objective = 0.258142
loss = -0.258142
========== END GPOMDP DEBUG ==========


========== NPG PRECONDITIONING ==========
Fisher condition number  : 9.590e+02
||nat_g|| / ||g||        : 1.440
========== END NPG DEBUG ==========

/Users/adelella/Documents/Useful/More/pj/vanilla-policy-gradient/vpg/train.py:127: UserWarning: Converting a tensor with requires_grad=True to a scalar may lead to unexpected behavior.
Consider using tensor.detach() first. (Triggered internally at /Users/runner/work/pytorch/pytorch/torch/csrc/autograd/generated/python_variable_methods.cpp:839.)
  return float(torch.cat(grads).norm())
Iteration 0000 | train reward: 13.56 | best: 13.56 | KL: 3.830e-05 | std: 0.6066 | rollout: 0.906s | update: 0.057s | total: 0.964s | samples/s: 1672
Iteration 0001 | train reward: 15.41 | best: 15.41 | KL: 5.890e-05 | std: 0.6067 | rollout: 0.959s | update: 0.052s | total: 1.010s | samples/s: 1720
Iteration 0002 | train reward: 15.56 | best: 15.56 | KL: 6.696e-05 | std: 0.6070 | rollout: 1.077s | update: 0.012s | total: 1.089s | samples/s: 1613
Iteration 0003 | train reward: 14.89 | best: 15.56 | KL: 4.472e-05 | std: 0.6069 | rollout: 0.855s | update: 0.059s | total: 0.913s | samples/s: 1867
Iteration 0004 | train reward: 13.70 | best: 15.56 | KL: 5.300e-05 | std: 0.6071 | rollout: 0.805s | update: 0.010s | total: 0.815s | samples/s: 2005
Iteration 0005 | train reward: 15.87 | best: 15.87 | KL: 5.149e-05 | std: 0.6073 | rollout: 0.959s | update: 0.009s | total: 0.968s | samples/s: 1822
Iteration 0006 | train reward: 14.95 | best: 15.87 | KL: 5.002e-05 | std: 0.6073 | rollout: 0.861s | update: 0.009s | total: 0.870s | samples/s: 1978
Iteration 0007 | train reward: 16.32 | best: 16.32 | KL: 6.465e-05 | std: 0.6078 | rollout: 0.707s | update: 0.036s | total: 0.743s | samples/s: 2408
Iteration 0008 | train reward: 16.95 | best: 16.95 | KL: 5.962e-05 | std: 0.6079 | rollout: 1.084s | update: 0.024s | total: 1.107s | samples/s: 1662
Iteration 0009 | train reward: 17.31 | best: 17.31 | KL: 8.141e-05 | std: 0.6082 | rollout: 0.912s | update: 0.032s | total: 0.944s | samples/s: 1983
Iteration 0010 | train reward: 17.25 | best: 17.31 | KL: 8.082e-05 | std: 0.6083 | rollout: 0.834s | update: 0.067s | total: 0.902s | samples/s: 2059
Iteration 0011 | train reward: 19.33 | best: 19.33 | KL: 7.334e-05 | std: 0.6085 | rollout: 0.858s | update: 0.047s | total: 0.905s | samples/s: 2204
Iteration 0012 | train reward: 18.38 | best: 19.33 | KL: 6.048e-05 | std: 0.6082 | rollout: 0.686s | update: 0.074s | total: 0.760s | samples/s: 2553
Iteration 0013 | train reward: 22.82 | best: 22.82 | KL: 7.061e-05 | std: 0.6083 | rollout: 1.198s | update: 0.037s | total: 1.234s | samples/s: 1801
Iteration 0014 | train reward: 20.50 | best: 22.82 | KL: 9.313e-05 | std: 0.6081 | rollout: 1.117s | update: 0.069s | total: 1.187s | samples/s: 1750
Iteration 0015 | train reward: 19.20 | best: 22.82 | KL: 6.526e-05 | std: 0.6084 | rollout: 1.092s | update: 0.078s | total: 1.170s | samples/s: 1697
Iteration 0016 | train reward: 19.06 | best: 22.82 | KL: 7.698e-05 | std: 0.6082 | rollout: 0.955s | update: 0.038s | total: 0.993s | samples/s: 2002
Iteration 0017 | train reward: 22.79 | best: 22.82 | KL: 8.081e-05 | std: 0.6082 | rollout: 1.480s | update: 0.019s | total: 1.499s | samples/s: 1473
Iteration 0018 | train reward: 23.48 | best: 23.48 | KL: 7.276e-05 | std: 0.6081 | rollout: 1.179s | update: 0.060s | total: 1.239s | samples/s: 1829
Iteration 0019 | train reward: 21.68 | best: 23.48 | KL: 6.211e-05 | std: 0.6079 | rollout: 0.928s | update: 0.008s | total: 0.936s | samples/s: 2300
Iteration 0020 | train reward: 25.04 | best: 25.04 | KL: 7.636e-05 | std: 0.6077 | rollout: 1.440s | update: 0.057s | total: 1.498s | samples/s: 1580
Iteration 0021 | train reward: 26.65 | best: 26.65 | KL: 8.328e-05 | std: 0.6078 | rollout: 1.455s | update: 0.037s | total: 1.493s | samples/s: 1649
Iteration 0022 | train reward: 28.18 | best: 28.18 | KL: 8.984e-05 | std: 0.6078 | rollout: 1.772s | update: 0.010s | total: 1.782s | samples/s: 1437
Iteration 0023 | train reward: 24.78 | best: 28.18 | KL: 5.687e-05 | std: 0.6076 | rollout: 1.583s | update: 0.014s | total: 1.597s | samples/s: 1462
Iteration 0024 | train reward: 24.89 | best: 28.18 | KL: 7.410e-05 | std: 0.6077 | rollout: 1.388s | update: 0.013s | total: 1.401s | samples/s: 1672
Iteration 0025 | train reward: 29.89 | best: 29.89 | KL: 9.260e-05 | std: 0.6076 | rollout: 1.572s | update: 0.030s | total: 1.602s | samples/s: 1673
Iteration 0026 | train reward: 31.41 | best: 31.41 | KL: 1.262e-04 | std: 0.6076 | rollout: 1.523s | update: 0.011s | total: 1.535s | samples/s: 1814
Iteration 0027 | train reward: 33.07 | best: 33.07 | KL: 8.563e-05 | std: 0.6078 | rollout: 1.793s | update: 0.047s | total: 1.841s | samples/s: 1559
Iteration 0028 | train reward: 31.95 | best: 33.07 | KL: 1.136e-04 | std: 0.6079 | rollout: 1.692s | update: 0.017s | total: 1.709s | samples/s: 1649
Iteration 0029 | train reward: 38.98 | best: 38.98 | KL: 1.307e-04 | std: 0.6076 | rollout: 2.188s | update: 0.033s | total: 2.220s | samples/s: 1468
Iteration 0030 | train reward: 33.31 | best: 38.98 | KL: 7.262e-05 | std: 0.6076 | rollout: 1.940s | update: 0.018s | total: 1.959s | samples/s: 1474
Iteration 0031 | train reward: 41.52 | best: 41.52 | KL: 1.161e-04 | std: 0.6074 | rollout: 2.006s | update: 0.017s | total: 2.023s | samples/s: 1672
Iteration 0032 | train reward: 39.12 | best: 41.52 | KL: 1.302e-04 | std: 0.6070 | rollout: 2.184s | update: 0.049s | total: 2.234s | samples/s: 1452
Iteration 0033 | train reward: 37.01 | best: 41.52 | KL: 1.410e-04 | std: 0.6074 | rollout: 1.537s | update: 0.032s | total: 1.569s | samples/s: 1993
Iteration 0034 | train reward: 45.60 | best: 45.60 | KL: 1.633e-04 | std: 0.6070 | rollout: 2.320s | update: 0.051s | total: 2.371s | samples/s: 1538
Iteration 0035 | train reward: 45.62 | best: 45.62 | KL: 1.123e-04 | std: 0.6068 | rollout: 2.214s | update: 0.055s | total: 2.268s | samples/s: 1605
Iteration 0036 | train reward: 53.35 | best: 53.35 | KL: 1.776e-04 | std: 0.6066 | rollout: 2.391s | update: 0.074s | total: 2.465s | samples/s: 1657
Iteration 0037 | train reward: 48.55 | best: 53.35 | KL: 1.231e-04 | std: 0.6061 | rollout: 2.094s | update: 0.050s | total: 2.144s | samples/s: 1788
Iteration 0038 | train reward: 52.10 | best: 53.35 | KL: 1.407e-04 | std: 0.6061 | rollout: 2.685s | update: 0.031s | total: 2.715s | samples/s: 1485
Iteration 0039 | train reward: 61.51 | best: 61.51 | KL: 1.824e-04 | std: 0.6061 | rollout: 2.449s | update: 0.082s | total: 2.531s | samples/s: 1801
Iteration 0040 | train reward: 58.25 | best: 61.51 | KL: 1.861e-04 | std: 0.6048 | rollout: 2.592s | update: 0.041s | total: 2.633s | samples/s: 1666
Iteration 0041 | train reward: 71.73 | best: 71.73 | KL: 1.789e-04 | std: 0.6041 | rollout: 2.428s | update: 0.018s | total: 2.446s | samples/s: 2118
Iteration 0042 | train reward: 70.22 | best: 71.73 | KL: 2.055e-04 | std: 0.6033 | rollout: 2.554s | update: 0.054s | total: 2.608s | samples/s: 1956
Iteration 0043 | train reward: 76.03 | best: 76.03 | KL: 2.229e-04 | std: 0.6033 | rollout: 2.525s | update: 0.146s | total: 2.672s | samples/s: 2027
Iteration 0044 | train reward: 85.26 | best: 85.26 | KL: 2.277e-04 | std: 0.6030 | rollout: 2.255s | update: 0.115s | total: 2.369s | samples/s: 2531
Iteration 0045 | train reward: 87.33 | best: 87.33 | KL: 2.448e-04 | std: 0.6019 | rollout: 2.624s | update: 0.066s | total: 2.690s | samples/s: 2272
Iteration 0046 | train reward: 92.33 | best: 92.33 | KL: 3.207e-04 | std: 0.6018 | rollout: 2.617s | update: 0.078s | total: 2.695s | samples/s: 2376
Iteration 0047 | train reward: 106.85 | best: 106.85 | KL: 2.628e-04 | std: 0.6015 | rollout: 2.386s | update: 0.040s | total: 2.426s | samples/s: 2990
Iteration 0048 | train reward: 121.26 | best: 121.26 | KL: 2.355e-04 | std: 0.6009 | rollout: 2.580s | update: 0.141s | total: 2.720s | samples/s: 2990
Iteration 0049 | train reward: 121.53 | best: 121.53 | KL: 3.297e-04 | std: 0.5997 | rollout: 2.586s | update: 0.125s | total: 2.711s | samples/s: 2983
Iteration 0050 | train reward: 138.64 | best: 138.64 | KL: 2.946e-04 | std: 0.5987 | rollout: 2.374s | update: 0.049s | total: 2.423s | samples/s: 3729
Iteration 0051 | train reward: 136.82 | best: 138.64 | KL: 2.315e-04 | std: 0.5981 | rollout: 2.953s | update: 0.130s | total: 3.082s | samples/s: 2899
Iteration 0052 | train reward: 138.03 | best: 138.64 | KL: 2.964e-04 | std: 0.5981 | rollout: 2.412s | update: 0.024s | total: 2.436s | samples/s: 3676
Iteration 0053 | train reward: 148.30 | best: 148.30 | KL: 2.699e-04 | std: 0.5980 | rollout: 2.465s | update: 0.035s | total: 2.500s | samples/s: 3825
Iteration 0054 | train reward: 145.96 | best: 148.30 | KL: 2.605e-04 | std: 0.5973 | rollout: 2.670s | update: 0.065s | total: 2.736s | samples/s: 3443
Iteration 0055 | train reward: 154.12 | best: 154.12 | KL: 2.937e-04 | std: 0.5960 | rollout: 2.712s | update: 0.078s | total: 2.791s | samples/s: 3529
Iteration 0056 | train reward: 155.60 | best: 155.60 | KL: 2.398e-04 | std: 0.5957 | rollout: 2.828s | update: 0.105s | total: 2.932s | samples/s: 3396
Iteration 0057 | train reward: 155.50 | best: 155.60 | KL: 2.333e-04 | std: 0.5956 | rollout: 2.753s | update: 0.111s | total: 2.863s | samples/s: 3482
Iteration 0058 | train reward: 162.70 | best: 162.70 | KL: 1.933e-04 | std: 0.5963 | rollout: 2.735s | update: 0.079s | total: 2.814s | samples/s: 3643
Iteration 0059 | train reward: 167.87 | best: 167.87 | KL: 1.551e-04 | std: 0.5961 | rollout: 2.909s | update: 0.117s | total: 3.026s | samples/s: 3511
Iteration 0060 | train reward: 171.22 | best: 171.22 | KL: 9.166e-05 | std: 0.5968 | rollout: 2.588s | update: 0.047s | total: 2.635s | samples/s: 4094
Iteration 0061 | train reward: 171.33 | best: 171.33 | KL: 1.206e-04 | std: 0.5973 | rollout: 2.335s | update: 0.116s | total: 2.450s | samples/s: 4388
Iteration 0062 | train reward: 172.36 | best: 172.36 | KL: 1.464e-04 | std: 0.5973 | rollout: 2.743s | update: 0.125s | total: 2.868s | samples/s: 3789
Iteration 0063 | train reward: 171.24 | best: 172.36 | KL: 7.969e-05 | std: 0.5984 | rollout: 2.737s | update: 0.184s | total: 2.921s | samples/s: 3685
Iteration 0064 | train reward: 170.25 | best: 172.36 | KL: 2.092e-04 | std: 0.5998 | rollout: 2.341s | update: 0.069s | total: 2.411s | samples/s: 4428
Iteration 0065 | train reward: 172.57 | best: 172.57 | KL: 1.342e-04 | std: 0.5992 | rollout: 2.549s | update: 0.202s | total: 2.750s | samples/s: 3957
Iteration 0066 | train reward: 171.93 | best: 172.57 | KL: 1.082e-04 | std: 0.5986 | rollout: 2.446s | update: 0.037s | total: 2.483s | samples/s: 4337
Iteration 0067 | train reward: 172.17 | best: 172.57 | KL: 1.355e-04 | std: 0.5974 | rollout: 2.495s | update: 0.047s | total: 2.542s | samples/s: 4247
Iteration 0068 | train reward: 173.60 | best: 173.60 | KL: 1.252e-04 | std: 0.5975 | rollout: 2.500s | update: 0.025s | total: 2.525s | samples/s: 4291
Iteration 0069 | train reward: 171.42 | best: 173.60 | KL: 1.199e-04 | std: 0.5966 | rollout: 2.518s | update: 0.036s | total: 2.554s | samples/s: 4232
Iteration 0070 | train reward: 173.06 | best: 173.60 | KL: 1.602e-04 | std: 0.5963 | rollout: 2.298s | update: 0.044s | total: 2.342s | samples/s: 4626
Iteration 0071 | train reward: 174.57 | best: 174.57 | KL: 7.643e-05 | std: 0.5963 | rollout: 2.532s | update: 0.166s | total: 2.698s | samples/s: 4043
Iteration 0072 | train reward: 173.36 | best: 174.57 | KL: 1.608e-04 | std: 0.5954 | rollout: 2.472s | update: 0.045s | total: 2.517s | samples/s: 4309
Iteration 0073 | train reward: 175.82 | best: 175.82 | KL: 1.268e-04 | std: 0.5963 | rollout: 2.604s | update: 0.035s | total: 2.639s | samples/s: 4180
Iteration 0074 | train reward: 174.53 | best: 175.82 | KL: 8.994e-05 | std: 0.5957 | rollout: 2.474s | update: 0.291s | total: 2.765s | samples/s: 3965
Iteration 0075 | train reward: 173.22 | best: 175.82 | KL: 1.621e-04 | std: 0.5957 | rollout: 2.303s | update: 0.035s | total: 2.338s | samples/s: 4651
Iteration 0076 | train reward: 174.44 | best: 175.82 | KL: 1.095e-04 | std: 0.5951 | rollout: 2.421s | update: 0.028s | total: 2.449s | samples/s: 4458
Iteration 0077 | train reward: 173.85 | best: 175.82 | KL: 6.385e-05 | std: 0.5951 | rollout: 2.513s | update: 0.048s | total: 2.561s | samples/s: 4268
Iteration 0078 | train reward: 176.11 | best: 176.11 | KL: 1.266e-04 | std: 0.5948 | rollout: 2.392s | update: 0.022s | total: 2.413s | samples/s: 4565
Iteration 0079 | train reward: 173.24 | best: 176.11 | KL: 1.206e-04 | std: 0.5951 | rollout: 2.381s | update: 0.028s | total: 2.408s | samples/s: 4515
Iteration 0080 | train reward: 175.36 | best: 176.11 | KL: 1.684e-04 | std: 0.5950 | rollout: 2.317s | update: 0.026s | total: 2.344s | samples/s: 4675
Iteration 0081 | train reward: 174.15 | best: 176.11 | KL: 9.347e-05 | std: 0.5951 | rollout: 2.422s | update: 0.022s | total: 2.444s | samples/s: 4456
Iteration 0082 | train reward: 176.92 | best: 176.92 | KL: 1.270e-04 | std: 0.5948 | rollout: 2.475s | update: 0.164s | total: 2.639s | samples/s: 4180
Iteration 0083 | train reward: 176.84 | best: 176.92 | KL: 1.343e-04 | std: 0.5946 | rollout: 2.433s | update: 0.067s | total: 2.500s | samples/s: 4413
Iteration 0084 | train reward: 177.30 | best: 177.30 | KL: 1.171e-04 | std: 0.5942 | rollout: 2.499s | update: 0.035s | total: 2.534s | samples/s: 4369
Iteration 0085 | train reward: 177.80 | best: 177.80 | KL: 8.981e-05 | std: 0.5944 | rollout: 2.430s | update: 0.049s | total: 2.480s | samples/s: 4475
Iteration 0086 | train reward: 175.72 | best: 177.80 | KL: 1.644e-04 | std: 0.5940 | rollout: 2.325s | update: 0.035s | total: 2.360s | samples/s: 4639
Iteration 0087 | train reward: 176.47 | best: 177.80 | KL: 1.609e-04 | std: 0.5934 | rollout: 2.362s | update: 0.065s | total: 2.427s | samples/s: 4524
Iteration 0088 | train reward: 176.22 | best: 177.80 | KL: 1.778e-04 | std: 0.5950 | rollout: 2.389s | update: 0.075s | total: 2.464s | samples/s: 4439
Iteration 0089 | train reward: 177.47 | best: 177.80 | KL: 1.133e-04 | std: 0.5955 | rollout: 2.843s | update: 0.097s | total: 2.940s | samples/s: 3755
Iteration 0090 | train reward: 175.18 | best: 177.80 | KL: 1.964e-04 | std: 0.5964 | rollout: 2.768s | update: 0.120s | total: 2.888s | samples/s: 3785
Iteration 0091 | train reward: 175.44 | best: 177.80 | KL: 1.447e-04 | std: 0.5967 | rollout: 2.949s | update: 0.052s | total: 3.000s | samples/s: 3649
Iteration 0092 | train reward: 176.97 | best: 177.80 | KL: 9.847e-05 | std: 0.5974 | rollout: 2.927s | update: 0.127s | total: 3.054s | samples/s: 3593
Iteration 0093 | train reward: 175.75 | best: 177.80 | KL: 9.069e-05 | std: 0.5970 | rollout: 3.261s | update: 0.062s | total: 3.323s | samples/s: 3292
Iteration 0094 | train reward: 178.02 | best: 178.02 | KL: 1.178e-04 | std: 0.5971 | rollout: 3.058s | update: 0.042s | total: 3.101s | samples/s: 3573
Iteration 0095 | train reward: 177.41 | best: 178.02 | KL: 7.572e-05 | std: 0.5976 | rollout: 2.731s | update: 0.034s | total: 2.765s | samples/s: 3986
Iteration 0096 | train reward: 179.09 | best: 179.09 | KL: 1.088e-04 | std: 0.5975 | rollout: 2.587s | update: 0.078s | total: 2.664s | samples/s: 4179
Iteration 0097 | train reward: 178.31 | best: 179.09 | KL: 1.694e-04 | std: 0.5966 | rollout: 2.810s | update: 0.089s | total: 2.898s | samples/s: 3820
Iteration 0098 | train reward: 178.47 | best: 179.09 | KL: 1.333e-04 | std: 0.5976 | rollout: 2.701s | update: 0.189s | total: 2.891s | samples/s: 3832
Iteration 0099 | train reward: 177.17 | best: 179.09 | KL: 1.163e-04 | std: 0.5980 | rollout: 2.636s | update: 0.166s | total: 2.801s | samples/s: 3924
Iteration 0100 | train reward: 180.18 | best: 180.18 | KL: 1.357e-04 | std: 0.5988 | rollout: 2.587s | update: 0.123s | total: 2.710s | samples/s: 4120
Iteration 0101 | train reward: 180.33 | best: 180.33 | KL: 1.212e-04 | std: 0.5985 | rollout: 2.674s | update: 0.164s | total: 2.838s | samples/s: 3956
Iteration 0102 | train reward: 179.08 | best: 180.33 | KL: 1.050e-04 | std: 0.5989 | rollout: 2.620s | update: 0.095s | total: 2.716s | samples/s: 4090
Iteration 0103 | train reward: 179.07 | best: 180.33 | KL: 1.030e-04 | std: 0.5986 | rollout: 2.472s | update: 0.055s | total: 2.527s | samples/s: 4389
Iteration 0104 | train reward: 178.64 | best: 180.33 | KL: 1.681e-04 | std: 0.5985 | rollout: 2.660s | update: 0.176s | total: 2.836s | samples/s: 3932
Iteration 0105 | train reward: 178.71 | best: 180.33 | KL: 7.577e-05 | std: 0.5979 | rollout: 2.629s | update: 0.070s | total: 2.699s | samples/s: 4116
Iteration 0106 | train reward: 179.48 | best: 180.33 | KL: 7.559e-05 | std: 0.5980 | rollout: 2.630s | update: 0.178s | total: 2.808s | samples/s: 3945
Iteration 0107 | train reward: 179.46 | best: 180.33 | KL: 1.342e-04 | std: 0.5980 | rollout: 2.600s | update: 0.036s | total: 2.636s | samples/s: 4221
Iteration 0108 | train reward: 178.19 | best: 180.33 | KL: 1.452e-04 | std: 0.5983 | rollout: 2.751s | update: 0.106s | total: 2.856s | samples/s: 3863
Iteration 0109 | train reward: 179.75 | best: 180.33 | KL: 1.123e-04 | std: 0.5985 | rollout: 2.653s | update: 0.143s | total: 2.797s | samples/s: 3965
Iteration 0110 | train reward: 177.05 | best: 180.33 | KL: 1.471e-04 | std: 0.5990 | rollout: 2.794s | update: 0.140s | total: 2.933s | samples/s: 3740
Iteration 0111 | train reward: 178.33 | best: 180.33 | KL: 7.101e-05 | std: 0.5987 | rollout: 2.685s | update: 0.077s | total: 2.762s | samples/s: 3998
Iteration 0112 | train reward: 179.85 | best: 180.33 | KL: 1.899e-04 | std: 0.5994 | rollout: 2.818s | update: 0.051s | total: 2.869s | samples/s: 3887
Iteration 0113 | train reward: 179.75 | best: 180.33 | KL: 1.055e-04 | std: 0.5994 | rollout: 2.803s | update: 0.124s | total: 2.927s | samples/s: 3780
Iteration 0114 | train reward: 180.11 | best: 180.33 | KL: 9.829e-05 | std: 0.5985 | rollout: 2.608s | update: 0.023s | total: 2.631s | samples/s: 4235
Iteration 0115 | train reward: 179.77 | best: 180.33 | KL: 1.119e-04 | std: 0.5977 | rollout: 2.616s | update: 0.176s | total: 2.791s | samples/s: 3990
Iteration 0116 | train reward: 178.04 | best: 180.33 | KL: 1.304e-04 | std: 0.5976 | rollout: 2.430s | update: 0.214s | total: 2.644s | samples/s: 4182
Iteration 0117 | train reward: 180.31 | best: 180.33 | KL: 1.659e-04 | std: 0.5981 | rollout: 2.707s | update: 0.151s | total: 2.858s | samples/s: 3871
Iteration 0118 | train reward: 179.50 | best: 180.33 | KL: 1.311e-04 | std: 0.5989 | rollout: 3.246s | update: 0.022s | total: 3.268s | samples/s: 3393
Iteration 0119 | train reward: 180.03 | best: 180.33 | KL: 8.695e-05 | std: 0.5983 | rollout: 2.600s | update: 0.085s | total: 2.685s | samples/s: 4145
Iteration 0120 | train reward: 180.17 | best: 180.33 | KL: 9.832e-05 | std: 0.5987 | rollout: 2.738s | update: 0.145s | total: 2.883s | samples/s: 3863
Iteration 0121 | train reward: 180.46 | best: 180.46 | KL: 8.093e-05 | std: 0.5986 | rollout: 2.511s | update: 0.031s | total: 2.542s | samples/s: 4369
Iteration 0122 | train reward: 179.99 | best: 180.46 | KL: 1.308e-04 | std: 0.5999 | rollout: 2.558s | update: 0.025s | total: 2.583s | samples/s: 4301
Iteration 0123 | train reward: 179.48 | best: 180.46 | KL: 8.034e-05 | std: 0.5992 | rollout: 2.755s | update: 0.035s | total: 2.790s | samples/s: 3989
Iteration 0124 | train reward: 180.81 | best: 180.81 | KL: 7.813e-05 | std: 0.5992 | rollout: 2.620s | update: 0.213s | total: 2.833s | samples/s: 3938
Iteration 0125 | train reward: 181.59 | best: 181.59 | KL: 9.831e-05 | std: 0.5989 | rollout: 2.621s | update: 0.128s | total: 2.749s | samples/s: 4078
Iteration 0126 | train reward: 181.42 | best: 181.59 | KL: 1.494e-04 | std: 0.5979 | rollout: 2.546s | update: 0.046s | total: 2.592s | samples/s: 4336
Iteration 0127 | train reward: 179.46 | best: 181.59 | KL: 1.075e-04 | std: 0.5968 | rollout: 2.492s | update: 0.036s | total: 2.528s | samples/s: 4385
Iteration 0128 | train reward: 180.81 | best: 181.59 | KL: 1.510e-04 | std: 0.5971 | rollout: 2.606s | update: 0.163s | total: 2.770s | samples/s: 4039
Iteration 0129 | train reward: 180.31 | best: 181.59 | KL: 1.091e-04 | std: 0.5966 | rollout: 2.750s | update: 0.154s | total: 2.904s | samples/s: 3836
Iteration 0130 | train reward: 180.61 | best: 181.59 | KL: 1.607e-04 | std: 0.5957 | rollout: 2.497s | update: 0.095s | total: 2.592s | samples/s: 4294
Iteration 0131 | train reward: 180.74 | best: 181.59 | KL: 1.637e-04 | std: 0.5957 | rollout: 2.493s | update: 0.036s | total: 2.529s | samples/s: 4419
Iteration 0132 | train reward: 180.12 | best: 181.59 | KL: 1.359e-04 | std: 0.5956 | rollout: 2.851s | update: 0.035s | total: 2.886s | samples/s: 3866
Iteration 0133 | train reward: 180.82 | best: 181.59 | KL: 1.621e-04 | std: 0.5948 | rollout: 2.507s | update: 0.037s | total: 2.544s | samples/s: 4405
Iteration 0134 | train reward: 181.58 | best: 181.59 | KL: 1.180e-04 | std: 0.5938 | rollout: 2.657s | update: 0.059s | total: 2.715s | samples/s: 4145
Iteration 0135 | train reward: 180.11 | best: 181.59 | KL: 1.226e-04 | std: 0.5935 | rollout: 2.454s | update: 0.100s | total: 2.554s | samples/s: 4357
Iteration 0136 | train reward: 182.20 | best: 182.20 | KL: 1.125e-04 | std: 0.5937 | rollout: 2.581s | update: 0.043s | total: 2.624s | samples/s: 4299
Iteration 0137 | train reward: 181.85 | best: 182.20 | KL: 1.931e-04 | std: 0.5950 | rollout: 2.537s | update: 0.038s | total: 2.575s | samples/s: 4359
Iteration 0138 | train reward: 181.16 | best: 182.20 | KL: 7.997e-05 | std: 0.5944 | rollout: 2.429s | update: 0.056s | total: 2.485s | samples/s: 4521
Iteration 0139 | train reward: 180.72 | best: 182.20 | KL: 1.127e-04 | std: 0.5943 | rollout: 2.507s | update: 0.045s | total: 2.552s | samples/s: 4373
Iteration 0140 | train reward: 183.37 | best: 183.37 | KL: 1.067e-04 | std: 0.5937 | rollout: 2.501s | update: 0.077s | total: 2.577s | samples/s: 4388
Iteration 0141 | train reward: 184.25 | best: 184.25 | KL: 2.060e-04 | std: 0.5938 | rollout: 2.755s | update: 0.065s | total: 2.820s | samples/s: 4073
Iteration 0142 | train reward: 182.06 | best: 184.25 | KL: 1.360e-04 | std: 0.5929 | rollout: 2.870s | update: 0.138s | total: 3.008s | samples/s: 3759
Iteration 0143 | train reward: 182.77 | best: 184.25 | KL: 2.527e-04 | std: 0.5933 | rollout: 2.515s | update: 0.069s | total: 2.584s | samples/s: 4394
Iteration 0144 | train reward: 183.56 | best: 184.25 | KL: 1.610e-04 | std: 0.5940 | rollout: 2.757s | update: 0.080s | total: 2.837s | samples/s: 3989
Iteration 0145 | train reward: 184.05 | best: 184.25 | KL: 1.360e-04 | std: 0.5950 | rollout: 2.846s | update: 0.136s | total: 2.982s | samples/s: 3831
Iteration 0146 | train reward: 184.40 | best: 184.40 | KL: 1.819e-04 | std: 0.5937 | rollout: 2.580s | update: 0.090s | total: 2.671s | samples/s: 4262
Iteration 0147 | train reward: 181.17 | best: 184.40 | KL: 1.578e-04 | std: 0.5938 | rollout: 2.645s | update: 0.121s | total: 2.766s | samples/s: 4032
Iteration 0148 | train reward: 185.81 | best: 185.81 | KL: 1.200e-04 | std: 0.5946 | rollout: 2.542s | update: 0.052s | total: 2.595s | samples/s: 4397
Iteration 0149 | train reward: 184.59 | best: 185.81 | KL: 1.033e-04 | std: 0.5938 | rollout: 2.741s | update: 0.146s | total: 2.887s | samples/s: 3936
Iteration 0150 | train reward: 185.64 | best: 185.81 | KL: 1.429e-04 | std: 0.5940 | rollout: 2.747s | update: 0.033s | total: 2.780s | samples/s: 4118
Iteration 0151 | train reward: 184.90 | best: 185.81 | KL: 9.065e-05 | std: 0.5950 | rollout: 2.757s | update: 0.062s | total: 2.819s | samples/s: 4068
Iteration 0152 | train reward: 184.91 | best: 185.81 | KL: 9.893e-05 | std: 0.5935 | rollout: 2.761s | update: 0.154s | total: 2.915s | samples/s: 3901
Iteration 0153 | train reward: 184.99 | best: 185.81 | KL: 1.320e-04 | std: 0.5930 | rollout: 2.710s | update: 0.193s | total: 2.903s | samples/s: 3932
Iteration 0154 | train reward: 180.61 | best: 185.81 | KL: 1.352e-04 | std: 0.5925 | rollout: 2.516s | update: 0.043s | total: 2.559s | samples/s: 4343
Iteration 0155 | train reward: 184.74 | best: 185.81 | KL: 1.438e-04 | std: 0.5914 | rollout: 2.984s | update: 0.075s | total: 3.059s | samples/s: 3725
Iteration 0156 | train reward: 184.84 | best: 185.81 | KL: 1.248e-04 | std: 0.5905 | rollout: 2.938s | update: 0.144s | total: 3.082s | samples/s: 3692
Iteration 0157 | train reward: 185.48 | best: 185.81 | KL: 1.448e-04 | std: 0.5901 | rollout: 2.807s | update: 0.119s | total: 2.926s | samples/s: 3889
Iteration 0158 | train reward: 186.33 | best: 186.33 | KL: 1.247e-04 | std: 0.5904 | rollout: 2.769s | update: 0.073s | total: 2.842s | samples/s: 4024
Iteration 0159 | train reward: 186.70 | best: 186.70 | KL: 1.161e-04 | std: 0.5905 | rollout: 3.114s | update: 0.067s | total: 3.181s | samples/s: 3597
Iteration 0160 | train reward: 186.14 | best: 186.70 | KL: 1.205e-04 | std: 0.5899 | rollout: 2.642s | update: 0.029s | total: 2.672s | samples/s: 4291
Iteration 0161 | train reward: 187.07 | best: 187.07 | KL: 9.403e-05 | std: 0.5902 | rollout: 2.852s | update: 0.138s | total: 2.990s | samples/s: 3847
Iteration 0162 | train reward: 186.34 | best: 187.07 | KL: 1.245e-04 | std: 0.5911 | rollout: 2.740s | update: 0.104s | total: 2.845s | samples/s: 4018
Iteration 0163 | train reward: 184.80 | best: 187.07 | KL: 1.385e-04 | std: 0.5918 | rollout: 3.259s | update: 0.039s | total: 3.298s | samples/s: 3445
Iteration 0164 | train reward: 185.96 | best: 187.07 | KL: 1.575e-04 | std: 0.5915 | rollout: 3.023s | update: 0.076s | total: 3.098s | samples/s: 3684
Iteration 0165 | train reward: 186.74 | best: 187.07 | KL: 1.702e-04 | std: 0.5912 | rollout: 2.637s | update: 0.048s | total: 2.685s | samples/s: 4253
Iteration 0166 | train reward: 187.47 | best: 187.47 | KL: 1.433e-04 | std: 0.5906 | rollout: 2.704s | update: 0.038s | total: 2.742s | samples/s: 4200
Iteration 0167 | train reward: 186.30 | best: 187.47 | KL: 1.356e-04 | std: 0.5909 | rollout: 2.584s | update: 0.027s | total: 2.611s | samples/s: 4381
Iteration 0168 | train reward: 188.10 | best: 188.10 | KL: 1.360e-04 | std: 0.5902 | rollout: 2.829s | update: 0.030s | total: 2.859s | samples/s: 4031
Iteration 0169 | train reward: 186.97 | best: 188.10 | KL: 1.450e-04 | std: 0.5896 | rollout: 2.841s | update: 0.108s | total: 2.949s | samples/s: 3887
Iteration 0170 | train reward: 186.29 | best: 188.10 | KL: 1.325e-04 | std: 0.5899 | rollout: 2.650s | update: 0.048s | total: 2.697s | samples/s: 4259
Iteration 0171 | train reward: 188.90 | best: 188.90 | KL: 1.172e-04 | std: 0.5898 | rollout: 2.922s | update: 0.065s | total: 2.987s | samples/s: 3869
Iteration 0172 | train reward: 186.83 | best: 188.90 | KL: 1.563e-04 | std: 0.5903 | rollout: 2.836s | update: 0.120s | total: 2.957s | samples/s: 3866
Iteration 0173 | train reward: 185.80 | best: 188.90 | KL: 1.258e-04 | std: 0.5904 | rollout: 2.587s | update: 0.066s | total: 2.652s | samples/s: 4277
Iteration 0174 | train reward: 188.40 | best: 188.90 | KL: 9.485e-05 | std: 0.5898 | rollout: 2.841s | update: 0.069s | total: 2.910s | samples/s: 3957
Iteration 0175 | train reward: 187.25 | best: 188.90 | KL: 1.181e-04 | std: 0.5892 | rollout: 2.721s | update: 0.047s | total: 2.768s | samples/s: 4139
Iteration 0176 | train reward: 188.67 | best: 188.90 | KL: 2.073e-04 | std: 0.5883 | rollout: 2.695s | update: 0.143s | total: 2.838s | samples/s: 4061
Iteration 0177 | train reward: 187.59 | best: 188.90 | KL: 1.288e-04 | std: 0.5878 | rollout: 2.709s | update: 0.078s | total: 2.786s | samples/s: 4126
Iteration 0178 | train reward: 186.51 | best: 188.90 | KL: 1.411e-04 | std: 0.5881 | rollout: 2.662s | update: 0.079s | total: 2.741s | samples/s: 4188
Iteration 0179 | train reward: 187.45 | best: 188.90 | KL: 1.397e-04 | std: 0.5875 | rollout: 2.519s | update: 0.065s | total: 2.585s | samples/s: 4469
Iteration 0180 | train reward: 187.37 | best: 188.90 | KL: 1.629e-04 | std: 0.5878 | rollout: 2.563s | update: 0.127s | total: 2.689s | samples/s: 4299
Iteration 0181 | train reward: 187.63 | best: 188.90 | KL: 1.376e-04 | std: 0.5876 | rollout: 2.480s | update: 0.116s | total: 2.596s | samples/s: 4407
Iteration 0182 | train reward: 189.52 | best: 189.52 | KL: 1.307e-04 | std: 0.5885 | rollout: 2.692s | update: 0.156s | total: 2.848s | samples/s: 4089
Iteration 0183 | train reward: 188.63 | best: 189.52 | KL: 1.315e-04 | std: 0.5870 | rollout: 2.439s | update: 0.058s | total: 2.497s | samples/s: 4635
Iteration 0184 | train reward: 189.41 | best: 189.52 | KL: 1.160e-04 | std: 0.5868 | rollout: 2.730s | update: 0.130s | total: 2.859s | samples/s: 4054
Iteration 0185 | train reward: 188.45 | best: 189.52 | KL: 1.574e-04 | std: 0.5872 | rollout: 2.462s | update: 0.060s | total: 2.522s | samples/s: 4595
Iteration 0186 | train reward: 188.99 | best: 189.52 | KL: 1.197e-04 | std: 0.5872 | rollout: 2.512s | update: 0.066s | total: 2.578s | samples/s: 4465
Iteration 0187 | train reward: 188.91 | best: 189.52 | KL: 1.530e-04 | std: 0.5873 | rollout: 2.629s | update: 0.066s | total: 2.695s | samples/s: 4322
Iteration 0188 | train reward: 188.10 | best: 189.52 | KL: 1.098e-04 | std: 0.5880 | rollout: 2.516s | update: 0.058s | total: 2.574s | samples/s: 4481
Iteration 0189 | train reward: 189.58 | best: 189.58 | KL: 1.341e-04 | std: 0.5882 | rollout: 2.647s | update: 0.051s | total: 2.698s | samples/s: 4297
Iteration 0190 | train reward: 189.99 | best: 189.99 | KL: 1.275e-04 | std: 0.5886 | rollout: 2.577s | update: 0.074s | total: 2.651s | samples/s: 4406
Iteration 0191 | train reward: 188.00 | best: 189.99 | KL: 2.522e-04 | std: 0.5885 | rollout: 2.647s | update: 0.060s | total: 2.707s | samples/s: 4255
Iteration 0192 | train reward: 189.64 | best: 189.99 | KL: 7.324e-05 | std: 0.5892 | rollout: 2.828s | update: 0.098s | total: 2.926s | samples/s: 3988
Iteration 0193 | train reward: 188.64 | best: 189.99 | KL: 2.288e-04 | std: 0.5898 | rollout: 2.696s | update: 0.137s | total: 2.833s | samples/s: 4081
Iteration 0194 | train reward: 190.38 | best: 190.38 | KL: 1.000e-04 | std: 0.5894 | rollout: 2.766s | update: 0.040s | total: 2.806s | samples/s: 4173
Iteration 0195 | train reward: 189.54 | best: 190.38 | KL: 6.914e-05 | std: 0.5899 | rollout: 2.605s | update: 0.177s | total: 2.782s | samples/s: 4197
Iteration 0196 | train reward: 190.54 | best: 190.54 | KL: 1.458e-04 | std: 0.5898 | rollout: 2.669s | update: 0.031s | total: 2.700s | samples/s: 4329
Iteration 0197 | train reward: 191.50 | best: 191.50 | KL: 1.307e-04 | std: 0.5892 | rollout: 2.785s | update: 0.153s | total: 2.938s | samples/s: 3997
Iteration 0198 | train reward: 190.85 | best: 191.50 | KL: 1.175e-04 | std: 0.5898 | rollout: 2.398s | update: 0.030s | total: 2.428s | samples/s: 4817
Iteration 0199 | train reward: 190.01 | best: 191.50 | KL: 1.201e-04 | std: 0.5899 | rollout: 2.693s | update: 0.109s | total: 2.803s | samples/s: 4160
Iteration 0200 | train reward: 189.88 | best: 191.50 | KL: 1.022e-04 | std: 0.5902 | rollout: 2.604s | update: 0.091s | total: 2.695s | samples/s: 4309
Iteration 0201 | train reward: 189.58 | best: 191.50 | KL: 1.647e-04 | std: 0.5905 | rollout: 2.580s | update: 0.035s | total: 2.615s | samples/s: 4442
Iteration 0202 | train reward: 191.25 | best: 191.50 | KL: 1.301e-04 | std: 0.5917 | rollout: 2.661s | update: 0.123s | total: 2.784s | samples/s: 4198
Iteration 0203 | train reward: 190.59 | best: 191.50 | KL: 1.413e-04 | std: 0.5917 | rollout: 2.568s | update: 0.032s | total: 2.599s | samples/s: 4483
Iteration 0204 | train reward: 191.61 | best: 191.61 | KL: 8.835e-05 | std: 0.5914 | rollout: 2.593s | update: 0.043s | total: 2.637s | samples/s: 4448
Iteration 0205 | train reward: 189.89 | best: 191.61 | KL: 1.542e-04 | std: 0.5911 | rollout: 2.635s | update: 0.024s | total: 2.659s | samples/s: 4378
Iteration 0206 | train reward: 191.24 | best: 191.61 | KL: 1.533e-04 | std: 0.5907 | rollout: 2.588s | update: 0.038s | total: 2.626s | samples/s: 4446
Iteration 0207 | train reward: 191.03 | best: 191.61 | KL: 1.148e-04 | std: 0.5912 | rollout: 2.587s | update: 0.026s | total: 2.613s | samples/s: 4466
Iteration 0208 | train reward: 191.26 | best: 191.61 | KL: 1.026e-04 | std: 0.5910 | rollout: 2.592s | update: 0.131s | total: 2.723s | samples/s: 4324
Iteration 0209 | train reward: 192.60 | best: 192.60 | KL: 1.605e-04 | std: 0.5911 | rollout: 2.494s | update: 0.034s | total: 2.528s | samples/s: 4679
Iteration 0210 | train reward: 190.43 | best: 192.60 | KL: 1.633e-04 | std: 0.5916 | rollout: 2.595s | update: 0.039s | total: 2.634s | samples/s: 4436
Iteration 0211 | train reward: 191.09 | best: 192.60 | KL: 1.787e-04 | std: 0.5918 | rollout: 2.537s | update: 0.065s | total: 2.602s | samples/s: 4532
Iteration 0212 | train reward: 192.03 | best: 192.60 | KL: 1.278e-04 | std: 0.5918 | rollout: 2.557s | update: 0.026s | total: 2.583s | samples/s: 4564
Iteration 0213 | train reward: 192.97 | best: 192.97 | KL: 1.650e-04 | std: 0.5923 | rollout: 2.563s | update: 0.053s | total: 2.615s | samples/s: 4512
Iteration 0214 | train reward: 192.01 | best: 192.97 | KL: 1.308e-04 | std: 0.5918 | rollout: 2.593s | update: 0.034s | total: 2.628s | samples/s: 4472
Iteration 0215 | train reward: 193.03 | best: 193.03 | KL: 1.618e-04 | std: 0.5911 | rollout: 2.580s | update: 0.044s | total: 2.624s | samples/s: 4539
Iteration 0216 | train reward: 193.19 | best: 193.19 | KL: 1.787e-04 | std: 0.5913 | rollout: 2.797s | update: 0.026s | total: 2.823s | samples/s: 4191
Iteration 0217 | train reward: 191.33 | best: 193.19 | KL: 1.475e-04 | std: 0.5912 | rollout: 2.556s | update: 0.030s | total: 2.586s | samples/s: 4548
Iteration 0218 | train reward: 193.89 | best: 193.89 | KL: 9.209e-05 | std: 0.5911 | rollout: 2.701s | update: 0.034s | total: 2.734s | samples/s: 4345
Iteration 0219 | train reward: 193.59 | best: 193.89 | KL: 2.423e-04 | std: 0.5918 | rollout: 2.588s | update: 0.031s | total: 2.619s | samples/s: 4496
Iteration 0220 | train reward: 192.46 | best: 193.89 | KL: 2.020e-04 | std: 0.5912 | rollout: 2.577s | update: 0.030s | total: 2.607s | samples/s: 4531
Iteration 0221 | train reward: 193.32 | best: 193.89 | KL: 1.765e-04 | std: 0.5894 | rollout: 2.482s | update: 0.062s | total: 2.544s | samples/s: 4652
Iteration 0222 | train reward: 193.34 | best: 193.89 | KL: 1.560e-04 | std: 0.5887 | rollout: 2.495s | update: 0.029s | total: 2.524s | samples/s: 4675
Iteration 0223 | train reward: 193.27 | best: 193.89 | KL: 1.136e-04 | std: 0.5885 | rollout: 2.436s | update: 0.204s | total: 2.639s | samples/s: 4483
Iteration 0224 | train reward: 194.70 | best: 194.70 | KL: 1.544e-04 | std: 0.5887 | rollout: 2.666s | update: 0.039s | total: 2.706s | samples/s: 4418
Iteration 0225 | train reward: 194.80 | best: 194.80 | KL: 1.877e-04 | std: 0.5887 | rollout: 2.658s | update: 0.057s | total: 2.716s | samples/s: 4401
Iteration 0226 | train reward: 194.44 | best: 194.80 | KL: 1.670e-04 | std: 0.5881 | rollout: 2.592s | update: 0.028s | total: 2.620s | samples/s: 4543
Iteration 0227 | train reward: 194.20 | best: 194.80 | KL: 1.363e-04 | std: 0.5883 | rollout: 2.515s | update: 0.150s | total: 2.665s | samples/s: 4483
Iteration 0228 | train reward: 193.85 | best: 194.80 | KL: 1.289e-04 | std: 0.5879 | rollout: 2.539s | update: 0.028s | total: 2.567s | samples/s: 4622
Iteration 0229 | train reward: 193.05 | best: 194.80 | KL: 1.676e-04 | std: 0.5868 | rollout: 2.585s | update: 0.115s | total: 2.700s | samples/s: 4375
Iteration 0230 | train reward: 194.75 | best: 194.80 | KL: 1.760e-04 | std: 0.5868 | rollout: 2.588s | update: 0.031s | total: 2.619s | samples/s: 4577
Iteration 0231 | train reward: 195.41 | best: 195.41 | KL: 1.460e-04 | std: 0.5859 | rollout: 2.674s | update: 0.029s | total: 2.703s | samples/s: 4435
Iteration 0232 | train reward: 194.42 | best: 195.41 | KL: 1.658e-04 | std: 0.5866 | rollout: 2.572s | update: 0.028s | total: 2.599s | samples/s: 4583
Iteration 0233 | train reward: 195.47 | best: 195.47 | KL: 1.545e-04 | std: 0.5855 | rollout: 2.568s | update: 0.040s | total: 2.609s | samples/s: 4588
Iteration 0234 | train reward: 195.79 | best: 195.79 | KL: 1.071e-04 | std: 0.5849 | rollout: 2.689s | update: 0.045s | total: 2.734s | samples/s: 4415
Iteration 0235 | train reward: 195.76 | best: 195.79 | KL: 2.379e-04 | std: 0.5840 | rollout: 2.599s | update: 0.044s | total: 2.643s | samples/s: 4537
Iteration 0236 | train reward: 195.38 | best: 195.79 | KL: 1.331e-04 | std: 0.5842 | rollout: 2.647s | update: 0.034s | total: 2.681s | samples/s: 4474
Iteration 0237 | train reward: 193.42 | best: 195.79 | KL: 1.960e-04 | std: 0.5834 | rollout: 2.501s | update: 0.130s | total: 2.631s | samples/s: 4552
Iteration 0238 | train reward: 194.91 | best: 195.79 | KL: 1.280e-04 | std: 0.5833 | rollout: 2.536s | update: 0.035s | total: 2.571s | samples/s: 4654
Iteration 0239 | train reward: 195.89 | best: 195.89 | KL: 1.065e-04 | std: 0.5833 | rollout: 2.774s | update: 0.050s | total: 2.824s | samples/s: 4252
Iteration 0240 | train reward: 195.45 | best: 195.89 | KL: 1.114e-04 | std: 0.5844 | rollout: 2.639s | update: 0.068s | total: 2.707s | samples/s: 4419
Iteration 0241 | train reward: 195.68 | best: 195.89 | KL: 9.983e-05 | std: 0.5844 | rollout: 2.636s | update: 0.023s | total: 2.660s | samples/s: 4525
Iteration 0242 | train reward: 196.54 | best: 196.54 | KL: 8.210e-05 | std: 0.5844 | rollout: 2.782s | update: 0.049s | total: 2.831s | samples/s: 4276
Iteration 0243 | train reward: 195.92 | best: 196.54 | KL: 1.634e-04 | std: 0.5844 | rollout: 2.513s | update: 0.065s | total: 2.578s | samples/s: 4662
Iteration 0244 | train reward: 196.10 | best: 196.54 | KL: 1.447e-04 | std: 0.5846 | rollout: 2.624s | update: 0.164s | total: 2.788s | samples/s: 4329
Iteration 0245 | train reward: 195.27 | best: 196.54 | KL: 2.338e-04 | std: 0.5846 | rollout: 2.688s | update: 0.066s | total: 2.753s | samples/s: 4333
Iteration 0246 | train reward: 195.88 | best: 196.54 | KL: 2.661e-04 | std: 0.5849 | rollout: 2.811s | update: 0.060s | total: 2.871s | samples/s: 4162
Iteration 0247 | train reward: 196.05 | best: 196.54 | KL: 1.426e-04 | std: 0.5855 | rollout: 2.915s | update: 0.145s | total: 3.060s | samples/s: 3945
Iteration 0248 | train reward: 194.60 | best: 196.54 | KL: 1.348e-04 | std: 0.5853 | rollout: 2.540s | update: 0.056s | total: 2.596s | samples/s: 4584
Iteration 0249 | train reward: 196.33 | best: 196.54 | KL: 1.298e-04 | std: 0.5857 | rollout: 2.584s | update: 0.033s | total: 2.617s | samples/s: 4598
Iteration 0250 | train reward: 196.60 | best: 196.60 | KL: 1.580e-04 | std: 0.5879 | rollout: 2.638s | update: 0.032s | total: 2.670s | samples/s: 4465
Iteration 0251 | train reward: 196.44 | best: 196.60 | KL: 1.706e-04 | std: 0.5872 | rollout: 2.474s | update: 0.238s | total: 2.712s | samples/s: 4433
Iteration 0252 | train reward: 195.75 | best: 196.60 | KL: 1.776e-04 | std: 0.5877 | rollout: 2.881s | update: 0.203s | total: 3.083s | samples/s: 3887
Iteration 0253 | train reward: 197.53 | best: 197.53 | KL: 2.024e-04 | std: 0.5870 | rollout: 2.945s | update: 0.210s | total: 3.155s | samples/s: 3830
Iteration 0254 | train reward: 198.07 | best: 198.07 | KL: 8.753e-05 | std: 0.5864 | rollout: 3.162s | update: 0.196s | total: 3.358s | samples/s: 3583
Iteration 0255 | train reward: 197.68 | best: 198.07 | KL: 1.755e-04 | std: 0.5859 | rollout: 2.820s | update: 0.130s | total: 2.949s | samples/s: 4106
Iteration 0256 | train reward: 197.54 | best: 198.07 | KL: 9.629e-05 | std: 0.5859 | rollout: 3.166s | update: 0.067s | total: 3.233s | samples/s: 3727
Iteration 0257 | train reward: 195.77 | best: 198.07 | KL: 1.674e-04 | std: 0.5857 | rollout: 3.073s | update: 0.271s | total: 3.344s | samples/s: 3560
Iteration 0258 | train reward: 196.46 | best: 198.07 | KL: 1.728e-04 | std: 0.5859 | rollout: 2.741s | update: 0.033s | total: 2.774s | samples/s: 4338
Iteration 0259 | train reward: 197.83 | best: 198.07 | KL: 1.013e-04 | std: 0.5855 | rollout: 2.643s | update: 0.078s | total: 2.720s | samples/s: 4451
Iteration 0260 | train reward: 197.85 | best: 198.07 | KL: 1.270e-04 | std: 0.5850 | rollout: 2.617s | update: 0.042s | total: 2.659s | samples/s: 4507
Iteration 0261 | train reward: 198.28 | best: 198.28 | KL: 9.943e-05 | std: 0.5857 | rollout: 2.628s | update: 0.043s | total: 2.671s | samples/s: 4546
Iteration 0262 | train reward: 197.94 | best: 198.28 | KL: 1.724e-04 | std: 0.5862 | rollout: 2.570s | update: 0.122s | total: 2.692s | samples/s: 4473
Iteration 0263 | train reward: 197.17 | best: 198.28 | KL: 8.317e-05 | std: 0.5868 | rollout: 2.817s | update: 0.025s | total: 2.842s | samples/s: 4232
Iteration 0264 | train reward: 199.90 | best: 199.90 | KL: 1.478e-04 | std: 0.5864 | rollout: 2.839s | update: 0.076s | total: 2.915s | samples/s: 4208
Iteration 0265 | train reward: 198.84 | best: 199.90 | KL: 1.186e-04 | std: 0.5861 | rollout: 2.864s | update: 0.080s | total: 2.943s | samples/s: 4131
Iteration 0266 | train reward: 197.36 | best: 199.90 | KL: 1.523e-04 | std: 0.5863 | rollout: 2.870s | update: 0.073s | total: 2.942s | samples/s: 4100
Iteration 0267 | train reward: 197.41 | best: 199.90 | KL: 8.969e-05 | std: 0.5864 | rollout: 2.793s | update: 0.039s | total: 2.832s | samples/s: 4257
Iteration 0268 | train reward: 195.33 | best: 199.90 | KL: 1.804e-04 | std: 0.5859 | rollout: 2.721s | update: 0.034s | total: 2.755s | samples/s: 4347
Iteration 0269 | train reward: 197.90 | best: 199.90 | KL: 1.109e-04 | std: 0.5859 | rollout: 2.807s | update: 0.025s | total: 2.832s | samples/s: 4249
Iteration 0270 | train reward: 197.56 | best: 199.90 | KL: 2.598e-04 | std: 0.5859 | rollout: 2.766s | update: 0.034s | total: 2.800s | samples/s: 4298
Iteration 0271 | train reward: 198.99 | best: 199.90 | KL: 1.799e-04 | std: 0.5861 | rollout: 2.755s | update: 0.068s | total: 2.823s | samples/s: 4304
Iteration 0272 | train reward: 198.79 | best: 199.90 | KL: 8.506e-05 | std: 0.5866 | rollout: 2.534s | update: 0.041s | total: 2.576s | samples/s: 4700
Iteration 0273 | train reward: 199.37 | best: 199.90 | KL: 1.532e-04 | std: 0.5859 | rollout: 2.845s | update: 0.035s | total: 2.880s | samples/s: 4222
Iteration 0274 | train reward: 197.57 | best: 199.90 | KL: 1.151e-04 | std: 0.5865 | rollout: 2.577s | update: 0.032s | total: 2.608s | samples/s: 4613
Iteration 0275 | train reward: 198.63 | best: 199.90 | KL: 1.433e-04 | std: 0.5859 | rollout: 2.728s | update: 0.175s | total: 2.903s | samples/s: 4173
Iteration 0276 | train reward: 199.21 | best: 199.90 | KL: 1.772e-04 | std: 0.5847 | rollout: 2.528s | update: 0.030s | total: 2.558s | samples/s: 4759
Iteration 0277 | train reward: 198.68 | best: 199.90 | KL: 1.387e-04 | std: 0.5844 | rollout: 2.750s | update: 0.043s | total: 2.793s | samples/s: 4335
Iteration 0278 | train reward: 199.43 | best: 199.90 | KL: 1.535e-04 | std: 0.5855 | rollout: 3.107s | update: 0.087s | total: 3.194s | samples/s: 3829
Iteration 0279 | train reward: 200.28 | best: 200.28 | KL: 1.654e-04 | std: 0.5848 | rollout: 2.857s | update: 0.232s | total: 3.089s | samples/s: 3983
Iteration 0280 | train reward: 197.87 | best: 200.28 | KL: 1.171e-04 | std: 0.5850 | rollout: 2.602s | update: 0.050s | total: 2.652s | samples/s: 4558
Iteration 0281 | train reward: 199.18 | best: 200.28 | KL: 1.398e-04 | std: 0.5844 | rollout: 2.683s | update: 0.163s | total: 2.846s | samples/s: 4299
Iteration 0282 | train reward: 200.14 | best: 200.28 | KL: 1.279e-04 | std: 0.5836 | rollout: 2.696s | update: 0.071s | total: 2.767s | samples/s: 4411
Iteration 0283 | train reward: 199.75 | best: 200.28 | KL: 1.365e-04 | std: 0.5827 | rollout: 2.778s | update: 0.173s | total: 2.951s | samples/s: 4130
Iteration 0284 | train reward: 199.63 | best: 200.28 | KL: 1.707e-04 | std: 0.5829 | rollout: 2.690s | update: 0.174s | total: 2.864s | samples/s: 4234
Iteration 0285 | train reward: 199.62 | best: 200.28 | KL: 1.353e-04 | std: 0.5827 | rollout: 2.728s | update: 0.048s | total: 2.776s | samples/s: 4410
Iteration 0286 | train reward: 199.84 | best: 200.28 | KL: 1.227e-04 | std: 0.5824 | rollout: 2.695s | update: 0.028s | total: 2.723s | samples/s: 4478
Iteration 0287 | train reward: 200.10 | best: 200.28 | KL: 1.828e-04 | std: 0.5825 | rollout: 2.561s | update: 0.036s | total: 2.597s | samples/s: 4682
Iteration 0288 | train reward: 200.16 | best: 200.28 | KL: 2.762e-04 | std: 0.5822 | rollout: 2.610s | update: 0.040s | total: 2.650s | samples/s: 4586
Iteration 0289 | train reward: 200.22 | best: 200.28 | KL: 1.023e-04 | std: 0.5820 | rollout: 2.644s | update: 0.042s | total: 2.687s | samples/s: 4549
Iteration 0290 | train reward: 199.89 | best: 200.28 | KL: 1.985e-04 | std: 0.5824 | rollout: 2.753s | update: 0.054s | total: 2.807s | samples/s: 4329
Iteration 0291 | train reward: 199.56 | best: 200.28 | KL: 1.908e-04 | std: 0.5820 | rollout: 2.679s | update: 0.073s | total: 2.752s | samples/s: 4416
Iteration 0292 | train reward: 200.10 | best: 200.28 | KL: 1.481e-04 | std: 0.5810 | rollout: 2.615s | update: 0.027s | total: 2.642s | samples/s: 4603
Iteration 0293 | train reward: 200.33 | best: 200.33 | KL: 1.758e-04 | std: 0.5807 | rollout: 2.689s | update: 0.032s | total: 2.721s | samples/s: 4493
Iteration 0294 | train reward: 200.77 | best: 200.77 | KL: 1.849e-04 | std: 0.5814 | rollout: 2.661s | update: 0.042s | total: 2.703s | samples/s: 4543
Iteration 0295 | train reward: 200.66 | best: 200.77 | KL: 1.404e-04 | std: 0.5820 | rollout: 2.717s | update: 0.050s | total: 2.767s | samples/s: 4421
Iteration 0296 | train reward: 200.48 | best: 200.77 | KL: 1.510e-04 | std: 0.5824 | rollout: 2.761s | update: 0.030s | total: 2.790s | samples/s: 4387
Iteration 0297 | train reward: 202.05 | best: 202.05 | KL: 1.410e-04 | std: 0.5829 | rollout: 2.593s | update: 0.035s | total: 2.628s | samples/s: 4685
Iteration 0298 | train reward: 200.30 | best: 202.05 | KL: 1.987e-04 | std: 0.5826 | rollout: 2.575s | update: 0.034s | total: 2.609s | samples/s: 4665
Iteration 0299 | train reward: 201.11 | best: 202.05 | KL: 1.501e-04 | std: 0.5833 | rollout: 2.685s | update: 0.025s | total: 2.710s | samples/s: 4560
Iteration 0300 | train reward: 201.65 | best: 202.05 | KL: 1.528e-04 | std: 0.5838 | rollout: 2.740s | update: 0.031s | total: 2.770s | samples/s: 4432
Iteration 0301 | train reward: 202.07 | best: 202.07 | KL: 1.484e-04 | std: 0.5839 | rollout: 2.750s | update: 0.036s | total: 2.785s | samples/s: 4460
Iteration 0302 | train reward: 202.42 | best: 202.42 | KL: 1.209e-04 | std: 0.5836 | rollout: 2.694s | update: 0.043s | total: 2.737s | samples/s: 4504
Iteration 0303 | train reward: 200.85 | best: 202.42 | KL: 1.550e-04 | std: 0.5829 | rollout: 2.750s | update: 0.038s | total: 2.788s | samples/s: 4403
Iteration 0304 | train reward: 201.15 | best: 202.42 | KL: 1.445e-04 | std: 0.5827 | rollout: 2.582s | update: 0.102s | total: 2.684s | samples/s: 4580
Iteration 0305 | train reward: 201.01 | best: 202.42 | KL: 1.932e-04 | std: 0.5833 | rollout: 2.697s | update: 0.047s | total: 2.744s | samples/s: 4429
Iteration 0306 | train reward: 201.47 | best: 202.42 | KL: 1.137e-04 | std: 0.5827 | rollout: 2.734s | update: 0.062s | total: 2.797s | samples/s: 4378
Iteration 0307 | train reward: 200.92 | best: 202.42 | KL: 1.593e-04 | std: 0.5839 | rollout: 2.874s | update: 0.044s | total: 2.918s | samples/s: 4215
Iteration 0308 | train reward: 201.99 | best: 202.42 | KL: 1.896e-04 | std: 0.5847 | rollout: 2.693s | update: 0.040s | total: 2.733s | samples/s: 4486
Iteration 0309 | train reward: 201.77 | best: 202.42 | KL: 7.654e-05 | std: 0.5846 | rollout: 2.764s | update: 0.060s | total: 2.823s | samples/s: 4371
Iteration 0310 | train reward: 201.45 | best: 202.42 | KL: 1.855e-04 | std: 0.5853 | rollout: 2.682s | update: 0.105s | total: 2.787s | samples/s: 4398
Iteration 0311 | train reward: 201.64 | best: 202.42 | KL: 2.165e-04 | std: 0.5848 | rollout: 2.829s | update: 0.027s | total: 2.856s | samples/s: 4293
Iteration 0312 | train reward: 202.16 | best: 202.42 | KL: 9.099e-05 | std: 0.5855 | rollout: 2.823s | update: 0.049s | total: 2.872s | samples/s: 4262
Iteration 0313 | train reward: 201.55 | best: 202.42 | KL: 1.151e-04 | std: 0.5859 | rollout: 2.879s | update: 0.061s | total: 2.940s | samples/s: 4194
Iteration 0314 | train reward: 202.68 | best: 202.68 | KL: 1.692e-04 | std: 0.5852 | rollout: 2.964s | update: 0.051s | total: 3.015s | samples/s: 4101
Iteration 0315 | train reward: 202.39 | best: 202.68 | KL: 1.077e-04 | std: 0.5851 | rollout: 2.792s | update: 0.033s | total: 2.825s | samples/s: 4344
Iteration 0316 | train reward: 202.18 | best: 202.68 | KL: 1.596e-04 | std: 0.5846 | rollout: 2.720s | update: 0.200s | total: 2.919s | samples/s: 4198
Iteration 0317 | train reward: 202.55 | best: 202.68 | KL: 1.821e-04 | std: 0.5855 | rollout: 2.730s | update: 0.035s | total: 2.765s | samples/s: 4471
Iteration 0318 | train reward: 202.37 | best: 202.68 | KL: 9.698e-05 | std: 0.5855 | rollout: 2.741s | update: 0.037s | total: 2.777s | samples/s: 4443
Iteration 0319 | train reward: 203.32 | best: 203.32 | KL: 1.877e-04 | std: 0.5855 | rollout: 2.734s | update: 0.111s | total: 2.846s | samples/s: 4340
Iteration 0320 | train reward: 204.40 | best: 204.40 | KL: 2.362e-04 | std: 0.5855 | rollout: 2.707s | update: 0.061s | total: 2.769s | samples/s: 4486
Iteration 0321 | train reward: 204.04 | best: 204.40 | KL: 1.918e-04 | std: 0.5851 | rollout: 3.153s | update: 0.182s | total: 3.335s | samples/s: 3736
Iteration 0322 | train reward: 202.14 | best: 204.40 | KL: 1.330e-04 | std: 0.5846 | rollout: 2.732s | update: 0.039s | total: 2.772s | samples/s: 4439
Iteration 0323 | train reward: 203.29 | best: 204.40 | KL: 2.057e-04 | std: 0.5848 | rollout: 2.911s | update: 0.031s | total: 2.942s | samples/s: 4200
Iteration 0324 | train reward: 203.58 | best: 204.40 | KL: 1.634e-04 | std: 0.5840 | rollout: 2.806s | update: 0.033s | total: 2.839s | samples/s: 4361
Iteration 0325 | train reward: 202.78 | best: 204.40 | KL: 2.272e-04 | std: 0.5839 | rollout: 2.863s | update: 0.024s | total: 2.887s | samples/s: 4292
Iteration 0326 | train reward: 203.78 | best: 204.40 | KL: 1.435e-04 | std: 0.5836 | rollout: 2.801s | update: 0.025s | total: 2.826s | samples/s: 4383
Iteration 0327 | train reward: 203.28 | best: 204.40 | KL: 1.522e-04 | std: 0.5835 | rollout: 2.742s | update: 0.032s | total: 2.775s | samples/s: 4468
Iteration 0328 | train reward: 203.60 | best: 204.40 | KL: 1.213e-04 | std: 0.5846 | rollout: 2.614s | update: 0.045s | total: 2.659s | samples/s: 4645
Iteration 0329 | train reward: 203.63 | best: 204.40 | KL: 1.269e-04 | std: 0.5848 | rollout: 2.775s | update: 0.028s | total: 2.803s | samples/s: 4413
Iteration 0330 | train reward: 202.57 | best: 204.40 | KL: 1.736e-04 | std: 0.5831 | rollout: 2.652s | update: 0.172s | total: 2.824s | samples/s: 4364
Iteration 0331 | train reward: 203.65 | best: 204.40 | KL: 2.188e-04 | std: 0.5827 | rollout: 2.780s | update: 0.036s | total: 2.816s | samples/s: 4366
Iteration 0332 | train reward: 203.96 | best: 204.40 | KL: 1.241e-04 | std: 0.5824 | rollout: 2.614s | update: 0.030s | total: 2.644s | samples/s: 4674
Iteration 0333 | train reward: 203.64 | best: 204.40 | KL: 2.231e-04 | std: 0.5808 | rollout: 2.853s | update: 0.179s | total: 3.032s | samples/s: 4071
Iteration 0334 | train reward: 204.42 | best: 204.42 | KL: 1.339e-04 | std: 0.5811 | rollout: 2.761s | update: 0.031s | total: 2.792s | samples/s: 4455
Iteration 0335 | train reward: 204.88 | best: 204.88 | KL: 1.674e-04 | std: 0.5801 | rollout: 2.739s | update: 0.033s | total: 2.771s | samples/s: 4471
Iteration 0336 | train reward: 205.12 | best: 205.12 | KL: 1.816e-04 | std: 0.5797 | rollout: 2.832s | update: 0.041s | total: 2.873s | samples/s: 4341
Iteration 0337 | train reward: 205.66 | best: 205.66 | KL: 1.478e-04 | std: 0.5797 | rollout: 2.766s | update: 0.099s | total: 2.865s | samples/s: 4335
Iteration 0338 | train reward: 205.74 | best: 205.74 | KL: 1.444e-04 | std: 0.5801 | rollout: 2.907s | update: 0.049s | total: 2.956s | samples/s: 4206
Iteration 0339 | train reward: 206.24 | best: 206.24 | KL: 1.222e-04 | std: 0.5799 | rollout: 3.051s | update: 0.088s | total: 3.138s | samples/s: 3973
Iteration 0340 | train reward: 205.15 | best: 206.24 | KL: 1.183e-04 | std: 0.5797 | rollout: 2.698s | update: 0.027s | total: 2.725s | samples/s: 4551
Iteration 0341 | train reward: 204.82 | best: 206.24 | KL: 1.438e-04 | std: 0.5794 | rollout: 2.792s | update: 0.033s | total: 2.825s | samples/s: 4375
Iteration 0342 | train reward: 206.51 | best: 206.51 | KL: 1.365e-04 | std: 0.5794 | rollout: 2.793s | update: 0.031s | total: 2.824s | samples/s: 4404
Iteration 0343 | train reward: 206.13 | best: 206.51 | KL: 1.308e-04 | std: 0.5790 | rollout: 2.749s | update: 0.034s | total: 2.783s | samples/s: 4496
Iteration 0344 | train reward: 206.61 | best: 206.61 | KL: 2.475e-04 | std: 0.5794 | rollout: 2.782s | update: 0.033s | total: 2.815s | samples/s: 4440
Iteration 0345 | train reward: 206.48 | best: 206.61 | KL: 1.920e-04 | std: 0.5794 | rollout: 2.808s | update: 0.036s | total: 2.845s | samples/s: 4392
Iteration 0346 | train reward: 207.34 | best: 207.34 | KL: 1.454e-04 | std: 0.5794 | rollout: 2.823s | update: 0.121s | total: 2.944s | samples/s: 4269
Iteration 0347 | train reward: 206.02 | best: 207.34 | KL: 1.908e-04 | std: 0.5790 | rollout: 2.778s | update: 0.038s | total: 2.815s | samples/s: 4420
Iteration 0348 | train reward: 207.14 | best: 207.34 | KL: 1.275e-04 | std: 0.5783 | rollout: 2.851s | update: 0.114s | total: 2.965s | samples/s: 4195
Iteration 0349 | train reward: 205.65 | best: 207.34 | KL: 1.305e-04 | std: 0.5788 | rollout: 2.842s | update: 0.028s | total: 2.870s | samples/s: 4327
Iteration 0350 | train reward: 206.66 | best: 207.34 | KL: 1.509e-04 | std: 0.5796 | rollout: 2.893s | update: 0.033s | total: 2.927s | samples/s: 4258
Iteration 0351 | train reward: 207.01 | best: 207.34 | KL: 1.916e-04 | std: 0.5797 | rollout: 2.659s | update: 0.056s | total: 2.714s | samples/s: 4602
Iteration 0352 | train reward: 206.13 | best: 207.34 | KL: 9.276e-05 | std: 0.5796 | rollout: 2.762s | update: 0.025s | total: 2.787s | samples/s: 4461
Iteration 0353 | train reward: 206.59 | best: 207.34 | KL: 1.319e-04 | std: 0.5788 | rollout: 2.922s | update: 0.033s | total: 2.954s | samples/s: 4199
Iteration 0354 | train reward: 207.11 | best: 207.34 | KL: 1.130e-04 | std: 0.5794 | rollout: 2.771s | update: 0.045s | total: 2.816s | samples/s: 4406
Iteration 0355 | train reward: 207.94 | best: 207.94 | KL: 1.379e-04 | std: 0.5794 | rollout: 2.658s | update: 0.062s | total: 2.720s | samples/s: 4576
Iteration 0356 | train reward: 207.37 | best: 207.94 | KL: 2.293e-04 | std: 0.5799 | rollout: 2.625s | update: 0.026s | total: 2.651s | samples/s: 4667
Iteration 0357 | train reward: 206.23 | best: 207.94 | KL: 1.512e-04 | std: 0.5803 | rollout: 2.697s | update: 0.060s | total: 2.757s | samples/s: 4460
Iteration 0358 | train reward: 207.20 | best: 207.94 | KL: 9.547e-05 | std: 0.5797 | rollout: 2.607s | update: 0.030s | total: 2.637s | samples/s: 4709
Iteration 0359 | train reward: 208.57 | best: 208.57 | KL: 1.519e-04 | std: 0.5800 | rollout: 2.726s | update: 0.119s | total: 2.845s | samples/s: 4405
Iteration 0360 | train reward: 208.21 | best: 208.57 | KL: 2.282e-04 | std: 0.5794 | rollout: 2.963s | update: 0.031s | total: 2.994s | samples/s: 4195
Iteration 0361 | train reward: 207.06 | best: 208.57 | KL: 2.661e-04 | std: 0.5794 | rollout: 2.770s | update: 0.049s | total: 2.819s | samples/s: 4398
Iteration 0362 | train reward: 207.17 | best: 208.57 | KL: 1.972e-04 | std: 0.5797 | rollout: 2.730s | update: 0.030s | total: 2.760s | samples/s: 4496
Iteration 0363 | train reward: 206.03 | best: 208.57 | KL: 1.379e-04 | std: 0.5798 | rollout: 2.692s | update: 0.101s | total: 2.793s | samples/s: 4416
Iteration 0364 | train reward: 208.68 | best: 208.68 | KL: 1.501e-04 | std: 0.5795 | rollout: 2.665s | update: 0.032s | total: 2.697s | samples/s: 4631
Iteration 0365 | train reward: 209.09 | best: 209.09 | KL: 1.469e-04 | std: 0.5805 | rollout: 2.815s | update: 0.030s | total: 2.845s | samples/s: 4414
Iteration 0366 | train reward: 208.88 | best: 209.09 | KL: 1.675e-04 | std: 0.5803 | rollout: 2.791s | update: 0.041s | total: 2.832s | samples/s: 4409
Iteration 0367 | train reward: 208.41 | best: 209.09 | KL: 1.928e-04 | std: 0.5801 | rollout: 2.805s | update: 0.028s | total: 2.833s | samples/s: 4400
Iteration 0368 | train reward: 208.95 | best: 209.09 | KL: 2.750e-04 | std: 0.5798 | rollout: 2.736s | update: 0.034s | total: 2.769s | samples/s: 4505
Iteration 0369 | train reward: 208.04 | best: 209.09 | KL: 1.210e-04 | std: 0.5801 | rollout: 2.613s | update: 0.124s | total: 2.738s | samples/s: 4521
Iteration 0370 | train reward: 208.56 | best: 209.09 | KL: 1.398e-04 | std: 0.5794 | rollout: 2.913s | update: 0.031s | total: 2.944s | samples/s: 4252
Iteration 0371 | train reward: 208.33 | best: 209.09 | KL: 2.876e-04 | std: 0.5792 | rollout: 2.810s | update: 0.076s | total: 2.886s | samples/s: 4307
Iteration 0372 | train reward: 207.08 | best: 209.09 | KL: 9.661e-05 | std: 0.5801 | rollout: 2.974s | update: 0.055s | total: 3.029s | samples/s: 4101
Iteration 0373 | train reward: 209.62 | best: 209.62 | KL: 1.628e-04 | std: 0.5794 | rollout: 2.999s | update: 0.059s | total: 3.058s | samples/s: 4095
Iteration 0374 | train reward: 210.11 | best: 210.11 | KL: 1.292e-04 | std: 0.5795 | rollout: 2.788s | update: 0.043s | total: 2.831s | samples/s: 4425
Iteration 0375 | train reward: 208.75 | best: 210.11 | KL: 1.462e-04 | std: 0.5788 | rollout: 2.689s | update: 0.030s | total: 2.719s | samples/s: 4578
Iteration 0376 | train reward: 209.17 | best: 210.11 | KL: 1.001e-04 | std: 0.5785 | rollout: 2.882s | update: 0.025s | total: 2.907s | samples/s: 4299
Iteration 0377 | train reward: 210.74 | best: 210.74 | KL: 9.900e-05 | std: 0.5786 | rollout: 2.643s | update: 0.027s | total: 2.670s | samples/s: 4707
Iteration 0378 | train reward: 209.65 | best: 210.74 | KL: 1.395e-04 | std: 0.5781 | rollout: 2.666s | update: 0.083s | total: 2.749s | samples/s: 4565
Iteration 0379 | train reward: 210.21 | best: 210.74 | KL: 1.513e-04 | std: 0.5775 | rollout: 2.950s | update: 0.026s | total: 2.976s | samples/s: 4211
Iteration 0380 | train reward: 211.28 | best: 211.28 | KL: 1.824e-04 | std: 0.5769 | rollout: 2.555s | update: 0.030s | total: 2.584s | samples/s: 4842
Iteration 0381 | train reward: 210.63 | best: 211.28 | KL: 1.024e-04 | std: 0.5768 | rollout: 2.837s | update: 0.024s | total: 2.861s | samples/s: 4378
Iteration 0382 | train reward: 210.09 | best: 211.28 | KL: 1.566e-04 | std: 0.5769 | rollout: 2.644s | update: 0.042s | total: 2.686s | samples/s: 4653
Iteration 0383 | train reward: 210.09 | best: 211.28 | KL: 1.847e-04 | std: 0.5764 | rollout: 2.749s | update: 0.031s | total: 2.780s | samples/s: 4502
Iteration 0384 | train reward: 209.83 | best: 211.28 | KL: 1.089e-04 | std: 0.5775 | rollout: 2.625s | update: 0.025s | total: 2.650s | samples/s: 4703
Iteration 0385 | train reward: 211.47 | best: 211.47 | KL: 1.808e-04 | std: 0.5766 | rollout: 2.822s | update: 0.121s | total: 2.943s | samples/s: 4282
Iteration 0386 | train reward: 211.11 | best: 211.47 | KL: 8.504e-05 | std: 0.5766 | rollout: 2.734s | update: 0.039s | total: 2.773s | samples/s: 4534
Iteration 0387 | train reward: 210.89 | best: 211.47 | KL: 1.729e-04 | std: 0.5775 | rollout: 2.877s | update: 0.028s | total: 2.905s | samples/s: 4294
Iteration 0388 | train reward: 210.92 | best: 211.47 | KL: 1.371e-04 | std: 0.5769 | rollout: 2.649s | update: 0.043s | total: 2.692s | samples/s: 4662
Iteration 0389 | train reward: 212.81 | best: 212.81 | KL: 1.652e-04 | std: 0.5779 | rollout: 2.890s | update: 0.039s | total: 2.929s | samples/s: 4342
Iteration 0390 | train reward: 212.29 | best: 212.81 | KL: 1.627e-04 | std: 0.5781 | rollout: 2.658s | update: 0.033s | total: 2.690s | samples/s: 4686
Iteration 0391 | train reward: 212.70 | best: 212.81 | KL: 1.810e-04 | std: 0.5784 | rollout: 2.624s | update: 0.033s | total: 2.657s | samples/s: 4766
Iteration 0392 | train reward: 211.74 | best: 212.81 | KL: 1.627e-04 | std: 0.5790 | rollout: 2.731s | update: 0.030s | total: 2.761s | samples/s: 4563
Iteration 0393 | train reward: 212.77 | best: 212.81 | KL: 1.276e-04 | std: 0.5786 | rollout: 2.641s | update: 0.032s | total: 2.673s | samples/s: 4724
Iteration 0394 | train reward: 213.69 | best: 213.69 | KL: 1.723e-04 | std: 0.5787 | rollout: 2.874s | update: 0.040s | total: 2.914s | samples/s: 4344
Iteration 0395 | train reward: 213.14 | best: 213.69 | KL: 1.901e-04 | std: 0.5790 | rollout: 2.720s | update: 0.064s | total: 2.785s | samples/s: 4557
Iteration 0396 | train reward: 211.47 | best: 213.69 | KL: 1.488e-04 | std: 0.5801 | rollout: 2.608s | update: 0.027s | total: 2.635s | samples/s: 4782
Iteration 0397 | train reward: 211.66 | best: 213.69 | KL: 1.710e-04 | std: 0.5803 | rollout: 2.707s | update: 0.035s | total: 2.742s | samples/s: 4578
Iteration 0398 | train reward: 212.81 | best: 213.69 | KL: 1.752e-04 | std: 0.5799 | rollout: 2.824s | update: 0.036s | total: 2.859s | samples/s: 4409
Iteration 0399 | train reward: 212.06 | best: 213.69 | KL: 1.981e-04 | std: 0.5788 | rollout: 2.818s | update: 0.059s | total: 2.877s | samples/s: 4379
Iteration 0400 | train reward: 213.29 | best: 213.69 | KL: 1.349e-04 | std: 0.5777 | rollout: 2.697s | update: 0.032s | total: 2.729s | samples/s: 4650
Iteration 0401 | train reward: 213.00 | best: 213.69 | KL: 1.254e-04 | std: 0.5768 | rollout: 2.673s | update: 0.133s | total: 2.806s | samples/s: 4526
Iteration 0402 | train reward: 211.90 | best: 213.69 | KL: 2.331e-04 | std: 0.5749 | rollout: 2.607s | update: 0.027s | total: 2.635s | samples/s: 4784
Iteration 0403 | train reward: 213.61 | best: 213.69 | KL: 1.966e-04 | std: 0.5749 | rollout: 2.705s | update: 0.033s | total: 2.738s | samples/s: 4616
Iteration 0404 | train reward: 214.17 | best: 214.17 | KL: 1.945e-04 | std: 0.5757 | rollout: 2.802s | update: 0.041s | total: 2.843s | samples/s: 4464
Iteration 0405 | train reward: 213.69 | best: 214.17 | KL: 1.515e-04 | std: 0.5760 | rollout: 2.747s | update: 0.025s | total: 2.772s | samples/s: 4606
Iteration 0406 | train reward: 214.08 | best: 214.17 | KL: 1.059e-04 | std: 0.5757 | rollout: 2.769s | update: 0.039s | total: 2.808s | samples/s: 4524
Iteration 0407 | train reward: 212.82 | best: 214.17 | KL: 1.731e-04 | std: 0.5747 | rollout: 2.615s | update: 0.035s | total: 2.650s | samples/s: 4772
Iteration 0408 | train reward: 214.58 | best: 214.58 | KL: 1.469e-04 | std: 0.5747 | rollout: 2.694s | update: 0.068s | total: 2.762s | samples/s: 4587
Iteration 0409 | train reward: 214.67 | best: 214.67 | KL: 1.846e-04 | std: 0.5761 | rollout: 2.715s | update: 0.031s | total: 2.746s | samples/s: 4630
Iteration 0410 | train reward: 214.65 | best: 214.67 | KL: 1.781e-04 | std: 0.5766 | rollout: 2.652s | update: 0.049s | total: 2.701s | samples/s: 4729
Iteration 0411 | train reward: 214.86 | best: 214.86 | KL: 2.103e-04 | std: 0.5762 | rollout: 2.746s | update: 0.050s | total: 2.796s | samples/s: 4548
Iteration 0412 | train reward: 214.49 | best: 214.86 | KL: 1.360e-04 | std: 0.5764 | rollout: 2.955s | update: 0.043s | total: 2.998s | samples/s: 4254
Iteration 0413 | train reward: 214.58 | best: 214.86 | KL: 1.614e-04 | std: 0.5771 | rollout: 2.794s | update: 0.044s | total: 2.838s | samples/s: 4489
Iteration 0414 | train reward: 215.63 | best: 215.63 | KL: 1.964e-04 | std: 0.5770 | rollout: 2.660s | update: 0.039s | total: 2.699s | samples/s: 4748
Iteration 0415 | train reward: 216.01 | best: 216.01 | KL: 1.092e-04 | std: 0.5762 | rollout: 2.769s | update: 0.052s | total: 2.822s | samples/s: 4552
Iteration 0416 | train reward: 215.70 | best: 216.01 | KL: 1.568e-04 | std: 0.5757 | rollout: 2.747s | update: 0.053s | total: 2.799s | samples/s: 4566
Iteration 0417 | train reward: 215.42 | best: 216.01 | KL: 1.120e-04 | std: 0.5746 | rollout: 2.855s | update: 0.041s | total: 2.895s | samples/s: 4410
Iteration 0418 | train reward: 214.17 | best: 216.01 | KL: 1.402e-04 | std: 0.5742 | rollout: 2.531s | update: 0.031s | total: 2.562s | samples/s: 4959
Iteration 0419 | train reward: 215.76 | best: 216.01 | KL: 9.712e-05 | std: 0.5747 | rollout: 2.658s | update: 0.052s | total: 2.710s | samples/s: 4721
Iteration 0420 | train reward: 215.42 | best: 216.01 | KL: 1.123e-04 | std: 0.5755 | rollout: 2.787s | update: 0.033s | total: 2.820s | samples/s: 4529
Iteration 0421 | train reward: 217.01 | best: 217.01 | KL: 1.302e-04 | std: 0.5743 | rollout: 2.961s | update: 0.029s | total: 2.990s | samples/s: 4322
Iteration 0422 | train reward: 215.09 | best: 217.01 | KL: 1.565e-04 | std: 0.5727 | rollout: 2.586s | update: 0.032s | total: 2.618s | samples/s: 4860
Iteration 0423 | train reward: 216.92 | best: 217.01 | KL: 1.328e-04 | std: 0.5731 | rollout: 2.728s | update: 0.151s | total: 2.878s | samples/s: 4504
Iteration 0424 | train reward: 217.22 | best: 217.22 | KL: 1.347e-04 | std: 0.5721 | rollout: 2.705s | update: 0.040s | total: 2.746s | samples/s: 4691
Iteration 0425 | train reward: 217.30 | best: 217.30 | KL: 2.037e-04 | std: 0.5718 | rollout: 2.920s | update: 0.032s | total: 2.952s | samples/s: 4380
Iteration 0426 | train reward: 215.81 | best: 217.30 | KL: 1.289e-04 | std: 0.5716 | rollout: 2.567s | update: 0.035s | total: 2.602s | samples/s: 4905
Iteration 0427 | train reward: 216.41 | best: 217.30 | KL: 1.922e-04 | std: 0.5711 | rollout: 2.755s | update: 0.033s | total: 2.788s | samples/s: 4591
Iteration 0428 | train reward: 217.48 | best: 217.48 | KL: 1.849e-04 | std: 0.5717 | rollout: 2.700s | update: 0.045s | total: 2.745s | samples/s: 4693
Iteration 0429 | train reward: 217.44 | best: 217.48 | KL: 2.441e-04 | std: 0.5710 | rollout: 2.773s | update: 0.049s | total: 2.822s | samples/s: 4563
Iteration 0430 | train reward: 217.15 | best: 217.48 | KL: 1.729e-04 | std: 0.5714 | rollout: 2.601s | update: 0.057s | total: 2.658s | samples/s: 4840
Iteration 0431 | train reward: 218.64 | best: 218.64 | KL: 1.278e-04 | std: 0.5720 | rollout: 2.811s | update: 0.049s | total: 2.860s | samples/s: 4524
Iteration 0432 | train reward: 217.34 | best: 218.64 | KL: 1.066e-04 | std: 0.5719 | rollout: 2.690s | update: 0.050s | total: 2.740s | samples/s: 4703
Iteration 0433 | train reward: 217.00 | best: 218.64 | KL: 9.534e-05 | std: 0.5714 | rollout: 2.789s | update: 0.128s | total: 2.917s | samples/s: 4400
Iteration 0434 | train reward: 218.75 | best: 218.75 | KL: 1.555e-04 | std: 0.5704 | rollout: 2.770s | update: 0.041s | total: 2.811s | samples/s: 4601
Iteration 0435 | train reward: 216.93 | best: 218.75 | KL: 1.545e-04 | std: 0.5704 | rollout: 2.793s | update: 0.033s | total: 2.826s | samples/s: 4556
Iteration 0436 | train reward: 218.16 | best: 218.75 | KL: 2.072e-04 | std: 0.5714 | rollout: 2.735s | update: 0.029s | total: 2.764s | samples/s: 4670
Iteration 0437 | train reward: 218.92 | best: 218.92 | KL: 1.783e-04 | std: 0.5710 | rollout: 2.736s | update: 0.032s | total: 2.768s | samples/s: 4691
Iteration 0438 | train reward: 216.96 | best: 218.92 | KL: 2.241e-04 | std: 0.5710 | rollout: 2.786s | update: 0.037s | total: 2.824s | samples/s: 4546
Iteration 0439 | train reward: 218.14 | best: 218.92 | KL: 1.376e-04 | std: 0.5720 | rollout: 2.743s | update: 0.029s | total: 2.772s | samples/s: 4649
Iteration 0440 | train reward: 218.84 | best: 218.92 | KL: 9.694e-05 | std: 0.5720 | rollout: 2.807s | update: 0.032s | total: 2.840s | samples/s: 4575
Iteration 0441 | train reward: 220.11 | best: 220.11 | KL: 1.741e-04 | std: 0.5710 | rollout: 2.729s | update: 0.048s | total: 2.777s | samples/s: 4691
Iteration 0442 | train reward: 219.67 | best: 220.11 | KL: 6.561e-05 | std: 0.5714 | rollout: 2.785s | update: 0.032s | total: 2.817s | samples/s: 4622
Iteration 0443 | train reward: 219.47 | best: 220.11 | KL: 1.162e-04 | std: 0.5712 | rollout: 2.796s | update: 0.054s | total: 2.850s | samples/s: 4563
Iteration 0444 | train reward: 219.25 | best: 220.11 | KL: 1.600e-04 | std: 0.5710 | rollout: 2.774s | update: 0.036s | total: 2.809s | samples/s: 4603
Iteration 0445 | train reward: 218.20 | best: 220.11 | KL: 2.043e-04 | std: 0.5714 | rollout: 2.646s | update: 0.042s | total: 2.688s | samples/s: 4809
Iteration 0446 | train reward: 219.84 | best: 220.11 | KL: 1.397e-04 | std: 0.5710 | rollout: 2.749s | update: 0.170s | total: 2.920s | samples/s: 4468
Iteration 0447 | train reward: 219.92 | best: 220.11 | KL: 2.200e-04 | std: 0.5699 | rollout: 2.957s | update: 0.045s | total: 3.002s | samples/s: 4353
Iteration 0448 | train reward: 220.21 | best: 220.21 | KL: 1.865e-04 | std: 0.5696 | rollout: 2.678s | update: 0.069s | total: 2.748s | samples/s: 4753
Iteration 0449 | train reward: 219.85 | best: 220.21 | KL: 1.974e-04 | std: 0.5701 | rollout: 2.689s | update: 0.035s | total: 2.724s | samples/s: 4787
Iteration 0450 | train reward: 220.43 | best: 220.43 | KL: 1.714e-04 | std: 0.5696 | rollout: 2.849s | update: 0.055s | total: 2.904s | samples/s: 4499
Iteration 0451 | train reward: 218.88 | best: 220.43 | KL: 1.587e-04 | std: 0.5701 | rollout: 2.665s | update: 0.039s | total: 2.704s | samples/s: 4795
Iteration 0452 | train reward: 220.39 | best: 220.43 | KL: 1.599e-04 | std: 0.5686 | rollout: 2.664s | update: 0.036s | total: 2.701s | samples/s: 4835
Iteration 0453 | train reward: 219.80 | best: 220.43 | KL: 2.437e-04 | std: 0.5690 | rollout: 2.831s | update: 0.225s | total: 3.056s | samples/s: 4266
Iteration 0454 | train reward: 220.85 | best: 220.85 | KL: 2.200e-04 | std: 0.5685 | rollout: 2.597s | update: 0.039s | total: 2.636s | samples/s: 4961
Iteration 0455 | train reward: 220.14 | best: 220.85 | KL: 1.034e-04 | std: 0.5685 | rollout: 2.854s | update: 0.061s | total: 2.915s | samples/s: 4473
Iteration 0456 | train reward: 221.66 | best: 221.66 | KL: 1.655e-04 | std: 0.5692 | rollout: 2.907s | update: 0.061s | total: 2.968s | samples/s: 4422
Iteration 0457 | train reward: 219.20 | best: 221.66 | KL: 1.936e-04 | std: 0.5697 | rollout: 2.744s | update: 0.047s | total: 2.790s | samples/s: 4655
Iteration 0458 | train reward: 221.36 | best: 221.66 | KL: 1.253e-04 | std: 0.5697 | rollout: 2.748s | update: 0.036s | total: 2.784s | samples/s: 4724
Iteration 0459 | train reward: 220.15 | best: 221.66 | KL: 1.939e-04 | std: 0.5691 | rollout: 2.769s | update: 0.025s | total: 2.793s | samples/s: 4686
Iteration 0460 | train reward: 221.13 | best: 221.66 | KL: 1.513e-04 | std: 0.5692 | rollout: 2.802s | update: 0.032s | total: 2.834s | samples/s: 4616
Iteration 0461 | train reward: 220.99 | best: 221.66 | KL: 1.631e-04 | std: 0.5688 | rollout: 2.804s | update: 0.031s | total: 2.835s | samples/s: 4632
Iteration 0462 | train reward: 220.83 | best: 221.66 | KL: 1.405e-04 | std: 0.5692 | rollout: 2.753s | update: 0.032s | total: 2.785s | samples/s: 4702
Iteration 0463 | train reward: 220.41 | best: 221.66 | KL: 9.751e-05 | std: 0.5688 | rollout: 2.872s | update: 0.047s | total: 2.919s | samples/s: 4484
Iteration 0464 | train reward: 221.51 | best: 221.66 | KL: 1.244e-04 | std: 0.5686 | rollout: 2.905s | update: 0.133s | total: 3.038s | samples/s: 4325
Iteration 0465 | train reward: 222.35 | best: 222.35 | KL: 1.586e-04 | std: 0.5679 | rollout: 2.913s | update: 0.075s | total: 2.987s | samples/s: 4422
Iteration 0466 | train reward: 222.31 | best: 222.35 | KL: 1.766e-04 | std: 0.5679 | rollout: 3.211s | update: 0.099s | total: 3.310s | samples/s: 3989
Iteration 0467 | train reward: 222.16 | best: 222.35 | KL: 1.335e-04 | std: 0.5677 | rollout: 2.946s | update: 0.121s | total: 3.067s | samples/s: 4301
Iteration 0468 | train reward: 221.84 | best: 222.35 | KL: 1.642e-04 | std: 0.5675 | rollout: 2.899s | update: 0.040s | total: 2.939s | samples/s: 4478
Iteration 0469 | train reward: 222.42 | best: 222.42 | KL: 1.130e-04 | std: 0.5681 | rollout: 2.738s | update: 0.092s | total: 2.830s | samples/s: 4659
Iteration 0470 | train reward: 222.40 | best: 222.42 | KL: 1.537e-04 | std: 0.5675 | rollout: 3.018s | update: 0.034s | total: 3.052s | samples/s: 4321
Iteration 0471 | train reward: 223.18 | best: 223.18 | KL: 1.700e-04 | std: 0.5662 | rollout: 2.896s | update: 0.036s | total: 2.932s | samples/s: 4513
Iteration 0472 | train reward: 222.75 | best: 223.18 | KL: 1.029e-04 | std: 0.5656 | rollout: 2.693s | update: 0.033s | total: 2.726s | samples/s: 4834
Iteration 0473 | train reward: 222.30 | best: 223.18 | KL: 1.612e-04 | std: 0.5664 | rollout: 2.941s | update: 0.226s | total: 3.167s | samples/s: 4162
Iteration 0474 | train reward: 224.48 | best: 224.48 | KL: 2.223e-04 | std: 0.5668 | rollout: 3.097s | update: 0.064s | total: 3.161s | samples/s: 4227
Iteration 0475 | train reward: 223.53 | best: 224.48 | KL: 1.467e-04 | std: 0.5681 | rollout: 2.891s | update: 0.034s | total: 2.925s | samples/s: 4549
Iteration 0476 | train reward: 222.05 | best: 224.48 | KL: 1.677e-04 | std: 0.5682 | rollout: 2.958s | update: 0.035s | total: 2.993s | samples/s: 4389
Iteration 0477 | train reward: 224.46 | best: 224.48 | KL: 2.435e-04 | std: 0.5672 | rollout: 3.070s | update: 0.126s | total: 3.196s | samples/s: 4160
Iteration 0478 | train reward: 224.26 | best: 224.48 | KL: 2.302e-04 | std: 0.5679 | rollout: 3.083s | update: 0.138s | total: 3.221s | samples/s: 4118
Iteration 0479 | train reward: 224.94 | best: 224.94 | KL: 1.516e-04 | std: 0.5668 | rollout: 3.050s | update: 0.102s | total: 3.152s | samples/s: 4236
Iteration 0480 | train reward: 223.77 | best: 224.94 | KL: 1.672e-04 | std: 0.5670 | rollout: 3.264s | update: 0.082s | total: 3.346s | samples/s: 3964
Iteration 0481 | train reward: 224.19 | best: 224.94 | KL: 1.240e-04 | std: 0.5665 | rollout: 3.229s | update: 0.096s | total: 3.325s | samples/s: 3994
Iteration 0482 | train reward: 223.96 | best: 224.94 | KL: 1.490e-04 | std: 0.5666 | rollout: 3.214s | update: 0.069s | total: 3.283s | samples/s: 4049
Iteration 0483 | train reward: 223.80 | best: 224.94 | KL: 1.373e-04 | std: 0.5663 | rollout: 3.053s | update: 0.062s | total: 3.114s | samples/s: 4262
Iteration 0484 | train reward: 223.19 | best: 224.94 | KL: 1.249e-04 | std: 0.5660 | rollout: 3.151s | update: 0.036s | total: 3.187s | samples/s: 4150
Iteration 0485 | train reward: 224.72 | best: 224.94 | KL: 1.918e-04 | std: 0.5646 | rollout: 3.086s | update: 0.032s | total: 3.118s | samples/s: 4263
Iteration 0486 | train reward: 225.85 | best: 225.85 | KL: 1.283e-04 | std: 0.5644 | rollout: 3.025s | update: 0.055s | total: 3.080s | samples/s: 4336
Iteration 0487 | train reward: 223.32 | best: 225.85 | KL: 1.895e-04 | std: 0.5645 | rollout: 2.972s | update: 0.036s | total: 3.008s | samples/s: 4415
Iteration 0488 | train reward: 225.42 | best: 225.85 | KL: 2.254e-04 | std: 0.5649 | rollout: 2.974s | update: 0.056s | total: 3.030s | samples/s: 4411
Iteration 0489 | train reward: 225.51 | best: 225.85 | KL: 1.539e-04 | std: 0.5644 | rollout: 3.177s | update: 0.033s | total: 3.210s | samples/s: 4173
Iteration 0490 | train reward: 225.46 | best: 225.85 | KL: 1.488e-04 | std: 0.5639 | rollout: 2.831s | update: 0.040s | total: 2.871s | samples/s: 4655
Iteration 0491 | train reward: 225.48 | best: 225.85 | KL: 1.633e-04 | std: 0.5627 | rollout: 2.998s | update: 0.196s | total: 3.193s | samples/s: 4173
Iteration 0492 | train reward: 224.20 | best: 225.85 | KL: 1.734e-04 | std: 0.5617 | rollout: 2.900s | update: 0.056s | total: 2.956s | samples/s: 4488
Iteration 0493 | train reward: 226.00 | best: 226.00 | KL: 2.091e-04 | std: 0.5598 | rollout: 2.749s | update: 0.133s | total: 2.882s | samples/s: 4636
Iteration 0494 | train reward: 225.72 | best: 226.00 | KL: 1.674e-04 | std: 0.5587 | rollout: 2.830s | update: 0.216s | total: 3.046s | samples/s: 4376
Iteration 0495 | train reward: 226.94 | best: 226.94 | KL: 1.510e-04 | std: 0.5586 | rollout: 2.996s | update: 0.035s | total: 3.031s | samples/s: 4441
Iteration 0496 | train reward: 226.85 | best: 226.94 | KL: 2.075e-04 | std: 0.5588 | rollout: 3.028s | update: 0.032s | total: 3.060s | samples/s: 4390
Iteration 0497 | train reward: 227.37 | best: 227.37 | KL: 2.029e-04 | std: 0.5571 | rollout: 3.165s | update: 0.036s | total: 3.201s | samples/s: 4209
Iteration 0498 | train reward: 227.25 | best: 227.37 | KL: 1.875e-04 | std: 0.5573 | rollout: 3.062s | update: 0.070s | total: 3.132s | samples/s: 4302
Iteration 0499 | train reward: 226.22 | best: 227.37 | KL: 1.387e-04 | std: 0.5579 | rollout: 3.013s | update: 0.035s | total: 3.048s | samples/s: 4379
Iteration 0500 | train reward: 226.09 | best: 227.37 | KL: 1.695e-04 | std: 0.5577 | rollout: 2.960s | update: 0.107s | total: 3.067s | samples/s: 4357
Iteration 0501 | train reward: 225.15 | best: 227.37 | KL: 1.125e-04 | std: 0.5579 | rollout: 3.003s | update: 0.063s | total: 3.066s | samples/s: 4347
Iteration 0502 | train reward: 227.15 | best: 227.37 | KL: 1.453e-04 | std: 0.5571 | rollout: 3.079s | update: 0.204s | total: 3.284s | samples/s: 4104
Iteration 0503 | train reward: 227.60 | best: 227.60 | KL: 1.190e-04 | std: 0.5565 | rollout: 3.199s | update: 0.030s | total: 3.230s | samples/s: 4166
Iteration 0504 | train reward: 226.17 | best: 227.60 | KL: 1.706e-04 | std: 0.5560 | rollout: 2.991s | update: 0.037s | total: 3.027s | samples/s: 4413
Iteration 0505 | train reward: 226.57 | best: 227.60 | KL: 1.165e-04 | std: 0.5558 | rollout: 3.149s | update: 0.038s | total: 3.186s | samples/s: 4207
Iteration 0506 | train reward: 226.80 | best: 227.60 | KL: 2.065e-04 | std: 0.5553 | rollout: 3.090s | update: 0.125s | total: 3.215s | samples/s: 4175
Iteration 0507 | train reward: 228.08 | best: 228.08 | KL: 1.897e-04 | std: 0.5549 | rollout: 3.038s | update: 0.057s | total: 3.095s | samples/s: 4366
Iteration 0508 | train reward: 227.87 | best: 228.08 | KL: 1.806e-04 | std: 0.5540 | rollout: 3.091s | update: 0.037s | total: 3.128s | samples/s: 4329
Iteration 0509 | train reward: 227.50 | best: 228.08 | KL: 1.606e-04 | std: 0.5538 | rollout: 3.290s | update: 0.075s | total: 3.365s | samples/s: 4009
Iteration 0510 | train reward: 227.74 | best: 228.08 | KL: 1.471e-04 | std: 0.5531 | rollout: 3.202s | update: 0.081s | total: 3.283s | samples/s: 4112
Iteration 0511 | train reward: 228.27 | best: 228.27 | KL: 1.528e-04 | std: 0.5519 | rollout: 3.166s | update: 0.212s | total: 3.377s | samples/s: 3998
Iteration 0512 | train reward: 228.19 | best: 228.27 | KL: 1.972e-04 | std: 0.5518 | rollout: 3.053s | update: 0.053s | total: 3.106s | samples/s: 4362
Iteration 0513 | train reward: 228.00 | best: 228.27 | KL: 1.932e-04 | std: 0.5525 | rollout: 3.402s | update: 0.221s | total: 3.624s | samples/s: 3751
Iteration 0514 | train reward: 228.36 | best: 228.36 | KL: 1.130e-04 | std: 0.5533 | rollout: 3.199s | update: 0.054s | total: 3.254s | samples/s: 4161
Iteration 0515 | train reward: 228.34 | best: 228.36 | KL: 1.366e-04 | std: 0.5534 | rollout: 3.246s | update: 0.059s | total: 3.304s | samples/s: 4093
Iteration 0516 | train reward: 227.84 | best: 228.36 | KL: 3.550e-04 | std: 0.5539 | rollout: 3.022s | update: 0.235s | total: 3.256s | samples/s: 4139
Iteration 0517 | train reward: 228.22 | best: 228.36 | KL: 1.750e-04 | std: 0.5545 | rollout: 3.222s | update: 0.173s | total: 3.395s | samples/s: 3983
Iteration 0518 | train reward: 228.28 | best: 228.36 | KL: 3.186e-04 | std: 0.5540 | rollout: 3.286s | update: 0.052s | total: 3.338s | samples/s: 4051
Iteration 0519 | train reward: 227.02 | best: 228.36 | KL: 2.250e-04 | std: 0.5536 | rollout: 3.046s | update: 0.219s | total: 3.265s | samples/s: 4108
Iteration 0520 | train reward: 228.88 | best: 228.88 | KL: 2.242e-04 | std: 0.5534 | rollout: 2.999s | update: 0.086s | total: 3.085s | samples/s: 4403
Iteration 0521 | train reward: 227.84 | best: 228.88 | KL: 2.644e-04 | std: 0.5523 | rollout: 3.271s | update: 0.033s | total: 3.304s | samples/s: 4085
Iteration 0522 | train reward: 228.70 | best: 228.88 | KL: 2.338e-04 | std: 0.5532 | rollout: 3.224s | update: 0.034s | total: 3.258s | samples/s: 4146
Iteration 0523 | train reward: 228.33 | best: 228.88 | KL: 1.631e-04 | std: 0.5538 | rollout: 3.076s | update: 0.137s | total: 3.213s | samples/s: 4206
Iteration 0524 | train reward: 229.56 | best: 229.56 | KL: 1.965e-04 | std: 0.5532 | rollout: 2.974s | update: 0.158s | total: 3.133s | samples/s: 4363
Iteration 0525 | train reward: 228.74 | best: 229.56 | KL: 1.780e-04 | std: 0.5533 | rollout: 2.944s | update: 0.033s | total: 2.977s | samples/s: 4570
Iteration 0526 | train reward: 229.02 | best: 229.56 | KL: 1.829e-04 | std: 0.5534 | rollout: 3.019s | update: 0.059s | total: 3.078s | samples/s: 4400
Iteration 0527 | train reward: 228.06 | best: 229.56 | KL: 1.406e-04 | std: 0.5529 | rollout: 2.899s | update: 0.051s | total: 2.950s | samples/s: 4587
Iteration 0528 | train reward: 228.82 | best: 229.56 | KL: 1.171e-04 | std: 0.5540 | rollout: 2.903s | update: 0.042s | total: 2.945s | samples/s: 4605
Iteration 0529 | train reward: 229.05 | best: 229.56 | KL: 1.542e-04 | std: 0.5536 | rollout: 3.143s | update: 0.118s | total: 3.261s | samples/s: 4173
Iteration 0530 | train reward: 228.50 | best: 229.56 | KL: 1.433e-04 | std: 0.5534 | rollout: 2.882s | update: 0.030s | total: 2.911s | samples/s: 4666
Iteration 0531 | train reward: 227.07 | best: 229.56 | KL: 1.863e-04 | std: 0.5525 | rollout: 2.853s | update: 0.046s | total: 2.899s | samples/s: 4665
Iteration 0532 | train reward: 229.51 | best: 229.56 | KL: 1.610e-04 | std: 0.5529 | rollout: 3.011s | update: 0.160s | total: 3.171s | samples/s: 4305
Iteration 0533 | train reward: 229.95 | best: 229.95 | KL: 8.798e-05 | std: 0.5533 | rollout: 3.093s | update: 0.039s | total: 3.131s | samples/s: 4369
Iteration 0534 | train reward: 230.53 | best: 230.53 | KL: 1.815e-04 | std: 0.5534 | rollout: 3.050s | update: 0.035s | total: 3.084s | samples/s: 4451
Iteration 0535 | train reward: 228.39 | best: 230.53 | KL: 1.713e-04 | std: 0.5528 | rollout: 2.851s | update: 0.032s | total: 2.883s | samples/s: 4685
Iteration 0536 | train reward: 229.58 | best: 230.53 | KL: 1.984e-04 | std: 0.5534 | rollout: 2.996s | update: 0.044s | total: 3.040s | samples/s: 4493
Iteration 0537 | train reward: 230.21 | best: 230.53 | KL: 1.940e-04 | std: 0.5538 | rollout: 2.868s | update: 0.050s | total: 2.917s | samples/s: 4697
Iteration 0538 | train reward: 230.11 | best: 230.53 | KL: 1.943e-04 | std: 0.5549 | rollout: 2.960s | update: 0.050s | total: 3.009s | samples/s: 4537
Iteration 0539 | train reward: 229.14 | best: 230.53 | KL: 1.769e-04 | std: 0.5553 | rollout: 3.004s | update: 0.049s | total: 3.053s | samples/s: 4488
Iteration 0540 | train reward: 229.60 | best: 230.53 | KL: 1.545e-04 | std: 0.5551 | rollout: 3.167s | update: 0.039s | total: 3.206s | samples/s: 4258
Iteration 0541 | train reward: 229.52 | best: 230.53 | KL: 2.461e-04 | std: 0.5547 | rollout: 2.835s | update: 0.033s | total: 2.867s | samples/s: 4748
Iteration 0542 | train reward: 230.31 | best: 230.53 | KL: 1.297e-04 | std: 0.5558 | rollout: 3.112s | update: 0.156s | total: 3.268s | samples/s: 4184
Iteration 0543 | train reward: 230.29 | best: 230.53 | KL: 1.083e-04 | std: 0.5553 | rollout: 3.110s | update: 0.048s | total: 3.158s | samples/s: 4336
Iteration 0544 | train reward: 230.43 | best: 230.53 | KL: 1.079e-04 | std: 0.5547 | rollout: 3.062s | update: 0.038s | total: 3.099s | samples/s: 4432
Iteration 0545 | train reward: 230.79 | best: 230.79 | KL: 1.705e-04 | std: 0.5549 | rollout: 2.712s | update: 0.037s | total: 2.749s | samples/s: 4991
Iteration 0546 | train reward: 230.33 | best: 230.79 | KL: 1.658e-04 | std: 0.5551 | rollout: 3.056s | update: 0.028s | total: 3.084s | samples/s: 4451
Iteration 0547 | train reward: 229.76 | best: 230.79 | KL: 1.800e-04 | std: 0.5545 | rollout: 3.053s | update: 0.029s | total: 3.082s | samples/s: 4407
Iteration 0548 | train reward: 230.77 | best: 230.79 | KL: 1.588e-04 | std: 0.5547 | rollout: 3.033s | update: 0.047s | total: 3.080s | samples/s: 4446
Iteration 0549 | train reward: 228.95 | best: 230.79 | KL: 2.091e-04 | std: 0.5549 | rollout: 2.989s | update: 0.079s | total: 3.068s | samples/s: 4428
Iteration 0550 | train reward: 230.32 | best: 230.79 | KL: 1.237e-04 | std: 0.5551 | rollout: 2.992s | update: 0.035s | total: 3.028s | samples/s: 4519
Iteration 0551 | train reward: 230.39 | best: 230.79 | KL: 1.580e-04 | std: 0.5560 | rollout: 3.029s | update: 0.036s | total: 3.065s | samples/s: 4455
Iteration 0552 | train reward: 229.98 | best: 230.79 | KL: 1.652e-04 | std: 0.5568 | rollout: 2.991s | update: 0.042s | total: 3.033s | samples/s: 4503
Iteration 0553 | train reward: 231.15 | best: 231.15 | KL: 1.710e-04 | std: 0.5566 | rollout: 3.159s | update: 0.110s | total: 3.270s | samples/s: 4200
Iteration 0554 | train reward: 230.36 | best: 231.15 | KL: 1.556e-04 | std: 0.5562 | rollout: 2.986s | update: 0.033s | total: 3.018s | samples/s: 4546
Iteration 0555 | train reward: 230.30 | best: 231.15 | KL: 1.324e-04 | std: 0.5556 | rollout: 3.078s | update: 0.066s | total: 3.145s | samples/s: 4342
Iteration 0556 | train reward: 230.16 | best: 231.15 | KL: 2.061e-04 | std: 0.5552 | rollout: 2.993s | update: 0.036s | total: 3.029s | samples/s: 4514
Iteration 0557 | train reward: 229.59 | best: 231.15 | KL: 2.175e-04 | std: 0.5554 | rollout: 2.902s | update: 0.110s | total: 3.013s | samples/s: 4526
Iteration 0558 | train reward: 231.09 | best: 231.15 | KL: 2.259e-04 | std: 0.5562 | rollout: 3.086s | update: 0.055s | total: 3.141s | samples/s: 4363
Iteration 0559 | train reward: 230.34 | best: 231.15 | KL: 1.906e-04 | std: 0.5579 | rollout: 3.284s | update: 0.036s | total: 3.320s | samples/s: 4118
Iteration 0560 | train reward: 231.43 | best: 231.43 | KL: 1.378e-04 | std: 0.5585 | rollout: 3.167s | update: 0.040s | total: 3.207s | samples/s: 4289
Iteration 0561 | train reward: 229.67 | best: 231.43 | KL: 2.741e-04 | std: 0.5588 | rollout: 3.370s | update: 0.233s | total: 3.602s | samples/s: 3792
Iteration 0562 | train reward: 231.21 | best: 231.43 | KL: 1.481e-04 | std: 0.5588 | rollout: 3.701s | update: 0.242s | total: 3.943s | samples/s: 3500
Iteration 0563 | train reward: 231.24 | best: 231.43 | KL: 2.102e-04 | std: 0.5593 | rollout: 3.325s | update: 0.174s | total: 3.499s | samples/s: 3931
Iteration 0564 | train reward: 229.63 | best: 231.43 | KL: 1.701e-04 | std: 0.5593 | rollout: 3.438s | update: 0.087s | total: 3.525s | samples/s: 3858
Iteration 0565 | train reward: 231.90 | best: 231.90 | KL: 1.037e-04 | std: 0.5593 | rollout: 3.338s | update: 0.231s | total: 3.569s | samples/s: 3880
Iteration 0566 | train reward: 231.07 | best: 231.90 | KL: 1.442e-04 | std: 0.5599 | rollout: 3.215s | update: 0.036s | total: 3.251s | samples/s: 4218
Iteration 0567 | train reward: 231.60 | best: 231.90 | KL: 1.504e-04 | std: 0.5592 | rollout: 3.310s | update: 0.034s | total: 3.343s | samples/s: 4132
Iteration 0568 | train reward: 230.94 | best: 231.90 | KL: 1.727e-04 | std: 0.5605 | rollout: 3.123s | update: 0.043s | total: 3.166s | samples/s: 4340
Iteration 0569 | train reward: 231.64 | best: 231.90 | KL: 1.365e-04 | std: 0.5605 | rollout: 3.062s | update: 0.053s | total: 3.114s | samples/s: 4416
Iteration 0570 | train reward: 230.79 | best: 231.90 | KL: 2.312e-04 | std: 0.5605 | rollout: 3.047s | update: 0.037s | total: 3.084s | samples/s: 4438
Iteration 0571 | train reward: 231.04 | best: 231.90 | KL: 1.140e-04 | std: 0.5614 | rollout: 3.032s | update: 0.029s | total: 3.060s | samples/s: 4499
Iteration 0572 | train reward: 232.24 | best: 232.24 | KL: 1.292e-04 | std: 0.5614 | rollout: 3.042s | update: 0.156s | total: 3.198s | samples/s: 4312
Iteration 0573 | train reward: 231.22 | best: 232.24 | KL: 1.476e-04 | std: 0.5608 | rollout: 2.989s | update: 0.054s | total: 3.043s | samples/s: 4517
Iteration 0574 | train reward: 232.65 | best: 232.65 | KL: 1.501e-04 | std: 0.5618 | rollout: 3.467s | update: 0.033s | total: 3.500s | samples/s: 3951
Iteration 0575 | train reward: 232.17 | best: 232.65 | KL: 1.789e-04 | std: 0.5623 | rollout: 3.196s | update: 0.041s | total: 3.237s | samples/s: 4269
Iteration 0576 | train reward: 231.01 | best: 232.65 | KL: 1.192e-04 | std: 0.5625 | rollout: 3.009s | update: 0.027s | total: 3.036s | samples/s: 4501
Iteration 0577 | train reward: 232.38 | best: 232.65 | KL: 1.564e-04 | std: 0.5620 | rollout: 3.236s | update: 0.029s | total: 3.265s | samples/s: 4250
Iteration 0578 | train reward: 232.45 | best: 232.65 | KL: 1.457e-04 | std: 0.5620 | rollout: 3.156s | update: 0.214s | total: 3.370s | samples/s: 4105
Iteration 0579 | train reward: 231.78 | best: 232.65 | KL: 2.157e-04 | std: 0.5627 | rollout: 3.057s | update: 0.084s | total: 3.141s | samples/s: 4395
Iteration 0580 | train reward: 232.30 | best: 232.65 | KL: 1.848e-04 | std: 0.5618 | rollout: 3.029s | update: 0.195s | total: 3.224s | samples/s: 4289
Iteration 0581 | train reward: 232.93 | best: 232.93 | KL: 1.493e-04 | std: 0.5627 | rollout: 3.034s | update: 0.032s | total: 3.066s | samples/s: 4525
Iteration 0582 | train reward: 231.82 | best: 232.93 | KL: 1.178e-04 | std: 0.5621 | rollout: 3.049s | update: 0.046s | total: 3.094s | samples/s: 4451
Iteration 0583 | train reward: 231.64 | best: 232.93 | KL: 2.330e-04 | std: 0.5629 | rollout: 3.183s | update: 0.082s | total: 3.264s | samples/s: 4233
Iteration 0584 | train reward: 232.69 | best: 232.93 | KL: 1.491e-04 | std: 0.5629 | rollout: 3.006s | update: 0.036s | total: 3.042s | samples/s: 4546
Iteration 0585 | train reward: 233.09 | best: 233.09 | KL: 1.629e-04 | std: 0.5627 | rollout: 3.054s | update: 0.035s | total: 3.089s | samples/s: 4500
Iteration 0586 | train reward: 232.04 | best: 233.09 | KL: 1.764e-04 | std: 0.5618 | rollout: 3.082s | update: 0.118s | total: 3.201s | samples/s: 4327
Iteration 0587 | train reward: 231.81 | best: 233.09 | KL: 1.161e-04 | std: 0.5620 | rollout: 2.947s | update: 0.036s | total: 2.983s | samples/s: 4624
Iteration 0588 | train reward: 233.39 | best: 233.39 | KL: 9.924e-05 | std: 0.5625 | rollout: 3.040s | update: 0.042s | total: 3.081s | samples/s: 4517
Iteration 0589 | train reward: 234.40 | best: 234.40 | KL: 2.175e-04 | std: 0.5630 | rollout: 3.065s | update: 0.042s | total: 3.108s | samples/s: 4519
Iteration 0590 | train reward: 232.20 | best: 234.40 | KL: 1.872e-04 | std: 0.5632 | rollout: 3.238s | update: 0.043s | total: 3.281s | samples/s: 4222
Iteration 0591 | train reward: 234.36 | best: 234.40 | KL: 2.453e-04 | std: 0.5631 | rollout: 3.341s | update: 0.049s | total: 3.389s | samples/s: 4126
Iteration 0592 | train reward: 234.04 | best: 234.40 | KL: 1.858e-04 | std: 0.5619 | rollout: 3.032s | update: 0.043s | total: 3.076s | samples/s: 4546
Iteration 0593 | train reward: 234.32 | best: 234.40 | KL: 1.700e-04 | std: 0.5618 | rollout: 3.139s | update: 0.045s | total: 3.183s | samples/s: 4406
Iteration 0594 | train reward: 234.30 | best: 234.40 | KL: 1.546e-04 | std: 0.5632 | rollout: 3.179s | update: 0.144s | total: 3.322s | samples/s: 4224
Iteration 0595 | train reward: 234.52 | best: 234.52 | KL: 2.008e-04 | std: 0.5633 | rollout: 3.157s | update: 0.033s | total: 3.191s | samples/s: 4397
Iteration 0596 | train reward: 232.73 | best: 234.52 | KL: 1.694e-04 | std: 0.5629 | rollout: 3.150s | update: 0.040s | total: 3.190s | samples/s: 4362
Iteration 0597 | train reward: 232.69 | best: 234.52 | KL: 1.870e-04 | std: 0.5625 | rollout: 3.077s | update: 0.078s | total: 3.156s | samples/s: 4412
Iteration 0598 | train reward: 232.55 | best: 234.52 | KL: 2.417e-04 | std: 0.5627 | rollout: 3.089s | update: 0.065s | total: 3.154s | samples/s: 4395
Iteration 0599 | train reward: 233.64 | best: 234.52 | KL: 1.493e-04 | std: 0.5631 | rollout: 3.180s | update: 0.036s | total: 3.216s | samples/s: 4348
Iteration 0600 | train reward: 233.26 | best: 234.52 | KL: 1.441e-04 | std: 0.5638 | rollout: 3.089s | update: 0.041s | total: 3.130s | samples/s: 4445
Iteration 0601 | train reward: 233.51 | best: 234.52 | KL: 1.433e-04 | std: 0.5627 | rollout: 3.072s | update: 0.053s | total: 3.124s | samples/s: 4463
Iteration 0602 | train reward: 234.64 | best: 234.64 | KL: 1.483e-04 | std: 0.5625 | rollout: 3.301s | update: 0.033s | total: 3.334s | samples/s: 4223
Iteration 0603 | train reward: 232.00 | best: 234.64 | KL: 1.837e-04 | std: 0.5617 | rollout: 3.026s | update: 0.028s | total: 3.054s | samples/s: 4520
Iteration 0604 | train reward: 233.58 | best: 234.64 | KL: 1.884e-04 | std: 0.5617 | rollout: 3.054s | update: 0.053s | total: 3.106s | samples/s: 4501
Iteration 0605 | train reward: 231.16 | best: 234.64 | KL: 1.694e-04 | std: 0.5631 | rollout: 2.866s | update: 0.030s | total: 2.896s | samples/s: 4768
Iteration 0606 | train reward: 232.72 | best: 234.64 | KL: 1.538e-04 | std: 0.5631 | rollout: 3.198s | update: 0.064s | total: 3.262s | samples/s: 4288
Iteration 0607 | train reward: 234.17 | best: 234.64 | KL: 2.348e-04 | std: 0.5626 | rollout: 3.269s | update: 0.058s | total: 3.327s | samples/s: 4209
Iteration 0608 | train reward: 234.89 | best: 234.89 | KL: 1.888e-04 | std: 0.5630 | rollout: 3.129s | update: 0.040s | total: 3.170s | samples/s: 4433
Iteration 0609 | train reward: 234.53 | best: 234.89 | KL: 4.452e-04 | std: 0.5623 | rollout: 3.338s | update: 0.160s | total: 3.498s | samples/s: 4005
Iteration 0610 | train reward: 234.07 | best: 234.89 | KL: 1.806e-04 | std: 0.5627 | rollout: 3.155s | update: 0.048s | total: 3.203s | samples/s: 4370
Iteration 0611 | train reward: 232.50 | best: 234.89 | KL: 2.224e-04 | std: 0.5623 | rollout: 3.084s | update: 0.028s | total: 3.112s | samples/s: 4456
Iteration 0612 | train reward: 234.84 | best: 234.89 | KL: 1.928e-04 | std: 0.5610 | rollout: 3.275s | update: 0.046s | total: 3.322s | samples/s: 4226
Iteration 0613 | train reward: 231.95 | best: 234.89 | KL: 1.870e-04 | std: 0.5610 | rollout: 3.068s | update: 0.045s | total: 3.114s | samples/s: 4453
Iteration 0614 | train reward: 234.89 | best: 234.89 | KL: 2.067e-04 | std: 0.5597 | rollout: 3.177s | update: 0.047s | total: 3.224s | samples/s: 4356
Iteration 0615 | train reward: 231.53 | best: 234.89 | KL: 2.021e-04 | std: 0.5597 | rollout: 3.090s | update: 0.039s | total: 3.130s | samples/s: 4419
Iteration 0616 | train reward: 235.16 | best: 235.16 | KL: 1.639e-04 | std: 0.5588 | rollout: 3.360s | update: 0.221s | total: 3.581s | samples/s: 3921
Iteration 0617 | train reward: 235.13 | best: 235.16 | KL: 2.015e-04 | std: 0.5591 | rollout: 2.906s | update: 0.030s | total: 2.936s | samples/s: 4789
Iteration 0618 | train reward: 234.62 | best: 235.16 | KL: 1.802e-04 | std: 0.5581 | rollout: 3.288s | update: 0.065s | total: 3.353s | samples/s: 4173
Iteration 0619 | train reward: 236.42 | best: 236.42 | KL: 1.685e-04 | std: 0.5578 | rollout: 3.189s | update: 0.048s | total: 3.237s | samples/s: 4392
Iteration 0620 | train reward: 235.58 | best: 236.42 | KL: 2.140e-04 | std: 0.5566 | rollout: 3.267s | update: 0.117s | total: 3.384s | samples/s: 4159
Iteration 0621 | train reward: 234.10 | best: 236.42 | KL: 1.493e-04 | std: 0.5573 | rollout: 3.155s | update: 0.038s | total: 3.193s | samples/s: 4390
Iteration 0622 | train reward: 235.70 | best: 236.42 | KL: 1.115e-04 | std: 0.5571 | rollout: 3.247s | update: 0.044s | total: 3.291s | samples/s: 4300
Iteration 0623 | train reward: 234.19 | best: 236.42 | KL: 2.330e-04 | std: 0.5566 | rollout: 3.316s | update: 0.030s | total: 3.347s | samples/s: 4194
Iteration 0624 | train reward: 235.66 | best: 236.42 | KL: 1.906e-04 | std: 0.5554 | rollout: 3.184s | update: 0.033s | total: 3.217s | samples/s: 4397
Iteration 0625 | train reward: 236.69 | best: 236.69 | KL: 2.082e-04 | std: 0.5542 | rollout: 3.181s | update: 0.039s | total: 3.220s | samples/s: 4418
Iteration 0626 | train reward: 235.07 | best: 236.69 | KL: 2.495e-04 | std: 0.5539 | rollout: 3.356s | update: 0.050s | total: 3.405s | samples/s: 4129
Iteration 0627 | train reward: 235.64 | best: 236.69 | KL: 1.303e-04 | std: 0.5540 | rollout: 3.211s | update: 0.044s | total: 3.254s | samples/s: 4352
Iteration 0628 | train reward: 236.11 | best: 236.69 | KL: 2.218e-04 | std: 0.5539 | rollout: 3.409s | update: 0.042s | total: 3.451s | samples/s: 4112
Iteration 0629 | train reward: 236.75 | best: 236.75 | KL: 1.541e-04 | std: 0.5538 | rollout: 3.241s | update: 0.039s | total: 3.280s | samples/s: 4337
Iteration 0630 | train reward: 235.43 | best: 236.75 | KL: 1.631e-04 | std: 0.5538 | rollout: 3.370s | update: 0.076s | total: 3.446s | samples/s: 4120
Iteration 0631 | train reward: 236.21 | best: 236.75 | KL: 1.711e-04 | std: 0.5534 | rollout: 3.304s | update: 0.075s | total: 3.379s | samples/s: 4217
Iteration 0632 | train reward: 235.89 | best: 236.75 | KL: 2.097e-04 | std: 0.5543 | rollout: 3.366s | update: 0.038s | total: 3.404s | samples/s: 4167
Iteration 0633 | train reward: 235.46 | best: 236.75 | KL: 1.924e-04 | std: 0.5540 | rollout: 3.231s | update: 0.153s | total: 3.384s | samples/s: 4189
Iteration 0634 | train reward: 235.58 | best: 236.75 | KL: 1.394e-04 | std: 0.5540 | rollout: 3.042s | update: 0.083s | total: 3.125s | samples/s: 4519
Iteration 0635 | train reward: 236.66 | best: 236.75 | KL: 2.283e-04 | std: 0.5538 | rollout: 3.439s | update: 0.046s | total: 3.485s | samples/s: 4097
Iteration 0636 | train reward: 236.58 | best: 236.75 | KL: 1.530e-04 | std: 0.5526 | rollout: 3.413s | update: 0.146s | total: 3.559s | samples/s: 3994
Iteration 0637 | train reward: 235.50 | best: 236.75 | KL: 1.684e-04 | std: 0.5521 | rollout: 3.221s | update: 0.070s | total: 3.291s | samples/s: 4311
Iteration 0638 | train reward: 236.82 | best: 236.82 | KL: 1.064e-04 | std: 0.5519 | rollout: 3.331s | update: 0.036s | total: 3.367s | samples/s: 4226
Iteration 0639 | train reward: 235.85 | best: 236.82 | KL: 2.848e-04 | std: 0.5525 | rollout: 3.216s | update: 0.047s | total: 3.263s | samples/s: 4334
Iteration 0640 | train reward: 235.97 | best: 236.82 | KL: 2.320e-04 | std: 0.5527 | rollout: 3.203s | update: 0.033s | total: 3.236s | samples/s: 4399
Iteration 0641 | train reward: 236.70 | best: 236.82 | KL: 2.380e-04 | std: 0.5532 | rollout: 3.127s | update: 0.035s | total: 3.161s | samples/s: 4512
Iteration 0642 | train reward: 235.22 | best: 236.82 | KL: 1.204e-04 | std: 0.5529 | rollout: 3.241s | update: 0.198s | total: 3.439s | samples/s: 4096
Iteration 0643 | train reward: 236.61 | best: 236.82 | KL: 1.749e-04 | std: 0.5529 | rollout: 3.143s | update: 0.042s | total: 3.185s | samples/s: 4473
Iteration 0644 | train reward: 234.71 | best: 236.82 | KL: 2.392e-04 | std: 0.5536 | rollout: 3.240s | update: 0.076s | total: 3.316s | samples/s: 4270
Iteration 0645 | train reward: 235.40 | best: 236.82 | KL: 1.918e-04 | std: 0.5541 | rollout: 3.536s | update: 0.041s | total: 3.577s | samples/s: 3969
Iteration 0646 | train reward: 237.62 | best: 237.62 | KL: 1.886e-04 | std: 0.5549 | rollout: 3.532s | update: 0.046s | total: 3.577s | samples/s: 4008
Iteration 0647 | train reward: 237.41 | best: 237.62 | KL: 1.356e-04 | std: 0.5554 | rollout: 3.244s | update: 0.032s | total: 3.276s | samples/s: 4377
Iteration 0648 | train reward: 236.73 | best: 237.62 | KL: 1.425e-04 | std: 0.5556 | rollout: 3.398s | update: 0.041s | total: 3.438s | samples/s: 4135
Iteration 0649 | train reward: 237.15 | best: 237.62 | KL: 3.103e-04 | std: 0.5558 | rollout: 3.186s | update: 0.047s | total: 3.233s | samples/s: 4428
Iteration 0650 | train reward: 238.78 | best: 238.78 | KL: 2.330e-04 | std: 0.5567 | rollout: 3.330s | update: 0.063s | total: 3.394s | samples/s: 4258
Iteration 0651 | train reward: 235.92 | best: 238.78 | KL: 1.476e-04 | std: 0.5564 | rollout: 3.493s | update: 0.032s | total: 3.525s | samples/s: 4040
Iteration 0652 | train reward: 237.73 | best: 238.78 | KL: 1.640e-04 | std: 0.5558 | rollout: 3.250s | update: 0.035s | total: 3.286s | samples/s: 4364
Iteration 0653 | train reward: 236.51 | best: 238.78 | KL: 1.655e-04 | std: 0.5549 | rollout: 3.059s | update: 0.039s | total: 3.098s | samples/s: 4611
Iteration 0654 | train reward: 237.92 | best: 238.78 | KL: 1.489e-04 | std: 0.5559 | rollout: 3.220s | update: 0.047s | total: 3.267s | samples/s: 4384
Iteration 0655 | train reward: 238.76 | best: 238.78 | KL: 1.653e-04 | std: 0.5560 | rollout: 3.296s | update: 0.069s | total: 3.365s | samples/s: 4289
Iteration 0656 | train reward: 237.79 | best: 238.78 | KL: 1.361e-04 | std: 0.5555 | rollout: 3.404s | update: 0.156s | total: 3.560s | samples/s: 4044
Iteration 0657 | train reward: 237.43 | best: 238.78 | KL: 1.552e-04 | std: 0.5541 | rollout: 3.248s | update: 0.038s | total: 3.286s | samples/s: 4374
Iteration 0658 | train reward: 236.48 | best: 238.78 | KL: 1.153e-04 | std: 0.5538 | rollout: 3.289s | update: 0.038s | total: 3.327s | samples/s: 4294
Iteration 0659 | train reward: 237.19 | best: 238.78 | KL: 1.104e-04 | std: 0.5539 | rollout: 3.268s | update: 0.036s | total: 3.304s | samples/s: 4344
Iteration 0660 | train reward: 237.15 | best: 238.78 | KL: 1.558e-04 | std: 0.5540 | rollout: 3.374s | update: 0.058s | total: 3.433s | samples/s: 4163
Iteration 0661 | train reward: 237.94 | best: 238.78 | KL: 1.203e-04 | std: 0.5527 | rollout: 3.343s | update: 0.046s | total: 3.389s | samples/s: 4239
Iteration 0662 | train reward: 237.53 | best: 238.78 | KL: 1.677e-04 | std: 0.5529 | rollout: 3.151s | update: 0.054s | total: 3.205s | samples/s: 4472
Iteration 0663 | train reward: 237.73 | best: 238.78 | KL: 1.625e-04 | std: 0.5529 | rollout: 3.386s | update: 0.051s | total: 3.437s | samples/s: 4173
Iteration 0664 | train reward: 238.10 | best: 238.78 | KL: 2.404e-04 | std: 0.5523 | rollout: 3.373s | update: 0.060s | total: 3.433s | samples/s: 4206
Iteration 0665 | train reward: 237.60 | best: 238.78 | KL: 1.036e-04 | std: 0.5519 | rollout: 3.625s | update: 0.050s | total: 3.675s | samples/s: 3912
Iteration 0666 | train reward: 238.60 | best: 238.78 | KL: 2.110e-04 | std: 0.5506 | rollout: 3.429s | update: 0.052s | total: 3.481s | samples/s: 4150
Iteration 0667 | train reward: 238.20 | best: 238.78 | KL: 1.470e-04 | std: 0.5510 | rollout: 3.421s | update: 0.041s | total: 3.462s | samples/s: 4148
Iteration 0668 | train reward: 238.57 | best: 238.78 | KL: 1.630e-04 | std: 0.5513 | rollout: 3.376s | update: 0.041s | total: 3.417s | samples/s: 4226
Iteration 0669 | train reward: 235.83 | best: 238.78 | KL: 1.965e-04 | std: 0.5512 | rollout: 3.445s | update: 0.039s | total: 3.484s | samples/s: 4080
Iteration 0670 | train reward: 238.10 | best: 238.78 | KL: 1.469e-04 | std: 0.5515 | rollout: 3.164s | update: 0.154s | total: 3.319s | samples/s: 4337
Iteration 0671 | train reward: 238.63 | best: 238.78 | KL: 2.778e-04 | std: 0.5532 | rollout: 3.084s | update: 0.060s | total: 3.144s | samples/s: 4582
Iteration 0672 | train reward: 238.09 | best: 238.78 | KL: 2.359e-04 | std: 0.5536 | rollout: 3.167s | update: 0.035s | total: 3.202s | samples/s: 4501
Iteration 0673 | train reward: 237.00 | best: 238.78 | KL: 2.242e-04 | std: 0.5521 | rollout: 3.423s | update: 0.054s | total: 3.477s | samples/s: 4137
Iteration 0674 | train reward: 239.57 | best: 239.57 | KL: 7.660e-05 | std: 0.5526 | rollout: 3.345s | update: 0.044s | total: 3.389s | samples/s: 4296
Iteration 0675 | train reward: 239.06 | best: 239.57 | KL: 1.815e-04 | std: 0.5527 | rollout: 3.208s | update: 0.034s | total: 3.242s | samples/s: 4462
Iteration 0676 | train reward: 238.23 | best: 239.57 | KL: 1.339e-04 | std: 0.5527 | rollout: 3.260s | update: 0.139s | total: 3.399s | samples/s: 4225
Iteration 0677 | train reward: 240.59 | best: 240.59 | KL: 1.800e-04 | std: 0.5523 | rollout: 3.181s | update: 0.046s | total: 3.227s | samples/s: 4543
Iteration 0678 | train reward: 240.04 | best: 240.59 | KL: 1.572e-04 | std: 0.5520 | rollout: 3.405s | update: 0.036s | total: 3.441s | samples/s: 4244
Iteration 0679 | train reward: 238.44 | best: 240.59 | KL: 1.740e-04 | std: 0.5532 | rollout: 3.436s | update: 0.043s | total: 3.479s | samples/s: 4172
Iteration 0680 | train reward: 239.57 | best: 240.59 | KL: 1.281e-04 | std: 0.5533 | rollout: 3.646s | update: 0.033s | total: 3.679s | samples/s: 3962
Iteration 0681 | train reward: 240.03 | best: 240.59 | KL: 1.694e-04 | std: 0.5534 | rollout: 3.272s | update: 0.195s | total: 3.467s | samples/s: 4208
Iteration 0682 | train reward: 238.46 | best: 240.59 | KL: 1.465e-04 | std: 0.5539 | rollout: 3.210s | update: 0.037s | total: 3.247s | samples/s: 4476
Iteration 0683 | train reward: 238.55 | best: 240.59 | KL: 1.955e-04 | std: 0.5527 | rollout: 3.197s | update: 0.191s | total: 3.388s | samples/s: 4264
Iteration 0684 | train reward: 238.89 | best: 240.59 | KL: 1.944e-04 | std: 0.5527 | rollout: 3.396s | update: 0.045s | total: 3.441s | samples/s: 4233
Iteration 0685 | train reward: 237.35 | best: 240.59 | KL: 2.024e-04 | std: 0.5525 | rollout: 3.447s | update: 0.055s | total: 3.502s | samples/s: 4150
Iteration 0686 | train reward: 239.06 | best: 240.59 | KL: 1.226e-04 | std: 0.5536 | rollout: 3.228s | update: 0.038s | total: 3.266s | samples/s: 4438
Iteration 0687 | train reward: 239.08 | best: 240.59 | KL: 9.535e-05 | std: 0.5526 | rollout: 3.429s | update: 0.037s | total: 3.466s | samples/s: 4176
Iteration 0688 | train reward: 237.31 | best: 240.59 | KL: 2.598e-04 | std: 0.5529 | rollout: 3.211s | update: 0.036s | total: 3.248s | samples/s: 4425
Iteration 0689 | train reward: 240.09 | best: 240.59 | KL: 1.886e-04 | std: 0.5532 | rollout: 3.353s | update: 0.042s | total: 3.395s | samples/s: 4296
Iteration 0690 | train reward: 240.37 | best: 240.59 | KL: 2.020e-04 | std: 0.5529 | rollout: 3.283s | update: 0.033s | total: 3.316s | samples/s: 4402
Iteration 0691 | train reward: 240.78 | best: 240.78 | KL: 1.348e-04 | std: 0.5540 | rollout: 3.332s | update: 0.040s | total: 3.373s | samples/s: 4343
Iteration 0692 | train reward: 239.38 | best: 240.78 | KL: 1.441e-04 | std: 0.5541 | rollout: 3.195s | update: 0.044s | total: 3.239s | samples/s: 4504
Iteration 0693 | train reward: 239.25 | best: 240.78 | KL: 1.814e-04 | std: 0.5536 | rollout: 3.338s | update: 0.056s | total: 3.394s | samples/s: 4279
Iteration 0694 | train reward: 239.50 | best: 240.78 | KL: 2.461e-04 | std: 0.5527 | rollout: 3.463s | update: 0.037s | total: 3.500s | samples/s: 4173
Iteration 0695 | train reward: 239.41 | best: 240.78 | KL: 2.204e-04 | std: 0.5526 | rollout: 3.460s | update: 0.030s | total: 3.491s | samples/s: 4179
Iteration 0696 | train reward: 240.90 | best: 240.90 | KL: 1.456e-04 | std: 0.5533 | rollout: 3.358s | update: 0.036s | total: 3.395s | samples/s: 4330
Iteration 0697 | train reward: 240.14 | best: 240.90 | KL: 1.490e-04 | std: 0.5538 | rollout: 3.362s | update: 0.033s | total: 3.395s | samples/s: 4309
Iteration 0698 | train reward: 240.95 | best: 240.95 | KL: 2.254e-04 | std: 0.5528 | rollout: 3.377s | update: 0.057s | total: 3.434s | samples/s: 4305
Iteration 0699 | train reward: 241.22 | best: 241.22 | KL: 1.875e-04 | std: 0.5534 | rollout: 3.565s | update: 0.039s | total: 3.604s | samples/s: 4081
Iteration 0700 | train reward: 239.20 | best: 241.22 | KL: 1.653e-04 | std: 0.5527 | rollout: 3.469s | update: 0.073s | total: 3.542s | samples/s: 4113
Iteration 0701 | train reward: 238.35 | best: 241.22 | KL: 1.828e-04 | std: 0.5545 | rollout: 3.374s | update: 0.048s | total: 3.422s | samples/s: 4251
Iteration 0702 | train reward: 239.84 | best: 241.22 | KL: 1.445e-04 | std: 0.5551 | rollout: 3.145s | update: 0.046s | total: 3.190s | samples/s: 4584
Iteration 0703 | train reward: 239.87 | best: 241.22 | KL: 1.961e-04 | std: 0.5560 | rollout: 3.185s | update: 0.033s | total: 3.218s | samples/s: 4525
Iteration 0704 | train reward: 240.25 | best: 241.22 | KL: 1.601e-04 | std: 0.5553 | rollout: 3.593s | update: 0.319s | total: 3.912s | samples/s: 3725
Iteration 0705 | train reward: 240.61 | best: 241.22 | KL: 1.647e-04 | std: 0.5546 | rollout: 3.766s | update: 0.131s | total: 3.897s | samples/s: 3774
Iteration 0706 | train reward: 239.24 | best: 241.22 | KL: 2.413e-04 | std: 0.5536 | rollout: 4.206s | update: 0.086s | total: 4.292s | samples/s: 3393
Iteration 0707 | train reward: 240.84 | best: 241.22 | KL: 1.649e-04 | std: 0.5540 | rollout: 3.630s | update: 0.104s | total: 3.733s | samples/s: 3931
Iteration 0708 | train reward: 241.54 | best: 241.54 | KL: 2.406e-04 | std: 0.5540 | rollout: 3.821s | update: 0.135s | total: 3.956s | samples/s: 3729
Iteration 0709 | train reward: 240.96 | best: 241.54 | KL: 1.395e-04 | std: 0.5546 | rollout: 4.308s | update: 0.075s | total: 4.383s | samples/s: 3360
Iteration 0710 | train reward: 239.96 | best: 241.54 | KL: 2.466e-04 | std: 0.5553 | rollout: 3.434s | update: 0.269s | total: 3.703s | samples/s: 3955
Iteration 0711 | train reward: 241.10 | best: 241.54 | KL: 1.591e-04 | std: 0.5552 | rollout: 3.546s | update: 0.053s | total: 3.599s | samples/s: 4084
Iteration 0712 | train reward: 242.63 | best: 242.63 | KL: 1.899e-04 | std: 0.5553 | rollout: 3.543s | update: 0.174s | total: 3.717s | samples/s: 4006
Iteration 0713 | train reward: 240.63 | best: 242.63 | KL: 1.918e-04 | std: 0.5553 | rollout: 3.500s | update: 0.183s | total: 3.683s | samples/s: 3973
Iteration 0714 | train reward: 242.78 | best: 242.78 | KL: 1.975e-04 | std: 0.5553 | rollout: 3.665s | update: 0.054s | total: 3.719s | samples/s: 4005
Iteration 0715 | train reward: 241.24 | best: 242.78 | KL: 1.831e-04 | std: 0.5560 | rollout: 3.556s | update: 0.075s | total: 3.631s | samples/s: 4079
Iteration 0716 | train reward: 242.30 | best: 242.78 | KL: 1.176e-04 | std: 0.5564 | rollout: 3.418s | update: 0.204s | total: 3.622s | samples/s: 4092
Iteration 0717 | train reward: 241.27 | best: 242.78 | KL: 1.226e-04 | std: 0.5560 | rollout: 3.742s | update: 0.035s | total: 3.776s | samples/s: 3895
Iteration 0718 | train reward: 242.26 | best: 242.78 | KL: 1.250e-04 | std: 0.5562 | rollout: 3.974s | update: 0.233s | total: 4.207s | samples/s: 3541
Iteration 0719 | train reward: 241.56 | best: 242.78 | KL: 1.803e-04 | std: 0.5553 | rollout: 4.372s | update: 0.207s | total: 4.580s | samples/s: 3233
Iteration 0720 | train reward: 238.77 | best: 242.78 | KL: 2.513e-04 | std: 0.5558 | rollout: 3.854s | update: 0.154s | total: 4.009s | samples/s: 3649
Iteration 0721 | train reward: 241.11 | best: 242.78 | KL: 2.269e-04 | std: 0.5560 | rollout: 3.640s | update: 0.099s | total: 3.739s | samples/s: 3941
Iteration 0722 | train reward: 239.88 | best: 242.78 | KL: 1.599e-04 | std: 0.5560 | rollout: 3.669s | update: 0.228s | total: 3.897s | samples/s: 3758
Iteration 0723 | train reward: 240.27 | best: 242.78 | KL: 1.105e-04 | std: 0.5562 | rollout: 3.475s | update: 0.055s | total: 3.531s | samples/s: 4164
Iteration 0724 | train reward: 241.74 | best: 242.78 | KL: 8.564e-05 | std: 0.5562 | rollout: 3.314s | update: 0.211s | total: 3.525s | samples/s: 4195
Iteration 0725 | train reward: 241.60 | best: 242.78 | KL: 2.396e-04 | std: 0.5555 | rollout: 3.381s | update: 0.047s | total: 3.428s | samples/s: 4319
Iteration 0726 | train reward: 241.14 | best: 242.78 | KL: 1.633e-04 | std: 0.5560 | rollout: 3.369s | update: 0.042s | total: 3.411s | samples/s: 4331
Iteration 0727 | train reward: 241.33 | best: 242.78 | KL: 2.373e-04 | std: 0.5573 | rollout: 3.296s | update: 0.084s | total: 3.381s | samples/s: 4388
Iteration 0728 | train reward: 241.42 | best: 242.78 | KL: 2.071e-04 | std: 0.5573 | rollout: 3.492s | update: 0.103s | total: 3.594s | samples/s: 4103
Iteration 0729 | train reward: 240.55 | best: 242.78 | KL: 1.358e-04 | std: 0.5582 | rollout: 3.424s | update: 0.122s | total: 3.545s | samples/s: 4168
Iteration 0730 | train reward: 242.20 | best: 242.78 | KL: 1.589e-04 | std: 0.5584 | rollout: 3.534s | update: 0.144s | total: 3.678s | samples/s: 4031
Iteration 0731 | train reward: 242.58 | best: 242.78 | KL: 1.466e-04 | std: 0.5572 | rollout: 3.591s | update: 0.052s | total: 3.643s | samples/s: 4081
Iteration 0732 | train reward: 242.49 | best: 242.78 | KL: 1.898e-04 | std: 0.5567 | rollout: 3.678s | update: 0.167s | total: 3.846s | samples/s: 3884
Iteration 0733 | train reward: 242.78 | best: 242.78 | KL: 1.711e-04 | std: 0.5562 | rollout: 3.763s | update: 0.067s | total: 3.829s | samples/s: 3884
Iteration 0734 | train reward: 243.67 | best: 243.67 | KL: 2.060e-04 | std: 0.5549 | rollout: 3.638s | update: 0.055s | total: 3.693s | samples/s: 4109
Iteration 0735 | train reward: 243.60 | best: 243.67 | KL: 1.728e-04 | std: 0.5553 | rollout: 3.887s | update: 0.183s | total: 4.069s | samples/s: 3682
Iteration 0736 | train reward: 242.47 | best: 243.67 | KL: 1.883e-04 | std: 0.5552 | rollout: 3.898s | update: 0.082s | total: 3.980s | samples/s: 3757
Iteration 0737 | train reward: 242.86 | best: 243.67 | KL: 2.227e-04 | std: 0.5549 | rollout: 4.068s | update: 0.252s | total: 4.320s | samples/s: 3452
Iteration 0738 | train reward: 243.62 | best: 243.67 | KL: 1.655e-04 | std: 0.5534 | rollout: 4.368s | update: 0.180s | total: 4.548s | samples/s: 3297
Iteration 0739 | train reward: 244.05 | best: 244.05 | KL: 1.771e-04 | std: 0.5540 | rollout: 4.636s | update: 0.139s | total: 4.775s | samples/s: 3149
Iteration 0740 | train reward: 241.69 | best: 244.05 | KL: 2.245e-04 | std: 0.5541 | rollout: 3.713s | update: 0.198s | total: 3.911s | samples/s: 3803
Iteration 0741 | train reward: 242.71 | best: 244.05 | KL: 1.830e-04 | std: 0.5539 | rollout: 3.902s | update: 0.193s | total: 4.094s | samples/s: 3658
Iteration 0742 | train reward: 242.85 | best: 244.05 | KL: 1.513e-04 | std: 0.5541 | rollout: 3.824s | update: 0.078s | total: 3.901s | samples/s: 3835
Iteration 0743 | train reward: 240.00 | best: 244.05 | KL: 2.117e-04 | std: 0.5540 | rollout: 3.560s | update: 0.069s | total: 3.629s | samples/s: 4060
Iteration 0744 | train reward: 243.10 | best: 244.05 | KL: 1.759e-04 | std: 0.5538 | rollout: 3.683s | update: 0.042s | total: 3.725s | samples/s: 4021
Iteration 0745 | train reward: 244.34 | best: 244.34 | KL: 2.223e-04 | std: 0.5545 | rollout: 3.401s | update: 0.159s | total: 3.559s | samples/s: 4234
Iteration 0746 | train reward: 243.75 | best: 244.34 | KL: 1.596e-04 | std: 0.5558 | rollout: 3.527s | update: 0.128s | total: 3.656s | samples/s: 4105
Iteration 0747 | train reward: 241.32 | best: 244.34 | KL: 1.532e-04 | std: 0.5567 | rollout: 3.373s | update: 0.144s | total: 3.517s | samples/s: 4221
Iteration 0748 | train reward: 240.60 | best: 244.34 | KL: 8.126e-05 | std: 0.5571 | rollout: 3.487s | update: 0.152s | total: 3.639s | samples/s: 4046
Iteration 0749 | train reward: 243.75 | best: 244.34 | KL: 2.454e-04 | std: 0.5575 | rollout: 3.901s | update: 0.160s | total: 4.061s | samples/s: 3714
Iteration 0750 | train reward: 244.24 | best: 244.34 | KL: 1.144e-04 | std: 0.5579 | rollout: 3.427s | update: 0.082s | total: 3.509s | samples/s: 4297
Iteration 0751 | train reward: 244.02 | best: 244.34 | KL: 2.162e-04 | std: 0.5580 | rollout: 3.484s | update: 0.058s | total: 3.541s | samples/s: 4242
Iteration 0752 | train reward: 242.38 | best: 244.34 | KL: 1.783e-04 | std: 0.5577 | rollout: 3.457s | update: 0.040s | total: 3.497s | samples/s: 4258
Iteration 0753 | train reward: 243.26 | best: 244.34 | KL: 1.800e-04 | std: 0.5580 | rollout: 3.327s | update: 0.037s | total: 3.365s | samples/s: 4445
Iteration 0754 | train reward: 243.47 | best: 244.34 | KL: 2.228e-04 | std: 0.5588 | rollout: 3.463s | update: 0.078s | total: 3.540s | samples/s: 4228
Iteration 0755 | train reward: 240.89 | best: 244.34 | KL: 1.733e-04 | std: 0.5588 | rollout: 3.560s | update: 0.088s | total: 3.648s | samples/s: 4066
Iteration 0756 | train reward: 244.27 | best: 244.34 | KL: 1.508e-04 | std: 0.5592 | rollout: 3.497s | update: 0.092s | total: 3.589s | samples/s: 4204
Iteration 0757 | train reward: 243.35 | best: 244.34 | KL: 2.642e-04 | std: 0.5591 | rollout: 3.721s | update: 0.053s | total: 3.774s | samples/s: 3999
Iteration 0758 | train reward: 242.30 | best: 244.34 | KL: 1.050e-04 | std: 0.5592 | rollout: 3.469s | update: 0.056s | total: 3.525s | samples/s: 4221
Iteration 0759 | train reward: 242.80 | best: 244.34 | KL: 1.755e-04 | std: 0.5586 | rollout: 3.333s | update: 0.165s | total: 3.498s | samples/s: 4278
Iteration 0760 | train reward: 240.36 | best: 244.34 | KL: 1.906e-04 | std: 0.5594 | rollout: 3.406s | update: 0.033s | total: 3.438s | samples/s: 4345
Iteration 0761 | train reward: 243.00 | best: 244.34 | KL: 1.715e-04 | std: 0.5590 | rollout: 3.456s | update: 0.097s | total: 3.553s | samples/s: 4205
Iteration 0762 | train reward: 242.09 | best: 244.34 | KL: 2.270e-04 | std: 0.5591 | rollout: 3.375s | update: 0.031s | total: 3.407s | samples/s: 4390
Iteration 0763 | train reward: 242.02 | best: 244.34 | KL: 1.246e-04 | std: 0.5586 | rollout: 3.351s | update: 0.046s | total: 3.397s | samples/s: 4400
Iteration 0764 | train reward: 243.61 | best: 244.34 | KL: 1.714e-04 | std: 0.5579 | rollout: 3.630s | update: 0.052s | total: 3.682s | samples/s: 4088
Iteration 0765 | train reward: 244.05 | best: 244.34 | KL: 2.242e-04 | std: 0.5597 | rollout: 3.558s | update: 0.037s | total: 3.596s | samples/s: 4183
Iteration 0766 | train reward: 244.33 | best: 244.34 | KL: 2.188e-04 | std: 0.5597 | rollout: 3.445s | update: 0.038s | total: 3.483s | samples/s: 4326
Iteration 0767 | train reward: 242.34 | best: 244.34 | KL: 2.994e-04 | std: 0.5594 | rollout: 3.184s | update: 0.227s | total: 3.411s | samples/s: 4380
Iteration 0768 | train reward: 242.86 | best: 244.34 | KL: 1.393e-04 | std: 0.5595 | rollout: 3.338s | update: 0.033s | total: 3.371s | samples/s: 4466
Iteration 0769 | train reward: 245.64 | best: 245.64 | KL: 2.732e-04 | std: 0.5597 | rollout: 3.626s | update: 0.055s | total: 3.681s | samples/s: 4136
Iteration 0770 | train reward: 243.43 | best: 245.64 | KL: 2.555e-04 | std: 0.5605 | rollout: 3.366s | update: 0.056s | total: 3.422s | samples/s: 4391
Iteration 0771 | train reward: 243.11 | best: 245.64 | KL: 2.472e-04 | std: 0.5599 | rollout: 3.449s | update: 0.042s | total: 3.491s | samples/s: 4335
Iteration 0772 | train reward: 244.31 | best: 245.64 | KL: 1.857e-04 | std: 0.5599 | rollout: 3.430s | update: 0.038s | total: 3.468s | samples/s: 4351
Iteration 0773 | train reward: 243.47 | best: 245.64 | KL: 2.297e-04 | std: 0.5605 | rollout: 3.554s | update: 0.153s | total: 3.707s | samples/s: 4062
Iteration 0774 | train reward: 244.01 | best: 245.64 | KL: 1.773e-04 | std: 0.5607 | rollout: 3.207s | update: 0.098s | total: 3.305s | samples/s: 4558
Iteration 0775 | train reward: 242.37 | best: 245.64 | KL: 2.071e-04 | std: 0.5618 | rollout: 3.481s | update: 0.036s | total: 3.517s | samples/s: 4268
Iteration 0776 | train reward: 240.85 | best: 245.64 | KL: 2.487e-04 | std: 0.5632 | rollout: 3.421s | update: 0.110s | total: 3.531s | samples/s: 4195
Iteration 0777 | train reward: 243.34 | best: 245.64 | KL: 1.450e-04 | std: 0.5642 | rollout: 3.431s | update: 0.037s | total: 3.467s | samples/s: 4337
Iteration 0778 | train reward: 242.92 | best: 245.64 | KL: 1.864e-04 | std: 0.5644 | rollout: 3.382s | update: 0.130s | total: 3.512s | samples/s: 4291
Iteration 0779 | train reward: 242.65 | best: 245.64 | KL: 2.909e-04 | std: 0.5639 | rollout: 3.443s | update: 0.068s | total: 3.511s | samples/s: 4271
Iteration 0780 | train reward: 243.74 | best: 245.64 | KL: 2.302e-04 | std: 0.5646 | rollout: 3.538s | update: 0.053s | total: 3.591s | samples/s: 4189
Iteration 0781 | train reward: 245.27 | best: 245.64 | KL: 1.861e-04 | std: 0.5656 | rollout: 3.749s | update: 0.053s | total: 3.802s | samples/s: 4006
Iteration 0782 | train reward: 243.72 | best: 245.64 | KL: 2.050e-04 | std: 0.5645 | rollout: 3.532s | update: 0.049s | total: 3.580s | samples/s: 4220
Iteration 0783 | train reward: 242.69 | best: 245.64 | KL: 3.394e-04 | std: 0.5638 | rollout: 3.320s | update: 0.048s | total: 3.368s | samples/s: 4440
Iteration 0784 | train reward: 242.92 | best: 245.64 | KL: 1.202e-04 | std: 0.5644 | rollout: 3.517s | update: 0.201s | total: 3.718s | samples/s: 4053
Iteration 0785 | train reward: 240.54 | best: 245.64 | KL: 2.013e-04 | std: 0.5656 | rollout: 3.088s | update: 0.034s | total: 3.122s | samples/s: 4759
Iteration 0786 | train reward: 242.69 | best: 245.64 | KL: 1.997e-04 | std: 0.5666 | rollout: 3.390s | update: 0.038s | total: 3.427s | samples/s: 4359
Iteration 0787 | train reward: 243.48 | best: 245.64 | KL: 1.596e-04 | std: 0.5657 | rollout: 3.456s | update: 0.052s | total: 3.508s | samples/s: 4272
Iteration 0788 | train reward: 241.35 | best: 245.64 | KL: 3.092e-04 | std: 0.5649 | rollout: 3.351s | update: 0.037s | total: 3.388s | samples/s: 4386
Iteration 0789 | train reward: 243.62 | best: 245.64 | KL: 1.169e-04 | std: 0.5645 | rollout: 3.481s | update: 0.037s | total: 3.518s | samples/s: 4288
Iteration 0790 | train reward: 244.30 | best: 245.64 | KL: 2.584e-04 | std: 0.5638 | rollout: 3.460s | update: 0.044s | total: 3.504s | samples/s: 4327
Iteration 0791 | train reward: 243.74 | best: 245.64 | KL: 2.339e-04 | std: 0.5638 | rollout: 3.396s | update: 0.040s | total: 3.436s | samples/s: 4390
Iteration 0792 | train reward: 245.12 | best: 245.64 | KL: 2.575e-04 | std: 0.5636 | rollout: 3.470s | update: 0.040s | total: 3.510s | samples/s: 4319
Iteration 0793 | train reward: 243.09 | best: 245.64 | KL: 2.017e-04 | std: 0.5630 | rollout: 3.511s | update: 0.059s | total: 3.570s | samples/s: 4193
Iteration 0794 | train reward: 242.15 | best: 245.64 | KL: 2.123e-04 | std: 0.5620 | rollout: 3.371s | update: 0.033s | total: 3.403s | samples/s: 4407
Iteration 0795 | train reward: 244.78 | best: 245.64 | KL: 1.328e-04 | std: 0.5617 | rollout: 3.510s | update: 0.044s | total: 3.554s | samples/s: 4260
Iteration 0796 | train reward: 243.68 | best: 245.64 | KL: 2.308e-04 | std: 0.5612 | rollout: 3.564s | update: 0.041s | total: 3.606s | samples/s: 4198
Iteration 0797 | train reward: 244.58 | best: 245.64 | KL: 1.624e-04 | std: 0.5610 | rollout: 3.783s | update: 0.037s | total: 3.820s | samples/s: 3958
Iteration 0798 | train reward: 245.02 | best: 245.64 | KL: 2.309e-04 | std: 0.5623 | rollout: 3.690s | update: 0.043s | total: 3.733s | samples/s: 4089
Iteration 0799 | train reward: 240.41 | best: 245.64 | KL: 2.835e-04 | std: 0.5612 | rollout: 3.531s | update: 0.049s | total: 3.579s | samples/s: 4176
Iteration 0800 | train reward: 243.50 | best: 245.64 | KL: 2.651e-04 | std: 0.5605 | rollout: 3.513s | update: 0.126s | total: 3.639s | samples/s: 4127
Iteration 0801 | train reward: 244.74 | best: 245.64 | KL: 2.053e-04 | std: 0.5595 | rollout: 3.352s | update: 0.060s | total: 3.411s | samples/s: 4454
Iteration 0802 | train reward: 244.18 | best: 245.64 | KL: 2.098e-04 | std: 0.5598 | rollout: 3.208s | update: 0.036s | total: 3.244s | samples/s: 4655
Iteration 0803 | train reward: 242.84 | best: 245.64 | KL: 2.121e-04 | std: 0.5592 | rollout: 3.352s | update: 0.069s | total: 3.421s | samples/s: 4391
Iteration 0804 | train reward: 243.38 | best: 245.64 | KL: 2.930e-04 | std: 0.5597 | rollout: 3.578s | update: 0.047s | total: 3.625s | samples/s: 4155
Iteration 0805 | train reward: 241.45 | best: 245.64 | KL: 2.058e-04 | std: 0.5599 | rollout: 3.415s | update: 0.040s | total: 3.455s | samples/s: 4308
Iteration 0806 | train reward: 243.93 | best: 245.64 | KL: 1.833e-04 | std: 0.5605 | rollout: 3.309s | update: 0.047s | total: 3.356s | samples/s: 4498
Iteration 0807 | train reward: 244.98 | best: 245.64 | KL: 1.336e-04 | std: 0.5603 | rollout: 3.281s | update: 0.139s | total: 3.420s | samples/s: 4452
Iteration 0808 | train reward: 245.03 | best: 245.64 | KL: 2.236e-04 | std: 0.5604 | rollout: 3.459s | update: 0.033s | total: 3.492s | samples/s: 4353
Iteration 0809 | train reward: 244.88 | best: 245.64 | KL: 1.757e-04 | std: 0.5601 | rollout: 3.564s | update: 0.031s | total: 3.595s | samples/s: 4222
Iteration 0810 | train reward: 243.67 | best: 245.64 | KL: 1.648e-04 | std: 0.5597 | rollout: 3.488s | update: 0.047s | total: 3.535s | samples/s: 4261
Iteration 0811 | train reward: 243.14 | best: 245.64 | KL: 2.269e-04 | std: 0.5594 | rollout: 3.380s | update: 0.051s | total: 3.431s | samples/s: 4393
Iteration 0812 | train reward: 244.92 | best: 245.64 | KL: 1.249e-04 | std: 0.5597 | rollout: 3.348s | update: 0.048s | total: 3.396s | samples/s: 4499
Iteration 0813 | train reward: 243.59 | best: 245.64 | KL: 1.690e-04 | std: 0.5599 | rollout: 3.620s | update: 0.057s | total: 3.676s | samples/s: 4105
Iteration 0814 | train reward: 244.29 | best: 245.64 | KL: 2.654e-04 | std: 0.5604 | rollout: 3.434s | update: 0.049s | total: 3.483s | samples/s: 4357
Iteration 0815 | train reward: 245.08 | best: 245.64 | KL: 1.616e-04 | std: 0.5605 | rollout: 3.468s | update: 0.086s | total: 3.554s | samples/s: 4275
Iteration 0816 | train reward: 243.83 | best: 245.64 | KL: 1.279e-04 | std: 0.5616 | rollout: 3.416s | update: 0.073s | total: 3.488s | samples/s: 4344
Iteration 0817 | train reward: 243.91 | best: 245.64 | KL: 1.393e-04 | std: 0.5616 | rollout: 3.307s | update: 0.138s | total: 3.445s | samples/s: 4374
Iteration 0818 | train reward: 240.16 | best: 245.64 | KL: 1.736e-04 | std: 0.5618 | rollout: 3.706s | update: 0.146s | total: 3.853s | samples/s: 3873
Iteration 0819 | train reward: 243.27 | best: 245.64 | KL: 2.271e-04 | std: 0.5617 | rollout: 3.262s | update: 0.047s | total: 3.309s | samples/s: 4552
Iteration 0820 | train reward: 243.10 | best: 245.64 | KL: 1.225e-04 | std: 0.5620 | rollout: 4.045s | update: 0.231s | total: 4.276s | samples/s: 3511
Iteration 0821 | train reward: 246.01 | best: 246.01 | KL: 1.748e-04 | std: 0.5620 | rollout: 3.447s | update: 0.066s | total: 3.513s | samples/s: 4355
Iteration 0822 | train reward: 244.60 | best: 246.01 | KL: 1.558e-04 | std: 0.5618 | rollout: 3.904s | update: 0.225s | total: 4.129s | samples/s: 3678
Iteration 0823 | train reward: 243.23 | best: 246.01 | KL: 2.620e-04 | std: 0.5618 | rollout: 3.827s | update: 0.138s | total: 3.965s | samples/s: 3783
Iteration 0824 | train reward: 245.87 | best: 246.01 | KL: 1.885e-04 | std: 0.5610 | rollout: 3.974s | update: 0.268s | total: 4.242s | samples/s: 3620
Iteration 0825 | train reward: 243.78 | best: 246.01 | KL: 1.753e-04 | std: 0.5616 | rollout: 3.620s | update: 0.098s | total: 3.718s | samples/s: 4076
Iteration 0826 | train reward: 243.56 | best: 246.01 | KL: 1.767e-04 | std: 0.5619 | rollout: 3.489s | update: 0.062s | total: 3.551s | samples/s: 4240
Iteration 0827 | train reward: 245.91 | best: 246.01 | KL: 3.533e-04 | std: 0.5623 | rollout: 3.827s | update: 0.174s | total: 4.001s | samples/s: 3824
Iteration 0828 | train reward: 243.47 | best: 246.01 | KL: 2.282e-04 | std: 0.5629 | rollout: 3.875s | update: 0.165s | total: 4.041s | samples/s: 3731
Iteration 0829 | train reward: 245.31 | best: 246.01 | KL: 1.811e-04 | std: 0.5623 | rollout: 3.573s | update: 0.040s | total: 3.613s | samples/s: 4233
Iteration 0830 | train reward: 241.38 | best: 246.01 | KL: 2.343e-04 | std: 0.5631 | rollout: 3.192s | update: 0.051s | total: 3.244s | samples/s: 4616
Iteration 0831 | train reward: 245.40 | best: 246.01 | KL: 3.344e-04 | std: 0.5638 | rollout: 3.653s | update: 0.132s | total: 3.785s | samples/s: 4052
Iteration 0832 | train reward: 244.56 | best: 246.01 | KL: 2.391e-04 | std: 0.5632 | rollout: 3.830s | update: 0.133s | total: 3.964s | samples/s: 3846
Iteration 0833 | train reward: 245.24 | best: 246.01 | KL: 2.496e-04 | std: 0.5620 | rollout: 3.735s | update: 0.039s | total: 3.774s | samples/s: 4058
Iteration 0834 | train reward: 245.63 | best: 246.01 | KL: 2.314e-04 | std: 0.5621 | rollout: 3.803s | update: 0.039s | total: 3.842s | samples/s: 3988
Iteration 0835 | train reward: 245.92 | best: 246.01 | KL: 2.689e-04 | std: 0.5620 | rollout: 3.719s | update: 0.047s | total: 3.766s | samples/s: 4077
Iteration 0836 | train reward: 244.57 | best: 246.01 | KL: 1.638e-04 | std: 0.5617 | rollout: 3.850s | update: 0.195s | total: 4.045s | samples/s: 3771
Iteration 0837 | train reward: 243.38 | best: 246.01 | KL: 1.479e-04 | std: 0.5612 | rollout: 3.561s | update: 0.055s | total: 3.616s | samples/s: 4184
Iteration 0838 | train reward: 246.38 | best: 246.38 | KL: 1.553e-04 | std: 0.5614 | rollout: 3.493s | update: 0.036s | total: 3.529s | samples/s: 4362
Iteration 0839 | train reward: 244.96 | best: 246.38 | KL: 2.298e-04 | std: 0.5612 | rollout: 3.494s | update: 0.083s | total: 3.577s | samples/s: 4289
Iteration 0840 | train reward: 245.39 | best: 246.38 | KL: 2.219e-04 | std: 0.5614 | rollout: 3.471s | update: 0.067s | total: 3.538s | samples/s: 4325
Iteration 0841 | train reward: 242.40 | best: 246.38 | KL: 1.531e-04 | std: 0.5617 | rollout: 3.234s | update: 0.045s | total: 3.279s | samples/s: 4579
Iteration 0842 | train reward: 245.43 | best: 246.38 | KL: 2.225e-04 | std: 0.5617 | rollout: 3.408s | update: 0.034s | total: 3.442s | samples/s: 4459
Iteration 0843 | train reward: 245.94 | best: 246.38 | KL: 1.506e-04 | std: 0.5607 | rollout: 3.389s | update: 0.034s | total: 3.423s | samples/s: 4489
Iteration 0844 | train reward: 244.17 | best: 246.38 | KL: 2.141e-04 | std: 0.5614 | rollout: 3.424s | update: 0.057s | total: 3.481s | samples/s: 4383
Iteration 0845 | train reward: 245.77 | best: 246.38 | KL: 1.708e-04 | std: 0.5614 | rollout: 3.246s | update: 0.112s | total: 3.359s | samples/s: 4568
Iteration 0846 | train reward: 244.77 | best: 246.38 | KL: 2.283e-04 | std: 0.5619 | rollout: 3.410s | update: 0.049s | total: 3.459s | samples/s: 4428
Iteration 0847 | train reward: 245.05 | best: 246.38 | KL: 2.247e-04 | std: 0.5606 | rollout: 3.405s | update: 0.041s | total: 3.446s | samples/s: 4444
Iteration 0848 | train reward: 245.79 | best: 246.38 | KL: 1.328e-04 | std: 0.5594 | rollout: 3.620s | update: 0.065s | total: 3.685s | samples/s: 4177
Iteration 0849 | train reward: 245.68 | best: 246.38 | KL: 2.389e-04 | std: 0.5597 | rollout: 3.509s | update: 0.102s | total: 3.611s | samples/s: 4269
Iteration 0850 | train reward: 244.28 | best: 246.38 | KL: 1.824e-04 | std: 0.5586 | rollout: 3.633s | update: 0.212s | total: 3.845s | samples/s: 3976
Iteration 0851 | train reward: 246.98 | best: 246.98 | KL: 1.687e-04 | std: 0.5588 | rollout: 3.536s | update: 0.182s | total: 3.719s | samples/s: 4167
Iteration 0852 | train reward: 245.89 | best: 246.98 | KL: 1.973e-04 | std: 0.5573 | rollout: 3.598s | update: 0.266s | total: 3.864s | samples/s: 3983
Iteration 0853 | train reward: 245.31 | best: 246.98 | KL: 2.502e-04 | std: 0.5573 | rollout: 3.361s | update: 0.149s | total: 3.509s | samples/s: 4386
Iteration 0854 | train reward: 245.55 | best: 246.98 | KL: 2.202e-04 | std: 0.5559 | rollout: 3.386s | update: 0.244s | total: 3.630s | samples/s: 4240
Iteration 0855 | train reward: 244.72 | best: 246.98 | KL: 1.852e-04 | std: 0.5545 | rollout: 3.342s | update: 0.179s | total: 3.521s | samples/s: 4356
Iteration 0856 | train reward: 244.66 | best: 246.98 | KL: 2.837e-04 | std: 0.5536 | rollout: 3.464s | update: 0.087s | total: 3.551s | samples/s: 4330
Iteration 0857 | train reward: 245.58 | best: 246.98 | KL: 2.247e-04 | std: 0.5536 | rollout: 3.238s | update: 0.134s | total: 3.372s | samples/s: 4552
Iteration 0858 | train reward: 247.38 | best: 247.38 | KL: 3.372e-04 | std: 0.5534 | rollout: 3.572s | update: 0.279s | total: 3.851s | samples/s: 4027
Iteration 0859 | train reward: 242.22 | best: 247.38 | KL: 1.494e-04 | std: 0.5534 | rollout: 3.483s | update: 0.242s | total: 3.725s | samples/s: 4079
Iteration 0860 | train reward: 246.10 | best: 247.38 | KL: 3.161e-04 | std: 0.5538 | rollout: 3.595s | update: 0.271s | total: 3.866s | samples/s: 3977
Iteration 0861 | train reward: 247.57 | best: 247.57 | KL: 1.633e-04 | std: 0.5539 | rollout: 3.212s | update: 0.157s | total: 3.369s | samples/s: 4612
Iteration 0862 | train reward: 245.94 | best: 247.57 | KL: 1.923e-04 | std: 0.5545 | rollout: 3.359s | update: 0.241s | total: 3.600s | samples/s: 4290
Iteration 0863 | train reward: 245.59 | best: 247.57 | KL: 2.956e-04 | std: 0.5538 | rollout: 3.362s | update: 0.194s | total: 3.556s | samples/s: 4323
Iteration 0864 | train reward: 246.62 | best: 247.57 | KL: 2.159e-04 | std: 0.5535 | rollout: 3.474s | update: 0.219s | total: 3.694s | samples/s: 4189
Iteration 0865 | train reward: 245.83 | best: 247.57 | KL: 2.005e-04 | std: 0.5532 | rollout: 3.432s | update: 0.274s | total: 3.706s | samples/s: 4163
Iteration 0866 | train reward: 248.03 | best: 248.03 | KL: 2.193e-04 | std: 0.5532 | rollout: 3.641s | update: 0.253s | total: 3.894s | samples/s: 4015
Iteration 0867 | train reward: 244.92 | best: 248.03 | KL: 1.193e-04 | std: 0.5527 | rollout: 3.286s | update: 0.205s | total: 3.491s | samples/s: 4397
Iteration 0868 | train reward: 246.04 | best: 248.03 | KL: 2.459e-04 | std: 0.5508 | rollout: 3.683s | update: 0.109s | total: 3.792s | samples/s: 4085
Iteration 0869 | train reward: 246.57 | best: 248.03 | KL: 1.871e-04 | std: 0.5502 | rollout: 3.690s | update: 0.105s | total: 3.795s | samples/s: 4103
Iteration 0870 | train reward: 245.44 | best: 248.03 | KL: 2.844e-04 | std: 0.5502 | rollout: 3.836s | update: 0.159s | total: 3.995s | samples/s: 3872
Iteration 0871 | train reward: 245.09 | best: 248.03 | KL: 2.695e-04 | std: 0.5502 | rollout: 3.435s | update: 0.050s | total: 3.485s | samples/s: 4418
Iteration 0872 | train reward: 244.26 | best: 248.03 | KL: 2.018e-04 | std: 0.5493 | rollout: 3.477s | update: 0.058s | total: 3.535s | samples/s: 4339
Iteration 0873 | train reward: 245.26 | best: 248.03 | KL: 2.520e-04 | std: 0.5496 | rollout: 3.401s | update: 0.054s | total: 3.455s | samples/s: 4480
Iteration 0874 | train reward: 244.93 | best: 248.03 | KL: 2.468e-04 | std: 0.5496 | rollout: 3.280s | update: 0.036s | total: 3.316s | samples/s: 4655
Iteration 0875 | train reward: 246.95 | best: 248.03 | KL: 2.145e-04 | std: 0.5495 | rollout: 3.472s | update: 0.042s | total: 3.513s | samples/s: 4424
Iteration 0876 | train reward: 247.22 | best: 248.03 | KL: 2.199e-04 | std: 0.5489 | rollout: 3.291s | update: 0.037s | total: 3.329s | samples/s: 4647
Iteration 0877 | train reward: 247.27 | best: 248.03 | KL: 1.848e-04 | std: 0.5490 | rollout: 3.304s | update: 0.057s | total: 3.361s | samples/s: 4610
Iteration 0878 | train reward: 244.89 | best: 248.03 | KL: 2.720e-04 | std: 0.5488 | rollout: 3.385s | update: 0.037s | total: 3.422s | samples/s: 4488
Iteration 0879 | train reward: 246.41 | best: 248.03 | KL: 2.347e-04 | std: 0.5482 | rollout: 3.277s | update: 0.111s | total: 3.388s | samples/s: 4547
Iteration 0880 | train reward: 248.31 | best: 248.31 | KL: 2.723e-04 | std: 0.5477 | rollout: 3.393s | update: 0.045s | total: 3.438s | samples/s: 4536
Iteration 0881 | train reward: 246.61 | best: 248.31 | KL: 2.045e-04 | std: 0.5468 | rollout: 3.218s | update: 0.061s | total: 3.279s | samples/s: 4737
Iteration 0882 | train reward: 244.51 | best: 248.31 | KL: 1.727e-04 | std: 0.5454 | rollout: 3.387s | update: 0.036s | total: 3.423s | samples/s: 4494
Iteration 0883 | train reward: 247.74 | best: 248.31 | KL: 2.132e-04 | std: 0.5469 | rollout: 3.393s | update: 0.039s | total: 3.432s | samples/s: 4537
Iteration 0884 | train reward: 247.71 | best: 248.31 | KL: 1.904e-04 | std: 0.5469 | rollout: 3.346s | update: 0.095s | total: 3.441s | samples/s: 4519
Iteration 0885 | train reward: 247.49 | best: 248.31 | KL: 1.999e-04 | std: 0.5462 | rollout: 3.358s | update: 0.042s | total: 3.401s | samples/s: 4580
Iteration 0886 | train reward: 245.45 | best: 248.31 | KL: 1.490e-04 | std: 0.5456 | rollout: 3.300s | update: 0.044s | total: 3.344s | samples/s: 4622
Iteration 0887 | train reward: 248.16 | best: 248.31 | KL: 1.588e-04 | std: 0.5462 | rollout: 3.282s | update: 0.035s | total: 3.316s | samples/s: 4685
Iteration 0888 | train reward: 247.44 | best: 248.31 | KL: 1.684e-04 | std: 0.5469 | rollout: 3.356s | update: 0.038s | total: 3.394s | samples/s: 4581
Iteration 0889 | train reward: 248.78 | best: 248.78 | KL: 2.154e-04 | std: 0.5462 | rollout: 3.365s | update: 0.049s | total: 3.414s | samples/s: 4585
Iteration 0890 | train reward: 247.65 | best: 248.78 | KL: 3.020e-04 | std: 0.5454 | rollout: 3.359s | update: 0.035s | total: 3.394s | samples/s: 4592
Iteration 0891 | train reward: 249.97 | best: 249.97 | KL: 2.477e-04 | std: 0.5449 | rollout: 3.367s | update: 0.042s | total: 3.409s | samples/s: 4624
Iteration 0892 | train reward: 247.65 | best: 249.97 | KL: 2.379e-04 | std: 0.5454 | rollout: 3.249s | update: 0.040s | total: 3.289s | samples/s: 4714
Iteration 0893 | train reward: 250.42 | best: 250.42 | KL: 1.632e-04 | std: 0.5449 | rollout: 3.377s | update: 0.048s | total: 3.425s | samples/s: 4618
Iteration 0894 | train reward: 248.77 | best: 250.42 | KL: 2.626e-04 | std: 0.5451 | rollout: 3.332s | update: 0.037s | total: 3.369s | samples/s: 4661
Iteration 0895 | train reward: 248.85 | best: 250.42 | KL: 2.827e-04 | std: 0.5455 | rollout: 3.349s | update: 0.046s | total: 3.395s | samples/s: 4621
Iteration 0896 | train reward: 247.26 | best: 250.42 | KL: 1.443e-04 | std: 0.5456 | rollout: 3.330s | update: 0.083s | total: 3.414s | samples/s: 4567
Iteration 0897 | train reward: 243.55 | best: 250.42 | KL: 1.847e-04 | std: 0.5456 | rollout: 3.301s | update: 0.094s | total: 3.395s | samples/s: 4513
Iteration 0898 | train reward: 247.57 | best: 250.42 | KL: 2.730e-04 | std: 0.5454 | rollout: 3.204s | update: 0.042s | total: 3.246s | samples/s: 4783
Iteration 0899 | train reward: 248.90 | best: 250.42 | KL: 1.645e-04 | std: 0.5456 | rollout: 3.245s | update: 0.040s | total: 3.285s | samples/s: 4756
Iteration 0900 | train reward: 249.00 | best: 250.42 | KL: 1.722e-04 | std: 0.5467 | rollout: 3.331s | update: 0.038s | total: 3.369s | samples/s: 4650
Iteration 0901 | train reward: 250.04 | best: 250.42 | KL: 1.513e-04 | std: 0.5464 | rollout: 3.252s | update: 0.038s | total: 3.290s | samples/s: 4787
Iteration 0902 | train reward: 247.86 | best: 250.42 | KL: 1.725e-04 | std: 0.5458 | rollout: 3.278s | update: 0.034s | total: 3.313s | samples/s: 4693
Iteration 0903 | train reward: 248.29 | best: 250.42 | KL: 1.303e-04 | std: 0.5464 | rollout: 3.486s | update: 0.055s | total: 3.541s | samples/s: 4418
Iteration 0904 | train reward: 248.22 | best: 250.42 | KL: 2.181e-04 | std: 0.5471 | rollout: 3.314s | update: 0.049s | total: 3.363s | samples/s: 4645
Iteration 0905 | train reward: 248.81 | best: 250.42 | KL: 1.293e-04 | std: 0.5463 | rollout: 3.202s | update: 0.034s | total: 3.236s | samples/s: 4831
Iteration 0906 | train reward: 248.82 | best: 250.42 | KL: 2.235e-04 | std: 0.5462 | rollout: 3.401s | update: 0.045s | total: 3.446s | samples/s: 4545
Iteration 0907 | train reward: 249.14 | best: 250.42 | KL: 1.228e-04 | std: 0.5462 | rollout: 3.278s | update: 0.039s | total: 3.317s | samples/s: 4721
Iteration 0908 | train reward: 247.69 | best: 250.42 | KL: 1.899e-04 | std: 0.5461 | rollout: 3.358s | update: 0.094s | total: 3.452s | samples/s: 4520
Iteration 0909 | train reward: 250.65 | best: 250.65 | KL: 2.233e-04 | std: 0.5463 | rollout: 3.329s | update: 0.041s | total: 3.369s | samples/s: 4708
Iteration 0910 | train reward: 248.74 | best: 250.65 | KL: 2.666e-04 | std: 0.5456 | rollout: 3.414s | update: 0.046s | total: 3.460s | samples/s: 4516
Iteration 0911 | train reward: 249.00 | best: 250.65 | KL: 1.991e-04 | std: 0.5462 | rollout: 3.448s | update: 0.038s | total: 3.486s | samples/s: 4493
Iteration 0912 | train reward: 249.12 | best: 250.65 | KL: 3.433e-04 | std: 0.5475 | rollout: 3.381s | update: 0.038s | total: 3.419s | samples/s: 4594
Iteration 0913 | train reward: 248.86 | best: 250.65 | KL: 2.808e-04 | std: 0.5470 | rollout: 3.441s | update: 0.094s | total: 3.535s | samples/s: 4430
Iteration 0914 | train reward: 249.70 | best: 250.65 | KL: 2.477e-04 | std: 0.5474 | rollout: 3.428s | update: 0.055s | total: 3.483s | samples/s: 4521
Iteration 0915 | train reward: 249.89 | best: 250.65 | KL: 1.563e-04 | std: 0.5473 | rollout: 3.418s | update: 0.034s | total: 3.452s | samples/s: 4579
Iteration 0916 | train reward: 249.14 | best: 250.65 | KL: 1.868e-04 | std: 0.5475 | rollout: 3.290s | update: 0.043s | total: 3.333s | samples/s: 4734
Iteration 0917 | train reward: 250.24 | best: 250.65 | KL: 2.164e-04 | std: 0.5481 | rollout: 3.551s | update: 0.053s | total: 3.604s | samples/s: 4407
Iteration 0918 | train reward: 250.70 | best: 250.70 | KL: 2.714e-04 | std: 0.5476 | rollout: 3.770s | update: 0.044s | total: 3.814s | samples/s: 4167
Iteration 0919 | train reward: 249.68 | best: 250.70 | KL: 2.157e-04 | std: 0.5480 | rollout: 3.279s | update: 0.032s | total: 3.311s | samples/s: 4799
Iteration 0920 | train reward: 247.17 | best: 250.70 | KL: 1.527e-04 | std: 0.5475 | rollout: 3.346s | update: 0.032s | total: 3.378s | samples/s: 4648
Iteration 0921 | train reward: 249.66 | best: 250.70 | KL: 1.497e-04 | std: 0.5470 | rollout: 3.348s | update: 0.060s | total: 3.408s | samples/s: 4645
Iteration 0922 | train reward: 248.90 | best: 250.70 | KL: 2.044e-04 | std: 0.5467 | rollout: 3.426s | update: 0.034s | total: 3.461s | samples/s: 4528
Iteration 0923 | train reward: 251.21 | best: 251.21 | KL: 1.833e-04 | std: 0.5470 | rollout: 3.536s | update: 0.151s | total: 3.687s | samples/s: 4316
Iteration 0924 | train reward: 249.48 | best: 251.21 | KL: 1.618e-04 | std: 0.5461 | rollout: 3.360s | update: 0.044s | total: 3.404s | samples/s: 4642
Iteration 0925 | train reward: 250.84 | best: 251.21 | KL: 1.939e-04 | std: 0.5461 | rollout: 3.348s | update: 0.050s | total: 3.398s | samples/s: 4691
Iteration 0926 | train reward: 251.45 | best: 251.45 | KL: 1.930e-04 | std: 0.5462 | rollout: 3.352s | update: 0.160s | total: 3.513s | samples/s: 4554
Iteration 0927 | train reward: 251.63 | best: 251.63 | KL: 2.594e-04 | std: 0.5471 | rollout: 3.362s | update: 0.040s | total: 3.401s | samples/s: 4691
Iteration 0928 | train reward: 251.33 | best: 251.63 | KL: 2.124e-04 | std: 0.5469 | rollout: 3.140s | update: 0.041s | total: 3.181s | samples/s: 5014
Iteration 0929 | train reward: 248.08 | best: 251.63 | KL: 3.188e-04 | std: 0.5473 | rollout: 3.239s | update: 0.035s | total: 3.274s | samples/s: 4803
Iteration 0930 | train reward: 252.46 | best: 252.46 | KL: 2.156e-04 | std: 0.5480 | rollout: 3.389s | update: 0.036s | total: 3.425s | samples/s: 4683
Iteration 0931 | train reward: 251.66 | best: 252.46 | KL: 2.103e-04 | std: 0.5469 | rollout: 3.314s | update: 0.135s | total: 3.449s | samples/s: 4633
Iteration 0932 | train reward: 251.69 | best: 252.46 | KL: 2.704e-04 | std: 0.5464 | rollout: 3.296s | update: 0.047s | total: 3.344s | samples/s: 4784
Iteration 0933 | train reward: 253.06 | best: 253.06 | KL: 1.717e-04 | std: 0.5467 | rollout: 3.398s | update: 0.039s | total: 3.437s | samples/s: 4693
Iteration 0934 | train reward: 249.84 | best: 253.06 | KL: 2.140e-04 | std: 0.5470 | rollout: 3.333s | update: 0.038s | total: 3.371s | samples/s: 4698
Iteration 0935 | train reward: 252.51 | best: 253.06 | KL: 1.737e-04 | std: 0.5464 | rollout: 3.330s | update: 0.042s | total: 3.372s | samples/s: 4772
Iteration 0936 | train reward: 247.23 | best: 253.06 | KL: 2.624e-04 | std: 0.5464 | rollout: 3.346s | update: 0.031s | total: 3.377s | samples/s: 4637
Iteration 0937 | train reward: 250.32 | best: 253.06 | KL: 2.141e-04 | std: 0.5461 | rollout: 3.345s | update: 0.042s | total: 3.386s | samples/s: 4698
Iteration 0938 | train reward: 251.84 | best: 253.06 | KL: 1.892e-04 | std: 0.5456 | rollout: 3.385s | update: 0.042s | total: 3.427s | samples/s: 4665
Iteration 0939 | train reward: 250.00 | best: 253.06 | KL: 1.653e-04 | std: 0.5458 | rollout: 3.365s | update: 0.038s | total: 3.403s | samples/s: 4661
Iteration 0940 | train reward: 251.16 | best: 253.06 | KL: 3.324e-04 | std: 0.5456 | rollout: 3.497s | update: 0.033s | total: 3.530s | samples/s: 4534
Iteration 0941 | train reward: 248.46 | best: 253.06 | KL: 1.915e-04 | std: 0.5449 | rollout: 3.440s | update: 0.035s | total: 3.475s | samples/s: 4527
Iteration 0942 | train reward: 250.35 | best: 253.06 | KL: 2.021e-04 | std: 0.5454 | rollout: 3.425s | update: 0.052s | total: 3.477s | samples/s: 4572
Iteration 0943 | train reward: 250.31 | best: 253.06 | KL: 1.773e-04 | std: 0.5450 | rollout: 3.285s | update: 0.037s | total: 3.322s | samples/s: 4799
Iteration 0944 | train reward: 250.59 | best: 253.06 | KL: 2.596e-04 | std: 0.5437 | rollout: 3.314s | update: 0.044s | total: 3.358s | samples/s: 4759
Iteration 0945 | train reward: 252.76 | best: 253.06 | KL: 1.819e-04 | std: 0.5434 | rollout: 3.418s | update: 0.052s | total: 3.470s | samples/s: 4658
Iteration 0946 | train reward: 252.31 | best: 253.06 | KL: 2.105e-04 | std: 0.5444 | rollout: 3.393s | update: 0.043s | total: 3.436s | samples/s: 4669
Iteration 0947 | train reward: 253.06 | best: 253.06 | KL: 2.234e-04 | std: 0.5443 | rollout: 3.305s | update: 0.036s | total: 3.342s | samples/s: 4820
Iteration 0948 | train reward: 250.24 | best: 253.06 | KL: 2.647e-04 | std: 0.5432 | rollout: 3.314s | update: 0.043s | total: 3.357s | samples/s: 4731
Iteration 0949 | train reward: 251.08 | best: 253.06 | KL: 1.530e-04 | std: 0.5432 | rollout: 3.361s | update: 0.037s | total: 3.399s | samples/s: 4680
Iteration 0950 | train reward: 251.70 | best: 253.06 | KL: 1.674e-04 | std: 0.5423 | rollout: 3.330s | update: 0.043s | total: 3.373s | samples/s: 4746
Iteration 0951 | train reward: 251.58 | best: 253.06 | KL: 1.648e-04 | std: 0.5412 | rollout: 3.427s | update: 0.045s | total: 3.471s | samples/s: 4600
Iteration 0952 | train reward: 253.10 | best: 253.10 | KL: 2.572e-04 | std: 0.5405 | rollout: 3.397s | update: 0.050s | total: 3.448s | samples/s: 4674
Iteration 0953 | train reward: 250.05 | best: 253.10 | KL: 1.769e-04 | std: 0.5403 | rollout: 3.270s | update: 0.037s | total: 3.307s | samples/s: 4824
Iteration 0954 | train reward: 250.77 | best: 253.10 | KL: 2.134e-04 | std: 0.5395 | rollout: 3.263s | update: 0.203s | total: 3.466s | samples/s: 4597
Iteration 0955 | train reward: 251.43 | best: 253.10 | KL: 2.152e-04 | std: 0.5385 | rollout: 3.235s | update: 0.039s | total: 3.274s | samples/s: 4883
Iteration 0956 | train reward: 252.00 | best: 253.10 | KL: 1.435e-04 | std: 0.5386 | rollout: 3.380s | update: 0.040s | total: 3.421s | samples/s: 4708
Iteration 0957 | train reward: 252.57 | best: 253.10 | KL: 2.439e-04 | std: 0.5392 | rollout: 3.413s | update: 0.054s | total: 3.467s | samples/s: 4641
Iteration 0958 | train reward: 252.91 | best: 253.10 | KL: 2.671e-04 | std: 0.5384 | rollout: 3.268s | update: 0.042s | total: 3.310s | samples/s: 4864
Iteration 0959 | train reward: 250.82 | best: 253.10 | KL: 1.661e-04 | std: 0.5396 | rollout: 3.378s | update: 0.061s | total: 3.440s | samples/s: 4641
Iteration 0960 | train reward: 251.76 | best: 253.10 | KL: 1.869e-04 | std: 0.5384 | rollout: 3.222s | update: 0.044s | total: 3.266s | samples/s: 4903
Iteration 0961 | train reward: 252.04 | best: 253.10 | KL: 1.535e-04 | std: 0.5391 | rollout: 3.347s | update: 0.086s | total: 3.433s | samples/s: 4689
Iteration 0962 | train reward: 251.56 | best: 253.10 | KL: 2.832e-04 | std: 0.5390 | rollout: 3.422s | update: 0.033s | total: 3.455s | samples/s: 4635
Iteration 0963 | train reward: 252.49 | best: 253.10 | KL: 3.002e-04 | std: 0.5377 | rollout: 3.337s | update: 0.040s | total: 3.377s | samples/s: 4764
Iteration 0964 | train reward: 252.29 | best: 253.10 | KL: 2.540e-04 | std: 0.5376 | rollout: 3.344s | update: 0.085s | total: 3.428s | samples/s: 4702
Iteration 0965 | train reward: 252.50 | best: 253.10 | KL: 2.206e-04 | std: 0.5371 | rollout: 3.302s | update: 0.151s | total: 3.453s | samples/s: 4665
Iteration 0966 | train reward: 252.70 | best: 253.10 | KL: 1.651e-04 | std: 0.5377 | rollout: 3.266s | update: 0.050s | total: 3.317s | samples/s: 4874
Iteration 0967 | train reward: 253.63 | best: 253.63 | KL: 1.976e-04 | std: 0.5373 | rollout: 3.426s | update: 0.048s | total: 3.474s | samples/s: 4662
Iteration 0968 | train reward: 252.25 | best: 253.63 | KL: 2.245e-04 | std: 0.5377 | rollout: 3.561s | update: 0.052s | total: 3.613s | samples/s: 4456
Iteration 0969 | train reward: 253.84 | best: 253.84 | KL: 2.662e-04 | std: 0.5382 | rollout: 3.727s | update: 0.049s | total: 3.776s | samples/s: 4287
Iteration 0970 | train reward: 251.60 | best: 253.84 | KL: 2.074e-04 | std: 0.5384 | rollout: 3.460s | update: 0.037s | total: 3.497s | samples/s: 4589
Iteration 0971 | train reward: 252.71 | best: 253.84 | KL: 2.375e-04 | std: 0.5385 | rollout: 3.650s | update: 0.079s | total: 3.729s | samples/s: 4328
Iteration 0972 | train reward: 254.29 | best: 254.29 | KL: 4.207e-04 | std: 0.5386 | rollout: 3.595s | update: 0.045s | total: 3.640s | samples/s: 4466
Iteration 0973 | train reward: 252.34 | best: 254.29 | KL: 2.707e-04 | std: 0.5391 | rollout: 3.605s | update: 0.190s | total: 3.795s | samples/s: 4256
Iteration 0974 | train reward: 252.59 | best: 254.29 | KL: 1.829e-04 | std: 0.5384 | rollout: 3.515s | update: 0.062s | total: 3.576s | samples/s: 4507
Iteration 0975 | train reward: 250.43 | best: 254.29 | KL: 2.375e-04 | std: 0.5371 | rollout: 3.646s | update: 0.044s | total: 3.690s | samples/s: 4324
Iteration 0976 | train reward: 251.63 | best: 254.29 | KL: 2.225e-04 | std: 0.5373 | rollout: 3.522s | update: 0.039s | total: 3.562s | samples/s: 4502
Iteration 0977 | train reward: 252.73 | best: 254.29 | KL: 1.891e-04 | std: 0.5377 | rollout: 3.499s | update: 0.036s | total: 3.535s | samples/s: 4578
Iteration 0978 | train reward: 252.21 | best: 254.29 | KL: 2.076e-04 | std: 0.5376 | rollout: 3.485s | update: 0.042s | total: 3.527s | samples/s: 4546
Iteration 0979 | train reward: 254.23 | best: 254.29 | KL: 1.935e-04 | std: 0.5378 | rollout: 3.581s | update: 0.041s | total: 3.623s | samples/s: 4498
Iteration 0980 | train reward: 251.32 | best: 254.29 | KL: 2.328e-04 | std: 0.5386 | rollout: 3.483s | update: 0.037s | total: 3.520s | samples/s: 4539
Iteration 0981 | train reward: 251.50 | best: 254.29 | KL: 2.589e-04 | std: 0.5384 | rollout: 3.619s | update: 0.052s | total: 3.671s | samples/s: 4386
Iteration 0982 | train reward: 253.63 | best: 254.29 | KL: 2.207e-04 | std: 0.5382 | rollout: 3.655s | update: 0.134s | total: 3.788s | samples/s: 4278
Iteration 0983 | train reward: 252.76 | best: 254.29 | KL: 1.632e-04 | std: 0.5382 | rollout: 3.618s | update: 0.043s | total: 3.661s | samples/s: 4417
Iteration 0984 | train reward: 252.92 | best: 254.29 | KL: 2.805e-04 | std: 0.5389 | rollout: 3.739s | update: 0.091s | total: 3.830s | samples/s: 4223
Iteration 0985 | train reward: 251.89 | best: 254.29 | KL: 3.544e-04 | std: 0.5389 | rollout: 3.948s | update: 0.070s | total: 4.018s | samples/s: 4005
Iteration 0986 | train reward: 252.67 | best: 254.29 | KL: 2.042e-04 | std: 0.5380 | rollout: 3.908s | update: 0.110s | total: 4.018s | samples/s: 4006
Iteration 0987 | train reward: 253.66 | best: 254.29 | KL: 2.095e-04 | std: 0.5382 | rollout: 3.953s | update: 0.145s | total: 4.098s | samples/s: 3954
Iteration 0988 | train reward: 253.42 | best: 254.29 | KL: 3.164e-04 | std: 0.5377 | rollout: 3.882s | update: 0.063s | total: 3.945s | samples/s: 4115
Iteration 0989 | train reward: 254.44 | best: 254.44 | KL: 2.926e-04 | std: 0.5376 | rollout: 3.746s | update: 0.173s | total: 3.919s | samples/s: 4155
Iteration 0990 | train reward: 253.35 | best: 254.44 | KL: 2.672e-04 | std: 0.5366 | rollout: 3.474s | update: 0.093s | total: 3.567s | samples/s: 4553
Iteration 0991 | train reward: 250.61 | best: 254.44 | KL: 2.911e-04 | std: 0.5373 | rollout: 3.713s | update: 0.204s | total: 3.917s | samples/s: 4090
Iteration 0992 | train reward: 254.29 | best: 254.44 | KL: 2.073e-04 | std: 0.5358 | rollout: 3.513s | update: 0.070s | total: 3.582s | samples/s: 4551
Iteration 0993 | train reward: 254.98 | best: 254.98 | KL: 2.248e-04 | std: 0.5357 | rollout: 3.776s | update: 0.084s | total: 3.861s | samples/s: 4240
Iteration 0994 | train reward: 252.55 | best: 254.98 | KL: 1.676e-04 | std: 0.5364 | rollout: 3.962s | update: 0.108s | total: 4.071s | samples/s: 3962
Iteration 0995 | train reward: 254.19 | best: 254.98 | KL: 2.195e-04 | std: 0.5358 | rollout: 3.376s | update: 0.080s | total: 3.456s | samples/s: 4716
Iteration 0996 | train reward: 253.76 | best: 254.98 | KL: 1.732e-04 | std: 0.5350 | rollout: 3.558s | update: 0.045s | total: 3.602s | samples/s: 4511
Iteration 0997 | train reward: 253.68 | best: 254.98 | KL: 2.179e-04 | std: 0.5356 | rollout: 3.540s | update: 0.204s | total: 3.744s | samples/s: 4352
Iteration 0998 | train reward: 251.55 | best: 254.98 | KL: 1.405e-04 | std: 0.5352 | rollout: 3.626s | update: 0.045s | total: 3.671s | samples/s: 4385
Iteration 0999 | train reward: 253.45 | best: 254.98 | KL: 2.331e-04 | std: 0.5341 | rollout: 3.339s | update: 0.062s | total: 3.401s | samples/s: 4762
Iteration 1000 | train reward: 253.29 | best: 254.98 | KL: 2.468e-04 | std: 0.5334 | rollout: 3.516s | update: 0.046s | total: 3.562s | samples/s: 4549
Iteration 1001 | train reward: 254.48 | best: 254.98 | KL: 1.527e-04 | std: 0.5334 | rollout: 3.676s | update: 0.037s | total: 3.713s | samples/s: 4399
Iteration 1002 | train reward: 253.59 | best: 254.98 | KL: 1.667e-04 | std: 0.5334 | rollout: 3.383s | update: 0.228s | total: 3.612s | samples/s: 4491
Iteration 1003 | train reward: 252.66 | best: 254.98 | KL: 2.194e-04 | std: 0.5324 | rollout: 3.750s | update: 0.072s | total: 3.822s | samples/s: 4243
Iteration 1004 | train reward: 254.80 | best: 254.98 | KL: 2.349e-04 | std: 0.5325 | rollout: 3.674s | update: 0.042s | total: 3.717s | samples/s: 4407
Iteration 1005 | train reward: 253.76 | best: 254.98 | KL: 2.312e-04 | std: 0.5308 | rollout: 3.654s | update: 0.069s | total: 3.723s | samples/s: 4385
Iteration 1006 | train reward: 255.08 | best: 255.08 | KL: 1.675e-04 | std: 0.5313 | rollout: 3.667s | update: 0.044s | total: 3.711s | samples/s: 4414
Iteration 1007 | train reward: 253.44 | best: 255.08 | KL: 1.813e-04 | std: 0.5311 | rollout: 3.632s | update: 0.118s | total: 3.749s | samples/s: 4344
Iteration 1008 | train reward: 254.27 | best: 255.08 | KL: 1.821e-04 | std: 0.5306 | rollout: 3.574s | update: 0.049s | total: 3.622s | samples/s: 4495
Iteration 1009 | train reward: 253.27 | best: 255.08 | KL: 2.230e-04 | std: 0.5306 | rollout: 3.607s | update: 0.050s | total: 3.657s | samples/s: 4426
Iteration 1010 | train reward: 253.26 | best: 255.08 | KL: 2.444e-04 | std: 0.5308 | rollout: 3.401s | update: 0.038s | total: 3.439s | samples/s: 4723
Iteration 1011 | train reward: 253.52 | best: 255.08 | KL: 2.580e-04 | std: 0.5301 | rollout: 3.435s | update: 0.047s | total: 3.481s | samples/s: 4671
Iteration 1012 | train reward: 254.33 | best: 255.08 | KL: 1.512e-04 | std: 0.5299 | rollout: 3.629s | update: 0.062s | total: 3.691s | samples/s: 4414
Iteration 1013 | train reward: 252.91 | best: 255.08 | KL: 2.188e-04 | std: 0.5293 | rollout: 3.395s | update: 0.045s | total: 3.440s | samples/s: 4710
Iteration 1014 | train reward: 254.50 | best: 255.08 | KL: 3.839e-04 | std: 0.5299 | rollout: 3.550s | update: 0.214s | total: 3.764s | samples/s: 4334
Iteration 1015 | train reward: 255.52 | best: 255.52 | KL: 2.279e-04 | std: 0.5293 | rollout: 3.515s | update: 0.088s | total: 3.603s | samples/s: 4572
Iteration 1016 | train reward: 254.41 | best: 255.52 | KL: 2.145e-04 | std: 0.5291 | rollout: 3.429s | update: 0.104s | total: 3.533s | samples/s: 4636
Iteration 1017 | train reward: 250.73 | best: 255.52 | KL: 1.775e-04 | std: 0.5285 | rollout: 3.497s | update: 0.078s | total: 3.575s | samples/s: 4514
Iteration 1018 | train reward: 253.27 | best: 255.52 | KL: 2.317e-04 | std: 0.5291 | rollout: 3.599s | update: 0.051s | total: 3.650s | samples/s: 4455
Iteration 1019 | train reward: 252.70 | best: 255.52 | KL: 2.089e-04 | std: 0.5293 | rollout: 3.507s | update: 0.128s | total: 3.635s | samples/s: 4457
Iteration 1020 | train reward: 252.49 | best: 255.52 | KL: 2.542e-04 | std: 0.5308 | rollout: 3.420s | update: 0.082s | total: 3.502s | samples/s: 4625
Iteration 1021 | train reward: 254.44 | best: 255.52 | KL: 2.894e-04 | std: 0.5301 | rollout: 3.410s | update: 0.097s | total: 3.507s | samples/s: 4655
Iteration 1022 | train reward: 252.83 | best: 255.52 | KL: 2.085e-04 | std: 0.5299 | rollout: 3.911s | update: 0.099s | total: 4.010s | samples/s: 4059
Iteration 1023 | train reward: 250.70 | best: 255.52 | KL: 2.370e-04 | std: 0.5293 | rollout: 3.450s | update: 0.199s | total: 3.649s | samples/s: 4395
Iteration 1024 | train reward: 252.31 | best: 255.52 | KL: 2.665e-04 | std: 0.5293 | rollout: 3.632s | update: 0.111s | total: 3.742s | samples/s: 4318
Iteration 1025 | train reward: 253.94 | best: 255.52 | KL: 1.903e-04 | std: 0.5282 | rollout: 3.886s | update: 0.041s | total: 3.927s | samples/s: 4158
Iteration 1026 | train reward: 253.53 | best: 255.52 | KL: 3.847e-04 | std: 0.5287 | rollout: 3.779s | update: 0.182s | total: 3.961s | samples/s: 4090
Iteration 1027 | train reward: 253.88 | best: 255.52 | KL: 2.210e-04 | std: 0.5286 | rollout: 3.531s | update: 0.060s | total: 3.592s | samples/s: 4524
Iteration 1028 | train reward: 253.85 | best: 255.52 | KL: 1.722e-04 | std: 0.5280 | rollout: 3.593s | update: 0.093s | total: 3.685s | samples/s: 4426
Iteration 1029 | train reward: 254.34 | best: 255.52 | KL: 3.160e-04 | std: 0.5286 | rollout: 3.567s | update: 0.063s | total: 3.630s | samples/s: 4500
Iteration 1030 | train reward: 253.80 | best: 255.52 | KL: 1.637e-04 | std: 0.5282 | rollout: 3.393s | update: 0.047s | total: 3.440s | samples/s: 4721
Iteration 1031 | train reward: 253.47 | best: 255.52 | KL: 2.163e-04 | std: 0.5284 | rollout: 3.551s | update: 0.073s | total: 3.624s | samples/s: 4488
Iteration 1032 | train reward: 252.05 | best: 255.52 | KL: 2.936e-04 | std: 0.5275 | rollout: 3.589s | update: 0.226s | total: 3.815s | samples/s: 4257
Iteration 1033 | train reward: 255.44 | best: 255.52 | KL: 1.723e-04 | std: 0.5273 | rollout: 3.656s | update: 0.040s | total: 3.696s | samples/s: 4441
Iteration 1034 | train reward: 251.49 | best: 255.52 | KL: 2.705e-04 | std: 0.5274 | rollout: 3.676s | update: 0.052s | total: 3.728s | samples/s: 4342
Iteration 1035 | train reward: 253.62 | best: 255.52 | KL: 1.390e-04 | std: 0.5269 | rollout: 3.666s | update: 0.087s | total: 3.753s | samples/s: 4315
Iteration 1036 | train reward: 253.08 | best: 255.52 | KL: 1.895e-04 | std: 0.5267 | rollout: 3.611s | update: 0.065s | total: 3.676s | samples/s: 4411
Iteration 1037 | train reward: 252.95 | best: 255.52 | KL: 2.257e-04 | std: 0.5266 | rollout: 3.465s | update: 0.046s | total: 3.511s | samples/s: 4625
Iteration 1038 | train reward: 254.14 | best: 255.52 | KL: 2.499e-04 | std: 0.5278 | rollout: 3.709s | update: 0.071s | total: 3.780s | samples/s: 4301
Iteration 1039 | train reward: 253.49 | best: 255.52 | KL: 3.918e-04 | std: 0.5293 | rollout: 3.969s | update: 0.052s | total: 4.021s | samples/s: 4056
Iteration 1040 | train reward: 257.41 | best: 257.41 | KL: 3.437e-04 | std: 0.5291 | rollout: 4.037s | update: 0.182s | total: 4.219s | samples/s: 3933
Iteration 1041 | train reward: 254.01 | best: 257.41 | KL: 1.930e-04 | std: 0.5293 | rollout: 3.496s | update: 0.042s | total: 3.538s | samples/s: 4602
Iteration 1042 | train reward: 254.21 | best: 257.41 | KL: 1.949e-04 | std: 0.5285 | rollout: 3.515s | update: 0.044s | total: 3.559s | samples/s: 4596
Iteration 1043 | train reward: 253.80 | best: 257.41 | KL: 1.982e-04 | std: 0.5280 | rollout: 3.729s | update: 0.159s | total: 3.889s | samples/s: 4182
Iteration 1044 | train reward: 255.09 | best: 257.41 | KL: 1.175e-04 | std: 0.5286 | rollout: 3.769s | update: 0.108s | total: 3.877s | samples/s: 4225
Iteration 1045 | train reward: 254.36 | best: 257.41 | KL: 1.680e-04 | std: 0.5293 | rollout: 3.805s | update: 0.115s | total: 3.919s | samples/s: 4157
Iteration 1046 | train reward: 254.35 | best: 257.41 | KL: 2.291e-04 | std: 0.5293 | rollout: 3.982s | update: 0.106s | total: 4.088s | samples/s: 4010
Iteration 1047 | train reward: 251.94 | best: 257.41 | KL: 1.565e-04 | std: 0.5291 | rollout: 3.929s | update: 0.092s | total: 4.021s | samples/s: 4024
Iteration 1048 | train reward: 251.91 | best: 257.41 | KL: 3.836e-04 | std: 0.5282 | rollout: 3.859s | update: 0.191s | total: 4.050s | samples/s: 3984
Iteration 1049 | train reward: 254.19 | best: 257.41 | KL: 2.423e-04 | std: 0.5269 | rollout: 3.754s | update: 0.103s | total: 3.857s | samples/s: 4224
Iteration 1050 | train reward: 254.78 | best: 257.41 | KL: 2.023e-04 | std: 0.5275 | rollout: 3.853s | update: 0.128s | total: 3.982s | samples/s: 4114
Iteration 1051 | train reward: 253.45 | best: 257.41 | KL: 2.967e-04 | std: 0.5268 | rollout: 3.577s | update: 0.070s | total: 3.647s | samples/s: 4450
Iteration 1052 | train reward: 254.03 | best: 257.41 | KL: 1.767e-04 | std: 0.5272 | rollout: 3.602s | update: 0.082s | total: 3.684s | samples/s: 4436
Iteration 1053 | train reward: 253.60 | best: 257.41 | KL: 1.689e-04 | std: 0.5273 | rollout: 3.488s | update: 0.038s | total: 3.526s | samples/s: 4615
Iteration 1054 | train reward: 255.32 | best: 257.41 | KL: 2.380e-04 | std: 0.5274 | rollout: 3.413s | update: 0.041s | total: 3.454s | samples/s: 4750
Iteration 1055 | train reward: 252.18 | best: 257.41 | KL: 2.235e-04 | std: 0.5282 | rollout: 3.472s | update: 0.103s | total: 3.575s | samples/s: 4523
Iteration 1056 | train reward: 253.71 | best: 257.41 | KL: 1.803e-04 | std: 0.5274 | rollout: 3.803s | update: 0.136s | total: 3.939s | samples/s: 4113
Iteration 1057 | train reward: 252.93 | best: 257.41 | KL: 2.660e-04 | std: 0.5280 | rollout: 3.619s | update: 0.115s | total: 3.735s | samples/s: 4338
Iteration 1058 | train reward: 254.72 | best: 257.41 | KL: 3.349e-04 | std: 0.5286 | rollout: 3.418s | update: 0.043s | total: 3.461s | samples/s: 4730
Iteration 1059 | train reward: 254.32 | best: 257.41 | KL: 2.464e-04 | std: 0.5297 | rollout: 3.828s | update: 0.040s | total: 3.868s | samples/s: 4227
Iteration 1060 | train reward: 253.00 | best: 257.41 | KL: 2.824e-04 | std: 0.5295 | rollout: 3.542s | update: 0.034s | total: 3.576s | samples/s: 4558
Iteration 1061 | train reward: 254.69 | best: 257.41 | KL: 1.212e-04 | std: 0.5293 | rollout: 3.790s | update: 0.057s | total: 3.847s | samples/s: 4245
Iteration 1062 | train reward: 254.21 | best: 257.41 | KL: 2.982e-04 | std: 0.5285 | rollout: 3.580s | update: 0.137s | total: 3.717s | samples/s: 4385
Iteration 1063 | train reward: 253.47 | best: 257.41 | KL: 2.215e-04 | std: 0.5293 | rollout: 3.512s | update: 0.048s | total: 3.561s | samples/s: 4550
Iteration 1064 | train reward: 252.99 | best: 257.41 | KL: 1.552e-04 | std: 0.5304 | rollout: 3.678s | update: 0.038s | total: 3.717s | samples/s: 4380
Iteration 1065 | train reward: 254.99 | best: 257.41 | KL: 2.783e-04 | std: 0.5293 | rollout: 3.623s | update: 0.100s | total: 3.723s | samples/s: 4390
Iteration 1066 | train reward: 252.60 | best: 257.41 | KL: 2.437e-04 | std: 0.5287 | rollout: 3.545s | update: 0.045s | total: 3.591s | samples/s: 4503
Iteration 1067 | train reward: 250.79 | best: 257.41 | KL: 2.046e-04 | std: 0.5287 | rollout: 3.692s | update: 0.064s | total: 3.756s | samples/s: 4281
Iteration 1068 | train reward: 254.56 | best: 257.41 | KL: 1.951e-04 | std: 0.5295 | rollout: 3.648s | update: 0.219s | total: 3.866s | samples/s: 4218
Iteration 1069 | train reward: 252.16 | best: 257.41 | KL: 2.005e-04 | std: 0.5293 | rollout: 3.826s | update: 0.137s | total: 3.963s | samples/s: 4081
Iteration 1070 | train reward: 256.23 | best: 257.41 | KL: 2.184e-04 | std: 0.5298 | rollout: 4.140s | update: 0.128s | total: 4.268s | samples/s: 3862
Iteration 1071 | train reward: 254.65 | best: 257.41 | KL: 2.559e-04 | std: 0.5293 | rollout: 4.015s | update: 0.264s | total: 4.280s | samples/s: 3809
Iteration 1072 | train reward: 254.46 | best: 257.41 | KL: 2.546e-04 | std: 0.5293 | rollout: 4.060s | update: 0.229s | total: 4.289s | samples/s: 3802
Iteration 1073 | train reward: 254.24 | best: 257.41 | KL: 2.539e-04 | std: 0.5280 | rollout: 3.811s | update: 0.081s | total: 3.892s | samples/s: 4181
Iteration 1074 | train reward: 252.29 | best: 257.41 | KL: 3.081e-04 | std: 0.5267 | rollout: 4.032s | update: 0.203s | total: 4.235s | samples/s: 3807
Iteration 1075 | train reward: 255.63 | best: 257.41 | KL: 1.858e-04 | std: 0.5266 | rollout: 3.707s | update: 0.121s | total: 3.829s | samples/s: 4292
Iteration 1076 | train reward: 252.03 | best: 257.41 | KL: 2.845e-04 | std: 0.5275 | rollout: 3.564s | update: 0.080s | total: 3.644s | samples/s: 4434
Iteration 1077 | train reward: 255.25 | best: 257.41 | KL: 1.873e-04 | std: 0.5275 | rollout: 3.584s | update: 0.173s | total: 3.757s | samples/s: 4360
Iteration 1078 | train reward: 254.55 | best: 257.41 | KL: 1.761e-04 | std: 0.5275 | rollout: 3.537s | update: 0.044s | total: 3.581s | samples/s: 4555
Iteration 1079 | train reward: 256.13 | best: 257.41 | KL: 2.386e-04 | std: 0.5280 | rollout: 3.585s | update: 0.072s | total: 3.657s | samples/s: 4506
Iteration 1080 | train reward: 254.76 | best: 257.41 | KL: 2.015e-04 | std: 0.5282 | rollout: 3.475s | update: 0.042s | total: 3.517s | samples/s: 4640
Iteration 1081 | train reward: 256.20 | best: 257.41 | KL: 2.332e-04 | std: 0.5282 | rollout: 3.643s | update: 0.114s | total: 3.757s | samples/s: 4386
Iteration 1082 | train reward: 255.82 | best: 257.41 | KL: 2.642e-04 | std: 0.5279 | rollout: 3.730s | update: 0.094s | total: 3.823s | samples/s: 4301
Iteration 1083 | train reward: 253.35 | best: 257.41 | KL: 2.346e-04 | std: 0.5282 | rollout: 3.975s | update: 0.139s | total: 4.114s | samples/s: 3950
Iteration 1084 | train reward: 255.52 | best: 257.41 | KL: 3.482e-04 | std: 0.5280 | rollout: 3.707s | update: 0.100s | total: 3.807s | samples/s: 4302
Iteration 1085 | train reward: 254.90 | best: 257.41 | KL: 1.941e-04 | std: 0.5272 | rollout: 3.712s | update: 0.081s | total: 3.794s | samples/s: 4310
Iteration 1086 | train reward: 254.18 | best: 257.41 | KL: 2.163e-04 | std: 0.5267 | rollout: 3.496s | update: 0.095s | total: 3.591s | samples/s: 4531
Iteration 1087 | train reward: 254.08 | best: 257.41 | KL: 2.037e-04 | std: 0.5267 | rollout: 3.827s | update: 0.097s | total: 3.923s | samples/s: 4136
Iteration 1088 | train reward: 256.30 | best: 257.41 | KL: 2.711e-04 | std: 0.5273 | rollout: 3.629s | update: 0.101s | total: 3.730s | samples/s: 4425
Iteration 1089 | train reward: 254.96 | best: 257.41 | KL: 2.063e-04 | std: 0.5269 | rollout: 3.585s | update: 0.161s | total: 3.746s | samples/s: 4355
Iteration 1090 | train reward: 254.98 | best: 257.41 | KL: 2.912e-04 | std: 0.5275 | rollout: 3.640s | update: 0.062s | total: 3.702s | samples/s: 4415
Iteration 1091 | train reward: 255.10 | best: 257.41 | KL: 1.136e-04 | std: 0.5275 | rollout: 3.606s | update: 0.048s | total: 3.655s | samples/s: 4477
Iteration 1092 | train reward: 255.53 | best: 257.41 | KL: 2.916e-04 | std: 0.5274 | rollout: 3.521s | update: 0.053s | total: 3.574s | samples/s: 4588
Iteration 1093 | train reward: 257.02 | best: 257.41 | KL: 1.455e-04 | std: 0.5273 | rollout: 3.417s | update: 0.116s | total: 3.532s | samples/s: 4682
Iteration 1094 | train reward: 255.09 | best: 257.41 | KL: 2.035e-04 | std: 0.5267 | rollout: 3.533s | update: 0.040s | total: 3.573s | samples/s: 4565
Iteration 1095 | train reward: 253.73 | best: 257.41 | KL: 3.813e-04 | std: 0.5269 | rollout: 3.588s | update: 0.033s | total: 3.622s | samples/s: 4483
Iteration 1096 | train reward: 254.97 | best: 257.41 | KL: 1.887e-04 | std: 0.5267 | rollout: 3.751s | update: 0.042s | total: 3.793s | samples/s: 4308
Iteration 1097 | train reward: 254.75 | best: 257.41 | KL: 2.163e-04 | std: 0.5258 | rollout: 3.496s | update: 0.116s | total: 3.612s | samples/s: 4515
Iteration 1098 | train reward: 254.47 | best: 257.41 | KL: 2.541e-04 | std: 0.5242 | rollout: 3.555s | update: 0.057s | total: 3.612s | samples/s: 4518
Iteration 1099 | train reward: 256.22 | best: 257.41 | KL: 1.523e-04 | std: 0.5234 | rollout: 3.442s | update: 0.169s | total: 3.611s | samples/s: 4564
Iteration 1100 | train reward: 254.66 | best: 257.41 | KL: 2.767e-04 | std: 0.5223 | rollout: 3.528s | update: 0.105s | total: 3.633s | samples/s: 4503
Iteration 1101 | train reward: 256.09 | best: 257.41 | KL: 2.423e-04 | std: 0.5227 | rollout: 3.563s | update: 0.044s | total: 3.607s | samples/s: 4559
Iteration 1102 | train reward: 255.02 | best: 257.41 | KL: 1.421e-04 | std: 0.5221 | rollout: 3.608s | update: 0.155s | total: 3.764s | samples/s: 4341
Iteration 1103 | train reward: 255.02 | best: 257.41 | KL: 3.674e-04 | std: 0.5230 | rollout: 3.459s | update: 0.036s | total: 3.495s | samples/s: 4684
Iteration 1104 | train reward: 252.53 | best: 257.41 | KL: 3.283e-04 | std: 0.5228 | rollout: 3.537s | update: 0.069s | total: 3.606s | samples/s: 4516
Iteration 1105 | train reward: 256.18 | best: 257.41 | KL: 2.913e-04 | std: 0.5226 | rollout: 3.620s | update: 0.130s | total: 3.751s | samples/s: 4395
Iteration 1106 | train reward: 254.75 | best: 257.41 | KL: 2.512e-04 | std: 0.5228 | rollout: 3.610s | update: 0.125s | total: 3.735s | samples/s: 4396
Iteration 1107 | train reward: 255.44 | best: 257.41 | KL: 2.391e-04 | std: 0.5243 | rollout: 3.581s | update: 0.076s | total: 3.656s | samples/s: 4478
Iteration 1108 | train reward: 255.28 | best: 257.41 | KL: 2.333e-04 | std: 0.5236 | rollout: 3.491s | update: 0.047s | total: 3.538s | samples/s: 4632
Iteration 1109 | train reward: 254.72 | best: 257.41 | KL: 1.960e-04 | std: 0.5236 | rollout: 3.494s | update: 0.055s | total: 3.549s | samples/s: 4613
Iteration 1110 | train reward: 255.89 | best: 257.41 | KL: 2.133e-04 | std: 0.5241 | rollout: 3.413s | update: 0.074s | total: 3.487s | samples/s: 4715
Iteration 1111 | train reward: 255.02 | best: 257.41 | KL: 1.857e-04 | std: 0.5243 | rollout: 3.200s | update: 0.094s | total: 3.294s | samples/s: 4978
Iteration 1112 | train reward: 255.67 | best: 257.41 | KL: 1.536e-04 | std: 0.5253 | rollout: 3.618s | update: 0.034s | total: 3.652s | samples/s: 4491
Iteration 1113 | train reward: 253.88 | best: 257.41 | KL: 3.047e-04 | std: 0.5262 | rollout: 3.531s | update: 0.074s | total: 3.604s | samples/s: 4518
Iteration 1114 | train reward: 255.49 | best: 257.41 | KL: 2.122e-04 | std: 0.5260 | rollout: 3.451s | update: 0.067s | total: 3.518s | samples/s: 4672
Iteration 1115 | train reward: 256.01 | best: 257.41 | KL: 2.702e-04 | std: 0.5254 | rollout: 3.347s | update: 0.052s | total: 3.399s | samples/s: 4856
Iteration 1116 | train reward: 255.91 | best: 257.41 | KL: 2.394e-04 | std: 0.5258 | rollout: 3.335s | update: 0.037s | total: 3.372s | samples/s: 4888
Iteration 1117 | train reward: 254.91 | best: 257.41 | KL: 2.455e-04 | std: 0.5253 | rollout: 3.246s | update: 0.046s | total: 3.293s | samples/s: 4967
Iteration 1118 | train reward: 254.18 | best: 257.41 | KL: 1.561e-04 | std: 0.5258 | rollout: 3.600s | update: 0.044s | total: 3.644s | samples/s: 4484
Iteration 1119 | train reward: 254.10 | best: 257.41 | KL: 1.563e-04 | std: 0.5267 | rollout: 3.461s | update: 0.047s | total: 3.508s | samples/s: 4631
Iteration 1120 | train reward: 255.46 | best: 257.41 | KL: 2.126e-04 | std: 0.5261 | rollout: 3.473s | update: 0.060s | total: 3.533s | samples/s: 4640
Iteration 1121 | train reward: 254.98 | best: 257.41 | KL: 1.760e-04 | std: 0.5256 | rollout: 3.545s | update: 0.068s | total: 3.613s | samples/s: 4527
Iteration 1122 | train reward: 254.93 | best: 257.41 | KL: 1.679e-04 | std: 0.5262 | rollout: 3.336s | update: 0.097s | total: 3.434s | samples/s: 4764
Iteration 1123 | train reward: 255.10 | best: 257.41 | KL: 1.823e-04 | std: 0.5267 | rollout: 3.619s | update: 0.035s | total: 3.654s | samples/s: 4498
Iteration 1124 | train reward: 254.11 | best: 257.41 | KL: 2.461e-04 | std: 0.5267 | rollout: 3.556s | update: 0.060s | total: 3.616s | samples/s: 4512
Iteration 1125 | train reward: 256.27 | best: 257.41 | KL: 1.500e-04 | std: 0.5254 | rollout: 3.535s | update: 0.038s | total: 3.573s | samples/s: 4609
Iteration 1126 | train reward: 251.73 | best: 257.41 | KL: 2.648e-04 | std: 0.5254 | rollout: 3.490s | update: 0.066s | total: 3.556s | samples/s: 4527
Iteration 1127 | train reward: 255.70 | best: 257.41 | KL: 2.062e-04 | std: 0.5249 | rollout: 3.450s | update: 0.041s | total: 3.491s | samples/s: 4724
Iteration 1128 | train reward: 254.40 | best: 257.41 | KL: 3.078e-04 | std: 0.5249 | rollout: 3.529s | update: 0.062s | total: 3.591s | samples/s: 4531
Iteration 1129 | train reward: 255.75 | best: 257.41 | KL: 2.258e-04 | std: 0.5256 | rollout: 3.287s | update: 0.054s | total: 3.341s | samples/s: 4916
Iteration 1130 | train reward: 256.60 | best: 257.41 | KL: 3.265e-04 | std: 0.5241 | rollout: 3.512s | update: 0.154s | total: 3.666s | samples/s: 4504
Iteration 1131 | train reward: 256.09 | best: 257.41 | KL: 1.279e-04 | std: 0.5243 | rollout: 3.320s | update: 0.060s | total: 3.380s | samples/s: 4869
Iteration 1132 | train reward: 256.01 | best: 257.41 | KL: 1.854e-04 | std: 0.5240 | rollout: 3.498s | update: 0.043s | total: 3.541s | samples/s: 4649
Iteration 1133 | train reward: 255.05 | best: 257.41 | KL: 2.450e-04 | std: 0.5239 | rollout: 3.476s | update: 0.220s | total: 3.696s | samples/s: 4433
Iteration 1134 | train reward: 255.95 | best: 257.41 | KL: 2.587e-04 | std: 0.5239 | rollout: 3.545s | update: 0.079s | total: 3.624s | samples/s: 4538
Iteration 1135 | train reward: 254.52 | best: 257.41 | KL: 1.946e-04 | std: 0.5235 | rollout: 3.454s | update: 0.047s | total: 3.502s | samples/s: 4675
Iteration 1136 | train reward: 255.99 | best: 257.41 | KL: 2.465e-04 | std: 0.5233 | rollout: 3.538s | update: 0.075s | total: 3.613s | samples/s: 4551
Iteration 1137 | train reward: 256.60 | best: 257.41 | KL: 3.826e-04 | std: 0.5217 | rollout: 3.683s | update: 0.057s | total: 3.740s | samples/s: 4416
Iteration 1138 | train reward: 255.59 | best: 257.41 | KL: 1.789e-04 | std: 0.5209 | rollout: 3.455s | update: 0.045s | total: 3.500s | samples/s: 4712
Iteration 1139 | train reward: 254.44 | best: 257.41 | KL: 1.653e-04 | std: 0.5210 | rollout: 3.442s | update: 0.221s | total: 3.663s | samples/s: 4470
Iteration 1140 | train reward: 254.72 | best: 257.41 | KL: 1.991e-04 | std: 0.5220 | rollout: 3.379s | update: 0.240s | total: 3.619s | samples/s: 4524
Iteration 1141 | train reward: 253.68 | best: 257.41 | KL: 2.502e-04 | std: 0.5219 | rollout: 3.572s | update: 0.054s | total: 3.627s | samples/s: 4504
Iteration 1142 | train reward: 254.24 | best: 257.41 | KL: 3.034e-04 | std: 0.5208 | rollout: 3.490s | update: 0.049s | total: 3.539s | samples/s: 4600
Iteration 1143 | train reward: 255.77 | best: 257.41 | KL: 4.173e-04 | std: 0.5196 | rollout: 3.573s | update: 0.051s | total: 3.623s | samples/s: 4523
Iteration 1144 | train reward: 255.66 | best: 257.41 | KL: 1.797e-04 | std: 0.5190 | rollout: 3.608s | update: 0.209s | total: 3.817s | samples/s: 4293
Iteration 1145 | train reward: 255.54 | best: 257.41 | KL: 2.045e-04 | std: 0.5188 | rollout: 3.614s | update: 0.065s | total: 3.679s | samples/s: 4461
Iteration 1146 | train reward: 253.35 | best: 257.41 | KL: 2.014e-04 | std: 0.5189 | rollout: 3.469s | update: 0.072s | total: 3.542s | samples/s: 4608
Iteration 1147 | train reward: 257.55 | best: 257.55 | KL: 2.679e-04 | std: 0.5176 | rollout: 3.617s | update: 0.143s | total: 3.760s | samples/s: 4404
Iteration 1148 | train reward: 255.04 | best: 257.55 | KL: 1.272e-04 | std: 0.5175 | rollout: 3.475s | update: 0.065s | total: 3.540s | samples/s: 4608
Iteration 1149 | train reward: 257.61 | best: 257.61 | KL: 3.596e-04 | std: 0.5175 | rollout: 3.669s | update: 0.054s | total: 3.723s | samples/s: 4466
Iteration 1150 | train reward: 257.79 | best: 257.79 | KL: 2.261e-04 | std: 0.5180 | rollout: 3.663s | update: 0.104s | total: 3.767s | samples/s: 4407
Iteration 1151 | train reward: 256.11 | best: 257.79 | KL: 1.761e-04 | std: 0.5169 | rollout: 3.600s | update: 0.057s | total: 3.657s | samples/s: 4498
Iteration 1152 | train reward: 254.60 | best: 257.79 | KL: 2.790e-04 | std: 0.5161 | rollout: 3.702s | update: 0.092s | total: 3.794s | samples/s: 4309
Iteration 1153 | train reward: 255.37 | best: 257.79 | KL: 2.835e-04 | std: 0.5162 | rollout: 3.530s | update: 0.206s | total: 3.736s | samples/s: 4393
Iteration 1154 | train reward: 257.05 | best: 257.79 | KL: 1.795e-04 | std: 0.5158 | rollout: 3.438s | update: 0.085s | total: 3.523s | samples/s: 4693
Iteration 1155 | train reward: 256.99 | best: 257.79 | KL: 1.789e-04 | std: 0.5150 | rollout: 3.460s | update: 0.050s | total: 3.510s | samples/s: 4714
Iteration 1156 | train reward: 258.00 | best: 258.00 | KL: 2.049e-04 | std: 0.5142 | rollout: 3.548s | update: 0.104s | total: 3.652s | samples/s: 4564
Iteration 1157 | train reward: 256.64 | best: 258.00 | KL: 2.122e-04 | std: 0.5137 | rollout: 3.528s | update: 0.283s | total: 3.811s | samples/s: 4325
Iteration 1158 | train reward: 256.41 | best: 258.00 | KL: 2.834e-04 | std: 0.5129 | rollout: 3.546s | update: 0.034s | total: 3.580s | samples/s: 4602
Iteration 1159 | train reward: 257.09 | best: 258.00 | KL: 2.230e-04 | std: 0.5129 | rollout: 3.431s | update: 0.033s | total: 3.464s | samples/s: 4770
Iteration 1160 | train reward: 256.27 | best: 258.00 | KL: 1.514e-04 | std: 0.5122 | rollout: 3.090s | update: 0.043s | total: 3.132s | samples/s: 5251
Iteration 1161 | train reward: 255.96 | best: 258.00 | KL: 1.104e-04 | std: 0.5124 | rollout: 3.628s | update: 0.116s | total: 3.743s | samples/s: 4406
Iteration 1162 | train reward: 256.47 | best: 258.00 | KL: 1.768e-04 | std: 0.5119 | rollout: 3.672s | update: 0.134s | total: 3.806s | samples/s: 4330
Iteration 1163 | train reward: 256.01 | best: 258.00 | KL: 2.197e-04 | std: 0.5111 | rollout: 3.440s | update: 0.068s | total: 3.508s | samples/s: 4698
Iteration 1164 | train reward: 256.19 | best: 258.00 | KL: 3.646e-04 | std: 0.5097 | rollout: 3.586s | update: 0.238s | total: 3.824s | samples/s: 4304
Iteration 1165 | train reward: 255.13 | best: 258.00 | KL: 2.050e-04 | std: 0.5091 | rollout: 3.606s | update: 0.188s | total: 3.794s | samples/s: 4302
Iteration 1166 | train reward: 257.12 | best: 258.00 | KL: 1.786e-04 | std: 0.5086 | rollout: 3.825s | update: 0.180s | total: 4.005s | samples/s: 4132
Iteration 1167 | train reward: 256.72 | best: 258.00 | KL: 1.927e-04 | std: 0.5080 | rollout: 3.668s | update: 0.073s | total: 3.741s | samples/s: 4403
Iteration 1168 | train reward: 253.91 | best: 258.00 | KL: 1.795e-04 | std: 0.5090 | rollout: 3.658s | update: 0.057s | total: 3.716s | samples/s: 4382
Iteration 1169 | train reward: 257.90 | best: 258.00 | KL: 2.876e-04 | std: 0.5089 | rollout: 3.583s | update: 0.177s | total: 3.760s | samples/s: 4419
Iteration 1170 | train reward: 255.94 | best: 258.00 | KL: 2.435e-04 | std: 0.5096 | rollout: 3.689s | update: 0.035s | total: 3.723s | samples/s: 4427
Iteration 1171 | train reward: 257.63 | best: 258.00 | KL: 2.355e-04 | std: 0.5089 | rollout: 3.813s | update: 0.157s | total: 3.970s | samples/s: 4186
Iteration 1172 | train reward: 256.08 | best: 258.00 | KL: 1.034e-04 | std: 0.5090 | rollout: 3.582s | update: 0.043s | total: 3.625s | samples/s: 4546
Iteration 1173 | train reward: 256.73 | best: 258.00 | KL: 2.205e-04 | std: 0.5099 | rollout: 3.424s | update: 0.039s | total: 3.462s | samples/s: 4769
Iteration 1174 | train reward: 254.74 | best: 258.00 | KL: 2.192e-04 | std: 0.5104 | rollout: 3.088s | update: 0.056s | total: 3.144s | samples/s: 5251
Iteration 1175 | train reward: 256.79 | best: 258.00 | KL: 2.436e-04 | std: 0.5099 | rollout: 3.648s | update: 0.081s | total: 3.729s | samples/s: 4438
Iteration 1176 | train reward: 256.02 | best: 258.00 | KL: 2.485e-04 | std: 0.5104 | rollout: 3.566s | update: 0.166s | total: 3.732s | samples/s: 4408
Iteration 1177 | train reward: 257.04 | best: 258.00 | KL: 2.393e-04 | std: 0.5104 | rollout: 3.456s | update: 0.059s | total: 3.515s | samples/s: 4711
Iteration 1178 | train reward: 256.13 | best: 258.00 | KL: 1.640e-04 | std: 0.5111 | rollout: 3.508s | update: 0.091s | total: 3.599s | samples/s: 4577
Iteration 1179 | train reward: 256.36 | best: 258.00 | KL: 2.070e-04 | std: 0.5112 | rollout: 3.669s | update: 0.183s | total: 3.853s | samples/s: 4279
Iteration 1180 | train reward: 258.49 | best: 258.49 | KL: 3.048e-04 | std: 0.5115 | rollout: 3.284s | update: 0.060s | total: 3.344s | samples/s: 5004
Iteration 1181 | train reward: 257.42 | best: 258.49 | KL: 2.382e-04 | std: 0.5117 | rollout: 3.322s | update: 0.235s | total: 3.557s | samples/s: 4662
Iteration 1182 | train reward: 254.51 | best: 258.49 | KL: 2.943e-04 | std: 0.5111 | rollout: 3.271s | update: 0.039s | total: 3.310s | samples/s: 4954
Iteration 1183 | train reward: 256.48 | best: 258.49 | KL: 2.360e-04 | std: 0.5118 | rollout: 3.550s | update: 0.147s | total: 3.697s | samples/s: 4457
Iteration 1184 | train reward: 256.65 | best: 258.49 | KL: 1.406e-04 | std: 0.5113 | rollout: 3.407s | update: 0.043s | total: 3.451s | samples/s: 4787
Iteration 1185 | train reward: 257.23 | best: 258.49 | KL: 1.786e-04 | std: 0.5109 | rollout: 3.362s | update: 0.038s | total: 3.401s | samples/s: 4886
Iteration 1186 | train reward: 255.75 | best: 258.49 | KL: 2.325e-04 | std: 0.5102 | rollout: 3.352s | update: 0.044s | total: 3.395s | samples/s: 4868
Iteration 1187 | train reward: 257.38 | best: 258.49 | KL: 2.770e-04 | std: 0.5098 | rollout: 3.333s | update: 0.150s | total: 3.483s | samples/s: 4767
Iteration 1188 | train reward: 255.52 | best: 258.49 | KL: 2.192e-04 | std: 0.5104 | rollout: 3.180s | update: 0.059s | total: 3.238s | samples/s: 5078
Iteration 1189 | train reward: 254.56 | best: 258.49 | KL: 1.605e-04 | std: 0.5113 | rollout: 3.363s | update: 0.046s | total: 3.409s | samples/s: 4803
Iteration 1190 | train reward: 256.09 | best: 258.49 | KL: 2.060e-04 | std: 0.5122 | rollout: 3.336s | update: 0.048s | total: 3.384s | samples/s: 4876
Iteration 1191 | train reward: 258.44 | best: 258.49 | KL: 2.298e-04 | std: 0.5117 | rollout: 3.352s | update: 0.040s | total: 3.392s | samples/s: 4920
Iteration 1192 | train reward: 255.82 | best: 258.49 | KL: 2.835e-04 | std: 0.5112 | rollout: 3.429s | update: 0.188s | total: 3.617s | samples/s: 4574
Iteration 1193 | train reward: 257.71 | best: 258.49 | KL: 3.785e-04 | std: 0.5111 | rollout: 3.474s | update: 0.068s | total: 3.542s | samples/s: 4699
Iteration 1194 | train reward: 256.72 | best: 258.49 | KL: 2.012e-04 | std: 0.5098 | rollout: 3.309s | update: 0.042s | total: 3.351s | samples/s: 4961
Iteration 1195 | train reward: 256.31 | best: 258.49 | KL: 2.302e-04 | std: 0.5097 | rollout: 3.304s | update: 0.125s | total: 3.429s | samples/s: 4818
Iteration 1196 | train reward: 255.00 | best: 258.49 | KL: 1.511e-04 | std: 0.5096 | rollout: 3.252s | update: 0.044s | total: 3.296s | samples/s: 4981
Iteration 1197 | train reward: 255.33 | best: 258.49 | KL: 2.299e-04 | std: 0.5102 | rollout: 3.367s | update: 0.037s | total: 3.404s | samples/s: 4840
Iteration 1198 | train reward: 256.63 | best: 258.49 | KL: 2.564e-04 | std: 0.5106 | rollout: 3.341s | update: 0.045s | total: 3.386s | samples/s: 4878
Iteration 1199 | train reward: 255.33 | best: 258.49 | KL: 2.129e-04 | std: 0.5117 | rollout: 3.442s | update: 0.052s | total: 3.494s | samples/s: 4709
training time 3809.27s
