Device       : cpu

========== GPOMDP LOSS ==========
states shape  = (128, 500, 17)
actions shape = (128, 500, 6)
rewards shape = (128, 500)
returns shape = (128, 500)
mask shape    = (128, 500)
log_probs shape = (128, 500)
valid steps = 64000
objective = 18.005066
loss = -18.005066
========== END GPOMDP DEBUG ==========


========== NPG PRECONDITIONING ==========
Fisher condition number  : 5.752e+03
||nat_g|| / ||g||        : 8.016
========== END NPG DEBUG ==========

/workplace/adelella/adelella/MCIBConceptDrift/vanilla-policy-gradient/vpg/train.py:127: UserWarning: Converting a tensor with requires_grad=True to a scalar may lead to unexpected behavior.
Consider using tensor.detach() first. (Triggered internally at /pytorch/torch/csrc/autograd/generated/python_variable_methods.cpp:838.)
  return float(torch.cat(grads).norm())
Iteration 0000 | train reward: -113.26 | best: -113.26 | KL: 1.448e-05 | std: 0.6067 | rollout: 9.059s | update: 0.608s | total: 9.667s | samples/s: 6621
Iteration 0001 | train reward: -101.35 | best: -101.35 | KL: 1.256e-05 | std: 0.6067 | rollout: 8.862s | update: 0.278s | total: 9.139s | samples/s: 7003
Iteration 0002 | train reward: -100.65 | best: -100.65 | KL: 1.260e-05 | std: 0.6067 | rollout: 8.912s | update: 0.318s | total: 9.229s | samples/s: 6934
Iteration 0003 | train reward: -98.47 | best: -98.47 | KL: 9.037e-06 | std: 0.6067 | rollout: 9.252s | update: 0.364s | total: 9.616s | samples/s: 6655
Iteration 0004 | train reward: -112.81 | best: -98.47 | KL: 1.410e-05 | std: 0.6068 | rollout: 8.221s | update: 0.322s | total: 8.544s | samples/s: 7491
Iteration 0005 | train reward: -106.38 | best: -98.47 | KL: 1.076e-05 | std: 0.6067 | rollout: 7.850s | update: 0.308s | total: 8.158s | samples/s: 7845
Iteration 0006 | train reward: -103.64 | best: -98.47 | KL: 1.507e-05 | std: 0.6067 | rollout: 7.879s | update: 0.309s | total: 8.188s | samples/s: 7817
Iteration 0007 | train reward: -101.27 | best: -98.47 | KL: 1.142e-05 | std: 0.6067 | rollout: 8.180s | update: 0.302s | total: 8.482s | samples/s: 7546
Iteration 0008 | train reward: -114.37 | best: -98.47 | KL: 1.014e-05 | std: 0.6066 | rollout: 7.528s | update: 0.281s | total: 7.808s | samples/s: 8196
Iteration 0009 | train reward: -96.57 | best: -96.57 | KL: 9.702e-06 | std: 0.6066 | rollout: 7.826s | update: 0.258s | total: 8.085s | samples/s: 7916
Iteration 0010 | train reward: -106.78 | best: -96.57 | KL: 1.542e-05 | std: 0.6066 | rollout: 8.476s | update: 0.250s | total: 8.726s | samples/s: 7334
Iteration 0011 | train reward: -95.62 | best: -95.62 | KL: 9.585e-06 | std: 0.6066 | rollout: 8.468s | update: 0.279s | total: 8.747s | samples/s: 7317
Iteration 0012 | train reward: -105.24 | best: -95.62 | KL: 1.279e-05 | std: 0.6066 | rollout: 8.288s | update: 0.299s | total: 8.588s | samples/s: 7452
Iteration 0013 | train reward: -95.45 | best: -95.45 | KL: 1.298e-05 | std: 0.6062 | rollout: 9.137s | update: 0.296s | total: 9.434s | samples/s: 6784
Iteration 0014 | train reward: -103.87 | best: -95.45 | KL: 1.089e-05 | std: 0.6062 | rollout: 8.549s | update: 0.267s | total: 8.815s | samples/s: 7260
Iteration 0015 | train reward: -106.94 | best: -95.45 | KL: 1.569e-05 | std: 0.6062 | rollout: 7.513s | update: 0.298s | total: 7.811s | samples/s: 8194
Iteration 0016 | train reward: -98.52 | best: -95.45 | KL: 1.403e-05 | std: 0.6062 | rollout: 9.205s | update: 0.257s | total: 9.462s | samples/s: 6764
Iteration 0017 | train reward: -93.66 | best: -93.66 | KL: 1.002e-05 | std: 0.6062 | rollout: 7.619s | update: 0.332s | total: 7.951s | samples/s: 8050
Iteration 0018 | train reward: -104.00 | best: -93.66 | KL: 1.202e-05 | std: 0.6062 | rollout: 9.549s | update: 0.284s | total: 9.833s | samples/s: 6509
Iteration 0019 | train reward: -102.03 | best: -93.66 | KL: 1.102e-05 | std: 0.6062 | rollout: 9.296s | update: 0.294s | total: 9.589s | samples/s: 6674
Iteration 0020 | train reward: -102.66 | best: -93.66 | KL: 1.374e-05 | std: 0.6062 | rollout: 8.738s | update: 0.308s | total: 9.047s | samples/s: 7074
Iteration 0021 | train reward: -96.25 | best: -93.66 | KL: 1.113e-05 | std: 0.6062 | rollout: 8.718s | update: 0.279s | total: 8.997s | samples/s: 7113
Iteration 0022 | train reward: -98.89 | best: -93.66 | KL: 1.172e-05 | std: 0.6062 | rollout: 8.856s | update: 0.268s | total: 9.124s | samples/s: 7014
Iteration 0023 | train reward: -102.28 | best: -93.66 | KL: 1.150e-05 | std: 0.6062 | rollout: 9.234s | update: 0.261s | total: 9.495s | samples/s: 6740
Iteration 0024 | train reward: -94.03 | best: -93.66 | KL: 1.199e-05 | std: 0.6062 | rollout: 7.797s | update: 0.256s | total: 8.054s | samples/s: 7947
Iteration 0025 | train reward: -98.88 | best: -93.66 | KL: 1.193e-05 | std: 0.6062 | rollout: 7.969s | update: 0.307s | total: 8.276s | samples/s: 7733
Iteration 0026 | train reward: -91.45 | best: -91.45 | KL: 8.298e-06 | std: 0.6062 | rollout: 8.854s | update: 0.258s | total: 9.112s | samples/s: 7023
Iteration 0027 | train reward: -91.23 | best: -91.23 | KL: 8.564e-06 | std: 0.6062 | rollout: 8.639s | update: 0.277s | total: 8.916s | samples/s: 7178
Iteration 0028 | train reward: -98.69 | best: -91.23 | KL: 1.126e-05 | std: 0.6062 | rollout: 9.532s | update: 0.319s | total: 9.850s | samples/s: 6497
Iteration 0029 | train reward: -99.88 | best: -91.23 | KL: 1.272e-05 | std: 0.6066 | rollout: 7.608s | update: 0.250s | total: 7.858s | samples/s: 8145
Iteration 0030 | train reward: -98.00 | best: -91.23 | KL: 1.191e-05 | std: 0.6062 | rollout: 7.274s | update: 0.263s | total: 7.537s | samples/s: 8492
Iteration 0031 | train reward: -98.54 | best: -91.23 | KL: 1.464e-05 | std: 0.6062 | rollout: 9.216s | update: 0.309s | total: 9.525s | samples/s: 6719
Iteration 0032 | train reward: -95.66 | best: -91.23 | KL: 1.137e-05 | std: 0.6061 | rollout: 7.317s | update: 0.296s | total: 7.613s | samples/s: 8407
Iteration 0033 | train reward: -88.74 | best: -88.74 | KL: 7.896e-06 | std: 0.6061 | rollout: 8.996s | update: 0.270s | total: 9.266s | samples/s: 6907
Iteration 0034 | train reward: -89.91 | best: -88.74 | KL: 1.078e-05 | std: 0.6060 | rollout: 7.647s | update: 0.275s | total: 7.922s | samples/s: 8078
Iteration 0035 | train reward: -97.10 | best: -88.74 | KL: 1.150e-05 | std: 0.6061 | rollout: 8.483s | update: 0.280s | total: 8.763s | samples/s: 7303
Iteration 0036 | train reward: -98.35 | best: -88.74 | KL: 1.086e-05 | std: 0.6061 | rollout: 9.256s | update: 0.260s | total: 9.516s | samples/s: 6726
Iteration 0037 | train reward: -94.75 | best: -88.74 | KL: 7.874e-06 | std: 0.6061 | rollout: 8.094s | update: 0.252s | total: 8.347s | samples/s: 7668
Iteration 0038 | train reward: -88.10 | best: -88.10 | KL: 1.411e-05 | std: 0.6061 | rollout: 7.984s | update: 0.323s | total: 8.307s | samples/s: 7704
Iteration 0039 | train reward: -93.88 | best: -88.10 | KL: 1.294e-05 | std: 0.6060 | rollout: 8.575s | update: 0.253s | total: 8.827s | samples/s: 7250
Iteration 0040 | train reward: -90.99 | best: -88.10 | KL: 1.225e-05 | std: 0.6060 | rollout: 8.254s | update: 0.269s | total: 8.522s | samples/s: 7510
Iteration 0041 | train reward: -92.86 | best: -88.10 | KL: 9.495e-06 | std: 0.6060 | rollout: 8.919s | update: 0.262s | total: 9.182s | samples/s: 6970
Iteration 0042 | train reward: -86.92 | best: -86.92 | KL: 7.943e-06 | std: 0.6060 | rollout: 9.060s | update: 0.292s | total: 9.352s | samples/s: 6843
Iteration 0043 | train reward: -91.62 | best: -86.92 | KL: 1.171e-05 | std: 0.6049 | rollout: 8.641s | update: 0.325s | total: 8.967s | samples/s: 7138
Iteration 0044 | train reward: -91.96 | best: -86.92 | KL: 1.167e-05 | std: 0.6049 | rollout: 7.850s | update: 0.326s | total: 8.176s | samples/s: 7828
Iteration 0045 | train reward: -91.52 | best: -86.92 | KL: 8.924e-06 | std: 0.6049 | rollout: 8.555s | update: 0.299s | total: 8.853s | samples/s: 7229
Iteration 0046 | train reward: -80.12 | best: -80.12 | KL: 9.036e-06 | std: 0.6049 | rollout: 8.222s | update: 0.351s | total: 8.573s | samples/s: 7465
Iteration 0047 | train reward: -83.99 | best: -80.12 | KL: 1.242e-05 | std: 0.6049 | rollout: 7.879s | update: 0.319s | total: 8.198s | samples/s: 7807
Iteration 0048 | train reward: -84.27 | best: -80.12 | KL: 9.535e-06 | std: 0.6049 | rollout: 7.827s | update: 0.319s | total: 8.145s | samples/s: 7857
Iteration 0049 | train reward: -91.96 | best: -80.12 | KL: 1.086e-05 | std: 0.6048 | rollout: 8.062s | update: 0.311s | total: 8.373s | samples/s: 7644
Iteration 0050 | train reward: -81.39 | best: -80.12 | KL: 7.571e-06 | std: 0.6048 | rollout: 7.078s | update: 0.320s | total: 7.398s | samples/s: 8651
Iteration 0051 | train reward: -83.51 | best: -80.12 | KL: 1.001e-05 | std: 0.6048 | rollout: 6.668s | update: 0.286s | total: 6.954s | samples/s: 9203
Iteration 0052 | train reward: -84.72 | best: -80.12 | KL: 1.082e-05 | std: 0.6048 | rollout: 8.867s | update: 0.324s | total: 9.191s | samples/s: 6963
Iteration 0053 | train reward: -93.34 | best: -80.12 | KL: 9.547e-06 | std: 0.6048 | rollout: 8.182s | update: 0.283s | total: 8.465s | samples/s: 7561
Iteration 0054 | train reward: -80.17 | best: -80.12 | KL: 8.473e-06 | std: 0.6048 | rollout: 7.476s | update: 0.353s | total: 7.829s | samples/s: 8175
Iteration 0055 | train reward: -85.60 | best: -80.12 | KL: 1.192e-05 | std: 0.6047 | rollout: 8.406s | update: 0.257s | total: 8.664s | samples/s: 7387
Iteration 0056 | train reward: -102.02 | best: -80.12 | KL: 1.197e-05 | std: 0.6048 | rollout: 8.505s | update: 0.301s | total: 8.806s | samples/s: 7268
Iteration 0057 | train reward: -86.67 | best: -80.12 | KL: 8.717e-06 | std: 0.6047 | rollout: 8.510s | update: 0.310s | total: 8.820s | samples/s: 7256
Iteration 0058 | train reward: -86.53 | best: -80.12 | KL: 1.159e-05 | std: 0.6047 | rollout: 9.651s | update: 0.264s | total: 9.916s | samples/s: 6454
Iteration 0059 | train reward: -83.62 | best: -80.12 | KL: 1.061e-05 | std: 0.6047 | rollout: 8.772s | update: 0.270s | total: 9.042s | samples/s: 7078
Iteration 0060 | train reward: -85.43 | best: -80.12 | KL: 1.004e-05 | std: 0.6043 | rollout: 8.837s | update: 0.297s | total: 9.134s | samples/s: 7007
Iteration 0061 | train reward: -83.27 | best: -80.12 | KL: 1.312e-05 | std: 0.6043 | rollout: 8.871s | update: 0.254s | total: 9.125s | samples/s: 7014
Iteration 0062 | train reward: -85.46 | best: -80.12 | KL: 1.074e-05 | std: 0.6043 | rollout: 9.282s | update: 0.304s | total: 9.587s | samples/s: 6676
Iteration 0063 | train reward: -91.18 | best: -80.12 | KL: 1.061e-05 | std: 0.6043 | rollout: 8.766s | update: 0.281s | total: 9.047s | samples/s: 7074
Iteration 0064 | train reward: -81.29 | best: -80.12 | KL: 9.233e-06 | std: 0.6042 | rollout: 10.000s | update: 0.328s | total: 10.328s | samples/s: 6197
Iteration 0065 | train reward: -79.36 | best: -79.36 | KL: 8.805e-06 | std: 0.6042 | rollout: 9.149s | update: 0.285s | total: 9.433s | samples/s: 6784
Iteration 0066 | train reward: -78.95 | best: -78.95 | KL: 6.733e-06 | std: 0.6042 | rollout: 8.338s | update: 0.291s | total: 8.628s | samples/s: 7417
Iteration 0067 | train reward: -77.12 | best: -77.12 | KL: 9.569e-06 | std: 0.6042 | rollout: 9.135s | update: 0.252s | total: 9.388s | samples/s: 6817
Iteration 0068 | train reward: -84.37 | best: -77.12 | KL: 1.024e-05 | std: 0.6042 | rollout: 8.052s | update: 0.300s | total: 8.353s | samples/s: 7662
Iteration 0069 | train reward: -82.50 | best: -77.12 | KL: 1.099e-05 | std: 0.6042 | rollout: 8.760s | update: 0.272s | total: 9.032s | samples/s: 7086
Iteration 0070 | train reward: -83.19 | best: -77.12 | KL: 8.701e-06 | std: 0.6042 | rollout: 7.864s | update: 0.286s | total: 8.149s | samples/s: 7854
Iteration 0071 | train reward: -79.22 | best: -77.12 | KL: 9.947e-06 | std: 0.6042 | rollout: 7.809s | update: 0.363s | total: 8.172s | samples/s: 7832
Iteration 0072 | train reward: -77.97 | best: -77.12 | KL: 1.055e-05 | std: 0.6042 | rollout: 9.605s | update: 0.289s | total: 9.894s | samples/s: 6468
Iteration 0073 | train reward: -79.37 | best: -77.12 | KL: 7.825e-06 | std: 0.6042 | rollout: 8.991s | update: 0.313s | total: 9.304s | samples/s: 6879
Iteration 0074 | train reward: -76.34 | best: -76.34 | KL: 1.021e-05 | std: 0.6042 | rollout: 8.151s | update: 0.257s | total: 8.408s | samples/s: 7611
Iteration 0075 | train reward: -77.07 | best: -76.34 | KL: 9.423e-06 | std: 0.6042 | rollout: 8.100s | update: 0.402s | total: 8.502s | samples/s: 7528
Iteration 0076 | train reward: -74.94 | best: -74.94 | KL: 9.505e-06 | std: 0.6042 | rollout: 8.281s | update: 0.312s | total: 8.593s | samples/s: 7448
Iteration 0077 | train reward: -80.28 | best: -74.94 | KL: 1.280e-05 | std: 0.6041 | rollout: 7.566s | update: 0.342s | total: 7.908s | samples/s: 8093
Iteration 0078 | train reward: -86.21 | best: -74.94 | KL: 9.163e-06 | std: 0.6041 | rollout: 9.590s | update: 0.289s | total: 9.878s | samples/s: 6479
Iteration 0079 | train reward: -81.50 | best: -74.94 | KL: 8.595e-06 | std: 0.6040 | rollout: 7.357s | update: 0.275s | total: 7.631s | samples/s: 8386
Iteration 0080 | train reward: -80.04 | best: -74.94 | KL: 1.217e-05 | std: 0.6040 | rollout: 8.671s | update: 0.313s | total: 8.984s | samples/s: 7123
Iteration 0081 | train reward: -76.55 | best: -74.94 | KL: 1.010e-05 | std: 0.6040 | rollout: 8.475s | update: 0.297s | total: 8.772s | samples/s: 7296
Iteration 0082 | train reward: -79.58 | best: -74.94 | KL: 8.425e-06 | std: 0.6040 | rollout: 9.158s | update: 0.303s | total: 9.461s | samples/s: 6765
Iteration 0083 | train reward: -75.66 | best: -74.94 | KL: 8.622e-06 | std: 0.6040 | rollout: 8.979s | update: 0.291s | total: 9.270s | samples/s: 6904
Iteration 0084 | train reward: -76.35 | best: -74.94 | KL: 7.339e-06 | std: 0.6040 | rollout: 8.447s | update: 0.267s | total: 8.714s | samples/s: 7344
Iteration 0085 | train reward: -66.33 | best: -66.33 | KL: 9.160e-06 | std: 0.6040 | rollout: 8.996s | update: 0.342s | total: 9.338s | samples/s: 6853
Iteration 0086 | train reward: -74.34 | best: -66.33 | KL: 8.100e-06 | std: 0.6040 | rollout: 8.121s | update: 0.312s | total: 8.433s | samples/s: 7589
Iteration 0087 | train reward: -79.10 | best: -66.33 | KL: 1.226e-05 | std: 0.6040 | rollout: 7.952s | update: 0.264s | total: 8.217s | samples/s: 7789
Iteration 0088 | train reward: -69.63 | best: -66.33 | KL: 9.900e-06 | std: 0.6040 | rollout: 8.721s | update: 0.308s | total: 9.028s | samples/s: 7089
Iteration 0089 | train reward: -76.11 | best: -66.33 | KL: 9.498e-06 | std: 0.6036 | rollout: 9.223s | update: 0.284s | total: 9.506s | samples/s: 6732
Iteration 0090 | train reward: -74.92 | best: -66.33 | KL: 1.043e-05 | std: 0.6040 | rollout: 7.077s | update: 0.251s | total: 7.328s | samples/s: 8734
Iteration 0091 | train reward: -76.85 | best: -66.33 | KL: 9.256e-06 | std: 0.6036 | rollout: 8.482s | update: 0.312s | total: 8.793s | samples/s: 7278
Iteration 0092 | train reward: -69.70 | best: -66.33 | KL: 7.090e-06 | std: 0.6036 | rollout: 7.553s | update: 0.300s | total: 7.853s | samples/s: 8150
Iteration 0093 | train reward: -74.95 | best: -66.33 | KL: 9.370e-06 | std: 0.6036 | rollout: 6.560s | update: 0.272s | total: 6.832s | samples/s: 9368
Iteration 0094 | train reward: -84.89 | best: -66.33 | KL: 1.071e-05 | std: 0.6036 | rollout: 6.167s | update: 0.278s | total: 6.446s | samples/s: 9929
Iteration 0095 | train reward: -80.97 | best: -66.33 | KL: 1.220e-05 | std: 0.6036 | rollout: 5.851s | update: 0.330s | total: 6.181s | samples/s: 10355
Iteration 0096 | train reward: -71.64 | best: -66.33 | KL: 7.495e-06 | std: 0.6036 | rollout: 8.660s | update: 0.336s | total: 8.996s | samples/s: 7114
Iteration 0097 | train reward: -71.55 | best: -66.33 | KL: 8.481e-06 | std: 0.6036 | rollout: 9.077s | update: 0.300s | total: 9.377s | samples/s: 6825
Iteration 0098 | train reward: -73.01 | best: -66.33 | KL: 9.915e-06 | std: 0.6035 | rollout: 7.854s | update: 0.309s | total: 8.163s | samples/s: 7841
Iteration 0099 | train reward: -75.59 | best: -66.33 | KL: 9.476e-06 | std: 0.6034 | rollout: 6.787s | update: 0.317s | total: 7.104s | samples/s: 9009
Iteration 0100 | train reward: -73.77 | best: -66.33 | KL: 8.732e-06 | std: 0.6034 | rollout: 9.122s | update: 0.273s | total: 9.395s | samples/s: 6812
Iteration 0101 | train reward: -74.20 | best: -66.33 | KL: 7.590e-06 | std: 0.6034 | rollout: 9.780s | update: 0.303s | total: 10.083s | samples/s: 6347
Iteration 0102 | train reward: -71.72 | best: -66.33 | KL: 1.070e-05 | std: 0.6023 | rollout: 8.844s | update: 0.318s | total: 9.163s | samples/s: 6985
Iteration 0103 | train reward: -70.36 | best: -66.33 | KL: 8.047e-06 | std: 0.6023 | rollout: 8.086s | update: 0.321s | total: 8.407s | samples/s: 7613
Iteration 0104 | train reward: -70.96 | best: -66.33 | KL: 7.106e-06 | std: 0.6023 | rollout: 7.262s | update: 0.328s | total: 7.590s | samples/s: 8432
Iteration 0105 | train reward: -68.21 | best: -66.33 | KL: 8.411e-06 | std: 0.6023 | rollout: 6.357s | update: 0.317s | total: 6.674s | samples/s: 9589
Iteration 0106 | train reward: -65.71 | best: -65.71 | KL: 8.797e-06 | std: 0.6022 | rollout: 7.587s | update: 0.308s | total: 7.895s | samples/s: 8106
Iteration 0107 | train reward: -61.60 | best: -61.60 | KL: 9.885e-06 | std: 0.6021 | rollout: 8.948s | update: 0.254s | total: 9.203s | samples/s: 6955
Iteration 0108 | train reward: -73.68 | best: -61.60 | KL: 1.005e-05 | std: 0.6022 | rollout: 10.333s | update: 0.337s | total: 10.670s | samples/s: 5998
Iteration 0109 | train reward: -68.09 | best: -61.60 | KL: 9.331e-06 | std: 0.6022 | rollout: 9.266s | update: 0.295s | total: 9.561s | samples/s: 6694
Iteration 0110 | train reward: -72.70 | best: -61.60 | KL: 1.009e-05 | std: 0.6021 | rollout: 7.308s | update: 0.274s | total: 7.581s | samples/s: 8442
Iteration 0111 | train reward: -64.85 | best: -61.60 | KL: 7.181e-06 | std: 0.6021 | rollout: 8.414s | update: 0.326s | total: 8.740s | samples/s: 7323
Iteration 0112 | train reward: -65.56 | best: -61.60 | KL: 6.574e-06 | std: 0.6021 | rollout: 8.341s | update: 0.310s | total: 8.651s | samples/s: 7398
Iteration 0113 | train reward: -74.74 | best: -61.60 | KL: 8.302e-06 | std: 0.6021 | rollout: 7.975s | update: 0.285s | total: 8.260s | samples/s: 7748
Iteration 0114 | train reward: -70.43 | best: -61.60 | KL: 1.042e-05 | std: 0.6017 | rollout: 7.653s | update: 0.290s | total: 7.942s | samples/s: 8058
Iteration 0115 | train reward: -68.37 | best: -61.60 | KL: 7.733e-06 | std: 0.6017 | rollout: 8.618s | update: 0.269s | total: 8.887s | samples/s: 7202
Iteration 0116 | train reward: -66.94 | best: -61.60 | KL: 9.413e-06 | std: 0.6017 | rollout: 9.095s | update: 0.297s | total: 9.393s | samples/s: 6814
Iteration 0117 | train reward: -66.21 | best: -61.60 | KL: 7.135e-06 | std: 0.6017 | rollout: 8.611s | update: 0.306s | total: 8.917s | samples/s: 7177
Iteration 0118 | train reward: -73.18 | best: -61.60 | KL: 1.049e-05 | std: 0.6017 | rollout: 8.918s | update: 0.264s | total: 9.182s | samples/s: 6970
Iteration 0119 | train reward: -62.90 | best: -61.60 | KL: 6.459e-06 | std: 0.6016 | rollout: 8.100s | update: 0.279s | total: 8.379s | samples/s: 7638
Iteration 0120 | train reward: -57.47 | best: -57.47 | KL: 7.266e-06 | std: 0.6016 | rollout: 7.677s | update: 0.346s | total: 8.023s | samples/s: 7977
Iteration 0121 | train reward: -62.74 | best: -57.47 | KL: 9.069e-06 | std: 0.6016 | rollout: 8.715s | update: 0.303s | total: 9.018s | samples/s: 7097
Iteration 0122 | train reward: -62.65 | best: -57.47 | KL: 8.684e-06 | std: 0.6016 | rollout: 7.905s | update: 0.282s | total: 8.188s | samples/s: 7817
Iteration 0123 | train reward: -56.92 | best: -56.92 | KL: 5.853e-06 | std: 0.6016 | rollout: 7.880s | update: 0.317s | total: 8.197s | samples/s: 7808
Iteration 0124 | train reward: -68.35 | best: -56.92 | KL: 9.350e-06 | std: 0.6016 | rollout: 8.495s | update: 0.312s | total: 8.808s | samples/s: 7267
Iteration 0125 | train reward: -64.07 | best: -56.92 | KL: 9.424e-06 | std: 0.6015 | rollout: 7.977s | update: 0.273s | total: 8.249s | samples/s: 7758
Iteration 0126 | train reward: -63.15 | best: -56.92 | KL: 7.216e-06 | std: 0.6015 | rollout: 9.352s | update: 0.331s | total: 9.683s | samples/s: 6609
Iteration 0127 | train reward: -68.21 | best: -56.92 | KL: 8.894e-06 | std: 0.6014 | rollout: 7.836s | update: 0.346s | total: 8.182s | samples/s: 7822
Iteration 0128 | train reward: -56.92 | best: -56.92 | KL: 7.743e-06 | std: 0.6014 | rollout: 8.243s | update: 0.308s | total: 8.550s | samples/s: 7485
Iteration 0129 | train reward: -56.92 | best: -56.92 | KL: 7.470e-06 | std: 0.6014 | rollout: 7.889s | update: 0.291s | total: 8.180s | samples/s: 7824
Iteration 0130 | train reward: -60.64 | best: -56.92 | KL: 7.068e-06 | std: 0.6014 | rollout: 7.824s | update: 0.278s | total: 8.102s | samples/s: 7900
Iteration 0131 | train reward: -62.55 | best: -56.92 | KL: 1.030e-05 | std: 0.6014 | rollout: 7.674s | update: 0.295s | total: 7.969s | samples/s: 8031
Iteration 0132 | train reward: -69.74 | best: -56.92 | KL: 7.886e-06 | std: 0.6014 | rollout: 8.946s | update: 0.324s | total: 9.270s | samples/s: 6904
Iteration 0133 | train reward: -61.52 | best: -56.92 | KL: 8.206e-06 | std: 0.6014 | rollout: 8.117s | update: 0.285s | total: 8.402s | samples/s: 7617
Iteration 0134 | train reward: -61.61 | best: -56.92 | KL: 9.108e-06 | std: 0.6014 | rollout: 8.433s | update: 0.265s | total: 8.698s | samples/s: 7358
Iteration 0135 | train reward: -63.94 | best: -56.92 | KL: 6.910e-06 | std: 0.6014 | rollout: 8.160s | update: 0.391s | total: 8.551s | samples/s: 7484
Iteration 0136 | train reward: -63.70 | best: -56.92 | KL: 7.262e-06 | std: 0.6010 | rollout: 9.100s | update: 0.279s | total: 9.379s | samples/s: 6824
Iteration 0137 | train reward: -57.74 | best: -56.92 | KL: 8.075e-06 | std: 0.6010 | rollout: 8.516s | update: 0.288s | total: 8.805s | samples/s: 7269
Iteration 0138 | train reward: -60.70 | best: -56.92 | KL: 7.416e-06 | std: 0.6010 | rollout: 8.505s | update: 0.292s | total: 8.797s | samples/s: 7275
Iteration 0139 | train reward: -57.39 | best: -56.92 | KL: 7.821e-06 | std: 0.6010 | rollout: 7.347s | update: 0.300s | total: 7.648s | samples/s: 8369
Iteration 0140 | train reward: -59.16 | best: -56.92 | KL: 8.205e-06 | std: 0.6010 | rollout: 7.720s | update: 0.333s | total: 8.053s | samples/s: 7948
Iteration 0141 | train reward: -61.09 | best: -56.92 | KL: 6.578e-06 | std: 0.6010 | rollout: 7.894s | update: 0.308s | total: 8.202s | samples/s: 7803
Iteration 0142 | train reward: -58.92 | best: -56.92 | KL: 8.913e-06 | std: 0.6010 | rollout: 8.440s | update: 0.360s | total: 8.800s | samples/s: 7273
Iteration 0143 | train reward: -61.64 | best: -56.92 | KL: 6.965e-06 | std: 0.6009 | rollout: 8.581s | update: 0.344s | total: 8.924s | samples/s: 7172
Iteration 0144 | train reward: -62.61 | best: -56.92 | KL: 7.603e-06 | std: 0.6009 | rollout: 7.613s | update: 0.322s | total: 7.935s | samples/s: 8066
Iteration 0145 | train reward: -54.14 | best: -54.14 | KL: 7.812e-06 | std: 0.6008 | rollout: 8.144s | update: 0.324s | total: 8.468s | samples/s: 7558
Iteration 0146 | train reward: -60.44 | best: -54.14 | KL: 1.019e-05 | std: 0.5997 | rollout: 6.498s | update: 0.257s | total: 6.755s | samples/s: 9474
Iteration 0147 | train reward: -51.92 | best: -51.92 | KL: 6.605e-06 | std: 0.5997 | rollout: 6.467s | update: 0.323s | total: 6.790s | samples/s: 9425
Iteration 0148 | train reward: -62.58 | best: -51.92 | KL: 7.377e-06 | std: 0.5997 | rollout: 7.021s | update: 0.252s | total: 7.273s | samples/s: 8800
Iteration 0149 | train reward: -62.40 | best: -51.92 | KL: 7.352e-06 | std: 0.5997 | rollout: 8.348s | update: 0.326s | total: 8.674s | samples/s: 7379
Iteration 0150 | train reward: -60.86 | best: -51.92 | KL: 9.128e-06 | std: 0.5997 | rollout: 7.714s | update: 0.261s | total: 7.976s | samples/s: 8024
Iteration 0151 | train reward: -59.31 | best: -51.92 | KL: 8.265e-06 | std: 0.5996 | rollout: 7.775s | update: 0.298s | total: 8.073s | samples/s: 7928
Iteration 0152 | train reward: -57.62 | best: -51.92 | KL: 7.721e-06 | std: 0.5996 | rollout: 9.207s | update: 0.311s | total: 9.519s | samples/s: 6724
Iteration 0153 | train reward: -64.00 | best: -51.92 | KL: 8.036e-06 | std: 0.5996 | rollout: 7.942s | update: 0.300s | total: 8.242s | samples/s: 7765
Iteration 0154 | train reward: -58.40 | best: -51.92 | KL: 1.031e-05 | std: 0.5995 | rollout: 8.378s | update: 0.322s | total: 8.700s | samples/s: 7356
Iteration 0155 | train reward: -55.45 | best: -51.92 | KL: 6.434e-06 | std: 0.5995 | rollout: 9.012s | update: 0.348s | total: 9.360s | samples/s: 6837
Iteration 0156 | train reward: -53.14 | best: -51.92 | KL: 8.177e-06 | std: 0.5995 | rollout: 7.735s | update: 0.275s | total: 8.010s | samples/s: 7990
Iteration 0157 | train reward: -52.03 | best: -51.92 | KL: 7.058e-06 | std: 0.5991 | rollout: 7.618s | update: 0.253s | total: 7.871s | samples/s: 8131
Iteration 0158 | train reward: -49.86 | best: -49.86 | KL: 7.286e-06 | std: 0.5991 | rollout: 7.844s | update: 0.253s | total: 8.097s | samples/s: 7905
Iteration 0159 | train reward: -57.45 | best: -49.86 | KL: 8.212e-06 | std: 0.5991 | rollout: 8.190s | update: 0.316s | total: 8.506s | samples/s: 7524
Iteration 0160 | train reward: -49.04 | best: -49.04 | KL: 6.041e-06 | std: 0.5991 | rollout: 8.505s | update: 0.253s | total: 8.758s | samples/s: 7308
Iteration 0161 | train reward: -58.53 | best: -49.04 | KL: 8.038e-06 | std: 0.5991 | rollout: 7.973s | update: 0.260s | total: 8.234s | samples/s: 7773
Iteration 0162 | train reward: -59.84 | best: -49.04 | KL: 7.523e-06 | std: 0.5991 | rollout: 8.491s | update: 0.254s | total: 8.745s | samples/s: 7319
Iteration 0163 | train reward: -52.13 | best: -49.04 | KL: 7.230e-06 | std: 0.5991 | rollout: 7.440s | update: 0.342s | total: 7.782s | samples/s: 8224
Iteration 0164 | train reward: -50.05 | best: -49.04 | KL: 7.165e-06 | std: 0.5991 | rollout: 7.797s | update: 0.303s | total: 8.100s | samples/s: 7902
Iteration 0165 | train reward: -45.57 | best: -45.57 | KL: 7.800e-06 | std: 0.5991 | rollout: 8.838s | update: 0.253s | total: 9.091s | samples/s: 7040
Iteration 0166 | train reward: -54.08 | best: -45.57 | KL: 7.856e-06 | std: 0.5991 | rollout: 8.819s | update: 0.329s | total: 9.148s | samples/s: 6996
Iteration 0167 | train reward: -47.34 | best: -45.57 | KL: 6.908e-06 | std: 0.5991 | rollout: 9.308s | update: 0.278s | total: 9.587s | samples/s: 6676
Iteration 0168 | train reward: -58.00 | best: -45.57 | KL: 8.118e-06 | std: 0.5991 | rollout: 8.935s | update: 0.308s | total: 9.243s | samples/s: 6924
Iteration 0169 | train reward: -53.32 | best: -45.57 | KL: 8.211e-06 | std: 0.5991 | rollout: 7.548s | update: 0.263s | total: 7.811s | samples/s: 8194
Iteration 0170 | train reward: -53.52 | best: -45.57 | KL: 7.060e-06 | std: 0.5990 | rollout: 8.216s | update: 0.262s | total: 8.478s | samples/s: 7549
Iteration 0171 | train reward: -54.41 | best: -45.57 | KL: 6.360e-06 | std: 0.5990 | rollout: 7.457s | update: 0.291s | total: 7.749s | samples/s: 8260
Iteration 0172 | train reward: -46.41 | best: -45.57 | KL: 7.386e-06 | std: 0.5990 | rollout: 9.148s | update: 0.312s | total: 9.459s | samples/s: 6766
Iteration 0173 | train reward: -48.77 | best: -45.57 | KL: 6.345e-06 | std: 0.5990 | rollout: 8.284s | update: 0.275s | total: 8.559s | samples/s: 7477
Iteration 0174 | train reward: -45.32 | best: -45.32 | KL: 8.190e-06 | std: 0.5990 | rollout: 7.840s | update: 0.260s | total: 8.100s | samples/s: 7901
Iteration 0175 | train reward: -50.85 | best: -45.32 | KL: 7.820e-06 | std: 0.5990 | rollout: 8.173s | update: 0.261s | total: 8.433s | samples/s: 7589
Iteration 0176 | train reward: -53.12 | best: -45.32 | KL: 4.653e-06 | std: 0.5989 | rollout: 7.829s | update: 0.362s | total: 8.191s | samples/s: 7814
Iteration 0177 | train reward: -46.15 | best: -45.32 | KL: 7.446e-06 | std: 0.5990 | rollout: 8.573s | update: 0.283s | total: 8.856s | samples/s: 7226
Iteration 0178 | train reward: -55.01 | best: -45.32 | KL: 6.369e-06 | std: 0.5989 | rollout: 9.532s | update: 0.424s | total: 9.956s | samples/s: 6428
Iteration 0179 | train reward: -51.86 | best: -45.32 | KL: 7.751e-06 | std: 0.5989 | rollout: 8.158s | update: 0.372s | total: 8.530s | samples/s: 7503
Iteration 0180 | train reward: -50.94 | best: -45.32 | KL: 9.609e-06 | std: 0.5989 | rollout: 8.927s | update: 0.316s | total: 9.243s | samples/s: 6925
Iteration 0181 | train reward: -48.22 | best: -45.32 | KL: 8.090e-06 | std: 0.5989 | rollout: 7.415s | update: 0.366s | total: 7.781s | samples/s: 8225
Iteration 0182 | train reward: -49.71 | best: -45.32 | KL: 7.890e-06 | std: 0.5989 | rollout: 8.274s | update: 0.282s | total: 8.556s | samples/s: 7480
Iteration 0183 | train reward: -44.07 | best: -44.07 | KL: 6.126e-06 | std: 0.5989 | rollout: 7.649s | update: 0.352s | total: 8.001s | samples/s: 7999
Iteration 0184 | train reward: -44.58 | best: -44.07 | KL: 6.470e-06 | std: 0.5988 | rollout: 8.219s | update: 0.335s | total: 8.555s | samples/s: 7481
Iteration 0185 | train reward: -48.83 | best: -44.07 | KL: 5.888e-06 | std: 0.5989 | rollout: 8.695s | update: 0.290s | total: 8.985s | samples/s: 7123
Iteration 0186 | train reward: -55.42 | best: -44.07 | KL: 6.130e-06 | std: 0.5988 | rollout: 8.909s | update: 0.263s | total: 9.172s | samples/s: 6978
Iteration 0187 | train reward: -47.51 | best: -44.07 | KL: 8.591e-06 | std: 0.5988 | rollout: 9.119s | update: 0.303s | total: 9.422s | samples/s: 6793
Iteration 0188 | train reward: -51.20 | best: -44.07 | KL: 1.062e-05 | std: 0.5988 | rollout: 8.827s | update: 0.345s | total: 9.172s | samples/s: 6978
Iteration 0189 | train reward: -47.08 | best: -44.07 | KL: 7.222e-06 | std: 0.5984 | rollout: 7.803s | update: 0.286s | total: 8.089s | samples/s: 7912
Iteration 0190 | train reward: -46.66 | best: -44.07 | KL: 7.885e-06 | std: 0.5984 | rollout: 8.704s | update: 0.260s | total: 8.963s | samples/s: 7140
Iteration 0191 | train reward: -43.41 | best: -43.41 | KL: 7.672e-06 | std: 0.5984 | rollout: 7.839s | update: 0.256s | total: 8.095s | samples/s: 7906
Iteration 0192 | train reward: -48.64 | best: -43.41 | KL: 6.859e-06 | std: 0.5984 | rollout: 7.941s | update: 0.297s | total: 8.238s | samples/s: 7769
Iteration 0193 | train reward: -45.38 | best: -43.41 | KL: 6.482e-06 | std: 0.5984 | rollout: 10.210s | update: 0.296s | total: 10.506s | samples/s: 6092
Iteration 0194 | train reward: -46.31 | best: -43.41 | KL: 6.074e-06 | std: 0.5983 | rollout: 8.034s | update: 0.273s | total: 8.307s | samples/s: 7704
Iteration 0195 | train reward: -41.48 | best: -41.48 | KL: 6.692e-06 | std: 0.5983 | rollout: 8.467s | update: 0.368s | total: 8.835s | samples/s: 7244
Iteration 0196 | train reward: -55.86 | best: -41.48 | KL: 1.022e-05 | std: 0.5983 | rollout: 8.210s | update: 0.261s | total: 8.471s | samples/s: 7555
Iteration 0197 | train reward: -48.37 | best: -41.48 | KL: 8.298e-06 | std: 0.5982 | rollout: 7.593s | update: 0.269s | total: 7.862s | samples/s: 8140
Iteration 0198 | train reward: -41.78 | best: -41.48 | KL: 7.976e-06 | std: 0.5982 | rollout: 8.278s | update: 0.326s | total: 8.604s | samples/s: 7438
Iteration 0199 | train reward: -49.83 | best: -41.48 | KL: 7.983e-06 | std: 0.5982 | rollout: 8.936s | update: 0.256s | total: 9.192s | samples/s: 6962
Iteration 0200 | train reward: -43.97 | best: -41.48 | KL: 6.149e-06 | std: 0.5971 | rollout: 9.355s | update: 0.264s | total: 9.619s | samples/s: 6654
Iteration 0201 | train reward: -42.70 | best: -41.48 | KL: 8.909e-06 | std: 0.5971 | rollout: 7.881s | update: 0.314s | total: 8.194s | samples/s: 7810
Iteration 0202 | train reward: -42.51 | best: -41.48 | KL: 7.088e-06 | std: 0.5971 | rollout: 8.894s | update: 0.301s | total: 9.195s | samples/s: 6960
Iteration 0203 | train reward: -43.06 | best: -41.48 | KL: 9.060e-06 | std: 0.5971 | rollout: 7.176s | update: 0.333s | total: 7.509s | samples/s: 8523
Iteration 0204 | train reward: -47.00 | best: -41.48 | KL: 6.434e-06 | std: 0.5971 | rollout: 6.342s | update: 0.283s | total: 6.625s | samples/s: 9661
Iteration 0205 | train reward: -41.51 | best: -41.48 | KL: 5.870e-06 | std: 0.5971 | rollout: 7.143s | update: 0.313s | total: 7.456s | samples/s: 8584
Iteration 0206 | train reward: -48.25 | best: -41.48 | KL: 7.443e-06 | std: 0.5971 | rollout: 8.587s | update: 0.254s | total: 8.840s | samples/s: 7240
Iteration 0207 | train reward: -45.63 | best: -41.48 | KL: 5.506e-06 | std: 0.5971 | rollout: 6.993s | update: 0.295s | total: 7.289s | samples/s: 8781
Iteration 0208 | train reward: -40.88 | best: -40.88 | KL: 8.373e-06 | std: 0.5970 | rollout: 8.522s | update: 0.343s | total: 8.865s | samples/s: 7219
Iteration 0209 | train reward: -40.78 | best: -40.78 | KL: 5.263e-06 | std: 0.5969 | rollout: 9.002s | update: 0.308s | total: 9.311s | samples/s: 6874
Iteration 0210 | train reward: -46.36 | best: -40.78 | KL: 7.953e-06 | std: 0.5969 | rollout: 8.350s | update: 0.273s | total: 8.623s | samples/s: 7422
Iteration 0211 | train reward: -43.72 | best: -40.78 | KL: 6.823e-06 | std: 0.5969 | rollout: 8.109s | update: 0.255s | total: 8.364s | samples/s: 7652
Iteration 0212 | train reward: -45.16 | best: -40.78 | KL: 4.709e-06 | std: 0.5969 | rollout: 8.141s | update: 0.308s | total: 8.449s | samples/s: 7575
Iteration 0213 | train reward: -39.33 | best: -39.33 | KL: 6.716e-06 | std: 0.5969 | rollout: 8.836s | update: 0.302s | total: 9.137s | samples/s: 7004
Iteration 0214 | train reward: -39.65 | best: -39.33 | KL: 6.642e-06 | std: 0.5969 | rollout: 7.408s | update: 0.282s | total: 7.690s | samples/s: 8322
Iteration 0215 | train reward: -47.20 | best: -39.33 | KL: 9.145e-06 | std: 0.5969 | rollout: 8.965s | update: 0.267s | total: 9.232s | samples/s: 6932
Iteration 0216 | train reward: -39.37 | best: -39.33 | KL: 5.340e-06 | std: 0.5969 | rollout: 8.718s | update: 0.256s | total: 8.974s | samples/s: 7132
Iteration 0217 | train reward: -38.68 | best: -38.68 | KL: 6.166e-06 | std: 0.5969 | rollout: 7.851s | update: 0.315s | total: 8.166s | samples/s: 7838
Iteration 0218 | train reward: -47.61 | best: -38.68 | KL: 7.604e-06 | std: 0.5965 | rollout: 8.344s | update: 0.326s | total: 8.671s | samples/s: 7381
Iteration 0219 | train reward: -43.04 | best: -38.68 | KL: 6.336e-06 | std: 0.5965 | rollout: 8.418s | update: 0.334s | total: 8.752s | samples/s: 7313
Iteration 0220 | train reward: -41.03 | best: -38.68 | KL: 6.478e-06 | std: 0.5965 | rollout: 8.824s | update: 0.329s | total: 9.153s | samples/s: 6992
Iteration 0221 | train reward: -36.67 | best: -36.67 | KL: 8.714e-06 | std: 0.5965 | rollout: 8.204s | update: 0.319s | total: 8.523s | samples/s: 7509
Iteration 0222 | train reward: -39.78 | best: -36.67 | KL: 6.531e-06 | std: 0.5964 | rollout: 7.827s | update: 0.285s | total: 8.112s | samples/s: 7889
Iteration 0223 | train reward: -41.83 | best: -36.67 | KL: 4.672e-06 | std: 0.5964 | rollout: 9.029s | update: 0.315s | total: 9.343s | samples/s: 6850
Iteration 0224 | train reward: -39.23 | best: -36.67 | KL: 6.127e-06 | std: 0.5964 | rollout: 7.989s | update: 0.283s | total: 8.272s | samples/s: 7737
Iteration 0225 | train reward: -37.26 | best: -36.67 | KL: 6.085e-06 | std: 0.5964 | rollout: 8.734s | update: 0.263s | total: 8.997s | samples/s: 7113
Iteration 0226 | train reward: -40.01 | best: -36.67 | KL: 5.192e-06 | std: 0.5964 | rollout: 8.222s | update: 0.302s | total: 8.524s | samples/s: 7508
Iteration 0227 | train reward: -46.39 | best: -36.67 | KL: 8.628e-06 | std: 0.5964 | rollout: 9.059s | update: 0.293s | total: 9.352s | samples/s: 6844
Iteration 0228 | train reward: -36.91 | best: -36.67 | KL: 6.550e-06 | std: 0.5963 | rollout: 7.388s | update: 0.256s | total: 7.645s | samples/s: 8372
Iteration 0229 | train reward: -39.10 | best: -36.67 | KL: 6.667e-06 | std: 0.5963 | rollout: 8.249s | update: 0.290s | total: 8.539s | samples/s: 7495
Iteration 0230 | train reward: -39.27 | best: -36.67 | KL: 7.524e-06 | std: 0.5963 | rollout: 8.103s | update: 0.321s | total: 8.425s | samples/s: 7597
Iteration 0231 | train reward: -39.31 | best: -36.67 | KL: 7.282e-06 | std: 0.5962 | rollout: 8.465s | update: 0.293s | total: 8.758s | samples/s: 7308
Iteration 0232 | train reward: -38.37 | best: -36.67 | KL: 6.041e-06 | std: 0.5962 | rollout: 7.982s | update: 0.364s | total: 8.347s | samples/s: 7668
Iteration 0233 | train reward: -33.99 | best: -33.99 | KL: 7.076e-06 | std: 0.5962 | rollout: 8.405s | update: 0.302s | total: 8.707s | samples/s: 7350
Iteration 0234 | train reward: -36.25 | best: -33.99 | KL: 7.486e-06 | std: 0.5958 | rollout: 8.962s | update: 0.327s | total: 9.289s | samples/s: 6890
Iteration 0235 | train reward: -37.73 | best: -33.99 | KL: 7.492e-06 | std: 0.5958 | rollout: 7.011s | update: 0.250s | total: 7.261s | samples/s: 8814
Iteration 0236 | train reward: -36.68 | best: -33.99 | KL: 5.697e-06 | std: 0.5958 | rollout: 8.116s | update: 0.305s | total: 8.421s | samples/s: 7600
Iteration 0237 | train reward: -41.24 | best: -33.99 | KL: 7.240e-06 | std: 0.5957 | rollout: 7.664s | update: 0.298s | total: 7.961s | samples/s: 8039
Iteration 0238 | train reward: -35.99 | best: -33.99 | KL: 6.229e-06 | std: 0.5956 | rollout: 7.294s | update: 0.317s | total: 7.611s | samples/s: 8409
Iteration 0239 | train reward: -33.87 | best: -33.87 | KL: 8.637e-06 | std: 0.5956 | rollout: 8.098s | update: 0.304s | total: 8.402s | samples/s: 7617
Iteration 0240 | train reward: -34.65 | best: -33.87 | KL: 6.704e-06 | std: 0.5956 | rollout: 9.250s | update: 0.362s | total: 9.612s | samples/s: 6659
Iteration 0241 | train reward: -33.38 | best: -33.38 | KL: 6.894e-06 | std: 0.5945 | rollout: 7.900s | update: 0.310s | total: 8.210s | samples/s: 7795
Iteration 0242 | train reward: -35.53 | best: -33.38 | KL: 6.732e-06 | std: 0.5945 | rollout: 8.841s | update: 0.280s | total: 9.121s | samples/s: 7017
Iteration 0243 | train reward: -28.47 | best: -28.47 | KL: 6.059e-06 | std: 0.5945 | rollout: 8.994s | update: 0.294s | total: 9.288s | samples/s: 6891
Iteration 0244 | train reward: -36.80 | best: -28.47 | KL: 4.875e-06 | std: 0.5945 | rollout: 7.800s | update: 0.310s | total: 8.110s | samples/s: 7892
Iteration 0245 | train reward: -31.68 | best: -28.47 | KL: 5.278e-06 | std: 0.5945 | rollout: 7.850s | update: 0.339s | total: 8.188s | samples/s: 7816
Iteration 0246 | train reward: -41.11 | best: -28.47 | KL: 8.001e-06 | std: 0.5944 | rollout: 7.829s | update: 0.329s | total: 8.157s | samples/s: 7846
Iteration 0247 | train reward: -39.06 | best: -28.47 | KL: 7.446e-06 | std: 0.5943 | rollout: 8.660s | update: 0.303s | total: 8.963s | samples/s: 7140
Iteration 0248 | train reward: -39.06 | best: -28.47 | KL: 6.691e-06 | std: 0.5943 | rollout: 8.563s | update: 0.329s | total: 8.892s | samples/s: 7198
Iteration 0249 | train reward: -28.76 | best: -28.47 | KL: 5.962e-06 | std: 0.5943 | rollout: 8.267s | update: 0.325s | total: 8.592s | samples/s: 7449
Iteration 0250 | train reward: -30.42 | best: -28.47 | KL: 5.676e-06 | std: 0.5943 | rollout: 9.838s | update: 0.307s | total: 10.145s | samples/s: 6309
Iteration 0251 | train reward: -27.14 | best: -27.14 | KL: 6.121e-06 | std: 0.5943 | rollout: 7.500s | update: 0.310s | total: 7.810s | samples/s: 8195
Iteration 0252 | train reward: -31.86 | best: -27.14 | KL: 5.570e-06 | std: 0.5943 | rollout: 8.373s | update: 0.322s | total: 8.695s | samples/s: 7360
Iteration 0253 | train reward: -36.78 | best: -27.14 | KL: 5.537e-06 | std: 0.5943 | rollout: 7.528s | update: 0.290s | total: 7.818s | samples/s: 8186
Iteration 0254 | train reward: -27.18 | best: -27.14 | KL: 5.999e-06 | std: 0.5939 | rollout: 8.958s | update: 0.271s | total: 9.229s | samples/s: 6935
Iteration 0255 | train reward: -32.22 | best: -27.14 | KL: 8.586e-06 | std: 0.5939 | rollout: 8.505s | update: 0.322s | total: 8.827s | samples/s: 7251
Iteration 0256 | train reward: -32.57 | best: -27.14 | KL: 7.774e-06 | std: 0.5939 | rollout: 8.910s | update: 0.293s | total: 9.202s | samples/s: 6955
Iteration 0257 | train reward: -31.47 | best: -27.14 | KL: 5.920e-06 | std: 0.5939 | rollout: 8.426s | update: 0.311s | total: 8.736s | samples/s: 7326
Iteration 0258 | train reward: -28.71 | best: -27.14 | KL: 4.625e-06 | std: 0.5939 | rollout: 8.981s | update: 0.293s | total: 9.273s | samples/s: 6901
Iteration 0259 | train reward: -30.01 | best: -27.14 | KL: 7.598e-06 | std: 0.5939 | rollout: 8.318s | update: 0.294s | total: 8.612s | samples/s: 7432
Iteration 0260 | train reward: -33.50 | best: -27.14 | KL: 6.440e-06 | std: 0.5939 | rollout: 7.448s | update: 0.277s | total: 7.724s | samples/s: 8286
Iteration 0261 | train reward: -23.79 | best: -23.79 | KL: 5.396e-06 | std: 0.5939 | rollout: 7.734s | update: 0.257s | total: 7.991s | samples/s: 8009
Iteration 0262 | train reward: -30.05 | best: -23.79 | KL: 7.257e-06 | std: 0.5939 | rollout: 8.124s | update: 0.364s | total: 8.488s | samples/s: 7540
Iteration 0263 | train reward: -26.55 | best: -23.79 | KL: 5.565e-06 | std: 0.5938 | rollout: 7.597s | update: 0.311s | total: 7.908s | samples/s: 8093
Iteration 0264 | train reward: -33.74 | best: -23.79 | KL: 8.567e-06 | std: 0.5938 | rollout: 8.310s | update: 0.324s | total: 8.634s | samples/s: 7413
Iteration 0265 | train reward: -31.90 | best: -23.79 | KL: 7.014e-06 | std: 0.5938 | rollout: 8.279s | update: 0.263s | total: 8.543s | samples/s: 7492
Iteration 0266 | train reward: -24.17 | best: -23.79 | KL: 5.815e-06 | std: 0.5938 | rollout: 7.430s | update: 0.271s | total: 7.701s | samples/s: 8311
Iteration 0267 | train reward: -27.36 | best: -23.79 | KL: 6.578e-06 | std: 0.5938 | rollout: 6.772s | update: 0.252s | total: 7.025s | samples/s: 9111
Iteration 0268 | train reward: -24.41 | best: -23.79 | KL: 6.549e-06 | std: 0.5937 | rollout: 7.971s | update: 0.256s | total: 8.227s | samples/s: 7779
Iteration 0269 | train reward: -27.38 | best: -23.79 | KL: 6.052e-06 | std: 0.5937 | rollout: 8.832s | update: 0.256s | total: 9.088s | samples/s: 7042
Iteration 0270 | train reward: -36.59 | best: -23.79 | KL: 8.718e-06 | std: 0.5937 | rollout: 7.841s | update: 0.356s | total: 8.198s | samples/s: 7807
Iteration 0271 | train reward: -26.54 | best: -23.79 | KL: 5.410e-06 | std: 0.5937 | rollout: 9.424s | update: 0.252s | total: 9.677s | samples/s: 6614
Iteration 0272 | train reward: -27.84 | best: -23.79 | KL: 9.470e-06 | std: 0.5937 | rollout: 8.591s | update: 0.312s | total: 8.902s | samples/s: 7189
Iteration 0273 | train reward: -25.74 | best: -23.79 | KL: 6.666e-06 | std: 0.5937 | rollout: 8.275s | update: 0.307s | total: 8.582s | samples/s: 7457
Iteration 0274 | train reward: -29.13 | best: -23.79 | KL: 8.675e-06 | std: 0.5936 | rollout: 7.932s | update: 0.284s | total: 8.216s | samples/s: 7790
Iteration 0275 | train reward: -27.53 | best: -23.79 | KL: 6.466e-06 | std: 0.5936 | rollout: 7.321s | update: 0.324s | total: 7.645s | samples/s: 8372
Iteration 0276 | train reward: -29.74 | best: -23.79 | KL: 6.933e-06 | std: 0.5936 | rollout: 7.655s | update: 0.294s | total: 7.950s | samples/s: 8051
Iteration 0277 | train reward: -24.78 | best: -23.79 | KL: 6.699e-06 | std: 0.5936 | rollout: 8.013s | update: 0.263s | total: 8.276s | samples/s: 7733
Iteration 0278 | train reward: -28.85 | best: -23.79 | KL: 7.626e-06 | std: 0.5936 | rollout: 7.743s | update: 0.275s | total: 8.018s | samples/s: 7982
Iteration 0279 | train reward: -21.46 | best: -21.46 | KL: 3.814e-06 | std: 0.5936 | rollout: 8.340s | update: 0.275s | total: 8.615s | samples/s: 7429
Iteration 0280 | train reward: -23.90 | best: -21.46 | KL: 6.462e-06 | std: 0.5932 | rollout: 7.187s | update: 0.255s | total: 7.441s | samples/s: 8600
Iteration 0281 | train reward: -35.09 | best: -21.46 | KL: 5.565e-06 | std: 0.5931 | rollout: 9.044s | update: 0.366s | total: 9.411s | samples/s: 6801
Iteration 0282 | train reward: -26.04 | best: -21.46 | KL: 5.287e-06 | std: 0.5931 | rollout: 8.549s | update: 0.253s | total: 8.802s | samples/s: 7271
Iteration 0283 | train reward: -32.24 | best: -21.46 | KL: 6.814e-06 | std: 0.5931 | rollout: 8.636s | update: 0.308s | total: 8.944s | samples/s: 7156
Iteration 0284 | train reward: -19.96 | best: -19.96 | KL: 8.080e-06 | std: 0.5931 | rollout: 7.839s | update: 0.323s | total: 8.162s | samples/s: 7841
Iteration 0285 | train reward: -31.59 | best: -19.96 | KL: 6.881e-06 | std: 0.5930 | rollout: 7.362s | update: 0.297s | total: 7.659s | samples/s: 8356
Iteration 0286 | train reward: -23.67 | best: -19.96 | KL: 6.837e-06 | std: 0.5930 | rollout: 9.271s | update: 0.326s | total: 9.596s | samples/s: 6669
Iteration 0287 | train reward: -26.85 | best: -19.96 | KL: 7.399e-06 | std: 0.5930 | rollout: 8.494s | update: 0.299s | total: 8.792s | samples/s: 7279
Iteration 0288 | train reward: -23.19 | best: -19.96 | KL: 5.491e-06 | std: 0.5930 | rollout: 8.720s | update: 0.256s | total: 8.976s | samples/s: 7130
Iteration 0289 | train reward: -30.74 | best: -19.96 | KL: 6.841e-06 | std: 0.5930 | rollout: 9.033s | update: 0.261s | total: 9.294s | samples/s: 6886
Iteration 0290 | train reward: -25.95 | best: -19.96 | KL: 7.966e-06 | std: 0.5930 | rollout: 8.118s | update: 0.293s | total: 8.410s | samples/s: 7610
Iteration 0291 | train reward: -22.23 | best: -19.96 | KL: 5.241e-06 | std: 0.5930 | rollout: 6.921s | update: 0.307s | total: 7.229s | samples/s: 8854
Iteration 0292 | train reward: -23.60 | best: -19.96 | KL: 6.274e-06 | std: 0.5930 | rollout: 8.332s | update: 0.288s | total: 8.619s | samples/s: 7425
Iteration 0293 | train reward: -23.14 | best: -19.96 | KL: 8.923e-06 | std: 0.5919 | rollout: 8.529s | update: 0.286s | total: 8.815s | samples/s: 7260
Iteration 0294 | train reward: -18.43 | best: -18.43 | KL: 5.838e-06 | std: 0.5919 | rollout: 8.492s | update: 0.370s | total: 8.862s | samples/s: 7222
Iteration 0295 | train reward: -20.50 | best: -18.43 | KL: 7.585e-06 | std: 0.5919 | rollout: 8.667s | update: 0.297s | total: 8.964s | samples/s: 7140
Iteration 0296 | train reward: -24.04 | best: -18.43 | KL: 7.432e-06 | std: 0.5919 | rollout: 8.506s | update: 0.334s | total: 8.841s | samples/s: 7239
Iteration 0297 | train reward: -22.93 | best: -18.43 | KL: 5.992e-06 | std: 0.5918 | rollout: 7.856s | update: 0.260s | total: 8.116s | samples/s: 7885
Iteration 0298 | train reward: -20.37 | best: -18.43 | KL: 5.234e-06 | std: 0.5917 | rollout: 8.529s | update: 0.325s | total: 8.854s | samples/s: 7229
Iteration 0299 | train reward: -14.56 | best: -14.56 | KL: 5.314e-06 | std: 0.5917 | rollout: 8.294s | update: 0.268s | total: 8.561s | samples/s: 7475
Iteration 0300 | train reward: -26.58 | best: -14.56 | KL: 6.752e-06 | std: 0.5917 | rollout: 7.724s | update: 0.272s | total: 7.997s | samples/s: 8003
Iteration 0301 | train reward: -15.72 | best: -14.56 | KL: 5.269e-06 | std: 0.5917 | rollout: 8.501s | update: 0.335s | total: 8.836s | samples/s: 7243
Iteration 0302 | train reward: -14.73 | best: -14.56 | KL: 5.108e-06 | std: 0.5917 | rollout: 8.519s | update: 0.259s | total: 8.778s | samples/s: 7291
Iteration 0303 | train reward: -23.26 | best: -14.56 | KL: 6.256e-06 | std: 0.5917 | rollout: 8.059s | update: 0.276s | total: 8.335s | samples/s: 7678
Iteration 0304 | train reward: -23.08 | best: -14.56 | KL: 7.170e-06 | std: 0.5913 | rollout: 8.701s | update: 0.260s | total: 8.961s | samples/s: 7142
Iteration 0305 | train reward: -16.24 | best: -14.56 | KL: 6.419e-06 | std: 0.5913 | rollout: 8.318s | update: 0.394s | total: 8.712s | samples/s: 7346
Iteration 0306 | train reward: -29.18 | best: -14.56 | KL: 7.489e-06 | std: 0.5913 | rollout: 7.415s | update: 0.303s | total: 7.718s | samples/s: 8292
Iteration 0307 | train reward: -15.34 | best: -14.56 | KL: 5.827e-06 | std: 0.5913 | rollout: 7.520s | update: 0.331s | total: 7.851s | samples/s: 8152
Iteration 0308 | train reward: -16.36 | best: -14.56 | KL: 6.338e-06 | std: 0.5913 | rollout: 7.781s | update: 0.309s | total: 8.090s | samples/s: 7911
Iteration 0309 | train reward: -20.09 | best: -14.56 | KL: 4.576e-06 | std: 0.5913 | rollout: 8.372s | update: 0.312s | total: 8.683s | samples/s: 7370
Iteration 0310 | train reward: -17.00 | best: -14.56 | KL: 5.930e-06 | std: 0.5913 | rollout: 9.111s | update: 0.287s | total: 9.398s | samples/s: 6810
Iteration 0311 | train reward: -14.06 | best: -14.06 | KL: 6.946e-06 | std: 0.5913 | rollout: 9.061s | update: 0.351s | total: 9.412s | samples/s: 6800
Iteration 0312 | train reward: -20.96 | best: -14.06 | KL: 5.062e-06 | std: 0.5912 | rollout: 8.228s | update: 0.259s | total: 8.488s | samples/s: 7540
Iteration 0313 | train reward: -15.68 | best: -14.06 | KL: 6.506e-06 | std: 0.5912 | rollout: 9.249s | update: 0.282s | total: 9.530s | samples/s: 6715
Iteration 0314 | train reward: -21.43 | best: -14.06 | KL: 6.696e-06 | std: 0.5912 | rollout: 8.102s | update: 0.293s | total: 8.395s | samples/s: 7623
Iteration 0315 | train reward: -15.98 | best: -14.06 | KL: 7.642e-06 | std: 0.5912 | rollout: 8.621s | update: 0.325s | total: 8.946s | samples/s: 7154
Iteration 0316 | train reward: -16.64 | best: -14.06 | KL: 7.346e-06 | std: 0.5911 | rollout: 8.229s | update: 0.257s | total: 8.485s | samples/s: 7542
Iteration 0317 | train reward: -14.01 | best: -14.01 | KL: 8.119e-06 | std: 0.5911 | rollout: 8.002s | update: 0.323s | total: 8.325s | samples/s: 7688
Iteration 0318 | train reward: -16.16 | best: -14.01 | KL: 6.906e-06 | std: 0.5911 | rollout: 9.003s | update: 0.318s | total: 9.321s | samples/s: 6867
Iteration 0319 | train reward: -19.96 | best: -14.01 | KL: 8.335e-06 | std: 0.5911 | rollout: 8.417s | update: 0.264s | total: 8.681s | samples/s: 7372
Iteration 0320 | train reward: -15.21 | best: -14.01 | KL: 6.303e-06 | std: 0.5911 | rollout: 8.204s | update: 0.333s | total: 8.537s | samples/s: 7497
Iteration 0321 | train reward: -20.01 | best: -14.01 | KL: 6.747e-06 | std: 0.5911 | rollout: 9.291s | update: 0.320s | total: 9.612s | samples/s: 6659
Iteration 0322 | train reward: -14.86 | best: -14.01 | KL: 6.721e-06 | std: 0.5911 | rollout: 9.696s | update: 0.335s | total: 10.031s | samples/s: 6380
Iteration 0323 | train reward: -15.04 | best: -14.01 | KL: 7.949e-06 | std: 0.5911 | rollout: 7.865s | update: 0.257s | total: 8.122s | samples/s: 7880
Iteration 0324 | train reward: -11.83 | best: -11.83 | KL: 8.522e-06 | std: 0.5911 | rollout: 8.965s | update: 0.264s | total: 9.229s | samples/s: 6934
Iteration 0325 | train reward: -15.37 | best: -11.83 | KL: 9.044e-06 | std: 0.5911 | rollout: 8.754s | update: 0.291s | total: 9.045s | samples/s: 7076
Iteration 0326 | train reward: -9.90 | best: -9.90 | KL: 6.114e-06 | std: 0.5911 | rollout: 8.754s | update: 0.325s | total: 9.079s | samples/s: 7049
Iteration 0327 | train reward: -10.72 | best: -9.90 | KL: 5.723e-06 | std: 0.5910 | rollout: 7.769s | update: 0.275s | total: 8.044s | samples/s: 7956
Iteration 0328 | train reward: -8.87 | best: -8.87 | KL: 6.001e-06 | std: 0.5910 | rollout: 8.194s | update: 0.326s | total: 8.521s | samples/s: 7511
Iteration 0329 | train reward: -11.57 | best: -8.87 | KL: 6.079e-06 | std: 0.5910 | rollout: 8.718s | update: 0.293s | total: 9.011s | samples/s: 7102
Iteration 0330 | train reward: -6.64 | best: -6.64 | KL: 6.457e-06 | std: 0.5910 | rollout: 7.729s | update: 0.278s | total: 8.007s | samples/s: 7993
Iteration 0331 | train reward: -11.03 | best: -6.64 | KL: 6.080e-06 | std: 0.5910 | rollout: 9.252s | update: 0.322s | total: 9.573s | samples/s: 6685
Iteration 0332 | train reward: -11.10 | best: -6.64 | KL: 7.006e-06 | std: 0.5906 | rollout: 9.383s | update: 0.272s | total: 9.655s | samples/s: 6629
Iteration 0333 | train reward: -17.20 | best: -6.64 | KL: 7.022e-06 | std: 0.5906 | rollout: 8.960s | update: 0.363s | total: 9.323s | samples/s: 6865
Iteration 0334 | train reward: -16.39 | best: -6.64 | KL: 5.774e-06 | std: 0.5905 | rollout: 7.324s | update: 0.342s | total: 7.665s | samples/s: 8349
Iteration 0335 | train reward: -8.50 | best: -6.64 | KL: 4.769e-06 | std: 0.5905 | rollout: 8.666s | update: 0.325s | total: 8.991s | samples/s: 7118
Iteration 0336 | train reward: -15.80 | best: -6.64 | KL: 6.584e-06 | std: 0.5904 | rollout: 8.710s | update: 0.285s | total: 8.995s | samples/s: 7115
Iteration 0337 | train reward: -2.73 | best: -2.73 | KL: 6.906e-06 | std: 0.5904 | rollout: 8.416s | update: 0.325s | total: 8.742s | samples/s: 7321
Iteration 0338 | train reward: -12.56 | best: -2.73 | KL: 7.338e-06 | std: 0.5904 | rollout: 7.117s | update: 0.345s | total: 7.462s | samples/s: 8577
Iteration 0339 | train reward: -8.16 | best: -2.73 | KL: 6.618e-06 | std: 0.5904 | rollout: 8.413s | update: 0.283s | total: 8.697s | samples/s: 7359
Iteration 0340 | train reward: -5.04 | best: -2.73 | KL: 7.078e-06 | std: 0.5904 | rollout: 8.293s | update: 0.300s | total: 8.593s | samples/s: 7448
Iteration 0341 | train reward: -8.09 | best: -2.73 | KL: 6.347e-06 | std: 0.5893 | rollout: 8.063s | update: 0.255s | total: 8.317s | samples/s: 7695
Iteration 0342 | train reward: -8.30 | best: -2.73 | KL: 7.409e-06 | std: 0.5893 | rollout: 7.847s | update: 0.300s | total: 8.148s | samples/s: 7855
Iteration 0343 | train reward: -12.11 | best: -2.73 | KL: 8.017e-06 | std: 0.5893 | rollout: 8.237s | update: 0.261s | total: 8.498s | samples/s: 7531
Iteration 0344 | train reward: -8.27 | best: -2.73 | KL: 6.101e-06 | std: 0.5893 | rollout: 7.269s | update: 0.272s | total: 7.541s | samples/s: 8487
Iteration 0345 | train reward: -6.09 | best: -2.73 | KL: 8.586e-06 | std: 0.5893 | rollout: 9.397s | update: 0.328s | total: 9.725s | samples/s: 6581
Iteration 0346 | train reward: -11.85 | best: -2.73 | KL: 7.867e-06 | std: 0.5893 | rollout: 9.470s | update: 0.273s | total: 9.743s | samples/s: 6569
Iteration 0347 | train reward: -8.91 | best: -2.73 | KL: 8.478e-06 | std: 0.5893 | rollout: 8.206s | update: 0.368s | total: 8.574s | samples/s: 7464
Iteration 0348 | train reward: -2.32 | best: -2.32 | KL: 4.538e-06 | std: 0.5892 | rollout: 9.638s | update: 0.322s | total: 9.959s | samples/s: 6426
Iteration 0349 | train reward: -10.67 | best: -2.32 | KL: 9.963e-06 | std: 0.5892 | rollout: 8.513s | update: 0.306s | total: 8.819s | samples/s: 7257
Iteration 0350 | train reward: -7.14 | best: -2.32 | KL: 7.543e-06 | std: 0.5892 | rollout: 8.368s | update: 0.268s | total: 8.636s | samples/s: 7411
Iteration 0351 | train reward: 1.11 | best: 1.11 | KL: 5.699e-06 | std: 0.5892 | rollout: 7.719s | update: 0.274s | total: 7.993s | samples/s: 8007
Iteration 0352 | train reward: -5.21 | best: 1.11 | KL: 7.800e-06 | std: 0.5892 | rollout: 8.306s | update: 0.315s | total: 8.620s | samples/s: 7424
Iteration 0353 | train reward: -6.11 | best: 1.11 | KL: 8.335e-06 | std: 0.5891 | rollout: 9.097s | update: 0.308s | total: 9.405s | samples/s: 6805
Iteration 0354 | train reward: -5.58 | best: 1.11 | KL: 5.417e-06 | std: 0.5891 | rollout: 7.228s | update: 0.343s | total: 7.571s | samples/s: 8454
Iteration 0355 | train reward: -6.32 | best: 1.11 | KL: 5.594e-06 | std: 0.5891 | rollout: 8.488s | update: 0.306s | total: 8.794s | samples/s: 7278
Iteration 0356 | train reward: -3.72 | best: 1.11 | KL: 7.141e-06 | std: 0.5891 | rollout: 7.998s | update: 0.261s | total: 8.258s | samples/s: 7750
Iteration 0357 | train reward: -3.15 | best: 1.11 | KL: 7.335e-06 | std: 0.5891 | rollout: 9.454s | update: 0.317s | total: 9.771s | samples/s: 6550
Iteration 0358 | train reward: -9.85 | best: 1.11 | KL: 5.919e-06 | std: 0.5891 | rollout: 8.266s | update: 0.321s | total: 8.588s | samples/s: 7452
Iteration 0359 | train reward: -10.54 | best: 1.11 | KL: 6.250e-06 | std: 0.5891 | rollout: 7.414s | update: 0.303s | total: 7.718s | samples/s: 8293
Iteration 0360 | train reward: -2.88 | best: 1.11 | KL: 6.386e-06 | std: 0.5891 | rollout: 7.766s | update: 0.310s | total: 8.076s | samples/s: 7925
Iteration 0361 | train reward: -2.88 | best: 1.11 | KL: 6.048e-06 | std: 0.5887 | rollout: 8.554s | update: 0.290s | total: 8.845s | samples/s: 7236
Iteration 0362 | train reward: 1.01 | best: 1.11 | KL: 7.473e-06 | std: 0.5887 | rollout: 7.606s | update: 0.267s | total: 7.873s | samples/s: 8129
Iteration 0363 | train reward: -7.54 | best: 1.11 | KL: 5.612e-06 | std: 0.5887 | rollout: 7.647s | update: 0.256s | total: 7.903s | samples/s: 8098
Iteration 0364 | train reward: -7.89 | best: 1.11 | KL: 8.029e-06 | std: 0.5887 | rollout: 8.611s | update: 0.302s | total: 8.913s | samples/s: 7181
Iteration 0365 | train reward: -2.98 | best: 1.11 | KL: 7.889e-06 | std: 0.5887 | rollout: 8.722s | update: 0.299s | total: 9.020s | samples/s: 7095
Iteration 0366 | train reward: -1.87 | best: 1.11 | KL: 6.340e-06 | std: 0.5886 | rollout: 7.368s | update: 0.333s | total: 7.701s | samples/s: 8310
Iteration 0367 | train reward: -4.66 | best: 1.11 | KL: 7.221e-06 | std: 0.5887 | rollout: 7.618s | update: 0.302s | total: 7.920s | samples/s: 8081
Iteration 0368 | train reward: -1.42 | best: 1.11 | KL: 7.586e-06 | std: 0.5886 | rollout: 7.058s | update: 0.319s | total: 7.377s | samples/s: 8676
Iteration 0369 | train reward: 1.59 | best: 1.59 | KL: 6.003e-06 | std: 0.5886 | rollout: 8.217s | update: 0.282s | total: 8.499s | samples/s: 7530
Iteration 0370 | train reward: 3.67 | best: 3.67 | KL: 5.626e-06 | std: 0.5886 | rollout: 9.016s | update: 0.321s | total: 9.338s | samples/s: 6854
Iteration 0371 | train reward: -5.06 | best: 3.67 | KL: 6.974e-06 | std: 0.5886 | rollout: 7.986s | update: 0.251s | total: 8.237s | samples/s: 7770
Iteration 0372 | train reward: -0.44 | best: 3.67 | KL: 8.295e-06 | std: 0.5886 | rollout: 7.497s | update: 0.307s | total: 7.805s | samples/s: 8200
Iteration 0373 | train reward: 2.14 | best: 3.67 | KL: 5.781e-06 | std: 0.5885 | rollout: 8.161s | update: 0.326s | total: 8.487s | samples/s: 7541
Iteration 0374 | train reward: -3.31 | best: 3.67 | KL: 9.244e-06 | std: 0.5885 | rollout: 9.977s | update: 0.356s | total: 10.333s | samples/s: 6194
Iteration 0375 | train reward: -2.17 | best: 3.67 | KL: 7.357e-06 | std: 0.5885 | rollout: 8.797s | update: 0.279s | total: 9.076s | samples/s: 7052
Iteration 0376 | train reward: -1.08 | best: 3.67 | KL: 5.928e-06 | std: 0.5885 | rollout: 8.672s | update: 0.329s | total: 9.001s | samples/s: 7110
Iteration 0377 | train reward: 2.37 | best: 3.67 | KL: 6.253e-06 | std: 0.5885 | rollout: 8.364s | update: 0.302s | total: 8.666s | samples/s: 7385
Iteration 0378 | train reward: -0.14 | best: 3.67 | KL: 6.074e-06 | std: 0.5885 | rollout: 9.062s | update: 0.299s | total: 9.361s | samples/s: 6837
Iteration 0379 | train reward: -1.00 | best: 3.67 | KL: 6.625e-06 | std: 0.5885 | rollout: 9.464s | update: 0.307s | total: 9.771s | samples/s: 6550
Iteration 0380 | train reward: -4.34 | best: 3.67 | KL: 6.417e-06 | std: 0.5885 | rollout: 9.066s | update: 0.305s | total: 9.371s | samples/s: 6829
Iteration 0381 | train reward: 2.03 | best: 3.67 | KL: 5.781e-06 | std: 0.5885 | rollout: 8.084s | update: 0.261s | total: 8.345s | samples/s: 7670
Iteration 0382 | train reward: 1.21 | best: 3.67 | KL: 8.605e-06 | std: 0.5885 | rollout: 8.164s | update: 0.276s | total: 8.440s | samples/s: 7583
Iteration 0383 | train reward: -1.44 | best: 3.67 | KL: 7.573e-06 | std: 0.5885 | rollout: 7.331s | update: 0.283s | total: 7.614s | samples/s: 8406
Iteration 0384 | train reward: 8.10 | best: 8.10 | KL: 6.734e-06 | std: 0.5884 | rollout: 6.040s | update: 0.256s | total: 6.296s | samples/s: 10165
Iteration 0385 | train reward: 5.73 | best: 8.10 | KL: 5.266e-06 | std: 0.5884 | rollout: 7.739s | update: 0.347s | total: 8.086s | samples/s: 7915
Iteration 0386 | train reward: 4.33 | best: 8.10 | KL: 7.921e-06 | std: 0.5884 | rollout: 9.191s | update: 0.279s | total: 9.470s | samples/s: 6758
Iteration 0387 | train reward: 3.41 | best: 8.10 | KL: 5.744e-06 | std: 0.5884 | rollout: 7.848s | update: 0.370s | total: 8.218s | samples/s: 7788
Iteration 0388 | train reward: 4.71 | best: 8.10 | KL: 4.143e-06 | std: 0.5884 | rollout: 7.838s | update: 0.252s | total: 8.090s | samples/s: 7911
Iteration 0389 | train reward: 3.44 | best: 8.10 | KL: 6.677e-06 | std: 0.5884 | rollout: 8.097s | update: 0.310s | total: 8.407s | samples/s: 7612
Iteration 0390 | train reward: 7.00 | best: 8.10 | KL: 4.932e-06 | std: 0.5880 | rollout: 10.392s | update: 0.291s | total: 10.684s | samples/s: 5990
Iteration 0391 | train reward: 9.72 | best: 9.72 | KL: 6.667e-06 | std: 0.5880 | rollout: 9.676s | update: 0.328s | total: 10.005s | samples/s: 6397
Iteration 0392 | train reward: 7.30 | best: 9.72 | KL: 6.884e-06 | std: 0.5880 | rollout: 7.677s | update: 0.278s | total: 7.955s | samples/s: 8046
Iteration 0393 | train reward: 9.26 | best: 9.72 | KL: 7.297e-06 | std: 0.5879 | rollout: 8.669s | update: 0.322s | total: 8.991s | samples/s: 7119
Iteration 0394 | train reward: 2.19 | best: 9.72 | KL: 6.580e-06 | std: 0.5879 | rollout: 9.086s | update: 0.322s | total: 9.408s | samples/s: 6803
Iteration 0395 | train reward: 8.26 | best: 9.72 | KL: 7.436e-06 | std: 0.5879 | rollout: 7.797s | update: 0.330s | total: 8.127s | samples/s: 7875
Iteration 0396 | train reward: 0.81 | best: 9.72 | KL: 8.493e-06 | std: 0.5878 | rollout: 9.156s | update: 0.255s | total: 9.411s | samples/s: 6800
Iteration 0397 | train reward: 2.67 | best: 9.72 | KL: 6.015e-06 | std: 0.5878 | rollout: 8.305s | update: 0.324s | total: 8.629s | samples/s: 7417
Iteration 0398 | train reward: 8.55 | best: 9.72 | KL: 7.403e-06 | std: 0.5878 | rollout: 9.604s | update: 0.279s | total: 9.883s | samples/s: 6476
Iteration 0399 | train reward: 9.19 | best: 9.72 | KL: 6.156e-06 | std: 0.5878 | rollout: 8.314s | update: 0.321s | total: 8.634s | samples/s: 7412
Iteration 0400 | train reward: 7.45 | best: 9.72 | KL: 8.971e-06 | std: 0.5878 | rollout: 8.673s | update: 0.281s | total: 8.953s | samples/s: 7148
Iteration 0401 | train reward: 3.63 | best: 9.72 | KL: 1.034e-05 | std: 0.5878 | rollout: 7.163s | update: 0.276s | total: 7.440s | samples/s: 8602
Iteration 0402 | train reward: 8.01 | best: 9.72 | KL: 9.647e-06 | std: 0.5878 | rollout: 7.466s | update: 0.369s | total: 7.835s | samples/s: 8168
Iteration 0403 | train reward: 11.70 | best: 11.70 | KL: 8.382e-06 | std: 0.5878 | rollout: 6.722s | update: 0.281s | total: 7.003s | samples/s: 9139
Iteration 0404 | train reward: 13.07 | best: 13.07 | KL: 6.285e-06 | std: 0.5867 | rollout: 8.635s | update: 0.263s | total: 8.898s | samples/s: 7193
Iteration 0405 | train reward: 12.63 | best: 13.07 | KL: 6.402e-06 | std: 0.5867 | rollout: 8.114s | update: 0.289s | total: 8.403s | samples/s: 7616
Iteration 0406 | train reward: 12.21 | best: 13.07 | KL: 6.408e-06 | std: 0.5867 | rollout: 9.323s | update: 0.267s | total: 9.590s | samples/s: 6674
Iteration 0407 | train reward: 8.37 | best: 13.07 | KL: 7.176e-06 | std: 0.5867 | rollout: 7.211s | update: 0.298s | total: 7.508s | samples/s: 8524
Iteration 0408 | train reward: 14.69 | best: 14.69 | KL: 7.266e-06 | std: 0.5867 | rollout: 7.342s | update: 0.293s | total: 7.636s | samples/s: 8382
Iteration 0409 | train reward: 8.97 | best: 14.69 | KL: 9.314e-06 | std: 0.5866 | rollout: 7.920s | update: 0.316s | total: 8.235s | samples/s: 7772
Iteration 0410 | train reward: 6.28 | best: 14.69 | KL: 9.312e-06 | std: 0.5865 | rollout: 9.265s | update: 0.329s | total: 9.594s | samples/s: 6671
Iteration 0411 | train reward: 14.79 | best: 14.79 | KL: 8.501e-06 | std: 0.5865 | rollout: 7.801s | update: 0.318s | total: 8.119s | samples/s: 7883
Iteration 0412 | train reward: 11.58 | best: 14.79 | KL: 6.974e-06 | std: 0.5865 | rollout: 8.411s | update: 0.326s | total: 8.737s | samples/s: 7325
Iteration 0413 | train reward: 9.70 | best: 14.79 | KL: 7.728e-06 | std: 0.5865 | rollout: 6.784s | update: 0.290s | total: 7.074s | samples/s: 9048
Iteration 0414 | train reward: 7.32 | best: 14.79 | KL: 8.171e-06 | std: 0.5865 | rollout: 7.455s | update: 0.289s | total: 7.744s | samples/s: 8265
Iteration 0415 | train reward: 17.28 | best: 17.28 | KL: 5.602e-06 | std: 0.5861 | rollout: 8.220s | update: 0.255s | total: 8.474s | samples/s: 7552
Iteration 0416 | train reward: 15.36 | best: 17.28 | KL: 7.560e-06 | std: 0.5861 | rollout: 9.164s | update: 0.386s | total: 9.550s | samples/s: 6701
Iteration 0417 | train reward: 12.29 | best: 17.28 | KL: 7.341e-06 | std: 0.5861 | rollout: 7.904s | update: 0.331s | total: 8.235s | samples/s: 7771
Iteration 0418 | train reward: 14.87 | best: 17.28 | KL: 7.283e-06 | std: 0.5861 | rollout: 9.566s | update: 0.255s | total: 9.821s | samples/s: 6517
Iteration 0419 | train reward: 12.69 | best: 17.28 | KL: 1.018e-05 | std: 0.5861 | rollout: 8.275s | update: 0.268s | total: 8.542s | samples/s: 7492
Iteration 0420 | train reward: 9.11 | best: 17.28 | KL: 1.065e-05 | std: 0.5861 | rollout: 7.794s | update: 0.252s | total: 8.046s | samples/s: 7954
Iteration 0421 | train reward: 11.56 | best: 17.28 | KL: 8.077e-06 | std: 0.5861 | rollout: 7.448s | update: 0.265s | total: 7.713s | samples/s: 8297
Iteration 0422 | train reward: 10.98 | best: 17.28 | KL: 5.598e-06 | std: 0.5861 | rollout: 7.709s | update: 0.305s | total: 8.014s | samples/s: 7986
Iteration 0423 | train reward: 14.83 | best: 17.28 | KL: 9.295e-06 | std: 0.5860 | rollout: 8.644s | update: 0.307s | total: 8.952s | samples/s: 7150
Iteration 0424 | train reward: 19.04 | best: 19.04 | KL: 9.574e-06 | std: 0.5860 | rollout: 8.775s | update: 0.332s | total: 9.107s | samples/s: 7027
Iteration 0425 | train reward: 17.10 | best: 19.04 | KL: 9.909e-06 | std: 0.5859 | rollout: 8.496s | update: 0.300s | total: 8.796s | samples/s: 7276
Iteration 0426 | train reward: 19.12 | best: 19.12 | KL: 8.205e-06 | std: 0.5859 | rollout: 9.292s | update: 0.271s | total: 9.564s | samples/s: 6692
Iteration 0427 | train reward: 18.10 | best: 19.12 | KL: 8.598e-06 | std: 0.5859 | rollout: 7.522s | update: 0.326s | total: 7.848s | samples/s: 8155
Iteration 0428 | train reward: 18.91 | best: 19.12 | KL: 8.497e-06 | std: 0.5859 | rollout: 8.500s | update: 0.329s | total: 8.830s | samples/s: 7248
Iteration 0429 | train reward: 11.59 | best: 19.12 | KL: 1.016e-05 | std: 0.5859 | rollout: 8.144s | update: 0.360s | total: 8.504s | samples/s: 7526
Iteration 0430 | train reward: 15.64 | best: 19.12 | KL: 9.655e-06 | std: 0.5859 | rollout: 8.542s | update: 0.325s | total: 8.867s | samples/s: 7218
Iteration 0431 | train reward: 17.42 | best: 19.12 | KL: 1.047e-05 | std: 0.5859 | rollout: 9.250s | update: 0.318s | total: 9.568s | samples/s: 6689
Iteration 0432 | train reward: 17.50 | best: 19.12 | KL: 8.102e-06 | std: 0.5859 | rollout: 9.265s | update: 0.264s | total: 9.530s | samples/s: 6716
Iteration 0433 | train reward: 21.35 | best: 21.35 | KL: 7.853e-06 | std: 0.5859 | rollout: 8.098s | update: 0.256s | total: 8.354s | samples/s: 7661
Iteration 0434 | train reward: 23.94 | best: 23.94 | KL: 8.823e-06 | std: 0.5859 | rollout: 8.815s | update: 0.316s | total: 9.131s | samples/s: 7009
Iteration 0435 | train reward: 19.03 | best: 23.94 | KL: 9.755e-06 | std: 0.5859 | rollout: 8.406s | update: 0.259s | total: 8.665s | samples/s: 7386
Iteration 0436 | train reward: 18.66 | best: 23.94 | KL: 1.076e-05 | std: 0.5858 | rollout: 8.871s | update: 0.296s | total: 9.166s | samples/s: 6982
Iteration 0437 | train reward: 24.64 | best: 24.64 | KL: 8.698e-06 | std: 0.5858 | rollout: 9.480s | update: 0.340s | total: 9.819s | samples/s: 6518
Iteration 0438 | train reward: 20.98 | best: 24.64 | KL: 8.962e-06 | std: 0.5857 | rollout: 9.149s | update: 0.273s | total: 9.422s | samples/s: 6793
Iteration 0439 | train reward: 18.96 | best: 24.64 | KL: 8.758e-06 | std: 0.5854 | rollout: 9.159s | update: 0.327s | total: 9.486s | samples/s: 6747
Iteration 0440 | train reward: 18.88 | best: 24.64 | KL: 7.222e-06 | std: 0.5854 | rollout: 7.758s | update: 0.257s | total: 8.015s | samples/s: 7985
Iteration 0441 | train reward: 28.13 | best: 28.13 | KL: 7.764e-06 | std: 0.5853 | rollout: 9.520s | update: 0.289s | total: 9.809s | samples/s: 6525
Iteration 0442 | train reward: 26.34 | best: 28.13 | KL: 8.194e-06 | std: 0.5853 | rollout: 8.543s | update: 0.289s | total: 8.832s | samples/s: 7246
Iteration 0443 | train reward: 24.81 | best: 28.13 | KL: 9.944e-06 | std: 0.5852 | rollout: 8.942s | update: 0.285s | total: 9.227s | samples/s: 6936
Iteration 0444 | train reward: 18.90 | best: 28.13 | KL: 1.004e-05 | std: 0.5852 | rollout: 9.491s | update: 0.256s | total: 9.746s | samples/s: 6567
Iteration 0445 | train reward: 24.34 | best: 28.13 | KL: 7.939e-06 | std: 0.5852 | rollout: 6.621s | update: 0.308s | total: 6.928s | samples/s: 9237
Iteration 0446 | train reward: 21.97 | best: 28.13 | KL: 8.118e-06 | std: 0.5852 | rollout: 8.202s | update: 0.367s | total: 8.569s | samples/s: 7469
Iteration 0447 | train reward: 22.02 | best: 28.13 | KL: 1.024e-05 | std: 0.5841 | rollout: 8.359s | update: 0.309s | total: 8.668s | samples/s: 7383
Iteration 0448 | train reward: 25.06 | best: 28.13 | KL: 7.212e-06 | std: 0.5852 | rollout: 8.025s | update: 0.289s | total: 8.313s | samples/s: 7699
Iteration 0449 | train reward: 24.03 | best: 28.13 | KL: 8.716e-06 | std: 0.5841 | rollout: 7.588s | update: 0.295s | total: 7.883s | samples/s: 8119
Iteration 0450 | train reward: 31.35 | best: 31.35 | KL: 7.747e-06 | std: 0.5841 | rollout: 5.982s | update: 0.317s | total: 6.299s | samples/s: 10161
Iteration 0451 | train reward: 27.54 | best: 31.35 | KL: 8.774e-06 | std: 0.5841 | rollout: 8.533s | update: 0.325s | total: 8.858s | samples/s: 7225
Iteration 0452 | train reward: 33.49 | best: 33.49 | KL: 1.001e-05 | std: 0.5840 | rollout: 8.526s | update: 0.262s | total: 8.787s | samples/s: 7283
Iteration 0453 | train reward: 32.25 | best: 33.49 | KL: 1.005e-05 | std: 0.5840 | rollout: 8.691s | update: 0.291s | total: 8.981s | samples/s: 7126
Iteration 0454 | train reward: 24.61 | best: 33.49 | KL: 1.037e-05 | std: 0.5840 | rollout: 8.881s | update: 0.268s | total: 9.149s | samples/s: 6995
Iteration 0455 | train reward: 28.79 | best: 33.49 | KL: 7.236e-06 | std: 0.5839 | rollout: 8.313s | update: 0.257s | total: 8.570s | samples/s: 7468
Iteration 0456 | train reward: 25.45 | best: 33.49 | KL: 7.020e-06 | std: 0.5840 | rollout: 7.684s | update: 0.274s | total: 7.957s | samples/s: 8043
Iteration 0457 | train reward: 23.40 | best: 33.49 | KL: 9.125e-06 | std: 0.5839 | rollout: 8.408s | update: 0.300s | total: 8.707s | samples/s: 7350
Iteration 0458 | train reward: 24.95 | best: 33.49 | KL: 8.696e-06 | std: 0.5839 | rollout: 8.310s | update: 0.321s | total: 8.632s | samples/s: 7415
Iteration 0459 | train reward: 25.19 | best: 33.49 | KL: 6.765e-06 | std: 0.5839 | rollout: 6.348s | update: 0.279s | total: 6.627s | samples/s: 9658
Iteration 0460 | train reward: 25.35 | best: 33.49 | KL: 7.513e-06 | std: 0.5839 | rollout: 6.342s | update: 0.305s | total: 6.647s | samples/s: 9628
Iteration 0461 | train reward: 29.38 | best: 33.49 | KL: 1.082e-05 | std: 0.5839 | rollout: 7.976s | update: 0.318s | total: 8.294s | samples/s: 7717
Iteration 0462 | train reward: 30.89 | best: 33.49 | KL: 1.262e-05 | std: 0.5839 | rollout: 6.113s | update: 0.330s | total: 6.443s | samples/s: 9934
Iteration 0463 | train reward: 31.47 | best: 33.49 | KL: 7.796e-06 | std: 0.5839 | rollout: 8.550s | update: 0.260s | total: 8.810s | samples/s: 7264
Iteration 0464 | train reward: 23.95 | best: 33.49 | KL: 9.649e-06 | std: 0.5839 | rollout: 7.926s | update: 0.275s | total: 8.202s | samples/s: 7803
Iteration 0465 | train reward: 35.27 | best: 35.27 | KL: 7.791e-06 | std: 0.5835 | rollout: 9.252s | update: 0.254s | total: 9.506s | samples/s: 6733
Iteration 0466 | train reward: 30.32 | best: 35.27 | KL: 7.818e-06 | std: 0.5835 | rollout: 9.144s | update: 0.355s | total: 9.500s | samples/s: 6737
Iteration 0467 | train reward: 28.89 | best: 35.27 | KL: 8.028e-06 | std: 0.5834 | rollout: 8.367s | update: 0.268s | total: 8.635s | samples/s: 7412
Iteration 0468 | train reward: 32.58 | best: 35.27 | KL: 9.605e-06 | std: 0.5834 | rollout: 8.268s | update: 0.337s | total: 8.605s | samples/s: 7437
Iteration 0469 | train reward: 36.40 | best: 36.40 | KL: 8.103e-06 | std: 0.5833 | rollout: 9.647s | update: 0.305s | total: 9.952s | samples/s: 6431
Iteration 0470 | train reward: 27.50 | best: 36.40 | KL: 8.583e-06 | std: 0.5833 | rollout: 8.258s | update: 0.308s | total: 8.566s | samples/s: 7472
Iteration 0471 | train reward: 25.80 | best: 36.40 | KL: 8.497e-06 | std: 0.5833 | rollout: 7.910s | update: 0.260s | total: 8.170s | samples/s: 7834
Iteration 0472 | train reward: 37.17 | best: 37.17 | KL: 1.084e-05 | std: 0.5833 | rollout: 7.837s | update: 0.255s | total: 8.092s | samples/s: 7909
Iteration 0473 | train reward: 37.92 | best: 37.92 | KL: 6.861e-06 | std: 0.5833 | rollout: 9.339s | update: 0.356s | total: 9.695s | samples/s: 6601
Iteration 0474 | train reward: 26.67 | best: 37.92 | KL: 1.344e-05 | std: 0.5833 | rollout: 6.038s | update: 0.255s | total: 6.293s | samples/s: 10170
Iteration 0475 | train reward: 26.87 | best: 37.92 | KL: 1.240e-05 | std: 0.5832 | rollout: 7.696s | update: 0.334s | total: 8.030s | samples/s: 7970
Iteration 0476 | train reward: 35.74 | best: 37.92 | KL: 1.097e-05 | std: 0.5832 | rollout: 7.216s | update: 0.325s | total: 7.541s | samples/s: 8487
Iteration 0477 | train reward: 36.42 | best: 37.92 | KL: 9.760e-06 | std: 0.5832 | rollout: 6.489s | update: 0.264s | total: 6.753s | samples/s: 9477
Iteration 0478 | train reward: 34.03 | best: 37.92 | KL: 1.103e-05 | std: 0.5832 | rollout: 8.103s | update: 0.323s | total: 8.426s | samples/s: 7596
Iteration 0479 | train reward: 34.10 | best: 37.92 | KL: 8.819e-06 | std: 0.5831 | rollout: 9.274s | update: 0.347s | total: 9.621s | samples/s: 6652
Iteration 0480 | train reward: 40.78 | best: 40.78 | KL: 9.415e-06 | std: 0.5828 | rollout: 8.354s | update: 0.330s | total: 8.683s | samples/s: 7370
Iteration 0481 | train reward: 37.05 | best: 40.78 | KL: 1.052e-05 | std: 0.5828 | rollout: 8.082s | update: 0.279s | total: 8.361s | samples/s: 7655
Iteration 0482 | train reward: 35.18 | best: 40.78 | KL: 1.329e-05 | std: 0.5827 | rollout: 7.969s | update: 0.346s | total: 8.315s | samples/s: 7697
Iteration 0483 | train reward: 37.52 | best: 40.78 | KL: 7.303e-06 | std: 0.5826 | rollout: 9.303s | update: 0.283s | total: 9.586s | samples/s: 6676
Iteration 0484 | train reward: 33.12 | best: 40.78 | KL: 9.280e-06 | std: 0.5826 | rollout: 8.791s | update: 0.342s | total: 9.133s | samples/s: 7008
Iteration 0485 | train reward: 41.46 | best: 41.46 | KL: 9.943e-06 | std: 0.5826 | rollout: 9.354s | update: 0.304s | total: 9.659s | samples/s: 6626
Iteration 0486 | train reward: 40.19 | best: 41.46 | KL: 9.218e-06 | std: 0.5826 | rollout: 8.703s | update: 0.325s | total: 9.028s | samples/s: 7089
Iteration 0487 | train reward: 40.84 | best: 41.46 | KL: 9.694e-06 | std: 0.5815 | rollout: 8.848s | update: 0.284s | total: 9.132s | samples/s: 7008
Iteration 0488 | train reward: 34.13 | best: 41.46 | KL: 8.535e-06 | std: 0.5815 | rollout: 8.996s | update: 0.263s | total: 9.259s | samples/s: 6912
Iteration 0489 | train reward: 43.42 | best: 43.42 | KL: 7.967e-06 | std: 0.5815 | rollout: 7.450s | update: 0.252s | total: 7.702s | samples/s: 8309
Iteration 0490 | train reward: 40.72 | best: 43.42 | KL: 8.492e-06 | std: 0.5814 | rollout: 8.439s | update: 0.280s | total: 8.719s | samples/s: 7340
Iteration 0491 | train reward: 42.35 | best: 43.42 | KL: 9.221e-06 | std: 0.5814 | rollout: 8.720s | update: 0.279s | total: 8.999s | samples/s: 7112
Iteration 0492 | train reward: 41.51 | best: 43.42 | KL: 8.406e-06 | std: 0.5813 | rollout: 8.516s | update: 0.286s | total: 8.802s | samples/s: 7271
Iteration 0493 | train reward: 39.53 | best: 43.42 | KL: 7.606e-06 | std: 0.5813 | rollout: 8.800s | update: 0.425s | total: 9.224s | samples/s: 6938
Iteration 0494 | train reward: 41.15 | best: 43.42 | KL: 9.827e-06 | std: 0.5813 | rollout: 8.721s | update: 0.255s | total: 8.976s | samples/s: 7130
Iteration 0495 | train reward: 41.74 | best: 43.42 | KL: 1.283e-05 | std: 0.5813 | rollout: 7.960s | update: 0.306s | total: 8.266s | samples/s: 7743
Iteration 0496 | train reward: 47.64 | best: 47.64 | KL: 7.733e-06 | std: 0.5809 | rollout: 8.166s | update: 0.314s | total: 8.480s | samples/s: 7547
Iteration 0497 | train reward: 40.81 | best: 47.64 | KL: 9.755e-06 | std: 0.5809 | rollout: 9.376s | update: 0.273s | total: 9.650s | samples/s: 6632
Iteration 0498 | train reward: 45.04 | best: 47.64 | KL: 1.035e-05 | std: 0.5809 | rollout: 7.754s | update: 0.327s | total: 8.080s | samples/s: 7920
Iteration 0499 | train reward: 36.69 | best: 47.64 | KL: 9.628e-06 | std: 0.5809 | rollout: 9.532s | update: 0.342s | total: 9.874s | samples/s: 6482
Iteration 0500 | train reward: 43.68 | best: 47.64 | KL: 1.122e-05 | std: 0.5808 | rollout: 9.726s | update: 0.292s | total: 10.018s | samples/s: 6388
Iteration 0501 | train reward: 54.28 | best: 54.28 | KL: 7.599e-06 | std: 0.5808 | rollout: 7.644s | update: 0.261s | total: 7.905s | samples/s: 8096
Iteration 0502 | train reward: 50.00 | best: 54.28 | KL: 8.882e-06 | std: 0.5807 | rollout: 8.018s | update: 0.316s | total: 8.334s | samples/s: 7680
Iteration 0503 | train reward: 41.03 | best: 54.28 | KL: 1.071e-05 | std: 0.5807 | rollout: 8.281s | update: 0.283s | total: 8.564s | samples/s: 7473
Iteration 0504 | train reward: 49.13 | best: 54.28 | KL: 9.038e-06 | std: 0.5807 | rollout: 8.695s | update: 0.287s | total: 8.983s | samples/s: 7125
Iteration 0505 | train reward: 46.65 | best: 54.28 | KL: 1.267e-05 | std: 0.5807 | rollout: 9.150s | update: 0.329s | total: 9.479s | samples/s: 6752
Iteration 0506 | train reward: 48.31 | best: 54.28 | KL: 9.985e-06 | std: 0.5807 | rollout: 9.284s | update: 0.285s | total: 9.569s | samples/s: 6688
Iteration 0507 | train reward: 48.05 | best: 54.28 | KL: 1.114e-05 | std: 0.5807 | rollout: 9.688s | update: 0.320s | total: 10.008s | samples/s: 6395
Iteration 0508 | train reward: 53.85 | best: 54.28 | KL: 1.103e-05 | std: 0.5807 | rollout: 7.430s | update: 0.279s | total: 7.708s | samples/s: 8303
Iteration 0509 | train reward: 46.56 | best: 54.28 | KL: 8.193e-06 | std: 0.5806 | rollout: 8.501s | update: 0.285s | total: 8.786s | samples/s: 7284
Iteration 0510 | train reward: 51.12 | best: 54.28 | KL: 1.020e-05 | std: 0.5806 | rollout: 8.665s | update: 0.375s | total: 9.041s | samples/s: 7079
Iteration 0511 | train reward: 44.49 | best: 54.28 | KL: 8.249e-06 | std: 0.5806 | rollout: 7.751s | update: 0.300s | total: 8.051s | samples/s: 7949
Iteration 0512 | train reward: 51.43 | best: 54.28 | KL: 1.026e-05 | std: 0.5806 | rollout: 8.254s | update: 0.312s | total: 8.566s | samples/s: 7471
Iteration 0513 | train reward: 46.49 | best: 54.28 | KL: 9.809e-06 | std: 0.5805 | rollout: 7.967s | update: 0.258s | total: 8.224s | samples/s: 7782
Iteration 0514 | train reward: 48.14 | best: 54.28 | KL: 1.095e-05 | std: 0.5802 | rollout: 7.497s | update: 0.294s | total: 7.791s | samples/s: 8215
Iteration 0515 | train reward: 50.20 | best: 54.28 | KL: 1.243e-05 | std: 0.5801 | rollout: 8.159s | update: 0.272s | total: 8.432s | samples/s: 7591
Iteration 0516 | train reward: 49.30 | best: 54.28 | KL: 1.374e-05 | std: 0.5801 | rollout: 7.661s | update: 0.306s | total: 7.967s | samples/s: 8033
Iteration 0517 | train reward: 52.72 | best: 54.28 | KL: 1.198e-05 | std: 0.5801 | rollout: 9.638s | update: 0.323s | total: 9.960s | samples/s: 6425
Iteration 0518 | train reward: 50.10 | best: 54.28 | KL: 1.214e-05 | std: 0.5800 | rollout: 8.988s | update: 0.320s | total: 9.308s | samples/s: 6876
Iteration 0519 | train reward: 55.52 | best: 55.52 | KL: 1.128e-05 | std: 0.5800 | rollout: 9.831s | update: 0.312s | total: 10.143s | samples/s: 6310
Iteration 0520 | train reward: 53.58 | best: 55.52 | KL: 1.139e-05 | std: 0.5800 | rollout: 8.302s | update: 0.327s | total: 8.629s | samples/s: 7417
Iteration 0521 | train reward: 54.31 | best: 55.52 | KL: 8.205e-06 | std: 0.5800 | rollout: 8.649s | update: 0.257s | total: 8.905s | samples/s: 7187
Iteration 0522 | train reward: 60.01 | best: 60.01 | KL: 7.965e-06 | std: 0.5800 | rollout: 8.470s | update: 0.255s | total: 8.725s | samples/s: 7335
Iteration 0523 | train reward: 51.51 | best: 60.01 | KL: 1.230e-05 | std: 0.5789 | rollout: 7.929s | update: 0.336s | total: 8.264s | samples/s: 7744
Iteration 0524 | train reward: 54.18 | best: 60.01 | KL: 1.216e-05 | std: 0.5789 | rollout: 8.426s | update: 0.263s | total: 8.689s | samples/s: 7365
Iteration 0525 | train reward: 49.13 | best: 60.01 | KL: 8.853e-06 | std: 0.5788 | rollout: 7.290s | update: 0.267s | total: 7.557s | samples/s: 8469
Iteration 0526 | train reward: 53.92 | best: 60.01 | KL: 1.363e-05 | std: 0.5787 | rollout: 7.922s | update: 0.327s | total: 8.249s | samples/s: 7759
Iteration 0527 | train reward: 59.67 | best: 60.01 | KL: 1.059e-05 | std: 0.5787 | rollout: 7.903s | update: 0.270s | total: 8.172s | samples/s: 7831
Iteration 0528 | train reward: 59.45 | best: 60.01 | KL: 1.162e-05 | std: 0.5787 | rollout: 8.712s | update: 0.327s | total: 9.039s | samples/s: 7080
Iteration 0529 | train reward: 54.76 | best: 60.01 | KL: 1.028e-05 | std: 0.5787 | rollout: 7.804s | update: 0.271s | total: 8.075s | samples/s: 7926
Iteration 0530 | train reward: 59.23 | best: 60.01 | KL: 1.536e-05 | std: 0.5783 | rollout: 8.010s | update: 0.309s | total: 8.319s | samples/s: 7693
Iteration 0531 | train reward: 61.11 | best: 61.11 | KL: 1.285e-05 | std: 0.5783 | rollout: 7.958s | update: 0.314s | total: 8.272s | samples/s: 7737
Iteration 0532 | train reward: 56.42 | best: 61.11 | KL: 1.195e-05 | std: 0.5783 | rollout: 9.064s | update: 0.321s | total: 9.385s | samples/s: 6819
Iteration 0533 | train reward: 58.45 | best: 61.11 | KL: 1.265e-05 | std: 0.5783 | rollout: 7.465s | update: 0.294s | total: 7.759s | samples/s: 8249
Iteration 0534 | train reward: 58.02 | best: 61.11 | KL: 1.420e-05 | std: 0.5781 | rollout: 8.378s | update: 0.327s | total: 8.705s | samples/s: 7352
Iteration 0535 | train reward: 67.12 | best: 67.12 | KL: 1.254e-05 | std: 0.5781 | rollout: 8.743s | update: 0.328s | total: 9.071s | samples/s: 7056
Iteration 0536 | train reward: 62.39 | best: 67.12 | KL: 9.581e-06 | std: 0.5781 | rollout: 10.288s | update: 0.330s | total: 10.618s | samples/s: 6028
Iteration 0537 | train reward: 64.18 | best: 67.12 | KL: 1.134e-05 | std: 0.5780 | rollout: 8.542s | update: 0.270s | total: 8.812s | samples/s: 7263
Iteration 0538 | train reward: 63.79 | best: 67.12 | KL: 1.446e-05 | std: 0.5780 | rollout: 7.302s | update: 0.260s | total: 7.563s | samples/s: 8463
Iteration 0539 | train reward: 58.22 | best: 67.12 | KL: 1.321e-05 | std: 0.5779 | rollout: 7.941s | update: 0.261s | total: 8.202s | samples/s: 7803
Iteration 0540 | train reward: 63.42 | best: 67.12 | KL: 1.290e-05 | std: 0.5779 | rollout: 8.900s | update: 0.283s | total: 9.183s | samples/s: 6970
Iteration 0541 | train reward: 68.20 | best: 68.20 | KL: 8.883e-06 | std: 0.5779 | rollout: 9.243s | update: 0.256s | total: 9.499s | samples/s: 6738
Iteration 0542 | train reward: 72.09 | best: 72.09 | KL: 9.371e-06 | std: 0.5775 | rollout: 6.572s | update: 0.264s | total: 6.836s | samples/s: 9362
Iteration 0543 | train reward: 63.41 | best: 72.09 | KL: 1.524e-05 | std: 0.5775 | rollout: 7.911s | update: 0.328s | total: 8.239s | samples/s: 7768
Iteration 0544 | train reward: 61.30 | best: 72.09 | KL: 1.299e-05 | std: 0.5775 | rollout: 7.814s | update: 0.261s | total: 8.075s | samples/s: 7926
Iteration 0545 | train reward: 61.88 | best: 72.09 | KL: 1.560e-05 | std: 0.5775 | rollout: 6.864s | update: 0.260s | total: 7.125s | samples/s: 8983
Iteration 0546 | train reward: 64.60 | best: 72.09 | KL: 1.626e-05 | std: 0.5774 | rollout: 7.490s | update: 0.283s | total: 7.773s | samples/s: 8234
Iteration 0547 | train reward: 57.87 | best: 72.09 | KL: 1.611e-05 | std: 0.5774 | rollout: 7.670s | update: 0.299s | total: 7.969s | samples/s: 8031
Iteration 0548 | train reward: 65.70 | best: 72.09 | KL: 1.090e-05 | std: 0.5774 | rollout: 7.405s | update: 0.277s | total: 7.682s | samples/s: 8331
Iteration 0549 | train reward: 73.60 | best: 73.60 | KL: 9.985e-06 | std: 0.5774 | rollout: 8.681s | update: 0.335s | total: 9.016s | samples/s: 7098
Iteration 0550 | train reward: 68.96 | best: 73.60 | KL: 1.490e-05 | std: 0.5763 | rollout: 9.590s | update: 0.315s | total: 9.905s | samples/s: 6461
Iteration 0551 | train reward: 73.45 | best: 73.60 | KL: 8.027e-06 | std: 0.5763 | rollout: 8.658s | update: 0.267s | total: 8.925s | samples/s: 7171
Iteration 0552 | train reward: 66.69 | best: 73.60 | KL: 1.390e-05 | std: 0.5763 | rollout: 8.401s | update: 0.261s | total: 8.662s | samples/s: 7389
Iteration 0553 | train reward: 70.44 | best: 73.60 | KL: 1.283e-05 | std: 0.5763 | rollout: 8.185s | update: 0.382s | total: 8.568s | samples/s: 7470
Iteration 0554 | train reward: 64.01 | best: 73.60 | KL: 1.139e-05 | std: 0.5762 | rollout: 8.366s | update: 0.368s | total: 8.734s | samples/s: 7328
Iteration 0555 | train reward: 62.53 | best: 73.60 | KL: 1.205e-05 | std: 0.5761 | rollout: 8.759s | update: 0.343s | total: 9.102s | samples/s: 7031
Iteration 0556 | train reward: 68.45 | best: 73.60 | KL: 1.641e-05 | std: 0.5761 | rollout: 9.223s | update: 0.259s | total: 9.482s | samples/s: 6750
Iteration 0557 | train reward: 69.71 | best: 73.60 | KL: 9.997e-06 | std: 0.5761 | rollout: 7.963s | update: 0.318s | total: 8.281s | samples/s: 7728
Iteration 0558 | train reward: 68.56 | best: 73.60 | KL: 1.218e-05 | std: 0.5757 | rollout: 7.952s | update: 0.266s | total: 8.219s | samples/s: 7787
Iteration 0559 | train reward: 74.66 | best: 74.66 | KL: 1.094e-05 | std: 0.5761 | rollout: 8.625s | update: 0.314s | total: 8.939s | samples/s: 7160
Iteration 0560 | train reward: 75.21 | best: 75.21 | KL: 1.339e-05 | std: 0.5761 | rollout: 7.174s | update: 0.277s | total: 7.451s | samples/s: 8590
Iteration 0561 | train reward: 73.62 | best: 75.21 | KL: 1.629e-05 | std: 0.5757 | rollout: 8.508s | update: 0.322s | total: 8.830s | samples/s: 7248
Iteration 0562 | train reward: 70.07 | best: 75.21 | KL: 1.389e-05 | std: 0.5757 | rollout: 9.360s | update: 0.325s | total: 9.685s | samples/s: 6608
Iteration 0563 | train reward: 72.02 | best: 75.21 | KL: 1.677e-05 | std: 0.5757 | rollout: 8.216s | update: 0.268s | total: 8.484s | samples/s: 7544
Iteration 0564 | train reward: 76.01 | best: 76.01 | KL: 1.589e-05 | std: 0.5756 | rollout: 6.945s | update: 0.309s | total: 7.254s | samples/s: 8823
Iteration 0565 | train reward: 78.39 | best: 78.39 | KL: 2.221e-05 | std: 0.5755 | rollout: 9.650s | update: 0.290s | total: 9.940s | samples/s: 6439
Iteration 0566 | train reward: 71.80 | best: 78.39 | KL: 1.192e-05 | std: 0.5755 | rollout: 8.519s | update: 0.375s | total: 8.894s | samples/s: 7196
Iteration 0567 | train reward: 80.26 | best: 80.26 | KL: 1.165e-05 | std: 0.5755 | rollout: 8.819s | update: 0.324s | total: 9.143s | samples/s: 7000
Iteration 0568 | train reward: 74.98 | best: 80.26 | KL: 1.483e-05 | std: 0.5755 | rollout: 8.060s | update: 0.308s | total: 8.368s | samples/s: 7648
Iteration 0569 | train reward: 77.74 | best: 80.26 | KL: 1.564e-05 | std: 0.5755 | rollout: 7.527s | update: 0.271s | total: 7.798s | samples/s: 8208
Iteration 0570 | train reward: 81.28 | best: 81.28 | KL: 1.036e-05 | std: 0.5754 | rollout: 7.322s | update: 0.304s | total: 7.626s | samples/s: 8393
Iteration 0571 | train reward: 84.73 | best: 84.73 | KL: 1.899e-05 | std: 0.5754 | rollout: 8.443s | update: 0.306s | total: 8.748s | samples/s: 7316
Iteration 0572 | train reward: 76.82 | best: 84.73 | KL: 1.321e-05 | std: 0.5754 | rollout: 8.323s | update: 0.272s | total: 8.595s | samples/s: 7446
Iteration 0573 | train reward: 76.97 | best: 84.73 | KL: 1.376e-05 | std: 0.5754 | rollout: 7.583s | update: 0.354s | total: 7.937s | samples/s: 8063
Iteration 0574 | train reward: 83.61 | best: 84.73 | KL: 1.247e-05 | std: 0.5754 | rollout: 8.484s | update: 0.271s | total: 8.755s | samples/s: 7310
Iteration 0575 | train reward: 77.99 | best: 84.73 | KL: 1.534e-05 | std: 0.5754 | rollout: 6.882s | update: 0.324s | total: 7.206s | samples/s: 8882
Iteration 0576 | train reward: 84.17 | best: 84.73 | KL: 1.432e-05 | std: 0.5753 | rollout: 8.432s | update: 0.338s | total: 8.769s | samples/s: 7298
Iteration 0577 | train reward: 79.43 | best: 84.73 | KL: 1.466e-05 | std: 0.5753 | rollout: 8.700s | update: 0.259s | total: 8.959s | samples/s: 7144
Iteration 0578 | train reward: 81.90 | best: 84.73 | KL: 1.504e-05 | std: 0.5749 | rollout: 6.285s | update: 0.290s | total: 6.574s | samples/s: 9735
Iteration 0579 | train reward: 83.02 | best: 84.73 | KL: 1.581e-05 | std: 0.5749 | rollout: 8.455s | update: 0.362s | total: 8.817s | samples/s: 7258
Iteration 0580 | train reward: 81.41 | best: 84.73 | KL: 1.342e-05 | std: 0.5749 | rollout: 9.579s | update: 0.327s | total: 9.905s | samples/s: 6461
Iteration 0581 | train reward: 84.74 | best: 84.74 | KL: 1.900e-05 | std: 0.5749 | rollout: 7.488s | update: 0.291s | total: 7.779s | samples/s: 8227
Iteration 0582 | train reward: 80.35 | best: 84.74 | KL: 2.094e-05 | std: 0.5748 | rollout: 6.675s | update: 0.271s | total: 6.946s | samples/s: 9214
Iteration 0583 | train reward: 85.98 | best: 85.98 | KL: 1.381e-05 | std: 0.5748 | rollout: 7.041s | update: 0.290s | total: 7.331s | samples/s: 8730
Iteration 0584 | train reward: 81.31 | best: 85.98 | KL: 1.480e-05 | std: 0.5747 | rollout: 7.422s | update: 0.311s | total: 7.733s | samples/s: 8276
Iteration 0585 | train reward: 88.58 | best: 88.58 | KL: 1.411e-05 | std: 0.5737 | rollout: 8.051s | update: 0.335s | total: 8.385s | samples/s: 7632
Iteration 0586 | train reward: 85.60 | best: 88.58 | KL: 1.255e-05 | std: 0.5737 | rollout: 7.844s | update: 0.274s | total: 8.118s | samples/s: 7884
Iteration 0587 | train reward: 89.27 | best: 89.27 | KL: 1.435e-05 | std: 0.5736 | rollout: 8.561s | update: 0.256s | total: 8.816s | samples/s: 7259
Iteration 0588 | train reward: 91.64 | best: 91.64 | KL: 1.638e-05 | std: 0.5736 | rollout: 7.018s | update: 0.337s | total: 7.355s | samples/s: 8701
Iteration 0589 | train reward: 85.33 | best: 91.64 | KL: 1.765e-05 | std: 0.5736 | rollout: 8.845s | update: 0.298s | total: 9.143s | samples/s: 7000
Iteration 0590 | train reward: 82.25 | best: 91.64 | KL: 1.681e-05 | std: 0.5735 | rollout: 8.805s | update: 0.314s | total: 9.119s | samples/s: 7018
Iteration 0591 | train reward: 87.57 | best: 91.64 | KL: 1.479e-05 | std: 0.5735 | rollout: 8.404s | update: 0.310s | total: 8.713s | samples/s: 7345
Iteration 0592 | train reward: 75.29 | best: 91.64 | KL: 2.130e-05 | std: 0.5731 | rollout: 8.309s | update: 0.270s | total: 8.579s | samples/s: 7460
Iteration 0593 | train reward: 94.37 | best: 94.37 | KL: 2.256e-05 | std: 0.5731 | rollout: 8.875s | update: 0.310s | total: 9.185s | samples/s: 6968
Iteration 0594 | train reward: 87.81 | best: 94.37 | KL: 1.337e-05 | std: 0.5731 | rollout: 9.130s | update: 0.308s | total: 9.438s | samples/s: 6781
Iteration 0595 | train reward: 89.03 | best: 94.37 | KL: 1.302e-05 | std: 0.5731 | rollout: 8.269s | update: 0.385s | total: 8.654s | samples/s: 7396
Iteration 0596 | train reward: 84.46 | best: 94.37 | KL: 1.789e-05 | std: 0.5731 | rollout: 9.608s | update: 0.327s | total: 9.936s | samples/s: 6441
Iteration 0597 | train reward: 92.11 | best: 94.37 | KL: 1.479e-05 | std: 0.5730 | rollout: 8.038s | update: 0.253s | total: 8.291s | samples/s: 7720
Iteration 0598 | train reward: 89.02 | best: 94.37 | KL: 1.803e-05 | std: 0.5730 | rollout: 8.551s | update: 0.317s | total: 8.868s | samples/s: 7217
Iteration 0599 | train reward: 89.49 | best: 94.37 | KL: 1.627e-05 | std: 0.5729 | rollout: 8.415s | update: 0.301s | total: 8.716s | samples/s: 7343
Iteration 0600 | train reward: 96.31 | best: 96.31 | KL: 1.419e-05 | std: 0.5729 | rollout: 7.605s | update: 0.333s | total: 7.938s | samples/s: 8062
Iteration 0601 | train reward: 95.73 | best: 96.31 | KL: 1.646e-05 | std: 0.5729 | rollout: 7.551s | update: 0.307s | total: 7.858s | samples/s: 8145
Iteration 0602 | train reward: 92.15 | best: 96.31 | KL: 1.450e-05 | std: 0.5729 | rollout: 6.902s | update: 0.318s | total: 7.220s | samples/s: 8865
Iteration 0603 | train reward: 94.40 | best: 96.31 | KL: 1.564e-05 | std: 0.5729 | rollout: 7.668s | update: 0.328s | total: 7.995s | samples/s: 8005
Iteration 0604 | train reward: 96.56 | best: 96.56 | KL: 1.550e-05 | std: 0.5729 | rollout: 8.539s | update: 0.332s | total: 8.872s | samples/s: 7214
Iteration 0605 | train reward: 96.09 | best: 96.56 | KL: 1.730e-05 | std: 0.5728 | rollout: 8.689s | update: 0.359s | total: 9.048s | samples/s: 7074
Iteration 0606 | train reward: 95.17 | best: 96.56 | KL: 1.297e-05 | std: 0.5728 | rollout: 8.247s | update: 0.326s | total: 8.573s | samples/s: 7465
Iteration 0607 | train reward: 90.42 | best: 96.56 | KL: 1.709e-05 | std: 0.5727 | rollout: 9.377s | update: 0.354s | total: 9.731s | samples/s: 6577
Iteration 0608 | train reward: 99.16 | best: 99.16 | KL: 1.284e-05 | std: 0.5727 | rollout: 7.601s | update: 0.261s | total: 7.862s | samples/s: 8141
Iteration 0609 | train reward: 103.26 | best: 103.26 | KL: 1.119e-05 | std: 0.5727 | rollout: 9.149s | update: 0.257s | total: 9.406s | samples/s: 6804
Iteration 0610 | train reward: 96.10 | best: 103.26 | KL: 2.195e-05 | std: 0.5723 | rollout: 9.260s | update: 0.288s | total: 9.548s | samples/s: 6703
Iteration 0611 | train reward: 93.02 | best: 103.26 | KL: 1.570e-05 | std: 0.5722 | rollout: 8.467s | update: 0.286s | total: 8.752s | samples/s: 7312
Iteration 0612 | train reward: 91.77 | best: 103.26 | KL: 1.388e-05 | std: 0.5723 | rollout: 9.289s | update: 0.288s | total: 9.577s | samples/s: 6683
Iteration 0613 | train reward: 94.78 | best: 103.26 | KL: 1.407e-05 | std: 0.5723 | rollout: 7.427s | update: 0.337s | total: 7.765s | samples/s: 8242
Iteration 0614 | train reward: 97.00 | best: 103.26 | KL: 1.435e-05 | std: 0.5722 | rollout: 7.292s | update: 0.327s | total: 7.618s | samples/s: 8401
Iteration 0615 | train reward: 93.47 | best: 103.26 | KL: 1.483e-05 | std: 0.5722 | rollout: 8.163s | update: 0.263s | total: 8.425s | samples/s: 7596
Iteration 0616 | train reward: 96.29 | best: 103.26 | KL: 1.972e-05 | std: 0.5722 | rollout: 8.668s | update: 0.282s | total: 8.950s | samples/s: 7151
Iteration 0617 | train reward: 101.61 | best: 103.26 | KL: 1.958e-05 | std: 0.5721 | rollout: 7.496s | update: 0.259s | total: 7.756s | samples/s: 8252
Iteration 0618 | train reward: 94.25 | best: 103.26 | KL: 1.560e-05 | std: 0.5711 | rollout: 7.909s | update: 0.291s | total: 8.200s | samples/s: 7805
Iteration 0619 | train reward: 106.48 | best: 106.48 | KL: 1.477e-05 | std: 0.5711 | rollout: 8.456s | update: 0.351s | total: 8.807s | samples/s: 7267
Iteration 0620 | train reward: 103.48 | best: 106.48 | KL: 1.644e-05 | std: 0.5711 | rollout: 7.209s | update: 0.269s | total: 7.478s | samples/s: 8559
Iteration 0621 | train reward: 106.72 | best: 106.72 | KL: 1.773e-05 | std: 0.5711 | rollout: 6.165s | update: 0.346s | total: 6.511s | samples/s: 9830
Iteration 0622 | train reward: 106.76 | best: 106.76 | KL: 1.356e-05 | std: 0.5710 | rollout: 5.938s | update: 0.282s | total: 6.221s | samples/s: 10288
Iteration 0623 | train reward: 105.23 | best: 106.76 | KL: 1.472e-05 | std: 0.5709 | rollout: 7.587s | update: 0.325s | total: 7.912s | samples/s: 8089
Iteration 0624 | train reward: 109.20 | best: 109.20 | KL: 1.384e-05 | std: 0.5705 | rollout: 8.391s | update: 0.283s | total: 8.674s | samples/s: 7379
Iteration 0625 | train reward: 104.23 | best: 109.20 | KL: 1.874e-05 | std: 0.5705 | rollout: 9.906s | update: 0.328s | total: 10.234s | samples/s: 6254
Iteration 0626 | train reward: 105.38 | best: 109.20 | KL: 1.404e-05 | std: 0.5705 | rollout: 8.120s | update: 0.322s | total: 8.442s | samples/s: 7581
Iteration 0627 | train reward: 113.33 | best: 113.33 | KL: 1.690e-05 | std: 0.5705 | rollout: 8.031s | update: 0.253s | total: 8.284s | samples/s: 7726
Iteration 0628 | train reward: 109.80 | best: 113.33 | KL: 1.520e-05 | std: 0.5705 | rollout: 9.041s | update: 0.306s | total: 9.347s | samples/s: 6847
Iteration 0629 | train reward: 107.76 | best: 113.33 | KL: 1.655e-05 | std: 0.5705 | rollout: 8.681s | update: 0.306s | total: 8.987s | samples/s: 7122
Iteration 0630 | train reward: 108.94 | best: 113.33 | KL: 2.079e-05 | std: 0.5704 | rollout: 6.646s | update: 0.272s | total: 6.918s | samples/s: 9251
Iteration 0631 | train reward: 106.94 | best: 113.33 | KL: 1.269e-05 | std: 0.5704 | rollout: 9.044s | update: 0.259s | total: 9.303s | samples/s: 6879
Iteration 0632 | train reward: 101.08 | best: 113.33 | KL: 2.018e-05 | std: 0.5703 | rollout: 7.547s | update: 0.293s | total: 7.840s | samples/s: 8163
Iteration 0633 | train reward: 112.91 | best: 113.33 | KL: 1.802e-05 | std: 0.5703 | rollout: 8.457s | update: 0.260s | total: 8.718s | samples/s: 7341
Iteration 0634 | train reward: 107.65 | best: 113.33 | KL: 2.756e-05 | std: 0.5703 | rollout: 8.927s | update: 0.324s | total: 9.251s | samples/s: 6918
Iteration 0635 | train reward: 123.73 | best: 123.73 | KL: 1.470e-05 | std: 0.5703 | rollout: 7.903s | update: 0.321s | total: 8.224s | samples/s: 7782
Iteration 0636 | train reward: 108.43 | best: 123.73 | KL: 1.815e-05 | std: 0.5703 | rollout: 7.585s | update: 0.262s | total: 7.848s | samples/s: 8155
Iteration 0637 | train reward: 120.46 | best: 123.73 | KL: 1.680e-05 | std: 0.5703 | rollout: 8.646s | update: 0.273s | total: 8.919s | samples/s: 7175
Iteration 0638 | train reward: 113.88 | best: 123.73 | KL: 1.826e-05 | std: 0.5701 | rollout: 8.666s | update: 0.298s | total: 8.964s | samples/s: 7140
Iteration 0639 | train reward: 107.41 | best: 123.73 | KL: 2.138e-05 | std: 0.5701 | rollout: 7.102s | update: 0.259s | total: 7.361s | samples/s: 8695
Iteration 0640 | train reward: 107.16 | best: 123.73 | KL: 2.321e-05 | std: 0.5697 | rollout: 7.534s | update: 0.368s | total: 7.902s | samples/s: 8099
Iteration 0641 | train reward: 120.74 | best: 123.73 | KL: 1.426e-05 | std: 0.5696 | rollout: 9.309s | update: 0.299s | total: 9.608s | samples/s: 6661
Iteration 0642 | train reward: 116.56 | best: 123.73 | KL: 1.414e-05 | std: 0.5696 | rollout: 8.889s | update: 0.255s | total: 9.143s | samples/s: 7000
Iteration 0643 | train reward: 119.19 | best: 123.73 | KL: 1.860e-05 | std: 0.5695 | rollout: 7.206s | update: 0.280s | total: 7.486s | samples/s: 8549
Iteration 0644 | train reward: 123.30 | best: 123.73 | KL: 1.562e-05 | std: 0.5695 | rollout: 8.318s | update: 0.252s | total: 8.570s | samples/s: 7468
Iteration 0645 | train reward: 112.02 | best: 123.73 | KL: 1.664e-05 | std: 0.5685 | rollout: 7.033s | update: 0.274s | total: 7.307s | samples/s: 8758
Iteration 0646 | train reward: 119.24 | best: 123.73 | KL: 2.662e-05 | std: 0.5685 | rollout: 6.114s | update: 0.288s | total: 6.401s | samples/s: 9998
Iteration 0647 | train reward: 117.12 | best: 123.73 | KL: 2.143e-05 | std: 0.5685 | rollout: 7.942s | update: 0.357s | total: 8.299s | samples/s: 7712
Iteration 0648 | train reward: 118.89 | best: 123.73 | KL: 2.750e-05 | std: 0.5683 | rollout: 7.948s | update: 0.292s | total: 8.241s | samples/s: 7766
Iteration 0649 | train reward: 115.80 | best: 123.73 | KL: 2.254e-05 | std: 0.5683 | rollout: 8.755s | update: 0.266s | total: 9.021s | samples/s: 7095
Iteration 0650 | train reward: 110.99 | best: 123.73 | KL: 1.808e-05 | std: 0.5679 | rollout: 7.387s | update: 0.286s | total: 7.673s | samples/s: 8341
Iteration 0651 | train reward: 116.44 | best: 123.73 | KL: 1.591e-05 | std: 0.5679 | rollout: 7.637s | update: 0.367s | total: 8.003s | samples/s: 7997
Iteration 0652 | train reward: 127.49 | best: 127.49 | KL: 1.885e-05 | std: 0.5677 | rollout: 7.830s | update: 0.329s | total: 8.159s | samples/s: 7844
Iteration 0653 | train reward: 112.78 | best: 127.49 | KL: 1.944e-05 | std: 0.5677 | rollout: 8.079s | update: 0.280s | total: 8.359s | samples/s: 7656
Iteration 0654 | train reward: 126.55 | best: 127.49 | KL: 1.892e-05 | std: 0.5677 | rollout: 7.403s | update: 0.306s | total: 7.709s | samples/s: 8302
Iteration 0655 | train reward: 124.29 | best: 127.49 | KL: 1.778e-05 | std: 0.5677 | rollout: 7.476s | update: 0.288s | total: 7.764s | samples/s: 8243
Iteration 0656 | train reward: 123.57 | best: 127.49 | KL: 2.037e-05 | std: 0.5677 | rollout: 8.957s | update: 0.262s | total: 9.219s | samples/s: 6942
Iteration 0657 | train reward: 135.25 | best: 135.25 | KL: 2.521e-05 | std: 0.5675 | rollout: 8.114s | update: 0.295s | total: 8.409s | samples/s: 7611
Iteration 0658 | train reward: 125.60 | best: 135.25 | KL: 2.463e-05 | std: 0.5675 | rollout: 8.852s | update: 0.254s | total: 9.106s | samples/s: 7028
Iteration 0659 | train reward: 118.61 | best: 135.25 | KL: 2.016e-05 | std: 0.5671 | rollout: 7.704s | update: 0.284s | total: 7.988s | samples/s: 8012
Iteration 0660 | train reward: 119.54 | best: 135.25 | KL: 1.911e-05 | std: 0.5670 | rollout: 7.008s | update: 0.256s | total: 7.264s | samples/s: 8810
Iteration 0661 | train reward: 121.26 | best: 135.25 | KL: 1.981e-05 | std: 0.5670 | rollout: 7.944s | update: 0.317s | total: 8.262s | samples/s: 7747
Iteration 0662 | train reward: 128.60 | best: 135.25 | KL: 3.157e-05 | std: 0.5670 | rollout: 6.563s | update: 0.251s | total: 6.814s | samples/s: 9392
Iteration 0663 | train reward: 134.84 | best: 135.25 | KL: 1.712e-05 | std: 0.5669 | rollout: 7.596s | update: 0.254s | total: 7.850s | samples/s: 8153
Iteration 0664 | train reward: 132.05 | best: 135.25 | KL: 1.955e-05 | std: 0.5659 | rollout: 6.581s | update: 0.303s | total: 6.884s | samples/s: 9297
Iteration 0665 | train reward: 130.03 | best: 135.25 | KL: 2.167e-05 | std: 0.5659 | rollout: 9.927s | update: 0.273s | total: 10.201s | samples/s: 6274
Iteration 0666 | train reward: 117.35 | best: 135.25 | KL: 2.594e-05 | std: 0.5658 | rollout: 8.191s | update: 0.275s | total: 8.466s | samples/s: 7560
Iteration 0667 | train reward: 124.91 | best: 135.25 | KL: 1.957e-05 | std: 0.5658 | rollout: 8.076s | update: 0.307s | total: 8.383s | samples/s: 7635
Iteration 0668 | train reward: 132.68 | best: 135.25 | KL: 2.070e-05 | std: 0.5658 | rollout: 8.083s | update: 0.259s | total: 8.342s | samples/s: 7672
Iteration 0669 | train reward: 139.42 | best: 139.42 | KL: 2.011e-05 | std: 0.5657 | rollout: 9.748s | update: 0.295s | total: 10.043s | samples/s: 6373
Iteration 0670 | train reward: 127.96 | best: 139.42 | KL: 1.853e-05 | std: 0.5657 | rollout: 8.962s | update: 0.304s | total: 9.267s | samples/s: 6906
Iteration 0671 | train reward: 135.82 | best: 139.42 | KL: 2.965e-05 | std: 0.5657 | rollout: 7.602s | update: 0.301s | total: 7.903s | samples/s: 8098
Iteration 0672 | train reward: 130.24 | best: 139.42 | KL: 2.353e-05 | std: 0.5657 | rollout: 8.180s | update: 0.331s | total: 8.510s | samples/s: 7520
Iteration 0673 | train reward: 130.49 | best: 139.42 | KL: 2.694e-05 | std: 0.5657 | rollout: 8.138s | update: 0.265s | total: 8.403s | samples/s: 7616
Iteration 0674 | train reward: 130.89 | best: 139.42 | KL: 1.927e-05 | std: 0.5653 | rollout: 8.429s | update: 0.329s | total: 8.758s | samples/s: 7308
Iteration 0675 | train reward: 129.36 | best: 139.42 | KL: 2.238e-05 | std: 0.5652 | rollout: 8.594s | update: 0.271s | total: 8.866s | samples/s: 7219
Iteration 0676 | train reward: 133.94 | best: 139.42 | KL: 1.703e-05 | std: 0.5653 | rollout: 9.872s | update: 0.281s | total: 10.154s | samples/s: 6303
Iteration 0677 | train reward: 127.58 | best: 139.42 | KL: 2.880e-05 | std: 0.5652 | rollout: 8.561s | update: 0.284s | total: 8.844s | samples/s: 7236
Iteration 0678 | train reward: 142.89 | best: 142.89 | KL: 1.703e-05 | std: 0.5651 | rollout: 7.798s | update: 0.311s | total: 8.109s | samples/s: 7893
Iteration 0679 | train reward: 130.45 | best: 142.89 | KL: 2.321e-05 | std: 0.5651 | rollout: 8.070s | update: 0.352s | total: 8.422s | samples/s: 7599
Iteration 0680 | train reward: 137.59 | best: 142.89 | KL: 1.508e-05 | std: 0.5651 | rollout: 7.278s | update: 0.294s | total: 7.572s | samples/s: 8453
Iteration 0681 | train reward: 138.99 | best: 142.89 | KL: 2.688e-05 | std: 0.5651 | rollout: 8.558s | update: 0.282s | total: 8.840s | samples/s: 7240
Iteration 0682 | train reward: 121.97 | best: 142.89 | KL: 2.579e-05 | std: 0.5651 | rollout: 8.238s | update: 0.271s | total: 8.508s | samples/s: 7522
Iteration 0683 | train reward: 147.57 | best: 147.57 | KL: 2.244e-05 | std: 0.5651 | rollout: 8.934s | update: 0.331s | total: 9.265s | samples/s: 6908
Iteration 0684 | train reward: 128.59 | best: 147.57 | KL: 3.205e-05 | std: 0.5649 | rollout: 8.872s | update: 0.285s | total: 9.157s | samples/s: 6989
Iteration 0685 | train reward: 136.66 | best: 147.57 | KL: 2.029e-05 | std: 0.5649 | rollout: 9.998s | update: 0.302s | total: 10.300s | samples/s: 6214
Iteration 0686 | train reward: 132.46 | best: 147.57 | KL: 2.337e-05 | std: 0.5645 | rollout: 8.781s | update: 0.252s | total: 9.033s | samples/s: 7085
Iteration 0687 | train reward: 144.73 | best: 147.57 | KL: 1.886e-05 | std: 0.5645 | rollout: 9.209s | update: 0.298s | total: 9.508s | samples/s: 6731
Iteration 0688 | train reward: 139.62 | best: 147.57 | KL: 2.391e-05 | std: 0.5645 | rollout: 9.535s | update: 0.275s | total: 9.810s | samples/s: 6524
Iteration 0689 | train reward: 132.28 | best: 147.57 | KL: 2.488e-05 | std: 0.5645 | rollout: 7.903s | update: 0.326s | total: 8.229s | samples/s: 7777
Iteration 0690 | train reward: 145.67 | best: 147.57 | KL: 2.686e-05 | std: 0.5644 | rollout: 9.001s | update: 0.313s | total: 9.314s | samples/s: 6871
Iteration 0691 | train reward: 136.90 | best: 147.57 | KL: 2.360e-05 | std: 0.5633 | rollout: 8.060s | update: 0.252s | total: 8.311s | samples/s: 7700
Iteration 0692 | train reward: 145.58 | best: 147.57 | KL: 2.234e-05 | std: 0.5632 | rollout: 8.665s | update: 0.310s | total: 8.976s | samples/s: 7130
Iteration 0693 | train reward: 143.66 | best: 147.57 | KL: 2.400e-05 | std: 0.5632 | rollout: 7.936s | update: 0.253s | total: 8.189s | samples/s: 7815
Iteration 0694 | train reward: 142.20 | best: 147.57 | KL: 2.420e-05 | std: 0.5631 | rollout: 8.686s | update: 0.357s | total: 9.043s | samples/s: 7077
Iteration 0695 | train reward: 144.75 | best: 147.57 | KL: 2.420e-05 | std: 0.5631 | rollout: 8.181s | update: 0.299s | total: 8.479s | samples/s: 7548
Iteration 0696 | train reward: 139.97 | best: 147.57 | KL: 2.459e-05 | std: 0.5631 | rollout: 8.438s | update: 0.353s | total: 8.790s | samples/s: 7281
Iteration 0697 | train reward: 138.12 | best: 147.57 | KL: 2.332e-05 | std: 0.5631 | rollout: 7.745s | update: 0.277s | total: 8.022s | samples/s: 7978
Iteration 0698 | train reward: 138.37 | best: 147.57 | KL: 2.064e-05 | std: 0.5631 | rollout: 8.594s | update: 0.282s | total: 8.875s | samples/s: 7211
Iteration 0699 | train reward: 138.42 | best: 147.57 | KL: 2.384e-05 | std: 0.5631 | rollout: 8.326s | update: 0.347s | total: 8.673s | samples/s: 7379
Iteration 0700 | train reward: 138.46 | best: 147.57 | KL: 2.567e-05 | std: 0.5627 | rollout: 8.077s | update: 0.255s | total: 8.332s | samples/s: 7681
Iteration 0701 | train reward: 145.11 | best: 147.57 | KL: 2.771e-05 | std: 0.5625 | rollout: 7.221s | update: 0.258s | total: 7.480s | samples/s: 8557
Iteration 0702 | train reward: 161.28 | best: 161.28 | KL: 1.472e-05 | std: 0.5625 | rollout: 8.974s | update: 0.333s | total: 9.307s | samples/s: 6876
Iteration 0703 | train reward: 146.07 | best: 161.28 | KL: 3.004e-05 | std: 0.5625 | rollout: 8.214s | update: 0.310s | total: 8.524s | samples/s: 7509
Iteration 0704 | train reward: 148.35 | best: 161.28 | KL: 2.692e-05 | std: 0.5625 | rollout: 8.530s | update: 0.260s | total: 8.790s | samples/s: 7281
Iteration 0705 | train reward: 148.41 | best: 161.28 | KL: 3.240e-05 | std: 0.5625 | rollout: 7.896s | update: 0.336s | total: 8.232s | samples/s: 7774
Iteration 0706 | train reward: 149.24 | best: 161.28 | KL: 1.913e-05 | std: 0.5625 | rollout: 9.092s | update: 0.260s | total: 9.352s | samples/s: 6844
Iteration 0707 | train reward: 152.52 | best: 161.28 | KL: 2.054e-05 | std: 0.5625 | rollout: 8.012s | update: 0.259s | total: 8.271s | samples/s: 7738
Iteration 0708 | train reward: 146.22 | best: 161.28 | KL: 3.085e-05 | std: 0.5624 | rollout: 8.721s | update: 0.308s | total: 9.029s | samples/s: 7089
Iteration 0709 | train reward: 151.20 | best: 161.28 | KL: 2.267e-05 | std: 0.5623 | rollout: 8.215s | update: 0.371s | total: 8.586s | samples/s: 7454
Iteration 0710 | train reward: 147.67 | best: 161.28 | KL: 2.559e-05 | std: 0.5623 | rollout: 8.264s | update: 0.272s | total: 8.536s | samples/s: 7497
Iteration 0711 | train reward: 141.27 | best: 161.28 | KL: 3.442e-05 | std: 0.5619 | rollout: 9.261s | update: 0.300s | total: 9.561s | samples/s: 6694
Iteration 0712 | train reward: 143.72 | best: 161.28 | KL: 3.488e-05 | std: 0.5619 | rollout: 8.810s | update: 0.325s | total: 9.135s | samples/s: 7006
Iteration 0713 | train reward: 147.36 | best: 161.28 | KL: 2.789e-05 | std: 0.5619 | rollout: 8.779s | update: 0.274s | total: 9.053s | samples/s: 7069
Iteration 0714 | train reward: 142.57 | best: 161.28 | KL: 2.524e-05 | std: 0.5619 | rollout: 8.864s | update: 0.267s | total: 9.132s | samples/s: 7009
Iteration 0715 | train reward: 151.96 | best: 161.28 | KL: 2.465e-05 | std: 0.5619 | rollout: 8.800s | update: 0.255s | total: 9.055s | samples/s: 7068
Iteration 0716 | train reward: 162.04 | best: 162.04 | KL: 2.564e-05 | std: 0.5618 | rollout: 7.638s | update: 0.296s | total: 7.933s | samples/s: 8067
Iteration 0717 | train reward: 155.23 | best: 162.04 | KL: 3.211e-05 | std: 0.5617 | rollout: 8.898s | update: 0.325s | total: 9.223s | samples/s: 6939
Iteration 0718 | train reward: 155.94 | best: 162.04 | KL: 2.449e-05 | std: 0.5607 | rollout: 8.429s | update: 0.275s | total: 8.704s | samples/s: 7353
Iteration 0719 | train reward: 154.06 | best: 162.04 | KL: 3.062e-05 | std: 0.5606 | rollout: 7.459s | update: 0.286s | total: 7.745s | samples/s: 8263
Iteration 0720 | train reward: 159.45 | best: 162.04 | KL: 1.823e-05 | std: 0.5605 | rollout: 8.016s | update: 0.259s | total: 8.275s | samples/s: 7734
Iteration 0721 | train reward: 167.07 | best: 167.07 | KL: 2.331e-05 | std: 0.5601 | rollout: 6.596s | update: 0.256s | total: 6.852s | samples/s: 9341
Iteration 0722 | train reward: 158.49 | best: 167.07 | KL: 4.425e-05 | std: 0.5601 | rollout: 9.444s | update: 0.270s | total: 9.715s | samples/s: 6588
Iteration 0723 | train reward: 163.06 | best: 167.07 | KL: 1.889e-05 | std: 0.5600 | rollout: 7.951s | update: 0.283s | total: 8.234s | samples/s: 7772
Iteration 0724 | train reward: 165.53 | best: 167.07 | KL: 2.745e-05 | std: 0.5600 | rollout: 8.180s | update: 0.290s | total: 8.470s | samples/s: 7556
Iteration 0725 | train reward: 161.59 | best: 167.07 | KL: 2.940e-05 | std: 0.5599 | rollout: 7.779s | update: 0.297s | total: 8.076s | samples/s: 7924
Iteration 0726 | train reward: 152.93 | best: 167.07 | KL: 3.100e-05 | std: 0.5599 | rollout: 8.432s | update: 0.283s | total: 8.714s | samples/s: 7344
Iteration 0727 | train reward: 160.67 | best: 167.07 | KL: 2.449e-05 | std: 0.5599 | rollout: 7.450s | update: 0.256s | total: 7.706s | samples/s: 8305
Iteration 0728 | train reward: 154.71 | best: 167.07 | KL: 2.464e-05 | std: 0.5599 | rollout: 9.716s | update: 0.260s | total: 9.976s | samples/s: 6416
Iteration 0729 | train reward: 169.23 | best: 169.23 | KL: 2.587e-05 | std: 0.5599 | rollout: 8.282s | update: 0.298s | total: 8.580s | samples/s: 7459
Iteration 0730 | train reward: 166.04 | best: 169.23 | KL: 3.423e-05 | std: 0.5599 | rollout: 8.838s | update: 0.306s | total: 9.144s | samples/s: 6999
Iteration 0731 | train reward: 168.15 | best: 169.23 | KL: 2.967e-05 | std: 0.5598 | rollout: 7.779s | update: 0.258s | total: 8.037s | samples/s: 7963
Iteration 0732 | train reward: 163.47 | best: 169.23 | KL: 2.468e-05 | std: 0.5597 | rollout: 8.269s | update: 0.273s | total: 8.543s | samples/s: 7492
Iteration 0733 | train reward: 167.54 | best: 169.23 | KL: 2.860e-05 | std: 0.5597 | rollout: 9.074s | update: 0.298s | total: 9.372s | samples/s: 6829
Iteration 0734 | train reward: 166.39 | best: 169.23 | KL: 2.393e-05 | std: 0.5593 | rollout: 8.519s | update: 0.295s | total: 8.814s | samples/s: 7261
Iteration 0735 | train reward: 164.91 | best: 169.23 | KL: 2.634e-05 | std: 0.5593 | rollout: 9.072s | update: 0.302s | total: 9.374s | samples/s: 6828
Iteration 0736 | train reward: 181.28 | best: 181.28 | KL: 2.181e-05 | std: 0.5593 | rollout: 7.566s | update: 0.293s | total: 7.859s | samples/s: 8143
Iteration 0737 | train reward: 176.59 | best: 181.28 | KL: 2.030e-05 | std: 0.5593 | rollout: 8.834s | update: 0.337s | total: 9.170s | samples/s: 6979
Iteration 0738 | train reward: 167.37 | best: 181.28 | KL: 3.829e-05 | std: 0.5593 | rollout: 8.432s | update: 0.341s | total: 8.773s | samples/s: 7295
Iteration 0739 | train reward: 177.73 | best: 181.28 | KL: 2.150e-05 | std: 0.5591 | rollout: 9.475s | update: 0.298s | total: 9.774s | samples/s: 6548
Iteration 0740 | train reward: 180.26 | best: 181.28 | KL: 2.509e-05 | std: 0.5591 | rollout: 8.262s | update: 0.255s | total: 8.518s | samples/s: 7514
Iteration 0741 | train reward: 180.50 | best: 181.28 | KL: 2.350e-05 | std: 0.5591 | rollout: 7.679s | update: 0.306s | total: 7.986s | samples/s: 8014
Iteration 0742 | train reward: 162.34 | best: 181.28 | KL: 3.785e-05 | std: 0.5591 | rollout: 8.980s | update: 0.290s | total: 9.269s | samples/s: 6905
Iteration 0743 | train reward: 178.95 | best: 181.28 | KL: 2.565e-05 | std: 0.5591 | rollout: 8.191s | update: 0.281s | total: 8.472s | samples/s: 7554
Iteration 0744 | train reward: 165.65 | best: 181.28 | KL: 2.530e-05 | std: 0.5581 | rollout: 8.646s | update: 0.296s | total: 8.942s | samples/s: 7157
Iteration 0745 | train reward: 175.80 | best: 181.28 | KL: 2.452e-05 | std: 0.5580 | rollout: 8.634s | update: 0.321s | total: 8.956s | samples/s: 7146
Iteration 0746 | train reward: 171.12 | best: 181.28 | KL: 2.807e-05 | std: 0.5581 | rollout: 8.232s | update: 0.276s | total: 8.508s | samples/s: 7522
Iteration 0747 | train reward: 167.96 | best: 181.28 | KL: 3.397e-05 | std: 0.5581 | rollout: 7.798s | update: 0.347s | total: 8.144s | samples/s: 7858
Iteration 0748 | train reward: 175.46 | best: 181.28 | KL: 2.696e-05 | std: 0.5579 | rollout: 8.994s | update: 0.273s | total: 9.267s | samples/s: 6906
Iteration 0749 | train reward: 178.78 | best: 181.28 | KL: 2.793e-05 | std: 0.5579 | rollout: 8.443s | update: 0.255s | total: 8.697s | samples/s: 7359
Iteration 0750 | train reward: 179.09 | best: 181.28 | KL: 2.267e-05 | std: 0.5579 | rollout: 7.364s | update: 0.332s | total: 7.697s | samples/s: 8315
Iteration 0751 | train reward: 182.50 | best: 182.50 | KL: 3.363e-05 | std: 0.5575 | rollout: 8.471s | update: 0.275s | total: 8.746s | samples/s: 7317
Iteration 0752 | train reward: 176.92 | best: 182.50 | KL: 2.891e-05 | std: 0.5575 | rollout: 8.861s | update: 0.348s | total: 9.210s | samples/s: 6949
Iteration 0753 | train reward: 185.53 | best: 185.53 | KL: 2.638e-05 | std: 0.5575 | rollout: 7.652s | update: 0.298s | total: 7.950s | samples/s: 8050
Iteration 0754 | train reward: 167.47 | best: 185.53 | KL: 4.036e-05 | std: 0.5574 | rollout: 7.158s | update: 0.300s | total: 7.457s | samples/s: 8582
Iteration 0755 | train reward: 184.18 | best: 185.53 | KL: 3.754e-05 | std: 0.5573 | rollout: 8.397s | update: 0.266s | total: 8.664s | samples/s: 7387
Iteration 0756 | train reward: 182.68 | best: 185.53 | KL: 2.496e-05 | std: 0.5573 | rollout: 8.534s | update: 0.258s | total: 8.792s | samples/s: 7280
Iteration 0757 | train reward: 181.82 | best: 185.53 | KL: 2.693e-05 | std: 0.5573 | rollout: 8.904s | update: 0.254s | total: 9.158s | samples/s: 6989
Iteration 0758 | train reward: 187.75 | best: 187.75 | KL: 2.156e-05 | std: 0.5573 | rollout: 8.721s | update: 0.376s | total: 9.098s | samples/s: 7035
Iteration 0759 | train reward: 176.21 | best: 187.75 | KL: 3.281e-05 | std: 0.5573 | rollout: 8.432s | update: 0.319s | total: 8.751s | samples/s: 7314
Iteration 0760 | train reward: 180.45 | best: 187.75 | KL: 2.614e-05 | std: 0.5571 | rollout: 8.292s | update: 0.264s | total: 8.556s | samples/s: 7480
Iteration 0761 | train reward: 190.09 | best: 190.09 | KL: 3.118e-05 | std: 0.5571 | rollout: 8.042s | update: 0.266s | total: 8.308s | samples/s: 7704
Iteration 0762 | train reward: 177.97 | best: 190.09 | KL: 2.934e-05 | std: 0.5567 | rollout: 8.121s | update: 0.369s | total: 8.490s | samples/s: 7538
Iteration 0763 | train reward: 181.69 | best: 190.09 | KL: 3.182e-05 | std: 0.5567 | rollout: 7.025s | update: 0.304s | total: 7.329s | samples/s: 8733
Iteration 0764 | train reward: 189.32 | best: 190.09 | KL: 2.107e-05 | std: 0.5567 | rollout: 7.834s | update: 0.321s | total: 8.154s | samples/s: 7849
Iteration 0765 | train reward: 182.78 | best: 190.09 | KL: 3.131e-05 | std: 0.5565 | rollout: 9.847s | update: 0.286s | total: 10.133s | samples/s: 6316
Iteration 0766 | train reward: 180.29 | best: 190.09 | KL: 3.851e-05 | std: 0.5565 | rollout: 8.282s | update: 0.292s | total: 8.574s | samples/s: 7465
Iteration 0767 | train reward: 190.17 | best: 190.17 | KL: 2.627e-05 | std: 0.5565 | rollout: 7.367s | update: 0.258s | total: 7.625s | samples/s: 8393
Iteration 0768 | train reward: 194.23 | best: 194.23 | KL: 2.821e-05 | std: 0.5565 | rollout: 8.315s | update: 0.285s | total: 8.600s | samples/s: 7442
Iteration 0769 | train reward: 201.44 | best: 201.44 | KL: 2.348e-05 | std: 0.5555 | rollout: 7.817s | update: 0.306s | total: 8.123s | samples/s: 7879
Iteration 0770 | train reward: 191.05 | best: 201.44 | KL: 2.655e-05 | std: 0.5554 | rollout: 9.236s | update: 0.281s | total: 9.517s | samples/s: 6725
Iteration 0771 | train reward: 191.26 | best: 201.44 | KL: 3.400e-05 | std: 0.5553 | rollout: 7.597s | update: 0.256s | total: 7.854s | samples/s: 8149
Iteration 0772 | train reward: 188.80 | best: 201.44 | KL: 3.666e-05 | std: 0.5553 | rollout: 7.854s | update: 0.287s | total: 8.141s | samples/s: 7862
Iteration 0773 | train reward: 192.69 | best: 201.44 | KL: 2.496e-05 | std: 0.5553 | rollout: 8.165s | update: 0.315s | total: 8.481s | samples/s: 7546
Iteration 0774 | train reward: 176.01 | best: 201.44 | KL: 3.410e-05 | std: 0.5549 | rollout: 9.045s | update: 0.324s | total: 9.369s | samples/s: 6831
Iteration 0775 | train reward: 190.58 | best: 201.44 | KL: 4.158e-05 | std: 0.5547 | rollout: 9.770s | update: 0.296s | total: 10.065s | samples/s: 6358
Iteration 0776 | train reward: 194.87 | best: 201.44 | KL: 3.511e-05 | std: 0.5547 | rollout: 7.885s | update: 0.311s | total: 8.196s | samples/s: 7808
Iteration 0777 | train reward: 196.89 | best: 201.44 | KL: 2.776e-05 | std: 0.5547 | rollout: 7.918s | update: 0.256s | total: 8.174s | samples/s: 7830
Iteration 0778 | train reward: 202.33 | best: 202.33 | KL: 2.886e-05 | std: 0.5547 | rollout: 7.630s | update: 0.346s | total: 7.977s | samples/s: 8023
Iteration 0779 | train reward: 206.06 | best: 206.06 | KL: 2.896e-05 | std: 0.5546 | rollout: 7.101s | update: 0.327s | total: 7.428s | samples/s: 8617
Iteration 0780 | train reward: 187.92 | best: 206.06 | KL: 2.690e-05 | std: 0.5546 | rollout: 8.932s | update: 0.253s | total: 9.185s | samples/s: 6968
Iteration 0781 | train reward: 201.96 | best: 206.06 | KL: 2.908e-05 | std: 0.5546 | rollout: 8.352s | update: 0.364s | total: 8.716s | samples/s: 7342
Iteration 0782 | train reward: 202.98 | best: 206.06 | KL: 2.829e-05 | std: 0.5545 | rollout: 8.626s | update: 0.265s | total: 8.891s | samples/s: 7199
Iteration 0783 | train reward: 202.66 | best: 206.06 | KL: 3.742e-05 | std: 0.5545 | rollout: 8.819s | update: 0.313s | total: 9.131s | samples/s: 7009
Iteration 0784 | train reward: 206.28 | best: 206.28 | KL: 2.385e-05 | std: 0.5545 | rollout: 9.410s | update: 0.264s | total: 9.674s | samples/s: 6616
Iteration 0785 | train reward: 200.07 | best: 206.28 | KL: 3.810e-05 | std: 0.5541 | rollout: 9.085s | update: 0.286s | total: 9.371s | samples/s: 6829
Iteration 0786 | train reward: 190.77 | best: 206.28 | KL: 3.109e-05 | std: 0.5540 | rollout: 8.316s | update: 0.309s | total: 8.625s | samples/s: 7420
Iteration 0787 | train reward: 205.25 | best: 206.28 | KL: 2.638e-05 | std: 0.5540 | rollout: 8.122s | update: 0.275s | total: 8.397s | samples/s: 7622
Iteration 0788 | train reward: 191.89 | best: 206.28 | KL: 3.775e-05 | std: 0.5539 | rollout: 8.090s | update: 0.320s | total: 8.409s | samples/s: 7610
Iteration 0789 | train reward: 204.13 | best: 206.28 | KL: 3.653e-05 | std: 0.5539 | rollout: 7.288s | update: 0.271s | total: 7.560s | samples/s: 8466
Iteration 0790 | train reward: 204.07 | best: 206.28 | KL: 3.540e-05 | std: 0.5529 | rollout: 8.731s | update: 0.314s | total: 9.045s | samples/s: 7076
Iteration 0791 | train reward: 198.64 | best: 206.28 | KL: 2.837e-05 | std: 0.5527 | rollout: 8.413s | update: 0.265s | total: 8.679s | samples/s: 7374
Iteration 0792 | train reward: 208.67 | best: 208.67 | KL: 3.616e-05 | std: 0.5527 | rollout: 7.993s | update: 0.282s | total: 8.275s | samples/s: 7734
Iteration 0793 | train reward: 213.99 | best: 213.99 | KL: 1.503e-05 | std: 0.5527 | rollout: 7.695s | update: 0.291s | total: 7.986s | samples/s: 8014
Iteration 0794 | train reward: 202.38 | best: 213.99 | KL: 3.725e-05 | std: 0.5523 | rollout: 9.128s | update: 0.324s | total: 9.452s | samples/s: 6771
Iteration 0795 | train reward: 207.19 | best: 213.99 | KL: 3.139e-05 | std: 0.5523 | rollout: 8.959s | update: 0.336s | total: 9.295s | samples/s: 6885
Iteration 0796 | train reward: 202.17 | best: 213.99 | KL: 2.732e-05 | std: 0.5522 | rollout: 8.451s | update: 0.295s | total: 8.746s | samples/s: 7318
Iteration 0797 | train reward: 203.29 | best: 213.99 | KL: 4.476e-05 | std: 0.5521 | rollout: 8.155s | update: 0.340s | total: 8.496s | samples/s: 7533
Iteration 0798 | train reward: 205.04 | best: 213.99 | KL: 3.208e-05 | std: 0.5521 | rollout: 9.041s | update: 0.268s | total: 9.309s | samples/s: 6875
Iteration 0799 | train reward: 205.58 | best: 213.99 | KL: 3.466e-05 | std: 0.5521 | rollout: 7.664s | update: 0.297s | total: 7.961s | samples/s: 8040
Iteration 0800 | train reward: 205.41 | best: 213.99 | KL: 3.648e-05 | std: 0.5521 | rollout: 9.371s | update: 0.360s | total: 9.731s | samples/s: 6577
Iteration 0801 | train reward: 207.45 | best: 213.99 | KL: 3.827e-05 | std: 0.5521 | rollout: 7.462s | update: 0.328s | total: 7.790s | samples/s: 8215
Iteration 0802 | train reward: 213.73 | best: 213.99 | KL: 4.606e-05 | std: 0.5521 | rollout: 9.241s | update: 0.324s | total: 9.566s | samples/s: 6691
Iteration 0803 | train reward: 208.13 | best: 213.99 | KL: 4.421e-05 | std: 0.5521 | rollout: 8.893s | update: 0.336s | total: 9.229s | samples/s: 6935
Iteration 0804 | train reward: 205.52 | best: 213.99 | KL: 3.171e-05 | std: 0.5519 | rollout: 9.236s | update: 0.295s | total: 9.531s | samples/s: 6715
Iteration 0805 | train reward: 220.41 | best: 220.41 | KL: 2.969e-05 | std: 0.5519 | rollout: 8.846s | update: 0.258s | total: 9.104s | samples/s: 7030
Iteration 0806 | train reward: 215.82 | best: 220.41 | KL: 4.508e-05 | std: 0.5515 | rollout: 9.169s | update: 0.284s | total: 9.453s | samples/s: 6770
Iteration 0807 | train reward: 216.43 | best: 220.41 | KL: 2.777e-05 | std: 0.5513 | rollout: 8.686s | update: 0.323s | total: 9.009s | samples/s: 7104
Iteration 0808 | train reward: 205.88 | best: 220.41 | KL: 2.709e-05 | std: 0.5513 | rollout: 7.830s | update: 0.308s | total: 8.138s | samples/s: 7864
Iteration 0809 | train reward: 219.80 | best: 220.41 | KL: 3.144e-05 | std: 0.5502 | rollout: 7.104s | update: 0.309s | total: 7.413s | samples/s: 8633
Iteration 0810 | train reward: 210.56 | best: 220.41 | KL: 3.679e-05 | std: 0.5501 | rollout: 8.251s | update: 0.298s | total: 8.549s | samples/s: 7487
Iteration 0811 | train reward: 214.20 | best: 220.41 | KL: 3.346e-05 | std: 0.5501 | rollout: 8.600s | update: 0.329s | total: 8.929s | samples/s: 7167
Iteration 0812 | train reward: 205.83 | best: 220.41 | KL: 3.672e-05 | std: 0.5501 | rollout: 9.178s | update: 0.363s | total: 9.542s | samples/s: 6707
Iteration 0813 | train reward: 213.54 | best: 220.41 | KL: 3.825e-05 | std: 0.5502 | rollout: 8.557s | update: 0.294s | total: 8.851s | samples/s: 7231
Iteration 0814 | train reward: 215.61 | best: 220.41 | KL: 4.340e-05 | std: 0.5502 | rollout: 8.195s | update: 0.323s | total: 8.517s | samples/s: 7514
Iteration 0815 | train reward: 207.72 | best: 220.41 | KL: 3.881e-05 | std: 0.5501 | rollout: 7.784s | update: 0.313s | total: 8.097s | samples/s: 7904
Iteration 0816 | train reward: 222.10 | best: 222.10 | KL: 4.048e-05 | std: 0.5501 | rollout: 7.384s | update: 0.339s | total: 7.723s | samples/s: 8287
Iteration 0817 | train reward: 208.27 | best: 222.10 | KL: 4.722e-05 | std: 0.5501 | rollout: 7.958s | update: 0.365s | total: 8.323s | samples/s: 7689
Iteration 0818 | train reward: 219.23 | best: 222.10 | KL: 3.823e-05 | std: 0.5501 | rollout: 7.660s | update: 0.302s | total: 7.961s | samples/s: 8039
Iteration 0819 | train reward: 226.81 | best: 226.81 | KL: 2.557e-05 | std: 0.5497 | rollout: 8.218s | update: 0.300s | total: 8.518s | samples/s: 7514
Iteration 0820 | train reward: 221.49 | best: 226.81 | KL: 3.685e-05 | std: 0.5496 | rollout: 7.239s | update: 0.263s | total: 7.502s | samples/s: 8531
Iteration 0821 | train reward: 224.25 | best: 226.81 | KL: 3.995e-05 | std: 0.5496 | rollout: 6.644s | update: 0.257s | total: 6.901s | samples/s: 9274
Iteration 0822 | train reward: 223.28 | best: 226.81 | KL: 4.463e-05 | std: 0.5495 | rollout: 8.074s | update: 0.289s | total: 8.363s | samples/s: 7652
Iteration 0823 | train reward: 230.21 | best: 230.21 | KL: 4.316e-05 | std: 0.5495 | rollout: 8.656s | update: 0.356s | total: 9.012s | samples/s: 7102
Iteration 0824 | train reward: 216.74 | best: 230.21 | KL: 3.443e-05 | std: 0.5495 | rollout: 8.990s | update: 0.368s | total: 9.358s | samples/s: 6839
Iteration 0825 | train reward: 223.01 | best: 230.21 | KL: 3.207e-05 | std: 0.5495 | rollout: 7.768s | update: 0.292s | total: 8.060s | samples/s: 7940
Iteration 0826 | train reward: 226.39 | best: 230.21 | KL: 3.828e-05 | std: 0.5493 | rollout: 8.632s | update: 0.258s | total: 8.891s | samples/s: 7199
Iteration 0827 | train reward: 219.99 | best: 230.21 | KL: 3.575e-05 | std: 0.5493 | rollout: 8.418s | update: 0.297s | total: 8.714s | samples/s: 7344
Iteration 0828 | train reward: 230.58 | best: 230.58 | KL: 3.443e-05 | std: 0.5493 | rollout: 7.902s | update: 0.296s | total: 8.198s | samples/s: 7807
Iteration 0829 | train reward: 233.22 | best: 233.22 | KL: 3.746e-05 | std: 0.5493 | rollout: 8.428s | update: 0.348s | total: 8.776s | samples/s: 7293
Iteration 0830 | train reward: 222.26 | best: 233.22 | KL: 5.347e-05 | std: 0.5487 | rollout: 8.902s | update: 0.266s | total: 9.168s | samples/s: 6981
Iteration 0831 | train reward: 226.98 | best: 233.22 | KL: 2.757e-05 | std: 0.5487 | rollout: 8.298s | update: 0.367s | total: 8.665s | samples/s: 7386
Iteration 0832 | train reward: 232.58 | best: 233.22 | KL: 4.298e-05 | std: 0.5476 | rollout: 8.421s | update: 0.251s | total: 8.672s | samples/s: 7380
Iteration 0833 | train reward: 246.51 | best: 246.51 | KL: 2.194e-05 | std: 0.5476 | rollout: 7.451s | update: 0.305s | total: 7.756s | samples/s: 8252
Iteration 0834 | train reward: 225.67 | best: 246.51 | KL: 3.225e-05 | std: 0.5475 | rollout: 7.413s | update: 0.348s | total: 7.761s | samples/s: 8247
Iteration 0835 | train reward: 221.39 | best: 246.51 | KL: 4.989e-05 | std: 0.5475 | rollout: 7.697s | update: 0.264s | total: 7.961s | samples/s: 8039
Iteration 0836 | train reward: 233.88 | best: 246.51 | KL: 4.941e-05 | std: 0.5475 | rollout: 8.891s | update: 0.306s | total: 9.197s | samples/s: 6959
Iteration 0837 | train reward: 232.13 | best: 246.51 | KL: 3.903e-05 | std: 0.5475 | rollout: 9.331s | update: 0.290s | total: 9.620s | samples/s: 6652
Iteration 0838 | train reward: 227.49 | best: 246.51 | KL: 5.339e-05 | std: 0.5470 | rollout: 8.830s | update: 0.273s | total: 9.102s | samples/s: 7031
Iteration 0839 | train reward: 242.10 | best: 246.51 | KL: 2.173e-05 | std: 0.5469 | rollout: 8.940s | update: 0.288s | total: 9.228s | samples/s: 6936
Iteration 0840 | train reward: 239.80 | best: 246.51 | KL: 3.432e-05 | std: 0.5469 | rollout: 8.080s | update: 0.329s | total: 8.409s | samples/s: 7611
Iteration 0841 | train reward: 236.62 | best: 246.51 | KL: 4.578e-05 | std: 0.5468 | rollout: 8.901s | update: 0.293s | total: 9.194s | samples/s: 6961
Iteration 0842 | train reward: 242.82 | best: 246.51 | KL: 4.090e-05 | std: 0.5467 | rollout: 7.205s | update: 0.300s | total: 7.505s | samples/s: 8528
Iteration 0843 | train reward: 244.11 | best: 246.51 | KL: 4.510e-05 | std: 0.5463 | rollout: 8.398s | update: 0.264s | total: 8.662s | samples/s: 7388
Iteration 0844 | train reward: 234.60 | best: 246.51 | KL: 4.469e-05 | std: 0.5463 | rollout: 9.163s | update: 0.310s | total: 9.473s | samples/s: 6756
Iteration 0845 | train reward: 231.47 | best: 246.51 | KL: 3.897e-05 | std: 0.5462 | rollout: 8.203s | update: 0.289s | total: 8.492s | samples/s: 7537
Iteration 0846 | train reward: 240.32 | best: 246.51 | KL: 4.707e-05 | std: 0.5461 | rollout: 9.727s | update: 0.291s | total: 10.018s | samples/s: 6389
Iteration 0847 | train reward: 249.05 | best: 249.05 | KL: 2.986e-05 | std: 0.5461 | rollout: 9.065s | update: 0.285s | total: 9.350s | samples/s: 6845
Iteration 0848 | train reward: 236.43 | best: 249.05 | KL: 5.773e-05 | std: 0.5451 | rollout: 8.130s | update: 0.258s | total: 8.388s | samples/s: 7630
Iteration 0849 | train reward: 244.75 | best: 249.05 | KL: 5.211e-05 | std: 0.5449 | rollout: 8.650s | update: 0.330s | total: 8.979s | samples/s: 7128
Iteration 0850 | train reward: 239.16 | best: 249.05 | KL: 3.925e-05 | std: 0.5449 | rollout: 8.346s | update: 0.286s | total: 8.632s | samples/s: 7414
Iteration 0851 | train reward: 244.71 | best: 249.05 | KL: 2.427e-05 | std: 0.5449 | rollout: 8.135s | update: 0.330s | total: 8.465s | samples/s: 7560
Iteration 0852 | train reward: 256.78 | best: 256.78 | KL: 3.283e-05 | std: 0.5445 | rollout: 8.862s | update: 0.285s | total: 9.146s | samples/s: 6998
Iteration 0853 | train reward: 225.57 | best: 256.78 | KL: 5.715e-05 | std: 0.5444 | rollout: 8.538s | update: 0.329s | total: 8.867s | samples/s: 7218
Iteration 0854 | train reward: 230.51 | best: 256.78 | KL: 6.221e-05 | std: 0.5444 | rollout: 7.908s | update: 0.290s | total: 8.198s | samples/s: 7807
Iteration 0855 | train reward: 245.24 | best: 256.78 | KL: 3.236e-05 | std: 0.5443 | rollout: 8.374s | update: 0.309s | total: 8.683s | samples/s: 7371
Iteration 0856 | train reward: 233.97 | best: 256.78 | KL: 4.150e-05 | std: 0.5443 | rollout: 8.380s | update: 0.337s | total: 8.718s | samples/s: 7341
Iteration 0857 | train reward: 240.10 | best: 256.78 | KL: 5.553e-05 | std: 0.5443 | rollout: 8.403s | update: 0.254s | total: 8.656s | samples/s: 7394
Iteration 0858 | train reward: 241.68 | best: 256.78 | KL: 3.773e-05 | std: 0.5443 | rollout: 7.870s | update: 0.335s | total: 8.206s | samples/s: 7800
Iteration 0859 | train reward: 250.05 | best: 256.78 | KL: 3.686e-05 | std: 0.5442 | rollout: 8.658s | update: 0.288s | total: 8.946s | samples/s: 7154
Iteration 0860 | train reward: 248.02 | best: 256.78 | KL: 3.143e-05 | std: 0.5441 | rollout: 7.702s | update: 0.292s | total: 7.994s | samples/s: 8006
Iteration 0861 | train reward: 226.03 | best: 256.78 | KL: 5.863e-05 | std: 0.5441 | rollout: 8.008s | update: 0.289s | total: 8.297s | samples/s: 7713
Iteration 0862 | train reward: 239.98 | best: 256.78 | KL: 4.837e-05 | std: 0.5436 | rollout: 7.714s | update: 0.266s | total: 7.980s | samples/s: 8020
Iteration 0863 | train reward: 250.15 | best: 256.78 | KL: 4.247e-05 | std: 0.5435 | rollout: 7.288s | update: 0.303s | total: 7.591s | samples/s: 8431
Iteration 0864 | train reward: 244.05 | best: 256.78 | KL: 3.975e-05 | std: 0.5435 | rollout: 7.987s | update: 0.295s | total: 8.282s | samples/s: 7727
Iteration 0865 | train reward: 245.18 | best: 256.78 | KL: 3.656e-05 | std: 0.5435 | rollout: 7.242s | update: 0.284s | total: 7.526s | samples/s: 8503
Iteration 0866 | train reward: 253.99 | best: 256.78 | KL: 3.504e-05 | std: 0.5435 | rollout: 8.314s | update: 0.290s | total: 8.604s | samples/s: 7439
Iteration 0867 | train reward: 242.28 | best: 256.78 | KL: 4.452e-05 | std: 0.5424 | rollout: 8.792s | update: 0.307s | total: 9.100s | samples/s: 7033
Iteration 0868 | train reward: 246.50 | best: 256.78 | KL: 3.791e-05 | std: 0.5423 | rollout: 8.146s | update: 0.308s | total: 8.454s | samples/s: 7570
Iteration 0869 | train reward: 244.01 | best: 256.78 | KL: 5.124e-05 | std: 0.5423 | rollout: 7.527s | update: 0.385s | total: 7.912s | samples/s: 8089
Iteration 0870 | train reward: 255.12 | best: 256.78 | KL: 6.417e-05 | std: 0.5423 | rollout: 8.822s | update: 0.345s | total: 9.167s | samples/s: 6982
Iteration 0871 | train reward: 242.28 | best: 256.78 | KL: 5.522e-05 | std: 0.5419 | rollout: 7.794s | update: 0.265s | total: 8.059s | samples/s: 7941
Iteration 0872 | train reward: 263.42 | best: 263.42 | KL: 2.966e-05 | std: 0.5423 | rollout: 9.059s | update: 0.326s | total: 9.385s | samples/s: 6819
Iteration 0873 | train reward: 255.85 | best: 263.42 | KL: 5.006e-05 | std: 0.5423 | rollout: 9.943s | update: 0.284s | total: 10.227s | samples/s: 6258
Iteration 0874 | train reward: 245.18 | best: 263.42 | KL: 4.962e-05 | std: 0.5423 | rollout: 7.823s | update: 0.286s | total: 8.109s | samples/s: 7892
Iteration 0875 | train reward: 250.18 | best: 263.42 | KL: 3.908e-05 | std: 0.5423 | rollout: 7.369s | update: 0.323s | total: 7.692s | samples/s: 8321
Iteration 0876 | train reward: 257.28 | best: 263.42 | KL: 4.118e-05 | std: 0.5423 | rollout: 8.319s | update: 0.336s | total: 8.655s | samples/s: 7394
Iteration 0877 | train reward: 257.77 | best: 263.42 | KL: 4.654e-05 | std: 0.5423 | rollout: 6.212s | update: 0.362s | total: 6.574s | samples/s: 9735
Iteration 0878 | train reward: 274.34 | best: 274.34 | KL: 3.489e-05 | std: 0.5423 | rollout: 7.194s | update: 0.263s | total: 7.457s | samples/s: 8583
Iteration 0879 | train reward: 251.84 | best: 274.34 | KL: 4.132e-05 | std: 0.5419 | rollout: 8.268s | update: 0.354s | total: 8.622s | samples/s: 7423
Iteration 0880 | train reward: 268.01 | best: 274.34 | KL: 3.718e-05 | std: 0.5418 | rollout: 8.853s | update: 0.344s | total: 9.198s | samples/s: 6958
Iteration 0881 | train reward: 255.48 | best: 274.34 | KL: 4.853e-05 | std: 0.5418 | rollout: 8.204s | update: 0.288s | total: 8.492s | samples/s: 7536
Iteration 0882 | train reward: 262.08 | best: 274.34 | KL: 4.392e-05 | std: 0.5417 | rollout: 9.491s | update: 0.263s | total: 9.754s | samples/s: 6562
Iteration 0883 | train reward: 259.76 | best: 274.34 | KL: 5.294e-05 | std: 0.5417 | rollout: 9.000s | update: 0.355s | total: 9.354s | samples/s: 6842
Iteration 0884 | train reward: 256.66 | best: 274.34 | KL: 4.627e-05 | std: 0.5415 | rollout: 7.912s | update: 0.330s | total: 8.242s | samples/s: 7766
Iteration 0885 | train reward: 261.28 | best: 274.34 | KL: 5.469e-05 | std: 0.5410 | rollout: 7.383s | update: 0.281s | total: 7.664s | samples/s: 8350
Iteration 0886 | train reward: 260.32 | best: 274.34 | KL: 3.426e-05 | std: 0.5409 | rollout: 9.900s | update: 0.329s | total: 10.229s | samples/s: 6257
Iteration 0887 | train reward: 265.23 | best: 274.34 | KL: 4.759e-05 | std: 0.5409 | rollout: 9.472s | update: 0.329s | total: 9.801s | samples/s: 6530
Iteration 0888 | train reward: 262.80 | best: 274.34 | KL: 4.578e-05 | std: 0.5409 | rollout: 8.036s | update: 0.278s | total: 8.314s | samples/s: 7698
Iteration 0889 | train reward: 255.22 | best: 274.34 | KL: 5.199e-05 | std: 0.5408 | rollout: 8.398s | update: 0.327s | total: 8.726s | samples/s: 7335
Iteration 0890 | train reward: 265.58 | best: 274.34 | KL: 4.577e-05 | std: 0.5399 | rollout: 8.801s | update: 0.252s | total: 9.054s | samples/s: 7069
Iteration 0891 | train reward: 268.33 | best: 274.34 | KL: 2.997e-05 | std: 0.5397 | rollout: 8.708s | update: 0.253s | total: 8.961s | samples/s: 7142
Iteration 0892 | train reward: 269.83 | best: 274.34 | KL: 4.956e-05 | std: 0.5397 | rollout: 7.660s | update: 0.335s | total: 7.996s | samples/s: 8004
Iteration 0893 | train reward: 271.12 | best: 274.34 | KL: 3.394e-05 | std: 0.5397 | rollout: 9.682s | update: 0.267s | total: 9.950s | samples/s: 6432
Iteration 0894 | train reward: 265.54 | best: 274.34 | KL: 5.035e-05 | std: 0.5393 | rollout: 8.135s | update: 0.285s | total: 8.420s | samples/s: 7601
Iteration 0895 | train reward: 272.83 | best: 274.34 | KL: 3.673e-05 | std: 0.5391 | rollout: 7.965s | update: 0.306s | total: 8.272s | samples/s: 7737
Iteration 0896 | train reward: 273.51 | best: 274.34 | KL: 3.771e-05 | std: 0.5392 | rollout: 8.617s | update: 0.325s | total: 8.942s | samples/s: 7158
Iteration 0897 | train reward: 266.51 | best: 274.34 | KL: 5.565e-05 | std: 0.5390 | rollout: 8.881s | update: 0.266s | total: 9.148s | samples/s: 6996
Iteration 0898 | train reward: 269.11 | best: 274.34 | KL: 3.880e-05 | std: 0.5390 | rollout: 7.907s | update: 0.260s | total: 8.167s | samples/s: 7837
Iteration 0899 | train reward: 277.26 | best: 277.26 | KL: 4.198e-05 | std: 0.5390 | rollout: 7.821s | update: 0.328s | total: 8.149s | samples/s: 7854
Iteration 0900 | train reward: 279.25 | best: 279.25 | KL: 3.923e-05 | std: 0.5391 | rollout: 8.593s | update: 0.334s | total: 8.927s | samples/s: 7169
Iteration 0901 | train reward: 263.79 | best: 279.25 | KL: 5.637e-05 | std: 0.5389 | rollout: 8.790s | update: 0.338s | total: 9.128s | samples/s: 7011
Iteration 0902 | train reward: 272.28 | best: 279.25 | KL: 4.560e-05 | std: 0.5389 | rollout: 8.570s | update: 0.354s | total: 8.923s | samples/s: 7172
Iteration 0903 | train reward: 277.74 | best: 279.25 | KL: 6.307e-05 | std: 0.5384 | rollout: 7.028s | update: 0.270s | total: 7.299s | samples/s: 8769
Iteration 0904 | train reward: 271.89 | best: 279.25 | KL: 5.091e-05 | std: 0.5384 | rollout: 7.801s | update: 0.300s | total: 8.101s | samples/s: 7901
Iteration 0905 | train reward: 276.70 | best: 279.25 | KL: 5.532e-05 | std: 0.5384 | rollout: 8.378s | update: 0.284s | total: 8.663s | samples/s: 7388
Iteration 0906 | train reward: 269.75 | best: 279.25 | KL: 5.461e-05 | std: 0.5383 | rollout: 8.004s | update: 0.292s | total: 8.296s | samples/s: 7714
Iteration 0907 | train reward: 284.08 | best: 284.08 | KL: 5.970e-05 | std: 0.5373 | rollout: 8.996s | update: 0.256s | total: 9.252s | samples/s: 6918
Iteration 0908 | train reward: 277.60 | best: 284.08 | KL: 5.858e-05 | std: 0.5372 | rollout: 8.007s | update: 0.310s | total: 8.317s | samples/s: 7695
Iteration 0909 | train reward: 270.03 | best: 284.08 | KL: 6.386e-05 | std: 0.5371 | rollout: 8.815s | update: 0.324s | total: 9.139s | samples/s: 7003
Iteration 0910 | train reward: 283.73 | best: 284.08 | KL: 4.344e-05 | std: 0.5371 | rollout: 8.342s | update: 0.286s | total: 8.628s | samples/s: 7417
Iteration 0911 | train reward: 279.74 | best: 284.08 | KL: 6.078e-05 | std: 0.5367 | rollout: 8.420s | update: 0.258s | total: 8.678s | samples/s: 7375
Iteration 0912 | train reward: 282.96 | best: 284.08 | KL: 4.669e-05 | std: 0.5366 | rollout: 7.943s | update: 0.368s | total: 8.311s | samples/s: 7701
Iteration 0913 | train reward: 280.51 | best: 284.08 | KL: 5.617e-05 | std: 0.5366 | rollout: 7.573s | update: 0.287s | total: 7.860s | samples/s: 8142
Iteration 0914 | train reward: 278.87 | best: 284.08 | KL: 3.318e-05 | std: 0.5365 | rollout: 8.041s | update: 0.272s | total: 8.313s | samples/s: 7699
Iteration 0915 | train reward: 284.94 | best: 284.94 | KL: 4.929e-05 | std: 0.5365 | rollout: 8.317s | update: 0.288s | total: 8.604s | samples/s: 7438
Iteration 0916 | train reward: 286.76 | best: 286.76 | KL: 3.922e-05 | std: 0.5365 | rollout: 8.718s | update: 0.355s | total: 9.073s | samples/s: 7054
Iteration 0917 | train reward: 277.43 | best: 286.76 | KL: 4.840e-05 | std: 0.5365 | rollout: 8.559s | update: 0.256s | total: 8.816s | samples/s: 7260
Iteration 0918 | train reward: 295.54 | best: 295.54 | KL: 5.440e-05 | std: 0.5364 | rollout: 8.664s | update: 0.328s | total: 8.992s | samples/s: 7118
Iteration 0919 | train reward: 286.64 | best: 295.54 | KL: 4.781e-05 | std: 0.5363 | rollout: 7.611s | update: 0.339s | total: 7.950s | samples/s: 8051
Iteration 0920 | train reward: 285.56 | best: 295.54 | KL: 4.316e-05 | std: 0.5358 | rollout: 7.758s | update: 0.268s | total: 8.027s | samples/s: 7973
Iteration 0921 | train reward: 273.80 | best: 295.54 | KL: 5.999e-05 | std: 0.5358 | rollout: 8.897s | update: 0.293s | total: 9.189s | samples/s: 6965
Iteration 0922 | train reward: 283.43 | best: 295.54 | KL: 5.496e-05 | std: 0.5358 | rollout: 8.850s | update: 0.371s | total: 9.221s | samples/s: 6941
Iteration 0923 | train reward: 284.84 | best: 295.54 | KL: 4.538e-05 | std: 0.5357 | rollout: 8.687s | update: 0.330s | total: 9.017s | samples/s: 7098
Iteration 0924 | train reward: 291.88 | best: 295.54 | KL: 6.044e-05 | std: 0.5347 | rollout: 8.209s | update: 0.302s | total: 8.511s | samples/s: 7520
Iteration 0925 | train reward: 291.30 | best: 295.54 | KL: 4.567e-05 | std: 0.5347 | rollout: 8.548s | update: 0.270s | total: 8.818s | samples/s: 7258
Iteration 0926 | train reward: 280.76 | best: 295.54 | KL: 4.221e-05 | std: 0.5346 | rollout: 9.237s | update: 0.299s | total: 9.537s | samples/s: 6711
Iteration 0927 | train reward: 282.45 | best: 295.54 | KL: 6.300e-05 | std: 0.5345 | rollout: 7.392s | update: 0.288s | total: 7.680s | samples/s: 8334
Iteration 0928 | train reward: 291.45 | best: 295.54 | KL: 4.260e-05 | std: 0.5345 | rollout: 7.320s | update: 0.258s | total: 7.579s | samples/s: 8445
Iteration 0929 | train reward: 282.63 | best: 295.54 | KL: 7.384e-05 | std: 0.5340 | rollout: 7.816s | update: 0.283s | total: 8.099s | samples/s: 7903
Iteration 0930 | train reward: 284.03 | best: 295.54 | KL: 6.082e-05 | std: 0.5340 | rollout: 6.391s | update: 0.312s | total: 6.703s | samples/s: 9547
Iteration 0931 | train reward: 298.39 | best: 298.39 | KL: 2.966e-05 | std: 0.5340 | rollout: 7.646s | update: 0.285s | total: 7.931s | samples/s: 8070
Iteration 0932 | train reward: 300.81 | best: 300.81 | KL: 5.189e-05 | std: 0.5340 | rollout: 8.584s | update: 0.260s | total: 8.844s | samples/s: 7237
Iteration 0933 | train reward: 291.41 | best: 300.81 | KL: 5.179e-05 | std: 0.5340 | rollout: 8.110s | update: 0.273s | total: 8.383s | samples/s: 7634
Iteration 0934 | train reward: 313.44 | best: 313.44 | KL: 4.270e-05 | std: 0.5339 | rollout: 7.201s | update: 0.269s | total: 7.470s | samples/s: 8567
Iteration 0935 | train reward: 279.83 | best: 313.44 | KL: 7.246e-05 | std: 0.5340 | rollout: 7.299s | update: 0.287s | total: 7.585s | samples/s: 8437
Iteration 0936 | train reward: 305.93 | best: 313.44 | KL: 3.832e-05 | std: 0.5339 | rollout: 7.708s | update: 0.344s | total: 8.052s | samples/s: 7948
Iteration 0937 | train reward: 295.04 | best: 313.44 | KL: 4.579e-05 | std: 0.5339 | rollout: 8.226s | update: 0.275s | total: 8.500s | samples/s: 7529
Iteration 0938 | train reward: 297.02 | best: 313.44 | KL: 4.086e-05 | std: 0.5338 | rollout: 9.241s | update: 0.331s | total: 9.572s | samples/s: 6686
Iteration 0939 | train reward: 294.93 | best: 313.44 | KL: 3.270e-05 | std: 0.5338 | rollout: 8.998s | update: 0.326s | total: 9.324s | samples/s: 6864
Iteration 0940 | train reward: 301.30 | best: 313.44 | KL: 5.048e-05 | std: 0.5332 | rollout: 8.102s | update: 0.313s | total: 8.415s | samples/s: 7605
Iteration 0941 | train reward: 303.18 | best: 313.44 | KL: 4.021e-05 | std: 0.5332 | rollout: 6.960s | update: 0.267s | total: 7.227s | samples/s: 8856
Iteration 0942 | train reward: 300.73 | best: 313.44 | KL: 5.979e-05 | std: 0.5331 | rollout: 7.658s | update: 0.331s | total: 7.989s | samples/s: 8011
Iteration 0943 | train reward: 299.50 | best: 313.44 | KL: 3.941e-05 | std: 0.5330 | rollout: 7.754s | update: 0.322s | total: 8.076s | samples/s: 7925
Iteration 0944 | train reward: 305.93 | best: 313.44 | KL: 5.293e-05 | std: 0.5321 | rollout: 6.867s | update: 0.261s | total: 7.129s | samples/s: 8978
Iteration 0945 | train reward: 299.71 | best: 313.44 | KL: 5.422e-05 | std: 0.5319 | rollout: 7.782s | update: 0.251s | total: 8.034s | samples/s: 7966
Iteration 0946 | train reward: 297.74 | best: 313.44 | KL: 6.299e-05 | std: 0.5319 | rollout: 7.302s | update: 0.283s | total: 7.584s | samples/s: 8439
Iteration 0947 | train reward: 291.31 | best: 313.44 | KL: 6.878e-05 | std: 0.5319 | rollout: 9.003s | update: 0.251s | total: 9.255s | samples/s: 6915
Iteration 0948 | train reward: 305.54 | best: 313.44 | KL: 4.781e-05 | std: 0.5314 | rollout: 8.897s | update: 0.316s | total: 9.213s | samples/s: 6947
Iteration 0949 | train reward: 309.05 | best: 313.44 | KL: 5.483e-05 | std: 0.5313 | rollout: 8.047s | update: 0.268s | total: 8.316s | samples/s: 7696
Iteration 0950 | train reward: 305.74 | best: 313.44 | KL: 5.756e-05 | std: 0.5313 | rollout: 8.168s | update: 0.267s | total: 8.435s | samples/s: 7588
Iteration 0951 | train reward: 304.08 | best: 313.44 | KL: 3.992e-05 | std: 0.5313 | rollout: 8.087s | update: 0.253s | total: 8.340s | samples/s: 7674
Iteration 0952 | train reward: 303.71 | best: 313.44 | KL: 4.639e-05 | std: 0.5313 | rollout: 8.040s | update: 0.332s | total: 8.371s | samples/s: 7645
Iteration 0953 | train reward: 291.93 | best: 313.44 | KL: 8.065e-05 | std: 0.5312 | rollout: 9.028s | update: 0.304s | total: 9.332s | samples/s: 6858
Iteration 0954 | train reward: 303.93 | best: 313.44 | KL: 5.574e-05 | std: 0.5310 | rollout: 8.785s | update: 0.255s | total: 9.040s | samples/s: 7079
Iteration 0955 | train reward: 309.60 | best: 313.44 | KL: 6.080e-05 | std: 0.5306 | rollout: 8.989s | update: 0.332s | total: 9.321s | samples/s: 6866
Iteration 0956 | train reward: 312.96 | best: 313.44 | KL: 5.937e-05 | std: 0.5306 | rollout: 8.490s | update: 0.306s | total: 8.796s | samples/s: 7276
Iteration 0957 | train reward: 306.55 | best: 313.44 | KL: 5.606e-05 | std: 0.5306 | rollout: 9.345s | update: 0.319s | total: 9.665s | samples/s: 6622
Iteration 0958 | train reward: 295.34 | best: 313.44 | KL: 5.132e-05 | std: 0.5310 | rollout: 9.300s | update: 0.284s | total: 9.584s | samples/s: 6678
Iteration 0959 | train reward: 312.68 | best: 313.44 | KL: 5.020e-05 | std: 0.5306 | rollout: 8.005s | update: 0.286s | total: 8.290s | samples/s: 7720
Iteration 0960 | train reward: 313.65 | best: 313.65 | KL: 5.684e-05 | std: 0.5306 | rollout: 6.796s | update: 0.334s | total: 7.130s | samples/s: 8976
Iteration 0961 | train reward: 304.34 | best: 313.65 | KL: 5.417e-05 | std: 0.5305 | rollout: 8.148s | update: 0.265s | total: 8.413s | samples/s: 7607
Iteration 0962 | train reward: 313.63 | best: 313.65 | KL: 6.207e-05 | std: 0.5304 | rollout: 8.547s | update: 0.305s | total: 8.851s | samples/s: 7231
Iteration 0963 | train reward: 320.58 | best: 320.58 | KL: 4.840e-05 | std: 0.5294 | rollout: 8.030s | update: 0.263s | total: 8.293s | samples/s: 7717
Iteration 0964 | train reward: 304.53 | best: 320.58 | KL: 4.740e-05 | std: 0.5293 | rollout: 9.204s | update: 0.291s | total: 9.495s | samples/s: 6740
Iteration 0965 | train reward: 318.60 | best: 320.58 | KL: 7.947e-05 | std: 0.5293 | rollout: 7.522s | update: 0.295s | total: 7.817s | samples/s: 8188
Iteration 0966 | train reward: 302.45 | best: 320.58 | KL: 6.742e-05 | std: 0.5288 | rollout: 9.068s | update: 0.255s | total: 9.323s | samples/s: 6865
Iteration 0967 | train reward: 310.55 | best: 320.58 | KL: 4.005e-05 | std: 0.5288 | rollout: 8.282s | update: 0.296s | total: 8.578s | samples/s: 7461
Iteration 0968 | train reward: 313.74 | best: 320.58 | KL: 7.387e-05 | std: 0.5287 | rollout: 7.964s | update: 0.274s | total: 8.238s | samples/s: 7769
Iteration 0969 | train reward: 320.60 | best: 320.60 | KL: 5.582e-05 | std: 0.5288 | rollout: 8.659s | update: 0.254s | total: 8.912s | samples/s: 7181
Iteration 0970 | train reward: 315.93 | best: 320.60 | KL: 6.958e-05 | std: 0.5287 | rollout: 8.913s | update: 0.285s | total: 9.198s | samples/s: 6958
Iteration 0971 | train reward: 319.60 | best: 320.60 | KL: 4.522e-05 | std: 0.5286 | rollout: 8.103s | update: 0.333s | total: 8.437s | samples/s: 7586
Iteration 0972 | train reward: 303.81 | best: 320.60 | KL: 7.642e-05 | std: 0.5284 | rollout: 6.197s | update: 0.301s | total: 6.498s | samples/s: 9849
Iteration 0973 | train reward: 334.54 | best: 334.54 | KL: 3.475e-05 | std: 0.5280 | rollout: 7.942s | update: 0.345s | total: 8.287s | samples/s: 7723
Iteration 0974 | train reward: 326.86 | best: 334.54 | KL: 4.606e-05 | std: 0.5280 | rollout: 8.364s | update: 0.252s | total: 8.617s | samples/s: 7427
Iteration 0975 | train reward: 315.24 | best: 334.54 | KL: 8.032e-05 | std: 0.5278 | rollout: 7.609s | update: 0.287s | total: 7.897s | samples/s: 8105
Iteration 0976 | train reward: 308.92 | best: 334.54 | KL: 7.595e-05 | std: 0.5269 | rollout: 8.067s | update: 0.281s | total: 8.348s | samples/s: 7667
Iteration 0977 | train reward: 327.30 | best: 334.54 | KL: 4.728e-05 | std: 0.5269 | rollout: 6.304s | update: 0.322s | total: 6.626s | samples/s: 9660
Iteration 0978 | train reward: 317.16 | best: 334.54 | KL: 6.857e-05 | std: 0.5268 | rollout: 8.703s | update: 0.319s | total: 9.022s | samples/s: 7093
Iteration 0979 | train reward: 333.24 | best: 334.54 | KL: 4.968e-05 | std: 0.5268 | rollout: 9.537s | update: 0.287s | total: 9.824s | samples/s: 6515
Iteration 0980 | train reward: 340.03 | best: 340.03 | KL: 5.183e-05 | std: 0.5267 | rollout: 9.563s | update: 0.327s | total: 9.890s | samples/s: 6471
Iteration 0981 | train reward: 335.67 | best: 340.03 | KL: 7.438e-05 | std: 0.5262 | rollout: 8.894s | update: 0.253s | total: 9.148s | samples/s: 6996
Iteration 0982 | train reward: 327.54 | best: 340.03 | KL: 6.122e-05 | std: 0.5261 | rollout: 8.036s | update: 0.324s | total: 8.361s | samples/s: 7655
Iteration 0983 | train reward: 325.54 | best: 340.03 | KL: 7.592e-05 | std: 0.5261 | rollout: 8.127s | update: 0.259s | total: 8.386s | samples/s: 7632
Iteration 0984 | train reward: 313.31 | best: 340.03 | KL: 7.444e-05 | std: 0.5260 | rollout: 8.443s | update: 0.325s | total: 8.768s | samples/s: 7300
Iteration 0985 | train reward: 328.03 | best: 340.03 | KL: 5.838e-05 | std: 0.5261 | rollout: 9.750s | update: 0.260s | total: 10.010s | samples/s: 6394
Iteration 0986 | train reward: 333.86 | best: 340.03 | KL: 4.199e-05 | std: 0.5261 | rollout: 8.945s | update: 0.269s | total: 9.213s | samples/s: 6947
Iteration 0987 | train reward: 312.44 | best: 340.03 | KL: 6.066e-05 | std: 0.5261 | rollout: 8.205s | update: 0.253s | total: 8.458s | samples/s: 7567
Iteration 0988 | train reward: 325.84 | best: 340.03 | KL: 4.902e-05 | std: 0.5261 | rollout: 9.269s | update: 0.285s | total: 9.554s | samples/s: 6699
Iteration 0989 | train reward: 342.93 | best: 342.93 | KL: 3.294e-05 | std: 0.5261 | rollout: 9.907s | update: 0.251s | total: 10.158s | samples/s: 6301
Iteration 0990 | train reward: 312.09 | best: 342.93 | KL: 5.730e-05 | std: 0.5261 | rollout: 9.177s | update: 0.254s | total: 9.430s | samples/s: 6787
Iteration 0991 | train reward: 331.33 | best: 342.93 | KL: 5.268e-05 | std: 0.5261 | rollout: 9.291s | update: 0.269s | total: 9.560s | samples/s: 6694
Iteration 0992 | train reward: 340.14 | best: 342.93 | KL: 5.957e-05 | std: 0.5262 | rollout: 7.833s | update: 0.291s | total: 8.124s | samples/s: 7878
Iteration 0993 | train reward: 331.53 | best: 342.93 | KL: 4.939e-05 | std: 0.5261 | rollout: 7.843s | update: 0.327s | total: 8.170s | samples/s: 7834
Iteration 0994 | train reward: 329.19 | best: 342.93 | KL: 6.144e-05 | std: 0.5261 | rollout: 8.579s | update: 0.344s | total: 8.924s | samples/s: 7172
Iteration 0995 | train reward: 327.05 | best: 342.93 | KL: 4.860e-05 | std: 0.5260 | rollout: 8.366s | update: 0.273s | total: 8.639s | samples/s: 7409
Iteration 0996 | train reward: 333.23 | best: 342.93 | KL: 7.319e-05 | std: 0.5260 | rollout: 8.529s | update: 0.299s | total: 8.828s | samples/s: 7250
Iteration 0997 | train reward: 331.77 | best: 342.93 | KL: 5.257e-05 | std: 0.5259 | rollout: 9.000s | update: 0.284s | total: 9.284s | samples/s: 6893
Iteration 0998 | train reward: 322.96 | best: 342.93 | KL: 5.781e-05 | std: 0.5258 | rollout: 8.842s | update: 0.326s | total: 9.168s | samples/s: 6981
Iteration 0999 | train reward: 340.76 | best: 342.93 | KL: 4.622e-05 | std: 0.5254 | rollout: 8.542s | update: 0.328s | total: 8.871s | samples/s: 7215
Iteration 1000 | train reward: 321.87 | best: 342.93 | KL: 8.636e-05 | std: 0.5252 | rollout: 8.783s | update: 0.281s | total: 9.064s | samples/s: 7061
Iteration 1001 | train reward: 336.80 | best: 342.93 | KL: 5.913e-05 | std: 0.5252 | rollout: 9.386s | update: 0.300s | total: 9.686s | samples/s: 6607
Iteration 1002 | train reward: 332.64 | best: 342.93 | KL: 6.532e-05 | std: 0.5252 | rollout: 8.760s | update: 0.256s | total: 9.016s | samples/s: 7098
Iteration 1003 | train reward: 338.04 | best: 342.93 | KL: 6.829e-05 | std: 0.5252 | rollout: 8.649s | update: 0.288s | total: 8.937s | samples/s: 7161
Iteration 1004 | train reward: 343.20 | best: 343.20 | KL: 5.910e-05 | std: 0.5252 | rollout: 8.042s | update: 0.252s | total: 8.294s | samples/s: 7716
Iteration 1005 | train reward: 341.74 | best: 343.20 | KL: 5.510e-05 | std: 0.5242 | rollout: 7.910s | update: 0.336s | total: 8.245s | samples/s: 7762
Iteration 1006 | train reward: 340.75 | best: 343.20 | KL: 4.198e-05 | std: 0.5241 | rollout: 8.422s | update: 0.254s | total: 8.676s | samples/s: 7377
Iteration 1007 | train reward: 336.35 | best: 343.20 | KL: 7.461e-05 | std: 0.5241 | rollout: 7.418s | update: 0.290s | total: 7.708s | samples/s: 8304
Iteration 1008 | train reward: 340.77 | best: 343.20 | KL: 6.828e-05 | std: 0.5241 | rollout: 7.331s | update: 0.292s | total: 7.623s | samples/s: 8396
Iteration 1009 | train reward: 341.00 | best: 343.20 | KL: 5.903e-05 | std: 0.5241 | rollout: 8.537s | update: 0.253s | total: 8.791s | samples/s: 7280
Iteration 1010 | train reward: 336.62 | best: 343.20 | KL: 7.939e-05 | std: 0.5236 | rollout: 9.314s | update: 0.268s | total: 9.581s | samples/s: 6680
Iteration 1011 | train reward: 350.51 | best: 350.51 | KL: 6.506e-05 | std: 0.5235 | rollout: 8.167s | update: 0.340s | total: 8.507s | samples/s: 7524
Iteration 1012 | train reward: 335.93 | best: 350.51 | KL: 6.619e-05 | std: 0.5234 | rollout: 7.980s | update: 0.269s | total: 8.248s | samples/s: 7759
Iteration 1013 | train reward: 340.58 | best: 350.51 | KL: 6.803e-05 | std: 0.5234 | rollout: 8.548s | update: 0.289s | total: 8.836s | samples/s: 7243
Iteration 1014 | train reward: 348.73 | best: 350.51 | KL: 6.187e-05 | std: 0.5234 | rollout: 7.864s | update: 0.283s | total: 8.147s | samples/s: 7856
Iteration 1015 | train reward: 344.61 | best: 350.51 | KL: 7.100e-05 | std: 0.5234 | rollout: 7.994s | update: 0.307s | total: 8.301s | samples/s: 7710
Iteration 1016 | train reward: 347.25 | best: 350.51 | KL: 6.803e-05 | std: 0.5234 | rollout: 7.665s | update: 0.286s | total: 7.951s | samples/s: 8049
Iteration 1017 | train reward: 335.96 | best: 350.51 | KL: 7.230e-05 | std: 0.5233 | rollout: 8.317s | update: 0.312s | total: 8.629s | samples/s: 7417
Iteration 1018 | train reward: 335.75 | best: 350.51 | KL: 6.783e-05 | std: 0.5228 | rollout: 8.571s | update: 0.299s | total: 8.870s | samples/s: 7215
Iteration 1019 | train reward: 342.36 | best: 350.51 | KL: 6.346e-05 | std: 0.5226 | rollout: 9.160s | update: 0.284s | total: 9.444s | samples/s: 6777
Iteration 1020 | train reward: 351.32 | best: 351.32 | KL: 5.526e-05 | std: 0.5226 | rollout: 8.121s | update: 0.326s | total: 8.446s | samples/s: 7577
Iteration 1021 | train reward: 356.15 | best: 356.15 | KL: 5.706e-05 | std: 0.5216 | rollout: 6.905s | update: 0.372s | total: 7.276s | samples/s: 8796
Iteration 1022 | train reward: 342.75 | best: 356.15 | KL: 7.870e-05 | std: 0.5217 | rollout: 7.227s | update: 0.301s | total: 7.528s | samples/s: 8502
Iteration 1023 | train reward: 353.39 | best: 356.15 | KL: 6.722e-05 | std: 0.5226 | rollout: 7.736s | update: 0.281s | total: 8.016s | samples/s: 7984
Iteration 1024 | train reward: 349.43 | best: 356.15 | KL: 7.338e-05 | std: 0.5217 | rollout: 8.837s | update: 0.269s | total: 9.106s | samples/s: 7029
Iteration 1025 | train reward: 346.56 | best: 356.15 | KL: 7.215e-05 | std: 0.5216 | rollout: 8.610s | update: 0.277s | total: 8.887s | samples/s: 7202
Iteration 1026 | train reward: 356.08 | best: 356.15 | KL: 5.385e-05 | std: 0.5217 | rollout: 7.687s | update: 0.326s | total: 8.013s | samples/s: 7987
Iteration 1027 | train reward: 344.88 | best: 356.15 | KL: 7.908e-05 | std: 0.5216 | rollout: 7.084s | update: 0.323s | total: 7.407s | samples/s: 8641
Iteration 1028 | train reward: 338.94 | best: 356.15 | KL: 9.857e-05 | std: 0.5215 | rollout: 8.755s | update: 0.262s | total: 9.017s | samples/s: 7098
Iteration 1029 | train reward: 352.34 | best: 356.15 | KL: 6.409e-05 | std: 0.5215 | rollout: 8.054s | update: 0.253s | total: 8.307s | samples/s: 7704
Iteration 1030 | train reward: 340.03 | best: 356.15 | KL: 7.168e-05 | std: 0.5215 | rollout: 7.575s | update: 0.316s | total: 7.891s | samples/s: 8110
Iteration 1031 | train reward: 347.48 | best: 356.15 | KL: 7.602e-05 | std: 0.5210 | rollout: 9.261s | update: 0.279s | total: 9.540s | samples/s: 6709
Iteration 1032 | train reward: 349.82 | best: 356.15 | KL: 7.930e-05 | std: 0.5210 | rollout: 9.382s | update: 0.325s | total: 9.707s | samples/s: 6593
Iteration 1033 | train reward: 345.83 | best: 356.15 | KL: 7.975e-05 | std: 0.5208 | rollout: 8.909s | update: 0.255s | total: 9.164s | samples/s: 6984
Iteration 1034 | train reward: 337.41 | best: 356.15 | KL: 7.415e-05 | std: 0.5208 | rollout: 8.506s | update: 0.273s | total: 8.779s | samples/s: 7290
Iteration 1035 | train reward: 362.38 | best: 362.38 | KL: 5.782e-05 | std: 0.5208 | rollout: 7.905s | update: 0.310s | total: 8.215s | samples/s: 7791
Iteration 1036 | train reward: 357.41 | best: 362.38 | KL: 5.583e-05 | std: 0.5208 | rollout: 9.222s | update: 0.255s | total: 9.477s | samples/s: 6753
Iteration 1037 | train reward: 358.51 | best: 362.38 | KL: 6.366e-05 | std: 0.5208 | rollout: 7.705s | update: 0.280s | total: 7.985s | samples/s: 8015
Iteration 1038 | train reward: 359.78 | best: 362.38 | KL: 5.247e-05 | std: 0.5208 | rollout: 8.215s | update: 0.284s | total: 8.499s | samples/s: 7530
Iteration 1039 | train reward: 359.22 | best: 362.38 | KL: 5.626e-05 | std: 0.5208 | rollout: 8.317s | update: 0.331s | total: 8.648s | samples/s: 7401
Iteration 1040 | train reward: 353.71 | best: 362.38 | KL: 7.835e-05 | std: 0.5208 | rollout: 8.453s | update: 0.328s | total: 8.780s | samples/s: 7289
Iteration 1041 | train reward: 356.96 | best: 362.38 | KL: 5.541e-05 | std: 0.5206 | rollout: 8.411s | update: 0.282s | total: 8.693s | samples/s: 7363
Iteration 1042 | train reward: 354.03 | best: 362.38 | KL: 5.452e-05 | std: 0.5206 | rollout: 8.462s | update: 0.335s | total: 8.798s | samples/s: 7275
Iteration 1043 | train reward: 365.02 | best: 365.02 | KL: 7.835e-05 | std: 0.5201 | rollout: 9.011s | update: 0.359s | total: 9.370s | samples/s: 6830
Iteration 1044 | train reward: 362.16 | best: 365.02 | KL: 6.662e-05 | std: 0.5200 | rollout: 8.978s | update: 0.257s | total: 9.235s | samples/s: 6930
Iteration 1045 | train reward: 362.31 | best: 365.02 | KL: 7.752e-05 | std: 0.5189 | rollout: 7.955s | update: 0.326s | total: 8.281s | samples/s: 7729
Iteration 1046 | train reward: 360.09 | best: 365.02 | KL: 7.790e-05 | std: 0.5189 | rollout: 8.974s | update: 0.252s | total: 9.226s | samples/s: 6937
Iteration 1047 | train reward: 355.28 | best: 365.02 | KL: 5.519e-05 | std: 0.5184 | rollout: 7.229s | update: 0.266s | total: 7.495s | samples/s: 8539
Iteration 1048 | train reward: 371.29 | best: 371.29 | KL: 5.573e-05 | std: 0.5183 | rollout: 8.568s | update: 0.350s | total: 8.918s | samples/s: 7176
Iteration 1049 | train reward: 365.25 | best: 371.29 | KL: 5.804e-05 | std: 0.5183 | rollout: 7.814s | update: 0.256s | total: 8.070s | samples/s: 7931
Iteration 1050 | train reward: 353.95 | best: 371.29 | KL: 8.098e-05 | std: 0.5183 | rollout: 7.858s | update: 0.291s | total: 8.148s | samples/s: 7855
Iteration 1051 | train reward: 353.97 | best: 371.29 | KL: 7.188e-05 | std: 0.5182 | rollout: 9.396s | update: 0.371s | total: 9.767s | samples/s: 6552
Iteration 1052 | train reward: 360.00 | best: 371.29 | KL: 5.945e-05 | std: 0.5182 | rollout: 9.766s | update: 0.328s | total: 10.094s | samples/s: 6341
Iteration 1053 | train reward: 367.52 | best: 371.29 | KL: 7.589e-05 | std: 0.5182 | rollout: 7.514s | update: 0.340s | total: 7.854s | samples/s: 8149
Iteration 1054 | train reward: 363.71 | best: 371.29 | KL: 8.727e-05 | std: 0.5182 | rollout: 7.448s | update: 0.264s | total: 7.711s | samples/s: 8299
Iteration 1055 | train reward: 378.23 | best: 378.23 | KL: 6.258e-05 | std: 0.5180 | rollout: 9.253s | update: 0.317s | total: 9.569s | samples/s: 6688
Iteration 1056 | train reward: 368.28 | best: 378.23 | KL: 5.507e-05 | std: 0.5176 | rollout: 8.238s | update: 0.323s | total: 8.561s | samples/s: 7476
Iteration 1057 | train reward: 374.98 | best: 378.23 | KL: 7.001e-05 | std: 0.5175 | rollout: 9.228s | update: 0.300s | total: 9.528s | samples/s: 6717
Iteration 1058 | train reward: 362.81 | best: 378.23 | KL: 5.903e-05 | std: 0.5174 | rollout: 7.404s | update: 0.267s | total: 7.671s | samples/s: 8343
Iteration 1059 | train reward: 369.88 | best: 378.23 | KL: 7.009e-05 | std: 0.5164 | rollout: 9.100s | update: 0.251s | total: 9.351s | samples/s: 6844
Iteration 1060 | train reward: 378.32 | best: 378.32 | KL: 8.645e-05 | std: 0.5163 | rollout: 7.947s | update: 0.258s | total: 8.205s | samples/s: 7800
Iteration 1061 | train reward: 380.23 | best: 380.23 | KL: 7.054e-05 | std: 0.5164 | rollout: 8.089s | update: 0.328s | total: 8.417s | samples/s: 7603
Iteration 1062 | train reward: 373.88 | best: 380.23 | KL: 6.416e-05 | std: 0.5163 | rollout: 8.153s | update: 0.287s | total: 8.440s | samples/s: 7583
Iteration 1063 | train reward: 369.51 | best: 380.23 | KL: 8.258e-05 | std: 0.5164 | rollout: 7.675s | update: 0.306s | total: 7.981s | samples/s: 8019
Iteration 1064 | train reward: 372.26 | best: 380.23 | KL: 1.011e-04 | std: 0.5163 | rollout: 7.432s | update: 0.297s | total: 7.729s | samples/s: 8280
Iteration 1065 | train reward: 375.17 | best: 380.23 | KL: 8.157e-05 | std: 0.5158 | rollout: 7.593s | update: 0.267s | total: 7.861s | samples/s: 8142
Iteration 1066 | train reward: 375.69 | best: 380.23 | KL: 6.921e-05 | std: 0.5158 | rollout: 7.413s | update: 0.332s | total: 7.745s | samples/s: 8264
Iteration 1067 | train reward: 371.68 | best: 380.23 | KL: 7.547e-05 | std: 0.5157 | rollout: 9.139s | update: 0.297s | total: 9.436s | samples/s: 6782
Iteration 1068 | train reward: 382.03 | best: 382.03 | KL: 6.891e-05 | std: 0.5156 | rollout: 8.007s | update: 0.357s | total: 8.364s | samples/s: 7652
Iteration 1069 | train reward: 382.04 | best: 382.04 | KL: 6.538e-05 | std: 0.5156 | rollout: 8.395s | update: 0.300s | total: 8.695s | samples/s: 7361
Iteration 1070 | train reward: 369.88 | best: 382.04 | KL: 9.548e-05 | std: 0.5156 | rollout: 8.720s | update: 0.264s | total: 8.985s | samples/s: 7123
Iteration 1071 | train reward: 379.75 | best: 382.04 | KL: 7.661e-05 | std: 0.5156 | rollout: 7.220s | update: 0.323s | total: 7.544s | samples/s: 8484
Iteration 1072 | train reward: 383.44 | best: 383.44 | KL: 5.589e-05 | std: 0.5156 | rollout: 7.609s | update: 0.294s | total: 7.903s | samples/s: 8098
Iteration 1073 | train reward: 385.65 | best: 385.65 | KL: 5.992e-05 | std: 0.5154 | rollout: 8.417s | update: 0.267s | total: 8.684s | samples/s: 7370
Iteration 1074 | train reward: 387.41 | best: 387.41 | KL: 5.751e-05 | std: 0.5154 | rollout: 9.545s | update: 0.327s | total: 9.872s | samples/s: 6483
Iteration 1075 | train reward: 387.51 | best: 387.51 | KL: 7.862e-05 | std: 0.5149 | rollout: 8.751s | update: 0.256s | total: 9.008s | samples/s: 7105
Iteration 1076 | train reward: 382.05 | best: 387.51 | KL: 8.369e-05 | std: 0.5148 | rollout: 8.982s | update: 0.329s | total: 9.312s | samples/s: 6873
Iteration 1077 | train reward: 388.81 | best: 388.81 | KL: 5.880e-05 | std: 0.5148 | rollout: 8.288s | update: 0.260s | total: 8.548s | samples/s: 7487
Iteration 1078 | train reward: 381.41 | best: 388.81 | KL: 7.806e-05 | std: 0.5148 | rollout: 9.212s | update: 0.308s | total: 9.520s | samples/s: 6722
Iteration 1079 | train reward: 382.94 | best: 388.81 | KL: 7.643e-05 | std: 0.5139 | rollout: 8.735s | update: 0.260s | total: 8.995s | samples/s: 7115
Iteration 1080 | train reward: 383.63 | best: 388.81 | KL: 6.955e-05 | std: 0.5138 | rollout: 9.364s | update: 0.259s | total: 9.624s | samples/s: 6650
Iteration 1081 | train reward: 387.04 | best: 388.81 | KL: 5.676e-05 | std: 0.5137 | rollout: 8.370s | update: 0.315s | total: 8.685s | samples/s: 7369
Iteration 1082 | train reward: 380.37 | best: 388.81 | KL: 7.801e-05 | std: 0.5137 | rollout: 8.197s | update: 0.253s | total: 8.450s | samples/s: 7574
Iteration 1083 | train reward: 381.44 | best: 388.81 | KL: 6.792e-05 | std: 0.5132 | rollout: 9.080s | update: 0.272s | total: 9.351s | samples/s: 6844
Iteration 1084 | train reward: 394.19 | best: 394.19 | KL: 5.949e-05 | std: 0.5132 | rollout: 8.781s | update: 0.285s | total: 9.066s | samples/s: 7059
Iteration 1085 | train reward: 384.82 | best: 394.19 | KL: 5.867e-05 | std: 0.5132 | rollout: 7.493s | update: 0.326s | total: 7.819s | samples/s: 8185
Iteration 1086 | train reward: 385.77 | best: 394.19 | KL: 8.118e-05 | std: 0.5132 | rollout: 8.179s | update: 0.252s | total: 8.431s | samples/s: 7591
Iteration 1087 | train reward: 386.10 | best: 394.19 | KL: 7.498e-05 | std: 0.5131 | rollout: 7.495s | update: 0.284s | total: 7.778s | samples/s: 8228
Iteration 1088 | train reward: 389.03 | best: 394.19 | KL: 6.783e-05 | std: 0.5130 | rollout: 7.731s | update: 0.343s | total: 8.074s | samples/s: 7927
Iteration 1089 | train reward: 388.67 | best: 394.19 | KL: 7.101e-05 | std: 0.5130 | rollout: 8.827s | update: 0.296s | total: 9.124s | samples/s: 7015
Iteration 1090 | train reward: 390.97 | best: 394.19 | KL: 6.270e-05 | std: 0.5129 | rollout: 8.868s | update: 0.272s | total: 9.140s | samples/s: 7002
Iteration 1091 | train reward: 392.72 | best: 394.19 | KL: 7.626e-05 | std: 0.5128 | rollout: 7.880s | update: 0.255s | total: 8.135s | samples/s: 7868
Iteration 1092 | train reward: 399.25 | best: 399.25 | KL: 7.926e-05 | std: 0.5124 | rollout: 8.745s | update: 0.316s | total: 9.062s | samples/s: 7063
Iteration 1093 | train reward: 381.12 | best: 399.25 | KL: 7.678e-05 | std: 0.5122 | rollout: 8.198s | update: 0.367s | total: 8.565s | samples/s: 7472
Iteration 1094 | train reward: 400.35 | best: 400.35 | KL: 5.147e-05 | std: 0.5122 | rollout: 7.512s | update: 0.332s | total: 7.843s | samples/s: 8160
Iteration 1095 | train reward: 393.18 | best: 400.35 | KL: 9.939e-05 | std: 0.5113 | rollout: 9.004s | update: 0.284s | total: 9.288s | samples/s: 6890
Iteration 1096 | train reward: 388.73 | best: 400.35 | KL: 7.400e-05 | std: 0.5112 | rollout: 9.007s | update: 0.287s | total: 9.294s | samples/s: 6886
Iteration 1097 | train reward: 384.38 | best: 400.35 | KL: 9.853e-05 | std: 0.5112 | rollout: 8.668s | update: 0.323s | total: 8.990s | samples/s: 7119
Iteration 1098 | train reward: 405.51 | best: 405.51 | KL: 5.359e-05 | std: 0.5111 | rollout: 7.715s | update: 0.298s | total: 8.013s | samples/s: 7987
Iteration 1099 | train reward: 394.34 | best: 405.51 | KL: 7.783e-05 | std: 0.5111 | rollout: 9.398s | update: 0.253s | total: 9.650s | samples/s: 6632
Iteration 1100 | train reward: 400.50 | best: 405.51 | KL: 6.841e-05 | std: 0.5111 | rollout: 7.387s | update: 0.251s | total: 7.637s | samples/s: 8380
Iteration 1101 | train reward: 388.96 | best: 405.51 | KL: 6.619e-05 | std: 0.5111 | rollout: 8.041s | update: 0.306s | total: 8.347s | samples/s: 7668
Iteration 1102 | train reward: 399.72 | best: 405.51 | KL: 7.572e-05 | std: 0.5111 | rollout: 7.423s | update: 0.268s | total: 7.691s | samples/s: 8321
Iteration 1103 | train reward: 392.83 | best: 405.51 | KL: 6.510e-05 | std: 0.5111 | rollout: 7.631s | update: 0.326s | total: 7.957s | samples/s: 8044
Iteration 1104 | train reward: 403.76 | best: 405.51 | KL: 6.267e-05 | std: 0.5111 | rollout: 7.587s | update: 0.327s | total: 7.914s | samples/s: 8087
Iteration 1105 | train reward: 399.76 | best: 405.51 | KL: 7.545e-05 | std: 0.5111 | rollout: 8.894s | update: 0.306s | total: 9.201s | samples/s: 6956
Iteration 1106 | train reward: 398.69 | best: 405.51 | KL: 6.579e-05 | std: 0.5111 | rollout: 8.613s | update: 0.339s | total: 8.952s | samples/s: 7149
Iteration 1107 | train reward: 408.83 | best: 408.83 | KL: 5.003e-05 | std: 0.5111 | rollout: 9.923s | update: 0.276s | total: 10.199s | samples/s: 6275
Iteration 1108 | train reward: 400.59 | best: 408.83 | KL: 6.728e-05 | std: 0.5112 | rollout: 8.088s | update: 0.288s | total: 8.377s | samples/s: 7640
Iteration 1109 | train reward: 410.14 | best: 410.14 | KL: 6.298e-05 | std: 0.5111 | rollout: 8.546s | update: 0.332s | total: 8.878s | samples/s: 7209
Iteration 1110 | train reward: 402.90 | best: 410.14 | KL: 7.598e-05 | std: 0.5111 | rollout: 7.349s | update: 0.316s | total: 7.665s | samples/s: 8349
Iteration 1111 | train reward: 403.80 | best: 410.14 | KL: 5.128e-05 | std: 0.5106 | rollout: 8.411s | update: 0.255s | total: 8.666s | samples/s: 7385
Iteration 1112 | train reward: 398.05 | best: 410.14 | KL: 6.577e-05 | std: 0.5106 | rollout: 8.764s | update: 0.274s | total: 9.038s | samples/s: 7082
Iteration 1113 | train reward: 392.21 | best: 410.14 | KL: 7.988e-05 | std: 0.5106 | rollout: 7.703s | update: 0.256s | total: 7.959s | samples/s: 8041
Iteration 1114 | train reward: 401.18 | best: 410.14 | KL: 6.972e-05 | std: 0.5106 | rollout: 8.414s | update: 0.354s | total: 8.768s | samples/s: 7299
Iteration 1115 | train reward: 398.64 | best: 410.14 | KL: 8.219e-05 | std: 0.5106 | rollout: 9.284s | update: 0.257s | total: 9.541s | samples/s: 6708
Iteration 1116 | train reward: 398.77 | best: 410.14 | KL: 8.076e-05 | std: 0.5111 | rollout: 9.097s | update: 0.267s | total: 9.363s | samples/s: 6835
Iteration 1117 | train reward: 392.89 | best: 410.14 | KL: 7.791e-05 | std: 0.5111 | rollout: 8.457s | update: 0.306s | total: 8.763s | samples/s: 7304
Iteration 1118 | train reward: 404.70 | best: 410.14 | KL: 5.946e-05 | std: 0.5111 | rollout: 9.067s | update: 0.294s | total: 9.361s | samples/s: 6837
Iteration 1119 | train reward: 392.19 | best: 410.14 | KL: 1.030e-04 | std: 0.5106 | rollout: 8.821s | update: 0.258s | total: 9.079s | samples/s: 7049
Iteration 1120 | train reward: 408.84 | best: 410.14 | KL: 5.901e-05 | std: 0.5106 | rollout: 8.238s | update: 0.324s | total: 8.562s | samples/s: 7475
Iteration 1121 | train reward: 406.18 | best: 410.14 | KL: 7.381e-05 | std: 0.5106 | rollout: 9.344s | update: 0.337s | total: 9.681s | samples/s: 6611
Iteration 1122 | train reward: 411.44 | best: 411.44 | KL: 5.617e-05 | std: 0.5105 | rollout: 8.108s | update: 0.254s | total: 8.362s | samples/s: 7653
Iteration 1123 | train reward: 401.66 | best: 411.44 | KL: 8.815e-05 | std: 0.5106 | rollout: 8.484s | update: 0.264s | total: 8.748s | samples/s: 7316
Iteration 1124 | train reward: 400.06 | best: 411.44 | KL: 7.810e-05 | std: 0.5105 | rollout: 6.402s | update: 0.273s | total: 6.675s | samples/s: 9588
Iteration 1125 | train reward: 412.61 | best: 412.61 | KL: 1.041e-04 | std: 0.5104 | rollout: 8.752s | update: 0.286s | total: 9.039s | samples/s: 7081
Iteration 1126 | train reward: 403.80 | best: 412.61 | KL: 7.997e-05 | std: 0.5104 | rollout: 8.251s | update: 0.284s | total: 8.534s | samples/s: 7499
Iteration 1127 | train reward: 404.80 | best: 412.61 | KL: 7.285e-05 | std: 0.5104 | rollout: 8.812s | update: 0.324s | total: 9.136s | samples/s: 7005
Iteration 1128 | train reward: 417.16 | best: 417.16 | KL: 7.270e-05 | std: 0.5102 | rollout: 8.543s | update: 0.299s | total: 8.842s | samples/s: 7238
Iteration 1129 | train reward: 414.11 | best: 417.16 | KL: 8.248e-05 | std: 0.5097 | rollout: 8.414s | update: 0.253s | total: 8.667s | samples/s: 7384
Iteration 1130 | train reward: 413.35 | best: 417.16 | KL: 6.408e-05 | std: 0.5096 | rollout: 7.960s | update: 0.293s | total: 8.252s | samples/s: 7755
Iteration 1131 | train reward: 420.19 | best: 420.19 | KL: 5.558e-05 | std: 0.5096 | rollout: 8.917s | update: 0.381s | total: 9.299s | samples/s: 6883
Iteration 1132 | train reward: 414.11 | best: 420.19 | KL: 7.600e-05 | std: 0.5096 | rollout: 8.650s | update: 0.283s | total: 8.933s | samples/s: 7165
Iteration 1133 | train reward: 416.01 | best: 420.19 | KL: 5.879e-05 | std: 0.5096 | rollout: 8.684s | update: 0.309s | total: 8.993s | samples/s: 7116
Iteration 1134 | train reward: 423.94 | best: 423.94 | KL: 6.405e-05 | std: 0.5096 | rollout: 8.434s | update: 0.326s | total: 8.760s | samples/s: 7306
Iteration 1135 | train reward: 410.50 | best: 423.94 | KL: 7.730e-05 | std: 0.5087 | rollout: 8.983s | update: 0.261s | total: 9.244s | samples/s: 6924
Iteration 1136 | train reward: 400.59 | best: 423.94 | KL: 8.881e-05 | std: 0.5087 | rollout: 9.636s | update: 0.296s | total: 9.932s | samples/s: 6444
Iteration 1137 | train reward: 412.29 | best: 423.94 | KL: 1.004e-04 | std: 0.5087 | rollout: 8.030s | update: 0.313s | total: 8.344s | samples/s: 7671
Iteration 1138 | train reward: 415.02 | best: 423.94 | KL: 8.951e-05 | std: 0.5086 | rollout: 7.398s | update: 0.300s | total: 7.697s | samples/s: 8315
Iteration 1139 | train reward: 408.55 | best: 423.94 | KL: 8.818e-05 | std: 0.5085 | rollout: 8.425s | update: 0.251s | total: 8.676s | samples/s: 7377
Iteration 1140 | train reward: 427.96 | best: 427.96 | KL: 5.107e-05 | std: 0.5085 | rollout: 7.995s | update: 0.293s | total: 8.288s | samples/s: 7722
Iteration 1141 | train reward: 422.83 | best: 427.96 | KL: 6.683e-05 | std: 0.5085 | rollout: 8.604s | update: 0.302s | total: 8.906s | samples/s: 7186
Iteration 1142 | train reward: 416.99 | best: 427.96 | KL: 5.834e-05 | std: 0.5080 | rollout: 9.245s | update: 0.290s | total: 9.534s | samples/s: 6712
Iteration 1143 | train reward: 402.27 | best: 427.96 | KL: 9.706e-05 | std: 0.5080 | rollout: 8.109s | update: 0.301s | total: 8.409s | samples/s: 7611
Iteration 1144 | train reward: 415.03 | best: 427.96 | KL: 7.605e-05 | std: 0.5080 | rollout: 7.485s | update: 0.329s | total: 7.814s | samples/s: 8190
Iteration 1145 | train reward: 406.22 | best: 427.96 | KL: 1.063e-04 | std: 0.5080 | rollout: 8.557s | update: 0.288s | total: 8.845s | samples/s: 7236
Iteration 1146 | train reward: 407.36 | best: 427.96 | KL: 7.388e-05 | std: 0.5079 | rollout: 7.928s | update: 0.290s | total: 8.218s | samples/s: 7787
Iteration 1147 | train reward: 417.37 | best: 427.96 | KL: 8.488e-05 | std: 0.5078 | rollout: 8.967s | update: 0.258s | total: 9.224s | samples/s: 6938
Iteration 1148 | train reward: 404.30 | best: 427.96 | KL: 8.152e-05 | std: 0.5078 | rollout: 8.148s | update: 0.288s | total: 8.436s | samples/s: 7586
Iteration 1149 | train reward: 419.77 | best: 427.96 | KL: 5.867e-05 | std: 0.5078 | rollout: 8.656s | update: 0.338s | total: 8.994s | samples/s: 7115
Iteration 1150 | train reward: 411.41 | best: 427.96 | KL: 9.126e-05 | std: 0.5078 | rollout: 8.513s | update: 0.291s | total: 8.804s | samples/s: 7270
Iteration 1151 | train reward: 423.52 | best: 427.96 | KL: 9.847e-05 | std: 0.5078 | rollout: 7.808s | update: 0.299s | total: 8.108s | samples/s: 7894
Iteration 1152 | train reward: 411.02 | best: 427.96 | KL: 1.171e-04 | std: 0.5076 | rollout: 7.871s | update: 0.351s | total: 8.222s | samples/s: 7784
Iteration 1153 | train reward: 413.43 | best: 427.96 | KL: 9.249e-05 | std: 0.5076 | rollout: 7.578s | update: 0.301s | total: 7.879s | samples/s: 8123
Iteration 1154 | train reward: 429.83 | best: 429.83 | KL: 8.152e-05 | std: 0.5071 | rollout: 9.133s | update: 0.317s | total: 9.450s | samples/s: 6772
Iteration 1155 | train reward: 401.88 | best: 429.83 | KL: 1.190e-04 | std: 0.5071 | rollout: 8.153s | update: 0.259s | total: 8.412s | samples/s: 7608
Iteration 1156 | train reward: 431.47 | best: 431.47 | KL: 8.380e-05 | std: 0.5072 | rollout: 8.856s | update: 0.277s | total: 9.133s | samples/s: 7007
Iteration 1157 | train reward: 416.68 | best: 431.47 | KL: 7.943e-05 | std: 0.5071 | rollout: 8.085s | update: 0.324s | total: 8.408s | samples/s: 7612
Iteration 1158 | train reward: 431.56 | best: 431.56 | KL: 7.443e-05 | std: 0.5069 | rollout: 8.377s | update: 0.316s | total: 8.693s | samples/s: 7362
Iteration 1159 | train reward: 423.70 | best: 431.56 | KL: 6.650e-05 | std: 0.5061 | rollout: 9.220s | update: 0.293s | total: 9.513s | samples/s: 6727
Iteration 1160 | train reward: 433.95 | best: 433.95 | KL: 7.932e-05 | std: 0.5060 | rollout: 7.750s | update: 0.273s | total: 8.023s | samples/s: 7977
Iteration 1161 | train reward: 431.79 | best: 433.95 | KL: 1.094e-04 | std: 0.5059 | rollout: 9.451s | update: 0.283s | total: 9.734s | samples/s: 6575
Iteration 1162 | train reward: 410.17 | best: 433.95 | KL: 9.834e-05 | std: 0.5054 | rollout: 6.812s | update: 0.329s | total: 7.141s | samples/s: 8962
Iteration 1163 | train reward: 422.51 | best: 433.95 | KL: 7.491e-05 | std: 0.5053 | rollout: 9.149s | update: 0.361s | total: 9.510s | samples/s: 6730
Iteration 1164 | train reward: 430.04 | best: 433.95 | KL: 9.266e-05 | std: 0.5052 | rollout: 8.605s | update: 0.274s | total: 8.879s | samples/s: 7208
Iteration 1165 | train reward: 439.65 | best: 439.65 | KL: 5.319e-05 | std: 0.5052 | rollout: 9.129s | update: 0.260s | total: 9.390s | samples/s: 6816
Iteration 1166 | train reward: 446.75 | best: 446.75 | KL: 7.389e-05 | std: 0.5052 | rollout: 10.124s | update: 0.290s | total: 10.414s | samples/s: 6146
Iteration 1167 | train reward: 422.00 | best: 446.75 | KL: 1.132e-04 | std: 0.5052 | rollout: 9.264s | update: 0.325s | total: 9.589s | samples/s: 6674
Iteration 1168 | train reward: 430.39 | best: 446.75 | KL: 6.658e-05 | std: 0.5052 | rollout: 8.542s | update: 0.267s | total: 8.809s | samples/s: 7266
Iteration 1169 | train reward: 430.82 | best: 446.75 | KL: 1.212e-04 | std: 0.5050 | rollout: 7.325s | update: 0.258s | total: 7.584s | samples/s: 8439
Iteration 1170 | train reward: 413.03 | best: 446.75 | KL: 1.001e-04 | std: 0.5052 | rollout: 8.483s | update: 0.304s | total: 8.786s | samples/s: 7284
Iteration 1171 | train reward: 421.91 | best: 446.75 | KL: 1.077e-04 | std: 0.5052 | rollout: 8.717s | update: 0.344s | total: 9.060s | samples/s: 7064
Iteration 1172 | train reward: 429.44 | best: 446.75 | KL: 9.516e-05 | std: 0.5052 | rollout: 8.649s | update: 0.253s | total: 8.902s | samples/s: 7189
Iteration 1173 | train reward: 438.67 | best: 446.75 | KL: 6.880e-05 | std: 0.5052 | rollout: 7.479s | update: 0.364s | total: 7.843s | samples/s: 8160
Iteration 1174 | train reward: 443.82 | best: 446.75 | KL: 6.194e-05 | std: 0.5052 | rollout: 8.128s | update: 0.316s | total: 8.445s | samples/s: 7579
Iteration 1175 | train reward: 434.83 | best: 446.75 | KL: 6.524e-05 | std: 0.5050 | rollout: 8.577s | update: 0.254s | total: 8.830s | samples/s: 7248
Iteration 1176 | train reward: 423.29 | best: 446.75 | KL: 8.259e-05 | std: 0.5045 | rollout: 8.189s | update: 0.293s | total: 8.482s | samples/s: 7546
Iteration 1177 | train reward: 423.50 | best: 446.75 | KL: 9.750e-05 | std: 0.5045 | rollout: 7.095s | update: 0.316s | total: 7.411s | samples/s: 8636
Iteration 1178 | train reward: 439.30 | best: 446.75 | KL: 7.117e-05 | std: 0.5045 | rollout: 7.983s | update: 0.302s | total: 8.285s | samples/s: 7725
Iteration 1179 | train reward: 436.36 | best: 446.75 | KL: 6.495e-05 | std: 0.5045 | rollout: 7.896s | update: 0.320s | total: 8.216s | samples/s: 7790
Iteration 1180 | train reward: 427.45 | best: 446.75 | KL: 7.443e-05 | std: 0.5045 | rollout: 7.493s | update: 0.323s | total: 7.816s | samples/s: 8188
Iteration 1181 | train reward: 446.15 | best: 446.75 | KL: 9.564e-05 | std: 0.5044 | rollout: 8.076s | update: 0.255s | total: 8.330s | samples/s: 7683
Iteration 1182 | train reward: 434.57 | best: 446.75 | KL: 1.018e-04 | std: 0.5043 | rollout: 8.751s | update: 0.277s | total: 9.028s | samples/s: 7089
Iteration 1183 | train reward: 428.73 | best: 446.75 | KL: 7.826e-05 | std: 0.5035 | rollout: 8.217s | update: 0.311s | total: 8.529s | samples/s: 7504
Iteration 1184 | train reward: 436.58 | best: 446.75 | KL: 1.186e-04 | std: 0.5034 | rollout: 7.365s | update: 0.363s | total: 7.728s | samples/s: 8282
Iteration 1185 | train reward: 434.69 | best: 446.75 | KL: 7.392e-05 | std: 0.5033 | rollout: 8.761s | update: 0.314s | total: 9.076s | samples/s: 7052
Iteration 1186 | train reward: 426.11 | best: 446.75 | KL: 9.327e-05 | std: 0.5033 | rollout: 8.850s | update: 0.288s | total: 9.139s | samples/s: 7003
Iteration 1187 | train reward: 441.23 | best: 446.75 | KL: 7.249e-05 | std: 0.5028 | rollout: 8.937s | update: 0.252s | total: 9.189s | samples/s: 6965
Iteration 1188 | train reward: 451.04 | best: 451.04 | KL: 6.059e-05 | std: 0.5028 | rollout: 8.549s | update: 0.288s | total: 8.837s | samples/s: 7242
Iteration 1189 | train reward: 435.33 | best: 451.04 | KL: 7.906e-05 | std: 0.5027 | rollout: 7.852s | update: 0.300s | total: 8.152s | samples/s: 7850
Iteration 1190 | train reward: 450.31 | best: 451.04 | KL: 6.740e-05 | std: 0.5026 | rollout: 7.649s | update: 0.307s | total: 7.957s | samples/s: 8043
Iteration 1191 | train reward: 444.43 | best: 451.04 | KL: 7.979e-05 | std: 0.5026 | rollout: 7.064s | update: 0.355s | total: 7.418s | samples/s: 8627
Iteration 1192 | train reward: 442.99 | best: 451.04 | KL: 7.036e-05 | std: 0.5026 | rollout: 7.610s | update: 0.290s | total: 7.901s | samples/s: 8101
Iteration 1193 | train reward: 446.03 | best: 451.04 | KL: 8.750e-05 | std: 0.5026 | rollout: 7.692s | update: 0.298s | total: 7.990s | samples/s: 8010
Iteration 1194 | train reward: 440.11 | best: 451.04 | KL: 7.006e-05 | std: 0.5026 | rollout: 7.933s | update: 0.287s | total: 8.220s | samples/s: 7786
Iteration 1195 | train reward: 454.53 | best: 454.53 | KL: 8.526e-05 | std: 0.5026 | rollout: 7.670s | update: 0.260s | total: 7.929s | samples/s: 8071
Iteration 1196 | train reward: 432.68 | best: 454.53 | KL: 9.035e-05 | std: 0.5026 | rollout: 5.984s | update: 0.293s | total: 6.277s | samples/s: 10195
Iteration 1197 | train reward: 453.47 | best: 454.53 | KL: 9.567e-05 | std: 0.5025 | rollout: 5.945s | update: 0.263s | total: 6.208s | samples/s: 10309
Iteration 1198 | train reward: 448.69 | best: 454.53 | KL: 1.143e-04 | std: 0.5024 | rollout: 6.888s | update: 0.250s | total: 7.138s | samples/s: 8966
Iteration 1199 | train reward: 456.89 | best: 456.89 | KL: 6.116e-05 | std: 0.5024 | rollout: 6.677s | update: 0.322s | total: 6.998s | samples/s: 9145
training time 10338.39s
