method,seed,update,true_environment_steps_before_update,beta,barrier_active,reward_gradient_norm,barrier_gradient_norm,regularizer_gradient_norm,total_gradient_norm,naturalized_reward_norm,naturalized_barrier_norm,euclidean_barrier_to_reward_ratio,natural_barrier_to_reward_ratio,euclidean_cosine,euclidean_cosine_defined,natural_cosine,natural_cosine_defined,realized_kl,damping
gpomdp_logbarrier_handoff,708,0,0,546.4135158976487,True,214.78497314453125,0.04637656360864639,25.340782165527344,232.8502960205078,3200.167236328125,93.3758316040039,0.11798209993245311,0.029178422472427856,0.6838845014572144,True,0.2993730902671814,True,0.00011553687363630161,0.01
gpomdp_logbarrier_handoff,708,1,4000,546.4135158976487,True,241.74038696289062,0.04031526669859886,22.028806686401367,243.9122772216797,3059.951904296875,96.08789825439453,0.0911258849344979,0.03140176749819664,0.05347287654876709,True,-0.3118090331554413,True,4.468120459932834e-05,0.01
gpomdp_logbarrier_handoff,708,2,8000,546.4135158976487,True,325.77447509765625,0.031199613586068153,17.047889709472656,312.88922119140625,3486.143310546875,89.59529876708984,0.052330342039112396,0.025700406089454463,-0.7670456171035767,True,0.12178267538547516,True,5.9891867749684025e-06,0.01
gpomdp_logbarrier_handoff,708,3,12000,546.4135158976487,True,209.32382202148438,0.0345650352537632,18.88680076599121,197.1591033935547,3402.82421875,93.62276458740234,0.09022767014092035,0.02751325327694826,-0.6704849004745483,True,-0.019130900502204895,True,1.5062205420690589e-05,0.01
gpomdp_logbarrier_handoff,708,4,16000,546.4135158976487,True,102.19120025634766,0.041247546672821045,22.53821563720703,116.5847396850586,4003.849853515625,99.76901245117188,0.22054947569526231,0.024918270190269143,0.5733282566070557,True,-0.056993164122104645,True,8.301532943733037e-06,0.01
gpomdp_logbarrier_handoff,708,5,20000,546.4135158976487,True,288.2335205078125,0.03743072226643562,20.452651977539062,293.78448486328125,3420.40380859375,97.45895385742188,0.07095861696275087,0.028493405840724614,0.23854058980941772,True,-0.43436744809150696,True,2.0041117750224657e-05,0.01
gpomdp_logbarrier_handoff,708,6,24000,546.4135158976487,True,280.7889404296875,0.03660275787115097,20.000244140625,277.9747009277344,6103.00146484375,95.59723663330078,0.07122874608244505,0.015663970782898752,-0.17561885714530945,True,0.10400568693876266,True,2.9969885872560553e-05,0.01
gpomdp_logbarrier_handoff,708,7,28000,546.4135158976487,True,493.9307556152344,0.03557571768760681,19.439054489135742,491.7430725097656,4109.65869140625,103.85844421386719,0.0393558292698795,0.02527179311290416,-0.13196922838687897,True,-0.22413493692874908,True,3.4928737022710266e-06,0.01
gpomdp_logbarrier_handoff,708,8,32000,546.4135158976487,True,160.11569213867188,0.038330186158418655,20.94413185119629,150.7488250732422,2862.762939453125,104.5171890258789,0.13080624123372706,0.0365092015079128,-0.49955347180366516,True,0.3167334794998169,True,4.792746494786115e-06,0.01
gpomdp_logbarrier_handoff,708,9,36000,546.4135158976487,True,314.4087829589844,0.04112214222550392,22.469696044921875,295.78509521484375,4113.23095703125,102.53154754638672,0.0714665024095498,0.024927252716290333,-0.8400214910507202,True,0.08609027415513992,True,1.2902550224680454e-05,0.01
gpomdp_logbarrier_handoff,708,10,40000,546.4135158976487,True,457.88848876953125,0.046041470021009445,25.157682418823242,471.7553405761719,4103.169921875,101.5322494506836,0.054942814759175666,0.024744831772476786,0.5320731997489929,True,0.20965176820755005,True,6.956522611289984e-06,0.01
gpomdp_logbarrier_handoff,708,11,44000,546.4135158976487,True,220.227294921875,0.046412143856287,25.36022186279297,225.9970703125,4358.1318359375,103.06099700927734,0.11515476259102866,0.0236479759881122,0.17291615903377533,True,-0.08710452169179916,True,9.292431059293449e-06,0.01
gpomdp_logbarrier_handoff,708,12,48000,546.4135158976487,True,267.1991271972656,0.049519170075654984,27.057945251464844,259.744873046875,4405.93017578125,111.97394561767578,0.10126509594280494,0.025414371347321864,-0.32228174805641174,True,-0.24659205973148346,True,1.3686099009646568e-05,0.01
gpomdp_logbarrier_handoff,708,13,52000,546.4135158976487,True,243.60302734375,0.04830664396286011,26.395402908325195,238.59017944335938,3286.143310546875,104.59652709960938,0.10835416618644254,0.031829569563782224,-0.24213628470897675,True,0.23834013938903809,True,2.0349223632365465e-05,0.01
gpomdp_logbarrier_handoff,708,14,56000,546.4135158976487,True,259.6077880859375,0.05266483500599861,28.776779174804688,238.17388916015625,4869.17138671875,104.83412170410156,0.11084713362019309,0.021530176980430228,-0.7695095539093018,True,0.018807364627718925,True,2.4544391635572538e-05,0.01
gpomdp_logbarrier_handoff,708,15,60000,546.4135158976487,True,129.9354705810547,0.05684811994433403,31.062580108642578,140.83265686035156,4075.31884765625,108.62552642822266,0.2390615893391906,0.026654485327128233,0.245993971824646,True,0.10189581662416458,True,1.727305425447412e-05,0.01
gpomdp_logbarrier_handoff,708,16,64000,546.4135158976487,True,231.642822265625,0.059421077370643616,32.468482971191406,235.50860595703125,2915.302490234375,103.90078735351562,0.1401661517228441,0.03563979645390505,0.0499730184674263,True,0.16969642043113708,True,2.0800776837859303e-05,0.01
gpomdp_logbarrier_handoff,708,17,68000,546.4135158976487,True,167.0146026611328,0.06309898942708969,34.4781379699707,152.17283630371094,3747.1337890625,105.40687561035156,0.20643786483703896,0.028130000566839498,-0.5145609378814697,True,-0.08484768867492676,True,1.5191333659458905e-05,0.01
gpomdp_logbarrier_handoff,708,18,72000,546.4135158976487,True,221.0395050048828,0.06394930928945541,34.94276428222656,194.2413787841797,3632.0859375,103.66059112548828,0.15808379719930457,0.028540236357083245,-0.7994678020477295,True,0.04153423383831978,True,2.0678877262980677e-05,0.01
gpomdp_logbarrier_handoff,708,19,76000,546.4135158976487,True,329.6421813964844,0.06879008561372757,37.587833404541016,339.62042236328125,4454.90234375,106.73810577392578,0.11402616390082501,0.02395969597934596,0.2124701887369156,True,0.0012057052226737142,True,9.71899316937197e-06,0.01
gpomdp_logbarrier_handoff,708,20,80000,546.4135158976487,True,295.1844787597656,0.0709640383720398,38.77571105957031,266.0272521972656,3278.0595703125,112.0741958618164,0.13136094154573663,0.0341891882859018,-0.7804892659187317,True,-0.28207650780677795,True,1.5145395082072355e-05,0.01
gpomdp_logbarrier_handoff,708,21,84000,546.4135158976487,True,177.32774353027344,0.0761391669511795,41.60346984863281,169.0048065185547,4706.43505859375,113.7208251953125,0.23461342833548354,0.024162837429927586,-0.312665730714798,True,-0.3904685974121094,True,1.2963474546268117e-05,0.01
gpomdp_logbarrier_handoff,708,22,88000,546.4135158976487,True,390.8338317871094,0.0784788578748703,42.88190841674805,417.24066162109375,4663.4267578125,113.34522247314453,0.10971902872550245,0.024305136192663616,0.5817477107048035,True,0.11706861108541489,True,1.0642031156748999e-05,0.01
gpomdp_logbarrier_handoff,708,23,92000,546.4135158976487,True,226.0800323486328,0.08200764656066895,44.810089111328125,258.6861572265625,3463.38134765625,117.44523620605469,0.19820454131140391,0.03391057016736912,0.681021511554718,True,0.06855326145887375,True,1.0306083822797518e-05,0.01
gpomdp_logbarrier_handoff,708,24,96000,546.4135158976487,True,193.01806640625,0.0831669345498085,45.443538665771484,233.1428680419922,2471.238525390625,106.38345336914062,0.2354367107280275,0.04304863827433442,0.8570165038108826,True,0.0418027900159359,True,8.900692591851112e-06,0.01
gpomdp_logbarrier_handoff,708,25,100000,546.4135158976487,True,164.24880981445312,0.0810103639960289,44.26515579223633,174.94956970214844,3813.6064453125,106.6867446899414,0.26950061825252386,0.02797528959000884,0.11486704647541046,True,-0.1361590176820755,True,5.8799096223083325e-06,0.01
gpomdp_logbarrier_handoff,708,26,104000,546.4135158976487,True,181.00616455078125,0.08131012320518494,44.428951263427734,188.0485382080078,3065.486328125,111.22224426269531,0.24545545934134855,0.036282087850877554,0.03886420279741287,True,0.1306251883506775,True,7.013848971837433e-06,0.01
gpomdp_logbarrier_handoff,708,27,108000,546.4135158976487,True,212.54727172851562,0.07913942635059357,43.24285125732422,224.29591369628906,4611.61083984375,106.74061584472656,0.20345051199978637,0.023146058839679354,0.1774735003709793,True,-0.2488219290971756,True,5.914063876844011e-06,0.01
gpomdp_logbarrier_handoff,708,28,112000,546.4135158976487,True,320.92364501953125,0.07846484333276749,42.87425231933594,294.1746520996094,3700.9267578125,104.7010498046875,0.13359642701530028,0.028290494964178365,-0.6646909713745117,True,-0.1847115308046341,True,7.962187737575732e-06,0.01
gpomdp_logbarrier_handoff,708,29,116000,546.4135158976487,True,266.19439697265625,0.07818195223808289,42.71967315673828,271.5966491699219,4690.51806640625,107.36830139160156,0.1604829915376712,0.022890499486736715,0.0474993996322155,True,-0.19206765294075012,True,7.552881015726598e-06,0.01
gpomdp_logbarrier_handoff,708,30,120000,546.4135158976487,True,210.3918914794922,0.07710003107786179,42.12849807739258,180.97682189941406,5206.966796875,109.27201080322266,0.2002382210699362,0.020985732205706223,-0.7495323419570923,True,-0.12586721777915955,True,3.892455879395129e-06,0.01
gpomdp_logbarrier_handoff,708,31,124000,546.4135158976487,True,392.3515930175781,0.07540036737918854,41.19977951049805,425.55615234375,5431.46044921875,109.58082580566406,0.10500729509884318,0.020175204593715846,0.7875390648841858,True,0.18457670509815216,True,3.833727078017546e-06,0.01
gpomdp_logbarrier_handoff,708,32,128000,546.4135158976487,True,444.9659729003906,0.07659643143415451,41.85332489013672,477.7643127441406,4300.40478515625,114.69229125976562,0.09405960778827,0.02667011525418494,0.765501081943512,True,0.3766861855983734,True,9.105545359489042e-06,0.01
gpomdp_logbarrier_handoff,708,33,131998,546.4135158976487,True,335.0395202636719,0.0713033527135849,38.961116790771484,305.5365295410156,3854.06298828125,107.56788635253906,0.11628812254778056,0.027910256443553823,-0.7820457816123962,True,-0.041140295565128326,True,3.582635372367804e-06,0.01
gpomdp_logbarrier_handoff,708,34,135998,546.4135158976487,True,226.96058654785156,0.06995218992233276,38.22282028198242,257.99774169921875,4434.00439453125,108.95076751708984,0.1684117091137481,0.02457164175377589,0.7833223342895508,True,-0.04683831334114075,True,5.901315034861909e-06,0.01
gpomdp_logbarrier_handoff,708,35,139998,546.4135158976487,True,296.3250427246094,0.06948607414960861,37.9681282043457,319.626708984375,4453.443359375,100.70868682861328,0.12813000161998292,0.02261366738090654,0.5737825036048889,True,-0.137263685464859,True,1.1253235243202653e-05,0.01
gpomdp_logbarrier_handoff,708,36,143960,546.4135158976487,True,247.09286499023438,0.06593197584152222,36.026123046875,219.46859741210938,4869.96875,103.99362182617188,0.14579993254074264,0.02135406347857404,-0.7968223690986633,True,-0.0028010159730911255,True,5.807527941215085e-06,0.01
gpomdp_logbarrier_handoff,708,37,147942,546.4135158976487,True,172.9617462158203,0.06319941580295563,34.533016204833984,181.8990020751953,3889.132080078125,103.29340362548828,0.19965695860715904,0.02655950003719424,0.16566072404384613,True,0.2849792540073395,True,5.730782959290082e-06,0.01
gpomdp_logbarrier_handoff,708,38,151942,546.4135158976487,True,148.62925720214844,0.060390960425138474,32.998435974121094,147.06886291503906,3960.560546875,101.88805389404297,0.2220184410209385,0.025725665013361727,-0.15804770588874817,True,0.03330865502357483,True,5.752162451244658e-06,0.01
gpomdp_logbarrier_handoff,708,39,155942,546.4135158976487,True,193.7765350341797,0.06005807965993881,32.81654739379883,202.73388671875,4089.05126953125,104.20476531982422,0.16935253480515797,0.025483849052293683,0.19458456337451935,True,0.06025473773479462,True,4.484841610974399e-06,0.01
gpomdp_logbarrier_handoff,708,40,159942,546.4135158976487,True,311.6252136230469,0.056281644850969315,30.753049850463867,289.37799072265625,4511.5576171875,93.29207611083984,0.09868601289645282,0.020678462745422725,-0.7469353079795837,True,-0.3234763443470001,True,4.085842647327809e-06,0.01
gpomdp_logbarrier_handoff,708,41,163942,546.4135158976487,True,169.17376708984375,0.057003557682037354,31.14751434326172,196.29444885253906,4180.59033203125,98.73157501220703,0.1841155096269748,0.02361665869428438,0.8484537601470947,True,0.07742394506931305,True,4.3119757719978224e-06,0.01
gpomdp_logbarrier_handoff,708,42,167942,546.4135158976487,True,267.64227294921875,0.056059617549180984,30.631732940673828,256.29534912109375,4352.3818359375,102.68490600585938,0.11445027948363656,0.02359280731253698,-0.41980311274528503,True,0.11121242493391037,True,2.5412073227926157e-06,0.01
gpomdp_logbarrier_handoff,708,43,171942,546.4135158976487,True,225.1881561279297,0.057551924139261246,31.4471492767334,241.35276794433594,4494.18017578125,98.405029296875,0.139648327058854,0.02189610239197156,0.46265003085136414,True,0.28972315788269043,True,1.9822889498755103e-06,0.01
gpomdp_logbarrier_handoff,708,44,175798,546.4135158976487,True,255.27024841308594,0.05355504900217056,29.263200759887695,246.73814392089844,3885.045166015625,101.08927154541016,0.11463615890142086,0.026020102013146994,-0.34401029348373413,True,-0.05239340662956238,True,3.2595601169305155e-06,0.01
gpomdp_logbarrier_handoff,708,45,179798,546.4135158976487,True,331.7091369628906,0.05296029523015022,28.938220977783203,317.00836181640625,3550.39794921875,99.81885528564453,0.08723974637159487,0.0281148357771019,-0.5403685569763184,True,-0.17493584752082825,True,5.536831508834439e-07,0.01
gpomdp_logbarrier_handoff,708,46,183798,546.4135158976487,True,326.9647216796875,0.052245885133743286,28.5478572845459,306.477294921875,3958.114990234375,95.8730239868164,0.0873117354615185,0.024221889516438583,-0.7388237714767456,True,0.008695808239281178,True,2.5273236587963765e-06,0.01
gpomdp_logbarrier_handoff,708,47,187798,546.4135158976487,True,386.459228515625,0.05601631850004196,30.608070373535156,381.37060546875,4392.69189453125,99.61983489990234,0.07920129243930744,0.02267853910353367,-0.20475642383098602,True,0.15802165865898132,True,4.7938192437868565e-06,0.01
gpomdp_logbarrier_handoff,708,48,191798,546.4135158976487,True,305.5030822753906,0.05715932697057724,31.232629776000977,277.619140625,3481.928955078125,103.02205657958984,0.10223343589000797,0.029587638894624808,-0.9031562209129333,True,0.09388061612844467,True,7.360540621448308e-06,0.01
gpomdp_logbarrier_handoff,708,49,195759,546.4135158976487,True,237.53343200683594,0.058604419231414795,32.02224349975586,246.68849182128906,4327.66943359375,103.20917510986328,0.1348115220211793,0.023848673447351802,0.22400063276290894,True,-0.018287336453795433,True,3.29829322254227e-06,0.01
gpomdp_logbarrier_handoff,708,50,199759,546.4135158976487,True,276.7173767089844,0.05659809708595276,30.925966262817383,254.7506561279297,3954.060302734375,103.21800231933594,0.11176011651534744,0.026104306565066033,-0.7379868030548096,True,-0.35457107424736023,True,5.000973033020273e-06,0.01
gpomdp_logbarrier_handoff,708,51,203576,546.4135158976487,True,131.35195922851562,0.06395812332630157,34.94758605957031,158.18128967285156,3234.115234375,105.36893463134766,0.2660606378833779,0.03258045152856479,0.7130751013755798,True,0.0013429109239950776,True,2.1825121621077415e-06,0.01
gpomdp_logbarrier_handoff,708,52,207576,546.4135158976487,True,177.9080810546875,0.0648970752954483,35.46063995361328,169.31166076660156,5034.72265625,102.21023559570312,0.19932000695748592,0.020301065733744333,-0.3362247347831726,True,-0.0578768327832222,True,2.5706174255901715e-06,0.01
gpomdp_logbarrier_handoff,708,53,211576,546.4135158976487,True,262.77899169921875,0.0654802918434143,35.77931213378906,281.5690612792969,4634.00634765625,105.67013549804688,0.13615742987073587,0.022803191789215364,0.4758628010749817,True,0.06304354220628738,True,2.6838733901968226e-06,0.01
gpomdp_logbarrier_handoff,708,54,215568,546.4135158976487,True,241.1796417236328,0.06817211955785751,37.25016784667969,261.130859375,4219.59814453125,106.75292205810547,0.15444988466051612,0.025299310124226183,0.4805288314819336,True,0.06459013372659683,True,6.792127464905207e-07,0.01
gpomdp_logbarrier_handoff,708,55,219568,546.4135158976487,True,429.63800048828125,0.0662987232208252,36.22651290893555,406.8945617675781,2997.386474609375,107.11934661865234,0.08431868891430533,0.03573758256602941,-0.6533539891242981,True,0.07767324894666672,True,2.028991957558901e-06,0.01
gpomdp_logbarrier_handoff,708,56,223568,546.4135158976487,True,249.80284118652344,0.06565713882446289,35.87594985961914,252.97628784179688,4124.00439453125,106.23558807373047,0.14361706091577714,0.025760299434842288,0.01720907911658287,True,0.1710732877254486,True,2.2161875676829368e-06,0.01
gpomdp_logbarrier_handoff,708,57,227568,546.4135158976487,True,241.6101837158203,0.0681835412979126,37.256404876708984,227.32395935058594,6110.52490234375,107.04960632324219,0.154200474101413,0.017518888808092787,-0.44922035932540894,True,0.11350103467702866,True,2.2796718894824153e-06,0.01
gpomdp_logbarrier_handoff,708,58,231568,546.4135158976487,True,141.23866271972656,0.06719277054071426,36.71504211425781,155.4422607421875,4298.224609375,103.48602294921875,0.25995036633216356,0.024076457689880135,0.276337206363678,True,0.17408505082130432,True,1.7872660009743413e-06,0.01
gpomdp_logbarrier_handoff,708,59,235568,546.4135158976487,True,116.81028747558594,0.07177902013063431,39.22102737426758,112.71975708007812,4195.25244140625,107.13556671142578,0.3357668936690616,0.02553733492984129,-0.2703518569469452,True,-0.10171299427747726,True,1.6801168385427445e-06,0.01
gpomdp_logbarrier_handoff,708,60,239568,546.4135158976487,True,357.6747131347656,0.0706021785736084,38.57798767089844,376.33599853515625,3810.05029296875,105.87743377685547,0.10785774407362961,0.027788985875658066,0.44241854548454285,True,0.07889454811811447,True,3.2008704238251084e-06,0.01
gpomdp_logbarrier_handoff,708,61,243568,546.4135158976487,True,341.20831298828125,0.07379336655139923,40.321693420410156,305.5945129394531,3856.393798828125,107.68364715576172,0.1181732445709639,0.02792340532973693,-0.8962334394454956,True,-0.12180975824594498,True,2.684909304662142e-06,0.01
gpomdp_logbarrier_handoff,708,62,247488,546.4135158976487,True,199.56573486328125,0.07254037261009216,39.63703918457031,180.84156799316406,4173.13623046875,106.16944885253906,0.19861645693698324,0.025441165346431434,-0.5495377779006958,True,-0.4046476483345032,True,3.426423290875391e-06,0.01
gpomdp_logbarrier_handoff,708,63,251488,546.4135158976487,True,311.50299072265625,0.0731700211763382,39.98108673095703,307.9523620605469,4105.7724609375,112.54727935791016,0.1283489658901985,0.0274119621651443,-0.1524757742881775,True,-0.04902317374944687,True,7.029425432847347e-06,0.01
gpomdp_logbarrier_handoff,708,64,255305,546.4135158976487,True,287.38372802734375,0.07480473816394806,40.87432098388672,252.9865264892578,4401.34375,114.78015899658203,0.14222907213451433,0.02607843547702495,-0.862287700176239,True,-0.22522538900375366,True,8.637895007268526e-06,0.01
gpomdp_logbarrier_handoff,708,65,259305,546.4135158976487,True,205.81707763671875,0.07747898995876312,42.33556365966797,188.08535766601562,4840.0068359375,115.14115142822266,0.20569509656722043,0.023789460496892054,-0.5036429166793823,True,0.05076675862073898,True,1.0602258953440469e-05,0.01
gpomdp_logbarrier_handoff,708,66,263305,546.4135158976487,True,325.52880859375,0.0835140198469162,45.6331901550293,291.06854248046875,3731.5634765625,114.23086547851562,0.14018172570397025,0.030612065477643863,-0.7852787971496582,True,-0.2685703933238983,True,1.3042250429862179e-05,0.01
gpomdp_logbarrier_handoff,708,67,267144,546.4135158976487,True,351.2767333984375,0.08602200448513031,47.00358581542969,351.78924560546875,4324.4873046875,117.03157043457031,0.1338078538840078,0.027062530697619276,-0.055992379784584045,True,-0.020238272845745087,True,6.7197647695138585e-06,0.01
gpomdp_logbarrier_handoff,708,68,271144,546.4135158976487,True,417.2299499511719,0.08555036783218384,46.74587631225586,414.0975341796875,5019.7939453125,119.35021209716797,0.11203864036540641,0.023775918573035768,-0.12277691811323166,True,-0.1517680138349533,True,8.015001185412984e-06,0.01
gpomdp_logbarrier_handoff,708,69,275144,546.4135158976487,True,197.89854431152344,0.09016407281160355,49.266868591308594,210.40740966796875,4478.3369140625,130.25460815429688,0.24895013130442634,0.029085486566515845,0.13744951784610748,True,-0.03800543025135994,True,7.302225185412681e-06,0.01
gpomdp_logbarrier_handoff,708,70,279058,546.4135158976487,True,257.317626953125,0.08875126391649246,48.49488830566406,251.66566467285156,4743.65966796875,122.40928649902344,0.18846314137079412,0.02580482055354521,-0.20949934422969818,True,-0.2501029074192047,True,3.81978634322877e-06,0.01
gpomdp_logbarrier_handoff,708,71,283009,546.4135158976487,True,419.543701171875,0.09177517890930176,50.14719772338867,382.1637878417969,4537.47802734375,128.62498474121094,0.11952794806194648,0.028347241345542847,-0.7719610333442688,True,-0.156932070851326,True,1.0682812899176497e-05,0.01
gpomdp_logbarrier_handoff,708,72,286876,546.4135158976487,True,284.9649963378906,0.09203076362609863,50.28684997558594,309.626953125,4384.0009765625,131.9535369873047,0.17646676125779137,0.03009888403144691,0.4234146773815155,True,-0.18834830820560455,True,8.080865882220678e-06,0.01
gpomdp_logbarrier_handoff,708,73,290876,546.4135158976487,True,182.91891479492188,0.0966099426150322,52.78897476196289,156.52027893066406,5147.30322265625,131.36907958984375,0.28859221486824826,0.025521923599063034,-0.6082891821861267,True,-0.05497848242521286,True,8.172387424565386e-06,0.01
gpomdp_logbarrier_handoff,708,74,294681,546.4135158976487,True,317.0755920410156,0.10108864307403564,55.23619842529297,337.5591735839844,4180.6767578125,134.77285766601562,0.17420514165009535,0.03223709113941023,0.295712411403656,True,-0.1958840936422348,True,7.022227237030165e-06,0.01
gpomdp_logbarrier_handoff,708,75,298681,546.4135158976487,True,227.68975830078125,0.10280537605285645,56.17424011230469,178.10494995117188,3986.491943359375,139.78872680664062,0.24671395205267757,0.03506559872508914,-0.9099395871162415,True,-0.012730146758258343,True,9.064666301128455e-06,0.01
gpomdp_logbarrier_handoff,708,76,302591,546.4135158976487,True,448.487060546875,0.10081727802753448,55.08792495727539,406.072509765625,5706.875,134.3117218017578,0.12283057818903943,0.023535073363576006,-0.7949499487876892,True,-0.013815829530358315,True,1.5808829630259424e-05,0.01
gpomdp_logbarrier_handoff,708,77,306246,546.4135158976487,True,243.15542602539062,0.10597379505634308,57.905513763427734,210.26487731933594,5267.060546875,145.78565979003906,0.23814197655363512,0.027678751457781352,-0.6486589312553406,True,0.08680925518274307,True,2.003006375161931e-05,0.01
gpomdp_logbarrier_handoff,708,78,310246,546.4135158976487,True,301.47113037109375,0.11600644886493683,63.387489318847656,280.2193603515625,5434.72900390625,150.85244750976562,0.21026056206715807,0.02775712411811874,-0.42858073115348816,True,-0.05317343771457672,True,2.3239435904542916e-05,0.01
gpomdp_logbarrier_handoff,708,79,313962,546.4135158976487,True,542.4833984375,0.12120267003774643,66.22676849365234,499.746337890625,4882.77734375,155.66392517089844,0.12208072852441841,0.03188020141245017,-0.6809353232383728,True,-0.13701198995113373,True,4.300291038816795e-05,0.01
gpomdp_logbarrier_handoff,708,80,317524,546.4135158976487,True,180.8565216064453,0.12234892696142197,66.85310363769531,178.3874053955078,5388.30029296875,163.7993927001953,0.3696471824398552,0.03039908390294039,-0.22150512039661407,True,-0.0706837996840477,True,3.236359407310374e-05,0.01
gpomdp_logbarrier_handoff,708,81,321335,546.4135158976487,True,361.4864807128906,0.1260794699192047,68.89152526855469,334.1612548828125,5033.61669921875,165.84872436523438,0.19057842808586675,0.03294822277408909,-0.4769391119480133,True,-0.20193660259246826,True,3.771502451854758e-05,0.01
gpomdp_logbarrier_handoff,708,82,324984,546.4135158976487,True,217.31419372558594,0.13423103094100952,73.34564971923828,233.20013427734375,4623.3759765625,170.0389862060547,0.33750970639246736,0.03677810047637082,0.0557515025138855,True,-0.05117759108543396,True,3.7185534893069416e-05,0.01
gpomdp_logbarrier_handoff,708,83,328646,546.4135158976487,True,153.36257934570312,0.14087016880512238,76.9733657836914,154.38502502441406,4473.24267578125,172.20664978027344,0.5019044809502158,0.03849705063233522,-0.2376248687505722,True,0.07106325775384903,True,3.437296618358232e-05,0.01
gpomdp_logbarrier_handoff,708,84,332275,546.4135158976487,True,314.01593017578125,0.14329704642295837,78.29944610595703,314.3236389160156,5509.8837890625,171.3567352294922,0.24934864311541843,0.03109988191940584,-0.12074222415685654,True,-0.0839998796582222,True,3.087283039349131e-05,0.01
gpomdp_logbarrier_handoff,708,85,335614,546.4135158976487,True,312.7679748535156,0.14886406064033508,81.34133911132812,257.3672790527344,4936.427734375,190.7431640625,0.2600692706771664,0.038639918241738416,-0.7508028745651245,True,-0.2789710462093353,True,2.993799716932699e-05,0.01
gpomdp_logbarrier_handoff,708,86,338909,546.4135158976487,True,217.7106475830078,0.15180225670337677,82.94680786132812,183.14398193359375,3503.37353515625,197.3167724609375,0.380995641610512,0.056321933839160884,-0.5741478204727173,True,-0.06863024085760117,True,2.6948160666506737e-05,0.01
gpomdp_logbarrier_handoff,708,87,341815,546.4135158976487,True,265.9371337890625,0.17044880986213684,93.13553619384766,218.07798767089844,5133.22509765625,196.08126831054688,0.35021636454772587,0.0381984550804278,-0.6427348852157593,True,-0.24719403684139252,True,3.0145853088470176e-05,0.01
gpomdp_logbarrier_handoff,708,88,344987,546.4135158976487,True,272.4559631347656,0.16785863041877747,91.72022247314453,203.3083953857422,4741.337890625,204.67039489746094,0.3366423748551861,0.04316722402386754,-0.8265509605407715,True,-0.15740807354450226,True,3.214404569007456e-05,0.01
gpomdp_logbarrier_handoff,708,89,347680,546.4135158976487,True,220.7020721435547,0.1726166158914566,94.32005310058594,199.73692321777344,4520.6220703125,211.3907928466797,0.42736369524992895,0.046761438925609355,-0.4254012107849121,True,-0.08122210204601288,True,2.9025108233327046e-05,0.01
gpomdp_logbarrier_handoff,708,90,350669,546.4135158976487,True,404.6382141113281,0.165296733379364,90.32036590576172,356.6732482910156,3926.733642578125,226.89366149902344,0.22321264466858257,0.05778178052078286,-0.6111849546432495,True,-0.24546240270137787,True,3.940355600207113e-05,0.01
gpomdp_logbarrier_handoff,708,91,353465,546.4135158976487,True,358.6022644042969,0.1563897430896759,85.4534683227539,316.49884033203125,4352.548828125,203.19815063476562,0.23829595294025135,0.046684864124154984,-0.5829296708106995,True,-0.1333215981721878,True,4.362979962024838e-05,0.01
gpomdp_logbarrier_handoff,708,92,356784,546.4135158976487,True,516.0390625,0.1887093484401703,103.11333465576172,427.5454406738281,4791.755859375,212.05535888671875,0.19981691726246348,0.04425420766624317,-0.8845394253730774,True,-0.08401432633399963,True,6.622543151024729e-05,0.01
gpomdp_logbarrier_handoff,708,93,359541,546.4135158976487,True,364.5877685546875,0.20214004814624786,110.4520492553711,412.2872619628906,5308.05078125,241.6751251220703,0.3029505067962901,0.04552991956590851,0.30863165855407715,True,-0.008763018995523453,True,4.083392923348583e-05,0.01
gpomdp_logbarrier_handoff,708,94,362200,546.4135158976487,True,423.4627380371094,0.20743794739246368,113.3469009399414,328.6270446777344,4520.115234375,230.86883544921875,0.26766676441318543,0.051075873839119316,-0.8768297433853149,True,-0.2962762415409088,True,5.022947152610868e-05,0.01
gpomdp_logbarrier_handoff,708,95,364898,546.4135158976487,True,319.2823486328125,0.20092934370040894,109.79051208496094,239.77586364746094,4019.5419921875,251.81968688964844,0.3438665261486924,0.06264885088378044,-0.8059341311454773,True,-0.22068117558956146,True,5.314309964887798e-05,0.01
gpomdp_logbarrier_handoff,708,96,367342,546.4135158976487,True,240.01431274414062,0.23813635110855103,130.1209259033203,210.53085327148438,4004.25048828125,256.3011169433594,0.5421381934086217,0.06400726370476685,-0.4837372899055481,True,-0.11213893443346024,True,4.6040502638788894e-05,0.01
gpomdp_logbarrier_handoff,708,97,369836,546.4135158976487,True,198.21250915527344,0.2465813159942627,134.73536682128906,208.84353637695312,3851.978271484375,258.6792297363281,0.6797520872698384,0.06715490366373356,-0.25885701179504395,True,-0.19444257020950317,True,3.138044849038124e-05,0.01
gpomdp_logbarrier_handoff,708,98,371939,546.4135158976487,True,211.0823516845703,0.23134568333625793,126.41040802001953,178.2811737060547,3552.0400390625,266.8847351074219,0.5988677263219059,0.07513562126902756,-0.5387542843818665,True,-0.1974315196275711,True,2.266383307869546e-05,0.01
gpomdp_logbarrier_handoff,708,99,374068,546.4135158976487,True,506.261474609375,0.2358163446187973,128.85324096679688,382.11822509765625,3714.203125,289.015625,0.2545191515238611,0.07781362926940082,-0.9725804328918457,True,-0.1990378051996231,True,3.8213325751712546e-05,0.01
gpomdp_logbarrier_handoff,708,100,376396,546.4135158976487,True,274.4166564941406,0.24041034281253815,131.3634490966797,169.44500732421875,3437.792724609375,257.69708251953125,0.47870071290473787,0.07496004068971683,-0.8856064677238464,True,-0.1914510577917099,True,3.614580782596022e-05,0.01
gpomdp_logbarrier_handoff,708,101,378856,546.4135158976487,True,306.1643371582031,0.26235368847846985,143.3535919189453,255.2549285888672,3221.70751953125,287.23175048828125,0.4682243309248352,0.089155129305491,-0.5597178936004639,True,-0.08403933793306351,True,3.8893591408850625e-05,0.01
gpomdp_logbarrier_handoff,708,102,380961,546.4135158976487,True,340.153076171875,0.2688511908054352,146.90391540527344,210.71949768066406,4939.86328125,307.7786865234375,0.4318758985176567,0.0623051021860581,-0.9293825030326843,True,-0.01117517426609993,True,4.396958684083074e-05,0.01
gpomdp_logbarrier_handoff,708,103,383027,546.4135158976487,True,79.93822479248047,0.2727188169956207,149.01724243164062,170.05995178222656,3354.39404296875,297.59722900390625,1.8641550124297757,0.08871862553766129,0.013605022802948952,True,-0.1624843329191208,True,2.47182761086151e-05,0.01
gpomdp_logbarrier_handoff,708,104,384945,546.4135158976487,True,243.48814392089844,0.2927619516849518,159.96910095214844,349.63604736328125,2920.153564453125,357.1134033203125,0.6569892824190952,0.1222926792848962,0.47969502210617065,True,0.02351488545536995,True,8.742876161704771e-06,0.01
gpomdp_logbarrier_handoff,708,105,386710,546.4135158976487,True,298.0509338378906,0.28566229343414307,156.08973693847656,231.7118682861328,3183.941162109375,311.34246826171875,0.5237015530485588,0.09778524552113677,-0.6395585536956787,True,-0.16546067595481873,True,9.249722097592894e-06,0.01
gpomdp_logbarrier_handoff,708,106,388738,546.4135158976487,True,223.90272521972656,0.29188868403434753,159.49191284179688,277.3582763671875,2200.4853515625,342.58587646484375,0.7123268048000745,0.1556865062617134,0.019007181748747826,True,-0.14144210517406464,True,6.964089607208734e-06,0.01
gpomdp_logbarrier_handoff,708,107,390465,546.4135158976487,True,183.69967651367188,0.28984808921813965,158.37692260742188,235.02029418945312,4443.7412109375,318.2857666015625,0.8621513418704069,0.07162563063262037,-0.061770763248205185,True,-0.06700099259614944,True,5.5638938647462055e-06,0.01
gpomdp_logbarrier_handoff,708,108,392560,546.4135158976487,True,316.6468200683594,0.3017203211784363,164.8640594482422,249.1686553955078,3051.84375,311.3168640136719,0.5206559769419142,0.10200943741424241,-0.6260128021240234,True,-0.16501764953136444,True,7.986084710864816e-06,0.01
gpomdp_logbarrier_handoff,708,109,394476,546.4135158976487,True,414.8489074707031,0.30324429273605347,165.69677734375,294.9455261230469,4179.74560546875,354.37091064453125,0.39941476127775893,0.08478288970048196,-0.8187633156776428,True,-0.3162728548049927,True,1.6278117982437834e-05,0.01
gpomdp_logbarrier_handoff,708,110,396460,546.4135158976487,True,106.23296356201172,0.2888828217983246,157.8494873046875,134.15310668945312,3409.942626953125,346.992919921875,1.4858804839097377,0.10175916661446074,-0.5428182482719421,True,-0.012065524235367775,True,1.099154724215623e-05,0.01
gpomdp_logbarrier_handoff,708,111,398498,546.4135158976487,True,149.57562255859375,0.2871013283729553,156.87603759765625,231.38865661621094,3919.031982421875,317.80926513671875,1.0488075189939636,0.08109381769840002,0.13973571360111237,True,-0.08643482625484467,True,8.782163604337256e-06,0.01
gpomdp_logbarrier_handoff,708,112,400398,546.4135158976487,True,178.9254913330078,0.3032669723033905,165.7091827392578,157.42845153808594,3115.92724609375,385.6719055175781,0.9261351275590328,0.12377436154874018,-0.585002064704895,True,-0.12091678380966187,True,7.830201866454445e-06,0.01
gpomdp_logbarrier_handoff,708,113,402068,546.4135158976487,True,242.16481018066406,0.290676474571228,158.82955932617188,242.2202911376953,3993.469482421875,338.0317077636719,0.6558738208399438,0.08464612268895305,-0.3275875449180603,True,-0.30631425976753235,True,5.619774583465187e-06,0.01
gpomdp_logbarrier_handoff,708,114,404101,546.4135158976487,True,394.21282958984375,0.2851625382900238,155.81666564941406,355.09552001953125,4258.03076171875,321.2851257324219,0.3952602603307775,0.0754539231188493,-0.43622153997421265,True,-0.19861899316310883,True,4.3773961806437e-06,0.01
gpomdp_logbarrier_handoff,708,115,405994,546.4135158976487,True,243.7416534423828,0.2857803702354431,156.15426635742188,264.6037902832031,3687.02734375,340.0895080566406,0.6406548251070046,0.09223948627154539,-0.181010439991951,True,-0.07168588787317276,True,9.27994551602751e-06,0.01
gpomdp_logbarrier_handoff,708,116,408192,546.4135158976487,True,248.84881591796875,0.2704239785671234,147.76332092285156,304.23382568359375,4080.967529296875,317.0263671875,0.5937875186497198,0.07768411900158433,0.11963982880115509,True,0.060356512665748596,True,1.0032687896455172e-05,0.01
gpomdp_logbarrier_handoff,708,117,410196,546.4135158976487,True,316.4770202636719,0.2745608985424042,150.02378845214844,212.5420684814453,4549.05810546875,295.25128173828125,0.4740432285641358,0.0649038273183054,-0.8160510063171387,True,0.011256256140768528,True,7.440175522788195e-06,0.01
gpomdp_logbarrier_handoff,708,118,412397,546.4135158976487,True,324.22589111328125,0.27759644389152527,151.6824493408203,301.38604736328125,5237.80712890625,312.2525634765625,0.467829539522567,0.05961513201838086,-0.37918779253959656,True,-0.14483685791492462,True,6.10659344602027e-06,0.01
gpomdp_logbarrier_handoff,708,119,414419,546.4135158976487,True,246.47463989257812,0.27567699551582336,150.6336212158203,266.7131652832031,3305.40576171875,304.0265808105469,0.6111526170865752,0.09197859589028448,-0.1657041609287262,True,-0.20046652853488922,True,1.1495692888274789e-05,0.01
gpomdp_logbarrier_handoff,708,120,416618,546.4135158976487,True,263.5150451660156,0.29615843296051025,161.82496643066406,258.6420593261719,3908.009765625,342.3096618652344,0.6141014313953636,0.08759181332559682,-0.33688467741012573,True,-0.1253037452697754,True,7.417169854306849e-06,0.01
gpomdp_logbarrier_handoff,708,121,418879,546.4135158976487,True,295.40478515625,0.2651482820510864,144.880615234375,377.6065368652344,4402.38134765625,318.7249755859375,0.49044776020721037,0.07239831137200803,0.40109336376190186,True,-0.11303971707820892,True,1.4262893273553345e-05,0.01
gpomdp_logbarrier_handoff,708,122,421060,546.4135158976487,True,170.2886505126953,0.2894720435142517,158.17144775390625,223.87884521484375,3799.087646484375,363.6178283691406,0.9288431570612177,0.0957118819581927,-0.07229861617088318,True,0.04141220450401306,True,1.9764562239288352e-05,0.01
gpomdp_logbarrier_handoff,708,123,422718,546.4135158976487,True,210.0126495361328,0.2848740220069885,155.6590118408203,248.3362579345703,3375.860107421875,309.7131042480469,0.7411887435572736,0.09174346518895683,-0.10192830115556717,True,-0.15055902302265167,True,2.4786266294540837e-05,0.01
gpomdp_logbarrier_handoff,708,124,424692,546.4135158976487,True,258.6294860839844,0.2456316500902176,134.21644592285156,193.53208923339844,3784.968994140625,288.7353210449219,0.5189526065070077,0.07628472557949686,-0.6834545135498047,True,-0.2195492833852768,True,1.772544601408299e-05,0.01
gpomdp_logbarrier_handoff,708,125,426708,546.4135158976487,True,240.50572204589844,0.24576105177402496,134.2871551513672,164.76983642578125,2745.44140625,297.9173583984375,0.5583532649827752,0.10851346443607514,-0.7543610334396362,True,0.04970989376306534,True,1.1360620192135684e-05,0.01
gpomdp_logbarrier_handoff,708,126,428687,546.4135158976487,True,267.8737487792969,0.25370779633522034,138.62936401367188,209.5128631591797,3346.019775390625,326.2611389160156,0.5175175419219209,0.09750723570601937,-0.6338844895362854,True,-0.09666716307401657,True,8.454716407868546e-06,0.01
gpomdp_logbarrier_handoff,708,127,430695,546.4135158976487,True,312.4370422363281,0.2388978749513626,130.5370330810547,196.49542236328125,3251.400390625,296.4689636230469,0.41780267841069935,0.09118193024700294,-0.9322924613952637,True,-0.16483062505722046,True,2.6165489543927833e-06,0.01
gpomdp_logbarrier_handoff,708,128,432716,546.4135158976487,True,249.0912628173828,0.24870827794075012,135.89756774902344,301.2825927734375,4520.451171875,297.38671875,0.5455734023423154,0.06578695520488267,0.15149669349193573,True,-0.20034706592559814,True,8.529860679118428e-06,0.01
gpomdp_logbarrier_handoff,708,129,434814,546.4135158976487,True,381.57135009765625,0.2354588657617569,128.6579132080078,315.617919921875,5648.0361328125,324.9105529785156,0.3371791754676554,0.05752628795891271,-0.636913001537323,True,-0.3280643820762634,True,6.385565484379185e-06,0.01
gpomdp_logbarrier_handoff,708,130,436850,546.4135158976487,True,547.7384033203125,0.2661498188972473,145.4278564453125,427.5331115722656,3914.216796875,294.25201416015625,0.2655060436948541,0.0751751958131391,-0.8686180710792542,True,-0.201067715883255,True,5.964721367490711e-06,0.01
gpomdp_logbarrier_handoff,708,131,439355,546.4135158976487,True,318.2115173339844,0.20238450169563293,110.58562469482422,220.11122131347656,5506.87109375,329.5743103027344,0.34752238266334395,0.05984783458555682,-0.924119234085083,True,-0.3444536626338959,True,8.073241588135716e-06,0.01
gpomdp_logbarrier_handoff,708,132,441637,546.4135158976487,True,252.0218505859375,0.2445475310087204,133.6240692138672,223.9141387939453,3363.829345703125,296.91436767578125,0.530208269256012,0.08826677490493165,-0.4637232720851898,True,-0.08829878270626068,True,6.088675945647992e-06,0.01
gpomdp_logbarrier_handoff,708,133,443721,546.4135158976487,True,183.77203369140625,0.2476094663143158,135.2971649169922,232.84518432617188,3534.633544921875,296.8512878417969,0.7362228201935553,0.08398361076731027,0.043022263795137405,True,-0.2831607758998871,True,2.2950807760935277e-06,0.01
gpomdp_logbarrier_handoff,708,134,445736,546.4135158976487,True,170.05067443847656,0.22923918068408966,125.25936889648438,188.63674926757812,4309.48291015625,278.03399658203125,0.7366002476032669,0.06451678829652222,-0.21181067824363708,True,0.0011815223842859268,True,2.293021225341363e-06,0.01
gpomdp_logbarrier_handoff,708,135,448025,546.4135158976487,True,333.8580017089844,0.22677448391914368,123.91263580322266,271.7638854980469,3898.634765625,289.38983154296875,0.3711537095679204,0.07422850534617237,-0.6400881409645081,True,-0.08781839907169342,True,4.972199803887634e-06,0.01
gpomdp_logbarrier_handoff,708,136,450303,546.4135158976487,True,204.6162567138672,0.24867327511310577,135.87844848632812,263.7895202636719,4401.70458984375,312.67169189453125,0.6640647750502975,0.07103422901572555,0.1664239913225174,True,0.14865908026695251,True,3.962588380090892e-06,0.01
gpomdp_logbarrier_handoff,708,137,452742,546.4135158976487,True,459.129638671875,0.2482844889163971,135.66600036621094,374.0152282714844,5805.6591796875,284.27764892578125,0.2954851722460179,0.048965610988739264,-0.716971755027771,True,-0.07145876437425613,True,7.732629455858842e-06,0.01
gpomdp_logbarrier_handoff,708,138,454974,546.4135158976487,True,258.78497314453125,0.24456538259983063,133.63385009765625,230.65805053710938,3937.53076171875,310.34979248046875,0.5163895278533882,0.07881837914708752,-0.45723408460617065,True,0.01567000150680542,True,9.168426004180219e-06,0.01
gpomdp_logbarrier_handoff,708,139,456897,546.4135158976487,True,400.0403137207031,0.24323758482933044,132.90830993652344,292.67669677734375,3393.99951171875,296.4228210449219,0.3322372905379638,0.0873373198851201,-0.8655210733413696,True,-0.20325849950313568,True,9.730698366183788e-06,0.01
gpomdp_logbarrier_handoff,708,140,458928,546.4135158976487,True,225.35256958007812,0.26198112964630127,143.1500244140625,161.0935821533203,4214.0888671875,322.99627685546875,0.635226945407404,0.07664676446916929,-0.7025054693222046,True,-0.14240223169326782,True,1.0062052751891315e-05,0.01
gpomdp_logbarrier_handoff,708,141,460717,546.4135158976487,True,314.3725891113281,0.266858845949173,145.81527709960938,262.6289367675781,3831.2333984375,313.48443603515625,0.46382948816180697,0.08182337211901662,-0.5575687885284424,True,-0.17506143450737,True,1.5764779163873754e-05,0.01
gpomdp_logbarrier_handoff,708,142,462633,546.4135158976487,True,252.82139587402344,0.26530489325523376,144.9661865234375,218.0546875,3181.7783203125,294.126953125,0.5733936640222953,0.09244105764606259,-0.510033369064331,True,-0.038692083209753036,True,9.05185424926458e-06,0.01
gpomdp_logbarrier_handoff,708,143,464718,546.4135158976487,True,205.5901641845703,0.2579120397567749,140.92662048339844,300.29443359375,3111.864990234375,317.1973876953125,0.6854735538655456,0.10193160329601005,0.4840540587902069,True,-0.1560942381620407,True,6.301680969045265e-06,0.01
gpomdp_logbarrier_handoff,708,144,466578,546.4135158976487,True,307.1210632324219,0.28306829929351807,154.67233276367188,313.61932373046875,3404.859619140625,363.2751159667969,0.5036200745587402,0.10669312588531514,-0.2093524932861328,True,-0.08216102421283722,True,4.26046517532086e-06,0.01
gpomdp_logbarrier_handoff,708,145,468544,546.4135158976487,True,353.4674072265625,0.25901123881340027,141.5272216796875,230.281005859375,3900.373046875,319.5424499511719,0.40039680826632085,0.08192612504262663,-0.9189340472221375,True,-0.21790063381195068,True,3.754022827706649e-06,0.01
gpomdp_logbarrier_handoff,708,146,470590,546.4135158976487,True,107.20195770263672,0.2761920392513275,150.91505432128906,164.43533325195312,4307.81787109375,307.8401184082031,1.4077639770339492,0.07146080164481115,-0.22340397536754608,True,-0.10956452041864395,True,2.6765201255329885e-06,0.01
gpomdp_logbarrier_handoff,708,147,472390,546.4135158976487,True,157.2227020263672,0.23350298404693604,127.58917999267578,164.05087280273438,3488.872802734375,335.2344055175781,0.8115188096136289,0.09608673760041953,-0.3510803282260895,True,-0.029078252613544464,True,4.442014414962614e-06,0.01
gpomdp_logbarrier_handoff,708,148,474185,546.4135158976487,True,163.01063537597656,0.2439391165971756,133.2916259765625,142.55128479003906,3875.998046875,354.04119873046875,0.817686684486147,0.09134194456468117,-0.5527041554450989,True,-0.32915446162223816,True,4.572559646476293e-06,0.01
gpomdp_logbarrier_handoff,708,149,476137,546.4135158976487,True,142.6614227294922,0.24302205443382263,132.79052734375,100.7364501953125,3916.84326171875,285.496337890625,0.9308089377150057,0.07288939557038755,-0.7347352504730225,True,-0.03852158784866333,True,3.861820005113259e-06,0.01
gpomdp_logbarrier_handoff,708,150,478287,546.4135158976487,True,197.59828186035156,0.25089895725250244,137.09457397460938,207.19749450683594,3279.66650390625,310.7505187988281,0.6938044839453518,0.0947506456612916,-0.27518269419670105,True,-0.15518847107887268,True,4.975415322405752e-06,0.01
gpomdp_logbarrier_handoff,708,151,480053,546.4135158976487,True,244.12643432617188,0.24143370985984802,131.92263793945312,158.57662963867188,4260.8818359375,373.7022399902344,0.540386534967345,0.08770537517335554,-0.8050527572631836,True,-0.2800123691558838,True,3.327521199025796e-06,0.01
gpomdp_logbarrier_handoff,708,152,482148,546.4135158976487,True,253.71713256835938,0.2552986145019531,139.4986114501953,325.3263244628906,3341.099853515625,285.1906433105469,0.5498194388296187,0.08535831187758698,0.31086456775665283,True,-0.0005725091905333102,True,1.1191332305315882e-05,0.01
gpomdp_logbarrier_handoff,708,153,484257,546.4135158976487,True,244.1682891845703,0.253729909658432,138.6414337158203,309.09881591796875,4371.97998046875,323.58099365234375,0.5678109724191878,0.07401246005194434,0.2466994971036911,True,-0.1450059711933136,True,1.2941090972162783e-05,0.01
gpomdp_logbarrier_handoff,708,154,486451,546.4135158976487,True,319.44671630859375,0.24951161444187164,136.33651733398438,227.0079803466797,4380.62744140625,283.3334655761719,0.4267895407078775,0.06467874051512981,-0.7933140993118286,True,-0.0999647006392479,True,1.0690650015021674e-05,0.01
gpomdp_logbarrier_handoff,708,155,488392,546.4135158976487,True,528.3576049804688,0.2210807204246521,120.8014907836914,440.2229309082031,4236.26318359375,314.21685791015625,0.22863585125865077,0.07417312010430772,-0.783050000667572,True,-0.35720348358154297,True,6.131092050054576e-06,0.01
gpomdp_logbarrier_handoff,708,156,490565,546.4135158976487,True,149.70118713378906,0.23618118464946747,129.05258178710938,184.23782348632812,3672.09033203125,285.1457824707031,0.8620678583649047,0.07765216993258774,-0.1325470358133316,True,-0.07398370653390884,True,2.2479039216705132e-06,0.01
gpomdp_logbarrier_handoff,708,157,492873,546.4135158976487,True,146.14212036132812,0.2509652376174927,137.1308135986328,168.23402404785156,3112.413818359375,310.1866760253906,0.9383387435435084,0.09966112931245664,-0.29589179158210754,True,-0.06298241019248962,True,2.144007339666132e-06,0.01
gpomdp_logbarrier_handoff,708,158,494767,546.4135158976487,True,249.91900634765625,0.25472748279571533,139.18653869628906,290.0627136230469,3703.986572265625,271.8067321777344,0.5569265848579361,0.07338221315728956,0.03311731293797493,True,0.07224354892969131,True,4.596180133376038e-06,0.01
gpomdp_logbarrier_handoff,708,159,496670,546.4135158976487,True,140.76536560058594,0.2621519863605499,143.243408203125,247.9770965576172,3794.49365234375,338.4988098144531,1.017604064692805,0.08920789987496015,0.5246822237968445,True,-0.21725872159004211,True,1.0360255146224517e-05,0.01
gpomdp_logbarrier_handoff,708,160,498340,546.4135158976487,True,482.9673767089844,0.24784442782402039,135.425537109375,366.12298583984375,3696.59716796875,286.670166015625,0.2804030740796323,0.07754974453252311,-0.8986278772354126,True,-0.22303423285484314,True,3.562364554454689e-06,0.01
gpomdp_logbarrier_handoff,708,161,500486,546.4135158976487,True,454.2306213378906,0.23660294711589813,129.28305053710938,365.5350341796875,3914.23974609375,305.4820556640625,0.28461984829714726,0.07804377745868045,-0.7613858580589294,True,-0.1870577037334442,True,4.7598300625395495e-06,0.01
gpomdp_logbarrier_handoff,708,162,502535,546.4135158976487,True,302.108642578125,0.2250012308359146,122.94371032714844,230.2130584716797,3642.69677734375,319.87347412109375,0.4069519801816173,0.08781227032417041,-0.7186773419380188,True,-0.30126217007637024,True,6.491126441687811e-06,0.01
gpomdp_logbarrier_handoff,708,163,504423,546.4135158976487,True,203.97006225585938,0.2463262975215912,134.5960235595703,240.94187927246094,3557.992431640625,272.1598205566406,0.6598812691969153,0.0764925237435497,-0.030358321964740753,True,-0.006087007466703653,True,7.2744410317682195e-06,0.01
gpomdp_logbarrier_handoff,708,164,506624,546.4135158976487,True,247.6608123779297,0.24062316119670868,131.47975158691406,170.786376953125,3867.299560546875,278.490478515625,0.530886377721625,0.07201161279480602,-0.7593857645988464,True,-0.005103622563183308,True,9.305696039518807e-06,0.01
gpomdp_logbarrier_handoff,708,165,508707,546.4135158976487,True,198.8505096435547,0.2294977307319641,125.40065002441406,160.80133056640625,4553.05029296875,270.34271240234375,0.6306277527233819,0.05937617531258824,-0.5897055864334106,True,-0.25561052560806274,True,9.128101737587713e-06,0.01
gpomdp_logbarrier_handoff,708,166,510749,546.4135158976487,True,176.9951171875,0.24227739870548248,132.38365173339844,192.1475067138672,2510.0322265625,288.41058349609375,0.7479508691370149,0.11490313966648678,-0.25461798906326294,True,-0.1374180167913437,True,5.012704605178442e-06,0.01
gpomdp_logbarrier_handoff,708,167,512777,546.4135158976487,True,233.31814575195312,0.24282890558242798,132.68499755859375,174.41409301757812,3861.49609375,308.6525573730469,0.5686870051661339,0.07993082211648861,-0.6722436547279358,True,-0.3460024893283844,True,2.559329914220143e-06,0.01
gpomdp_logbarrier_handoff,708,168,514666,546.4135158976487,True,313.7068176269531,0.2330433875322342,127.33805847167969,263.40008544921875,3612.852783203125,284.12359619140625,0.4059142209115287,0.07864245050679997,-0.5663449168205261,True,-0.18618908524513245,True,3.6443530007090885e-06,0.01
gpomdp_logbarrier_handoff,708,169,516685,546.4135158976487,True,214.05010986328125,0.24129672348499298,131.84779357910156,205.17010498046875,3576.343994140625,311.3264465332031,0.6159669512121054,0.08705159432181889,-0.37393689155578613,True,-0.11652003228664398,True,1.5680313936172752e-06,0.01
gpomdp_logbarrier_handoff,708,170,518415,546.4135158976487,True,310.0012512207031,0.2364233434200287,129.18490600585938,191.00112915039062,3677.555419921875,299.12640380859375,0.4167238212657636,0.0813383809767164,-0.9527201056480408,True,-0.28301671147346497,True,2.373766392338439e-06,0.01
gpomdp_logbarrier_handoff,708,171,520423,546.4135158976487,True,300.87005615234375,0.22871623933315277,124.97364044189453,257.06805419921875,4227.630859375,310.754638671875,0.4153741387232463,0.07350562265453234,-0.5326640009880066,True,-0.36336565017700195,True,4.331656782596838e-06,0.01
gpomdp_logbarrier_handoff,708,172,522571,546.4135158976487,True,150.62698364257812,0.25632473826408386,140.05929565429688,145.36216735839844,2804.419921875,311.31561279296875,0.9298419995360376,0.11100891502183705,-0.5018540024757385,True,-0.24171829223632812,True,1.6462226994917728e-06,0.01
gpomdp_logbarrier_handoff,708,173,524353,546.4135158976487,True,109.42949676513672,0.24216176569461823,132.32046508789062,191.99244689941406,4021.032958984375,332.5356140136719,1.2091846257127883,0.08269905206090702,0.25475481152534485,True,-0.10008348524570465,True,8.141990974763758e-07,0.01
gpomdp_logbarrier_handoff,708,174,526362,546.4135158976487,True,262.3302307128906,0.24303840100765228,132.79946899414062,153.49896240234375,4474.78466796875,348.558837890625,0.5062301383765565,0.07789399127642206,-0.9026373624801636,True,-0.297709196805954,True,7.131075108190998e-07,0.01
gpomdp_logbarrier_handoff,708,175,528298,546.4135158976487,True,392.1683349609375,0.23307429254055023,127.35494232177734,284.11279296875,3569.830322265625,293.606689453125,0.3247456027638303,0.08224667923902469,-0.8939431309700012,True,-0.14115606248378754,True,4.10155098506948e-06,0.01
gpomdp_logbarrier_handoff,708,176,530359,546.4135158976487,True,336.49688720703125,0.24566233158111572,134.23321533203125,226.31777954101562,3373.229248046875,300.18463134765625,0.39891369113748637,0.08899028476094988,-0.8858826160430908,True,-0.22809888422489166,True,8.601477929914836e-06,0.01
gpomdp_logbarrier_handoff,708,177,532323,546.4135158976487,True,270.4616394042969,0.2361171394586563,129.01759338378906,308.8764343261719,3428.92041015625,278.0167236328125,0.4770273287847982,0.08107995823097677,0.08037997037172318,True,-0.09998052567243576,True,2.278399506394635e-06,0.01
gpomdp_logbarrier_handoff,708,178,534378,546.4135158976487,True,321.4124755859375,0.24490684270858765,133.82040405273438,275.1680908203125,3005.32568359375,288.45013427734375,0.4163509951154781,0.09597965899403517,-0.5288857221603394,True,-0.005312077235430479,True,3.6696485494758235e-06,0.01
gpomdp_logbarrier_handoff,708,179,536444,546.4135158976487,True,267.4059143066406,0.2709806263446808,148.0674591064453,267.868896484375,4221.29833984375,299.2965087890625,0.5537179665243039,0.07090152950434223,-0.2737296223640442,True,-0.11911838501691818,True,1.8061853097606217e-06,0.01
gpomdp_logbarrier_handoff,708,180,538381,546.4135158976487,True,269.3332824707031,0.25041407346725464,136.82962036132812,180.67970275878906,3665.2509765625,305.53033447265625,0.508030864608097,0.08335863940187845,-0.795294463634491,True,-0.3063220679759979,True,3.0516150673065567e-06,0.01
gpomdp_logbarrier_handoff,708,181,540181,546.4135158976487,True,147.21917724609375,0.29116392135620117,159.09588623046875,125.43284606933594,3695.80224609375,321.9642639160156,1.0806736541158746,0.08711620440631349,-0.6671427488327026,True,-0.3016051650047302,True,1.7987443925449043e-06,0.01
gpomdp_logbarrier_handoff,708,182,542257,546.4135158976487,True,197.88893127441406,0.25137782096862793,137.35623168945312,156.8301544189453,2916.27734375,349.8712158203125,0.6941077037754083,0.1199718595249991,-0.6149649024009705,True,-0.35592642426490784,True,1.8990880334968097e-06,0.01
gpomdp_logbarrier_handoff,708,183,544003,546.4135158976487,True,250.8913116455078,0.2530185580253601,138.2527618408203,136.58082580566406,2420.811767578125,315.26422119140625,0.551046430958765,0.13023078680206884,-0.9139881730079651,True,-0.1863529086112976,True,2.1507196379388915e-06,0.01
gpomdp_logbarrier_handoff,708,184,545901,546.4135158976487,True,241.505126953125,0.25071069598197937,136.99171447753906,205.24440002441406,3497.134033203125,326.906982421875,0.5672414337776295,0.09347853966078948,-0.5284423232078552,True,-0.20300036668777466,True,2.2335573248710716e-06,0.01
gpomdp_logbarrier_handoff,708,185,547649,546.4135158976487,True,266.92681884765625,0.265184611082077,144.90045166015625,201.753662109375,3605.448974609375,332.8758850097656,0.5428471080039942,0.09232577894014722,-0.6662930846214294,True,-0.03791676461696625,True,3.830372406810056e-06,0.01
gpomdp_logbarrier_handoff,708,186,549498,546.4135158976487,True,277.8209533691406,0.25368115305900574,138.61480712890625,212.59100341796875,3819.608154296875,296.9353942871094,0.49893575501747267,0.07773975295164018,-0.6648075580596924,True,-0.2110307663679123,True,2.6192544737568824e-06,0.01
gpomdp_logbarrier_handoff,708,187,551383,546.4135158976487,True,306.7117004394531,0.2720382809638977,148.64540100097656,238.2556915283203,2849.361083984375,321.39556884765625,0.4846420948010757,0.11279566168505258,-0.6514594554901123,True,-0.19825679063796997,True,2.9483053367584944e-06,0.01
gpomdp_logbarrier_handoff,708,188,553332,546.4135158976487,True,79.31355285644531,0.2851191759109497,155.79298400878906,159.0701141357422,3311.611572265625,316.8138122558594,1.964266867363372,0.09566756406733794,-0.21279475092887878,True,-0.03417792171239853,True,6.89500950556976e-07,0.01
gpomdp_logbarrier_handoff,708,189,555085,546.4135158976487,True,191.73385620117188,0.279239296913147,152.58010864257812,231.1632537841797,4525.74169921875,330.4624328613281,0.7957911641983945,0.07301840335217843,-0.11290666460990906,True,-0.21883106231689453,True,8.327823479703511e-07,0.01
gpomdp_logbarrier_handoff,708,190,557058,546.4135158976487,True,159.84642028808594,0.27734503149986267,151.5450897216797,233.53131103515625,3051.358154296875,325.84521484375,0.9480668347064324,0.1067869448182934,0.12425894290208817,True,-0.015314530581235886,True,3.2018358524510404e-06,0.01
gpomdp_logbarrier_handoff,708,191,558827,546.4135158976487,True,188.4728240966797,0.26835882663726807,146.6348876953125,231.52511596679688,2910.079833984375,322.19091796875,0.7780160794963954,0.11071549110308014,-0.061872851103544235,True,-0.21531249582767487,True,8.330719538207632e-06,0.01
gpomdp_logbarrier_handoff,708,192,560550,546.4135158976487,True,354.91650390625,0.24041731655597687,131.3672637939453,247.76487731933594,3216.981201171875,325.0923767089844,0.37013568641667205,0.10105510613197255,-0.8776053190231323,True,-0.3715869188308716,True,1.7229059494638932e-06,0.01
gpomdp_logbarrier_handoff,708,193,562159,546.4135158976487,True,203.23373413085938,0.2555151581764221,139.61691284179688,221.04351806640625,2954.28759765625,361.1925354003906,0.686977058404583,0.12226045144925585,-0.21033768355846405,True,-0.2982141673564911,True,3.5678406220540637e-06,0.01
gpomdp_logbarrier_handoff,708,194,563711,546.4135158976487,True,328.2441101074219,0.24726954102516174,135.11141967773438,227.80364990234375,3174.55078125,333.9228820800781,0.4116187176474165,0.10518744385893673,-0.8354631066322327,True,-0.0177016519010067,True,2.874062147384393e-06,0.01
gpomdp_logbarrier_handoff,708,195,565719,546.4135158976487,True,143.73556518554688,0.24846552312374115,135.76490783691406,238.00413513183594,3254.86181640625,266.4248046875,0.9445463804428391,0.08185441340230667,0.4497722387313843,True,-0.0018440651474520564,True,5.649609192914795e-06,0.01
gpomdp_logbarrier_handoff,708,196,567768,546.4135158976487,True,264.7132568359375,0.2726532518863678,148.98141479492188,220.41726684570312,3282.4345703125,315.6415100097656,0.562802998896488,0.09616079262159226,-0.553850531578064,True,-0.2171296775341034,True,1.0788248800963629e-05,0.01
gpomdp_logbarrier_handoff,708,197,569574,546.4135158976487,True,248.50967407226562,0.25867176055908203,141.3417510986328,249.6715545654297,3872.248046875,367.8589782714844,0.5687575408333246,0.0949988156281351,-0.2761390805244446,True,-0.16138572990894318,True,1.7613261661608703e-05,0.01
gpomdp_logbarrier_handoff,708,198,571329,546.4135158976487,True,208.6686553955078,0.2512804865837097,137.3030548095703,205.42947387695312,3913.44482421875,308.27801513671875,0.6579955889844975,0.07877407986664563,-0.3524062931537628,True,-0.12918253242969513,True,1.691634679445997e-05,0.01
gpomdp_logbarrier_handoff,708,199,573211,546.4135158976487,True,264.51171875,0.24099424481391907,131.68251037597656,245.47760009765625,3742.21728515625,336.2016906738281,0.4978324249612346,0.08984023776689669,-0.388261079788208,True,-0.22608442604541779,True,1.1804022506112233e-05,0.01
gpomdp_logbarrier_handoff,708,200,575159,546.4135158976487,True,369.83392333984375,0.2513037919998169,137.31578063964844,290.0495910644531,3647.107666015625,295.3023986816406,0.3712903873165462,0.08096892818199995,-0.70400071144104,True,-0.1826150268316269,True,1.7329077309113927e-05,0.01
gpomdp_logbarrier_handoff,708,201,577172,546.4135158976487,True,181.5765380859375,0.21362213790416718,116.72601318359375,185.8128662109375,4604.263671875,296.49371337890625,0.642847442814165,0.06439546787687872,-0.2847073972225189,True,-0.16932658851146698,True,1.7445299818064086e-05,0.01
gpomdp_logbarrier_handoff,708,202,579186,546.4135158976487,True,206.88528442382812,0.237246572971344,129.63475036621094,158.63705444335938,4107.7578125,305.4137878417969,0.6266020839869855,0.07435048554041229,-0.6420876383781433,True,-0.12618736922740936,True,1.628218342375476e-05,0.01
gpomdp_logbarrier_handoff,708,203,581217,546.4135158976487,True,228.83486938476562,0.24252530932426453,132.51910400390625,164.61318969726562,3838.748291015625,273.9502868652344,0.5791036320652998,0.07136448292439482,-0.7061700820922852,True,-0.29186269640922546,True,1.0756950359791517e-05,0.01
gpomdp_logbarrier_handoff,708,204,583241,546.4135158976487,True,151.87123107910156,0.2520981729030609,137.7498321533203,140.4275360107422,3536.3359375,320.71807861328125,0.9070172880970052,0.09069219787982352,-0.5334545969963074,True,-0.18055859208106995,True,1.0178882803302258e-05,0.01
gpomdp_logbarrier_handoff,708,205,585239,546.4135158976487,True,181.0768280029297,0.2461773306131363,134.51461791992188,201.4559326171875,4271.12744140625,324.72918701171875,0.7428593675041929,0.07602891542491719,-0.21140342950820923,True,-0.25070738792419434,True,9.537526239000726e-06,0.01
gpomdp_logbarrier_handoff,708,206,587104,546.4135158976487,True,523.021240234375,0.21170136332511902,115.67649841308594,458.71697998046875,4118.96630859375,255.55320739746094,0.22116979104184997,0.06204304387347829,-0.6323087811470032,True,-0.07068249583244324,True,1.1595052455959376e-06,0.01
gpomdp_logbarrier_handoff,708,207,589326,546.4135158976487,True,195.5354461669922,0.22881782054901123,125.0291519165039,240.35647583007812,4165.19775390625,252.42909240722656,0.639419370591897,0.06060434757761281,0.07986123114824295,True,-0.09224822372198105,True,2.8577826469700085e-06,0.01
gpomdp_logbarrier_handoff,708,208,591303,546.4135158976487,True,207.65660095214844,0.24402008950710297,133.33587646484375,177.6957244873047,3974.321044921875,283.51043701171875,0.6420979436891059,0.07133556494485258,-0.5295411944389343,True,-0.08773214370012283,True,4.157700004725484e-06,0.01
gpomdp_logbarrier_handoff,708,209,593340,546.4135158976487,True,273.1980895996094,0.24247859418392181,132.49359130859375,205.6041717529297,3316.79296875,280.4793701171875,0.4849726127396141,0.08456342399413967,-0.6895416378974915,True,-0.23227182030677795,True,4.9031082198780496e-06,0.01
gpomdp_logbarrier_handoff,708,210,595156,546.4135158976487,True,357.1656799316406,0.24916978180408478,136.1497344970703,350.5158996582031,3333.764404296875,325.3205261230469,0.38119489678607577,0.09758353820796173,-0.2389843612909317,True,-0.07791174948215485,True,2.216714619862614e-06,0.01
gpomdp_logbarrier_handoff,708,211,597298,546.4135158976487,True,276.2799377441406,0.22365795075893402,122.20972442626953,213.75486755371094,3704.059326171875,290.49237060546875,0.44234020546018227,0.07842540980726975,-0.6748985052108765,True,-0.1565081924200058,True,2.7056835278926883e-06,0.01
gpomdp_logbarrier_handoff,708,212,599321,546.4135158976487,True,251.37619018554688,0.22416533529758453,122.48696899414062,180.45301818847656,4687.21435546875,270.6710510253906,0.48726559545567943,0.057746676490181954,-0.740976095199585,True,-0.009138998575508595,True,9.020305924423155e-07,0.01
gpomdp_logbarrier_handoff,708,213,601405,546.4135158976487,True,230.30386352539062,0.2303171157836914,125.84838104248047,138.76361083984375,2991.631103515625,295.1823425292969,0.5464449406798852,0.098669365411535,-0.8560484647750854,True,-0.24353188276290894,True,2.1410867248050636e-06,0.01
gpomdp_logbarrier_handoff,708,214,603415,546.4135158976487,True,276.92669677734375,0.23526422679424286,128.55154418945312,172.83981323242188,3747.68212890625,334.00909423828125,0.46420784158925604,0.0891241793592993,-0.8896268010139465,True,-0.3146890103816986,True,3.2860150440683356e-06,0.01
gpomdp_logbarrier_handoff,708,215,605195,546.4135158976487,True,247.1840057373047,0.24817052483558655,135.60372924804688,258.444091796875,4984.7880859375,288.1129455566406,0.5485942702626156,0.05779843407374349,-0.1893690973520279,True,0.07821764796972275,True,1.1409263152017957e-06,0.01
gpomdp_logbarrier_handoff,708,216,607764,546.4135158976487,True,229.55859375,0.23925574123859406,130.73257446289062,200.54190063476562,3086.347412109375,295.9891052246094,0.5694954491891708,0.09590271790637937,-0.49267449975013733,True,-0.09462114423513412,True,2.7745422812586185e-06,0.01
gpomdp_logbarrier_handoff,708,217,609728,546.4135158976487,True,338.0985412597656,0.20366495847702026,111.2852783203125,272.4359130859375,4524.14453125,258.11724853515625,0.3291504243279492,0.05705327200584365,-0.6973178386688232,True,0.012321467511355877,True,3.775369805225637e-06,0.01
gpomdp_logbarrier_handoff,708,218,611780,546.4135158976487,True,240.86248779296875,0.23897841572761536,130.58103942871094,201.70457458496094,3458.18798828125,303.0381164550781,0.5421393784695553,0.0876291622901885,-0.5465683341026306,True,-0.19828328490257263,True,4.851687663176563e-06,0.01
gpomdp_logbarrier_handoff,708,219,613788,546.4135158976487,True,281.7520751953125,0.24906902015209198,136.09466552734375,286.43878173828125,2948.788330078125,284.2124328613281,0.4830298603231298,0.09638278541810365,-0.2067914754152298,True,-0.2451312094926834,True,5.84191639063647e-06,0.01
gpomdp_logbarrier_handoff,708,220,615777,546.4135158976487,True,149.05230712890625,0.255317360162735,139.50885009765625,97.31084442138672,3438.716064453125,300.9326477050781,0.9359724299805944,0.08751308397221125,-0.7744957208633423,True,-0.07497529685497284,True,5.310290362103842e-06,0.01
gpomdp_logbarrier_handoff,708,221,617655,546.4135158976487,True,299.0406799316406,0.24293547868728638,132.7432098388672,266.7453918457031,3255.710205078125,280.72650146484375,0.4438968299203028,0.08622588737381415,-0.45210257172584534,True,-0.2605905830860138,True,1.1002055543940514e-05,0.01
gpomdp_logbarrier_handoff,708,222,619449,546.4135158976487,True,291.9995422363281,0.2271273285150528,124.1054458618164,222.43251037597656,3384.762939453125,321.6404724121094,0.4250193165076005,0.09502599684693921,-0.7062840461730957,True,-0.38248857855796814,True,1.3084883903502487e-05,0.01
gpomdp_logbarrier_handoff,708,223,621358,546.4135158976487,True,170.1108856201172,0.2268257886171341,123.940673828125,159.922607421875,3527.2421875,282.5753173828125,0.7285875526208411,0.08011225267837169,-0.44403496384620667,True,-0.11603989452123642,True,6.9946659095876385e-06,0.01
gpomdp_logbarrier_handoff,708,224,623197,546.4135158976487,True,101.7116470336914,0.25935041904449463,141.7125701904297,209.18402099609375,3026.80517578125,297.68939208984375,1.3932777053889236,0.0983510251904492,0.4624117910861969,True,-0.09300979971885681,True,6.329501047730446e-06,0.01
gpomdp_logbarrier_handoff,708,225,624913,546.4135158976487,True,253.21519470214844,0.24062815308570862,131.48248291015625,181.6090850830078,3134.394775390625,350.8161315917969,0.519251947201732,0.1119246797966208,-0.7272278070449829,True,-0.19365568459033966,True,6.152069545350969e-06,0.01
gpomdp_logbarrier_handoff,708,226,626706,546.4135158976487,True,481.4609069824219,0.23758728802204132,129.82090759277344,360.077880859375,3406.1806640625,274.9541931152344,0.2696395609903863,0.08072214020124836,-0.9519599080085754,True,-0.14582449197769165,True,7.949920473038219e-06,0.01
gpomdp_logbarrier_handoff,708,227,628863,546.4135158976487,True,302.1457824707031,0.22413499653339386,122.47039031982422,194.58387756347656,2773.041748046875,303.92315673828125,0.40533542887264784,0.10959919985061249,-0.9246074557304382,True,-0.14290206134319305,True,8.861077731125988e-06,0.01
gpomdp_logbarrier_handoff,708,228,630683,546.4135158976487,True,263.6459655761719,0.2268870770931244,123.97416687011719,234.37225341796875,3774.857421875,317.8039245605469,0.47022971354476845,0.08418964984449433,-0.4581332504749298,True,-0.2941855788230896,True,6.611740445805481e-06,0.01
gpomdp_logbarrier_handoff,708,229,632575,546.4135158976487,True,240.7942352294922,0.25702089071273804,140.43968200683594,168.88150024414062,4168.2451171875,295.4303283691406,0.583235233488825,0.07087642882395567,-0.7272098660469055,True,-0.16596229374408722,True,7.19382478564512e-06,0.01
gpomdp_logbarrier_handoff,708,230,634581,546.4135158976487,True,131.1949920654297,0.25110796093940735,137.20877075195312,101.5790023803711,2671.305419921875,291.9154968261719,1.045838477458989,0.10927821830073974,-0.7144027948379517,True,-0.21330183744430542,True,4.0900931708165444e-06,0.01
gpomdp_logbarrier_handoff,708,231,636448,546.4135158976487,True,495.7842102050781,0.2552337646484375,139.46316528320312,386.1103515625,4529.0146484375,286.4017639160156,0.2812981180371094,0.06323710258142433,-0.8400682210922241,True,-0.20681576430797577,True,1.7365693565807305e-05,0.01
gpomdp_logbarrier_handoff,708,232,638486,546.4135158976487,True,244.788330078125,0.26615414023399353,145.4302215576172,187.72491455078125,4843.337890625,328.6638488769531,0.5941060242177503,0.06785895518731634,-0.643695592880249,True,-0.17886267602443695,True,1.9272369172540493e-05,0.01
gpomdp_logbarrier_handoff,708,233,640693,546.4135158976487,True,125.02487182617188,0.2805963456630707,153.32162475585938,179.37240600585938,3754.244873046875,306.9293518066406,1.2263289897151812,0.08175528293591103,-0.18165460228919983,True,-0.23758627474308014,True,1.0583302355371416e-05,0.01
gpomdp_logbarrier_handoff,708,234,642597,546.4135158976487,True,110.2988510131836,0.26623740792274475,145.47572326660156,119.5569076538086,3287.781982421875,345.6002197265625,1.3189232882327433,0.10511652584457057,-0.5931508541107178,True,-0.39638909697532654,True,6.063287855795352e-06,0.01
gpomdp_logbarrier_handoff,708,235,644458,546.4135158976487,True,162.27000427246094,0.28673213720321655,156.67430114746094,138.62046813964844,3012.398681640625,360.4197082519531,0.9655160967666921,0.11964542092272457,-0.6227054595947266,True,-0.15444743633270264,True,6.148254215077031e-06,0.01
gpomdp_logbarrier_handoff,708,236,646138,546.4135158976487,True,323.18218994140625,0.26751795411109924,146.1754150390625,194.94151306152344,3802.2021484375,327.6676330566406,0.45230034200079056,0.0861783830171403,-0.9293966293334961,True,-0.18139033019542694,True,8.849605364957824e-06,0.01
gpomdp_logbarrier_handoff,708,237,647831,546.4135158976487,True,250.52899169921875,0.2776969373226166,151.7373504638672,198.78671264648438,3574.36669921875,310.6222839355469,0.6056678288397086,0.08690274671690502,-0.6086190938949585,True,-0.22552822530269623,True,9.799873623705935e-06,0.01
gpomdp_logbarrier_handoff,708,238,649593,546.4135158976487,True,291.3590393066406,0.2747528851032257,150.12869262695312,212.66265869140625,3726.498779296875,342.7561950683594,0.5152704133848762,0.09197807791393707,-0.7110354900360107,True,-0.125265434384346,True,8.584989700466394e-06,0.01
gpomdp_logbarrier_handoff,708,239,651424,546.4135158976487,True,285.6062316894531,0.3001501262187958,164.00607299804688,182.53338623046875,3997.1767578125,396.4332275390625,0.5742384261992394,0.09917830798055952,-0.8021841645240784,True,-0.26363396644592285,True,7.298025593627244e-06,0.01
gpomdp_logbarrier_handoff,708,240,653410,546.4135158976487,True,200.4373321533203,0.3052968382835388,166.81829833984375,278.0084228515625,3528.536865234375,373.4613952636719,0.8322715960529729,0.10584029855073246,0.1388479769229889,True,-0.11920302361249924,True,4.713228008768056e-06,0.01
gpomdp_logbarrier_handoff,708,241,655124,546.4135158976487,True,350.0059814453125,0.26016879081726074,142.15972900390625,231.25022888183594,3631.437255859375,349.8917541503906,0.40616371302248255,0.0963507640358746,-0.8967313170433044,True,-0.2884078919887543,True,6.914796358614694e-06,0.01
gpomdp_logbarrier_handoff,708,242,657051,546.4135158976487,True,381.174072265625,0.29269906878471375,159.93472290039062,276.6058349609375,4149.32958984375,339.7265625,0.4195844747513113,0.08187504876246599,-0.7739289402961731,True,-0.06850610673427582,True,8.691123184689786e-06,0.01
gpomdp_logbarrier_handoff,708,243,659102,546.4135158976487,True,278.0046081542969,0.29445135593414307,160.8922119140625,165.93531799316406,3770.63427734375,366.71502685546875,0.5787393704810995,0.097255527818997,-0.8455221056938171,True,-0.1194341629743576,True,9.317699550592806e-06,0.01
gpomdp_logbarrier_handoff,708,244,660668,546.4135158976487,True,336.37762451171875,0.3187452256679535,174.16671752929688,201.9398956298828,3389.369873046875,364.81451416015625,0.5177714117641296,0.10763490791053917,-0.8765285611152649,True,-0.34797415137290955,True,1.3632419722853228e-05,0.01
gpomdp_logbarrier_handoff,708,245,662464,546.4135158976487,True,177.29852294921875,0.3269374370574951,178.64303588867188,218.14251708984375,2811.20703125,440.4075622558594,1.0075833284851348,0.15666137618474604,-0.24882176518440247,True,-0.2373671531677246,True,7.671361345273908e-06,0.01
gpomdp_logbarrier_handoff,708,246,664044,546.4135158976487,True,213.04391479492188,0.3141619563102722,171.66232299804688,210.39015197753906,2777.696044921875,369.4978942871094,0.8057602732436207,0.133023155993838,-0.4182429611682892,True,-0.0839671716094017,True,5.59903583052801e-06,0.01
gpomdp_logbarrier_handoff,708,247,665615,546.4135158976487,True,232.7388153076172,0.2987922132015228,163.26409912109375,127.64830780029297,2809.442626953125,395.1196594238281,0.7014906340624927,0.14063987483963689,-0.8491053581237793,True,-0.090735524892807,True,4.4242246985959355e-06,0.01
gpomdp_logbarrier_handoff,708,248,667367,546.4135158976487,True,353.08453369140625,0.3091985583305359,168.95028686523438,235.02085876464844,4400.9228515625,385.3311767578125,0.4784981236615023,0.08755690334835223,-0.8212235569953918,True,-0.05522174388170242,True,6.770957497792551e-06,0.01
gpomdp_logbarrier_handoff,708,249,669291,546.4135158976487,True,146.44178771972656,0.37024226784706116,202.30538940429688,204.92611694335938,3562.820556640625,415.212158203125,1.3814730928543912,0.11654029485970732,-0.34392064809799194,True,-0.09090113639831543,True,4.872188583249226e-06,0.01
gpomdp_logbarrier_handoff,708,250,671155,0.0,False,295.2048034667969,0.3422701954841614,0.0,295.2048034667969,4108.556640625,0.0,0.0,0.0,-0.7566224336624146,True,nan,False,6.517121164506534e-06,0.01
gpomdp_logbarrier_handoff,708,251,673140,0.0,False,298.6896667480469,0.3071261942386627,0.0,298.6896667480469,3869.435302734375,0.0,0.0,0.0,-0.8156577348709106,True,nan,False,1.6935042367549613e-05,0.01
gpomdp_logbarrier_handoff,708,252,674771,0.0,False,219.33961486816406,0.32545533776283264,0.0,219.33961486816406,3973.533935546875,0.0,0.0,0.0,-0.5795839428901672,True,nan,False,2.2885795260663144e-05,0.01
gpomdp_logbarrier_handoff,708,253,676443,0.0,False,182.65621948242188,0.33073392510414124,0.0,182.65621948242188,2396.96630859375,0.0,0.0,0.0,-0.3901344835758209,True,nan,False,2.6037077986984514e-05,0.01
gpomdp_logbarrier_handoff,708,254,677894,0.0,False,399.7395324707031,0.3266620934009552,0.0,399.7395324707031,2793.58984375,0.0,0.0,0.0,-0.7867040038108826,True,nan,False,4.892053038929589e-05,0.01
gpomdp_logbarrier_handoff,708,255,679588,0.0,False,434.63006591796875,0.3382108509540558,0.0,434.63006591796875,3182.253662109375,0.0,0.0,0.0,-0.8002083897590637,True,nan,False,7.443641516147181e-05,0.01
gpomdp_logbarrier_handoff,708,256,681305,0.0,False,219.76397705078125,0.3932369649410248,0.0,219.76397705078125,3079.6767578125,0.0,0.0,0.0,-0.3528510332107544,True,nan,False,7.401900802506134e-05,0.01
gpomdp_logbarrier_handoff,708,257,682753,0.0,False,186.08590698242188,0.39565518498420715,0.0,186.08590698242188,3431.08251953125,0.0,0.0,0.0,-0.2540566027164459,True,nan,False,6.46317785140127e-05,0.01
gpomdp_logbarrier_handoff,708,258,684363,0.0,False,141.3612060546875,0.3937862813472748,0.0,141.3612060546875,3080.3828125,0.0,0.0,0.0,-0.5949599742889404,True,nan,False,6.0806072724517435e-05,0.01
gpomdp_logbarrier_handoff,708,259,685809,0.0,False,145.298828125,0.4091010093688965,0.0,145.298828125,2064.5361328125,0.0,0.0,0.0,0.08745560795068741,True,nan,False,4.8440855607623234e-05,0.01
gpomdp_logbarrier_handoff,708,260,687172,0.0,False,142.9631805419922,0.4329512417316437,0.0,142.9631805419922,3146.977783203125,0.0,0.0,0.0,-0.3501850962638855,True,nan,False,4.541728776530363e-05,0.01
gpomdp_logbarrier_handoff,708,261,688492,0.0,False,94.97151947021484,0.4313575327396393,0.0,94.97151947021484,2954.534423828125,0.0,0.0,0.0,-0.6665033102035522,True,nan,False,4.245464879204519e-05,0.01
gpomdp_logbarrier_handoff,708,262,689917,0.0,False,312.1090393066406,0.4345744550228119,0.0,312.1090393066406,3363.44677734375,0.0,0.0,0.0,-0.8120289444923401,True,nan,False,6.116923032095656e-05,0.01
gpomdp_logbarrier_handoff,708,263,691504,0.0,False,183.76071166992188,0.49865394830703735,0.0,183.76071166992188,3511.5791015625,0.0,0.0,0.0,-0.5980287790298462,True,nan,False,6.791132182115689e-05,0.01
gpomdp_logbarrier_handoff,708,264,692989,0.0,False,203.8230438232422,0.4682808518409729,0.0,203.8230438232422,2814.374755859375,0.0,0.0,0.0,-0.4981463849544525,True,nan,False,6.44618776277639e-05,0.01
gpomdp_logbarrier_handoff,708,265,694390,0.0,False,237.3732452392578,0.49394693970680237,0.0,237.3732452392578,2596.437744140625,0.0,0.0,0.0,-0.9277816414833069,True,nan,False,7.88885954534635e-05,0.01
gpomdp_logbarrier_handoff,708,266,695679,0.0,False,98.82612609863281,0.46924591064453125,0.0,98.82612609863281,2094.23583984375,0.0,0.0,0.0,-0.281077116727829,True,nan,False,6.343537825159729e-05,0.01
gpomdp_logbarrier_handoff,708,267,696884,0.0,False,164.87628173828125,0.48956266045570374,0.0,164.87628173828125,2377.556396484375,0.0,0.0,0.0,-0.6854064464569092,True,nan,False,6.567426316905767e-05,0.01
gpomdp_logbarrier_handoff,708,268,698172,0.0,False,230.8673858642578,0.6174216270446777,0.0,230.8673858642578,3273.965087890625,0.0,0.0,0.0,-0.11037561297416687,True,nan,False,6.753003981430084e-05,0.01
gpomdp_logbarrier_handoff,708,269,699754,0.0,False,152.0438690185547,0.5030732154846191,0.0,152.0438690185547,2412.225830078125,0.0,0.0,0.0,-0.4757477045059204,True,nan,False,5.59735344722867e-05,0.01
gpomdp_logbarrier_handoff,708,270,700979,0.0,False,122.2977066040039,0.5242815613746643,0.0,122.2977066040039,2259.43798828125,0.0,0.0,0.0,-0.33383071422576904,True,nan,False,5.242581755737774e-05,0.01
gpomdp_logbarrier_handoff,708,271,702177,0.0,False,108.60543060302734,0.5716944336891174,0.0,108.60543060302734,2073.21240234375,0.0,0.0,0.0,-0.42322710156440735,True,nan,False,4.7630270273657516e-05,0.01
gpomdp_logbarrier_handoff,708,272,703410,0.0,False,192.3529052734375,0.5737212300300598,0.0,192.3529052734375,3259.802734375,0.0,0.0,0.0,-0.03224261477589607,True,nan,False,4.0720231481827796e-05,0.01
gpomdp_logbarrier_handoff,708,273,704655,0.0,False,142.24734497070312,0.5601227283477783,0.0,142.24734497070312,2392.180908203125,0.0,0.0,0.0,0.6768051981925964,True,nan,False,2.5427236323594116e-05,0.01
gpomdp_logbarrier_handoff,708,274,705787,0.0,False,106.12295532226562,0.5961357951164246,0.0,106.12295532226562,2318.1611328125,0.0,0.0,0.0,-0.5821782350540161,True,nan,False,2.585375477792695e-05,0.01
gpomdp_logbarrier_handoff,708,275,706899,0.0,False,224.55670166015625,0.5548617839813232,0.0,224.55670166015625,2118.22021484375,0.0,0.0,0.0,-0.31465044617652893,True,nan,False,2.6682773750508204e-05,0.01
gpomdp_logbarrier_handoff,708,276,708014,0.0,False,158.77964782714844,0.5672937631607056,0.0,158.77964782714844,3129.304931640625,0.0,0.0,0.0,-0.6547666192054749,True,nan,False,2.7776955903391354e-05,0.01
gpomdp_logbarrier_handoff,708,277,709277,0.0,False,167.4610595703125,0.5942156314849854,0.0,167.4610595703125,2413.1943359375,0.0,0.0,0.0,-0.08399179577827454,True,nan,False,2.7288882847642526e-05,0.01
gpomdp_logbarrier_handoff,708,278,710522,0.0,False,171.08200073242188,0.6132993102073669,0.0,171.08200073242188,2601.986572265625,0.0,0.0,0.0,0.0862041711807251,True,nan,False,1.921195325849112e-05,0.01
gpomdp_logbarrier_handoff,708,279,711636,0.0,False,243.58203125,0.6189352869987488,0.0,243.58203125,2979.697509765625,0.0,0.0,0.0,-0.636382520198822,True,nan,False,3.072428808081895e-05,0.01
gpomdp_logbarrier_handoff,708,280,712907,0.0,False,223.76068115234375,0.640399158000946,0.0,223.76068115234375,2502.223876953125,0.0,0.0,0.0,-0.46531012654304504,True,nan,False,3.0215764127206057e-05,0.01
gpomdp_logbarrier_handoff,708,281,714043,0.0,False,237.785400390625,0.6752902269363403,0.0,237.785400390625,3250.07177734375,0.0,0.0,0.0,-0.013245454989373684,True,nan,False,3.008757448696997e-05,0.01
gpomdp_logbarrier_handoff,708,282,715271,0.0,False,103.2761001586914,0.6565805673599243,0.0,103.2761001586914,2150.050048828125,0.0,0.0,0.0,-0.5377830266952515,True,nan,False,2.547058102209121e-05,0.01
gpomdp_logbarrier_handoff,708,283,716431,0.0,False,164.55670166015625,0.6045125722885132,0.0,164.55670166015625,2110.52587890625,0.0,0.0,0.0,-0.36231881380081177,True,nan,False,2.7152267648489214e-05,0.01
gpomdp_logbarrier_handoff,708,284,717559,0.0,False,175.4663848876953,0.6198261976242065,0.0,175.4663848876953,2237.4775390625,0.0,0.0,0.0,-0.7158880233764648,True,nan,False,3.15280667564366e-05,0.01
gpomdp_logbarrier_handoff,708,285,718697,0.0,False,168.04864501953125,0.662802517414093,0.0,168.04864501953125,2123.836181640625,0.0,0.0,0.0,-0.3761267364025116,True,nan,False,3.177515827701427e-05,0.01
gpomdp_logbarrier_handoff,708,286,719792,0.0,False,97.79427337646484,0.6088855266571045,0.0,97.79427337646484,2157.59716796875,0.0,0.0,0.0,-0.295281320810318,True,nan,False,2.6943307602778077e-05,0.01
gpomdp_logbarrier_handoff,708,287,720846,0.0,False,118.0668716430664,0.6450241208076477,0.0,118.0668716430664,2619.15625,0.0,0.0,0.0,0.33098581433296204,True,nan,False,2.029939423664473e-05,0.01
gpomdp_logbarrier_handoff,708,288,721910,0.0,False,98.68656158447266,0.6495702862739563,0.0,98.68656158447266,1484.2388916015625,0.0,0.0,0.0,-0.3473047614097595,True,nan,False,1.8422033463139087e-05,0.01
gpomdp_logbarrier_handoff,708,289,722816,0.0,False,161.21041870117188,0.6987360715866089,0.0,161.21041870117188,1894.843505859375,0.0,0.0,0.0,-0.6556810140609741,True,nan,False,2.372002199990675e-05,0.01
gpomdp_logbarrier_handoff,708,290,723928,0.0,False,230.78445434570312,0.7729532718658447,0.0,230.78445434570312,2641.740478515625,0.0,0.0,0.0,-0.8475857377052307,True,nan,False,3.4466265788068995e-05,0.01
gpomdp_logbarrier_handoff,708,291,725292,0.0,False,220.7628631591797,0.663169264793396,0.0,220.7628631591797,2823.145751953125,0.0,0.0,0.0,-0.8624718189239502,True,nan,False,4.87318575324025e-05,0.01
gpomdp_logbarrier_handoff,708,292,726338,0.0,False,166.9476318359375,0.7253872156143188,0.0,166.9476318359375,2554.891357421875,0.0,0.0,0.0,-0.39560434222221375,True,nan,False,5.445264469017275e-05,0.01
gpomdp_logbarrier_handoff,708,293,727326,0.0,False,172.22825622558594,0.7696943879127502,0.0,172.22825622558594,2179.828125,0.0,0.0,0.0,-0.40833479166030884,True,nan,False,5.6678411056054756e-05,0.01
gpomdp_logbarrier_handoff,708,294,728374,0.0,False,63.01270294189453,0.757668137550354,0.0,63.01270294189453,2027.5906982421875,0.0,0.0,0.0,-0.0828055664896965,True,nan,False,4.7876950702629983e-05,0.01
gpomdp_logbarrier_handoff,708,295,729321,0.0,False,207.08604431152344,0.7623124122619629,0.0,207.08604431152344,1649.21728515625,0.0,0.0,0.0,-0.38240018486976624,True,nan,False,5.015570786781609e-05,0.01
gpomdp_logbarrier_handoff,708,296,730418,0.0,False,119.32709503173828,0.7662249803543091,0.0,119.32709503173828,2132.33154296875,0.0,0.0,0.0,0.7481608390808105,True,nan,False,3.132871279376559e-05,0.01
gpomdp_logbarrier_handoff,708,297,731403,0.0,False,113.16893005371094,0.7632404565811157,0.0,113.16893005371094,2123.47509765625,0.0,0.0,0.0,-0.2372121512889862,True,nan,False,2.6706587959779426e-05,0.01
gpomdp_logbarrier_handoff,708,298,732431,0.0,False,107.34849548339844,0.7769443988800049,0.0,107.34849548339844,1878.688232421875,0.0,0.0,0.0,0.5226259827613831,True,nan,False,2.3451859306078404e-05,0.01
gpomdp_logbarrier_handoff,708,299,733330,0.0,False,149.67579650878906,0.7967487573623657,0.0,149.67579650878906,1471.8497314453125,0.0,0.0,0.0,0.348370760679245,True,nan,False,1.2698416867351625e-05,0.01
gpomdp_logbarrier_handoff,708,300,734212,0.0,False,120.20410919189453,0.7893863916397095,0.0,120.20410919189453,1670.436279296875,0.0,0.0,0.0,-0.39897868037223816,True,nan,False,1.2793487258022651e-05,0.01
gpomdp_logbarrier_handoff,708,301,735134,0.0,False,168.71304321289062,0.8136842846870422,0.0,168.71304321289062,1907.654052734375,0.0,0.0,0.0,-0.22614967823028564,True,nan,False,1.1161825568706263e-05,0.01
gpomdp_logbarrier_handoff,708,302,735987,0.0,False,145.61366271972656,0.8557862639427185,0.0,145.61366271972656,2394.341796875,0.0,0.0,0.0,0.2324828952550888,True,nan,False,6.989523626543814e-06,0.01
gpomdp_logbarrier_handoff,708,303,737113,0.0,False,125.3357162475586,0.7940967082977295,0.0,125.3357162475586,1722.7218017578125,0.0,0.0,0.0,-0.09268736094236374,True,nan,False,5.326152404450113e-06,0.01
gpomdp_logbarrier_handoff,708,304,738050,0.0,False,122.71281433105469,0.8109502196311951,0.0,122.71281433105469,2026.4189453125,0.0,0.0,0.0,-0.7137771248817444,True,nan,False,7.456387720594648e-06,0.01
gpomdp_logbarrier_handoff,708,305,738916,0.0,False,227.07525634765625,0.7988033890724182,0.0,227.07525634765625,2118.17236328125,0.0,0.0,0.0,-0.7254162430763245,True,nan,False,1.556654751766473e-05,0.01
gpomdp_logbarrier_handoff,708,306,739903,0.0,False,71.81049346923828,0.8413776755332947,0.0,71.81049346923828,1504.9144287109375,0.0,0.0,0.0,-0.6853078603744507,True,nan,False,1.5485837138839997e-05,0.01
gpomdp_logbarrier_handoff,708,307,740820,0.0,False,111.5000991821289,0.8489168286323547,0.0,111.5000991821289,1900.46630859375,0.0,0.0,0.0,-0.4006010591983795,True,nan,False,1.6283929653582163e-05,0.01
gpomdp_logbarrier_handoff,708,308,741733,0.0,False,75.5074691772461,0.8249987363815308,0.0,75.5074691772461,2003.6414794921875,0.0,0.0,0.0,-0.19692163169384003,True,nan,False,1.2448879715520889e-05,0.01
gpomdp_logbarrier_handoff,708,309,742679,0.0,False,79.14932250976562,0.8128151893615723,0.0,79.14932250976562,1972.13916015625,0.0,0.0,0.0,0.0822545737028122,True,nan,False,1.0492518413229845e-05,0.01
gpomdp_logbarrier_handoff,708,310,743641,0.0,False,199.29620361328125,0.8395649790763855,0.0,199.29620361328125,1737.1656494140625,0.0,0.0,0.0,-0.12145841121673584,True,nan,False,1.3677595234184992e-05,0.01
gpomdp_logbarrier_handoff,708,311,744604,0.0,False,122.07520294189453,0.847361147403717,0.0,122.07520294189453,2245.826904296875,0.0,0.0,0.0,0.4078492224216461,True,nan,False,9.568791938363574e-06,0.01
gpomdp_logbarrier_handoff,708,312,745620,0.0,False,66.79373931884766,0.8661457300186157,0.0,66.79373931884766,2005.3153076171875,0.0,0.0,0.0,0.22891241312026978,True,nan,False,7.64205469749868e-06,0.01
gpomdp_logbarrier_handoff,708,313,746558,0.0,False,101.08171081542969,0.8970546126365662,0.0,101.08171081542969,2129.158203125,0.0,0.0,0.0,-0.5395442843437195,True,nan,False,9.132016202784143e-06,0.01
gpomdp_logbarrier_handoff,708,314,747473,0.0,False,140.89256286621094,0.8332436680793762,0.0,140.89256286621094,2233.455078125,0.0,0.0,0.0,-0.3443051278591156,True,nan,False,1.67934504133882e-05,0.01
gpomdp_logbarrier_handoff,708,315,748486,0.0,False,138.00733947753906,0.8732172846794128,0.0,138.00733947753906,1353.3463134765625,0.0,0.0,0.0,-0.7289101481437683,True,nan,False,2.013287303270772e-05,0.01
gpomdp_logbarrier_handoff,708,316,749466,0.0,False,117.14205169677734,0.8432380557060242,0.0,117.14205169677734,2215.2685546875,0.0,0.0,0.0,-0.529726505279541,True,nan,False,1.635233456909191e-05,0.01
gpomdp_logbarrier_handoff,708,317,750365,0.0,False,157.54722595214844,0.8796949982643127,0.0,157.54722595214844,1693.9339599609375,0.0,0.0,0.0,0.2976524233818054,True,nan,False,7.058585651975591e-06,0.01
gpomdp_logbarrier_handoff,708,318,751306,0.0,False,141.68826293945312,0.9548484683036804,0.0,141.68826293945312,2209.09375,0.0,0.0,0.0,0.8624871969223022,True,nan,False,2.1637388272210956e-06,0.01
gpomdp_logbarrier_handoff,708,319,752420,0.0,False,159.92404174804688,0.8527284264564514,0.0,159.92404174804688,2033.6705322265625,0.0,0.0,0.0,-0.5386571288108826,True,nan,False,5.547345153900096e-06,0.01
gpomdp_logbarrier_handoff,708,320,753371,0.0,False,155.08477783203125,0.8515424728393555,0.0,155.08477783203125,1554.94970703125,0.0,0.0,0.0,0.5608086585998535,True,nan,False,2.6840791633730987e-06,0.01
gpomdp_logbarrier_handoff,708,321,754271,0.0,False,56.60312271118164,0.9387120008468628,0.0,56.60312271118164,1406.30029296875,0.0,0.0,0.0,0.24797500669956207,True,nan,False,2.1660189304384403e-06,0.01
gpomdp_logbarrier_handoff,708,322,755213,0.0,False,183.1068115234375,0.9753493666648865,0.0,183.1068115234375,1936.82470703125,0.0,0.0,0.0,0.2862448990345001,True,nan,False,7.12921882950468e-06,0.01
gpomdp_logbarrier_handoff,708,323,756234,0.0,False,105.93781280517578,0.905582845211029,0.0,105.93781280517578,1810.7508544921875,0.0,0.0,0.0,-0.4013519287109375,True,nan,False,5.397164841269841e-06,0.01
gpomdp_logbarrier_handoff,708,324,757157,0.0,False,109.22813415527344,0.8827052712440491,0.0,109.22813415527344,2129.45654296875,0.0,0.0,0.0,-0.4353243112564087,True,nan,False,6.495913112303242e-06,0.01
gpomdp_logbarrier_handoff,708,325,758058,0.0,False,149.6185760498047,0.881101667881012,0.0,149.6185760498047,2132.62890625,0.0,0.0,0.0,-0.5219405889511108,True,nan,False,7.870560693845619e-06,0.01
gpomdp_logbarrier_handoff,708,326,758962,0.0,False,164.5988311767578,0.9384286999702454,0.0,164.5988311767578,2136.0224609375,0.0,0.0,0.0,0.7640608549118042,True,nan,False,3.5815091905533336e-06,0.01
gpomdp_logbarrier_handoff,708,327,760020,0.0,False,59.54790115356445,0.8533077836036682,0.0,59.54790115356445,1550.97119140625,0.0,0.0,0.0,0.4010196924209595,True,nan,False,2.9961854579596547e-06,0.01
gpomdp_logbarrier_handoff,708,328,760845,0.0,False,146.05792236328125,0.8504840135574341,0.0,146.05792236328125,2341.162109375,0.0,0.0,0.0,-0.5582723021507263,True,nan,False,7.04256444805651e-06,0.01
gpomdp_logbarrier_handoff,708,329,761777,0.0,False,170.29022216796875,0.9517443180084229,0.0,170.29022216796875,2327.300048828125,0.0,0.0,0.0,-0.4923723340034485,True,nan,False,1.0835899047378916e-05,0.01
gpomdp_logbarrier_handoff,708,330,762775,0.0,False,124.94276428222656,0.9103213548660278,0.0,124.94276428222656,2137.912109375,0.0,0.0,0.0,0.05166163668036461,True,nan,False,5.9060444073111285e-06,0.01
gpomdp_logbarrier_handoff,708,331,763648,0.0,False,101.23939514160156,0.9379187822341919,0.0,101.23939514160156,1957.6226806640625,0.0,0.0,0.0,0.04604259505867958,True,nan,False,7.692260624025948e-06,0.01
gpomdp_logbarrier_handoff,708,332,764586,0.0,False,130.9190216064453,0.8731663823127747,0.0,130.9190216064453,2163.407470703125,0.0,0.0,0.0,-0.030325651168823242,True,nan,False,6.453992227761773e-06,0.01
gpomdp_logbarrier_handoff,708,333,765552,0.0,False,107.9334716796875,0.8991426825523376,0.0,107.9334716796875,2453.080810546875,0.0,0.0,0.0,-0.24226877093315125,True,nan,False,6.086803750804393e-06,0.01
gpomdp_logbarrier_handoff,708,334,766516,0.0,False,109.51654815673828,0.9488593935966492,0.0,109.51654815673828,2308.657958984375,0.0,0.0,0.0,-0.3990872800350189,True,nan,False,6.211004347278504e-06,0.01
gpomdp_logbarrier_handoff,708,335,767692,0.0,False,170.07676696777344,0.8700090646743774,0.0,170.07676696777344,2268.16552734375,0.0,0.0,0.0,-0.6723748445510864,True,nan,False,1.2426376997609623e-05,0.01
gpomdp_logbarrier_handoff,708,336,768643,0.0,False,150.0723876953125,0.9394510984420776,0.0,150.0723876953125,1816.3253173828125,0.0,0.0,0.0,0.06013813614845276,True,nan,False,6.770694199076388e-06,0.01
gpomdp_logbarrier_handoff,708,337,769606,0.0,False,188.96658325195312,0.9374570846557617,0.0,188.96658325195312,2836.670166015625,0.0,0.0,0.0,-0.7741175889968872,True,nan,False,1.1951940905419178e-05,0.01
gpomdp_logbarrier_handoff,708,338,770623,0.0,False,143.87913513183594,0.8890271782875061,0.0,143.87913513183594,1591.627197265625,0.0,0.0,0.0,-0.7557814121246338,True,nan,False,1.5029095266072545e-05,0.01
gpomdp_logbarrier_handoff,708,339,771527,0.0,False,112.35343933105469,0.9230871200561523,0.0,112.35343933105469,1753.274658203125,0.0,0.0,0.0,-0.2918016314506531,True,nan,False,1.4378058040165342e-05,0.01
gpomdp_logbarrier_handoff,708,340,772369,0.0,False,88.07723999023438,0.8986977338790894,0.0,88.07723999023438,1594.15087890625,0.0,0.0,0.0,0.27358824014663696,True,nan,False,1.1185868970642332e-05,0.01
gpomdp_logbarrier_handoff,708,341,773197,0.0,False,117.29277801513672,0.9200036525726318,0.0,117.29277801513672,1870.138916015625,0.0,0.0,0.0,0.6225612163543701,True,nan,False,6.1533046391559765e-06,0.01
gpomdp_logbarrier_handoff,708,342,774062,0.0,False,80.98408508300781,0.9647455811500549,0.0,80.98408508300781,2010.32275390625,0.0,0.0,0.0,-0.4552524983882904,True,nan,False,6.411969479813706e-06,0.01
gpomdp_logbarrier_handoff,708,343,774956,0.0,False,205.33441162109375,0.9981949329376221,0.0,205.33441162109375,2477.031005859375,0.0,0.0,0.0,-0.5166563391685486,True,nan,False,1.1995171007583849e-05,0.01
gpomdp_logbarrier_handoff,708,344,776013,0.0,False,179.2337188720703,0.9408871531486511,0.0,179.2337188720703,2143.51513671875,0.0,0.0,0.0,-0.33759182691574097,True,nan,False,1.6213049093494192e-05,0.01
gpomdp_logbarrier_handoff,708,345,776927,0.0,False,126.19873046875,0.9336960911750793,0.0,126.19873046875,2048.37939453125,0.0,0.0,0.0,0.26985859870910645,True,nan,False,1.1111716048617382e-05,0.01
gpomdp_logbarrier_handoff,708,346,777767,0.0,False,117.79084777832031,0.9334427118301392,0.0,117.79084777832031,1500.8607177734375,0.0,0.0,0.0,-0.5653958916664124,True,nan,False,1.5296183846658096e-05,0.01
gpomdp_logbarrier_handoff,708,347,778667,0.0,False,149.34849548339844,0.9316065311431885,0.0,149.34849548339844,1799.6829833984375,0.0,0.0,0.0,-0.41953861713409424,True,nan,False,1.9886731024598703e-05,0.01
gpomdp_logbarrier_handoff,708,348,779489,0.0,False,82.7722396850586,0.9581117033958435,0.0,82.7722396850586,1606.6893310546875,0.0,0.0,0.0,-0.8102989792823792,True,nan,False,2.0622548618121073e-05,0.01
gpomdp_logbarrier_handoff,708,349,780307,0.0,False,140.37612915039062,0.9628145694732666,0.0,140.37612915039062,1812.403076171875,0.0,0.0,0.0,-0.25162065029144287,True,nan,False,1.4880185517540667e-05,0.01
gpomdp_logbarrier_handoff,708,350,781184,0.0,False,78.10557556152344,0.9833086133003235,0.0,78.10557556152344,1816.8262939453125,0.0,0.0,0.0,-0.041865274310112,True,nan,False,9.942060387402307e-06,0.01
gpomdp_logbarrier_handoff,708,351,782093,0.0,False,215.2153778076172,1.029228687286377,0.0,215.2153778076172,2303.505126953125,0.0,0.0,0.0,0.03251828998327255,True,nan,False,6.583514732483309e-06,0.01
gpomdp_logbarrier_handoff,708,352,783113,0.0,False,180.82432556152344,1.0388662815093994,0.0,180.82432556152344,2927.914306640625,0.0,0.0,0.0,-0.536017656326294,True,nan,False,1.0106070476467721e-05,0.01
gpomdp_logbarrier_handoff,708,353,784311,0.0,False,93.25924682617188,0.9573010802268982,0.0,93.25924682617188,1649.4345703125,0.0,0.0,0.0,0.893159031867981,True,nan,False,5.887296993023483e-06,0.01
gpomdp_logbarrier_handoff,708,354,785169,0.0,False,95.87022399902344,0.9768053889274597,0.0,95.87022399902344,1774.13525390625,0.0,0.0,0.0,0.22491756081581116,True,nan,False,3.9046385609253775e-06,0.01
gpomdp_logbarrier_handoff,708,355,786046,0.0,False,117.65240478515625,1.0128263235092163,0.0,117.65240478515625,1768.0286865234375,0.0,0.0,0.0,-0.721157968044281,True,nan,False,5.469642019306775e-06,0.01
gpomdp_logbarrier_handoff,708,356,787017,0.0,False,113.33250427246094,0.9912095665931702,0.0,113.33250427246094,2074.097900390625,0.0,0.0,0.0,0.37683260440826416,True,nan,False,3.1674553611082956e-06,0.01
gpomdp_logbarrier_handoff,708,357,787871,0.0,False,100.95452117919922,0.9946648478507996,0.0,100.95452117919922,1517.8394775390625,0.0,0.0,0.0,0.2578338086605072,True,nan,False,3.0937849260226358e-06,0.01
gpomdp_logbarrier_handoff,708,358,788687,0.0,False,189.31341552734375,1.0559463500976562,0.0,189.31341552734375,2701.3984375,0.0,0.0,0.0,0.07391031086444855,True,nan,False,6.440849574573804e-06,0.01
gpomdp_logbarrier_handoff,708,359,789753,0.0,False,154.04928588867188,0.979564368724823,0.0,154.04928588867188,1695.340087890625,0.0,0.0,0.0,-0.3631981909275055,True,nan,False,1.5388084648293443e-05,0.01
gpomdp_logbarrier_handoff,708,360,790584,0.0,False,84.08355712890625,0.9293139576911926,0.0,84.08355712890625,1756.1553955078125,0.0,0.0,0.0,-0.5063899159431458,True,nan,False,1.239995162904961e-05,0.01
gpomdp_logbarrier_handoff,708,361,791433,0.0,False,97.8041763305664,0.9827770590782166,0.0,97.8041763305664,1508.570068359375,0.0,0.0,0.0,0.28897085785865784,True,nan,False,1.4781876416236628e-05,0.01
gpomdp_logbarrier_handoff,708,362,792251,0.0,False,149.68405151367188,0.9720252156257629,0.0,149.68405151367188,1857.2734375,0.0,0.0,0.0,-0.2692657709121704,True,nan,False,5.984349172649672e-06,0.01
gpomdp_logbarrier_handoff,708,363,793091,0.0,False,148.11846923828125,0.9827271699905396,0.0,148.11846923828125,1432.0018310546875,0.0,0.0,0.0,0.4534201920032501,True,nan,False,7.106751127139432e-06,0.01
gpomdp_logbarrier_handoff,708,364,793894,0.0,False,162.38018798828125,1.0076569318771362,0.0,162.38018798828125,1578.85009765625,0.0,0.0,0.0,0.3138183355331421,True,nan,False,7.975641892699059e-06,0.01
gpomdp_logbarrier_handoff,708,365,794739,0.0,False,163.52120971679688,1.020249605178833,0.0,163.52120971679688,2757.182373046875,0.0,0.0,0.0,-0.5500971078872681,True,nan,False,6.826052413089201e-06,0.01
gpomdp_logbarrier_handoff,708,366,795831,0.0,False,65.50946044921875,0.9827031493186951,0.0,65.50946044921875,1557.0943603515625,0.0,0.0,0.0,0.3363947868347168,True,nan,False,3.930644652427873e-06,0.01
gpomdp_logbarrier_handoff,708,367,796711,0.0,False,76.3910903930664,0.9802613854408264,0.0,76.3910903930664,1783.2196044921875,0.0,0.0,0.0,-0.4730065166950226,True,nan,False,3.835883035208099e-06,0.01
gpomdp_logbarrier_handoff,708,368,797576,0.0,False,106.78573608398438,0.9680113196372986,0.0,106.78573608398438,1519.3642578125,0.0,0.0,0.0,-0.5609740018844604,True,nan,False,4.856945452047512e-06,0.01
gpomdp_logbarrier_handoff,708,369,798360,0.0,False,121.25128936767578,0.9999437928199768,0.0,121.25128936767578,2072.76318359375,0.0,0.0,0.0,0.09461299329996109,True,nan,False,3.039553803318995e-06,0.01
gpomdp_logbarrier_handoff,708,370,799197,0.0,False,107.73170471191406,1.014920949935913,0.0,107.73170471191406,1684.685546875,0.0,0.0,0.0,0.00017626624321565032,True,nan,False,1.9716721908480395e-06,0.01
gpomdp_logbarrier_handoff,708,371,799988,0.0,False,87.09967803955078,1.0078344345092773,0.0,87.09967803955078,1700.3414306640625,0.0,0.0,0.0,0.03749841824173927,True,nan,False,2.112833499268163e-06,0.01
gpomdp_logbarrier_handoff,708,372,800801,0.0,False,121.58247375488281,1.049760103225708,0.0,121.58247375488281,1917.5570068359375,0.0,0.0,0.0,-0.26737186312675476,True,nan,False,2.4436021703877486e-06,0.01
gpomdp_logbarrier_handoff,708,373,801710,0.0,False,101.17237091064453,1.086907148361206,0.0,101.17237091064453,1832.748291015625,0.0,0.0,0.0,0.2606980502605438,True,nan,False,1.8802739987222594e-06,0.01
gpomdp_logbarrier_handoff,708,374,802685,0.0,False,143.39659118652344,1.0551764965057373,0.0,143.39659118652344,1978.163818359375,0.0,0.0,0.0,-0.704308271408081,True,nan,False,3.0016342407179764e-06,0.01
gpomdp_logbarrier_handoff,708,375,803583,0.0,False,59.77922058105469,1.033620834350586,0.0,59.77922058105469,1682.1805419921875,0.0,0.0,0.0,-0.001274708192795515,True,nan,False,3.552705038600834e-06,0.01
gpomdp_logbarrier_handoff,708,376,804430,0.0,False,106.97603607177734,1.1232136487960815,0.0,106.97603607177734,2604.48095703125,0.0,0.0,0.0,-0.3484053909778595,True,nan,False,2.830603079928551e-06,0.01
gpomdp_logbarrier_handoff,708,377,805559,0.0,False,129.81817626953125,1.0034524202346802,0.0,129.81817626953125,2990.815185546875,0.0,0.0,0.0,0.25374773144721985,True,nan,False,1.9370741028978955e-06,0.01
gpomdp_logbarrier_handoff,708,378,806454,0.0,False,249.78387451171875,0.9947205185890198,0.0,249.78387451171875,2077.753662109375,0.0,0.0,0.0,-0.4499037563800812,True,nan,False,1.273837096960051e-05,0.01
gpomdp_logbarrier_handoff,708,379,807308,0.0,False,153.9829559326172,0.995084822177887,0.0,153.9829559326172,1635.245361328125,0.0,0.0,0.0,0.09304279834032059,True,nan,False,1.9231260012020357e-05,0.01
gpomdp_logbarrier_handoff,708,380,808147,0.0,False,86.02348327636719,1.0342605113983154,0.0,86.02348327636719,2101.082763671875,0.0,0.0,0.0,0.3760119080543518,True,nan,False,1.1680705028993543e-05,0.01
gpomdp_logbarrier_handoff,708,381,809048,0.0,False,91.5984115600586,1.0111008882522583,0.0,91.5984115600586,1734.057861328125,0.0,0.0,0.0,-0.07936973869800568,True,nan,False,8.683623491378967e-06,0.01
gpomdp_logbarrier_handoff,708,382,809819,0.0,False,112.46493530273438,1.031029462814331,0.0,112.46493530273438,1692.2296142578125,0.0,0.0,0.0,0.38309168815612793,True,nan,False,9.834204320213757e-06,0.01
gpomdp_logbarrier_handoff,708,383,810716,0.0,False,91.60324096679688,1.035335898399353,0.0,91.60324096679688,1576.5540771484375,0.0,0.0,0.0,-0.6179232001304626,True,nan,False,8.597359737905208e-06,0.01
gpomdp_logbarrier_handoff,708,384,811499,0.0,False,108.63849639892578,1.0029531717300415,0.0,108.63849639892578,1796.9010009765625,0.0,0.0,0.0,0.3624056875705719,True,nan,False,5.150817742105573e-06,0.01
gpomdp_logbarrier_handoff,708,385,812392,0.0,False,198.37490844726562,1.0373375415802002,0.0,198.37490844726562,2338.850341796875,0.0,0.0,0.0,0.0699087455868721,True,nan,False,3.0014948606549297e-06,0.01
gpomdp_logbarrier_handoff,708,386,813230,0.0,False,86.45687866210938,1.0583672523498535,0.0,86.45687866210938,1549.4708251953125,0.0,0.0,0.0,-0.6627892851829529,True,nan,False,1.7763451296559651e-06,0.01
gpomdp_logbarrier_handoff,708,387,813991,0.0,False,113.09635162353516,1.041365623474121,0.0,113.09635162353516,2279.57861328125,0.0,0.0,0.0,-0.8241891264915466,True,nan,False,3.82007328880718e-06,0.01
gpomdp_logbarrier_handoff,708,388,814891,0.0,False,113.0000991821289,1.055228590965271,0.0,113.0000991821289,1920.0714111328125,0.0,0.0,0.0,0.33144301176071167,True,nan,False,1.5515203131144517e-06,0.01
gpomdp_logbarrier_handoff,708,389,815770,0.0,False,126.1034927368164,1.0214903354644775,0.0,126.1034927368164,1781.9205322265625,0.0,0.0,0.0,-0.8165897727012634,True,nan,False,4.0267887015943415e-06,0.01
gpomdp_logbarrier_handoff,708,390,816510,0.0,False,112.16876983642578,1.018310546875,0.0,112.16876983642578,1666.9334716796875,0.0,0.0,0.0,0.026920108124613762,True,nan,False,3.646925961220404e-06,0.01
gpomdp_logbarrier_handoff,708,391,817272,0.0,False,118.37810516357422,1.0605661869049072,0.0,118.37810516357422,1905.585693359375,0.0,0.0,0.0,-0.4513832926750183,True,nan,False,3.7908926060481463e-06,0.01
gpomdp_logbarrier_handoff,708,392,818100,0.0,False,81.29650115966797,1.061881422996521,0.0,81.29650115966797,1473.1075439453125,0.0,0.0,0.0,-0.5250630378723145,True,nan,False,4.481055384530919e-06,0.01
gpomdp_logbarrier_handoff,708,393,818936,0.0,False,158.51116943359375,1.11522376537323,0.0,158.51116943359375,1877.3818359375,0.0,0.0,0.0,0.6908286809921265,True,nan,False,1.8629158375915722e-06,0.01
gpomdp_logbarrier_handoff,708,394,819776,0.0,False,93.13057708740234,1.0229626893997192,0.0,93.13057708740234,1113.183837890625,0.0,0.0,0.0,-0.5532492399215698,True,nan,False,2.577546183601953e-06,0.01
gpomdp_logbarrier_handoff,708,395,820536,0.0,False,137.43914794921875,1.0798348188400269,0.0,137.43914794921875,1632.8466796875,0.0,0.0,0.0,-0.1683918684720993,True,nan,False,3.816723165073199e-06,0.01
gpomdp_logbarrier_handoff,708,396,821389,0.0,False,108.19570922851562,1.0329129695892334,0.0,108.19570922851562,1513.00244140625,0.0,0.0,0.0,0.044793497771024704,True,nan,False,3.174175162712345e-06,0.01
gpomdp_logbarrier_handoff,708,397,822197,0.0,False,102.81143951416016,1.1526448726654053,0.0,102.81143951416016,2634.07177734375,0.0,0.0,0.0,-0.2852388322353363,True,nan,False,3.6764431570190936e-06,0.01
gpomdp_logbarrier_handoff,708,398,823301,0.0,False,61.29905319213867,1.034332513809204,0.0,61.29905319213867,1495.9852294921875,0.0,0.0,0.0,-0.05487691983580589,True,nan,False,3.856610419461504e-06,0.01
gpomdp_logbarrier_handoff,708,399,824113,0.0,False,129.1863250732422,1.1171047687530518,0.0,129.1863250732422,2301.9521484375,0.0,0.0,0.0,0.04662793129682541,True,nan,False,5.592364686890505e-06,0.01
gpomdp_logbarrier_handoff,708,400,825119,0.0,False,165.18008422851562,1.0650404691696167,0.0,165.18008422851562,2157.530517578125,0.0,0.0,0.0,-0.08367398381233215,True,nan,False,8.214364243031014e-06,0.01
gpomdp_logbarrier_handoff,708,401,826025,0.0,False,109.38019561767578,1.0612388849258423,0.0,109.38019561767578,1377.4010009765625,0.0,0.0,0.0,-0.13683636486530304,True,nan,False,1.0828744052560069e-05,0.01
gpomdp_logbarrier_handoff,708,402,826845,0.0,False,109.82915496826172,1.0609006881713867,0.0,109.82915496826172,1546.3609619140625,0.0,0.0,0.0,0.30830809473991394,True,nan,False,3.812602699326817e-06,0.01
gpomdp_logbarrier_handoff,708,403,827702,0.0,False,199.73158264160156,1.1436187028884888,0.0,199.73158264160156,3045.811767578125,0.0,0.0,0.0,-0.8343777656555176,True,nan,False,6.010753168084193e-06,0.01
gpomdp_logbarrier_handoff,708,404,828828,0.0,False,86.72295379638672,1.0938835144042969,0.0,86.72295379638672,1714.4720458984375,0.0,0.0,0.0,0.24805667996406555,True,nan,False,7.154388640628895e-06,0.01
gpomdp_logbarrier_handoff,708,405,829631,0.0,False,136.9610137939453,1.1268820762634277,0.0,136.9610137939453,2761.235107421875,0.0,0.0,0.0,0.022144975140690804,True,nan,False,8.439839803031646e-06,0.01
gpomdp_logbarrier_handoff,708,406,830691,0.0,False,103.03229522705078,1.05924654006958,0.0,103.03229522705078,2091.41748046875,0.0,0.0,0.0,-0.1526097059249878,True,nan,False,7.2941297730722e-06,0.01
gpomdp_logbarrier_handoff,708,407,831545,0.0,False,137.6597900390625,1.0898157358169556,0.0,137.6597900390625,2015.240234375,0.0,0.0,0.0,-0.06145096570253372,True,nan,False,7.125513548089657e-06,0.01
gpomdp_logbarrier_handoff,708,408,832400,0.0,False,99.6922836303711,1.1118005514144897,0.0,99.6922836303711,1824.9337158203125,0.0,0.0,0.0,-0.2033417969942093,True,nan,False,3.344841843500035e-06,0.01
gpomdp_logbarrier_handoff,708,409,833249,0.0,False,185.75282287597656,1.1038634777069092,0.0,185.75282287597656,1880.7694091796875,0.0,0.0,0.0,-0.4682219624519348,True,nan,False,1.1769215234380681e-05,0.01
gpomdp_logbarrier_handoff,708,410,834148,0.0,False,192.7946014404297,1.1116032600402832,0.0,192.7946014404297,1951.026611328125,0.0,0.0,0.0,0.5103427171707153,True,nan,False,3.2713962809793884e-06,0.01
gpomdp_logbarrier_handoff,708,411,835033,0.0,False,89.70377349853516,1.1048074960708618,0.0,89.70377349853516,1430.890869140625,0.0,0.0,0.0,-0.3932751417160034,True,nan,False,5.5857185543573e-06,0.01
gpomdp_logbarrier_handoff,708,412,835835,0.0,False,88.3047103881836,1.0689929723739624,0.0,88.3047103881836,1800.4910888671875,0.0,0.0,0.0,-0.29637885093688965,True,nan,False,8.770681233727373e-06,0.01
gpomdp_logbarrier_handoff,708,413,836615,0.0,False,159.74082946777344,1.1501760482788086,0.0,159.74082946777344,1957.0804443359375,0.0,0.0,0.0,-0.7581662535667419,True,nan,False,1.1443458788562566e-05,0.01
gpomdp_logbarrier_handoff,708,414,837530,0.0,False,147.77674865722656,1.08002507686615,0.0,147.77674865722656,1705.6058349609375,0.0,0.0,0.0,-0.7078719139099121,True,nan,False,9.15052805794403e-06,0.01
gpomdp_logbarrier_handoff,708,415,838379,0.0,False,85.64175415039062,1.0706466436386108,0.0,85.64175415039062,1645.488525390625,0.0,0.0,0.0,-0.10935858637094498,True,nan,False,9.687277270131744e-06,0.01
gpomdp_logbarrier_handoff,708,416,839194,0.0,False,155.08250427246094,1.1194214820861816,0.0,155.08250427246094,1917.658935546875,0.0,0.0,0.0,-0.7011365294456482,True,nan,False,1.3570654118666425e-05,0.01
gpomdp_logbarrier_handoff,708,417,840035,0.0,False,128.28330993652344,1.1377407312393188,0.0,128.28330993652344,1617.6436767578125,0.0,0.0,0.0,0.15369164943695068,True,nan,False,9.75930925051216e-06,0.01
gpomdp_logbarrier_handoff,708,418,840844,0.0,False,88.54149627685547,1.0863722562789917,0.0,88.54149627685547,1607.35302734375,0.0,0.0,0.0,-0.21030142903327942,True,nan,False,1.0422552804811858e-05,0.01
gpomdp_logbarrier_handoff,708,419,841677,0.0,False,90.33309936523438,1.1782348155975342,0.0,90.33309936523438,1514.525146484375,0.0,0.0,0.0,0.04744004085659981,True,nan,False,7.87948192737531e-06,0.01
gpomdp_logbarrier_handoff,708,420,842542,0.0,False,87.31604766845703,1.1281124353408813,0.0,87.31604766845703,1900.6552734375,0.0,0.0,0.0,0.38410305976867676,True,nan,False,5.435086222860264e-06,0.01
gpomdp_logbarrier_handoff,708,421,843451,0.0,False,134.54180908203125,1.279706358909607,0.0,134.54180908203125,3171.371826171875,0.0,0.0,0.0,0.6123591661453247,True,nan,False,3.4842514651245438e-06,0.01
gpomdp_logbarrier_handoff,708,422,844754,0.0,False,117.19183349609375,1.107496976852417,0.0,117.19183349609375,1463.0069580078125,0.0,0.0,0.0,0.4069879353046417,True,nan,False,2.5276478936575586e-06,0.01
gpomdp_logbarrier_handoff,708,423,845530,0.0,False,142.75387573242188,1.1374021768569946,0.0,142.75387573242188,1206.1219482421875,0.0,0.0,0.0,-0.2876018285751343,True,nan,False,4.674730917031411e-06,0.01
gpomdp_logbarrier_handoff,708,424,846307,0.0,False,99.28237915039062,1.118465781211853,0.0,99.28237915039062,1750.9410400390625,0.0,0.0,0.0,-0.02084346115589142,True,nan,False,2.9230918698885944e-06,0.01
gpomdp_logbarrier_handoff,708,425,847169,0.0,False,103.0091781616211,1.0838700532913208,0.0,103.0091781616211,1463.563232421875,0.0,0.0,0.0,-0.05159108713269234,True,nan,False,2.5439126147830393e-06,0.01
gpomdp_logbarrier_handoff,708,426,847947,0.0,False,214.21864318847656,1.0956261157989502,0.0,214.21864318847656,2041.661376953125,0.0,0.0,0.0,-0.3616505265235901,True,nan,False,5.756155587732792e-06,0.01
gpomdp_logbarrier_handoff,708,427,848771,0.0,False,163.43028259277344,1.130895733833313,0.0,163.43028259277344,1910.7696533203125,0.0,0.0,0.0,-0.13154761493206024,True,nan,False,3.268234422648675e-06,0.01
gpomdp_logbarrier_handoff,708,428,849571,0.0,False,59.2641487121582,1.1379350423812866,0.0,59.2641487121582,1408.295166015625,0.0,0.0,0.0,-0.4211823344230652,True,nan,False,3.6652495509770233e-06,0.01
gpomdp_logbarrier_handoff,708,429,850356,0.0,False,76.4845199584961,1.1179848909378052,0.0,76.4845199584961,1991.5970458984375,0.0,0.0,0.0,0.45249325037002563,True,nan,False,3.0906053325452376e-06,0.01
gpomdp_logbarrier_handoff,708,430,851172,0.0,False,139.38352966308594,1.148227572441101,0.0,139.38352966308594,1644.7672119140625,0.0,0.0,0.0,-0.5528361201286316,True,nan,False,4.785060355061432e-06,0.01
gpomdp_logbarrier_handoff,708,431,852066,0.0,False,133.57566833496094,1.1830556392669678,0.0,133.57566833496094,2164.477783203125,0.0,0.0,0.0,0.6546661257743835,True,nan,False,3.992914116679458e-06,0.01
gpomdp_logbarrier_handoff,708,432,852933,0.0,False,87.25879669189453,1.1380774974822998,0.0,87.25879669189453,1205.406494140625,0.0,0.0,0.0,-0.430739164352417,True,nan,False,3.92289211958996e-06,0.01
gpomdp_logbarrier_handoff,708,433,853747,0.0,False,88.26702880859375,1.1393216848373413,0.0,88.26702880859375,1417.75439453125,0.0,0.0,0.0,-0.1103266254067421,True,nan,False,2.2908300252311165e-06,0.01
gpomdp_logbarrier_handoff,708,434,854589,0.0,False,94.79364776611328,1.1384929418563843,0.0,94.79364776611328,1233.110595703125,0.0,0.0,0.0,-0.18532255291938782,True,nan,False,2.0854206468357006e-06,0.01
gpomdp_logbarrier_handoff,708,435,855282,0.0,False,137.0599822998047,1.201778531074524,0.0,137.0599822998047,2259.141845703125,0.0,0.0,0.0,0.42257311940193176,True,nan,False,2.2721833374816924e-06,0.01
gpomdp_logbarrier_handoff,708,436,856238,0.0,False,76.74972534179688,1.2283676862716675,0.0,76.74972534179688,1987.192138671875,0.0,0.0,0.0,0.7752577066421509,True,nan,False,1.5322390254368656e-06,0.01
gpomdp_logbarrier_handoff,708,437,857143,0.0,False,140.49781799316406,1.216606616973877,0.0,140.49781799316406,1812.5601806640625,0.0,0.0,0.0,-0.5967816710472107,True,nan,False,3.478942744550295e-06,0.01
gpomdp_logbarrier_handoff,708,438,858120,0.0,False,152.83375549316406,1.244441032409668,0.0,152.83375549316406,2327.075927734375,0.0,0.0,0.0,-0.1850290447473526,True,nan,False,1.4162637853587512e-06,0.01
gpomdp_logbarrier_handoff,708,439,859114,0.0,False,110.67623138427734,1.1369926929473877,0.0,110.67623138427734,1429.177001953125,0.0,0.0,0.0,-0.539934515953064,True,nan,False,1.803839040803723e-06,0.01
gpomdp_logbarrier_handoff,708,440,859875,0.0,False,90.54998779296875,1.176870346069336,0.0,90.54998779296875,2340.652099609375,0.0,0.0,0.0,-0.6512481570243835,True,nan,False,2.248509190394543e-06,0.01
gpomdp_logbarrier_handoff,708,441,860789,0.0,False,56.834861755371094,1.1640352010726929,0.0,56.834861755371094,1566.6561279296875,0.0,0.0,0.0,-0.6561921834945679,True,nan,False,2.9308841931197094e-06,0.01
gpomdp_logbarrier_handoff,708,442,861601,0.0,False,136.74737548828125,1.1390156745910645,0.0,136.74737548828125,2049.37890625,0.0,0.0,0.0,-0.7086244225502014,True,nan,False,6.365223271131981e-06,0.01
gpomdp_logbarrier_handoff,708,443,862438,0.0,False,198.69862365722656,1.2404859066009521,0.0,198.69862365722656,1600.72314453125,0.0,0.0,0.0,-0.09203239530324936,True,nan,False,7.398252364509972e-06,0.01
gpomdp_logbarrier_handoff,708,444,863328,0.0,False,93.80821228027344,1.1571303606033325,0.0,93.80821228027344,1675.683349609375,0.0,0.0,0.0,-0.28799137473106384,True,nan,False,6.165711511130212e-06,0.01
gpomdp_logbarrier_handoff,708,445,864140,0.0,False,127.07589721679688,1.1776150465011597,0.0,127.07589721679688,2097.0078125,0.0,0.0,0.0,-0.3698943257331848,True,nan,False,5.3922258302918635e-06,0.01
gpomdp_logbarrier_handoff,708,446,864973,0.0,False,70.0365982055664,1.1876239776611328,0.0,70.0365982055664,1808.1829833984375,0.0,0.0,0.0,0.0041664401069283485,True,nan,False,5.060304374637781e-06,0.01
gpomdp_logbarrier_handoff,708,447,865798,0.0,False,77.26891326904297,1.1748735904693604,0.0,77.26891326904297,964.9454956054688,0.0,0.0,0.0,0.195127934217453,True,nan,False,3.661564505819115e-06,0.01
gpomdp_logbarrier_handoff,708,448,866553,0.0,False,100.13599395751953,1.180849313735962,0.0,100.13599395751953,1597.3138427734375,0.0,0.0,0.0,-0.568131148815155,True,nan,False,5.188730483496329e-06,0.01
gpomdp_logbarrier_handoff,708,449,867430,0.0,False,67.7015151977539,1.1931084394454956,0.0,67.7015151977539,1480.1907958984375,0.0,0.0,0.0,-0.044340796768665314,True,nan,False,3.7436770981003065e-06,0.01
gpomdp_logbarrier_handoff,708,450,868209,0.0,False,160.88893127441406,1.1888433694839478,0.0,160.88893127441406,2221.04931640625,0.0,0.0,0.0,-0.5841079354286194,True,nan,False,7.933825145300943e-06,0.01
gpomdp_logbarrier_handoff,708,451,869105,0.0,False,165.70602416992188,1.2842364311218262,0.0,165.70602416992188,2655.868408203125,0.0,0.0,0.0,-0.5409004092216492,True,nan,False,1.3229514479462523e-05,0.01
gpomdp_logbarrier_handoff,708,452,870281,0.0,False,112.59903717041016,1.1947036981582642,0.0,112.59903717041016,1309.8258056640625,0.0,0.0,0.0,0.6515240669250488,True,nan,False,7.023220405244501e-06,0.01
gpomdp_logbarrier_handoff,708,453,871061,0.0,False,106.76341247558594,1.2021467685699463,0.0,106.76341247558594,1939.0208740234375,0.0,0.0,0.0,-0.26997944712638855,True,nan,False,6.3517964008497074e-06,0.01
gpomdp_logbarrier_handoff,708,454,871924,0.0,False,71.0739974975586,1.1764192581176758,0.0,71.0739974975586,1532.9254150390625,0.0,0.0,0.0,-0.7254030704498291,True,nan,False,7.321340490307193e-06,0.01
gpomdp_logbarrier_handoff,708,455,872693,0.0,False,104.56511688232422,1.1872056722640991,0.0,104.56511688232422,1083.20947265625,0.0,0.0,0.0,-0.19923807680606842,True,nan,False,6.714727078360738e-06,0.01
gpomdp_logbarrier_handoff,708,456,873404,0.0,False,141.83419799804688,1.2130557298660278,0.0,141.83419799804688,1751.6171875,0.0,0.0,0.0,0.18457266688346863,True,nan,False,4.4297080421529245e-06,0.01
gpomdp_logbarrier_handoff,708,457,874188,0.0,False,130.2446746826172,1.2316097021102905,0.0,130.2446746826172,1325.0919189453125,0.0,0.0,0.0,-0.3663502633571625,True,nan,False,7.145226845750585e-06,0.01
gpomdp_logbarrier_handoff,708,458,875035,0.0,False,92.47611236572266,1.2046152353286743,0.0,92.47611236572266,1256.6883544921875,0.0,0.0,0.0,-0.2516534924507141,True,nan,False,7.65243294154061e-06,0.01
gpomdp_logbarrier_handoff,708,459,875830,0.0,False,125.31510925292969,1.2117314338684082,0.0,125.31510925292969,1800.1141357421875,0.0,0.0,0.0,-0.28756552934646606,True,nan,False,1.3326639418664854e-05,0.01
gpomdp_logbarrier_handoff,708,460,876616,0.0,False,136.9775848388672,1.1922171115875244,0.0,136.9775848388672,1397.274658203125,0.0,0.0,0.0,-0.46650204062461853,True,nan,False,9.698121175460983e-06,0.01
gpomdp_logbarrier_handoff,708,461,877353,0.0,False,114.0407485961914,1.1919749975204468,0.0,114.0407485961914,1142.076904296875,0.0,0.0,0.0,-0.299841970205307,True,nan,False,1.0926912182185333e-05,0.01
gpomdp_logbarrier_handoff,708,462,878151,0.0,False,95.49932861328125,1.1964783668518066,0.0,95.49932861328125,2238.50048828125,0.0,0.0,0.0,-0.6347688436508179,True,nan,False,1.222860282723559e-05,0.01
gpomdp_logbarrier_handoff,708,463,878967,0.0,False,102.22505187988281,1.2433654069900513,0.0,102.22505187988281,1620.9010009765625,0.0,0.0,0.0,-0.7509392499923706,True,nan,False,1.569137748447247e-05,0.01
gpomdp_logbarrier_handoff,708,464,879717,0.0,False,132.093505859375,1.2987252473831177,0.0,132.093505859375,2582.28515625,0.0,0.0,0.0,0.391505628824234,True,nan,False,7.569167792098597e-06,0.01
gpomdp_logbarrier_handoff,708,465,880675,0.0,False,112.62583923339844,1.2123078107833862,0.0,112.62583923339844,1335.693115234375,0.0,0.0,0.0,0.33722975850105286,True,nan,False,3.433279971432057e-06,0.01
gpomdp_logbarrier_handoff,708,466,881429,0.0,False,106.66796112060547,1.2062863111495972,0.0,106.66796112060547,1605.331787109375,0.0,0.0,0.0,-0.10480232536792755,True,nan,False,3.830916284641717e-06,0.01
gpomdp_logbarrier_handoff,708,467,882141,0.0,False,252.61474609375,1.2116767168045044,0.0,252.61474609375,1036.7694091796875,0.0,0.0,0.0,0.01946827583014965,True,nan,False,1.103043177863583e-05,0.01
gpomdp_logbarrier_handoff,708,468,882904,0.0,False,147.0000457763672,1.2390003204345703,0.0,147.0000457763672,1533.4345703125,0.0,0.0,0.0,-0.12267119437456131,True,nan,False,2.102042162732687e-05,0.01
gpomdp_logbarrier_handoff,708,469,883616,0.0,False,110.3682632446289,1.2349176406860352,0.0,110.3682632446289,1549.3251953125,0.0,0.0,0.0,-0.002146530896425247,True,nan,False,1.1093877219536807e-05,0.01
gpomdp_logbarrier_handoff,708,470,884412,0.0,False,106.18447875976562,1.2034087181091309,0.0,106.18447875976562,1749.2442626953125,0.0,0.0,0.0,-0.45026895403862,True,nan,False,1.546514431538526e-05,0.01
gpomdp_logbarrier_handoff,708,471,885103,0.0,False,62.120033264160156,1.2745333909988403,0.0,62.120033264160156,1580.1873779296875,0.0,0.0,0.0,-0.5376696586608887,True,nan,False,1.0156658390769735e-05,0.01
gpomdp_logbarrier_handoff,708,472,885949,0.0,False,120.24694061279297,1.2386287450790405,0.0,120.24694061279297,1445.346923828125,0.0,0.0,0.0,-0.33202260732650757,True,nan,False,5.995594165142393e-06,0.01
gpomdp_logbarrier_handoff,708,473,886732,0.0,False,146.28944396972656,1.2118347883224487,0.0,146.28944396972656,1468.0069580078125,0.0,0.0,0.0,-0.2031894028186798,True,nan,False,5.32410922460258e-06,0.01
gpomdp_logbarrier_handoff,708,474,887468,0.0,False,63.829864501953125,1.2784284353256226,0.0,63.829864501953125,1443.783203125,0.0,0.0,0.0,-0.0003817412653006613,True,nan,False,4.468813131097704e-06,0.01
gpomdp_logbarrier_handoff,708,475,888227,0.0,False,203.31570434570312,1.3235008716583252,0.0,203.31570434570312,2157.744384765625,0.0,0.0,0.0,-0.483704537153244,True,nan,False,9.747971489559859e-06,0.01
gpomdp_logbarrier_handoff,708,476,889191,0.0,False,77.56443786621094,1.2387709617614746,0.0,77.56443786621094,1303.7813720703125,0.0,0.0,0.0,-0.6311072111129761,True,nan,False,8.697745215613395e-06,0.01
gpomdp_logbarrier_handoff,708,477,889908,0.0,False,80.16556549072266,1.2127649784088135,0.0,80.16556549072266,1408.7880859375,0.0,0.0,0.0,0.3767199218273163,True,nan,False,7.4793374551518355e-06,0.01
gpomdp_logbarrier_handoff,708,478,890645,0.0,False,55.17621994018555,1.2632008790969849,0.0,55.17621994018555,1440.813232421875,0.0,0.0,0.0,0.016908850520849228,True,nan,False,5.5239811445062514e-06,0.01
gpomdp_logbarrier_handoff,708,479,891416,0.0,False,80.01984405517578,1.2823551893234253,0.0,80.01984405517578,1719.28466796875,0.0,0.0,0.0,0.27712246775627136,True,nan,False,3.444849426159635e-06,0.01
gpomdp_logbarrier_handoff,708,480,892207,0.0,False,96.38494110107422,1.2488865852355957,0.0,96.38494110107422,1581.0775146484375,0.0,0.0,0.0,-0.5428134799003601,True,nan,False,4.167501629126491e-06,0.01
gpomdp_logbarrier_handoff,708,481,892911,0.0,False,147.41665649414062,1.3185250759124756,0.0,147.41665649414062,2083.417724609375,0.0,0.0,0.0,-0.5323792099952698,True,nan,False,7.96609037934104e-06,0.01
gpomdp_logbarrier_handoff,708,482,893836,0.0,False,123.19003295898438,1.3177564144134521,0.0,123.19003295898438,2204.25341796875,0.0,0.0,0.0,0.3319186270236969,True,nan,False,5.416241492639529e-06,0.01
gpomdp_logbarrier_handoff,708,483,894745,0.0,False,81.25857543945312,1.2868961095809937,0.0,81.25857543945312,1435.4764404296875,0.0,0.0,0.0,-0.5731768608093262,True,nan,False,6.242192739591701e-06,0.01
gpomdp_logbarrier_handoff,708,484,895523,0.0,False,104.77452850341797,1.2852420806884766,0.0,104.77452850341797,1898.94140625,0.0,0.0,0.0,-0.2844981849193573,True,nan,False,5.725456958316499e-06,0.01
gpomdp_logbarrier_handoff,708,485,896249,0.0,False,170.99105834960938,1.247764229774475,0.0,170.99105834960938,1812.471435546875,0.0,0.0,0.0,0.022929932922124863,True,nan,False,1.2903404240205418e-05,0.01
gpomdp_logbarrier_handoff,708,486,897052,0.0,False,57.64094924926758,1.2890206575393677,0.0,57.64094924926758,1168.481689453125,0.0,0.0,0.0,-0.3473476767539978,True,nan,False,9.450619472772814e-06,0.01
gpomdp_logbarrier_handoff,708,487,897748,0.0,False,94.25630187988281,1.2654476165771484,0.0,94.25630187988281,1272.350830078125,0.0,0.0,0.0,0.4121992588043213,True,nan,False,7.891381756053306e-06,0.01
gpomdp_logbarrier_handoff,708,488,898495,0.0,False,101.03540802001953,1.282607913017273,0.0,101.03540802001953,1668.478271484375,0.0,0.0,0.0,-0.7474535703659058,True,nan,False,9.401254828844685e-06,0.01
gpomdp_logbarrier_handoff,708,489,899216,0.0,False,196.7136993408203,1.2706329822540283,0.0,196.7136993408203,1892.4078369140625,0.0,0.0,0.0,-0.565252959728241,True,nan,False,8.736638847040012e-06,0.01
gpomdp_logbarrier_handoff,708,490,900105,0.0,False,114.36505126953125,1.2933306694030762,0.0,114.36505126953125,1443.7628173828125,0.0,0.0,0.0,-0.29927897453308105,True,nan,False,1.2742238141072448e-05,0.01
gpomdp_logbarrier_handoff,708,491,900912,0.0,False,106.20855712890625,1.2639586925506592,0.0,106.20855712890625,1590.067626953125,0.0,0.0,0.0,-0.38560977578163147,True,nan,False,1.5187477401923388e-05,0.01
gpomdp_logbarrier_handoff,708,492,901677,0.0,False,130.86923217773438,1.3140923976898193,0.0,130.86923217773438,1852.7667236328125,0.0,0.0,0.0,-0.3305118680000305,True,nan,False,1.0075677892018575e-05,0.01
gpomdp_logbarrier_handoff,708,493,902500,0.0,False,84.26522064208984,1.2997827529907227,0.0,84.26522064208984,1848.447265625,0.0,0.0,0.0,-0.3159179389476776,True,nan,False,1.2161788617959246e-05,0.01
gpomdp_logbarrier_handoff,708,494,903245,0.0,False,113.52232360839844,1.3298403024673462,0.0,113.52232360839844,1564.6837158203125,0.0,0.0,0.0,-0.10571719706058502,True,nan,False,7.46489376979298e-06,0.01
gpomdp_logbarrier_handoff,708,495,904053,0.0,False,146.109375,1.3325247764587402,0.0,146.109375,1835.21337890625,0.0,0.0,0.0,0.14618633687496185,True,nan,False,7.232387361000292e-06,0.01
gpomdp_logbarrier_handoff,708,496,904960,0.0,False,89.55152893066406,1.302147626876831,0.0,89.55152893066406,1358.8707275390625,0.0,0.0,0.0,-0.0536024235188961,True,nan,False,5.8626706049835775e-06,0.01
gpomdp_logbarrier_handoff,708,497,905696,0.0,False,68.78302764892578,1.3173556327819824,0.0,68.78302764892578,1347.1297607421875,0.0,0.0,0.0,0.32668787240982056,True,nan,False,4.17316960010794e-06,0.01
gpomdp_logbarrier_handoff,708,498,906461,0.0,False,143.93174743652344,1.4283699989318848,0.0,143.93174743652344,2337.094970703125,0.0,0.0,0.0,-0.303031861782074,True,nan,False,4.729103238787502e-06,0.01
gpomdp_logbarrier_handoff,708,499,907378,0.0,False,148.07791137695312,1.316118597984314,0.0,148.07791137695312,1702.2845458984375,0.0,0.0,0.0,-0.20708788931369781,True,nan,False,1.1738074135791976e-05,0.01
gpomdp_logbarrier_handoff,708,500,908196,0.0,False,108.46240234375,1.435638666152954,0.0,108.46240234375,2475.347900390625,0.0,0.0,0.0,-0.33313021063804626,True,nan,False,8.490921572956722e-06,0.01
gpomdp_logbarrier_handoff,708,501,909158,0.0,False,111.33187866210938,1.2928650379180908,0.0,111.33187866210938,1701.280517578125,0.0,0.0,0.0,-0.3383468687534332,True,nan,False,7.020310022198828e-06,0.01
gpomdp_logbarrier_handoff,708,502,909900,0.0,False,89.63693237304688,1.3269269466400146,0.0,89.63693237304688,1467.0045166015625,0.0,0.0,0.0,0.3695084750652313,True,nan,False,7.306504357984522e-06,0.01
gpomdp_logbarrier_handoff,708,503,910590,0.0,False,102.6195297241211,1.3282175064086914,0.0,102.6195297241211,1449.3056640625,0.0,0.0,0.0,0.13278593122959137,True,nan,False,1.040216739056632e-05,0.01
gpomdp_logbarrier_handoff,708,504,911301,0.0,False,104.35208892822266,1.3190385103225708,0.0,104.35208892822266,1473.439453125,0.0,0.0,0.0,-0.3622654676437378,True,nan,False,8.40989378048107e-06,0.01
gpomdp_logbarrier_handoff,708,505,912053,0.0,False,134.9256591796875,1.3235769271850586,0.0,134.9256591796875,1094.68505859375,0.0,0.0,0.0,0.16642248630523682,True,nan,False,1.4587435543944594e-05,0.01
gpomdp_logbarrier_handoff,708,506,912757,0.0,False,180.6686248779297,1.4502222537994385,0.0,180.6686248779297,2085.8076171875,0.0,0.0,0.0,-0.30741357803344727,True,nan,False,9.81182893156074e-06,0.01
gpomdp_logbarrier_handoff,708,507,913605,0.0,False,167.3834228515625,1.324291706085205,0.0,167.3834228515625,1924.0262451171875,0.0,0.0,0.0,0.2720966935157776,True,nan,False,1.886118479887955e-05,0.01
gpomdp_logbarrier_handoff,708,508,914330,0.0,False,152.37147521972656,1.336100697517395,0.0,152.37147521972656,1573.2564697265625,0.0,0.0,0.0,-0.2375369518995285,True,nan,False,1.182978849101346e-05,0.01
gpomdp_logbarrier_handoff,708,509,915210,0.0,False,122.43983459472656,1.342373013496399,0.0,122.43983459472656,1173.262451171875,0.0,0.0,0.0,0.2133088856935501,True,nan,False,8.99706174095627e-06,0.01
gpomdp_logbarrier_handoff,708,510,915990,0.0,False,129.14451599121094,1.3311673402786255,0.0,129.14451599121094,1184.81640625,0.0,0.0,0.0,0.4732794165611267,True,nan,False,1.3602479157270864e-05,0.01
gpomdp_logbarrier_handoff,708,511,916695,0.0,False,120.07975006103516,1.3420227766036987,0.0,120.07975006103516,1334.67041015625,0.0,0.0,0.0,-0.11678746342658997,True,nan,False,3.918111815437442e-06,0.01
gpomdp_logbarrier_handoff,708,512,917376,0.0,False,158.13621520996094,1.3532757759094238,0.0,158.13621520996094,1822.0084228515625,0.0,0.0,0.0,-0.5940019488334656,True,nan,False,4.128408818360185e-06,0.01
gpomdp_logbarrier_handoff,708,513,918244,0.0,False,79.2812271118164,1.3342381715774536,0.0,79.2812271118164,1182.8624267578125,0.0,0.0,0.0,-0.47436484694480896,True,nan,False,3.6114504382567247e-06,0.01
gpomdp_logbarrier_handoff,708,514,918959,0.0,False,115.63180541992188,1.3667293787002563,0.0,115.63180541992188,1752.22119140625,0.0,0.0,0.0,0.08588310331106186,True,nan,False,6.725025741616264e-06,0.01
gpomdp_logbarrier_handoff,708,515,919687,0.0,False,106.23130798339844,1.3664950132369995,0.0,106.23130798339844,1977.2890625,0.0,0.0,0.0,-0.34196737408638,True,nan,False,3.7461024930962594e-06,0.01
gpomdp_logbarrier_handoff,708,516,920523,0.0,False,117.99153137207031,1.341426134109497,0.0,117.99153137207031,2314.336669921875,0.0,0.0,0.0,-0.08545054495334625,True,nan,False,3.5259677133581135e-06,0.01
gpomdp_logbarrier_handoff,708,517,921283,0.0,False,136.58033752441406,1.3766661882400513,0.0,136.58033752441406,1507.1981201171875,0.0,0.0,0.0,0.35448065400123596,True,nan,False,5.502570729731815e-06,0.01
gpomdp_logbarrier_handoff,708,518,922029,0.0,False,124.84362030029297,1.316174864768982,0.0,124.84362030029297,1333.6011962890625,0.0,0.0,0.0,0.3801652491092682,True,nan,False,8.779765266808681e-06,0.01
gpomdp_logbarrier_handoff,708,519,922706,0.0,False,85.27283477783203,1.352744221687317,0.0,85.27283477783203,1724.8768310546875,0.0,0.0,0.0,-0.47993722558021545,True,nan,False,9.99308394966647e-06,0.01
gpomdp_logbarrier_handoff,708,520,923461,0.0,False,59.92759323120117,1.3326605558395386,0.0,59.92759323120117,1339.7451171875,0.0,0.0,0.0,0.27801352739334106,True,nan,False,6.749431122443639e-06,0.01
gpomdp_logbarrier_handoff,708,521,924134,0.0,False,142.6765594482422,1.338494896888733,0.0,142.6765594482422,1697.109619140625,0.0,0.0,0.0,-0.21564733982086182,True,nan,False,1.392195736116264e-05,0.01
gpomdp_logbarrier_handoff,708,522,924879,0.0,False,121.17454528808594,1.3378604650497437,0.0,121.17454528808594,1711.102783203125,0.0,0.0,0.0,-0.014575310051441193,True,nan,False,9.558189958625007e-06,0.01
gpomdp_logbarrier_handoff,708,523,925675,0.0,False,88.42970275878906,1.3317171335220337,0.0,88.42970275878906,1549.4564208984375,0.0,0.0,0.0,0.3125583231449127,True,nan,False,9.670008694229182e-06,0.01
gpomdp_logbarrier_handoff,708,524,926458,0.0,False,65.85882568359375,1.3314361572265625,0.0,65.85882568359375,986.1826782226562,0.0,0.0,0.0,0.20122459530830383,True,nan,False,1.0476846000528894e-05,0.01
gpomdp_logbarrier_handoff,708,525,927143,0.0,False,63.270790100097656,1.3290140628814697,0.0,63.270790100097656,948.2154541015625,0.0,0.0,0.0,0.5852695107460022,True,nan,False,9.15355485631153e-06,0.01
gpomdp_logbarrier_handoff,708,526,927796,0.0,False,165.75665283203125,1.558397650718689,0.0,165.75665283203125,3414.455078125,0.0,0.0,0.0,-0.018569279462099075,True,nan,False,1.2227050319779664e-05,0.01
gpomdp_logbarrier_handoff,708,527,928971,0.0,False,138.3769989013672,1.28728449344635,0.0,138.3769989013672,1242.6676025390625,0.0,0.0,0.0,-0.1458178162574768,True,nan,False,3.6367295251693577e-05,0.01
gpomdp_logbarrier_handoff,708,528,929662,0.0,False,124.62714385986328,1.3294684886932373,0.0,124.62714385986328,1354.1278076171875,0.0,0.0,0.0,-0.15774644911289215,True,nan,False,1.2432515177351888e-05,0.01
gpomdp_logbarrier_handoff,708,529,930426,0.0,False,87.26551055908203,1.3407517671585083,0.0,87.26551055908203,1179.9912109375,0.0,0.0,0.0,-0.6854102611541748,True,nan,False,1.2652157238335349e-05,0.01
gpomdp_logbarrier_handoff,708,530,931116,0.0,False,89.15614318847656,1.3295893669128418,0.0,89.15614318847656,1355.8031005859375,0.0,0.0,0.0,0.1722625494003296,True,nan,False,5.8468458519200794e-06,0.01
gpomdp_logbarrier_handoff,708,531,931811,0.0,False,115.83059692382812,1.3266499042510986,0.0,115.83059692382812,1317.07177734375,0.0,0.0,0.0,0.03572222590446472,True,nan,False,1.0796594551720773e-06,0.01
gpomdp_logbarrier_handoff,708,532,932546,0.0,False,203.17054748535156,1.4650036096572876,0.0,203.17054748535156,2211.22119140625,0.0,0.0,0.0,-0.7410972118377686,True,nan,False,2.652251396284555e-06,0.01
gpomdp_logbarrier_handoff,708,533,933659,0.0,False,151.10763549804688,1.345247507095337,0.0,151.10763549804688,1053.6728515625,0.0,0.0,0.0,-0.023914514109492302,True,nan,False,8.96046003617812e-06,0.01
gpomdp_logbarrier_handoff,708,534,934348,0.0,False,162.5608673095703,1.3690487146377563,0.0,162.5608673095703,1892.5865478515625,0.0,0.0,0.0,-0.5714044570922852,True,nan,False,1.701145083643496e-05,0.01
gpomdp_logbarrier_handoff,708,535,935093,0.0,False,108.69506072998047,1.3186753988265991,0.0,108.69506072998047,1581.583984375,0.0,0.0,0.0,-0.24177835881710052,True,nan,False,2.1566778741544113e-05,0.01
gpomdp_logbarrier_handoff,708,536,935895,0.0,False,75.0462417602539,1.3649787902832031,0.0,75.0462417602539,1523.5482177734375,0.0,0.0,0.0,0.14634428918361664,True,nan,False,1.1091166015830822e-05,0.01
gpomdp_logbarrier_handoff,708,537,936617,0.0,False,139.53993225097656,1.359122395515442,0.0,139.53993225097656,1924.113037109375,0.0,0.0,0.0,-0.24095840752124786,True,nan,False,1.2330629033385776e-05,0.01
gpomdp_logbarrier_handoff,708,538,937463,0.0,False,80.54489135742188,1.3362016677856445,0.0,80.54489135742188,1503.766845703125,0.0,0.0,0.0,-0.13606488704681396,True,nan,False,6.1445443861885e-06,0.01
gpomdp_logbarrier_handoff,708,539,938212,0.0,False,97.79230499267578,1.4171355962753296,0.0,97.79230499267578,1700.384765625,0.0,0.0,0.0,0.24466361105442047,True,nan,False,6.712749382131733e-06,0.01
gpomdp_logbarrier_handoff,708,540,939049,0.0,False,66.22270965576172,1.3415852785110474,0.0,66.22270965576172,1228.824951171875,0.0,0.0,0.0,0.05324206501245499,True,nan,False,7.33151136955712e-06,0.01
gpomdp_logbarrier_handoff,708,541,939725,0.0,False,168.0439453125,1.3939462900161743,0.0,168.0439453125,2116.110595703125,0.0,0.0,0.0,0.13912642002105713,True,nan,False,1.462562067899853e-05,0.01
gpomdp_logbarrier_handoff,708,542,940622,0.0,False,111.56005096435547,1.3260046243667603,0.0,111.56005096435547,1012.0045776367188,0.0,0.0,0.0,-0.007911994121968746,True,nan,False,6.51890923109022e-06,0.01
gpomdp_logbarrier_handoff,708,543,941291,0.0,False,143.55540466308594,1.3954628705978394,0.0,143.55540466308594,1748.931640625,0.0,0.0,0.0,0.5983997583389282,True,nan,False,2.4436917556158733e-06,0.01
gpomdp_logbarrier_handoff,708,544,942169,0.0,False,67.32052612304688,1.3426885604858398,0.0,67.32052612304688,1164.5416259765625,0.0,0.0,0.0,-0.1911231428384781,True,nan,False,3.854586793750059e-06,0.01
gpomdp_logbarrier_handoff,708,545,942895,0.0,False,116.0247802734375,1.3704403638839722,0.0,116.0247802734375,1550.3785400390625,0.0,0.0,0.0,0.041138846427202225,True,nan,False,3.5687999115907587e-06,0.01
gpomdp_logbarrier_handoff,708,546,943688,0.0,False,111.2956314086914,1.375068187713623,0.0,111.2956314086914,1079.6434326171875,0.0,0.0,0.0,0.11494714766740799,True,nan,False,5.190256160858553e-06,0.01
gpomdp_logbarrier_handoff,708,547,944391,0.0,False,100.71633911132812,1.3797495365142822,0.0,100.71633911132812,937.6260375976562,0.0,0.0,0.0,0.6097385287284851,True,nan,False,5.078842150396667e-06,0.01
gpomdp_logbarrier_handoff,708,548,945132,0.0,False,86.26347351074219,1.3469805717468262,0.0,86.26347351074219,1210.0601806640625,0.0,0.0,0.0,-0.34113332629203796,True,nan,False,7.420382644340862e-06,0.01
gpomdp_logbarrier_handoff,708,549,945829,0.0,False,89.24945068359375,1.371998906135559,0.0,89.24945068359375,1509.30419921875,0.0,0.0,0.0,-0.18248078227043152,True,nan,False,5.322868219082011e-06,0.01
gpomdp_logbarrier_handoff,708,550,946568,0.0,False,53.1435661315918,1.3559539318084717,0.0,53.1435661315918,1165.1656494140625,0.0,0.0,0.0,0.17010420560836792,True,nan,False,5.598245024884818e-06,0.01
gpomdp_logbarrier_handoff,708,551,947225,0.0,False,157.8373260498047,1.3801287412643433,0.0,157.8373260498047,1311.42822265625,0.0,0.0,0.0,-0.14956539869308472,True,nan,False,1.642385427658155e-06,0.01
gpomdp_logbarrier_handoff,708,552,947958,0.0,False,87.07987213134766,1.346850872039795,0.0,87.07987213134766,1571.8291015625,0.0,0.0,0.0,-0.5176913142204285,True,nan,False,8.887201943252876e-07,0.01
gpomdp_logbarrier_handoff,708,553,948701,0.0,False,97.8351821899414,1.3878393173217773,0.0,97.8351821899414,1405.17138671875,0.0,0.0,0.0,0.6409052014350891,True,nan,False,3.883478143507091e-07,0.01
gpomdp_logbarrier_handoff,708,554,949449,0.0,False,163.9203643798828,1.5005398988723755,0.0,163.9203643798828,3396.305908203125,0.0,0.0,0.0,0.11765650659799576,True,nan,False,1.441465087737015e-06,0.01
gpomdp_logbarrier_handoff,708,555,950566,0.0,False,60.85910415649414,1.3714399337768555,0.0,60.85910415649414,1586.5662841796875,0.0,0.0,0.0,0.517693042755127,True,nan,False,1.985786411751178e-06,0.01
gpomdp_logbarrier_handoff,708,556,951317,0.0,False,109.56541442871094,1.3456357717514038,0.0,109.56541442871094,1406.7000732421875,0.0,0.0,0.0,0.10711903870105743,True,nan,False,4.894278390565887e-06,0.01
gpomdp_logbarrier_handoff,708,557,952037,0.0,False,174.5002899169922,1.402598261833191,0.0,174.5002899169922,2123.923583984375,0.0,0.0,0.0,-0.2590194642543793,True,nan,False,1.2537428801806527e-06,0.01
gpomdp_logbarrier_handoff,708,558,952817,0.0,False,92.77690124511719,1.373148798942566,0.0,92.77690124511719,1457.826171875,0.0,0.0,0.0,-0.1650010347366333,True,nan,False,1.199360212922329e-06,0.01
gpomdp_logbarrier_handoff,708,559,953522,0.0,False,88.70113372802734,1.3369691371917725,0.0,88.70113372802734,1426.7567138671875,0.0,0.0,0.0,0.1949203461408615,True,nan,False,1.5324709465858177e-06,0.01
gpomdp_logbarrier_handoff,708,560,954221,0.0,False,110.95217895507812,1.345177173614502,0.0,110.95217895507812,1363.9254150390625,0.0,0.0,0.0,0.0673343688249588,True,nan,False,3.4872437026933767e-06,0.01
gpomdp_logbarrier_handoff,708,561,954895,0.0,False,72.91429138183594,1.3743610382080078,0.0,72.91429138183594,1345.4974365234375,0.0,0.0,0.0,-0.3625190854072571,True,nan,False,1.417227622368955e-06,0.01
gpomdp_logbarrier_handoff,708,562,955624,0.0,False,79.27808380126953,1.3714377880096436,0.0,79.27808380126953,1363.463134765625,0.0,0.0,0.0,0.1783176064491272,True,nan,False,8.808595453047019e-07,0.01
gpomdp_logbarrier_handoff,708,563,956267,0.0,False,155.2392120361328,1.4290705919265747,0.0,155.2392120361328,2133.318603515625,0.0,0.0,0.0,0.08068748563528061,True,nan,False,1.9359645193617325e-06,0.01
gpomdp_logbarrier_handoff,708,564,957133,0.0,False,87.6966781616211,1.3583637475967407,0.0,87.6966781616211,1168.6669921875,0.0,0.0,0.0,-0.3080662488937378,True,nan,False,4.855036195294815e-07,0.01
gpomdp_logbarrier_handoff,708,565,957865,0.0,False,108.5783462524414,1.3776633739471436,0.0,108.5783462524414,1350.962158203125,0.0,0.0,0.0,0.09221512824296951,True,nan,False,1.0465479363119812e-06,0.01
gpomdp_logbarrier_handoff,708,566,958605,0.0,False,79.8009262084961,1.3443787097930908,0.0,79.8009262084961,1625.715087890625,0.0,0.0,0.0,0.11779426038265228,True,nan,False,2.49175468525209e-06,0.01
gpomdp_logbarrier_handoff,708,567,959262,0.0,False,78.57671356201172,1.3686025142669678,0.0,78.57671356201172,1640.0927734375,0.0,0.0,0.0,-0.06913480907678604,True,nan,False,2.9671725769730983e-06,0.01
gpomdp_logbarrier_handoff,708,568,960055,0.0,False,121.45277404785156,1.4143041372299194,0.0,121.45277404785156,2059.7890625,0.0,0.0,0.0,0.5971598625183105,True,nan,False,4.889992851531133e-06,0.01
gpomdp_logbarrier_handoff,708,569,961020,0.0,False,93.89849853515625,1.3312506675720215,0.0,93.89849853515625,1065.3687744140625,0.0,0.0,0.0,0.06418070942163467,True,nan,False,3.3645317216723925e-06,0.01
gpomdp_logbarrier_handoff,708,570,961659,0.0,False,63.89431381225586,1.3536932468414307,0.0,63.89431381225586,1490.6517333984375,0.0,0.0,0.0,-0.4982101619243622,True,nan,False,2.1334953999030404e-06,0.01
gpomdp_logbarrier_handoff,708,571,962393,0.0,False,122.7743148803711,1.3411571979522705,0.0,122.7743148803711,1449.249755859375,0.0,0.0,0.0,-0.5786414742469788,True,nan,False,6.1414607444021385e-06,0.01
gpomdp_logbarrier_handoff,708,572,963060,0.0,False,124.93107604980469,1.3583661317825317,0.0,124.93107604980469,1976.3006591796875,0.0,0.0,0.0,0.19452090561389923,True,nan,False,9.445044270250946e-06,0.01
gpomdp_logbarrier_handoff,708,573,963836,0.0,False,133.78733825683594,1.4460026025772095,0.0,133.78733825683594,2225.494384765625,0.0,0.0,0.0,-0.29581525921821594,True,nan,False,1.2377498933346942e-05,0.01
gpomdp_logbarrier_handoff,708,574,964760,0.0,False,122.70880126953125,1.3358787298202515,0.0,122.70880126953125,1697.6588134765625,0.0,0.0,0.0,-0.22743967175483704,True,nan,False,9.143589522864204e-06,0.01
gpomdp_logbarrier_handoff,708,575,965507,0.0,False,107.70653533935547,1.3373855352401733,0.0,107.70653533935547,1260.1201171875,0.0,0.0,0.0,0.6001166701316833,True,nan,False,8.039557542360853e-06,0.01
gpomdp_logbarrier_handoff,708,576,966153,0.0,False,90.00933837890625,1.349508285522461,0.0,90.00933837890625,1386.5955810546875,0.0,0.0,0.0,0.5224105715751648,True,nan,False,6.714894880133215e-06,0.01
gpomdp_logbarrier_handoff,708,577,966903,0.0,False,153.67335510253906,1.3640168905258179,0.0,153.67335510253906,1743.5125732421875,0.0,0.0,0.0,0.12239910662174225,True,nan,False,1.554368282086216e-05,0.01
gpomdp_logbarrier_handoff,708,578,967699,0.0,False,87.76118469238281,1.3132822513580322,0.0,87.76118469238281,1209.4696044921875,0.0,0.0,0.0,-0.6586548089981079,True,nan,False,2.190466875617858e-05,0.01
gpomdp_logbarrier_handoff,708,579,968434,0.0,False,70.58973693847656,1.354828119277954,0.0,70.58973693847656,1476.0804443359375,0.0,0.0,0.0,-0.6865548491477966,True,nan,False,1.4062971786188427e-05,0.01
gpomdp_logbarrier_handoff,708,580,969187,0.0,False,66.24137878417969,1.3383309841156006,0.0,66.24137878417969,1213.7301025390625,0.0,0.0,0.0,-0.37435609102249146,True,nan,False,1.4568257029168308e-05,0.01
gpomdp_logbarrier_handoff,708,581,969864,0.0,False,69.04510498046875,1.3517974615097046,0.0,69.04510498046875,1284.8233642578125,0.0,0.0,0.0,-0.39375007152557373,True,nan,False,1.4004684089741204e-05,0.01
gpomdp_logbarrier_handoff,708,582,970585,0.0,False,123.64729309082031,1.3698594570159912,0.0,123.64729309082031,1429.127685546875,0.0,0.0,0.0,0.42798587679862976,True,nan,False,5.723747108277166e-06,0.01
gpomdp_logbarrier_handoff,708,583,971337,0.0,False,64.67903137207031,1.3452157974243164,0.0,64.67903137207031,1319.59765625,0.0,0.0,0.0,-0.0008433285402134061,True,nan,False,3.4205122574348934e-06,0.01
gpomdp_logbarrier_handoff,708,584,972094,0.0,False,62.89347457885742,1.3468149900436401,0.0,62.89347457885742,1130.90771484375,0.0,0.0,0.0,-0.4597976803779602,True,nan,False,3.023962563020177e-06,0.01
gpomdp_logbarrier_handoff,708,585,972800,0.0,False,57.202415466308594,1.363945484161377,0.0,57.202415466308594,1551.044677734375,0.0,0.0,0.0,0.40336400270462036,True,nan,False,1.5561111013084883e-06,0.01
gpomdp_logbarrier_handoff,708,586,973450,0.0,False,42.92536163330078,1.3519487380981445,0.0,42.92536163330078,1047.3773193359375,0.0,0.0,0.0,-0.34543725848197937,True,nan,False,1.4475339185082703e-06,0.01
gpomdp_logbarrier_handoff,708,587,974158,0.0,False,87.3767318725586,1.3543814420700073,0.0,87.3767318725586,915.7285766601562,0.0,0.0,0.0,0.9311468005180359,True,nan,False,1.287727855014964e-06,0.01
gpomdp_logbarrier_handoff,708,588,974811,0.0,False,91.49029541015625,1.3626080751419067,0.0,91.49029541015625,1046.949951171875,0.0,0.0,0.0,-0.2668631374835968,True,nan,False,1.246815372724086e-06,0.01
gpomdp_logbarrier_handoff,708,589,975494,0.0,False,154.33450317382812,1.3557740449905396,0.0,154.33450317382812,1657.965087890625,0.0,0.0,0.0,-0.172979936003685,True,nan,False,4.878595063928515e-06,0.01
gpomdp_logbarrier_handoff,708,590,976255,0.0,False,124.1403579711914,1.3660004138946533,0.0,124.1403579711914,1644.38037109375,0.0,0.0,0.0,0.31679531931877136,True,nan,False,1.0155494237551466e-05,0.01
gpomdp_logbarrier_handoff,708,591,976984,0.0,False,140.60877990722656,1.4083919525146484,0.0,140.60877990722656,2056.8349609375,0.0,0.0,0.0,-0.6586777567863464,True,nan,False,9.262294952350203e-06,0.01
gpomdp_logbarrier_handoff,708,592,977915,0.0,False,114.42302703857422,1.3879956007003784,0.0,114.42302703857422,1442.3350830078125,0.0,0.0,0.0,-0.42650869488716125,True,nan,False,5.1358656492084265e-06,0.01
gpomdp_logbarrier_handoff,708,593,978759,0.0,False,73.54473876953125,1.3507050275802612,0.0,73.54473876953125,1240.6392822265625,0.0,0.0,0.0,-0.2280339002609253,True,nan,False,6.042562745278701e-06,0.01
gpomdp_logbarrier_handoff,708,594,979461,0.0,False,88.24478149414062,1.3591030836105347,0.0,88.24478149414062,1236.3914794921875,0.0,0.0,0.0,-0.566230833530426,True,nan,False,3.414650109334616e-06,0.01
gpomdp_logbarrier_handoff,708,595,980115,0.0,False,103.04411315917969,1.3649855852127075,0.0,103.04411315917969,1171.700927734375,0.0,0.0,0.0,0.20925940573215485,True,nan,False,3.7406080082291737e-06,0.01
gpomdp_logbarrier_handoff,708,596,980825,0.0,False,209.9344940185547,1.4741729497909546,0.0,209.9344940185547,3142.041748046875,0.0,0.0,0.0,-0.2922776937484741,True,nan,False,4.059925686306087e-06,0.01
gpomdp_logbarrier_handoff,708,597,981816,0.0,False,92.35215759277344,1.3783011436462402,0.0,92.35215759277344,2007.5262451171875,0.0,0.0,0.0,-0.42973190546035767,True,nan,False,4.432516107044648e-06,0.01
gpomdp_logbarrier_handoff,708,598,982589,0.0,False,98.08602142333984,1.3385134935379028,0.0,98.08602142333984,1530.671142578125,0.0,0.0,0.0,0.2687776982784271,True,nan,False,2.2427639123634435e-06,0.01
gpomdp_logbarrier_handoff,708,599,983291,0.0,False,104.91504669189453,1.3474676609039307,0.0,104.91504669189453,1332.6859130859375,0.0,0.0,0.0,-0.40818652510643005,True,nan,False,5.028460236644605e-06,0.01
gpomdp_logbarrier_handoff,708,600,984018,0.0,False,102.49415588378906,1.4599926471710205,0.0,102.49415588378906,1769.2847900390625,0.0,0.0,0.0,0.17961309850215912,True,nan,False,3.5139189549227012e-06,0.01
gpomdp_logbarrier_handoff,708,601,984912,0.0,False,147.7981719970703,1.4657318592071533,0.0,147.7981719970703,2739.29541015625,0.0,0.0,0.0,-0.14922212064266205,True,nan,False,3.809538611676544e-06,0.01
gpomdp_logbarrier_handoff,708,602,985845,0.0,False,159.91299438476562,1.354885458946228,0.0,159.91299438476562,1453.052734375,0.0,0.0,0.0,-0.12021347880363464,True,nan,False,1.1210713637410663e-05,0.01
gpomdp_logbarrier_handoff,708,603,986614,0.0,False,80.77486419677734,1.3626576662063599,0.0,80.77486419677734,1454.665771484375,0.0,0.0,0.0,-0.5341621041297913,True,nan,False,6.226051937119337e-06,0.01
gpomdp_logbarrier_handoff,708,604,987316,0.0,False,246.31520080566406,1.3336368799209595,0.0,246.31520080566406,1433.667236328125,0.0,0.0,0.0,0.06208973005414009,True,nan,False,4.313715635362314e-06,0.01
gpomdp_logbarrier_handoff,708,605,988099,0.0,False,96.11994934082031,1.3647756576538086,0.0,96.11994934082031,1546.6209716796875,0.0,0.0,0.0,-0.4427434802055359,True,nan,False,6.459432825067779e-06,0.01
gpomdp_logbarrier_handoff,708,606,988775,0.0,False,69.39781188964844,1.4249159097671509,0.0,69.39781188964844,1786.1912841796875,0.0,0.0,0.0,0.1821727454662323,True,nan,False,2.8535566798382206e-06,0.01
gpomdp_logbarrier_handoff,708,607,989590,0.0,False,66.44373321533203,1.3686316013336182,0.0,66.44373321533203,1275.134765625,0.0,0.0,0.0,-0.47041767835617065,True,nan,False,5.357076133805094e-06,0.01
gpomdp_logbarrier_handoff,708,608,990319,0.0,False,83.27979278564453,1.3308194875717163,0.0,83.27979278564453,1283.4312744140625,0.0,0.0,0.0,-0.5002358555793762,True,nan,False,8.983002771856263e-06,0.01
gpomdp_logbarrier_handoff,708,609,991012,0.0,False,137.9498748779297,1.4026949405670166,0.0,137.9498748779297,1327.8726806640625,0.0,0.0,0.0,0.29725685715675354,True,nan,False,1.1669920922940946e-06,0.01
gpomdp_logbarrier_handoff,708,610,991733,0.0,False,117.53414916992188,1.3530844449996948,0.0,117.53414916992188,1522.075927734375,0.0,0.0,0.0,-0.4027373492717743,True,nan,False,1.6898975445656106e-06,0.01
gpomdp_logbarrier_handoff,708,611,992464,0.0,False,82.05245208740234,1.3846973180770874,0.0,82.05245208740234,949.15771484375,0.0,0.0,0.0,-0.4053318202495575,True,nan,False,2.8638235107791843e-06,0.01
gpomdp_logbarrier_handoff,708,612,993118,0.0,False,97.08650970458984,1.3832073211669922,0.0,97.08650970458984,1237.39599609375,0.0,0.0,0.0,-0.2801714241504669,True,nan,False,3.0210319437173894e-06,0.01
gpomdp_logbarrier_handoff,708,613,993773,0.0,False,143.2266387939453,1.381941795349121,0.0,143.2266387939453,1053.3575439453125,0.0,0.0,0.0,0.040244221687316895,True,nan,False,9.795174264581874e-06,0.01
gpomdp_logbarrier_handoff,708,614,994431,0.0,False,84.92671966552734,1.403989315032959,0.0,84.92671966552734,1156.4827880859375,0.0,0.0,0.0,0.300314724445343,True,nan,False,1.1932327652175445e-05,0.01
gpomdp_logbarrier_handoff,708,615,995158,0.0,False,76.52070617675781,1.415260910987854,0.0,76.52070617675781,1238.423095703125,0.0,0.0,0.0,-0.5917922854423523,True,nan,False,1.4362896763486788e-05,0.01
gpomdp_logbarrier_handoff,708,616,995872,0.0,False,73.45182037353516,1.3788225650787354,0.0,73.45182037353516,1482.0062255859375,0.0,0.0,0.0,0.1396251767873764,True,nan,False,1.0292589649907313e-05,0.01
gpomdp_logbarrier_handoff,708,617,996602,0.0,False,80.04302215576172,1.3819270133972168,0.0,80.04302215576172,1284.6146240234375,0.0,0.0,0.0,-0.03257623314857483,True,nan,False,9.789902833290398e-06,0.01
gpomdp_logbarrier_handoff,708,618,997330,0.0,False,76.12989044189453,1.385435700416565,0.0,76.12989044189453,1644.9716796875,0.0,0.0,0.0,-0.46190014481544495,True,nan,False,1.1630545486696064e-05,0.01
gpomdp_logbarrier_handoff,708,619,998034,0.0,False,89.31243896484375,1.395961046218872,0.0,89.31243896484375,1747.65625,0.0,0.0,0.0,0.4703769087791443,True,nan,False,6.066086370992707e-06,0.01
gpomdp_logbarrier_handoff,708,620,998810,0.0,False,106.6280517578125,1.3991857767105103,0.0,106.6280517578125,1530.8380126953125,0.0,0.0,0.0,-0.19801370799541473,True,nan,False,2.1289806682034396e-06,0.01
gpomdp_logbarrier_handoff,708,621,999545,0.0,False,60.09196090698242,1.3850420713424683,0.0,60.09196090698242,1540.727783203125,0.0,0.0,0.0,0.4355222284793854,True,nan,False,1.9008604112968897e-06,0.01
gpomdp_logbarrier_handoff,708,622,1000321,0.0,False,76.39188385009766,1.3885577917099,0.0,76.39188385009766,1608.6787109375,0.0,0.0,0.0,-0.045251768082380295,True,nan,False,2.5943897981051123e-06,0.01
gpomdp_logbarrier_handoff,708,623,1001034,0.0,False,84.9515380859375,1.412686824798584,0.0,84.9515380859375,1315.8131103515625,0.0,0.0,0.0,-0.10474026203155518,True,nan,False,9.306218089477625e-07,0.01
gpomdp_logbarrier_handoff,708,624,1001853,0.0,False,93.4368896484375,1.414306402206421,0.0,93.4368896484375,1263.892822265625,0.0,0.0,0.0,-0.6968358755111694,True,nan,False,1.071325300472381e-06,0.01
gpomdp_logbarrier_handoff,708,625,1002643,0.0,False,105.72146606445312,1.4039809703826904,0.0,105.72146606445312,1606.759765625,0.0,0.0,0.0,0.22127075493335724,True,nan,False,1.5812821629879181e-06,0.01
gpomdp_logbarrier_handoff,708,626,1003405,0.0,False,80.26155853271484,1.3890341520309448,0.0,80.26155853271484,1342.4656982421875,0.0,0.0,0.0,0.15161608159542084,True,nan,False,3.959356490668142e-06,0.01
gpomdp_logbarrier_handoff,708,627,1004104,0.0,False,125.43319702148438,1.3799026012420654,0.0,125.43319702148438,1345.78857421875,0.0,0.0,0.0,-0.5194751024246216,True,nan,False,1.2606318477992318e-06,0.01
gpomdp_logbarrier_handoff,708,628,1004827,0.0,False,125.1538314819336,1.4670132398605347,0.0,125.1538314819336,1589.8463134765625,0.0,0.0,0.0,-0.20781463384628296,True,nan,False,3.2985053621814586e-06,0.01
gpomdp_logbarrier_handoff,708,629,1005627,0.0,False,90.13220977783203,1.3972514867782593,0.0,90.13220977783203,1750.4970703125,0.0,0.0,0.0,-0.17480801045894623,True,nan,False,4.3108861973450985e-06,0.01
gpomdp_logbarrier_handoff,708,630,1006411,0.0,False,147.6720428466797,1.4590818881988525,0.0,147.6720428466797,1553.251220703125,0.0,0.0,0.0,0.017136922106146812,True,nan,False,7.443604317813879e-06,0.01
gpomdp_logbarrier_handoff,708,631,1007208,0.0,False,203.66221618652344,1.5141823291778564,0.0,203.66221618652344,2799.913818359375,0.0,0.0,0.0,-0.30476003885269165,True,nan,False,8.805848665360827e-06,0.01
gpomdp_logbarrier_handoff,708,632,1008205,0.0,False,92.20121002197266,1.4013409614562988,0.0,92.20121002197266,1665.051513671875,0.0,0.0,0.0,-0.397036612033844,True,nan,False,4.910082679998595e-06,0.01
gpomdp_logbarrier_handoff,708,633,1008961,0.0,False,87.97195434570312,1.3967630863189697,0.0,87.97195434570312,1644.34619140625,0.0,0.0,0.0,-0.5318009257316589,True,nan,False,4.751769210997736e-06,0.01
gpomdp_logbarrier_handoff,708,634,1009750,0.0,False,125.74406433105469,1.4114243984222412,0.0,125.74406433105469,1808.6251220703125,0.0,0.0,0.0,-0.2869684398174286,True,nan,False,6.693212526442949e-06,0.01
gpomdp_logbarrier_handoff,708,635,1010473,0.0,False,204.7224884033203,1.527500033378601,0.0,204.7224884033203,2883.8359375,0.0,0.0,0.0,-0.4111723303794861,True,nan,False,7.931595973786898e-06,0.01
gpomdp_logbarrier_handoff,708,636,1011678,0.0,False,106.0556640625,1.4625073671340942,0.0,106.0556640625,1716.6624755859375,0.0,0.0,0.0,-0.6647077202796936,True,nan,False,8.120339771267027e-06,0.01
gpomdp_logbarrier_handoff,708,637,1012509,0.0,False,66.95867919921875,1.3929882049560547,0.0,66.95867919921875,1067.6798095703125,0.0,0.0,0.0,-0.3370549976825714,True,nan,False,7.486386039090576e-06,0.01
gpomdp_logbarrier_handoff,708,638,1013204,0.0,False,111.23323059082031,1.4504802227020264,0.0,111.23323059082031,2097.84619140625,0.0,0.0,0.0,-0.08902650326490402,True,nan,False,7.768254363327287e-06,0.01
gpomdp_logbarrier_handoff,708,639,1014181,0.0,False,70.44265747070312,1.4005992412567139,0.0,70.44265747070312,1419.0902099609375,0.0,0.0,0.0,-0.38208404183387756,True,nan,False,8.298284228658304e-06,0.01
gpomdp_logbarrier_handoff,708,640,1014851,0.0,False,126.76639556884766,1.3883165121078491,0.0,126.76639556884766,1740.2799072265625,0.0,0.0,0.0,0.24771322309970856,True,nan,False,7.869018190831412e-06,0.01
gpomdp_logbarrier_handoff,708,641,1015528,0.0,False,73.94282531738281,1.3965096473693848,0.0,73.94282531738281,1524.620361328125,0.0,0.0,0.0,-0.5630989074707031,True,nan,False,7.603895028296392e-06,0.01
gpomdp_logbarrier_handoff,708,642,1016172,0.0,False,84.76737976074219,1.4210110902786255,0.0,84.76737976074219,1061.9384765625,0.0,0.0,0.0,0.47209393978118896,True,nan,False,7.455432296410436e-06,0.01
gpomdp_logbarrier_handoff,708,643,1016854,0.0,False,97.38135528564453,1.4478604793548584,0.0,97.38135528564453,1873.649658203125,0.0,0.0,0.0,-0.30694302916526794,True,nan,False,7.778293365845457e-06,0.01
gpomdp_logbarrier_handoff,708,644,1017648,0.0,False,111.68144989013672,1.4257540702819824,0.0,111.68144989013672,1047.61181640625,0.0,0.0,0.0,-0.17463044822216034,True,nan,False,1.5024809727037791e-05,0.01
gpomdp_logbarrier_handoff,708,645,1018368,0.0,False,53.30109786987305,1.4194700717926025,0.0,53.30109786987305,1123.79443359375,0.0,0.0,0.0,-0.4488292634487152,True,nan,False,9.090458661376033e-06,0.01
gpomdp_logbarrier_handoff,708,646,1019028,0.0,False,100.88712310791016,1.4295549392700195,0.0,100.88712310791016,1340.4144287109375,0.0,0.0,0.0,-0.01855657994747162,True,nan,False,8.487126251566224e-06,0.01
gpomdp_logbarrier_handoff,708,647,1019721,0.0,False,51.85992431640625,1.4627238512039185,0.0,51.85992431640625,1248.85107421875,0.0,0.0,0.0,-0.6553036570549011,True,nan,False,8.305247320095077e-06,0.01
gpomdp_logbarrier_handoff,708,648,1020430,0.0,False,167.8629150390625,1.4281331300735474,0.0,167.8629150390625,1959.58056640625,0.0,0.0,0.0,-0.2528369724750519,True,nan,False,6.212329026311636e-06,0.01
gpomdp_logbarrier_handoff,708,649,1021166,0.0,False,143.13894653320312,1.4327946901321411,0.0,143.13894653320312,1748.9588623046875,0.0,0.0,0.0,-0.04033282399177551,True,nan,False,1.0401668077975046e-05,0.01
gpomdp_logbarrier_handoff,708,650,1021849,0.0,False,56.83294677734375,1.5246156454086304,0.0,56.83294677734375,1673.068115234375,0.0,0.0,0.0,-0.13394130766391754,True,nan,False,5.63749472348718e-06,0.01
gpomdp_logbarrier_handoff,708,651,1022665,0.0,False,70.6898193359375,1.445593237876892,0.0,70.6898193359375,785.9747314453125,0.0,0.0,0.0,-0.04981333762407303,True,nan,False,7.606903182022506e-06,0.01
gpomdp_logbarrier_handoff,708,652,1023323,0.0,False,101.7076416015625,1.421655297279358,0.0,101.7076416015625,1292.9256591796875,0.0,0.0,0.0,-0.43939200043678284,True,nan,False,1.4693987395730801e-05,0.01
gpomdp_logbarrier_handoff,708,653,1024017,0.0,False,77.80712890625,1.4504531621932983,0.0,77.80712890625,1396.2578125,0.0,0.0,0.0,-0.3659270107746124,True,nan,False,1.4154443306324538e-05,0.01
gpomdp_logbarrier_handoff,708,654,1024747,0.0,False,161.1348876953125,1.493937611579895,0.0,161.1348876953125,2334.342529296875,0.0,0.0,0.0,-0.11931318789720535,True,nan,False,3.7232086924632313e-06,0.01
gpomdp_logbarrier_handoff,708,655,1025559,0.0,False,91.07085418701172,1.4488192796707153,0.0,91.07085418701172,1093.610107421875,0.0,0.0,0.0,-0.12237360328435898,True,nan,False,6.251720151340123e-06,0.01
gpomdp_logbarrier_handoff,708,656,1026236,0.0,False,52.66899490356445,1.4424513578414917,0.0,52.66899490356445,1349.301513671875,0.0,0.0,0.0,0.09017135202884674,True,nan,False,3.436828819758375e-06,0.01
gpomdp_logbarrier_handoff,708,657,1026983,0.0,False,86.22449493408203,1.4778698682785034,0.0,86.22449493408203,1205.6209716796875,0.0,0.0,0.0,0.4688238799571991,True,nan,False,1.0263081549055642e-06,0.01
gpomdp_logbarrier_handoff,708,658,1027722,0.0,False,169.3302764892578,1.4731075763702393,0.0,169.3302764892578,1600.65625,0.0,0.0,0.0,-0.31843695044517517,True,nan,False,7.309458396775881e-06,0.01
gpomdp_logbarrier_handoff,708,659,1028499,0.0,False,61.58723831176758,1.447529673576355,0.0,61.58723831176758,905.510986328125,0.0,0.0,0.0,-0.4342726469039917,True,nan,False,4.999105385650182e-06,0.01
gpomdp_logbarrier_handoff,708,660,1029141,0.0,False,81.7516098022461,1.4392937421798706,0.0,81.7516098022461,1172.4632568359375,0.0,0.0,0.0,-0.5918693542480469,True,nan,False,7.4493136708042584e-06,0.01
gpomdp_logbarrier_handoff,708,661,1029821,0.0,False,129.9442596435547,1.4322028160095215,0.0,129.9442596435547,1261.524169921875,0.0,0.0,0.0,-0.39459171891212463,True,nan,False,1.54012977873208e-05,0.01
gpomdp_logbarrier_handoff,708,662,1030525,0.0,False,119.01416015625,1.4632785320281982,0.0,119.01416015625,1521.8216552734375,0.0,0.0,0.0,-0.37325340509414673,True,nan,False,1.541775964142289e-05,0.01
gpomdp_logbarrier_handoff,708,663,1031221,0.0,False,97.72598266601562,1.4600590467453003,0.0,97.72598266601562,1359.558837890625,0.0,0.0,0.0,0.5887302756309509,True,nan,False,1.241667450813111e-05,0.01
gpomdp_logbarrier_handoff,708,664,1031924,0.0,False,86.55037689208984,1.4763785600662231,0.0,86.55037689208984,1807.5823974609375,0.0,0.0,0.0,-0.10671985149383545,True,nan,False,5.529786903935019e-06,0.01
gpomdp_logbarrier_handoff,708,665,1032673,0.0,False,67.79769897460938,1.4659574031829834,0.0,67.79769897460938,1397.6319580078125,0.0,0.0,0.0,-0.19504941999912262,True,nan,False,3.4929521461890545e-06,0.01
gpomdp_logbarrier_handoff,708,666,1033411,0.0,False,121.07768249511719,1.4659591913223267,0.0,121.07768249511719,1619.46142578125,0.0,0.0,0.0,0.6794300675392151,True,nan,False,3.742788976524025e-06,0.01
gpomdp_logbarrier_handoff,708,667,1034081,0.0,False,129.03756713867188,1.4691022634506226,0.0,129.03756713867188,1731.3157958984375,0.0,0.0,0.0,-0.2696076035499573,True,nan,False,7.892863322922494e-06,0.01
gpomdp_logbarrier_handoff,708,668,1034877,0.0,False,86.82605743408203,1.4931788444519043,0.0,86.82605743408203,1631.7625732421875,0.0,0.0,0.0,-0.24836507439613342,True,nan,False,1.2375283404253423e-05,0.01
gpomdp_logbarrier_handoff,708,669,1035619,0.0,False,52.16963195800781,1.4576295614242554,0.0,52.16963195800781,1370.0416259765625,0.0,0.0,0.0,0.15342983603477478,True,nan,False,1.3145404409442563e-05,0.01
gpomdp_logbarrier_handoff,708,670,1036298,0.0,False,86.84034729003906,1.4687557220458984,0.0,86.84034729003906,1459.523681640625,0.0,0.0,0.0,0.3202269673347473,True,nan,False,1.3948169907962438e-05,0.01
gpomdp_logbarrier_handoff,708,671,1036996,0.0,False,279.8978576660156,1.6784406900405884,0.0,279.8978576660156,2469.8291015625,0.0,0.0,0.0,0.17868639528751373,True,nan,False,1.151102651419933e-06,0.01
gpomdp_logbarrier_handoff,708,672,1038123,0.0,False,175.2628936767578,1.494823694229126,0.0,175.2628936767578,1717.0731201171875,0.0,0.0,0.0,-0.311044305562973,True,nan,False,3.8053226489864755e-06,0.01
gpomdp_logbarrier_handoff,708,673,1038900,0.0,False,67.71288299560547,1.479552984237671,0.0,67.71288299560547,1170.40673828125,0.0,0.0,0.0,0.39195674657821655,True,nan,False,4.653895302908495e-06,0.01
gpomdp_logbarrier_handoff,708,674,1039554,0.0,False,127.5467529296875,1.515230417251587,0.0,127.5467529296875,1457.4990234375,0.0,0.0,0.0,-0.44031691551208496,True,nan,False,3.2394796107837465e-06,0.01
gpomdp_logbarrier_handoff,708,675,1040384,0.0,False,129.26116943359375,1.7146868705749512,0.0,129.26116943359375,3088.267822265625,0.0,0.0,0.0,-0.14917658269405365,True,nan,False,1.698807068351016e-06,0.01
gpomdp_logbarrier_handoff,708,676,1041533,0.0,False,63.72476577758789,1.4608659744262695,0.0,63.72476577758789,1293.636474609375,0.0,0.0,0.0,-0.08139568567276001,True,nan,False,9.911221923175617e-07,0.01
gpomdp_logbarrier_handoff,708,677,1042198,0.0,False,47.97254943847656,1.4429197311401367,0.0,47.97254943847656,868.4407958984375,0.0,0.0,0.0,-0.4707513749599457,True,nan,False,1.7284021396335447e-06,0.01
gpomdp_logbarrier_handoff,708,678,1042855,0.0,False,138.58749389648438,1.4282209873199463,0.0,138.58749389648438,1085.4683837890625,0.0,0.0,0.0,-0.5122396349906921,True,nan,False,8.903214620659128e-06,0.01
gpomdp_logbarrier_handoff,708,679,1043566,0.0,False,92.3038330078125,1.4870165586471558,0.0,92.3038330078125,1473.50146484375,0.0,0.0,0.0,-0.4849546253681183,True,nan,False,1.0071331416838802e-05,0.01
gpomdp_logbarrier_handoff,708,680,1044285,0.0,False,80.27938079833984,1.5610233545303345,0.0,80.27938079833984,2508.630615234375,0.0,0.0,0.0,-0.22511984407901764,True,nan,False,6.661076440650504e-06,0.01
gpomdp_logbarrier_handoff,708,681,1045225,0.0,False,136.38211059570312,1.4720791578292847,0.0,136.38211059570312,1057.0263671875,0.0,0.0,0.0,-0.4311533570289612,True,nan,False,1.3596161807072349e-05,0.01
gpomdp_logbarrier_handoff,708,682,1045939,0.0,False,77.69129943847656,1.4643239974975586,0.0,77.69129943847656,1079.821044921875,0.0,0.0,0.0,0.027498213574290276,True,nan,False,1.8073475075652823e-05,0.01
gpomdp_logbarrier_handoff,708,683,1046575,0.0,False,134.74594116210938,1.463987112045288,0.0,134.74594116210938,1035.7313232421875,0.0,0.0,0.0,-0.1613708734512329,True,nan,False,5.43016494702897e-06,0.01
gpomdp_logbarrier_handoff,708,684,1047271,0.0,False,29.513248443603516,1.4838616847991943,0.0,29.513248443603516,1174.77587890625,0.0,0.0,0.0,0.1332097202539444,True,nan,False,4.269514647603501e-06,0.01
gpomdp_logbarrier_handoff,708,685,1047898,0.0,False,72.9589614868164,1.472406268119812,0.0,72.9589614868164,1186.16943359375,0.0,0.0,0.0,0.1061081737279892,True,nan,False,1.610547656127892e-06,0.01
gpomdp_logbarrier_handoff,708,686,1048605,0.0,False,51.59287643432617,1.4666482210159302,0.0,51.59287643432617,1108.723876953125,0.0,0.0,0.0,-0.2552424371242523,True,nan,False,1.6442974128949572e-06,0.01
gpomdp_logbarrier_handoff,708,687,1049282,0.0,False,88.919677734375,1.4515529870986938,0.0,88.919677734375,1554.58935546875,0.0,0.0,0.0,-0.021552929654717445,True,nan,False,1.4880755543345003e-06,0.01
gpomdp_logbarrier_handoff,708,688,1050033,0.0,False,71.51235961914062,1.485234260559082,0.0,71.51235961914062,1319.5029296875,0.0,0.0,0.0,0.48796722292900085,True,nan,False,1.4796587493037805e-06,0.01
gpomdp_logbarrier_handoff,708,689,1050725,0.0,False,50.01333236694336,1.490281581878662,0.0,50.01333236694336,1282.1094970703125,0.0,0.0,0.0,0.27481234073638916,True,nan,False,1.2109090903322794e-06,0.01
gpomdp_logbarrier_handoff,708,690,1051373,0.0,False,99.82221984863281,1.487661361694336,0.0,99.82221984863281,1160.259765625,0.0,0.0,0.0,-0.5378299951553345,True,nan,False,3.6840933717030566e-06,0.01
gpomdp_logbarrier_handoff,708,691,1052029,0.0,False,84.56361389160156,1.5251230001449585,0.0,84.56361389160156,2054.51123046875,0.0,0.0,0.0,-0.6391515731811523,True,nan,False,5.907825652684551e-06,0.01
gpomdp_logbarrier_handoff,708,692,1052785,0.0,False,108.8447494506836,1.487073302268982,0.0,108.8447494506836,1276.9515380859375,0.0,0.0,0.0,-0.08836342394351959,True,nan,False,1.1653492038021795e-05,0.01
gpomdp_logbarrier_handoff,708,693,1053473,0.0,False,74.02801513671875,1.4841419458389282,0.0,74.02801513671875,1249.6802978515625,0.0,0.0,0.0,0.05913345143198967,True,nan,False,1.0282560651830863e-05,0.01
gpomdp_logbarrier_handoff,708,694,1054172,0.0,False,101.54151916503906,1.4836633205413818,0.0,101.54151916503906,2064.1884765625,0.0,0.0,0.0,-0.18582837283611298,True,nan,False,7.0354544732254e-06,0.01
gpomdp_logbarrier_handoff,708,695,1054906,0.0,False,41.93386459350586,1.4878054857254028,0.0,41.93386459350586,1328.57421875,0.0,0.0,0.0,-0.2602404057979584,True,nan,False,5.608452283922816e-06,0.01
gpomdp_logbarrier_handoff,708,696,1055538,0.0,False,51.7708854675293,1.483542799949646,0.0,51.7708854675293,1080.2041015625,0.0,0.0,0.0,0.29653653502464294,True,nan,False,4.370590431790333e-06,0.01
gpomdp_logbarrier_handoff,708,697,1056233,0.0,False,121.8581771850586,1.5126782655715942,0.0,121.8581771850586,1415.70361328125,0.0,0.0,0.0,-0.4274946451187134,True,nan,False,8.762781362747774e-06,0.01
gpomdp_logbarrier_handoff,708,698,1057020,0.0,False,159.88748168945312,1.4690089225769043,0.0,159.88748168945312,1865.984619140625,0.0,0.0,0.0,0.6741161346435547,True,nan,False,1.1419164366088808e-05,0.01
gpomdp_logbarrier_handoff,708,699,1057744,0.0,False,82.35092163085938,1.4426100254058838,0.0,82.35092163085938,1313.1124267578125,0.0,0.0,0.0,-0.4250423312187195,True,nan,False,5.349367711460218e-06,0.01
gpomdp_logbarrier_handoff,708,700,1058447,0.0,False,142.79449462890625,1.4327515363693237,0.0,142.79449462890625,1438.1290283203125,0.0,0.0,0.0,-0.1348358392715454,True,nan,False,1.792955481505487e-05,0.01
gpomdp_logbarrier_handoff,708,701,1059128,0.0,False,174.9706573486328,1.5009254217147827,0.0,174.9706573486328,1884.79833984375,0.0,0.0,0.0,0.44684192538261414,True,nan,False,1.1836237717943732e-05,0.01
gpomdp_logbarrier_handoff,708,702,1059926,0.0,False,149.8789520263672,1.5364354848861694,0.0,149.8789520263672,1869.9158935546875,0.0,0.0,0.0,0.03957413509488106,True,nan,False,2.216481152572669e-05,0.01
gpomdp_logbarrier_handoff,708,703,1060743,0.0,False,158.37559509277344,1.5382148027420044,0.0,158.37559509277344,1246.672119140625,0.0,0.0,0.0,-0.4059125483036041,True,nan,False,2.3093352865544148e-05,0.01
gpomdp_logbarrier_handoff,708,704,1061528,0.0,False,97.0777816772461,1.4769424200057983,0.0,97.0777816772461,1378.6156005859375,0.0,0.0,0.0,-0.33555305004119873,True,nan,False,1.4949788237572648e-05,0.01
gpomdp_logbarrier_handoff,708,705,1062224,0.0,False,97.65135192871094,1.4990535974502563,0.0,97.65135192871094,1223.6873779296875,0.0,0.0,0.0,-0.7568442821502686,True,nan,False,9.101790965360124e-06,0.01
gpomdp_logbarrier_handoff,708,706,1062916,0.0,False,102.49903869628906,1.4820657968521118,0.0,102.49903869628906,1033.1673583984375,0.0,0.0,0.0,0.15752077102661133,True,nan,False,1.7505491996416822e-05,0.01
gpomdp_logbarrier_handoff,708,707,1063540,0.0,False,89.25763702392578,1.4898067712783813,0.0,89.25763702392578,1102.3310546875,0.0,0.0,0.0,-0.19014325737953186,True,nan,False,8.885949682735372e-06,0.01
gpomdp_logbarrier_handoff,708,708,1064211,0.0,False,121.06816101074219,1.4607813358306885,0.0,121.06816101074219,1355.73291015625,0.0,0.0,0.0,-0.6523186564445496,True,nan,False,1.2110744137316942e-05,0.01
gpomdp_logbarrier_handoff,708,709,1064905,0.0,False,66.44303894042969,1.4864962100982666,0.0,66.44303894042969,1295.532958984375,0.0,0.0,0.0,-0.6193022727966309,True,nan,False,1.2122811313020065e-05,0.01
gpomdp_logbarrier_handoff,708,710,1065581,0.0,False,127.15287017822266,1.4905091524124146,0.0,127.15287017822266,1384.0625,0.0,0.0,0.0,0.395930677652359,True,nan,False,2.05629530682927e-05,0.01
gpomdp_logbarrier_handoff,708,711,1066286,0.0,False,55.2624626159668,1.491411805152893,0.0,55.2624626159668,1116.1295166015625,0.0,0.0,0.0,0.22551098465919495,True,nan,False,1.3669496183865704e-05,0.01
gpomdp_logbarrier_handoff,708,712,1066943,0.0,False,75.0284194946289,1.4986577033996582,0.0,75.0284194946289,1182.4029541015625,0.0,0.0,0.0,0.1966785192489624,True,nan,False,6.054806362953968e-06,0.01
gpomdp_logbarrier_handoff,708,713,1067602,0.0,False,66.10692596435547,1.5238981246948242,0.0,66.10692596435547,1247.6988525390625,0.0,0.0,0.0,-0.46882203221321106,True,nan,False,5.788161615782883e-06,0.01
gpomdp_logbarrier_handoff,708,714,1068295,0.0,False,135.89608764648438,1.6372185945510864,0.0,135.89608764648438,2826.55322265625,0.0,0.0,0.0,-0.2514846622943878,True,nan,False,1.2037745364068542e-05,0.01
gpomdp_logbarrier_handoff,708,715,1069345,0.0,False,160.29574584960938,1.5060200691223145,0.0,160.29574584960938,1195.2950439453125,0.0,0.0,0.0,-0.31377121806144714,True,nan,False,1.090137357095955e-05,0.01
gpomdp_logbarrier_handoff,708,716,1070014,0.0,False,103.31071472167969,1.485516905784607,0.0,103.31071472167969,1298.3009033203125,0.0,0.0,0.0,0.25007307529449463,True,nan,False,1.0382436812506057e-05,0.01
gpomdp_logbarrier_handoff,708,717,1070728,0.0,False,144.70510864257812,1.5501139163970947,0.0,144.70510864257812,2385.89990234375,0.0,0.0,0.0,-0.1900545358657837,True,nan,False,1.6391530152759515e-05,0.01
gpomdp_logbarrier_handoff,708,718,1071576,0.0,False,79.68807220458984,1.542947769165039,0.0,79.68807220458984,1774.5875244140625,0.0,0.0,0.0,-0.2865579128265381,True,nan,False,1.9224406059947796e-05,0.01
gpomdp_logbarrier_handoff,708,719,1072393,0.0,False,67.43758392333984,1.5024619102478027,0.0,67.43758392333984,1290.66357421875,0.0,0.0,0.0,-0.006809531711041927,True,nan,False,1.7771846614778042e-05,0.01
gpomdp_logbarrier_handoff,708,720,1073079,0.0,False,186.80201721191406,1.4715306758880615,0.0,186.80201721191406,1382.729248046875,0.0,0.0,0.0,0.07303551584482193,True,nan,False,2.747337748587597e-05,0.01
gpomdp_logbarrier_handoff,708,721,1073742,0.0,False,129.09840393066406,1.4946404695510864,0.0,129.09840393066406,1348.4500732421875,0.0,0.0,0.0,-0.05030718818306923,True,nan,False,3.12011361529585e-05,0.01
gpomdp_logbarrier_handoff,708,722,1074444,0.0,False,129.15072631835938,1.5325934886932373,0.0,129.15072631835938,1507.4306640625,0.0,0.0,0.0,-0.31283503770828247,True,nan,False,2.7978936486761086e-05,0.01
gpomdp_logbarrier_handoff,708,723,1075183,0.0,False,91.315673828125,1.474408745765686,0.0,91.315673828125,1143.6624755859375,0.0,0.0,0.0,0.22527112066745758,True,nan,False,3.7444096960825846e-05,0.01
gpomdp_logbarrier_handoff,708,724,1075852,0.0,False,61.47891616821289,1.4992074966430664,0.0,61.47891616821289,1266.8309326171875,0.0,0.0,0.0,0.2001018524169922,True,nan,False,2.2867552615934983e-05,0.01
gpomdp_logbarrier_handoff,708,725,1076473,0.0,False,143.06521606445312,1.5186426639556885,0.0,143.06521606445312,1236.9853515625,0.0,0.0,0.0,0.016895337030291557,True,nan,False,6.002432655805023e-06,0.01
gpomdp_logbarrier_handoff,708,726,1077164,0.0,False,71.32035064697266,1.483896017074585,0.0,71.32035064697266,1076.2296142578125,0.0,0.0,0.0,0.024776116013526917,True,nan,False,9.327831321570557e-06,0.01
gpomdp_logbarrier_handoff,708,727,1077827,0.0,False,60.05495834350586,1.5645084381103516,0.0,60.05495834350586,1962.2921142578125,0.0,0.0,0.0,0.5530859231948853,True,nan,False,5.938974481978221e-06,0.01
gpomdp_logbarrier_handoff,708,728,1078698,0.0,False,189.94532775878906,1.6452871561050415,0.0,189.94532775878906,2633.523193359375,0.0,0.0,0.0,-0.1472131758928299,True,nan,False,1.8453970369591843e-06,0.01
gpomdp_logbarrier_handoff,708,729,1079753,0.0,False,79.55503845214844,1.4960964918136597,0.0,79.55503845214844,1344.4664306640625,0.0,0.0,0.0,-0.42915594577789307,True,nan,False,2.985446599268471e-06,0.01
gpomdp_logbarrier_handoff,708,730,1080425,0.0,False,76.18267059326172,1.5054044723510742,0.0,76.18267059326172,1311.935302734375,0.0,0.0,0.0,-0.39655375480651855,True,nan,False,2.039910896201036e-06,0.01
gpomdp_logbarrier_handoff,708,731,1081112,0.0,False,59.242340087890625,1.4954886436462402,0.0,59.242340087890625,906.9713745117188,0.0,0.0,0.0,-0.2829876244068146,True,nan,False,1.7054820773410029e-06,0.01
gpomdp_logbarrier_handoff,708,732,1081755,0.0,False,92.45844268798828,1.4897397756576538,0.0,92.45844268798828,1131.41796875,0.0,0.0,0.0,-0.28130263090133667,True,nan,False,2.456746642565122e-06,0.01
gpomdp_logbarrier_handoff,708,733,1082412,0.0,False,48.83859634399414,1.4911916255950928,0.0,48.83859634399414,1132.5145263671875,0.0,0.0,0.0,-0.6372165679931641,True,nan,False,2.029946017501061e-06,0.01
gpomdp_logbarrier_handoff,708,734,1083050,0.0,False,92.52130889892578,1.4780133962631226,0.0,92.52130889892578,979.9575805664062,0.0,0.0,0.0,-0.38490551710128784,True,nan,False,4.593719950207742e-06,0.01
gpomdp_logbarrier_handoff,708,735,1083695,0.0,False,54.10086441040039,1.5187023878097534,0.0,54.10086441040039,1341.365234375,0.0,0.0,0.0,-0.3892829716205597,True,nan,False,3.3629362405918073e-06,0.01
gpomdp_logbarrier_handoff,708,736,1084398,0.0,False,113.81742095947266,1.5442192554473877,0.0,113.81742095947266,1387.683837890625,0.0,0.0,0.0,-0.17899271845817566,True,nan,False,6.151924935693387e-06,0.01
gpomdp_logbarrier_handoff,708,737,1085151,0.0,False,110.82261657714844,1.5025107860565186,0.0,110.82261657714844,1304.7418212890625,0.0,0.0,0.0,-0.0402420274913311,True,nan,False,2.2051051473681582e-06,0.01
gpomdp_logbarrier_handoff,708,738,1085799,0.0,False,164.1625213623047,1.4946538209915161,0.0,164.1625213623047,1651.6219482421875,0.0,0.0,0.0,0.005178661551326513,True,nan,False,8.372472620976623e-06,0.01
gpomdp_logbarrier_handoff,708,739,1086495,0.0,False,124.61262512207031,1.4867959022521973,0.0,124.61262512207031,1011.9928588867188,0.0,0.0,0.0,-0.6622960567474365,True,nan,False,8.075492587522604e-06,0.01
gpomdp_logbarrier_handoff,708,740,1087144,0.0,False,113.77825927734375,1.576703429222107,0.0,113.77825927734375,1678.3507080078125,0.0,0.0,0.0,-0.48117512464523315,True,nan,False,7.112819275789661e-06,0.01
gpomdp_logbarrier_handoff,708,741,1087987,0.0,False,80.22891998291016,1.4858014583587646,0.0,80.22891998291016,1041.7564697265625,0.0,0.0,0.0,-0.36449605226516724,True,nan,False,1.1966070815105923e-05,0.01
gpomdp_logbarrier_handoff,708,742,1088616,0.0,False,170.9842987060547,1.5533384084701538,0.0,170.9842987060547,1647.530517578125,0.0,0.0,0.0,0.19858305156230927,True,nan,False,2.877952738344902e-06,0.01
gpomdp_logbarrier_handoff,708,743,1089396,0.0,False,105.04158020019531,1.5435543060302734,0.0,105.04158020019531,1708.9185791015625,0.0,0.0,0.0,-0.007085889577865601,True,nan,False,2.6771494958666153e-06,0.01
gpomdp_logbarrier_handoff,708,744,1090121,0.0,False,102.55756378173828,1.5268704891204834,0.0,102.55756378173828,1324.630615234375,0.0,0.0,0.0,-0.43968960642814636,True,nan,False,4.1395423977519386e-06,0.01
gpomdp_logbarrier_handoff,708,745,1090845,0.0,False,97.45001220703125,1.4925755262374878,0.0,97.45001220703125,1259.4107666015625,0.0,0.0,0.0,-0.1669245958328247,True,nan,False,4.123694452573545e-06,0.01
gpomdp_logbarrier_handoff,708,746,1091503,0.0,False,51.205772399902344,1.5380661487579346,0.0,51.205772399902344,1452.8680419921875,0.0,0.0,0.0,0.11256173253059387,True,nan,False,2.9616196570714237e-06,0.01
gpomdp_logbarrier_handoff,708,747,1092170,0.0,False,74.18115234375,1.5039541721343994,0.0,74.18115234375,1213.55908203125,0.0,0.0,0.0,-0.0024944983888417482,True,nan,False,1.560876171424752e-06,0.01
gpomdp_logbarrier_handoff,708,748,1092818,0.0,False,121.5147933959961,1.550506591796875,0.0,121.5147933959961,1283.9156494140625,0.0,0.0,0.0,0.15987041592597961,True,nan,False,4.425161478138762e-06,0.01
gpomdp_logbarrier_handoff,708,749,1093552,0.0,False,43.349430084228516,1.5319581031799316,0.0,43.349430084228516,1344.0267333984375,0.0,0.0,0.0,0.21816518902778625,True,nan,False,3.3767007607821142e-06,0.01
gpomdp_logbarrier_handoff,708,750,1094189,0.0,False,112.11399841308594,1.606872797012329,0.0,112.11399841308594,1563.3079833984375,0.0,0.0,0.0,0.07414086163043976,True,nan,False,1.4875704437145032e-06,0.01
gpomdp_logbarrier_handoff,708,751,1094985,0.0,False,80.98297882080078,1.5674995183944702,0.0,80.98297882080078,1588.3309326171875,0.0,0.0,0.0,-0.06620681285858154,True,nan,False,1.8924155256172526e-06,0.01
gpomdp_logbarrier_handoff,708,752,1095776,0.0,False,96.4912109375,1.562854528427124,0.0,96.4912109375,1696.458251953125,0.0,0.0,0.0,-0.08591818809509277,True,nan,False,2.144264954040409e-06,0.01
gpomdp_logbarrier_handoff,708,753,1096585,0.0,False,155.64830017089844,1.6233906745910645,0.0,155.64830017089844,1790.1317138671875,0.0,0.0,0.0,-0.4378048777580261,True,nan,False,2.448592113069026e-06,0.01
gpomdp_logbarrier_handoff,708,754,1097441,0.0,False,105.46707153320312,1.6355209350585938,0.0,105.46707153320312,2123.892578125,0.0,0.0,0.0,-0.10373599827289581,True,nan,False,2.1266782823659014e-06,0.01
gpomdp_logbarrier_handoff,708,755,1098460,0.0,False,189.83853149414062,1.6082029342651367,0.0,189.83853149414062,1759.9791259765625,0.0,0.0,0.0,0.0715208500623703,True,nan,False,7.843847015465144e-06,0.01
gpomdp_logbarrier_handoff,708,756,1099262,0.0,False,67.32707214355469,1.5356731414794922,0.0,67.32707214355469,1171.8682861328125,0.0,0.0,0.0,0.27613192796707153,True,nan,False,9.811246854951605e-06,0.01
gpomdp_logbarrier_handoff,708,757,1099881,0.0,False,75.00971984863281,1.5289109945297241,0.0,75.00971984863281,1176.780029296875,0.0,0.0,0.0,0.027780145406723022,True,nan,False,1.3554631550505292e-05,0.01
gpomdp_logbarrier_handoff,708,758,1100543,0.0,False,97.89532470703125,1.5612008571624756,0.0,97.89532470703125,1128.0157470703125,0.0,0.0,0.0,0.3264372944831848,True,nan,False,4.1700309338921215e-06,0.01
gpomdp_logbarrier_handoff,708,759,1101298,0.0,False,147.9254608154297,1.6017309427261353,0.0,147.9254608154297,1637.13623046875,0.0,0.0,0.0,0.0767594650387764,True,nan,False,5.9903923101956025e-06,0.01
gpomdp_logbarrier_handoff,708,760,1102184,0.0,False,68.13704681396484,1.5203248262405396,0.0,68.13704681396484,822.6315307617188,0.0,0.0,0.0,-0.1877492070198059,True,nan,False,4.451950644579483e-06,0.01
gpomdp_logbarrier_handoff,708,761,1102794,0.0,False,109.21662139892578,1.5295158624649048,0.0,109.21662139892578,1011.726806640625,0.0,0.0,0.0,0.18032163381576538,True,nan,False,2.2421570520236855e-06,0.01
gpomdp_logbarrier_handoff,708,762,1103448,0.0,False,150.3623504638672,1.5680065155029297,0.0,150.3623504638672,1309.2689208984375,0.0,0.0,0.0,-0.2969268560409546,True,nan,False,5.6855151342460886e-06,0.01
gpomdp_logbarrier_handoff,708,763,1104200,0.0,False,111.18341064453125,1.5251933336257935,0.0,111.18341064453125,1205.0279541015625,0.0,0.0,0.0,0.1293783336877823,True,nan,False,2.064096406684257e-06,0.01
gpomdp_logbarrier_handoff,708,764,1104910,0.0,False,146.93515014648438,1.6001732349395752,0.0,146.93515014648438,1856.27197265625,0.0,0.0,0.0,-0.19440492987632751,True,nan,False,5.57152952751494e-06,0.01
gpomdp_logbarrier_handoff,708,765,1105764,0.0,False,115.11690521240234,1.5401438474655151,0.0,115.11690521240234,1113.497802734375,0.0,0.0,0.0,0.40550169348716736,True,nan,False,2.6422708288009744e-06,0.01
gpomdp_logbarrier_handoff,708,766,1106415,0.0,False,57.5529670715332,1.6465190649032593,0.0,57.5529670715332,1557.145751953125,0.0,0.0,0.0,-0.20925945043563843,True,nan,False,1.9046514125875547e-06,0.01
gpomdp_logbarrier_handoff,708,767,1107239,0.0,False,76.14385986328125,1.5778937339782715,0.0,76.14385986328125,1157.841796875,0.0,0.0,0.0,0.03486696258187294,True,nan,False,2.2714959868608275e-06,0.01
gpomdp_logbarrier_handoff,708,768,1107948,0.0,False,81.33023071289062,1.5494778156280518,0.0,81.33023071289062,1446.548828125,0.0,0.0,0.0,-0.5566194653511047,True,nan,False,4.7458279368584044e-06,0.01
gpomdp_logbarrier_handoff,708,769,1108708,0.0,False,45.57225036621094,1.5553983449935913,0.0,45.57225036621094,1058.222900390625,0.0,0.0,0.0,-0.06771338731050491,True,nan,False,2.1014957383158617e-06,0.01
gpomdp_logbarrier_handoff,708,770,1109377,0.0,False,59.049232482910156,1.552371621131897,0.0,59.049232482910156,1218.4320068359375,0.0,0.0,0.0,-0.5612755417823792,True,nan,False,1.545563122817839e-06,0.01
gpomdp_logbarrier_handoff,708,771,1110061,0.0,False,70.1710205078125,1.5493834018707275,0.0,70.1710205078125,1315.41162109375,0.0,0.0,0.0,-0.33660581707954407,True,nan,False,3.647140374596347e-06,0.01
gpomdp_logbarrier_handoff,708,772,1110737,0.0,False,71.06478118896484,1.5495915412902832,0.0,71.06478118896484,1206.4456787109375,0.0,0.0,0.0,-0.1957409381866455,True,nan,False,3.262443442508811e-06,0.01
gpomdp_logbarrier_handoff,708,773,1111443,0.0,False,178.58651733398438,1.604340672492981,0.0,178.58651733398438,2276.27001953125,0.0,0.0,0.0,-0.3113991320133209,True,nan,False,8.677267942402977e-06,0.01
gpomdp_logbarrier_handoff,708,774,1112426,0.0,False,30.72028350830078,1.5299437046051025,0.0,30.72028350830078,846.264892578125,0.0,0.0,0.0,-0.3495778739452362,True,nan,False,9.825665074458811e-06,0.01
gpomdp_logbarrier_handoff,708,775,1113117,0.0,False,109.99884033203125,1.6017053127288818,0.0,109.99884033203125,1718.05322265625,0.0,0.0,0.0,-0.4829092025756836,True,nan,False,3.402680022190907e-06,0.01
gpomdp_logbarrier_handoff,708,776,1113944,0.0,False,81.82658386230469,1.5486449003219604,0.0,81.82658386230469,1358.46240234375,0.0,0.0,0.0,0.44525259733200073,True,nan,False,5.184796009416459e-06,0.01
gpomdp_logbarrier_handoff,708,777,1114605,0.0,False,114.88361358642578,1.5556871891021729,0.0,114.88361358642578,1273.53955078125,0.0,0.0,0.0,0.4610428810119629,True,nan,False,2.8005401873087976e-06,0.01
gpomdp_logbarrier_handoff,708,778,1115271,0.0,False,64.2798080444336,1.5184221267700195,0.0,64.2798080444336,907.8011474609375,0.0,0.0,0.0,-0.3906733989715576,True,nan,False,2.260852170365979e-06,0.01
gpomdp_logbarrier_handoff,708,779,1115875,0.0,False,136.77963256835938,1.533400297164917,0.0,136.77963256835938,1453.3411865234375,0.0,0.0,0.0,0.062348827719688416,True,nan,False,7.749269570922479e-06,0.01
gpomdp_logbarrier_handoff,708,780,1116607,0.0,False,73.0096206665039,1.570957064628601,0.0,73.0096206665039,1092.3026123046875,0.0,0.0,0.0,0.11822640150785446,True,nan,False,9.292493814427871e-06,0.01
gpomdp_logbarrier_handoff,708,781,1117314,0.0,False,83.96694946289062,1.5415968894958496,0.0,83.96694946289062,1051.03125,0.0,0.0,0.0,-0.035604119300842285,True,nan,False,5.231114755588351e-06,0.01
gpomdp_logbarrier_handoff,708,782,1117983,0.0,False,74.52364349365234,1.5528175830841064,0.0,74.52364349365234,1207.54052734375,0.0,0.0,0.0,0.03000369854271412,True,nan,False,7.946346158860251e-06,0.01
gpomdp_logbarrier_handoff,708,783,1118642,0.0,False,90.37089538574219,1.5380914211273193,0.0,90.37089538574219,831.001220703125,0.0,0.0,0.0,0.48794499039649963,True,nan,False,8.18426997284405e-06,0.01
gpomdp_logbarrier_handoff,708,784,1119276,0.0,False,145.7239532470703,1.6129757165908813,0.0,145.7239532470703,2414.04052734375,0.0,0.0,0.0,-0.162589430809021,True,nan,False,1.3472361388267018e-05,0.01
gpomdp_logbarrier_handoff,708,785,1120126,0.0,False,60.331695556640625,1.5373008251190186,0.0,60.331695556640625,1615.090576171875,0.0,0.0,0.0,-0.15785500407218933,True,nan,False,1.9153834728058428e-05,0.01
gpomdp_logbarrier_handoff,708,786,1120853,0.0,False,117.22474670410156,1.5565046072006226,0.0,117.22474670410156,1516.397216796875,0.0,0.0,0.0,0.2193826287984848,True,nan,False,1.0107200068887323e-05,0.01
gpomdp_logbarrier_handoff,708,787,1121609,0.0,False,78.41207885742188,1.5513010025024414,0.0,78.41207885742188,1480.1884765625,0.0,0.0,0.0,0.33731433749198914,True,nan,False,1.0227030543319415e-05,0.01
gpomdp_logbarrier_handoff,708,788,1122325,0.0,False,52.58643341064453,1.5577898025512695,0.0,52.58643341064453,1215.5897216796875,0.0,0.0,0.0,-0.1702038049697876,True,nan,False,6.300579570961418e-06,0.01
gpomdp_logbarrier_handoff,708,789,1123102,0.0,False,100.17660522460938,1.550538182258606,0.0,100.17660522460938,1350.0567626953125,0.0,0.0,0.0,0.24996937811374664,True,nan,False,2.4306120849360013e-06,0.01
gpomdp_logbarrier_handoff,708,790,1123791,0.0,False,116.79450988769531,1.526402235031128,0.0,116.79450988769531,988.9571533203125,0.0,0.0,0.0,0.11171909421682358,True,nan,False,3.869607098749839e-06,0.01
gpomdp_logbarrier_handoff,708,791,1124423,0.0,False,184.18484497070312,1.6875723600387573,0.0,184.18484497070312,3114.349853515625,0.0,0.0,0.0,0.05618453025817871,True,nan,False,4.769990482600406e-06,0.01
gpomdp_logbarrier_handoff,708,792,1125539,0.0,False,149.39584350585938,1.6337711811065674,0.0,149.39584350585938,1883.3076171875,0.0,0.0,0.0,-0.6101285219192505,True,nan,False,6.930190011189552e-06,0.01
gpomdp_logbarrier_handoff,708,793,1126327,0.0,False,112.06725311279297,1.5581109523773193,0.0,112.06725311279297,1507.197998046875,0.0,0.0,0.0,-0.22834567725658417,True,nan,False,8.234048436861485e-06,0.01
gpomdp_logbarrier_handoff,708,794,1127087,0.0,False,40.91154861450195,1.5505270957946777,0.0,40.91154861450195,960.2860107421875,0.0,0.0,0.0,0.5459610819816589,True,nan,False,8.68489223648794e-06,0.01
gpomdp_logbarrier_handoff,708,795,1127741,0.0,False,99.6572036743164,1.5546835660934448,0.0,99.6572036743164,1465.96142578125,0.0,0.0,0.0,0.24564403295516968,True,nan,False,7.4616978054109495e-06,0.01
gpomdp_logbarrier_handoff,708,796,1128495,0.0,False,98.74234771728516,1.5681166648864746,0.0,98.74234771728516,1634.4019775390625,0.0,0.0,0.0,0.20887862145900726,True,nan,False,1.1075673683080822e-05,0.01
gpomdp_logbarrier_handoff,708,797,1129225,0.0,False,80.70413208007812,1.5885320901870728,0.0,80.70413208007812,1641.3367919921875,0.0,0.0,0.0,-0.6986407041549683,True,nan,False,5.556402811635053e-06,0.01
gpomdp_logbarrier_handoff,708,798,1130040,0.0,False,111.9764633178711,1.5355651378631592,0.0,111.9764633178711,1348.1798095703125,0.0,0.0,0.0,-0.3551061153411865,True,nan,False,4.362433173810132e-06,0.01
gpomdp_logbarrier_handoff,708,799,1130669,0.0,False,64.74337005615234,1.55752432346344,0.0,64.74337005615234,1265.2125244140625,0.0,0.0,0.0,-0.7787964344024658,True,nan,False,2.9849011298210826e-06,0.01
gpomdp_logbarrier_handoff,708,800,1131348,0.0,False,51.03301239013672,1.5492489337921143,0.0,51.03301239013672,1143.6630859375,0.0,0.0,0.0,0.14041605591773987,True,nan,False,1.5655772358513786e-06,0.01
gpomdp_logbarrier_handoff,708,801,1132003,0.0,False,175.0177001953125,1.5290920734405518,0.0,175.0177001953125,1734.1673583984375,0.0,0.0,0.0,-0.09153655171394348,True,nan,False,1.0551213563303463e-05,0.01
gpomdp_logbarrier_handoff,708,802,1132756,0.0,False,143.22357177734375,1.5714150667190552,0.0,143.22357177734375,1603.03076171875,0.0,0.0,0.0,-0.024720536544919014,True,nan,False,3.911462954420131e-06,0.01
gpomdp_logbarrier_handoff,708,803,1133483,0.0,False,117.96888732910156,1.5729258060455322,0.0,117.96888732910156,1346.840576171875,0.0,0.0,0.0,-0.5177482962608337,True,nan,False,5.692057129635941e-06,0.01
gpomdp_logbarrier_handoff,708,804,1134203,0.0,False,140.07810974121094,1.5909926891326904,0.0,140.07810974121094,1833.9622802734375,0.0,0.0,0.0,0.3087514638900757,True,nan,False,9.124640200752765e-06,0.01
gpomdp_logbarrier_handoff,708,805,1135062,0.0,False,181.43455505371094,1.5437442064285278,0.0,181.43455505371094,1266.0162353515625,0.0,0.0,0.0,-0.12275347113609314,True,nan,False,3.326445585116744e-05,0.01
gpomdp_logbarrier_handoff,708,806,1135697,0.0,False,59.993324279785156,1.5257389545440674,0.0,59.993324279785156,1697.0770263671875,0.0,0.0,0.0,0.17786085605621338,True,nan,False,3.272436515544541e-05,0.01
gpomdp_logbarrier_handoff,708,807,1136351,0.0,False,82.50916290283203,1.562126636505127,0.0,82.50916290283203,1083.81689453125,0.0,0.0,0.0,-0.08068417012691498,True,nan,False,3.437577106524259e-05,0.01
gpomdp_logbarrier_handoff,708,808,1137093,0.0,False,153.9097137451172,1.581080436706543,0.0,153.9097137451172,1658.32470703125,0.0,0.0,0.0,-0.2996550500392914,True,nan,False,1.0205690159637015e-05,0.01
gpomdp_logbarrier_handoff,708,809,1137926,0.0,False,127.27484130859375,1.5912396907806396,0.0,127.27484130859375,1949.554443359375,0.0,0.0,0.0,-0.27413544058799744,True,nan,False,8.28791507956339e-06,0.01
gpomdp_logbarrier_handoff,708,810,1138650,0.0,False,53.62455368041992,1.5774537324905396,0.0,53.62455368041992,1415.9482421875,0.0,0.0,0.0,0.04761239141225815,True,nan,False,7.83813538873801e-06,0.01
gpomdp_logbarrier_handoff,708,811,1139313,0.0,False,74.41267395019531,1.5467172861099243,0.0,74.41267395019531,875.9932861328125,0.0,0.0,0.0,0.012480445206165314,True,nan,False,2.929712763943826e-06,0.01
gpomdp_logbarrier_handoff,708,812,1139933,0.0,False,92.67671203613281,1.5751399993896484,0.0,92.67671203613281,1288.0911865234375,0.0,0.0,0.0,-0.13617300987243652,True,nan,False,1.8043118643618072e-06,0.01
gpomdp_logbarrier_handoff,708,813,1140702,0.0,False,53.077999114990234,1.56597101688385,0.0,53.077999114990234,1427.89453125,0.0,0.0,0.0,-0.05472738295793533,True,nan,False,1.2987579793843906e-06,0.01
gpomdp_logbarrier_handoff,708,814,1141361,0.0,False,53.74995803833008,1.5815372467041016,0.0,53.74995803833008,1048.3270263671875,0.0,0.0,0.0,-0.2072911560535431,True,nan,False,8.997367899610254e-07,0.01
gpomdp_logbarrier_handoff,708,815,1141986,0.0,False,67.09778594970703,1.5634297132492065,0.0,67.09778594970703,1379.994384765625,0.0,0.0,0.0,0.06962037831544876,True,nan,False,1.2873949799541151e-06,0.01
gpomdp_logbarrier_handoff,708,816,1142657,0.0,False,44.721439361572266,1.5805896520614624,0.0,44.721439361572266,1273.1348876953125,0.0,0.0,0.0,0.23409925401210785,True,nan,False,5.375907790039491e-07,0.01
gpomdp_logbarrier_handoff,708,817,1143374,0.0,False,81.696044921875,1.5829559564590454,0.0,81.696044921875,1624.239013671875,0.0,0.0,0.0,-0.003688585013151169,True,nan,False,1.0668452432582853e-06,0.01
gpomdp_logbarrier_handoff,708,818,1144086,0.0,False,75.28076934814453,1.5524630546569824,0.0,75.28076934814453,1044.2264404296875,0.0,0.0,0.0,-0.19401228427886963,True,nan,False,9.449666436012194e-07,0.01
gpomdp_logbarrier_handoff,708,819,1144750,0.0,False,121.03579711914062,1.5785478353500366,0.0,121.03579711914062,1346.628662109375,0.0,0.0,0.0,-0.22150780260562897,True,nan,False,3.7283684832800645e-06,0.01
gpomdp_logbarrier_handoff,708,820,1145561,0.0,False,65.94306182861328,1.5524775981903076,0.0,65.94306182861328,1088.462646484375,0.0,0.0,0.0,-0.2763604521751404,True,nan,False,1.6063854673120659e-06,0.01
gpomdp_logbarrier_handoff,708,821,1146191,0.0,False,74.73089599609375,1.5710726976394653,0.0,74.73089599609375,1144.69873046875,0.0,0.0,0.0,0.28096675872802734,True,nan,False,1.257472490578948e-06,0.01
gpomdp_logbarrier_handoff,708,822,1146841,0.0,False,92.55729675292969,1.572269082069397,0.0,92.55729675292969,1172.611083984375,0.0,0.0,0.0,-0.2323765605688095,True,nan,False,4.414551312947879e-06,0.01
gpomdp_logbarrier_handoff,708,823,1147527,0.0,False,57.837890625,1.5886635780334473,0.0,57.837890625,1545.1824951171875,0.0,0.0,0.0,-0.19366903603076935,True,nan,False,3.4290048915863736e-06,0.01
gpomdp_logbarrier_handoff,708,824,1148251,0.0,False,63.66377258300781,1.55484938621521,0.0,63.66377258300781,1275.9193115234375,0.0,0.0,0.0,-0.2740514576435089,True,nan,False,4.79400569020072e-06,0.01
gpomdp_logbarrier_handoff,708,825,1148907,0.0,False,88.95842742919922,1.6570464372634888,0.0,88.95842742919922,1879.7550048828125,0.0,0.0,0.0,0.2363886535167694,True,nan,False,4.359540525911143e-06,0.01
gpomdp_logbarrier_handoff,708,826,1149738,0.0,False,93.1347885131836,1.5881266593933105,0.0,93.1347885131836,1247.4603271484375,0.0,0.0,0.0,0.08379393070936203,True,nan,False,4.348208676674403e-06,0.01
gpomdp_logbarrier_handoff,708,827,1150416,0.0,False,155.1657257080078,1.6599888801574707,0.0,155.1657257080078,1939.0611572265625,0.0,0.0,0.0,0.4594074785709381,True,nan,False,5.892547505936818e-06,0.01
gpomdp_logbarrier_handoff,708,828,1151221,0.0,False,94.52310943603516,1.583989143371582,0.0,94.52310943603516,938.721435546875,0.0,0.0,0.0,-0.024538101628422737,True,nan,False,6.5521339820406865e-06,0.01
gpomdp_logbarrier_handoff,708,829,1151897,0.0,False,64.19265747070312,1.537247896194458,0.0,64.19265747070312,928.9999389648438,0.0,0.0,0.0,0.30870872735977173,True,nan,False,7.901613571448252e-06,0.01
gpomdp_logbarrier_handoff,708,830,1152501,0.0,False,74.93567657470703,1.553412914276123,0.0,74.93567657470703,1128.396484375,0.0,0.0,0.0,0.2998063862323761,True,nan,False,7.155200819397578e-06,0.01
gpomdp_logbarrier_handoff,708,831,1153122,0.0,False,118.10957336425781,1.6949023008346558,0.0,118.10957336425781,2540.397705078125,0.0,0.0,0.0,0.014767157845199108,True,nan,False,4.6251316234702244e-06,0.01
gpomdp_logbarrier_handoff,708,832,1154226,0.0,False,150.49827575683594,1.5207589864730835,0.0,150.49827575683594,1495.7882080078125,0.0,0.0,0.0,0.0238951425999403,True,nan,False,8.062893357418943e-06,0.01
gpomdp_logbarrier_handoff,708,833,1154900,0.0,False,96.42729949951172,1.548266887664795,0.0,96.42729949951172,1663.100341796875,0.0,0.0,0.0,0.08197145909070969,True,nan,False,1.3626455256599002e-05,0.01
gpomdp_logbarrier_handoff,708,834,1155626,0.0,False,101.92835998535156,1.5571482181549072,0.0,101.92835998535156,1198.3238525390625,0.0,0.0,0.0,-0.067787304520607,True,nan,False,7.035205271677114e-06,0.01
gpomdp_logbarrier_handoff,708,835,1156338,0.0,False,124.6362533569336,1.5570532083511353,0.0,124.6362533569336,1289.35498046875,0.0,0.0,0.0,-0.1170947402715683,True,nan,False,5.563497779803583e-06,0.01
gpomdp_logbarrier_handoff,708,836,1156984,0.0,False,52.3282470703125,1.5703877210617065,0.0,52.3282470703125,1192.3411865234375,0.0,0.0,0.0,0.24304229021072388,True,nan,False,4.220425580570009e-06,0.01
gpomdp_logbarrier_handoff,708,837,1157683,0.0,False,66.12915802001953,1.5817394256591797,0.0,66.12915802001953,1215.3795166015625,0.0,0.0,0.0,0.06886881589889526,True,nan,False,3.643714990175795e-06,0.01
gpomdp_logbarrier_handoff,708,838,1158374,0.0,False,111.20980072021484,1.61509108543396,0.0,111.20980072021484,1465.0489501953125,0.0,0.0,0.0,-0.4870942533016205,True,nan,False,5.136548679729458e-06,0.01
gpomdp_logbarrier_handoff,708,839,1159152,0.0,False,40.73752975463867,1.5728803873062134,0.0,40.73752975463867,1277.1678466796875,0.0,0.0,0.0,-0.20516513288021088,True,nan,False,3.540026455084444e-06,0.01
gpomdp_logbarrier_handoff,708,840,1159856,0.0,False,69.43368530273438,1.5523189306259155,0.0,69.43368530273438,1155.181640625,0.0,0.0,0.0,0.27173978090286255,True,nan,False,5.223116204433609e-06,0.01
gpomdp_logbarrier_handoff,708,841,1160523,0.0,False,106.44416809082031,1.5645006895065308,0.0,106.44416809082031,859.4330444335938,0.0,0.0,0.0,0.5170593857765198,True,nan,False,4.2741730794659816e-06,0.01
gpomdp_logbarrier_handoff,708,842,1161193,0.0,False,92.79524993896484,1.5237979888916016,0.0,92.79524993896484,1188.0849609375,0.0,0.0,0.0,0.3198675513267517,True,nan,False,3.3722501484589884e-06,0.01
gpomdp_logbarrier_handoff,708,843,1161808,0.0,False,53.957618713378906,1.5558427572250366,0.0,53.957618713378906,1194.6688232421875,0.0,0.0,0.0,0.03489161282777786,True,nan,False,3.705991503011319e-06,0.01
gpomdp_logbarrier_handoff,708,844,1162457,0.0,False,82.1552963256836,1.5697576999664307,0.0,82.1552963256836,1368.4337158203125,0.0,0.0,0.0,-0.1965014487504959,True,nan,False,3.105748419329757e-06,0.01
gpomdp_logbarrier_handoff,708,845,1163208,0.0,False,65.4283447265625,1.5419868230819702,0.0,65.4283447265625,1075.097900390625,0.0,0.0,0.0,0.35104435682296753,True,nan,False,4.97919018016546e-06,0.01
gpomdp_logbarrier_handoff,708,846,1163852,0.0,False,62.7939338684082,1.5633304119110107,0.0,62.7939338684082,1061.3917236328125,0.0,0.0,0.0,-0.21291349828243256,True,nan,False,5.836405762238428e-06,0.01
gpomdp_logbarrier_handoff,708,847,1164506,0.0,False,177.50454711914062,1.5886064767837524,0.0,177.50454711914062,1573.2906494140625,0.0,0.0,0.0,-0.04040480777621269,True,nan,False,6.1266373450052924e-06,0.01
gpomdp_logbarrier_handoff,708,848,1165373,0.0,False,62.467533111572266,1.5357623100280762,0.0,62.467533111572266,997.5787353515625,0.0,0.0,0.0,-0.495492160320282,True,nan,False,6.869183835078729e-06,0.01
gpomdp_logbarrier_handoff,708,849,1166110,0.0,False,99.20397186279297,1.5671039819717407,0.0,99.20397186279297,941.948486328125,0.0,0.0,0.0,-0.28704705834388733,True,nan,False,1.1241562788200099e-05,0.01
gpomdp_logbarrier_handoff,708,850,1166819,0.0,False,125.63948822021484,1.5579195022583008,0.0,125.63948822021484,1109.7093505859375,0.0,0.0,0.0,-0.1848963052034378,True,nan,False,1.84493819688214e-05,0.01
gpomdp_logbarrier_handoff,708,851,1167500,0.0,False,111.24276733398438,1.5756770372390747,0.0,111.24276733398438,1604.0322265625,0.0,0.0,0.0,0.6093771457672119,True,nan,False,1.8759388694888912e-05,0.01
gpomdp_logbarrier_handoff,708,852,1168245,0.0,False,56.94620895385742,1.5488530397415161,0.0,56.94620895385742,1130.248291015625,0.0,0.0,0.0,-0.09371344745159149,True,nan,False,1.1906464351341128e-05,0.01
gpomdp_logbarrier_handoff,708,853,1168873,0.0,False,76.57339477539062,1.5491422414779663,0.0,76.57339477539062,1171.779296875,0.0,0.0,0.0,0.17869479954242706,True,nan,False,1.3888849025534e-05,0.01
gpomdp_logbarrier_handoff,708,854,1169500,0.0,False,87.15312957763672,1.5468406677246094,0.0,87.15312957763672,1091.441650390625,0.0,0.0,0.0,-0.3158930242061615,True,nan,False,6.1927930801175535e-06,0.01
gpomdp_logbarrier_handoff,708,855,1170125,0.0,False,88.11903381347656,1.5746763944625854,0.0,88.11903381347656,1673.48974609375,0.0,0.0,0.0,0.051706284284591675,True,nan,False,6.181210210343124e-06,0.01
gpomdp_logbarrier_handoff,708,856,1170896,0.0,False,83.23844146728516,1.5581332445144653,0.0,83.23844146728516,1079.763671875,0.0,0.0,0.0,-0.38304853439331055,True,nan,False,1.9754863842535997e-06,0.01
gpomdp_logbarrier_handoff,708,857,1171630,0.0,False,85.87425231933594,1.5744869709014893,0.0,85.87425231933594,881.3070678710938,0.0,0.0,0.0,-0.2726873755455017,True,nan,False,1.9397893993300386e-06,0.01
gpomdp_logbarrier_handoff,708,858,1172290,0.0,False,130.0874786376953,1.5348049402236938,0.0,130.0874786376953,1139.15966796875,0.0,0.0,0.0,-0.15730412304401398,True,nan,False,2.580041837063618e-06,0.01
gpomdp_logbarrier_handoff,708,859,1172952,0.0,False,106.32109069824219,1.560290813446045,0.0,106.32109069824219,1123.3406982421875,0.0,0.0,0.0,0.08035143464803696,True,nan,False,6.7527844294090755e-06,0.01
gpomdp_logbarrier_handoff,708,860,1173610,0.0,False,149.37940979003906,1.5534422397613525,0.0,149.37940979003906,1162.312255859375,0.0,0.0,0.0,-0.055958203971385956,True,nan,False,1.0325885568818194e-06,0.01
gpomdp_logbarrier_handoff,708,861,1174272,0.0,False,70.2166748046875,1.5389444828033447,0.0,70.2166748046875,930.0911865234375,0.0,0.0,0.0,0.036653753370046616,True,nan,False,6.523421234305715e-07,0.01
gpomdp_logbarrier_handoff,708,862,1174873,0.0,False,136.25732421875,1.5562411546707153,0.0,136.25732421875,1266.1221923828125,0.0,0.0,0.0,0.14775343239307404,True,nan,False,2.909067461587256e-06,0.01
gpomdp_logbarrier_handoff,708,863,1175573,0.0,False,66.2567367553711,1.5851033926010132,0.0,66.2567367553711,1111.503173828125,0.0,0.0,0.0,0.01299151498824358,True,nan,False,3.0013598006917164e-06,0.01
gpomdp_logbarrier_handoff,708,864,1176317,0.0,False,197.78640747070312,1.6243563890457153,0.0,197.78640747070312,2271.09423828125,0.0,0.0,0.0,-0.34767434000968933,True,nan,False,1.0419236787129194e-05,0.01
gpomdp_logbarrier_handoff,708,865,1177255,0.0,False,117.37442779541016,1.5545953512191772,0.0,117.37442779541016,1040.904541015625,0.0,0.0,0.0,0.21050192415714264,True,nan,False,2.4365028366446495e-05,0.01
gpomdp_logbarrier_handoff,708,866,1177934,0.0,False,155.07579040527344,1.5760486125946045,0.0,155.07579040527344,1048.787841796875,0.0,0.0,0.0,-0.2689525783061981,True,nan,False,4.4781692849937826e-05,0.01
gpomdp_logbarrier_handoff,708,867,1178641,0.0,False,94.28816986083984,1.5705865621566772,0.0,94.28816986083984,1438.509521484375,0.0,0.0,0.0,-0.39529991149902344,True,nan,False,4.034099038108252e-05,0.01
gpomdp_logbarrier_handoff,708,868,1179381,0.0,False,87.32028198242188,1.5608983039855957,0.0,87.32028198242188,1094.4913330078125,0.0,0.0,0.0,-0.284349262714386,True,nan,False,4.279888889868744e-05,0.01
gpomdp_logbarrier_handoff,708,869,1180004,0.0,False,165.01080322265625,1.5622799396514893,0.0,165.01080322265625,1411.8887939453125,0.0,0.0,0.0,-0.2775322198867798,True,nan,False,6.325980211840943e-05,0.01
gpomdp_logbarrier_handoff,708,870,1180714,0.0,False,176.0492401123047,1.6163820028305054,0.0,176.0492401123047,1349.6273193359375,0.0,0.0,0.0,-0.024369005113840103,True,nan,False,4.8441866965731606e-05,0.01
gpomdp_logbarrier_handoff,708,871,1181518,0.0,False,49.84756851196289,1.5608506202697754,0.0,49.84756851196289,1144.726806640625,0.0,0.0,0.0,0.17163151502609253,True,nan,False,5.727081952500157e-05,0.01
gpomdp_logbarrier_handoff,708,872,1182191,0.0,False,108.27849578857422,1.5555450916290283,0.0,108.27849578857422,1074.039306640625,0.0,0.0,0.0,0.4813354015350342,True,nan,False,3.749066308955662e-05,0.01
gpomdp_logbarrier_handoff,708,873,1182826,0.0,False,106.63632202148438,1.5745846033096313,0.0,106.63632202148438,1030.1806640625,0.0,0.0,0.0,-0.12151312083005905,True,nan,False,4.4826152588939294e-05,0.01
gpomdp_logbarrier_handoff,708,874,1183467,0.0,False,66.45387268066406,1.5610692501068115,0.0,66.45387268066406,856.142822265625,0.0,0.0,0.0,-0.10384564846754074,True,nan,False,4.343888576840982e-05,0.01
gpomdp_logbarrier_handoff,708,875,1184136,0.0,False,101.63203430175781,1.5903362035751343,0.0,101.63203430175781,1168.7681884765625,0.0,0.0,0.0,-0.15858525037765503,True,nan,False,2.7359910745872185e-05,0.01
gpomdp_logbarrier_handoff,708,876,1184888,0.0,False,87.66401672363281,1.5974302291870117,0.0,87.66401672363281,1703.59228515625,0.0,0.0,0.0,0.05076282471418381,True,nan,False,3.2492607715539634e-05,0.01
gpomdp_logbarrier_handoff,708,877,1185611,0.0,False,83.58487701416016,1.5514694452285767,0.0,83.58487701416016,1452.827880859375,0.0,0.0,0.0,-0.15667593479156494,True,nan,False,2.5852959879557602e-05,0.01
gpomdp_logbarrier_handoff,708,878,1186317,0.0,False,37.53670883178711,1.5619546175003052,0.0,37.53670883178711,1028.4879150390625,0.0,0.0,0.0,0.1250845342874527,True,nan,False,2.099323319271207e-05,0.01
gpomdp_logbarrier_handoff,708,879,1186959,0.0,False,80.39922332763672,1.5699210166931152,0.0,80.39922332763672,1372.7244873046875,0.0,0.0,0.0,-0.2550390362739563,True,nan,False,1.0412059054942802e-05,0.01
gpomdp_logbarrier_handoff,708,880,1187667,0.0,False,94.04049682617188,1.573940634727478,0.0,94.04049682617188,1211.8524169921875,0.0,0.0,0.0,0.214368537068367,True,nan,False,6.821875558671309e-06,0.01
gpomdp_logbarrier_handoff,708,881,1188264,0.0,False,170.458740234375,1.565747618675232,0.0,170.458740234375,1793.8837890625,0.0,0.0,0.0,0.12459535151720047,True,nan,False,8.541247552784625e-06,0.01
gpomdp_logbarrier_handoff,708,882,1189027,0.0,False,57.81440734863281,1.5845506191253662,0.0,57.81440734863281,998.372802734375,0.0,0.0,0.0,-0.3298971652984619,True,nan,False,2.4031317025219323e-06,0.01
gpomdp_logbarrier_handoff,708,883,1189696,0.0,False,92.6142578125,1.6072126626968384,0.0,92.6142578125,1288.1588134765625,0.0,0.0,0.0,0.30867406725883484,True,nan,False,1.0398028962299577e-06,0.01
gpomdp_logbarrier_handoff,708,884,1190418,0.0,False,65.1331558227539,1.5745400190353394,0.0,65.1331558227539,949.3287353515625,0.0,0.0,0.0,-0.18683910369873047,True,nan,False,5.694191713701002e-07,0.01
gpomdp_logbarrier_handoff,708,885,1191086,0.0,False,76.87852478027344,1.5687834024429321,0.0,76.87852478027344,1322.5426025390625,0.0,0.0,0.0,-0.2766929566860199,True,nan,False,2.333482370886486e-06,0.01
gpomdp_logbarrier_handoff,708,886,1191820,0.0,False,88.998046875,1.5934042930603027,0.0,88.998046875,996.4226684570312,0.0,0.0,0.0,-0.44664567708969116,True,nan,False,2.763485554169165e-06,0.01
gpomdp_logbarrier_handoff,708,887,1192524,0.0,False,61.1513671875,1.5622481107711792,0.0,61.1513671875,1132.600341796875,0.0,0.0,0.0,-0.05116083472967148,True,nan,False,1.1192466899956344e-06,0.01
gpomdp_logbarrier_handoff,708,888,1193165,0.0,False,131.74600219726562,1.6045063734054565,0.0,131.74600219726562,1662.4786376953125,0.0,0.0,0.0,-0.47191500663757324,True,nan,False,3.0197043088264763e-06,0.01
gpomdp_logbarrier_handoff,708,889,1193859,0.0,False,75.69245147705078,1.5839455127716064,0.0,75.69245147705078,1291.864501953125,0.0,0.0,0.0,0.4077213406562805,True,nan,False,3.540364559739828e-06,0.01
gpomdp_logbarrier_handoff,708,890,1194572,0.0,False,75.23384857177734,1.5163918733596802,0.0,75.23384857177734,1004.5890502929688,0.0,0.0,0.0,-0.14936907589435577,True,nan,False,1.0241313930237084e-06,0.01
gpomdp_logbarrier_handoff,708,891,1195192,0.0,False,71.5162582397461,1.5728862285614014,0.0,71.5162582397461,1221.2974853515625,0.0,0.0,0.0,-0.054091013967990875,True,nan,False,1.8718460523814429e-06,0.01
gpomdp_logbarrier_handoff,708,892,1195841,0.0,False,64.4406967163086,1.562472939491272,0.0,64.4406967163086,1105.632080078125,0.0,0.0,0.0,0.022786255925893784,True,nan,False,2.254486389574595e-06,0.01
gpomdp_logbarrier_handoff,708,893,1196499,0.0,False,98.65191650390625,1.5925170183181763,0.0,98.65191650390625,1578.0838623046875,0.0,0.0,0.0,-0.42798808217048645,True,nan,False,4.2207661863358226e-06,0.01
gpomdp_logbarrier_handoff,708,894,1197246,0.0,False,228.72366333007812,1.6057310104370117,0.0,228.72366333007812,1383.9642333984375,0.0,0.0,0.0,-0.04415105655789375,True,nan,False,2.0868350475211628e-05,0.01
gpomdp_logbarrier_handoff,708,895,1197980,0.0,False,88.76319885253906,1.5677947998046875,0.0,88.76319885253906,1186.2562255859375,0.0,0.0,0.0,0.2961665093898773,True,nan,False,1.0925228707492352e-05,0.01
gpomdp_logbarrier_handoff,708,896,1198668,0.0,False,123.02875518798828,1.587414026260376,0.0,123.02875518798828,1753.0750732421875,0.0,0.0,0.0,0.44957199692726135,True,nan,False,7.505196208512643e-06,0.01
gpomdp_logbarrier_handoff,708,897,1199436,0.0,False,102.58041381835938,1.6083321571350098,0.0,102.58041381835938,1360.8853759765625,0.0,0.0,0.0,-0.0775536447763443,True,nan,False,9.529742783342954e-06,0.01
gpomdp_logbarrier_handoff,708,898,1200162,0.0,False,71.93043518066406,1.598422884941101,0.0,71.93043518066406,1141.5391845703125,0.0,0.0,0.0,0.32200688123703003,True,nan,False,4.720834112958983e-06,0.01
gpomdp_logbarrier_handoff,708,899,1200746,0.0,False,76.06765747070312,1.5891145467758179,0.0,76.06765747070312,1076.400390625,0.0,0.0,0.0,-0.17142757773399353,True,nan,False,8.284860086860135e-06,0.01
gpomdp_logbarrier_handoff,708,900,1201355,0.0,False,199.36465454101562,1.6197549104690552,0.0,199.36465454101562,1701.1295166015625,0.0,0.0,0.0,-0.06938828527927399,True,nan,False,1.8125839460481075e-06,0.01
gpomdp_logbarrier_handoff,708,901,1202168,0.0,False,62.80573272705078,1.591029405593872,0.0,62.80573272705078,1318.4381103515625,0.0,0.0,0.0,0.22354458272457123,True,nan,False,1.8054373640552512e-06,0.01
gpomdp_logbarrier_handoff,708,902,1202852,0.0,False,58.95661163330078,1.5971684455871582,0.0,58.95661163330078,1321.09375,0.0,0.0,0.0,-0.5424374938011169,True,nan,False,1.073306748367031e-06,0.01
gpomdp_logbarrier_handoff,708,903,1203572,0.0,False,56.654483795166016,1.5730098485946655,0.0,56.654483795166016,1071.48193359375,0.0,0.0,0.0,-0.56561279296875,True,nan,False,1.1167988986926503e-06,0.01
gpomdp_logbarrier_handoff,708,904,1204225,0.0,False,108.83055877685547,1.5611307621002197,0.0,108.83055877685547,777.4724731445312,0.0,0.0,0.0,-0.0571955144405365,True,nan,False,4.57060878034099e-06,0.01
gpomdp_logbarrier_handoff,708,905,1204856,0.0,False,100.35382080078125,1.5847187042236328,0.0,100.35382080078125,1175.44189453125,0.0,0.0,0.0,-0.04279662296175957,True,nan,False,7.190727501438232e-06,0.01
gpomdp_logbarrier_handoff,708,906,1205554,0.0,False,150.54930114746094,1.6051698923110962,0.0,150.54930114746094,1589.9141845703125,0.0,0.0,0.0,0.13933801651000977,True,nan,False,7.458744221366942e-06,0.01
gpomdp_logbarrier_handoff,708,907,1206307,0.0,False,67.3721923828125,1.5821090936660767,0.0,67.3721923828125,1365.51513671875,0.0,0.0,0.0,0.03730524331331253,True,nan,False,8.29308555694297e-06,0.01
gpomdp_logbarrier_handoff,708,908,1207032,0.0,False,74.37885284423828,1.6003233194351196,0.0,74.37885284423828,1276.85986328125,0.0,0.0,0.0,0.41386839747428894,True,nan,False,6.997758646321017e-06,0.01
gpomdp_logbarrier_handoff,708,909,1207733,0.0,False,155.49366760253906,1.6078065633773804,0.0,155.49366760253906,1909.7193603515625,0.0,0.0,0.0,-0.19400198757648468,True,nan,False,1.4903126611898188e-05,0.01
gpomdp_logbarrier_handoff,708,910,1208602,0.0,False,151.76666259765625,1.6217299699783325,0.0,151.76666259765625,1405.9427490234375,0.0,0.0,0.0,-0.010645492933690548,True,nan,False,2.618659163999837e-05,0.01
gpomdp_logbarrier_handoff,708,911,1209383,0.0,False,62.828712463378906,1.5873545408248901,0.0,62.828712463378906,1032.493408203125,0.0,0.0,0.0,-0.5662546753883362,True,nan,False,2.6971803890774027e-05,0.01
gpomdp_logbarrier_handoff,708,912,1210086,0.0,False,68.852783203125,1.5812832117080688,0.0,68.852783203125,690.038818359375,0.0,0.0,0.0,0.010449492372572422,True,nan,False,1.792331568140071e-05,0.01
gpomdp_logbarrier_handoff,708,913,1210706,0.0,False,112.3261489868164,1.5717281103134155,0.0,112.3261489868164,878.8084106445312,0.0,0.0,0.0,-0.23147712647914886,True,nan,False,7.266490229085321e-06,0.01
gpomdp_logbarrier_handoff,708,914,1211313,0.0,False,91.05711364746094,1.5923998355865479,0.0,91.05711364746094,1031.4412841796875,0.0,0.0,0.0,-0.42005908489227295,True,nan,False,1.2130059076298494e-05,0.01
gpomdp_logbarrier_handoff,708,915,1211965,0.0,False,142.83639526367188,1.5809307098388672,0.0,142.83639526367188,1072.09912109375,0.0,0.0,0.0,-0.13187342882156372,True,nan,False,3.1465806387132034e-06,0.01
gpomdp_logbarrier_handoff,708,916,1212599,0.0,False,60.27027893066406,1.602670669555664,0.0,60.27027893066406,1395.3436279296875,0.0,0.0,0.0,0.3407517075538635,True,nan,False,3.902142907463713e-06,0.01
gpomdp_logbarrier_handoff,708,917,1213255,0.0,False,85.98783874511719,1.6096932888031006,0.0,85.98783874511719,1214.249267578125,0.0,0.0,0.0,-0.17192581295967102,True,nan,False,1.676112447057676e-06,0.01
gpomdp_logbarrier_handoff,708,918,1214019,0.0,False,123.55184936523438,1.5745148658752441,0.0,123.55184936523438,1550.710693359375,0.0,0.0,0.0,-0.2347952127456665,True,nan,False,5.0923840717587154e-06,0.01
gpomdp_logbarrier_handoff,708,919,1214780,0.0,False,69.2018051147461,1.6041913032531738,0.0,69.2018051147461,744.65869140625,0.0,0.0,0.0,-0.011495698243379593,True,nan,False,5.504517957888311e-06,0.01
gpomdp_logbarrier_handoff,708,920,1215388,0.0,False,107.5756607055664,1.5848207473754883,0.0,107.5756607055664,930.772216796875,0.0,0.0,0.0,0.008058400824666023,True,nan,False,1.384541883453494e-05,0.01
gpomdp_logbarrier_handoff,708,921,1216000,0.0,False,47.332305908203125,1.6017707586288452,0.0,47.332305908203125,907.63818359375,0.0,0.0,0.0,0.0022336887195706367,True,nan,False,1.2256107766006608e-05,0.01
gpomdp_logbarrier_handoff,708,922,1216643,0.0,False,197.23207092285156,1.5899953842163086,0.0,197.23207092285156,1166.7801513671875,0.0,0.0,0.0,-0.28565382957458496,True,nan,False,2.9515665573853767e-06,0.01
gpomdp_logbarrier_handoff,708,923,1217288,0.0,False,112.88361358642578,1.5882012844085693,0.0,112.88361358642578,1052.0614013671875,0.0,0.0,0.0,-0.5052989721298218,True,nan,False,5.752639935963089e-06,0.01
gpomdp_logbarrier_handoff,708,924,1217979,0.0,False,111.98455047607422,1.5766630172729492,0.0,111.98455047607422,1262.0068359375,0.0,0.0,0.0,0.23517264425754547,True,nan,False,5.851780770171899e-06,0.01
gpomdp_logbarrier_handoff,708,925,1218618,0.0,False,52.647056579589844,1.5679197311401367,0.0,52.647056579589844,1196.771240234375,0.0,0.0,0.0,-0.0691937506198883,True,nan,False,2.62887442659121e-06,0.01
gpomdp_logbarrier_handoff,708,926,1219269,0.0,False,66.67510986328125,1.5829973220825195,0.0,66.67510986328125,1617.7769775390625,0.0,0.0,0.0,-0.08712345361709595,True,nan,False,2.78399738817825e-06,0.01
gpomdp_logbarrier_handoff,708,927,1219953,0.0,False,54.02226638793945,1.5976462364196777,0.0,54.02226638793945,1123.501220703125,0.0,0.0,0.0,-0.1015138253569603,True,nan,False,3.1853678592597134e-06,0.01
gpomdp_logbarrier_handoff,708,928,1220589,0.0,False,57.57468032836914,1.6117277145385742,0.0,57.57468032836914,961.6666259765625,0.0,0.0,0.0,-0.11392796784639359,True,nan,False,2.704608732528868e-06,0.01
gpomdp_logbarrier_handoff,708,929,1221222,0.0,False,63.404659271240234,1.5994619131088257,0.0,63.404659271240234,1303.138671875,0.0,0.0,0.0,0.3438210189342499,True,nan,False,3.673793344205478e-06,0.01
gpomdp_logbarrier_handoff,708,930,1221907,0.0,False,80.91361236572266,1.6001514196395874,0.0,80.91361236572266,1010.1279907226562,0.0,0.0,0.0,-0.07256697118282318,True,nan,False,5.082684992885333e-07,0.01
gpomdp_logbarrier_handoff,708,931,1222560,0.0,False,79.1798324584961,1.601444959640503,0.0,79.1798324584961,1517.633544921875,0.0,0.0,0.0,-0.23407962918281555,True,nan,False,1.590123247297015e-06,0.01
gpomdp_logbarrier_handoff,708,932,1223287,0.0,False,91.57734680175781,1.5788896083831787,0.0,91.57734680175781,910.5745849609375,0.0,0.0,0.0,-0.13291198015213013,True,nan,False,1.3782718042421038e-06,0.01
gpomdp_logbarrier_handoff,708,933,1223902,0.0,False,101.84222412109375,1.6043457984924316,0.0,101.84222412109375,1015.7337036132812,0.0,0.0,0.0,-0.03200942650437355,True,nan,False,5.290093213261571e-06,0.01
gpomdp_logbarrier_handoff,708,934,1224544,0.0,False,90.89744567871094,1.5875693559646606,0.0,90.89744567871094,1118.3629150390625,0.0,0.0,0.0,-0.4146122932434082,True,nan,False,8.424541192653123e-06,0.01
gpomdp_logbarrier_handoff,708,935,1225250,0.0,False,101.08802795410156,1.6071964502334595,0.0,101.08802795410156,1014.3991088867188,0.0,0.0,0.0,0.3680821359157562,True,nan,False,1.4693011507915799e-05,0.01
gpomdp_logbarrier_handoff,708,936,1225925,0.0,False,65.87944793701172,1.6131528615951538,0.0,65.87944793701172,1450.6201171875,0.0,0.0,0.0,-0.21467050909996033,True,nan,False,8.495369911543094e-06,0.01
gpomdp_logbarrier_handoff,708,937,1226649,0.0,False,86.9448013305664,1.5947364568710327,0.0,86.9448013305664,867.7307739257812,0.0,0.0,0.0,-0.11658207327127457,True,nan,False,2.2185486159287393e-06,0.01
gpomdp_logbarrier_handoff,708,938,1227255,0.0,False,67.68939208984375,1.6102714538574219,0.0,67.68939208984375,1127.12158203125,0.0,0.0,0.0,0.04946216195821762,True,nan,False,1.0049610636997386e-06,0.01
gpomdp_logbarrier_handoff,708,939,1227944,0.0,False,108.67543029785156,1.5755764245986938,0.0,108.67543029785156,1015.1381225585938,0.0,0.0,0.0,0.008201410062611103,True,nan,False,2.6214393074042164e-06,0.01
gpomdp_logbarrier_handoff,708,940,1228545,0.0,False,72.24821472167969,1.5933054685592651,0.0,72.24821472167969,854.9191284179688,0.0,0.0,0.0,0.32905101776123047,True,nan,False,3.21524595392475e-07,0.01
gpomdp_logbarrier_handoff,708,941,1229209,0.0,False,142.65866088867188,1.5913221836090088,0.0,142.65866088867188,1094.222412109375,0.0,0.0,0.0,0.27510836720466614,True,nan,False,3.1433853564521996e-06,0.01
gpomdp_logbarrier_handoff,708,942,1229857,0.0,False,40.028961181640625,1.5986994504928589,0.0,40.028961181640625,859.34375,0.0,0.0,0.0,-0.2321842610836029,True,nan,False,3.3148123748105718e-06,0.01
gpomdp_logbarrier_handoff,708,943,1230501,0.0,False,101.86534118652344,1.5879051685333252,0.0,101.86534118652344,1326.0279541015625,0.0,0.0,0.0,0.047798484563827515,True,nan,False,8.131226422847249e-06,0.01
gpomdp_logbarrier_handoff,708,944,1231239,0.0,False,192.43576049804688,1.6120120286941528,0.0,192.43576049804688,1278.532470703125,0.0,0.0,0.0,0.07248511165380478,True,nan,False,3.2556778023717925e-05,0.01
gpomdp_logbarrier_handoff,708,945,1231969,0.0,False,159.33914184570312,1.5873275995254517,0.0,159.33914184570312,1310.59912109375,0.0,0.0,0.0,-0.4907512664794922,True,nan,False,1.6006493751774542e-05,0.01
gpomdp_logbarrier_handoff,708,946,1232643,0.0,False,50.42404556274414,1.6024459600448608,0.0,50.42404556274414,1421.4334716796875,0.0,0.0,0.0,-0.04089467227458954,True,nan,False,1.154915753431851e-05,0.01
gpomdp_logbarrier_handoff,708,947,1233346,0.0,False,103.7199478149414,1.6049960851669312,0.0,103.7199478149414,1231.6273193359375,0.0,0.0,0.0,0.18702460825443268,True,nan,False,1.4100765838520601e-05,0.01
gpomdp_logbarrier_handoff,708,948,1234007,0.0,False,176.78475952148438,1.6180914640426636,0.0,176.78475952148438,1143.540283203125,0.0,0.0,0.0,-0.005936661269515753,True,nan,False,1.456002678423829e-06,0.01
gpomdp_logbarrier_handoff,708,949,1234743,0.0,False,128.69815063476562,1.647402286529541,0.0,128.69815063476562,1263.2384033203125,0.0,0.0,0.0,-0.0971219390630722,True,nan,False,8.071705224210746e-07,0.01
gpomdp_logbarrier_handoff,708,950,1235531,0.0,False,117.63189697265625,1.5856003761291504,0.0,117.63189697265625,746.671142578125,0.0,0.0,0.0,0.03098471648991108,True,nan,False,3.276128381912713e-06,0.01
gpomdp_logbarrier_handoff,708,951,1236192,0.0,False,137.55140686035156,1.6094857454299927,0.0,137.55140686035156,881.0554809570312,0.0,0.0,0.0,-0.023855628445744514,True,nan,False,1.329463157162536e-05,0.01
gpomdp_logbarrier_handoff,708,952,1236807,0.0,False,156.34930419921875,1.5872516632080078,0.0,156.34930419921875,1145.1180419921875,0.0,0.0,0.0,0.04483107104897499,True,nan,False,3.977835876867175e-05,0.01
gpomdp_logbarrier_handoff,708,953,1237494,0.0,False,128.19467163085938,1.642985463142395,0.0,128.19467163085938,1297.228271484375,0.0,0.0,0.0,0.0025516231544315815,True,nan,False,1.0406875844637398e-05,0.01
gpomdp_logbarrier_handoff,708,954,1238223,0.0,False,134.0048370361328,1.5977647304534912,0.0,134.0048370361328,1413.0869140625,0.0,0.0,0.0,-0.018291743472218513,True,nan,False,3.1978084734873846e-05,0.01
gpomdp_logbarrier_handoff,708,955,1238949,0.0,False,93.01167297363281,1.6906293630599976,0.0,93.01167297363281,1395.0614013671875,0.0,0.0,0.0,-0.30511629581451416,True,nan,False,1.4292913874669466e-05,0.01
gpomdp_logbarrier_handoff,708,956,1239792,0.0,False,172.3511199951172,1.6007330417633057,0.0,172.3511199951172,1374.297607421875,0.0,0.0,0.0,0.05858469754457474,True,nan,False,4.427729800227098e-05,0.01
gpomdp_logbarrier_handoff,708,957,1240491,0.0,False,49.104976654052734,1.6036840677261353,0.0,49.104976654052734,704.1732788085938,0.0,0.0,0.0,-0.26353129744529724,True,nan,False,2.7527372367330827e-05,0.01
gpomdp_logbarrier_handoff,708,958,1241075,0.0,False,143.94943237304688,1.6150158643722534,0.0,143.94943237304688,1106.8876953125,0.0,0.0,0.0,0.09366350620985031,True,nan,False,9.218184459314216e-06,0.01
gpomdp_logbarrier_handoff,708,959,1241763,0.0,False,66.05384063720703,1.6078178882598877,0.0,66.05384063720703,878.9778442382812,0.0,0.0,0.0,0.5306696891784668,True,nan,False,8.280414476757869e-06,0.01
gpomdp_logbarrier_handoff,708,960,1242456,0.0,False,61.44158172607422,1.6245883703231812,0.0,61.44158172607422,1369.6932373046875,0.0,0.0,0.0,-0.2885735332965851,True,nan,False,3.5640414353110828e-06,0.01
gpomdp_logbarrier_handoff,708,961,1243240,0.0,False,80.90518188476562,1.6490981578826904,0.0,80.90518188476562,1539.6156005859375,0.0,0.0,0.0,-0.5487917065620422,True,nan,False,4.221269136905903e-06,0.01
gpomdp_logbarrier_handoff,708,962,1244042,0.0,False,141.42181396484375,1.6732919216156006,0.0,141.42181396484375,2381.7509765625,0.0,0.0,0.0,0.32265955209732056,True,nan,False,8.616441846243106e-06,0.01
gpomdp_logbarrier_handoff,708,963,1245004,0.0,False,84.95960235595703,1.6320832967758179,0.0,84.95960235595703,1656.0289306640625,0.0,0.0,0.0,0.23539653420448303,True,nan,False,5.2187197070452385e-06,0.01
gpomdp_logbarrier_handoff,708,964,1245805,0.0,False,108.19934844970703,1.59446120262146,0.0,108.19934844970703,1302.6083984375,0.0,0.0,0.0,-0.2255784422159195,True,nan,False,1.5051569789648056e-05,0.01
gpomdp_logbarrier_handoff,708,965,1246493,0.0,False,66.32609558105469,1.618619680404663,0.0,66.32609558105469,1247.66015625,0.0,0.0,0.0,0.3924613296985626,True,nan,False,9.383043106936384e-06,0.01
gpomdp_logbarrier_handoff,708,966,1247134,0.0,False,78.74600982666016,1.5988174676895142,0.0,78.74600982666016,1109.42919921875,0.0,0.0,0.0,0.1049925833940506,True,nan,False,3.1316897093347507e-06,0.01
gpomdp_logbarrier_handoff,708,967,1247760,0.0,False,83.14783477783203,1.6392167806625366,0.0,83.14783477783203,990.2377319335938,0.0,0.0,0.0,-0.3645782768726349,True,nan,False,5.289556156640174e-06,0.01
gpomdp_logbarrier_handoff,708,968,1248404,0.0,False,87.19440460205078,1.6364669799804688,0.0,87.19440460205078,1308.9547119140625,0.0,0.0,0.0,0.0486164316534996,True,nan,False,5.440972927317489e-06,0.01
gpomdp_logbarrier_handoff,708,969,1249148,0.0,False,89.769287109375,1.6043758392333984,0.0,89.769287109375,991.3685302734375,0.0,0.0,0.0,-0.030170094221830368,True,nan,False,1.2752985639963299e-05,0.01
gpomdp_logbarrier_handoff,708,970,1249829,0.0,False,94.11952209472656,1.6426305770874023,0.0,94.11952209472656,1732.7078857421875,0.0,0.0,0.0,0.1397743970155716,True,nan,False,1.7195950931636617e-05,0.01
gpomdp_logbarrier_handoff,708,971,1250687,0.0,False,138.24044799804688,1.6209486722946167,0.0,138.24044799804688,1436.2132568359375,0.0,0.0,0.0,-0.28135862946510315,True,nan,False,1.7053318515536375e-05,0.01
gpomdp_logbarrier_handoff,708,972,1251412,0.0,False,83.5605697631836,1.643829584121704,0.0,83.5605697631836,1255.1361083984375,0.0,0.0,0.0,-0.03497980162501335,True,nan,False,1.4000338524056133e-05,0.01
gpomdp_logbarrier_handoff,708,973,1252170,0.0,False,132.697509765625,1.6010191440582275,0.0,132.697509765625,1021.576416015625,0.0,0.0,0.0,-0.14203837513923645,True,nan,False,3.790532900893595e-06,0.01
gpomdp_logbarrier_handoff,708,974,1252893,0.0,False,129.66860961914062,1.6289836168289185,0.0,129.66860961914062,1388.138427734375,0.0,0.0,0.0,0.12741407752037048,True,nan,False,1.2099269497412024e-06,0.01
gpomdp_logbarrier_handoff,708,975,1253653,0.0,False,99.5159683227539,1.6067209243774414,0.0,99.5159683227539,909.842529296875,0.0,0.0,0.0,0.11429350823163986,True,nan,False,3.275286644566222e-06,0.01
gpomdp_logbarrier_handoff,708,976,1254283,0.0,False,109.64119720458984,1.6213328838348389,0.0,109.64119720458984,1166.6534423828125,0.0,0.0,0.0,-0.07689187675714493,True,nan,False,1.51278607063432e-06,0.01
gpomdp_logbarrier_handoff,708,977,1254976,0.0,False,70.93392944335938,1.6335711479187012,0.0,70.93392944335938,1683.597900390625,0.0,0.0,0.0,0.3864861726760864,True,nan,False,1.5086515077200602e-06,0.01
gpomdp_logbarrier_handoff,708,978,1255747,0.0,False,94.54505920410156,1.6249592304229736,0.0,94.54505920410156,1164.3419189453125,0.0,0.0,0.0,-0.23527981340885162,True,nan,False,3.851706424029544e-06,0.01
gpomdp_logbarrier_handoff,708,979,1256459,0.0,False,70.47323608398438,1.5952515602111816,0.0,70.47323608398438,1374.5379638671875,0.0,0.0,0.0,-0.30761662125587463,True,nan,False,4.979216100764461e-06,0.01
gpomdp_logbarrier_handoff,708,980,1257144,0.0,False,117.89295959472656,1.6241105794906616,0.0,117.89295959472656,840.948486328125,0.0,0.0,0.0,0.11505146324634552,True,nan,False,9.765338290890213e-06,0.01
gpomdp_logbarrier_handoff,708,981,1257819,0.0,False,99.3751449584961,1.6076853275299072,0.0,99.3751449584961,708.0802001953125,0.0,0.0,0.0,0.08589277416467667,True,nan,False,1.883905497379601e-05,0.01
gpomdp_logbarrier_handoff,708,982,1258479,0.0,False,44.64588165283203,1.6063673496246338,0.0,44.64588165283203,1136.77392578125,0.0,0.0,0.0,0.2167321741580963,True,nan,False,1.241828613274265e-05,0.01
gpomdp_logbarrier_handoff,708,983,1259133,0.0,False,125.80414581298828,1.653753399848938,0.0,125.80414581298828,1677.36962890625,0.0,0.0,0.0,0.19792062044143677,True,nan,False,1.206861088576261e-05,0.01
gpomdp_logbarrier_handoff,708,984,1259916,0.0,False,70.53937530517578,1.6971118450164795,0.0,70.53937530517578,1479.6097412109375,0.0,0.0,0.0,-0.4563964307308197,True,nan,False,8.319209882756695e-06,0.01
gpomdp_logbarrier_handoff,708,985,1260719,0.0,False,81.77104187011719,1.615465760231018,0.0,81.77104187011719,982.3607177734375,0.0,0.0,0.0,-0.3844275176525116,True,nan,False,5.420373327069683e-06,0.01
gpomdp_logbarrier_handoff,708,986,1261371,0.0,False,80.461181640625,1.6003838777542114,0.0,80.461181640625,1281.3946533203125,0.0,0.0,0.0,0.5411103963851929,True,nan,False,6.042077529855305e-06,0.01
gpomdp_logbarrier_handoff,708,987,1262075,0.0,False,146.0413055419922,1.6057889461517334,0.0,146.0413055419922,832.1776733398438,0.0,0.0,0.0,-0.11305493116378784,True,nan,False,3.6040546547155827e-06,0.01
gpomdp_logbarrier_handoff,708,988,1262738,0.0,False,118.578125,1.6964185237884521,0.0,118.578125,1944.8438720703125,0.0,0.0,0.0,0.1586054265499115,True,nan,False,7.431824542436516e-06,0.01
gpomdp_logbarrier_handoff,708,989,1263555,0.0,False,160.98171997070312,1.6296356916427612,0.0,160.98171997070312,1249.502197265625,0.0,0.0,0.0,0.1817302405834198,True,nan,False,3.2803475278342376e-06,0.01
gpomdp_logbarrier_handoff,708,990,1264326,0.0,False,101.22962951660156,1.5828555822372437,0.0,101.22962951660156,1118.302978515625,0.0,0.0,0.0,-0.5948446393013,True,nan,False,3.7408742628031177e-06,0.01
gpomdp_logbarrier_handoff,708,991,1264995,0.0,False,101.10928344726562,1.6057116985321045,0.0,101.10928344726562,1458.2025146484375,0.0,0.0,0.0,0.031018266454339027,True,nan,False,5.062337095296243e-06,0.01
gpomdp_logbarrier_handoff,708,992,1265700,0.0,False,117.96066284179688,1.6264410018920898,0.0,117.96066284179688,1413.691650390625,0.0,0.0,0.0,-0.03708988428115845,True,nan,False,3.815687705355231e-06,0.01
gpomdp_logbarrier_handoff,708,993,1266382,0.0,False,115.26622009277344,1.6015796661376953,0.0,115.26622009277344,1117.429931640625,0.0,0.0,0.0,-0.19188643991947174,True,nan,False,1.9488568341330392e-06,0.01
gpomdp_logbarrier_handoff,708,994,1267044,0.0,False,87.515869140625,1.6771512031555176,0.0,87.515869140625,1723.748779296875,0.0,0.0,0.0,0.14192762970924377,True,nan,False,3.884021680278238e-06,0.01
gpomdp_logbarrier_handoff,708,995,1267855,0.0,False,40.530643463134766,1.604828119277954,0.0,40.530643463134766,1007.4008178710938,0.0,0.0,0.0,0.25668853521347046,True,nan,False,2.68295639216376e-06,0.01
gpomdp_logbarrier_handoff,708,996,1268494,0.0,False,74.28515625,1.6136369705200195,0.0,74.28515625,1616.9427490234375,0.0,0.0,0.0,0.2637391686439514,True,nan,False,3.898051090800436e-06,0.01
gpomdp_logbarrier_handoff,708,997,1269226,0.0,False,155.4423065185547,1.6174964904785156,0.0,155.4423065185547,1088.1947021484375,0.0,0.0,0.0,-0.008410261943936348,True,nan,False,8.48715990287019e-06,0.01
gpomdp_logbarrier_handoff,708,998,1269861,0.0,False,75.41822814941406,1.6297003030776978,0.0,75.41822814941406,947.765625,0.0,0.0,0.0,-0.6794080138206482,True,nan,False,7.367599209828768e-06,0.01
gpomdp_logbarrier_handoff,708,999,1270507,0.0,False,212.16363525390625,1.6925628185272217,0.0,212.16363525390625,1840.704833984375,0.0,0.0,0.0,-0.033221885561943054,True,nan,False,4.824679308512714e-06,0.01
