Device       : cpu

========== GPOMDP LOSS ==========
states shape  = (128, 82, 11)
actions shape = (128, 82, 3)
rewards shape = (128, 82)
returns shape = (128, 82)
mask shape    = (128, 82)
log_probs shape = (128, 82)
valid steps = 3232
objective = -0.286044
loss = 0.286044
========== END GPOMDP DEBUG ==========


========== NPG PRECONDITIONING ==========
Fisher condition number  : 6.466e+02
||nat_g|| / ||g||        : 0.700
========== END NPG DEBUG ==========

/Users/adelella/Documents/Useful/More/pj/vanilla-policy-gradient/vpg/train.py:127: UserWarning: Converting a tensor with requires_grad=True to a scalar may lead to unexpected behavior.
Consider using tensor.detach() first. (Triggered internally at /Users/runner/work/pytorch/pytorch/torch/csrc/autograd/generated/python_variable_methods.cpp:839.)
  return float(torch.cat(grads).norm())
Iteration 0000 | train reward: 28.88 | best: 28.88 | KL: 9.786e-05 | std: 0.6066 | rollout: 1.953s | update: 0.115s | total: 2.068s | samples/s: 1563
Iteration 0001 | train reward: 25.98 | best: 28.88 | KL: 9.618e-05 | std: 0.6065 | rollout: 1.968s | update: 0.031s | total: 1.999s | samples/s: 1494
Iteration 0002 | train reward: 26.91 | best: 28.88 | KL: 6.509e-05 | std: 0.6065 | rollout: 1.991s | update: 0.059s | total: 2.049s | samples/s: 1509
Iteration 0003 | train reward: 27.51 | best: 28.88 | KL: 8.074e-05 | std: 0.6061 | rollout: 1.900s | update: 0.028s | total: 1.928s | samples/s: 1610
Iteration 0004 | train reward: 33.15 | best: 33.15 | KL: 9.446e-05 | std: 0.6060 | rollout: 2.058s | update: 0.109s | total: 2.166s | samples/s: 1657
Iteration 0005 | train reward: 32.34 | best: 33.15 | KL: 7.444e-05 | std: 0.6056 | rollout: 2.016s | update: 0.050s | total: 2.066s | samples/s: 1729
Iteration 0006 | train reward: 36.07 | best: 36.07 | KL: 1.066e-04 | std: 0.6053 | rollout: 1.791s | update: 0.029s | total: 1.820s | samples/s: 1983
Iteration 0007 | train reward: 43.77 | best: 43.77 | KL: 1.091e-04 | std: 0.6054 | rollout: 2.381s | update: 0.062s | total: 2.442s | samples/s: 1735
Iteration 0008 | train reward: 37.04 | best: 43.77 | KL: 9.710e-05 | std: 0.6052 | rollout: 2.522s | update: 0.097s | total: 2.619s | samples/s: 1432
Iteration 0009 | train reward: 34.93 | best: 43.77 | KL: 1.126e-04 | std: 0.6046 | rollout: 1.969s | update: 0.029s | total: 1.997s | samples/s: 1834
Iteration 0010 | train reward: 35.89 | best: 43.77 | KL: 8.651e-05 | std: 0.6045 | rollout: 2.363s | update: 0.022s | total: 2.385s | samples/s: 1487
Iteration 0011 | train reward: 46.67 | best: 46.67 | KL: 1.214e-04 | std: 0.6042 | rollout: 2.900s | update: 0.030s | total: 2.930s | samples/s: 1532
Iteration 0012 | train reward: 46.34 | best: 46.67 | KL: 1.022e-04 | std: 0.6042 | rollout: 2.563s | update: 0.030s | total: 2.594s | samples/s: 1717
Iteration 0013 | train reward: 44.46 | best: 46.67 | KL: 1.251e-04 | std: 0.6042 | rollout: 2.310s | update: 0.029s | total: 2.339s | samples/s: 1794
Iteration 0014 | train reward: 59.77 | best: 59.77 | KL: 1.651e-04 | std: 0.6037 | rollout: 2.717s | update: 0.131s | total: 2.848s | samples/s: 1875
Iteration 0015 | train reward: 52.88 | best: 59.77 | KL: 1.418e-04 | std: 0.6042 | rollout: 2.574s | update: 0.044s | total: 2.618s | samples/s: 1807
Iteration 0016 | train reward: 57.81 | best: 59.77 | KL: 1.499e-04 | std: 0.6038 | rollout: 3.047s | update: 0.036s | total: 3.083s | samples/s: 1689
Iteration 0017 | train reward: 68.40 | best: 68.40 | KL: 1.554e-04 | std: 0.6030 | rollout: 2.981s | update: 0.036s | total: 3.016s | samples/s: 1874
Iteration 0018 | train reward: 75.96 | best: 75.96 | KL: 1.917e-04 | std: 0.6028 | rollout: 3.311s | update: 0.195s | total: 3.507s | samples/s: 1761
Iteration 0019 | train reward: 70.57 | best: 75.96 | KL: 1.568e-04 | std: 0.6025 | rollout: 2.726s | update: 0.031s | total: 2.757s | samples/s: 2139
Iteration 0020 | train reward: 74.47 | best: 75.96 | KL: 1.991e-04 | std: 0.6023 | rollout: 2.695s | update: 0.068s | total: 2.763s | samples/s: 2239
Iteration 0021 | train reward: 80.30 | best: 80.30 | KL: 1.871e-04 | std: 0.6012 | rollout: 3.241s | update: 0.118s | total: 3.359s | samples/s: 1919
Iteration 0022 | train reward: 85.35 | best: 85.35 | KL: 2.450e-04 | std: 0.6007 | rollout: 3.206s | update: 0.039s | total: 3.245s | samples/s: 2088
Iteration 0023 | train reward: 93.44 | best: 93.44 | KL: 2.254e-04 | std: 0.5997 | rollout: 3.259s | update: 0.068s | total: 3.327s | samples/s: 2178
Iteration 0024 | train reward: 99.00 | best: 99.00 | KL: 1.968e-04 | std: 0.5983 | rollout: 3.264s | update: 0.026s | total: 3.290s | samples/s: 2267
Iteration 0025 | train reward: 96.03 | best: 99.00 | KL: 2.174e-04 | std: 0.5969 | rollout: 3.512s | update: 0.086s | total: 3.598s | samples/s: 2068
Iteration 0026 | train reward: 109.62 | best: 109.62 | KL: 2.424e-04 | std: 0.5951 | rollout: 3.292s | update: 0.147s | total: 3.438s | samples/s: 2314
Iteration 0027 | train reward: 102.14 | best: 109.62 | KL: 2.234e-04 | std: 0.5944 | rollout: 3.569s | update: 0.043s | total: 3.612s | samples/s: 2133
Iteration 0028 | train reward: 133.46 | best: 133.46 | KL: 2.537e-04 | std: 0.5938 | rollout: 4.737s | update: 0.176s | total: 4.913s | samples/s: 1949
Iteration 0029 | train reward: 132.32 | best: 133.46 | KL: 2.615e-04 | std: 0.5942 | rollout: 3.960s | update: 0.067s | total: 4.027s | samples/s: 2291
Iteration 0030 | train reward: 131.39 | best: 133.46 | KL: 2.698e-04 | std: 0.5921 | rollout: 3.576s | update: 0.173s | total: 3.749s | samples/s: 2459
Iteration 0031 | train reward: 148.12 | best: 148.12 | KL: 2.885e-04 | std: 0.5916 | rollout: 4.203s | update: 0.197s | total: 4.400s | samples/s: 2289
Iteration 0032 | train reward: 146.70 | best: 148.12 | KL: 2.142e-04 | std: 0.5911 | rollout: 3.431s | update: 0.125s | total: 3.556s | samples/s: 2791
Iteration 0033 | train reward: 156.61 | best: 156.61 | KL: 3.141e-04 | std: 0.5902 | rollout: 3.629s | update: 0.027s | total: 3.656s | samples/s: 2833
Iteration 0034 | train reward: 165.96 | best: 165.96 | KL: 2.854e-04 | std: 0.5889 | rollout: 4.234s | update: 0.051s | total: 4.285s | samples/s: 2570
Iteration 0035 | train reward: 171.83 | best: 171.83 | KL: 3.324e-04 | std: 0.5894 | rollout: 4.110s | update: 0.031s | total: 4.141s | samples/s: 2732
Iteration 0036 | train reward: 186.50 | best: 186.50 | KL: 1.902e-04 | std: 0.5894 | rollout: 3.835s | update: 0.123s | total: 3.958s | samples/s: 2992
Iteration 0037 | train reward: 181.00 | best: 186.50 | KL: 3.184e-04 | std: 0.5892 | rollout: 4.572s | update: 0.129s | total: 4.701s | samples/s: 2535
Iteration 0038 | train reward: 202.37 | best: 202.37 | KL: 1.685e-04 | std: 0.5877 | rollout: 4.930s | update: 0.180s | total: 5.110s | samples/s: 2506
Iteration 0039 | train reward: 197.32 | best: 202.37 | KL: 1.709e-04 | std: 0.5865 | rollout: 3.991s | update: 0.043s | total: 4.035s | samples/s: 3071
Iteration 0040 | train reward: 209.69 | best: 209.69 | KL: 1.607e-04 | std: 0.5865 | rollout: 4.551s | update: 0.049s | total: 4.601s | samples/s: 2880
Iteration 0041 | train reward: 203.31 | best: 209.69 | KL: 1.118e-04 | std: 0.5859 | rollout: 5.051s | update: 0.035s | total: 5.086s | samples/s: 2511
Iteration 0042 | train reward: 205.53 | best: 209.69 | KL: 1.924e-04 | std: 0.5847 | rollout: 4.589s | update: 0.247s | total: 4.836s | samples/s: 2695
Iteration 0043 | train reward: 213.21 | best: 213.21 | KL: 1.049e-04 | std: 0.5845 | rollout: 4.098s | update: 0.042s | total: 4.140s | samples/s: 3240
Iteration 0044 | train reward: 217.68 | best: 217.68 | KL: 1.259e-04 | std: 0.5849 | rollout: 4.348s | update: 0.084s | total: 4.432s | samples/s: 3087
Iteration 0045 | train reward: 213.20 | best: 217.68 | KL: 1.172e-04 | std: 0.5840 | rollout: 4.552s | update: 0.035s | total: 4.587s | samples/s: 2927
Iteration 0046 | train reward: 210.86 | best: 217.68 | KL: 1.424e-04 | std: 0.5827 | rollout: 3.756s | update: 0.119s | total: 3.875s | samples/s: 3390
Iteration 0047 | train reward: 218.64 | best: 218.64 | KL: 1.750e-04 | std: 0.5826 | rollout: 3.901s | update: 0.052s | total: 3.952s | samples/s: 3368
Iteration 0048 | train reward: 216.71 | best: 218.64 | KL: 1.465e-04 | std: 0.5831 | rollout: 3.989s | update: 0.042s | total: 4.031s | samples/s: 3335
Iteration 0049 | train reward: 219.99 | best: 219.99 | KL: 1.270e-04 | std: 0.5814 | rollout: 4.041s | update: 0.040s | total: 4.081s | samples/s: 3347
Iteration 0050 | train reward: 216.59 | best: 219.99 | KL: 7.780e-05 | std: 0.5803 | rollout: 4.156s | update: 0.061s | total: 4.218s | samples/s: 3132
Iteration 0051 | train reward: 214.60 | best: 219.99 | KL: 2.579e-04 | std: 0.5803 | rollout: 3.907s | update: 0.057s | total: 3.963s | samples/s: 3399
Iteration 0052 | train reward: 217.60 | best: 219.99 | KL: 1.780e-04 | std: 0.5796 | rollout: 3.732s | update: 0.033s | total: 3.765s | samples/s: 3540
Iteration 0053 | train reward: 218.79 | best: 219.99 | KL: 8.210e-05 | std: 0.5795 | rollout: 3.859s | update: 0.067s | total: 3.926s | samples/s: 3376
Iteration 0054 | train reward: 218.17 | best: 219.99 | KL: 1.235e-04 | std: 0.5805 | rollout: 4.640s | update: 0.133s | total: 4.773s | samples/s: 2791
Iteration 0055 | train reward: 215.34 | best: 219.99 | KL: 8.865e-05 | std: 0.5798 | rollout: 4.200s | update: 0.031s | total: 4.230s | samples/s: 3071
Iteration 0056 | train reward: 218.26 | best: 219.99 | KL: 1.059e-04 | std: 0.5790 | rollout: 4.504s | update: 0.106s | total: 4.610s | samples/s: 2867
Iteration 0057 | train reward: 216.54 | best: 219.99 | KL: 1.539e-04 | std: 0.5781 | rollout: 5.006s | update: 0.214s | total: 5.220s | samples/s: 2514
Iteration 0058 | train reward: 223.00 | best: 223.00 | KL: 1.306e-04 | std: 0.5783 | rollout: 4.499s | update: 0.118s | total: 4.618s | samples/s: 2922
Iteration 0059 | train reward: 217.49 | best: 223.00 | KL: 1.409e-04 | std: 0.5786 | rollout: 4.367s | update: 0.285s | total: 4.652s | samples/s: 2870
Iteration 0060 | train reward: 222.61 | best: 223.00 | KL: 1.954e-04 | std: 0.5782 | rollout: 3.738s | update: 0.128s | total: 3.866s | samples/s: 3493
Iteration 0061 | train reward: 221.93 | best: 223.00 | KL: 9.671e-05 | std: 0.5775 | rollout: 4.158s | update: 0.100s | total: 4.258s | samples/s: 3179
Iteration 0062 | train reward: 221.37 | best: 223.00 | KL: 2.473e-04 | std: 0.5779 | rollout: 3.831s | update: 0.122s | total: 3.953s | samples/s: 3406
Iteration 0063 | train reward: 223.57 | best: 223.57 | KL: 1.777e-04 | std: 0.5775 | rollout: 4.073s | update: 0.101s | total: 4.173s | samples/s: 3239
Iteration 0064 | train reward: 222.17 | best: 223.57 | KL: 1.095e-04 | std: 0.5788 | rollout: 3.762s | update: 0.052s | total: 3.814s | samples/s: 3513
Iteration 0065 | train reward: 221.27 | best: 223.57 | KL: 1.290e-04 | std: 0.5786 | rollout: 4.304s | update: 0.031s | total: 4.335s | samples/s: 3101
Iteration 0066 | train reward: 224.02 | best: 224.02 | KL: 1.355e-04 | std: 0.5789 | rollout: 4.371s | update: 0.038s | total: 4.409s | samples/s: 3120
Iteration 0067 | train reward: 224.30 | best: 224.30 | KL: 8.475e-05 | std: 0.5792 | rollout: 4.459s | update: 0.051s | total: 4.510s | samples/s: 3022
Iteration 0068 | train reward: 223.31 | best: 224.30 | KL: 1.490e-04 | std: 0.5795 | rollout: 4.211s | update: 0.138s | total: 4.349s | samples/s: 3116
Iteration 0069 | train reward: 221.78 | best: 224.30 | KL: 1.330e-04 | std: 0.5796 | rollout: 4.173s | update: 0.166s | total: 4.339s | samples/s: 3111
Iteration 0070 | train reward: 221.00 | best: 224.30 | KL: 1.899e-04 | std: 0.5785 | rollout: 4.133s | update: 0.089s | total: 4.222s | samples/s: 3175
Iteration 0071 | train reward: 224.99 | best: 224.99 | KL: 1.658e-04 | std: 0.5773 | rollout: 4.077s | update: 0.058s | total: 4.135s | samples/s: 3334
Iteration 0072 | train reward: 227.42 | best: 227.42 | KL: 1.039e-04 | std: 0.5775 | rollout: 4.067s | update: 0.078s | total: 4.145s | samples/s: 3371
Iteration 0073 | train reward: 225.38 | best: 227.42 | KL: 1.093e-04 | std: 0.5773 | rollout: 5.237s | update: 0.244s | total: 5.481s | samples/s: 2527
Iteration 0074 | train reward: 220.75 | best: 227.42 | KL: 1.283e-04 | std: 0.5766 | rollout: 3.936s | update: 0.100s | total: 4.036s | samples/s: 3348
Iteration 0075 | train reward: 224.95 | best: 227.42 | KL: 1.218e-04 | std: 0.5773 | rollout: 4.119s | update: 0.033s | total: 4.152s | samples/s: 3308
Iteration 0076 | train reward: 224.20 | best: 227.42 | KL: 1.353e-04 | std: 0.5756 | rollout: 3.959s | update: 0.060s | total: 4.019s | samples/s: 3419
Iteration 0077 | train reward: 226.25 | best: 227.42 | KL: 1.625e-04 | std: 0.5754 | rollout: 4.493s | update: 0.179s | total: 4.672s | samples/s: 2984
Iteration 0078 | train reward: 223.50 | best: 227.42 | KL: 6.791e-05 | std: 0.5747 | rollout: 3.997s | update: 0.060s | total: 4.057s | samples/s: 3396
Iteration 0079 | train reward: 228.51 | best: 228.51 | KL: 1.506e-04 | std: 0.5744 | rollout: 4.424s | update: 0.140s | total: 4.564s | samples/s: 3085
Iteration 0080 | train reward: 226.48 | best: 228.51 | KL: 8.991e-05 | std: 0.5747 | rollout: 4.117s | update: 0.083s | total: 4.200s | samples/s: 3381
Iteration 0081 | train reward: 228.09 | best: 228.51 | KL: 1.733e-04 | std: 0.5744 | rollout: 4.572s | update: 0.080s | total: 4.653s | samples/s: 3071
Iteration 0082 | train reward: 223.72 | best: 228.51 | KL: 7.785e-05 | std: 0.5746 | rollout: 3.499s | update: 0.120s | total: 3.618s | samples/s: 3774
Iteration 0083 | train reward: 224.27 | best: 228.51 | KL: 1.111e-04 | std: 0.5744 | rollout: 3.586s | update: 0.157s | total: 3.743s | samples/s: 3709
Iteration 0084 | train reward: 229.92 | best: 229.92 | KL: 2.026e-04 | std: 0.5742 | rollout: 4.560s | update: 0.055s | total: 4.614s | samples/s: 3127
Iteration 0085 | train reward: 227.39 | best: 229.92 | KL: 1.607e-04 | std: 0.5744 | rollout: 3.740s | update: 0.042s | total: 3.782s | samples/s: 3700
Iteration 0086 | train reward: 225.10 | best: 229.92 | KL: 1.736e-04 | std: 0.5749 | rollout: 4.144s | update: 0.062s | total: 4.206s | samples/s: 3326
Iteration 0087 | train reward: 234.11 | best: 234.11 | KL: 8.675e-05 | std: 0.5750 | rollout: 4.197s | update: 0.190s | total: 4.387s | samples/s: 3389
Iteration 0088 | train reward: 230.61 | best: 234.11 | KL: 9.828e-05 | std: 0.5742 | rollout: 4.426s | update: 0.168s | total: 4.594s | samples/s: 3157
Iteration 0089 | train reward: 230.07 | best: 234.11 | KL: 1.596e-04 | std: 0.5743 | rollout: 4.543s | update: 0.191s | total: 4.734s | samples/s: 3019
Iteration 0090 | train reward: 233.18 | best: 234.11 | KL: 1.746e-04 | std: 0.5738 | rollout: 4.685s | update: 0.107s | total: 4.792s | samples/s: 3080
Iteration 0091 | train reward: 230.73 | best: 234.11 | KL: 9.393e-05 | std: 0.5741 | rollout: 4.759s | update: 0.186s | total: 4.945s | samples/s: 2938
Iteration 0092 | train reward: 233.13 | best: 234.11 | KL: 2.439e-04 | std: 0.5742 | rollout: 4.650s | update: 0.075s | total: 4.725s | samples/s: 3138
Iteration 0093 | train reward: 229.74 | best: 234.11 | KL: 1.313e-04 | std: 0.5742 | rollout: 4.853s | update: 0.071s | total: 4.924s | samples/s: 2962
Iteration 0094 | train reward: 231.45 | best: 234.11 | KL: 1.327e-04 | std: 0.5749 | rollout: 4.175s | update: 0.070s | total: 4.245s | samples/s: 3452
Iteration 0095 | train reward: 233.35 | best: 234.11 | KL: 1.094e-04 | std: 0.5741 | rollout: 4.966s | update: 0.051s | total: 5.017s | samples/s: 2951
Iteration 0096 | train reward: 231.22 | best: 234.11 | KL: 1.430e-04 | std: 0.5736 | rollout: 4.691s | update: 0.131s | total: 4.822s | samples/s: 3007
Iteration 0097 | train reward: 231.00 | best: 234.11 | KL: 1.241e-04 | std: 0.5736 | rollout: 4.305s | update: 0.220s | total: 4.526s | samples/s: 3209
Iteration 0098 | train reward: 237.09 | best: 237.09 | KL: 1.607e-04 | std: 0.5729 | rollout: 5.444s | update: 0.161s | total: 5.605s | samples/s: 2697
Iteration 0099 | train reward: 233.30 | best: 237.09 | KL: 1.979e-04 | std: 0.5717 | rollout: 4.720s | update: 0.074s | total: 4.794s | samples/s: 3093
Iteration 0100 | train reward: 237.15 | best: 237.15 | KL: 6.544e-05 | std: 0.5716 | rollout: 5.396s | update: 0.285s | total: 5.681s | samples/s: 2672
Iteration 0101 | train reward: 237.11 | best: 237.15 | KL: 1.800e-04 | std: 0.5699 | rollout: 5.156s | update: 0.181s | total: 5.337s | samples/s: 2870
Iteration 0102 | train reward: 235.02 | best: 237.15 | KL: 1.035e-04 | std: 0.5701 | rollout: 4.298s | update: 0.049s | total: 4.347s | samples/s: 3447
Iteration 0103 | train reward: 239.39 | best: 239.39 | KL: 9.262e-05 | std: 0.5688 | rollout: 4.406s | update: 0.047s | total: 4.454s | samples/s: 3452
Iteration 0104 | train reward: 240.40 | best: 240.40 | KL: 1.044e-04 | std: 0.5684 | rollout: 4.778s | update: 0.215s | total: 4.993s | samples/s: 3090
Iteration 0105 | train reward: 241.29 | best: 241.29 | KL: 1.686e-04 | std: 0.5677 | rollout: 4.909s | update: 0.212s | total: 5.120s | samples/s: 3052
Iteration 0106 | train reward: 243.73 | best: 243.73 | KL: 2.385e-04 | std: 0.5685 | rollout: 4.545s | update: 0.114s | total: 4.659s | samples/s: 3402
Iteration 0107 | train reward: 244.80 | best: 244.80 | KL: 1.641e-04 | std: 0.5682 | rollout: 5.229s | update: 0.123s | total: 5.352s | samples/s: 2984
Iteration 0108 | train reward: 243.47 | best: 244.80 | KL: 1.326e-04 | std: 0.5679 | rollout: 5.259s | update: 0.072s | total: 5.331s | samples/s: 2981
Iteration 0109 | train reward: 245.08 | best: 245.08 | KL: 2.217e-04 | std: 0.5671 | rollout: 4.843s | update: 0.088s | total: 4.931s | samples/s: 3252
Iteration 0110 | train reward: 249.40 | best: 249.40 | KL: 1.746e-04 | std: 0.5682 | rollout: 4.538s | update: 0.072s | total: 4.610s | samples/s: 3607
Iteration 0111 | train reward: 252.54 | best: 252.54 | KL: 1.067e-04 | std: 0.5690 | rollout: 5.144s | update: 0.206s | total: 5.350s | samples/s: 3160
Iteration 0112 | train reward: 248.10 | best: 252.54 | KL: 1.806e-04 | std: 0.5677 | rollout: 4.589s | update: 0.177s | total: 4.766s | samples/s: 3437
Iteration 0113 | train reward: 254.27 | best: 254.27 | KL: 3.886e-04 | std: 0.5669 | rollout: 4.843s | update: 0.090s | total: 4.933s | samples/s: 3484
Iteration 0114 | train reward: 251.91 | best: 254.27 | KL: 2.119e-04 | std: 0.5664 | rollout: 4.936s | update: 0.077s | total: 5.014s | samples/s: 3402
Iteration 0115 | train reward: 253.25 | best: 254.27 | KL: 2.056e-04 | std: 0.5675 | rollout: 4.881s | update: 0.081s | total: 4.962s | samples/s: 3455
Iteration 0116 | train reward: 254.92 | best: 254.92 | KL: 1.597e-04 | std: 0.5669 | rollout: 6.102s | update: 0.131s | total: 6.233s | samples/s: 2788
Iteration 0117 | train reward: 253.16 | best: 254.92 | KL: 1.569e-04 | std: 0.5657 | rollout: 5.817s | update: 0.136s | total: 5.954s | samples/s: 2888
Iteration 0118 | train reward: 249.44 | best: 254.92 | KL: 2.421e-04 | std: 0.5651 | rollout: 5.057s | update: 0.045s | total: 5.102s | samples/s: 3256
Iteration 0119 | train reward: 257.94 | best: 257.94 | KL: 3.206e-04 | std: 0.5645 | rollout: 5.027s | update: 0.045s | total: 5.072s | samples/s: 3471
Iteration 0120 | train reward: 258.64 | best: 258.64 | KL: 2.147e-04 | std: 0.5632 | rollout: 5.203s | update: 0.078s | total: 5.282s | samples/s: 3347
Iteration 0121 | train reward: 261.87 | best: 261.87 | KL: 2.784e-04 | std: 0.5620 | rollout: 4.576s | update: 0.056s | total: 4.633s | samples/s: 3899
Iteration 0122 | train reward: 265.42 | best: 265.42 | KL: 2.109e-04 | std: 0.5613 | rollout: 5.217s | update: 0.053s | total: 5.270s | samples/s: 3492
Iteration 0123 | train reward: 262.76 | best: 265.42 | KL: 1.233e-04 | std: 0.5627 | rollout: 5.426s | update: 0.050s | total: 5.476s | samples/s: 3268
Iteration 0124 | train reward: 269.61 | best: 269.61 | KL: 2.500e-04 | std: 0.5623 | rollout: 6.004s | update: 0.064s | total: 6.067s | samples/s: 3112
Iteration 0125 | train reward: 272.23 | best: 272.23 | KL: 2.520e-04 | std: 0.5636 | rollout: 5.140s | update: 0.049s | total: 5.189s | samples/s: 3699
Iteration 0126 | train reward: 267.83 | best: 272.23 | KL: 1.292e-04 | std: 0.5650 | rollout: 5.470s | update: 0.045s | total: 5.515s | samples/s: 3370
Iteration 0127 | train reward: 272.90 | best: 272.90 | KL: 2.320e-04 | std: 0.5646 | rollout: 5.602s | update: 0.068s | total: 5.670s | samples/s: 3429
Iteration 0128 | train reward: 274.61 | best: 274.61 | KL: 2.271e-04 | std: 0.5644 | rollout: 5.808s | update: 0.050s | total: 5.858s | samples/s: 3366
Iteration 0129 | train reward: 284.01 | best: 284.01 | KL: 1.824e-04 | std: 0.5651 | rollout: 7.160s | update: 0.075s | total: 7.235s | samples/s: 2852
Iteration 0130 | train reward: 289.22 | best: 289.22 | KL: 3.142e-04 | std: 0.5650 | rollout: 6.055s | update: 0.065s | total: 6.121s | samples/s: 3447
Iteration 0131 | train reward: 296.08 | best: 296.08 | KL: 1.943e-04 | std: 0.5650 | rollout: 6.260s | update: 0.051s | total: 6.311s | samples/s: 3403
Iteration 0132 | train reward: 289.76 | best: 296.08 | KL: 2.423e-04 | std: 0.5652 | rollout: 5.951s | update: 0.053s | total: 6.004s | samples/s: 3485
Iteration 0133 | train reward: 303.53 | best: 303.53 | KL: 3.388e-04 | std: 0.5647 | rollout: 6.993s | update: 0.072s | total: 7.066s | samples/s: 3150
Iteration 0134 | train reward: 308.37 | best: 308.37 | KL: 3.414e-04 | std: 0.5646 | rollout: 7.450s | update: 0.070s | total: 7.519s | samples/s: 3060
Iteration 0135 | train reward: 318.92 | best: 318.92 | KL: 2.386e-04 | std: 0.5647 | rollout: 7.383s | update: 0.068s | total: 7.450s | samples/s: 3151
Iteration 0136 | train reward: 323.87 | best: 323.87 | KL: 4.801e-04 | std: 0.5637 | rollout: 7.575s | update: 0.159s | total: 7.734s | samples/s: 3095
Iteration 0137 | train reward: 337.58 | best: 337.58 | KL: 4.139e-04 | std: 0.5638 | rollout: 8.615s | update: 0.077s | total: 8.692s | samples/s: 2938
Iteration 0138 | train reward: 340.74 | best: 340.74 | KL: 5.171e-04 | std: 0.5638 | rollout: 8.537s | update: 0.097s | total: 8.634s | samples/s: 3025
Iteration 0139 | train reward: 358.07 | best: 358.07 | KL: 4.878e-04 | std: 0.5629 | rollout: 9.231s | update: 0.116s | total: 9.346s | samples/s: 2953
Iteration 0140 | train reward: 373.80 | best: 373.80 | KL: 4.944e-04 | std: 0.5638 | rollout: 9.553s | update: 0.328s | total: 9.881s | samples/s: 2856
Iteration 0141 | train reward: 367.71 | best: 373.80 | KL: 7.627e-04 | std: 0.5637 | rollout: 11.458s | update: 0.426s | total: 11.883s | samples/s: 2385
Iteration 0142 | train reward: 408.43 | best: 408.43 | KL: 6.146e-04 | std: 0.5639 | rollout: 10.965s | update: 0.138s | total: 11.103s | samples/s: 2857
Iteration 0143 | train reward: 411.58 | best: 411.58 | KL: 4.527e-04 | std: 0.5652 | rollout: 10.563s | update: 0.326s | total: 10.889s | samples/s: 2957
Iteration 0144 | train reward: 415.83 | best: 415.83 | KL: 7.624e-04 | std: 0.5647 | rollout: 10.584s | update: 0.126s | total: 10.710s | samples/s: 3023
Iteration 0145 | train reward: 452.87 | best: 452.87 | KL: 8.611e-04 | std: 0.5648 | rollout: 11.582s | update: 0.178s | total: 11.760s | samples/s: 2980
Iteration 0146 | train reward: 441.37 | best: 452.87 | KL: 6.126e-04 | std: 0.5654 | rollout: 9.445s | update: 0.205s | total: 9.650s | samples/s: 3442
Iteration 0147 | train reward: 437.46 | best: 452.87 | KL: 1.110e-03 | std: 0.5651 | rollout: 10.869s | update: 0.084s | total: 10.954s | samples/s: 3036
Iteration 0148 | train reward: 452.34 | best: 452.87 | KL: 4.803e-04 | std: 0.5650 | rollout: 9.724s | update: 0.308s | total: 10.032s | samples/s: 3382
Iteration 0149 | train reward: 454.32 | best: 454.32 | KL: 8.384e-04 | std: 0.5651 | rollout: 10.319s | update: 0.216s | total: 10.534s | samples/s: 3182
Iteration 0150 | train reward: 458.26 | best: 458.26 | KL: 5.978e-04 | std: 0.5650 | rollout: 10.342s | update: 0.089s | total: 10.431s | samples/s: 3261
Iteration 0151 | train reward: 459.97 | best: 459.97 | KL: 6.993e-04 | std: 0.5650 | rollout: 10.055s | update: 0.085s | total: 10.140s | samples/s: 3385
Iteration 0152 | train reward: 469.93 | best: 469.93 | KL: 4.737e-04 | std: 0.5648 | rollout: 10.531s | update: 0.097s | total: 10.628s | samples/s: 3293
Iteration 0153 | train reward: 465.19 | best: 469.93 | KL: 4.535e-04 | std: 0.5650 | rollout: 9.418s | update: 0.143s | total: 9.561s | samples/s: 3555
Iteration 0154 | train reward: 466.73 | best: 469.93 | KL: 3.604e-04 | std: 0.5648 | rollout: 10.165s | update: 0.237s | total: 10.402s | samples/s: 3307
Iteration 0155 | train reward: 470.74 | best: 470.74 | KL: 6.612e-04 | std: 0.5674 | rollout: 10.427s | update: 0.109s | total: 10.535s | samples/s: 3270
Iteration 0156 | train reward: 471.93 | best: 471.93 | KL: 5.345e-04 | std: 0.5667 | rollout: 10.875s | update: 0.294s | total: 11.168s | samples/s: 3071
Iteration 0157 | train reward: 474.91 | best: 474.91 | KL: 8.108e-04 | std: 0.5648 | rollout: 11.046s | update: 0.117s | total: 11.163s | samples/s: 3118
Iteration 0158 | train reward: 488.64 | best: 488.64 | KL: 4.077e-04 | std: 0.5648 | rollout: 11.067s | update: 0.152s | total: 11.219s | samples/s: 3172
Iteration 0159 | train reward: 486.85 | best: 488.64 | KL: 8.522e-04 | std: 0.5642 | rollout: 11.365s | update: 0.238s | total: 11.603s | samples/s: 3038
Iteration 0160 | train reward: 481.66 | best: 488.64 | KL: 8.656e-04 | std: 0.5648 | rollout: 9.399s | update: 0.384s | total: 9.782s | samples/s: 3496
Iteration 0161 | train reward: 485.23 | best: 488.64 | KL: 7.164e-04 | std: 0.5647 | rollout: 9.618s | update: 0.096s | total: 9.713s | samples/s: 3538
Iteration 0162 | train reward: 487.16 | best: 488.64 | KL: 5.482e-04 | std: 0.5651 | rollout: 9.800s | update: 0.089s | total: 9.889s | samples/s: 3436
Iteration 0163 | train reward: 490.93 | best: 490.93 | KL: 4.550e-04 | std: 0.5639 | rollout: 9.082s | update: 0.104s | total: 9.186s | samples/s: 3725
Iteration 0164 | train reward: 509.36 | best: 509.36 | KL: 5.286e-04 | std: 0.5635 | rollout: 10.744s | update: 0.125s | total: 10.869s | samples/s: 3235
Iteration 0165 | train reward: 514.00 | best: 514.00 | KL: 5.920e-04 | std: 0.5622 | rollout: 9.523s | update: 0.113s | total: 9.636s | samples/s: 3665
Iteration 0166 | train reward: 513.68 | best: 514.00 | KL: 5.604e-04 | std: 0.5625 | rollout: 9.650s | update: 0.091s | total: 9.741s | samples/s: 3556
Iteration 0167 | train reward: 527.22 | best: 527.22 | KL: 5.098e-04 | std: 0.5639 | rollout: 11.796s | update: 0.106s | total: 11.902s | samples/s: 3016
Iteration 0168 | train reward: 543.46 | best: 543.46 | KL: 4.395e-04 | std: 0.5635 | rollout: 10.398s | update: 0.125s | total: 10.523s | samples/s: 3515
Iteration 0169 | train reward: 540.83 | best: 543.46 | KL: 7.274e-04 | std: 0.5648 | rollout: 10.547s | update: 0.091s | total: 10.638s | samples/s: 3389
Iteration 0170 | train reward: 575.39 | best: 575.39 | KL: 7.005e-04 | std: 0.5648 | rollout: 11.337s | update: 0.105s | total: 11.441s | samples/s: 3339
Iteration 0171 | train reward: 590.04 | best: 590.04 | KL: 6.645e-04 | std: 0.5648 | rollout: 11.575s | update: 0.092s | total: 11.666s | samples/s: 3320
Iteration 0172 | train reward: 591.61 | best: 591.61 | KL: 4.695e-04 | std: 0.5628 | rollout: 10.750s | update: 0.323s | total: 11.073s | samples/s: 3441
Iteration 0173 | train reward: 628.20 | best: 628.20 | KL: 6.887e-04 | std: 0.5625 | rollout: 12.134s | update: 0.118s | total: 12.253s | samples/s: 3268
Iteration 0174 | train reward: 622.85 | best: 628.20 | KL: 5.864e-04 | std: 0.5638 | rollout: 11.584s | update: 0.093s | total: 11.677s | samples/s: 3278
Iteration 0175 | train reward: 662.01 | best: 662.01 | KL: 7.329e-04 | std: 0.5628 | rollout: 11.370s | update: 0.099s | total: 11.469s | samples/s: 3565
Iteration 0176 | train reward: 651.21 | best: 662.01 | KL: 9.484e-04 | std: 0.5622 | rollout: 11.190s | update: 0.106s | total: 11.296s | samples/s: 3539
Iteration 0177 | train reward: 679.75 | best: 679.75 | KL: 7.821e-04 | std: 0.5622 | rollout: 11.533s | update: 0.126s | total: 11.659s | samples/s: 3535
Iteration 0178 | train reward: 679.02 | best: 679.75 | KL: 1.018e-03 | std: 0.5613 | rollout: 11.564s | update: 0.107s | total: 11.671s | samples/s: 3468
Iteration 0179 | train reward: 731.34 | best: 731.34 | KL: 5.804e-04 | std: 0.5614 | rollout: 11.550s | update: 0.110s | total: 11.660s | samples/s: 3685
Iteration 0180 | train reward: 707.92 | best: 731.34 | KL: 7.669e-04 | std: 0.5625 | rollout: 11.074s | update: 0.327s | total: 11.401s | samples/s: 3595
Iteration 0181 | train reward: 731.51 | best: 731.51 | KL: 1.101e-03 | std: 0.5626 | rollout: 11.564s | update: 0.158s | total: 11.722s | samples/s: 3603
Iteration 0182 | train reward: 746.91 | best: 746.91 | KL: 8.092e-04 | std: 0.5628 | rollout: 11.897s | update: 0.158s | total: 12.055s | samples/s: 3538
Iteration 0183 | train reward: 779.61 | best: 779.61 | KL: 5.749e-04 | std: 0.5624 | rollout: 12.044s | update: 0.191s | total: 12.235s | samples/s: 3583
Iteration 0184 | train reward: 760.32 | best: 779.61 | KL: 5.700e-04 | std: 0.5634 | rollout: 11.793s | update: 0.124s | total: 11.917s | samples/s: 3611
Iteration 0185 | train reward: 793.74 | best: 793.74 | KL: 6.777e-04 | std: 0.5622 | rollout: 11.695s | update: 0.178s | total: 11.874s | samples/s: 3695
Iteration 0186 | train reward: 783.28 | best: 793.74 | KL: 9.128e-04 | std: 0.5616 | rollout: 11.529s | update: 0.164s | total: 11.693s | samples/s: 3736
Iteration 0187 | train reward: 810.66 | best: 810.66 | KL: 5.759e-04 | std: 0.5614 | rollout: 11.866s | update: 0.130s | total: 11.996s | samples/s: 3711
Iteration 0188 | train reward: 846.99 | best: 846.99 | KL: 7.566e-04 | std: 0.5615 | rollout: 11.967s | update: 0.165s | total: 12.132s | samples/s: 3850
Iteration 0189 | train reward: 835.60 | best: 846.99 | KL: 9.129e-04 | std: 0.5616 | rollout: 12.281s | update: 0.180s | total: 12.462s | samples/s: 3641
Iteration 0190 | train reward: 822.04 | best: 846.99 | KL: 9.777e-04 | std: 0.5616 | rollout: 12.053s | update: 0.193s | total: 12.246s | samples/s: 3618
Iteration 0191 | train reward: 843.82 | best: 846.99 | KL: 5.556e-04 | std: 0.5617 | rollout: 11.915s | update: 0.122s | total: 12.037s | samples/s: 3786
Iteration 0192 | train reward: 857.56 | best: 857.56 | KL: 6.777e-04 | std: 0.5597 | rollout: 11.890s | update: 0.219s | total: 12.109s | samples/s: 3819
Iteration 0193 | train reward: 886.73 | best: 886.73 | KL: 8.331e-04 | std: 0.5614 | rollout: 12.075s | update: 0.156s | total: 12.231s | samples/s: 3823
Iteration 0194 | train reward: 887.93 | best: 887.93 | KL: 8.193e-04 | std: 0.5590 | rollout: 12.079s | update: 0.161s | total: 12.240s | samples/s: 3781
Iteration 0195 | train reward: 890.28 | best: 890.28 | KL: 9.333e-04 | std: 0.5582 | rollout: 12.387s | update: 0.115s | total: 12.502s | samples/s: 3668
Iteration 0196 | train reward: 887.38 | best: 890.28 | KL: 9.418e-04 | std: 0.5564 | rollout: 11.987s | update: 0.247s | total: 12.234s | samples/s: 3697
Iteration 0197 | train reward: 893.64 | best: 893.64 | KL: 6.534e-04 | std: 0.5574 | rollout: 12.335s | update: 0.189s | total: 12.524s | samples/s: 3629
Iteration 0198 | train reward: 936.51 | best: 936.51 | KL: 9.239e-04 | std: 0.5573 | rollout: 13.221s | update: 0.277s | total: 13.497s | samples/s: 3481
Iteration 0199 | train reward: 910.50 | best: 936.51 | KL: 7.041e-04 | std: 0.5558 | rollout: 12.706s | update: 0.252s | total: 12.958s | samples/s: 3484
Iteration 0200 | train reward: 947.92 | best: 947.92 | KL: 7.689e-04 | std: 0.5547 | rollout: 12.731s | update: 0.116s | total: 12.847s | samples/s: 3708
Iteration 0201 | train reward: 952.09 | best: 952.09 | KL: 7.872e-04 | std: 0.5576 | rollout: 12.283s | update: 0.390s | total: 12.673s | samples/s: 3806
Iteration 0202 | train reward: 980.75 | best: 980.75 | KL: 7.128e-04 | std: 0.5565 | rollout: 12.555s | update: 0.144s | total: 12.699s | samples/s: 3844
Iteration 0203 | train reward: 946.67 | best: 980.75 | KL: 5.711e-04 | std: 0.5583 | rollout: 12.495s | update: 0.176s | total: 12.671s | samples/s: 3774
Iteration 0204 | train reward: 1008.14 | best: 1008.14 | KL: 9.170e-04 | std: 0.5573 | rollout: 13.034s | update: 0.302s | total: 13.336s | samples/s: 3727
Iteration 0205 | train reward: 978.83 | best: 1008.14 | KL: 8.682e-04 | std: 0.5555 | rollout: 13.444s | update: 0.253s | total: 13.697s | samples/s: 3550
Iteration 0206 | train reward: 990.69 | best: 1008.14 | KL: 1.082e-03 | std: 0.5549 | rollout: 13.397s | update: 0.214s | total: 13.610s | samples/s: 3580
Iteration 0207 | train reward: 963.23 | best: 1008.14 | KL: 1.131e-03 | std: 0.5555 | rollout: 13.102s | update: 0.389s | total: 13.491s | samples/s: 3527
Iteration 0208 | train reward: 1000.75 | best: 1008.14 | KL: 7.573e-04 | std: 0.5544 | rollout: 12.896s | update: 0.362s | total: 13.258s | samples/s: 3691
Iteration 0209 | train reward: 1019.92 | best: 1019.92 | KL: 8.544e-04 | std: 0.5521 | rollout: 12.438s | update: 0.231s | total: 12.669s | samples/s: 3877
Iteration 0210 | train reward: 997.73 | best: 1019.92 | KL: 1.066e-03 | std: 0.5523 | rollout: 12.760s | update: 0.302s | total: 13.062s | samples/s: 3679
Iteration 0211 | train reward: 1038.09 | best: 1038.09 | KL: 7.230e-04 | std: 0.5529 | rollout: 12.503s | update: 0.129s | total: 12.631s | samples/s: 3985
Iteration 0212 | train reward: 1042.40 | best: 1042.40 | KL: 7.726e-04 | std: 0.5523 | rollout: 12.297s | update: 0.152s | total: 12.448s | samples/s: 4034
Iteration 0213 | train reward: 1008.42 | best: 1042.40 | KL: 1.507e-03 | std: 0.5521 | rollout: 12.323s | update: 0.390s | total: 12.713s | samples/s: 3852
Iteration 0214 | train reward: 1041.36 | best: 1042.40 | KL: 8.653e-04 | std: 0.5523 | rollout: 12.088s | update: 0.233s | total: 12.321s | samples/s: 4084
Iteration 0215 | train reward: 1067.02 | best: 1067.02 | KL: 6.297e-04 | std: 0.5521 | rollout: 12.361s | update: 0.130s | total: 12.492s | samples/s: 4095
Iteration 0216 | train reward: 1054.92 | best: 1067.02 | KL: 1.065e-03 | std: 0.5513 | rollout: 12.292s | update: 0.129s | total: 12.420s | samples/s: 4085
Iteration 0217 | train reward: 1079.17 | best: 1079.17 | KL: 7.045e-04 | std: 0.5502 | rollout: 12.470s | update: 0.241s | total: 12.711s | samples/s: 4094
Iteration 0218 | train reward: 1101.25 | best: 1101.25 | KL: 1.127e-03 | std: 0.5497 | rollout: 13.719s | update: 0.285s | total: 14.004s | samples/s: 3781
Iteration 0219 | train reward: 1094.25 | best: 1101.25 | KL: 5.757e-04 | std: 0.5502 | rollout: 12.899s | update: 0.125s | total: 13.025s | samples/s: 4017
Iteration 0220 | train reward: 1076.22 | best: 1101.25 | KL: 9.605e-04 | std: 0.5503 | rollout: 12.323s | update: 0.265s | total: 12.588s | samples/s: 4057
Iteration 0221 | train reward: 1078.85 | best: 1101.25 | KL: 9.257e-04 | std: 0.5511 | rollout: 13.003s | update: 0.143s | total: 13.145s | samples/s: 3904
Iteration 0222 | train reward: 1090.62 | best: 1101.25 | KL: 1.346e-03 | std: 0.5513 | rollout: 12.652s | update: 0.216s | total: 12.868s | samples/s: 3993
Iteration 0223 | train reward: 1072.28 | best: 1101.25 | KL: 1.124e-03 | std: 0.5505 | rollout: 12.496s | update: 0.155s | total: 12.651s | samples/s: 4000
Iteration 0224 | train reward: 1084.11 | best: 1101.25 | KL: 4.267e-04 | std: 0.5492 | rollout: 12.350s | update: 0.485s | total: 12.834s | samples/s: 3982
Iteration 0225 | train reward: 1099.81 | best: 1101.25 | KL: 1.109e-03 | std: 0.5495 | rollout: 12.594s | update: 0.182s | total: 12.776s | samples/s: 4040
Iteration 0226 | train reward: 1103.98 | best: 1103.98 | KL: 1.281e-03 | std: 0.5479 | rollout: 12.455s | update: 0.246s | total: 12.700s | samples/s: 4077
Iteration 0227 | train reward: 1132.52 | best: 1132.52 | KL: 8.663e-04 | std: 0.5469 | rollout: 12.401s | update: 0.134s | total: 12.536s | samples/s: 4233
Iteration 0228 | train reward: 1163.23 | best: 1163.23 | KL: 6.400e-04 | std: 0.5487 | rollout: 12.410s | update: 0.133s | total: 12.543s | samples/s: 4365
Iteration 0229 | train reward: 1150.90 | best: 1163.23 | KL: 7.833e-04 | std: 0.5468 | rollout: 12.409s | update: 0.133s | total: 12.542s | samples/s: 4311
Iteration 0230 | train reward: 1168.52 | best: 1168.52 | KL: 7.521e-04 | std: 0.5460 | rollout: 12.498s | update: 0.226s | total: 12.724s | samples/s: 4296
Iteration 0231 | train reward: 1147.85 | best: 1168.52 | KL: 1.122e-03 | std: 0.5452 | rollout: 12.669s | update: 0.143s | total: 12.812s | samples/s: 4145
Iteration 0232 | train reward: 1137.89 | best: 1168.52 | KL: 7.787e-04 | std: 0.5461 | rollout: 12.409s | update: 0.379s | total: 12.788s | samples/s: 4129
Iteration 0233 | train reward: 1164.22 | best: 1168.52 | KL: 7.615e-04 | std: 0.5468 | rollout: 12.182s | update: 0.172s | total: 12.354s | samples/s: 4380
Iteration 0234 | train reward: 1177.81 | best: 1177.81 | KL: 8.789e-04 | std: 0.5467 | rollout: 12.463s | update: 0.370s | total: 12.834s | samples/s: 4253
Iteration 0235 | train reward: 1161.35 | best: 1177.81 | KL: 8.174e-04 | std: 0.5443 | rollout: 12.108s | update: 0.154s | total: 12.262s | samples/s: 4404
Iteration 0236 | train reward: 1196.89 | best: 1196.89 | KL: 8.433e-04 | std: 0.5441 | rollout: 12.441s | update: 0.193s | total: 12.634s | samples/s: 4404
Iteration 0237 | train reward: 1182.08 | best: 1196.89 | KL: 6.920e-04 | std: 0.5426 | rollout: 12.463s | update: 0.171s | total: 12.634s | samples/s: 4329
Iteration 0238 | train reward: 1223.74 | best: 1223.74 | KL: 8.553e-04 | std: 0.5435 | rollout: 12.198s | update: 0.156s | total: 12.355s | samples/s: 4546
Iteration 0239 | train reward: 1171.66 | best: 1223.74 | KL: 7.817e-04 | std: 0.5417 | rollout: 12.604s | update: 0.131s | total: 12.736s | samples/s: 4246
Iteration 0240 | train reward: 1198.10 | best: 1223.74 | KL: 9.029e-04 | std: 0.5400 | rollout: 12.335s | update: 0.138s | total: 12.473s | samples/s: 4469
Iteration 0241 | train reward: 1196.48 | best: 1223.74 | KL: 8.890e-04 | std: 0.5398 | rollout: 12.673s | update: 0.154s | total: 12.827s | samples/s: 4297
Iteration 0242 | train reward: 1236.29 | best: 1236.29 | KL: 1.160e-03 | std: 0.5415 | rollout: 12.520s | update: 0.149s | total: 12.670s | samples/s: 4514
Iteration 0243 | train reward: 1212.97 | best: 1236.29 | KL: 9.200e-04 | std: 0.5433 | rollout: 12.541s | update: 0.157s | total: 12.698s | samples/s: 4378
Iteration 0244 | train reward: 1215.24 | best: 1236.29 | KL: 9.506e-04 | std: 0.5434 | rollout: 12.405s | update: 0.178s | total: 12.583s | samples/s: 4430
Iteration 0245 | train reward: 1233.74 | best: 1236.29 | KL: 8.717e-04 | std: 0.5450 | rollout: 12.979s | update: 0.205s | total: 13.184s | samples/s: 4303
Iteration 0246 | train reward: 1239.07 | best: 1239.07 | KL: 8.687e-04 | std: 0.5443 | rollout: 12.634s | update: 0.141s | total: 12.775s | samples/s: 4445
Iteration 0247 | train reward: 1220.91 | best: 1239.07 | KL: 9.108e-04 | std: 0.5424 | rollout: 12.343s | update: 0.194s | total: 12.537s | samples/s: 4448
Iteration 0248 | train reward: 1243.68 | best: 1243.68 | KL: 7.583e-04 | std: 0.5418 | rollout: 12.367s | update: 0.347s | total: 12.714s | samples/s: 4547
Iteration 0249 | train reward: 1269.99 | best: 1269.99 | KL: 1.266e-03 | std: 0.5415 | rollout: 12.536s | update: 0.270s | total: 12.806s | samples/s: 4584
Iteration 0250 | train reward: 1272.00 | best: 1272.00 | KL: 1.006e-03 | std: 0.5408 | rollout: 12.503s | update: 0.168s | total: 12.671s | samples/s: 4667
Iteration 0251 | train reward: 1268.93 | best: 1272.00 | KL: 1.102e-03 | std: 0.5408 | rollout: 12.328s | update: 0.147s | total: 12.475s | samples/s: 4689
Iteration 0252 | train reward: 1253.75 | best: 1272.00 | KL: 1.223e-03 | std: 0.5392 | rollout: 12.356s | update: 0.149s | total: 12.505s | samples/s: 4604
Iteration 0253 | train reward: 1275.56 | best: 1275.56 | KL: 1.020e-03 | std: 0.5398 | rollout: 12.172s | update: 0.170s | total: 12.343s | samples/s: 4725
Iteration 0254 | train reward: 1234.91 | best: 1275.56 | KL: 7.506e-04 | std: 0.5417 | rollout: 12.862s | update: 0.422s | total: 13.284s | samples/s: 4281
Iteration 0255 | train reward: 1243.22 | best: 1275.56 | KL: 1.362e-03 | std: 0.5391 | rollout: 12.700s | update: 0.520s | total: 13.220s | samples/s: 4314
Iteration 0256 | train reward: 1259.32 | best: 1275.56 | KL: 1.252e-03 | std: 0.5391 | rollout: 13.778s | update: 0.409s | total: 14.187s | samples/s: 4071
Iteration 0257 | train reward: 1263.90 | best: 1275.56 | KL: 7.630e-04 | std: 0.5416 | rollout: 13.051s | update: 0.366s | total: 13.417s | samples/s: 4358
Iteration 0258 | train reward: 1241.58 | best: 1275.56 | KL: 8.632e-04 | std: 0.5425 | rollout: 12.801s | update: 0.157s | total: 12.957s | samples/s: 4406
Iteration 0259 | train reward: 1270.98 | best: 1275.56 | KL: 7.530e-04 | std: 0.5424 | rollout: 14.359s | update: 0.839s | total: 15.199s | samples/s: 3870
Iteration 0260 | train reward: 1275.59 | best: 1275.59 | KL: 8.097e-04 | std: 0.5400 | rollout: 13.581s | update: 0.288s | total: 13.870s | samples/s: 4229
Iteration 0261 | train reward: 1273.92 | best: 1275.59 | KL: 9.890e-04 | std: 0.5415 | rollout: 12.061s | update: 0.190s | total: 12.250s | samples/s: 4776
Iteration 0262 | train reward: 1260.57 | best: 1275.59 | KL: 1.142e-03 | std: 0.5410 | rollout: 12.594s | update: 0.394s | total: 12.988s | samples/s: 4411
Iteration 0263 | train reward: 1280.29 | best: 1280.29 | KL: 1.048e-03 | std: 0.5393 | rollout: 12.923s | update: 0.501s | total: 13.424s | samples/s: 4353
Iteration 0264 | train reward: 1274.96 | best: 1280.29 | KL: 1.087e-03 | std: 0.5416 | rollout: 13.646s | update: 0.391s | total: 14.037s | samples/s: 4145
Iteration 0265 | train reward: 1264.64 | best: 1280.29 | KL: 5.894e-04 | std: 0.5391 | rollout: 15.216s | update: 0.281s | total: 15.498s | samples/s: 3711
Iteration 0266 | train reward: 1236.80 | best: 1280.29 | KL: 6.276e-04 | std: 0.5407 | rollout: 13.149s | update: 0.278s | total: 13.427s | samples/s: 4212
Iteration 0267 | train reward: 1241.98 | best: 1280.29 | KL: 8.844e-04 | std: 0.5417 | rollout: 12.454s | update: 0.216s | total: 12.669s | samples/s: 4479
Iteration 0268 | train reward: 1244.87 | best: 1280.29 | KL: 8.707e-04 | std: 0.5416 | rollout: 12.241s | update: 0.151s | total: 12.393s | samples/s: 4574
Iteration 0269 | train reward: 1257.60 | best: 1280.29 | KL: 7.402e-04 | std: 0.5399 | rollout: 12.694s | update: 0.180s | total: 12.874s | samples/s: 4472
Iteration 0270 | train reward: 1246.61 | best: 1280.29 | KL: 1.026e-03 | std: 0.5373 | rollout: 12.740s | update: 0.614s | total: 13.354s | samples/s: 4277
Iteration 0271 | train reward: 1281.31 | best: 1281.31 | KL: 1.256e-03 | std: 0.5365 | rollout: 12.437s | update: 0.206s | total: 12.643s | samples/s: 4642
Iteration 0272 | train reward: 1277.82 | best: 1281.31 | KL: 1.466e-03 | std: 0.5389 | rollout: 12.391s | update: 0.272s | total: 12.663s | samples/s: 4556
Iteration 0273 | train reward: 1240.34 | best: 1281.31 | KL: 7.036e-04 | std: 0.5367 | rollout: 12.025s | update: 0.468s | total: 12.493s | samples/s: 4515
Iteration 0274 | train reward: 1293.46 | best: 1293.46 | KL: 1.358e-03 | std: 0.5383 | rollout: 11.972s | update: 0.163s | total: 12.135s | samples/s: 4827
Iteration 0275 | train reward: 1250.28 | best: 1293.46 | KL: 7.009e-04 | std: 0.5383 | rollout: 12.071s | update: 0.193s | total: 12.264s | samples/s: 4631
Iteration 0276 | train reward: 1267.10 | best: 1293.46 | KL: 6.668e-04 | std: 0.5382 | rollout: 12.364s | update: 0.141s | total: 12.505s | samples/s: 4603
Iteration 0277 | train reward: 1284.83 | best: 1293.46 | KL: 1.076e-03 | std: 0.5382 | rollout: 12.291s | update: 0.406s | total: 12.698s | samples/s: 4594
Iteration 0278 | train reward: 1258.27 | best: 1293.46 | KL: 9.816e-04 | std: 0.5372 | rollout: 12.259s | update: 0.221s | total: 12.479s | samples/s: 4591
Iteration 0279 | train reward: 1265.08 | best: 1293.46 | KL: 8.960e-04 | std: 0.5374 | rollout: 12.383s | update: 0.161s | total: 12.544s | samples/s: 4589
Iteration 0280 | train reward: 1255.72 | best: 1293.46 | KL: 1.003e-03 | std: 0.5365 | rollout: 12.167s | update: 0.355s | total: 12.522s | samples/s: 4528
Iteration 0281 | train reward: 1254.00 | best: 1293.46 | KL: 1.187e-03 | std: 0.5331 | rollout: 12.663s | update: 0.651s | total: 13.314s | samples/s: 4263
Iteration 0282 | train reward: 1270.14 | best: 1293.46 | KL: 6.399e-04 | std: 0.5331 | rollout: 12.381s | update: 0.172s | total: 12.553s | samples/s: 4572
Iteration 0283 | train reward: 1308.03 | best: 1308.03 | KL: 1.397e-03 | std: 0.5330 | rollout: 12.306s | update: 0.153s | total: 12.460s | samples/s: 4746
Iteration 0284 | train reward: 1260.17 | best: 1308.03 | KL: 1.354e-03 | std: 0.5314 | rollout: 12.082s | update: 0.153s | total: 12.235s | samples/s: 4643
Iteration 0285 | train reward: 1287.14 | best: 1308.03 | KL: 1.009e-03 | std: 0.5305 | rollout: 12.083s | update: 0.178s | total: 12.261s | samples/s: 4733
Iteration 0286 | train reward: 1291.02 | best: 1308.03 | KL: 9.885e-04 | std: 0.5312 | rollout: 12.489s | update: 0.268s | total: 12.757s | samples/s: 4561
Iteration 0287 | train reward: 1298.86 | best: 1308.03 | KL: 8.345e-04 | std: 0.5312 | rollout: 12.895s | update: 0.843s | total: 13.738s | samples/s: 4264
Iteration 0288 | train reward: 1297.55 | best: 1308.03 | KL: 1.446e-03 | std: 0.5311 | rollout: 13.715s | update: 0.812s | total: 14.527s | samples/s: 4043
Iteration 0289 | train reward: 1280.45 | best: 1308.03 | KL: 7.926e-04 | std: 0.5314 | rollout: 13.307s | update: 0.327s | total: 13.634s | samples/s: 4254
Iteration 0290 | train reward: 1250.17 | best: 1308.03 | KL: 8.947e-04 | std: 0.5315 | rollout: 12.244s | update: 0.163s | total: 12.407s | samples/s: 4536
Iteration 0291 | train reward: 1289.43 | best: 1308.03 | KL: 8.003e-04 | std: 0.5321 | rollout: 12.900s | update: 0.273s | total: 13.173s | samples/s: 4443
Iteration 0292 | train reward: 1300.20 | best: 1308.03 | KL: 8.105e-04 | std: 0.5295 | rollout: 12.449s | update: 0.219s | total: 12.668s | samples/s: 4638
Iteration 0293 | train reward: 1274.51 | best: 1308.03 | KL: 8.145e-04 | std: 0.5293 | rollout: 12.434s | update: 0.289s | total: 12.723s | samples/s: 4550
Iteration 0294 | train reward: 1325.83 | best: 1325.83 | KL: 1.336e-03 | std: 0.5279 | rollout: 11.857s | update: 0.229s | total: 12.085s | samples/s: 4978
Iteration 0295 | train reward: 1290.28 | best: 1325.83 | KL: 1.228e-03 | std: 0.5286 | rollout: 11.871s | update: 0.169s | total: 12.040s | samples/s: 4843
Iteration 0296 | train reward: 1318.75 | best: 1325.83 | KL: 1.507e-03 | std: 0.5284 | rollout: 12.562s | update: 0.858s | total: 13.420s | samples/s: 4423
Iteration 0297 | train reward: 1302.56 | best: 1325.83 | KL: 7.487e-04 | std: 0.5288 | rollout: 12.488s | update: 0.584s | total: 13.072s | samples/s: 4481
Iteration 0298 | train reward: 1316.58 | best: 1325.83 | KL: 1.365e-03 | std: 0.5280 | rollout: 12.651s | update: 0.828s | total: 13.479s | samples/s: 4396
Iteration 0299 | train reward: 1281.94 | best: 1325.83 | KL: 1.107e-03 | std: 0.5279 | rollout: 11.923s | update: 0.567s | total: 12.491s | samples/s: 4626
Iteration 0300 | train reward: 1293.90 | best: 1325.83 | KL: 8.848e-04 | std: 0.5304 | rollout: 12.165s | update: 0.966s | total: 13.131s | samples/s: 4462
Iteration 0301 | train reward: 1323.12 | best: 1325.83 | KL: 1.432e-03 | std: 0.5294 | rollout: 12.246s | update: 0.453s | total: 12.698s | samples/s: 4738
Iteration 0302 | train reward: 1305.61 | best: 1325.83 | KL: 1.339e-03 | std: 0.5287 | rollout: 12.531s | update: 0.139s | total: 12.670s | samples/s: 4674
Iteration 0303 | train reward: 1338.34 | best: 1338.34 | KL: 7.563e-04 | std: 0.5286 | rollout: 11.774s | update: 0.305s | total: 12.079s | samples/s: 5033
Iteration 0304 | train reward: 1307.50 | best: 1338.34 | KL: 6.948e-04 | std: 0.5287 | rollout: 11.857s | update: 0.205s | total: 12.062s | samples/s: 4935
Iteration 0305 | train reward: 1323.60 | best: 1338.34 | KL: 7.064e-04 | std: 0.5311 | rollout: 11.882s | update: 0.185s | total: 12.067s | samples/s: 4975
Iteration 0306 | train reward: 1324.01 | best: 1338.34 | KL: 1.191e-03 | std: 0.5288 | rollout: 11.764s | update: 0.578s | total: 12.343s | samples/s: 4871
Iteration 0307 | train reward: 1319.26 | best: 1338.34 | KL: 7.952e-04 | std: 0.5286 | rollout: 11.870s | update: 0.385s | total: 12.255s | samples/s: 4893
Iteration 0308 | train reward: 1336.80 | best: 1338.34 | KL: 1.220e-03 | std: 0.5304 | rollout: 11.713s | update: 0.180s | total: 11.894s | samples/s: 5096
Iteration 0309 | train reward: 1302.11 | best: 1338.34 | KL: 7.728e-04 | std: 0.5293 | rollout: 11.662s | update: 0.202s | total: 11.864s | samples/s: 4954
Iteration 0310 | train reward: 1318.18 | best: 1338.34 | KL: 1.000e-03 | std: 0.5288 | rollout: 11.852s | update: 0.229s | total: 12.081s | samples/s: 4904
Iteration 0311 | train reward: 1298.76 | best: 1338.34 | KL: 1.557e-03 | std: 0.5305 | rollout: 11.986s | update: 0.192s | total: 12.179s | samples/s: 4808
Iteration 0312 | train reward: 1298.58 | best: 1338.34 | KL: 1.390e-03 | std: 0.5305 | rollout: 11.811s | update: 0.311s | total: 12.122s | samples/s: 4814
Iteration 0313 | train reward: 1265.11 | best: 1338.34 | KL: 9.904e-04 | std: 0.5305 | rollout: 11.621s | update: 0.140s | total: 11.762s | samples/s: 4848
Iteration 0314 | train reward: 1298.38 | best: 1338.34 | KL: 1.452e-03 | std: 0.5295 | rollout: 11.738s | update: 0.182s | total: 11.920s | samples/s: 4914
Iteration 0315 | train reward: 1284.16 | best: 1338.34 | KL: 9.085e-04 | std: 0.5311 | rollout: 12.352s | update: 0.155s | total: 12.507s | samples/s: 4624
Iteration 0316 | train reward: 1290.10 | best: 1338.34 | KL: 1.003e-03 | std: 0.5313 | rollout: 12.197s | update: 0.227s | total: 12.424s | samples/s: 4672
Iteration 0317 | train reward: 1308.42 | best: 1338.34 | KL: 9.907e-04 | std: 0.5303 | rollout: 11.884s | update: 0.161s | total: 12.045s | samples/s: 4867
Iteration 0318 | train reward: 1258.24 | best: 1338.34 | KL: 6.941e-04 | std: 0.5296 | rollout: 11.693s | update: 0.218s | total: 11.911s | samples/s: 4725
Iteration 0319 | train reward: 1315.08 | best: 1338.34 | KL: 1.178e-03 | std: 0.5279 | rollout: 11.733s | update: 0.208s | total: 11.941s | samples/s: 4885
Iteration 0320 | train reward: 1281.05 | best: 1338.34 | KL: 1.271e-03 | std: 0.5259 | rollout: 11.659s | update: 0.152s | total: 11.810s | samples/s: 4841
Iteration 0321 | train reward: 1290.92 | best: 1338.34 | KL: 1.115e-03 | std: 0.5260 | rollout: 11.751s | update: 0.224s | total: 11.975s | samples/s: 4796
Iteration 0322 | train reward: 1320.46 | best: 1338.34 | KL: 8.238e-04 | std: 0.5284 | rollout: 11.871s | update: 0.255s | total: 12.126s | samples/s: 4883
Iteration 0323 | train reward: 1283.65 | best: 1338.34 | KL: 1.149e-03 | std: 0.5269 | rollout: 11.666s | update: 0.154s | total: 11.820s | samples/s: 4856
Iteration 0324 | train reward: 1305.17 | best: 1338.34 | KL: 7.907e-04 | std: 0.5244 | rollout: 11.721s | update: 0.511s | total: 12.232s | samples/s: 4806
Iteration 0325 | train reward: 1313.31 | best: 1338.34 | KL: 1.476e-03 | std: 0.5226 | rollout: 11.620s | update: 0.145s | total: 11.765s | samples/s: 5013
Iteration 0326 | train reward: 1324.90 | best: 1338.34 | KL: 1.124e-03 | std: 0.5227 | rollout: 11.776s | update: 0.147s | total: 11.923s | samples/s: 4944
Iteration 0327 | train reward: 1293.98 | best: 1338.34 | KL: 1.100e-03 | std: 0.5217 | rollout: 11.886s | update: 0.178s | total: 12.065s | samples/s: 4760
Iteration 0328 | train reward: 1291.29 | best: 1338.34 | KL: 9.047e-04 | std: 0.5225 | rollout: 11.469s | update: 0.185s | total: 11.654s | samples/s: 4917
Iteration 0329 | train reward: 1295.70 | best: 1338.34 | KL: 1.202e-03 | std: 0.5210 | rollout: 11.785s | update: 0.293s | total: 12.078s | samples/s: 4722
Iteration 0330 | train reward: 1312.55 | best: 1338.34 | KL: 7.703e-04 | std: 0.5201 | rollout: 11.956s | update: 0.245s | total: 12.201s | samples/s: 4740
Iteration 0331 | train reward: 1287.07 | best: 1338.34 | KL: 1.156e-03 | std: 0.5201 | rollout: 12.207s | update: 0.143s | total: 12.350s | samples/s: 4616
Iteration 0332 | train reward: 1283.18 | best: 1338.34 | KL: 1.376e-03 | std: 0.5208 | rollout: 12.394s | update: 0.516s | total: 12.910s | samples/s: 4428
Iteration 0333 | train reward: 1306.21 | best: 1338.34 | KL: 8.234e-04 | std: 0.5201 | rollout: 12.415s | update: 0.590s | total: 13.005s | samples/s: 4453
Iteration 0334 | train reward: 1329.77 | best: 1338.34 | KL: 1.325e-03 | std: 0.5181 | rollout: 13.310s | update: 0.405s | total: 13.715s | samples/s: 4280
Iteration 0335 | train reward: 1299.60 | best: 1338.34 | KL: 1.786e-03 | std: 0.5180 | rollout: 13.532s | update: 0.869s | total: 14.402s | samples/s: 3938
Iteration 0336 | train reward: 1286.24 | best: 1338.34 | KL: 1.108e-03 | std: 0.5156 | rollout: 12.294s | update: 0.276s | total: 12.570s | samples/s: 4505
Iteration 0337 | train reward: 1331.22 | best: 1338.34 | KL: 1.106e-03 | std: 0.5157 | rollout: 12.524s | update: 0.305s | total: 12.829s | samples/s: 4540
Iteration 0338 | train reward: 1311.92 | best: 1338.34 | KL: 1.225e-03 | std: 0.5163 | rollout: 11.893s | update: 0.203s | total: 12.096s | samples/s: 4807
Iteration 0339 | train reward: 1314.49 | best: 1338.34 | KL: 1.322e-03 | std: 0.5156 | rollout: 12.611s | update: 0.239s | total: 12.850s | samples/s: 4511
Iteration 0340 | train reward: 1331.72 | best: 1338.34 | KL: 1.251e-03 | std: 0.5147 | rollout: 12.859s | update: 0.171s | total: 13.029s | samples/s: 4495
Iteration 0341 | train reward: 1329.40 | best: 1338.34 | KL: 1.249e-03 | std: 0.5154 | rollout: 12.509s | update: 0.241s | total: 12.750s | samples/s: 4610
Iteration 0342 | train reward: 1347.78 | best: 1347.78 | KL: 1.223e-03 | std: 0.5130 | rollout: 11.745s | update: 0.157s | total: 11.901s | samples/s: 4961
Iteration 0343 | train reward: 1296.31 | best: 1347.78 | KL: 1.177e-03 | std: 0.5156 | rollout: 12.100s | update: 0.471s | total: 12.571s | samples/s: 4500
Iteration 0344 | train reward: 1328.30 | best: 1347.78 | KL: 8.361e-04 | std: 0.5158 | rollout: 12.093s | update: 0.334s | total: 12.426s | samples/s: 4699
Iteration 0345 | train reward: 1327.16 | best: 1347.78 | KL: 7.917e-04 | std: 0.5157 | rollout: 12.535s | update: 0.242s | total: 12.777s | samples/s: 4548
Iteration 0346 | train reward: 1297.43 | best: 1347.78 | KL: 1.639e-03 | std: 0.5147 | rollout: 13.232s | update: 0.177s | total: 13.409s | samples/s: 4245
Iteration 0347 | train reward: 1299.72 | best: 1347.78 | KL: 5.487e-04 | std: 0.5132 | rollout: 12.237s | update: 0.169s | total: 12.407s | samples/s: 4557
Iteration 0348 | train reward: 1312.77 | best: 1347.78 | KL: 1.175e-03 | std: 0.5121 | rollout: 12.596s | update: 0.613s | total: 13.209s | samples/s: 4361
Iteration 0349 | train reward: 1300.64 | best: 1347.78 | KL: 8.410e-04 | std: 0.5130 | rollout: 13.027s | update: 0.386s | total: 13.413s | samples/s: 4238
Iteration 0350 | train reward: 1291.86 | best: 1347.78 | KL: 1.460e-03 | std: 0.5147 | rollout: 12.929s | update: 0.478s | total: 13.407s | samples/s: 4220
Iteration 0351 | train reward: 1326.16 | best: 1347.78 | KL: 1.072e-03 | std: 0.5137 | rollout: 12.717s | update: 0.516s | total: 13.234s | samples/s: 4398
Iteration 0352 | train reward: 1330.63 | best: 1347.78 | KL: 9.916e-04 | std: 0.5147 | rollout: 13.599s | update: 0.754s | total: 14.353s | samples/s: 4058
Iteration 0353 | train reward: 1344.48 | best: 1347.78 | KL: 1.739e-03 | std: 0.5149 | rollout: 12.902s | update: 0.431s | total: 13.333s | samples/s: 4389
Iteration 0354 | train reward: 1335.27 | best: 1347.78 | KL: 1.170e-03 | std: 0.5147 | rollout: 12.126s | update: 0.593s | total: 12.719s | samples/s: 4584
Iteration 0355 | train reward: 1342.73 | best: 1347.78 | KL: 1.220e-03 | std: 0.5130 | rollout: 12.954s | update: 0.404s | total: 13.357s | samples/s: 4353
Iteration 0356 | train reward: 1363.04 | best: 1363.04 | KL: 1.204e-03 | std: 0.5112 | rollout: 12.505s | update: 0.207s | total: 12.712s | samples/s: 4631
Iteration 0357 | train reward: 1325.87 | best: 1363.04 | KL: 1.020e-03 | std: 0.5106 | rollout: 12.659s | update: 0.289s | total: 12.947s | samples/s: 4460
Iteration 0358 | train reward: 1349.22 | best: 1363.04 | KL: 9.274e-04 | std: 0.5104 | rollout: 12.598s | update: 0.299s | total: 12.897s | samples/s: 4533
Iteration 0359 | train reward: 1327.34 | best: 1363.04 | KL: 1.104e-03 | std: 0.5102 | rollout: 13.935s | update: 0.883s | total: 14.817s | samples/s: 3890
Iteration 0360 | train reward: 1352.12 | best: 1363.04 | KL: 1.057e-03 | std: 0.5112 | rollout: 13.171s | update: 0.272s | total: 13.444s | samples/s: 4338
Iteration 0361 | train reward: 1354.81 | best: 1363.04 | KL: 1.077e-03 | std: 0.5137 | rollout: 12.492s | update: 0.231s | total: 12.723s | samples/s: 4616
Iteration 0362 | train reward: 1326.00 | best: 1363.04 | KL: 1.045e-03 | std: 0.5140 | rollout: 12.436s | update: 0.738s | total: 13.174s | samples/s: 4367
Iteration 0363 | train reward: 1345.65 | best: 1363.04 | KL: 8.812e-04 | std: 0.5130 | rollout: 12.803s | update: 0.322s | total: 13.125s | samples/s: 4413
Iteration 0364 | train reward: 1333.66 | best: 1363.04 | KL: 1.195e-03 | std: 0.5121 | rollout: 12.877s | update: 0.235s | total: 13.111s | samples/s: 4424
Iteration 0365 | train reward: 1346.78 | best: 1363.04 | KL: 9.839e-04 | std: 0.5130 | rollout: 12.455s | update: 0.356s | total: 12.811s | samples/s: 4535
Iteration 0366 | train reward: 1368.17 | best: 1368.17 | KL: 7.026e-04 | std: 0.5128 | rollout: 12.290s | update: 0.450s | total: 12.740s | samples/s: 4670
Iteration 0367 | train reward: 1370.54 | best: 1370.54 | KL: 9.935e-04 | std: 0.5132 | rollout: 12.378s | update: 0.480s | total: 12.857s | samples/s: 4618
Iteration 0368 | train reward: 1332.97 | best: 1370.54 | KL: 8.619e-04 | std: 0.5158 | rollout: 12.527s | update: 0.401s | total: 12.928s | samples/s: 4497
Iteration 0369 | train reward: 1355.91 | best: 1370.54 | KL: 1.059e-03 | std: 0.5156 | rollout: 12.390s | update: 0.219s | total: 12.609s | samples/s: 4679
Iteration 0370 | train reward: 1324.70 | best: 1370.54 | KL: 1.120e-03 | std: 0.5180 | rollout: 12.115s | update: 0.514s | total: 12.629s | samples/s: 4544
Iteration 0371 | train reward: 1352.21 | best: 1370.54 | KL: 1.078e-03 | std: 0.5175 | rollout: 12.109s | update: 0.273s | total: 12.383s | samples/s: 4687
Iteration 0372 | train reward: 1349.68 | best: 1370.54 | KL: 9.289e-04 | std: 0.5183 | rollout: 11.910s | update: 0.185s | total: 12.096s | samples/s: 4818
Iteration 0373 | train reward: 1360.36 | best: 1370.54 | KL: 1.056e-03 | std: 0.5192 | rollout: 12.358s | update: 0.205s | total: 12.562s | samples/s: 4656
Iteration 0374 | train reward: 1331.05 | best: 1370.54 | KL: 8.070e-04 | std: 0.5182 | rollout: 12.101s | update: 0.216s | total: 12.317s | samples/s: 4661
Iteration 0375 | train reward: 1343.07 | best: 1370.54 | KL: 9.169e-04 | std: 0.5190 | rollout: 12.338s | update: 0.545s | total: 12.883s | samples/s: 4499
Iteration 0376 | train reward: 1354.02 | best: 1370.54 | KL: 1.211e-03 | std: 0.5175 | rollout: 11.778s | update: 0.309s | total: 12.087s | samples/s: 4827
Iteration 0377 | train reward: 1386.97 | best: 1386.97 | KL: 8.428e-04 | std: 0.5175 | rollout: 12.244s | update: 0.277s | total: 12.521s | samples/s: 4829
Iteration 0378 | train reward: 1347.71 | best: 1386.97 | KL: 8.909e-04 | std: 0.5173 | rollout: 12.149s | update: 0.252s | total: 12.401s | samples/s: 4713
Iteration 0379 | train reward: 1333.45 | best: 1386.97 | KL: 1.188e-03 | std: 0.5201 | rollout: 12.205s | update: 0.268s | total: 12.473s | samples/s: 4629
Iteration 0380 | train reward: 1330.18 | best: 1386.97 | KL: 1.374e-03 | std: 0.5216 | rollout: 12.208s | update: 0.134s | total: 12.342s | samples/s: 4662
Iteration 0381 | train reward: 1373.37 | best: 1386.97 | KL: 1.046e-03 | std: 0.5208 | rollout: 12.698s | update: 0.170s | total: 12.868s | samples/s: 4629
Iteration 0382 | train reward: 1382.62 | best: 1386.97 | KL: 1.045e-03 | std: 0.5208 | rollout: 12.246s | update: 0.149s | total: 12.395s | samples/s: 4849
Iteration 0383 | train reward: 1351.41 | best: 1386.97 | KL: 1.858e-03 | std: 0.5227 | rollout: 12.094s | update: 0.234s | total: 12.327s | samples/s: 4728
Iteration 0384 | train reward: 1377.04 | best: 1386.97 | KL: 1.591e-03 | std: 0.5227 | rollout: 12.119s | update: 0.160s | total: 12.278s | samples/s: 4822
Iteration 0385 | train reward: 1340.05 | best: 1386.97 | KL: 6.004e-04 | std: 0.5232 | rollout: 12.306s | update: 0.500s | total: 12.805s | samples/s: 4509
Iteration 0386 | train reward: 1348.43 | best: 1386.97 | KL: 1.644e-03 | std: 0.5235 | rollout: 13.046s | update: 0.198s | total: 13.244s | samples/s: 4413
Iteration 0387 | train reward: 1359.87 | best: 1386.97 | KL: 6.452e-04 | std: 0.5234 | rollout: 12.625s | update: 0.175s | total: 12.799s | samples/s: 4615
Iteration 0388 | train reward: 1383.75 | best: 1386.97 | KL: 9.940e-04 | std: 0.5260 | rollout: 12.812s | update: 0.410s | total: 13.222s | samples/s: 4550
Iteration 0389 | train reward: 1307.84 | best: 1386.97 | KL: 1.114e-03 | std: 0.5259 | rollout: 12.329s | update: 0.594s | total: 12.923s | samples/s: 4402
Iteration 0390 | train reward: 1353.79 | best: 1386.97 | KL: 1.010e-03 | std: 0.5260 | rollout: 12.197s | update: 0.200s | total: 12.397s | samples/s: 4697
Iteration 0391 | train reward: 1369.87 | best: 1386.97 | KL: 7.136e-04 | std: 0.5259 | rollout: 11.815s | update: 0.143s | total: 11.958s | samples/s: 4991
Iteration 0392 | train reward: 1342.01 | best: 1386.97 | KL: 1.048e-03 | std: 0.5252 | rollout: 11.628s | update: 0.177s | total: 11.805s | samples/s: 4944
Iteration 0393 | train reward: 1392.88 | best: 1392.88 | KL: 1.040e-03 | std: 0.5253 | rollout: 11.636s | update: 0.280s | total: 11.916s | samples/s: 5042
Iteration 0394 | train reward: 1352.44 | best: 1392.88 | KL: 9.332e-04 | std: 0.5235 | rollout: 11.517s | update: 0.325s | total: 11.841s | samples/s: 4915
Iteration 0395 | train reward: 1354.75 | best: 1392.88 | KL: 1.147e-03 | std: 0.5259 | rollout: 11.728s | update: 0.325s | total: 12.053s | samples/s: 4879
Iteration 0396 | train reward: 1339.12 | best: 1392.88 | KL: 1.552e-03 | std: 0.5218 | rollout: 13.073s | update: 0.153s | total: 13.226s | samples/s: 4401
Iteration 0397 | train reward: 1370.21 | best: 1392.88 | KL: 1.353e-03 | std: 0.5225 | rollout: 11.961s | update: 0.305s | total: 12.266s | samples/s: 4823
Iteration 0398 | train reward: 1347.53 | best: 1392.88 | KL: 1.383e-03 | std: 0.5211 | rollout: 10.267s | update: 0.221s | total: 10.487s | samples/s: 5521
Iteration 0399 | train reward: 1346.75 | best: 1392.88 | KL: 1.447e-03 | std: 0.5211 | rollout: 10.377s | update: 0.247s | total: 10.624s | samples/s: 5474
Iteration 0400 | train reward: 1368.83 | best: 1392.88 | KL: 1.196e-03 | std: 0.5208 | rollout: 10.077s | update: 0.142s | total: 10.219s | samples/s: 5803
Iteration 0401 | train reward: 1387.29 | best: 1392.88 | KL: 8.719e-04 | std: 0.5207 | rollout: 9.912s | update: 0.357s | total: 10.269s | samples/s: 5835
Iteration 0402 | train reward: 1359.06 | best: 1392.88 | KL: 1.265e-03 | std: 0.5192 | rollout: 10.442s | update: 0.317s | total: 10.759s | samples/s: 5443
Iteration 0403 | train reward: 1367.18 | best: 1392.88 | KL: 1.195e-03 | std: 0.5208 | rollout: 10.372s | update: 0.224s | total: 10.596s | samples/s: 5597
Iteration 0404 | train reward: 1319.93 | best: 1392.88 | KL: 8.735e-04 | std: 0.5211 | rollout: 10.108s | update: 0.222s | total: 10.330s | samples/s: 5524
Iteration 0405 | train reward: 1350.13 | best: 1392.88 | KL: 1.038e-03 | std: 0.5234 | rollout: 10.009s | update: 0.225s | total: 10.234s | samples/s: 5659
Iteration 0406 | train reward: 1331.50 | best: 1392.88 | KL: 1.244e-03 | std: 0.5209 | rollout: 10.229s | update: 0.251s | total: 10.479s | samples/s: 5463
Iteration 0407 | train reward: 1353.90 | best: 1392.88 | KL: 7.428e-04 | std: 0.5211 | rollout: 10.729s | update: 0.423s | total: 11.153s | samples/s: 5207
Iteration 0408 | train reward: 1340.51 | best: 1392.88 | KL: 1.320e-03 | std: 0.5207 | rollout: 10.685s | update: 0.399s | total: 11.084s | samples/s: 5171
Iteration 0409 | train reward: 1375.40 | best: 1392.88 | KL: 6.132e-04 | std: 0.5184 | rollout: 9.818s | update: 0.143s | total: 9.961s | samples/s: 5919
Iteration 0410 | train reward: 1363.39 | best: 1392.88 | KL: 7.511e-04 | std: 0.5181 | rollout: 10.035s | update: 0.192s | total: 10.227s | samples/s: 5741
Iteration 0411 | train reward: 1382.69 | best: 1392.88 | KL: 1.418e-03 | std: 0.5191 | rollout: 10.142s | update: 0.144s | total: 10.286s | samples/s: 5777
Iteration 0412 | train reward: 1364.96 | best: 1392.88 | KL: 7.948e-04 | std: 0.5192 | rollout: 10.228s | update: 0.198s | total: 10.425s | samples/s: 5612
Iteration 0413 | train reward: 1350.53 | best: 1392.88 | KL: 1.974e-03 | std: 0.5175 | rollout: 10.622s | update: 0.571s | total: 11.194s | samples/s: 5159
Iteration 0414 | train reward: 1351.43 | best: 1392.88 | KL: 9.383e-04 | std: 0.5175 | rollout: 10.938s | update: 0.144s | total: 11.083s | samples/s: 5191
Iteration 0415 | train reward: 1388.51 | best: 1392.88 | KL: 1.373e-03 | std: 0.5163 | rollout: 10.513s | update: 0.223s | total: 10.736s | samples/s: 5513
Iteration 0416 | train reward: 1363.79 | best: 1392.88 | KL: 1.301e-03 | std: 0.5159 | rollout: 10.011s | update: 0.150s | total: 10.161s | samples/s: 5740
Iteration 0417 | train reward: 1375.65 | best: 1392.88 | KL: 1.153e-03 | std: 0.5149 | rollout: 10.282s | update: 0.322s | total: 10.604s | samples/s: 5512
Iteration 0418 | train reward: 1356.57 | best: 1392.88 | KL: 9.360e-04 | std: 0.5138 | rollout: 10.015s | update: 0.185s | total: 10.201s | samples/s: 5674
Iteration 0419 | train reward: 1358.77 | best: 1392.88 | KL: 9.004e-04 | std: 0.5130 | rollout: 10.508s | update: 0.126s | total: 10.634s | samples/s: 5434
Iteration 0420 | train reward: 1341.81 | best: 1392.88 | KL: 1.106e-03 | std: 0.5128 | rollout: 10.355s | update: 0.310s | total: 10.665s | samples/s: 5332
Iteration 0421 | train reward: 1355.62 | best: 1392.88 | KL: 8.255e-04 | std: 0.5121 | rollout: 11.019s | update: 0.280s | total: 11.299s | samples/s: 5108
Iteration 0422 | train reward: 1363.72 | best: 1392.88 | KL: 1.344e-03 | std: 0.5107 | rollout: 8.492s | update: 0.235s | total: 8.727s | samples/s: 6670
Iteration 0423 | train reward: 1401.10 | best: 1401.10 | KL: 1.134e-03 | std: 0.5113 | rollout: 8.540s | update: 0.204s | total: 8.745s | samples/s: 6888
Iteration 0424 | train reward: 1364.88 | best: 1401.10 | KL: 1.275e-03 | std: 0.5104 | rollout: 8.272s | update: 0.220s | total: 8.492s | samples/s: 6905
Iteration 0425 | train reward: 1371.61 | best: 1401.10 | KL: 9.826e-04 | std: 0.5121 | rollout: 8.159s | update: 0.141s | total: 8.300s | samples/s: 7120
Iteration 0426 | train reward: 1378.20 | best: 1401.10 | KL: 1.109e-03 | std: 0.5106 | rollout: 8.343s | update: 0.241s | total: 8.584s | samples/s: 6907
Iteration 0427 | train reward: 1401.28 | best: 1401.28 | KL: 1.003e-03 | std: 0.5112 | rollout: 8.408s | update: 0.155s | total: 8.563s | samples/s: 7079
Iteration 0428 | train reward: 1398.19 | best: 1401.28 | KL: 1.353e-03 | std: 0.5123 | rollout: 8.338s | update: 0.140s | total: 8.478s | samples/s: 7156
Iteration 0429 | train reward: 1377.11 | best: 1401.28 | KL: 9.630e-04 | std: 0.5130 | rollout: 8.322s | update: 0.187s | total: 8.509s | samples/s: 7046
Iteration 0430 | train reward: 1369.46 | best: 1401.28 | KL: 1.155e-03 | std: 0.5131 | rollout: 8.396s | update: 0.175s | total: 8.571s | samples/s: 6924
Iteration 0431 | train reward: 1393.98 | best: 1401.28 | KL: 1.674e-03 | std: 0.5123 | rollout: 8.628s | update: 0.133s | total: 8.761s | samples/s: 6910
Iteration 0432 | train reward: 1402.92 | best: 1402.92 | KL: 1.067e-03 | std: 0.5130 | rollout: 8.303s | update: 0.235s | total: 8.538s | samples/s: 7118
Iteration 0433 | train reward: 1392.49 | best: 1402.92 | KL: 1.276e-03 | std: 0.5106 | rollout: 8.723s | update: 0.231s | total: 8.953s | samples/s: 6727
Iteration 0434 | train reward: 1397.70 | best: 1402.92 | KL: 1.659e-03 | std: 0.5097 | rollout: 8.266s | update: 0.201s | total: 8.467s | samples/s: 7181
Iteration 0435 | train reward: 1410.94 | best: 1410.94 | KL: 1.037e-03 | std: 0.5104 | rollout: 8.617s | update: 0.193s | total: 8.809s | samples/s: 6930
Iteration 0436 | train reward: 1401.16 | best: 1410.94 | KL: 7.162e-04 | std: 0.5106 | rollout: 8.230s | update: 0.135s | total: 8.365s | samples/s: 7229
Iteration 0437 | train reward: 1384.75 | best: 1410.94 | KL: 8.485e-04 | std: 0.5121 | rollout: 8.289s | update: 0.193s | total: 8.481s | samples/s: 7084
Iteration 0438 | train reward: 1409.90 | best: 1410.94 | KL: 8.713e-04 | std: 0.5113 | rollout: 8.165s | update: 0.140s | total: 8.305s | samples/s: 7331
Iteration 0439 | train reward: 1370.48 | best: 1410.94 | KL: 1.182e-03 | std: 0.5111 | rollout: 9.239s | update: 0.441s | total: 9.679s | samples/s: 6104
Iteration 0440 | train reward: 1410.34 | best: 1410.94 | KL: 1.476e-03 | std: 0.5104 | rollout: 10.083s | update: 0.156s | total: 10.239s | samples/s: 5945
Iteration 0441 | train reward: 1340.39 | best: 1410.94 | KL: 1.498e-03 | std: 0.5104 | rollout: 8.686s | update: 0.542s | total: 9.227s | samples/s: 6211
Iteration 0442 | train reward: 1334.24 | best: 1410.94 | KL: 1.250e-03 | std: 0.5112 | rollout: 7.902s | update: 0.185s | total: 8.087s | samples/s: 7105
Iteration 0443 | train reward: 1371.42 | best: 1410.94 | KL: 1.026e-03 | std: 0.5106 | rollout: 8.027s | update: 0.140s | total: 8.167s | samples/s: 7200
Iteration 0444 | train reward: 1383.83 | best: 1410.94 | KL: 9.892e-04 | std: 0.5106 | rollout: 8.076s | update: 0.248s | total: 8.324s | samples/s: 7150
Iteration 0445 | train reward: 1389.94 | best: 1410.94 | KL: 1.330e-03 | std: 0.5106 | rollout: 8.182s | update: 0.224s | total: 8.406s | samples/s: 7132
Iteration 0446 | train reward: 1408.27 | best: 1410.94 | KL: 7.761e-04 | std: 0.5128 | rollout: 8.330s | update: 0.204s | total: 8.535s | samples/s: 7137
Iteration 0447 | train reward: 1412.33 | best: 1412.33 | KL: 9.910e-04 | std: 0.5128 | rollout: 8.385s | update: 0.159s | total: 8.544s | samples/s: 7134
Iteration 0448 | train reward: 1405.49 | best: 1412.33 | KL: 1.476e-03 | std: 0.5105 | rollout: 8.296s | update: 0.161s | total: 8.457s | samples/s: 7204
Iteration 0449 | train reward: 1417.28 | best: 1417.28 | KL: 1.612e-03 | std: 0.5096 | rollout: 7.952s | update: 0.145s | total: 8.096s | samples/s: 7574
Iteration 0450 | train reward: 1402.82 | best: 1417.28 | KL: 1.257e-03 | std: 0.5102 | rollout: 8.058s | update: 0.158s | total: 8.217s | samples/s: 7383
Iteration 0451 | train reward: 1385.51 | best: 1417.28 | KL: 1.293e-03 | std: 0.5105 | rollout: 8.434s | update: 0.316s | total: 8.750s | samples/s: 6881
Iteration 0452 | train reward: 1388.66 | best: 1417.28 | KL: 7.110e-04 | std: 0.5106 | rollout: 8.917s | update: 0.228s | total: 9.146s | samples/s: 6594
Iteration 0453 | train reward: 1398.63 | best: 1417.28 | KL: 1.429e-03 | std: 0.5123 | rollout: 9.366s | update: 0.449s | total: 9.815s | samples/s: 6182
Iteration 0454 | train reward: 1410.63 | best: 1417.28 | KL: 8.708e-04 | std: 0.5113 | rollout: 7.761s | update: 0.156s | total: 7.917s | samples/s: 7730
Iteration 0455 | train reward: 1398.87 | best: 1417.28 | KL: 1.019e-03 | std: 0.5102 | rollout: 8.185s | update: 0.191s | total: 8.375s | samples/s: 7240
Iteration 0456 | train reward: 1393.89 | best: 1417.28 | KL: 7.184e-04 | std: 0.5112 | rollout: 8.236s | update: 0.149s | total: 8.384s | samples/s: 7220
Iteration 0457 | train reward: 1376.47 | best: 1417.28 | KL: 1.078e-03 | std: 0.5121 | rollout: 8.538s | update: 0.150s | total: 8.688s | samples/s: 6861
Iteration 0458 | train reward: 1384.89 | best: 1417.28 | KL: 8.386e-04 | std: 0.5131 | rollout: 8.298s | update: 0.146s | total: 8.444s | samples/s: 7092
Iteration 0459 | train reward: 1404.65 | best: 1417.28 | KL: 1.035e-03 | std: 0.5139 | rollout: 8.608s | update: 0.162s | total: 8.769s | samples/s: 6962
Iteration 0460 | train reward: 1408.19 | best: 1417.28 | KL: 1.067e-03 | std: 0.5131 | rollout: 8.494s | update: 0.156s | total: 8.650s | samples/s: 7017
Iteration 0461 | train reward: 1427.72 | best: 1427.72 | KL: 1.045e-03 | std: 0.5113 | rollout: 8.180s | update: 0.162s | total: 8.342s | samples/s: 7418
Iteration 0462 | train reward: 1421.77 | best: 1427.72 | KL: 1.562e-03 | std: 0.5097 | rollout: 8.232s | update: 0.154s | total: 8.387s | samples/s: 7316
Iteration 0463 | train reward: 1414.10 | best: 1427.72 | KL: 9.865e-04 | std: 0.5106 | rollout: 7.862s | update: 0.139s | total: 8.001s | samples/s: 7649
Iteration 0464 | train reward: 1408.91 | best: 1427.72 | KL: 7.888e-04 | std: 0.5111 | rollout: 7.994s | update: 0.141s | total: 8.135s | samples/s: 7497
Iteration 0465 | train reward: 1395.90 | best: 1427.72 | KL: 1.062e-03 | std: 0.5113 | rollout: 7.886s | update: 0.154s | total: 8.040s | samples/s: 7545
Iteration 0466 | train reward: 1402.41 | best: 1427.72 | KL: 1.307e-03 | std: 0.5087 | rollout: 7.998s | update: 0.162s | total: 8.160s | samples/s: 7449
Iteration 0467 | train reward: 1403.14 | best: 1427.72 | KL: 1.010e-03 | std: 0.5085 | rollout: 7.998s | update: 0.163s | total: 8.161s | samples/s: 7435
Iteration 0468 | train reward: 1411.86 | best: 1427.72 | KL: 1.340e-03 | std: 0.5105 | rollout: 8.149s | update: 0.187s | total: 8.336s | samples/s: 7311
Iteration 0469 | train reward: 1429.65 | best: 1429.65 | KL: 1.263e-03 | std: 0.5106 | rollout: 7.982s | update: 0.148s | total: 8.130s | samples/s: 7615
Iteration 0470 | train reward: 1392.79 | best: 1429.65 | KL: 1.095e-03 | std: 0.5078 | rollout: 7.849s | update: 0.131s | total: 7.981s | samples/s: 7506
Iteration 0471 | train reward: 1411.92 | best: 1429.65 | KL: 8.446e-04 | std: 0.5061 | rollout: 8.041s | update: 0.155s | total: 8.196s | samples/s: 7419
Iteration 0472 | train reward: 1438.25 | best: 1438.25 | KL: 1.160e-03 | std: 0.5076 | rollout: 8.209s | update: 0.139s | total: 8.348s | samples/s: 7410
Iteration 0473 | train reward: 1412.40 | best: 1438.25 | KL: 1.564e-03 | std: 0.5078 | rollout: 8.047s | update: 0.141s | total: 8.187s | samples/s: 7451
Iteration 0474 | train reward: 1412.35 | best: 1438.25 | KL: 1.099e-03 | std: 0.5071 | rollout: 7.817s | update: 0.185s | total: 8.002s | samples/s: 7604
Iteration 0475 | train reward: 1417.68 | best: 1438.25 | KL: 2.021e-03 | std: 0.5069 | rollout: 8.116s | update: 0.142s | total: 8.258s | samples/s: 7410
Iteration 0476 | train reward: 1421.25 | best: 1438.25 | KL: 7.407e-04 | std: 0.5080 | rollout: 8.086s | update: 0.153s | total: 8.239s | samples/s: 7426
Iteration 0477 | train reward: 1410.85 | best: 1438.25 | KL: 1.007e-03 | std: 0.5078 | rollout: 8.089s | update: 0.142s | total: 8.231s | samples/s: 7437
Iteration 0478 | train reward: 1393.19 | best: 1438.25 | KL: 1.192e-03 | std: 0.5079 | rollout: 8.157s | update: 0.249s | total: 8.406s | samples/s: 7150
Iteration 0479 | train reward: 1412.80 | best: 1438.25 | KL: 7.326e-04 | std: 0.5078 | rollout: 8.089s | update: 0.146s | total: 8.234s | samples/s: 7435
Iteration 0480 | train reward: 1427.48 | best: 1438.25 | KL: 1.343e-03 | std: 0.5050 | rollout: 8.472s | update: 0.159s | total: 8.631s | samples/s: 7173
Iteration 0481 | train reward: 1409.39 | best: 1438.25 | KL: 1.257e-03 | std: 0.5024 | rollout: 8.336s | update: 0.151s | total: 8.487s | samples/s: 7174
Iteration 0482 | train reward: 1413.26 | best: 1438.25 | KL: 9.728e-04 | std: 0.5026 | rollout: 8.255s | update: 0.162s | total: 8.417s | samples/s: 7241
Iteration 0483 | train reward: 1411.72 | best: 1438.25 | KL: 1.158e-03 | std: 0.5007 | rollout: 8.013s | update: 0.177s | total: 8.190s | samples/s: 7431
Iteration 0484 | train reward: 1406.45 | best: 1438.25 | KL: 1.548e-03 | std: 0.5007 | rollout: 8.206s | update: 0.158s | total: 8.365s | samples/s: 7263
Iteration 0485 | train reward: 1404.03 | best: 1438.25 | KL: 1.080e-03 | std: 0.5019 | rollout: 8.416s | update: 0.133s | total: 8.549s | samples/s: 7086
Iteration 0486 | train reward: 1409.38 | best: 1438.25 | KL: 1.362e-03 | std: 0.5026 | rollout: 7.965s | update: 0.151s | total: 8.116s | samples/s: 7487
Iteration 0487 | train reward: 1421.42 | best: 1438.25 | KL: 7.661e-04 | std: 0.5025 | rollout: 8.043s | update: 0.206s | total: 8.250s | samples/s: 7436
Iteration 0488 | train reward: 1425.35 | best: 1438.25 | KL: 1.215e-03 | std: 0.5033 | rollout: 8.164s | update: 0.298s | total: 8.462s | samples/s: 7264
Iteration 0489 | train reward: 1384.13 | best: 1438.25 | KL: 1.046e-03 | std: 0.5008 | rollout: 7.992s | update: 0.126s | total: 8.118s | samples/s: 7337
Iteration 0490 | train reward: 1421.99 | best: 1438.25 | KL: 1.044e-03 | std: 0.5007 | rollout: 8.291s | update: 0.146s | total: 8.437s | samples/s: 7167
Iteration 0491 | train reward: 1385.23 | best: 1438.25 | KL: 7.523e-04 | std: 0.5000 | rollout: 7.965s | update: 0.160s | total: 8.125s | samples/s: 7318
Iteration 0492 | train reward: 1426.18 | best: 1438.25 | KL: 1.369e-03 | std: 0.5000 | rollout: 8.102s | update: 0.191s | total: 8.293s | samples/s: 7361
Iteration 0493 | train reward: 1406.49 | best: 1438.25 | KL: 1.216e-03 | std: 0.4993 | rollout: 7.946s | update: 0.138s | total: 8.084s | samples/s: 7484
Iteration 0494 | train reward: 1434.89 | best: 1438.25 | KL: 1.550e-03 | std: 0.5000 | rollout: 8.387s | update: 0.192s | total: 8.579s | samples/s: 7176
Iteration 0495 | train reward: 1426.13 | best: 1438.25 | KL: 9.613e-04 | std: 0.5009 | rollout: 8.223s | update: 0.144s | total: 8.366s | samples/s: 7317
Iteration 0496 | train reward: 1421.59 | best: 1438.25 | KL: 1.012e-03 | std: 0.5002 | rollout: 7.949s | update: 0.137s | total: 8.086s | samples/s: 7497
Iteration 0497 | train reward: 1406.34 | best: 1438.25 | KL: 1.070e-03 | std: 0.5000 | rollout: 8.052s | update: 0.213s | total: 8.265s | samples/s: 7208
Iteration 0498 | train reward: 1374.19 | best: 1438.25 | KL: 1.217e-03 | std: 0.4992 | rollout: 7.824s | update: 0.141s | total: 7.965s | samples/s: 7331
Iteration 0499 | train reward: 1391.31 | best: 1438.25 | KL: 1.505e-03 | std: 0.4972 | rollout: 8.037s | update: 0.144s | total: 8.180s | samples/s: 7200
Iteration 0500 | train reward: 1402.32 | best: 1438.25 | KL: 1.672e-03 | std: 0.4948 | rollout: 8.107s | update: 0.152s | total: 8.259s | samples/s: 7181
Iteration 0501 | train reward: 1372.99 | best: 1438.25 | KL: 8.781e-04 | std: 0.4950 | rollout: 8.323s | update: 0.341s | total: 8.664s | samples/s: 6683
Iteration 0502 | train reward: 1381.54 | best: 1438.25 | KL: 8.525e-04 | std: 0.4950 | rollout: 9.303s | update: 0.535s | total: 9.838s | samples/s: 5960
Iteration 0503 | train reward: 1393.01 | best: 1438.25 | KL: 8.270e-04 | std: 0.4940 | rollout: 9.103s | update: 0.141s | total: 9.244s | samples/s: 6378
Iteration 0504 | train reward: 1403.26 | best: 1438.25 | KL: 1.652e-03 | std: 0.4929 | rollout: 8.892s | update: 0.217s | total: 9.109s | samples/s: 6521
Iteration 0505 | train reward: 1396.31 | best: 1438.25 | KL: 9.892e-04 | std: 0.4921 | rollout: 8.340s | update: 0.348s | total: 8.688s | samples/s: 6818
Iteration 0506 | train reward: 1399.01 | best: 1438.25 | KL: 1.347e-03 | std: 0.4920 | rollout: 7.799s | update: 0.351s | total: 8.150s | samples/s: 7310
Iteration 0507 | train reward: 1414.21 | best: 1438.25 | KL: 1.359e-03 | std: 0.4904 | rollout: 8.046s | update: 0.142s | total: 8.188s | samples/s: 7360
Iteration 0508 | train reward: 1413.11 | best: 1438.25 | KL: 1.664e-03 | std: 0.4922 | rollout: 8.011s | update: 0.159s | total: 8.170s | samples/s: 7347
Iteration 0509 | train reward: 1415.16 | best: 1438.25 | KL: 8.464e-04 | std: 0.4922 | rollout: 8.232s | update: 0.212s | total: 8.445s | samples/s: 7097
Iteration 0510 | train reward: 1399.04 | best: 1438.25 | KL: 1.093e-03 | std: 0.4903 | rollout: 7.789s | update: 0.169s | total: 7.958s | samples/s: 7481
Iteration 0511 | train reward: 1420.37 | best: 1438.25 | KL: 1.578e-03 | std: 0.4929 | rollout: 8.006s | update: 0.132s | total: 8.138s | samples/s: 7410
Iteration 0512 | train reward: 1408.52 | best: 1438.25 | KL: 1.094e-03 | std: 0.4920 | rollout: 8.009s | update: 0.150s | total: 8.160s | samples/s: 7307
Iteration 0513 | train reward: 1404.99 | best: 1438.25 | KL: 1.778e-03 | std: 0.4913 | rollout: 7.972s | update: 0.188s | total: 8.160s | samples/s: 7274
Iteration 0514 | train reward: 1379.75 | best: 1438.25 | KL: 9.761e-04 | std: 0.4905 | rollout: 8.532s | update: 0.271s | total: 8.803s | samples/s: 6573
Iteration 0515 | train reward: 1381.40 | best: 1438.25 | KL: 6.506e-04 | std: 0.4904 | rollout: 8.341s | update: 0.277s | total: 8.618s | samples/s: 6778
Iteration 0516 | train reward: 1383.74 | best: 1438.25 | KL: 9.572e-04 | std: 0.4914 | rollout: 7.913s | update: 0.131s | total: 8.044s | samples/s: 7257
Iteration 0517 | train reward: 1379.61 | best: 1438.25 | KL: 1.098e-03 | std: 0.4912 | rollout: 8.617s | update: 0.175s | total: 8.792s | samples/s: 6568
Iteration 0518 | train reward: 1376.19 | best: 1438.25 | KL: 1.072e-03 | std: 0.4912 | rollout: 8.286s | update: 0.140s | total: 8.426s | samples/s: 6883
Iteration 0519 | train reward: 1392.61 | best: 1438.25 | KL: 8.489e-04 | std: 0.4904 | rollout: 8.037s | update: 0.211s | total: 8.248s | samples/s: 7144
Iteration 0520 | train reward: 1409.80 | best: 1438.25 | KL: 1.346e-03 | std: 0.4886 | rollout: 8.073s | update: 0.136s | total: 8.208s | samples/s: 7224
Iteration 0521 | train reward: 1387.45 | best: 1438.25 | KL: 1.898e-03 | std: 0.4904 | rollout: 7.983s | update: 0.159s | total: 8.142s | samples/s: 7193
Iteration 0522 | train reward: 1428.98 | best: 1438.25 | KL: 1.685e-03 | std: 0.4889 | rollout: 8.065s | update: 0.140s | total: 8.206s | samples/s: 7371
Iteration 0523 | train reward: 1421.24 | best: 1438.25 | KL: 1.391e-03 | std: 0.4889 | rollout: 8.264s | update: 0.158s | total: 8.422s | samples/s: 7150
Iteration 0524 | train reward: 1437.19 | best: 1438.25 | KL: 1.147e-03 | std: 0.4889 | rollout: 8.031s | update: 0.232s | total: 8.263s | samples/s: 7378
Iteration 0525 | train reward: 1406.60 | best: 1438.25 | KL: 1.016e-03 | std: 0.4870 | rollout: 8.166s | update: 0.238s | total: 8.405s | samples/s: 7071
Iteration 0526 | train reward: 1394.08 | best: 1438.25 | KL: 1.058e-03 | std: 0.4877 | rollout: 8.007s | update: 0.155s | total: 8.162s | samples/s: 7188
Iteration 0527 | train reward: 1412.52 | best: 1438.25 | KL: 1.794e-03 | std: 0.4879 | rollout: 7.933s | update: 0.145s | total: 8.078s | samples/s: 7361
Iteration 0528 | train reward: 1408.89 | best: 1438.25 | KL: 1.232e-03 | std: 0.4877 | rollout: 7.767s | update: 0.154s | total: 7.921s | samples/s: 7464
Iteration 0529 | train reward: 1419.40 | best: 1438.25 | KL: 9.384e-04 | std: 0.4872 | rollout: 7.967s | update: 0.146s | total: 8.113s | samples/s: 7348
Iteration 0530 | train reward: 1412.74 | best: 1438.25 | KL: 9.840e-04 | std: 0.4896 | rollout: 7.962s | update: 0.140s | total: 8.102s | samples/s: 7326
Iteration 0531 | train reward: 1414.66 | best: 1438.25 | KL: 1.271e-03 | std: 0.4888 | rollout: 8.216s | update: 0.204s | total: 8.420s | samples/s: 7014
Iteration 0532 | train reward: 1383.90 | best: 1438.25 | KL: 1.473e-03 | std: 0.4896 | rollout: 8.180s | update: 0.134s | total: 8.315s | samples/s: 6914
Iteration 0533 | train reward: 1430.19 | best: 1438.25 | KL: 1.031e-03 | std: 0.4888 | rollout: 8.216s | update: 0.150s | total: 8.366s | samples/s: 7171
Iteration 0534 | train reward: 1411.79 | best: 1438.25 | KL: 1.256e-03 | std: 0.4886 | rollout: 8.076s | update: 0.163s | total: 8.240s | samples/s: 7173
Iteration 0535 | train reward: 1403.17 | best: 1438.25 | KL: 1.394e-03 | std: 0.4888 | rollout: 8.266s | update: 0.159s | total: 8.425s | samples/s: 6995
Iteration 0536 | train reward: 1374.04 | best: 1438.25 | KL: 9.714e-04 | std: 0.4903 | rollout: 8.336s | update: 0.149s | total: 8.486s | samples/s: 6803
Iteration 0537 | train reward: 1406.16 | best: 1438.25 | KL: 9.043e-04 | std: 0.4877 | rollout: 8.365s | update: 0.125s | total: 8.490s | samples/s: 6949
Iteration 0538 | train reward: 1382.40 | best: 1438.25 | KL: 1.072e-03 | std: 0.4879 | rollout: 8.234s | update: 0.161s | total: 8.396s | samples/s: 6905
Iteration 0539 | train reward: 1402.82 | best: 1438.25 | KL: 1.184e-03 | std: 0.4870 | rollout: 8.582s | update: 0.148s | total: 8.730s | samples/s: 6753
Iteration 0540 | train reward: 1405.17 | best: 1438.25 | KL: 9.598e-04 | std: 0.4870 | rollout: 8.281s | update: 0.180s | total: 8.461s | samples/s: 6997
Iteration 0541 | train reward: 1372.70 | best: 1438.25 | KL: 1.303e-03 | std: 0.4898 | rollout: 8.228s | update: 0.180s | total: 8.408s | samples/s: 6821
Iteration 0542 | train reward: 1390.42 | best: 1438.25 | KL: 1.376e-03 | std: 0.4914 | rollout: 8.356s | update: 0.152s | total: 8.508s | samples/s: 6870
Iteration 0543 | train reward: 1371.56 | best: 1438.25 | KL: 9.272e-04 | std: 0.4912 | rollout: 7.967s | update: 0.181s | total: 8.148s | samples/s: 7079
Iteration 0544 | train reward: 1380.70 | best: 1438.25 | KL: 6.497e-04 | std: 0.4922 | rollout: 8.274s | update: 0.141s | total: 8.415s | samples/s: 6889
Iteration 0545 | train reward: 1394.81 | best: 1438.25 | KL: 1.303e-03 | std: 0.4896 | rollout: 8.587s | update: 0.140s | total: 8.727s | samples/s: 6710
Iteration 0546 | train reward: 1424.76 | best: 1438.25 | KL: 1.056e-03 | std: 0.4904 | rollout: 8.492s | update: 0.643s | total: 9.135s | samples/s: 6566
Iteration 0547 | train reward: 1431.27 | best: 1438.25 | KL: 9.737e-04 | std: 0.4894 | rollout: 9.796s | update: 0.395s | total: 10.191s | samples/s: 5904
Iteration 0548 | train reward: 1425.67 | best: 1438.25 | KL: 9.199e-04 | std: 0.4896 | rollout: 8.543s | update: 0.171s | total: 8.714s | samples/s: 6926
Iteration 0549 | train reward: 1443.75 | best: 1443.75 | KL: 1.115e-03 | std: 0.4898 | rollout: 8.002s | update: 0.160s | total: 8.162s | samples/s: 7507
Iteration 0550 | train reward: 1421.66 | best: 1443.75 | KL: 1.243e-03 | std: 0.4896 | rollout: 8.364s | update: 0.242s | total: 8.606s | samples/s: 6980
Iteration 0551 | train reward: 1435.62 | best: 1443.75 | KL: 1.162e-03 | std: 0.4896 | rollout: 8.201s | update: 0.175s | total: 8.376s | samples/s: 7230
Iteration 0552 | train reward: 1439.18 | best: 1443.75 | KL: 1.339e-03 | std: 0.4887 | rollout: 7.877s | update: 0.275s | total: 8.152s | samples/s: 7434
Iteration 0553 | train reward: 1434.86 | best: 1443.75 | KL: 1.580e-03 | std: 0.4863 | rollout: 8.365s | update: 0.298s | total: 8.663s | samples/s: 7042
Iteration 0554 | train reward: 1420.97 | best: 1443.75 | KL: 7.344e-04 | std: 0.4844 | rollout: 8.297s | update: 0.191s | total: 8.488s | samples/s: 7103
Iteration 0555 | train reward: 1438.64 | best: 1443.75 | KL: 1.394e-03 | std: 0.4852 | rollout: 8.288s | update: 0.568s | total: 8.856s | samples/s: 6909
Iteration 0556 | train reward: 1454.58 | best: 1454.58 | KL: 1.080e-03 | std: 0.4851 | rollout: 8.465s | update: 0.439s | total: 8.903s | samples/s: 6953
Iteration 0557 | train reward: 1460.06 | best: 1460.06 | KL: 9.923e-04 | std: 0.4842 | rollout: 8.452s | update: 0.164s | total: 8.616s | samples/s: 7180
Iteration 0558 | train reward: 1446.46 | best: 1460.06 | KL: 8.291e-04 | std: 0.4836 | rollout: 8.253s | update: 0.140s | total: 8.392s | samples/s: 7343
Iteration 0559 | train reward: 1456.16 | best: 1460.06 | KL: 8.807e-04 | std: 0.4841 | rollout: 8.144s | update: 0.139s | total: 8.284s | samples/s: 7442
Iteration 0560 | train reward: 1448.35 | best: 1460.06 | KL: 9.959e-04 | std: 0.4835 | rollout: 7.965s | update: 0.219s | total: 8.184s | samples/s: 7547
Iteration 0561 | train reward: 1454.55 | best: 1460.06 | KL: 1.040e-03 | std: 0.4825 | rollout: 7.873s | update: 0.176s | total: 8.049s | samples/s: 7641
Iteration 0562 | train reward: 1452.39 | best: 1460.06 | KL: 1.019e-03 | std: 0.4810 | rollout: 8.174s | update: 0.260s | total: 8.434s | samples/s: 7282
Iteration 0563 | train reward: 1449.79 | best: 1460.06 | KL: 1.293e-03 | std: 0.4809 | rollout: 8.748s | update: 0.253s | total: 9.001s | samples/s: 6830
Iteration 0564 | train reward: 1458.10 | best: 1460.06 | KL: 9.780e-04 | std: 0.4816 | rollout: 8.560s | update: 0.262s | total: 8.821s | samples/s: 7052
Iteration 0565 | train reward: 1443.12 | best: 1460.06 | KL: 1.148e-03 | std: 0.4800 | rollout: 8.367s | update: 0.322s | total: 8.689s | samples/s: 7054
Iteration 0566 | train reward: 1454.84 | best: 1460.06 | KL: 1.076e-03 | std: 0.4792 | rollout: 8.861s | update: 0.422s | total: 9.284s | samples/s: 6738
Iteration 0567 | train reward: 1457.32 | best: 1460.06 | KL: 1.852e-03 | std: 0.4799 | rollout: 8.801s | update: 0.443s | total: 9.244s | samples/s: 6710
Iteration 0568 | train reward: 1470.24 | best: 1470.24 | KL: 1.518e-03 | std: 0.4782 | rollout: 8.735s | update: 0.216s | total: 8.951s | samples/s: 6977
Iteration 0569 | train reward: 1465.14 | best: 1470.24 | KL: 1.624e-03 | std: 0.4810 | rollout: 8.322s | update: 0.150s | total: 8.472s | samples/s: 7283
Iteration 0570 | train reward: 1450.56 | best: 1470.24 | KL: 1.269e-03 | std: 0.4794 | rollout: 8.080s | update: 0.274s | total: 8.354s | samples/s: 7339
Iteration 0571 | train reward: 1442.89 | best: 1470.24 | KL: 8.151e-04 | std: 0.4818 | rollout: 8.152s | update: 0.207s | total: 8.359s | samples/s: 7260
Iteration 0572 | train reward: 1454.28 | best: 1470.24 | KL: 1.815e-03 | std: 0.4844 | rollout: 7.973s | update: 0.348s | total: 8.321s | samples/s: 7395
Iteration 0573 | train reward: 1451.63 | best: 1470.24 | KL: 1.024e-03 | std: 0.4841 | rollout: 8.327s | update: 0.147s | total: 8.474s | samples/s: 7215
Iteration 0574 | train reward: 1446.13 | best: 1470.24 | KL: 8.286e-04 | std: 0.4853 | rollout: 8.330s | update: 0.208s | total: 8.538s | samples/s: 7149
Iteration 0575 | train reward: 1453.85 | best: 1470.24 | KL: 1.458e-03 | std: 0.4836 | rollout: 8.145s | update: 0.303s | total: 8.448s | samples/s: 7290
Iteration 0576 | train reward: 1432.76 | best: 1470.24 | KL: 1.052e-03 | std: 0.4860 | rollout: 8.451s | update: 0.314s | total: 8.765s | samples/s: 6916
Iteration 0577 | train reward: 1443.83 | best: 1470.24 | KL: 8.833e-04 | std: 0.4853 | rollout: 8.297s | update: 0.207s | total: 8.504s | samples/s: 7123
Iteration 0578 | train reward: 1433.64 | best: 1470.24 | KL: 8.065e-04 | std: 0.4841 | rollout: 8.281s | update: 0.202s | total: 8.483s | samples/s: 7136
Iteration 0579 | train reward: 1431.65 | best: 1470.24 | KL: 1.335e-03 | std: 0.4843 | rollout: 8.334s | update: 0.248s | total: 8.582s | samples/s: 7046
Iteration 0580 | train reward: 1432.69 | best: 1470.24 | KL: 1.340e-03 | std: 0.4853 | rollout: 7.925s | update: 0.170s | total: 8.094s | samples/s: 7444
Iteration 0581 | train reward: 1430.08 | best: 1470.24 | KL: 9.433e-04 | std: 0.4853 | rollout: 8.228s | update: 0.146s | total: 8.374s | samples/s: 7217
Iteration 0582 | train reward: 1431.09 | best: 1470.24 | KL: 1.024e-03 | std: 0.4836 | rollout: 8.339s | update: 0.148s | total: 8.487s | samples/s: 7090
Iteration 0583 | train reward: 1433.40 | best: 1470.24 | KL: 1.088e-03 | std: 0.4827 | rollout: 8.092s | update: 0.155s | total: 8.247s | samples/s: 7317
Iteration 0584 | train reward: 1443.71 | best: 1470.24 | KL: 1.408e-03 | std: 0.4818 | rollout: 8.234s | update: 0.158s | total: 8.392s | samples/s: 7214
Iteration 0585 | train reward: 1422.70 | best: 1470.24 | KL: 1.298e-03 | std: 0.4818 | rollout: 8.074s | update: 0.420s | total: 8.493s | samples/s: 7000
Iteration 0586 | train reward: 1432.73 | best: 1470.24 | KL: 1.011e-03 | std: 0.4836 | rollout: 8.519s | update: 0.278s | total: 8.797s | samples/s: 6828
Iteration 0587 | train reward: 1426.82 | best: 1470.24 | KL: 9.199e-04 | std: 0.4846 | rollout: 8.443s | update: 0.272s | total: 8.716s | samples/s: 6866
Iteration 0588 | train reward: 1419.78 | best: 1470.24 | KL: 9.443e-04 | std: 0.4851 | rollout: 9.006s | update: 0.346s | total: 9.352s | samples/s: 6364
Iteration 0589 | train reward: 1411.23 | best: 1470.24 | KL: 1.439e-03 | std: 0.4853 | rollout: 8.737s | update: 0.291s | total: 9.028s | samples/s: 6530
Iteration 0590 | train reward: 1435.64 | best: 1470.24 | KL: 1.074e-03 | std: 0.4867 | rollout: 8.451s | update: 0.176s | total: 8.627s | samples/s: 6931
Iteration 0591 | train reward: 1420.45 | best: 1470.24 | KL: 8.696e-04 | std: 0.4862 | rollout: 8.758s | update: 0.207s | total: 8.965s | samples/s: 6616
Iteration 0592 | train reward: 1440.59 | best: 1470.24 | KL: 2.214e-03 | std: 0.4860 | rollout: 8.334s | update: 0.160s | total: 8.494s | samples/s: 7090
Iteration 0593 | train reward: 1396.87 | best: 1470.24 | KL: 1.364e-03 | std: 0.4854 | rollout: 8.412s | update: 0.177s | total: 8.589s | samples/s: 6793
Iteration 0594 | train reward: 1443.80 | best: 1470.24 | KL: 9.676e-04 | std: 0.4853 | rollout: 8.840s | update: 0.551s | total: 9.391s | samples/s: 6437
Iteration 0595 | train reward: 1442.21 | best: 1470.24 | KL: 8.883e-04 | std: 0.4852 | rollout: 8.766s | update: 0.201s | total: 8.967s | samples/s: 6748
Iteration 0596 | train reward: 1447.16 | best: 1470.24 | KL: 1.708e-03 | std: 0.4827 | rollout: 8.812s | update: 0.322s | total: 9.134s | samples/s: 6634
Iteration 0597 | train reward: 1449.55 | best: 1470.24 | KL: 9.590e-04 | std: 0.4827 | rollout: 8.782s | update: 0.275s | total: 9.057s | samples/s: 6679
Iteration 0598 | train reward: 1457.36 | best: 1470.24 | KL: 1.376e-03 | std: 0.4834 | rollout: 8.426s | update: 0.160s | total: 8.586s | samples/s: 7121
Iteration 0599 | train reward: 1456.91 | best: 1470.24 | KL: 1.762e-03 | std: 0.4820 | rollout: 8.262s | update: 0.159s | total: 8.421s | samples/s: 7281
Iteration 0600 | train reward: 1443.58 | best: 1470.24 | KL: 1.263e-03 | std: 0.4820 | rollout: 8.216s | update: 0.187s | total: 8.403s | samples/s: 7184
Iteration 0601 | train reward: 1434.45 | best: 1470.24 | KL: 8.934e-04 | std: 0.4825 | rollout: 8.115s | update: 0.213s | total: 8.328s | samples/s: 7252
Iteration 0602 | train reward: 1464.67 | best: 1470.24 | KL: 1.100e-03 | std: 0.4827 | rollout: 8.030s | update: 0.138s | total: 8.167s | samples/s: 7483
Iteration 0603 | train reward: 1447.89 | best: 1470.24 | KL: 1.901e-03 | std: 0.4834 | rollout: 8.203s | update: 0.168s | total: 8.372s | samples/s: 7238
Iteration 0604 | train reward: 1453.38 | best: 1470.24 | KL: 1.018e-03 | std: 0.4834 | rollout: 8.137s | update: 0.205s | total: 8.342s | samples/s: 7317
Iteration 0605 | train reward: 1434.21 | best: 1470.24 | KL: 9.953e-04 | std: 0.4820 | rollout: 8.087s | update: 0.133s | total: 8.220s | samples/s: 7296
Iteration 0606 | train reward: 1470.26 | best: 1470.26 | KL: 7.761e-04 | std: 0.4801 | rollout: 8.100s | update: 0.280s | total: 8.380s | samples/s: 7336
Iteration 0607 | train reward: 1452.79 | best: 1470.26 | KL: 8.724e-04 | std: 0.4792 | rollout: 8.262s | update: 0.236s | total: 8.498s | samples/s: 7154
Iteration 0608 | train reward: 1465.70 | best: 1470.26 | KL: 1.732e-03 | std: 0.4790 | rollout: 8.208s | update: 0.160s | total: 8.367s | samples/s: 7354
Iteration 0609 | train reward: 1461.17 | best: 1470.26 | KL: 6.778e-04 | std: 0.4789 | rollout: 7.994s | update: 0.149s | total: 8.142s | samples/s: 7568
Iteration 0610 | train reward: 1478.92 | best: 1478.92 | KL: 1.015e-03 | std: 0.4784 | rollout: 8.157s | update: 0.344s | total: 8.500s | samples/s: 7352
Iteration 0611 | train reward: 1471.13 | best: 1478.92 | KL: 1.215e-03 | std: 0.4782 | rollout: 8.112s | update: 0.144s | total: 8.256s | samples/s: 7515
Iteration 0612 | train reward: 1467.91 | best: 1478.92 | KL: 8.182e-04 | std: 0.4768 | rollout: 8.120s | update: 0.149s | total: 8.269s | samples/s: 7512
Iteration 0613 | train reward: 1466.23 | best: 1478.92 | KL: 1.152e-03 | std: 0.4764 | rollout: 8.293s | update: 0.176s | total: 8.469s | samples/s: 7291
Iteration 0614 | train reward: 1462.88 | best: 1478.92 | KL: 1.023e-03 | std: 0.4766 | rollout: 8.118s | update: 0.171s | total: 8.289s | samples/s: 7421
Iteration 0615 | train reward: 1481.16 | best: 1481.16 | KL: 1.153e-03 | std: 0.4737 | rollout: 8.293s | update: 0.181s | total: 8.474s | samples/s: 7323
Iteration 0616 | train reward: 1472.05 | best: 1481.16 | KL: 1.570e-03 | std: 0.4716 | rollout: 8.174s | update: 0.231s | total: 8.405s | samples/s: 7391
Iteration 0617 | train reward: 1457.88 | best: 1481.16 | KL: 1.044e-03 | std: 0.4732 | rollout: 8.121s | update: 0.151s | total: 8.272s | samples/s: 7417
Iteration 0618 | train reward: 1467.49 | best: 1481.16 | KL: 9.171e-04 | std: 0.4737 | rollout: 8.294s | update: 0.287s | total: 8.581s | samples/s: 7154
Iteration 0619 | train reward: 1474.42 | best: 1481.16 | KL: 1.067e-03 | std: 0.4747 | rollout: 8.283s | update: 0.207s | total: 8.490s | samples/s: 7314
Iteration 0620 | train reward: 1470.31 | best: 1481.16 | KL: 1.613e-03 | std: 0.4756 | rollout: 8.770s | update: 0.307s | total: 9.078s | samples/s: 6830
Iteration 0621 | train reward: 1479.22 | best: 1481.16 | KL: 1.188e-03 | std: 0.4723 | rollout: 8.340s | update: 0.189s | total: 8.529s | samples/s: 7330
Iteration 0622 | train reward: 1473.98 | best: 1481.16 | KL: 9.578e-04 | std: 0.4721 | rollout: 8.109s | update: 0.133s | total: 8.242s | samples/s: 7552
Iteration 0623 | train reward: 1477.84 | best: 1481.16 | KL: 1.181e-03 | std: 0.4713 | rollout: 8.382s | update: 0.135s | total: 8.518s | samples/s: 7327
Iteration 0624 | train reward: 1472.70 | best: 1481.16 | KL: 1.758e-03 | std: 0.4721 | rollout: 9.080s | update: 0.159s | total: 9.239s | samples/s: 6756
Iteration 0625 | train reward: 1470.06 | best: 1481.16 | KL: 1.237e-03 | std: 0.4739 | rollout: 8.755s | update: 0.403s | total: 9.158s | samples/s: 6756
Iteration 0626 | train reward: 1467.48 | best: 1481.16 | KL: 9.717e-04 | std: 0.4723 | rollout: 9.180s | update: 0.205s | total: 9.385s | samples/s: 6609
Iteration 0627 | train reward: 1467.71 | best: 1481.16 | KL: 1.108e-03 | std: 0.4739 | rollout: 8.538s | update: 0.167s | total: 8.705s | samples/s: 7118
Iteration 0628 | train reward: 1464.24 | best: 1481.16 | KL: 2.383e-03 | std: 0.4740 | rollout: 8.317s | update: 0.185s | total: 8.502s | samples/s: 7261
Iteration 0629 | train reward: 1463.78 | best: 1481.16 | KL: 1.256e-03 | std: 0.4730 | rollout: 8.347s | update: 0.201s | total: 8.548s | samples/s: 7252
Iteration 0630 | train reward: 1477.32 | best: 1481.16 | KL: 1.538e-03 | std: 0.4721 | rollout: 8.107s | update: 0.183s | total: 8.291s | samples/s: 7562
Iteration 0631 | train reward: 1459.87 | best: 1481.16 | KL: 1.176e-03 | std: 0.4742 | rollout: 8.184s | update: 0.155s | total: 8.339s | samples/s: 7407
Iteration 0632 | train reward: 1459.46 | best: 1481.16 | KL: 1.555e-03 | std: 0.4747 | rollout: 8.515s | update: 0.163s | total: 8.677s | samples/s: 7101
Iteration 0633 | train reward: 1450.61 | best: 1481.16 | KL: 9.356e-04 | std: 0.4739 | rollout: 8.225s | update: 0.260s | total: 8.485s | samples/s: 7204
Iteration 0634 | train reward: 1452.91 | best: 1481.16 | KL: 9.328e-04 | std: 0.4737 | rollout: 7.953s | update: 0.233s | total: 8.185s | samples/s: 7420
Iteration 0635 | train reward: 1445.78 | best: 1481.16 | KL: 1.248e-03 | std: 0.4740 | rollout: 8.235s | update: 0.248s | total: 8.483s | samples/s: 7178
Iteration 0636 | train reward: 1464.19 | best: 1481.16 | KL: 1.618e-03 | std: 0.4732 | rollout: 8.595s | update: 0.361s | total: 8.956s | samples/s: 6890
Iteration 0637 | train reward: 1467.05 | best: 1481.16 | KL: 1.914e-03 | std: 0.4738 | rollout: 8.081s | update: 0.171s | total: 8.252s | samples/s: 7457
Iteration 0638 | train reward: 1466.30 | best: 1481.16 | KL: 8.308e-04 | std: 0.4740 | rollout: 8.436s | update: 0.164s | total: 8.600s | samples/s: 7174
Iteration 0639 | train reward: 1448.27 | best: 1481.16 | KL: 9.348e-04 | std: 0.4730 | rollout: 8.373s | update: 0.195s | total: 8.569s | samples/s: 7058
Iteration 0640 | train reward: 1463.49 | best: 1481.16 | KL: 9.181e-04 | std: 0.4732 | rollout: 8.278s | update: 0.266s | total: 8.544s | samples/s: 7194
Iteration 0641 | train reward: 1452.35 | best: 1481.16 | KL: 1.445e-03 | std: 0.4747 | rollout: 8.688s | update: 0.170s | total: 8.859s | samples/s: 6835
Iteration 0642 | train reward: 1452.44 | best: 1481.16 | KL: 1.030e-03 | std: 0.4741 | rollout: 8.705s | update: 0.138s | total: 8.843s | samples/s: 6858
Iteration 0643 | train reward: 1448.92 | best: 1481.16 | KL: 9.902e-04 | std: 0.4730 | rollout: 7.984s | update: 0.181s | total: 8.165s | samples/s: 7399
Iteration 0644 | train reward: 1445.68 | best: 1481.16 | KL: 1.224e-03 | std: 0.4714 | rollout: 7.941s | update: 0.223s | total: 8.164s | samples/s: 7418
Iteration 0645 | train reward: 1458.06 | best: 1481.16 | KL: 8.955e-04 | std: 0.4723 | rollout: 8.056s | update: 0.175s | total: 8.232s | samples/s: 7427
Iteration 0646 | train reward: 1478.16 | best: 1481.16 | KL: 1.053e-03 | std: 0.4732 | rollout: 8.066s | update: 0.161s | total: 8.227s | samples/s: 7542
Iteration 0647 | train reward: 1471.93 | best: 1481.16 | KL: 1.368e-03 | std: 0.4714 | rollout: 8.146s | update: 0.142s | total: 8.289s | samples/s: 7427
Iteration 0648 | train reward: 1467.64 | best: 1481.16 | KL: 1.125e-03 | std: 0.4704 | rollout: 8.120s | update: 0.279s | total: 8.399s | samples/s: 7354
Iteration 0649 | train reward: 1470.09 | best: 1481.16 | KL: 1.155e-03 | std: 0.4714 | rollout: 7.856s | update: 0.284s | total: 8.139s | samples/s: 7571
Iteration 0650 | train reward: 1472.60 | best: 1481.16 | KL: 1.319e-03 | std: 0.4706 | rollout: 8.585s | update: 0.217s | total: 8.801s | samples/s: 7022
Iteration 0651 | train reward: 1448.12 | best: 1481.16 | KL: 1.253e-03 | std: 0.4714 | rollout: 9.318s | update: 0.495s | total: 9.813s | samples/s: 6218
Iteration 0652 | train reward: 1474.47 | best: 1481.16 | KL: 1.219e-03 | std: 0.4732 | rollout: 9.380s | update: 0.750s | total: 10.130s | samples/s: 6137
Iteration 0653 | train reward: 1469.68 | best: 1481.16 | KL: 1.338e-03 | std: 0.4723 | rollout: 8.813s | update: 0.158s | total: 8.971s | samples/s: 6887
Iteration 0654 | train reward: 1463.62 | best: 1481.16 | KL: 9.340e-04 | std: 0.4714 | rollout: 8.925s | update: 0.344s | total: 9.269s | samples/s: 6660
Iteration 0655 | train reward: 1474.54 | best: 1481.16 | KL: 1.889e-03 | std: 0.4714 | rollout: 8.688s | update: 0.481s | total: 9.169s | samples/s: 6791
Iteration 0656 | train reward: 1474.20 | best: 1481.16 | KL: 8.776e-04 | std: 0.4714 | rollout: 8.499s | update: 0.249s | total: 8.748s | samples/s: 7164
Iteration 0657 | train reward: 1481.30 | best: 1481.30 | KL: 9.088e-04 | std: 0.4714 | rollout: 8.433s | update: 0.162s | total: 8.595s | samples/s: 7321
Iteration 0658 | train reward: 1481.38 | best: 1481.38 | KL: 9.513e-04 | std: 0.4714 | rollout: 8.797s | update: 0.207s | total: 9.004s | samples/s: 6976
Iteration 0659 | train reward: 1472.25 | best: 1481.38 | KL: 1.123e-03 | std: 0.4721 | rollout: 8.472s | update: 0.151s | total: 8.622s | samples/s: 7239
Iteration 0660 | train reward: 1456.14 | best: 1481.38 | KL: 9.589e-04 | std: 0.4723 | rollout: 8.523s | update: 0.265s | total: 8.789s | samples/s: 7020
Iteration 0661 | train reward: 1470.44 | best: 1481.38 | KL: 9.972e-04 | std: 0.4713 | rollout: 9.643s | update: 0.300s | total: 9.944s | samples/s: 6236
Iteration 0662 | train reward: 1478.20 | best: 1481.38 | KL: 9.790e-04 | std: 0.4690 | rollout: 8.426s | update: 0.164s | total: 8.590s | samples/s: 7240
Iteration 0663 | train reward: 1462.86 | best: 1481.38 | KL: 1.089e-03 | std: 0.4678 | rollout: 8.215s | update: 0.157s | total: 8.372s | samples/s: 7330
Iteration 0664 | train reward: 1450.88 | best: 1481.38 | KL: 1.132e-03 | std: 0.4662 | rollout: 8.525s | update: 0.279s | total: 8.805s | samples/s: 6927
Iteration 0665 | train reward: 1447.04 | best: 1481.38 | KL: 1.052e-03 | std: 0.4659 | rollout: 8.755s | update: 0.147s | total: 8.903s | samples/s: 6810
Iteration 0666 | train reward: 1458.44 | best: 1481.38 | KL: 1.493e-03 | std: 0.4661 | rollout: 8.588s | update: 0.164s | total: 8.751s | samples/s: 7016
Iteration 0667 | train reward: 1461.29 | best: 1481.38 | KL: 1.091e-03 | std: 0.4680 | rollout: 8.326s | update: 0.150s | total: 8.476s | samples/s: 7225
Iteration 0668 | train reward: 1463.73 | best: 1481.38 | KL: 8.601e-04 | std: 0.4671 | rollout: 8.428s | update: 0.159s | total: 8.587s | samples/s: 7132
Iteration 0669 | train reward: 1434.32 | best: 1481.38 | KL: 1.185e-03 | std: 0.4687 | rollout: 8.760s | update: 0.278s | total: 9.038s | samples/s: 6643
Iteration 0670 | train reward: 1455.02 | best: 1481.38 | KL: 8.892e-04 | std: 0.4687 | rollout: 9.469s | update: 0.262s | total: 9.731s | samples/s: 6274
Iteration 0671 | train reward: 1445.70 | best: 1481.38 | KL: 1.469e-03 | std: 0.4662 | rollout: 8.667s | update: 0.303s | total: 8.969s | samples/s: 6735
Iteration 0672 | train reward: 1445.90 | best: 1481.38 | KL: 1.119e-03 | std: 0.4661 | rollout: 9.903s | update: 0.503s | total: 10.406s | samples/s: 5806
Iteration 0673 | train reward: 1459.57 | best: 1481.38 | KL: 1.346e-03 | std: 0.4661 | rollout: 9.034s | update: 0.569s | total: 9.604s | samples/s: 6314
Iteration 0674 | train reward: 1434.91 | best: 1481.38 | KL: 9.972e-04 | std: 0.4661 | rollout: 8.770s | update: 0.209s | total: 8.980s | samples/s: 6707
Iteration 0675 | train reward: 1456.50 | best: 1481.38 | KL: 1.324e-03 | std: 0.4659 | rollout: 8.892s | update: 0.548s | total: 9.440s | samples/s: 6461
Iteration 0676 | train reward: 1460.07 | best: 1481.38 | KL: 6.647e-04 | std: 0.4661 | rollout: 8.676s | update: 0.411s | total: 9.086s | samples/s: 6727
Iteration 0677 | train reward: 1462.81 | best: 1481.38 | KL: 1.229e-03 | std: 0.4659 | rollout: 8.441s | update: 0.355s | total: 8.796s | samples/s: 6960
Iteration 0678 | train reward: 1465.94 | best: 1481.38 | KL: 1.782e-03 | std: 0.4662 | rollout: 8.404s | update: 0.456s | total: 8.860s | samples/s: 6905
Iteration 0679 | train reward: 1466.83 | best: 1481.38 | KL: 1.010e-03 | std: 0.4661 | rollout: 8.507s | update: 0.447s | total: 8.954s | samples/s: 6870
Iteration 0680 | train reward: 1462.57 | best: 1481.38 | KL: 1.144e-03 | std: 0.4661 | rollout: 8.613s | update: 0.187s | total: 8.800s | samples/s: 6949
Iteration 0681 | train reward: 1485.59 | best: 1485.59 | KL: 1.045e-03 | std: 0.4643 | rollout: 8.793s | update: 0.164s | total: 8.957s | samples/s: 6908
Iteration 0682 | train reward: 1461.71 | best: 1485.59 | KL: 1.611e-03 | std: 0.4643 | rollout: 8.629s | update: 0.413s | total: 9.042s | samples/s: 6759
Iteration 0683 | train reward: 1480.09 | best: 1485.59 | KL: 8.877e-04 | std: 0.4652 | rollout: 8.702s | update: 0.352s | total: 9.054s | samples/s: 6815
Iteration 0684 | train reward: 1461.45 | best: 1485.59 | KL: 1.222e-03 | std: 0.4634 | rollout: 8.812s | update: 0.206s | total: 9.018s | samples/s: 6720
Iteration 0685 | train reward: 1457.51 | best: 1485.59 | KL: 1.362e-03 | std: 0.4610 | rollout: 8.403s | update: 0.228s | total: 8.631s | samples/s: 7027
Iteration 0686 | train reward: 1455.37 | best: 1485.59 | KL: 1.094e-03 | std: 0.4609 | rollout: 8.745s | update: 0.318s | total: 9.063s | samples/s: 6660
Iteration 0687 | train reward: 1460.74 | best: 1485.59 | KL: 1.046e-03 | std: 0.4610 | rollout: 8.729s | update: 0.186s | total: 8.915s | samples/s: 6773
Iteration 0688 | train reward: 1410.04 | best: 1485.59 | KL: 1.906e-03 | std: 0.4646 | rollout: 7.870s | update: 0.141s | total: 8.011s | samples/s: 7261
Iteration 0689 | train reward: 1421.54 | best: 1485.59 | KL: 1.292e-03 | std: 0.4677 | rollout: 8.150s | update: 0.166s | total: 8.317s | samples/s: 7045
Iteration 0690 | train reward: 1426.37 | best: 1485.59 | KL: 1.194e-03 | std: 0.4687 | rollout: 7.920s | update: 0.160s | total: 8.080s | samples/s: 7287
Iteration 0691 | train reward: 1399.99 | best: 1485.59 | KL: 1.366e-03 | std: 0.4670 | rollout: 8.153s | update: 0.161s | total: 8.313s | samples/s: 6977
Iteration 0692 | train reward: 1404.92 | best: 1485.59 | KL: 1.009e-03 | std: 0.4659 | rollout: 8.410s | update: 0.143s | total: 8.552s | samples/s: 6794
Iteration 0693 | train reward: 1415.47 | best: 1485.59 | KL: 9.019e-04 | std: 0.4664 | rollout: 8.141s | update: 0.214s | total: 8.355s | samples/s: 6996
Iteration 0694 | train reward: 1455.76 | best: 1485.59 | KL: 9.459e-04 | std: 0.4664 | rollout: 8.258s | update: 0.169s | total: 8.427s | samples/s: 7165
Iteration 0695 | train reward: 1430.50 | best: 1485.59 | KL: 1.734e-03 | std: 0.4662 | rollout: 8.046s | update: 0.188s | total: 8.234s | samples/s: 7164
Iteration 0696 | train reward: 1458.44 | best: 1485.59 | KL: 1.494e-03 | std: 0.4652 | rollout: 8.162s | update: 0.199s | total: 8.361s | samples/s: 7244
Iteration 0697 | train reward: 1447.56 | best: 1485.59 | KL: 1.125e-03 | std: 0.4636 | rollout: 8.226s | update: 0.210s | total: 8.437s | samples/s: 7117
Iteration 0698 | train reward: 1432.79 | best: 1485.59 | KL: 1.097e-03 | std: 0.4636 | rollout: 8.448s | update: 0.275s | total: 8.723s | samples/s: 6793
Iteration 0699 | train reward: 1423.08 | best: 1485.59 | KL: 1.103e-03 | std: 0.4643 | rollout: 8.197s | update: 0.250s | total: 8.447s | samples/s: 6943
Iteration 0700 | train reward: 1429.38 | best: 1485.59 | KL: 9.402e-04 | std: 0.4633 | rollout: 8.304s | update: 0.150s | total: 8.454s | samples/s: 6975
Iteration 0701 | train reward: 1431.45 | best: 1485.59 | KL: 1.445e-03 | std: 0.4620 | rollout: 8.280s | update: 0.254s | total: 8.534s | samples/s: 6907
Iteration 0702 | train reward: 1440.54 | best: 1485.59 | KL: 1.328e-03 | std: 0.4611 | rollout: 8.124s | update: 0.200s | total: 8.325s | samples/s: 7141
Iteration 0703 | train reward: 1439.29 | best: 1485.59 | KL: 7.792e-04 | std: 0.4628 | rollout: 8.291s | update: 0.253s | total: 8.544s | samples/s: 6961
Iteration 0704 | train reward: 1459.70 | best: 1485.59 | KL: 1.131e-03 | std: 0.4637 | rollout: 8.375s | update: 0.215s | total: 8.590s | samples/s: 6999
Iteration 0705 | train reward: 1453.12 | best: 1485.59 | KL: 1.309e-03 | std: 0.4637 | rollout: 7.907s | update: 0.387s | total: 8.294s | samples/s: 7267
Iteration 0706 | train reward: 1454.87 | best: 1485.59 | KL: 1.138e-03 | std: 0.4637 | rollout: 8.326s | update: 0.212s | total: 8.538s | samples/s: 7060
Iteration 0707 | train reward: 1430.34 | best: 1485.59 | KL: 1.611e-03 | std: 0.4644 | rollout: 8.255s | update: 0.167s | total: 8.422s | samples/s: 7034
Iteration 0708 | train reward: 1462.12 | best: 1485.59 | KL: 8.007e-04 | std: 0.4638 | rollout: 8.107s | update: 0.271s | total: 8.378s | samples/s: 7255
Iteration 0709 | train reward: 1474.44 | best: 1485.59 | KL: 1.212e-03 | std: 0.4671 | rollout: 7.893s | update: 0.141s | total: 8.034s | samples/s: 7633
Iteration 0710 | train reward: 1475.45 | best: 1485.59 | KL: 8.663e-04 | std: 0.4661 | rollout: 8.235s | update: 0.148s | total: 8.383s | samples/s: 7325
Iteration 0711 | train reward: 1466.43 | best: 1485.59 | KL: 1.120e-03 | std: 0.4645 | rollout: 8.408s | update: 0.175s | total: 8.582s | samples/s: 7143
Iteration 0712 | train reward: 1469.76 | best: 1485.59 | KL: 1.154e-03 | std: 0.4636 | rollout: 8.302s | update: 0.198s | total: 8.500s | samples/s: 7230
Iteration 0713 | train reward: 1464.33 | best: 1485.59 | KL: 2.027e-03 | std: 0.4636 | rollout: 8.136s | update: 0.170s | total: 8.306s | samples/s: 7330
Iteration 0714 | train reward: 1428.78 | best: 1485.59 | KL: 1.113e-03 | std: 0.4610 | rollout: 8.249s | update: 0.189s | total: 8.438s | samples/s: 7019
Iteration 0715 | train reward: 1459.91 | best: 1485.59 | KL: 1.454e-03 | std: 0.4600 | rollout: 8.062s | update: 0.199s | total: 8.260s | samples/s: 7290
Iteration 0716 | train reward: 1473.22 | best: 1485.59 | KL: 9.458e-04 | std: 0.4607 | rollout: 8.241s | update: 0.229s | total: 8.469s | samples/s: 7196
Iteration 0717 | train reward: 1457.91 | best: 1485.59 | KL: 1.189e-03 | std: 0.4611 | rollout: 8.195s | update: 0.391s | total: 8.587s | samples/s: 7063
Iteration 0718 | train reward: 1468.21 | best: 1485.59 | KL: 8.956e-04 | std: 0.4609 | rollout: 8.847s | update: 0.203s | total: 9.050s | samples/s: 6723
Iteration 0719 | train reward: 1451.86 | best: 1485.59 | KL: 1.650e-03 | std: 0.4625 | rollout: 8.976s | update: 0.346s | total: 9.323s | samples/s: 6446
Iteration 0720 | train reward: 1458.39 | best: 1485.59 | KL: 1.528e-03 | std: 0.4611 | rollout: 8.776s | update: 0.309s | total: 9.084s | samples/s: 6663
Iteration 0721 | train reward: 1444.70 | best: 1485.59 | KL: 1.459e-03 | std: 0.4618 | rollout: 8.630s | update: 0.497s | total: 9.127s | samples/s: 6603
Iteration 0722 | train reward: 1464.99 | best: 1485.59 | KL: 1.007e-03 | std: 0.4609 | rollout: 8.451s | update: 0.158s | total: 8.608s | samples/s: 7092
Iteration 0723 | train reward: 1473.99 | best: 1485.59 | KL: 1.093e-03 | std: 0.4607 | rollout: 8.703s | update: 0.230s | total: 8.933s | samples/s: 6906
Iteration 0724 | train reward: 1471.60 | best: 1485.59 | KL: 1.045e-03 | std: 0.4610 | rollout: 8.493s | update: 0.404s | total: 8.897s | samples/s: 6900
Iteration 0725 | train reward: 1468.34 | best: 1485.59 | KL: 1.719e-03 | std: 0.4610 | rollout: 8.624s | update: 0.269s | total: 8.892s | samples/s: 6896
Iteration 0726 | train reward: 1457.70 | best: 1485.59 | KL: 1.306e-03 | std: 0.4609 | rollout: 8.883s | update: 0.312s | total: 9.195s | samples/s: 6601
Iteration 0727 | train reward: 1468.84 | best: 1485.59 | KL: 1.087e-03 | std: 0.4610 | rollout: 9.270s | update: 0.325s | total: 9.595s | samples/s: 6373
Iteration 0728 | train reward: 1460.44 | best: 1485.59 | KL: 1.612e-03 | std: 0.4627 | rollout: 8.970s | update: 0.194s | total: 9.164s | samples/s: 6624
Iteration 0729 | train reward: 1461.27 | best: 1485.59 | KL: 1.008e-03 | std: 0.4626 | rollout: 9.066s | update: 0.351s | total: 9.417s | samples/s: 6463
Iteration 0730 | train reward: 1480.53 | best: 1485.59 | KL: 1.292e-03 | std: 0.4633 | rollout: 8.717s | update: 0.217s | total: 8.934s | samples/s: 6906
Iteration 0731 | train reward: 1453.79 | best: 1485.59 | KL: 6.945e-04 | std: 0.4628 | rollout: 8.647s | update: 0.224s | total: 8.872s | samples/s: 6819
Iteration 0732 | train reward: 1466.78 | best: 1485.59 | KL: 1.098e-03 | std: 0.4617 | rollout: 8.779s | update: 0.256s | total: 9.036s | samples/s: 6757
Iteration 0733 | train reward: 1462.17 | best: 1485.59 | KL: 1.118e-03 | std: 0.4619 | rollout: 8.837s | update: 0.169s | total: 9.006s | samples/s: 6762
Iteration 0734 | train reward: 1457.76 | best: 1485.59 | KL: 1.321e-03 | std: 0.4609 | rollout: 9.215s | update: 0.236s | total: 9.452s | samples/s: 6397
Iteration 0735 | train reward: 1455.34 | best: 1485.59 | KL: 1.241e-03 | std: 0.4602 | rollout: 8.746s | update: 0.280s | total: 9.026s | samples/s: 6689
Iteration 0736 | train reward: 1461.06 | best: 1485.59 | KL: 1.174e-03 | std: 0.4583 | rollout: 8.594s | update: 0.365s | total: 8.960s | samples/s: 6780
Iteration 0737 | train reward: 1447.71 | best: 1485.59 | KL: 1.158e-03 | std: 0.4583 | rollout: 8.219s | update: 0.772s | total: 8.990s | samples/s: 6675
Iteration 0738 | train reward: 1435.34 | best: 1485.59 | KL: 1.671e-03 | std: 0.4573 | rollout: 8.278s | update: 0.140s | total: 8.417s | samples/s: 7033
Iteration 0739 | train reward: 1456.76 | best: 1485.59 | KL: 1.691e-03 | std: 0.4575 | rollout: 8.522s | update: 0.417s | total: 8.939s | samples/s: 6713
Iteration 0740 | train reward: 1444.13 | best: 1485.59 | KL: 1.303e-03 | std: 0.4583 | rollout: 8.215s | update: 0.321s | total: 8.536s | samples/s: 7000
Iteration 0741 | train reward: 1455.74 | best: 1485.59 | KL: 1.210e-03 | std: 0.4583 | rollout: 9.126s | update: 0.339s | total: 9.466s | samples/s: 6363
Iteration 0742 | train reward: 1433.86 | best: 1485.59 | KL: 1.528e-03 | std: 0.4591 | rollout: 9.259s | update: 0.355s | total: 9.613s | samples/s: 6167
Iteration 0743 | train reward: 1442.65 | best: 1485.59 | KL: 1.723e-03 | std: 0.4600 | rollout: 9.197s | update: 0.193s | total: 9.391s | samples/s: 6349
Iteration 0744 | train reward: 1452.53 | best: 1485.59 | KL: 1.880e-03 | std: 0.4594 | rollout: 8.518s | update: 0.458s | total: 8.976s | samples/s: 6696
Iteration 0745 | train reward: 1445.55 | best: 1485.59 | KL: 9.527e-04 | std: 0.4591 | rollout: 9.067s | update: 0.504s | total: 9.571s | samples/s: 6255
Iteration 0746 | train reward: 1459.96 | best: 1485.59 | KL: 8.003e-04 | std: 0.4583 | rollout: 9.274s | update: 0.276s | total: 9.550s | samples/s: 6288
Iteration 0747 | train reward: 1449.64 | best: 1485.59 | KL: 1.457e-03 | std: 0.4586 | rollout: 9.286s | update: 0.259s | total: 9.545s | samples/s: 6315
Iteration 0748 | train reward: 1430.61 | best: 1485.59 | KL: 7.983e-04 | std: 0.4581 | rollout: 8.722s | update: 0.275s | total: 8.997s | samples/s: 6586
Iteration 0749 | train reward: 1442.02 | best: 1485.59 | KL: 1.082e-03 | std: 0.4584 | rollout: 8.802s | update: 0.159s | total: 8.961s | samples/s: 6659
Iteration 0750 | train reward: 1442.13 | best: 1485.59 | KL: 1.513e-03 | std: 0.4607 | rollout: 8.535s | update: 0.567s | total: 9.102s | samples/s: 6559
Iteration 0751 | train reward: 1442.03 | best: 1485.59 | KL: 1.363e-03 | std: 0.4618 | rollout: 9.024s | update: 0.563s | total: 9.587s | samples/s: 6251
Iteration 0752 | train reward: 1441.59 | best: 1485.59 | KL: 9.104e-04 | std: 0.4627 | rollout: 10.212s | update: 0.291s | total: 10.503s | samples/s: 5689
Iteration 0753 | train reward: 1440.23 | best: 1485.59 | KL: 1.447e-03 | std: 0.4633 | rollout: 10.108s | update: 0.248s | total: 10.355s | samples/s: 5758
Iteration 0754 | train reward: 1438.17 | best: 1485.59 | KL: 8.264e-04 | std: 0.4617 | rollout: 9.996s | update: 0.234s | total: 10.230s | samples/s: 5827
Iteration 0755 | train reward: 1441.58 | best: 1485.59 | KL: 1.209e-03 | std: 0.4633 | rollout: 9.389s | update: 0.291s | total: 9.680s | samples/s: 6150
Iteration 0756 | train reward: 1436.93 | best: 1485.59 | KL: 8.500e-04 | std: 0.4619 | rollout: 9.138s | update: 0.487s | total: 9.625s | samples/s: 6213
Iteration 0757 | train reward: 1438.63 | best: 1485.59 | KL: 1.063e-03 | std: 0.4607 | rollout: 8.989s | update: 0.360s | total: 9.349s | samples/s: 6415
Iteration 0758 | train reward: 1448.00 | best: 1485.59 | KL: 1.280e-03 | std: 0.4600 | rollout: 9.408s | update: 0.319s | total: 9.727s | samples/s: 6186
Iteration 0759 | train reward: 1453.27 | best: 1485.59 | KL: 1.463e-03 | std: 0.4609 | rollout: 9.482s | update: 0.508s | total: 9.990s | samples/s: 6008
Iteration 0760 | train reward: 1416.87 | best: 1485.59 | KL: 1.031e-03 | std: 0.4601 | rollout: 9.996s | update: 0.493s | total: 10.489s | samples/s: 5603
Iteration 0761 | train reward: 1456.21 | best: 1485.59 | KL: 1.736e-03 | std: 0.4600 | rollout: 9.083s | update: 0.404s | total: 9.487s | samples/s: 6401
Iteration 0762 | train reward: 1397.47 | best: 1485.59 | KL: 7.199e-04 | std: 0.4593 | rollout: 9.172s | update: 0.445s | total: 9.617s | samples/s: 6058
Iteration 0763 | train reward: 1412.95 | best: 1485.59 | KL: 9.643e-04 | std: 0.4609 | rollout: 8.867s | update: 0.290s | total: 9.157s | samples/s: 6372
Iteration 0764 | train reward: 1447.87 | best: 1485.59 | KL: 1.156e-03 | std: 0.4593 | rollout: 8.661s | update: 0.414s | total: 9.075s | samples/s: 6584
Iteration 0765 | train reward: 1448.28 | best: 1485.59 | KL: 1.875e-03 | std: 0.4594 | rollout: 8.294s | update: 0.162s | total: 8.456s | samples/s: 7105
Iteration 0766 | train reward: 1460.67 | best: 1485.59 | KL: 8.857e-04 | std: 0.4609 | rollout: 8.512s | update: 0.383s | total: 8.895s | samples/s: 6831
Iteration 0767 | train reward: 1453.38 | best: 1485.59 | KL: 1.042e-03 | std: 0.4593 | rollout: 8.257s | update: 0.170s | total: 8.427s | samples/s: 7151
Iteration 0768 | train reward: 1454.69 | best: 1485.59 | KL: 1.630e-03 | std: 0.4581 | rollout: 8.537s | update: 0.321s | total: 8.859s | samples/s: 6803
Iteration 0769 | train reward: 1452.17 | best: 1485.59 | KL: 1.338e-03 | std: 0.4567 | rollout: 8.246s | update: 0.138s | total: 8.384s | samples/s: 7201
Iteration 0770 | train reward: 1452.58 | best: 1485.59 | KL: 1.328e-03 | std: 0.4540 | rollout: 8.216s | update: 0.233s | total: 8.449s | samples/s: 7126
Iteration 0771 | train reward: 1464.48 | best: 1485.59 | KL: 1.067e-03 | std: 0.4534 | rollout: 8.550s | update: 0.291s | total: 8.841s | samples/s: 6867
Iteration 0772 | train reward: 1454.50 | best: 1485.59 | KL: 1.894e-03 | std: 0.4531 | rollout: 8.515s | update: 0.203s | total: 8.718s | samples/s: 6939
Iteration 0773 | train reward: 1463.31 | best: 1485.59 | KL: 1.279e-03 | std: 0.4533 | rollout: 7.938s | update: 0.195s | total: 8.133s | samples/s: 7462
Iteration 0774 | train reward: 1466.25 | best: 1485.59 | KL: 1.343e-03 | std: 0.4529 | rollout: 8.552s | update: 0.260s | total: 8.811s | samples/s: 6924
Iteration 0775 | train reward: 1474.88 | best: 1485.59 | KL: 1.067e-03 | std: 0.4513 | rollout: 9.079s | update: 0.357s | total: 9.437s | samples/s: 6549
Iteration 0776 | train reward: 1456.56 | best: 1485.59 | KL: 1.747e-03 | std: 0.4523 | rollout: 8.766s | update: 0.152s | total: 8.918s | samples/s: 6808
Iteration 0777 | train reward: 1469.79 | best: 1485.59 | KL: 1.463e-03 | std: 0.4507 | rollout: 8.270s | update: 0.314s | total: 8.584s | samples/s: 7129
Iteration 0778 | train reward: 1482.31 | best: 1485.59 | KL: 1.439e-03 | std: 0.4503 | rollout: 8.353s | update: 0.199s | total: 8.552s | samples/s: 7217
Iteration 0779 | train reward: 1458.76 | best: 1485.59 | KL: 1.531e-03 | std: 0.4531 | rollout: 8.620s | update: 0.209s | total: 8.829s | samples/s: 6885
Iteration 0780 | train reward: 1439.65 | best: 1485.59 | KL: 1.212e-03 | std: 0.4513 | rollout: 8.842s | update: 0.576s | total: 9.418s | samples/s: 6342
Iteration 0781 | train reward: 1481.23 | best: 1485.59 | KL: 1.331e-03 | std: 0.4503 | rollout: 8.357s | update: 0.155s | total: 8.512s | samples/s: 7266
Iteration 0782 | train reward: 1472.98 | best: 1485.59 | KL: 8.393e-04 | std: 0.4505 | rollout: 8.737s | update: 0.153s | total: 8.891s | samples/s: 6900
Iteration 0783 | train reward: 1489.82 | best: 1489.82 | KL: 1.054e-03 | std: 0.4505 | rollout: 8.397s | update: 0.154s | total: 8.551s | samples/s: 7262
Iteration 0784 | train reward: 1478.97 | best: 1489.82 | KL: 1.112e-03 | std: 0.4515 | rollout: 8.723s | update: 0.190s | total: 8.913s | samples/s: 6893
Iteration 0785 | train reward: 1457.10 | best: 1489.82 | KL: 1.413e-03 | std: 0.4523 | rollout: 7.826s | update: 0.137s | total: 7.963s | samples/s: 7581
Iteration 0786 | train reward: 1454.98 | best: 1489.82 | KL: 1.729e-03 | std: 0.4482 | rollout: 8.230s | update: 0.142s | total: 8.372s | samples/s: 7205
Iteration 0787 | train reward: 1475.89 | best: 1489.82 | KL: 1.035e-03 | std: 0.4471 | rollout: 8.419s | update: 0.169s | total: 8.588s | samples/s: 7132
Iteration 0788 | train reward: 1480.52 | best: 1489.82 | KL: 1.009e-03 | std: 0.4454 | rollout: 9.425s | update: 0.265s | total: 9.690s | samples/s: 6332
Iteration 0789 | train reward: 1462.90 | best: 1489.82 | KL: 9.132e-04 | std: 0.4452 | rollout: 8.916s | update: 0.268s | total: 9.185s | samples/s: 6609
Iteration 0790 | train reward: 1471.79 | best: 1489.82 | KL: 1.023e-03 | std: 0.4451 | rollout: 8.910s | update: 0.220s | total: 9.129s | samples/s: 6687
Iteration 0791 | train reward: 1470.89 | best: 1489.82 | KL: 1.151e-03 | std: 0.4455 | rollout: 9.974s | update: 0.580s | total: 10.554s | samples/s: 5794
Iteration 0792 | train reward: 1442.69 | best: 1489.82 | KL: 1.297e-03 | std: 0.4443 | rollout: 9.755s | update: 0.596s | total: 10.351s | samples/s: 5792
Iteration 0793 | train reward: 1479.17 | best: 1489.82 | KL: 8.995e-04 | std: 0.4437 | rollout: 10.331s | update: 0.391s | total: 10.722s | samples/s: 5748
Iteration 0794 | train reward: 1484.29 | best: 1489.82 | KL: 1.179e-03 | std: 0.4435 | rollout: 8.736s | update: 0.191s | total: 8.927s | samples/s: 6941
Iteration 0795 | train reward: 1482.86 | best: 1489.82 | KL: 1.548e-03 | std: 0.4430 | rollout: 8.949s | update: 0.371s | total: 9.319s | samples/s: 6620
Iteration 0796 | train reward: 1477.81 | best: 1489.82 | KL: 1.112e-03 | std: 0.4437 | rollout: 8.969s | update: 0.167s | total: 9.135s | samples/s: 6723
Iteration 0797 | train reward: 1479.05 | best: 1489.82 | KL: 1.082e-03 | std: 0.4437 | rollout: 9.543s | update: 0.253s | total: 9.795s | samples/s: 6315
Iteration 0798 | train reward: 1495.13 | best: 1495.13 | KL: 1.159e-03 | std: 0.4435 | rollout: 8.986s | update: 0.163s | total: 9.149s | samples/s: 6803
Iteration 0799 | train reward: 1490.64 | best: 1495.13 | KL: 1.367e-03 | std: 0.4445 | rollout: 8.445s | update: 0.298s | total: 8.743s | samples/s: 7114
Iteration 0800 | train reward: 1486.79 | best: 1495.13 | KL: 2.092e-03 | std: 0.4437 | rollout: 8.559s | update: 0.228s | total: 8.786s | samples/s: 7037
Iteration 0801 | train reward: 1497.90 | best: 1497.90 | KL: 1.537e-03 | std: 0.4443 | rollout: 8.270s | update: 0.396s | total: 8.666s | samples/s: 7214
Iteration 0802 | train reward: 1480.80 | best: 1497.90 | KL: 1.212e-03 | std: 0.4435 | rollout: 8.965s | update: 0.240s | total: 9.205s | samples/s: 6708
Iteration 0803 | train reward: 1480.85 | best: 1497.90 | KL: 1.253e-03 | std: 0.4451 | rollout: 8.887s | update: 0.298s | total: 9.185s | samples/s: 6747
Iteration 0804 | train reward: 1494.01 | best: 1497.90 | KL: 8.758e-04 | std: 0.4451 | rollout: 8.412s | update: 0.236s | total: 8.647s | samples/s: 7226
Iteration 0805 | train reward: 1507.41 | best: 1507.41 | KL: 9.678e-04 | std: 0.4443 | rollout: 8.330s | update: 0.192s | total: 8.522s | samples/s: 7408
Iteration 0806 | train reward: 1490.68 | best: 1507.41 | KL: 1.414e-03 | std: 0.4453 | rollout: 10.781s | update: 0.297s | total: 11.078s | samples/s: 5626
Iteration 0807 | train reward: 1492.16 | best: 1507.41 | KL: 1.530e-03 | std: 0.4435 | rollout: 10.986s | update: 0.455s | total: 11.441s | samples/s: 5465
Iteration 0808 | train reward: 1499.34 | best: 1507.41 | KL: 1.344e-03 | std: 0.4443 | rollout: 10.343s | update: 0.339s | total: 10.682s | samples/s: 5844
Iteration 0809 | train reward: 1489.62 | best: 1507.41 | KL: 1.033e-03 | std: 0.4435 | rollout: 8.242s | update: 0.254s | total: 8.496s | samples/s: 7311
Iteration 0810 | train reward: 1474.96 | best: 1507.41 | KL: 1.375e-03 | std: 0.4427 | rollout: 8.199s | update: 0.351s | total: 8.550s | samples/s: 7231
Iteration 0811 | train reward: 1478.89 | best: 1507.41 | KL: 1.238e-03 | std: 0.4430 | rollout: 8.301s | update: 0.231s | total: 8.532s | samples/s: 7246
Iteration 0812 | train reward: 1505.78 | best: 1507.41 | KL: 1.218e-03 | std: 0.4429 | rollout: 8.004s | update: 0.276s | total: 8.280s | samples/s: 7605
Iteration 0813 | train reward: 1484.63 | best: 1507.41 | KL: 1.678e-03 | std: 0.4426 | rollout: 8.202s | update: 0.194s | total: 8.396s | samples/s: 7419
Iteration 0814 | train reward: 1494.90 | best: 1507.41 | KL: 9.042e-04 | std: 0.4429 | rollout: 8.569s | update: 0.224s | total: 8.793s | samples/s: 7115
Iteration 0815 | train reward: 1499.47 | best: 1507.41 | KL: 1.188e-03 | std: 0.4425 | rollout: 8.731s | update: 0.282s | total: 9.014s | samples/s: 6947
Iteration 0816 | train reward: 1488.39 | best: 1507.41 | KL: 8.509e-04 | std: 0.4427 | rollout: 8.163s | update: 0.156s | total: 8.320s | samples/s: 7472
Iteration 0817 | train reward: 1489.75 | best: 1507.41 | KL: 1.606e-03 | std: 0.4435 | rollout: 8.261s | update: 0.351s | total: 8.612s | samples/s: 7211
Iteration 0818 | train reward: 1475.52 | best: 1507.41 | KL: 1.121e-03 | std: 0.4424 | rollout: 8.292s | update: 0.237s | total: 8.529s | samples/s: 7208
Iteration 0819 | train reward: 1487.95 | best: 1507.41 | KL: 1.380e-03 | std: 0.4429 | rollout: 8.189s | update: 0.241s | total: 8.430s | samples/s: 7374
Iteration 0820 | train reward: 1481.03 | best: 1507.41 | KL: 1.238e-03 | std: 0.4419 | rollout: 8.291s | update: 0.403s | total: 8.694s | samples/s: 7088
Iteration 0821 | train reward: 1483.21 | best: 1507.41 | KL: 1.261e-03 | std: 0.4427 | rollout: 8.031s | update: 0.256s | total: 8.287s | samples/s: 7455
Iteration 0822 | train reward: 1492.77 | best: 1507.41 | KL: 1.187e-03 | std: 0.4427 | rollout: 8.300s | update: 0.192s | total: 8.493s | samples/s: 7302
Iteration 0823 | train reward: 1482.03 | best: 1507.41 | KL: 1.262e-03 | std: 0.4428 | rollout: 8.311s | update: 0.158s | total: 8.469s | samples/s: 7286
Iteration 0824 | train reward: 1481.63 | best: 1507.41 | KL: 1.413e-03 | std: 0.4428 | rollout: 8.396s | update: 0.222s | total: 8.618s | samples/s: 7164
Iteration 0825 | train reward: 1488.49 | best: 1507.41 | KL: 1.381e-03 | std: 0.4452 | rollout: 8.485s | update: 0.166s | total: 8.651s | samples/s: 7157
Iteration 0826 | train reward: 1505.01 | best: 1507.41 | KL: 1.318e-03 | std: 0.4461 | rollout: 9.794s | update: 0.165s | total: 9.960s | samples/s: 6272
Iteration 0827 | train reward: 1475.68 | best: 1507.41 | KL: 1.158e-03 | std: 0.4453 | rollout: 10.013s | update: 0.275s | total: 10.288s | samples/s: 5980
Iteration 0828 | train reward: 1481.72 | best: 1507.41 | KL: 1.275e-03 | std: 0.4453 | rollout: 8.216s | update: 0.459s | total: 8.675s | samples/s: 7089
Iteration 0829 | train reward: 1470.66 | best: 1507.41 | KL: 2.048e-03 | std: 0.4463 | rollout: 8.261s | update: 0.173s | total: 8.434s | samples/s: 7246
Iteration 0830 | train reward: 1498.65 | best: 1507.41 | KL: 1.199e-03 | std: 0.4461 | rollout: 8.048s | update: 0.178s | total: 8.227s | samples/s: 7566
Iteration 0831 | train reward: 1474.30 | best: 1507.41 | KL: 1.482e-03 | std: 0.4481 | rollout: 8.469s | update: 0.151s | total: 8.620s | samples/s: 7106
Iteration 0832 | train reward: 1481.25 | best: 1507.41 | KL: 1.135e-03 | std: 0.4477 | rollout: 7.906s | update: 0.147s | total: 8.053s | samples/s: 7641
Iteration 0833 | train reward: 1482.49 | best: 1507.41 | KL: 9.841e-04 | std: 0.4480 | rollout: 7.866s | update: 0.316s | total: 8.181s | samples/s: 7538
Iteration 0834 | train reward: 1491.68 | best: 1507.41 | KL: 1.860e-03 | std: 0.4479 | rollout: 7.579s | update: 0.209s | total: 7.788s | samples/s: 7954
Iteration 0835 | train reward: 1474.90 | best: 1507.41 | KL: 1.106e-03 | std: 0.4480 | rollout: 8.010s | update: 0.147s | total: 8.157s | samples/s: 7522
Iteration 0836 | train reward: 1478.50 | best: 1507.41 | KL: 1.831e-03 | std: 0.4497 | rollout: 8.008s | update: 0.216s | total: 8.223s | samples/s: 7480
Iteration 0837 | train reward: 1487.81 | best: 1507.41 | KL: 1.987e-03 | std: 0.4497 | rollout: 8.081s | update: 0.201s | total: 8.282s | samples/s: 7468
Iteration 0838 | train reward: 1465.00 | best: 1507.41 | KL: 1.561e-03 | std: 0.4503 | rollout: 7.949s | update: 0.168s | total: 8.117s | samples/s: 7460
Iteration 0839 | train reward: 1465.75 | best: 1507.41 | KL: 1.223e-03 | std: 0.4487 | rollout: 8.421s | update: 0.363s | total: 8.784s | samples/s: 6896
Iteration 0840 | train reward: 1458.94 | best: 1507.41 | KL: 1.983e-03 | std: 0.4497 | rollout: 8.545s | update: 0.289s | total: 8.834s | samples/s: 6842
Iteration 0841 | train reward: 1432.26 | best: 1507.41 | KL: 1.591e-03 | std: 0.4514 | rollout: 8.800s | update: 0.445s | total: 9.245s | samples/s: 6364
Iteration 0842 | train reward: 1445.06 | best: 1507.41 | KL: 1.359e-03 | std: 0.4508 | rollout: 8.770s | update: 0.297s | total: 9.067s | samples/s: 6551
Iteration 0843 | train reward: 1438.77 | best: 1507.41 | KL: 1.232e-03 | std: 0.4521 | rollout: 9.074s | update: 0.411s | total: 9.485s | samples/s: 6221
Iteration 0844 | train reward: 1461.10 | best: 1507.41 | KL: 1.246e-03 | std: 0.4515 | rollout: 9.406s | update: 0.313s | total: 9.720s | samples/s: 6171
Iteration 0845 | train reward: 1428.47 | best: 1507.41 | KL: 1.234e-03 | std: 0.4516 | rollout: 8.892s | update: 0.329s | total: 9.221s | samples/s: 6344
Iteration 0846 | train reward: 1433.19 | best: 1507.41 | KL: 1.217e-03 | std: 0.4507 | rollout: 8.954s | update: 0.294s | total: 9.248s | samples/s: 6344
Iteration 0847 | train reward: 1395.22 | best: 1507.41 | KL: 1.043e-03 | std: 0.4506 | rollout: 8.660s | update: 0.359s | total: 9.019s | samples/s: 6350
Iteration 0848 | train reward: 1440.38 | best: 1507.41 | KL: 1.338e-03 | std: 0.4503 | rollout: 8.960s | update: 0.164s | total: 9.124s | samples/s: 6473
Iteration 0849 | train reward: 1453.55 | best: 1507.41 | KL: 1.369e-03 | std: 0.4506 | rollout: 8.484s | update: 0.138s | total: 8.622s | samples/s: 6936
Iteration 0850 | train reward: 1470.66 | best: 1507.41 | KL: 1.637e-03 | std: 0.4507 | rollout: 8.176s | update: 0.222s | total: 8.399s | samples/s: 7179
Iteration 0851 | train reward: 1439.42 | best: 1507.41 | KL: 1.513e-03 | std: 0.4521 | rollout: 9.116s | update: 0.152s | total: 9.268s | samples/s: 6351
Iteration 0852 | train reward: 1443.56 | best: 1507.41 | KL: 9.445e-04 | std: 0.4531 | rollout: 9.620s | update: 0.282s | total: 9.902s | samples/s: 5987
Iteration 0853 | train reward: 1439.35 | best: 1507.41 | KL: 1.078e-03 | std: 0.4515 | rollout: 10.483s | update: 0.543s | total: 11.026s | samples/s: 5380
Iteration 0854 | train reward: 1429.73 | best: 1507.41 | KL: 8.041e-04 | std: 0.4523 | rollout: 8.682s | update: 0.274s | total: 8.956s | samples/s: 6545
Iteration 0855 | train reward: 1425.33 | best: 1507.41 | KL: 1.058e-03 | std: 0.4521 | rollout: 9.147s | update: 0.256s | total: 9.402s | samples/s: 6233
Iteration 0856 | train reward: 1483.24 | best: 1507.41 | KL: 1.237e-03 | std: 0.4529 | rollout: 8.723s | update: 0.155s | total: 8.878s | samples/s: 6884
Iteration 0857 | train reward: 1446.43 | best: 1507.41 | KL: 1.814e-03 | std: 0.4503 | rollout: 8.336s | update: 0.395s | total: 8.731s | samples/s: 6836
Iteration 0858 | train reward: 1445.35 | best: 1507.41 | KL: 1.019e-03 | std: 0.4505 | rollout: 8.884s | update: 0.421s | total: 9.306s | samples/s: 6407
Iteration 0859 | train reward: 1441.69 | best: 1507.41 | KL: 1.396e-03 | std: 0.4508 | rollout: 10.010s | update: 0.164s | total: 10.174s | samples/s: 5826
Iteration 0860 | train reward: 1452.52 | best: 1507.41 | KL: 1.289e-03 | std: 0.4531 | rollout: 10.329s | update: 0.142s | total: 10.472s | samples/s: 5700
Iteration 0861 | train reward: 1428.08 | best: 1507.41 | KL: 1.080e-03 | std: 0.4521 | rollout: 9.308s | update: 0.131s | total: 9.438s | samples/s: 6201
Iteration 0862 | train reward: 1444.36 | best: 1507.41 | KL: 1.238e-03 | std: 0.4508 | rollout: 8.259s | update: 0.141s | total: 8.400s | samples/s: 7052
Iteration 0863 | train reward: 1439.00 | best: 1507.41 | KL: 8.010e-04 | std: 0.4514 | rollout: 8.900s | update: 0.279s | total: 9.179s | samples/s: 6446
Iteration 0864 | train reward: 1465.97 | best: 1507.41 | KL: 8.698e-04 | std: 0.4508 | rollout: 8.937s | update: 0.418s | total: 9.355s | samples/s: 6461
Iteration 0865 | train reward: 1457.75 | best: 1507.41 | KL: 1.141e-03 | std: 0.4515 | rollout: 8.658s | update: 0.309s | total: 8.967s | samples/s: 6688
Iteration 0866 | train reward: 1470.60 | best: 1507.41 | KL: 1.740e-03 | std: 0.4523 | rollout: 8.616s | update: 0.196s | total: 8.812s | samples/s: 6854
Iteration 0867 | train reward: 1441.35 | best: 1507.41 | KL: 1.447e-03 | std: 0.4507 | rollout: 8.451s | update: 0.220s | total: 8.671s | samples/s: 6804
Iteration 0868 | train reward: 1422.51 | best: 1507.41 | KL: 1.095e-03 | std: 0.4513 | rollout: 8.471s | update: 0.182s | total: 8.653s | samples/s: 6766
Iteration 0869 | train reward: 1445.20 | best: 1507.41 | KL: 1.761e-03 | std: 0.4529 | rollout: 8.364s | update: 0.140s | total: 8.504s | samples/s: 6974
Iteration 0870 | train reward: 1477.04 | best: 1507.41 | KL: 1.488e-03 | std: 0.4540 | rollout: 8.610s | update: 0.199s | total: 8.809s | samples/s: 6885
Iteration 0871 | train reward: 1460.68 | best: 1507.41 | KL: 1.141e-03 | std: 0.4555 | rollout: 8.266s | update: 0.124s | total: 8.390s | samples/s: 7154
Iteration 0872 | train reward: 1444.20 | best: 1507.41 | KL: 1.483e-03 | std: 0.4549 | rollout: 8.270s | update: 0.169s | total: 8.439s | samples/s: 7046
Iteration 0873 | train reward: 1419.24 | best: 1507.41 | KL: 1.333e-03 | std: 0.4541 | rollout: 8.078s | update: 0.129s | total: 8.207s | samples/s: 7105
Iteration 0874 | train reward: 1424.04 | best: 1507.41 | KL: 1.288e-03 | std: 0.4531 | rollout: 7.914s | update: 0.166s | total: 8.081s | samples/s: 7251
Iteration 0875 | train reward: 1460.34 | best: 1507.41 | KL: 1.522e-03 | std: 0.4523 | rollout: 8.657s | update: 0.344s | total: 9.002s | samples/s: 6673
Iteration 0876 | train reward: 1476.62 | best: 1507.41 | KL: 1.279e-03 | std: 0.4531 | rollout: 9.303s | update: 0.533s | total: 9.835s | samples/s: 6187
Iteration 0877 | train reward: 1459.31 | best: 1507.41 | KL: 1.544e-03 | std: 0.4531 | rollout: 8.889s | update: 0.397s | total: 9.286s | samples/s: 6471
Iteration 0878 | train reward: 1470.15 | best: 1507.41 | KL: 1.108e-03 | std: 0.4548 | rollout: 8.663s | update: 0.170s | total: 8.833s | samples/s: 6853
Iteration 0879 | train reward: 1462.35 | best: 1507.41 | KL: 1.165e-03 | std: 0.4533 | rollout: 8.572s | update: 0.383s | total: 8.955s | samples/s: 6690
Iteration 0880 | train reward: 1474.15 | best: 1507.41 | KL: 1.239e-03 | std: 0.4548 | rollout: 8.754s | update: 0.729s | total: 9.483s | samples/s: 6380
Iteration 0881 | train reward: 1495.35 | best: 1507.41 | KL: 1.334e-03 | std: 0.4533 | rollout: 8.363s | update: 0.300s | total: 8.662s | samples/s: 7086
Iteration 0882 | train reward: 1482.16 | best: 1507.41 | KL: 1.568e-03 | std: 0.4550 | rollout: 8.400s | update: 0.199s | total: 8.600s | samples/s: 7082
Iteration 0883 | train reward: 1472.27 | best: 1507.41 | KL: 1.234e-03 | std: 0.4541 | rollout: 8.013s | update: 0.161s | total: 8.174s | samples/s: 7406
Iteration 0884 | train reward: 1464.75 | best: 1507.41 | KL: 1.106e-03 | std: 0.4531 | rollout: 8.108s | update: 0.210s | total: 8.318s | samples/s: 7276
Iteration 0885 | train reward: 1493.25 | best: 1507.41 | KL: 1.225e-03 | std: 0.4523 | rollout: 7.760s | update: 0.150s | total: 7.909s | samples/s: 7790
Iteration 0886 | train reward: 1474.27 | best: 1507.41 | KL: 1.441e-03 | std: 0.4522 | rollout: 8.139s | update: 0.152s | total: 8.291s | samples/s: 7337
Iteration 0887 | train reward: 1473.34 | best: 1507.41 | KL: 1.296e-03 | std: 0.4505 | rollout: 8.017s | update: 0.174s | total: 8.191s | samples/s: 7411
Iteration 0888 | train reward: 1481.27 | best: 1507.41 | KL: 1.229e-03 | std: 0.4516 | rollout: 8.326s | update: 0.155s | total: 8.480s | samples/s: 7199
Iteration 0889 | train reward: 1466.36 | best: 1507.41 | KL: 1.322e-03 | std: 0.4529 | rollout: 7.758s | update: 0.192s | total: 7.950s | samples/s: 7599
Iteration 0890 | train reward: 1458.07 | best: 1507.41 | KL: 1.293e-03 | std: 0.4540 | rollout: 8.359s | update: 0.480s | total: 8.839s | samples/s: 6799
Iteration 0891 | train reward: 1489.75 | best: 1507.41 | KL: 1.135e-03 | std: 0.4557 | rollout: 9.340s | update: 0.343s | total: 9.683s | samples/s: 6331
Iteration 0892 | train reward: 1493.83 | best: 1507.41 | KL: 1.270e-03 | std: 0.4541 | rollout: 8.454s | update: 0.607s | total: 9.061s | samples/s: 6814
Iteration 0893 | train reward: 1494.80 | best: 1507.41 | KL: 1.232e-03 | std: 0.4532 | rollout: 9.227s | update: 0.509s | total: 9.736s | samples/s: 6327
Iteration 0894 | train reward: 1444.35 | best: 1507.41 | KL: 1.248e-03 | std: 0.4549 | rollout: 8.972s | update: 0.185s | total: 9.156s | samples/s: 6497
Iteration 0895 | train reward: 1498.81 | best: 1507.41 | KL: 1.373e-03 | std: 0.4524 | rollout: 8.467s | update: 0.230s | total: 8.697s | samples/s: 7085
Iteration 0896 | train reward: 1478.05 | best: 1507.41 | KL: 1.457e-03 | std: 0.4523 | rollout: 8.673s | update: 0.436s | total: 9.109s | samples/s: 6646
Iteration 0897 | train reward: 1459.17 | best: 1507.41 | KL: 1.103e-03 | std: 0.4507 | rollout: 8.979s | update: 0.176s | total: 9.155s | samples/s: 6564
Iteration 0898 | train reward: 1483.31 | best: 1507.41 | KL: 1.381e-03 | std: 0.4506 | rollout: 8.651s | update: 0.321s | total: 8.971s | samples/s: 6806
Iteration 0899 | train reward: 1484.77 | best: 1507.41 | KL: 2.194e-03 | std: 0.4529 | rollout: 9.428s | update: 0.263s | total: 9.691s | samples/s: 6286
Iteration 0900 | train reward: 1480.71 | best: 1507.41 | KL: 1.612e-03 | std: 0.4533 | rollout: 8.269s | update: 0.212s | total: 8.480s | samples/s: 7158
Iteration 0901 | train reward: 1495.17 | best: 1507.41 | KL: 1.083e-03 | std: 0.4523 | rollout: 8.968s | update: 0.379s | total: 9.347s | samples/s: 6578
Iteration 0902 | train reward: 1471.24 | best: 1507.41 | KL: 8.856e-04 | std: 0.4529 | rollout: 8.789s | update: 0.218s | total: 9.006s | samples/s: 6705
Iteration 0903 | train reward: 1493.88 | best: 1507.41 | KL: 9.496e-04 | std: 0.4524 | rollout: 9.036s | update: 0.203s | total: 9.239s | samples/s: 6652
Iteration 0904 | train reward: 1482.52 | best: 1507.41 | KL: 1.588e-03 | std: 0.4513 | rollout: 9.217s | update: 0.213s | total: 9.431s | samples/s: 6475
Iteration 0905 | train reward: 1469.05 | best: 1507.41 | KL: 1.104e-03 | std: 0.4503 | rollout: 8.588s | update: 0.387s | total: 8.975s | samples/s: 6747
Iteration 0906 | train reward: 1476.74 | best: 1507.41 | KL: 1.804e-03 | std: 0.4487 | rollout: 8.859s | update: 0.359s | total: 9.217s | samples/s: 6586
Iteration 0907 | train reward: 1495.43 | best: 1507.41 | KL: 9.615e-04 | std: 0.4497 | rollout: 8.653s | update: 0.286s | total: 8.939s | samples/s: 6921
Iteration 0908 | train reward: 1467.60 | best: 1507.41 | KL: 1.023e-03 | std: 0.4479 | rollout: 8.927s | update: 0.235s | total: 9.162s | samples/s: 6606
Iteration 0909 | train reward: 1479.23 | best: 1507.41 | KL: 1.323e-03 | std: 0.4479 | rollout: 8.639s | update: 0.300s | total: 8.939s | samples/s: 6828
Iteration 0910 | train reward: 1499.82 | best: 1507.41 | KL: 1.171e-03 | std: 0.4489 | rollout: 8.569s | update: 0.308s | total: 8.877s | samples/s: 6957
Iteration 0911 | train reward: 1495.25 | best: 1507.41 | KL: 1.171e-03 | std: 0.4503 | rollout: 10.065s | update: 0.480s | total: 10.545s | samples/s: 5860
Iteration 0912 | train reward: 1475.48 | best: 1507.41 | KL: 9.854e-04 | std: 0.4515 | rollout: 8.652s | update: 0.390s | total: 9.042s | samples/s: 6729
Iteration 0913 | train reward: 1490.69 | best: 1507.41 | KL: 1.643e-03 | std: 0.4487 | rollout: 9.071s | update: 0.251s | total: 9.322s | samples/s: 6593
Iteration 0914 | train reward: 1472.64 | best: 1507.41 | KL: 1.557e-03 | std: 0.4488 | rollout: 9.091s | update: 0.486s | total: 9.577s | samples/s: 6357
Iteration 0915 | train reward: 1504.97 | best: 1507.41 | KL: 1.398e-03 | std: 0.4497 | rollout: 9.231s | update: 0.193s | total: 9.424s | samples/s: 6606
Iteration 0916 | train reward: 1479.90 | best: 1507.41 | KL: 1.019e-03 | std: 0.4481 | rollout: 9.012s | update: 0.487s | total: 9.498s | samples/s: 6410
Iteration 0917 | train reward: 1497.69 | best: 1507.41 | KL: 1.097e-03 | std: 0.4477 | rollout: 9.390s | update: 0.376s | total: 9.766s | samples/s: 6326
Iteration 0918 | train reward: 1481.76 | best: 1507.41 | KL: 1.036e-03 | std: 0.4482 | rollout: 9.355s | update: 0.432s | total: 9.787s | samples/s: 6244
Iteration 0919 | train reward: 1461.33 | best: 1507.41 | KL: 1.578e-03 | std: 0.4477 | rollout: 9.093s | update: 0.484s | total: 9.577s | samples/s: 6292
Iteration 0920 | train reward: 1489.72 | best: 1507.41 | KL: 1.689e-03 | std: 0.4469 | rollout: 8.726s | update: 0.256s | total: 8.982s | samples/s: 6848
Iteration 0921 | train reward: 1474.82 | best: 1507.41 | KL: 1.536e-03 | std: 0.4454 | rollout: 8.884s | update: 0.170s | total: 9.054s | samples/s: 6719
Iteration 0922 | train reward: 1508.03 | best: 1508.03 | KL: 1.038e-03 | std: 0.4461 | rollout: 9.550s | update: 0.407s | total: 9.957s | samples/s: 6245
Iteration 0923 | train reward: 1477.50 | best: 1508.03 | KL: 1.284e-03 | std: 0.4469 | rollout: 8.707s | update: 0.261s | total: 8.968s | samples/s: 6820
Iteration 0924 | train reward: 1486.88 | best: 1508.03 | KL: 1.407e-03 | std: 0.4481 | rollout: 9.694s | update: 0.510s | total: 10.204s | samples/s: 5998
Iteration 0925 | train reward: 1469.94 | best: 1508.03 | KL: 1.175e-03 | std: 0.4489 | rollout: 8.958s | update: 0.325s | total: 9.283s | samples/s: 6486
Iteration 0926 | train reward: 1455.13 | best: 1508.03 | KL: 1.134e-03 | std: 0.4506 | rollout: 8.887s | update: 0.223s | total: 9.110s | samples/s: 6545
Iteration 0927 | train reward: 1491.08 | best: 1508.03 | KL: 1.254e-03 | std: 0.4521 | rollout: 8.581s | update: 0.144s | total: 8.725s | samples/s: 7010
Iteration 0928 | train reward: 1478.79 | best: 1508.03 | KL: 9.341e-04 | std: 0.4515 | rollout: 8.688s | update: 0.142s | total: 8.830s | samples/s: 6864
Iteration 0929 | train reward: 1469.59 | best: 1508.03 | KL: 1.876e-03 | std: 0.4513 | rollout: 8.202s | update: 0.125s | total: 8.327s | samples/s: 7238
Iteration 0930 | train reward: 1447.46 | best: 1508.03 | KL: 1.176e-03 | std: 0.4513 | rollout: 9.034s | update: 0.173s | total: 9.208s | samples/s: 6453
Iteration 0931 | train reward: 1453.69 | best: 1508.03 | KL: 1.476e-03 | std: 0.4508 | rollout: 9.154s | update: 0.461s | total: 9.615s | samples/s: 6189
Iteration 0932 | train reward: 1448.89 | best: 1508.03 | KL: 1.185e-03 | std: 0.4513 | rollout: 9.036s | update: 0.323s | total: 9.359s | samples/s: 6312
Iteration 0933 | train reward: 1458.98 | best: 1508.03 | KL: 1.551e-03 | std: 0.4497 | rollout: 8.902s | update: 0.438s | total: 9.339s | samples/s: 6376
Iteration 0934 | train reward: 1498.09 | best: 1508.03 | KL: 1.169e-03 | std: 0.4488 | rollout: 8.923s | update: 0.273s | total: 9.196s | samples/s: 6673
Iteration 0935 | train reward: 1481.28 | best: 1508.03 | KL: 1.421e-03 | std: 0.4515 | rollout: 9.340s | update: 0.428s | total: 9.768s | samples/s: 6239
Iteration 0936 | train reward: 1485.54 | best: 1508.03 | KL: 1.121e-03 | std: 0.4515 | rollout: 9.157s | update: 0.410s | total: 9.568s | samples/s: 6384
Iteration 0937 | train reward: 1459.58 | best: 1508.03 | KL: 2.654e-03 | std: 0.4506 | rollout: 8.829s | update: 0.602s | total: 9.430s | samples/s: 6383
Iteration 0938 | train reward: 1504.73 | best: 1508.03 | KL: 1.075e-03 | std: 0.4521 | rollout: 9.348s | update: 0.272s | total: 9.620s | samples/s: 6423
Iteration 0939 | train reward: 1475.51 | best: 1508.03 | KL: 2.081e-03 | std: 0.4515 | rollout: 8.838s | update: 0.382s | total: 9.220s | samples/s: 6581
Iteration 0940 | train reward: 1480.12 | best: 1508.03 | KL: 1.619e-03 | std: 0.4489 | rollout: 8.961s | update: 0.452s | total: 9.413s | samples/s: 6442
Iteration 0941 | train reward: 1460.62 | best: 1508.03 | KL: 1.367e-03 | std: 0.4487 | rollout: 8.802s | update: 0.330s | total: 9.132s | samples/s: 6549
Iteration 0942 | train reward: 1460.57 | best: 1508.03 | KL: 1.801e-03 | std: 0.4495 | rollout: 8.609s | update: 0.261s | total: 8.871s | samples/s: 6756
Iteration 0943 | train reward: 1466.98 | best: 1508.03 | KL: 1.701e-03 | std: 0.4479 | rollout: 8.760s | update: 0.263s | total: 9.023s | samples/s: 6686
Iteration 0944 | train reward: 1476.00 | best: 1508.03 | KL: 1.223e-03 | std: 0.4479 | rollout: 8.466s | update: 0.343s | total: 8.809s | samples/s: 6892
Iteration 0945 | train reward: 1477.39 | best: 1508.03 | KL: 1.289e-03 | std: 0.4489 | rollout: 8.973s | update: 0.241s | total: 9.214s | samples/s: 6637
Iteration 0946 | train reward: 1495.82 | best: 1508.03 | KL: 1.440e-03 | std: 0.4480 | rollout: 9.289s | update: 0.183s | total: 9.472s | samples/s: 6506
Iteration 0947 | train reward: 1498.41 | best: 1508.03 | KL: 1.284e-03 | std: 0.4495 | rollout: 10.068s | update: 0.535s | total: 10.603s | samples/s: 5847
Iteration 0948 | train reward: 1487.39 | best: 1508.03 | KL: 1.125e-03 | std: 0.4497 | rollout: 10.468s | update: 0.541s | total: 11.009s | samples/s: 5596
Iteration 0949 | train reward: 1507.23 | best: 1508.03 | KL: 1.393e-03 | std: 0.4479 | rollout: 9.225s | update: 0.364s | total: 9.589s | samples/s: 6533
Iteration 0950 | train reward: 1494.70 | best: 1508.03 | KL: 9.370e-04 | std: 0.4496 | rollout: 9.561s | update: 0.308s | total: 9.870s | samples/s: 6224
Iteration 0951 | train reward: 1477.64 | best: 1508.03 | KL: 1.151e-03 | std: 0.4507 | rollout: 10.663s | update: 0.425s | total: 11.088s | samples/s: 5480
Iteration 0952 | train reward: 1469.11 | best: 1508.03 | KL: 1.634e-03 | std: 0.4507 | rollout: 8.443s | update: 0.220s | total: 8.663s | samples/s: 6998
Iteration 0953 | train reward: 1454.42 | best: 1508.03 | KL: 1.273e-03 | std: 0.4487 | rollout: 8.576s | update: 0.364s | total: 8.940s | samples/s: 6694
Iteration 0954 | train reward: 1476.77 | best: 1508.03 | KL: 1.167e-03 | std: 0.4481 | rollout: 9.234s | update: 0.276s | total: 9.509s | samples/s: 6358
Iteration 0955 | train reward: 1479.69 | best: 1508.03 | KL: 1.054e-03 | std: 0.4497 | rollout: 8.892s | update: 0.514s | total: 9.407s | samples/s: 6465
Iteration 0956 | train reward: 1493.67 | best: 1508.03 | KL: 1.350e-03 | std: 0.4508 | rollout: 8.403s | update: 0.252s | total: 8.655s | samples/s: 7093
Iteration 0957 | train reward: 1486.91 | best: 1508.03 | KL: 1.678e-03 | std: 0.4529 | rollout: 9.292s | update: 0.448s | total: 9.740s | samples/s: 6249
Iteration 0958 | train reward: 1472.96 | best: 1508.03 | KL: 9.668e-04 | std: 0.4547 | rollout: 8.961s | update: 0.324s | total: 9.285s | samples/s: 6522
Iteration 0959 | train reward: 1460.42 | best: 1508.03 | KL: 1.419e-03 | std: 0.4549 | rollout: 9.410s | update: 0.248s | total: 9.658s | samples/s: 6228
Iteration 0960 | train reward: 1477.01 | best: 1508.03 | KL: 1.708e-03 | std: 0.4531 | rollout: 9.101s | update: 0.210s | total: 9.311s | samples/s: 6507
Iteration 0961 | train reward: 1464.08 | best: 1508.03 | KL: 1.180e-03 | std: 0.4531 | rollout: 8.734s | update: 0.496s | total: 9.229s | samples/s: 6501
Iteration 0962 | train reward: 1478.04 | best: 1508.03 | KL: 1.185e-03 | std: 0.4523 | rollout: 8.702s | update: 0.138s | total: 8.840s | samples/s: 6826
Iteration 0963 | train reward: 1482.05 | best: 1508.03 | KL: 1.563e-03 | std: 0.4523 | rollout: 8.256s | update: 0.160s | total: 8.416s | samples/s: 7237
Iteration 0964 | train reward: 1472.02 | best: 1508.03 | KL: 1.029e-03 | std: 0.4531 | rollout: 8.423s | update: 0.254s | total: 8.677s | samples/s: 7000
Iteration 0965 | train reward: 1474.66 | best: 1508.03 | KL: 1.790e-03 | std: 0.4531 | rollout: 8.351s | update: 0.152s | total: 8.504s | samples/s: 7141
Iteration 0966 | train reward: 1469.88 | best: 1508.03 | KL: 8.799e-04 | std: 0.4540 | rollout: 8.377s | update: 0.159s | total: 8.536s | samples/s: 7060
Iteration 0967 | train reward: 1498.44 | best: 1508.03 | KL: 1.301e-03 | std: 0.4521 | rollout: 8.426s | update: 0.213s | total: 8.639s | samples/s: 7106
Iteration 0968 | train reward: 1477.07 | best: 1508.03 | KL: 8.225e-04 | std: 0.4513 | rollout: 8.827s | update: 0.176s | total: 9.003s | samples/s: 6723
Iteration 0969 | train reward: 1491.65 | best: 1508.03 | KL: 2.293e-03 | std: 0.4515 | rollout: 8.334s | update: 0.259s | total: 8.593s | samples/s: 7115
Iteration 0970 | train reward: 1470.87 | best: 1508.03 | KL: 1.109e-03 | std: 0.4508 | rollout: 8.516s | update: 0.297s | total: 8.813s | samples/s: 6834
Iteration 0971 | train reward: 1478.66 | best: 1508.03 | KL: 1.229e-03 | std: 0.4495 | rollout: 8.359s | update: 0.212s | total: 8.571s | samples/s: 7045
Iteration 0972 | train reward: 1480.63 | best: 1508.03 | KL: 1.812e-03 | std: 0.4497 | rollout: 8.559s | update: 0.272s | total: 8.831s | samples/s: 6859
Iteration 0973 | train reward: 1499.23 | best: 1508.03 | KL: 1.751e-03 | std: 0.4497 | rollout: 8.299s | update: 0.190s | total: 8.489s | samples/s: 7246
Iteration 0974 | train reward: 1487.70 | best: 1508.03 | KL: 1.158e-03 | std: 0.4503 | rollout: 8.324s | update: 0.224s | total: 8.548s | samples/s: 7148
Iteration 0975 | train reward: 1448.04 | best: 1508.03 | KL: 1.420e-03 | std: 0.4471 | rollout: 8.157s | update: 0.291s | total: 8.449s | samples/s: 7014
Iteration 0976 | train reward: 1493.99 | best: 1508.03 | KL: 1.107e-03 | std: 0.4464 | rollout: 8.312s | update: 0.161s | total: 8.474s | samples/s: 7224
Iteration 0977 | train reward: 1463.63 | best: 1508.03 | KL: 1.574e-03 | std: 0.4455 | rollout: 8.526s | update: 0.159s | total: 8.684s | samples/s: 6888
Iteration 0978 | train reward: 1421.38 | best: 1508.03 | KL: 1.156e-03 | std: 0.4453 | rollout: 8.014s | update: 0.145s | total: 8.159s | samples/s: 7102
Iteration 0979 | train reward: 1487.09 | best: 1508.03 | KL: 1.412e-03 | std: 0.4464 | rollout: 7.939s | update: 0.275s | total: 8.213s | samples/s: 7350
Iteration 0980 | train reward: 1469.25 | best: 1508.03 | KL: 1.217e-03 | std: 0.4456 | rollout: 8.300s | update: 0.141s | total: 8.440s | samples/s: 7089
Iteration 0981 | train reward: 1440.25 | best: 1508.03 | KL: 1.655e-03 | std: 0.4453 | rollout: 8.051s | update: 0.158s | total: 8.210s | samples/s: 7122
Iteration 0982 | train reward: 1444.83 | best: 1508.03 | KL: 1.269e-03 | std: 0.4468 | rollout: 8.434s | update: 0.192s | total: 8.626s | samples/s: 6830
Iteration 0983 | train reward: 1467.81 | best: 1508.03 | KL: 1.071e-03 | std: 0.4452 | rollout: 8.696s | update: 0.330s | total: 9.026s | samples/s: 6627
Iteration 0984 | train reward: 1479.28 | best: 1508.03 | KL: 1.297e-03 | std: 0.4453 | rollout: 8.167s | update: 0.174s | total: 8.341s | samples/s: 7221
Iteration 0985 | train reward: 1451.80 | best: 1508.03 | KL: 9.128e-04 | std: 0.4453 | rollout: 8.410s | update: 0.279s | total: 8.688s | samples/s: 6817
Iteration 0986 | train reward: 1471.87 | best: 1508.03 | KL: 1.006e-03 | std: 0.4456 | rollout: 8.449s | update: 0.225s | total: 8.674s | samples/s: 6908
Iteration 0987 | train reward: 1459.70 | best: 1508.03 | KL: 1.293e-03 | std: 0.4455 | rollout: 8.329s | update: 0.149s | total: 8.478s | samples/s: 6986
Iteration 0988 | train reward: 1454.84 | best: 1508.03 | KL: 9.204e-04 | std: 0.4445 | rollout: 8.155s | update: 0.234s | total: 8.389s | samples/s: 7078
Iteration 0989 | train reward: 1459.80 | best: 1508.03 | KL: 1.483e-03 | std: 0.4443 | rollout: 8.626s | update: 0.188s | total: 8.814s | samples/s: 6774
Iteration 0990 | train reward: 1481.65 | best: 1508.03 | KL: 9.327e-04 | std: 0.4453 | rollout: 8.323s | update: 0.234s | total: 8.557s | samples/s: 7079
Iteration 0991 | train reward: 1480.82 | best: 1508.03 | KL: 1.627e-03 | std: 0.4451 | rollout: 8.615s | update: 0.172s | total: 8.788s | samples/s: 6890
Iteration 0992 | train reward: 1476.90 | best: 1508.03 | KL: 1.483e-03 | std: 0.4453 | rollout: 8.409s | update: 0.268s | total: 8.677s | samples/s: 6967
Iteration 0993 | train reward: 1490.50 | best: 1508.03 | KL: 1.437e-03 | std: 0.4451 | rollout: 8.564s | update: 0.289s | total: 8.853s | samples/s: 6902
Iteration 0994 | train reward: 1498.68 | best: 1508.03 | KL: 1.256e-03 | std: 0.4445 | rollout: 9.057s | update: 0.334s | total: 9.391s | samples/s: 6548
Iteration 0995 | train reward: 1464.89 | best: 1508.03 | KL: 9.838e-04 | std: 0.4438 | rollout: 8.477s | update: 0.289s | total: 8.767s | samples/s: 6820
Iteration 0996 | train reward: 1493.86 | best: 1508.03 | KL: 9.753e-04 | std: 0.4429 | rollout: 8.421s | update: 0.268s | total: 8.689s | samples/s: 7021
Iteration 0997 | train reward: 1472.57 | best: 1508.03 | KL: 1.140e-03 | std: 0.4427 | rollout: 8.259s | update: 0.140s | total: 8.399s | samples/s: 7190
Iteration 0998 | train reward: 1471.02 | best: 1508.03 | KL: 1.096e-03 | std: 0.4419 | rollout: 8.160s | update: 0.302s | total: 8.462s | samples/s: 7123
Iteration 0999 | train reward: 1492.84 | best: 1508.03 | KL: 2.472e-03 | std: 0.4424 | rollout: 8.070s | update: 0.159s | total: 8.229s | samples/s: 7459
Iteration 1000 | train reward: 1479.75 | best: 1508.03 | KL: 1.202e-03 | std: 0.4417 | rollout: 8.206s | update: 0.139s | total: 8.345s | samples/s: 7243
Iteration 1001 | train reward: 1486.54 | best: 1508.03 | KL: 1.206e-03 | std: 0.4427 | rollout: 8.372s | update: 0.171s | total: 8.544s | samples/s: 7142
Iteration 1002 | train reward: 1493.14 | best: 1508.03 | KL: 2.045e-03 | std: 0.4429 | rollout: 8.245s | update: 0.271s | total: 8.515s | samples/s: 7181
Iteration 1003 | train reward: 1472.68 | best: 1508.03 | KL: 9.997e-04 | std: 0.4451 | rollout: 8.322s | update: 0.153s | total: 8.474s | samples/s: 7125
Iteration 1004 | train reward: 1485.08 | best: 1508.03 | KL: 1.877e-03 | std: 0.4411 | rollout: 8.311s | update: 0.264s | total: 8.575s | samples/s: 7102
Iteration 1005 | train reward: 1478.94 | best: 1508.03 | KL: 1.217e-03 | std: 0.4428 | rollout: 8.287s | update: 0.233s | total: 8.520s | samples/s: 7130
Iteration 1006 | train reward: 1473.43 | best: 1508.03 | KL: 1.021e-03 | std: 0.4419 | rollout: 8.226s | update: 0.230s | total: 8.456s | samples/s: 7148
Iteration 1007 | train reward: 1463.07 | best: 1508.03 | KL: 1.647e-03 | std: 0.4424 | rollout: 8.104s | update: 0.218s | total: 8.322s | samples/s: 7203
Iteration 1008 | train reward: 1504.62 | best: 1508.03 | KL: 1.027e-03 | std: 0.4404 | rollout: 8.290s | update: 0.182s | total: 8.472s | samples/s: 7270
Iteration 1009 | train reward: 1474.80 | best: 1508.03 | KL: 1.049e-03 | std: 0.4425 | rollout: 8.096s | update: 0.220s | total: 8.316s | samples/s: 7247
Iteration 1010 | train reward: 1486.22 | best: 1508.03 | KL: 8.888e-04 | std: 0.4454 | rollout: 8.447s | update: 0.298s | total: 8.745s | samples/s: 6947
Iteration 1011 | train reward: 1490.78 | best: 1508.03 | KL: 2.242e-03 | std: 0.4450 | rollout: 8.379s | update: 0.147s | total: 8.526s | samples/s: 7120
Iteration 1012 | train reward: 1500.72 | best: 1508.03 | KL: 1.010e-03 | std: 0.4435 | rollout: 8.373s | update: 0.183s | total: 8.556s | samples/s: 7182
Iteration 1013 | train reward: 1475.09 | best: 1508.03 | KL: 1.596e-03 | std: 0.4428 | rollout: 8.364s | update: 0.463s | total: 8.827s | samples/s: 6838
Iteration 1014 | train reward: 1483.29 | best: 1508.03 | KL: 1.037e-03 | std: 0.4424 | rollout: 8.416s | update: 0.229s | total: 8.646s | samples/s: 7004
Iteration 1015 | train reward: 1481.11 | best: 1508.03 | KL: 1.368e-03 | std: 0.4409 | rollout: 8.118s | update: 0.169s | total: 8.287s | samples/s: 7323
Iteration 1016 | train reward: 1488.57 | best: 1508.03 | KL: 9.641e-04 | std: 0.4404 | rollout: 8.674s | update: 0.227s | total: 8.901s | samples/s: 6820
Iteration 1017 | train reward: 1497.19 | best: 1508.03 | KL: 1.139e-03 | std: 0.4417 | rollout: 8.138s | update: 0.230s | total: 8.368s | samples/s: 7314
Iteration 1018 | train reward: 1497.18 | best: 1508.03 | KL: 1.242e-03 | std: 0.4427 | rollout: 8.561s | update: 0.265s | total: 8.826s | samples/s: 6913
Iteration 1019 | train reward: 1519.24 | best: 1519.24 | KL: 1.569e-03 | std: 0.4427 | rollout: 8.003s | update: 0.163s | total: 8.165s | samples/s: 7583
Iteration 1020 | train reward: 1497.77 | best: 1519.24 | KL: 1.390e-03 | std: 0.4425 | rollout: 8.240s | update: 0.231s | total: 8.471s | samples/s: 7213
Iteration 1021 | train reward: 1512.14 | best: 1519.24 | KL: 1.142e-03 | std: 0.4417 | rollout: 8.299s | update: 0.301s | total: 8.600s | samples/s: 7199
Iteration 1022 | train reward: 1504.41 | best: 1519.24 | KL: 1.083e-03 | std: 0.4409 | rollout: 8.028s | update: 0.188s | total: 8.216s | samples/s: 7459
Iteration 1023 | train reward: 1509.76 | best: 1519.24 | KL: 1.176e-03 | std: 0.4402 | rollout: 8.028s | update: 0.155s | total: 8.183s | samples/s: 7568
Iteration 1024 | train reward: 1511.16 | best: 1519.24 | KL: 1.111e-03 | std: 0.4419 | rollout: 8.123s | update: 0.159s | total: 8.282s | samples/s: 7491
Iteration 1025 | train reward: 1519.85 | best: 1519.85 | KL: 1.751e-03 | std: 0.4401 | rollout: 8.315s | update: 0.223s | total: 8.538s | samples/s: 7273
Iteration 1026 | train reward: 1467.31 | best: 1519.85 | KL: 1.060e-03 | std: 0.4399 | rollout: 8.495s | update: 0.136s | total: 8.631s | samples/s: 6968
Iteration 1027 | train reward: 1485.17 | best: 1519.85 | KL: 1.055e-03 | std: 0.4384 | rollout: 8.253s | update: 0.153s | total: 8.406s | samples/s: 7214
Iteration 1028 | train reward: 1512.74 | best: 1519.85 | KL: 8.858e-04 | std: 0.4375 | rollout: 8.378s | update: 0.363s | total: 8.741s | samples/s: 7084
Iteration 1029 | train reward: 1495.85 | best: 1519.85 | KL: 1.263e-03 | std: 0.4393 | rollout: 8.517s | update: 0.182s | total: 8.700s | samples/s: 7009
Iteration 1030 | train reward: 1521.47 | best: 1521.47 | KL: 1.351e-03 | std: 0.4391 | rollout: 8.454s | update: 0.177s | total: 8.631s | samples/s: 7200
Iteration 1031 | train reward: 1497.67 | best: 1521.47 | KL: 1.125e-03 | std: 0.4375 | rollout: 8.026s | update: 0.169s | total: 8.194s | samples/s: 7456
Iteration 1032 | train reward: 1495.67 | best: 1521.47 | KL: 1.382e-03 | std: 0.4390 | rollout: 8.154s | update: 0.237s | total: 8.391s | samples/s: 7269
Iteration 1033 | train reward: 1506.88 | best: 1521.47 | KL: 1.266e-03 | std: 0.4399 | rollout: 8.102s | update: 0.226s | total: 8.328s | samples/s: 7345
Iteration 1034 | train reward: 1453.48 | best: 1521.47 | KL: 1.773e-03 | std: 0.4400 | rollout: 8.413s | update: 0.228s | total: 8.641s | samples/s: 6846
Iteration 1035 | train reward: 1487.11 | best: 1521.47 | KL: 1.073e-03 | std: 0.4383 | rollout: 8.219s | update: 0.199s | total: 8.418s | samples/s: 7186
Iteration 1036 | train reward: 1487.07 | best: 1521.47 | KL: 1.013e-03 | std: 0.4375 | rollout: 8.530s | update: 0.312s | total: 8.842s | samples/s: 6826
Iteration 1037 | train reward: 1464.02 | best: 1521.47 | KL: 1.145e-03 | std: 0.4375 | rollout: 8.802s | update: 0.231s | total: 9.033s | samples/s: 6560
Iteration 1038 | train reward: 1477.92 | best: 1521.47 | KL: 1.715e-03 | std: 0.4348 | rollout: 8.322s | update: 0.217s | total: 8.539s | samples/s: 7001
Iteration 1039 | train reward: 1496.42 | best: 1521.47 | KL: 1.307e-03 | std: 0.4341 | rollout: 8.077s | update: 0.264s | total: 8.341s | samples/s: 7317
Iteration 1040 | train reward: 1492.25 | best: 1521.47 | KL: 1.242e-03 | std: 0.4347 | rollout: 8.125s | update: 0.239s | total: 8.365s | samples/s: 7230
Iteration 1041 | train reward: 1480.73 | best: 1521.47 | KL: 1.639e-03 | std: 0.4339 | rollout: 8.060s | update: 0.185s | total: 8.245s | samples/s: 7328
Iteration 1042 | train reward: 1473.61 | best: 1521.47 | KL: 1.428e-03 | std: 0.4308 | rollout: 8.524s | update: 0.134s | total: 8.658s | samples/s: 6917
Iteration 1043 | train reward: 1486.37 | best: 1521.47 | KL: 1.158e-03 | std: 0.4321 | rollout: 8.262s | update: 0.157s | total: 8.419s | samples/s: 7171
Iteration 1044 | train reward: 1470.38 | best: 1521.47 | KL: 1.467e-03 | std: 0.4297 | rollout: 8.239s | update: 0.174s | total: 8.413s | samples/s: 7069
Iteration 1045 | train reward: 1460.69 | best: 1521.47 | KL: 1.621e-03 | std: 0.4274 | rollout: 8.024s | update: 0.156s | total: 8.180s | samples/s: 7224
Iteration 1046 | train reward: 1481.53 | best: 1521.47 | KL: 1.538e-03 | std: 0.4271 | rollout: 8.102s | update: 0.330s | total: 8.432s | samples/s: 7175
Iteration 1047 | train reward: 1498.02 | best: 1521.47 | KL: 9.767e-04 | std: 0.4270 | rollout: 8.755s | update: 0.162s | total: 8.917s | samples/s: 6837
Iteration 1048 | train reward: 1494.29 | best: 1521.47 | KL: 1.324e-03 | std: 0.4282 | rollout: 8.234s | update: 0.151s | total: 8.384s | samples/s: 7224
Iteration 1049 | train reward: 1511.19 | best: 1521.47 | KL: 1.544e-03 | std: 0.4307 | rollout: 8.041s | update: 0.161s | total: 8.202s | samples/s: 7493
Iteration 1050 | train reward: 1503.87 | best: 1521.47 | KL: 1.102e-03 | std: 0.4321 | rollout: 7.923s | update: 0.202s | total: 8.124s | samples/s: 7569
Iteration 1051 | train reward: 1493.46 | best: 1521.47 | KL: 1.152e-03 | std: 0.4321 | rollout: 8.179s | update: 0.176s | total: 8.355s | samples/s: 7277
Iteration 1052 | train reward: 1504.35 | best: 1521.47 | KL: 2.047e-03 | std: 0.4307 | rollout: 8.942s | update: 0.300s | total: 9.242s | samples/s: 6635
Iteration 1053 | train reward: 1487.98 | best: 1521.47 | KL: 1.312e-03 | std: 0.4279 | rollout: 8.402s | update: 0.215s | total: 8.616s | samples/s: 7026
Iteration 1054 | train reward: 1477.29 | best: 1521.47 | KL: 1.413e-03 | std: 0.4268 | rollout: 9.765s | update: 0.519s | total: 10.284s | samples/s: 5857
Iteration 1055 | train reward: 1487.15 | best: 1521.47 | KL: 9.434e-04 | std: 0.4281 | rollout: 8.976s | update: 0.163s | total: 9.139s | samples/s: 6656
Iteration 1056 | train reward: 1501.57 | best: 1521.47 | KL: 1.266e-03 | std: 0.4270 | rollout: 8.374s | update: 0.204s | total: 8.579s | samples/s: 7163
Iteration 1057 | train reward: 1505.63 | best: 1521.47 | KL: 1.484e-03 | std: 0.4273 | rollout: 8.499s | update: 0.193s | total: 8.692s | samples/s: 7071
Iteration 1058 | train reward: 1484.11 | best: 1521.47 | KL: 1.249e-03 | std: 0.4280 | rollout: 8.757s | update: 0.146s | total: 8.903s | samples/s: 6793
Iteration 1059 | train reward: 1488.02 | best: 1521.47 | KL: 1.133e-03 | std: 0.4281 | rollout: 8.473s | update: 0.173s | total: 8.646s | samples/s: 7016
Iteration 1060 | train reward: 1489.52 | best: 1521.47 | KL: 1.376e-03 | std: 0.4271 | rollout: 8.097s | update: 0.231s | total: 8.329s | samples/s: 7272
Iteration 1061 | train reward: 1503.63 | best: 1521.47 | KL: 1.194e-03 | std: 0.4273 | rollout: 8.203s | update: 0.157s | total: 8.361s | samples/s: 7344
Iteration 1062 | train reward: 1497.47 | best: 1521.47 | KL: 1.706e-03 | std: 0.4262 | rollout: 8.265s | update: 0.170s | total: 8.435s | samples/s: 7244
Iteration 1063 | train reward: 1512.11 | best: 1521.47 | KL: 1.298e-03 | std: 0.4253 | rollout: 8.783s | update: 0.277s | total: 9.059s | samples/s: 6780
Iteration 1064 | train reward: 1487.68 | best: 1521.47 | KL: 1.309e-03 | std: 0.4247 | rollout: 8.688s | update: 0.138s | total: 8.826s | samples/s: 6852
Iteration 1065 | train reward: 1504.58 | best: 1521.47 | KL: 7.223e-04 | std: 0.4255 | rollout: 8.233s | update: 0.180s | total: 8.413s | samples/s: 7319
Iteration 1066 | train reward: 1499.36 | best: 1521.47 | KL: 1.375e-03 | std: 0.4262 | rollout: 8.244s | update: 0.307s | total: 8.551s | samples/s: 7118
Iteration 1067 | train reward: 1496.70 | best: 1521.47 | KL: 1.529e-03 | std: 0.4261 | rollout: 8.336s | update: 0.303s | total: 8.639s | samples/s: 7059
Iteration 1068 | train reward: 1468.89 | best: 1521.47 | KL: 8.114e-04 | std: 0.4262 | rollout: 8.525s | update: 0.162s | total: 8.687s | samples/s: 6898
Iteration 1069 | train reward: 1465.98 | best: 1521.47 | KL: 9.860e-04 | std: 0.4271 | rollout: 8.161s | update: 0.143s | total: 8.304s | samples/s: 7196
Iteration 1070 | train reward: 1488.39 | best: 1521.47 | KL: 8.629e-04 | std: 0.4268 | rollout: 8.561s | update: 0.249s | total: 8.810s | samples/s: 6857
Iteration 1071 | train reward: 1502.01 | best: 1521.47 | KL: 1.526e-03 | std: 0.4253 | rollout: 8.776s | update: 0.419s | total: 9.195s | samples/s: 6682
Iteration 1072 | train reward: 1483.99 | best: 1521.47 | KL: 1.122e-03 | std: 0.4260 | rollout: 8.004s | update: 0.281s | total: 8.285s | samples/s: 7316
Iteration 1073 | train reward: 1476.51 | best: 1521.47 | KL: 1.093e-03 | std: 0.4260 | rollout: 8.092s | update: 0.571s | total: 8.664s | samples/s: 6962
Iteration 1074 | train reward: 1492.66 | best: 1521.47 | KL: 1.361e-03 | std: 0.4270 | rollout: 8.599s | update: 0.255s | total: 8.854s | samples/s: 6890
Iteration 1075 | train reward: 1504.54 | best: 1521.47 | KL: 9.106e-04 | std: 0.4271 | rollout: 9.064s | update: 0.166s | total: 9.231s | samples/s: 6664
Iteration 1076 | train reward: 1508.72 | best: 1521.47 | KL: 1.389e-03 | std: 0.4271 | rollout: 8.076s | update: 0.296s | total: 8.373s | samples/s: 7352
Iteration 1077 | train reward: 1484.84 | best: 1521.47 | KL: 9.407e-04 | std: 0.4273 | rollout: 8.180s | update: 0.282s | total: 8.462s | samples/s: 7195
Iteration 1078 | train reward: 1480.48 | best: 1521.47 | KL: 1.289e-03 | std: 0.4289 | rollout: 8.461s | update: 0.146s | total: 8.608s | samples/s: 7030
Iteration 1079 | train reward: 1469.74 | best: 1521.47 | KL: 9.403e-04 | std: 0.4297 | rollout: 8.255s | update: 0.133s | total: 8.388s | samples/s: 7153
Iteration 1080 | train reward: 1475.17 | best: 1521.47 | KL: 1.534e-03 | std: 0.4297 | rollout: 8.528s | update: 0.205s | total: 8.733s | samples/s: 6894
Iteration 1081 | train reward: 1485.69 | best: 1521.47 | KL: 1.343e-03 | std: 0.4307 | rollout: 8.125s | update: 0.173s | total: 8.298s | samples/s: 7272
Iteration 1082 | train reward: 1486.75 | best: 1521.47 | KL: 9.122e-04 | std: 0.4312 | rollout: 8.918s | update: 0.182s | total: 9.100s | samples/s: 6628
Iteration 1083 | train reward: 1505.60 | best: 1521.47 | KL: 1.429e-03 | std: 0.4333 | rollout: 8.380s | update: 0.293s | total: 8.673s | samples/s: 7082
Iteration 1084 | train reward: 1493.32 | best: 1521.47 | KL: 8.544e-04 | std: 0.4348 | rollout: 8.482s | update: 0.170s | total: 8.652s | samples/s: 7044
Iteration 1085 | train reward: 1503.44 | best: 1521.47 | KL: 1.076e-03 | std: 0.4351 | rollout: 8.177s | update: 0.185s | total: 8.362s | samples/s: 7301
Iteration 1086 | train reward: 1451.69 | best: 1521.47 | KL: 1.485e-03 | std: 0.4334 | rollout: 8.260s | update: 0.186s | total: 8.447s | samples/s: 6987
Iteration 1087 | train reward: 1471.58 | best: 1521.47 | KL: 1.837e-03 | std: 0.4322 | rollout: 8.074s | update: 0.189s | total: 8.264s | samples/s: 7276
Iteration 1088 | train reward: 1465.15 | best: 1521.47 | KL: 1.325e-03 | std: 0.4321 | rollout: 8.327s | update: 0.418s | total: 8.744s | samples/s: 6829
Iteration 1089 | train reward: 1472.55 | best: 1521.47 | KL: 1.484e-03 | std: 0.4323 | rollout: 8.191s | update: 0.241s | total: 8.432s | samples/s: 7117
Iteration 1090 | train reward: 1484.81 | best: 1521.47 | KL: 8.588e-04 | std: 0.4325 | rollout: 8.521s | update: 0.321s | total: 8.841s | samples/s: 6811
Iteration 1091 | train reward: 1474.99 | best: 1521.47 | KL: 1.056e-03 | std: 0.4321 | rollout: 8.951s | update: 0.262s | total: 9.212s | samples/s: 6500
Iteration 1092 | train reward: 1474.62 | best: 1521.47 | KL: 8.450e-04 | std: 0.4323 | rollout: 8.667s | update: 0.191s | total: 8.858s | samples/s: 6757
Iteration 1093 | train reward: 1486.63 | best: 1521.47 | KL: 1.378e-03 | std: 0.4323 | rollout: 8.238s | update: 0.422s | total: 8.660s | samples/s: 6966
Iteration 1094 | train reward: 1490.82 | best: 1521.47 | KL: 1.407e-03 | std: 0.4314 | rollout: 7.979s | update: 0.211s | total: 8.189s | samples/s: 7395
Iteration 1095 | train reward: 1481.06 | best: 1521.47 | KL: 1.281e-03 | std: 0.4325 | rollout: 8.267s | update: 0.277s | total: 8.544s | samples/s: 7054
Iteration 1096 | train reward: 1501.99 | best: 1521.47 | KL: 1.316e-03 | std: 0.4325 | rollout: 8.166s | update: 0.347s | total: 8.513s | samples/s: 7199
Iteration 1097 | train reward: 1510.32 | best: 1521.47 | KL: 1.632e-03 | std: 0.4333 | rollout: 8.345s | update: 0.175s | total: 8.521s | samples/s: 7200
Iteration 1098 | train reward: 1495.57 | best: 1521.47 | KL: 1.136e-03 | std: 0.4321 | rollout: 8.622s | update: 0.173s | total: 8.795s | samples/s: 6941
Iteration 1099 | train reward: 1517.47 | best: 1521.47 | KL: 9.151e-04 | std: 0.4338 | rollout: 8.556s | update: 0.182s | total: 8.738s | samples/s: 7092
Iteration 1100 | train reward: 1487.98 | best: 1521.47 | KL: 1.097e-03 | std: 0.4326 | rollout: 8.171s | update: 0.239s | total: 8.410s | samples/s: 7222
Iteration 1101 | train reward: 1492.44 | best: 1521.47 | KL: 1.620e-03 | std: 0.4326 | rollout: 8.348s | update: 0.258s | total: 8.606s | samples/s: 7055
Iteration 1102 | train reward: 1508.16 | best: 1521.47 | KL: 1.443e-03 | std: 0.4339 | rollout: 8.246s | update: 0.289s | total: 8.535s | samples/s: 7206
Iteration 1103 | train reward: 1508.09 | best: 1521.47 | KL: 9.327e-04 | std: 0.4322 | rollout: 8.680s | update: 0.243s | total: 8.923s | samples/s: 6895
Iteration 1104 | train reward: 1452.91 | best: 1521.47 | KL: 8.326e-04 | std: 0.4322 | rollout: 8.239s | update: 0.227s | total: 8.467s | samples/s: 7006
Iteration 1105 | train reward: 1491.02 | best: 1521.47 | KL: 1.038e-03 | std: 0.4306 | rollout: 8.105s | update: 0.170s | total: 8.276s | samples/s: 7345
Iteration 1106 | train reward: 1502.46 | best: 1521.47 | KL: 1.035e-03 | std: 0.4289 | rollout: 8.175s | update: 0.225s | total: 8.400s | samples/s: 7315
Iteration 1107 | train reward: 1520.74 | best: 1521.47 | KL: 1.095e-03 | std: 0.4286 | rollout: 8.296s | update: 0.203s | total: 8.499s | samples/s: 7304
Iteration 1108 | train reward: 1508.16 | best: 1521.47 | KL: 1.498e-03 | std: 0.4287 | rollout: 7.886s | update: 0.156s | total: 8.042s | samples/s: 7663
Iteration 1109 | train reward: 1506.72 | best: 1521.47 | KL: 1.078e-03 | std: 0.4297 | rollout: 7.675s | update: 0.148s | total: 7.823s | samples/s: 7843
Iteration 1110 | train reward: 1493.77 | best: 1521.47 | KL: 1.489e-03 | std: 0.4313 | rollout: 8.010s | update: 0.156s | total: 8.166s | samples/s: 7451
Iteration 1111 | train reward: 1502.70 | best: 1521.47 | KL: 1.142e-03 | std: 0.4321 | rollout: 7.968s | update: 0.210s | total: 8.178s | samples/s: 7505
Iteration 1112 | train reward: 1482.90 | best: 1521.47 | KL: 1.333e-03 | std: 0.4331 | rollout: 8.275s | update: 0.146s | total: 8.421s | samples/s: 7186
Iteration 1113 | train reward: 1502.66 | best: 1521.47 | KL: 1.464e-03 | std: 0.4333 | rollout: 8.220s | update: 0.144s | total: 8.364s | samples/s: 7329
Iteration 1114 | train reward: 1508.43 | best: 1521.47 | KL: 1.069e-03 | std: 0.4338 | rollout: 8.312s | update: 0.189s | total: 8.501s | samples/s: 7230
Iteration 1115 | train reward: 1498.76 | best: 1521.47 | KL: 1.343e-03 | std: 0.4365 | rollout: 8.190s | update: 0.250s | total: 8.440s | samples/s: 7244
Iteration 1116 | train reward: 1500.62 | best: 1521.47 | KL: 9.627e-04 | std: 0.4367 | rollout: 8.392s | update: 0.251s | total: 8.643s | samples/s: 7093
Iteration 1117 | train reward: 1527.12 | best: 1527.12 | KL: 1.177e-03 | std: 0.4373 | rollout: 8.549s | update: 0.247s | total: 8.796s | samples/s: 7139
Iteration 1118 | train reward: 1515.78 | best: 1527.12 | KL: 1.131e-03 | std: 0.4367 | rollout: 8.327s | update: 0.242s | total: 8.569s | samples/s: 7235
Iteration 1119 | train reward: 1511.09 | best: 1527.12 | KL: 1.874e-03 | std: 0.4349 | rollout: 8.254s | update: 0.190s | total: 8.444s | samples/s: 7325
Iteration 1120 | train reward: 1509.52 | best: 1527.12 | KL: 1.924e-03 | std: 0.4359 | rollout: 8.249s | update: 0.180s | total: 8.430s | samples/s: 7308
Iteration 1121 | train reward: 1519.78 | best: 1527.12 | KL: 9.878e-04 | std: 0.4365 | rollout: 7.985s | update: 0.332s | total: 8.317s | samples/s: 7451
Iteration 1122 | train reward: 1507.36 | best: 1527.12 | KL: 9.218e-04 | std: 0.4373 | rollout: 8.159s | update: 0.189s | total: 8.349s | samples/s: 7371
Iteration 1123 | train reward: 1509.07 | best: 1527.12 | KL: 1.445e-03 | std: 0.4373 | rollout: 8.092s | update: 0.167s | total: 8.259s | samples/s: 7477
Iteration 1124 | train reward: 1502.23 | best: 1527.12 | KL: 1.307e-03 | std: 0.4373 | rollout: 8.483s | update: 0.157s | total: 8.640s | samples/s: 7062
Iteration 1125 | train reward: 1529.00 | best: 1529.00 | KL: 1.162e-03 | std: 0.4357 | rollout: 8.193s | update: 0.156s | total: 8.349s | samples/s: 7491
Iteration 1126 | train reward: 1499.11 | best: 1529.00 | KL: 1.831e-03 | std: 0.4366 | rollout: 9.173s | update: 0.259s | total: 9.432s | samples/s: 6479
Iteration 1127 | train reward: 1500.28 | best: 1529.00 | KL: 1.292e-03 | std: 0.4376 | rollout: 8.417s | update: 0.165s | total: 8.582s | samples/s: 7095
Iteration 1128 | train reward: 1504.18 | best: 1529.00 | KL: 1.391e-03 | std: 0.4383 | rollout: 8.329s | update: 0.178s | total: 8.507s | samples/s: 7209
Iteration 1129 | train reward: 1508.93 | best: 1529.00 | KL: 1.231e-03 | std: 0.4399 | rollout: 7.909s | update: 0.140s | total: 8.049s | samples/s: 7633
Iteration 1130 | train reward: 1501.49 | best: 1529.00 | KL: 1.309e-03 | std: 0.4409 | rollout: 8.183s | update: 0.153s | total: 8.336s | samples/s: 7364
Iteration 1131 | train reward: 1527.41 | best: 1529.00 | KL: 1.350e-03 | std: 0.4411 | rollout: 8.548s | update: 0.161s | total: 8.709s | samples/s: 7159
Iteration 1132 | train reward: 1524.37 | best: 1529.00 | KL: 1.205e-03 | std: 0.4417 | rollout: 8.435s | update: 0.355s | total: 8.791s | samples/s: 7097
Iteration 1133 | train reward: 1502.24 | best: 1529.00 | KL: 1.614e-03 | std: 0.4435 | rollout: 8.419s | update: 0.199s | total: 8.618s | samples/s: 7138
Iteration 1134 | train reward: 1531.47 | best: 1531.47 | KL: 1.017e-03 | std: 0.4445 | rollout: 8.458s | update: 0.327s | total: 8.785s | samples/s: 7155
Iteration 1135 | train reward: 1508.48 | best: 1531.47 | KL: 9.817e-04 | std: 0.4443 | rollout: 8.352s | update: 0.200s | total: 8.552s | samples/s: 7218
Iteration 1136 | train reward: 1507.42 | best: 1531.47 | KL: 1.522e-03 | std: 0.4427 | rollout: 8.070s | update: 0.223s | total: 8.293s | samples/s: 7421
Iteration 1137 | train reward: 1513.23 | best: 1531.47 | KL: 1.308e-03 | std: 0.4425 | rollout: 8.086s | update: 0.157s | total: 8.244s | samples/s: 7497
Iteration 1138 | train reward: 1470.18 | best: 1531.47 | KL: 1.154e-03 | std: 0.4412 | rollout: 8.496s | update: 0.257s | total: 8.753s | samples/s: 6906
Iteration 1139 | train reward: 1478.46 | best: 1531.47 | KL: 1.377e-03 | std: 0.4403 | rollout: 7.990s | update: 0.176s | total: 8.166s | samples/s: 7407
Iteration 1140 | train reward: 1508.47 | best: 1531.47 | KL: 9.965e-04 | std: 0.4409 | rollout: 8.186s | update: 0.187s | total: 8.373s | samples/s: 7361
Iteration 1141 | train reward: 1478.27 | best: 1531.47 | KL: 1.257e-03 | std: 0.4391 | rollout: 7.967s | update: 0.180s | total: 8.147s | samples/s: 7441
Iteration 1142 | train reward: 1507.39 | best: 1531.47 | KL: 2.030e-03 | std: 0.4393 | rollout: 8.152s | update: 0.175s | total: 8.327s | samples/s: 7404
Iteration 1143 | train reward: 1483.74 | best: 1531.47 | KL: 1.060e-03 | std: 0.4390 | rollout: 8.309s | update: 0.252s | total: 8.561s | samples/s: 7096
Iteration 1144 | train reward: 1508.58 | best: 1531.47 | KL: 1.557e-03 | std: 0.4385 | rollout: 8.029s | update: 0.188s | total: 8.217s | samples/s: 7496
Iteration 1145 | train reward: 1493.54 | best: 1531.47 | KL: 1.367e-03 | std: 0.4373 | rollout: 8.277s | update: 0.177s | total: 8.454s | samples/s: 7254
Iteration 1146 | train reward: 1505.78 | best: 1531.47 | KL: 1.000e-03 | std: 0.4367 | rollout: 7.983s | update: 0.223s | total: 8.207s | samples/s: 7494
Iteration 1147 | train reward: 1506.28 | best: 1531.47 | KL: 7.506e-04 | std: 0.4374 | rollout: 8.254s | update: 0.153s | total: 8.407s | samples/s: 7311
Iteration 1148 | train reward: 1473.10 | best: 1531.47 | KL: 1.117e-03 | std: 0.4372 | rollout: 8.093s | update: 0.155s | total: 8.248s | samples/s: 7288
Iteration 1149 | train reward: 1492.97 | best: 1531.47 | KL: 9.340e-04 | std: 0.4375 | rollout: 8.058s | update: 0.233s | total: 8.292s | samples/s: 7350
Iteration 1150 | train reward: 1491.35 | best: 1531.47 | KL: 1.514e-03 | std: 0.4401 | rollout: 7.965s | update: 0.194s | total: 8.159s | samples/s: 7421
Iteration 1151 | train reward: 1490.32 | best: 1531.47 | KL: 9.962e-04 | std: 0.4385 | rollout: 8.792s | update: 0.154s | total: 8.946s | samples/s: 6759
Iteration 1152 | train reward: 1463.52 | best: 1531.47 | KL: 6.731e-04 | std: 0.4385 | rollout: 5.861s | update: 0.159s | total: 6.020s | samples/s: 9929
Iteration 1153 | train reward: 1486.09 | best: 1531.47 | KL: 1.033e-03 | std: 0.4375 | rollout: 6.194s | update: 0.177s | total: 6.371s | samples/s: 9457
Iteration 1154 | train reward: 1512.87 | best: 1531.47 | KL: 1.308e-03 | std: 0.4383 | rollout: 6.217s | update: 0.136s | total: 6.353s | samples/s: 9713
Iteration 1155 | train reward: 1493.47 | best: 1531.47 | KL: 1.424e-03 | std: 0.4376 | rollout: 6.326s | update: 0.122s | total: 6.448s | samples/s: 9396
Iteration 1156 | train reward: 1500.84 | best: 1531.47 | KL: 1.270e-03 | std: 0.4386 | rollout: 6.233s | update: 0.196s | total: 6.429s | samples/s: 9498
Iteration 1157 | train reward: 1500.55 | best: 1531.47 | KL: 1.338e-03 | std: 0.4393 | rollout: 6.178s | update: 0.169s | total: 6.347s | samples/s: 9635
Iteration 1158 | train reward: 1504.72 | best: 1531.47 | KL: 1.297e-03 | std: 0.4391 | rollout: 6.211s | update: 0.148s | total: 6.359s | samples/s: 9616
Iteration 1159 | train reward: 1479.60 | best: 1531.47 | KL: 1.452e-03 | std: 0.4391 | rollout: 5.985s | update: 0.152s | total: 6.137s | samples/s: 9799
Iteration 1160 | train reward: 1479.67 | best: 1531.47 | KL: 7.910e-04 | std: 0.4401 | rollout: 6.320s | update: 0.136s | total: 6.456s | samples/s: 9295
Iteration 1161 | train reward: 1464.89 | best: 1531.47 | KL: 1.171e-03 | std: 0.4401 | rollout: 6.815s | update: 0.394s | total: 7.209s | samples/s: 8222
Iteration 1162 | train reward: 1471.42 | best: 1531.47 | KL: 1.502e-03 | std: 0.4398 | rollout: 7.162s | update: 0.324s | total: 7.486s | samples/s: 7963
Iteration 1163 | train reward: 1506.10 | best: 1531.47 | KL: 1.334e-03 | std: 0.4403 | rollout: 6.442s | update: 0.130s | total: 6.572s | samples/s: 9295
Iteration 1164 | train reward: 1473.63 | best: 1531.47 | KL: 1.659e-03 | std: 0.4391 | rollout: 6.376s | update: 0.144s | total: 6.521s | samples/s: 9150
Iteration 1165 | train reward: 1493.78 | best: 1531.47 | KL: 1.203e-03 | std: 0.4383 | rollout: 6.311s | update: 0.191s | total: 6.502s | samples/s: 9327
Iteration 1166 | train reward: 1482.11 | best: 1531.47 | KL: 1.208e-03 | std: 0.4402 | rollout: 6.166s | update: 0.137s | total: 6.303s | samples/s: 9531
Iteration 1167 | train reward: 1472.80 | best: 1531.47 | KL: 1.228e-03 | std: 0.4392 | rollout: 6.150s | update: 0.158s | total: 6.308s | samples/s: 9447
Iteration 1168 | train reward: 1493.93 | best: 1531.47 | KL: 1.601e-03 | std: 0.4401 | rollout: 6.240s | update: 0.162s | total: 6.402s | samples/s: 9439
Iteration 1169 | train reward: 1487.85 | best: 1531.47 | KL: 1.002e-03 | std: 0.4402 | rollout: 6.205s | update: 0.123s | total: 6.328s | samples/s: 9569
Iteration 1170 | train reward: 1477.02 | best: 1531.47 | KL: 1.871e-03 | std: 0.4391 | rollout: 6.152s | update: 0.124s | total: 6.276s | samples/s: 9520
Iteration 1171 | train reward: 1479.49 | best: 1531.47 | KL: 1.242e-03 | std: 0.4384 | rollout: 6.080s | update: 0.255s | total: 6.335s | samples/s: 9483
Iteration 1172 | train reward: 1492.34 | best: 1531.47 | KL: 1.324e-03 | std: 0.4392 | rollout: 6.324s | update: 0.198s | total: 6.522s | samples/s: 9264
Iteration 1173 | train reward: 1482.24 | best: 1531.47 | KL: 1.729e-03 | std: 0.4398 | rollout: 6.211s | update: 0.165s | total: 6.376s | samples/s: 9427
Iteration 1174 | train reward: 1494.28 | best: 1531.47 | KL: 1.080e-03 | std: 0.4384 | rollout: 6.587s | update: 0.161s | total: 6.748s | samples/s: 8988
Iteration 1175 | train reward: 1495.94 | best: 1531.47 | KL: 8.301e-04 | std: 0.4377 | rollout: 6.110s | update: 0.140s | total: 6.250s | samples/s: 9752
Iteration 1176 | train reward: 1508.46 | best: 1531.47 | KL: 1.297e-03 | std: 0.4376 | rollout: 6.488s | update: 0.135s | total: 6.623s | samples/s: 9250
Iteration 1177 | train reward: 1519.70 | best: 1531.47 | KL: 9.468e-04 | std: 0.4372 | rollout: 6.173s | update: 0.237s | total: 6.410s | samples/s: 9653
Iteration 1178 | train reward: 1504.89 | best: 1531.47 | KL: 7.071e-04 | std: 0.4383 | rollout: 7.848s | update: 0.163s | total: 8.011s | samples/s: 7665
Iteration 1179 | train reward: 1505.83 | best: 1531.47 | KL: 8.330e-04 | std: 0.4391 | rollout: 12.388s | update: 0.160s | total: 12.548s | samples/s: 4889
Iteration 1180 | train reward: 1490.19 | best: 1531.47 | KL: 1.204e-03 | std: 0.4393 | rollout: 13.690s | update: 0.252s | total: 13.942s | samples/s: 4360
Iteration 1181 | train reward: 1494.21 | best: 1531.47 | KL: 1.204e-03 | std: 0.4409 | rollout: 9.655s | update: 0.181s | total: 9.836s | samples/s: 6177
Iteration 1182 | train reward: 1490.46 | best: 1531.47 | KL: 1.146e-03 | std: 0.4402 | rollout: 8.106s | update: 0.229s | total: 8.335s | samples/s: 7327
Iteration 1183 | train reward: 1503.64 | best: 1531.47 | KL: 7.972e-04 | std: 0.4401 | rollout: 6.854s | update: 0.267s | total: 7.121s | samples/s: 8648
Iteration 1184 | train reward: 1487.66 | best: 1531.47 | KL: 1.502e-03 | std: 0.4384 | rollout: 6.997s | update: 0.170s | total: 7.167s | samples/s: 8513
Iteration 1185 | train reward: 1518.34 | best: 1531.47 | KL: 8.907e-04 | std: 0.4377 | rollout: 6.765s | update: 0.222s | total: 6.987s | samples/s: 8924
Iteration 1186 | train reward: 1515.60 | best: 1531.47 | KL: 1.175e-03 | std: 0.4367 | rollout: 6.504s | update: 0.168s | total: 6.672s | samples/s: 9302
Iteration 1187 | train reward: 1509.77 | best: 1531.47 | KL: 9.615e-04 | std: 0.4351 | rollout: 6.001s | update: 0.152s | total: 6.153s | samples/s: 10092
Iteration 1188 | train reward: 1520.88 | best: 1531.47 | KL: 1.152e-03 | std: 0.4359 | rollout: 5.359s | update: 0.134s | total: 5.493s | samples/s: 11406
Iteration 1189 | train reward: 1512.97 | best: 1531.47 | KL: 1.011e-03 | std: 0.4365 | rollout: 5.412s | update: 0.189s | total: 5.601s | samples/s: 11095
Iteration 1190 | train reward: 1537.03 | best: 1537.03 | KL: 8.577e-04 | std: 0.4365 | rollout: 5.445s | update: 0.235s | total: 5.681s | samples/s: 11139
Iteration 1191 | train reward: 1533.96 | best: 1537.03 | KL: 1.513e-03 | std: 0.4349 | rollout: 4.421s | update: 0.132s | total: 4.553s | samples/s: 13841
Iteration 1192 | train reward: 1518.53 | best: 1537.03 | KL: 1.044e-03 | std: 0.4339 | rollout: 4.498s | update: 0.124s | total: 4.622s | samples/s: 13524
Iteration 1193 | train reward: 1516.93 | best: 1537.03 | KL: 9.235e-04 | std: 0.4331 | rollout: 4.478s | update: 0.134s | total: 4.613s | samples/s: 13598
Iteration 1194 | train reward: 1503.84 | best: 1537.03 | KL: 1.507e-03 | std: 0.4333 | rollout: 4.869s | update: 0.127s | total: 4.995s | samples/s: 12428
Iteration 1195 | train reward: 1515.52 | best: 1537.03 | KL: 9.176e-04 | std: 0.4323 | rollout: 4.692s | update: 0.199s | total: 4.891s | samples/s: 12760
Iteration 1196 | train reward: 1498.14 | best: 1537.03 | KL: 1.135e-03 | std: 0.4323 | rollout: 4.721s | update: 0.180s | total: 4.901s | samples/s: 12564
Iteration 1197 | train reward: 1525.78 | best: 1537.03 | KL: 1.652e-03 | std: 0.4333 | rollout: 4.891s | update: 0.137s | total: 5.028s | samples/s: 12462
Iteration 1198 | train reward: 1505.78 | best: 1537.03 | KL: 1.406e-03 | std: 0.4325 | rollout: 4.587s | update: 0.180s | total: 4.767s | samples/s: 12940
Iteration 1199 | train reward: 1513.69 | best: 1537.03 | KL: 1.165e-03 | std: 0.4338 | rollout: 4.434s | update: 0.139s | total: 4.573s | samples/s: 13532
training time 10791.61s
