method,seed,update,true_environment_steps_before_update,beta,barrier_active,reward_gradient_norm,barrier_gradient_norm,regularizer_gradient_norm,total_gradient_norm,naturalized_reward_norm,naturalized_barrier_norm,euclidean_barrier_to_reward_ratio,natural_barrier_to_reward_ratio,euclidean_cosine,euclidean_cosine_defined,natural_cosine,natural_cosine_defined,realized_kl,damping
gpomdp_reward_only,712,0,0,0.0,False,179.44964599609375,0.08146166801452637,0.0,179.44964599609375,3569.486328125,0.0,0.0,0.0,-0.011491800658404827,True,nan,False,4.674436786444858e-05,0.01
gpomdp_reward_only,712,1,4000,0.0,False,277.33880615234375,0.08473149687051773,0.0,277.33880615234375,3772.050537109375,0.0,0.0,0.0,0.24667271971702576,True,nan,False,1.7800581190385856e-05,0.01
gpomdp_reward_only,712,2,8000,0.0,False,215.315673828125,0.0814717635512352,0.0,215.315673828125,3210.419921875,0.0,0.0,0.0,-0.19574977457523346,True,nan,False,1.9345066903042607e-05,0.01
gpomdp_reward_only,712,3,12000,0.0,False,157.00778198242188,0.08685839921236038,0.0,157.00778198242188,2256.70751953125,0.0,0.0,0.0,-0.3320433795452118,True,nan,False,7.701252798142377e-06,0.01
gpomdp_reward_only,712,4,16000,0.0,False,285.88427734375,0.08493462949991226,0.0,285.88427734375,3088.134521484375,0.0,0.0,0.0,0.13659916818141937,True,nan,False,5.537414381251438e-06,0.01
gpomdp_reward_only,712,5,20000,0.0,False,205.28570556640625,0.08676279336214066,0.0,205.28570556640625,3801.900634765625,0.0,0.0,0.0,0.10969104617834091,True,nan,False,1.0626914672684507e-06,0.01
gpomdp_reward_only,712,6,24000,0.0,False,206.94064331054688,0.0885726734995842,0.0,206.94064331054688,3871.0830078125,0.0,0.0,0.0,-0.8727977275848389,True,nan,False,3.918478341802256e-06,0.01
gpomdp_reward_only,712,7,28000,0.0,False,187.52125549316406,0.09130442887544632,0.0,187.52125549316406,3406.278564453125,0.0,0.0,0.0,0.8231381177902222,True,nan,False,7.112728326319484e-07,0.01
gpomdp_reward_only,712,8,32000,0.0,False,263.67193603515625,0.08763249963521957,0.0,263.67193603515625,5717.03125,0.0,0.0,0.0,-0.5738554000854492,True,nan,False,1.7531235698697856e-06,0.01
gpomdp_reward_only,712,9,36000,0.0,False,83.56505584716797,0.08954250067472458,0.0,83.56505584716797,4118.75146484375,0.0,0.0,0.0,-0.16998127102851868,True,nan,False,1.9478002286632545e-06,0.01
gpomdp_reward_only,712,10,40000,0.0,False,205.26394653320312,0.09292484074831009,0.0,205.26394653320312,4599.62109375,0.0,0.0,0.0,0.5317069888114929,True,nan,False,1.1143193887619418e-06,0.01
gpomdp_reward_only,712,11,44000,0.0,False,269.4626159667969,0.09370801597833633,0.0,269.4626159667969,3859.248779296875,0.0,0.0,0.0,0.5050826668739319,True,nan,False,2.6005236577475443e-06,0.01
gpomdp_reward_only,712,12,48000,0.0,False,147.3135986328125,0.09287384152412415,0.0,147.3135986328125,2979.32275390625,0.0,0.0,0.0,0.24771077930927277,True,nan,False,1.247300929207995e-06,0.01
gpomdp_reward_only,712,13,52000,0.0,False,348.9355163574219,0.08857282251119614,0.0,348.9355163574219,3732.8876953125,0.0,0.0,0.0,-0.8467596769332886,True,nan,False,2.0592071905412013e-06,0.01
gpomdp_reward_only,712,14,56000,0.0,False,116.18603515625,0.09067003428936005,0.0,116.18603515625,3789.08251953125,0.0,0.0,0.0,0.16506683826446533,True,nan,False,2.381166950726765e-06,0.01
gpomdp_reward_only,712,15,60000,0.0,False,210.34246826171875,0.09369862824678421,0.0,210.34246826171875,3999.13037109375,0.0,0.0,0.0,-0.8077487349510193,True,nan,False,2.691502686502645e-06,0.01
gpomdp_reward_only,712,16,64000,0.0,False,121.1926040649414,0.09315623342990875,0.0,121.1926040649414,2545.17626953125,0.0,0.0,0.0,0.2630554139614105,True,nan,False,1.7487858485765173e-06,0.01
gpomdp_reward_only,712,17,68000,0.0,False,286.8168029785156,0.09719850867986679,0.0,286.8168029785156,4290.62060546875,0.0,0.0,0.0,-0.548032820224762,True,nan,False,3.37618303092313e-06,0.01
gpomdp_reward_only,712,18,72000,0.0,False,166.64059448242188,0.09489242732524872,0.0,166.64059448242188,3558.84228515625,0.0,0.0,0.0,0.10229425132274628,True,nan,False,2.584551566542359e-06,0.01
gpomdp_reward_only,712,19,76000,0.0,False,166.28944396972656,0.09952310472726822,0.0,166.28944396972656,4304.0,0.0,0.0,0.0,0.4745354950428009,True,nan,False,2.2778119728172896e-06,0.01
gpomdp_reward_only,712,20,80000,0.0,False,324.4121398925781,0.10268283635377884,0.0,324.4121398925781,2596.045654296875,0.0,0.0,0.0,0.6374520063400269,True,nan,False,4.214636192045873e-06,0.01
gpomdp_reward_only,712,21,84000,0.0,False,315.0679626464844,0.09686074405908585,0.0,315.0679626464844,2466.525146484375,0.0,0.0,0.0,-0.08963929116725922,True,nan,False,8.927283488446847e-06,0.01
gpomdp_reward_only,712,22,88000,0.0,False,208.0753631591797,0.09928221255540848,0.0,208.0753631591797,2555.909423828125,0.0,0.0,0.0,-0.899553120136261,True,nan,False,8.559016350773163e-06,0.01
gpomdp_reward_only,712,23,92000,0.0,False,185.06858825683594,0.09588044136762619,0.0,185.06858825683594,3194.246337890625,0.0,0.0,0.0,-0.39451393485069275,True,nan,False,1.0172374459216371e-05,0.01
gpomdp_reward_only,712,24,96000,0.0,False,198.75704956054688,0.10251319408416748,0.0,198.75704956054688,3871.625732421875,0.0,0.0,0.0,0.22400279343128204,True,nan,False,1.020489253278356e-05,0.01
gpomdp_reward_only,712,25,100000,0.0,False,238.17581176757812,0.10351205617189407,0.0,238.17581176757812,4423.50341796875,0.0,0.0,0.0,0.8880698680877686,True,nan,False,7.556894615845522e-06,0.01
gpomdp_reward_only,712,26,104000,0.0,False,126.72715759277344,0.099765345454216,0.0,126.72715759277344,3712.90087890625,0.0,0.0,0.0,0.6505097150802612,True,nan,False,8.901867659005802e-06,0.01
gpomdp_reward_only,712,27,108000,0.0,False,224.4630584716797,0.10389813035726547,0.0,224.4630584716797,3305.11279296875,0.0,0.0,0.0,-0.7641458511352539,True,nan,False,4.706728304881835e-06,0.01
gpomdp_reward_only,712,28,112000,0.0,False,185.6639862060547,0.09736200422048569,0.0,185.6639862060547,3381.053955078125,0.0,0.0,0.0,-0.4888060390949249,True,nan,False,5.428008080343716e-06,0.01
gpomdp_reward_only,712,29,116000,0.0,False,289.5395812988281,0.10246195644140244,0.0,289.5395812988281,2838.69287109375,0.0,0.0,0.0,-0.18435370922088623,True,nan,False,1.9810613594017923e-06,0.01
gpomdp_reward_only,712,30,120000,0.0,False,151.919189453125,0.10159856826066971,0.0,151.919189453125,3437.4140625,0.0,0.0,0.0,0.6750531792640686,True,nan,False,1.3640121778735192e-06,0.01
gpomdp_reward_only,712,31,124000,0.0,False,267.33880615234375,0.10219016671180725,0.0,267.33880615234375,3404.5771484375,0.0,0.0,0.0,-0.6612004637718201,True,nan,False,3.936575012630783e-06,0.01
gpomdp_reward_only,712,32,128000,0.0,False,177.12210083007812,0.10343783348798752,0.0,177.12210083007812,3613.86181640625,0.0,0.0,0.0,0.05158940330147743,True,nan,False,2.4031185148487566e-06,0.01
gpomdp_reward_only,712,33,132000,0.0,False,273.99896240234375,0.10624152421951294,0.0,273.99896240234375,3647.1259765625,0.0,0.0,0.0,-0.8425788879394531,True,nan,False,5.334208253771067e-06,0.01
gpomdp_reward_only,712,34,136000,0.0,False,207.2296600341797,0.10800687223672867,0.0,207.2296600341797,4002.087158203125,0.0,0.0,0.0,-0.15694637596607208,True,nan,False,5.056086592958309e-06,0.01
gpomdp_reward_only,712,35,140000,0.0,False,110.81990814208984,0.1095799133181572,0.0,110.81990814208984,2852.198974609375,0.0,0.0,0.0,-0.709373950958252,True,nan,False,6.058351118554128e-06,0.01
gpomdp_reward_only,712,36,144000,0.0,False,184.83392333984375,0.11440456658601761,0.0,184.83392333984375,3383.28857421875,0.0,0.0,0.0,-0.15518441796302795,True,nan,False,4.98083682032302e-06,0.01
gpomdp_reward_only,712,37,148000,0.0,False,116.1519546508789,0.11437557637691498,0.0,116.1519546508789,3358.25048828125,0.0,0.0,0.0,0.5615690350532532,True,nan,False,3.782388603212894e-06,0.01
gpomdp_reward_only,712,38,152000,0.0,False,263.42694091796875,0.11704489588737488,0.0,263.42694091796875,2993.412109375,0.0,0.0,0.0,0.47274351119995117,True,nan,False,2.786243840091629e-06,0.01
gpomdp_reward_only,712,39,156000,0.0,False,198.305908203125,0.11695960909128189,0.0,198.305908203125,3110.676513671875,0.0,0.0,0.0,-0.022845225408673286,True,nan,False,4.629446266335435e-06,0.01
gpomdp_reward_only,712,40,160000,0.0,False,236.40870666503906,0.12141043692827225,0.0,236.40870666503906,3699.8916015625,0.0,0.0,0.0,0.706171989440918,True,nan,False,4.594225174514577e-06,0.01
gpomdp_reward_only,712,41,164000,0.0,False,309.9851989746094,0.11876659840345383,0.0,309.9851989746094,3637.4267578125,0.0,0.0,0.0,-0.5367224812507629,True,nan,False,9.510874406259973e-06,0.01
gpomdp_reward_only,712,42,168000,0.0,False,115.78116607666016,0.12098842859268188,0.0,115.78116607666016,3144.62109375,0.0,0.0,0.0,0.2042563557624817,True,nan,False,8.296724445244763e-06,0.01
gpomdp_reward_only,712,43,172000,0.0,False,247.61256408691406,0.12158600240945816,0.0,247.61256408691406,3050.9384765625,0.0,0.0,0.0,-0.08575695753097534,True,nan,False,3.5374080198380398e-06,0.01
gpomdp_reward_only,712,44,176000,0.0,False,260.9333801269531,0.12012945860624313,0.0,260.9333801269531,5095.52197265625,0.0,0.0,0.0,-0.5075874924659729,True,nan,False,3.437342229517526e-06,0.01
gpomdp_reward_only,712,45,180000,0.0,False,181.42510986328125,0.12459009140729904,0.0,181.42510986328125,3387.5302734375,0.0,0.0,0.0,-0.7845960259437561,True,nan,False,4.378587163955672e-06,0.01
gpomdp_reward_only,712,46,184000,0.0,False,278.9828796386719,0.12682723999023438,0.0,278.9828796386719,3205.319091796875,0.0,0.0,0.0,0.5289261937141418,True,nan,False,1.134612148234737e-06,0.01
gpomdp_reward_only,712,47,188000,0.0,False,235.740234375,0.12640032172203064,0.0,235.740234375,2826.6806640625,0.0,0.0,0.0,-0.7161896824836731,True,nan,False,3.016300979652442e-06,0.01
gpomdp_reward_only,712,48,192000,0.0,False,134.38587951660156,0.13159023225307465,0.0,134.38587951660156,3187.6337890625,0.0,0.0,0.0,0.3334167003631592,True,nan,False,1.7703824823911418e-06,0.01
gpomdp_reward_only,712,49,196000,0.0,False,123.51686096191406,0.13164471089839935,0.0,123.51686096191406,3141.168212890625,0.0,0.0,0.0,0.7440621852874756,True,nan,False,7.06485934642842e-07,0.01
gpomdp_reward_only,712,50,200000,0.0,False,184.32228088378906,0.1324484646320343,0.0,184.32228088378906,2819.887451171875,0.0,0.0,0.0,-0.6642627716064453,True,nan,False,2.0735244561365107e-06,0.01
gpomdp_reward_only,712,51,204000,0.0,False,218.8000946044922,0.13148190081119537,0.0,218.8000946044922,3708.9345703125,0.0,0.0,0.0,-0.44043827056884766,True,nan,False,2.816863798216218e-06,0.01
gpomdp_reward_only,712,52,208000,0.0,False,185.41334533691406,0.1334417164325714,0.0,185.41334533691406,3152.119140625,0.0,0.0,0.0,0.5127829909324646,True,nan,False,1.5176819943008013e-06,0.01
gpomdp_reward_only,712,53,212000,0.0,False,170.28736877441406,0.13451343774795532,0.0,170.28736877441406,3184.048828125,0.0,0.0,0.0,0.2017751783132553,True,nan,False,2.1144742277101614e-06,0.01
gpomdp_reward_only,712,54,216000,0.0,False,210.9546661376953,0.13717269897460938,0.0,210.9546661376953,4277.396484375,0.0,0.0,0.0,-0.6784747242927551,True,nan,False,3.4385182061669184e-06,0.01
gpomdp_reward_only,712,55,220000,0.0,False,125.37820434570312,0.1366003155708313,0.0,125.37820434570312,2132.271484375,0.0,0.0,0.0,-0.8955426216125488,True,nan,False,4.100665591977304e-06,0.01
gpomdp_reward_only,712,56,224000,0.0,False,156.48068237304688,0.13834327459335327,0.0,156.48068237304688,3438.72265625,0.0,0.0,0.0,-0.3354394733905792,True,nan,False,5.296782546793111e-06,0.01
gpomdp_reward_only,712,57,228000,0.0,False,210.3466033935547,0.14052122831344604,0.0,210.3466033935547,3746.36328125,0.0,0.0,0.0,-0.1729070544242859,True,nan,False,6.907713213877287e-06,0.01
gpomdp_reward_only,712,58,232000,0.0,False,203.10081481933594,0.14221739768981934,0.0,203.10081481933594,3870.28857421875,0.0,0.0,0.0,0.8636789321899414,True,nan,False,4.889141109742923e-06,0.01
gpomdp_reward_only,712,59,236000,0.0,False,170.4644317626953,0.14287297427654266,0.0,170.4644317626953,2748.950439453125,0.0,0.0,0.0,0.2659352421760559,True,nan,False,2.327411039004801e-06,0.01
gpomdp_reward_only,712,60,240000,0.0,False,334.8495788574219,0.14401301741600037,0.0,334.8495788574219,3042.887939453125,0.0,0.0,0.0,0.6522324085235596,True,nan,False,4.2557489905448165e-06,0.01
gpomdp_reward_only,712,61,244000,0.0,False,152.04257202148438,0.14241917431354523,0.0,152.04257202148438,3582.078857421875,0.0,0.0,0.0,0.4456000030040741,True,nan,False,5.330279236659408e-06,0.01
gpomdp_reward_only,712,62,247977,0.0,False,212.0279541015625,0.14400970935821533,0.0,212.0279541015625,3491.51513671875,0.0,0.0,0.0,0.6561378240585327,True,nan,False,5.311349468684057e-06,0.01
gpomdp_reward_only,712,63,251977,0.0,False,148.1477508544922,0.14171765744686127,0.0,148.1477508544922,3040.9853515625,0.0,0.0,0.0,-0.26307424902915955,True,nan,False,3.0957403396314476e-06,0.01
gpomdp_reward_only,712,64,255977,0.0,False,323.0950927734375,0.13912861049175262,0.0,323.0950927734375,4178.794921875,0.0,0.0,0.0,0.7716308236122131,True,nan,False,5.539712674362818e-06,0.01
gpomdp_reward_only,712,65,259977,0.0,False,225.20994567871094,0.13652773201465607,0.0,225.20994567871094,3897.36572265625,0.0,0.0,0.0,0.8438385128974915,True,nan,False,9.107205187319778e-06,0.01
gpomdp_reward_only,712,66,263973,0.0,False,208.36293029785156,0.13276836276054382,0.0,208.36293029785156,1944.92236328125,0.0,0.0,0.0,0.7510719299316406,True,nan,False,1.0151115020562429e-05,0.01
gpomdp_reward_only,712,67,267973,0.0,False,187.8656463623047,0.13046610355377197,0.0,187.8656463623047,2504.691650390625,0.0,0.0,0.0,-0.7675713896751404,True,nan,False,4.9794175538409036e-06,0.01
gpomdp_reward_only,712,68,271973,0.0,False,118.19096374511719,0.12715600430965424,0.0,118.19096374511719,2496.815673828125,0.0,0.0,0.0,-0.7516187429428101,True,nan,False,2.589260247987113e-06,0.01
gpomdp_reward_only,712,69,275973,0.0,False,298.4447326660156,0.1273910254240036,0.0,298.4447326660156,3337.427978515625,0.0,0.0,0.0,0.2501571476459503,True,nan,False,3.3389828786312137e-06,0.01
gpomdp_reward_only,712,70,279973,0.0,False,214.48812866210938,0.1253392994403839,0.0,214.48812866210938,2889.859619140625,0.0,0.0,0.0,0.7941167950630188,True,nan,False,6.390753242158098e-06,0.01
gpomdp_reward_only,712,71,283973,0.0,False,178.28001403808594,0.12231433391571045,0.0,178.28001403808594,3404.628662109375,0.0,0.0,0.0,0.8131679892539978,True,nan,False,7.127270237106131e-06,0.01
gpomdp_reward_only,712,72,287973,0.0,False,292.60400390625,0.12189742177724838,0.0,292.60400390625,2717.68798828125,0.0,0.0,0.0,0.5917145013809204,True,nan,False,8.517004971508868e-06,0.01
gpomdp_reward_only,712,73,291973,0.0,False,260.0822448730469,0.11767961829900742,0.0,260.0822448730469,2568.410888671875,0.0,0.0,0.0,-0.8426258563995361,True,nan,False,3.7531633552134736e-06,0.01
gpomdp_reward_only,712,74,295973,0.0,False,112.1311264038086,0.11524751782417297,0.0,112.1311264038086,4411.78759765625,0.0,0.0,0.0,-0.038856979459524155,True,nan,False,2.846923962351866e-06,0.01
gpomdp_reward_only,712,75,299973,0.0,False,238.25164794921875,0.11306089162826538,0.0,238.25164794921875,5111.68408203125,0.0,0.0,0.0,0.6012006998062134,True,nan,False,5.458633040689165e-06,0.01
gpomdp_reward_only,712,76,303973,0.0,False,190.46426391601562,0.11062023788690567,0.0,190.46426391601562,2874.9443359375,0.0,0.0,0.0,0.11986929178237915,True,nan,False,4.0833879211277235e-06,0.01
gpomdp_reward_only,712,77,307973,0.0,False,215.0605010986328,0.10905390977859497,0.0,215.0605010986328,3504.8779296875,0.0,0.0,0.0,-0.6662375926971436,True,nan,False,2.1894704786973307e-06,0.01
gpomdp_reward_only,712,78,311973,0.0,False,205.39266967773438,0.11017736792564392,0.0,205.39266967773438,4226.47021484375,0.0,0.0,0.0,0.0756237730383873,True,nan,False,1.4169693258736515e-06,0.01
gpomdp_reward_only,712,79,315973,0.0,False,329.758544921875,0.10590165853500366,0.0,329.758544921875,3808.831787109375,0.0,0.0,0.0,-0.7217302918434143,True,nan,False,1.0643731229720288e-06,0.01
gpomdp_reward_only,712,80,319848,0.0,False,174.2129669189453,0.10666054487228394,0.0,174.2129669189453,3650.71630859375,0.0,0.0,0.0,-0.7097486853599548,True,nan,False,1.8577233049654751e-06,0.01
gpomdp_reward_only,712,81,323848,0.0,False,251.01927185058594,0.10579659789800644,0.0,251.01927185058594,3797.431640625,0.0,0.0,0.0,0.658452570438385,True,nan,False,2.5222450403816765e-06,0.01
gpomdp_reward_only,712,82,327848,0.0,False,208.3153076171875,0.10547462850809097,0.0,208.3153076171875,3464.08544921875,0.0,0.0,0.0,0.6820068955421448,True,nan,False,1.8419611933495617e-06,0.01
gpomdp_reward_only,712,83,331848,0.0,False,269.1809387207031,0.10636979341506958,0.0,269.1809387207031,2898.185546875,0.0,0.0,0.0,0.6940330266952515,True,nan,False,3.318127482998534e-06,0.01
gpomdp_reward_only,712,84,335848,0.0,False,145.4018096923828,0.1068732962012291,0.0,145.4018096923828,3754.814208984375,0.0,0.0,0.0,0.38370281457901,True,nan,False,3.315812818982522e-06,0.01
gpomdp_reward_only,712,85,339806,0.0,False,151.2594757080078,0.10147377103567123,0.0,151.2594757080078,3525.250732421875,0.0,0.0,0.0,0.6603855490684509,True,nan,False,4.1995103856606875e-06,0.01
gpomdp_reward_only,712,86,343806,0.0,False,143.4412078857422,0.1016087755560875,0.0,143.4412078857422,3566.544921875,0.0,0.0,0.0,-0.5303936004638672,True,nan,False,2.910502871600329e-06,0.01
gpomdp_reward_only,712,87,347806,0.0,False,256.6405944824219,0.10079512745141983,0.0,256.6405944824219,3656.701171875,0.0,0.0,0.0,0.43391671776771545,True,nan,False,5.545372914639302e-06,0.01
gpomdp_reward_only,712,88,351806,0.0,False,243.58319091796875,0.09831692278385162,0.0,243.58319091796875,3845.627685546875,0.0,0.0,0.0,0.34397202730178833,True,nan,False,3.397786031200667e-06,0.01
gpomdp_reward_only,712,89,355806,0.0,False,354.3282165527344,0.09902752935886383,0.0,354.3282165527344,3136.990966796875,0.0,0.0,0.0,0.8385884761810303,True,nan,False,7.177058250817936e-06,0.01
gpomdp_reward_only,712,90,359806,0.0,False,277.07965087890625,0.09508434683084488,0.0,277.07965087890625,4225.49609375,0.0,0.0,0.0,-0.4871923625469208,True,nan,False,2.90178263639973e-06,0.01
gpomdp_reward_only,712,91,363806,0.0,False,252.15023803710938,0.09284720569849014,0.0,252.15023803710938,3750.25146484375,0.0,0.0,0.0,0.0635237917304039,True,nan,False,3.5416230730334064e-06,0.01
gpomdp_reward_only,712,92,367806,0.0,False,251.54644775390625,0.0908069983124733,0.0,251.54644775390625,3710.49365234375,0.0,0.0,0.0,-0.8043458461761475,True,nan,False,1.894585921036196e-06,0.01
gpomdp_reward_only,712,93,371806,0.0,False,271.849365234375,0.09015608578920364,0.0,271.849365234375,5319.47119140625,0.0,0.0,0.0,-0.5578081011772156,True,nan,False,3.9335768633463886e-06,0.01
gpomdp_reward_only,712,94,375806,0.0,False,257.1302795410156,0.09022119641304016,0.0,257.1302795410156,4675.92626953125,0.0,0.0,0.0,0.9547269940376282,True,nan,False,3.2050343179435004e-06,0.01
gpomdp_reward_only,712,95,379806,0.0,False,272.4161376953125,0.08848777413368225,0.0,272.4161376953125,3623.890380859375,0.0,0.0,0.0,0.5144364833831787,True,nan,False,1.8974477598021622e-06,0.01
gpomdp_reward_only,712,96,383806,0.0,False,303.14794921875,0.08738825470209122,0.0,303.14794921875,2456.562255859375,0.0,0.0,0.0,0.21097001433372498,True,nan,False,3.9997689782467205e-06,0.01
gpomdp_reward_only,712,97,387806,0.0,False,177.5298614501953,0.08887947350740433,0.0,177.5298614501953,4247.81298828125,0.0,0.0,0.0,-0.6276469230651855,True,nan,False,2.286309381815954e-06,0.01
gpomdp_reward_only,712,98,391806,0.0,False,207.47438049316406,0.088618703186512,0.0,207.47438049316406,2979.117919921875,0.0,0.0,0.0,-0.3363374173641205,True,nan,False,9.505637876827677e-07,0.01
gpomdp_reward_only,712,99,395806,0.0,False,139.9264373779297,0.08615526556968689,0.0,139.9264373779297,4117.21484375,0.0,0.0,0.0,-0.27856042981147766,True,nan,False,8.583153885410866e-07,0.01
gpomdp_reward_only,712,100,399806,0.0,False,177.5370635986328,0.08574365079402924,0.0,177.5370635986328,3192.656005859375,0.0,0.0,0.0,-0.2997763156890869,True,nan,False,5.913965424042544e-07,0.01
gpomdp_reward_only,712,101,403806,0.0,False,166.63238525390625,0.08495505899190903,0.0,166.63238525390625,3493.290283203125,0.0,0.0,0.0,-0.12479207664728165,True,nan,False,6.223366995072865e-07,0.01
gpomdp_reward_only,712,102,407806,0.0,False,250.33834838867188,0.08774437010288239,0.0,250.33834838867188,4681.826171875,0.0,0.0,0.0,0.1250232756137848,True,nan,False,7.589152346554329e-07,0.01
gpomdp_reward_only,712,103,411806,0.0,False,326.2466125488281,0.08719932287931442,0.0,326.2466125488281,4305.74658203125,0.0,0.0,0.0,0.48289772868156433,True,nan,False,5.255818678051583e-07,0.01
gpomdp_reward_only,712,104,415806,0.0,False,160.14071655273438,0.08625536412000656,0.0,160.14071655273438,3528.947021484375,0.0,0.0,0.0,0.39170610904693604,True,nan,False,7.967609576553514e-07,0.01
gpomdp_reward_only,712,105,419806,0.0,False,84.15354919433594,0.08383803814649582,0.0,84.15354919433594,3418.158203125,0.0,0.0,0.0,0.12071076035499573,True,nan,False,6.501863367702754e-07,0.01
gpomdp_reward_only,712,106,423806,0.0,False,177.13427734375,0.0830821767449379,0.0,177.13427734375,4101.56298828125,0.0,0.0,0.0,-0.7810081243515015,True,nan,False,4.951421601617767e-07,0.01
gpomdp_reward_only,712,107,427806,0.0,False,177.48580932617188,0.08398553729057312,0.0,177.48580932617188,3093.57861328125,0.0,0.0,0.0,-0.758542537689209,True,nan,False,1.0988185294991126e-06,0.01
gpomdp_reward_only,712,108,431806,0.0,False,235.5343475341797,0.08312596380710602,0.0,235.5343475341797,4047.678955078125,0.0,0.0,0.0,0.12120945751667023,True,nan,False,1.5291359432012541e-06,0.01
gpomdp_reward_only,712,109,435806,0.0,False,210.51287841796875,0.08427529036998749,0.0,210.51287841796875,3831.781494140625,0.0,0.0,0.0,-0.5959057807922363,True,nan,False,1.7704486481306958e-06,0.01
gpomdp_reward_only,712,110,439806,0.0,False,232.31228637695312,0.08458933979272842,0.0,232.31228637695312,2955.97509765625,0.0,0.0,0.0,0.544806957244873,True,nan,False,3.172516244376311e-06,0.01
gpomdp_reward_only,712,111,443806,0.0,False,154.23220825195312,0.08832379430532455,0.0,154.23220825195312,3584.39697265625,0.0,0.0,0.0,0.6579059362411499,True,nan,False,2.5930000902008032e-06,0.01
gpomdp_reward_only,712,112,447806,0.0,False,284.9869384765625,0.08366353809833527,0.0,284.9869384765625,3257.098876953125,0.0,0.0,0.0,0.7467933297157288,True,nan,False,5.5090690693759825e-06,0.01
gpomdp_reward_only,712,113,451806,0.0,False,166.8965301513672,0.0870593786239624,0.0,166.8965301513672,4807.38671875,0.0,0.0,0.0,-0.23389817774295807,True,nan,False,3.923019448848208e-06,0.01
gpomdp_reward_only,712,114,455806,0.0,False,214.91334533691406,0.08585210144519806,0.0,214.91334533691406,3430.416259765625,0.0,0.0,0.0,0.4759940803050995,True,nan,False,2.0750319436046993e-06,0.01
gpomdp_reward_only,712,115,459806,0.0,False,100.90616607666016,0.08364912122488022,0.0,100.90616607666016,2337.447998046875,0.0,0.0,0.0,-0.7991564273834229,True,nan,False,1.4385626627699821e-06,0.01
gpomdp_reward_only,712,116,463806,0.0,False,96.04603576660156,0.08156336098909378,0.0,96.04603576660156,3057.726318359375,0.0,0.0,0.0,0.5172659754753113,True,nan,False,1.1326031881253584e-06,0.01
gpomdp_reward_only,712,117,467806,0.0,False,376.1163024902344,0.07972491532564163,0.0,376.1163024902344,2721.6767578125,0.0,0.0,0.0,0.1756354123353958,True,nan,False,4.777942649525357e-06,0.01
gpomdp_reward_only,712,118,471806,0.0,False,368.76434326171875,0.08157820999622345,0.0,368.76434326171875,3023.34716796875,0.0,0.0,0.0,0.6495915055274963,True,nan,False,3.3170672395499423e-06,0.01
gpomdp_reward_only,712,119,475806,0.0,False,126.96543884277344,0.07728424668312073,0.0,126.96543884277344,3379.06396484375,0.0,0.0,0.0,0.562505841255188,True,nan,False,3.46625392921851e-06,0.01
gpomdp_reward_only,712,120,479806,0.0,False,164.60057067871094,0.07704361528158188,0.0,164.60057067871094,3357.769287109375,0.0,0.0,0.0,0.4997338354587555,True,nan,False,3.042232719963067e-06,0.01
gpomdp_reward_only,712,121,483806,0.0,False,114.45748901367188,0.07930178195238113,0.0,114.45748901367188,2957.68310546875,0.0,0.0,0.0,-0.3952094316482544,True,nan,False,2.2784649900131626e-06,0.01
gpomdp_reward_only,712,122,487806,0.0,False,283.03515625,0.07288488000631332,0.0,283.03515625,4052.83740234375,0.0,0.0,0.0,0.5464767217636108,True,nan,False,3.0379555937543046e-06,0.01
gpomdp_reward_only,712,123,491806,0.0,False,387.2666015625,0.07000067830085754,0.0,387.2666015625,4018.8388671875,0.0,0.0,0.0,-0.8816643953323364,True,nan,False,6.642041512350261e-07,0.01
gpomdp_reward_only,712,124,495806,0.0,False,288.5133056640625,0.0720556378364563,0.0,288.5133056640625,4243.00244140625,0.0,0.0,0.0,-0.5477402806282043,True,nan,False,1.711777599666675e-06,0.01
gpomdp_reward_only,712,125,499806,0.0,False,297.8975524902344,0.070370614528656,0.0,297.8975524902344,4148.0986328125,0.0,0.0,0.0,-0.8810794353485107,True,nan,False,3.0352034627867397e-06,0.01
gpomdp_reward_only,712,126,503668,0.0,False,258.2084045410156,0.0708567351102829,0.0,258.2084045410156,4955.60546875,0.0,0.0,0.0,-0.00607895664870739,True,nan,False,4.566718871501507e-06,0.01
gpomdp_reward_only,712,127,507668,0.0,False,154.95953369140625,0.07480619847774506,0.0,154.95953369140625,3361.202880859375,0.0,0.0,0.0,-0.3961012661457062,True,nan,False,2.5028739401022904e-06,0.01
gpomdp_reward_only,712,128,511668,0.0,False,175.07449340820312,0.07633685320615768,0.0,175.07449340820312,4147.26953125,0.0,0.0,0.0,-0.02416021190583706,True,nan,False,3.1276420031645102e-06,0.01
gpomdp_reward_only,712,129,515640,0.0,False,214.1768798828125,0.07525065541267395,0.0,214.1768798828125,2647.045654296875,0.0,0.0,0.0,-0.8249509334564209,True,nan,False,4.8369929572800174e-06,0.01
gpomdp_reward_only,712,130,519640,0.0,False,219.4386444091797,0.07737946510314941,0.0,219.4386444091797,3286.59326171875,0.0,0.0,0.0,-0.4289863407611847,True,nan,False,6.9746233748446684e-06,0.01
gpomdp_reward_only,712,131,523640,0.0,False,202.8222198486328,0.07695532590150833,0.0,202.8222198486328,3567.782958984375,0.0,0.0,0.0,0.558710515499115,True,nan,False,6.79667800795869e-06,0.01
gpomdp_reward_only,712,132,527640,0.0,False,288.9797058105469,0.07844365388154984,0.0,288.9797058105469,2691.28955078125,0.0,0.0,0.0,0.9040133953094482,True,nan,False,3.362254346939153e-06,0.01
gpomdp_reward_only,712,133,531640,0.0,False,361.1076965332031,0.0797208845615387,0.0,361.1076965332031,4259.44873046875,0.0,0.0,0.0,0.758053719997406,True,nan,False,4.549756795313442e-06,0.01
gpomdp_reward_only,712,134,535604,0.0,False,90.84880065917969,0.0794985368847847,0.0,90.84880065917969,2802.603271484375,0.0,0.0,0.0,0.04928044229745865,True,nan,False,3.3236208309972426e-06,0.01
gpomdp_reward_only,712,135,539604,0.0,False,220.19764709472656,0.07790107280015945,0.0,220.19764709472656,3505.18603515625,0.0,0.0,0.0,0.22702240943908691,True,nan,False,2.1602093056571903e-06,0.01
gpomdp_reward_only,712,136,543604,0.0,False,104.18309020996094,0.07634338736534119,0.0,104.18309020996094,3026.253173828125,0.0,0.0,0.0,-0.0011244389461353421,True,nan,False,1.6413929415648454e-06,0.01
gpomdp_reward_only,712,137,547604,0.0,False,213.0131378173828,0.07530783116817474,0.0,213.0131378173828,3816.451171875,0.0,0.0,0.0,0.4956558346748352,True,nan,False,1.0071197493743966e-06,0.01
gpomdp_reward_only,712,138,551604,0.0,False,87.72628021240234,0.0780818909406662,0.0,87.72628021240234,3184.67041015625,0.0,0.0,0.0,-0.2265550047159195,True,nan,False,6.147864723970997e-07,0.01
gpomdp_reward_only,712,139,555604,0.0,False,137.7341766357422,0.07771968096494675,0.0,137.7341766357422,3617.634033203125,0.0,0.0,0.0,-0.596564531326294,True,nan,False,4.460483751245192e-07,0.01
gpomdp_reward_only,712,140,559604,0.0,False,280.269775390625,0.07465103268623352,0.0,280.269775390625,4134.60888671875,0.0,0.0,0.0,-0.06872689723968506,True,nan,False,1.7916435126608121e-06,0.01
gpomdp_reward_only,712,141,563604,0.0,False,543.2396240234375,0.07666081190109253,0.0,543.2396240234375,3627.3251953125,0.0,0.0,0.0,-0.8322254419326782,True,nan,False,1.8522033542467398e-06,0.01
gpomdp_reward_only,712,142,567604,0.0,False,151.55213928222656,0.0764681026339531,0.0,151.55213928222656,3282.843505859375,0.0,0.0,0.0,0.34893563389778137,True,nan,False,1.400363544235006e-06,0.01
gpomdp_reward_only,712,143,571604,0.0,False,236.924560546875,0.08197738230228424,0.0,236.924560546875,5748.99853515625,0.0,0.0,0.0,0.20217497646808624,True,nan,False,1.9696012714121025e-06,0.01
gpomdp_reward_only,712,144,575604,0.0,False,264.8497619628906,0.07757321000099182,0.0,264.8497619628906,4293.47802734375,0.0,0.0,0.0,-0.6682725548744202,True,nan,False,1.7498294937468017e-06,0.01
gpomdp_reward_only,712,145,579604,0.0,False,361.4407043457031,0.08026321232318878,0.0,361.4407043457031,3954.66064453125,0.0,0.0,0.0,0.24827107787132263,True,nan,False,1.9413205336604733e-06,0.01
gpomdp_reward_only,712,146,583604,0.0,False,307.0058288574219,0.08503357321023941,0.0,307.0058288574219,5463.97509765625,0.0,0.0,0.0,-0.6156309843063354,True,nan,False,4.3959148570138495e-06,0.01
gpomdp_reward_only,712,147,587604,0.0,False,87.61839294433594,0.08201932907104492,0.0,87.61839294433594,2666.822509765625,0.0,0.0,0.0,0.7933144569396973,True,nan,False,2.966697820738773e-06,0.01
gpomdp_reward_only,712,148,591604,0.0,False,151.90805053710938,0.08222707360982895,0.0,151.90805053710938,2895.9248046875,0.0,0.0,0.0,0.0004701249417848885,True,nan,False,1.7381520365233882e-06,0.01
gpomdp_reward_only,712,149,595568,0.0,False,156.93716430664062,0.08517313003540039,0.0,156.93716430664062,3143.155517578125,0.0,0.0,0.0,0.6336720585823059,True,nan,False,1.1677757356665097e-06,0.01
gpomdp_reward_only,712,150,599490,0.0,False,213.77734375,0.08635203540325165,0.0,213.77734375,4292.71337890625,0.0,0.0,0.0,0.11015446484088898,True,nan,False,2.372875314904377e-06,0.01
gpomdp_reward_only,712,151,603490,0.0,False,186.30117797851562,0.0850389152765274,0.0,186.30117797851562,2928.3388671875,0.0,0.0,0.0,0.6491297483444214,True,nan,False,2.0875500013062265e-06,0.01
gpomdp_reward_only,712,152,607341,0.0,False,393.93414306640625,0.08373680710792542,0.0,393.93414306640625,3390.44970703125,0.0,0.0,0.0,-0.916957676410675,True,nan,False,2.4932935502874898e-06,0.01
gpomdp_reward_only,712,153,611341,0.0,False,302.0577697753906,0.08243711292743683,0.0,302.0577697753906,4044.927734375,0.0,0.0,0.0,0.9488908648490906,True,nan,False,1.243580186383042e-06,0.01
gpomdp_reward_only,712,154,615341,0.0,False,195.72360229492188,0.08499330282211304,0.0,195.72360229492188,4004.462890625,0.0,0.0,0.0,-0.7188058495521545,True,nan,False,1.0159869816561695e-06,0.01
gpomdp_reward_only,712,155,619341,0.0,False,253.33233642578125,0.08774446696043015,0.0,253.33233642578125,3884.409912109375,0.0,0.0,0.0,-0.09405016154050827,True,nan,False,1.6657763808325399e-06,0.01
gpomdp_reward_only,712,156,623148,0.0,False,290.62158203125,0.08652054518461227,0.0,290.62158203125,5122.36328125,0.0,0.0,0.0,-0.6318259239196777,True,nan,False,1.381411379952624e-06,0.01
gpomdp_reward_only,712,157,627046,0.0,False,179.48146057128906,0.08765729516744614,0.0,179.48146057128906,4223.150390625,0.0,0.0,0.0,-0.6716736555099487,True,nan,False,2.0137374576734146e-06,0.01
gpomdp_reward_only,712,158,631046,0.0,False,240.86395263671875,0.0877339243888855,0.0,240.86395263671875,2831.507080078125,0.0,0.0,0.0,0.8001696467399597,True,nan,False,1.0536271020100685e-06,0.01
gpomdp_reward_only,712,159,635046,0.0,False,188.12786865234375,0.08908641338348389,0.0,188.12786865234375,3962.322998046875,0.0,0.0,0.0,-0.28338128328323364,True,nan,False,1.3285479099067743e-06,0.01
gpomdp_reward_only,712,160,639046,0.0,False,200.41566467285156,0.0910344198346138,0.0,200.41566467285156,4156.82763671875,0.0,0.0,0.0,-0.5093898773193359,True,nan,False,2.1949670099274954e-06,0.01
gpomdp_reward_only,712,161,643046,0.0,False,142.0764923095703,0.08792639523744583,0.0,142.0764923095703,3095.515380859375,0.0,0.0,0.0,-0.8191781044006348,True,nan,False,2.604456085464335e-06,0.01
gpomdp_reward_only,712,162,646866,0.0,False,300.4336853027344,0.08977340161800385,0.0,300.4336853027344,3555.550048828125,0.0,0.0,0.0,-0.6321284174919128,True,nan,False,5.893001798540354e-06,0.01
gpomdp_reward_only,712,163,650796,0.0,False,256.6154479980469,0.09561806172132492,0.0,256.6154479980469,4224.11279296875,0.0,0.0,0.0,0.8251126408576965,True,nan,False,4.0988725231727585e-06,0.01
gpomdp_reward_only,712,164,654740,0.0,False,162.89303588867188,0.09144703298807144,0.0,162.89303588867188,2872.910400390625,0.0,0.0,0.0,0.4726574718952179,True,nan,False,3.2366249342885567e-06,0.01
gpomdp_reward_only,712,165,658740,0.0,False,226.4092559814453,0.0945778414607048,0.0,226.4092559814453,3172.4296875,0.0,0.0,0.0,0.5661221742630005,True,nan,False,4.10862003263901e-06,0.01
gpomdp_reward_only,712,166,662740,0.0,False,164.8431854248047,0.09516827017068863,0.0,164.8431854248047,3486.384521484375,0.0,0.0,0.0,0.3074723184108734,True,nan,False,4.686895863414975e-06,0.01
gpomdp_reward_only,712,167,666740,0.0,False,241.5076446533203,0.09546948969364166,0.0,241.5076446533203,3764.337646484375,0.0,0.0,0.0,0.6305868625640869,True,nan,False,2.2617230115429265e-06,0.01
gpomdp_reward_only,712,168,670740,0.0,False,216.80918884277344,0.0941476821899414,0.0,216.80918884277344,2802.977294921875,0.0,0.0,0.0,-0.2838800251483917,True,nan,False,4.328492479999113e-07,0.01
gpomdp_reward_only,712,169,674740,0.0,False,225.8946533203125,0.09256734699010849,0.0,225.8946533203125,4165.71875,0.0,0.0,0.0,-0.4968266189098358,True,nan,False,1.4309532616607612e-06,0.01
gpomdp_reward_only,712,170,678740,0.0,False,247.88436889648438,0.09476938843727112,0.0,247.88436889648438,5015.5029296875,0.0,0.0,0.0,0.19453103840351105,True,nan,False,2.7039138785767136e-06,0.01
gpomdp_reward_only,712,171,682740,0.0,False,125.84097290039062,0.09802596271038055,0.0,125.84097290039062,3050.089599609375,0.0,0.0,0.0,0.08572781085968018,True,nan,False,2.835996156136389e-06,0.01
gpomdp_reward_only,712,172,686740,0.0,False,198.7803192138672,0.09428822249174118,0.0,198.7803192138672,3733.865478515625,0.0,0.0,0.0,-0.561092734336853,True,nan,False,4.178693416179158e-06,0.01
gpomdp_reward_only,712,173,690740,0.0,False,129.6957244873047,0.09309506416320801,0.0,129.6957244873047,4220.84716796875,0.0,0.0,0.0,-0.7914169430732727,True,nan,False,3.2626392112433678e-06,0.01
gpomdp_reward_only,712,174,694740,0.0,False,193.50123596191406,0.09688708931207657,0.0,193.50123596191406,4549.9892578125,0.0,0.0,0.0,-0.19569189846515656,True,nan,False,4.325754616729682e-06,0.01
gpomdp_reward_only,712,175,698740,0.0,False,356.9127197265625,0.09675545245409012,0.0,356.9127197265625,4293.38818359375,0.0,0.0,0.0,0.8018434047698975,True,nan,False,1.027405573950091e-06,0.01
gpomdp_reward_only,712,176,702740,0.0,False,124.19713592529297,0.09672335535287857,0.0,124.19713592529297,4342.59326171875,0.0,0.0,0.0,0.8392146229743958,True,nan,False,1.0549662192715914e-06,0.01
gpomdp_reward_only,712,177,706740,0.0,False,135.22129821777344,0.09545771032571793,0.0,135.22129821777344,4046.672607421875,0.0,0.0,0.0,0.45493167638778687,True,nan,False,1.243842007170315e-06,0.01
gpomdp_reward_only,712,178,710728,0.0,False,260.8226318359375,0.0959051176905632,0.0,260.8226318359375,4773.12353515625,0.0,0.0,0.0,0.07843013107776642,True,nan,False,9.569001804266009e-07,0.01
gpomdp_reward_only,712,179,714701,0.0,False,139.13043212890625,0.09511748701334,0.0,139.13043212890625,4186.990234375,0.0,0.0,0.0,-0.26056262850761414,True,nan,False,1.0008360504798475e-06,0.01
gpomdp_reward_only,712,180,718701,0.0,False,218.65496826171875,0.09622997790575027,0.0,218.65496826171875,5752.12744140625,0.0,0.0,0.0,0.3315880596637726,True,nan,False,2.104053692164598e-06,0.01
gpomdp_reward_only,712,181,722701,0.0,False,297.7270812988281,0.09162609279155731,0.0,297.7270812988281,3687.42724609375,0.0,0.0,0.0,0.9363681674003601,True,nan,False,3.709543534569093e-06,0.01
gpomdp_reward_only,712,182,726701,0.0,False,195.04598999023438,0.09026613086462021,0.0,195.04598999023438,3083.191162109375,0.0,0.0,0.0,0.46932318806648254,True,nan,False,5.884137408429524e-06,0.01
gpomdp_reward_only,712,183,730701,0.0,False,137.0057830810547,0.09287693351507187,0.0,137.0057830810547,3487.03271484375,0.0,0.0,0.0,-0.4861733913421631,True,nan,False,3.1188612865662435e-06,0.01
gpomdp_reward_only,712,184,734701,0.0,False,171.51683044433594,0.09199634194374084,0.0,171.51683044433594,3012.58984375,0.0,0.0,0.0,-0.43151387572288513,True,nan,False,1.2913047839901992e-06,0.01
gpomdp_reward_only,712,185,738701,0.0,False,113.70191955566406,0.0905221551656723,0.0,113.70191955566406,3127.827880859375,0.0,0.0,0.0,0.7412062883377075,True,nan,False,1.519802026450634e-06,0.01
gpomdp_reward_only,712,186,742701,0.0,False,117.66551971435547,0.08834640681743622,0.0,117.66551971435547,3883.931884765625,0.0,0.0,0.0,-0.15602092444896698,True,nan,False,1.281939034925017e-06,0.01
gpomdp_reward_only,712,187,746701,0.0,False,158.72007751464844,0.08752422779798508,0.0,158.72007751464844,3676.187744140625,0.0,0.0,0.0,-0.0348629392683506,True,nan,False,1.5906960015854565e-06,0.01
gpomdp_reward_only,712,188,750512,0.0,False,266.6385803222656,0.08536374568939209,0.0,266.6385803222656,3695.805419921875,0.0,0.0,0.0,-0.5631108283996582,True,nan,False,2.2735023321729386e-06,0.01
gpomdp_reward_only,712,189,754512,0.0,False,253.75286865234375,0.08449136465787888,0.0,253.75286865234375,4413.66064453125,0.0,0.0,0.0,-0.7632864713668823,True,nan,False,1.6301091818604618e-06,0.01
gpomdp_reward_only,712,190,758512,0.0,False,174.30563354492188,0.08697648346424103,0.0,174.30563354492188,2863.047119140625,0.0,0.0,0.0,-0.8702046275138855,True,nan,False,2.030301629929454e-06,0.01
gpomdp_reward_only,712,191,762456,0.0,False,264.4948425292969,0.08963435888290405,0.0,264.4948425292969,4929.64501953125,0.0,0.0,0.0,0.43169260025024414,True,nan,False,1.6123141222124104e-06,0.01
gpomdp_reward_only,712,192,766456,0.0,False,264.78253173828125,0.0860462337732315,0.0,264.78253173828125,2522.20654296875,0.0,0.0,0.0,0.46254974603652954,True,nan,False,1.5089095768416882e-06,0.01
gpomdp_reward_only,712,193,770456,0.0,False,143.27366638183594,0.08891462534666061,0.0,143.27366638183594,3636.18603515625,0.0,0.0,0.0,0.15413238108158112,True,nan,False,1.0377248145232443e-06,0.01
gpomdp_reward_only,712,194,774456,0.0,False,255.31039428710938,0.0923294872045517,0.0,255.31039428710938,5724.23046875,0.0,0.0,0.0,0.7733771204948425,True,nan,False,1.3625040082843043e-06,0.01
gpomdp_reward_only,712,195,778449,0.0,False,222.74522399902344,0.0889856293797493,0.0,222.74522399902344,4606.66748046875,0.0,0.0,0.0,-0.39435023069381714,True,nan,False,7.302384688046004e-07,0.01
gpomdp_reward_only,712,196,782449,0.0,False,139.30775451660156,0.08912026882171631,0.0,139.30775451660156,3355.448974609375,0.0,0.0,0.0,0.4597780704498291,True,nan,False,1.094718641070358e-06,0.01
gpomdp_reward_only,712,197,786432,0.0,False,233.27276611328125,0.08714848756790161,0.0,233.27276611328125,3692.1376953125,0.0,0.0,0.0,0.3111335337162018,True,nan,False,1.6160593077074736e-06,0.01
gpomdp_reward_only,712,198,790420,0.0,False,435.6064453125,0.089177705347538,0.0,435.6064453125,4238.873046875,0.0,0.0,0.0,0.06636064499616623,True,nan,False,4.319523213780485e-06,0.01
gpomdp_reward_only,712,199,794323,0.0,False,294.36578369140625,0.08703123778104782,0.0,294.36578369140625,3818.17333984375,0.0,0.0,0.0,-0.8287648558616638,True,nan,False,2.888513563448214e-06,0.01
gpomdp_reward_only,712,200,798323,0.0,False,187.95944213867188,0.08181463927030563,0.0,187.95944213867188,4097.24951171875,0.0,0.0,0.0,-0.25637590885162354,True,nan,False,1.3581174016508157e-06,0.01
gpomdp_reward_only,712,201,802323,0.0,False,169.86228942871094,0.08843289315700531,0.0,169.86228942871094,3470.626220703125,0.0,0.0,0.0,0.1841696947813034,True,nan,False,3.9551900954393204e-06,0.01
gpomdp_reward_only,712,202,806090,0.0,False,211.4594268798828,0.08739518374204636,0.0,211.4594268798828,3874.456787109375,0.0,0.0,0.0,0.2772403657436371,True,nan,False,6.3735928961250465e-06,0.01
gpomdp_reward_only,712,203,810027,0.0,False,121.58687591552734,0.08780808001756668,0.0,121.58687591552734,2757.06103515625,0.0,0.0,0.0,-0.17665347456932068,True,nan,False,6.504303655674448e-06,0.01
gpomdp_reward_only,712,204,813984,0.0,False,354.3992614746094,0.08596982806921005,0.0,354.3992614746094,5835.48779296875,0.0,0.0,0.0,-0.28040972352027893,True,nan,False,6.1438322518370114e-06,0.01
gpomdp_reward_only,712,205,817984,0.0,False,186.31964111328125,0.09290798008441925,0.0,186.31964111328125,3567.475830078125,0.0,0.0,0.0,-0.31132081151008606,True,nan,False,1.1173254279128741e-05,0.01
gpomdp_reward_only,712,206,821984,0.0,False,275.86962890625,0.09190220385789871,0.0,275.86962890625,4768.6318359375,0.0,0.0,0.0,-0.25782039761543274,True,nan,False,1.9368293578736484e-05,0.01
gpomdp_reward_only,712,207,825983,0.0,False,155.94998168945312,0.09079813212156296,0.0,155.94998168945312,3762.336181640625,0.0,0.0,0.0,-0.17906144261360168,True,nan,False,1.6674870494171046e-05,0.01
gpomdp_reward_only,712,208,829943,0.0,False,191.4896697998047,0.09163881838321686,0.0,191.4896697998047,4144.89306640625,0.0,0.0,0.0,-0.01978079229593277,True,nan,False,1.8565993741503917e-05,0.01
gpomdp_reward_only,712,209,833943,0.0,False,205.9676513671875,0.09802941232919693,0.0,205.9676513671875,3926.115478515625,0.0,0.0,0.0,0.2542348802089691,True,nan,False,1.356990742351627e-05,0.01
gpomdp_reward_only,712,210,837943,0.0,False,192.58401489257812,0.10553700476884842,0.0,192.58401489257812,4472.78759765625,0.0,0.0,0.0,0.15291756391525269,True,nan,False,1.3425736142380629e-05,0.01
gpomdp_reward_only,712,211,841661,0.0,False,163.61326599121094,0.10905110836029053,0.0,163.61326599121094,5399.51953125,0.0,0.0,0.0,0.6359626650810242,True,nan,False,9.330932698503602e-06,0.01
gpomdp_reward_only,712,212,845549,0.0,False,185.07583618164062,0.09720543771982193,0.0,185.07583618164062,5041.7802734375,0.0,0.0,0.0,0.25921961665153503,True,nan,False,1.0012707207351923e-05,0.01
gpomdp_reward_only,712,213,849492,0.0,False,387.3354797363281,0.10432004928588867,0.0,387.3354797363281,4388.49658203125,0.0,0.0,0.0,-0.08197315037250519,True,nan,False,3.372302217030665e-06,0.01
gpomdp_reward_only,712,214,853492,0.0,False,230.46615600585938,0.10112588107585907,0.0,230.46615600585938,4649.404296875,0.0,0.0,0.0,-0.536716639995575,True,nan,False,5.334820798452711e-06,0.01
gpomdp_reward_only,712,215,857492,0.0,False,227.5284423828125,0.10246793925762177,0.0,227.5284423828125,4713.1748046875,0.0,0.0,0.0,-0.23044806718826294,True,nan,False,6.03966873313766e-06,0.01
gpomdp_reward_only,712,216,861140,0.0,False,245.26260375976562,0.10330282151699066,0.0,245.26260375976562,4116.47607421875,0.0,0.0,0.0,0.04116540029644966,True,nan,False,1.8085478359353147e-06,0.01
gpomdp_reward_only,712,217,865127,0.0,False,321.90557861328125,0.10328195244073868,0.0,321.90557861328125,4250.3857421875,0.0,0.0,0.0,-0.5108246207237244,True,nan,False,3.248511120546027e-06,0.01
gpomdp_reward_only,712,218,868962,0.0,False,127.7347183227539,0.11442437022924423,0.0,127.7347183227539,4240.9130859375,0.0,0.0,0.0,-0.3718445897102356,True,nan,False,3.0989299375505652e-06,0.01
gpomdp_reward_only,712,219,872509,0.0,False,129.3415069580078,0.1154409721493721,0.0,129.3415069580078,3219.8828125,0.0,0.0,0.0,-0.7111585736274719,True,nan,False,3.784392447414575e-06,0.01
gpomdp_reward_only,712,220,876364,0.0,False,246.7858428955078,0.1050335094332695,0.0,246.7858428955078,3842.8271484375,0.0,0.0,0.0,-0.05403417348861694,True,nan,False,5.3870312513026875e-06,0.01
gpomdp_reward_only,712,221,879939,0.0,False,262.2143249511719,0.11038410663604736,0.0,262.2143249511719,4805.50146484375,0.0,0.0,0.0,0.8565051555633545,True,nan,False,2.7819785373139894e-06,0.01
gpomdp_reward_only,712,222,883623,0.0,False,134.6800537109375,0.11122073233127594,0.0,134.6800537109375,4171.93310546875,0.0,0.0,0.0,0.5578793287277222,True,nan,False,2.7677781417878577e-06,0.01
gpomdp_reward_only,712,223,887612,0.0,False,312.3435974121094,0.1139216497540474,0.0,312.3435974121094,3945.0810546875,0.0,0.0,0.0,0.65214604139328,True,nan,False,5.578614945989102e-06,0.01
gpomdp_reward_only,712,224,891525,0.0,False,234.39796447753906,0.10846196115016937,0.0,234.39796447753906,3566.419189453125,0.0,0.0,0.0,-0.18817967176437378,True,nan,False,6.00366229264182e-06,0.01
gpomdp_reward_only,712,225,895395,0.0,False,315.1019592285156,0.12984809279441833,0.0,315.1019592285156,4668.41064453125,0.0,0.0,0.0,-0.6432906985282898,True,nan,False,8.426181921095122e-06,0.01
gpomdp_reward_only,712,226,898944,0.0,False,240.64134216308594,0.11187221854925156,0.0,240.64134216308594,4138.470703125,0.0,0.0,0.0,-0.6341329216957092,True,nan,False,1.0544807082624175e-05,0.01
gpomdp_reward_only,712,227,902630,0.0,False,388.178955078125,0.10724231600761414,0.0,388.178955078125,4845.33740234375,0.0,0.0,0.0,-0.05106097087264061,True,nan,False,1.909136335598305e-05,0.01
gpomdp_reward_only,712,228,906406,0.0,False,312.9936218261719,0.110527902841568,0.0,312.9936218261719,5680.03515625,0.0,0.0,0.0,-0.11426614969968796,True,nan,False,2.3828630219213665e-05,0.01
gpomdp_reward_only,712,229,910147,0.0,False,334.73455810546875,0.14082109928131104,0.0,334.73455810546875,4829.720703125,0.0,0.0,0.0,-0.6591492295265198,True,nan,False,3.687874777824618e-05,0.01
gpomdp_reward_only,712,230,913568,0.0,False,293.07196044921875,0.1207495629787445,0.0,293.07196044921875,4515.43896484375,0.0,0.0,0.0,-0.22338588535785675,True,nan,False,2.8281974664423615e-05,0.01
gpomdp_reward_only,712,231,917312,0.0,False,204.71466064453125,0.136976420879364,0.0,204.71466064453125,5093.14697265625,0.0,0.0,0.0,-0.6856569051742554,True,nan,False,3.2502226531505585e-05,0.01
gpomdp_reward_only,712,232,920796,0.0,False,328.1497802734375,0.12868082523345947,0.0,328.1497802734375,4735.10107421875,0.0,0.0,0.0,-0.8515521287918091,True,nan,False,4.4611733756028116e-05,0.01
gpomdp_reward_only,712,233,924135,0.0,False,228.6648712158203,0.13958850502967834,0.0,228.6648712158203,3797.513671875,0.0,0.0,0.0,-0.5266666412353516,True,nan,False,4.581283428706229e-05,0.01
gpomdp_reward_only,712,234,927233,0.0,False,168.02926635742188,0.15859349071979523,0.0,168.02926635742188,4153.87744140625,0.0,0.0,0.0,-0.00460551492869854,True,nan,False,4.072273077326827e-05,0.01
gpomdp_reward_only,712,235,930564,0.0,False,350.3504943847656,0.16173794865608215,0.0,350.3504943847656,4185.96875,0.0,0.0,0.0,-0.8880893588066101,True,nan,False,6.749889143975452e-05,0.01
gpomdp_reward_only,712,236,933853,0.0,False,283.4744873046875,0.17314526438713074,0.0,283.4744873046875,5714.27197265625,0.0,0.0,0.0,-0.4878944456577301,True,nan,False,7.326775084948167e-05,0.01
gpomdp_reward_only,712,237,937006,0.0,False,228.76626586914062,0.15222030878067017,0.0,228.76626586914062,4603.83837890625,0.0,0.0,0.0,-0.12641184031963348,True,nan,False,5.545414023799822e-05,0.01
gpomdp_reward_only,712,238,940750,0.0,False,243.38282775878906,0.16819608211517334,0.0,243.38282775878906,3830.92529296875,0.0,0.0,0.0,-0.31007134914398193,True,nan,False,5.664674972649664e-05,0.01
gpomdp_reward_only,712,239,944162,0.0,False,278.4446716308594,0.1741003692150116,0.0,278.4446716308594,5260.279296875,0.0,0.0,0.0,-0.600212574005127,True,nan,False,5.64949368708767e-05,0.01
gpomdp_reward_only,712,240,947059,0.0,False,280.573974609375,0.1927044540643692,0.0,280.573974609375,4728.00927734375,0.0,0.0,0.0,-0.6977548003196716,True,nan,False,7.221702253445983e-05,0.01
gpomdp_reward_only,712,241,950090,0.0,False,305.66448974609375,0.19366027414798737,0.0,305.66448974609375,4626.12451171875,0.0,0.0,0.0,-0.03567259758710861,True,nan,False,7.113126775948331e-05,0.01
gpomdp_reward_only,712,242,952658,0.0,False,288.7768249511719,0.2134803980588913,0.0,288.7768249511719,4075.957763671875,0.0,0.0,0.0,-0.13842324912548065,True,nan,False,8.558044646633789e-05,0.01
gpomdp_reward_only,712,243,955531,0.0,False,285.3651428222656,0.2110072672367096,0.0,285.3651428222656,3730.9248046875,0.0,0.0,0.0,-0.7533206939697266,True,nan,False,0.00010032602585852146,0.01
gpomdp_reward_only,712,244,958141,0.0,False,129.13478088378906,0.2309751808643341,0.0,129.13478088378906,3870.090576171875,0.0,0.0,0.0,-0.23290590941905975,True,nan,False,8.766161772655323e-05,0.01
gpomdp_reward_only,712,245,960520,0.0,False,370.5934143066406,0.2561648488044739,0.0,370.5934143066406,4171.69189453125,0.0,0.0,0.0,-0.8794588446617126,True,nan,False,0.0001409139222232625,0.01
gpomdp_reward_only,712,246,962971,0.0,False,185.62408447265625,0.2760600745677948,0.0,185.62408447265625,4725.78125,0.0,0.0,0.0,-0.030668264254927635,True,nan,False,9.87099192570895e-05,0.01
gpomdp_reward_only,712,247,965279,0.0,False,242.05978393554688,0.2804443836212158,0.0,242.05978393554688,4442.93603515625,0.0,0.0,0.0,-0.08566351234912872,True,nan,False,9.317524381913245e-05,0.01
gpomdp_reward_only,712,248,967492,0.0,False,275.63958740234375,0.2876814007759094,0.0,275.63958740234375,3988.21826171875,0.0,0.0,0.0,-0.5375085473060608,True,nan,False,0.00011215117410756648,0.01
gpomdp_reward_only,712,249,969463,0.0,False,231.38140869140625,0.29998618364334106,0.0,231.38140869140625,3206.037109375,0.0,0.0,0.0,-0.07470819354057312,True,nan,False,0.00010327623022021726,0.01
gpomdp_reward_only,712,250,971565,0.0,False,191.83229064941406,0.3456864655017853,0.0,191.83229064941406,3779.491943359375,0.0,0.0,0.0,-0.0515170693397522,True,nan,False,7.711644866503775e-05,0.01
gpomdp_reward_only,712,251,973859,0.0,False,197.318603515625,0.3232414722442627,0.0,197.318603515625,2725.7099609375,0.0,0.0,0.0,-0.14865440130233765,True,nan,False,7.038520561764017e-05,0.01
gpomdp_reward_only,712,252,975710,0.0,False,290.9444885253906,0.331671804189682,0.0,290.9444885253906,2920.27978515625,0.0,0.0,0.0,-0.4675556421279907,True,nan,False,7.958687638165429e-05,0.01
gpomdp_reward_only,712,253,977722,0.0,False,117.03321075439453,0.34708455204963684,0.0,117.03321075439453,3624.12158203125,0.0,0.0,0.0,-0.47874173521995544,True,nan,False,7.676042878301814e-05,0.01
gpomdp_reward_only,712,254,979412,0.0,False,140.12158203125,0.3405381441116333,0.0,140.12158203125,3796.57958984375,0.0,0.0,0.0,-0.39102211594581604,True,nan,False,6.369133916450664e-05,0.01
gpomdp_reward_only,712,255,981260,0.0,False,232.13613891601562,0.4206111431121826,0.0,232.13613891601562,3339.432861328125,0.0,0.0,0.0,-0.5937477350234985,True,nan,False,7.469330012099817e-05,0.01
gpomdp_reward_only,712,256,983193,0.0,False,256.3378601074219,0.3654434382915497,0.0,256.3378601074219,2596.23486328125,0.0,0.0,0.0,0.00952387135475874,True,nan,False,6.123803177615628e-05,0.01
gpomdp_reward_only,712,257,984824,0.0,False,151.34530639648438,0.3866611421108246,0.0,151.34530639648438,3020.932861328125,0.0,0.0,0.0,-0.5076612830162048,True,nan,False,5.812351082568057e-05,0.01
gpomdp_reward_only,712,258,986424,0.0,False,125.8050308227539,0.4135042130947113,0.0,125.8050308227539,2653.4111328125,0.0,0.0,0.0,-0.23151639103889465,True,nan,False,5.7110562920570374e-05,0.01
gpomdp_reward_only,712,259,987989,0.0,False,101.3465576171875,0.39507099986076355,0.0,101.3465576171875,2418.31591796875,0.0,0.0,0.0,-0.2533194124698639,True,nan,False,4.972960232407786e-05,0.01
gpomdp_reward_only,712,260,989386,0.0,False,150.51426696777344,0.4090602695941925,0.0,150.51426696777344,3145.79833984375,0.0,0.0,0.0,-0.5832017660140991,True,nan,False,5.3083724196767434e-05,0.01
gpomdp_reward_only,712,261,991001,0.0,False,197.13357543945312,0.44723594188690186,0.0,197.13357543945312,3072.69580078125,0.0,0.0,0.0,0.6938799619674683,True,nan,False,2.9858707421226427e-05,0.01
gpomdp_reward_only,712,262,992356,0.0,False,187.02252197265625,0.454800546169281,0.0,187.02252197265625,3253.2880859375,0.0,0.0,0.0,-0.48357948660850525,True,nan,False,3.063382609980181e-05,0.01
gpomdp_reward_only,712,263,994217,0.0,False,222.94973754882812,0.42193546891212463,0.0,222.94973754882812,2898.582275390625,0.0,0.0,0.0,-0.9167347550392151,True,nan,False,4.4217798858881e-05,0.01
gpomdp_reward_only,712,264,995786,0.0,False,262.6402282714844,0.4660159945487976,0.0,262.6402282714844,3324.856689453125,0.0,0.0,0.0,-0.7616976499557495,True,nan,False,6.516369467135519e-05,0.01
gpomdp_reward_only,712,265,997556,0.0,False,192.51553344726562,0.44500118494033813,0.0,192.51553344726562,2597.228515625,0.0,0.0,0.0,-0.5941243171691895,True,nan,False,7.232168718473986e-05,0.01
gpomdp_reward_only,712,266,998941,0.0,False,198.01388549804688,0.46636268496513367,0.0,198.01388549804688,2501.510009765625,0.0,0.0,0.0,-0.5332999229431152,True,nan,False,8.08193872217089e-05,0.01
gpomdp_reward_only,712,267,1000345,0.0,False,237.17417907714844,0.5439921021461487,0.0,237.17417907714844,3354.193359375,0.0,0.0,0.0,-0.8077787756919861,True,nan,False,9.646567195886746e-05,0.01
gpomdp_reward_only,712,268,1001938,0.0,False,169.40379333496094,0.5198920369148254,0.0,169.40379333496094,2541.850341796875,0.0,0.0,0.0,-0.4634489119052887,True,nan,False,9.018576383823529e-05,0.01
gpomdp_reward_only,712,269,1003281,0.0,False,183.14585876464844,0.5342661142349243,0.0,183.14585876464844,2014.1861572265625,0.0,0.0,0.0,-0.566801905632019,True,nan,False,9.813617361942306e-05,0.01
gpomdp_reward_only,712,270,1004619,0.0,False,126.1443862915039,0.605814516544342,0.0,126.1443862915039,2779.690673828125,0.0,0.0,0.0,-0.5255566835403442,True,nan,False,9.027029591379687e-05,0.01
gpomdp_reward_only,712,271,1006149,0.0,False,165.81492614746094,0.5262523889541626,0.0,165.81492614746094,3661.965576171875,0.0,0.0,0.0,-0.6529607772827148,True,nan,False,8.551349310437217e-05,0.01
gpomdp_reward_only,712,272,1007575,0.0,False,225.055908203125,0.5739710927009583,0.0,225.055908203125,2202.970458984375,0.0,0.0,0.0,-0.8527796864509583,True,nan,False,0.00010535633191466331,0.01
gpomdp_reward_only,712,273,1008901,0.0,False,156.58509826660156,0.571734607219696,0.0,156.58509826660156,2039.9073486328125,0.0,0.0,0.0,-0.8246101140975952,True,nan,False,0.00010873640712816268,0.01
gpomdp_reward_only,712,274,1010122,0.0,False,126.2721939086914,0.5935477018356323,0.0,126.2721939086914,2613.189697265625,0.0,0.0,0.0,-0.7718652486801147,True,nan,False,0.0001079130670404993,0.01
gpomdp_reward_only,712,275,1011286,0.0,False,120.99154663085938,0.6631920337677002,0.0,120.99154663085938,2803.687255859375,0.0,0.0,0.0,-0.46752047538757324,True,nan,False,0.00010514188033994287,0.01
gpomdp_reward_only,712,276,1012566,0.0,False,325.20025634765625,0.6333111524581909,0.0,325.20025634765625,2505.0009765625,0.0,0.0,0.0,-0.8704209327697754,True,nan,False,0.0001407851668773219,0.01
gpomdp_reward_only,712,277,1013747,0.0,False,191.3633270263672,0.6319600939750671,0.0,191.3633270263672,2815.61328125,0.0,0.0,0.0,-0.8041889667510986,True,nan,False,0.00013985423720441759,0.01
gpomdp_reward_only,712,278,1015003,0.0,False,163.00103759765625,0.6996992230415344,0.0,163.00103759765625,2376.65380859375,0.0,0.0,0.0,0.0328768752515316,True,nan,False,0.0001242057915078476,0.01
gpomdp_reward_only,712,279,1016168,0.0,False,265.6064453125,0.7937891483306885,0.0,265.6064453125,2763.367431640625,0.0,0.0,0.0,-0.6943366527557373,True,nan,False,0.00012804416473954916,0.01
gpomdp_reward_only,712,280,1017722,0.0,False,151.3645477294922,0.71012943983078,0.0,151.3645477294922,1939.0863037109375,0.0,0.0,0.0,0.6242806315422058,True,nan,False,0.00010067009134218097,0.01
gpomdp_reward_only,712,281,1018747,0.0,False,144.702392578125,0.8422672748565674,0.0,144.702392578125,3455.5458984375,0.0,0.0,0.0,-0.8364675641059875,True,nan,False,0.00011095377703895792,0.01
gpomdp_reward_only,712,282,1020143,0.0,False,109.16373443603516,0.7515271306037903,0.0,109.16373443603516,2070.516845703125,0.0,0.0,0.0,-0.5315449833869934,True,nan,False,9.643741213949397e-05,0.01
gpomdp_reward_only,712,283,1021228,0.0,False,126.33445739746094,0.7467473149299622,0.0,126.33445739746094,1711.396240234375,0.0,0.0,0.0,-0.2604561746120453,True,nan,False,8.028125012060627e-05,0.01
gpomdp_reward_only,712,284,1022228,0.0,False,152.10317993164062,0.7745744585990906,0.0,152.10317993164062,2175.86572265625,0.0,0.0,0.0,0.5499858260154724,True,nan,False,5.8220379287377e-05,0.01
gpomdp_reward_only,712,285,1023238,0.0,False,301.3545837402344,0.7738847732543945,0.0,301.3545837402344,2331.238525390625,0.0,0.0,0.0,-0.6836918592453003,True,nan,False,8.366718247998506e-05,0.01
gpomdp_reward_only,712,286,1024209,0.0,False,388.8587951660156,0.9344802498817444,0.0,388.8587951660156,3316.73681640625,0.0,0.0,0.0,0.8627520203590393,True,nan,False,3.522131373756565e-05,0.01
gpomdp_reward_only,712,287,1025662,0.0,False,133.24530029296875,0.812574028968811,0.0,133.24530029296875,2263.842041015625,0.0,0.0,0.0,-0.5992096066474915,True,nan,False,4.5462234993465245e-05,0.01
gpomdp_reward_only,712,288,1026834,0.0,False,180.7144317626953,0.8614444732666016,0.0,180.7144317626953,1396.062255859375,0.0,0.0,0.0,0.3938225209712982,True,nan,False,3.91033390769735e-05,0.01
gpomdp_reward_only,712,289,1027789,0.0,False,132.1719970703125,0.8087671399116516,0.0,132.1719970703125,2335.787109375,0.0,0.0,0.0,-0.5783875584602356,True,nan,False,4.015206650365144e-05,0.01
gpomdp_reward_only,712,290,1028779,0.0,False,120.24610137939453,0.93449467420578,0.0,120.24610137939453,3516.125,0.0,0.0,0.0,0.2141667604446411,True,nan,False,3.383458897587843e-05,0.01
gpomdp_reward_only,712,291,1030034,0.0,False,122.16429901123047,0.8391249775886536,0.0,122.16429901123047,1595.9266357421875,0.0,0.0,0.0,-0.2571949362754822,True,nan,False,2.9028913559159264e-05,0.01
gpomdp_reward_only,712,292,1030933,0.0,False,153.26974487304688,0.9135085344314575,0.0,153.26974487304688,1910.17041015625,0.0,0.0,0.0,0.33158546686172485,True,nan,False,1.5551160686300136e-05,0.01
gpomdp_reward_only,712,293,1032076,0.0,False,75.68220520019531,0.8565137982368469,0.0,75.68220520019531,1806.385986328125,0.0,0.0,0.0,0.27185118198394775,True,nan,False,1.26149407151388e-05,0.01
gpomdp_reward_only,712,294,1033075,0.0,False,139.99525451660156,0.8501311540603638,0.0,139.99525451660156,1692.63623046875,0.0,0.0,0.0,-0.515293300151825,True,nan,False,2.0367664546938613e-05,0.01
gpomdp_reward_only,712,295,1033925,0.0,False,113.1336898803711,0.8881489634513855,0.0,113.1336898803711,1984.9404296875,0.0,0.0,0.0,0.22915729880332947,True,nan,False,1.0386874237156007e-05,0.01
gpomdp_reward_only,712,296,1034922,0.0,False,104.48431396484375,0.9267599582672119,0.0,104.48431396484375,2252.7978515625,0.0,0.0,0.0,-0.09257934987545013,True,nan,False,7.380736406048527e-06,0.01
gpomdp_reward_only,712,297,1036039,0.0,False,121.0462417602539,0.8608459234237671,0.0,121.0462417602539,1586.9678955078125,0.0,0.0,0.0,-0.4032972455024719,True,nan,False,9.999605936172884e-06,0.01
gpomdp_reward_only,712,298,1037000,0.0,False,159.70111083984375,0.8878398537635803,0.0,159.70111083984375,1885.2283935546875,0.0,0.0,0.0,0.375090092420578,True,nan,False,1.3000409126107115e-05,0.01
gpomdp_reward_only,712,299,1037863,0.0,False,86.63949584960938,0.8779951333999634,0.0,86.63949584960938,2022.3956298828125,0.0,0.0,0.0,-0.5815935730934143,True,nan,False,1.5572859410895035e-05,0.01
gpomdp_reward_only,712,300,1038859,0.0,False,177.31002807617188,0.8758195042610168,0.0,177.31002807617188,1987.54345703125,0.0,0.0,0.0,-0.21762625873088837,True,nan,False,7.092583018675214e-06,0.01
gpomdp_reward_only,712,301,1039908,0.0,False,155.55865478515625,0.9022480845451355,0.0,155.55865478515625,1607.16943359375,0.0,0.0,0.0,-0.3761676549911499,True,nan,False,8.917034392652567e-06,0.01
gpomdp_reward_only,712,302,1040756,0.0,False,68.35580444335938,0.9056313037872314,0.0,68.35580444335938,1872.9561767578125,0.0,0.0,0.0,-0.2868324816226959,True,nan,False,7.107255896698916e-06,0.01
gpomdp_reward_only,712,303,1041705,0.0,False,192.63584899902344,0.9505318403244019,0.0,192.63584899902344,2640.873291015625,0.0,0.0,0.0,0.5126399397850037,True,nan,False,3.887212187692057e-06,0.01
gpomdp_reward_only,712,304,1042812,0.0,False,99.58051300048828,0.9341446161270142,0.0,99.58051300048828,1958.37646484375,0.0,0.0,0.0,-0.2732584774494171,True,nan,False,4.492460902838502e-06,0.01
gpomdp_reward_only,712,305,1043891,0.0,False,148.06289672851562,0.9314877986907959,0.0,148.06289672851562,1873.996337890625,0.0,0.0,0.0,0.23258660733699799,True,nan,False,1.3221227845860994e-06,0.01
gpomdp_reward_only,712,306,1044941,0.0,False,225.44065856933594,0.889581561088562,0.0,225.44065856933594,2325.489990234375,0.0,0.0,0.0,-0.8035966157913208,True,nan,False,7.393373834929662e-06,0.01
gpomdp_reward_only,712,307,1045961,0.0,False,145.2303466796875,0.9322585463523865,0.0,145.2303466796875,2655.72802734375,0.0,0.0,0.0,-0.3713228702545166,True,nan,False,1.1590698704821989e-05,0.01
gpomdp_reward_only,712,308,1046993,0.0,False,122.64430236816406,0.9036505818367004,0.0,122.64430236816406,1535.2940673828125,0.0,0.0,0.0,-0.5654425024986267,True,nan,False,9.799182407732587e-06,0.01
gpomdp_reward_only,712,309,1047916,0.0,False,103.31636810302734,0.9209903478622437,0.0,103.31636810302734,1207.0430908203125,0.0,0.0,0.0,-0.43690598011016846,True,nan,False,1.2246976439200807e-05,0.01
gpomdp_reward_only,712,310,1048865,0.0,False,167.78387451171875,0.9274061918258667,0.0,167.78387451171875,1549.6678466796875,0.0,0.0,0.0,0.17240193486213684,True,nan,False,1.2493463145801798e-05,0.01
gpomdp_reward_only,712,311,1049807,0.0,False,86.72828674316406,0.9152761697769165,0.0,86.72828674316406,1836.05517578125,0.0,0.0,0.0,-0.5484485626220703,True,nan,False,1.3252658391138539e-05,0.01
gpomdp_reward_only,712,312,1050722,0.0,False,166.4171905517578,0.9745769500732422,0.0,166.4171905517578,2064.330322265625,0.0,0.0,0.0,-0.16392940282821655,True,nan,False,1.68574206327321e-05,0.01
gpomdp_reward_only,712,313,1051758,0.0,False,90.63572692871094,1.0217335224151611,0.0,90.63572692871094,2405.529296875,0.0,0.0,0.0,-0.03655896335840225,True,nan,False,1.5496350897592492e-05,0.01
gpomdp_reward_only,712,314,1052768,0.0,False,164.72210693359375,0.9923343062400818,0.0,164.72210693359375,1729.6331787109375,0.0,0.0,0.0,-0.5622811913490295,True,nan,False,1.7982143617700785e-05,0.01
gpomdp_reward_only,712,315,1053678,0.0,False,148.28770446777344,0.9062148928642273,0.0,148.28770446777344,1591.3448486328125,0.0,0.0,0.0,-0.5904632210731506,True,nan,False,2.0428453353815712e-05,0.01
gpomdp_reward_only,712,316,1054525,0.0,False,158.1136016845703,0.9152265191078186,0.0,158.1136016845703,2189.375,0.0,0.0,0.0,-0.5658650398254395,True,nan,False,1.833765782066621e-05,0.01
gpomdp_reward_only,712,317,1055500,0.0,False,108.45355987548828,0.9837179780006409,0.0,108.45355987548828,1873.0948486328125,0.0,0.0,0.0,-0.0018511569360271096,True,nan,False,1.677528052823618e-05,0.01
gpomdp_reward_only,712,318,1056604,0.0,False,202.4829864501953,1.0892270803451538,0.0,202.4829864501953,2732.054931640625,0.0,0.0,0.0,0.689192533493042,True,nan,False,8.716978300071787e-06,0.01
gpomdp_reward_only,712,319,1057799,0.0,False,161.4960479736328,0.9648808240890503,0.0,161.4960479736328,1977.7701416015625,0.0,0.0,0.0,-0.7370166182518005,True,nan,False,1.725199217617046e-05,0.01
gpomdp_reward_only,712,320,1058770,0.0,False,124.70860290527344,1.0039048194885254,0.0,124.70860290527344,1712.6405029296875,0.0,0.0,0.0,0.03615241497755051,True,nan,False,1.0461034435138572e-05,0.01
gpomdp_reward_only,712,321,1059689,0.0,False,124.91292572021484,0.9854917526245117,0.0,124.91292572021484,1562.85498046875,0.0,0.0,0.0,-0.41643863916397095,True,nan,False,1.133050045609707e-05,0.01
gpomdp_reward_only,712,322,1060634,0.0,False,159.6956024169922,0.9890726208686829,0.0,159.6956024169922,1917.67919921875,0.0,0.0,0.0,-0.10849831998348236,True,nan,False,8.559967682231218e-06,0.01
gpomdp_reward_only,712,323,1061577,0.0,False,151.7537078857422,0.9225279688835144,0.0,151.7537078857422,1839.4739990234375,0.0,0.0,0.0,-0.7262681126594543,True,nan,False,1.3341888006834779e-05,0.01
gpomdp_reward_only,712,324,1062489,0.0,False,108.4801254272461,0.9700210690498352,0.0,108.4801254272461,1455.585205078125,0.0,0.0,0.0,-0.47891026735305786,True,nan,False,1.5405023077619262e-05,0.01
gpomdp_reward_only,712,325,1063338,0.0,False,132.96192932128906,1.0296200513839722,0.0,132.96192932128906,1791.802978515625,0.0,0.0,0.0,-0.3279368281364441,True,nan,False,1.478186732128961e-05,0.01
gpomdp_reward_only,712,326,1064289,0.0,False,120.55675506591797,1.1757817268371582,0.0,120.55675506591797,3022.2578125,0.0,0.0,0.0,0.2930243909358978,True,nan,False,1.0689053851820063e-05,0.01
gpomdp_reward_only,712,327,1065786,0.0,False,165.0609588623047,1.0292330980300903,0.0,165.0609588623047,1818.7275390625,0.0,0.0,0.0,-0.44720837473869324,True,nan,False,1.6306650650221854e-05,0.01
gpomdp_reward_only,712,328,1066813,0.0,False,126.42166137695312,1.0002334117889404,0.0,126.42166137695312,1370.98291015625,0.0,0.0,0.0,-0.37581512331962585,True,nan,False,2.1593568817479536e-05,0.01
gpomdp_reward_only,712,329,1067694,0.0,False,98.04097747802734,1.046464204788208,0.0,98.04097747802734,1736.907470703125,0.0,0.0,0.0,-0.6439350247383118,True,nan,False,1.8870799976866692e-05,0.01
gpomdp_reward_only,712,330,1068571,0.0,False,126.97409057617188,1.017844557762146,0.0,126.97409057617188,1702.3843994140625,0.0,0.0,0.0,-0.555183470249176,True,nan,False,2.5056460799532942e-05,0.01
gpomdp_reward_only,712,331,1069447,0.0,False,101.08085632324219,1.0388736724853516,0.0,101.08085632324219,1641.4102783203125,0.0,0.0,0.0,0.42552322149276733,True,nan,False,1.4619703506468795e-05,0.01
gpomdp_reward_only,712,332,1070292,0.0,False,62.411102294921875,1.0383003950119019,0.0,62.411102294921875,1622.247802734375,0.0,0.0,0.0,0.13987258076667786,True,nan,False,1.046051056619035e-05,0.01
gpomdp_reward_only,712,333,1071138,0.0,False,127.09298706054688,1.0597867965698242,0.0,127.09298706054688,2087.232177734375,0.0,0.0,0.0,0.37453699111938477,True,nan,False,1.0964106877509039e-05,0.01
gpomdp_reward_only,712,334,1072031,0.0,False,133.14898681640625,1.0524893999099731,0.0,133.14898681640625,2281.8642578125,0.0,0.0,0.0,-0.15703609585762024,True,nan,False,1.166682704933919e-05,0.01
gpomdp_reward_only,712,335,1072980,0.0,False,154.47129821777344,1.0105884075164795,0.0,154.47129821777344,1375.8516845703125,0.0,0.0,0.0,-0.5659598708152771,True,nan,False,1.481734034314286e-05,0.01
gpomdp_reward_only,712,336,1073811,0.0,False,118.710205078125,1.1041697263717651,0.0,118.710205078125,1789.3306884765625,0.0,0.0,0.0,-0.16472886502742767,True,nan,False,1.2669468560488895e-05,0.01
gpomdp_reward_only,712,337,1074757,0.0,False,179.5562744140625,1.0909216403961182,0.0,179.5562744140625,2038.52001953125,0.0,0.0,0.0,-0.34299254417419434,True,nan,False,2.385025618423242e-05,0.01
gpomdp_reward_only,712,338,1075697,0.0,False,160.3922119140625,1.0422626733779907,0.0,160.3922119140625,1684.2320556640625,0.0,0.0,0.0,-0.23861415684223175,True,nan,False,2.858259904314764e-05,0.01
gpomdp_reward_only,712,339,1076633,0.0,False,82.1113510131836,1.0332216024398804,0.0,82.1113510131836,1357.9659423828125,0.0,0.0,0.0,-0.344165563583374,True,nan,False,2.5867719159577973e-05,0.01
gpomdp_reward_only,712,340,1077497,0.0,False,101.87085723876953,1.0765924453735352,0.0,101.87085723876953,1813.3504638671875,0.0,0.0,0.0,0.20864072442054749,True,nan,False,2.3430820874636993e-05,0.01
gpomdp_reward_only,712,341,1078424,0.0,False,143.45994567871094,1.0291417837142944,0.0,143.45994567871094,1572.3048095703125,0.0,0.0,0.0,-0.05975215882062912,True,nan,False,3.440850923652761e-05,0.01
gpomdp_reward_only,712,342,1079312,0.0,False,104.64100646972656,1.0906754732131958,0.0,104.64100646972656,1293.7215576171875,0.0,0.0,0.0,0.24594199657440186,True,nan,False,1.7919244783115573e-05,0.01
gpomdp_reward_only,712,343,1080165,0.0,False,123.93138122558594,1.0959597826004028,0.0,123.93138122558594,1638.8150634765625,0.0,0.0,0.0,-0.17793451249599457,True,nan,False,2.228518860647455e-05,0.01
gpomdp_reward_only,712,344,1081085,0.0,False,159.95249938964844,1.0729162693023682,0.0,159.95249938964844,1488.0224609375,0.0,0.0,0.0,-0.4295262396335602,True,nan,False,2.6219016945105977e-05,0.01
gpomdp_reward_only,712,345,1081892,0.0,False,112.33671569824219,1.0564087629318237,0.0,112.33671569824219,1526.9830322265625,0.0,0.0,0.0,-0.3002643585205078,True,nan,False,1.981989771593362e-05,0.01
gpomdp_reward_only,712,346,1082789,0.0,False,98.67576599121094,1.142686367034912,0.0,98.67576599121094,2004.0235595703125,0.0,0.0,0.0,-0.6460656523704529,True,nan,False,1.81549257831648e-05,0.01
gpomdp_reward_only,712,347,1083799,0.0,False,165.14125061035156,1.1448216438293457,0.0,165.14125061035156,2580.8837890625,0.0,0.0,0.0,-0.44668424129486084,True,nan,False,2.915400909841992e-05,0.01
gpomdp_reward_only,712,348,1084866,0.0,False,68.95549011230469,1.0754308700561523,0.0,68.95549011230469,1238.9141845703125,0.0,0.0,0.0,-0.2689824104309082,True,nan,False,2.7287360353511758e-05,0.01
gpomdp_reward_only,712,349,1085656,0.0,False,71.65420532226562,1.0619451999664307,0.0,71.65420532226562,1775.256103515625,0.0,0.0,0.0,-0.2548982501029968,True,nan,False,2.316708560101688e-05,0.01
gpomdp_reward_only,712,350,1086562,0.0,False,68.32467651367188,1.123643159866333,0.0,68.32467651367188,1544.486328125,0.0,0.0,0.0,-0.09710241109132767,True,nan,False,1.919157148222439e-05,0.01
gpomdp_reward_only,712,351,1087468,0.0,False,89.83924865722656,1.087680697441101,0.0,89.83924865722656,1125.59228515625,0.0,0.0,0.0,-0.3900766968727112,True,nan,False,2.084434891003184e-05,0.01
gpomdp_reward_only,712,352,1088289,0.0,False,103.2158432006836,1.116969347000122,0.0,103.2158432006836,911.993896484375,0.0,0.0,0.0,0.6651796698570251,True,nan,False,1.5840912965359166e-05,0.01
gpomdp_reward_only,712,353,1089020,0.0,False,123.56753540039062,1.101879358291626,0.0,123.56753540039062,1363.1170654296875,0.0,0.0,0.0,-0.3531346321105957,True,nan,False,1.342749601462856e-05,0.01
gpomdp_reward_only,712,354,1089793,0.0,False,149.8620147705078,1.1629447937011719,0.0,149.8620147705078,2477.505859375,0.0,0.0,0.0,-0.433135062456131,True,nan,False,1.7330103219137527e-05,0.01
gpomdp_reward_only,712,355,1090716,0.0,False,119.64966583251953,1.0842218399047852,0.0,119.64966583251953,1345.78759765625,0.0,0.0,0.0,-0.9330372214317322,True,nan,False,1.918526140798349e-05,0.01
gpomdp_reward_only,712,356,1091487,0.0,False,105.2730712890625,1.1335595846176147,0.0,105.2730712890625,1778.4678955078125,0.0,0.0,0.0,-0.20601455867290497,True,nan,False,1.9338605852681212e-05,0.01
gpomdp_reward_only,712,357,1092267,0.0,False,108.46795654296875,1.1292378902435303,0.0,108.46795654296875,1180.4576416015625,0.0,0.0,0.0,0.09556002914905548,True,nan,False,1.895748937386088e-05,0.01
gpomdp_reward_only,712,358,1093054,0.0,False,78.16642761230469,1.116112232208252,0.0,78.16642761230469,1226.4796142578125,0.0,0.0,0.0,-0.3482442796230316,True,nan,False,1.2561769835883752e-05,0.01
gpomdp_reward_only,712,359,1093790,0.0,False,53.342445373535156,1.1729092597961426,0.0,53.342445373535156,1553.070556640625,0.0,0.0,0.0,-0.22117991745471954,True,nan,False,9.672431588114705e-06,0.01
gpomdp_reward_only,712,360,1094621,0.0,False,100.00584411621094,1.140348196029663,0.0,100.00584411621094,1345.625244140625,0.0,0.0,0.0,-0.3505474627017975,True,nan,False,8.860690286383033e-06,0.01
gpomdp_reward_only,712,361,1095477,0.0,False,77.43744659423828,1.1343499422073364,0.0,77.43744659423828,1378.3192138671875,0.0,0.0,0.0,-0.30018773674964905,True,nan,False,7.021688816166716e-06,0.01
gpomdp_reward_only,712,362,1096233,0.0,False,205.06365966796875,1.2333285808563232,0.0,205.06365966796875,2649.208740234375,0.0,0.0,0.0,-0.25409525632858276,True,nan,False,8.119578524201643e-06,0.01
gpomdp_reward_only,712,363,1097358,0.0,False,114.65423583984375,1.1728157997131348,0.0,114.65423583984375,2204.240234375,0.0,0.0,0.0,0.024729778990149498,True,nan,False,4.988921773474431e-06,0.01
gpomdp_reward_only,712,364,1098225,0.0,False,194.04605102539062,1.176090955734253,0.0,194.04605102539062,1201.96728515625,0.0,0.0,0.0,0.5026106834411621,True,nan,False,6.734681846864987e-06,0.01
gpomdp_reward_only,712,365,1099047,0.0,False,77.94707489013672,1.1912959814071655,0.0,77.94707489013672,1592.0079345703125,0.0,0.0,0.0,-0.29265478253364563,True,nan,False,5.204417902859859e-06,0.01
gpomdp_reward_only,712,366,1099922,0.0,False,95.39168548583984,1.1856342554092407,0.0,95.39168548583984,1530.9029541015625,0.0,0.0,0.0,-0.08207805454730988,True,nan,False,2.1480434497789247e-06,0.01
gpomdp_reward_only,712,367,1100728,0.0,False,87.41102600097656,1.1655845642089844,0.0,87.41102600097656,1582.673828125,0.0,0.0,0.0,-0.10204796493053436,True,nan,False,2.8177755666547455e-06,0.01
gpomdp_reward_only,712,368,1101546,0.0,False,97.19525146484375,1.1419874429702759,0.0,97.19525146484375,1323.3623046875,0.0,0.0,0.0,-0.23660239577293396,True,nan,False,1.7578131519258022e-06,0.01
gpomdp_reward_only,712,369,1102254,0.0,False,144.498291015625,1.2089741230010986,0.0,144.498291015625,1582.4835205078125,0.0,0.0,0.0,-0.08322811126708984,True,nan,False,2.675763198567438e-06,0.01
gpomdp_reward_only,712,370,1103133,0.0,False,221.89219665527344,1.1499699354171753,0.0,221.89219665527344,1582.47900390625,0.0,0.0,0.0,0.14324945211410522,True,nan,False,8.49232583277626e-06,0.01
gpomdp_reward_only,712,371,1103968,0.0,False,174.5204620361328,1.2432724237442017,0.0,174.5204620361328,1479.9901123046875,0.0,0.0,0.0,0.5332109332084656,True,nan,False,2.2367162273440044e-06,0.01
gpomdp_reward_only,712,372,1104940,0.0,False,134.4607391357422,1.1732721328735352,0.0,134.4607391357422,1355.12451171875,0.0,0.0,0.0,0.389090895652771,True,nan,False,5.113105089549208e-06,0.01
gpomdp_reward_only,712,373,1105719,0.0,False,98.19981384277344,1.198706865310669,0.0,98.19981384277344,1742.0374755859375,0.0,0.0,0.0,-0.3334808945655823,True,nan,False,3.7613065160257975e-06,0.01
gpomdp_reward_only,712,374,1106587,0.0,False,161.08702087402344,1.1538416147232056,0.0,161.08702087402344,1574.439697265625,0.0,0.0,0.0,-0.6334676146507263,True,nan,False,3.0222759050957393e-06,0.01
gpomdp_reward_only,712,375,1107434,0.0,False,104.36115264892578,1.1756757497787476,0.0,104.36115264892578,1413.134033203125,0.0,0.0,0.0,-0.38896626234054565,True,nan,False,1.0499245490791509e-06,0.01
gpomdp_reward_only,712,376,1108175,0.0,False,137.1804962158203,1.274036169052124,0.0,137.1804962158203,2426.08447265625,0.0,0.0,0.0,-0.5363218784332275,True,nan,False,3.652811983556603e-06,0.01
gpomdp_reward_only,712,377,1109325,0.0,False,161.85179138183594,1.2308108806610107,0.0,161.85179138183594,1877.7781982421875,0.0,0.0,0.0,-0.5136626362800598,True,nan,False,4.197751422907459e-06,0.01
gpomdp_reward_only,712,378,1110290,0.0,False,130.66702270507812,1.3161752223968506,0.0,130.66702270507812,2381.09228515625,0.0,0.0,0.0,0.20658354461193085,True,nan,False,4.013299530924996e-06,0.01
gpomdp_reward_only,712,379,1111373,0.0,False,66.77694702148438,1.1864253282546997,0.0,66.77694702148438,1534.169189453125,0.0,0.0,0.0,-0.33461737632751465,True,nan,False,4.2417541408212855e-06,0.01
gpomdp_reward_only,712,380,1112161,0.0,False,207.68417358398438,1.2595428228378296,0.0,207.68417358398438,1947.77490234375,0.0,0.0,0.0,-0.2951274514198303,True,nan,False,4.6182708501874e-06,0.01
gpomdp_reward_only,712,381,1113113,0.0,False,128.09584045410156,1.2590763568878174,0.0,128.09584045410156,2469.518798828125,0.0,0.0,0.0,-0.19333483278751373,True,nan,False,8.158607670338824e-06,0.01
gpomdp_reward_only,712,382,1114063,0.0,False,104.27345275878906,1.2003505229949951,0.0,104.27345275878906,1315.6517333984375,0.0,0.0,0.0,-0.4663865268230438,True,nan,False,6.236978606466437e-06,0.01
gpomdp_reward_only,712,383,1114894,0.0,False,84.36475372314453,1.1555005311965942,0.0,84.36475372314453,1415.7158203125,0.0,0.0,0.0,-0.015592955984175205,True,nan,False,4.8167539716814645e-06,0.01
gpomdp_reward_only,712,384,1115620,0.0,False,97.18042755126953,1.2346042394638062,0.0,97.18042755126953,1660.9326171875,0.0,0.0,0.0,-0.31867024302482605,True,nan,False,7.12479686626466e-06,0.01
gpomdp_reward_only,712,385,1116530,0.0,False,152.6788330078125,1.2215473651885986,0.0,152.6788330078125,1489.3311767578125,0.0,0.0,0.0,-0.4260813593864441,True,nan,False,1.4117972568783443e-05,0.01
gpomdp_reward_only,712,386,1117313,0.0,False,87.6566390991211,1.1822750568389893,0.0,87.6566390991211,1637.2623291015625,0.0,0.0,0.0,-0.8501913547515869,True,nan,False,1.4458059922617394e-05,0.01
gpomdp_reward_only,712,387,1118115,0.0,False,146.14910888671875,1.1714296340942383,0.0,146.14910888671875,1659.3277587890625,0.0,0.0,0.0,-0.7661728858947754,True,nan,False,1.4551079402735922e-05,0.01
gpomdp_reward_only,712,388,1118935,0.0,False,105.14986419677734,1.2166439294815063,0.0,105.14986419677734,1312.9805908203125,0.0,0.0,0.0,-0.20011645555496216,True,nan,False,1.5572351912851445e-05,0.01
gpomdp_reward_only,712,389,1119722,0.0,False,203.9352569580078,1.249410629272461,0.0,203.9352569580078,2271.14013671875,0.0,0.0,0.0,0.1277332603931427,True,nan,False,8.395809345529415e-06,0.01
gpomdp_reward_only,712,390,1120675,0.0,False,123.70401000976562,1.2805553674697876,0.0,123.70401000976562,1775.92578125,0.0,0.0,0.0,-0.511677086353302,True,nan,False,9.65380240813829e-06,0.01
gpomdp_reward_only,712,391,1121575,0.0,False,152.76800537109375,1.3815100193023682,0.0,152.76800537109375,2185.02880859375,0.0,0.0,0.0,0.11991085857152939,True,nan,False,9.53819471760653e-06,0.01
gpomdp_reward_only,712,392,1122714,0.0,False,77.88731384277344,1.2088332176208496,0.0,77.88731384277344,1137.4964599609375,0.0,0.0,0.0,-0.7067503333091736,True,nan,False,1.2402731044858228e-05,0.01
gpomdp_reward_only,712,393,1123454,0.0,False,105.31915283203125,1.2011663913726807,0.0,105.31915283203125,1404.9486083984375,0.0,0.0,0.0,-0.5622521638870239,True,nan,False,1.755299308570102e-05,0.01
gpomdp_reward_only,712,394,1124223,0.0,False,265.2250671386719,1.4985054731369019,0.0,265.2250671386719,2337.194091796875,0.0,0.0,0.0,-0.3690491318702698,True,nan,False,2.206389035563916e-05,0.01
gpomdp_reward_only,712,395,1125632,0.0,False,52.49172592163086,1.2506465911865234,0.0,52.49172592163086,1622.564453125,0.0,0.0,0.0,-0.06202692165970802,True,nan,False,3.27244633808732e-05,0.01
gpomdp_reward_only,712,396,1126440,0.0,False,79.08641052246094,1.271620273590088,0.0,79.08641052246094,1898.107177734375,0.0,0.0,0.0,-0.10091189295053482,True,nan,False,3.081529212067835e-05,0.01
gpomdp_reward_only,712,397,1127261,0.0,False,130.3192138671875,1.2489724159240723,0.0,130.3192138671875,1380.5487060546875,0.0,0.0,0.0,0.17613352835178375,True,nan,False,3.6158271541353315e-05,0.01
gpomdp_reward_only,712,398,1127981,0.0,False,43.256839752197266,1.2423175573349,0.0,43.256839752197266,1023.2996215820312,0.0,0.0,0.0,0.00528251938521862,True,nan,False,2.918219252023846e-05,0.01
gpomdp_reward_only,712,399,1128764,0.0,False,134.29400634765625,1.3340600728988647,0.0,134.29400634765625,1599.4844970703125,0.0,0.0,0.0,0.14988106489181519,True,nan,False,3.0423396310652606e-05,0.01
gpomdp_reward_only,712,400,1129701,0.0,False,88.71862030029297,1.2959740161895752,0.0,88.71862030029297,1503.9783935546875,0.0,0.0,0.0,-0.48582059144973755,True,nan,False,2.8789712814614177e-05,0.01
gpomdp_reward_only,712,401,1130580,0.0,False,54.88267517089844,1.2959110736846924,0.0,54.88267517089844,1484.551025390625,0.0,0.0,0.0,0.5877979397773743,True,nan,False,2.5042611014214344e-05,0.01
gpomdp_reward_only,712,402,1131355,0.0,False,87.82942199707031,1.2797828912734985,0.0,87.82942199707031,1370.012939453125,0.0,0.0,0.0,0.12131819128990173,True,nan,False,1.7359039702569135e-05,0.01
gpomdp_reward_only,712,403,1132136,0.0,False,107.77056884765625,1.2512158155441284,0.0,107.77056884765625,1308.001220703125,0.0,0.0,0.0,-0.15168248116970062,True,nan,False,2.910927105403971e-05,0.01
gpomdp_reward_only,712,404,1132854,0.0,False,98.54730224609375,1.2882226705551147,0.0,98.54730224609375,1262.9520263671875,0.0,0.0,0.0,-0.5675529837608337,True,nan,False,2.3685173800913617e-05,0.01
gpomdp_reward_only,712,405,1133641,0.0,False,123.55308532714844,1.2698421478271484,0.0,123.55308532714844,1526.11328125,0.0,0.0,0.0,-0.2066933810710907,True,nan,False,1.9446597434580326e-05,0.01
gpomdp_reward_only,712,406,1134429,0.0,False,131.89895629882812,1.3648276329040527,0.0,131.89895629882812,1906.51171875,0.0,0.0,0.0,0.16618292033672333,True,nan,False,1.5155105757003184e-05,0.01
gpomdp_reward_only,712,407,1135385,0.0,False,100.26200103759766,1.363281011581421,0.0,100.26200103759766,1764.0911865234375,0.0,0.0,0.0,-0.49390146136283875,True,nan,False,1.6673080608597957e-05,0.01
gpomdp_reward_only,712,408,1136274,0.0,False,137.8515167236328,1.3323882818222046,0.0,137.8515167236328,2048.0263671875,0.0,0.0,0.0,-0.4245755970478058,True,nan,False,2.5108047339017503e-05,0.01
gpomdp_reward_only,712,409,1137195,0.0,False,86.67355346679688,1.3097456693649292,0.0,86.67355346679688,1116.44921875,0.0,0.0,0.0,0.38046085834503174,True,nan,False,1.6912757928366773e-05,0.01
gpomdp_reward_only,712,410,1137941,0.0,False,110.22686767578125,1.3074126243591309,0.0,110.22686767578125,1193.941650390625,0.0,0.0,0.0,-0.0885394737124443,True,nan,False,2.6832716685021296e-05,0.01
gpomdp_reward_only,712,411,1138703,0.0,False,126.54835510253906,1.3437997102737427,0.0,126.54835510253906,1179.4444580078125,0.0,0.0,0.0,0.3866410255432129,True,nan,False,2.0806883185287006e-05,0.01
gpomdp_reward_only,712,412,1139578,0.0,False,155.47361755371094,1.324596881866455,0.0,155.47361755371094,1845.4925537109375,0.0,0.0,0.0,0.16073721647262573,True,nan,False,1.145617807196686e-05,0.01
gpomdp_reward_only,712,413,1140440,0.0,False,169.87290954589844,1.402298092842102,0.0,169.87290954589844,1654.3802490234375,0.0,0.0,0.0,0.31086722016334534,True,nan,False,1.1678060218400788e-05,0.01
gpomdp_reward_only,712,414,1141255,0.0,False,114.7130355834961,1.2966080904006958,0.0,114.7130355834961,1232.266357421875,0.0,0.0,0.0,-0.1809639036655426,True,nan,False,6.922435204614885e-06,0.01
gpomdp_reward_only,712,415,1142043,0.0,False,124.4378890991211,1.3493444919586182,0.0,124.4378890991211,1627.7249755859375,0.0,0.0,0.0,-0.08498263359069824,True,nan,False,8.331003300554585e-06,0.01
gpomdp_reward_only,712,416,1142866,0.0,False,127.5645980834961,1.2826290130615234,0.0,127.5645980834961,1253.4178466796875,0.0,0.0,0.0,0.0636521577835083,True,nan,False,1.9270519260317087e-05,0.01
gpomdp_reward_only,712,417,1143564,0.0,False,249.3543243408203,1.3065931797027588,0.0,249.3543243408203,1466.51025390625,0.0,0.0,0.0,-0.06459664553403854,True,nan,False,2.9356069717323408e-06,0.01
gpomdp_reward_only,712,418,1144320,0.0,False,104.19075012207031,1.3401637077331543,0.0,104.19075012207031,1866.04150390625,0.0,0.0,0.0,-0.8367045521736145,True,nan,False,4.035745860164752e-06,0.01
gpomdp_reward_only,712,419,1145204,0.0,False,166.29684448242188,1.370421051979065,0.0,166.29684448242188,2021.0826416015625,0.0,0.0,0.0,-0.615818977355957,True,nan,False,8.418519428232685e-06,0.01
gpomdp_reward_only,712,420,1146152,0.0,False,92.55267333984375,1.270132064819336,0.0,92.55267333984375,1176.701904296875,0.0,0.0,0.0,-0.6879620552062988,True,nan,False,9.58618511504028e-06,0.01
gpomdp_reward_only,712,421,1146912,0.0,False,165.65786743164062,1.405620813369751,0.0,165.65786743164062,2276.5087890625,0.0,0.0,0.0,-0.666570782661438,True,nan,False,7.714782441325951e-06,0.01
gpomdp_reward_only,712,422,1147876,0.0,False,90.84325408935547,1.3233543634414673,0.0,90.84325408935547,1393.4521484375,0.0,0.0,0.0,-0.7967213988304138,True,nan,False,1.0367256436438765e-05,0.01
gpomdp_reward_only,712,423,1148707,0.0,False,328.6049499511719,1.4993922710418701,0.0,328.6049499511719,2629.86669921875,0.0,0.0,0.0,0.24986903369426727,True,nan,False,6.275253781495849e-06,0.01
gpomdp_reward_only,712,424,1149951,0.0,False,108.97064208984375,1.3334156274795532,0.0,108.97064208984375,1245.755859375,0.0,0.0,0.0,0.26122796535491943,True,nan,False,4.604605237545911e-06,0.01
gpomdp_reward_only,712,425,1150677,0.0,False,94.3892822265625,1.358181118965149,0.0,94.3892822265625,1386.2978515625,0.0,0.0,0.0,0.16532640159130096,True,nan,False,2.9337286377995042e-06,0.01
gpomdp_reward_only,712,426,1151540,0.0,False,103.23147583007812,1.336148738861084,0.0,103.23147583007812,1213.566650390625,0.0,0.0,0.0,0.3690459728240967,True,nan,False,1.601172812115692e-06,0.01
gpomdp_reward_only,712,427,1152324,0.0,False,118.30223846435547,1.3797529935836792,0.0,118.30223846435547,1782.9945068359375,0.0,0.0,0.0,0.10899229347705841,True,nan,False,9.416175430487783e-07,0.01
gpomdp_reward_only,712,428,1153169,0.0,False,138.7806396484375,1.3342397212982178,0.0,138.7806396484375,1169.0003662109375,0.0,0.0,0.0,0.3597446084022522,True,nan,False,3.067313173232833e-06,0.01
gpomdp_reward_only,712,429,1153979,0.0,False,119.81591796875,1.3319852352142334,0.0,119.81591796875,1280.7540283203125,0.0,0.0,0.0,-0.21756510436534882,True,nan,False,1.951252443177509e-06,0.01
gpomdp_reward_only,712,430,1154733,0.0,False,87.77593231201172,1.3738936185836792,0.0,87.77593231201172,1898.2457275390625,0.0,0.0,0.0,-0.09822157770395279,True,nan,False,2.801991740852827e-06,0.01
gpomdp_reward_only,712,431,1155589,0.0,False,65.72137451171875,1.3444976806640625,0.0,65.72137451171875,1364.88134765625,0.0,0.0,0.0,-0.02831171080470085,True,nan,False,2.3365923880191986e-06,0.01
gpomdp_reward_only,712,432,1156359,0.0,False,58.621612548828125,1.3112469911575317,0.0,58.621612548828125,1109.4573974609375,0.0,0.0,0.0,-0.2535014748573303,True,nan,False,1.8499089264878421e-06,0.01
gpomdp_reward_only,712,433,1157098,0.0,False,114.5711898803711,1.3195258378982544,0.0,114.5711898803711,1364.8792724609375,0.0,0.0,0.0,-0.14841248095035553,True,nan,False,3.089568281211541e-06,0.01
gpomdp_reward_only,712,434,1157872,0.0,False,115.49703216552734,1.3080947399139404,0.0,115.49703216552734,1204.666259765625,0.0,0.0,0.0,0.5822569131851196,True,nan,False,4.458960120246047e-06,0.01
gpomdp_reward_only,712,435,1158628,0.0,False,157.11996459960938,1.3281306028366089,0.0,157.11996459960938,1561.0091552734375,0.0,0.0,0.0,0.1177518218755722,True,nan,False,1.3042827049503103e-05,0.01
gpomdp_reward_only,712,436,1159401,0.0,False,118.25392150878906,1.3313500881195068,0.0,118.25392150878906,1449.5845947265625,0.0,0.0,0.0,-0.4807148575782776,True,nan,False,1.529790461063385e-05,0.01
gpomdp_reward_only,712,437,1160222,0.0,False,96.7419662475586,1.321252703666687,0.0,96.7419662475586,1100.9327392578125,0.0,0.0,0.0,0.2744305431842804,True,nan,False,2.0492969269980676e-05,0.01
gpomdp_reward_only,712,438,1161018,0.0,False,115.02714538574219,1.303467869758606,0.0,115.02714538574219,1027.210205078125,0.0,0.0,0.0,-0.7359411120414734,True,nan,False,2.0291594410082325e-05,0.01
gpomdp_reward_only,712,439,1161771,0.0,False,132.8387451171875,1.335898518562317,0.0,132.8387451171875,1357.4951171875,0.0,0.0,0.0,-0.663461446762085,True,nan,False,1.0733401722973213e-05,0.01
gpomdp_reward_only,712,440,1162603,0.0,False,148.62344360351562,1.3667787313461304,0.0,148.62344360351562,1321.131103515625,0.0,0.0,0.0,0.41054826974868774,True,nan,False,3.4628699268068885e-06,0.01
gpomdp_reward_only,712,441,1163398,0.0,False,130.36024475097656,1.3190186023712158,0.0,130.36024475097656,1838.476806640625,0.0,0.0,0.0,-0.02012959122657776,True,nan,False,6.776045211154269e-06,0.01
gpomdp_reward_only,712,442,1164201,0.0,False,92.41930389404297,1.3074523210525513,0.0,92.41930389404297,1195.782470703125,0.0,0.0,0.0,-0.6730682849884033,True,nan,False,5.508897629624698e-06,0.01
gpomdp_reward_only,712,443,1164948,0.0,False,83.3800048828125,1.3258283138275146,0.0,83.3800048828125,1486.778564453125,0.0,0.0,0.0,-0.30420055985450745,True,nan,False,8.35874379845336e-06,0.01
gpomdp_reward_only,712,444,1165708,0.0,False,173.64764404296875,1.4402729272842407,0.0,173.64764404296875,2475.19140625,0.0,0.0,0.0,-0.7722554206848145,True,nan,False,6.7636428866535425e-06,0.01
gpomdp_reward_only,712,445,1166872,0.0,False,121.45458984375,1.3603101968765259,0.0,121.45458984375,1966.715087890625,0.0,0.0,0.0,-0.32443177700042725,True,nan,False,9.045281331054866e-06,0.01
gpomdp_reward_only,712,446,1167698,0.0,False,157.964111328125,1.3135614395141602,0.0,157.964111328125,1485.9296875,0.0,0.0,0.0,0.10284193605184555,True,nan,False,1.8574928617454134e-05,0.01
gpomdp_reward_only,712,447,1168503,0.0,False,154.40428161621094,1.3333321809768677,0.0,154.40428161621094,1092.8450927734375,0.0,0.0,0.0,0.21520110964775085,True,nan,False,3.09570568788331e-05,0.01
gpomdp_reward_only,712,448,1169187,0.0,False,102.81575012207031,1.405957818031311,0.0,102.81575012207031,1651.7528076171875,0.0,0.0,0.0,0.42951804399490356,True,nan,False,2.1998706870363094e-05,0.01
gpomdp_reward_only,712,449,1170089,0.0,False,70.61268615722656,1.3587009906768799,0.0,70.61268615722656,1214.4046630859375,0.0,0.0,0.0,0.40439373254776,True,nan,False,2.0712210243800655e-05,0.01
gpomdp_reward_only,712,450,1170752,0.0,False,151.9916229248047,1.3678799867630005,0.0,151.9916229248047,1570.810302734375,0.0,0.0,0.0,-0.7209535837173462,True,nan,False,1.6957446860033087e-05,0.01
gpomdp_reward_only,712,451,1171501,0.0,False,76.79078674316406,1.4070913791656494,0.0,76.79078674316406,1898.543212890625,0.0,0.0,0.0,-0.17886681854724884,True,nan,False,1.86763809324475e-05,0.01
gpomdp_reward_only,712,452,1172402,0.0,False,125.94954681396484,1.3339990377426147,0.0,125.94954681396484,1716.0750732421875,0.0,0.0,0.0,-0.26893869042396545,True,nan,False,2.9742766855633818e-05,0.01
gpomdp_reward_only,712,453,1173166,0.0,False,191.97752380371094,1.4069403409957886,0.0,191.97752380371094,2141.300048828125,0.0,0.0,0.0,-0.07275444269180298,True,nan,False,3.120781548204832e-05,0.01
gpomdp_reward_only,712,454,1174008,0.0,False,112.85948944091797,1.3488502502441406,0.0,112.85948944091797,1090.6380615234375,0.0,0.0,0.0,0.11190775036811829,True,nan,False,4.17959745391272e-05,0.01
gpomdp_reward_only,712,455,1174704,0.0,False,77.71183013916016,1.3529045581817627,0.0,77.71183013916016,1358.3359375,0.0,0.0,0.0,-0.5209645628929138,True,nan,False,3.996945815742947e-05,0.01
gpomdp_reward_only,712,456,1175447,0.0,False,84.17323303222656,1.3806347846984863,0.0,84.17323303222656,1088.506591796875,0.0,0.0,0.0,0.121586874127388,True,nan,False,3.8228026824072e-05,0.01
gpomdp_reward_only,712,457,1176263,0.0,False,141.92799377441406,1.3941597938537598,0.0,141.92799377441406,1997.119384765625,0.0,0.0,0.0,-0.5426060557365417,True,nan,False,2.631643474160228e-05,0.01
gpomdp_reward_only,712,458,1177176,0.0,False,73.04888153076172,1.3735365867614746,0.0,73.04888153076172,1458.202880859375,0.0,0.0,0.0,-0.2928783893585205,True,nan,False,2.370909169258084e-05,0.01
gpomdp_reward_only,712,459,1177992,0.0,False,83.0893783569336,1.3659722805023193,0.0,83.0893783569336,1515.226318359375,0.0,0.0,0.0,0.0810694769024849,True,nan,False,2.668206434464082e-05,0.01
gpomdp_reward_only,712,460,1178798,0.0,False,118.1825180053711,1.3618768453598022,0.0,118.1825180053711,1172.1097412109375,0.0,0.0,0.0,0.13667213916778564,True,nan,False,1.6317802874254994e-05,0.01
gpomdp_reward_only,712,461,1179569,0.0,False,114.27265930175781,1.449777364730835,0.0,114.27265930175781,2732.459228515625,0.0,0.0,0.0,-0.0014849683502689004,True,nan,False,6.016776296746684e-06,0.01
gpomdp_reward_only,712,462,1180578,0.0,False,60.886314392089844,1.3605883121490479,0.0,60.886314392089844,1336.5006103515625,0.0,0.0,0.0,0.360887348651886,True,nan,False,7.094875854818383e-06,0.01
gpomdp_reward_only,712,463,1181309,0.0,False,107.49047088623047,1.4125040769577026,0.0,107.49047088623047,1358.560546875,0.0,0.0,0.0,0.38286033272743225,True,nan,False,9.962635886040516e-06,0.01
gpomdp_reward_only,712,464,1182042,0.0,False,65.77910614013672,1.3555439710617065,0.0,65.77910614013672,1297.9884033203125,0.0,0.0,0.0,-0.15899431705474854,True,nan,False,1.21392449727864e-05,0.01
gpomdp_reward_only,712,465,1182822,0.0,False,134.14291381835938,1.4433214664459229,0.0,134.14291381835938,2047.431884765625,0.0,0.0,0.0,-0.09153859317302704,True,nan,False,3.834663857560372e-06,0.01
gpomdp_reward_only,712,466,1183716,0.0,False,140.91331481933594,1.3676203489303589,0.0,140.91331481933594,1520.7352294921875,0.0,0.0,0.0,-0.5612434148788452,True,nan,False,1.1963555152760819e-05,0.01
gpomdp_reward_only,712,467,1184498,0.0,False,264.8105163574219,1.4485543966293335,0.0,264.8105163574219,1654.3839111328125,0.0,0.0,0.0,-0.06322629004716873,True,nan,False,2.299463994859252e-05,0.01
gpomdp_reward_only,712,468,1185449,0.0,False,98.50212860107422,1.3426121473312378,0.0,98.50212860107422,1133.5709228515625,0.0,0.0,0.0,-0.5206288695335388,True,nan,False,3.190305142197758e-05,0.01
gpomdp_reward_only,712,469,1186122,0.0,False,78.8231430053711,1.365602970123291,0.0,78.8231430053711,1133.84326171875,0.0,0.0,0.0,0.2721739411354065,True,nan,False,2.455840694892686e-05,0.01
gpomdp_reward_only,712,470,1186841,0.0,False,164.9101104736328,1.394101858139038,0.0,164.9101104736328,1469.5250244140625,0.0,0.0,0.0,-0.43884363770484924,True,nan,False,3.585413651308045e-05,0.01
gpomdp_reward_only,712,471,1187625,0.0,False,121.65058898925781,1.4151718616485596,0.0,121.65058898925781,1546.8251953125,0.0,0.0,0.0,-0.17763802409172058,True,nan,False,3.3133281249320135e-05,0.01
gpomdp_reward_only,712,472,1188413,0.0,False,80.34858703613281,1.3700836896896362,0.0,80.34858703613281,1089.618896484375,0.0,0.0,0.0,0.16965314745903015,True,nan,False,3.5185898013878614e-05,0.01
gpomdp_reward_only,712,473,1189064,0.0,False,85.96841430664062,1.4095923900604248,0.0,85.96841430664062,1503.05126953125,0.0,0.0,0.0,-0.030097883194684982,True,nan,False,2.5412124159629457e-05,0.01
gpomdp_reward_only,712,474,1189823,0.0,False,152.27056884765625,1.5021847486495972,0.0,152.27056884765625,2288.9677734375,0.0,0.0,0.0,-0.33910366892814636,True,nan,False,1.5505469491472468e-05,0.01
gpomdp_reward_only,712,475,1190819,0.0,False,118.53337860107422,1.4594792127609253,0.0,118.53337860107422,1704.7987060546875,0.0,0.0,0.0,0.7740938663482666,True,nan,False,1.0671021300368011e-05,0.01
gpomdp_reward_only,712,476,1191713,0.0,False,163.8223419189453,1.3848646879196167,0.0,163.8223419189453,1657.8792724609375,0.0,0.0,0.0,-0.038460999727249146,True,nan,False,1.818964483391028e-05,0.01
gpomdp_reward_only,712,477,1192485,0.0,False,109.17101287841797,1.3886151313781738,0.0,109.17101287841797,1017.016845703125,0.0,0.0,0.0,0.23641811311244965,True,nan,False,2.191104431403801e-05,0.01
gpomdp_reward_only,712,478,1193215,0.0,False,47.60667419433594,1.379592776298523,0.0,47.60667419433594,1033.2662353515625,0.0,0.0,0.0,0.13828517496585846,True,nan,False,1.664730916672852e-05,0.01
gpomdp_reward_only,712,479,1194023,0.0,False,131.3993377685547,1.4158364534378052,0.0,131.3993377685547,1420.5966796875,0.0,0.0,0.0,-0.2742510437965393,True,nan,False,2.4535094780731015e-05,0.01
gpomdp_reward_only,712,480,1194814,0.0,False,86.18182373046875,1.3785581588745117,0.0,86.18182373046875,1013.5602416992188,0.0,0.0,0.0,-0.07603059709072113,True,nan,False,1.8956210624310188e-05,0.01
gpomdp_reward_only,712,481,1195490,0.0,False,74.0985107421875,1.3931357860565186,0.0,74.0985107421875,1187.111328125,0.0,0.0,0.0,0.4538158178329468,True,nan,False,1.0706998182286043e-05,0.01
gpomdp_reward_only,712,482,1196160,0.0,False,56.086029052734375,1.3604635000228882,0.0,56.086029052734375,1169.4388427734375,0.0,0.0,0.0,-0.17240986227989197,True,nan,False,8.123894986056257e-06,0.01
gpomdp_reward_only,712,483,1196861,0.0,False,61.414913177490234,1.3905365467071533,0.0,61.414913177490234,1088.910888671875,0.0,0.0,0.0,-0.5446922779083252,True,nan,False,6.158848464110633e-06,0.01
gpomdp_reward_only,712,484,1197535,0.0,False,108.38043212890625,1.3922717571258545,0.0,108.38043212890625,1001.8540649414062,0.0,0.0,0.0,0.11011897772550583,True,nan,False,4.545716819848167e-06,0.01
gpomdp_reward_only,712,485,1198227,0.0,False,83.03823852539062,1.3498116731643677,0.0,83.03823852539062,892.8746337890625,0.0,0.0,0.0,-0.8689522743225098,True,nan,False,4.594625806930708e-06,0.01
gpomdp_reward_only,712,486,1198947,0.0,False,98.21964263916016,1.3795546293258667,0.0,98.21964263916016,1353.2506103515625,0.0,0.0,0.0,-0.02369430847465992,True,nan,False,6.964813564991346e-06,0.01
gpomdp_reward_only,712,487,1199694,0.0,False,72.52909088134766,1.3937602043151855,0.0,72.52909088134766,1156.3861083984375,0.0,0.0,0.0,-0.34454813599586487,True,nan,False,6.53219603918842e-06,0.01
gpomdp_reward_only,712,488,1200370,0.0,False,44.763954162597656,1.4169749021530151,0.0,44.763954162597656,1083.3560791015625,0.0,0.0,0.0,-0.3818478584289551,True,nan,False,5.321072876540711e-06,0.01
gpomdp_reward_only,712,489,1201108,0.0,False,110.82381439208984,1.414088249206543,0.0,110.82381439208984,1189.0965576171875,0.0,0.0,0.0,0.29411041736602783,True,nan,False,3.6822900710831163e-06,0.01
gpomdp_reward_only,712,490,1201862,0.0,False,71.89322662353516,1.3815892934799194,0.0,71.89322662353516,1025.9058837890625,0.0,0.0,0.0,-0.47206419706344604,True,nan,False,4.689239176514093e-06,0.01
gpomdp_reward_only,712,491,1202526,0.0,False,106.02620697021484,1.3796464204788208,0.0,106.02620697021484,1164.4776611328125,0.0,0.0,0.0,0.6832293272018433,True,nan,False,3.115492745564552e-06,0.01
gpomdp_reward_only,712,492,1203252,0.0,False,76.67700958251953,1.404362440109253,0.0,76.67700958251953,1271.4984130859375,0.0,0.0,0.0,-0.032140400260686874,True,nan,False,3.133545988021069e-06,0.01
gpomdp_reward_only,712,493,1203951,0.0,False,97.28562927246094,1.3708078861236572,0.0,97.28562927246094,1301.1695556640625,0.0,0.0,0.0,-0.44705525040626526,True,nan,False,5.95023402638617e-06,0.01
gpomdp_reward_only,712,494,1204737,0.0,False,141.97244262695312,1.3844045400619507,0.0,141.97244262695312,1587.34375,0.0,0.0,0.0,-0.542526125907898,True,nan,False,1.2423873158695642e-05,0.01
gpomdp_reward_only,712,495,1205483,0.0,False,115.55586242675781,1.3779704570770264,0.0,115.55586242675781,907.5506591796875,0.0,0.0,0.0,-0.5684319734573364,True,nan,False,1.9961289581260644e-05,0.01
gpomdp_reward_only,712,496,1206162,0.0,False,87.074462890625,1.3986676931381226,0.0,87.074462890625,1422.373046875,0.0,0.0,0.0,0.40762826800346375,True,nan,False,1.0227531674900092e-05,0.01
gpomdp_reward_only,712,497,1206900,0.0,False,105.9786148071289,1.388479471206665,0.0,105.9786148071289,1109.189453125,0.0,0.0,0.0,-0.3282470405101776,True,nan,False,1.3148563994036522e-05,0.01
gpomdp_reward_only,712,498,1207638,0.0,False,96.56623840332031,1.402660846710205,0.0,96.56623840332031,1599.57421875,0.0,0.0,0.0,-0.16943714022636414,True,nan,False,7.10820677340962e-06,0.01
gpomdp_reward_only,712,499,1208390,0.0,False,97.65946197509766,1.39106285572052,0.0,97.65946197509766,887.9913940429688,0.0,0.0,0.0,0.508080244064331,True,nan,False,3.308699206172605e-06,0.01
gpomdp_reward_only,712,500,1209063,0.0,False,86.9376449584961,1.3856573104858398,0.0,86.9376449584961,889.074462890625,0.0,0.0,0.0,-0.2001957893371582,True,nan,False,4.165840437053703e-06,0.01
gpomdp_reward_only,712,501,1209716,0.0,False,134.71714782714844,1.4136954545974731,0.0,134.71714782714844,1146.5013427734375,0.0,0.0,0.0,0.1668347418308258,True,nan,False,7.616916718689026e-06,0.01
gpomdp_reward_only,712,502,1210402,0.0,False,64.57876586914062,1.4602940082550049,0.0,64.57876586914062,1600.783447265625,0.0,0.0,0.0,-0.30181166529655457,True,nan,False,5.3335202210291754e-06,0.01
gpomdp_reward_only,712,503,1211279,0.0,False,95.94384765625,1.4187787771224976,0.0,95.94384765625,1575.2763671875,0.0,0.0,0.0,-0.1155635416507721,True,nan,False,3.0280086775746895e-06,0.01
gpomdp_reward_only,712,504,1212006,0.0,False,92.53191375732422,1.4000391960144043,0.0,92.53191375732422,1155.1053466796875,0.0,0.0,0.0,-0.7941839098930359,True,nan,False,3.058403081013239e-06,0.01
gpomdp_reward_only,712,505,1212736,0.0,False,87.28137969970703,1.4414914846420288,0.0,87.28137969970703,1192.382568359375,0.0,0.0,0.0,-0.07110592722892761,True,nan,False,6.04137221671408e-06,0.01
gpomdp_reward_only,712,506,1213521,0.0,False,122.79942321777344,1.4958652257919312,0.0,122.79942321777344,1703.123779296875,0.0,0.0,0.0,0.4608672559261322,True,nan,False,1.2915874094687751e-06,0.01
gpomdp_reward_only,712,507,1214401,0.0,False,116.10394287109375,1.4069093465805054,0.0,116.10394287109375,1218.1978759765625,0.0,0.0,0.0,0.26368898153305054,True,nan,False,3.3962899124162504e-06,0.01
gpomdp_reward_only,712,508,1215121,0.0,False,123.01396179199219,1.4200468063354492,0.0,123.01396179199219,1196.3499755859375,0.0,0.0,0.0,-0.38511717319488525,True,nan,False,2.4212224616348976e-06,0.01
gpomdp_reward_only,712,509,1215837,0.0,False,75.30663299560547,1.4370312690734863,0.0,75.30663299560547,1217.7427978515625,0.0,0.0,0.0,-0.46922072768211365,True,nan,False,2.351356897634105e-06,0.01
gpomdp_reward_only,712,510,1216567,0.0,False,122.86715698242188,1.5123215913772583,0.0,122.86715698242188,2239.756103515625,0.0,0.0,0.0,0.1483544409275055,True,nan,False,1.8890689261752414e-06,0.01
gpomdp_reward_only,712,511,1217699,0.0,False,99.17154693603516,1.410666584968567,0.0,99.17154693603516,1091.1832275390625,0.0,0.0,0.0,-0.1743389219045639,True,nan,False,6.510713319585193e-06,0.01
gpomdp_reward_only,712,512,1218383,0.0,False,88.56471252441406,1.4169888496398926,0.0,88.56471252441406,1500.0870361328125,0.0,0.0,0.0,0.3971361219882965,True,nan,False,7.741563422314357e-06,0.01
gpomdp_reward_only,712,513,1219117,0.0,False,236.53683471679688,1.4098200798034668,0.0,236.53683471679688,1142.53271484375,0.0,0.0,0.0,-0.0725325495004654,True,nan,False,2.1986897991155274e-06,0.01
gpomdp_reward_only,712,514,1219816,0.0,False,168.30084228515625,1.6236006021499634,0.0,168.30084228515625,3414.389404296875,0.0,0.0,0.0,-0.2832086980342865,True,nan,False,2.299736252098228e-06,0.01
gpomdp_reward_only,712,515,1221111,0.0,False,171.18606567382812,1.4154517650604248,0.0,171.18606567382812,1497.033935546875,0.0,0.0,0.0,-0.19940657913684845,True,nan,False,4.5467354539141525e-06,0.01
gpomdp_reward_only,712,516,1221926,0.0,False,110.59849548339844,1.4888367652893066,0.0,110.59849548339844,1361.8162841796875,0.0,0.0,0.0,-0.0379425585269928,True,nan,False,3.02240459859604e-06,0.01
gpomdp_reward_only,712,517,1222812,0.0,False,79.10322570800781,1.4351999759674072,0.0,79.10322570800781,1112.522705078125,0.0,0.0,0.0,-0.35884931683540344,True,nan,False,2.6088587219419423e-06,0.01
gpomdp_reward_only,712,518,1223519,0.0,False,97.5405044555664,1.39910089969635,0.0,97.5405044555664,997.7385864257812,0.0,0.0,0.0,0.5834943652153015,True,nan,False,2.1717769413953647e-06,0.01
gpomdp_reward_only,712,519,1224196,0.0,False,106.06163787841797,1.422519326210022,0.0,106.06163787841797,1166.3104248046875,0.0,0.0,0.0,-0.01648249663412571,True,nan,False,2.282278728671372e-06,0.01
gpomdp_reward_only,712,520,1224909,0.0,False,55.67795944213867,1.3926730155944824,0.0,55.67795944213867,1124.9888916015625,0.0,0.0,0.0,-0.1345425844192505,True,nan,False,1.0520965361138224e-06,0.01
gpomdp_reward_only,712,521,1225610,0.0,False,122.40562438964844,1.4152976274490356,0.0,122.40562438964844,1011.1944580078125,0.0,0.0,0.0,0.02155321091413498,True,nan,False,4.0717527554079425e-06,0.01
gpomdp_reward_only,712,522,1226307,0.0,False,99.696044921875,1.4336066246032715,0.0,99.696044921875,989.829345703125,0.0,0.0,0.0,0.14634433388710022,True,nan,False,9.163241884380113e-06,0.01
gpomdp_reward_only,712,523,1226965,0.0,False,83.2518539428711,1.5197486877441406,0.0,83.2518539428711,1664.4208984375,0.0,0.0,0.0,0.19067934155464172,True,nan,False,4.790862931258744e-06,0.01
gpomdp_reward_only,712,524,1227851,0.0,False,69.70405578613281,1.420566439628601,0.0,69.70405578613281,912.045654296875,0.0,0.0,0.0,-0.22678886353969574,True,nan,False,6.210553237906424e-06,0.01
gpomdp_reward_only,712,525,1228530,0.0,False,130.10086059570312,1.477649211883545,0.0,130.10086059570312,1649.2354736328125,0.0,0.0,0.0,-0.15202969312667847,True,nan,False,9.512762517260853e-06,0.01
gpomdp_reward_only,712,526,1229375,0.0,False,84.29004669189453,1.4220833778381348,0.0,84.29004669189453,1241.0389404296875,0.0,0.0,0.0,-0.21750202775001526,True,nan,False,9.758369742485229e-06,0.01
gpomdp_reward_only,712,527,1230146,0.0,False,59.70883560180664,1.4644030332565308,0.0,59.70883560180664,966.0098876953125,0.0,0.0,0.0,-0.7815071940422058,True,nan,False,5.905204488954041e-06,0.01
gpomdp_reward_only,712,528,1230939,0.0,False,98.64007568359375,1.4387860298156738,0.0,98.64007568359375,952.4419555664062,0.0,0.0,0.0,0.28874292969703674,True,nan,False,8.936413905757945e-06,0.01
gpomdp_reward_only,712,529,1231696,0.0,False,112.09423065185547,1.4592314958572388,0.0,112.09423065185547,1209.8037109375,0.0,0.0,0.0,-0.23054012656211853,True,nan,False,1.1343512596795335e-05,0.01
gpomdp_reward_only,712,530,1232519,0.0,False,113.46356201171875,1.4432134628295898,0.0,113.46356201171875,1416.2132568359375,0.0,0.0,0.0,0.06559168547391891,True,nan,False,2.7211585802433547e-06,0.01
gpomdp_reward_only,712,531,1233213,0.0,False,98.19998931884766,1.4830999374389648,0.0,98.19998931884766,1945.6207275390625,0.0,0.0,0.0,-0.11807705461978912,True,nan,False,4.656722012441605e-06,0.01
gpomdp_reward_only,712,532,1234068,0.0,False,120.35212707519531,1.4504369497299194,0.0,120.35212707519531,1066.6236572265625,0.0,0.0,0.0,0.6880850195884705,True,nan,False,4.207295205560513e-06,0.01
gpomdp_reward_only,712,533,1234795,0.0,False,100.65731048583984,1.3614124059677124,0.0,100.65731048583984,1041.1512451171875,0.0,0.0,0.0,-0.6592631340026855,True,nan,False,9.905032129609026e-06,0.01
gpomdp_reward_only,712,534,1235491,0.0,False,134.9852294921875,1.4872089624404907,0.0,134.9852294921875,1656.0521240234375,0.0,0.0,0.0,-0.26255881786346436,True,nan,False,2.3608624815096846e-06,0.01
gpomdp_reward_only,712,535,1236430,0.0,False,94.37830352783203,1.4351378679275513,0.0,94.37830352783203,1281.72998046875,0.0,0.0,0.0,0.27072152495384216,True,nan,False,2.083542767650215e-06,0.01
gpomdp_reward_only,712,536,1237074,0.0,False,89.66110229492188,1.4193506240844727,0.0,89.66110229492188,893.234130859375,0.0,0.0,0.0,-0.5767731070518494,True,nan,False,1.3761647323917714e-06,0.01
gpomdp_reward_only,712,537,1237744,0.0,False,60.44982147216797,1.4495909214019775,0.0,60.44982147216797,1180.188232421875,0.0,0.0,0.0,-0.11089492589235306,True,nan,False,2.2165220343595138e-06,0.01
gpomdp_reward_only,712,538,1238416,0.0,False,72.13601684570312,1.4641010761260986,0.0,72.13601684570312,1119.177490234375,0.0,0.0,0.0,0.467870831489563,True,nan,False,2.694529939617496e-06,0.01
gpomdp_reward_only,712,539,1239150,0.0,False,95.17225646972656,1.4486830234527588,0.0,95.17225646972656,1422.99560546875,0.0,0.0,0.0,0.1327023208141327,True,nan,False,1.4611761116611888e-06,0.01
gpomdp_reward_only,712,540,1239897,0.0,False,124.81693267822266,1.4595592021942139,0.0,124.81693267822266,1554.439453125,0.0,0.0,0.0,-0.06209748238325119,True,nan,False,1.9939925550715998e-06,0.01
gpomdp_reward_only,712,541,1240665,0.0,False,68.26829528808594,1.4293676614761353,0.0,68.26829528808594,773.1622314453125,0.0,0.0,0.0,0.23798155784606934,True,nan,False,1.4728706219102605e-06,0.01
gpomdp_reward_only,712,542,1241347,0.0,False,68.28807830810547,1.4743798971176147,0.0,68.28807830810547,1494.5029296875,0.0,0.0,0.0,-0.27955740690231323,True,nan,False,1.0809854984472622e-06,0.01
gpomdp_reward_only,712,543,1242125,0.0,False,141.97052001953125,1.4195613861083984,0.0,141.97052001953125,1369.553955078125,0.0,0.0,0.0,-0.07394659519195557,True,nan,False,5.345480985852191e-06,0.01
gpomdp_reward_only,712,544,1242821,0.0,False,62.54071044921875,1.4393450021743774,0.0,62.54071044921875,1294.562744140625,0.0,0.0,0.0,0.40547868609428406,True,nan,False,3.084021273025428e-06,0.01
gpomdp_reward_only,712,545,1243537,0.0,False,95.71436309814453,1.4305462837219238,0.0,95.71436309814453,1250.011474609375,0.0,0.0,0.0,-0.4015195369720459,True,nan,False,8.346971185346774e-07,0.01
gpomdp_reward_only,712,546,1244231,0.0,False,122.19951629638672,1.426680326461792,0.0,122.19951629638672,1165.370361328125,0.0,0.0,0.0,-0.03402792289853096,True,nan,False,1.7641489193920279e-06,0.01
gpomdp_reward_only,712,547,1244916,0.0,False,123.42401885986328,1.479989767074585,0.0,123.42401885986328,1892.478515625,0.0,0.0,0.0,-0.38072457909584045,True,nan,False,3.435239023019676e-06,0.01
gpomdp_reward_only,712,548,1245769,0.0,False,112.46675872802734,1.4472987651824951,0.0,112.46675872802734,1528.5609130859375,0.0,0.0,0.0,-0.5817655920982361,True,nan,False,2.2089450339990435e-06,0.01
gpomdp_reward_only,712,549,1246601,0.0,False,53.84268569946289,1.453359603881836,0.0,53.84268569946289,924.3703002929688,0.0,0.0,0.0,0.1823248714208603,True,nan,False,2.529284529373399e-06,0.01
gpomdp_reward_only,712,550,1247320,0.0,False,115.9776611328125,1.438313603401184,0.0,115.9776611328125,1262.2462158203125,0.0,0.0,0.0,0.08289647847414017,True,nan,False,6.448333806474693e-06,0.01
gpomdp_reward_only,712,551,1248059,0.0,False,86.74830627441406,1.4563555717468262,0.0,86.74830627441406,1129.450927734375,0.0,0.0,0.0,-0.18517473340034485,True,nan,False,2.568347099440871e-06,0.01
gpomdp_reward_only,712,552,1248795,0.0,False,72.8696517944336,1.5298100709915161,0.0,72.8696517944336,1564.6654052734375,0.0,0.0,0.0,-0.03554176539182663,True,nan,False,8.278842074105341e-07,0.01
gpomdp_reward_only,712,553,1249661,0.0,False,81.5787582397461,1.4319809675216675,0.0,81.5787582397461,1482.7147216796875,0.0,0.0,0.0,0.4370022118091583,True,nan,False,9.302595458393625e-07,0.01
gpomdp_reward_only,712,554,1250358,0.0,False,66.0739517211914,1.474546194076538,0.0,66.0739517211914,1088.6046142578125,0.0,0.0,0.0,-0.33868125081062317,True,nan,False,2.0166280592093244e-06,0.01
gpomdp_reward_only,712,555,1251069,0.0,False,92.6868896484375,1.4117096662521362,0.0,92.6868896484375,1185.5321044921875,0.0,0.0,0.0,0.0034089339897036552,True,nan,False,5.816765451527317e-07,0.01
gpomdp_reward_only,712,556,1251755,0.0,False,90.5218505859375,1.4616340398788452,0.0,90.5218505859375,1246.3238525390625,0.0,0.0,0.0,0.2662794888019562,True,nan,False,1.937464730872307e-06,0.01
gpomdp_reward_only,712,557,1252441,0.0,False,108.42543029785156,1.441786527633667,0.0,108.42543029785156,1053.3382568359375,0.0,0.0,0.0,-0.1707695573568344,True,nan,False,3.693020516948309e-06,0.01
gpomdp_reward_only,712,558,1253107,0.0,False,120.76792907714844,1.476638913154602,0.0,120.76792907714844,1537.8299560546875,0.0,0.0,0.0,-0.5037357807159424,True,nan,False,5.529224836209323e-06,0.01
gpomdp_reward_only,712,559,1253952,0.0,False,90.35670471191406,1.482345461845398,0.0,90.35670471191406,1367.7554931640625,0.0,0.0,0.0,-0.17193765938282013,True,nan,False,5.010339918953832e-06,0.01
gpomdp_reward_only,712,560,1254657,0.0,False,67.52717590332031,1.4556477069854736,0.0,67.52717590332031,1442.67333984375,0.0,0.0,0.0,-0.012805820442736149,True,nan,False,6.888040843477938e-06,0.01
gpomdp_reward_only,712,561,1255377,0.0,False,80.29122924804688,1.4216557741165161,0.0,80.29122924804688,1021.7896118164062,0.0,0.0,0.0,-0.33627554774284363,True,nan,False,5.681668881152291e-06,0.01
gpomdp_reward_only,712,562,1256067,0.0,False,77.0230941772461,1.4345492124557495,0.0,77.0230941772461,1175.915283203125,0.0,0.0,0.0,-0.7209567427635193,True,nan,False,5.017104740545619e-06,0.01
gpomdp_reward_only,712,563,1256753,0.0,False,180.26608276367188,1.5489665269851685,0.0,180.26608276367188,1931.5745849609375,0.0,0.0,0.0,-0.17285503447055817,True,nan,False,4.0475442801835015e-06,0.01
gpomdp_reward_only,712,564,1257737,0.0,False,126.15726470947266,1.4530303478240967,0.0,126.15726470947266,1029.037353515625,0.0,0.0,0.0,-0.1287411004304886,True,nan,False,5.611684173345566e-06,0.01
gpomdp_reward_only,712,565,1258412,0.0,False,104.60895538330078,1.42280113697052,0.0,104.60895538330078,1003.7346801757812,0.0,0.0,0.0,0.13747234642505646,True,nan,False,3.5689911328518065e-06,0.01
gpomdp_reward_only,712,566,1259110,0.0,False,44.9614143371582,1.4493660926818848,0.0,44.9614143371582,686.818115234375,0.0,0.0,0.0,0.3313739001750946,True,nan,False,2.195390607084846e-06,0.01
gpomdp_reward_only,712,567,1259684,0.0,False,62.42327880859375,1.4415969848632812,0.0,62.42327880859375,1104.3411865234375,0.0,0.0,0.0,-0.1746213734149933,True,nan,False,2.388139364484232e-06,0.01
gpomdp_reward_only,712,568,1260384,0.0,False,126.59989166259766,1.459919810295105,0.0,126.59989166259766,1123.02392578125,0.0,0.0,0.0,0.6912428140640259,True,nan,False,4.768028247781331e-06,0.01
gpomdp_reward_only,712,569,1261055,0.0,False,49.94789505004883,1.4396121501922607,0.0,49.94789505004883,1020.2374877929688,0.0,0.0,0.0,-0.2581453323364258,True,nan,False,2.874299752875231e-06,0.01
gpomdp_reward_only,712,570,1261729,0.0,False,95.39637756347656,1.426181435585022,0.0,95.39637756347656,863.8652954101562,0.0,0.0,0.0,0.3014172911643982,True,nan,False,3.3500014069431927e-06,0.01
gpomdp_reward_only,712,571,1262424,0.0,False,63.92831802368164,1.4545212984085083,0.0,63.92831802368164,1330.505615234375,0.0,0.0,0.0,-0.038404468446969986,True,nan,False,2.4414271138084587e-06,0.01
gpomdp_reward_only,712,572,1263144,0.0,False,111.11358642578125,1.4103755950927734,0.0,111.11358642578125,1331.2161865234375,0.0,0.0,0.0,-0.35150328278541565,True,nan,False,5.90153103985358e-06,0.01
gpomdp_reward_only,712,573,1263842,0.0,False,190.3966522216797,1.4601390361785889,0.0,190.3966522216797,1602.0084228515625,0.0,0.0,0.0,-0.12502923607826233,True,nan,False,1.8306738638784736e-05,0.01
gpomdp_reward_only,712,574,1264650,0.0,False,56.41880798339844,1.4352965354919434,0.0,56.41880798339844,893.8795166015625,0.0,0.0,0.0,-0.268612265586853,True,nan,False,1.4334259503812063e-05,0.01
gpomdp_reward_only,712,575,1265286,0.0,False,117.01665496826172,1.4741976261138916,0.0,117.01665496826172,1167.892333984375,0.0,0.0,0.0,0.013192801736295223,True,nan,False,9.472661076870281e-06,0.01
gpomdp_reward_only,712,576,1265955,0.0,False,105.68284606933594,1.4898827075958252,0.0,105.68284606933594,1237.7261962890625,0.0,0.0,0.0,-0.16151194274425507,True,nan,False,7.3186520239687525e-06,0.01
gpomdp_reward_only,712,577,1266676,0.0,False,150.84947204589844,1.4955668449401855,0.0,150.84947204589844,1396.5355224609375,0.0,0.0,0.0,-0.08484360575675964,True,nan,False,5.240975042397622e-06,0.01
gpomdp_reward_only,712,578,1267518,0.0,False,73.9205093383789,1.4653925895690918,0.0,73.9205093383789,998.4330444335938,0.0,0.0,0.0,-0.1910829395055771,True,nan,False,3.49459651260986e-06,0.01
gpomdp_reward_only,712,579,1268160,0.0,False,97.77226257324219,1.4705619812011719,0.0,97.77226257324219,955.5672607421875,0.0,0.0,0.0,0.01969233527779579,True,nan,False,2.1691973870474612e-06,0.01
gpomdp_reward_only,712,580,1268844,0.0,False,84.3399429321289,1.458412766456604,0.0,84.3399429321289,1141.19384765625,0.0,0.0,0.0,-0.19249208271503448,True,nan,False,3.984092927566962e-06,0.01
gpomdp_reward_only,712,581,1269528,0.0,False,94.87183380126953,1.480819582939148,0.0,94.87183380126953,1360.2666015625,0.0,0.0,0.0,0.322292298078537,True,nan,False,6.658417532889871e-06,0.01
gpomdp_reward_only,712,582,1270311,0.0,False,65.62049865722656,1.4645640850067139,0.0,65.62049865722656,1027.185546875,0.0,0.0,0.0,-0.17930692434310913,True,nan,False,7.9062037912081e-06,0.01
gpomdp_reward_only,712,583,1270989,0.0,False,105.75544738769531,1.4777244329452515,0.0,105.75544738769531,1348.9327392578125,0.0,0.0,0.0,0.3401463031768799,True,nan,False,4.468632596399402e-06,0.01
gpomdp_reward_only,712,584,1271756,0.0,False,94.20195770263672,1.4790642261505127,0.0,94.20195770263672,939.6438598632812,0.0,0.0,0.0,0.22176681458950043,True,nan,False,8.246450306614861e-06,0.01
gpomdp_reward_only,712,585,1272521,0.0,False,45.233001708984375,1.4859557151794434,0.0,45.233001708984375,956.56982421875,0.0,0.0,0.0,-0.4120980203151703,True,nan,False,6.07828178544878e-06,0.01
gpomdp_reward_only,712,586,1273235,0.0,False,66.87106323242188,1.4990935325622559,0.0,66.87106323242188,1206.0008544921875,0.0,0.0,0.0,-0.39120927453041077,True,nan,False,5.2687337301904336e-06,0.01
gpomdp_reward_only,712,587,1274091,0.0,False,58.40018081665039,1.4730981588363647,0.0,58.40018081665039,1024.0093994140625,0.0,0.0,0.0,-0.03246738389134407,True,nan,False,3.6938733956048964e-06,0.01
gpomdp_reward_only,712,588,1274810,0.0,False,50.29348373413086,1.466834306716919,0.0,50.29348373413086,1022.116943359375,0.0,0.0,0.0,0.4125623106956482,True,nan,False,2.1495602595678065e-06,0.01
gpomdp_reward_only,712,589,1275482,0.0,False,71.59331512451172,1.4864453077316284,0.0,71.59331512451172,1148.740234375,0.0,0.0,0.0,-0.39021071791648865,True,nan,False,4.167582574154949e-06,0.01
gpomdp_reward_only,712,590,1276181,0.0,False,85.20013427734375,1.4863938093185425,0.0,85.20013427734375,1293.249755859375,0.0,0.0,0.0,0.3794982135295868,True,nan,False,5.745816906710388e-06,0.01
gpomdp_reward_only,712,591,1276972,0.0,False,71.89773559570312,1.4541535377502441,0.0,71.89773559570312,894.4093627929688,0.0,0.0,0.0,0.2771657109260559,True,nan,False,4.613626970240148e-06,0.01
gpomdp_reward_only,712,592,1277647,0.0,False,160.53945922851562,1.4533195495605469,0.0,160.53945922851562,1375.7381591796875,0.0,0.0,0.0,-0.23096492886543274,True,nan,False,1.242278699464805e-06,0.01
gpomdp_reward_only,712,593,1278422,0.0,False,123.81844329833984,1.49582040309906,0.0,123.81844329833984,989.8463745117188,0.0,0.0,0.0,-0.0006407392211258411,True,nan,False,4.604210516845342e-06,0.01
gpomdp_reward_only,712,594,1279137,0.0,False,74.63163757324219,1.4388009309768677,0.0,74.63163757324219,833.0277709960938,0.0,0.0,0.0,0.25186482071876526,True,nan,False,5.918578608543612e-06,0.01
gpomdp_reward_only,712,595,1279804,0.0,False,74.51227569580078,1.4781707525253296,0.0,74.51227569580078,1305.376953125,0.0,0.0,0.0,-0.5221809148788452,True,nan,False,4.013107627542922e-06,0.01
gpomdp_reward_only,712,596,1280534,0.0,False,93.18531799316406,1.4836794137954712,0.0,93.18531799316406,966.6522216796875,0.0,0.0,0.0,-0.020707445219159126,True,nan,False,7.018110750323103e-07,0.01
gpomdp_reward_only,712,597,1281241,0.0,False,154.1504364013672,1.454628586769104,0.0,154.1504364013672,1450.5958251953125,0.0,0.0,0.0,-0.37271279096603394,True,nan,False,3.5431610285741044e-06,0.01
gpomdp_reward_only,712,598,1282015,0.0,False,73.06066131591797,1.4565069675445557,0.0,73.06066131591797,1287.9185791015625,0.0,0.0,0.0,-0.1688220351934433,True,nan,False,4.092366452823626e-06,0.01
gpomdp_reward_only,712,599,1282739,0.0,False,100.59089660644531,1.4939976930618286,0.0,100.59089660644531,1211.515380859375,0.0,0.0,0.0,-0.30405279994010925,True,nan,False,4.360009825177258e-06,0.01
gpomdp_reward_only,712,600,1283527,0.0,False,87.18293762207031,1.4842095375061035,0.0,87.18293762207031,1513.2042236328125,0.0,0.0,0.0,-0.2774127423763275,True,nan,False,4.443572379386751e-06,0.01
gpomdp_reward_only,712,601,1284273,0.0,False,80.12438201904297,1.5003588199615479,0.0,80.12438201904297,1284.5146484375,0.0,0.0,0.0,0.11662724614143372,True,nan,False,2.3815825898054754e-06,0.01
gpomdp_reward_only,712,602,1285099,0.0,False,79.96349334716797,1.4930126667022705,0.0,79.96349334716797,840.3403930664062,0.0,0.0,0.0,0.5090583562850952,True,nan,False,2.3288341708394e-06,0.01
gpomdp_reward_only,712,603,1285790,0.0,False,94.94456481933594,1.4540436267852783,0.0,94.94456481933594,998.2617797851562,0.0,0.0,0.0,-0.5776087641716003,True,nan,False,5.137753305461956e-06,0.01
gpomdp_reward_only,712,604,1286486,0.0,False,112.99124908447266,1.4703028202056885,0.0,112.99124908447266,1358.2322998046875,0.0,0.0,0.0,-0.5342151522636414,True,nan,False,1.044816781359259e-05,0.01
gpomdp_reward_only,712,605,1287221,0.0,False,96.13080596923828,1.437606692314148,0.0,96.13080596923828,910.5551147460938,0.0,0.0,0.0,0.024311184883117676,True,nan,False,7.2234734034282155e-06,0.01
gpomdp_reward_only,712,606,1287860,0.0,False,76.59940338134766,1.4889572858810425,0.0,76.59940338134766,1093.0228271484375,0.0,0.0,0.0,0.4925219416618347,True,nan,False,6.244656105991453e-06,0.01
gpomdp_reward_only,712,607,1288554,0.0,False,120.32221221923828,1.4729441404342651,0.0,120.32221221923828,1640.058349609375,0.0,0.0,0.0,-0.2201167494058609,True,nan,False,1.6192685507121496e-05,0.01
gpomdp_reward_only,712,608,1289297,0.0,False,91.00978088378906,1.496224284172058,0.0,91.00978088378906,1385.8297119140625,0.0,0.0,0.0,-0.28914567828178406,True,nan,False,1.2329766832408495e-05,0.01
gpomdp_reward_only,712,609,1290042,0.0,False,155.84072875976562,1.4541676044464111,0.0,155.84072875976562,1282.763671875,0.0,0.0,0.0,0.30745768547058105,True,nan,False,8.182963938452303e-06,0.01
gpomdp_reward_only,712,610,1290775,0.0,False,123.30449676513672,1.5027313232421875,0.0,123.30449676513672,1812.7159423828125,0.0,0.0,0.0,-0.3070682883262634,True,nan,False,1.1325874766043853e-05,0.01
gpomdp_reward_only,712,611,1291645,0.0,False,148.5513153076172,1.5373094081878662,0.0,148.5513153076172,1773.1412353515625,0.0,0.0,0.0,-0.3075183629989624,True,nan,False,4.984585757483728e-06,0.01
gpomdp_reward_only,712,612,1292566,0.0,False,119.76543426513672,1.470828652381897,0.0,119.76543426513672,1430.668212890625,0.0,0.0,0.0,0.0934855118393898,True,nan,False,7.675530468986835e-06,0.01
gpomdp_reward_only,712,613,1293324,0.0,False,105.85838317871094,1.4489165544509888,0.0,105.85838317871094,1002.22216796875,0.0,0.0,0.0,-0.300834983587265,True,nan,False,9.57616612140555e-06,0.01
gpomdp_reward_only,712,614,1293960,0.0,False,256.3708801269531,1.6266766786575317,0.0,256.3708801269531,2834.50341796875,0.0,0.0,0.0,0.19892820715904236,True,nan,False,1.870448795671109e-05,0.01
gpomdp_reward_only,712,615,1295104,0.0,False,131.07559204101562,1.5349169969558716,0.0,131.07559204101562,2157.386962890625,0.0,0.0,0.0,-0.3332543671131134,True,nan,False,3.003721940331161e-05,0.01
gpomdp_reward_only,712,616,1296088,0.0,False,73.5108413696289,1.4998544454574585,0.0,73.5108413696289,984.3013305664062,0.0,0.0,0.0,0.20377632975578308,True,nan,False,1.834007525758352e-05,0.01
gpomdp_reward_only,712,617,1296852,0.0,False,132.55418395996094,1.512929081916809,0.0,132.55418395996094,1721.825439453125,0.0,0.0,0.0,-0.5884037017822266,True,nan,False,2.0691923054982908e-05,0.01
gpomdp_reward_only,712,618,1297646,0.0,False,154.82302856445312,1.538117527961731,0.0,154.82302856445312,1153.511962890625,0.0,0.0,0.0,-0.4613662660121918,True,nan,False,2.2501084458781406e-05,0.01
gpomdp_reward_only,712,619,1298490,0.0,False,72.20865631103516,1.5033633708953857,0.0,72.20865631103516,1445.90771484375,0.0,0.0,0.0,-0.24277818202972412,True,nan,False,1.772651739884168e-05,0.01
gpomdp_reward_only,712,620,1299273,0.0,False,82.02005004882812,1.547953724861145,0.0,82.02005004882812,1197.560546875,0.0,0.0,0.0,0.08913310617208481,True,nan,False,2.2196045392774977e-05,0.01
gpomdp_reward_only,712,621,1300065,0.0,False,160.5225830078125,1.512697458267212,0.0,160.5225830078125,1299.7647705078125,0.0,0.0,0.0,-0.11724008619785309,True,nan,False,7.90536796557717e-06,0.01
gpomdp_reward_only,712,622,1300768,0.0,False,100.57540130615234,1.466282844543457,0.0,100.57540130615234,1172.126708984375,0.0,0.0,0.0,-0.4677363634109497,True,nan,False,9.682652489573229e-06,0.01
gpomdp_reward_only,712,623,1301406,0.0,False,157.38601684570312,1.4978278875350952,0.0,157.38601684570312,1411.622314453125,0.0,0.0,0.0,-0.4056011438369751,True,nan,False,5.397321729105897e-06,0.01
gpomdp_reward_only,712,624,1302136,0.0,False,108.46993255615234,1.4753514528274536,0.0,108.46993255615234,1463.7666015625,0.0,0.0,0.0,0.5497026443481445,True,nan,False,5.8886612350761425e-06,0.01
gpomdp_reward_only,712,625,1302839,0.0,False,124.32857513427734,1.4907174110412598,0.0,124.32857513427734,978.0835571289062,0.0,0.0,0.0,-0.29431819915771484,True,nan,False,3.3258563689742004e-06,0.01
gpomdp_reward_only,712,626,1303499,0.0,False,64.29576873779297,1.4703054428100586,0.0,64.29576873779297,1093.0633544921875,0.0,0.0,0.0,-0.5907271504402161,True,nan,False,3.780804945563432e-06,0.01
gpomdp_reward_only,712,627,1304172,0.0,False,91.08625030517578,1.512313961982727,0.0,91.08625030517578,1238.7718505859375,0.0,0.0,0.0,0.11302026361227036,True,nan,False,3.7499632981052855e-06,0.01
gpomdp_reward_only,712,628,1304791,0.0,False,47.17512893676758,1.4943057298660278,0.0,47.17512893676758,854.3291015625,0.0,0.0,0.0,-0.5270639061927795,True,nan,False,4.443440957402345e-06,0.01
gpomdp_reward_only,712,629,1305417,0.0,False,74.2868881225586,1.499692440032959,0.0,74.2868881225586,1094.6158447265625,0.0,0.0,0.0,0.14940659701824188,True,nan,False,4.632522632164182e-06,0.01
gpomdp_reward_only,712,630,1306098,0.0,False,155.07420349121094,1.534444808959961,0.0,155.07420349121094,1917.403076171875,0.0,0.0,0.0,-0.681201159954071,True,nan,False,4.2822798604902346e-06,0.01
gpomdp_reward_only,712,631,1306922,0.0,False,91.6190185546875,1.5682073831558228,0.0,91.6190185546875,1857.5025634765625,0.0,0.0,0.0,0.28845885396003723,True,nan,False,2.958361392302322e-06,0.01
gpomdp_reward_only,712,632,1307778,0.0,False,63.92652893066406,1.5043690204620361,0.0,63.92652893066406,1107.6151123046875,0.0,0.0,0.0,-0.5989346504211426,True,nan,False,4.565100425679702e-06,0.01
gpomdp_reward_only,712,633,1308487,0.0,False,140.55789184570312,1.4973585605621338,0.0,140.55789184570312,1808.9625244140625,0.0,0.0,0.0,0.2470136284828186,True,nan,False,1.1143521987833083e-05,0.01
gpomdp_reward_only,712,634,1309156,0.0,False,97.36698913574219,1.5266321897506714,0.0,97.36698913574219,1269.5135498046875,0.0,0.0,0.0,-0.24742111563682556,True,nan,False,5.240139671514044e-06,0.01
gpomdp_reward_only,712,635,1309953,0.0,False,56.02344512939453,1.507358193397522,0.0,56.02344512939453,864.6552124023438,0.0,0.0,0.0,0.006894941907376051,True,nan,False,5.657048404827947e-06,0.01
gpomdp_reward_only,712,636,1310635,0.0,False,71.12623596191406,1.5556929111480713,0.0,71.12623596191406,1615.0263671875,0.0,0.0,0.0,0.1066935732960701,True,nan,False,3.1734243748360313e-06,0.01
gpomdp_reward_only,712,637,1311402,0.0,False,66.38330841064453,1.5220844745635986,0.0,66.38330841064453,1030.5880126953125,0.0,0.0,0.0,-0.06203993037343025,True,nan,False,4.289302523829974e-06,0.01
gpomdp_reward_only,712,638,1312121,0.0,False,121.5611801147461,1.4823482036590576,0.0,121.5611801147461,1315.3472900390625,0.0,0.0,0.0,-0.34087347984313965,True,nan,False,1.3404728633759078e-05,0.01
gpomdp_reward_only,712,639,1312855,0.0,False,97.88035583496094,1.5383905172348022,0.0,97.88035583496094,1431.887451171875,0.0,0.0,0.0,-0.20028583705425262,True,nan,False,4.9912896429304965e-06,0.01
gpomdp_reward_only,712,640,1313580,0.0,False,44.26396942138672,1.5348914861679077,0.0,44.26396942138672,1074.7279052734375,0.0,0.0,0.0,-0.20250177383422852,True,nan,False,5.761369266110705e-06,0.01
gpomdp_reward_only,712,641,1314268,0.0,False,122.07369995117188,1.5116016864776611,0.0,122.07369995117188,1061.05908203125,0.0,0.0,0.0,-0.12359532713890076,True,nan,False,2.501022891010507e-06,0.01
gpomdp_reward_only,712,642,1314947,0.0,False,69.67353820800781,1.522430181503296,0.0,69.67353820800781,990.6414794921875,0.0,0.0,0.0,-0.3743171691894531,True,nan,False,3.7122442790860077e-06,0.01
gpomdp_reward_only,712,643,1315699,0.0,False,49.13226318359375,1.5507612228393555,0.0,49.13226318359375,1156.15576171875,0.0,0.0,0.0,-0.5410127639770508,True,nan,False,3.5282278076920193e-06,0.01
gpomdp_reward_only,712,644,1316392,0.0,False,106.19691467285156,1.5317474603652954,0.0,106.19691467285156,835.8181762695312,0.0,0.0,0.0,0.3129875659942627,True,nan,False,1.2006494216620922e-06,0.01
gpomdp_reward_only,712,645,1317062,0.0,False,110.08860778808594,1.5603026151657104,0.0,110.08860778808594,1764.0987548828125,0.0,0.0,0.0,0.18447642028331757,True,nan,False,3.7783020161441527e-06,0.01
gpomdp_reward_only,712,646,1317883,0.0,False,222.41151428222656,1.704540491104126,0.0,222.41151428222656,1984.1697998046875,0.0,0.0,0.0,-0.08309367299079895,True,nan,False,1.1465958777989727e-05,0.01
gpomdp_reward_only,712,647,1318971,0.0,False,117.7069320678711,1.5285820960998535,0.0,117.7069320678711,1179.684326171875,0.0,0.0,0.0,0.06670575588941574,True,nan,False,3.2582658604951575e-05,0.01
gpomdp_reward_only,712,648,1319733,0.0,False,71.69569396972656,1.5284762382507324,0.0,71.69569396972656,1032.8773193359375,0.0,0.0,0.0,-0.4792805314064026,True,nan,False,2.1998857846483588e-05,0.01
gpomdp_reward_only,712,649,1320472,0.0,False,101.47122955322266,1.5781781673431396,0.0,101.47122955322266,1409.451171875,0.0,0.0,0.0,-0.3804214894771576,True,nan,False,9.852357834461145e-06,0.01
gpomdp_reward_only,712,650,1321278,0.0,False,47.766334533691406,1.5192811489105225,0.0,47.766334533691406,1116.989013671875,0.0,0.0,0.0,0.32346487045288086,True,nan,False,7.419416306220228e-06,0.01
gpomdp_reward_only,712,651,1321930,0.0,False,90.78205871582031,1.5584903955459595,0.0,90.78205871582031,1162.7158203125,0.0,0.0,0.0,-0.11820395290851593,True,nan,False,1.1952456588915084e-05,0.01
gpomdp_reward_only,712,652,1322702,0.0,False,97.19866180419922,1.5253915786743164,0.0,97.19866180419922,1023.70947265625,0.0,0.0,0.0,-0.1582116186618805,True,nan,False,1.2791870176442899e-05,0.01
gpomdp_reward_only,712,653,1323390,0.0,False,70.99211883544922,1.5036336183547974,0.0,70.99211883544922,1078.7283935546875,0.0,0.0,0.0,0.11116863787174225,True,nan,False,1.40847087095608e-05,0.01
gpomdp_reward_only,712,654,1324033,0.0,False,83.83302307128906,1.5412763357162476,0.0,83.83302307128906,1510.079345703125,0.0,0.0,0.0,-0.2987644374370575,True,nan,False,6.820500857429579e-06,0.01
gpomdp_reward_only,712,655,1324722,0.0,False,94.57032012939453,1.6046541929244995,0.0,94.57032012939453,1330.8675537109375,0.0,0.0,0.0,0.018887696787714958,True,nan,False,7.726092007942498e-06,0.01
gpomdp_reward_only,712,656,1325620,0.0,False,95.47100830078125,1.5354455709457397,0.0,95.47100830078125,1177.194580078125,0.0,0.0,0.0,-0.42799854278564453,True,nan,False,1.017642171063926e-05,0.01
gpomdp_reward_only,712,657,1326378,0.0,False,104.5934066772461,1.5225547552108765,0.0,104.5934066772461,1029.9688720703125,0.0,0.0,0.0,-0.20260387659072876,True,nan,False,4.344425178715028e-06,0.01
gpomdp_reward_only,712,658,1327098,0.0,False,179.1148223876953,1.519700288772583,0.0,179.1148223876953,1183.4962158203125,0.0,0.0,0.0,-0.24019645154476166,True,nan,False,3.6773403735423926e-06,0.01
gpomdp_reward_only,712,659,1327786,0.0,False,85.20167541503906,1.5116829872131348,0.0,85.20167541503906,1340.1488037109375,0.0,0.0,0.0,0.02943296544253826,True,nan,False,1.613691779311921e-06,0.01
gpomdp_reward_only,712,660,1328447,0.0,False,94.86774444580078,1.5557399988174438,0.0,94.86774444580078,1384.583740234375,0.0,0.0,0.0,-0.4679037034511566,True,nan,False,2.834349515978829e-06,0.01
gpomdp_reward_only,712,661,1329230,0.0,False,122.64134979248047,1.5716910362243652,0.0,122.64134979248047,905.5287475585938,0.0,0.0,0.0,0.2967032492160797,True,nan,False,4.174420155322878e-06,0.01
gpomdp_reward_only,712,662,1329999,0.0,False,171.70526123046875,1.5449172258377075,0.0,171.70526123046875,1168.119140625,0.0,0.0,0.0,-0.13756512105464935,True,nan,False,1.0748291060735937e-05,0.01
gpomdp_reward_only,712,663,1330672,0.0,False,93.31700897216797,1.55733060836792,0.0,93.31700897216797,1048.359375,0.0,0.0,0.0,-0.6305924654006958,True,nan,False,7.472999641322531e-06,0.01
gpomdp_reward_only,712,664,1331421,0.0,False,93.95076751708984,1.507411003112793,0.0,93.95076751708984,955.348876953125,0.0,0.0,0.0,-0.3421246111392975,True,nan,False,1.037209131027339e-05,0.01
gpomdp_reward_only,712,665,1332053,0.0,False,106.9498519897461,1.5368365049362183,0.0,106.9498519897461,1475.8416748046875,0.0,0.0,0.0,-0.16504798829555511,True,nan,False,1.1756780622818042e-05,0.01
gpomdp_reward_only,712,666,1332762,0.0,False,99.32002258300781,1.5384634733200073,0.0,99.32002258300781,1090.06494140625,0.0,0.0,0.0,-0.5149656534194946,True,nan,False,2.0455812773434445e-05,0.01
gpomdp_reward_only,712,667,1333470,0.0,False,31.942699432373047,1.5549721717834473,0.0,31.942699432373047,1224.3343505859375,0.0,0.0,0.0,-0.31663796305656433,True,nan,False,1.5613322830176912e-05,0.01
gpomdp_reward_only,712,668,1334168,0.0,False,228.25723266601562,1.6400303840637207,0.0,228.25723266601562,1704.8018798828125,0.0,0.0,0.0,0.1219722181558609,True,nan,False,2.6316061848774552e-05,0.01
gpomdp_reward_only,712,669,1335040,0.0,False,65.58145141601562,1.5370566844940186,0.0,65.58145141601562,869.932861328125,0.0,0.0,0.0,-0.021312380209565163,True,nan,False,2.6956366127706133e-05,0.01
gpomdp_reward_only,712,670,1335681,0.0,False,87.62662506103516,1.5315098762512207,0.0,87.62662506103516,1221.9354248046875,0.0,0.0,0.0,-0.26270148158073425,True,nan,False,3.7174027966102585e-05,0.01
gpomdp_reward_only,712,671,1336276,0.0,False,59.98414993286133,1.5794422626495361,0.0,59.98414993286133,832.9627685546875,0.0,0.0,0.0,0.2643251419067383,True,nan,False,3.012080560438335e-05,0.01
gpomdp_reward_only,712,672,1336921,0.0,False,129.67909240722656,1.539811134338379,0.0,129.67909240722656,1082.052978515625,0.0,0.0,0.0,-0.05310441926121712,True,nan,False,1.4761511010874528e-05,0.01
gpomdp_reward_only,712,673,1337597,0.0,False,48.77185821533203,1.5948257446289062,0.0,48.77185821533203,1083.4527587890625,0.0,0.0,0.0,0.20552463829517365,True,nan,False,1.0995679076586384e-05,0.01
gpomdp_reward_only,712,674,1338323,0.0,False,178.39988708496094,1.6665196418762207,0.0,178.39988708496094,2209.748779296875,0.0,0.0,0.0,-0.2661133408546448,True,nan,False,1.5652511137886904e-05,0.01
gpomdp_reward_only,712,675,1339359,0.0,False,71.70028686523438,1.5577608346939087,0.0,71.70028686523438,1012.7269287109375,0.0,0.0,0.0,0.42858365178108215,True,nan,False,1.7468364603701048e-05,0.01
gpomdp_reward_only,712,676,1340053,0.0,False,104.35259246826172,1.5606896877288818,0.0,104.35259246826172,1264.567138671875,0.0,0.0,0.0,-0.05570348724722862,True,nan,False,1.136335777118802e-05,0.01
gpomdp_reward_only,712,677,1340721,0.0,False,141.7216339111328,1.7087208032608032,0.0,141.7216339111328,2012.2169189453125,0.0,0.0,0.0,-0.32423436641693115,True,nan,False,5.077434707345674e-06,0.01
gpomdp_reward_only,712,678,1341805,0.0,False,222.35321044921875,1.52670419216156,0.0,222.35321044921875,1463.5247802734375,0.0,0.0,0.0,-0.06875137239694595,True,nan,False,1.295696165470872e-05,0.01
gpomdp_reward_only,712,679,1342534,0.0,False,63.72730255126953,1.614782691001892,0.0,63.72730255126953,1059.972412109375,0.0,0.0,0.0,0.34166502952575684,True,nan,False,9.692370440461673e-06,0.01
gpomdp_reward_only,712,680,1343250,0.0,False,67.83900451660156,1.5839757919311523,0.0,67.83900451660156,1087.05908203125,0.0,0.0,0.0,0.15539561212062836,True,nan,False,7.390582595689921e-06,0.01
gpomdp_reward_only,712,681,1343932,0.0,False,79.27642822265625,1.5894551277160645,0.0,79.27642822265625,891.728271484375,0.0,0.0,0.0,-0.4105903208255768,True,nan,False,5.890389275009511e-06,0.01
gpomdp_reward_only,712,682,1344655,0.0,False,132.20614624023438,1.569315791130066,0.0,132.20614624023438,997.996826171875,0.0,0.0,0.0,0.2873963415622711,True,nan,False,7.109304988262011e-06,0.01
gpomdp_reward_only,712,683,1345354,0.0,False,104.96697235107422,1.5475729703903198,0.0,104.96697235107422,996.8477783203125,0.0,0.0,0.0,-0.6155771613121033,True,nan,False,7.475423444702756e-06,0.01
gpomdp_reward_only,712,684,1346031,0.0,False,78.55097961425781,1.5673471689224243,0.0,78.55097961425781,1114.6285400390625,0.0,0.0,0.0,-0.5247405171394348,True,nan,False,8.881958819983993e-06,0.01
gpomdp_reward_only,712,685,1346776,0.0,False,91.71034240722656,1.5787817239761353,0.0,91.71034240722656,1244.376708984375,0.0,0.0,0.0,-0.3174808621406555,True,nan,False,9.277119715989102e-06,0.01
gpomdp_reward_only,712,686,1347508,0.0,False,94.36629486083984,1.5787484645843506,0.0,94.36629486083984,1364.0628662109375,0.0,0.0,0.0,-0.11970572918653488,True,nan,False,4.314282250561519e-06,0.01
gpomdp_reward_only,712,687,1348255,0.0,False,114.65435791015625,1.570406198501587,0.0,114.65435791015625,1206.0260009765625,0.0,0.0,0.0,-0.04095257818698883,True,nan,False,6.6558636717672925e-06,0.01
gpomdp_reward_only,712,688,1348995,0.0,False,51.36403274536133,1.552832007408142,0.0,51.36403274536133,1157.7291259765625,0.0,0.0,0.0,-0.6505759954452515,True,nan,False,5.970650363451568e-06,0.01
gpomdp_reward_only,712,689,1349685,0.0,False,87.61360168457031,1.5594613552093506,0.0,87.61360168457031,974.5833740234375,0.0,0.0,0.0,-0.4257153868675232,True,nan,False,9.02470219443785e-06,0.01
gpomdp_reward_only,712,690,1350375,0.0,False,186.19351196289062,1.6170923709869385,0.0,186.19351196289062,1223.2996826171875,0.0,0.0,0.0,-0.02422759309411049,True,nan,False,1.2526213140517939e-05,0.01
gpomdp_reward_only,712,691,1351237,0.0,False,110.1305923461914,1.5753858089447021,0.0,110.1305923461914,898.815185546875,0.0,0.0,0.0,0.15303699672222137,True,nan,False,1.649587466090452e-05,0.01
gpomdp_reward_only,712,692,1351945,0.0,False,88.12832641601562,1.5592259168624878,0.0,88.12832641601562,967.9114379882812,0.0,0.0,0.0,0.4193720519542694,True,nan,False,2.5140519937849604e-05,0.01
gpomdp_reward_only,712,693,1352587,0.0,False,120.35595703125,1.608343243598938,0.0,120.35595703125,1626.7969970703125,0.0,0.0,0.0,0.09100774675607681,True,nan,False,9.094778761209454e-06,0.01
gpomdp_reward_only,712,694,1353417,0.0,False,105.54739379882812,1.5761229991912842,0.0,105.54739379882812,918.6231079101562,0.0,0.0,0.0,-0.32635533809661865,True,nan,False,5.71821374251158e-06,0.01
gpomdp_reward_only,712,695,1354102,0.0,False,177.12347412109375,1.5642669200897217,0.0,177.12347412109375,1132.515380859375,0.0,0.0,0.0,-0.04164176061749458,True,nan,False,1.3086315448163077e-05,0.01
gpomdp_reward_only,712,696,1354824,0.0,False,151.08047485351562,1.619325876235962,0.0,151.08047485351562,1481.718017578125,0.0,0.0,0.0,-0.23794656991958618,True,nan,False,2.0563600628520362e-05,0.01
gpomdp_reward_only,712,697,1355622,0.0,False,94.24957275390625,1.5991076231002808,0.0,94.24957275390625,1125.8648681640625,0.0,0.0,0.0,0.2410346269607544,True,nan,False,1.6987849448923953e-05,0.01
gpomdp_reward_only,712,698,1356365,0.0,False,91.66586303710938,1.5963428020477295,0.0,91.66586303710938,1446.4765625,0.0,0.0,0.0,0.344886839389801,True,nan,False,1.1442109098425135e-05,0.01
gpomdp_reward_only,712,699,1357092,0.0,False,88.6337890625,1.6224406957626343,0.0,88.6337890625,1107.6318359375,0.0,0.0,0.0,0.10985563695430756,True,nan,False,1.4386771908903029e-05,0.01
gpomdp_reward_only,712,700,1357783,0.0,False,104.76466369628906,1.5751968622207642,0.0,104.76466369628906,1025.646484375,0.0,0.0,0.0,-0.0721559226512909,True,nan,False,1.8916898625320755e-05,0.01
gpomdp_reward_only,712,701,1358475,0.0,False,62.60687255859375,1.5630911588668823,0.0,62.60687255859375,901.0249633789062,0.0,0.0,0.0,-0.09085096418857574,True,nan,False,1.4138543519948144e-05,0.01
gpomdp_reward_only,712,702,1359142,0.0,False,81.11102294921875,1.5946450233459473,0.0,81.11102294921875,776.6580810546875,0.0,0.0,0.0,-0.43274345993995667,True,nan,False,9.27506152947899e-06,0.01
gpomdp_reward_only,712,703,1359830,0.0,False,137.0411376953125,1.5966891050338745,0.0,137.0411376953125,1226.2269287109375,0.0,0.0,0.0,-0.4505797028541565,True,nan,False,9.285141459258739e-06,0.01
gpomdp_reward_only,712,704,1360556,0.0,False,54.709346771240234,1.6090466976165771,0.0,54.709346771240234,1489.0101318359375,0.0,0.0,0.0,-0.12203861027956009,True,nan,False,1.0092427146446425e-05,0.01
gpomdp_reward_only,712,705,1361347,0.0,False,121.59648132324219,1.681957483291626,0.0,121.59648132324219,1720.2220458984375,0.0,0.0,0.0,-0.7050840258598328,True,nan,False,7.684547199460212e-06,0.01
gpomdp_reward_only,712,706,1362310,0.0,False,160.46954345703125,1.6196682453155518,0.0,160.46954345703125,1428.405029296875,0.0,0.0,0.0,0.30390751361846924,True,nan,False,3.870273758366238e-06,0.01
gpomdp_reward_only,712,707,1363083,0.0,False,104.74070739746094,1.6009646654129028,0.0,104.74070739746094,1347.0950927734375,0.0,0.0,0.0,-0.25574180483818054,True,nan,False,3.775441655307077e-06,0.01
gpomdp_reward_only,712,708,1363841,0.0,False,79.0982894897461,1.5705901384353638,0.0,79.0982894897461,791.1016235351562,0.0,0.0,0.0,0.31263968348503113,True,nan,False,5.630593022942776e-06,0.01
gpomdp_reward_only,712,709,1364497,0.0,False,136.2864532470703,1.611039638519287,0.0,136.2864532470703,1155.94775390625,0.0,0.0,0.0,0.18983598053455353,True,nan,False,7.68668996897759e-06,0.01
gpomdp_reward_only,712,710,1365217,0.0,False,114.91796112060547,1.5949453115463257,0.0,114.91796112060547,1026.774169921875,0.0,0.0,0.0,0.36752891540527344,True,nan,False,1.1851343515445478e-05,0.01
gpomdp_reward_only,712,711,1365872,0.0,False,68.630859375,1.6348830461502075,0.0,68.630859375,1382.2176513671875,0.0,0.0,0.0,0.4175490736961365,True,nan,False,4.6022810238355305e-06,0.01
gpomdp_reward_only,712,712,1366584,0.0,False,79.9394760131836,1.573276400566101,0.0,79.9394760131836,1189.1796875,0.0,0.0,0.0,-0.40856704115867615,True,nan,False,2.7327694169798633e-06,0.01
gpomdp_reward_only,712,713,1367300,0.0,False,80.28765869140625,1.5723884105682373,0.0,80.28765869140625,901.419677734375,0.0,0.0,0.0,-0.312170147895813,True,nan,False,5.191481704969192e-06,0.01
gpomdp_reward_only,712,714,1367916,0.0,False,83.70924377441406,1.5930001735687256,0.0,83.70924377441406,803.12158203125,0.0,0.0,0.0,0.026075130328536034,True,nan,False,3.494585826047114e-06,0.01
gpomdp_reward_only,712,715,1368544,0.0,False,177.7551727294922,1.5746362209320068,0.0,177.7551727294922,1022.054443359375,0.0,0.0,0.0,-0.379876971244812,True,nan,False,4.904004526906647e-06,0.01
gpomdp_reward_only,712,716,1369244,0.0,False,205.0615997314453,1.7799676656723022,0.0,205.0615997314453,2274.620849609375,0.0,0.0,0.0,0.2543759047985077,True,nan,False,9.62449234975793e-07,0.01
gpomdp_reward_only,712,717,1370389,0.0,False,51.7514533996582,1.6022984981536865,0.0,51.7514533996582,1153.5294189453125,0.0,0.0,0.0,0.30765995383262634,True,nan,False,1.3048585287833703e-06,0.01
gpomdp_reward_only,712,718,1371168,0.0,False,74.1988754272461,1.5848959684371948,0.0,74.1988754272461,1034.3565673828125,0.0,0.0,0.0,0.46791353821754456,True,nan,False,1.8612956864672014e-06,0.01
gpomdp_reward_only,712,719,1371874,0.0,False,122.25019073486328,1.646462082862854,0.0,122.25019073486328,1757.6690673828125,0.0,0.0,0.0,0.2292286604642868,True,nan,False,2.1860932974959724e-06,0.01
gpomdp_reward_only,712,720,1372731,0.0,False,88.26921081542969,1.5700957775115967,0.0,88.26921081542969,758.8423461914062,0.0,0.0,0.0,0.5744410157203674,True,nan,False,2.5781862404983258e-06,0.01
gpomdp_reward_only,712,721,1373379,0.0,False,119.71699523925781,1.572800636291504,0.0,119.71699523925781,1249.26318359375,0.0,0.0,0.0,-0.47238677740097046,True,nan,False,5.222843810770428e-06,0.01
gpomdp_reward_only,712,722,1374115,0.0,False,133.28897094726562,1.6082744598388672,0.0,133.28897094726562,1264.0633544921875,0.0,0.0,0.0,-0.3448905348777771,True,nan,False,9.28410099731991e-06,0.01
gpomdp_reward_only,712,723,1374907,0.0,False,38.40507125854492,1.5939043760299683,0.0,38.40507125854492,1052.393310546875,0.0,0.0,0.0,0.13649389147758484,True,nan,False,9.68703898251988e-06,0.01
gpomdp_reward_only,712,724,1375566,0.0,False,136.11155700683594,1.592090368270874,0.0,136.11155700683594,1538.3616943359375,0.0,0.0,0.0,-0.2837066352367401,True,nan,False,1.003019860945642e-05,0.01
gpomdp_reward_only,712,725,1376342,0.0,False,83.6767349243164,1.5819720029830933,0.0,83.6767349243164,1041.6240234375,0.0,0.0,0.0,-0.26385438442230225,True,nan,False,1.34084848468774e-05,0.01
gpomdp_reward_only,712,726,1376996,0.0,False,184.82069396972656,1.6774318218231201,0.0,184.82069396972656,1464.111083984375,0.0,0.0,0.0,0.17423342168331146,True,nan,False,7.660372830287088e-06,0.01
gpomdp_reward_only,712,727,1377916,0.0,False,100.50994873046875,1.603653907775879,0.0,100.50994873046875,936.5228271484375,0.0,0.0,0.0,0.41780713200569153,True,nan,False,6.274892257351894e-06,0.01
gpomdp_reward_only,712,728,1378573,0.0,False,88.243408203125,1.5959550142288208,0.0,88.243408203125,978.0650024414062,0.0,0.0,0.0,-0.1981491595506668,True,nan,False,7.376690064120339e-06,0.01
gpomdp_reward_only,712,729,1379212,0.0,False,95.07073974609375,1.5852324962615967,0.0,95.07073974609375,889.8837890625,0.0,0.0,0.0,0.008851463906466961,True,nan,False,9.470106306253001e-06,0.01
gpomdp_reward_only,712,730,1379917,0.0,False,143.99456787109375,1.5959722995758057,0.0,143.99456787109375,1547.4095458984375,0.0,0.0,0.0,-0.49561405181884766,True,nan,False,1.5963436453603208e-05,0.01
gpomdp_reward_only,712,731,1380623,0.0,False,71.2702407836914,1.5897159576416016,0.0,71.2702407836914,1042.69970703125,0.0,0.0,0.0,0.10313303023576736,True,nan,False,1.0280947208229918e-05,0.01
gpomdp_reward_only,712,732,1381246,0.0,False,95.3453140258789,1.635025978088379,0.0,95.3453140258789,972.89697265625,0.0,0.0,0.0,-0.45430469512939453,True,nan,False,6.410763944586506e-06,0.01
gpomdp_reward_only,712,733,1382025,0.0,False,73.16808319091797,1.5690160989761353,0.0,73.16808319091797,1220.0435791015625,0.0,0.0,0.0,-0.313289076089859,True,nan,False,8.388654350710567e-06,0.01
gpomdp_reward_only,712,734,1382693,0.0,False,96.56625366210938,1.5563567876815796,0.0,96.56625366210938,988.4151611328125,0.0,0.0,0.0,-0.10745564103126526,True,nan,False,1.7305981600657105e-05,0.01
gpomdp_reward_only,712,735,1383336,0.0,False,137.45721435546875,1.5652529001235962,0.0,137.45721435546875,741.2700805664062,0.0,0.0,0.0,0.00994560681283474,True,nan,False,1.1688932318065781e-05,0.01
gpomdp_reward_only,712,736,1383946,0.0,False,96.6129379272461,1.7791956663131714,0.0,96.6129379272461,2748.450927734375,0.0,0.0,0.0,0.21765461564064026,True,nan,False,5.909415904170601e-06,0.01
gpomdp_reward_only,712,737,1385183,0.0,False,48.6572151184082,1.5974986553192139,0.0,48.6572151184082,897.5972900390625,0.0,0.0,0.0,0.041949495673179626,True,nan,False,5.758678980782861e-06,0.01
gpomdp_reward_only,712,738,1385824,0.0,False,123.4517822265625,1.611382246017456,0.0,123.4517822265625,1001.6429443359375,0.0,0.0,0.0,-0.009765961207449436,True,nan,False,4.360375442047371e-06,0.01
gpomdp_reward_only,712,739,1386455,0.0,False,127.9368896484375,1.644593596458435,0.0,127.9368896484375,1240.4002685546875,0.0,0.0,0.0,-0.11031302809715271,True,nan,False,7.083324362611165e-06,0.01
gpomdp_reward_only,712,740,1387246,0.0,False,110.4582748413086,1.5689749717712402,0.0,110.4582748413086,1187.3310546875,0.0,0.0,0.0,0.1215406283736229,True,nan,False,1.032329055306036e-05,0.01
gpomdp_reward_only,712,741,1387907,0.0,False,98.84037780761719,1.5715564489364624,0.0,98.84037780761719,1164.45263671875,0.0,0.0,0.0,-0.12901337444782257,True,nan,False,1.0506875696592033e-05,0.01
gpomdp_reward_only,712,742,1388584,0.0,False,102.3670654296875,1.5444728136062622,0.0,102.3670654296875,1104.5966796875,0.0,0.0,0.0,-0.6111671328544617,True,nan,False,1.1476003237476107e-05,0.01
gpomdp_reward_only,712,743,1389316,0.0,False,143.63929748535156,1.6048989295959473,0.0,143.63929748535156,898.5092163085938,0.0,0.0,0.0,-0.07364528626203537,True,nan,False,1.2241442163940519e-05,0.01
gpomdp_reward_only,712,744,1390012,0.0,False,86.86785888671875,1.618330717086792,0.0,86.86785888671875,1322.2833251953125,0.0,0.0,0.0,0.005489941220730543,True,nan,False,4.2815754568437114e-06,0.01
gpomdp_reward_only,712,745,1390761,0.0,False,86.41251373291016,1.6561905145645142,0.0,86.41251373291016,1531.19384765625,0.0,0.0,0.0,-0.15858496725559235,True,nan,False,6.846310952823842e-06,0.01
gpomdp_reward_only,712,746,1391630,0.0,False,58.04667282104492,1.6123627424240112,0.0,58.04667282104492,1066.144775390625,0.0,0.0,0.0,-0.32686251401901245,True,nan,False,2.9528737286455e-06,0.01
gpomdp_reward_only,712,747,1392349,0.0,False,78.9229736328125,1.6439127922058105,0.0,78.9229736328125,1633.644287109375,0.0,0.0,0.0,-0.17272625863552094,True,nan,False,3.7012275697634323e-06,0.01
gpomdp_reward_only,712,748,1393083,0.0,False,114.03874969482422,1.601292610168457,0.0,114.03874969482422,993.1860961914062,0.0,0.0,0.0,0.1519833356142044,True,nan,False,4.213272859487915e-06,0.01
gpomdp_reward_only,712,749,1393785,0.0,False,92.73334503173828,1.633314847946167,0.0,92.73334503173828,1042.5108642578125,0.0,0.0,0.0,0.08308392018079758,True,nan,False,1.7352119812130695e-06,0.01
gpomdp_reward_only,712,750,1394516,0.0,False,97.13542938232422,1.6430758237838745,0.0,97.13542938232422,1479.7532958984375,0.0,0.0,0.0,0.18450747430324554,True,nan,False,3.0107348720775917e-06,0.01
gpomdp_reward_only,712,751,1395284,0.0,False,68.03352355957031,1.5778214931488037,0.0,68.03352355957031,933.3095092773438,0.0,0.0,0.0,-0.26463401317596436,True,nan,False,1.888505948954844e-06,0.01
gpomdp_reward_only,712,752,1396006,0.0,False,89.59059143066406,1.5970183610916138,0.0,89.59059143066406,961.3267822265625,0.0,0.0,0.0,-0.2020716518163681,True,nan,False,5.168398047317169e-07,0.01
gpomdp_reward_only,712,753,1396686,0.0,False,108.04119873046875,1.5996607542037964,0.0,108.04119873046875,1227.4971923828125,0.0,0.0,0.0,-0.01245215442031622,True,nan,False,1.7501780575912562e-06,0.01
gpomdp_reward_only,712,754,1397389,0.0,False,89.62442016601562,1.5886684656143188,0.0,89.62442016601562,873.83642578125,0.0,0.0,0.0,-0.17515984177589417,True,nan,False,2.369356252529542e-06,0.01
gpomdp_reward_only,712,755,1398053,0.0,False,47.60128402709961,1.6109119653701782,0.0,47.60128402709961,958.6436157226562,0.0,0.0,0.0,-0.7634483575820923,True,nan,False,2.2416916181100532e-06,0.01
gpomdp_reward_only,712,756,1398723,0.0,False,48.441226959228516,1.612964391708374,0.0,48.441226959228516,1078.959716796875,0.0,0.0,0.0,-0.1201089471578598,True,nan,False,1.208194362334325e-06,0.01
gpomdp_reward_only,712,757,1399386,0.0,False,106.8161392211914,1.663974404335022,0.0,106.8161392211914,1175.4263916015625,0.0,0.0,0.0,-0.1201617494225502,True,nan,False,4.378612629807321e-06,0.01
gpomdp_reward_only,712,758,1400126,0.0,False,92.92312622070312,1.638575553894043,0.0,92.92312622070312,933.5393676757812,0.0,0.0,0.0,0.0349578931927681,True,nan,False,1.138350512519537e-06,0.01
gpomdp_reward_only,712,759,1400904,0.0,False,68.50877380371094,1.5939173698425293,0.0,68.50877380371094,1038.8570556640625,0.0,0.0,0.0,-0.12060616165399551,True,nan,False,1.7600954151930637e-06,0.01
gpomdp_reward_only,712,760,1401564,0.0,False,64.93358612060547,1.57509446144104,0.0,64.93358612060547,1226.1104736328125,0.0,0.0,0.0,0.34260496497154236,True,nan,False,1.9023652839678107e-06,0.01
gpomdp_reward_only,712,761,1402214,0.0,False,46.66551971435547,1.6470682621002197,0.0,46.66551971435547,1407.6507568359375,0.0,0.0,0.0,0.16002686321735382,True,nan,False,8.956408237281721e-07,0.01
gpomdp_reward_only,712,762,1402895,0.0,False,94.10719299316406,1.562374472618103,0.0,94.10719299316406,1015.1419067382812,0.0,0.0,0.0,-0.3298290967941284,True,nan,False,3.5536995710572228e-06,0.01
gpomdp_reward_only,712,763,1403535,0.0,False,92.59959411621094,1.6080037355422974,0.0,92.59959411621094,1010.6927490234375,0.0,0.0,0.0,-0.02303222380578518,True,nan,False,1.5939031072775833e-06,0.01
gpomdp_reward_only,712,764,1404231,0.0,False,113.97602081298828,1.6396763324737549,0.0,113.97602081298828,1735.70947265625,0.0,0.0,0.0,-0.15572160482406616,True,nan,False,3.1264339668268804e-06,0.01
gpomdp_reward_only,712,765,1405018,0.0,False,66.02735900878906,1.5983601808547974,0.0,66.02735900878906,802.7859497070312,0.0,0.0,0.0,-0.008939347229897976,True,nan,False,1.3828523606207455e-06,0.01
gpomdp_reward_only,712,766,1405724,0.0,False,93.82698822021484,1.5978161096572876,0.0,93.82698822021484,1452.523193359375,0.0,0.0,0.0,-0.2247840315103531,True,nan,False,1.600527184564271e-06,0.01
gpomdp_reward_only,712,767,1406441,0.0,False,132.34774780273438,1.6782368421554565,0.0,132.34774780273438,1441.8682861328125,0.0,0.0,0.0,0.135431170463562,True,nan,False,9.626422752262442e-07,0.01
gpomdp_reward_only,712,768,1407153,0.0,False,71.67770385742188,1.6327756643295288,0.0,71.67770385742188,1381.9105224609375,0.0,0.0,0.0,-0.05031105875968933,True,nan,False,1.1549376495167962e-06,0.01
gpomdp_reward_only,712,769,1407929,0.0,False,115.54072570800781,1.6194250583648682,0.0,115.54072570800781,1153.591796875,0.0,0.0,0.0,0.18523865938186646,True,nan,False,3.901909622072708e-06,0.01
gpomdp_reward_only,712,770,1408646,0.0,False,59.80631637573242,1.6182750463485718,0.0,59.80631637573242,1069.3304443359375,0.0,0.0,0.0,-0.5566269159317017,True,nan,False,1.3325055761015392e-06,0.01
gpomdp_reward_only,712,771,1409301,0.0,False,123.9000015258789,1.6732717752456665,0.0,123.9000015258789,1266.300537109375,0.0,0.0,0.0,-0.08874210715293884,True,nan,False,7.997609827725682e-06,0.01
gpomdp_reward_only,712,772,1410247,0.0,False,107.04595947265625,1.5760661363601685,0.0,107.04595947265625,880.1160278320312,0.0,0.0,0.0,-0.026095213368535042,True,nan,False,2.2488752620120067e-06,0.01
gpomdp_reward_only,712,773,1410897,0.0,False,115.81549835205078,1.6030552387237549,0.0,115.81549835205078,995.49072265625,0.0,0.0,0.0,0.41143879294395447,True,nan,False,5.057280304754386e-06,0.01
gpomdp_reward_only,712,774,1411546,0.0,False,91.0394515991211,1.592317819595337,0.0,91.0394515991211,1059.919677734375,0.0,0.0,0.0,-0.40097931027412415,True,nan,False,2.421785893602646e-06,0.01
gpomdp_reward_only,712,775,1412253,0.0,False,72.3110122680664,1.630724310874939,0.0,72.3110122680664,919.3894653320312,0.0,0.0,0.0,0.07539807260036469,True,nan,False,3.991297035099706e-06,0.01
gpomdp_reward_only,712,776,1412975,0.0,False,101.11701202392578,1.5969914197921753,0.0,101.11701202392578,918.5824584960938,0.0,0.0,0.0,-0.4848843514919281,True,nan,False,1.1153517334605567e-05,0.01
gpomdp_reward_only,712,777,1413651,0.0,False,120.50672149658203,1.6112291812896729,0.0,120.50672149658203,1067.8056640625,0.0,0.0,0.0,-0.0291571207344532,True,nan,False,1.3066646715742536e-05,0.01
gpomdp_reward_only,712,778,1414372,0.0,False,88.03570556640625,1.6231094598770142,0.0,88.03570556640625,998.6054077148438,0.0,0.0,0.0,-0.33490946888923645,True,nan,False,7.3944565883721225e-06,0.01
gpomdp_reward_only,712,779,1415034,0.0,False,73.10337829589844,1.6480742692947388,0.0,73.10337829589844,847.1043090820312,0.0,0.0,0.0,0.03744175657629967,True,nan,False,1.6493632983838324e-06,0.01
gpomdp_reward_only,712,780,1415666,0.0,False,50.279422760009766,1.6136599779129028,0.0,50.279422760009766,883.3292846679688,0.0,0.0,0.0,-0.04642125591635704,True,nan,False,2.6547493234829744e-06,0.01
gpomdp_reward_only,712,781,1416319,0.0,False,115.2491455078125,1.6261392831802368,0.0,115.2491455078125,1268.67431640625,0.0,0.0,0.0,0.2804838716983795,True,nan,False,2.47983803092211e-06,0.01
gpomdp_reward_only,712,782,1417071,0.0,False,76.41140747070312,1.6544461250305176,0.0,76.41140747070312,1251.4273681640625,0.0,0.0,0.0,-0.6448721885681152,True,nan,False,2.0828022115892963e-06,0.01
gpomdp_reward_only,712,783,1417839,0.0,False,85.91215515136719,1.6057054996490479,0.0,85.91215515136719,985.5313110351562,0.0,0.0,0.0,0.3088633120059967,True,nan,False,5.8886843135042e-07,0.01
gpomdp_reward_only,712,784,1418447,0.0,False,108.47959899902344,1.624329924583435,0.0,108.47959899902344,1104.662109375,0.0,0.0,0.0,0.0468478687107563,True,nan,False,3.955881766160019e-06,0.01
gpomdp_reward_only,712,785,1419163,0.0,False,109.820556640625,1.6689529418945312,0.0,109.820556640625,1167.2650146484375,0.0,0.0,0.0,0.03955681994557381,True,nan,False,2.073073119390756e-06,0.01
gpomdp_reward_only,712,786,1419918,0.0,False,42.20272445678711,1.630105972290039,0.0,42.20272445678711,940.5142211914062,0.0,0.0,0.0,-0.04622923210263252,True,nan,False,2.707899511733558e-06,0.01
gpomdp_reward_only,712,787,1420627,0.0,False,124.03871154785156,1.623751163482666,0.0,124.03871154785156,1193.802978515625,0.0,0.0,0.0,-0.13052207231521606,True,nan,False,4.2794804357981775e-06,0.01
gpomdp_reward_only,712,788,1421360,0.0,False,93.42838287353516,1.6283953189849854,0.0,93.42838287353516,1186.060791015625,0.0,0.0,0.0,0.31247833371162415,True,nan,False,3.1749450499773957e-06,0.01
gpomdp_reward_only,712,789,1422013,0.0,False,174.8001708984375,1.629288673400879,0.0,174.8001708984375,1835.323974609375,0.0,0.0,0.0,-0.006689914967864752,True,nan,False,1.4275784451456275e-05,0.01
gpomdp_reward_only,712,790,1422782,0.0,False,120.07489013671875,1.6911431550979614,0.0,120.07489013671875,1278.167724609375,0.0,0.0,0.0,0.22908423840999603,True,nan,False,3.7149388845136855e-06,0.01
gpomdp_reward_only,712,791,1423554,0.0,False,152.99957275390625,1.5924328565597534,0.0,152.99957275390625,1129.31787109375,0.0,0.0,0.0,0.13367410004138947,True,nan,False,5.166755727259442e-06,0.01
gpomdp_reward_only,712,792,1424241,0.0,False,142.0145263671875,1.6458760499954224,0.0,142.0145263671875,1169.13720703125,0.0,0.0,0.0,0.2531317174434662,True,nan,False,6.069243681849912e-06,0.01
gpomdp_reward_only,712,793,1424964,0.0,False,88.22740173339844,1.6386308670043945,0.0,88.22740173339844,1342.14794921875,0.0,0.0,0.0,-0.010420741513371468,True,nan,False,2.7694602522387868e-06,0.01
gpomdp_reward_only,712,794,1425765,0.0,False,172.14671325683594,1.6731678247451782,0.0,172.14671325683594,1731.81982421875,0.0,0.0,0.0,0.12982316315174103,True,nan,False,1.8770113001664868e-06,0.01
gpomdp_reward_only,712,795,1426578,0.0,False,96.86739349365234,1.6540333032608032,0.0,96.86739349365234,1254.394287109375,0.0,0.0,0.0,-0.0650135800242424,True,nan,False,8.334453696079436e-07,0.01
gpomdp_reward_only,712,796,1427331,0.0,False,99.3262710571289,1.6211388111114502,0.0,99.3262710571289,858.680908203125,0.0,0.0,0.0,0.12035754323005676,True,nan,False,2.8066299364581937e-06,0.01
gpomdp_reward_only,712,797,1427999,0.0,False,109.21451568603516,1.604024887084961,0.0,109.21451568603516,1016.7941284179688,0.0,0.0,0.0,-0.4294365346431732,True,nan,False,9.481310598857817e-07,0.01
gpomdp_reward_only,712,798,1428649,0.0,False,141.06895446777344,1.6164616346359253,0.0,141.06895446777344,1238.2265625,0.0,0.0,0.0,0.046774972230196,True,nan,False,4.799328962690197e-06,0.01
gpomdp_reward_only,712,799,1429377,0.0,False,60.69295120239258,1.6368751525878906,0.0,60.69295120239258,1502.34765625,0.0,0.0,0.0,0.4004081189632416,True,nan,False,2.0144893824181054e-06,0.01
gpomdp_reward_only,712,800,1430030,0.0,False,69.97075653076172,1.624501347541809,0.0,69.97075653076172,839.323974609375,0.0,0.0,0.0,0.3342949151992798,True,nan,False,4.090746188012417e-06,0.01
gpomdp_reward_only,712,801,1430705,0.0,False,73.76700592041016,1.6114801168441772,0.0,73.76700592041016,787.7679443359375,0.0,0.0,0.0,-0.35531559586524963,True,nan,False,4.8838146540219896e-06,0.01
gpomdp_reward_only,712,802,1431362,0.0,False,168.3984832763672,1.6527619361877441,0.0,168.3984832763672,1448.6728515625,0.0,0.0,0.0,0.3107113838195801,True,nan,False,1.4156307770463172e-06,0.01
gpomdp_reward_only,712,803,1432129,0.0,False,53.63570785522461,1.613620638847351,0.0,53.63570785522461,771.1940307617188,0.0,0.0,0.0,-0.12380324304103851,True,nan,False,2.296173533977708e-06,0.01
gpomdp_reward_only,712,804,1432724,0.0,False,58.90436935424805,1.617496132850647,0.0,58.90436935424805,970.6890869140625,0.0,0.0,0.0,-0.003273278707638383,True,nan,False,1.1431692428232054e-06,0.01
gpomdp_reward_only,712,805,1433377,0.0,False,48.62446212768555,1.6325103044509888,0.0,48.62446212768555,883.1095581054688,0.0,0.0,0.0,-0.5011641979217529,True,nan,False,3.568456747871096e-07,0.01
gpomdp_reward_only,712,806,1434128,0.0,False,48.692405700683594,1.6035319566726685,0.0,48.692405700683594,1013.7600708007812,0.0,0.0,0.0,0.16165125370025635,True,nan,False,7.785633897583466e-07,0.01
gpomdp_reward_only,712,807,1434807,0.0,False,55.33596420288086,1.616307020187378,0.0,55.33596420288086,1018.5787353515625,0.0,0.0,0.0,-0.5364965200424194,True,nan,False,1.9504460624375497e-07,0.01
gpomdp_reward_only,712,808,1435497,0.0,False,165.55471801757812,1.6551817655563354,0.0,165.55471801757812,1571.5345458984375,0.0,0.0,0.0,0.13312852382659912,True,nan,False,5.040701125835767e-06,0.01
gpomdp_reward_only,712,809,1436222,0.0,False,162.6357879638672,1.6246122121810913,0.0,162.6357879638672,1259.123779296875,0.0,0.0,0.0,-0.06038324907422066,True,nan,False,8.819545769256365e-07,0.01
gpomdp_reward_only,712,810,1436950,0.0,False,83.4993896484375,1.6284191608428955,0.0,83.4993896484375,1200.710205078125,0.0,0.0,0.0,-0.04610497131943703,True,nan,False,2.3396496544592083e-06,0.01
gpomdp_reward_only,712,811,1437629,0.0,False,127.69437408447266,1.6414316892623901,0.0,127.69437408447266,1241.9398193359375,0.0,0.0,0.0,-0.4618079662322998,True,nan,False,3.3014873679348966e-06,0.01
gpomdp_reward_only,712,812,1438376,0.0,False,87.29376220703125,1.5923891067504883,0.0,87.29376220703125,1036.438232421875,0.0,0.0,0.0,-0.07465566694736481,True,nan,False,1.4595181028198567e-06,0.01
gpomdp_reward_only,712,813,1439095,0.0,False,106.45797729492188,1.6670125722885132,0.0,106.45797729492188,1102.017333984375,0.0,0.0,0.0,-0.35245364904403687,True,nan,False,1.5203858083623345e-06,0.01
gpomdp_reward_only,712,814,1439932,0.0,False,82.28788757324219,1.6006114482879639,0.0,82.28788757324219,1163.433837890625,0.0,0.0,0.0,0.3469078838825226,True,nan,False,1.673385668254923e-06,0.01
gpomdp_reward_only,712,815,1440571,0.0,False,76.50296783447266,1.6085435152053833,0.0,76.50296783447266,913.7774047851562,0.0,0.0,0.0,0.1334419846534729,True,nan,False,5.3661310630559456e-06,0.01
gpomdp_reward_only,712,816,1441235,0.0,False,37.127254486083984,1.6144603490829468,0.0,37.127254486083984,1227.0389404296875,0.0,0.0,0.0,-0.048085227608680725,True,nan,False,5.3919625315757e-06,0.01
gpomdp_reward_only,712,817,1442006,0.0,False,67.00248718261719,1.595866084098816,0.0,67.00248718261719,1054.892333984375,0.0,0.0,0.0,-0.3328256607055664,True,nan,False,4.1684170355438255e-06,0.01
gpomdp_reward_only,712,818,1442623,0.0,False,48.75139617919922,1.6195951700210571,0.0,48.75139617919922,894.787841796875,0.0,0.0,0.0,-0.4754927456378937,True,nan,False,3.535127916620695e-06,0.01
gpomdp_reward_only,712,819,1443284,0.0,False,156.1757354736328,1.7804728746414185,0.0,156.1757354736328,2825.468994140625,0.0,0.0,0.0,-0.0661592185497284,True,nan,False,6.104202384449309e-06,0.01
gpomdp_reward_only,712,820,1444380,0.0,False,95.64803314208984,1.6125056743621826,0.0,95.64803314208984,1118.5899658203125,0.0,0.0,0.0,0.09358613193035126,True,nan,False,7.14222323949798e-06,0.01
gpomdp_reward_only,712,821,1445045,0.0,False,116.77335357666016,1.6286855936050415,0.0,116.77335357666016,1005.6207275390625,0.0,0.0,0.0,0.1952940821647644,True,nan,False,6.908766181368264e-07,0.01
gpomdp_reward_only,712,822,1445692,0.0,False,94.60785675048828,1.607532262802124,0.0,94.60785675048828,877.7827758789062,0.0,0.0,0.0,0.0047788191586732864,True,nan,False,2.071671133307973e-06,0.01
gpomdp_reward_only,712,823,1446366,0.0,False,115.47207641601562,1.6214808225631714,0.0,115.47207641601562,781.1849975585938,0.0,0.0,0.0,-0.08868695050477982,True,nan,False,1.1641097898973385e-06,0.01
gpomdp_reward_only,712,824,1447035,0.0,False,79.41130828857422,1.7217921018600464,0.0,79.41130828857422,1640.038818359375,0.0,0.0,0.0,0.057575251907110214,True,nan,False,5.654251822306833e-07,0.01
gpomdp_reward_only,712,825,1447925,0.0,False,96.32717895507812,1.5842132568359375,0.0,96.32717895507812,925.0582275390625,0.0,0.0,0.0,-0.40938448905944824,True,nan,False,2.0523696093732724e-06,0.01
gpomdp_reward_only,712,826,1448552,0.0,False,75.80403137207031,1.6069374084472656,0.0,75.80403137207031,1144.506591796875,0.0,0.0,0.0,-0.32883861660957336,True,nan,False,1.0224879360976047e-06,0.01
gpomdp_reward_only,712,827,1449248,0.0,False,64.0744400024414,1.6121618747711182,0.0,64.0744400024414,1000.8869018554688,0.0,0.0,0.0,0.02017384022474289,True,nan,False,1.1514143807289656e-06,0.01
gpomdp_reward_only,712,828,1449930,0.0,False,47.3011474609375,1.6198164224624634,0.0,47.3011474609375,1007.2786254882812,0.0,0.0,0.0,-0.1342533826828003,True,nan,False,3.389393725683476e-07,0.01
gpomdp_reward_only,712,829,1450596,0.0,False,48.95145034790039,1.6383775472640991,0.0,48.95145034790039,1129.011962890625,0.0,0.0,0.0,0.020854592323303223,True,nan,False,5.392092816691729e-07,0.01
gpomdp_reward_only,712,830,1451260,0.0,False,78.81978607177734,1.6886972188949585,0.0,78.81978607177734,1028.0194091796875,0.0,0.0,0.0,-0.6073281764984131,True,nan,False,1.1781509101638221e-06,0.01
gpomdp_reward_only,712,831,1452043,0.0,False,91.98428344726562,1.6417336463928223,0.0,91.98428344726562,1199.585693359375,0.0,0.0,0.0,-0.139444962143898,True,nan,False,1.4345647514346638e-06,0.01
gpomdp_reward_only,712,832,1452794,0.0,False,69.04244995117188,1.6477224826812744,0.0,69.04244995117188,825.7006225585938,0.0,0.0,0.0,0.2151821404695511,True,nan,False,2.1327675767679466e-06,0.01
gpomdp_reward_only,712,833,1453494,0.0,False,92.45240783691406,1.618285059928894,0.0,92.45240783691406,1371.7113037109375,0.0,0.0,0.0,0.37874922156333923,True,nan,False,3.313447905384237e-06,0.01
gpomdp_reward_only,712,834,1454207,0.0,False,103.34754943847656,1.5833150148391724,0.0,103.34754943847656,1289.8438720703125,0.0,0.0,0.0,0.04352811351418495,True,nan,False,1.1374996574886609e-05,0.01
gpomdp_reward_only,712,835,1454858,0.0,False,68.02474212646484,1.6315370798110962,0.0,68.02474212646484,1233.3885498046875,0.0,0.0,0.0,0.21216963231563568,True,nan,False,8.063411769398954e-06,0.01
gpomdp_reward_only,712,836,1455577,0.0,False,83.179443359375,1.6103205680847168,0.0,83.179443359375,1166.2838134765625,0.0,0.0,0.0,0.16469131410121918,True,nan,False,1.034302022162592e-05,0.01
gpomdp_reward_only,712,837,1456290,0.0,False,78.72962188720703,1.6284549236297607,0.0,78.72962188720703,981.6935424804688,0.0,0.0,0.0,-0.5845867991447449,True,nan,False,4.537021141004516e-06,0.01
gpomdp_reward_only,712,838,1457002,0.0,False,82.92568969726562,1.631299376487732,0.0,82.92568969726562,911.2044067382812,0.0,0.0,0.0,0.21631339192390442,True,nan,False,5.5311620599241e-06,0.01
gpomdp_reward_only,712,839,1457683,0.0,False,184.22775268554688,1.6671620607376099,0.0,184.22775268554688,1563.8194580078125,0.0,0.0,0.0,0.37157121300697327,True,nan,False,2.2655305656371638e-05,0.01
gpomdp_reward_only,712,840,1458549,0.0,False,98.21920013427734,1.6831930875778198,0.0,98.21920013427734,1410.51611328125,0.0,0.0,0.0,-0.22230462729930878,True,nan,False,1.54275112436153e-05,0.01
gpomdp_reward_only,712,841,1459332,0.0,False,57.03859329223633,1.6213312149047852,0.0,57.03859329223633,1111.5623779296875,0.0,0.0,0.0,-0.21225382387638092,True,nan,False,1.6185473214136437e-05,0.01
gpomdp_reward_only,712,842,1460060,0.0,False,73.04627990722656,1.6268787384033203,0.0,73.04627990722656,921.518798828125,0.0,0.0,0.0,0.6289620399475098,True,nan,False,2.0010285879834555e-05,0.01
gpomdp_reward_only,712,843,1460743,0.0,False,51.7097053527832,1.6121567487716675,0.0,51.7097053527832,908.9663696289062,0.0,0.0,0.0,0.17908665537834167,True,nan,False,1.4943029782443773e-05,0.01
gpomdp_reward_only,712,844,1461402,0.0,False,71.69727325439453,1.632648229598999,0.0,71.69727325439453,1710.770263671875,0.0,0.0,0.0,0.11967813968658447,True,nan,False,1.368281118629966e-05,0.01
gpomdp_reward_only,712,845,1462220,0.0,False,98.94898223876953,1.662152886390686,0.0,98.94898223876953,975.2662963867188,0.0,0.0,0.0,-0.18146373331546783,True,nan,False,9.424999916518573e-06,0.01
gpomdp_reward_only,712,846,1462964,0.0,False,125.06341552734375,1.6226835250854492,0.0,125.06341552734375,743.3832397460938,0.0,0.0,0.0,0.11328492313623428,True,nan,False,6.8544877649401315e-06,0.01
gpomdp_reward_only,712,847,1463618,0.0,False,112.46600341796875,1.6153590679168701,0.0,112.46600341796875,951.9180908203125,0.0,0.0,0.0,-0.2391502857208252,True,nan,False,9.419296475243755e-06,0.01
gpomdp_reward_only,712,848,1464326,0.0,False,76.16844940185547,1.625948429107666,0.0,76.16844940185547,1328.05322265625,0.0,0.0,0.0,0.06517162919044495,True,nan,False,1.1952492968703154e-05,0.01
gpomdp_reward_only,712,849,1465027,0.0,False,80.75173950195312,1.6221041679382324,0.0,80.75173950195312,843.9437866210938,0.0,0.0,0.0,-0.08698488771915436,True,nan,False,4.115962383366423e-06,0.01
gpomdp_reward_only,712,850,1465701,0.0,False,73.43904876708984,1.6021900177001953,0.0,73.43904876708984,1230.815673828125,0.0,0.0,0.0,0.052832163870334625,True,nan,False,8.714072464499623e-06,0.01
gpomdp_reward_only,712,851,1466341,0.0,False,87.8741226196289,1.5936014652252197,0.0,87.8741226196289,1267.486572265625,0.0,0.0,0.0,-0.48604628443717957,True,nan,False,5.343056272977265e-06,0.01
gpomdp_reward_only,712,852,1467028,0.0,False,75.85894012451172,1.6102560758590698,0.0,75.85894012451172,930.5120239257812,0.0,0.0,0.0,0.3362980782985687,True,nan,False,9.017952834255993e-06,0.01
gpomdp_reward_only,712,853,1467627,0.0,False,75.5801773071289,1.619452714920044,0.0,75.5801773071289,805.5225830078125,0.0,0.0,0.0,-0.3790840804576874,True,nan,False,5.691772457794286e-06,0.01
gpomdp_reward_only,712,854,1468275,0.0,False,107.28238677978516,1.606156826019287,0.0,107.28238677978516,1102.7724609375,0.0,0.0,0.0,-0.35875681042671204,True,nan,False,2.7873356884811074e-06,0.01
gpomdp_reward_only,712,855,1468985,0.0,False,122.54893493652344,1.6798094511032104,0.0,122.54893493652344,1246.837158203125,0.0,0.0,0.0,0.2948583662509918,True,nan,False,4.305942184146261e-06,0.01
gpomdp_reward_only,712,856,1469805,0.0,False,42.86292266845703,1.6208481788635254,0.0,42.86292266845703,687.5792846679688,0.0,0.0,0.0,0.02866784669458866,True,nan,False,6.3426077758776955e-06,0.01
gpomdp_reward_only,712,857,1470418,0.0,False,146.97479248046875,1.6201322078704834,0.0,146.97479248046875,766.6499633789062,0.0,0.0,0.0,-0.2474065124988556,True,nan,False,6.2414655985776335e-06,0.01
gpomdp_reward_only,712,858,1471085,0.0,False,240.6548309326172,1.6565417051315308,0.0,240.6548309326172,922.2708129882812,0.0,0.0,0.0,0.027006402611732483,True,nan,False,1.9303786757518537e-05,0.01
gpomdp_reward_only,712,859,1471807,0.0,False,94.49403381347656,1.6399192810058594,0.0,94.49403381347656,924.5429077148438,0.0,0.0,0.0,-0.34458452463150024,True,nan,False,1.9188060832675546e-05,0.01
gpomdp_reward_only,712,860,1472507,0.0,False,76.0972671508789,1.6063567399978638,0.0,76.0972671508789,847.6685791015625,0.0,0.0,0.0,-0.24113762378692627,True,nan,False,2.725668491621036e-05,0.01
gpomdp_reward_only,712,861,1473194,0.0,False,62.92964172363281,1.6140620708465576,0.0,62.92964172363281,1203.3948974609375,0.0,0.0,0.0,-0.4819592833518982,True,nan,False,2.8434187697712332e-05,0.01
gpomdp_reward_only,712,862,1473862,0.0,False,115.93269348144531,1.6136276721954346,0.0,115.93269348144531,841.7061157226562,0.0,0.0,0.0,0.20988218486309052,True,nan,False,9.999196663557086e-06,0.01
gpomdp_reward_only,712,863,1474522,0.0,False,88.5491943359375,1.620836853981018,0.0,88.5491943359375,1167.3189697265625,0.0,0.0,0.0,0.06204181909561157,True,nan,False,1.0928218216577079e-05,0.01
gpomdp_reward_only,712,864,1475181,0.0,False,102.54853820800781,1.6202683448791504,0.0,102.54853820800781,1066.145263671875,0.0,0.0,0.0,-0.34290817379951477,True,nan,False,9.839497579378076e-06,0.01
gpomdp_reward_only,712,865,1475879,0.0,False,99.0936279296875,1.6309101581573486,0.0,99.0936279296875,1151.392333984375,0.0,0.0,0.0,-0.16475841403007507,True,nan,False,3.0268220143625513e-06,0.01
gpomdp_reward_only,712,866,1476570,0.0,False,106.92189025878906,1.616085410118103,0.0,106.92189025878906,1120.5894775390625,0.0,0.0,0.0,-0.2545388638973236,True,nan,False,1.9218291527067777e-06,0.01
gpomdp_reward_only,712,867,1477223,0.0,False,35.138980865478516,1.6472707986831665,0.0,35.138980865478516,942.1328735351562,0.0,0.0,0.0,-0.44715553522109985,True,nan,False,1.2305966947678826e-06,0.01
gpomdp_reward_only,712,868,1477886,0.0,False,74.28180694580078,1.6339035034179688,0.0,74.28180694580078,939.6304931640625,0.0,0.0,0.0,0.4981795847415924,True,nan,False,1.2629043339984491e-06,0.01
gpomdp_reward_only,712,869,1478551,0.0,False,133.564208984375,1.6255357265472412,0.0,133.564208984375,965.7794189453125,0.0,0.0,0.0,0.09524605423212051,True,nan,False,5.866514584340621e-06,0.01
gpomdp_reward_only,712,870,1479231,0.0,False,169.83558654785156,1.8097388744354248,0.0,169.83558654785156,1928.900146484375,0.0,0.0,0.0,0.023693503811955452,True,nan,False,9.191898243443575e-06,0.01
gpomdp_reward_only,712,871,1480276,0.0,False,110.56573486328125,1.6235365867614746,0.0,110.56573486328125,1215.81298828125,0.0,0.0,0.0,0.019614962860941887,True,nan,False,1.4828965504420921e-05,0.01
gpomdp_reward_only,712,872,1481005,0.0,False,163.29150390625,1.6207669973373413,0.0,163.29150390625,1251.6680908203125,0.0,0.0,0.0,0.08923503011465073,True,nan,False,1.8408275082038017e-06,0.01
gpomdp_reward_only,712,873,1481687,0.0,False,158.15020751953125,1.8463516235351562,0.0,158.15020751953125,2285.83203125,0.0,0.0,0.0,0.47733229398727417,True,nan,False,6.8318095145514235e-06,0.01
gpomdp_reward_only,712,874,1482856,0.0,False,89.57353210449219,1.5978004932403564,0.0,89.57353210449219,951.3728637695312,0.0,0.0,0.0,0.13475359976291656,True,nan,False,1.907881051010918e-05,0.01
gpomdp_reward_only,712,875,1483485,0.0,False,98.29829406738281,1.6088500022888184,0.0,98.29829406738281,1192.378173828125,0.0,0.0,0.0,0.12625116109848022,True,nan,False,2.9716460630879737e-05,0.01
gpomdp_reward_only,712,876,1484168,0.0,False,176.740966796875,1.6290044784545898,0.0,176.740966796875,1194.41357421875,0.0,0.0,0.0,-0.04538321495056152,True,nan,False,4.5658474846277386e-05,0.01
gpomdp_reward_only,712,877,1484864,0.0,False,148.24761962890625,1.609199047088623,0.0,148.24761962890625,1001.2537841796875,0.0,0.0,0.0,0.4308894872665405,True,nan,False,6.326790753519163e-05,0.01
gpomdp_reward_only,712,878,1485455,0.0,False,115.29695129394531,1.6340610980987549,0.0,115.29695129394531,1428.1971435546875,0.0,0.0,0.0,0.09960543364286423,True,nan,False,7.003040082054213e-05,0.01
gpomdp_reward_only,712,879,1486242,0.0,False,74.96508026123047,1.6187598705291748,0.0,74.96508026123047,932.7687377929688,0.0,0.0,0.0,-0.22140271961688995,True,nan,False,6.633655721088871e-05,0.01
gpomdp_reward_only,712,880,1486913,0.0,False,154.69102478027344,1.6591904163360596,0.0,154.69102478027344,1893.0234375,0.0,0.0,0.0,-0.19678007066249847,True,nan,False,6.365587614709511e-05,0.01
gpomdp_reward_only,712,881,1487720,0.0,False,67.37248992919922,1.608134388923645,0.0,67.37248992919922,1341.731201171875,0.0,0.0,0.0,-0.42605194449424744,True,nan,False,4.686845204560086e-05,0.01
gpomdp_reward_only,712,882,1488440,0.0,False,208.510009765625,1.6240395307540894,0.0,208.510009765625,1479.6539306640625,0.0,0.0,0.0,-0.012842693366110325,True,nan,False,7.402899791486561e-05,0.01
gpomdp_reward_only,712,883,1489213,0.0,False,103.87333679199219,1.5977368354797363,0.0,103.87333679199219,893.0137329101562,0.0,0.0,0.0,0.10727138817310333,True,nan,False,7.969677972141653e-05,0.01
gpomdp_reward_only,712,884,1489887,0.0,False,200.00628662109375,1.6806846857070923,0.0,200.00628662109375,1540.9957275390625,0.0,0.0,0.0,-0.1300361454486847,True,nan,False,3.303382618469186e-05,0.01
gpomdp_reward_only,712,885,1490704,0.0,False,85.41717529296875,1.6101418733596802,0.0,85.41717529296875,1025.182373046875,0.0,0.0,0.0,-0.21551981568336487,True,nan,False,1.7975786249735393e-05,0.01
gpomdp_reward_only,712,886,1491387,0.0,False,71.60594177246094,1.5961501598358154,0.0,71.60594177246094,1241.0050048828125,0.0,0.0,0.0,-0.2708691656589508,True,nan,False,1.972976497199852e-05,0.01
gpomdp_reward_only,712,887,1492031,0.0,False,76.10041046142578,1.6256741285324097,0.0,76.10041046142578,1157.3284912109375,0.0,0.0,0.0,-0.1666639894247055,True,nan,False,1.987226823985111e-05,0.01
gpomdp_reward_only,712,888,1492765,0.0,False,135.18124389648438,1.6058310270309448,0.0,135.18124389648438,893.4452514648438,0.0,0.0,0.0,-0.1092948317527771,True,nan,False,1.05661601992324e-05,0.01
gpomdp_reward_only,712,889,1493399,0.0,False,144.2772674560547,1.6082948446273804,0.0,144.2772674560547,911.9718017578125,0.0,0.0,0.0,0.07015639543533325,True,nan,False,8.692161827639211e-06,0.01
gpomdp_reward_only,712,890,1494037,0.0,False,124.86790466308594,1.6132270097732544,0.0,124.86790466308594,954.3819580078125,0.0,0.0,0.0,0.4612540304660797,True,nan,False,3.402300990273943e-06,0.01
gpomdp_reward_only,712,891,1494672,0.0,False,111.67706298828125,1.650658130645752,0.0,111.67706298828125,1349.76513671875,0.0,0.0,0.0,0.52516108751297,True,nan,False,4.418253865878796e-06,0.01
gpomdp_reward_only,712,892,1495440,0.0,False,160.30799865722656,1.6107431650161743,0.0,160.30799865722656,1149.5416259765625,0.0,0.0,0.0,0.10074063390493393,True,nan,False,2.2453074052464217e-05,0.01
gpomdp_reward_only,712,893,1496165,0.0,False,102.69489288330078,1.6167267560958862,0.0,102.69489288330078,890.9116821289062,0.0,0.0,0.0,0.09189291298389435,True,nan,False,1.639903348404914e-05,0.01
gpomdp_reward_only,712,894,1496811,0.0,False,309.47918701171875,1.6151888370513916,0.0,309.47918701171875,1259.46337890625,0.0,0.0,0.0,0.18574358522891998,True,nan,False,7.68439713283442e-05,0.01
gpomdp_reward_only,712,895,1497489,0.0,False,117.8829116821289,1.7485103607177734,0.0,117.8829116821289,1769.113525390625,0.0,0.0,0.0,-0.5404247641563416,True,nan,False,3.227141860406846e-05,0.01
gpomdp_reward_only,712,896,1498440,0.0,False,98.35577392578125,1.6286797523498535,0.0,98.35577392578125,874.8417358398438,0.0,0.0,0.0,-0.14725267887115479,True,nan,False,2.4706254407647066e-05,0.01
gpomdp_reward_only,712,897,1499143,0.0,False,175.64349365234375,1.628933310508728,0.0,175.64349365234375,1369.191162109375,0.0,0.0,0.0,0.0633750855922699,True,nan,False,5.004969716537744e-05,0.01
gpomdp_reward_only,712,898,1499909,0.0,False,134.4141082763672,1.6556286811828613,0.0,134.4141082763672,2012.9273681640625,0.0,0.0,0.0,-0.45791107416152954,True,nan,False,3.939742236980237e-05,0.01
gpomdp_reward_only,712,899,1500715,0.0,False,68.88310241699219,1.5763949155807495,0.0,68.88310241699219,1031.364990234375,0.0,0.0,0.0,-0.24253864586353302,True,nan,False,4.982414611731656e-05,0.01
gpomdp_reward_only,712,900,1501353,0.0,False,105.18034362792969,1.6561490297317505,0.0,105.18034362792969,1565.7274169921875,0.0,0.0,0.0,0.3644450306892395,True,nan,False,2.1095485863042995e-05,0.01
gpomdp_reward_only,712,901,1502099,0.0,False,82.42842102050781,1.6682714223861694,0.0,82.42842102050781,1394.11279296875,0.0,0.0,0.0,0.0664120763540268,True,nan,False,2.145059079339262e-05,0.01
gpomdp_reward_only,712,902,1502845,0.0,False,41.14115524291992,1.6048436164855957,0.0,41.14115524291992,882.655029296875,0.0,0.0,0.0,-0.2364134043455124,True,nan,False,1.8422473658574745e-05,0.01
gpomdp_reward_only,712,903,1503496,0.0,False,96.400146484375,1.637654423713684,0.0,96.400146484375,1332.06005859375,0.0,0.0,0.0,-0.4982680082321167,True,nan,False,1.673150654823985e-05,0.01
gpomdp_reward_only,712,904,1504194,0.0,False,108.3417739868164,1.6252954006195068,0.0,108.3417739868164,1253.7042236328125,0.0,0.0,0.0,-0.18517912924289703,True,nan,False,1.3183705959818326e-05,0.01
gpomdp_reward_only,712,905,1504959,0.0,False,72.70364379882812,1.6201263666152954,0.0,72.70364379882812,1238.7244873046875,0.0,0.0,0.0,0.32726943492889404,True,nan,False,1.0598575499898288e-05,0.01
gpomdp_reward_only,712,906,1505662,0.0,False,107.46663665771484,1.629308819770813,0.0,107.46663665771484,877.859130859375,0.0,0.0,0.0,-0.09307688474655151,True,nan,False,9.424273230251856e-06,0.01
gpomdp_reward_only,712,907,1506333,0.0,False,143.82806396484375,1.633041501045227,0.0,143.82806396484375,1061.00244140625,0.0,0.0,0.0,-0.027821287512779236,True,nan,False,2.030350287895999e-06,0.01
gpomdp_reward_only,712,908,1507044,0.0,False,71.94100952148438,1.6337908506393433,0.0,71.94100952148438,1371.3134765625,0.0,0.0,0.0,0.42016443610191345,True,nan,False,3.3254762001888594e-06,0.01
gpomdp_reward_only,712,909,1507695,0.0,False,110.52394104003906,1.6995370388031006,0.0,110.52394104003906,1044.8558349609375,0.0,0.0,0.0,0.4318320155143738,True,nan,False,6.065065008442616e-06,0.01
gpomdp_reward_only,712,910,1508469,0.0,False,138.06170654296875,1.6139570474624634,0.0,138.06170654296875,1312.9859619140625,0.0,0.0,0.0,-0.385288804769516,True,nan,False,8.574354069423862e-06,0.01
gpomdp_reward_only,712,911,1509219,0.0,False,74.85737609863281,1.6152106523513794,0.0,74.85737609863281,897.2550048828125,0.0,0.0,0.0,-0.1691656857728958,True,nan,False,6.3189727370627224e-06,0.01
gpomdp_reward_only,712,912,1509902,0.0,False,75.5862045288086,1.618162989616394,0.0,75.5862045288086,984.341064453125,0.0,0.0,0.0,0.07551155984401703,True,nan,False,1.0965915862470865e-05,0.01
gpomdp_reward_only,712,913,1510548,0.0,False,161.39532470703125,1.6413103342056274,0.0,161.39532470703125,1400.87109375,0.0,0.0,0.0,0.3823324143886566,True,nan,False,2.7758899250329705e-06,0.01
gpomdp_reward_only,712,914,1511331,0.0,False,81.07622528076172,1.6185810565948486,0.0,81.07622528076172,968.819091796875,0.0,0.0,0.0,0.36251309514045715,True,nan,False,2.5207475573552074e-06,0.01
gpomdp_reward_only,712,915,1511965,0.0,False,111.86650848388672,1.6132125854492188,0.0,111.86650848388672,804.407958984375,0.0,0.0,0.0,-0.007161393295973539,True,nan,False,4.204998276691185e-06,0.01
gpomdp_reward_only,712,916,1512626,0.0,False,69.41120910644531,1.6359179019927979,0.0,69.41120910644531,747.2262573242188,0.0,0.0,0.0,0.1524791568517685,True,nan,False,2.3458242139895447e-06,0.01
gpomdp_reward_only,712,917,1513310,0.0,False,74.32817077636719,1.623596429824829,0.0,74.32817077636719,921.6373291015625,0.0,0.0,0.0,0.01033107005059719,True,nan,False,4.889181127509801e-06,0.01
gpomdp_reward_only,712,918,1513947,0.0,False,97.92070007324219,1.5937172174453735,0.0,97.92070007324219,824.4584350585938,0.0,0.0,0.0,-0.18824519217014313,True,nan,False,1.0451523849042132e-05,0.01
gpomdp_reward_only,712,919,1514577,0.0,False,116.26832580566406,1.6076505184173584,0.0,116.26832580566406,687.080322265625,0.0,0.0,0.0,0.02460489608347416,True,nan,False,1.5822112118257792e-06,0.01
gpomdp_reward_only,712,920,1515235,0.0,False,106.80661010742188,1.6280317306518555,0.0,106.80661010742188,1088.55908203125,0.0,0.0,0.0,-0.03544070944190025,True,nan,False,1.360724809273961e-06,0.01
gpomdp_reward_only,712,921,1515936,0.0,False,77.23711395263672,1.6011488437652588,0.0,77.23711395263672,981.39697265625,0.0,0.0,0.0,0.006196390371769667,True,nan,False,3.6087988064537058e-06,0.01
gpomdp_reward_only,712,922,1516621,0.0,False,160.31158447265625,1.6619600057601929,0.0,160.31158447265625,1310.962890625,0.0,0.0,0.0,-0.10017964243888855,True,nan,False,1.0732796908996534e-06,0.01
gpomdp_reward_only,712,923,1517396,0.0,False,98.59024047851562,1.6420087814331055,0.0,98.59024047851562,1439.4041748046875,0.0,0.0,0.0,0.22263924777507782,True,nan,False,4.583795089274645e-06,0.01
gpomdp_reward_only,712,924,1518139,0.0,False,172.50827026367188,1.606783151626587,0.0,172.50827026367188,810.7408447265625,0.0,0.0,0.0,0.05392056703567505,True,nan,False,1.1674726010824088e-05,0.01
gpomdp_reward_only,712,925,1518823,0.0,False,54.54154586791992,1.6204806566238403,0.0,54.54154586791992,820.1162719726562,0.0,0.0,0.0,0.29113221168518066,True,nan,False,1.1091186934208963e-05,0.01
gpomdp_reward_only,712,926,1519477,0.0,False,126.00778198242188,1.6145448684692383,0.0,126.00778198242188,786.9500732421875,0.0,0.0,0.0,-0.025708748027682304,True,nan,False,1.1590084795898292e-05,0.01
gpomdp_reward_only,712,927,1520121,0.0,False,96.5794448852539,1.6032973527908325,0.0,96.5794448852539,1217.5604248046875,0.0,0.0,0.0,0.3338589072227478,True,nan,False,8.85414829099318e-06,0.01
gpomdp_reward_only,712,928,1520818,0.0,False,160.04690551757812,1.6631643772125244,0.0,160.04690551757812,1526.8359375,0.0,0.0,0.0,0.06383763998746872,True,nan,False,9.530755960440729e-06,0.01
gpomdp_reward_only,712,929,1521635,0.0,False,81.83631896972656,1.5822936296463013,0.0,81.83631896972656,956.7944946289062,0.0,0.0,0.0,-0.05869647115468979,True,nan,False,8.787370461504906e-06,0.01
gpomdp_reward_only,712,930,1522280,0.0,False,214.3136444091797,1.6454999446868896,0.0,214.3136444091797,1396.3914794921875,0.0,0.0,0.0,-0.48307135701179504,True,nan,False,2.904236134781968e-05,0.01
gpomdp_reward_only,712,931,1523160,0.0,False,176.93736267089844,1.635075330734253,0.0,176.93736267089844,1847.1099853515625,0.0,0.0,0.0,-0.24336382746696472,True,nan,False,1.692083060333971e-05,0.01
gpomdp_reward_only,712,932,1523882,0.0,False,123.80247497558594,1.6287263631820679,0.0,123.80247497558594,1061.7572021484375,0.0,0.0,0.0,0.056800760328769684,True,nan,False,2.2089556296123192e-05,0.01
gpomdp_reward_only,712,933,1524589,0.0,False,108.10851287841797,1.6102452278137207,0.0,108.10851287841797,1054.6494140625,0.0,0.0,0.0,0.21857737004756927,True,nan,False,2.3206424884847365e-05,0.01
gpomdp_reward_only,712,934,1525275,0.0,False,148.7892608642578,1.6249006986618042,0.0,148.7892608642578,1131.30419921875,0.0,0.0,0.0,0.34149816632270813,True,nan,False,6.288668828346999e-06,0.01
gpomdp_reward_only,712,935,1525949,0.0,False,112.38439178466797,1.595524549484253,0.0,112.38439178466797,1118.429931640625,0.0,0.0,0.0,-0.2433028370141983,True,nan,False,1.3825813766743522e-05,0.01
gpomdp_reward_only,712,936,1526587,0.0,False,67.3934555053711,1.671791911125183,0.0,67.3934555053711,1899.4810791015625,0.0,0.0,0.0,-0.4370397627353668,True,nan,False,1.1406716112105642e-05,0.01
gpomdp_reward_only,712,937,1527492,0.0,False,58.165672302246094,1.5868000984191895,0.0,58.165672302246094,833.454833984375,0.0,0.0,0.0,-0.5190781950950623,True,nan,False,1.0599525921861641e-05,0.01
gpomdp_reward_only,712,938,1528152,0.0,False,95.19952392578125,1.5939077138900757,0.0,95.19952392578125,1312.852294921875,0.0,0.0,0.0,-0.36572834849357605,True,nan,False,4.846550382353598e-06,0.01
gpomdp_reward_only,712,939,1528854,0.0,False,192.04931640625,1.607313632965088,0.0,192.04931640625,1067.352783203125,0.0,0.0,0.0,0.12065792083740234,True,nan,False,1.2106285794288851e-05,0.01
gpomdp_reward_only,712,940,1529485,0.0,False,148.36123657226562,1.639085054397583,0.0,148.36123657226562,1207.481201171875,0.0,0.0,0.0,-0.20016396045684814,True,nan,False,9.638749361329246e-06,0.01
gpomdp_reward_only,712,941,1530231,0.0,False,87.33859252929688,1.656889796257019,0.0,87.33859252929688,1385.2694091796875,0.0,0.0,0.0,-0.26480406522750854,True,nan,False,9.41318921832135e-06,0.01
gpomdp_reward_only,712,942,1531003,0.0,False,132.66514587402344,1.6515021324157715,0.0,132.66514587402344,1426.4052734375,0.0,0.0,0.0,0.11126913130283356,True,nan,False,4.67874178866623e-06,0.01
gpomdp_reward_only,712,943,1531814,0.0,False,87.65304565429688,1.6089365482330322,0.0,87.65304565429688,973.8684692382812,0.0,0.0,0.0,0.04278786852955818,True,nan,False,6.704463430651231e-06,0.01
gpomdp_reward_only,712,944,1532487,0.0,False,81.42842102050781,1.6746723651885986,0.0,81.42842102050781,1145.2890625,0.0,0.0,0.0,-0.265878826379776,True,nan,False,4.59265174868051e-06,0.01
gpomdp_reward_only,712,945,1533267,0.0,False,104.38336944580078,1.6036865711212158,0.0,104.38336944580078,674.6283569335938,0.0,0.0,0.0,-0.1664760857820511,True,nan,False,3.0279936709121102e-06,0.01
gpomdp_reward_only,712,946,1533904,0.0,False,67.33565521240234,1.6204665899276733,0.0,67.33565521240234,1020.8220825195312,0.0,0.0,0.0,0.12227434664964676,True,nan,False,1.799646611289063e-06,0.01
gpomdp_reward_only,712,947,1534562,0.0,False,116.29666900634766,1.593978762626648,0.0,116.29666900634766,884.7617797851562,0.0,0.0,0.0,0.08452235907316208,True,nan,False,2.129387667082483e-06,0.01
gpomdp_reward_only,712,948,1535186,0.0,False,198.9274139404297,1.6233960390090942,0.0,198.9274139404297,1132.2930908203125,0.0,0.0,0.0,-0.18950717151165009,True,nan,False,1.6032754501793534e-05,0.01
gpomdp_reward_only,712,949,1535894,0.0,False,51.475399017333984,1.617555022239685,0.0,51.475399017333984,751.8892211914062,0.0,0.0,0.0,-0.5908823609352112,True,nan,False,1.4860440387565177e-05,0.01
gpomdp_reward_only,712,950,1536560,0.0,False,130.92022705078125,1.674271821975708,0.0,130.92022705078125,1459.2034912109375,0.0,0.0,0.0,-0.10554029792547226,True,nan,False,1.6751942894188687e-05,0.01
gpomdp_reward_only,712,951,1537392,0.0,False,77.08113861083984,1.6319741010665894,0.0,77.08113861083984,1186.548828125,0.0,0.0,0.0,0.12342999875545502,True,nan,False,2.743954973993823e-05,0.01
gpomdp_reward_only,712,952,1538113,0.0,False,45.04418182373047,1.6660122871398926,0.0,45.04418182373047,1816.1201171875,0.0,0.0,0.0,-0.29655468463897705,True,nan,False,1.7763979485607706e-05,0.01
gpomdp_reward_only,712,953,1538915,0.0,False,132.27044677734375,1.6672911643981934,0.0,132.27044677734375,1017.9827270507812,0.0,0.0,0.0,0.017929816618561745,True,nan,False,1.55801262735622e-05,0.01
gpomdp_reward_only,712,954,1539667,0.0,False,87.39046478271484,1.6136451959609985,0.0,87.39046478271484,1058.189697265625,0.0,0.0,0.0,0.24739661812782288,True,nan,False,8.925092515710276e-06,0.01
gpomdp_reward_only,712,955,1540351,0.0,False,119.84835052490234,1.6545829772949219,0.0,119.84835052490234,1683.4395751953125,0.0,0.0,0.0,-0.7228735089302063,True,nan,False,9.817905265663285e-06,0.01
gpomdp_reward_only,712,956,1541152,0.0,False,103.22577667236328,1.6630473136901855,0.0,103.22577667236328,1688.8289794921875,0.0,0.0,0.0,0.11923027038574219,True,nan,False,5.749117462983122e-06,0.01
gpomdp_reward_only,712,957,1542006,0.0,False,51.95750045776367,1.6195863485336304,0.0,51.95750045776367,964.0927734375,0.0,0.0,0.0,-0.6247061491012573,True,nan,False,5.595793481916189e-06,0.01
gpomdp_reward_only,712,958,1542653,0.0,False,172.89688110351562,1.6720408201217651,0.0,172.89688110351562,1405.3896484375,0.0,0.0,0.0,-0.061749570071697235,True,nan,False,4.590875505527947e-06,0.01
gpomdp_reward_only,712,959,1543457,0.0,False,87.39637756347656,1.659392237663269,0.0,87.39637756347656,642.5824584960938,0.0,0.0,0.0,0.09834151715040207,True,nan,False,9.645087629905902e-06,0.01
gpomdp_reward_only,712,960,1544102,0.0,False,204.11785888671875,1.6004786491394043,0.0,204.11785888671875,733.6458129882812,0.0,0.0,0.0,0.061236344277858734,True,nan,False,1.2621498171938583e-05,0.01
gpomdp_reward_only,712,961,1544728,0.0,False,138.2820587158203,1.607087254524231,0.0,138.2820587158203,1342.92333984375,0.0,0.0,0.0,0.006838197819888592,True,nan,False,4.280395387468161e-06,0.01
gpomdp_reward_only,712,962,1545395,0.0,False,115.2254867553711,1.6417937278747559,0.0,115.2254867553711,998.8245849609375,0.0,0.0,0.0,0.3379193842411041,True,nan,False,1.8022559515884495e-06,0.01
gpomdp_reward_only,712,963,1546044,0.0,False,63.03329086303711,1.5918796062469482,0.0,63.03329086303711,876.885009765625,0.0,0.0,0.0,-0.1423889845609665,True,nan,False,2.108832632075064e-06,0.01
gpomdp_reward_only,712,964,1546658,0.0,False,129.47927856445312,1.6273058652877808,0.0,129.47927856445312,1497.22998046875,0.0,0.0,0.0,-0.06406087428331375,True,nan,False,1.0238123877570615e-06,0.01
gpomdp_reward_only,712,965,1547410,0.0,False,79.9325180053711,1.6631979942321777,0.0,79.9325180053711,940.6303100585938,0.0,0.0,0.0,0.1748650223016739,True,nan,False,1.482484094594838e-06,0.01
gpomdp_reward_only,712,966,1548184,0.0,False,111.19951629638672,1.6220663785934448,0.0,111.19951629638672,783.9214477539062,0.0,0.0,0.0,-0.013649016618728638,True,nan,False,1.7162058156827698e-06,0.01
gpomdp_reward_only,712,967,1548814,0.0,False,85.6292724609375,1.7986282110214233,0.0,85.6292724609375,2535.78076171875,0.0,0.0,0.0,0.3809664249420166,True,nan,False,2.449056410114281e-06,0.01
gpomdp_reward_only,712,968,1549889,0.0,False,98.1262435913086,1.647200107574463,0.0,98.1262435913086,1412.7972412109375,0.0,0.0,0.0,0.2413831502199173,True,nan,False,7.473249752365518e-06,0.01
gpomdp_reward_only,712,969,1550623,0.0,False,58.025421142578125,1.616316318511963,0.0,58.025421142578125,851.5993041992188,0.0,0.0,0.0,-0.6146558523178101,True,nan,False,4.790204002347309e-06,0.01
gpomdp_reward_only,712,970,1551283,0.0,False,44.08530807495117,1.6253570318222046,0.0,44.08530807495117,1007.8399047851562,0.0,0.0,0.0,-0.05637562274932861,True,nan,False,3.855792328977259e-06,0.01
gpomdp_reward_only,712,971,1551904,0.0,False,120.80572509765625,1.6328567266464233,0.0,120.80572509765625,1046.6842041015625,0.0,0.0,0.0,-0.3148844540119171,True,nan,False,8.010899364307988e-06,0.01
gpomdp_reward_only,712,972,1552596,0.0,False,88.51605224609375,1.6498820781707764,0.0,88.51605224609375,1035.0184326171875,0.0,0.0,0.0,-0.39629748463630676,True,nan,False,4.7029384404595476e-06,0.01
gpomdp_reward_only,712,973,1553337,0.0,False,79.00377655029297,1.6210650205612183,0.0,79.00377655029297,1035.671630859375,0.0,0.0,0.0,-0.3732123374938965,True,nan,False,4.254572559148073e-06,0.01
gpomdp_reward_only,712,974,1553995,0.0,False,62.91154479980469,1.6034977436065674,0.0,62.91154479980469,742.1275634765625,0.0,0.0,0.0,-0.10560499876737595,True,nan,False,6.1346795519057196e-06,0.01
gpomdp_reward_only,712,975,1554620,0.0,False,74.74321746826172,1.6301580667495728,0.0,74.74321746826172,1237.57275390625,0.0,0.0,0.0,-0.46400877833366394,True,nan,False,6.56671500109951e-06,0.01
gpomdp_reward_only,712,976,1555359,0.0,False,125.29340362548828,1.6573266983032227,0.0,125.29340362548828,1106.3402099609375,0.0,0.0,0.0,-0.1984793096780777,True,nan,False,2.2741937755199615e-06,0.01
gpomdp_reward_only,712,977,1556092,0.0,False,256.1378479003906,1.6832966804504395,0.0,256.1378479003906,1250.0693359375,0.0,0.0,0.0,0.1387312263250351,True,nan,False,1.3424047210719436e-05,0.01
gpomdp_reward_only,712,978,1557014,0.0,False,56.50273895263672,1.6212760210037231,0.0,56.50273895263672,1215.3377685546875,0.0,0.0,0.0,-0.03330319747328758,True,nan,False,1.5549112504231744e-05,0.01
gpomdp_reward_only,712,979,1557688,0.0,False,126.0740966796875,1.657023310661316,0.0,126.0740966796875,1515.3427734375,0.0,0.0,0.0,-0.2938588857650757,True,nan,False,2.2759475541533902e-05,0.01
gpomdp_reward_only,712,980,1558500,0.0,False,94.05196380615234,1.6241992712020874,0.0,94.05196380615234,1269.26708984375,0.0,0.0,0.0,-0.15750029683113098,True,nan,False,2.150809086742811e-05,0.01
gpomdp_reward_only,712,981,1559177,0.0,False,123.81654357910156,1.6358193159103394,0.0,123.81654357910156,994.754150390625,0.0,0.0,0.0,-0.20343993604183197,True,nan,False,1.2117492588004097e-05,0.01
gpomdp_reward_only,712,982,1559882,0.0,False,139.25473022460938,1.6306480169296265,0.0,139.25473022460938,789.9457397460938,0.0,0.0,0.0,-0.13842816650867462,True,nan,False,1.1510879630804993e-05,0.01
gpomdp_reward_only,712,983,1560520,0.0,False,86.3743896484375,1.6585215330123901,0.0,86.3743896484375,1363.882568359375,0.0,0.0,0.0,-0.29033711552619934,True,nan,False,1.2768471606250387e-05,0.01
gpomdp_reward_only,712,984,1561262,0.0,False,188.45217895507812,1.6484307050704956,0.0,188.45217895507812,1067.2864990234375,0.0,0.0,0.0,-0.43545904755592346,True,nan,False,2.1232062863418832e-05,0.01
gpomdp_reward_only,712,985,1561947,0.0,False,116.806396484375,1.6429842710494995,0.0,116.806396484375,1113.6988525390625,0.0,0.0,0.0,0.3981783092021942,True,nan,False,8.847665412758943e-06,0.01
gpomdp_reward_only,712,986,1562606,0.0,False,92.60830688476562,1.6492938995361328,0.0,92.60830688476562,791.8546142578125,0.0,0.0,0.0,0.02215818502008915,True,nan,False,1.1515141522977501e-05,0.01
gpomdp_reward_only,712,987,1563255,0.0,False,68.4017562866211,1.6308691501617432,0.0,68.4017562866211,972.5235595703125,0.0,0.0,0.0,-0.13562849164009094,True,nan,False,1.2858500667789485e-05,0.01
gpomdp_reward_only,712,988,1563900,0.0,False,113.71550750732422,1.6529767513275146,0.0,113.71550750732422,1036.8505859375,0.0,0.0,0.0,-0.11012773960828781,True,nan,False,3.0573803542210953e-06,0.01
gpomdp_reward_only,712,989,1564589,0.0,False,99.20899963378906,1.6517624855041504,0.0,99.20899963378906,903.7567138671875,0.0,0.0,0.0,-0.14624705910682678,True,nan,False,7.554976036772132e-06,0.01
gpomdp_reward_only,712,990,1565214,0.0,False,47.350032806396484,1.659773349761963,0.0,47.350032806396484,1078.229248046875,0.0,0.0,0.0,-0.4071139991283417,True,nan,False,6.547868906636722e-06,0.01
gpomdp_reward_only,712,991,1565923,0.0,False,186.92051696777344,1.641568660736084,0.0,186.92051696777344,1124.7205810546875,0.0,0.0,0.0,-0.19300174713134766,True,nan,False,1.0897917491092812e-05,0.01
gpomdp_reward_only,712,992,1566650,0.0,False,88.49436950683594,1.643113613128662,0.0,88.49436950683594,774.8280639648438,0.0,0.0,0.0,0.09148643165826797,True,nan,False,9.574378054821864e-06,0.01
gpomdp_reward_only,712,993,1567245,0.0,False,81.4267349243164,1.669700264930725,0.0,81.4267349243164,1096.990234375,0.0,0.0,0.0,0.1165672093629837,True,nan,False,8.841304406814743e-06,0.01
gpomdp_reward_only,712,994,1567884,0.0,False,99.59781646728516,1.645747423171997,0.0,99.59781646728516,757.4869995117188,0.0,0.0,0.0,0.025251245126128197,True,nan,False,9.906122613756452e-06,0.01
gpomdp_reward_only,712,995,1568537,0.0,False,92.0570068359375,1.6512926816940308,0.0,92.0570068359375,1041.5274658203125,0.0,0.0,0.0,0.11265300959348679,True,nan,False,3.913480668416014e-06,0.01
gpomdp_reward_only,712,996,1569211,0.0,False,76.51386260986328,1.6809049844741821,0.0,76.51386260986328,1116.8701171875,0.0,0.0,0.0,0.12494499236345291,True,nan,False,1.5281246987797203e-06,0.01
gpomdp_reward_only,712,997,1569938,0.0,False,67.43216705322266,1.6589356660842896,0.0,67.43216705322266,1029.760986328125,0.0,0.0,0.0,0.323883593082428,True,nan,False,2.473039330652682e-06,0.01
gpomdp_reward_only,712,998,1570652,0.0,False,146.5877685546875,1.660154104232788,0.0,146.5877685546875,933.6909790039062,0.0,0.0,0.0,-0.2907933294773102,True,nan,False,6.357437086990103e-06,0.01
gpomdp_reward_only,712,999,1571328,0.0,False,199.90737915039062,1.6590138673782349,0.0,199.90737915039062,1164.62646484375,0.0,0.0,0.0,-0.19463050365447998,True,nan,False,2.5506600650260225e-05,0.01
