Device       : cpu

========== GPOMDP LOSS ==========
states shape  = (128, 35, 11)
actions shape = (128, 35, 3)
rewards shape = (128, 35)
returns shape = (128, 35)
mask shape    = (128, 35)
log_probs shape = (128, 35)
valid steps = 3049
objective = -1.180059
loss = 1.180059
========== END GPOMDP DEBUG ==========


========== NPG PRECONDITIONING ==========
Fisher condition number  : 7.671e+02
||nat_g|| / ||g||        : 1.346
========== END NPG DEBUG ==========

/Users/adelella/Documents/Useful/More/pj/vanilla-policy-gradient/vpg/train.py:127: UserWarning: Converting a tensor with requires_grad=True to a scalar may lead to unexpected behavior.
Consider using tensor.detach() first. (Triggered internally at /Users/runner/work/pytorch/pytorch/torch/csrc/autograd/generated/python_variable_methods.cpp:839.)
  return float(torch.cat(grads).norm())
Iteration 0000 | train reward: 4.22 | best: 4.22 | KL: 4.445e-05 | std: 0.6072 | rollout: 1.081s | update: 0.119s | total: 1.200s | samples/s: 2541
Iteration 0001 | train reward: 4.26 | best: 4.26 | KL: 6.827e-05 | std: 0.6082 | rollout: 0.921s | update: 0.066s | total: 0.987s | samples/s: 3175
Iteration 0002 | train reward: 4.62 | best: 4.62 | KL: 4.801e-05 | std: 0.6086 | rollout: 1.216s | update: 0.043s | total: 1.260s | samples/s: 2474
Iteration 0003 | train reward: 4.48 | best: 4.62 | KL: 3.257e-05 | std: 0.6090 | rollout: 0.984s | update: 0.129s | total: 1.113s | samples/s: 2798
Iteration 0004 | train reward: 4.78 | best: 4.78 | KL: 9.369e-05 | std: 0.6094 | rollout: 1.199s | update: 0.038s | total: 1.237s | samples/s: 2451
Iteration 0005 | train reward: 5.28 | best: 5.28 | KL: 1.121e-04 | std: 0.6105 | rollout: 1.160s | update: 0.048s | total: 1.207s | samples/s: 2689
Iteration 0006 | train reward: 5.01 | best: 5.28 | KL: 5.843e-05 | std: 0.6112 | rollout: 1.212s | update: 0.067s | total: 1.279s | samples/s: 2444
Iteration 0007 | train reward: 5.14 | best: 5.28 | KL: 7.073e-05 | std: 0.6115 | rollout: 1.005s | update: 0.044s | total: 1.050s | samples/s: 2941
Iteration 0008 | train reward: 5.57 | best: 5.57 | KL: 1.165e-04 | std: 0.6115 | rollout: 1.030s | update: 0.046s | total: 1.076s | samples/s: 3012
Iteration 0009 | train reward: 5.60 | best: 5.60 | KL: 1.049e-04 | std: 0.6122 | rollout: 1.082s | update: 0.060s | total: 1.143s | samples/s: 2814
Iteration 0010 | train reward: 5.51 | best: 5.60 | KL: 7.879e-05 | std: 0.6128 | rollout: 0.993s | update: 0.052s | total: 1.045s | samples/s: 3090
Iteration 0011 | train reward: 6.42 | best: 6.42 | KL: 1.034e-04 | std: 0.6134 | rollout: 1.176s | update: 0.096s | total: 1.272s | samples/s: 2643
Iteration 0012 | train reward: 5.44 | best: 6.42 | KL: 7.143e-05 | std: 0.6141 | rollout: 0.974s | update: 0.109s | total: 1.083s | samples/s: 2908
Iteration 0013 | train reward: 5.75 | best: 6.42 | KL: 6.984e-05 | std: 0.6144 | rollout: 1.192s | update: 0.076s | total: 1.269s | samples/s: 2558
Iteration 0014 | train reward: 7.29 | best: 7.29 | KL: 9.845e-05 | std: 0.6149 | rollout: 1.526s | update: 0.033s | total: 1.559s | samples/s: 2179
Iteration 0015 | train reward: 6.70 | best: 7.29 | KL: 7.436e-05 | std: 0.6154 | rollout: 1.121s | update: 0.032s | total: 1.153s | samples/s: 2776
Iteration 0016 | train reward: 7.98 | best: 7.98 | KL: 1.624e-04 | std: 0.6163 | rollout: 1.677s | update: 0.016s | total: 1.693s | samples/s: 2101
Iteration 0017 | train reward: 8.23 | best: 8.23 | KL: 1.433e-04 | std: 0.6169 | rollout: 1.534s | update: 0.142s | total: 1.676s | samples/s: 2108
Iteration 0018 | train reward: 8.80 | best: 8.80 | KL: 1.251e-04 | std: 0.6172 | rollout: 1.370s | update: 0.027s | total: 1.396s | samples/s: 2452
Iteration 0019 | train reward: 7.90 | best: 8.80 | KL: 8.844e-05 | std: 0.6176 | rollout: 1.133s | update: 0.023s | total: 1.156s | samples/s: 2928
Iteration 0020 | train reward: 9.52 | best: 9.52 | KL: 1.264e-04 | std: 0.6177 | rollout: 1.828s | update: 0.096s | total: 1.924s | samples/s: 1904
Iteration 0021 | train reward: 9.75 | best: 9.75 | KL: 1.545e-04 | std: 0.6183 | rollout: 1.692s | update: 0.072s | total: 1.764s | samples/s: 2111
Iteration 0022 | train reward: 11.08 | best: 11.08 | KL: 1.556e-04 | std: 0.6182 | rollout: 1.841s | update: 0.026s | total: 1.866s | samples/s: 1971
Iteration 0023 | train reward: 10.68 | best: 11.08 | KL: 1.043e-04 | std: 0.6188 | rollout: 1.525s | update: 0.027s | total: 1.552s | samples/s: 2405
Iteration 0024 | train reward: 11.47 | best: 11.47 | KL: 1.605e-04 | std: 0.6188 | rollout: 1.529s | update: 0.015s | total: 1.544s | samples/s: 2393
Iteration 0025 | train reward: 14.42 | best: 14.42 | KL: 1.769e-04 | std: 0.6186 | rollout: 2.074s | update: 0.068s | total: 2.142s | samples/s: 1951
Iteration 0026 | train reward: 13.42 | best: 14.42 | KL: 1.318e-04 | std: 0.6193 | rollout: 2.180s | update: 0.045s | total: 2.225s | samples/s: 1846
Iteration 0027 | train reward: 14.51 | best: 14.51 | KL: 1.175e-04 | std: 0.6197 | rollout: 1.843s | update: 0.031s | total: 1.873s | samples/s: 2104
Iteration 0028 | train reward: 13.64 | best: 14.51 | KL: 1.011e-04 | std: 0.6201 | rollout: 1.906s | update: 0.085s | total: 1.991s | samples/s: 1935
Iteration 0029 | train reward: 21.69 | best: 21.69 | KL: 1.486e-04 | std: 0.6208 | rollout: 2.138s | update: 0.065s | total: 2.203s | samples/s: 2100
Iteration 0030 | train reward: 16.48 | best: 21.69 | KL: 1.280e-04 | std: 0.6211 | rollout: 2.351s | update: 0.090s | total: 2.441s | samples/s: 1775
Iteration 0031 | train reward: 25.09 | best: 25.09 | KL: 1.845e-04 | std: 0.6218 | rollout: 2.625s | update: 0.022s | total: 2.647s | samples/s: 1871
Iteration 0032 | train reward: 27.26 | best: 27.26 | KL: 1.826e-04 | std: 0.6219 | rollout: 2.085s | update: 0.038s | total: 2.123s | samples/s: 2273
Iteration 0033 | train reward: 28.84 | best: 28.84 | KL: 1.738e-04 | std: 0.6222 | rollout: 2.522s | update: 0.042s | total: 2.564s | samples/s: 1922
Iteration 0034 | train reward: 33.22 | best: 33.22 | KL: 1.680e-04 | std: 0.6222 | rollout: 3.009s | update: 0.016s | total: 3.025s | samples/s: 1729
Iteration 0035 | train reward: 31.51 | best: 33.22 | KL: 1.581e-04 | std: 0.6218 | rollout: 3.115s | update: 0.029s | total: 3.144s | samples/s: 1684
Iteration 0036 | train reward: 31.40 | best: 33.22 | KL: 1.751e-04 | std: 0.6211 | rollout: 2.367s | update: 0.066s | total: 2.433s | samples/s: 1981
Iteration 0037 | train reward: 42.74 | best: 42.74 | KL: 1.891e-04 | std: 0.6208 | rollout: 2.719s | update: 0.019s | total: 2.738s | samples/s: 2110
Iteration 0038 | train reward: 42.64 | best: 42.74 | KL: 1.915e-04 | std: 0.6209 | rollout: 2.730s | update: 0.050s | total: 2.780s | samples/s: 2076
Iteration 0039 | train reward: 47.66 | best: 47.66 | KL: 1.594e-04 | std: 0.6215 | rollout: 3.583s | update: 0.052s | total: 3.634s | samples/s: 1647
Iteration 0040 | train reward: 50.29 | best: 50.29 | KL: 2.279e-04 | std: 0.6217 | rollout: 2.808s | update: 0.069s | total: 2.877s | samples/s: 2118
Iteration 0041 | train reward: 58.89 | best: 58.89 | KL: 2.120e-04 | std: 0.6210 | rollout: 4.390s | update: 0.033s | total: 4.423s | samples/s: 1538
Iteration 0042 | train reward: 49.43 | best: 58.89 | KL: 1.741e-04 | std: 0.6206 | rollout: 3.289s | update: 0.024s | total: 3.313s | samples/s: 1835
Iteration 0043 | train reward: 61.83 | best: 61.83 | KL: 2.271e-04 | std: 0.6198 | rollout: 2.953s | update: 0.077s | total: 3.030s | samples/s: 2123
Iteration 0044 | train reward: 60.73 | best: 61.83 | KL: 2.065e-04 | std: 0.6192 | rollout: 3.393s | update: 0.056s | total: 3.448s | samples/s: 1918
Iteration 0045 | train reward: 69.42 | best: 69.42 | KL: 2.033e-04 | std: 0.6189 | rollout: 3.053s | update: 0.030s | total: 3.083s | samples/s: 2237
Iteration 0046 | train reward: 65.42 | best: 69.42 | KL: 9.943e-05 | std: 0.6188 | rollout: 3.622s | update: 0.118s | total: 3.740s | samples/s: 1860
Iteration 0047 | train reward: 72.21 | best: 72.21 | KL: 1.626e-04 | std: 0.6182 | rollout: 3.269s | update: 0.043s | total: 3.313s | samples/s: 2129
Iteration 0048 | train reward: 73.49 | best: 73.49 | KL: 1.237e-04 | std: 0.6175 | rollout: 3.521s | update: 0.146s | total: 3.668s | samples/s: 1912
Iteration 0049 | train reward: 75.88 | best: 75.88 | KL: 1.457e-04 | std: 0.6172 | rollout: 3.582s | update: 0.044s | total: 3.626s | samples/s: 1969
Iteration 0050 | train reward: 79.20 | best: 79.20 | KL: 1.695e-04 | std: 0.6176 | rollout: 3.869s | update: 0.051s | total: 3.919s | samples/s: 1889
Iteration 0051 | train reward: 85.91 | best: 85.91 | KL: 1.422e-04 | std: 0.6174 | rollout: 4.097s | update: 0.066s | total: 4.162s | samples/s: 1843
Iteration 0052 | train reward: 82.95 | best: 85.91 | KL: 1.510e-04 | std: 0.6173 | rollout: 2.927s | update: 0.092s | total: 3.018s | samples/s: 2379
Iteration 0053 | train reward: 85.77 | best: 85.91 | KL: 1.241e-04 | std: 0.6172 | rollout: 4.362s | update: 0.070s | total: 4.432s | samples/s: 1732
Iteration 0054 | train reward: 88.49 | best: 88.49 | KL: 1.062e-04 | std: 0.6176 | rollout: 3.459s | update: 0.036s | total: 3.495s | samples/s: 2291
Iteration 0055 | train reward: 89.78 | best: 89.78 | KL: 1.456e-04 | std: 0.6173 | rollout: 4.317s | update: 0.054s | total: 4.372s | samples/s: 1793
Iteration 0056 | train reward: 90.00 | best: 90.00 | KL: 1.146e-04 | std: 0.6169 | rollout: 3.218s | update: 0.047s | total: 3.265s | samples/s: 2401
Iteration 0057 | train reward: 94.73 | best: 94.73 | KL: 1.316e-04 | std: 0.6166 | rollout: 3.245s | update: 0.048s | total: 3.293s | samples/s: 2452
Iteration 0058 | train reward: 95.86 | best: 95.86 | KL: 1.789e-04 | std: 0.6161 | rollout: 4.727s | update: 0.089s | total: 4.815s | samples/s: 1751
Iteration 0059 | train reward: 98.13 | best: 98.13 | KL: 1.472e-04 | std: 0.6155 | rollout: 3.864s | update: 0.046s | total: 3.910s | samples/s: 2141
Iteration 0060 | train reward: 105.42 | best: 105.42 | KL: 1.428e-04 | std: 0.6156 | rollout: 2.951s | update: 0.035s | total: 2.986s | samples/s: 2883
Iteration 0061 | train reward: 104.35 | best: 105.42 | KL: 1.960e-04 | std: 0.6150 | rollout: 3.615s | update: 0.031s | total: 3.645s | samples/s: 2358
Iteration 0062 | train reward: 113.72 | best: 113.72 | KL: 1.536e-04 | std: 0.6146 | rollout: 4.087s | update: 0.035s | total: 4.123s | samples/s: 2232
Iteration 0063 | train reward: 111.08 | best: 113.72 | KL: 1.328e-04 | std: 0.6147 | rollout: 3.356s | update: 0.019s | total: 3.375s | samples/s: 2672
Iteration 0064 | train reward: 105.22 | best: 113.72 | KL: 2.244e-04 | std: 0.6143 | rollout: 3.025s | update: 0.038s | total: 3.063s | samples/s: 2855
Iteration 0065 | train reward: 119.72 | best: 119.72 | KL: 1.661e-04 | std: 0.6149 | rollout: 3.657s | update: 0.040s | total: 3.698s | samples/s: 2521
Iteration 0066 | train reward: 112.73 | best: 119.72 | KL: 2.071e-04 | std: 0.6143 | rollout: 3.581s | update: 0.035s | total: 3.616s | samples/s: 2487
Iteration 0067 | train reward: 122.69 | best: 122.69 | KL: 2.583e-04 | std: 0.6145 | rollout: 3.637s | update: 0.129s | total: 3.766s | samples/s: 2490
Iteration 0068 | train reward: 140.62 | best: 140.62 | KL: 2.130e-04 | std: 0.6135 | rollout: 4.533s | update: 0.036s | total: 4.568s | samples/s: 2266
Iteration 0069 | train reward: 145.04 | best: 145.04 | KL: 2.367e-04 | std: 0.6133 | rollout: 4.503s | update: 0.034s | total: 4.537s | samples/s: 2337
Iteration 0070 | train reward: 134.38 | best: 145.04 | KL: 2.464e-04 | std: 0.6123 | rollout: 4.114s | update: 0.080s | total: 4.195s | samples/s: 2412
Iteration 0071 | train reward: 151.06 | best: 151.06 | KL: 1.805e-04 | std: 0.6120 | rollout: 5.055s | update: 0.189s | total: 5.244s | samples/s: 2106
Iteration 0072 | train reward: 146.40 | best: 151.06 | KL: 2.853e-04 | std: 0.6115 | rollout: 4.562s | update: 0.032s | total: 4.594s | samples/s: 2292
Iteration 0073 | train reward: 153.10 | best: 153.10 | KL: 2.476e-04 | std: 0.6109 | rollout: 5.212s | update: 0.033s | total: 5.245s | samples/s: 2065
Iteration 0074 | train reward: 155.51 | best: 155.51 | KL: 2.827e-04 | std: 0.6094 | rollout: 5.148s | update: 0.058s | total: 5.206s | samples/s: 2133
Iteration 0075 | train reward: 164.52 | best: 164.52 | KL: 2.206e-04 | std: 0.6087 | rollout: 4.198s | update: 0.184s | total: 4.382s | samples/s: 2551
Iteration 0076 | train reward: 164.65 | best: 164.65 | KL: 2.326e-04 | std: 0.6088 | rollout: 4.037s | update: 0.045s | total: 4.082s | samples/s: 2808
Iteration 0077 | train reward: 172.83 | best: 172.83 | KL: 2.141e-04 | std: 0.6074 | rollout: 3.878s | update: 0.161s | total: 4.039s | samples/s: 2892
Iteration 0078 | train reward: 177.79 | best: 177.79 | KL: 1.861e-04 | std: 0.6068 | rollout: 3.904s | update: 0.106s | total: 4.009s | samples/s: 2962
Iteration 0079 | train reward: 173.33 | best: 177.79 | KL: 3.063e-04 | std: 0.6065 | rollout: 4.139s | update: 0.144s | total: 4.283s | samples/s: 2690
Iteration 0080 | train reward: 191.94 | best: 191.94 | KL: 1.855e-04 | std: 0.6061 | rollout: 4.086s | update: 0.037s | total: 4.122s | samples/s: 2984
Iteration 0081 | train reward: 190.19 | best: 191.94 | KL: 2.186e-04 | std: 0.6059 | rollout: 4.410s | update: 0.037s | total: 4.446s | samples/s: 2753
Iteration 0082 | train reward: 188.55 | best: 191.94 | KL: 3.365e-04 | std: 0.6053 | rollout: 4.337s | update: 0.032s | total: 4.368s | samples/s: 2781
Iteration 0083 | train reward: 201.56 | best: 201.56 | KL: 2.748e-04 | std: 0.6048 | rollout: 4.291s | update: 0.052s | total: 4.343s | samples/s: 2943
Iteration 0084 | train reward: 211.25 | best: 211.25 | KL: 2.311e-04 | std: 0.6063 | rollout: 4.941s | update: 0.179s | total: 5.120s | samples/s: 2635
Iteration 0085 | train reward: 206.87 | best: 211.25 | KL: 9.456e-05 | std: 0.6061 | rollout: 4.682s | update: 0.174s | total: 4.856s | samples/s: 2674
Iteration 0086 | train reward: 205.37 | best: 211.25 | KL: 1.591e-04 | std: 0.6053 | rollout: 4.047s | update: 0.056s | total: 4.103s | samples/s: 3148
Iteration 0087 | train reward: 210.96 | best: 211.25 | KL: 1.713e-04 | std: 0.6048 | rollout: 4.218s | update: 0.082s | total: 4.300s | samples/s: 3097
Iteration 0088 | train reward: 207.66 | best: 211.25 | KL: 1.482e-04 | std: 0.6043 | rollout: 4.105s | update: 0.055s | total: 4.160s | samples/s: 3146
Iteration 0089 | train reward: 212.67 | best: 212.67 | KL: 1.864e-04 | std: 0.6048 | rollout: 4.781s | update: 0.034s | total: 4.815s | samples/s: 2767
Iteration 0090 | train reward: 211.66 | best: 212.67 | KL: 1.079e-04 | std: 0.6042 | rollout: 4.588s | update: 0.076s | total: 4.664s | samples/s: 2801
Iteration 0091 | train reward: 216.71 | best: 216.71 | KL: 8.379e-05 | std: 0.6034 | rollout: 4.521s | update: 0.032s | total: 4.553s | samples/s: 3021
Iteration 0092 | train reward: 216.59 | best: 216.71 | KL: 1.167e-04 | std: 0.6029 | rollout: 4.141s | update: 0.044s | total: 4.185s | samples/s: 3221
Iteration 0093 | train reward: 211.16 | best: 216.71 | KL: 1.643e-04 | std: 0.6033 | rollout: 4.852s | update: 0.043s | total: 4.895s | samples/s: 2709
Iteration 0094 | train reward: 217.23 | best: 217.23 | KL: 9.019e-05 | std: 0.6033 | rollout: 4.098s | update: 0.041s | total: 4.140s | samples/s: 3296
Iteration 0095 | train reward: 218.80 | best: 218.80 | KL: 1.031e-04 | std: 0.6037 | rollout: 4.885s | update: 0.147s | total: 5.032s | samples/s: 2697
Iteration 0096 | train reward: 211.96 | best: 218.80 | KL: 2.362e-04 | std: 0.6030 | rollout: 4.180s | update: 0.076s | total: 4.256s | samples/s: 3106
Iteration 0097 | train reward: 207.71 | best: 218.80 | KL: 1.421e-04 | std: 0.6029 | rollout: 3.810s | update: 0.163s | total: 3.973s | samples/s: 3258
Iteration 0098 | train reward: 218.39 | best: 218.80 | KL: 1.250e-04 | std: 0.6031 | rollout: 4.069s | update: 0.171s | total: 4.240s | samples/s: 3176
Iteration 0099 | train reward: 221.34 | best: 221.34 | KL: 1.238e-04 | std: 0.6020 | rollout: 4.553s | update: 0.064s | total: 4.618s | samples/s: 2996
Iteration 0100 | train reward: 217.94 | best: 221.34 | KL: 1.196e-04 | std: 0.6004 | rollout: 4.149s | update: 0.059s | total: 4.207s | samples/s: 3265
Iteration 0101 | train reward: 214.09 | best: 221.34 | KL: 1.011e-04 | std: 0.6009 | rollout: 4.150s | update: 0.053s | total: 4.203s | samples/s: 3186
Iteration 0102 | train reward: 219.40 | best: 221.34 | KL: 1.399e-04 | std: 0.6009 | rollout: 4.686s | update: 0.121s | total: 4.807s | samples/s: 2846
Iteration 0103 | train reward: 219.33 | best: 221.34 | KL: 1.552e-04 | std: 0.6014 | rollout: 4.517s | update: 0.255s | total: 4.772s | samples/s: 2882
Iteration 0104 | train reward: 218.20 | best: 221.34 | KL: 1.468e-04 | std: 0.6009 | rollout: 4.368s | update: 0.115s | total: 4.483s | samples/s: 3034
Iteration 0105 | train reward: 221.59 | best: 221.59 | KL: 2.454e-04 | std: 0.6022 | rollout: 4.088s | update: 0.151s | total: 4.239s | samples/s: 3210
Iteration 0106 | train reward: 220.62 | best: 221.59 | KL: 1.262e-04 | std: 0.6016 | rollout: 4.208s | update: 0.041s | total: 4.249s | samples/s: 3197
Iteration 0107 | train reward: 220.61 | best: 221.59 | KL: 1.047e-04 | std: 0.6009 | rollout: 4.024s | update: 0.146s | total: 4.170s | samples/s: 3289
Iteration 0108 | train reward: 224.81 | best: 224.81 | KL: 1.247e-04 | std: 0.6001 | rollout: 4.257s | update: 0.116s | total: 4.373s | samples/s: 3256
Iteration 0109 | train reward: 224.81 | best: 224.81 | KL: 1.387e-04 | std: 0.6009 | rollout: 4.290s | update: 0.140s | total: 4.430s | samples/s: 3166
Iteration 0110 | train reward: 225.21 | best: 225.21 | KL: 1.372e-04 | std: 0.6001 | rollout: 4.415s | update: 0.085s | total: 4.500s | samples/s: 3117
Iteration 0111 | train reward: 224.19 | best: 225.21 | KL: 1.778e-04 | std: 0.5994 | rollout: 4.581s | update: 0.136s | total: 4.717s | samples/s: 2967
Iteration 0112 | train reward: 223.57 | best: 225.21 | KL: 1.242e-04 | std: 0.5981 | rollout: 5.399s | update: 0.164s | total: 5.563s | samples/s: 2566
Iteration 0113 | train reward: 224.91 | best: 225.21 | KL: 1.146e-04 | std: 0.5979 | rollout: 4.945s | update: 0.070s | total: 5.015s | samples/s: 2833
Iteration 0114 | train reward: 222.70 | best: 225.21 | KL: 1.797e-04 | std: 0.5968 | rollout: 4.693s | update: 0.079s | total: 4.772s | samples/s: 2893
Iteration 0115 | train reward: 223.05 | best: 225.21 | KL: 2.011e-04 | std: 0.5959 | rollout: 4.477s | update: 0.091s | total: 4.568s | samples/s: 3038
Iteration 0116 | train reward: 220.28 | best: 225.21 | KL: 1.796e-04 | std: 0.5955 | rollout: 4.427s | update: 0.056s | total: 4.483s | samples/s: 3084
Iteration 0117 | train reward: 224.92 | best: 225.21 | KL: 1.115e-04 | std: 0.5957 | rollout: 4.695s | update: 0.035s | total: 4.730s | samples/s: 2957
Iteration 0118 | train reward: 229.42 | best: 229.42 | KL: 1.170e-04 | std: 0.5962 | rollout: 4.744s | update: 0.039s | total: 4.784s | samples/s: 3033
Iteration 0119 | train reward: 229.05 | best: 229.42 | KL: 1.170e-04 | std: 0.5962 | rollout: 3.757s | update: 0.048s | total: 3.805s | samples/s: 3799
Iteration 0120 | train reward: 227.39 | best: 229.42 | KL: 9.965e-05 | std: 0.5957 | rollout: 4.691s | update: 0.103s | total: 4.793s | samples/s: 2992
Iteration 0121 | train reward: 226.42 | best: 229.42 | KL: 1.319e-04 | std: 0.5965 | rollout: 4.523s | update: 0.156s | total: 4.679s | samples/s: 3047
Iteration 0122 | train reward: 227.39 | best: 229.42 | KL: 1.304e-04 | std: 0.5968 | rollout: 4.453s | update: 0.204s | total: 4.657s | samples/s: 3070
Iteration 0123 | train reward: 224.40 | best: 229.42 | KL: 1.440e-04 | std: 0.5964 | rollout: 4.375s | update: 0.204s | total: 4.579s | samples/s: 3122
Iteration 0124 | train reward: 227.71 | best: 229.42 | KL: 1.300e-04 | std: 0.5965 | rollout: 4.701s | update: 0.135s | total: 4.836s | samples/s: 2993
Iteration 0125 | train reward: 231.75 | best: 231.75 | KL: 1.048e-04 | std: 0.5959 | rollout: 4.933s | update: 0.179s | total: 5.113s | samples/s: 2876
Iteration 0126 | train reward: 231.75 | best: 231.75 | KL: 1.273e-04 | std: 0.5957 | rollout: 4.176s | update: 0.122s | total: 4.298s | samples/s: 3436
Iteration 0127 | train reward: 227.47 | best: 231.75 | KL: 1.655e-04 | std: 0.5950 | rollout: 4.223s | update: 0.065s | total: 4.288s | samples/s: 3404
Iteration 0128 | train reward: 229.53 | best: 231.75 | KL: 1.558e-04 | std: 0.5946 | rollout: 4.368s | update: 0.092s | total: 4.460s | samples/s: 3294
Iteration 0129 | train reward: 230.05 | best: 231.75 | KL: 1.165e-04 | std: 0.5944 | rollout: 4.645s | update: 0.081s | total: 4.725s | samples/s: 3132
Iteration 0130 | train reward: 233.85 | best: 233.85 | KL: 1.786e-04 | std: 0.5936 | rollout: 4.126s | update: 0.118s | total: 4.244s | samples/s: 3498
Iteration 0131 | train reward: 238.23 | best: 238.23 | KL: 1.409e-04 | std: 0.5943 | rollout: 4.855s | update: 0.084s | total: 4.938s | samples/s: 3148
Iteration 0132 | train reward: 235.68 | best: 238.23 | KL: 1.042e-04 | std: 0.5944 | rollout: 5.375s | update: 0.134s | total: 5.509s | samples/s: 2739
Iteration 0133 | train reward: 233.77 | best: 238.23 | KL: 1.652e-04 | std: 0.5944 | rollout: 4.833s | update: 0.117s | total: 4.950s | samples/s: 3037
Iteration 0134 | train reward: 234.97 | best: 238.23 | KL: 1.374e-04 | std: 0.5944 | rollout: 4.758s | update: 0.086s | total: 4.843s | samples/s: 3130
Iteration 0135 | train reward: 237.53 | best: 238.23 | KL: 1.339e-04 | std: 0.5957 | rollout: 5.513s | update: 0.147s | total: 5.660s | samples/s: 2737
Iteration 0136 | train reward: 237.23 | best: 238.23 | KL: 1.676e-04 | std: 0.5962 | rollout: 5.284s | update: 0.164s | total: 5.447s | samples/s: 2808
Iteration 0137 | train reward: 236.21 | best: 238.23 | KL: 1.740e-04 | std: 0.5957 | rollout: 4.372s | update: 0.053s | total: 4.425s | samples/s: 3490
Iteration 0138 | train reward: 240.75 | best: 240.75 | KL: 2.730e-04 | std: 0.5964 | rollout: 4.450s | update: 0.153s | total: 4.603s | samples/s: 3428
Iteration 0139 | train reward: 237.59 | best: 240.75 | KL: 1.241e-04 | std: 0.5957 | rollout: 4.489s | update: 0.104s | total: 4.593s | samples/s: 3368
Iteration 0140 | train reward: 242.56 | best: 242.56 | KL: 1.409e-04 | std: 0.5951 | rollout: 4.652s | update: 0.038s | total: 4.691s | samples/s: 3416
Iteration 0141 | train reward: 240.38 | best: 242.56 | KL: 9.280e-05 | std: 0.5957 | rollout: 5.794s | update: 0.051s | total: 5.845s | samples/s: 2714
Iteration 0142 | train reward: 243.40 | best: 243.40 | KL: 2.089e-04 | std: 0.5944 | rollout: 5.637s | update: 0.043s | total: 5.680s | samples/s: 2835
Iteration 0143 | train reward: 237.72 | best: 243.40 | KL: 1.709e-04 | std: 0.5936 | rollout: 5.369s | update: 0.054s | total: 5.423s | samples/s: 2968
Iteration 0144 | train reward: 233.62 | best: 243.40 | KL: 1.970e-04 | std: 0.5937 | rollout: 4.454s | update: 0.044s | total: 4.498s | samples/s: 3394
Iteration 0145 | train reward: 240.48 | best: 243.40 | KL: 1.505e-04 | std: 0.5942 | rollout: 4.754s | update: 0.085s | total: 4.838s | samples/s: 3295
Iteration 0146 | train reward: 248.73 | best: 248.73 | KL: 1.847e-04 | std: 0.5933 | rollout: 5.834s | update: 0.048s | total: 5.882s | samples/s: 2854
Iteration 0147 | train reward: 247.81 | best: 248.73 | KL: 2.213e-04 | std: 0.5936 | rollout: 5.618s | update: 0.105s | total: 5.723s | samples/s: 2936
Iteration 0148 | train reward: 245.23 | best: 248.73 | KL: 1.511e-04 | std: 0.5924 | rollout: 4.798s | update: 0.057s | total: 4.855s | samples/s: 3369
Iteration 0149 | train reward: 247.66 | best: 248.73 | KL: 1.580e-04 | std: 0.5919 | rollout: 4.997s | update: 0.040s | total: 5.037s | samples/s: 3287
Iteration 0150 | train reward: 242.48 | best: 248.73 | KL: 1.346e-04 | std: 0.5913 | rollout: 4.768s | update: 0.052s | total: 4.820s | samples/s: 3388
Iteration 0151 | train reward: 247.67 | best: 248.73 | KL: 1.685e-04 | std: 0.5917 | rollout: 4.759s | update: 0.048s | total: 4.807s | samples/s: 3489
Iteration 0152 | train reward: 245.30 | best: 248.73 | KL: 1.172e-04 | std: 0.5916 | rollout: 4.943s | update: 0.042s | total: 4.985s | samples/s: 3295
Iteration 0153 | train reward: 249.18 | best: 249.18 | KL: 1.513e-04 | std: 0.5918 | rollout: 5.408s | update: 0.075s | total: 5.483s | samples/s: 3066
Iteration 0154 | train reward: 252.42 | best: 252.42 | KL: 1.742e-04 | std: 0.5911 | rollout: 6.212s | update: 0.132s | total: 6.343s | samples/s: 2704
Iteration 0155 | train reward: 254.50 | best: 254.50 | KL: 1.784e-04 | std: 0.5924 | rollout: 5.865s | update: 0.045s | total: 5.909s | samples/s: 2969
Iteration 0156 | train reward: 259.94 | best: 259.94 | KL: 3.188e-04 | std: 0.5951 | rollout: 6.020s | update: 0.051s | total: 6.070s | samples/s: 2994
Iteration 0157 | train reward: 254.28 | best: 259.94 | KL: 3.375e-04 | std: 0.5957 | rollout: 6.047s | update: 0.345s | total: 6.391s | samples/s: 2751
Iteration 0158 | train reward: 264.97 | best: 264.97 | KL: 1.888e-04 | std: 0.5949 | rollout: 7.153s | update: 0.051s | total: 7.203s | samples/s: 2644
Iteration 0159 | train reward: 256.93 | best: 264.97 | KL: 8.587e-05 | std: 0.5949 | rollout: 5.740s | update: 0.076s | total: 5.816s | samples/s: 3052
Iteration 0160 | train reward: 262.57 | best: 264.97 | KL: 3.627e-04 | std: 0.5942 | rollout: 6.298s | update: 0.258s | total: 6.556s | samples/s: 2833
Iteration 0161 | train reward: 265.27 | best: 265.27 | KL: 1.924e-04 | std: 0.5944 | rollout: 6.870s | update: 0.188s | total: 7.059s | samples/s: 2674
Iteration 0162 | train reward: 266.97 | best: 266.97 | KL: 3.167e-04 | std: 0.5936 | rollout: 6.701s | update: 0.061s | total: 6.761s | samples/s: 2816
Iteration 0163 | train reward: 275.92 | best: 275.92 | KL: 2.203e-04 | std: 0.5945 | rollout: 7.825s | update: 0.358s | total: 8.182s | samples/s: 2450
Iteration 0164 | train reward: 270.37 | best: 275.92 | KL: 2.291e-04 | std: 0.5932 | rollout: 8.388s | update: 0.260s | total: 8.648s | samples/s: 2255
Iteration 0165 | train reward: 277.41 | best: 277.41 | KL: 3.015e-04 | std: 0.5946 | rollout: 7.943s | update: 0.103s | total: 8.046s | samples/s: 2527
Iteration 0166 | train reward: 287.59 | best: 287.59 | KL: 2.894e-04 | std: 0.5929 | rollout: 7.598s | update: 0.075s | total: 7.673s | samples/s: 2817
Iteration 0167 | train reward: 285.21 | best: 287.59 | KL: 4.574e-04 | std: 0.5933 | rollout: 8.496s | update: 0.233s | total: 8.729s | samples/s: 2471
Iteration 0168 | train reward: 290.06 | best: 290.06 | KL: 3.240e-04 | std: 0.5933 | rollout: 8.069s | update: 0.098s | total: 8.166s | samples/s: 2712
Iteration 0169 | train reward: 295.82 | best: 295.82 | KL: 3.236e-04 | std: 0.5952 | rollout: 8.287s | update: 0.070s | total: 8.357s | samples/s: 2713
Iteration 0170 | train reward: 303.97 | best: 303.97 | KL: 3.112e-04 | std: 0.5965 | rollout: 8.268s | update: 0.081s | total: 8.349s | samples/s: 2826
Iteration 0171 | train reward: 312.52 | best: 312.52 | KL: 3.478e-04 | std: 0.5977 | rollout: 9.317s | update: 0.090s | total: 9.407s | samples/s: 2592
Iteration 0172 | train reward: 318.52 | best: 318.52 | KL: 4.683e-04 | std: 0.5981 | rollout: 10.691s | update: 0.080s | total: 10.771s | samples/s: 2331
Iteration 0173 | train reward: 345.84 | best: 345.84 | KL: 4.619e-04 | std: 0.5964 | rollout: 9.804s | update: 0.274s | total: 10.078s | samples/s: 2831
Iteration 0174 | train reward: 348.21 | best: 348.21 | KL: 4.526e-04 | std: 0.5951 | rollout: 9.376s | update: 0.098s | total: 9.475s | samples/s: 3085
Iteration 0175 | train reward: 351.72 | best: 351.72 | KL: 5.904e-04 | std: 0.5938 | rollout: 11.425s | update: 0.098s | total: 11.523s | samples/s: 2571
Iteration 0176 | train reward: 388.71 | best: 388.71 | KL: 7.988e-04 | std: 0.5954 | rollout: 11.980s | update: 0.456s | total: 12.436s | samples/s: 2771
Iteration 0177 | train reward: 386.99 | best: 388.71 | KL: 6.394e-04 | std: 0.5964 | rollout: 12.049s | update: 0.231s | total: 12.280s | samples/s: 2770
Iteration 0178 | train reward: 397.42 | best: 397.42 | KL: 7.566e-04 | std: 0.5966 | rollout: 11.992s | update: 0.127s | total: 12.119s | samples/s: 2903
Iteration 0179 | train reward: 406.79 | best: 406.79 | KL: 5.370e-04 | std: 0.5950 | rollout: 12.246s | update: 0.222s | total: 12.467s | samples/s: 2828
Iteration 0180 | train reward: 408.12 | best: 408.12 | KL: 7.589e-04 | std: 0.5934 | rollout: 11.900s | update: 0.089s | total: 11.989s | samples/s: 2954
Iteration 0181 | train reward: 434.10 | best: 434.10 | KL: 7.784e-04 | std: 0.5938 | rollout: 12.154s | update: 0.107s | total: 12.262s | samples/s: 3083
Iteration 0182 | train reward: 441.40 | best: 441.40 | KL: 8.366e-04 | std: 0.5912 | rollout: 12.160s | update: 0.105s | total: 12.266s | samples/s: 3193
Iteration 0183 | train reward: 457.76 | best: 457.76 | KL: 5.213e-04 | std: 0.5909 | rollout: 12.046s | update: 0.390s | total: 12.436s | samples/s: 3289
Iteration 0184 | train reward: 481.50 | best: 481.50 | KL: 1.341e-03 | std: 0.5862 | rollout: 12.001s | update: 0.175s | total: 12.176s | samples/s: 3533
Iteration 0185 | train reward: 507.32 | best: 507.32 | KL: 9.818e-04 | std: 0.5875 | rollout: 12.189s | update: 0.187s | total: 12.376s | samples/s: 3675
Iteration 0186 | train reward: 527.14 | best: 527.14 | KL: 9.786e-04 | std: 0.5860 | rollout: 12.117s | update: 0.144s | total: 12.261s | samples/s: 3830
Iteration 0187 | train reward: 518.88 | best: 527.14 | KL: 1.062e-03 | std: 0.5869 | rollout: 12.002s | update: 0.124s | total: 12.126s | samples/s: 3774
Iteration 0188 | train reward: 528.75 | best: 528.75 | KL: 8.707e-04 | std: 0.5885 | rollout: 12.166s | update: 0.386s | total: 12.552s | samples/s: 3537
Iteration 0189 | train reward: 508.73 | best: 528.75 | KL: 1.218e-03 | std: 0.5875 | rollout: 12.029s | update: 0.114s | total: 12.142s | samples/s: 3455
Iteration 0190 | train reward: 542.25 | best: 542.25 | KL: 1.314e-03 | std: 0.5877 | rollout: 12.017s | update: 0.122s | total: 12.139s | samples/s: 3698
Iteration 0191 | train reward: 544.01 | best: 544.01 | KL: 6.970e-04 | std: 0.5870 | rollout: 12.285s | update: 0.126s | total: 12.411s | samples/s: 3565
Iteration 0192 | train reward: 533.96 | best: 544.01 | KL: 9.415e-04 | std: 0.5859 | rollout: 11.762s | update: 0.122s | total: 11.884s | samples/s: 3596
Iteration 0193 | train reward: 536.59 | best: 544.01 | KL: 1.156e-03 | std: 0.5825 | rollout: 11.947s | update: 0.231s | total: 12.178s | samples/s: 3543
Iteration 0194 | train reward: 581.48 | best: 581.48 | KL: 1.001e-03 | std: 0.5815 | rollout: 13.078s | update: 0.181s | total: 13.259s | samples/s: 3585
Iteration 0195 | train reward: 573.49 | best: 581.48 | KL: 7.457e-04 | std: 0.5808 | rollout: 12.392s | update: 0.118s | total: 12.510s | samples/s: 3654
Iteration 0196 | train reward: 571.23 | best: 581.48 | KL: 9.515e-04 | std: 0.5810 | rollout: 12.232s | update: 0.125s | total: 12.357s | samples/s: 3592
Iteration 0197 | train reward: 549.27 | best: 581.48 | KL: 7.829e-04 | std: 0.5784 | rollout: 12.010s | update: 0.111s | total: 12.121s | samples/s: 3455
Iteration 0198 | train reward: 583.75 | best: 583.75 | KL: 7.832e-04 | std: 0.5797 | rollout: 11.879s | update: 0.143s | total: 12.022s | samples/s: 3674
Iteration 0199 | train reward: 602.48 | best: 602.48 | KL: 1.037e-03 | std: 0.5816 | rollout: 12.059s | update: 0.144s | total: 12.203s | samples/s: 3825
Iteration 0200 | train reward: 571.04 | best: 602.48 | KL: 6.314e-04 | std: 0.5831 | rollout: 12.033s | update: 0.306s | total: 12.340s | samples/s: 3485
Iteration 0201 | train reward: 585.58 | best: 602.48 | KL: 7.492e-04 | std: 0.5809 | rollout: 12.050s | update: 0.102s | total: 12.152s | samples/s: 3640
Iteration 0202 | train reward: 580.88 | best: 602.48 | KL: 1.028e-03 | std: 0.5807 | rollout: 11.902s | update: 0.147s | total: 12.048s | samples/s: 3592
Iteration 0203 | train reward: 580.26 | best: 602.48 | KL: 8.710e-04 | std: 0.5807 | rollout: 12.151s | update: 0.165s | total: 12.316s | samples/s: 3445
Iteration 0204 | train reward: 593.46 | best: 602.48 | KL: 8.315e-04 | std: 0.5783 | rollout: 12.211s | update: 0.203s | total: 12.414s | samples/s: 3438
Iteration 0205 | train reward: 615.15 | best: 615.15 | KL: 8.821e-04 | std: 0.5807 | rollout: 12.133s | update: 0.147s | total: 12.280s | samples/s: 3613
Iteration 0206 | train reward: 603.80 | best: 615.15 | KL: 7.690e-04 | std: 0.5792 | rollout: 12.192s | update: 0.113s | total: 12.305s | samples/s: 3575
Iteration 0207 | train reward: 573.30 | best: 615.15 | KL: 8.146e-04 | std: 0.5770 | rollout: 11.771s | update: 0.197s | total: 11.968s | samples/s: 3348
Iteration 0208 | train reward: 613.86 | best: 615.15 | KL: 5.806e-04 | std: 0.5757 | rollout: 12.088s | update: 0.114s | total: 12.201s | samples/s: 3588
Iteration 0209 | train reward: 636.40 | best: 636.40 | KL: 6.270e-04 | std: 0.5755 | rollout: 12.356s | update: 0.259s | total: 12.615s | samples/s: 3563
Iteration 0210 | train reward: 616.55 | best: 636.40 | KL: 1.057e-03 | std: 0.5766 | rollout: 12.169s | update: 0.196s | total: 12.365s | samples/s: 3498
Iteration 0211 | train reward: 607.60 | best: 636.40 | KL: 9.779e-04 | std: 0.5770 | rollout: 12.184s | update: 0.117s | total: 12.301s | samples/s: 3447
Iteration 0212 | train reward: 603.47 | best: 636.40 | KL: 9.451e-04 | std: 0.5755 | rollout: 12.005s | update: 0.209s | total: 12.214s | samples/s: 3378
Iteration 0213 | train reward: 621.01 | best: 636.40 | KL: 6.124e-04 | std: 0.5752 | rollout: 11.981s | update: 0.124s | total: 12.105s | samples/s: 3491
Iteration 0214 | train reward: 634.26 | best: 636.40 | KL: 1.048e-03 | std: 0.5746 | rollout: 11.899s | update: 0.098s | total: 11.997s | samples/s: 3504
Iteration 0215 | train reward: 600.29 | best: 636.40 | KL: 5.576e-04 | std: 0.5739 | rollout: 12.302s | update: 0.153s | total: 12.455s | samples/s: 3163
Iteration 0216 | train reward: 608.88 | best: 636.40 | KL: 7.032e-04 | std: 0.5765 | rollout: 12.128s | update: 0.087s | total: 12.215s | samples/s: 3253
Iteration 0217 | train reward: 641.70 | best: 641.70 | KL: 4.491e-04 | std: 0.5772 | rollout: 11.656s | update: 0.234s | total: 11.890s | samples/s: 3425
Iteration 0218 | train reward: 621.54 | best: 641.70 | KL: 8.009e-04 | std: 0.5772 | rollout: 12.705s | update: 0.363s | total: 13.068s | samples/s: 3063
Iteration 0219 | train reward: 658.65 | best: 658.65 | KL: 6.880e-04 | std: 0.5790 | rollout: 12.963s | update: 0.175s | total: 13.138s | samples/s: 3215
Iteration 0220 | train reward: 651.00 | best: 658.65 | KL: 4.979e-04 | std: 0.5784 | rollout: 13.051s | update: 0.133s | total: 13.184s | samples/s: 3118
Iteration 0221 | train reward: 639.07 | best: 658.65 | KL: 7.325e-04 | std: 0.5793 | rollout: 12.782s | update: 0.102s | total: 12.884s | samples/s: 3087
Iteration 0222 | train reward: 615.46 | best: 658.65 | KL: 6.481e-04 | std: 0.5784 | rollout: 12.251s | update: 0.155s | total: 12.406s | samples/s: 3032
Iteration 0223 | train reward: 676.30 | best: 676.30 | KL: 7.354e-04 | std: 0.5807 | rollout: 12.767s | update: 0.184s | total: 12.951s | samples/s: 3212
Iteration 0224 | train reward: 638.51 | best: 676.30 | KL: 9.342e-04 | std: 0.5791 | rollout: 12.183s | update: 0.162s | total: 12.345s | samples/s: 3179
Iteration 0225 | train reward: 645.28 | best: 676.30 | KL: 5.213e-04 | std: 0.5782 | rollout: 13.236s | update: 0.224s | total: 13.460s | samples/s: 2879
Iteration 0226 | train reward: 668.52 | best: 676.30 | KL: 6.372e-04 | std: 0.5769 | rollout: 13.691s | update: 0.376s | total: 14.066s | samples/s: 2874
Iteration 0227 | train reward: 667.67 | best: 676.30 | KL: 7.626e-04 | std: 0.5781 | rollout: 13.030s | update: 0.244s | total: 13.274s | samples/s: 3074
Iteration 0228 | train reward: 682.38 | best: 682.38 | KL: 7.305e-04 | std: 0.5784 | rollout: 12.618s | update: 0.408s | total: 13.026s | samples/s: 3132
Iteration 0229 | train reward: 690.44 | best: 690.44 | KL: 3.105e-04 | std: 0.5791 | rollout: 12.808s | update: 0.311s | total: 13.119s | samples/s: 3176
Iteration 0230 | train reward: 713.76 | best: 713.76 | KL: 7.888e-04 | std: 0.5772 | rollout: 12.372s | update: 0.195s | total: 12.567s | samples/s: 3411
Iteration 0231 | train reward: 721.51 | best: 721.51 | KL: 6.784e-04 | std: 0.5772 | rollout: 12.382s | update: 0.435s | total: 12.817s | samples/s: 3382
Iteration 0232 | train reward: 735.91 | best: 735.91 | KL: 8.255e-04 | std: 0.5764 | rollout: 12.462s | update: 0.206s | total: 12.668s | samples/s: 3487
Iteration 0233 | train reward: 705.70 | best: 735.91 | KL: 6.405e-04 | std: 0.5755 | rollout: 12.324s | update: 0.107s | total: 12.431s | samples/s: 3357
Iteration 0234 | train reward: 740.62 | best: 740.62 | KL: 7.350e-04 | std: 0.5755 | rollout: 12.603s | update: 0.279s | total: 12.882s | samples/s: 3419
Iteration 0235 | train reward: 746.42 | best: 746.42 | KL: 1.029e-03 | std: 0.5732 | rollout: 12.316s | update: 0.197s | total: 12.513s | samples/s: 3505
Iteration 0236 | train reward: 758.52 | best: 758.52 | KL: 4.805e-04 | std: 0.5731 | rollout: 12.224s | update: 0.187s | total: 12.411s | samples/s: 3558
Iteration 0237 | train reward: 758.65 | best: 758.65 | KL: 5.897e-04 | std: 0.5729 | rollout: 12.168s | update: 0.240s | total: 12.409s | samples/s: 3549
Iteration 0238 | train reward: 755.56 | best: 758.65 | KL: 6.281e-04 | std: 0.5729 | rollout: 12.982s | update: 0.280s | total: 13.262s | samples/s: 3340
Iteration 0239 | train reward: 748.25 | best: 758.65 | KL: 4.710e-04 | std: 0.5738 | rollout: 13.823s | update: 0.508s | total: 14.332s | samples/s: 2982
Iteration 0240 | train reward: 771.12 | best: 771.12 | KL: 5.629e-04 | std: 0.5740 | rollout: 12.618s | update: 0.127s | total: 12.745s | samples/s: 3485
Iteration 0241 | train reward: 785.12 | best: 785.12 | KL: 5.091e-04 | std: 0.5732 | rollout: 12.642s | update: 0.555s | total: 13.197s | samples/s: 3453
Iteration 0242 | train reward: 778.99 | best: 785.12 | KL: 6.807e-04 | std: 0.5712 | rollout: 12.921s | update: 0.202s | total: 13.124s | samples/s: 3364
Iteration 0243 | train reward: 777.71 | best: 785.12 | KL: 4.163e-04 | std: 0.5704 | rollout: 12.632s | update: 0.105s | total: 12.738s | samples/s: 3506
Iteration 0244 | train reward: 757.73 | best: 785.12 | KL: 7.536e-04 | std: 0.5692 | rollout: 12.007s | update: 0.124s | total: 12.131s | samples/s: 3584
Iteration 0245 | train reward: 768.57 | best: 785.12 | KL: 4.247e-04 | std: 0.5692 | rollout: 12.293s | update: 0.107s | total: 12.400s | samples/s: 3434
Iteration 0246 | train reward: 757.23 | best: 785.12 | KL: 5.598e-04 | std: 0.5668 | rollout: 12.414s | update: 0.119s | total: 12.534s | samples/s: 3374
Iteration 0247 | train reward: 795.68 | best: 795.68 | KL: 7.691e-04 | std: 0.5677 | rollout: 12.422s | update: 0.466s | total: 12.888s | samples/s: 3440
Iteration 0248 | train reward: 811.04 | best: 811.04 | KL: 5.680e-04 | std: 0.5660 | rollout: 12.615s | update: 0.127s | total: 12.742s | samples/s: 3571
Iteration 0249 | train reward: 796.75 | best: 811.04 | KL: 5.513e-04 | std: 0.5649 | rollout: 12.097s | update: 0.120s | total: 12.217s | samples/s: 3605
Iteration 0250 | train reward: 835.98 | best: 835.98 | KL: 6.074e-04 | std: 0.5634 | rollout: 12.397s | update: 0.115s | total: 12.512s | samples/s: 3637
Iteration 0251 | train reward: 864.18 | best: 864.18 | KL: 9.083e-04 | std: 0.5635 | rollout: 12.367s | update: 0.131s | total: 12.498s | samples/s: 3798
Iteration 0252 | train reward: 861.94 | best: 864.18 | KL: 9.923e-04 | std: 0.5610 | rollout: 12.429s | update: 0.132s | total: 12.560s | samples/s: 3783
Iteration 0253 | train reward: 833.45 | best: 864.18 | KL: 7.508e-04 | std: 0.5610 | rollout: 12.299s | update: 0.141s | total: 12.440s | samples/s: 3668
Iteration 0254 | train reward: 854.89 | best: 864.18 | KL: 1.368e-03 | std: 0.5609 | rollout: 12.493s | update: 0.205s | total: 12.698s | samples/s: 3687
Iteration 0255 | train reward: 826.36 | best: 864.18 | KL: 5.012e-04 | std: 0.5624 | rollout: 12.269s | update: 0.119s | total: 12.388s | samples/s: 3651
Iteration 0256 | train reward: 884.40 | best: 884.40 | KL: 7.706e-04 | std: 0.5609 | rollout: 12.453s | update: 0.135s | total: 12.588s | samples/s: 3824
Iteration 0257 | train reward: 887.66 | best: 887.66 | KL: 9.023e-04 | std: 0.5609 | rollout: 12.677s | update: 0.207s | total: 12.885s | samples/s: 3742
Iteration 0258 | train reward: 869.44 | best: 887.66 | KL: 3.844e-04 | std: 0.5623 | rollout: 12.514s | update: 0.194s | total: 12.709s | samples/s: 3726
Iteration 0259 | train reward: 882.33 | best: 887.66 | KL: 7.978e-04 | std: 0.5609 | rollout: 12.348s | update: 0.172s | total: 12.520s | samples/s: 3842
Iteration 0260 | train reward: 897.58 | best: 897.58 | KL: 8.525e-04 | std: 0.5607 | rollout: 12.469s | update: 0.120s | total: 12.589s | samples/s: 3851
Iteration 0261 | train reward: 878.95 | best: 897.58 | KL: 6.822e-04 | std: 0.5615 | rollout: 12.764s | update: 0.106s | total: 12.870s | samples/s: 3671
Iteration 0262 | train reward: 869.33 | best: 897.58 | KL: 1.129e-03 | std: 0.5614 | rollout: 12.317s | update: 0.127s | total: 12.444s | samples/s: 3711
Iteration 0263 | train reward: 903.38 | best: 903.38 | KL: 6.990e-04 | std: 0.5599 | rollout: 12.414s | update: 0.154s | total: 12.568s | samples/s: 3842
Iteration 0264 | train reward: 898.89 | best: 903.38 | KL: 7.999e-04 | std: 0.5581 | rollout: 12.381s | update: 0.119s | total: 12.501s | samples/s: 3836
Iteration 0265 | train reward: 939.19 | best: 939.19 | KL: 7.935e-04 | std: 0.5572 | rollout: 13.043s | update: 0.131s | total: 13.174s | samples/s: 3773
Iteration 0266 | train reward: 922.93 | best: 939.19 | KL: 8.459e-04 | std: 0.5550 | rollout: 13.160s | update: 0.365s | total: 13.525s | samples/s: 3593
Iteration 0267 | train reward: 947.90 | best: 947.90 | KL: 1.034e-03 | std: 0.5529 | rollout: 12.550s | update: 0.172s | total: 12.721s | samples/s: 3926
Iteration 0268 | train reward: 945.75 | best: 947.90 | KL: 7.419e-04 | std: 0.5513 | rollout: 12.598s | update: 0.157s | total: 12.755s | samples/s: 3906
Iteration 0269 | train reward: 971.33 | best: 971.33 | KL: 8.841e-04 | std: 0.5519 | rollout: 12.467s | update: 0.483s | total: 12.950s | samples/s: 3928
Iteration 0270 | train reward: 973.68 | best: 973.68 | KL: 7.834e-04 | std: 0.5521 | rollout: 12.500s | update: 0.132s | total: 12.632s | samples/s: 4039
Iteration 0271 | train reward: 958.41 | best: 973.68 | KL: 6.673e-04 | std: 0.5503 | rollout: 12.568s | update: 0.313s | total: 12.882s | samples/s: 3913
Iteration 0272 | train reward: 1022.02 | best: 1022.02 | KL: 7.255e-04 | std: 0.5487 | rollout: 12.407s | update: 0.155s | total: 12.562s | samples/s: 4285
Iteration 0273 | train reward: 974.35 | best: 1022.02 | KL: 1.033e-03 | std: 0.5477 | rollout: 12.365s | update: 0.194s | total: 12.559s | samples/s: 4043
Iteration 0274 | train reward: 982.32 | best: 1022.02 | KL: 1.030e-03 | std: 0.5492 | rollout: 12.658s | update: 0.121s | total: 12.779s | samples/s: 4001
Iteration 0275 | train reward: 1002.32 | best: 1022.02 | KL: 7.410e-04 | std: 0.5487 | rollout: 12.371s | update: 0.351s | total: 12.722s | samples/s: 4064
Iteration 0276 | train reward: 1013.51 | best: 1022.02 | KL: 8.923e-04 | std: 0.5467 | rollout: 14.362s | update: 0.583s | total: 14.945s | samples/s: 3540
Iteration 0277 | train reward: 979.50 | best: 1022.02 | KL: 1.104e-03 | std: 0.5467 | rollout: 13.307s | update: 0.385s | total: 13.692s | samples/s: 3727
Iteration 0278 | train reward: 1003.46 | best: 1022.02 | KL: 8.615e-04 | std: 0.5443 | rollout: 12.968s | update: 0.318s | total: 13.287s | samples/s: 3916
Iteration 0279 | train reward: 1026.49 | best: 1026.49 | KL: 1.683e-03 | std: 0.5460 | rollout: 13.326s | update: 0.225s | total: 13.551s | samples/s: 3916
Iteration 0280 | train reward: 1003.02 | best: 1026.49 | KL: 1.391e-03 | std: 0.5466 | rollout: 13.606s | update: 0.567s | total: 14.173s | samples/s: 3631
Iteration 0281 | train reward: 1040.89 | best: 1040.89 | KL: 1.357e-03 | std: 0.5471 | rollout: 12.668s | update: 0.184s | total: 12.852s | samples/s: 4178
Iteration 0282 | train reward: 1049.21 | best: 1049.21 | KL: 1.203e-03 | std: 0.5469 | rollout: 12.210s | update: 0.241s | total: 12.451s | samples/s: 4340
Iteration 0283 | train reward: 1056.16 | best: 1056.16 | KL: 6.702e-04 | std: 0.5469 | rollout: 12.705s | update: 0.243s | total: 12.948s | samples/s: 4179
Iteration 0284 | train reward: 1037.95 | best: 1056.16 | KL: 9.129e-04 | std: 0.5452 | rollout: 13.628s | update: 0.321s | total: 13.949s | samples/s: 3829
Iteration 0285 | train reward: 1041.36 | best: 1056.16 | KL: 8.582e-04 | std: 0.5469 | rollout: 14.890s | update: 0.516s | total: 15.406s | samples/s: 3485
Iteration 0286 | train reward: 1034.60 | best: 1056.16 | KL: 7.737e-04 | std: 0.5451 | rollout: 14.028s | update: 0.679s | total: 14.707s | samples/s: 3620
Iteration 0287 | train reward: 1057.74 | best: 1057.74 | KL: 9.053e-04 | std: 0.5443 | rollout: 12.578s | update: 0.408s | total: 12.987s | samples/s: 4172
Iteration 0288 | train reward: 1040.11 | best: 1057.74 | KL: 1.276e-03 | std: 0.5450 | rollout: 12.431s | update: 0.250s | total: 12.681s | samples/s: 4206
Iteration 0289 | train reward: 1000.66 | best: 1057.74 | KL: 7.442e-04 | std: 0.5451 | rollout: 12.552s | update: 0.147s | total: 12.699s | samples/s: 3997
Iteration 0290 | train reward: 1024.83 | best: 1057.74 | KL: 8.518e-04 | std: 0.5469 | rollout: 12.457s | update: 0.633s | total: 13.090s | samples/s: 4000
Iteration 0291 | train reward: 1056.73 | best: 1057.74 | KL: 6.336e-04 | std: 0.5469 | rollout: 12.360s | update: 0.338s | total: 12.699s | samples/s: 4227
Iteration 0292 | train reward: 1059.28 | best: 1059.28 | KL: 9.318e-04 | std: 0.5469 | rollout: 12.439s | update: 0.505s | total: 12.944s | samples/s: 4173
Iteration 0293 | train reward: 1067.21 | best: 1067.21 | KL: 9.453e-04 | std: 0.5471 | rollout: 12.329s | update: 0.157s | total: 12.486s | samples/s: 4327
Iteration 0294 | train reward: 1077.01 | best: 1077.01 | KL: 1.272e-03 | std: 0.5467 | rollout: 11.896s | update: 0.164s | total: 12.059s | samples/s: 4552
Iteration 0295 | train reward: 1056.28 | best: 1077.01 | KL: 6.213e-04 | std: 0.5471 | rollout: 11.923s | update: 0.130s | total: 12.053s | samples/s: 4454
Iteration 0296 | train reward: 1061.88 | best: 1077.01 | KL: 6.926e-04 | std: 0.5487 | rollout: 12.390s | update: 0.201s | total: 12.591s | samples/s: 4278
Iteration 0297 | train reward: 1068.25 | best: 1077.01 | KL: 1.118e-03 | std: 0.5476 | rollout: 12.817s | update: 0.137s | total: 12.954s | samples/s: 4261
Iteration 0298 | train reward: 1055.55 | best: 1077.01 | KL: 7.769e-04 | std: 0.5476 | rollout: 11.849s | update: 0.435s | total: 12.284s | samples/s: 4371
Iteration 0299 | train reward: 1070.43 | best: 1077.01 | KL: 9.130e-04 | std: 0.5462 | rollout: 12.335s | update: 0.136s | total: 12.471s | samples/s: 4353
Iteration 0300 | train reward: 1070.60 | best: 1077.01 | KL: 6.429e-04 | std: 0.5459 | rollout: 12.532s | update: 0.205s | total: 12.737s | samples/s: 4254
Iteration 0301 | train reward: 1091.18 | best: 1091.18 | KL: 7.870e-04 | std: 0.5462 | rollout: 12.120s | update: 0.291s | total: 12.411s | samples/s: 4434
Iteration 0302 | train reward: 1086.49 | best: 1091.18 | KL: 6.818e-04 | std: 0.5488 | rollout: 12.813s | update: 0.216s | total: 13.029s | samples/s: 4213
Iteration 0303 | train reward: 1088.08 | best: 1091.18 | KL: 7.677e-04 | std: 0.5469 | rollout: 12.116s | update: 0.141s | total: 12.257s | samples/s: 4489
Iteration 0304 | train reward: 1086.26 | best: 1091.18 | KL: 7.957e-04 | std: 0.5467 | rollout: 12.084s | update: 0.192s | total: 12.276s | samples/s: 4487
Iteration 0305 | train reward: 1091.34 | best: 1091.34 | KL: 9.810e-04 | std: 0.5445 | rollout: 12.101s | update: 0.134s | total: 12.235s | samples/s: 4498
Iteration 0306 | train reward: 1108.44 | best: 1108.44 | KL: 1.263e-03 | std: 0.5441 | rollout: 12.275s | update: 0.229s | total: 12.504s | samples/s: 4467
Iteration 0307 | train reward: 1108.22 | best: 1108.44 | KL: 1.040e-03 | std: 0.5442 | rollout: 12.287s | update: 0.275s | total: 12.562s | samples/s: 4431
Iteration 0308 | train reward: 1115.49 | best: 1115.49 | KL: 1.811e-03 | std: 0.5445 | rollout: 12.851s | update: 0.357s | total: 13.208s | samples/s: 4250
Iteration 0309 | train reward: 1120.42 | best: 1120.42 | KL: 8.464e-04 | std: 0.5435 | rollout: 13.975s | update: 0.847s | total: 14.823s | samples/s: 3779
Iteration 0310 | train reward: 1139.71 | best: 1139.71 | KL: 7.614e-04 | std: 0.5417 | rollout: 13.446s | update: 0.356s | total: 13.801s | samples/s: 4109
Iteration 0311 | train reward: 1104.91 | best: 1139.71 | KL: 7.351e-04 | std: 0.5417 | rollout: 12.674s | update: 0.217s | total: 12.891s | samples/s: 4265
Iteration 0312 | train reward: 1092.22 | best: 1139.71 | KL: 1.045e-03 | std: 0.5408 | rollout: 13.020s | update: 0.225s | total: 13.246s | samples/s: 4077
Iteration 0313 | train reward: 1128.20 | best: 1139.71 | KL: 9.328e-04 | std: 0.5391 | rollout: 12.439s | update: 0.168s | total: 12.607s | samples/s: 4470
Iteration 0314 | train reward: 1122.40 | best: 1139.71 | KL: 1.174e-03 | std: 0.5389 | rollout: 11.998s | update: 0.186s | total: 12.184s | samples/s: 4585
Iteration 0315 | train reward: 1111.02 | best: 1139.71 | KL: 8.557e-04 | std: 0.5382 | rollout: 11.712s | update: 0.160s | total: 11.872s | samples/s: 4678
Iteration 0316 | train reward: 1155.88 | best: 1155.88 | KL: 1.069e-03 | std: 0.5372 | rollout: 12.315s | update: 0.273s | total: 12.588s | samples/s: 4572
Iteration 0317 | train reward: 1123.16 | best: 1155.88 | KL: 1.038e-03 | std: 0.5381 | rollout: 12.830s | update: 0.281s | total: 13.111s | samples/s: 4256
Iteration 0318 | train reward: 1157.45 | best: 1157.45 | KL: 7.823e-04 | std: 0.5365 | rollout: 12.513s | update: 0.804s | total: 13.317s | samples/s: 4260
Iteration 0319 | train reward: 1158.41 | best: 1158.41 | KL: 1.713e-03 | std: 0.5364 | rollout: 12.592s | update: 0.268s | total: 12.859s | samples/s: 4409
Iteration 0320 | train reward: 1178.90 | best: 1178.90 | KL: 6.387e-04 | std: 0.5365 | rollout: 12.027s | update: 0.737s | total: 12.763s | samples/s: 4549
Iteration 0321 | train reward: 1174.23 | best: 1178.90 | KL: 6.350e-04 | std: 0.5346 | rollout: 12.588s | update: 0.153s | total: 12.741s | samples/s: 4498
Iteration 0322 | train reward: 1158.22 | best: 1178.90 | KL: 7.371e-04 | std: 0.5338 | rollout: 12.685s | update: 0.322s | total: 13.007s | samples/s: 4401
Iteration 0323 | train reward: 1184.14 | best: 1184.14 | KL: 7.578e-04 | std: 0.5339 | rollout: 12.300s | update: 0.148s | total: 12.448s | samples/s: 4665
Iteration 0324 | train reward: 1158.28 | best: 1184.14 | KL: 7.599e-04 | std: 0.5339 | rollout: 11.957s | update: 0.135s | total: 12.092s | samples/s: 4713
Iteration 0325 | train reward: 1157.57 | best: 1184.14 | KL: 8.098e-04 | std: 0.5347 | rollout: 11.744s | update: 0.155s | total: 11.899s | samples/s: 4766
Iteration 0326 | train reward: 1171.84 | best: 1184.14 | KL: 7.289e-04 | std: 0.5336 | rollout: 11.718s | update: 0.283s | total: 12.001s | samples/s: 4754
Iteration 0327 | train reward: 1155.74 | best: 1184.14 | KL: 1.129e-03 | std: 0.5313 | rollout: 11.815s | update: 0.144s | total: 11.959s | samples/s: 4735
Iteration 0328 | train reward: 1154.40 | best: 1184.14 | KL: 7.019e-04 | std: 0.5313 | rollout: 12.022s | update: 0.189s | total: 12.212s | samples/s: 4585
Iteration 0329 | train reward: 1188.63 | best: 1188.63 | KL: 1.139e-03 | std: 0.5330 | rollout: 11.838s | update: 0.161s | total: 11.999s | samples/s: 4812
Iteration 0330 | train reward: 1175.02 | best: 1188.63 | KL: 1.054e-03 | std: 0.5315 | rollout: 11.959s | update: 0.147s | total: 12.106s | samples/s: 4731
Iteration 0331 | train reward: 1166.78 | best: 1188.63 | KL: 1.039e-03 | std: 0.5315 | rollout: 11.627s | update: 0.150s | total: 11.777s | samples/s: 4850
Iteration 0332 | train reward: 1208.09 | best: 1208.09 | KL: 8.182e-04 | std: 0.5321 | rollout: 11.860s | update: 0.162s | total: 12.023s | samples/s: 4922
Iteration 0333 | train reward: 1195.78 | best: 1208.09 | KL: 1.324e-03 | std: 0.5314 | rollout: 11.711s | update: 0.171s | total: 11.881s | samples/s: 4922
Iteration 0334 | train reward: 1188.14 | best: 1208.09 | KL: 1.083e-03 | std: 0.5338 | rollout: 11.793s | update: 0.205s | total: 11.998s | samples/s: 4849
Iteration 0335 | train reward: 1165.58 | best: 1208.09 | KL: 9.369e-04 | std: 0.5336 | rollout: 11.706s | update: 0.348s | total: 12.054s | samples/s: 4686
Iteration 0336 | train reward: 1195.91 | best: 1208.09 | KL: 1.005e-03 | std: 0.5355 | rollout: 12.436s | update: 0.301s | total: 12.737s | samples/s: 4545
Iteration 0337 | train reward: 1157.91 | best: 1208.09 | KL: 9.115e-04 | std: 0.5320 | rollout: 12.104s | update: 0.356s | total: 12.460s | samples/s: 4445
Iteration 0338 | train reward: 1169.92 | best: 1208.09 | KL: 8.799e-04 | std: 0.5320 | rollout: 12.033s | update: 0.139s | total: 12.172s | samples/s: 4625
Iteration 0339 | train reward: 1157.56 | best: 1208.09 | KL: 9.355e-04 | std: 0.5314 | rollout: 11.617s | update: 0.227s | total: 11.844s | samples/s: 4686
Iteration 0340 | train reward: 1171.24 | best: 1208.09 | KL: 6.501e-04 | std: 0.5311 | rollout: 11.937s | update: 0.154s | total: 12.090s | samples/s: 4660
Iteration 0341 | train reward: 1162.94 | best: 1208.09 | KL: 1.401e-03 | std: 0.5296 | rollout: 11.811s | update: 0.250s | total: 12.062s | samples/s: 4656
Iteration 0342 | train reward: 1172.30 | best: 1208.09 | KL: 1.143e-03 | std: 0.5294 | rollout: 11.857s | update: 0.143s | total: 12.000s | samples/s: 4695
Iteration 0343 | train reward: 1164.36 | best: 1208.09 | KL: 1.344e-03 | std: 0.5315 | rollout: 11.701s | update: 0.175s | total: 11.876s | samples/s: 4697
Iteration 0344 | train reward: 1154.94 | best: 1208.09 | KL: 1.269e-03 | std: 0.5312 | rollout: 11.611s | update: 0.147s | total: 11.758s | samples/s: 4684
Iteration 0345 | train reward: 1180.02 | best: 1208.09 | KL: 1.311e-03 | std: 0.5313 | rollout: 11.785s | update: 0.130s | total: 11.915s | samples/s: 4728
Iteration 0346 | train reward: 1178.63 | best: 1208.09 | KL: 8.097e-04 | std: 0.5304 | rollout: 11.827s | update: 0.152s | total: 11.979s | samples/s: 4749
Iteration 0347 | train reward: 1163.52 | best: 1208.09 | KL: 8.265e-04 | std: 0.5296 | rollout: 11.766s | update: 0.128s | total: 11.894s | samples/s: 4650
Iteration 0348 | train reward: 1170.45 | best: 1208.09 | KL: 9.053e-04 | std: 0.5286 | rollout: 11.849s | update: 0.144s | total: 11.992s | samples/s: 4683
Iteration 0349 | train reward: 1184.61 | best: 1208.09 | KL: 1.070e-03 | std: 0.5285 | rollout: 11.876s | update: 0.166s | total: 12.042s | samples/s: 4674
Iteration 0350 | train reward: 1180.39 | best: 1208.09 | KL: 1.353e-03 | std: 0.5277 | rollout: 12.045s | update: 0.171s | total: 12.216s | samples/s: 4581
Iteration 0351 | train reward: 1163.52 | best: 1208.09 | KL: 1.384e-03 | std: 0.5277 | rollout: 12.254s | update: 0.140s | total: 12.394s | samples/s: 4469
Iteration 0352 | train reward: 1193.50 | best: 1208.09 | KL: 1.026e-03 | std: 0.5294 | rollout: 12.648s | update: 0.136s | total: 12.784s | samples/s: 4443
Iteration 0353 | train reward: 1203.13 | best: 1208.09 | KL: 1.619e-03 | std: 0.5262 | rollout: 12.186s | update: 0.147s | total: 12.333s | samples/s: 4679
Iteration 0354 | train reward: 1154.62 | best: 1208.09 | KL: 5.651e-04 | std: 0.5261 | rollout: 12.064s | update: 0.324s | total: 12.388s | samples/s: 4460
Iteration 0355 | train reward: 1184.04 | best: 1208.09 | KL: 9.011e-04 | std: 0.5260 | rollout: 13.501s | update: 0.435s | total: 13.936s | samples/s: 4053
Iteration 0356 | train reward: 1191.77 | best: 1208.09 | KL: 1.055e-03 | std: 0.5261 | rollout: 12.986s | update: 0.513s | total: 13.499s | samples/s: 4173
Iteration 0357 | train reward: 1136.58 | best: 1208.09 | KL: 1.186e-03 | std: 0.5251 | rollout: 12.661s | update: 0.142s | total: 12.804s | samples/s: 4254
Iteration 0358 | train reward: 1156.56 | best: 1208.09 | KL: 1.067e-03 | std: 0.5251 | rollout: 12.525s | update: 0.129s | total: 12.655s | samples/s: 4337
Iteration 0359 | train reward: 1157.12 | best: 1208.09 | KL: 9.394e-04 | std: 0.5251 | rollout: 12.054s | update: 0.219s | total: 12.273s | samples/s: 4475
Iteration 0360 | train reward: 1165.14 | best: 1208.09 | KL: 8.044e-04 | std: 0.5235 | rollout: 12.313s | update: 0.196s | total: 12.509s | samples/s: 4400
Iteration 0361 | train reward: 1147.30 | best: 1208.09 | KL: 6.837e-04 | std: 0.5234 | rollout: 12.639s | update: 0.404s | total: 13.043s | samples/s: 4144
Iteration 0362 | train reward: 1163.40 | best: 1208.09 | KL: 1.280e-03 | std: 0.5237 | rollout: 12.417s | update: 0.194s | total: 12.611s | samples/s: 4353
Iteration 0363 | train reward: 1149.70 | best: 1208.09 | KL: 7.519e-04 | std: 0.5232 | rollout: 12.013s | update: 0.161s | total: 12.175s | samples/s: 4456
Iteration 0364 | train reward: 1175.86 | best: 1208.09 | KL: 1.555e-03 | std: 0.5217 | rollout: 12.191s | update: 0.194s | total: 12.385s | samples/s: 4503
Iteration 0365 | train reward: 1191.97 | best: 1208.09 | KL: 9.976e-04 | std: 0.5206 | rollout: 12.245s | update: 0.478s | total: 12.723s | samples/s: 4423
Iteration 0366 | train reward: 1200.59 | best: 1208.09 | KL: 7.250e-04 | std: 0.5201 | rollout: 12.627s | update: 0.299s | total: 12.926s | samples/s: 4380
Iteration 0367 | train reward: 1182.94 | best: 1208.09 | KL: 7.654e-04 | std: 0.5185 | rollout: 13.115s | update: 0.685s | total: 13.800s | samples/s: 4063
Iteration 0368 | train reward: 1165.79 | best: 1208.09 | KL: 1.189e-03 | std: 0.5182 | rollout: 12.476s | update: 0.372s | total: 12.848s | samples/s: 4262
Iteration 0369 | train reward: 1192.45 | best: 1208.09 | KL: 8.923e-04 | std: 0.5156 | rollout: 12.302s | update: 0.157s | total: 12.459s | samples/s: 4525
Iteration 0370 | train reward: 1157.24 | best: 1208.09 | KL: 7.706e-04 | std: 0.5154 | rollout: 12.888s | update: 0.262s | total: 13.150s | samples/s: 4152
Iteration 0371 | train reward: 1196.55 | best: 1208.09 | KL: 1.049e-03 | std: 0.5148 | rollout: 12.570s | update: 0.154s | total: 12.725s | samples/s: 4469
Iteration 0372 | train reward: 1193.85 | best: 1208.09 | KL: 1.473e-03 | std: 0.5128 | rollout: 13.094s | update: 0.530s | total: 13.624s | samples/s: 4131
Iteration 0373 | train reward: 1217.45 | best: 1217.45 | KL: 2.534e-03 | std: 0.5132 | rollout: 13.378s | update: 0.403s | total: 13.780s | samples/s: 4190
Iteration 0374 | train reward: 1184.10 | best: 1217.45 | KL: 1.058e-03 | std: 0.5131 | rollout: 12.928s | update: 0.185s | total: 13.113s | samples/s: 4279
Iteration 0375 | train reward: 1177.55 | best: 1217.45 | KL: 9.340e-04 | std: 0.5112 | rollout: 12.310s | update: 0.456s | total: 12.765s | samples/s: 4369
Iteration 0376 | train reward: 1211.60 | best: 1217.45 | KL: 8.440e-04 | std: 0.5104 | rollout: 12.697s | update: 0.338s | total: 13.035s | samples/s: 4403
Iteration 0377 | train reward: 1213.18 | best: 1217.45 | KL: 8.112e-04 | std: 0.5114 | rollout: 12.270s | update: 0.158s | total: 12.428s | samples/s: 4591
Iteration 0378 | train reward: 1206.56 | best: 1217.45 | KL: 8.533e-04 | std: 0.5130 | rollout: 12.574s | update: 0.249s | total: 12.822s | samples/s: 4414
Iteration 0379 | train reward: 1198.92 | best: 1217.45 | KL: 1.210e-03 | std: 0.5148 | rollout: 13.043s | update: 0.912s | total: 13.956s | samples/s: 4042
Iteration 0380 | train reward: 1202.82 | best: 1217.45 | KL: 8.202e-04 | std: 0.5154 | rollout: 14.195s | update: 0.876s | total: 15.071s | samples/s: 3759
Iteration 0381 | train reward: 1215.99 | best: 1217.45 | KL: 1.592e-03 | std: 0.5139 | rollout: 12.929s | update: 0.481s | total: 13.410s | samples/s: 4306
Iteration 0382 | train reward: 1208.84 | best: 1217.45 | KL: 6.277e-04 | std: 0.5149 | rollout: 12.098s | update: 0.146s | total: 12.244s | samples/s: 4668
Iteration 0383 | train reward: 1229.95 | best: 1229.95 | KL: 1.325e-03 | std: 0.5157 | rollout: 12.778s | update: 0.211s | total: 12.989s | samples/s: 4506
Iteration 0384 | train reward: 1191.93 | best: 1229.95 | KL: 6.292e-04 | std: 0.5154 | rollout: 12.525s | update: 0.263s | total: 12.788s | samples/s: 4393
Iteration 0385 | train reward: 1221.26 | best: 1229.95 | KL: 1.546e-03 | std: 0.5156 | rollout: 12.701s | update: 0.195s | total: 12.896s | samples/s: 4469
Iteration 0386 | train reward: 1199.28 | best: 1229.95 | KL: 1.004e-03 | std: 0.5156 | rollout: 12.215s | update: 0.167s | total: 12.383s | samples/s: 4550
Iteration 0387 | train reward: 1178.12 | best: 1229.95 | KL: 1.137e-03 | std: 0.5147 | rollout: 12.424s | update: 0.258s | total: 12.682s | samples/s: 4392
Iteration 0388 | train reward: 1210.38 | best: 1229.95 | KL: 1.094e-03 | std: 0.5173 | rollout: 12.116s | update: 0.438s | total: 12.554s | samples/s: 4542
Iteration 0389 | train reward: 1191.97 | best: 1229.95 | KL: 1.313e-03 | std: 0.5184 | rollout: 12.208s | update: 0.290s | total: 12.497s | samples/s: 4467
Iteration 0390 | train reward: 1194.92 | best: 1229.95 | KL: 9.091e-04 | std: 0.5185 | rollout: 12.618s | update: 0.156s | total: 12.774s | samples/s: 4407
Iteration 0391 | train reward: 1180.28 | best: 1229.95 | KL: 9.234e-04 | std: 0.5190 | rollout: 12.022s | update: 0.313s | total: 12.335s | samples/s: 4549
Iteration 0392 | train reward: 1187.31 | best: 1229.95 | KL: 1.079e-03 | std: 0.5182 | rollout: 12.111s | update: 0.187s | total: 12.299s | samples/s: 4550
Iteration 0393 | train reward: 1208.46 | best: 1229.95 | KL: 1.268e-03 | std: 0.5182 | rollout: 11.864s | update: 0.238s | total: 12.102s | samples/s: 4759
Iteration 0394 | train reward: 1190.16 | best: 1229.95 | KL: 1.277e-03 | std: 0.5201 | rollout: 12.432s | update: 0.241s | total: 12.673s | samples/s: 4475
Iteration 0395 | train reward: 1222.67 | best: 1229.95 | KL: 1.158e-03 | std: 0.5206 | rollout: 12.464s | update: 0.214s | total: 12.678s | samples/s: 4556
Iteration 0396 | train reward: 1184.90 | best: 1229.95 | KL: 1.095e-03 | std: 0.5199 | rollout: 12.144s | update: 0.148s | total: 12.292s | samples/s: 4552
Iteration 0397 | train reward: 1208.16 | best: 1229.95 | KL: 9.830e-04 | std: 0.5189 | rollout: 12.116s | update: 0.139s | total: 12.255s | samples/s: 4688
Iteration 0398 | train reward: 1208.10 | best: 1229.95 | KL: 8.422e-04 | std: 0.5173 | rollout: 12.352s | update: 0.214s | total: 12.566s | samples/s: 4588
Iteration 0399 | train reward: 1232.87 | best: 1232.87 | KL: 1.249e-03 | std: 0.5190 | rollout: 12.464s | update: 0.259s | total: 12.724s | samples/s: 4590
Iteration 0400 | train reward: 1233.79 | best: 1233.79 | KL: 1.508e-03 | std: 0.5201 | rollout: 12.407s | update: 0.279s | total: 12.686s | samples/s: 4624
Iteration 0401 | train reward: 1192.50 | best: 1233.79 | KL: 1.190e-03 | std: 0.5192 | rollout: 12.252s | update: 0.148s | total: 12.401s | samples/s: 4542
Iteration 0402 | train reward: 1209.28 | best: 1233.79 | KL: 1.008e-03 | std: 0.5199 | rollout: 12.388s | update: 0.310s | total: 12.698s | samples/s: 4514
Iteration 0403 | train reward: 1234.77 | best: 1234.77 | KL: 1.049e-03 | std: 0.5199 | rollout: 12.325s | update: 0.172s | total: 12.497s | samples/s: 4652
Iteration 0404 | train reward: 1244.29 | best: 1244.29 | KL: 1.009e-03 | std: 0.5182 | rollout: 11.975s | update: 0.179s | total: 12.155s | samples/s: 4811
Iteration 0405 | train reward: 1226.03 | best: 1244.29 | KL: 1.288e-03 | std: 0.5182 | rollout: 12.035s | update: 0.390s | total: 12.426s | samples/s: 4646
Iteration 0406 | train reward: 1220.49 | best: 1244.29 | KL: 1.410e-03 | std: 0.5182 | rollout: 12.246s | update: 0.236s | total: 12.482s | samples/s: 4604
Iteration 0407 | train reward: 1208.72 | best: 1244.29 | KL: 9.097e-04 | std: 0.5182 | rollout: 12.759s | update: 0.163s | total: 12.923s | samples/s: 4391
Iteration 0408 | train reward: 1203.59 | best: 1244.29 | KL: 1.327e-03 | std: 0.5157 | rollout: 12.877s | update: 0.233s | total: 13.110s | samples/s: 4324
Iteration 0409 | train reward: 1215.18 | best: 1244.29 | KL: 9.225e-04 | std: 0.5164 | rollout: 12.344s | update: 0.251s | total: 12.595s | samples/s: 4516
Iteration 0410 | train reward: 1205.74 | best: 1244.29 | KL: 1.324e-03 | std: 0.5157 | rollout: 12.474s | update: 0.341s | total: 12.815s | samples/s: 4398
Iteration 0411 | train reward: 1230.80 | best: 1244.29 | KL: 1.414e-03 | std: 0.5166 | rollout: 12.054s | update: 0.305s | total: 12.359s | samples/s: 4647
Iteration 0412 | train reward: 1223.10 | best: 1244.29 | KL: 1.352e-03 | std: 0.5159 | rollout: 11.739s | update: 0.142s | total: 11.881s | samples/s: 4788
Iteration 0413 | train reward: 1201.13 | best: 1244.29 | KL: 9.087e-04 | std: 0.5166 | rollout: 11.718s | update: 0.140s | total: 11.858s | samples/s: 4740
Iteration 0414 | train reward: 1246.13 | best: 1246.13 | KL: 1.113e-03 | std: 0.5175 | rollout: 11.516s | update: 0.176s | total: 11.692s | samples/s: 5019
Iteration 0415 | train reward: 1206.71 | best: 1246.13 | KL: 1.576e-03 | std: 0.5159 | rollout: 11.662s | update: 0.223s | total: 11.885s | samples/s: 4730
Iteration 0416 | train reward: 1229.70 | best: 1246.13 | KL: 1.762e-03 | std: 0.5189 | rollout: 11.888s | update: 0.201s | total: 12.089s | samples/s: 4756
Iteration 0417 | train reward: 1242.12 | best: 1246.13 | KL: 7.610e-04 | std: 0.5191 | rollout: 13.021s | update: 0.431s | total: 13.452s | samples/s: 4336
Iteration 0418 | train reward: 1215.56 | best: 1246.13 | KL: 1.652e-03 | std: 0.5156 | rollout: 11.499s | update: 0.251s | total: 11.751s | samples/s: 4855
Iteration 0419 | train reward: 1215.18 | best: 1246.13 | KL: 1.075e-03 | std: 0.5182 | rollout: 10.309s | update: 0.186s | total: 10.495s | samples/s: 5447
Iteration 0420 | train reward: 1225.90 | best: 1246.13 | KL: 1.212e-03 | std: 0.5165 | rollout: 10.516s | update: 0.275s | total: 10.791s | samples/s: 5349
Iteration 0421 | train reward: 1254.41 | best: 1254.41 | KL: 8.719e-04 | std: 0.5173 | rollout: 10.318s | update: 0.282s | total: 10.600s | samples/s: 5523
Iteration 0422 | train reward: 1221.01 | best: 1254.41 | KL: 9.651e-04 | std: 0.5174 | rollout: 10.445s | update: 0.247s | total: 10.692s | samples/s: 5321
Iteration 0423 | train reward: 1222.17 | best: 1254.41 | KL: 1.376e-03 | std: 0.5165 | rollout: 10.498s | update: 0.204s | total: 10.702s | samples/s: 5302
Iteration 0424 | train reward: 1227.83 | best: 1254.41 | KL: 1.689e-03 | std: 0.5154 | rollout: 10.267s | update: 0.170s | total: 10.438s | samples/s: 5478
Iteration 0425 | train reward: 1258.55 | best: 1258.55 | KL: 1.385e-03 | std: 0.5137 | rollout: 10.287s | update: 0.256s | total: 10.543s | samples/s: 5527
Iteration 0426 | train reward: 1241.97 | best: 1258.55 | KL: 1.362e-03 | std: 0.5132 | rollout: 10.316s | update: 0.411s | total: 10.728s | samples/s: 5372
Iteration 0427 | train reward: 1227.10 | best: 1258.55 | KL: 1.432e-03 | std: 0.5122 | rollout: 10.148s | update: 0.146s | total: 10.294s | samples/s: 5528
Iteration 0428 | train reward: 1243.12 | best: 1258.55 | KL: 1.409e-03 | std: 0.5130 | rollout: 10.742s | update: 0.578s | total: 11.320s | samples/s: 5090
Iteration 0429 | train reward: 1236.09 | best: 1258.55 | KL: 1.444e-03 | std: 0.5112 | rollout: 10.634s | update: 0.479s | total: 11.113s | samples/s: 5167
Iteration 0430 | train reward: 1218.34 | best: 1258.55 | KL: 1.125e-03 | std: 0.5104 | rollout: 9.891s | update: 0.267s | total: 10.157s | samples/s: 5531
Iteration 0431 | train reward: 1225.99 | best: 1258.55 | KL: 1.062e-03 | std: 0.5107 | rollout: 10.230s | update: 0.272s | total: 10.502s | samples/s: 5322
Iteration 0432 | train reward: 1182.82 | best: 1258.55 | KL: 9.661e-04 | std: 0.5088 | rollout: 10.284s | update: 0.270s | total: 10.554s | samples/s: 5126
Iteration 0433 | train reward: 1249.80 | best: 1258.55 | KL: 1.343e-03 | std: 0.5078 | rollout: 10.382s | update: 0.477s | total: 10.859s | samples/s: 5261
Iteration 0434 | train reward: 1229.38 | best: 1258.55 | KL: 1.068e-03 | std: 0.5086 | rollout: 10.913s | update: 0.349s | total: 11.262s | samples/s: 5019
Iteration 0435 | train reward: 1246.79 | best: 1258.55 | KL: 1.553e-03 | std: 0.5080 | rollout: 10.927s | update: 0.248s | total: 11.176s | samples/s: 5125
Iteration 0436 | train reward: 1250.19 | best: 1258.55 | KL: 1.117e-03 | std: 0.5069 | rollout: 10.039s | update: 0.128s | total: 10.168s | samples/s: 5668
Iteration 0437 | train reward: 1269.97 | best: 1269.97 | KL: 8.426e-04 | std: 0.5062 | rollout: 10.092s | update: 0.145s | total: 10.236s | samples/s: 5718
Iteration 0438 | train reward: 1263.64 | best: 1269.97 | KL: 1.083e-03 | std: 0.5078 | rollout: 10.696s | update: 0.364s | total: 11.060s | samples/s: 5242
Iteration 0439 | train reward: 1257.87 | best: 1269.97 | KL: 1.494e-03 | std: 0.5078 | rollout: 10.653s | update: 0.321s | total: 10.973s | samples/s: 5319
Iteration 0440 | train reward: 1256.77 | best: 1269.97 | KL: 2.080e-03 | std: 0.5076 | rollout: 10.173s | update: 0.478s | total: 10.651s | samples/s: 5415
Iteration 0441 | train reward: 1221.70 | best: 1269.97 | KL: 1.275e-03 | std: 0.5052 | rollout: 10.841s | update: 0.136s | total: 10.977s | samples/s: 5112
Iteration 0442 | train reward: 1273.75 | best: 1273.75 | KL: 1.517e-03 | std: 0.5060 | rollout: 10.067s | update: 0.180s | total: 10.248s | samples/s: 5692
Iteration 0443 | train reward: 1231.86 | best: 1273.75 | KL: 1.038e-03 | std: 0.5052 | rollout: 8.499s | update: 0.255s | total: 8.754s | samples/s: 6392
Iteration 0444 | train reward: 1237.76 | best: 1273.75 | KL: 1.260e-03 | std: 0.5068 | rollout: 7.968s | update: 0.173s | total: 8.141s | samples/s: 6912
Iteration 0445 | train reward: 1230.79 | best: 1273.75 | KL: 1.449e-03 | std: 0.5080 | rollout: 8.416s | update: 0.132s | total: 8.548s | samples/s: 6581
Iteration 0446 | train reward: 1258.83 | best: 1273.75 | KL: 1.919e-03 | std: 0.5095 | rollout: 8.329s | update: 0.132s | total: 8.461s | samples/s: 6797
Iteration 0447 | train reward: 1233.20 | best: 1273.75 | KL: 9.386e-04 | std: 0.5112 | rollout: 8.404s | update: 0.132s | total: 8.536s | samples/s: 6622
Iteration 0448 | train reward: 1235.40 | best: 1273.75 | KL: 1.354e-03 | std: 0.5112 | rollout: 8.418s | update: 0.244s | total: 8.663s | samples/s: 6491
Iteration 0449 | train reward: 1240.70 | best: 1273.75 | KL: 1.381e-03 | std: 0.5114 | rollout: 8.477s | update: 0.168s | total: 8.645s | samples/s: 6504
Iteration 0450 | train reward: 1264.48 | best: 1273.75 | KL: 1.811e-03 | std: 0.5112 | rollout: 8.274s | update: 0.241s | total: 8.516s | samples/s: 6726
Iteration 0451 | train reward: 1239.62 | best: 1273.75 | KL: 1.261e-03 | std: 0.5128 | rollout: 8.662s | update: 0.128s | total: 8.790s | samples/s: 6455
Iteration 0452 | train reward: 1230.13 | best: 1273.75 | KL: 1.666e-03 | std: 0.5121 | rollout: 8.168s | update: 0.157s | total: 8.325s | samples/s: 6688
Iteration 0453 | train reward: 1258.46 | best: 1273.75 | KL: 1.367e-03 | std: 0.5121 | rollout: 8.441s | update: 0.172s | total: 8.613s | samples/s: 6659
Iteration 0454 | train reward: 1256.20 | best: 1273.75 | KL: 1.695e-03 | std: 0.5128 | rollout: 8.378s | update: 0.154s | total: 8.532s | samples/s: 6776
Iteration 0455 | train reward: 1286.89 | best: 1286.89 | KL: 2.066e-03 | std: 0.5132 | rollout: 8.510s | update: 0.126s | total: 8.636s | samples/s: 6761
Iteration 0456 | train reward: 1263.35 | best: 1286.89 | KL: 1.033e-03 | std: 0.5140 | rollout: 8.299s | update: 0.199s | total: 8.498s | samples/s: 6720
Iteration 0457 | train reward: 1257.14 | best: 1286.89 | KL: 1.300e-03 | std: 0.5128 | rollout: 8.255s | update: 0.135s | total: 8.389s | samples/s: 6837
Iteration 0458 | train reward: 1241.18 | best: 1286.89 | KL: 1.112e-03 | std: 0.5113 | rollout: 8.253s | update: 0.138s | total: 8.391s | samples/s: 6695
Iteration 0459 | train reward: 1258.65 | best: 1286.89 | KL: 1.585e-03 | std: 0.5128 | rollout: 8.228s | update: 0.133s | total: 8.361s | samples/s: 6802
Iteration 0460 | train reward: 1271.58 | best: 1286.89 | KL: 1.603e-03 | std: 0.5113 | rollout: 9.530s | update: 0.235s | total: 9.765s | samples/s: 5876
Iteration 0461 | train reward: 1221.35 | best: 1286.89 | KL: 1.712e-03 | std: 0.5094 | rollout: 10.501s | update: 0.527s | total: 11.028s | samples/s: 4971
Iteration 0462 | train reward: 1233.65 | best: 1286.89 | KL: 1.277e-03 | std: 0.5112 | rollout: 8.457s | update: 0.266s | total: 8.723s | samples/s: 6381
Iteration 0463 | train reward: 1251.91 | best: 1286.89 | KL: 1.804e-03 | std: 0.5112 | rollout: 7.962s | update: 0.204s | total: 8.166s | samples/s: 6873
Iteration 0464 | train reward: 1220.95 | best: 1286.89 | KL: 8.821e-04 | std: 0.5102 | rollout: 8.184s | update: 0.396s | total: 8.580s | samples/s: 6375
Iteration 0465 | train reward: 1250.29 | best: 1286.89 | KL: 2.404e-03 | std: 0.5095 | rollout: 8.121s | update: 0.151s | total: 8.273s | samples/s: 6784
Iteration 0466 | train reward: 1268.80 | best: 1286.89 | KL: 1.626e-03 | std: 0.5122 | rollout: 8.321s | update: 0.141s | total: 8.463s | samples/s: 6732
Iteration 0467 | train reward: 1237.84 | best: 1286.89 | KL: 1.905e-03 | std: 0.5112 | rollout: 8.291s | update: 0.135s | total: 8.426s | samples/s: 6611
Iteration 0468 | train reward: 1213.84 | best: 1286.89 | KL: 1.192e-03 | std: 0.5121 | rollout: 8.381s | update: 0.109s | total: 8.490s | samples/s: 6416
Iteration 0469 | train reward: 1237.65 | best: 1286.89 | KL: 1.639e-03 | std: 0.5107 | rollout: 8.323s | update: 0.183s | total: 8.507s | samples/s: 6548
Iteration 0470 | train reward: 1211.50 | best: 1286.89 | KL: 1.797e-03 | std: 0.5122 | rollout: 7.962s | update: 0.142s | total: 8.104s | samples/s: 6697
Iteration 0471 | train reward: 1253.99 | best: 1286.89 | KL: 1.709e-03 | std: 0.5128 | rollout: 8.237s | update: 0.176s | total: 8.413s | samples/s: 6662
Iteration 0472 | train reward: 1203.75 | best: 1286.89 | KL: 1.425e-03 | std: 0.5130 | rollout: 8.654s | update: 0.381s | total: 9.034s | samples/s: 5945
Iteration 0473 | train reward: 1227.85 | best: 1286.89 | KL: 1.161e-03 | std: 0.5138 | rollout: 9.128s | update: 0.191s | total: 9.318s | samples/s: 5872
Iteration 0474 | train reward: 1222.23 | best: 1286.89 | KL: 9.267e-04 | std: 0.5140 | rollout: 8.878s | update: 0.361s | total: 9.239s | samples/s: 5910
Iteration 0475 | train reward: 1222.43 | best: 1286.89 | KL: 1.432e-03 | std: 0.5149 | rollout: 7.863s | update: 0.355s | total: 8.219s | samples/s: 6610
Iteration 0476 | train reward: 1268.50 | best: 1286.89 | KL: 1.912e-03 | std: 0.5148 | rollout: 8.304s | update: 0.191s | total: 8.495s | samples/s: 6666
Iteration 0477 | train reward: 1271.20 | best: 1286.89 | KL: 2.581e-03 | std: 0.5138 | rollout: 8.590s | update: 0.136s | total: 8.726s | samples/s: 6511
Iteration 0478 | train reward: 1221.14 | best: 1286.89 | KL: 1.021e-03 | std: 0.5131 | rollout: 8.428s | update: 0.133s | total: 8.561s | samples/s: 6397
Iteration 0479 | train reward: 1240.62 | best: 1286.89 | KL: 1.652e-03 | std: 0.5138 | rollout: 8.960s | update: 0.155s | total: 9.115s | samples/s: 6113
Iteration 0480 | train reward: 1280.35 | best: 1286.89 | KL: 1.188e-03 | std: 0.5149 | rollout: 8.685s | update: 0.241s | total: 8.925s | samples/s: 6414
Iteration 0481 | train reward: 1276.29 | best: 1286.89 | KL: 9.180e-04 | std: 0.5147 | rollout: 8.470s | update: 0.171s | total: 8.641s | samples/s: 6605
Iteration 0482 | train reward: 1261.09 | best: 1286.89 | KL: 1.612e-03 | std: 0.5149 | rollout: 8.236s | update: 0.146s | total: 8.382s | samples/s: 6761
Iteration 0483 | train reward: 1282.45 | best: 1286.89 | KL: 1.395e-03 | std: 0.5157 | rollout: 7.962s | update: 0.140s | total: 8.102s | samples/s: 7107
Iteration 0484 | train reward: 1309.27 | best: 1309.27 | KL: 1.354e-03 | std: 0.5159 | rollout: 8.222s | update: 0.151s | total: 8.373s | samples/s: 7024
Iteration 0485 | train reward: 1262.92 | best: 1309.27 | KL: 1.066e-03 | std: 0.5156 | rollout: 7.908s | update: 0.137s | total: 8.045s | samples/s: 7006
Iteration 0486 | train reward: 1269.92 | best: 1309.27 | KL: 1.180e-03 | std: 0.5154 | rollout: 8.269s | update: 0.195s | total: 8.464s | samples/s: 6692
Iteration 0487 | train reward: 1311.86 | best: 1311.86 | KL: 1.165e-03 | std: 0.5139 | rollout: 8.038s | update: 0.159s | total: 8.197s | samples/s: 7198
Iteration 0488 | train reward: 1235.50 | best: 1311.86 | KL: 1.450e-03 | std: 0.5133 | rollout: 7.952s | update: 0.131s | total: 8.083s | samples/s: 6839
Iteration 0489 | train reward: 1250.59 | best: 1311.86 | KL: 1.339e-03 | std: 0.5133 | rollout: 8.131s | update: 0.146s | total: 8.277s | samples/s: 6755
Iteration 0490 | train reward: 1298.95 | best: 1311.86 | KL: 1.543e-03 | std: 0.5133 | rollout: 8.157s | update: 0.282s | total: 8.439s | samples/s: 6909
Iteration 0491 | train reward: 1284.32 | best: 1311.86 | KL: 1.305e-03 | std: 0.5131 | rollout: 8.034s | update: 0.153s | total: 8.187s | samples/s: 7090
Iteration 0492 | train reward: 1300.42 | best: 1311.86 | KL: 9.551e-04 | std: 0.5132 | rollout: 8.119s | update: 0.169s | total: 8.288s | samples/s: 7075
Iteration 0493 | train reward: 1261.64 | best: 1311.86 | KL: 1.276e-03 | std: 0.5113 | rollout: 8.180s | update: 0.143s | total: 8.324s | samples/s: 6817
Iteration 0494 | train reward: 1278.22 | best: 1311.86 | KL: 1.898e-03 | std: 0.5087 | rollout: 7.881s | update: 0.129s | total: 8.010s | samples/s: 7173
Iteration 0495 | train reward: 1298.85 | best: 1311.86 | KL: 1.161e-03 | std: 0.5085 | rollout: 8.036s | update: 0.135s | total: 8.172s | samples/s: 7127
Iteration 0496 | train reward: 1253.02 | best: 1311.86 | KL: 1.256e-03 | std: 0.5096 | rollout: 8.176s | update: 0.118s | total: 8.294s | samples/s: 6737
Iteration 0497 | train reward: 1239.63 | best: 1311.86 | KL: 1.526e-03 | std: 0.5094 | rollout: 7.989s | update: 0.120s | total: 8.110s | samples/s: 6800
Iteration 0498 | train reward: 1259.16 | best: 1311.86 | KL: 1.143e-03 | std: 0.5080 | rollout: 7.988s | update: 0.126s | total: 8.115s | samples/s: 6871
Iteration 0499 | train reward: 1270.77 | best: 1311.86 | KL: 1.357e-03 | std: 0.5078 | rollout: 7.809s | update: 0.126s | total: 7.936s | samples/s: 7172
Iteration 0500 | train reward: 1275.53 | best: 1311.86 | KL: 1.725e-03 | std: 0.5068 | rollout: 7.989s | update: 0.138s | total: 8.126s | samples/s: 7020
Iteration 0501 | train reward: 1280.48 | best: 1311.86 | KL: 1.458e-03 | std: 0.5076 | rollout: 8.049s | update: 0.152s | total: 8.201s | samples/s: 6948
Iteration 0502 | train reward: 1293.51 | best: 1311.86 | KL: 1.510e-03 | std: 0.5079 | rollout: 8.259s | update: 0.129s | total: 8.388s | samples/s: 6857
Iteration 0503 | train reward: 1275.99 | best: 1311.86 | KL: 1.609e-03 | std: 0.5069 | rollout: 8.222s | update: 0.131s | total: 8.353s | samples/s: 6833
Iteration 0504 | train reward: 1301.19 | best: 1311.86 | KL: 9.019e-04 | std: 0.5052 | rollout: 8.091s | update: 0.149s | total: 8.240s | samples/s: 7051
Iteration 0505 | train reward: 1302.40 | best: 1311.86 | KL: 1.090e-03 | std: 0.5054 | rollout: 8.319s | update: 0.152s | total: 8.471s | samples/s: 6860
Iteration 0506 | train reward: 1265.64 | best: 1311.86 | KL: 1.342e-03 | std: 0.5060 | rollout: 8.198s | update: 0.133s | total: 8.331s | samples/s: 6787
Iteration 0507 | train reward: 1280.09 | best: 1311.86 | KL: 1.490e-03 | std: 0.5050 | rollout: 7.883s | update: 0.120s | total: 8.003s | samples/s: 7064
Iteration 0508 | train reward: 1256.25 | best: 1311.86 | KL: 1.987e-03 | std: 0.5052 | rollout: 8.016s | update: 0.238s | total: 8.254s | samples/s: 6778
Iteration 0509 | train reward: 1296.55 | best: 1311.86 | KL: 1.053e-03 | std: 0.5061 | rollout: 7.880s | update: 0.128s | total: 8.008s | samples/s: 7179
Iteration 0510 | train reward: 1258.62 | best: 1311.86 | KL: 1.142e-03 | std: 0.5062 | rollout: 7.855s | update: 0.137s | total: 7.992s | samples/s: 6895
Iteration 0511 | train reward: 1269.62 | best: 1311.86 | KL: 9.531e-04 | std: 0.5052 | rollout: 7.905s | update: 0.129s | total: 8.034s | samples/s: 7012
Iteration 0512 | train reward: 1273.90 | best: 1311.86 | KL: 1.183e-03 | std: 0.5036 | rollout: 7.859s | update: 0.131s | total: 7.990s | samples/s: 7058
Iteration 0513 | train reward: 1291.71 | best: 1311.86 | KL: 1.601e-03 | std: 0.5024 | rollout: 8.054s | update: 0.123s | total: 8.178s | samples/s: 6984
Iteration 0514 | train reward: 1283.05 | best: 1311.86 | KL: 1.045e-03 | std: 0.5008 | rollout: 7.977s | update: 0.121s | total: 8.098s | samples/s: 7010
Iteration 0515 | train reward: 1249.69 | best: 1311.86 | KL: 1.325e-03 | std: 0.5008 | rollout: 8.454s | update: 0.289s | total: 8.743s | samples/s: 6301
Iteration 0516 | train reward: 1282.34 | best: 1311.86 | KL: 1.275e-03 | std: 0.5001 | rollout: 7.949s | update: 0.139s | total: 8.088s | samples/s: 6968
Iteration 0517 | train reward: 1253.65 | best: 1311.86 | KL: 7.442e-04 | std: 0.5002 | rollout: 8.050s | update: 0.130s | total: 8.180s | samples/s: 6771
Iteration 0518 | train reward: 1280.51 | best: 1311.86 | KL: 1.237e-03 | std: 0.4992 | rollout: 8.334s | update: 0.356s | total: 8.690s | samples/s: 6519
Iteration 0519 | train reward: 1292.44 | best: 1311.86 | KL: 1.143e-03 | std: 0.4983 | rollout: 7.986s | update: 0.159s | total: 8.145s | samples/s: 7043
Iteration 0520 | train reward: 1284.16 | best: 1311.86 | KL: 1.075e-03 | std: 0.4999 | rollout: 7.988s | update: 0.138s | total: 8.127s | samples/s: 7003
Iteration 0521 | train reward: 1292.63 | best: 1311.86 | KL: 9.711e-04 | std: 0.4992 | rollout: 7.953s | update: 0.137s | total: 8.090s | samples/s: 7072
Iteration 0522 | train reward: 1285.01 | best: 1311.86 | KL: 1.140e-03 | std: 0.4982 | rollout: 9.083s | update: 0.223s | total: 9.306s | samples/s: 6086
Iteration 0523 | train reward: 1275.50 | best: 1311.86 | KL: 1.751e-03 | std: 0.4973 | rollout: 9.328s | update: 0.125s | total: 9.453s | samples/s: 5971
Iteration 0524 | train reward: 1314.68 | best: 1314.68 | KL: 1.520e-03 | std: 0.4966 | rollout: 8.718s | update: 0.181s | total: 8.899s | samples/s: 6553
Iteration 0525 | train reward: 1303.57 | best: 1314.68 | KL: 1.179e-03 | std: 0.4958 | rollout: 8.889s | update: 0.173s | total: 9.062s | samples/s: 6414
Iteration 0526 | train reward: 1315.24 | best: 1315.24 | KL: 1.398e-03 | std: 0.4946 | rollout: 8.092s | update: 0.440s | total: 8.532s | samples/s: 6859
Iteration 0527 | train reward: 1321.05 | best: 1321.05 | KL: 1.592e-03 | std: 0.4938 | rollout: 7.816s | update: 0.151s | total: 7.967s | samples/s: 7401
Iteration 0528 | train reward: 1312.08 | best: 1321.05 | KL: 6.655e-04 | std: 0.4922 | rollout: 8.183s | update: 0.135s | total: 8.318s | samples/s: 7011
Iteration 0529 | train reward: 1295.31 | best: 1321.05 | KL: 1.344e-03 | std: 0.4930 | rollout: 8.069s | update: 0.145s | total: 8.213s | samples/s: 6981
Iteration 0530 | train reward: 1290.25 | best: 1321.05 | KL: 1.333e-03 | std: 0.4920 | rollout: 8.299s | update: 0.157s | total: 8.455s | samples/s: 6758
Iteration 0531 | train reward: 1300.75 | best: 1321.05 | KL: 1.253e-03 | std: 0.4905 | rollout: 7.973s | update: 0.247s | total: 8.220s | samples/s: 7029
Iteration 0532 | train reward: 1275.49 | best: 1321.05 | KL: 1.136e-03 | std: 0.4906 | rollout: 8.046s | update: 0.129s | total: 8.176s | samples/s: 6960
Iteration 0533 | train reward: 1275.74 | best: 1321.05 | KL: 1.253e-03 | std: 0.4924 | rollout: 8.075s | update: 0.126s | total: 8.202s | samples/s: 6886
Iteration 0534 | train reward: 1298.05 | best: 1321.05 | KL: 1.041e-03 | std: 0.4905 | rollout: 8.139s | update: 0.223s | total: 8.362s | samples/s: 6902
Iteration 0535 | train reward: 1303.81 | best: 1321.05 | KL: 1.801e-03 | std: 0.4898 | rollout: 8.684s | update: 0.129s | total: 8.813s | samples/s: 6599
Iteration 0536 | train reward: 1315.60 | best: 1321.05 | KL: 1.340e-03 | std: 0.4912 | rollout: 7.848s | update: 0.171s | total: 8.019s | samples/s: 7269
Iteration 0537 | train reward: 1319.22 | best: 1321.05 | KL: 1.354e-03 | std: 0.4904 | rollout: 8.180s | update: 0.367s | total: 8.547s | samples/s: 6860
Iteration 0538 | train reward: 1326.11 | best: 1326.11 | KL: 1.462e-03 | std: 0.4894 | rollout: 8.545s | update: 0.242s | total: 8.787s | samples/s: 6730
Iteration 0539 | train reward: 1295.82 | best: 1326.11 | KL: 1.240e-03 | std: 0.4886 | rollout: 8.049s | update: 0.162s | total: 8.211s | samples/s: 6989
Iteration 0540 | train reward: 1314.16 | best: 1326.11 | KL: 1.502e-03 | std: 0.4862 | rollout: 8.164s | update: 0.136s | total: 8.300s | samples/s: 7046
Iteration 0541 | train reward: 1307.42 | best: 1326.11 | KL: 1.395e-03 | std: 0.4844 | rollout: 8.170s | update: 0.144s | total: 8.314s | samples/s: 7007
Iteration 0542 | train reward: 1321.06 | best: 1326.11 | KL: 1.664e-03 | std: 0.4841 | rollout: 8.184s | update: 0.298s | total: 8.482s | samples/s: 6881
Iteration 0543 | train reward: 1316.22 | best: 1326.11 | KL: 1.092e-03 | std: 0.4842 | rollout: 8.061s | update: 0.185s | total: 8.246s | samples/s: 7100
Iteration 0544 | train reward: 1321.30 | best: 1326.11 | KL: 1.206e-03 | std: 0.4836 | rollout: 8.309s | update: 0.141s | total: 8.450s | samples/s: 6913
Iteration 0545 | train reward: 1313.23 | best: 1326.11 | KL: 1.357e-03 | std: 0.4844 | rollout: 8.053s | update: 0.157s | total: 8.210s | samples/s: 7087
Iteration 0546 | train reward: 1336.83 | best: 1336.83 | KL: 1.309e-03 | std: 0.4844 | rollout: 8.114s | update: 0.148s | total: 8.262s | samples/s: 7139
Iteration 0547 | train reward: 1315.64 | best: 1336.83 | KL: 1.241e-03 | std: 0.4842 | rollout: 8.013s | update: 0.213s | total: 8.226s | samples/s: 7057
Iteration 0548 | train reward: 1304.15 | best: 1336.83 | KL: 1.676e-03 | std: 0.4844 | rollout: 8.128s | update: 0.238s | total: 8.366s | samples/s: 6926
Iteration 0549 | train reward: 1339.57 | best: 1339.57 | KL: 1.680e-03 | std: 0.4879 | rollout: 8.124s | update: 0.144s | total: 8.268s | samples/s: 7182
Iteration 0550 | train reward: 1340.17 | best: 1340.17 | KL: 1.628e-03 | std: 0.4896 | rollout: 7.882s | update: 0.144s | total: 8.026s | samples/s: 7400
Iteration 0551 | train reward: 1333.25 | best: 1340.17 | KL: 1.748e-03 | std: 0.4919 | rollout: 8.125s | update: 0.207s | total: 8.332s | samples/s: 7084
Iteration 0552 | train reward: 1339.10 | best: 1340.17 | KL: 9.396e-04 | std: 0.4921 | rollout: 8.426s | update: 0.266s | total: 8.692s | samples/s: 6807
Iteration 0553 | train reward: 1322.58 | best: 1340.17 | KL: 6.951e-04 | std: 0.4920 | rollout: 8.537s | update: 0.146s | total: 8.683s | samples/s: 6753
Iteration 0554 | train reward: 1305.43 | best: 1340.17 | KL: 2.069e-03 | std: 0.4920 | rollout: 8.099s | update: 0.145s | total: 8.243s | samples/s: 6989
Iteration 0555 | train reward: 1333.90 | best: 1340.17 | KL: 1.578e-03 | std: 0.4903 | rollout: 8.237s | update: 0.146s | total: 8.383s | samples/s: 7040
Iteration 0556 | train reward: 1301.32 | best: 1340.17 | KL: 1.196e-03 | std: 0.4903 | rollout: 8.432s | update: 0.217s | total: 8.649s | samples/s: 6662
Iteration 0557 | train reward: 1327.71 | best: 1340.17 | KL: 1.531e-03 | std: 0.4898 | rollout: 7.895s | update: 0.129s | total: 8.024s | samples/s: 7295
Iteration 0558 | train reward: 1292.91 | best: 1340.17 | KL: 1.578e-03 | std: 0.4896 | rollout: 8.192s | update: 0.136s | total: 8.328s | samples/s: 6829
Iteration 0559 | train reward: 1292.07 | best: 1340.17 | KL: 1.068e-03 | std: 0.4912 | rollout: 8.308s | update: 0.259s | total: 8.567s | samples/s: 6596
Iteration 0560 | train reward: 1284.48 | best: 1340.17 | KL: 1.064e-03 | std: 0.4912 | rollout: 8.341s | update: 0.146s | total: 8.487s | samples/s: 6661
Iteration 0561 | train reward: 1313.24 | best: 1340.17 | KL: 8.013e-04 | std: 0.4886 | rollout: 8.227s | update: 0.221s | total: 8.449s | samples/s: 6822
Iteration 0562 | train reward: 1325.70 | best: 1340.17 | KL: 1.489e-03 | std: 0.4896 | rollout: 8.259s | update: 0.134s | total: 8.392s | samples/s: 6946
Iteration 0563 | train reward: 1287.95 | best: 1340.17 | KL: 1.470e-03 | std: 0.4898 | rollout: 8.061s | update: 0.235s | total: 8.296s | samples/s: 6810
Iteration 0564 | train reward: 1320.04 | best: 1340.17 | KL: 1.049e-03 | std: 0.4912 | rollout: 7.950s | update: 0.281s | total: 8.231s | samples/s: 7074
Iteration 0565 | train reward: 1339.17 | best: 1340.17 | KL: 1.135e-03 | std: 0.4913 | rollout: 8.612s | update: 0.170s | total: 8.783s | samples/s: 6726
Iteration 0566 | train reward: 1321.51 | best: 1340.17 | KL: 1.140e-03 | std: 0.4914 | rollout: 8.137s | update: 0.146s | total: 8.283s | samples/s: 6994
Iteration 0567 | train reward: 1308.48 | best: 1340.17 | KL: 8.726e-04 | std: 0.4896 | rollout: 8.938s | update: 0.386s | total: 9.325s | samples/s: 6151
Iteration 0568 | train reward: 1339.88 | best: 1340.17 | KL: 1.643e-03 | std: 0.4920 | rollout: 9.514s | update: 0.243s | total: 9.757s | samples/s: 6002
Iteration 0569 | train reward: 1305.54 | best: 1340.17 | KL: 1.630e-03 | std: 0.4931 | rollout: 8.294s | update: 0.141s | total: 8.435s | samples/s: 6809
Iteration 0570 | train reward: 1345.14 | best: 1345.14 | KL: 1.325e-03 | std: 0.4945 | rollout: 8.031s | update: 0.226s | total: 8.258s | samples/s: 7148
Iteration 0571 | train reward: 1316.00 | best: 1345.14 | KL: 1.490e-03 | std: 0.4930 | rollout: 8.207s | update: 0.208s | total: 8.414s | samples/s: 6857
Iteration 0572 | train reward: 1316.80 | best: 1345.14 | KL: 1.472e-03 | std: 0.4946 | rollout: 8.214s | update: 0.152s | total: 8.366s | samples/s: 6905
Iteration 0573 | train reward: 1326.24 | best: 1345.14 | KL: 1.455e-03 | std: 0.4924 | rollout: 8.128s | update: 0.175s | total: 8.302s | samples/s: 6993
Iteration 0574 | train reward: 1313.96 | best: 1345.14 | KL: 1.487e-03 | std: 0.4924 | rollout: 8.438s | update: 0.180s | total: 8.618s | samples/s: 6651
Iteration 0575 | train reward: 1267.42 | best: 1345.14 | KL: 1.761e-03 | std: 0.4938 | rollout: 7.982s | update: 0.163s | total: 8.145s | samples/s: 6800
Iteration 0576 | train reward: 1359.53 | best: 1359.53 | KL: 1.555e-03 | std: 0.4939 | rollout: 8.655s | update: 0.170s | total: 8.824s | samples/s: 6768
Iteration 0577 | train reward: 1317.48 | best: 1359.53 | KL: 1.071e-03 | std: 0.4948 | rollout: 8.315s | update: 0.309s | total: 8.624s | samples/s: 6663
Iteration 0578 | train reward: 1314.47 | best: 1359.53 | KL: 1.260e-03 | std: 0.4938 | rollout: 8.677s | update: 0.139s | total: 8.816s | samples/s: 6518
Iteration 0579 | train reward: 1330.33 | best: 1359.53 | KL: 1.326e-03 | std: 0.4924 | rollout: 7.947s | update: 0.154s | total: 8.101s | samples/s: 7202
Iteration 0580 | train reward: 1360.35 | best: 1360.35 | KL: 1.289e-03 | std: 0.4914 | rollout: 8.136s | update: 0.199s | total: 8.335s | samples/s: 7119
Iteration 0581 | train reward: 1350.61 | best: 1360.35 | KL: 1.162e-03 | std: 0.4920 | rollout: 8.108s | update: 0.217s | total: 8.325s | samples/s: 7086
Iteration 0582 | train reward: 1329.64 | best: 1360.35 | KL: 9.586e-04 | std: 0.4906 | rollout: 7.925s | update: 0.240s | total: 8.165s | samples/s: 7094
Iteration 0583 | train reward: 1327.03 | best: 1360.35 | KL: 1.381e-03 | std: 0.4903 | rollout: 8.885s | update: 0.296s | total: 9.182s | samples/s: 6279
Iteration 0584 | train reward: 1324.07 | best: 1360.35 | KL: 1.049e-03 | std: 0.4904 | rollout: 8.506s | update: 0.349s | total: 8.855s | samples/s: 6467
Iteration 0585 | train reward: 1321.56 | best: 1360.35 | KL: 1.602e-03 | std: 0.4888 | rollout: 8.485s | update: 0.341s | total: 8.826s | samples/s: 6478
Iteration 0586 | train reward: 1320.62 | best: 1360.35 | KL: 1.390e-03 | std: 0.4869 | rollout: 8.673s | update: 0.169s | total: 8.843s | samples/s: 6473
Iteration 0587 | train reward: 1317.66 | best: 1360.35 | KL: 1.644e-03 | std: 0.4869 | rollout: 8.273s | update: 0.196s | total: 8.469s | samples/s: 6715
Iteration 0588 | train reward: 1300.15 | best: 1360.35 | KL: 1.111e-03 | std: 0.4862 | rollout: 8.802s | update: 0.368s | total: 9.171s | samples/s: 6136
Iteration 0589 | train reward: 1316.20 | best: 1360.35 | KL: 1.717e-03 | std: 0.4852 | rollout: 8.545s | update: 0.148s | total: 8.693s | samples/s: 6554
Iteration 0590 | train reward: 1318.43 | best: 1360.35 | KL: 1.471e-03 | std: 0.4853 | rollout: 8.154s | update: 0.161s | total: 8.314s | samples/s: 6861
Iteration 0591 | train reward: 1331.91 | best: 1360.35 | KL: 1.269e-03 | std: 0.4870 | rollout: 8.430s | update: 0.187s | total: 8.617s | samples/s: 6689
Iteration 0592 | train reward: 1334.09 | best: 1360.35 | KL: 1.856e-03 | std: 0.4862 | rollout: 8.413s | update: 0.339s | total: 8.752s | samples/s: 6618
Iteration 0593 | train reward: 1345.51 | best: 1360.35 | KL: 1.425e-03 | std: 0.4879 | rollout: 8.198s | update: 0.205s | total: 8.403s | samples/s: 6964
Iteration 0594 | train reward: 1339.60 | best: 1360.35 | KL: 1.754e-03 | std: 0.4886 | rollout: 8.038s | update: 0.156s | total: 8.194s | samples/s: 7080
Iteration 0595 | train reward: 1358.53 | best: 1360.35 | KL: 1.055e-03 | std: 0.4895 | rollout: 8.184s | update: 0.149s | total: 8.332s | samples/s: 7098
Iteration 0596 | train reward: 1348.62 | best: 1360.35 | KL: 1.842e-03 | std: 0.4903 | rollout: 8.220s | update: 0.196s | total: 8.415s | samples/s: 6998
Iteration 0597 | train reward: 1341.76 | best: 1360.35 | KL: 1.026e-03 | std: 0.4905 | rollout: 8.098s | update: 0.176s | total: 8.274s | samples/s: 7094
Iteration 0598 | train reward: 1340.19 | best: 1360.35 | KL: 1.669e-03 | std: 0.4921 | rollout: 8.077s | update: 0.202s | total: 8.280s | samples/s: 7111
Iteration 0599 | train reward: 1360.31 | best: 1360.35 | KL: 1.483e-03 | std: 0.4914 | rollout: 8.156s | update: 0.145s | total: 8.302s | samples/s: 7176
Iteration 0600 | train reward: 1363.99 | best: 1363.99 | KL: 1.374e-03 | std: 0.4913 | rollout: 8.321s | update: 0.162s | total: 8.483s | samples/s: 7030
Iteration 0601 | train reward: 1340.77 | best: 1363.99 | KL: 1.085e-03 | std: 0.4922 | rollout: 8.123s | update: 0.189s | total: 8.312s | samples/s: 7043
Iteration 0602 | train reward: 1338.11 | best: 1363.99 | KL: 1.587e-03 | std: 0.4947 | rollout: 8.229s | update: 0.290s | total: 8.519s | samples/s: 6831
Iteration 0603 | train reward: 1356.26 | best: 1363.99 | KL: 9.978e-04 | std: 0.4950 | rollout: 8.278s | update: 0.173s | total: 8.451s | samples/s: 6976
Iteration 0604 | train reward: 1353.51 | best: 1363.99 | KL: 1.106e-03 | std: 0.4957 | rollout: 8.292s | update: 0.147s | total: 8.440s | samples/s: 7004
Iteration 0605 | train reward: 1352.58 | best: 1363.99 | KL: 1.720e-03 | std: 0.4964 | rollout: 8.120s | update: 0.140s | total: 8.260s | samples/s: 7148
Iteration 0606 | train reward: 1362.01 | best: 1363.99 | KL: 1.233e-03 | std: 0.4972 | rollout: 8.067s | update: 0.241s | total: 8.308s | samples/s: 7145
Iteration 0607 | train reward: 1364.37 | best: 1364.37 | KL: 1.199e-03 | std: 0.4976 | rollout: 8.560s | update: 0.307s | total: 8.867s | samples/s: 6700
Iteration 0608 | train reward: 1335.57 | best: 1364.37 | KL: 1.229e-03 | std: 0.4974 | rollout: 8.243s | update: 0.166s | total: 8.408s | samples/s: 6949
Iteration 0609 | train reward: 1332.29 | best: 1364.37 | KL: 2.186e-03 | std: 0.4998 | rollout: 8.641s | update: 0.349s | total: 8.990s | samples/s: 6476
Iteration 0610 | train reward: 1369.10 | best: 1369.10 | KL: 1.053e-03 | std: 0.4973 | rollout: 8.882s | update: 0.214s | total: 9.096s | samples/s: 6552
Iteration 0611 | train reward: 1356.12 | best: 1369.10 | KL: 1.531e-03 | std: 0.4982 | rollout: 8.631s | update: 0.324s | total: 8.955s | samples/s: 6659
Iteration 0612 | train reward: 1326.36 | best: 1369.10 | KL: 1.964e-03 | std: 0.5016 | rollout: 8.413s | update: 0.172s | total: 8.585s | samples/s: 6739
Iteration 0613 | train reward: 1361.14 | best: 1369.10 | KL: 1.307e-03 | std: 0.5024 | rollout: 8.281s | update: 0.185s | total: 8.466s | samples/s: 7013
Iteration 0614 | train reward: 1373.78 | best: 1373.78 | KL: 9.417e-04 | std: 0.5052 | rollout: 8.456s | update: 0.184s | total: 8.640s | samples/s: 6953
Iteration 0615 | train reward: 1341.47 | best: 1373.78 | KL: 1.010e-03 | std: 0.5028 | rollout: 8.747s | update: 0.363s | total: 9.111s | samples/s: 6426
Iteration 0616 | train reward: 1324.36 | best: 1373.78 | KL: 1.331e-03 | std: 0.5035 | rollout: 8.851s | update: 0.472s | total: 9.323s | samples/s: 6252
Iteration 0617 | train reward: 1363.81 | best: 1373.78 | KL: 1.340e-03 | std: 0.5034 | rollout: 8.831s | update: 0.284s | total: 9.115s | samples/s: 6614
Iteration 0618 | train reward: 1327.22 | best: 1373.78 | KL: 1.633e-03 | std: 0.5043 | rollout: 8.948s | update: 0.384s | total: 9.332s | samples/s: 6239
Iteration 0619 | train reward: 1341.58 | best: 1373.78 | KL: 1.339e-03 | std: 0.5045 | rollout: 8.448s | update: 0.144s | total: 8.592s | samples/s: 6806
Iteration 0620 | train reward: 1288.65 | best: 1373.78 | KL: 1.071e-03 | std: 0.5034 | rollout: 8.599s | update: 0.134s | total: 8.733s | samples/s: 6447
Iteration 0621 | train reward: 1301.07 | best: 1373.78 | KL: 1.406e-03 | std: 0.5026 | rollout: 8.088s | update: 0.155s | total: 8.243s | samples/s: 6879
Iteration 0622 | train reward: 1319.64 | best: 1373.78 | KL: 1.383e-03 | std: 0.5026 | rollout: 8.015s | update: 0.178s | total: 8.192s | samples/s: 7039
Iteration 0623 | train reward: 1329.95 | best: 1373.78 | KL: 1.521e-03 | std: 0.5050 | rollout: 8.040s | update: 0.184s | total: 8.224s | samples/s: 7059
Iteration 0624 | train reward: 1353.34 | best: 1373.78 | KL: 2.023e-03 | std: 0.5045 | rollout: 7.857s | update: 0.149s | total: 8.007s | samples/s: 7349
Iteration 0625 | train reward: 1360.66 | best: 1373.78 | KL: 1.525e-03 | std: 0.5033 | rollout: 8.068s | update: 0.138s | total: 8.206s | samples/s: 7250
Iteration 0626 | train reward: 1350.25 | best: 1373.78 | KL: 1.435e-03 | std: 0.5052 | rollout: 8.118s | update: 0.142s | total: 8.259s | samples/s: 7160
Iteration 0627 | train reward: 1354.19 | best: 1373.78 | KL: 1.612e-03 | std: 0.5043 | rollout: 8.232s | update: 0.260s | total: 8.492s | samples/s: 6941
Iteration 0628 | train reward: 1307.48 | best: 1373.78 | KL: 1.326e-03 | std: 0.5035 | rollout: 8.110s | update: 0.220s | total: 8.330s | samples/s: 6910
Iteration 0629 | train reward: 1352.28 | best: 1373.78 | KL: 1.415e-03 | std: 0.5026 | rollout: 8.273s | update: 0.162s | total: 8.435s | samples/s: 6988
Iteration 0630 | train reward: 1345.79 | best: 1373.78 | KL: 1.591e-03 | std: 0.5026 | rollout: 8.044s | update: 0.139s | total: 8.183s | samples/s: 7167
Iteration 0631 | train reward: 1346.80 | best: 1373.78 | KL: 1.051e-03 | std: 0.5007 | rollout: 8.024s | update: 0.159s | total: 8.183s | samples/s: 7167
Iteration 0632 | train reward: 1368.29 | best: 1373.78 | KL: 1.468e-03 | std: 0.4992 | rollout: 7.898s | update: 0.233s | total: 8.130s | samples/s: 7342
Iteration 0633 | train reward: 1350.68 | best: 1373.78 | KL: 1.264e-03 | std: 0.5000 | rollout: 7.987s | update: 0.228s | total: 8.214s | samples/s: 7197
Iteration 0634 | train reward: 1366.05 | best: 1373.78 | KL: 1.109e-03 | std: 0.4993 | rollout: 8.182s | update: 0.270s | total: 8.452s | samples/s: 7095
Iteration 0635 | train reward: 1355.55 | best: 1373.78 | KL: 1.413e-03 | std: 0.5000 | rollout: 8.005s | update: 0.161s | total: 8.166s | samples/s: 7226
Iteration 0636 | train reward: 1355.89 | best: 1373.78 | KL: 1.121e-03 | std: 0.5000 | rollout: 8.403s | update: 0.157s | total: 8.560s | samples/s: 6962
Iteration 0637 | train reward: 1360.89 | best: 1373.78 | KL: 1.899e-03 | std: 0.4983 | rollout: 8.534s | update: 0.243s | total: 8.777s | samples/s: 6795
Iteration 0638 | train reward: 1348.88 | best: 1373.78 | KL: 1.766e-03 | std: 0.5001 | rollout: 8.150s | update: 0.130s | total: 8.280s | samples/s: 7085
Iteration 0639 | train reward: 1348.72 | best: 1373.78 | KL: 1.372e-03 | std: 0.5009 | rollout: 8.623s | update: 0.156s | total: 8.779s | samples/s: 6696
Iteration 0640 | train reward: 1343.29 | best: 1373.78 | KL: 1.167e-03 | std: 0.5010 | rollout: 8.579s | update: 0.206s | total: 8.785s | samples/s: 6672
Iteration 0641 | train reward: 1342.41 | best: 1373.78 | KL: 1.251e-03 | std: 0.5000 | rollout: 8.597s | update: 0.283s | total: 8.880s | samples/s: 6553
Iteration 0642 | train reward: 1348.90 | best: 1373.78 | KL: 9.788e-04 | std: 0.5000 | rollout: 8.017s | update: 0.146s | total: 8.163s | samples/s: 7224
Iteration 0643 | train reward: 1362.49 | best: 1373.78 | KL: 1.565e-03 | std: 0.4982 | rollout: 8.307s | update: 0.206s | total: 8.513s | samples/s: 6930
Iteration 0644 | train reward: 1372.59 | best: 1373.78 | KL: 1.457e-03 | std: 0.4972 | rollout: 8.290s | update: 0.255s | total: 8.546s | samples/s: 6995
Iteration 0645 | train reward: 1350.26 | best: 1373.78 | KL: 8.872e-04 | std: 0.4972 | rollout: 9.017s | update: 0.477s | total: 9.493s | samples/s: 6169
Iteration 0646 | train reward: 1365.42 | best: 1373.78 | KL: 8.673e-04 | std: 0.4972 | rollout: 8.585s | update: 0.229s | total: 8.814s | samples/s: 6706
Iteration 0647 | train reward: 1341.52 | best: 1373.78 | KL: 1.419e-03 | std: 0.4990 | rollout: 8.766s | update: 0.389s | total: 9.155s | samples/s: 6353
Iteration 0648 | train reward: 1353.63 | best: 1373.78 | KL: 1.022e-03 | std: 0.4972 | rollout: 8.504s | update: 0.218s | total: 8.722s | samples/s: 6724
Iteration 0649 | train reward: 1362.47 | best: 1373.78 | KL: 2.584e-03 | std: 0.4972 | rollout: 7.965s | update: 0.158s | total: 8.123s | samples/s: 7288
Iteration 0650 | train reward: 1360.87 | best: 1373.78 | KL: 9.889e-04 | std: 0.4974 | rollout: 8.255s | update: 0.190s | total: 8.444s | samples/s: 7028
Iteration 0651 | train reward: 1383.26 | best: 1383.26 | KL: 9.551e-04 | std: 0.4976 | rollout: 8.291s | update: 0.158s | total: 8.449s | samples/s: 7113
Iteration 0652 | train reward: 1388.10 | best: 1388.10 | KL: 1.325e-03 | std: 0.4993 | rollout: 8.410s | update: 0.192s | total: 8.602s | samples/s: 7004
Iteration 0653 | train reward: 1397.79 | best: 1397.79 | KL: 1.448e-03 | std: 0.4999 | rollout: 8.461s | update: 0.287s | total: 8.748s | samples/s: 6995
Iteration 0654 | train reward: 1385.48 | best: 1397.79 | KL: 8.475e-04 | std: 0.4983 | rollout: 8.019s | update: 0.144s | total: 8.164s | samples/s: 7405
Iteration 0655 | train reward: 1365.32 | best: 1397.79 | KL: 2.063e-03 | std: 0.4983 | rollout: 8.134s | update: 0.167s | total: 8.301s | samples/s: 7155
Iteration 0656 | train reward: 1367.68 | best: 1397.79 | KL: 1.645e-03 | std: 0.4974 | rollout: 8.108s | update: 0.292s | total: 8.399s | samples/s: 7061
Iteration 0657 | train reward: 1381.61 | best: 1397.79 | KL: 9.715e-04 | std: 0.4992 | rollout: 8.593s | update: 0.160s | total: 8.754s | samples/s: 6848
Iteration 0658 | train reward: 1360.86 | best: 1397.79 | KL: 1.977e-03 | std: 0.5007 | rollout: 8.170s | update: 0.158s | total: 8.328s | samples/s: 7085
Iteration 0659 | train reward: 1394.07 | best: 1397.79 | KL: 1.394e-03 | std: 0.5002 | rollout: 8.346s | update: 0.309s | total: 8.655s | samples/s: 7016
Iteration 0660 | train reward: 1381.04 | best: 1397.79 | KL: 1.541e-03 | std: 0.5008 | rollout: 8.045s | update: 0.168s | total: 8.213s | samples/s: 7319
Iteration 0661 | train reward: 1341.58 | best: 1397.79 | KL: 1.369e-03 | std: 0.5002 | rollout: 8.231s | update: 0.126s | total: 8.357s | samples/s: 7021
Iteration 0662 | train reward: 1351.49 | best: 1397.79 | KL: 1.714e-03 | std: 0.5000 | rollout: 8.488s | update: 0.171s | total: 8.659s | samples/s: 6758
Iteration 0663 | train reward: 1383.18 | best: 1397.79 | KL: 9.021e-04 | std: 0.4991 | rollout: 8.775s | update: 0.137s | total: 8.913s | samples/s: 6751
Iteration 0664 | train reward: 1379.30 | best: 1397.79 | KL: 1.206e-03 | std: 0.4974 | rollout: 8.299s | update: 0.176s | total: 8.475s | samples/s: 7068
Iteration 0665 | train reward: 1376.54 | best: 1397.79 | KL: 9.379e-04 | std: 0.4956 | rollout: 8.159s | update: 0.153s | total: 8.312s | samples/s: 7180
Iteration 0666 | train reward: 1377.30 | best: 1397.79 | KL: 1.037e-03 | std: 0.4974 | rollout: 8.097s | update: 0.179s | total: 8.276s | samples/s: 7241
Iteration 0667 | train reward: 1387.00 | best: 1397.79 | KL: 1.488e-03 | std: 0.4964 | rollout: 8.344s | update: 0.218s | total: 8.561s | samples/s: 7056
Iteration 0668 | train reward: 1382.34 | best: 1397.79 | KL: 2.025e-03 | std: 0.4974 | rollout: 8.392s | update: 0.173s | total: 8.565s | samples/s: 7051
Iteration 0669 | train reward: 1376.40 | best: 1397.79 | KL: 1.533e-03 | std: 0.4972 | rollout: 8.400s | update: 0.153s | total: 8.553s | samples/s: 7039
Iteration 0670 | train reward: 1383.32 | best: 1397.79 | KL: 1.293e-03 | std: 0.4967 | rollout: 7.815s | update: 0.201s | total: 8.016s | samples/s: 7522
Iteration 0671 | train reward: 1391.68 | best: 1397.79 | KL: 1.281e-03 | std: 0.4948 | rollout: 8.628s | update: 0.235s | total: 8.863s | samples/s: 6863
Iteration 0672 | train reward: 1387.90 | best: 1397.79 | KL: 1.112e-03 | std: 0.4950 | rollout: 9.714s | update: 0.502s | total: 10.217s | samples/s: 5919
Iteration 0673 | train reward: 1377.50 | best: 1397.79 | KL: 1.189e-03 | std: 0.4957 | rollout: 9.075s | update: 0.284s | total: 9.359s | samples/s: 6470
Iteration 0674 | train reward: 1413.57 | best: 1413.57 | KL: 1.177e-03 | std: 0.4948 | rollout: 8.422s | update: 0.209s | total: 8.631s | samples/s: 7191
Iteration 0675 | train reward: 1395.85 | best: 1413.57 | KL: 2.021e-03 | std: 0.4946 | rollout: 8.743s | update: 0.217s | total: 8.960s | samples/s: 6830
Iteration 0676 | train reward: 1408.45 | best: 1413.57 | KL: 9.209e-04 | std: 0.4950 | rollout: 8.303s | update: 0.239s | total: 8.541s | samples/s: 7195
Iteration 0677 | train reward: 1413.43 | best: 1413.57 | KL: 1.497e-03 | std: 0.4965 | rollout: 8.130s | update: 0.413s | total: 8.543s | samples/s: 7241
Iteration 0678 | train reward: 1376.07 | best: 1413.57 | KL: 9.364e-04 | std: 0.4965 | rollout: 8.218s | update: 0.143s | total: 8.362s | samples/s: 7199
Iteration 0679 | train reward: 1415.03 | best: 1415.03 | KL: 1.361e-03 | std: 0.4976 | rollout: 8.314s | update: 0.249s | total: 8.563s | samples/s: 7255
Iteration 0680 | train reward: 1396.43 | best: 1415.03 | KL: 1.302e-03 | std: 0.4976 | rollout: 8.421s | update: 0.145s | total: 8.566s | samples/s: 7122
Iteration 0681 | train reward: 1412.82 | best: 1415.03 | KL: 1.356e-03 | std: 0.4983 | rollout: 8.620s | update: 0.307s | total: 8.927s | samples/s: 6935
Iteration 0682 | train reward: 1408.07 | best: 1415.03 | KL: 1.343e-03 | std: 0.4991 | rollout: 9.335s | update: 0.234s | total: 9.569s | samples/s: 6445
Iteration 0683 | train reward: 1419.59 | best: 1419.59 | KL: 1.139e-03 | std: 0.4974 | rollout: 8.579s | update: 0.189s | total: 8.768s | samples/s: 7065
Iteration 0684 | train reward: 1398.86 | best: 1419.59 | KL: 1.609e-03 | std: 0.4966 | rollout: 8.186s | update: 0.189s | total: 8.375s | samples/s: 7307
Iteration 0685 | train reward: 1406.35 | best: 1419.59 | KL: 1.292e-03 | std: 0.4976 | rollout: 8.503s | update: 0.382s | total: 8.885s | samples/s: 6931
Iteration 0686 | train reward: 1396.92 | best: 1419.59 | KL: 1.356e-03 | std: 0.4973 | rollout: 8.664s | update: 0.142s | total: 8.805s | samples/s: 6944
Iteration 0687 | train reward: 1423.06 | best: 1423.06 | KL: 1.028e-03 | std: 0.4955 | rollout: 8.980s | update: 0.250s | total: 9.230s | samples/s: 6721
Iteration 0688 | train reward: 1388.22 | best: 1423.06 | KL: 1.269e-03 | std: 0.4947 | rollout: 8.278s | update: 0.141s | total: 8.418s | samples/s: 7231
Iteration 0689 | train reward: 1390.27 | best: 1423.06 | KL: 1.093e-03 | std: 0.4972 | rollout: 8.377s | update: 0.147s | total: 8.524s | samples/s: 7114
Iteration 0690 | train reward: 1402.99 | best: 1423.06 | KL: 1.318e-03 | std: 0.4974 | rollout: 8.598s | update: 0.190s | total: 8.787s | samples/s: 6970
Iteration 0691 | train reward: 1384.83 | best: 1423.06 | KL: 1.391e-03 | std: 0.4974 | rollout: 9.778s | update: 0.433s | total: 10.211s | samples/s: 5885
Iteration 0692 | train reward: 1412.89 | best: 1423.06 | KL: 8.982e-04 | std: 0.4974 | rollout: 8.372s | update: 0.494s | total: 8.866s | samples/s: 6959
Iteration 0693 | train reward: 1401.01 | best: 1423.06 | KL: 1.172e-03 | std: 0.4974 | rollout: 9.427s | update: 0.420s | total: 9.847s | samples/s: 6182
Iteration 0694 | train reward: 1369.94 | best: 1423.06 | KL: 9.747e-04 | std: 0.4976 | rollout: 8.973s | update: 0.220s | total: 9.193s | samples/s: 6430
Iteration 0695 | train reward: 1395.57 | best: 1423.06 | KL: 9.153e-04 | std: 0.4991 | rollout: 8.497s | update: 0.434s | total: 8.930s | samples/s: 6765
Iteration 0696 | train reward: 1369.36 | best: 1423.06 | KL: 8.800e-04 | std: 0.4992 | rollout: 9.336s | update: 0.493s | total: 9.829s | samples/s: 6050
Iteration 0697 | train reward: 1374.55 | best: 1423.06 | KL: 9.931e-04 | std: 0.4999 | rollout: 8.614s | update: 0.275s | total: 8.889s | samples/s: 6700
Iteration 0698 | train reward: 1375.86 | best: 1423.06 | KL: 1.263e-03 | std: 0.5002 | rollout: 8.670s | update: 0.155s | total: 8.825s | samples/s: 6814
Iteration 0699 | train reward: 1383.33 | best: 1423.06 | KL: 1.221e-03 | std: 0.5009 | rollout: 8.849s | update: 0.434s | total: 9.282s | samples/s: 6483
Iteration 0700 | train reward: 1373.17 | best: 1423.06 | KL: 1.273e-03 | std: 0.4998 | rollout: 8.769s | update: 0.222s | total: 8.991s | samples/s: 6618
Iteration 0701 | train reward: 1384.99 | best: 1423.06 | KL: 1.722e-03 | std: 0.5001 | rollout: 8.355s | update: 0.300s | total: 8.655s | samples/s: 6912
Iteration 0702 | train reward: 1403.84 | best: 1423.06 | KL: 1.467e-03 | std: 0.5000 | rollout: 8.459s | update: 0.315s | total: 8.774s | samples/s: 6921
Iteration 0703 | train reward: 1386.10 | best: 1423.06 | KL: 1.424e-03 | std: 0.4981 | rollout: 8.334s | update: 0.244s | total: 8.577s | samples/s: 6989
Iteration 0704 | train reward: 1393.45 | best: 1423.06 | KL: 2.153e-03 | std: 0.4981 | rollout: 8.232s | update: 0.159s | total: 8.391s | samples/s: 7202
Iteration 0705 | train reward: 1378.44 | best: 1423.06 | KL: 1.512e-03 | std: 0.4974 | rollout: 8.618s | update: 0.405s | total: 9.022s | samples/s: 6657
Iteration 0706 | train reward: 1397.55 | best: 1423.06 | KL: 1.394e-03 | std: 0.4983 | rollout: 8.409s | update: 0.225s | total: 8.634s | samples/s: 7022
Iteration 0707 | train reward: 1369.86 | best: 1423.06 | KL: 1.334e-03 | std: 0.5007 | rollout: 8.754s | update: 0.395s | total: 9.149s | samples/s: 6538
Iteration 0708 | train reward: 1380.01 | best: 1423.06 | KL: 1.351e-03 | std: 0.4967 | rollout: 8.947s | update: 0.214s | total: 9.161s | samples/s: 6561
Iteration 0709 | train reward: 1418.31 | best: 1423.06 | KL: 1.909e-03 | std: 0.4974 | rollout: 7.968s | update: 0.172s | total: 8.140s | samples/s: 7568
Iteration 0710 | train reward: 1398.25 | best: 1423.06 | KL: 1.257e-03 | std: 0.4966 | rollout: 8.338s | update: 0.316s | total: 8.654s | samples/s: 7014
Iteration 0711 | train reward: 1406.32 | best: 1423.06 | KL: 1.328e-03 | std: 0.4965 | rollout: 8.420s | update: 0.161s | total: 8.581s | samples/s: 7132
Iteration 0712 | train reward: 1374.89 | best: 1423.06 | KL: 7.545e-04 | std: 0.4955 | rollout: 7.932s | update: 0.155s | total: 8.088s | samples/s: 7362
Iteration 0713 | train reward: 1357.51 | best: 1423.06 | KL: 8.819e-04 | std: 0.4950 | rollout: 8.270s | update: 0.189s | total: 8.459s | samples/s: 6946
Iteration 0714 | train reward: 1392.39 | best: 1423.06 | KL: 1.869e-03 | std: 0.4940 | rollout: 8.217s | update: 0.165s | total: 8.381s | samples/s: 7178
Iteration 0715 | train reward: 1390.06 | best: 1423.06 | KL: 9.222e-04 | std: 0.4950 | rollout: 8.191s | update: 0.183s | total: 8.374s | samples/s: 7191
Iteration 0716 | train reward: 1400.53 | best: 1423.06 | KL: 8.713e-04 | std: 0.4955 | rollout: 7.862s | update: 0.164s | total: 8.026s | samples/s: 7549
Iteration 0717 | train reward: 1393.40 | best: 1423.06 | KL: 1.050e-03 | std: 0.4946 | rollout: 8.046s | update: 0.182s | total: 8.228s | samples/s: 7306
Iteration 0718 | train reward: 1406.50 | best: 1423.06 | KL: 1.249e-03 | std: 0.4946 | rollout: 8.152s | update: 0.182s | total: 8.333s | samples/s: 7317
Iteration 0719 | train reward: 1409.62 | best: 1423.06 | KL: 8.220e-04 | std: 0.4948 | rollout: 8.375s | update: 0.166s | total: 8.541s | samples/s: 7147
Iteration 0720 | train reward: 1377.55 | best: 1423.06 | KL: 1.145e-03 | std: 0.4947 | rollout: 8.183s | update: 0.151s | total: 8.335s | samples/s: 7154
Iteration 0721 | train reward: 1376.28 | best: 1423.06 | KL: 9.385e-04 | std: 0.4948 | rollout: 8.088s | update: 0.130s | total: 8.218s | samples/s: 7268
Iteration 0722 | train reward: 1397.49 | best: 1423.06 | KL: 1.073e-03 | std: 0.4955 | rollout: 8.188s | update: 0.177s | total: 8.365s | samples/s: 7236
Iteration 0723 | train reward: 1402.39 | best: 1423.06 | KL: 1.011e-03 | std: 0.4965 | rollout: 8.422s | update: 0.146s | total: 8.567s | samples/s: 7059
Iteration 0724 | train reward: 1410.54 | best: 1423.06 | KL: 1.045e-03 | std: 0.4976 | rollout: 8.267s | update: 0.159s | total: 8.426s | samples/s: 7204
Iteration 0725 | train reward: 1397.67 | best: 1423.06 | KL: 1.053e-03 | std: 0.4974 | rollout: 8.310s | update: 0.192s | total: 8.502s | samples/s: 7107
Iteration 0726 | train reward: 1386.39 | best: 1423.06 | KL: 9.770e-04 | std: 0.4982 | rollout: 8.304s | update: 0.141s | total: 8.446s | samples/s: 7107
Iteration 0727 | train reward: 1394.52 | best: 1423.06 | KL: 1.170e-03 | std: 0.4975 | rollout: 8.205s | update: 0.257s | total: 8.463s | samples/s: 7122
Iteration 0728 | train reward: 1391.19 | best: 1423.06 | KL: 9.850e-04 | std: 0.4983 | rollout: 8.904s | update: 0.258s | total: 9.162s | samples/s: 6552
Iteration 0729 | train reward: 1362.29 | best: 1423.06 | KL: 1.714e-03 | std: 0.4955 | rollout: 8.128s | update: 0.263s | total: 8.391s | samples/s: 7023
Iteration 0730 | train reward: 1384.50 | best: 1423.06 | KL: 1.243e-03 | std: 0.4973 | rollout: 8.297s | update: 0.142s | total: 8.439s | samples/s: 7108
Iteration 0731 | train reward: 1382.68 | best: 1423.06 | KL: 1.113e-03 | std: 0.4957 | rollout: 8.374s | update: 0.311s | total: 8.685s | samples/s: 6898
Iteration 0732 | train reward: 1394.44 | best: 1423.06 | KL: 9.755e-04 | std: 0.4974 | rollout: 8.151s | update: 0.259s | total: 8.410s | samples/s: 7125
Iteration 0733 | train reward: 1388.28 | best: 1423.06 | KL: 1.912e-03 | std: 0.4974 | rollout: 8.451s | update: 0.253s | total: 8.704s | samples/s: 6846
Iteration 0734 | train reward: 1415.54 | best: 1423.06 | KL: 8.290e-04 | std: 0.4976 | rollout: 8.032s | update: 0.158s | total: 8.190s | samples/s: 7449
Iteration 0735 | train reward: 1391.09 | best: 1423.06 | KL: 1.229e-03 | std: 0.4972 | rollout: 8.216s | update: 0.176s | total: 8.392s | samples/s: 7172
Iteration 0736 | train reward: 1398.25 | best: 1423.06 | KL: 9.200e-04 | std: 0.4981 | rollout: 8.331s | update: 0.159s | total: 8.490s | samples/s: 7108
Iteration 0737 | train reward: 1391.64 | best: 1423.06 | KL: 1.219e-03 | std: 0.4976 | rollout: 8.265s | update: 0.184s | total: 8.449s | samples/s: 7100
Iteration 0738 | train reward: 1397.48 | best: 1423.06 | KL: 1.156e-03 | std: 0.5000 | rollout: 8.749s | update: 0.374s | total: 9.124s | samples/s: 6608
Iteration 0739 | train reward: 1379.31 | best: 1423.06 | KL: 8.165e-04 | std: 0.4982 | rollout: 9.152s | update: 0.187s | total: 9.339s | samples/s: 6353
Iteration 0740 | train reward: 1369.04 | best: 1423.06 | KL: 9.051e-04 | std: 0.4976 | rollout: 8.890s | update: 0.641s | total: 9.530s | samples/s: 6181
Iteration 0741 | train reward: 1395.87 | best: 1423.06 | KL: 1.250e-03 | std: 0.4974 | rollout: 9.358s | update: 0.503s | total: 9.861s | samples/s: 6108
Iteration 0742 | train reward: 1413.66 | best: 1423.06 | KL: 1.289e-03 | std: 0.4967 | rollout: 8.792s | update: 0.261s | total: 9.053s | samples/s: 6754
Iteration 0743 | train reward: 1398.66 | best: 1423.06 | KL: 8.961e-04 | std: 0.4950 | rollout: 8.165s | update: 0.155s | total: 8.320s | samples/s: 7261
Iteration 0744 | train reward: 1374.54 | best: 1423.06 | KL: 1.150e-03 | std: 0.4939 | rollout: 8.435s | update: 0.262s | total: 8.697s | samples/s: 6862
Iteration 0745 | train reward: 1404.08 | best: 1423.06 | KL: 1.181e-03 | std: 0.4946 | rollout: 8.540s | update: 0.170s | total: 8.710s | samples/s: 6958
Iteration 0746 | train reward: 1393.49 | best: 1423.06 | KL: 1.444e-03 | std: 0.4957 | rollout: 9.042s | update: 0.260s | total: 9.302s | samples/s: 6484
Iteration 0747 | train reward: 1384.23 | best: 1423.06 | KL: 1.062e-03 | std: 0.4974 | rollout: 8.908s | update: 0.271s | total: 9.179s | samples/s: 6503
Iteration 0748 | train reward: 1374.33 | best: 1423.06 | KL: 1.198e-03 | std: 0.4966 | rollout: 9.197s | update: 0.149s | total: 9.346s | samples/s: 6367
Iteration 0749 | train reward: 1366.04 | best: 1423.06 | KL: 8.488e-04 | std: 0.4973 | rollout: 9.247s | update: 0.193s | total: 9.441s | samples/s: 6232
Iteration 0750 | train reward: 1378.51 | best: 1423.06 | KL: 1.340e-03 | std: 0.4966 | rollout: 8.893s | update: 0.458s | total: 9.351s | samples/s: 6319
Iteration 0751 | train reward: 1402.34 | best: 1423.06 | KL: 7.365e-04 | std: 0.4974 | rollout: 8.578s | update: 0.221s | total: 8.799s | samples/s: 6850
Iteration 0752 | train reward: 1399.20 | best: 1423.06 | KL: 1.276e-03 | std: 0.4976 | rollout: 8.726s | update: 0.202s | total: 8.928s | samples/s: 6752
Iteration 0753 | train reward: 1388.57 | best: 1423.06 | KL: 1.222e-03 | std: 0.4966 | rollout: 8.757s | update: 0.215s | total: 8.972s | samples/s: 6664
Iteration 0754 | train reward: 1394.10 | best: 1423.06 | KL: 1.607e-03 | std: 0.4965 | rollout: 8.706s | update: 0.333s | total: 9.039s | samples/s: 6649
Iteration 0755 | train reward: 1403.05 | best: 1423.06 | KL: 1.896e-03 | std: 0.4972 | rollout: 9.086s | update: 0.275s | total: 9.362s | samples/s: 6437
Iteration 0756 | train reward: 1389.07 | best: 1423.06 | KL: 1.550e-03 | std: 0.4975 | rollout: 8.202s | update: 0.159s | total: 8.361s | samples/s: 7137
Iteration 0757 | train reward: 1394.62 | best: 1423.06 | KL: 7.187e-04 | std: 0.4991 | rollout: 8.603s | update: 0.238s | total: 8.841s | samples/s: 6774
Iteration 0758 | train reward: 1412.21 | best: 1423.06 | KL: 1.552e-03 | std: 0.5000 | rollout: 8.373s | update: 0.439s | total: 8.812s | samples/s: 6878
Iteration 0759 | train reward: 1381.53 | best: 1423.06 | KL: 1.246e-03 | std: 0.5002 | rollout: 8.145s | update: 0.136s | total: 8.281s | samples/s: 7152
Iteration 0760 | train reward: 1369.17 | best: 1423.06 | KL: 9.439e-04 | std: 0.5008 | rollout: 8.417s | update: 0.226s | total: 8.644s | samples/s: 6800
Iteration 0761 | train reward: 1385.39 | best: 1423.06 | KL: 1.233e-03 | std: 0.5002 | rollout: 8.358s | update: 0.165s | total: 8.523s | samples/s: 6981
Iteration 0762 | train reward: 1368.13 | best: 1423.06 | KL: 1.034e-03 | std: 0.5008 | rollout: 8.644s | update: 0.249s | total: 8.894s | samples/s: 6596
Iteration 0763 | train reward: 1355.33 | best: 1423.06 | KL: 1.183e-03 | std: 0.5034 | rollout: 9.598s | update: 0.212s | total: 9.811s | samples/s: 5927
Iteration 0764 | train reward: 1386.93 | best: 1423.06 | KL: 1.335e-03 | std: 0.5035 | rollout: 9.096s | update: 0.308s | total: 9.405s | samples/s: 6341
Iteration 0765 | train reward: 1392.52 | best: 1423.06 | KL: 1.465e-03 | std: 0.5028 | rollout: 8.629s | update: 0.290s | total: 8.919s | samples/s: 6699
Iteration 0766 | train reward: 1376.08 | best: 1423.06 | KL: 1.293e-03 | std: 0.5027 | rollout: 8.821s | update: 0.263s | total: 9.084s | samples/s: 6508
Iteration 0767 | train reward: 1384.39 | best: 1423.06 | KL: 9.959e-04 | std: 0.5035 | rollout: 9.114s | update: 0.127s | total: 9.241s | samples/s: 6453
Iteration 0768 | train reward: 1387.35 | best: 1423.06 | KL: 1.476e-03 | std: 0.5050 | rollout: 9.181s | update: 0.283s | total: 9.464s | samples/s: 6318
Iteration 0769 | train reward: 1405.80 | best: 1423.06 | KL: 1.345e-03 | std: 0.5033 | rollout: 8.351s | update: 0.325s | total: 8.676s | samples/s: 6968
Iteration 0770 | train reward: 1414.49 | best: 1423.06 | KL: 1.259e-03 | std: 0.5043 | rollout: 8.575s | update: 0.252s | total: 8.827s | samples/s: 6900
Iteration 0771 | train reward: 1397.81 | best: 1423.06 | KL: 1.748e-03 | std: 0.5034 | rollout: 8.952s | update: 0.537s | total: 9.489s | samples/s: 6323
Iteration 0772 | train reward: 1419.01 | best: 1423.06 | KL: 1.158e-03 | std: 0.5026 | rollout: 8.663s | update: 0.444s | total: 9.106s | samples/s: 6732
Iteration 0773 | train reward: 1399.62 | best: 1423.06 | KL: 1.111e-03 | std: 0.5017 | rollout: 9.413s | update: 0.265s | total: 9.678s | samples/s: 6232
Iteration 0774 | train reward: 1404.73 | best: 1423.06 | KL: 1.179e-03 | std: 0.5028 | rollout: 10.135s | update: 0.238s | total: 10.373s | samples/s: 5866
Iteration 0775 | train reward: 1405.65 | best: 1423.06 | KL: 1.082e-03 | std: 0.5050 | rollout: 9.802s | update: 0.233s | total: 10.035s | samples/s: 6037
Iteration 0776 | train reward: 1407.40 | best: 1423.06 | KL: 1.690e-03 | std: 0.5034 | rollout: 9.328s | update: 0.583s | total: 9.911s | samples/s: 6143
Iteration 0777 | train reward: 1429.99 | best: 1429.99 | KL: 1.087e-03 | std: 0.5035 | rollout: 8.823s | update: 0.193s | total: 9.017s | samples/s: 6848
Iteration 0778 | train reward: 1417.87 | best: 1429.99 | KL: 1.138e-03 | std: 0.5045 | rollout: 9.625s | update: 0.251s | total: 9.877s | samples/s: 6210
Iteration 0779 | train reward: 1422.38 | best: 1429.99 | KL: 1.070e-03 | std: 0.5033 | rollout: 9.156s | update: 0.411s | total: 9.567s | samples/s: 6451
Iteration 0780 | train reward: 1417.90 | best: 1429.99 | KL: 1.512e-03 | std: 0.5028 | rollout: 9.692s | update: 0.330s | total: 10.022s | samples/s: 6109
Iteration 0781 | train reward: 1392.54 | best: 1429.99 | KL: 8.916e-04 | std: 0.5028 | rollout: 10.396s | update: 0.302s | total: 10.698s | samples/s: 5630
Iteration 0782 | train reward: 1422.17 | best: 1429.99 | KL: 1.164e-03 | std: 0.5033 | rollout: 9.303s | update: 0.280s | total: 9.583s | samples/s: 6405
Iteration 0783 | train reward: 1427.04 | best: 1429.99 | KL: 1.039e-03 | std: 0.5009 | rollout: 9.326s | update: 0.525s | total: 9.851s | samples/s: 6291
Iteration 0784 | train reward: 1426.09 | best: 1429.99 | KL: 1.925e-03 | std: 0.5028 | rollout: 8.915s | update: 0.327s | total: 9.242s | samples/s: 6696
Iteration 0785 | train reward: 1425.14 | best: 1429.99 | KL: 1.444e-03 | std: 0.5019 | rollout: 8.766s | update: 0.428s | total: 9.194s | samples/s: 6707
Iteration 0786 | train reward: 1401.89 | best: 1429.99 | KL: 1.456e-03 | std: 0.5018 | rollout: 8.858s | update: 0.287s | total: 9.145s | samples/s: 6595
Iteration 0787 | train reward: 1390.20 | best: 1429.99 | KL: 1.620e-03 | std: 0.5008 | rollout: 8.339s | update: 0.146s | total: 8.485s | samples/s: 7060
Iteration 0788 | train reward: 1415.60 | best: 1429.99 | KL: 1.857e-03 | std: 0.5027 | rollout: 8.243s | update: 0.264s | total: 8.506s | samples/s: 7115
Iteration 0789 | train reward: 1395.48 | best: 1429.99 | KL: 1.761e-03 | std: 0.5024 | rollout: 8.851s | update: 0.154s | total: 9.005s | samples/s: 6674
Iteration 0790 | train reward: 1391.27 | best: 1429.99 | KL: 1.354e-03 | std: 0.5017 | rollout: 8.341s | update: 0.169s | total: 8.510s | samples/s: 7010
Iteration 0791 | train reward: 1378.28 | best: 1429.99 | KL: 1.380e-03 | std: 0.5026 | rollout: 8.342s | update: 0.303s | total: 8.644s | samples/s: 6813
Iteration 0792 | train reward: 1407.84 | best: 1429.99 | KL: 1.407e-03 | std: 0.5009 | rollout: 8.251s | update: 0.204s | total: 8.455s | samples/s: 7158
Iteration 0793 | train reward: 1418.38 | best: 1429.99 | KL: 1.270e-03 | std: 0.4999 | rollout: 8.251s | update: 0.197s | total: 8.447s | samples/s: 7222
Iteration 0794 | train reward: 1387.12 | best: 1429.99 | KL: 1.800e-03 | std: 0.4991 | rollout: 8.285s | update: 0.229s | total: 8.514s | samples/s: 7038
Iteration 0795 | train reward: 1413.30 | best: 1429.99 | KL: 1.439e-03 | std: 0.4976 | rollout: 8.579s | update: 0.193s | total: 8.771s | samples/s: 6940
Iteration 0796 | train reward: 1436.11 | best: 1436.11 | KL: 9.922e-04 | std: 0.4974 | rollout: 9.081s | update: 0.345s | total: 9.426s | samples/s: 6534
Iteration 0797 | train reward: 1416.46 | best: 1436.11 | KL: 1.472e-03 | std: 0.4991 | rollout: 8.815s | update: 0.519s | total: 9.334s | samples/s: 6517
Iteration 0798 | train reward: 1411.91 | best: 1436.11 | KL: 7.937e-04 | std: 0.4983 | rollout: 8.534s | update: 0.138s | total: 8.672s | samples/s: 6973
Iteration 0799 | train reward: 1420.17 | best: 1436.11 | KL: 1.561e-03 | std: 0.4981 | rollout: 8.358s | update: 0.142s | total: 8.499s | samples/s: 7176
Iteration 0800 | train reward: 1410.40 | best: 1436.11 | KL: 1.260e-03 | std: 0.4998 | rollout: 9.019s | update: 0.195s | total: 9.213s | samples/s: 6594
Iteration 0801 | train reward: 1414.07 | best: 1436.11 | KL: 1.100e-03 | std: 0.4974 | rollout: 8.551s | update: 0.390s | total: 8.941s | samples/s: 6805
Iteration 0802 | train reward: 1420.98 | best: 1436.11 | KL: 1.353e-03 | std: 0.4956 | rollout: 8.326s | update: 0.179s | total: 8.505s | samples/s: 7159
Iteration 0803 | train reward: 1408.44 | best: 1436.11 | KL: 1.352e-03 | std: 0.4948 | rollout: 8.465s | update: 0.209s | total: 8.675s | samples/s: 6955
Iteration 0804 | train reward: 1402.77 | best: 1436.11 | KL: 9.753e-04 | std: 0.4950 | rollout: 8.672s | update: 0.226s | total: 8.899s | samples/s: 6728
Iteration 0805 | train reward: 1397.91 | best: 1436.11 | KL: 8.875e-04 | std: 0.4966 | rollout: 8.935s | update: 0.240s | total: 9.174s | samples/s: 6537
Iteration 0806 | train reward: 1403.99 | best: 1436.11 | KL: 1.399e-03 | std: 0.4948 | rollout: 8.694s | update: 0.139s | total: 8.833s | samples/s: 6826
Iteration 0807 | train reward: 1408.73 | best: 1436.11 | KL: 1.218e-03 | std: 0.4930 | rollout: 8.603s | update: 0.342s | total: 8.945s | samples/s: 6743
Iteration 0808 | train reward: 1407.95 | best: 1436.11 | KL: 1.075e-03 | std: 0.4947 | rollout: 8.468s | update: 0.161s | total: 8.628s | samples/s: 6993
Iteration 0809 | train reward: 1395.47 | best: 1436.11 | KL: 1.442e-03 | std: 0.4938 | rollout: 9.506s | update: 0.416s | total: 9.922s | samples/s: 6016
Iteration 0810 | train reward: 1415.34 | best: 1436.11 | KL: 1.657e-03 | std: 0.4948 | rollout: 9.412s | update: 0.253s | total: 9.665s | samples/s: 6287
Iteration 0811 | train reward: 1432.02 | best: 1436.11 | KL: 1.695e-03 | std: 0.4950 | rollout: 8.578s | update: 0.334s | total: 8.912s | samples/s: 6935
Iteration 0812 | train reward: 1416.73 | best: 1436.11 | KL: 1.247e-03 | std: 0.4950 | rollout: 9.932s | update: 0.552s | total: 10.484s | samples/s: 5818
Iteration 0813 | train reward: 1415.24 | best: 1436.11 | KL: 1.755e-03 | std: 0.4955 | rollout: 9.516s | update: 0.363s | total: 9.879s | samples/s: 6184
Iteration 0814 | train reward: 1423.60 | best: 1436.11 | KL: 1.352e-03 | std: 0.4955 | rollout: 11.115s | update: 0.361s | total: 11.476s | samples/s: 5372
Iteration 0815 | train reward: 1423.42 | best: 1436.11 | KL: 1.688e-03 | std: 0.4965 | rollout: 8.855s | update: 0.178s | total: 9.033s | samples/s: 6850
Iteration 0816 | train reward: 1418.32 | best: 1436.11 | KL: 1.509e-03 | std: 0.4950 | rollout: 8.593s | update: 0.294s | total: 8.887s | samples/s: 6930
Iteration 0817 | train reward: 1419.36 | best: 1436.11 | KL: 1.036e-03 | std: 0.4955 | rollout: 9.069s | update: 0.173s | total: 9.242s | samples/s: 6676
Iteration 0818 | train reward: 1444.98 | best: 1444.98 | KL: 1.570e-03 | std: 0.4948 | rollout: 9.524s | update: 0.224s | total: 9.748s | samples/s: 6434
Iteration 0819 | train reward: 1422.22 | best: 1444.98 | KL: 7.779e-04 | std: 0.4950 | rollout: 9.283s | update: 0.166s | total: 9.448s | samples/s: 6563
Iteration 0820 | train reward: 1436.26 | best: 1444.98 | KL: 1.499e-03 | std: 0.4948 | rollout: 8.451s | update: 0.283s | total: 8.734s | samples/s: 7099
Iteration 0821 | train reward: 1433.76 | best: 1444.98 | KL: 1.573e-03 | std: 0.4941 | rollout: 8.371s | update: 0.188s | total: 8.559s | samples/s: 7215
Iteration 0822 | train reward: 1421.69 | best: 1444.98 | KL: 6.641e-04 | std: 0.4922 | rollout: 8.360s | update: 0.295s | total: 8.655s | samples/s: 7089
Iteration 0823 | train reward: 1397.42 | best: 1444.98 | KL: 8.329e-04 | std: 0.4915 | rollout: 9.333s | update: 0.347s | total: 9.680s | samples/s: 6237
Iteration 0824 | train reward: 1414.85 | best: 1444.98 | KL: 9.952e-04 | std: 0.4922 | rollout: 9.197s | update: 0.383s | total: 9.580s | samples/s: 6385
Iteration 0825 | train reward: 1416.91 | best: 1444.98 | KL: 1.094e-03 | std: 0.4913 | rollout: 8.613s | update: 0.168s | total: 8.781s | samples/s: 6957
Iteration 0826 | train reward: 1437.80 | best: 1444.98 | KL: 1.316e-03 | std: 0.4894 | rollout: 8.444s | update: 0.317s | total: 8.761s | samples/s: 7097
Iteration 0827 | train reward: 1434.84 | best: 1444.98 | KL: 1.698e-03 | std: 0.4905 | rollout: 10.885s | update: 0.224s | total: 11.109s | samples/s: 5555
Iteration 0828 | train reward: 1443.93 | best: 1444.98 | KL: 1.496e-03 | std: 0.4898 | rollout: 11.257s | update: 0.508s | total: 11.765s | samples/s: 5277
Iteration 0829 | train reward: 1407.36 | best: 1444.98 | KL: 1.460e-03 | std: 0.4905 | rollout: 10.086s | update: 0.249s | total: 10.335s | samples/s: 5869
Iteration 0830 | train reward: 1440.42 | best: 1444.98 | KL: 1.306e-03 | std: 0.4898 | rollout: 8.723s | update: 0.162s | total: 8.886s | samples/s: 6999
Iteration 0831 | train reward: 1437.81 | best: 1444.98 | KL: 1.407e-03 | std: 0.4896 | rollout: 8.064s | update: 0.228s | total: 8.292s | samples/s: 7482
Iteration 0832 | train reward: 1427.28 | best: 1444.98 | KL: 1.375e-03 | std: 0.4903 | rollout: 8.254s | update: 0.176s | total: 8.429s | samples/s: 7292
Iteration 0833 | train reward: 1437.31 | best: 1444.98 | KL: 1.255e-03 | std: 0.4889 | rollout: 8.289s | update: 0.318s | total: 8.607s | samples/s: 7185
Iteration 0834 | train reward: 1435.29 | best: 1444.98 | KL: 1.184e-03 | std: 0.4894 | rollout: 8.291s | update: 0.219s | total: 8.509s | samples/s: 7252
Iteration 0835 | train reward: 1438.29 | best: 1444.98 | KL: 9.436e-04 | std: 0.4887 | rollout: 8.651s | update: 0.281s | total: 8.932s | samples/s: 6892
Iteration 0836 | train reward: 1431.17 | best: 1444.98 | KL: 1.148e-03 | std: 0.4877 | rollout: 8.919s | update: 0.195s | total: 9.114s | samples/s: 6769
Iteration 0837 | train reward: 1442.35 | best: 1444.98 | KL: 1.889e-03 | std: 0.4879 | rollout: 8.182s | update: 0.275s | total: 8.457s | samples/s: 7330
Iteration 0838 | train reward: 1445.92 | best: 1445.92 | KL: 1.147e-03 | std: 0.4877 | rollout: 8.422s | update: 0.128s | total: 8.550s | samples/s: 7236
Iteration 0839 | train reward: 1445.25 | best: 1445.92 | KL: 1.627e-03 | std: 0.4868 | rollout: 8.101s | update: 0.437s | total: 8.538s | samples/s: 7271
Iteration 0840 | train reward: 1451.11 | best: 1451.11 | KL: 1.400e-03 | std: 0.4870 | rollout: 8.493s | update: 0.412s | total: 8.905s | samples/s: 6978
Iteration 0841 | train reward: 1439.35 | best: 1451.11 | KL: 1.263e-03 | std: 0.4853 | rollout: 8.403s | update: 0.161s | total: 8.564s | samples/s: 7200
Iteration 0842 | train reward: 1416.92 | best: 1451.11 | KL: 1.255e-03 | std: 0.4870 | rollout: 8.520s | update: 0.370s | total: 8.890s | samples/s: 6813
Iteration 0843 | train reward: 1425.95 | best: 1451.11 | KL: 1.414e-03 | std: 0.4870 | rollout: 8.221s | update: 0.200s | total: 8.421s | samples/s: 7205
Iteration 0844 | train reward: 1404.74 | best: 1451.11 | KL: 1.310e-03 | std: 0.4887 | rollout: 8.247s | update: 0.310s | total: 8.557s | samples/s: 7013
Iteration 0845 | train reward: 1403.12 | best: 1451.11 | KL: 1.966e-03 | std: 0.4860 | rollout: 8.286s | update: 0.338s | total: 8.624s | samples/s: 6941
Iteration 0846 | train reward: 1409.28 | best: 1451.11 | KL: 1.213e-03 | std: 0.4869 | rollout: 8.687s | update: 0.342s | total: 9.030s | samples/s: 6624
Iteration 0847 | train reward: 1389.03 | best: 1451.11 | KL: 1.446e-03 | std: 0.4862 | rollout: 9.632s | update: 0.517s | total: 10.148s | samples/s: 5823
Iteration 0848 | train reward: 1439.95 | best: 1451.11 | KL: 1.387e-03 | std: 0.4860 | rollout: 9.234s | update: 0.166s | total: 9.400s | samples/s: 6508
Iteration 0849 | train reward: 1421.08 | best: 1451.11 | KL: 1.120e-03 | std: 0.4841 | rollout: 8.054s | update: 0.156s | total: 8.210s | samples/s: 7327
Iteration 0850 | train reward: 1412.99 | best: 1451.11 | KL: 1.661e-03 | std: 0.4846 | rollout: 8.376s | update: 0.152s | total: 8.527s | samples/s: 7041
Iteration 0851 | train reward: 1421.63 | best: 1451.11 | KL: 1.635e-03 | std: 0.4842 | rollout: 7.927s | update: 0.193s | total: 8.120s | samples/s: 7439
Iteration 0852 | train reward: 1399.57 | best: 1451.11 | KL: 1.088e-03 | std: 0.4841 | rollout: 8.116s | update: 0.153s | total: 8.269s | samples/s: 7193
Iteration 0853 | train reward: 1460.03 | best: 1460.03 | KL: 1.368e-03 | std: 0.4851 | rollout: 8.157s | update: 0.246s | total: 8.403s | samples/s: 7362
Iteration 0854 | train reward: 1421.83 | best: 1460.03 | KL: 1.685e-03 | std: 0.4852 | rollout: 7.994s | update: 0.356s | total: 8.349s | samples/s: 7216
Iteration 0855 | train reward: 1381.65 | best: 1460.03 | KL: 1.362e-03 | std: 0.4844 | rollout: 7.976s | update: 0.124s | total: 8.100s | samples/s: 7245
Iteration 0856 | train reward: 1419.76 | best: 1460.03 | KL: 2.123e-03 | std: 0.4846 | rollout: 8.073s | update: 0.244s | total: 8.317s | samples/s: 7260
Iteration 0857 | train reward: 1453.76 | best: 1460.03 | KL: 1.705e-03 | std: 0.4836 | rollout: 7.784s | update: 0.288s | total: 8.072s | samples/s: 7697
Iteration 0858 | train reward: 1440.01 | best: 1460.03 | KL: 1.306e-03 | std: 0.4816 | rollout: 8.166s | update: 0.205s | total: 8.371s | samples/s: 7313
Iteration 0859 | train reward: 1422.33 | best: 1460.03 | KL: 1.335e-03 | std: 0.4810 | rollout: 8.000s | update: 0.176s | total: 8.176s | samples/s: 7395
Iteration 0860 | train reward: 1439.08 | best: 1460.03 | KL: 1.251e-03 | std: 0.4817 | rollout: 8.242s | update: 0.159s | total: 8.400s | samples/s: 7278
Iteration 0861 | train reward: 1425.15 | best: 1460.03 | KL: 1.917e-03 | std: 0.4818 | rollout: 8.704s | update: 0.273s | total: 8.977s | samples/s: 6740
Iteration 0862 | train reward: 1439.22 | best: 1460.03 | KL: 9.912e-04 | std: 0.4818 | rollout: 9.256s | update: 0.347s | total: 9.602s | samples/s: 6367
Iteration 0863 | train reward: 1457.48 | best: 1460.03 | KL: 1.185e-03 | std: 0.4827 | rollout: 8.718s | update: 0.584s | total: 9.302s | samples/s: 6648
Iteration 0864 | train reward: 1447.24 | best: 1460.03 | KL: 1.323e-03 | std: 0.4818 | rollout: 9.243s | update: 0.498s | total: 9.741s | samples/s: 6320
Iteration 0865 | train reward: 1433.06 | best: 1460.03 | KL: 1.244e-03 | std: 0.4817 | rollout: 9.183s | update: 0.325s | total: 9.508s | samples/s: 6416
Iteration 0866 | train reward: 1435.18 | best: 1460.03 | KL: 1.233e-03 | std: 0.4810 | rollout: 8.823s | update: 0.216s | total: 9.039s | samples/s: 6764
Iteration 0867 | train reward: 1423.96 | best: 1460.03 | KL: 9.287e-04 | std: 0.4815 | rollout: 9.118s | update: 0.218s | total: 9.336s | samples/s: 6479
Iteration 0868 | train reward: 1425.84 | best: 1460.03 | KL: 8.795e-04 | std: 0.4794 | rollout: 9.140s | update: 0.349s | total: 9.489s | samples/s: 6386
Iteration 0869 | train reward: 1442.12 | best: 1460.03 | KL: 1.140e-03 | std: 0.4815 | rollout: 8.979s | update: 0.221s | total: 9.200s | samples/s: 6663
Iteration 0870 | train reward: 1451.15 | best: 1460.03 | KL: 1.270e-03 | std: 0.4835 | rollout: 8.009s | update: 0.130s | total: 8.139s | samples/s: 7579
Iteration 0871 | train reward: 1466.13 | best: 1466.13 | KL: 1.141e-03 | std: 0.4825 | rollout: 8.394s | update: 0.262s | total: 8.656s | samples/s: 7186
Iteration 0872 | train reward: 1431.53 | best: 1466.13 | KL: 1.084e-03 | std: 0.4825 | rollout: 9.589s | update: 0.660s | total: 10.249s | samples/s: 5903
Iteration 0873 | train reward: 1473.26 | best: 1473.26 | KL: 1.664e-03 | std: 0.4818 | rollout: 10.090s | update: 0.372s | total: 10.462s | samples/s: 5968
Iteration 0874 | train reward: 1443.85 | best: 1473.26 | KL: 1.169e-03 | std: 0.4836 | rollout: 9.613s | update: 0.250s | total: 9.863s | samples/s: 6198
Iteration 0875 | train reward: 1436.83 | best: 1473.26 | KL: 1.518e-03 | std: 0.4835 | rollout: 9.134s | update: 0.612s | total: 9.746s | samples/s: 6247
Iteration 0876 | train reward: 1432.59 | best: 1473.26 | KL: 1.028e-03 | std: 0.4825 | rollout: 8.711s | update: 0.171s | total: 8.882s | samples/s: 6831
Iteration 0877 | train reward: 1430.22 | best: 1473.26 | KL: 1.399e-03 | std: 0.4825 | rollout: 8.669s | update: 0.491s | total: 9.160s | samples/s: 6611
Iteration 0878 | train reward: 1435.19 | best: 1473.26 | KL: 1.213e-03 | std: 0.4836 | rollout: 9.108s | update: 0.275s | total: 9.383s | samples/s: 6468
Iteration 0879 | train reward: 1434.78 | best: 1473.26 | KL: 1.044e-03 | std: 0.4827 | rollout: 9.046s | update: 0.473s | total: 9.518s | samples/s: 6373
Iteration 0880 | train reward: 1434.95 | best: 1473.26 | KL: 1.590e-03 | std: 0.4827 | rollout: 10.863s | update: 0.258s | total: 11.121s | samples/s: 5460
Iteration 0881 | train reward: 1439.15 | best: 1473.26 | KL: 1.085e-03 | std: 0.4815 | rollout: 9.497s | update: 0.181s | total: 9.678s | samples/s: 6304
Iteration 0882 | train reward: 1434.56 | best: 1473.26 | KL: 1.071e-03 | std: 0.4826 | rollout: 8.943s | update: 0.431s | total: 9.374s | samples/s: 6470
Iteration 0883 | train reward: 1442.10 | best: 1473.26 | KL: 9.958e-04 | std: 0.4816 | rollout: 8.744s | update: 0.257s | total: 9.001s | samples/s: 6795
Iteration 0884 | train reward: 1444.22 | best: 1473.26 | KL: 1.710e-03 | std: 0.4801 | rollout: 8.682s | update: 0.236s | total: 8.917s | samples/s: 6835
Iteration 0885 | train reward: 1447.75 | best: 1473.26 | KL: 1.035e-03 | std: 0.4808 | rollout: 8.535s | update: 0.148s | total: 8.683s | samples/s: 7028
Iteration 0886 | train reward: 1443.31 | best: 1473.26 | KL: 1.068e-03 | std: 0.4792 | rollout: 8.802s | update: 0.307s | total: 9.109s | samples/s: 6677
Iteration 0887 | train reward: 1461.98 | best: 1473.26 | KL: 1.986e-03 | std: 0.4775 | rollout: 8.596s | update: 0.202s | total: 8.798s | samples/s: 7017
Iteration 0888 | train reward: 1434.38 | best: 1473.26 | KL: 1.340e-03 | std: 0.4766 | rollout: 8.558s | update: 0.133s | total: 8.691s | samples/s: 6975
Iteration 0889 | train reward: 1446.57 | best: 1473.26 | KL: 1.327e-03 | std: 0.4749 | rollout: 8.143s | update: 0.145s | total: 8.288s | samples/s: 7363
Iteration 0890 | train reward: 1447.54 | best: 1473.26 | KL: 8.486e-04 | std: 0.4758 | rollout: 8.470s | update: 0.141s | total: 8.610s | samples/s: 7092
Iteration 0891 | train reward: 1450.35 | best: 1473.26 | KL: 1.149e-03 | std: 0.4740 | rollout: 8.606s | update: 0.223s | total: 8.829s | samples/s: 6915
Iteration 0892 | train reward: 1443.00 | best: 1473.26 | KL: 1.261e-03 | std: 0.4723 | rollout: 8.643s | update: 0.200s | total: 8.843s | samples/s: 6881
Iteration 0893 | train reward: 1438.56 | best: 1473.26 | KL: 1.667e-03 | std: 0.4716 | rollout: 8.228s | update: 0.176s | total: 8.404s | samples/s: 7195
Iteration 0894 | train reward: 1417.31 | best: 1473.26 | KL: 1.569e-03 | std: 0.4724 | rollout: 8.150s | update: 0.242s | total: 8.391s | samples/s: 7096
Iteration 0895 | train reward: 1407.19 | best: 1473.26 | KL: 1.542e-03 | std: 0.4714 | rollout: 8.302s | update: 0.156s | total: 8.458s | samples/s: 6978
Iteration 0896 | train reward: 1440.04 | best: 1473.26 | KL: 1.242e-03 | std: 0.4690 | rollout: 8.446s | update: 0.378s | total: 8.823s | samples/s: 6818
Iteration 0897 | train reward: 1426.62 | best: 1473.26 | KL: 1.413e-03 | std: 0.4688 | rollout: 8.727s | update: 0.469s | total: 9.196s | samples/s: 6485
Iteration 0898 | train reward: 1440.79 | best: 1473.26 | KL: 1.121e-03 | std: 0.4697 | rollout: 8.973s | update: 0.400s | total: 9.373s | samples/s: 6460
Iteration 0899 | train reward: 1411.77 | best: 1473.26 | KL: 1.290e-03 | std: 0.4698 | rollout: 9.097s | update: 0.249s | total: 9.345s | samples/s: 6328
Iteration 0900 | train reward: 1435.60 | best: 1473.26 | KL: 1.031e-03 | std: 0.4714 | rollout: 8.688s | update: 0.393s | total: 9.081s | samples/s: 6636
Iteration 0901 | train reward: 1427.19 | best: 1473.26 | KL: 1.207e-03 | std: 0.4721 | rollout: 8.688s | update: 0.434s | total: 9.122s | samples/s: 6541
Iteration 0902 | train reward: 1443.98 | best: 1473.26 | KL: 1.313e-03 | std: 0.4714 | rollout: 8.500s | update: 0.185s | total: 8.685s | samples/s: 6969
Iteration 0903 | train reward: 1463.74 | best: 1473.26 | KL: 1.590e-03 | std: 0.4704 | rollout: 8.185s | update: 0.137s | total: 8.322s | samples/s: 7362
Iteration 0904 | train reward: 1450.29 | best: 1473.26 | KL: 1.090e-03 | std: 0.4697 | rollout: 8.045s | update: 0.181s | total: 8.225s | samples/s: 7395
Iteration 0905 | train reward: 1448.10 | best: 1473.26 | KL: 9.509e-04 | std: 0.4695 | rollout: 8.138s | update: 0.348s | total: 8.486s | samples/s: 7171
Iteration 0906 | train reward: 1453.55 | best: 1473.26 | KL: 1.436e-03 | std: 0.4713 | rollout: 7.998s | update: 0.143s | total: 8.141s | samples/s: 7505
Iteration 0907 | train reward: 1463.54 | best: 1473.26 | KL: 1.490e-03 | std: 0.4706 | rollout: 8.093s | update: 0.223s | total: 8.316s | samples/s: 7375
Iteration 0908 | train reward: 1446.46 | best: 1473.26 | KL: 1.391e-03 | std: 0.4730 | rollout: 8.064s | update: 0.151s | total: 8.215s | samples/s: 7397
Iteration 0909 | train reward: 1458.60 | best: 1473.26 | KL: 1.378e-03 | std: 0.4740 | rollout: 8.331s | update: 0.352s | total: 8.684s | samples/s: 7081
Iteration 0910 | train reward: 1454.51 | best: 1473.26 | KL: 1.078e-03 | std: 0.4740 | rollout: 8.782s | update: 0.294s | total: 9.076s | samples/s: 6730
Iteration 0911 | train reward: 1455.02 | best: 1473.26 | KL: 1.381e-03 | std: 0.4764 | rollout: 8.530s | update: 0.159s | total: 8.689s | samples/s: 7027
Iteration 0912 | train reward: 1442.46 | best: 1473.26 | KL: 9.250e-04 | std: 0.4747 | rollout: 8.681s | update: 0.125s | total: 8.807s | samples/s: 6889
Iteration 0913 | train reward: 1419.78 | best: 1473.26 | KL: 1.163e-03 | std: 0.4740 | rollout: 8.594s | update: 0.321s | total: 8.915s | samples/s: 6686
Iteration 0914 | train reward: 1436.86 | best: 1473.26 | KL: 1.239e-03 | std: 0.4731 | rollout: 9.100s | update: 0.198s | total: 9.298s | samples/s: 6475
Iteration 0915 | train reward: 1445.63 | best: 1473.26 | KL: 1.472e-03 | std: 0.4740 | rollout: 8.571s | update: 0.199s | total: 8.770s | samples/s: 6935
Iteration 0916 | train reward: 1459.24 | best: 1473.26 | KL: 1.742e-03 | std: 0.4738 | rollout: 8.499s | update: 0.447s | total: 8.946s | samples/s: 6866
Iteration 0917 | train reward: 1472.38 | best: 1473.26 | KL: 1.049e-03 | std: 0.4716 | rollout: 9.912s | update: 0.239s | total: 10.151s | samples/s: 6112
Iteration 0918 | train reward: 1446.56 | best: 1473.26 | KL: 2.118e-03 | std: 0.4723 | rollout: 8.714s | update: 0.304s | total: 9.018s | samples/s: 6758
Iteration 0919 | train reward: 1458.57 | best: 1473.26 | KL: 1.465e-03 | std: 0.4740 | rollout: 8.996s | update: 0.152s | total: 9.148s | samples/s: 6731
Iteration 0920 | train reward: 1472.85 | best: 1473.26 | KL: 1.331e-03 | std: 0.4740 | rollout: 9.290s | update: 0.279s | total: 9.570s | samples/s: 6454
Iteration 0921 | train reward: 1447.03 | best: 1473.26 | KL: 7.537e-04 | std: 0.4748 | rollout: 9.196s | update: 0.151s | total: 9.346s | samples/s: 6538
Iteration 0922 | train reward: 1450.98 | best: 1473.26 | KL: 7.998e-04 | std: 0.4749 | rollout: 8.843s | update: 0.339s | total: 9.181s | samples/s: 6666
Iteration 0923 | train reward: 1450.99 | best: 1473.26 | KL: 1.232e-03 | std: 0.4740 | rollout: 9.029s | update: 0.346s | total: 9.375s | samples/s: 6513
Iteration 0924 | train reward: 1467.63 | best: 1473.26 | KL: 1.551e-03 | std: 0.4756 | rollout: 9.719s | update: 0.258s | total: 9.978s | samples/s: 6197
Iteration 0925 | train reward: 1464.52 | best: 1473.26 | KL: 1.257e-03 | std: 0.4756 | rollout: 9.123s | update: 0.340s | total: 9.463s | samples/s: 6498
Iteration 0926 | train reward: 1444.53 | best: 1473.26 | KL: 2.006e-03 | std: 0.4765 | rollout: 8.652s | update: 0.240s | total: 8.892s | samples/s: 6834
Iteration 0927 | train reward: 1460.58 | best: 1473.26 | KL: 1.194e-03 | std: 0.4766 | rollout: 8.357s | update: 0.397s | total: 8.754s | samples/s: 7013
Iteration 0928 | train reward: 1461.19 | best: 1473.26 | KL: 1.234e-03 | std: 0.4767 | rollout: 8.847s | update: 0.354s | total: 9.201s | samples/s: 6681
Iteration 0929 | train reward: 1456.52 | best: 1473.26 | KL: 1.984e-03 | std: 0.4763 | rollout: 8.817s | update: 0.496s | total: 9.313s | samples/s: 6580
Iteration 0930 | train reward: 1444.85 | best: 1473.26 | KL: 1.487e-03 | std: 0.4758 | rollout: 8.435s | update: 0.288s | total: 8.723s | samples/s: 6945
Iteration 0931 | train reward: 1446.49 | best: 1473.26 | KL: 1.061e-03 | std: 0.4756 | rollout: 9.517s | update: 0.599s | total: 10.116s | samples/s: 6021
Iteration 0932 | train reward: 1455.09 | best: 1473.26 | KL: 1.533e-03 | std: 0.4732 | rollout: 9.630s | update: 0.287s | total: 9.917s | samples/s: 6168
Iteration 0933 | train reward: 1464.84 | best: 1473.26 | KL: 1.600e-03 | std: 0.4723 | rollout: 8.409s | update: 0.358s | total: 8.768s | samples/s: 7053
Iteration 0934 | train reward: 1474.24 | best: 1474.24 | KL: 9.859e-04 | std: 0.4714 | rollout: 9.032s | update: 0.195s | total: 9.227s | samples/s: 6711
Iteration 0935 | train reward: 1445.27 | best: 1474.24 | KL: 7.960e-04 | std: 0.4730 | rollout: 8.825s | update: 0.491s | total: 9.316s | samples/s: 6538
Iteration 0936 | train reward: 1448.74 | best: 1474.24 | KL: 1.230e-03 | std: 0.4732 | rollout: 8.892s | update: 0.277s | total: 9.169s | samples/s: 6663
Iteration 0937 | train reward: 1447.25 | best: 1474.24 | KL: 1.142e-03 | std: 0.4740 | rollout: 9.100s | update: 0.430s | total: 9.530s | samples/s: 6413
Iteration 0938 | train reward: 1467.98 | best: 1474.24 | KL: 1.265e-03 | std: 0.4747 | rollout: 9.077s | update: 0.460s | total: 9.537s | samples/s: 6516
Iteration 0939 | train reward: 1445.42 | best: 1474.24 | KL: 1.675e-03 | std: 0.4739 | rollout: 9.124s | update: 0.286s | total: 9.411s | samples/s: 6472
Iteration 0940 | train reward: 1452.09 | best: 1474.24 | KL: 1.167e-03 | std: 0.4723 | rollout: 9.199s | update: 0.454s | total: 9.653s | samples/s: 6354
Iteration 0941 | train reward: 1466.29 | best: 1474.24 | KL: 1.427e-03 | std: 0.4716 | rollout: 9.192s | update: 0.160s | total: 9.352s | samples/s: 6609
Iteration 0942 | train reward: 1445.21 | best: 1474.24 | KL: 8.274e-04 | std: 0.4706 | rollout: 9.012s | update: 0.453s | total: 9.465s | samples/s: 6431
Iteration 0943 | train reward: 1458.98 | best: 1474.24 | KL: 1.485e-03 | std: 0.4704 | rollout: 9.216s | update: 0.254s | total: 9.470s | samples/s: 6501
Iteration 0944 | train reward: 1458.67 | best: 1474.24 | KL: 1.566e-03 | std: 0.4695 | rollout: 9.991s | update: 0.583s | total: 10.574s | samples/s: 5797
Iteration 0945 | train reward: 1448.19 | best: 1474.24 | KL: 1.382e-03 | std: 0.4706 | rollout: 8.802s | update: 0.146s | total: 8.948s | samples/s: 6814
Iteration 0946 | train reward: 1459.55 | best: 1474.24 | KL: 1.607e-03 | std: 0.4697 | rollout: 8.567s | update: 0.165s | total: 8.732s | samples/s: 7048
Iteration 0947 | train reward: 1476.48 | best: 1476.48 | KL: 1.242e-03 | std: 0.4713 | rollout: 8.773s | update: 0.144s | total: 8.917s | samples/s: 6969
Iteration 0948 | train reward: 1462.22 | best: 1476.48 | KL: 1.050e-03 | std: 0.4714 | rollout: 8.909s | update: 0.163s | total: 9.072s | samples/s: 6790
Iteration 0949 | train reward: 1480.81 | best: 1480.81 | KL: 1.188e-03 | std: 0.4714 | rollout: 8.383s | update: 0.201s | total: 8.584s | samples/s: 7276
Iteration 0950 | train reward: 1457.22 | best: 1480.81 | KL: 9.472e-04 | std: 0.4721 | rollout: 8.657s | update: 0.290s | total: 8.947s | samples/s: 6846
Iteration 0951 | train reward: 1464.83 | best: 1480.81 | KL: 8.923e-04 | std: 0.4723 | rollout: 9.156s | update: 0.475s | total: 9.631s | samples/s: 6401
Iteration 0952 | train reward: 1466.28 | best: 1480.81 | KL: 1.587e-03 | std: 0.4730 | rollout: 8.858s | update: 0.203s | total: 9.061s | samples/s: 6802
Iteration 0953 | train reward: 1439.57 | best: 1480.81 | KL: 9.535e-04 | std: 0.4713 | rollout: 9.013s | update: 0.257s | total: 9.270s | samples/s: 6498
Iteration 0954 | train reward: 1459.17 | best: 1480.81 | KL: 1.057e-03 | std: 0.4730 | rollout: 8.827s | update: 0.343s | total: 9.169s | samples/s: 6691
Iteration 0955 | train reward: 1451.80 | best: 1480.81 | KL: 1.762e-03 | std: 0.4716 | rollout: 9.277s | update: 0.256s | total: 9.533s | samples/s: 6396
Iteration 0956 | train reward: 1460.89 | best: 1480.81 | KL: 8.261e-04 | std: 0.4721 | rollout: 9.048s | update: 0.307s | total: 9.356s | samples/s: 6510
Iteration 0957 | train reward: 1470.92 | best: 1480.81 | KL: 1.404e-03 | std: 0.4730 | rollout: 8.483s | update: 0.224s | total: 8.707s | samples/s: 7066
Iteration 0958 | train reward: 1450.83 | best: 1480.81 | KL: 1.171e-03 | std: 0.4721 | rollout: 8.790s | update: 0.471s | total: 9.261s | samples/s: 6548
Iteration 0959 | train reward: 1447.06 | best: 1480.81 | KL: 1.195e-03 | std: 0.4704 | rollout: 9.127s | update: 0.287s | total: 9.414s | samples/s: 6436
Iteration 0960 | train reward: 1444.43 | best: 1480.81 | KL: 1.396e-03 | std: 0.4698 | rollout: 8.580s | update: 0.147s | total: 8.727s | samples/s: 6930
Iteration 0961 | train reward: 1466.84 | best: 1480.81 | KL: 1.172e-03 | std: 0.4695 | rollout: 8.636s | update: 0.304s | total: 8.940s | samples/s: 6874
Iteration 0962 | train reward: 1462.71 | best: 1480.81 | KL: 1.167e-03 | std: 0.4688 | rollout: 9.206s | update: 0.425s | total: 9.631s | samples/s: 6362
Iteration 0963 | train reward: 1461.53 | best: 1480.81 | KL: 1.064e-03 | std: 0.4687 | rollout: 8.673s | update: 0.243s | total: 8.915s | samples/s: 6844
Iteration 0964 | train reward: 1441.63 | best: 1480.81 | KL: 9.355e-04 | std: 0.4685 | rollout: 8.624s | update: 0.427s | total: 9.052s | samples/s: 6653
Iteration 0965 | train reward: 1452.72 | best: 1480.81 | KL: 1.539e-03 | std: 0.4671 | rollout: 8.950s | update: 0.161s | total: 9.111s | samples/s: 6651
Iteration 0966 | train reward: 1454.07 | best: 1480.81 | KL: 1.447e-03 | std: 0.4645 | rollout: 8.834s | update: 0.417s | total: 9.251s | samples/s: 6566
Iteration 0967 | train reward: 1472.06 | best: 1480.81 | KL: 1.263e-03 | std: 0.4659 | rollout: 9.663s | update: 0.310s | total: 9.973s | samples/s: 6144
Iteration 0968 | train reward: 1458.00 | best: 1480.81 | KL: 1.366e-03 | std: 0.4652 | rollout: 9.615s | update: 0.548s | total: 10.163s | samples/s: 5974
Iteration 0969 | train reward: 1450.29 | best: 1480.81 | KL: 1.289e-03 | std: 0.4652 | rollout: 9.600s | update: 0.321s | total: 9.922s | samples/s: 6065
Iteration 0970 | train reward: 1456.28 | best: 1480.81 | KL: 2.266e-03 | std: 0.4645 | rollout: 9.467s | update: 0.636s | total: 10.103s | samples/s: 5982
Iteration 0971 | train reward: 1442.32 | best: 1480.81 | KL: 1.182e-03 | std: 0.4660 | rollout: 10.629s | update: 0.287s | total: 10.917s | samples/s: 5490
Iteration 0972 | train reward: 1428.46 | best: 1480.81 | KL: 1.483e-03 | std: 0.4662 | rollout: 9.031s | update: 0.452s | total: 9.484s | samples/s: 6258
Iteration 0973 | train reward: 1449.75 | best: 1480.81 | KL: 1.103e-03 | std: 0.4654 | rollout: 8.809s | update: 0.204s | total: 9.013s | samples/s: 6676
Iteration 0974 | train reward: 1435.18 | best: 1480.81 | KL: 1.301e-03 | std: 0.4652 | rollout: 9.566s | update: 0.180s | total: 9.746s | samples/s: 6123
Iteration 0975 | train reward: 1435.13 | best: 1480.81 | KL: 1.653e-03 | std: 0.4659 | rollout: 9.387s | update: 0.373s | total: 9.760s | samples/s: 6105
Iteration 0976 | train reward: 1444.14 | best: 1480.81 | KL: 1.155e-03 | std: 0.4664 | rollout: 8.601s | update: 0.231s | total: 8.832s | samples/s: 6774
Iteration 0977 | train reward: 1456.25 | best: 1480.81 | KL: 1.285e-03 | std: 0.4678 | rollout: 9.241s | update: 0.520s | total: 9.761s | samples/s: 6186
Iteration 0978 | train reward: 1430.20 | best: 1480.81 | KL: 9.970e-04 | std: 0.4660 | rollout: 8.660s | update: 0.248s | total: 8.908s | samples/s: 6679
Iteration 0979 | train reward: 1461.53 | best: 1480.81 | KL: 1.148e-03 | std: 0.4643 | rollout: 9.891s | update: 0.340s | total: 10.230s | samples/s: 5940
Iteration 0980 | train reward: 1477.56 | best: 1480.81 | KL: 1.677e-03 | std: 0.4637 | rollout: 9.171s | update: 0.136s | total: 9.307s | samples/s: 6629
Iteration 0981 | train reward: 1476.01 | best: 1480.81 | KL: 1.032e-03 | std: 0.4645 | rollout: 8.710s | update: 0.258s | total: 8.969s | samples/s: 6843
Iteration 0982 | train reward: 1467.52 | best: 1480.81 | KL: 2.088e-03 | std: 0.4645 | rollout: 9.036s | update: 0.417s | total: 9.453s | samples/s: 6478
Iteration 0983 | train reward: 1481.60 | best: 1481.60 | KL: 1.159e-03 | std: 0.4645 | rollout: 8.404s | update: 0.223s | total: 8.627s | samples/s: 7174
Iteration 0984 | train reward: 1465.15 | best: 1481.60 | KL: 8.906e-04 | std: 0.4638 | rollout: 8.447s | update: 0.244s | total: 8.690s | samples/s: 7038
Iteration 0985 | train reward: 1463.87 | best: 1481.60 | KL: 1.234e-03 | std: 0.4645 | rollout: 8.755s | update: 0.415s | total: 9.170s | samples/s: 6653
Iteration 0986 | train reward: 1459.84 | best: 1481.60 | KL: 1.072e-03 | std: 0.4638 | rollout: 8.340s | update: 0.158s | total: 8.498s | samples/s: 7169
Iteration 0987 | train reward: 1449.05 | best: 1481.60 | KL: 9.219e-04 | std: 0.4652 | rollout: 8.470s | update: 0.299s | total: 8.769s | samples/s: 6854
Iteration 0988 | train reward: 1463.36 | best: 1481.60 | KL: 1.058e-03 | std: 0.4664 | rollout: 8.723s | update: 0.212s | total: 8.935s | samples/s: 6801
Iteration 0989 | train reward: 1476.31 | best: 1481.60 | KL: 1.505e-03 | std: 0.4678 | rollout: 8.366s | update: 0.270s | total: 8.635s | samples/s: 7130
Iteration 0990 | train reward: 1439.75 | best: 1481.60 | KL: 1.898e-03 | std: 0.4687 | rollout: 8.432s | update: 0.391s | total: 8.823s | samples/s: 6788
Iteration 0991 | train reward: 1451.33 | best: 1481.60 | KL: 1.588e-03 | std: 0.4678 | rollout: 8.405s | update: 0.200s | total: 8.605s | samples/s: 6997
Iteration 0992 | train reward: 1482.96 | best: 1482.96 | KL: 1.181e-03 | std: 0.4690 | rollout: 8.479s | update: 0.215s | total: 8.694s | samples/s: 7098
Iteration 0993 | train reward: 1446.26 | best: 1482.96 | KL: 1.139e-03 | std: 0.4704 | rollout: 8.132s | update: 0.156s | total: 8.287s | samples/s: 7272
Iteration 0994 | train reward: 1458.59 | best: 1482.96 | KL: 1.232e-03 | std: 0.4696 | rollout: 8.243s | update: 0.189s | total: 8.432s | samples/s: 7179
Iteration 0995 | train reward: 1453.18 | best: 1482.96 | KL: 1.180e-03 | std: 0.4696 | rollout: 8.089s | update: 0.180s | total: 8.268s | samples/s: 7300
Iteration 0996 | train reward: 1450.88 | best: 1482.96 | KL: 1.237e-03 | std: 0.4687 | rollout: 8.097s | update: 0.177s | total: 8.274s | samples/s: 7255
Iteration 0997 | train reward: 1457.08 | best: 1482.96 | KL: 1.296e-03 | std: 0.4680 | rollout: 8.205s | update: 0.141s | total: 8.347s | samples/s: 7228
Iteration 0998 | train reward: 1443.83 | best: 1482.96 | KL: 1.039e-03 | std: 0.4686 | rollout: 8.178s | update: 0.211s | total: 8.388s | samples/s: 7146
Iteration 0999 | train reward: 1459.98 | best: 1482.96 | KL: 7.845e-04 | std: 0.4695 | rollout: 8.305s | update: 0.167s | total: 8.472s | samples/s: 7140
Iteration 1000 | train reward: 1463.11 | best: 1482.96 | KL: 8.419e-04 | std: 0.4695 | rollout: 8.145s | update: 0.316s | total: 8.460s | samples/s: 7170
Iteration 1001 | train reward: 1464.65 | best: 1482.96 | KL: 1.014e-03 | std: 0.4687 | rollout: 8.402s | update: 0.205s | total: 8.607s | samples/s: 7079
Iteration 1002 | train reward: 1467.84 | best: 1482.96 | KL: 1.269e-03 | std: 0.4690 | rollout: 8.067s | update: 0.256s | total: 8.323s | samples/s: 7286
Iteration 1003 | train reward: 1460.09 | best: 1482.96 | KL: 9.057e-04 | std: 0.4697 | rollout: 8.226s | update: 0.166s | total: 8.392s | samples/s: 7222
Iteration 1004 | train reward: 1475.22 | best: 1482.96 | KL: 1.442e-03 | std: 0.4695 | rollout: 8.633s | update: 0.265s | total: 8.898s | samples/s: 6873
Iteration 1005 | train reward: 1476.52 | best: 1482.96 | KL: 1.597e-03 | std: 0.4685 | rollout: 8.357s | update: 0.205s | total: 8.562s | samples/s: 7184
Iteration 1006 | train reward: 1447.28 | best: 1482.96 | KL: 9.849e-04 | std: 0.4686 | rollout: 8.301s | update: 0.213s | total: 8.514s | samples/s: 7064
Iteration 1007 | train reward: 1479.15 | best: 1482.96 | KL: 1.541e-03 | std: 0.4690 | rollout: 8.232s | update: 0.247s | total: 8.478s | samples/s: 7268
Iteration 1008 | train reward: 1477.11 | best: 1482.96 | KL: 9.510e-04 | std: 0.4689 | rollout: 8.284s | update: 0.170s | total: 8.454s | samples/s: 7256
Iteration 1009 | train reward: 1473.10 | best: 1482.96 | KL: 1.235e-03 | std: 0.4687 | rollout: 8.467s | update: 0.254s | total: 8.721s | samples/s: 7025
Iteration 1010 | train reward: 1476.07 | best: 1482.96 | KL: 1.623e-03 | std: 0.4678 | rollout: 8.149s | update: 0.151s | total: 8.300s | samples/s: 7405
Iteration 1011 | train reward: 1489.72 | best: 1489.72 | KL: 1.079e-03 | std: 0.4687 | rollout: 8.869s | update: 0.432s | total: 9.302s | samples/s: 6682
Iteration 1012 | train reward: 1484.26 | best: 1489.72 | KL: 9.157e-04 | std: 0.4669 | rollout: 8.222s | update: 0.483s | total: 8.704s | samples/s: 7136
Iteration 1013 | train reward: 1474.03 | best: 1489.72 | KL: 2.092e-03 | std: 0.4654 | rollout: 8.797s | update: 0.141s | total: 8.938s | samples/s: 6881
Iteration 1014 | train reward: 1486.70 | best: 1489.72 | KL: 1.473e-03 | std: 0.4686 | rollout: 8.880s | update: 0.262s | total: 9.142s | samples/s: 6782
Iteration 1015 | train reward: 1486.30 | best: 1489.72 | KL: 1.006e-03 | std: 0.4663 | rollout: 9.039s | update: 0.287s | total: 9.326s | samples/s: 6640
Iteration 1016 | train reward: 1489.32 | best: 1489.72 | KL: 1.160e-03 | std: 0.4645 | rollout: 8.624s | update: 0.317s | total: 8.942s | samples/s: 6954
Iteration 1017 | train reward: 1467.53 | best: 1489.72 | KL: 1.481e-03 | std: 0.4626 | rollout: 8.318s | update: 0.186s | total: 8.504s | samples/s: 7206
Iteration 1018 | train reward: 1472.55 | best: 1489.72 | KL: 1.113e-03 | std: 0.4626 | rollout: 8.666s | update: 0.499s | total: 9.165s | samples/s: 6676
Iteration 1019 | train reward: 1464.51 | best: 1489.72 | KL: 1.750e-03 | std: 0.4626 | rollout: 8.331s | update: 0.276s | total: 8.607s | samples/s: 7069
Iteration 1020 | train reward: 1460.14 | best: 1489.72 | KL: 1.709e-03 | std: 0.4628 | rollout: 8.315s | update: 0.158s | total: 8.473s | samples/s: 7167
Iteration 1021 | train reward: 1470.78 | best: 1489.72 | KL: 1.436e-03 | std: 0.4618 | rollout: 8.344s | update: 0.221s | total: 8.565s | samples/s: 7141
Iteration 1022 | train reward: 1478.98 | best: 1489.72 | KL: 1.003e-03 | std: 0.4628 | rollout: 8.518s | update: 0.201s | total: 8.718s | samples/s: 7047
Iteration 1023 | train reward: 1472.48 | best: 1489.72 | KL: 5.525e-04 | std: 0.4627 | rollout: 8.365s | update: 0.309s | total: 8.674s | samples/s: 7058
Iteration 1024 | train reward: 1445.64 | best: 1489.72 | KL: 2.045e-03 | std: 0.4628 | rollout: 8.320s | update: 0.233s | total: 8.553s | samples/s: 7029
Iteration 1025 | train reward: 1458.69 | best: 1489.72 | KL: 1.183e-03 | std: 0.4617 | rollout: 8.489s | update: 0.201s | total: 8.690s | samples/s: 7009
Iteration 1026 | train reward: 1477.97 | best: 1489.72 | KL: 8.769e-04 | std: 0.4609 | rollout: 8.445s | update: 0.229s | total: 8.674s | samples/s: 7150
Iteration 1027 | train reward: 1482.44 | best: 1489.72 | KL: 1.108e-03 | std: 0.4607 | rollout: 8.200s | update: 0.133s | total: 8.332s | samples/s: 7457
Iteration 1028 | train reward: 1474.83 | best: 1489.72 | KL: 1.728e-03 | std: 0.4593 | rollout: 8.227s | update: 0.154s | total: 8.381s | samples/s: 7379
Iteration 1029 | train reward: 1485.08 | best: 1489.72 | KL: 1.241e-03 | std: 0.4600 | rollout: 8.192s | update: 0.267s | total: 8.458s | samples/s: 7372
Iteration 1030 | train reward: 1477.99 | best: 1489.72 | KL: 1.357e-03 | std: 0.4583 | rollout: 8.261s | update: 0.297s | total: 8.558s | samples/s: 7237
Iteration 1031 | train reward: 1462.09 | best: 1489.72 | KL: 1.566e-03 | std: 0.4576 | rollout: 8.387s | update: 0.152s | total: 8.539s | samples/s: 7204
Iteration 1032 | train reward: 1475.30 | best: 1489.72 | KL: 1.067e-03 | std: 0.4573 | rollout: 8.481s | update: 0.216s | total: 8.697s | samples/s: 7098
Iteration 1033 | train reward: 1474.34 | best: 1489.72 | KL: 8.105e-04 | std: 0.4574 | rollout: 8.372s | update: 0.182s | total: 8.554s | samples/s: 7231
Iteration 1034 | train reward: 1474.12 | best: 1489.72 | KL: 9.064e-04 | std: 0.4557 | rollout: 8.211s | update: 0.231s | total: 8.443s | samples/s: 7297
Iteration 1035 | train reward: 1470.64 | best: 1489.72 | KL: 1.430e-03 | std: 0.4550 | rollout: 8.323s | update: 0.186s | total: 8.509s | samples/s: 7222
Iteration 1036 | train reward: 1473.93 | best: 1489.72 | KL: 1.498e-03 | std: 0.4550 | rollout: 8.283s | update: 0.197s | total: 8.480s | samples/s: 7278
Iteration 1037 | train reward: 1465.49 | best: 1489.72 | KL: 1.401e-03 | std: 0.4539 | rollout: 8.326s | update: 0.238s | total: 8.564s | samples/s: 7127
Iteration 1038 | train reward: 1474.15 | best: 1489.72 | KL: 1.430e-03 | std: 0.4529 | rollout: 7.884s | update: 0.300s | total: 8.184s | samples/s: 7532
Iteration 1039 | train reward: 1478.68 | best: 1489.72 | KL: 5.788e-04 | std: 0.4533 | rollout: 8.160s | update: 0.214s | total: 8.374s | samples/s: 7338
Iteration 1040 | train reward: 1461.22 | best: 1489.72 | KL: 1.045e-03 | std: 0.4557 | rollout: 8.362s | update: 0.220s | total: 8.582s | samples/s: 7094
Iteration 1041 | train reward: 1465.95 | best: 1489.72 | KL: 1.358e-03 | std: 0.4557 | rollout: 8.409s | update: 0.284s | total: 8.693s | samples/s: 7020
Iteration 1042 | train reward: 1479.16 | best: 1489.72 | KL: 1.273e-03 | std: 0.4555 | rollout: 8.134s | update: 0.197s | total: 8.330s | samples/s: 7386
Iteration 1043 | train reward: 1484.78 | best: 1489.72 | KL: 1.666e-03 | std: 0.4531 | rollout: 8.369s | update: 0.229s | total: 8.598s | samples/s: 7195
Iteration 1044 | train reward: 1478.77 | best: 1489.72 | KL: 1.491e-03 | std: 0.4515 | rollout: 8.263s | update: 0.142s | total: 8.405s | samples/s: 7319
Iteration 1045 | train reward: 1482.12 | best: 1489.72 | KL: 9.799e-04 | std: 0.4521 | rollout: 8.116s | update: 0.170s | total: 8.286s | samples/s: 7470
Iteration 1046 | train reward: 1476.61 | best: 1489.72 | KL: 1.151e-03 | std: 0.4539 | rollout: 8.673s | update: 0.159s | total: 8.832s | samples/s: 6958
Iteration 1047 | train reward: 1475.80 | best: 1489.72 | KL: 1.006e-03 | std: 0.4548 | rollout: 8.405s | update: 0.275s | total: 8.680s | samples/s: 7096
Iteration 1048 | train reward: 1479.94 | best: 1489.72 | KL: 1.039e-03 | std: 0.4548 | rollout: 8.459s | update: 0.452s | total: 8.911s | samples/s: 6938
Iteration 1049 | train reward: 1463.23 | best: 1489.72 | KL: 1.464e-03 | std: 0.4541 | rollout: 8.562s | update: 0.303s | total: 8.865s | samples/s: 6869
Iteration 1050 | train reward: 1480.97 | best: 1489.72 | KL: 1.403e-03 | std: 0.4555 | rollout: 8.323s | update: 0.145s | total: 8.468s | samples/s: 7314
Iteration 1051 | train reward: 1468.41 | best: 1489.72 | KL: 1.891e-03 | std: 0.4557 | rollout: 8.028s | update: 0.178s | total: 8.207s | samples/s: 7436
Iteration 1052 | train reward: 1449.23 | best: 1489.72 | KL: 1.333e-03 | std: 0.4557 | rollout: 8.726s | update: 0.181s | total: 8.907s | samples/s: 6790
Iteration 1053 | train reward: 1493.50 | best: 1493.50 | KL: 2.240e-03 | std: 0.4557 | rollout: 8.445s | update: 0.290s | total: 8.735s | samples/s: 7132
Iteration 1054 | train reward: 1486.73 | best: 1493.50 | KL: 1.305e-03 | std: 0.4541 | rollout: 8.398s | update: 0.175s | total: 8.573s | samples/s: 7236
Iteration 1055 | train reward: 1495.99 | best: 1495.99 | KL: 1.277e-03 | std: 0.4529 | rollout: 8.156s | update: 0.177s | total: 8.332s | samples/s: 7480
Iteration 1056 | train reward: 1487.62 | best: 1495.99 | KL: 1.322e-03 | std: 0.4531 | rollout: 8.388s | update: 0.187s | total: 8.575s | samples/s: 7198
Iteration 1057 | train reward: 1474.29 | best: 1495.99 | KL: 1.433e-03 | std: 0.4531 | rollout: 8.398s | update: 0.251s | total: 8.649s | samples/s: 7088
Iteration 1058 | train reward: 1484.86 | best: 1495.99 | KL: 1.108e-03 | std: 0.4521 | rollout: 8.335s | update: 0.347s | total: 8.682s | samples/s: 7136
Iteration 1059 | train reward: 1496.33 | best: 1496.33 | KL: 1.279e-03 | std: 0.4521 | rollout: 8.380s | update: 0.277s | total: 8.657s | samples/s: 7199
Iteration 1060 | train reward: 1473.37 | best: 1496.33 | KL: 1.056e-03 | std: 0.4521 | rollout: 8.294s | update: 0.246s | total: 8.541s | samples/s: 7179
Iteration 1061 | train reward: 1475.98 | best: 1496.33 | KL: 1.039e-03 | std: 0.4522 | rollout: 8.166s | update: 0.162s | total: 8.329s | samples/s: 7380
Iteration 1062 | train reward: 1466.28 | best: 1496.33 | KL: 1.257e-03 | std: 0.4513 | rollout: 8.623s | update: 0.281s | total: 8.904s | samples/s: 6862
Iteration 1063 | train reward: 1452.18 | best: 1496.33 | KL: 1.110e-03 | std: 0.4523 | rollout: 8.409s | update: 0.177s | total: 8.586s | samples/s: 7023
Iteration 1064 | train reward: 1478.63 | best: 1496.33 | KL: 1.665e-03 | std: 0.4513 | rollout: 8.028s | update: 0.179s | total: 8.206s | samples/s: 7489
Iteration 1065 | train reward: 1482.87 | best: 1496.33 | KL: 1.664e-03 | std: 0.4513 | rollout: 8.184s | update: 0.313s | total: 8.497s | samples/s: 7245
Iteration 1066 | train reward: 1482.68 | best: 1496.33 | KL: 1.895e-03 | std: 0.4513 | rollout: 8.339s | update: 0.242s | total: 8.581s | samples/s: 7172
Iteration 1067 | train reward: 1475.05 | best: 1496.33 | KL: 1.297e-03 | std: 0.4506 | rollout: 8.869s | update: 0.202s | total: 9.071s | samples/s: 6754
Iteration 1068 | train reward: 1489.50 | best: 1496.33 | KL: 1.313e-03 | std: 0.4481 | rollout: 8.050s | update: 0.154s | total: 8.204s | samples/s: 7531
Iteration 1069 | train reward: 1478.84 | best: 1496.33 | KL: 1.443e-03 | std: 0.4471 | rollout: 7.940s | update: 0.149s | total: 8.090s | samples/s: 7596
Iteration 1070 | train reward: 1479.32 | best: 1496.33 | KL: 9.816e-04 | std: 0.4477 | rollout: 8.174s | update: 0.149s | total: 8.323s | samples/s: 7362
Iteration 1071 | train reward: 1469.34 | best: 1496.33 | KL: 1.396e-03 | std: 0.4479 | rollout: 7.796s | update: 0.165s | total: 7.961s | samples/s: 7666
Iteration 1072 | train reward: 1459.78 | best: 1496.33 | KL: 1.284e-03 | std: 0.4469 | rollout: 8.762s | update: 0.141s | total: 8.903s | samples/s: 6785
Iteration 1073 | train reward: 1461.71 | best: 1496.33 | KL: 1.368e-03 | std: 0.4456 | rollout: 8.737s | update: 0.327s | total: 9.063s | samples/s: 6703
Iteration 1074 | train reward: 1484.29 | best: 1496.33 | KL: 2.326e-03 | std: 0.4443 | rollout: 9.741s | update: 0.545s | total: 10.286s | samples/s: 6011
Iteration 1075 | train reward: 1475.27 | best: 1496.33 | KL: 1.443e-03 | std: 0.4428 | rollout: 9.227s | update: 0.234s | total: 9.461s | samples/s: 6496
Iteration 1076 | train reward: 1488.22 | best: 1496.33 | KL: 1.834e-03 | std: 0.4427 | rollout: 8.454s | update: 0.165s | total: 8.620s | samples/s: 7159
Iteration 1077 | train reward: 1483.56 | best: 1496.33 | KL: 1.361e-03 | std: 0.4409 | rollout: 8.738s | update: 0.367s | total: 9.105s | samples/s: 6779
Iteration 1078 | train reward: 1464.94 | best: 1496.33 | KL: 1.271e-03 | std: 0.4427 | rollout: 8.167s | update: 0.192s | total: 8.358s | samples/s: 7261
Iteration 1079 | train reward: 1478.01 | best: 1496.33 | KL: 1.429e-03 | std: 0.4398 | rollout: 8.368s | update: 0.195s | total: 8.563s | samples/s: 7140
Iteration 1080 | train reward: 1484.63 | best: 1496.33 | KL: 1.806e-03 | std: 0.4385 | rollout: 8.210s | update: 0.223s | total: 8.433s | samples/s: 7318
Iteration 1081 | train reward: 1486.07 | best: 1496.33 | KL: 1.395e-03 | std: 0.4374 | rollout: 8.272s | update: 0.181s | total: 8.452s | samples/s: 7257
Iteration 1082 | train reward: 1481.50 | best: 1496.33 | KL: 1.445e-03 | std: 0.4365 | rollout: 8.486s | update: 0.270s | total: 8.757s | samples/s: 7014
Iteration 1083 | train reward: 1488.24 | best: 1496.33 | KL: 1.148e-03 | std: 0.4360 | rollout: 8.774s | update: 0.325s | total: 9.099s | samples/s: 6780
Iteration 1084 | train reward: 1482.49 | best: 1496.33 | KL: 1.866e-03 | std: 0.4373 | rollout: 8.888s | update: 0.183s | total: 9.071s | samples/s: 6793
Iteration 1085 | train reward: 1493.09 | best: 1496.33 | KL: 1.200e-03 | std: 0.4357 | rollout: 7.941s | update: 0.157s | total: 8.098s | samples/s: 7662
Iteration 1086 | train reward: 1474.19 | best: 1496.33 | KL: 1.383e-03 | std: 0.4340 | rollout: 8.286s | update: 0.219s | total: 8.505s | samples/s: 7166
Iteration 1087 | train reward: 1476.49 | best: 1496.33 | KL: 1.524e-03 | std: 0.4360 | rollout: 8.403s | update: 0.184s | total: 8.588s | samples/s: 7113
Iteration 1088 | train reward: 1490.47 | best: 1496.33 | KL: 9.254e-04 | std: 0.4359 | rollout: 8.074s | update: 0.175s | total: 8.248s | samples/s: 7507
Iteration 1089 | train reward: 1480.95 | best: 1496.33 | KL: 1.488e-03 | std: 0.4365 | rollout: 8.230s | update: 0.197s | total: 8.427s | samples/s: 7292
Iteration 1090 | train reward: 1480.96 | best: 1496.33 | KL: 1.264e-03 | std: 0.4346 | rollout: 8.462s | update: 0.219s | total: 8.681s | samples/s: 7073
Iteration 1091 | train reward: 1474.68 | best: 1496.33 | KL: 1.701e-03 | std: 0.4374 | rollout: 8.579s | update: 0.147s | total: 8.726s | samples/s: 7010
Iteration 1092 | train reward: 1473.65 | best: 1496.33 | KL: 1.500e-03 | std: 0.4375 | rollout: 8.298s | update: 0.140s | total: 8.438s | samples/s: 7258
Iteration 1093 | train reward: 1474.28 | best: 1496.33 | KL: 1.070e-03 | std: 0.4372 | rollout: 8.527s | update: 0.526s | total: 9.054s | samples/s: 6762
Iteration 1094 | train reward: 1483.02 | best: 1496.33 | KL: 9.972e-04 | std: 0.4375 | rollout: 8.902s | update: 0.483s | total: 9.385s | samples/s: 6576
Iteration 1095 | train reward: 1463.02 | best: 1496.33 | KL: 9.564e-04 | std: 0.4378 | rollout: 8.880s | update: 0.229s | total: 9.109s | samples/s: 6685
Iteration 1096 | train reward: 1471.09 | best: 1496.33 | KL: 1.550e-03 | std: 0.4399 | rollout: 8.407s | update: 0.247s | total: 8.654s | samples/s: 7078
Iteration 1097 | train reward: 1492.93 | best: 1496.33 | KL: 1.507e-03 | std: 0.4391 | rollout: 8.202s | update: 0.272s | total: 8.474s | samples/s: 7372
Iteration 1098 | train reward: 1480.22 | best: 1496.33 | KL: 2.018e-03 | std: 0.4385 | rollout: 8.159s | update: 0.297s | total: 8.456s | samples/s: 7282
Iteration 1099 | train reward: 1467.86 | best: 1496.33 | KL: 1.110e-03 | std: 0.4393 | rollout: 8.238s | update: 0.142s | total: 8.380s | samples/s: 7278
Iteration 1100 | train reward: 1456.34 | best: 1496.33 | KL: 8.629e-04 | std: 0.4401 | rollout: 8.392s | update: 0.129s | total: 8.521s | samples/s: 7097
Iteration 1101 | train reward: 1473.02 | best: 1496.33 | KL: 2.049e-03 | std: 0.4409 | rollout: 8.332s | update: 0.246s | total: 8.578s | samples/s: 7135
Iteration 1102 | train reward: 1480.61 | best: 1496.33 | KL: 1.154e-03 | std: 0.4402 | rollout: 8.984s | update: 0.220s | total: 9.204s | samples/s: 6671
Iteration 1103 | train reward: 1477.21 | best: 1496.33 | KL: 1.550e-03 | std: 0.4409 | rollout: 8.385s | update: 0.236s | total: 8.620s | samples/s: 7121
Iteration 1104 | train reward: 1450.29 | best: 1496.33 | KL: 1.255e-03 | std: 0.4403 | rollout: 8.224s | update: 0.153s | total: 8.376s | samples/s: 7218
Iteration 1105 | train reward: 1489.46 | best: 1496.33 | KL: 1.506e-03 | std: 0.4411 | rollout: 8.157s | update: 0.150s | total: 8.307s | samples/s: 7473
Iteration 1106 | train reward: 1464.31 | best: 1496.33 | KL: 1.648e-03 | std: 0.4427 | rollout: 8.538s | update: 0.246s | total: 8.784s | samples/s: 6943
Iteration 1107 | train reward: 1470.94 | best: 1496.33 | KL: 7.162e-04 | std: 0.4417 | rollout: 8.500s | update: 0.182s | total: 8.682s | samples/s: 7053
Iteration 1108 | train reward: 1488.90 | best: 1496.33 | KL: 1.329e-03 | std: 0.4399 | rollout: 8.410s | update: 0.199s | total: 8.609s | samples/s: 7202
Iteration 1109 | train reward: 1451.83 | best: 1496.33 | KL: 1.019e-03 | std: 0.4410 | rollout: 8.109s | update: 0.205s | total: 8.314s | samples/s: 7274
Iteration 1110 | train reward: 1472.15 | best: 1496.33 | KL: 1.124e-03 | std: 0.4399 | rollout: 8.923s | update: 0.139s | total: 9.062s | samples/s: 6778
Iteration 1111 | train reward: 1473.99 | best: 1496.33 | KL: 1.172e-03 | std: 0.4402 | rollout: 8.809s | update: 0.279s | total: 9.088s | samples/s: 6752
Iteration 1112 | train reward: 1461.31 | best: 1496.33 | KL: 1.284e-03 | std: 0.4404 | rollout: 8.134s | update: 0.154s | total: 8.287s | samples/s: 7344
Iteration 1113 | train reward: 1474.21 | best: 1496.33 | KL: 1.296e-03 | std: 0.4402 | rollout: 8.497s | update: 0.233s | total: 8.730s | samples/s: 7079
Iteration 1114 | train reward: 1472.74 | best: 1496.33 | KL: 1.399e-03 | std: 0.4409 | rollout: 8.335s | update: 0.203s | total: 8.538s | samples/s: 7201
Iteration 1115 | train reward: 1478.44 | best: 1496.33 | KL: 1.091e-03 | std: 0.4399 | rollout: 8.119s | update: 0.158s | total: 8.277s | samples/s: 7495
Iteration 1116 | train reward: 1485.78 | best: 1496.33 | KL: 1.091e-03 | std: 0.4377 | rollout: 8.179s | update: 0.237s | total: 8.416s | samples/s: 7368
Iteration 1117 | train reward: 1482.14 | best: 1496.33 | KL: 1.007e-03 | std: 0.4375 | rollout: 8.589s | update: 0.133s | total: 8.722s | samples/s: 7052
Iteration 1118 | train reward: 1486.14 | best: 1496.33 | KL: 1.384e-03 | std: 0.4372 | rollout: 8.414s | update: 0.314s | total: 8.729s | samples/s: 7063
Iteration 1119 | train reward: 1452.83 | best: 1496.33 | KL: 1.346e-03 | std: 0.4374 | rollout: 8.721s | update: 0.242s | total: 8.963s | samples/s: 6725
Iteration 1120 | train reward: 1456.94 | best: 1496.33 | KL: 1.599e-03 | std: 0.4360 | rollout: 8.062s | update: 0.194s | total: 8.257s | samples/s: 7349
Iteration 1121 | train reward: 1474.43 | best: 1496.33 | KL: 1.774e-03 | std: 0.4348 | rollout: 8.279s | update: 0.277s | total: 8.556s | samples/s: 7124
Iteration 1122 | train reward: 1453.14 | best: 1496.33 | KL: 9.897e-04 | std: 0.4334 | rollout: 8.096s | update: 0.211s | total: 8.307s | samples/s: 7237
Iteration 1123 | train reward: 1458.06 | best: 1496.33 | KL: 1.294e-03 | std: 0.4332 | rollout: 8.785s | update: 0.145s | total: 8.930s | samples/s: 6755
Iteration 1124 | train reward: 1429.58 | best: 1496.33 | KL: 9.570e-04 | std: 0.4321 | rollout: 8.511s | update: 0.275s | total: 8.786s | samples/s: 6726
Iteration 1125 | train reward: 1464.35 | best: 1496.33 | KL: 1.694e-03 | std: 0.4331 | rollout: 8.252s | update: 0.203s | total: 8.454s | samples/s: 7165
Iteration 1126 | train reward: 1460.35 | best: 1496.33 | KL: 1.849e-03 | std: 0.4340 | rollout: 8.092s | update: 0.145s | total: 8.237s | samples/s: 7344
Iteration 1127 | train reward: 1471.02 | best: 1496.33 | KL: 1.829e-03 | std: 0.4357 | rollout: 8.179s | update: 0.220s | total: 8.399s | samples/s: 7261
Iteration 1128 | train reward: 1467.59 | best: 1496.33 | KL: 1.414e-03 | std: 0.4360 | rollout: 8.508s | update: 0.145s | total: 8.653s | samples/s: 7031
Iteration 1129 | train reward: 1443.83 | best: 1496.33 | KL: 1.439e-03 | std: 0.4373 | rollout: 8.287s | update: 0.180s | total: 8.467s | samples/s: 7050
Iteration 1130 | train reward: 1471.46 | best: 1496.33 | KL: 1.139e-03 | std: 0.4351 | rollout: 8.433s | update: 0.139s | total: 8.571s | samples/s: 7121
Iteration 1131 | train reward: 1463.27 | best: 1496.33 | KL: 1.274e-03 | std: 0.4357 | rollout: 8.182s | update: 0.210s | total: 8.392s | samples/s: 7216
Iteration 1132 | train reward: 1456.38 | best: 1496.33 | KL: 1.142e-03 | std: 0.4351 | rollout: 7.820s | update: 0.154s | total: 7.974s | samples/s: 7570
Iteration 1133 | train reward: 1475.71 | best: 1496.33 | KL: 6.599e-04 | std: 0.4359 | rollout: 7.940s | update: 0.337s | total: 8.277s | samples/s: 7400
Iteration 1134 | train reward: 1464.28 | best: 1496.33 | KL: 1.234e-03 | std: 0.4359 | rollout: 8.281s | update: 0.165s | total: 8.445s | samples/s: 7168
Iteration 1135 | train reward: 1467.30 | best: 1496.33 | KL: 1.317e-03 | std: 0.4373 | rollout: 7.980s | update: 0.171s | total: 8.151s | samples/s: 7467
Iteration 1136 | train reward: 1468.35 | best: 1496.33 | KL: 1.787e-03 | std: 0.4376 | rollout: 8.360s | update: 0.138s | total: 8.497s | samples/s: 7179
Iteration 1137 | train reward: 1466.42 | best: 1496.33 | KL: 1.325e-03 | std: 0.4364 | rollout: 8.627s | update: 0.183s | total: 8.809s | samples/s: 6893
Iteration 1138 | train reward: 1486.50 | best: 1496.33 | KL: 1.044e-03 | std: 0.4349 | rollout: 8.439s | update: 0.260s | total: 8.699s | samples/s: 7089
Iteration 1139 | train reward: 1437.59 | best: 1496.33 | KL: 1.581e-03 | std: 0.4339 | rollout: 8.434s | update: 0.140s | total: 8.574s | samples/s: 6936
Iteration 1140 | train reward: 1433.34 | best: 1496.33 | KL: 9.033e-04 | std: 0.4326 | rollout: 8.340s | update: 0.175s | total: 8.514s | samples/s: 7009
Iteration 1141 | train reward: 1429.42 | best: 1496.33 | KL: 1.023e-03 | std: 0.4312 | rollout: 8.100s | update: 0.187s | total: 8.287s | samples/s: 7159
Iteration 1142 | train reward: 1431.37 | best: 1496.33 | KL: 1.161e-03 | std: 0.4306 | rollout: 8.289s | update: 0.168s | total: 8.457s | samples/s: 7027
Iteration 1143 | train reward: 1463.20 | best: 1496.33 | KL: 9.555e-04 | std: 0.4308 | rollout: 8.126s | update: 0.179s | total: 8.305s | samples/s: 7312
Iteration 1144 | train reward: 1464.01 | best: 1496.33 | KL: 1.043e-03 | std: 0.4325 | rollout: 8.261s | update: 0.140s | total: 8.401s | samples/s: 7263
Iteration 1145 | train reward: 1436.62 | best: 1496.33 | KL: 1.101e-03 | std: 0.4314 | rollout: 8.562s | update: 0.321s | total: 8.883s | samples/s: 6714
Iteration 1146 | train reward: 1427.83 | best: 1496.33 | KL: 1.153e-03 | std: 0.4339 | rollout: 9.138s | update: 0.342s | total: 9.480s | samples/s: 6268
Iteration 1147 | train reward: 1451.71 | best: 1496.33 | KL: 1.024e-03 | std: 0.4333 | rollout: 8.323s | update: 0.200s | total: 8.523s | samples/s: 7075
Iteration 1148 | train reward: 1461.33 | best: 1496.33 | KL: 9.328e-04 | std: 0.4325 | rollout: 8.001s | update: 0.139s | total: 8.140s | samples/s: 7440
Iteration 1149 | train reward: 1438.48 | best: 1496.33 | KL: 1.382e-03 | std: 0.4323 | rollout: 8.155s | update: 0.133s | total: 8.287s | samples/s: 7248
Iteration 1150 | train reward: 1479.55 | best: 1496.33 | KL: 1.149e-03 | std: 0.4323 | rollout: 8.304s | update: 0.196s | total: 8.500s | samples/s: 7236
Iteration 1151 | train reward: 1475.40 | best: 1496.33 | KL: 1.017e-03 | std: 0.4333 | rollout: 8.548s | update: 0.163s | total: 8.712s | samples/s: 7008
Iteration 1152 | train reward: 1450.24 | best: 1496.33 | KL: 1.351e-03 | std: 0.4341 | rollout: 8.339s | update: 0.223s | total: 8.562s | samples/s: 7046
Iteration 1153 | train reward: 1473.60 | best: 1496.33 | KL: 9.023e-04 | std: 0.4340 | rollout: 8.544s | update: 0.198s | total: 8.742s | samples/s: 7030
Iteration 1154 | train reward: 1457.41 | best: 1496.33 | KL: 1.127e-03 | std: 0.4349 | rollout: 8.611s | update: 0.196s | total: 8.807s | samples/s: 6867
Iteration 1155 | train reward: 1474.53 | best: 1496.33 | KL: 1.594e-03 | std: 0.4332 | rollout: 8.053s | update: 0.174s | total: 8.228s | samples/s: 7464
Iteration 1156 | train reward: 1456.32 | best: 1496.33 | KL: 8.527e-04 | std: 0.4351 | rollout: 8.558s | update: 0.217s | total: 8.776s | samples/s: 6889
Iteration 1157 | train reward: 1486.12 | best: 1496.33 | KL: 1.338e-03 | std: 0.4351 | rollout: 8.232s | update: 0.165s | total: 8.397s | samples/s: 7344
Iteration 1158 | train reward: 1471.62 | best: 1496.33 | KL: 1.396e-03 | std: 0.4323 | rollout: 8.059s | update: 0.182s | total: 8.241s | samples/s: 7421
Iteration 1159 | train reward: 1493.02 | best: 1496.33 | KL: 1.111e-03 | std: 0.4307 | rollout: 8.176s | update: 0.204s | total: 8.380s | samples/s: 7412
Iteration 1160 | train reward: 1477.08 | best: 1496.33 | KL: 1.442e-03 | std: 0.4298 | rollout: 8.006s | update: 0.206s | total: 8.212s | samples/s: 7479
Iteration 1161 | train reward: 1501.41 | best: 1501.41 | KL: 1.614e-03 | std: 0.4305 | rollout: 7.982s | update: 0.206s | total: 8.188s | samples/s: 7632
Iteration 1162 | train reward: 1486.77 | best: 1501.41 | KL: 1.340e-03 | std: 0.4314 | rollout: 8.215s | update: 0.181s | total: 8.396s | samples/s: 7398
Iteration 1163 | train reward: 1476.85 | best: 1501.41 | KL: 1.700e-03 | std: 0.4322 | rollout: 8.175s | update: 0.186s | total: 8.361s | samples/s: 7393
Iteration 1164 | train reward: 1505.53 | best: 1505.53 | KL: 1.312e-03 | std: 0.4325 | rollout: 8.004s | update: 0.188s | total: 8.192s | samples/s: 7635
Iteration 1165 | train reward: 1472.45 | best: 1505.53 | KL: 8.488e-04 | std: 0.4339 | rollout: 8.121s | update: 0.167s | total: 8.288s | samples/s: 7353
Iteration 1166 | train reward: 1497.02 | best: 1505.53 | KL: 9.728e-04 | std: 0.4331 | rollout: 8.211s | update: 0.283s | total: 8.494s | samples/s: 7315
Iteration 1167 | train reward: 1481.46 | best: 1505.53 | KL: 1.236e-03 | std: 0.4314 | rollout: 8.321s | update: 0.182s | total: 8.503s | samples/s: 7246
Iteration 1168 | train reward: 1493.51 | best: 1505.53 | KL: 1.087e-03 | std: 0.4307 | rollout: 8.088s | update: 0.168s | total: 8.256s | samples/s: 7528
Iteration 1169 | train reward: 1482.99 | best: 1505.53 | KL: 1.280e-03 | std: 0.4294 | rollout: 8.157s | update: 0.139s | total: 8.296s | samples/s: 7428
Iteration 1170 | train reward: 1492.67 | best: 1505.53 | KL: 1.768e-03 | std: 0.4289 | rollout: 8.210s | update: 0.884s | total: 9.094s | samples/s: 6819
Iteration 1171 | train reward: 1496.66 | best: 1505.53 | KL: 1.838e-03 | std: 0.4314 | rollout: 7.506s | update: 0.127s | total: 7.633s | samples/s: 8168
Iteration 1172 | train reward: 1496.11 | best: 1505.53 | KL: 1.284e-03 | std: 0.4305 | rollout: 6.169s | update: 0.178s | total: 6.347s | samples/s: 9801
Iteration 1173 | train reward: 1499.20 | best: 1505.53 | KL: 1.338e-03 | std: 0.4312 | rollout: 6.201s | update: 0.158s | total: 6.359s | samples/s: 9788
Iteration 1174 | train reward: 1492.33 | best: 1505.53 | KL: 1.103e-03 | std: 0.4323 | rollout: 6.143s | update: 0.143s | total: 6.286s | samples/s: 9835
Iteration 1175 | train reward: 1494.82 | best: 1505.53 | KL: 1.213e-03 | std: 0.4321 | rollout: 5.963s | update: 0.123s | total: 6.087s | samples/s: 10178
Iteration 1176 | train reward: 1493.01 | best: 1505.53 | KL: 1.186e-03 | std: 0.4312 | rollout: 6.114s | update: 0.158s | total: 6.272s | samples/s: 9868
Iteration 1177 | train reward: 1495.61 | best: 1505.53 | KL: 1.396e-03 | std: 0.4312 | rollout: 6.054s | update: 0.161s | total: 6.214s | samples/s: 9948
Iteration 1178 | train reward: 1500.15 | best: 1505.53 | KL: 1.123e-03 | std: 0.4321 | rollout: 6.293s | update: 0.161s | total: 6.454s | samples/s: 9609
Iteration 1179 | train reward: 1469.78 | best: 1505.53 | KL: 1.263e-03 | std: 0.4320 | rollout: 6.107s | update: 0.126s | total: 6.233s | samples/s: 9735
Iteration 1180 | train reward: 1495.55 | best: 1505.53 | KL: 1.146e-03 | std: 0.4325 | rollout: 6.036s | update: 0.221s | total: 6.258s | samples/s: 9823
Iteration 1181 | train reward: 1474.18 | best: 1505.53 | KL: 1.329e-03 | std: 0.4338 | rollout: 7.138s | update: 0.180s | total: 7.319s | samples/s: 8292
Iteration 1182 | train reward: 1503.90 | best: 1505.53 | KL: 1.200e-03 | std: 0.4333 | rollout: 7.068s | update: 0.125s | total: 7.193s | samples/s: 8639
Iteration 1183 | train reward: 1508.25 | best: 1508.25 | KL: 1.554e-03 | std: 0.4339 | rollout: 6.140s | update: 0.163s | total: 6.303s | samples/s: 9897
Iteration 1184 | train reward: 1515.73 | best: 1515.73 | KL: 7.854e-04 | std: 0.4349 | rollout: 6.268s | update: 0.142s | total: 6.410s | samples/s: 9759
Iteration 1185 | train reward: 1508.16 | best: 1515.73 | KL: 1.284e-03 | std: 0.4357 | rollout: 6.122s | update: 0.129s | total: 6.251s | samples/s: 10008
Iteration 1186 | train reward: 1516.01 | best: 1516.01 | KL: 1.131e-03 | std: 0.4357 | rollout: 6.176s | update: 0.130s | total: 6.306s | samples/s: 9900
Iteration 1187 | train reward: 1482.74 | best: 1516.01 | KL: 9.025e-04 | std: 0.4339 | rollout: 6.263s | update: 0.146s | total: 6.409s | samples/s: 9556
Iteration 1188 | train reward: 1505.58 | best: 1516.01 | KL: 1.093e-03 | std: 0.4351 | rollout: 6.115s | update: 0.184s | total: 6.300s | samples/s: 9875
Iteration 1189 | train reward: 1502.72 | best: 1516.01 | KL: 1.620e-03 | std: 0.4364 | rollout: 6.519s | update: 0.202s | total: 6.721s | samples/s: 9216
Iteration 1190 | train reward: 1504.75 | best: 1516.01 | KL: 1.645e-03 | std: 0.4365 | rollout: 6.295s | update: 0.150s | total: 6.446s | samples/s: 9649
Iteration 1191 | train reward: 1507.70 | best: 1516.01 | KL: 1.070e-03 | std: 0.4357 | rollout: 6.324s | update: 0.186s | total: 6.510s | samples/s: 9603
Iteration 1192 | train reward: 1507.80 | best: 1516.01 | KL: 1.235e-03 | std: 0.4331 | rollout: 6.169s | update: 0.205s | total: 6.374s | samples/s: 9817
Iteration 1193 | train reward: 1514.05 | best: 1516.01 | KL: 1.087e-03 | std: 0.4324 | rollout: 6.310s | update: 0.161s | total: 6.471s | samples/s: 9697
Iteration 1194 | train reward: 1514.28 | best: 1516.01 | KL: 1.065e-03 | std: 0.4321 | rollout: 6.560s | update: 0.224s | total: 6.785s | samples/s: 9250
Iteration 1195 | train reward: 1515.98 | best: 1516.01 | KL: 1.253e-03 | std: 0.4315 | rollout: 6.368s | update: 0.146s | total: 6.514s | samples/s: 9647
Iteration 1196 | train reward: 1519.41 | best: 1519.41 | KL: 9.979e-04 | std: 0.4307 | rollout: 6.210s | update: 0.187s | total: 6.397s | samples/s: 9839
Iteration 1197 | train reward: 1504.41 | best: 1519.41 | KL: 1.324e-03 | std: 0.4314 | rollout: 7.213s | update: 0.419s | total: 7.632s | samples/s: 8209
Iteration 1198 | train reward: 1497.97 | best: 1519.41 | KL: 1.106e-03 | std: 0.4323 | rollout: 11.200s | update: 0.259s | total: 11.460s | samples/s: 5431
Iteration 1199 | train reward: 1500.78 | best: 1519.41 | KL: 1.128e-03 | std: 0.4333 | rollout: 11.560s | update: 0.181s | total: 11.741s | samples/s: 5320
training time 10674.07s
