method,seed,update,true_environment_steps_before_update,beta,barrier_active,reward_gradient_norm,barrier_gradient_norm,regularizer_gradient_norm,total_gradient_norm,naturalized_reward_norm,naturalized_barrier_norm,euclidean_barrier_to_reward_ratio,natural_barrier_to_reward_ratio,euclidean_cosine,euclidean_cosine_defined,natural_cosine,natural_cosine_defined,realized_kl,damping,valid,invalid_reason,target_kl,predicted_kl,scale_factor,gradient_norm,natural_direction_norm,quadratic_form,solve_residual,fisher_condition_number,damped_condition_number
npg_reward_only,706,0,0,0.0,False,277.9609375,0.1373075693845749,0.0,277.9609375,4650.18359375,0.0,0.0,0.0,0.8727171421051025,True,nan,False,0.0011924079153686762,0.01,True,,0.001,0.0009999999310821295,8.65548790898174e-05,277.9609375,4650.18359375,266960.40625,0.00012453239469323307,434239200.0,76.06205749511719
npg_reward_only,706,1,4000,0.0,False,221.80726623535156,0.11551614850759506,0.0,221.80726623535156,4449.7353515625,0.0,0.0,0.0,0.008508697152137756,True,nan,False,0.0014035414205864072,0.01,True,,0.001,0.0009999999310821295,8.46857947180979e-05,221.80726623535156,4449.7353515625,278874.53125,8.982125291367993e-05,1310674304.0,79.42875671386719
npg_reward_only,706,2,8000,0.0,False,371.4734802246094,0.11377355456352234,0.0,371.4734802246094,4276.16748046875,0.0,0.0,0.0,-0.7036301493644714,True,nan,False,0.0007743507740087807,0.01,True,,0.001,0.0010000000474974513,6.681426020804793e-05,371.4734802246094,4276.16748046875,448014.125,9.264024265576154e-05,200192624.0,77.0390625
npg_reward_only,706,3,12000,0.0,False,153.05633544921875,0.13375024497509003,0.0,153.05633544921875,3668.447265625,0.0,0.0,0.0,-0.43013837933540344,True,nan,False,0.0007980595692060888,0.01,True,,0.001,0.001000000280328095,0.00010769621439976618,153.05633544921875,3668.447265625,172436.484375,0.00010266416211379692,8807107584.0,86.43258666992188
npg_reward_only,706,4,16000,0.0,False,316.68231201171875,0.13767625391483307,0.0,316.68231201171875,4741.20556640625,0.0,0.0,0.0,0.8105446100234985,True,nan,False,0.0010310111101716757,0.01,True,,0.001,0.0010000001639127731,8.147752669174224e-05,316.68231201171875,4741.20556640625,301268.9375,0.00015931615780573338,5793241600.0,87.43431854248047
npg_reward_only,706,5,19902,0.0,False,201.09210205078125,0.128633514046669,0.0,201.09210205078125,3041.589599609375,0.0,0.0,0.0,0.8179910182952881,True,nan,False,0.0008589380304329097,0.01,True,,0.001,0.0010000000474974513,0.0001254817034350708,201.09210205078125,3041.589599609375,127019.15625,7.119622750906274e-05,409683456.0,96.03474426269531
npg_reward_only,706,6,23902,0.0,False,147.5346221923828,0.1175551638007164,0.0,147.5346221923828,3960.289794921875,0.0,0.0,0.0,-0.1752052903175354,True,nan,False,0.0009193544974550605,0.01,True,,0.001,0.0009999998146668077,0.00010487014515092596,147.5346221923828,3960.289794921875,181855.421875,0.00011503498535603285,425567520.0,94.68569946289062
npg_reward_only,706,7,27902,0.0,False,158.93316650390625,0.11509297788143158,0.0,158.93316650390625,3864.422607421875,0.0,0.0,0.0,0.28536245226860046,True,nan,False,0.0013012426206842065,0.01,True,,0.001,0.0010000000474974513,0.0001136751234298572,158.93316650390625,3864.422607421875,154774.40625,9.638188930694014e-05,640520960.0,100.82437133789062
npg_reward_only,706,8,31902,0.0,False,236.6941680908203,0.10645093768835068,0.0,236.6941680908203,5126.41455078125,0.0,0.0,0.0,-0.28447484970092773,True,nan,False,0.0011712124105542898,0.01,True,,0.001,0.0009999999310821295,8.30230928841047e-05,236.6941680908203,5126.41455078125,290156.4375,0.00020177628903184086,1843632768.0,96.65460968017578
npg_reward_only,706,9,35902,0.0,False,204.2825164794922,0.1145365983247757,0.0,204.2825164794922,4801.35546875,0.0,0.0,0.0,-0.26969680190086365,True,nan,False,0.0011454205960035324,0.01,True,,0.001,0.0009999999310821295,7.819931488484144e-05,204.2825164794922,4801.35546875,327057.5,0.00012264565157238394,3394301440.0,109.90737915039062
npg_reward_only,706,10,39902,0.0,False,166.0025634765625,0.11560001969337463,0.0,166.0025634765625,4601.70947265625,0.0,0.0,0.0,-0.10160650312900543,True,nan,False,0.001346040517091751,0.01,True,,0.001,0.0010000000474974513,8.450370660284534e-05,166.0025634765625,4601.70947265625,280077.6875,8.763255027588457e-05,14055758848.0,96.01868438720703
npg_reward_only,706,11,43902,0.0,False,247.11683654785156,0.13846734166145325,0.0,247.11683654785156,4846.38037109375,0.0,0.0,0.0,-0.6374191641807556,True,nan,False,0.0011443982366472483,0.01,True,,0.001,0.0009999999310821295,7.734453538432717e-05,247.11683654785156,4846.38037109375,334326.4375,0.0001199212420033291,4910272000.0,125.14130401611328
npg_reward_only,706,12,47902,0.0,False,427.7900085449219,0.1432105302810669,0.0,427.7900085449219,4569.56103515625,0.0,0.0,0.0,-0.4870898723602295,True,nan,False,0.0008826928678900003,0.01,True,,0.001,0.0010000000474974513,6.054861660231836e-05,427.7900085449219,4569.56103515625,545533.6875,8.653556142235175e-05,1779605504.0,120.56556701660156
npg_reward_only,706,13,51902,0.0,False,222.42823791503906,0.16378247737884521,0.0,222.42823791503906,4213.43212890625,0.0,0.0,0.0,0.21971648931503296,True,nan,False,0.001004422432743013,0.01,True,,0.001,0.0010000000474974513,9.503078763373196e-05,222.42823791503906,4213.43212890625,221463.09375,0.0001301970041822642,3410104576.0,122.64990234375
npg_reward_only,706,14,55902,0.0,False,173.21583557128906,0.17768211662769318,0.0,173.21583557128906,4941.48291015625,0.0,0.0,0.0,-0.3984389305114746,True,nan,False,0.0008980145212262869,0.01,True,,0.001,0.0010000000474974513,9.788535680854693e-05,173.21583557128906,4941.48291015625,208734.65625,8.313756552524865e-05,2717435904.0,112.57493591308594
npg_reward_only,706,15,59902,0.0,False,484.3648986816406,0.17650656402111053,0.0,484.3648986816406,5857.62646484375,0.0,0.0,0.0,0.26388248801231384,True,nan,False,0.0010399490129202604,0.01,True,,0.001,0.0010000001639127731,5.130674617248587e-05,484.3648986816406,5857.62646484375,759768.125,0.0002331767900614068,735439104.0,110.69551849365234
npg_reward_only,706,16,63902,0.0,False,225.22715759277344,0.17960117757320404,0.0,225.22715759277344,4679.20458984375,0.0,0.0,0.0,-0.1526157110929489,True,nan,False,0.000807504344265908,0.01,True,,0.001,0.0010000000474974513,9.891517402138561e-05,225.22715759277344,4679.20458984375,204410.96875,0.0002600745647214353,922663296.0,108.397705078125
npg_reward_only,706,17,67902,0.0,False,287.13189697265625,0.19540807604789734,0.0,287.13189697265625,4303.02392578125,0.0,0.0,0.0,-0.432756245136261,True,nan,False,0.001263676444068551,0.01,True,,0.001,0.0010000000474974513,7.608944724779576e-05,287.13189697265625,4303.02392578125,345446.78125,8.407876157434657e-05,600329088.0,118.98727416992188
npg_reward_only,706,18,71902,0.0,False,431.3534240722656,0.18316051363945007,0.0,431.3534240722656,5153.42431640625,0.0,0.0,0.0,-0.7073140144348145,True,nan,False,0.0011751761194318533,0.01,True,,0.001,0.0010000000474974513,6.53638198855333e-05,431.3534240722656,5153.42431640625,468117.8125,0.0002272189740324393,496959936.0,116.0273666381836
npg_reward_only,706,19,75902,0.0,False,312.62353515625,0.21957983076572418,0.0,312.62353515625,5336.30810546875,0.0,0.0,0.0,-0.6420764923095703,True,nan,False,0.0011387179838493466,0.01,True,,0.001,0.0009999998146668077,6.67639760649763e-05,312.62353515625,5336.30810546875,448689.1875,0.00019119524222332984,862375424.0,139.64382934570312
npg_reward_only,706,20,79902,0.0,False,135.05294799804688,0.24048325419425964,0.0,135.05294799804688,5105.57666015625,0.0,0.0,0.0,-0.4583453834056854,True,nan,False,0.0010698707774281502,0.01,True,,0.001,0.0009999992325901985,0.0001059974092640914,135.05294799804688,5105.57666015625,178008.0,9.777592640602961e-05,136757856.0,141.1065216064453
npg_reward_only,706,21,83902,0.0,False,432.6495361328125,0.2589869201183319,0.0,432.6495361328125,6092.251953125,0.0,0.0,0.0,-0.61501145362854,True,nan,False,0.0009617416653782129,0.01,True,,0.001,0.0010000001639127731,5.2825464081251994e-05,432.6495361328125,6092.251953125,716709.875,0.0002418933145236224,1400941312.0,146.27297973632812
npg_reward_only,706,22,87902,0.0,False,381.9703369140625,0.2615094482898712,0.0,381.9703369140625,4923.037109375,0.0,0.0,0.0,0.4267003834247589,True,nan,False,0.000965349783655256,0.01,True,,0.001,0.0010000001639127731,6.434456736315042e-05,381.9703369140625,4923.037109375,483065.75,0.0002075844386126846,980976192.0,136.51736450195312
npg_reward_only,706,23,91902,0.0,False,570.4751586914062,0.24334993958473206,0.0,570.4751586914062,4999.96923828125,0.0,0.0,0.0,-0.7946773171424866,True,nan,False,0.0011179250432178378,0.01,True,,0.001,0.0009999999310821295,6.181462231324986e-05,570.4751586914062,4999.96923828125,523416.625,0.0002331054856767878,969762432.0,138.0406951904297
npg_reward_only,706,24,95902,0.0,False,415.2794494628906,0.2713654637336731,0.0,415.2794494628906,5644.0703125,0.0,0.0,0.0,0.5552098751068115,True,nan,False,0.0011241445317864418,0.01,True,,0.001,0.0009999999310821295,5.398197390604764e-05,415.2794494628906,5644.0703125,686329.1875,0.0002201071911258623,353825088.0,144.47193908691406
npg_reward_only,706,25,99902,0.0,False,623.9630126953125,0.2754979431629181,0.0,623.9630126953125,5488.72021484375,0.0,0.0,0.0,0.23401480913162231,True,nan,False,0.0012011575745418668,0.01,True,,0.001,0.0010000001639127731,5.096707172924653e-05,623.9630126953125,5488.72021484375,769928.9375,0.00022007609368301928,192288944.0,132.10850524902344
npg_reward_only,706,26,103902,0.0,False,222.1716766357422,0.25350049138069153,0.0,222.1716766357422,6594.74609375,0.0,0.0,0.0,0.4793010652065277,True,nan,False,0.0008283701026812196,0.01,True,,0.001,0.0010000001639127731,6.80892844684422e-05,222.1716766357422,6594.74609375,431392.375,0.0002595714177004993,3592435200.0,138.56773376464844
npg_reward_only,706,27,107902,0.0,False,360.3188781738281,0.24081803858280182,0.0,360.3188781738281,5397.73486328125,0.0,0.0,0.0,-0.08343962579965591,True,nan,False,0.0011434841435402632,0.01,True,,0.001,0.0009999999310821295,6.4820924308151e-05,360.3188781738281,5397.73486328125,475991.9375,0.00027188609237782657,863462400.0,133.43161010742188
npg_reward_only,706,28,111902,0.0,False,320.61077880859375,0.24352778494358063,0.0,320.61077880859375,5807.4013671875,0.0,0.0,0.0,0.26451775431632996,True,nan,False,0.0009472742094658315,0.01,True,,0.001,0.001000000280328095,6.482862954726443e-05,320.61077880859375,5807.4013671875,475878.75,0.00014692738477606326,6128029696.0,155.56277465820312
npg_reward_only,706,29,115902,0.0,False,258.1141662597656,0.23928722739219666,0.0,258.1141662597656,5224.4501953125,0.0,0.0,0.0,0.592988908290863,True,nan,False,0.0012862220173701644,0.01,True,,0.001,0.0010000000474974513,7.511742296628654e-05,258.1141662597656,5224.4501953125,354444.875,0.00014229652879294008,6346727936.0,152.48170471191406
npg_reward_only,706,30,119902,0.0,False,473.41827392578125,0.22177082300186157,0.0,473.41827392578125,5991.14208984375,0.0,0.0,0.0,-0.4939176142215729,True,nan,False,0.0009096144349314272,0.01,True,,0.001,0.0010000001639127731,5.177549610380083e-05,473.41827392578125,5991.14208984375,746073.3125,0.00027368709561415017,284661536.0,147.29107666015625
npg_reward_only,706,31,123902,0.0,False,456.0210876464844,0.23347564041614532,0.0,456.0210876464844,5706.6552734375,0.0,0.0,0.0,0.14728008210659027,True,nan,False,0.0010899597546085715,0.01,True,,0.001,0.0010000001639127731,5.811329901916906e-05,456.0210876464844,5706.6552734375,592214.375,0.00016276394308079034,295639936.0,132.0467987060547
npg_reward_only,706,32,127902,0.0,False,295.697265625,0.22130972146987915,0.0,295.697265625,6642.9033203125,0.0,0.0,0.0,-0.48456108570098877,True,nan,False,0.0008712008129805326,0.01,True,,0.001,0.0010000001639127731,6.076703721191734e-05,295.697265625,6642.9033203125,541619.0,0.0002812444290611893,943840640.0,146.1266632080078
npg_reward_only,706,33,131902,0.0,False,156.24937438964844,0.22411587834358215,0.0,156.24937438964844,5720.15673828125,0.0,0.0,0.0,0.09972304105758667,True,nan,False,0.0013120593503117561,0.01,True,,0.001,0.0010000001639127731,9.096382564166561e-05,156.24937438964844,5720.15673828125,241708.875,0.00015659289783798158,1287140864.0,154.60952758789062
npg_reward_only,706,34,135902,0.0,False,258.6397399902344,0.22357125580310822,0.0,258.6397399902344,5291.89599609375,0.0,0.0,0.0,-0.10695890337228775,True,nan,False,0.0008297772146761417,0.01,True,,0.001,0.0010000001639127731,7.321719022002071e-05,258.6397399902344,5291.89599609375,373081.6875,0.0002118184056598693,1000013504.0,171.46090698242188
npg_reward_only,706,35,139902,0.0,False,310.6908874511719,0.20939728617668152,0.0,310.6908874511719,5149.4580078125,0.0,0.0,0.0,-0.8441199660301208,True,nan,False,0.0009863479062914848,0.01,True,,0.001,0.001000000280328095,5.998563938192092e-05,310.6908874511719,5149.4580078125,555821.625,0.00014837051276117563,285700992.0,180.8783416748047
npg_reward_only,706,36,143902,0.0,False,377.67974853515625,0.2229604572057724,0.0,377.67974853515625,5331.33203125,0.0,0.0,0.0,-0.7254096269607544,True,nan,False,0.0009834358934313059,0.01,True,,0.001,0.0009999999310821295,5.941282870480791e-05,377.67974853515625,5331.33203125,566590.875,0.00011863350664498284,399388320.0,154.55210876464844
npg_reward_only,706,37,147902,0.0,False,333.90087890625,0.23189480602741241,0.0,333.90087890625,5446.69091796875,0.0,0.0,0.0,0.3394172489643097,True,nan,False,0.000852622149977833,0.01,True,,0.001,0.0010000001639127731,5.952827996225096e-05,333.90087890625,5446.69091796875,564395.25,0.0001066388504114002,967356928.0,155.7875518798828
npg_reward_only,706,38,151902,0.0,False,366.94482421875,0.21729883551597595,0.0,366.94482421875,5175.37841796875,0.0,0.0,0.0,-0.13841025531291962,True,nan,False,0.0009277370409108698,0.01,True,,0.001,0.0010000001639127731,7.033139991108328e-05,366.94482421875,5175.37841796875,404325.875,0.00014441725215874612,1000724096.0,150.83050537109375
npg_reward_only,706,39,155834,0.0,False,267.06622314453125,0.22851084172725677,0.0,267.06622314453125,5613.20068359375,0.0,0.0,0.0,-0.8345502018928528,True,nan,False,0.0013434846187010407,0.01,True,,0.001,0.0010000001639127731,7.147383439587429e-05,267.06622314453125,5613.20068359375,391503.6875,0.00026588962646201253,1279270272.0,157.15631103515625
npg_reward_only,706,40,159834,0.0,False,245.51466369628906,0.2537330389022827,0.0,245.51466369628906,5605.61669921875,0.0,0.0,0.0,0.2634251117706299,True,nan,False,0.0007729086210019886,0.01,True,,0.001,0.0009999999310821295,7.279487181222066e-05,245.51466369628906,5605.61669921875,377423.0625,0.00012009701458737254,1050180288.0,150.7071075439453
npg_reward_only,706,41,163834,0.0,False,302.6080322265625,0.2429150491952896,0.0,302.6080322265625,5105.2626953125,0.0,0.0,0.0,-0.764040470123291,True,nan,False,0.0009846434695646167,0.01,True,,0.001,0.0009999999310821295,7.205946167232469e-05,302.6080322265625,5105.2626953125,385166.0,0.00012663826055359095,160368912.0,147.8457794189453
npg_reward_only,706,42,167834,0.0,False,491.0675964355469,0.257822185754776,0.0,491.0675964355469,5865.5146484375,0.0,0.0,0.0,-0.502949595451355,True,nan,False,0.0009291176684200764,0.01,True,,0.001,0.0009999999310821295,5.6097182095982134e-05,491.0675964355469,5865.5146484375,635547.375,0.00015855018864385784,413405632.0,145.11610412597656
npg_reward_only,706,43,171834,0.0,False,520.3935546875,0.2652397155761719,0.0,520.3935546875,5676.90966796875,0.0,0.0,0.0,0.8359459042549133,True,nan,False,0.000855912221595645,0.01,True,,0.001,0.0010000001639127731,5.7166413171216846e-05,520.3935546875,5676.90966796875,611995.375,0.00015397468814626336,1704115072.0,169.4254150390625
npg_reward_only,706,44,175834,0.0,False,257.6462707519531,0.24464529752731323,0.0,257.6462707519531,5184.90380859375,0.0,0.0,0.0,0.19002793729305267,True,nan,False,0.0009426081087440252,0.01,True,,0.001,0.0010000000474974513,7.114870095392689e-05,257.6462707519531,5184.90380859375,395090.0,0.0002867093135137111,421037184.0,148.7308807373047
npg_reward_only,706,45,179834,0.0,False,310.84393310546875,0.24255818128585815,0.0,310.84393310546875,6272.5107421875,0.0,0.0,0.0,-0.17013618350028992,True,nan,False,0.0009765065042302012,0.01,True,,0.001,0.0010000000474974513,6.502744508907199e-05,310.84393310546875,6272.5107421875,472973.34375,0.0001539406948722899,295249536.0,148.0105438232422
npg_reward_only,706,46,183830,0.0,False,383.61517333984375,0.2516475319862366,0.0,383.61517333984375,6963.38916015625,0.0,0.0,0.0,-0.023543676361441612,True,nan,False,0.001053649466484785,0.01,True,,0.001,0.0010000001639127731,4.855998122366145e-05,383.61517333984375,6963.38916015625,848150.625,0.00022934046864975244,3643760384.0,162.97372436523438
npg_reward_only,706,47,187830,0.0,False,482.2875061035156,0.2593585252761841,0.0,482.2875061035156,4941.96240234375,0.0,0.0,0.0,-0.45946669578552246,True,nan,False,0.0010821394389495254,0.01,True,,0.001,0.0010000000474974513,6.167613173602149e-05,482.2875061035156,4941.96240234375,525769.875,0.00020761437190230936,647350336.0,182.8352813720703
npg_reward_only,706,48,191830,0.0,False,391.35626220703125,0.2884643077850342,0.0,391.35626220703125,5091.51220703125,0.0,0.0,0.0,-0.39289143681526184,True,nan,False,0.0010209719184786081,0.01,True,,0.001,0.0010000001639127731,6.529244274133816e-05,391.35626220703125,5091.51220703125,469141.84375,0.00020670736557804048,3461633792.0,206.02822875976562
npg_reward_only,706,49,195830,0.0,False,371.8221740722656,0.29281190037727356,0.0,371.8221740722656,7139.79541015625,0.0,0.0,0.0,0.2593209147453308,True,nan,False,0.0010605192510411143,0.01,True,,0.001,0.0009999999310821295,4.533664832706563e-05,371.8221740722656,7139.79541015625,973041.0625,0.00020635832333937287,670686848.0,214.81617736816406
npg_reward_only,706,50,199830,0.0,False,417.27557373046875,0.2918815016746521,0.0,417.27557373046875,6264.603515625,0.0,0.0,0.0,-0.18725018203258514,True,nan,False,0.0009316083160229027,0.01,True,,0.001,0.0010000001639127731,5.1773953600786626e-05,417.27557373046875,6264.603515625,746117.75,0.0006803946453146636,1482728064.0,228.9838104248047
npg_reward_only,706,51,203830,0.0,False,380.44488525390625,0.2814384996891022,0.0,380.44488525390625,6065.0654296875,0.0,0.0,0.0,0.14329209923744202,True,nan,False,0.0009835134260356426,0.01,True,,0.001,0.0009999999310821295,5.610286825685762e-05,380.44488525390625,6065.0654296875,635418.5,0.000214936604606919,3405798656.0,158.81552124023438
npg_reward_only,706,52,207780,0.0,False,510.6423645019531,0.2852523624897003,0.0,510.6423645019531,7901.6513671875,0.0,0.0,0.0,-0.6043931245803833,True,nan,False,0.0010798651492223144,0.01,True,,0.001,0.0009999999310821295,5.085326120024547e-05,510.6423645019531,7901.6513671875,773379.0,0.0004831068217754364,307752640.0,173.33465576171875
npg_reward_only,706,53,211780,0.0,False,325.0926513671875,0.3016410171985626,0.0,325.0926513671875,5723.01318359375,0.0,0.0,0.0,0.7904494404792786,True,nan,False,0.0008542915456928313,0.01,True,,0.001,0.0010000000474974513,6.309237505774945e-05,325.0926513671875,5723.01318359375,502430.84375,0.00030994965345598757,724386496.0,183.63478088378906
npg_reward_only,706,54,215568,0.0,False,475.0937194824219,0.26231157779693604,0.0,475.0937194824219,6579.556640625,0.0,0.0,0.0,0.7275581955909729,True,nan,False,0.0009114763815887272,0.01,True,,0.001,0.0010000000474974513,5.015259011997841e-05,475.0937194824219,6579.556640625,795139.4375,0.00028887754888273776,48689115136.0,154.18833923339844
npg_reward_only,706,55,219512,0.0,False,306.0758361816406,0.24750041961669922,0.0,306.0758361816406,7176.8720703125,0.0,0.0,0.0,-0.11807628720998764,True,nan,False,0.0010017708409577608,0.01,True,,0.001,0.0009999999310821295,5.579492062679492e-05,306.0758361816406,7176.8720703125,642452.0,0.00022988670389167964,800420864.0,172.69480895996094
npg_reward_only,706,56,223296,0.0,False,445.5350036621094,0.2767111361026764,0.0,445.5350036621094,6654.44384765625,0.0,0.0,0.0,0.32022854685783386,True,nan,False,0.0011363847879692912,0.01,True,,0.001,0.0010000000474974513,4.321234519011341e-05,445.5350036621094,6654.44384765625,1071061.375,0.00032393616857007146,14368076800.0,216.54542541503906
npg_reward_only,706,57,227001,0.0,False,517.1907348632812,0.26422932744026184,0.0,517.1907348632812,6724.81982421875,0.0,0.0,0.0,0.08814969658851624,True,nan,False,0.000869338633492589,0.01,True,,0.001,0.0009999996982514858,4.8551723011769354e-05,517.1907348632812,6724.81982421875,848439.125,0.000375308096408844,1804211456.0,258.20086669921875
npg_reward_only,706,58,230828,0.0,False,620.9707641601562,0.26849454641342163,0.0,620.9707641601562,7528.58203125,0.0,0.0,0.0,-0.16938745975494385,True,nan,False,0.0009735904750414193,0.01,True,,0.001,0.0010000000474974513,3.556914089131169e-05,620.9707641601562,7528.58203125,1580823.0,0.00038731968379579484,16974244864.0,203.03208923339844
npg_reward_only,706,59,233882,0.0,False,423.2486267089844,0.26856815814971924,0.0,423.2486267089844,6894.71142578125,0.0,0.0,0.0,0.535381019115448,True,nan,False,0.0010505629470571876,0.01,True,,0.001,0.001000000280328095,5.318413604982197e-05,423.2486267089844,6894.71142578125,707075.5,0.0003503674815874547,1358611584.0,202.36224365234375
npg_reward_only,706,60,237357,0.0,False,745.0927124023438,0.26449134945869446,0.0,745.0927124023438,6918.9248046875,0.0,0.0,0.0,0.3195977807044983,True,nan,False,0.0009698995272628963,0.01,True,,0.001,0.0010000001639127731,4.7215984523063526e-05,745.0927124023438,6918.9248046875,897122.875,0.00023701366444583982,5862021632.0,234.94886779785156
npg_reward_only,706,61,241276,0.0,False,513.6721801757812,0.2585764527320862,0.0,513.6721801757812,6869.3818359375,0.0,0.0,0.0,0.02661837451159954,True,nan,False,0.0011012732284143567,0.01,True,,0.001,0.0009999999310821295,4.9241007218370214e-05,513.6721801757812,6869.3818359375,824852.1875,0.0002848090080078691,716062720.0,225.94261169433594
npg_reward_only,706,62,245137,0.0,False,377.9354553222656,0.2551960051059723,0.0,377.9354553222656,7041.10302734375,0.0,0.0,0.0,-0.42131075263023376,True,nan,False,0.001038656453602016,0.01,True,,0.001,0.0009999999310821295,5.180847074370831e-05,377.9354553222656,7041.10302734375,745123.875,0.00024508370552212,1008177344.0,212.00479125976562
npg_reward_only,706,63,248701,0.0,False,587.7623901367188,0.28374940156936646,0.0,587.7623901367188,7135.61328125,0.0,0.0,0.0,0.48179158568382263,True,nan,False,0.0008996548713184893,0.01,True,,0.001,0.000999999581836164,5.1307830290170386e-05,587.7623901367188,7135.61328125,759736.0,0.0002987986081279814,826298944.0,191.83277893066406
npg_reward_only,706,64,252160,0.0,False,646.7669067382812,0.24914351105690002,0.0,646.7669067382812,6533.162109375,0.0,0.0,0.0,0.5913448929786682,True,nan,False,0.0008210210944525898,0.01,True,,0.001,0.0010000001639127731,3.747108348761685e-05,646.7669067382812,6533.162109375,1424418.125,0.00024917241535149515,733992448.0,209.08883666992188
npg_reward_only,706,65,255907,0.0,False,740.2855224609375,0.28288495540618896,0.0,740.2855224609375,7320.69140625,0.0,0.0,0.0,0.0011385857360437512,True,nan,False,0.0009457097621634603,0.01,True,,0.001,0.0010000001639127731,3.6457862734096125e-05,740.2855224609375,7320.69140625,1504692.0,0.000296395126497373,479816480.0,171.42385864257812
npg_reward_only,706,66,259468,0.0,False,361.83599853515625,0.2652903199195862,0.0,361.83599853515625,6582.9462890625,0.0,0.0,0.0,0.17259959876537323,True,nan,False,0.0011176125844940543,0.01,True,,0.001,0.0009999999310821295,5.875184797332622e-05,361.83599853515625,6582.9462890625,579411.3125,0.00019425204664003104,1164321280.0,182.79220581054688
npg_reward_only,706,67,263137,0.0,False,345.91912841796875,0.2650538980960846,0.0,345.91912841796875,5035.93701171875,0.0,0.0,0.0,-0.5657123327255249,True,nan,False,0.001044421223923564,0.01,True,,0.001,0.0009999999310821295,7.583116530440748e-05,345.91912841796875,5035.93701171875,347804.0,0.000251073477556929,1492213248.0,182.28445434570312
npg_reward_only,706,68,266557,0.0,False,560.9334106445312,0.31240716576576233,0.0,560.9334106445312,6662.39599609375,0.0,0.0,0.0,-0.4060736894607544,True,nan,False,0.0010186756262555718,0.01,True,,0.001,0.0010000001639127731,4.8542504373472184e-05,560.9334106445312,6662.39599609375,848761.4375,0.00023541919654235244,449642208.0,149.76919555664062
npg_reward_only,706,69,269729,0.0,False,476.1088562011719,0.2634432315826416,0.0,476.1088562011719,5677.94482421875,0.0,0.0,0.0,-0.4347640872001648,True,nan,False,0.0007775488775223494,0.01,True,,0.001,0.0009999999310821295,5.8428697229828686e-05,476.1088562011719,5677.94482421875,585838.125,0.00018230511341243982,1278633472.0,196.6355743408203
npg_reward_only,706,70,273014,0.0,False,389.02325439453125,0.32424673438072205,0.0,389.02325439453125,6510.017578125,0.0,0.0,0.0,-0.4067355692386627,True,nan,False,0.0010637975065037608,0.01,True,,0.001,0.0010000001639127731,5.883244375581853e-05,389.02325439453125,6510.017578125,577824.875,0.00028357081464491785,361303552.0,158.86956787109375
npg_reward_only,706,71,276026,0.0,False,541.9078979492188,0.3113377094268799,0.0,541.9078979492188,6731.767578125,0.0,0.0,0.0,0.5499559044837952,True,nan,False,0.0008998173289000988,0.01,True,,0.001,0.001000000280328095,6.242769450182095e-05,541.9078979492188,6731.767578125,513186.75,0.00022719198022969067,412052896.0,154.2682342529297
npg_reward_only,706,72,279147,0.0,False,705.7124633789062,0.28933289647102356,0.0,705.7124633789062,7173.64794921875,0.0,0.0,0.0,-0.5748947858810425,True,nan,False,0.0009701373055577278,0.01,True,,0.001,0.0009999999310821295,4.7384557547047734e-05,705.7124633789062,7173.64794921875,890751.0625,0.00041236550896428525,613336768.0,169.83119201660156
npg_reward_only,706,73,282321,0.0,False,451.223876953125,0.35220611095428467,0.0,451.223876953125,4983.7373046875,0.0,0.0,0.0,-0.34037840366363525,True,nan,False,0.0010479158954694867,0.01,True,,0.001,0.001000000280328095,6.899426080053672e-05,451.223876953125,4983.7373046875,420149.75,0.00019641693506855518,293822336.0,150.8538055419922
npg_reward_only,706,74,284842,0.0,False,394.82855224609375,0.3889063894748688,0.0,394.82855224609375,5562.47216796875,0.0,0.0,0.0,0.27095887064933777,True,nan,False,0.0010293738450855017,0.01,True,,0.001,0.0010000000474974513,5.399042129283771e-05,394.82855224609375,5562.47216796875,686114.5,0.00015623400395270437,540326976.0,162.65914916992188
npg_reward_only,706,75,287223,0.0,False,179.71707153320312,0.3710446059703827,0.0,179.71707153320312,5116.0068359375,0.0,0.0,0.0,-0.5170941352844238,True,nan,False,0.0010112379677593708,0.01,True,,0.001,0.0009999999310821295,7.907007966423407e-05,179.71707153320312,5116.0068359375,319893.6875,0.00018432001525070518,211596064.0,150.4151153564453
npg_reward_only,706,76,289368,0.0,False,434.4380187988281,0.35681483149528503,0.0,434.4380187988281,4706.76171875,0.0,0.0,0.0,-0.5382497906684875,True,nan,False,0.0010115808108821511,0.01,True,,0.001,0.0009999999310821295,7.96272506704554e-05,434.4380187988281,4706.76171875,315432.59375,0.00015180793707259,2366378496.0,165.2506866455078
npg_reward_only,706,77,291654,0.0,False,486.7208251953125,0.3254583477973938,0.0,486.7208251953125,6626.19189453125,0.0,0.0,0.0,-0.6065565347671509,True,nan,False,0.0011340900091454387,0.01,True,,0.001,0.0010000001639127731,5.0852730055339634e-05,486.7208251953125,6626.19189453125,773395.25,0.00026113755302503705,187608464.0,170.09104919433594
npg_reward_only,706,78,294704,0.0,False,518.1309814453125,0.3439134657382965,0.0,518.1309814453125,8053.85205078125,0.0,0.0,0.0,0.1390041708946228,True,nan,False,0.0008909013704396784,0.01,True,,0.001,0.0010000001639127731,4.5620010496350005e-05,518.1309814453125,8053.85205078125,960990.8125,0.0005797294434159994,567693760.0,178.16896057128906
npg_reward_only,706,79,298022,0.0,False,651.5809326171875,0.4186195135116577,0.0,651.5809326171875,5334.86669921875,0.0,0.0,0.0,-0.5587639808654785,True,nan,False,0.0010233185021206737,0.01,True,,0.001,0.0010000000474974513,5.17258740728721e-05,651.5809326171875,5334.86669921875,747505.375,0.0002354779135202989,30143226.0,157.7110595703125
npg_reward_only,706,80,300153,0.0,False,544.5543212890625,0.3911454975605011,0.0,544.5543212890625,5768.97900390625,0.0,0.0,0.0,0.033776428550481796,True,nan,False,0.0010196577059105039,0.01,True,,0.001,0.0010000000474974513,4.9950704124057665e-05,544.5543212890625,5768.97900390625,801579.875,0.00020936249347869307,126311072.0,159.8931121826172
npg_reward_only,706,81,302247,0.0,False,631.387451171875,0.3963157832622528,0.0,631.387451171875,6038.8935546875,0.0,0.0,0.0,-0.3865824341773987,True,nan,False,0.0010782459285110235,0.01,True,,0.001,0.0010000000474974513,4.698298653238453e-05,631.387451171875,6038.8935546875,906042.9375,0.00023001545923762023,952168448.0,152.26138305664062
npg_reward_only,706,82,304386,0.0,False,428.165283203125,0.41112983226776123,0.0,428.165283203125,7169.19482421875,0.0,0.0,0.0,-0.6845821142196655,True,nan,False,0.001118778600357473,0.01,True,,0.001,0.0009999999310821295,5.0018064939649776e-05,428.165283203125,7169.19482421875,799422.1875,0.0003070533857680857,200070688.0,167.08189392089844
npg_reward_only,706,83,306841,0.0,False,416.16796875,0.4734805226325989,0.0,416.16796875,4181.0146484375,0.0,0.0,0.0,-0.6124893426895142,True,nan,False,0.0009163712384179235,0.01,True,,0.001,0.001000000280328095,7.258192636072636e-05,416.16796875,4181.0146484375,379640.9375,0.00013197331281844527,443115456.0,174.81558227539062
npg_reward_only,706,84,308922,0.0,False,473.60174560546875,0.46471765637397766,0.0,473.60174560546875,5622.43359375,0.0,0.0,0.0,-0.5323274731636047,True,nan,False,0.0009280437952838838,0.01,True,,0.001,0.0010000001639127731,5.583359597949311e-05,473.60174560546875,5622.43359375,641562.3125,0.0002304645604453981,197948880.0,178.8907470703125
npg_reward_only,706,85,311154,0.0,False,341.20550537109375,0.4804973602294922,0.0,341.20550537109375,5122.771484375,0.0,0.0,0.0,-0.5638175010681152,True,nan,False,0.001106739160604775,0.01,True,,0.001,0.0009999999310821295,6.932178075658157e-05,341.20550537109375,5122.771484375,416188.9375,0.00020735443104058504,102245752.0,201.51657104492188
npg_reward_only,706,86,313232,0.0,False,491.1259765625,0.3889654278755188,0.0,491.1259765625,4888.44091796875,0.0,0.0,0.0,-0.05224045366048813,True,nan,False,0.0009473351528868079,0.01,True,,0.001,0.0010000001639127731,6.511058018077165e-05,491.1259765625,4888.44091796875,471766.21875,0.0002090287016471848,152727952.0,180.77700805664062
npg_reward_only,706,87,315475,0.0,False,474.693603515625,0.43874892592430115,0.0,474.693603515625,5637.16455078125,0.0,0.0,0.0,-0.594632089138031,True,nan,False,0.0009265737025998533,0.01,True,,0.001,0.0009999999310821295,5.13783234055154e-05,474.693603515625,5637.16455078125,757652.625,0.00026300689205527306,135887040.0,201.448486328125
npg_reward_only,706,88,317968,0.0,False,265.287841796875,0.538337767124176,0.0,265.287841796875,5343.60888671875,0.0,0.0,0.0,-0.2519371211528778,True,nan,False,0.001095681800507009,0.01,True,,0.001,0.0010000000474974513,6.607534305658191e-05,265.287841796875,5343.60888671875,458090.34375,0.00022629438899457455,150402384.0,217.27947998046875
npg_reward_only,706,89,319892,0.0,False,465.8232421875,0.5429322719573975,0.0,465.8232421875,4395.12744140625,0.0,0.0,0.0,-0.747049868106842,True,nan,False,0.0010377393336966634,0.01,True,,0.001,0.0009999999310821295,6.887177733005956e-05,465.8232421875,4395.12744140625,421645.4375,0.00021544055198319256,164393536.0,173.0985565185547
npg_reward_only,706,90,321901,0.0,False,250.92831420898438,0.5271963477134705,0.0,250.92831420898438,4960.89501953125,0.0,0.0,0.0,-0.6853638887405396,True,nan,False,0.0009943980257958174,0.01,True,,0.001,0.0010000001639127731,9.205800597555935e-05,250.92831420898438,4960.89501953125,235997.203125,0.0001595278299646452,211670832.0,177.62979125976562
npg_reward_only,706,91,323697,0.0,False,399.0030212402344,0.5030561685562134,0.0,399.0030212402344,4204.25048828125,0.0,0.0,0.0,-0.48914584517478943,True,nan,False,0.0010182178812101483,0.01,True,,0.001,0.001000000280328095,7.199192623374984e-05,399.0030212402344,4204.25048828125,385889.0,0.0002622002793941647,156874592.0,177.34864807128906
npg_reward_only,706,92,325506,0.0,False,203.15509033203125,0.6488223671913147,0.0,203.15509033203125,3395.084716796875,0.0,0.0,0.0,0.06075465306639671,True,nan,False,0.0009506698115728796,0.01,True,,0.001,0.0009999998146668077,0.00010295616084476933,203.15509033203125,3395.084716796875,188679.765625,0.0001270550856133923,379108352.0,173.70553588867188
npg_reward_only,706,93,327035,0.0,False,441.4188537597656,0.5711334943771362,0.0,441.4188537597656,5487.494140625,0.0,0.0,0.0,0.09460221976041794,True,nan,False,0.0009833842050284147,0.01,True,,0.001,0.0010000000474974513,5.3333267715061083e-05,441.4188537597656,5487.494140625,703126.75,0.0002966738538816571,159769616.0,182.3928680419922
npg_reward_only,706,94,328670,0.0,False,292.5477294921875,0.5990088582038879,0.0,292.5477294921875,3850.06640625,0.0,0.0,0.0,-0.4168705940246582,True,nan,False,0.0011233532568439841,0.01,True,,0.001,0.0009999998146668077,9.548122034175321e-05,292.5477294921875,3850.06640625,219378.5,0.00033576536225154996,127485456.0,173.54580688476562
npg_reward_only,706,95,330286,0.0,False,342.5796813964844,0.6309270858764648,0.0,342.5796813964844,5197.08837890625,0.0,0.0,0.0,0.44579893350601196,True,nan,False,0.0008433220791630447,0.01,True,,0.001,0.001000000280328095,6.246478733373806e-05,342.5796813964844,5197.08837890625,512577.46875,0.00017866698908619583,890685504.0,226.631591796875
npg_reward_only,706,96,331909,0.0,False,223.86134338378906,0.6581459045410156,0.0,223.86134338378906,3564.999755859375,0.0,0.0,0.0,-0.09546154737472534,True,nan,False,0.0008718392928130925,0.01,True,,0.001,0.0009999998146668077,0.00010373555414844304,223.86134338378906,3564.999755859375,185855.203125,0.00016648399468977004,135067472.0,204.34913635253906
npg_reward_only,706,97,333193,0.0,False,547.2577514648438,0.6006513237953186,0.0,547.2577514648438,3582.65185546875,0.0,0.0,0.0,-0.8304601311683655,True,nan,False,0.0010568143334239721,0.01,True,,0.001,0.0009999998146668077,7.620070391567424e-05,547.2577514648438,3582.65185546875,344438.75,0.0004266036266926676,9469122560.0,203.88031005859375
npg_reward_only,706,98,334578,0.0,False,254.0631866455078,0.6652056574821472,0.0,254.0631866455078,3963.37109375,0.0,0.0,0.0,0.3730250895023346,True,nan,False,0.0009115467546507716,0.01,True,,0.001,0.0010000000474974513,8.219155279221013e-05,254.0631866455078,3963.37109375,296057.21875,0.00033019910915754735,105500840.0,188.14834594726562
npg_reward_only,706,99,335937,0.0,False,284.1759948730469,0.6217215061187744,0.0,284.1759948730469,3734.495361328125,0.0,0.0,0.0,0.7026726603507996,True,nan,False,0.0012392402859404683,0.01,True,,0.001,0.0010000000474974513,0.00011140906281070784,284.1759948730469,3734.495361328125,161134.65625,0.00021022178407292813,111595544.0,182.89541625976562
npg_reward_only,706,100,337307,0.0,False,217.55154418945312,0.6515015959739685,0.0,217.55154418945312,4869.5966796875,0.0,0.0,0.0,0.0023320161271840334,True,nan,False,0.0009557376033626497,0.01,True,,0.001,0.001000000280328095,7.463256042683497e-05,217.55154418945312,4869.5966796875,359065.21875,0.0001590161700733006,245478256.0,193.55140686035156
npg_reward_only,706,101,339044,0.0,False,426.5545349121094,0.5770459175109863,0.0,426.5545349121094,3724.7900390625,0.0,0.0,0.0,-0.7641680240631104,True,nan,False,0.0010702017461881042,0.01,True,,0.001,0.0009999999310821295,8.170959335984662e-05,426.5545349121094,3724.7900390625,299560.0625,0.0001504099345766008,201149360.0,156.5174102783203
npg_reward_only,706,102,340468,0.0,False,375.2872619628906,0.6285288333892822,0.0,375.2872619628906,3032.869873046875,0.0,0.0,0.0,0.06955444812774658,True,nan,False,0.0010218826355412602,0.01,True,,0.001,0.0010000003967434168,0.0001013901419355534,375.2872619628906,3032.869873046875,194553.28125,0.00017040007514879107,386790368.0,183.3199920654297
npg_reward_only,706,103,341692,0.0,False,448.5467529296875,0.6597716808319092,0.0,448.5467529296875,3869.3642578125,0.0,0.0,0.0,-0.8144218325614929,True,nan,False,0.00108904333319515,0.01,True,,0.001,0.0010000001639127731,8.236742723966017e-05,448.5467529296875,3869.3642578125,294794.28125,0.0002480099501553923,774228416.0,154.06365966796875
npg_reward_only,706,104,343282,0.0,False,412.18255615234375,0.6180218458175659,0.0,412.18255615234375,3744.37353515625,0.0,0.0,0.0,-0.641936182975769,True,nan,False,0.0009284524712711573,0.01,True,,0.001,0.0009999999310821295,8.049103780649602e-05,412.18255615234375,3744.37353515625,308698.78125,0.0001754754630383104,152233616.0,191.43458557128906
npg_reward_only,706,105,344683,0.0,False,163.47557067871094,0.7211218476295471,0.0,163.47557067871094,3964.82373046875,0.0,0.0,0.0,-0.09927134960889816,True,nan,False,0.001140124280937016,0.01,True,,0.001,0.0010000000474974513,0.00011204709153389558,163.47557067871094,3964.82373046875,159304.796875,0.00016474422591272742,1328825088.0,181.2855682373047
npg_reward_only,706,106,346293,0.0,False,201.707763671875,0.7139652967453003,0.0,201.707763671875,3992.34912109375,0.0,0.0,0.0,-0.19848380982875824,True,nan,False,0.0011844751425087452,0.01,True,,0.001,0.0009999999310821295,8.915894431993365e-05,201.707763671875,3992.34912109375,251593.9375,0.00014060190005693585,194920144.0,186.50694274902344
npg_reward_only,706,107,347517,0.0,False,158.73837280273438,0.6899760961532593,0.0,158.73837280273438,3916.861083984375,0.0,0.0,0.0,-0.269669771194458,True,nan,False,0.001104355906136334,0.01,True,,0.001,0.0010000000474974513,0.0001012117209029384,158.73837280273438,3916.861083984375,195239.828125,0.00012795583461411297,1818624000.0,167.9626922607422
npg_reward_only,706,108,348773,0.0,False,232.86915588378906,0.698180615901947,0.0,232.86915588378906,3562.135498046875,0.0,0.0,0.0,-0.5300590395927429,True,nan,False,0.0011926598381251097,0.01,True,,0.001,0.0010000000474974513,0.0001041434079525061,232.86915588378906,3562.135498046875,184402.34375,0.00022031656408216804,647339648.0,170.6239776611328
npg_reward_only,706,109,350096,0.0,False,295.97247314453125,0.6457173824310303,0.0,295.97247314453125,2791.990966796875,0.0,0.0,0.0,-0.7176193594932556,True,nan,False,0.0010261951247230172,0.01,True,,0.001,0.0009999999310821295,0.00010794392437674105,295.97247314453125,2791.990966796875,171645.96875,0.0002347678819205612,333598144.0,153.77438354492188
npg_reward_only,706,110,351415,0.0,False,438.24627685546875,0.7384317517280579,0.0,438.24627685546875,3678.448486328125,0.0,0.0,0.0,-0.6128370761871338,True,nan,False,0.0012169490801170468,0.01,True,,0.001,0.0010000001639127731,7.61033152230084e-05,438.24627685546875,3678.448486328125,345320.875,0.0002841344103217125,106229448.0,167.28375244140625
npg_reward_only,706,111,352626,0.0,False,307.14056396484375,0.7472540140151978,0.0,307.14056396484375,3432.95751953125,0.0,0.0,0.0,-0.7660836577415466,True,nan,False,0.0012937890132889152,0.01,True,,0.001,0.0010000000474974513,0.00010289994679624215,307.14056396484375,3432.95751953125,188885.984375,0.00017478308291174471,200867584.0,173.07916259765625
npg_reward_only,706,112,353780,0.0,False,276.2806701660156,1.0482609272003174,0.0,276.2806701660156,3567.04541015625,0.0,0.0,0.0,0.1340583711862564,True,nan,False,0.0008895409991964698,0.01,True,,0.001,0.0009999998146668077,7.782995817251503e-05,276.2806701660156,3567.04541015625,330169.0625,0.0003462203312665224,440336960.0,187.91690063476562
npg_reward_only,706,113,355074,0.0,False,182.4418182373047,0.8315145373344421,0.0,182.4418182373047,3054.964599609375,0.0,0.0,0.0,-0.4169193208217621,True,nan,False,0.0009537001024000347,0.01,True,,0.001,0.0009999999310821295,0.0001231465139426291,182.4418182373047,3054.964599609375,131882.0625,0.000187782192369923,244610096.0,206.21041870117188
npg_reward_only,706,114,356305,0.0,False,312.03765869140625,0.7948048114776611,0.0,312.03765869140625,3221.54052734375,0.0,0.0,0.0,-0.17922231554985046,True,nan,False,0.0008798760827630758,0.01,True,,0.001,0.0010000001639127731,8.493806672049686e-05,312.03765869140625,3221.54052734375,277220.46875,0.0002409164881100878,155809616.0,181.67002868652344
npg_reward_only,706,115,357544,0.0,False,325.39678955078125,0.6974342465400696,0.0,325.39678955078125,4145.60400390625,0.0,0.0,0.0,0.08799482136964798,True,nan,False,0.0009662938537076116,0.01,True,,0.001,0.0010000001639127731,7.715311949141324e-05,325.39678955078125,4145.60400390625,335987.4375,0.0002458658127579838,892295360.0,186.13304138183594
npg_reward_only,706,116,358971,0.0,False,246.17298889160156,0.7634161114692688,0.0,246.17298889160156,3850.619140625,0.0,0.0,0.0,-0.6245765686035156,True,nan,False,0.001518957898952067,0.01,True,,0.001,0.0009999999310821295,8.286393131129444e-05,246.17298889160156,3850.619140625,291272.125,0.00016902490460779518,1709817600.0,167.0388946533203
npg_reward_only,706,117,360219,0.0,False,333.4572448730469,0.8056551218032837,0.0,333.4572448730469,2983.48583984375,0.0,0.0,0.0,-0.697719395160675,True,nan,False,0.0009518387960270047,0.01,True,,0.001,0.0010000001639127731,0.0001034663146128878,333.4572448730469,2983.48583984375,186823.75,0.00018395866209175438,151580256.0,219.95718383789062
npg_reward_only,706,118,361444,0.0,False,128.28147888183594,0.8917453289031982,0.0,128.28147888183594,2602.41943359375,0.0,0.0,0.0,-0.1481233686208725,True,nan,False,0.0016308589838445187,0.01,True,,0.001,0.0010000003967434168,0.000134119123686105,128.28147888183594,2602.41943359375,111185.625,0.0001424887595931068,143649184.0,187.93760681152344
npg_reward_only,706,119,362461,0.0,False,234.7404327392578,0.8945730924606323,0.0,234.7404327392578,3327.28564453125,0.0,0.0,0.0,-0.1722676157951355,True,nan,False,0.0009847175097092986,0.01,True,,0.001,0.0009999996982514858,9.743625560076907e-05,234.7404327392578,3327.28564453125,210663.265625,0.00017449117149226367,144848064.0,218.40928649902344
npg_reward_only,706,120,363555,0.0,False,214.7689208984375,0.904437243938446,0.0,214.7689208984375,2877.5986328125,0.0,0.0,0.0,-0.40986165404319763,True,nan,False,0.001072398736141622,0.01,True,,0.001,0.0010000001639127731,0.0001074990868801251,214.7689208984375,2877.5986328125,173069.484375,0.00012081936438335106,13891639296.0,194.842529296875
npg_reward_only,706,121,364500,0.0,False,292.17376708984375,0.8291993737220764,0.0,292.17376708984375,3404.509033203125,0.0,0.0,0.0,0.4445033073425293,True,nan,False,0.0008888934971764684,0.01,True,,0.001,0.0010000001639127731,8.461620745947585e-05,292.17376708984375,3404.509033203125,279333.4375,0.00016378685540985316,178266560.0,246.66493225097656
npg_reward_only,706,122,365712,0.0,False,296.2978210449219,0.8121723532676697,0.0,296.2978210449219,3055.504638671875,0.0,0.0,0.0,-0.42353376746177673,True,nan,False,0.0010715380776673555,0.01,True,,0.001,0.0010000001639127731,8.287974196719006e-05,296.2978210449219,3055.504638671875,291161.03125,0.00019987746782135218,93487320.0,221.54078674316406
npg_reward_only,706,123,366895,0.0,False,218.12423706054688,0.8369272947311401,0.0,218.12423706054688,3291.876953125,0.0,0.0,0.0,-0.19759242236614227,True,nan,False,0.000922884326428175,0.01,True,,0.001,0.0010000001639127731,0.00010267864854540676,218.12423706054688,3291.876953125,189701.046875,0.00019457937742117792,122922304.0,221.08262634277344
npg_reward_only,706,124,368031,0.0,False,313.6029968261719,0.8965811133384705,0.0,313.6029968261719,3202.746826171875,0.0,0.0,0.0,-0.5853977799415588,True,nan,False,0.0011244263732805848,0.01,True,,0.001,0.0009999999310821295,9.339649113826454e-05,313.6029968261719,3202.746826171875,229281.4375,0.00022562241065315902,124324944.0,221.50027465820312
npg_reward_only,706,125,369251,0.0,False,327.8175964355469,0.8928103446960449,0.0,327.8175964355469,2935.56591796875,0.0,0.0,0.0,0.33675241470336914,True,nan,False,0.001037550624459982,0.01,True,,0.001,0.0009999999310821295,9.996455628424883e-05,327.8175964355469,2935.56591796875,200141.84375,0.00018680875655263662,387368032.0,206.971435546875
npg_reward_only,706,126,370329,0.0,False,265.4663391113281,0.8217581510543823,0.0,265.4663391113281,3736.24072265625,0.0,0.0,0.0,-0.538300633430481,True,nan,False,0.001165270688943565,0.01,True,,0.001,0.0010000000474974513,9.284626867156476e-05,265.4663391113281,3736.24072265625,232007.015625,0.00026629443163983524,426587456.0,217.04273986816406
npg_reward_only,706,127,371476,0.0,False,248.79478454589844,0.946119487285614,0.0,248.79478454589844,3425.7939453125,0.0,0.0,0.0,-0.001720238826237619,True,nan,False,0.0013140951050445437,0.01,True,,0.001,0.0009999998146668077,9.396221139468253e-05,248.79478454589844,3425.7939453125,226528.875,0.0003761458210647106,108610048.0,210.85977172851562
npg_reward_only,706,128,372540,0.0,False,348.87884521484375,0.8801887035369873,0.0,348.87884521484375,3594.94384765625,0.0,0.0,0.0,-0.2920667827129364,True,nan,False,0.0009336184011772275,0.01,True,,0.001,0.0009999999310821295,7.80088230385445e-05,348.87884521484375,3594.94384765625,328656.75,0.0002658873563632369,152556672.0,208.93077087402344
npg_reward_only,706,129,373697,0.0,False,226.62008666992188,0.9314918518066406,0.0,226.62008666992188,3674.316650390625,0.0,0.0,0.0,-0.023219551891088486,True,nan,False,0.0013645733706653118,0.01,True,,0.001,0.0009999999310821295,0.00011055598588427529,226.62008666992188,3674.316650390625,163630.96875,0.00017293296696152538,244420464.0,222.39918518066406
npg_reward_only,706,130,374728,0.0,False,270.56085205078125,0.9014962911605835,0.0,270.56085205078125,3418.0556640625,0.0,0.0,0.0,-0.344536691904068,True,nan,False,0.0008659802842885256,0.01,True,,0.001,0.0010000000474974513,9.102735202759504e-05,270.56085205078125,3418.0556640625,241371.609375,0.00018150910909753293,1034857472.0,258.80816650390625
npg_reward_only,706,131,375926,0.0,False,160.89842224121094,0.9580649733543396,0.0,160.89842224121094,2942.83642578125,0.0,0.0,0.0,-0.05253751575946808,True,nan,False,0.0013598205987364054,0.01,True,,0.001,0.0009999998146668077,0.00014405093679670244,160.89842224121094,2942.83642578125,96382.4296875,0.00034710351610556245,314987040.0,179.83116149902344
npg_reward_only,706,132,377049,0.0,False,207.72718811035156,0.959280252456665,0.0,207.72718811035156,3307.81982421875,0.0,0.0,0.0,0.40155497193336487,True,nan,False,0.0011201774468645453,0.01,True,,0.001,0.001000000280328095,0.00010073529847431928,207.72718811035156,3307.81982421875,197090.9375,0.00019806619093287736,347978848.0,217.84100341796875
npg_reward_only,706,133,378161,0.0,False,280.6064147949219,0.9206262826919556,0.0,280.6064147949219,3014.89501953125,0.0,0.0,0.0,0.3235184848308563,True,nan,False,0.0010434831492602825,0.01,True,,0.001,0.0010000001639127731,9.563277126289904e-05,280.6064147949219,3014.89501953125,218683.78125,0.00011712811829056591,1249470592.0,224.33863830566406
npg_reward_only,706,134,379280,0.0,False,303.97845458984375,0.8632772564888,0.0,303.97845458984375,3633.91455078125,0.0,0.0,0.0,-0.2258804887533188,True,nan,False,0.001232738490216434,0.01,True,,0.001,0.0010000000474974513,9.19314261409454e-05,303.97845458984375,3633.91455078125,236647.5625,0.00017932147602550685,285850464.0,269.3569641113281
npg_reward_only,706,135,380362,0.0,False,311.4075012207031,0.8341616988182068,0.0,311.4075012207031,3804.9091796875,0.0,0.0,0.0,0.15408949553966522,True,nan,False,0.000911821611225605,0.01,True,,0.001,0.001000000280328095,8.431366586592048e-05,311.4075012207031,3804.9091796875,281341.6875,0.00027760217199102044,52956068.0,219.8023681640625
npg_reward_only,706,136,381640,0.0,False,308.97601318359375,0.7871763706207275,0.0,308.97601318359375,4016.915771484375,0.0,0.0,0.0,-0.44075220823287964,True,nan,False,0.0010677567915990949,0.01,True,,0.001,0.0010000003967434168,8.194012480089441e-05,308.97601318359375,4016.915771484375,297876.875,0.00018320238450542092,1046940928.0,249.50889587402344
npg_reward_only,706,137,382991,0.0,False,270.435546875,0.9145883321762085,0.0,270.435546875,3085.00244140625,0.0,0.0,0.0,-0.019425267353653908,True,nan,False,0.0015246054390445352,0.01,True,,0.001,0.0009999999310821295,9.824540029512718e-05,270.435546875,3085.00244140625,207207.5625,0.00013980780204292387,440542208.0,289.1582336425781
npg_reward_only,706,138,384171,0.0,False,398.1993713378906,0.9732810854911804,0.0,398.1993713378906,3514.677490234375,0.0,0.0,0.0,-0.28000307083129883,True,nan,False,0.0012551979161798954,0.01,True,,0.001,0.0009999999310821295,8.430953312199563e-05,398.1993713378906,3514.677490234375,281369.25,0.00025420592282898724,128785376.0,252.3056640625
npg_reward_only,706,139,385462,0.0,False,289.65966796875,0.8601824045181274,0.0,289.65966796875,3371.693115234375,0.0,0.0,0.0,-0.36159172654151917,True,nan,False,0.0013394244015216827,0.01,True,,0.001,0.0009999996982514858,0.00010579632362350821,289.65966796875,3371.693115234375,178685.3125,0.00018863898003473878,315586016.0,244.9214324951172
npg_reward_only,706,140,386645,0.0,False,460.20166015625,1.0031702518463135,0.0,460.20166015625,3129.552734375,0.0,0.0,0.0,-0.20123954117298126,True,nan,False,0.0009529084200039506,0.01,True,,0.001,0.0009999999310821295,8.157490083249286e-05,460.20166015625,3129.552734375,300550.09375,0.00030877371318638325,2318302208.0,266.2611083984375
npg_reward_only,706,141,387726,0.0,False,350.55389404296875,1.0181431770324707,0.0,350.55389404296875,3318.794677734375,0.0,0.0,0.0,-0.13057951629161835,True,nan,False,0.0012382117565721273,0.01,True,,0.001,0.0010000001639127731,9.025230974657461e-05,350.55389404296875,3318.794677734375,245534.96875,0.0001981310488190502,1582799616.0,303.5791931152344
npg_reward_only,706,142,388862,0.0,False,290.2154846191406,1.0837305784225464,0.0,290.2154846191406,3832.7802734375,0.0,0.0,0.0,-0.1631270945072174,True,nan,False,0.001028690137900412,0.01,True,,0.001,0.0009999999310821295,7.768355862936005e-05,290.2154846191406,3832.7802734375,331414.6875,0.0003521297767292708,1812722816.0,281.9354248046875
npg_reward_only,706,143,389981,0.0,False,328.1568908691406,1.0913350582122803,0.0,328.1568908691406,4515.24609375,0.0,0.0,0.0,-0.4452396631240845,True,nan,False,0.00112540228292346,0.01,True,,0.001,0.0010000003967434168,6.887086055940017e-05,328.1568908691406,4515.24609375,421656.6875,0.00031470609246753156,713997504.0,274.9333801269531
npg_reward_only,706,144,391210,0.0,False,284.9215087890625,1.1401768922805786,0.0,284.9215087890625,3172.59814453125,0.0,0.0,0.0,-0.3869127035140991,True,nan,False,0.001037513604387641,0.01,True,,0.001,0.0010000001639127731,9.959117596736178e-05,284.9215087890625,3172.59814453125,201645.375,0.00024004673468880355,796772416.0,288.5032958984375
npg_reward_only,706,145,392275,0.0,False,195.0079345703125,1.2132338285446167,0.0,195.0079345703125,2817.880615234375,0.0,0.0,0.0,0.15239489078521729,True,nan,False,0.0013429936952888966,0.01,True,,0.001,0.0010000001639127731,0.00011620126315392554,195.0079345703125,2817.880615234375,148118.171875,0.0002470322360750288,942870656.0,332.6223449707031
npg_reward_only,706,146,393340,0.0,False,349.2204284667969,1.2695297002792358,0.0,349.2204284667969,3278.865478515625,0.0,0.0,0.0,-0.30166223645210266,True,nan,False,0.0009587120148353279,0.01,True,,0.001,0.001000000280328095,8.12149592093192e-05,349.2204284667969,3278.865478515625,303220.09375,0.000194761116290465,133298864.0,253.86549377441406
npg_reward_only,706,147,394498,0.0,False,246.8332061767578,1.2126188278198242,0.0,246.8332061767578,2346.618408203125,0.0,0.0,0.0,0.1208350732922554,True,nan,False,0.0009905042825266719,0.01,True,,0.001,0.0010000000474974513,0.0001254462986253202,246.8332061767578,2346.618408203125,127090.84375,0.00020920579845551401,1732980096.0,326.72845458984375
npg_reward_only,706,148,395437,0.0,False,232.76852416992188,1.3173776865005493,0.0,232.76852416992188,2687.5478515625,0.0,0.0,0.0,0.22316262125968933,True,nan,False,0.0011365595273673534,0.01,True,,0.001,0.001000000862404704,0.00010046886745840311,232.76852416992188,2687.5478515625,198137.65625,0.0001972107420442626,876109376.0,295.6526794433594
npg_reward_only,706,149,396417,0.0,False,311.2421569824219,1.163372278213501,0.0,311.2421569824219,3599.45361328125,0.0,0.0,0.0,0.03279337286949158,True,nan,False,0.0010483362711966038,0.01,True,,0.001,0.0009999999310821295,8.532122592441738e-05,311.2421569824219,3599.45361328125,274736.1875,0.0002749746199697256,5655370240.0,340.46905517578125
npg_reward_only,706,150,397583,0.0,False,325.17340087890625,1.2054648399353027,0.0,325.17340087890625,2936.9609375,0.0,0.0,0.0,0.019190505146980286,True,nan,False,0.0011372221633791924,0.01,True,,0.001,0.0009999999310821295,9.889397188089788e-05,325.17340087890625,2936.9609375,204498.609375,0.0003443885943852365,245432752.0,311.1570739746094
npg_reward_only,706,151,398768,0.0,False,411.5665283203125,1.0402812957763672,0.0,411.5665283203125,3471.509765625,0.0,0.0,0.0,-0.23390333354473114,True,nan,False,0.0011414681794121861,0.01,True,,0.001,0.0010000003967434168,7.234051008708775e-05,411.5665283203125,3471.509765625,382179.09375,0.0002381366939516738,4324097024.0,314.5190124511719
npg_reward_only,706,152,399979,0.0,False,405.7187805175781,1.0582472085952759,0.0,405.7187805175781,3516.446044921875,0.0,0.0,0.0,-0.4987014830112457,True,nan,False,0.0012770893517881632,0.01,True,,0.001,0.0010000000474974513,7.407378143398091e-05,405.7187805175781,3516.446044921875,364502.875,0.00031154759926721454,2180507904.0,314.8524475097656
npg_reward_only,706,153,401087,0.0,False,275.5769348144531,1.2030606269836426,0.0,275.5769348144531,2720.78076171875,0.0,0.0,0.0,0.1416086107492447,True,nan,False,0.0011984673328697681,0.01,True,,0.001,0.0009999999310821295,0.00010670156916603446,275.5769348144531,2720.78076171875,175666.28125,0.0001683304872130975,471610848.0,322.0395202636719
npg_reward_only,706,154,402056,0.0,False,489.1611022949219,1.05703604221344,0.0,489.1611022949219,2880.218505859375,0.0,0.0,0.0,-0.34138190746307373,True,nan,False,0.0013280047569423914,0.01,True,,0.001,0.0010000000474974513,8.009186421986669e-05,489.1611022949219,2880.218505859375,311783.5625,0.0001941640512086451,607167680.0,306.3006286621094
npg_reward_only,706,155,403133,0.0,False,265.53533935546875,1.221161961555481,0.0,265.53533935546875,3181.7021484375,0.0,0.0,0.0,-0.4754083752632141,True,nan,False,0.0016077097970992327,0.01,True,,0.001,0.0010000006295740604,0.00010273162479279563,265.53533935546875,3181.7021484375,189505.453125,0.0002574820246081799,423863296.0,301.3957214355469
npg_reward_only,706,156,404114,0.0,False,435.7196960449219,1.2282519340515137,0.0,435.7196960449219,3700.23095703125,0.0,0.0,0.0,-0.7198569774627686,True,nan,False,0.0020600147545337677,0.01,True,,0.001,0.0009999999310821295,8.149704081006348e-05,435.7196960449219,3700.23095703125,301124.6875,0.0010115603217855096,342516416.0,287.69921875
npg_reward_only,706,157,405165,0.0,False,197.0426483154297,1.3157422542572021,0.0,197.0426483154297,2590.572021484375,0.0,0.0,0.0,-0.192764014005661,True,nan,False,0.001142258057370782,0.01,True,,0.001,0.0009999999310821295,0.00012044663162669167,197.0426483154297,2590.572021484375,137860.765625,0.00014641019515693188,1360100992.0,308.55584716796875
npg_reward_only,706,158,406156,0.0,False,241.26058959960938,1.4373723268508911,0.0,241.26058959960938,2968.01611328125,0.0,0.0,0.0,-0.06166518107056618,True,nan,False,0.001398736727423966,0.01,True,,0.001,0.0009999999310821295,0.00012204916129121557,241.26058959960938,2968.01611328125,134264.265625,0.00032314498093910515,2882366720.0,396.7813415527344
npg_reward_only,706,159,407194,0.0,False,228.3817596435547,1.3065581321716309,0.0,228.3817596435547,2745.863525390625,0.0,0.0,0.0,0.16831596195697784,True,nan,False,0.001095877611078322,0.01,True,,0.001,0.0010000001639127731,9.657984628574923e-05,228.3817596435547,2745.863525390625,214415.90625,0.00019462470663711429,3084883456.0,319.9156494140625
npg_reward_only,706,160,408162,0.0,False,159.74847412109375,1.3922595977783203,0.0,159.74847412109375,2715.84423828125,0.0,0.0,0.0,-0.07381930202245712,True,nan,False,0.0013590200105682015,0.01,True,,0.001,0.0009999998146668077,0.00012086819333489984,159.74847412109375,2715.84423828125,136900.78125,0.00022300262935459614,607755328.0,311.7074890136719
npg_reward_only,706,161,409106,0.0,False,374.2727355957031,1.3298839330673218,0.0,374.2727355957031,3492.373779296875,0.0,0.0,0.0,-0.325793594121933,True,nan,False,0.0014604071620851755,0.01,True,,0.001,0.001000000280328095,8.468546730000526e-05,374.2727355957031,3492.373779296875,278876.71875,0.0003318357630632818,178120352.0,325.6832275390625
npg_reward_only,706,162,410201,0.0,False,197.8411407470703,1.4707831144332886,0.0,197.8411407470703,2843.064208984375,0.0,0.0,0.0,-0.19627836346626282,True,nan,False,0.0015273101162165403,0.01,True,,0.001,0.0009999994654208422,0.00011916469520656392,197.8411407470703,2843.064208984375,140842.84375,0.00025655661011114717,806462400.0,393.28057861328125
npg_reward_only,706,163,411165,0.0,False,188.18690490722656,1.4797706604003906,0.0,188.18690490722656,3192.471435546875,0.0,0.0,0.0,0.15752017498016357,True,nan,False,0.001555145368911326,0.01,True,,0.001,0.0009999999310821295,0.00010298275446984917,188.18690490722656,3192.471435546875,188582.328125,0.0002997767005581409,1927646720.0,404.3478698730469
npg_reward_only,706,164,412163,0.0,False,360.6136779785156,1.5216628313064575,0.0,360.6136779785156,2756.408447265625,0.0,0.0,0.0,-0.3086402118206024,True,nan,False,0.0014113469514995813,0.01,True,,0.001,0.0009999999310821295,9.606916864868253e-05,360.6136779785156,2756.408447265625,216701.5,0.00021488021593540907,203674384.0,367.58038330078125
npg_reward_only,706,165,413135,0.0,False,244.82247924804688,1.5048917531967163,0.0,244.82247924804688,2721.611328125,0.0,0.0,0.0,-0.24282792210578918,True,nan,False,0.001032389933243394,0.01,True,,0.001,0.0009999999310821295,9.894442337099463e-05,244.82247924804688,2721.611328125,204290.125,0.0002625168417580426,309919104.0,384.6322326660156
npg_reward_only,706,166,414142,0.0,False,264.7294006347656,1.6569011211395264,0.0,264.7294006347656,2387.302734375,0.0,0.0,0.0,0.384814977645874,True,nan,False,0.0014295884175226092,0.01,True,,0.001,0.0009999999310821295,0.00012254726607352495,264.7294006347656,2387.302734375,133175.015625,0.00020331416453700513,1763525760.0,487.5139465332031
npg_reward_only,706,167,415064,0.0,False,165.23849487304688,1.6436553001403809,0.0,165.23849487304688,2979.364013671875,0.0,0.0,0.0,0.07462697476148605,True,nan,False,0.001382542890496552,0.01,True,,0.001,0.0010000001639127731,0.00012106365466024727,165.23849487304688,2979.364013671875,136459.09375,0.0004118493525311351,659659840.0,330.51300048828125
npg_reward_only,706,168,415971,0.0,False,700.9215698242188,1.7247849702835083,0.0,700.9215698242188,2928.714111328125,0.0,0.0,0.0,0.4631066620349884,True,nan,False,0.0008574220701120794,0.01,True,,0.001,0.0010000001639127731,7.827346416888759e-05,700.9215698242188,2928.714111328125,326438.1875,0.0011163601884618402,1151022720.0,656.2968139648438
npg_reward_only,706,169,417060,0.0,False,359.1531066894531,1.8341689109802246,0.0,359.1531066894531,3038.037109375,0.0,0.0,0.0,-0.03450741991400719,True,nan,False,0.0011531825875863433,0.01,True,,0.001,0.0009999998146668077,9.186383249470964e-05,359.1531066894531,3038.037109375,236995.921875,0.00042420034878887236,1369013120.0,367.3304748535156
npg_reward_only,706,170,418047,0.0,False,371.64251708984375,1.517183542251587,0.0,371.64251708984375,3212.72900390625,0.0,0.0,0.0,-0.6362359523773193,True,nan,False,0.0012733356561511755,0.01,True,,0.001,0.0010000006295740604,9.979475726140663e-05,371.64251708984375,3212.72900390625,200823.515625,0.0004144069389440119,355519264.0,432.02886962890625
npg_reward_only,706,171,419060,0.0,False,181.8451385498047,1.7599831819534302,0.0,181.8451385498047,2265.332275390625,0.0,0.0,0.0,0.14266419410705566,True,nan,False,0.0013205140130594373,0.01,True,,0.001,0.0010000001639127731,0.00012513382534962147,181.8451385498047,2265.332275390625,127726.359375,0.00018715861369855702,2206910208.0,419.9295959472656
npg_reward_only,706,172,420022,0.0,False,493.7303771972656,1.6168550252914429,0.0,493.7303771972656,3127.667724609375,0.0,0.0,0.0,-0.5309711694717407,True,nan,False,0.0012300772359594703,0.01,True,,0.001,0.0010000000474974513,7.059134804876521e-05,493.7303771972656,3127.667724609375,401353.5,0.00037118603358976543,1120402688.0,376.1448974609375
npg_reward_only,706,173,421263,0.0,False,286.1155090332031,1.7435986995697021,0.0,286.1155090332031,3459.576171875,0.0,0.0,0.0,-0.13478708267211914,True,nan,False,0.0017634585965424776,0.01,True,,0.001,0.0010000000474974513,8.533593791071326e-05,286.1155090332031,3459.576171875,274641.46875,0.0007615790818817914,1064339648.0,414.3471374511719
npg_reward_only,706,174,422262,0.0,False,331.38836669921875,1.7036924362182617,0.0,331.38836669921875,2775.698486328125,0.0,0.0,0.0,0.33578136563301086,True,nan,False,0.001866401289589703,0.01,True,,0.001,0.0010000001639127731,9.77930030785501e-05,331.38836669921875,2775.698486328125,209129.078125,0.00022896814334671944,481744448.0,380.1800537109375
npg_reward_only,706,175,423335,0.0,False,435.6868591308594,2.088535785675049,0.0,435.6868591308594,3074.983154296875,0.0,0.0,0.0,-0.3569197952747345,True,nan,False,0.0011733138235285878,0.01,True,,0.001,0.0010000000474974513,8.135044481605291e-05,435.6868591308594,3074.983154296875,302210.9375,0.0006048004142940044,13436390400.0,834.3396606445312
npg_reward_only,706,176,424402,0.0,False,269.9085693359375,1.700754165649414,0.0,269.9085693359375,4470.4248046875,0.0,0.0,0.0,-0.09650346636772156,True,nan,False,0.001419627689756453,0.01,True,,0.001,0.0010000000474974513,7.909785927040502e-05,269.9085693359375,4470.4248046875,319669.0,0.00030937339761294425,1455817984.0,340.553466796875
npg_reward_only,706,177,425707,0.0,False,271.3567810058594,1.7537994384765625,0.0,271.3567810058594,2533.659423828125,0.0,0.0,0.0,0.22628788650035858,True,nan,False,0.0016398833831772208,0.01,True,,0.001,0.001000000862404704,0.00010726077016443014,271.3567810058594,2533.659423828125,173839.390625,0.0002826516283676028,2196995584.0,453.7865295410156
npg_reward_only,706,178,426682,0.0,False,487.52740478515625,1.9139496088027954,0.0,487.52740478515625,2449.98974609375,0.0,0.0,0.0,-0.5273547172546387,True,nan,False,0.0011865750420838594,0.01,True,,0.001,0.0009999994654208422,0.0001145219212048687,487.52740478515625,2449.98974609375,152494.0,0.00039883641875348985,1495401856.0,520.1246948242188
npg_reward_only,706,179,427679,0.0,False,423.0238952636719,1.7280101776123047,0.0,423.0238952636719,2472.478515625,0.0,0.0,0.0,-0.4433321952819824,True,nan,False,0.0011619566939771175,0.01,True,,0.001,0.0009999999310821295,9.342029079562053e-05,423.0238952636719,2472.478515625,229164.625,0.0005899987299926579,1926369536.0,503.8429870605469
npg_reward_only,706,180,428708,0.0,False,557.7061157226562,1.8688760995864868,0.0,557.7061157226562,3260.015869140625,0.0,0.0,0.0,0.12440889328718185,True,nan,False,0.0012287384597584605,0.01,True,,0.001,0.0009999999310821295,7.089004066074267e-05,557.7061157226562,3260.015869140625,397978.40625,0.0004258959670551121,564178368.0,592.6712646484375
npg_reward_only,706,181,429841,0.0,False,652.3268432617188,2.4305613040924072,0.0,652.3268432617188,2772.17333984375,0.0,0.0,0.0,-0.7494201064109802,True,nan,False,0.0012889779172837734,0.01,True,,0.001,0.0009999999310821295,7.813597039785236e-05,652.3268432617188,2772.17333984375,327588.0,0.0012039442081004381,10675589120.0,2475.978271484375
npg_reward_only,706,182,430897,0.0,False,432.15869140625,1.834766149520874,0.0,432.15869140625,2574.439208984375,0.0,0.0,0.0,0.32900136709213257,True,nan,False,0.0013578934594988823,0.01,True,,0.001,0.0009999996982514858,0.00010276858665747568,432.15869140625,2574.439208984375,189369.171875,0.0003570441040210426,729183808.0,487.05767822265625
npg_reward_only,706,183,431832,0.0,False,281.6194152832031,1.7215681076049805,0.0,281.6194152832031,2406.00634765625,0.0,0.0,0.0,-0.44624724984169006,True,nan,False,0.0013039533514529467,0.01,True,,0.001,0.0009999998146668077,0.00012214374146424234,281.6194152832031,2406.00634765625,134056.390625,0.00047814141726121306,185212672.0,446.8634033203125
npg_reward_only,706,184,432860,0.0,False,582.6631469726562,1.709951639175415,0.0,582.6631469726562,3653.64306640625,0.0,0.0,0.0,-0.5770314931869507,True,nan,False,0.0018873047083616257,0.01,True,,0.001,0.0009999994654208422,7.120346708688885e-05,582.6631469726562,3653.64306640625,394482.53125,0.00038063470856286585,578228288.0,410.5791931152344
npg_reward_only,706,185,434026,0.0,False,320.6331481933594,1.7761294841766357,0.0,320.6331481933594,2535.909423828125,0.0,0.0,0.0,0.005481369327753782,True,nan,False,0.0014285552315413952,0.01,True,,0.001,0.0009999992325901985,0.00010558293433859944,320.6331481933594,2535.909423828125,179408.3125,0.00036467640893533826,822087552.0,484.0216979980469
npg_reward_only,706,186,434976,0.0,False,296.8691711425781,1.8798518180847168,0.0,296.8691711425781,2085.721923828125,0.0,0.0,0.0,0.35550162196159363,True,nan,False,0.0010357119608670473,0.01,True,,0.001,0.0010000001639127731,0.0001238203840330243,296.8691711425781,2085.721923828125,130450.5,0.00023559418332297355,12135713792.0,484.97137451171875
npg_reward_only,706,187,435915,0.0,False,444.731689453125,1.9558285474777222,0.0,444.731689453125,2249.92626953125,0.0,0.0,0.0,-0.28252068161964417,True,nan,False,0.001361607457511127,0.01,True,,0.001,0.0010000005131587386,0.00010153997573070228,444.731689453125,2249.92626953125,193979.53125,0.0004220111295580864,1676613632.0,608.7308349609375
npg_reward_only,706,188,436835,0.0,False,406.3896179199219,1.8929842710494995,0.0,406.3896179199219,2297.38916015625,0.0,0.0,0.0,-0.048608049750328064,True,nan,False,0.0015189090045168996,0.01,True,,0.001,0.0010000003967434168,0.00010459784971317276,406.3896179199219,2297.38916015625,182803.5,0.000349993264535442,720940480.0,510.8631896972656
npg_reward_only,706,189,437713,0.0,False,274.482666015625,1.75910484790802,0.0,274.482666015625,2217.728271484375,0.0,0.0,0.0,0.4148290753364563,True,nan,False,0.0013399914605543017,0.01,True,,0.001,0.0009999999310821295,0.00011388951679691672,274.482666015625,2217.728271484375,154192.234375,0.00026949815219268203,913004736.0,574.2022705078125
npg_reward_only,706,190,438667,0.0,False,430.7496337890625,1.8584450483322144,0.0,430.7496337890625,1876.643310546875,0.0,0.0,0.0,-0.5836079120635986,True,nan,False,0.0010515761096030474,0.01,True,,0.001,0.0010000006295740604,0.00011871581227751449,430.7496337890625,1876.643310546875,141909.953125,0.0003682802780531347,1707455744.0,739.663818359375
npg_reward_only,706,191,439618,0.0,False,378.12347412109375,1.6299692392349243,0.0,378.12347412109375,2510.595458984375,0.0,0.0,0.0,0.11432306468486786,True,nan,False,0.0011721710907295346,0.01,True,,0.001,0.0010000003967434168,0.00010677619138732553,378.12347412109375,2510.595458984375,175420.828125,0.00034133667941205204,7699053568.0,553.9551391601562
npg_reward_only,706,192,440575,0.0,False,300.4669189453125,1.886288046836853,0.0,300.4669189453125,1942.657470703125,0.0,0.0,0.0,0.0073789325542747974,True,nan,False,0.0019937888719141483,0.01,True,,0.001,0.0009999999310821295,0.00012568100646603853,300.4669189453125,1942.657470703125,126616.625,0.00042277792817912996,3965898752.0,441.7497863769531
npg_reward_only,706,193,441441,0.0,False,372.3970947265625,1.800000548362732,0.0,372.3970947265625,2270.184326171875,0.0,0.0,0.0,-0.21477118134498596,True,nan,False,0.0018873823573812842,0.01,True,,0.001,0.0010000001639127731,0.00014240074960980564,372.3970947265625,2270.184326171875,98629.1796875,0.000231580575928092,1156263680.0,497.37994384765625
npg_reward_only,706,194,442360,0.0,False,209.43960571289062,1.7734910249710083,0.0,209.43960571289062,1877.148681640625,0.0,0.0,0.0,-0.2563956081867218,True,nan,False,0.0012301021488383412,0.01,True,,0.001,0.0010000001639127731,0.0001843609643401578,209.43960571289062,1877.148681640625,58842.6328125,0.00021624984219670296,1010201152.0,489.717041015625
npg_reward_only,706,195,443283,0.0,False,177.25753784179688,1.7171927690505981,0.0,177.25753784179688,2589.038330078125,0.0,0.0,0.0,0.21415312588214874,True,nan,False,0.0016882502241060138,0.01,True,,0.001,0.0009999999310821295,0.00013175321510061622,177.25753784179688,2589.038330078125,115214.609375,0.00028088176622986794,509826208.0,526.2916870117188
npg_reward_only,706,196,444241,0.0,False,1066.2705078125,2.1546382904052734,0.0,1066.2705078125,3626.13330078125,0.0,0.0,0.0,-0.6868821382522583,True,nan,False,0.0011107735335826874,0.01,True,,0.001,0.0010000003967434168,5.701793634216301e-05,1066.2705078125,3626.13330078125,615186.8125,0.0011196692939847708,20165945344.0,5428.53076171875
npg_reward_only,706,197,445485,0.0,False,216.1617431640625,1.8756349086761475,0.0,216.1617431640625,2136.232666015625,0.0,0.0,0.0,0.021203264594078064,True,nan,False,0.0018836758099496365,0.01,True,,0.001,0.0009999999310821295,0.00013179318921174854,216.1617431640625,2136.232666015625,115144.734375,0.00039166578790172935,818808704.0,508.14361572265625
npg_reward_only,706,198,446279,0.0,False,482.6262512207031,1.9452786445617676,0.0,482.6262512207031,1653.60107421875,0.0,0.0,0.0,-0.022673601284623146,True,nan,False,0.0010416506556794047,0.01,True,,0.001,0.0010000001639127731,0.00011026497668353841,482.6262512207031,1653.60107421875,164495.8125,0.00039359115180559456,2818733568.0,542.2623291015625
npg_reward_only,706,199,447142,0.0,False,322.68377685546875,1.9457677602767944,0.0,322.68377685546875,2171.70458984375,0.0,0.0,0.0,0.16209107637405396,True,nan,False,0.0019799487199634314,0.01,True,,0.001,0.0009999999310821295,0.0001205570952151902,322.68377685546875,2171.70458984375,137608.25,0.00035797193413600326,1003021824.0,524.648193359375
npg_reward_only,706,200,448095,0.0,False,327.3423156738281,1.5050880908966064,0.0,327.3423156738281,2984.343994140625,0.0,0.0,0.0,-0.3823460340499878,True,nan,False,0.001458896673284471,0.01,True,,0.001,0.0010000000474974513,9.561468323227018e-05,327.3423156738281,2984.343994140625,218766.53125,0.00038515729829669,3597104384.0,616.104736328125
npg_reward_only,706,201,449252,0.0,False,370.6385192871094,1.6874502897262573,0.0,370.6385192871094,2085.61279296875,0.0,0.0,0.0,0.024070682004094124,True,nan,False,0.0014930544421076775,0.01,True,,0.001,0.001000000280328095,0.0001230209891218692,370.6385192871094,2085.61279296875,132151.34375,0.00019222834089305252,457163520.0,486.4490661621094
npg_reward_only,706,202,450214,0.0,False,353.87664794921875,1.6867669820785522,0.0,353.87664794921875,2037.3863525390625,0.0,0.0,0.0,-0.3278585374355316,True,nan,False,0.0013542594388127327,0.01,True,,0.001,0.0009999998146668077,0.00011984241427853703,353.87664794921875,2037.3863525390625,139254.390625,0.0002833405742421746,21002555392.0,482.9278259277344
npg_reward_only,706,203,451289,0.0,False,268.28021240234375,1.9996899366378784,0.0,268.28021240234375,2255.638671875,0.0,0.0,0.0,-0.0689728781580925,True,nan,False,0.0016765105538070202,0.01,True,,0.001,0.0009999998146668077,0.00013662263518199325,268.28021240234375,2255.638671875,107148.140625,0.00024523583124391735,1569302912.0,516.1436157226562
npg_reward_only,706,204,452238,0.0,False,288.3644104003906,2.0642597675323486,0.0,288.3644104003906,1651.502685546875,0.0,0.0,0.0,0.21252620220184326,True,nan,False,0.0013198391534388065,0.01,True,,0.001,0.0009999999310821295,0.0001637148525333032,288.3644104003906,1651.502685546875,74619.765625,0.00023275440616998821,1928737152.0,598.9336547851562
npg_reward_only,706,205,453096,0.0,False,454.0364685058594,2.14689040184021,0.0,454.0364685058594,1392.5648193359375,0.0,0.0,0.0,-0.12484946846961975,True,nan,False,0.0013408460654318333,0.01,True,,0.001,0.001000000280328095,0.00013501789362635463,454.0364685058594,1392.5648193359375,109710.2890625,0.00043361514690332115,365303872.0,562.4937744140625
npg_reward_only,706,206,453941,0.0,False,476.143798828125,2.1251723766326904,0.0,476.143798828125,1942.6136474609375,0.0,0.0,0.0,-0.2509346008300781,True,nan,False,0.001282126409932971,0.01,True,,0.001,0.0010000001639127731,0.00011304314102744684,476.143798828125,1942.6136474609375,156509.8125,0.0010172032052651048,2340386560.0,1335.2191162109375
npg_reward_only,706,207,454919,0.0,False,574.9247436523438,1.9204241037368774,0.0,574.9247436523438,2146.718994140625,0.0,0.0,0.0,0.09241221845149994,True,nan,False,0.0012623557122424245,0.01,True,,0.001,0.0010000005131587386,9.229970601154491e-05,574.9247436523438,2146.718994140625,234762.875,0.0006394389783963561,1031548864.0,1067.6468505859375
npg_reward_only,706,208,455982,0.0,False,395.4033508300781,1.9795434474945068,0.0,395.4033508300781,2206.80078125,0.0,0.0,0.0,-0.5214741826057434,True,nan,False,0.0009612496942281723,0.01,True,,0.001,0.0010000000474974513,9.990546823246405e-05,395.4033508300781,2206.80078125,200378.6875,0.0006109683890827,2345478400.0,700.307373046875
npg_reward_only,706,209,456907,0.0,False,290.2942199707031,2.293921947479248,0.0,290.2942199707031,2230.97021484375,0.0,0.0,0.0,0.29077932238578796,True,nan,False,0.0013377710711210966,0.01,True,,0.001,0.0010000001639127731,0.00010979766375385225,290.2942199707031,2230.97021484375,165899.015625,0.0003809607296716422,7797500416.0,788.8919067382812
npg_reward_only,706,210,457821,0.0,False,353.4993896484375,2.076603889465332,0.0,353.4993896484375,2461.189453125,0.0,0.0,0.0,0.37142547965049744,True,nan,False,0.0012878202833235264,0.01,True,,0.001,0.0009999994654208422,9.057595889316872e-05,353.4993896484375,2461.189453125,243783.40625,0.0005672905244864523,1075639168.0,607.90673828125
npg_reward_only,706,211,458817,0.0,False,463.5596008300781,2.365708589553833,0.0,463.5596008300781,1890.2548828125,0.0,0.0,0.0,-0.5269599556922913,True,nan,False,0.0012322363909333944,0.01,True,,0.001,0.0009999999310821295,0.00011403896496631205,463.5596008300781,1890.2548828125,153788.375,0.0018942258320748806,1009902528.0,600.6299438476562
npg_reward_only,706,212,459686,0.0,False,452.2822570800781,2.1246325969696045,0.0,452.2822570800781,1898.8087158203125,0.0,0.0,0.0,-0.44783252477645874,True,nan,False,0.0010002271737903357,0.01,True,,0.001,0.0009999999310821295,0.00012426587636582553,452.2822570800781,1898.8087158203125,129516.8515625,0.0004697988333646208,1400696576.0,775.7715454101562
npg_reward_only,706,213,460632,0.0,False,276.7978515625,2.1935312747955322,0.0,276.7978515625,2624.871826171875,0.0,0.0,0.0,-0.2089824378490448,True,nan,False,0.0017923472914844751,0.01,True,,0.001,0.0009999996982514858,0.00012399627303238958,276.7978515625,2624.871826171875,130080.6640625,0.00028128395206294954,27970799616.0,612.7986450195312
npg_reward_only,706,214,461715,0.0,False,288.22589111328125,2.2225379943847656,0.0,288.22589111328125,2067.694091796875,0.0,0.0,0.0,-0.4045943319797516,True,nan,False,0.0014525476144626737,0.01,True,,0.001,0.000999999581836164,0.00013887512614019215,288.22589111328125,2067.694091796875,103700.5546875,0.0002579512365628034,1561242240.0,575.6672973632812
npg_reward_only,706,215,462591,0.0,False,507.51458740234375,2.332284927368164,0.0,507.51458740234375,1907.7803955078125,0.0,0.0,0.0,0.09802579879760742,True,nan,False,0.0012124960776418447,0.01,True,,0.001,0.0010000001639127731,0.00012338615488260984,507.51458740234375,1907.7803955078125,131370.28125,0.0005167542258277535,4373623296.0,1243.4874267578125
npg_reward_only,706,216,463501,0.0,False,374.68359375,2.296191453933716,0.0,374.68359375,1955.4429931640625,0.0,0.0,0.0,-0.6405531167984009,True,nan,False,0.0016248282045125961,0.01,True,,0.001,0.0009999996982514858,0.0001282876473851502,374.68359375,1955.4429931640625,121523.5,0.0004899961641058326,1334579456.0,841.8153076171875
npg_reward_only,706,217,464460,0.0,False,317.0433349609375,2.122755289077759,0.0,317.0433349609375,2396.098388671875,0.0,0.0,0.0,-0.03616006672382355,True,nan,False,0.0012314451159909368,0.01,True,,0.001,0.0009999999310821295,0.00010425100481370464,317.0433349609375,2396.098388671875,184021.90625,0.0003601951466407627,430517984.0,529.9171142578125
npg_reward_only,706,218,465453,0.0,False,471.36529541015625,2.3532958030700684,0.0,471.36529541015625,2289.38232421875,0.0,0.0,0.0,0.6742679476737976,True,nan,False,0.001693269470706582,0.01,True,,0.001,0.0009999999310821295,0.000102315163530875,471.36529541015625,2289.38232421875,191051.3125,0.0004581891989801079,3597699840.0,1495.8338623046875
npg_reward_only,706,219,466374,0.0,False,369.3877868652344,2.630580425262451,0.0,369.3877868652344,1645.6810302734375,0.0,0.0,0.0,-0.7292289137840271,True,nan,False,0.0015372504713013768,0.01,True,,0.001,0.0010000006295740604,0.00015227499534375966,369.3877868652344,1645.6810302734375,86252.734375,0.0002741947246249765,848962816.0,566.2198486328125
npg_reward_only,706,220,467261,0.0,False,370.60845947265625,2.0617942810058594,0.0,370.60845947265625,2311.505126953125,0.0,0.0,0.0,-0.0356670580804348,True,nan,False,0.001573442481458187,0.01,True,,0.001,0.0010000003967434168,0.00011401761003071442,370.60845947265625,2311.505126953125,153845.96875,0.0004517632187344134,1816823552.0,611.3600463867188
npg_reward_only,706,221,468304,0.0,False,506.944580078125,2.184142827987671,0.0,506.944580078125,1963.174560546875,0.0,0.0,0.0,-0.5014325380325317,True,nan,False,0.000983872334472835,0.01,True,,0.001,0.0010000000474974513,0.00010489713167771697,506.944580078125,1963.174560546875,181761.875,0.0003950815589632839,465186976.0,761.50732421875
npg_reward_only,706,222,469326,0.0,False,417.97308349609375,2.30085825920105,0.0,417.97308349609375,1890.4833984375,0.0,0.0,0.0,0.10458078980445862,True,nan,False,0.0010694655356928706,0.01,True,,0.001,0.0010000001639127731,0.0001179628525278531,417.97308349609375,1890.4833984375,143727.375,0.00025353149976581335,2769067264.0,517.6756591796875
npg_reward_only,706,223,470227,0.0,False,293.38397216796875,2.3916561603546143,0.0,293.38397216796875,1653.7119140625,0.0,0.0,0.0,0.26999154686927795,True,nan,False,0.0015176666202023625,0.01,True,,0.001,0.0009999999310821295,0.0001388973614666611,293.38397216796875,1653.7119140625,103667.359375,0.00019586308917496353,3426389504.0,590.7862548828125
npg_reward_only,706,224,471113,0.0,False,420.5798645019531,2.4174938201904297,0.0,420.5798645019531,2165.00830078125,0.0,0.0,0.0,-0.13425347208976746,True,nan,False,0.00135737843811512,0.01,True,,0.001,0.0010000001639127731,0.00011179366265423596,420.5798645019531,2165.00830078125,160027.875,0.000298331375233829,1882954496.0,1011.101318359375
npg_reward_only,706,225,472032,0.0,False,386.64459228515625,2.175980806350708,0.0,386.64459228515625,1762.1875,0.0,0.0,0.0,-0.5672351717948914,True,nan,False,0.0012496748240664601,0.01,True,,0.001,0.0010000001639127731,0.00013953426969237626,386.64459228515625,1762.1875,102723.1328125,0.00023828147095628083,758241664.0,540.4657592773438
npg_reward_only,706,226,472945,0.0,False,440.305908203125,2.185873031616211,0.0,440.305908203125,1937.1488037109375,0.0,0.0,0.0,0.19174900650978088,True,nan,False,0.0014782698126509786,0.01,True,,0.001,0.0010000000474974513,0.00010750745423138142,440.305908203125,1937.1488037109375,173042.53125,0.0002633528783917427,1149141760.0,1143.7840576171875
npg_reward_only,706,227,473894,0.0,False,444.0067443847656,2.2037675380706787,0.0,444.0067443847656,2290.81396484375,0.0,0.0,0.0,-0.25221672654151917,True,nan,False,0.002156587550416589,0.01,True,,0.001,0.0009999999310821295,0.00011046443978557363,444.0067443847656,2290.81396484375,163902.28125,0.0003062028263229877,1093801856.0,463.2306823730469
npg_reward_only,706,228,474896,0.0,False,272.5664978027344,1.9520809650421143,0.0,272.5664978027344,2537.0986328125,0.0,0.0,0.0,-0.11794959753751755,True,nan,False,0.0015196986496448517,0.01,True,,0.001,0.0009999992325901985,0.00010514217865420505,272.5664978027344,2537.0986328125,180915.640625,0.00042656419100239873,351809504.0,596.3817138671875
npg_reward_only,706,229,476123,0.0,False,480.053466796875,2.1747350692749023,0.0,480.053466796875,1860.000244140625,0.0,0.0,0.0,-0.5820421576499939,True,nan,False,0.0012979215243831277,0.01,True,,0.001,0.0010000003967434168,0.00010650130570866168,480.053466796875,1860.000244140625,176327.53125,0.0003348527825437486,1350678016.0,525.9052124023438
npg_reward_only,706,230,477108,0.0,False,293.85223388671875,2.438542366027832,0.0,293.85223388671875,1731.707275390625,0.0,0.0,0.0,0.2238486409187317,True,nan,False,0.0015383943682536483,0.01,True,,0.001,0.0009999999310821295,0.0001226818421855569,293.85223388671875,1731.707275390625,132883.0,0.00047504468238912523,10319306752.0,696.2448120117188
npg_reward_only,706,231,478042,0.0,False,550.0469360351562,2.139816999435425,0.0,550.0469360351562,2612.322998046875,0.0,0.0,0.0,0.3179645240306854,True,nan,False,0.0010650198673829436,0.01,True,,0.001,0.0009999999310821295,8.883680129656568e-05,550.0469360351562,2612.322998046875,253421.90625,0.0007494382443837821,1127942144.0,518.147705078125
npg_reward_only,706,232,479154,0.0,False,411.56732177734375,2.118436098098755,0.0,411.56732177734375,2367.890380859375,0.0,0.0,0.0,-0.5048736333847046,True,nan,False,0.0024734281469136477,0.01,True,,0.001,0.001000001560896635,0.00011390844156267121,411.56732177734375,2367.890380859375,154141.0,0.0007123304530978203,9268930560.0,887.921875
npg_reward_only,706,233,480132,0.0,False,295.48388671875,2.047534942626953,0.0,295.48388671875,1619.75244140625,0.0,0.0,0.0,-0.049693163484334946,True,nan,False,0.0010071545839309692,0.01,True,,0.001,0.0009999996982514858,0.0001556387433083728,295.48388671875,1619.75244140625,82564.734375,0.00032149648177437484,717160320.0,560.671875
npg_reward_only,706,234,481073,0.0,False,452.2002868652344,2.1673073768615723,0.0,452.2002868652344,2089.784423828125,0.0,0.0,0.0,0.06314156949520111,True,nan,False,0.0013334181858226657,0.01,True,,0.001,0.0010000000474974513,0.00012429759954102337,452.2002868652344,2089.784423828125,129450.734375,0.0004010639095213264,2420299520.0,811.53076171875
npg_reward_only,706,235,482041,0.0,False,323.57568359375,2.1911087036132812,0.0,323.57568359375,1637.611083984375,0.0,0.0,0.0,-0.018919529393315315,True,nan,False,0.0012295242631807923,0.01,True,,0.001,0.001000000280328095,0.00012404221342876554,323.57568359375,1637.611083984375,129984.34375,0.00019780544971581548,262381136.0,598.9908447265625
npg_reward_only,706,236,482976,0.0,False,208.07049560546875,2.4386916160583496,0.0,208.07049560546875,931.3936767578125,0.0,0.0,0.0,-0.147124245762825,True,nan,False,0.0011516957310959697,0.01,True,,0.001,0.0010000001639127731,0.00023284493363462389,208.07049560546875,931.3936767578125,36888.9609375,0.00022208873997442424,2709065984.0,576.72412109375
npg_reward_only,706,237,483800,0.0,False,322.472900390625,2.3942766189575195,0.0,322.472900390625,1768.85595703125,0.0,0.0,0.0,-0.01570410095155239,True,nan,False,0.0012522460892796516,0.01,True,,0.001,0.0010000000474974513,0.00014628286589868367,322.472900390625,1768.85595703125,93463.71875,0.0003834409289993346,4199351296.0,1868.9111328125
npg_reward_only,706,238,484791,0.0,False,592.1769409179688,2.2570862770080566,0.0,592.1769409179688,2089.7333984375,0.0,0.0,0.0,0.447846919298172,True,nan,False,0.0021278851199895144,0.01,True,,0.001,0.0009999992325901985,0.0001035327950376086,592.1769409179688,2089.7333984375,186583.90625,0.0008410753798671067,601467520.0,634.1256103515625
npg_reward_only,706,239,485758,0.0,False,273.017578125,2.4896256923675537,0.0,273.017578125,1411.984130859375,0.0,0.0,0.0,0.2103300839662552,True,nan,False,0.001516781048849225,0.01,True,,0.001,0.0009999999310821295,0.00016921521455515176,273.017578125,1411.984130859375,69847.5546875,0.00023205275647342205,854477696.0,469.7141418457031
npg_reward_only,706,240,486647,0.0,False,367.61309814453125,2.2606821060180664,0.0,367.61309814453125,1692.081298828125,0.0,0.0,0.0,-0.046839579939842224,True,nan,False,0.0011592424707487226,0.01,True,,0.001,0.0009999999310821295,0.00012453264207579195,367.61309814453125,1692.081298828125,128962.53125,0.0003247004351578653,1844051456.0,604.2984008789062
npg_reward_only,706,241,487573,0.0,False,335.95941162109375,2.544623374938965,0.0,335.95941162109375,1513.812255859375,0.0,0.0,0.0,-0.24616630375385284,True,nan,False,0.0010773591930046678,0.01,True,,0.001,0.0009999999310821295,0.0001492029259679839,335.95941162109375,1513.812255859375,89841.1640625,0.00017225103511009365,1088349440.0,672.1384887695312
npg_reward_only,706,242,488460,0.0,False,329.21600341796875,2.1943321228027344,0.0,329.21600341796875,1602.4990234375,0.0,0.0,0.0,0.24026520550251007,True,nan,False,0.0015358466189354658,0.01,True,,0.001,0.0009999999310821295,0.00015594639990013093,329.21600341796875,1602.4990234375,82239.28125,0.0002677933662198484,1040916672.0,852.378173828125
npg_reward_only,706,243,489386,0.0,False,325.8635559082031,2.3988378047943115,0.0,325.8635559082031,2157.199462890625,0.0,0.0,0.0,0.1723634898662567,True,nan,False,0.0015742882387712598,0.01,True,,0.001,0.0010000001639127731,9.734585182741284e-05,325.8635559082031,2157.199462890625,211054.75,0.00023634819081053138,3203158528.0,844.5640258789062
npg_reward_only,706,244,490393,0.0,False,496.6347961425781,2.447972536087036,0.0,496.6347961425781,1655.2965087890625,0.0,0.0,0.0,-0.5022330284118652,True,nan,False,0.0010999002261087298,0.01,True,,0.001,0.0009999998146668077,0.00013475946616381407,496.6347961425781,1655.2965087890625,110131.4765625,0.0004395627765916288,523818080.0,602.7230224609375
npg_reward_only,706,245,491300,0.0,False,588.2465209960938,2.5796279907226562,0.0,588.2465209960938,1786.9039306640625,0.0,0.0,0.0,-0.06752675771713257,True,nan,False,0.0010794313857331872,0.01,True,,0.001,0.0009999999310821295,0.00011355881724739447,588.2465209960938,1786.9039306640625,155091.609375,0.0004879833140876144,12501807104.0,701.5635986328125
npg_reward_only,706,246,492262,0.0,False,328.2784423828125,2.53273606300354,0.0,328.2784423828125,1584.0732421875,0.0,0.0,0.0,-0.3239190876483917,True,nan,False,0.0013510572025552392,0.01,True,,0.001,0.001000000280328095,0.00015221421199385077,328.2784423828125,1584.0732421875,86321.6328125,0.00019175226043444127,9996250112.0,482.8663330078125
npg_reward_only,706,247,493202,0.0,False,464.9217224121094,2.5973756313323975,0.0,464.9217224121094,1986.1353759765625,0.0,0.0,0.0,-0.44122111797332764,True,nan,False,0.0011328506516292691,0.01,True,,0.001,0.0009999999310821295,0.0001163746346719563,464.9217224121094,1986.1353759765625,147677.171875,0.0003471111413091421,1365155200.0,1085.384765625
npg_reward_only,706,248,494096,0.0,False,494.1839904785156,2.4441912174224854,0.0,494.1839904785156,2507.0244140625,0.0,0.0,0.0,-0.5193073153495789,True,nan,False,0.0014291637344285846,0.01,True,,0.001,0.0010000000474974513,0.0001036087196553126,494.1839904785156,2507.0244140625,186310.53125,0.0003820656274911016,6601744896.0,1867.60693359375
npg_reward_only,706,249,495118,0.0,False,334.7511291503906,2.6400809288024902,0.0,334.7511291503906,2010.3238525390625,0.0,0.0,0.0,-0.3622080087661743,True,nan,False,0.0013787366915494204,0.01,True,,0.001,0.0009999999310821295,0.00015070918016135693,334.7511291503906,2010.3238525390625,88054.3125,0.00029742313199676573,1692176000.0,575.5689697265625
npg_reward_only,706,250,495959,0.0,False,291.0155334472656,2.4942264556884766,0.0,291.0155334472656,1635.5543212890625,0.0,0.0,0.0,-0.24895206093788147,True,nan,False,0.0009692604653537273,0.01,True,,0.001,0.0010000003967434168,0.0001427078532287851,291.0155334472656,1635.5543212890625,98205.15625,0.0003333162749186158,1893225600.0,794.157958984375
npg_reward_only,706,251,496861,0.0,False,408.0160217285156,2.3823022842407227,0.0,408.0160217285156,2038.849365234375,0.0,0.0,0.0,-0.4435023367404938,True,nan,False,0.0013923161895945668,0.01,True,,0.001,0.0010000000474974513,0.0001212596835102886,408.0160217285156,2038.849365234375,136018.25,0.000251911609666422,971295744.0,564.0613403320312
npg_reward_only,706,252,497854,0.0,False,265.35162353515625,2.687798023223877,0.0,265.35162353515625,1822.5625,0.0,0.0,0.0,-0.31474974751472473,True,nan,False,0.0014720766339451075,0.01,True,,0.001,0.0009999999310821295,0.00012273216270841658,265.35162353515625,1822.5625,132774.078125,0.00021724935504607856,1992611840.0,500.8577880859375
npg_reward_only,706,253,498715,0.0,False,247.570556640625,2.2722864151000977,0.0,247.570556640625,1838.303955078125,0.0,0.0,0.0,0.030048877000808716,True,nan,False,0.0017819866770878434,0.01,True,,0.001,0.0010000003967434168,0.00016189129382837564,247.570556640625,1838.303955078125,76310.28125,0.00016921869246289134,1037686400.0,556.2286987304688
npg_reward_only,706,254,499726,0.0,False,453.5121154785156,2.105649471282959,0.0,453.5121154785156,3168.7666015625,0.0,0.0,0.0,-0.5328096151351929,True,nan,False,0.001870886655524373,0.01,True,,0.001,0.0009999998146668077,0.00010088061389978975,453.5121154785156,3168.7666015625,196523.53125,0.0008663894841447473,583043072.0,427.8661193847656
npg_reward_only,706,255,501107,0.0,False,234.6789093017578,2.742741584777832,0.0,234.6789093017578,1638.4566650390625,0.0,0.0,0.0,0.07721449434757233,True,nan,False,0.0015313589246943593,0.01,True,,0.001,0.001000000280328095,0.00017143331933766603,234.6789093017578,1638.4566650390625,68051.7890625,0.0003086369251832366,1440463744.0,671.0382690429688
npg_reward_only,706,256,502024,0.0,False,438.0453796386719,2.5882060527801514,0.0,438.0453796386719,2493.042236328125,0.0,0.0,0.0,0.05145755410194397,True,nan,False,0.0016351558733731508,0.01,True,,0.001,0.001000000280328095,9.388758189743385e-05,438.0453796386719,2493.042236328125,226889.15625,0.0008591260993853211,7702427648.0,1585.3941650390625
npg_reward_only,706,257,503080,0.0,False,407.30987548828125,2.769317150115967,0.0,407.30987548828125,1544.4403076171875,0.0,0.0,0.0,-0.15882104635238647,True,nan,False,0.001710962736979127,0.01,True,,0.001,0.0009999996982514858,0.00012344315473455936,407.30987548828125,1544.4403076171875,131249.0,0.00024370923347305506,722956672.0,670.8070068359375
npg_reward_only,706,258,503987,0.0,False,477.66387939453125,2.6073594093322754,0.0,477.66387939453125,1627.2410888671875,0.0,0.0,0.0,-0.27791938185691833,True,nan,False,0.0012823422439396381,0.01,True,,0.001,0.0009999999310821295,0.0001290000363951549,477.66387939453125,1627.2410888671875,120185.0234375,0.0003456419217400253,25052221440.0,598.9315185546875
npg_reward_only,706,259,504845,0.0,False,589.6786499023438,2.467345714569092,0.0,589.6786499023438,1709.7664794921875,0.0,0.0,0.0,-0.047840774059295654,True,nan,False,0.0011152506340295076,0.01,True,,0.001,0.0010000000474974513,0.00010807713260874152,589.6786499023438,1709.7664794921875,171223.125,0.0002830605080816895,6424099840.0,707.7890625
npg_reward_only,706,260,505763,0.0,False,340.5057678222656,2.261610507965088,0.0,340.5057678222656,1503.359375,0.0,0.0,0.0,0.029297012835741043,True,nan,False,0.0009423724259249866,0.01,True,,0.001,0.0010000000474974513,0.00014806976832915097,340.5057678222656,1503.359375,91221.5078125,0.0006397411343641579,2871947008.0,896.4502563476562
npg_reward_only,706,261,506654,0.0,False,422.80316162109375,2.4182443618774414,0.0,422.80316162109375,1777.3262939453125,0.0,0.0,0.0,-0.4673367142677307,True,nan,False,0.0011592867085710168,0.01,True,,0.001,0.0009999999310821295,0.00012149129179306328,422.80316162109375,1777.3262939453125,135500.125,0.0003574283036869019,3351273216.0,764.1739501953125
npg_reward_only,706,262,507629,0.0,False,390.8872375488281,2.507256269454956,0.0,390.8872375488281,1601.9864501953125,0.0,0.0,0.0,-0.5017057657241821,True,nan,False,0.0015874997479841113,0.01,True,,0.001,0.001000000280328095,0.00012536028225440532,390.8872375488281,1601.9864501953125,127265.3359375,0.00020361995848361403,1185087104.0,652.9334716796875
npg_reward_only,706,263,508534,0.0,False,443.7472229003906,2.4320273399353027,0.0,443.7472229003906,1636.4652099609375,0.0,0.0,0.0,-0.4016767740249634,True,nan,False,0.0014035775093361735,0.01,True,,0.001,0.0010000000474974513,0.00014317448949441314,443.7472229003906,1636.4652099609375,97566.046875,0.0003770811890717596,608727360.0,1133.8529052734375
npg_reward_only,706,264,509415,0.0,False,229.08824157714844,2.868921995162964,0.0,229.08824157714844,1181.7574462890625,0.0,0.0,0.0,0.07533545792102814,True,nan,False,0.0019320707069709897,0.01,True,,0.001,0.001000000280328095,0.00020330469124019146,229.08824157714844,1181.7574462890625,48387.72265625,0.0001776675635483116,12273681408.0,634.4620971679688
npg_reward_only,706,265,510144,0.0,False,366.89544677734375,2.6361684799194336,0.0,366.89544677734375,1373.77978515625,0.0,0.0,0.0,-0.15458020567893982,True,nan,False,0.0013141465606167912,0.01,True,,0.001,0.000999999581836164,0.00013231381308287382,366.89544677734375,1373.77978515625,114240.375,0.00035147450398653746,1280648704.0,1549.070068359375
npg_reward_only,706,266,510987,0.0,False,460.254638671875,2.332141876220703,0.0,460.254638671875,1896.1671142578125,0.0,0.0,0.0,0.39785224199295044,True,nan,False,0.0014320447808131576,0.01,True,,0.001,0.0010000001639127731,0.00010523867968004197,460.254638671875,1896.1671142578125,180583.984375,0.0004651651834137738,9671119872.0,1031.01123046875
npg_reward_only,706,267,511888,0.0,False,528.2435302734375,2.5539684295654297,0.0,528.2435302734375,1463.7279052734375,0.0,0.0,0.0,-0.513047993183136,True,nan,False,0.0010411979164928198,0.01,True,,0.001,0.0009999996982514858,0.00016477401368319988,528.2435302734375,1463.7279052734375,73663.53125,0.0002636865829117596,72693874688.0,1384.8773193359375
npg_reward_only,706,268,512809,0.0,False,347.66748046875,2.5345911979675293,0.0,347.66748046875,2536.06103515625,0.0,0.0,0.0,-0.5651074647903442,True,nan,False,0.002105394611135125,0.01,True,,0.001,0.0010000001639127731,0.00010951942385872826,347.66748046875,2536.06103515625,166743.046875,0.00028700052644126117,1741176192.0,593.0625610351562
npg_reward_only,706,269,513808,0.0,False,397.31842041015625,2.70782732963562,0.0,397.31842041015625,1814.3167724609375,0.0,0.0,0.0,0.19856703281402588,True,nan,False,0.0013679926050826907,0.01,True,,0.001,0.0010000000474974513,0.00012661292566917837,397.31842041015625,1814.3167724609375,124759.578125,0.00045325493556447327,1763529984.0,630.208740234375
npg_reward_only,706,270,514670,0.0,False,267.105224609375,2.9471285343170166,0.0,267.105224609375,1315.5201416015625,0.0,0.0,0.0,-0.28687411546707153,True,nan,False,0.0019568547140806913,0.01,True,,0.001,0.0010000000474974513,0.0001917052868520841,267.105224609375,1315.5201416015625,54420.4140625,0.00021350043243728578,2697309696.0,668.7280883789062
npg_reward_only,706,271,515425,0.0,False,304.25390625,2.6164064407348633,0.0,304.25390625,1999.7874755859375,0.0,0.0,0.0,-0.35660985112190247,True,nan,False,0.003069401253014803,0.01,True,,0.001,0.0010000000474974513,0.0001522487582406029,304.25390625,1999.7874755859375,86282.4609375,0.00041567679727450013,2464454400.0,689.906982421875
npg_reward_only,706,272,516322,0.0,False,246.13829040527344,2.4211907386779785,0.0,246.13829040527344,1405.315673828125,0.0,0.0,0.0,0.48720473051071167,True,nan,False,0.0009866217151284218,0.01,True,,0.001,0.0010000000474974513,0.00018692259618546814,246.13829040527344,1405.315673828125,57240.89453125,0.00023417320335283875,1867370112.0,654.1084594726562
npg_reward_only,706,273,517275,0.0,False,265.4195251464844,3.0387041568756104,0.0,265.4195251464844,1893.601318359375,0.0,0.0,0.0,-0.5068098306655884,True,nan,False,0.0018808552995324135,0.01,True,,0.001,0.0009999999310821295,0.00016550166765227914,265.4195251464844,1893.601318359375,73017.21875,0.0005323527147993445,532532000.0,709.21923828125
npg_reward_only,706,274,518080,0.0,False,379.7471923828125,2.4254069328308105,0.0,379.7471923828125,2034.505859375,0.0,0.0,0.0,0.3112368881702423,True,nan,False,0.001514222240075469,0.01,True,,0.001,0.0010000001639127731,0.00011383141827536747,379.7471923828125,2034.505859375,154349.671875,0.00034366088220849633,982684096.0,597.6911010742188
npg_reward_only,706,275,519038,0.0,False,251.27935791015625,2.661261796951294,0.0,251.27935791015625,1441.2191162109375,0.0,0.0,0.0,-0.3968833088874817,True,nan,False,0.0015067687490954995,0.01,True,,0.001,0.0010000001639127731,0.00014868022117298096,251.27935791015625,1441.2191162109375,90473.96875,0.0001887015241663903,2149008128.0,1021.6532592773438
npg_reward_only,706,276,519878,0.0,False,312.72174072265625,3.2859530448913574,0.0,312.72174072265625,1460.9549560546875,0.0,0.0,0.0,0.05414155125617981,True,nan,False,0.001598742208443582,0.01,True,,0.001,0.0009999999310821295,0.00016103177040349692,312.72174072265625,1460.9549560546875,77127.078125,0.00018692757294047624,1304935552.0,687.640869140625
npg_reward_only,706,277,520653,0.0,False,337.068603515625,2.5200355052948,0.0,337.068603515625,1405.9559326171875,0.0,0.0,0.0,-0.2319953888654709,True,nan,False,0.0013914310839027166,0.01,True,,0.001,0.0009999999310821295,0.00015816510131116956,337.068603515625,1405.9559326171875,79948.203125,0.0001341733877779916,1174304128.0,655.2310180664062
npg_reward_only,706,278,521507,0.0,False,364.81243896484375,2.7490286827087402,0.0,364.81243896484375,2333.41455078125,0.0,0.0,0.0,0.162926584482193,True,nan,False,0.0007971439626999199,0.01,True,,0.001,0.0009999996982514858,0.00010319623106624931,364.81243896484375,2333.41455078125,187802.921875,0.00025575104518793523,29457313792.0,571.3269653320312
npg_reward_only,706,279,522528,0.0,False,360.6105041503906,2.7572007179260254,0.0,360.6105041503906,1304.4107666015625,0.0,0.0,0.0,0.01436007022857666,True,nan,False,0.0018552368273958564,0.01,True,,0.001,0.0010000001639127731,0.0001749437506077811,360.6105041503906,1304.4107666015625,65348.125,0.0008912035264074802,8906807296.0,3597.906005859375
npg_reward_only,706,280,523373,0.0,False,354.119384765625,2.998786211013794,0.0,354.119384765625,1396.22607421875,0.0,0.0,0.0,0.38505029678344727,True,nan,False,0.0016910145059227943,0.01,True,,0.001,0.0009999998146668077,0.00018425105372443795,354.119384765625,1396.22607421875,58912.84765625,0.00047923592501319945,5319918592.0,848.15380859375
npg_reward_only,706,281,524196,0.0,False,200.46632385253906,3.0825839042663574,0.0,200.46632385253906,1398.109130859375,0.0,0.0,0.0,-0.009721123613417149,True,nan,False,0.0017914227209985256,0.01,True,,0.001,0.0009999996982514858,0.00019804305338766426,200.46632385253906,1398.109130859375,50993.02734375,0.0002280134940519929,1917021952.0,599.227294921875
npg_reward_only,706,282,525036,0.0,False,303.7140808105469,3.3066511154174805,0.0,303.7140808105469,1509.370849609375,0.0,0.0,0.0,-0.18600839376449585,True,nan,False,0.0012661900836974382,0.01,True,,0.001,0.0010000000474974513,0.00017591896175872535,303.7140808105469,1509.370849609375,64625.625,0.0002313166478415951,5979590656.0,611.4879760742188
npg_reward_only,706,283,525820,0.0,False,503.8049621582031,2.9609150886535645,0.0,503.8049621582031,1649.9932861328125,0.0,0.0,0.0,-0.5326434969902039,True,nan,False,0.0013605902204290032,0.01,True,,0.001,0.0010000005131587386,0.00015606549277435988,503.8049621582031,1649.9932861328125,82113.8203125,0.0007835926953703165,13786877952.0,1286.2091064453125
npg_reward_only,706,284,526673,0.0,False,561.8480224609375,2.901859760284424,0.0,561.8480224609375,2063.0703125,0.0,0.0,0.0,-0.6423938274383545,True,nan,False,0.0009123344789259136,0.01,True,,0.001,0.0010000001639127731,0.0001053251326084137,561.8480224609375,2063.0703125,180287.65625,0.0003420863940846175,12546118656.0,598.5974731445312
npg_reward_only,706,285,527629,0.0,False,345.29541015625,3.206953525543213,0.0,345.29541015625,1551.45556640625,0.0,0.0,0.0,-0.05861399322748184,True,nan,False,0.0020209935028105974,0.01,True,,0.001,0.0010000000474974513,0.0001639264664845541,345.29541015625,1551.45556640625,74427.2265625,0.00028163561364635825,806784448.0,563.4744873046875
npg_reward_only,706,286,528415,0.0,False,441.3842468261719,2.381620168685913,0.0,441.3842468261719,2093.910888671875,0.0,0.0,0.0,-0.6621356010437012,True,nan,False,0.0010123398387804627,0.01,True,,0.001,0.0009999998146668077,0.0001173030468635261,441.3842468261719,2093.910888671875,145348.78125,0.0010412202682346106,2072927104.0,1330.59521484375
npg_reward_only,706,287,529319,0.0,False,198.69775390625,3.0239644050598145,0.0,198.69775390625,1499.8402099609375,0.0,0.0,0.0,-0.5133402347564697,True,nan,False,0.001777534605935216,0.01,True,,0.001,0.0010000003967434168,0.00017042069521266967,198.69775390625,1499.8402099609375,68862.90625,0.0003930217935703695,1491593600.0,1513.3109130859375
npg_reward_only,706,288,530172,0.0,False,390.1973571777344,2.9135804176330566,0.0,390.1973571777344,1901.75390625,0.0,0.0,0.0,-0.21431246399879456,True,nan,False,0.001531671267002821,0.01,True,,0.001,0.0010000001639127731,0.00011123505100840703,390.1973571777344,1901.75390625,161639.21875,0.0006926073110662401,22498293760.0,673.664306640625
npg_reward_only,706,289,531040,0.0,False,324.0692138671875,2.9531257152557373,0.0,324.0692138671875,1613.3155517578125,0.0,0.0,0.0,-0.3682824671268463,True,nan,False,0.001106773386709392,0.01,True,,0.001,0.0009999998146668077,0.0001418280298821628,324.0692138671875,1613.3155517578125,99427.34375,0.00027613044949248433,7848050688.0,931.58544921875
npg_reward_only,706,290,531909,0.0,False,349.2413635253906,2.790560722351074,0.0,349.2413635253906,1684.566162109375,0.0,0.0,0.0,-0.39940720796585083,True,nan,False,0.0011221162276342511,0.01,True,,0.001,0.0009999998146668077,0.00012070461525581777,349.2413635253906,1684.566162109375,137272.09375,0.0004950332222506404,6523825152.0,922.9559936523438
npg_reward_only,706,291,532806,0.0,False,467.1937561035156,2.7775065898895264,0.0,467.1937561035156,2080.0517578125,0.0,0.0,0.0,-0.6195536255836487,True,nan,False,0.001462298445403576,0.01,True,,0.001,0.0010000000474974513,0.00011748487304430455,467.1937561035156,2080.0517578125,144899.25,0.0005611074157059193,1182605696.0,1054.088623046875
npg_reward_only,706,292,533740,0.0,False,322.0696716308594,2.745262861251831,0.0,322.0696716308594,1949.8087158203125,0.0,0.0,0.0,-0.4538549780845642,True,nan,False,0.0014454541960731149,0.01,True,,0.001,0.0010000000474974513,0.00013392575783655047,322.0696716308594,1949.8087158203125,111506.90625,0.0006485353223979473,16162808832.0,1924.006103515625
npg_reward_only,706,293,534593,0.0,False,399.7202453613281,2.9897544384002686,0.0,399.7202453613281,1644.2366943359375,0.0,0.0,0.0,-0.1291760802268982,True,nan,False,0.0014098433312028646,0.01,True,,0.001,0.0010000000474974513,0.00014396630285773426,399.7202453613281,1644.2366943359375,96495.78125,0.00046849047066643834,27255863296.0,1047.973388671875
npg_reward_only,706,294,535403,0.0,False,321.7803955078125,2.675095796585083,0.0,321.7803955078125,1807.507568359375,0.0,0.0,0.0,-0.17822781205177307,True,nan,False,0.0013810410164296627,0.01,True,,0.001,0.0009999999310821295,0.00011167601041961461,321.7803955078125,1807.507568359375,160365.234375,0.0002548383781686425,1635566592.0,753.5288696289062
npg_reward_only,706,295,536318,0.0,False,375.26666259765625,2.5380403995513916,0.0,375.26666259765625,2138.772216796875,0.0,0.0,0.0,0.1374852955341339,True,nan,False,0.0016375809209421277,0.01,True,,0.001,0.0010000001639127731,0.00011010350135620683,375.26666259765625,2138.772216796875,164978.65625,0.00040454804548062384,1130045696.0,1033.7999267578125
npg_reward_only,706,296,537382,0.0,False,277.34368896484375,2.9815871715545654,0.0,277.34368896484375,1802.6165771484375,0.0,0.0,0.0,-0.05791165307164192,True,nan,False,0.0025773080997169018,0.01,True,,0.001,0.0009999996982514858,0.00016495892487000674,277.34368896484375,1802.6165771484375,73498.484375,0.00018990311946254224,1797607424.0,717.7890625
npg_reward_only,706,297,538174,0.0,False,319.1939697265625,3.0950982570648193,0.0,319.1939697265625,1302.3145751953125,0.0,0.0,0.0,-0.28395894169807434,True,nan,False,0.0015160096809267998,0.01,True,,0.001,0.001000000280328095,0.00014625032781623304,319.1939697265625,1302.3145751953125,93505.328125,0.00026509552844800055,3529914880.0,517.8779296875
npg_reward_only,706,298,538983,0.0,False,298.8246765136719,2.9426136016845703,0.0,298.8246765136719,1382.0435791015625,0.0,0.0,0.0,0.07900180667638779,True,nan,False,0.0019012251868844032,0.01,True,,0.001,0.0009999998146668077,0.00016373662219848484,298.8246765136719,1382.0435791015625,74599.921875,0.0004723765014205128,6769636864.0,1420.29736328125
npg_reward_only,706,299,539778,0.0,False,248.7163848876953,2.7947311401367188,0.0,248.7163848876953,1611.578369140625,0.0,0.0,0.0,0.13856852054595947,True,nan,False,0.0020956210792064667,0.01,True,,0.001,0.0010000005131587386,0.00016682548448443413,248.7163848876953,1611.578369140625,71862.984375,0.00020418071653693914,16784005120.0,1272.72509765625
npg_reward_only,706,300,540666,0.0,False,254.28070068359375,2.7525603771209717,0.0,254.28070068359375,1452.7567138671875,0.0,0.0,0.0,0.09096959978342056,True,nan,False,0.0014570077182725072,0.01,True,,0.001,0.0010000007459893823,0.00014829286374151707,254.28070068359375,1452.7567138671875,90947.2265625,0.00043067679507657886,1052440064.0,1131.8507080078125
npg_reward_only,706,301,541514,0.0,False,731.8051147460938,2.741044282913208,0.0,731.8051147460938,1962.1390380859375,0.0,0.0,0.0,-0.4984477162361145,True,nan,False,0.0019254990620538592,0.01,True,,0.001,0.0009999999310821295,0.00012233863526489586,731.8051147460938,1962.1390380859375,133629.640625,0.0011513575445860624,14776372224.0,1962.1737060546875
npg_reward_only,706,302,542387,0.0,False,261.3012390136719,2.7860400676727295,0.0,261.3012390136719,1110.9483642578125,0.0,0.0,0.0,-0.2973979711532593,True,nan,False,0.0016403804766014218,0.01,True,,0.001,0.0010000003967434168,0.00020303844939917326,261.3012390136719,1110.9483642578125,48514.7109375,0.0005609988002106547,32580585472.0,1125.5892333984375
npg_reward_only,706,303,543224,0.0,False,215.3348388671875,2.7566654682159424,0.0,215.3348388671875,1775.186767578125,0.0,0.0,0.0,-0.1528555303812027,True,nan,False,0.0011944021098315716,0.01,True,,0.001,0.0010000001639127731,0.00016887119272723794,215.3348388671875,1775.186767578125,70132.4296875,0.00028482431662268937,4756398592.0,763.3427734375
npg_reward_only,706,304,544175,0.0,False,185.18838500976562,3.124702215194702,0.0,185.18838500976562,1208.22119140625,0.0,0.0,0.0,-0.16422967612743378,True,nan,False,0.0020305949728935957,0.01,True,,0.001,0.0009999998146668077,0.00018584281497169286,185.18838500976562,1208.22119140625,57907.9921875,0.00024415552616119385,1936548864.0,780.5020751953125
npg_reward_only,706,305,544990,0.0,False,323.6753845214844,2.881646156311035,0.0,323.6753845214844,1339.59423828125,0.0,0.0,0.0,-0.17459705471992493,True,nan,False,0.0014873237814754248,0.01,True,,0.001,0.0009999996982514858,0.00020054080232512206,323.6753845214844,1339.59423828125,49730.6953125,0.0003247795393690467,7321821696.0,1176.5255126953125
npg_reward_only,706,306,545787,0.0,False,506.445556640625,2.584092855453491,0.0,506.445556640625,1804.0888671875,0.0,0.0,0.0,0.40751010179519653,True,nan,False,0.0019254047656431794,0.01,True,,0.001,0.0009999994654208422,0.0001484651875216514,506.445556640625,1804.0888671875,90736.2265625,0.00027137991855852306,9195571200.0,890.5372924804688
npg_reward_only,706,307,546700,0.0,False,401.0668640136719,2.6717782020568848,0.0,401.0668640136719,1734.679443359375,0.0,0.0,0.0,0.27100682258605957,True,nan,False,0.0013468138640746474,0.01,True,,0.001,0.0010000003967434168,0.00012045468611177057,401.0668640136719,1734.679443359375,137842.34375,0.0003718789084814489,1153641600.0,805.6853637695312
npg_reward_only,706,308,547619,0.0,False,276.636474609375,2.7649223804473877,0.0,276.636474609375,2202.74853515625,0.0,0.0,0.0,-0.13111093640327454,True,nan,False,0.002518246416002512,0.01,True,,0.001,0.0010000001639127731,0.00011921674740733579,276.636474609375,2202.74853515625,140719.890625,0.00038232654333114624,4345887232.0,716.6312255859375
npg_reward_only,706,309,548560,0.0,False,468.58941650390625,2.687181234359741,0.0,468.58941650390625,1662.3873291015625,0.0,0.0,0.0,-0.36368224024772644,True,nan,False,0.00109960010740906,0.01,True,,0.001,0.0009999996982514858,0.00014320838090498,468.58941650390625,1662.3873291015625,97519.890625,0.00036665346124209464,13028317184.0,1051.5234375
npg_reward_only,706,310,549476,0.0,False,318.2402038574219,2.7796013355255127,0.0,318.2402038574219,1829.4656982421875,0.0,0.0,0.0,-0.19834841787815094,True,nan,False,0.0013924187514930964,0.01,True,,0.001,0.0009999996982514858,0.00013319026038516313,318.2402038574219,1829.4656982421875,112741.8203125,0.00026893557514995337,3099112192.0,889.5802001953125
npg_reward_only,706,311,550337,0.0,False,491.98748779296875,2.430772066116333,0.0,491.98748779296875,2225.057861328125,0.0,0.0,0.0,-0.45075124502182007,True,nan,False,0.0013330652145668864,0.01,True,,0.001,0.0010000000474974513,0.00011143805750180036,491.98748779296875,2225.057861328125,161050.8125,0.0003516858851071447,3462001408.0,788.4210205078125
npg_reward_only,706,312,551238,0.0,False,219.33534240722656,2.781216859817505,0.0,219.33534240722656,2018.0682373046875,0.0,0.0,0.0,-0.07619893550872803,True,nan,False,0.0019119003554806113,0.01,True,,0.001,0.0009999999310821295,0.00011648570216493681,219.33534240722656,2018.0682373046875,147395.6875,0.00017644780746195465,8030891008.0,778.0821533203125
npg_reward_only,706,313,552093,0.0,False,705.4832763671875,2.4563019275665283,0.0,705.4832763671875,2220.790283203125,0.0,0.0,0.0,-0.5449683666229248,True,nan,False,0.0014010922750458121,0.01,True,,0.001,0.001000000280328095,0.00010814639244927093,705.4832763671875,2220.790283203125,171003.875,0.00030616778531111777,4151752192.0,943.9708862304688
npg_reward_only,706,314,553058,0.0,False,452.2174377441406,2.5304086208343506,0.0,452.2174377441406,1572.110107421875,0.0,0.0,0.0,-0.18788869678974152,True,nan,False,0.0009294452029280365,0.01,True,,0.001,0.0010000005131587386,0.00013259335537441075,452.2174377441406,1572.110107421875,113759.1953125,0.000683128833770752,9582173184.0,1618.4610595703125
npg_reward_only,706,315,553979,0.0,False,339.6868591308594,2.668569803237915,0.0,339.6868591308594,1652.660400390625,0.0,0.0,0.0,-0.07135872542858124,True,nan,False,0.002076618606224656,0.01,True,,0.001,0.0010000000474974513,0.00017572536307852715,339.6868591308594,1652.660400390625,64768.09765625,0.00029832584550604224,4756142080.0,1055.8006591796875
npg_reward_only,706,316,554833,0.0,False,385.22662353515625,2.7074480056762695,0.0,385.22662353515625,1423.75927734375,0.0,0.0,0.0,0.2987130582332611,True,nan,False,0.0015943498583510518,0.01,True,,0.001,0.0009999999310821295,0.00014067905431147665,385.22662353515625,1423.75927734375,101058.09375,0.0001566582068335265,1989084416.0,625.70849609375
npg_reward_only,706,317,555669,0.0,False,879.5569458007812,2.887676954269409,0.0,879.5569458007812,1905.52880859375,0.0,0.0,0.0,0.6253469586372375,True,nan,False,0.0030458858236670494,0.01,True,,0.001,0.0010000006295740604,0.00013935660535935313,879.5569458007812,1905.52880859375,102985.2265625,0.00030295184114947915,11967252480.0,3561.1796875
npg_reward_only,706,318,556544,0.0,False,276.1705322265625,2.7860186100006104,0.0,276.1705322265625,1740.2049560546875,0.0,0.0,0.0,-0.2818506360054016,True,nan,False,0.0017246287316083908,0.01,True,,0.001,0.0009999999310821295,0.0001620010007172823,276.1705322265625,1740.2049560546875,76206.953125,0.00014757415920030326,2336188160.0,562.98388671875
npg_reward_only,706,319,557390,0.0,False,267.9557800292969,2.4689738750457764,0.0,267.9557800292969,1771.223876953125,0.0,0.0,0.0,-0.2069169580936432,True,nan,False,0.0016742571024224162,0.01,True,,0.001,0.0009999987669289112,0.0001103049362427555,267.9557800292969,1771.223876953125,164376.640625,0.0002927264431491494,25607043072.0,1032.673095703125
npg_reward_only,706,320,558375,0.0,False,516.2769165039062,2.9871997833251953,0.0,516.2769165039062,1510.3145751953125,0.0,0.0,0.0,-0.5277904868125916,True,nan,False,0.0014256403082981706,0.01,True,,0.001,0.0010000001639127731,0.00012315294588916004,516.2769165039062,1510.3145751953125,131868.296875,0.0005568541237153113,1367399168.0,1441.135986328125
npg_reward_only,706,321,559234,0.0,False,351.0400695800781,2.7459185123443604,0.0,351.0400695800781,2062.526611328125,0.0,0.0,0.0,-0.4959067702293396,True,nan,False,0.0016092071309685707,0.01,True,,0.001,0.0009999998146668077,0.00011713930143741891,351.0400695800781,2062.526611328125,145755.4375,0.0002884185523726046,4101080064.0,1121.264404296875
npg_reward_only,706,322,560111,0.0,False,321.6775817871094,2.749443292617798,0.0,321.6775817871094,2301.011962890625,0.0,0.0,0.0,-0.2780836224555969,True,nan,False,0.002208821475505829,0.01,True,,0.001,0.0010000000474974513,9.975911962101236e-05,321.6775817871094,2301.011962890625,200967.015625,0.0004936381592415273,8113891328.0,866.46533203125
npg_reward_only,706,323,561074,0.0,False,379.3416442871094,2.8540971279144287,0.0,379.3416442871094,1415.715087890625,0.0,0.0,0.0,-0.17431814968585968,True,nan,False,0.0027942005544900894,0.01,True,,0.001,0.000999999581836164,0.00015501241432502866,379.3416442871094,1415.715087890625,83233.28125,0.0003737281367648393,14611714048.0,835.8737182617188
npg_reward_only,706,324,561875,0.0,False,447.98614501953125,2.5352165699005127,0.0,447.98614501953125,2101.506103515625,0.0,0.0,0.0,-0.17191405594348907,True,nan,False,0.0019026773516088724,0.01,True,,0.001,0.0010000001639127731,0.00011282075138296932,447.98614501953125,2101.506103515625,157127.4375,0.00027045130264014006,6339864576.0,806.8309326171875
npg_reward_only,706,325,562771,0.0,False,488.8402099609375,3.008763313293457,0.0,488.8402099609375,1846.743896484375,0.0,0.0,0.0,0.650234043598175,True,nan,False,0.0010362497996538877,0.01,True,,0.001,0.0010000005131587386,0.00011481751425890252,488.8402099609375,1846.743896484375,151709.84375,0.0006859590648673475,3874153216.0,1535.914794921875
npg_reward_only,706,326,563672,0.0,False,466.1708679199219,2.761749505996704,0.0,466.1708679199219,2145.605224609375,0.0,0.0,0.0,-0.1815393567085266,True,nan,False,0.0024957703426480293,0.01,True,,0.001,0.0010000000474974513,0.0001068279379978776,466.1708679199219,2145.605224609375,175250.921875,0.0004947076668031514,1573611392.0,1289.2672119140625
npg_reward_only,706,327,564622,0.0,False,218.33177185058594,2.88651180267334,0.0,218.33177185058594,1434.0662841796875,0.0,0.0,0.0,0.13790492713451385,True,nan,False,0.0014122698921710253,0.01,True,,0.001,0.001000000280328095,0.00018166568770539016,218.33177185058594,1434.0662841796875,60601.6171875,0.0005918211536481977,2790394624.0,1568.998291015625
npg_reward_only,706,328,565491,0.0,False,331.7715148925781,2.4714818000793457,0.0,331.7715148925781,2117.33447265625,0.0,0.0,0.0,-0.27178171277046204,True,nan,False,0.0011022097896784544,0.01,True,,0.001,0.0010000003967434168,0.00010495159949641675,331.7715148925781,2117.33447265625,181573.265625,0.0003367894096300006,3195209472.0,2008.0816650390625
npg_reward_only,706,329,566476,0.0,False,341.8031921386719,2.6626739501953125,0.0,341.8031921386719,2670.225341796875,0.0,0.0,0.0,0.18163961172103882,True,nan,False,0.0017699002055451274,0.01,True,,0.001,0.0010000001639127731,0.00010416101576993242,341.8031921386719,2670.225341796875,184340.0,0.00034427607897669077,2115029760.0,511.9093933105469
npg_reward_only,706,330,567465,0.0,False,464.1309814453125,3.1935808658599854,0.0,464.1309814453125,1625.8995361328125,0.0,0.0,0.0,-0.05902963504195213,True,nan,False,0.0014269629027694464,0.01,True,,0.001,0.000999999581836164,0.00014480901882052422,464.1309814453125,1625.8995361328125,95375.9296875,0.00032780211768113077,1428314240.0,707.9591064453125
npg_reward_only,706,331,568265,0.0,False,185.68560791015625,3.0862081050872803,0.0,185.68560791015625,1472.615478515625,0.0,0.0,0.0,0.06404640525579453,True,nan,False,0.0015195056330412626,0.01,True,,0.001,0.0009999996982514858,0.0001609850296517834,185.68560791015625,1472.615478515625,77171.875,0.00031519512413069606,1850773504.0,702.99560546875
npg_reward_only,706,332,569055,0.0,False,440.96099853515625,2.9719738960266113,0.0,440.96099853515625,1689.1246337890625,0.0,0.0,0.0,-0.5289958715438843,True,nan,False,0.001516356598585844,0.01,True,,0.001,0.0010000000474974513,0.0001335230190306902,440.96099853515625,1689.1246337890625,112180.59375,0.00028615660266950727,2451044608.0,1358.841796875
npg_reward_only,706,333,569923,0.0,False,269.7747802734375,2.9250876903533936,0.0,269.7747802734375,1884.8238525390625,0.0,0.0,0.0,-0.029309548437595367,True,nan,False,0.002127797110006213,0.01,True,,0.001,0.0009999996982514858,0.00013468862744048238,269.7747802734375,1884.8238525390625,110247.3515625,0.00016869331011548638,1415218048.0,647.9524536132812
npg_reward_only,706,334,570760,0.0,False,753.7025146484375,2.8891665935516357,0.0,753.7025146484375,1784.7271728515625,0.0,0.0,0.0,0.3339814841747284,True,nan,False,0.0009793215431272984,0.01,True,,0.001,0.0009999998146668077,0.00010571548045845702,753.7025146484375,1784.7271728515625,178958.71875,0.0003467573260422796,19837599744.0,1627.538818359375
npg_reward_only,706,335,571790,0.0,False,461.841796875,3.2344002723693848,0.0,461.841796875,1477.140625,0.0,0.0,0.0,0.2393735945224762,True,nan,False,0.0009769570315256715,0.01,True,,0.001,0.001000000280328095,0.0001421625929651782,461.841796875,1477.140625,98959.921875,0.0002831506135407835,2173373184.0,1365.476806640625
npg_reward_only,706,336,572613,0.0,False,446.1931457519531,2.904512405395508,0.0,446.1931457519531,1922.925537109375,0.0,0.0,0.0,-0.6454326510429382,True,nan,False,0.0015938150463625789,0.01,True,,0.001,0.0010000003967434168,0.00012360520486254245,446.1931457519531,1922.925537109375,130905.078125,0.0004192798223812133,1481468416.0,738.0744018554688
npg_reward_only,706,337,573477,0.0,False,476.1163330078125,2.8216755390167236,0.0,476.1163330078125,1635.8232421875,0.0,0.0,0.0,-0.5196487307548523,True,nan,False,0.0010292737279087305,0.01,True,,0.001,0.0010000001639127731,0.00013133110769558698,476.1163330078125,1635.8232421875,115956.421875,0.00038603576831519604,2372765952.0,783.7638549804688
npg_reward_only,706,338,574382,0.0,False,498.5738525390625,2.428068161010742,0.0,498.5738525390625,1761.7957763671875,0.0,0.0,0.0,-0.23519758880138397,True,nan,False,0.001252652844414115,0.01,True,,0.001,0.0010000001639127731,0.00012284911645110697,498.5738525390625,1761.7957763671875,132521.390625,0.0003207835543435067,8702999552.0,625.123779296875
npg_reward_only,706,339,575242,0.0,False,217.52210998535156,2.930419921875,0.0,217.52210998535156,1203.4248046875,0.0,0.0,0.0,-0.39011627435684204,True,nan,False,0.0015250126598402858,0.01,True,,0.001,0.0009999996982514858,0.00019878591410815716,217.52210998535156,1203.4248046875,50612.6171875,0.00021992217807564884,11450146816.0,662.533203125
npg_reward_only,706,340,576071,0.0,False,501.95849609375,2.6407504081726074,0.0,501.95849609375,1681.630859375,0.0,0.0,0.0,0.29908135533332825,True,nan,False,0.0014243104960769415,0.01,True,,0.001,0.0010000003967434168,0.0001255200186278671,501.95849609375,1681.630859375,126941.609375,0.0004611718177329749,17242994688.0,2821.302734375
npg_reward_only,706,341,576958,0.0,False,176.18601989746094,2.6456971168518066,0.0,176.18601989746094,1598.40673828125,0.0,0.0,0.0,-0.012049182318150997,True,nan,False,0.0015746420249342918,0.01,True,,0.001,0.000999999581836164,0.00017041803221218288,176.18601989746094,1598.40673828125,68865.0546875,0.00047828021342866123,2721487104.0,1475.1673583984375
npg_reward_only,706,342,577795,0.0,False,758.5079956054688,2.4083244800567627,0.0,758.5079956054688,2407.62744140625,0.0,0.0,0.0,0.3648877739906311,True,nan,False,0.001308558275923133,0.01,True,,0.001,0.0009999999310821295,9.604100341675803e-05,758.5079956054688,2407.62744140625,216828.625,0.0003465682966634631,1805728768.0,1309.1724853515625
npg_reward_only,706,343,578960,0.0,False,250.67742919921875,2.45866060256958,0.0,250.67742919921875,1783.9176025390625,0.0,0.0,0.0,-0.12150578945875168,True,nan,False,0.0013631638139486313,0.01,True,,0.001,0.0009999996982514858,0.00014211823872756213,250.67742919921875,1783.9176025390625,99021.6953125,0.00027542244060896337,2574914816.0,793.642822265625
npg_reward_only,706,344,579911,0.0,False,407.80859375,2.576855421066284,0.0,407.80859375,1751.94775390625,0.0,0.0,0.0,-0.2780255675315857,True,nan,False,0.001538740936666727,0.01,True,,0.001,0.001000000280328095,0.00011323926446493715,407.80859375,1751.94775390625,155968.15625,0.00023924796551000327,1106013568.0,601.8160400390625
npg_reward_only,706,345,580844,0.0,False,305.6983642578125,2.5467255115509033,0.0,305.6983642578125,1837.0345458984375,0.0,0.0,0.0,0.174272820353508,True,nan,False,0.0011555574601516128,0.01,True,,0.001,0.0010000000474974513,0.00015680550131946802,305.6983642578125,1837.0345458984375,81340.6171875,0.00034307860187254846,31006832640.0,1044.8148193359375
npg_reward_only,706,346,581674,0.0,False,159.28170776367188,2.507568120956421,0.0,159.28170776367188,1779.8519287109375,0.0,0.0,0.0,0.18596717715263367,True,nan,False,0.002624716842547059,0.01,True,,0.001,0.001000000862404704,0.0001954738690983504,159.28170776367188,1779.8519287109375,52342.2734375,0.00043031969107687473,2502577152.0,990.2175903320312
npg_reward_only,706,347,582581,0.0,False,592.06201171875,2.6899707317352295,0.0,592.06201171875,2103.60791015625,0.0,0.0,0.0,0.1724301129579544,True,nan,False,0.001329459948465228,0.01,True,,0.001,0.0009999996982514858,9.999019675888121e-05,592.06201171875,2103.60791015625,200039.21875,0.00037346023600548506,4713556992.0,773.4573974609375
npg_reward_only,706,348,583433,0.0,False,687.82763671875,2.506359577178955,0.0,687.82763671875,1887.8145751953125,0.0,0.0,0.0,-0.5350117683410645,True,nan,False,0.0015800668625161052,0.01,True,,0.001,0.0009999996982514858,0.00011729562538675964,687.82763671875,1887.8145751953125,145367.1875,0.0007694769883528352,23080511488.0,1483.8082275390625
npg_reward_only,706,349,584454,0.0,False,332.7552795410156,2.550048351287842,0.0,332.7552795410156,1763.9356689453125,0.0,0.0,0.0,-0.3358196020126343,True,nan,False,0.0014009758597239852,0.01,True,,0.001,0.0010000000474974513,0.00011287356755929068,332.7552795410156,1763.9356689453125,156980.4375,0.00018557046132627875,3692215808.0,624.675048828125
npg_reward_only,706,350,585407,0.0,False,460.7075500488281,2.4900567531585693,0.0,460.7075500488281,1905.4830322265625,0.0,0.0,0.0,0.1363670527935028,True,nan,False,0.001345117692835629,0.01,True,,0.001,0.0009999999310821295,0.00011257390724495053,460.7075500488281,1905.4830322265625,157817.265625,0.00021601046319119632,35637084160.0,519.2047119140625
npg_reward_only,706,351,586270,0.0,False,553.3895874023438,2.615455389022827,0.0,553.3895874023438,2207.537841796875,0.0,0.0,0.0,-0.005510183051228523,True,nan,False,0.0017715360736474395,0.01,True,,0.001,0.0009999999310821295,0.00010890424891840667,553.3895874023438,2207.537841796875,168632.140625,0.0002887968148570508,25748303872.0,1436.0902099609375
npg_reward_only,706,352,587216,0.0,False,443.4297180175781,2.1993284225463867,0.0,443.4297180175781,2584.984619140625,0.0,0.0,0.0,-0.2621406614780426,True,nan,False,0.0026900211814790964,0.01,True,,0.001,0.0010000000474974513,0.00010647458111634478,443.4297180175781,2584.984619140625,176416.0625,0.00025623125839047134,32757362688.0,837.9927978515625
npg_reward_only,706,353,588334,0.0,False,258.8751525878906,2.1215803623199463,0.0,258.8751525878906,2132.7177734375,0.0,0.0,0.0,-0.368753045797348,True,nan,False,0.0018943444592878222,0.01,True,,0.001,0.0010000000474974513,0.0001199059552163817,258.8751525878906,2132.7177734375,139106.84375,0.0002459992829244584,592930880.0,653.0952758789062
npg_reward_only,706,354,589315,0.0,False,216.86390686035156,2.2950611114501953,0.0,216.86390686035156,1684.5361328125,0.0,0.0,0.0,0.008185670711100101,True,nan,False,0.001370761077851057,0.01,True,,0.001,0.0010000001639127731,0.0001559810189064592,216.86390686035156,1684.5361328125,82202.78125,0.00021988192747812718,17211779072.0,601.8945922851562
npg_reward_only,706,355,590231,0.0,False,608.0120239257812,2.2377021312713623,0.0,608.0120239257812,1863.3629150390625,0.0,0.0,0.0,-0.36215656995773315,True,nan,False,0.0012556553119793534,0.01,True,,0.001,0.0009999999310821295,0.00010901239875238389,608.0120239257812,1863.3629150390625,168297.71875,0.00026304152561351657,3460175104.0,719.5910034179688
npg_reward_only,706,356,591246,0.0,False,249.9576416015625,2.2076163291931152,0.0,249.9576416015625,1705.4232177734375,0.0,0.0,0.0,-0.3464825451374054,True,nan,False,0.004328101873397827,0.01,True,,0.001,0.0010000007459893823,0.00016225520812440664,249.9576416015625,1705.4232177734375,75968.359375,0.00024080963339656591,1845053952.0,612.80615234375
npg_reward_only,706,357,592209,0.0,False,388.3140869140625,2.297701597213745,0.0,388.3140869140625,1733.8768310546875,0.0,0.0,0.0,0.1786804497241974,True,nan,False,0.0012798197567462921,0.01,True,,0.001,0.001000000978820026,0.0001309050858253613,388.3140869140625,1733.8768310546875,116712.3984375,0.0004794323176611215,1870817152.0,996.4560546875
npg_reward_only,706,358,593104,0.0,False,438.8835144042969,2.2383341789245605,0.0,438.8835144042969,1662.268798828125,0.0,0.0,0.0,0.40986666083335876,True,nan,False,0.0013474622974172235,0.01,True,,0.001,0.0010000000474974513,0.00013017516175750643,438.8835144042969,1662.268798828125,118024.9375,0.00043770368210971355,7839780352.0,1469.730224609375
npg_reward_only,706,359,594091,0.0,False,473.719482421875,2.61953067779541,0.0,473.719482421875,2106.0107421875,0.0,0.0,0.0,-0.23623768985271454,True,nan,False,0.0010476965690031648,0.01,True,,0.001,0.0010000001639127731,0.00012119151506340131,473.719482421875,2106.0107421875,136171.296875,0.0003661578812170774,3728695552.0,950.1168823242188
npg_reward_only,706,360,595115,0.0,False,390.853759765625,2.5027105808258057,0.0,390.853759765625,1787.3553466796875,0.0,0.0,0.0,0.3604201078414917,True,nan,False,0.0012052800739184022,0.01,True,,0.001,0.0009999999310821295,0.00012420782877597958,390.853759765625,1787.3553466796875,129637.9296875,0.0004426178347785026,1511612928.0,1156.123779296875
npg_reward_only,706,361,596009,0.0,False,342.6747741699219,2.438114881515503,0.0,342.6747741699219,1886.6610107421875,0.0,0.0,0.0,-0.4133470356464386,True,nan,False,0.0014738230966031551,0.01,True,,0.001,0.000999999581836164,0.00012658993364311755,342.6747741699219,1886.6610107421875,124804.8984375,0.00020975615188945085,738584256.0,651.2861938476562
npg_reward_only,706,362,596985,0.0,False,405.6618957519531,2.1462366580963135,0.0,405.6618957519531,1664.4337158203125,0.0,0.0,0.0,-0.10801482945680618,True,nan,False,0.0013234318466857076,0.01,True,,0.001,0.0009999999310821295,0.00011396344780223444,405.6618957519531,1664.4337158203125,153992.25,0.00022884935606271029,414256672.0,660.5140991210938
npg_reward_only,706,363,597949,0.0,False,223.2802276611328,2.517503023147583,0.0,223.2802276611328,1697.3306884765625,0.0,0.0,0.0,-0.4755406081676483,True,nan,False,0.0020265132188796997,0.01,True,,0.001,0.0009999999310821295,0.00018844244186766446,223.2802276611328,1697.3306884765625,56321.2890625,0.0002062074199784547,7987785728.0,618.2786254882812
npg_reward_only,706,364,598831,0.0,False,351.1686706542969,2.371980905532837,0.0,351.1686706542969,1565.160888671875,0.0,0.0,0.0,-0.21295112371444702,True,nan,False,0.0017280670581385493,0.01,True,,0.001,0.001000000280328095,0.00016504820086993277,351.1686706542969,1565.160888671875,73419.0,0.00027377522201277316,1833463808.0,833.718017578125
npg_reward_only,706,365,599813,0.0,False,296.2411193847656,2.6865952014923096,0.0,296.2411193847656,1664.0477294921875,0.0,0.0,0.0,-0.2563403844833374,True,nan,False,0.001261650468222797,0.01,True,,0.001,0.0009999999310821295,0.0001510158326709643,296.2411193847656,1664.0477294921875,87697.0625,0.0006335728685371578,301030408192.0,1469.7872314453125
npg_reward_only,706,366,600642,0.0,False,335.4788513183594,2.5253398418426514,0.0,335.4788513183594,1777.1898193359375,0.0,0.0,0.0,0.15718570351600647,True,nan,False,0.001561825629323721,0.01,True,,0.001,0.0009999999310821295,0.00014643838221672922,335.4788513183594,1777.1898193359375,93265.3203125,0.0004230197810102254,1313565056.0,1955.0802001953125
npg_reward_only,706,367,601630,0.0,False,206.20574951171875,2.8210856914520264,0.0,206.20574951171875,1915.362548828125,0.0,0.0,0.0,-0.18835030496120453,True,nan,False,0.002021552762016654,0.01,True,,0.001,0.0010000003967434168,0.0001531867601443082,206.20574951171875,1915.362548828125,85229.03125,0.0003200734208803624,5055781888.0,676.7836303710938
npg_reward_only,706,368,602453,0.0,False,530.376953125,2.4976885318756104,0.0,530.376953125,1913.2642822265625,0.0,0.0,0.0,0.42263126373291016,True,nan,False,0.0011892407201230526,0.01,True,,0.001,0.0010000001639127731,0.00010633845522534102,530.376953125,1913.2642822265625,176868.015625,0.0004502504598349333,1961725952.0,2605.8359375
npg_reward_only,706,369,603482,0.0,False,433.9021301269531,1.7517364025115967,0.0,433.9021301269531,2680.130859375,0.0,0.0,0.0,-0.04685604199767113,True,nan,False,0.0021517607383430004,0.01,True,,0.001,0.0009999999310821295,9.962513286154717e-05,433.9021301269531,2680.130859375,201507.96875,0.0004994799382984638,27837911040.0,4500.34130859375
npg_reward_only,706,370,604637,0.0,False,379.2683410644531,1.9951063394546509,0.0,379.2683410644531,1844.509033203125,0.0,0.0,0.0,-0.14617125689983368,True,nan,False,0.000984491198323667,0.01,True,,0.001,0.0010000003967434168,0.00013632629998028278,379.2683410644531,1844.509033203125,107614.4921875,0.0002272974088555202,324961792.0,580.5433959960938
npg_reward_only,706,371,605648,0.0,False,761.85791015625,2.1151418685913086,0.0,761.85791015625,1997.84423828125,0.0,0.0,0.0,0.10450486838817596,True,nan,False,0.000967806379776448,0.01,True,,0.001,0.0009999999310821295,8.745589730096981e-05,761.85791015625,1997.84423828125,261488.03125,0.0005314694135449827,1717344512.0,1589.4403076171875
npg_reward_only,706,372,606742,0.0,False,412.80975341796875,2.40608549118042,0.0,412.80975341796875,1559.57373046875,0.0,0.0,0.0,0.17439037561416626,True,nan,False,0.001242522499524057,0.01,True,,0.001,0.0010000001639127731,0.00013641829718835652,412.80975341796875,1559.57373046875,107469.390625,0.00018871083739213645,4565543424.0,521.72021484375
npg_reward_only,706,373,607598,0.0,False,1481.46484375,2.227250099182129,0.0,1481.46484375,2981.051513671875,0.0,0.0,0.0,-0.4773484766483307,True,nan,False,0.0016116808401420712,0.01,True,,0.001,0.0010000000474974513,8.69270006660372e-05,1481.46484375,2981.051513671875,264679.71875,0.0023896251805126667,43566772224.0,3396.835205078125
npg_reward_only,706,374,608671,0.0,False,310.3556823730469,2.239685297012329,0.0,310.3556823730469,1670.10693359375,0.0,0.0,0.0,-0.44538140296936035,True,nan,False,0.0015721827512606978,0.01,True,,0.001,0.0010000000474974513,0.00017474389460403472,310.3556823730469,1670.10693359375,65497.6953125,0.00031384878093376756,443833376.0,692.9495239257812
npg_reward_only,706,375,609613,0.0,False,536.4280395507812,2.37711501121521,0.0,536.4280395507812,1646.1402587890625,0.0,0.0,0.0,-0.25306761264801025,True,nan,False,0.0015585055807605386,0.01,True,,0.001,0.0009999999310821295,0.00012013319792458788,536.4280395507812,1646.1402587890625,138581.078125,0.00029560300754383206,889149952.0,721.0399780273438
npg_reward_only,706,376,610543,0.0,False,731.6231689453125,2.255946636199951,0.0,731.6231689453125,2289.89697265625,0.0,0.0,0.0,0.3037823736667633,True,nan,False,0.00180229009129107,0.01,True,,0.001,0.0009999999310821295,0.00010170050518354401,731.6231689453125,2289.89697265625,193367.625,0.00043898020521737635,1633148416.0,1558.3128662109375
npg_reward_only,706,377,611586,0.0,False,197.72633361816406,2.52012038230896,0.0,197.72633361816406,1600.1337890625,0.0,0.0,0.0,-0.1461963802576065,True,nan,False,0.0020033286418765783,0.01,True,,0.001,0.0009999996982514858,0.00013747917546425015,197.72633361816406,1600.1337890625,105817.171875,0.00016742036677896976,687826560.0,562.067626953125
npg_reward_only,706,378,612544,0.0,False,384.09136962890625,2.540253162384033,0.0,384.09136962890625,1769.9759521484375,0.0,0.0,0.0,-0.22264792025089264,True,nan,False,0.0013164931442588568,0.01,True,,0.001,0.0009999999310821295,0.00014953874051570892,384.09136962890625,1769.9759521484375,89438.109375,0.00037557451287284493,12599759872.0,1411.208984375
npg_reward_only,706,379,613504,0.0,False,372.2624206542969,2.323641538619995,0.0,372.2624206542969,1697.262451171875,0.0,0.0,0.0,-0.36475124955177307,True,nan,False,0.0015145441284403205,0.01,True,,0.001,0.001000000862404704,0.00015655913739465177,372.2624206542969,1697.262451171875,81596.8046875,0.0003318250528536737,1155669632.0,2288.1103515625
npg_reward_only,706,380,614360,0.0,False,277.47052001953125,2.3128066062927246,0.0,277.47052001953125,1409.928955078125,0.0,0.0,0.0,-0.47734102606773376,True,nan,False,0.001342913368716836,0.01,True,,0.001,0.0009999999310821295,0.0001604015997145325,277.47052001953125,1409.928955078125,77734.2890625,0.000189979633432813,1189502464.0,579.2440795898438
npg_reward_only,706,381,615391,0.0,False,159.630126953125,2.3668718338012695,0.0,159.630126953125,1950.0694580078125,0.0,0.0,0.0,-0.06194162368774414,True,nan,False,0.0015160134062170982,0.01,True,,0.001,0.0009999996982514858,0.0001612500927876681,159.630126953125,1950.0694580078125,76918.3671875,0.00018688631826080382,1615688192.0,713.2213134765625
npg_reward_only,706,382,616391,0.0,False,356.4286804199219,2.514331102371216,0.0,356.4286804199219,1498.1907958984375,0.0,0.0,0.0,-0.4454877972602844,True,nan,False,0.0013835912104696035,0.01,True,,0.001,0.0010000000474974513,0.00013027350360061973,356.4286804199219,1498.1907958984375,117846.8125,0.000918260426260531,3130352640.0,1653.8916015625
npg_reward_only,706,383,617326,0.0,False,963.3469848632812,2.6695396900177,0.0,963.3469848632812,2104.445068359375,0.0,0.0,0.0,-0.687465250492096,True,nan,False,0.0012286967830732465,0.01,True,,0.001,0.0010000001639127731,9.907202183967456e-05,963.3469848632812,2104.445068359375,203764.25,0.00040570131386630237,8474332160.0,3844.3271484375
npg_reward_only,706,384,618300,0.0,False,395.8222961425781,2.789602279663086,0.0,395.8222961425781,1655.37060546875,0.0,0.0,0.0,-0.061312779784202576,True,nan,False,0.001227507833391428,0.01,True,,0.001,0.0010000001639127731,0.00013666327868122607,395.8222961425781,1655.37060546875,107084.4296875,0.00042477293754927814,1048257664.0,714.5210571289062
npg_reward_only,706,385,619289,0.0,False,869.2615356445312,2.396444082260132,0.0,869.2615356445312,2686.11474609375,0.0,0.0,0.0,-0.561901867389679,True,nan,False,0.0015611518174409866,0.01,True,,0.001,0.0010000001639127731,0.0001042403164319694,869.2615356445312,2686.11474609375,184059.640625,0.0010614083148539066,107677728768.0,2296.78466796875
npg_reward_only,706,386,620348,0.0,False,334.4046630859375,2.493096351623535,0.0,334.4046630859375,1411.23974609375,0.0,0.0,0.0,-0.36964601278305054,True,nan,False,0.0009378789691254497,0.01,True,,0.001,0.0010000001639127731,0.00015532661927863955,334.4046630859375,1411.23974609375,82896.890625,0.00020230567315593362,1207501568.0,742.9539184570312
npg_reward_only,706,387,621246,0.0,False,359.7278137207031,2.4710278511047363,0.0,359.7278137207031,1598.963134765625,0.0,0.0,0.0,0.1411595642566681,True,nan,False,0.0013717334950342774,0.01,True,,0.001,0.0009999998146668077,0.0001326783385593444,359.7278137207031,1598.963134765625,113613.515625,0.00044255331158638,1115643904.0,813.7453002929688
npg_reward_only,706,388,622179,0.0,False,313.3231201171875,2.5412280559539795,0.0,313.3231201171875,2518.430419921875,0.0,0.0,0.0,-0.23567071557044983,True,nan,False,0.0018238200573250651,0.01,True,,0.001,0.000999999581836164,0.00011434562475187704,313.3231201171875,2518.430419921875,152964.59375,0.00031106240930967033,2659833600.0,730.1295166015625
npg_reward_only,706,389,623184,0.0,False,274.34027099609375,2.264392137527466,0.0,274.34027099609375,1494.237548828125,0.0,0.0,0.0,0.31355902552604675,True,nan,False,0.0027634850703179836,0.01,True,,0.001,0.0009999994654208422,0.00013603016850538552,274.34027099609375,1494.237548828125,108083.53125,0.00042358736391179264,2080285312.0,774.6178588867188
npg_reward_only,706,390,624092,0.0,False,347.0684509277344,2.9024362564086914,0.0,347.0684509277344,1973.4794921875,0.0,0.0,0.0,-0.06324207782745361,True,nan,False,0.001341884839348495,0.01,True,,0.001,0.0010000005131587386,0.00011618404823821038,347.0684509277344,1973.4794921875,148162.0625,0.0003181995707564056,10273045504.0,3067.29296875
npg_reward_only,706,391,625189,0.0,False,432.93048095703125,2.121328353881836,0.0,432.93048095703125,2125.260986328125,0.0,0.0,0.0,-0.10964568704366684,True,nan,False,0.001295762020163238,0.01,True,,0.001,0.0009999999310821295,9.112224506679922e-05,432.93048095703125,2125.260986328125,240869.171875,0.00044104669359512627,874098176.0,1062.8138427734375
npg_reward_only,706,392,626339,0.0,False,217.77548217773438,2.0752546787261963,0.0,217.77548217773438,2151.382080078125,0.0,0.0,0.0,0.07790557295084,True,nan,False,0.0017277635633945465,0.01,True,,0.001,0.0010000000474974513,0.0001392427075188607,217.77548217773438,2151.382080078125,103153.765625,0.00017013012256938964,19181860864.0,603.4031982421875
npg_reward_only,706,393,627342,0.0,False,470.15545654296875,2.1343562602996826,0.0,470.15545654296875,2399.346923828125,0.0,0.0,0.0,-0.18207213282585144,True,nan,False,0.0012589662801474333,0.01,True,,0.001,0.0009999998146668077,9.02311148820445e-05,470.15545654296875,2399.346923828125,245650.34375,0.0005028148298151791,350001280.0,575.5001220703125
npg_reward_only,706,394,628474,0.0,False,409.9146423339844,2.2674098014831543,0.0,409.9146423339844,2191.56201171875,0.0,0.0,0.0,0.5972870588302612,True,nan,False,0.0014061261899769306,0.01,True,,0.001,0.0010000000474974513,0.0001246062311111018,409.9146423339844,2191.56201171875,128810.28125,0.00019946807879023254,395402592.0,402.67852783203125
npg_reward_only,706,395,629533,0.0,False,613.9696655273438,2.0998096466064453,0.0,613.9696655273438,2288.64111328125,0.0,0.0,0.0,-0.03244537487626076,True,nan,False,0.0014446019195020199,0.01,True,,0.001,0.0010000003967434168,8.979156700661406e-05,613.9696655273438,2288.64111328125,248061.25,0.0002723156940191984,2368017664.0,792.220458984375
npg_reward_only,706,396,630610,0.0,False,1052.821044921875,2.0475053787231445,0.0,1052.821044921875,2007.42529296875,0.0,0.0,0.0,-0.5495734810829163,True,nan,False,0.001095977728255093,0.01,True,,0.001,0.0010000001639127731,0.0001141225075116381,1052.821044921875,2007.42529296875,153563.296875,0.000535251630935818,4062157824.0,1681.9500732421875
npg_reward_only,706,397,631659,0.0,False,408.078857421875,2.139751434326172,0.0,408.078857421875,2379.787841796875,0.0,0.0,0.0,-0.3308270573616028,True,nan,False,0.002185797318816185,0.01,True,,0.001,0.000999999581836164,0.00011180530418641865,408.078857421875,2379.787841796875,159994.5625,0.0003601746866479516,3919419648.0,671.5965576171875
npg_reward_only,706,398,632730,0.0,False,512.8904418945312,2.467465877532959,0.0,512.8904418945312,2347.990478515625,0.0,0.0,0.0,-0.4192204773426056,True,nan,False,0.0014763276558369398,0.01,True,,0.001,0.0009999996982514858,9.568484529154375e-05,512.8904418945312,2347.990478515625,218445.796875,0.0002488638856448233,1466770560.0,616.1640625
npg_reward_only,706,399,633670,0.0,False,187.135009765625,1.9978176355361938,0.0,187.135009765625,1810.818359375,0.0,0.0,0.0,-0.2239929735660553,True,nan,False,0.0016772792441770434,0.01,True,,0.001,0.0009999996982514858,0.00014283423661254346,187.135009765625,1810.818359375,98031.4375,0.0003320026444271207,1024007552.0,941.8798217773438
npg_reward_only,706,400,634672,0.0,False,253.109375,2.098893165588379,0.0,253.109375,1250.963134765625,0.0,0.0,0.0,0.06368649750947952,True,nan,False,0.0015510175144299865,0.01,True,,0.001,0.0009999999310821295,0.00020322798809502274,253.109375,1250.963134765625,48424.2578125,9.336710354546085e-05,367311776.0,322.59222412109375
npg_reward_only,706,401,635563,0.0,False,234.5900421142578,1.91651451587677,0.0,234.5900421142578,1730.0623779296875,0.0,0.0,0.0,-0.531830370426178,True,nan,False,0.0016551779117435217,0.01,True,,0.001,0.0010000006295740604,0.0001615110522834584,234.5900421142578,1730.0623779296875,76670.015625,0.00016568908176850528,235792080.0,484.7575378417969
npg_reward_only,706,402,636596,0.0,False,299.64410400390625,1.9531978368759155,0.0,299.64410400390625,2241.465087890625,0.0,0.0,0.0,0.07718650251626968,True,nan,False,0.0014760757330805063,0.01,True,,0.001,0.0009999998146668077,0.00012056731793563813,299.64410400390625,2241.465087890625,137584.90625,0.000195419488591142,108509208576.0,593.1857299804688
npg_reward_only,706,403,637622,0.0,False,338.7776184082031,1.9865094423294067,0.0,338.7776184082031,1654.3565673828125,0.0,0.0,0.0,-0.473057359457016,True,nan,False,0.0012285469565540552,0.01,True,,0.001,0.0009999999310821295,0.00013053754810243845,338.7776184082031,1654.3565673828125,117370.53125,0.000245411618379876,616714944.0,647.1353149414062
npg_reward_only,706,404,638575,0.0,False,461.1504821777344,1.9275619983673096,0.0,461.1504821777344,1951.1168212890625,0.0,0.0,0.0,0.3902507722377777,True,nan,False,0.002102581085637212,0.01,True,,0.001,0.0010000001639127731,0.00012102984328521416,461.1504821777344,1951.1168212890625,136535.34375,0.0018114799167960882,1998235776.0,2377.821533203125
npg_reward_only,706,405,639624,0.0,False,224.59071350097656,2.3914883136749268,0.0,224.59071350097656,1511.659912109375,0.0,0.0,0.0,0.029514556750655174,True,nan,False,0.0012336110230535269,0.01,True,,0.001,0.0009999999310821295,0.00014781141362618655,224.59071350097656,1511.659912109375,91540.6640625,0.0002634406555444002,2281479936.0,983.7261352539062
npg_reward_only,706,406,640526,0.0,False,552.7718505859375,1.8917254209518433,0.0,552.7718505859375,1575.4005126953125,0.0,0.0,0.0,0.09061039239168167,True,nan,False,0.0013290789211168885,0.01,True,,0.001,0.0009999999310821295,0.00010551768355071545,552.7718505859375,1575.4005126953125,179630.265625,0.00028653760091401637,2096748288.0,650.1166381835938
npg_reward_only,706,407,641483,0.0,False,509.0638122558594,2.2719082832336426,0.0,509.0638122558594,1925.9974365234375,0.0,0.0,0.0,0.4804578125476837,True,nan,False,0.0008648405782878399,0.01,True,,0.001,0.0010000001639127731,9.764142305357382e-05,509.0638122558594,1925.9974365234375,209778.90625,0.00034406629856675863,4344728576.0,1847.3638916015625
npg_reward_only,706,408,642438,0.0,False,455.15313720703125,1.8363782167434692,0.0,455.15313720703125,1861.9256591796875,0.0,0.0,0.0,-0.19332948327064514,True,nan,False,0.0010330002987757325,0.01,True,,0.001,0.0010000006295740604,0.00013254050281830132,455.15313720703125,1861.9256591796875,113849.9375,0.000344741070875898,2147083392.0,860.6340942382812
npg_reward_only,706,409,643508,0.0,False,228.27056884765625,1.9104809761047363,0.0,228.27056884765625,1935.12646484375,0.0,0.0,0.0,-0.1249636709690094,True,nan,False,0.0020156961400061846,0.01,True,,0.001,0.000999999581836164,0.00014995351375546306,228.27056884765625,1935.12646484375,88944.015625,0.00015813365462236106,875733184.0,680.1243896484375
npg_reward_only,706,410,644458,0.0,False,558.4473876953125,2.0417065620422363,0.0,558.4473876953125,1798.0555419921875,0.0,0.0,0.0,-0.42152971029281616,True,nan,False,0.0016652194317430258,0.01,True,,0.001,0.0010000000474974513,0.00015316893404815346,558.4473876953125,1798.0555419921875,85248.8671875,0.0014997071120887995,11614704640.0,2747.641845703125
npg_reward_only,706,411,645397,0.0,False,529.313720703125,2.0177090167999268,0.0,529.313720703125,2417.208251953125,0.0,0.0,0.0,-0.6834529042243958,True,nan,False,0.0013644262216985226,0.01,True,,0.001,0.0010000001639127731,0.00012962725304532796,529.313720703125,2417.208251953125,119024.78125,0.0002820450463332236,2104480512.0,1323.38720703125
npg_reward_only,706,412,646404,0.0,False,477.2053527832031,2.229841947555542,0.0,477.2053527832031,1873.789794921875,0.0,0.0,0.0,-0.5553728938102722,True,nan,False,0.0012504347832873464,0.01,True,,0.001,0.0009999999310821295,0.00010967996786348522,477.2053527832031,1873.789794921875,166255.265625,0.0004172199114691466,499043968.0,1034.4954833984375
npg_reward_only,706,413,647384,0.0,False,515.15234375,2.104430675506592,0.0,515.15234375,1881.158935546875,0.0,0.0,0.0,-0.12759347259998322,True,nan,False,0.001173243741504848,0.01,True,,0.001,0.0010000001639127731,8.900061948224902e-05,515.15234375,1881.158935546875,252489.859375,0.0002010272437473759,265736480.0,405.626708984375
npg_reward_only,706,414,648365,0.0,False,214.67845153808594,2.0751914978027344,0.0,214.67845153808594,1844.828369140625,0.0,0.0,0.0,-0.4448166787624359,True,nan,False,0.0028828801587224007,0.01,True,,0.001,0.0009999999310821295,0.00014090600598137826,214.67845153808594,1844.828369140625,100732.8125,0.0001475241588195786,362797120.0,699.7803955078125
npg_reward_only,706,415,649297,0.0,False,264.0985107421875,2.048168897628784,0.0,264.0985107421875,1256.0250244140625,0.0,0.0,0.0,0.12337169051170349,True,nan,False,0.0016343359602615237,0.01,True,,0.001,0.0010000003967434168,0.00017523166025057435,264.0985107421875,1256.0250244140625,65133.5703125,0.0005201202002353966,2102521600.0,1215.1329345703125
npg_reward_only,706,416,650154,0.0,False,305.5137939453125,2.2300148010253906,0.0,305.5137939453125,2420.78173828125,0.0,0.0,0.0,-0.3856715261936188,True,nan,False,0.001319977454841137,0.01,True,,0.001,0.0010000000474974513,9.959880117094144e-05,305.5137939453125,2420.78173828125,201614.515625,0.0004045059031341225,566084544.0,1169.205810546875
npg_reward_only,706,417,651155,0.0,False,243.8885040283203,2.1808528900146484,0.0,243.8885040283203,2067.465576171875,0.0,0.0,0.0,-0.13840457797050476,True,nan,False,0.0015876878751441836,0.01,True,,0.001,0.0009999998146668077,0.00012096475984435529,243.8885040283203,2067.465576171875,136682.296875,0.00015192174760159105,2271183616.0,558.4166259765625
npg_reward_only,706,418,652073,0.0,False,336.18316650390625,1.953208088874817,0.0,336.18316650390625,2267.36083984375,0.0,0.0,0.0,0.26107239723205566,True,nan,False,0.0013732173247262836,0.01,True,,0.001,0.0009999999310821295,0.0001209443507832475,336.18316650390625,2267.36083984375,136728.4375,0.00013032516289968044,4350418944.0,349.6386413574219
npg_reward_only,706,419,653186,0.0,False,180.8422393798828,1.9965429306030273,0.0,180.8422393798828,1741.0888671875,0.0,0.0,0.0,0.15089048445224762,True,nan,False,0.0016033321153372526,0.01,True,,0.001,0.0010000000474974513,0.00015336704382207245,180.8422393798828,1741.0888671875,85028.7734375,0.0002517907996661961,1015388160.0,828.4712524414062
npg_reward_only,706,420,654080,0.0,False,312.9486999511719,2.043266773223877,0.0,312.9486999511719,2139.5224609375,0.0,0.0,0.0,0.493524432182312,True,nan,False,0.0016154625918716192,0.01,True,,0.001,0.0009999992325901985,0.00013886061788070947,312.9486999511719,2139.5224609375,103722.2265625,0.00038262386806309223,2124576512.0,897.3907470703125
npg_reward_only,706,421,655123,0.0,False,154.17649841308594,1.9916366338729858,0.0,154.17649841308594,1234.74169921875,0.0,0.0,0.0,0.3825097680091858,True,nan,False,0.0013488433323800564,0.01,True,,0.001,0.0010000000474974513,0.00019529614655766636,154.17649841308594,1234.74169921875,52437.5859375,0.0001098589418688789,1697325824.0,486.15008544921875
npg_reward_only,706,422,655997,0.0,False,188.85983276367188,2.3175201416015625,0.0,188.85983276367188,1467.879638671875,0.0,0.0,0.0,-0.5007079839706421,True,nan,False,0.002030238974839449,0.01,True,,0.001,0.001000000280328095,0.0001812712143873796,188.85983276367188,1467.879638671875,60865.65625,0.000515031861141324,504008064.0,674.9293212890625
npg_reward_only,706,423,656886,0.0,False,161.50157165527344,2.2230539321899414,0.0,161.50157165527344,1609.0577392578125,0.0,0.0,0.0,-0.3306199908256531,True,nan,False,0.001841232180595398,0.01,True,,0.001,0.0010000001639127731,0.0001614917127881199,161.50157165527344,1609.0577392578125,76688.375,8.7814885773696e-05,2129332352.0,1062.6455078125
npg_reward_only,706,424,657805,0.0,False,268.2183837890625,1.8137059211730957,0.0,268.2183837890625,1918.9090576171875,0.0,0.0,0.0,-0.024540606886148453,True,nan,False,0.0013252077624201775,0.01,True,,0.001,0.0010000000474974513,0.0001246281899511814,268.2183837890625,1918.9090576171875,128764.8671875,0.00020482481340877712,673555328.0,862.7098388671875
npg_reward_only,706,425,658727,0.0,False,200.01406860351562,2.0577495098114014,0.0,200.01406860351562,1378.33203125,0.0,0.0,0.0,0.22543859481811523,True,nan,False,0.0015195227460935712,0.01,True,,0.001,0.0009999998146668077,0.00021467107580974698,200.01406860351562,1378.33203125,43399.3203125,0.00012025261821690947,2612784128.0,530.7444458007812
npg_reward_only,706,426,659660,0.0,False,327.9154052734375,2.078629970550537,0.0,327.9154052734375,1752.383544921875,0.0,0.0,0.0,-0.021496672183275223,True,nan,False,0.001160241081379354,0.01,True,,0.001,0.0009999999310821295,0.00013575378397945315,327.9154052734375,1752.383544921875,108524.0859375,0.00020514348580036312,6510518784.0,2365.357421875
npg_reward_only,706,427,660609,0.0,False,830.9730834960938,2.1640913486480713,0.0,830.9730834960938,1701.497802734375,0.0,0.0,0.0,0.41709327697753906,True,nan,False,0.0013495030580088496,0.01,True,,0.001,0.0009999999310821295,0.00014140081475488842,830.9730834960938,1701.497802734375,100029.0546875,0.0006381579441949725,9510706176.0,2790.274169921875
npg_reward_only,706,428,661553,0.0,False,223.9179229736328,2.300081253051758,0.0,223.9179229736328,1517.3453369140625,0.0,0.0,0.0,0.21751512587070465,True,nan,False,0.0016346374759450555,0.01,True,,0.001,0.0009999998146668077,0.00014929997269064188,223.9179229736328,1517.3453369140625,89724.40625,0.00018306580022908747,944090688.0,550.5121459960938
npg_reward_only,706,429,662478,0.0,False,462.37005615234375,1.9596772193908691,0.0,462.37005615234375,1520.0146484375,0.0,0.0,0.0,0.0294268149882555,True,nan,False,0.0012112174881622195,0.01,True,,0.001,0.0009999999310821295,0.00012762121332343668,462.37005615234375,1520.0146484375,122796.015625,0.0002910398761741817,1741061376.0,2026.033935546875
npg_reward_only,706,430,663392,0.0,False,303.29412841796875,2.211202383041382,0.0,303.29412841796875,1587.672607421875,0.0,0.0,0.0,-0.08390244096517563,True,nan,False,0.0014340269844979048,0.01,True,,0.001,0.0010000000474974513,0.0001713182864477858,303.29412841796875,1587.672607421875,68143.2109375,0.0001469561248086393,3750351104.0,893.360107421875
npg_reward_only,706,431,664316,0.0,False,401.07855224609375,2.4825305938720703,0.0,401.07855224609375,1430.1473388671875,0.0,0.0,0.0,-0.3141525685787201,True,nan,False,0.001104078721255064,0.01,True,,0.001,0.0010000003967434168,0.0001231561618624255,401.07855224609375,1430.1473388671875,131861.40625,0.00023638608399778605,2316738816.0,1005.486328125
npg_reward_only,706,432,665197,0.0,False,329.1785888671875,2.631187677383423,0.0,329.1785888671875,1942.40869140625,0.0,0.0,0.0,-0.48100364208221436,True,nan,False,0.0021554778795689344,0.01,True,,0.001,0.0009999998146668077,0.00013312994269654155,329.1785888671875,1942.40869140625,112844.0234375,0.00021074815595056862,1414776064.0,644.9168090820312
npg_reward_only,706,433,666098,0.0,False,188.3068084716797,2.225393295288086,0.0,188.3068084716797,1779.528076171875,0.0,0.0,0.0,-0.13256323337554932,True,nan,False,0.0018431551288813353,0.01,True,,0.001,0.0010000001639127731,0.00015897549747023731,188.3068084716797,1779.528076171875,79135.1875,0.00023746315855532885,8876673024.0,645.7821044921875
npg_reward_only,706,434,666990,0.0,False,118.297119140625,2.418745517730713,0.0,118.297119140625,1389.683837890625,0.0,0.0,0.0,-0.055692434310913086,True,nan,False,0.0015134857967495918,0.01,True,,0.001,0.0010000001639127731,0.00023851473815739155,118.297119140625,1389.683837890625,35156.01171875,0.00021845354058314115,4597309952.0,1074.4193115234375
npg_reward_only,706,435,667809,0.0,False,337.11224365234375,2.2393388748168945,0.0,337.11224365234375,1306.8145751953125,0.0,0.0,0.0,0.2647814452648163,True,nan,False,0.0011355389142408967,0.01,True,,0.001,0.0010000000474974513,0.00016223017883021384,337.11224365234375,1306.8145751953125,75991.796875,0.0001981220702873543,518610624.0,751.5989379882812
npg_reward_only,706,436,668674,0.0,False,394.7161865234375,2.0804076194763184,0.0,394.7161865234375,1655.9658203125,0.0,0.0,0.0,-0.03822427988052368,True,nan,False,0.001420135609805584,0.01,True,,0.001,0.0010000000474974513,0.0001466267422074452,394.7161865234375,1655.9658203125,93025.84375,0.00018323898257222027,733526848.0,578.857666015625
npg_reward_only,706,437,669588,0.0,False,224.3067169189453,2.3730268478393555,0.0,224.3067169189453,1783.68798828125,0.0,0.0,0.0,0.31580016016960144,True,nan,False,0.001309631043113768,0.01,True,,0.001,0.0010000003967434168,0.00014835533511359245,224.3067169189453,1783.68798828125,90870.6640625,0.00021374983771238476,52683251712.0,592.0399780273438
npg_reward_only,706,438,670442,0.0,False,441.3140563964844,2.5917749404907227,0.0,441.3140563964844,2181.125,0.0,0.0,0.0,0.12387412041425705,True,nan,False,0.0013293963856995106,0.01,True,,0.001,0.0009999996982514858,0.00011059761891374364,441.3140563964844,2181.125,163507.796875,0.0004600394458975643,1190622464.0,469.1138000488281
npg_reward_only,706,439,671467,0.0,False,305.9174499511719,2.584144353866577,0.0,305.9174499511719,1297.6578369140625,0.0,0.0,0.0,0.1688368171453476,True,nan,False,0.0016900410410016775,0.01,True,,0.001,0.0010000003967434168,0.00016221983241848648,305.9174499511719,1297.6578369140625,76001.5,0.0002549082273617387,1975384704.0,725.6881713867188
npg_reward_only,706,440,672273,0.0,False,254.93548583984375,2.6100072860717773,0.0,254.93548583984375,1336.7183837890625,0.0,0.0,0.0,-0.6140197515487671,True,nan,False,0.002079277066513896,0.01,True,,0.001,0.000999998301267624,0.00019807310309261084,254.93548583984375,1336.7183837890625,50977.5546875,0.0004711591172963381,16609500160.0,1238.949462890625
npg_reward_only,706,441,673037,0.0,False,459.3983459472656,2.4356086254119873,0.0,459.3983459472656,1979.6866455078125,0.0,0.0,0.0,-0.20478257536888123,True,nan,False,0.0013397298753261566,0.01,True,,0.001,0.0010000001639127731,0.0001113730322686024,459.3983459472656,1979.6866455078125,161238.9375,0.00026980252005159855,1433207936.0,1865.9989013671875
npg_reward_only,706,442,673928,0.0,False,427.63140869140625,2.39216685295105,0.0,427.63140869140625,2042.4842529296875,0.0,0.0,0.0,-0.2392921894788742,True,nan,False,0.0020313141867518425,0.01,True,,0.001,0.0009999998146668077,0.00010383762128185481,427.63140869140625,2042.4842529296875,185490.03125,0.00035311566898599267,8853331968.0,989.6444091796875
npg_reward_only,706,443,674797,0.0,False,350.5137634277344,1.9899650812149048,0.0,350.5137634277344,2007.859375,0.0,0.0,0.0,0.100059375166893,True,nan,False,0.001244605635292828,0.01,True,,0.001,0.0009999998146668077,0.00011631516827037558,350.5137634277344,2007.859375,147828.203125,0.00016995765327010304,3465828096.0,619.2645874023438
npg_reward_only,706,444,675720,0.0,False,324.5053405761719,2.3566830158233643,0.0,324.5053405761719,1865.3497314453125,0.0,0.0,0.0,-0.17262209951877594,True,nan,False,0.0014524467987939715,0.01,True,,0.001,0.0010000001639127731,0.00011952795466640964,324.5053405761719,1865.3497314453125,139988.078125,0.00028396668494679034,3753967616.0,741.5557250976562
npg_reward_only,706,445,676655,0.0,False,246.15557861328125,2.6377573013305664,0.0,246.15557861328125,1359.0772705078125,0.0,0.0,0.0,0.11986298859119415,True,nan,False,0.0012513409601524472,0.01,True,,0.001,0.0010000001639127731,0.00016393358237110078,246.15557861328125,1359.0772705078125,74420.765625,0.00016493897419422865,14009831424.0,513.4427490234375
npg_reward_only,706,446,677486,0.0,False,219.7501983642578,2.3790793418884277,0.0,219.7501983642578,1450.6583251953125,0.0,0.0,0.0,0.1617589294910431,True,nan,False,0.001455055084079504,0.01,True,,0.001,0.0009999996982514858,0.00018278702918905765,219.7501983642578,1450.6583251953125,59860.35546875,0.0003610774874687195,974271424.0,1110.88525390625
npg_reward_only,706,447,678328,0.0,False,328.9663391113281,2.264902353286743,0.0,328.9663391113281,1932.000732421875,0.0,0.0,0.0,0.024849560111761093,True,nan,False,0.0022937615867704153,0.01,True,,0.001,0.0009999999310821295,0.00012013927334919572,328.9663391113281,1932.000732421875,138567.0625,0.00021860498236492276,1304551424.0,641.1863403320312
npg_reward_only,706,448,679242,0.0,False,190.55343627929688,2.35895037651062,0.0,190.55343627929688,1879.73876953125,0.0,0.0,0.0,-0.05946645140647888,True,nan,False,0.0011444436386227608,0.01,True,,0.001,0.0010000003967434168,0.00012722410610876977,190.55343627929688,1879.73876953125,123563.796875,0.00029525961144827306,437343712.0,547.4625854492188
npg_reward_only,706,449,680176,0.0,False,187.10919189453125,2.486074209213257,0.0,187.10919189453125,1584.070556640625,0.0,0.0,0.0,-0.6343931555747986,True,nan,False,0.0014829722931608558,0.01,True,,0.001,0.0010000006295740604,0.00018286793783772737,187.10919189453125,1584.070556640625,59807.3984375,0.00020188286725897342,871678976.0,589.9846801757812
npg_reward_only,706,450,680978,0.0,False,287.1706848144531,2.36826229095459,0.0,287.1706848144531,1658.343505859375,0.0,0.0,0.0,-0.04483413323760033,True,nan,False,0.0014182099839672446,0.01,True,,0.001,0.0009999998146668077,0.0001500218641012907,287.1706848144531,1658.343505859375,88862.984375,0.0006765119615010917,43988799488.0,2078.14111328125
npg_reward_only,706,451,681825,0.0,False,309.23065185546875,2.2280805110931396,0.0,309.23065185546875,1689.3955078125,0.0,0.0,0.0,-0.4882083535194397,True,nan,False,0.0019474426517263055,0.01,True,,0.001,0.0010000005131587386,0.000173784646904096,309.23065185546875,1689.3955078125,66222.75,0.00031958072213456035,953846912.0,578.707275390625
npg_reward_only,706,452,682708,0.0,False,186.31561279296875,2.0169992446899414,0.0,186.31561279296875,1353.4930419921875,0.0,0.0,0.0,-0.04602104052901268,True,nan,False,0.001357272150926292,0.01,True,,0.001,0.0009999992325901985,0.00018778441881295294,186.31561279296875,1353.4930419921875,56716.69140625,0.00023560035333503038,3458589696.0,837.1084594726562
npg_reward_only,706,453,683620,0.0,False,326.9647216796875,2.3226230144500732,0.0,326.9647216796875,1336.833740234375,0.0,0.0,0.0,-0.007368029560893774,True,nan,False,0.001409120042808354,0.01,True,,0.001,0.0009999999310821295,0.00016761153528932482,326.9647216796875,1336.833740234375,71190.53125,0.0001960527297342196,1928219776.0,563.7377319335938
npg_reward_only,706,454,684511,0.0,False,272.0655212402344,2.127819299697876,0.0,272.0655212402344,1711.43701171875,0.0,0.0,0.0,-0.16376511752605438,True,nan,False,0.0021558988373726606,0.01,True,,0.001,0.0009999999310821295,0.00016817578580230474,272.0655212402344,1711.43701171875,70713.6171875,0.0001341656461590901,2149533184.0,619.7901611328125
npg_reward_only,706,455,685449,0.0,False,309.01708984375,2.6215426921844482,0.0,309.01708984375,1703.980224609375,0.0,0.0,0.0,-0.32881686091423035,True,nan,False,0.0011631643865257502,0.01,True,,0.001,0.001000000280328095,0.00013425904035102576,309.01708984375,1703.980224609375,110954.0,0.00028697418747469783,1495088640.0,737.1058959960938
npg_reward_only,706,456,686257,0.0,False,217.01734924316406,2.269477367401123,0.0,217.01734924316406,1332.7098388671875,0.0,0.0,0.0,-0.06403696537017822,True,nan,False,0.0013048963155597448,0.01,True,,0.001,0.0009999994654208422,0.00014059159730095416,217.01734924316406,1332.7098388671875,101183.859375,0.00024859694531187415,1036230528.0,1229.4071044921875
npg_reward_only,706,457,687128,0.0,False,254.34295654296875,2.5079314708709717,0.0,254.34295654296875,1694.177734375,0.0,0.0,0.0,-0.03801906853914261,True,nan,False,0.0014294278807938099,0.01,True,,0.001,0.0009999994654208422,0.00016315888206008822,254.34295654296875,1694.177734375,75129.171875,0.00037329638144001365,2412791808.0,760.3613891601562
npg_reward_only,706,458,687994,0.0,False,380.90716552734375,2.727388620376587,0.0,380.90716552734375,1419.63330078125,0.0,0.0,0.0,-0.3321530222892761,True,nan,False,0.0010400121100246906,0.01,True,,0.001,0.0010000001639127731,0.00014200211444403976,380.90716552734375,1419.63330078125,99183.7265625,0.00020007006241939962,4015670784.0,640.9534912109375
npg_reward_only,706,459,688865,0.0,False,372.55194091796875,2.5085153579711914,0.0,372.55194091796875,2626.937255859375,0.0,0.0,0.0,-0.10520724952220917,True,nan,False,0.0021613831631839275,0.01,True,,0.001,0.0009999996982514858,9.472676902078092e-05,372.55194091796875,2626.937255859375,222886.90625,0.0003551289555616677,7197115904.0,802.98779296875
npg_reward_only,706,460,689932,0.0,False,271.5791931152344,2.3652610778808594,0.0,271.5791931152344,2058.04052734375,0.0,0.0,0.0,0.17951349914073944,True,nan,False,0.001229330780915916,0.01,True,,0.001,0.0010000001639127731,0.00011927443119930103,271.5791931152344,2058.04052734375,140583.8125,0.0005194447585381567,914968960.0,727.1417236328125
npg_reward_only,706,461,690854,0.0,False,401.3326110839844,2.383437156677246,0.0,401.3326110839844,1983.648193359375,0.0,0.0,0.0,-0.5411803126335144,True,nan,False,0.0012222877703607082,0.01,True,,0.001,0.0010000003967434168,0.00010977176862070337,401.3326110839844,1983.648193359375,165977.296875,0.000299277511658147,1257267328.0,638.2543334960938
npg_reward_only,706,462,691814,0.0,False,324.4239196777344,2.762269973754883,0.0,324.4239196777344,1530.677490234375,0.0,0.0,0.0,0.40909186005592346,True,nan,False,0.0011815248290076852,0.01,True,,0.001,0.0010000001639127731,0.0001507701090304181,324.4239196777344,1530.677490234375,87983.15625,0.00038170054904185236,4153907456.0,1180.0787353515625
npg_reward_only,706,463,692655,0.0,False,320.10943603515625,2.4685511589050293,0.0,320.10943603515625,1586.6502685546875,0.0,0.0,0.0,-0.224405437707901,True,nan,False,0.0017720070900395513,0.01,True,,0.001,0.0009999999310821295,0.00015060791338328272,320.10943603515625,1586.6502685546875,88172.765625,0.0001680024288361892,884060288.0,675.2244262695312
npg_reward_only,706,464,693483,0.0,False,347.78900146484375,2.2202935218811035,0.0,347.78900146484375,1480.630615234375,0.0,0.0,0.0,-0.11399633437395096,True,nan,False,0.0014556058449670672,0.01,True,,0.001,0.0009999999310821295,0.0001665259333094582,347.78900146484375,1480.630615234375,72121.75,0.0001492848532507196,2009488512.0,582.2440795898438
npg_reward_only,706,465,694377,0.0,False,340.5751647949219,2.548656463623047,0.0,340.5751647949219,1464.0416259765625,0.0,0.0,0.0,-0.2965468466281891,True,nan,False,0.001746984664350748,0.01,True,,0.001,0.0009999999310821295,0.00016013106505852193,340.5751647949219,1464.0416259765625,77997.1640625,0.00018707988783717155,5652097536.0,627.563232421875
npg_reward_only,706,466,695196,0.0,False,262.48455810546875,2.4439382553100586,0.0,262.48455810546875,1610.641357421875,0.0,0.0,0.0,0.4492833614349365,True,nan,False,0.0015356268268078566,0.01,True,,0.001,0.0009999999310821295,0.00015477262786589563,262.48455810546875,1610.641357421875,83491.390625,0.00042578973807394505,880531328.0,1183.1639404296875
npg_reward_only,706,467,696084,0.0,False,558.2138671875,2.429077625274658,0.0,558.2138671875,1436.874267578125,0.0,0.0,0.0,-0.4921914041042328,True,nan,False,0.0008687104564160109,0.01,True,,0.001,0.0009999999310821295,0.00016118207713589072,558.2138671875,1436.874267578125,76983.296875,0.00031197103089652956,735859200.0,1436.4407958984375
npg_reward_only,706,468,697009,0.0,False,193.23031616210938,2.5911943912506104,0.0,193.23031616210938,1098.0548095703125,0.0,0.0,0.0,-0.5299131870269775,True,nan,False,0.0017815424362197518,0.01,True,,0.001,0.0010000003967434168,0.00023354098084382713,193.23031616210938,1098.0548095703125,36669.40234375,0.0002456909278407693,6682130432.0,1341.2467041015625
npg_reward_only,706,469,697811,0.0,False,268.1990051269531,2.669224739074707,0.0,268.1990051269531,1571.0341796875,0.0,0.0,0.0,0.12202893197536469,True,nan,False,0.002025268040597439,0.01,True,,0.001,0.0009999998146668077,0.00014449366426561028,268.1990051269531,1571.0341796875,95792.6875,0.00020617332484107465,7982432256.0,641.2431030273438
npg_reward_only,706,470,698623,0.0,False,722.4039916992188,2.3784830570220947,0.0,722.4039916992188,1584.5394287109375,0.0,0.0,0.0,-0.6296132206916809,True,nan,False,0.0010954377939924598,0.01,True,,0.001,0.0010000001639127731,0.00015253348101396114,722.4039916992188,1584.5394287109375,85960.640625,0.0007636305526830256,74629488640.0,2266.16162109375
npg_reward_only,706,471,699521,0.0,False,301.5301513671875,2.45750093460083,0.0,301.5301513671875,1559.142822265625,0.0,0.0,0.0,-0.22283817827701569,True,nan,False,0.0013293561059981585,0.01,True,,0.001,0.0010000001639127731,0.0001392077247146517,301.5301513671875,1559.142822265625,103205.625,0.0003228848217986524,4670711808.0,941.5443115234375
npg_reward_only,706,472,700363,0.0,False,438.3797607421875,2.2624266147613525,0.0,438.3797607421875,1790.5767822265625,0.0,0.0,0.0,-0.3795042037963867,True,nan,False,0.0012786309234797955,0.01,True,,0.001,0.0010000001639127731,0.00013162590039428324,438.3797607421875,1790.5767822265625,115437.609375,0.0001913112646434456,486398144.0,597.4664306640625
npg_reward_only,706,473,701301,0.0,False,312.90997314453125,2.3818211555480957,0.0,312.90997314453125,1571.75537109375,0.0,0.0,0.0,0.4019404649734497,True,nan,False,0.0012167891254648566,0.01,True,,0.001,0.0010000003967434168,0.00015120113675948232,312.90997314453125,1571.75537109375,87482.25,0.0004115162300877273,1466756864.0,1275.2596435546875
npg_reward_only,706,474,702144,0.0,False,114.01791381835938,2.47502064704895,0.0,114.01791381835938,1907.218017578125,0.0,0.0,0.0,-0.09820466488599777,True,nan,False,0.005588805768638849,0.01,True,,0.001,0.0009999996982514858,0.00017380982171744108,114.01791381835938,1907.218017578125,66203.5703125,0.00011488820746308193,2668428288.0,516.0662231445312
npg_reward_only,706,475,703018,0.0,False,400.9834899902344,2.766130208969116,0.0,400.9834899902344,1783.906494140625,0.0,0.0,0.0,0.21575969457626343,True,nan,False,0.0018688611453399062,0.01,True,,0.001,0.0010000003967434168,0.00014293410640675575,400.9834899902344,1783.906494140625,97894.4921875,0.00021038149134255946,1138840704.0,1033.5633544921875
npg_reward_only,706,476,703867,0.0,False,238.2113800048828,2.7935426235198975,0.0,238.2113800048828,1497.9010009765625,0.0,0.0,0.0,-0.6638804078102112,True,nan,False,0.001532806665636599,0.01,True,,0.001,0.0010000013280659914,0.0002057338715530932,238.2113800048828,1497.9010009765625,47251.80859375,0.0004615566285792738,853099712.0,947.4268188476562
npg_reward_only,706,477,704749,0.0,False,486.5516052246094,2.636744976043701,0.0,486.5516052246094,1811.6456298828125,0.0,0.0,0.0,0.39565569162368774,True,nan,False,0.0015464633470401168,0.01,True,,0.001,0.0009999999310821295,0.00012305870768614113,486.5516052246094,1811.6456298828125,132070.34375,0.0004142817633692175,7142152704.0,1751.38525390625
npg_reward_only,706,478,705523,0.0,False,440.6509094238281,2.176391363143921,0.0,440.6509094238281,1674.4625244140625,0.0,0.0,0.0,0.49464356899261475,True,nan,False,0.0016012894921004772,0.01,True,,0.001,0.0009999996982514858,0.00013572117313742638,440.6509094238281,1674.4625244140625,108576.25,0.00037815095856785774,19549548544.0,1287.2958984375
npg_reward_only,706,479,706492,0.0,False,476.23583984375,2.23917818069458,0.0,476.23583984375,3012.776123046875,0.0,0.0,0.0,0.1521017998456955,True,nan,False,0.009740625508129597,0.01,True,,0.001,0.0010000001639127731,7.47966842027381e-05,476.23583984375,3012.776123046875,357491.15625,0.0006997053860686719,3354325760.0,1655.01806640625
npg_reward_only,706,480,707735,0.0,False,247.20223999023438,2.312195062637329,0.0,247.20223999023438,1432.587646484375,0.0,0.0,0.0,0.37235650420188904,True,nan,False,0.0013351936358958483,0.01,True,,0.001,0.0010000000474974513,0.0001999609376071021,247.20223999023438,1432.587646484375,50019.53515625,0.00028848598594777286,32767676416.0,932.4801025390625
npg_reward_only,706,481,708614,0.0,False,243.86363220214844,2.265625,0.0,243.86363220214844,1768.93310546875,0.0,0.0,0.0,0.036173801869153976,True,nan,False,0.0019224844872951508,0.01,True,,0.001,0.0010000000474974513,0.000127615945530124,243.86363220214844,1768.93310546875,122806.15625,0.0003425510076340288,1936156928.0,724.6863403320312
npg_reward_only,706,482,709565,0.0,False,311.4720153808594,2.4814810752868652,0.0,311.4720153808594,1961.061767578125,0.0,0.0,0.0,-0.5560200214385986,True,nan,False,0.0018156457226723433,0.01,True,,0.001,0.001000000280328095,0.00012165806401753798,311.4720153808594,1961.061767578125,135128.890625,0.0005443830159492791,2266158080.0,624.6436767578125
npg_reward_only,706,483,710506,0.0,False,417.0015869140625,2.538193941116333,0.0,417.0015869140625,1563.5330810546875,0.0,0.0,0.0,0.1691647320985794,True,nan,False,0.000929183850530535,0.01,True,,0.001,0.0010000001639127731,0.00013423313794191927,417.0015869140625,1563.5330810546875,110996.8125,0.0004674048977904022,1685534208.0,950.8895874023438
npg_reward_only,706,484,711370,0.0,False,291.8630065917969,2.551417589187622,0.0,291.8630065917969,1862.2393798828125,0.0,0.0,0.0,-0.12215468287467957,True,nan,False,0.00183243362698704,0.01,True,,0.001,0.0010000005131587386,0.00013307204062584788,291.8630065917969,1862.2393798828125,112942.2265625,0.0004401493933983147,52367712256.0,814.2142944335938
npg_reward_only,706,485,712266,0.0,False,593.0763549804688,2.275918483734131,0.0,593.0763549804688,1525.735595703125,0.0,0.0,0.0,-0.4345850944519043,True,nan,False,0.0012004245072603226,0.01,True,,0.001,0.0010000001639127731,0.00013933437003288418,593.0763549804688,1525.735595703125,103018.09375,0.0003258580109104514,3383365888.0,2408.945556640625
npg_reward_only,706,486,713152,0.0,False,429.05535888671875,2.3795979022979736,0.0,429.05535888671875,1552.14697265625,0.0,0.0,0.0,-0.3347584009170532,True,nan,False,0.0014778891345486045,0.01,True,,0.001,0.0009999999310821295,0.00012606238306034356,429.05535888671875,1552.14697265625,125851.6640625,0.00022622822143603116,6707832832.0,937.8016967773438
npg_reward_only,706,487,713975,0.0,False,1037.1055908203125,2.5432662963867188,0.0,1037.1055908203125,1845.301513671875,0.0,0.0,0.0,0.5865646004676819,True,nan,False,0.0019366340711712837,0.01,True,,0.001,0.0009999999310821295,0.00010191040928475559,1037.1055908203125,1845.301513671875,192571.90625,0.0007402636110782623,5213961728.0,1860.803955078125
npg_reward_only,706,488,714876,0.0,False,522.3638916015625,2.936493396759033,0.0,522.3638916015625,1542.4649658203125,0.0,0.0,0.0,0.5334577560424805,True,nan,False,0.001664940151385963,0.01,True,,0.001,0.0010000001639127731,0.00014752786955796182,522.3638916015625,1542.4649658203125,91892.890625,0.0004399683384690434,853479552.0,1218.977294921875
npg_reward_only,706,489,715711,0.0,False,316.2674255371094,2.112386465072632,0.0,316.2674255371094,2148.8017578125,0.0,0.0,0.0,0.02788490056991577,True,nan,False,0.0016764146275818348,0.01,True,,0.001,0.0010000003967434168,0.0001258004631381482,316.2674255371094,2148.8017578125,126376.28125,0.0002037777885561809,661887872.0,933.8619995117188
npg_reward_only,706,490,716685,0.0,False,234.0548858642578,2.2869515419006348,0.0,234.0548858642578,1705.8367919921875,0.0,0.0,0.0,0.30171477794647217,True,nan,False,0.00137974857352674,0.01,True,,0.001,0.0009999999310821295,0.00014790288696531206,234.0548858642578,1705.8367919921875,91427.4609375,0.00020611511718016118,832512832.0,679.1639404296875
npg_reward_only,706,491,717567,0.0,False,231.6205291748047,2.381485939025879,0.0,231.6205291748047,1972.849853515625,0.0,0.0,0.0,-0.4604719579219818,True,nan,False,0.0013634423958137631,0.01,True,,0.001,0.001000000280328095,0.00014132274372968823,231.6205291748047,1972.849853515625,100139.6171875,0.00024978071451187134,1824884224.0,807.5810546875
npg_reward_only,706,492,718537,0.0,False,180.7097930908203,2.187753438949585,0.0,180.7097930908203,1959.1217041015625,0.0,0.0,0.0,-0.2032388597726822,True,nan,False,0.0020712637342512608,0.01,True,,0.001,0.001000000280328095,0.00012832156789954752,180.7097930908203,1959.1217041015625,121459.2734375,0.00022297129908110946,901643520.0,846.8751831054688
npg_reward_only,706,493,719541,0.0,False,301.2405090332031,2.2915427684783936,0.0,301.2405090332031,2294.115966796875,0.0,0.0,0.0,-0.5709219574928284,True,nan,False,0.0015440506394952536,0.01,True,,0.001,0.0009999999310821295,0.00013555193436332047,301.2405090332031,2294.115966796875,108847.5390625,0.000411287386668846,3105221376.0,1840.986083984375
npg_reward_only,706,494,720509,0.0,False,271.6241455078125,2.406252145767212,0.0,271.6241455078125,1226.4190673828125,0.0,0.0,0.0,-0.24653738737106323,True,nan,False,0.0018549199448898435,0.01,True,,0.001,0.0010000000474974513,0.00016609326121397316,271.6241455078125,1226.4190673828125,72498.0,0.0002093901130137965,3092766464.0,1303.1409912109375
npg_reward_only,706,495,721363,0.0,False,416.709716796875,2.2820167541503906,0.0,416.709716796875,1582.3980712890625,0.0,0.0,0.0,0.21046900749206543,True,nan,False,0.0013560589868575335,0.01,True,,0.001,0.0010000001639127731,0.00013329522334970534,416.709716796875,1582.3980712890625,112564.359375,0.0003135178121738136,726998528.0,960.3197021484375
npg_reward_only,706,496,722294,0.0,False,244.5428924560547,1.9290196895599365,0.0,244.5428924560547,1917.5579833984375,0.0,0.0,0.0,-0.28965285420417786,True,nan,False,0.0035141853149980307,0.01,True,,0.001,0.0010000000474974513,0.0001431289711035788,244.5428924560547,1917.5579833984375,97628.125,0.00023068711743690073,1081678464.0,752.2962646484375
npg_reward_only,706,497,723281,0.0,False,219.52005004882812,2.165959119796753,0.0,219.52005004882812,1743.4910888671875,0.0,0.0,0.0,-0.3710387945175171,True,nan,False,0.001452490221709013,0.01,True,,0.001,0.0010000001639127731,0.00016052837600000203,219.52005004882812,1743.4910888671875,77611.5546875,0.0003139363252557814,1935201920.0,1515.8218994140625
npg_reward_only,706,498,724223,0.0,False,332.1510925292969,2.669386386871338,0.0,332.1510925292969,1531.3721923828125,0.0,0.0,0.0,0.21664758026599884,True,nan,False,0.0011042002588510513,0.01,True,,0.001,0.0010000000474974513,0.00015688150597270578,332.1510925292969,1531.3721923828125,81261.8125,0.0002831841120496392,1936716928.0,1276.920166015625
npg_reward_only,706,499,725075,0.0,False,596.6931762695312,2.3321919441223145,0.0,596.6931762695312,1657.5830078125,0.0,0.0,0.0,-0.620076596736908,True,nan,False,0.0013683476718142629,0.01,True,,0.001,0.001000000280328095,0.00013004743959754705,596.6931762695312,1657.5830078125,118256.8828125,0.0006087127840146422,4298331648.0,1033.2354736328125
npg_reward_only,706,500,726026,0.0,False,152.71945190429688,2.5701870918273926,0.0,152.71945190429688,1119.382080078125,0.0,0.0,0.0,0.06193999946117401,True,nan,False,0.0018795379437506199,0.01,True,,0.001,0.0010000006295740604,0.00022856700525153428,152.71945190429688,1119.382080078125,38282.734375,0.00033949679345823824,2294397952.0,844.1328125
npg_reward_only,706,501,726793,0.0,False,158.497802734375,2.306483268737793,0.0,158.497802734375,1462.409912109375,0.0,0.0,0.0,-0.43172726035118103,True,nan,False,0.0016286064637824893,0.01,True,,0.001,0.0009999999310821295,0.00015404810255859047,158.497802734375,1462.409912109375,84278.59375,0.0003573980648070574,551559424.0,813.5799560546875
npg_reward_only,706,502,727603,0.0,False,347.4300842285156,2.3589022159576416,0.0,347.4300842285156,1683.06689453125,0.0,0.0,0.0,0.4647127389907837,True,nan,False,0.0014646400231868029,0.01,True,,0.001,0.0010000007459893823,0.00017927039880305529,347.4300842285156,1683.06689453125,62231.87109375,0.00021262842346914113,5762136576.0,1601.7421875
npg_reward_only,706,503,728497,0.0,False,398.7430419921875,2.247917652130127,0.0,398.7430419921875,1493.7701416015625,0.0,0.0,0.0,0.22276796400547028,True,nan,False,0.0014275643043220043,0.01,True,,0.001,0.0009999998146668077,0.00014909074525348842,398.7430419921875,1493.7701416015625,89976.40625,0.00022276490926742554,726759296.0,906.7279663085938
npg_reward_only,706,504,729413,0.0,False,452.374755859375,2.563446521759033,0.0,452.374755859375,1407.4964599609375,0.0,0.0,0.0,0.4267869293689728,True,nan,False,0.0011876499047502875,0.01,True,,0.001,0.0009999999310821295,0.00013097870396450162,452.374755859375,1407.4964599609375,116581.234375,0.0008383027161471546,2231408896.0,1024.6943359375
npg_reward_only,706,505,730315,0.0,False,443.4346008300781,2.090183734893799,0.0,443.4346008300781,2179.107666015625,0.0,0.0,0.0,-0.23282821476459503,True,nan,False,0.0016101655783131719,0.01,True,,0.001,0.0010000006295740604,0.0001080023794202134,443.4346008300781,2179.107666015625,171460.21875,0.0003773407661356032,2153229312.0,1649.0726318359375
npg_reward_only,706,506,731219,0.0,False,742.3244018554688,2.346764326095581,0.0,742.3244018554688,2258.64208984375,0.0,0.0,0.0,0.38426050543785095,True,nan,False,0.0011255770223215222,0.01,True,,0.001,0.0010000000474974513,0.00010965761612169445,742.3244018554688,2258.64208984375,166323.046875,0.0006317273946478963,2689093120.0,1191.173583984375
npg_reward_only,706,507,732200,0.0,False,303.835205078125,2.063077449798584,0.0,303.835205078125,1568.6082763671875,0.0,0.0,0.0,-0.470296710729599,True,nan,False,0.0011774126905947924,0.01,True,,0.001,0.0009999999310821295,0.00015658029587939382,303.835205078125,1568.6082763671875,81574.75,0.00035735490382649004,11982718976.0,915.5050659179688
npg_reward_only,706,508,733117,0.0,False,338.75775146484375,2.426360607147217,0.0,338.75775146484375,1822.0072021484375,0.0,0.0,0.0,-0.3003039062023163,True,nan,False,0.0012321406975388527,0.01,True,,0.001,0.0010000001639127731,0.00013823910558130592,338.75775146484375,1822.0072021484375,104656.9765625,0.0005320400232449174,1338091904.0,1200.4359130859375
npg_reward_only,706,509,733888,0.0,False,206.08985900878906,2.1451337337493896,0.0,206.08985900878906,1454.3773193359375,0.0,0.0,0.0,0.051101040095090866,True,nan,False,0.0014532867353409529,0.01,True,,0.001,0.0010000001639127731,0.0001727667695377022,206.08985900878906,1454.3773193359375,67005.375,0.00018260243814438581,303647456.0,599.6326904296875
npg_reward_only,706,510,734830,0.0,False,367.46661376953125,2.320974826812744,0.0,367.46661376953125,1950.225830078125,0.0,0.0,0.0,-0.4801225960254669,True,nan,False,0.0011289912508800626,0.01,True,,0.001,0.0010000001639127731,0.0001322438765782863,367.46661376953125,1950.225830078125,114361.2421875,0.00023558361863251776,4958091264.0,797.401123046875
npg_reward_only,706,511,735804,0.0,False,241.8316192626953,2.5396554470062256,0.0,241.8316192626953,1359.7010498046875,0.0,0.0,0.0,-0.3921594023704529,True,nan,False,0.0019242150010541081,0.01,True,,0.001,0.0009999998146668077,0.00018941758025903255,241.8316192626953,1359.7010498046875,55742.8828125,0.00029462954262271523,6022893056.0,1202.6175537109375
npg_reward_only,706,512,736682,0.0,False,222.313720703125,2.329888105392456,0.0,222.313720703125,1431.4241943359375,0.0,0.0,0.0,0.38283711671829224,True,nan,False,0.001826213439926505,0.01,True,,0.001,0.0010000000474974513,0.0001703206216916442,222.313720703125,1431.4241943359375,68943.8515625,0.00034072637208737433,552990144.0,941.7666625976562
npg_reward_only,706,513,737562,0.0,False,354.43798828125,2.475736141204834,0.0,354.43798828125,1770.823486328125,0.0,0.0,0.0,0.3183409869670868,True,nan,False,0.001522308331914246,0.01,True,,0.001,0.0010000003967434168,0.00014965781883802265,354.43798828125,1770.823486328125,89295.8359375,0.0003733593039214611,1130961536.0,946.9024658203125
npg_reward_only,706,514,738483,0.0,False,262.9420471191406,2.493056297302246,0.0,262.9420471191406,1232.423583984375,0.0,0.0,0.0,-0.48237666487693787,True,nan,False,0.0012518403818830848,0.01,True,,0.001,0.0010000001639127731,0.00019311861251480877,262.9420471191406,1232.423583984375,53626.78125,0.00018169490795116872,897738304.0,1085.189453125
npg_reward_only,706,515,739263,0.0,False,304.6857604980469,2.4475255012512207,0.0,304.6857604980469,1483.8392333984375,0.0,0.0,0.0,0.32066527009010315,True,nan,False,0.0013359355507418513,0.01,True,,0.001,0.0010000001639127731,0.0001798712182790041,304.6857604980469,1483.8392333984375,61816.8203125,0.00017128931358456612,4061560320.0,952.167724609375
npg_reward_only,706,516,740201,0.0,False,282.57666015625,2.3461153507232666,0.0,282.57666015625,1973.9241943359375,0.0,0.0,0.0,-0.09250600636005402,True,nan,False,0.0029773921705782413,0.01,True,,0.001,0.0010000001639127731,0.00013632982154376805,282.57666015625,1973.9241943359375,107608.9140625,0.00043677716166712344,15143821312.0,770.5416870117188
npg_reward_only,706,517,741091,0.0,False,169.30955505371094,2.568171262741089,0.0,169.30955505371094,1552.08349609375,0.0,0.0,0.0,-0.2837715744972229,True,nan,False,0.001536047668196261,0.01,True,,0.001,0.0009999999310821295,0.0001831584668252617,169.30955505371094,1552.08349609375,59617.80859375,0.00020328161190263927,1159496960.0,741.9579467773438
npg_reward_only,706,518,741952,0.0,False,333.0972900390625,2.4007151126861572,0.0,333.0972900390625,1454.9271240234375,0.0,0.0,0.0,0.3052961826324463,True,nan,False,0.0010602545225992799,0.01,True,,0.001,0.0010000003967434168,0.00017033470794558525,333.0972900390625,1454.9271240234375,68932.453125,0.00030500575667247176,3996655360.0,997.6939086914062
npg_reward_only,706,519,742789,0.0,False,342.8265686035156,2.5475215911865234,0.0,342.8265686035156,1566.5504150390625,0.0,0.0,0.0,0.24586793780326843,True,nan,False,0.0016018300084397197,0.01,True,,0.001,0.0010000005131587386,0.0001502772356616333,342.8265686035156,1566.5504150390625,88561.2265625,0.00033678626641631126,893334208.0,1059.88818359375
npg_reward_only,706,520,743663,0.0,False,306.54156494140625,2.2777113914489746,0.0,306.54156494140625,2493.10986328125,0.0,0.0,0.0,-0.22441023588180542,True,nan,False,0.0011595244286581874,0.01,True,,0.001,0.0009999996982514858,0.00010939953062916175,306.54156494140625,2493.10986328125,167108.71875,0.0004668337351176888,6776655360.0,645.5073852539062
npg_reward_only,706,521,744709,0.0,False,321.01568603515625,2.041577100753784,0.0,321.01568603515625,1919.931884765625,0.0,0.0,0.0,0.050012245774269104,True,nan,False,0.004177473951131105,0.01,True,,0.001,0.0009999998146668077,0.00013075936294626445,321.01568603515625,1919.931884765625,116972.671875,0.0003351503692101687,525856096.0,564.6802368164062
npg_reward_only,706,522,745613,0.0,False,210.77951049804688,2.4925029277801514,0.0,210.77951049804688,1486.77392578125,0.0,0.0,0.0,0.32009339332580566,True,nan,False,0.0014494527131319046,0.01,True,,0.001,0.0010000000474974513,0.00018362002447247505,210.77951049804688,1486.77392578125,59318.47265625,0.0005168949719518423,6008503808.0,1098.4083251953125
npg_reward_only,706,523,746530,0.0,False,280.07568359375,2.361417770385742,0.0,280.07568359375,1642.9788818359375,0.0,0.0,0.0,0.013195554725825787,True,nan,False,0.0012328054290264845,0.01,True,,0.001,0.0009999999310821295,0.00014788718544878066,280.07568359375,1642.9788818359375,91446.890625,0.0004928027628920972,1979318528.0,838.8018188476562
npg_reward_only,706,524,747425,0.0,False,257.10198974609375,2.552466630935669,0.0,257.10198974609375,1014.9047241210938,0.0,0.0,0.0,-0.48375454545021057,True,nan,False,0.0014005398843437433,0.01,True,,0.001,0.0010000003967434168,0.00021784751152154058,257.10198974609375,1014.9047241210938,42142.9375,0.00016386793868150562,1221003264.0,1186.502685546875
npg_reward_only,706,525,748303,0.0,False,125.01026916503906,2.368816375732422,0.0,125.01026916503906,1662.387939453125,0.0,0.0,0.0,-0.06935776025056839,True,nan,False,0.0016406403155997396,0.01,True,,0.001,0.0009999998146668077,0.00019823791808448732,125.01026916503906,1662.387939453125,50892.8203125,0.00036084113526158035,1415963008.0,990.4373779296875
npg_reward_only,706,526,749151,0.0,False,249.46600341796875,2.2965433597564697,0.0,249.46600341796875,1394.57958984375,0.0,0.0,0.0,0.16699351370334625,True,nan,False,0.0016991960583254695,0.01,True,,0.001,0.0010000006295740604,0.00017458919319324195,249.46600341796875,1394.57958984375,65613.8125,0.000625920423772186,1008580928.0,931.9876098632812
npg_reward_only,706,527,749993,0.0,False,608.7572631835938,2.392361640930176,0.0,608.7572631835938,1653.8411865234375,0.0,0.0,0.0,-0.2978624403476715,True,nan,False,0.0011618764838203788,0.01,True,,0.001,0.0010000000474974513,0.00011640506272669882,608.7572631835938,1653.8411865234375,147599.984375,0.00028519125771708786,3524962304.0,3098.134521484375
npg_reward_only,706,528,750922,0.0,False,452.49114990234375,2.2344021797180176,0.0,452.49114990234375,1748.99853515625,0.0,0.0,0.0,-0.583407998085022,True,nan,False,0.001808286178857088,0.01,True,,0.001,0.0009999999310821295,0.00010950474097626284,452.49114990234375,1748.99853515625,166787.75,0.00022494910808745772,9204291584.0,565.7981567382812
npg_reward_only,706,529,751973,0.0,False,651.6610107421875,2.296093463897705,0.0,651.6610107421875,1787.7734375,0.0,0.0,0.0,-0.20180849730968475,True,nan,False,0.0009005321189761162,0.01,True,,0.001,0.0010000001639127731,0.0001413944410160184,651.6610107421875,1787.7734375,100038.0703125,0.0011128350161015987,2177199104.0,1519.355224609375
npg_reward_only,706,530,752935,0.0,False,327.88153076171875,2.290370225906372,0.0,327.88153076171875,2269.70458984375,0.0,0.0,0.0,-0.4430943429470062,True,nan,False,0.0009254144970327616,0.01,True,,0.001,0.0010000001639127731,0.00011288179666735232,327.88153076171875,2269.70458984375,156957.53125,0.0005934215732850134,898679744.0,758.236572265625
npg_reward_only,706,531,753914,0.0,False,151.4536590576172,3.1184287071228027,0.0,151.4536590576172,1444.6243896484375,0.0,0.0,0.0,-0.05817996710538864,True,nan,False,0.0014915999490767717,0.01,True,,0.001,0.0010000001639127731,0.0001840195182012394,151.4536590576172,1444.6243896484375,59061.1953125,0.00014118122635409236,766635200.0,681.40087890625
npg_reward_only,706,532,754713,0.0,False,819.1624755859375,2.5380783081054688,0.0,819.1624755859375,2033.829833984375,0.0,0.0,0.0,0.4534633159637451,True,nan,False,0.0012282859534025192,0.01,True,,0.001,0.0010000000474974513,0.0001337282155873254,819.1624755859375,2033.829833984375,111836.59375,0.0003539496392477304,16874005504.0,1813.7498779296875
npg_reward_only,706,533,755651,0.0,False,371.1812438964844,2.94844388961792,0.0,371.1812438964844,1440.6119384765625,0.0,0.0,0.0,0.24301844835281372,True,nan,False,0.0010122365783900023,0.01,True,,0.001,0.001000000280328095,0.0001936009939527139,371.1812438964844,1440.6119384765625,53359.88671875,0.00017137627582997084,729589248.0,586.1408081054688
npg_reward_only,706,534,756418,0.0,False,246.10719299316406,2.492508888244629,0.0,246.10719299316406,1464.3497314453125,0.0,0.0,0.0,0.2595737874507904,True,nan,False,0.0013881191844120622,0.01,True,,0.001,0.0010000000474974513,0.00017086919979192317,246.10719299316406,1464.3497314453125,68501.875,0.00023824906384106725,2996967936.0,934.305419921875
npg_reward_only,706,535,757311,0.0,False,550.30615234375,2.2915725708007812,0.0,550.30615234375,1851.7222900390625,0.0,0.0,0.0,-0.3292609453201294,True,nan,False,0.00126501708291471,0.01,True,,0.001,0.0010000003967434168,0.00013579180813394487,550.30615234375,1851.7222900390625,108463.3046875,0.00020498041703831404,1765130112.0,702.3905029296875
npg_reward_only,706,536,758359,0.0,False,150.57406616210938,2.6084773540496826,0.0,150.57406616210938,1934.344970703125,0.0,0.0,0.0,-0.5413532853126526,True,nan,False,0.0017178017878904939,0.01,True,,0.001,0.001000000862404704,0.00021211346029303968,150.57406616210938,1934.344970703125,44452.23046875,0.0003665880358312279,328364640.0,632.68505859375
npg_reward_only,706,537,759301,0.0,False,299.1766052246094,2.1735427379608154,0.0,299.1766052246094,1632.975830078125,0.0,0.0,0.0,0.2522454559803009,True,nan,False,0.002275551436468959,0.01,True,,0.001,0.0010000000474974513,0.00016826327191665769,299.1766052246094,1632.975830078125,70640.1015625,0.00026676393463276327,2852747520.0,867.3792114257812
npg_reward_only,706,538,760315,0.0,False,138.45803833007812,2.9149181842803955,0.0,138.45803833007812,1282.0914306640625,0.0,0.0,0.0,-0.45404553413391113,True,nan,False,0.00263307080604136,0.01,True,,0.001,0.0009999999310821295,0.00021994387498125434,138.45803833007812,1282.0914306640625,41343.40625,0.00016308660269714892,2120750080.0,1376.919921875
npg_reward_only,706,539,761231,0.0,False,393.9327697753906,2.534700632095337,0.0,393.9327697753906,1656.4234619140625,0.0,0.0,0.0,0.33348363637924194,True,nan,False,0.0013783274916931987,0.01,True,,0.001,0.0009999998146668077,0.00015521669411100447,393.9327697753906,1656.4234619140625,83014.3515625,0.0002498961694072932,5151698432.0,1172.8717041015625
npg_reward_only,706,540,762053,0.0,False,393.6329650878906,2.76448392868042,0.0,393.6329650878906,1909.5517578125,0.0,0.0,0.0,0.21114128828048706,True,nan,False,0.0014427873538807034,0.01,True,,0.001,0.0010000000474974513,0.00013129091530572623,393.6329650878906,1909.5517578125,116027.421875,0.0005639242590405047,5521612288.0,1305.240966796875
npg_reward_only,706,541,762928,0.0,False,465.76580810546875,2.584146499633789,0.0,465.76580810546875,1768.29443359375,0.0,0.0,0.0,0.46811211109161377,True,nan,False,0.0013167858123779297,0.01,True,,0.001,0.0009999996982514858,0.00011428213474573568,465.76580810546875,1768.29443359375,153134.59375,0.0005590069922618568,33158084608.0,1466.074951171875
npg_reward_only,706,542,763852,0.0,False,300.8165588378906,2.600048303604126,0.0,300.8165588378906,1436.223876953125,0.0,0.0,0.0,0.04999352619051933,True,nan,False,0.0010461944621056318,0.01,True,,0.001,0.001000000280328095,0.0001732438540784642,300.8165588378906,1436.223876953125,66636.8359375,0.00019924873777199537,4254497536.0,857.915283203125
npg_reward_only,706,543,764739,0.0,False,243.3306121826172,2.944190263748169,0.0,243.3306121826172,1369.6334228515625,0.0,0.0,0.0,0.3480769395828247,True,nan,False,0.001482803956605494,0.01,True,,0.001,0.000999999581836164,0.00020643373136408627,243.3306121826172,1369.6334228515625,46931.9609375,0.0004000892804469913,9053370368.0,1545.4991455078125
npg_reward_only,706,544,765569,0.0,False,345.2533874511719,2.512897491455078,0.0,345.2533874511719,1590.330078125,0.0,0.0,0.0,0.18259693682193756,True,nan,False,0.0015357827069237828,0.01,True,,0.001,0.0009999998146668077,0.00013704544107895344,345.2533874511719,1590.330078125,106488.0390625,0.00028853805270045996,1226757760.0,1231.18798828125
npg_reward_only,706,545,766501,0.0,False,350.8008117675781,3.4752566814422607,0.0,350.8008117675781,1808.4742431640625,0.0,0.0,0.0,-0.6604227423667908,True,nan,False,0.0014924115967005491,0.01,True,,0.001,0.0010000000474974513,0.0001663332077441737,350.8008117675781,1808.4742431640625,72288.9765625,0.0003802255669143051,1113656192.0,1289.4647216796875
npg_reward_only,706,546,767350,0.0,False,326.9990539550781,2.540540933609009,0.0,326.9990539550781,1815.7418212890625,0.0,0.0,0.0,-0.03157752379775047,True,nan,False,0.0017345439409837127,0.01,True,,0.001,0.001000000280328095,0.00011423019168432802,326.9990539550781,1815.7418212890625,153273.890625,0.00019705136946868151,747291968.0,812.8936767578125
npg_reward_only,706,547,768317,0.0,False,463.36383056640625,3.308699131011963,0.0,463.36383056640625,1275.5673828125,0.0,0.0,0.0,-0.16408731043338776,True,nan,False,0.0014663273468613625,0.01,True,,0.001,0.0010000000474974513,0.00018081290181726217,463.36383056640625,1275.5673828125,61174.609375,0.00021027561160735786,12682693632.0,917.3194580078125
npg_reward_only,706,548,769179,0.0,False,261.72406005859375,2.5556833744049072,0.0,261.72406005859375,1678.254638671875,0.0,0.0,0.0,-0.5258041620254517,True,nan,False,0.0016442731721326709,0.01,True,,0.001,0.0010000020265579224,0.00016764923930168152,261.72406005859375,1678.254638671875,71158.515625,0.001957094296813011,4975616000.0,2309.291015625
npg_reward_only,706,549,770068,0.0,False,356.58795166015625,3.0126640796661377,0.0,356.58795166015625,1553.575439453125,0.0,0.0,0.0,0.11809656769037247,True,nan,False,0.0014838597271591425,0.01,True,,0.001,0.0010000000474974513,0.00017067014414351434,356.58795166015625,1553.575439453125,68661.75,0.0002812957391142845,703197888.0,1036.090576171875
npg_reward_only,706,550,770996,0.0,False,1455.081298828125,2.8169515132904053,0.0,1455.081298828125,1609.76123046875,0.0,0.0,0.0,0.40262892842292786,True,nan,False,0.0011076850350946188,0.01,True,,0.001,0.0009999996982514858,0.00010250472405459732,1455.081298828125,1609.76123046875,190345.34375,0.00045017676893621683,12487072768.0,12963.8173828125
npg_reward_only,706,551,771942,0.0,False,380.0406188964844,3.5256242752075195,0.0,380.0406188964844,1613.57958984375,0.0,0.0,0.0,-0.325740247964859,True,nan,False,0.0013310041977092624,0.01,True,,0.001,0.0009999996982514858,0.00012519200390670449,380.0406188964844,1613.57958984375,127607.6875,0.0008203873876482248,1520946688.0,1123.015380859375
npg_reward_only,706,552,772877,0.0,False,525.3895263671875,2.7825846672058105,0.0,525.3895263671875,1654.6741943359375,0.0,0.0,0.0,-0.0801214873790741,True,nan,False,0.001528618042357266,0.01,True,,0.001,0.0009999999310821295,0.0001276339462492615,525.3895263671875,1654.6741943359375,122771.5078125,0.00034864721237681806,1350826112.0,1059.93310546875
npg_reward_only,706,553,773764,0.0,False,190.938232421875,3.1641602516174316,0.0,190.938232421875,1751.2515869140625,0.0,0.0,0.0,0.3413844108581543,True,nan,False,0.002408544532954693,0.01,True,,0.001,0.0010000001639127731,0.00014819789794273674,190.938232421875,1751.2515869140625,91063.84375,0.00023395441530738026,1413826816.0,878.248046875
npg_reward_only,706,554,774567,0.0,False,169.5884246826172,2.6107003688812256,0.0,169.5884246826172,1890.2625732421875,0.0,0.0,0.0,-0.1965484917163849,True,nan,False,0.0012544133933261037,0.01,True,,0.001,0.0010000006295740604,0.0001678496046224609,169.5884246826172,1890.2625732421875,70988.7265625,0.000268939504167065,1306491008.0,891.423583984375
npg_reward_only,706,555,775499,0.0,False,511.8805236816406,2.2387428283691406,0.0,511.8805236816406,2099.57421875,0.0,0.0,0.0,-0.21125949919223785,True,nan,False,0.002388171385973692,0.01,True,,0.001,0.0009999998146668077,0.00011896905925823376,511.8805236816406,2099.57421875,141306.4375,0.0003316146321594715,417837440.0,827.5211181640625
npg_reward_only,706,556,776503,0.0,False,295.83441162109375,2.5103707313537598,0.0,295.83441162109375,1706.8035888671875,0.0,0.0,0.0,-0.4289425313472748,True,nan,False,0.0014745929511263967,0.01,True,,0.001,0.0010000001639127731,0.0001306980848312378,295.83441162109375,1706.8035888671875,117082.375,0.00020266724459361285,19581491200.0,872.228271484375
npg_reward_only,706,557,777477,0.0,False,264.4859619140625,3.1052958965301514,0.0,264.4859619140625,1769.9476318359375,0.0,0.0,0.0,-0.11145549267530441,True,nan,False,0.0015488420613110065,0.01,True,,0.001,0.0010000005131587386,0.00013867839879821986,264.4859619140625,1769.9476318359375,103994.9765625,0.000292555516352877,4949381632.0,899.6565551757812
npg_reward_only,706,558,778280,0.0,False,435.3451843261719,2.9066388607025146,0.0,435.3451843261719,1585.8267822265625,0.0,0.0,0.0,-0.32814571261405945,True,nan,False,0.001813207520172,0.01,True,,0.001,0.0009999992325901985,0.00013143014803063124,435.3451843261719,1585.8267822265625,115781.71875,0.0002881445980165154,4163053824.0,1162.135986328125
npg_reward_only,706,559,779116,0.0,False,426.37896728515625,2.634215831756592,0.0,426.37896728515625,1636.9224853515625,0.0,0.0,0.0,-0.24824397265911102,True,nan,False,0.0011073973728343844,0.01,True,,0.001,0.0010000003967434168,0.000127453327877447,426.37896728515625,1636.9224853515625,123119.71875,0.0005023970734328032,1168299008.0,1017.6842651367188
npg_reward_only,706,560,779923,0.0,False,130.79965209960938,2.5234644412994385,0.0,130.79965209960938,1449.887451171875,0.0,0.0,0.0,0.2462565153837204,True,nan,False,0.0034336925018578768,0.01,True,,0.001,0.0010000001639127731,0.00015973212430253625,130.79965209960938,1449.887451171875,78387.265625,0.00032583996653556824,23031398400.0,917.8095092773438
npg_reward_only,706,561,780746,0.0,False,290.0592346191406,2.8136305809020996,0.0,290.0592346191406,1501.880126953125,0.0,0.0,0.0,-0.5832201838493347,True,nan,False,0.002367730252444744,0.01,True,,0.001,0.001000000280328095,0.0001648998586460948,290.0592346191406,1501.880126953125,73551.1484375,0.0003372442442923784,42682875904.0,1337.0467529296875
npg_reward_only,706,562,781562,0.0,False,306.2970275878906,2.5758912563323975,0.0,306.2970275878906,1522.008544921875,0.0,0.0,0.0,-0.5763092637062073,True,nan,False,0.0031999105121940374,0.01,True,,0.001,0.0010000006295740604,0.0002092012291541323,306.2970275878906,1522.008544921875,45698.4609375,0.00033901361166499555,10777077760.0,1034.291748046875
npg_reward_only,706,563,782395,0.0,False,427.1035461425781,2.4103620052337646,0.0,427.1035461425781,1265.381103515625,0.0,0.0,0.0,-0.31895631551742554,True,nan,False,0.001577284885570407,0.01,True,,0.001,0.0009999999310821295,0.00017594640667084605,427.1035461425781,1265.381103515625,64605.45703125,0.0002558209525886923,2052080000.0,978.765380859375
npg_reward_only,706,564,783280,0.0,False,527.8966064453125,2.683094024658203,0.0,527.8966064453125,1705.1033935546875,0.0,0.0,0.0,0.4050714075565338,True,nan,False,0.001486158580519259,0.01,True,,0.001,0.001000000978820026,0.0001363825285807252,527.8966064453125,1705.1033935546875,107525.7734375,0.00026022313977591693,2548674816.0,1204.1912841796875
npg_reward_only,706,565,784219,0.0,False,511.8233642578125,2.646059274673462,0.0,511.8233642578125,1330.4783935546875,0.0,0.0,0.0,0.06336924433708191,True,nan,False,0.001059425645507872,0.01,True,,0.001,0.0010000001639127731,0.0001257312105735764,511.8233642578125,1330.4783935546875,126515.5390625,0.00029241875745356083,4049625600.0,992.8900756835938
npg_reward_only,706,566,785161,0.0,False,205.124755859375,2.5722262859344482,0.0,205.124755859375,2009.633056640625,0.0,0.0,0.0,-0.2580808103084564,True,nan,False,0.002672361209988594,0.01,True,,0.001,0.0009999999310821295,0.00017880031373351812,205.124755859375,2009.633056640625,62559.52734375,0.00044492227607406676,4863145984.0,910.8485717773438
npg_reward_only,706,567,786108,0.0,False,406.237548828125,2.166820764541626,0.0,406.237548828125,2381.42333984375,0.0,0.0,0.0,-0.3314896821975708,True,nan,False,0.00200901017524302,0.01,True,,0.001,0.0009999998146668077,9.565264190314338e-05,406.237548828125,2381.42333984375,218592.90625,0.00035789067624136806,6087626752.0,925.6746215820312
npg_reward_only,706,568,787291,0.0,False,255.31356811523438,2.981597661972046,0.0,255.31356811523438,1140.2867431640625,0.0,0.0,0.0,-0.7242062091827393,True,nan,False,0.0014232603134587407,0.01,True,,0.001,0.0010000005131587386,0.00020836255862377584,255.31356811523438,1140.2867431640625,46067.078125,0.0003575987939257175,6920017408.0,1130.96630859375
npg_reward_only,706,569,788128,0.0,False,270.9620056152344,2.387831449508667,0.0,270.9620056152344,1631.4495849609375,0.0,0.0,0.0,0.33432334661483765,True,nan,False,0.001970906974747777,0.01,True,,0.001,0.0009999994654208422,0.00015742555842734873,270.9620056152344,1631.4495849609375,80701.109375,0.00028515487792901695,1968160640.0,963.3101806640625
npg_reward_only,706,570,789048,0.0,False,255.6595916748047,2.5569045543670654,0.0,255.6595916748047,1439.1085205078125,0.0,0.0,0.0,-0.37198227643966675,True,nan,False,0.0016339976573362947,0.01,True,,0.001,0.0009999999310821295,0.00016076190513558686,255.6595916748047,1439.1085205078125,77386.234375,0.00019033312855754048,1725431424.0,1037.76611328125
npg_reward_only,706,571,789959,0.0,False,340.3894958496094,2.748253583908081,0.0,340.3894958496094,1899.4969482421875,0.0,0.0,0.0,0.13878455758094788,True,nan,False,0.0013165996642783284,0.01,True,,0.001,0.0010000003967434168,0.00012957493891008198,340.3894958496094,1899.4969482421875,119120.90625,0.0002850503078661859,3208292864.0,880.1934204101562
npg_reward_only,706,572,790832,0.0,False,348.13031005859375,2.813321828842163,0.0,348.13031005859375,1461.395263671875,0.0,0.0,0.0,0.20454281568527222,True,nan,False,0.002722381381317973,0.01,True,,0.001,0.0010000006295740604,0.00017892084724735469,348.13031005859375,1461.395263671875,62475.26171875,0.000494999869260937,1831697408.0,921.476318359375
npg_reward_only,706,573,791699,0.0,False,706.5113525390625,2.300137758255005,0.0,706.5113525390625,2068.078857421875,0.0,0.0,0.0,0.48872512578964233,True,nan,False,0.0016379676526412368,0.01,True,,0.001,0.0010000006295740604,0.00012733484618365765,706.5113525390625,2068.078857421875,123348.953125,0.0006804125150665641,6204770304.0,1705.7127685546875
npg_reward_only,706,574,792692,0.0,False,426.9798583984375,2.165327787399292,0.0,426.9798583984375,1547.27880859375,0.0,0.0,0.0,-0.3048788607120514,True,nan,False,0.001265363534912467,0.01,True,,0.001,0.0010000001639127731,0.00011107550380984321,426.9798583984375,1547.27880859375,162103.890625,0.00035936105996370316,12447488000.0,1273.710693359375
npg_reward_only,706,575,793709,0.0,False,234.35401916503906,2.439722776412964,0.0,234.35401916503906,1343.3851318359375,0.0,0.0,0.0,-0.25715985894203186,True,nan,False,0.002533971332013607,0.01,True,,0.001,0.0010000006295740604,0.00017161594587378204,234.35401916503906,1343.3851318359375,67907.03125,0.00021013694640714675,957436672.0,1273.7857666015625
npg_reward_only,706,576,794618,0.0,False,426.3390808105469,2.4028728008270264,0.0,426.3390808105469,2017.7410888671875,0.0,0.0,0.0,-0.1840207874774933,True,nan,False,0.0012390895280987024,0.01,True,,0.001,0.0010000003967434168,0.00011494447971927002,426.3390808105469,2017.7410888671875,151374.875,0.000323072774335742,2512023808.0,1259.5416259765625
npg_reward_only,706,577,795573,0.0,False,393.4508056640625,2.8930633068084717,0.0,393.4508056640625,1979.140869140625,0.0,0.0,0.0,0.18792176246643066,True,nan,False,0.001632142928428948,0.01,True,,0.001,0.000999998301267624,0.00014362216461449862,393.4508056640625,1979.140869140625,96958.765625,0.0008316189050674438,3657628160.0,1260.4580078125
npg_reward_only,706,578,796442,0.0,False,297.2641906738281,2.3052706718444824,0.0,297.2641906738281,1473.039306640625,0.0,0.0,0.0,-0.3699437975883484,True,nan,False,0.001125482958741486,0.01,True,,0.001,0.0009999996982514858,0.00013814176782034338,297.2641906738281,1473.039306640625,104804.5234375,0.00018735382764134556,4676430848.0,1025.8726806640625
npg_reward_only,706,579,797496,0.0,False,439.71392822265625,2.496746063232422,0.0,439.71392822265625,2098.83203125,0.0,0.0,0.0,-0.2766430675983429,True,nan,False,0.0015022013103589416,0.01,True,,0.001,0.0010000003967434168,0.00013687339378520846,439.71392822265625,2098.83203125,106755.90625,0.00026463475660420954,1285739648.0,868.1969604492188
npg_reward_only,706,580,798454,0.0,False,218.64552307128906,2.460623264312744,0.0,218.64552307128906,1410.33740234375,0.0,0.0,0.0,-0.6222890615463257,True,nan,False,0.0017692770343273878,0.01,True,,0.001,0.0010000007459893823,0.000199645190150477,218.64552307128906,1410.33740234375,50177.8828125,0.0002717152237892151,3534777088.0,1054.7965087890625
npg_reward_only,706,581,799345,0.0,False,241.2202911376953,2.899627923965454,0.0,241.2202911376953,1688.6004638671875,0.0,0.0,0.0,-0.4909948408603668,True,nan,False,0.002036250429227948,0.01,True,,0.001,0.0010000003967434168,0.00016164551198016852,241.2202911376953,1688.6004638671875,76542.515625,0.0006244690739549696,10886687744.0,949.7203369140625
npg_reward_only,706,582,800238,0.0,False,408.8675842285156,2.752971887588501,0.0,408.8675842285156,1589.8353271484375,0.0,0.0,0.0,-0.5807632803916931,True,nan,False,0.001695027924142778,0.01,True,,0.001,0.0009999998146668077,0.00016778646386228502,408.8675842285156,1589.8353271484375,71042.1640625,0.00033483729930594563,10323422208.0,966.3928833007812
npg_reward_only,706,583,801112,0.0,False,207.1267852783203,2.5383012294769287,0.0,207.1267852783203,1461.3746337890625,0.0,0.0,0.0,-0.23539431393146515,True,nan,False,0.001299187308177352,0.01,True,,0.001,0.0010000005131587386,0.0001496115728514269,207.1267852783203,1461.3746337890625,89351.046875,0.00020231475355103612,3071985664.0,822.1233520507812
npg_reward_only,706,584,801927,0.0,False,215.14219665527344,2.429140090942383,0.0,215.14219665527344,1325.1729736328125,0.0,0.0,0.0,-0.20227575302124023,True,nan,False,0.0010946117108687758,0.01,True,,0.001,0.0009999999310821295,0.0001808584638638422,215.14219665527344,1325.1729736328125,61143.7890625,0.00017323740758001804,875242560.0,1000.8812255859375
npg_reward_only,706,585,802801,0.0,False,227.37257385253906,2.489746570587158,0.0,227.37257385253906,1296.6785888671875,0.0,0.0,0.0,-0.22541911900043488,True,nan,False,0.001549367094412446,0.01,True,,0.001,0.0009999992325901985,0.00019475586304906756,227.37257385253906,1296.6785888671875,52728.92578125,0.0003459809231571853,1061079936.0,770.114501953125
npg_reward_only,706,586,803639,0.0,False,210.2366943359375,2.6235108375549316,0.0,210.2366943359375,1796.7388916015625,0.0,0.0,0.0,-0.16061419248580933,True,nan,False,0.0015753370244055986,0.01,True,,0.001,0.0009999999310821295,0.00016522659279871732,210.2366943359375,1796.7388916015625,73260.5390625,0.0004008894902653992,2959851264.0,886.1278686523438
npg_reward_only,706,587,804550,0.0,False,174.0146942138672,2.656341314315796,0.0,174.0146942138672,1152.27734375,0.0,0.0,0.0,0.19643492996692657,True,nan,False,0.0018520993180572987,0.01,True,,0.001,0.0009999998146668077,0.0002089884947054088,174.0146942138672,1152.27734375,45791.5390625,0.0002463345299474895,1169906048.0,832.7409057617188
npg_reward_only,706,588,805361,0.0,False,419.1922607421875,2.609626293182373,0.0,419.1922607421875,2160.99560546875,0.0,0.0,0.0,0.007740332745015621,True,nan,False,0.0019442107295617461,0.01,True,,0.001,0.0010000006295740604,0.00012601209164131433,419.1922607421875,2160.99560546875,125952.1484375,0.0003072428808081895,1653789824.0,754.441650390625
npg_reward_only,706,589,806366,0.0,False,662.7619018554688,2.6446261405944824,0.0,662.7619018554688,1942.998291015625,0.0,0.0,0.0,-0.48157966136932373,True,nan,False,0.0014151219511404634,0.01,True,,0.001,0.0009999999310821295,0.00011681750766001642,662.7619018554688,1942.998291015625,146559.5625,0.0036791167221963406,23550652416.0,4679.5126953125
npg_reward_only,706,590,807266,0.0,False,371.43048095703125,2.1854043006896973,0.0,371.43048095703125,1901.065185546875,0.0,0.0,0.0,-0.45932692289352417,True,nan,False,0.001009587780572474,0.01,True,,0.001,0.001000000280328095,0.00010471247514942661,371.43048095703125,1901.065185546875,182403.5,0.0005526950699277222,2846652672.0,852.8622436523438
npg_reward_only,706,591,808332,0.0,False,221.27708435058594,2.3677380084991455,0.0,221.27708435058594,1652.1199951171875,0.0,0.0,0.0,-0.49066001176834106,True,nan,False,0.001908722915686667,0.01,True,,0.001,0.000999999581836164,0.00014783941151108593,221.27708435058594,1652.1199951171875,91505.9921875,0.00022187564172782004,969505408.0,920.25830078125
npg_reward_only,706,592,809278,0.0,False,521.8594970703125,2.712818145751953,0.0,521.8594970703125,1500.244384765625,0.0,0.0,0.0,-0.31976377964019775,True,nan,False,0.0008781329961493611,0.01,True,,0.001,0.0010000003967434168,0.00013086477702017874,521.8594970703125,1500.244384765625,116784.3203125,0.00036897227982990444,3212723456.0,989.27392578125
npg_reward_only,706,593,810191,0.0,False,341.70135498046875,2.633941173553467,0.0,341.70135498046875,1555.220703125,0.0,0.0,0.0,-0.23410983383655548,True,nan,False,0.0010673969518393278,0.01,True,,0.001,0.0010000001639127731,0.0001792046969057992,341.70135498046875,1555.220703125,62277.515625,0.0001870891428552568,1233595904.0,944.7311401367188
npg_reward_only,706,594,811085,0.0,False,171.20880126953125,2.7081708908081055,0.0,171.20880126953125,1299.1126708984375,0.0,0.0,0.0,-0.31585457921028137,True,nan,False,0.001456103171221912,0.01,True,,0.001,0.0010000003967434168,0.000204913187189959,171.20880126953125,1299.1126708984375,47631.05078125,0.00015560706378892064,10907720704.0,875.14501953125
npg_reward_only,706,595,811969,0.0,False,390.3368225097656,2.562136650085449,0.0,390.3368225097656,1357.968017578125,0.0,0.0,0.0,0.3840048313140869,True,nan,False,0.0019410846289247274,0.01,True,,0.001,0.0009999998146668077,0.0002097727992804721,390.3368225097656,1357.968017578125,45449.765625,0.00015288099530152977,3176687104.0,1798.0802001953125
npg_reward_only,706,596,812808,0.0,False,465.0540466308594,2.2407522201538086,0.0,465.0540466308594,1252.6793212890625,0.0,0.0,0.0,-0.39590075612068176,True,nan,False,0.0010450573172420263,0.01,True,,0.001,0.0010000001639127731,0.00016858978779055178,465.0540466308594,1252.6793212890625,70366.75,0.00027065075119026005,7188802048.0,898.0601806640625
npg_reward_only,706,597,813748,0.0,False,173.16102600097656,2.4289846420288086,0.0,173.16102600097656,1570.8968505859375,0.0,0.0,0.0,0.32781657576560974,True,nan,False,0.0017841067165136337,0.01,True,,0.001,0.0010000000474974513,0.00020998434047214687,173.16102600097656,1570.8968505859375,45358.23828125,0.00011533924407558516,7685624320.0,902.6636352539062
npg_reward_only,706,598,814643,0.0,False,340.95477294921875,2.4468984603881836,0.0,340.95477294921875,2190.1611328125,0.0,0.0,0.0,-0.5769896507263184,True,nan,False,0.0015890253707766533,0.01,True,,0.001,0.0010000001639127731,0.00011933071073144674,340.95477294921875,2190.1611328125,140451.234375,0.00018883784650824964,478035584.0,739.078369140625
npg_reward_only,706,599,815748,0.0,False,350.5922546386719,2.6456539630889893,0.0,350.5922546386719,1201.10107421875,0.0,0.0,0.0,-0.13232937455177307,True,nan,False,0.006759837735444307,0.01,True,,0.001,0.0009999994654208422,0.00015969770902302116,350.5922546386719,1201.10107421875,78421.046875,0.0002562011650297791,4156208896.0,874.7015380859375
npg_reward_only,706,600,816647,0.0,False,203.88330078125,2.330718994140625,0.0,203.88330078125,1356.196533203125,0.0,0.0,0.0,-0.1250198781490326,True,nan,False,0.0011415339540690184,0.01,True,,0.001,0.0010000001639127731,0.00019863063062075526,203.88330078125,1356.196533203125,50691.78515625,0.00016555312322452664,1186025344.0,772.160888671875
npg_reward_only,706,601,817582,0.0,False,298.2621154785156,2.382251739501953,0.0,298.2621154785156,1244.8443603515625,0.0,0.0,0.0,-0.48495250940322876,True,nan,False,0.0014215427218005061,0.01,True,,0.001,0.0009999999310821295,0.00018535695562604815,298.2621154785156,1244.8443603515625,58211.96484375,0.00020307439262978733,10044258304.0,788.69384765625
npg_reward_only,706,602,818446,0.0,False,1603.8013916015625,2.38571834564209,0.0,1603.8013916015625,1105.6092529296875,0.0,0.0,0.0,0.5280467867851257,True,nan,False,0.0006104736239649355,0.01,True,,0.001,0.0010000000474974513,0.00013555075565818697,1603.8013916015625,1105.6092529296875,108849.4140625,0.0015649184351786971,4938942464.0,5567.85302734375
npg_reward_only,706,603,819404,0.0,False,561.810791015625,2.596639394760132,0.0,561.810791015625,1374.748046875,0.0,0.0,0.0,-0.0904068648815155,True,nan,False,0.0013041066704317927,0.01,True,,0.001,0.0009999999310821295,0.00012053485261276364,561.810791015625,1374.748046875,137659.03125,0.00020388292614370584,1034872320.0,1068.5863037109375
npg_reward_only,706,604,820273,0.0,False,889.4678344726562,2.197662830352783,0.0,889.4678344726562,1849.296875,0.0,0.0,0.0,0.4028128385543823,True,nan,False,0.0011375778121873736,0.01,True,,0.001,0.0010000005131587386,0.00013347489584702998,889.4678344726562,1849.296875,112261.5078125,0.0002772061852738261,1369863552.0,1635.2008056640625
npg_reward_only,706,605,821412,0.0,False,442.5899963378906,2.2060582637786865,0.0,442.5899963378906,1551.2962646484375,0.0,0.0,0.0,-0.5779024362564087,True,nan,False,0.0011931781191378832,0.01,True,,0.001,0.0010000001639127731,0.00013928924454376101,442.5899963378906,1551.2962646484375,103084.859375,0.0003983716305810958,865183808.0,904.6048583984375
npg_reward_only,706,606,822535,0.0,False,365.61358642578125,2.186093330383301,0.0,365.61358642578125,1839.826904296875,0.0,0.0,0.0,-0.4390128254890442,True,nan,False,0.0015433869557455182,0.01,True,,0.001,0.0010000001639127731,0.00014457629004027694,365.61358642578125,1839.826904296875,95683.234375,0.000320867751725018,2954535680.0,1308.6143798828125
npg_reward_only,706,607,823532,0.0,False,257.6932067871094,2.6895718574523926,0.0,257.6932067871094,1433.102783203125,0.0,0.0,0.0,-0.49834030866622925,True,nan,False,0.0011803579982370138,0.01,True,,0.001,0.0010000001639127731,0.0001738188148010522,257.6932067871094,1433.102783203125,66196.71875,0.00013160389789845794,8103913472.0,861.2607421875
npg_reward_only,706,608,824438,0.0,False,310.9901123046875,2.6096479892730713,0.0,310.9901123046875,1313.579345703125,0.0,0.0,0.0,-0.20668895542621613,True,nan,False,0.0015700171934440732,0.01,True,,0.001,0.0010000000474974513,0.00016637053340673447,310.9901123046875,1313.579345703125,72256.5390625,0.00041747489012777805,918528832.0,1003.504638671875
npg_reward_only,706,609,825234,0.0,False,184.04928588867188,2.705284833908081,0.0,184.04928588867188,1468.41357421875,0.0,0.0,0.0,-0.22616258263587952,True,nan,False,0.0017056359210982919,0.01,True,,0.001,0.001000000280328095,0.00017032823234330863,184.04928588867188,1468.41357421875,68937.6953125,0.0002307068498339504,2012629376.0,912.2230224609375
npg_reward_only,706,610,826087,0.0,False,305.3982849121094,2.091113567352295,0.0,305.3982849121094,2413.702880859375,0.0,0.0,0.0,-0.4891670346260071,True,nan,False,0.0015392249915748835,0.01,True,,0.001,0.0010000001639127731,0.00013263762230053544,305.3982849121094,2413.702880859375,113683.265625,0.00024766873684711754,2953815040.0,699.1280517578125
npg_reward_only,706,611,827201,0.0,False,99.10967254638672,2.3262064456939697,0.0,99.10967254638672,1530.116943359375,0.0,0.0,0.0,-0.20230402052402496,True,nan,False,0.0015460242284461856,0.01,True,,0.001,0.0010000001639127731,0.00021850164921488613,99.10967254638672,1530.116943359375,41890.984375,0.00014572846703231335,4399614464.0,789.1206665039062
npg_reward_only,706,612,828100,0.0,False,267.6385803222656,2.4750564098358154,0.0,267.6385803222656,1494.41650390625,0.0,0.0,0.0,0.14744780957698822,True,nan,False,0.0012993409764021635,0.01,True,,0.001,0.0009999996982514858,0.00015193966100923717,267.6385803222656,1494.41650390625,86633.8671875,0.0003092073311563581,1254785024.0,1101.0523681640625
npg_reward_only,706,613,829005,0.0,False,302.31805419921875,2.238285541534424,0.0,302.31805419921875,1480.589111328125,0.0,0.0,0.0,-0.011930645443499088,True,nan,False,0.0010867627570405602,0.01,True,,0.001,0.0010000000474974513,0.00015532088582403958,302.31805419921875,1480.589111328125,82903.0078125,0.00010629190364852548,6882061312.0,708.037109375
npg_reward_only,706,614,829914,0.0,False,311.22247314453125,1.9686346054077148,0.0,311.22247314453125,2109.700927734375,0.0,0.0,0.0,-0.5431285500526428,True,nan,False,0.0013838293962180614,0.01,True,,0.001,0.0009999999310821295,0.00012483181490097195,311.22247314453125,2109.700927734375,128345.140625,0.0001287277409574017,656398400.0,718.0218505859375
npg_reward_only,706,615,830987,0.0,False,383.4498291015625,2.429781913757324,0.0,383.4498291015625,964.6400756835938,0.0,0.0,0.0,-0.314372181892395,True,nan,False,0.0006639588973484933,0.01,True,,0.001,0.0010000001639127731,0.00017755800217855722,383.4498291015625,964.6400756835938,63438.00390625,0.00021747304708696902,2309754112.0,702.0538330078125
npg_reward_only,706,616,831889,0.0,False,345.6580810546875,2.4596874713897705,0.0,345.6580810546875,1480.718017578125,0.0,0.0,0.0,-0.010523691773414612,True,nan,False,0.0015836020465940237,0.01,True,,0.001,0.0010000000474974513,0.0001510192232672125,345.6580810546875,1480.718017578125,87693.125,0.00026418748893775046,2083039360.0,730.769287109375
npg_reward_only,706,617,832767,0.0,False,251.32586669921875,2.280517101287842,0.0,251.32586669921875,1389.001953125,0.0,0.0,0.0,-0.28010377287864685,True,nan,False,0.0014408393763005733,0.01,True,,0.001,0.0009999999310821295,0.00019075308227911592,251.32586669921875,1389.001953125,54965.08203125,0.0001308907667407766,4060284928.0,724.6784057617188
npg_reward_only,706,618,833669,0.0,False,245.51519775390625,2.5445663928985596,0.0,245.51519775390625,2032.249755859375,0.0,0.0,0.0,-0.1976194828748703,True,nan,False,0.0011538066901266575,0.01,True,,0.001,0.0010000003967434168,0.0001354241103399545,245.51519775390625,2032.249755859375,109053.09375,0.0004251164791639894,1506525824.0,789.1217041015625
npg_reward_only,706,619,834597,0.0,False,391.4134521484375,2.382103681564331,0.0,391.4134521484375,1201.724853515625,0.0,0.0,0.0,0.0598175972700119,True,nan,False,0.0012482384918257594,0.01,True,,0.001,0.0009999998146668077,0.00017395139730069786,391.4134521484375,1201.724853515625,66095.8515625,0.0007415565778501332,1529917312.0,1108.1143798828125
npg_reward_only,706,620,835458,0.0,False,221.9283447265625,2.484525680541992,0.0,221.9283447265625,1303.711669921875,0.0,0.0,0.0,-0.2633800506591797,True,nan,False,0.0009371380438096821,0.01,True,,0.001,0.0009999999310821295,0.0001821211917558685,221.9283447265625,1303.711669921875,60298.8515625,0.00021971430396661162,733935104.0,1094.59765625
npg_reward_only,706,621,836314,0.0,False,641.6262817382812,2.3521013259887695,0.0,641.6262817382812,1473.6485595703125,0.0,0.0,0.0,-0.41841286420822144,True,nan,False,0.0010167919099330902,0.01,True,,0.001,0.0009999999310821295,0.00014047735021449625,641.6262817382812,1473.6485595703125,101348.515625,0.0004277890839148313,2130719104.0,1090.9346923828125
npg_reward_only,706,622,837288,0.0,False,563.3118286132812,2.4356415271759033,0.0,563.3118286132812,1379.6446533203125,0.0,0.0,0.0,-0.24738280475139618,True,nan,False,0.001990328077226877,0.01,True,,0.001,0.0010000005131587386,0.00015013004303909838,563.3118286132812,1379.6446533203125,88734.96875,0.0008666781941428781,2098879232.0,1311.4383544921875
npg_reward_only,706,623,838085,0.0,False,188.53643798828125,2.719327211380005,0.0,188.53643798828125,1453.091796875,0.0,0.0,0.0,0.02727183699607849,True,nan,False,0.0014517673989757895,0.01,True,,0.001,0.0009999998146668077,0.00018534755508881062,188.53643798828125,1453.091796875,58217.86328125,0.00038568288437090814,6547279360.0,1087.2840576171875
npg_reward_only,706,624,838855,0.0,False,94.6462173461914,2.7185909748077393,0.0,94.6462173461914,981.459716796875,0.0,0.0,0.0,-0.14285556972026825,True,nan,False,0.0017862096428871155,0.01,True,,0.001,0.0009999999310821295,0.00027656761812977493,94.6462173461914,981.459716796875,26147.33203125,0.00013220342225395143,1274239872.0,548.6069946289062
npg_reward_only,706,625,839624,0.0,False,270.21832275390625,2.163034677505493,0.0,270.21832275390625,1362.54736328125,0.0,0.0,0.0,-0.4238828718662262,True,nan,False,0.00245036487467587,0.01,True,,0.001,0.0009999998146668077,0.0001814403076423332,270.21832275390625,1362.54736328125,60752.26171875,0.00037757024983875453,892224448.0,635.7807006835938
npg_reward_only,706,626,840516,0.0,False,227.3252716064453,2.3097169399261475,0.0,227.3252716064453,1320.1953125,0.0,0.0,0.0,-0.46428459882736206,True,nan,False,0.0008047279552556574,0.01,True,,0.001,0.0009999999310821295,0.0001713991368887946,227.3252716064453,1320.1953125,68078.9296875,0.00015419202100019902,12157538304.0,517.224365234375
npg_reward_only,706,627,841421,0.0,False,333.571044921875,2.3036417961120605,0.0,333.571044921875,1423.7642822265625,0.0,0.0,0.0,-0.5236796140670776,True,nan,False,0.0015349823515862226,0.01,True,,0.001,0.0010000007459893823,0.00018085584451910108,333.571044921875,1423.7642822265625,61145.55859375,0.0001749921648297459,129617854464.0,971.5056762695312
npg_reward_only,706,628,842308,0.0,False,346.2204895019531,2.5708203315734863,0.0,346.2204895019531,1256.9234619140625,0.0,0.0,0.0,-0.13353636860847473,True,nan,False,0.002132608089596033,0.01,True,,0.001,0.0010000000474974513,0.00016673725622240454,346.2204895019531,1256.9234619140625,71939.0546875,0.0002523395523894578,4476686336.0,729.3003540039062
npg_reward_only,706,629,843097,0.0,False,293.56793212890625,2.3306756019592285,0.0,293.56793212890625,1997.9835205078125,0.0,0.0,0.0,-0.458356648683548,True,nan,False,0.0018815778894349933,0.01,True,,0.001,0.0009999998146668077,0.00013963095261715353,293.56793212890625,1997.9835205078125,102580.921875,0.0004558255022857338,512893536.0,614.4287109375
npg_reward_only,706,630,844101,0.0,False,596.7401733398438,2.1093266010284424,0.0,596.7401733398438,1297.89111328125,0.0,0.0,0.0,0.26998403668403625,True,nan,False,0.001309382845647633,0.01,True,,0.001,0.0010000001639127731,0.00011965881276410073,596.7401733398438,1297.89111328125,139682.0625,0.0005670578684657812,1269293696.0,674.026123046875
npg_reward_only,706,631,845111,0.0,False,504.38287353515625,2.4136781692504883,0.0,504.38287353515625,1708.6751708984375,0.0,0.0,0.0,-0.3490600287914276,True,nan,False,0.0010986721608787775,0.01,True,,0.001,0.001000000280328095,0.0001254750823136419,504.38287353515625,1708.6751708984375,127032.5546875,0.00035073855542577803,2469175040.0,853.0538940429688
npg_reward_only,706,632,846140,0.0,False,354.25006103515625,2.7455718517303467,0.0,354.25006103515625,1452.1513671875,0.0,0.0,0.0,-0.4154459834098816,True,nan,False,0.0014324409421533346,0.01,True,,0.001,0.001000000280328095,0.00020040135132148862,354.25006103515625,1452.1513671875,49799.9296875,0.00030575497657991946,1612915328.0,755.8862915039062
npg_reward_only,706,633,846991,0.0,False,209.41915893554688,2.577793598175049,0.0,209.41915893554688,951.784423828125,0.0,0.0,0.0,-0.42790982127189636,True,nan,False,0.0011348638217896223,0.01,True,,0.001,0.0009999999310821295,0.00021339669183362275,209.41915893554688,951.784423828125,43919.22265625,0.00016939107445068657,1378490112.0,739.8662109375
npg_reward_only,706,634,847867,0.0,False,268.2242126464844,2.5872809886932373,0.0,268.2242126464844,1113.845458984375,0.0,0.0,0.0,0.08837656676769257,True,nan,False,0.001240726443938911,0.01,True,,0.001,0.0010000001639127731,0.00020595848036464304,268.2242126464844,1113.845458984375,47148.8046875,0.0002472784835845232,2175481344.0,808.2487182617188
npg_reward_only,706,635,848705,0.0,False,177.0363006591797,2.327749490737915,0.0,177.0363006591797,1708.2215576171875,0.0,0.0,0.0,-0.10513320565223694,True,nan,False,0.002031237818300724,0.01,True,,0.001,0.0009999994654208422,0.00016555172624066472,177.0363006591797,1708.2215576171875,72973.0625,0.0003361948474776,24572164096.0,595.970947265625
npg_reward_only,706,636,849626,0.0,False,161.26171875,2.4652180671691895,0.0,161.26171875,1847.0413818359375,0.0,0.0,0.0,-0.02222827635705471,True,nan,False,0.0023101018741726875,0.01,True,,0.001,0.0010000003967434168,0.0001594110653968528,161.26171875,1847.0413818359375,78703.3203125,0.0004137823998462409,22716078080.0,659.7434692382812
npg_reward_only,706,637,850452,0.0,False,151.17161560058594,2.7681171894073486,0.0,151.17161560058594,1111.8197021484375,0.0,0.0,0.0,-0.25257763266563416,True,nan,False,0.0015395068330690265,0.01,True,,0.001,0.0010000007459893823,0.0002945462765637785,151.17161560058594,1111.8197021484375,23052.7578125,0.00024654483422636986,16893935616.0,800.1597290039062
npg_reward_only,706,638,851210,0.0,False,130.9039764404297,2.1440541744232178,0.0,130.9039764404297,1555.1959228515625,0.0,0.0,0.0,-0.004047831520438194,True,nan,False,0.0017272806726396084,0.01,True,,0.001,0.0010000001639127731,0.00017651818052399904,130.9039764404297,1555.1959228515625,64187.59375,0.00013196596410125494,37430300672.0,793.5076293945312
npg_reward_only,706,639,852145,0.0,False,906.329345703125,2.218268871307373,0.0,906.329345703125,1644.7447509765625,0.0,0.0,0.0,-0.03206948563456535,True,nan,False,0.0027274060994386673,0.01,True,,0.001,0.0009999999310821295,9.657540067564696e-05,906.329345703125,1644.7447509765625,214435.640625,0.0002922643325291574,673567040.0,782.6046142578125
npg_reward_only,706,640,853123,0.0,False,292.9205627441406,2.1933298110961914,0.0,292.9205627441406,1891.5780029296875,0.0,0.0,0.0,-0.37166643142700195,True,nan,False,0.0013114765752106905,0.01,True,,0.001,0.0009999999310821295,0.00014560464478563517,292.9205627441406,1891.5780029296875,94336.453125,0.0003094383573625237,4453120000.0,807.7379150390625
npg_reward_only,706,641,854089,0.0,False,334.4894104003906,2.3552064895629883,0.0,334.4894104003906,1129.810302734375,0.0,0.0,0.0,-0.41635164618492126,True,nan,False,0.001039804075844586,0.01,True,,0.001,0.0009999994654208422,0.00017843312525656074,334.4894104003906,1129.810302734375,62817.26953125,0.000248765223659575,2308487936.0,982.4385986328125
npg_reward_only,706,642,854980,0.0,False,382.3759460449219,2.219012498855591,0.0,382.3759460449219,1493.8043212890625,0.0,0.0,0.0,0.03678927198052406,True,nan,False,0.0019277911633253098,0.01,True,,0.001,0.0009999996982514858,0.00012826910824514925,382.3759460449219,1493.8043212890625,121558.640625,0.0003044706245418638,1721555328.0,623.1891479492188
npg_reward_only,706,643,855771,0.0,False,626.3604736328125,2.338223934173584,0.0,626.3604736328125,1614.9862060546875,0.0,0.0,0.0,-0.3081376552581787,True,nan,False,0.001574795227497816,0.01,True,,0.001,0.0009999998146668077,0.0001414551370544359,626.3604736328125,1614.9862060546875,99952.2421875,0.0005394143518060446,2447160320.0,978.5748901367188
npg_reward_only,706,644,856741,0.0,False,424.9013366699219,2.513462543487549,0.0,424.9013366699219,1300.2291259765625,0.0,0.0,0.0,-0.4319433867931366,True,nan,False,0.0010223063873127103,0.01,True,,0.001,0.0009999998146668077,0.0001705666072666645,424.9013366699219,1300.2291259765625,68745.140625,0.00040787114994600415,4769202176.0,1037.6622314453125
npg_reward_only,706,645,857643,0.0,False,401.62890625,2.349726915359497,0.0,401.62890625,1330.5535888671875,0.0,0.0,0.0,-0.14098651707172394,True,nan,False,0.0012571756960824132,0.01,True,,0.001,0.0010000003967434168,0.0001526269770693034,401.62890625,1330.5535888671875,85855.359375,0.00028868953813798726,1514795904.0,679.4857177734375
npg_reward_only,706,646,858621,0.0,False,186.2011260986328,2.3663172721862793,0.0,186.2011260986328,1761.845458984375,0.0,0.0,0.0,-0.22872741520404816,True,nan,False,0.002229976234957576,0.01,True,,0.001,0.0009999998146668077,0.00013512019359041005,186.2011260986328,1761.845458984375,109544.21875,0.0001442407665308565,1692055936.0,646.7305297851562
npg_reward_only,706,647,859543,0.0,False,591.6029663085938,2.226203680038452,0.0,591.6029663085938,1762.553955078125,0.0,0.0,0.0,-0.23830057680606842,True,nan,False,0.0010528479469940066,0.01,True,,0.001,0.0010000001639127731,0.00010417363228043541,591.6029663085938,1762.553955078125,184295.359375,0.000275663158390671,1139374848.0,668.0567016601562
npg_reward_only,706,648,860669,0.0,False,299.1184997558594,2.254028558731079,0.0,299.1184997558594,1137.7889404296875,0.0,0.0,0.0,0.0944967120885849,True,nan,False,0.0015269162831827998,0.01,True,,0.001,0.0010000000474974513,0.0001771205716067925,299.1184997558594,1137.7889404296875,63751.734375,0.00015364662976935506,4753528320.0,596.5128784179688
npg_reward_only,706,649,861585,0.0,False,280.9785461425781,2.3206846714019775,0.0,280.9785461425781,1478.22119140625,0.0,0.0,0.0,0.19907568395137787,True,nan,False,0.0021418463438749313,0.01,True,,0.001,0.001000000280328095,0.00016310399223584682,280.9785461425781,1478.22119140625,75179.75,0.00042753928573802114,977541504.0,687.8618774414062
npg_reward_only,706,650,862560,0.0,False,584.2686157226562,2.0298266410827637,0.0,584.2686157226562,1497.96875,0.0,0.0,0.0,-0.32174909114837646,True,nan,False,0.0007909368723630905,0.01,True,,0.001,0.0010000001639127731,0.00014395354082807899,584.2686157226562,1497.96875,96512.8984375,0.0002952861541416496,7027284992.0,1094.4197998046875
npg_reward_only,706,651,863585,0.0,False,464.8468017578125,2.215366840362549,0.0,464.8468017578125,1828.5296630859375,0.0,0.0,0.0,-0.4292622208595276,True,nan,False,0.001454166485927999,0.01,True,,0.001,0.0009999999310821295,0.00010599071538308635,464.8468017578125,1828.5296630859375,178030.46875,0.0005318443872965872,1363727232.0,537.1513671875
npg_reward_only,706,652,864750,0.0,False,105.41549682617188,2.3482136726379395,0.0,105.41549682617188,1282.36669921875,0.0,0.0,0.0,-0.07974912226200104,True,nan,False,0.001627364894375205,0.01,True,,0.001,0.0010000003967434168,0.00023488266742788255,105.41549682617188,1282.36669921875,36251.67578125,0.00013235803635325283,3188816640.0,635.6288452148438
npg_reward_only,706,653,865633,0.0,False,213.07571411132812,2.552654266357422,0.0,213.07571411132812,1323.3555908203125,0.0,0.0,0.0,-0.3060663044452667,True,nan,False,0.0016507608816027641,0.01,True,,0.001,0.0009999999310821295,0.00021679892961401492,213.07571411132812,1323.3555908203125,42551.5859375,0.0001824519713409245,4976927744.0,662.9586791992188
npg_reward_only,706,654,866486,0.0,False,205.36480712890625,2.0310657024383545,0.0,205.36480712890625,1367.404296875,0.0,0.0,0.0,-0.03634839877486229,True,nan,False,0.001851240755058825,0.01,True,,0.001,0.0010000000474974513,0.00015299835649784654,205.36480712890625,1367.404296875,85439.0625,0.00019650437752716243,922200960.0,593.0511474609375
npg_reward_only,706,655,867513,0.0,False,400.57305908203125,2.4844071865081787,0.0,400.57305908203125,1230.494873046875,0.0,0.0,0.0,-0.4186481237411499,True,nan,False,0.001966179581359029,0.01,True,,0.001,0.0010000000474974513,0.0002049523900495842,400.57305908203125,1230.494873046875,47612.8359375,0.00017172783554997295,2758109184.0,1044.8094482421875
npg_reward_only,706,656,868390,0.0,False,149.2163543701172,2.3209214210510254,0.0,149.2163543701172,1597.9127197265625,0.0,0.0,0.0,-0.03825356066226959,True,nan,False,0.0020172905642539263,0.01,True,,0.001,0.0010000001639127731,0.00016687173047102988,149.2163543701172,1597.9127197265625,71823.15625,0.00019787752535194159,35008528384.0,770.5833740234375
npg_reward_only,706,657,869327,0.0,False,251.6647491455078,2.478388786315918,0.0,251.6647491455078,1866.1141357421875,0.0,0.0,0.0,0.46141669154167175,True,nan,False,0.002288440940901637,0.01,True,,0.001,0.0010000000474974513,0.00017559660773258656,251.6647491455078,1866.1141357421875,64863.109375,0.00014311852282844484,1517105280.0,453.5428161621094
npg_reward_only,706,658,870199,0.0,False,252.99671936035156,2.282870292663574,0.0,252.99671936035156,1745.4957275390625,0.0,0.0,0.0,-0.03257928043603897,True,nan,False,0.0032930802553892136,0.01,True,,0.001,0.0010000003967434168,0.00013349094660952687,252.99671936035156,1745.4957275390625,112234.515625,0.00023558500106446445,2224922368.0,542.501708984375
npg_reward_only,706,659,871255,0.0,False,192.02113342285156,2.3333427906036377,0.0,192.02113342285156,2237.028564453125,0.0,0.0,0.0,-0.19780224561691284,True,nan,False,0.003317445982247591,0.01,True,,0.001,0.0009999999310821295,0.00015307668945752084,192.02113342285156,2237.028564453125,85351.640625,0.00012438520207069814,589615104.0,542.0353393554688
npg_reward_only,706,660,872236,0.0,False,517.5892944335938,2.7726311683654785,0.0,517.5892944335938,1721.8905029296875,0.0,0.0,0.0,0.23653364181518555,True,nan,False,0.0016330541111528873,0.01,True,,0.001,0.0009999998146668077,0.00014324355288408697,517.5892944335938,1721.8905029296875,97471.984375,0.0002786694676615298,11135535104.0,703.3484497070312
npg_reward_only,706,661,873147,0.0,False,179.0117950439453,2.5152745246887207,0.0,179.0117950439453,994.859375,0.0,0.0,0.0,-0.42747804522514343,True,nan,False,0.001174013246782124,0.01,True,,0.001,0.0010000005131587386,0.00020141129789408296,179.0117950439453,994.859375,49301.75,0.00016737767145968974,1095526016.0,960.3713989257812
npg_reward_only,706,662,874083,0.0,False,238.0874786376953,2.3002350330352783,0.0,238.0874786376953,1293.991455078125,0.0,0.0,0.0,-0.4029640257358551,True,nan,False,0.0012192968279123306,0.01,True,,0.001,0.0009999999310821295,0.0001718920684652403,238.0874786376953,1293.991455078125,67689.0390625,0.00016190808673854917,791170752.0,547.7791748046875
npg_reward_only,706,663,874965,0.0,False,304.7612609863281,2.5542068481445312,0.0,304.7612609863281,1458.1888427734375,0.0,0.0,0.0,0.5101059675216675,True,nan,False,0.0018235747702419758,0.01,True,,0.001,0.0009999999310821295,0.00022064373479224741,304.7612609863281,1458.1888427734375,41081.546875,0.0007747238269075751,2354296320.0,1159.8187255859375
npg_reward_only,706,664,875788,0.0,False,141.45843505859375,2.3657987117767334,0.0,141.45843505859375,1655.1053466796875,0.0,0.0,0.0,-0.18578563630580902,True,nan,False,0.0023793382570147514,0.01,True,,0.001,0.0010000001639127731,0.00015170092228800058,141.45843505859375,1655.1053466796875,86906.765625,0.00014661485329270363,320759456.0,539.472412109375
npg_reward_only,706,665,876731,0.0,False,957.7858276367188,2.209381341934204,0.0,957.7858276367188,1553.9305419921875,0.0,0.0,0.0,0.3714601993560791,True,nan,False,0.001101580448448658,0.01,True,,0.001,0.0009999999310821295,0.0001317291025770828,957.7858276367188,1553.9305419921875,115256.796875,0.0005069341277703643,6879453184.0,2322.765625
npg_reward_only,706,666,877751,0.0,False,306.07720947265625,2.4949791431427,0.0,306.07720947265625,1844.6190185546875,0.0,0.0,0.0,-0.4473171830177307,True,nan,False,0.0013596088392660022,0.01,True,,0.001,0.0009999999310821295,0.00017995125381276011,306.07720947265625,1844.6190185546875,61761.84375,0.00019184361735824496,1754748032.0,649.6458740234375
npg_reward_only,706,667,878712,0.0,False,444.5760803222656,2.593881368637085,0.0,444.5760803222656,1526.539306640625,0.0,0.0,0.0,0.2772011458873749,True,nan,False,0.001754371216520667,0.01,True,,0.001,0.0009999996982514858,0.0001687731855781749,444.5760803222656,1526.539306640625,70213.8984375,0.0005255944561213255,33564250112.0,1507.11474609375
npg_reward_only,706,668,879610,0.0,False,196.35110473632812,2.5758111476898193,0.0,196.35110473632812,1384.709716796875,0.0,0.0,0.0,0.07529593259096146,True,nan,False,0.001396623207256198,0.01,True,,0.001,0.0010000003967434168,0.00019528150733094662,196.35110473632812,1384.709716796875,52445.4453125,0.00019575658370740712,6465041920.0,775.2621459960938
npg_reward_only,706,669,880525,0.0,False,173.56687927246094,2.512857437133789,0.0,173.56687927246094,1450.5855712890625,0.0,0.0,0.0,0.22860509157180786,True,nan,False,0.0014057366643100977,0.01,True,,0.001,0.0009999996982514858,0.00019790735677815974,173.56687927246094,1450.5855712890625,51062.9765625,0.0003769142203964293,5532275200.0,1425.4739990234375
npg_reward_only,706,670,881422,0.0,False,251.55545043945312,2.2533047199249268,0.0,251.55545043945312,1527.2510986328125,0.0,0.0,0.0,-0.3578169643878937,True,nan,False,0.001291401218622923,0.01,True,,0.001,0.0009999998146668077,0.0001388930540997535,251.55545043945312,1527.2510986328125,103673.7890625,0.0008877419168129563,8022621184.0,3212.90087890625
npg_reward_only,706,671,882516,0.0,False,104.06548309326172,2.5260376930236816,0.0,104.06548309326172,1121.43896484375,0.0,0.0,0.0,-0.2947010397911072,True,nan,False,0.0012293586041778326,0.01,True,,0.001,0.0010000000474974513,0.00026890606386587024,104.06548309326172,1121.43896484375,27658.513671875,0.0001236180542036891,3660077312.0,747.8037719726562
npg_reward_only,706,672,883370,0.0,False,411.4553527832031,2.699948787689209,0.0,411.4553527832031,1185.857666015625,0.0,0.0,0.0,0.02114662155508995,True,nan,False,0.0013689426705241203,0.01,True,,0.001,0.0010000000474974513,0.00018294338951818645,411.4553527832031,1185.857666015625,59758.07421875,0.0006533305277116597,25783607296.0,1096.9390869140625
npg_reward_only,706,673,884214,0.0,False,270.609619140625,2.2851696014404297,0.0,270.609619140625,1977.7423095703125,0.0,0.0,0.0,0.048534538596868515,True,nan,False,0.006638350430876017,0.01,True,,0.001,0.0010000006295740604,0.0001386581570841372,270.609619140625,1977.7423095703125,104025.3359375,0.0005415054620243609,3533731072.0,1027.025390625
npg_reward_only,706,674,885279,0.0,False,464.8723449707031,2.6691086292266846,0.0,464.8723449707031,1464.898193359375,0.0,0.0,0.0,-0.33352258801460266,True,nan,False,0.0012564181815832853,0.01,True,,0.001,0.0009999996982514858,0.00016230445180553943,464.8723449707031,1464.898193359375,75922.265625,0.0002702578203752637,5137913344.0,1470.823486328125
npg_reward_only,706,675,886168,0.0,False,405.6382751464844,2.384648561477661,0.0,405.6382751464844,1774.1239013671875,0.0,0.0,0.0,-0.3540608584880829,True,nan,False,0.001880020834505558,0.01,True,,0.001,0.0010000000474974513,0.00014595073298551142,405.6382751464844,1774.1239013671875,93889.59375,0.0005167863564565778,18324590592.0,1049.1025390625
npg_reward_only,706,676,887136,0.0,False,301.5558166503906,2.6955490112304688,0.0,301.5558166503906,1289.5169677734375,0.0,0.0,0.0,0.14890944957733154,True,nan,False,0.001522942679002881,0.01,True,,0.001,0.0010000001639127731,0.0002083904400933534,301.5558166503906,1289.5169677734375,46054.75,0.000353441690094769,1648930944.0,862.6347045898438
npg_reward_only,706,677,888003,0.0,False,165.27835083007812,2.436173677444458,0.0,165.27835083007812,1678.749267578125,0.0,0.0,0.0,-0.34205201268196106,True,nan,False,0.00179995724465698,0.01,True,,0.001,0.0010000003967434168,0.00019641774997580796,165.27835083007812,1678.749267578125,51840.42578125,0.00018564244965091348,6216979968.0,562.4567260742188
npg_reward_only,706,678,888983,0.0,False,312.8333740234375,2.9191763401031494,0.0,312.8333740234375,2210.572509765625,0.0,0.0,0.0,-0.3705209791660309,True,nan,False,0.001683149952441454,0.01,True,,0.001,0.0010000001639127731,0.00012773457274306566,312.8333740234375,2210.572509765625,122578.171875,0.0005454253405332565,2081890688.0,568.580810546875
npg_reward_only,706,679,889896,0.0,False,388.8002624511719,2.6713757514953613,0.0,388.8002624511719,1821.7906494140625,0.0,0.0,0.0,-0.018214376643300056,True,nan,False,0.0014834227040410042,0.01,True,,0.001,0.0010000000474974513,0.00013814971316605806,388.8002624511719,1821.7906494140625,104792.46875,0.0002534587401896715,2139675264.0,795.5680541992188
npg_reward_only,706,680,890808,0.0,False,238.72891235351562,2.4813201427459717,0.0,238.72891235351562,1462.3831787109375,0.0,0.0,0.0,-0.17496559023857117,True,nan,False,0.001728808623738587,0.01,True,,0.001,0.0009999994654208422,0.00020567358296830207,238.72891235351562,1462.3831787109375,47279.5078125,0.00038121335092000663,5448256512.0,849.518310546875
npg_reward_only,706,681,891740,0.0,False,374.71929931640625,2.813093662261963,0.0,374.71929931640625,1361.01806640625,0.0,0.0,0.0,0.24768944084644318,True,nan,False,0.0014496518997475505,0.01,True,,0.001,0.001000000280328095,0.00017091739573515952,374.71929931640625,1361.01806640625,68463.25,0.00032489842851646245,5876603904.0,916.7034301757812
npg_reward_only,706,682,892687,0.0,False,278.6220703125,2.6063313484191895,0.0,278.6220703125,2116.19091796875,0.0,0.0,0.0,-0.10270091146230698,True,nan,False,0.003123415634036064,0.01,True,,0.001,0.001000000280328095,0.00011688637459883466,278.6220703125,2116.19091796875,146386.90625,0.0003302469849586487,4475289600.0,488.0998229980469
npg_reward_only,706,683,893750,0.0,False,147.58030700683594,2.449188709259033,0.0,147.58030700683594,1265.885009765625,0.0,0.0,0.0,0.20443956553936005,True,nan,False,0.002582421526312828,0.01,True,,0.001,0.0009999989997595549,0.0003047881764359772,147.58030700683594,1265.885009765625,21529.4921875,0.00014859691145829856,13227202560.0,596.87890625
npg_reward_only,706,684,894639,0.0,False,168.356201171875,2.5925042629241943,0.0,168.356201171875,1781.467529296875,0.0,0.0,0.0,0.22127948701381683,True,nan,False,0.0014295893488451838,0.01,True,,0.001,0.0009999996982514858,0.00017638115969020873,168.356201171875,1781.467529296875,64287.3671875,0.000134002257254906,8633597952.0,554.2009887695312
npg_reward_only,706,685,895611,0.0,False,291.8584899902344,2.418926954269409,0.0,291.8584899902344,1929.2984619140625,0.0,0.0,0.0,0.4229557514190674,True,nan,False,0.0023249753285199404,0.01,True,,0.001,0.0010000006295740604,0.00015806783630978316,291.8584899902344,1929.2984619140625,80046.625,0.0008552016224712133,3623693568.0,2881.81298828125
npg_reward_only,706,686,896616,0.0,False,636.9379272460938,2.6088602542877197,0.0,636.9379272460938,1766.4805908203125,0.0,0.0,0.0,-0.47446373105049133,True,nan,False,0.002392612164840102,0.01,True,,0.001,0.001000000280328095,0.0001434530277037993,636.9379272460938,1766.4805908203125,97187.53125,0.0002997344417963177,3879486976.0,2540.946044921875
npg_reward_only,706,687,897612,0.0,False,281.1064147949219,2.4372923374176025,0.0,281.1064147949219,1654.2928466796875,0.0,0.0,0.0,0.06244464963674545,True,nan,False,0.0012893659295514226,0.01,True,,0.001,0.0009999996982514858,0.00013967393897473812,281.1064147949219,1654.2928466796875,102517.796875,0.00018683650705497712,5710504448.0,510.90338134765625
npg_reward_only,706,688,898613,0.0,False,231.4606475830078,2.1633331775665283,0.0,231.4606475830078,1289.1358642578125,0.0,0.0,0.0,-0.0023841853253543377,True,nan,False,0.0011552488431334496,0.01,True,,0.001,0.0010000000474974513,0.00017128941544797271,231.4606475830078,1289.1358642578125,68166.1796875,0.00025142644881270826,3343724544.0,809.74609375
npg_reward_only,706,689,899627,0.0,False,234.12533569335938,2.631704330444336,0.0,234.12533569335938,2490.23291015625,0.0,0.0,0.0,-0.2633308470249176,True,nan,False,0.0023419559001922607,0.01,True,,0.001,0.0009999998146668077,0.0001245488820131868,234.12533569335938,2490.23291015625,128928.9140625,0.00016323744785040617,2006596480.0,439.82659912109375
npg_reward_only,706,690,900581,0.0,False,463.3507385253906,2.4260413646698,0.0,463.3507385253906,1854.8233642578125,0.0,0.0,0.0,0.22470183670520782,True,nan,False,0.0009028866770677269,0.01,True,,0.001,0.0010000000474974513,0.00014887549332343042,463.3507385253906,1854.8233642578125,90236.78125,0.0003565092047210783,7316832256.0,1177.7967529296875
npg_reward_only,706,691,901666,0.0,False,313.7627258300781,2.346155881881714,0.0,313.7627258300781,1629.6793212890625,0.0,0.0,0.0,-0.3277791738510132,True,nan,False,0.0014360642526298761,0.01,True,,0.001,0.0009999994654208422,0.00020789611153304577,313.7627258300781,1629.6793212890625,46274.0234375,0.0002439212257741019,10510810112.0,1609.406494140625
npg_reward_only,706,692,902594,0.0,False,169.31663513183594,2.7966220378875732,0.0,169.31663513183594,1386.4449462890625,0.0,0.0,0.0,-0.3507356345653534,True,nan,False,0.0024443534202873707,0.01,True,,0.001,0.0009999992325901985,0.00022979463392402977,169.31663513183594,1386.4449462890625,37874.79296875,0.00026666189660318196,8195283968.0,765.7142944335938
npg_reward_only,706,693,903462,0.0,False,340.71563720703125,2.534268617630005,0.0,340.71563720703125,1366.8548583984375,0.0,0.0,0.0,0.07809869199991226,True,nan,False,0.001214706222526729,0.01,True,,0.001,0.0009999999310821295,0.00015340745449066162,340.71563720703125,1366.8548583984375,84983.9765625,0.0001886946993181482,2100965376.0,1223.297119140625
npg_reward_only,706,694,904404,0.0,False,370.5752868652344,2.2474684715270996,0.0,370.5752868652344,1452.4967041015625,0.0,0.0,0.0,-0.05119791999459267,True,nan,False,0.0014449362643063068,0.01,True,,0.001,0.0009999999310821295,0.00013722186849918216,370.5752868652344,1452.4967041015625,106214.390625,0.0001692023652140051,1546839808.0,716.8107299804688
npg_reward_only,706,695,905460,0.0,False,471.0742492675781,2.3909637928009033,0.0,471.0742492675781,1608.041748046875,0.0,0.0,0.0,-0.29467085003852844,True,nan,False,0.0006439870921894908,0.01,True,,0.001,0.0010000001639127731,0.00012125025386922061,471.0742492675781,1608.041748046875,136039.390625,0.0002009343879763037,2131373952.0,868.2107543945312
npg_reward_only,706,696,906399,0.0,False,244.08389282226562,3.026621103286743,0.0,244.08389282226562,1588.7830810546875,0.0,0.0,0.0,-0.2663733661174774,True,nan,False,0.001775260316208005,0.01,True,,0.001,0.0010000001639127731,0.00017081794794648886,244.08389282226562,1588.7830810546875,68542.984375,0.00038879443309269845,3873239552.0,1764.9674072265625
npg_reward_only,706,697,907244,0.0,False,238.45359802246094,2.5395634174346924,0.0,238.45359802246094,1481.657470703125,0.0,0.0,0.0,0.08828991651535034,True,nan,False,0.0015989583916962147,0.01,True,,0.001,0.0010000005131587386,0.0001777175348252058,238.45359802246094,1481.657470703125,63324.1640625,0.0002571008517406881,2481401856.0,727.93310546875
npg_reward_only,706,698,908146,0.0,False,140.50611877441406,2.8991024494171143,0.0,140.50611877441406,1377.3341064453125,0.0,0.0,0.0,-0.42381376028060913,True,nan,False,0.0022794888354837894,0.01,True,,0.001,0.0010000007459893823,0.00025833980180323124,140.50611877441406,1377.3341064453125,29967.28515625,0.0006411693175323308,4821273088.0,882.5029907226562
npg_reward_only,706,699,909013,0.0,False,159.10903930664062,2.7958290576934814,0.0,159.10903930664062,1241.54638671875,0.0,0.0,0.0,0.34539076685905457,True,nan,False,0.0013960613869130611,0.01,True,,0.001,0.0009999996982514858,0.0002284869842696935,159.10903930664062,1241.54638671875,38309.5546875,0.0006324801361188293,14271432704.0,1094.989501953125
npg_reward_only,706,700,909885,0.0,False,137.0218048095703,2.6538772583007812,0.0,137.0218048095703,1189.923583984375,0.0,0.0,0.0,-0.39179450273513794,True,nan,False,0.0019587427377700806,0.01,True,,0.001,0.0010000006295740604,0.00024144371855072677,137.0218048095703,1189.923583984375,34308.21875,0.00018188892863690853,2476599808.0,702.34619140625
npg_reward_only,706,701,910782,0.0,False,221.73681640625,2.7022948265075684,0.0,221.73681640625,1238.29541015625,0.0,0.0,0.0,-0.11049386858940125,True,nan,False,0.0025831295643001795,0.01,True,,0.001,0.0010000005131587386,0.00020150977070443332,221.73681640625,1238.29541015625,49253.578125,0.00025473348796367645,2237115392.0,635.2864379882812
npg_reward_only,706,702,911637,0.0,False,248.8456268310547,2.3256916999816895,0.0,248.8456268310547,2286.01611328125,0.0,0.0,0.0,-0.1458742618560791,True,nan,False,0.0018247273983433843,0.01,True,,0.001,0.0009999994654208422,0.00013941971701569855,248.8456268310547,2286.01611328125,102892.0,0.0003469034854788333,4697260032.0,1060.9132080078125
npg_reward_only,706,703,912684,0.0,False,256.2124938964844,2.167757987976074,0.0,256.2124938964844,1400.1563720703125,0.0,0.0,0.0,0.06199697405099869,True,nan,False,0.0015434420201927423,0.01,True,,0.001,0.001000000280328095,0.0001522536767879501,256.2124938964844,1400.1563720703125,86276.875,0.0002431352186249569,4105789440.0,775.8363647460938
npg_reward_only,706,704,913667,0.0,False,902.5781860351562,2.229815721511841,0.0,902.5781860351562,1689.786376953125,0.0,0.0,0.0,0.31245213747024536,True,nan,False,0.0014806513208895922,0.01,True,,0.001,0.0009999999310821295,0.00010185009159613401,902.5781860351562,1689.786376953125,192800.0625,0.001561056007631123,18583013376.0,2000.349853515625
npg_reward_only,706,705,914724,0.0,False,198.77012634277344,1.9810106754302979,0.0,198.77012634277344,1630.9276123046875,0.0,0.0,0.0,-0.19073225557804108,True,nan,False,0.0018874506931751966,0.01,True,,0.001,0.0009999999310821295,0.00014518153329845518,198.77012634277344,1630.9276123046875,94887.1171875,0.00017254754493478686,2681529600.0,1023.9421997070312
npg_reward_only,706,706,915698,0.0,False,240.3089599609375,2.577070474624634,0.0,240.3089599609375,1451.76611328125,0.0,0.0,0.0,-0.45067477226257324,True,nan,False,0.0014385986141860485,0.01,True,,0.001,0.0009999999310821295,0.00016242983110714704,240.3089599609375,1451.76611328125,75805.1015625,0.00015433573571499437,3437577216.0,672.2870483398438
npg_reward_only,706,707,916583,0.0,False,490.55462646484375,2.373063087463379,0.0,490.55462646484375,1407.0084228515625,0.0,0.0,0.0,0.11827109009027481,True,nan,False,0.0012936984421685338,0.01,True,,0.001,0.0010000003967434168,0.00016972502635326236,490.55462646484375,1407.0084228515625,69428.578125,0.0003051256062462926,1471205504.0,827.7657470703125
npg_reward_only,706,708,917452,0.0,False,434.6840515136719,2.048142433166504,0.0,434.6840515136719,1398.7813720703125,0.0,0.0,0.0,-0.4580354690551758,True,nan,False,0.0010868768440559506,0.01,True,,0.001,0.0010000001639127731,0.00015348871238529682,434.6840515136719,1398.7813720703125,84894.015625,0.00023331647389568388,9890057216.0,1173.1673583984375
npg_reward_only,706,709,918415,0.0,False,311.6719970703125,2.383277654647827,0.0,311.6719970703125,1809.7152099609375,0.0,0.0,0.0,-0.18414045870304108,True,nan,False,0.0014396649785339832,0.01,True,,0.001,0.0010000001639127731,0.00013911213318351656,311.6719970703125,1809.7152099609375,103347.515625,0.0002861164975911379,1276301696.0,781.5025634765625
npg_reward_only,706,710,919418,0.0,False,288.96185302734375,2.1395246982574463,0.0,288.96185302734375,2475.275146484375,0.0,0.0,0.0,-0.38885098695755005,True,nan,False,0.0020569644402712584,0.01,True,,0.001,0.0009999999310821295,0.00010725756146712229,288.96185302734375,2475.275146484375,173849.78125,0.00026157338288612664,809569152.0,582.4007568359375
npg_reward_only,706,711,920469,0.0,False,325.2601013183594,2.162841796875,0.0,325.2601013183594,1423.7626953125,0.0,0.0,0.0,0.16730983555316925,True,nan,False,0.0016309377970173955,0.01,True,,0.001,0.0009999999310821295,0.00014727463712915778,325.2601013183594,1423.7626953125,92209.171875,0.00030492013320326805,1376118528.0,803.0403442382812
npg_reward_only,706,712,921366,0.0,False,348.5277404785156,2.1419599056243896,0.0,348.5277404785156,1765.996826171875,0.0,0.0,0.0,-0.16856731474399567,True,nan,False,0.001291768392547965,0.01,True,,0.001,0.0009999999310821295,0.00016400459571741521,348.5277404785156,1765.996826171875,74356.3359375,0.0010816639987751842,27023058944.0,3280.378662109375
npg_reward_only,706,713,922359,0.0,False,208.0029754638672,2.2615559101104736,0.0,208.0029754638672,1528.5697021484375,0.0,0.0,0.0,-0.12967449426651,True,nan,False,0.001985786948353052,0.01,True,,0.001,0.0010000000474974513,0.00018843941506929696,208.0029754638672,1528.5697021484375,56323.09765625,0.00015616603195667267,35422560256.0,734.474365234375
npg_reward_only,706,714,923245,0.0,False,485.23626708984375,2.497579574584961,0.0,485.23626708984375,1548.2547607421875,0.0,0.0,0.0,-0.20954978466033936,True,nan,False,0.0012929118238389492,0.01,True,,0.001,0.0010000000474974513,0.0001496425538789481,485.23626708984375,1548.2547607421875,89314.046875,0.0003160771739203483,8047091200.0,1061.0877685546875
npg_reward_only,706,715,924254,0.0,False,203.5999755859375,2.4879629611968994,0.0,203.5999755859375,1286.03759765625,0.0,0.0,0.0,0.09639441221952438,True,nan,False,0.001034208689816296,0.01,True,,0.001,0.0009999999310821295,0.00018825502775143832,203.5999755859375,1286.03759765625,56433.484375,0.0002963197766803205,12730473472.0,862.3998413085938
npg_reward_only,706,716,925125,0.0,False,543.232177734375,2.4008920192718506,0.0,543.232177734375,1588.5592041015625,0.0,0.0,0.0,0.3233684003353119,True,nan,False,0.0017535978695377707,0.01,True,,0.001,0.0010000000474974513,0.00014881663082633168,543.232177734375,1588.5592041015625,90308.1875,0.0009160274057649076,9271411712.0,1359.69580078125
npg_reward_only,706,717,925973,0.0,False,324.6024475097656,2.5512914657592773,0.0,324.6024475097656,1062.1214599609375,0.0,0.0,0.0,0.33842718601226807,True,nan,False,0.001306897378526628,0.01,True,,0.001,0.0010000001639127731,0.00021307507995516062,324.6024475097656,1062.1214599609375,44051.90234375,0.0002071218768833205,5817861632.0,1686.14013671875
npg_reward_only,706,718,926854,0.0,False,466.1897888183594,2.5515854358673096,0.0,466.1897888183594,1958.15625,0.0,0.0,0.0,0.146005779504776,True,nan,False,0.0019941034261137247,0.01,True,,0.001,0.0009999999310821295,0.00010933117300737649,466.1897888183594,1958.15625,167317.734375,0.0003135401348117739,1810755968.0,620.6058959960938
npg_reward_only,706,719,927768,0.0,False,165.7625274658203,2.750927209854126,0.0,165.7625274658203,1573.4791259765625,0.0,0.0,0.0,-0.2608027756214142,True,nan,False,0.0015733250183984637,0.01,True,,0.001,0.0009999999310821295,0.00016723477165214717,165.7625274658203,1573.4791259765625,71511.65625,0.000154627748997882,4917712896.0,667.9147338867188
npg_reward_only,706,720,928687,0.0,False,362.7364807128906,2.1800942420959473,0.0,362.7364807128906,1409.3636474609375,0.0,0.0,0.0,-0.07047595083713531,True,nan,False,0.0023394350428134203,0.01,True,,0.001,0.0009999996982514858,0.00015799423272255808,362.7364807128906,1409.3636474609375,80121.21875,0.00016942349611781538,2287768320.0,878.9862060546875
npg_reward_only,706,721,929607,0.0,False,251.5608673095703,2.1186509132385254,0.0,251.5608673095703,1422.525390625,0.0,0.0,0.0,-0.19964075088500977,True,nan,False,0.0015573645941913128,0.01,True,,0.001,0.001000000280328095,0.00019315931422170252,251.5608673095703,1422.525390625,53604.18359375,0.00034452322870492935,2346656000.0,850.8756713867188
npg_reward_only,706,722,930490,0.0,False,369.51806640625,2.2374720573425293,0.0,369.51806640625,1819.640625,0.0,0.0,0.0,-0.19879990816116333,True,nan,False,0.0011510717449709773,0.01,True,,0.001,0.0009999998146668077,0.0001758579455781728,369.51806640625,1819.640625,64670.47265625,0.00014048129378352314,2209931264.0,891.5147705078125
npg_reward_only,706,723,931469,0.0,False,238.61141967773438,3.021583318710327,0.0,238.61141967773438,1440.93798828125,0.0,0.0,0.0,-0.22458882629871368,True,nan,False,0.0023127873428165913,0.01,True,,0.001,0.0009999996982514858,0.0001636064116610214,238.61141967773438,1440.93798828125,74718.71875,0.0002248907694593072,1537373184.0,722.20068359375
npg_reward_only,706,724,932278,0.0,False,283.32781982421875,3.053154230117798,0.0,283.32781982421875,1223.51123046875,0.0,0.0,0.0,-0.09742765128612518,True,nan,False,0.0020271760877221823,0.01,True,,0.001,0.0010000003967434168,0.00026505737332627177,283.32781982421875,1223.51123046875,28467.556640625,0.0001550821034470573,2507182080.0,695.3017578125
npg_reward_only,706,725,933110,0.0,False,176.00477600097656,3.362126350402832,0.0,176.00477600097656,1896.5438232421875,0.0,0.0,0.0,0.08527330309152603,True,nan,False,0.001314951223321259,0.01,True,,0.001,0.0010000000474974513,0.00013827203656546772,176.00477600097656,1896.5438232421875,104607.140625,0.0003416536492295563,2762870528.0,905.4419555664062
npg_reward_only,706,726,933957,0.0,False,359.3932800292969,2.752148389816284,0.0,359.3932800292969,1320.110107421875,0.0,0.0,0.0,0.1993519812822342,True,nan,False,0.001439663814380765,0.01,True,,0.001,0.0010000001639127731,0.00019185064593330026,359.3932800292969,1320.110107421875,54337.984375,0.0001721472362987697,10460607488.0,748.3409423828125
npg_reward_only,706,727,934829,0.0,False,317.2521057128906,2.9031479358673096,0.0,317.2521057128906,1408.4259033203125,0.0,0.0,0.0,-0.40786778926849365,True,nan,False,0.0013624076964333653,0.01,True,,0.001,0.0010000001639127731,0.0001932055311044678,317.2521057128906,1408.4259033203125,53578.546875,0.00013937221956439316,13928601600.0,817.0831909179688
npg_reward_only,706,728,935765,0.0,False,154.12330627441406,3.070866346359253,0.0,154.12330627441406,1134.486572265625,0.0,0.0,0.0,-0.2776727080345154,True,nan,False,0.0018212742870673537,0.01,True,,0.001,0.0010000000474974513,0.0002079723053611815,154.12330627441406,1134.486572265625,46240.125,0.00010043021029559895,15878047744.0,937.4947509765625
npg_reward_only,706,729,936565,0.0,False,333.0220642089844,3.141185998916626,0.0,333.0220642089844,1656.9124755859375,0.0,0.0,0.0,-0.2920956313610077,True,nan,False,0.0013515952741727233,0.01,True,,0.001,0.000999999581836164,0.00012929999502375722,333.0220642089844,1656.9124755859375,119628.046875,0.0002974708331748843,5063537664.0,1327.958251953125
npg_reward_only,706,730,937446,0.0,False,143.43910217285156,2.445239782333374,0.0,143.43910217285156,1702.9461669921875,0.0,0.0,0.0,0.11504267156124115,True,nan,False,0.0024222475476562977,0.01,True,,0.001,0.0009999998146668077,0.00016937904001679271,143.43910217285156,1702.9461669921875,69712.5,0.0001616331865079701,4191260160.0,777.4052734375
npg_reward_only,706,731,938391,0.0,False,656.5678100585938,2.875425100326538,0.0,656.5678100585938,1118.755126953125,0.0,0.0,0.0,0.3309333026409149,True,nan,False,0.001017461414448917,0.01,True,,0.001,0.0010000000474974513,0.0001728372590150684,656.5678100585938,1118.755126953125,66950.71875,0.00020702005713246763,16725092352.0,1776.154541015625
npg_reward_only,706,732,939304,0.0,False,247.7661590576172,2.5993847846984863,0.0,247.7661590576172,1247.189208984375,0.0,0.0,0.0,0.17979390919208527,True,nan,False,0.00250305887311697,0.01,True,,0.001,0.0009999989997595549,0.00018085302144754678,247.7661590576172,1247.189208984375,61147.46484375,0.0005890365573577583,5546740224.0,921.9857177734375
npg_reward_only,706,733,940202,0.0,False,580.751953125,2.332552194595337,0.0,580.751953125,1572.73779296875,0.0,0.0,0.0,0.22003842890262604,True,nan,False,0.0016429848037660122,0.01,True,,0.001,0.0009999999310821295,0.0001096411288017407,580.751953125,1572.73779296875,166373.0625,0.0003417962871026248,5456800768.0,748.3884887695312
npg_reward_only,706,734,941326,0.0,False,197.49082946777344,3.125767469406128,0.0,197.49082946777344,1252.8319091796875,0.0,0.0,0.0,0.24567633867263794,True,nan,False,0.0018919295398518443,0.01,True,,0.001,0.0009999996982514858,0.00018837311654351652,197.49082946777344,1252.8319091796875,56362.75,0.0001277723058592528,1706418304.0,721.1328125
npg_reward_only,706,735,942101,0.0,False,468.9142150878906,2.3286070823669434,0.0,468.9142150878906,1250.5,0.0,0.0,0.0,-0.24066130816936493,True,nan,False,0.000738450326025486,0.01,True,,0.001,0.0009999996982514858,0.00015265475667547435,468.9142150878906,1250.5,85824.109375,0.00025798199931159616,3521521664.0,896.1917114257812
npg_reward_only,706,736,943160,0.0,False,324.8494567871094,2.8622448444366455,0.0,324.8494567871094,1775.9776611328125,0.0,0.0,0.0,-0.1705850511789322,True,nan,False,0.001865521539002657,0.01,True,,0.001,0.001000000280328095,0.00014695891877636313,324.8494567871094,1775.9776611328125,92605.78125,0.00048353636520914733,11178353664.0,902.1198120117188
npg_reward_only,706,737,944059,0.0,False,496.08721923828125,2.5194742679595947,0.0,496.08721923828125,1142.8453369140625,0.0,0.0,0.0,-0.258768767118454,True,nan,False,0.0030550556257367134,0.01,True,,0.001,0.0009999996982514858,0.00015915835683699697,496.08721923828125,1142.8453369140625,78953.453125,0.00022150202130433172,4175133184.0,866.0852661132812
npg_reward_only,706,738,944953,0.0,False,719.779541015625,2.48052978515625,0.0,719.779541015625,1475.4403076171875,0.0,0.0,0.0,0.4131503701210022,True,nan,False,0.0011561758583411574,0.01,True,,0.001,0.0010000001639127731,0.00013826164649799466,719.779541015625,1475.4403076171875,104622.8515625,0.00038079553632996976,42862145536.0,1992.6187744140625
npg_reward_only,706,739,945911,0.0,False,226.33990478515625,2.8880016803741455,0.0,226.33990478515625,1586.43115234375,0.0,0.0,0.0,-0.13960504531860352,True,nan,False,0.0012206770479679108,0.01,True,,0.001,0.0009999998146668077,0.00020603490702342242,226.33990478515625,1586.43115234375,47113.83203125,0.0002521107962820679,4402634752.0,878.3577880859375
npg_reward_only,706,740,946799,0.0,False,148.13961791992188,2.6994833946228027,0.0,148.13961791992188,1516.896484375,0.0,0.0,0.0,-0.08489222079515457,True,nan,False,0.001496311859227717,0.01,True,,0.001,0.0009999996982514858,0.00017119008407462388,148.13961791992188,1516.896484375,68245.3125,0.00011742903006961569,22141902848.0,817.6554565429688
npg_reward_only,706,741,947646,0.0,False,277.1329650878906,2.793886184692383,0.0,277.1329650878906,1534.638427734375,0.0,0.0,0.0,-0.19530576467514038,True,nan,False,0.0015430388739332557,0.01,True,,0.001,0.0010000005131587386,0.00019192796025890857,277.1329650878906,1534.638427734375,54294.21484375,0.00020546648011077195,1478589184.0,893.0374755859375
npg_reward_only,706,742,948538,0.0,False,282.2852783203125,2.6671719551086426,0.0,282.2852783203125,1571.2366943359375,0.0,0.0,0.0,0.034047383815050125,True,nan,False,0.0013745712349191308,0.01,True,,0.001,0.0010000007459893823,0.00016217758820857853,282.2852783203125,1571.2366943359375,76041.09375,0.00014615112741012126,31416449024.0,865.6139526367188
npg_reward_only,706,743,949520,0.0,False,460.1195068359375,2.4702837467193604,0.0,460.1195068359375,2498.947021484375,0.0,0.0,0.0,-0.1874079704284668,True,nan,False,0.0015109111554920673,0.01,True,,0.001,0.0010000001639127731,0.0001139368032454513,460.1195068359375,2498.947021484375,154064.28125,0.0002007615694310516,16338629632.0,685.0870971679688
npg_reward_only,706,744,950637,0.0,False,156.6530303955078,2.770411252975464,0.0,156.6530303955078,1295.810546875,0.0,0.0,0.0,-0.1826649010181427,True,nan,False,0.0018548895604908466,0.01,True,,0.001,0.0009999999310821295,0.00020345397933851928,156.6530303955078,1295.810546875,48316.7421875,0.00023874131147749722,66225029120.0,1120.413818359375
npg_reward_only,706,745,951552,0.0,False,155.6693878173828,2.6679482460021973,0.0,155.6693878173828,1723.5341796875,0.0,0.0,0.0,-0.13362076878547668,True,nan,False,0.0025203980039805174,0.01,True,,0.001,0.0009999998146668077,0.00014686935173813254,155.6693878173828,1723.5341796875,92718.765625,0.0004399432218633592,2155140352.0,938.4896850585938
npg_reward_only,706,746,952538,0.0,False,334.98248291015625,2.553473949432373,0.0,334.98248291015625,1611.3441162109375,0.0,0.0,0.0,-0.12982924282550812,True,nan,False,0.0017336945747956634,0.01,True,,0.001,0.0009999999310821295,0.00016831661923788488,334.98248291015625,1611.3441162109375,70595.3359375,0.0003778788377530873,18249594880.0,1485.508544921875
npg_reward_only,706,747,953446,0.0,False,947.6730346679688,2.993417263031006,0.0,947.6730346679688,1650.5302734375,0.0,0.0,0.0,0.5745136737823486,True,nan,False,0.0013481626519933343,0.01,True,,0.001,0.001000000280328095,0.00013861688785254955,947.6730346679688,1650.5302734375,104087.2890625,0.0007058737683109939,6996304896.0,3682.7734375
npg_reward_only,706,748,954375,0.0,False,451.0861511230469,2.75242280960083,0.0,451.0861511230469,1421.193115234375,0.0,0.0,0.0,0.20957304537296295,True,nan,False,0.0014734134310856462,0.01,True,,0.001,0.0009999996982514858,0.00018722479580901563,451.0861511230469,1421.193115234375,57056.2578125,0.00033938020351342857,4528607232.0,1231.013427734375
npg_reward_only,706,749,955372,0.0,False,416.3269958496094,2.5637967586517334,0.0,416.3269958496094,1547.66357421875,0.0,0.0,0.0,-0.16438592970371246,True,nan,False,0.003205357352271676,0.01,True,,0.001,0.001000000862404704,0.0001721762673696503,416.3269958496094,1547.66357421875,67465.765625,0.000186699369805865,15659785216.0,1161.4586181640625
npg_reward_only,706,750,956285,0.0,False,450.2364807128906,2.665383815765381,0.0,450.2364807128906,1590.739501953125,0.0,0.0,0.0,-0.28923624753952026,True,nan,False,0.0020658967550843954,0.01,True,,0.001,0.0010000001639127731,0.00014148323680274189,450.2364807128906,1590.739501953125,99912.5546875,0.0001684104499872774,4431759872.0,1123.064453125
npg_reward_only,706,751,957117,0.0,False,265.4497375488281,2.364393949508667,0.0,265.4497375488281,1532.9229736328125,0.0,0.0,0.0,0.2686777412891388,True,nan,False,0.0011735279113054276,0.01,True,,0.001,0.001000000280328095,0.0001554011832922697,265.4497375488281,1532.9229736328125,82817.359375,0.0004550160374492407,18842167296.0,1383.0380859375
npg_reward_only,706,752,958153,0.0,False,328.14666748046875,2.532433032989502,0.0,328.14666748046875,1263.3607177734375,0.0,0.0,0.0,-0.004519350361078978,True,nan,False,0.001606452977284789,0.01,True,,0.001,0.0009999999310821295,0.00019236115622334182,328.14666748046875,1263.3607177734375,54049.9453125,0.0001779217564035207,3908969216.0,1136.405517578125
npg_reward_only,706,753,959030,0.0,False,376.23638916015625,2.8154194355010986,0.0,376.23638916015625,1250.6943359375,0.0,0.0,0.0,-0.012768836691975594,True,nan,False,0.0012125051580369473,0.01,True,,0.001,0.0009999999310821295,0.0001615604996914044,376.23638916015625,1250.6943359375,76623.09375,0.00016285694437101483,170037985280.0,1047.3289794921875
npg_reward_only,706,754,959906,0.0,False,226.35934448242188,2.1372592449188232,0.0,226.35934448242188,2308.64111328125,0.0,0.0,0.0,-0.1993984580039978,True,nan,False,0.0017530553741380572,0.01,True,,0.001,0.0009999999310821295,0.00012751348549500108,226.35934448242188,2308.64111328125,123003.578125,0.0001769106456777081,2315072000.0,1074.6007080078125
npg_reward_only,706,755,960979,0.0,False,339.3064270019531,2.7194104194641113,0.0,339.3064270019531,1529.2724609375,0.0,0.0,0.0,0.19509510695934296,True,nan,False,0.0015150088584050536,0.01,True,,0.001,0.0009999999310821295,0.00013368752843234688,339.3064270019531,1529.2724609375,111904.6796875,0.00024492424563504755,2130247424.0,885.4364013671875
npg_reward_only,706,756,961969,0.0,False,592.9635009765625,1.982367753982544,0.0,592.9635009765625,1763.3310546875,0.0,0.0,0.0,0.16327765583992004,True,nan,False,0.004029897972941399,0.01,True,,0.001,0.0010000001639127731,0.0001377240550937131,592.9635009765625,1763.3310546875,105441.21875,0.0002873143821489066,3354464000.0,1089.530029296875
npg_reward_only,706,757,963029,0.0,False,549.1302490234375,2.5417752265930176,0.0,549.1302490234375,1345.29931640625,0.0,0.0,0.0,-0.3437598943710327,True,nan,False,0.0009729239391162992,0.01,True,,0.001,0.0010000001639127731,0.00014157348778098822,549.1302490234375,1345.29931640625,99785.203125,0.00019977876218035817,7083790848.0,1194.550048828125
npg_reward_only,706,758,964029,0.0,False,228.78884887695312,2.6928765773773193,0.0,228.78884887695312,1116.719482421875,0.0,0.0,0.0,0.2578914165496826,True,nan,False,0.001943180337548256,0.01,True,,0.001,0.0009999994654208422,0.00023961812257766724,228.78884887695312,1116.719482421875,34832.984375,0.00021533262042794377,16962795520.0,971.22705078125
npg_reward_only,706,759,964879,0.0,False,424.12701416015625,2.3398005962371826,0.0,424.12701416015625,2600.076171875,0.0,0.0,0.0,0.09545187652111053,True,nan,False,0.0013146413257345557,0.01,True,,0.001,0.0010000005131587386,9.434456296730787e-05,424.12701416015625,2600.076171875,224696.46875,0.00043828689376823604,1193487616.0,961.789306640625
npg_reward_only,706,760,965931,0.0,False,219.19168090820312,2.829272985458374,0.0,219.19168090820312,1137.724853515625,0.0,0.0,0.0,0.002400267170742154,True,nan,False,0.0022881098557263613,0.01,True,,0.001,0.0009999998146668077,0.00018548849038779736,219.19168090820312,1137.724853515625,58129.4296875,0.00013523100642487407,2934925824.0,1047.6173095703125
npg_reward_only,706,761,966744,0.0,False,270.5439147949219,2.473205089569092,0.0,270.5439147949219,1787.671142578125,0.0,0.0,0.0,-0.4777185916900635,True,nan,False,0.0023867941927164793,0.01,True,,0.001,0.0010000006295740604,0.00017529807519167662,270.5439147949219,1787.671142578125,65084.21875,0.0006597967585548759,2122349440.0,1210.98681640625
npg_reward_only,706,762,967782,0.0,False,177.5706329345703,2.1938154697418213,0.0,177.5706329345703,1006.63671875,0.0,0.0,0.0,-0.09878046810626984,True,nan,False,0.0014740185579285026,0.01,True,,0.001,0.0010000000474974513,0.0002235980937257409,177.5706329345703,1006.63671875,40003.11328125,0.00012829618935938925,4915140096.0,1075.9298095703125
npg_reward_only,706,763,968656,0.0,False,426.6893005371094,2.4601995944976807,0.0,426.6893005371094,1718.7421875,0.0,0.0,0.0,-0.28185155987739563,True,nan,False,0.0015755601925775409,0.01,True,,0.001,0.0010000001639127731,0.00014553431537933648,426.6893005371094,1718.7421875,94427.65625,0.0003257610078435391,9250790400.0,1150.682373046875
npg_reward_only,706,764,969664,0.0,False,862.7691040039062,2.2949700355529785,0.0,862.7691040039062,1438.2269287109375,0.0,0.0,0.0,0.4291037917137146,True,nan,False,0.0013276329264044762,0.01,True,,0.001,0.0009999996982514858,0.0001273972011404112,862.7691040039062,1438.2269287109375,123228.234375,0.0003194094751961529,13945681920.0,2296.852294921875
npg_reward_only,706,765,970656,0.0,False,382.0802307128906,2.1534175872802734,0.0,382.0802307128906,1824.6370849609375,0.0,0.0,0.0,-0.07367780804634094,True,nan,False,0.0016281574498862028,0.01,True,,0.001,0.0010000000474974513,0.00012701618834398687,382.0802307128906,1824.6370849609375,123968.6484375,0.0005426853895187378,1871196672.0,828.0686645507812
npg_reward_only,706,766,971750,0.0,False,383.5953063964844,2.3522403240203857,0.0,383.5953063964844,1577.7000732421875,0.0,0.0,0.0,0.1848560869693756,True,nan,False,0.0025150093715637922,0.01,True,,0.001,0.0010000001639127731,0.00014000071678310633,383.5953063964844,1577.7000732421875,102039.765625,0.00036590854870155454,19458252800.0,677.4117431640625
npg_reward_only,706,767,972820,0.0,False,291.8550109863281,2.2833781242370605,0.0,291.8550109863281,1309.296875,0.0,0.0,0.0,-0.24690164625644684,True,nan,False,0.0015523567562922835,0.01,True,,0.001,0.001000000280328095,0.00018020111019723117,291.8550109863281,1309.296875,61590.6875,0.000199696805793792,1807013760.0,939.7657470703125
npg_reward_only,706,768,973672,0.0,False,290.33465576171875,2.5559799671173096,0.0,290.33465576171875,1449.408447265625,0.0,0.0,0.0,-0.12814709544181824,True,nan,False,0.004257796332240105,0.01,True,,0.001,0.0009999996982514858,0.00015231198631227016,290.33465576171875,1449.408447265625,86210.84375,0.00013880773622076958,2266026240.0,873.3803100585938
npg_reward_only,706,769,974607,0.0,False,304.77227783203125,2.476583957672119,0.0,304.77227783203125,1630.0162353515625,0.0,0.0,0.0,-0.414713591337204,True,nan,False,0.0014049321180209517,0.01,True,,0.001,0.0010000000474974513,0.00014994910452514887,304.77227783203125,1630.0162353515625,88949.234375,0.00026510516181588173,1190646016.0,1032.3074951171875
npg_reward_only,706,770,975522,0.0,False,345.7357177734375,2.7004148960113525,0.0,345.7357177734375,1697.634765625,0.0,0.0,0.0,-0.13432076573371887,True,nan,False,0.0018181942868977785,0.01,True,,0.001,0.0010000006295740604,0.00014378706691786647,345.7357177734375,1697.634765625,96736.5078125,0.00032082770485430956,2374311936.0,996.8929443359375
npg_reward_only,706,771,976429,0.0,False,380.5860900878906,2.998569965362549,0.0,380.5860900878906,1284.241943359375,0.0,0.0,0.0,0.13550831377506256,True,nan,False,0.001225019572302699,0.01,True,,0.001,0.0010000001639127731,0.00016479344049002975,380.5860900878906,1284.241943359375,73646.171875,0.00012501978198997676,17449994240.0,863.8707885742188
npg_reward_only,706,772,977339,0.0,False,717.3935546875,2.079951286315918,0.0,717.3935546875,2067.101806640625,0.0,0.0,0.0,-0.27230605483055115,True,nan,False,0.0013416435103863478,0.01,True,,0.001,0.0010000000474974513,0.00010280058631906286,717.3935546875,2067.101806640625,189251.28125,0.00037781556602567434,7201946624.0,1110.0555419921875
npg_reward_only,706,773,978309,0.0,False,443.2029724121094,2.543779134750366,0.0,443.2029724121094,2425.720947265625,0.0,0.0,0.0,0.18436448276042938,True,nan,False,0.002135887276381254,0.01,True,,0.001,0.0010000003967434168,9.505151683697477e-05,443.2029724121094,2425.720947265625,221366.515625,0.0003480956074781716,1508637440.0,633.82958984375
npg_reward_only,706,774,979368,0.0,False,365.817138671875,2.8241755962371826,0.0,365.817138671875,1217.6746826171875,0.0,0.0,0.0,0.009219537489116192,True,nan,False,0.001405813149176538,0.01,True,,0.001,0.0009999999310821295,0.00014508087770082057,365.817138671875,1217.6746826171875,95018.828125,0.0002371590380789712,2864349440.0,920.959228515625
npg_reward_only,706,775,980209,0.0,False,375.9691162109375,2.8405983448028564,0.0,375.9691162109375,1695.09130859375,0.0,0.0,0.0,-0.15578263998031616,True,nan,False,0.0032527782022953033,0.01,True,,0.001,0.0010000001639127731,0.0001415518781868741,375.9691162109375,1695.09130859375,99815.6796875,0.00045685007353313267,3821970944.0,687.6234130859375
npg_reward_only,706,776,981193,0.0,False,460.2903137207031,2.5818967819213867,0.0,460.2903137207031,1217.2408447265625,0.0,0.0,0.0,-0.4094235301017761,True,nan,False,0.0020908135920763016,0.01,True,,0.001,0.0010000001639127731,0.00016985327238216996,460.2903137207031,1217.2408447265625,69323.7734375,0.00026301556499674916,179155337216.0,2330.5458984375
npg_reward_only,706,777,982053,0.0,False,395.275390625,2.7660181522369385,0.0,395.275390625,1121.5013427734375,0.0,0.0,0.0,0.09245439618825912,True,nan,False,0.0015027372865006328,0.01,True,,0.001,0.000999999581836164,0.00019806191266980022,395.275390625,1121.5013427734375,50983.31640625,0.00016649015014991164,17980459008.0,973.1300659179688
npg_reward_only,706,778,982860,0.0,False,291.7447204589844,2.515136957168579,0.0,291.7447204589844,1616.5850830078125,0.0,0.0,0.0,-0.28491324186325073,True,nan,False,0.0016553986351937056,0.01,True,,0.001,0.0010000001639127731,0.00011744417133741081,291.7447204589844,1616.5850830078125,144999.6875,0.00021096656564623117,1758785152.0,831.2777099609375
npg_reward_only,706,779,983888,0.0,False,1291.62548828125,2.4995317459106445,0.0,1291.62548828125,1490.868896484375,0.0,0.0,0.0,0.5696144104003906,True,nan,False,0.0014848960563540459,0.01,True,,0.001,0.0010000000474974513,0.00010442003986099735,1291.62548828125,1490.868896484375,183426.59375,0.001817797776311636,39772729344.0,4254.85107421875
npg_reward_only,706,780,985150,0.0,False,312.6532287597656,2.2052841186523438,0.0,312.6532287597656,1710.5826416015625,0.0,0.0,0.0,0.23971417546272278,True,nan,False,0.002974323695525527,0.01,True,,0.001,0.0010000001639127731,0.00013317604316398501,312.6532287597656,1710.5826416015625,112765.9140625,0.0003129160322714597,2938398208.0,834.4319458007812
npg_reward_only,706,781,986127,0.0,False,511.7215881347656,2.4267029762268066,0.0,511.7215881347656,1469.7491455078125,0.0,0.0,0.0,0.08308268338441849,True,nan,False,0.0008105661836452782,0.01,True,,0.001,0.0010000001639127731,0.00012371399498078972,511.7215881347656,1469.7491455078125,130674.96875,0.00041988532757386565,2340423424.0,1424.5675048828125
npg_reward_only,706,782,987157,0.0,False,194.18772888183594,3.3374860286712646,0.0,194.18772888183594,1029.6060791015625,0.0,0.0,0.0,-0.1097940057516098,True,nan,False,0.0014552281936630607,0.01,True,,0.001,0.001000000862404704,0.00026115949731320143,194.18772888183594,1029.6060791015625,29323.673828125,0.00014252238906919956,2313862656.0,874.4243774414062
npg_reward_only,706,783,987943,0.0,False,219.87156677246094,2.508654832839966,0.0,219.87156677246094,1493.77099609375,0.0,0.0,0.0,-0.24854597449302673,True,nan,False,0.0013435756554827094,0.01,True,,0.001,0.0009999996982514858,0.00018559458840172738,219.87156677246094,1493.77099609375,58062.9921875,0.00018673385784495622,3152512512.0,926.5042724609375
npg_reward_only,706,784,988903,0.0,False,420.4162292480469,3.0387091636657715,0.0,420.4162292480469,1356.2918701171875,0.0,0.0,0.0,-0.09283661842346191,True,nan,False,0.001315046800300479,0.01,True,,0.001,0.0010000001639127731,0.00015301180246751755,420.4162292480469,1356.2918701171875,85424.046875,0.0005362419178709388,18333128704.0,1500.986572265625
npg_reward_only,706,785,989822,0.0,False,662.16455078125,2.527071475982666,0.0,662.16455078125,1118.506103515625,0.0,0.0,0.0,-0.39664360880851746,True,nan,False,0.0010587474098429084,0.01,True,,0.001,0.0009999998146668077,0.00017248096992261708,662.16455078125,1118.506103515625,67227.6015625,0.0005328828119672835,2901787136.0,1419.5810546875
npg_reward_only,706,786,990763,0.0,False,308.3724670410156,2.434976577758789,0.0,308.3724670410156,1306.0584716796875,0.0,0.0,0.0,-0.09215765446424484,True,nan,False,0.001223002909682691,0.01,True,,0.001,0.0010000003967434168,0.00018338111112825572,308.3724670410156,1306.0584716796875,59473.13671875,0.0001815592113416642,4897646592.0,1001.7749633789062
npg_reward_only,706,787,991781,0.0,False,382.2059020996094,2.2839713096618652,0.0,382.2059020996094,1466.3724365234375,0.0,0.0,0.0,-0.26888665556907654,True,nan,False,0.00157106202095747,0.01,True,,0.001,0.0010000000474974513,0.0001597230730112642,382.2059020996094,1466.3724365234375,78396.1484375,0.00022865265782456845,321488977920.0,1126.40283203125
npg_reward_only,706,788,992772,0.0,False,158.72166442871094,2.880929470062256,0.0,158.72166442871094,1200.90087890625,0.0,0.0,0.0,0.2065514177083969,True,nan,False,0.0012123928172513843,0.01,True,,0.001,0.0009999999310821295,0.0002576247788965702,158.72166442871094,1200.90087890625,30133.85546875,0.0003384234441909939,2927018240.0,1389.0018310546875
npg_reward_only,706,789,993646,0.0,False,561.999267578125,2.755141019821167,0.0,561.999267578125,1257.951171875,0.0,0.0,0.0,-0.3793949782848358,True,nan,False,0.0017376571195200086,0.01,True,,0.001,0.0009999999310821295,0.00014926119183655828,561.999267578125,1257.951171875,89771.03125,0.0002749340783338994,3340767744.0,1286.390625
npg_reward_only,706,790,994683,0.0,False,451.13165283203125,2.6563398838043213,0.0,451.13165283203125,1318.6549072265625,0.0,0.0,0.0,-0.13808605074882507,True,nan,False,0.0016827612416818738,0.01,True,,0.001,0.001000000280328095,0.00016482645878568292,451.13165283203125,1318.6549072265625,73616.6640625,0.0002786336117424071,1946116224.0,897.9957275390625
npg_reward_only,706,791,995548,0.0,False,544.66748046875,2.596139907836914,0.0,544.66748046875,2135.224853515625,0.0,0.0,0.0,0.1126774325966835,True,nan,False,0.0046392506919801235,0.01,True,,0.001,0.0009999999310821295,0.00012510345550253987,544.66748046875,2135.224853515625,127788.390625,0.00034165719989687204,5541764096.0,754.741455078125
npg_reward_only,706,792,996582,0.0,False,125.84703826904297,2.961564302444458,0.0,125.84703826904297,1136.7315673828125,0.0,0.0,0.0,-0.10410747677087784,True,nan,False,0.0013137913774698973,0.01,True,,0.001,0.001000000280328095,0.00023315672297030687,125.84703826904297,1136.7315673828125,36790.3671875,0.0001347867219010368,30992678912.0,1143.1607666015625
npg_reward_only,706,793,997475,0.0,False,140.56011962890625,2.753793954849243,0.0,140.56011962890625,1024.678466796875,0.0,0.0,0.0,0.20370326936244965,True,nan,False,0.0019678412936627865,0.01,True,,0.001,0.0010000000474974513,0.0003164878871757537,140.56011962890625,1024.678466796875,19967.138671875,0.0001803318882593885,4728119808.0,925.7650756835938
npg_reward_only,706,794,998355,0.0,False,252.0780792236328,2.4940576553344727,0.0,252.0780792236328,1337.904052734375,0.0,0.0,0.0,-0.19727817177772522,True,nan,False,0.0014314522268250585,0.01,True,,0.001,0.0009999998146668077,0.00017828350246418267,252.0780792236328,1337.904052734375,62922.75390625,0.00022318135597743094,6497730560.0,1170.959228515625
npg_reward_only,706,795,999275,0.0,False,304.7793884277344,2.740957021713257,0.0,304.7793884277344,1410.1219482421875,0.0,0.0,0.0,-0.01936485804617405,True,nan,False,0.0015389766776934266,0.01,True,,0.001,0.0010000005131587386,0.0001779261219780892,304.7793884277344,1410.1219482421875,63175.7734375,0.00024752577883191407,10558491648.0,1029.024169921875
npg_reward_only,706,796,1000087,0.0,False,473.42584228515625,2.2785937786102295,0.0,473.42584228515625,1200.43701171875,0.0,0.0,0.0,-0.337680846452713,True,nan,False,0.001696176128461957,0.01,True,,0.001,0.0010000000474974513,0.0002281428169226274,473.42584228515625,1200.43701171875,38425.2265625,0.00029761987389065325,7268465152.0,1700.578125
npg_reward_only,706,797,1000956,0.0,False,507.9937438964844,2.6395678520202637,0.0,507.9937438964844,1187.4951171875,0.0,0.0,0.0,0.11652812361717224,True,nan,False,0.0014314509462565184,0.01,True,,0.001,0.0010000001639127731,0.00013810518430545926,507.9937438964844,1187.4951171875,104860.0546875,0.00025141792139038444,2378278144.0,945.6061401367188
npg_reward_only,706,798,1001795,0.0,False,183.1295928955078,2.649385452270508,0.0,183.1295928955078,1141.2301025390625,0.0,0.0,0.0,-0.06037473678588867,True,nan,False,0.00189449533354491,0.01,True,,0.001,0.0010000003967434168,0.00022971566068008542,183.1295928955078,1141.2301025390625,37900.8359375,0.00011665107012959197,49676730368.0,906.434326171875
npg_reward_only,706,799,1002636,0.0,False,233.23443603515625,2.9267525672912598,0.0,233.23443603515625,1124.1268310546875,0.0,0.0,0.0,0.22760643064975739,True,nan,False,0.0014346849638968706,0.01,True,,0.001,0.000999999581836164,0.0002004797279369086,233.23443603515625,1124.1268310546875,49760.99609375,0.00029404059750959277,10062405632.0,1226.21875
npg_reward_only,706,800,1003428,0.0,False,244.81460571289062,2.635472297668457,0.0,244.81460571289062,1159.3980712890625,0.0,0.0,0.0,-0.25949838757514954,True,nan,False,0.0017138841794803739,0.01,True,,0.001,0.0009999999310821295,0.00017136431415565312,244.81460571289062,1159.3980712890625,68106.609375,9.769867756403983e-05,1952285440.0,1084.546142578125
npg_reward_only,706,801,1004305,0.0,False,251.27381896972656,2.57538104057312,0.0,251.27381896972656,1365.53662109375,0.0,0.0,0.0,0.2594277262687683,True,nan,False,0.0013673331122845411,0.01,True,,0.001,0.001000000280328095,0.00015116609574761242,251.27381896972656,1365.53662109375,87522.8046875,0.0003345820296090096,7087081984.0,1043.46630859375
npg_reward_only,706,802,1005172,0.0,False,214.1079559326172,2.700411081314087,0.0,214.1079559326172,1251.2996826171875,0.0,0.0,0.0,-0.30657458305358887,True,nan,False,0.001202886225655675,0.01,True,,0.001,0.0010000006295740604,0.00020759906328748912,214.1079559326172,1251.2996826171875,46406.54296875,0.0003989899705629796,10136183808.0,1142.6483154296875
npg_reward_only,706,803,1006031,0.0,False,445.3773498535156,2.465764284133911,0.0,445.3773498535156,1183.767578125,0.0,0.0,0.0,-0.14283625781536102,True,nan,False,0.00150170992128551,0.01,True,,0.001,0.0010000000474974513,0.0001888359838631004,445.3773498535156,1183.767578125,56086.7734375,0.0002960254205390811,8605722624.0,1205.58203125
npg_reward_only,706,804,1006945,0.0,False,190.01470947265625,3.077437400817871,0.0,190.01470947265625,1408.9873046875,0.0,0.0,0.0,-0.16803422570228577,True,nan,False,0.001342668430879712,0.01,True,,0.001,0.0009999999310821295,0.00018828829342965037,190.01470947265625,1408.9873046875,56413.5390625,0.00014546455349773169,7160190464.0,786.5416259765625
npg_reward_only,706,805,1007842,0.0,False,341.5931396484375,2.1963436603546143,0.0,341.5931396484375,1379.847412109375,0.0,0.0,0.0,-0.19135059416294098,True,nan,False,0.0010402052430436015,0.01,True,,0.001,0.0009999994654208422,0.0001776494027581066,341.5931396484375,1379.847412109375,63372.74609375,0.0002640858292579651,63143145472.0,1169.96875
npg_reward_only,706,806,1008755,0.0,False,273.1565246582031,2.7417685985565186,0.0,273.1565246582031,1509.2708740234375,0.0,0.0,0.0,-0.17839427292346954,True,nan,False,0.0019786725752055645,0.01,True,,0.001,0.0010000010952353477,0.00020200965809635818,273.1565246582031,1509.2708740234375,49010.1171875,0.00026998468092642725,13885574144.0,1006.9408569335938
npg_reward_only,706,807,1009664,0.0,False,208.35394287109375,2.781904935836792,0.0,208.35394287109375,1560.4532470703125,0.0,0.0,0.0,0.053622059524059296,True,nan,False,0.001240794314071536,0.01,True,,0.001,0.0010000005131587386,0.0001682435249676928,208.35394287109375,1560.4532470703125,70656.6953125,0.00020000702352263033,18996901888.0,993.4676513671875
npg_reward_only,706,808,1010625,0.0,False,134.40359497070312,3.01810359954834,0.0,134.40359497070312,1752.2796630859375,0.0,0.0,0.0,0.033123452216386795,True,nan,False,0.0021228184923529625,0.01,True,,0.001,0.0010000010952353477,0.00019667002197820693,134.40359497070312,1752.2796630859375,51707.515625,0.00042778963688760996,8560462336.0,1071.5235595703125
npg_reward_only,706,809,1011518,0.0,False,268.9604187011719,2.9268720149993896,0.0,268.9604187011719,1107.1326904296875,0.0,0.0,0.0,-0.11208336055278778,True,nan,False,0.0010116522898897529,0.01,True,,0.001,0.0010000006295740604,0.00017292670963797718,268.9604187011719,1107.1326904296875,66881.46875,0.0002167010970879346,37030821888.0,952.626220703125
npg_reward_only,706,810,1012475,0.0,False,292.0247497558594,2.5264649391174316,0.0,292.0247497558594,1750.3421630859375,0.0,0.0,0.0,-0.21875567734241486,True,nan,False,0.0013661085395142436,0.01,True,,0.001,0.0009999999310821295,0.0001080747606465593,292.0247497558594,1750.3421630859375,171230.625,0.00012961446191184223,7855932416.0,1006.2709350585938
npg_reward_only,706,811,1013497,0.0,False,123.21592712402344,3.020905017852783,0.0,123.21592712402344,2112.5732421875,0.0,0.0,0.0,-0.28152206540107727,True,nan,False,0.0024665785022079945,0.01,True,,0.001,0.0009999996982514858,0.00017914549971465021,123.21592712402344,2112.5732421875,62318.671875,0.0001452393626095727,2916877056.0,916.8959350585938
npg_reward_only,706,812,1014509,0.0,False,242.60084533691406,2.901451587677002,0.0,242.60084533691406,1473.7547607421875,0.0,0.0,0.0,-0.5168260335922241,True,nan,False,0.0019620757084339857,0.01,True,,0.001,0.0010000003967434168,0.0001532940223114565,242.60084533691406,1473.7547607421875,85109.796875,0.00026975880609825253,215465148416.0,1052.53662109375
npg_reward_only,706,813,1015420,0.0,False,174.12777709960938,3.1158313751220703,0.0,174.12777709960938,1894.2431640625,0.0,0.0,0.0,0.13912007212638855,True,nan,False,0.002024150686338544,0.01,True,,0.001,0.0010000003967434168,0.00014972873032093048,174.12777709960938,1894.2431640625,89211.265625,0.0004504385869950056,3368011264.0,1073.29443359375
npg_reward_only,706,814,1016222,0.0,False,235.25033569335938,2.9423422813415527,0.0,235.25033569335938,1598.5079345703125,0.0,0.0,0.0,-0.11257600039243698,True,nan,False,0.0034615679178386927,0.01,True,,0.001,0.0010000001639127731,0.0001260916469618678,235.25033569335938,1598.5079345703125,125793.2734375,0.0003713082696776837,2496633856.0,991.9873046875
npg_reward_only,706,815,1017215,0.0,False,424.5387268066406,2.363983392715454,0.0,424.5387268066406,2036.0390625,0.0,0.0,0.0,-0.2109922617673874,True,nan,False,0.0010308923665434122,0.01,True,,0.001,0.001000000280328095,0.0001388840755680576,424.5387268066406,2036.0390625,103687.1953125,0.0008895003702491522,11528989696.0,1073.9979248046875
npg_reward_only,706,816,1018291,0.0,False,456.3169250488281,2.6432394981384277,0.0,456.3169250488281,1912.98046875,0.0,0.0,0.0,0.09634117782115936,True,nan,False,0.002391150686889887,0.01,True,,0.001,0.0009999994654208422,0.00011816110782092437,456.3169250488281,1912.98046875,143245.484375,0.00042573604150675237,21099274240.0,1045.363037109375
npg_reward_only,706,817,1019315,0.0,False,410.3967590332031,2.997462511062622,0.0,410.3967590332031,819.3683471679688,0.0,0.0,0.0,-0.006038777995854616,True,nan,False,0.000742510543204844,0.01,True,,0.001,0.0010000001639127731,0.00020343803043942899,410.3967590332031,819.3683471679688,48324.31640625,0.0003048225771635771,6654514688.0,2025.406494140625
npg_reward_only,706,818,1020226,0.0,False,113.68135070800781,2.7572319507598877,0.0,113.68135070800781,1028.0443115234375,0.0,0.0,0.0,-0.04088833928108215,True,nan,False,0.0013265510788187385,0.01,True,,0.001,0.0009999987669289112,0.0002708868414629251,113.68135070800781,1028.0443115234375,27255.5,0.0003055356501135975,136631738368.0,1124.7918701171875
npg_reward_only,706,819,1021114,0.0,False,237.40829467773438,2.870389699935913,0.0,237.40829467773438,1279.70556640625,0.0,0.0,0.0,-0.38905295729637146,True,nan,False,0.0016079603228718042,0.01,True,,0.001,0.0009999996982514858,0.0001565514539834112,237.40829467773438,1279.70556640625,81604.8125,0.00023022849927656353,9706116096.0,1146.0792236328125
npg_reward_only,706,820,1022008,0.0,False,214.7377166748047,2.4514830112457275,0.0,214.7377166748047,1072.55810546875,0.0,0.0,0.0,-0.06653648614883423,True,nan,False,0.0018029060447588563,0.01,True,,0.001,0.0009999999310821295,0.0002077922981698066,214.7377166748047,1072.55810546875,46320.2734375,0.00022431612887885422,6802853888.0,1254.1552734375
npg_reward_only,706,821,1022932,0.0,False,407.31109619140625,2.1989846229553223,0.0,407.31109619140625,1241.3245849609375,0.0,0.0,0.0,-0.4159500300884247,True,nan,False,0.0014791995054110885,0.01,True,,0.001,0.0010000003967434168,0.00014211281086318195,407.31109619140625,1241.3245849609375,99029.2734375,0.00018268631538376212,15304336384.0,1211.47021484375
npg_reward_only,706,822,1023889,0.0,False,370.6836242675781,2.49289870262146,0.0,370.6836242675781,1074.6419677734375,0.0,0.0,0.0,-0.4434414505958557,True,nan,False,0.0011372287990525365,0.01,True,,0.001,0.0009999994654208422,0.00020334839064162225,370.6836242675781,1074.6419677734375,48366.93359375,0.0006187341059558094,9806370816.0,1396.781982421875
npg_reward_only,706,823,1024788,0.0,False,925.5567626953125,2.512521505355835,0.0,925.5567626953125,1542.7264404296875,0.0,0.0,0.0,0.6289137005805969,True,nan,False,0.0012039124267175794,0.01,True,,0.001,0.0010000001639127731,0.00012847389734815806,925.5567626953125,1542.7264404296875,121171.4296875,0.00043436762643978,7218949632.0,3277.257568359375
npg_reward_only,706,824,1025919,0.0,False,153.39759826660156,2.3565409183502197,0.0,153.39759826660156,1903.740966796875,0.0,0.0,0.0,-0.020750584080815315,True,nan,False,0.0016479395562782884,0.01,True,,0.001,0.0009999999310821295,0.0001684791932348162,153.39759826660156,1903.740966796875,70459.1640625,0.0004011332930531353,4858723840.0,1124.44384765625
npg_reward_only,706,825,1026961,0.0,False,552.0254516601562,2.7628893852233887,0.0,552.0254516601562,1340.7261962890625,0.0,0.0,0.0,-0.4483817219734192,True,nan,False,0.0020715498831123114,0.01,True,,0.001,0.0010000000474974513,0.00015319252270273864,552.0254516601562,1340.7261962890625,85222.6171875,0.0004768731596414,2566023936.0,1659.6214599609375
npg_reward_only,706,826,1027870,0.0,False,294.00933837890625,2.9035263061523438,0.0,294.00933837890625,1156.3587646484375,0.0,0.0,0.0,0.2166091948747635,True,nan,False,0.0012181277852505445,0.01,True,,0.001,0.0010000005131587386,0.00021009378542657942,294.00933837890625,1156.3587646484375,45310.9921875,0.0010089038405567408,39860883456.0,2338.455078125
npg_reward_only,706,827,1028804,0.0,False,441.3479919433594,2.3743324279785156,0.0,441.3479919433594,1575.577392578125,0.0,0.0,0.0,-0.3434522747993469,True,nan,False,0.0015555965946987271,0.01,True,,0.001,0.0009999993490055203,0.0001626971788937226,441.3479919433594,1575.577392578125,75556.1796875,0.00025536533212289214,2866761472.0,1350.17236328125
npg_reward_only,706,828,1029811,0.0,False,354.6164855957031,2.819185256958008,0.0,354.6164855957031,940.7976684570312,0.0,0.0,0.0,-0.23973625898361206,True,nan,False,0.0011528482427820563,0.01,True,,0.001,0.0010000003967434168,0.00021721703524235636,354.6164855957031,940.7976684570312,42387.93359375,0.00033659266773611307,21616646144.0,1655.808837890625
npg_reward_only,706,829,1030766,0.0,False,431.9862365722656,2.835402488708496,0.0,431.9862365722656,1349.2166748046875,0.0,0.0,0.0,-0.5264893770217896,True,nan,False,0.0014055619249120355,0.01,True,,0.001,0.0010000006295740604,0.00016561089432798326,431.9862365722656,1349.2166748046875,72920.9296875,0.0005091064958833158,16550371328.0,1564.14111328125
npg_reward_only,706,830,1031780,0.0,False,224.83941650390625,2.531081438064575,0.0,224.83941650390625,2205.0546875,0.0,0.0,0.0,-0.023903843015432358,True,nan,False,0.001576167531311512,0.01,True,,0.001,0.0009999996982514858,0.00012786808656528592,224.83941650390625,2205.0546875,122322.3125,0.00023197010159492493,84610170880.0,924.99072265625
npg_reward_only,706,831,1033152,0.0,False,327.7124328613281,2.5783767700195312,0.0,327.7124328613281,1556.36181640625,0.0,0.0,0.0,0.2530995011329651,True,nan,False,0.0012477164855226874,0.01,True,,0.001,0.0009999999310821295,0.0001264512538909912,327.7124328613281,1556.36181640625,125078.796875,0.00022488254762720317,13966703616.0,1532.1041259765625
npg_reward_only,706,832,1034222,0.0,False,463.9730224609375,2.745128631591797,0.0,463.9730224609375,1223.3968505859375,0.0,0.0,0.0,-0.4584277272224426,True,nan,False,0.0010666963644325733,0.01,True,,0.001,0.0009999999310821295,0.0002012344339163974,463.9730224609375,1223.3968505859375,49388.453125,0.0002906282607000321,7797386240.0,1332.3289794921875
npg_reward_only,706,833,1035116,0.0,False,350.9187927246094,2.633922815322876,0.0,350.9187927246094,2096.599853515625,0.0,0.0,0.0,-0.28838828206062317,True,nan,False,0.0012765523279085755,0.01,True,,0.001,0.0010000005131587386,0.00011689033271977678,350.9187927246094,2096.599853515625,146377.0,0.0005067553138360381,16164621312.0,1059.3345947265625
npg_reward_only,706,834,1036177,0.0,False,324.9710388183594,3.0179059505462646,0.0,324.9710388183594,1520.247802734375,0.0,0.0,0.0,-0.449950248003006,True,nan,False,0.0020079794339835644,0.01,True,,0.001,0.0010000001639127731,0.0001893878070404753,324.9710388183594,1520.247802734375,55760.41796875,0.0004808254598174244,75186249728.0,1317.533203125
npg_reward_only,706,835,1037101,0.0,False,175.3294677734375,2.8427326679229736,0.0,175.3294677734375,1598.1573486328125,0.0,0.0,0.0,-0.285876601934433,True,nan,False,0.0020190002396702766,0.01,True,,0.001,0.001000000862404704,0.00018721722881309688,175.3294677734375,1598.1573486328125,57060.87109375,0.00020165825844742358,5270322176.0,1004.4349975585938
npg_reward_only,706,836,1038102,0.0,False,411.51959228515625,3.0796098709106445,0.0,411.51959228515625,1409.6636962890625,0.0,0.0,0.0,-0.37410926818847656,True,nan,False,0.001336708664894104,0.01,True,,0.001,0.0009999999310821295,0.00018012117652688175,411.51959228515625,1409.6636962890625,61645.3671875,0.00013669949839822948,5521637376.0,1000.3387451171875
npg_reward_only,706,837,1039016,0.0,False,286.57965087890625,2.5688161849975586,0.0,286.57965087890625,859.7608032226562,0.0,0.0,0.0,0.03914044797420502,True,nan,False,0.001003445591777563,0.01,True,,0.001,0.0010000001639127731,0.0002362202649237588,286.57965087890625,859.7608032226562,35842.2890625,0.00012281694216653705,3526310656.0,973.4705810546875
npg_reward_only,706,838,1039953,0.0,False,184.65538024902344,2.7714998722076416,0.0,184.65538024902344,1202.9061279296875,0.0,0.0,0.0,-0.4479620158672333,True,nan,False,0.0010798824951052666,0.01,True,,0.001,0.000999999581836164,0.00015254219761118293,184.65538024902344,1202.9061279296875,85950.828125,0.00019662058912217617,3226435840.0,1159.7296142578125
npg_reward_only,706,839,1040885,0.0,False,302.9644775390625,2.691741943359375,0.0,302.9644775390625,1345.5184326171875,0.0,0.0,0.0,-0.3536190688610077,True,nan,False,0.0013711086940020323,0.01,True,,0.001,0.0009999996982514858,0.00018041925795841962,302.9644775390625,1345.5184326171875,61441.83984375,0.00018706530681811273,4305375232.0,1173.382080078125
npg_reward_only,706,840,1041797,0.0,False,290.0611267089844,2.809211254119873,0.0,290.0611267089844,1412.9935302734375,0.0,0.0,0.0,-0.10590603947639465,True,nan,False,0.0019191923784092069,0.01,True,,0.001,0.001000000280328095,0.000137405440909788,290.0611267089844,1412.9935302734375,105930.7890625,0.0002270461554871872,3024232192.0,1104.5740966796875
npg_reward_only,706,841,1042715,0.0,False,232.01133728027344,2.728233575820923,0.0,232.01133728027344,1951.6646728515625,0.0,0.0,0.0,0.01969110406935215,True,nan,False,0.0013962408993393183,0.01,True,,0.001,0.0010000013280659914,0.00014468602603301406,232.01133728027344,1951.6646728515625,95538.15625,0.00030815068748779595,3835203072.0,1179.6697998046875
npg_reward_only,706,842,1043631,0.0,False,224.05902099609375,2.6255106925964355,0.0,224.05902099609375,2089.25634765625,0.0,0.0,0.0,0.25350630283355713,True,nan,False,0.00459862919524312,0.01,True,,0.001,0.0010000006295740604,0.00013234218931756914,224.05902099609375,2089.25634765625,114191.390625,0.00038204024895094335,2506365440.0,1070.560791015625
npg_reward_only,706,843,1044673,0.0,False,188.21058654785156,2.798391342163086,0.0,188.21058654785156,1274.1009521484375,0.0,0.0,0.0,0.09132692217826843,True,nan,False,0.0021609084215015173,0.01,True,,0.001,0.0010000003967434168,0.00020088422752451152,188.21058654785156,1274.1009521484375,49560.8046875,0.0002626181812956929,13981958144.0,1217.7232666015625
npg_reward_only,706,844,1045561,0.0,False,250.0565948486328,2.485853910446167,0.0,250.0565948486328,1358.64306640625,0.0,0.0,0.0,0.0953700914978981,True,nan,False,0.0011678847949951887,0.01,True,,0.001,0.0009999999310821295,0.00018517725402489305,250.0565948486328,1358.64306640625,58325.0,0.00019612882169894874,32325996544.0,1137.904052734375
npg_reward_only,706,845,1046525,0.0,False,291.262451171875,2.3886559009552,0.0,291.262451171875,1826.852294921875,0.0,0.0,0.0,-0.20488858222961426,True,nan,False,0.0026687022764235735,0.01,True,,0.001,0.0009999999310821295,0.0001257349067600444,291.262451171875,1826.852294921875,126508.09375,0.00019072367285843939,18472894464.0,904.3864135742188
npg_reward_only,706,846,1047535,0.0,False,330.4082336425781,2.500061511993408,0.0,330.4082336425781,1063.6279296875,0.0,0.0,0.0,0.061319127678871155,True,nan,False,0.0012804378056898713,0.01,True,,0.001,0.0009999996982514858,0.00017648714128881693,330.4082336425781,1063.6279296875,64210.1796875,0.00023717741714790463,3730582272.0,1069.559326171875
npg_reward_only,706,847,1048456,0.0,False,510.46331787109375,2.483377456665039,0.0,510.46331787109375,1626.634765625,0.0,0.0,0.0,0.1639089584350586,True,nan,False,0.0014790270943194628,0.01,True,,0.001,0.0010000000474974513,0.00013667515304405242,510.46331787109375,1626.634765625,107065.8125,0.00027763599064201117,3123157504.0,1083.2076416015625
npg_reward_only,706,848,1049401,0.0,False,113.62837219238281,2.5229694843292236,0.0,113.62837219238281,1007.2705688476562,0.0,0.0,0.0,-0.3722541034221649,True,nan,False,0.001565364538691938,0.01,True,,0.001,0.0009999994654208422,0.000268858129857108,113.62837219238281,1007.2705688476562,27668.373046875,0.00021883832232560962,6468531200.0,1060.0291748046875
npg_reward_only,706,849,1050255,0.0,False,100.97636413574219,2.8205411434173584,0.0,100.97636413574219,1003.9723510742188,0.0,0.0,0.0,-0.13017533719539642,True,nan,False,0.002644338645040989,0.01,True,,0.001,0.0010000001639127731,0.00023720560420770198,100.97636413574219,1003.9723510742188,35545.1328125,0.00014683317567687482,26050189312.0,783.840576171875
npg_reward_only,706,850,1051066,0.0,False,327.8649597167969,2.4271352291107178,0.0,327.8649597167969,1270.7540283203125,0.0,0.0,0.0,-0.37670230865478516,True,nan,False,0.0014959091786295176,0.01,True,,0.001,0.0010000005131587386,0.0002025810827035457,327.8649597167969,1270.7540283203125,48734.0234375,0.00019455769506748766,11052113920.0,995.427734375
npg_reward_only,706,851,1052035,0.0,False,72.2037353515625,2.9139788150787354,0.0,72.2037353515625,1075.1982421875,0.0,0.0,0.0,-0.224517822265625,True,nan,False,0.0018519514705985785,0.01,True,,0.001,0.0010000000474974513,0.0003148211108054966,72.2037353515625,1075.1982421875,20179.125,0.00010531650332268327,4538746368.0,878.7677612304688
npg_reward_only,706,852,1052876,0.0,False,288.6043701171875,2.382294178009033,0.0,288.6043701171875,1533.474365234375,0.0,0.0,0.0,-0.14673176407814026,True,nan,False,0.001508917543105781,0.01,True,,0.001,0.0009999996982514858,0.00013821905304212123,288.6043701171875,1533.474365234375,104687.3359375,0.0003581841883715242,12814878720.0,1048.260986328125
npg_reward_only,706,853,1053812,0.0,False,156.52999877929688,2.724069595336914,0.0,156.52999877929688,1937.452880859375,0.0,0.0,0.0,0.048133790493011475,True,nan,False,0.002039946150034666,0.01,True,,0.001,0.0010000001639127731,0.0001352062972728163,156.52999877929688,1937.452880859375,109404.75,0.0008118596160784364,4375020032.0,807.84716796875
npg_reward_only,706,854,1054792,0.0,False,183.8957977294922,2.429517984390259,0.0,183.8957977294922,1318.908447265625,0.0,0.0,0.0,0.0626014694571495,True,nan,False,0.012887265533208847,0.01,True,,0.001,0.0010000010952353477,0.00021788734011352062,183.8957977294922,1318.908447265625,42127.53125,0.0001460918429074809,2068851840.0,1029.3941650390625
npg_reward_only,706,855,1055721,0.0,False,347.0416564941406,2.620084285736084,0.0,347.0416564941406,1435.0052490234375,0.0,0.0,0.0,-0.3981683552265167,True,nan,False,0.0012273442698642612,0.01,True,,0.001,0.0009999999310821295,0.000147498314618133,347.0416564941406,1435.0052490234375,91929.703125,0.00020218805002514273,2655246336.0,875.192626953125
npg_reward_only,706,856,1056575,0.0,False,119.65697479248047,2.7792677879333496,0.0,119.65697479248047,1186.54638671875,0.0,0.0,0.0,0.06395712494850159,True,nan,False,0.0014417152851819992,0.01,True,,0.001,0.0010000001639127731,0.0002101283462252468,119.65697479248047,1186.54638671875,45296.09375,0.0002346639521420002,1320774528.0,1104.1883544921875
npg_reward_only,706,857,1057449,0.0,False,1252.1524658203125,2.344304323196411,0.0,1252.1524658203125,2512.50244140625,0.0,0.0,0.0,-0.23842692375183105,True,nan,False,0.0018136299913749099,0.01,True,,0.001,0.0010000001639127731,9.887696069199592e-05,1252.1524658203125,2512.50244140625,204568.984375,0.000577812606934458,10802700288.0,6668.62890625
npg_reward_only,706,858,1058594,0.0,False,124.81001281738281,2.675867795944214,0.0,124.81001281738281,1602.3475341796875,0.0,0.0,0.0,-0.2550722062587738,True,nan,False,0.0016090285498648882,0.01,True,,0.001,0.0010000013280659914,0.0002276136219734326,124.81001281738281,1602.3475341796875,38604.109375,0.0004570945166051388,7181699072.0,953.9624633789062
npg_reward_only,706,859,1059488,0.0,False,278.9742431640625,2.9151601791381836,0.0,278.9742431640625,1154.8873291015625,0.0,0.0,0.0,-0.2217702865600586,True,nan,False,0.0015767040895298123,0.01,True,,0.001,0.0009999994654208422,0.00019848001829814166,278.9742431640625,1154.8873291015625,50768.75,0.00033697436447255313,4704770560.0,976.455322265625
npg_reward_only,706,860,1060251,0.0,False,193.38491821289062,2.679483413696289,0.0,193.38491821289062,1616.70849609375,0.0,0.0,0.0,-0.28940778970718384,True,nan,False,0.0010933190351352096,0.01,True,,0.001,0.000999999581836164,0.00014695603749714792,193.38491821289062,1616.70849609375,92609.4140625,0.00043748514144681394,3094103552.0,844.6978149414062
npg_reward_only,706,861,1061077,0.0,False,274.907470703125,2.570380210876465,0.0,274.907470703125,1693.5753173828125,0.0,0.0,0.0,0.1406719833612442,True,nan,False,0.0019392510876059532,0.01,True,,0.001,0.0010000000474974513,0.00014964770525693893,274.907470703125,1693.5753173828125,89307.90625,0.0007029726402834058,8192389632.0,776.0119018554688
npg_reward_only,706,862,1061955,0.0,False,367.95965576171875,2.671642541885376,0.0,367.95965576171875,1779.2193603515625,0.0,0.0,0.0,0.02300146222114563,True,nan,False,0.0018298280192539096,0.01,True,,0.001,0.0010000000474974513,0.0001120410961448215,367.95965576171875,1779.2193603515625,159321.84375,0.00035921265953220427,5561903616.0,1857.2384033203125
npg_reward_only,706,863,1062990,0.0,False,638.7369384765625,2.370354652404785,0.0,638.7369384765625,2590.029541015625,0.0,0.0,0.0,-0.041889458894729614,True,nan,False,0.0014447781722992659,0.01,True,,0.001,0.0009999999310821295,9.908224456012249e-05,638.7369384765625,2590.029541015625,203722.203125,0.0009422629955224693,52190760960.0,8544.3623046875
npg_reward_only,706,864,1064220,0.0,False,321.0267333984375,2.9754552841186523,0.0,321.0267333984375,1272.4298095703125,0.0,0.0,0.0,-0.0731477439403534,True,nan,False,0.0013936656760051847,0.01,True,,0.001,0.0010000001639127731,0.0001756151905283332,321.0267333984375,1272.4298095703125,64849.3828125,0.00011945932783419266,6916127232.0,850.00634765625
npg_reward_only,706,865,1065153,0.0,False,162.24642944335938,2.830099582672119,0.0,162.24642944335938,1258.0526123046875,0.0,0.0,0.0,-0.4850093424320221,True,nan,False,0.0014007927384227514,0.01,True,,0.001,0.0010000001639127731,0.0002087093744194135,162.24642944335938,1258.0526123046875,45914.1015625,0.00046549702528864145,12792096768.0,781.53857421875
npg_reward_only,706,866,1066058,0.0,False,272.4200134277344,2.294699192047119,0.0,272.4200134277344,2119.06689453125,0.0,0.0,0.0,-0.18258023262023926,True,nan,False,0.0026162147987633944,0.01,True,,0.001,0.0010000001639127731,0.00013460237823892385,272.4200134277344,2119.06689453125,110388.6875,0.0002008399023907259,1578268416.0,813.2748413085938
npg_reward_only,706,867,1067020,0.0,False,279.2484436035156,3.2913942337036133,0.0,279.2484436035156,1170.9051513671875,0.0,0.0,0.0,-0.21316009759902954,True,nan,False,0.001465506968088448,0.01,True,,0.001,0.001000000978820026,0.0002343200467294082,279.2484436035156,1170.9051513671875,36425.96875,0.00022427520889323205,4184974080.0,696.6207885742188
npg_reward_only,706,868,1067829,0.0,False,276.6767883300781,3.006181478500366,0.0,276.6767883300781,1351.0289306640625,0.0,0.0,0.0,0.009508810937404633,True,nan,False,0.0021178408060222864,0.01,True,,0.001,0.0009999993490055203,0.00017542399291414768,276.6767883300781,1351.0289306640625,64990.82421875,0.00021476473193615675,2800361472.0,789.3270263671875
npg_reward_only,706,869,1068741,0.0,False,250.3700408935547,2.8962748050689697,0.0,250.3700408935547,1759.796630859375,0.0,0.0,0.0,0.24542781710624695,True,nan,False,0.015001746825873852,0.01,True,,0.001,0.0010000003967434168,0.00015968097432050854,250.3700408935547,1759.796630859375,78437.484375,0.00019179335504304618,3174670336.0,695.983154296875
npg_reward_only,706,870,1069646,0.0,False,534.5692138671875,3.171966552734375,0.0,534.5692138671875,1729.982421875,0.0,0.0,0.0,-0.007668154314160347,True,nan,False,0.0010548810241743922,0.01,True,,0.001,0.0010000003967434168,0.00012872884690295905,534.5692138671875,1729.982421875,120691.921875,0.0004316350386943668,3966980096.0,2027.1680908203125
npg_reward_only,706,871,1070587,0.0,False,216.05226135253906,3.526770830154419,0.0,216.05226135253906,1141.451416015625,0.0,0.0,0.0,-0.25883209705352783,True,nan,False,0.0021318139042705297,0.01,True,,0.001,0.0009999999310821295,0.00019346021872479469,216.05226135253906,1141.451416015625,53437.5625,0.00022315043315757066,2323983872.0,877.3221435546875
npg_reward_only,706,872,1071508,0.0,False,472.6539306640625,3.380666732788086,0.0,472.6539306640625,2151.790283203125,0.0,0.0,0.0,-0.13212333619594574,True,nan,False,0.0017598406411707401,0.01,True,,0.001,0.0010000001639127731,0.00010441405902383849,472.6539306640625,2151.790283203125,183447.625,0.0006764985737390816,3335963136.0,3969.52734375
npg_reward_only,706,873,1072582,0.0,False,258.2962646484375,2.6952366828918457,0.0,258.2962646484375,1574.1156005859375,0.0,0.0,0.0,0.34757161140441895,True,nan,False,0.0018288344144821167,0.01,True,,0.001,0.0009999999310821295,0.0001911716681206599,258.2962646484375,1574.1156005859375,54724.640625,0.00027376593789085746,2636272384.0,759.6689453125
npg_reward_only,706,874,1073550,0.0,False,306.119384765625,3.133873224258423,0.0,306.119384765625,1456.8040771484375,0.0,0.0,0.0,-0.24079416692256927,True,nan,False,0.0027147354558110237,0.01,True,,0.001,0.0010000001639127731,0.00013739452697336674,306.119384765625,1456.8040771484375,105947.6015625,0.00020631944062188268,22968672256.0,833.2833251953125
npg_reward_only,706,875,1074403,0.0,False,202.0137176513672,3.6800053119659424,0.0,202.0137176513672,997.9712524414062,0.0,0.0,0.0,-0.2263270765542984,True,nan,False,0.0012912293896079063,0.01,True,,0.001,0.0010000000474974513,0.0002617643040139228,202.0137176513672,997.9712524414062,29188.326171875,9.316555951954797e-05,4211855104.0,806.9058227539062
npg_reward_only,706,876,1075297,0.0,False,337.7685852050781,3.5571374893188477,0.0,337.7685852050781,1596.95849609375,0.0,0.0,0.0,-0.12039244920015335,True,nan,False,0.000987660838291049,0.01,True,,0.001,0.0009999992325901985,0.00021342665422707796,337.7685852050781,1596.95849609375,43906.890625,0.0003137995081488043,2190088960.0,1381.320556640625
npg_reward_only,706,877,1076222,0.0,False,343.475830078125,2.870811700820923,0.0,343.475830078125,1348.0155029296875,0.0,0.0,0.0,-0.3622271716594696,True,nan,False,0.0019289256306365132,0.01,True,,0.001,0.0010000005131587386,0.00018543245096225291,343.475830078125,1348.0155029296875,58164.578125,0.00019586566486395895,30529157120.0,843.1151733398438
npg_reward_only,706,878,1077173,0.0,False,364.84869384765625,3.630622386932373,0.0,364.84869384765625,1626.0457763671875,0.0,0.0,0.0,-0.25120115280151367,True,nan,False,0.0014862355310469866,0.01,True,,0.001,0.0010000001639127731,0.0001593937340658158,364.84869384765625,1626.0457763671875,78720.4375,0.00014105832087807357,3742083840.0,648.2426147460938
npg_reward_only,706,879,1077983,0.0,False,427.5423278808594,3.2495009899139404,0.0,427.5423278808594,1142.794189453125,0.0,0.0,0.0,0.3337351977825165,True,nan,False,0.0015862381551414728,0.01,True,,0.001,0.0010000000474974513,0.00020540867990348488,427.5423278808594,1142.794189453125,47401.5390625,0.00035633979132398963,3137255936.0,944.845458984375
npg_reward_only,706,880,1078814,0.0,False,153.98155212402344,3.3364133834838867,0.0,153.98155212402344,1160.1439208984375,0.0,0.0,0.0,-0.3601987361907959,True,nan,False,0.0014107741881161928,0.01,True,,0.001,0.0010000000474974513,0.0002141385048162192,153.98155212402344,1160.1439208984375,43615.46484375,0.00016520715143997222,3429714944.0,674.9949951171875
npg_reward_only,706,881,1079667,0.0,False,273.61358642578125,3.0816075801849365,0.0,273.61358642578125,1808.438720703125,0.0,0.0,0.0,0.27130326628685,True,nan,False,0.0018295197514817119,0.01,True,,0.001,0.0010000006295740604,0.0001393394632032141,273.61358642578125,1808.438720703125,103010.5703125,0.0004403238999657333,1308278528.0,681.6275634765625
npg_reward_only,706,882,1080614,0.0,False,199.89840698242188,3.4299933910369873,0.0,199.89840698242188,1459.783935546875,0.0,0.0,0.0,-0.05159362033009529,True,nan,False,0.0023218668065965176,0.01,True,,0.001,0.0010000000474974513,0.00016817353025544435,199.89840698242188,1459.783935546875,70715.515625,0.00013123551616445184,2038344832.0,539.3054809570312
npg_reward_only,706,883,1081427,0.0,False,749.2179565429688,2.932661771774292,0.0,749.2179565429688,1351.130126953125,0.0,0.0,0.0,-0.4004669189453125,True,nan,False,0.0013621142134070396,0.01,True,,0.001,0.0010000000474974513,0.00013615110947284847,749.2179565429688,1351.130126953125,107891.59375,0.0003470410592854023,38902112256.0,4539.43408203125
npg_reward_only,706,884,1082346,0.0,False,320.0632019042969,3.1588358879089355,0.0,320.0632019042969,1753.1754150390625,0.0,0.0,0.0,0.1375507414340973,True,nan,False,0.001394024584442377,0.01,True,,0.001,0.0009999994654208422,0.00013106613187119365,320.0632019042969,1753.1754150390625,116425.75,0.0002253186103189364,4785671680.0,782.8341674804688
npg_reward_only,706,885,1083376,0.0,False,784.7666625976562,2.693490982055664,0.0,784.7666625976562,1969.182861328125,0.0,0.0,0.0,0.08171838521957397,True,nan,False,0.0013567201094701886,0.01,True,,0.001,0.0009999999310821295,0.00010117297642864287,784.7666625976562,1969.182861328125,195389.375,0.000515339314006269,92809814016.0,1916.5863037109375
npg_reward_only,706,886,1084501,0.0,False,284.7814025878906,2.9318864345550537,0.0,284.7814025878906,2473.998291015625,0.0,0.0,0.0,-0.21714919805526733,True,nan,False,0.004370053764432669,0.01,True,,0.001,0.0009999999310821295,9.893810783978552e-05,284.7814025878906,2473.998291015625,204316.21875,0.0005044550052843988,2276903424.0,842.6030883789062
npg_reward_only,706,887,1085601,0.0,False,295.2610778808594,3.583759069442749,0.0,295.2610778808594,1642.0718994140625,0.0,0.0,0.0,-0.23572327196598053,True,nan,False,0.0014862937387079,0.01,True,,0.001,0.001000000280328095,0.0001417463063262403,295.2610778808594,1642.0718994140625,99542.046875,0.0002370178117416799,7933140992.0,904.268310546875
npg_reward_only,706,888,1086481,0.0,False,579.9839477539062,3.4477288722991943,0.0,579.9839477539062,1424.551025390625,0.0,0.0,0.0,-0.46087008714675903,True,nan,False,0.0017487133154645562,0.01,True,,0.001,0.0009999987669289112,0.00017546491289976984,579.9839477539062,1424.551025390625,64960.515625,0.0003633623127825558,23849416704.0,2608.111083984375
npg_reward_only,706,889,1087346,0.0,False,461.9460754394531,3.312648057937622,0.0,461.9460754394531,2021.817626953125,0.0,0.0,0.0,-0.16847428679466248,True,nan,False,0.001912308274768293,0.01,True,,0.001,0.0009999998146668077,0.00013784186739940196,461.9460754394531,2021.817626953125,105261.046875,0.0005858707590959966,11739506688.0,1441.4906005859375
npg_reward_only,706,890,1088262,0.0,False,91.83232879638672,3.0366430282592773,0.0,91.83232879638672,1204.2879638671875,0.0,0.0,0.0,-0.3672918379306793,True,nan,False,0.001542840851470828,0.01,True,,0.001,0.0009999999310821295,0.0002305076050106436,91.83232879638672,1204.2879638671875,37640.859375,0.00013216715888120234,7443696640.0,623.36376953125
npg_reward_only,706,891,1089121,0.0,False,169.12930297851562,3.1515533924102783,0.0,169.12930297851562,1463.66796875,0.0,0.0,0.0,-0.3209264576435089,True,nan,False,0.0013924322556704283,0.01,True,,0.001,0.0010000003967434168,0.00018437673861626536,169.12930297851562,1463.66796875,58832.5625,0.00022835787967778742,11528375296.0,608.9109497070312
npg_reward_only,706,892,1090173,0.0,False,325.46807861328125,3.2611067295074463,0.0,325.46807861328125,1465.470703125,0.0,0.0,0.0,0.16718381643295288,True,nan,False,0.001400975976139307,0.01,True,,0.001,0.001000000280328095,0.00017511808255221695,325.46807861328125,1465.470703125,65218.08203125,0.00019387317297514528,6142696960.0,1209.18505859375
npg_reward_only,706,893,1091176,0.0,False,375.2088317871094,3.8476948738098145,0.0,375.2088317871094,903.4751586914062,0.0,0.0,0.0,-0.149538055062294,True,nan,False,0.0014341126661747694,0.01,True,,0.001,0.001000000280328095,0.00021847989410161972,375.2088317871094,903.4751586914062,41899.328125,0.0001855681330198422,8325581824.0,1332.70263671875
npg_reward_only,706,894,1091945,0.0,False,155.7904510498047,2.9188029766082764,0.0,155.7904510498047,964.7449951171875,0.0,0.0,0.0,0.06305022537708282,True,nan,False,0.0011175385443493724,0.01,True,,0.001,0.0009999999310821295,0.00028416086570359766,155.7904510498047,964.7449951171875,24768.599609375,0.00012747623259201646,1656679936.0,682.5206909179688
npg_reward_only,706,895,1092792,0.0,False,295.4662170410156,2.866938591003418,0.0,295.4662170410156,1492.148193359375,0.0,0.0,0.0,-0.24205796420574188,True,nan,False,0.0020694825798273087,0.01,True,,0.001,0.0009999999310821295,0.0001507134729763493,295.4662170410156,1492.148193359375,88049.2890625,0.00019289919873699546,1030950464.0,683.95703125
npg_reward_only,706,896,1093747,0.0,False,308.06610107421875,3.1908175945281982,0.0,308.06610107421875,1502.05615234375,0.0,0.0,0.0,-0.3714333176612854,True,nan,False,0.001101724454201758,0.01,True,,0.001,0.0010000003967434168,0.00015755541971884668,308.06610107421875,1502.05615234375,80568.140625,0.000310330098727718,933162240.0,808.7208862304688
npg_reward_only,706,897,1094638,0.0,False,203.28976440429688,3.4033682346343994,0.0,203.28976440429688,1409.029541015625,0.0,0.0,0.0,-0.015164325945079327,True,nan,False,0.0021385361906141043,0.01,True,,0.001,0.0009999996982514858,0.00017841406224761158,203.28976440429688,1409.029541015625,62830.6875,0.00014401749649550766,2328319488.0,821.3544311523438
npg_reward_only,706,898,1095431,0.0,False,501.1922302246094,3.310892105102539,0.0,501.1922302246094,1611.1175537109375,0.0,0.0,0.0,0.07811077684164047,True,nan,False,0.0019145457772538066,0.01,True,,0.001,0.0009999998146668077,0.00013386998034548014,501.1922302246094,1611.1175537109375,111599.84375,0.00023180061543826014,5877884416.0,630.091796875
npg_reward_only,706,899,1096431,0.0,False,454.7458801269531,3.077234983444214,0.0,454.7458801269531,1898.632080078125,0.0,0.0,0.0,-0.029819747433066368,True,nan,False,0.0014127767644822598,0.01,True,,0.001,0.0010000001639127731,0.00012479077850002795,454.7458801269531,1898.632080078125,128429.578125,0.0008829922298900783,23401121792.0,1595.5352783203125
npg_reward_only,706,900,1097320,0.0,False,198.12286376953125,2.940708875656128,0.0,198.12286376953125,1683.6761474609375,0.0,0.0,0.0,-0.18194758892059326,True,nan,False,0.0012504847254604101,0.01,True,,0.001,0.0009999999310821295,0.00018100885790772736,198.12286376953125,1683.6761474609375,61042.2265625,0.00032088413718156517,70587457536.0,1311.3970947265625
npg_reward_only,706,901,1098292,0.0,False,555.0662231445312,2.846820116043091,0.0,555.0662231445312,2262.89794921875,0.0,0.0,0.0,0.4511348009109497,True,nan,False,0.006144737359136343,0.01,True,,0.001,0.0009999999310821295,0.00014243129407986999,555.0662231445312,2262.89794921875,98586.890625,0.00038529225275851786,6455968768.0,1855.1431884765625
npg_reward_only,706,902,1099362,0.0,False,376.03564453125,3.373828649520874,0.0,376.03564453125,1293.44873046875,0.0,0.0,0.0,-0.14321091771125793,True,nan,False,0.0014099644031375647,0.01,True,,0.001,0.0010000001639127731,0.00016202681581489742,376.03564453125,1293.44873046875,76182.6796875,0.00019394652917981148,5336437760.0,682.241943359375
npg_reward_only,706,903,1100208,0.0,False,132.43157958984375,2.9691641330718994,0.0,132.43157958984375,1524.4862060546875,0.0,0.0,0.0,-0.03955265134572983,True,nan,False,0.001515438430942595,0.01,True,,0.001,0.0009999998146668077,0.00019903387874364853,132.43157958984375,1524.4862060546875,50486.5859375,0.00013317799312062562,1505005824.0,768.97998046875
npg_reward_only,706,904,1101114,0.0,False,181.5886993408203,3.5259766578674316,0.0,181.5886993408203,1458.7911376953125,0.0,0.0,0.0,-0.11451908946037292,True,nan,False,0.0015217949403449893,0.01,True,,0.001,0.001000000280328095,0.00015964722842909396,181.5886993408203,1458.7911376953125,78470.65625,0.00014862629177514464,9606972416.0,774.4575805664062
npg_reward_only,706,905,1101888,0.0,False,470.9035949707031,3.274038553237915,0.0,470.9035949707031,1557.338134765625,0.0,0.0,0.0,0.07178262621164322,True,nan,False,0.0013659814139828086,0.01,True,,0.001,0.0009999999310821295,0.0001694702368695289,470.9035949707031,1557.338134765625,69637.4921875,0.0003828076587524265,5642572288.0,2765.373046875
npg_reward_only,706,906,1102761,0.0,False,240.5249481201172,3.4671759605407715,0.0,240.5249481201172,1195.9462890625,0.0,0.0,0.0,-0.1426442414522171,True,nan,False,0.0014333449071273208,0.01,True,,0.001,0.0010000001639127731,0.00018989811360370368,240.5249481201172,1195.9462890625,55461.13671875,0.00013416366709861904,16705738752.0,796.5691528320312
npg_reward_only,706,907,1103589,0.0,False,308.0563659667969,3.415059804916382,0.0,308.0563659667969,970.7594604492188,0.0,0.0,0.0,0.12700848281383514,True,nan,False,0.0007982531096786261,0.01,True,,0.001,0.000999999581836164,0.00016886900993995368,308.0563659667969,970.7594604492188,70134.2421875,0.0009429653873667121,39942135808.0,10015.4404296875
npg_reward_only,706,908,1104494,0.0,False,340.4863586425781,4.025157928466797,0.0,340.4863586425781,1139.25732421875,0.0,0.0,0.0,-0.516707181930542,True,nan,False,0.0016036333981901407,0.01,True,,0.001,0.001000000280328095,0.00017029212904162705,340.4863586425781,1139.25732421875,68966.9296875,0.00012206438987050205,5555826688.0,2208.0166015625
npg_reward_only,706,909,1105347,0.0,False,242.88140869140625,3.0608115196228027,0.0,242.88140869140625,1907.9620361328125,0.0,0.0,0.0,-0.17067909240722656,True,nan,False,0.0011927707819268107,0.01,True,,0.001,0.0009999992325901985,0.00014429999282583594,242.88140869140625,1907.9620361328125,96050.0078125,0.0004264551680535078,8183616512.0,1034.73193359375
npg_reward_only,706,910,1106267,0.0,False,598.7426147460938,2.7722291946411133,0.0,598.7426147460938,1881.220703125,0.0,0.0,0.0,-0.14155352115631104,True,nan,False,0.0017899078084155917,0.01,True,,0.001,0.0009999994654208422,0.00012411075294949114,598.7426147460938,1881.220703125,129840.796875,0.000507751596160233,7678934016.0,2216.72216796875
npg_reward_only,706,911,1107277,0.0,False,196.61038208007812,3.4093003273010254,0.0,196.61038208007812,1324.9307861328125,0.0,0.0,0.0,-0.05107184499502182,True,nan,False,0.0018410764168947935,0.01,True,,0.001,0.0010000003967434168,0.00017152962391264737,196.61038208007812,1324.9307861328125,67975.3984375,0.00018336193170398474,1526410752.0,721.3988647460938
npg_reward_only,706,912,1108120,0.0,False,334.0632019042969,2.92366623878479,0.0,334.0632019042969,1634.3988037109375,0.0,0.0,0.0,-0.28877055644989014,True,nan,False,0.0018504023319110274,0.01,True,,0.001,0.0010000000474974513,0.00012554606655612588,334.0632019042969,1634.3988037109375,126888.9453125,0.00015965169586706907,2937031168.0,788.7567138671875
npg_reward_only,706,913,1109122,0.0,False,292.02374267578125,2.6675047874450684,0.0,292.02374267578125,1749.9744873046875,0.0,0.0,0.0,0.07293863594532013,True,nan,False,0.0016291069332510233,0.01,True,,0.001,0.0010000001639127731,0.0001510547735961154,292.02374267578125,1749.9744873046875,87651.859375,0.00025671307230368257,6636097536.0,833.831787109375
npg_reward_only,706,914,1110111,0.0,False,278.1001892089844,3.094393491744995,0.0,278.1001892089844,1644.9930419921875,0.0,0.0,0.0,0.02411905862390995,True,nan,False,0.0019584191031754017,0.01,True,,0.001,0.0010000001639127731,0.00016806837811600417,278.1001892089844,1644.9930419921875,70804.0390625,0.00030960747972130775,125750190080.0,801.2092895507812
npg_reward_only,706,915,1110963,0.0,False,291.6539306640625,3.1061861515045166,0.0,291.6539306640625,1819.9169921875,0.0,0.0,0.0,0.09899136424064636,True,nan,False,0.0019304550951346755,0.01,True,,0.001,0.0009999998146668077,0.00010524540994083509,291.6539306640625,1819.9169921875,180560.890625,0.000153321772813797,1901713792.0,769.4639282226562
npg_reward_only,706,916,1111912,0.0,False,537.6260986328125,2.661134958267212,0.0,537.6260986328125,3066.373046875,0.0,0.0,0.0,0.12449084222316742,True,nan,False,0.0020376816391944885,0.01,True,,0.001,0.0010000001639127731,8.797099144430831e-05,537.6260986328125,3066.373046875,258434.84375,0.0004655769153032452,7746272768.0,1021.913818359375
npg_reward_only,706,917,1113359,0.0,False,770.2653198242188,2.917771816253662,0.0,770.2653198242188,1829.004638671875,0.0,0.0,0.0,-0.39708372950553894,True,nan,False,0.001186950714327395,0.01,True,,0.001,0.0009999999310821295,0.00012126089131925255,770.2653198242188,1829.004638671875,136015.53125,0.002366411266848445,3848274432.0,3033.5009765625
npg_reward_only,706,918,1114375,0.0,False,227.7338104248047,2.7502427101135254,0.0,227.7338104248047,2067.16015625,0.0,0.0,0.0,0.08347868174314499,True,nan,False,0.0018147059017792344,0.01,True,,0.001,0.0009999999310821295,0.000130584929138422,227.7338104248047,2067.16015625,117285.375,0.00018877731054089963,1022784256.0,772.7020263671875
npg_reward_only,706,919,1115323,0.0,False,335.63812255859375,2.870323896408081,0.0,335.63812255859375,1782.750732421875,0.0,0.0,0.0,-0.055659614503383636,True,nan,False,0.0015912855742499232,0.01,True,,0.001,0.001000000280328095,0.0001226967724505812,335.63812255859375,1782.750732421875,132850.6875,0.0002908964524976909,2981942784.0,727.7888793945312
npg_reward_only,706,920,1116349,0.0,False,204.9226837158203,2.987050771713257,0.0,204.9226837158203,1556.1715087890625,0.0,0.0,0.0,-0.5593175292015076,True,nan,False,0.001966293901205063,0.01,True,,0.001,0.000999999581836164,0.0001607939339010045,204.9226837158203,1556.1715087890625,77355.40625,0.00014317921886686236,3141213696.0,627.3995971679688
npg_reward_only,706,921,1117238,0.0,False,1300.7127685546875,2.4853150844573975,0.0,1300.7127685546875,2127.829833984375,0.0,0.0,0.0,-0.3351733088493347,True,nan,False,0.0013943129451945424,0.01,True,,0.001,0.0009999999310821295,0.00010851764818653464,1300.7127685546875,2127.829833984375,169835.796875,0.0005452565383166075,2907900416.0,2957.903564453125
npg_reward_only,706,922,1118403,0.0,False,236.43675231933594,2.780890941619873,0.0,236.43675231933594,1499.8548583984375,0.0,0.0,0.0,-0.1937192976474762,True,nan,False,0.0013107738923281431,0.01,True,,0.001,0.0010000001639127731,0.00018299842486158013,236.43675231933594,1499.8548583984375,59722.1328125,0.00018428877228870988,239125037056.0,1078.2117919921875
npg_reward_only,706,923,1119290,0.0,False,147.41464233398438,3.0027575492858887,0.0,147.41464233398438,1378.9957275390625,0.0,0.0,0.0,-0.12364689260721207,True,nan,False,0.0021614828146994114,0.01,True,,0.001,0.001000000280328095,0.00017760468472260982,147.41464233398438,1378.9957275390625,63404.6640625,0.00019911324488930404,24385777664.0,716.9390258789062
npg_reward_only,706,924,1120246,0.0,False,368.21136474609375,2.8265326023101807,0.0,368.21136474609375,1850.4014892578125,0.0,0.0,0.0,-0.3015725612640381,True,nan,False,0.001879265415482223,0.01,True,,0.001,0.0010000001639127731,0.0001422607310814783,368.21136474609375,1850.4014892578125,98823.4375,0.004659793805330992,28410132480.0,5613.220703125
npg_reward_only,706,925,1121277,0.0,False,206.97325134277344,2.6369104385375977,0.0,206.97325134277344,1600.621826171875,0.0,0.0,0.0,0.1876596063375473,True,nan,False,0.006185217760503292,0.01,True,,0.001,0.0010000001639127731,0.00015379734395537525,206.97325134277344,1600.621826171875,84553.640625,0.00013430720719043165,434821472.0,544.8585205078125
npg_reward_only,706,926,1122179,0.0,False,265.7987060546875,3.4030115604400635,0.0,265.7987060546875,2073.2734375,0.0,0.0,0.0,-0.5099780559539795,True,nan,False,0.0013566015986725688,0.01,True,,0.001,0.0010000001639127731,0.00011297536548227072,265.7987060546875,2073.2734375,156697.65625,0.000276411505183205,6778711552.0,504.96990966796875
npg_reward_only,706,927,1123130,0.0,False,236.70179748535156,2.73418927192688,0.0,236.70179748535156,1482.473876953125,0.0,0.0,0.0,-0.252961665391922,True,nan,False,0.0011103024007752538,0.01,True,,0.001,0.0010000001639127731,0.00016127205162774771,236.70179748535156,1482.473876953125,76897.4296875,0.00022024013742338866,820934528.0,601.8860473632812
npg_reward_only,706,928,1124107,0.0,False,337.7825927734375,2.75819730758667,0.0,337.7825927734375,1833.2017822265625,0.0,0.0,0.0,-0.4748833477497101,True,nan,False,0.0012613736325874925,0.01,True,,0.001,0.0010000001639127731,0.0001277123374165967,337.7825927734375,1833.2017822265625,122620.8359375,0.00018196404562331736,2163324160.0,544.0311889648438
npg_reward_only,706,929,1125086,0.0,False,184.9700927734375,3.285926103591919,0.0,184.9700927734375,1211.0753173828125,0.0,0.0,0.0,-0.48547348380088806,True,nan,False,0.002748621627688408,0.01,True,,0.001,0.0009999996982514858,0.00022627123689744622,184.9700927734375,1211.0753173828125,39063.51171875,0.00010969102731905878,122328809472.0,503.0908508300781
npg_reward_only,706,930,1126023,0.0,False,129.87472534179688,3.4661448001861572,0.0,129.87472534179688,2154.65576171875,0.0,0.0,0.0,-0.1583859771490097,True,nan,False,0.005861849058419466,0.01,True,,0.001,0.0009999999310821295,0.00014908464800100774,129.87472534179688,2154.65576171875,89983.765625,0.0001358873414574191,14234327040.0,410.9974670410156
npg_reward_only,706,931,1126921,0.0,False,200.31991577148438,3.0916099548339844,0.0,200.31991577148438,1250.3800048828125,0.0,0.0,0.0,-0.09375837445259094,True,nan,False,0.0015532196266576648,0.01,True,,0.001,0.0010000001639127731,0.0001790058013284579,200.31991577148438,1250.3800048828125,62415.984375,8.301788329845294e-05,4047753472.0,522.6041259765625
npg_reward_only,706,932,1127885,0.0,False,388.420654296875,2.8795323371887207,0.0,388.420654296875,2033.7467041015625,0.0,0.0,0.0,-0.24031634628772736,True,nan,False,0.0012478992575779557,0.01,True,,0.001,0.0009999998146668077,9.996996232075617e-05,388.420654296875,2033.7467041015625,200120.203125,0.0003996589221060276,1900296576.0,555.1098022460938
npg_reward_only,706,933,1128873,0.0,False,211.3483428955078,2.4407737255096436,0.0,211.3483428955078,2342.68017578125,0.0,0.0,0.0,0.09607060253620148,True,nan,False,0.004062897991389036,0.01,True,,0.001,0.0009999999310821295,0.00011904533312190324,211.3483428955078,2342.68017578125,141125.421875,0.00016227643936872482,913127552.0,544.5902709960938
npg_reward_only,706,934,1129910,0.0,False,182.76556396484375,2.9424853324890137,0.0,182.76556396484375,1439.6435546875,0.0,0.0,0.0,-0.14967194199562073,True,nan,False,0.0014048049924895167,0.01,True,,0.001,0.0009999999310821295,0.000181310620973818,182.76556396484375,1439.6435546875,60839.20703125,0.00015076941053848714,5721430528.0,619.6111450195312
npg_reward_only,706,935,1130882,0.0,False,284.1935729980469,2.4780924320220947,0.0,284.1935729980469,1860.26171875,0.0,0.0,0.0,0.13220877945423126,True,nan,False,0.0025251200422644615,0.01,True,,0.001,0.0010000000474974513,0.00011603520397329703,284.1935729980469,1860.26171875,148542.40625,0.0007502915686927736,1784255104.0,1213.6322021484375
npg_reward_only,706,936,1131915,0.0,False,966.9697265625,2.9122748374938965,0.0,966.9697265625,1769.3817138671875,0.0,0.0,0.0,-0.11509633809328079,True,nan,False,0.0010195020586252213,0.01,True,,0.001,0.0010000000474974513,0.00011507586168590933,966.9697265625,1769.3817138671875,151029.421875,0.0002946187451016158,8325591552.0,1957.0523681640625
npg_reward_only,706,937,1132997,0.0,False,135.8263397216797,2.9186244010925293,0.0,135.8263397216797,1247.9671630859375,0.0,0.0,0.0,0.09788154810667038,True,nan,False,0.0016933783190324903,0.01,True,,0.001,0.0010000001639127731,0.0001886495592771098,135.8263397216797,1247.9671630859375,56197.6875,9.749858145369217e-05,2667461120.0,631.84619140625
npg_reward_only,706,938,1133950,0.0,False,251.55088806152344,2.7521274089813232,0.0,251.55088806152344,1165.366455078125,0.0,0.0,0.0,-0.42599278688430786,True,nan,False,0.0018093357793986797,0.01,True,,0.001,0.0009999999310821295,0.000215462627238594,251.55088806152344,1165.366455078125,43081.03125,0.00017707530059851706,841230080.0,843.533935546875
npg_reward_only,706,939,1134924,0.0,False,181.84278869628906,3.1628010272979736,0.0,181.84278869628906,2315.904541015625,0.0,0.0,0.0,-0.3551219701766968,True,nan,False,0.00228672893717885,0.01,True,,0.001,0.0010000000474974513,0.0001330321974819526,181.84278869628906,2315.904541015625,113009.90625,0.00032400208874605596,3844588032.0,684.0547485351562
npg_reward_only,706,940,1135929,0.0,False,317.83148193359375,2.8516182899475098,0.0,317.83148193359375,1604.8695068359375,0.0,0.0,0.0,0.14937761425971985,True,nan,False,0.0016735100653022528,0.01,True,,0.001,0.0010000000474974513,0.0001756385318003595,317.83148193359375,1604.8695068359375,64832.1484375,0.0002116522373398766,3023953920.0,1014.2116088867188
npg_reward_only,706,941,1136870,0.0,False,236.13824462890625,3.5924713611602783,0.0,236.13824462890625,1000.6384887695312,0.0,0.0,0.0,0.22573447227478027,True,nan,False,0.0016519842902198434,0.01,True,,0.001,0.000999998301267624,0.0003014076210092753,236.13824462890625,1000.6384887695312,22015.14453125,0.0002157507697120309,5019546112.0,1922.0740966796875
npg_reward_only,706,942,1137714,0.0,False,225.3695831298828,3.485229730606079,0.0,225.3695831298828,1312.5657958984375,0.0,0.0,0.0,-0.21876901388168335,True,nan,False,0.0017741519259288907,0.01,True,,0.001,0.001000000862404704,0.00021120713790878654,225.3695831298828,1312.5657958984375,44834.5546875,0.00018902964075095952,1112955264.0,983.533447265625
npg_reward_only,706,943,1138571,0.0,False,402.92333984375,2.8376762866973877,0.0,402.92333984375,1281.9176025390625,0.0,0.0,0.0,-0.2440769523382187,True,nan,False,0.0009773436468094587,0.01,True,,0.001,0.0010000001639127731,0.00016150980081874877,402.92333984375,1281.9176025390625,76671.1953125,0.0002399227232672274,9005218816.0,1140.7645263671875
npg_reward_only,706,944,1139510,0.0,False,607.5037231445312,3.3393023014068604,0.0,607.5037231445312,1339.0877685546875,0.0,0.0,0.0,-0.2517929971218109,True,nan,False,0.001400682725943625,0.01,True,,0.001,0.0010000003967434168,0.0001418173051206395,607.5037231445312,1339.0877685546875,99442.390625,0.0004929450806230307,3546358016.0,2426.61376953125
npg_reward_only,706,945,1140394,0.0,False,509.3038635253906,3.181495189666748,0.0,509.3038635253906,1857.6378173828125,0.0,0.0,0.0,-0.26734545826911926,True,nan,False,0.003656204557046294,0.01,True,,0.001,0.0010000005131587386,0.00013194140046834946,509.3038635253906,1857.6378173828125,114886.1953125,0.002478667302057147,10385099776.0,2259.369384765625
npg_reward_only,706,946,1141284,0.0,False,339.7490234375,3.736647844314575,0.0,339.7490234375,1386.84912109375,0.0,0.0,0.0,-0.20644700527191162,True,nan,False,0.0015788899036124349,0.01,True,,0.001,0.0010000003967434168,0.00020591149223037064,339.7490234375,1386.84912109375,47170.32421875,0.00017293346172664315,11212779520.0,904.786376953125
npg_reward_only,706,947,1142083,0.0,False,712.6534423828125,3.039914608001709,0.0,712.6534423828125,1442.272216796875,0.0,0.0,0.0,0.0026683444157242775,True,nan,False,0.0011828418355435133,0.01,True,,0.001,0.0010000000474974513,0.000134353555040434,712.6534423828125,1442.272216796875,110797.9453125,0.00038380699697881937,7486436864.0,918.5228271484375
npg_reward_only,706,948,1143067,0.0,False,292.3762512207031,3.12621808052063,0.0,292.3762512207031,1104.27099609375,0.0,0.0,0.0,-0.3560941517353058,True,nan,False,0.001155905774794519,0.01,True,,0.001,0.0010000001639127731,0.0001721880107652396,292.3762512207031,1104.27099609375,67456.5625,0.0001533996983198449,9028557824.0,843.5499877929688
npg_reward_only,706,949,1144019,0.0,False,635.833984375,3.3557920455932617,0.0,635.833984375,1555.14697265625,0.0,0.0,0.0,-0.11685632169246674,True,nan,False,0.0010177150834351778,0.01,True,,0.001,0.0009999994654208422,0.00014114360965322703,635.833984375,1555.14697265625,100393.953125,0.000440142466686666,14372130816.0,1138.2501220703125
npg_reward_only,706,950,1144930,0.0,False,287.0309753417969,3.1557395458221436,0.0,287.0309753417969,1821.748291015625,0.0,0.0,0.0,0.16889742016792297,True,nan,False,0.001493457006290555,0.01,True,,0.001,0.0010000001639127731,0.00015402500866912305,287.0309753417969,1821.748291015625,84303.875,0.00023392130970023572,8156940288.0,601.684326171875
npg_reward_only,706,951,1145821,0.0,False,470.42901611328125,3.2368600368499756,0.0,470.42901611328125,1638.6094970703125,0.0,0.0,0.0,0.32082781195640564,True,nan,False,0.0013797283172607422,0.01,True,,0.001,0.0009999996982514858,0.0001679866254562512,470.42901611328125,1638.6094970703125,70872.9609375,0.0005352150765247643,17174243328.0,2009.13134765625
npg_reward_only,706,952,1146733,0.0,False,314.4762268066406,3.2439534664154053,0.0,314.4762268066406,1830.254638671875,0.0,0.0,0.0,-0.11321478337049484,True,nan,False,0.0012842065189033747,0.01,True,,0.001,0.0010000003967434168,0.0001503989042248577,314.4762268066406,1830.254638671875,88417.9921875,0.00025616600760258734,1649327488.0,858.3866577148438
npg_reward_only,706,953,1147669,0.0,False,111.73820495605469,3.084437370300293,0.0,111.73820495605469,1343.0499267578125,0.0,0.0,0.0,-0.1549104005098343,True,nan,False,0.00200848956592381,0.01,True,,0.001,0.0009999999310821295,0.00024494287208653986,111.73820495605469,1343.0499267578125,33334.9921875,0.00016451493138447404,4204941824.0,688.2238159179688
npg_reward_only,706,954,1148610,0.0,False,161.51870727539062,3.0399134159088135,0.0,161.51870727539062,1393.8599853515625,0.0,0.0,0.0,-0.4164412021636963,True,nan,False,0.0012922304449602962,0.01,True,,0.001,0.000999999581836164,0.00022993214952293783,161.51870727539062,1393.8599853515625,37829.5,0.00020543717255350202,1419004800.0,1096.7698974609375
npg_reward_only,706,955,1149498,0.0,False,336.1587829589844,3.022733449935913,0.0,336.1587829589844,1575.6712646484375,0.0,0.0,0.0,0.06683247536420822,True,nan,False,0.0010778814321383834,0.01,True,,0.001,0.0010000001639127731,0.00012246289406903088,336.1587829589844,1575.6712646484375,133358.59375,0.00042342633241787553,1982051968.0,932.968017578125
npg_reward_only,706,956,1150452,0.0,False,342.99755859375,2.7900583744049072,0.0,342.99755859375,1612.6212158203125,0.0,0.0,0.0,-0.17781659960746765,True,nan,False,0.0010470799170434475,0.01,True,,0.001,0.0009999999310821295,0.00011966027523158118,342.99755859375,1612.6212158203125,139678.65625,0.0005501284613274038,4722868224.0,3170.070068359375
npg_reward_only,706,957,1151454,0.0,False,558.1483154296875,3.2373743057250977,0.0,558.1483154296875,1382.5006103515625,0.0,0.0,0.0,-0.3592914342880249,True,nan,False,0.001572866691276431,0.01,True,,0.001,0.0009999999310821295,0.000130742002511397,558.1483154296875,1382.5006103515625,117003.75,0.00033539312426000834,1705883264.0,794.8408813476562
npg_reward_only,706,958,1152335,0.0,False,285.1622314453125,3.305772542953491,0.0,285.1622314453125,1851.1353759765625,0.0,0.0,0.0,0.06082521006464958,True,nan,False,0.0019698685500770807,0.01,True,,0.001,0.0010000000474974513,0.0001423461508238688,285.1622314453125,1851.1353759765625,98704.859375,0.00019162143871653825,2772438272.0,635.9480590820312
npg_reward_only,706,959,1153259,0.0,False,344.07489013671875,3.291536569595337,0.0,344.07489013671875,1148.0855712890625,0.0,0.0,0.0,-0.24219153821468353,True,nan,False,0.0020703559275716543,0.01,True,,0.001,0.0010000000474974513,0.00020343056530691683,344.07489013671875,1148.0855712890625,48327.86328125,0.00013869028771296144,1436862720.0,671.099853515625
npg_reward_only,706,960,1154088,0.0,False,192.4418487548828,3.6103360652923584,0.0,192.4418487548828,1531.505859375,0.0,0.0,0.0,0.10254351794719696,True,nan,False,0.0016357962740585208,0.01,True,,0.001,0.0010000005131587386,0.0001798698358470574,192.4418487548828,1531.505859375,61817.7734375,0.0004885180969722569,10728578048.0,1849.7916259765625
npg_reward_only,706,961,1154959,0.0,False,525.4608154296875,3.046663522720337,0.0,525.4608154296875,1389.85888671875,0.0,0.0,0.0,-0.08777374029159546,True,nan,False,0.0013653673231601715,0.01,True,,0.001,0.0010000001639127731,0.00013968026905786246,525.4608154296875,1389.85888671875,102508.5,0.00037844336475245655,859772032.0,752.6652221679688
npg_reward_only,706,962,1155953,0.0,False,157.4704132080078,3.214066982269287,0.0,157.4704132080078,1311.0816650390625,0.0,0.0,0.0,-0.3130685091018677,True,nan,False,0.00140642118640244,0.01,True,,0.001,0.0009999994654208422,0.0002130913344444707,157.4704132080078,1311.0816650390625,44045.18359375,0.0002966787724290043,2628661760.0,673.9266967773438
npg_reward_only,706,963,1156846,0.0,False,192.6897430419922,3.004329204559326,0.0,192.6897430419922,1636.636474609375,0.0,0.0,0.0,-0.06903194636106491,True,nan,False,0.002076131757348776,0.01,True,,0.001,0.000999999581836164,0.00017177723930217326,192.6897430419922,1636.636474609375,67779.5625,0.0003949248930439353,846341440.0,741.5374145507812
npg_reward_only,706,964,1157812,0.0,False,650.2595825195312,2.9956631660461426,0.0,650.2595825195312,1590.2601318359375,0.0,0.0,0.0,0.3158375322818756,True,nan,False,0.0035271933302283287,0.01,True,,0.001,0.0009999999310821295,0.00010893883154494688,650.2595825195312,1590.2601318359375,168525.09375,0.0003600644413381815,3594560256.0,1159.374755859375
npg_reward_only,706,965,1158850,0.0,False,751.1414794921875,3.073317050933838,0.0,751.1414794921875,1551.139892578125,0.0,0.0,0.0,0.0228287260979414,True,nan,False,0.0013147370191290975,0.01,True,,0.001,0.0010000000474974513,0.00011052776972064748,751.1414794921875,1551.139892578125,163714.515625,0.00020046097051817924,6250776576.0,2810.381103515625
npg_reward_only,706,966,1159792,0.0,False,415.0179443359375,3.131094217300415,0.0,415.0179443359375,2257.60595703125,0.0,0.0,0.0,-0.11485433578491211,True,nan,False,0.0015127910301089287,0.01,True,,0.001,0.0010000005131587386,0.00013233225035946816,415.0179443359375,2257.60595703125,114208.5546875,0.0005594324902631342,6460388352.0,1002.8941040039062
npg_reward_only,706,967,1160757,0.0,False,403.91070556640625,3.2380363941192627,0.0,403.91070556640625,1068.163818359375,0.0,0.0,0.0,0.04056459665298462,True,nan,False,0.0013849370880052447,0.01,True,,0.001,0.0010000001639127731,0.0001884490338852629,403.91070556640625,1068.163818359375,56317.3515625,0.00020098865206819028,3858789120.0,750.6369018554688
npg_reward_only,706,968,1161658,0.0,False,268.764892578125,3.085908889770508,0.0,268.764892578125,1395.160888671875,0.0,0.0,0.0,-0.19625331461429596,True,nan,False,0.0017308639362454414,0.01,True,,0.001,0.0009999999310821295,0.0001929167628986761,268.764892578125,1395.160888671875,53739.0625,0.0003291714529041201,1905005824.0,805.90234375
npg_reward_only,706,969,1162532,0.0,False,438.99072265625,3.0078022480010986,0.0,438.99072265625,1063.8734130859375,0.0,0.0,0.0,-0.2244601994752884,True,nan,False,0.001146730617620051,0.01,True,,0.001,0.0009999999310821295,0.0001979790540644899,438.99072265625,1063.8734130859375,51025.99609375,0.0007429337128996849,4131835648.0,873.3123779296875
npg_reward_only,706,970,1163433,0.0,False,336.8870544433594,3.03881573677063,0.0,336.8870544433594,1176.447265625,0.0,0.0,0.0,-0.06744762510061264,True,nan,False,0.0013518716441467404,0.01,True,,0.001,0.001000000280328095,0.00018893522792495787,336.8870544433594,1176.447265625,56027.875,0.0006251396844163537,11102920704.0,975.3569946289062
npg_reward_only,706,971,1164370,0.0,False,561.6812744140625,3.7687556743621826,0.0,561.6812744140625,1630.0194091796875,0.0,0.0,0.0,0.45328643918037415,True,nan,False,0.001887190155684948,0.01,True,,0.001,0.0010000010952353477,0.00016920840425882488,561.6812744140625,1630.0194091796875,69853.1796875,0.00039228759123943746,6845920256.0,2977.770263671875
npg_reward_only,706,972,1165196,0.0,False,415.9629211425781,2.6467206478118896,0.0,415.9629211425781,1348.7279052734375,0.0,0.0,0.0,-0.1844807118177414,True,nan,False,0.0011990240309387445,0.01,True,,0.001,0.0009999999310821295,0.00013486600073520094,415.9629211425781,1348.7279052734375,109957.546875,0.00020498041703831404,9691829248.0,1093.092041015625
npg_reward_only,706,973,1166174,0.0,False,399.35650634765625,2.647653579711914,0.0,399.35650634765625,2770.439697265625,0.0,0.0,0.0,-0.3074922561645508,True,nan,False,0.001094955368898809,0.01,True,,0.001,0.0009999996982514858,8.765438542468473e-05,399.35650634765625,2770.439697265625,260305.109375,0.00023229143698699772,3258135040.0,888.8421020507812
npg_reward_only,706,974,1167295,0.0,False,125.30619812011719,3.205428123474121,0.0,125.30619812011719,1045.4505615234375,0.0,0.0,0.0,-0.37667614221572876,True,nan,False,0.0014779496705159545,0.01,True,,0.001,0.0010000001639127731,0.00024821111583150923,125.30619812011719,1045.4505615234375,32462.921875,0.00013200471585150808,74940899328.0,806.7520751953125
npg_reward_only,706,975,1168130,0.0,False,178.55357360839844,3.340125322341919,0.0,178.55357360839844,1568.2684326171875,0.0,0.0,0.0,0.17664633691310883,True,nan,False,0.0037329012993723154,0.01,True,,0.001,0.001000001560896635,0.00018394860671833158,178.55357360839844,1568.2684326171875,59106.7421875,0.0003070093225687742,7533868032.0,766.257080078125
npg_reward_only,706,976,1168982,0.0,False,430.8366394042969,2.6538281440734863,0.0,430.8366394042969,1806.903076171875,0.0,0.0,0.0,0.08301740884780884,True,nan,False,0.000965093553531915,0.01,True,,0.001,0.0009999999310821295,0.00012410730414558202,430.8366394042969,1806.903076171875,129848.03125,0.00022885545331519097,2046927616.0,724.60400390625
npg_reward_only,706,977,1169974,0.0,False,331.7351379394531,2.4978840351104736,0.0,331.7351379394531,2446.9755859375,0.0,0.0,0.0,-0.23622439801692963,True,nan,False,0.0016756366239860654,0.01,True,,0.001,0.001000000280328095,0.00010757261043181643,331.7351379394531,2446.9755859375,172832.96875,0.0005688021774403751,2534921728.0,712.0184936523438
npg_reward_only,706,978,1171002,0.0,False,112.38894653320312,3.0998897552490234,0.0,112.38894653320312,1120.59326171875,0.0,0.0,0.0,-0.2855793535709381,True,nan,False,0.001436062972061336,0.01,True,,0.001,0.0010000000474974513,0.00024274336465168744,112.38894653320312,1120.59326171875,33941.83203125,0.00019261168199591339,7996314624.0,646.6728515625
npg_reward_only,706,979,1171922,0.0,False,821.0967407226562,2.712437152862549,0.0,821.0967407226562,2347.79833984375,0.0,0.0,0.0,0.20919330418109894,True,nan,False,0.0025953587610274553,0.01,True,,0.001,0.0009999996982514858,0.00010748011845862493,821.0967407226562,2347.79833984375,173130.5625,0.0005731331184506416,6806003712.0,3113.6435546875
npg_reward_only,706,980,1173139,0.0,False,390.07293701171875,2.9495646953582764,0.0,390.07293701171875,1216.1541748046875,0.0,0.0,0.0,0.11535947769880295,True,nan,False,0.0012806192971765995,0.01,True,,0.001,0.0009999996982514858,0.00018510327208787203,390.07293701171875,1216.1541748046875,58371.6328125,0.0001602427801117301,23792113664.0,614.072998046875
npg_reward_only,706,981,1174057,0.0,False,127.6405258178711,3.0891411304473877,0.0,127.6405258178711,918.2515869140625,0.0,0.0,0.0,0.07143285870552063,True,nan,False,0.0017106279265135527,0.01,True,,0.001,0.0009999994654208422,0.00028762579313479364,127.6405258178711,918.2515869140625,24175.4375,0.00013464289077091962,7514268160.0,1275.381103515625
npg_reward_only,706,982,1174941,0.0,False,292.4474792480469,2.2529141902923584,0.0,292.4474792480469,2984.721435546875,0.0,0.0,0.0,-0.046319108456373215,True,nan,False,0.0017899081576615572,0.01,True,,0.001,0.0009999999310821295,9.571763075655326e-05,292.4474792480469,2984.721435546875,218296.203125,0.0002132725203409791,4351662592.0,558.3525390625
npg_reward_only,706,983,1176211,0.0,False,192.3448486328125,2.7692155838012695,0.0,192.3448486328125,1682.3961181640625,0.0,0.0,0.0,0.2858644127845764,True,nan,False,0.001522756996564567,0.01,True,,0.001,0.0010000010952353477,0.00017083135026041418,192.3448486328125,1682.3961181640625,68532.2265625,0.0002715145528782159,1647850496.0,788.9845581054688
npg_reward_only,706,984,1177246,0.0,False,602.6912841796875,2.7039101123809814,0.0,602.6912841796875,1550.71875,0.0,0.0,0.0,-0.2590928077697754,True,nan,False,0.0011557735269889235,0.01,True,,0.001,0.001000000280328095,0.00012307942961342633,602.6912841796875,1550.71875,132025.875,0.0004070157592650503,11725080576.0,895.5354614257812
npg_reward_only,706,985,1178316,0.0,False,516.0221557617188,2.675812244415283,0.0,516.0221557617188,2175.295166015625,0.0,0.0,0.0,-0.34309643507003784,True,nan,False,0.0011363241355866194,0.01,True,,0.001,0.0009999999310821295,9.105943900067359e-05,516.0221557617188,2175.295166015625,241201.53125,0.00029773975256830454,719995648.0,702.2990112304688
npg_reward_only,706,986,1179488,0.0,False,202.5128631591797,3.2262680530548096,0.0,202.5128631591797,1155.511962890625,0.0,0.0,0.0,-0.06586049497127533,True,nan,False,0.0016951510915532708,0.01,True,,0.001,0.001000000280328095,0.0002506180026102811,202.5128631591797,1155.511962890625,31842.376953125,0.00011361815268173814,45126885376.0,621.3394165039062
npg_reward_only,706,987,1180318,0.0,False,427.0414123535156,2.5746190547943115,0.0,427.0414123535156,2174.19384765625,0.0,0.0,0.0,-0.24483995139598846,True,nan,False,0.0013914275914430618,0.01,True,,0.001,0.0009999996982514858,0.000124076716019772,427.0414123535156,2174.19384765625,129912.0390625,0.0007005357765592635,8426856960.0,915.620849609375
npg_reward_only,706,988,1181449,0.0,False,272.3271179199219,2.712960720062256,0.0,272.3271179199219,1315.150634765625,0.0,0.0,0.0,-0.3234317898750305,True,nan,False,0.0015333144692704082,0.01,True,,0.001,0.001000000280328095,0.0001642390707274899,272.3271179199219,1315.150634765625,74144.171875,0.0002282170025864616,1132041856.0,609.7008666992188
npg_reward_only,706,989,1182429,0.0,False,714.580078125,2.8398711681365967,0.0,714.580078125,1663.669921875,0.0,0.0,0.0,0.42589977383613586,True,nan,False,0.0014092877972871065,0.01,True,,0.001,0.0010000001639127731,0.00010625449795043096,714.580078125,1663.669921875,177147.640625,0.0002928723697550595,27185051648.0,1573.3035888671875
npg_reward_only,706,990,1183400,0.0,False,659.5825805664062,2.3865272998809814,0.0,659.5825805664062,1576.7952880859375,0.0,0.0,0.0,-0.35825610160827637,True,nan,False,0.0016044502845034003,0.01,True,,0.001,0.0010000000474974513,0.00010387608199380338,659.5825805664062,1576.7952880859375,185352.6875,0.00023413194867316633,6231066624.0,726.6300659179688
npg_reward_only,706,991,1184496,0.0,False,132.1022491455078,2.9450125694274902,0.0,132.1022491455078,942.3143920898438,0.0,0.0,0.0,-0.185193732380867,True,nan,False,0.001815493917092681,0.01,True,,0.001,0.0010000003967434168,0.000244196446146816,132.1022491455078,942.3143920898438,33539.09765625,0.00012186413368908688,2109123072.0,635.985107421875
npg_reward_only,706,992,1185349,0.0,False,356.6994934082031,2.877434015274048,0.0,356.6994934082031,1177.798095703125,0.0,0.0,0.0,-0.09084957838058472,True,nan,False,0.0013572938041761518,0.01,True,,0.001,0.0010000003967434168,0.00017477419169154018,356.6994934082031,1177.798095703125,65474.984375,0.00017583782027941197,6563090944.0,973.1920776367188
npg_reward_only,706,993,1186290,0.0,False,146.03314208984375,3.1829779148101807,0.0,146.03314208984375,1178.4248046875,0.0,0.0,0.0,-0.17750199139118195,True,nan,False,0.0052618361078202724,0.01,True,,0.001,0.0010000001639127731,0.00022572877060156316,146.03314208984375,1178.4248046875,39251.4921875,0.00015392365457955748,5424662528.0,649.0779418945312
npg_reward_only,706,994,1187131,0.0,False,296.4476623535156,2.415264844894409,0.0,296.4476623535156,1556.8865966796875,0.0,0.0,0.0,-0.5485987067222595,True,nan,False,0.001789484522305429,0.01,True,,0.001,0.0010000000474974513,0.00013768758799415082,296.4476623535156,1556.8865966796875,105497.0703125,0.0001651348575251177,10166294528.0,543.887939453125
npg_reward_only,706,995,1188146,0.0,False,206.5577850341797,2.7189881801605225,0.0,206.5577850341797,1420.4522705078125,0.0,0.0,0.0,-0.28521889448165894,True,nan,False,0.0014431411400437355,0.01,True,,0.001,0.0010000003967434168,0.00015470388461835682,206.5577850341797,1420.4522705078125,83565.609375,0.00013043812941759825,2185749248.0,529.6135864257812
npg_reward_only,706,996,1189145,0.0,False,234.69305419921875,2.785099983215332,0.0,234.69305419921875,1864.751220703125,0.0,0.0,0.0,-0.47241854667663574,True,nan,False,0.001653590821661055,0.01,True,,0.001,0.0010000003967434168,0.00015774957137182355,234.69305419921875,1864.751220703125,80369.9375,0.00015433166117873043,4697456640.0,521.0701904296875
npg_reward_only,706,997,1190169,0.0,False,249.77114868164062,3.1181304454803467,0.0,249.77114868164062,922.7779541015625,0.0,0.0,0.0,0.04418632388114929,True,nan,False,0.0010893302969634533,0.01,True,,0.001,0.0010000003967434168,0.000257278821663931,249.77114868164062,922.7779541015625,30214.95703125,0.0004542478418443352,5651742720.0,1311.8182373046875
npg_reward_only,706,998,1191025,0.0,False,345.6888732910156,2.9720921516418457,0.0,345.6888732910156,1171.2208251953125,0.0,0.0,0.0,-0.05163216218352318,True,nan,False,0.0016483626095578074,0.01,True,,0.001,0.0010000001639127731,0.00014297422603704035,345.6888732910156,1171.2208251953125,97839.5625,9.6091978775803e-05,7690222592.0,668.5755615234375
npg_reward_only,706,999,1191964,0.0,False,258.49920654296875,2.7854814529418945,0.0,258.49920654296875,1641.1907958984375,0.0,0.0,0.0,-0.13680289685726166,True,nan,False,0.0032780980691313744,0.01,True,,0.001,0.0009999996982514858,0.0001770396629581228,258.49920654296875,1641.1907958984375,63810.015625,0.00023920534295029938,7217546752.0,587.4828491210938
