Device       : cpu

========== GPOMDP LOSS ==========
states shape  = (128, 500, 8)
actions shape = (128, 500, 2)
rewards shape = (128, 500)
returns shape = (128, 500)
mask shape    = (128, 500)
log_probs shape = (128, 500)
valid steps = 64000
objective = -11.622456
loss = 11.622456
========== END GPOMDP DEBUG ==========


========== NPG PRECONDITIONING ==========
Fisher condition number  : 7.689e+03
||nat_g|| / ||g||        : 16.458
========== END NPG DEBUG ==========

/Users/adelella/Documents/Useful/More/pj/vanilla-policy-gradient/vpg/train.py:127: UserWarning: Converting a tensor with requires_grad=True to a scalar may lead to unexpected behavior.
Consider using tensor.detach() first. (Triggered internally at /Users/runner/work/pytorch/pytorch/torch/csrc/autograd/generated/python_variable_methods.cpp:839.)
  return float(torch.cat(grads).norm())
Iteration 0000 | train reward: 7.85 | best: 7.85 | KL: 2.462e-05 | std: 0.6067 | rollout: 13.507s | update: 0.377s | total: 13.884s | samples/s: 4610
Iteration 0001 | train reward: 7.89 | best: 7.89 | KL: 1.907e-05 | std: 0.6068 | rollout: 12.468s | update: 0.219s | total: 12.687s | samples/s: 5045
Iteration 0002 | train reward: 11.49 | best: 11.49 | KL: 4.620e-05 | std: 0.6068 | rollout: 11.727s | update: 0.188s | total: 11.915s | samples/s: 5372
Iteration 0003 | train reward: 13.85 | best: 13.85 | KL: 2.429e-05 | std: 0.6068 | rollout: 11.534s | update: 0.288s | total: 11.822s | samples/s: 5413
Iteration 0004 | train reward: 15.86 | best: 15.86 | KL: 2.677e-05 | std: 0.6068 | rollout: 11.679s | update: 0.229s | total: 11.908s | samples/s: 5374
Iteration 0005 | train reward: 16.52 | best: 16.52 | KL: 2.375e-05 | std: 0.6068 | rollout: 11.928s | update: 0.443s | total: 12.371s | samples/s: 5174
Iteration 0006 | train reward: 19.57 | best: 19.57 | KL: 2.943e-05 | std: 0.6068 | rollout: 12.366s | update: 0.396s | total: 12.763s | samples/s: 5015
Iteration 0007 | train reward: 20.38 | best: 20.38 | KL: 2.144e-05 | std: 0.6068 | rollout: 10.850s | update: 0.138s | total: 10.988s | samples/s: 5825
Iteration 0008 | train reward: 22.50 | best: 22.50 | KL: 1.654e-05 | std: 0.6068 | rollout: 11.193s | update: 0.131s | total: 11.324s | samples/s: 5651
Iteration 0009 | train reward: 22.77 | best: 22.77 | KL: 2.701e-05 | std: 0.6067 | rollout: 11.428s | update: 0.159s | total: 11.587s | samples/s: 5523
Iteration 0010 | train reward: 22.97 | best: 22.97 | KL: 1.301e-05 | std: 0.6067 | rollout: 11.118s | update: 0.202s | total: 11.320s | samples/s: 5654
Iteration 0011 | train reward: 23.18 | best: 23.18 | KL: 1.745e-05 | std: 0.6067 | rollout: 11.307s | update: 0.199s | total: 11.506s | samples/s: 5562
Iteration 0012 | train reward: 24.42 | best: 24.42 | KL: 1.773e-05 | std: 0.6059 | rollout: 11.432s | update: 0.134s | total: 11.566s | samples/s: 5533
Iteration 0013 | train reward: 25.94 | best: 25.94 | KL: 9.582e-06 | std: 0.6059 | rollout: 11.506s | update: 0.194s | total: 11.700s | samples/s: 5470
Iteration 0014 | train reward: 25.43 | best: 25.94 | KL: 1.152e-05 | std: 0.6059 | rollout: 12.261s | update: 0.372s | total: 12.633s | samples/s: 5066
Iteration 0015 | train reward: 26.95 | best: 26.95 | KL: 1.316e-05 | std: 0.6058 | rollout: 12.056s | update: 0.397s | total: 12.453s | samples/s: 5139
Iteration 0016 | train reward: 26.94 | best: 26.95 | KL: 1.878e-05 | std: 0.6058 | rollout: 11.432s | update: 0.135s | total: 11.567s | samples/s: 5533
Iteration 0017 | train reward: 26.10 | best: 26.95 | KL: 1.060e-05 | std: 0.6056 | rollout: 10.671s | update: 0.114s | total: 10.785s | samples/s: 5934
Iteration 0018 | train reward: 26.95 | best: 26.95 | KL: 1.044e-05 | std: 0.6056 | rollout: 10.649s | update: 0.137s | total: 10.785s | samples/s: 5934
Iteration 0019 | train reward: 27.43 | best: 27.43 | KL: 9.610e-06 | std: 0.6055 | rollout: 11.127s | update: 0.345s | total: 11.472s | samples/s: 5579
Iteration 0020 | train reward: 28.21 | best: 28.21 | KL: 1.077e-05 | std: 0.6055 | rollout: 10.647s | update: 0.139s | total: 10.786s | samples/s: 5933
Iteration 0021 | train reward: 27.82 | best: 28.21 | KL: 8.340e-06 | std: 0.6055 | rollout: 11.152s | update: 0.128s | total: 11.280s | samples/s: 5674
Iteration 0022 | train reward: 28.10 | best: 28.21 | KL: 1.495e-05 | std: 0.6054 | rollout: 10.793s | update: 0.138s | total: 10.931s | samples/s: 5855
Iteration 0023 | train reward: 27.77 | best: 28.21 | KL: 7.189e-06 | std: 0.6054 | rollout: 10.821s | update: 0.411s | total: 11.232s | samples/s: 5698
Iteration 0024 | train reward: 28.52 | best: 28.52 | KL: 9.816e-06 | std: 0.6052 | rollout: 11.173s | update: 0.206s | total: 11.379s | samples/s: 5624
Iteration 0025 | train reward: 28.10 | best: 28.52 | KL: 4.998e-06 | std: 0.6052 | rollout: 11.338s | update: 0.203s | total: 11.541s | samples/s: 5545
Iteration 0026 | train reward: 28.39 | best: 28.52 | KL: 6.505e-06 | std: 0.6051 | rollout: 10.929s | update: 0.130s | total: 11.059s | samples/s: 5787
Iteration 0027 | train reward: 28.37 | best: 28.52 | KL: 1.003e-05 | std: 0.6051 | rollout: 10.769s | update: 0.340s | total: 11.109s | samples/s: 5761
Iteration 0028 | train reward: 28.67 | best: 28.67 | KL: 4.679e-06 | std: 0.6051 | rollout: 11.039s | update: 0.199s | total: 11.238s | samples/s: 5695
Iteration 0029 | train reward: 28.11 | best: 28.67 | KL: 1.026e-05 | std: 0.6051 | rollout: 11.067s | update: 0.243s | total: 11.310s | samples/s: 5659
Iteration 0030 | train reward: 28.09 | best: 28.67 | KL: 8.994e-06 | std: 0.6051 | rollout: 11.100s | update: 0.319s | total: 11.420s | samples/s: 5604
Iteration 0031 | train reward: 28.51 | best: 28.67 | KL: 5.928e-06 | std: 0.6051 | rollout: 10.757s | update: 0.133s | total: 10.890s | samples/s: 5877
Iteration 0032 | train reward: 28.31 | best: 28.67 | KL: 1.259e-05 | std: 0.6051 | rollout: 10.753s | update: 0.314s | total: 11.066s | samples/s: 5783
Iteration 0033 | train reward: 28.57 | best: 28.67 | KL: 1.070e-05 | std: 0.6051 | rollout: 10.540s | update: 0.350s | total: 10.890s | samples/s: 5877
Iteration 0034 | train reward: 28.22 | best: 28.67 | KL: 8.347e-06 | std: 0.6051 | rollout: 10.587s | update: 0.178s | total: 10.765s | samples/s: 5945
Iteration 0035 | train reward: 28.44 | best: 28.67 | KL: 6.897e-06 | std: 0.6051 | rollout: 10.898s | update: 0.187s | total: 11.086s | samples/s: 5773
Iteration 0036 | train reward: 28.37 | best: 28.67 | KL: 5.871e-06 | std: 0.6051 | rollout: 11.521s | update: 0.147s | total: 11.667s | samples/s: 5485
Iteration 0037 | train reward: 28.56 | best: 28.67 | KL: 6.615e-06 | std: 0.6051 | rollout: 11.051s | update: 0.118s | total: 11.169s | samples/s: 5730
Iteration 0038 | train reward: 28.49 | best: 28.67 | KL: 1.065e-05 | std: 0.6041 | rollout: 10.885s | update: 0.182s | total: 11.068s | samples/s: 5783
Iteration 0039 | train reward: 28.25 | best: 28.67 | KL: 8.804e-06 | std: 0.6042 | rollout: 10.943s | update: 0.165s | total: 11.108s | samples/s: 5761
Iteration 0040 | train reward: 28.87 | best: 28.87 | KL: 1.349e-05 | std: 0.6041 | rollout: 11.656s | update: 0.357s | total: 12.013s | samples/s: 5328
Iteration 0041 | train reward: 28.79 | best: 28.87 | KL: 1.838e-05 | std: 0.6041 | rollout: 11.947s | update: 0.206s | total: 12.154s | samples/s: 5266
Iteration 0042 | train reward: 28.53 | best: 28.87 | KL: 1.251e-05 | std: 0.6039 | rollout: 11.399s | update: 0.137s | total: 11.536s | samples/s: 5548
Iteration 0043 | train reward: 29.07 | best: 29.07 | KL: 8.144e-06 | std: 0.6039 | rollout: 10.863s | update: 0.460s | total: 11.323s | samples/s: 5652
Iteration 0044 | train reward: 28.91 | best: 29.07 | KL: 1.001e-05 | std: 0.6038 | rollout: 10.879s | update: 0.136s | total: 11.015s | samples/s: 5811
Iteration 0045 | train reward: 29.09 | best: 29.09 | KL: 6.383e-06 | std: 0.6032 | rollout: 10.920s | update: 0.249s | total: 11.169s | samples/s: 5730
Iteration 0046 | train reward: 28.67 | best: 29.09 | KL: 1.412e-05 | std: 0.6032 | rollout: 11.310s | update: 0.197s | total: 11.507s | samples/s: 5562
Iteration 0047 | train reward: 28.97 | best: 29.09 | KL: 8.894e-06 | std: 0.6032 | rollout: 12.424s | update: 0.429s | total: 12.853s | samples/s: 4979
Iteration 0048 | train reward: 28.66 | best: 29.09 | KL: 7.571e-06 | std: 0.6032 | rollout: 13.497s | update: 0.533s | total: 14.031s | samples/s: 4561
Iteration 0049 | train reward: 28.79 | best: 29.09 | KL: 5.523e-06 | std: 0.6032 | rollout: 12.230s | update: 0.294s | total: 12.524s | samples/s: 5110
Iteration 0050 | train reward: 28.86 | best: 29.09 | KL: 5.825e-06 | std: 0.6031 | rollout: 11.198s | update: 0.150s | total: 11.347s | samples/s: 5640
Iteration 0051 | train reward: 28.71 | best: 29.09 | KL: 1.342e-05 | std: 0.6029 | rollout: 10.847s | update: 0.194s | total: 11.041s | samples/s: 5796
Iteration 0052 | train reward: 29.21 | best: 29.21 | KL: 5.523e-06 | std: 0.6031 | rollout: 12.530s | update: 0.362s | total: 12.893s | samples/s: 4964
Iteration 0053 | train reward: 29.18 | best: 29.21 | KL: 9.027e-06 | std: 0.6029 | rollout: 12.249s | update: 0.519s | total: 12.769s | samples/s: 5012
Iteration 0054 | train reward: 29.16 | best: 29.21 | KL: 6.459e-06 | std: 0.6029 | rollout: 11.743s | update: 0.179s | total: 11.922s | samples/s: 5368
Iteration 0055 | train reward: 28.63 | best: 29.21 | KL: 1.204e-05 | std: 0.6029 | rollout: 11.085s | update: 0.209s | total: 11.294s | samples/s: 5667
Iteration 0056 | train reward: 29.01 | best: 29.21 | KL: 5.874e-06 | std: 0.6029 | rollout: 10.907s | update: 0.214s | total: 11.121s | samples/s: 5755
Iteration 0057 | train reward: 29.19 | best: 29.21 | KL: 1.189e-05 | std: 0.6029 | rollout: 11.336s | update: 0.459s | total: 11.795s | samples/s: 5426
Iteration 0058 | train reward: 29.11 | best: 29.21 | KL: 1.493e-05 | std: 0.6028 | rollout: 10.876s | update: 0.125s | total: 11.002s | samples/s: 5817
Iteration 0059 | train reward: 28.62 | best: 29.21 | KL: 1.065e-05 | std: 0.6028 | rollout: 10.939s | update: 0.217s | total: 11.156s | samples/s: 5737
Iteration 0060 | train reward: 28.92 | best: 29.21 | KL: 1.462e-05 | std: 0.6028 | rollout: 10.926s | update: 0.335s | total: 11.262s | samples/s: 5683
Iteration 0061 | train reward: 28.60 | best: 29.21 | KL: 8.082e-06 | std: 0.6028 | rollout: 11.260s | update: 0.438s | total: 11.698s | samples/s: 5471
Iteration 0062 | train reward: 28.76 | best: 29.21 | KL: 6.589e-06 | std: 0.6020 | rollout: 11.226s | update: 0.233s | total: 11.458s | samples/s: 5585
Iteration 0063 | train reward: 29.00 | best: 29.21 | KL: 2.276e-05 | std: 0.6020 | rollout: 11.423s | update: 0.682s | total: 12.105s | samples/s: 5287
Iteration 0064 | train reward: 28.99 | best: 29.21 | KL: 7.122e-06 | std: 0.6020 | rollout: 11.139s | update: 0.446s | total: 11.585s | samples/s: 5524
Iteration 0065 | train reward: 29.48 | best: 29.48 | KL: 7.652e-06 | std: 0.6020 | rollout: 12.069s | update: 0.191s | total: 12.260s | samples/s: 5220
Iteration 0066 | train reward: 28.99 | best: 29.48 | KL: 1.248e-05 | std: 0.6020 | rollout: 11.015s | update: 0.477s | total: 11.491s | samples/s: 5569
Iteration 0067 | train reward: 29.12 | best: 29.48 | KL: 5.560e-06 | std: 0.6020 | rollout: 13.168s | update: 0.363s | total: 13.531s | samples/s: 4730
Iteration 0068 | train reward: 29.19 | best: 29.48 | KL: 8.835e-06 | std: 0.6019 | rollout: 11.277s | update: 0.648s | total: 11.925s | samples/s: 5367
Iteration 0069 | train reward: 29.25 | best: 29.48 | KL: 9.929e-06 | std: 0.6020 | rollout: 11.747s | update: 0.282s | total: 12.029s | samples/s: 5321
Iteration 0070 | train reward: 29.44 | best: 29.48 | KL: 1.081e-05 | std: 0.6019 | rollout: 10.913s | update: 0.260s | total: 11.172s | samples/s: 5728
Iteration 0071 | train reward: 28.85 | best: 29.48 | KL: 1.516e-05 | std: 0.6019 | rollout: 11.842s | update: 0.517s | total: 12.359s | samples/s: 5178
Iteration 0072 | train reward: 28.98 | best: 29.48 | KL: 6.059e-06 | std: 0.6017 | rollout: 11.829s | update: 0.338s | total: 12.167s | samples/s: 5260
Iteration 0073 | train reward: 29.55 | best: 29.55 | KL: 6.857e-06 | std: 0.6017 | rollout: 11.428s | update: 0.286s | total: 11.714s | samples/s: 5464
Iteration 0074 | train reward: 29.26 | best: 29.55 | KL: 1.494e-05 | std: 0.6016 | rollout: 11.293s | update: 0.306s | total: 11.599s | samples/s: 5518
Iteration 0075 | train reward: 29.25 | best: 29.55 | KL: 7.779e-06 | std: 0.6016 | rollout: 11.163s | update: 0.162s | total: 11.326s | samples/s: 5651
Iteration 0076 | train reward: 29.01 | best: 29.55 | KL: 1.511e-05 | std: 0.6016 | rollout: 11.118s | update: 0.468s | total: 11.586s | samples/s: 5524
Iteration 0077 | train reward: 28.77 | best: 29.55 | KL: 6.891e-06 | std: 0.6016 | rollout: 11.355s | update: 0.301s | total: 11.655s | samples/s: 5491
Iteration 0078 | train reward: 29.47 | best: 29.55 | KL: 1.128e-05 | std: 0.6015 | rollout: 11.665s | update: 0.500s | total: 12.165s | samples/s: 5261
Iteration 0079 | train reward: 29.06 | best: 29.55 | KL: 7.712e-06 | std: 0.6015 | rollout: 10.909s | update: 0.252s | total: 11.160s | samples/s: 5735
Iteration 0080 | train reward: 29.62 | best: 29.62 | KL: 8.916e-06 | std: 0.6015 | rollout: 11.665s | update: 0.425s | total: 12.091s | samples/s: 5293
Iteration 0081 | train reward: 29.53 | best: 29.62 | KL: 8.229e-06 | std: 0.6012 | rollout: 11.447s | update: 0.132s | total: 11.579s | samples/s: 5527
Iteration 0082 | train reward: 29.35 | best: 29.62 | KL: 1.446e-05 | std: 0.6012 | rollout: 11.018s | update: 0.244s | total: 11.262s | samples/s: 5683
Iteration 0083 | train reward: 29.34 | best: 29.62 | KL: 8.834e-06 | std: 0.6012 | rollout: 10.866s | update: 0.153s | total: 11.019s | samples/s: 5808
Iteration 0084 | train reward: 29.44 | best: 29.62 | KL: 8.068e-06 | std: 0.6012 | rollout: 10.562s | update: 0.140s | total: 10.702s | samples/s: 5980
Iteration 0085 | train reward: 29.09 | best: 29.62 | KL: 6.949e-06 | std: 0.6012 | rollout: 10.956s | update: 0.264s | total: 11.221s | samples/s: 5704
Iteration 0086 | train reward: 29.58 | best: 29.62 | KL: 7.446e-06 | std: 0.6003 | rollout: 10.929s | update: 0.232s | total: 11.161s | samples/s: 5734
Iteration 0087 | train reward: 29.53 | best: 29.62 | KL: 1.477e-05 | std: 0.6003 | rollout: 10.937s | update: 0.261s | total: 11.197s | samples/s: 5716
Iteration 0088 | train reward: 29.13 | best: 29.62 | KL: 7.142e-06 | std: 0.6012 | rollout: 10.674s | update: 0.345s | total: 11.020s | samples/s: 5808
Iteration 0089 | train reward: 29.35 | best: 29.62 | KL: 4.957e-06 | std: 0.6003 | rollout: 10.404s | update: 0.498s | total: 10.903s | samples/s: 5870
Iteration 0090 | train reward: 29.24 | best: 29.62 | KL: 1.609e-05 | std: 0.6002 | rollout: 10.516s | update: 0.305s | total: 10.822s | samples/s: 5914
Iteration 0091 | train reward: 29.32 | best: 29.62 | KL: 9.989e-06 | std: 0.6011 | rollout: 11.056s | update: 0.185s | total: 11.241s | samples/s: 5694
Iteration 0092 | train reward: 29.67 | best: 29.67 | KL: 1.510e-05 | std: 0.6003 | rollout: 10.736s | update: 0.182s | total: 10.918s | samples/s: 5862
Iteration 0093 | train reward: 29.67 | best: 29.67 | KL: 1.319e-05 | std: 0.6003 | rollout: 11.636s | update: 0.239s | total: 11.875s | samples/s: 5389
Iteration 0094 | train reward: 28.92 | best: 29.67 | KL: 1.121e-05 | std: 0.6003 | rollout: 10.641s | update: 0.141s | total: 10.782s | samples/s: 5936
Iteration 0095 | train reward: 29.26 | best: 29.67 | KL: 9.491e-06 | std: 0.6003 | rollout: 10.403s | update: 0.144s | total: 10.546s | samples/s: 6068
Iteration 0096 | train reward: 29.44 | best: 29.67 | KL: 1.283e-05 | std: 0.6003 | rollout: 10.753s | update: 0.280s | total: 11.033s | samples/s: 5801
Iteration 0097 | train reward: 29.53 | best: 29.67 | KL: 1.960e-05 | std: 0.6000 | rollout: 10.959s | update: 0.278s | total: 11.237s | samples/s: 5696
Iteration 0098 | train reward: 29.14 | best: 29.67 | KL: 8.513e-06 | std: 0.6000 | rollout: 10.684s | update: 0.215s | total: 10.899s | samples/s: 5872
Iteration 0099 | train reward: 29.44 | best: 29.67 | KL: 8.833e-06 | std: 0.5999 | rollout: 10.530s | update: 0.125s | total: 10.655s | samples/s: 6006
Iteration 0100 | train reward: 29.50 | best: 29.67 | KL: 1.253e-05 | std: 0.5999 | rollout: 11.042s | update: 0.305s | total: 11.347s | samples/s: 5640
Iteration 0101 | train reward: 29.32 | best: 29.67 | KL: 1.492e-05 | std: 0.5999 | rollout: 10.829s | update: 0.167s | total: 10.996s | samples/s: 5820
Iteration 0102 | train reward: 28.94 | best: 29.67 | KL: 5.004e-06 | std: 0.5993 | rollout: 10.861s | update: 0.184s | total: 11.045s | samples/s: 5794
Iteration 0103 | train reward: 29.59 | best: 29.67 | KL: 1.005e-05 | std: 0.5993 | rollout: 10.362s | update: 0.158s | total: 10.520s | samples/s: 6084
Iteration 0104 | train reward: 29.60 | best: 29.67 | KL: 1.031e-05 | std: 0.5999 | rollout: 10.917s | update: 0.193s | total: 11.111s | samples/s: 5760
Iteration 0105 | train reward: 29.46 | best: 29.67 | KL: 1.564e-05 | std: 0.5999 | rollout: 10.456s | update: 0.518s | total: 10.975s | samples/s: 5832
Iteration 0106 | train reward: 29.41 | best: 29.67 | KL: 8.879e-06 | std: 0.5993 | rollout: 10.751s | update: 0.265s | total: 11.016s | samples/s: 5810
Iteration 0107 | train reward: 29.19 | best: 29.67 | KL: 5.344e-06 | std: 0.5993 | rollout: 11.040s | update: 0.377s | total: 11.418s | samples/s: 5605
Iteration 0108 | train reward: 29.62 | best: 29.67 | KL: 1.201e-05 | std: 0.5993 | rollout: 11.379s | update: 0.236s | total: 11.615s | samples/s: 5510
Iteration 0109 | train reward: 29.54 | best: 29.67 | KL: 9.065e-06 | std: 0.5992 | rollout: 10.737s | update: 0.152s | total: 10.889s | samples/s: 5877
Iteration 0110 | train reward: 29.14 | best: 29.67 | KL: 1.025e-05 | std: 0.5992 | rollout: 10.561s | update: 0.184s | total: 10.745s | samples/s: 5956
Iteration 0111 | train reward: 29.47 | best: 29.67 | KL: 6.911e-06 | std: 0.5992 | rollout: 10.739s | update: 0.480s | total: 11.219s | samples/s: 5705
Iteration 0112 | train reward: 29.64 | best: 29.67 | KL: 1.074e-05 | std: 0.5992 | rollout: 10.439s | update: 0.268s | total: 10.707s | samples/s: 5978
Iteration 0113 | train reward: 29.52 | best: 29.67 | KL: 1.506e-05 | std: 0.5990 | rollout: 10.537s | update: 0.152s | total: 10.689s | samples/s: 5988
Iteration 0114 | train reward: 29.52 | best: 29.67 | KL: 1.077e-05 | std: 0.5990 | rollout: 10.740s | update: 0.325s | total: 11.065s | samples/s: 5784
Iteration 0115 | train reward: 29.38 | best: 29.67 | KL: 9.493e-06 | std: 0.5989 | rollout: 10.886s | update: 0.158s | total: 11.044s | samples/s: 5795
Iteration 0116 | train reward: 29.66 | best: 29.67 | KL: 1.989e-05 | std: 0.5990 | rollout: 10.570s | update: 0.242s | total: 10.811s | samples/s: 5920
Iteration 0117 | train reward: 29.53 | best: 29.67 | KL: 6.004e-06 | std: 0.5989 | rollout: 10.759s | update: 0.170s | total: 10.928s | samples/s: 5856
Iteration 0118 | train reward: 29.30 | best: 29.67 | KL: 1.227e-05 | std: 0.5989 | rollout: 10.365s | update: 0.143s | total: 10.508s | samples/s: 6090
Iteration 0119 | train reward: 29.67 | best: 29.67 | KL: 8.686e-06 | std: 0.5981 | rollout: 10.552s | update: 0.192s | total: 10.744s | samples/s: 5957
Iteration 0120 | train reward: 29.29 | best: 29.67 | KL: 6.807e-06 | std: 0.5980 | rollout: 11.835s | update: 0.669s | total: 12.504s | samples/s: 5118
Iteration 0121 | train reward: 29.45 | best: 29.67 | KL: 1.625e-05 | std: 0.5980 | rollout: 11.507s | update: 0.374s | total: 11.881s | samples/s: 5387
Iteration 0122 | train reward: 29.78 | best: 29.78 | KL: 5.272e-06 | std: 0.5980 | rollout: 11.094s | update: 0.225s | total: 11.319s | samples/s: 5654
Iteration 0123 | train reward: 29.49 | best: 29.78 | KL: 9.438e-06 | std: 0.5978 | rollout: 10.625s | update: 0.217s | total: 10.842s | samples/s: 5903
Iteration 0124 | train reward: 29.51 | best: 29.78 | KL: 8.907e-06 | std: 0.5978 | rollout: 11.137s | update: 0.126s | total: 11.263s | samples/s: 5682
Iteration 0125 | train reward: 29.17 | best: 29.78 | KL: 4.027e-06 | std: 0.5977 | rollout: 11.130s | update: 0.506s | total: 11.636s | samples/s: 5500
Iteration 0126 | train reward: 29.73 | best: 29.78 | KL: 6.089e-06 | std: 0.5977 | rollout: 12.597s | update: 0.660s | total: 13.257s | samples/s: 4828
Iteration 0127 | train reward: 29.52 | best: 29.78 | KL: 6.978e-06 | std: 0.5978 | rollout: 10.990s | update: 0.161s | total: 11.151s | samples/s: 5739
Iteration 0128 | train reward: 29.70 | best: 29.78 | KL: 1.308e-05 | std: 0.5977 | rollout: 10.597s | update: 0.241s | total: 10.838s | samples/s: 5905
Iteration 0129 | train reward: 29.64 | best: 29.78 | KL: 4.991e-06 | std: 0.5977 | rollout: 10.747s | update: 0.235s | total: 10.982s | samples/s: 5828
Iteration 0130 | train reward: 29.80 | best: 29.80 | KL: 6.679e-06 | std: 0.5977 | rollout: 10.591s | update: 0.340s | total: 10.931s | samples/s: 5855
Iteration 0131 | train reward: 29.74 | best: 29.80 | KL: 1.204e-05 | std: 0.5977 | rollout: 10.952s | update: 0.160s | total: 11.112s | samples/s: 5760
Iteration 0132 | train reward: 29.64 | best: 29.80 | KL: 9.395e-06 | std: 0.5977 | rollout: 10.648s | update: 0.206s | total: 10.854s | samples/s: 5896
Iteration 0133 | train reward: 29.58 | best: 29.80 | KL: 1.216e-05 | std: 0.5977 | rollout: 10.515s | update: 0.429s | total: 10.943s | samples/s: 5848
Iteration 0134 | train reward: 29.61 | best: 29.80 | KL: 7.871e-06 | std: 0.5977 | rollout: 10.645s | update: 0.342s | total: 10.987s | samples/s: 5825
Iteration 0135 | train reward: 29.73 | best: 29.80 | KL: 1.202e-05 | std: 0.5977 | rollout: 10.463s | update: 0.172s | total: 10.636s | samples/s: 6018
Iteration 0136 | train reward: 29.55 | best: 29.80 | KL: 2.006e-05 | std: 0.5977 | rollout: 10.759s | update: 0.174s | total: 10.933s | samples/s: 5854
Iteration 0137 | train reward: 29.59 | best: 29.80 | KL: 1.181e-05 | std: 0.5977 | rollout: 10.544s | update: 0.304s | total: 10.847s | samples/s: 5900
Iteration 0138 | train reward: 29.62 | best: 29.80 | KL: 9.591e-06 | std: 0.5977 | rollout: 10.573s | update: 0.157s | total: 10.729s | samples/s: 5965
Iteration 0139 | train reward: 29.70 | best: 29.80 | KL: 5.761e-06 | std: 0.5976 | rollout: 10.597s | update: 0.147s | total: 10.744s | samples/s: 5957
Iteration 0140 | train reward: 29.74 | best: 29.80 | KL: 4.658e-06 | std: 0.5976 | rollout: 10.478s | update: 0.156s | total: 10.635s | samples/s: 6018
Iteration 0141 | train reward: 29.63 | best: 29.80 | KL: 6.029e-06 | std: 0.5976 | rollout: 10.426s | update: 0.155s | total: 10.581s | samples/s: 6049
Iteration 0142 | train reward: 29.89 | best: 29.89 | KL: 1.661e-05 | std: 0.5976 | rollout: 10.486s | update: 0.135s | total: 10.621s | samples/s: 6026
Iteration 0143 | train reward: 29.81 | best: 29.89 | KL: 1.189e-05 | std: 0.5973 | rollout: 10.700s | update: 0.157s | total: 10.856s | samples/s: 5895
Iteration 0144 | train reward: 30.17 | best: 30.17 | KL: 2.301e-05 | std: 0.5973 | rollout: 10.537s | update: 0.424s | total: 10.961s | samples/s: 5839
Iteration 0145 | train reward: 29.82 | best: 30.17 | KL: 2.055e-05 | std: 0.5973 | rollout: 10.414s | update: 0.137s | total: 10.551s | samples/s: 6066
Iteration 0146 | train reward: 30.02 | best: 30.17 | KL: 1.330e-05 | std: 0.5973 | rollout: 10.680s | update: 0.301s | total: 10.980s | samples/s: 5829
Iteration 0147 | train reward: 29.74 | best: 30.17 | KL: 1.999e-05 | std: 0.5973 | rollout: 10.729s | update: 0.201s | total: 10.930s | samples/s: 5856
Iteration 0148 | train reward: 29.52 | best: 30.17 | KL: 1.963e-05 | std: 0.5973 | rollout: 10.885s | update: 0.162s | total: 11.047s | samples/s: 5793
Iteration 0149 | train reward: 29.84 | best: 30.17 | KL: 6.452e-06 | std: 0.5973 | rollout: 10.932s | update: 0.289s | total: 11.221s | samples/s: 5704
Iteration 0150 | train reward: 29.49 | best: 30.17 | KL: 1.760e-05 | std: 0.5973 | rollout: 10.995s | update: 0.243s | total: 11.238s | samples/s: 5695
Iteration 0151 | train reward: 29.57 | best: 30.17 | KL: 1.154e-05 | std: 0.5973 | rollout: 10.278s | update: 0.191s | total: 10.469s | samples/s: 6113
Iteration 0152 | train reward: 30.06 | best: 30.17 | KL: 1.734e-05 | std: 0.5973 | rollout: 10.434s | update: 0.238s | total: 10.672s | samples/s: 5997
Iteration 0153 | train reward: 30.10 | best: 30.17 | KL: 1.560e-05 | std: 0.5972 | rollout: 10.662s | update: 0.163s | total: 10.825s | samples/s: 5912
Iteration 0154 | train reward: 30.20 | best: 30.20 | KL: 1.310e-05 | std: 0.5964 | rollout: 10.463s | update: 0.154s | total: 10.617s | samples/s: 6028
Iteration 0155 | train reward: 30.16 | best: 30.20 | KL: 9.978e-06 | std: 0.5964 | rollout: 10.693s | update: 0.145s | total: 10.838s | samples/s: 5905
Iteration 0156 | train reward: 29.88 | best: 30.20 | KL: 1.079e-05 | std: 0.5964 | rollout: 10.743s | update: 0.195s | total: 10.938s | samples/s: 5851
Iteration 0157 | train reward: 30.24 | best: 30.24 | KL: 6.445e-06 | std: 0.5964 | rollout: 10.720s | update: 0.141s | total: 10.861s | samples/s: 5893
Iteration 0158 | train reward: 29.93 | best: 30.24 | KL: 7.932e-06 | std: 0.5964 | rollout: 11.098s | update: 0.294s | total: 11.392s | samples/s: 5618
Iteration 0159 | train reward: 29.91 | best: 30.24 | KL: 9.500e-06 | std: 0.5964 | rollout: 10.908s | update: 0.196s | total: 11.104s | samples/s: 5764
Iteration 0160 | train reward: 29.77 | best: 30.24 | KL: 1.965e-05 | std: 0.5964 | rollout: 11.193s | update: 0.267s | total: 11.460s | samples/s: 5585
Iteration 0161 | train reward: 29.66 | best: 30.24 | KL: 2.029e-05 | std: 0.5964 | rollout: 11.167s | update: 0.525s | total: 11.692s | samples/s: 5474
Iteration 0162 | train reward: 29.45 | best: 30.24 | KL: 5.777e-06 | std: 0.5963 | rollout: 11.109s | update: 0.638s | total: 11.747s | samples/s: 5448
Iteration 0163 | train reward: 29.56 | best: 30.24 | KL: 1.088e-05 | std: 0.5963 | rollout: 11.557s | update: 0.491s | total: 12.049s | samples/s: 5312
Iteration 0164 | train reward: 29.76 | best: 30.24 | KL: 1.435e-05 | std: 0.5963 | rollout: 10.874s | update: 0.341s | total: 11.214s | samples/s: 5707
Iteration 0165 | train reward: 29.78 | best: 30.24 | KL: 1.236e-05 | std: 0.5963 | rollout: 11.030s | update: 0.478s | total: 11.507s | samples/s: 5562
Iteration 0166 | train reward: 30.00 | best: 30.24 | KL: 1.031e-05 | std: 0.5961 | rollout: 11.303s | update: 0.461s | total: 11.764s | samples/s: 5440
Iteration 0167 | train reward: 30.15 | best: 30.24 | KL: 1.050e-05 | std: 0.5960 | rollout: 11.298s | update: 0.481s | total: 11.779s | samples/s: 5434
Iteration 0168 | train reward: 29.82 | best: 30.24 | KL: 1.967e-05 | std: 0.5954 | rollout: 11.106s | update: 0.239s | total: 11.346s | samples/s: 5641
Iteration 0169 | train reward: 30.42 | best: 30.42 | KL: 1.083e-05 | std: 0.5954 | rollout: 11.397s | update: 0.421s | total: 11.819s | samples/s: 5415
Iteration 0170 | train reward: 30.19 | best: 30.42 | KL: 8.536e-06 | std: 0.5953 | rollout: 10.743s | update: 0.286s | total: 11.029s | samples/s: 5803
Iteration 0171 | train reward: 30.13 | best: 30.42 | KL: 1.671e-05 | std: 0.5953 | rollout: 11.008s | update: 0.600s | total: 11.608s | samples/s: 5513
Iteration 0172 | train reward: 29.76 | best: 30.42 | KL: 1.144e-05 | std: 0.5953 | rollout: 11.106s | update: 0.650s | total: 11.755s | samples/s: 5444
Iteration 0173 | train reward: 29.72 | best: 30.42 | KL: 1.087e-05 | std: 0.5951 | rollout: 10.912s | update: 0.183s | total: 11.095s | samples/s: 5769
Iteration 0174 | train reward: 30.20 | best: 30.42 | KL: 1.190e-05 | std: 0.5951 | rollout: 11.526s | update: 0.466s | total: 11.992s | samples/s: 5337
Iteration 0175 | train reward: 29.87 | best: 30.42 | KL: 9.615e-06 | std: 0.5950 | rollout: 11.561s | update: 0.362s | total: 11.923s | samples/s: 5368
Iteration 0176 | train reward: 30.10 | best: 30.42 | KL: 9.886e-06 | std: 0.5950 | rollout: 11.778s | update: 0.323s | total: 12.101s | samples/s: 5289
Iteration 0177 | train reward: 30.18 | best: 30.42 | KL: 7.514e-06 | std: 0.5950 | rollout: 12.161s | update: 0.172s | total: 12.333s | samples/s: 5189
Iteration 0178 | train reward: 30.24 | best: 30.42 | KL: 1.952e-05 | std: 0.5950 | rollout: 11.426s | update: 0.240s | total: 11.666s | samples/s: 5486
Iteration 0179 | train reward: 30.16 | best: 30.42 | KL: 7.743e-06 | std: 0.5950 | rollout: 11.515s | update: 0.614s | total: 12.129s | samples/s: 5277
Iteration 0180 | train reward: 30.33 | best: 30.42 | KL: 7.743e-06 | std: 0.5950 | rollout: 11.638s | update: 0.398s | total: 12.036s | samples/s: 5317
Iteration 0181 | train reward: 29.99 | best: 30.42 | KL: 1.151e-05 | std: 0.5951 | rollout: 11.345s | update: 0.168s | total: 11.514s | samples/s: 5559
Iteration 0182 | train reward: 30.09 | best: 30.42 | KL: 1.312e-05 | std: 0.5951 | rollout: 11.329s | update: 0.222s | total: 11.551s | samples/s: 5541
Iteration 0183 | train reward: 29.86 | best: 30.42 | KL: 5.618e-06 | std: 0.5951 | rollout: 11.494s | update: 0.395s | total: 11.889s | samples/s: 5383
Iteration 0184 | train reward: 29.80 | best: 30.42 | KL: 1.446e-05 | std: 0.5951 | rollout: 11.493s | update: 0.227s | total: 11.720s | samples/s: 5461
Iteration 0185 | train reward: 29.75 | best: 30.42 | KL: 1.499e-05 | std: 0.5950 | rollout: 11.446s | update: 0.375s | total: 11.821s | samples/s: 5414
Iteration 0186 | train reward: 29.88 | best: 30.42 | KL: 9.943e-06 | std: 0.5950 | rollout: 11.133s | update: 0.175s | total: 11.308s | samples/s: 5660
Iteration 0187 | train reward: 30.00 | best: 30.42 | KL: 9.785e-06 | std: 0.5942 | rollout: 11.552s | update: 0.279s | total: 11.831s | samples/s: 5409
Iteration 0188 | train reward: 30.23 | best: 30.42 | KL: 1.350e-05 | std: 0.5942 | rollout: 11.703s | update: 0.265s | total: 11.968s | samples/s: 5348
Iteration 0189 | train reward: 29.82 | best: 30.42 | KL: 4.865e-06 | std: 0.5942 | rollout: 11.616s | update: 0.311s | total: 11.927s | samples/s: 5366
Iteration 0190 | train reward: 30.18 | best: 30.42 | KL: 1.152e-05 | std: 0.5942 | rollout: 11.671s | update: 0.143s | total: 11.814s | samples/s: 5417
Iteration 0191 | train reward: 30.45 | best: 30.45 | KL: 1.377e-05 | std: 0.5941 | rollout: 11.378s | update: 0.356s | total: 11.734s | samples/s: 5454
Iteration 0192 | train reward: 30.25 | best: 30.45 | KL: 1.261e-05 | std: 0.5941 | rollout: 11.131s | update: 0.184s | total: 11.315s | samples/s: 5656
Iteration 0193 | train reward: 30.12 | best: 30.45 | KL: 1.008e-05 | std: 0.5941 | rollout: 11.491s | update: 0.150s | total: 11.641s | samples/s: 5498
Iteration 0194 | train reward: 29.90 | best: 30.45 | KL: 9.065e-06 | std: 0.5939 | rollout: 11.546s | update: 0.165s | total: 11.711s | samples/s: 5465
Iteration 0195 | train reward: 29.86 | best: 30.45 | KL: 9.563e-06 | std: 0.5939 | rollout: 11.387s | update: 0.184s | total: 11.571s | samples/s: 5531
Iteration 0196 | train reward: 29.81 | best: 30.45 | KL: 7.556e-06 | std: 0.5938 | rollout: 11.484s | update: 0.467s | total: 11.950s | samples/s: 5355
Iteration 0197 | train reward: 30.16 | best: 30.45 | KL: 1.041e-05 | std: 0.5938 | rollout: 11.385s | update: 0.351s | total: 11.736s | samples/s: 5454
Iteration 0198 | train reward: 30.43 | best: 30.45 | KL: 1.890e-05 | std: 0.5938 | rollout: 12.126s | update: 0.372s | total: 12.498s | samples/s: 5121
Iteration 0199 | train reward: 29.92 | best: 30.45 | KL: 7.744e-06 | std: 0.5938 | rollout: 12.518s | update: 0.499s | total: 13.017s | samples/s: 4917
Iteration 0200 | train reward: 30.23 | best: 30.45 | KL: 8.450e-06 | std: 0.5938 | rollout: 12.571s | update: 0.659s | total: 13.229s | samples/s: 4838
Iteration 0201 | train reward: 30.62 | best: 30.62 | KL: 1.344e-05 | std: 0.5938 | rollout: 12.217s | update: 0.429s | total: 12.646s | samples/s: 5061
Iteration 0202 | train reward: 30.35 | best: 30.62 | KL: 6.129e-06 | std: 0.5938 | rollout: 11.614s | update: 0.173s | total: 11.787s | samples/s: 5430
Iteration 0203 | train reward: 30.50 | best: 30.62 | KL: 7.312e-06 | std: 0.5937 | rollout: 11.973s | update: 0.470s | total: 12.444s | samples/s: 5143
Iteration 0204 | train reward: 30.23 | best: 30.62 | KL: 1.018e-05 | std: 0.5937 | rollout: 13.362s | update: 0.399s | total: 13.762s | samples/s: 4651
Iteration 0205 | train reward: 30.42 | best: 30.62 | KL: 1.253e-05 | std: 0.5937 | rollout: 13.101s | update: 0.496s | total: 13.598s | samples/s: 4707
Iteration 0206 | train reward: 30.30 | best: 30.62 | KL: 1.529e-05 | std: 0.5936 | rollout: 10.882s | update: 0.145s | total: 11.027s | samples/s: 5804
Iteration 0207 | train reward: 30.28 | best: 30.62 | KL: 9.399e-06 | std: 0.5934 | rollout: 11.811s | update: 0.581s | total: 12.392s | samples/s: 5165
Iteration 0208 | train reward: 30.21 | best: 30.62 | KL: 1.427e-05 | std: 0.5934 | rollout: 12.232s | update: 0.371s | total: 12.603s | samples/s: 5078
Iteration 0209 | train reward: 30.07 | best: 30.62 | KL: 6.206e-06 | std: 0.5933 | rollout: 12.473s | update: 0.204s | total: 12.678s | samples/s: 5048
Iteration 0210 | train reward: 30.29 | best: 30.62 | KL: 9.381e-06 | std: 0.5925 | rollout: 10.602s | update: 0.163s | total: 10.765s | samples/s: 5945
Iteration 0211 | train reward: 30.31 | best: 30.62 | KL: 1.048e-05 | std: 0.5925 | rollout: 10.965s | update: 0.351s | total: 11.316s | samples/s: 5656
Iteration 0212 | train reward: 30.31 | best: 30.62 | KL: 1.934e-05 | std: 0.5925 | rollout: 10.851s | update: 0.194s | total: 11.045s | samples/s: 5794
Iteration 0213 | train reward: 30.16 | best: 30.62 | KL: 1.408e-05 | std: 0.5924 | rollout: 10.032s | update: 0.228s | total: 10.259s | samples/s: 6238
Iteration 0214 | train reward: 29.98 | best: 30.62 | KL: 1.820e-05 | std: 0.5922 | rollout: 10.643s | update: 0.151s | total: 10.794s | samples/s: 5929
Iteration 0215 | train reward: 30.06 | best: 30.62 | KL: 1.467e-05 | std: 0.5922 | rollout: 10.271s | update: 0.238s | total: 10.508s | samples/s: 6091
Iteration 0216 | train reward: 30.24 | best: 30.62 | KL: 8.041e-06 | std: 0.5922 | rollout: 10.333s | update: 0.170s | total: 10.503s | samples/s: 6093
Iteration 0217 | train reward: 30.27 | best: 30.62 | KL: 1.696e-05 | std: 0.5921 | rollout: 10.456s | update: 0.257s | total: 10.714s | samples/s: 5974
Iteration 0218 | train reward: 30.16 | best: 30.62 | KL: 1.045e-05 | std: 0.5922 | rollout: 10.197s | update: 0.225s | total: 10.422s | samples/s: 6141
Iteration 0219 | train reward: 30.13 | best: 30.62 | KL: 6.792e-06 | std: 0.5921 | rollout: 10.578s | update: 0.279s | total: 10.857s | samples/s: 5895
Iteration 0220 | train reward: 29.89 | best: 30.62 | KL: 8.042e-06 | std: 0.5924 | rollout: 10.684s | update: 0.230s | total: 10.914s | samples/s: 5864
Iteration 0221 | train reward: 30.15 | best: 30.62 | KL: 5.503e-06 | std: 0.5922 | rollout: 10.659s | update: 0.187s | total: 10.846s | samples/s: 5901
Iteration 0222 | train reward: 30.35 | best: 30.62 | KL: 1.456e-05 | std: 0.5924 | rollout: 10.434s | update: 0.161s | total: 10.595s | samples/s: 6041
Iteration 0223 | train reward: 30.36 | best: 30.62 | KL: 1.423e-05 | std: 0.5922 | rollout: 10.752s | update: 0.353s | total: 11.105s | samples/s: 5763
Iteration 0224 | train reward: 30.38 | best: 30.62 | KL: 1.029e-05 | std: 0.5921 | rollout: 11.203s | update: 0.386s | total: 11.588s | samples/s: 5523
Iteration 0225 | train reward: 29.98 | best: 30.62 | KL: 1.233e-05 | std: 0.5921 | rollout: 11.065s | update: 0.330s | total: 11.396s | samples/s: 5616
Iteration 0226 | train reward: 29.91 | best: 30.62 | KL: 1.100e-05 | std: 0.5921 | rollout: 11.349s | update: 0.228s | total: 11.577s | samples/s: 5528
Iteration 0227 | train reward: 30.45 | best: 30.62 | KL: 1.513e-05 | std: 0.5921 | rollout: 10.544s | update: 0.157s | total: 10.701s | samples/s: 5980
Iteration 0228 | train reward: 30.22 | best: 30.62 | KL: 1.125e-05 | std: 0.5915 | rollout: 10.659s | update: 0.258s | total: 10.917s | samples/s: 5862
Iteration 0229 | train reward: 30.09 | best: 30.62 | KL: 1.432e-05 | std: 0.5915 | rollout: 10.501s | update: 0.136s | total: 10.637s | samples/s: 6017
Iteration 0230 | train reward: 30.22 | best: 30.62 | KL: 1.434e-05 | std: 0.5915 | rollout: 10.352s | update: 0.465s | total: 10.818s | samples/s: 5916
Iteration 0231 | train reward: 30.31 | best: 30.62 | KL: 9.546e-06 | std: 0.5914 | rollout: 10.828s | update: 0.285s | total: 11.113s | samples/s: 5759
Iteration 0232 | train reward: 30.17 | best: 30.62 | KL: 1.066e-05 | std: 0.5912 | rollout: 10.473s | update: 0.169s | total: 10.642s | samples/s: 6014
Iteration 0233 | train reward: 30.05 | best: 30.62 | KL: 9.463e-06 | std: 0.5914 | rollout: 10.671s | update: 0.228s | total: 10.899s | samples/s: 5872
Iteration 0234 | train reward: 30.30 | best: 30.62 | KL: 1.609e-05 | std: 0.5914 | rollout: 10.682s | update: 0.207s | total: 10.889s | samples/s: 5877
Iteration 0235 | train reward: 30.59 | best: 30.62 | KL: 2.229e-05 | std: 0.5912 | rollout: 10.452s | update: 0.174s | total: 10.627s | samples/s: 6023
Iteration 0236 | train reward: 30.41 | best: 30.62 | KL: 1.062e-05 | std: 0.5911 | rollout: 10.515s | update: 0.308s | total: 10.823s | samples/s: 5914
Iteration 0237 | train reward: 30.10 | best: 30.62 | KL: 1.424e-05 | std: 0.5903 | rollout: 10.690s | update: 0.144s | total: 10.834s | samples/s: 5907
Iteration 0238 | train reward: 30.61 | best: 30.62 | KL: 1.107e-05 | std: 0.5902 | rollout: 10.547s | update: 0.199s | total: 10.746s | samples/s: 5956
Iteration 0239 | train reward: 30.64 | best: 30.64 | KL: 1.838e-05 | std: 0.5902 | rollout: 10.958s | update: 0.155s | total: 11.113s | samples/s: 5759
Iteration 0240 | train reward: 30.41 | best: 30.64 | KL: 1.421e-05 | std: 0.5902 | rollout: 10.751s | update: 0.142s | total: 10.894s | samples/s: 5875
Iteration 0241 | train reward: 30.33 | best: 30.64 | KL: 8.595e-06 | std: 0.5902 | rollout: 10.678s | update: 0.157s | total: 10.835s | samples/s: 5907
Iteration 0242 | train reward: 30.34 | best: 30.64 | KL: 1.163e-05 | std: 0.5902 | rollout: 10.674s | update: 0.132s | total: 10.806s | samples/s: 5923
Iteration 0243 | train reward: 30.18 | best: 30.64 | KL: 1.443e-05 | std: 0.5902 | rollout: 10.166s | update: 0.132s | total: 10.297s | samples/s: 6215
Iteration 0244 | train reward: 30.61 | best: 30.64 | KL: 1.342e-05 | std: 0.5902 | rollout: 10.444s | update: 0.217s | total: 10.661s | samples/s: 6003
Iteration 0245 | train reward: 30.29 | best: 30.64 | KL: 1.162e-05 | std: 0.5902 | rollout: 10.573s | update: 0.168s | total: 10.742s | samples/s: 5958
Iteration 0246 | train reward: 30.28 | best: 30.64 | KL: 1.309e-05 | std: 0.5902 | rollout: 12.185s | update: 0.283s | total: 12.468s | samples/s: 5133
Iteration 0247 | train reward: 30.53 | best: 30.64 | KL: 1.524e-05 | std: 0.5899 | rollout: 13.671s | update: 0.735s | total: 14.406s | samples/s: 4443
Iteration 0248 | train reward: 30.28 | best: 30.64 | KL: 1.193e-05 | std: 0.5899 | rollout: 11.422s | update: 0.229s | total: 11.652s | samples/s: 5493
Iteration 0249 | train reward: 30.36 | best: 30.64 | KL: 1.205e-05 | std: 0.5899 | rollout: 11.749s | update: 0.621s | total: 12.370s | samples/s: 5174
Iteration 0250 | train reward: 30.30 | best: 30.64 | KL: 6.107e-06 | std: 0.5899 | rollout: 11.800s | update: 0.330s | total: 12.129s | samples/s: 5277
Iteration 0251 | train reward: 30.67 | best: 30.67 | KL: 1.174e-05 | std: 0.5899 | rollout: 10.917s | update: 0.241s | total: 11.158s | samples/s: 5736
Iteration 0252 | train reward: 30.29 | best: 30.67 | KL: 2.484e-05 | std: 0.5899 | rollout: 11.023s | update: 0.784s | total: 11.806s | samples/s: 5421
Iteration 0253 | train reward: 30.54 | best: 30.67 | KL: 8.559e-06 | std: 0.5899 | rollout: 11.179s | update: 0.642s | total: 11.820s | samples/s: 5414
Iteration 0254 | train reward: 30.59 | best: 30.67 | KL: 2.025e-05 | std: 0.5899 | rollout: 11.104s | update: 0.319s | total: 11.422s | samples/s: 5603
Iteration 0255 | train reward: 30.51 | best: 30.67 | KL: 1.301e-05 | std: 0.5899 | rollout: 10.687s | update: 0.382s | total: 11.069s | samples/s: 5782
Iteration 0256 | train reward: 30.44 | best: 30.67 | KL: 1.238e-05 | std: 0.5899 | rollout: 10.721s | update: 0.379s | total: 11.101s | samples/s: 5765
Iteration 0257 | train reward: 30.54 | best: 30.67 | KL: 7.821e-06 | std: 0.5899 | rollout: 10.725s | update: 0.460s | total: 11.184s | samples/s: 5722
Iteration 0258 | train reward: 30.42 | best: 30.67 | KL: 1.508e-05 | std: 0.5898 | rollout: 10.643s | update: 0.280s | total: 10.922s | samples/s: 5860
Iteration 0259 | train reward: 30.72 | best: 30.72 | KL: 7.387e-06 | std: 0.5898 | rollout: 10.621s | update: 0.380s | total: 11.001s | samples/s: 5818
Iteration 0260 | train reward: 30.73 | best: 30.73 | KL: 1.065e-05 | std: 0.5899 | rollout: 10.623s | update: 0.367s | total: 10.990s | samples/s: 5823
Iteration 0261 | train reward: 30.47 | best: 30.73 | KL: 9.201e-06 | std: 0.5899 | rollout: 10.639s | update: 0.286s | total: 10.925s | samples/s: 5858
Iteration 0262 | train reward: 30.70 | best: 30.73 | KL: 9.221e-06 | std: 0.5899 | rollout: 10.559s | update: 0.447s | total: 11.005s | samples/s: 5815
Iteration 0263 | train reward: 30.71 | best: 30.73 | KL: 1.410e-05 | std: 0.5898 | rollout: 10.515s | update: 0.342s | total: 10.857s | samples/s: 5895
Iteration 0264 | train reward: 30.80 | best: 30.80 | KL: 1.045e-05 | std: 0.5898 | rollout: 10.624s | update: 0.258s | total: 10.882s | samples/s: 5881
Iteration 0265 | train reward: 30.66 | best: 30.80 | KL: 1.204e-05 | std: 0.5898 | rollout: 10.543s | update: 0.629s | total: 11.172s | samples/s: 5729
Iteration 0266 | train reward: 30.58 | best: 30.80 | KL: 1.036e-05 | std: 0.5898 | rollout: 10.675s | update: 0.412s | total: 11.087s | samples/s: 5772
Iteration 0267 | train reward: 30.88 | best: 30.88 | KL: 8.618e-06 | std: 0.5898 | rollout: 11.474s | update: 0.333s | total: 11.808s | samples/s: 5420
Iteration 0268 | train reward: 30.99 | best: 30.99 | KL: 8.721e-06 | std: 0.5898 | rollout: 10.904s | update: 0.220s | total: 11.124s | samples/s: 5753
Iteration 0269 | train reward: 31.06 | best: 31.06 | KL: 1.541e-05 | std: 0.5898 | rollout: 10.907s | update: 0.521s | total: 11.429s | samples/s: 5600
Iteration 0270 | train reward: 30.41 | best: 31.06 | KL: 1.633e-05 | std: 0.5898 | rollout: 10.359s | update: 0.159s | total: 10.518s | samples/s: 6085
Iteration 0271 | train reward: 30.59 | best: 31.06 | KL: 2.254e-05 | std: 0.5898 | rollout: 10.736s | update: 0.163s | total: 10.899s | samples/s: 5872
Iteration 0272 | train reward: 30.80 | best: 31.06 | KL: 1.370e-05 | std: 0.5898 | rollout: 10.593s | update: 0.185s | total: 10.779s | samples/s: 5938
Iteration 0273 | train reward: 30.71 | best: 31.06 | KL: 1.188e-05 | std: 0.5898 | rollout: 10.390s | update: 0.163s | total: 10.553s | samples/s: 6065
Iteration 0274 | train reward: 30.86 | best: 31.06 | KL: 1.460e-05 | std: 0.5898 | rollout: 10.760s | update: 0.272s | total: 11.033s | samples/s: 5801
Iteration 0275 | train reward: 30.79 | best: 31.06 | KL: 1.557e-05 | std: 0.5898 | rollout: 10.605s | update: 0.182s | total: 10.787s | samples/s: 5933
Iteration 0276 | train reward: 30.81 | best: 31.06 | KL: 1.630e-05 | std: 0.5895 | rollout: 11.686s | update: 0.399s | total: 12.085s | samples/s: 5296
Iteration 0277 | train reward: 30.84 | best: 31.06 | KL: 1.127e-05 | std: 0.5895 | rollout: 11.137s | update: 0.477s | total: 11.614s | samples/s: 5511
Iteration 0278 | train reward: 30.76 | best: 31.06 | KL: 1.252e-05 | std: 0.5895 | rollout: 11.497s | update: 0.485s | total: 11.982s | samples/s: 5341
Iteration 0279 | train reward: 30.99 | best: 31.06 | KL: 1.511e-05 | std: 0.5895 | rollout: 10.961s | update: 0.369s | total: 11.330s | samples/s: 5649
Iteration 0280 | train reward: 30.91 | best: 31.06 | KL: 8.602e-06 | std: 0.5894 | rollout: 11.333s | update: 0.446s | total: 11.779s | samples/s: 5433
Iteration 0281 | train reward: 30.73 | best: 31.06 | KL: 1.948e-05 | std: 0.5894 | rollout: 10.711s | update: 0.210s | total: 10.921s | samples/s: 5860
Iteration 0282 | train reward: 30.70 | best: 31.06 | KL: 7.157e-06 | std: 0.5894 | rollout: 10.448s | update: 0.186s | total: 10.634s | samples/s: 6019
Iteration 0283 | train reward: 30.93 | best: 31.06 | KL: 6.653e-06 | std: 0.5894 | rollout: 10.425s | update: 0.220s | total: 10.645s | samples/s: 6012
Iteration 0284 | train reward: 31.10 | best: 31.10 | KL: 8.558e-06 | std: 0.5894 | rollout: 11.291s | update: 0.811s | total: 12.102s | samples/s: 5288
Iteration 0285 | train reward: 30.70 | best: 31.10 | KL: 7.606e-06 | std: 0.5894 | rollout: 11.604s | update: 0.348s | total: 11.952s | samples/s: 5355
Iteration 0286 | train reward: 30.66 | best: 31.10 | KL: 1.068e-05 | std: 0.5894 | rollout: 10.223s | update: 0.217s | total: 10.440s | samples/s: 6130
Iteration 0287 | train reward: 30.75 | best: 31.10 | KL: 4.942e-05 | std: 0.5886 | rollout: 10.804s | update: 0.166s | total: 10.969s | samples/s: 5834
Iteration 0288 | train reward: 30.38 | best: 31.10 | KL: 1.848e-05 | std: 0.5885 | rollout: 10.554s | update: 0.186s | total: 10.740s | samples/s: 5959
Iteration 0289 | train reward: 30.96 | best: 31.10 | KL: 1.793e-05 | std: 0.5885 | rollout: 10.662s | update: 0.146s | total: 10.809s | samples/s: 5921
Iteration 0290 | train reward: 30.91 | best: 31.10 | KL: 1.504e-05 | std: 0.5885 | rollout: 10.665s | update: 0.351s | total: 11.016s | samples/s: 5810
Iteration 0291 | train reward: 30.98 | best: 31.10 | KL: 1.495e-05 | std: 0.5882 | rollout: 10.753s | update: 0.428s | total: 11.181s | samples/s: 5724
Iteration 0292 | train reward: 31.35 | best: 31.35 | KL: 9.461e-06 | std: 0.5882 | rollout: 10.852s | update: 0.285s | total: 11.137s | samples/s: 5747
Iteration 0293 | train reward: 31.11 | best: 31.35 | KL: 1.433e-05 | std: 0.5882 | rollout: 10.632s | update: 0.323s | total: 10.955s | samples/s: 5842
Iteration 0294 | train reward: 30.83 | best: 31.35 | KL: 2.138e-05 | std: 0.5881 | rollout: 10.481s | update: 0.398s | total: 10.878s | samples/s: 5883
Iteration 0295 | train reward: 31.13 | best: 31.35 | KL: 1.484e-05 | std: 0.5876 | rollout: 10.589s | update: 0.138s | total: 10.727s | samples/s: 5966
Iteration 0296 | train reward: 30.85 | best: 31.35 | KL: 1.204e-05 | std: 0.5876 | rollout: 10.611s | update: 0.155s | total: 10.766s | samples/s: 5945
Iteration 0297 | train reward: 31.03 | best: 31.35 | KL: 1.208e-05 | std: 0.5876 | rollout: 10.576s | update: 0.188s | total: 10.764s | samples/s: 5946
Iteration 0298 | train reward: 30.85 | best: 31.35 | KL: 2.065e-05 | std: 0.5873 | rollout: 10.783s | update: 0.275s | total: 11.057s | samples/s: 5788
Iteration 0299 | train reward: 30.97 | best: 31.35 | KL: 1.329e-05 | std: 0.5873 | rollout: 10.638s | update: 0.298s | total: 10.936s | samples/s: 5852
Iteration 0300 | train reward: 31.13 | best: 31.35 | KL: 1.495e-05 | std: 0.5873 | rollout: 10.615s | update: 0.180s | total: 10.795s | samples/s: 5929
Iteration 0301 | train reward: 31.05 | best: 31.35 | KL: 1.639e-05 | std: 0.5873 | rollout: 10.722s | update: 0.200s | total: 10.922s | samples/s: 5860
Iteration 0302 | train reward: 31.45 | best: 31.45 | KL: 1.117e-05 | std: 0.5872 | rollout: 10.734s | update: 0.293s | total: 11.027s | samples/s: 5804
Iteration 0303 | train reward: 31.00 | best: 31.45 | KL: 1.903e-05 | std: 0.5872 | rollout: 10.603s | update: 0.174s | total: 10.777s | samples/s: 5939
Iteration 0304 | train reward: 31.20 | best: 31.45 | KL: 1.056e-05 | std: 0.5872 | rollout: 10.954s | update: 0.301s | total: 11.255s | samples/s: 5686
Iteration 0305 | train reward: 30.80 | best: 31.45 | KL: 1.443e-05 | std: 0.5872 | rollout: 10.925s | update: 0.179s | total: 11.104s | samples/s: 5763
Iteration 0306 | train reward: 31.12 | best: 31.45 | KL: 1.222e-05 | std: 0.5864 | rollout: 11.122s | update: 0.592s | total: 11.714s | samples/s: 5464
Iteration 0307 | train reward: 31.12 | best: 31.45 | KL: 1.543e-05 | std: 0.5864 | rollout: 11.502s | update: 0.214s | total: 11.716s | samples/s: 5463
Iteration 0308 | train reward: 31.04 | best: 31.45 | KL: 1.399e-05 | std: 0.5864 | rollout: 10.321s | update: 0.408s | total: 10.728s | samples/s: 5965
Iteration 0309 | train reward: 31.11 | best: 31.45 | KL: 1.887e-05 | std: 0.5864 | rollout: 10.576s | update: 0.167s | total: 10.743s | samples/s: 5957
Iteration 0310 | train reward: 31.08 | best: 31.45 | KL: 1.833e-05 | std: 0.5863 | rollout: 10.427s | update: 0.145s | total: 10.573s | samples/s: 6053
Iteration 0311 | train reward: 30.91 | best: 31.45 | KL: 3.257e-05 | std: 0.5863 | rollout: 10.963s | update: 0.198s | total: 11.161s | samples/s: 5734
Iteration 0312 | train reward: 31.19 | best: 31.45 | KL: 2.449e-05 | std: 0.5863 | rollout: 10.575s | update: 0.162s | total: 10.737s | samples/s: 5961
Iteration 0313 | train reward: 31.14 | best: 31.45 | KL: 1.676e-05 | std: 0.5863 | rollout: 10.497s | update: 0.195s | total: 10.692s | samples/s: 5986
Iteration 0314 | train reward: 31.40 | best: 31.45 | KL: 1.410e-05 | std: 0.5860 | rollout: 10.673s | update: 0.158s | total: 10.831s | samples/s: 5909
Iteration 0315 | train reward: 31.16 | best: 31.45 | KL: 1.241e-05 | std: 0.5859 | rollout: 10.813s | update: 0.448s | total: 11.262s | samples/s: 5683
Iteration 0316 | train reward: 31.19 | best: 31.45 | KL: 1.076e-05 | std: 0.5859 | rollout: 10.731s | update: 0.188s | total: 10.919s | samples/s: 5861
Iteration 0317 | train reward: 31.18 | best: 31.45 | KL: 1.420e-05 | std: 0.5859 | rollout: 10.901s | update: 0.226s | total: 11.127s | samples/s: 5752
Iteration 0318 | train reward: 31.01 | best: 31.45 | KL: 2.543e-05 | std: 0.5859 | rollout: 10.679s | update: 0.157s | total: 10.836s | samples/s: 5906
Iteration 0319 | train reward: 31.22 | best: 31.45 | KL: 8.393e-06 | std: 0.5859 | rollout: 10.446s | update: 0.228s | total: 10.674s | samples/s: 5996
Iteration 0320 | train reward: 30.90 | best: 31.45 | KL: 1.127e-05 | std: 0.5859 | rollout: 10.638s | update: 0.295s | total: 10.933s | samples/s: 5854
Iteration 0321 | train reward: 30.97 | best: 31.45 | KL: 1.219e-05 | std: 0.5859 | rollout: 10.792s | update: 0.373s | total: 11.165s | samples/s: 5732
Iteration 0322 | train reward: 31.22 | best: 31.45 | KL: 1.673e-05 | std: 0.5859 | rollout: 10.823s | update: 0.318s | total: 11.142s | samples/s: 5744
Iteration 0323 | train reward: 31.28 | best: 31.45 | KL: 1.462e-05 | std: 0.5859 | rollout: 10.765s | update: 0.210s | total: 10.975s | samples/s: 5831
Iteration 0324 | train reward: 31.08 | best: 31.45 | KL: 2.476e-05 | std: 0.5859 | rollout: 10.629s | update: 0.160s | total: 10.789s | samples/s: 5932
Iteration 0325 | train reward: 31.55 | best: 31.55 | KL: 2.366e-05 | std: 0.5858 | rollout: 10.758s | update: 0.286s | total: 11.044s | samples/s: 5795
Iteration 0326 | train reward: 31.24 | best: 31.55 | KL: 1.775e-05 | std: 0.5856 | rollout: 10.672s | update: 0.175s | total: 10.847s | samples/s: 5900
Iteration 0327 | train reward: 31.52 | best: 31.55 | KL: 1.687e-05 | std: 0.5856 | rollout: 10.706s | update: 0.214s | total: 10.920s | samples/s: 5861
Iteration 0328 | train reward: 31.11 | best: 31.55 | KL: 1.024e-05 | std: 0.5856 | rollout: 10.373s | update: 0.377s | total: 10.750s | samples/s: 5954
Iteration 0329 | train reward: 31.31 | best: 31.55 | KL: 1.535e-05 | std: 0.5855 | rollout: 10.582s | update: 0.259s | total: 10.841s | samples/s: 5903
Iteration 0330 | train reward: 30.87 | best: 31.55 | KL: 2.087e-05 | std: 0.5855 | rollout: 10.471s | update: 0.198s | total: 10.669s | samples/s: 5999
Iteration 0331 | train reward: 30.98 | best: 31.55 | KL: 3.459e-05 | std: 0.5855 | rollout: 10.650s | update: 0.191s | total: 10.841s | samples/s: 5904
Iteration 0332 | train reward: 31.51 | best: 31.55 | KL: 2.076e-05 | std: 0.5846 | rollout: 10.336s | update: 0.276s | total: 10.612s | samples/s: 6031
Iteration 0333 | train reward: 31.33 | best: 31.55 | KL: 1.699e-05 | std: 0.5847 | rollout: 10.724s | update: 0.140s | total: 10.864s | samples/s: 5891
Iteration 0334 | train reward: 31.12 | best: 31.55 | KL: 1.443e-05 | std: 0.5847 | rollout: 10.951s | update: 0.362s | total: 11.313s | samples/s: 5657
Iteration 0335 | train reward: 31.36 | best: 31.55 | KL: 1.394e-05 | std: 0.5846 | rollout: 11.090s | update: 0.144s | total: 11.235s | samples/s: 5697
Iteration 0336 | train reward: 31.22 | best: 31.55 | KL: 2.075e-05 | std: 0.5846 | rollout: 10.656s | update: 0.339s | total: 10.996s | samples/s: 5821
Iteration 0337 | train reward: 31.38 | best: 31.55 | KL: 2.056e-05 | std: 0.5846 | rollout: 10.486s | update: 0.147s | total: 10.633s | samples/s: 6019
Iteration 0338 | train reward: 31.23 | best: 31.55 | KL: 1.835e-05 | std: 0.5845 | rollout: 10.626s | update: 0.228s | total: 10.854s | samples/s: 5896
Iteration 0339 | train reward: 31.45 | best: 31.55 | KL: 1.141e-05 | std: 0.5845 | rollout: 10.559s | update: 0.180s | total: 10.739s | samples/s: 5960
Iteration 0340 | train reward: 31.05 | best: 31.55 | KL: 1.059e-05 | std: 0.5843 | rollout: 10.549s | update: 0.270s | total: 10.819s | samples/s: 5916
Iteration 0341 | train reward: 30.98 | best: 31.55 | KL: 1.285e-05 | std: 0.5843 | rollout: 10.687s | update: 0.181s | total: 10.868s | samples/s: 5889
Iteration 0342 | train reward: 31.40 | best: 31.55 | KL: 2.643e-05 | std: 0.5843 | rollout: 10.546s | update: 0.371s | total: 10.917s | samples/s: 5862
Iteration 0343 | train reward: 31.39 | best: 31.55 | KL: 1.986e-05 | std: 0.5842 | rollout: 10.601s | update: 0.346s | total: 10.947s | samples/s: 5846
Iteration 0344 | train reward: 31.58 | best: 31.58 | KL: 9.469e-06 | std: 0.5842 | rollout: 10.566s | update: 0.313s | total: 10.880s | samples/s: 5883
Iteration 0345 | train reward: 31.11 | best: 31.58 | KL: 1.343e-05 | std: 0.5842 | rollout: 10.617s | update: 0.146s | total: 10.763s | samples/s: 5946
Iteration 0346 | train reward: 31.30 | best: 31.58 | KL: 1.400e-05 | std: 0.5837 | rollout: 10.634s | update: 0.184s | total: 10.818s | samples/s: 5916
Iteration 0347 | train reward: 31.44 | best: 31.58 | KL: 2.297e-05 | std: 0.5842 | rollout: 10.313s | update: 0.174s | total: 10.487s | samples/s: 6103
Iteration 0348 | train reward: 31.66 | best: 31.66 | KL: 2.027e-05 | std: 0.5842 | rollout: 10.569s | update: 0.288s | total: 10.856s | samples/s: 5895
Iteration 0349 | train reward: 31.50 | best: 31.66 | KL: 2.357e-05 | std: 0.5842 | rollout: 10.768s | update: 0.155s | total: 10.923s | samples/s: 5859
Iteration 0350 | train reward: 31.48 | best: 31.66 | KL: 2.211e-05 | std: 0.5843 | rollout: 10.528s | update: 0.168s | total: 10.696s | samples/s: 5984
Iteration 0351 | train reward: 31.53 | best: 31.66 | KL: 7.435e-06 | std: 0.5843 | rollout: 10.603s | update: 0.227s | total: 10.830s | samples/s: 5909
Iteration 0352 | train reward: 31.55 | best: 31.66 | KL: 2.657e-05 | std: 0.5842 | rollout: 10.688s | update: 0.196s | total: 10.884s | samples/s: 5880
Iteration 0353 | train reward: 31.39 | best: 31.66 | KL: 1.446e-05 | std: 0.5842 | rollout: 10.722s | update: 0.306s | total: 11.027s | samples/s: 5804
Iteration 0354 | train reward: 31.30 | best: 31.66 | KL: 2.163e-05 | std: 0.5837 | rollout: 10.649s | update: 0.354s | total: 11.003s | samples/s: 5817
Iteration 0355 | train reward: 31.43 | best: 31.66 | KL: 3.151e-05 | std: 0.5837 | rollout: 10.804s | update: 0.333s | total: 11.137s | samples/s: 5747
Iteration 0356 | train reward: 31.50 | best: 31.66 | KL: 1.283e-05 | std: 0.5837 | rollout: 10.550s | update: 0.146s | total: 10.695s | samples/s: 5984
Iteration 0357 | train reward: 31.50 | best: 31.66 | KL: 1.975e-05 | std: 0.5837 | rollout: 10.522s | update: 0.189s | total: 10.710s | samples/s: 5976
Iteration 0358 | train reward: 31.29 | best: 31.66 | KL: 2.890e-05 | std: 0.5837 | rollout: 10.539s | update: 0.139s | total: 10.678s | samples/s: 5994
Iteration 0359 | train reward: 31.15 | best: 31.66 | KL: 1.811e-05 | std: 0.5837 | rollout: 10.769s | update: 0.303s | total: 11.072s | samples/s: 5780
Iteration 0360 | train reward: 31.16 | best: 31.66 | KL: 1.774e-05 | std: 0.5837 | rollout: 11.180s | update: 0.320s | total: 11.499s | samples/s: 5566
Iteration 0361 | train reward: 31.11 | best: 31.66 | KL: 2.410e-05 | std: 0.5836 | rollout: 11.202s | update: 0.358s | total: 11.560s | samples/s: 5536
Iteration 0362 | train reward: 31.64 | best: 31.66 | KL: 1.742e-05 | std: 0.5834 | rollout: 11.620s | update: 0.193s | total: 11.814s | samples/s: 5417
Iteration 0363 | train reward: 31.51 | best: 31.66 | KL: 1.483e-05 | std: 0.5834 | rollout: 11.137s | update: 0.202s | total: 11.340s | samples/s: 5644
Iteration 0364 | train reward: 31.52 | best: 31.66 | KL: 1.499e-05 | std: 0.5833 | rollout: 10.866s | update: 0.170s | total: 11.036s | samples/s: 5799
Iteration 0365 | train reward: 31.37 | best: 31.66 | KL: 1.388e-05 | std: 0.5825 | rollout: 10.598s | update: 0.172s | total: 10.770s | samples/s: 5942
Iteration 0366 | train reward: 31.62 | best: 31.66 | KL: 1.609e-05 | std: 0.5824 | rollout: 12.884s | update: 0.483s | total: 13.367s | samples/s: 4788
Iteration 0367 | train reward: 31.73 | best: 31.73 | KL: 1.872e-05 | std: 0.5824 | rollout: 12.764s | update: 0.526s | total: 13.290s | samples/s: 4816
Iteration 0368 | train reward: 31.56 | best: 31.73 | KL: 1.391e-05 | std: 0.5824 | rollout: 11.517s | update: 0.158s | total: 11.675s | samples/s: 5482
Iteration 0369 | train reward: 31.50 | best: 31.73 | KL: 1.267e-05 | std: 0.5821 | rollout: 11.641s | update: 0.417s | total: 12.058s | samples/s: 5308
Iteration 0370 | train reward: 31.75 | best: 31.75 | KL: 1.675e-05 | std: 0.5821 | rollout: 11.667s | update: 0.235s | total: 11.903s | samples/s: 5377
Iteration 0371 | train reward: 31.75 | best: 31.75 | KL: 1.966e-05 | std: 0.5821 | rollout: 11.155s | update: 0.173s | total: 11.328s | samples/s: 5649
Iteration 0372 | train reward: 31.63 | best: 31.75 | KL: 9.980e-06 | std: 0.5821 | rollout: 10.988s | update: 0.186s | total: 11.174s | samples/s: 5728
Iteration 0373 | train reward: 31.77 | best: 31.77 | KL: 1.445e-05 | std: 0.5821 | rollout: 10.656s | update: 0.262s | total: 10.918s | samples/s: 5862
Iteration 0374 | train reward: 31.79 | best: 31.79 | KL: 1.185e-05 | std: 0.5820 | rollout: 10.449s | update: 0.259s | total: 10.709s | samples/s: 5976
Iteration 0375 | train reward: 31.94 | best: 31.94 | KL: 8.677e-06 | std: 0.5820 | rollout: 10.521s | update: 0.148s | total: 10.669s | samples/s: 5998
Iteration 0376 | train reward: 31.51 | best: 31.94 | KL: 7.707e-06 | std: 0.5820 | rollout: 10.762s | update: 0.137s | total: 10.899s | samples/s: 5872
Iteration 0377 | train reward: 31.74 | best: 31.94 | KL: 1.872e-05 | std: 0.5820 | rollout: 10.476s | update: 0.181s | total: 10.657s | samples/s: 6005
Iteration 0378 | train reward: 31.93 | best: 31.94 | KL: 2.220e-05 | std: 0.5820 | rollout: 10.254s | update: 0.241s | total: 10.495s | samples/s: 6098
Iteration 0379 | train reward: 32.15 | best: 32.15 | KL: 1.915e-05 | std: 0.5819 | rollout: 10.277s | update: 0.209s | total: 10.486s | samples/s: 6104
Iteration 0380 | train reward: 32.03 | best: 32.15 | KL: 7.013e-06 | std: 0.5819 | rollout: 10.558s | update: 0.211s | total: 10.768s | samples/s: 5943
Iteration 0381 | train reward: 31.90 | best: 32.15 | KL: 1.537e-05 | std: 0.5820 | rollout: 10.423s | update: 0.260s | total: 10.683s | samples/s: 5991
Iteration 0382 | train reward: 32.06 | best: 32.15 | KL: 8.356e-06 | std: 0.5820 | rollout: 10.557s | update: 0.346s | total: 10.903s | samples/s: 5870
Iteration 0383 | train reward: 31.70 | best: 32.15 | KL: 1.635e-05 | std: 0.5819 | rollout: 10.755s | update: 0.153s | total: 10.908s | samples/s: 5867
Iteration 0384 | train reward: 31.88 | best: 32.15 | KL: 1.297e-05 | std: 0.5817 | rollout: 10.597s | update: 0.138s | total: 10.735s | samples/s: 5962
Iteration 0385 | train reward: 31.64 | best: 32.15 | KL: 1.572e-05 | std: 0.5816 | rollout: 10.887s | update: 0.220s | total: 11.107s | samples/s: 5762
Iteration 0386 | train reward: 31.92 | best: 32.15 | KL: 1.385e-05 | std: 0.5807 | rollout: 11.195s | update: 0.239s | total: 11.435s | samples/s: 5597
Iteration 0387 | train reward: 31.91 | best: 32.15 | KL: 1.444e-05 | std: 0.5807 | rollout: 11.334s | update: 0.420s | total: 11.754s | samples/s: 5445
Iteration 0388 | train reward: 31.89 | best: 32.15 | KL: 1.537e-05 | std: 0.5807 | rollout: 11.130s | update: 0.261s | total: 11.391s | samples/s: 5618
Iteration 0389 | train reward: 31.64 | best: 32.15 | KL: 1.794e-05 | std: 0.5807 | rollout: 11.306s | update: 0.453s | total: 11.759s | samples/s: 5443
Iteration 0390 | train reward: 31.72 | best: 32.15 | KL: 1.342e-05 | std: 0.5807 | rollout: 10.683s | update: 0.359s | total: 11.042s | samples/s: 5796
Iteration 0391 | train reward: 32.04 | best: 32.15 | KL: 1.399e-05 | std: 0.5806 | rollout: 10.466s | update: 0.153s | total: 10.619s | samples/s: 6027
Iteration 0392 | train reward: 32.17 | best: 32.17 | KL: 2.836e-05 | std: 0.5803 | rollout: 10.939s | update: 0.256s | total: 11.195s | samples/s: 5717
Iteration 0393 | train reward: 31.88 | best: 32.17 | KL: 1.823e-05 | std: 0.5803 | rollout: 10.466s | update: 0.449s | total: 10.915s | samples/s: 5864
Iteration 0394 | train reward: 32.08 | best: 32.17 | KL: 1.938e-05 | std: 0.5803 | rollout: 10.640s | update: 0.408s | total: 11.048s | samples/s: 5793
Iteration 0395 | train reward: 32.01 | best: 32.17 | KL: 1.434e-05 | std: 0.5803 | rollout: 10.826s | update: 0.452s | total: 11.278s | samples/s: 5675
Iteration 0396 | train reward: 31.93 | best: 32.17 | KL: 1.320e-05 | std: 0.5798 | rollout: 10.559s | update: 0.308s | total: 10.867s | samples/s: 5889
Iteration 0397 | train reward: 32.69 | best: 32.69 | KL: 2.196e-05 | std: 0.5797 | rollout: 10.665s | update: 0.192s | total: 10.857s | samples/s: 5895
Iteration 0398 | train reward: 32.35 | best: 32.69 | KL: 1.805e-05 | std: 0.5797 | rollout: 10.635s | update: 0.187s | total: 10.822s | samples/s: 5914
Iteration 0399 | train reward: 31.96 | best: 32.69 | KL: 1.019e-05 | std: 0.5798 | rollout: 10.435s | update: 0.200s | total: 10.636s | samples/s: 6018
Iteration 0400 | train reward: 31.90 | best: 32.69 | KL: 9.666e-06 | std: 0.5798 | rollout: 10.576s | update: 0.180s | total: 10.755s | samples/s: 5950
Iteration 0401 | train reward: 32.31 | best: 32.69 | KL: 1.913e-05 | std: 0.5797 | rollout: 10.744s | update: 0.182s | total: 10.926s | samples/s: 5858
Iteration 0402 | train reward: 32.15 | best: 32.69 | KL: 1.145e-05 | std: 0.5795 | rollout: 10.876s | update: 0.276s | total: 11.152s | samples/s: 5739
Iteration 0403 | train reward: 32.32 | best: 32.69 | KL: 1.505e-05 | std: 0.5794 | rollout: 10.499s | update: 0.416s | total: 10.915s | samples/s: 5864
Iteration 0404 | train reward: 32.18 | best: 32.69 | KL: 1.318e-05 | std: 0.5794 | rollout: 10.671s | update: 0.153s | total: 10.824s | samples/s: 5913
Iteration 0405 | train reward: 32.09 | best: 32.69 | KL: 2.768e-05 | std: 0.5785 | rollout: 10.717s | update: 0.167s | total: 10.883s | samples/s: 5880
Iteration 0406 | train reward: 32.02 | best: 32.69 | KL: 2.546e-05 | std: 0.5785 | rollout: 10.551s | update: 0.159s | total: 10.710s | samples/s: 5976
Iteration 0407 | train reward: 32.14 | best: 32.69 | KL: 1.630e-05 | std: 0.5785 | rollout: 10.376s | update: 0.180s | total: 10.556s | samples/s: 6063
Iteration 0408 | train reward: 32.21 | best: 32.69 | KL: 8.538e-06 | std: 0.5782 | rollout: 10.351s | update: 0.314s | total: 10.665s | samples/s: 6001
Iteration 0409 | train reward: 32.05 | best: 32.69 | KL: 2.301e-05 | std: 0.5782 | rollout: 10.569s | update: 0.327s | total: 10.896s | samples/s: 5873
Iteration 0410 | train reward: 32.18 | best: 32.69 | KL: 9.327e-06 | std: 0.5782 | rollout: 10.654s | update: 0.277s | total: 10.931s | samples/s: 5855
Iteration 0411 | train reward: 32.04 | best: 32.69 | KL: 1.337e-05 | std: 0.5782 | rollout: 10.511s | update: 0.240s | total: 10.751s | samples/s: 5953
Iteration 0412 | train reward: 31.97 | best: 32.69 | KL: 1.678e-05 | std: 0.5782 | rollout: 10.753s | update: 0.164s | total: 10.917s | samples/s: 5862
Iteration 0413 | train reward: 32.31 | best: 32.69 | KL: 2.574e-05 | std: 0.5782 | rollout: 11.098s | update: 0.162s | total: 11.259s | samples/s: 5684
Iteration 0414 | train reward: 32.36 | best: 32.69 | KL: 2.520e-05 | std: 0.5782 | rollout: 11.475s | update: 0.257s | total: 11.732s | samples/s: 5455
Iteration 0415 | train reward: 32.33 | best: 32.69 | KL: 2.401e-05 | std: 0.5782 | rollout: 11.878s | update: 0.320s | total: 12.198s | samples/s: 5247
Iteration 0416 | train reward: 31.85 | best: 32.69 | KL: 1.417e-05 | std: 0.5782 | rollout: 11.825s | update: 0.491s | total: 12.317s | samples/s: 5196
Iteration 0417 | train reward: 32.33 | best: 32.69 | KL: 1.791e-05 | std: 0.5782 | rollout: 12.121s | update: 0.166s | total: 12.287s | samples/s: 5209
Iteration 0418 | train reward: 31.94 | best: 32.69 | KL: 2.364e-05 | std: 0.5782 | rollout: 10.405s | update: 0.268s | total: 10.672s | samples/s: 5997
Iteration 0419 | train reward: 32.55 | best: 32.69 | KL: 2.914e-05 | std: 0.5781 | rollout: 10.513s | update: 0.568s | total: 11.082s | samples/s: 5775
Iteration 0420 | train reward: 32.36 | best: 32.69 | KL: 6.516e-06 | std: 0.5781 | rollout: 10.564s | update: 0.418s | total: 10.983s | samples/s: 5827
Iteration 0421 | train reward: 32.06 | best: 32.69 | KL: 3.260e-05 | std: 0.5781 | rollout: 10.561s | update: 0.137s | total: 10.698s | samples/s: 5983
Iteration 0422 | train reward: 32.21 | best: 32.69 | KL: 1.190e-05 | std: 0.5780 | rollout: 10.522s | update: 0.361s | total: 10.883s | samples/s: 5881
Iteration 0423 | train reward: 32.07 | best: 32.69 | KL: 1.371e-05 | std: 0.5780 | rollout: 10.550s | update: 0.164s | total: 10.714s | samples/s: 5974
Iteration 0424 | train reward: 32.41 | best: 32.69 | KL: 1.872e-05 | std: 0.5781 | rollout: 10.380s | update: 0.486s | total: 10.866s | samples/s: 5890
Iteration 0425 | train reward: 32.54 | best: 32.69 | KL: 1.901e-05 | std: 0.5780 | rollout: 10.656s | update: 0.169s | total: 10.825s | samples/s: 5912
Iteration 0426 | train reward: 32.35 | best: 32.69 | KL: 1.278e-05 | std: 0.5780 | rollout: 10.489s | update: 0.150s | total: 10.638s | samples/s: 6016
Iteration 0427 | train reward: 31.94 | best: 32.69 | KL: 1.555e-05 | std: 0.5780 | rollout: 10.703s | update: 0.401s | total: 11.104s | samples/s: 5764
Iteration 0428 | train reward: 32.27 | best: 32.69 | KL: 1.719e-05 | std: 0.5778 | rollout: 10.076s | update: 0.292s | total: 10.367s | samples/s: 6173
Iteration 0429 | train reward: 32.40 | best: 32.69 | KL: 3.474e-05 | std: 0.5778 | rollout: 10.619s | update: 0.324s | total: 10.943s | samples/s: 5848
Iteration 0430 | train reward: 32.22 | best: 32.69 | KL: 1.684e-05 | std: 0.5777 | rollout: 10.572s | update: 0.236s | total: 10.808s | samples/s: 5921
Iteration 0431 | train reward: 32.25 | best: 32.69 | KL: 1.234e-05 | std: 0.5778 | rollout: 10.384s | update: 0.171s | total: 10.555s | samples/s: 6064
Iteration 0432 | train reward: 32.38 | best: 32.69 | KL: 1.112e-05 | std: 0.5778 | rollout: 10.332s | update: 0.155s | total: 10.487s | samples/s: 6103
Iteration 0433 | train reward: 31.93 | best: 32.69 | KL: 1.373e-05 | std: 0.5778 | rollout: 10.478s | update: 0.499s | total: 10.977s | samples/s: 5830
Iteration 0434 | train reward: 32.38 | best: 32.69 | KL: 1.422e-05 | std: 0.5777 | rollout: 10.618s | update: 0.199s | total: 10.817s | samples/s: 5917
Iteration 0435 | train reward: 32.12 | best: 32.69 | KL: 8.957e-06 | std: 0.5777 | rollout: 10.401s | update: 0.559s | total: 10.960s | samples/s: 5839
Iteration 0436 | train reward: 32.53 | best: 32.69 | KL: 1.470e-05 | std: 0.5768 | rollout: 10.826s | update: 0.194s | total: 11.020s | samples/s: 5808
Iteration 0437 | train reward: 32.52 | best: 32.69 | KL: 9.486e-06 | std: 0.5768 | rollout: 10.532s | update: 0.161s | total: 10.693s | samples/s: 5985
Iteration 0438 | train reward: 32.33 | best: 32.69 | KL: 1.964e-05 | std: 0.5767 | rollout: 10.367s | update: 0.454s | total: 10.821s | samples/s: 5914
Iteration 0439 | train reward: 32.40 | best: 32.69 | KL: 2.369e-05 | std: 0.5765 | rollout: 10.551s | update: 0.336s | total: 10.887s | samples/s: 5879
Iteration 0440 | train reward: 32.55 | best: 32.69 | KL: 1.529e-05 | std: 0.5765 | rollout: 10.451s | update: 0.536s | total: 10.987s | samples/s: 5825
Iteration 0441 | train reward: 32.44 | best: 32.69 | KL: 2.197e-05 | std: 0.5765 | rollout: 11.726s | update: 0.241s | total: 11.967s | samples/s: 5348
Iteration 0442 | train reward: 32.62 | best: 32.69 | KL: 1.687e-05 | std: 0.5767 | rollout: 11.369s | update: 0.236s | total: 11.606s | samples/s: 5515
Iteration 0443 | train reward: 32.43 | best: 32.69 | KL: 1.379e-05 | std: 0.5765 | rollout: 11.073s | update: 0.316s | total: 11.388s | samples/s: 5620
Iteration 0444 | train reward: 32.38 | best: 32.69 | KL: 2.298e-05 | std: 0.5765 | rollout: 11.140s | update: 0.324s | total: 11.464s | samples/s: 5583
Iteration 0445 | train reward: 32.58 | best: 32.69 | KL: 1.361e-05 | std: 0.5765 | rollout: 10.451s | update: 0.181s | total: 10.632s | samples/s: 6020
Iteration 0446 | train reward: 32.59 | best: 32.69 | KL: 2.798e-05 | std: 0.5764 | rollout: 10.431s | update: 0.152s | total: 10.583s | samples/s: 6048
Iteration 0447 | train reward: 32.59 | best: 32.69 | KL: 1.478e-05 | std: 0.5764 | rollout: 11.884s | update: 0.470s | total: 12.355s | samples/s: 5180
Iteration 0448 | train reward: 32.64 | best: 32.69 | KL: 1.222e-05 | std: 0.5764 | rollout: 11.954s | update: 0.148s | total: 12.102s | samples/s: 5288
Iteration 0449 | train reward: 32.73 | best: 32.73 | KL: 2.441e-05 | std: 0.5764 | rollout: 10.669s | update: 0.157s | total: 10.825s | samples/s: 5912
Iteration 0450 | train reward: 32.53 | best: 32.73 | KL: 1.830e-05 | std: 0.5759 | rollout: 10.807s | update: 0.216s | total: 11.023s | samples/s: 5806
Iteration 0451 | train reward: 32.74 | best: 32.74 | KL: 3.335e-05 | std: 0.5758 | rollout: 10.688s | update: 0.223s | total: 10.911s | samples/s: 5866
Iteration 0452 | train reward: 32.45 | best: 32.74 | KL: 1.143e-05 | std: 0.5756 | rollout: 10.386s | update: 0.162s | total: 10.549s | samples/s: 6067
Iteration 0453 | train reward: 32.79 | best: 32.79 | KL: 1.078e-05 | std: 0.5755 | rollout: 10.614s | update: 0.159s | total: 10.774s | samples/s: 5940
Iteration 0454 | train reward: 32.87 | best: 32.87 | KL: 1.684e-05 | std: 0.5755 | rollout: 10.527s | update: 0.364s | total: 10.890s | samples/s: 5877
Iteration 0455 | train reward: 32.52 | best: 32.87 | KL: 1.897e-05 | std: 0.5746 | rollout: 10.529s | update: 0.173s | total: 10.702s | samples/s: 5980
Iteration 0456 | train reward: 32.64 | best: 32.87 | KL: 2.857e-05 | std: 0.5746 | rollout: 10.874s | update: 0.296s | total: 11.170s | samples/s: 5730
Iteration 0457 | train reward: 32.68 | best: 32.87 | KL: 1.448e-05 | std: 0.5746 | rollout: 10.545s | update: 0.196s | total: 10.741s | samples/s: 5959
Iteration 0458 | train reward: 32.50 | best: 32.87 | KL: 1.432e-05 | std: 0.5746 | rollout: 10.655s | update: 0.167s | total: 10.822s | samples/s: 5914
Iteration 0459 | train reward: 32.83 | best: 32.87 | KL: 2.406e-05 | std: 0.5746 | rollout: 11.188s | update: 0.216s | total: 11.405s | samples/s: 5612
Iteration 0460 | train reward: 32.55 | best: 32.87 | KL: 2.233e-05 | std: 0.5746 | rollout: 10.843s | update: 0.231s | total: 11.074s | samples/s: 5779
Iteration 0461 | train reward: 32.59 | best: 32.87 | KL: 1.537e-05 | std: 0.5745 | rollout: 10.504s | update: 0.196s | total: 10.700s | samples/s: 5981
Iteration 0462 | train reward: 32.98 | best: 32.98 | KL: 1.492e-05 | std: 0.5745 | rollout: 10.514s | update: 0.174s | total: 10.687s | samples/s: 5988
Iteration 0463 | train reward: 32.74 | best: 32.98 | KL: 2.114e-05 | std: 0.5743 | rollout: 10.260s | update: 0.156s | total: 10.416s | samples/s: 6145
Iteration 0464 | train reward: 32.65 | best: 32.98 | KL: 1.877e-05 | std: 0.5745 | rollout: 10.580s | update: 0.156s | total: 10.737s | samples/s: 5961
Iteration 0465 | train reward: 32.93 | best: 32.98 | KL: 1.790e-05 | std: 0.5743 | rollout: 10.652s | update: 0.283s | total: 10.935s | samples/s: 5853
Iteration 0466 | train reward: 32.70 | best: 32.98 | KL: 2.445e-05 | std: 0.5743 | rollout: 10.358s | update: 0.169s | total: 10.528s | samples/s: 6079
Iteration 0467 | train reward: 33.18 | best: 33.18 | KL: 1.572e-05 | std: 0.5742 | rollout: 10.578s | update: 0.226s | total: 10.804s | samples/s: 5924
Iteration 0468 | train reward: 33.06 | best: 33.18 | KL: 3.648e-05 | std: 0.5742 | rollout: 10.554s | update: 0.208s | total: 10.763s | samples/s: 5946
Iteration 0469 | train reward: 32.78 | best: 33.18 | KL: 1.351e-05 | std: 0.5742 | rollout: 10.864s | update: 0.360s | total: 11.224s | samples/s: 5702
Iteration 0470 | train reward: 32.88 | best: 33.18 | KL: 2.182e-05 | std: 0.5742 | rollout: 10.929s | update: 0.243s | total: 11.172s | samples/s: 5729
Iteration 0471 | train reward: 32.61 | best: 33.18 | KL: 2.363e-05 | std: 0.5741 | rollout: 10.969s | update: 0.167s | total: 11.136s | samples/s: 5747
Iteration 0472 | train reward: 33.03 | best: 33.18 | KL: 2.670e-05 | std: 0.5739 | rollout: 10.706s | update: 0.162s | total: 10.868s | samples/s: 5889
Iteration 0473 | train reward: 32.97 | best: 33.18 | KL: 3.846e-05 | std: 0.5739 | rollout: 10.897s | update: 0.319s | total: 11.216s | samples/s: 5706
Iteration 0474 | train reward: 32.90 | best: 33.18 | KL: 2.122e-05 | std: 0.5739 | rollout: 10.507s | update: 0.198s | total: 10.704s | samples/s: 5979
Iteration 0475 | train reward: 33.18 | best: 33.18 | KL: 2.654e-05 | std: 0.5738 | rollout: 10.571s | update: 0.158s | total: 10.729s | samples/s: 5965
Iteration 0476 | train reward: 32.83 | best: 33.18 | KL: 1.985e-05 | std: 0.5729 | rollout: 10.369s | update: 0.163s | total: 10.532s | samples/s: 6077
Iteration 0477 | train reward: 32.93 | best: 33.18 | KL: 3.262e-05 | std: 0.5728 | rollout: 10.236s | update: 0.285s | total: 10.521s | samples/s: 6083
Iteration 0478 | train reward: 32.99 | best: 33.18 | KL: 1.325e-05 | std: 0.5729 | rollout: 10.610s | update: 0.137s | total: 10.747s | samples/s: 5955
Iteration 0479 | train reward: 33.05 | best: 33.18 | KL: 2.229e-05 | std: 0.5729 | rollout: 10.402s | update: 0.158s | total: 10.559s | samples/s: 6061
Iteration 0480 | train reward: 33.10 | best: 33.18 | KL: 1.294e-05 | std: 0.5729 | rollout: 10.341s | update: 0.241s | total: 10.582s | samples/s: 6048
Iteration 0481 | train reward: 33.09 | best: 33.18 | KL: 2.331e-05 | std: 0.5726 | rollout: 10.406s | update: 0.154s | total: 10.560s | samples/s: 6061
Iteration 0482 | train reward: 32.90 | best: 33.18 | KL: 2.206e-05 | std: 0.5726 | rollout: 10.622s | update: 0.173s | total: 10.795s | samples/s: 5928
Iteration 0483 | train reward: 32.89 | best: 33.18 | KL: 1.929e-05 | std: 0.5726 | rollout: 10.513s | update: 0.185s | total: 10.698s | samples/s: 5982
Iteration 0484 | train reward: 33.34 | best: 33.34 | KL: 2.148e-05 | std: 0.5725 | rollout: 10.521s | update: 0.303s | total: 10.824s | samples/s: 5913
Iteration 0485 | train reward: 33.12 | best: 33.34 | KL: 1.936e-05 | std: 0.5725 | rollout: 10.560s | update: 0.232s | total: 10.791s | samples/s: 5931
Iteration 0486 | train reward: 33.19 | best: 33.34 | KL: 1.415e-05 | std: 0.5725 | rollout: 10.639s | update: 0.468s | total: 11.107s | samples/s: 5762
Iteration 0487 | train reward: 33.11 | best: 33.34 | KL: 1.635e-05 | std: 0.5721 | rollout: 10.779s | update: 0.360s | total: 11.139s | samples/s: 5746
Iteration 0488 | train reward: 33.12 | best: 33.34 | KL: 3.307e-05 | std: 0.5720 | rollout: 10.443s | update: 0.188s | total: 10.631s | samples/s: 6020
Iteration 0489 | train reward: 33.14 | best: 33.34 | KL: 2.104e-05 | std: 0.5721 | rollout: 10.634s | update: 0.153s | total: 10.787s | samples/s: 5933
Iteration 0490 | train reward: 33.27 | best: 33.34 | KL: 2.003e-05 | std: 0.5720 | rollout: 10.341s | update: 0.204s | total: 10.545s | samples/s: 6070
Iteration 0491 | train reward: 33.44 | best: 33.44 | KL: 2.369e-05 | std: 0.5720 | rollout: 10.632s | update: 0.272s | total: 10.903s | samples/s: 5870
Iteration 0492 | train reward: 33.35 | best: 33.44 | KL: 1.445e-05 | std: 0.5720 | rollout: 10.725s | update: 0.457s | total: 11.182s | samples/s: 5723
Iteration 0493 | train reward: 33.32 | best: 33.44 | KL: 1.028e-05 | std: 0.5720 | rollout: 10.527s | update: 0.141s | total: 10.668s | samples/s: 5999
Iteration 0494 | train reward: 33.41 | best: 33.44 | KL: 1.129e-05 | std: 0.5720 | rollout: 10.337s | update: 0.145s | total: 10.481s | samples/s: 6106
Iteration 0495 | train reward: 33.25 | best: 33.44 | KL: 2.825e-05 | std: 0.5717 | rollout: 10.723s | update: 0.315s | total: 11.038s | samples/s: 5798
Iteration 0496 | train reward: 33.51 | best: 33.51 | KL: 2.389e-05 | std: 0.5716 | rollout: 10.753s | update: 0.269s | total: 11.022s | samples/s: 5807
Iteration 0497 | train reward: 33.30 | best: 33.51 | KL: 2.169e-05 | std: 0.5716 | rollout: 10.401s | update: 0.253s | total: 10.654s | samples/s: 6007
Iteration 0498 | train reward: 33.28 | best: 33.51 | KL: 1.813e-05 | std: 0.5707 | rollout: 10.914s | update: 0.217s | total: 11.131s | samples/s: 5750
Iteration 0499 | train reward: 33.14 | best: 33.51 | KL: 2.318e-05 | std: 0.5707 | rollout: 11.043s | update: 0.180s | total: 11.223s | samples/s: 5703
Iteration 0500 | train reward: 33.47 | best: 33.51 | KL: 1.525e-05 | std: 0.5706 | rollout: 10.653s | update: 0.160s | total: 10.813s | samples/s: 5919
Iteration 0501 | train reward: 33.28 | best: 33.51 | KL: 2.209e-05 | std: 0.5704 | rollout: 10.623s | update: 0.287s | total: 10.910s | samples/s: 5866
Iteration 0502 | train reward: 33.31 | best: 33.51 | KL: 2.836e-05 | std: 0.5704 | rollout: 10.619s | update: 0.667s | total: 11.286s | samples/s: 5671
Iteration 0503 | train reward: 33.27 | best: 33.51 | KL: 1.588e-05 | std: 0.5704 | rollout: 10.626s | update: 0.184s | total: 10.810s | samples/s: 5920
Iteration 0504 | train reward: 33.24 | best: 33.51 | KL: 1.428e-05 | std: 0.5704 | rollout: 10.307s | update: 0.286s | total: 10.593s | samples/s: 6042
Iteration 0505 | train reward: 33.23 | best: 33.51 | KL: 1.927e-05 | std: 0.5703 | rollout: 10.963s | update: 0.172s | total: 11.134s | samples/s: 5748
Iteration 0506 | train reward: 33.25 | best: 33.51 | KL: 2.445e-05 | std: 0.5703 | rollout: 10.669s | update: 0.209s | total: 10.878s | samples/s: 5884
Iteration 0507 | train reward: 33.48 | best: 33.51 | KL: 1.713e-05 | std: 0.5703 | rollout: 10.538s | update: 0.149s | total: 10.687s | samples/s: 5989
Iteration 0508 | train reward: 33.51 | best: 33.51 | KL: 3.801e-05 | std: 0.5703 | rollout: 10.518s | update: 0.166s | total: 10.684s | samples/s: 5990
Iteration 0509 | train reward: 33.46 | best: 33.51 | KL: 3.940e-05 | std: 0.5703 | rollout: 10.456s | update: 0.205s | total: 10.661s | samples/s: 6003
Iteration 0510 | train reward: 33.63 | best: 33.63 | KL: 1.843e-05 | std: 0.5703 | rollout: 10.695s | update: 0.209s | total: 10.904s | samples/s: 5870
Iteration 0511 | train reward: 33.47 | best: 33.63 | KL: 1.805e-05 | std: 0.5703 | rollout: 10.759s | update: 0.171s | total: 10.930s | samples/s: 5856
Iteration 0512 | train reward: 33.68 | best: 33.68 | KL: 1.831e-05 | std: 0.5702 | rollout: 10.581s | update: 0.160s | total: 10.741s | samples/s: 5959
Iteration 0513 | train reward: 33.11 | best: 33.68 | KL: 3.840e-05 | std: 0.5702 | rollout: 10.648s | update: 0.254s | total: 10.902s | samples/s: 5871
Iteration 0514 | train reward: 33.62 | best: 33.68 | KL: 1.661e-05 | std: 0.5700 | rollout: 10.635s | update: 0.279s | total: 10.915s | samples/s: 5864
Iteration 0515 | train reward: 33.19 | best: 33.68 | KL: 1.583e-05 | std: 0.5699 | rollout: 11.462s | update: 0.282s | total: 11.744s | samples/s: 5450
Iteration 0516 | train reward: 33.55 | best: 33.68 | KL: 2.090e-05 | std: 0.5699 | rollout: 10.989s | update: 0.136s | total: 11.125s | samples/s: 5753
Iteration 0517 | train reward: 33.52 | best: 33.68 | KL: 4.021e-05 | std: 0.5699 | rollout: 10.598s | update: 0.230s | total: 10.828s | samples/s: 5910
Iteration 0518 | train reward: 33.96 | best: 33.96 | KL: 1.671e-05 | std: 0.5699 | rollout: 10.986s | update: 0.163s | total: 11.148s | samples/s: 5741
Iteration 0519 | train reward: 33.74 | best: 33.96 | KL: 1.891e-05 | std: 0.5689 | rollout: 10.643s | update: 0.185s | total: 10.827s | samples/s: 5911
Iteration 0520 | train reward: 33.42 | best: 33.96 | KL: 2.064e-05 | std: 0.5689 | rollout: 10.611s | update: 0.364s | total: 10.975s | samples/s: 5831
Iteration 0521 | train reward: 33.73 | best: 33.96 | KL: 2.761e-05 | std: 0.5689 | rollout: 10.780s | update: 0.527s | total: 11.307s | samples/s: 5660
Iteration 0522 | train reward: 33.95 | best: 33.96 | KL: 2.600e-05 | std: 0.5689 | rollout: 10.583s | update: 0.212s | total: 10.796s | samples/s: 5928
Iteration 0523 | train reward: 33.78 | best: 33.96 | KL: 3.690e-05 | std: 0.5689 | rollout: 10.716s | update: 0.173s | total: 10.889s | samples/s: 5877
Iteration 0524 | train reward: 33.75 | best: 33.96 | KL: 2.163e-05 | std: 0.5689 | rollout: 11.130s | update: 0.317s | total: 11.447s | samples/s: 5591
Iteration 0525 | train reward: 33.94 | best: 33.96 | KL: 3.291e-05 | std: 0.5687 | rollout: 10.643s | update: 0.334s | total: 10.976s | samples/s: 5831
Iteration 0526 | train reward: 33.57 | best: 33.96 | KL: 1.268e-05 | std: 0.5687 | rollout: 11.633s | update: 0.216s | total: 11.850s | samples/s: 5401
Iteration 0527 | train reward: 33.68 | best: 33.96 | KL: 3.398e-05 | std: 0.5686 | rollout: 10.424s | update: 0.275s | total: 10.699s | samples/s: 5982
Iteration 0528 | train reward: 33.75 | best: 33.96 | KL: 2.363e-05 | std: 0.5686 | rollout: 11.056s | update: 0.158s | total: 11.214s | samples/s: 5707
Iteration 0529 | train reward: 33.83 | best: 33.96 | KL: 1.908e-05 | std: 0.5686 | rollout: 12.574s | update: 0.422s | total: 12.995s | samples/s: 4925
Iteration 0530 | train reward: 33.94 | best: 33.96 | KL: 2.178e-05 | std: 0.5686 | rollout: 13.705s | update: 0.567s | total: 14.272s | samples/s: 4484
Iteration 0531 | train reward: 33.68 | best: 33.96 | KL: 1.271e-05 | std: 0.5682 | rollout: 12.382s | update: 0.630s | total: 13.012s | samples/s: 4918
Iteration 0532 | train reward: 33.70 | best: 33.96 | KL: 1.852e-05 | std: 0.5686 | rollout: 11.809s | update: 0.288s | total: 12.098s | samples/s: 5290
Iteration 0533 | train reward: 33.84 | best: 33.96 | KL: 1.868e-05 | std: 0.5686 | rollout: 11.107s | update: 0.222s | total: 11.328s | samples/s: 5650
Iteration 0534 | train reward: 33.84 | best: 33.96 | KL: 1.952e-05 | std: 0.5681 | rollout: 11.214s | update: 0.425s | total: 11.639s | samples/s: 5499
Iteration 0535 | train reward: 33.92 | best: 33.96 | KL: 3.595e-05 | std: 0.5681 | rollout: 11.282s | update: 0.240s | total: 11.523s | samples/s: 5554
Iteration 0536 | train reward: 33.93 | best: 33.96 | KL: 1.688e-05 | std: 0.5681 | rollout: 10.369s | update: 0.141s | total: 10.510s | samples/s: 6089
Iteration 0537 | train reward: 34.23 | best: 34.23 | KL: 1.581e-05 | std: 0.5678 | rollout: 10.260s | update: 0.277s | total: 10.537s | samples/s: 6074
Iteration 0538 | train reward: 33.99 | best: 34.23 | KL: 2.978e-05 | std: 0.5678 | rollout: 10.626s | update: 0.197s | total: 10.823s | samples/s: 5913
Iteration 0539 | train reward: 34.07 | best: 34.23 | KL: 2.281e-05 | std: 0.5678 | rollout: 10.319s | update: 0.326s | total: 10.645s | samples/s: 6012
Iteration 0540 | train reward: 33.80 | best: 34.23 | KL: 2.660e-05 | std: 0.5677 | rollout: 10.754s | update: 0.201s | total: 10.955s | samples/s: 5842
Iteration 0541 | train reward: 34.14 | best: 34.23 | KL: 1.726e-05 | std: 0.5668 | rollout: 10.688s | update: 0.225s | total: 10.913s | samples/s: 5865
Iteration 0542 | train reward: 34.50 | best: 34.50 | KL: 2.337e-05 | std: 0.5668 | rollout: 10.567s | update: 0.300s | total: 10.867s | samples/s: 5889
Iteration 0543 | train reward: 34.10 | best: 34.50 | KL: 2.136e-05 | std: 0.5668 | rollout: 10.736s | update: 0.346s | total: 11.082s | samples/s: 5775
Iteration 0544 | train reward: 34.36 | best: 34.50 | KL: 1.019e-05 | std: 0.5667 | rollout: 10.515s | update: 0.140s | total: 10.655s | samples/s: 6006
Iteration 0545 | train reward: 34.03 | best: 34.50 | KL: 2.631e-05 | std: 0.5665 | rollout: 10.429s | update: 0.156s | total: 10.585s | samples/s: 6046
Iteration 0546 | train reward: 34.00 | best: 34.50 | KL: 2.450e-05 | std: 0.5667 | rollout: 10.948s | update: 0.385s | total: 11.334s | samples/s: 5647
Iteration 0547 | train reward: 34.27 | best: 34.50 | KL: 2.627e-05 | std: 0.5665 | rollout: 10.854s | update: 0.182s | total: 11.036s | samples/s: 5799
Iteration 0548 | train reward: 34.05 | best: 34.50 | KL: 3.334e-05 | std: 0.5664 | rollout: 11.123s | update: 0.349s | total: 11.472s | samples/s: 5579
Iteration 0549 | train reward: 34.39 | best: 34.50 | KL: 2.365e-05 | std: 0.5664 | rollout: 11.133s | update: 0.246s | total: 11.379s | samples/s: 5624
Iteration 0550 | train reward: 34.48 | best: 34.50 | KL: 2.365e-05 | std: 0.5664 | rollout: 10.916s | update: 0.393s | total: 11.309s | samples/s: 5659
Iteration 0551 | train reward: 34.18 | best: 34.50 | KL: 2.355e-05 | std: 0.5664 | rollout: 10.584s | update: 0.209s | total: 10.793s | samples/s: 5930
Iteration 0552 | train reward: 34.14 | best: 34.50 | KL: 3.030e-05 | std: 0.5664 | rollout: 10.633s | update: 0.159s | total: 10.792s | samples/s: 5930
Iteration 0553 | train reward: 34.19 | best: 34.50 | KL: 2.984e-05 | std: 0.5664 | rollout: 11.178s | update: 0.213s | total: 11.391s | samples/s: 5618
Iteration 0554 | train reward: 34.27 | best: 34.50 | KL: 2.293e-05 | std: 0.5663 | rollout: 10.411s | update: 0.144s | total: 10.555s | samples/s: 6063
Iteration 0555 | train reward: 34.12 | best: 34.50 | KL: 2.123e-05 | std: 0.5661 | rollout: 10.665s | update: 0.171s | total: 10.836s | samples/s: 5906
Iteration 0556 | train reward: 34.56 | best: 34.56 | KL: 1.945e-05 | std: 0.5660 | rollout: 10.650s | update: 0.353s | total: 11.003s | samples/s: 5817
Iteration 0557 | train reward: 34.46 | best: 34.56 | KL: 2.273e-05 | std: 0.5661 | rollout: 10.456s | update: 0.418s | total: 10.874s | samples/s: 5886
Iteration 0558 | train reward: 34.12 | best: 34.56 | KL: 4.753e-05 | std: 0.5651 | rollout: 10.467s | update: 0.165s | total: 10.632s | samples/s: 6020
Iteration 0559 | train reward: 34.47 | best: 34.56 | KL: 2.270e-05 | std: 0.5651 | rollout: 10.386s | update: 0.176s | total: 10.563s | samples/s: 6059
Iteration 0560 | train reward: 34.54 | best: 34.56 | KL: 2.570e-05 | std: 0.5651 | rollout: 11.011s | update: 0.292s | total: 11.304s | samples/s: 5662
Iteration 0561 | train reward: 34.40 | best: 34.56 | KL: 1.974e-05 | std: 0.5651 | rollout: 10.436s | update: 0.241s | total: 10.677s | samples/s: 5994
Iteration 0562 | train reward: 34.26 | best: 34.56 | KL: 3.036e-05 | std: 0.5651 | rollout: 10.841s | update: 0.342s | total: 11.183s | samples/s: 5723
Iteration 0563 | train reward: 34.58 | best: 34.58 | KL: 2.279e-05 | std: 0.5651 | rollout: 10.380s | update: 0.243s | total: 10.623s | samples/s: 6024
Iteration 0564 | train reward: 34.09 | best: 34.58 | KL: 1.828e-05 | std: 0.5650 | rollout: 10.696s | update: 0.448s | total: 11.144s | samples/s: 5743
Iteration 0565 | train reward: 34.33 | best: 34.58 | KL: 2.956e-05 | std: 0.5650 | rollout: 11.022s | update: 0.182s | total: 11.204s | samples/s: 5712
Iteration 0566 | train reward: 34.39 | best: 34.58 | KL: 2.983e-05 | std: 0.5650 | rollout: 11.018s | update: 0.172s | total: 11.190s | samples/s: 5719
Iteration 0567 | train reward: 34.68 | best: 34.68 | KL: 1.529e-05 | std: 0.5650 | rollout: 11.116s | update: 0.207s | total: 11.322s | samples/s: 5652
Iteration 0568 | train reward: 34.60 | best: 34.68 | KL: 2.191e-05 | std: 0.5647 | rollout: 10.970s | update: 0.185s | total: 11.155s | samples/s: 5738
Iteration 0569 | train reward: 34.47 | best: 34.68 | KL: 2.330e-05 | std: 0.5647 | rollout: 10.764s | update: 0.202s | total: 10.967s | samples/s: 5836
Iteration 0570 | train reward: 34.58 | best: 34.68 | KL: 3.679e-05 | std: 0.5643 | rollout: 10.739s | update: 0.186s | total: 10.925s | samples/s: 5858
Iteration 0571 | train reward: 34.56 | best: 34.68 | KL: 2.041e-05 | std: 0.5643 | rollout: 11.181s | update: 0.182s | total: 11.363s | samples/s: 5632
Iteration 0572 | train reward: 34.46 | best: 34.68 | KL: 2.345e-05 | std: 0.5642 | rollout: 11.428s | update: 0.154s | total: 11.582s | samples/s: 5526
Iteration 0573 | train reward: 34.43 | best: 34.68 | KL: 2.199e-05 | std: 0.5642 | rollout: 12.467s | update: 0.818s | total: 13.285s | samples/s: 4817
Iteration 0574 | train reward: 34.51 | best: 34.68 | KL: 2.104e-05 | std: 0.5642 | rollout: 11.072s | update: 0.584s | total: 11.656s | samples/s: 5491
Iteration 0575 | train reward: 34.58 | best: 34.68 | KL: 2.550e-05 | std: 0.5643 | rollout: 10.946s | update: 0.394s | total: 11.340s | samples/s: 5644
Iteration 0576 | train reward: 34.88 | best: 34.88 | KL: 2.798e-05 | std: 0.5643 | rollout: 10.601s | update: 0.250s | total: 10.850s | samples/s: 5898
Iteration 0577 | train reward: 34.73 | best: 34.88 | KL: 1.610e-05 | std: 0.5643 | rollout: 10.869s | update: 0.336s | total: 11.205s | samples/s: 5712
Iteration 0578 | train reward: 34.67 | best: 34.88 | KL: 3.208e-05 | std: 0.5643 | rollout: 10.704s | update: 0.187s | total: 10.890s | samples/s: 5877
Iteration 0579 | train reward: 34.86 | best: 34.88 | KL: 1.926e-05 | std: 0.5642 | rollout: 10.898s | update: 0.552s | total: 11.450s | samples/s: 5589
Iteration 0580 | train reward: 34.50 | best: 34.88 | KL: 1.828e-05 | std: 0.5642 | rollout: 11.076s | update: 0.264s | total: 11.340s | samples/s: 5644
Iteration 0581 | train reward: 34.67 | best: 34.88 | KL: 3.821e-05 | std: 0.5639 | rollout: 10.588s | update: 0.435s | total: 11.022s | samples/s: 5806
Iteration 0582 | train reward: 34.60 | best: 34.88 | KL: 2.047e-05 | std: 0.5639 | rollout: 10.624s | update: 0.363s | total: 10.987s | samples/s: 5825
Iteration 0583 | train reward: 34.57 | best: 34.88 | KL: 1.834e-05 | std: 0.5639 | rollout: 10.572s | update: 0.215s | total: 10.788s | samples/s: 5933
Iteration 0584 | train reward: 34.60 | best: 34.88 | KL: 2.060e-05 | std: 0.5639 | rollout: 10.508s | update: 0.148s | total: 10.656s | samples/s: 6006
Iteration 0585 | train reward: 34.59 | best: 34.88 | KL: 3.966e-05 | std: 0.5639 | rollout: 10.259s | update: 0.145s | total: 10.404s | samples/s: 6152
Iteration 0586 | train reward: 34.79 | best: 34.88 | KL: 2.076e-05 | std: 0.5639 | rollout: 10.368s | update: 0.156s | total: 10.524s | samples/s: 6081
Iteration 0587 | train reward: 34.63 | best: 34.88 | KL: 2.989e-05 | std: 0.5638 | rollout: 10.724s | update: 0.202s | total: 10.927s | samples/s: 5857
Iteration 0588 | train reward: 34.68 | best: 34.88 | KL: 2.280e-05 | std: 0.5639 | rollout: 10.672s | update: 0.371s | total: 11.043s | samples/s: 5796
Iteration 0589 | train reward: 34.67 | best: 34.88 | KL: 2.408e-05 | std: 0.5639 | rollout: 10.778s | update: 0.206s | total: 10.984s | samples/s: 5827
Iteration 0590 | train reward: 34.86 | best: 34.88 | KL: 2.844e-05 | std: 0.5638 | rollout: 10.386s | update: 0.154s | total: 10.540s | samples/s: 6072
Iteration 0591 | train reward: 34.90 | best: 34.90 | KL: 2.073e-05 | std: 0.5629 | rollout: 10.592s | update: 0.189s | total: 10.781s | samples/s: 5936
Iteration 0592 | train reward: 34.70 | best: 34.90 | KL: 1.295e-05 | std: 0.5629 | rollout: 10.499s | update: 0.203s | total: 10.702s | samples/s: 5980
Iteration 0593 | train reward: 34.91 | best: 34.91 | KL: 1.450e-05 | std: 0.5628 | rollout: 10.256s | update: 0.203s | total: 10.459s | samples/s: 6119
Iteration 0594 | train reward: 34.98 | best: 34.98 | KL: 2.149e-05 | std: 0.5629 | rollout: 10.294s | update: 0.216s | total: 10.510s | samples/s: 6090
Iteration 0595 | train reward: 34.66 | best: 34.98 | KL: 1.736e-05 | std: 0.5629 | rollout: 10.596s | update: 0.165s | total: 10.761s | samples/s: 5947
Iteration 0596 | train reward: 34.76 | best: 34.98 | KL: 2.871e-05 | std: 0.5628 | rollout: 10.550s | update: 0.211s | total: 10.761s | samples/s: 5947
Iteration 0597 | train reward: 34.77 | best: 34.98 | KL: 2.346e-05 | std: 0.5629 | rollout: 10.295s | update: 0.548s | total: 10.843s | samples/s: 5903
Iteration 0598 | train reward: 34.63 | best: 34.98 | KL: 1.528e-05 | std: 0.5629 | rollout: 10.538s | update: 0.461s | total: 10.999s | samples/s: 5819
Iteration 0599 | train reward: 34.79 | best: 34.98 | KL: 2.412e-05 | std: 0.5629 | rollout: 11.285s | update: 0.333s | total: 11.618s | samples/s: 5509
Iteration 0600 | train reward: 34.54 | best: 34.98 | KL: 1.688e-05 | std: 0.5629 | rollout: 10.957s | update: 0.275s | total: 11.232s | samples/s: 5698
Iteration 0601 | train reward: 34.52 | best: 34.98 | KL: 7.580e-06 | std: 0.5629 | rollout: 10.703s | update: 0.190s | total: 10.893s | samples/s: 5875
Iteration 0602 | train reward: 34.74 | best: 34.98 | KL: 3.564e-05 | std: 0.5629 | rollout: 10.468s | update: 0.145s | total: 10.613s | samples/s: 6030
Iteration 0603 | train reward: 34.77 | best: 34.98 | KL: 1.900e-05 | std: 0.5626 | rollout: 10.752s | update: 0.271s | total: 11.023s | samples/s: 5806
Iteration 0604 | train reward: 34.68 | best: 34.98 | KL: 1.820e-05 | std: 0.5626 | rollout: 10.681s | update: 0.142s | total: 10.823s | samples/s: 5913
Iteration 0605 | train reward: 34.91 | best: 34.98 | KL: 2.525e-05 | std: 0.5625 | rollout: 10.777s | update: 0.474s | total: 11.250s | samples/s: 5689
Iteration 0606 | train reward: 34.62 | best: 34.98 | KL: 2.983e-05 | std: 0.5625 | rollout: 10.495s | update: 0.155s | total: 10.650s | samples/s: 6009
Iteration 0607 | train reward: 34.82 | best: 34.98 | KL: 1.963e-05 | std: 0.5625 | rollout: 11.244s | update: 0.568s | total: 11.813s | samples/s: 5418
Iteration 0608 | train reward: 34.71 | best: 34.98 | KL: 2.989e-05 | std: 0.5624 | rollout: 10.597s | update: 0.302s | total: 10.899s | samples/s: 5872
Iteration 0609 | train reward: 34.72 | best: 34.98 | KL: 1.400e-05 | std: 0.5624 | rollout: 10.697s | update: 0.349s | total: 11.046s | samples/s: 5794
Iteration 0610 | train reward: 34.67 | best: 34.98 | KL: 2.493e-05 | std: 0.5621 | rollout: 11.485s | update: 0.785s | total: 12.270s | samples/s: 5216
Iteration 0611 | train reward: 34.97 | best: 34.98 | KL: 2.036e-05 | std: 0.5621 | rollout: 11.606s | update: 0.153s | total: 11.759s | samples/s: 5443
Iteration 0612 | train reward: 34.89 | best: 34.98 | KL: 2.198e-05 | std: 0.5621 | rollout: 10.739s | update: 0.481s | total: 11.220s | samples/s: 5704
Iteration 0613 | train reward: 34.85 | best: 34.98 | KL: 2.129e-05 | std: 0.5621 | rollout: 10.637s | update: 0.268s | total: 10.905s | samples/s: 5869
Iteration 0614 | train reward: 34.92 | best: 34.98 | KL: 2.125e-05 | std: 0.5621 | rollout: 10.543s | update: 0.182s | total: 10.725s | samples/s: 5968
Iteration 0615 | train reward: 34.74 | best: 34.98 | KL: 2.906e-05 | std: 0.5621 | rollout: 10.824s | update: 0.163s | total: 10.988s | samples/s: 5825
Iteration 0616 | train reward: 35.01 | best: 35.01 | KL: 2.118e-05 | std: 0.5621 | rollout: 11.028s | update: 0.154s | total: 11.182s | samples/s: 5723
Iteration 0617 | train reward: 35.00 | best: 35.01 | KL: 2.963e-05 | std: 0.5612 | rollout: 12.298s | update: 0.616s | total: 12.913s | samples/s: 4956
Iteration 0618 | train reward: 34.87 | best: 35.01 | KL: 1.968e-05 | std: 0.5611 | rollout: 11.168s | update: 0.245s | total: 11.413s | samples/s: 5608
Iteration 0619 | train reward: 34.92 | best: 35.01 | KL: 4.913e-05 | std: 0.5611 | rollout: 10.602s | update: 0.150s | total: 10.752s | samples/s: 5952
Iteration 0620 | train reward: 34.88 | best: 35.01 | KL: 1.887e-05 | std: 0.5611 | rollout: 10.486s | update: 0.157s | total: 10.643s | samples/s: 6013
Iteration 0621 | train reward: 35.06 | best: 35.06 | KL: 2.553e-05 | std: 0.5611 | rollout: 10.949s | update: 0.191s | total: 11.140s | samples/s: 5745
Iteration 0622 | train reward: 35.27 | best: 35.27 | KL: 3.171e-05 | std: 0.5607 | rollout: 10.502s | update: 0.233s | total: 10.735s | samples/s: 5962
Iteration 0623 | train reward: 35.01 | best: 35.27 | KL: 3.048e-05 | std: 0.5607 | rollout: 10.409s | update: 0.153s | total: 10.562s | samples/s: 6059
Iteration 0624 | train reward: 35.23 | best: 35.27 | KL: 1.515e-05 | std: 0.5604 | rollout: 10.626s | update: 0.187s | total: 10.813s | samples/s: 5919
Iteration 0625 | train reward: 35.18 | best: 35.27 | KL: 2.028e-05 | std: 0.5604 | rollout: 10.678s | update: 0.197s | total: 10.875s | samples/s: 5885
Iteration 0626 | train reward: 35.28 | best: 35.28 | KL: 4.611e-05 | std: 0.5604 | rollout: 10.539s | update: 0.246s | total: 10.785s | samples/s: 5934
Iteration 0627 | train reward: 35.01 | best: 35.28 | KL: 2.039e-05 | std: 0.5604 | rollout: 10.821s | update: 0.173s | total: 10.993s | samples/s: 5822
Iteration 0628 | train reward: 35.03 | best: 35.28 | KL: 3.497e-05 | std: 0.5604 | rollout: 10.729s | update: 0.712s | total: 11.441s | samples/s: 5594
Iteration 0629 | train reward: 35.01 | best: 35.28 | KL: 2.693e-05 | std: 0.5603 | rollout: 10.586s | update: 0.250s | total: 10.836s | samples/s: 5906
Iteration 0630 | train reward: 35.19 | best: 35.28 | KL: 2.827e-05 | std: 0.5600 | rollout: 10.412s | update: 0.143s | total: 10.555s | samples/s: 6064
Iteration 0631 | train reward: 35.06 | best: 35.28 | KL: 3.578e-05 | std: 0.5600 | rollout: 11.057s | update: 0.165s | total: 11.222s | samples/s: 5703
Iteration 0632 | train reward: 34.91 | best: 35.28 | KL: 2.958e-05 | std: 0.5590 | rollout: 11.681s | update: 0.267s | total: 11.948s | samples/s: 5357
Iteration 0633 | train reward: 35.19 | best: 35.28 | KL: 2.001e-05 | std: 0.5590 | rollout: 11.030s | update: 0.143s | total: 11.173s | samples/s: 5728
Iteration 0634 | train reward: 34.93 | best: 35.28 | KL: 1.719e-05 | std: 0.5590 | rollout: 11.384s | update: 0.718s | total: 12.102s | samples/s: 5288
Iteration 0635 | train reward: 34.96 | best: 35.28 | KL: 2.515e-05 | std: 0.5590 | rollout: 11.060s | update: 0.216s | total: 11.276s | samples/s: 5676
Iteration 0636 | train reward: 35.04 | best: 35.28 | KL: 3.018e-05 | std: 0.5590 | rollout: 10.508s | update: 0.288s | total: 10.797s | samples/s: 5928
Iteration 0637 | train reward: 35.23 | best: 35.28 | KL: 1.299e-05 | std: 0.5589 | rollout: 10.906s | update: 0.161s | total: 11.067s | samples/s: 5783
Iteration 0638 | train reward: 34.96 | best: 35.28 | KL: 2.234e-05 | std: 0.5589 | rollout: 11.363s | update: 0.254s | total: 11.616s | samples/s: 5510
Iteration 0639 | train reward: 35.11 | best: 35.28 | KL: 2.460e-05 | std: 0.5587 | rollout: 10.992s | update: 0.360s | total: 11.352s | samples/s: 5638
Iteration 0640 | train reward: 34.65 | best: 35.28 | KL: 1.278e-05 | std: 0.5587 | rollout: 11.060s | update: 0.194s | total: 11.254s | samples/s: 5687
Iteration 0641 | train reward: 34.98 | best: 35.28 | KL: 2.579e-05 | std: 0.5586 | rollout: 10.317s | update: 0.162s | total: 10.479s | samples/s: 6108
Iteration 0642 | train reward: 35.28 | best: 35.28 | KL: 8.926e-06 | std: 0.5586 | rollout: 10.777s | update: 0.154s | total: 10.931s | samples/s: 5855
Iteration 0643 | train reward: 34.85 | best: 35.28 | KL: 2.561e-05 | std: 0.5586 | rollout: 10.732s | update: 0.232s | total: 10.964s | samples/s: 5837
Iteration 0644 | train reward: 34.94 | best: 35.28 | KL: 2.453e-05 | std: 0.5585 | rollout: 10.294s | update: 0.176s | total: 10.471s | samples/s: 6112
Iteration 0645 | train reward: 35.29 | best: 35.29 | KL: 2.937e-05 | std: 0.5586 | rollout: 10.375s | update: 0.183s | total: 10.558s | samples/s: 6062
Iteration 0646 | train reward: 35.31 | best: 35.31 | KL: 1.379e-05 | std: 0.5585 | rollout: 10.284s | update: 0.252s | total: 10.536s | samples/s: 6074
Iteration 0647 | train reward: 35.00 | best: 35.31 | KL: 2.281e-05 | std: 0.5586 | rollout: 10.624s | update: 0.272s | total: 10.897s | samples/s: 5873
Iteration 0648 | train reward: 35.19 | best: 35.31 | KL: 3.399e-05 | std: 0.5586 | rollout: 10.564s | update: 0.671s | total: 11.235s | samples/s: 5697
Iteration 0649 | train reward: 35.21 | best: 35.31 | KL: 5.194e-05 | std: 0.5586 | rollout: 10.875s | update: 0.292s | total: 11.167s | samples/s: 5731
Iteration 0650 | train reward: 35.18 | best: 35.31 | KL: 3.196e-05 | std: 0.5585 | rollout: 10.553s | update: 0.324s | total: 10.877s | samples/s: 5884
Iteration 0651 | train reward: 34.95 | best: 35.31 | KL: 1.902e-05 | std: 0.5585 | rollout: 10.485s | update: 0.155s | total: 10.640s | samples/s: 6015
Iteration 0652 | train reward: 35.10 | best: 35.31 | KL: 2.834e-05 | std: 0.5585 | rollout: 10.564s | update: 0.146s | total: 10.710s | samples/s: 5976
Iteration 0653 | train reward: 34.94 | best: 35.31 | KL: 2.448e-05 | std: 0.5583 | rollout: 10.389s | update: 0.181s | total: 10.569s | samples/s: 6055
Iteration 0654 | train reward: 35.19 | best: 35.31 | KL: 2.713e-05 | std: 0.5582 | rollout: 10.633s | update: 0.212s | total: 10.845s | samples/s: 5902
Iteration 0655 | train reward: 35.40 | best: 35.40 | KL: 1.661e-05 | std: 0.5582 | rollout: 10.783s | update: 0.196s | total: 10.979s | samples/s: 5829
Iteration 0656 | train reward: 35.11 | best: 35.40 | KL: 2.899e-05 | std: 0.5582 | rollout: 10.811s | update: 0.261s | total: 11.072s | samples/s: 5780
Iteration 0657 | train reward: 34.92 | best: 35.40 | KL: 1.664e-05 | std: 0.5582 | rollout: 10.458s | update: 0.165s | total: 10.622s | samples/s: 6025
Iteration 0658 | train reward: 35.00 | best: 35.40 | KL: 2.304e-05 | std: 0.5583 | rollout: 10.445s | update: 0.307s | total: 10.753s | samples/s: 5952
Iteration 0659 | train reward: 34.93 | best: 35.40 | KL: 2.357e-05 | std: 0.5582 | rollout: 10.347s | update: 0.214s | total: 10.561s | samples/s: 6060
Iteration 0660 | train reward: 35.10 | best: 35.40 | KL: 3.688e-05 | std: 0.5583 | rollout: 10.470s | update: 0.164s | total: 10.633s | samples/s: 6019
Iteration 0661 | train reward: 35.17 | best: 35.40 | KL: 2.647e-05 | std: 0.5582 | rollout: 10.515s | update: 0.384s | total: 10.899s | samples/s: 5872
Iteration 0662 | train reward: 35.13 | best: 35.40 | KL: 4.676e-05 | std: 0.5572 | rollout: 11.155s | update: 0.208s | total: 11.363s | samples/s: 5632
Iteration 0663 | train reward: 35.16 | best: 35.40 | KL: 3.280e-05 | std: 0.5582 | rollout: 10.395s | update: 0.195s | total: 10.590s | samples/s: 6043
Iteration 0664 | train reward: 35.23 | best: 35.40 | KL: 3.916e-05 | std: 0.5572 | rollout: 10.515s | update: 0.171s | total: 10.687s | samples/s: 5989
Iteration 0665 | train reward: 34.91 | best: 35.40 | KL: 2.710e-05 | std: 0.5572 | rollout: 10.567s | update: 0.214s | total: 10.781s | samples/s: 5937
Iteration 0666 | train reward: 35.18 | best: 35.40 | KL: 1.944e-05 | std: 0.5572 | rollout: 10.737s | update: 0.172s | total: 10.909s | samples/s: 5867
Iteration 0667 | train reward: 35.11 | best: 35.40 | KL: 2.480e-05 | std: 0.5571 | rollout: 10.481s | update: 0.223s | total: 10.703s | samples/s: 5980
Iteration 0668 | train reward: 35.02 | best: 35.40 | KL: 2.421e-05 | std: 0.5569 | rollout: 10.759s | update: 0.246s | total: 11.005s | samples/s: 5816
Iteration 0669 | train reward: 35.37 | best: 35.40 | KL: 1.990e-05 | std: 0.5569 | rollout: 10.768s | update: 0.600s | total: 11.368s | samples/s: 5630
Iteration 0670 | train reward: 35.34 | best: 35.40 | KL: 2.743e-05 | std: 0.5571 | rollout: 10.576s | update: 0.393s | total: 10.969s | samples/s: 5835
Iteration 0671 | train reward: 35.46 | best: 35.46 | KL: 2.239e-05 | std: 0.5568 | rollout: 10.553s | update: 0.269s | total: 10.822s | samples/s: 5914
Iteration 0672 | train reward: 35.35 | best: 35.46 | KL: 2.433e-05 | std: 0.5568 | rollout: 10.583s | update: 0.163s | total: 10.745s | samples/s: 5956
Iteration 0673 | train reward: 35.30 | best: 35.46 | KL: 2.915e-05 | std: 0.5569 | rollout: 10.517s | update: 0.180s | total: 10.697s | samples/s: 5983
Iteration 0674 | train reward: 34.95 | best: 35.46 | KL: 3.012e-05 | std: 0.5569 | rollout: 10.368s | update: 0.201s | total: 10.569s | samples/s: 6056
Iteration 0675 | train reward: 35.30 | best: 35.46 | KL: 2.217e-05 | std: 0.5568 | rollout: 10.594s | update: 0.245s | total: 10.840s | samples/s: 5904
Iteration 0676 | train reward: 35.12 | best: 35.46 | KL: 1.561e-05 | std: 0.5568 | rollout: 11.711s | update: 0.686s | total: 12.397s | samples/s: 5163
Iteration 0677 | train reward: 35.48 | best: 35.48 | KL: 2.566e-05 | std: 0.5568 | rollout: 10.917s | update: 0.240s | total: 11.157s | samples/s: 5737
Iteration 0678 | train reward: 35.34 | best: 35.48 | KL: 2.704e-05 | std: 0.5568 | rollout: 11.233s | update: 0.352s | total: 11.585s | samples/s: 5525
Iteration 0679 | train reward: 35.21 | best: 35.48 | KL: 1.030e-05 | std: 0.5568 | rollout: 10.953s | update: 0.335s | total: 11.288s | samples/s: 5670
Iteration 0680 | train reward: 35.26 | best: 35.48 | KL: 1.883e-05 | std: 0.5565 | rollout: 10.832s | update: 0.357s | total: 11.190s | samples/s: 5720
Iteration 0681 | train reward: 35.27 | best: 35.48 | KL: 1.454e-05 | std: 0.5565 | rollout: 11.204s | update: 0.422s | total: 11.626s | samples/s: 5505
Iteration 0682 | train reward: 35.25 | best: 35.48 | KL: 2.647e-05 | std: 0.5564 | rollout: 10.389s | update: 0.481s | total: 10.870s | samples/s: 5888
Iteration 0683 | train reward: 35.10 | best: 35.48 | KL: 2.613e-05 | std: 0.5564 | rollout: 10.567s | update: 0.157s | total: 10.724s | samples/s: 5968
Iteration 0684 | train reward: 35.28 | best: 35.48 | KL: 2.127e-05 | std: 0.5564 | rollout: 10.624s | update: 0.336s | total: 10.961s | samples/s: 5839
Iteration 0685 | train reward: 35.22 | best: 35.48 | KL: 3.285e-05 | std: 0.5564 | rollout: 10.679s | update: 0.228s | total: 10.907s | samples/s: 5868
Iteration 0686 | train reward: 35.22 | best: 35.48 | KL: 1.990e-05 | std: 0.5561 | rollout: 10.725s | update: 0.654s | total: 11.378s | samples/s: 5625
Iteration 0687 | train reward: 35.33 | best: 35.48 | KL: 2.984e-05 | std: 0.5561 | rollout: 10.713s | update: 0.392s | total: 11.104s | samples/s: 5764
Iteration 0688 | train reward: 35.15 | best: 35.48 | KL: 3.763e-05 | std: 0.5561 | rollout: 10.942s | update: 0.734s | total: 11.676s | samples/s: 5481
Iteration 0689 | train reward: 35.07 | best: 35.48 | KL: 2.571e-05 | std: 0.5561 | rollout: 11.781s | update: 0.355s | total: 12.137s | samples/s: 5273
Iteration 0690 | train reward: 35.17 | best: 35.48 | KL: 2.477e-05 | std: 0.5561 | rollout: 11.191s | update: 0.438s | total: 11.629s | samples/s: 5504
Iteration 0691 | train reward: 35.20 | best: 35.48 | KL: 2.808e-05 | std: 0.5561 | rollout: 11.332s | update: 0.659s | total: 11.991s | samples/s: 5337
Iteration 0692 | train reward: 35.03 | best: 35.48 | KL: 2.756e-05 | std: 0.5561 | rollout: 11.491s | update: 0.291s | total: 11.782s | samples/s: 5432
Iteration 0693 | train reward: 35.31 | best: 35.48 | KL: 2.177e-05 | std: 0.5561 | rollout: 10.537s | update: 0.169s | total: 10.706s | samples/s: 5978
Iteration 0694 | train reward: 35.26 | best: 35.48 | KL: 3.154e-05 | std: 0.5560 | rollout: 10.468s | update: 0.210s | total: 10.678s | samples/s: 5994
Iteration 0695 | train reward: 35.14 | best: 35.48 | KL: 1.978e-05 | std: 0.5551 | rollout: 10.496s | update: 0.399s | total: 10.895s | samples/s: 5874
Iteration 0696 | train reward: 35.25 | best: 35.48 | KL: 1.382e-05 | std: 0.5551 | rollout: 10.289s | update: 0.275s | total: 10.564s | samples/s: 6058
Iteration 0697 | train reward: 35.35 | best: 35.48 | KL: 2.267e-05 | std: 0.5551 | rollout: 10.758s | update: 0.191s | total: 10.949s | samples/s: 5846
Iteration 0698 | train reward: 35.38 | best: 35.48 | KL: 4.650e-05 | std: 0.5550 | rollout: 10.665s | update: 0.152s | total: 10.817s | samples/s: 5917
Iteration 0699 | train reward: 35.48 | best: 35.48 | KL: 2.351e-05 | std: 0.5550 | rollout: 10.531s | update: 0.175s | total: 10.706s | samples/s: 5978
Iteration 0700 | train reward: 35.38 | best: 35.48 | KL: 2.820e-05 | std: 0.5550 | rollout: 10.556s | update: 0.286s | total: 10.842s | samples/s: 5903
Iteration 0701 | train reward: 35.45 | best: 35.48 | KL: 1.786e-05 | std: 0.5548 | rollout: 10.521s | update: 0.205s | total: 10.726s | samples/s: 5967
Iteration 0702 | train reward: 35.25 | best: 35.48 | KL: 2.329e-05 | std: 0.5548 | rollout: 10.706s | update: 0.178s | total: 10.884s | samples/s: 5880
Iteration 0703 | train reward: 35.44 | best: 35.48 | KL: 2.567e-05 | std: 0.5548 | rollout: 10.607s | update: 0.194s | total: 10.802s | samples/s: 5925
Iteration 0704 | train reward: 35.33 | best: 35.48 | KL: 1.585e-05 | std: 0.5547 | rollout: 10.427s | update: 0.191s | total: 10.618s | samples/s: 6028
Iteration 0705 | train reward: 35.27 | best: 35.48 | KL: 1.784e-05 | std: 0.5547 | rollout: 10.447s | update: 0.254s | total: 10.701s | samples/s: 5981
Iteration 0706 | train reward: 35.29 | best: 35.48 | KL: 2.783e-05 | std: 0.5547 | rollout: 10.391s | update: 0.260s | total: 10.650s | samples/s: 6009
Iteration 0707 | train reward: 35.50 | best: 35.50 | KL: 1.909e-05 | std: 0.5547 | rollout: 10.415s | update: 0.203s | total: 10.618s | samples/s: 6027
Iteration 0708 | train reward: 35.46 | best: 35.50 | KL: 1.914e-05 | std: 0.5547 | rollout: 10.703s | update: 0.165s | total: 10.868s | samples/s: 5889
Iteration 0709 | train reward: 35.46 | best: 35.50 | KL: 2.334e-05 | std: 0.5547 | rollout: 10.336s | update: 0.182s | total: 10.517s | samples/s: 6085
Iteration 0710 | train reward: 35.14 | best: 35.50 | KL: 2.737e-05 | std: 0.5547 | rollout: 10.644s | update: 0.208s | total: 10.852s | samples/s: 5897
Iteration 0711 | train reward: 35.34 | best: 35.50 | KL: 1.840e-05 | std: 0.5543 | rollout: 10.558s | update: 0.599s | total: 11.157s | samples/s: 5737
Iteration 0712 | train reward: 35.33 | best: 35.50 | KL: 1.909e-05 | std: 0.5543 | rollout: 11.366s | update: 0.559s | total: 11.926s | samples/s: 5367
Iteration 0713 | train reward: 35.60 | best: 35.60 | KL: 3.112e-05 | std: 0.5543 | rollout: 11.020s | update: 0.340s | total: 11.360s | samples/s: 5634
Iteration 0714 | train reward: 35.47 | best: 35.60 | KL: 3.081e-05 | std: 0.5543 | rollout: 10.764s | update: 0.174s | total: 10.938s | samples/s: 5851
Iteration 0715 | train reward: 35.63 | best: 35.63 | KL: 2.569e-05 | std: 0.5533 | rollout: 10.694s | update: 0.302s | total: 10.995s | samples/s: 5821
Iteration 0716 | train reward: 35.37 | best: 35.63 | KL: 2.178e-05 | std: 0.5533 | rollout: 10.997s | update: 0.358s | total: 11.354s | samples/s: 5637
Iteration 0717 | train reward: 35.47 | best: 35.63 | KL: 3.585e-05 | std: 0.5532 | rollout: 10.502s | update: 0.408s | total: 10.910s | samples/s: 5866
Iteration 0718 | train reward: 35.31 | best: 35.63 | KL: 2.242e-05 | std: 0.5530 | rollout: 10.846s | update: 0.438s | total: 11.284s | samples/s: 5672
Iteration 0719 | train reward: 35.40 | best: 35.63 | KL: 2.900e-05 | std: 0.5530 | rollout: 10.528s | update: 0.169s | total: 10.697s | samples/s: 5983
Iteration 0720 | train reward: 35.41 | best: 35.63 | KL: 3.305e-05 | std: 0.5530 | rollout: 10.426s | update: 0.170s | total: 10.596s | samples/s: 6040
Iteration 0721 | train reward: 35.49 | best: 35.63 | KL: 3.245e-05 | std: 0.5529 | rollout: 11.279s | update: 0.595s | total: 11.874s | samples/s: 5390
Iteration 0722 | train reward: 35.32 | best: 35.63 | KL: 1.822e-05 | std: 0.5529 | rollout: 12.001s | update: 0.266s | total: 12.267s | samples/s: 5217
Iteration 0723 | train reward: 35.45 | best: 35.63 | KL: 1.936e-05 | std: 0.5526 | rollout: 11.381s | update: 0.320s | total: 11.701s | samples/s: 5470
Iteration 0724 | train reward: 35.48 | best: 35.63 | KL: 1.040e-05 | std: 0.5526 | rollout: 10.764s | update: 0.520s | total: 11.284s | samples/s: 5672
Iteration 0725 | train reward: 35.24 | best: 35.63 | KL: 1.770e-05 | std: 0.5526 | rollout: 10.538s | update: 0.225s | total: 10.763s | samples/s: 5946
Iteration 0726 | train reward: 35.48 | best: 35.63 | KL: 1.742e-05 | std: 0.5525 | rollout: 10.549s | update: 0.395s | total: 10.944s | samples/s: 5848
Iteration 0727 | train reward: 35.27 | best: 35.63 | KL: 2.385e-05 | std: 0.5525 | rollout: 10.940s | update: 0.317s | total: 11.257s | samples/s: 5685
Iteration 0728 | train reward: 35.56 | best: 35.63 | KL: 2.034e-05 | std: 0.5525 | rollout: 11.057s | update: 0.221s | total: 11.278s | samples/s: 5675
Iteration 0729 | train reward: 35.37 | best: 35.63 | KL: 2.341e-05 | std: 0.5522 | rollout: 10.659s | update: 0.287s | total: 10.946s | samples/s: 5847
Iteration 0730 | train reward: 35.56 | best: 35.63 | KL: 2.447e-05 | std: 0.5522 | rollout: 10.886s | update: 0.152s | total: 11.038s | samples/s: 5798
Iteration 0731 | train reward: 35.55 | best: 35.63 | KL: 3.273e-05 | std: 0.5522 | rollout: 10.356s | update: 0.160s | total: 10.516s | samples/s: 6086
Iteration 0732 | train reward: 35.58 | best: 35.63 | KL: 4.463e-05 | std: 0.5521 | rollout: 10.791s | update: 0.157s | total: 10.948s | samples/s: 5846
Iteration 0733 | train reward: 35.46 | best: 35.63 | KL: 2.578e-05 | std: 0.5521 | rollout: 10.696s | update: 0.146s | total: 10.842s | samples/s: 5903
Iteration 0734 | train reward: 35.39 | best: 35.63 | KL: 3.815e-05 | std: 0.5521 | rollout: 11.022s | update: 0.443s | total: 11.465s | samples/s: 5582
Iteration 0735 | train reward: 35.84 | best: 35.84 | KL: 3.366e-05 | std: 0.5512 | rollout: 10.486s | update: 0.227s | total: 10.712s | samples/s: 5974
Iteration 0736 | train reward: 35.96 | best: 35.96 | KL: 4.038e-05 | std: 0.5511 | rollout: 10.539s | update: 0.539s | total: 11.078s | samples/s: 5777
Iteration 0737 | train reward: 35.84 | best: 35.96 | KL: 2.858e-05 | std: 0.5512 | rollout: 10.915s | update: 0.340s | total: 11.255s | samples/s: 5686
Iteration 0738 | train reward: 35.43 | best: 35.96 | KL: 3.857e-05 | std: 0.5511 | rollout: 11.153s | update: 0.159s | total: 11.312s | samples/s: 5658
Iteration 0739 | train reward: 35.78 | best: 35.96 | KL: 2.795e-05 | std: 0.5509 | rollout: 10.686s | update: 0.205s | total: 10.890s | samples/s: 5877
Iteration 0740 | train reward: 35.60 | best: 35.96 | KL: 2.049e-05 | std: 0.5509 | rollout: 11.164s | update: 0.255s | total: 11.419s | samples/s: 5605
Iteration 0741 | train reward: 35.53 | best: 35.96 | KL: 2.567e-05 | std: 0.5509 | rollout: 11.023s | update: 0.347s | total: 11.370s | samples/s: 5629
Iteration 0742 | train reward: 35.62 | best: 35.96 | KL: 1.578e-05 | std: 0.5509 | rollout: 10.762s | update: 0.521s | total: 11.283s | samples/s: 5672
Iteration 0743 | train reward: 35.69 | best: 35.96 | KL: 2.751e-05 | std: 0.5508 | rollout: 11.204s | update: 0.176s | total: 11.380s | samples/s: 5624
Iteration 0744 | train reward: 35.47 | best: 35.96 | KL: 3.593e-05 | std: 0.5508 | rollout: 10.979s | update: 0.273s | total: 11.252s | samples/s: 5688
Iteration 0745 | train reward: 35.90 | best: 35.96 | KL: 2.934e-05 | std: 0.5508 | rollout: 10.787s | update: 0.221s | total: 11.009s | samples/s: 5814
Iteration 0746 | train reward: 35.79 | best: 35.96 | KL: 5.118e-05 | std: 0.5508 | rollout: 10.754s | update: 0.140s | total: 10.893s | samples/s: 5875
Iteration 0747 | train reward: 35.60 | best: 35.96 | KL: 2.233e-05 | std: 0.5508 | rollout: 10.705s | update: 0.139s | total: 10.845s | samples/s: 5902
Iteration 0748 | train reward: 35.72 | best: 35.96 | KL: 2.427e-05 | std: 0.5507 | rollout: 10.934s | update: 0.249s | total: 11.183s | samples/s: 5723
Iteration 0749 | train reward: 35.61 | best: 35.96 | KL: 2.387e-05 | std: 0.5507 | rollout: 10.718s | update: 0.184s | total: 10.902s | samples/s: 5870
Iteration 0750 | train reward: 35.71 | best: 35.96 | KL: 2.487e-05 | std: 0.5504 | rollout: 10.771s | update: 0.153s | total: 10.924s | samples/s: 5858
Iteration 0751 | train reward: 35.90 | best: 35.96 | KL: 1.589e-05 | std: 0.5504 | rollout: 10.841s | update: 0.364s | total: 11.205s | samples/s: 5712
Iteration 0752 | train reward: 35.93 | best: 35.96 | KL: 1.680e-05 | std: 0.5504 | rollout: 10.706s | update: 0.145s | total: 10.851s | samples/s: 5898
Iteration 0753 | train reward: 35.83 | best: 35.96 | KL: 2.706e-05 | std: 0.5504 | rollout: 10.721s | update: 0.226s | total: 10.947s | samples/s: 5846
Iteration 0754 | train reward: 35.66 | best: 35.96 | KL: 2.207e-05 | std: 0.5504 | rollout: 10.704s | update: 0.341s | total: 11.045s | samples/s: 5794
Iteration 0755 | train reward: 35.88 | best: 35.96 | KL: 2.661e-05 | std: 0.5504 | rollout: 10.497s | update: 0.294s | total: 10.791s | samples/s: 5931
Iteration 0756 | train reward: 35.85 | best: 35.96 | KL: 2.316e-05 | std: 0.5504 | rollout: 10.835s | update: 0.228s | total: 11.063s | samples/s: 5785
Iteration 0757 | train reward: 36.03 | best: 36.03 | KL: 1.693e-05 | std: 0.5503 | rollout: 11.121s | update: 0.177s | total: 11.298s | samples/s: 5665
Iteration 0758 | train reward: 35.76 | best: 36.03 | KL: 1.633e-05 | std: 0.5494 | rollout: 10.820s | update: 0.162s | total: 10.983s | samples/s: 5827
Iteration 0759 | train reward: 35.47 | best: 36.03 | KL: 1.338e-05 | std: 0.5494 | rollout: 11.155s | update: 0.444s | total: 11.599s | samples/s: 5518
Iteration 0760 | train reward: 35.89 | best: 36.03 | KL: 1.557e-05 | std: 0.5494 | rollout: 10.665s | update: 0.165s | total: 10.830s | samples/s: 5909
Iteration 0761 | train reward: 35.49 | best: 36.03 | KL: 3.819e-05 | std: 0.5494 | rollout: 11.016s | update: 0.152s | total: 11.168s | samples/s: 5731
Iteration 0762 | train reward: 35.66 | best: 36.03 | KL: 1.785e-05 | std: 0.5493 | rollout: 10.984s | update: 0.162s | total: 11.145s | samples/s: 5742
Iteration 0763 | train reward: 35.85 | best: 36.03 | KL: 2.749e-05 | std: 0.5491 | rollout: 10.538s | update: 0.197s | total: 10.735s | samples/s: 5962
Iteration 0764 | train reward: 35.84 | best: 36.03 | KL: 1.946e-05 | std: 0.5490 | rollout: 11.042s | update: 0.154s | total: 11.196s | samples/s: 5716
Iteration 0765 | train reward: 35.96 | best: 36.03 | KL: 2.491e-05 | std: 0.5490 | rollout: 10.834s | update: 0.149s | total: 10.983s | samples/s: 5827
Iteration 0766 | train reward: 35.72 | best: 36.03 | KL: 1.998e-05 | std: 0.5490 | rollout: 10.667s | update: 0.154s | total: 10.821s | samples/s: 5915
Iteration 0767 | train reward: 35.68 | best: 36.03 | KL: 4.116e-05 | std: 0.5490 | rollout: 10.853s | update: 0.436s | total: 11.289s | samples/s: 5669
Iteration 0768 | train reward: 35.67 | best: 36.03 | KL: 2.950e-05 | std: 0.5487 | rollout: 10.546s | update: 0.170s | total: 10.716s | samples/s: 5972
Iteration 0769 | train reward: 35.80 | best: 36.03 | KL: 2.091e-05 | std: 0.5487 | rollout: 10.554s | update: 0.137s | total: 10.691s | samples/s: 5987
Iteration 0770 | train reward: 35.90 | best: 36.03 | KL: 2.526e-05 | std: 0.5486 | rollout: 11.181s | update: 0.352s | total: 11.533s | samples/s: 5549
Iteration 0771 | train reward: 35.77 | best: 36.03 | KL: 2.221e-05 | std: 0.5486 | rollout: 11.200s | update: 0.392s | total: 11.593s | samples/s: 5521
Iteration 0772 | train reward: 35.90 | best: 36.03 | KL: 3.372e-05 | std: 0.5486 | rollout: 11.372s | update: 0.726s | total: 12.098s | samples/s: 5290
Iteration 0773 | train reward: 36.06 | best: 36.06 | KL: 4.012e-05 | std: 0.5486 | rollout: 11.816s | update: 0.379s | total: 12.195s | samples/s: 5248
Iteration 0774 | train reward: 35.87 | best: 36.06 | KL: 1.720e-05 | std: 0.5483 | rollout: 10.956s | update: 0.303s | total: 11.259s | samples/s: 5684
Iteration 0775 | train reward: 36.00 | best: 36.06 | KL: 2.617e-05 | std: 0.5483 | rollout: 10.786s | update: 0.264s | total: 11.050s | samples/s: 5792
Iteration 0776 | train reward: 35.96 | best: 36.06 | KL: 1.589e-05 | std: 0.5482 | rollout: 10.753s | update: 0.162s | total: 10.915s | samples/s: 5864
Iteration 0777 | train reward: 35.84 | best: 36.06 | KL: 2.652e-05 | std: 0.5473 | rollout: 10.804s | update: 0.147s | total: 10.951s | samples/s: 5844
Iteration 0778 | train reward: 35.94 | best: 36.06 | KL: 3.430e-05 | std: 0.5473 | rollout: 10.830s | update: 0.189s | total: 11.019s | samples/s: 5808
Iteration 0779 | train reward: 35.80 | best: 36.06 | KL: 3.822e-05 | std: 0.5473 | rollout: 10.794s | update: 0.164s | total: 10.959s | samples/s: 5840
Iteration 0780 | train reward: 35.81 | best: 36.06 | KL: 1.994e-05 | std: 0.5472 | rollout: 11.225s | update: 0.268s | total: 11.493s | samples/s: 5569
Iteration 0781 | train reward: 35.97 | best: 36.06 | KL: 2.198e-05 | std: 0.5470 | rollout: 11.084s | update: 0.395s | total: 11.479s | samples/s: 5575
Iteration 0782 | train reward: 35.72 | best: 36.06 | KL: 2.689e-05 | std: 0.5469 | rollout: 11.109s | update: 0.163s | total: 11.272s | samples/s: 5678
Iteration 0783 | train reward: 35.79 | best: 36.06 | KL: 4.036e-05 | std: 0.5469 | rollout: 11.033s | update: 0.297s | total: 11.330s | samples/s: 5649
Iteration 0784 | train reward: 36.11 | best: 36.11 | KL: 2.957e-05 | std: 0.5469 | rollout: 10.468s | update: 0.140s | total: 10.608s | samples/s: 6033
Iteration 0785 | train reward: 35.82 | best: 36.11 | KL: 2.412e-05 | std: 0.5468 | rollout: 10.671s | update: 0.154s | total: 10.825s | samples/s: 5912
Iteration 0786 | train reward: 36.07 | best: 36.11 | KL: 2.225e-05 | std: 0.5468 | rollout: 10.760s | update: 0.165s | total: 10.925s | samples/s: 5858
Iteration 0787 | train reward: 35.90 | best: 36.11 | KL: 2.688e-05 | std: 0.5468 | rollout: 10.515s | update: 0.202s | total: 10.717s | samples/s: 5972
Iteration 0788 | train reward: 35.80 | best: 36.11 | KL: 3.556e-05 | std: 0.5468 | rollout: 10.710s | update: 0.159s | total: 10.869s | samples/s: 5888
Iteration 0789 | train reward: 35.96 | best: 36.11 | KL: 4.084e-05 | std: 0.5468 | rollout: 10.718s | update: 0.197s | total: 10.915s | samples/s: 5864
Iteration 0790 | train reward: 36.22 | best: 36.22 | KL: 2.251e-05 | std: 0.5465 | rollout: 10.849s | update: 0.199s | total: 11.048s | samples/s: 5793
Iteration 0791 | train reward: 35.59 | best: 36.22 | KL: 2.586e-05 | std: 0.5465 | rollout: 10.568s | update: 0.481s | total: 11.049s | samples/s: 5792
Iteration 0792 | train reward: 35.77 | best: 36.22 | KL: 2.063e-05 | std: 0.5464 | rollout: 10.531s | update: 0.297s | total: 10.828s | samples/s: 5911
Iteration 0793 | train reward: 36.07 | best: 36.22 | KL: 2.471e-05 | std: 0.5464 | rollout: 10.756s | update: 0.574s | total: 11.329s | samples/s: 5649
Iteration 0794 | train reward: 35.87 | best: 36.22 | KL: 2.297e-05 | std: 0.5455 | rollout: 11.691s | update: 0.191s | total: 11.882s | samples/s: 5386
Iteration 0795 | train reward: 35.85 | best: 36.22 | KL: 2.450e-05 | std: 0.5455 | rollout: 10.969s | update: 0.203s | total: 11.172s | samples/s: 5729
Iteration 0796 | train reward: 35.77 | best: 36.22 | KL: 1.816e-05 | std: 0.5454 | rollout: 10.522s | update: 0.150s | total: 10.672s | samples/s: 5997
Iteration 0797 | train reward: 35.82 | best: 36.22 | KL: 3.006e-05 | std: 0.5454 | rollout: 11.406s | update: 0.289s | total: 11.695s | samples/s: 5472
Iteration 0798 | train reward: 36.22 | best: 36.22 | KL: 2.278e-05 | std: 0.5452 | rollout: 10.972s | update: 0.173s | total: 11.145s | samples/s: 5742
Iteration 0799 | train reward: 35.94 | best: 36.22 | KL: 3.920e-05 | std: 0.5451 | rollout: 10.451s | update: 0.130s | total: 10.581s | samples/s: 6048
Iteration 0800 | train reward: 36.17 | best: 36.22 | KL: 2.376e-05 | std: 0.5450 | rollout: 11.085s | update: 0.206s | total: 11.291s | samples/s: 5668
Iteration 0801 | train reward: 35.95 | best: 36.22 | KL: 1.860e-05 | std: 0.5448 | rollout: 10.760s | update: 0.161s | total: 10.921s | samples/s: 5860
Iteration 0802 | train reward: 36.02 | best: 36.22 | KL: 2.302e-05 | std: 0.5450 | rollout: 10.957s | update: 0.407s | total: 11.364s | samples/s: 5632
Iteration 0803 | train reward: 36.20 | best: 36.22 | KL: 1.410e-05 | std: 0.5448 | rollout: 10.637s | update: 0.342s | total: 10.978s | samples/s: 5830
Iteration 0804 | train reward: 36.14 | best: 36.22 | KL: 2.537e-05 | std: 0.5448 | rollout: 10.742s | update: 0.254s | total: 10.996s | samples/s: 5820
Iteration 0805 | train reward: 36.08 | best: 36.22 | KL: 2.459e-05 | std: 0.5447 | rollout: 10.712s | update: 0.138s | total: 10.850s | samples/s: 5899
Iteration 0806 | train reward: 36.03 | best: 36.22 | KL: 2.584e-05 | std: 0.5447 | rollout: 10.734s | update: 0.156s | total: 10.889s | samples/s: 5877
Iteration 0807 | train reward: 35.87 | best: 36.22 | KL: 3.430e-05 | std: 0.5447 | rollout: 10.928s | update: 0.197s | total: 11.124s | samples/s: 5753
Iteration 0808 | train reward: 36.19 | best: 36.22 | KL: 3.418e-05 | std: 0.5445 | rollout: 10.751s | update: 0.167s | total: 10.919s | samples/s: 5862
Iteration 0809 | train reward: 35.95 | best: 36.22 | KL: 3.251e-05 | std: 0.5445 | rollout: 10.696s | update: 0.446s | total: 11.141s | samples/s: 5744
Iteration 0810 | train reward: 35.79 | best: 36.22 | KL: 1.912e-05 | std: 0.5445 | rollout: 11.575s | update: 0.243s | total: 11.818s | samples/s: 5415
Iteration 0811 | train reward: 35.92 | best: 36.22 | KL: 2.583e-05 | std: 0.5444 | rollout: 11.632s | update: 0.343s | total: 11.975s | samples/s: 5345
Iteration 0812 | train reward: 36.13 | best: 36.22 | KL: 3.479e-05 | std: 0.5444 | rollout: 11.316s | update: 0.166s | total: 11.482s | samples/s: 5574
Iteration 0813 | train reward: 36.13 | best: 36.22 | KL: 3.577e-05 | std: 0.5444 | rollout: 10.897s | update: 0.363s | total: 11.259s | samples/s: 5684
Iteration 0814 | train reward: 36.29 | best: 36.29 | KL: 2.365e-05 | std: 0.5434 | rollout: 10.564s | update: 0.176s | total: 10.740s | samples/s: 5959
Iteration 0815 | train reward: 36.32 | best: 36.32 | KL: 3.183e-05 | std: 0.5434 | rollout: 10.669s | update: 0.148s | total: 10.818s | samples/s: 5916
Iteration 0816 | train reward: 35.88 | best: 36.32 | KL: 2.531e-05 | std: 0.5433 | rollout: 10.710s | update: 0.170s | total: 10.880s | samples/s: 5882
Iteration 0817 | train reward: 36.15 | best: 36.32 | KL: 3.097e-05 | std: 0.5431 | rollout: 10.693s | update: 0.172s | total: 10.866s | samples/s: 5890
Iteration 0818 | train reward: 36.02 | best: 36.32 | KL: 3.166e-05 | std: 0.5431 | rollout: 10.921s | update: 0.157s | total: 11.077s | samples/s: 5778
Iteration 0819 | train reward: 36.10 | best: 36.32 | KL: 2.520e-05 | std: 0.5431 | rollout: 10.700s | update: 0.247s | total: 10.947s | samples/s: 5847
Iteration 0820 | train reward: 36.10 | best: 36.32 | KL: 1.867e-05 | std: 0.5430 | rollout: 11.096s | update: 0.327s | total: 11.422s | samples/s: 5603
Iteration 0821 | train reward: 36.36 | best: 36.36 | KL: 3.627e-05 | std: 0.5430 | rollout: 11.026s | update: 0.172s | total: 11.198s | samples/s: 5715
Iteration 0822 | train reward: 36.19 | best: 36.36 | KL: 2.550e-05 | std: 0.5429 | rollout: 10.813s | update: 0.350s | total: 11.163s | samples/s: 5733
Iteration 0823 | train reward: 36.27 | best: 36.36 | KL: 2.489e-05 | std: 0.5429 | rollout: 10.661s | update: 0.163s | total: 10.825s | samples/s: 5912
Iteration 0824 | train reward: 36.06 | best: 36.36 | KL: 2.351e-05 | std: 0.5426 | rollout: 10.899s | update: 0.151s | total: 11.050s | samples/s: 5792
Iteration 0825 | train reward: 36.28 | best: 36.36 | KL: 2.468e-05 | std: 0.5426 | rollout: 10.974s | update: 0.312s | total: 11.286s | samples/s: 5671
Iteration 0826 | train reward: 36.13 | best: 36.36 | KL: 4.472e-05 | std: 0.5425 | rollout: 10.447s | update: 0.340s | total: 10.787s | samples/s: 5933
Iteration 0827 | train reward: 36.14 | best: 36.36 | KL: 4.052e-05 | std: 0.5425 | rollout: 10.975s | update: 0.223s | total: 11.198s | samples/s: 5715
Iteration 0828 | train reward: 36.14 | best: 36.36 | KL: 2.935e-05 | std: 0.5425 | rollout: 10.698s | update: 0.252s | total: 10.951s | samples/s: 5844
Iteration 0829 | train reward: 35.97 | best: 36.36 | KL: 2.792e-05 | std: 0.5425 | rollout: 10.913s | update: 0.282s | total: 11.195s | samples/s: 5717
Iteration 0830 | train reward: 36.02 | best: 36.36 | KL: 2.191e-05 | std: 0.5416 | rollout: 10.839s | update: 0.150s | total: 10.989s | samples/s: 5824
Iteration 0831 | train reward: 36.38 | best: 36.38 | KL: 2.584e-05 | std: 0.5416 | rollout: 10.792s | update: 0.156s | total: 10.948s | samples/s: 5846
Iteration 0832 | train reward: 36.04 | best: 36.38 | KL: 2.089e-05 | std: 0.5416 | rollout: 10.676s | update: 0.149s | total: 10.825s | samples/s: 5912
Iteration 0833 | train reward: 35.98 | best: 36.38 | KL: 2.806e-05 | std: 0.5416 | rollout: 10.555s | update: 0.621s | total: 11.176s | samples/s: 5726
Iteration 0834 | train reward: 35.90 | best: 36.38 | KL: 1.851e-05 | std: 0.5416 | rollout: 11.038s | update: 0.149s | total: 11.187s | samples/s: 5721
Iteration 0835 | train reward: 36.26 | best: 36.38 | KL: 1.850e-05 | std: 0.5416 | rollout: 10.832s | update: 0.208s | total: 11.039s | samples/s: 5797
Iteration 0836 | train reward: 36.23 | best: 36.38 | KL: 1.546e-05 | std: 0.5415 | rollout: 10.817s | update: 0.156s | total: 10.973s | samples/s: 5832
Iteration 0837 | train reward: 36.18 | best: 36.38 | KL: 1.689e-05 | std: 0.5415 | rollout: 10.900s | update: 0.145s | total: 11.045s | samples/s: 5795
Iteration 0838 | train reward: 36.11 | best: 36.38 | KL: 2.578e-05 | std: 0.5411 | rollout: 10.911s | update: 0.132s | total: 11.043s | samples/s: 5796
Iteration 0839 | train reward: 36.26 | best: 36.38 | KL: 1.903e-05 | std: 0.5412 | rollout: 10.719s | update: 0.169s | total: 10.888s | samples/s: 5878
Iteration 0840 | train reward: 36.19 | best: 36.38 | KL: 1.339e-05 | std: 0.5411 | rollout: 10.664s | update: 0.139s | total: 10.803s | samples/s: 5924
Iteration 0841 | train reward: 36.31 | best: 36.38 | KL: 2.950e-05 | std: 0.5411 | rollout: 10.951s | update: 0.149s | total: 11.100s | samples/s: 5766
Iteration 0842 | train reward: 36.02 | best: 36.38 | KL: 2.019e-05 | std: 0.5409 | rollout: 10.734s | update: 0.157s | total: 10.890s | samples/s: 5877
Iteration 0843 | train reward: 36.15 | best: 36.38 | KL: 2.654e-05 | std: 0.5408 | rollout: 10.447s | update: 0.192s | total: 10.639s | samples/s: 6015
Iteration 0844 | train reward: 36.00 | best: 36.38 | KL: 3.259e-05 | std: 0.5408 | rollout: 10.946s | update: 0.185s | total: 11.131s | samples/s: 5750
Iteration 0845 | train reward: 36.09 | best: 36.38 | KL: 2.891e-05 | std: 0.5408 | rollout: 10.838s | update: 0.227s | total: 11.065s | samples/s: 5784
Iteration 0846 | train reward: 36.32 | best: 36.38 | KL: 2.285e-05 | std: 0.5408 | rollout: 10.988s | update: 0.354s | total: 11.342s | samples/s: 5643
Iteration 0847 | train reward: 36.03 | best: 36.38 | KL: 4.952e-05 | std: 0.5405 | rollout: 10.668s | update: 0.193s | total: 10.861s | samples/s: 5893
Iteration 0848 | train reward: 36.14 | best: 36.38 | KL: 2.118e-05 | std: 0.5406 | rollout: 11.143s | update: 0.300s | total: 11.443s | samples/s: 5593
Iteration 0849 | train reward: 36.34 | best: 36.38 | KL: 5.959e-05 | std: 0.5404 | rollout: 11.223s | update: 0.385s | total: 11.608s | samples/s: 5513
Iteration 0850 | train reward: 36.25 | best: 36.38 | KL: 2.421e-05 | std: 0.5394 | rollout: 10.673s | update: 0.153s | total: 10.827s | samples/s: 5911
Iteration 0851 | train reward: 36.24 | best: 36.38 | KL: 2.230e-05 | std: 0.5394 | rollout: 10.741s | update: 0.163s | total: 10.904s | samples/s: 5869
Iteration 0852 | train reward: 36.22 | best: 36.38 | KL: 2.318e-05 | std: 0.5394 | rollout: 11.822s | update: 0.337s | total: 12.159s | samples/s: 5264
Iteration 0853 | train reward: 36.16 | best: 36.38 | KL: 4.724e-05 | std: 0.5394 | rollout: 11.318s | update: 0.177s | total: 11.495s | samples/s: 5568
Iteration 0854 | train reward: 36.24 | best: 36.38 | KL: 3.352e-05 | std: 0.5394 | rollout: 12.349s | update: 0.350s | total: 12.699s | samples/s: 5040
Iteration 0855 | train reward: 36.27 | best: 36.38 | KL: 1.916e-05 | std: 0.5394 | rollout: 11.023s | update: 0.407s | total: 11.430s | samples/s: 5599
Iteration 0856 | train reward: 36.25 | best: 36.38 | KL: 2.806e-05 | std: 0.5392 | rollout: 10.737s | update: 0.256s | total: 10.993s | samples/s: 5822
Iteration 0857 | train reward: 36.18 | best: 36.38 | KL: 3.027e-05 | std: 0.5392 | rollout: 10.503s | update: 0.153s | total: 10.655s | samples/s: 6006
Iteration 0858 | train reward: 36.26 | best: 36.38 | KL: 2.360e-05 | std: 0.5392 | rollout: 10.568s | update: 0.178s | total: 10.745s | samples/s: 5956
Iteration 0859 | train reward: 36.23 | best: 36.38 | KL: 3.534e-05 | std: 0.5391 | rollout: 10.644s | update: 0.142s | total: 10.786s | samples/s: 5933
Iteration 0860 | train reward: 36.09 | best: 36.38 | KL: 2.472e-05 | std: 0.5391 | rollout: 11.432s | update: 0.298s | total: 11.730s | samples/s: 5456
Iteration 0861 | train reward: 36.32 | best: 36.38 | KL: 2.498e-05 | std: 0.5391 | rollout: 11.262s | update: 0.470s | total: 11.731s | samples/s: 5456
Iteration 0862 | train reward: 36.04 | best: 36.38 | KL: 3.496e-05 | std: 0.5391 | rollout: 11.414s | update: 0.192s | total: 11.606s | samples/s: 5515
Iteration 0863 | train reward: 36.17 | best: 36.38 | KL: 3.503e-05 | std: 0.5391 | rollout: 11.117s | update: 0.211s | total: 11.327s | samples/s: 5650
Iteration 0864 | train reward: 36.04 | best: 36.38 | KL: 2.746e-05 | std: 0.5391 | rollout: 10.398s | update: 0.178s | total: 10.576s | samples/s: 6051
Iteration 0865 | train reward: 36.21 | best: 36.38 | KL: 2.583e-05 | std: 0.5391 | rollout: 10.757s | update: 0.207s | total: 10.964s | samples/s: 5837
Iteration 0866 | train reward: 36.21 | best: 36.38 | KL: 1.816e-05 | std: 0.5390 | rollout: 10.290s | update: 0.299s | total: 10.589s | samples/s: 6044
Iteration 0867 | train reward: 36.28 | best: 36.38 | KL: 2.747e-05 | std: 0.5390 | rollout: 10.802s | update: 0.471s | total: 11.274s | samples/s: 5677
Iteration 0868 | train reward: 36.14 | best: 36.38 | KL: 3.089e-05 | std: 0.5390 | rollout: 10.829s | update: 0.291s | total: 11.120s | samples/s: 5755
Iteration 0869 | train reward: 36.35 | best: 36.38 | KL: 2.471e-05 | std: 0.5387 | rollout: 10.479s | update: 0.141s | total: 10.620s | samples/s: 6026
Iteration 0870 | train reward: 36.32 | best: 36.38 | KL: 1.980e-05 | std: 0.5387 | rollout: 10.535s | update: 0.424s | total: 10.959s | samples/s: 5840
Iteration 0871 | train reward: 36.41 | best: 36.41 | KL: 3.391e-05 | std: 0.5386 | rollout: 10.696s | update: 0.516s | total: 11.212s | samples/s: 5708
Iteration 0872 | train reward: 36.37 | best: 36.41 | KL: 1.989e-05 | std: 0.5386 | rollout: 10.886s | update: 0.176s | total: 11.062s | samples/s: 5785
Iteration 0873 | train reward: 36.35 | best: 36.41 | KL: 2.452e-05 | std: 0.5386 | rollout: 10.936s | update: 0.383s | total: 11.319s | samples/s: 5654
Iteration 0874 | train reward: 36.38 | best: 36.41 | KL: 2.857e-05 | std: 0.5377 | rollout: 10.962s | update: 0.236s | total: 11.197s | samples/s: 5716
Iteration 0875 | train reward: 36.32 | best: 36.41 | KL: 2.773e-05 | std: 0.5377 | rollout: 10.790s | update: 0.147s | total: 10.937s | samples/s: 5852
Iteration 0876 | train reward: 36.38 | best: 36.41 | KL: 3.479e-05 | std: 0.5376 | rollout: 10.391s | update: 0.130s | total: 10.521s | samples/s: 6083
Iteration 0877 | train reward: 36.44 | best: 36.44 | KL: 2.760e-05 | std: 0.5376 | rollout: 10.904s | update: 0.140s | total: 11.044s | samples/s: 5795
Iteration 0878 | train reward: 36.34 | best: 36.44 | KL: 2.473e-05 | std: 0.5386 | rollout: 11.106s | update: 0.231s | total: 11.337s | samples/s: 5645
Iteration 0879 | train reward: 36.65 | best: 36.65 | KL: 2.611e-05 | std: 0.5377 | rollout: 11.003s | update: 0.333s | total: 11.336s | samples/s: 5646
Iteration 0880 | train reward: 36.18 | best: 36.65 | KL: 2.047e-05 | std: 0.5376 | rollout: 11.111s | update: 0.147s | total: 11.257s | samples/s: 5685
Iteration 0881 | train reward: 36.50 | best: 36.65 | KL: 5.049e-05 | std: 0.5376 | rollout: 10.386s | update: 0.149s | total: 10.535s | samples/s: 6075
Iteration 0882 | train reward: 36.37 | best: 36.65 | KL: 4.864e-05 | std: 0.5373 | rollout: 10.947s | update: 0.148s | total: 11.095s | samples/s: 5768
Iteration 0883 | train reward: 36.45 | best: 36.65 | KL: 3.321e-05 | std: 0.5372 | rollout: 10.977s | update: 0.345s | total: 11.322s | samples/s: 5653
Iteration 0884 | train reward: 36.46 | best: 36.65 | KL: 3.594e-05 | std: 0.5373 | rollout: 10.503s | update: 0.309s | total: 10.812s | samples/s: 5919
Iteration 0885 | train reward: 36.45 | best: 36.65 | KL: 1.923e-05 | std: 0.5372 | rollout: 10.733s | update: 0.167s | total: 10.900s | samples/s: 5871
Iteration 0886 | train reward: 36.56 | best: 36.65 | KL: 2.596e-05 | std: 0.5372 | rollout: 10.397s | update: 0.214s | total: 10.612s | samples/s: 6031
Iteration 0887 | train reward: 36.44 | best: 36.65 | KL: 3.168e-05 | std: 0.5372 | rollout: 11.080s | update: 0.149s | total: 11.229s | samples/s: 5700
Iteration 0888 | train reward: 36.72 | best: 36.72 | KL: 3.268e-05 | std: 0.5372 | rollout: 10.967s | update: 0.264s | total: 11.231s | samples/s: 5698
Iteration 0889 | train reward: 36.56 | best: 36.72 | KL: 2.882e-05 | std: 0.5372 | rollout: 10.769s | update: 0.173s | total: 10.942s | samples/s: 5849
Iteration 0890 | train reward: 36.47 | best: 36.72 | KL: 2.573e-05 | std: 0.5372 | rollout: 10.669s | update: 0.136s | total: 10.805s | samples/s: 5923
Iteration 0891 | train reward: 36.61 | best: 36.72 | KL: 3.228e-05 | std: 0.5372 | rollout: 10.800s | update: 0.149s | total: 10.949s | samples/s: 5845
Iteration 0892 | train reward: 36.22 | best: 36.72 | KL: 3.308e-05 | std: 0.5372 | rollout: 10.934s | update: 0.232s | total: 11.166s | samples/s: 5732
Iteration 0893 | train reward: 36.36 | best: 36.72 | KL: 2.487e-05 | std: 0.5370 | rollout: 10.763s | update: 0.241s | total: 11.004s | samples/s: 5816
Iteration 0894 | train reward: 36.66 | best: 36.72 | KL: 5.613e-05 | std: 0.5369 | rollout: 11.061s | update: 0.227s | total: 11.288s | samples/s: 5670
Iteration 0895 | train reward: 36.34 | best: 36.72 | KL: 3.239e-05 | std: 0.5367 | rollout: 10.731s | update: 0.138s | total: 10.869s | samples/s: 5888
Iteration 0896 | train reward: 36.55 | best: 36.72 | KL: 3.972e-05 | std: 0.5366 | rollout: 10.818s | update: 0.168s | total: 10.986s | samples/s: 5825
Iteration 0897 | train reward: 36.64 | best: 36.72 | KL: 3.005e-05 | std: 0.5366 | rollout: 10.711s | update: 0.157s | total: 10.868s | samples/s: 5889
Iteration 0898 | train reward: 36.65 | best: 36.72 | KL: 3.276e-05 | std: 0.5356 | rollout: 10.784s | update: 0.155s | total: 10.939s | samples/s: 5851
Iteration 0899 | train reward: 36.59 | best: 36.72 | KL: 1.906e-05 | std: 0.5356 | rollout: 13.721s | update: 0.700s | total: 14.421s | samples/s: 4438
Iteration 0900 | train reward: 36.53 | best: 36.72 | KL: 2.569e-05 | std: 0.5356 | rollout: 10.702s | update: 0.499s | total: 11.201s | samples/s: 5714
Iteration 0901 | train reward: 36.69 | best: 36.72 | KL: 2.729e-05 | std: 0.5356 | rollout: 11.228s | update: 0.230s | total: 11.457s | samples/s: 5586
Iteration 0902 | train reward: 36.53 | best: 36.72 | KL: 2.503e-05 | std: 0.5356 | rollout: 12.647s | update: 0.448s | total: 13.095s | samples/s: 4887
Iteration 0903 | train reward: 36.47 | best: 36.72 | KL: 4.617e-05 | std: 0.5355 | rollout: 11.049s | update: 0.283s | total: 11.333s | samples/s: 5647
Iteration 0904 | train reward: 36.58 | best: 36.72 | KL: 2.319e-05 | std: 0.5355 | rollout: 10.732s | update: 0.153s | total: 10.885s | samples/s: 5880
Iteration 0905 | train reward: 36.46 | best: 36.72 | KL: 2.420e-05 | std: 0.5352 | rollout: 11.461s | update: 0.301s | total: 11.762s | samples/s: 5441
Iteration 0906 | train reward: 36.33 | best: 36.72 | KL: 2.829e-05 | std: 0.5353 | rollout: 10.896s | update: 0.166s | total: 11.061s | samples/s: 5786
Iteration 0907 | train reward: 36.44 | best: 36.72 | KL: 4.198e-05 | std: 0.5355 | rollout: 10.745s | update: 0.149s | total: 10.894s | samples/s: 5875
Iteration 0908 | train reward: 36.49 | best: 36.72 | KL: 2.766e-05 | std: 0.5353 | rollout: 11.024s | update: 0.281s | total: 11.305s | samples/s: 5661
Iteration 0909 | train reward: 36.35 | best: 36.72 | KL: 3.112e-05 | std: 0.5352 | rollout: 10.923s | update: 0.158s | total: 11.081s | samples/s: 5775
Iteration 0910 | train reward: 36.68 | best: 36.72 | KL: 3.554e-05 | std: 0.5352 | rollout: 10.781s | update: 0.246s | total: 11.028s | samples/s: 5804
Iteration 0911 | train reward: 36.63 | best: 36.72 | KL: 2.967e-05 | std: 0.5352 | rollout: 10.694s | update: 0.173s | total: 10.867s | samples/s: 5889
Iteration 0912 | train reward: 36.38 | best: 36.72 | KL: 4.019e-05 | std: 0.5351 | rollout: 10.563s | update: 0.382s | total: 10.946s | samples/s: 5847
Iteration 0913 | train reward: 36.61 | best: 36.72 | KL: 3.231e-05 | std: 0.5351 | rollout: 10.365s | update: 0.323s | total: 10.688s | samples/s: 5988
Iteration 0914 | train reward: 36.82 | best: 36.82 | KL: 2.008e-05 | std: 0.5351 | rollout: 10.396s | update: 0.135s | total: 10.531s | samples/s: 6077
Iteration 0915 | train reward: 36.67 | best: 36.82 | KL: 1.965e-05 | std: 0.5351 | rollout: 10.834s | update: 0.157s | total: 10.991s | samples/s: 5823
Iteration 0916 | train reward: 36.75 | best: 36.82 | KL: 3.089e-05 | std: 0.5352 | rollout: 10.595s | update: 0.260s | total: 10.855s | samples/s: 5896
Iteration 0917 | train reward: 36.37 | best: 36.82 | KL: 4.208e-05 | std: 0.5351 | rollout: 10.658s | update: 0.412s | total: 11.070s | samples/s: 5781
Iteration 0918 | train reward: 36.37 | best: 36.82 | KL: 2.257e-05 | std: 0.5351 | rollout: 11.031s | update: 0.205s | total: 11.235s | samples/s: 5696
Iteration 0919 | train reward: 36.69 | best: 36.82 | KL: 2.595e-05 | std: 0.5351 | rollout: 11.017s | update: 0.505s | total: 11.522s | samples/s: 5555
Iteration 0920 | train reward: 36.67 | best: 36.82 | KL: 3.003e-05 | std: 0.5351 | rollout: 10.567s | update: 0.154s | total: 10.721s | samples/s: 5970
Iteration 0921 | train reward: 36.58 | best: 36.82 | KL: 2.169e-05 | std: 0.5348 | rollout: 10.806s | update: 0.288s | total: 11.095s | samples/s: 5769
Iteration 0922 | train reward: 36.64 | best: 36.82 | KL: 2.001e-05 | std: 0.5348 | rollout: 11.029s | update: 0.201s | total: 11.230s | samples/s: 5699
Iteration 0923 | train reward: 36.56 | best: 36.82 | KL: 2.454e-05 | std: 0.5348 | rollout: 10.941s | update: 0.331s | total: 11.272s | samples/s: 5678
Iteration 0924 | train reward: 36.33 | best: 36.82 | KL: 1.292e-05 | std: 0.5347 | rollout: 10.568s | update: 0.247s | total: 10.815s | samples/s: 5918
Iteration 0925 | train reward: 36.46 | best: 36.82 | KL: 5.468e-05 | std: 0.5347 | rollout: 10.537s | update: 0.179s | total: 10.716s | samples/s: 5972
Iteration 0926 | train reward: 36.83 | best: 36.83 | KL: 3.610e-05 | std: 0.5348 | rollout: 10.675s | update: 0.159s | total: 10.835s | samples/s: 5907
Iteration 0927 | train reward: 36.72 | best: 36.83 | KL: 2.065e-05 | std: 0.5350 | rollout: 11.791s | update: 0.370s | total: 12.161s | samples/s: 5263
Iteration 0928 | train reward: 36.50 | best: 36.83 | KL: 3.829e-05 | std: 0.5348 | rollout: 11.287s | update: 0.140s | total: 11.427s | samples/s: 5601
Iteration 0929 | train reward: 36.69 | best: 36.83 | KL: 4.366e-05 | std: 0.5348 | rollout: 10.570s | update: 0.208s | total: 10.777s | samples/s: 5938
Iteration 0930 | train reward: 36.53 | best: 36.83 | KL: 3.622e-05 | std: 0.5348 | rollout: 10.502s | update: 0.162s | total: 10.663s | samples/s: 6002
Iteration 0931 | train reward: 36.53 | best: 36.83 | KL: 4.606e-05 | std: 0.5348 | rollout: 10.814s | update: 0.256s | total: 11.070s | samples/s: 5781
Iteration 0932 | train reward: 36.51 | best: 36.83 | KL: 2.704e-05 | std: 0.5348 | rollout: 11.431s | update: 0.187s | total: 11.618s | samples/s: 5509
Iteration 0933 | train reward: 36.44 | best: 36.83 | KL: 3.857e-05 | std: 0.5347 | rollout: 11.439s | update: 0.574s | total: 12.012s | samples/s: 5328
Iteration 0934 | train reward: 36.72 | best: 36.83 | KL: 1.488e-05 | std: 0.5337 | rollout: 11.951s | update: 0.338s | total: 12.289s | samples/s: 5208
Iteration 0935 | train reward: 36.55 | best: 36.83 | KL: 3.267e-05 | std: 0.5337 | rollout: 11.116s | update: 0.236s | total: 11.352s | samples/s: 5638
Iteration 0936 | train reward: 36.59 | best: 36.83 | KL: 1.421e-05 | std: 0.5337 | rollout: 10.988s | update: 0.182s | total: 11.170s | samples/s: 5730
Iteration 0937 | train reward: 36.55 | best: 36.83 | KL: 2.607e-05 | std: 0.5337 | rollout: 10.662s | update: 0.156s | total: 10.819s | samples/s: 5916
Iteration 0938 | train reward: 36.73 | best: 36.83 | KL: 2.358e-05 | std: 0.5337 | rollout: 10.765s | update: 0.157s | total: 10.922s | samples/s: 5860
Iteration 0939 | train reward: 36.61 | best: 36.83 | KL: 3.026e-05 | std: 0.5336 | rollout: 10.882s | update: 0.153s | total: 11.036s | samples/s: 5799
Iteration 0940 | train reward: 36.45 | best: 36.83 | KL: 3.145e-05 | std: 0.5334 | rollout: 10.785s | update: 0.402s | total: 11.187s | samples/s: 5721
Iteration 0941 | train reward: 36.47 | best: 36.83 | KL: 2.524e-05 | std: 0.5333 | rollout: 10.710s | update: 0.188s | total: 10.898s | samples/s: 5872
Iteration 0942 | train reward: 36.83 | best: 36.83 | KL: 3.169e-05 | std: 0.5333 | rollout: 10.680s | update: 0.176s | total: 10.856s | samples/s: 5895
Iteration 0943 | train reward: 36.81 | best: 36.83 | KL: 5.669e-05 | std: 0.5333 | rollout: 10.600s | update: 0.136s | total: 10.736s | samples/s: 5961
Iteration 0944 | train reward: 36.50 | best: 36.83 | KL: 3.480e-05 | std: 0.5330 | rollout: 10.450s | update: 0.180s | total: 10.630s | samples/s: 6021
Iteration 0945 | train reward: 36.69 | best: 36.83 | KL: 2.650e-05 | std: 0.5328 | rollout: 10.742s | update: 0.315s | total: 11.058s | samples/s: 5788
Iteration 0946 | train reward: 36.67 | best: 36.83 | KL: 1.899e-05 | std: 0.5327 | rollout: 10.556s | update: 0.348s | total: 10.904s | samples/s: 5869
Iteration 0947 | train reward: 36.73 | best: 36.83 | KL: 4.529e-05 | std: 0.5327 | rollout: 10.822s | update: 0.250s | total: 11.073s | samples/s: 5780
Iteration 0948 | train reward: 36.71 | best: 36.83 | KL: 1.667e-05 | std: 0.5327 | rollout: 10.676s | update: 0.168s | total: 10.845s | samples/s: 5902
Iteration 0949 | train reward: 36.78 | best: 36.83 | KL: 2.766e-05 | std: 0.5317 | rollout: 10.692s | update: 0.173s | total: 10.865s | samples/s: 5891
Iteration 0950 | train reward: 36.77 | best: 36.83 | KL: 2.135e-05 | std: 0.5317 | rollout: 10.880s | update: 0.213s | total: 11.094s | samples/s: 5769
Iteration 0951 | train reward: 36.76 | best: 36.83 | KL: 2.719e-05 | std: 0.5317 | rollout: 10.847s | update: 0.205s | total: 11.052s | samples/s: 5791
Iteration 0952 | train reward: 36.67 | best: 36.83 | KL: 3.631e-05 | std: 0.5316 | rollout: 10.622s | update: 0.168s | total: 10.791s | samples/s: 5931
Iteration 0953 | train reward: 36.51 | best: 36.83 | KL: 3.720e-05 | std: 0.5314 | rollout: 10.432s | update: 0.142s | total: 10.574s | samples/s: 6053
Iteration 0954 | train reward: 36.68 | best: 36.83 | KL: 3.396e-05 | std: 0.5314 | rollout: 10.470s | update: 0.151s | total: 10.621s | samples/s: 6026
Iteration 0955 | train reward: 36.83 | best: 36.83 | KL: 2.345e-05 | std: 0.5314 | rollout: 10.946s | update: 0.192s | total: 11.138s | samples/s: 5746
Iteration 0956 | train reward: 36.67 | best: 36.83 | KL: 3.875e-05 | std: 0.5316 | rollout: 10.544s | update: 0.133s | total: 10.677s | samples/s: 5994
Iteration 0957 | train reward: 36.38 | best: 36.83 | KL: 5.375e-05 | std: 0.5314 | rollout: 10.616s | update: 0.148s | total: 10.765s | samples/s: 5945
Iteration 0958 | train reward: 36.63 | best: 36.83 | KL: 2.381e-05 | std: 0.5313 | rollout: 10.694s | update: 0.155s | total: 10.849s | samples/s: 5899
Iteration 0959 | train reward: 36.67 | best: 36.83 | KL: 2.565e-05 | std: 0.5313 | rollout: 10.576s | update: 0.164s | total: 10.740s | samples/s: 5959
Iteration 0960 | train reward: 36.58 | best: 36.83 | KL: 4.982e-05 | std: 0.5313 | rollout: 11.211s | update: 0.137s | total: 11.347s | samples/s: 5640
Iteration 0961 | train reward: 36.76 | best: 36.83 | KL: 2.865e-05 | std: 0.5313 | rollout: 11.092s | update: 0.386s | total: 11.478s | samples/s: 5576
Iteration 0962 | train reward: 36.84 | best: 36.84 | KL: 3.349e-05 | std: 0.5312 | rollout: 10.931s | update: 0.385s | total: 11.316s | samples/s: 5656
Iteration 0963 | train reward: 36.88 | best: 36.88 | KL: 2.810e-05 | std: 0.5313 | rollout: 11.381s | update: 0.453s | total: 11.834s | samples/s: 5408
Iteration 0964 | train reward: 36.83 | best: 36.88 | KL: 2.036e-05 | std: 0.5313 | rollout: 10.975s | update: 0.217s | total: 11.192s | samples/s: 5718
Iteration 0965 | train reward: 36.63 | best: 36.88 | KL: 2.187e-05 | std: 0.5313 | rollout: 10.809s | update: 0.164s | total: 10.973s | samples/s: 5833
Iteration 0966 | train reward: 36.68 | best: 36.88 | KL: 3.897e-05 | std: 0.5312 | rollout: 11.207s | update: 0.182s | total: 11.390s | samples/s: 5619
Iteration 0967 | train reward: 36.81 | best: 36.88 | KL: 1.870e-05 | std: 0.5312 | rollout: 10.768s | update: 0.493s | total: 11.261s | samples/s: 5683
Iteration 0968 | train reward: 36.78 | best: 36.88 | KL: 2.759e-05 | std: 0.5312 | rollout: 10.827s | update: 0.174s | total: 11.001s | samples/s: 5817
Iteration 0969 | train reward: 36.79 | best: 36.88 | KL: 3.011e-05 | std: 0.5309 | rollout: 11.059s | update: 0.147s | total: 11.207s | samples/s: 5711
Iteration 0970 | train reward: 36.66 | best: 36.88 | KL: 3.115e-05 | std: 0.5308 | rollout: 10.791s | update: 0.254s | total: 11.045s | samples/s: 5794
Iteration 0971 | train reward: 36.68 | best: 36.88 | KL: 1.657e-05 | std: 0.5308 | rollout: 11.054s | update: 0.332s | total: 11.386s | samples/s: 5621
Iteration 0972 | train reward: 36.87 | best: 36.88 | KL: 3.560e-05 | std: 0.5298 | rollout: 10.587s | update: 0.144s | total: 10.730s | samples/s: 5964
Iteration 0973 | train reward: 36.86 | best: 36.88 | KL: 2.550e-05 | std: 0.5298 | rollout: 10.891s | update: 0.249s | total: 11.140s | samples/s: 5745
Iteration 0974 | train reward: 36.76 | best: 36.88 | KL: 3.068e-05 | std: 0.5298 | rollout: 11.031s | update: 0.225s | total: 11.256s | samples/s: 5686
Iteration 0975 | train reward: 36.66 | best: 36.88 | KL: 2.137e-05 | std: 0.5297 | rollout: 10.755s | update: 0.154s | total: 10.908s | samples/s: 5867
Iteration 0976 | train reward: 36.86 | best: 36.88 | KL: 3.883e-05 | std: 0.5297 | rollout: 10.362s | update: 0.163s | total: 10.525s | samples/s: 6081
Iteration 0977 | train reward: 36.60 | best: 36.88 | KL: 3.294e-05 | std: 0.5297 | rollout: 10.818s | update: 0.168s | total: 10.985s | samples/s: 5826
Iteration 0978 | train reward: 36.98 | best: 36.98 | KL: 2.836e-05 | std: 0.5295 | rollout: 10.714s | update: 0.175s | total: 10.889s | samples/s: 5877
Iteration 0979 | train reward: 36.72 | best: 36.98 | KL: 5.895e-05 | std: 0.5295 | rollout: 10.512s | update: 0.168s | total: 10.680s | samples/s: 5992
Iteration 0980 | train reward: 36.82 | best: 36.98 | KL: 3.353e-05 | std: 0.5295 | rollout: 10.731s | update: 0.174s | total: 10.905s | samples/s: 5869
Iteration 0981 | train reward: 37.05 | best: 37.05 | KL: 2.843e-05 | std: 0.5295 | rollout: 10.487s | update: 0.181s | total: 10.668s | samples/s: 5999
Iteration 0982 | train reward: 36.96 | best: 37.05 | KL: 3.181e-05 | std: 0.5297 | rollout: 10.793s | update: 0.168s | total: 10.961s | samples/s: 5839
Iteration 0983 | train reward: 36.89 | best: 37.05 | KL: 3.871e-05 | std: 0.5295 | rollout: 10.556s | update: 0.558s | total: 11.114s | samples/s: 5758
Iteration 0984 | train reward: 36.99 | best: 37.05 | KL: 3.314e-05 | std: 0.5294 | rollout: 10.552s | update: 0.166s | total: 10.717s | samples/s: 5972
Iteration 0985 | train reward: 36.92 | best: 37.05 | KL: 1.791e-05 | std: 0.5295 | rollout: 10.851s | update: 0.171s | total: 11.023s | samples/s: 5806
Iteration 0986 | train reward: 36.82 | best: 37.05 | KL: 2.922e-05 | std: 0.5295 | rollout: 10.993s | update: 0.436s | total: 11.429s | samples/s: 5600
Iteration 0987 | train reward: 36.91 | best: 37.05 | KL: 2.199e-05 | std: 0.5295 | rollout: 11.111s | update: 0.179s | total: 11.290s | samples/s: 5669
Iteration 0988 | train reward: 36.94 | best: 37.05 | KL: 3.751e-05 | std: 0.5294 | rollout: 10.979s | update: 0.496s | total: 11.475s | samples/s: 5577
Iteration 0989 | train reward: 37.03 | best: 37.05 | KL: 3.581e-05 | std: 0.5295 | rollout: 10.681s | update: 0.159s | total: 10.840s | samples/s: 5904
Iteration 0990 | train reward: 36.99 | best: 37.05 | KL: 2.514e-05 | std: 0.5294 | rollout: 10.904s | update: 0.249s | total: 11.152s | samples/s: 5739
Iteration 0991 | train reward: 36.65 | best: 37.05 | KL: 3.800e-05 | std: 0.5295 | rollout: 10.981s | update: 0.437s | total: 11.418s | samples/s: 5605
Iteration 0992 | train reward: 36.81 | best: 37.05 | KL: 2.203e-05 | std: 0.5295 | rollout: 10.809s | update: 0.218s | total: 11.027s | samples/s: 5804
Iteration 0993 | train reward: 36.76 | best: 37.05 | KL: 4.980e-05 | std: 0.5295 | rollout: 10.642s | update: 0.211s | total: 10.853s | samples/s: 5897
Iteration 0994 | train reward: 36.94 | best: 37.05 | KL: 3.903e-05 | std: 0.5295 | rollout: 10.828s | update: 0.138s | total: 10.966s | samples/s: 5836
Iteration 0995 | train reward: 37.09 | best: 37.09 | KL: 2.464e-05 | std: 0.5294 | rollout: 10.677s | update: 0.143s | total: 10.820s | samples/s: 5915
Iteration 0996 | train reward: 36.58 | best: 37.09 | KL: 2.665e-05 | std: 0.5292 | rollout: 10.848s | update: 0.415s | total: 11.263s | samples/s: 5682
Iteration 0997 | train reward: 36.78 | best: 37.09 | KL: 4.018e-05 | std: 0.5291 | rollout: 10.720s | update: 0.154s | total: 10.873s | samples/s: 5886
Iteration 0998 | train reward: 37.03 | best: 37.09 | KL: 3.398e-05 | std: 0.5291 | rollout: 10.693s | update: 0.143s | total: 10.835s | samples/s: 5907
Iteration 0999 | train reward: 36.86 | best: 37.09 | KL: 2.740e-05 | std: 0.5291 | rollout: 10.644s | update: 0.147s | total: 10.791s | samples/s: 5931
Iteration 1000 | train reward: 36.79 | best: 37.09 | KL: 3.468e-05 | std: 0.5291 | rollout: 10.797s | update: 0.153s | total: 10.950s | samples/s: 5845
Iteration 1001 | train reward: 37.03 | best: 37.09 | KL: 1.936e-05 | std: 0.5291 | rollout: 10.957s | update: 0.255s | total: 11.212s | samples/s: 5708
Iteration 1002 | train reward: 36.99 | best: 37.09 | KL: 3.712e-05 | std: 0.5289 | rollout: 10.803s | update: 0.258s | total: 11.060s | samples/s: 5786
Iteration 1003 | train reward: 36.90 | best: 37.09 | KL: 5.053e-05 | std: 0.5289 | rollout: 10.758s | update: 0.389s | total: 11.148s | samples/s: 5741
Iteration 1004 | train reward: 37.08 | best: 37.09 | KL: 5.236e-05 | std: 0.5288 | rollout: 10.852s | update: 0.163s | total: 11.015s | samples/s: 5810
Iteration 1005 | train reward: 36.89 | best: 37.09 | KL: 2.862e-05 | std: 0.5278 | rollout: 10.535s | update: 0.165s | total: 10.699s | samples/s: 5982
Iteration 1006 | train reward: 36.88 | best: 37.09 | KL: 3.131e-05 | std: 0.5277 | rollout: 10.418s | update: 0.178s | total: 10.596s | samples/s: 6040
Iteration 1007 | train reward: 36.82 | best: 37.09 | KL: 1.756e-05 | std: 0.5277 | rollout: 11.151s | update: 0.613s | total: 11.764s | samples/s: 5440
Iteration 1008 | train reward: 36.82 | best: 37.09 | KL: 1.441e-05 | std: 0.5277 | rollout: 11.405s | update: 0.161s | total: 11.566s | samples/s: 5533
Iteration 1009 | train reward: 36.85 | best: 37.09 | KL: 3.028e-05 | std: 0.5277 | rollout: 10.808s | update: 0.169s | total: 10.977s | samples/s: 5830
Iteration 1010 | train reward: 37.09 | best: 37.09 | KL: 2.629e-05 | std: 0.5274 | rollout: 10.800s | update: 0.141s | total: 10.941s | samples/s: 5850
Iteration 1011 | train reward: 36.96 | best: 37.09 | KL: 2.845e-05 | std: 0.5274 | rollout: 11.132s | update: 0.204s | total: 11.337s | samples/s: 5645
Iteration 1012 | train reward: 36.80 | best: 37.09 | KL: 2.368e-05 | std: 0.5274 | rollout: 10.566s | update: 0.318s | total: 10.884s | samples/s: 5880
Iteration 1013 | train reward: 37.06 | best: 37.09 | KL: 4.886e-05 | std: 0.5273 | rollout: 10.798s | update: 0.581s | total: 11.379s | samples/s: 5624
Iteration 1014 | train reward: 37.16 | best: 37.16 | KL: 6.090e-05 | std: 0.5273 | rollout: 11.375s | update: 0.153s | total: 11.527s | samples/s: 5552
Iteration 1015 | train reward: 36.92 | best: 37.16 | KL: 4.551e-05 | std: 0.5273 | rollout: 11.841s | update: 0.385s | total: 12.227s | samples/s: 5234
Iteration 1016 | train reward: 36.97 | best: 37.16 | KL: 5.374e-05 | std: 0.5272 | rollout: 11.635s | update: 0.439s | total: 12.073s | samples/s: 5301
Iteration 1017 | train reward: 37.11 | best: 37.16 | KL: 2.598e-05 | std: 0.5272 | rollout: 10.725s | update: 0.203s | total: 10.927s | samples/s: 5857
Iteration 1018 | train reward: 36.85 | best: 37.16 | KL: 2.107e-05 | std: 0.5270 | rollout: 10.877s | update: 0.135s | total: 11.012s | samples/s: 5812
Iteration 1019 | train reward: 36.89 | best: 37.16 | KL: 2.944e-05 | std: 0.5270 | rollout: 10.713s | update: 0.356s | total: 11.069s | samples/s: 5782
Iteration 1020 | train reward: 37.18 | best: 37.18 | KL: 2.368e-05 | std: 0.5269 | rollout: 10.716s | update: 0.161s | total: 10.877s | samples/s: 5884
Iteration 1021 | train reward: 36.93 | best: 37.18 | KL: 4.311e-05 | std: 0.5258 | rollout: 10.516s | update: 0.158s | total: 10.674s | samples/s: 5996
Iteration 1022 | train reward: 36.79 | best: 37.18 | KL: 3.212e-05 | std: 0.5258 | rollout: 10.570s | update: 0.136s | total: 10.705s | samples/s: 5978
Iteration 1023 | train reward: 37.05 | best: 37.18 | KL: 3.330e-05 | std: 0.5259 | rollout: 10.562s | update: 0.386s | total: 10.948s | samples/s: 5846
Iteration 1024 | train reward: 37.06 | best: 37.18 | KL: 2.396e-05 | std: 0.5258 | rollout: 10.914s | update: 0.167s | total: 11.081s | samples/s: 5776
Iteration 1025 | train reward: 36.98 | best: 37.18 | KL: 3.608e-05 | std: 0.5255 | rollout: 10.787s | update: 0.154s | total: 10.941s | samples/s: 5849
Iteration 1026 | train reward: 37.25 | best: 37.25 | KL: 4.990e-05 | std: 0.5255 | rollout: 10.793s | update: 0.156s | total: 10.949s | samples/s: 5845
Iteration 1027 | train reward: 37.20 | best: 37.25 | KL: 2.740e-05 | std: 0.5255 | rollout: 10.723s | update: 0.149s | total: 10.873s | samples/s: 5886
Iteration 1028 | train reward: 37.13 | best: 37.25 | KL: 2.294e-05 | std: 0.5253 | rollout: 10.670s | update: 0.124s | total: 10.793s | samples/s: 5930
Iteration 1029 | train reward: 37.10 | best: 37.25 | KL: 2.392e-05 | std: 0.5253 | rollout: 10.684s | update: 0.147s | total: 10.831s | samples/s: 5909
Iteration 1030 | train reward: 37.03 | best: 37.25 | KL: 4.735e-05 | std: 0.5253 | rollout: 10.403s | update: 0.180s | total: 10.582s | samples/s: 6048
Iteration 1031 | train reward: 37.14 | best: 37.25 | KL: 4.235e-05 | std: 0.5252 | rollout: 10.682s | update: 0.500s | total: 11.183s | samples/s: 5723
Iteration 1032 | train reward: 37.10 | best: 37.25 | KL: 1.906e-05 | std: 0.5250 | rollout: 10.773s | update: 0.266s | total: 11.040s | samples/s: 5797
Iteration 1033 | train reward: 37.11 | best: 37.25 | KL: 3.607e-05 | std: 0.5250 | rollout: 10.483s | update: 0.153s | total: 10.636s | samples/s: 6017
Iteration 1034 | train reward: 36.97 | best: 37.25 | KL: 2.396e-05 | std: 0.5250 | rollout: 10.910s | update: 0.514s | total: 11.423s | samples/s: 5603
Iteration 1035 | train reward: 37.25 | best: 37.25 | KL: 2.653e-05 | std: 0.5249 | rollout: 10.445s | update: 0.170s | total: 10.615s | samples/s: 6029
Iteration 1036 | train reward: 37.03 | best: 37.25 | KL: 3.558e-05 | std: 0.5249 | rollout: 10.625s | update: 0.148s | total: 10.773s | samples/s: 5941
Iteration 1037 | train reward: 37.12 | best: 37.25 | KL: 3.592e-05 | std: 0.5249 | rollout: 10.590s | update: 0.138s | total: 10.727s | samples/s: 5966
Iteration 1038 | train reward: 37.20 | best: 37.25 | KL: 2.616e-05 | std: 0.5239 | rollout: 10.541s | update: 0.151s | total: 10.692s | samples/s: 5986
Iteration 1039 | train reward: 37.12 | best: 37.25 | KL: 2.897e-05 | std: 0.5238 | rollout: 10.412s | update: 0.145s | total: 10.558s | samples/s: 6062
Iteration 1040 | train reward: 37.00 | best: 37.25 | KL: 2.867e-05 | std: 0.5235 | rollout: 10.846s | update: 0.535s | total: 11.382s | samples/s: 5623
Iteration 1041 | train reward: 37.24 | best: 37.25 | KL: 2.387e-05 | std: 0.5235 | rollout: 11.573s | update: 0.206s | total: 11.780s | samples/s: 5433
Iteration 1042 | train reward: 37.21 | best: 37.25 | KL: 3.901e-05 | std: 0.5235 | rollout: 12.239s | update: 0.227s | total: 12.466s | samples/s: 5134
Iteration 1043 | train reward: 36.82 | best: 37.25 | KL: 2.536e-05 | std: 0.5235 | rollout: 11.959s | update: 0.191s | total: 12.150s | samples/s: 5268
Iteration 1044 | train reward: 37.35 | best: 37.35 | KL: 2.266e-05 | std: 0.5235 | rollout: 11.443s | update: 0.298s | total: 11.741s | samples/s: 5451
Iteration 1045 | train reward: 37.51 | best: 37.51 | KL: 2.875e-05 | std: 0.5235 | rollout: 11.532s | update: 0.265s | total: 11.797s | samples/s: 5425
Iteration 1046 | train reward: 37.12 | best: 37.51 | KL: 2.565e-05 | std: 0.5235 | rollout: 11.157s | update: 0.150s | total: 11.307s | samples/s: 5660
Iteration 1047 | train reward: 37.39 | best: 37.51 | KL: 2.711e-05 | std: 0.5234 | rollout: 11.207s | update: 0.154s | total: 11.361s | samples/s: 5633
Iteration 1048 | train reward: 37.28 | best: 37.51 | KL: 3.266e-05 | std: 0.5234 | rollout: 10.684s | update: 0.147s | total: 10.831s | samples/s: 5909
Iteration 1049 | train reward: 37.25 | best: 37.51 | KL: 3.756e-05 | std: 0.5233 | rollout: 10.650s | update: 0.178s | total: 10.828s | samples/s: 5911
Iteration 1050 | train reward: 37.21 | best: 37.51 | KL: 2.700e-05 | std: 0.5233 | rollout: 10.846s | update: 0.419s | total: 11.264s | samples/s: 5682
Iteration 1051 | train reward: 37.13 | best: 37.51 | KL: 2.597e-05 | std: 0.5233 | rollout: 10.904s | update: 0.138s | total: 11.041s | samples/s: 5796
Iteration 1052 | train reward: 37.16 | best: 37.51 | KL: 2.055e-05 | std: 0.5233 | rollout: 10.531s | update: 0.141s | total: 10.672s | samples/s: 5997
Iteration 1053 | train reward: 37.16 | best: 37.51 | KL: 3.119e-05 | std: 0.5233 | rollout: 10.961s | update: 0.298s | total: 11.259s | samples/s: 5684
Iteration 1054 | train reward: 37.34 | best: 37.51 | KL: 3.176e-05 | std: 0.5233 | rollout: 11.100s | update: 0.146s | total: 11.246s | samples/s: 5691
Iteration 1055 | train reward: 37.26 | best: 37.51 | KL: 4.472e-05 | std: 0.5231 | rollout: 10.825s | update: 0.331s | total: 11.156s | samples/s: 5737
Iteration 1056 | train reward: 37.05 | best: 37.51 | KL: 2.534e-05 | std: 0.5230 | rollout: 10.721s | update: 0.364s | total: 11.084s | samples/s: 5774
Iteration 1057 | train reward: 37.17 | best: 37.51 | KL: 3.325e-05 | std: 0.5220 | rollout: 10.891s | update: 0.170s | total: 11.060s | samples/s: 5786
Iteration 1058 | train reward: 36.99 | best: 37.51 | KL: 2.773e-05 | std: 0.5220 | rollout: 10.439s | update: 0.169s | total: 10.607s | samples/s: 6034
Iteration 1059 | train reward: 37.24 | best: 37.51 | KL: 4.552e-05 | std: 0.5220 | rollout: 10.709s | update: 0.154s | total: 10.863s | samples/s: 5892
Iteration 1060 | train reward: 37.18 | best: 37.51 | KL: 3.224e-05 | std: 0.5219 | rollout: 10.664s | update: 0.219s | total: 10.883s | samples/s: 5881
Iteration 1061 | train reward: 37.37 | best: 37.51 | KL: 3.162e-05 | std: 0.5216 | rollout: 10.761s | update: 0.162s | total: 10.923s | samples/s: 5859
Iteration 1062 | train reward: 37.35 | best: 37.51 | KL: 3.611e-05 | std: 0.5216 | rollout: 10.780s | update: 0.289s | total: 11.069s | samples/s: 5782
Iteration 1063 | train reward: 37.17 | best: 37.51 | KL: 6.147e-05 | std: 0.5215 | rollout: 11.053s | update: 0.214s | total: 11.267s | samples/s: 5680
Iteration 1064 | train reward: 37.42 | best: 37.51 | KL: 2.888e-05 | std: 0.5214 | rollout: 10.766s | update: 0.262s | total: 11.028s | samples/s: 5803
Iteration 1065 | train reward: 37.29 | best: 37.51 | KL: 1.437e-05 | std: 0.5214 | rollout: 10.840s | update: 0.141s | total: 10.981s | samples/s: 5828
Iteration 1066 | train reward: 37.52 | best: 37.52 | KL: 2.547e-05 | std: 0.5214 | rollout: 10.738s | update: 0.155s | total: 10.893s | samples/s: 5875
Iteration 1067 | train reward: 37.36 | best: 37.52 | KL: 2.608e-05 | std: 0.5213 | rollout: 10.900s | update: 0.672s | total: 11.572s | samples/s: 5530
Iteration 1068 | train reward: 37.07 | best: 37.52 | KL: 3.050e-05 | std: 0.5211 | rollout: 11.500s | update: 0.291s | total: 11.790s | samples/s: 5428
Iteration 1069 | train reward: 37.64 | best: 37.64 | KL: 3.126e-05 | std: 0.5210 | rollout: 11.316s | update: 0.173s | total: 11.489s | samples/s: 5570
Iteration 1070 | train reward: 37.47 | best: 37.64 | KL: 2.540e-05 | std: 0.5200 | rollout: 11.201s | update: 0.147s | total: 11.347s | samples/s: 5640
Iteration 1071 | train reward: 37.55 | best: 37.64 | KL: 1.622e-05 | std: 0.5200 | rollout: 10.632s | update: 0.144s | total: 10.775s | samples/s: 5940
Iteration 1072 | train reward: 37.32 | best: 37.64 | KL: 2.693e-05 | std: 0.5199 | rollout: 10.691s | update: 0.246s | total: 10.937s | samples/s: 5852
Iteration 1073 | train reward: 37.53 | best: 37.64 | KL: 2.052e-05 | std: 0.5199 | rollout: 10.461s | update: 0.157s | total: 10.618s | samples/s: 6027
Iteration 1074 | train reward: 37.60 | best: 37.64 | KL: 2.427e-05 | std: 0.5199 | rollout: 10.850s | update: 0.154s | total: 11.004s | samples/s: 5816
Iteration 1075 | train reward: 37.39 | best: 37.64 | KL: 2.182e-05 | std: 0.5196 | rollout: 10.501s | update: 0.145s | total: 10.646s | samples/s: 6012
Iteration 1076 | train reward: 37.28 | best: 37.64 | KL: 3.168e-05 | std: 0.5199 | rollout: 10.814s | update: 0.200s | total: 11.014s | samples/s: 5811
Iteration 1077 | train reward: 37.39 | best: 37.64 | KL: 2.666e-05 | std: 0.5197 | rollout: 10.657s | update: 0.499s | total: 11.156s | samples/s: 5737
Iteration 1078 | train reward: 37.48 | best: 37.64 | KL: 2.813e-05 | std: 0.5196 | rollout: 10.860s | update: 0.172s | total: 11.032s | samples/s: 5801
Iteration 1079 | train reward: 37.56 | best: 37.64 | KL: 1.777e-05 | std: 0.5196 | rollout: 11.023s | update: 0.138s | total: 11.161s | samples/s: 5734
Iteration 1080 | train reward: 37.55 | best: 37.64 | KL: 3.785e-05 | std: 0.5195 | rollout: 11.023s | update: 0.154s | total: 11.177s | samples/s: 5726
Iteration 1081 | train reward: 37.80 | best: 37.80 | KL: 1.955e-05 | std: 0.5195 | rollout: 11.410s | update: 0.157s | total: 11.567s | samples/s: 5533
Iteration 1082 | train reward: 37.76 | best: 37.80 | KL: 2.778e-05 | std: 0.5195 | rollout: 10.870s | update: 0.170s | total: 11.041s | samples/s: 5797
Iteration 1083 | train reward: 37.65 | best: 37.80 | KL: 2.540e-05 | std: 0.5194 | rollout: 10.744s | update: 0.190s | total: 10.934s | samples/s: 5854
Iteration 1084 | train reward: 37.74 | best: 37.80 | KL: 3.937e-05 | std: 0.5194 | rollout: 10.808s | update: 0.330s | total: 11.138s | samples/s: 5746
Iteration 1085 | train reward: 37.45 | best: 37.80 | KL: 3.400e-05 | std: 0.5192 | rollout: 10.934s | update: 0.453s | total: 11.386s | samples/s: 5621
Iteration 1086 | train reward: 37.43 | best: 37.80 | KL: 3.160e-05 | std: 0.5192 | rollout: 10.681s | update: 0.137s | total: 10.818s | samples/s: 5916
Iteration 1087 | train reward: 37.63 | best: 37.80 | KL: 2.539e-05 | std: 0.5191 | rollout: 10.560s | update: 0.157s | total: 10.717s | samples/s: 5972
Iteration 1088 | train reward: 37.70 | best: 37.80 | KL: 3.495e-05 | std: 0.5191 | rollout: 10.751s | update: 0.176s | total: 10.927s | samples/s: 5857
Iteration 1089 | train reward: 37.57 | best: 37.80 | KL: 4.823e-05 | std: 0.5191 | rollout: 10.578s | update: 0.170s | total: 10.748s | samples/s: 5955
Iteration 1090 | train reward: 37.53 | best: 37.80 | KL: 2.329e-05 | std: 0.5191 | rollout: 11.045s | update: 0.235s | total: 11.280s | samples/s: 5674
Iteration 1091 | train reward: 37.69 | best: 37.80 | KL: 2.628e-05 | std: 0.5181 | rollout: 10.852s | update: 0.143s | total: 10.995s | samples/s: 5821
Iteration 1092 | train reward: 37.63 | best: 37.80 | KL: 3.421e-05 | std: 0.5181 | rollout: 10.796s | update: 0.166s | total: 10.962s | samples/s: 5839
Iteration 1093 | train reward: 37.70 | best: 37.80 | KL: 2.650e-05 | std: 0.5181 | rollout: 10.667s | update: 0.367s | total: 11.034s | samples/s: 5800
Iteration 1094 | train reward: 37.59 | best: 37.80 | KL: 3.938e-05 | std: 0.5180 | rollout: 10.743s | update: 0.165s | total: 10.908s | samples/s: 5867
Iteration 1095 | train reward: 37.47 | best: 37.80 | KL: 1.936e-05 | std: 0.5180 | rollout: 10.970s | update: 0.158s | total: 11.128s | samples/s: 5752
Iteration 1096 | train reward: 37.58 | best: 37.80 | KL: 2.258e-05 | std: 0.5180 | rollout: 12.064s | update: 0.782s | total: 12.846s | samples/s: 4982
Iteration 1097 | train reward: 37.64 | best: 37.80 | KL: 3.001e-05 | std: 0.5180 | rollout: 11.984s | update: 0.444s | total: 12.428s | samples/s: 5150
Iteration 1098 | train reward: 37.50 | best: 37.80 | KL: 3.014e-05 | std: 0.5177 | rollout: 10.874s | update: 0.224s | total: 11.098s | samples/s: 5767
Iteration 1099 | train reward: 37.52 | best: 37.80 | KL: 5.028e-05 | std: 0.5177 | rollout: 10.693s | update: 0.148s | total: 10.841s | samples/s: 5903
Iteration 1100 | train reward: 37.80 | best: 37.80 | KL: 5.150e-05 | std: 0.5176 | rollout: 10.740s | update: 0.469s | total: 11.210s | samples/s: 5709
Iteration 1101 | train reward: 37.60 | best: 37.80 | KL: 4.311e-05 | std: 0.5176 | rollout: 10.716s | update: 0.270s | total: 10.986s | samples/s: 5826
Iteration 1102 | train reward: 37.64 | best: 37.80 | KL: 1.312e-05 | std: 0.5176 | rollout: 10.609s | update: 0.150s | total: 10.759s | samples/s: 5949
Iteration 1103 | train reward: 37.70 | best: 37.80 | KL: 3.081e-05 | std: 0.5176 | rollout: 10.779s | update: 0.142s | total: 10.921s | samples/s: 5860
Iteration 1104 | train reward: 37.72 | best: 37.80 | KL: 5.552e-05 | std: 0.5176 | rollout: 10.857s | update: 0.147s | total: 11.004s | samples/s: 5816
Iteration 1105 | train reward: 37.75 | best: 37.80 | KL: 2.186e-05 | std: 0.5175 | rollout: 10.754s | update: 0.141s | total: 10.895s | samples/s: 5874
Iteration 1106 | train reward: 37.66 | best: 37.80 | KL: 3.482e-05 | std: 0.5175 | rollout: 10.448s | update: 0.304s | total: 10.752s | samples/s: 5953
Iteration 1107 | train reward: 37.38 | best: 37.80 | KL: 3.753e-05 | std: 0.5175 | rollout: 10.966s | update: 0.161s | total: 11.128s | samples/s: 5751
Iteration 1108 | train reward: 37.67 | best: 37.80 | KL: 3.436e-05 | std: 0.5175 | rollout: 10.927s | update: 0.152s | total: 11.080s | samples/s: 5776
Iteration 1109 | train reward: 37.65 | best: 37.80 | KL: 5.362e-05 | std: 0.5174 | rollout: 10.639s | update: 0.172s | total: 10.811s | samples/s: 5920
Iteration 1110 | train reward: 37.86 | best: 37.86 | KL: 5.022e-05 | std: 0.5174 | rollout: 10.542s | update: 0.149s | total: 10.691s | samples/s: 5986
Iteration 1111 | train reward: 37.64 | best: 37.86 | KL: 5.070e-05 | std: 0.5172 | rollout: 10.753s | update: 0.155s | total: 10.907s | samples/s: 5868
Iteration 1112 | train reward: 37.72 | best: 37.86 | KL: 3.104e-05 | std: 0.5174 | rollout: 10.865s | update: 0.229s | total: 11.094s | samples/s: 5769
Iteration 1113 | train reward: 37.77 | best: 37.86 | KL: 3.868e-05 | std: 0.5174 | rollout: 10.522s | update: 0.203s | total: 10.726s | samples/s: 5967
Iteration 1114 | train reward: 37.51 | best: 37.86 | KL: 4.128e-05 | std: 0.5171 | rollout: 10.295s | update: 0.203s | total: 10.498s | samples/s: 6097
Iteration 1115 | train reward: 37.79 | best: 37.86 | KL: 4.052e-05 | std: 0.5161 | rollout: 10.748s | update: 0.254s | total: 11.002s | samples/s: 5817
Iteration 1116 | train reward: 37.70 | best: 37.86 | KL: 3.068e-05 | std: 0.5161 | rollout: 10.361s | update: 0.529s | total: 10.890s | samples/s: 5877
Iteration 1117 | train reward: 37.81 | best: 37.86 | KL: 5.119e-05 | std: 0.5161 | rollout: 10.594s | update: 0.242s | total: 10.835s | samples/s: 5907
Iteration 1118 | train reward: 37.77 | best: 37.86 | KL: 2.988e-05 | std: 0.5160 | rollout: 11.610s | update: 0.323s | total: 11.933s | samples/s: 5363
Iteration 1119 | train reward: 37.64 | best: 37.86 | KL: 2.472e-05 | std: 0.5160 | rollout: 10.647s | update: 0.520s | total: 11.167s | samples/s: 5731
Iteration 1120 | train reward: 37.58 | best: 37.86 | KL: 3.627e-05 | std: 0.5160 | rollout: 10.752s | update: 0.331s | total: 11.082s | samples/s: 5775
Iteration 1121 | train reward: 37.98 | best: 37.98 | KL: 3.668e-05 | std: 0.5160 | rollout: 10.678s | update: 0.599s | total: 11.277s | samples/s: 5675
Iteration 1122 | train reward: 37.79 | best: 37.98 | KL: 4.830e-05 | std: 0.5160 | rollout: 11.238s | update: 0.210s | total: 11.447s | samples/s: 5591
Iteration 1123 | train reward: 37.73 | best: 37.98 | KL: 2.739e-05 | std: 0.5157 | rollout: 11.445s | update: 0.240s | total: 11.686s | samples/s: 5477
Iteration 1124 | train reward: 37.62 | best: 37.98 | KL: 5.094e-05 | std: 0.5157 | rollout: 11.049s | update: 0.158s | total: 11.207s | samples/s: 5711
Iteration 1125 | train reward: 37.80 | best: 37.98 | KL: 4.258e-05 | std: 0.5157 | rollout: 10.670s | update: 0.136s | total: 10.806s | samples/s: 5922
Iteration 1126 | train reward: 37.92 | best: 37.98 | KL: 4.761e-05 | std: 0.5156 | rollout: 10.929s | update: 0.163s | total: 11.092s | samples/s: 5770
Iteration 1127 | train reward: 38.01 | best: 38.01 | KL: 4.245e-05 | std: 0.5157 | rollout: 10.596s | update: 0.267s | total: 10.863s | samples/s: 5892
Iteration 1128 | train reward: 37.70 | best: 38.01 | KL: 3.086e-05 | std: 0.5156 | rollout: 10.768s | update: 0.323s | total: 11.091s | samples/s: 5770
Iteration 1129 | train reward: 37.69 | best: 38.01 | KL: 3.504e-05 | std: 0.5156 | rollout: 10.810s | update: 0.287s | total: 11.097s | samples/s: 5767
Iteration 1130 | train reward: 37.79 | best: 38.01 | KL: 3.257e-05 | std: 0.5155 | rollout: 10.882s | update: 0.321s | total: 11.203s | samples/s: 5713
Iteration 1131 | train reward: 38.00 | best: 38.01 | KL: 3.038e-05 | std: 0.5152 | rollout: 10.927s | update: 0.242s | total: 11.169s | samples/s: 5730
Iteration 1132 | train reward: 37.92 | best: 38.01 | KL: 2.375e-05 | std: 0.5152 | rollout: 10.509s | update: 0.358s | total: 10.867s | samples/s: 5889
Iteration 1133 | train reward: 37.80 | best: 38.01 | KL: 4.911e-05 | std: 0.5142 | rollout: 10.676s | update: 0.141s | total: 10.816s | samples/s: 5917
Iteration 1134 | train reward: 37.92 | best: 38.01 | KL: 2.343e-05 | std: 0.5142 | rollout: 10.772s | update: 0.187s | total: 10.959s | samples/s: 5840
Iteration 1135 | train reward: 37.91 | best: 38.01 | KL: 2.865e-05 | std: 0.5141 | rollout: 11.061s | update: 0.441s | total: 11.502s | samples/s: 5564
Iteration 1136 | train reward: 38.00 | best: 38.01 | KL: 3.958e-05 | std: 0.5141 | rollout: 10.913s | update: 0.573s | total: 11.486s | samples/s: 5572
Iteration 1137 | train reward: 38.07 | best: 38.07 | KL: 2.894e-05 | std: 0.5138 | rollout: 10.490s | update: 0.186s | total: 10.676s | samples/s: 5995
Iteration 1138 | train reward: 37.94 | best: 38.07 | KL: 3.908e-05 | std: 0.5138 | rollout: 10.889s | update: 0.183s | total: 11.071s | samples/s: 5781
Iteration 1139 | train reward: 37.74 | best: 38.07 | KL: 4.403e-05 | std: 0.5138 | rollout: 10.865s | update: 0.353s | total: 11.218s | samples/s: 5705
Iteration 1140 | train reward: 38.08 | best: 38.08 | KL: 3.464e-05 | std: 0.5137 | rollout: 10.595s | update: 0.205s | total: 10.800s | samples/s: 5926
Iteration 1141 | train reward: 37.99 | best: 38.08 | KL: 2.280e-05 | std: 0.5136 | rollout: 10.849s | update: 0.141s | total: 10.991s | samples/s: 5823
Iteration 1142 | train reward: 37.82 | best: 38.08 | KL: 2.910e-05 | std: 0.5136 | rollout: 10.548s | update: 0.147s | total: 10.695s | samples/s: 5984
Iteration 1143 | train reward: 37.99 | best: 38.08 | KL: 3.109e-05 | std: 0.5135 | rollout: 10.724s | update: 0.272s | total: 10.996s | samples/s: 5820
Iteration 1144 | train reward: 37.87 | best: 38.08 | KL: 1.964e-05 | std: 0.5137 | rollout: 10.996s | update: 0.210s | total: 11.206s | samples/s: 5711
Iteration 1145 | train reward: 37.89 | best: 38.08 | KL: 2.630e-05 | std: 0.5135 | rollout: 10.975s | update: 0.159s | total: 11.133s | samples/s: 5749
Iteration 1146 | train reward: 37.99 | best: 38.08 | KL: 3.217e-05 | std: 0.5133 | rollout: 10.579s | update: 0.172s | total: 10.750s | samples/s: 5953
Iteration 1147 | train reward: 37.75 | best: 38.08 | KL: 2.423e-05 | std: 0.5133 | rollout: 10.847s | update: 0.278s | total: 11.125s | samples/s: 5753
Iteration 1148 | train reward: 37.82 | best: 38.08 | KL: 2.290e-05 | std: 0.5133 | rollout: 10.670s | update: 0.255s | total: 10.925s | samples/s: 5858
Iteration 1149 | train reward: 37.83 | best: 38.08 | KL: 3.103e-05 | std: 0.5133 | rollout: 10.870s | update: 0.136s | total: 11.007s | samples/s: 5815
Iteration 1150 | train reward: 37.81 | best: 38.08 | KL: 2.973e-05 | std: 0.5132 | rollout: 11.317s | update: 0.249s | total: 11.566s | samples/s: 5534
Iteration 1151 | train reward: 37.66 | best: 38.08 | KL: 2.634e-05 | std: 0.5132 | rollout: 11.139s | update: 0.154s | total: 11.294s | samples/s: 5667
Iteration 1152 | train reward: 37.89 | best: 38.08 | KL: 5.056e-05 | std: 0.5122 | rollout: 10.635s | update: 0.151s | total: 10.786s | samples/s: 5934
Iteration 1153 | train reward: 38.13 | best: 38.13 | KL: 2.489e-05 | std: 0.5122 | rollout: 10.968s | update: 0.185s | total: 11.153s | samples/s: 5738
Iteration 1154 | train reward: 38.05 | best: 38.13 | KL: 5.921e-05 | std: 0.5122 | rollout: 10.701s | update: 0.145s | total: 10.846s | samples/s: 5901
Iteration 1155 | train reward: 38.16 | best: 38.16 | KL: 3.012e-05 | std: 0.5121 | rollout: 10.781s | update: 0.150s | total: 10.931s | samples/s: 5855
Iteration 1156 | train reward: 38.13 | best: 38.16 | KL: 3.543e-05 | std: 0.5118 | rollout: 10.845s | update: 0.167s | total: 11.012s | samples/s: 5812
Iteration 1157 | train reward: 37.92 | best: 38.16 | KL: 3.235e-05 | std: 0.5118 | rollout: 11.193s | update: 0.437s | total: 11.630s | samples/s: 5503
Iteration 1158 | train reward: 37.76 | best: 38.16 | KL: 3.348e-05 | std: 0.5118 | rollout: 11.589s | update: 0.235s | total: 11.824s | samples/s: 5413
Iteration 1159 | train reward: 38.07 | best: 38.16 | KL: 3.679e-05 | std: 0.5118 | rollout: 11.260s | update: 0.215s | total: 11.475s | samples/s: 5577
Iteration 1160 | train reward: 37.93 | best: 38.16 | KL: 3.011e-05 | std: 0.5118 | rollout: 10.815s | update: 0.179s | total: 10.995s | samples/s: 5821
Iteration 1161 | train reward: 38.10 | best: 38.16 | KL: 4.689e-05 | std: 0.5117 | rollout: 10.857s | update: 0.513s | total: 11.371s | samples/s: 5629
Iteration 1162 | train reward: 38.08 | best: 38.16 | KL: 4.280e-05 | std: 0.5117 | rollout: 10.550s | update: 0.172s | total: 10.722s | samples/s: 5969
Iteration 1163 | train reward: 38.02 | best: 38.16 | KL: 2.788e-05 | std: 0.5117 | rollout: 10.581s | update: 0.236s | total: 10.816s | samples/s: 5917
Iteration 1164 | train reward: 38.27 | best: 38.27 | KL: 3.865e-05 | std: 0.5117 | rollout: 10.378s | update: 0.165s | total: 10.543s | samples/s: 6070
Iteration 1165 | train reward: 38.17 | best: 38.27 | KL: 5.451e-05 | std: 0.5117 | rollout: 10.861s | update: 0.196s | total: 11.056s | samples/s: 5789
Iteration 1166 | train reward: 38.15 | best: 38.27 | KL: 5.377e-05 | std: 0.5117 | rollout: 10.765s | update: 0.476s | total: 11.241s | samples/s: 5694
Iteration 1167 | train reward: 38.09 | best: 38.27 | KL: 1.914e-05 | std: 0.5117 | rollout: 10.663s | update: 0.180s | total: 10.843s | samples/s: 5902
Iteration 1168 | train reward: 38.30 | best: 38.30 | KL: 4.424e-05 | std: 0.5117 | rollout: 11.178s | update: 0.149s | total: 11.327s | samples/s: 5650
Iteration 1169 | train reward: 38.03 | best: 38.30 | KL: 3.098e-05 | std: 0.5117 | rollout: 11.056s | update: 0.450s | total: 11.507s | samples/s: 5562
Iteration 1170 | train reward: 37.97 | best: 38.30 | KL: 3.923e-05 | std: 0.5117 | rollout: 10.702s | update: 0.202s | total: 10.904s | samples/s: 5869
Iteration 1171 | train reward: 37.86 | best: 38.30 | KL: 2.995e-05 | std: 0.5117 | rollout: 11.144s | update: 0.710s | total: 11.854s | samples/s: 5399
Iteration 1172 | train reward: 38.15 | best: 38.30 | KL: 2.924e-05 | std: 0.5117 | rollout: 10.741s | update: 0.161s | total: 10.902s | samples/s: 5871
Iteration 1173 | train reward: 38.16 | best: 38.30 | KL: 3.303e-05 | std: 0.5117 | rollout: 11.937s | update: 0.454s | total: 12.391s | samples/s: 5165
Iteration 1174 | train reward: 37.98 | best: 38.30 | KL: 4.159e-05 | std: 0.5117 | rollout: 11.089s | update: 0.182s | total: 11.270s | samples/s: 5679
Iteration 1175 | train reward: 37.94 | best: 38.30 | KL: 4.074e-05 | std: 0.5117 | rollout: 10.831s | update: 0.189s | total: 11.020s | samples/s: 5808
Iteration 1176 | train reward: 38.17 | best: 38.30 | KL: 4.480e-05 | std: 0.5117 | rollout: 11.036s | update: 0.793s | total: 11.830s | samples/s: 5410
Iteration 1177 | train reward: 38.13 | best: 38.30 | KL: 3.913e-05 | std: 0.5116 | rollout: 12.037s | update: 0.820s | total: 12.858s | samples/s: 4978
Iteration 1178 | train reward: 38.35 | best: 38.35 | KL: 3.269e-05 | std: 0.5114 | rollout: 11.915s | update: 0.368s | total: 12.283s | samples/s: 5210
Iteration 1179 | train reward: 38.21 | best: 38.35 | KL: 2.584e-05 | std: 0.5116 | rollout: 13.305s | update: 0.738s | total: 14.044s | samples/s: 4557
Iteration 1180 | train reward: 38.13 | best: 38.35 | KL: 3.533e-05 | std: 0.5113 | rollout: 10.429s | update: 0.220s | total: 10.649s | samples/s: 6010
Iteration 1181 | train reward: 38.14 | best: 38.35 | KL: 4.256e-05 | std: 0.5113 | rollout: 8.984s | update: 0.134s | total: 9.118s | samples/s: 7019
Iteration 1182 | train reward: 38.03 | best: 38.35 | KL: 4.274e-05 | std: 0.5103 | rollout: 9.561s | update: 0.131s | total: 9.692s | samples/s: 6603
Iteration 1183 | train reward: 38.22 | best: 38.35 | KL: 3.694e-05 | std: 0.5102 | rollout: 7.469s | update: 0.125s | total: 7.593s | samples/s: 8429
Iteration 1184 | train reward: 38.36 | best: 38.36 | KL: 3.102e-05 | std: 0.5102 | rollout: 5.717s | update: 0.151s | total: 5.868s | samples/s: 10906
Iteration 1185 | train reward: 38.18 | best: 38.36 | KL: 3.317e-05 | std: 0.5102 | rollout: 6.367s | update: 0.144s | total: 6.511s | samples/s: 9829
Iteration 1186 | train reward: 38.16 | best: 38.36 | KL: 3.999e-05 | std: 0.5102 | rollout: 5.794s | update: 0.172s | total: 5.966s | samples/s: 10728
Iteration 1187 | train reward: 38.15 | best: 38.36 | KL: 3.454e-05 | std: 0.5102 | rollout: 5.448s | update: 0.158s | total: 5.606s | samples/s: 11416
Iteration 1188 | train reward: 38.01 | best: 38.36 | KL: 3.391e-05 | std: 0.5101 | rollout: 5.678s | update: 0.124s | total: 5.802s | samples/s: 11032
Iteration 1189 | train reward: 38.15 | best: 38.36 | KL: 2.435e-05 | std: 0.5101 | rollout: 5.745s | update: 0.129s | total: 5.873s | samples/s: 10896
Iteration 1190 | train reward: 38.39 | best: 38.39 | KL: 3.836e-05 | std: 0.5101 | rollout: 5.826s | update: 0.144s | total: 5.970s | samples/s: 10720
Iteration 1191 | train reward: 38.16 | best: 38.39 | KL: 3.049e-05 | std: 0.5102 | rollout: 5.667s | update: 0.122s | total: 5.789s | samples/s: 11055
Iteration 1192 | train reward: 38.14 | best: 38.39 | KL: 4.008e-05 | std: 0.5101 | rollout: 5.891s | update: 0.125s | total: 6.016s | samples/s: 10639
Iteration 1193 | train reward: 38.16 | best: 38.39 | KL: 2.604e-05 | std: 0.5099 | rollout: 5.645s | update: 0.124s | total: 5.769s | samples/s: 11094
Iteration 1194 | train reward: 38.15 | best: 38.39 | KL: 3.716e-05 | std: 0.5098 | rollout: 5.683s | update: 0.128s | total: 5.810s | samples/s: 11015
Iteration 1195 | train reward: 38.34 | best: 38.39 | KL: 4.074e-05 | std: 0.5098 | rollout: 5.799s | update: 0.121s | total: 5.920s | samples/s: 10811
Iteration 1196 | train reward: 38.14 | best: 38.39 | KL: 4.658e-05 | std: 0.5098 | rollout: 5.594s | update: 0.125s | total: 5.719s | samples/s: 11191
Iteration 1197 | train reward: 38.23 | best: 38.39 | KL: 1.770e-05 | std: 0.5098 | rollout: 5.589s | update: 0.133s | total: 5.721s | samples/s: 11186
Iteration 1198 | train reward: 38.18 | best: 38.39 | KL: 2.716e-05 | std: 0.5098 | rollout: 5.682s | update: 0.122s | total: 5.803s | samples/s: 11028
Iteration 1199 | train reward: 38.18 | best: 38.39 | KL: 5.869e-05 | std: 0.5097 | rollout: 6.167s | update: 0.111s | total: 6.277s | samples/s: 10195
training time 13318.45s
