iteration,train_reward,best_reward,kl,grad_norm,nat_grad_norm,entropy,mean_std,return_mean,return_std,episode_len,rollout_time,update_time,total_time
0,-163.2231,-163.2231,7.722239e-03,8.864500e+02,9.829078e+03,5.510757,0.606598,-41.1347,30.6693,500.0,4.8288,0.297,5.1258
1,-148.8589,-148.8589,5.919468e-03,9.478035e+02,8.336841e+03,5.507011,0.606177,-37.6957,28.2956,500.0,5.1319,0.2152,5.3471
2,-141.057,-141.057,3.837197e-03,7.019077e+02,8.832383e+03,5.511963,0.606631,-35.904,25.9323,500.0,4.9969,0.1385,5.1354
3,-124.3472,-124.3472,5.086264e-03,7.621169e+02,8.028653e+03,5.52077,0.606942,-31.9535,24.997,500.0,10.3861,0.269,10.6551
4,-128.01,-124.3472,4.002311e-03,8.038076e+02,8.184329e+03,5.526327,0.607465,-32.3968,25.5397,500.0,5.1614,0.157,5.3184
5,-123.7052,-123.7052,3.382790e-03,8.357822e+02,9.078861e+03,5.512504,0.606633,-31.4019,27.0634,500.0,4.9438,0.1451,5.0889
6,-105.1072,-105.1072,3.736866e-03,7.208910e+02,7.068322e+03,5.50458,0.606048,-27.3464,23.701,500.0,4.9792,0.139,5.1182
7,-107.0743,-105.1072,3.101675e-03,6.516183e+02,7.251259e+03,5.497971,0.604729,-28.4598,23.2056,500.0,4.9347,0.1389,5.0736
8,-93.048,-93.048,2.551582e-03,6.693403e+02,7.056345e+03,5.489161,0.604158,-24.5195,22.1356,500.0,5.0211,0.1866,5.2077
9,-94.9963,-93.048,2.467705e-03,7.438509e+02,6.306420e+03,5.482119,0.603603,-24.5994,21.504,500.0,5.1767,0.1284,5.305
10,-83.4998,-83.4998,1.991336e-03,5.208237e+02,5.659658e+03,5.475204,0.602265,-21.7501,20.4485,500.0,5.0425,0.1603,5.2028
11,-78.131,-78.131,2.254174e-03,7.183675e+02,6.485578e+03,5.474108,0.602254,-20.8672,20.9173,500.0,4.9478,0.1338,5.0816
12,-80.3742,-78.131,2.364056e-03,6.749812e+02,5.747294e+03,5.467016,0.601608,-21.6521,19.5717,500.0,4.9567,0.1355,5.0922
13,-81.2009,-78.131,2.195387e-03,6.301365e+02,5.966452e+03,5.460144,0.601421,-21.1515,19.2499,500.0,5.1488,0.1967,5.3455
14,-73.8205,-73.8205,2.449204e-03,6.650607e+02,5.987221e+03,5.448998,0.599662,-19.6149,19.8842,500.0,5.3059,0.1402,5.4461
15,-69.5367,-69.5367,2.212863e-03,5.417003e+02,6.364417e+03,5.440751,0.599002,-18.3238,19.048,500.0,4.9573,0.1305,5.0878
16,-58.7932,-58.7932,1.394955e-03,6.931862e+02,4.553382e+03,5.442276,0.599106,-15.655,17.8366,500.0,4.9034,0.1867,5.0901
17,-63.046,-58.7932,2.025788e-03,6.824037e+02,6.157611e+03,5.434861,0.598912,-16.6399,18.8505,500.0,4.9127,0.1435,5.0562
18,-58.7575,-58.7575,1.513219e-03,6.100855e+02,5.118842e+03,5.421044,0.596956,-16.7061,17.5431,500.0,5.0715,0.149,5.2205
19,-59.0353,-58.7575,1.796417e-03,6.537340e+02,5.440464e+03,5.404557,0.595785,-16.2987,18.5882,500.0,5.0103,0.138,5.1483
20,-57.031,-57.031,1.681046e-03,7.053120e+02,4.833192e+03,5.395431,0.594357,-15.4619,17.3846,500.0,5.1845,0.1482,5.3327
21,-52.9451,-52.9451,1.909821e-03,6.064588e+02,6.619820e+03,5.383674,0.593714,-13.8668,20.0112,500.0,5.0491,0.1294,5.1785
22,-46.721,-46.721,1.759078e-03,6.948407e+02,4.909607e+03,5.380852,0.593598,-13.091,18.161,500.0,4.844,0.1647,5.0087
23,-41.3094,-41.3094,1.836768e-03,6.548734e+02,5.508894e+03,5.368734,0.591753,-11.395,16.5814,500.0,5.0488,0.1339,5.1828
24,-39.9439,-39.9439,1.534655e-03,7.590127e+02,4.967649e+03,5.360225,0.591155,-11.0464,17.2609,500.0,4.9779,0.1345,5.1124
25,-32.5966,-32.5966,1.953712e-03,7.318931e+02,5.180094e+03,5.354424,0.590993,-8.9093,18.01,500.0,5.1081,0.131,5.2391
26,-23.9624,-23.9624,1.542364e-03,7.122784e+02,4.901024e+03,5.33181,0.588532,-6.1982,17.0787,500.0,4.9924,0.1447,5.1371
27,-23.4369,-23.4369,2.054296e-03,9.722169e+02,5.396637e+03,5.312455,0.586125,-6.4384,18.7558,500.0,4.8556,0.1346,4.9902
28,-20.9607,-20.9607,1.257781e-03,7.949321e+02,4.488321e+03,5.304782,0.585926,-5.945,16.3695,500.0,4.9395,0.1527,5.0922
29,-29.0311,-20.9607,1.823453e-03,7.565547e+02,5.230338e+03,5.295639,0.585223,-8.5507,19.1265,500.0,4.8984,0.2066,5.1051
30,-15.8198,-15.8198,1.590974e-03,1.099681e+03,4.902796e+03,5.295825,0.585224,-4.8573,17.7296,500.0,4.9876,0.3177,5.3053
31,-15.7114,-15.7114,1.533086e-03,6.664391e+02,4.539636e+03,5.293122,0.585178,-4.9391,16.8271,500.0,4.9684,0.1904,5.1588
32,-7.4789,-7.4789,1.525085e-03,9.141249e+02,4.598147e+03,5.29652,0.585321,-3.2331,17.0665,500.0,5.0703,0.1343,5.2046
33,-10.2446,-7.4789,1.516498e-03,9.022830e+02,4.578583e+03,5.289899,0.584048,-3.4601,16.4155,500.0,5.2465,0.1621,5.4087
34,-6.5399,-6.5399,1.538808e-03,8.753624e+02,4.587107e+03,5.278169,0.583324,-2.5977,16.9212,500.0,5.0795,0.1342,5.2137
35,0.8868,0.8868,1.912210e-03,8.366046e+02,5.299334e+03,5.277901,0.583322,-0.9555,17.4792,500.0,4.887,0.1446,5.0316
36,1.6942,1.6942,1.746625e-03,9.076652e+02,4.648931e+03,5.266495,0.582573,-1.053,17.8773,500.0,4.9688,0.1389,5.1076
37,8.7805,8.7805,1.747679e-03,1.083345e+03,4.329979e+03,5.259679,0.581311,1.0701,16.5899,500.0,4.9871,0.1426,5.1297
38,7.6224,8.7805,1.994273e-03,8.309808e+02,4.974918e+03,5.267944,0.582615,1.4066,18.6744,500.0,4.9741,0.1491,5.1232
39,19.6899,19.6899,1.665513e-03,8.682955e+02,5.071628e+03,5.261638,0.581349,4.6295,17.8192,500.0,5.1039,0.1445,5.2484
40,13.8323,19.6899,1.892219e-03,9.640078e+02,4.454426e+03,5.257537,0.580911,2.7776,17.7116,500.0,5.0482,0.1398,5.1879
41,19.0696,19.6899,1.896805e-03,1.062513e+03,5.044075e+03,5.255981,0.580882,4.3841,18.397,500.0,5.0269,0.2001,5.227
42,24.3696,24.3696,1.798792e-03,1.009984e+03,4.883082e+03,5.243721,0.580143,5.4978,18.5305,500.0,5.4255,0.2151,5.6406
43,32.5864,32.5864,2.122333e-03,1.047500e+03,4.713503e+03,5.227298,0.57817,7.9498,17.7693,500.0,4.9253,0.1513,5.0766
44,40.8236,40.8236,2.021359e-03,1.262032e+03,5.223650e+03,5.225327,0.578134,10.1918,17.4816,500.0,4.9462,0.1533,5.0994
45,39.5368,40.8236,2.171198e-03,1.296378e+03,4.552162e+03,5.215762,0.577535,10.3228,17.9113,500.0,4.9758,0.1542,5.13
46,45.2354,45.2354,2.158178e-03,1.383823e+03,5.456596e+03,5.209763,0.576282,10.9348,19.6426,500.0,5.2573,0.2124,5.4697
47,53.5696,53.5696,2.416465e-03,1.291758e+03,5.872086e+03,5.192284,0.575365,13.1439,19.1218,500.0,4.8205,0.1813,5.0019
48,51.5993,53.5696,2.482206e-03,1.968646e+03,5.231064e+03,5.177165,0.5735,12.4464,18.4628,500.0,4.9788,0.1439,5.1227
49,61.5146,61.5146,2.520037e-03,1.342899e+03,6.061415e+03,5.17322,0.573063,15.0459,19.6022,500.0,4.9802,0.212,5.1921
50,73.9805,73.9805,2.784870e-03,1.708272e+03,5.383561e+03,5.164288,0.572735,17.8017,20.1318,500.0,4.9911,0.212,5.2031
51,83.9391,83.9391,1.735041e-03,1.365302e+03,5.091756e+03,5.152543,0.571042,21.2942,18.0707,500.0,5.0413,0.1489,5.1902
52,91.4965,91.4965,2.921006e-03,1.489111e+03,5.805029e+03,5.138064,0.570163,23.122,21.6718,500.0,5.0044,0.1291,5.1335
53,90.4202,91.4965,2.743460e-03,1.487629e+03,5.676272e+03,5.124856,0.568343,23.4656,20.2922,500.0,5.0257,0.1264,5.1522
54,98.2125,98.2125,2.432102e-03,1.297844e+03,5.437833e+03,5.117141,0.567748,25.9137,20.708,500.0,5.1513,0.1359,5.2872
55,109.5261,109.5261,2.748685e-03,1.424150e+03,5.407691e+03,5.112111,0.567662,28.0604,20.9286,500.0,5.1341,0.1608,5.2949
56,115.7252,115.7252,3.836854e-03,1.685069e+03,5.992593e+03,5.088659,0.565116,29.8939,22.4879,500.0,5.2496,0.145,5.3945
57,124.5943,124.5943,3.465032e-03,1.692916e+03,5.262141e+03,5.064736,0.562687,32.6412,23.1292,500.0,4.9256,0.1439,5.0695
58,138.6559,138.6559,3.327773e-03,1.745266e+03,6.140189e+03,5.065109,0.562697,36.3768,23.5677,500.0,5.1409,0.1697,5.3106
59,147.1955,147.1955,4.140047e-03,2.788175e+03,6.570563e+03,5.043586,0.560678,37.4482,25.032,500.0,4.9378,0.1505,5.0883
60,146.6726,147.1955,4.049380e-03,2.533999e+03,7.265898e+03,5.032987,0.559934,38.4096,24.4845,500.0,5.0359,0.2014,5.2373
61,164.2028,164.2028,4.049104e-03,2.000319e+03,5.983642e+03,5.018502,0.55911,41.78,25.3708,500.0,5.1473,0.144,5.2913
62,170.8134,170.8134,4.065393e-03,3.027238e+03,5.796984e+03,5.003868,0.557292,44.1431,27.1502,500.0,4.8965,0.2146,5.1111
63,176.7294,176.7294,4.823748e-03,3.394368e+03,6.738536e+03,4.996689,0.556692,46.1161,27.3736,500.0,5.441,0.2904,5.7314
64,196.1696,196.1696,4.880507e-03,3.345112e+03,6.496747e+03,4.98079,0.55485,51.3999,29.2278,500.0,5.2921,0.2123,5.5044
65,197.7893,197.7893,6.237944e-03,3.171106e+03,8.023442e+03,4.967181,0.554074,51.474,30.3594,500.0,4.9097,0.1572,5.0668
66,209.9604,209.9604,6.149212e-03,3.919999e+03,6.023065e+03,4.942357,0.55192,54.8625,30.6241,500.0,4.8544,0.2644,5.1188
67,213.623,213.623,6.926411e-03,3.747129e+03,7.202706e+03,4.947395,0.552083,54.9761,31.6631,500.0,4.8917,0.1591,5.0508
68,220.267,220.267,5.422146e-03,2.569551e+03,6.719406e+03,4.943633,0.551932,58.4671,32.0968,500.0,5.1689,0.1504,5.3192
69,235.0904,235.0904,6.194054e-03,2.867002e+03,6.916095e+03,4.923088,0.549631,61.7394,33.44,500.0,4.7682,0.1776,4.9458
70,239.7262,239.7262,8.362410e-03,4.826314e+03,8.871559e+03,4.902241,0.547638,62.7362,35.6834,500.0,5.2096,0.1648,5.3744
71,250.9877,250.9877,8.767908e-03,4.225494e+03,8.857246e+03,4.87543,0.545082,66.0237,35.4426,500.0,4.9504,0.3582,5.3085
72,260.5752,260.5752,6.647509e-03,3.658277e+03,7.658187e+03,4.855721,0.54407,67.305,35.1994,500.0,4.9382,0.1821,5.1203
73,266.4772,266.4772,8.689961e-03,6.806933e+03,8.594048e+03,4.845078,0.542472,69.8186,35.6814,500.0,5.244,0.1467,5.3907
74,267.0818,267.0818,9.372082e-03,5.542416e+03,8.095537e+03,4.840663,0.542284,70.3427,38.3793,500.0,4.7495,0.2777,5.0273
75,270.0671,270.0671,9.014999e-03,6.704231e+03,8.413475e+03,4.816539,0.539872,69.8654,36.8136,500.0,5.0171,0.1495,5.1665
76,286.3014,286.3014,6.907045e-03,6.317013e+03,7.283404e+03,4.802834,0.539053,75.0295,36.2882,500.0,4.8651,0.196,5.0612
77,290.435,290.435,9.567290e-03,4.772773e+03,9.263681e+03,4.79229,0.538287,76.019,37.7574,500.0,4.9513,0.2188,5.1702
78,294.9033,294.9033,9.514752e-03,7.467446e+03,9.506534e+03,4.805306,0.539104,78.1754,38.4663,500.0,4.9663,0.1659,5.1322
79,315.5279,315.5279,1.378148e-02,9.662003e+03,1.078039e+04,4.792176,0.538401,82.0553,42.1128,500.0,4.9869,0.1762,5.163
80,322.9893,322.9893,9.023447e-03,8.634341e+03,7.031980e+03,4.791298,0.538392,84.8547,40.971,500.0,4.8949,0.1457,5.0405
81,325.8931,325.8931,1.026422e-02,5.489664e+03,9.120135e+03,4.759544,0.535638,84.9614,42.6301,500.0,4.9183,0.1467,5.0651
82,331.7803,331.7803,1.271675e-02,5.756753e+03,8.813985e+03,4.7317,0.533071,87.0982,42.6058,500.0,4.8951,0.1951,5.0903
83,335.8504,335.8504,1.128779e-02,1.086310e+04,9.221341e+03,4.724602,0.531928,87.7959,44.9405,500.0,4.9552,0.1425,5.0977
84,341.4435,341.4435,1.167327e-02,9.380090e+03,8.230068e+03,4.709068,0.53109,89.941,44.673,500.0,4.7954,0.1869,4.9823
85,348.4371,348.4371,1.182750e-02,1.060085e+04,9.953963e+03,4.694038,0.529317,90.9375,45.3606,500.0,5.1028,0.1574,5.2602
86,362.4946,362.4946,1.204771e-02,9.306780e+03,9.291147e+03,4.682751,0.528635,95.6277,43.9841,500.0,4.8921,0.1602,5.0523
87,367.4524,367.4524,1.316956e-02,1.076286e+04,9.655391e+03,4.670494,0.527843,96.8114,44.6418,500.0,4.8697,0.1423,5.0119
88,357.2717,367.4524,1.367929e-02,9.349034e+03,1.108285e+04,4.638081,0.524282,93.5198,46.0355,500.0,4.9036,0.1563,5.0599
89,371.2752,371.2752,1.880305e-02,9.561280e+03,1.196409e+04,4.610833,0.522626,96.5559,49.6383,500.0,4.5525,0.1431,4.6957
90,387.8448,387.8448,1.736325e-02,1.101697e+04,1.071230e+04,4.592552,0.520793,101.1324,48.8462,500.0,5.2261,0.215,5.441
91,397.4591,397.4591,1.322012e-02,1.538422e+04,9.760435e+03,4.586315,0.520189,103.1394,49.2073,500.0,4.9461,0.1492,5.0953
92,402.4385,402.4385,1.780268e-02,1.580164e+04,1.175016e+04,4.55537,0.517544,105.038,50.1152,500.0,4.9004,0.1994,5.0998
93,430.0954,430.0954,1.501320e-02,6.945270e+03,1.159204e+04,4.55886,0.518025,112.6413,51.1666,500.0,4.8595,0.1396,4.999
94,416.3778,430.0954,1.617945e-02,1.037786e+04,1.154367e+04,4.527778,0.515412,107.4925,53.2095,500.0,4.7923,0.1434,4.9358
95,427.4173,430.0954,2.611897e-02,1.105805e+04,1.091333e+04,4.524975,0.514936,112.05,56.4305,500.0,4.9144,0.1431,5.0574
96,435.7523,435.7523,1.881990e-02,1.519947e+04,1.140065e+04,4.509126,0.513193,113.4143,55.5714,500.0,4.8519,0.1477,4.9996
97,450.7394,450.7394,2.309784e-02,1.343558e+04,1.213920e+04,4.522094,0.514802,117.0632,59.0938,500.0,4.9902,0.169,5.1592
98,454.2151,454.2151,4.800602e-02,2.209785e+04,1.300671e+04,4.509391,0.513186,118.3585,62.2893,500.0,5.2109,0.1593,5.3702
99,456.632,456.632,2.217504e-02,1.478977e+04,1.277460e+04,4.479778,0.510631,118.1556,59.2087,500.0,5.1291,0.1593,5.2884
100,480.3541,480.3541,2.242010e-02,1.449459e+04,1.087116e+04,4.455476,0.508675,125.5132,57.933,500.0,5.3477,0.1494,5.4971
101,471.5758,480.3541,2.517360e-02,2.557022e+04,1.244002e+04,4.470085,0.510373,122.214,59.717,500.0,4.9323,0.1495,5.0818
102,471.4006,480.3541,1.893096e-02,1.369645e+04,1.153517e+04,4.432694,0.507141,121.7987,56.0057,500.0,4.7727,0.1643,4.937
103,472.2105,480.3541,2.266521e-02,1.622205e+04,1.260338e+04,4.366181,0.501731,122.8184,61.8186,500.0,4.9181,0.2194,5.1375
104,458.7988,480.3541,3.538135e-02,2.051210e+04,1.206029e+04,4.31847,0.49741,118.8428,66.4935,500.0,5.0658,0.1628,5.2287
105,480.839,480.839,2.411778e-02,2.706650e+04,1.280298e+04,4.280437,0.494622,124.8646,58.6472,500.0,4.6043,0.1579,4.7622
106,503.7773,503.7773,1.790595e-02,1.574710e+04,1.099357e+04,4.282585,0.494738,131.3245,59.7573,500.0,5.1577,0.153,5.3106
107,483.2875,503.7773,2.345453e-02,1.683964e+04,1.252774e+04,4.247482,0.491973,124.8024,65.0529,500.0,4.8437,0.2261,5.0698
108,489.8715,503.7773,3.364658e-02,2.337696e+04,1.113124e+04,4.219643,0.489581,126.6757,65.6586,500.0,4.9298,0.1521,5.0819
109,522.7405,522.7405,2.262074e-02,2.316948e+04,1.034676e+04,4.194351,0.487196,135.1637,60.5544,500.0,4.8078,0.173,4.9808
110,514.3515,522.7405,4.024193e-02,1.823981e+04,1.262637e+04,4.151027,0.484328,134.1841,63.6734,500.0,5.0456,0.1942,5.2399
111,539.8258,539.8258,2.174961e-02,2.456111e+04,1.324610e+04,4.154553,0.484386,141.4122,63.7496,500.0,4.8694,0.1532,5.0226
112,541.8547,541.8547,2.266510e-02,2.071384e+04,1.380310e+04,4.140244,0.483641,140.269,65.9617,500.0,5.0078,0.1595,5.1673
113,548.414,548.414,2.994583e-02,2.389027e+04,1.429555e+04,4.15207,0.484378,142.6235,66.4217,500.0,5.0216,0.159,5.1806
114,543.9312,548.414,1.995741e-02,1.945908e+04,1.080258e+04,4.135253,0.483459,141.3628,63.4069,500.0,4.7674,0.2172,4.9846
115,549.8762,549.8762,2.426922e-02,1.651754e+04,1.321766e+04,4.111778,0.481552,143.1883,64.4005,500.0,4.9767,0.1592,5.1359
116,549.7097,549.8762,3.427088e-02,3.208970e+04,1.443895e+04,4.07,0.477492,142.0712,66.1987,500.0,5.3183,0.1497,5.4681
117,573.253,573.253,3.945135e-02,2.385630e+04,1.326554e+04,4.046387,0.476343,148.6503,67.3148,500.0,4.9463,0.1658,5.1121
118,578.8089,578.8089,2.774407e-02,3.158618e+04,1.318432e+04,4.038334,0.475642,150.8208,69.4754,500.0,5.5977,0.1572,5.755
119,584.5414,584.5414,3.778679e-02,3.049153e+04,1.549393e+04,4.031605,0.474718,151.7918,70.4852,500.0,5.6593,0.2364,5.8957
120,580.9414,584.5414,3.503737e-02,3.424344e+04,1.362750e+04,4.036853,0.475641,151.3089,71.9037,500.0,5.3584,0.1762,5.5345
121,601.5994,601.5994,2.590545e-02,4.781465e+04,1.300263e+04,3.996247,0.472116,157.3468,68.8089,500.0,4.8497,0.1763,5.026
122,584.9637,601.5994,3.807974e-02,1.970715e+04,1.479987e+04,3.998204,0.47228,152.1838,71.389,500.0,4.8516,0.1517,5.0033
123,587.6341,601.5994,3.425063e-02,2.973014e+04,1.386424e+04,4.006737,0.47325,152.03,75.6018,500.0,4.9879,0.1516,5.1395
124,595.9119,601.5994,4.104668e-02,3.300330e+04,1.335993e+04,3.96075,0.469651,156.3925,72.5279,500.0,4.8981,0.169,5.0671
125,623.6112,623.6112,3.320240e-02,2.855064e+04,1.221542e+04,3.952999,0.468939,162.6143,71.9991,500.0,4.9734,0.1591,5.1325
126,611.2855,623.6112,2.587426e-02,1.734231e+04,1.165215e+04,3.929001,0.467082,160.0343,68.7814,500.0,4.8569,0.1548,5.0116
127,620.1387,623.6112,4.145816e-02,6.110573e+04,1.145862e+04,3.849487,0.460938,161.9854,72.1546,500.0,4.9534,0.1586,5.112
128,628.806,628.806,3.910480e-02,5.313266e+04,1.432784e+04,3.771927,0.454981,164.3496,70.7881,500.0,4.8034,0.1543,4.9577
129,624.5866,628.806,4.155697e-02,3.424628e+04,1.482105e+04,3.753746,0.453367,162.5679,79.7844,500.0,4.7,0.1531,4.8531
130,655.9883,655.9883,3.423309e-02,2.654725e+04,1.311478e+04,3.715621,0.450764,171.5683,74.5665,500.0,4.956,0.15,5.106
131,671.2232,671.2232,4.777487e-02,3.537206e+04,1.492628e+04,3.734867,0.452926,175.9113,77.051,500.0,5.0552,0.1569,5.2121
132,686.7837,686.7837,4.223261e-02,5.911904e+04,1.248566e+04,3.69202,0.449593,179.2703,78.1389,500.0,4.988,0.1567,5.1448
133,681.905,686.7837,5.938500e-02,3.075005e+04,1.599057e+04,3.650372,0.446293,176.8864,82.3883,500.0,4.9096,0.1435,5.0531
134,676.4764,686.7837,4.020561e-02,4.058960e+04,1.729227e+04,3.629063,0.445309,176.2869,81.0929,500.0,4.7986,0.2176,5.0162
135,689.8298,689.8298,3.810931e-02,5.994007e+04,1.404428e+04,3.595742,0.442705,179.1894,80.1832,500.0,4.9162,0.1492,5.0654
136,711.734,711.734,7.297912e-02,4.286167e+04,1.768329e+04,3.58012,0.440923,186.8194,80.783,500.0,4.8887,0.1532,5.0419
137,698.4867,711.734,5.593873e-02,6.570769e+04,1.679590e+04,3.557049,0.439852,182.2207,81.8034,500.0,4.6913,0.227,4.9183
138,727.3277,727.3277,3.848105e-02,3.918395e+04,1.272918e+04,3.534687,0.437738,190.0839,79.8598,500.0,4.9082,0.2196,5.1278
139,727.7506,727.7506,3.768437e-02,6.109274e+04,1.441715e+04,3.499848,0.434948,189.9269,80.6527,500.0,5.0203,0.1905,5.2108
140,708.2562,727.7506,7.532522e-02,3.848306e+04,1.492809e+04,3.503578,0.435661,183.8798,82.6881,500.0,4.8212,0.1484,4.9696
141,715.3425,727.7506,6.942295e-02,4.588125e+04,1.888703e+04,3.512432,0.436532,187.6757,81.6503,500.0,5.1037,0.1788,5.2824
142,716.3786,727.7506,5.576863e-02,3.574791e+04,1.856453e+04,3.444946,0.431506,185.9206,81.2062,500.0,5.0289,0.1417,5.1706
143,717.9751,727.7506,4.438499e-02,6.859039e+04,1.648911e+04,3.42038,0.429736,187.4601,85.3676,500.0,4.9981,0.1653,5.1634
144,751.5512,751.5512,5.312665e-02,3.506702e+04,1.661012e+04,3.426594,0.429885,196.1628,84.2747,500.0,4.8392,0.21,5.0492
145,717.2614,751.5512,4.527662e-02,2.072244e+04,1.674880e+04,3.404484,0.428654,187.1941,80.5562,500.0,4.6626,0.1602,4.8228
146,739.6345,751.5512,4.320477e-02,5.288983e+04,1.473987e+04,3.379116,0.426872,193.8409,81.8313,500.0,4.9085,0.1452,5.0537
147,750.9331,751.5512,5.385691e-02,3.885368e+04,1.374518e+04,3.35429,0.424727,196.7109,83.379,500.0,4.9028,0.1608,5.0636
148,744.2604,751.5512,5.600663e-02,5.285074e+04,1.781415e+04,3.302059,0.42181,194.3136,87.8226,500.0,4.891,0.1493,5.0404
149,763.0847,763.0847,5.498662e-02,4.252765e+04,1.697628e+04,3.231525,0.416667,197.6557,89.6644,500.0,4.7948,0.1575,4.9524
150,779.0377,779.0377,7.474652e-02,4.551614e+04,1.876338e+04,3.203186,0.414329,203.3424,88.2272,500.0,4.8385,0.2172,5.0558
151,757.9078,779.0377,6.041977e-02,5.336054e+04,1.999169e+04,3.140133,0.41043,198.1596,88.4237,500.0,4.695,0.1772,4.8723
152,744.0519,779.0377,5.802891e-02,6.617712e+04,1.775429e+04,3.121647,0.409062,193.8843,88.1307,500.0,4.8745,0.1445,5.019
153,765.5188,779.0377,2.240711e-01,5.135919e+04,1.842675e+04,3.0415,0.403907,199.2966,88.198,500.0,4.9264,0.1443,5.0706
154,746.1252,779.0377,5.128313e-02,7.179752e+04,1.881660e+04,3.015781,0.402555,195.3445,83.6385,500.0,4.826,0.1575,4.9835
155,742.681,779.0377,5.203228e-02,2.905463e+04,1.587231e+04,3.059364,0.405424,194.0294,85.0133,500.0,4.8375,0.1485,4.986
156,734.5111,779.0377,5.824739e-02,6.728226e+04,1.643288e+04,3.051632,0.405165,190.5646,85.1822,500.0,4.8362,0.2173,5.0535
157,723.242,779.0377,6.414720e-02,3.173407e+04,1.688888e+04,3.011978,0.403371,188.4679,83.155,500.0,4.8978,0.162,5.0598
158,727.92,779.0377,5.107107e-02,1.864013e+04,1.451119e+04,3.006545,0.402801,189.2001,81.5033,500.0,5.4485,0.1901,5.6386
159,713.8858,779.0377,4.183912e-02,2.679724e+04,1.280990e+04,2.979393,0.401266,186.435,79.3874,500.0,5.2336,0.1887,5.4223
160,738.5104,779.0377,4.562167e-02,3.538941e+04,1.373371e+04,2.977806,0.401094,191.7404,81.3771,500.0,5.134,0.1552,5.2892
161,734.7543,779.0377,4.267487e-02,4.050756e+04,1.455215e+04,2.962059,0.400194,191.3717,82.1382,500.0,4.9233,0.1531,5.0764
162,744.7683,779.0377,4.180429e-02,2.260120e+04,1.601225e+04,2.942295,0.399324,193.7845,82.7171,500.0,4.9221,0.1564,5.0785
163,754.3897,779.0377,5.813405e-02,6.708781e+04,1.635882e+04,2.906067,0.397322,196.9428,84.3291,500.0,5.1861,0.1569,5.343
164,758.0563,779.0377,5.039203e-02,4.524149e+04,1.797865e+04,2.868984,0.394711,197.1517,84.117,500.0,4.967,0.1817,5.1487
165,778.5454,779.0377,5.510514e-02,3.069729e+04,1.646112e+04,2.837353,0.392379,203.8591,84.4267,500.0,4.874,0.1443,5.0183
166,771.4191,779.0377,4.734474e-02,3.455777e+04,1.594178e+04,2.795536,0.389699,202.1165,83.938,500.0,5.0017,0.1504,5.1521
167,775.5043,779.0377,6.712814e-02,2.989945e+04,1.916782e+04,2.708876,0.383915,203.0966,85.0147,500.0,4.9298,0.1585,5.0883
168,771.3166,779.0377,4.505995e-02,3.794874e+04,1.517443e+04,2.698745,0.382882,200.9109,83.8227,500.0,4.8101,0.1549,4.965
169,786.343,786.343,7.024544e-02,4.075539e+04,1.727530e+04,2.719036,0.384329,206.1778,86.7015,500.0,4.739,0.1614,4.9004
170,803.7089,803.7089,5.886141e-02,3.419818e+04,1.758546e+04,2.721935,0.384531,210.7001,87.9145,500.0,4.5792,0.1568,4.736
171,825.2374,825.2374,4.962697e-02,2.800995e+04,1.741465e+04,2.689469,0.382757,217.0957,88.6315,500.0,5.047,0.1564,5.2033
172,846.3945,846.3945,5.854858e-02,3.473907e+04,1.967616e+04,2.683606,0.382798,221.8275,91.0244,500.0,4.8885,0.1733,5.0617
173,846.001,846.3945,1.561900e-01,2.297038e+04,2.392207e+04,2.64287,0.380227,221.0186,93.2353,500.0,4.7771,0.1508,4.9279
174,814.6153,846.3945,4.915636e-02,6.920213e+04,1.735633e+04,2.688035,0.383088,213.2768,87.0109,500.0,5.0775,0.1528,5.2303
175,811.045,846.3945,5.146249e-02,4.736346e+04,1.766320e+04,2.686641,0.383898,212.4352,87.4317,500.0,5.0485,0.1519,5.2004
176,822.413,846.3945,5.266145e-02,5.261696e+04,1.598657e+04,2.650341,0.381302,216.4123,88.8762,500.0,4.9635,0.1533,5.1168
177,848.1977,848.1977,5.789991e-02,4.416349e+04,1.491285e+04,2.547451,0.375278,221.8173,91.3181,500.0,4.9604,0.1564,5.1168
178,854.3968,854.3968,4.571037e-02,7.122320e+04,1.794402e+04,2.52722,0.374774,224.0036,90.6609,500.0,5.0547,0.1481,5.2028
179,863.0764,863.0764,6.886943e-02,4.737902e+04,1.835341e+04,2.533682,0.374986,226.0197,92.6204,500.0,4.9861,0.1551,5.1412
180,876.803,876.803,6.745452e-02,4.369381e+04,1.926041e+04,2.467818,0.370748,229.9586,93.8172,500.0,4.974,0.1569,5.1309
181,907.7928,907.7928,1.665945e-01,7.647580e+04,1.717663e+04,2.453549,0.369848,238.0766,96.6691,500.0,4.9753,0.157,5.1323
182,880.8025,907.7928,4.578928e-02,7.335328e+04,1.600392e+04,2.399647,0.367169,230.4478,94.2211,500.0,5.0377,0.146,5.1837
183,880.7463,907.7928,5.807108e-02,1.207748e+05,1.797719e+04,2.39172,0.367113,230.6669,94.2658,500.0,5.0588,0.1608,5.2196
184,892.2672,907.7928,6.216020e-02,4.508510e+04,1.769621e+04,2.416043,0.368154,233.5237,95.9174,500.0,5.044,0.148,5.192
185,907.1351,907.7928,6.243314e-02,6.199557e+04,1.906623e+04,2.362953,0.365566,236.8544,98.3849,500.0,4.9093,0.1541,5.0635
186,901.6823,907.7928,6.192627e-02,7.276245e+04,1.614012e+04,2.332655,0.363593,235.5741,95.9086,500.0,4.941,0.1554,5.0964
187,903.2015,907.7928,8.056459e-02,5.193488e+04,2.023428e+04,2.282061,0.360593,236.5676,97.726,500.0,4.9438,0.1517,5.0955
188,921.4052,921.4052,6.686317e-02,4.246636e+04,1.811933e+04,2.203667,0.35554,240.9625,98.986,500.0,4.8917,0.1435,5.0352
189,933.668,933.668,9.629814e-02,5.846388e+04,1.862892e+04,2.154274,0.352911,243.1729,101.2002,500.0,4.9675,0.1472,5.1147
190,938.8196,938.8196,7.210820e-02,1.039842e+05,1.939757e+04,2.044746,0.346369,244.658,101.2716,500.0,4.7634,0.1584,4.9218
191,973.8055,973.8055,8.281481e-02,7.934812e+04,1.878669e+04,2.053322,0.346674,255.2575,103.4531,500.0,4.9319,0.1605,5.0925
192,925.4325,973.8055,7.346030e-02,6.494095e+04,2.112374e+04,1.986164,0.342701,241.1594,101.0655,500.0,5.1098,0.3823,5.4922
193,935.8072,973.8055,9.334709e-02,6.353516e+04,2.083107e+04,1.921578,0.339859,243.3618,102.2668,500.0,5.0584,0.1457,5.204
194,944.6248,973.8055,9.422867e-02,5.433234e+04,2.111210e+04,1.917101,0.33991,245.4391,107.5736,500.0,5.1493,0.1575,5.3068
195,933.1278,973.8055,1.018331e-01,1.426051e+05,1.850220e+04,1.876713,0.338279,243.4582,100.6774,500.0,4.8513,0.1575,5.0088
196,979.4353,979.4353,1.533949e-01,7.290622e+04,2.176984e+04,1.795296,0.333083,256.7608,104.0205,500.0,4.9706,0.1485,5.1191
197,948.9034,979.4353,9.688528e-02,7.264588e+04,2.119712e+04,1.781355,0.331952,247.4911,104.8156,500.0,5.1431,0.2518,5.3948
198,962.0467,979.4353,1.297226e-01,7.443240e+04,2.091354e+04,1.658119,0.325793,250.6821,105.032,500.0,5.094,0.1517,5.2457
199,993.0325,993.0325,1.267550e-01,1.654254e+05,2.183006e+04,1.605587,0.322999,258.9179,108.9651,500.0,4.8931,0.1898,5.0829
200,937.5881,993.0325,1.545869e-01,1.217052e+05,2.409085e+04,1.570242,0.3217,242.1208,111.8915,500.0,5.0786,0.1435,5.2222
201,909.7175,993.0325,8.005780e-02,1.224984e+05,2.346410e+04,1.579477,0.321939,235.6658,110.3197,500.0,4.9338,0.1452,5.079
202,948.7121,993.0325,1.343368e-01,7.647158e+04,2.250619e+04,1.478314,0.316423,245.5125,112.1086,500.0,4.8351,0.1622,4.9973
203,992.2927,993.0325,1.157052e-01,7.827052e+04,2.161219e+04,1.412991,0.312768,257.3546,115.136,500.0,5.047,0.1568,5.2038
204,1065.5907,1065.5907,1.361290e-01,1.402213e+05,2.112835e+04,1.36529,0.310253,279.2487,113.47,500.0,4.9953,0.1506,5.1459
205,1071.8498,1071.8498,1.285402e-01,1.687244e+05,2.373428e+04,1.32715,0.309879,280.7432,116.0219,500.0,4.913,0.1436,5.0565
206,1093.7372,1093.7372,1.869725e-01,9.133021e+04,3.286944e+04,1.291993,0.308301,284.2297,127.8171,500.0,5.0283,0.255,5.2832
207,1143.89,1143.89,2.461907e-01,1.165417e+05,2.620704e+04,1.232338,0.304682,298.9268,123.2618,500.0,4.9544,0.2044,5.1588
208,1123.8661,1143.89,1.363185e-01,1.228992e+05,2.141004e+04,1.266762,0.306347,295.0771,118.5132,500.0,5.0291,0.1521,5.1812
209,1099.2784,1143.89,2.083779e-01,1.769200e+05,2.645481e+04,1.201549,0.303364,286.7427,121.8667,500.0,4.9755,0.1867,5.1621
210,1082.6191,1143.89,1.077395e-01,1.442749e+05,2.249046e+04,1.207527,0.303733,283.1406,113.6014,500.0,4.991,0.1473,5.1384
211,1090.1501,1143.89,1.447316e-01,1.319988e+05,2.478846e+04,1.14103,0.300852,284.7685,114.8164,500.0,4.835,0.1583,4.9933
212,1059.1716,1143.89,2.373753e-01,1.790997e+05,3.236210e+04,1.07778,0.297822,276.4129,119.3152,500.0,4.968,0.1466,5.1146
213,1057.16,1143.89,3.374795e-01,1.389045e+05,2.324520e+04,0.933747,0.291286,275.734,112.1161,500.0,4.8682,0.188,5.0562
214,1001.0972,1143.89,1.035276e-01,1.532574e+05,2.303219e+04,0.93272,0.291686,262.8646,105.5619,500.0,4.9914,0.1792,5.1706
215,1078.7646,1143.89,1.344663e-01,1.826635e+05,2.255853e+04,0.955103,0.293063,282.8025,113.5415,500.0,5.0288,0.1545,5.1833
216,1089.1329,1143.89,9.616064e-02,2.199280e+05,1.959939e+04,0.932913,0.292611,285.7044,114.2328,500.0,4.9283,0.1526,5.0808
217,1079.2687,1143.89,7.592436e-02,1.951382e+05,1.977121e+04,0.938181,0.29297,283.3232,115.4511,500.0,5.3783,0.1419,5.5202
218,1109.1407,1143.89,2.368832e-01,1.409690e+05,2.358857e+04,0.877792,0.290459,292.1293,116.8609,500.0,5.2049,0.1434,5.3483
219,1089.3045,1143.89,8.080143e-02,2.389832e+05,1.981768e+04,0.737606,0.284152,286.689,115.6265,500.0,5.0872,0.1401,5.2272
220,1117.7505,1143.89,6.140543e-01,1.796346e+05,3.020652e+04,0.766028,0.285468,293.4373,123.4046,500.0,5.0905,0.1381,5.2286
221,1094.7537,1143.89,1.595529e-01,1.701652e+05,2.403152e+04,0.734926,0.284858,288.9258,118.7876,500.0,5.3942,0.1509,5.545
222,1095.3742,1143.89,1.021511e-01,6.053591e+04,2.185810e+04,0.637656,0.280947,287.8355,116.9706,500.0,5.1208,0.1775,5.2983
223,1093.0657,1143.89,1.027719e-01,1.020402e+05,1.855341e+04,0.611886,0.280859,286.4397,115.2027,500.0,5.023,0.2066,5.2297
224,1144.3238,1144.3238,1.457259e-01,7.785184e+04,2.339983e+04,0.516795,0.277267,300.8833,120.5273,500.0,4.9117,0.1505,5.0621
225,1132.6502,1144.3238,1.750128e-01,1.668486e+05,2.726568e+04,0.480941,0.275738,296.747,121.024,500.0,5.0558,0.3061,5.362
226,1136.3248,1144.3238,1.083342e-01,1.082629e+05,2.257817e+04,0.451792,0.275061,298.9878,119.9168,500.0,5.0764,0.2146,5.291
227,1121.2362,1144.3238,1.352713e-01,1.917082e+05,1.966715e+04,0.451227,0.274662,294.9582,119.3326,500.0,5.0348,0.1552,5.19
228,1114.9162,1144.3238,1.901602e-01,1.352355e+05,2.173596e+04,0.371371,0.269615,292.4174,117.8977,500.0,5.0252,0.1838,5.209
229,1042.1348,1144.3238,2.329204e-01,1.582472e+05,2.196912e+04,0.287936,0.265939,273.9726,112.725,500.0,5.0486,0.1583,5.2068
230,1069.829,1144.3238,1.705522e-01,1.500153e+05,2.159662e+04,0.211916,0.263106,280.8876,112.6241,500.0,4.8829,0.1636,5.0465
231,1075.4004,1144.3238,1.393818e-01,1.005728e+05,1.868580e+04,0.202239,0.262043,282.7962,113.8963,500.0,5.5021,0.153,5.6551
232,1071.0382,1144.3238,1.097945e-01,2.263326e+05,1.994030e+04,0.20933,0.263102,282.1118,113.5909,500.0,5.0667,0.1534,5.2202
233,1052.8957,1144.3238,1.718634e-01,1.538194e+05,2.610360e+04,0.15819,0.261298,275.8684,114.9245,500.0,5.2119,0.1686,5.3805
234,1032.0552,1144.3238,1.202890e-01,1.747868e+05,2.139431e+04,0.137449,0.260316,270.7344,109.1792,500.0,4.9725,0.1528,5.1252
235,1054.9781,1144.3238,4.457537e-01,1.248212e+05,2.345170e+04,0.058887,0.25618,277.4899,111.7651,500.0,4.9799,0.1555,5.1354
236,1010.5546,1144.3238,1.455088e-01,1.594297e+05,1.843132e+04,0.012108,0.25399,265.6374,107.3996,500.0,5.1294,0.1668,5.2962
237,1034.2255,1144.3238,1.131419e-01,1.820697e+05,1.893256e+04,-0.030274,0.251309,272.2104,108.4191,500.0,5.2014,0.2269,5.4283
238,1032.7622,1144.3238,1.232628e-01,9.010574e+04,1.787941e+04,-0.060462,0.250949,270.637,108.7427,500.0,5.0592,0.1914,5.2507
239,1020.4268,1144.3238,4.795966e-01,1.588316e+05,2.228544e+04,-0.160921,0.246951,267.6512,106.8244,500.0,4.9311,0.1499,5.081
240,902.1427,1144.3238,1.584444e-01,1.108637e+05,2.063270e+04,-0.194758,0.245132,237.3652,100.5673,500.0,5.4093,0.1565,5.5659
241,872.2334,1144.3238,7.136910e-02,1.227296e+05,1.706933e+04,-0.230729,0.243404,228.6472,99.1143,500.0,4.9844,0.2255,5.2099
242,934.5098,1144.3238,2.290033e-01,1.358303e+05,2.558026e+04,-0.201478,0.243922,243.71,103.331,500.0,4.8286,0.1538,4.9824
243,952.8605,1144.3238,1.621303e-01,7.478575e+04,2.416179e+04,-0.258304,0.241252,249.6253,104.2632,500.0,4.8659,0.1538,5.0197
244,923.9216,1144.3238,1.148877e-01,9.611362e+04,2.278453e+04,-0.319396,0.238652,241.8945,101.7476,500.0,4.845,0.1544,4.9995
245,908.1266,1144.3238,2.172057e-01,7.172302e+04,2.582836e+04,-0.360763,0.237821,238.5819,106.6311,500.0,5.046,0.1519,5.1979
246,699.0226,1144.3238,4.826953e-01,8.729323e+04,2.317902e+04,-0.412447,0.234758,178.2745,124.1824,500.0,4.8841,0.2037,5.0878
247,453.701,1144.3238,1.028773e-01,5.527974e+04,1.847557e+04,-0.426901,0.234399,114.234,91.7188,500.0,5.1716,0.1472,5.3188
248,683.982,1144.3238,1.006480e-01,6.189411e+04,1.951994e+04,-0.467184,0.23305,178.6698,88.4955,500.0,5.0386,0.1556,5.1942
249,763.6484,1144.3238,1.128563e-01,1.054575e+05,2.484082e+04,-0.526141,0.230491,201.436,85.765,500.0,5.1155,0.1502,5.2656
250,682.2718,1144.3238,4.889341e-02,7.883503e+04,1.804217e+04,-0.542719,0.230471,179.0138,82.9051,500.0,5.0153,0.1482,5.1634
251,744.5031,1144.3238,7.752413e-02,7.063360e+04,2.213855e+04,-0.532581,0.230476,195.7842,85.5691,500.0,4.9338,0.147,5.0808
252,742.4275,1144.3238,8.367233e-02,5.692772e+04,2.583929e+04,-0.535764,0.230565,193.2928,91.4754,500.0,5.1009,0.1557,5.2567
253,798.1011,1144.3238,1.024328e-01,8.409405e+04,1.855269e+04,-0.564597,0.230106,209.0316,90.5526,500.0,4.9764,0.1572,5.1336
254,798.8055,1144.3238,5.819590e-02,5.490171e+04,1.779970e+04,-0.567661,0.230078,209.8937,86.1664,500.0,5.0643,0.154,5.2183
255,816.0989,1144.3238,7.861565e-02,5.840704e+04,1.785862e+04,-0.631634,0.227956,213.7591,90.6121,500.0,4.9562,0.1773,5.1335
256,854.5142,1144.3238,9.231612e-02,6.423466e+04,1.967932e+04,-0.605418,0.229168,224.0339,92.5864,500.0,5.295,0.2141,5.5091
257,826.196,1144.3238,1.084898e-01,9.930566e+04,1.730932e+04,-0.635056,0.22705,216.9024,90.1462,500.0,5.0721,0.3108,5.3829
258,800.1302,1144.3238,4.130096e-02,1.308349e+05,1.597337e+04,-0.681316,0.225376,210.0927,85.508,500.0,5.0288,0.1498,5.1787
259,811.7932,1144.3238,1.948050e-01,8.562561e+04,1.599148e+04,-0.68793,0.22523,213.3051,87.088,500.0,4.9938,0.159,5.1527
260,813.5996,1144.3238,5.433964e-02,8.491922e+04,1.751068e+04,-0.729614,0.223554,213.2079,87.7567,500.0,5.0779,0.1546,5.2325
261,835.9388,1144.3238,7.235249e-02,1.235095e+05,1.811025e+04,-0.735302,0.223053,220.5627,88.9248,500.0,5.0551,0.1505,5.2056
262,842.2801,1144.3238,1.275499e-01,1.120295e+05,1.865070e+04,-0.802567,0.220154,221.1135,89.7278,500.0,5.0442,0.1555,5.1997
263,786.3321,1144.3238,6.230118e-02,9.410875e+04,1.811655e+04,-0.869503,0.217545,206.0855,86.1064,500.0,4.9603,0.1578,5.1182
264,786.0978,1144.3238,8.584363e-02,6.605854e+04,1.665516e+04,-0.912134,0.215656,205.8273,87.0087,500.0,5.0235,0.2076,5.2311
265,828.9297,1144.3238,1.171196e-01,9.408702e+04,1.783605e+04,-0.994393,0.212658,217.4355,89.5266,500.0,5.0721,0.2047,5.2768
266,855.0686,1144.3238,5.413666e-01,1.501566e+05,1.995398e+04,-1.051575,0.210434,224.2047,91.6167,500.0,4.9959,0.1477,5.1435
267,742.6046,1144.3238,5.130016e-02,1.039073e+05,1.482315e+04,-1.05712,0.210162,194.6951,78.7405,500.0,5.0928,0.1625,5.2553
268,755.7653,1144.3238,1.078487e-01,1.267598e+05,1.725372e+04,-1.073395,0.209503,197.7248,81.9438,500.0,5.1342,0.2205,5.3547
269,718.2436,1144.3238,4.609877e-02,9.541306e+04,1.390095e+04,-1.137258,0.207029,187.9858,75.7887,500.0,4.8856,0.187,5.0727
270,777.6274,1144.3238,4.009480e-02,6.539463e+04,1.661765e+04,-1.130766,0.207031,203.0336,81.8867,500.0,5.0133,0.2007,5.214
271,802.3853,1144.3238,5.170005e-02,1.133102e+05,1.819661e+04,-1.127109,0.206626,209.2435,85.1052,500.0,4.9488,0.1548,5.1036
272,831.387,1144.3238,1.094641e-01,1.548324e+05,1.688412e+04,-1.164903,0.204859,217.1774,87.4305,500.0,4.9008,0.1473,5.0482
273,846.8745,1144.3238,6.737036e-02,7.265681e+04,1.744098e+04,-1.157637,0.204968,221.1865,89.0732,500.0,4.9526,0.1645,5.117
274,861.7033,1144.3238,5.771420e-02,5.542125e+04,1.769721e+04,-1.185349,0.20367,225.7617,90.4021,500.0,5.2249,0.1406,5.3655
275,869.2738,1144.3238,5.591106e-02,9.422109e+04,1.932842e+04,-1.207415,0.203158,227.8702,92.2486,500.0,5.4357,0.149,5.5848
276,864.3151,1144.3238,6.418936e-02,9.317503e+04,1.583591e+04,-1.259582,0.201376,226.5868,90.9033,500.0,4.9574,0.1986,5.156
277,844.9375,1144.3238,5.770556e-02,5.834791e+04,1.575211e+04,-1.235256,0.201933,221.4256,88.331,500.0,5.1044,0.1811,5.2855
278,854.6242,1144.3238,1.357497e-01,1.621770e+05,1.914373e+04,-1.240864,0.201407,223.8234,89.7789,500.0,5.3139,0.1619,5.4758
279,792.1724,1144.3238,6.440153e-02,9.599527e+04,1.445482e+04,-1.262353,0.200937,207.7209,83.1515,500.0,5.132,0.1915,5.3234
280,804.3546,1144.3238,5.351868e-02,6.109587e+04,1.618760e+04,-1.277704,0.200488,210.9176,84.3116,500.0,4.9345,0.1905,5.1251
281,801.6486,1144.3238,9.236965e-02,8.886029e+04,1.736424e+04,-1.271422,0.200554,210.4928,83.615,500.0,5.2265,0.1527,5.3792
282,708.975,1144.3238,8.114605e-02,6.504127e+04,1.825193e+04,-1.31473,0.199217,185.1325,80.3531,500.0,5.1154,0.1982,5.3137
283,652.897,1144.3238,9.774037e-02,5.593005e+04,1.820598e+04,-1.332938,0.198798,170.6543,75.5863,500.0,5.0299,0.1996,5.2294
284,725.5712,1144.3238,5.785980e-02,9.184062e+04,1.949848e+04,-1.395777,0.196648,189.0596,78.1071,500.0,5.019,0.1655,5.1845
285,705.5337,1144.3238,3.999529e-02,9.740195e+04,1.734794e+04,-1.429521,0.195428,184.8873,75.5132,500.0,4.8417,0.1576,4.9993
286,733.2135,1144.3238,2.430803e-01,5.998055e+04,2.181539e+04,-1.414042,0.195871,191.4779,84.1405,500.0,5.183,0.2477,5.4306
287,787.1645,1144.3238,4.834806e-01,9.460391e+04,2.117696e+04,-1.430805,0.195426,206.5577,86.2561,500.0,4.9752,0.1575,5.1327
288,774.8377,1144.3238,1.077909e-01,1.015864e+05,2.188587e+04,-1.452051,0.194555,203.0711,88.831,500.0,4.984,0.226,5.21
289,797.7447,1144.3238,5.845387e-02,1.470089e+05,1.791040e+04,-1.419451,0.195845,210.2013,87.3933,500.0,5.0693,0.2061,5.2755
290,782.3116,1144.3238,5.921998e-02,1.241398e+05,2.093975e+04,-1.378002,0.197171,205.003,89.7075,500.0,4.7689,0.213,4.9819
291,758.4533,1144.3238,5.961714e-02,2.292152e+05,1.757259e+04,-1.385534,0.19715,200.0605,81.0965,500.0,5.6788,0.1647,5.8435
292,739.42,1144.3238,6.492366e-02,1.623216e+05,1.704760e+04,-1.377214,0.197044,195.2906,80.7887,500.0,6.2174,0.3231,6.5405
293,716.2012,1144.3238,3.924952e-02,6.962871e+04,1.641183e+04,-1.364994,0.197361,187.7151,77.8355,500.0,6.1008,0.4045,6.5053
294,726.5959,1144.3238,4.624222e-02,1.972057e+05,1.808581e+04,-1.365709,0.197144,190.2935,77.8494,500.0,5.0209,0.1583,5.1792
295,700.438,1144.3238,7.550885e-02,8.262009e+04,1.876568e+04,-1.358361,0.197382,183.0488,79.557,500.0,4.9644,0.152,5.1164
296,677.6461,1144.3238,5.490096e-01,6.814755e+04,1.941599e+04,-1.342873,0.197925,177.319,77.8885,500.0,5.2287,0.1658,5.3944
297,819.1474,1144.3238,4.997909e-02,1.781749e+05,1.745270e+04,-1.388495,0.196623,215.2998,86.0531,500.0,4.9928,0.1481,5.1409
298,832.5795,1144.3238,2.388971e-01,1.335468e+05,1.879100e+04,-1.407538,0.195879,217.7533,88.3003,500.0,5.1959,0.1474,5.3432
299,779.2205,1144.3238,4.813363e-02,9.230611e+04,1.671986e+04,-1.445495,0.194748,204.2467,85.1248,500.0,4.9443,0.1673,5.1115
300,807.3529,1144.3238,4.765467e-02,6.179136e+04,1.714406e+04,-1.417975,0.195312,211.7488,84.5244,500.0,4.9541,0.162,5.1162
301,798.1999,1144.3238,6.470612e-02,5.477230e+04,2.096828e+04,-1.415125,0.195279,209.2955,83.4875,500.0,5.1028,0.1485,5.2512
302,757.1795,1144.3238,4.997143e-02,6.223114e+04,1.569854e+04,-1.439077,0.19475,197.8714,79.0477,500.0,4.9183,0.1558,5.0741
303,751.0855,1144.3238,3.179935e-02,7.426700e+04,1.515532e+04,-1.443813,0.194472,196.1335,78.7713,500.0,5.1946,0.1628,5.3575
304,775.311,1144.3238,4.492671e-02,8.023410e+04,1.491677e+04,-1.528809,0.191843,202.7836,81.0284,500.0,5.155,0.1523,5.3074
305,754.0378,1144.3238,3.180398e-02,5.769778e+04,1.469996e+04,-1.546917,0.191261,196.9205,79.5054,500.0,5.1444,0.1696,5.314
306,760.5141,1144.3238,3.803794e-02,1.344832e+05,1.600197e+04,-1.589388,0.189663,198.2565,80.447,500.0,4.8778,0.1585,5.0363
307,781.9955,1144.3238,5.557520e-02,1.280002e+05,1.736563e+04,-1.562593,0.190241,203.9985,86.1696,500.0,5.0294,0.1644,5.1937
308,777.7771,1144.3238,1.608417e-01,1.403791e+05,1.958623e+04,-1.583156,0.189546,203.2616,81.8494,500.0,5.321,0.1494,5.4704
309,803.0566,1144.3238,7.638400e-02,1.080520e+05,1.724753e+04,-1.624964,0.187971,210.0991,84.4727,500.0,5.0373,0.157,5.1944
310,819.6834,1144.3238,4.167200e-02,7.666169e+04,1.670814e+04,-1.615681,0.188329,213.8555,85.8375,500.0,4.8832,0.2049,5.0881
311,829.0198,1144.3238,6.172516e-01,1.582901e+05,2.073668e+04,-1.590159,0.189361,216.8102,86.4505,500.0,5.0806,0.1573,5.2379
312,652.2797,1144.3238,5.859247e-02,8.717484e+04,1.325996e+04,-1.663467,0.187026,170.2548,69.9181,500.0,5.1906,0.1544,5.345
313,665.9603,1144.3238,4.092811e-01,6.652251e+04,2.156201e+04,-1.699198,0.186078,173.1647,71.6026,500.0,4.9276,0.1567,5.0843
314,645.6138,1144.3238,2.282771e-01,1.771048e+05,1.490578e+04,-1.682797,0.186235,168.3817,69.4928,500.0,5.0454,0.168,5.2134
315,712.2718,1144.3238,3.763704e-02,9.419661e+04,1.610840e+04,-1.698572,0.18574,185.3887,75.5429,500.0,5.0791,0.2084,5.2875
316,707.8085,1144.3238,1.497358e+01,1.278202e+05,3.884445e+04,-1.722193,0.184933,184.504,75.0176,500.0,5.3648,0.1509,5.5156
317,140.8591,1144.3238,1.524251e-02,4.373189e+04,5.873337e+03,-1.724733,0.184905,34.4295,20.7411,500.0,5.0592,0.2879,5.3471
318,200.1563,1144.3238,8.774011e-03,5.282576e+04,6.949771e+03,-1.735582,0.184782,49.0043,28.1971,500.0,5.0316,0.2229,5.2545
319,239.7059,1144.3238,1.522070e-02,4.008827e+04,7.608420e+03,-1.733971,0.184868,60.3439,30.7691,500.0,4.9826,0.1514,5.134
320,239.9531,1144.3238,1.089074e+00,1.056162e+05,1.530983e+04,-1.716774,0.185374,60.6304,30.9426,500.0,5.0858,0.1478,5.2336
321,100.7279,1144.3238,2.572012e-03,1.798563e+04,4.139865e+03,-1.717611,0.185346,25.1363,16.1272,500.0,5.1237,0.1618,5.2854
322,127.3411,1144.3238,6.327439e-03,2.453513e+04,5.437281e+03,-1.699631,0.185719,32.4578,18.8032,500.0,5.0882,0.147,5.2353
323,130.3605,1144.3238,5.927439e-03,3.664224e+04,5.517573e+03,-1.698276,0.185748,32.8171,20.1625,500.0,5.0506,0.1519,5.2026
324,144.547,1144.3238,3.710905e-03,3.367569e+04,4.254279e+03,-1.703735,0.185636,36.4204,20.5602,500.0,4.7947,0.1494,4.9441
325,173.6401,1144.3238,4.321948e-03,7.532444e+04,5.116336e+03,-1.709272,0.185601,44.4506,23.2581,500.0,4.8573,0.1508,5.0081
326,205.5807,1144.3238,4.037891e-03,5.149655e+04,5.820021e+03,-1.701967,0.185741,52.4809,26.3821,500.0,4.915,0.1684,5.0833
327,217.3657,1144.3238,1.158932e-02,4.741359e+04,7.963366e+03,-1.720051,0.185044,55.8891,27.953,500.0,5.0428,0.2129,5.2557
328,235.3341,1144.3238,6.848813e-03,2.999976e+04,5.588080e+03,-1.722256,0.185037,60.9105,28.3099,500.0,4.8862,0.198,5.0841
329,266.537,1144.3238,1.044936e-01,4.819903e+04,7.373280e+03,-1.703413,0.185712,68.7685,31.6631,500.0,4.9414,0.1648,5.1061
330,295.5719,1144.3238,2.811032e+03,6.134589e+04,3.847019e+05,-1.728544,0.184893,77.3582,35.0389,500.0,4.9279,0.1485,5.0764
331,-297.2191,1144.3238,8.986129e-01,4.170820e+03,1.222442e+04,-1.722731,0.184926,-76.0095,30.1693,500.0,5.2223,0.2268,5.4491
332,-296.7519,1144.3238,1.947114e-03,3.278704e+03,7.227926e+03,-1.718662,0.185039,-75.8576,30.1125,500.0,5.4281,0.1762,5.6043
333,-296.6466,1144.3238,1.020194e-02,5.333213e+03,6.349120e+03,-1.70385,0.185494,-75.852,30.1116,500.0,5.2924,0.1593,5.4517
334,-295.8533,1144.3238,3.553436e-03,2.579609e+03,5.733270e+03,-1.714337,0.185045,-75.8044,30.0789,500.0,5.0966,0.15,5.2466
335,-297.2201,1144.3238,1.658474e-02,3.150051e+03,6.351968e+03,-1.710592,0.185347,-75.835,30.1111,500.0,5.0561,0.1545,5.2106
336,-296.2057,1144.3238,1.989446e-02,4.299947e+03,7.165061e+03,-1.708313,0.185353,-75.7903,30.0845,500.0,5.3452,0.162,5.5072
337,-296.0969,1144.3238,2.636417e-01,2.163194e+03,8.211637e+03,-1.695639,0.18563,-75.7503,30.0672,500.0,5.4017,0.1559,5.5575
338,-295.4708,1144.3238,3.591985e+01,4.406849e+03,1.793890e+04,-1.69051,0.185749,-75.5641,29.9916,500.0,5.0774,0.1472,5.2245
339,-263.6512,1144.3238,2.631342e-03,7.110869e+02,5.515024e+03,-1.684769,0.186168,-67.4649,26.7773,500.0,5.16,0.1496,5.3096
340,-263.6177,1144.3238,1.294195e-03,1.982541e+03,6.237475e+03,-1.680864,0.186205,-67.4496,26.7759,500.0,5.0375,0.157,5.1945
341,-263.6099,1144.3238,8.157216e-04,2.046719e+03,6.072002e+03,-1.672048,0.186347,-67.4514,26.7643,500.0,5.1109,0.1904,5.3013
342,-263.6485,1144.3238,5.463756e-04,3.045844e+03,4.723927e+03,-1.674374,0.18634,-67.4549,26.7729,500.0,5.1499,0.1921,5.342
343,-264.0747,1144.3238,8.563290e-04,1.617551e+03,5.981297e+03,-1.67967,0.186228,-67.4769,26.794,500.0,5.2934,0.16,5.4534
344,-263.3098,1144.3238,8.038776e-04,2.045420e+03,5.117854e+03,-1.680601,0.186228,-67.4453,26.7697,500.0,5.1187,0.1403,5.2589
345,-263.7578,1144.3238,1.254922e-03,2.992556e+03,5.543701e+03,-1.676817,0.186311,-67.4195,26.7753,500.0,5.1329,0.1447,5.2776
346,-263.9074,1144.3238,8.868334e-04,1.979125e+03,5.330733e+03,-1.673456,0.186644,-67.3921,26.7505,500.0,5.3066,0.169,5.4756
347,-263.7799,1144.3238,1.197594e-03,3.038091e+03,5.469617e+03,-1.687796,0.18617,-67.38,26.7609,500.0,5.295,0.1527,5.4477
348,-263.1873,1144.3238,7.987038e-04,2.410823e+03,6.246831e+03,-1.691849,0.186057,-67.3437,26.734,500.0,5.1074,0.1576,5.265
349,-263.2478,1144.3238,8.407398e-04,2.342603e+03,4.794265e+03,-1.687393,0.186163,-67.3039,26.7158,500.0,5.1396,0.1861,5.3256
350,-262.8553,1144.3238,9.729285e-04,1.533247e+03,5.534685e+03,-1.693607,0.185719,-67.2978,26.7149,500.0,5.2177,0.1407,5.3584
351,-263.7173,1144.3238,1.399610e-03,2.644531e+03,6.238833e+03,-1.697966,0.1856,-67.2842,26.7287,500.0,5.2405,0.1942,5.4347
352,-262.2867,1144.3238,7.196777e-03,2.605202e+03,5.521678e+03,-1.702286,0.185466,-67.2168,26.6697,500.0,5.189,0.1983,5.3873
353,-262.0656,1144.3238,1.213619e-03,2.589517e+03,4.740362e+03,-1.711773,0.18501,-67.1212,26.6478,500.0,4.995,0.1896,5.1845
354,-261.7151,1144.3238,9.801284e-04,2.607375e+03,5.889857e+03,-1.709147,0.185015,-67.0711,26.6231,500.0,5.2211,0.1545,5.3755
355,-262.0212,1144.3238,7.366504e-03,4.409262e+03,6.104886e+03,-1.726032,0.184444,-67.0314,26.612,500.0,5.3791,0.1522,5.5313
356,-261.4069,1144.3238,7.241657e-04,1.409654e+03,5.821733e+03,-1.722114,0.184755,-66.9148,26.5622,500.0,5.1497,0.1531,5.3028
357,-261.7129,1144.3238,1.289542e-03,2.867709e+03,5.866647e+03,-1.707689,0.185043,-66.9231,26.5543,500.0,5.3314,0.1527,5.4842
358,-261.4405,1144.3238,1.772952e-03,1.781758e+03,5.340314e+03,-1.70042,0.185375,-66.901,26.5546,500.0,5.1159,0.1577,5.2736
359,-261.1371,1144.3238,1.033417e-03,3.169162e+03,6.205539e+03,-1.691055,0.185494,-66.8616,26.5481,500.0,5.0871,0.1449,5.232
360,-260.9553,1144.3238,3.290604e-03,1.950232e+03,6.092287e+03,-1.694881,0.18546,-66.843,26.5212,500.0,5.2166,0.1532,5.3698
361,-261.6068,1144.3238,1.550628e-03,2.042425e+03,6.803903e+03,-1.685102,0.185634,-66.8144,26.5368,500.0,5.0663,0.2125,5.2788
362,-261.4218,1144.3238,7.229088e-04,2.363044e+03,5.868406e+03,-1.683308,0.185636,-66.7671,26.5031,500.0,5.2263,0.1553,5.3816
363,-261.025,1144.3238,1.220848e-03,1.188785e+03,5.550229e+03,-1.689413,0.185494,-66.8056,26.5162,500.0,5.1359,0.1639,5.2998
364,-261.2254,1144.3238,9.051058e-04,1.850595e+03,6.812086e+03,-1.699507,0.185345,-66.7715,26.523,500.0,4.9956,0.1661,5.1617
365,-261.4003,1144.3238,8.393639e-04,2.494785e+03,5.131735e+03,-1.693209,0.185487,-66.7704,26.5,500.0,5.1379,0.1725,5.3104
366,-261.7558,1144.3238,9.903301e-04,2.427923e+03,6.325785e+03,-1.701956,0.185353,-66.7826,26.5264,500.0,5.3771,0.1643,5.5414
367,-261.2985,1144.3238,1.061505e-03,2.844920e+03,5.830678e+03,-1.692236,0.185712,-66.7718,26.5136,500.0,5.0308,0.1565,5.1873
368,-260.8557,1144.3238,1.022236e-03,2.244254e+03,6.621828e+03,-1.68157,0.186196,-66.7289,26.4933,500.0,5.0628,0.1593,5.2221
369,-260.5791,1144.3238,1.091971e-03,1.771906e+03,4.770712e+03,-1.671522,0.186317,-66.7149,26.4752,500.0,5.1227,0.1563,5.279
370,-260.7982,1144.3238,9.910460e-04,2.079588e+03,5.665413e+03,-1.661793,0.186784,-66.7205,26.4886,500.0,5.134,0.1519,5.2859
371,-260.4563,1144.3238,1.402856e-02,2.089570e+03,5.504816e+03,-1.673708,0.186235,-66.6993,26.4819,500.0,4.9113,0.1888,5.1
372,-260.5726,1144.3238,4.397420e-03,3.338122e+03,6.250763e+03,-1.683643,0.186079,-66.5648,26.42,500.0,5.0358,0.1558,5.1915
373,-259.8781,1144.3238,5.563773e-04,8.163567e+02,5.112940e+03,-1.691614,0.185713,-66.4889,26.3941,500.0,5.2227,0.279,5.5017
374,-259.9195,1144.3238,8.246254e-04,1.846326e+03,6.104747e+03,-1.684622,0.186057,-66.491,26.3837,500.0,5.2599,0.1875,5.4474
375,-259.8735,1144.3238,1.219534e-03,2.854276e+03,5.558693e+03,-1.693378,0.185637,-66.4775,26.3944,500.0,5.2872,0.1617,5.4488
376,-259.9426,1144.3238,6.222673e-04,2.595618e+03,4.859074e+03,-1.693075,0.185634,-66.4707,26.4015,500.0,5.2308,0.1599,5.3907
377,-259.8989,1144.3238,1.069232e-03,1.206924e+03,5.858668e+03,-1.679159,0.18619,-66.4311,26.3734,500.0,5.2251,0.1587,5.3839
378,-259.6915,1144.3238,9.566427e-04,1.842824e+03,5.875792e+03,-1.665865,0.186653,-66.4377,26.363,500.0,5.2934,0.1914,5.4848
379,-259.501,1144.3238,8.640770e-04,1.930218e+03,5.220039e+03,-1.679113,0.186226,-66.4476,26.3709,500.0,5.3562,0.1705,5.5267
380,-259.648,1144.3238,7.758708e-04,2.812544e+03,5.871142e+03,-1.683847,0.186196,-66.4405,26.3743,500.0,5.2128,0.1514,5.3642
381,-259.5871,1144.3238,1.248644e-03,2.281223e+03,5.768904e+03,-1.679808,0.186226,-66.4546,26.3652,500.0,5.1217,0.1506,5.2723
382,-259.4535,1144.3238,8.209021e-04,1.035294e+03,5.852973e+03,-1.681717,0.186226,-66.4462,26.3688,500.0,5.1768,0.153,5.3298
383,-259.8002,1144.3238,7.147240e-04,2.230008e+03,5.047886e+03,-1.679714,0.186233,-66.4723,26.3844,500.0,5.1807,0.1558,5.3365
384,-259.294,1144.3238,1.165575e-03,3.492169e+03,6.368131e+03,-1.663361,0.186905,-66.4641,26.3674,500.0,5.1466,0.1632,5.3099
385,-259.9396,1144.3238,9.676069e-04,2.348048e+03,6.005805e+03,-1.653706,0.187359,-66.4899,26.3858,500.0,5.3564,0.1534,5.5098
386,-261.0075,1144.3238,7.076751e-04,2.362821e+03,5.869220e+03,-1.665649,0.186791,-66.5348,26.4251,500.0,5.0815,0.1588,5.2403
387,-260.0372,1144.3238,5.781084e-04,1.328117e+03,5.124353e+03,-1.67025,0.186672,-66.5033,26.396,500.0,5.5859,0.2118,5.7977
388,-260.4061,1144.3238,7.722377e-04,7.246167e+02,6.907205e+03,-1.66396,0.186786,-66.524,26.4093,500.0,5.3819,0.1481,5.53
389,-260.0117,1144.3238,1.080633e-03,2.021354e+03,6.197921e+03,-1.663504,0.186756,-66.5019,26.407,500.0,5.1224,0.1694,5.2918
390,-260.1114,1144.3238,1.154723e-03,3.343936e+03,5.298750e+03,-1.66098,0.186907,-66.4985,26.4145,500.0,5.2184,0.1501,5.3685
391,-259.3618,1144.3238,1.107925e-03,2.543102e+03,6.206779e+03,-1.665737,0.186756,-66.4465,26.354,500.0,5.0913,0.1499,5.2411
392,-259.6986,1144.3238,8.278734e-04,2.697542e+03,5.355733e+03,-1.669447,0.186345,-66.4704,26.3722,500.0,5.4005,0.1496,5.5501
393,-260.2084,1144.3238,9.766322e-04,1.698589e+03,5.605926e+03,-1.667414,0.186652,-66.4926,26.3981,500.0,5.242,0.1542,5.3962
394,-260.4596,1144.3238,8.464821e-04,1.688494e+03,5.260374e+03,-1.660561,0.186791,-66.5146,26.4072,500.0,5.731,0.1474,5.8785
395,-259.7479,1144.3238,6.471351e-04,2.486593e+03,5.287565e+03,-1.658813,0.186905,-66.4682,26.3919,500.0,5.3364,0.1942,5.5307
396,-260.1293,1144.3238,1.616216e-03,1.916999e+03,7.051144e+03,-1.661924,0.186785,-66.4746,26.3925,500.0,5.2975,0.1468,5.4443
397,-259.5664,1144.3238,8.955615e-04,2.592507e+03,5.879062e+03,-1.667728,0.186674,-66.4783,26.3778,500.0,5.2123,0.1511,5.3634
398,-259.9267,1144.3238,1.335603e-03,1.973108e+03,6.004546e+03,-1.67099,0.186645,-66.4857,26.3888,500.0,5.0617,0.1547,5.2163
399,-260.0553,1144.3238,9.828665e-04,2.424911e+03,4.807150e+03,-1.658112,0.186933,-66.4987,26.3967,500.0,4.9131,0.1491,5.0622
400,-260.2827,1144.3238,9.287431e-04,1.828184e+03,5.101296e+03,-1.659334,0.18694,-66.5246,26.3996,500.0,4.9994,0.1491,5.1485
401,-259.6518,1144.3238,1.160618e-03,1.942895e+03,5.789374e+03,-1.635929,0.187535,-66.5046,26.3938,500.0,5.1166,0.151,5.2676
402,-260.5044,1144.3238,1.033798e-03,3.254326e+03,6.430215e+03,-1.638645,0.187507,-66.4826,26.399,500.0,5.1452,0.1951,5.3403
403,-260.0283,1144.3238,1.342117e-03,2.308716e+03,5.797493e+03,-1.626148,0.187945,-66.4924,26.3973,500.0,5.0746,0.16,5.2346
404,-259.3048,1144.3238,8.759318e-04,1.981084e+03,5.263905e+03,-1.632963,0.187535,-66.4596,26.3679,500.0,5.1009,0.1494,5.2503
405,-259.9144,1144.3238,1.302977e-03,2.968865e+03,4.952295e+03,-1.63747,0.187493,-66.5014,26.3962,500.0,5.2334,0.1491,5.3825
406,-259.0622,1144.3238,8.469703e-04,2.405060e+03,5.423229e+03,-1.618982,0.188056,-66.4545,26.3637,500.0,5.2932,0.1502,5.4434
407,-260.2969,1144.3238,8.712379e-04,1.658062e+03,6.899515e+03,-1.61299,0.18824,-66.5228,26.4115,500.0,5.1563,0.1675,5.3238
408,-259.5079,1144.3238,8.106507e-04,2.749107e+03,4.871335e+03,-1.593964,0.188811,-66.4698,26.3823,500.0,5.0639,0.1553,5.2192
409,-259.7235,1144.3238,9.186903e-04,2.446845e+03,4.943767e+03,-1.587986,0.18894,-66.485,26.3867,500.0,4.793,0.1663,4.9593
410,-260.0082,1144.3238,1.255138e-03,2.971425e+03,5.120252e+03,-1.585151,0.189272,-66.464,26.3813,500.0,5.1794,0.1474,5.3268
411,-259.46,1144.3238,1.376205e-03,2.034380e+03,5.841689e+03,-1.587097,0.189249,-66.4975,26.3946,500.0,5.1486,0.1517,5.3003
412,-259.486,1144.3238,9.057088e-04,2.323827e+03,5.962293e+03,-1.585186,0.189271,-66.4863,26.3927,500.0,5.1554,0.15,5.3053
413,-259.3054,1144.3238,1.408705e-03,2.429367e+03,4.922691e+03,-1.594542,0.188919,-66.4773,26.3749,500.0,5.0143,0.1488,5.1631
414,-259.8638,1144.3238,4.007554e-03,2.100897e+03,5.605557e+03,-1.583138,0.189359,-66.5204,26.3903,500.0,5.1765,0.154,5.3305
415,-260.2376,1144.3238,1.556033e-03,2.316328e+03,5.653612e+03,-1.572689,0.189637,-66.5272,26.4064,500.0,5.2318,0.1608,5.3926
416,-260.5719,1144.3238,1.764561e-03,1.273651e+03,6.163566e+03,-1.593308,0.188921,-66.5636,26.4302,500.0,5.1436,0.1478,5.2914
417,-259.9628,1144.3238,1.450005e-03,1.785300e+03,5.421907e+03,-1.592871,0.188914,-66.5449,26.4074,500.0,5.2066,0.1646,5.3712
418,-260.0573,1144.3238,1.158257e-03,1.600111e+03,5.948079e+03,-1.587492,0.189242,-66.5547,26.4209,500.0,5.4235,0.1594,5.5828
419,-260.3018,1144.3238,1.062572e-03,2.227348e+03,6.104018e+03,-1.601196,0.188795,-66.5464,26.4105,500.0,5.3769,0.1576,5.5344
420,-259.2706,1144.3238,2.024679e-03,1.692885e+03,5.914389e+03,-1.620277,0.188212,-66.5081,26.3832,500.0,5.117,0.1593,5.2763
421,-260.0483,1144.3238,1.353680e-03,2.329740e+03,6.831143e+03,-1.613743,0.18833,-66.5496,26.4262,500.0,5.4603,0.1762,5.6366
422,-260.4407,1144.3238,1.295871e-03,1.852437e+03,5.840739e+03,-1.616009,0.188249,-66.5288,26.4188,500.0,4.9012,0.1512,5.0524
423,-259.7569,1144.3238,1.415555e-03,1.840681e+03,5.515031e+03,-1.612957,0.188352,-66.503,26.393,500.0,5.1932,0.1512,5.3444
424,-260.008,1144.3238,1.159536e-03,1.814705e+03,5.771896e+03,-1.608557,0.188662,-66.499,26.3934,500.0,5.2139,0.1514,5.3653
425,-260.3158,1144.3238,1.186541e-03,1.824062e+03,6.167506e+03,-1.605076,0.188766,-66.5194,26.4079,500.0,5.2065,0.1424,5.3488
426,-259.443,1144.3238,1.211848e-03,2.756381e+03,5.061039e+03,-1.596672,0.188839,-66.4789,26.3798,500.0,5.164,0.2024,5.3664
427,-259.4536,1144.3238,1.377541e-03,2.695206e+03,6.185370e+03,-1.58568,0.189354,-66.4693,26.3812,500.0,5.3967,0.2335,5.6302
428,-259.5605,1144.3238,2.061523e-03,1.871719e+03,5.793779e+03,-1.584111,0.189518,-66.418,26.3574,500.0,5.1626,0.1868,5.3494
429,-259.662,1144.3238,1.123893e-03,2.902263e+03,5.387857e+03,-1.591486,0.189277,-66.4749,26.3779,500.0,5.2719,0.1697,5.4416
430,-259.8074,1144.3238,1.048184e-03,2.120598e+03,5.724795e+03,-1.60433,0.188809,-66.4988,26.3941,500.0,5.2964,0.2863,5.5827
431,-260.0294,1144.3238,1.146671e-03,1.756776e+03,6.141735e+03,-1.594803,0.189272,-66.4827,26.3845,500.0,5.3021,0.1601,5.4622
432,-259.3614,1144.3238,1.442500e-03,3.067668e+03,5.757453e+03,-1.593531,0.189354,-66.5021,26.3915,500.0,5.2044,0.1525,5.3569
433,-259.9154,1144.3238,1.455282e-03,1.789881e+03,5.058199e+03,-1.586136,0.189525,-66.4832,26.3965,500.0,5.1588,0.1621,5.3209
434,-259.5775,1144.3238,1.761097e-03,2.907947e+03,5.749963e+03,-1.592022,0.189352,-66.4632,26.381,500.0,5.2497,0.2111,5.4608
435,-259.7858,1144.3238,2.051610e-03,9.850424e+02,6.654150e+03,-1.575027,0.189965,-66.4838,26.3916,500.0,5.1646,0.158,5.3226
436,-259.7507,1144.3238,1.185618e-03,1.485374e+03,5.576756e+03,-1.581696,0.189553,-66.4619,26.3754,500.0,5.0623,0.1884,5.2507
437,-259.8277,1144.3238,1.604525e-03,1.946468e+03,5.895658e+03,-1.576134,0.18996,-66.4952,26.3993,500.0,5.2442,0.1526,5.3968
438,-260.1256,1144.3238,1.404166e-03,2.607276e+03,5.815290e+03,-1.57033,0.190068,-66.4641,26.3733,500.0,5.1861,0.16,5.3461
439,-259.4209,1144.3238,1.484107e-03,1.273958e+03,5.856712e+03,-1.575318,0.189665,-66.4613,26.3748,500.0,5.1663,0.2268,5.3931
440,-260.1291,1144.3238,1.167099e-03,1.694224e+03,5.969862e+03,-1.576998,0.189657,-66.4995,26.3964,500.0,5.0666,0.1578,5.2244
441,-260.5568,1144.3238,2.013305e-03,1.877804e+03,6.271520e+03,-1.579985,0.189553,-66.5172,26.4162,500.0,5.2685,0.1501,5.4187
442,-260.3985,1144.3238,1.473392e-03,1.722147e+03,6.133938e+03,-1.587925,0.189382,-66.5192,26.4074,500.0,5.1205,0.1516,5.2721
443,-260.2721,1144.3238,2.001117e-03,1.165439e+03,6.074331e+03,-1.584335,0.189525,-66.5156,26.4093,500.0,5.4968,0.384,5.8808
444,-259.7022,1144.3238,1.692471e-03,2.588143e+03,5.573833e+03,-1.584923,0.189518,-66.4987,26.3865,500.0,5.3897,0.1505,5.5403
445,-260.1636,1144.3238,2.142649e-03,1.937997e+03,6.106980e+03,-1.571945,0.189958,-66.5195,26.4088,500.0,5.1696,0.1601,5.3297
446,-259.546,1144.3238,1.265146e-03,1.452988e+03,6.068095e+03,-1.56049,0.190111,-66.4994,26.3799,500.0,5.1434,0.1935,5.3369
447,-260.431,1144.3238,1.537909e-03,2.288790e+03,6.094673e+03,-1.554304,0.190215,-66.5241,26.4143,500.0,5.2614,0.1605,5.4219
448,-259.7695,1144.3238,2.602059e-03,1.316356e+03,5.376641e+03,-1.550501,0.190243,-66.5167,26.402,500.0,5.4247,0.1699,5.5946
449,-260.0371,1144.3238,1.916991e-03,3.379698e+03,5.846498e+03,-1.559187,0.190105,-66.509,26.4098,500.0,5.2432,0.2105,5.4537
450,-259.4885,1144.3238,1.840476e-03,3.530217e+03,6.123183e+03,-1.547558,0.190569,-66.47,26.3731,500.0,5.0134,0.1701,5.1835
451,-260.0197,1144.3238,1.719848e-03,1.375314e+03,6.224005e+03,-1.545105,0.190577,-66.5042,26.4011,500.0,5.173,0.1654,5.3384
452,-259.6985,1144.3238,1.102568e-03,1.878219e+03,6.148072e+03,-1.551387,0.19025,-66.4811,26.3849,500.0,5.1938,0.1596,5.3534
453,-259.6335,1144.3238,1.490567e-03,1.185239e+03,5.967430e+03,-1.564221,0.190076,-66.4617,26.3836,500.0,4.8948,0.1543,5.0491
454,-259.3131,1144.3238,1.829869e-03,2.078687e+03,5.056370e+03,-1.566179,0.189993,-66.4705,26.3684,500.0,5.1032,0.1853,5.2884
455,-259.9234,1144.3238,2.121741e-03,2.747393e+03,5.922832e+03,-1.550426,0.190243,-66.5036,26.3896,500.0,5.2478,0.1663,5.4141
456,-259.9966,1144.3238,1.435101e-03,3.134691e+03,6.595562e+03,-1.550596,0.19025,-66.5058,26.3919,500.0,5.1137,0.2085,5.3222
457,-260.3938,1144.3238,1.169570e-03,3.230261e+03,5.369483e+03,-1.556147,0.190113,-66.5454,26.415,500.0,5.2374,0.1854,5.4228
458,-260.0158,1144.3238,1.390993e-03,1.605595e+03,5.754250e+03,-1.565607,0.189664,-66.5256,26.4133,500.0,5.167,0.2079,5.375
459,-260.2257,1144.3238,1.562957e-03,2.140291e+03,6.005501e+03,-1.555769,0.190111,-66.5302,26.4022,500.0,5.604,0.1761,5.7801
460,-260.6092,1144.3238,1.143976e-03,3.443859e+03,5.924750e+03,-1.557831,0.190102,-66.5684,26.4293,500.0,5.9735,0.1648,6.1382
461,-260.5871,1144.3238,9.847173e-04,1.560310e+03,5.374852e+03,-1.567363,0.189657,-66.5503,26.4326,500.0,5.7104,0.1682,5.8786
462,-260.174,1144.3238,1.735173e-03,2.356316e+03,7.781534e+03,-1.573342,0.18952,-66.5507,26.4188,500.0,5.0065,0.162,5.1685
463,-259.8771,1144.3238,1.542104e-03,2.350704e+03,5.632936e+03,-1.577648,0.189381,-66.57,26.4126,500.0,5.1328,0.1507,5.2835
464,-260.2596,1144.3238,1.347231e-03,2.037820e+03,5.733835e+03,-1.56583,0.189665,-66.5474,26.423,500.0,4.9883,0.1625,5.1508
465,-260.4304,1144.3238,1.279748e-03,1.962407e+03,5.354938e+03,-1.569681,0.189637,-66.5733,26.4293,500.0,5.1491,0.1536,5.3027
466,-259.6827,1144.3238,1.032939e-03,1.668319e+03,5.470801e+03,-1.567117,0.189958,-66.5627,26.4111,500.0,5.3905,0.157,5.5476
467,-260.6025,1144.3238,1.432367e-03,2.809766e+03,6.813127e+03,-1.593575,0.188913,-66.6057,26.4403,500.0,5.287,0.1486,5.4356
468,-259.8198,1144.3238,2.659494e-03,2.783756e+03,6.198393e+03,-1.610067,0.188359,-66.468,26.4485,500.0,5.8115,0.2098,6.0213
469,-260.0367,1144.3238,1.303337e-03,2.334067e+03,5.454516e+03,-1.621469,0.188089,-66.4932,26.4018,500.0,5.2218,0.1531,5.3749
470,-259.9028,1144.3238,2.378711e-03,1.647030e+03,5.794576e+03,-1.609921,0.188655,-66.4872,26.3892,500.0,5.1857,0.2235,5.4092
471,-260.2367,1144.3238,1.423519e-03,2.754584e+03,6.586810e+03,-1.617054,0.18824,-66.5063,26.3985,500.0,5.0527,0.161,5.2137
472,-260.2436,1144.3238,1.495793e-03,2.575606e+03,5.786224e+03,-1.630205,0.187945,-66.5277,26.4067,500.0,5.1258,0.1587,5.2845
473,-260.1807,1144.3238,1.601897e-03,1.791407e+03,6.484780e+03,-1.621357,0.188242,-66.528,26.4013,500.0,5.1416,0.1456,5.2872
474,-259.9108,1144.3238,1.856039e-03,1.864089e+03,6.020351e+03,-1.610498,0.188689,-66.519,26.3964,500.0,5.0439,0.1558,5.1997
475,-260.2409,1144.3238,4.617249e-03,2.255770e+03,6.193893e+03,-1.603947,0.188803,-66.5682,26.4294,500.0,5.036,0.1628,5.1988
476,-259.7017,1144.3238,1.620315e-03,3.573712e+03,6.144923e+03,-1.607517,0.188803,-66.5025,26.3989,500.0,5.2713,0.1585,5.4298
477,-259.7891,1144.3238,1.082506e-03,1.583650e+03,5.827481e+03,-1.612179,0.188772,-66.5042,26.3903,500.0,5.3001,0.158,5.4581
478,-260.132,1144.3238,2.516810e-03,2.826292e+03,6.187431e+03,-1.624245,0.188323,-66.5447,26.4062,500.0,5.2569,0.21,5.4669
479,-260.3814,1144.3238,1.352544e-03,8.650408e+02,5.651677e+03,-1.613571,0.18869,-66.5711,26.4266,500.0,5.0093,0.1661,5.1754
480,-260.546,1144.3238,2.203618e-03,2.608329e+03,6.231641e+03,-1.596457,0.188949,-66.5901,26.4341,500.0,5.1136,0.1493,5.2628
481,-260.0048,1144.3238,1.215160e-03,3.083102e+03,6.163537e+03,-1.599224,0.188921,-66.5841,26.4188,500.0,5.1223,0.1506,5.2729
482,-260.045,1144.3238,1.902126e-03,1.626585e+03,6.274229e+03,-1.607164,0.188802,-66.5811,26.4212,500.0,5.2013,0.1569,5.3583
483,-260.3945,1144.3238,1.765600e-03,2.596905e+03,5.636021e+03,-1.594018,0.189352,-66.5984,26.4409,500.0,5.3125,0.1397,5.4523
484,-260.2479,1144.3238,2.017988e-03,3.934277e+03,5.570569e+03,-1.605507,0.188914,-66.6018,26.4343,500.0,5.3915,0.1559,5.5474
485,-260.7098,1144.3238,8.338079e-04,1.617932e+03,4.991490e+03,-1.606341,0.188914,-66.6053,26.4528,500.0,5.1924,0.1547,5.3472
486,-260.3045,1144.3238,1.197542e-03,2.148507e+03,6.506042e+03,-1.607929,0.188912,-66.5735,26.4227,500.0,5.0222,0.2017,5.224
487,-260.3248,1144.3238,1.146527e-03,2.425172e+03,5.982271e+03,-1.608467,0.188832,-66.5729,26.4383,500.0,5.1976,0.1561,5.3537
488,-260.0835,1144.3238,1.330058e-03,1.517181e+03,6.039947e+03,-1.617079,0.188685,-66.5654,26.4158,500.0,5.1991,0.1485,5.3476
489,-259.7673,1144.3238,1.379970e-03,2.174592e+03,5.467533e+03,-1.617409,0.188767,-66.564,26.4186,500.0,5.2595,0.1501,5.4096
490,-260.1077,1144.3238,1.060574e-03,2.336974e+03,5.320305e+03,-1.620564,0.188662,-66.5427,26.4168,500.0,5.1583,0.1383,5.2966
491,-260.38,1144.3238,1.479667e-03,2.438698e+03,5.324406e+03,-1.621673,0.188359,-66.5437,26.4155,500.0,5.1691,0.2291,5.3982
492,-260.0549,1144.3238,1.820783e-03,1.597041e+03,6.072476e+03,-1.617945,0.188766,-66.5436,26.4169,500.0,5.0506,0.1553,5.2059
493,-259.6597,1144.3238,1.778802e-03,1.123530e+03,6.404125e+03,-1.610277,0.188809,-66.5159,26.3983,500.0,5.1117,0.2339,5.3456
494,-259.8507,1144.3238,1.351498e-03,1.661953e+03,6.365488e+03,-1.60091,0.189243,-66.5289,26.3996,500.0,5.2398,0.1581,5.3979
495,-260.1542,1144.3238,9.198936e-04,2.941107e+03,5.376922e+03,-1.592028,0.189381,-66.553,26.41,500.0,5.0556,0.1581,5.2137
496,-260.4255,1144.3238,1.976281e-03,1.917032e+03,5.529123e+03,-1.596297,0.189278,-66.5615,26.4197,500.0,5.145,0.1605,5.3055
497,-260.0433,1144.3238,1.208726e-03,1.822331e+03,5.703853e+03,-1.601755,0.188921,-66.5513,26.4103,500.0,5.2435,0.1597,5.4032
498,-259.8385,1144.3238,1.145942e-03,1.146443e+03,5.381019e+03,-1.596083,0.18927,-66.5387,26.4166,500.0,5.2277,0.1574,5.3851
499,-260.3023,1144.3238,1.588789e-03,2.046288e+03,5.970043e+03,-1.592797,0.189277,-66.5505,26.4242,500.0,5.4886,0.2266,5.7151
500,-259.6859,1144.3238,1.568370e-03,1.072894e+03,5.881126e+03,-1.586921,0.189388,-66.5357,26.4019,500.0,5.2139,0.1525,5.3664
501,-259.8187,1144.3238,2.248416e-03,1.545144e+03,5.650014e+03,-1.578014,0.189958,-66.5438,26.3975,500.0,5.0486,0.1485,5.1971
502,-260.1372,1144.3238,1.710629e-03,3.257319e+03,5.950246e+03,-1.590599,0.189354,-66.559,26.4286,500.0,5.2849,0.1626,5.4474
503,-259.8803,1144.3238,1.562988e-03,2.290410e+03,5.808479e+03,-1.591114,0.189277,-66.5171,26.4047,500.0,5.3986,0.3528,5.7515
504,-259.566,1144.3238,1.481549e-03,4.182985e+03,5.949867e+03,-1.58575,0.189545,-66.5066,26.4035,500.0,5.3523,0.1492,5.5015
505,-259.2707,1144.3238,1.147605e-03,2.239696e+03,6.090311e+03,-1.584322,0.189628,-66.463,26.3763,500.0,5.16,0.1571,5.3172
506,-258.8857,1144.3238,1.441452e-03,1.587279e+03,5.301771e+03,-1.591129,0.189386,-66.4515,26.3573,500.0,5.2394,0.1591,5.3985
507,-259.6475,1144.3238,2.674970e-03,1.440925e+03,6.558684e+03,-1.582041,0.189662,-66.4778,26.388,500.0,4.8361,0.2101,5.0462
508,-259.9602,1144.3238,1.491184e-03,2.389370e+03,5.905955e+03,-1.583361,0.189655,-66.4985,26.395,500.0,5.1091,0.1495,5.2585
509,-259.6785,1144.3238,1.568122e-03,2.723323e+03,6.261673e+03,-1.587496,0.189546,-66.4816,26.3895,500.0,5.0887,0.195,5.2837
510,-259.6852,1144.3238,1.944760e-03,1.945279e+03,5.886539e+03,-1.590323,0.18952,-66.47,26.3907,500.0,4.8702,0.1629,5.0331
511,-259.4376,1144.3238,1.545019e-03,1.526976e+03,6.211091e+03,-1.594954,0.189361,-66.4729,26.3881,500.0,5.1646,0.1788,5.3434
512,-259.6729,1144.3238,1.692758e-03,2.194747e+03,6.496117e+03,-1.596563,0.189279,-66.4414,26.3785,500.0,5.1884,0.2356,5.424
513,-259.3355,1144.3238,1.592770e-03,2.204774e+03,5.974001e+03,-1.599829,0.189243,-66.423,26.3662,500.0,5.1812,0.2229,5.4041
514,-259.2704,1144.3238,1.684884e-03,4.733049e+03,6.811926e+03,-1.593328,0.189359,-66.4025,26.3511,500.0,5.4086,0.2189,5.6275
515,-259.165,1144.3238,1.181066e-03,1.365086e+03,5.594005e+03,-1.595295,0.18927,-66.4012,26.3634,500.0,5.0689,0.1505,5.2194
516,-259.5899,1144.3238,1.168932e-03,1.913472e+03,5.985234e+03,-1.59811,0.18927,-66.3959,26.3496,500.0,5.395,0.1482,5.5432
517,-259.1122,1144.3238,1.760353e-03,1.695497e+03,5.964595e+03,-1.585356,0.189655,-66.3945,26.3486,500.0,5.2395,0.1639,5.4034
518,-259.1148,1144.3238,1.967137e-03,2.946052e+03,5.955291e+03,-1.580647,0.18996,-66.4124,26.355,500.0,5.3841,0.1558,5.5399
519,-259.0459,1144.3238,1.311438e-03,2.312163e+03,5.980638e+03,-1.59322,0.189382,-66.4001,26.3458,500.0,5.2816,0.2487,5.5304
520,-259.4354,1144.3238,1.636575e-03,2.213363e+03,6.131548e+03,-1.598295,0.189359,-66.418,26.3628,500.0,5.2435,0.1581,5.4016
521,-259.4609,1144.3238,1.322145e-03,1.602691e+03,6.304729e+03,-1.582081,0.189993,-66.4273,26.355,500.0,5.0818,0.2944,5.3762
522,-259.3248,1144.3238,1.603023e-03,1.572723e+03,5.829506e+03,-1.568315,0.190544,-66.4176,26.3581,500.0,5.2788,0.1782,5.457
523,-259.9389,1144.3238,1.385896e-03,2.396125e+03,6.221346e+03,-1.573238,0.190132,-66.4257,26.3742,500.0,5.1962,0.1813,5.3775
524,-259.339,1144.3238,1.239384e-03,4.040241e+03,5.799970e+03,-1.55851,0.190679,-66.4125,26.3595,500.0,5.2682,0.1635,5.4317
525,-259.4929,1144.3238,1.293157e-03,1.355747e+03,6.258271e+03,-1.557512,0.190826,-66.4063,26.3592,500.0,5.1675,0.2752,5.4427
526,-259.532,1144.3238,1.477035e-03,1.736180e+03,5.573867e+03,-1.5431,0.191379,-66.4039,26.365,500.0,6.0187,0.2409,6.2596
527,-258.4725,1144.3238,1.281694e-03,2.453208e+03,5.828930e+03,-1.543749,0.191378,-66.3618,26.3319,500.0,5.2514,0.1675,5.4189
528,-259.237,1144.3238,1.380537e-03,1.230235e+03,7.166173e+03,-1.526369,0.191868,-66.3784,26.3425,500.0,5.0788,0.1495,5.2283
529,-258.8768,1144.3238,1.688220e-03,3.712259e+03,6.318681e+03,-1.528204,0.191849,-66.3742,26.3455,500.0,5.1604,0.1669,5.3273
530,-259.3231,1144.3238,1.389501e-03,3.650215e+03,6.744475e+03,-1.522179,0.191983,-66.3655,26.3434,500.0,5.0909,0.2302,5.3212
531,-259.3261,1144.3238,1.103399e-03,1.766483e+03,6.344967e+03,-1.51832,0.192132,-66.3597,26.3372,500.0,5.1111,0.1509,5.262
532,-259.4281,1144.3238,1.590464e-03,2.230425e+03,5.887100e+03,-1.520124,0.191977,-66.3474,26.3424,500.0,5.2129,0.1927,5.4056
533,-259.1611,1144.3238,1.202844e-03,2.481619e+03,5.660968e+03,-1.511803,0.192239,-66.3184,26.3255,500.0,5.2695,0.1491,5.4186
534,-259.1059,1144.3238,1.337767e-03,2.138208e+03,6.269564e+03,-1.519142,0.191983,-66.3165,26.3232,500.0,5.108,0.1359,5.2439
535,-259.0471,1144.3238,2.019286e-03,1.927149e+03,5.636559e+03,-1.516821,0.192157,-66.291,26.3067,500.0,5.0347,0.1522,5.1869
536,-259.0589,1144.3238,1.499058e-03,1.329052e+03,6.607313e+03,-1.520733,0.191976,-66.3332,26.33,500.0,5.199,0.1406,5.3396
537,-258.6225,1144.3238,1.688199e-03,1.584045e+03,6.787765e+03,-1.523252,0.191956,-66.3072,26.3069,500.0,5.2407,0.1403,5.381
538,-259.2522,1144.3238,1.151553e-03,2.652364e+03,5.184800e+03,-1.526627,0.191949,-66.3254,26.3279,500.0,5.234,0.1279,5.3619
539,-258.6505,1144.3238,1.464755e-03,2.678598e+03,5.759438e+03,-1.528089,0.191869,-66.3226,26.3123,500.0,5.2415,0.1909,5.4324
540,-259.1915,1144.3238,1.815025e-03,3.866559e+03,5.598614e+03,-1.521511,0.192132,-66.3196,26.3238,500.0,5.2156,0.1522,5.3679
541,-259.4638,1144.3238,1.383896e-03,1.415892e+03,6.288046e+03,-1.513369,0.192266,-66.3601,26.3375,500.0,5.1697,0.2336,5.4033
542,-258.5677,1144.3238,1.539323e-03,2.152945e+03,6.211601e+03,-1.502476,0.19271,-66.2946,26.3064,500.0,5.1495,0.2166,5.3661
543,-259.2113,1144.3238,1.509251e-03,2.028018e+03,4.759285e+03,-1.503285,0.192735,-66.3147,26.3272,500.0,4.9619,0.204,5.1658
544,-258.7303,1144.3238,1.202122e-03,1.059063e+03,5.754883e+03,-1.511791,0.192593,-66.2898,26.2991,500.0,5.1064,0.1668,5.2733
545,-258.9744,1144.3238,1.538013e-03,2.002330e+03,6.022088e+03,-1.503283,0.192715,-66.3025,26.3186,500.0,5.1139,0.1763,5.2902
546,-259.3845,1144.3238,1.528562e-03,2.374794e+03,5.599690e+03,-1.503622,0.192737,-66.3101,26.3287,500.0,5.0713,0.1537,5.225
547,-258.8638,1144.3238,2.198684e-03,3.877763e+03,6.171846e+03,-1.517496,0.192564,-66.3069,26.3084,500.0,5.1917,0.2033,5.395
548,-258.657,1144.3238,1.368331e-03,2.003824e+03,5.310041e+03,-1.512062,0.192598,-66.2866,26.3113,500.0,5.2844,0.1809,5.4653
549,-258.7791,1144.3238,3.572227e-03,2.254639e+03,6.222058e+03,-1.500393,0.192843,-66.2773,26.2956,500.0,5.1566,0.199,5.3556
550,-258.7316,1144.3238,1.520891e-03,1.050129e+03,6.834379e+03,-1.504221,0.192744,-66.2972,26.3078,500.0,5.2307,0.1477,5.3784
551,-259.0147,1144.3238,1.727410e-03,2.540321e+03,6.694804e+03,-1.516043,0.192679,-66.2974,26.3152,500.0,5.0235,0.1469,5.1704
552,-258.4522,1144.3238,1.189986e-03,2.172104e+03,5.958857e+03,-1.530962,0.191978,-66.2732,26.296,500.0,5.2771,0.1438,5.4209
553,-259.1977,1144.3238,1.507263e-03,1.623607e+03,6.630864e+03,-1.531736,0.191957,-66.2766,26.307,500.0,5.2001,0.1445,5.3446
554,-258.8705,1144.3238,1.540479e-03,1.544901e+03,5.142580e+03,-1.530877,0.191985,-66.2635,26.2985,500.0,5.5628,0.1956,5.7583
555,-259.2229,1144.3238,2.098244e-03,1.702662e+03,6.689165e+03,-1.540102,0.19187,-66.2927,26.3206,500.0,5.8494,0.2016,6.051
556,-258.5152,1144.3238,2.033020e-03,1.877768e+03,5.683858e+03,-1.544953,0.191544,-66.2743,26.2969,500.0,5.4478,0.2096,5.6574
557,-258.7929,1144.3238,1.639221e-03,1.913555e+03,5.630864e+03,-1.542477,0.191847,-66.283,26.3013,500.0,5.194,0.1913,5.3853
558,-259.2231,1144.3238,1.595540e-03,3.640157e+03,6.734638e+03,-1.539366,0.191951,-66.3001,26.3275,500.0,5.5382,0.2324,5.7706
559,-258.5792,1144.3238,1.096676e-03,1.556140e+03,6.717709e+03,-1.52936,0.192159,-66.249,26.2848,500.0,5.2474,0.1532,5.4005
560,-258.6634,1144.3238,1.609030e-03,1.925894e+03,6.101220e+03,-1.540285,0.191843,-66.2742,26.2977,500.0,5.312,0.2141,5.5261
561,-258.6628,1144.3238,1.749278e-03,2.920577e+03,6.001966e+03,-1.537899,0.19187,-66.2499,26.2959,500.0,5.3426,0.1805,5.5232
562,-259.0188,1144.3238,1.361620e-03,3.063535e+03,6.069727e+03,-1.523991,0.192273,-66.2823,26.3077,500.0,5.2133,0.1634,5.3767
563,-258.9628,1144.3238,2.013965e-03,1.375708e+03,6.431326e+03,-1.537363,0.191949,-66.2648,26.3,500.0,5.0755,0.1492,5.2247
564,-258.5888,1144.3238,2.360769e-03,1.754744e+03,5.726438e+03,-1.532799,0.191983,-66.26,26.2995,500.0,4.953,0.1553,5.1083
565,-259.3993,1144.3238,1.801286e-03,2.498035e+03,5.440479e+03,-1.534985,0.192132,-66.2761,26.3186,500.0,5.1708,0.1594,5.3302
566,-258.7776,1144.3238,1.769338e-03,1.131822e+03,5.977730e+03,-1.551317,0.191517,-66.2465,26.2914,500.0,5.1199,0.1601,5.2801
567,-259.3033,1144.3238,1.301678e-03,1.590234e+03,6.047450e+03,-1.561009,0.191399,-66.2591,26.3158,500.0,5.2711,0.1654,5.4365
568,-258.7246,1144.3238,1.860362e-03,2.163345e+03,6.014191e+03,-1.565266,0.19137,-66.2412,26.2917,500.0,5.0783,0.1545,5.2327
569,-258.631,1144.3238,2.746121e-03,2.411440e+03,6.461386e+03,-1.558626,0.191434,-66.2322,26.2895,500.0,5.3009,0.1526,5.4535
570,-259.0902,1144.3238,1.754263e-03,3.291135e+03,6.162042e+03,-1.546991,0.191842,-66.2376,26.2974,500.0,5.2466,0.149,5.3955
571,-259.4941,1144.3238,1.595061e-03,2.241302e+03,5.616208e+03,-1.545688,0.191841,-66.2666,26.3154,500.0,5.1831,0.1443,5.3274
572,-258.8036,1144.3238,1.272932e-03,2.552773e+03,6.637596e+03,-1.533126,0.192159,-66.242,26.2868,500.0,5.0952,0.145,5.2403
573,-258.5394,1144.3238,1.307188e-03,1.562483e+03,5.872471e+03,-1.552349,0.191408,-66.2575,26.2905,500.0,5.2675,0.152,5.4195
574,-258.9798,1144.3238,1.971598e-03,2.084161e+03,6.413136e+03,-1.539293,0.191849,-66.2673,26.3097,500.0,5.2967,0.1454,5.4421
575,-258.6756,1144.3238,1.434794e-03,1.549147e+03,6.408481e+03,-1.540432,0.191524,-66.2263,26.2877,500.0,5.1399,0.1428,5.2827
576,-259.2432,1144.3238,2.761862e-03,2.890948e+03,6.297588e+03,-1.532978,0.191949,-66.238,26.3077,500.0,5.383,0.1446,5.5276
577,-258.4936,1144.3238,1.382017e-03,2.293717e+03,6.554140e+03,-1.5279,0.191984,-66.2057,26.2732,500.0,5.1116,0.1454,5.257
578,-258.713,1144.3238,1.231530e-03,1.992281e+03,5.192008e+03,-1.53496,0.191874,-66.2142,26.2791,500.0,5.1853,0.1377,5.323
579,-258.9355,1144.3238,1.432740e-03,1.521717e+03,5.598328e+03,-1.5375,0.191868,-66.2323,26.2895,500.0,5.3077,0.1588,5.4665
580,-259.119,1144.3238,1.216920e-03,2.086905e+03,6.087331e+03,-1.540989,0.191543,-66.2338,26.2895,500.0,5.0848,0.2029,5.2877
581,-258.1948,1144.3238,1.708202e-03,2.457406e+03,7.243052e+03,-1.551445,0.191372,-66.2161,26.2807,500.0,5.2313,0.1504,5.3817
582,-258.7613,1144.3238,1.358209e-03,1.076813e+03,5.138948e+03,-1.563057,0.190858,-66.2076,26.2828,500.0,5.2879,0.2483,5.5362
583,-259.08,1144.3238,1.414066e-03,2.072500e+03,6.192111e+03,-1.549051,0.191407,-66.2044,26.2939,500.0,5.2099,0.224,5.4339
584,-258.817,1144.3238,1.883755e-03,1.768780e+03,6.083822e+03,-1.557325,0.191296,-66.1871,26.2786,500.0,5.2265,0.1537,5.3802
585,-258.0826,1144.3238,1.625602e-03,1.573356e+03,6.936046e+03,-1.56286,0.190967,-66.1415,26.2508,500.0,5.2562,0.1638,5.42
586,-258.344,1144.3238,1.858829e-03,2.491619e+03,6.355907e+03,-1.544243,0.191542,-66.1321,26.252,500.0,5.1857,0.1626,5.3482
587,-258.3117,1144.3238,1.218160e-03,1.535336e+03,6.768749e+03,-1.535402,0.191976,-66.1323,26.2433,500.0,5.064,0.2737,5.3377
588,-258.4327,1144.3238,1.370204e-03,1.288227e+03,6.524864e+03,-1.530813,0.192139,-66.1214,26.2465,500.0,5.1426,0.1457,5.2883
589,-258.1464,1144.3238,1.524221e-03,2.020817e+03,6.421995e+03,-1.53603,0.19213,-66.1254,26.248,500.0,5.3067,0.139,5.4456
590,-258.037,1144.3238,1.928321e-03,1.649338e+03,5.942090e+03,-1.544174,0.191868,-66.1031,26.2362,500.0,5.1448,0.1374,5.2821
591,-258.1844,1144.3238,1.500628e-03,4.299759e+03,6.003072e+03,-1.544865,0.191842,-66.0932,26.2462,500.0,5.3452,0.1436,5.4887
592,-257.5956,1144.3238,1.908798e-03,1.963370e+03,6.709292e+03,-1.541187,0.19187,-66.067,26.2115,500.0,5.2088,0.153,5.3618
593,-257.6373,1144.3238,1.963413e-03,2.786275e+03,6.365975e+03,-1.51663,0.192706,-66.0603,26.2109,500.0,5.3183,0.1597,5.4781
594,-258.078,1144.3238,1.582263e-03,2.468812e+03,5.470554e+03,-1.515471,0.192681,-66.0785,26.2318,500.0,5.0867,0.1574,5.2441
595,-258.4366,1144.3238,9.784237e-03,2.882883e+03,6.694749e+03,-1.515978,0.19268,-66.0798,26.239,500.0,5.079,0.163,5.242
596,-258.2286,1144.3238,2.053513e-03,3.607549e+03,5.660812e+03,-1.505539,0.192844,-66.0579,26.2167,500.0,5.2646,0.1613,5.4259
597,-258.2253,1144.3238,1.541514e-03,1.933470e+03,5.596704e+03,-1.500992,0.193248,-66.0665,26.2215,500.0,5.2403,0.1745,5.4148
598,-257.7246,1144.3238,1.519738e-03,2.527292e+03,6.018854e+03,-1.507904,0.192823,-66.0587,26.2198,500.0,5.1037,0.1591,5.2628
599,-258.4401,1144.3238,2.873362e-02,1.789604e+03,7.423786e+03,-1.512722,0.192717,-66.0712,26.228,500.0,5.0477,0.1837,5.2314
600,-257.7922,1144.3238,1.232784e-03,1.601113e+03,6.682357e+03,-1.510589,0.192825,-66.0339,26.2131,500.0,5.0658,0.2129,5.2787
601,-257.5833,1144.3238,1.410521e-03,1.909971e+03,5.584484e+03,-1.507046,0.193141,-66.0187,26.2034,500.0,5.5784,0.1573,5.7357
602,-258.4002,1144.3238,1.568594e-03,1.696430e+03,5.667474e+03,-1.504328,0.193249,-66.042,26.2207,500.0,5.2243,0.3655,5.5898
603,-257.8018,1144.3238,2.674407e-03,2.644773e+03,6.184370e+03,-1.494921,0.193465,-66.0311,26.2112,500.0,5.3516,0.1738,5.5254
604,-258.0513,1144.3238,1.199102e-03,2.779596e+03,6.375503e+03,-1.497511,0.193443,-66.0328,26.2168,500.0,5.0543,0.2684,5.3227
605,-257.7498,1144.3238,1.994352e-03,1.702378e+03,6.587839e+03,-1.489572,0.193578,-66.033,26.2051,500.0,5.0875,0.1767,5.2642
606,-257.419,1144.3238,1.227625e-03,1.816429e+03,5.883275e+03,-1.502582,0.193175,-66.0185,26.1928,500.0,4.8892,0.164,5.0532
607,-257.9101,1144.3238,1.407504e-03,1.917861e+03,5.954959e+03,-1.496639,0.193256,-66.0286,26.2027,500.0,5.2252,0.1659,5.3911
608,-257.9462,1144.3238,1.842979e-03,2.763899e+03,5.577881e+03,-1.480412,0.193896,-66.0151,26.2029,500.0,5.1101,0.1511,5.2612
609,-257.6846,1144.3238,2.391105e-03,2.426672e+03,5.820531e+03,-1.456697,0.194554,-66.0193,26.1912,500.0,5.0525,0.1584,5.2109
610,-258.4361,1144.3238,1.462202e-03,2.474807e+03,6.227612e+03,-1.461592,0.194447,-66.0527,26.2209,500.0,5.2662,0.1958,5.4621
611,-257.5264,1144.3238,3.201986e-03,2.926480e+03,6.519391e+03,-1.442275,0.194885,-66.0277,26.2008,500.0,5.4707,0.1511,5.6218
612,-258.474,1144.3238,1.656732e-03,3.420145e+03,5.975139e+03,-1.431908,0.195304,-66.0467,26.2152,500.0,5.2031,0.1503,5.3534
613,-257.929,1144.3238,1.897312e-03,2.260825e+03,5.972115e+03,-1.433403,0.19531,-66.0332,26.2111,500.0,4.988,0.1599,5.1479
614,-258.2434,1144.3238,1.822936e-03,2.862588e+03,6.279270e+03,-1.438452,0.195284,-66.0215,26.2167,500.0,5.2514,0.1705,5.4218
615,-258.5932,1144.3238,2.497567e-03,1.414562e+03,5.716460e+03,-1.424572,0.19574,-66.0225,26.2177,500.0,5.5744,0.215,5.7894
616,-257.099,1144.3238,1.254137e-03,1.125755e+03,6.712296e+03,-1.428507,0.195426,-65.993,26.1875,500.0,5.1188,0.1562,5.275
617,-257.606,1144.3238,1.441116e-03,1.041437e+03,6.069264e+03,-1.43251,0.195321,-65.9789,26.1911,500.0,5.2236,0.1695,5.3931
618,-257.741,1144.3238,1.585629e-03,2.007876e+03,6.257425e+03,-1.432137,0.195311,-65.9869,26.1901,500.0,5.199,0.2154,5.4144
619,-257.6556,1144.3238,1.581389e-03,2.427283e+03,6.045899e+03,-1.444122,0.194857,-65.9818,26.1913,500.0,4.9738,0.158,5.1318
620,-258.133,1144.3238,1.362271e-03,1.366995e+03,6.078088e+03,-1.448294,0.194851,-65.9806,26.1937,500.0,5.0671,0.1517,5.2188
621,-257.5137,1144.3238,1.848746e-03,3.796252e+03,6.648142e+03,-1.438632,0.195277,-65.9623,26.1817,500.0,5.3555,0.1559,5.5114
622,-257.5108,1144.3238,1.640945e-03,1.801068e+03,5.919796e+03,-1.435892,0.195315,-65.9677,26.1813,500.0,5.092,0.1545,5.2466
623,-257.6507,1144.3238,1.816554e-03,1.879994e+03,6.511852e+03,-1.42991,0.195739,-65.9752,26.1803,500.0,5.1331,0.153,5.2861
624,-257.8421,1144.3238,2.103242e-03,2.572238e+03,6.133564e+03,-1.430754,0.19574,-65.9737,26.1836,500.0,5.2326,0.2799,5.5125
625,-257.5782,1144.3238,1.759439e-03,2.327998e+03,5.867034e+03,-1.432907,0.195454,-65.9568,26.1792,500.0,5.0848,0.2304,5.3152
626,-257.5857,1144.3238,1.921344e-03,2.485826e+03,6.141660e+03,-1.432851,0.195452,-65.968,26.1855,500.0,5.9378,0.2547,6.1924
627,-257.2618,1144.3238,2.192410e-03,2.249866e+03,5.902917e+03,-1.436434,0.195419,-65.9559,26.1663,500.0,5.9059,0.32,6.2259
628,-257.5083,1144.3238,2.048486e-03,2.289360e+03,6.151285e+03,-1.442453,0.195311,-65.9719,26.1761,500.0,5.2392,0.1577,5.3969
629,-257.9665,1144.3238,3.058090e-03,2.325661e+03,5.714819e+03,-1.441607,0.195312,-65.9952,26.1936,500.0,5.1933,0.1483,5.3416
630,-257.3092,1144.3238,1.328532e-03,1.949746e+03,6.495478e+03,-1.44867,0.195198,-65.9874,26.1807,500.0,4.9263,0.174,5.1003
631,-257.6751,1144.3238,1.763952e-03,1.710237e+03,5.942362e+03,-1.426968,0.195845,-66.0018,26.1902,500.0,5.518,0.1585,5.6765
632,-258.272,1144.3238,2.809868e-03,2.271386e+03,6.725496e+03,-1.433628,0.195346,-66.025,26.2136,500.0,5.2959,0.1541,5.4499
633,-257.7953,1144.3238,1.543412e-03,2.508210e+03,6.528395e+03,-1.44915,0.194857,-66.0117,26.1989,500.0,5.2126,0.2065,5.4191
634,-257.7756,1144.3238,2.430555e-03,2.206504e+03,7.194197e+03,-1.447847,0.194878,-66.0022,26.2008,500.0,5.2417,0.1573,5.399
635,-258.0086,1144.3238,2.651803e-03,3.615150e+03,6.049260e+03,-1.469376,0.194127,-66.0078,26.2084,500.0,5.0277,0.1499,5.1777
636,-257.5223,1144.3238,2.674262e-03,3.869579e+03,6.143263e+03,-1.459557,0.194742,-65.9668,26.1723,500.0,5.1477,0.1603,5.308
637,-257.0965,1144.3238,1.256247e-03,2.284206e+03,5.734581e+03,-1.457266,0.194749,-65.9672,26.1704,500.0,5.1714,0.1486,5.3201
638,-257.6461,1144.3238,1.904663e-03,2.475501e+03,5.881964e+03,-1.451279,0.194851,-66.0167,26.196,500.0,5.0279,0.1733,5.2012
639,-257.4246,1144.3238,9.881210e-03,1.736034e+03,6.659270e+03,-1.454275,0.194769,-65.9956,26.1829,500.0,5.3201,0.1575,5.4776
640,-257.7858,1144.3238,1.486636e-03,2.009293e+03,5.301293e+03,-1.467243,0.194446,-66.0205,26.2028,500.0,5.326,0.1639,5.4899
641,-257.6505,1144.3238,3.291550e-02,2.515798e+03,6.100264e+03,-1.462294,0.194581,-66.0042,26.1928,500.0,5.1729,0.1573,5.3301
642,-258.0133,1144.3238,1.557793e-03,1.639266e+03,5.507050e+03,-1.469911,0.194473,-66.0184,26.2029,500.0,5.4513,0.1508,5.6021
643,-258.6893,1144.3238,2.127139e-03,2.009533e+03,5.567546e+03,-1.460151,0.194849,-66.0132,26.2185,500.0,5.2223,0.1507,5.3729
644,-257.6358,1144.3238,7.125542e-03,1.664533e+03,5.559142e+03,-1.454826,0.195172,-66.0072,26.204,500.0,5.1814,0.1425,5.3239
645,-257.589,1144.3238,1.811745e-03,2.100823e+03,6.433884e+03,-1.441424,0.195341,-65.9725,26.1832,500.0,5.2593,0.1653,5.4246
646,-258.2606,1144.3238,1.601065e-03,3.137613e+03,5.638425e+03,-1.432974,0.195765,-66.006,26.2116,500.0,5.036,0.1677,5.2037
647,-257.3868,1144.3238,2.339205e-03,1.793481e+03,6.349748e+03,-1.432786,0.195772,-65.9417,26.1695,500.0,5.2086,0.1928,5.4014
648,-257.4915,1144.3238,2.639936e-03,1.805777e+03,5.796151e+03,-1.436103,0.195771,-65.9772,26.1856,500.0,5.2955,0.1559,5.4514
649,-257.9851,1144.3238,2.694913e-03,1.365340e+03,6.535862e+03,-1.443055,0.195426,-65.9991,26.2034,500.0,5.292,0.1621,5.4542
650,-257.5104,1144.3238,2.245346e-03,2.620480e+03,5.742756e+03,-1.434719,0.195772,-65.9486,26.1709,500.0,5.0871,0.1971,5.2841
651,-257.3715,1144.3238,1.332508e-03,2.348243e+03,5.475828e+03,-1.430083,0.195871,-65.9565,26.1702,500.0,5.2316,0.1505,5.3821
652,-257.9268,1144.3238,1.720136e-03,2.491319e+03,6.651211e+03,-1.424152,0.196076,-65.9719,26.1922,500.0,5.0906,0.1595,5.2501
653,-257.8958,1144.3238,1.613937e-03,2.395424e+03,5.602541e+03,-1.410306,0.196501,-65.9613,26.182,500.0,5.0286,0.1741,5.2027
654,-257.5543,1144.3238,1.811573e-03,2.512622e+03,6.120923e+03,-1.406799,0.196608,-65.9654,26.1704,500.0,5.5986,0.1579,5.7566
655,-257.3625,1144.3238,1.649683e-03,2.648035e+03,6.300617e+03,-1.410164,0.196606,-65.9724,26.1781,500.0,5.1613,0.1503,5.3116
656,-257.9433,1144.3238,2.106021e-03,1.983958e+03,6.231633e+03,-1.409725,0.196581,-65.9802,26.1873,500.0,5.4139,0.2219,5.6359
657,-257.8173,1144.3238,2.254765e-03,2.812506e+03,6.586510e+03,-1.395107,0.197038,-65.9739,26.1916,500.0,5.3791,0.3647,5.7438
658,-257.219,1144.3238,1.746438e-03,2.312519e+03,6.307230e+03,-1.385681,0.197176,-65.9288,26.1647,500.0,5.3142,0.1557,5.47
659,-257.2133,1144.3238,1.949208e-03,1.867159e+03,5.800384e+03,-1.370804,0.197884,-65.9374,26.1593,500.0,5.096,0.1788,5.2748
660,-257.3471,1144.3238,2.678368e-03,2.023370e+03,5.574788e+03,-1.361389,0.198023,-65.9476,26.1662,500.0,5.0257,0.1666,5.1923
661,-257.8953,1144.3238,1.838223e-03,3.552357e+03,5.750633e+03,-1.364447,0.197945,-65.9771,26.1772,500.0,5.2058,0.1653,5.3711
662,-257.0874,1144.3238,1.205507e-03,2.526459e+03,5.074995e+03,-1.370714,0.197908,-65.9813,26.1824,500.0,5.2064,0.1578,5.3642
663,-257.7603,1144.3238,2.826388e-03,1.730705e+03,6.368835e+03,-1.346415,0.198765,-66.0106,26.1974,500.0,5.3141,0.1937,5.5078
664,-257.7039,1144.3238,1.730998e-03,1.787435e+03,5.982615e+03,-1.352965,0.198469,-66.0195,26.1992,500.0,5.1706,0.1674,5.338
665,-258.0938,1144.3238,2.263406e-03,2.258468e+03,6.142533e+03,-1.349305,0.198687,-66.0299,26.2022,500.0,5.49,0.2565,5.7464
666,-257.8112,1144.3238,2.007868e-03,1.246200e+03,6.734353e+03,-1.361759,0.198345,-66.0317,26.2019,500.0,5.8709,0.1592,6.0301
667,-258.2037,1144.3238,1.591450e-03,1.052176e+03,6.051503e+03,-1.36487,0.198337,-66.0501,26.2162,500.0,5.1807,0.1606,5.3413
668,-258.0307,1144.3238,1.925477e-03,1.604516e+03,6.889175e+03,-1.368442,0.198029,-66.0301,26.2125,500.0,5.0175,0.1598,5.1773
669,-258.2176,1144.3238,3.327775e-03,2.706549e+03,6.900492e+03,-1.377143,0.197918,-66.0304,26.207,500.0,5.3291,0.1508,5.4799
670,-257.6529,1144.3238,1.880849e-03,1.833439e+03,6.006824e+03,-1.402671,0.19707,-66.0174,26.2026,500.0,5.3559,0.1447,5.5006
671,-258.0578,1144.3238,1.658079e-03,1.887447e+03,5.252331e+03,-1.404639,0.197065,-66.0251,26.2041,500.0,5.4984,0.1486,5.6471
672,-257.7081,1144.3238,2.004796e-03,3.378808e+03,6.292682e+03,-1.407276,0.197046,-66.0246,26.2037,500.0,5.272,0.1469,5.4189
673,-257.8147,1144.3238,1.792052e-03,1.438877e+03,5.360836e+03,-1.404696,0.197046,-66.0481,26.208,500.0,5.5302,0.1432,5.6734
674,-257.6352,1144.3238,2.473268e-03,2.135164e+03,6.706625e+03,-1.402674,0.197071,-66.035,26.2102,500.0,5.2384,0.1566,5.395
675,-257.2515,1144.3238,1.529727e-03,2.888737e+03,5.754613e+03,-1.399878,0.197171,-66.0215,26.1978,500.0,5.2686,0.1519,5.4205
676,-258.0133,1144.3238,2.216001e-03,1.788078e+03,6.126611e+03,-1.398794,0.19738,-66.0392,26.2168,500.0,5.1058,0.1677,5.2735
677,-257.429,1144.3238,3.204280e-03,2.354907e+03,5.890701e+03,-1.396902,0.197468,-66.0194,26.195,500.0,5.272,0.1597,5.4317
678,-257.995,1144.3238,3.357742e-03,2.922465e+03,6.272703e+03,-1.387316,0.197917,-66.0426,26.2148,500.0,5.0636,0.1503,5.214
679,-258.4772,1144.3238,1.735863e-03,2.167458e+03,6.079042e+03,-1.378583,0.197951,-66.0418,26.2159,500.0,5.221,0.1486,5.3696
680,-257.8452,1144.3238,3.612090e-03,2.991577e+03,7.048101e+03,-1.373805,0.198022,-66.0431,26.2191,500.0,5.2227,0.1459,5.3686
681,-257.7635,1144.3238,2.044637e-03,3.216115e+03,5.481044e+03,-1.380652,0.19791,-66.008,26.2015,500.0,5.2179,0.1392,5.3572
682,-257.1592,1144.3238,2.832278e-03,1.886899e+03,5.534942e+03,-1.391174,0.197778,-65.973,26.1842,500.0,5.1068,0.1259,5.2327
683,-257.7357,1144.3238,5.734271e-03,2.885459e+03,7.031109e+03,-1.401127,0.197486,-65.9697,26.1831,500.0,5.3604,0.1253,5.4857
684,-257.5977,1144.3238,1.732083e-03,2.662880e+03,5.743095e+03,-1.39264,0.197805,-65.9939,26.1907,500.0,5.1852,0.1271,5.3123
685,-258.298,1144.3238,5.054037e-03,2.619437e+03,6.583566e+03,-1.404826,0.197176,-66.0119,26.2113,500.0,5.1872,0.1258,5.313
686,-257.3176,1144.3238,1.742563e-03,3.666280e+03,6.268537e+03,-1.405132,0.19715,-65.9682,26.175,500.0,5.1921,0.1257,5.3178
687,-257.7939,1144.3238,5.221053e-03,2.557221e+03,5.354870e+03,-1.404437,0.19717,-65.9945,26.198,500.0,5.3779,0.1525,5.5304
688,-257.7031,1144.3238,2.172871e-03,1.302390e+03,6.451114e+03,-1.41044,0.197064,-65.9879,26.1937,500.0,5.2349,0.2048,5.4397
689,-257.5735,1144.3238,2.204109e-03,2.415443e+03,6.796281e+03,-1.42354,0.196586,-65.9895,26.1892,500.0,5.2334,0.1517,5.3851
690,-257.7415,1144.3238,3.973903e-03,2.419500e+03,6.673600e+03,-1.422621,0.196581,-65.9821,26.1827,500.0,5.2063,0.1937,5.4
691,-258.1548,1144.3238,2.421270e-03,1.999476e+03,6.575156e+03,-1.411362,0.196727,-65.9992,26.1963,500.0,5.2267,0.2764,5.503
692,-258.5711,1144.3238,2.169318e-03,1.900639e+03,6.072565e+03,-1.409019,0.196747,-66.015,26.2131,500.0,5.1241,0.1877,5.3118
693,-257.3392,1144.3238,2.734602e-03,2.774850e+03,7.006540e+03,-1.387728,0.197777,-65.9559,26.176,500.0,5.2885,0.1558,5.4443
694,-257.0241,1144.3238,1.572089e-03,1.665244e+03,6.029341e+03,-1.381754,0.197908,-65.9585,26.1731,500.0,4.9846,0.1605,5.1451
695,-257.67,1144.3238,2.158174e-03,3.416306e+03,6.467351e+03,-1.386326,0.197785,-65.9822,26.1779,500.0,5.0919,0.1577,5.2496
696,-258.3837,1144.3238,3.185655e-03,3.038242e+03,6.529933e+03,-1.384221,0.197803,-66.0174,26.213,500.0,5.5394,0.2117,5.7511
697,-258.054,1144.3238,8.456093e-03,2.260415e+03,6.844566e+03,-1.387701,0.197494,-65.9947,26.1946,500.0,5.1945,0.1518,5.3463
698,-257.6099,1144.3238,1.703427e-03,2.324146e+03,6.044838e+03,-1.386984,0.19746,-65.9987,26.196,500.0,5.8334,0.2253,6.0586
699,-258.1507,1144.3238,2.739969e-03,2.032059e+03,6.289891e+03,-1.386467,0.197488,-65.9874,26.195,500.0,5.3967,0.1821,5.5788
700,-257.3591,1144.3238,3.621107e-03,2.921600e+03,6.707594e+03,-1.3862,0.197488,-65.9855,26.1865,500.0,5.3336,0.1805,5.5141
701,-257.4703,1144.3238,3.368465e-03,2.758290e+03,5.804958e+03,-1.383715,0.197493,-65.9874,26.1892,500.0,5.0394,0.1803,5.2197
702,-258.1898,1144.3238,2.257046e-03,1.545145e+03,6.942364e+03,-1.382263,0.197486,-65.9828,26.2021,500.0,5.2765,0.1842,5.4606
703,-257.1734,1144.3238,2.429656e-03,1.394128e+03,6.231406e+03,-1.365555,0.198055,-65.9645,26.1752,500.0,5.1638,0.1517,5.3155
704,-257.2555,1144.3238,2.718617e-03,2.360806e+03,6.740033e+03,-1.379128,0.197882,-65.9435,26.1679,500.0,4.9372,0.1449,5.0821
705,-257.289,1144.3238,2.690163e-03,1.776895e+03,5.961277e+03,-1.394905,0.19736,-65.9581,26.1708,500.0,5.1834,0.1478,5.3312
706,-257.57,1144.3238,1.844310e-03,2.399087e+03,6.901003e+03,-1.398657,0.197144,-65.9404,26.1783,500.0,5.3077,0.2384,5.5461
707,-257.5251,1144.3238,1.950288e-03,2.235957e+03,6.408777e+03,-1.39925,0.197151,-65.9441,26.1747,500.0,5.3105,0.2275,5.538
708,-257.5715,1144.3238,1.856661e-03,1.660281e+03,5.987946e+03,-1.399246,0.19717,-65.9647,26.1842,500.0,5.1996,0.174,5.3736
709,-257.2034,1144.3238,1.790586e-03,1.753560e+03,6.138044e+03,-1.396461,0.19736,-65.951,26.1751,500.0,5.2677,0.1502,5.4179
710,-257.4352,1144.3238,2.853120e-03,2.067891e+03,6.889971e+03,-1.40625,0.197046,-65.9483,26.1751,500.0,5.1284,0.1531,5.2814
711,-257.4872,1144.3238,3.181131e-03,3.261691e+03,5.784910e+03,-1.406562,0.196756,-65.9702,26.1814,500.0,5.0306,0.251,5.2816
712,-257.7821,1144.3238,1.687839e-03,1.329512e+03,5.206157e+03,-1.411273,0.196722,-65.9705,26.1847,500.0,5.3992,0.2244,5.6236
713,-257.6136,1144.3238,2.449279e-03,3.232180e+03,5.812398e+03,-1.408759,0.196648,-65.9626,26.1838,500.0,5.1122,0.1652,5.2774
714,-256.6778,1144.3238,2.495857e-03,1.568874e+03,6.346512e+03,-1.416774,0.196508,-65.9195,26.1524,500.0,5.1341,0.1539,5.2881
715,-257.5973,1144.3238,2.982043e-03,1.726212e+03,6.275212e+03,-1.41345,0.196588,-65.9528,26.1746,500.0,5.183,0.1729,5.356
716,-256.8834,1144.3238,2.616364e-03,2.905881e+03,6.184111e+03,-1.410175,0.196641,-65.9447,26.1696,500.0,5.1339,0.1739,5.3078
717,-257.645,1144.3238,1.666181e-03,1.637459e+03,4.949129e+03,-1.417935,0.196612,-65.9619,26.1898,500.0,5.1465,0.1543,5.3008
718,-257.3851,1144.3238,3.110216e-03,2.608139e+03,6.566074e+03,-1.395114,0.197382,-65.9288,26.1684,500.0,5.2492,0.1946,5.4438
719,-257.2564,1144.3238,2.259783e-03,2.316145e+03,5.857168e+03,-1.416906,0.196641,-65.9102,26.1652,500.0,5.0664,0.2094,5.2757
720,-257.1933,1144.3238,2.094538e-03,1.467011e+03,6.381146e+03,-1.426633,0.19648,-65.8948,26.1456,500.0,5.4987,0.1868,5.6855
721,-256.938,1144.3238,1.759259e-03,1.780214e+03,6.421942e+03,-1.42423,0.196482,-65.8874,26.1409,500.0,5.9012,0.3624,6.2636
722,-257.303,1144.3238,2.120604e-03,1.716224e+03,5.990624e+03,-1.41833,0.196579,-65.9249,26.1571,500.0,5.7632,0.337,6.1002
723,-257.2738,1144.3238,2.588166e-03,2.277978e+03,6.633996e+03,-1.415276,0.196613,-65.9191,26.1656,500.0,5.4404,0.1512,5.5917
724,-257.2795,1144.3238,1.857731e-03,1.484757e+03,5.450805e+03,-1.411926,0.196608,-65.9007,26.1591,500.0,5.1898,0.1525,5.3422
725,-257.3759,1144.3238,1.850074e-03,1.878361e+03,6.693309e+03,-1.421826,0.196156,-65.897,26.1552,500.0,5.3324,0.1592,5.4916
726,-257.671,1144.3238,1.888521e-03,1.912953e+03,4.894462e+03,-1.41285,0.196507,-65.9173,26.1667,500.0,5.3723,0.1534,5.5258
727,-256.7999,1144.3238,2.347310e-03,2.746538e+03,6.380618e+03,-1.407976,0.196643,-65.8907,26.1425,500.0,5.1967,0.16,5.3567
728,-257.6206,1144.3238,2.889887e-03,1.843481e+03,6.437709e+03,-1.401702,0.196754,-65.9044,26.161,500.0,5.0393,0.1525,5.1919
729,-257.8456,1144.3238,2.746315e-03,2.305281e+03,5.844434e+03,-1.396217,0.197151,-65.9219,26.1747,500.0,5.3703,0.1831,5.5534
730,-257.5026,1144.3238,2.157015e-03,1.760827e+03,5.955606e+03,-1.393972,0.197151,-65.9005,26.1558,500.0,5.2845,0.1541,5.4387
731,-256.9283,1144.3238,2.532773e-03,3.382239e+03,7.131800e+03,-1.375763,0.197809,-65.894,26.1516,500.0,5.1308,0.1716,5.3025
732,-257.2569,1144.3238,4.155063e-03,2.549128e+03,5.599690e+03,-1.376314,0.197803,-65.8933,26.1526,500.0,5.4135,0.1669,5.5804
733,-256.6161,1144.3238,1.653270e-03,1.522536e+03,6.166711e+03,-1.377622,0.197805,-65.8665,26.1324,500.0,5.2426,0.2665,5.509
734,-256.8421,1144.3238,2.531377e-03,1.428567e+03,5.258707e+03,-1.388376,0.197387,-65.8786,26.1439,500.0,5.3049,0.1521,5.457
735,-257.2521,1144.3238,1.736715e-03,2.836111e+03,5.704870e+03,-1.385483,0.197388,-65.8924,26.1472,500.0,5.2901,0.1654,5.4554
736,-257.512,1144.3238,2.440863e-03,4.306773e+03,5.655101e+03,-1.384434,0.197388,-65.8787,26.1625,500.0,5.3355,0.164,5.4996
737,-256.6292,1144.3238,2.119289e-03,1.547582e+03,5.997854e+03,-1.37091,0.197919,-65.8299,26.1232,500.0,5.1576,0.1593,5.3169
738,-257.1006,1144.3238,1.956788e-03,2.660567e+03,6.060337e+03,-1.377756,0.197889,-65.837,26.1237,500.0,5.1765,0.1498,5.3264
739,-257.1966,1144.3238,1.927447e-03,1.396583e+03,6.017935e+03,-1.375352,0.197919,-65.8369,26.1354,500.0,5.2986,0.16,5.4587
740,-256.3976,1144.3238,1.440985e-03,2.011119e+03,6.117230e+03,-1.38007,0.197811,-65.812,26.1155,500.0,5.6916,0.2956,5.9872
741,-257.032,1144.3238,2.261021e-03,2.104304e+03,5.727491e+03,-1.383846,0.197802,-65.8168,26.1174,500.0,5.6896,0.1725,5.8621
742,-256.6903,1144.3238,3.478534e-03,3.213799e+03,5.880808e+03,-1.372664,0.197951,-65.8136,26.1127,500.0,5.0617,0.1691,5.2308
743,-257.2464,1144.3238,1.952406e-03,2.932292e+03,6.469421e+03,-1.378838,0.197884,-65.8328,26.143,500.0,5.1922,0.1445,5.3367
744,-257.1574,1144.3238,2.530261e-03,2.080519e+03,5.328685e+03,-1.384411,0.197466,-65.8147,26.1282,500.0,5.2274,0.148,5.3754
745,-256.7109,1144.3238,1.499952e-03,2.138546e+03,6.251958e+03,-1.393182,0.197171,-65.7777,26.1022,500.0,5.4285,0.2263,5.6547
746,-257.2571,1144.3238,2.088097e-03,1.184770e+03,6.963467e+03,-1.392368,0.197145,-65.8085,26.1211,500.0,5.1567,0.1619,5.3186
747,-256.4679,1144.3238,2.574528e-03,2.212021e+03,6.310185e+03,-1.393749,0.19707,-65.778,26.1014,500.0,5.1975,0.1609,5.3583
748,-256.4612,1144.3238,1.779957e-03,1.898649e+03,5.281725e+03,-1.38853,0.197171,-65.7653,26.097,500.0,5.1478,0.1568,5.3046
749,-256.5244,1144.3238,2.924773e-03,2.736123e+03,6.463438e+03,-1.391756,0.197169,-65.7591,26.0939,500.0,5.1184,0.1589,5.2773
750,-256.9358,1144.3238,2.060217e-03,2.540196e+03,6.321312e+03,-1.392019,0.197169,-65.7648,26.1017,500.0,5.3216,0.1596,5.4811
751,-257.3172,1144.3238,2.548913e-03,1.525836e+03,5.581665e+03,-1.401936,0.196721,-65.7735,26.1108,500.0,5.1275,0.1621,5.2896
752,-257.3027,1144.3238,1.930818e-03,1.490099e+03,6.468750e+03,-1.390161,0.19715,-65.7644,26.1059,500.0,5.2536,0.2753,5.5289
753,-256.7049,1144.3238,1.406141e-03,1.536540e+03,5.016469e+03,-1.399835,0.197037,-65.7505,26.0944,500.0,5.3849,0.1475,5.5324
754,-256.3814,1144.3238,2.165269e-03,3.012419e+03,5.384240e+03,-1.397001,0.197038,-65.741,26.0891,500.0,5.1602,0.1421,5.3023
755,-256.9054,1144.3238,2.191608e-03,1.561576e+03,6.041239e+03,-1.386076,0.197177,-65.7444,26.095,500.0,5.1347,0.1685,5.3032
756,-256.7739,1144.3238,1.642769e-03,1.665853e+03,7.149795e+03,-1.382815,0.197382,-65.7526,26.0973,500.0,5.2106,0.1437,5.3544
757,-256.8518,1144.3238,2.661027e-03,2.642696e+03,6.892656e+03,-1.35848,0.198023,-65.7495,26.0879,500.0,5.1051,0.1561,5.2612
758,-257.0116,1144.3238,3.118301e-03,2.665396e+03,6.984687e+03,-1.351273,0.198363,-65.7748,26.1184,500.0,5.3471,0.1451,5.4923
759,-256.5515,1144.3238,2.524130e-03,1.868700e+03,5.937045e+03,-1.338421,0.198773,-65.7424,26.0851,500.0,5.1547,0.1578,5.3124
760,-257.1583,1144.3238,2.475827e-03,1.886094e+03,6.892578e+03,-1.337254,0.198797,-65.7856,26.1085,500.0,5.2035,0.1435,5.347
761,-256.4692,1144.3238,1.646049e-03,4.467818e+03,6.033736e+03,-1.330964,0.199114,-65.7887,26.118,500.0,5.2787,0.1442,5.4229
762,-256.6714,1144.3238,2.517828e-03,2.274887e+03,7.447999e+03,-1.328882,0.199192,-65.7578,26.0967,500.0,5.1015,0.1448,5.2462
763,-256.6769,1144.3238,1.766679e-03,2.805484e+03,5.563410e+03,-1.327014,0.199193,-65.7588,26.0957,500.0,5.2891,0.1749,5.464
764,-257.1751,1144.3238,2.370693e-03,1.553044e+03,5.882683e+03,-1.317727,0.199253,-65.7852,26.1082,500.0,5.1566,0.1877,5.3443
765,-256.896,1144.3238,2.470529e-03,2.112719e+03,6.287354e+03,-1.311447,0.19935,-65.7844,26.1104,500.0,4.9872,0.1804,5.1676
766,-256.2902,1144.3238,1.858393e-03,2.262150e+03,5.997961e+03,-1.307796,0.199644,-65.7536,26.0905,500.0,5.2476,0.1618,5.4095
767,-256.638,1144.3238,1.495272e-03,2.054953e+03,6.359404e+03,-1.313496,0.199323,-65.7647,26.102,500.0,5.1817,0.1573,5.339
768,-256.9959,1144.3238,3.255666e-03,1.790139e+03,5.670465e+03,-1.309887,0.199349,-65.7684,26.1011,500.0,5.2936,0.1538,5.4474
769,-256.5523,1144.3238,2.540303e-03,2.243966e+03,6.906411e+03,-1.303377,0.199669,-65.7672,26.1018,500.0,5.1856,0.152,5.3375
770,-256.8464,1144.3238,1.704307e-03,2.666151e+03,6.008780e+03,-1.317162,0.199191,-65.7567,26.098,500.0,5.2231,0.1601,5.3832
771,-256.9038,1144.3238,2.994682e-03,2.398076e+03,5.138342e+03,-1.31163,0.199252,-65.7487,26.0963,500.0,5.3479,0.1571,5.5051
772,-256.8817,1144.3238,2.221801e-03,1.794097e+03,6.193863e+03,-1.301663,0.199671,-65.7748,26.1006,500.0,4.8582,0.1977,5.0559
773,-256.366,1144.3238,1.797814e-03,2.398391e+03,5.657964e+03,-1.289522,0.200383,-65.7675,26.0902,500.0,5.4071,0.156,5.5631
774,-256.3158,1144.3238,1.962759e-03,2.738297e+03,5.742598e+03,-1.275994,0.200626,-65.7574,26.0857,500.0,5.2091,0.2249,5.434
775,-256.384,1144.3238,2.124324e-03,1.854904e+03,5.974920e+03,-1.265604,0.201071,-65.7675,26.0964,500.0,5.0298,0.1604,5.1902
776,-257.0119,1144.3238,2.220743e-03,1.805687e+03,5.766629e+03,-1.250588,0.201795,-65.7702,26.1087,500.0,5.1277,0.2215,5.3492
777,-257.5054,1144.3238,2.396559e-03,2.691308e+03,7.030852e+03,-1.248421,0.201816,-65.7921,26.1193,500.0,5.6901,0.1515,5.8416
778,-257.0127,1144.3238,1.804054e-03,1.853470e+03,6.463888e+03,-1.242005,0.201856,-65.7833,26.1092,500.0,5.0998,0.182,5.2818
779,-257.1277,1144.3238,1.876870e-03,3.069386e+03,6.262222e+03,-1.233959,0.202237,-65.8077,26.1165,500.0,5.3058,0.1545,5.4603
780,-257.2487,1144.3238,1.771840e-03,2.542678e+03,6.191909e+03,-1.222137,0.202584,-65.8142,26.1279,500.0,5.1229,0.1939,5.3168
781,-256.4231,1144.3238,1.973516e-03,2.065928e+03,6.092056e+03,-1.229595,0.20196,-65.7773,26.0988,500.0,5.0918,0.2096,5.3015
782,-256.556,1144.3238,2.499156e-03,1.786780e+03,5.999146e+03,-1.227594,0.201953,-65.7831,26.1001,500.0,5.5055,0.1555,5.661
783,-256.3525,1144.3238,2.597785e-03,1.765752e+03,5.918639e+03,-1.240484,0.201789,-65.7786,26.1007,500.0,5.1831,0.1548,5.3379
784,-256.4793,1144.3238,2.153655e-03,2.265291e+03,5.699297e+03,-1.235521,0.201856,-65.7765,26.105,500.0,5.061,0.1582,5.2192
785,-256.4944,1144.3238,2.592083e-03,2.307717e+03,6.617615e+03,-1.224417,0.20234,-65.755,26.094,500.0,5.0801,0.206,5.2861
786,-257.2782,1144.3238,3.306548e-03,2.117619e+03,6.780329e+03,-1.212692,0.20268,-65.7997,26.12,500.0,5.2727,0.1693,5.442
787,-257.1709,1144.3238,2.093356e-03,1.903169e+03,5.838789e+03,-1.205439,0.203015,-65.8064,26.1236,500.0,5.3408,0.1571,5.498
788,-256.8691,1144.3238,1.792686e-03,2.385980e+03,6.713435e+03,-1.207094,0.202713,-65.7978,26.1215,500.0,5.2132,0.1516,5.3648
789,-256.6013,1144.3238,2.656603e-03,2.471559e+03,5.945694e+03,-1.217596,0.202372,-65.7572,26.0998,500.0,5.3236,0.1616,5.4852
790,-256.6737,1144.3238,2.236601e-03,2.122614e+03,6.911620e+03,-1.217473,0.202583,-65.7372,26.0918,500.0,5.4465,0.2293,5.6758
791,-256.1962,1144.3238,2.394228e-03,2.358368e+03,6.405334e+03,-1.22663,0.202267,-65.734,26.0807,500.0,6.015,0.231,6.2461
792,-256.4113,1144.3238,2.506781e-03,3.017030e+03,6.478444e+03,-1.229252,0.202235,-65.7341,26.081,500.0,5.7263,0.2232,5.9495
793,-256.8244,1144.3238,3.193978e-03,2.083186e+03,6.469645e+03,-1.21028,0.202988,-65.7582,26.1096,500.0,5.6996,0.1512,5.8508
794,-256.674,1144.3238,2.288556e-03,1.456013e+03,5.285011e+03,-1.220854,0.20237,-65.7407,26.0876,500.0,5.1787,0.214,5.3927
795,-256.7129,1144.3238,2.109571e-03,2.222152e+03,5.801496e+03,-1.207401,0.202713,-65.7233,26.0917,500.0,5.1098,0.1602,5.27
796,-256.0791,1144.3238,2.799140e-03,2.099086e+03,5.754896e+03,-1.193299,0.203151,-65.7097,26.0759,500.0,5.2458,0.1765,5.4223
797,-256.7137,1144.3238,2.838839e-03,2.575482e+03,6.060901e+03,-1.187042,0.203536,-65.717,26.0891,500.0,5.4321,0.2572,5.6892
798,-256.0757,1144.3238,2.636548e-03,3.193735e+03,5.718809e+03,-1.175328,0.203909,-65.6839,26.0695,500.0,5.2176,0.1553,5.3729
799,-257.0063,1144.3238,4.948960e-03,2.260962e+03,6.877439e+03,-1.16898,0.203916,-65.6925,26.0738,500.0,5.1808,0.2704,5.4512
800,-256.3628,1144.3238,2.194586e-03,2.390045e+03,6.180716e+03,-1.170514,0.203991,-65.6816,26.0689,500.0,5.2036,0.1577,5.3614
801,-256.1158,1144.3238,1.562006e-03,2.258536e+03,6.003555e+03,-1.174051,0.20389,-65.6748,26.0648,500.0,5.2997,0.1396,5.4392
802,-256.3279,1144.3238,3.531002e-03,1.759014e+03,6.573327e+03,-1.195368,0.203119,-65.6546,26.0555,500.0,5.2437,0.1441,5.3878
803,-256.3491,1144.3238,2.386323e-03,2.525631e+03,7.365448e+03,-1.194545,0.203118,-65.6539,26.0615,500.0,5.3859,0.1507,5.5366
804,-256.1011,1144.3238,2.590772e-03,2.725526e+03,6.516517e+03,-1.200268,0.202989,-65.6446,26.0552,500.0,5.1674,0.1512,5.3186
805,-256.4921,1144.3238,1.932206e-03,2.815818e+03,5.421081e+03,-1.190782,0.203117,-65.6506,26.0625,500.0,4.963,0.1938,5.1567
806,-256.1688,1144.3238,2.197191e-03,2.214535e+03,6.153613e+03,-1.207966,0.202577,-65.6485,26.0545,500.0,5.3645,0.1695,5.534
807,-256.2059,1144.3238,2.135182e-03,2.657034e+03,5.368853e+03,-1.212346,0.202262,-65.6358,26.0481,500.0,5.259,0.1567,5.4157
808,-256.3882,1144.3238,1.814034e-03,1.502268e+03,5.717316e+03,-1.205776,0.20237,-65.6271,26.0477,500.0,5.1348,0.1949,5.3296
809,-255.853,1144.3238,2.022735e-03,1.473469e+03,5.627870e+03,-1.195363,0.202995,-65.6246,26.0379,500.0,5.2808,0.1792,5.4601
810,-256.4387,1144.3238,3.278834e-03,2.784743e+03,6.463546e+03,-1.200876,0.202679,-65.6421,26.0513,500.0,5.1451,0.2175,5.3626
811,-256.5735,1144.3238,2.230883e-03,2.671161e+03,6.191141e+03,-1.197196,0.202707,-65.6701,26.0647,500.0,5.1036,0.1928,5.2963
812,-256.3773,1144.3238,2.454811e-03,2.246033e+03,6.279841e+03,-1.190572,0.203118,-65.6676,26.0576,500.0,5.2317,0.1742,5.4059
813,-256.5479,1144.3238,2.016902e-03,2.816240e+03,6.178912e+03,-1.183954,0.203157,-65.666,26.0701,500.0,5.1326,0.152,5.2846
814,-256.3458,1144.3238,2.222885e-03,2.871287e+03,6.083792e+03,-1.186524,0.203153,-65.6606,26.0547,500.0,5.2222,0.1703,5.3925
815,-256.5758,1144.3238,1.505956e-03,1.868394e+03,5.892624e+03,-1.183656,0.203157,-65.6881,26.066,500.0,5.1787,0.192,5.3706
816,-256.3601,1144.3238,1.764521e-03,1.565200e+03,6.502482e+03,-1.177115,0.203253,-65.681,26.0688,500.0,5.0813,0.1634,5.2447
817,-256.1103,1144.3238,1.781749e-03,2.753144e+03,5.909354e+03,-1.184342,0.203125,-65.6531,26.0598,500.0,5.0711,0.1603,5.2314
818,-256.1227,1144.3238,1.723033e-03,9.815441e+02,5.126995e+03,-1.180168,0.203234,-65.6589,26.0529,500.0,4.9494,0.1651,5.1145
819,-256.2863,1144.3238,2.021456e-03,1.734728e+03,6.631083e+03,-1.176647,0.203536,-65.6501,26.0534,500.0,5.3915,0.1524,5.5439
820,-256.3152,1144.3238,1.955989e-03,2.751076e+03,5.500747e+03,-1.167428,0.20367,-65.6591,26.0662,500.0,5.5625,0.2179,5.7804
821,-256.2322,1144.3238,2.084575e-03,3.660080e+03,6.244423e+03,-1.157922,0.204291,-65.6493,26.0441,500.0,5.3819,0.2198,5.6017
822,-256.9983,1144.3238,2.342670e-03,2.842083e+03,6.112827e+03,-1.161198,0.204011,-65.6528,26.065,500.0,5.0295,0.2188,5.2483
823,-256.5217,1144.3238,1.975320e-03,3.745289e+03,6.153620e+03,-1.148883,0.204454,-65.6543,26.0656,500.0,5.1637,0.1593,5.323
824,-256.2523,1144.3238,1.906873e-03,1.437380e+03,6.670059e+03,-1.150681,0.204433,-65.6514,26.0496,500.0,5.2247,0.2077,5.4324
825,-256.3167,1144.3238,2.049008e-03,1.872681e+03,5.985170e+03,-1.175395,0.203562,-65.6737,26.0597,500.0,5.1906,0.2208,5.4114
826,-256.7452,1144.3238,2.515014e-03,2.591739e+03,6.391417e+03,-1.167806,0.203884,-65.657,26.0691,500.0,5.332,0.1545,5.4865
827,-256.5343,1144.3238,1.646657e-03,1.676962e+03,5.803725e+03,-1.155415,0.204395,-65.6522,26.0633,500.0,5.0307,0.1887,5.2194
828,-256.2154,1144.3238,1.674510e-03,1.594680e+03,5.548191e+03,-1.15937,0.204291,-65.6323,26.0454,500.0,5.1875,0.1523,5.3398
829,-256.6357,1144.3238,2.425923e-03,2.326259e+03,6.186332e+03,-1.159218,0.204298,-65.6616,26.0569,500.0,5.2973,0.1446,5.4418
830,-256.6267,1144.3238,2.406977e-03,2.451699e+03,6.019026e+03,-1.162522,0.203992,-65.6577,26.0629,500.0,5.4273,0.1396,5.567
831,-256.0156,1144.3238,2.276016e-03,3.086145e+03,5.808874e+03,-1.15795,0.204293,-65.641,26.0571,500.0,5.4024,0.1462,5.5486
832,-256.648,1144.3238,2.085161e-03,2.033356e+03,6.593087e+03,-1.151501,0.204425,-65.6141,26.0528,500.0,5.9729,0.2197,6.1926
833,-256.0046,1144.3238,1.944952e-03,2.062182e+03,6.109083e+03,-1.152392,0.204425,-65.6043,26.0401,500.0,5.2141,0.155,5.3691
834,-255.9572,1144.3238,2.303380e-03,2.084828e+03,5.755424e+03,-1.155655,0.204393,-65.5864,26.0402,500.0,5.1913,0.2006,5.3919
835,-256.6439,1144.3238,2.249663e-03,2.172723e+03,5.998975e+03,-1.166747,0.203985,-65.5855,26.0304,500.0,5.1624,0.1551,5.3175
836,-256.1477,1144.3238,1.981264e-03,1.931537e+03,5.815344e+03,-1.172883,0.203662,-65.5765,26.0319,500.0,5.2498,0.1517,5.4015
837,-255.9123,1144.3238,1.769705e-03,2.329135e+03,6.421800e+03,-1.158634,0.204293,-65.5598,26.0146,500.0,5.5423,0.1616,5.7038
838,-256.1064,1144.3238,2.260025e-03,1.839796e+03,6.363216e+03,-1.148683,0.204429,-65.5806,26.0267,500.0,5.1791,0.1617,5.3408
839,-255.644,1144.3238,2.391252e-03,2.300866e+03,5.914778e+03,-1.145272,0.204529,-65.5598,26.014,500.0,5.1902,0.1941,5.3843
840,-255.7653,1144.3238,1.950206e-03,1.561197e+03,5.571735e+03,-1.15449,0.204393,-65.5668,26.0227,500.0,4.958,0.1599,5.1179
841,-255.788,1144.3238,2.285315e-03,2.816853e+03,5.717418e+03,-1.156881,0.204317,-65.544,26.0169,500.0,5.1729,0.1543,5.3272
842,-255.4326,1144.3238,2.372637e-03,2.553566e+03,6.501813e+03,-1.153543,0.204395,-65.5307,26.0013,500.0,5.1027,0.1532,5.2558
843,-256.3933,1144.3238,2.487161e-03,2.978993e+03,5.774912e+03,-1.163572,0.203984,-65.5487,26.0311,500.0,5.1721,0.1627,5.3348
844,-255.8447,1144.3238,1.551763e-03,2.605035e+03,6.222423e+03,-1.167427,0.203643,-65.527,26.0031,500.0,5.1357,0.1563,5.2921
845,-255.9028,1144.3238,1.889274e-03,1.207743e+03,5.397327e+03,-1.168071,0.203643,-65.5361,26.0118,500.0,5.2906,0.1516,5.4422
846,-256.2632,1144.3238,2.166613e-03,1.388839e+03,5.759494e+03,-1.167818,0.203643,-65.5271,26.0117,500.0,5.2107,0.1606,5.3714
847,-256.0408,1144.3238,2.322590e-03,3.699973e+03,6.319602e+03,-1.16557,0.20367,-65.5676,26.0166,500.0,5.2632,0.1509,5.414
848,-255.7761,1144.3238,2.183259e-03,1.663863e+03,6.120226e+03,-1.178764,0.203228,-65.5317,26.0107,500.0,5.3865,0.1584,5.5449
849,-256.4726,1144.3238,2.073677e-03,2.051161e+03,6.384098e+03,-1.189541,0.203092,-65.5682,26.029,500.0,5.1279,0.2108,5.3388
850,-256.3112,1144.3238,2.308729e-03,1.770846e+03,6.761063e+03,-1.192203,0.203092,-65.5518,26.0203,500.0,5.2244,0.2082,5.4325
851,-255.2852,1144.3238,2.271811e-03,2.939314e+03,5.364779e+03,-1.190228,0.203119,-65.5099,26.0027,500.0,5.2103,0.2159,5.4261
852,-256.0349,1144.3238,2.063010e-03,2.659561e+03,5.267430e+03,-1.182733,0.203228,-65.5164,26.0067,500.0,5.2022,0.1554,5.3575
853,-256.1083,1144.3238,1.703537e-03,2.496107e+03,6.382592e+03,-1.159181,0.204298,-65.5082,26.0056,500.0,5.0303,0.1592,5.1895
854,-256.1568,1144.3238,1.520409e-03,1.405467e+03,5.928977e+03,-1.150237,0.204434,-65.5183,26.0063,500.0,5.1736,0.1554,5.329
855,-255.4105,1144.3238,3.501591e-03,2.484821e+03,6.673082e+03,-1.147361,0.204531,-65.4998,25.9874,500.0,5.2543,0.2893,5.5436
856,-255.9024,1144.3238,2.674129e-03,2.695049e+03,6.012438e+03,-1.142186,0.204859,-65.5175,25.9984,500.0,5.142,0.2008,5.3429
857,-255.4816,1144.3238,2.581037e-03,2.606430e+03,6.038893e+03,-1.14633,0.20484,-65.5091,25.994,500.0,5.1103,0.2319,5.3422
858,-255.9815,1144.3238,3.911866e-03,4.078349e+03,7.090591e+03,-1.145515,0.20484,-65.5314,26.007,500.0,5.0174,0.1604,5.1778
859,-255.4314,1144.3238,2.158666e-03,2.208824e+03,6.089921e+03,-1.132528,0.205297,-65.5381,26.0037,500.0,5.2377,0.1519,5.3897
860,-256.071,1144.3238,1.450339e-03,2.760060e+03,5.732828e+03,-1.130683,0.205596,-65.5208,26.0135,500.0,5.3297,0.1635,5.4932
861,-255.5205,1144.3238,1.943657e-03,2.552753e+03,5.629849e+03,-1.135222,0.205291,-65.5161,26.0012,500.0,5.11,0.2014,5.3114
862,-255.2509,1144.3238,1.930447e-03,2.507831e+03,5.188088e+03,-1.14599,0.20484,-65.4859,25.9795,500.0,5.3027,0.2232,5.5259
863,-256.1802,1144.3238,1.738299e-03,2.717949e+03,6.647471e+03,-1.135131,0.205189,-65.5263,26.0119,500.0,5.2846,0.1923,5.4769
864,-255.2003,1144.3238,1.915261e-03,1.374134e+03,5.490466e+03,-1.155326,0.2044,-65.5042,25.9923,500.0,5.2986,0.1519,5.4505
865,-255.8804,1144.3238,1.615661e-03,1.511908e+03,5.437777e+03,-1.154813,0.204395,-65.509,26.0055,500.0,5.0315,0.1932,5.2247
866,-255.6895,1144.3238,1.872704e-03,1.740523e+03,5.544252e+03,-1.159106,0.2044,-65.4977,25.9933,500.0,5.0039,0.1693,5.1732
867,-255.7671,1144.3238,1.684662e-03,1.202199e+03,6.552574e+03,-1.139566,0.204961,-65.5063,25.9966,500.0,5.2843,0.1435,5.4279
868,-255.0078,1144.3238,2.427411e-03,1.584729e+03,6.335328e+03,-1.14106,0.204967,-65.4765,25.9751,500.0,5.2833,0.1409,5.4243
869,-256.0179,1144.3238,2.088145e-03,1.173906e+03,6.053203e+03,-1.147793,0.204861,-65.4992,26.0015,500.0,5.3512,0.2045,5.5557
870,-255.6447,1144.3238,2.063629e-03,2.209385e+03,6.688442e+03,-1.15503,0.204455,-65.4725,25.9878,500.0,5.0656,0.1694,5.235
871,-255.3744,1144.3238,2.437595e-03,2.527913e+03,5.362739e+03,-1.15036,0.204834,-65.4782,25.9793,500.0,5.1089,0.1525,5.2614
872,-255.8718,1144.3238,2.199106e-03,1.674748e+03,6.160924e+03,-1.147921,0.204859,-65.4846,25.9886,500.0,5.2916,0.1552,5.4467
873,-256.0128,1144.3238,1.942619e-03,1.663822e+03,6.591041e+03,-1.141721,0.205189,-65.4949,26.0,500.0,5.1601,0.1521,5.3122
874,-255.637,1144.3238,1.943796e-03,2.565009e+03,6.284276e+03,-1.138973,0.205221,-65.4781,25.9874,500.0,5.2753,0.1636,5.4389
875,-255.8239,1144.3238,1.645017e-03,1.746089e+03,5.214148e+03,-1.139899,0.20529,-65.4756,25.9936,500.0,5.4363,0.1669,5.6032
876,-256.2512,1144.3238,1.609783e-03,2.977087e+03,5.768232e+03,-1.138449,0.205296,-65.4834,25.997,500.0,5.1584,0.161,5.3194
877,-255.46,1144.3238,2.171414e-03,1.822504e+03,6.096802e+03,-1.131561,0.205628,-65.4405,25.9697,500.0,5.0266,0.1591,5.1857
878,-256.064,1144.3238,1.712790e-03,1.834002e+03,5.575007e+03,-1.138771,0.20529,-65.4962,26.0,500.0,5.1172,0.1465,5.2637
879,-256.0176,1144.3238,1.870967e-03,2.736867e+03,6.426175e+03,-1.124042,0.205731,-65.4916,25.9919,500.0,4.9983,0.1518,5.1501
880,-256.2121,1144.3238,1.851912e-03,2.346782e+03,6.340178e+03,-1.121336,0.205738,-65.5059,26.0033,500.0,5.1445,0.1546,5.2991
881,-256.4205,1144.3238,1.863750e-03,2.658015e+03,6.010813e+03,-1.104824,0.206494,-65.5089,26.0143,500.0,5.1635,0.1589,5.3224
882,-255.3983,1144.3238,1.968127e-03,3.155378e+03,5.925187e+03,-1.114923,0.205856,-65.4885,25.9912,500.0,5.0791,0.2252,5.3043
883,-255.2474,1144.3238,1.343307e-03,1.970472e+03,5.824961e+03,-1.116437,0.205832,-65.4845,25.9846,500.0,5.2087,0.1575,5.3662
884,-256.239,1144.3238,1.869913e-03,1.544216e+03,6.581180e+03,-1.124949,0.205721,-65.4893,26.0047,500.0,5.136,0.1613,5.2973
885,-255.5995,1144.3238,1.689438e-03,1.426290e+03,6.046531e+03,-1.140018,0.205213,-65.4637,25.9849,500.0,5.227,0.1674,5.3944
886,-256.1624,1144.3238,2.962234e-03,2.331048e+03,6.610968e+03,-1.126826,0.205596,-65.464,26.0029,500.0,5.1883,0.1482,5.3365
887,-255.8993,1144.3238,2.295637e-03,2.716153e+03,5.423782e+03,-1.127629,0.205594,-65.4582,25.9778,500.0,5.1112,0.1497,5.2608
888,-255.7723,1144.3238,1.950619e-03,1.701516e+03,5.926390e+03,-1.127362,0.205594,-65.4736,25.9826,500.0,5.5567,0.1776,5.7343
889,-255.8888,1144.3238,2.512686e-03,1.635111e+03,6.332253e+03,-1.140988,0.20486,-65.477,25.995,500.0,5.1658,0.1512,5.317
890,-255.6993,1144.3238,2.259481e-03,2.696864e+03,5.690232e+03,-1.142366,0.204834,-65.445,25.9735,500.0,5.1683,0.1617,5.33
891,-255.1714,1144.3238,2.319009e-03,1.875546e+03,6.412142e+03,-1.132242,0.205189,-65.3525,25.9735,500.0,5.1726,0.1539,5.3265
892,-256.1081,1144.3238,2.320875e-03,1.387250e+03,5.901611e+03,-1.14851,0.204435,-65.4625,25.9935,500.0,5.3846,0.3391,5.7238
893,-256.3212,1144.3238,3.259642e-03,1.787073e+03,6.224819e+03,-1.160761,0.204017,-65.4491,25.9872,500.0,5.1958,0.1581,5.3539
894,-256.3444,1144.3238,2.016811e-03,1.155975e+03,6.009561e+03,-1.173267,0.203566,-65.4655,25.9961,500.0,5.3521,0.1555,5.5076
895,-255.3889,1144.3238,1.736255e-03,1.731588e+03,5.938732e+03,-1.16788,0.203882,-65.4279,25.9621,500.0,5.0863,0.1635,5.2499
896,-255.3625,1144.3238,1.982464e-03,1.709764e+03,6.114151e+03,-1.157733,0.204298,-65.4391,25.9678,500.0,5.3112,0.1553,5.4665
897,-255.5732,1144.3238,2.757561e-03,2.599226e+03,5.780617e+03,-1.150506,0.204425,-65.4398,25.9731,500.0,5.2773,0.1721,5.4494
898,-255.7616,1144.3238,2.466948e-03,1.988807e+03,6.531613e+03,-1.148924,0.204453,-65.4273,25.9683,500.0,5.1908,0.2021,5.3929
899,-255.9245,1144.3238,2.249532e-03,2.388524e+03,5.716520e+03,-1.139057,0.204866,-65.4491,25.9846,500.0,5.2473,0.1625,5.4098
900,-255.046,1144.3238,2.569502e-03,2.016070e+03,6.312520e+03,-1.143629,0.204561,-65.4078,25.9539,500.0,5.2252,0.1579,5.3831
901,-254.7679,1144.3238,2.022218e-03,2.383704e+03,5.856439e+03,-1.141488,0.204842,-65.4022,25.9498,500.0,5.426,0.1543,5.5803
902,-255.34,1144.3238,2.910053e-03,1.384502e+03,5.320562e+03,-1.143646,0.204836,-65.4166,25.9589,500.0,5.1082,0.1548,5.263
903,-255.5853,1144.3238,2.008342e-03,1.643013e+03,6.008752e+03,-1.155147,0.204427,-65.4446,25.9783,500.0,5.2214,0.1389,5.3603
904,-255.549,1144.3238,2.271414e-03,1.569210e+03,6.622263e+03,-1.162077,0.204419,-65.4142,25.9661,500.0,5.1563,0.1594,5.3157
905,-255.3473,1144.3238,1.922757e-03,2.036871e+03,6.155967e+03,-1.16471,0.204325,-65.3976,25.9515,500.0,5.1146,0.1479,5.2625
906,-255.7477,1144.3238,2.234714e-03,1.710182e+03,6.605975e+03,-1.157257,0.204429,-65.4599,25.9809,500.0,5.0625,0.2101,5.2725
907,-255.3333,1144.3238,2.422798e-03,2.069612e+03,6.702219e+03,-1.148559,0.204861,-65.4378,25.9634,500.0,5.1271,0.2124,5.3396
908,-255.4711,1144.3238,3.390407e-03,1.954655e+03,5.460391e+03,-1.14379,0.204937,-65.4187,25.9557,500.0,5.1715,0.1569,5.3284
909,-255.3463,1144.3238,2.149793e-03,1.566086e+03,5.260945e+03,-1.140863,0.204967,-65.4662,25.9799,500.0,5.2164,0.2874,5.5039
910,-256.057,1144.3238,2.594281e-03,1.781782e+03,6.372057e+03,-1.117562,0.205832,-65.4716,25.9889,500.0,5.1194,0.1661,5.2855
911,-255.5801,1144.3238,2.141385e-03,3.375856e+03,7.021919e+03,-1.111993,0.206166,-65.4858,25.994,500.0,5.1434,0.1578,5.3012
912,-255.9247,1144.3238,2.300721e-03,2.307802e+03,5.932281e+03,-1.110926,0.206234,-65.4641,25.9907,500.0,5.2847,0.1531,5.4377
913,-255.6757,1144.3238,1.957908e-03,9.835571e+02,5.822921e+03,-1.107593,0.206242,-65.4413,25.9715,500.0,4.9438,0.1633,5.1071
914,-255.2786,1144.3238,2.292823e-03,1.751800e+03,5.121711e+03,-1.101653,0.206525,-65.4371,25.973,500.0,5.3206,0.1592,5.4797
915,-255.8999,1144.3238,3.377369e-03,1.346193e+03,6.507765e+03,-1.09554,0.206903,-65.4351,25.9768,500.0,5.1864,0.1603,5.3467
916,-255.2987,1144.3238,2.276859e-03,2.422262e+03,5.633312e+03,-1.087453,0.207031,-65.3989,25.9503,500.0,5.1975,0.1536,5.3511
917,-255.3694,1144.3238,2.759134e-03,2.476437e+03,6.532308e+03,-1.105254,0.206499,-65.4388,25.9671,500.0,5.2695,0.1619,5.4314
918,-255.7112,1144.3238,2.483248e-03,2.542349e+03,6.648089e+03,-1.097364,0.206897,-65.4506,25.9803,500.0,5.0552,0.1653,5.2205
919,-255.7886,1144.3238,3.370350e-03,2.259621e+03,6.312211e+03,-1.103435,0.206602,-65.4494,25.977,500.0,5.2216,0.1616,5.3833
920,-255.4824,1144.3238,2.164730e-03,1.337128e+03,6.369600e+03,-1.104579,0.2066,-65.4362,25.9743,500.0,5.1057,0.1555,5.2612
921,-255.5316,1144.3238,2.048205e-03,2.180562e+03,6.027595e+03,-1.096609,0.20693,-65.4046,25.9684,500.0,5.1134,0.1735,5.2869
922,-255.632,1144.3238,2.699110e-03,1.784046e+03,6.540407e+03,-1.085052,0.207159,-65.411,25.9639,500.0,5.1139,0.1578,5.2717
923,-255.5601,1144.3238,2.104054e-03,2.009099e+03,6.634728e+03,-1.087501,0.207132,-65.4042,25.9522,500.0,5.236,0.1559,5.3919
924,-255.2004,1144.3238,2.276464e-03,2.276414e+03,5.980744e+03,-1.077234,0.207539,-65.4071,25.96,500.0,5.2844,0.1671,5.4515
925,-255.1751,1144.3238,1.980715e-03,3.188717e+03,6.091009e+03,-1.05895,0.208302,-65.3823,25.9465,500.0,5.3107,0.2313,5.542
926,-255.3516,1144.3238,2.379390e-03,1.699025e+03,6.429046e+03,-1.050577,0.20836,-65.3938,25.96,500.0,5.0056,0.1629,5.1685
927,-255.3882,1144.3238,2.173416e-03,2.581677e+03,5.463138e+03,-1.049527,0.208365,-65.4076,25.961,500.0,5.2525,0.1597,5.4122
928,-255.2742,1144.3238,2.711752e-03,2.139736e+03,6.773395e+03,-1.042557,0.208458,-65.383,25.9427,500.0,5.1823,0.1574,5.3397
929,-255.4727,1144.3238,2.413838e-03,2.048385e+03,6.935666e+03,-1.052814,0.208308,-65.402,25.9624,500.0,5.1469,0.1676,5.3146
930,-255.3214,1144.3238,2.468145e-03,1.170228e+03,6.159873e+03,-1.04306,0.208434,-65.3964,25.95,500.0,5.2207,0.151,5.3717
931,-255.5366,1144.3238,2.102141e-03,2.699375e+03,5.849688e+03,-1.026167,0.209135,-65.3868,25.9555,500.0,5.1068,0.2716,5.3783
932,-255.204,1144.3238,3.719100e-03,1.975848e+03,6.021869e+03,-1.036569,0.208466,-65.3776,25.9477,500.0,5.3477,0.1708,5.5185
933,-256.3303,1144.3238,2.697795e-03,2.013497e+03,6.597118e+03,-1.04393,0.208335,-65.4039,25.9733,500.0,5.2688,0.1729,5.4417
934,-254.919,1144.3238,2.612489e-03,3.618188e+03,6.732062e+03,-1.033351,0.208466,-65.3698,25.9402,500.0,5.1026,0.1681,5.2707
935,-255.011,1144.3238,2.249249e-03,1.562174e+03,6.102835e+03,-1.022184,0.209105,-65.3596,25.9303,500.0,5.3873,0.2057,5.593
936,-255.336,1144.3238,2.005875e-03,2.862915e+03,5.940376e+03,-1.02206,0.208864,-65.3736,25.9492,500.0,5.2445,0.1539,5.3984
937,-255.4973,1144.3238,2.000105e-03,1.868600e+03,5.952281e+03,-1.008207,0.209536,-65.384,25.9572,500.0,5.2043,0.1435,5.3477
938,-254.8925,1144.3238,2.203643e-03,9.326317e+02,5.600808e+03,-1.003305,0.209643,-65.3302,25.9231,500.0,5.004,0.1623,5.1664
939,-255.2078,1144.3238,1.822734e-03,1.806091e+03,5.675080e+03,-1.008072,0.209635,-65.3526,25.94,500.0,5.2384,0.2037,5.4421
940,-255.4372,1144.3238,2.543972e-03,1.762036e+03,6.693391e+03,-1.002445,0.20976,-65.3542,25.938,500.0,5.4121,0.1539,5.566
941,-255.1347,1144.3238,2.489712e-03,1.523317e+03,5.931963e+03,-1.003957,0.209761,-65.3651,25.942,500.0,5.3319,0.1507,5.4825
942,-255.2783,1144.3238,2.372078e-03,3.346035e+03,5.104113e+03,-1.016569,0.209628,-65.3527,25.9408,500.0,5.2069,0.1701,5.3769
943,-255.0668,1144.3238,1.974698e-03,1.837159e+03,6.257435e+03,-1.01888,0.209629,-65.3525,25.9338,500.0,5.5831,0.1688,5.7519
944,-254.9166,1144.3238,2.271753e-03,1.225421e+03,6.026490e+03,-1.001163,0.210137,-65.3548,25.9221,500.0,5.4354,0.2615,5.697
945,-255.2074,1144.3238,2.261378e-03,3.440514e+03,5.448361e+03,-0.99406,0.210534,-65.378,25.9471,500.0,5.2217,0.1494,5.3711
946,-254.8622,1144.3238,2.072202e-03,1.614477e+03,6.327991e+03,-0.988659,0.210837,-65.3561,25.9313,500.0,5.1031,0.1609,5.264
947,-255.4589,1144.3238,1.736416e-03,1.954533e+03,6.107443e+03,-0.985496,0.210944,-65.38,25.9572,500.0,5.1657,0.1788,5.3446
948,-255.1269,1144.3238,1.820140e-03,1.551821e+03,5.573650e+03,-0.99432,0.21054,-65.3538,25.9369,500.0,5.2076,0.1976,5.4052
949,-254.8913,1144.3238,1.602224e-03,2.520727e+03,6.399688e+03,-0.982096,0.210939,-65.3294,25.9301,500.0,5.4515,0.1627,5.6141
950,-255.1702,1144.3238,2.404869e-03,2.418333e+03,6.782912e+03,-0.992354,0.210517,-65.3244,25.9259,500.0,5.1851,0.2399,5.425
951,-255.3138,1144.3238,2.055622e-03,1.652770e+03,6.779355e+03,-0.996067,0.210411,-65.3678,25.9478,500.0,5.0268,0.2393,5.2661
952,-255.6466,1144.3238,2.595393e-03,4.243111e+03,6.547759e+03,-0.993568,0.210441,-65.354,25.94,500.0,5.0862,0.1622,5.2484
953,-255.6457,1144.3238,1.832780e-03,1.524050e+03,6.362688e+03,-1.000708,0.21041,-65.3749,25.9554,500.0,5.0722,0.1517,5.2239
954,-254.8446,1144.3238,1.576809e-03,2.389996e+03,5.900180e+03,-0.987195,0.210913,-65.3583,25.9311,500.0,5.2317,0.1607,5.3924
955,-255.6341,1144.3238,2.496751e-03,2.262706e+03,5.788180e+03,-0.976444,0.211042,-65.3768,25.9556,500.0,5.398,0.1429,5.5409
956,-254.9257,1144.3238,2.062381e-03,1.650195e+03,5.718979e+03,-0.963142,0.211462,-65.3563,25.9369,500.0,5.5523,0.188,5.7404
957,-254.926,1144.3238,2.706181e-03,2.871335e+03,5.999677e+03,-0.966986,0.211357,-65.3551,25.9347,500.0,6.0707,0.2917,6.3623
958,-255.1463,1144.3238,2.606592e-03,1.606139e+03,6.589987e+03,-0.958545,0.211746,-65.3619,25.9375,500.0,5.8722,0.233,6.1052
959,-255.2143,1144.3238,1.874383e-03,1.896391e+03,6.083283e+03,-0.963159,0.211721,-65.3719,25.9368,500.0,5.4812,0.2798,5.761
960,-255.3713,1144.3238,1.906977e-03,1.097222e+03,6.108567e+03,-0.967947,0.211436,-65.4025,25.9606,500.0,5.0594,0.1572,5.2165
961,-255.5101,1144.3238,2.671564e-03,1.881580e+03,5.925639e+03,-0.969174,0.211715,-65.3942,25.9544,500.0,5.2188,0.1824,5.4013
962,-255.2179,1144.3238,2.441719e-03,3.152903e+03,6.570209e+03,-0.979261,0.211038,-65.4103,25.9474,500.0,5.1658,0.1834,5.3491
963,-255.847,1144.3238,1.704704e-03,1.889786e+03,6.193931e+03,-0.973099,0.211358,-65.4279,25.9817,500.0,5.7569,0.3488,6.1057
964,-255.4197,1144.3238,2.201934e-03,1.891522e+03,5.870535e+03,-0.956752,0.212109,-65.4098,25.9556,500.0,5.2105,0.1687,5.3792
965,-255.6341,1144.3238,2.690520e-03,2.546846e+03,6.389364e+03,-0.943912,0.212344,-65.4144,25.9699,500.0,5.001,0.1626,5.1636
966,-255.0672,1144.3238,2.180798e-03,2.371386e+03,6.771855e+03,-0.956226,0.212117,-65.3986,25.9536,500.0,5.2613,0.1554,5.4167
967,-255.0448,1144.3238,2.085258e-03,1.909814e+03,5.733070e+03,-0.946235,0.21224,-65.3842,25.9504,500.0,5.319,0.1646,5.4836
968,-255.4307,1144.3238,2.473152e-03,2.126109e+03,6.840895e+03,-0.939159,0.212362,-65.3838,25.9474,500.0,5.2345,0.1617,5.3963
969,-254.5328,1144.3238,1.836450e-03,2.354681e+03,6.094884e+03,-0.932305,0.213026,-65.3725,25.9329,500.0,5.2333,0.1927,5.426
970,-254.9257,1144.3238,2.639919e-03,2.454587e+03,6.338017e+03,-0.913893,0.213536,-65.3901,25.9467,500.0,5.3916,0.1567,5.5483
971,-254.8624,1144.3238,2.058313e-03,1.010653e+03,6.091048e+03,-0.9056,0.213574,-65.3747,25.9418,500.0,5.195,0.1571,5.3521
972,-255.4788,1144.3238,2.456537e-03,2.504716e+03,6.146262e+03,-0.90322,0.213931,-65.3837,25.9485,500.0,5.2254,0.1602,5.3856
973,-255.0871,1144.3238,2.540909e-03,2.223518e+03,6.293519e+03,-0.90141,0.213957,-65.363,25.9418,500.0,5.1647,0.1503,5.3151
974,-255.8726,1144.3238,2.816274e-03,2.219867e+03,6.289903e+03,-0.898373,0.214028,-65.3931,25.9702,500.0,5.2762,0.1752,5.4514
975,-255.0519,1144.3238,1.520567e-03,1.499365e+03,6.163882e+03,-0.908783,0.213573,-65.364,25.9358,500.0,5.1162,0.1612,5.2773
976,-254.7921,1144.3238,2.455295e-03,2.810136e+03,6.286930e+03,-0.915034,0.213442,-65.3391,25.9262,500.0,5.095,0.1551,5.2502
977,-255.3006,1144.3238,2.968765e-03,3.024451e+03,5.887271e+03,-0.902149,0.213647,-65.3556,25.9432,500.0,5.4173,0.216,5.6332
978,-254.931,1144.3238,2.515216e-03,2.233915e+03,6.049680e+03,-0.909677,0.213535,-65.3464,25.9253,500.0,5.0591,0.2265,5.2855
979,-255.1115,1144.3238,2.215028e-03,3.183665e+03,5.692324e+03,-0.905912,0.213573,-65.344,25.9429,500.0,5.1189,0.1655,5.2844
980,-254.9189,1144.3238,3.043562e-03,2.482755e+03,5.333610e+03,-0.922143,0.213144,-65.341,25.9402,500.0,5.1855,0.1571,5.3426
981,-255.1268,1144.3238,2.479423e-03,1.510518e+03,6.419207e+03,-0.911038,0.21354,-65.3114,25.9273,500.0,5.1865,0.1502,5.3367
982,-255.5335,1144.3238,3.795163e-03,1.923528e+03,6.142395e+03,-0.905707,0.213645,-65.3095,25.9331,500.0,5.0594,0.1653,5.2247
983,-255.2158,1144.3238,2.624069e-03,2.862190e+03,5.660314e+03,-0.88352,0.214455,-65.2988,25.9246,500.0,5.0578,0.1551,5.2129
984,-254.6674,1144.3238,2.657495e-03,2.310524e+03,6.813208e+03,-0.87496,0.21485,-65.2559,25.8959,500.0,5.2771,0.1786,5.4556
985,-254.4473,1144.3238,2.089531e-03,1.815738e+03,6.325070e+03,-0.881479,0.214722,-65.258,25.8918,500.0,5.4364,0.1538,5.5902
986,-254.6503,1144.3238,2.302266e-03,1.828796e+03,6.671910e+03,-0.87056,0.214941,-65.2721,25.9013,500.0,5.2338,0.1422,5.3759
987,-255.2784,1144.3238,2.377071e-03,2.239659e+03,6.008762e+03,-0.868421,0.215231,-65.3041,25.9173,500.0,4.9097,0.2113,5.121
988,-254.8707,1144.3238,2.591311e-03,2.388864e+03,6.758285e+03,-0.866178,0.215237,-65.2743,25.9098,500.0,4.9188,0.1668,5.0856
989,-254.5919,1144.3238,2.642890e-03,3.316143e+03,5.845950e+03,-0.851656,0.215735,-65.2732,25.9013,500.0,5.2106,0.2654,5.4761
990,-253.9214,1144.3238,2.159115e-03,1.993662e+03,5.971864e+03,-0.857879,0.215632,-65.2371,25.8829,500.0,5.0411,0.1493,5.1904
991,-255.0358,1144.3238,3.554426e-03,1.679117e+03,5.959427e+03,-0.86029,0.215638,-65.2686,25.9062,500.0,5.0648,0.1654,5.2302
992,-254.4887,1144.3238,2.191463e-03,2.077680e+03,5.283825e+03,-0.860105,0.215631,-65.2455,25.893,500.0,5.2063,0.1581,5.3643
993,-254.5125,1144.3238,1.976758e-03,2.126644e+03,6.361725e+03,-0.86431,0.215329,-65.253,25.8937,500.0,5.1471,0.1713,5.3184
994,-254.4949,1144.3238,3.654109e-03,2.697756e+03,6.443850e+03,-0.864622,0.215335,-65.2564,25.8901,500.0,4.7667,0.1535,4.9203
995,-254.9808,1144.3238,3.517743e-03,2.143035e+03,6.094504e+03,-0.862468,0.215357,-65.2699,25.9094,500.0,5.241,0.1493,5.3902
996,-255.1656,1144.3238,3.860240e-02,2.010984e+03,6.415929e+03,-0.863195,0.215351,-65.2777,25.9112,500.0,5.1965,0.1619,5.3584
997,-254.5265,1144.3238,1.118318e-02,2.433058e+03,5.859542e+03,-0.873611,0.214942,-65.2757,25.9012,500.0,5.2296,0.1606,5.3903
998,-254.9305,1144.3238,2.207156e-03,1.817373e+03,6.531521e+03,-0.876322,0.214846,-65.2838,25.9096,500.0,5.2445,0.1737,5.4182
999,-254.3554,1144.3238,2.257768e-03,2.417997e+03,5.665003e+03,-0.876182,0.214851,-65.2636,25.8931,500.0,5.737,0.1692,5.9062
1000,-254.7517,1144.3238,3.077540e-03,3.823765e+03,6.099903e+03,-0.866472,0.215238,-65.2626,25.9014,500.0,5.3123,0.1531,5.4654
1001,-254.8199,1144.3238,3.412185e-02,1.961344e+03,6.139558e+03,-0.862685,0.215329,-65.2616,25.8964,500.0,5.2927,0.1634,5.4561
1002,-254.2957,1144.3238,2.080489e-03,2.147914e+03,6.253295e+03,-0.86394,0.215255,-65.2476,25.8909,500.0,5.3002,0.1592,5.4593
1003,-255.0213,1144.3238,6.895521e-03,1.875123e+03,6.817496e+03,-0.849386,0.216041,-65.2753,25.9138,500.0,5.2526,0.1597,5.4123
1004,-253.7907,1144.3238,6.145860e-02,2.424813e+03,5.961696e+03,-0.841405,0.216172,-65.2233,25.8706,500.0,5.4114,0.1484,5.5598
1005,-254.3321,1144.3238,2.225073e-03,1.805371e+03,6.744918e+03,-0.843568,0.216145,-65.2396,25.886,500.0,5.2592,0.186,5.4452
1006,-254.7658,1144.3238,2.107535e-03,1.891623e+03,5.735679e+03,-0.845545,0.216114,-65.2613,25.9064,500.0,5.1936,0.2096,5.4032
1007,-254.6824,1144.3238,6.007422e-03,9.727035e+02,5.616122e+03,-0.841772,0.216144,-65.2548,25.8943,500.0,5.2925,0.1582,5.4508
1008,-254.4315,1144.3238,3.490680e-03,2.654404e+03,6.135077e+03,-0.843243,0.216048,-65.2512,25.8899,500.0,5.319,0.1421,5.4611
1009,-254.7014,1144.3238,2.245663e-03,1.867484e+03,6.491970e+03,-0.844338,0.216025,-65.232,25.8839,500.0,5.0977,0.1412,5.2389
1010,-254.5584,1144.3238,4.067612e-03,1.959644e+03,6.182208e+03,-0.8436,0.216048,-65.25,25.8956,500.0,5.196,0.1444,5.3404
1011,-254.7469,1144.3238,2.284202e-03,1.992885e+03,5.748595e+03,-0.836652,0.216152,-65.2589,25.904,500.0,5.3352,0.1486,5.4838
1012,-254.6634,1144.3238,4.521250e-03,2.113092e+03,5.943585e+03,-0.836433,0.216144,-65.2453,25.8971,500.0,5.3209,0.1489,5.4699
1013,-254.5678,1144.3238,4.296528e-03,3.544172e+03,6.005047e+03,-0.840109,0.216043,-65.262,25.8965,500.0,5.369,0.1575,5.5265
1014,-254.9184,1144.3238,4.038894e-03,2.365249e+03,6.586717e+03,-0.83961,0.215759,-65.2761,25.9026,500.0,5.3017,0.2092,5.5109
1015,-254.6034,1144.3238,2.664304e-03,2.369477e+03,5.916637e+03,-0.843359,0.215729,-65.2604,25.8885,500.0,5.1124,0.1658,5.2781
1016,-254.4493,1144.3238,3.190812e-03,3.591786e+03,6.749449e+03,-0.840793,0.215735,-65.2718,25.9059,500.0,5.2295,0.1759,5.4054
1017,-255.2291,1144.3238,1.163306e-01,1.340723e+03,6.366920e+03,-0.84359,0.215663,-65.2777,25.9143,500.0,5.1215,0.1573,5.2788
1018,-254.3629,1144.3238,2.811246e-03,2.069547e+03,6.348965e+03,-0.845674,0.215357,-65.2469,25.8898,500.0,5.3125,0.174,5.4865
1019,-255.2928,1144.3238,4.225022e-02,2.445163e+03,6.446059e+03,-0.836402,0.216019,-65.2569,25.9073,500.0,5.2405,0.158,5.3985
1020,-254.588,1144.3238,2.449450e-03,2.744435e+03,5.748100e+03,-0.838587,0.215752,-65.2524,25.8952,500.0,5.2835,0.166,5.4495
1021,-254.899,1144.3238,4.537381e-03,2.471361e+03,6.040701e+03,-0.833008,0.216043,-65.2448,25.8999,500.0,5.2364,0.165,5.4014
1022,-255.2936,1144.3238,3.612500e-03,2.906488e+03,6.500456e+03,-0.840605,0.215727,-65.2578,25.9127,500.0,5.2634,0.1547,5.418
1023,-254.9437,1144.3238,3.640959e-03,2.005290e+03,6.451915e+03,-0.832666,0.216048,-65.2625,25.9043,500.0,5.3036,0.154,5.4576
1024,-254.815,1144.3238,7.662400e-02,2.148119e+03,7.616985e+03,-0.819658,0.216531,-65.2479,25.8928,500.0,5.1089,0.1609,5.2698
1025,-254.877,1144.3238,3.775828e-03,3.483721e+03,6.884693e+03,-0.818766,0.216274,-65.2649,25.9024,500.0,5.1326,0.1593,5.2919
1026,-254.4803,1144.3238,2.863036e-03,1.825467e+03,6.439118e+03,-0.815244,0.216628,-65.2506,25.8869,500.0,5.2163,0.2307,5.447
1027,-254.7877,1144.3238,2.558894e-03,2.659374e+03,6.767758e+03,-0.804096,0.217328,-65.2545,25.9014,500.0,5.1334,0.1972,5.3306
1028,-254.7935,1144.3238,2.090785e-03,1.896028e+03,6.379250e+03,-0.801778,0.217422,-65.2458,25.9015,500.0,5.2754,0.1565,5.4319
1029,-254.7391,1144.3238,5.043219e-03,1.689100e+03,5.767567e+03,-0.802301,0.217344,-65.2489,25.8932,500.0,5.2895,0.2188,5.5083
1030,-254.2198,1144.3238,3.108439e-03,2.983846e+03,6.302972e+03,-0.812074,0.216658,-65.2426,25.8863,500.0,5.2021,0.1556,5.3577
1031,-254.8502,1144.3238,3.667094e-03,2.162365e+03,6.528267e+03,-0.813891,0.216658,-65.2475,25.9007,500.0,5.332,0.1651,5.4971
1032,-254.5872,1144.3238,2.823872e-03,2.687186e+03,6.122646e+03,-0.819536,0.216634,-65.2309,25.888,500.0,5.2009,0.1645,5.3654
1033,-254.3622,1144.3238,2.654887e-03,1.199186e+03,6.015449e+03,-0.8221,0.216634,-65.2299,25.8849,500.0,5.2027,0.1543,5.357
1034,-254.6183,1144.3238,3.109314e-03,2.474712e+03,6.373777e+03,-0.826734,0.216537,-65.215,25.8856,500.0,5.1236,0.1918,5.3154
1035,-254.5131,1144.3238,2.468353e-03,2.247500e+03,6.138466e+03,-0.838733,0.216115,-65.2138,25.8839,500.0,5.2772,0.2316,5.5088
1036,-254.7589,1144.3238,2.413080e-03,2.714736e+03,6.856119e+03,-0.83191,0.216176,-65.2386,25.8985,500.0,5.6353,0.171,5.8063
1037,-254.7958,1144.3238,2.874914e-03,2.963335e+03,6.494780e+03,-0.835746,0.216152,-65.1934,25.8902,500.0,5.6425,0.1559,5.7984
1038,-254.065,1144.3238,2.810036e-03,1.866867e+03,5.910505e+03,-0.837415,0.216242,-65.1702,25.8682,500.0,5.6914,0.1505,5.8419
1039,-255.0359,1144.3238,3.175847e-03,2.998070e+03,5.974316e+03,-0.827226,0.216628,-65.18,25.8721,500.0,5.2213,0.1604,5.3816
1040,-254.2594,1144.3238,2.820413e-03,2.208719e+03,5.737761e+03,-0.812479,0.217346,-65.1713,25.8643,500.0,5.3337,0.1578,5.4915
1041,-254.4794,1144.3238,2.502864e-03,2.354681e+03,6.397228e+03,-0.798551,0.217831,-65.178,25.8717,500.0,5.0683,0.1563,5.2245
1042,-254.3758,1144.3238,7.915683e-03,2.621796e+03,6.269313e+03,-0.813612,0.21735,-65.157,25.8609,500.0,5.2504,0.1554,5.4058
1043,-254.0955,1144.3238,3.523618e-03,2.126833e+03,6.597655e+03,-0.814484,0.217326,-65.1507,25.8598,500.0,5.0814,0.1632,5.2446
1044,-254.1487,1144.3238,2.974225e-03,2.644507e+03,6.466234e+03,-0.804863,0.217456,-65.1532,25.8582,500.0,4.9356,0.1661,5.1017
1045,-253.7691,1144.3238,4.612464e-03,1.728135e+03,6.417745e+03,-0.823021,0.216657,-65.1324,25.8441,500.0,5.3766,0.1561,5.5328
1046,-253.7779,1144.3238,2.578957e-03,2.050269e+03,6.180538e+03,-0.818298,0.217032,-65.1393,25.8433,500.0,5.1515,0.1554,5.3069
1047,-254.2786,1144.3238,3.075087e-03,1.596350e+03,6.641235e+03,-0.822118,0.216942,-65.1419,25.8548,500.0,5.2641,0.1575,5.4216
1048,-254.1207,1144.3238,2.875933e-03,2.620843e+03,6.177377e+03,-0.811439,0.21735,-65.1361,25.8538,500.0,5.2046,0.1555,5.3601
1049,-253.7462,1144.3238,2.652938e-03,2.630300e+03,6.256096e+03,-0.811818,0.217352,-65.1025,25.8288,500.0,5.0095,0.1522,5.1617
1050,-253.7074,1144.3238,2.180310e-03,1.542403e+03,5.620338e+03,-0.810247,0.217346,-65.093,25.8232,500.0,5.0074,0.1681,5.1755
1051,-254.4459,1144.3238,3.926339e-03,1.176047e+03,6.278779e+03,-0.814323,0.217062,-65.1259,25.8486,500.0,5.236,0.1683,5.4043
1052,-254.0753,1144.3238,9.794988e-03,2.680733e+03,6.716804e+03,-0.811826,0.217352,-65.1138,25.8442,500.0,5.1541,0.1578,5.3119
1053,-254.2544,1144.3238,1.440929e-02,1.993480e+03,6.415430e+03,-0.806881,0.217424,-65.1106,25.838,500.0,5.2662,0.1512,5.4174
1054,-253.5175,1144.3238,2.967309e-03,2.686758e+03,6.048009e+03,-0.806684,0.217442,-65.0941,25.8282,500.0,5.5352,0.1824,5.7176
1055,-253.8839,1144.3238,3.728003e-03,2.626526e+03,6.242720e+03,-0.811842,0.217418,-65.1018,25.8432,500.0,5.678,0.254,5.9321
1056,-254.3595,1144.3238,4.415796e-03,1.274517e+03,6.140717e+03,-0.808605,0.217448,-65.109,25.8423,500.0,5.1698,0.1619,5.3316
1057,-254.0711,1144.3238,3.618272e-03,2.634908e+03,5.832632e+03,-0.805811,0.217474,-65.0976,25.829,500.0,5.1832,0.1563,5.3395
1058,-253.8845,1144.3238,3.156276e-03,3.269107e+03,6.316994e+03,-0.80878,0.217442,-65.1165,25.8336,500.0,5.3027,0.1472,5.4499
1059,-254.5563,1144.3238,1.106618e-02,2.498814e+03,5.715686e+03,-0.802639,0.217552,-65.1261,25.8529,500.0,5.3486,0.2199,5.5685
1060,-254.3924,1144.3238,2.550932e-03,1.792910e+03,6.420132e+03,-0.817861,0.21732,-65.129,25.8487,500.0,5.2793,0.1662,5.4455
1061,-254.7763,1144.3238,3.729179e-03,1.352510e+03,6.557278e+03,-0.808434,0.217448,-65.1397,25.8605,500.0,5.1642,0.1574,5.3216
1062,-254.252,1144.3238,6.492408e-02,1.931127e+03,6.466669e+03,-0.793355,0.218247,-65.1282,25.8479,500.0,5.2825,0.2287,5.5112
1063,-254.3894,1144.3238,6.851442e-03,2.582324e+03,6.071907e+03,-0.771333,0.218847,-65.1511,25.8589,500.0,5.1796,0.1449,5.3244
1064,-254.418,1144.3238,2.892689e-03,1.526875e+03,6.475212e+03,-0.756952,0.219553,-65.1379,25.8542,500.0,5.2961,0.151,5.4472
1065,-253.7557,1144.3238,6.291400e-03,3.549563e+03,5.944926e+03,-0.756152,0.219647,-65.121,25.8372,500.0,5.6141,0.148,5.7621
1066,-254.1036,1144.3238,4.052245e-03,1.608528e+03,6.358890e+03,-0.757395,0.219647,-65.1469,25.8549,500.0,5.2508,0.1563,5.4072
1067,-253.9889,1144.3238,4.007528e-02,2.298669e+03,6.763677e+03,-0.749208,0.220021,-65.154,25.8515,500.0,5.2912,0.2184,5.5095
1068,-254.1515,1144.3238,6.653850e-03,2.356191e+03,6.936895e+03,-0.753293,0.219671,-65.1319,25.8506,500.0,5.2464,0.1941,5.4406
1069,-253.9512,1144.3238,2.343691e-03,1.305924e+03,7.291868e+03,-0.751325,0.219926,-65.1295,25.8483,500.0,5.4457,0.1877,5.6334
1070,-254.3623,1144.3238,3.614421e-03,2.545214e+03,6.077895e+03,-0.751034,0.219672,-65.1295,25.8504,500.0,5.4236,0.1771,5.6007
1071,-253.582,1144.3238,4.366362e-03,2.752600e+03,7.276156e+03,-0.754892,0.219665,-65.1215,25.8284,500.0,5.2754,0.1642,5.4396
1072,-254.4129,1144.3238,4.393520e-03,4.798011e+03,6.749749e+03,-0.756612,0.219553,-65.1427,25.866,500.0,4.975,0.1641,5.1391
1073,-254.2336,1144.3238,3.360709e-03,2.130455e+03,6.466689e+03,-0.747732,0.219933,-65.121,25.8487,500.0,5.257,0.1585,5.4155
1074,-253.7906,1144.3238,4.635174e-03,3.441601e+03,5.815202e+03,-0.748019,0.220021,-65.1193,25.8339,500.0,5.193,0.168,5.361
1075,-253.9939,1144.3238,1.955641e-03,2.381522e+03,5.736521e+03,-0.735239,0.220176,-65.1132,25.8318,500.0,5.1949,0.1526,5.3475
1076,-254.5217,1144.3238,3.176483e-03,2.368988e+03,5.854965e+03,-0.743915,0.220059,-65.135,25.8579,500.0,5.0913,0.2867,5.378
1077,-254.2612,1144.3238,3.570827e-03,1.803471e+03,6.140226e+03,-0.741714,0.220082,-65.1255,25.8449,500.0,5.1651,0.3114,5.4766
1078,-254.2684,1144.3238,4.131180e-03,3.481217e+03,5.565638e+03,-0.730944,0.220438,-65.1114,25.845,500.0,5.0666,0.1572,5.2239
1079,-253.7726,1144.3238,3.573445e-03,3.574647e+03,5.766870e+03,-0.737504,0.22017,-65.1121,25.8399,500.0,5.2038,0.1551,5.359
1080,-254.9073,1144.3238,2.972791e-03,1.566612e+03,6.965095e+03,-0.741124,0.220058,-65.1256,25.8587,500.0,5.2445,0.1638,5.4084
1081,-254.1466,1144.3238,3.475842e-03,3.418990e+03,6.680122e+03,-0.748474,0.21995,-65.118,25.8393,500.0,5.1852,0.1538,5.339
1082,-254.0991,1144.3238,2.639568e-03,3.329845e+03,5.909966e+03,-0.741956,0.220052,-65.1037,25.8408,500.0,5.104,0.1652,5.2692
1083,-254.6844,1144.3238,3.253741e-03,2.750623e+03,6.209896e+03,-0.742339,0.220082,-65.1309,25.8626,500.0,5.2292,0.1782,5.4074
1084,-253.8788,1144.3238,2.979656e-03,1.471236e+03,6.014555e+03,-0.748604,0.219951,-65.1099,25.8396,500.0,5.0286,0.1543,5.1829
1085,-253.875,1144.3238,2.809106e-03,2.693062e+03,6.155706e+03,-0.757813,0.219554,-65.1134,25.8432,500.0,5.0324,0.1518,5.1842
1086,-254.4335,1144.3238,8.753289e-03,3.301503e+03,6.841838e+03,-0.752176,0.219665,-65.1161,25.8392,500.0,5.1915,0.1701,5.3615
1087,-254.3528,1144.3238,3.467725e-03,3.473897e+03,6.776207e+03,-0.755771,0.219671,-65.1054,25.8555,500.0,5.3929,0.1573,5.5502
1088,-253.9701,1144.3238,8.604399e-03,1.833513e+03,5.691638e+03,-0.762175,0.219647,-65.1059,25.8404,500.0,5.2782,0.1862,5.4644
1089,-254.1262,1144.3238,2.426248e-03,1.691801e+03,6.635557e+03,-0.775236,0.219138,-65.0995,25.8344,500.0,4.9144,0.2075,5.1219
1090,-254.3878,1144.3238,4.594578e-03,2.575432e+03,6.056093e+03,-0.782279,0.218782,-65.1041,25.8446,500.0,5.0722,0.1528,5.225
1091,-254.8299,1144.3238,3.641348e-03,2.630374e+03,7.073567e+03,-0.793232,0.218368,-65.1106,25.8532,500.0,4.9702,0.1583,5.1285
1092,-253.5794,1144.3238,3.246150e-03,3.079391e+03,7.167115e+03,-0.784638,0.218724,-65.063,25.8127,500.0,5.3861,0.1499,5.536
1093,-254.1815,1144.3238,2.656758e-03,1.721064e+03,6.675167e+03,-0.785424,0.218653,-65.0902,25.8363,500.0,5.0942,0.1568,5.251
1094,-253.8006,1144.3238,2.828052e-03,3.072682e+03,6.595464e+03,-0.775381,0.218758,-65.0583,25.8174,500.0,5.1032,0.1609,5.2641
1095,-254.1097,1144.3238,1.119109e-02,1.170988e+03,6.783220e+03,-0.765143,0.219154,-65.0653,25.8263,500.0,5.0636,0.1577,5.2213
1096,-253.8579,1144.3238,3.676580e-03,3.027662e+03,6.844282e+03,-0.761584,0.21916,-65.069,25.8121,500.0,5.1698,0.1877,5.3575
1097,-253.6484,1144.3238,2.390862e-03,1.585271e+03,6.550523e+03,-0.759935,0.219231,-65.0659,25.8174,500.0,5.2778,0.1511,5.4289
1098,-254.6265,1144.3238,3.202469e-03,2.199756e+03,6.810554e+03,-0.767891,0.218869,-65.098,25.8437,500.0,4.9869,0.1523,5.1392
1099,-253.8757,1144.3238,3.582094e-03,2.021254e+03,5.745609e+03,-0.77044,0.218853,-65.1009,25.835,500.0,4.9577,0.1518,5.1096
1100,-254.4213,1144.3238,3.017895e-03,2.737397e+03,6.559373e+03,-0.777848,0.21872,-65.1035,25.8445,500.0,5.3587,0.2128,5.5715
1101,-253.9097,1144.3238,2.785786e-03,3.231766e+03,6.582436e+03,-0.766139,0.218847,-65.0819,25.8254,500.0,5.1783,0.1884,5.3667
1102,-253.9163,1144.3238,3.867059e-03,2.873427e+03,7.243731e+03,-0.770092,0.218846,-65.0844,25.8305,500.0,5.0954,0.1621,5.2574
1103,-253.338,1144.3238,2.000338e-03,3.787357e+03,6.792910e+03,-0.762492,0.219231,-65.041,25.8074,500.0,5.1606,0.1648,5.3254
1104,-254.1533,1144.3238,2.676043e-03,2.778595e+03,6.537847e+03,-0.761734,0.219161,-65.0656,25.8274,500.0,5.2111,0.1474,5.3585
1105,-254.1503,1144.3238,2.982451e-03,2.815519e+03,6.385892e+03,-0.776956,0.218654,-65.0642,25.8299,500.0,5.4107,0.1657,5.5764
1106,-254.4085,1144.3238,7.520670e-03,1.571004e+03,6.641557e+03,-0.781375,0.218362,-65.0692,25.8306,500.0,5.1191,0.1655,5.2846
1107,-254.6986,1144.3238,9.297208e-03,1.975510e+03,6.102132e+03,-0.769507,0.218774,-65.0798,25.8392,500.0,5.1828,0.218,5.4008
1108,-253.8131,1144.3238,1.057731e-02,2.337217e+03,5.982193e+03,-0.748784,0.219642,-65.0631,25.823,500.0,4.9225,0.1913,5.1138
1109,-254.2051,1144.3238,3.376091e-03,1.452785e+03,6.060022e+03,-0.75353,0.219552,-65.0728,25.8277,500.0,5.4453,0.3044,5.7497
1110,-254.3273,1144.3238,3.731701e-03,1.542152e+03,7.131708e+03,-0.740787,0.219932,-65.0594,25.8282,500.0,5.7813,0.2128,5.9942
1111,-253.6594,1144.3238,2.895870e-03,1.632533e+03,5.757824e+03,-0.73404,0.220046,-65.0547,25.8141,500.0,5.6713,0.1814,5.8527
1112,-253.6398,1144.3238,2.159146e-03,2.118404e+03,6.322664e+03,-0.742367,0.219649,-65.04,25.8079,500.0,5.2493,0.1534,5.4027
1113,-254.6935,1144.3238,2.837943e-03,2.729656e+03,7.135677e+03,-0.739635,0.219927,-65.0675,25.8289,500.0,5.2739,0.1512,5.425
1114,-253.417,1144.3238,4.028740e-03,1.673748e+03,6.392642e+03,-0.750718,0.219249,-65.038,25.8038,500.0,5.2743,0.2101,5.4844
1115,-254.1467,1144.3238,6.202462e-02,2.104360e+03,6.603748e+03,-0.767864,0.218744,-65.0639,25.8237,500.0,5.323,0.1967,5.5197
1116,-254.1734,1144.3238,2.782048e-03,1.620076e+03,6.053014e+03,-0.765158,0.218724,-65.0665,25.8312,500.0,5.4841,0.1569,5.641
1117,-253.5778,1144.3238,2.194215e-02,1.696272e+03,6.742949e+03,-0.762302,0.218743,-65.0354,25.8032,500.0,5.1903,0.152,5.3424
1118,-253.9307,1144.3238,2.647828e-03,2.003412e+03,6.116264e+03,-0.77076,0.218362,-65.046,25.8131,500.0,5.0916,0.1527,5.2443
1119,-254.1327,1144.3238,3.076548e-03,1.465982e+03,6.031082e+03,-0.767876,0.21863,-65.0586,25.8251,500.0,5.041,0.1516,5.1925
1120,-253.628,1144.3238,5.806053e-02,4.619719e+03,6.042189e+03,-0.758215,0.218752,-65.0535,25.8129,500.0,5.108,0.1589,5.2669
1121,-253.5372,1144.3238,3.276053e-03,1.472302e+03,6.340793e+03,-0.770365,0.218338,-65.0227,25.8028,500.0,5.4489,0.1668,5.6157
1122,-254.1406,1144.3238,3.903468e-03,1.634146e+03,6.678704e+03,-0.773323,0.218264,-65.0332,25.8176,500.0,5.4977,0.3287,5.8264
1123,-253.8003,1144.3238,3.310726e-03,1.802381e+03,6.095622e+03,-0.785584,0.217544,-65.0313,25.8035,500.0,6.17,0.2,6.37
1124,-253.9561,1144.3238,6.725426e-02,2.309716e+03,7.033830e+03,-0.794317,0.217344,-65.0415,25.8208,500.0,6.106,0.1707,6.2768
1125,-254.196,1144.3238,2.768475e-03,4.949278e+03,6.146683e+03,-0.796207,0.217064,-65.0536,25.8207,500.0,5.499,0.1538,5.6528
1126,-253.3795,1144.3238,2.500375e-03,1.719289e+03,5.732663e+03,-0.811766,0.216555,-65.0216,25.8012,500.0,5.2258,0.1679,5.3938
1127,-253.8171,1144.3238,3.905242e-03,1.611960e+03,6.107177e+03,-0.815455,0.216249,-65.0375,25.8152,500.0,5.2892,0.1517,5.4408
1128,-253.3936,1144.3238,2.585018e-03,1.723412e+03,5.771951e+03,-0.812902,0.216268,-65.0194,25.7987,500.0,4.9151,0.1568,5.0718
1129,-254.5675,1144.3238,3.740546e-03,1.423404e+03,6.234894e+03,-0.80722,0.216632,-65.0424,25.8247,500.0,5.2678,0.1645,5.4324
1130,-253.7186,1144.3238,7.517147e-03,1.715475e+03,5.938553e+03,-0.814711,0.216243,-65.0234,25.804,500.0,5.1753,0.1685,5.3438
1131,-253.7228,1144.3238,2.847619e-03,2.100346e+03,5.467367e+03,-0.801449,0.216942,-65.0226,25.807,500.0,5.2633,0.1563,5.4196
1132,-254.2785,1144.3238,9.348121e-02,2.584056e+03,5.894930e+03,-0.78902,0.217418,-65.0464,25.8122,500.0,5.1912,0.2015,5.3926
1133,-254.2762,1144.3238,3.055434e-03,2.049103e+03,6.946576e+03,-0.797084,0.217033,-65.045,25.8218,500.0,5.2329,0.2101,5.443
1134,-254.2777,1144.3238,2.405460e-03,5.399427e+03,6.634744e+03,-0.811379,0.216537,-65.0551,25.8194,500.0,5.2368,0.1599,5.3967
1135,-253.6898,1144.3238,2.009506e-03,1.785851e+03,6.088301e+03,-0.797455,0.217032,-65.0416,25.8095,500.0,5.2499,0.1616,5.4114
1136,-254.3824,1144.3238,4.871414e-03,2.781008e+03,6.552947e+03,-0.789235,0.217328,-65.0601,25.8269,500.0,5.8375,0.2115,6.049
1137,-254.4195,1144.3238,3.440479e-03,2.390182e+03,6.405401e+03,-0.783684,0.217422,-65.0663,25.8362,500.0,5.2002,0.2772,5.4775
1138,-254.0052,1144.3238,3.008504e-03,2.667918e+03,5.554865e+03,-0.773505,0.217568,-65.0386,25.8107,500.0,5.3069,0.2191,5.526
1139,-253.9809,1144.3238,2.224796e-03,3.673832e+03,6.218864e+03,-0.767258,0.217927,-65.0549,25.827,500.0,5.1902,0.2517,5.4419
1140,-254.303,1144.3238,3.431148e-03,1.540354e+03,5.811540e+03,-0.769422,0.217926,-65.042,25.8199,500.0,5.2629,0.1505,5.4134
1141,-254.1529,1144.3238,5.038495e-03,2.973892e+03,5.792346e+03,-0.767761,0.21795,-65.0472,25.8185,500.0,5.107,0.2233,5.3303
1142,-254.4876,1144.3238,4.444039e-03,1.621572e+03,6.843851e+03,-0.770858,0.217932,-65.0616,25.8265,500.0,5.3379,0.1443,5.4822
1143,-253.9339,1144.3238,8.158781e-03,1.723952e+03,6.437723e+03,-0.773083,0.217932,-65.0359,25.8058,500.0,5.2504,0.1413,5.3917
1144,-253.949,1144.3238,2.229743e-03,2.235780e+03,7.282804e+03,-0.778305,0.217569,-65.0414,25.8098,500.0,5.2495,0.2136,5.463
1145,-253.7816,1144.3238,3.230983e-03,2.869036e+03,6.696235e+03,-0.780885,0.217479,-65.0464,25.8227,500.0,5.3229,0.2168,5.5397
1146,-253.7051,1144.3238,1.000146e-02,1.871496e+03,5.856829e+03,-0.794154,0.217322,-65.0248,25.8088,500.0,5.4296,0.1505,5.5801
1147,-254.2195,1144.3238,2.623034e-03,1.657480e+03,6.457949e+03,-0.784671,0.217448,-65.0398,25.8225,500.0,5.1323,0.1461,5.2784
1148,-253.9266,1144.3238,2.300467e-03,2.000845e+03,5.522460e+03,-0.778008,0.21755,-65.023,25.8097,500.0,5.2487,0.1393,5.388
1149,-254.2814,1144.3238,6.500215e-03,1.200749e+03,6.228157e+03,-0.774705,0.217552,-65.0391,25.8187,500.0,5.2197,0.1451,5.3647
1150,-254.3579,1144.3238,1.598021e-02,2.085601e+03,6.989590e+03,-0.773035,0.217575,-65.0303,25.8154,500.0,5.3498,0.1872,5.537
1151,-253.4011,1144.3238,4.151254e-03,1.786790e+03,6.112798e+03,-0.781363,0.217448,-65.0118,25.7936,500.0,5.3287,0.1544,5.483
1152,-253.8653,1144.3238,2.624836e-03,2.564532e+03,5.961072e+03,-0.773877,0.217569,-65.0137,25.8084,500.0,5.2769,0.1598,5.4368
1153,-254.4277,1144.3238,5.797555e-03,2.710413e+03,6.721392e+03,-0.771684,0.217838,-65.0189,25.8149,500.0,5.215,0.1525,5.3675
1154,-254.0668,1144.3238,2.835137e-03,2.593322e+03,6.355190e+03,-0.763575,0.218265,-65.0075,25.8086,500.0,5.171,0.1521,5.3232
1155,-253.5946,1144.3238,2.598667e-02,3.648092e+03,5.483960e+03,-0.75486,0.218625,-65.0006,25.797,500.0,5.2147,0.1452,5.3599
1156,-253.8241,1144.3238,2.929940e-03,4.064799e+03,5.873159e+03,-0.744749,0.218847,-65.0017,25.8046,500.0,5.2582,0.1606,5.4187
1157,-253.2076,1144.3238,5.485679e-03,2.229192e+03,6.711889e+03,-0.749969,0.21875,-64.9933,25.7869,500.0,5.2612,0.1457,5.407
1158,-253.6426,1144.3238,5.720371e-03,3.015475e+03,6.169910e+03,-0.748067,0.218776,-64.9921,25.7973,500.0,5.1667,0.16,5.3267
1159,-253.6483,1144.3238,3.043903e-03,1.937383e+03,6.392816e+03,-0.748064,0.21878,-64.9939,25.7972,500.0,5.2026,0.2122,5.4148
1160,-254.3504,1144.3238,3.455079e-03,2.835932e+03,6.518549e+03,-0.749844,0.218774,-65.0154,25.81,500.0,5.4984,0.1521,5.6504
1161,-253.7828,1144.3238,3.518899e-03,2.446985e+03,6.221512e+03,-0.751801,0.218744,-64.9974,25.8013,500.0,5.2971,0.1643,5.4615
1162,-253.9616,1144.3238,3.930035e-03,1.128030e+03,6.113646e+03,-0.746492,0.21875,-64.986,25.7963,500.0,5.2854,0.159,5.4444
1163,-254.0463,1144.3238,3.386053e-03,3.471153e+03,6.925911e+03,-0.741706,0.21913,-65.0046,25.8053,500.0,5.1812,0.172,5.3532
1164,-254.5587,1144.3238,9.411499e-03,1.607018e+03,6.768442e+03,-0.737611,0.219162,-65.0208,25.8182,500.0,5.2655,0.1553,5.4208
1165,-254.1901,1144.3238,3.058191e-03,1.455804e+03,6.496179e+03,-0.719461,0.219956,-65.0203,25.8089,500.0,5.3994,0.1716,5.571
1166,-253.9741,1144.3238,3.920027e-03,2.628665e+03,7.481692e+03,-0.719391,0.220022,-64.9991,25.808,500.0,5.4205,0.2007,5.6212
1167,-254.0232,1144.3238,3.438239e-03,2.708834e+03,6.073621e+03,-0.722571,0.219666,-65.0031,25.8036,500.0,5.2431,0.1546,5.3977
1168,-253.4727,1144.3238,5.035295e-03,2.134955e+03,6.641144e+03,-0.719447,0.220045,-64.9812,25.7868,500.0,5.276,0.1585,5.4344
1169,-253.7619,1144.3238,3.101103e-03,2.268034e+03,7.036810e+03,-0.727559,0.219926,-64.9839,25.7937,500.0,4.8716,0.165,5.0366
1170,-254.0506,1144.3238,5.515479e-03,2.500638e+03,6.286110e+03,-0.730782,0.219649,-64.9972,25.8014,500.0,5.3761,0.243,5.6191
1171,-254.2165,1144.3238,3.096113e-03,5.067856e+03,6.399979e+03,-0.729658,0.219641,-65.0051,25.8104,500.0,5.0953,0.2097,5.3049
1172,-253.9888,1144.3238,5.735357e-03,2.509369e+03,6.504622e+03,-0.721601,0.220026,-64.9975,25.8045,500.0,5.2318,0.1706,5.4024
1173,-254.0104,1144.3238,4.130814e-03,1.819599e+03,7.365100e+03,-0.701222,0.22055,-64.983,25.7954,500.0,5.292,0.1537,5.4457
1174,-254.2534,1144.3238,6.687796e-03,2.988869e+03,5.785997e+03,-0.689404,0.22123,-64.9934,25.7995,500.0,5.4471,0.1863,5.6334
1175,-254.7617,1144.3238,6.052227e-03,2.442649e+03,6.269779e+03,-0.680984,0.221362,-65.013,25.8194,500.0,5.1965,0.1564,5.3529
1176,-253.2405,1144.3238,4.515669e-03,2.511854e+03,6.744762e+03,-0.672522,0.221736,-64.9868,25.7824,500.0,5.1398,0.2104,5.3501
1177,-254.0193,1144.3238,5.764527e-03,1.514922e+03,7.151878e+03,-0.675947,0.221385,-64.9905,25.7973,500.0,5.2716,0.163,5.4345
1178,-253.2563,1144.3238,2.697068e-03,2.229278e+03,7.103849e+03,-0.673056,0.221448,-64.9967,25.7875,500.0,5.2547,0.239,5.4937
1179,-253.8265,1144.3238,2.587691e-03,2.055501e+03,6.383005e+03,-0.671503,0.221385,-65.016,25.8061,500.0,5.2882,0.1562,5.4444
1180,-254.3733,1144.3238,2.716752e-03,2.661995e+03,5.726977e+03,-0.665004,0.221737,-65.0167,25.816,500.0,5.1335,0.1568,5.2903
1181,-253.5336,1144.3238,4.071877e-03,1.891228e+03,6.555290e+03,-0.681449,0.221254,-65.0018,25.7964,500.0,5.1952,0.1559,5.351
1182,-253.8441,1144.3238,4.471123e-02,3.087940e+03,6.653248e+03,-0.672801,0.221448,-64.9993,25.7931,500.0,5.1109,0.1613,5.2723
1183,-253.8498,1144.3238,2.304134e-02,3.849846e+03,6.108515e+03,-0.683526,0.221258,-65.0056,25.808,500.0,5.3159,0.1653,5.4812
1184,-253.6077,1144.3238,8.093184e-03,1.683166e+03,6.150892e+03,-0.670492,0.221736,-64.9836,25.7912,500.0,5.1589,0.1499,5.3088
1185,-254.0662,1144.3238,4.555434e-03,2.333404e+03,6.484004e+03,-0.673784,0.221474,-64.9963,25.8032,500.0,5.3776,0.1619,5.5395
1186,-253.8285,1144.3238,2.835358e-03,2.288792e+03,6.924099e+03,-0.671669,0.221732,-64.9927,25.8051,500.0,5.2633,0.1588,5.422
1187,-253.3016,1144.3238,3.173544e-03,3.581589e+03,6.454200e+03,-0.670094,0.221825,-64.9573,25.7781,500.0,5.0762,0.202,5.2782
1188,-253.8889,1144.3238,3.517352e-02,2.561626e+03,5.946470e+03,-0.66853,0.221831,-64.9851,25.7886,500.0,5.3539,0.149,5.5028
1189,-254.1715,1144.3238,2.305067e-03,2.410766e+03,6.174228e+03,-0.666833,0.222156,-64.99,25.803,500.0,5.1755,0.158,5.3335
1190,-254.2204,1144.3238,3.234964e-03,3.074887e+03,6.459672e+03,-0.661047,0.222532,-64.991,25.8033,500.0,5.1388,0.1513,5.2902
1191,-253.9514,1144.3238,3.227317e-03,2.983726e+03,6.297784e+03,-0.676448,0.221755,-64.9744,25.7963,500.0,5.2416,0.2148,5.4564
1192,-253.4451,1144.3238,5.304269e-03,2.710291e+03,6.684511e+03,-0.674904,0.221831,-64.9751,25.7864,500.0,5.0977,0.1629,5.2606
1193,-253.5796,1144.3238,1.820035e-02,1.932540e+03,5.821920e+03,-0.671462,0.222163,-64.9614,25.7848,500.0,5.1922,0.1592,5.3514
1194,-253.894,1144.3238,7.243834e-03,2.502719e+03,6.517328e+03,-0.679613,0.221831,-64.9711,25.7933,500.0,5.0886,0.16,5.2486
1195,-253.6156,1144.3238,3.764172e-02,3.542481e+03,6.140360e+03,-0.689787,0.221385,-64.9584,25.7822,500.0,5.2826,0.2852,5.5678
1196,-253.9311,1144.3238,6.147459e-03,2.014665e+03,6.101508e+03,-0.676609,0.221847,-64.9548,25.7844,500.0,5.2542,0.1502,5.4044
1197,-254.0352,1144.3238,3.977384e-03,2.070401e+03,6.521688e+03,-0.68248,0.221472,-64.9642,25.7911,500.0,4.958,0.2706,5.2285
1198,-253.5632,1144.3238,3.475260e-03,3.179945e+03,6.509975e+03,-0.67685,0.221761,-64.9493,25.7773,500.0,5.2295,0.1555,5.385
1199,-253.2037,1144.3238,4.702109e-03,2.549170e+03,5.433820e+03,-0.66335,0.222538,-64.9462,25.7691,500.0,5.2586,0.1562,5.4149
1200,-253.4198,1144.3238,2.757854e-03,2.135505e+03,6.646348e+03,-0.652663,0.222779,-64.9517,25.7716,500.0,5.0697,0.1755,5.2453
1201,-253.0509,1144.3238,2.271482e-03,1.391128e+03,6.512784e+03,-0.667517,0.222281,-64.9389,25.7674,500.0,5.3243,0.1703,5.4947
1202,-253.272,1144.3238,7.418178e-03,2.299115e+03,6.744887e+03,-0.659511,0.222633,-64.9561,25.7696,500.0,5.1825,0.1551,5.3376
1203,-253.5408,1144.3238,3.443803e-03,2.147416e+03,6.444667e+03,-0.647303,0.223061,-64.9606,25.7809,500.0,4.9776,0.1563,5.1339
1204,-253.6637,1144.3238,3.477854e-03,2.643002e+03,6.384642e+03,-0.648252,0.223037,-64.9757,25.7911,500.0,5.0473,0.2764,5.3237
1205,-253.5676,1144.3238,1.654586e-01,3.488590e+03,7.487088e+03,-0.63189,0.22384,-64.9566,25.7747,500.0,5.0882,0.1649,5.2531
1206,-254.2314,1144.3238,4.458787e-03,5.206917e+03,6.986606e+03,-0.636753,0.223562,-64.9923,25.8025,500.0,5.2369,0.1652,5.4021
1207,-253.8338,1144.3238,4.264195e-03,1.651438e+03,6.746207e+03,-0.6359,0.223858,-64.975,25.7934,500.0,5.3171,0.1648,5.4819
1208,-253.4934,1144.3238,3.116193e-03,1.687981e+03,6.207207e+03,-0.650323,0.223037,-64.9629,25.7823,500.0,5.1474,0.2407,5.388
1209,-253.4555,1144.3238,5.805313e-03,2.273334e+03,6.688369e+03,-0.664305,0.22265,-64.9559,25.787,500.0,5.1627,0.1603,5.323
1210,-254.0086,1144.3238,9.576440e-03,2.880753e+03,6.565780e+03,-0.663355,0.222655,-64.9536,25.7841,500.0,5.2496,0.2693,5.5189
1211,-253.6837,1144.3238,4.224770e-03,1.775375e+03,7.011457e+03,-0.665663,0.222627,-64.959,25.7837,500.0,5.2551,0.1526,5.4077
1212,-253.9387,1144.3238,7.410060e-03,5.836122e+03,7.398771e+03,-0.663809,0.22265,-64.9684,25.7884,500.0,5.145,0.156,5.301
1213,-253.1317,1144.3238,5.099116e-03,3.504582e+03,6.484544e+03,-0.671197,0.222533,-64.9419,25.7723,500.0,5.0508,0.1585,5.2092
1214,-253.8868,1144.3238,4.006914e-03,2.338083e+03,7.114009e+03,-0.663441,0.22265,-64.9731,25.7948,500.0,5.052,0.2018,5.2538
1215,-253.9668,1144.3238,3.226824e-03,3.653064e+03,7.243792e+03,-0.668124,0.222555,-64.9604,25.7845,500.0,5.0005,0.151,5.1515
1216,-253.9294,1144.3238,4.297199e-03,3.181061e+03,6.131834e+03,-0.67919,0.222158,-64.9711,25.7949,500.0,5.1595,0.1594,5.3189
1217,-253.415,1144.3238,2.926720e-03,1.886183e+03,6.471012e+03,-0.661134,0.222681,-64.9524,25.7773,500.0,5.1515,0.1652,5.3166
1218,-253.967,1144.3238,3.173740e-03,2.732602e+03,7.167345e+03,-0.662782,0.222648,-64.9636,25.7932,500.0,5.1093,0.2469,5.3563
1219,-253.8787,1144.3238,9.339821e-03,3.238028e+03,6.899363e+03,-0.664236,0.222654,-64.9518,25.7855,500.0,5.229,0.1668,5.3958
1220,-253.7314,1144.3238,3.103982e-03,2.903565e+03,7.168402e+03,-0.663499,0.22265,-64.9542,25.7852,500.0,5.3012,0.1542,5.4555
1221,-253.0016,1144.3238,5.257552e-03,2.195106e+03,6.737057e+03,-0.668578,0.222557,-64.9111,25.7583,500.0,5.5247,0.1581,5.6828
1222,-253.2899,1144.3238,3.290517e-03,2.827085e+03,7.010473e+03,-0.662616,0.222649,-64.9207,25.7721,500.0,5.4148,0.1615,5.5762
1223,-253.5903,1144.3238,4.151662e-02,1.646865e+03,6.178783e+03,-0.655177,0.222773,-64.9196,25.7709,500.0,5.2266,0.1618,5.3884
1224,-253.439,1144.3238,1.313457e-02,1.944485e+03,5.711038e+03,-0.65339,0.222756,-64.9032,25.7581,500.0,5.2908,0.1563,5.4471
1225,-253.2324,1144.3238,3.489510e-03,2.772622e+03,6.644241e+03,-0.647003,0.223053,-64.9099,25.753,500.0,5.0641,0.1646,5.2287
1226,-253.5253,1144.3238,3.669501e-03,3.532045e+03,7.764710e+03,-0.636528,0.223578,-64.9245,25.767,500.0,5.514,0.1897,5.7037
1227,-253.2149,1144.3238,2.780886e-03,4.860057e+03,6.709688e+03,-0.643422,0.223146,-64.9222,25.7601,500.0,5.126,0.1538,5.2798
1228,-253.7966,1144.3238,4.350115e-03,2.924488e+03,6.305725e+03,-0.655647,0.222681,-64.9287,25.7715,500.0,5.257,0.1631,5.4201
1229,-253.7109,1144.3238,2.714266e-03,2.981462e+03,6.860100e+03,-0.653494,0.222773,-64.9384,25.7752,500.0,5.1612,0.1683,5.3295
1230,-253.3601,1144.3238,3.966774e-03,2.765734e+03,6.808019e+03,-0.65947,0.22268,-64.9277,25.7709,500.0,5.0818,0.1811,5.2628
1231,-253.1943,1144.3238,5.066620e-02,3.117848e+03,6.735330e+03,-0.655615,0.222757,-64.9194,25.7637,500.0,5.2884,0.1657,5.4541
1232,-253.4759,1144.3238,4.911567e-03,1.455624e+03,6.591304e+03,-0.652958,0.223054,-64.9017,25.761,500.0,5.3641,0.1567,5.5208
1233,-253.7929,1144.3238,4.353610e-03,3.059790e+03,6.769905e+03,-0.644558,0.223467,-64.9226,25.7661,500.0,5.1798,0.2079,5.3878
1234,-253.2764,1144.3238,4.201182e-03,2.299300e+03,7.572072e+03,-0.640496,0.223556,-64.9347,25.7673,500.0,5.1097,0.1662,5.2759
1235,-253.7564,1144.3238,4.928938e-03,1.262746e+03,6.778689e+03,-0.64574,0.223467,-64.9342,25.7788,500.0,5.2768,0.1621,5.4389
1236,-253.1141,1144.3238,3.830241e-03,2.765809e+03,6.730631e+03,-0.653595,0.223129,-64.9215,25.7582,500.0,5.3808,0.2144,5.5952
1237,-253.0646,1144.3238,1.809786e-02,2.107659e+03,7.257188e+03,-0.650387,0.223154,-64.9105,25.7551,500.0,5.222,0.1468,5.3688
1238,-253.8351,1144.3238,8.103564e-03,3.341808e+03,6.474922e+03,-0.657318,0.223123,-64.9272,25.7714,500.0,5.3618,0.1615,5.5233
1239,-253.7109,1144.3238,2.896717e-03,2.231104e+03,6.404150e+03,-0.648606,0.223555,-64.9436,25.7764,500.0,5.1407,0.1537,5.2944
1240,-253.4579,1144.3238,2.338024e-03,2.260897e+03,5.852700e+03,-0.659464,0.223031,-64.943,25.7753,500.0,5.1433,0.162,5.3052
1241,-253.2227,1144.3238,3.897022e-02,2.110502e+03,7.856648e+03,-0.667104,0.222687,-64.9311,25.77,500.0,5.2444,0.3383,5.5827
1242,-253.6601,1144.3238,2.673336e-03,2.006404e+03,6.957555e+03,-0.670613,0.222663,-64.9263,25.7771,500.0,5.3529,0.1497,5.5026
1243,-253.5393,1144.3238,8.393254e-03,2.304943e+03,6.906395e+03,-0.674438,0.22265,-64.9223,25.7698,500.0,5.4609,0.1642,5.6251
1244,-253.1117,1144.3238,2.877179e-03,2.523699e+03,6.769497e+03,-0.66173,0.223037,-64.907,25.7578,500.0,5.338,0.1717,5.5097
1245,-253.8534,1144.3238,3.301915e-03,4.434990e+03,6.701371e+03,-0.675141,0.22268,-64.9236,25.7755,500.0,5.1735,0.204,5.3775
1246,-253.6618,1144.3238,3.115071e-03,3.278030e+03,6.911571e+03,-0.678804,0.222632,-64.9325,25.7734,500.0,5.3184,0.1599,5.4782
1247,-253.1406,1144.3238,2.561912e-03,2.213700e+03,6.837588e+03,-0.675929,0.222625,-64.9058,25.7553,500.0,5.2772,0.1992,5.4764
1248,-253.746,1144.3238,4.562268e-03,2.675789e+03,6.801262e+03,-0.673034,0.222658,-64.9146,25.7708,500.0,5.1626,0.1501,5.3126
1249,-253.4286,1144.3238,5.142654e-03,2.645626e+03,6.919565e+03,-0.669466,0.222751,-64.9155,25.7667,500.0,5.2748,0.1672,5.4421
1250,-253.8491,1144.3238,3.714674e-03,2.184858e+03,6.510891e+03,-0.67352,0.222662,-64.9096,25.7696,500.0,5.2824,0.1477,5.4301
1251,-253.7693,1144.3238,5.433903e-03,2.365653e+03,6.593287e+03,-0.666715,0.222752,-64.9088,25.7673,500.0,5.2237,0.1446,5.3683
1252,-253.6481,1144.3238,3.621464e-03,1.559830e+03,6.704932e+03,-0.670691,0.22268,-64.9125,25.765,500.0,5.1984,0.1492,5.3477
1253,-253.4002,1144.3238,1.666301e-02,2.753384e+03,6.782288e+03,-0.655487,0.223129,-64.8949,25.7607,500.0,5.2234,0.1527,5.3761
1254,-253.894,1144.3238,3.286175e-03,3.693096e+03,6.407926e+03,-0.640061,0.223859,-64.9202,25.779,500.0,5.3515,0.2364,5.5879
1255,-253.79,1144.3238,4.261246e-03,2.287992e+03,6.162893e+03,-0.63306,0.223958,-64.8981,25.769,500.0,5.2536,0.1554,5.409
1256,-252.8638,1144.3238,3.567113e-03,1.688070e+03,6.853884e+03,-0.6435,0.223555,-64.8742,25.7397,500.0,5.4496,0.1622,5.6118
1257,-253.5613,1144.3238,3.414307e-03,3.385833e+03,7.092708e+03,-0.637494,0.223584,-64.8924,25.7551,500.0,5.2957,0.1997,5.4954
1258,-253.26,1144.3238,3.678892e-03,2.478821e+03,6.579955e+03,-0.631862,0.223935,-64.9111,25.7633,500.0,5.2246,0.1617,5.3863
1259,-253.2202,1144.3238,3.324686e-03,1.879902e+03,6.855462e+03,-0.636084,0.223585,-64.895,25.7522,500.0,5.2387,0.1827,5.4214
1260,-253.501,1144.3238,1.493195e-02,1.631439e+03,7.163058e+03,-0.637065,0.223841,-64.9134,25.7677,500.0,5.3844,0.1633,5.5477
1261,-253.5196,1144.3238,3.494172e-03,1.434828e+03,6.181227e+03,-0.627215,0.223935,-64.9138,25.7616,500.0,5.2686,0.1538,5.4223
1262,-252.9276,1144.3238,4.813557e-03,1.960268e+03,6.689945e+03,-0.627346,0.223958,-64.8909,25.7484,500.0,5.1881,0.1541,5.3423
1263,-253.9442,1144.3238,2.752509e-03,2.690856e+03,6.695051e+03,-0.620494,0.224082,-64.9168,25.769,500.0,5.1276,0.2315,5.3591
1264,-254.0634,1144.3238,3.190272e-03,2.376627e+03,6.906035e+03,-0.625614,0.224059,-64.9363,25.7783,500.0,5.2892,0.1608,5.4499
1265,-253.9616,1144.3238,6.089269e-03,2.200099e+03,7.198767e+03,-0.626279,0.22408,-64.9309,25.7812,500.0,5.1678,0.2221,5.3899
1266,-253.2436,1144.3238,4.004164e-03,1.939997e+03,6.833795e+03,-0.623041,0.224422,-64.9021,25.7658,500.0,5.1676,0.1652,5.3328
1267,-253.5697,1144.3238,3.487638e-03,3.139823e+03,6.340078e+03,-0.63301,0.223965,-64.8993,25.7618,500.0,5.4354,0.2254,5.6608
1268,-253.1528,1144.3238,3.363690e-03,2.220746e+03,6.610015e+03,-0.616614,0.224789,-64.8821,25.747,500.0,5.0751,0.2677,5.3428
1269,-252.8405,1144.3238,4.137565e-03,3.646491e+03,7.081152e+03,-0.601549,0.225268,-64.8762,25.7386,500.0,5.0439,0.2141,5.258
1270,-253.383,1144.3238,3.747196e-03,2.198923e+03,6.379596e+03,-0.609482,0.225237,-64.8991,25.754,500.0,5.1781,0.1959,5.3741
1271,-253.3748,1144.3238,6.680682e-03,4.269228e+03,7.349081e+03,-0.616918,0.224866,-64.897,25.7587,500.0,5.1012,0.2795,5.3807
1272,-253.0053,1144.3238,4.230450e-03,2.696289e+03,7.689587e+03,-0.621829,0.224772,-64.8853,25.7554,500.0,5.1573,0.1519,5.3092
1273,-253.3065,1144.3238,2.766330e-03,2.298390e+03,7.248547e+03,-0.613926,0.224888,-64.8834,25.7507,500.0,5.3596,0.1626,5.5223
1274,-253.7847,1144.3238,3.901574e-03,1.982951e+03,6.755097e+03,-0.606696,0.225259,-64.8846,25.7599,500.0,5.3981,0.1459,5.544
1275,-253.7007,1144.3238,3.543624e-03,2.828201e+03,6.396753e+03,-0.622847,0.224447,-64.8872,25.7604,500.0,5.1123,0.1678,5.2802
1276,-253.3628,1144.3238,7.421250e-03,1.528145e+03,6.613926e+03,-0.624314,0.224428,-64.8776,25.7532,500.0,5.6859,0.1542,5.8402
1277,-253.226,1144.3238,4.652556e-03,2.283367e+03,6.570928e+03,-0.614463,0.22486,-64.8768,25.7438,500.0,5.3911,0.1794,5.5705
1278,-253.6355,1144.3238,4.994167e-03,1.334933e+03,6.703817e+03,-0.615839,0.224866,-64.8994,25.7629,500.0,5.3627,0.1791,5.5418
1279,-253.3792,1144.3238,3.907469e-03,2.932191e+03,6.550414e+03,-0.616218,0.224865,-64.894,25.7617,500.0,5.2578,0.1562,5.4139
1280,-253.6987,1144.3238,4.677232e-02,2.632770e+03,7.468618e+03,-0.611824,0.225231,-64.8797,25.7629,500.0,5.1356,0.1634,5.299
1281,-252.9447,1144.3238,2.249983e-02,2.854036e+03,6.466852e+03,-0.629273,0.224428,-64.8686,25.7464,500.0,5.5014,0.1594,5.6608
1282,-253.1434,1144.3238,3.892835e-03,1.301693e+03,6.752207e+03,-0.630471,0.224082,-64.8643,25.7472,500.0,5.164,0.1498,5.3138
1283,-252.9941,1144.3238,3.650985e-03,2.772357e+03,7.050563e+03,-0.625297,0.224359,-64.8569,25.7385,500.0,5.0454,0.1595,5.2049
1284,-253.1881,1144.3238,3.839030e-03,2.541415e+03,6.822246e+03,-0.628233,0.22436,-64.8597,25.7433,500.0,5.1085,0.1516,5.2601
1285,-253.3476,1144.3238,3.123853e-03,4.950042e+03,6.604254e+03,-0.630525,0.224423,-64.8553,25.7378,500.0,5.2665,0.1642,5.4307
1286,-253.609,1144.3238,6.208593e-03,1.365043e+03,6.594882e+03,-0.643353,0.223966,-64.8772,25.7505,500.0,5.2176,0.1734,5.391
1287,-253.0381,1144.3238,2.449614e-02,3.697295e+03,7.347276e+03,-0.648678,0.223865,-64.8698,25.7458,500.0,5.3207,0.16,5.4807
1288,-252.9887,1144.3238,3.292358e-03,2.364206e+03,7.149831e+03,-0.646722,0.223982,-64.8657,25.7395,500.0,6.1113,0.2046,6.3159
1289,-253.0865,1144.3238,2.315333e-02,2.289422e+03,7.819505e+03,-0.644217,0.224051,-64.8776,25.7424,500.0,6.2222,0.3279,6.5502
1290,-253.5527,1144.3238,7.825603e-03,1.768255e+03,6.887085e+03,-0.639003,0.224354,-64.8932,25.7591,500.0,5.9818,0.1752,6.157
1291,-253.3794,1144.3238,5.313700e-02,1.546684e+03,7.708725e+03,-0.634017,0.224773,-64.8903,25.7572,500.0,5.289,0.2581,5.547
1292,-253.3504,1144.3238,1.740531e-02,1.613089e+03,5.945699e+03,-0.633804,0.224859,-64.8808,25.7525,500.0,5.3311,0.1562,5.4873
1293,-253.6716,1144.3238,4.333779e-03,2.466201e+03,7.362789e+03,-0.62101,0.225261,-64.893,25.7601,500.0,5.6755,0.1474,5.8228
1294,-253.238,1144.3238,2.247758e-03,4.754340e+03,6.451716e+03,-0.617404,0.225353,-64.8928,25.7479,500.0,5.7097,0.1529,5.8626
1295,-253.9469,1144.3238,3.804348e-03,2.953286e+03,6.043514e+03,-0.615372,0.225353,-64.9214,25.7748,500.0,5.2467,0.1854,5.4321
1296,-253.4592,1144.3238,8.059023e-03,2.101457e+03,6.969969e+03,-0.620481,0.22526,-64.908,25.7673,500.0,5.3272,0.1563,5.4835
1297,-253.2919,1144.3238,3.641791e-03,3.035213e+03,6.953774e+03,-0.617977,0.225291,-64.8918,25.7565,500.0,5.0187,0.1588,5.1775
1298,-253.983,1144.3238,7.966839e-03,1.847330e+03,7.788026e+03,-0.624318,0.225236,-64.9133,25.7701,500.0,5.314,0.1614,5.4754
1299,-253.2071,1144.3238,3.094860e-03,2.452733e+03,6.661625e+03,-0.609187,0.225746,-64.8917,25.7585,500.0,5.115,0.1493,5.2643
1300,-253.2115,1144.3238,3.630079e-03,2.208397e+03,6.795665e+03,-0.606199,0.225746,-64.8941,25.7559,500.0,5.681,0.1952,5.8761
1301,-253.4772,1144.3238,2.576935e-03,6.372538e+03,6.429309e+03,-0.592266,0.226463,-64.8998,25.7626,500.0,5.3805,0.1593,5.5398
1302,-253.4948,1144.3238,4.544892e-03,2.361815e+03,7.051789e+03,-0.596061,0.2261,-64.8932,25.7624,500.0,5.4879,0.1438,5.6317
1303,-253.5667,1144.3238,1.507400e-02,2.931960e+03,7.040212e+03,-0.584184,0.226564,-64.8942,25.7585,500.0,5.1331,0.1542,5.2873
1304,-253.6928,1144.3238,3.180865e-03,1.949560e+03,5.923643e+03,-0.591261,0.226538,-64.8918,25.7614,500.0,5.3057,0.1464,5.4521
1305,-253.6891,1144.3238,3.535924e-03,3.078367e+03,6.246480e+03,-0.592906,0.226539,-64.8972,25.7702,500.0,5.1681,0.1493,5.3174
1306,-253.4411,1144.3238,3.890801e-03,3.261104e+03,6.853466e+03,-0.56304,0.22784,-64.8626,25.7468,500.0,5.0738,0.1493,5.223
1307,-253.3227,1144.3238,3.974007e-03,1.892397e+03,6.304282e+03,-0.561595,0.227863,-64.8666,25.7486,500.0,5.1014,0.1553,5.2567
1308,-253.0798,1144.3238,1.957672e-02,2.250592e+03,7.843589e+03,-0.55755,0.227895,-64.8469,25.7366,500.0,5.1756,0.148,5.3236
1309,-252.8968,1144.3238,3.254487e-03,2.485647e+03,6.425652e+03,-0.566943,0.227834,-64.8579,25.7429,500.0,5.2421,0.1452,5.3873
1310,-252.7223,1144.3238,4.680394e-02,2.232813e+03,6.422210e+03,-0.569028,0.227836,-64.8475,25.7274,500.0,5.1659,0.1456,5.3115
1311,-253.657,1144.3238,4.369645e-03,1.795004e+03,6.277228e+03,-0.573161,0.227496,-64.873,25.7521,500.0,5.2863,0.1512,5.4375
1312,-253.3904,1144.3238,4.425271e-03,1.986647e+03,6.810312e+03,-0.57709,0.227468,-64.8525,25.7447,500.0,5.2684,0.1676,5.436
1313,-253.8523,1144.3238,2.736796e-03,2.656283e+03,6.344024e+03,-0.564651,0.227865,-64.8596,25.7495,500.0,5.2143,0.2453,5.4596
1314,-253.5568,1144.3238,4.294198e-03,2.022894e+03,6.132110e+03,-0.573184,0.227498,-64.8623,25.7498,500.0,5.1304,0.1547,5.2851
1315,-253.1093,1144.3238,2.096531e-03,1.278495e+03,6.380729e+03,-0.559207,0.227893,-64.8493,25.7369,500.0,5.0803,0.1538,5.2341
1316,-253.3139,1144.3238,2.788127e-03,2.861944e+03,6.848858e+03,-0.558604,0.227895,-64.8533,25.7443,500.0,5.2952,0.1884,5.4836
1317,-252.8717,1144.3238,4.870548e-03,2.888134e+03,7.202902e+03,-0.556011,0.22798,-64.8391,25.7298,500.0,5.1443,0.2954,5.4396
1318,-252.9713,1144.3238,2.315786e-03,2.025148e+03,6.897598e+03,-0.570118,0.227744,-64.8402,25.7308,500.0,5.1496,0.1549,5.3046
1319,-252.7615,1144.3238,5.130952e-03,1.673614e+03,6.355613e+03,-0.589624,0.226936,-64.8345,25.7276,500.0,5.2337,0.2003,5.4339
1320,-253.3326,1144.3238,1.203762e-02,1.653836e+03,7.055912e+03,-0.595745,0.226936,-64.8454,25.7431,500.0,5.1818,0.1678,5.3496
1321,-252.874,1144.3238,3.172568e-03,1.692367e+03,6.111696e+03,-0.590796,0.227051,-64.8258,25.7282,500.0,5.4766,0.3107,5.7874
1322,-253.316,1144.3238,3.483399e-03,1.504740e+03,6.721748e+03,-0.577969,0.227834,-64.8336,25.7362,500.0,5.1625,0.1606,5.3231
1323,-252.9996,1144.3238,3.555885e-03,2.696381e+03,6.605853e+03,-0.588846,0.2274,-64.8336,25.7258,500.0,5.1324,0.2297,5.3621
1324,-252.8714,1144.3238,5.881408e-03,1.627228e+03,6.881644e+03,-0.57712,0.227857,-64.8273,25.7307,500.0,5.3415,0.1615,5.503
1325,-253.2809,1144.3238,5.995051e-03,3.239188e+03,6.571371e+03,-0.574167,0.227958,-64.8337,25.7431,500.0,5.2301,0.1638,5.3939
1326,-253.5462,1144.3238,3.759645e-03,1.948489e+03,7.348287e+03,-0.573196,0.227985,-64.8346,25.7447,500.0,5.0557,0.1592,5.2149
1327,-252.6191,1144.3238,4.262479e-03,2.648934e+03,7.076612e+03,-0.549826,0.229167,-64.7907,25.7086,500.0,5.1334,0.1662,5.2996
1328,-252.692,1144.3238,2.831377e-03,2.855132e+03,6.245365e+03,-0.541716,0.229196,-64.8065,25.7154,500.0,5.2794,0.1537,5.4331
1329,-253.0223,1144.3238,3.563576e-03,2.481756e+03,7.680654e+03,-0.544733,0.229172,-64.8056,25.7222,500.0,5.3978,0.172,5.5699
1330,-253.1934,1144.3238,2.535892e-03,2.054613e+03,6.784845e+03,-0.54125,0.229166,-64.8116,25.7265,500.0,5.652,0.1557,5.8078
1331,-253.8595,1144.3238,3.990972e-03,2.308444e+03,7.213116e+03,-0.526558,0.229626,-64.8217,25.7383,500.0,5.4088,0.1569,5.5657
1332,-252.8478,1144.3238,5.222350e-03,4.237782e+03,8.031899e+03,-0.527353,0.229622,-64.809,25.7236,500.0,5.2225,0.1663,5.3888
1333,-253.1054,1144.3238,4.374755e-03,3.077419e+03,7.073724e+03,-0.526949,0.229622,-64.8148,25.7307,500.0,5.4154,0.1744,5.5898
1334,-252.6879,1144.3238,1.730991e-02,1.869659e+03,6.965807e+03,-0.54167,0.229191,-64.8081,25.7231,500.0,5.2541,0.1659,5.4199
1335,-252.8523,1144.3238,1.093518e-02,1.616480e+03,6.449098e+03,-0.542105,0.229161,-64.7966,25.7136,500.0,5.172,0.2813,5.4533
1336,-252.9739,1144.3238,3.899481e-03,1.495860e+03,7.145619e+03,-0.537967,0.229191,-64.8159,25.7254,500.0,5.4403,0.1562,5.5964
1337,-253.3931,1144.3238,2.281405e-03,1.399425e+03,6.715975e+03,-0.521981,0.230105,-64.8296,25.7357,500.0,5.2598,0.1688,5.4286
1338,-253.0149,1144.3238,2.991557e-03,2.101811e+03,6.885140e+03,-0.515186,0.230348,-64.805,25.7217,500.0,5.3441,0.1644,5.5085
1339,-253.0933,1144.3238,3.162916e-03,2.235026e+03,6.645398e+03,-0.52496,0.229621,-64.8214,25.732,500.0,5.7902,0.1648,5.9549
1340,-253.1086,1144.3238,4.161199e-03,2.716603e+03,6.530602e+03,-0.522086,0.229987,-64.8212,25.7305,500.0,5.2249,0.1649,5.3897
1341,-253.389,1144.3238,3.075397e-03,1.983031e+03,6.809645e+03,-0.529439,0.229537,-64.8223,25.7344,500.0,5.3775,0.1652,5.5428
1342,-253.2541,1144.3238,7.395680e-03,1.285539e+03,6.742782e+03,-0.528035,0.229626,-64.819,25.7296,500.0,5.0573,0.2272,5.2845
1343,-253.1552,1144.3238,4.248889e-03,1.934425e+03,6.543913e+03,-0.513019,0.23044,-64.808,25.7216,500.0,5.2691,0.2088,5.4779
1344,-253.3539,1144.3238,3.718532e-03,1.147146e+03,6.349388e+03,-0.511302,0.23044,-64.8288,25.7334,500.0,5.3011,0.15,5.4512
1345,-253.1191,1144.3238,5.959893e-03,1.811955e+03,7.123760e+03,-0.510549,0.230354,-64.8164,25.7284,500.0,5.2853,0.169,5.4543
1346,-252.3093,1144.3238,3.334414e-03,3.918964e+03,6.357970e+03,-0.499864,0.230498,-64.8005,25.7157,500.0,5.0078,0.16,5.1678
1347,-252.835,1144.3238,9.138721e-03,2.929640e+03,7.337039e+03,-0.518074,0.230008,-64.7982,25.7159,500.0,5.1279,0.1648,5.2927
1348,-253.2673,1144.3238,5.307239e-03,2.208812e+03,6.624210e+03,-0.51129,0.230354,-64.8169,25.7361,500.0,5.2656,0.1657,5.4313
1349,-253.3561,1144.3238,1.069450e-02,1.600910e+03,7.312017e+03,-0.515172,0.230105,-64.8006,25.7256,500.0,5.0341,0.1598,5.194
1350,-253.2768,1144.3238,3.452220e-03,1.399792e+03,5.667427e+03,-0.508931,0.230355,-64.7992,25.7224,500.0,5.0671,0.1808,5.2478
1351,-252.8484,1144.3238,5.962881e-03,2.015733e+03,6.921595e+03,-0.517126,0.229649,-64.7928,25.7154,500.0,5.2286,0.1619,5.3905
1352,-253.443,1144.3238,4.526728e-03,1.756808e+03,7.425276e+03,-0.532342,0.229172,-64.8066,25.7283,500.0,5.2911,0.2232,5.5143
1353,-253.2012,1144.3238,3.379710e-03,1.611182e+03,7.349804e+03,-0.541006,0.229051,-64.7958,25.7228,500.0,5.0906,0.1541,5.2447
1354,-252.8917,1144.3238,4.979978e-03,3.162490e+03,7.062169e+03,-0.520684,0.229986,-64.7816,25.7137,500.0,5.0953,0.293,5.3882
1355,-252.4812,1144.3238,3.148575e-03,1.455844e+03,5.935281e+03,-0.504572,0.230469,-64.7714,25.7034,500.0,5.263,0.1659,5.4289
1356,-252.86,1144.3238,4.108004e-03,3.148232e+03,6.271848e+03,-0.501648,0.230499,-64.7704,25.7149,500.0,5.0973,0.1929,5.2901
1357,-252.6848,1144.3238,4.316203e-03,2.070774e+03,7.626006e+03,-0.488694,0.230926,-64.7646,25.7003,500.0,5.1682,0.1617,5.3299
1358,-252.6966,1144.3238,4.739379e-03,1.979103e+03,6.832924e+03,-0.48549,0.231405,-64.77,25.7059,500.0,5.0044,0.2103,5.2147
1359,-252.9935,1144.3238,3.422934e-03,9.714048e+02,7.273869e+03,-0.486687,0.23138,-64.7732,25.7074,500.0,5.058,0.162,5.2199
1360,-252.696,1144.3238,2.750766e-03,1.768316e+03,6.775177e+03,-0.47649,0.231765,-64.7574,25.7041,500.0,5.2962,0.2144,5.5106
1361,-252.8385,1144.3238,9.700909e-03,1.717843e+03,6.608098e+03,-0.480371,0.231675,-64.7728,25.7081,500.0,5.2527,0.1648,5.4176
1362,-252.6952,1144.3238,3.301032e-03,2.323585e+03,6.826992e+03,-0.487043,0.231382,-64.76,25.7041,500.0,5.1713,0.1506,5.322
1363,-253.0779,1144.3238,1.249170e-02,2.608015e+03,6.148698e+03,-0.476115,0.231763,-64.7663,25.7149,500.0,4.9199,0.1618,5.0817
1364,-252.5534,1144.3238,5.265714e-03,2.139201e+03,7.454404e+03,-0.479509,0.231658,-64.7591,25.6982,500.0,5.1804,0.1534,5.3338
1365,-253.154,1144.3238,3.583797e-03,1.266910e+03,7.008175e+03,-0.478709,0.23141,-64.7799,25.7148,500.0,5.0543,0.1587,5.2131
1366,-253.3658,1144.3238,4.174788e-03,4.785810e+03,7.748539e+03,-0.476117,0.231679,-64.771,25.7183,500.0,5.1629,0.1594,5.3223
1367,-252.8456,1144.3238,2.345189e-02,1.585379e+03,6.067879e+03,-0.459071,0.232131,-64.7518,25.7003,500.0,5.1482,0.1598,5.308
1368,-252.9048,1144.3238,6.246472e-03,2.895002e+03,6.570167e+03,-0.462851,0.231795,-64.7621,25.7063,500.0,5.1991,0.1672,5.3663
1369,-253.3261,1144.3238,4.820202e-03,4.512564e+03,7.099668e+03,-0.460502,0.231795,-64.7573,25.7162,500.0,5.2334,0.1658,5.3992
1370,-253.0436,1144.3238,4.694174e-03,2.033262e+03,6.824021e+03,-0.462147,0.231776,-64.7562,25.7042,500.0,5.3108,0.1598,5.4706
1371,-252.8254,1144.3238,5.987887e-03,1.494265e+03,7.141744e+03,-0.45692,0.231883,-64.7476,25.7007,500.0,5.3441,0.2968,5.6409
1372,-252.6573,1144.3238,4.224296e-03,1.326747e+03,6.997190e+03,-0.460571,0.231862,-64.7354,25.6915,500.0,5.2618,0.161,5.4228
1373,-252.6769,1144.3238,7.243940e-03,1.793106e+03,6.983388e+03,-0.464638,0.231795,-64.7308,25.6964,500.0,5.4165,0.1736,5.5901
1374,-252.51,1144.3238,5.809839e-03,3.209143e+03,6.769049e+03,-0.458254,0.231862,-64.7205,25.6893,500.0,5.5583,0.1678,5.7261
1375,-252.2054,1144.3238,3.366179e-03,1.838300e+03,6.759844e+03,-0.470851,0.231675,-64.7061,25.6784,500.0,5.3225,0.159,5.4815
1376,-252.4929,1144.3238,3.080816e-03,2.494865e+03,6.583532e+03,-0.473021,0.231658,-64.7099,25.679,500.0,5.2276,0.1693,5.3969
1377,-252.7709,1144.3238,7.196169e-03,2.912502e+03,7.041787e+03,-0.469993,0.23177,-64.7225,25.694,500.0,5.1704,0.1586,5.329
1378,-252.7148,1144.3238,3.781927e-03,2.378307e+03,7.916223e+03,-0.454058,0.232601,-64.726,25.6917,500.0,5.0995,0.1614,5.2609
1379,-252.7796,1144.3238,3.835022e-03,1.285507e+03,7.453109e+03,-0.429656,0.233163,-64.735,25.691,500.0,5.1704,0.2189,5.3894
1380,-252.9799,1144.3238,3.945854e-03,1.679078e+03,6.515363e+03,-0.43366,0.233067,-64.7381,25.6972,500.0,5.2093,0.1717,5.381
1381,-252.4303,1144.3238,4.266841e-03,2.335650e+03,7.313809e+03,-0.417972,0.233546,-64.719,25.684,500.0,5.2478,0.1753,5.4232
1382,-252.3272,1144.3238,1.278326e-02,3.976847e+03,6.611066e+03,-0.411088,0.233991,-64.7366,25.6914,500.0,5.1655,0.1693,5.3347
1383,-252.2287,1144.3238,3.706466e-03,2.661057e+03,6.782402e+03,-0.416947,0.233542,-64.7218,25.6861,500.0,5.1545,0.1572,5.3117
1384,-252.6885,1144.3238,5.865900e-03,3.550564e+03,7.548690e+03,-0.437447,0.233067,-64.7216,25.6889,500.0,5.1319,0.1727,5.3046
1385,-252.1565,1144.3238,4.462573e-03,2.210058e+03,7.299342e+03,-0.441203,0.232983,-64.7071,25.6799,500.0,5.3316,0.1634,5.495
1386,-252.7546,1144.3238,3.160780e-02,1.662413e+03,7.542906e+03,-0.432232,0.233096,-64.7128,25.6924,500.0,5.4949,0.1845,5.6794
1387,-252.5443,1144.3238,4.240934e-03,3.251594e+03,6.757273e+03,-0.420732,0.233459,-64.7164,25.6872,500.0,5.5067,0.1716,5.6782
1388,-252.2892,1144.3238,3.809701e-03,1.619490e+03,6.978160e+03,-0.415054,0.233526,-64.7047,25.6785,500.0,5.2081,0.1611,5.3692
1389,-252.5478,1144.3238,4.108054e-03,4.288598e+03,7.339909e+03,-0.399253,0.234347,-64.7184,25.6857,500.0,5.3401,0.1881,5.5281
1390,-252.6197,1144.3238,5.178039e-03,2.146982e+03,5.920936e+03,-0.391355,0.234471,-64.7101,25.6839,500.0,5.3788,0.1699,5.5487
1391,-252.7805,1144.3238,4.613633e-03,2.587620e+03,6.828651e+03,-0.382819,0.234825,-64.7119,25.6837,500.0,5.3078,0.1654,5.4733
1392,-252.2105,1144.3238,4.081835e-03,3.723569e+03,6.125606e+03,-0.374823,0.23521,-64.7281,25.6824,500.0,5.3911,0.1958,5.5869
1393,-252.2053,1144.3238,4.696290e-03,2.042632e+03,6.702393e+03,-0.384638,0.234464,-64.7266,25.6818,500.0,5.1048,0.1603,5.2651
1394,-253.0606,1144.3238,3.752677e-03,4.093006e+03,6.984681e+03,-0.372866,0.23482,-64.7516,25.7032,500.0,5.1425,0.1564,5.2989
1395,-252.4216,1144.3238,4.392278e-03,3.971014e+03,7.084983e+03,-0.362241,0.235299,-64.7429,25.6939,500.0,5.0205,0.1599,5.1804
1396,-252.6427,1144.3238,6.412166e-03,1.724561e+03,7.607965e+03,-0.363811,0.235233,-64.7428,25.6967,500.0,5.3531,0.1668,5.5199
1397,-252.5987,1144.3238,6.657368e-03,3.220860e+03,6.562490e+03,-0.363278,0.235233,-64.7446,25.6987,500.0,5.2824,0.2207,5.5031
1398,-252.744,1144.3238,5.865494e-03,2.228952e+03,6.976973e+03,-0.358897,0.235323,-64.7388,25.6959,500.0,5.2533,0.1651,5.4184
1399,-252.4128,1144.3238,4.632628e-03,3.013527e+03,7.113440e+03,-0.371826,0.234758,-64.7317,25.6875,500.0,5.1591,0.1596,5.3187
1400,-252.7969,1144.3238,1.291155e-02,2.268486e+03,7.960823e+03,-0.355985,0.235583,-64.7418,25.6953,500.0,5.0577,0.1542,5.2119
1401,-252.7144,1144.3238,4.666884e-03,1.558196e+03,6.648082e+03,-0.35431,0.235653,-64.7349,25.6963,500.0,5.5146,0.1545,5.669
1402,-253.1129,1144.3238,4.368144e-03,2.254708e+03,7.588819e+03,-0.359286,0.235233,-64.7379,25.7036,500.0,5.0377,0.1493,5.1871
1403,-252.7051,1144.3238,5.411835e-03,2.563117e+03,6.899159e+03,-0.350717,0.235648,-64.7259,25.6893,500.0,5.7496,0.237,5.9866
1404,-253.0505,1144.3238,3.771537e-03,4.032421e+03,7.196569e+03,-0.362146,0.23521,-64.746,25.7011,500.0,5.5053,0.2772,5.7825
1405,-252.7581,1144.3238,5.900583e-03,3.164334e+03,6.499887e+03,-0.371671,0.234493,-64.7405,25.7014,500.0,5.4806,0.2099,5.6905
1406,-252.7245,1144.3238,3.664460e-03,3.009684e+03,7.054483e+03,-0.382108,0.234369,-64.7343,25.6976,500.0,5.5364,0.2825,5.819
1407,-252.2621,1144.3238,5.330644e-03,3.561788e+03,6.470750e+03,-0.386594,0.23428,-64.7286,25.69,500.0,5.1341,0.3071,5.4411
1408,-252.2204,1144.3238,5.279115e-03,2.229378e+03,7.389708e+03,-0.379727,0.234368,-64.7051,25.6755,500.0,5.1873,0.2859,5.4732
1409,-252.1706,1144.3238,4.611007e-03,3.287358e+03,6.902019e+03,-0.385764,0.234285,-64.7112,25.6758,500.0,5.1748,0.1544,5.3292
1410,-252.1806,1144.3238,1.599829e-02,3.221129e+03,7.378090e+03,-0.377184,0.234382,-64.7003,25.6764,500.0,5.4766,0.1732,5.6499
1411,-251.7989,1144.3238,7.435960e-03,2.796243e+03,6.496932e+03,-0.380285,0.234375,-64.698,25.667,500.0,5.8244,0.274,6.0985
1412,-252.7407,1144.3238,5.834244e-03,1.939339e+03,7.072838e+03,-0.396256,0.2339,-64.7126,25.6937,500.0,5.4877,0.2269,5.7146
1413,-252.4661,1144.3238,4.243233e-03,2.454827e+03,7.003141e+03,-0.383783,0.234285,-64.7086,25.6809,500.0,5.2729,0.2028,5.4758
1414,-251.7924,1144.3238,4.434420e-03,3.663456e+03,6.334602e+03,-0.369258,0.23484,-64.6893,25.6601,500.0,5.3993,0.2312,5.6305
1415,-252.4371,1144.3238,5.131987e-03,2.803491e+03,6.477285e+03,-0.366499,0.234825,-64.7213,25.683,500.0,5.3645,0.206,5.5706
1416,-252.7405,1144.3238,3.200040e-03,4.842058e+03,6.318113e+03,-0.389461,0.234258,-64.7335,25.6958,500.0,5.3018,0.2174,5.5192
1417,-252.8472,1144.3238,4.651070e-03,2.358127e+03,6.700206e+03,-0.383715,0.234286,-64.7347,25.6961,500.0,5.2245,0.1833,5.4078
1418,-252.4487,1144.3238,4.352216e-03,3.029060e+03,7.344751e+03,-0.380693,0.234351,-64.7288,25.6925,500.0,5.344,0.1597,5.5037
1419,-252.5638,1144.3238,2.528770e-03,3.130942e+03,6.853077e+03,-0.371534,0.234405,-64.71,25.6839,500.0,5.2768,0.2113,5.4881
1420,-252.0489,1144.3238,3.775373e-03,2.049115e+03,6.660458e+03,-0.363244,0.234847,-64.7029,25.6784,500.0,5.2609,0.1655,5.4265
1421,-251.875,1144.3238,9.766736e-03,2.563049e+03,6.170909e+03,-0.371626,0.234759,-64.6794,25.6655,500.0,5.2099,0.1608,5.3707
1422,-252.4297,1144.3238,4.147176e-03,4.533074e+03,6.671873e+03,-0.364408,0.235227,-64.6938,25.6765,500.0,5.0106,0.1499,5.1605
1423,-252.2193,1144.3238,4.362758e-03,5.347001e+03,7.322170e+03,-0.368921,0.23482,-64.6725,25.6709,500.0,5.0621,0.1998,5.262
1424,-252.5519,1144.3238,5.884551e-03,2.682216e+03,7.082186e+03,-0.373975,0.234731,-64.6704,25.6745,500.0,5.145,0.1757,5.3207
1425,-252.4197,1144.3238,4.847134e-03,4.294748e+03,7.000449e+03,-0.380111,0.234403,-64.6658,25.6703,500.0,5.1352,0.2351,5.3704
1426,-251.8539,1144.3238,4.475472e-03,1.848119e+03,7.305800e+03,-0.377619,0.234735,-64.6458,25.6517,500.0,5.1754,0.1646,5.34
1427,-252.0279,1144.3238,8.241884e-03,2.000876e+03,5.991994e+03,-0.387312,0.234373,-64.6509,25.6579,500.0,5.2503,0.229,5.4793
1428,-251.6796,1144.3238,5.869563e-03,2.961884e+03,6.846995e+03,-0.377944,0.234736,-64.6478,25.6535,500.0,5.5343,0.1977,5.732
1429,-252.5779,1144.3238,5.299822e-03,2.546612e+03,6.812154e+03,-0.374381,0.234757,-64.6607,25.6669,500.0,5.0438,0.225,5.2688
1430,-251.8122,1144.3238,3.270953e-03,2.760536e+03,6.844972e+03,-0.373893,0.234825,-64.6416,25.6519,500.0,5.2296,0.156,5.3856
1431,-251.5531,1144.3238,3.704177e-03,2.569713e+03,6.697903e+03,-0.387118,0.234403,-64.6319,25.6453,500.0,5.3044,0.152,5.4564
1432,-251.603,1144.3238,6.294555e-03,2.571305e+03,7.236666e+03,-0.382535,0.234737,-64.6309,25.6414,500.0,5.2674,0.1594,5.4267
1433,-252.0594,1144.3238,7.381445e-03,2.975903e+03,6.888763e+03,-0.373984,0.235227,-64.7159,25.6904,500.0,5.3398,0.1608,5.5005
1434,-252.2766,1144.3238,9.509723e-03,3.582990e+03,7.540824e+03,-0.35831,0.235699,-64.6516,25.6602,500.0,5.1929,0.1548,5.3477
1435,-252.579,1144.3238,4.676865e-03,4.054147e+03,7.448486e+03,-0.359442,0.235677,-64.6661,25.672,500.0,5.3743,0.1783,5.5527
1436,-251.8706,1144.3238,6.475968e-03,2.382040e+03,6.434925e+03,-0.366444,0.235322,-64.649,25.6534,500.0,5.242,0.1575,5.3995
1437,-252.2878,1144.3238,3.996171e-03,3.264497e+03,7.543467e+03,-0.369433,0.2353,-64.6515,25.6638,500.0,5.1116,0.1811,5.2928
1438,-251.8387,1144.3238,5.816809e-03,2.457338e+03,6.864582e+03,-0.373574,0.235205,-64.651,25.6557,500.0,5.2582,0.2045,5.4627
1439,-252.818,1144.3238,7.900008e-03,2.297635e+03,7.624551e+03,-0.376494,0.234758,-64.6711,25.679,500.0,5.1334,0.1794,5.3128
1440,-251.8847,1144.3238,4.362049e-03,2.485283e+03,6.142219e+03,-0.385057,0.234381,-64.6486,25.6553,500.0,5.3175,0.1592,5.4767
1441,-251.7543,1144.3238,6.642337e-03,1.953992e+03,6.860601e+03,-0.376829,0.234758,-64.6376,25.651,500.0,5.5215,0.2183,5.7398
1442,-251.688,1144.3238,4.785482e-03,2.561844e+03,7.543680e+03,-0.36797,0.235206,-64.6323,25.6454,500.0,5.7371,0.2284,5.9656
1443,-252.1601,1144.3238,8.952786e-03,4.577060e+03,5.988007e+03,-0.370351,0.234842,-64.6502,25.6553,500.0,5.2237,0.1542,5.3779
1444,-252.5199,1144.3238,4.840327e-03,3.486497e+03,6.870243e+03,-0.372725,0.234824,-64.655,25.6598,500.0,5.2632,0.1585,5.4217
1445,-252.7114,1144.3238,6.021274e-03,2.504324e+03,7.487701e+03,-0.382793,0.234464,-64.6635,25.6756,500.0,5.2393,0.3292,5.5684
1446,-251.4904,1144.3238,5.550256e-03,2.204706e+03,7.770083e+03,-0.382884,0.234486,-64.6436,25.6468,500.0,5.4873,0.2179,5.7052
1447,-252.374,1144.3238,1.675995e-02,3.355323e+03,6.987445e+03,-0.373799,0.234824,-64.6526,25.6693,500.0,5.3356,0.1758,5.5113
1448,-252.1225,1144.3238,6.195977e-03,4.326621e+03,6.893037e+03,-0.375869,0.234846,-64.6338,25.6554,500.0,5.1816,0.1548,5.3364
1449,-251.693,1144.3238,3.691615e-03,3.304114e+03,6.710162e+03,-0.381872,0.234487,-64.6286,25.6455,500.0,5.2713,0.1624,5.4337
1450,-251.857,1144.3238,6.937568e-03,2.833041e+03,7.579403e+03,-0.382316,0.234487,-64.6313,25.6476,500.0,5.15,0.2195,5.3695
1451,-252.1133,1144.3238,5.748318e-03,2.636117e+03,6.909705e+03,-0.375269,0.23484,-64.6326,25.6523,500.0,5.3825,0.1749,5.5574
1452,-251.829,1144.3238,4.900948e-03,3.037858e+03,7.020971e+03,-0.374555,0.234824,-64.6254,25.6496,500.0,5.9112,0.2671,6.1783
1453,-251.7497,1144.3238,3.725800e-03,3.525691e+03,6.927631e+03,-0.376004,0.234825,-64.6174,25.6451,500.0,6.2613,0.2166,6.4778
1454,-252.3973,1144.3238,3.847819e-03,5.419786e+03,6.906456e+03,-0.369127,0.235299,-64.6435,25.6593,500.0,5.7953,0.168,5.9633
1455,-251.6396,1144.3238,7.527234e-03,5.372412e+03,6.931102e+03,-0.376702,0.23484,-64.6094,25.6357,500.0,5.1112,0.1723,5.2835
1456,-251.7632,1144.3238,7.367664e-03,2.645196e+03,6.858588e+03,-0.377724,0.234818,-64.6155,25.6415,500.0,5.4244,0.1498,5.5742
1457,-251.4835,1144.3238,2.899576e-02,2.061901e+03,6.832397e+03,-0.373707,0.235234,-64.6043,25.6343,500.0,5.4077,0.1467,5.5545
1458,-251.9026,1144.3238,4.988910e-03,6.252971e+03,7.125143e+03,-0.349901,0.236123,-64.6133,25.6435,500.0,5.2797,0.1486,5.4283
1459,-251.98,1144.3238,4.284321e-03,2.066769e+03,6.658763e+03,-0.351912,0.235795,-64.6204,25.6463,500.0,5.4021,0.2219,5.624
1460,-251.8609,1144.3238,3.778419e-03,2.001378e+03,6.523427e+03,-0.351703,0.235794,-64.6085,25.6405,500.0,5.1229,0.155,5.2779
1461,-252.0636,1144.3238,5.965909e-03,1.710534e+03,7.110187e+03,-0.358888,0.235655,-64.616,25.6409,500.0,5.1576,0.165,5.3225
1462,-251.5195,1144.3238,4.306271e-03,2.823585e+03,7.061087e+03,-0.342881,0.236147,-64.6092,25.6301,500.0,5.1992,0.1631,5.3624
1463,-251.8486,1144.3238,5.809892e-03,2.152264e+03,6.736955e+03,-0.338542,0.236538,-64.6127,25.6367,500.0,5.2627,0.1507,5.4134
1464,-252.7527,1144.3238,1.646518e-02,5.447541e+03,6.798475e+03,-0.328119,0.23695,-64.6471,25.6675,500.0,5.1493,0.1507,5.3
1465,-252.1272,1144.3238,8.585737e-03,1.321422e+03,7.304449e+03,-0.330056,0.23695,-64.6305,25.6498,500.0,5.2531,0.15,5.4032
1466,-251.8824,1144.3238,3.615571e-03,1.968068e+03,7.301896e+03,-0.31452,0.23733,-64.6285,25.6484,500.0,5.1342,0.1621,5.2962
1467,-252.4578,1144.3238,6.935481e-03,2.594363e+03,6.343769e+03,-0.306462,0.237419,-64.6305,25.6584,500.0,5.097,0.2416,5.3386
1468,-252.0853,1144.3238,3.185656e-03,2.906345e+03,6.288384e+03,-0.297141,0.237902,-64.6221,25.6494,500.0,5.175,0.1726,5.3476
1469,-252.1471,1144.3238,4.896505e-03,3.177487e+03,6.680972e+03,-0.274708,0.238396,-64.6105,25.6407,500.0,5.252,0.2282,5.4802
1470,-252.1308,1144.3238,9.428229e-03,2.132805e+03,7.680920e+03,-0.291582,0.23793,-64.6223,25.6471,500.0,5.018,0.1665,5.1845
1471,-252.1871,1144.3238,2.927095e-03,2.473226e+03,7.109861e+03,-0.294838,0.237836,-64.6314,25.6555,500.0,5.2122,0.1632,5.3754
1472,-252.2292,1144.3238,5.120222e-03,2.495612e+03,6.993792e+03,-0.294501,0.237441,-64.6272,25.6454,500.0,4.9755,0.1645,5.14
1473,-251.725,1144.3238,4.123035e-03,1.963206e+03,7.054831e+03,-0.296508,0.237357,-64.6323,25.6521,500.0,5.0767,0.2101,5.2868
1474,-251.975,1144.3238,4.006600e-03,1.729236e+03,6.528246e+03,-0.280023,0.238171,-64.6293,25.6503,500.0,5.2019,0.219,5.421
1475,-251.8281,1144.3238,5.682420e-03,2.987980e+03,6.622188e+03,-0.282246,0.238165,-64.6096,25.648,500.0,4.9365,0.1616,5.0981
1476,-251.8615,1144.3238,8.714989e-03,3.899020e+03,7.289815e+03,-0.27266,0.238283,-64.6037,25.6406,500.0,5.118,0.1619,5.2799
1477,-251.4335,1144.3238,3.878497e-03,1.744869e+03,7.282935e+03,-0.270046,0.23831,-64.5986,25.6294,500.0,5.4059,0.3473,5.7532
1478,-251.393,1144.3238,4.056688e-03,2.051076e+03,7.284761e+03,-0.26442,0.238636,-64.6032,25.6296,500.0,5.1067,0.2191,5.3258
1479,-252.1321,1144.3238,6.229066e-03,2.686800e+03,7.333482e+03,-0.266749,0.238397,-64.6215,25.6502,500.0,5.1671,0.1684,5.3355
1480,-251.8931,1144.3238,1.319492e-02,2.661199e+03,7.641554e+03,-0.265528,0.238724,-64.6074,25.6447,500.0,5.4686,0.2752,5.7438
1481,-251.9905,1144.3238,4.556135e-03,3.551420e+03,6.676422e+03,-0.26913,0.238652,-64.6114,25.6378,500.0,5.0673,0.1743,5.2416
1482,-252.2336,1144.3238,2.299289e-02,3.649094e+03,6.877562e+03,-0.284658,0.23793,-64.6368,25.6541,500.0,5.0784,0.1646,5.243
1483,-251.4441,1144.3238,5.540349e-03,1.982674e+03,7.452984e+03,-0.279406,0.238194,-64.6099,25.6367,500.0,5.0796,0.1587,5.2383
1484,-252.4977,1144.3238,5.527259e-03,2.345513e+03,6.529956e+03,-0.266545,0.238631,-64.6442,25.6626,500.0,5.1779,0.2262,5.4041
1485,-251.9464,1144.3238,5.037359e-03,2.600199e+03,7.008285e+03,-0.262677,0.238652,-64.6282,25.6474,500.0,5.1959,0.1533,5.3492
1486,-251.9083,1144.3238,3.564219e-03,2.256365e+03,6.730394e+03,-0.261287,0.238653,-64.622,25.6477,500.0,5.2326,0.1665,5.3991
1487,-251.8726,1144.3238,3.403691e-03,2.975809e+03,7.014227e+03,-0.259178,0.23874,-64.6211,25.6424,500.0,5.2226,0.1555,5.3781
1488,-251.7029,1144.3238,3.734858e-03,2.159538e+03,6.841796e+03,-0.244947,0.23956,-64.627,25.6489,500.0,5.0269,0.1719,5.1989
1489,-252.0664,1144.3238,4.871992e-03,2.127659e+03,7.878643e+03,-0.252036,0.239206,-64.6177,25.6466,500.0,5.1815,0.2793,5.4607
1490,-251.8374,1144.3238,2.729804e-03,3.225699e+03,6.965302e+03,-0.24554,0.239469,-64.5972,25.6376,500.0,5.3665,0.1521,5.5185
1491,-251.5219,1144.3238,3.607018e-03,2.718902e+03,6.679787e+03,-0.25421,0.239124,-64.5984,25.6337,500.0,5.2352,0.1685,5.4037
1492,-251.8423,1144.3238,1.046642e-02,2.901568e+03,7.439521e+03,-0.260858,0.238658,-64.6064,25.6383,500.0,5.0641,0.1663,5.2305
1493,-251.7395,1144.3238,6.121986e-03,2.034163e+03,7.047112e+03,-0.266,0.238374,-64.6117,25.6394,500.0,5.1372,0.1533,5.2905
1494,-251.8758,1144.3238,4.750925e-03,2.204574e+03,7.355906e+03,-0.25424,0.238745,-64.6067,25.6405,500.0,5.2419,0.1518,5.3937
1495,-252.0447,1144.3238,7.680472e-03,1.508299e+03,6.998695e+03,-0.254932,0.239118,-64.6162,25.6435,500.0,5.3722,0.1514,5.5236
1496,-252.1457,1144.3238,7.465158e-03,2.441368e+03,7.677212e+03,-0.256219,0.238719,-64.6112,25.6411,500.0,5.395,0.1985,5.5935
1497,-252.1204,1144.3238,5.548804e-03,2.517692e+03,6.402378e+03,-0.234413,0.239576,-64.6243,25.6504,500.0,5.5941,0.1582,5.7523
1498,-251.849,1144.3238,5.976387e-03,6.435989e+03,6.490526e+03,-0.245219,0.239146,-64.6144,25.6445,500.0,5.3806,0.1622,5.5428
1499,-252.2591,1144.3238,8.070095e-03,3.149951e+03,7.302684e+03,-0.240044,0.239467,-64.6183,25.6478,500.0,5.1268,0.1613,5.2881
1500,-252.2593,1144.3238,3.552052e-03,3.616961e+03,6.425412e+03,-0.224793,0.239931,-64.6212,25.6469,500.0,5.3095,0.2219,5.5314
1501,-251.7254,1144.3238,3.830260e-03,2.166030e+03,6.986127e+03,-0.228086,0.239697,-64.6203,25.639,500.0,5.4938,0.2897,5.7835
1502,-251.9184,1144.3238,3.811097e-03,2.423243e+03,6.734500e+03,-0.237399,0.239561,-64.6249,25.6467,500.0,5.2345,0.2597,5.4941
1503,-252.0148,1144.3238,4.387075e-03,2.321633e+03,6.571139e+03,-0.244756,0.239235,-64.6163,25.6488,500.0,5.1185,0.1613,5.2798
1504,-252.5238,1144.3238,5.847867e-03,2.171808e+03,6.835374e+03,-0.22858,0.239692,-64.6273,25.6584,500.0,4.9947,0.1653,5.16
1505,-251.38,1144.3238,3.803587e-03,4.662803e+03,6.749518e+03,-0.22302,0.239959,-64.5858,25.6217,500.0,5.2772,0.1672,5.4444
1506,-251.4694,1144.3238,3.509870e-03,1.830793e+03,6.403676e+03,-0.217436,0.240424,-64.6055,25.6293,500.0,5.1748,0.186,5.3608
1507,-251.784,1144.3238,3.955923e-03,2.934094e+03,6.678140e+03,-0.197948,0.240974,-64.5881,25.633,500.0,5.2566,0.1779,5.4345
1508,-252.6707,1144.3238,3.966950e-03,2.336979e+03,7.299496e+03,-0.192639,0.241,-64.6394,25.6584,500.0,5.288,0.2039,5.4919
1509,-251.9509,1144.3238,3.024775e-03,2.541052e+03,7.028154e+03,-0.189523,0.241259,-64.6289,25.6472,500.0,5.2858,0.1568,5.4427
1510,-251.5914,1144.3238,3.526610e-03,2.077864e+03,7.185343e+03,-0.183457,0.241734,-64.63,25.643,500.0,5.0771,0.1742,5.2513
1511,-252.1071,1144.3238,7.862983e-03,2.593019e+03,6.599972e+03,-0.182985,0.24175,-64.6428,25.6547,500.0,5.2109,0.1522,5.3631
1512,-251.7317,1144.3238,3.683779e-03,2.645439e+03,6.928658e+03,-0.176492,0.241841,-64.6258,25.6484,500.0,5.2227,0.1625,5.3852
1513,-252.2622,1144.3238,3.120776e-03,2.157908e+03,6.933810e+03,-0.171138,0.2421,-64.6319,25.6555,500.0,5.1715,0.1544,5.3259
1514,-251.8949,1144.3238,3.685763e-03,3.286039e+03,6.858156e+03,-0.173518,0.242096,-64.6355,25.6523,500.0,5.2825,0.1552,5.4376
1515,-252.6859,1144.3238,4.264133e-03,2.416218e+03,7.002037e+03,-0.167594,0.242209,-64.6482,25.6618,500.0,5.1941,0.162,5.3561
1516,-252.7067,1144.3238,8.486660e-03,2.468604e+03,6.721869e+03,-0.158669,0.242558,-64.6669,25.6693,500.0,5.0454,0.1682,5.2136
1517,-252.4697,1144.3238,3.493002e-03,2.519293e+03,6.081563e+03,-0.163967,0.242296,-64.6516,25.6605,500.0,5.146,0.1691,5.3152
1518,-252.1933,1144.3238,3.756837e-03,2.884761e+03,6.807202e+03,-0.161307,0.242295,-64.6461,25.6593,500.0,5.1508,0.1606,5.3114
1519,-252.225,1144.3238,6.615351e-03,2.066979e+03,8.223001e+03,-0.177044,0.241842,-64.6501,25.6608,500.0,5.0942,0.1535,5.2477
1520,-252.0447,1144.3238,3.963534e-03,2.485862e+03,7.000343e+03,-0.171415,0.242188,-64.644,25.6607,500.0,5.056,0.1613,5.2172
1521,-252.3879,1144.3238,3.976000e-03,2.008785e+03,6.494730e+03,-0.171677,0.242161,-64.6285,25.6589,500.0,5.1434,0.1643,5.3077
1522,-251.2107,1144.3238,6.367498e-03,6.456592e+03,7.862580e+03,-0.163564,0.242216,-64.3715,25.7665,500.0,5.0787,0.1665,5.2452
1523,-251.6614,1144.3238,3.614231e-03,4.969870e+03,6.578373e+03,-0.165013,0.242209,-64.6184,25.641,500.0,5.1984,0.1533,5.3517
1524,-252.1535,1144.3238,5.095662e-03,2.653183e+03,6.388139e+03,-0.171047,0.2421,-64.626,25.6542,500.0,5.1844,0.1641,5.3485
1525,-251.9693,1144.3238,4.314116e-03,2.223534e+03,7.215541e+03,-0.179616,0.241729,-64.616,25.6457,500.0,5.1838,0.2123,5.3961
1526,-251.4666,1144.3238,1.784069e-02,2.307906e+03,6.822005e+03,-0.186361,0.241001,-64.5004,25.6692,500.0,5.3561,0.1693,5.5253
1527,-252.0675,1144.3238,4.982857e-03,2.630093e+03,6.439322e+03,-0.176324,0.24134,-64.6192,25.6443,500.0,5.0816,0.1585,5.2401
1528,-252.052,1144.3238,5.854181e-03,2.111540e+03,7.148277e+03,-0.180009,0.241258,-64.6265,25.6486,500.0,5.0457,0.1643,5.21
1529,-252.0453,1144.3238,4.615625e-03,3.283029e+03,5.959294e+03,-0.180227,0.241317,-64.6227,25.654,500.0,5.1945,0.1589,5.3534
1530,-252.2529,1144.3238,3.444798e-03,2.346633e+03,7.244443e+03,-0.181369,0.241258,-64.6223,25.651,500.0,5.3688,0.2136,5.5824
1531,-252.4568,1144.3238,4.702656e-03,2.065785e+03,7.296453e+03,-0.177702,0.24134,-64.625,25.6527,500.0,5.2315,0.1525,5.384
1532,-252.1796,1144.3238,4.772326e-03,3.102017e+03,7.247717e+03,-0.187553,0.240972,-64.6211,25.6518,500.0,5.0824,0.16,5.2425
1533,-252.0306,1144.3238,2.969943e-03,3.244910e+03,6.396996e+03,-0.185534,0.240978,-64.61,25.6418,500.0,5.1364,0.1717,5.3081
1534,-252.0956,1144.3238,5.295154e-03,3.074552e+03,6.180058e+03,-0.194102,0.240892,-64.623,25.6602,500.0,5.2515,0.1677,5.4192
1535,-251.9843,1144.3238,4.035397e-03,2.497169e+03,7.141113e+03,-0.189659,0.240993,-64.607,25.6381,500.0,5.1903,0.181,5.3712
1536,-252.1764,1144.3238,4.848254e-03,2.165847e+03,6.590425e+03,-0.188619,0.240995,-64.6207,25.6488,500.0,5.1308,0.1625,5.2933
1537,-252.0449,1144.3238,4.275344e-03,3.297370e+03,6.266144e+03,-0.185122,0.241232,-64.614,25.6442,500.0,5.3525,0.2239,5.5764
1538,-252.3216,1144.3238,5.581921e-03,3.789703e+03,7.902995e+03,-0.165589,0.2421,-64.6247,25.6554,500.0,5.2393,0.1804,5.4197
1539,-252.1897,1144.3238,4.330276e-03,2.665932e+03,7.457606e+03,-0.166305,0.242095,-64.6213,25.6493,500.0,5.1699,0.1566,5.3265
1540,-252.4858,1144.3238,6.325609e-03,3.821884e+03,7.629720e+03,-0.171163,0.24182,-64.6222,25.6555,500.0,5.4751,0.1546,5.6297
1541,-251.8874,1144.3238,5.143823e-03,3.138598e+03,7.193919e+03,-0.182091,0.241322,-64.6088,25.6461,500.0,5.1841,0.1647,5.3488
1542,-251.8987,1144.3238,2.901912e-03,1.949915e+03,6.657979e+03,-0.195891,0.240886,-64.5978,25.6404,500.0,5.2094,0.1569,5.3663
1543,-252.1093,1144.3238,6.541170e-03,2.212790e+03,7.255373e+03,-0.189343,0.240972,-64.6135,25.6444,500.0,5.1688,0.16,5.3288
1544,-251.9032,1144.3238,5.271832e-03,3.285549e+03,6.582853e+03,-0.199879,0.240533,-64.5906,25.6356,500.0,5.2511,0.1683,5.4194
1545,-251.4833,1144.3238,3.010477e-03,2.427650e+03,7.055833e+03,-0.188225,0.240907,-64.5859,25.6267,500.0,5.1834,0.1579,5.3413
1546,-251.5857,1144.3238,2.540786e-03,2.281271e+03,6.271693e+03,-0.20213,0.240516,-64.597,25.6299,500.0,5.1352,0.1765,5.3118
1547,-251.9023,1144.3238,6.004025e-03,5.036940e+03,6.235509e+03,-0.199743,0.240537,-64.5965,25.6381,500.0,5.2942,0.1643,5.4584
1548,-251.5894,1144.3238,4.042740e-03,1.625753e+03,7.231729e+03,-0.203729,0.240445,-64.5916,25.6276,500.0,5.1761,0.16,5.336
1549,-251.6274,1144.3238,2.995938e-03,1.566704e+03,6.301804e+03,-0.207588,0.240019,-64.5844,25.6284,500.0,5.2237,0.1628,5.3865
1550,-251.6747,1144.3238,4.260057e-03,1.071460e+03,7.491546e+03,-0.210666,0.239936,-64.5848,25.6271,500.0,5.3536,0.1542,5.5077
1551,-252.0991,1144.3238,3.894634e-03,1.886500e+03,6.385517e+03,-0.225411,0.239467,-64.5922,25.6381,500.0,5.2016,0.1552,5.3568
1552,-251.6208,1144.3238,6.490082e-03,2.983290e+03,7.034156e+03,-0.219841,0.239582,-64.5909,25.6348,500.0,5.5047,0.1961,5.7008
1553,-251.0965,1144.3238,3.271687e-03,1.817561e+03,6.618875e+03,-0.220024,0.23956,-64.57,25.6148,500.0,5.0234,0.1631,5.1865
1554,-251.5828,1144.3238,3.494133e-03,1.937883e+03,6.266174e+03,-0.206878,0.239952,-64.5761,25.6273,500.0,5.2474,0.2117,5.4591
1555,-251.4944,1144.3238,2.919895e-03,1.983451e+03,6.661344e+03,-0.194143,0.24077,-64.57,25.6228,500.0,5.1175,0.2168,5.3343
1556,-251.3419,1144.3238,4.208167e-03,2.930483e+03,6.825897e+03,-0.211512,0.239692,-64.5677,25.6205,500.0,5.2222,0.1637,5.3859
1557,-251.5844,1144.3238,3.807199e-03,2.611146e+03,6.729445e+03,-0.221498,0.239556,-64.5744,25.6215,500.0,5.6011,0.1974,5.7985
1558,-251.0683,1144.3238,4.413331e-03,3.561985e+03,7.423408e+03,-0.231102,0.239125,-64.5805,25.6162,500.0,5.0852,0.1697,5.2549
1559,-251.612,1144.3238,1.131665e-02,2.734996e+03,6.501543e+03,-0.226682,0.239227,-64.5851,25.6337,500.0,5.245,0.2339,5.479
1560,-251.5227,1144.3238,5.516942e-03,2.136201e+03,7.339233e+03,-0.219375,0.23949,-64.573,25.6212,500.0,5.2983,0.1657,5.4639
1561,-251.836,1144.3238,4.072208e-03,2.469037e+03,6.775701e+03,-0.221601,0.239229,-64.5841,25.6249,500.0,5.2562,0.1664,5.4226
1562,-251.462,1144.3238,6.954467e-03,8.722707e+03,7.504426e+03,-0.222868,0.239229,-64.5889,25.6263,500.0,5.2406,0.1629,5.4035
1563,-251.9402,1144.3238,4.439408e-03,2.159385e+03,8.309410e+03,-0.226691,0.239141,-64.5918,25.6374,500.0,5.3246,0.1611,5.4857
1564,-251.9918,1144.3238,4.240905e-03,3.394895e+03,6.758639e+03,-0.233809,0.238717,-64.5917,25.6405,500.0,5.0766,0.1738,5.2505
1565,-251.4761,1144.3238,5.613336e-03,1.741068e+03,7.067300e+03,-0.234923,0.238652,-64.5684,25.6191,500.0,5.2886,0.2167,5.5053
1566,-251.3841,1144.3238,3.818955e-03,2.902589e+03,6.918519e+03,-0.232725,0.238652,-64.5661,25.6176,500.0,5.1887,0.226,5.4147
1567,-251.7351,1144.3238,7.542882e-03,2.462248e+03,6.468536e+03,-0.221352,0.239206,-64.5839,25.6342,500.0,5.0681,0.189,5.2571
1568,-251.6907,1144.3238,4.153529e-03,3.607797e+03,7.362832e+03,-0.226163,0.239118,-64.5779,25.6355,500.0,5.2656,0.1686,5.4342
1569,-251.8607,1144.3238,4.536091e-03,5.273912e+03,7.242602e+03,-0.223803,0.239141,-64.5704,25.6307,500.0,5.5779,0.2041,5.782
1570,-251.6698,1144.3238,4.354084e-03,1.259832e+03,7.146422e+03,-0.233848,0.238391,-64.5658,25.6199,500.0,5.2371,0.1657,5.4028
1571,-252.0274,1144.3238,4.502152e-03,3.346478e+03,7.077073e+03,-0.241934,0.238259,-64.5915,25.6396,500.0,5.1028,0.1873,5.2901
1572,-251.2914,1144.3238,5.135136e-03,3.906649e+03,7.440526e+03,-0.235222,0.238374,-64.5753,25.6213,500.0,5.4767,0.1496,5.6264
1573,-251.5195,1144.3238,2.672367e-03,4.575763e+03,7.137849e+03,-0.233845,0.238636,-64.5663,25.6151,500.0,5.2223,0.1576,5.3799
1574,-251.6341,1144.3238,4.758019e-03,2.039511e+03,6.754442e+03,-0.226887,0.23912,-64.5751,25.6297,500.0,5.364,0.1512,5.5152
1575,-251.1186,1144.3238,3.444740e-03,2.236993e+03,6.809395e+03,-0.222426,0.239125,-64.5664,25.6131,500.0,5.133,0.1699,5.3029
1576,-251.1951,1144.3238,4.714045e-03,4.653128e+03,7.851696e+03,-0.226826,0.238746,-64.5731,25.6301,500.0,5.2354,0.1602,5.3956
1577,-251.6275,1144.3238,1.149687e-02,4.205880e+03,7.026678e+03,-0.243604,0.238274,-64.5352,25.6146,500.0,5.1013,0.1568,5.2581
1578,-251.5318,1144.3238,3.197307e-03,1.981410e+03,6.509937e+03,-0.232902,0.238654,-64.569,25.6185,500.0,5.1693,0.1643,5.3336
1579,-251.6105,1144.3238,4.356659e-03,2.290524e+03,5.952811e+03,-0.253235,0.238165,-64.5873,25.6244,500.0,5.2657,0.2351,5.5008
1580,-251.4652,1144.3238,4.074489e-03,2.638216e+03,6.987845e+03,-0.242519,0.238303,-64.547,25.6102,500.0,5.2613,0.1542,5.4155
1581,-251.4525,1144.3238,3.588846e-03,4.232973e+03,6.521941e+03,-0.238801,0.238309,-64.5488,25.6137,500.0,5.1468,0.1498,5.2966
1582,-251.5118,1144.3238,4.385929e-03,3.207948e+03,7.726946e+03,-0.225187,0.238659,-64.5691,25.6211,500.0,5.1917,0.1604,5.3521
1583,-251.5672,1144.3238,4.869477e-03,4.471052e+03,6.866612e+03,-0.224228,0.238739,-64.5604,25.6221,500.0,5.0821,0.2227,5.3048
1584,-251.4969,1144.3238,4.414367e-03,1.368364e+03,8.505536e+03,-0.22857,0.238719,-64.5644,25.6198,500.0,5.2754,0.2002,5.4757
1585,-251.8818,1144.3238,5.251176e-03,7.678270e+03,6.140933e+03,-0.233962,0.238391,-64.5778,25.6341,500.0,5.2824,0.18,5.4624
1586,-251.2057,1144.3238,3.271550e-02,3.280807e+03,7.207663e+03,-0.245507,0.238259,-64.5462,25.6087,500.0,4.968,0.2291,5.1971
1587,-251.7283,1144.3238,4.101002e-03,6.061055e+03,7.274899e+03,-0.243397,0.238282,-64.5458,25.6142,500.0,5.1754,0.1587,5.3342
1588,-251.1409,1144.3238,3.106958e-03,2.740262e+03,7.278021e+03,-0.240935,0.238309,-64.5488,25.6174,500.0,5.2225,0.2134,5.4359
1589,-251.3428,1144.3238,4.589594e-03,3.134172e+03,7.343525e+03,-0.233691,0.238637,-64.5347,25.6098,500.0,4.979,0.1577,5.1367
1590,-251.3166,1144.3238,2.859044e-03,4.716714e+03,6.457696e+03,-0.222129,0.239473,-64.5361,25.6102,500.0,5.2239,0.1596,5.3836
1591,-251.845,1144.3238,4.188468e-03,2.686606e+03,6.964847e+03,-0.239823,0.238637,-64.5397,25.616,500.0,5.2764,0.1887,5.4651
1592,-251.5358,1144.3238,4.744936e-03,2.005631e+03,6.750894e+03,-0.247469,0.23837,-64.5231,25.6094,500.0,5.1449,0.159,5.3039
1593,-250.8717,1144.3238,7.636718e-03,3.494364e+03,6.925212e+03,-0.261393,0.238165,-64.5084,25.5905,500.0,5.1809,0.1555,5.3365
1594,-251.5408,1144.3238,3.506301e-03,5.944148e+03,6.562779e+03,-0.24223,0.23863,-64.5307,25.6149,500.0,5.135,0.1743,5.3092
1595,-251.2704,1144.3238,3.842901e-03,6.020708e+03,6.987197e+03,-0.247733,0.238283,-64.526,25.6091,500.0,5.0562,0.1523,5.2085
1596,-251.2216,1144.3238,5.852341e-03,4.329752e+03,7.257552e+03,-0.254227,0.238172,-64.5205,25.6044,500.0,5.2403,0.1749,5.4152
1597,-251.3567,1144.3238,7.432749e-03,1.935742e+03,7.424486e+03,-0.253113,0.238274,-64.524,25.6094,500.0,5.4234,0.1607,5.5841
1598,-251.1476,1144.3238,6.109825e-03,2.375072e+03,7.550385e+03,-0.250431,0.238281,-64.5326,25.6105,500.0,4.9279,0.1615,5.0894
1599,-251.9876,1144.3238,4.508633e-03,2.839621e+03,6.813230e+03,-0.245681,0.238305,-64.5404,25.6246,500.0,5.3918,0.1743,5.5661
1600,-251.4547,1144.3238,3.928148e-03,2.614273e+03,7.016642e+03,-0.231383,0.239147,-64.5424,25.6231,500.0,5.423,0.1602,5.5832
1601,-250.9954,1144.3238,3.920099e-03,3.015060e+03,7.093808e+03,-0.241405,0.238636,-64.5081,25.5968,500.0,5.2213,0.1566,5.3778
1602,-251.254,1144.3238,3.147423e-03,2.567625e+03,6.475757e+03,-0.237459,0.238659,-64.511,25.5958,500.0,5.0623,0.2294,5.2916
1603,-251.0086,1144.3238,6.730602e-03,4.527910e+03,6.525938e+03,-0.237268,0.238653,-64.4985,25.592,500.0,5.1044,0.1571,5.2615
1604,-251.4309,1144.3238,3.946019e-03,2.441843e+03,7.232765e+03,-0.243429,0.238374,-64.5194,25.6012,500.0,5.2132,0.1708,5.384
1605,-251.5495,1144.3238,3.222659e-03,3.105461e+03,7.433108e+03,-0.230444,0.23912,-64.5374,25.6059,500.0,5.0769,0.1684,5.2453
1606,-251.6486,1144.3238,4.130860e-03,3.170901e+03,7.077617e+03,-0.231615,0.239118,-64.5306,25.6168,500.0,5.254,0.1643,5.4183
1607,-251.4321,1144.3238,4.414910e-03,3.951107e+03,6.783805e+03,-0.245586,0.238304,-64.5306,25.6125,500.0,5.2369,0.1596,5.3965
1608,-251.0676,1144.3238,4.353053e-03,2.048899e+03,7.812545e+03,-0.247585,0.238288,-64.5144,25.5976,500.0,5.5899,0.1527,5.7425
1609,-251.1177,1144.3238,3.751564e-03,4.705302e+03,6.718583e+03,-0.244279,0.238396,-64.5036,25.5987,500.0,5.1971,0.2195,5.4166
1610,-251.3197,1144.3238,2.665354e-03,5.052100e+03,6.804779e+03,-0.234357,0.238746,-64.5051,25.5966,500.0,5.1414,0.181,5.3224
1611,-251.3323,1144.3238,6.145272e-03,4.472581e+03,6.967229e+03,-0.229909,0.239211,-64.5157,25.5976,500.0,5.2185,0.222,5.4404
1612,-251.1596,1144.3238,3.477021e-03,3.248059e+03,6.880267e+03,-0.221781,0.239562,-64.5134,25.6008,500.0,5.1103,0.1603,5.2705
1613,-250.7329,1144.3238,3.870402e-03,3.017713e+03,7.273645e+03,-0.207333,0.239952,-64.4967,25.5878,500.0,5.4483,0.1572,5.6055
1614,-251.3626,1144.3238,7.813675e-03,4.641197e+03,6.933071e+03,-0.219088,0.239578,-64.5229,25.6079,500.0,5.3098,0.1594,5.4692
1615,-251.2659,1144.3238,3.680058e-03,1.924914e+03,6.676449e+03,-0.21413,0.239605,-64.5179,25.6044,500.0,5.1039,0.2147,5.3185
1616,-251.3142,1144.3238,4.177009e-03,2.335599e+03,7.001873e+03,-0.21088,0.23967,-64.5276,25.6049,500.0,5.3199,0.1547,5.4746
1617,-251.6972,1144.3238,3.895209e-03,4.237676e+03,6.792687e+03,-0.221398,0.239234,-64.5602,25.6189,500.0,5.3296,0.155,5.4846
1618,-251.0839,1144.3238,4.143637e-03,3.169340e+03,7.065217e+03,-0.209678,0.239611,-64.5269,25.6045,500.0,5.9603,0.1842,6.1445
1619,-251.8347,1144.3238,4.013968e-03,1.976755e+03,6.447713e+03,-0.211277,0.239612,-64.5401,25.6227,500.0,6.1522,0.2069,6.3591
1620,-251.6652,1144.3238,4.748140e-03,2.259814e+03,7.363577e+03,-0.195474,0.240451,-64.533,25.6138,500.0,5.6317,0.1548,5.7864
1621,-251.1289,1144.3238,6.799684e-03,4.039228e+03,7.212851e+03,-0.17928,0.240893,-64.5298,25.6028,500.0,5.3261,0.1898,5.5159
1622,-251.1802,1144.3238,5.601287e-03,2.542871e+03,7.153130e+03,-0.1782,0.240891,-64.5323,25.6013,500.0,5.2648,0.2482,5.513
1623,-250.9943,1144.3238,3.948469e-03,2.494393e+03,6.611069e+03,-0.187076,0.24077,-64.5227,25.6003,500.0,5.2246,0.1529,5.3775
1624,-251.1448,1144.3238,4.761738e-03,2.855051e+03,6.739018e+03,-0.183694,0.240862,-64.5339,25.6134,500.0,5.2337,0.1543,5.3879
1625,-251.52,1144.3238,4.267819e-03,2.819311e+03,7.313000e+03,-0.184152,0.240862,-64.5368,25.614,500.0,5.5489,0.1569,5.7057
1626,-251.3974,1144.3238,3.784294e-03,3.518641e+03,6.958781e+03,-0.184652,0.240864,-64.519,25.6099,500.0,5.2059,0.1918,5.3978
1627,-250.8495,1144.3238,1.348344e-02,1.451183e+03,7.324059e+03,-0.166628,0.241344,-64.5038,25.5888,500.0,5.3209,0.1661,5.487
1628,-251.6019,1144.3238,5.154252e-03,5.121477e+03,6.034782e+03,-0.169788,0.241318,-64.5336,25.6131,500.0,5.1918,0.1478,5.3397
1629,-250.8994,1144.3238,4.007329e-03,3.298589e+03,7.298451e+03,-0.172759,0.241259,-64.5114,25.6011,500.0,5.217,0.16,5.377
1630,-251.1772,1144.3238,3.389080e-03,3.230281e+03,6.602938e+03,-0.160593,0.241841,-64.499,25.598,500.0,5.2977,0.1882,5.4859
1631,-250.8823,1144.3238,3.862655e-03,4.542271e+03,6.763519e+03,-0.154139,0.242194,-64.5024,25.5956,500.0,5.2179,0.1679,5.3858
1632,-251.8303,1144.3238,4.884422e-03,2.212633e+03,6.742015e+03,-0.154125,0.242214,-64.5163,25.6087,500.0,5.1697,0.1505,5.3202
1633,-250.6178,1144.3238,4.892063e-03,3.778860e+03,6.335591e+03,-0.156305,0.242216,-64.4719,25.5734,500.0,5.5251,0.1668,5.6919
1634,-251.1814,1144.3238,5.949305e-03,2.791859e+03,5.968265e+03,-0.152734,0.242537,-64.4946,25.5904,500.0,5.2869,0.2474,5.5343
1635,-250.8124,1144.3238,4.505425e-03,1.359105e+03,7.221075e+03,-0.162202,0.242187,-64.5018,25.5813,500.0,5.3068,0.1619,5.4687
1636,-251.0306,1144.3238,4.787052e-03,2.381955e+03,7.441594e+03,-0.149876,0.242617,-64.4971,25.5911,500.0,5.1622,0.1677,5.3299
1637,-250.765,1144.3238,2.602893e-03,3.079543e+03,6.918498e+03,-0.151806,0.242559,-64.4889,25.5885,500.0,5.2733,0.2391,5.5124
1638,-251.4188,1144.3238,2.013495e-02,2.924334e+03,6.821567e+03,-0.165231,0.242101,-64.4941,25.6009,500.0,5.1215,0.1554,5.2769
1639,-250.9913,1144.3238,3.609735e-03,2.136236e+03,6.906082e+03,-0.142896,0.243038,-64.4918,25.5916,500.0,5.1161,0.1624,5.2785
1640,-251.2181,1144.3238,4.075089e-03,4.182231e+03,7.628496e+03,-0.143481,0.243055,-64.4968,25.5984,500.0,5.3389,0.1626,5.5015
1641,-250.9265,1144.3238,3.026895e-03,2.685054e+03,6.348454e+03,-0.15412,0.242558,-64.4874,25.5936,500.0,5.1455,0.154,5.2994
1642,-251.2627,1144.3238,4.558060e-03,5.204637e+03,6.918536e+03,-0.150188,0.242638,-64.4826,25.5902,500.0,5.2654,0.1583,5.4237
1643,-251.0242,1144.3238,4.449700e-03,2.246167e+03,6.834014e+03,-0.134295,0.243495,-64.4865,25.5903,500.0,5.1785,0.1488,5.3273
1644,-250.7715,1144.3238,4.366633e-03,3.717653e+03,7.112886e+03,-0.138008,0.243491,-64.4669,25.5778,500.0,5.1978,0.2993,5.4971
1645,-251.0897,1144.3238,4.040992e-03,2.290641e+03,6.967363e+03,-0.140682,0.24349,-64.4629,25.5784,500.0,5.0964,0.1634,5.2598
1646,-250.8966,1144.3238,4.019659e-03,3.584714e+03,8.113894e+03,-0.134113,0.243575,-64.4721,25.5785,500.0,4.9468,0.1661,5.1129
1647,-250.7167,1144.3238,3.057350e-03,2.846891e+03,6.835938e+03,-0.143958,0.243381,-64.4794,25.5861,500.0,5.3639,0.1633,5.5271
1648,-251.2026,1144.3238,5.706272e-03,2.841659e+03,6.938674e+03,-0.138741,0.243468,-64.4797,25.5898,500.0,5.2494,0.1621,5.4115
1649,-251.7093,1144.3238,4.560954e-03,3.212230e+03,7.679306e+03,-0.13343,0.243513,-64.5103,25.6105,500.0,5.1435,0.164,5.3075
1650,-250.8541,1144.3238,3.749386e-03,3.101312e+03,6.188037e+03,-0.128054,0.243836,-64.4759,25.5824,500.0,5.182,0.1618,5.3438
1651,-250.8539,1144.3238,4.176920e-03,5.889750e+03,7.139919e+03,-0.108837,0.244765,-64.4699,25.5771,500.0,5.2749,0.1535,5.4284
1652,-251.1493,1144.3238,3.724182e-03,4.034952e+03,7.162747e+03,-0.102952,0.244799,-64.4972,25.5938,500.0,5.0074,0.1572,5.1645
1653,-251.1411,1144.3238,3.144958e-03,2.957551e+03,6.023470e+03,-0.111987,0.244449,-64.4948,25.5897,500.0,5.4795,0.2098,5.6893
1654,-251.2865,1144.3238,3.730693e-03,3.129042e+03,6.584562e+03,-0.110083,0.244429,-64.5218,25.6138,500.0,5.1727,0.2263,5.399
1655,-251.1983,1144.3238,3.584424e-03,2.279315e+03,7.058676e+03,-0.119158,0.243938,-64.4904,25.5933,500.0,5.2031,0.2327,5.4358
1656,-251.1837,1144.3238,5.525022e-03,1.771943e+03,7.514964e+03,-0.115615,0.244365,-64.5036,25.6068,500.0,5.3683,0.1575,5.5258
1657,-251.6091,1144.3238,3.236754e-03,4.871644e+03,6.359654e+03,-0.125274,0.243859,-64.503,25.6038,500.0,5.4315,0.1608,5.5923
1658,-251.2612,1144.3238,8.719455e-03,3.477951e+03,7.005271e+03,-0.127047,0.243858,-64.4997,25.5949,500.0,5.3617,0.1544,5.5162
1659,-250.6614,1144.3238,5.288010e-03,1.636587e+03,6.682602e+03,-0.117547,0.244358,-64.4873,25.5824,500.0,5.3531,0.1468,5.4999
1660,-250.7692,1144.3238,3.705722e-03,3.477478e+03,6.735446e+03,-0.12792,0.243602,-64.4824,25.5856,500.0,5.1775,0.1536,5.3312
1661,-251.1414,1144.3238,2.933748e-03,5.870726e+03,5.879262e+03,-0.116784,0.244342,-64.4832,25.593,500.0,5.4089,0.1505,5.5594
1662,-250.8645,1144.3238,3.362446e-03,3.225613e+03,6.692264e+03,-0.109605,0.244429,-64.4799,25.5883,500.0,5.1143,0.1481,5.2624
1663,-250.9397,1144.3238,3.279404e-03,4.203971e+03,6.871154e+03,-0.110566,0.244423,-64.4957,25.5949,500.0,5.7367,0.1616,5.8984
1664,-250.7029,1144.3238,2.996822e-03,2.135796e+03,6.864336e+03,-0.107305,0.24445,-64.4586,25.5745,500.0,5.3454,0.1562,5.5016
1665,-250.9552,1144.3238,5.575673e-03,3.475007e+03,7.049525e+03,-0.111121,0.244429,-64.4688,25.5851,500.0,5.1638,0.1446,5.3084
1666,-251.1786,1144.3238,4.415992e-03,3.153221e+03,6.819429e+03,-0.097211,0.244818,-64.4784,25.5883,500.0,5.1813,0.1598,5.3412
1667,-251.3318,1144.3238,5.699632e-03,5.094869e+03,6.362708e+03,-0.107079,0.244678,-64.4772,25.5884,500.0,5.3116,0.273,5.5846
1668,-251.0411,1144.3238,4.217686e-03,5.707039e+03,6.762155e+03,-0.111692,0.244685,-64.4719,25.5919,500.0,5.4587,0.1499,5.6086
1669,-250.8702,1144.3238,4.996050e-03,4.835185e+03,6.880233e+03,-0.098052,0.2449,-64.4659,25.5797,500.0,5.3686,0.1535,5.5221
1670,-250.8338,1144.3238,4.342930e-03,3.154191e+03,6.733060e+03,-0.08898,0.245244,-64.4703,25.58,500.0,5.4795,0.1612,5.6407
1671,-251.4233,1144.3238,3.749382e-03,5.040412e+03,6.948770e+03,-0.107621,0.244785,-64.4872,25.5993,500.0,5.2494,0.1721,5.4215
1672,-251.1315,1144.3238,5.262393e-03,5.708527e+03,7.327446e+03,-0.093583,0.245239,-64.4778,25.5884,500.0,5.2391,0.2589,5.498
1673,-250.8924,1144.3238,4.008379e-03,5.334027e+03,6.596125e+03,-0.095759,0.245138,-64.467,25.5793,500.0,5.2746,0.1543,5.4289
1674,-250.9348,1144.3238,3.754279e-03,1.740222e+03,7.127590e+03,-0.109834,0.244765,-64.4643,25.5769,500.0,5.2224,0.2139,5.4362
1675,-251.1459,1144.3238,4.319625e-03,3.961127e+03,7.265003e+03,-0.094763,0.245218,-64.4725,25.5862,500.0,5.2305,0.2194,5.4499
1676,-250.8102,1144.3238,3.934264e-03,3.095767e+03,6.471113e+03,-0.088725,0.245733,-64.4695,25.5871,500.0,5.058,0.1565,5.2145
1677,-251.0097,1144.3238,4.173537e-03,5.444231e+03,6.444012e+03,-0.093657,0.245647,-64.4665,25.5846,500.0,5.0761,0.172,5.2481
1678,-250.456,1144.3238,3.441311e-03,3.859106e+03,6.980919e+03,-0.092276,0.245669,-64.4511,25.5675,500.0,5.193,0.1535,5.3465
1679,-250.786,1144.3238,7.276592e-03,4.247042e+03,6.786251e+03,-0.093118,0.245648,-64.4597,25.5769,500.0,5.3257,0.2067,5.5324
1680,-251.6571,1144.3238,3.106430e-03,2.886999e+03,7.550093e+03,-0.074425,0.24618,-64.4856,25.5992,500.0,5.0927,0.1614,5.2541
1681,-251.3734,1144.3238,4.216049e-03,4.732608e+03,6.898229e+03,-0.072102,0.246094,-64.4846,25.5961,500.0,5.1261,0.1621,5.2882
1682,-251.4406,1144.3238,3.616221e-03,2.311579e+03,6.714566e+03,-0.065822,0.246206,-64.4921,25.6011,500.0,5.1469,0.1634,5.3102
1683,-251.3953,1144.3238,4.247519e-03,5.683785e+03,7.132935e+03,-0.06194,0.246517,-64.4779,25.5953,500.0,5.2603,0.1501,5.4104
1684,-250.8967,1144.3238,3.180758e-03,3.624905e+03,6.457655e+03,-0.069087,0.246122,-64.4568,25.5769,500.0,4.9808,0.2215,5.2023
1685,-250.9339,1144.3238,3.922495e-03,3.684482e+03,6.354877e+03,-0.060217,0.246516,-64.4654,25.5813,500.0,4.9652,0.1563,5.1215
1686,-251.3156,1144.3238,6.610561e-03,2.205699e+03,7.220859e+03,-0.053773,0.24703,-64.4875,25.5934,500.0,5.08,0.1656,5.2456
1687,-250.9002,1144.3238,7.396790e-03,1.856764e+03,7.156747e+03,-0.05049,0.247306,-64.4704,25.585,500.0,5.1336,0.2129,5.3465
1688,-251.2532,1144.3238,6.901231e-03,2.615769e+03,6.820252e+03,-0.031504,0.24825,-64.4672,25.5848,500.0,5.147,0.1543,5.3012
1689,-250.7407,1144.3238,2.810823e-03,3.101976e+03,5.997716e+03,-0.036479,0.247821,-64.4674,25.581,500.0,5.2508,0.1773,5.428
1690,-251.4574,1144.3238,4.100963e-03,2.037317e+03,5.502637e+03,-0.033025,0.247816,-64.4861,25.6032,500.0,5.2849,0.1579,5.4429
1691,-250.9355,1144.3238,3.222027e-03,4.273178e+03,6.921849e+03,-0.027148,0.248257,-64.477,25.5836,500.0,5.1403,0.3066,5.4469
1692,-251.119,1144.3238,3.680439e-03,3.351715e+03,8.121257e+03,-0.024034,0.24836,-64.4793,25.5891,500.0,5.1012,0.1621,5.2633
1693,-251.1369,1144.3238,5.476251e-03,5.564131e+03,6.923589e+03,-0.0239,0.248278,-64.4808,25.5888,500.0,5.2541,0.1667,5.4208
1694,-251.264,1144.3238,1.055613e-02,3.475851e+03,6.590071e+03,-0.008004,0.248719,-64.492,25.5963,500.0,5.2933,0.1855,5.4788
1695,-251.213,1144.3238,4.966136e-03,1.570264e+03,6.565135e+03,-0.00229,0.248783,-64.475,25.5846,500.0,5.1467,0.1615,5.3082
1696,-251.2752,1144.3238,3.618562e-03,2.952908e+03,7.297062e+03,0.003102,0.249054,-64.4889,25.5946,500.0,5.6435,0.2255,5.869
1697,-250.6571,1144.3238,3.630123e-03,2.155587e+03,6.325953e+03,-0.002309,0.248783,-64.4605,25.574,500.0,5.1217,0.1686,5.2903
1698,-251.2178,1144.3238,2.112374e-02,2.230013e+03,6.090039e+03,-0.001185,0.248803,-64.4896,25.5964,500.0,5.3557,0.1654,5.5211
1699,-250.6805,1144.3238,4.041807e-03,3.604467e+03,6.424509e+03,0.006642,0.249144,-64.4746,25.5807,500.0,5.182,0.1552,5.3372
1700,-250.9593,1144.3238,3.690766e-03,2.796208e+03,7.140457e+03,0.009282,0.249639,-64.4819,25.5918,500.0,5.1146,0.1651,5.2797
1701,-250.9646,1144.3238,5.666762e-03,8.601245e+03,7.271784e+03,0.012257,0.24989,-64.4543,25.5725,500.0,5.2141,0.1639,5.378
1702,-250.5757,1144.3238,4.352253e-03,2.387310e+03,5.985024e+03,0.012848,0.24989,-64.4621,25.5785,500.0,5.2796,0.1709,5.4504
1703,-250.9791,1144.3238,5.103289e-03,2.438206e+03,7.000772e+03,0.003717,0.249143,-64.4678,25.5843,500.0,5.2772,0.1674,5.4446
1704,-251.6763,1144.3238,5.904180e-03,2.019132e+03,7.132411e+03,-0.002845,0.249038,-64.4817,25.6,500.0,5.281,0.1611,5.4421
1705,-250.8193,1144.3238,5.003384e-03,2.286000e+03,6.710959e+03,-0.002115,0.249033,-64.4792,25.6003,500.0,5.2542,0.1573,5.4115
1706,-250.7444,1144.3238,4.508491e-03,2.233805e+03,6.526193e+03,-0.004472,0.248804,-64.4606,25.5805,500.0,5.1362,0.1562,5.2924
1707,-251.2165,1144.3238,4.030555e-03,2.416991e+03,6.982089e+03,-0.017575,0.248609,-64.4935,25.6162,500.0,5.5238,0.1553,5.6791
1708,-250.6447,1144.3238,4.081309e-03,3.414721e+03,6.167875e+03,-0.024592,0.248334,-64.4513,25.5797,500.0,5.3709,0.1527,5.5236
1709,-251.5205,1144.3238,5.488122e-03,2.744081e+03,6.145648e+03,-0.016733,0.248677,-64.49,25.6036,500.0,5.1346,0.1615,5.296
1710,-250.8752,1144.3238,7.539540e-03,3.788625e+03,6.711159e+03,-0.017685,0.248691,-64.472,25.5843,500.0,5.0119,0.1554,5.1673
1711,-251.1873,1144.3238,4.648409e-03,3.131423e+03,6.782820e+03,-0.015612,0.24872,-64.5043,25.603,500.0,5.1611,0.1671,5.3282
1712,-250.8795,1144.3238,3.800045e-03,5.557958e+03,6.583019e+03,-0.015802,0.248719,-64.4816,25.5889,500.0,5.3794,0.1695,5.5489
1713,-250.704,1144.3238,4.209836e-03,2.021092e+03,6.947959e+03,-0.015321,0.248725,-64.4698,25.5858,500.0,5.3062,0.1576,5.4639
1714,-251.3872,1144.3238,3.491166e-03,2.458228e+03,6.370721e+03,-0.020997,0.248691,-64.503,25.6082,500.0,5.5049,0.1845,5.6895
1715,-252.027,1144.3238,3.747657e-03,7.037256e+03,7.172593e+03,-0.023705,0.24867,-64.5307,25.6202,500.0,5.2994,0.1477,5.4471
1716,-251.2568,1144.3238,6.764565e-03,5.245387e+03,7.141517e+03,-0.034114,0.247842,-64.4833,25.5928,500.0,5.1115,0.1989,5.3104
1717,-251.0705,1144.3238,5.798255e-03,4.359598e+03,6.201746e+03,-0.0326,0.248256,-64.4918,25.5767,500.0,5.2716,0.2191,5.4907
1718,-251.796,1144.3238,4.697298e-03,4.178261e+03,7.090654e+03,-0.043427,0.247486,-64.5488,25.6442,500.0,5.3744,0.1618,5.5362
1719,-250.5667,1144.3238,4.201796e-03,3.441578e+03,6.566335e+03,-0.04627,0.247506,-64.4797,25.584,500.0,5.4618,0.2318,5.6936
1720,-251.3007,1144.3238,3.339069e-03,3.406677e+03,6.671842e+03,-0.044635,0.247739,-64.5121,25.6086,500.0,5.2342,0.1688,5.403
1721,-251.4437,1144.3238,4.964917e-03,1.012085e+04,6.452409e+03,-0.047996,0.247482,-64.5365,25.6234,500.0,5.1133,0.1862,5.2995
1722,-251.5048,1144.3238,6.511849e-03,2.334130e+03,6.775485e+03,-0.038892,0.247838,-64.5123,25.6001,500.0,5.2189,0.1455,5.3644
1723,-251.5539,1144.3238,5.691886e-03,5.553729e+03,6.550418e+03,-0.048327,0.247487,-64.5279,25.6079,500.0,5.6293,0.1602,5.7896
1724,-251.5022,1144.3238,5.040722e-03,1.961639e+03,6.482189e+03,-0.043795,0.247755,-64.5577,25.5966,500.0,5.2031,0.2108,5.4139
1725,-251.3031,1144.3238,5.546191e-03,3.901979e+03,7.091943e+03,-0.041819,0.247818,-64.5399,25.6406,500.0,5.1667,0.1536,5.3204
1726,-251.3316,1144.3238,4.167923e-03,2.455271e+03,7.227760e+03,-0.033367,0.248339,-64.5663,25.6098,500.0,5.3537,0.1523,5.506
1727,-251.2586,1144.3238,4.179954e-03,6.533295e+03,7.891390e+03,-0.019544,0.248787,-64.5148,25.6098,500.0,5.6336,0.208,5.8416
1728,-251.6026,1144.3238,3.982848e-03,3.079145e+03,6.502222e+03,-0.011603,0.249053,-64.5041,25.6048,500.0,5.233,0.2426,5.4756
1729,-251.8106,1144.3238,5.014443e-03,3.764603e+03,6.610519e+03,-0.01009,0.24906,-64.5325,25.6241,500.0,4.9476,0.2569,5.2045
1730,-250.8461,1144.3238,2.699760e-03,3.636083e+03,6.335353e+03,-0.017182,0.248788,-64.4961,25.5895,500.0,5.1632,0.1672,5.3304
1731,-251.5898,1144.3238,3.028145e-03,1.638521e+03,6.722656e+03,-0.013086,0.249034,-64.5637,25.6191,500.0,5.2816,0.1543,5.4359
1732,-251.7391,1144.3238,4.006064e-03,3.651777e+03,7.210331e+03,-0.014004,0.248788,-64.5592,25.6408,500.0,5.2214,0.1715,5.3929
1733,-251.2011,1144.3238,3.819519e-03,2.092470e+03,6.848871e+03,-0.018382,0.2487,-64.5249,25.6106,500.0,5.2488,0.2274,5.4762
1734,-251.8098,1144.3238,3.296816e-03,3.255655e+03,6.264605e+03,-0.014374,0.248724,-64.5371,25.6288,500.0,5.3667,0.1764,5.5431
1735,-250.9267,1144.3238,2.942628e-03,3.244029e+03,6.878934e+03,-0.012702,0.248808,-64.5361,25.6217,500.0,5.2661,0.1458,5.4119
1736,-251.4198,1144.3238,3.597919e-03,2.586128e+03,6.602155e+03,-0.010382,0.249122,-64.5075,25.618,500.0,5.3277,0.1508,5.4785
1737,-251.2999,1144.3238,3.833482e-03,4.863255e+03,6.519373e+03,-0.00254,0.249645,-64.4879,25.5958,500.0,5.2472,0.149,5.3962
1738,-251.0832,1144.3238,3.992975e-03,4.423003e+03,6.874525e+03,0.008067,0.25,-64.5263,25.5826,500.0,5.2037,0.1723,5.376
1739,-251.5416,1144.3238,4.326265e-03,1.997111e+03,7.756291e+03,-0.006302,0.249143,-64.5139,25.6091,500.0,5.295,0.2827,5.5777
1740,-251.9868,1144.3238,4.348721e-03,4.230444e+03,7.001603e+03,-0.009542,0.249053,-64.5487,25.6308,500.0,5.4419,0.1592,5.6011
1741,-251.6275,1144.3238,6.885662e-03,2.896001e+03,6.448920e+03,-0.005601,0.249137,-64.5145,25.6054,500.0,5.2278,0.153,5.3808
1742,-251.6505,1144.3238,3.091506e-03,4.519473e+03,6.424354e+03,-0.004993,0.249138,-64.5756,25.6483,500.0,5.0731,0.1616,5.2346
1743,-251.6286,1144.3238,4.617674e-03,3.232191e+03,6.872878e+03,-0.001716,0.249645,-64.5519,25.6352,500.0,5.2228,0.1579,5.3806
1744,-251.6902,1144.3238,3.557956e-03,3.622649e+03,7.100505e+03,-0.006232,0.24956,-64.5282,25.6261,500.0,5.2481,0.1643,5.4124
1745,-251.3186,1144.3238,4.009102e-03,4.253163e+03,6.314274e+03,-0.007287,0.24956,-64.5297,25.6063,500.0,5.331,0.1686,5.4996
1746,-251.4413,1144.3238,5.311309e-03,3.939638e+03,6.703467e+03,-0.014484,0.249116,-64.5376,25.6022,500.0,5.249,0.1627,5.4116
1747,-250.9329,1144.3238,4.424885e-03,4.003808e+03,6.077677e+03,-0.013278,0.249055,-64.501,25.5985,500.0,5.3046,0.1649,5.4695
1748,-251.0508,1144.3238,4.861411e-03,2.721988e+03,6.563428e+03,-0.007256,0.249561,-64.5007,25.5962,500.0,5.2953,0.1616,5.4569
1749,-251.6015,1144.3238,3.029719e-03,4.314793e+03,6.198504e+03,-0.015646,0.248788,-64.5564,25.6322,500.0,5.3609,0.1591,5.52
1750,-251.2812,1144.3238,3.843215e-03,3.981116e+03,7.048958e+03,0.001689,0.249659,-64.5478,25.6206,500.0,5.2228,0.1736,5.3964
1751,-251.479,1144.3238,4.404983e-03,7.277545e+03,6.289646e+03,-0.01269,0.249054,-64.5197,25.6236,500.0,5.193,0.1724,5.3654
1752,-251.3743,1144.3238,4.006181e-03,2.537122e+03,7.209115e+03,-0.01562,0.248783,-64.4914,25.6082,500.0,5.5898,0.1787,5.7684
1753,-251.9485,1144.3238,4.757413e-03,6.401381e+03,6.566253e+03,-0.010159,0.249116,-64.4712,25.6109,500.0,5.189,0.1582,5.3472
1754,-251.3911,1144.3238,6.419433e-03,5.765149e+03,6.921279e+03,-0.013235,0.249034,-64.523,25.6305,500.0,5.3929,0.1683,5.5612
1755,-251.0423,1144.3238,3.127039e-03,3.583255e+03,6.381348e+03,-0.024671,0.24867,-64.4753,25.6011,500.0,5.026,0.2065,5.2325
1756,-251.2839,1144.3238,4.315132e-03,4.193271e+03,6.590658e+03,-0.021787,0.248693,-64.4932,25.6058,500.0,5.231,0.1852,5.4162
1757,-251.5546,1144.3238,4.653949e-03,5.083262e+03,7.108876e+03,-0.015206,0.248808,-64.5196,25.6235,500.0,5.1606,0.1595,5.32
1758,-251.2711,1144.3238,4.613808e-03,2.020973e+03,7.935659e+03,-0.025363,0.248672,-64.5025,25.6211,500.0,5.1715,0.1515,5.3231
1759,-251.5688,1144.3238,4.555142e-03,4.385193e+03,6.594581e+03,-0.032093,0.248336,-64.5078,25.6182,500.0,5.1265,0.194,5.3205
1760,-251.679,1144.3238,4.980843e-03,4.857505e+03,6.872657e+03,-0.014401,0.249038,-64.5108,25.627,500.0,5.1843,0.1627,5.347
1761,-250.8032,1144.3238,3.107092e-03,3.872465e+03,7.421834e+03,-0.023643,0.248698,-64.5051,25.5956,500.0,5.2605,0.148,5.4085
1762,-250.9817,1144.3238,4.692042e-03,3.434189e+03,6.731858e+03,-0.014538,0.249034,-64.5016,25.5894,500.0,5.4824,0.1632,5.6457
1763,-251.2753,1144.3238,5.130753e-03,3.506224e+03,7.507789e+03,-0.011176,0.249121,-64.5291,25.5957,500.0,5.2508,0.1476,5.3984
1764,-251.2001,1144.3238,4.533876e-03,3.771591e+03,6.242800e+03,-0.000102,0.249665,-64.51,25.6225,500.0,5.3324,0.2032,5.5356
1765,-251.4388,1144.3238,3.751664e-03,3.915113e+03,7.567248e+03,-0.001394,0.249577,-64.556,25.6608,500.0,5.3591,0.1989,5.5579
1766,-251.0841,1144.3238,6.537860e-03,2.641238e+03,6.541586e+03,0.002989,0.249895,-64.4873,25.6053,500.0,5.3417,0.1568,5.4984
1767,-251.2374,1144.3238,4.483564e-03,3.855582e+03,7.022821e+03,0.011874,0.250026,-64.5469,25.6479,500.0,5.6073,0.2549,5.8622
1768,-251.3604,1144.3238,3.210596e-03,4.853118e+03,5.646031e+03,0.017419,0.250111,-64.5103,25.6192,500.0,5.382,0.1948,5.5768
1769,-251.2316,1144.3238,3.414544e-03,3.685889e+03,6.249766e+03,0.012658,0.250084,-64.5084,25.6093,500.0,5.3057,0.1609,5.4666
1770,-251.5285,1144.3238,4.362613e-03,6.792046e+03,7.282874e+03,0.017999,0.250436,-64.519,25.6176,500.0,5.1903,0.2119,5.4022
1771,-251.2027,1144.3238,4.186439e-03,3.234102e+03,6.770706e+03,0.029971,0.251197,-64.4788,25.5881,500.0,5.2676,0.1521,5.4198
1772,-250.8441,1144.3238,4.385053e-03,2.675202e+03,7.340292e+03,0.035865,0.251297,-64.4928,25.59,500.0,5.2149,0.2195,5.4344
1773,-250.7066,1144.3238,3.020047e-03,2.302928e+03,6.008885e+03,0.046961,0.251406,-64.5063,25.5759,500.0,5.5419,0.1526,5.6945
1774,-251.5023,1144.3238,3.922746e-03,4.970097e+03,6.782402e+03,0.041142,0.2513,-64.5042,25.6074,500.0,5.4966,0.1493,5.646
1775,-251.9915,1144.3238,5.231525e-03,2.620385e+03,7.468637e+03,0.057988,0.25217,-64.5805,25.6509,500.0,5.1262,0.2764,5.4026
1776,-251.928,1144.3238,4.447936e-03,5.010378e+03,6.713834e+03,0.050661,0.251655,-64.5336,25.6175,500.0,5.4389,0.1939,5.6328
1777,-251.523,1144.3238,5.591747e-03,3.703349e+03,7.184305e+03,0.051889,0.251659,-64.5189,25.634,500.0,5.1787,0.1513,5.33
1778,-251.1553,1144.3238,4.074414e-03,2.490246e+03,7.202753e+03,0.055632,0.251717,-64.5091,25.6257,500.0,5.6063,0.2,5.8063
1779,-251.1835,1144.3238,5.482420e-03,9.793369e+03,6.258624e+03,0.059729,0.251741,-64.5042,25.5764,500.0,5.3826,0.164,5.5466
1780,-251.6453,1144.3238,8.410259e-03,5.234925e+03,7.133710e+03,0.060967,0.252165,-64.5283,25.6267,500.0,5.2968,0.157,5.4537
1781,-251.9624,1144.3238,4.849542e-03,3.957521e+03,7.317214e+03,0.069498,0.252273,-64.622,25.6417,500.0,5.4477,0.166,5.6137
1782,-251.4257,1144.3238,9.284493e-03,3.151459e+03,7.290973e+03,0.071474,0.252521,-64.5382,25.6168,500.0,5.6416,0.2573,5.8989
1783,-251.3174,1144.3238,4.415352e-03,3.505742e+03,7.033146e+03,0.085188,0.252714,-64.5584,25.6448,500.0,6.0856,0.27,6.3556
1784,-251.4038,1144.3238,4.812527e-03,3.705683e+03,6.603299e+03,0.086414,0.252693,-64.5816,25.679,500.0,6.0802,0.3278,6.4081
1785,-251.9208,1144.3238,4.654075e-03,5.782569e+03,6.648832e+03,0.099737,0.253572,-64.5306,25.659,500.0,5.1058,0.151,5.2568
1786,-251.6297,1144.3238,5.038258e-03,3.356216e+03,6.761201e+03,0.086572,0.252959,-64.5244,25.6335,500.0,5.2361,0.1538,5.3899
1787,-251.964,1144.3238,5.318960e-03,5.571988e+03,6.675219e+03,0.082478,0.252935,-64.5231,25.6333,500.0,5.0095,0.2867,5.2963
1788,-251.2216,1144.3238,3.259708e-03,3.089990e+03,6.285535e+03,0.087659,0.253022,-64.5152,25.6075,500.0,5.2735,0.1602,5.4337
1789,-251.1119,1144.3238,4.903726e-03,1.930719e+03,6.822778e+03,0.096139,0.253571,-64.5351,25.6166,500.0,5.1076,0.1904,5.298
1790,-251.2942,1144.3238,3.899910e-03,3.567406e+03,6.259200e+03,0.096331,0.253798,-64.5257,25.6372,500.0,5.1279,0.1638,5.2918
1791,-251.5592,1144.3238,3.773830e-03,2.778186e+03,6.555438e+03,0.081018,0.252961,-64.4818,25.6105,500.0,5.1485,0.1596,5.3081
1792,-250.9319,1144.3238,3.123390e-03,3.915804e+03,6.518382e+03,0.081563,0.252959,-64.4771,25.5995,500.0,5.1561,0.1636,5.3197
1793,-252.0862,1144.3238,9.476078e-03,3.947532e+03,7.238896e+03,0.092049,0.253495,-64.5131,25.6121,500.0,5.2249,0.1523,5.3772
1794,-251.4352,1144.3238,8.944069e-03,3.890591e+03,6.768449e+03,0.089476,0.253042,-64.49,25.604,500.0,5.2088,0.2021,5.4109
1795,-250.6776,1144.3238,3.689631e-03,4.751163e+03,6.641901e+03,0.100778,0.253798,-64.459,25.6,500.0,5.0668,0.1816,5.2484
1796,-251.5014,1144.3238,3.807813e-03,4.523013e+03,6.673120e+03,0.09003,0.253036,-64.473,25.6023,500.0,5.0975,0.1794,5.2769
1797,-251.2513,1144.3238,4.200821e-03,7.269427e+03,6.311786e+03,0.090178,0.253042,-64.473,25.6016,500.0,5.6487,0.3056,5.9543
1798,-251.8376,1144.3238,5.155755e-03,5.603191e+03,7.376979e+03,0.103344,0.253879,-64.5373,25.635,500.0,5.2823,0.3533,5.6356
1799,-251.9481,1144.3238,3.570392e-03,2.949506e+03,6.804526e+03,0.110925,0.253995,-64.5438,25.6138,500.0,5.3942,0.154,5.5482
1800,-251.5493,1144.3238,5.337000e-03,6.492963e+03,6.618606e+03,0.10176,0.253881,-64.5403,25.6346,500.0,5.1779,0.1539,5.3318
1801,-251.2611,1144.3238,6.359387e-03,5.825901e+03,6.979701e+03,0.106807,0.253928,-64.4664,25.6043,500.0,5.3585,0.1641,5.5226
1802,-251.5721,1144.3238,4.735745e-03,9.891469e+03,7.885399e+03,0.094838,0.253493,-64.5171,25.6258,500.0,5.2957,0.1681,5.4638
1803,-250.5226,1144.3238,7.683299e-03,3.032777e+03,6.204735e+03,0.092012,0.253488,-64.4325,25.5812,500.0,4.9402,0.1538,5.0941
1804,-251.2333,1144.3238,8.862220e-03,4.232264e+03,6.125250e+03,0.102766,0.253908,-64.4776,25.5832,500.0,5.0132,0.166,5.1792
1805,-251.338,1144.3238,4.666734e-03,6.525562e+03,7.045933e+03,0.099432,0.253817,-64.534,25.61,500.0,5.3357,0.1599,5.4955
1806,-251.2396,1144.3238,5.959210e-03,5.089618e+03,6.468278e+03,0.101783,0.253879,-64.455,25.5876,500.0,5.1089,0.199,5.3078
1807,-250.0521,1144.3238,4.705542e-03,3.279031e+03,7.287376e+03,0.106593,0.253927,-64.4041,25.5584,500.0,5.4057,0.1502,5.5558
1808,-251.7165,1144.3238,4.231126e-03,2.837836e+03,6.598081e+03,0.104625,0.253901,-64.4534,25.6089,500.0,5.3007,0.154,5.4547
1809,-250.8683,1144.3238,4.320711e-03,2.386203e+03,6.963916e+03,0.092691,0.253552,-64.4697,25.5907,500.0,5.2051,0.177,5.3821
1810,-251.5357,1144.3238,3.828160e-03,3.861646e+03,6.979679e+03,0.09132,0.253488,-64.4982,25.6417,500.0,5.276,0.1737,5.4497
1811,-250.9905,1144.3238,3.824788e-03,3.514204e+03,5.839414e+03,0.099765,0.253817,-64.437,25.5738,500.0,5.0978,0.159,5.2568
1812,-250.1565,1144.3238,2.629073e-03,4.071568e+03,6.198250e+03,0.096044,0.253577,-64.4068,25.5511,500.0,5.1848,0.161,5.3458
1813,-251.208,1144.3238,4.368982e-03,4.134220e+03,5.989813e+03,0.099915,0.253824,-64.4413,25.5879,500.0,4.9338,0.1591,5.0929
1814,-251.2255,1144.3238,4.243046e-03,3.029500e+03,7.336864e+03,0.110787,0.254239,-64.437,25.5681,500.0,4.9911,0.1538,5.1449
1815,-250.8298,1144.3238,3.532262e-03,4.273896e+03,6.982879e+03,0.106775,0.254234,-64.4201,25.575,500.0,5.1348,0.1553,5.2901
1816,-251.3418,1144.3238,7.379967e-03,6.601820e+03,6.980749e+03,0.107338,0.25424,-64.4414,25.582,500.0,5.6751,0.3094,5.9844
1817,-250.3274,1144.3238,3.428269e-03,3.756382e+03,7.243104e+03,0.116487,0.254794,-64.3853,25.5516,500.0,5.0539,0.221,5.2749
1818,-251.1036,1144.3238,4.401874e-03,5.235080e+03,6.219467e+03,0.111305,0.254256,-64.4239,25.5774,500.0,5.4492,0.1914,5.6407
1819,-250.6148,1144.3238,4.062509e-03,4.685003e+03,6.651414e+03,0.111105,0.254015,-64.3925,25.555,500.0,4.8551,0.1506,5.0057
1820,-250.808,1144.3238,3.550531e-03,4.038055e+03,6.682664e+03,0.115308,0.254016,-64.4305,25.5836,500.0,5.5042,0.3504,5.8546
1821,-250.7843,1144.3238,5.059698e-03,5.752250e+03,6.684235e+03,0.11418,0.254239,-64.4036,25.5657,500.0,5.057,0.1852,5.2421
1822,-251.6622,1144.3238,4.398206e-03,3.438880e+03,6.272942e+03,0.129207,0.255099,-64.4901,25.5873,500.0,5.2272,0.205,5.4322
1823,-251.3146,1144.3238,5.648149e-03,3.877580e+03,6.834626e+03,0.130214,0.254876,-64.4792,25.6345,500.0,5.1143,0.2177,5.332
1824,-251.0041,1144.3238,3.110924e-03,2.296984e+03,6.307106e+03,0.136718,0.255186,-64.4378,25.5904,500.0,5.1237,0.1649,5.2885
1825,-251.4896,1144.3238,3.789423e-03,3.898730e+03,7.150910e+03,0.133214,0.2551,-64.5191,25.6172,500.0,5.2578,0.1577,5.4155
1826,-250.4745,1144.3238,3.911125e-03,3.092691e+03,6.413861e+03,0.134086,0.254881,-64.4012,25.5554,500.0,4.9705,0.2857,5.2562
1827,-250.6503,1144.3238,4.320591e-03,6.190213e+03,7.182892e+03,0.14173,0.25521,-64.443,25.5678,500.0,5.3116,0.164,5.4756
1828,-251.002,1144.3238,5.047351e-03,2.516470e+03,6.454364e+03,0.143702,0.255214,-64.4379,25.568,500.0,5.2404,0.1636,5.404
1829,-251.482,1144.3238,4.708595e-03,5.012900e+03,6.877285e+03,0.144173,0.255235,-64.4231,25.5843,500.0,5.6019,0.151,5.7529
1830,-250.7799,1144.3238,3.832509e-03,4.259399e+03,6.675145e+03,0.141698,0.255183,-64.4643,25.5837,500.0,5.1405,0.1598,5.3003
1831,-251.9948,1144.3238,5.467378e-03,5.465179e+03,7.097893e+03,0.136866,0.254881,-64.4592,25.6045,500.0,5.0641,0.1575,5.2217
1832,-251.2396,1144.3238,4.171043e-03,2.440734e+03,6.504758e+03,0.148677,0.255291,-64.463,25.5894,500.0,5.2088,0.1538,5.3626
1833,-250.104,1144.3238,3.649489e-03,2.317637e+03,6.072099e+03,0.140823,0.255121,-64.4116,25.5671,500.0,5.363,0.1708,5.5337
1834,-250.7985,1144.3238,5.713849e-03,2.436132e+03,6.955842e+03,0.142684,0.255181,-64.4254,25.5549,500.0,5.1773,0.1684,5.3457
1835,-251.0173,1144.3238,4.522352e-03,2.799900e+03,7.139342e+03,0.149467,0.25521,-64.4392,25.5648,500.0,5.3145,0.1545,5.469
1836,-250.5984,1144.3238,3.409215e-03,4.329297e+03,7.995480e+03,0.153091,0.255234,-64.3539,25.5353,500.0,5.3074,0.3013,5.6087
1837,-251.0175,1144.3238,6.162351e-03,4.430847e+03,6.400437e+03,0.151306,0.25529,-64.4311,25.5809,500.0,5.3488,0.2056,5.5544
1838,-250.6309,1144.3238,3.425086e-03,4.187025e+03,7.177072e+03,0.15588,0.25554,-64.4139,25.5627,500.0,5.577,0.1739,5.7509
1839,-251.3485,1144.3238,3.980460e-03,2.848770e+03,5.860669e+03,0.161998,0.256082,-64.4743,25.5981,500.0,5.2481,0.1615,5.4096
1840,-250.6451,1144.3238,4.460115e-03,4.622352e+03,5.461960e+03,0.166964,0.256178,-64.4005,25.556,500.0,4.9848,0.1617,5.1465
1841,-250.1255,1144.3238,3.686556e-03,3.304616e+03,6.308905e+03,0.1733,0.256509,-64.4054,25.5728,500.0,5.2862,0.1643,5.4505
1842,-250.1309,1144.3238,4.189478e-03,2.814781e+03,6.536149e+03,0.180219,0.256537,-64.3737,25.54,500.0,5.2531,0.1538,5.4069
1843,-250.3963,1144.3238,4.358002e-03,2.753549e+03,7.318572e+03,0.17403,0.256484,-64.3984,25.5412,500.0,5.3509,0.1569,5.5079
1844,-251.1334,1144.3238,4.972152e-03,3.341705e+03,7.457408e+03,0.186392,0.256862,-64.4484,25.5971,500.0,5.0767,0.1569,5.2336
1845,-250.8859,1144.3238,5.634215e-03,3.006194e+03,7.169424e+03,0.203411,0.257787,-64.4317,25.5589,500.0,5.124,0.1575,5.2815
1846,-251.0971,1144.3238,3.352899e-03,4.025521e+03,7.283480e+03,0.225255,0.258712,-64.4905,25.6015,500.0,5.2988,0.1606,5.4594
1847,-250.7042,1144.3238,6.759130e-03,2.937580e+03,6.498154e+03,0.214809,0.25792,-64.4437,25.5744,500.0,5.004,0.1606,5.1646
1848,-250.6351,1144.3238,3.559953e-03,2.713446e+03,7.077479e+03,0.220375,0.258161,-64.4291,25.5752,500.0,5.2366,0.1625,5.3991
1849,-250.9528,1144.3238,5.940591e-03,2.911819e+03,7.992077e+03,0.238732,0.259094,-64.496,25.6017,500.0,5.329,0.1529,5.482
1850,-250.8592,1144.3238,3.043012e-03,2.707933e+03,6.637148e+03,0.228323,0.258706,-64.4153,25.5707,500.0,5.2123,0.1607,5.373
1851,-250.8994,1144.3238,3.602432e-03,3.882608e+03,5.584807e+03,0.241153,0.259034,-64.4395,25.5736,500.0,5.0672,0.1652,5.2324
1852,-250.3228,1144.3238,3.251620e-03,4.812922e+03,6.090132e+03,0.222662,0.258135,-64.4271,25.5719,500.0,5.2337,0.165,5.3988
1853,-251.0236,1144.3238,3.493548e-03,2.893045e+03,7.070713e+03,0.229264,0.258685,-64.451,25.595,500.0,5.2481,0.18,5.4281
1854,-251.186,1144.3238,4.805483e-03,2.479695e+03,7.078606e+03,0.232584,0.258765,-64.439,25.5702,500.0,5.2461,0.1565,5.4026
1855,-251.2682,1144.3238,4.419014e-03,4.357975e+03,6.095216e+03,0.232943,0.258711,-64.5042,25.6014,500.0,5.331,0.1557,5.4867
1856,-250.6106,1144.3238,3.163186e-03,3.606029e+03,6.901000e+03,0.240102,0.259113,-64.4391,25.6002,500.0,5.0479,0.2181,5.266
1857,-251.0255,1144.3238,4.163530e-03,3.719524e+03,6.364041e+03,0.2344,0.259115,-64.5416,25.5828,500.0,5.2654,0.1656,5.4309
1858,-250.83,1144.3238,4.230863e-03,4.279628e+03,6.833990e+03,0.231679,0.259089,-64.4412,25.5698,500.0,5.2525,0.1589,5.4115
1859,-250.5934,1144.3238,4.975995e-03,4.026357e+03,6.337941e+03,0.246291,0.259541,-64.3971,25.5678,500.0,5.0249,0.1581,5.1829
1860,-250.7974,1144.3238,3.099323e-03,3.319108e+03,6.573282e+03,0.244546,0.259461,-64.4044,25.5462,500.0,5.1029,0.1714,5.2744
1861,-250.7041,1144.3238,4.307364e-03,5.301841e+03,6.450548e+03,0.245983,0.259517,-64.4093,25.554,500.0,5.2271,0.164,5.3911
1862,-250.6305,1144.3238,4.914192e-03,2.841322e+03,5.911025e+03,0.238987,0.25914,-64.4184,25.5793,500.0,5.0489,0.1532,5.2021
1863,-250.7241,1144.3238,5.212743e-03,7.777526e+03,7.035581e+03,0.234092,0.259094,-64.3826,25.5625,500.0,5.2304,0.1636,5.394
1864,-251.0898,1144.3238,3.558780e-03,3.334647e+03,6.210529e+03,0.244595,0.259437,-64.3858,25.5535,500.0,5.3496,0.1578,5.5074
1865,-251.0117,1144.3238,3.715409e-03,3.079160e+03,6.233012e+03,0.241798,0.259135,-64.4699,25.598,500.0,5.1978,0.1703,5.3681
1866,-250.8826,1144.3238,4.649618e-03,3.801542e+03,7.654338e+03,0.234655,0.259028,-64.453,25.5646,500.0,5.2614,0.1565,5.4179
1867,-250.8239,1144.3238,5.183354e-03,2.747331e+03,6.225639e+03,0.223389,0.258236,-64.3725,25.5643,500.0,5.0549,0.1616,5.2166
1868,-250.4704,1144.3238,3.700289e-03,2.673517e+03,6.673275e+03,0.22078,0.258157,-64.4456,25.5575,500.0,5.382,0.1661,5.5482
1869,-250.5839,1144.3238,3.971212e-03,4.213046e+03,7.355123e+03,0.220156,0.25816,-64.3981,25.5588,500.0,5.3281,0.2023,5.5304
1870,-251.0617,1144.3238,3.643599e-03,3.479703e+03,6.556063e+03,0.219123,0.258135,-64.4091,25.5733,500.0,5.1527,0.1633,5.316
1871,-250.7019,1144.3238,4.265131e-03,3.014502e+03,7.067489e+03,0.206896,0.257463,-64.4215,25.5497,500.0,4.9955,0.1529,5.1484
1872,-251.0498,1144.3238,4.359836e-03,3.691808e+03,6.838802e+03,0.193512,0.25686,-64.4462,25.6042,500.0,5.3923,0.2151,5.6074
1873,-251.3134,1144.3238,3.442341e-03,3.567425e+03,5.702094e+03,0.174525,0.256407,-64.442,25.6039,500.0,5.0991,0.1607,5.2598
1874,-250.0154,1144.3238,4.823752e-03,4.609367e+03,6.528367e+03,0.178446,0.25649,-64.3893,25.5578,500.0,5.1604,0.1588,5.3192
1875,-249.9734,1144.3238,3.956960e-03,2.679542e+03,6.195508e+03,0.182056,0.256512,-64.3453,25.5365,500.0,5.1672,0.1604,5.3275
1876,-250.5995,1144.3238,4.661020e-03,4.292338e+03,7.170220e+03,0.17656,0.256505,-64.358,25.5487,500.0,5.0973,0.1631,5.2604
1877,-250.5652,1144.3238,3.827924e-03,1.920737e+03,6.383847e+03,0.1728,0.256184,-64.3562,25.5238,500.0,5.2678,0.1657,5.4335
1878,-251.1646,1144.3238,5.676573e-03,2.969884e+03,6.418121e+03,0.180749,0.256505,-64.3973,25.5862,500.0,5.2219,0.1742,5.3961
1879,-250.9036,1144.3238,6.324037e-03,4.150674e+03,6.413502e+03,0.179487,0.256489,-64.3843,25.5675,500.0,5.1658,0.159,5.3249
1880,-250.5067,1144.3238,3.518715e-03,3.383266e+03,6.726451e+03,0.171893,0.256102,-64.3708,25.5615,500.0,5.131,0.1658,5.2968
1881,-250.4467,1144.3238,4.097083e-03,4.382423e+03,6.192798e+03,0.175036,0.256409,-64.343,25.5347,500.0,5.2658,0.1486,5.4144
1882,-250.2965,1144.3238,3.173976e-03,3.371879e+03,6.499405e+03,0.176002,0.256424,-64.3551,25.547,500.0,5.2442,0.1618,5.406
1883,-251.0328,1144.3238,4.200685e-03,4.445734e+03,6.270180e+03,0.180168,0.256512,-64.3715,25.5602,500.0,5.1056,0.1602,5.2658
1884,-250.1822,1144.3238,5.255097e-03,4.200751e+03,6.645091e+03,0.175141,0.256489,-64.3765,25.5448,500.0,5.2847,0.1523,5.437
1885,-250.8904,1144.3238,3.689406e-03,4.623407e+03,6.353448e+03,0.184491,0.256612,-64.3181,25.5439,500.0,5.5961,0.1592,5.7553
1886,-250.2606,1144.3238,3.965193e-03,3.283419e+03,6.721738e+03,0.18407,0.256598,-64.3408,25.5154,500.0,5.4291,0.1969,5.626
1887,-250.5302,1144.3238,3.675550e-03,3.589655e+03,6.474257e+03,0.195221,0.256936,-64.3664,25.5418,500.0,5.25,0.151,5.401
1888,-250.0613,1144.3238,2.601336e-03,2.798927e+03,5.904271e+03,0.180424,0.25649,-64.3091,25.5119,500.0,5.1714,0.1578,5.3292
1889,-250.2283,1144.3238,5.001916e-03,3.344040e+03,7.017706e+03,0.182202,0.256509,-64.3664,25.5389,500.0,5.362,0.168,5.53
1890,-250.6283,1144.3238,4.207414e-03,3.625263e+03,6.479921e+03,0.182312,0.25649,-64.4009,25.5315,500.0,5.1407,0.156,5.2967
1891,-250.6676,1144.3238,3.320531e-03,3.973705e+03,6.873221e+03,0.183506,0.256509,-64.3752,25.5693,500.0,5.2409,0.1615,5.4024
1892,-250.2383,1144.3238,2.964926e-03,5.177173e+03,5.712478e+03,0.189159,0.256597,-64.3136,25.5175,500.0,5.2402,0.1625,5.4027
1893,-250.4918,1144.3238,3.923915e-03,4.303404e+03,6.246891e+03,0.186965,0.256592,-64.3361,25.5401,500.0,5.3178,0.3041,5.6219
1894,-250.4573,1144.3238,3.039441e-03,2.580696e+03,6.804088e+03,0.178947,0.256427,-64.3495,25.5435,500.0,5.1639,0.1573,5.3212
1895,-249.7947,1144.3238,4.044101e-03,5.695088e+03,6.774476e+03,0.162127,0.255556,-64.3098,25.5142,500.0,5.2025,0.1485,5.351
1896,-250.3891,1144.3238,4.218697e-03,4.408697e+03,6.634151e+03,0.162382,0.255556,-64.3416,25.5468,500.0,5.3898,0.2002,5.59
1897,-250.553,1144.3238,3.106388e-03,7.654318e+03,6.569409e+03,0.164392,0.255561,-64.3696,25.5646,500.0,5.0819,0.1505,5.2324
1898,-249.8693,1144.3238,4.818548e-03,3.461084e+03,6.490466e+03,0.17795,0.256403,-64.2989,25.5037,500.0,5.1688,0.2001,5.3689
1899,-250.2741,1144.3238,2.957663e-03,2.974463e+03,6.597944e+03,0.184946,0.25651,-64.312,25.5107,500.0,5.4448,0.1916,5.6365
1900,-250.2604,1144.3238,1.297932e-02,2.634826e+03,7.207881e+03,0.188029,0.256532,-64.2994,25.5198,500.0,5.4081,0.1586,5.5667
1901,-250.6457,1144.3238,4.392487e-03,4.703271e+03,7.041388e+03,0.184435,0.256512,-64.3468,25.5673,500.0,5.1507,0.2049,5.3556
1902,-250.2597,1144.3238,3.140560e-03,2.053251e+03,6.437147e+03,0.196816,0.256917,-64.2523,25.4968,500.0,4.8926,0.1712,5.0638
1903,-250.2377,1144.3238,4.537692e-03,2.315505e+03,6.786530e+03,0.206951,0.257467,-64.321,25.5232,500.0,5.3018,0.1552,5.457
1904,-250.0569,1144.3238,4.105690e-03,3.001264e+03,6.888057e+03,0.209888,0.257725,-64.3119,25.521,500.0,5.1879,0.1584,5.3463
1905,-250.2907,1144.3238,3.838659e-03,2.968942e+03,6.736938e+03,0.205558,0.257407,-64.302,25.517,500.0,5.2517,0.1548,5.4065
1906,-250.3316,1144.3238,2.740161e-03,3.393463e+03,5.365834e+03,0.196093,0.25684,-64.2937,25.5215,500.0,5.295,0.1897,5.4848
1907,-249.9959,1144.3238,4.035633e-03,3.125958e+03,6.675106e+03,0.196053,0.256836,-64.2693,25.5031,500.0,5.3375,0.1839,5.5214
1908,-249.442,1144.3238,3.402604e-03,4.927266e+03,5.551884e+03,0.197782,0.256936,-64.2315,25.5048,500.0,5.1991,0.1712,5.3703
1909,-249.9345,1144.3238,4.450626e-03,2.199531e+03,6.901525e+03,0.200545,0.257386,-64.2922,25.4974,500.0,5.2435,0.1616,5.4051
1910,-250.4483,1144.3238,4.671143e-03,3.226227e+03,5.765002e+03,0.192396,0.256856,-64.3004,25.5367,500.0,5.2109,0.1677,5.3786
1911,-250.3066,1144.3238,4.468564e-03,3.417812e+03,6.626948e+03,0.19533,0.256942,-64.2882,25.517,500.0,5.1735,0.1693,5.3428
1912,-249.8281,1144.3238,4.032620e-03,4.115091e+03,6.633312e+03,0.198524,0.257402,-64.2548,25.5041,500.0,5.1032,0.1521,5.2554
1913,-249.9421,1144.3238,6.115160e-03,2.607422e+03,5.658353e+03,0.189404,0.256618,-64.2549,25.4954,500.0,5.1719,0.2028,5.3747
1914,-250.4459,1144.3238,4.218586e-03,3.945303e+03,6.446361e+03,0.187427,0.256618,-64.27,25.5076,500.0,4.9752,0.2734,5.2486
1915,-250.0028,1144.3238,2.606857e-03,1.962446e+03,5.881379e+03,0.191548,0.257386,-64.2578,25.5065,500.0,5.2286,0.1692,5.3978
1916,-249.787,1144.3238,2.950937e-03,5.633845e+03,6.326731e+03,0.198355,0.257705,-64.2242,25.4855,500.0,5.2292,0.1692,5.3984
1917,-249.8787,1144.3238,4.065500e-03,2.363061e+03,6.343855e+03,0.205442,0.257814,-64.2454,25.4916,500.0,5.1864,0.1519,5.3383
1918,-249.6263,1144.3238,3.808662e-03,4.723939e+03,6.133781e+03,0.19578,0.257706,-64.2419,25.4956,500.0,4.9896,0.1572,5.1467
1919,-250.08,1144.3238,4.871334e-03,3.933601e+03,6.810495e+03,0.197979,0.257726,-64.2701,25.5264,500.0,5.0592,0.1646,5.2238
1920,-249.6503,1144.3238,3.683045e-03,3.346829e+03,6.590875e+03,0.185226,0.25686,-64.2221,25.4778,500.0,5.0917,0.1605,5.2521
1921,-250.1699,1144.3238,6.663663e-03,2.445352e+03,6.025679e+03,0.171572,0.256504,-64.2524,25.4953,500.0,5.2109,0.1536,5.3645
1922,-249.8175,1144.3238,3.239655e-03,3.315877e+03,6.914682e+03,0.146279,0.255229,-64.2363,25.4862,500.0,4.924,0.1697,5.0937
1923,-249.474,1144.3238,3.304884e-03,4.523375e+03,6.803338e+03,0.151693,0.255541,-64.1621,25.4623,500.0,5.4599,0.2785,5.7384
1924,-250.198,1144.3238,6.132644e-03,1.393689e+03,6.472719e+03,0.149281,0.255312,-64.2279,25.4833,500.0,5.1641,0.204,5.3681
1925,-249.9394,1144.3238,6.418126e-03,4.720609e+03,7.143957e+03,0.138538,0.255121,-64.2457,25.4836,500.0,5.022,0.1627,5.1847
1926,-250.0353,1144.3238,3.679497e-03,3.774268e+03,7.173872e+03,0.140826,0.255182,-64.2522,25.5009,500.0,5.1322,0.1681,5.3004
1927,-249.5924,1144.3238,4.547708e-03,2.573895e+03,6.716903e+03,0.137754,0.254855,-64.2038,25.4763,500.0,5.2984,0.1628,5.4612
1928,-250.5358,1144.3238,4.192902e-03,5.429485e+03,7.697042e+03,0.154699,0.255295,-64.2565,25.502,500.0,5.2114,0.1822,5.3936
1929,-249.9021,1144.3238,4.463632e-03,4.773033e+03,6.009903e+03,0.154998,0.255295,-64.2537,25.4839,500.0,5.1513,0.2276,5.379
1930,-250.2096,1144.3238,4.055425e-03,5.748843e+03,6.681171e+03,0.132219,0.254317,-64.275,25.5031,500.0,5.1938,0.166,5.3598
1931,-249.5554,1144.3238,2.985336e-03,2.794094e+03,5.361233e+03,0.118376,0.253879,-64.2724,25.4937,500.0,5.1965,0.1623,5.3588
1932,-249.8893,1144.3238,4.004738e-03,3.492303e+03,6.271551e+03,0.116286,0.253802,-64.2751,25.5042,500.0,5.4345,0.1524,5.587
1933,-249.62,1144.3238,3.053961e-03,3.511019e+03,6.497957e+03,0.122175,0.253911,-64.2665,25.4967,500.0,5.1665,0.1548,5.3213
1934,-250.1266,1144.3238,3.921197e-03,1.774437e+03,7.556759e+03,0.122315,0.253913,-64.2709,25.5033,500.0,5.3211,0.177,5.4981
1935,-249.9644,1144.3238,3.459947e-03,3.272599e+03,5.773198e+03,0.117152,0.25388,-64.2306,25.4862,500.0,5.3062,0.1534,5.4596
1936,-250.0561,1144.3238,3.097903e-03,2.694509e+03,7.454174e+03,0.103238,0.253469,-64.2478,25.4895,500.0,5.1682,0.1627,5.3309
1937,-250.3865,1144.3238,6.508284e-03,5.932937e+03,6.916475e+03,0.10102,0.253017,-64.2709,25.5031,500.0,5.181,0.1665,5.3475
1938,-250.1553,1144.3238,4.090134e-03,5.852212e+03,6.584317e+03,0.101529,0.253021,-64.2525,25.4928,500.0,5.3472,0.1544,5.5016
1939,-249.4523,1144.3238,3.698885e-03,3.659044e+03,6.454099e+03,0.117318,0.253884,-64.2436,25.4774,500.0,5.2277,0.1505,5.3782
1940,-250.4864,1144.3238,6.021651e-03,2.844969e+03,6.541878e+03,0.116348,0.253824,-64.313,25.5001,500.0,5.4404,0.1565,5.5968
1941,-249.932,1144.3238,5.624146e-03,3.964328e+03,7.408403e+03,0.108147,0.253489,-64.2774,25.4929,500.0,5.4125,0.1664,5.5788
1942,-249.9154,1144.3238,7.436558e-03,3.966916e+03,5.840838e+03,0.094028,0.252933,-64.2785,25.5033,500.0,5.5433,0.1508,5.6941
1943,-250.2114,1144.3238,3.599527e-03,5.585835e+03,6.099617e+03,0.086649,0.25263,-64.2028,25.4979,500.0,5.2967,0.1593,5.456
1944,-249.6522,1144.3238,2.692461e-03,3.093198e+03,6.455145e+03,0.090774,0.252939,-64.2519,25.499,500.0,5.1947,0.2228,5.4174
1945,-249.7059,1144.3238,3.436964e-03,2.189585e+03,6.061778e+03,0.092726,0.252935,-64.1834,25.4709,500.0,5.2892,0.1661,5.4553
1946,-249.3778,1144.3238,4.085751e-03,2.175914e+03,6.876349e+03,0.083852,0.252604,-64.24,25.4837,500.0,5.1625,0.1555,5.318
1947,-249.7636,1144.3238,4.049447e-03,3.583802e+03,7.287133e+03,0.066002,0.25166,-64.245,25.4918,500.0,5.3462,0.1646,5.5109
1948,-249.4532,1144.3238,3.915214e-03,5.855506e+03,6.803084e+03,0.080757,0.252501,-64.1446,25.4726,500.0,5.8629,0.392,6.2548
1949,-249.5369,1144.3238,5.879832e-03,3.295117e+03,7.646760e+03,0.076739,0.252267,-64.2028,25.4655,500.0,6.1692,0.2404,6.4096
1950,-250.0555,1144.3238,4.226343e-03,3.639344e+03,6.693841e+03,0.066202,0.251635,-64.2494,25.4868,500.0,6.2138,0.1767,6.3905
1951,-249.5005,1144.3238,4.749120e-03,4.995055e+03,6.958060e+03,0.062352,0.251324,-64.2242,25.4711,500.0,5.1799,0.1618,5.3417
1952,-249.814,1144.3238,2.896143e-03,2.026198e+03,7.254351e+03,0.068376,0.251633,-64.237,25.4866,500.0,5.2125,0.289,5.5015
1953,-249.2539,1144.3238,3.526952e-03,3.977384e+03,6.366623e+03,0.077303,0.252184,-64.2181,25.4669,500.0,5.1407,0.2257,5.3665
1954,-250.1297,1144.3238,4.226095e-03,3.373875e+03,6.327700e+03,0.087879,0.252578,-64.2433,25.4892,500.0,5.2861,0.1594,5.4455
1955,-250.0597,1144.3238,3.131206e-03,4.610599e+03,7.072028e+03,0.076868,0.25217,-64.2369,25.4919,500.0,5.3549,0.1594,5.5143
1956,-249.6948,1144.3238,4.074296e-03,4.134217e+03,7.113346e+03,0.071645,0.251717,-64.2077,25.474,500.0,5.5573,0.2308,5.7881
1957,-249.8239,1144.3238,4.919156e-03,6.371444e+03,6.594896e+03,0.066883,0.251406,-64.2206,25.4727,500.0,5.2966,0.1642,5.4607
1958,-250.4458,1144.3238,2.917825e-03,3.457542e+03,5.861346e+03,0.075585,0.251743,-64.2589,25.4952,500.0,5.1989,0.2056,5.4046
1959,-249.958,1144.3238,3.812653e-03,2.413079e+03,7.227300e+03,0.065904,0.251407,-64.2599,25.5139,500.0,5.3011,0.1439,5.445
1960,-249.4148,1144.3238,3.347502e-03,3.959199e+03,6.362580e+03,0.052217,0.251191,-64.2258,25.4717,500.0,5.2209,0.1517,5.3727
1961,-249.9971,1144.3238,5.208144e-03,3.510080e+03,6.840834e+03,0.059919,0.251308,-64.2246,25.4921,500.0,5.3188,0.1546,5.4733
1962,-249.9762,1144.3238,4.105010e-03,7.757076e+03,6.137288e+03,0.076537,0.252246,-64.2323,25.5026,500.0,5.1513,0.238,5.3893
1963,-250.2731,1144.3238,3.932868e-03,2.451929e+03,6.844480e+03,0.091649,0.252692,-64.2447,25.5067,500.0,5.1564,0.1664,5.3228
1964,-250.0136,1144.3238,4.249027e-03,2.407864e+03,6.167656e+03,0.098106,0.253016,-64.256,25.4992,500.0,5.3611,0.1589,5.52
1965,-250.0652,1144.3238,4.120436e-03,3.306505e+03,5.769952e+03,0.100762,0.253036,-64.2236,25.4923,500.0,5.1959,0.1809,5.3768
1966,-250.4876,1144.3238,4.880600e-03,4.442152e+03,6.528848e+03,0.108184,0.253495,-64.2213,25.4869,500.0,4.9803,0.1546,5.1349
1967,-250.3404,1144.3238,4.638183e-03,3.498427e+03,6.624755e+03,0.115046,0.253824,-64.2596,25.506,500.0,5.2376,0.1711,5.4087
1968,-249.9804,1144.3238,3.991847e-03,6.967606e+03,7.084356e+03,0.107369,0.25349,-64.2308,25.4903,500.0,5.3536,0.167,5.5206
1969,-250.1085,1144.3238,4.453011e-03,4.491484e+03,6.428238e+03,0.117788,0.253901,-64.2139,25.4771,500.0,5.2365,0.1667,5.4032
1970,-249.6447,1144.3238,4.910262e-03,8.119362e+03,6.190520e+03,0.104963,0.253488,-64.2606,25.4976,500.0,5.3772,0.164,5.5412
1971,-249.8223,1144.3238,3.522126e-03,3.856843e+03,7.121877e+03,0.120132,0.253901,-64.2517,25.4884,500.0,5.2838,0.2376,5.5214
1972,-250.008,1144.3238,3.519454e-03,4.012419e+03,7.011469e+03,0.11697,0.253819,-64.2297,25.496,500.0,5.2911,0.1626,5.4537
1973,-249.8959,1144.3238,3.896054e-03,3.765559e+03,7.110076e+03,0.125914,0.253988,-64.207,25.4729,500.0,5.3891,0.1554,5.5445
1974,-249.4163,1144.3238,3.696799e-03,5.317873e+03,7.149838e+03,0.117777,0.253881,-64.201,25.4691,500.0,5.2925,0.1567,5.4492
1975,-249.9483,1144.3238,3.111990e-03,2.840882e+03,6.724850e+03,0.135485,0.254259,-64.2153,25.4796,500.0,5.0987,0.2479,5.3466
1976,-249.3338,1144.3238,3.719297e-03,2.662913e+03,6.383658e+03,0.145926,0.254794,-64.1941,25.4582,500.0,5.5887,0.1467,5.7354
1977,-249.9094,1144.3238,4.311847e-03,2.644906e+03,6.693082e+03,0.123814,0.253884,-64.2216,25.4855,500.0,5.2663,0.1485,5.4148
1978,-250.0909,1144.3238,4.841703e-03,2.119874e+03,6.673984e+03,0.138177,0.254239,-64.2303,25.4822,500.0,5.1949,0.1489,5.3438
1979,-249.5638,1144.3238,3.208016e-03,4.520379e+03,7.209620e+03,0.13947,0.253994,-64.2193,25.4707,500.0,5.3028,0.1926,5.4953
1980,-250.0653,1144.3238,4.341003e-03,4.639257e+03,6.668503e+03,0.132621,0.253906,-64.2542,25.5063,500.0,5.1842,0.1503,5.3346
1981,-250.0566,1144.3238,3.510741e-03,2.792855e+03,7.055516e+03,0.137498,0.25399,-64.2351,25.4871,500.0,5.1548,0.1743,5.3291
1982,-250.0036,1144.3238,3.801051e-03,3.556731e+03,6.523681e+03,0.149621,0.254798,-64.2253,25.4807,500.0,5.4198,0.1644,5.5842
1983,-249.7356,1144.3238,3.229238e-03,2.496728e+03,6.036239e+03,0.142468,0.254321,-64.2177,25.4794,500.0,5.2645,0.1626,5.4271
1984,-249.9592,1144.3238,3.943685e-03,3.260802e+03,6.868439e+03,0.145414,0.254774,-64.2167,25.4753,500.0,5.2605,0.1613,5.4218
1985,-249.5588,1144.3238,5.260509e-03,1.479811e+03,6.300409e+03,0.14297,0.254337,-64.2099,25.4699,500.0,5.3713,0.1555,5.5268
1986,-250.1551,1144.3238,2.967113e-03,5.514741e+03,7.307370e+03,0.15136,0.254876,-64.244,25.4913,500.0,5.2115,0.2291,5.4406
1987,-249.7018,1144.3238,3.256334e-03,2.880935e+03,6.332557e+03,0.155243,0.255104,-64.2273,25.4838,500.0,5.2491,0.1555,5.4046
1988,-250.0237,1144.3238,4.089077e-03,3.136434e+03,6.060897e+03,0.15978,0.25521,-64.2356,25.4942,500.0,5.1935,0.1532,5.3467
1989,-249.702,1144.3238,5.414228e-03,2.670348e+03,6.990763e+03,0.181646,0.256164,-64.222,25.4743,500.0,5.3005,0.2098,5.5103
1990,-249.1446,1144.3238,2.759185e-03,2.662166e+03,6.799187e+03,0.175033,0.256077,-64.2017,25.4677,500.0,5.3243,0.2534,5.5777
1991,-250.1841,1144.3238,3.693779e-03,2.498204e+03,7.289941e+03,0.167693,0.25554,-64.2259,25.4915,500.0,5.1869,0.1578,5.3447
1992,-249.5642,1144.3238,3.974335e-03,2.977664e+03,7.021617e+03,0.17578,0.255637,-64.2163,25.4718,500.0,5.3959,0.1573,5.5532
1993,-250.3163,1144.3238,4.853668e-03,2.246616e+03,6.660566e+03,0.165276,0.255316,-64.2402,25.4904,500.0,5.3815,0.1735,5.555
1994,-249.3803,1144.3238,3.262249e-03,3.270308e+03,7.043011e+03,0.171377,0.255617,-64.2045,25.4654,500.0,5.1183,0.1609,5.2792
1995,-250.1079,1144.3238,5.170063e-03,2.450736e+03,6.656231e+03,0.159483,0.255202,-64.2169,25.4827,500.0,5.4835,0.1581,5.6415
1996,-249.6146,1144.3238,3.437445e-03,2.114302e+03,6.585884e+03,0.165258,0.255292,-64.2015,25.4649,500.0,5.3037,0.2303,5.5341
1997,-250.0979,1144.3238,5.363070e-03,2.282616e+03,6.830763e+03,0.162595,0.255203,-64.2145,25.4781,500.0,5.1538,0.2074,5.3611
1998,-249.508,1144.3238,4.459784e-03,3.076420e+03,7.053532e+03,0.162981,0.255234,-64.2085,25.4682,500.0,5.3925,0.1936,5.5861
1999,-250.463,1144.3238,9.021915e-03,3.090807e+03,6.378472e+03,0.152305,0.255121,-64.234,25.5043,500.0,5.3783,0.1683,5.5466
2000,-250.0868,1144.3238,8.295075e-03,1.516805e+03,6.713143e+03,0.1491,0.254861,-64.2039,25.4744,500.0,5.157,0.1634,5.3204
2001,-250.0315,1144.3238,6.849756e-03,3.605796e+03,6.992895e+03,0.153943,0.255203,-64.2258,25.4899,500.0,5.242,0.1694,5.4114
2002,-248.7711,1144.3238,5.434908e-03,3.018767e+03,7.222467e+03,0.156079,0.255234,-64.1643,25.442,500.0,5.3,0.1558,5.4557
2003,-249.434,1144.3238,4.171231e-03,2.615335e+03,7.299865e+03,0.15936,0.255234,-64.1815,25.4607,500.0,5.2349,0.1936,5.4285
2004,-249.9389,1144.3238,5.911508e-03,3.496795e+03,6.125540e+03,0.171948,0.255636,-64.2047,25.4746,500.0,5.4939,0.1642,5.6581
2005,-250.1981,1144.3238,4.660007e-03,1.818213e+03,6.603420e+03,0.172421,0.255643,-64.2155,25.4851,500.0,5.263,0.1644,5.4274
2006,-250.1598,1144.3238,3.664032e-03,2.498567e+03,6.406261e+03,0.165336,0.25556,-64.2286,25.4939,500.0,5.3146,0.1582,5.4728
2007,-249.5565,1144.3238,8.483240e-03,4.579443e+03,6.212293e+03,0.173778,0.256103,-64.2024,25.4566,500.0,5.3991,0.1622,5.5613
2008,-249.6559,1144.3238,5.047486e-03,2.608525e+03,6.057042e+03,0.17011,0.255637,-64.2181,25.4814,500.0,5.4838,0.2183,5.7021
2009,-249.6198,1144.3238,4.304501e-03,3.477469e+03,6.657225e+03,0.175075,0.256102,-64.1989,25.4675,500.0,5.1481,0.1654,5.3135
2010,-250.1736,1144.3238,3.769574e-03,2.818543e+03,6.031891e+03,0.176987,0.256403,-64.2147,25.481,500.0,5.1333,0.1613,5.2946
2011,-249.9827,1144.3238,3.612773e-03,2.928976e+03,6.283180e+03,0.172777,0.256097,-64.2137,25.4815,500.0,5.1094,0.1517,5.2612
2012,-249.2097,1144.3238,5.009658e-03,2.969024e+03,5.430822e+03,0.175016,0.256178,-64.1823,25.4607,500.0,5.2315,0.2421,5.4736
2013,-249.5439,1144.3238,6.113333e-03,3.734035e+03,5.894726e+03,0.177161,0.256484,-64.2096,25.4725,500.0,5.2943,0.1606,5.455
2014,-250.2742,1144.3238,1.072812e-02,1.899965e+03,6.090067e+03,0.191345,0.25686,-64.225,25.4883,500.0,5.2614,0.2267,5.488
2015,-249.6212,1144.3238,4.131445e-03,1.995182e+03,6.054033e+03,0.193889,0.256941,-64.1934,25.4521,500.0,5.2076,0.1541,5.3617
2016,-249.6888,1144.3238,5.677017e-03,2.822750e+03,6.945195e+03,0.199548,0.257387,-64.2141,25.4758,500.0,5.0855,0.1672,5.2527
2017,-249.5827,1144.3238,2.941782e-03,2.894349e+03,5.511966e+03,0.19537,0.256855,-64.1894,25.4554,500.0,5.0117,0.161,5.1727
2018,-249.6232,1144.3238,4.624110e-03,3.363738e+03,6.826214e+03,0.191199,0.256592,-64.2218,25.4798,500.0,5.2398,0.1614,5.4012
2019,-249.3034,1144.3238,3.889347e-03,3.092541e+03,6.166175e+03,0.188327,0.256489,-64.1986,25.4597,500.0,5.2558,0.2143,5.4701
2020,-249.759,1144.3238,9.449782e-03,1.791552e+03,6.178819e+03,0.210157,0.257386,-64.2141,25.4745,500.0,5.5069,0.181,5.6878
2021,-249.9326,1144.3238,5.178531e-03,5.055332e+03,6.733637e+03,0.220431,0.257731,-64.2266,25.4787,500.0,5.3025,0.1791,5.4816
2022,-249.7369,1144.3238,6.996349e-03,1.383171e+03,6.447750e+03,0.224888,0.257818,-64.2253,25.4742,500.0,5.358,0.1588,5.5168
2023,-250.5712,1144.3238,5.648031e-03,3.843014e+03,7.109989e+03,0.224505,0.257792,-64.2407,25.4957,500.0,5.0628,0.1531,5.2159
2024,-249.592,1144.3238,3.873375e-03,3.705074e+03,6.873620e+03,0.23367,0.257899,-64.1444,25.4998,500.0,5.3137,0.1562,5.47
2025,-249.6646,1144.3238,6.696175e-03,2.480454e+03,6.381732e+03,0.242858,0.258242,-64.2195,25.4724,500.0,5.1119,0.1628,5.2746
2026,-250.3472,1144.3238,5.791455e-03,3.797227e+03,6.174578e+03,0.235493,0.257834,-64.2452,25.4914,500.0,5.1602,0.2045,5.3647
2027,-250.2898,1144.3238,3.278173e-03,4.006945e+03,6.678426e+03,0.237436,0.25792,-64.2437,25.4893,500.0,5.2463,0.1683,5.4145
2028,-249.8608,1144.3238,3.456834e-03,3.241586e+03,6.062532e+03,0.228681,0.257811,-64.2195,25.4761,500.0,5.2927,0.1638,5.4565
2029,-249.3705,1144.3238,3.177296e-03,1.718661e+03,6.393347e+03,0.242627,0.258236,-64.2212,25.4736,500.0,5.2321,0.2093,5.4415
2030,-250.2005,1144.3238,5.051055e-03,2.340541e+03,6.276782e+03,0.234198,0.257895,-64.2531,25.4853,500.0,5.0687,0.1651,5.2338
2031,-250.1972,1144.3238,6.469029e-03,3.248306e+03,7.438051e+03,0.237983,0.258135,-64.2477,25.4944,500.0,5.1687,0.1628,5.3315
2032,-249.6709,1144.3238,3.612529e-03,3.689533e+03,6.874693e+03,0.240318,0.258137,-64.2141,25.464,500.0,5.0752,0.1546,5.2298
2033,-250.0277,1144.3238,4.230935e-03,2.652351e+03,6.812576e+03,0.245071,0.258242,-64.2578,25.4908,500.0,5.2317,0.1677,5.3994
2034,-249.7589,1144.3238,4.176531e-03,3.431837e+03,6.212522e+03,0.232768,0.257834,-64.2349,25.4742,500.0,5.3519,0.1586,5.5105
2035,-250.1641,1144.3238,5.124674e-03,4.558060e+03,6.570890e+03,0.225476,0.257706,-64.258,25.495,500.0,5.2272,0.1607,5.3879
2036,-249.3991,1144.3238,3.137673e-03,2.152167e+03,6.405622e+03,0.222921,0.257463,-64.239,25.4792,500.0,5.0772,0.1593,5.2365
2037,-249.376,1144.3238,4.484651e-03,2.886207e+03,6.147710e+03,0.227364,0.257706,-64.2499,25.4832,500.0,5.6543,0.2275,5.8818
2038,-250.3137,1144.3238,4.787255e-03,3.858479e+03,6.283081e+03,0.232425,0.257811,-64.2663,25.5098,500.0,5.2168,0.1666,5.3833
2039,-249.7858,1144.3238,4.945596e-03,4.457681e+03,7.429120e+03,0.229712,0.257726,-64.2215,25.4766,500.0,4.9452,0.1577,5.1029
2040,-250.3799,1144.3238,4.835752e-03,4.282997e+03,7.302451e+03,0.2321,0.257726,-64.273,25.5161,500.0,5.0871,0.1569,5.2439
2041,-250.3729,1144.3238,4.471876e-03,3.123518e+03,7.157913e+03,0.244719,0.258155,-64.3079,25.5238,500.0,5.1411,0.1573,5.2983
2042,-250.661,1144.3238,4.473814e-03,3.044653e+03,8.019280e+03,0.25384,0.258791,-64.2952,25.5311,500.0,5.3747,0.1604,5.5351
2043,-250.0113,1144.3238,4.292090e-03,5.039788e+03,6.930025e+03,0.257402,0.259012,-64.256,25.5026,500.0,5.1901,0.1683,5.3583
2044,-249.9923,1144.3238,4.719269e-03,4.364612e+03,6.336287e+03,0.269417,0.259441,-64.2739,25.4985,500.0,5.0383,0.1652,5.2035
2045,-249.7305,1144.3238,6.406630e-03,3.136541e+03,6.807687e+03,0.276134,0.259522,-64.2564,25.5002,500.0,5.2958,0.169,5.4648
2046,-250.6015,1144.3238,4.473492e-03,3.482200e+03,5.816928e+03,0.289307,0.260331,-64.2836,25.4994,500.0,5.2487,0.155,5.4037
2047,-250.0161,1144.3238,4.422404e-03,4.181967e+03,6.276457e+03,0.288535,0.26031,-64.2593,25.4988,500.0,5.2098,0.1551,5.3649
2048,-250.0778,1144.3238,3.260212e-03,3.487744e+03,6.114577e+03,0.292113,0.260335,-64.2505,25.4974,500.0,5.3099,0.2246,5.5345
2049,-249.377,1144.3238,3.665552e-03,2.380544e+03,6.181835e+03,0.300627,0.260438,-64.2315,25.4729,500.0,5.2566,0.1803,5.4369
2050,-249.5533,1144.3238,3.244734e-03,3.264354e+03,6.800038e+03,0.303551,0.260758,-64.2428,25.4779,500.0,5.5483,0.1513,5.6996
2051,-250.2212,1144.3238,5.862774e-03,2.827050e+03,5.801615e+03,0.317421,0.261613,-64.2626,25.5012,500.0,5.2368,0.1587,5.3955
2052,-249.9906,1144.3238,3.219608e-03,4.554364e+03,6.517202e+03,0.303762,0.260741,-64.2645,25.495,500.0,5.3573,0.1907,5.548
2053,-249.6756,1144.3238,3.762895e-03,5.110267e+03,7.143785e+03,0.31414,0.261375,-64.2577,25.4844,500.0,5.5361,0.1548,5.6909
2054,-250.3184,1144.3238,4.118884e-03,2.770740e+03,6.853925e+03,0.300613,0.260736,-64.2822,25.5092,500.0,5.4552,0.2477,5.7029
2055,-250.096,1144.3238,3.246559e-03,3.186865e+03,6.886788e+03,0.322566,0.261718,-64.263,25.4916,500.0,5.4834,0.1967,5.68
2056,-250.0712,1144.3238,4.683234e-03,5.155785e+03,7.144991e+03,0.332653,0.261823,-64.279,25.5043,500.0,5.317,0.1551,5.4721
2057,-249.8422,1144.3238,5.463299e-03,2.372971e+03,7.147582e+03,0.343349,0.262624,-64.2625,25.4854,500.0,5.2588,0.1707,5.4295
2058,-250.3011,1144.3238,9.358345e-03,3.138146e+03,6.603535e+03,0.352954,0.263019,-64.2905,25.5087,500.0,5.3243,0.1892,5.5135
2059,-250.384,1144.3238,6.283219e-03,2.180447e+03,4.992209e+03,0.3435,0.262137,-64.2892,25.5078,500.0,5.3114,0.1492,5.4606
2060,-250.1914,1144.3238,4.069236e-03,4.178822e+03,5.873294e+03,0.359571,0.263015,-64.2553,25.499,500.0,5.1126,0.1645,5.2772
2061,-250.2956,1144.3238,5.254012e-03,4.459364e+03,7.001537e+03,0.358765,0.26302,-64.2843,25.509,500.0,5.2012,0.1531,5.3543
2062,-249.7783,1144.3238,3.949634e-03,3.429922e+03,5.585854e+03,0.355794,0.262915,-64.211,25.4645,500.0,5.0943,0.223,5.3173
2063,-250.7092,1144.3238,5.228484e-03,2.960691e+03,6.621019e+03,0.333708,0.261739,-64.299,25.5345,500.0,5.1527,0.164,5.3167
2064,-250.1462,1144.3238,3.489194e-03,3.359982e+03,5.985221e+03,0.335226,0.261819,-64.2914,25.5115,500.0,5.1711,0.2632,5.4344
2065,-250.0837,1144.3238,3.097279e-03,2.302982e+03,6.952812e+03,0.345814,0.262604,-64.2695,25.4983,500.0,5.5674,0.1617,5.7291
2066,-250.6136,1144.3238,4.336748e-03,3.834926e+03,6.052520e+03,0.340175,0.262597,-64.2806,25.5146,500.0,5.5011,0.1555,5.6566
2067,-250.074,1144.3238,3.735025e-03,3.665905e+03,5.983750e+03,0.337935,0.262122,-64.2697,25.5008,500.0,5.008,0.1756,5.1835
2068,-250.3229,1144.3238,3.365480e-03,1.820779e+03,6.145987e+03,0.34952,0.262936,-64.2704,25.5024,500.0,5.1284,0.1558,5.2843
2069,-250.0509,1144.3238,3.829327e-03,7.137261e+03,5.927803e+03,0.353556,0.263022,-64.241,25.4734,500.0,5.3921,0.1709,5.5629
2070,-250.683,1144.3238,4.751942e-03,4.960254e+03,6.741536e+03,0.367028,0.263421,-64.2863,25.5179,500.0,5.2238,0.1575,5.3813
2071,-249.6547,1144.3238,3.682849e-03,3.430262e+03,6.517646e+03,0.366979,0.263421,-64.2422,25.4796,500.0,5.2277,0.158,5.3856
2072,-249.9851,1144.3238,7.498522e-03,3.069378e+03,6.770566e+03,0.372159,0.263908,-64.2488,25.4919,500.0,5.1449,0.1465,5.2914
2073,-250.222,1144.3238,2.984116e-03,4.629173e+03,6.381898e+03,0.375737,0.263981,-64.2621,25.5075,500.0,5.1095,0.1633,5.2728
2074,-250.5304,1144.3238,3.483540e-03,4.013663e+03,7.332003e+03,0.377183,0.263986,-64.2682,25.5115,500.0,5.2462,0.2009,5.4471
2075,-249.4345,1144.3238,4.561210e-03,3.715143e+03,6.449702e+03,0.394721,0.264638,-64.2399,25.4739,500.0,5.1999,0.166,5.3659
2076,-250.0404,1144.3238,3.640157e-03,3.410558e+03,6.414115e+03,0.383638,0.264298,-64.2586,25.4915,500.0,5.1883,0.1674,5.3557
2077,-249.9852,1144.3238,4.784412e-03,6.149148e+03,6.604386e+03,0.3764,0.263923,-64.2524,25.4826,500.0,5.256,0.1525,5.4085
2078,-250.2052,1144.3238,3.994458e-03,5.467977e+03,6.050617e+03,0.380347,0.263926,-64.2604,25.5027,500.0,5.1521,0.1778,5.33
2079,-250.3417,1144.3238,4.093408e-03,3.430709e+03,6.690128e+03,0.379443,0.263908,-64.2648,25.5014,500.0,5.3638,0.1666,5.5304
2080,-249.6392,1144.3238,3.623818e-03,2.604951e+03,6.375558e+03,0.382059,0.264002,-64.2401,25.4889,500.0,5.194,0.2294,5.4234
2081,-249.5798,1144.3238,4.641276e-03,2.636319e+03,6.455074e+03,0.380444,0.263986,-64.2388,25.4796,500.0,5.0493,0.1535,5.2028
2082,-250.0476,1144.3238,6.026566e-03,1.871095e+03,7.399068e+03,0.373504,0.263436,-64.2552,25.4988,500.0,5.1609,0.3901,5.5511
2083,-250.445,1144.3238,3.733721e-03,2.458266e+03,6.297515e+03,0.376025,0.263907,-64.2633,25.5057,500.0,5.3006,0.2741,5.5747
2084,-250.2207,1144.3238,2.360108e-03,2.489748e+03,6.620505e+03,0.370673,0.263417,-64.2689,25.5038,500.0,4.9934,0.2798,5.2733
2085,-250.2494,1144.3238,5.262934e-03,2.460344e+03,6.924595e+03,0.371769,0.263418,-64.2478,25.5028,500.0,5.2961,0.1711,5.4672
2086,-249.8337,1144.3238,4.645694e-03,3.228504e+03,7.368959e+03,0.364188,0.26312,-64.2435,25.4895,500.0,5.3916,0.1533,5.5449
2087,-249.6529,1144.3238,4.646666e-03,3.742771e+03,6.277562e+03,0.353637,0.262999,-64.2324,25.478,500.0,5.1378,0.17,5.3079
2088,-249.8508,1144.3238,5.495094e-03,1.839490e+03,6.518083e+03,0.360108,0.263042,-64.2293,25.4853,500.0,4.9603,0.1657,5.126
2089,-249.514,1144.3238,3.816038e-03,4.259829e+03,6.000842e+03,0.345657,0.262604,-64.2266,25.467,500.0,5.1744,0.1564,5.3308
2090,-250.5061,1144.3238,3.634208e-03,6.023531e+03,7.218417e+03,0.347581,0.262602,-64.2492,25.5011,500.0,5.2718,0.1717,5.4436
2091,-250.0467,1144.3238,3.626431e-03,1.394504e+03,7.043853e+03,0.348849,0.262602,-64.2525,25.4753,500.0,5.3264,0.1599,5.4863
2092,-250.046,1144.3238,4.724595e-03,7.139211e+03,6.421423e+03,0.354644,0.262697,-64.2297,25.4842,500.0,5.1489,0.1624,5.3112
2093,-248.9933,1144.3238,3.557953e-03,1.900732e+03,6.081446e+03,0.350273,0.262603,-64.2052,25.4546,500.0,5.298,0.1479,5.4459
2094,-250.0093,1144.3238,4.207393e-03,3.884786e+03,7.103337e+03,0.349839,0.262618,-64.2362,25.4874,500.0,5.0516,0.1652,5.2168
2095,-249.7736,1144.3238,5.201288e-03,2.848489e+03,6.684611e+03,0.355851,0.262703,-64.2133,25.4774,500.0,5.4189,0.3507,5.7696
2096,-250.131,1144.3238,4.015561e-03,2.241106e+03,6.396332e+03,0.369811,0.263047,-64.2421,25.4855,500.0,5.4236,0.1535,5.5771
2097,-249.7757,1144.3238,4.586665e-03,2.254544e+03,7.498116e+03,0.372499,0.26312,-64.2393,25.4876,500.0,5.2,0.1802,5.3802
2098,-249.9894,1144.3238,5.314701e-03,2.065506e+03,6.773480e+03,0.383377,0.263923,-64.2398,25.4951,500.0,5.2321,0.1664,5.3985
2099,-249.8155,1144.3238,5.786892e-03,3.325108e+03,6.790995e+03,0.387946,0.263981,-64.2327,25.4712,500.0,5.1541,0.1634,5.3175
2100,-250.3025,1144.3238,4.851392e-03,2.732964e+03,7.053830e+03,0.3945,0.264298,-64.2489,25.4985,500.0,5.0678,0.2181,5.2859
2101,-249.6409,1144.3238,3.058214e-03,3.988170e+03,6.134521e+03,0.396431,0.264317,-64.2141,25.4712,500.0,5.3183,0.1624,5.4807
2102,-250.1421,1144.3238,3.747237e-03,2.700677e+03,7.457295e+03,0.398681,0.264322,-64.2266,25.4856,500.0,5.5435,0.1874,5.7309
2103,-249.9558,1144.3238,4.738583e-03,3.533362e+03,6.835863e+03,0.408349,0.264427,-64.2437,25.4997,500.0,6.0167,0.2627,6.2794
2104,-249.9298,1144.3238,3.722232e-03,3.727901e+03,6.685102e+03,0.408432,0.264422,-64.2358,25.4807,500.0,6.8766,0.2533,7.1299
2105,-250.3777,1144.3238,5.085476e-03,1.724797e+03,5.849171e+03,0.398095,0.264303,-64.2955,25.5364,500.0,6.5896,0.2101,6.7997
2106,-250.2505,1144.3238,6.559811e-03,3.037311e+03,6.649636e+03,0.401139,0.264322,-64.2321,25.4902,500.0,5.8446,0.2466,6.0911
2107,-249.9647,1144.3238,3.989977e-03,3.224675e+03,6.604637e+03,0.396939,0.264298,-64.2251,25.4867,500.0,5.5096,0.238,5.7475
2108,-250.8112,1144.3238,8.043394e-03,3.605436e+03,6.721833e+03,0.411732,0.264741,-64.2449,25.5163,500.0,5.6557,0.2804,5.9361
2109,-250.2893,1144.3238,5.267877e-03,1.629512e+03,7.322786e+03,0.416647,0.265309,-64.2443,25.4962,500.0,5.8668,0.4166,6.2834
2110,-250.501,1144.3238,4.696634e-03,1.489236e+03,7.310534e+03,0.420339,0.265625,-64.22,25.4955,500.0,6.0914,0.3425,6.4339
2111,-250.2655,1144.3238,7.737335e-03,2.836948e+03,6.623153e+03,0.440575,0.266594,-64.2166,25.4812,500.0,6.4794,0.3442,6.8236
2112,-249.6551,1144.3238,3.177778e-03,2.718092e+03,7.180108e+03,0.450203,0.266948,-64.2099,25.4776,500.0,7.2112,0.1847,7.3959
2113,-250.3742,1144.3238,4.954187e-03,7.859960e+03,7.327657e+03,0.457855,0.267244,-64.2366,25.5037,500.0,6.7051,0.2718,6.9769
2114,-250.0508,1144.3238,3.759315e-03,3.469333e+03,6.274056e+03,0.448274,0.266901,-64.2223,25.4753,500.0,5.202,0.1956,5.3976
2115,-250.2915,1144.3238,3.977611e-03,4.610336e+03,6.964139e+03,0.431991,0.265725,-64.2408,25.4986,500.0,5.2518,0.2999,5.5517
2116,-250.0463,1144.3238,4.575845e-03,2.183057e+03,6.341218e+03,0.439391,0.266041,-64.2109,25.481,500.0,5.3021,0.2174,5.5196
2117,-249.8734,1144.3238,3.934876e-03,3.817189e+03,6.238653e+03,0.436147,0.266036,-64.2365,25.5011,500.0,5.6856,0.2535,5.9391
2118,-250.1364,1144.3238,5.377001e-03,2.274750e+03,8.022583e+03,0.440874,0.266515,-64.2339,25.4948,500.0,5.6067,0.1795,5.7862
2119,-250.2525,1144.3238,3.868600e-03,2.885632e+03,8.236148e+03,0.435325,0.266042,-64.2289,25.4924,500.0,5.8072,0.1687,5.9759
2120,-249.8708,1144.3238,6.181414e-03,3.640643e+03,6.833388e+03,0.419527,0.265623,-64.2275,25.488,500.0,5.3861,0.2167,5.6028
2121,-250.4427,1144.3238,5.495010e-03,2.878731e+03,6.437443e+03,0.424638,0.265708,-64.2104,25.4868,500.0,5.581,0.2091,5.7901
2122,-249.5287,1144.3238,5.160544e-03,4.329549e+03,6.936525e+03,0.422817,0.265646,-64.2118,25.4751,500.0,6.3551,0.1821,6.5372
2123,-250.9327,1144.3238,3.254687e-03,1.877823e+03,6.368494e+03,0.43395,0.266022,-64.2246,25.5094,500.0,5.8898,0.2449,6.1347
2124,-250.2305,1144.3238,3.962966e-03,4.367547e+03,6.642328e+03,0.43041,0.265728,-64.2312,25.486,500.0,5.6801,0.2362,5.9162
2125,-249.9561,1144.3238,4.456146e-03,4.013480e+03,6.996408e+03,0.454904,0.266927,-64.2382,25.4839,500.0,5.6556,0.316,5.9715
2126,-249.9557,1144.3238,4.562827e-03,4.307562e+03,6.590434e+03,0.458165,0.267026,-64.2271,25.4947,500.0,5.6269,0.3146,5.9415
2127,-249.8052,1144.3238,5.081558e-03,4.863262e+03,6.567676e+03,0.462706,0.267317,-64.2127,25.4837,500.0,5.7586,0.3655,6.1241
2128,-250.141,1144.3238,4.873153e-03,2.791444e+03,6.483937e+03,0.457013,0.267006,-64.2214,25.4932,500.0,5.5857,0.2063,5.7921
2129,-249.8765,1144.3238,3.939981e-03,3.442603e+03,6.230471e+03,0.45202,0.266921,-64.2265,25.4858,500.0,5.5289,0.209,5.7379
2130,-249.7296,1144.3238,4.104458e-03,4.753785e+03,6.647777e+03,0.46186,0.267031,-64.2167,25.4802,500.0,6.4146,0.2186,6.6332
2131,-250.5246,1144.3238,5.644627e-03,1.978014e+03,6.606367e+03,0.444419,0.266824,-64.3033,25.5565,500.0,5.5079,0.1826,5.6905
2132,-249.9295,1144.3238,3.954578e-03,3.181926e+03,6.074177e+03,0.439717,0.266535,-64.226,25.4945,500.0,5.262,0.1523,5.4143
2133,-249.9837,1144.3238,4.786600e-03,2.431746e+03,7.241241e+03,0.448976,0.266929,-64.2151,25.4848,500.0,4.807,0.1819,4.9889
2134,-249.7666,1144.3238,5.100529e-03,2.661648e+03,6.943654e+03,0.440144,0.266589,-64.1936,25.4752,500.0,5.42,0.2119,5.632
2135,-250.0213,1144.3238,5.211125e-03,4.539107e+03,7.624834e+03,0.419244,0.265605,-64.1817,25.4648,500.0,5.4601,0.2319,5.692
2136,-250.1942,1144.3238,3.631869e-03,2.852499e+03,7.015955e+03,0.428433,0.26571,-64.213,25.4963,500.0,5.3459,0.1902,5.5362
2137,-250.0119,1144.3238,3.899482e-03,2.985321e+03,7.042852e+03,0.436253,0.266037,-64.215,25.485,500.0,5.4856,0.2487,5.7343
2138,-250.1301,1144.3238,4.570599e-03,2.264823e+03,6.571192e+03,0.437863,0.266536,-64.2311,25.4873,500.0,5.1138,0.2889,5.4027
2139,-250.048,1144.3238,5.326183e-03,2.815974e+03,6.218250e+03,0.42297,0.265705,-64.2094,25.4546,500.0,5.1989,0.1597,5.3585
2140,-250.2907,1144.3238,4.766197e-03,2.109764e+03,6.255528e+03,0.42527,0.265724,-64.1873,25.4752,500.0,5.3265,0.2793,5.6058
2141,-250.0841,1144.3238,5.808709e-03,3.372237e+03,6.108946e+03,0.428216,0.266021,-64.2165,25.4795,500.0,4.9907,0.1572,5.1479
2142,-249.7209,1144.3238,5.491077e-03,3.688448e+03,7.383177e+03,0.423862,0.265723,-64.1956,25.4676,500.0,5.0931,0.1761,5.2692
2143,-249.7867,1144.3238,3.969972e-03,2.094993e+03,7.093375e+03,0.432474,0.266041,-64.1842,25.4679,500.0,5.2539,0.1569,5.4108
2144,-250.196,1144.3238,4.692929e-03,4.594061e+03,6.139068e+03,0.433276,0.266036,-64.2033,25.4991,500.0,5.3589,0.1779,5.5368
2145,-250.0683,1144.3238,4.358550e-03,4.630917e+03,6.544211e+03,0.433032,0.266022,-64.1888,25.4739,500.0,5.2534,0.2046,5.4579
2146,-249.9228,1144.3238,4.688374e-03,3.510676e+03,7.219104e+03,0.436372,0.266511,-64.1955,25.4798,500.0,5.0363,0.1874,5.2236
