Device       : cpu

========== GPOMDP LOSS ==========
states shape  = (128, 500, 17)
actions shape = (128, 500, 6)
rewards shape = (128, 500)
returns shape = (128, 500)
mask shape    = (128, 500)
log_probs shape = (128, 500)
valid steps = 64000
objective = 35.595642
loss = -35.595642
========== END GPOMDP DEBUG ==========


========== NPG PRECONDITIONING ==========
Fisher condition number  : 7.981e+03
||nat_g|| / ||g||        : 11.921
========== END NPG DEBUG ==========

Iteration 0000 | train reward: -185.50 | best: -185.50 | KL: 4.965e-03 | std: 0.6062 | rollout: 5.642s | update: 0.248s | total: 5.890s | samples/s: 10866
Iteration 0001 | train reward: -164.16 | best: -164.16 | KL: 3.085e-03 | std: 0.6047 | rollout: 5.366s | update: 0.249s | total: 5.615s | samples/s: 11398
Iteration 0002 | train reward: -151.34 | best: -151.34 | KL: 2.642e-03 | std: 0.6042 | rollout: 4.851s | update: 0.158s | total: 5.009s | samples/s: 12776
Iteration 0003 | train reward: -142.97 | best: -142.97 | KL: 3.452e-03 | std: 0.6047 | rollout: 10.352s | update: 0.194s | total: 10.546s | samples/s: 6069
Iteration 0004 | train reward: -139.80 | best: -139.80 | KL: 4.173e-03 | std: 0.6049 | rollout: 4.908s | update: 0.158s | total: 5.065s | samples/s: 12635
Iteration 0005 | train reward: -121.46 | best: -121.46 | KL: 2.475e-03 | std: 0.6036 | rollout: 5.005s | update: 0.147s | total: 5.152s | samples/s: 12422
Iteration 0006 | train reward: -109.83 | best: -109.83 | KL: 3.175e-03 | std: 0.6042 | rollout: 5.047s | update: 0.142s | total: 5.189s | samples/s: 12334
Iteration 0007 | train reward: -107.57 | best: -107.57 | KL: 2.158e-03 | std: 0.6040 | rollout: 10.326s | update: 0.202s | total: 10.529s | samples/s: 6079
Iteration 0008 | train reward: -92.66 | best: -92.66 | KL: 1.911e-03 | std: 0.6023 | rollout: 4.943s | update: 0.240s | total: 5.183s | samples/s: 12348
Iteration 0009 | train reward: -91.43 | best: -91.43 | KL: 1.842e-03 | std: 0.6016 | rollout: 4.984s | update: 0.135s | total: 5.119s | samples/s: 12503
Iteration 0010 | train reward: -69.73 | best: -69.73 | KL: 1.880e-03 | std: 0.6008 | rollout: 4.960s | update: 0.198s | total: 5.159s | samples/s: 12407
Iteration 0011 | train reward: -54.19 | best: -54.19 | KL: 1.694e-03 | std: 0.5995 | rollout: 4.962s | update: 0.144s | total: 5.106s | samples/s: 12534
Iteration 0012 | train reward: -52.45 | best: -52.45 | KL: 1.619e-03 | std: 0.5995 | rollout: 5.015s | update: 0.133s | total: 5.148s | samples/s: 12433
Iteration 0013 | train reward: -43.41 | best: -43.41 | KL: 2.357e-03 | std: 0.5971 | rollout: 5.027s | update: 0.130s | total: 5.157s | samples/s: 12409
Iteration 0014 | train reward: -35.55 | best: -35.55 | KL: 1.795e-03 | std: 0.5964 | rollout: 4.971s | update: 0.161s | total: 5.132s | samples/s: 12470
Iteration 0015 | train reward: -18.43 | best: -18.43 | KL: 1.855e-03 | std: 0.5958 | rollout: 4.894s | update: 0.133s | total: 5.027s | samples/s: 12731
Iteration 0016 | train reward: -7.27 | best: -7.27 | KL: 1.845e-03 | std: 0.5957 | rollout: 4.909s | update: 0.142s | total: 5.051s | samples/s: 12671
Iteration 0017 | train reward: 1.96 | best: 1.96 | KL: 1.621e-03 | std: 0.5938 | rollout: 5.264s | update: 0.195s | total: 5.459s | samples/s: 11724
Iteration 0018 | train reward: 8.55 | best: 8.55 | KL: 2.358e-03 | std: 0.5937 | rollout: 5.196s | update: 0.143s | total: 5.339s | samples/s: 11987
Iteration 0019 | train reward: 23.48 | best: 23.48 | KL: 1.968e-03 | std: 0.5930 | rollout: 5.033s | update: 0.129s | total: 5.162s | samples/s: 12398
Iteration 0020 | train reward: 28.10 | best: 28.10 | KL: 2.572e-03 | std: 0.5913 | rollout: 5.091s | update: 0.143s | total: 5.234s | samples/s: 12227
Iteration 0021 | train reward: 45.82 | best: 45.82 | KL: 2.344e-03 | std: 0.5906 | rollout: 5.008s | update: 0.136s | total: 5.144s | samples/s: 12443
Iteration 0022 | train reward: 56.29 | best: 56.29 | KL: 2.813e-03 | std: 0.5893 | rollout: 4.976s | update: 0.142s | total: 5.118s | samples/s: 12505
Iteration 0023 | train reward: 53.45 | best: 56.29 | KL: 2.704e-03 | std: 0.5885 | rollout: 4.936s | update: 0.141s | total: 5.078s | samples/s: 12604
Iteration 0024 | train reward: 74.87 | best: 74.87 | KL: 3.116e-03 | std: 0.5884 | rollout: 5.217s | update: 0.141s | total: 5.358s | samples/s: 11944
Iteration 0025 | train reward: 73.58 | best: 74.87 | KL: 3.464e-03 | std: 0.5878 | rollout: 5.019s | update: 0.128s | total: 5.147s | samples/s: 12435
Iteration 0026 | train reward: 85.06 | best: 85.06 | KL: 4.551e-03 | std: 0.5859 | rollout: 5.071s | update: 0.149s | total: 5.220s | samples/s: 12261
Iteration 0027 | train reward: 83.63 | best: 85.06 | KL: 4.211e-03 | std: 0.5839 | rollout: 4.888s | update: 0.130s | total: 5.018s | samples/s: 12754
Iteration 0028 | train reward: 105.69 | best: 105.69 | KL: 4.072e-03 | std: 0.5826 | rollout: 5.016s | update: 0.137s | total: 5.152s | samples/s: 12421
Iteration 0029 | train reward: 127.38 | best: 127.38 | KL: 4.765e-03 | std: 0.5806 | rollout: 5.034s | update: 0.132s | total: 5.166s | samples/s: 12390
Iteration 0030 | train reward: 125.31 | best: 127.38 | KL: 6.791e-03 | std: 0.5787 | rollout: 5.128s | update: 0.204s | total: 5.332s | samples/s: 12002
Iteration 0031 | train reward: 133.46 | best: 133.46 | KL: 7.201e-03 | std: 0.5755 | rollout: 4.978s | update: 0.146s | total: 5.124s | samples/s: 12491
Iteration 0032 | train reward: 136.00 | best: 136.00 | KL: 6.765e-03 | std: 0.5729 | rollout: 5.049s | update: 0.145s | total: 5.194s | samples/s: 12323
Iteration 0033 | train reward: 151.63 | best: 151.63 | KL: 6.226e-03 | std: 0.5723 | rollout: 4.894s | update: 0.138s | total: 5.032s | samples/s: 12718
Iteration 0034 | train reward: 173.88 | best: 173.88 | KL: 5.916e-03 | std: 0.5703 | rollout: 4.930s | update: 0.150s | total: 5.080s | samples/s: 12599
Iteration 0035 | train reward: 174.61 | best: 174.61 | KL: 7.192e-03 | std: 0.5683 | rollout: 4.951s | update: 0.139s | total: 5.090s | samples/s: 12573
Iteration 0036 | train reward: 181.81 | best: 181.81 | KL: 1.043e-02 | std: 0.5669 | rollout: 5.018s | update: 0.133s | total: 5.151s | samples/s: 12426
Iteration 0037 | train reward: 188.31 | best: 188.31 | KL: 1.219e-02 | std: 0.5643 | rollout: 5.196s | update: 0.145s | total: 5.341s | samples/s: 11983
Iteration 0038 | train reward: 201.43 | best: 201.43 | KL: 6.834e-03 | std: 0.5605 | rollout: 5.113s | update: 0.135s | total: 5.249s | samples/s: 12193
Iteration 0039 | train reward: 216.88 | best: 216.88 | KL: 1.183e-02 | std: 0.5599 | rollout: 5.031s | update: 0.143s | total: 5.174s | samples/s: 12369
Iteration 0040 | train reward: 237.00 | best: 237.00 | KL: 1.326e-02 | std: 0.5571 | rollout: 4.944s | update: 0.192s | total: 5.137s | samples/s: 12460
Iteration 0041 | train reward: 268.61 | best: 268.61 | KL: 1.188e-02 | std: 0.5547 | rollout: 4.954s | update: 0.145s | total: 5.100s | samples/s: 12549
Iteration 0042 | train reward: 274.26 | best: 274.26 | KL: 1.468e-02 | std: 0.5513 | rollout: 5.189s | update: 0.142s | total: 5.331s | samples/s: 12005
Iteration 0043 | train reward: 272.29 | best: 274.26 | KL: 1.760e-02 | std: 0.5501 | rollout: 5.171s | update: 0.197s | total: 5.368s | samples/s: 11923
Iteration 0044 | train reward: 323.90 | best: 323.90 | KL: 1.459e-02 | std: 0.5489 | rollout: 4.994s | update: 0.144s | total: 5.138s | samples/s: 12455
Iteration 0045 | train reward: 336.87 | best: 336.87 | KL: 1.876e-02 | std: 0.5449 | rollout: 5.262s | update: 0.145s | total: 5.407s | samples/s: 11836
Iteration 0046 | train reward: 321.27 | best: 336.87 | KL: 2.925e-02 | std: 0.5423 | rollout: 5.153s | update: 0.217s | total: 5.370s | samples/s: 11917
Iteration 0047 | train reward: 369.28 | best: 369.28 | KL: 2.508e-02 | std: 0.5423 | rollout: 5.077s | update: 0.137s | total: 5.215s | samples/s: 12273
Iteration 0048 | train reward: 380.53 | best: 380.53 | KL: 2.147e-02 | std: 0.5410 | rollout: 4.939s | update: 0.217s | total: 5.157s | samples/s: 12411
Iteration 0049 | train reward: 376.99 | best: 380.53 | KL: 3.563e-02 | std: 0.5392 | rollout: 5.098s | update: 0.135s | total: 5.233s | samples/s: 12231
Iteration 0050 | train reward: 417.79 | best: 417.79 | KL: 3.545e-02 | std: 0.5382 | rollout: 4.920s | update: 0.153s | total: 5.073s | samples/s: 12616
Iteration 0051 | train reward: 427.80 | best: 427.80 | KL: 3.322e-02 | std: 0.5332 | rollout: 5.080s | update: 0.139s | total: 5.219s | samples/s: 12263
Iteration 0052 | train reward: 424.01 | best: 427.80 | KL: 3.705e-02 | std: 0.5330 | rollout: 4.950s | update: 0.147s | total: 5.097s | samples/s: 12557
Iteration 0053 | train reward: 460.62 | best: 460.62 | KL: 4.054e-02 | std: 0.5315 | rollout: 4.959s | update: 0.137s | total: 5.096s | samples/s: 12558
Iteration 0054 | train reward: 485.02 | best: 485.02 | KL: 3.518e-02 | std: 0.5288 | rollout: 5.013s | update: 0.211s | total: 5.224s | samples/s: 12251
Iteration 0055 | train reward: 508.84 | best: 508.84 | KL: 2.987e-02 | std: 0.5262 | rollout: 4.859s | update: 0.163s | total: 5.022s | samples/s: 12745
Iteration 0056 | train reward: 513.10 | best: 513.10 | KL: 3.421e-02 | std: 0.5260 | rollout: 4.908s | update: 0.230s | total: 5.138s | samples/s: 12456
Iteration 0057 | train reward: 508.85 | best: 513.10 | KL: 4.228e-02 | std: 0.5234 | rollout: 4.879s | update: 0.158s | total: 5.037s | samples/s: 12706
Iteration 0058 | train reward: 508.01 | best: 513.10 | KL: 3.539e-02 | std: 0.5189 | rollout: 5.007s | update: 0.132s | total: 5.140s | samples/s: 12453
Iteration 0059 | train reward: 506.91 | best: 513.10 | KL: 6.305e-02 | std: 0.5163 | rollout: 5.216s | update: 0.149s | total: 5.365s | samples/s: 11930
Iteration 0060 | train reward: 515.37 | best: 515.37 | KL: 4.722e-02 | std: 0.5138 | rollout: 4.640s | update: 0.139s | total: 4.779s | samples/s: 13392
Iteration 0061 | train reward: 515.12 | best: 515.37 | KL: 8.418e-02 | std: 0.5102 | rollout: 4.905s | update: 0.270s | total: 5.175s | samples/s: 12367
Iteration 0062 | train reward: 521.33 | best: 521.33 | KL: 1.198e-01 | std: 0.5078 | rollout: 5.044s | update: 0.162s | total: 5.206s | samples/s: 12294
Iteration 0063 | train reward: 519.97 | best: 521.33 | KL: 9.092e-02 | std: 0.5059 | rollout: 4.933s | update: 0.207s | total: 5.139s | samples/s: 12453
Iteration 0064 | train reward: 513.45 | best: 521.33 | KL: 6.350e-02 | std: 0.5035 | rollout: 4.964s | update: 0.146s | total: 5.110s | samples/s: 12525
Iteration 0065 | train reward: 571.77 | best: 571.77 | KL: 8.319e-02 | std: 0.5007 | rollout: 4.662s | update: 0.140s | total: 4.802s | samples/s: 13329
Iteration 0066 | train reward: 577.38 | best: 577.38 | KL: 7.554e-02 | std: 0.4976 | rollout: 5.000s | update: 0.146s | total: 5.146s | samples/s: 12437
Iteration 0067 | train reward: 583.63 | best: 583.63 | KL: 5.775e-02 | std: 0.4920 | rollout: 5.316s | update: 0.150s | total: 5.466s | samples/s: 11709
Iteration 0068 | train reward: 632.49 | best: 632.49 | KL: 4.480e-02 | std: 0.4872 | rollout: 5.290s | update: 0.154s | total: 5.444s | samples/s: 11756
Iteration 0069 | train reward: 622.56 | best: 632.49 | KL: 9.179e-02 | std: 0.4844 | rollout: 5.060s | update: 0.153s | total: 5.212s | samples/s: 12278
Iteration 0070 | train reward: 632.66 | best: 632.66 | KL: 7.741e-02 | std: 0.4837 | rollout: 4.882s | update: 0.201s | total: 5.083s | samples/s: 12592
Iteration 0071 | train reward: 649.94 | best: 649.94 | KL: 7.204e-02 | std: 0.4816 | rollout: 4.972s | update: 0.145s | total: 5.116s | samples/s: 12509
Iteration 0072 | train reward: 667.97 | best: 667.97 | KL: 4.224e-02 | std: 0.4809 | rollout: 4.952s | update: 0.166s | total: 5.118s | samples/s: 12504
Iteration 0073 | train reward: 673.41 | best: 673.41 | KL: 4.934e-02 | std: 0.4800 | rollout: 4.961s | update: 0.151s | total: 5.112s | samples/s: 12519
Iteration 0074 | train reward: 685.12 | best: 685.12 | KL: 5.069e-02 | std: 0.4783 | rollout: 4.789s | update: 0.152s | total: 4.941s | samples/s: 12953
Iteration 0075 | train reward: 684.91 | best: 685.12 | KL: 4.291e-02 | std: 0.4758 | rollout: 5.056s | update: 0.140s | total: 5.196s | samples/s: 12317
Iteration 0076 | train reward: 689.87 | best: 689.87 | KL: 5.628e-02 | std: 0.4749 | rollout: 4.932s | update: 0.220s | total: 5.152s | samples/s: 12422
Iteration 0077 | train reward: 696.42 | best: 696.42 | KL: 8.506e-02 | std: 0.4716 | rollout: 4.910s | update: 0.151s | total: 5.061s | samples/s: 12645
Iteration 0078 | train reward: 722.34 | best: 722.34 | KL: 5.798e-02 | std: 0.4697 | rollout: 5.444s | update: 0.257s | total: 5.700s | samples/s: 11227
Iteration 0079 | train reward: 717.26 | best: 722.34 | KL: 6.412e-02 | std: 0.4687 | rollout: 4.824s | update: 0.167s | total: 4.991s | samples/s: 12823
Iteration 0080 | train reward: 710.28 | best: 722.34 | KL: 6.069e-02 | std: 0.4679 | rollout: 4.723s | update: 0.143s | total: 4.866s | samples/s: 13152
Iteration 0081 | train reward: 731.07 | best: 731.07 | KL: 8.136e-02 | std: 0.4671 | rollout: 4.916s | update: 0.225s | total: 5.141s | samples/s: 12449
Iteration 0082 | train reward: 727.56 | best: 731.07 | KL: 9.043e-02 | std: 0.4617 | rollout: 4.720s | update: 0.148s | total: 4.868s | samples/s: 13147
Iteration 0083 | train reward: 742.79 | best: 742.79 | KL: 6.047e-02 | std: 0.4626 | rollout: 4.928s | update: 0.143s | total: 5.071s | samples/s: 12620
Iteration 0084 | train reward: 760.68 | best: 760.68 | KL: 8.327e-02 | std: 0.4617 | rollout: 4.943s | update: 0.145s | total: 5.088s | samples/s: 12580
Iteration 0085 | train reward: 775.92 | best: 775.92 | KL: 8.821e-02 | std: 0.4600 | rollout: 4.850s | update: 0.140s | total: 4.990s | samples/s: 12826
Iteration 0086 | train reward: 762.44 | best: 775.92 | KL: 1.018e-01 | std: 0.4584 | rollout: 5.088s | update: 0.143s | total: 5.232s | samples/s: 12233
Iteration 0087 | train reward: 738.74 | best: 775.92 | KL: 1.234e-01 | std: 0.4555 | rollout: 4.827s | update: 0.141s | total: 4.968s | samples/s: 12883
Iteration 0088 | train reward: 774.15 | best: 775.92 | KL: 8.662e-02 | std: 0.4539 | rollout: 4.936s | update: 0.212s | total: 5.148s | samples/s: 12431
Iteration 0089 | train reward: 770.81 | best: 775.92 | KL: 1.057e-01 | std: 0.4540 | rollout: 4.731s | update: 0.197s | total: 4.928s | samples/s: 12986
Iteration 0090 | train reward: 739.96 | best: 775.92 | KL: 8.003e-02 | std: 0.4513 | rollout: 4.988s | update: 0.151s | total: 5.139s | samples/s: 12453
Iteration 0091 | train reward: 755.63 | best: 775.92 | KL: 7.126e-02 | std: 0.4529 | rollout: 4.956s | update: 0.146s | total: 5.102s | samples/s: 12544
Iteration 0092 | train reward: 750.67 | best: 775.92 | KL: 1.440e-01 | std: 0.4533 | rollout: 4.956s | update: 0.170s | total: 5.126s | samples/s: 12485
Iteration 0093 | train reward: 738.36 | best: 775.92 | KL: 9.512e-02 | std: 0.4550 | rollout: 5.013s | update: 0.324s | total: 5.337s | samples/s: 11992
Iteration 0094 | train reward: 725.77 | best: 775.92 | KL: 9.172e-02 | std: 0.4529 | rollout: 4.883s | update: 0.158s | total: 5.041s | samples/s: 12696
Iteration 0095 | train reward: 739.15 | best: 775.92 | KL: 8.212e-02 | std: 0.4531 | rollout: 4.805s | update: 0.163s | total: 4.967s | samples/s: 12884
Iteration 0096 | train reward: 769.75 | best: 775.92 | KL: 6.388e-02 | std: 0.4506 | rollout: 4.856s | update: 0.147s | total: 5.003s | samples/s: 12793
Iteration 0097 | train reward: 781.54 | best: 781.54 | KL: 7.719e-02 | std: 0.4515 | rollout: 4.680s | update: 0.157s | total: 4.837s | samples/s: 13231
Iteration 0098 | train reward: 773.33 | best: 781.54 | KL: 6.183e-02 | std: 0.4513 | rollout: 4.813s | update: 0.143s | total: 4.956s | samples/s: 12913
Iteration 0099 | train reward: 788.61 | best: 788.61 | KL: 6.633e-02 | std: 0.4505 | rollout: 4.753s | update: 0.144s | total: 4.896s | samples/s: 13071
Iteration 0100 | train reward: 795.45 | best: 795.45 | KL: 1.317e-01 | std: 0.4496 | rollout: 4.971s | update: 0.144s | total: 5.115s | samples/s: 12512
Iteration 0101 | train reward: 808.62 | best: 808.62 | KL: 1.094e-01 | std: 0.4477 | rollout: 5.001s | update: 0.156s | total: 5.157s | samples/s: 12410
Iteration 0102 | train reward: 807.29 | best: 808.62 | KL: 1.252e-01 | std: 0.4451 | rollout: 4.777s | update: 0.155s | total: 4.932s | samples/s: 12976
Iteration 0103 | train reward: 809.32 | best: 809.32 | KL: 9.045e-02 | std: 0.4446 | rollout: 4.781s | update: 0.154s | total: 4.936s | samples/s: 12967
Iteration 0104 | train reward: 813.07 | best: 813.07 | KL: 9.761e-02 | std: 0.4436 | rollout: 5.301s | update: 0.154s | total: 5.455s | samples/s: 11732
Iteration 0105 | train reward: 792.34 | best: 813.07 | KL: 1.200e-01 | std: 0.4435 | rollout: 4.942s | update: 0.220s | total: 5.162s | samples/s: 12399
Iteration 0106 | train reward: 812.07 | best: 813.07 | KL: 6.456e-02 | std: 0.4451 | rollout: 5.133s | update: 0.160s | total: 5.293s | samples/s: 12091
Iteration 0107 | train reward: 776.70 | best: 813.07 | KL: 8.325e-02 | std: 0.4427 | rollout: 4.913s | update: 0.195s | total: 5.108s | samples/s: 12529
Iteration 0108 | train reward: 797.19 | best: 813.07 | KL: 7.262e-02 | std: 0.4453 | rollout: 4.888s | update: 0.190s | total: 5.078s | samples/s: 12603
Iteration 0109 | train reward: 822.96 | best: 822.96 | KL: 8.040e-02 | std: 0.4477 | rollout: 5.145s | update: 0.211s | total: 5.356s | samples/s: 11949
Iteration 0110 | train reward: 819.49 | best: 822.96 | KL: 7.889e-02 | std: 0.4480 | rollout: 4.929s | update: 0.180s | total: 5.109s | samples/s: 12527
Iteration 0111 | train reward: 801.87 | best: 822.96 | KL: 9.743e-02 | std: 0.4479 | rollout: 4.990s | update: 0.143s | total: 5.133s | samples/s: 12467
Iteration 0112 | train reward: 798.89 | best: 822.96 | KL: 1.503e-01 | std: 0.4505 | rollout: 4.865s | update: 0.188s | total: 5.052s | samples/s: 12668
Iteration 0113 | train reward: 810.05 | best: 822.96 | KL: 1.510e-01 | std: 0.4541 | rollout: 5.014s | update: 0.156s | total: 5.171s | samples/s: 12378
Iteration 0114 | train reward: 836.97 | best: 836.97 | KL: 9.814e-02 | std: 0.4522 | rollout: 5.013s | update: 0.151s | total: 5.164s | samples/s: 12394
Iteration 0115 | train reward: 832.81 | best: 836.97 | KL: 8.893e-02 | std: 0.4503 | rollout: 5.247s | update: 0.151s | total: 5.398s | samples/s: 11856
Iteration 0116 | train reward: 741.60 | best: 836.97 | KL: 1.082e-01 | std: 0.4471 | rollout: 4.914s | update: 0.146s | total: 5.059s | samples/s: 12650
Iteration 0117 | train reward: 807.28 | best: 836.97 | KL: 1.029e-01 | std: 0.4454 | rollout: 5.111s | update: 0.209s | total: 5.320s | samples/s: 12030
Iteration 0118 | train reward: 796.04 | best: 836.97 | KL: 1.066e-01 | std: 0.4445 | rollout: 4.969s | update: 0.154s | total: 5.123s | samples/s: 12493
Iteration 0119 | train reward: 847.10 | best: 847.10 | KL: 8.801e-02 | std: 0.4430 | rollout: 4.928s | update: 0.147s | total: 5.075s | samples/s: 12610
Iteration 0120 | train reward: 845.51 | best: 847.10 | KL: 7.667e-02 | std: 0.4427 | rollout: 4.930s | update: 0.156s | total: 5.086s | samples/s: 12584
Iteration 0121 | train reward: 854.43 | best: 854.43 | KL: 8.313e-02 | std: 0.4425 | rollout: 4.542s | update: 0.146s | total: 4.687s | samples/s: 13654
Iteration 0122 | train reward: 829.65 | best: 854.43 | KL: 9.909e-02 | std: 0.4383 | rollout: 5.367s | update: 0.297s | total: 5.665s | samples/s: 11298
Iteration 0123 | train reward: 856.96 | best: 856.96 | KL: 8.814e-02 | std: 0.4339 | rollout: 5.841s | update: 0.167s | total: 6.008s | samples/s: 10652
Iteration 0124 | train reward: 845.70 | best: 856.96 | KL: 1.319e-01 | std: 0.4373 | rollout: 5.727s | update: 0.196s | total: 5.923s | samples/s: 10805
Iteration 0125 | train reward: 880.51 | best: 880.51 | KL: 1.384e-01 | std: 0.4359 | rollout: 4.948s | update: 0.151s | total: 5.099s | samples/s: 12552
Iteration 0126 | train reward: 829.84 | best: 880.51 | KL: 2.770e-01 | std: 0.4289 | rollout: 4.991s | update: 0.170s | total: 5.161s | samples/s: 12402
Iteration 0127 | train reward: 847.59 | best: 880.51 | KL: 2.116e-01 | std: 0.4351 | rollout: 5.028s | update: 0.146s | total: 5.174s | samples/s: 12369
Iteration 0128 | train reward: 904.36 | best: 904.36 | KL: 1.365e-01 | std: 0.4305 | rollout: 4.808s | update: 0.192s | total: 5.000s | samples/s: 12800
Iteration 0129 | train reward: 865.16 | best: 904.36 | KL: 2.255e-01 | std: 0.4271 | rollout: 4.804s | update: 0.148s | total: 4.952s | samples/s: 12925
Iteration 0130 | train reward: 836.34 | best: 904.36 | KL: 8.594e-02 | std: 0.4210 | rollout: 4.789s | update: 0.292s | total: 5.080s | samples/s: 12597
Iteration 0131 | train reward: 869.86 | best: 904.36 | KL: 1.610e-01 | std: 0.4123 | rollout: 4.866s | update: 0.146s | total: 5.012s | samples/s: 12770
Iteration 0132 | train reward: 940.98 | best: 940.98 | KL: 7.368e-02 | std: 0.4106 | rollout: 5.071s | update: 0.188s | total: 5.259s | samples/s: 12169
Iteration 0133 | train reward: 934.10 | best: 940.98 | KL: 1.046e-01 | std: 0.4073 | rollout: 4.756s | update: 0.145s | total: 4.900s | samples/s: 13061
Iteration 0134 | train reward: 948.49 | best: 948.49 | KL: 1.900e-01 | std: 0.4052 | rollout: 4.854s | update: 0.148s | total: 5.002s | samples/s: 12796
Iteration 0135 | train reward: 983.38 | best: 983.38 | KL: 1.013e-01 | std: 0.4063 | rollout: 4.937s | update: 0.168s | total: 5.105s | samples/s: 12537
Iteration 0136 | train reward: 984.73 | best: 984.73 | KL: 7.946e-02 | std: 0.4089 | rollout: 4.911s | update: 0.166s | total: 5.078s | samples/s: 12604
Iteration 0137 | train reward: 973.41 | best: 984.73 | KL: 7.091e-02 | std: 0.4078 | rollout: 4.725s | update: 0.143s | total: 4.868s | samples/s: 13147
Iteration 0138 | train reward: 994.74 | best: 994.74 | KL: 6.924e-02 | std: 0.4039 | rollout: 4.862s | update: 0.210s | total: 5.072s | samples/s: 12617
Iteration 0139 | train reward: 1003.57 | best: 1003.57 | KL: 7.473e-02 | std: 0.4019 | rollout: 4.900s | update: 0.150s | total: 5.050s | samples/s: 12674
Iteration 0140 | train reward: 1017.21 | best: 1017.21 | KL: 8.442e-02 | std: 0.4008 | rollout: 4.837s | update: 0.229s | total: 5.066s | samples/s: 12634
Iteration 0141 | train reward: 1010.41 | best: 1017.21 | KL: 9.277e-02 | std: 0.4039 | rollout: 4.960s | update: 0.156s | total: 5.116s | samples/s: 12511
Iteration 0142 | train reward: 1006.88 | best: 1017.21 | KL: 7.360e-02 | std: 0.4013 | rollout: 4.814s | update: 0.154s | total: 4.968s | samples/s: 12882
Iteration 0143 | train reward: 1003.21 | best: 1017.21 | KL: 8.818e-02 | std: 0.3973 | rollout: 5.238s | update: 0.259s | total: 5.497s | samples/s: 11643
Iteration 0144 | train reward: 1009.32 | best: 1017.21 | KL: 9.880e-02 | std: 0.3929 | rollout: 4.783s | update: 0.144s | total: 4.927s | samples/s: 12989
Iteration 0145 | train reward: 998.12 | best: 1017.21 | KL: 7.813e-02 | std: 0.3967 | rollout: 4.938s | update: 0.153s | total: 5.091s | samples/s: 12572
Iteration 0146 | train reward: 1012.21 | best: 1017.21 | KL: 1.318e-01 | std: 0.3956 | rollout: 4.867s | update: 0.147s | total: 5.013s | samples/s: 12766
Iteration 0147 | train reward: 1047.80 | best: 1047.80 | KL: 8.607e-02 | std: 0.3948 | rollout: 4.890s | update: 0.162s | total: 5.052s | samples/s: 12668
Iteration 0148 | train reward: 1072.34 | best: 1072.34 | KL: 1.151e-01 | std: 0.3930 | rollout: 4.880s | update: 0.157s | total: 5.036s | samples/s: 12707
Iteration 0149 | train reward: 1101.25 | best: 1101.25 | KL: 3.236e-01 | std: 0.3921 | rollout: 4.781s | update: 0.152s | total: 4.934s | samples/s: 12972
Iteration 0150 | train reward: 1110.41 | best: 1110.41 | KL: 8.483e-02 | std: 0.3897 | rollout: 4.985s | update: 0.149s | total: 5.134s | samples/s: 12466
Iteration 0151 | train reward: 1125.40 | best: 1125.40 | KL: 1.016e-01 | std: 0.3851 | rollout: 4.677s | update: 0.145s | total: 4.822s | samples/s: 13273
Iteration 0152 | train reward: 1145.32 | best: 1145.32 | KL: 1.540e-01 | std: 0.3871 | rollout: 4.880s | update: 0.167s | total: 5.047s | samples/s: 12682
Iteration 0153 | train reward: 1150.33 | best: 1150.33 | KL: 1.194e-01 | std: 0.3877 | rollout: 5.021s | update: 0.156s | total: 5.177s | samples/s: 12362
Iteration 0154 | train reward: 1106.20 | best: 1150.33 | KL: 7.946e-02 | std: 0.3831 | rollout: 4.914s | update: 0.150s | total: 5.064s | samples/s: 12638
Iteration 0155 | train reward: 1115.71 | best: 1150.33 | KL: 1.527e-01 | std: 0.3790 | rollout: 4.924s | update: 0.157s | total: 5.080s | samples/s: 12598
Iteration 0156 | train reward: 1085.46 | best: 1150.33 | KL: 1.489e-01 | std: 0.3802 | rollout: 4.671s | update: 0.171s | total: 4.842s | samples/s: 13217
Iteration 0157 | train reward: 1024.19 | best: 1150.33 | KL: 1.102e-01 | std: 0.3785 | rollout: 4.909s | update: 0.154s | total: 5.063s | samples/s: 12641
Iteration 0158 | train reward: 1048.69 | best: 1150.33 | KL: 1.575e-01 | std: 0.3767 | rollout: 4.943s | update: 0.161s | total: 5.104s | samples/s: 12539
Iteration 0159 | train reward: 1005.22 | best: 1150.33 | KL: 1.998e-01 | std: 0.3701 | rollout: 5.002s | update: 0.192s | total: 5.194s | samples/s: 12321
Iteration 0160 | train reward: 1026.23 | best: 1150.33 | KL: 1.581e-01 | std: 0.3671 | rollout: 4.895s | update: 0.158s | total: 5.054s | samples/s: 12664
Iteration 0161 | train reward: 915.21 | best: 1150.33 | KL: 1.182e-01 | std: 0.3643 | rollout: 4.974s | update: 0.149s | total: 5.124s | samples/s: 12491
Iteration 0162 | train reward: 1002.35 | best: 1150.33 | KL: 1.453e-01 | std: 0.3584 | rollout: 4.970s | update: 0.253s | total: 5.223s | samples/s: 12253
Iteration 0163 | train reward: 1058.13 | best: 1150.33 | KL: 1.588e-01 | std: 0.3623 | rollout: 5.312s | update: 0.156s | total: 5.468s | samples/s: 11705
Iteration 0164 | train reward: 1125.50 | best: 1150.33 | KL: 1.141e-01 | std: 0.3632 | rollout: 4.974s | update: 0.149s | total: 5.123s | samples/s: 12493
Iteration 0165 | train reward: 1116.71 | best: 1150.33 | KL: 1.366e-01 | std: 0.3579 | rollout: 4.932s | update: 0.146s | total: 5.078s | samples/s: 12604
Iteration 0166 | train reward: 1132.97 | best: 1150.33 | KL: 1.218e-01 | std: 0.3591 | rollout: 4.727s | update: 0.150s | total: 4.877s | samples/s: 13122
Iteration 0167 | train reward: 1162.37 | best: 1162.37 | KL: 1.775e-01 | std: 0.3578 | rollout: 5.048s | update: 0.266s | total: 5.313s | samples/s: 12045
Iteration 0168 | train reward: 1098.36 | best: 1162.37 | KL: 1.796e-01 | std: 0.3610 | rollout: 4.916s | update: 0.157s | total: 5.073s | samples/s: 12615
Iteration 0169 | train reward: 1073.18 | best: 1162.37 | KL: 1.681e-01 | std: 0.3632 | rollout: 5.068s | update: 0.152s | total: 5.221s | samples/s: 12259
Iteration 0170 | train reward: 1108.32 | best: 1162.37 | KL: 2.429e-01 | std: 0.3606 | rollout: 5.027s | update: 0.152s | total: 5.179s | samples/s: 12357
Iteration 0171 | train reward: 935.00 | best: 1162.37 | KL: 1.772e-01 | std: 0.3610 | rollout: 4.938s | update: 0.143s | total: 5.082s | samples/s: 12595
Iteration 0172 | train reward: 1105.75 | best: 1162.37 | KL: 1.291e+00 | std: 0.3542 | rollout: 4.904s | update: 0.149s | total: 5.053s | samples/s: 12665
Iteration 0173 | train reward: 780.31 | best: 1162.37 | KL: 7.739e-02 | std: 0.3542 | rollout: 5.028s | update: 0.146s | total: 5.175s | samples/s: 12368
Iteration 0174 | train reward: 894.40 | best: 1162.37 | KL: 9.847e-02 | std: 0.3489 | rollout: 5.011s | update: 0.146s | total: 5.156s | samples/s: 12412
Iteration 0175 | train reward: 984.62 | best: 1162.37 | KL: 1.649e-01 | std: 0.3476 | rollout: 4.853s | update: 0.148s | total: 5.002s | samples/s: 12796
Iteration 0176 | train reward: 1008.61 | best: 1162.37 | KL: 3.316e-01 | std: 0.3427 | rollout: 4.928s | update: 0.143s | total: 5.071s | samples/s: 12621
Iteration 0177 | train reward: 985.61 | best: 1162.37 | KL: 1.117e-01 | std: 0.3359 | rollout: 4.934s | update: 0.152s | total: 5.086s | samples/s: 12584
Iteration 0178 | train reward: 984.06 | best: 1162.37 | KL: 4.642e+01 | std: 0.3350 | rollout: 4.852s | update: 0.149s | total: 5.001s | samples/s: 12797
Iteration 0179 | train reward: -195.84 | best: 1162.37 | KL: 3.576e-01 | std: 0.3357 | rollout: 5.166s | update: 0.150s | total: 5.316s | samples/s: 12039
Iteration 0180 | train reward: -190.16 | best: 1162.37 | KL: 3.221e-03 | std: 0.3349 | rollout: 5.040s | update: 0.185s | total: 5.224s | samples/s: 12251
Iteration 0181 | train reward: -185.76 | best: 1162.37 | KL: 7.123e-03 | std: 0.3346 | rollout: 5.098s | update: 0.174s | total: 5.272s | samples/s: 12139
Iteration 0182 | train reward: -185.96 | best: 1162.37 | KL: 3.677e-03 | std: 0.3346 | rollout: 5.116s | update: 0.169s | total: 5.285s | samples/s: 12111
Iteration 0183 | train reward: -179.31 | best: 1162.37 | KL: 1.116e-02 | std: 0.3344 | rollout: 4.922s | update: 0.151s | total: 5.073s | samples/s: 12616
Iteration 0184 | train reward: -188.03 | best: 1162.37 | KL: 1.714e-01 | std: 0.3336 | rollout: 5.085s | update: 0.145s | total: 5.230s | samples/s: 12237
Iteration 0185 | train reward: -179.38 | best: 1162.37 | KL: 1.359e-02 | std: 0.3333 | rollout: 5.171s | update: 0.207s | total: 5.377s | samples/s: 11902
Iteration 0186 | train reward: -189.47 | best: 1162.37 | KL: 3.464e-03 | std: 0.3334 | rollout: 4.913s | update: 0.148s | total: 5.061s | samples/s: 12646
Iteration 0187 | train reward: -182.13 | best: 1162.37 | KL: 8.428e-03 | std: 0.3324 | rollout: 5.128s | update: 0.152s | total: 5.280s | samples/s: 12122
Iteration 0188 | train reward: -184.97 | best: 1162.37 | KL: 2.869e-02 | std: 0.3321 | rollout: 4.804s | update: 0.154s | total: 4.958s | samples/s: 12909
Iteration 0189 | train reward: -184.73 | best: 1162.37 | KL: 4.065e-03 | std: 0.3333 | rollout: 4.891s | update: 0.264s | total: 5.155s | samples/s: 12416
Iteration 0190 | train reward: -182.89 | best: 1162.37 | KL: 7.177e-03 | std: 0.3333 | rollout: 4.922s | update: 0.200s | total: 5.123s | samples/s: 12494
Iteration 0191 | train reward: -179.91 | best: 1162.37 | KL: 4.292e-03 | std: 0.3321 | rollout: 5.076s | update: 0.217s | total: 5.293s | samples/s: 12092
Iteration 0192 | train reward: -184.48 | best: 1162.37 | KL: 3.770e-03 | std: 0.3323 | rollout: 4.983s | update: 0.217s | total: 5.200s | samples/s: 12308
Iteration 0193 | train reward: -173.53 | best: 1162.37 | KL: 1.752e+00 | std: 0.3320 | rollout: 4.895s | update: 0.150s | total: 5.045s | samples/s: 12685
Iteration 0194 | train reward: -174.73 | best: 1162.37 | KL: 6.747e-03 | std: 0.3323 | rollout: 5.121s | update: 0.171s | total: 5.292s | samples/s: 12094
Iteration 0195 | train reward: -184.49 | best: 1162.37 | KL: 3.151e-03 | std: 0.3330 | rollout: 5.117s | update: 0.150s | total: 5.267s | samples/s: 12151
Iteration 0196 | train reward: -172.81 | best: 1162.37 | KL: 5.742e-03 | std: 0.3323 | rollout: 4.964s | update: 0.297s | total: 5.261s | samples/s: 12165
Iteration 0197 | train reward: -177.47 | best: 1162.37 | KL: 6.131e-03 | std: 0.3323 | rollout: 5.069s | update: 0.142s | total: 5.211s | samples/s: 12283
Iteration 0198 | train reward: -179.33 | best: 1162.37 | KL: 3.138e-03 | std: 0.3330 | rollout: 5.089s | update: 0.145s | total: 5.235s | samples/s: 12226
Iteration 0199 | train reward: -176.88 | best: 1162.37 | KL: 7.483e-03 | std: 0.3321 | rollout: 4.686s | update: 0.154s | total: 4.840s | samples/s: 13222
Iteration 0200 | train reward: -172.79 | best: 1162.37 | KL: 7.034e-03 | std: 0.3320 | rollout: 4.999s | update: 0.158s | total: 5.157s | samples/s: 12409
Iteration 0201 | train reward: -178.54 | best: 1162.37 | KL: 8.737e-03 | std: 0.3330 | rollout: 5.151s | update: 0.157s | total: 5.308s | samples/s: 12057
Iteration 0202 | train reward: -168.91 | best: 1162.37 | KL: 7.150e-03 | std: 0.3318 | rollout: 5.233s | update: 0.187s | total: 5.421s | samples/s: 11807
Iteration 0203 | train reward: -167.04 | best: 1162.37 | KL: 5.815e-03 | std: 0.3311 | rollout: 5.096s | update: 0.213s | total: 5.310s | samples/s: 12053
Iteration 0204 | train reward: -167.65 | best: 1162.37 | KL: 1.069e-02 | std: 0.3318 | rollout: 4.851s | update: 0.152s | total: 5.002s | samples/s: 12794
Iteration 0205 | train reward: -163.17 | best: 1162.37 | KL: 5.940e-03 | std: 0.3320 | rollout: 5.076s | update: 0.156s | total: 5.231s | samples/s: 12234
Iteration 0206 | train reward: -161.80 | best: 1162.37 | KL: 7.982e-03 | std: 0.3317 | rollout: 4.911s | update: 0.157s | total: 5.067s | samples/s: 12630
Iteration 0207 | train reward: -165.83 | best: 1162.37 | KL: 6.865e-03 | std: 0.3320 | rollout: 5.044s | update: 0.150s | total: 5.194s | samples/s: 12323
Iteration 0208 | train reward: -159.65 | best: 1162.37 | KL: 8.485e-03 | std: 0.3319 | rollout: 5.144s | update: 0.179s | total: 5.323s | samples/s: 12024
Iteration 0209 | train reward: -154.28 | best: 1162.37 | KL: 1.040e-02 | std: 0.3308 | rollout: 5.008s | update: 0.150s | total: 5.158s | samples/s: 12408
Iteration 0210 | train reward: -159.23 | best: 1162.37 | KL: 2.078e-02 | std: 0.3307 | rollout: 5.192s | update: 0.141s | total: 5.334s | samples/s: 11999
Iteration 0211 | train reward: -138.38 | best: 1162.37 | KL: 2.410e-02 | std: 0.3295 | rollout: 4.798s | update: 0.149s | total: 4.948s | samples/s: 12936
Iteration 0212 | train reward: -148.86 | best: 1162.37 | KL: 2.829e-02 | std: 0.3294 | rollout: 4.824s | update: 0.142s | total: 4.966s | samples/s: 12887
Iteration 0213 | train reward: -153.75 | best: 1162.37 | KL: 8.618e-03 | std: 0.3293 | rollout: 4.846s | update: 0.154s | total: 4.999s | samples/s: 12802
Iteration 0214 | train reward: -146.17 | best: 1162.37 | KL: 1.842e-02 | std: 0.3294 | rollout: 5.082s | update: 0.157s | total: 5.239s | samples/s: 12217
Iteration 0215 | train reward: -165.01 | best: 1162.37 | KL: 5.315e-03 | std: 0.3292 | rollout: 5.118s | update: 0.153s | total: 5.271s | samples/s: 12142
Iteration 0216 | train reward: -150.10 | best: 1162.37 | KL: 1.277e-02 | std: 0.3284 | rollout: 4.941s | update: 0.150s | total: 5.091s | samples/s: 12571
Iteration 0217 | train reward: -124.92 | best: 1162.37 | KL: 2.453e-02 | std: 0.3284 | rollout: 4.961s | update: 0.159s | total: 5.121s | samples/s: 12499
Iteration 0218 | train reward: -146.42 | best: 1162.37 | KL: 2.054e+00 | std: 0.3297 | rollout: 5.011s | update: 0.163s | total: 5.174s | samples/s: 12369
Iteration 0219 | train reward: -170.94 | best: 1162.37 | KL: 3.470e-03 | std: 0.3294 | rollout: 5.165s | update: 0.145s | total: 5.311s | samples/s: 12051
Iteration 0220 | train reward: -161.75 | best: 1162.37 | KL: 1.096e-02 | std: 0.3294 | rollout: 5.109s | update: 0.158s | total: 5.266s | samples/s: 12152
Iteration 0221 | train reward: -165.10 | best: 1162.37 | KL: 5.960e-03 | std: 0.3294 | rollout: 5.715s | update: 0.144s | total: 5.859s | samples/s: 10924
Iteration 0222 | train reward: -178.26 | best: 1162.37 | KL: 4.407e-03 | std: 0.3294 | rollout: 5.145s | update: 0.148s | total: 5.293s | samples/s: 12091
Iteration 0223 | train reward: -156.34 | best: 1162.37 | KL: 1.176e-02 | std: 0.3305 | rollout: 5.211s | update: 0.142s | total: 5.353s | samples/s: 11955
Iteration 0224 | train reward: -161.15 | best: 1162.37 | KL: 7.529e-03 | std: 0.3310 | rollout: 5.061s | update: 0.138s | total: 5.199s | samples/s: 12309
Iteration 0225 | train reward: -157.17 | best: 1162.37 | KL: 7.886e-03 | std: 0.3307 | rollout: 5.301s | update: 0.160s | total: 5.461s | samples/s: 11720
Iteration 0226 | train reward: -159.56 | best: 1162.37 | KL: 8.090e-03 | std: 0.3298 | rollout: 4.988s | update: 0.152s | total: 5.140s | samples/s: 12451
Iteration 0227 | train reward: -155.52 | best: 1162.37 | KL: 9.352e-03 | std: 0.3293 | rollout: 4.972s | update: 0.148s | total: 5.119s | samples/s: 12502
Iteration 0228 | train reward: -157.96 | best: 1162.37 | KL: 9.097e-03 | std: 0.3284 | rollout: 5.122s | update: 0.143s | total: 5.264s | samples/s: 12157
Iteration 0229 | train reward: -158.47 | best: 1162.37 | KL: 7.657e-03 | std: 0.3284 | rollout: 4.918s | update: 0.151s | total: 5.069s | samples/s: 12626
Iteration 0230 | train reward: -150.38 | best: 1162.37 | KL: 1.040e-02 | std: 0.3284 | rollout: 4.852s | update: 0.147s | total: 4.999s | samples/s: 12801
Iteration 0231 | train reward: -154.65 | best: 1162.37 | KL: 5.988e-03 | std: 0.3281 | rollout: 4.966s | update: 0.156s | total: 5.121s | samples/s: 12496
Iteration 0232 | train reward: -159.76 | best: 1162.37 | KL: 8.858e-03 | std: 0.3281 | rollout: 5.066s | update: 0.159s | total: 5.225s | samples/s: 12249
Iteration 0233 | train reward: -145.81 | best: 1162.37 | KL: 1.083e-02 | std: 0.3279 | rollout: 5.132s | update: 0.147s | total: 5.279s | samples/s: 12124
Iteration 0234 | train reward: -154.54 | best: 1162.37 | KL: 7.566e-03 | std: 0.3284 | rollout: 5.031s | update: 0.152s | total: 5.183s | samples/s: 12348
Iteration 0235 | train reward: -158.23 | best: 1162.37 | KL: 9.522e-03 | std: 0.3281 | rollout: 5.168s | update: 0.153s | total: 5.321s | samples/s: 12027
Iteration 0236 | train reward: -160.44 | best: 1162.37 | KL: 8.064e-03 | std: 0.3284 | rollout: 4.872s | update: 0.156s | total: 5.028s | samples/s: 12729
Iteration 0237 | train reward: -141.53 | best: 1162.37 | KL: 1.250e-02 | std: 0.3281 | rollout: 5.119s | update: 0.151s | total: 5.270s | samples/s: 12144
Iteration 0238 | train reward: -143.11 | best: 1162.37 | KL: 1.621e-02 | std: 0.3278 | rollout: 4.824s | update: 0.223s | total: 5.047s | samples/s: 12681
Iteration 0239 | train reward: -153.41 | best: 1162.37 | KL: 1.094e-02 | std: 0.3279 | rollout: 5.089s | update: 0.150s | total: 5.240s | samples/s: 12215
Iteration 0240 | train reward: -153.21 | best: 1162.37 | KL: 9.452e-03 | std: 0.3271 | rollout: 4.933s | update: 0.145s | total: 5.078s | samples/s: 12604
Iteration 0241 | train reward: -152.06 | best: 1162.37 | KL: 8.654e-03 | std: 0.3271 | rollout: 5.268s | update: 0.287s | total: 5.554s | samples/s: 11523
Iteration 0242 | train reward: -132.08 | best: 1162.37 | KL: 1.910e-02 | std: 0.3259 | rollout: 4.979s | update: 0.154s | total: 5.133s | samples/s: 12468
Iteration 0243 | train reward: -156.61 | best: 1162.37 | KL: 7.947e-03 | std: 0.3265 | rollout: 5.042s | update: 0.147s | total: 5.189s | samples/s: 12333
Iteration 0244 | train reward: -155.30 | best: 1162.37 | KL: 1.328e-02 | std: 0.3252 | rollout: 5.090s | update: 0.222s | total: 5.312s | samples/s: 12049
Iteration 0245 | train reward: -144.64 | best: 1162.37 | KL: 1.513e-02 | std: 0.3252 | rollout: 4.959s | update: 0.159s | total: 5.118s | samples/s: 12504
Iteration 0246 | train reward: -141.10 | best: 1162.37 | KL: 1.083e-02 | std: 0.3242 | rollout: 4.984s | update: 0.156s | total: 5.139s | samples/s: 12453
Iteration 0247 | train reward: -150.26 | best: 1162.37 | KL: 9.379e-03 | std: 0.3232 | rollout: 5.038s | update: 0.154s | total: 5.193s | samples/s: 12325
Iteration 0248 | train reward: -148.94 | best: 1162.37 | KL: 9.661e-03 | std: 0.3229 | rollout: 4.896s | update: 0.214s | total: 5.110s | samples/s: 12524
Iteration 0249 | train reward: -150.92 | best: 1162.37 | KL: 1.168e-02 | std: 0.3226 | rollout: 5.034s | update: 0.138s | total: 5.172s | samples/s: 12374
Iteration 0250 | train reward: -144.34 | best: 1162.37 | KL: 8.009e-03 | std: 0.3215 | rollout: 5.091s | update: 0.150s | total: 5.241s | samples/s: 12211
Iteration 0251 | train reward: -145.61 | best: 1162.37 | KL: 1.108e-02 | std: 0.3217 | rollout: 5.189s | update: 0.149s | total: 5.338s | samples/s: 11989
Iteration 0252 | train reward: -145.79 | best: 1162.37 | KL: 1.156e-02 | std: 0.3213 | rollout: 5.020s | update: 0.158s | total: 5.177s | samples/s: 12361
Iteration 0253 | train reward: -135.47 | best: 1162.37 | KL: 1.303e-02 | std: 0.3206 | rollout: 5.147s | update: 0.231s | total: 5.378s | samples/s: 11901
Iteration 0254 | train reward: -145.52 | best: 1162.37 | KL: 1.193e-02 | std: 0.3213 | rollout: 5.006s | update: 0.145s | total: 5.151s | samples/s: 12426
Iteration 0255 | train reward: -131.45 | best: 1162.37 | KL: 2.268e-02 | std: 0.3215 | rollout: 5.183s | update: 0.221s | total: 5.404s | samples/s: 11843
Iteration 0256 | train reward: -128.26 | best: 1162.37 | KL: 1.978e-02 | std: 0.3207 | rollout: 5.092s | update: 0.152s | total: 5.244s | samples/s: 12204
Iteration 0257 | train reward: -119.55 | best: 1162.37 | KL: 2.408e-02 | std: 0.3206 | rollout: 5.037s | update: 0.153s | total: 5.190s | samples/s: 12332
Iteration 0258 | train reward: -137.05 | best: 1162.37 | KL: 1.349e-02 | std: 0.3203 | rollout: 5.236s | update: 0.159s | total: 5.395s | samples/s: 11862
Iteration 0259 | train reward: -121.72 | best: 1162.37 | KL: 2.955e-02 | std: 0.3202 | rollout: 5.050s | update: 0.209s | total: 5.260s | samples/s: 12168
Iteration 0260 | train reward: -107.35 | best: 1162.37 | KL: 2.697e-02 | std: 0.3207 | rollout: 5.354s | update: 0.246s | total: 5.600s | samples/s: 11429
Iteration 0261 | train reward: -126.53 | best: 1162.37 | KL: 2.113e-02 | std: 0.3202 | rollout: 5.050s | update: 0.211s | total: 5.261s | samples/s: 12165
Iteration 0262 | train reward: -129.46 | best: 1162.37 | KL: 3.003e-02 | std: 0.3190 | rollout: 5.012s | update: 0.160s | total: 5.171s | samples/s: 12376
Iteration 0263 | train reward: -116.64 | best: 1162.37 | KL: 2.820e-02 | std: 0.3180 | rollout: 5.152s | update: 0.149s | total: 5.301s | samples/s: 12074
Iteration 0264 | train reward: -122.76 | best: 1162.37 | KL: 1.863e-02 | std: 0.3180 | rollout: 5.072s | update: 0.148s | total: 5.220s | samples/s: 12262
Iteration 0265 | train reward: -124.50 | best: 1162.37 | KL: 1.953e-02 | std: 0.3190 | rollout: 4.912s | update: 0.155s | total: 5.067s | samples/s: 12631
Iteration 0266 | train reward: -109.80 | best: 1162.37 | KL: 2.738e-02 | std: 0.3187 | rollout: 5.086s | update: 0.157s | total: 5.243s | samples/s: 12207
Iteration 0267 | train reward: -108.85 | best: 1162.37 | KL: 2.478e-02 | std: 0.3187 | rollout: 4.985s | update: 0.148s | total: 5.133s | samples/s: 12469
Iteration 0268 | train reward: -121.75 | best: 1162.37 | KL: 1.712e-02 | std: 0.3177 | rollout: 5.075s | update: 0.145s | total: 5.220s | samples/s: 12260
Iteration 0269 | train reward: -121.83 | best: 1162.37 | KL: 1.714e-02 | std: 0.3187 | rollout: 4.903s | update: 0.148s | total: 5.051s | samples/s: 12671
Iteration 0270 | train reward: -116.11 | best: 1162.37 | KL: 4.588e-02 | std: 0.3187 | rollout: 4.986s | update: 0.147s | total: 5.133s | samples/s: 12468
Iteration 0271 | train reward: -95.90 | best: 1162.37 | KL: 5.465e-02 | std: 0.3167 | rollout: 4.944s | update: 0.151s | total: 5.095s | samples/s: 12561
Iteration 0272 | train reward: -104.79 | best: 1162.37 | KL: 3.021e-02 | std: 0.3177 | rollout: 4.914s | update: 0.147s | total: 5.061s | samples/s: 12646
Iteration 0273 | train reward: -114.17 | best: 1162.37 | KL: 2.178e-02 | std: 0.3178 | rollout: 5.029s | update: 0.192s | total: 5.221s | samples/s: 12259
Iteration 0274 | train reward: -124.37 | best: 1162.37 | KL: 1.443e-02 | std: 0.3174 | rollout: 5.101s | update: 0.159s | total: 5.260s | samples/s: 12168
Iteration 0275 | train reward: -111.60 | best: 1162.37 | KL: 2.625e-02 | std: 0.3167 | rollout: 5.094s | update: 0.170s | total: 5.264s | samples/s: 12158
Iteration 0276 | train reward: -104.75 | best: 1162.37 | KL: 2.781e-02 | std: 0.3174 | rollout: 5.242s | update: 0.168s | total: 5.410s | samples/s: 11830
Iteration 0277 | train reward: -93.04 | best: 1162.37 | KL: 2.838e-02 | std: 0.3177 | rollout: 5.072s | update: 0.175s | total: 5.247s | samples/s: 12198
Iteration 0278 | train reward: -107.32 | best: 1162.37 | KL: 2.963e-02 | std: 0.3174 | rollout: 5.034s | update: 0.149s | total: 5.183s | samples/s: 12349
Iteration 0279 | train reward: -113.82 | best: 1162.37 | KL: 2.380e-02 | std: 0.3174 | rollout: 5.417s | update: 0.162s | total: 5.580s | samples/s: 11470
Iteration 0280 | train reward: -99.84 | best: 1162.37 | KL: 2.979e-02 | std: 0.3174 | rollout: 4.927s | update: 0.155s | total: 5.082s | samples/s: 12593
Iteration 0281 | train reward: -90.74 | best: 1162.37 | KL: 3.368e-02 | std: 0.3165 | rollout: 5.209s | update: 0.157s | total: 5.366s | samples/s: 11926
Iteration 0282 | train reward: -99.20 | best: 1162.37 | KL: 3.402e-02 | std: 0.3174 | rollout: 5.126s | update: 0.156s | total: 5.282s | samples/s: 12116
Iteration 0283 | train reward: -76.31 | best: 1162.37 | KL: 4.677e-02 | std: 0.3168 | rollout: 5.393s | update: 0.229s | total: 5.622s | samples/s: 11384
Iteration 0284 | train reward: -84.76 | best: 1162.37 | KL: 3.209e-02 | std: 0.3174 | rollout: 5.033s | update: 0.169s | total: 5.202s | samples/s: 12303
Iteration 0285 | train reward: -82.18 | best: 1162.37 | KL: 4.340e-02 | std: 0.3152 | rollout: 4.958s | update: 0.148s | total: 5.106s | samples/s: 12533
Iteration 0286 | train reward: -72.57 | best: 1162.37 | KL: 3.735e-02 | std: 0.3152 | rollout: 5.150s | update: 0.188s | total: 5.338s | samples/s: 11990
Iteration 0287 | train reward: -72.86 | best: 1162.37 | KL: 1.407e-01 | std: 0.3151 | rollout: 5.110s | update: 0.149s | total: 5.260s | samples/s: 12168
Iteration 0288 | train reward: -64.56 | best: 1162.37 | KL: 4.351e-02 | std: 0.3154 | rollout: 5.080s | update: 0.161s | total: 5.241s | samples/s: 12210
Iteration 0289 | train reward: -40.35 | best: 1162.37 | KL: 3.864e-02 | std: 0.3151 | rollout: 5.029s | update: 0.147s | total: 5.176s | samples/s: 12365
Iteration 0290 | train reward: -35.44 | best: 1162.37 | KL: 5.133e-02 | std: 0.3139 | rollout: 5.031s | update: 0.148s | total: 5.179s | samples/s: 12357
Iteration 0291 | train reward: -54.82 | best: 1162.37 | KL: 3.423e-02 | std: 0.3135 | rollout: 4.738s | update: 0.154s | total: 4.892s | samples/s: 13083
Iteration 0292 | train reward: -54.77 | best: 1162.37 | KL: 3.596e-02 | std: 0.3125 | rollout: 5.093s | update: 0.151s | total: 5.245s | samples/s: 12203
Iteration 0293 | train reward: -61.80 | best: 1162.37 | KL: 5.071e-02 | std: 0.3126 | rollout: 5.206s | update: 0.178s | total: 5.384s | samples/s: 11887
Iteration 0294 | train reward: -51.67 | best: 1162.37 | KL: 5.074e-02 | std: 0.3112 | rollout: 5.093s | update: 0.153s | total: 5.246s | samples/s: 12200
Iteration 0295 | train reward: -46.81 | best: 1162.37 | KL: 5.133e-02 | std: 0.3102 | rollout: 5.489s | update: 0.233s | total: 5.722s | samples/s: 11185
Iteration 0296 | train reward: -12.96 | best: 1162.37 | KL: 6.152e-02 | std: 0.3109 | rollout: 6.069s | update: 0.158s | total: 6.227s | samples/s: 10279
Iteration 0297 | train reward: -16.35 | best: 1162.37 | KL: 5.087e-02 | std: 0.3109 | rollout: 5.476s | update: 0.157s | total: 5.634s | samples/s: 11360
Iteration 0298 | train reward: -2.38 | best: 1162.37 | KL: 7.242e-02 | std: 0.3096 | rollout: 5.261s | update: 0.181s | total: 5.442s | samples/s: 11759
Iteration 0299 | train reward: 9.54 | best: 1162.37 | KL: 6.855e-02 | std: 0.3098 | rollout: 5.008s | update: 0.153s | total: 5.161s | samples/s: 12401
Iteration 0300 | train reward: -27.57 | best: 1162.37 | KL: 6.208e-02 | std: 0.3089 | rollout: 5.331s | update: 0.160s | total: 5.491s | samples/s: 11656
Iteration 0301 | train reward: -35.19 | best: 1162.37 | KL: 4.238e-02 | std: 0.3070 | rollout: 5.118s | update: 0.157s | total: 5.274s | samples/s: 12134
Iteration 0302 | train reward: -56.88 | best: 1162.37 | KL: 4.969e-02 | std: 0.3060 | rollout: 5.293s | update: 0.158s | total: 5.450s | samples/s: 11742
Iteration 0303 | train reward: -16.71 | best: 1162.37 | KL: 6.804e-02 | std: 0.3063 | rollout: 5.053s | update: 0.158s | total: 5.211s | samples/s: 12281
Iteration 0304 | train reward: 5.39 | best: 1162.37 | KL: 4.895e-02 | std: 0.3057 | rollout: 4.966s | update: 0.151s | total: 5.117s | samples/s: 12508
Iteration 0305 | train reward: -19.71 | best: 1162.37 | KL: 5.794e-02 | std: 0.3034 | rollout: 5.117s | update: 0.161s | total: 5.277s | samples/s: 12128
Iteration 0306 | train reward: -12.68 | best: 1162.37 | KL: 5.888e-02 | std: 0.3034 | rollout: 5.151s | update: 0.192s | total: 5.343s | samples/s: 11978
Iteration 0307 | train reward: -32.78 | best: 1162.37 | KL: 6.799e-02 | std: 0.3047 | rollout: 4.921s | update: 0.153s | total: 5.074s | samples/s: 12614
Iteration 0308 | train reward: 6.02 | best: 1162.37 | KL: 6.166e-02 | std: 0.3048 | rollout: 5.109s | update: 0.182s | total: 5.291s | samples/s: 12096
Iteration 0309 | train reward: 22.44 | best: 1162.37 | KL: 5.046e-02 | std: 0.3057 | rollout: 5.213s | update: 0.148s | total: 5.361s | samples/s: 11938
Iteration 0310 | train reward: -17.04 | best: 1162.37 | KL: 1.390e-01 | std: 0.3030 | rollout: 5.029s | update: 0.160s | total: 5.189s | samples/s: 12335
Iteration 0311 | train reward: 10.32 | best: 1162.37 | KL: 7.873e-02 | std: 0.3011 | rollout: 4.916s | update: 0.148s | total: 5.064s | samples/s: 12638
Iteration 0312 | train reward: 17.11 | best: 1162.37 | KL: 6.727e-02 | std: 0.3008 | rollout: 5.024s | update: 0.149s | total: 5.174s | samples/s: 12370
Iteration 0313 | train reward: 33.59 | best: 1162.37 | KL: 8.481e-02 | std: 0.2996 | rollout: 5.139s | update: 0.175s | total: 5.314s | samples/s: 12044
Iteration 0314 | train reward: 21.31 | best: 1162.37 | KL: 6.907e-02 | std: 0.3007 | rollout: 5.011s | update: 0.225s | total: 5.237s | samples/s: 12221
Iteration 0315 | train reward: 7.23 | best: 1162.37 | KL: 1.227e-01 | std: 0.3005 | rollout: 5.075s | update: 0.184s | total: 5.259s | samples/s: 12169
Iteration 0316 | train reward: 48.50 | best: 1162.37 | KL: 7.068e-02 | std: 0.3004 | rollout: 5.030s | update: 0.157s | total: 5.186s | samples/s: 12340
Iteration 0317 | train reward: 61.12 | best: 1162.37 | KL: 1.074e-01 | std: 0.3008 | rollout: 5.140s | update: 0.148s | total: 5.287s | samples/s: 12104
Iteration 0318 | train reward: 8.03 | best: 1162.37 | KL: 8.911e-02 | std: 0.2985 | rollout: 5.022s | update: 0.153s | total: 5.175s | samples/s: 12367
Iteration 0319 | train reward: 4.65 | best: 1162.37 | KL: 5.832e-02 | std: 0.2985 | rollout: 5.350s | update: 0.158s | total: 5.508s | samples/s: 11619
Iteration 0320 | train reward: 18.65 | best: 1162.37 | KL: 9.734e-02 | std: 0.2969 | rollout: 5.190s | update: 0.161s | total: 5.351s | samples/s: 11961
Iteration 0321 | train reward: 33.29 | best: 1162.37 | KL: 7.929e-02 | std: 0.3004 | rollout: 5.215s | update: 0.144s | total: 5.359s | samples/s: 11941
Iteration 0322 | train reward: 43.36 | best: 1162.37 | KL: 6.745e-02 | std: 0.2981 | rollout: 4.821s | update: 0.153s | total: 4.974s | samples/s: 12866
Iteration 0323 | train reward: 51.77 | best: 1162.37 | KL: 7.272e-02 | std: 0.2991 | rollout: 4.916s | update: 0.157s | total: 5.074s | samples/s: 12614
Iteration 0324 | train reward: 42.81 | best: 1162.37 | KL: 1.242e-01 | std: 0.2970 | rollout: 5.155s | update: 0.165s | total: 5.320s | samples/s: 12031
Iteration 0325 | train reward: 54.43 | best: 1162.37 | KL: 8.887e-02 | std: 0.2957 | rollout: 5.141s | update: 0.151s | total: 5.292s | samples/s: 12093
Iteration 0326 | train reward: 102.97 | best: 1162.37 | KL: 6.159e-02 | std: 0.2966 | rollout: 4.820s | update: 0.148s | total: 4.967s | samples/s: 12884
Iteration 0327 | train reward: 110.81 | best: 1162.37 | KL: 8.214e-02 | std: 0.2929 | rollout: 4.963s | update: 0.181s | total: 5.144s | samples/s: 12441
Iteration 0328 | train reward: 58.79 | best: 1162.37 | KL: 7.217e-02 | std: 0.2917 | rollout: 4.974s | update: 0.271s | total: 5.244s | samples/s: 12203
Iteration 0329 | train reward: 105.10 | best: 1162.37 | KL: 6.489e-02 | std: 0.2914 | rollout: 5.008s | update: 0.167s | total: 5.175s | samples/s: 12368
Iteration 0330 | train reward: 106.37 | best: 1162.37 | KL: 6.686e-02 | std: 0.2930 | rollout: 4.907s | update: 0.155s | total: 5.062s | samples/s: 12642
Iteration 0331 | train reward: 138.01 | best: 1162.37 | KL: 6.740e-02 | std: 0.2888 | rollout: 4.984s | update: 0.247s | total: 5.230s | samples/s: 12236
Iteration 0332 | train reward: 96.66 | best: 1162.37 | KL: 7.198e-02 | std: 0.2903 | rollout: 5.035s | update: 0.159s | total: 5.193s | samples/s: 12324
Iteration 0333 | train reward: 127.73 | best: 1162.37 | KL: 6.093e-02 | std: 0.2891 | rollout: 5.069s | update: 0.147s | total: 5.216s | samples/s: 12270
Iteration 0334 | train reward: 146.12 | best: 1162.37 | KL: 7.388e-02 | std: 0.2891 | rollout: 4.997s | update: 0.186s | total: 5.183s | samples/s: 12348
Iteration 0335 | train reward: 152.93 | best: 1162.37 | KL: 7.005e-02 | std: 0.2865 | rollout: 5.433s | update: 0.157s | total: 5.590s | samples/s: 11448
Iteration 0336 | train reward: 189.53 | best: 1162.37 | KL: 5.367e-02 | std: 0.2877 | rollout: 5.459s | update: 0.239s | total: 5.699s | samples/s: 11230
Iteration 0337 | train reward: 177.11 | best: 1162.37 | KL: 7.832e-02 | std: 0.2848 | rollout: 5.156s | update: 0.160s | total: 5.317s | samples/s: 12038
Iteration 0338 | train reward: 248.29 | best: 1162.37 | KL: 5.892e-02 | std: 0.2812 | rollout: 5.075s | update: 0.154s | total: 5.229s | samples/s: 12239
Iteration 0339 | train reward: 224.32 | best: 1162.37 | KL: 7.486e-02 | std: 0.2823 | rollout: 4.897s | update: 0.178s | total: 5.075s | samples/s: 12611
Iteration 0340 | train reward: 203.61 | best: 1162.37 | KL: 6.928e-02 | std: 0.2826 | rollout: 5.394s | update: 0.158s | total: 5.552s | samples/s: 11528
Iteration 0341 | train reward: 214.36 | best: 1162.37 | KL: 1.094e-01 | std: 0.2809 | rollout: 5.320s | update: 0.266s | total: 5.587s | samples/s: 11456
Iteration 0342 | train reward: 225.06 | best: 1162.37 | KL: 5.679e-02 | std: 0.2770 | rollout: 5.102s | update: 0.198s | total: 5.300s | samples/s: 12076
Iteration 0343 | train reward: 259.05 | best: 1162.37 | KL: 6.223e-02 | std: 0.2790 | rollout: 5.158s | update: 0.161s | total: 5.319s | samples/s: 12032
Iteration 0344 | train reward: 226.47 | best: 1162.37 | KL: 7.594e-02 | std: 0.2773 | rollout: 5.055s | update: 0.159s | total: 5.215s | samples/s: 12273
Iteration 0345 | train reward: 285.60 | best: 1162.37 | KL: 5.318e-02 | std: 0.2787 | rollout: 5.271s | update: 0.158s | total: 5.429s | samples/s: 11788
Iteration 0346 | train reward: 283.20 | best: 1162.37 | KL: 5.847e-02 | std: 0.2774 | rollout: 5.185s | update: 0.152s | total: 5.336s | samples/s: 11993
Iteration 0347 | train reward: 314.36 | best: 1162.37 | KL: 5.797e-02 | std: 0.2770 | rollout: 5.375s | update: 0.163s | total: 5.537s | samples/s: 11558
Iteration 0348 | train reward: 342.37 | best: 1162.37 | KL: 6.569e-02 | std: 0.2757 | rollout: 5.253s | update: 0.144s | total: 5.397s | samples/s: 11858
Iteration 0349 | train reward: 368.53 | best: 1162.37 | KL: 5.401e-02 | std: 0.2773 | rollout: 5.248s | update: 0.184s | total: 5.432s | samples/s: 11781
Iteration 0350 | train reward: 354.92 | best: 1162.37 | KL: 5.400e-02 | std: 0.2769 | rollout: 5.152s | update: 0.144s | total: 5.296s | samples/s: 12086
Iteration 0351 | train reward: 354.47 | best: 1162.37 | KL: 6.007e-02 | std: 0.2757 | rollout: 5.196s | update: 0.157s | total: 5.353s | samples/s: 11956
Iteration 0352 | train reward: 292.50 | best: 1162.37 | KL: 5.259e-02 | std: 0.2747 | rollout: 5.200s | update: 0.148s | total: 5.348s | samples/s: 11967
Iteration 0353 | train reward: 350.69 | best: 1162.37 | KL: 4.849e-02 | std: 0.2725 | rollout: 5.126s | update: 0.185s | total: 5.312s | samples/s: 12049
Iteration 0354 | train reward: 332.69 | best: 1162.37 | KL: 4.843e-02 | std: 0.2718 | rollout: 5.065s | update: 0.220s | total: 5.285s | samples/s: 12110
Iteration 0355 | train reward: 290.69 | best: 1162.37 | KL: 4.846e-02 | std: 0.2707 | rollout: 4.822s | update: 0.167s | total: 4.989s | samples/s: 12827
Iteration 0356 | train reward: 350.08 | best: 1162.37 | KL: 5.455e-02 | std: 0.2686 | rollout: 4.894s | update: 0.159s | total: 5.053s | samples/s: 12666
Iteration 0357 | train reward: 402.63 | best: 1162.37 | KL: 3.225e-02 | std: 0.2679 | rollout: 5.026s | update: 0.160s | total: 5.186s | samples/s: 12340
Iteration 0358 | train reward: 404.08 | best: 1162.37 | KL: 4.272e-02 | std: 0.2647 | rollout: 5.111s | update: 0.158s | total: 5.269s | samples/s: 12147
Iteration 0359 | train reward: 384.78 | best: 1162.37 | KL: 4.278e-02 | std: 0.2655 | rollout: 5.296s | update: 0.153s | total: 5.449s | samples/s: 11745
Iteration 0360 | train reward: 384.03 | best: 1162.37 | KL: 3.460e-02 | std: 0.2673 | rollout: 5.075s | update: 0.151s | total: 5.226s | samples/s: 12246
Iteration 0361 | train reward: 439.18 | best: 1162.37 | KL: 4.255e-02 | std: 0.2691 | rollout: 5.076s | update: 0.192s | total: 5.269s | samples/s: 12147
Iteration 0362 | train reward: 412.07 | best: 1162.37 | KL: 4.248e-02 | std: 0.2686 | rollout: 5.152s | update: 0.155s | total: 5.306s | samples/s: 12061
Iteration 0363 | train reward: 420.94 | best: 1162.37 | KL: 3.845e-02 | std: 0.2696 | rollout: 5.166s | update: 0.145s | total: 5.311s | samples/s: 12052
Iteration 0364 | train reward: 461.14 | best: 1162.37 | KL: 3.838e-02 | std: 0.2708 | rollout: 4.984s | update: 0.155s | total: 5.139s | samples/s: 12454
Iteration 0365 | train reward: 452.84 | best: 1162.37 | KL: 3.566e-02 | std: 0.2682 | rollout: 5.041s | update: 0.175s | total: 5.215s | samples/s: 12271
Iteration 0366 | train reward: 426.65 | best: 1162.37 | KL: 3.912e-02 | std: 0.2695 | rollout: 4.927s | update: 0.159s | total: 5.086s | samples/s: 12583
Iteration 0367 | train reward: 473.11 | best: 1162.37 | KL: 4.851e-02 | std: 0.2642 | rollout: 5.120s | update: 0.159s | total: 5.279s | samples/s: 12124
Iteration 0368 | train reward: 463.04 | best: 1162.37 | KL: 4.041e-02 | std: 0.2617 | rollout: 4.900s | update: 0.159s | total: 5.060s | samples/s: 12649
Iteration 0369 | train reward: 475.83 | best: 1162.37 | KL: 4.567e-02 | std: 0.2616 | rollout: 5.256s | update: 0.150s | total: 5.405s | samples/s: 11841
Iteration 0370 | train reward: 480.20 | best: 1162.37 | KL: 4.359e-02 | std: 0.2582 | rollout: 4.995s | update: 0.217s | total: 5.211s | samples/s: 12281
Iteration 0371 | train reward: 471.52 | best: 1162.37 | KL: 4.898e-02 | std: 0.2578 | rollout: 4.802s | update: 0.163s | total: 4.965s | samples/s: 12890
Iteration 0372 | train reward: 472.57 | best: 1162.37 | KL: 6.648e-02 | std: 0.2600 | rollout: 5.045s | update: 0.156s | total: 5.202s | samples/s: 12304
Iteration 0373 | train reward: 479.40 | best: 1162.37 | KL: 4.597e-02 | std: 0.2591 | rollout: 5.211s | update: 0.155s | total: 5.366s | samples/s: 11927
Iteration 0374 | train reward: 525.35 | best: 1162.37 | KL: 4.323e-02 | std: 0.2569 | rollout: 5.037s | update: 0.170s | total: 5.207s | samples/s: 12292
Iteration 0375 | train reward: 490.47 | best: 1162.37 | KL: 4.619e-02 | std: 0.2568 | rollout: 5.150s | update: 0.196s | total: 5.346s | samples/s: 11972
Iteration 0376 | train reward: 526.55 | best: 1162.37 | KL: 3.671e-02 | std: 0.2552 | rollout: 5.107s | update: 0.144s | total: 5.252s | samples/s: 12187
Iteration 0377 | train reward: 537.86 | best: 1162.37 | KL: 3.975e-02 | std: 0.2526 | rollout: 5.044s | update: 0.272s | total: 5.316s | samples/s: 12040
Iteration 0378 | train reward: 548.50 | best: 1162.37 | KL: 4.161e-02 | std: 0.2514 | rollout: 5.268s | update: 0.172s | total: 5.441s | samples/s: 11763
Iteration 0379 | train reward: 554.31 | best: 1162.37 | KL: 3.811e-02 | std: 0.2530 | rollout: 5.117s | update: 0.211s | total: 5.328s | samples/s: 12011
Iteration 0380 | train reward: 560.48 | best: 1162.37 | KL: 3.935e-02 | std: 0.2539 | rollout: 4.895s | update: 0.215s | total: 5.110s | samples/s: 12526
Iteration 0381 | train reward: 538.53 | best: 1162.37 | KL: 4.688e-02 | std: 0.2539 | rollout: 5.085s | update: 0.162s | total: 5.247s | samples/s: 12196
Iteration 0382 | train reward: 575.83 | best: 1162.37 | KL: 5.150e-02 | std: 0.2540 | rollout: 5.210s | update: 0.147s | total: 5.357s | samples/s: 11948
Iteration 0383 | train reward: 542.60 | best: 1162.37 | KL: 4.345e-02 | std: 0.2504 | rollout: 5.064s | update: 0.153s | total: 5.216s | samples/s: 12269
Iteration 0384 | train reward: 565.64 | best: 1162.37 | KL: 4.100e-02 | std: 0.2512 | rollout: 5.016s | update: 0.153s | total: 5.169s | samples/s: 12381
Iteration 0385 | train reward: 558.24 | best: 1162.37 | KL: 5.543e-02 | std: 0.2488 | rollout: 5.101s | update: 0.217s | total: 5.318s | samples/s: 12034
Iteration 0386 | train reward: 595.34 | best: 1162.37 | KL: 4.751e-02 | std: 0.2483 | rollout: 5.002s | update: 0.151s | total: 5.153s | samples/s: 12419
Iteration 0387 | train reward: 570.06 | best: 1162.37 | KL: 5.066e-02 | std: 0.2452 | rollout: 5.030s | update: 0.164s | total: 5.194s | samples/s: 12322
Iteration 0388 | train reward: 588.97 | best: 1162.37 | KL: 4.016e-02 | std: 0.2471 | rollout: 5.131s | update: 0.157s | total: 5.288s | samples/s: 12103
Iteration 0389 | train reward: 589.86 | best: 1162.37 | KL: 4.722e-02 | std: 0.2474 | rollout: 5.081s | update: 0.154s | total: 5.234s | samples/s: 12227
Iteration 0390 | train reward: 631.02 | best: 1162.37 | KL: 5.199e-02 | std: 0.2496 | rollout: 5.126s | update: 0.156s | total: 5.282s | samples/s: 12117
Iteration 0391 | train reward: 653.14 | best: 1162.37 | KL: 5.515e-02 | std: 0.2499 | rollout: 5.092s | update: 0.159s | total: 5.251s | samples/s: 12188
Iteration 0392 | train reward: 629.26 | best: 1162.37 | KL: 4.538e-02 | std: 0.2483 | rollout: 5.441s | update: 0.152s | total: 5.593s | samples/s: 11442
Iteration 0393 | train reward: 618.52 | best: 1162.37 | KL: 5.338e-02 | std: 0.2474 | rollout: 5.132s | update: 0.225s | total: 5.357s | samples/s: 11947
Iteration 0394 | train reward: 650.43 | best: 1162.37 | KL: 5.854e-02 | std: 0.2486 | rollout: 4.920s | update: 0.188s | total: 5.108s | samples/s: 12530
Iteration 0395 | train reward: 626.18 | best: 1162.37 | KL: 5.908e-02 | std: 0.2500 | rollout: 5.218s | update: 0.148s | total: 5.366s | samples/s: 11926
Iteration 0396 | train reward: 608.81 | best: 1162.37 | KL: 5.033e-02 | std: 0.2500 | rollout: 5.037s | update: 0.196s | total: 5.233s | samples/s: 12229
Iteration 0397 | train reward: 639.19 | best: 1162.37 | KL: 4.482e-02 | std: 0.2504 | rollout: 5.444s | update: 0.147s | total: 5.591s | samples/s: 11447
Iteration 0398 | train reward: 639.89 | best: 1162.37 | KL: 5.146e-02 | std: 0.2513 | rollout: 5.072s | update: 0.163s | total: 5.235s | samples/s: 12224
Iteration 0399 | train reward: 694.41 | best: 1162.37 | KL: 5.355e-02 | std: 0.2525 | rollout: 5.777s | update: 0.152s | total: 5.929s | samples/s: 10795
Iteration 0400 | train reward: 610.10 | best: 1162.37 | KL: 5.894e-02 | std: 0.2510 | rollout: 5.283s | update: 0.237s | total: 5.520s | samples/s: 11594
Iteration 0401 | train reward: 613.12 | best: 1162.37 | KL: 6.888e-02 | std: 0.2462 | rollout: 5.009s | update: 0.157s | total: 5.166s | samples/s: 12389
Iteration 0402 | train reward: 589.85 | best: 1162.37 | KL: 6.541e-02 | std: 0.2438 | rollout: 5.067s | update: 0.172s | total: 5.239s | samples/s: 12217
Iteration 0403 | train reward: 651.24 | best: 1162.37 | KL: 5.253e-02 | std: 0.2409 | rollout: 5.269s | update: 0.185s | total: 5.455s | samples/s: 11733
Iteration 0404 | train reward: 608.60 | best: 1162.37 | KL: 5.231e-02 | std: 0.2410 | rollout: 5.274s | update: 0.156s | total: 5.429s | samples/s: 11788
Iteration 0405 | train reward: 640.87 | best: 1162.37 | KL: 5.187e-02 | std: 0.2430 | rollout: 5.210s | update: 0.160s | total: 5.370s | samples/s: 11919
Iteration 0406 | train reward: 608.39 | best: 1162.37 | KL: 5.584e-02 | std: 0.2404 | rollout: 5.253s | update: 0.208s | total: 5.462s | samples/s: 11718
Iteration 0407 | train reward: 709.36 | best: 1162.37 | KL: 5.560e-02 | std: 0.2423 | rollout: 5.206s | update: 0.155s | total: 5.361s | samples/s: 11938
Iteration 0408 | train reward: 634.94 | best: 1162.37 | KL: 5.178e-02 | std: 0.2413 | rollout: 5.193s | update: 0.254s | total: 5.447s | samples/s: 11749
Iteration 0409 | train reward: 663.90 | best: 1162.37 | KL: 5.686e-02 | std: 0.2395 | rollout: 5.122s | update: 0.215s | total: 5.338s | samples/s: 11990
Iteration 0410 | train reward: 644.11 | best: 1162.37 | KL: 6.438e-02 | std: 0.2379 | rollout: 4.744s | update: 0.145s | total: 4.890s | samples/s: 13088
Iteration 0411 | train reward: 652.06 | best: 1162.37 | KL: 7.227e-02 | std: 0.2378 | rollout: 5.201s | update: 0.232s | total: 5.433s | samples/s: 11779
Iteration 0412 | train reward: 694.06 | best: 1162.37 | KL: 6.005e-02 | std: 0.2386 | rollout: 5.241s | update: 0.155s | total: 5.397s | samples/s: 11859
Iteration 0413 | train reward: 703.80 | best: 1162.37 | KL: 6.401e-02 | std: 0.2369 | rollout: 5.089s | update: 0.247s | total: 5.336s | samples/s: 11995
Iteration 0414 | train reward: 714.32 | best: 1162.37 | KL: 4.699e-02 | std: 0.2369 | rollout: 5.261s | update: 0.161s | total: 5.422s | samples/s: 11803
Iteration 0415 | train reward: 725.42 | best: 1162.37 | KL: 4.460e-02 | std: 0.2382 | rollout: 5.164s | update: 0.154s | total: 5.318s | samples/s: 12035
Iteration 0416 | train reward: 712.60 | best: 1162.37 | KL: 5.100e-02 | std: 0.2374 | rollout: 5.123s | update: 0.155s | total: 5.278s | samples/s: 12127
Iteration 0417 | train reward: 725.63 | best: 1162.37 | KL: 5.097e-02 | std: 0.2387 | rollout: 5.221s | update: 0.270s | total: 5.491s | samples/s: 11655
Iteration 0418 | train reward: 698.62 | best: 1162.37 | KL: 4.775e-02 | std: 0.2396 | rollout: 5.133s | update: 0.147s | total: 5.280s | samples/s: 12121
Iteration 0419 | train reward: 709.41 | best: 1162.37 | KL: 6.185e-02 | std: 0.2379 | rollout: 5.122s | update: 0.168s | total: 5.291s | samples/s: 12097
Iteration 0420 | train reward: 723.76 | best: 1162.37 | KL: 5.272e-02 | std: 0.2369 | rollout: 5.021s | update: 0.162s | total: 5.183s | samples/s: 12348
Iteration 0421 | train reward: 721.93 | best: 1162.37 | KL: 4.378e-02 | std: 0.2361 | rollout: 4.951s | update: 0.153s | total: 5.104s | samples/s: 12540
Iteration 0422 | train reward: 738.69 | best: 1162.37 | KL: 7.853e-02 | std: 0.2365 | rollout: 5.203s | update: 0.156s | total: 5.359s | samples/s: 11943
Iteration 0423 | train reward: 745.08 | best: 1162.37 | KL: 5.974e-02 | std: 0.2365 | rollout: 5.156s | update: 0.154s | total: 5.310s | samples/s: 12052
Iteration 0424 | train reward: 738.52 | best: 1162.37 | KL: 5.596e-02 | std: 0.2369 | rollout: 4.897s | update: 0.173s | total: 5.069s | samples/s: 12625
Iteration 0425 | train reward: 725.66 | best: 1162.37 | KL: 5.888e-02 | std: 0.2348 | rollout: 4.867s | update: 0.165s | total: 5.032s | samples/s: 12719
Iteration 0426 | train reward: 760.68 | best: 1162.37 | KL: 5.373e-02 | std: 0.2331 | rollout: 5.210s | update: 0.186s | total: 5.396s | samples/s: 11861
Iteration 0427 | train reward: 766.10 | best: 1162.37 | KL: 3.510e-02 | std: 0.2318 | rollout: 5.052s | update: 0.165s | total: 5.217s | samples/s: 12267
Iteration 0428 | train reward: 752.23 | best: 1162.37 | KL: 4.704e-02 | std: 0.2314 | rollout: 5.006s | update: 0.157s | total: 5.163s | samples/s: 12396
Iteration 0429 | train reward: 744.63 | best: 1162.37 | KL: 5.620e-02 | std: 0.2309 | rollout: 5.151s | update: 0.163s | total: 5.314s | samples/s: 12044
Iteration 0430 | train reward: 774.28 | best: 1162.37 | KL: 5.010e-02 | std: 0.2296 | rollout: 5.044s | update: 0.143s | total: 5.188s | samples/s: 12337
Iteration 0431 | train reward: 768.87 | best: 1162.37 | KL: 5.626e-02 | std: 0.2322 | rollout: 5.124s | update: 0.149s | total: 5.273s | samples/s: 12137
Iteration 0432 | train reward: 764.65 | best: 1162.37 | KL: 4.809e-02 | std: 0.2335 | rollout: 5.148s | update: 0.189s | total: 5.337s | samples/s: 11992
Iteration 0433 | train reward: 753.98 | best: 1162.37 | KL: 4.633e-02 | std: 0.2332 | rollout: 4.895s | update: 0.155s | total: 5.049s | samples/s: 12675
Iteration 0434 | train reward: 750.04 | best: 1162.37 | KL: 6.403e-02 | std: 0.2334 | rollout: 5.188s | update: 0.295s | total: 5.484s | samples/s: 11671
Iteration 0435 | train reward: 770.91 | best: 1162.37 | KL: 6.500e-02 | std: 0.2318 | rollout: 5.014s | update: 0.164s | total: 5.178s | samples/s: 12360
Iteration 0436 | train reward: 751.10 | best: 1162.37 | KL: 6.185e-02 | std: 0.2296 | rollout: 5.188s | update: 0.158s | total: 5.346s | samples/s: 11971
Iteration 0437 | train reward: 775.96 | best: 1162.37 | KL: 4.900e-02 | std: 0.2301 | rollout: 5.383s | update: 0.154s | total: 5.537s | samples/s: 11558
Iteration 0438 | train reward: 775.62 | best: 1162.37 | KL: 6.466e-02 | std: 0.2308 | rollout: 5.143s | update: 0.148s | total: 5.291s | samples/s: 12095
Iteration 0439 | train reward: 764.82 | best: 1162.37 | KL: 5.931e-02 | std: 0.2318 | rollout: 5.060s | update: 0.167s | total: 5.227s | samples/s: 12245
Iteration 0440 | train reward: 768.80 | best: 1162.37 | KL: 5.110e-02 | std: 0.2331 | rollout: 5.012s | update: 0.165s | total: 5.177s | samples/s: 12361
Iteration 0441 | train reward: 770.75 | best: 1162.37 | KL: 8.273e-02 | std: 0.2301 | rollout: 4.832s | update: 0.157s | total: 4.989s | samples/s: 12828
Iteration 0442 | train reward: 782.49 | best: 1162.37 | KL: 5.351e-02 | std: 0.2296 | rollout: 5.001s | update: 0.151s | total: 5.152s | samples/s: 12422
Iteration 0443 | train reward: 773.35 | best: 1162.37 | KL: 5.368e-02 | std: 0.2330 | rollout: 5.088s | update: 0.196s | total: 5.284s | samples/s: 12113
Iteration 0444 | train reward: 777.88 | best: 1162.37 | KL: 5.443e-02 | std: 0.2345 | rollout: 5.004s | update: 0.164s | total: 5.168s | samples/s: 12383
Iteration 0445 | train reward: 767.52 | best: 1162.37 | KL: 4.631e-02 | std: 0.2327 | rollout: 5.113s | update: 0.152s | total: 5.265s | samples/s: 12157
Iteration 0446 | train reward: 743.21 | best: 1162.37 | KL: 6.046e-02 | std: 0.2339 | rollout: 5.262s | update: 0.179s | total: 5.440s | samples/s: 11764
Iteration 0447 | train reward: 752.50 | best: 1162.37 | KL: 5.994e-02 | std: 0.2357 | rollout: 5.127s | update: 0.228s | total: 5.355s | samples/s: 11952
Iteration 0448 | train reward: 753.31 | best: 1162.37 | KL: 5.167e-02 | std: 0.2358 | rollout: 5.206s | update: 0.172s | total: 5.378s | samples/s: 11900
Iteration 0449 | train reward: 754.21 | best: 1162.37 | KL: 4.550e-02 | std: 0.2353 | rollout: 5.462s | update: 0.161s | total: 5.623s | samples/s: 11382
Iteration 0450 | train reward: 766.14 | best: 1162.37 | KL: 5.125e-02 | std: 0.2343 | rollout: 5.051s | update: 0.157s | total: 5.209s | samples/s: 12288
Iteration 0451 | train reward: 763.43 | best: 1162.37 | KL: 4.934e-02 | std: 0.2335 | rollout: 4.969s | update: 0.152s | total: 5.122s | samples/s: 12496
Iteration 0452 | train reward: 738.72 | best: 1162.37 | KL: 5.373e-02 | std: 0.2352 | rollout: 5.189s | update: 0.157s | total: 5.346s | samples/s: 11971
Iteration 0453 | train reward: 751.16 | best: 1162.37 | KL: 4.806e-02 | std: 0.2378 | rollout: 4.969s | update: 0.339s | total: 5.308s | samples/s: 12057
Iteration 0454 | train reward: 765.23 | best: 1162.37 | KL: 4.948e-02 | std: 0.2405 | rollout: 5.241s | update: 0.151s | total: 5.392s | samples/s: 11869
Iteration 0455 | train reward: 762.13 | best: 1162.37 | KL: 5.007e-02 | std: 0.2404 | rollout: 5.295s | update: 0.230s | total: 5.525s | samples/s: 11585
Iteration 0456 | train reward: 773.26 | best: 1162.37 | KL: 5.477e-02 | std: 0.2421 | rollout: 4.982s | update: 0.153s | total: 5.135s | samples/s: 12464
Iteration 0457 | train reward: 785.42 | best: 1162.37 | KL: 4.576e-02 | std: 0.2418 | rollout: 5.075s | update: 0.152s | total: 5.227s | samples/s: 12244
Iteration 0458 | train reward: 770.10 | best: 1162.37 | KL: 5.466e-02 | std: 0.2410 | rollout: 5.081s | update: 0.153s | total: 5.234s | samples/s: 12228
Iteration 0459 | train reward: 778.20 | best: 1162.37 | KL: 5.024e-02 | std: 0.2400 | rollout: 5.108s | update: 0.155s | total: 5.263s | samples/s: 12161
Iteration 0460 | train reward: 776.05 | best: 1162.37 | KL: 5.035e-02 | std: 0.2413 | rollout: 5.114s | update: 0.224s | total: 5.338s | samples/s: 11990
Iteration 0461 | train reward: 792.93 | best: 1162.37 | KL: 3.726e-02 | std: 0.2396 | rollout: 5.153s | update: 0.270s | total: 5.423s | samples/s: 11803
Iteration 0462 | train reward: 774.76 | best: 1162.37 | KL: 5.292e-02 | std: 0.2413 | rollout: 4.837s | update: 0.168s | total: 5.005s | samples/s: 12787
Iteration 0463 | train reward: 800.99 | best: 1162.37 | KL: 4.125e-02 | std: 0.2413 | rollout: 4.903s | update: 0.180s | total: 5.082s | samples/s: 12593
Iteration 0464 | train reward: 803.17 | best: 1162.37 | KL: 4.673e-02 | std: 0.2422 | rollout: 5.287s | update: 0.162s | total: 5.449s | samples/s: 11746
Iteration 0465 | train reward: 810.80 | best: 1162.37 | KL: 4.760e-02 | std: 0.2413 | rollout: 5.799s | update: 0.317s | total: 6.117s | samples/s: 10463
Iteration 0466 | train reward: 794.37 | best: 1162.37 | KL: 5.461e-02 | std: 0.2400 | rollout: 5.690s | update: 0.243s | total: 5.933s | samples/s: 10787
Iteration 0467 | train reward: 798.88 | best: 1162.37 | KL: 4.832e-02 | std: 0.2409 | rollout: 5.487s | update: 0.185s | total: 5.672s | samples/s: 11283
Iteration 0468 | train reward: 820.63 | best: 1162.37 | KL: 5.532e-02 | std: 0.2422 | rollout: 5.037s | update: 0.168s | total: 5.205s | samples/s: 12297
Iteration 0469 | train reward: 800.38 | best: 1162.37 | KL: 5.742e-02 | std: 0.2413 | rollout: 5.048s | update: 0.187s | total: 5.235s | samples/s: 12225
Iteration 0470 | train reward: 803.86 | best: 1162.37 | KL: 7.082e-02 | std: 0.2383 | rollout: 5.157s | update: 0.195s | total: 5.352s | samples/s: 11958
Iteration 0471 | train reward: 826.45 | best: 1162.37 | KL: 4.863e-02 | std: 0.2400 | rollout: 5.120s | update: 0.158s | total: 5.279s | samples/s: 12124
Iteration 0472 | train reward: 831.81 | best: 1162.37 | KL: 4.788e-02 | std: 0.2423 | rollout: 5.141s | update: 0.154s | total: 5.295s | samples/s: 12087
Iteration 0473 | train reward: 825.08 | best: 1162.37 | KL: 4.569e-02 | std: 0.2409 | rollout: 5.048s | update: 0.153s | total: 5.201s | samples/s: 12305
Iteration 0474 | train reward: 819.29 | best: 1162.37 | KL: 5.531e-02 | std: 0.2409 | rollout: 5.583s | update: 0.215s | total: 5.797s | samples/s: 11039
Iteration 0475 | train reward: 819.41 | best: 1162.37 | KL: 5.735e-02 | std: 0.2421 | rollout: 5.066s | update: 0.197s | total: 5.263s | samples/s: 12160
Iteration 0476 | train reward: 797.57 | best: 1162.37 | KL: 7.020e-02 | std: 0.2418 | rollout: 5.086s | update: 0.178s | total: 5.264s | samples/s: 12158
Iteration 0477 | train reward: 793.20 | best: 1162.37 | KL: 6.876e-02 | std: 0.2435 | rollout: 5.153s | update: 0.146s | total: 5.299s | samples/s: 12077
Iteration 0478 | train reward: 815.04 | best: 1162.37 | KL: 6.510e-02 | std: 0.2431 | rollout: 5.210s | update: 0.141s | total: 5.350s | samples/s: 11962
Iteration 0479 | train reward: 800.26 | best: 1162.37 | KL: 7.039e-02 | std: 0.2399 | rollout: 5.146s | update: 0.141s | total: 5.288s | samples/s: 12103
Iteration 0480 | train reward: 800.22 | best: 1162.37 | KL: 6.819e-02 | std: 0.2374 | rollout: 5.139s | update: 0.155s | total: 5.294s | samples/s: 12088
Iteration 0481 | train reward: 836.62 | best: 1162.37 | KL: 4.397e-02 | std: 0.2370 | rollout: 5.006s | update: 0.145s | total: 5.151s | samples/s: 12425
Iteration 0482 | train reward: 835.83 | best: 1162.37 | KL: 7.439e-02 | std: 0.2352 | rollout: 5.140s | update: 0.143s | total: 5.283s | samples/s: 12114
Iteration 0483 | train reward: 815.82 | best: 1162.37 | KL: 5.959e-02 | std: 0.2357 | rollout: 5.061s | update: 0.145s | total: 5.206s | samples/s: 12294
Iteration 0484 | train reward: 815.22 | best: 1162.37 | KL: 6.596e-02 | std: 0.2357 | rollout: 5.216s | update: 0.188s | total: 5.405s | samples/s: 11842
Iteration 0485 | train reward: 791.56 | best: 1162.37 | KL: 7.068e-02 | std: 0.2360 | rollout: 5.133s | update: 0.157s | total: 5.289s | samples/s: 12100
Iteration 0486 | train reward: 836.34 | best: 1162.37 | KL: 6.090e-02 | std: 0.2358 | rollout: 5.065s | update: 0.149s | total: 5.214s | samples/s: 12274
Iteration 0487 | train reward: 824.07 | best: 1162.37 | KL: 6.282e-02 | std: 0.2352 | rollout: 5.335s | update: 0.151s | total: 5.486s | samples/s: 11666
Iteration 0488 | train reward: 824.87 | best: 1162.37 | KL: 7.067e-02 | std: 0.2370 | rollout: 5.172s | update: 0.154s | total: 5.325s | samples/s: 12018
Iteration 0489 | train reward: 812.87 | best: 1162.37 | KL: 6.002e-02 | std: 0.2366 | rollout: 4.852s | update: 0.155s | total: 5.007s | samples/s: 12782
Iteration 0490 | train reward: 793.98 | best: 1162.37 | KL: 6.702e-02 | std: 0.2356 | rollout: 5.167s | update: 0.149s | total: 5.316s | samples/s: 12038
Iteration 0491 | train reward: 811.03 | best: 1162.37 | KL: 7.339e-02 | std: 0.2348 | rollout: 5.168s | update: 0.147s | total: 5.315s | samples/s: 12042
Iteration 0492 | train reward: 787.92 | best: 1162.37 | KL: 7.432e-02 | std: 0.2361 | rollout: 5.083s | update: 0.150s | total: 5.233s | samples/s: 12231
Iteration 0493 | train reward: 826.02 | best: 1162.37 | KL: 5.684e-02 | std: 0.2356 | rollout: 5.057s | update: 0.147s | total: 5.203s | samples/s: 12300
Iteration 0494 | train reward: 837.70 | best: 1162.37 | KL: 6.284e-02 | std: 0.2332 | rollout: 5.144s | update: 0.165s | total: 5.309s | samples/s: 12054
Iteration 0495 | train reward: 838.42 | best: 1162.37 | KL: 6.508e-02 | std: 0.2348 | rollout: 5.018s | update: 0.149s | total: 5.167s | samples/s: 12387
Iteration 0496 | train reward: 838.09 | best: 1162.37 | KL: 6.757e-02 | std: 0.2357 | rollout: 5.324s | update: 0.140s | total: 5.464s | samples/s: 11713
Iteration 0497 | train reward: 841.55 | best: 1162.37 | KL: 6.100e-02 | std: 0.2370 | rollout: 5.012s | update: 0.145s | total: 5.157s | samples/s: 12410
Iteration 0498 | train reward: 817.25 | best: 1162.37 | KL: 5.926e-02 | std: 0.2357 | rollout: 5.058s | update: 0.172s | total: 5.230s | samples/s: 12237
Iteration 0499 | train reward: 831.03 | best: 1162.37 | KL: 5.913e-02 | std: 0.2332 | rollout: 4.926s | update: 0.210s | total: 5.135s | samples/s: 12463
Iteration 0500 | train reward: 837.00 | best: 1162.37 | KL: 6.559e-02 | std: 0.2322 | rollout: 5.126s | update: 0.199s | total: 5.325s | samples/s: 12018
Iteration 0501 | train reward: 851.99 | best: 1162.37 | KL: 6.375e-02 | std: 0.2295 | rollout: 5.199s | update: 0.146s | total: 5.346s | samples/s: 11972
Iteration 0502 | train reward: 848.90 | best: 1162.37 | KL: 7.993e-02 | std: 0.2330 | rollout: 5.040s | update: 0.160s | total: 5.200s | samples/s: 12309
Iteration 0503 | train reward: 864.34 | best: 1162.37 | KL: 5.799e-02 | std: 0.2339 | rollout: 5.057s | update: 0.148s | total: 5.205s | samples/s: 12297
Iteration 0504 | train reward: 847.96 | best: 1162.37 | KL: 7.304e-02 | std: 0.2335 | rollout: 4.912s | update: 0.154s | total: 5.066s | samples/s: 12634
Iteration 0505 | train reward: 875.44 | best: 1162.37 | KL: 8.524e-02 | std: 0.2332 | rollout: 5.375s | update: 0.257s | total: 5.632s | samples/s: 11364
Iteration 0506 | train reward: 860.75 | best: 1162.37 | KL: 7.423e-02 | std: 0.2335 | rollout: 5.347s | update: 0.229s | total: 5.576s | samples/s: 11477
Iteration 0507 | train reward: 873.45 | best: 1162.37 | KL: 5.146e-02 | std: 0.2335 | rollout: 4.995s | update: 0.164s | total: 5.159s | samples/s: 12405
Iteration 0508 | train reward: 891.62 | best: 1162.37 | KL: 5.578e-02 | std: 0.2319 | rollout: 5.045s | update: 0.168s | total: 5.213s | samples/s: 12277
Iteration 0509 | train reward: 892.75 | best: 1162.37 | KL: 7.076e-02 | std: 0.2319 | rollout: 5.121s | update: 0.156s | total: 5.277s | samples/s: 12129
Iteration 0510 | train reward: 906.25 | best: 1162.37 | KL: 6.453e-02 | std: 0.2292 | rollout: 5.220s | update: 0.162s | total: 5.382s | samples/s: 11892
Iteration 0511 | train reward: 860.61 | best: 1162.37 | KL: 8.261e-02 | std: 0.2274 | rollout: 5.183s | update: 0.164s | total: 5.347s | samples/s: 11969
Iteration 0512 | train reward: 891.58 | best: 1162.37 | KL: 5.896e-02 | std: 0.2265 | rollout: 5.157s | update: 0.163s | total: 5.320s | samples/s: 12030
Iteration 0513 | train reward: 909.72 | best: 1162.37 | KL: 6.558e-02 | std: 0.2270 | rollout: 5.250s | update: 0.162s | total: 5.412s | samples/s: 11825
Iteration 0514 | train reward: 885.78 | best: 1162.37 | KL: 6.586e-02 | std: 0.2288 | rollout: 5.076s | update: 0.189s | total: 5.266s | samples/s: 12154
Iteration 0515 | train reward: 909.22 | best: 1162.37 | KL: 6.750e-02 | std: 0.2296 | rollout: 5.090s | update: 0.156s | total: 5.247s | samples/s: 12198
Iteration 0516 | train reward: 902.31 | best: 1162.37 | KL: 7.416e-02 | std: 0.2309 | rollout: 5.145s | update: 0.150s | total: 5.294s | samples/s: 12088
Iteration 0517 | train reward: 890.50 | best: 1162.37 | KL: 7.862e-02 | std: 0.2267 | rollout: 5.035s | update: 0.167s | total: 5.202s | samples/s: 12304
Iteration 0518 | train reward: 924.33 | best: 1162.37 | KL: 6.237e-02 | std: 0.2269 | rollout: 4.922s | update: 0.174s | total: 5.096s | samples/s: 12559
Iteration 0519 | train reward: 934.97 | best: 1162.37 | KL: 6.606e-02 | std: 0.2291 | rollout: 5.182s | update: 0.162s | total: 5.343s | samples/s: 11977
Iteration 0520 | train reward: 923.16 | best: 1162.37 | KL: 6.925e-02 | std: 0.2296 | rollout: 5.058s | update: 0.152s | total: 5.211s | samples/s: 12282
Iteration 0521 | train reward: 920.76 | best: 1162.37 | KL: 6.028e-02 | std: 0.2291 | rollout: 4.993s | update: 0.160s | total: 5.153s | samples/s: 12421
Iteration 0522 | train reward: 899.92 | best: 1162.37 | KL: 7.862e-02 | std: 0.2296 | rollout: 5.262s | update: 0.148s | total: 5.411s | samples/s: 11829
Iteration 0523 | train reward: 923.22 | best: 1162.37 | KL: 6.638e-02 | std: 0.2290 | rollout: 4.911s | update: 0.145s | total: 5.056s | samples/s: 12658
Iteration 0524 | train reward: 931.75 | best: 1162.37 | KL: 7.287e-02 | std: 0.2267 | rollout: 5.147s | update: 0.156s | total: 5.303s | samples/s: 12069
Iteration 0525 | train reward: 940.92 | best: 1162.37 | KL: 6.444e-02 | std: 0.2279 | rollout: 5.075s | update: 0.173s | total: 5.248s | samples/s: 12196
Iteration 0526 | train reward: 924.61 | best: 1162.37 | KL: 5.862e-02 | std: 0.2274 | rollout: 5.024s | update: 0.144s | total: 5.168s | samples/s: 12383
Iteration 0527 | train reward: 937.00 | best: 1162.37 | KL: 5.178e-02 | std: 0.2287 | rollout: 5.219s | update: 0.159s | total: 5.379s | samples/s: 11899
Iteration 0528 | train reward: 917.43 | best: 1162.37 | KL: 7.996e-02 | std: 0.2291 | rollout: 4.953s | update: 0.160s | total: 5.114s | samples/s: 12515
Iteration 0529 | train reward: 936.26 | best: 1162.37 | KL: 5.887e-02 | std: 0.2300 | rollout: 5.022s | update: 0.165s | total: 5.187s | samples/s: 12339
Iteration 0530 | train reward: 924.87 | best: 1162.37 | KL: 6.838e-02 | std: 0.2318 | rollout: 4.942s | update: 0.204s | total: 5.146s | samples/s: 12437
Iteration 0531 | train reward: 931.39 | best: 1162.37 | KL: 5.923e-02 | std: 0.2303 | rollout: 5.141s | update: 0.165s | total: 5.305s | samples/s: 12064
Iteration 0532 | train reward: 905.52 | best: 1162.37 | KL: 9.240e-02 | std: 0.2262 | rollout: 5.913s | update: 0.153s | total: 6.066s | samples/s: 10551
Iteration 0533 | train reward: 932.19 | best: 1162.37 | KL: 6.460e-02 | std: 0.2261 | rollout: 5.362s | update: 0.163s | total: 5.525s | samples/s: 11584
Iteration 0534 | train reward: 939.83 | best: 1162.37 | KL: 8.903e-02 | std: 0.2240 | rollout: 5.206s | update: 0.157s | total: 5.363s | samples/s: 11933
Iteration 0535 | train reward: 957.87 | best: 1162.37 | KL: 6.199e-02 | std: 0.2226 | rollout: 5.053s | update: 0.156s | total: 5.209s | samples/s: 12285
Iteration 0536 | train reward: 947.34 | best: 1162.37 | KL: 7.156e-02 | std: 0.2217 | rollout: 5.168s | update: 0.159s | total: 5.328s | samples/s: 12013
Iteration 0537 | train reward: 934.34 | best: 1162.37 | KL: 6.114e-02 | std: 0.2213 | rollout: 5.165s | update: 0.153s | total: 5.318s | samples/s: 12034
Iteration 0538 | train reward: 967.23 | best: 1162.37 | KL: 6.862e-02 | std: 0.2218 | rollout: 5.004s | update: 0.162s | total: 5.166s | samples/s: 12388
Iteration 0539 | train reward: 960.44 | best: 1162.37 | KL: 6.957e-02 | std: 0.2192 | rollout: 5.005s | update: 0.155s | total: 5.160s | samples/s: 12403
Iteration 0540 | train reward: 957.26 | best: 1162.37 | KL: 5.994e-02 | std: 0.2210 | rollout: 4.862s | update: 0.201s | total: 5.063s | samples/s: 12642
Iteration 0541 | train reward: 980.46 | best: 1162.37 | KL: 6.325e-02 | std: 0.2187 | rollout: 5.028s | update: 0.146s | total: 5.174s | samples/s: 12370
Iteration 0542 | train reward: 969.33 | best: 1162.37 | KL: 5.875e-02 | std: 0.2201 | rollout: 5.076s | update: 0.143s | total: 5.219s | samples/s: 12264
Iteration 0543 | train reward: 977.37 | best: 1162.37 | KL: 6.893e-02 | std: 0.2205 | rollout: 5.145s | update: 0.133s | total: 5.277s | samples/s: 12127
Iteration 0544 | train reward: 979.88 | best: 1162.37 | KL: 6.307e-02 | std: 0.2214 | rollout: 5.135s | update: 0.147s | total: 5.281s | samples/s: 12118
Iteration 0545 | train reward: 965.06 | best: 1162.37 | KL: 6.670e-02 | std: 0.2196 | rollout: 5.268s | update: 0.125s | total: 5.393s | samples/s: 11867
Iteration 0546 | train reward: 989.57 | best: 1162.37 | KL: 7.182e-02 | std: 0.2174 | rollout: 5.074s | update: 0.139s | total: 5.213s | samples/s: 12278
Iteration 0547 | train reward: 989.32 | best: 1162.37 | KL: 6.900e-02 | std: 0.2157 | rollout: 5.191s | update: 0.159s | total: 5.350s | samples/s: 11963
Iteration 0548 | train reward: 961.62 | best: 1162.37 | KL: 7.004e-02 | std: 0.2148 | rollout: 5.228s | update: 0.141s | total: 5.369s | samples/s: 11919
Iteration 0549 | train reward: 966.49 | best: 1162.37 | KL: 7.208e-02 | std: 0.2134 | rollout: 5.081s | update: 0.146s | total: 5.227s | samples/s: 12244
Iteration 0550 | train reward: 988.11 | best: 1162.37 | KL: 7.439e-02 | std: 0.2144 | rollout: 5.167s | update: 0.144s | total: 5.311s | samples/s: 12051
Iteration 0551 | train reward: 969.70 | best: 1162.37 | KL: 5.983e-02 | std: 0.2143 | rollout: 5.132s | update: 0.181s | total: 5.313s | samples/s: 12045
Iteration 0552 | train reward: 977.80 | best: 1162.37 | KL: 6.065e-02 | std: 0.2104 | rollout: 5.108s | update: 0.145s | total: 5.253s | samples/s: 12183
Iteration 0553 | train reward: 972.06 | best: 1162.37 | KL: 6.776e-02 | std: 0.2111 | rollout: 5.030s | update: 0.142s | total: 5.172s | samples/s: 12375
Iteration 0554 | train reward: 945.07 | best: 1162.37 | KL: 6.855e-02 | std: 0.2096 | rollout: 5.031s | update: 0.155s | total: 5.186s | samples/s: 12342
Iteration 0555 | train reward: 967.37 | best: 1162.37 | KL: 5.880e-02 | std: 0.2083 | rollout: 5.192s | update: 0.177s | total: 5.369s | samples/s: 11921
Iteration 0556 | train reward: 967.05 | best: 1162.37 | KL: 6.592e-02 | std: 0.2083 | rollout: 5.262s | update: 0.188s | total: 5.450s | samples/s: 11742
Iteration 0557 | train reward: 957.97 | best: 1162.37 | KL: 6.311e-02 | std: 0.2091 | rollout: 5.153s | update: 0.174s | total: 5.327s | samples/s: 12015
Iteration 0558 | train reward: 967.96 | best: 1162.37 | KL: 6.267e-02 | std: 0.2105 | rollout: 5.032s | update: 0.184s | total: 5.217s | samples/s: 12268
Iteration 0559 | train reward: 967.09 | best: 1162.37 | KL: 6.599e-02 | std: 0.2105 | rollout: 4.965s | update: 0.163s | total: 5.129s | samples/s: 12479
Iteration 0560 | train reward: 955.87 | best: 1162.37 | KL: 7.510e-02 | std: 0.2102 | rollout: 4.870s | update: 0.148s | total: 5.018s | samples/s: 12755
Iteration 0561 | train reward: 944.75 | best: 1162.37 | KL: 6.513e-02 | std: 0.2084 | rollout: 4.961s | update: 0.149s | total: 5.110s | samples/s: 12524
Iteration 0562 | train reward: 954.94 | best: 1162.37 | KL: 7.474e-02 | std: 0.2085 | rollout: 5.274s | update: 0.158s | total: 5.432s | samples/s: 11782
Iteration 0563 | train reward: 965.53 | best: 1162.37 | KL: 7.584e-02 | std: 0.2062 | rollout: 5.341s | update: 0.154s | total: 5.495s | samples/s: 11646
Iteration 0564 | train reward: 954.19 | best: 1162.37 | KL: 8.400e-02 | std: 0.2058 | rollout: 4.816s | update: 0.163s | total: 4.979s | samples/s: 12854
Iteration 0565 | train reward: 972.99 | best: 1162.37 | KL: 6.971e-02 | std: 0.2044 | rollout: 4.879s | update: 0.170s | total: 5.049s | samples/s: 12675
Iteration 0566 | train reward: 949.45 | best: 1162.37 | KL: 1.000e-01 | std: 0.2030 | rollout: 4.967s | update: 0.174s | total: 5.141s | samples/s: 12448
Iteration 0567 | train reward: 1005.18 | best: 1162.37 | KL: 6.913e-02 | std: 0.2033 | rollout: 5.196s | update: 0.163s | total: 5.358s | samples/s: 11944
Iteration 0568 | train reward: 975.38 | best: 1162.37 | KL: 9.375e-02 | std: 0.2043 | rollout: 4.995s | update: 0.157s | total: 5.152s | samples/s: 12422
Iteration 0569 | train reward: 990.41 | best: 1162.37 | KL: 8.734e-02 | std: 0.2045 | rollout: 4.885s | update: 0.226s | total: 5.111s | samples/s: 12522
Iteration 0570 | train reward: 1002.84 | best: 1162.37 | KL: 8.062e-02 | std: 0.2040 | rollout: 5.035s | update: 0.149s | total: 5.184s | samples/s: 12345
Iteration 0571 | train reward: 995.08 | best: 1162.37 | KL: 8.050e-02 | std: 0.2056 | rollout: 5.024s | update: 0.147s | total: 5.170s | samples/s: 12378
Iteration 0572 | train reward: 1008.30 | best: 1162.37 | KL: 6.588e-02 | std: 0.2053 | rollout: 5.124s | update: 0.154s | total: 5.278s | samples/s: 12126
Iteration 0573 | train reward: 975.63 | best: 1162.37 | KL: 8.325e-02 | std: 0.2061 | rollout: 5.154s | update: 0.148s | total: 5.302s | samples/s: 12071
Iteration 0574 | train reward: 992.70 | best: 1162.37 | KL: 8.212e-02 | std: 0.2044 | rollout: 5.024s | update: 0.152s | total: 5.177s | samples/s: 12363
Iteration 0575 | train reward: 987.48 | best: 1162.37 | KL: 8.115e-02 | std: 0.2043 | rollout: 5.083s | update: 0.179s | total: 5.262s | samples/s: 12163
Iteration 0576 | train reward: 996.58 | best: 1162.37 | KL: 7.002e-02 | std: 0.2031 | rollout: 5.131s | update: 0.160s | total: 5.291s | samples/s: 12096
Iteration 0577 | train reward: 1023.03 | best: 1162.37 | KL: 7.193e-02 | std: 0.2011 | rollout: 5.164s | update: 0.285s | total: 5.449s | samples/s: 11745
Iteration 0578 | train reward: 1015.55 | best: 1162.37 | KL: 7.584e-02 | std: 0.2018 | rollout: 4.992s | update: 0.156s | total: 5.148s | samples/s: 12431
Iteration 0579 | train reward: 1002.29 | best: 1162.37 | KL: 6.456e-02 | std: 0.2005 | rollout: 5.038s | update: 0.149s | total: 5.187s | samples/s: 12339
Iteration 0580 | train reward: 1007.72 | best: 1162.37 | KL: 5.528e-02 | std: 0.2018 | rollout: 5.230s | update: 0.206s | total: 5.436s | samples/s: 11774
Iteration 0581 | train reward: 1011.12 | best: 1162.37 | KL: 7.453e-02 | std: 0.2019 | rollout: 5.204s | update: 0.152s | total: 5.357s | samples/s: 11947
Iteration 0582 | train reward: 1002.64 | best: 1162.37 | KL: 7.006e-02 | std: 0.1993 | rollout: 5.022s | update: 0.232s | total: 5.253s | samples/s: 12183
Iteration 0583 | train reward: 1006.31 | best: 1162.37 | KL: 6.752e-02 | std: 0.1997 | rollout: 5.236s | update: 0.144s | total: 5.380s | samples/s: 11895
Iteration 0584 | train reward: 987.42 | best: 1162.37 | KL: 7.110e-02 | std: 0.1975 | rollout: 5.229s | update: 0.195s | total: 5.424s | samples/s: 11799
Iteration 0585 | train reward: 1017.79 | best: 1162.37 | KL: 6.606e-02 | std: 0.1968 | rollout: 5.036s | update: 0.154s | total: 5.190s | samples/s: 12331
Iteration 0586 | train reward: 1005.91 | best: 1162.37 | KL: 8.490e-02 | std: 0.1966 | rollout: 5.337s | update: 0.139s | total: 5.475s | samples/s: 11689
Iteration 0587 | train reward: 1020.03 | best: 1162.37 | KL: 7.834e-02 | std: 0.1957 | rollout: 5.056s | update: 0.154s | total: 5.210s | samples/s: 12284
Iteration 0588 | train reward: 1003.80 | best: 1162.37 | KL: 6.995e-02 | std: 0.1929 | rollout: 5.123s | update: 0.161s | total: 5.284s | samples/s: 12112
Iteration 0589 | train reward: 1009.88 | best: 1162.37 | KL: 6.945e-02 | std: 0.1915 | rollout: 5.137s | update: 0.153s | total: 5.291s | samples/s: 12097
Iteration 0590 | train reward: 1010.46 | best: 1162.37 | KL: 8.315e-02 | std: 0.1888 | rollout: 5.218s | update: 0.162s | total: 5.380s | samples/s: 11895
Iteration 0591 | train reward: 1004.90 | best: 1162.37 | KL: 7.820e-02 | std: 0.1895 | rollout: 4.983s | update: 0.173s | total: 5.155s | samples/s: 12415
Iteration 0592 | train reward: 1017.85 | best: 1162.37 | KL: 7.790e-02 | std: 0.1888 | rollout: 5.137s | update: 0.169s | total: 5.306s | samples/s: 12063
Iteration 0593 | train reward: 1023.67 | best: 1162.37 | KL: 7.192e-02 | std: 0.1880 | rollout: 5.208s | update: 0.164s | total: 5.372s | samples/s: 11913
Iteration 0594 | train reward: 1043.33 | best: 1162.37 | KL: 7.954e-02 | std: 0.1868 | rollout: 5.118s | update: 0.166s | total: 5.284s | samples/s: 12112
Iteration 0595 | train reward: 1019.22 | best: 1162.37 | KL: 8.975e-02 | std: 0.1888 | rollout: 4.809s | update: 0.151s | total: 4.959s | samples/s: 12905
Iteration 0596 | train reward: 1025.99 | best: 1162.37 | KL: 7.263e-02 | std: 0.1887 | rollout: 5.174s | update: 0.254s | total: 5.427s | samples/s: 11792
Iteration 0597 | train reward: 1024.07 | best: 1162.37 | KL: 6.125e-02 | std: 0.1895 | rollout: 4.915s | update: 0.161s | total: 5.076s | samples/s: 12607
Iteration 0598 | train reward: 972.47 | best: 1162.37 | KL: 9.040e-02 | std: 0.1894 | rollout: 5.149s | update: 0.160s | total: 5.309s | samples/s: 12056
Iteration 0599 | train reward: 1022.97 | best: 1162.37 | KL: 8.054e-02 | std: 0.1880 | rollout: 5.026s | update: 0.166s | total: 5.191s | samples/s: 12328
Iteration 0600 | train reward: 984.55 | best: 1162.37 | KL: 7.518e-02 | std: 0.1894 | rollout: 4.920s | update: 0.160s | total: 5.080s | samples/s: 12598
Iteration 0601 | train reward: 999.18 | best: 1162.37 | KL: 8.230e-02 | std: 0.1880 | rollout: 4.690s | update: 0.173s | total: 4.863s | samples/s: 13161
Iteration 0602 | train reward: 974.49 | best: 1162.37 | KL: 7.936e-02 | std: 0.1874 | rollout: 5.001s | update: 0.161s | total: 5.163s | samples/s: 12396
Iteration 0603 | train reward: 1018.76 | best: 1162.37 | KL: 6.745e-02 | std: 0.1840 | rollout: 5.122s | update: 0.173s | total: 5.296s | samples/s: 12086
Iteration 0604 | train reward: 1005.14 | best: 1162.37 | KL: 7.790e-02 | std: 0.1817 | rollout: 5.208s | update: 0.165s | total: 5.373s | samples/s: 11911
Iteration 0605 | train reward: 1003.40 | best: 1162.37 | KL: 8.362e-02 | std: 0.1824 | rollout: 5.063s | update: 0.168s | total: 5.231s | samples/s: 12236
Iteration 0606 | train reward: 941.74 | best: 1162.37 | KL: 1.026e-01 | std: 0.1811 | rollout: 5.176s | update: 0.163s | total: 5.338s | samples/s: 11989
Iteration 0607 | train reward: 997.00 | best: 1162.37 | KL: 1.160e-01 | std: 0.1803 | rollout: 5.182s | update: 0.189s | total: 5.371s | samples/s: 11916
Iteration 0608 | train reward: 1007.55 | best: 1162.37 | KL: 8.276e-02 | std: 0.1784 | rollout: 4.892s | update: 0.155s | total: 5.047s | samples/s: 12680
Iteration 0609 | train reward: 1012.44 | best: 1162.37 | KL: 6.710e-02 | std: 0.1778 | rollout: 5.337s | update: 0.155s | total: 5.492s | samples/s: 11654
Iteration 0610 | train reward: 1035.85 | best: 1162.37 | KL: 7.413e-02 | std: 0.1776 | rollout: 5.016s | update: 0.178s | total: 5.194s | samples/s: 12321
Iteration 0611 | train reward: 1024.90 | best: 1162.37 | KL: 7.604e-02 | std: 0.1776 | rollout: 4.997s | update: 0.261s | total: 5.258s | samples/s: 12172
Iteration 0612 | train reward: 1028.53 | best: 1162.37 | KL: 9.311e-02 | std: 0.1746 | rollout: 5.106s | update: 0.183s | total: 5.290s | samples/s: 12099
Iteration 0613 | train reward: 1016.77 | best: 1162.37 | KL: 9.392e-02 | std: 0.1759 | rollout: 4.998s | update: 0.218s | total: 5.217s | samples/s: 12268
Iteration 0614 | train reward: 1030.64 | best: 1162.37 | KL: 8.457e-02 | std: 0.1764 | rollout: 5.216s | update: 0.171s | total: 5.387s | samples/s: 11881
Iteration 0615 | train reward: 1004.63 | best: 1162.37 | KL: 8.992e-02 | std: 0.1770 | rollout: 5.162s | update: 0.162s | total: 5.324s | samples/s: 12021
Iteration 0616 | train reward: 1000.61 | best: 1162.37 | KL: 7.382e-02 | std: 0.1751 | rollout: 5.221s | update: 0.161s | total: 5.382s | samples/s: 11891
Iteration 0617 | train reward: 987.50 | best: 1162.37 | KL: 8.746e-02 | std: 0.1737 | rollout: 5.138s | update: 0.153s | total: 5.291s | samples/s: 12097
Iteration 0618 | train reward: 1024.40 | best: 1162.37 | KL: 8.944e-02 | std: 0.1730 | rollout: 5.174s | update: 0.158s | total: 5.332s | samples/s: 12004
Iteration 0619 | train reward: 1007.89 | best: 1162.37 | KL: 8.708e-02 | std: 0.1743 | rollout: 5.365s | update: 0.298s | total: 5.663s | samples/s: 11302
Iteration 0620 | train reward: 1020.19 | best: 1162.37 | KL: 7.209e-02 | std: 0.1725 | rollout: 5.485s | update: 0.221s | total: 5.706s | samples/s: 11216
Iteration 0621 | train reward: 1013.10 | best: 1162.37 | KL: 1.212e-01 | std: 0.1717 | rollout: 5.117s | update: 0.151s | total: 5.269s | samples/s: 12147
Iteration 0622 | train reward: 1049.10 | best: 1162.37 | KL: 9.559e-02 | std: 0.1694 | rollout: 4.818s | update: 0.227s | total: 5.046s | samples/s: 12684
Iteration 0623 | train reward: 1013.83 | best: 1162.37 | KL: 1.052e-01 | std: 0.1685 | rollout: 4.996s | update: 0.418s | total: 5.414s | samples/s: 11821
Iteration 0624 | train reward: 1014.38 | best: 1162.37 | KL: 8.572e-02 | std: 0.1698 | rollout: 4.998s | update: 0.198s | total: 5.196s | samples/s: 12317
Iteration 0625 | train reward: 1002.96 | best: 1162.37 | KL: 1.096e-01 | std: 0.1694 | rollout: 5.145s | update: 0.153s | total: 5.298s | samples/s: 12079
Iteration 0626 | train reward: 947.98 | best: 1162.37 | KL: 1.011e-01 | std: 0.1678 | rollout: 5.032s | update: 0.170s | total: 5.201s | samples/s: 12304
Iteration 0627 | train reward: 1018.71 | best: 1162.37 | KL: 1.013e-01 | std: 0.1673 | rollout: 5.164s | update: 0.154s | total: 5.318s | samples/s: 12035
Iteration 0628 | train reward: 993.62 | best: 1162.37 | KL: 1.034e-01 | std: 0.1699 | rollout: 5.030s | update: 0.153s | total: 5.183s | samples/s: 12347
Iteration 0629 | train reward: 1012.68 | best: 1162.37 | KL: 1.022e-01 | std: 0.1681 | rollout: 5.211s | update: 0.154s | total: 5.365s | samples/s: 11930
Iteration 0630 | train reward: 989.45 | best: 1162.37 | KL: 8.614e-02 | std: 0.1674 | rollout: 5.158s | update: 0.151s | total: 5.308s | samples/s: 12057
Iteration 0631 | train reward: 1009.51 | best: 1162.37 | KL: 8.532e-02 | std: 0.1672 | rollout: 5.045s | update: 0.164s | total: 5.209s | samples/s: 12286
Iteration 0632 | train reward: 997.05 | best: 1162.37 | KL: 1.102e-01 | std: 0.1654 | rollout: 5.021s | update: 0.161s | total: 5.183s | samples/s: 12349
Iteration 0633 | train reward: 992.37 | best: 1162.37 | KL: 8.358e-02 | std: 0.1662 | rollout: 5.192s | update: 0.167s | total: 5.359s | samples/s: 11942
Iteration 0634 | train reward: 1001.16 | best: 1162.37 | KL: 8.590e-02 | std: 0.1652 | rollout: 5.589s | update: 0.190s | total: 5.779s | samples/s: 11074
Iteration 0635 | train reward: 1036.43 | best: 1162.37 | KL: 8.787e-02 | std: 0.1639 | rollout: 6.296s | update: 0.270s | total: 6.566s | samples/s: 9747
Iteration 0636 | train reward: 1014.17 | best: 1162.37 | KL: 1.030e-01 | std: 0.1634 | rollout: 5.900s | update: 0.245s | total: 6.145s | samples/s: 10415
Iteration 0637 | train reward: 1021.05 | best: 1162.37 | KL: 8.957e-02 | std: 0.1616 | rollout: 4.928s | update: 0.163s | total: 5.092s | samples/s: 12570
Iteration 0638 | train reward: 1002.39 | best: 1162.37 | KL: 7.936e-02 | std: 0.1634 | rollout: 5.136s | update: 0.161s | total: 5.297s | samples/s: 12081
Iteration 0639 | train reward: 1022.14 | best: 1162.37 | KL: 7.012e-02 | std: 0.1628 | rollout: 4.989s | update: 0.156s | total: 5.145s | samples/s: 12438
Iteration 0640 | train reward: 1010.41 | best: 1162.37 | KL: 8.047e-02 | std: 0.1620 | rollout: 5.503s | update: 0.150s | total: 5.653s | samples/s: 11322
Iteration 0641 | train reward: 1024.83 | best: 1162.37 | KL: 8.347e-02 | std: 0.1636 | rollout: 5.130s | update: 0.148s | total: 5.278s | samples/s: 12126
Iteration 0642 | train reward: 1018.98 | best: 1162.37 | KL: 8.632e-02 | std: 0.1641 | rollout: 5.157s | update: 0.168s | total: 5.325s | samples/s: 12019
Iteration 0643 | train reward: 982.43 | best: 1162.37 | KL: 9.562e-02 | std: 0.1634 | rollout: 4.989s | update: 0.148s | total: 5.136s | samples/s: 12460
Iteration 0644 | train reward: 968.20 | best: 1162.37 | KL: 1.024e-01 | std: 0.1602 | rollout: 5.158s | update: 0.178s | total: 5.336s | samples/s: 11994
Iteration 0645 | train reward: 985.98 | best: 1162.37 | KL: 9.951e-02 | std: 0.1577 | rollout: 5.005s | update: 0.212s | total: 5.218s | samples/s: 12266
Iteration 0646 | train reward: 1005.05 | best: 1162.37 | KL: 7.633e-02 | std: 0.1582 | rollout: 5.158s | update: 0.147s | total: 5.306s | samples/s: 12063
Iteration 0647 | train reward: 1003.10 | best: 1162.37 | KL: 9.510e-02 | std: 0.1575 | rollout: 5.334s | update: 0.171s | total: 5.504s | samples/s: 11628
Iteration 0648 | train reward: 1037.15 | best: 1162.37 | KL: 8.630e-02 | std: 0.1569 | rollout: 5.222s | update: 0.155s | total: 5.377s | samples/s: 11902
Iteration 0649 | train reward: 1006.77 | best: 1162.37 | KL: 8.708e-02 | std: 0.1583 | rollout: 5.068s | update: 0.157s | total: 5.225s | samples/s: 12249
Iteration 0650 | train reward: 1011.89 | best: 1162.37 | KL: 8.700e-02 | std: 0.1594 | rollout: 5.087s | update: 0.153s | total: 5.240s | samples/s: 12215
Iteration 0651 | train reward: 1050.99 | best: 1162.37 | KL: 7.819e-02 | std: 0.1587 | rollout: 5.272s | update: 0.161s | total: 5.433s | samples/s: 11780
Iteration 0652 | train reward: 1036.62 | best: 1162.37 | KL: 1.011e-01 | std: 0.1590 | rollout: 5.016s | update: 0.150s | total: 5.166s | samples/s: 12389
Iteration 0653 | train reward: 1063.95 | best: 1162.37 | KL: 8.449e-02 | std: 0.1571 | rollout: 4.947s | update: 0.147s | total: 5.094s | samples/s: 12564
Iteration 0654 | train reward: 1048.07 | best: 1162.37 | KL: 8.084e-02 | std: 0.1593 | rollout: 5.186s | update: 0.158s | total: 5.344s | samples/s: 11977
Iteration 0655 | train reward: 1052.27 | best: 1162.37 | KL: 8.652e-02 | std: 0.1583 | rollout: 5.077s | update: 0.160s | total: 5.237s | samples/s: 12221
Iteration 0656 | train reward: 1034.73 | best: 1162.37 | KL: 8.439e-02 | std: 0.1581 | rollout: 5.144s | update: 0.145s | total: 5.289s | samples/s: 12100
Iteration 0657 | train reward: 1032.46 | best: 1162.37 | KL: 1.066e-01 | std: 0.1569 | rollout: 5.118s | update: 0.159s | total: 5.276s | samples/s: 12130
Iteration 0658 | train reward: 1018.62 | best: 1162.37 | KL: 1.004e-01 | std: 0.1582 | rollout: 4.978s | update: 0.167s | total: 5.145s | samples/s: 12440
Iteration 0659 | train reward: 1059.05 | best: 1162.37 | KL: 6.906e-02 | std: 0.1564 | rollout: 4.967s | update: 0.155s | total: 5.122s | samples/s: 12496
Iteration 0660 | train reward: 1045.59 | best: 1162.37 | KL: 7.247e-02 | std: 0.1562 | rollout: 5.098s | update: 0.209s | total: 5.307s | samples/s: 12061
Iteration 0661 | train reward: 1057.16 | best: 1162.37 | KL: 8.460e-02 | std: 0.1563 | rollout: 5.014s | update: 0.166s | total: 5.180s | samples/s: 12356
Iteration 0662 | train reward: 1049.34 | best: 1162.37 | KL: 8.532e-02 | std: 0.1563 | rollout: 5.048s | update: 0.222s | total: 5.269s | samples/s: 12146
Iteration 0663 | train reward: 1044.89 | best: 1162.37 | KL: 9.122e-02 | std: 0.1543 | rollout: 5.029s | update: 0.150s | total: 5.179s | samples/s: 12358
Iteration 0664 | train reward: 1038.48 | best: 1162.37 | KL: 1.040e-01 | std: 0.1548 | rollout: 5.095s | update: 0.152s | total: 5.246s | samples/s: 12199
Iteration 0665 | train reward: 1052.12 | best: 1162.37 | KL: 8.206e-02 | std: 0.1536 | rollout: 4.996s | update: 0.278s | total: 5.275s | samples/s: 12133
Iteration 0666 | train reward: 1059.58 | best: 1162.37 | KL: 9.185e-02 | std: 0.1519 | rollout: 5.113s | update: 0.162s | total: 5.275s | samples/s: 12134
Iteration 0667 | train reward: 1033.58 | best: 1162.37 | KL: 1.201e-01 | std: 0.1523 | rollout: 4.874s | update: 0.159s | total: 5.033s | samples/s: 12717
Iteration 0668 | train reward: 1050.49 | best: 1162.37 | KL: 1.001e-01 | std: 0.1525 | rollout: 5.197s | update: 0.155s | total: 5.353s | samples/s: 11957
Iteration 0669 | train reward: 1041.04 | best: 1162.37 | KL: 8.637e-02 | std: 0.1523 | rollout: 5.195s | update: 0.181s | total: 5.377s | samples/s: 11903
Iteration 0670 | train reward: 1032.34 | best: 1162.37 | KL: 1.006e-01 | std: 0.1530 | rollout: 4.869s | update: 0.148s | total: 5.017s | samples/s: 12757
Iteration 0671 | train reward: 1054.83 | best: 1162.37 | KL: 9.780e-02 | std: 0.1516 | rollout: 5.311s | update: 0.158s | total: 5.469s | samples/s: 11701
Iteration 0672 | train reward: 1048.93 | best: 1162.37 | KL: 8.376e-02 | std: 0.1511 | rollout: 4.949s | update: 0.147s | total: 5.096s | samples/s: 12559
Iteration 0673 | train reward: 1057.28 | best: 1162.37 | KL: 7.676e-02 | std: 0.1510 | rollout: 5.063s | update: 0.151s | total: 5.214s | samples/s: 12275
Iteration 0674 | train reward: 1068.14 | best: 1162.37 | KL: 7.891e-02 | std: 0.1502 | rollout: 5.213s | update: 0.162s | total: 5.375s | samples/s: 11907
Iteration 0675 | train reward: 1066.18 | best: 1162.37 | KL: 7.766e-02 | std: 0.1497 | rollout: 5.540s | update: 0.192s | total: 5.732s | samples/s: 11165
Iteration 0676 | train reward: 1064.88 | best: 1162.37 | KL: 8.747e-02 | std: 0.1517 | rollout: 5.631s | update: 0.167s | total: 5.798s | samples/s: 11038
Iteration 0677 | train reward: 1054.50 | best: 1162.37 | KL: 7.839e-02 | std: 0.1506 | rollout: 4.916s | update: 0.163s | total: 5.079s | samples/s: 12602
Iteration 0678 | train reward: 1068.27 | best: 1162.37 | KL: 8.183e-02 | std: 0.1478 | rollout: 5.321s | update: 0.170s | total: 5.490s | samples/s: 11657
Iteration 0679 | train reward: 1058.94 | best: 1162.37 | KL: 1.136e-01 | std: 0.1470 | rollout: 5.015s | update: 0.154s | total: 5.169s | samples/s: 12382
Iteration 0680 | train reward: 1064.91 | best: 1162.37 | KL: 8.300e-02 | std: 0.1464 | rollout: 5.408s | update: 0.158s | total: 5.566s | samples/s: 11499
Iteration 0681 | train reward: 1044.44 | best: 1162.37 | KL: 8.696e-02 | std: 0.1445 | rollout: 5.074s | update: 0.155s | total: 5.229s | samples/s: 12239
Iteration 0682 | train reward: 1067.59 | best: 1162.37 | KL: 8.942e-02 | std: 0.1458 | rollout: 5.119s | update: 0.161s | total: 5.280s | samples/s: 12122
Iteration 0683 | train reward: 1075.24 | best: 1162.37 | KL: 7.068e-02 | std: 0.1458 | rollout: 5.272s | update: 0.213s | total: 5.485s | samples/s: 11668
Iteration 0684 | train reward: 1087.54 | best: 1162.37 | KL: 8.379e-02 | std: 0.1463 | rollout: 5.045s | update: 0.165s | total: 5.209s | samples/s: 12285
Iteration 0685 | train reward: 1072.31 | best: 1162.37 | KL: 8.361e-02 | std: 0.1470 | rollout: 5.206s | update: 0.163s | total: 5.369s | samples/s: 11920
Iteration 0686 | train reward: 1076.69 | best: 1162.37 | KL: 9.617e-02 | std: 0.1471 | rollout: 4.946s | update: 0.159s | total: 5.104s | samples/s: 12539
Iteration 0687 | train reward: 1073.19 | best: 1162.37 | KL: 8.143e-02 | std: 0.1465 | rollout: 5.357s | update: 0.161s | total: 5.517s | samples/s: 11600
Iteration 0688 | train reward: 1071.41 | best: 1162.37 | KL: 7.605e-02 | std: 0.1484 | rollout: 5.093s | update: 0.161s | total: 5.254s | samples/s: 12182
Iteration 0689 | train reward: 1062.42 | best: 1162.37 | KL: 7.593e-02 | std: 0.1460 | rollout: 5.059s | update: 0.155s | total: 5.214s | samples/s: 12275
Iteration 0690 | train reward: 1058.43 | best: 1162.37 | KL: 9.329e-02 | std: 0.1447 | rollout: 4.966s | update: 0.148s | total: 5.114s | samples/s: 12514
Iteration 0691 | train reward: 1085.93 | best: 1162.37 | KL: 8.354e-02 | std: 0.1424 | rollout: 5.078s | update: 0.151s | total: 5.230s | samples/s: 12238
Iteration 0692 | train reward: 1064.79 | best: 1162.37 | KL: 9.707e-02 | std: 0.1419 | rollout: 5.065s | update: 0.132s | total: 5.197s | samples/s: 12315
Iteration 0693 | train reward: 1093.79 | best: 1162.37 | KL: 9.573e-02 | std: 0.1421 | rollout: 5.300s | update: 0.127s | total: 5.427s | samples/s: 11793
Iteration 0694 | train reward: 1081.59 | best: 1162.37 | KL: 9.914e-02 | std: 0.1411 | rollout: 5.213s | update: 0.133s | total: 5.346s | samples/s: 11971
Iteration 0695 | train reward: 1058.08 | best: 1162.37 | KL: 8.713e-02 | std: 0.1408 | rollout: 5.162s | update: 0.130s | total: 5.292s | samples/s: 12093
Iteration 0696 | train reward: 1063.51 | best: 1162.37 | KL: 8.374e-02 | std: 0.1411 | rollout: 5.181s | update: 0.128s | total: 5.309s | samples/s: 12056
Iteration 0697 | train reward: 1063.92 | best: 1162.37 | KL: 8.360e-02 | std: 0.1415 | rollout: 5.194s | update: 0.147s | total: 5.341s | samples/s: 11983
Iteration 0698 | train reward: 1061.67 | best: 1162.37 | KL: 8.270e-02 | std: 0.1413 | rollout: 5.245s | update: 0.140s | total: 5.385s | samples/s: 11884
Iteration 0699 | train reward: 1073.80 | best: 1162.37 | KL: 9.572e-02 | std: 0.1425 | rollout: 5.269s | update: 0.146s | total: 5.414s | samples/s: 11820
Iteration 0700 | train reward: 1080.08 | best: 1162.37 | KL: 7.570e-02 | std: 0.1432 | rollout: 5.101s | update: 0.143s | total: 5.244s | samples/s: 12204
Iteration 0701 | train reward: 1080.69 | best: 1162.37 | KL: 8.141e-02 | std: 0.1433 | rollout: 5.215s | update: 0.165s | total: 5.380s | samples/s: 11896
Iteration 0702 | train reward: 1064.55 | best: 1162.37 | KL: 9.829e-02 | std: 0.1432 | rollout: 5.180s | update: 0.168s | total: 5.349s | samples/s: 11966
Iteration 0703 | train reward: 1042.51 | best: 1162.37 | KL: 1.044e-01 | std: 0.1424 | rollout: 5.077s | update: 0.158s | total: 5.235s | samples/s: 12226
Iteration 0704 | train reward: 1079.93 | best: 1162.37 | KL: 7.763e-02 | std: 0.1426 | rollout: 5.291s | update: 0.141s | total: 5.432s | samples/s: 11782
Iteration 0705 | train reward: 1084.23 | best: 1162.37 | KL: 1.029e-01 | std: 0.1406 | rollout: 5.251s | update: 0.183s | total: 5.434s | samples/s: 11778
Iteration 0706 | train reward: 1091.90 | best: 1162.37 | KL: 7.646e-02 | std: 0.1399 | rollout: 5.396s | update: 0.244s | total: 5.639s | samples/s: 11349
Iteration 0707 | train reward: 1074.13 | best: 1162.37 | KL: 1.101e-01 | std: 0.1400 | rollout: 5.375s | update: 0.151s | total: 5.526s | samples/s: 11581
Iteration 0708 | train reward: 1093.02 | best: 1162.37 | KL: 7.060e-02 | std: 0.1391 | rollout: 6.077s | update: 0.400s | total: 6.477s | samples/s: 9881
Iteration 0709 | train reward: 1087.50 | best: 1162.37 | KL: 9.950e-02 | std: 0.1386 | rollout: 5.701s | update: 0.300s | total: 6.001s | samples/s: 10664
Iteration 0710 | train reward: 1105.42 | best: 1162.37 | KL: 9.522e-02 | std: 0.1380 | rollout: 5.416s | update: 0.269s | total: 5.684s | samples/s: 11259
Iteration 0711 | train reward: 1099.11 | best: 1162.37 | KL: 7.464e-02 | std: 0.1367 | rollout: 4.878s | update: 0.165s | total: 5.042s | samples/s: 12693
Iteration 0712 | train reward: 1094.45 | best: 1162.37 | KL: 9.687e-02 | std: 0.1369 | rollout: 4.914s | update: 0.224s | total: 5.138s | samples/s: 12455
Iteration 0713 | train reward: 1093.76 | best: 1162.37 | KL: 1.049e-01 | std: 0.1368 | rollout: 5.225s | update: 0.253s | total: 5.478s | samples/s: 11683
Iteration 0714 | train reward: 1103.22 | best: 1162.37 | KL: 8.753e-02 | std: 0.1347 | rollout: 4.874s | update: 0.149s | total: 5.023s | samples/s: 12741
Iteration 0715 | train reward: 1100.26 | best: 1162.37 | KL: 9.474e-02 | std: 0.1348 | rollout: 4.982s | update: 0.160s | total: 5.142s | samples/s: 12446
Iteration 0716 | train reward: 1093.79 | best: 1162.37 | KL: 1.003e-01 | std: 0.1353 | rollout: 4.903s | update: 0.152s | total: 5.054s | samples/s: 12662
Iteration 0717 | train reward: 1103.34 | best: 1162.37 | KL: 1.147e-01 | std: 0.1347 | rollout: 5.369s | update: 0.236s | total: 5.605s | samples/s: 11419
Iteration 0718 | train reward: 1107.23 | best: 1162.37 | KL: 8.865e-02 | std: 0.1336 | rollout: 4.933s | update: 0.191s | total: 5.124s | samples/s: 12490
Iteration 0719 | train reward: 1098.56 | best: 1162.37 | KL: 8.626e-02 | std: 0.1354 | rollout: 5.171s | update: 0.233s | total: 5.404s | samples/s: 11844
Iteration 0720 | train reward: 1103.93 | best: 1162.37 | KL: 1.145e-01 | std: 0.1350 | rollout: 5.078s | update: 0.167s | total: 5.245s | samples/s: 12202
Iteration 0721 | train reward: 1104.81 | best: 1162.37 | KL: 9.186e-02 | std: 0.1352 | rollout: 5.030s | update: 0.246s | total: 5.276s | samples/s: 12131
Iteration 0722 | train reward: 1085.82 | best: 1162.37 | KL: 9.014e-02 | std: 0.1341 | rollout: 5.123s | update: 0.159s | total: 5.282s | samples/s: 12117
Iteration 0723 | train reward: 1112.36 | best: 1162.37 | KL: 7.657e-02 | std: 0.1341 | rollout: 5.238s | update: 0.164s | total: 5.402s | samples/s: 11847
Iteration 0724 | train reward: 1116.95 | best: 1162.37 | KL: 9.520e-02 | std: 0.1341 | rollout: 5.122s | update: 0.199s | total: 5.321s | samples/s: 12029
Iteration 0725 | train reward: 1094.00 | best: 1162.37 | KL: 9.175e-02 | std: 0.1348 | rollout: 5.289s | update: 0.312s | total: 5.602s | samples/s: 11425
Iteration 0726 | train reward: 1085.53 | best: 1162.37 | KL: 9.102e-02 | std: 0.1341 | rollout: 5.068s | update: 0.156s | total: 5.223s | samples/s: 12253
Iteration 0727 | train reward: 1086.98 | best: 1162.37 | KL: 9.215e-02 | std: 0.1336 | rollout: 5.271s | update: 0.171s | total: 5.442s | samples/s: 11760
Iteration 0728 | train reward: 1086.16 | best: 1162.37 | KL: 6.885e-02 | std: 0.1339 | rollout: 5.090s | update: 0.162s | total: 5.253s | samples/s: 12184
Iteration 0729 | train reward: 1083.10 | best: 1162.37 | KL: 7.167e-02 | std: 0.1346 | rollout: 5.053s | update: 0.313s | total: 5.366s | samples/s: 11928
Iteration 0730 | train reward: 1084.52 | best: 1162.37 | KL: 7.988e-02 | std: 0.1342 | rollout: 5.274s | update: 0.355s | total: 5.629s | samples/s: 11369
Iteration 0731 | train reward: 1098.79 | best: 1162.37 | KL: 8.239e-02 | std: 0.1342 | rollout: 5.255s | update: 0.224s | total: 5.479s | samples/s: 11681
Iteration 0732 | train reward: 1093.46 | best: 1162.37 | KL: 8.286e-02 | std: 0.1348 | rollout: 5.480s | update: 0.250s | total: 5.729s | samples/s: 11171
Iteration 0733 | train reward: 1092.09 | best: 1162.37 | KL: 8.621e-02 | std: 0.1353 | rollout: 5.155s | update: 0.183s | total: 5.339s | samples/s: 11988
Iteration 0734 | train reward: 1093.94 | best: 1162.37 | KL: 8.966e-02 | std: 0.1353 | rollout: 5.146s | update: 0.169s | total: 5.315s | samples/s: 12042
Iteration 0735 | train reward: 1091.92 | best: 1162.37 | KL: 7.864e-02 | std: 0.1352 | rollout: 4.938s | update: 0.161s | total: 5.099s | samples/s: 12552
Iteration 0736 | train reward: 1093.19 | best: 1162.37 | KL: 9.086e-02 | std: 0.1353 | rollout: 5.019s | update: 0.153s | total: 5.171s | samples/s: 12376
Iteration 0737 | train reward: 1100.52 | best: 1162.37 | KL: 6.894e-02 | std: 0.1367 | rollout: 5.325s | update: 0.149s | total: 5.474s | samples/s: 11691
Iteration 0738 | train reward: 1098.33 | best: 1162.37 | KL: 1.235e-01 | std: 0.1361 | rollout: 5.170s | update: 0.167s | total: 5.338s | samples/s: 11990
Iteration 0739 | train reward: 1109.46 | best: 1162.37 | KL: 7.895e-02 | std: 0.1329 | rollout: 5.131s | update: 0.174s | total: 5.305s | samples/s: 12065
Iteration 0740 | train reward: 1116.32 | best: 1162.37 | KL: 8.521e-02 | std: 0.1328 | rollout: 5.216s | update: 0.162s | total: 5.378s | samples/s: 11900
Iteration 0741 | train reward: 1103.94 | best: 1162.37 | KL: 8.484e-02 | std: 0.1335 | rollout: 5.137s | update: 0.165s | total: 5.302s | samples/s: 12071
Iteration 0742 | train reward: 1087.32 | best: 1162.37 | KL: 8.478e-02 | std: 0.1343 | rollout: 5.367s | update: 0.210s | total: 5.578s | samples/s: 11475
Iteration 0743 | train reward: 1104.57 | best: 1162.37 | KL: 8.762e-02 | std: 0.1350 | rollout: 5.025s | update: 0.249s | total: 5.274s | samples/s: 12135
Iteration 0744 | train reward: 1102.16 | best: 1162.37 | KL: 9.013e-02 | std: 0.1341 | rollout: 5.185s | update: 0.203s | total: 5.389s | samples/s: 11877
Iteration 0745 | train reward: 1098.81 | best: 1162.37 | KL: 7.893e-02 | std: 0.1348 | rollout: 5.226s | update: 0.165s | total: 5.391s | samples/s: 11872
Iteration 0746 | train reward: 1099.15 | best: 1162.37 | KL: 7.883e-02 | std: 0.1348 | rollout: 5.229s | update: 0.166s | total: 5.394s | samples/s: 11864
Iteration 0747 | train reward: 1108.64 | best: 1162.37 | KL: 6.484e-02 | std: 0.1362 | rollout: 5.045s | update: 0.162s | total: 5.207s | samples/s: 12290
Iteration 0748 | train reward: 1116.75 | best: 1162.37 | KL: 8.001e-02 | std: 0.1361 | rollout: 5.106s | update: 0.156s | total: 5.261s | samples/s: 12164
Iteration 0749 | train reward: 1106.38 | best: 1162.37 | KL: 1.214e-01 | std: 0.1352 | rollout: 5.075s | update: 0.226s | total: 5.301s | samples/s: 12074
Iteration 0750 | train reward: 1088.25 | best: 1162.37 | KL: 8.143e-02 | std: 0.1355 | rollout: 4.922s | update: 0.289s | total: 5.212s | samples/s: 12280
Iteration 0751 | train reward: 1086.11 | best: 1162.37 | KL: 9.880e-02 | std: 0.1354 | rollout: 5.719s | update: 0.211s | total: 5.931s | samples/s: 10792
Iteration 0752 | train reward: 1090.86 | best: 1162.37 | KL: 7.324e-02 | std: 0.1352 | rollout: 5.016s | update: 0.216s | total: 5.232s | samples/s: 12232
Iteration 0753 | train reward: 1081.75 | best: 1162.37 | KL: 8.778e-02 | std: 0.1353 | rollout: 5.142s | update: 0.226s | total: 5.368s | samples/s: 11922
Iteration 0754 | train reward: 1099.70 | best: 1162.37 | KL: 8.479e-02 | std: 0.1361 | rollout: 4.887s | update: 0.154s | total: 5.041s | samples/s: 12695
Iteration 0755 | train reward: 1091.24 | best: 1162.37 | KL: 7.755e-02 | std: 0.1373 | rollout: 5.216s | update: 0.211s | total: 5.427s | samples/s: 11794
Iteration 0756 | train reward: 1083.66 | best: 1162.37 | KL: 9.144e-02 | std: 0.1366 | rollout: 5.041s | update: 0.159s | total: 5.200s | samples/s: 12308
Iteration 0757 | train reward: 1070.26 | best: 1162.37 | KL: 6.412e-02 | std: 0.1363 | rollout: 5.148s | update: 0.175s | total: 5.324s | samples/s: 12022
Iteration 0758 | train reward: 1080.27 | best: 1162.37 | KL: 7.567e-02 | std: 0.1360 | rollout: 5.212s | update: 0.149s | total: 5.361s | samples/s: 11939
Iteration 0759 | train reward: 1080.79 | best: 1162.37 | KL: 7.697e-02 | std: 0.1352 | rollout: 5.092s | update: 0.209s | total: 5.301s | samples/s: 12074
Iteration 0760 | train reward: 1068.48 | best: 1162.37 | KL: 8.125e-02 | std: 0.1348 | rollout: 5.247s | update: 0.158s | total: 5.405s | samples/s: 11840
Iteration 0761 | train reward: 1035.68 | best: 1162.37 | KL: 1.071e-01 | std: 0.1348 | rollout: 5.137s | update: 0.163s | total: 5.300s | samples/s: 12076
Iteration 0762 | train reward: 1088.36 | best: 1162.37 | KL: 7.498e-02 | std: 0.1356 | rollout: 5.129s | update: 0.152s | total: 5.281s | samples/s: 12119
Iteration 0763 | train reward: 1079.85 | best: 1162.37 | KL: 8.000e-02 | std: 0.1355 | rollout: 5.181s | update: 0.304s | total: 5.485s | samples/s: 11669
Iteration 0764 | train reward: 1082.69 | best: 1162.37 | KL: 8.397e-02 | std: 0.1349 | rollout: 5.083s | update: 0.183s | total: 5.266s | samples/s: 12152
Iteration 0765 | train reward: 1068.49 | best: 1162.37 | KL: 1.010e-01 | std: 0.1342 | rollout: 5.084s | update: 0.147s | total: 5.231s | samples/s: 12235
Iteration 0766 | train reward: 1087.85 | best: 1162.37 | KL: 8.353e-02 | std: 0.1328 | rollout: 5.249s | update: 0.163s | total: 5.412s | samples/s: 11825
Iteration 0767 | train reward: 1091.78 | best: 1162.37 | KL: 7.898e-02 | std: 0.1322 | rollout: 5.118s | update: 0.155s | total: 5.273s | samples/s: 12137
Iteration 0768 | train reward: 1091.47 | best: 1162.37 | KL: 6.507e-02 | std: 0.1317 | rollout: 5.180s | update: 0.188s | total: 5.369s | samples/s: 11921
Iteration 0769 | train reward: 1082.02 | best: 1162.37 | KL: 8.445e-02 | std: 0.1313 | rollout: 5.172s | update: 0.147s | total: 5.319s | samples/s: 12032
Iteration 0770 | train reward: 1078.29 | best: 1162.37 | KL: 8.220e-02 | std: 0.1289 | rollout: 5.215s | update: 0.175s | total: 5.390s | samples/s: 11875
Iteration 0771 | train reward: 1096.22 | best: 1162.37 | KL: 9.175e-02 | std: 0.1263 | rollout: 5.105s | update: 0.145s | total: 5.250s | samples/s: 12191
Iteration 0772 | train reward: 1082.38 | best: 1162.37 | KL: 9.415e-02 | std: 0.1267 | rollout: 5.126s | update: 0.150s | total: 5.276s | samples/s: 12131
Iteration 0773 | train reward: 1075.50 | best: 1162.37 | KL: 8.395e-02 | std: 0.1256 | rollout: 5.206s | update: 0.146s | total: 5.352s | samples/s: 11958
Iteration 0774 | train reward: 1092.52 | best: 1162.37 | KL: 7.034e-02 | std: 0.1265 | rollout: 5.126s | update: 0.161s | total: 5.287s | samples/s: 12106
Iteration 0775 | train reward: 1090.00 | best: 1162.37 | KL: 6.857e-02 | std: 0.1261 | rollout: 5.210s | update: 0.209s | total: 5.418s | samples/s: 11812
Iteration 0776 | train reward: 1087.77 | best: 1162.37 | KL: 8.018e-02 | std: 0.1265 | rollout: 5.040s | update: 0.149s | total: 5.189s | samples/s: 12334
Iteration 0777 | train reward: 1099.59 | best: 1162.37 | KL: 7.819e-02 | std: 0.1265 | rollout: 4.980s | update: 0.149s | total: 5.129s | samples/s: 12478
Iteration 0778 | train reward: 1081.41 | best: 1162.37 | KL: 8.285e-02 | std: 0.1276 | rollout: 5.151s | update: 0.167s | total: 5.319s | samples/s: 12033
Iteration 0779 | train reward: 1094.30 | best: 1162.37 | KL: 7.587e-02 | std: 0.1261 | rollout: 5.155s | update: 0.157s | total: 5.312s | samples/s: 12048
Iteration 0780 | train reward: 1080.42 | best: 1162.37 | KL: 6.873e-02 | std: 0.1263 | rollout: 5.079s | update: 0.159s | total: 5.237s | samples/s: 12220
Iteration 0781 | train reward: 1090.48 | best: 1162.37 | KL: 7.523e-02 | std: 0.1252 | rollout: 5.166s | update: 0.158s | total: 5.324s | samples/s: 12020
Iteration 0782 | train reward: 1082.06 | best: 1162.37 | KL: 8.246e-02 | std: 0.1248 | rollout: 5.244s | update: 0.165s | total: 5.409s | samples/s: 11833
Iteration 0783 | train reward: 1082.30 | best: 1162.37 | KL: 7.186e-02 | std: 0.1242 | rollout: 5.163s | update: 0.218s | total: 5.381s | samples/s: 11893
Iteration 0784 | train reward: 1072.17 | best: 1162.37 | KL: 8.224e-02 | std: 0.1248 | rollout: 5.180s | update: 0.208s | total: 5.389s | samples/s: 11877
Iteration 0785 | train reward: 1069.67 | best: 1162.37 | KL: 8.229e-02 | std: 0.1236 | rollout: 5.209s | update: 0.205s | total: 5.414s | samples/s: 11821
Iteration 0786 | train reward: 1065.90 | best: 1162.37 | KL: 9.786e-02 | std: 0.1237 | rollout: 5.094s | update: 0.225s | total: 5.319s | samples/s: 12033
Iteration 0787 | train reward: 1048.55 | best: 1162.37 | KL: 1.023e-01 | std: 0.1250 | rollout: 5.176s | update: 0.155s | total: 5.331s | samples/s: 12006
Iteration 0788 | train reward: 1085.18 | best: 1162.37 | KL: 7.435e-02 | std: 0.1250 | rollout: 5.662s | update: 0.162s | total: 5.823s | samples/s: 10990
Iteration 0789 | train reward: 1060.96 | best: 1162.37 | KL: 9.443e-02 | std: 0.1258 | rollout: 5.249s | update: 0.222s | total: 5.471s | samples/s: 11697
Iteration 0790 | train reward: 1066.20 | best: 1162.37 | KL: 8.145e-02 | std: 0.1274 | rollout: 5.020s | update: 0.153s | total: 5.174s | samples/s: 12370
Iteration 0791 | train reward: 1070.63 | best: 1162.37 | KL: 7.360e-02 | std: 0.1274 | rollout: 4.983s | update: 0.209s | total: 5.192s | samples/s: 12326
Iteration 0792 | train reward: 1070.41 | best: 1162.37 | KL: 9.378e-02 | std: 0.1269 | rollout: 5.094s | update: 0.295s | total: 5.389s | samples/s: 11876
Iteration 0793 | train reward: 1078.15 | best: 1162.37 | KL: 6.828e-02 | std: 0.1264 | rollout: 5.196s | update: 0.154s | total: 5.350s | samples/s: 11962
Iteration 0794 | train reward: 1091.62 | best: 1162.37 | KL: 8.205e-02 | std: 0.1250 | rollout: 5.007s | update: 0.152s | total: 5.159s | samples/s: 12406
Iteration 0795 | train reward: 1082.36 | best: 1162.37 | KL: 1.045e-01 | std: 0.1243 | rollout: 5.109s | update: 0.154s | total: 5.262s | samples/s: 12162
Iteration 0796 | train reward: 1071.19 | best: 1162.37 | KL: 1.013e-01 | std: 0.1263 | rollout: 4.978s | update: 0.160s | total: 5.138s | samples/s: 12456
Iteration 0797 | train reward: 1087.66 | best: 1162.37 | KL: 7.641e-02 | std: 0.1276 | rollout: 5.101s | update: 0.158s | total: 5.260s | samples/s: 12168
Iteration 0798 | train reward: 1089.05 | best: 1162.37 | KL: 6.985e-02 | std: 0.1270 | rollout: 5.108s | update: 0.157s | total: 5.265s | samples/s: 12156
Iteration 0799 | train reward: 1088.72 | best: 1162.37 | KL: 8.044e-02 | std: 0.1280 | rollout: 5.090s | update: 0.153s | total: 5.243s | samples/s: 12207
Iteration 0800 | train reward: 1070.66 | best: 1162.37 | KL: 8.290e-02 | std: 0.1275 | rollout: 5.339s | update: 0.152s | total: 5.491s | samples/s: 11656
Iteration 0801 | train reward: 1072.60 | best: 1162.37 | KL: 8.404e-02 | std: 0.1265 | rollout: 5.152s | update: 0.159s | total: 5.311s | samples/s: 12049
Iteration 0802 | train reward: 1071.99 | best: 1162.37 | KL: 9.296e-02 | std: 0.1261 | rollout: 5.729s | update: 0.238s | total: 5.967s | samples/s: 10725
Iteration 0803 | train reward: 1076.21 | best: 1162.37 | KL: 8.590e-02 | std: 0.1249 | rollout: 6.294s | update: 0.238s | total: 6.532s | samples/s: 9797
Iteration 0804 | train reward: 1053.58 | best: 1162.37 | KL: 9.062e-02 | std: 0.1239 | rollout: 5.733s | update: 0.192s | total: 5.925s | samples/s: 10801
Iteration 0805 | train reward: 1075.52 | best: 1162.37 | KL: 8.044e-02 | std: 0.1230 | rollout: 4.911s | update: 0.270s | total: 5.181s | samples/s: 12353
Iteration 0806 | train reward: 1054.69 | best: 1162.37 | KL: 8.493e-02 | std: 0.1229 | rollout: 5.241s | update: 0.170s | total: 5.411s | samples/s: 11827
Iteration 0807 | train reward: 1040.22 | best: 1162.37 | KL: 9.245e-02 | std: 0.1222 | rollout: 5.035s | update: 0.167s | total: 5.202s | samples/s: 12302
Iteration 0808 | train reward: 1054.82 | best: 1162.37 | KL: 7.497e-02 | std: 0.1218 | rollout: 5.450s | update: 0.150s | total: 5.600s | samples/s: 11429
Iteration 0809 | train reward: 1038.17 | best: 1162.37 | KL: 8.877e-02 | std: 0.1224 | rollout: 4.956s | update: 0.159s | total: 5.115s | samples/s: 12511
Iteration 0810 | train reward: 1046.66 | best: 1162.37 | KL: 8.043e-02 | std: 0.1219 | rollout: 5.241s | update: 0.155s | total: 5.396s | samples/s: 11861
Iteration 0811 | train reward: 1040.98 | best: 1162.37 | KL: 8.684e-02 | std: 0.1239 | rollout: 5.090s | update: 0.156s | total: 5.246s | samples/s: 12200
Iteration 0812 | train reward: 1048.09 | best: 1162.37 | KL: 7.394e-02 | std: 0.1231 | rollout: 5.014s | update: 0.164s | total: 5.178s | samples/s: 12359
Iteration 0813 | train reward: 1026.68 | best: 1162.37 | KL: 1.063e-01 | std: 0.1237 | rollout: 4.902s | update: 0.149s | total: 5.051s | samples/s: 12670
Iteration 0814 | train reward: 1040.49 | best: 1162.37 | KL: 7.335e-02 | std: 0.1235 | rollout: 4.966s | update: 0.178s | total: 5.144s | samples/s: 12441
Iteration 0815 | train reward: 1021.92 | best: 1162.37 | KL: 8.155e-02 | std: 0.1237 | rollout: 5.018s | update: 0.158s | total: 5.176s | samples/s: 12364
Iteration 0816 | train reward: 1030.50 | best: 1162.37 | KL: 9.387e-02 | std: 0.1242 | rollout: 5.307s | update: 0.153s | total: 5.460s | samples/s: 11722
Iteration 0817 | train reward: 1036.59 | best: 1162.37 | KL: 7.909e-02 | std: 0.1246 | rollout: 5.015s | update: 0.207s | total: 5.222s | samples/s: 12256
Iteration 0818 | train reward: 1018.42 | best: 1162.37 | KL: 7.962e-02 | std: 0.1237 | rollout: 5.091s | update: 0.161s | total: 5.252s | samples/s: 12185
Iteration 0819 | train reward: 1037.97 | best: 1162.37 | KL: 6.902e-02 | std: 0.1244 | rollout: 5.119s | update: 0.168s | total: 5.287s | samples/s: 12105
Iteration 0820 | train reward: 1038.62 | best: 1162.37 | KL: 7.321e-02 | std: 0.1243 | rollout: 5.117s | update: 0.153s | total: 5.269s | samples/s: 12146
Iteration 0821 | train reward: 1021.06 | best: 1162.37 | KL: 9.525e-02 | std: 0.1242 | rollout: 5.005s | update: 0.152s | total: 5.157s | samples/s: 12409
Iteration 0822 | train reward: 1022.05 | best: 1162.37 | KL: 1.342e-01 | std: 0.1229 | rollout: 5.187s | update: 0.169s | total: 5.356s | samples/s: 11949
Iteration 0823 | train reward: 999.93 | best: 1162.37 | KL: 8.466e-02 | std: 0.1225 | rollout: 5.186s | update: 0.214s | total: 5.400s | samples/s: 11851
Iteration 0824 | train reward: 1026.94 | best: 1162.37 | KL: 8.511e-02 | std: 0.1228 | rollout: 5.185s | update: 0.154s | total: 5.339s | samples/s: 11987
Iteration 0825 | train reward: 1007.54 | best: 1162.37 | KL: 8.411e-02 | std: 0.1222 | rollout: 5.214s | update: 0.166s | total: 5.380s | samples/s: 11895
Iteration 0826 | train reward: 1009.29 | best: 1162.37 | KL: 6.754e-02 | std: 0.1224 | rollout: 5.187s | update: 0.156s | total: 5.343s | samples/s: 11978
Iteration 0827 | train reward: 1031.97 | best: 1162.37 | KL: 9.758e-02 | std: 0.1209 | rollout: 5.112s | update: 0.275s | total: 5.388s | samples/s: 11879
Iteration 0828 | train reward: 1042.96 | best: 1162.37 | KL: 7.327e-02 | std: 0.1211 | rollout: 5.088s | update: 0.159s | total: 5.247s | samples/s: 12197
Iteration 0829 | train reward: 1018.66 | best: 1162.37 | KL: 8.733e-02 | std: 0.1216 | rollout: 5.059s | update: 0.225s | total: 5.284s | samples/s: 12112
Iteration 0830 | train reward: 990.30 | best: 1162.37 | KL: 8.137e-02 | std: 0.1211 | rollout: 5.343s | update: 0.160s | total: 5.503s | samples/s: 11631
Iteration 0831 | train reward: 1019.02 | best: 1162.37 | KL: 8.435e-02 | std: 0.1217 | rollout: 4.981s | update: 0.162s | total: 5.143s | samples/s: 12444
Iteration 0832 | train reward: 1048.94 | best: 1162.37 | KL: 7.122e-02 | std: 0.1209 | rollout: 5.819s | update: 0.187s | total: 6.006s | samples/s: 10657
Iteration 0833 | train reward: 1041.75 | best: 1162.37 | KL: 9.266e-02 | std: 0.1197 | rollout: 5.248s | update: 0.181s | total: 5.429s | samples/s: 11789
Iteration 0834 | train reward: 1042.26 | best: 1162.37 | KL: 9.027e-02 | std: 0.1176 | rollout: 5.034s | update: 0.226s | total: 5.260s | samples/s: 12168
Iteration 0835 | train reward: 1030.78 | best: 1162.37 | KL: 1.097e-01 | std: 0.1181 | rollout: 4.980s | update: 0.154s | total: 5.135s | samples/s: 12464
Iteration 0836 | train reward: 1040.21 | best: 1162.37 | KL: 8.783e-02 | std: 0.1178 | rollout: 4.897s | update: 0.161s | total: 5.058s | samples/s: 12654
Iteration 0837 | train reward: 1018.92 | best: 1162.37 | KL: 8.100e-02 | std: 0.1183 | rollout: 4.988s | update: 0.152s | total: 5.140s | samples/s: 12451
Iteration 0838 | train reward: 1056.27 | best: 1162.37 | KL: 6.829e-02 | std: 0.1193 | rollout: 5.146s | update: 0.172s | total: 5.318s | samples/s: 12035
Iteration 0839 | train reward: 1046.79 | best: 1162.37 | KL: 7.570e-02 | std: 0.1178 | rollout: 5.020s | update: 0.163s | total: 5.183s | samples/s: 12347
Iteration 0840 | train reward: 1053.84 | best: 1162.37 | KL: 8.368e-02 | std: 0.1189 | rollout: 5.133s | update: 0.191s | total: 5.324s | samples/s: 12021
Iteration 0841 | train reward: 1036.43 | best: 1162.37 | KL: 5.975e-02 | std: 0.1196 | rollout: 5.205s | update: 0.148s | total: 5.353s | samples/s: 11956
Iteration 0842 | train reward: 1045.84 | best: 1162.37 | KL: 1.038e-01 | std: 0.1213 | rollout: 5.414s | update: 0.144s | total: 5.558s | samples/s: 11516
Iteration 0843 | train reward: 1029.12 | best: 1162.37 | KL: 7.905e-02 | std: 0.1229 | rollout: 5.345s | update: 0.146s | total: 5.491s | samples/s: 11656
Iteration 0844 | train reward: 1021.24 | best: 1162.37 | KL: 9.521e-02 | std: 0.1224 | rollout: 5.684s | update: 0.158s | total: 5.842s | samples/s: 10955
Iteration 0845 | train reward: 1032.12 | best: 1162.37 | KL: 8.492e-02 | std: 0.1209 | rollout: 5.099s | update: 0.160s | total: 5.258s | samples/s: 12171
Iteration 0846 | train reward: 1043.53 | best: 1162.37 | KL: 7.206e-02 | std: 0.1191 | rollout: 5.110s | update: 0.164s | total: 5.274s | samples/s: 12135
Iteration 0847 | train reward: 1021.63 | best: 1162.37 | KL: 7.991e-02 | std: 0.1179 | rollout: 5.179s | update: 0.223s | total: 5.402s | samples/s: 11848
Iteration 0848 | train reward: 1039.07 | best: 1162.37 | KL: 7.835e-02 | std: 0.1181 | rollout: 5.039s | update: 0.188s | total: 5.227s | samples/s: 12245
Iteration 0849 | train reward: 1018.33 | best: 1162.37 | KL: 9.470e-02 | std: 0.1187 | rollout: 5.254s | update: 0.169s | total: 5.423s | samples/s: 11801
Iteration 0850 | train reward: 997.59 | best: 1162.37 | KL: 8.731e-02 | std: 0.1179 | rollout: 5.039s | update: 0.160s | total: 5.199s | samples/s: 12310
Iteration 0851 | train reward: 980.43 | best: 1162.37 | KL: 8.152e-02 | std: 0.1191 | rollout: 5.169s | update: 0.236s | total: 5.405s | samples/s: 11841
Iteration 0852 | train reward: 996.77 | best: 1162.37 | KL: 9.941e-02 | std: 0.1200 | rollout: 5.090s | update: 0.161s | total: 5.250s | samples/s: 12189
Iteration 0853 | train reward: 1024.57 | best: 1162.37 | KL: 8.982e-02 | std: 0.1191 | rollout: 5.062s | update: 0.157s | total: 5.219s | samples/s: 12262
Iteration 0854 | train reward: 1046.29 | best: 1162.37 | KL: 7.459e-02 | std: 0.1181 | rollout: 4.958s | update: 0.161s | total: 5.120s | samples/s: 12501
Iteration 0855 | train reward: 1038.59 | best: 1162.37 | KL: 9.709e-02 | std: 0.1178 | rollout: 5.193s | update: 0.155s | total: 5.348s | samples/s: 11967
Iteration 0856 | train reward: 990.93 | best: 1162.37 | KL: 9.208e-02 | std: 0.1180 | rollout: 5.064s | update: 0.163s | total: 5.226s | samples/s: 12245
Iteration 0857 | train reward: 1009.53 | best: 1162.37 | KL: 9.029e-02 | std: 0.1176 | rollout: 5.177s | update: 0.162s | total: 5.339s | samples/s: 11987
Iteration 0858 | train reward: 1016.64 | best: 1162.37 | KL: 9.830e-02 | std: 0.1174 | rollout: 5.101s | update: 0.159s | total: 5.260s | samples/s: 12166
Iteration 0859 | train reward: 1040.46 | best: 1162.37 | KL: 8.438e-02 | std: 0.1168 | rollout: 5.088s | update: 0.154s | total: 5.242s | samples/s: 12208
Iteration 0860 | train reward: 1026.69 | best: 1162.37 | KL: 7.653e-02 | std: 0.1161 | rollout: 5.206s | update: 0.154s | total: 5.360s | samples/s: 11940
Iteration 0861 | train reward: 1030.09 | best: 1162.37 | KL: 1.034e-01 | std: 0.1159 | rollout: 5.014s | update: 0.170s | total: 5.184s | samples/s: 12345
Iteration 0862 | train reward: 1035.38 | best: 1162.37 | KL: 9.558e-02 | std: 0.1148 | rollout: 5.068s | update: 0.157s | total: 5.226s | samples/s: 12247
Iteration 0863 | train reward: 1035.78 | best: 1162.37 | KL: 1.033e-01 | std: 0.1151 | rollout: 5.116s | update: 0.222s | total: 5.338s | samples/s: 11989
Iteration 0864 | train reward: 1014.53 | best: 1162.37 | KL: 8.183e-02 | std: 0.1142 | rollout: 5.099s | update: 0.224s | total: 5.324s | samples/s: 12022
Iteration 0865 | train reward: 1036.22 | best: 1162.37 | KL: 7.714e-02 | std: 0.1151 | rollout: 5.223s | update: 0.159s | total: 5.383s | samples/s: 11890
Iteration 0866 | train reward: 1039.74 | best: 1162.37 | KL: 6.615e-02 | std: 0.1157 | rollout: 5.213s | update: 0.169s | total: 5.382s | samples/s: 11892
Iteration 0867 | train reward: 1038.94 | best: 1162.37 | KL: 8.407e-02 | std: 0.1146 | rollout: 5.196s | update: 0.310s | total: 5.506s | samples/s: 11623
Iteration 0868 | train reward: 1013.74 | best: 1162.37 | KL: 9.216e-02 | std: 0.1163 | rollout: 4.861s | update: 0.188s | total: 5.049s | samples/s: 12676
Iteration 0869 | train reward: 1029.30 | best: 1162.37 | KL: 1.038e-01 | std: 0.1170 | rollout: 5.198s | update: 0.199s | total: 5.398s | samples/s: 11857
Iteration 0870 | train reward: 1022.60 | best: 1162.37 | KL: 9.224e-02 | std: 0.1157 | rollout: 5.375s | update: 0.212s | total: 5.587s | samples/s: 11455
Iteration 0871 | train reward: 1004.32 | best: 1162.37 | KL: 9.229e-02 | std: 0.1171 | rollout: 5.140s | update: 0.150s | total: 5.290s | samples/s: 12098
Iteration 0872 | train reward: 1012.95 | best: 1162.37 | KL: 8.528e-02 | std: 0.1190 | rollout: 5.002s | update: 0.151s | total: 5.152s | samples/s: 12421
Iteration 0873 | train reward: 1020.43 | best: 1162.37 | KL: 1.122e-01 | std: 0.1174 | rollout: 5.086s | update: 0.209s | total: 5.295s | samples/s: 12086
Iteration 0874 | train reward: 1001.48 | best: 1162.37 | KL: 9.326e-02 | std: 0.1170 | rollout: 5.022s | update: 0.240s | total: 5.262s | samples/s: 12162
Iteration 0875 | train reward: 983.16 | best: 1162.37 | KL: 1.228e-01 | std: 0.1172 | rollout: 5.297s | update: 0.207s | total: 5.505s | samples/s: 11627
Iteration 0876 | train reward: 1006.70 | best: 1162.37 | KL: 1.222e-01 | std: 0.1178 | rollout: 4.908s | update: 0.158s | total: 5.066s | samples/s: 12633
Iteration 0877 | train reward: 988.79 | best: 1162.37 | KL: 8.684e-02 | std: 0.1183 | rollout: 5.213s | update: 0.158s | total: 5.371s | samples/s: 11916
Iteration 0878 | train reward: 982.74 | best: 1162.37 | KL: 8.703e-02 | std: 0.1184 | rollout: 5.192s | update: 0.324s | total: 5.516s | samples/s: 11602
Iteration 0879 | train reward: 986.30 | best: 1162.37 | KL: 8.969e-02 | std: 0.1180 | rollout: 5.270s | update: 0.151s | total: 5.421s | samples/s: 11806
Iteration 0880 | train reward: 995.02 | best: 1162.37 | KL: 9.805e-02 | std: 0.1183 | rollout: 4.967s | update: 0.161s | total: 5.128s | samples/s: 12480
Iteration 0881 | train reward: 1010.74 | best: 1162.37 | KL: 9.927e-02 | std: 0.1179 | rollout: 5.097s | update: 0.158s | total: 5.255s | samples/s: 12180
Iteration 0882 | train reward: 995.01 | best: 1162.37 | KL: 8.730e-02 | std: 0.1183 | rollout: 4.878s | update: 0.172s | total: 5.049s | samples/s: 12675
Iteration 0883 | train reward: 988.60 | best: 1162.37 | KL: 1.764e-01 | std: 0.1189 | rollout: 5.112s | update: 0.163s | total: 5.275s | samples/s: 12133
Iteration 0884 | train reward: 993.42 | best: 1162.37 | KL: 9.111e-02 | std: 0.1183 | rollout: 5.084s | update: 0.158s | total: 5.242s | samples/s: 12209
Iteration 0885 | train reward: 989.45 | best: 1162.37 | KL: 1.104e-01 | std: 0.1204 | rollout: 4.940s | update: 0.154s | total: 5.094s | samples/s: 12565
Iteration 0886 | train reward: 1012.88 | best: 1162.37 | KL: 9.659e-02 | std: 0.1204 | rollout: 5.015s | update: 0.154s | total: 5.170s | samples/s: 12380
Iteration 0887 | train reward: 985.25 | best: 1162.37 | KL: 1.083e-01 | std: 0.1209 | rollout: 5.240s | update: 0.221s | total: 5.461s | samples/s: 11719
Iteration 0888 | train reward: 1002.63 | best: 1162.37 | KL: 1.113e-01 | std: 0.1187 | rollout: 4.925s | update: 0.158s | total: 5.083s | samples/s: 12590
Iteration 0889 | train reward: 1033.67 | best: 1162.37 | KL: 7.548e-02 | std: 0.1185 | rollout: 5.135s | update: 0.161s | total: 5.296s | samples/s: 12085
Iteration 0890 | train reward: 1051.18 | best: 1162.37 | KL: 8.640e-02 | std: 0.1174 | rollout: 5.025s | update: 0.160s | total: 5.185s | samples/s: 12344
Iteration 0891 | train reward: 1007.96 | best: 1162.37 | KL: 9.235e-02 | std: 0.1176 | rollout: 5.350s | update: 0.152s | total: 5.501s | samples/s: 11633
Iteration 0892 | train reward: 998.90 | best: 1162.37 | KL: 7.972e-02 | std: 0.1185 | rollout: 5.301s | update: 0.158s | total: 5.459s | samples/s: 11723
Iteration 0893 | train reward: 950.45 | best: 1162.37 | KL: 9.074e-02 | std: 0.1190 | rollout: 5.022s | update: 0.150s | total: 5.172s | samples/s: 12375
Iteration 0894 | train reward: 1029.00 | best: 1162.37 | KL: 7.890e-02 | std: 0.1206 | rollout: 5.189s | update: 0.151s | total: 5.340s | samples/s: 11985
Iteration 0895 | train reward: 1009.17 | best: 1162.37 | KL: 1.024e-01 | std: 0.1211 | rollout: 4.766s | update: 0.223s | total: 4.988s | samples/s: 12830
Iteration 0896 | train reward: 1005.48 | best: 1162.37 | KL: 8.737e-02 | std: 0.1213 | rollout: 4.863s | update: 0.171s | total: 5.034s | samples/s: 12713
Iteration 0897 | train reward: 1000.27 | best: 1162.37 | KL: 9.471e-02 | std: 0.1224 | rollout: 5.198s | update: 0.203s | total: 5.401s | samples/s: 11850
Iteration 0898 | train reward: 998.67 | best: 1162.37 | KL: 1.159e-01 | std: 0.1217 | rollout: 5.182s | update: 0.161s | total: 5.343s | samples/s: 11977
Iteration 0899 | train reward: 1006.60 | best: 1162.37 | KL: 7.379e-02 | std: 0.1207 | rollout: 5.141s | update: 0.332s | total: 5.473s | samples/s: 11694
Iteration 0900 | train reward: 982.06 | best: 1162.37 | KL: 9.296e-02 | std: 0.1222 | rollout: 5.295s | update: 0.222s | total: 5.516s | samples/s: 11602
Iteration 0901 | train reward: 987.13 | best: 1162.37 | KL: 9.384e-02 | std: 0.1213 | rollout: 5.381s | update: 0.196s | total: 5.577s | samples/s: 11476
Iteration 0902 | train reward: 997.03 | best: 1162.37 | KL: 9.091e-02 | std: 0.1224 | rollout: 5.105s | update: 0.194s | total: 5.299s | samples/s: 12079
Iteration 0903 | train reward: 1013.32 | best: 1162.37 | KL: 8.207e-02 | std: 0.1224 | rollout: 5.045s | update: 0.149s | total: 5.194s | samples/s: 12323
Iteration 0904 | train reward: 1005.39 | best: 1162.37 | KL: 1.025e-01 | std: 0.1229 | rollout: 5.275s | update: 0.158s | total: 5.433s | samples/s: 11779
Iteration 0905 | train reward: 1021.18 | best: 1162.37 | KL: 7.554e-02 | std: 0.1216 | rollout: 5.188s | update: 0.349s | total: 5.537s | samples/s: 11559
Iteration 0906 | train reward: 972.36 | best: 1162.37 | KL: 7.174e-02 | std: 0.1209 | rollout: 5.252s | update: 0.229s | total: 5.481s | samples/s: 11677
Iteration 0907 | train reward: 1006.12 | best: 1162.37 | KL: 8.490e-02 | std: 0.1204 | rollout: 5.214s | update: 0.261s | total: 5.475s | samples/s: 11689
Iteration 0908 | train reward: 1010.67 | best: 1162.37 | KL: 8.483e-02 | std: 0.1200 | rollout: 5.203s | update: 0.192s | total: 5.395s | samples/s: 11862
Iteration 0909 | train reward: 990.48 | best: 1162.37 | KL: 8.510e-02 | std: 0.1198 | rollout: 5.310s | update: 0.196s | total: 5.506s | samples/s: 11623
Iteration 0910 | train reward: 1007.30 | best: 1162.37 | KL: 7.241e-02 | std: 0.1192 | rollout: 4.934s | update: 0.157s | total: 5.091s | samples/s: 12570
Iteration 0911 | train reward: 1007.62 | best: 1162.37 | KL: 8.994e-02 | std: 0.1187 | rollout: 5.036s | update: 0.152s | total: 5.188s | samples/s: 12335
Iteration 0912 | train reward: 1017.86 | best: 1162.37 | KL: 8.816e-02 | std: 0.1189 | rollout: 5.099s | update: 0.157s | total: 5.257s | samples/s: 12175
Iteration 0913 | train reward: 1015.91 | best: 1162.37 | KL: 8.306e-02 | std: 0.1187 | rollout: 5.265s | update: 0.229s | total: 5.493s | samples/s: 11650
Iteration 0914 | train reward: 1029.92 | best: 1162.37 | KL: 7.929e-02 | std: 0.1189 | rollout: 5.132s | update: 0.159s | total: 5.291s | samples/s: 12095
Iteration 0915 | train reward: 1027.28 | best: 1162.37 | KL: 7.072e-02 | std: 0.1184 | rollout: 5.119s | update: 0.170s | total: 5.289s | samples/s: 12100
Iteration 0916 | train reward: 1038.37 | best: 1162.37 | KL: 7.325e-02 | std: 0.1191 | rollout: 5.065s | update: 0.142s | total: 5.206s | samples/s: 12293
Iteration 0917 | train reward: 1039.93 | best: 1162.37 | KL: 7.520e-02 | std: 0.1198 | rollout: 5.058s | update: 0.144s | total: 5.202s | samples/s: 12303
Iteration 0918 | train reward: 1037.59 | best: 1162.37 | KL: 8.319e-02 | std: 0.1204 | rollout: 5.071s | update: 0.154s | total: 5.225s | samples/s: 12249
Iteration 0919 | train reward: 1008.95 | best: 1162.37 | KL: 9.416e-02 | std: 0.1209 | rollout: 4.967s | update: 0.176s | total: 5.142s | samples/s: 12446
Iteration 0920 | train reward: 1007.35 | best: 1162.37 | KL: 8.308e-02 | std: 0.1207 | rollout: 5.292s | update: 0.152s | total: 5.443s | samples/s: 11757
Iteration 0921 | train reward: 1027.79 | best: 1162.37 | KL: 8.528e-02 | std: 0.1211 | rollout: 5.137s | update: 0.156s | total: 5.292s | samples/s: 12093
Iteration 0922 | train reward: 991.56 | best: 1162.37 | KL: 8.497e-02 | std: 0.1196 | rollout: 4.916s | update: 0.158s | total: 5.074s | samples/s: 12613
Iteration 0923 | train reward: 1024.55 | best: 1162.37 | KL: 9.204e-02 | std: 0.1191 | rollout: 5.112s | update: 0.159s | total: 5.272s | samples/s: 12140
Iteration 0924 | train reward: 1001.40 | best: 1162.37 | KL: 8.753e-02 | std: 0.1190 | rollout: 4.896s | update: 0.157s | total: 5.053s | samples/s: 12666
Iteration 0925 | train reward: 1023.14 | best: 1162.37 | KL: 8.291e-02 | std: 0.1183 | rollout: 5.094s | update: 0.214s | total: 5.308s | samples/s: 12057
Iteration 0926 | train reward: 1012.60 | best: 1162.37 | KL: 7.371e-02 | std: 0.1174 | rollout: 5.173s | update: 0.169s | total: 5.342s | samples/s: 11980
Iteration 0927 | train reward: 1008.83 | best: 1162.37 | KL: 7.563e-02 | std: 0.1179 | rollout: 4.895s | update: 0.157s | total: 5.051s | samples/s: 12670
Iteration 0928 | train reward: 996.82 | best: 1162.37 | KL: 1.148e-01 | std: 0.1179 | rollout: 4.964s | update: 0.159s | total: 5.123s | samples/s: 12493
Iteration 0929 | train reward: 1013.82 | best: 1162.37 | KL: 8.703e-02 | std: 0.1181 | rollout: 5.082s | update: 0.154s | total: 5.235s | samples/s: 12225
Iteration 0930 | train reward: 996.04 | best: 1162.37 | KL: 6.905e-02 | std: 0.1178 | rollout: 5.155s | update: 0.159s | total: 5.314s | samples/s: 12043
Iteration 0931 | train reward: 1016.02 | best: 1162.37 | KL: 7.623e-02 | std: 0.1179 | rollout: 5.086s | update: 0.147s | total: 5.233s | samples/s: 12229
Iteration 0932 | train reward: 1022.93 | best: 1162.37 | KL: 8.576e-02 | std: 0.1185 | rollout: 5.192s | update: 0.227s | total: 5.419s | samples/s: 11809
Iteration 0933 | train reward: 1022.43 | best: 1162.37 | KL: 8.620e-02 | std: 0.1196 | rollout: 5.019s | update: 0.259s | total: 5.278s | samples/s: 12126
Iteration 0934 | train reward: 1023.34 | best: 1162.37 | KL: 7.587e-02 | std: 0.1192 | rollout: 5.202s | update: 0.150s | total: 5.352s | samples/s: 11958
Iteration 0935 | train reward: 1019.60 | best: 1162.37 | KL: 8.246e-02 | std: 0.1189 | rollout: 5.080s | update: 0.155s | total: 5.235s | samples/s: 12225
Iteration 0936 | train reward: 1034.60 | best: 1162.37 | KL: 7.819e-02 | std: 0.1191 | rollout: 5.096s | update: 0.163s | total: 5.258s | samples/s: 12171
Iteration 0937 | train reward: 1022.21 | best: 1162.37 | KL: 9.314e-02 | std: 0.1187 | rollout: 5.083s | update: 0.171s | total: 5.254s | samples/s: 12180
Iteration 0938 | train reward: 1024.18 | best: 1162.37 | KL: 7.700e-02 | std: 0.1185 | rollout: 5.040s | update: 0.151s | total: 5.191s | samples/s: 12328
Iteration 0939 | train reward: 1047.99 | best: 1162.37 | KL: 9.168e-02 | std: 0.1189 | rollout: 5.324s | update: 0.185s | total: 5.509s | samples/s: 11617
Iteration 0940 | train reward: 1042.56 | best: 1162.37 | KL: 7.449e-02 | std: 0.1197 | rollout: 5.020s | update: 0.162s | total: 5.182s | samples/s: 12351
Iteration 0941 | train reward: 1015.72 | best: 1162.37 | KL: 8.194e-02 | std: 0.1203 | rollout: 4.973s | update: 0.162s | total: 5.136s | samples/s: 12461
Iteration 0942 | train reward: 1042.27 | best: 1162.37 | KL: 8.256e-02 | std: 0.1191 | rollout: 5.094s | update: 0.262s | total: 5.356s | samples/s: 11949
Iteration 0943 | train reward: 1003.12 | best: 1162.37 | KL: 8.572e-02 | std: 0.1180 | rollout: 5.191s | update: 0.165s | total: 5.356s | samples/s: 11949
Iteration 0944 | train reward: 1030.37 | best: 1162.37 | KL: 7.901e-02 | std: 0.1172 | rollout: 5.103s | update: 0.219s | total: 5.322s | samples/s: 12026
Iteration 0945 | train reward: 1034.08 | best: 1162.37 | KL: 8.660e-02 | std: 0.1168 | rollout: 5.095s | update: 0.156s | total: 5.250s | samples/s: 12190
Iteration 0946 | train reward: 1033.67 | best: 1162.37 | KL: 8.286e-02 | std: 0.1183 | rollout: 5.174s | update: 0.158s | total: 5.333s | samples/s: 12001
Iteration 0947 | train reward: 1044.84 | best: 1162.37 | KL: 7.422e-02 | std: 0.1191 | rollout: 4.946s | update: 0.162s | total: 5.108s | samples/s: 12528
Iteration 0948 | train reward: 1049.77 | best: 1162.37 | KL: 8.248e-02 | std: 0.1187 | rollout: 4.980s | update: 0.159s | total: 5.139s | samples/s: 12454
Iteration 0949 | train reward: 1040.32 | best: 1162.37 | KL: 7.677e-02 | std: 0.1180 | rollout: 4.974s | update: 0.151s | total: 5.124s | samples/s: 12489
Iteration 0950 | train reward: 1038.65 | best: 1162.37 | KL: 7.691e-02 | std: 0.1174 | rollout: 4.960s | update: 0.160s | total: 5.120s | samples/s: 12500
Iteration 0951 | train reward: 1016.46 | best: 1162.37 | KL: 8.545e-02 | std: 0.1172 | rollout: 5.074s | update: 0.162s | total: 5.236s | samples/s: 12224
Iteration 0952 | train reward: 1042.41 | best: 1162.37 | KL: 7.480e-02 | std: 0.1172 | rollout: 5.067s | update: 0.167s | total: 5.235s | samples/s: 12226
Iteration 0953 | train reward: 1017.49 | best: 1162.37 | KL: 1.006e-01 | std: 0.1179 | rollout: 5.202s | update: 0.164s | total: 5.366s | samples/s: 11927
Iteration 0954 | train reward: 1043.35 | best: 1162.37 | KL: 8.039e-02 | std: 0.1172 | rollout: 5.417s | update: 0.355s | total: 5.772s | samples/s: 11089
Iteration 0955 | train reward: 1031.08 | best: 1162.37 | KL: 1.111e-01 | std: 0.1161 | rollout: 5.156s | update: 0.249s | total: 5.405s | samples/s: 11841
Iteration 0956 | train reward: 1048.38 | best: 1162.37 | KL: 7.065e-02 | std: 0.1153 | rollout: 4.910s | update: 0.158s | total: 5.069s | samples/s: 12626
Iteration 0957 | train reward: 1027.93 | best: 1162.37 | KL: 8.023e-02 | std: 0.1168 | rollout: 5.527s | update: 0.160s | total: 5.687s | samples/s: 11254
Iteration 0958 | train reward: 1034.91 | best: 1162.37 | KL: 8.119e-02 | std: 0.1172 | rollout: 5.317s | update: 0.200s | total: 5.517s | samples/s: 11600
Iteration 0959 | train reward: 1034.90 | best: 1162.37 | KL: 5.594e-02 | std: 0.1172 | rollout: 5.069s | update: 0.210s | total: 5.279s | samples/s: 12123
Iteration 0960 | train reward: 1043.13 | best: 1162.37 | KL: 7.607e-02 | std: 0.1180 | rollout: 4.860s | update: 0.155s | total: 5.015s | samples/s: 12761
Iteration 0961 | train reward: 1029.00 | best: 1162.37 | KL: 8.609e-02 | std: 0.1191 | rollout: 4.968s | update: 0.172s | total: 5.140s | samples/s: 12452
Iteration 0962 | train reward: 1014.26 | best: 1162.37 | KL: 1.209e-01 | std: 0.1187 | rollout: 5.375s | update: 0.160s | total: 5.535s | samples/s: 11563
Iteration 0963 | train reward: 1016.17 | best: 1162.37 | KL: 7.095e-02 | std: 0.1176 | rollout: 5.228s | update: 0.165s | total: 5.392s | samples/s: 11868
Iteration 0964 | train reward: 998.73 | best: 1162.37 | KL: 7.452e-02 | std: 0.1170 | rollout: 5.128s | update: 0.248s | total: 5.376s | samples/s: 11906
Iteration 0965 | train reward: 1014.10 | best: 1162.37 | KL: 7.071e-02 | std: 0.1171 | rollout: 5.084s | update: 0.177s | total: 5.262s | samples/s: 12164
Iteration 0966 | train reward: 1001.69 | best: 1162.37 | KL: 6.481e-02 | std: 0.1174 | rollout: 5.395s | update: 0.151s | total: 5.546s | samples/s: 11540
Iteration 0967 | train reward: 1009.10 | best: 1162.37 | KL: 6.382e-02 | std: 0.1178 | rollout: 5.180s | update: 0.158s | total: 5.338s | samples/s: 11989
Iteration 0968 | train reward: 1010.02 | best: 1162.37 | KL: 5.862e-02 | std: 0.1178 | rollout: 4.963s | update: 0.157s | total: 5.120s | samples/s: 12501
Iteration 0969 | train reward: 1012.73 | best: 1162.37 | KL: 6.295e-02 | std: 0.1178 | rollout: 5.040s | update: 0.146s | total: 5.186s | samples/s: 12340
Iteration 0970 | train reward: 1010.49 | best: 1162.37 | KL: 6.871e-02 | std: 0.1172 | rollout: 5.128s | update: 0.154s | total: 5.282s | samples/s: 12116
Iteration 0971 | train reward: 1016.09 | best: 1162.37 | KL: 6.231e-02 | std: 0.1178 | rollout: 5.747s | update: 0.238s | total: 5.985s | samples/s: 10693
Iteration 0972 | train reward: 1008.37 | best: 1162.37 | KL: 6.708e-02 | std: 0.1184 | rollout: 6.197s | update: 0.168s | total: 6.365s | samples/s: 10055
Iteration 0973 | train reward: 1009.86 | best: 1162.37 | KL: 1.485e-01 | std: 0.1183 | rollout: 5.510s | update: 0.230s | total: 5.740s | samples/s: 11151
Iteration 0974 | train reward: 1030.63 | best: 1162.37 | KL: 8.321e-02 | std: 0.1171 | rollout: 4.769s | update: 0.151s | total: 4.920s | samples/s: 13008
Iteration 0975 | train reward: 1018.85 | best: 1162.37 | KL: 6.892e-02 | std: 0.1168 | rollout: 5.229s | update: 0.169s | total: 5.398s | samples/s: 11857
Iteration 0976 | train reward: 1002.58 | best: 1162.37 | KL: 8.593e-02 | std: 0.1161 | rollout: 4.965s | update: 0.170s | total: 5.135s | samples/s: 12463
Iteration 0977 | train reward: 1028.85 | best: 1162.37 | KL: 6.044e-02 | std: 0.1164 | rollout: 5.579s | update: 0.357s | total: 5.936s | samples/s: 10782
Iteration 0978 | train reward: 1013.09 | best: 1162.37 | KL: 8.637e-02 | std: 0.1163 | rollout: 5.143s | update: 0.184s | total: 5.327s | samples/s: 12014
Iteration 0979 | train reward: 1019.13 | best: 1162.37 | KL: 7.234e-02 | std: 0.1164 | rollout: 5.101s | update: 0.207s | total: 5.308s | samples/s: 12058
Iteration 0980 | train reward: 1019.96 | best: 1162.37 | KL: 5.725e-02 | std: 0.1159 | rollout: 5.242s | update: 0.161s | total: 5.403s | samples/s: 11846
Iteration 0981 | train reward: 1024.76 | best: 1162.37 | KL: 7.728e-02 | std: 0.1158 | rollout: 5.222s | update: 0.159s | total: 5.382s | samples/s: 11892
Iteration 0982 | train reward: 1015.09 | best: 1162.37 | KL: 8.194e-02 | std: 0.1174 | rollout: 5.077s | update: 0.159s | total: 5.236s | samples/s: 12223
Iteration 0983 | train reward: 1013.39 | best: 1162.37 | KL: 8.147e-02 | std: 0.1178 | rollout: 5.268s | update: 0.159s | total: 5.427s | samples/s: 11793
Iteration 0984 | train reward: 1011.42 | best: 1162.37 | KL: 5.731e-02 | std: 0.1171 | rollout: 5.153s | update: 0.161s | total: 5.314s | samples/s: 12044
Iteration 0985 | train reward: 1001.65 | best: 1162.37 | KL: 8.551e-02 | std: 0.1181 | rollout: 5.181s | update: 0.160s | total: 5.341s | samples/s: 11984
Iteration 0986 | train reward: 1020.09 | best: 1162.37 | KL: 6.744e-02 | std: 0.1183 | rollout: 5.074s | update: 0.163s | total: 5.237s | samples/s: 12221
Iteration 0987 | train reward: 1020.60 | best: 1162.37 | KL: 7.680e-02 | std: 0.1194 | rollout: 5.138s | update: 0.184s | total: 5.321s | samples/s: 12027
Iteration 0988 | train reward: 1012.46 | best: 1162.37 | KL: 9.437e-02 | std: 0.1179 | rollout: 5.099s | update: 0.154s | total: 5.253s | samples/s: 12184
Iteration 0989 | train reward: 1021.92 | best: 1162.37 | KL: 6.594e-02 | std: 0.1172 | rollout: 4.934s | update: 0.162s | total: 5.096s | samples/s: 12559
Iteration 0990 | train reward: 1036.16 | best: 1162.37 | KL: 6.963e-02 | std: 0.1181 | rollout: 5.113s | update: 0.164s | total: 5.277s | samples/s: 12128
Iteration 0991 | train reward: 991.97 | best: 1162.37 | KL: 1.713e-01 | std: 0.1187 | rollout: 4.968s | update: 0.196s | total: 5.164s | samples/s: 12394
Iteration 0992 | train reward: 1020.50 | best: 1162.37 | KL: 6.788e-02 | std: 0.1183 | rollout: 5.000s | update: 0.162s | total: 5.162s | samples/s: 12397
Iteration 0993 | train reward: 1037.77 | best: 1162.37 | KL: 7.496e-02 | std: 0.1184 | rollout: 5.155s | update: 0.166s | total: 5.321s | samples/s: 12027
Iteration 0994 | train reward: 1019.11 | best: 1162.37 | KL: 8.656e-02 | std: 0.1185 | rollout: 5.028s | update: 0.161s | total: 5.189s | samples/s: 12333
Iteration 0995 | train reward: 1038.64 | best: 1162.37 | KL: 1.118e-01 | std: 0.1183 | rollout: 4.952s | update: 0.166s | total: 5.118s | samples/s: 12504
Iteration 0996 | train reward: 1022.61 | best: 1162.37 | KL: 2.081e-01 | std: 0.1187 | rollout: 5.023s | update: 0.153s | total: 5.176s | samples/s: 12365
Iteration 0997 | train reward: 1008.80 | best: 1162.37 | KL: 1.008e-01 | std: 0.1171 | rollout: 5.111s | update: 0.155s | total: 5.265s | samples/s: 12155
Iteration 0998 | train reward: 1022.86 | best: 1162.37 | KL: 5.296e-02 | std: 0.1178 | rollout: 5.167s | update: 0.169s | total: 5.336s | samples/s: 11994
Iteration 0999 | train reward: 1025.03 | best: 1162.37 | KL: 7.469e-02 | std: 0.1174 | rollout: 5.021s | update: 0.165s | total: 5.186s | samples/s: 12341
Iteration 1000 | train reward: 1020.42 | best: 1162.37 | KL: 7.102e-02 | std: 0.1171 | rollout: 4.922s | update: 0.216s | total: 5.138s | samples/s: 12456
Iteration 1001 | train reward: 1000.30 | best: 1162.37 | KL: 7.637e-02 | std: 0.1183 | rollout: 4.839s | update: 0.171s | total: 5.010s | samples/s: 12775
Iteration 1002 | train reward: 1008.93 | best: 1162.37 | KL: 6.656e-02 | std: 0.1200 | rollout: 5.027s | update: 0.170s | total: 5.197s | samples/s: 12315
Iteration 1003 | train reward: 998.36 | best: 1162.37 | KL: 1.049e-01 | std: 0.1202 | rollout: 4.821s | update: 0.161s | total: 4.982s | samples/s: 12847
Iteration 1004 | train reward: 1007.19 | best: 1162.37 | KL: 6.829e-02 | std: 0.1200 | rollout: 5.228s | update: 0.149s | total: 5.376s | samples/s: 11904
Iteration 1005 | train reward: 1007.83 | best: 1162.37 | KL: 7.254e-02 | std: 0.1202 | rollout: 5.121s | update: 0.166s | total: 5.287s | samples/s: 12106
Iteration 1006 | train reward: 1006.90 | best: 1162.37 | KL: 7.258e-02 | std: 0.1204 | rollout: 5.052s | update: 0.150s | total: 5.202s | samples/s: 12303
Iteration 1007 | train reward: 1009.90 | best: 1162.37 | KL: 5.961e-02 | std: 0.1211 | rollout: 5.079s | update: 0.159s | total: 5.238s | samples/s: 12218
Iteration 1008 | train reward: 1002.92 | best: 1162.37 | KL: 6.119e-02 | std: 0.1213 | rollout: 5.248s | update: 0.169s | total: 5.417s | samples/s: 11815
Iteration 1009 | train reward: 998.40 | best: 1162.37 | KL: 7.656e-02 | std: 0.1213 | rollout: 5.190s | update: 0.159s | total: 5.349s | samples/s: 11966
Iteration 1010 | train reward: 1007.53 | best: 1162.37 | KL: 7.457e-02 | std: 0.1220 | rollout: 4.937s | update: 0.160s | total: 5.097s | samples/s: 12557
Iteration 1011 | train reward: 1011.62 | best: 1162.37 | KL: 5.458e-02 | std: 0.1211 | rollout: 5.245s | update: 0.165s | total: 5.411s | samples/s: 11828
Iteration 1012 | train reward: 985.01 | best: 1162.37 | KL: 7.054e-02 | std: 0.1217 | rollout: 5.183s | update: 0.223s | total: 5.406s | samples/s: 11838
Iteration 1013 | train reward: 1006.97 | best: 1162.37 | KL: 7.563e-02 | std: 0.1218 | rollout: 5.572s | update: 0.329s | total: 5.902s | samples/s: 10844
Iteration 1014 | train reward: 992.42 | best: 1162.37 | KL: 8.453e-02 | std: 0.1218 | rollout: 5.606s | update: 0.172s | total: 5.778s | samples/s: 11077
Iteration 1015 | train reward: 1004.73 | best: 1162.37 | KL: 6.210e-02 | std: 0.1218 | rollout: 5.356s | update: 0.157s | total: 5.513s | samples/s: 11610
Iteration 1016 | train reward: 991.64 | best: 1162.37 | KL: 7.271e-02 | std: 0.1233 | rollout: 5.150s | update: 0.165s | total: 5.316s | samples/s: 12039
Iteration 1017 | train reward: 972.44 | best: 1162.37 | KL: 8.289e-02 | std: 0.1233 | rollout: 4.973s | update: 0.164s | total: 5.137s | samples/s: 12459
Iteration 1018 | train reward: 1005.08 | best: 1162.37 | KL: 2.790e-01 | std: 0.1228 | rollout: 5.230s | update: 0.184s | total: 5.414s | samples/s: 11820
Iteration 1019 | train reward: 1002.57 | best: 1162.37 | KL: 6.210e-02 | std: 0.1228 | rollout: 5.226s | update: 0.176s | total: 5.402s | samples/s: 11846
Iteration 1020 | train reward: 1006.77 | best: 1162.37 | KL: 6.332e-02 | std: 0.1230 | rollout: 4.708s | update: 0.165s | total: 4.873s | samples/s: 13134
Iteration 1021 | train reward: 984.99 | best: 1162.37 | KL: 6.158e-02 | std: 0.1224 | rollout: 4.963s | update: 0.204s | total: 5.167s | samples/s: 12387
Iteration 1022 | train reward: 1004.56 | best: 1162.37 | KL: 7.432e-02 | std: 0.1241 | rollout: 5.205s | update: 0.154s | total: 5.359s | samples/s: 11943
Iteration 1023 | train reward: 984.77 | best: 1162.37 | KL: 6.609e-02 | std: 0.1236 | rollout: 5.098s | update: 0.146s | total: 5.244s | samples/s: 12205
Iteration 1024 | train reward: 980.78 | best: 1162.37 | KL: 1.188e-01 | std: 0.1239 | rollout: 5.150s | update: 0.146s | total: 5.297s | samples/s: 12083
Iteration 1025 | train reward: 963.21 | best: 1162.37 | KL: 7.267e-02 | std: 0.1250 | rollout: 5.116s | update: 0.142s | total: 5.258s | samples/s: 12173
Iteration 1026 | train reward: 973.10 | best: 1162.37 | KL: 7.487e-02 | std: 0.1254 | rollout: 5.313s | update: 0.149s | total: 5.462s | samples/s: 11717
Iteration 1027 | train reward: 963.17 | best: 1162.37 | KL: 8.056e-02 | std: 0.1252 | rollout: 5.224s | update: 0.198s | total: 5.421s | samples/s: 11805
Iteration 1028 | train reward: 945.59 | best: 1162.37 | KL: 1.212e-01 | std: 0.1250 | rollout: 5.391s | update: 0.152s | total: 5.543s | samples/s: 11546
Iteration 1029 | train reward: 934.35 | best: 1162.37 | KL: 1.228e-01 | std: 0.1252 | rollout: 5.010s | update: 0.153s | total: 5.164s | samples/s: 12394
Iteration 1030 | train reward: 900.94 | best: 1162.37 | KL: 1.800e-01 | std: 0.1256 | rollout: 5.291s | update: 0.157s | total: 5.448s | samples/s: 11747
Iteration 1031 | train reward: 891.33 | best: 1162.37 | KL: 1.094e-01 | std: 0.1250 | rollout: 5.082s | update: 0.165s | total: 5.247s | samples/s: 12198
Iteration 1032 | train reward: 867.12 | best: 1162.37 | KL: 1.054e-01 | std: 0.1249 | rollout: 4.990s | update: 0.163s | total: 5.153s | samples/s: 12420
Iteration 1033 | train reward: 920.33 | best: 1162.37 | KL: 1.007e-01 | std: 0.1231 | rollout: 5.032s | update: 0.162s | total: 5.194s | samples/s: 12323
Iteration 1034 | train reward: 922.87 | best: 1162.37 | KL: 1.135e-01 | std: 0.1237 | rollout: 5.002s | update: 0.152s | total: 5.154s | samples/s: 12417
Iteration 1035 | train reward: 937.23 | best: 1162.37 | KL: 7.873e-02 | std: 0.1237 | rollout: 5.085s | update: 0.214s | total: 5.299s | samples/s: 12078
Iteration 1036 | train reward: 922.86 | best: 1162.37 | KL: 9.038e-02 | std: 0.1222 | rollout: 5.127s | update: 0.157s | total: 5.284s | samples/s: 12112
Iteration 1037 | train reward: 905.78 | best: 1162.37 | KL: 7.116e-02 | std: 0.1222 | rollout: 5.144s | update: 0.162s | total: 5.306s | samples/s: 12061
Iteration 1038 | train reward: 930.55 | best: 1162.37 | KL: 7.445e-02 | std: 0.1216 | rollout: 5.115s | update: 0.151s | total: 5.266s | samples/s: 12153
Iteration 1039 | train reward: 918.71 | best: 1162.37 | KL: 7.697e-02 | std: 0.1216 | rollout: 5.036s | update: 0.191s | total: 5.227s | samples/s: 12243
Iteration 1040 | train reward: 894.44 | best: 1162.37 | KL: 1.269e-01 | std: 0.1222 | rollout: 5.010s | update: 0.212s | total: 5.222s | samples/s: 12255
Iteration 1041 | train reward: 886.63 | best: 1162.37 | KL: 1.077e-01 | std: 0.1231 | rollout: 5.067s | update: 0.156s | total: 5.223s | samples/s: 12254
Iteration 1042 | train reward: 882.10 | best: 1162.37 | KL: 1.030e-01 | std: 0.1235 | rollout: 5.026s | update: 0.166s | total: 5.192s | samples/s: 12327
Iteration 1043 | train reward: 906.89 | best: 1162.37 | KL: 1.028e-01 | std: 0.1235 | rollout: 5.107s | update: 0.160s | total: 5.267s | samples/s: 12151
Iteration 1044 | train reward: 945.97 | best: 1162.37 | KL: 8.880e-02 | std: 0.1228 | rollout: 5.237s | update: 0.160s | total: 5.397s | samples/s: 11859
Iteration 1045 | train reward: 964.62 | best: 1162.37 | KL: 8.709e-02 | std: 0.1224 | rollout: 4.919s | update: 0.151s | total: 5.070s | samples/s: 12623
Iteration 1046 | train reward: 950.34 | best: 1162.37 | KL: 9.164e-02 | std: 0.1222 | rollout: 5.044s | update: 0.162s | total: 5.205s | samples/s: 12295
Iteration 1047 | train reward: 939.28 | best: 1162.37 | KL: 8.963e-02 | std: 0.1218 | rollout: 5.105s | update: 0.154s | total: 5.259s | samples/s: 12169
Iteration 1048 | train reward: 948.79 | best: 1162.37 | KL: 9.447e-02 | std: 0.1230 | rollout: 5.027s | update: 0.163s | total: 5.191s | samples/s: 12330
Iteration 1049 | train reward: 968.85 | best: 1162.37 | KL: 1.002e-01 | std: 0.1217 | rollout: 5.060s | update: 0.163s | total: 5.223s | samples/s: 12254
Iteration 1050 | train reward: 979.89 | best: 1162.37 | KL: 1.099e-01 | std: 0.1220 | rollout: 5.207s | update: 0.175s | total: 5.382s | samples/s: 11891
Iteration 1051 | train reward: 975.54 | best: 1162.37 | KL: 6.083e-02 | std: 0.1235 | rollout: 5.369s | update: 0.231s | total: 5.600s | samples/s: 11429
Iteration 1052 | train reward: 970.92 | best: 1162.37 | KL: 9.179e-02 | std: 0.1223 | rollout: 5.594s | update: 0.217s | total: 5.811s | samples/s: 11014
Iteration 1053 | train reward: 975.47 | best: 1162.37 | KL: 7.850e-02 | std: 0.1220 | rollout: 5.473s | update: 0.226s | total: 5.699s | samples/s: 11231
Iteration 1054 | train reward: 986.43 | best: 1162.37 | KL: 5.705e-02 | std: 0.1218 | rollout: 5.324s | update: 0.201s | total: 5.525s | samples/s: 11584
Iteration 1055 | train reward: 967.83 | best: 1162.37 | KL: 7.631e-02 | std: 0.1218 | rollout: 5.120s | update: 0.292s | total: 5.411s | samples/s: 11827
Iteration 1056 | train reward: 927.68 | best: 1162.37 | KL: 8.444e-02 | std: 0.1226 | rollout: 5.037s | update: 0.269s | total: 5.306s | samples/s: 12063
Iteration 1057 | train reward: 989.57 | best: 1162.37 | KL: 4.042e-01 | std: 0.1217 | rollout: 5.237s | update: 0.174s | total: 5.410s | samples/s: 11829
Iteration 1058 | train reward: 963.10 | best: 1162.37 | KL: 6.254e-02 | std: 0.1213 | rollout: 5.039s | update: 0.152s | total: 5.190s | samples/s: 12330
Iteration 1059 | train reward: 921.57 | best: 1162.37 | KL: 9.579e-02 | std: 0.1213 | rollout: 5.114s | update: 0.148s | total: 5.262s | samples/s: 12162
Iteration 1060 | train reward: 952.63 | best: 1162.37 | KL: 6.697e-02 | std: 0.1202 | rollout: 5.109s | update: 0.184s | total: 5.293s | samples/s: 12092
Iteration 1061 | train reward: 927.52 | best: 1162.37 | KL: 8.774e-02 | std: 0.1200 | rollout: 5.167s | update: 0.155s | total: 5.322s | samples/s: 12025
Iteration 1062 | train reward: 948.31 | best: 1162.37 | KL: 1.084e-01 | std: 0.1211 | rollout: 5.043s | update: 0.163s | total: 5.206s | samples/s: 12293
Iteration 1063 | train reward: 885.64 | best: 1162.37 | KL: 9.332e-02 | std: 0.1215 | rollout: 5.121s | update: 0.163s | total: 5.284s | samples/s: 12112
Iteration 1064 | train reward: 886.08 | best: 1162.37 | KL: 8.469e-02 | std: 0.1213 | rollout: 5.162s | update: 0.187s | total: 5.349s | samples/s: 11965
Iteration 1065 | train reward: 891.35 | best: 1162.37 | KL: 8.305e-02 | std: 0.1224 | rollout: 5.035s | update: 0.272s | total: 5.307s | samples/s: 12059
Iteration 1066 | train reward: 885.02 | best: 1162.37 | KL: 8.105e-02 | std: 0.1224 | rollout: 4.976s | update: 0.161s | total: 5.137s | samples/s: 12458
Iteration 1067 | train reward: 883.50 | best: 1162.37 | KL: 6.236e-02 | std: 0.1224 | rollout: 5.213s | update: 0.154s | total: 5.367s | samples/s: 11925
Iteration 1068 | train reward: 874.06 | best: 1162.37 | KL: 8.658e-02 | std: 0.1231 | rollout: 5.054s | update: 0.215s | total: 5.269s | samples/s: 12147
Iteration 1069 | train reward: 897.02 | best: 1162.37 | KL: 5.032e-02 | std: 0.1223 | rollout: 4.818s | update: 0.188s | total: 5.006s | samples/s: 12786
Iteration 1070 | train reward: 893.99 | best: 1162.37 | KL: 6.683e-02 | std: 0.1224 | rollout: 5.666s | update: 0.164s | total: 5.830s | samples/s: 10978
Iteration 1071 | train reward: 898.07 | best: 1162.37 | KL: 5.142e-02 | std: 0.1231 | rollout: 5.227s | update: 0.211s | total: 5.438s | samples/s: 11770
Iteration 1072 | train reward: 897.31 | best: 1162.37 | KL: 4.193e-02 | std: 0.1235 | rollout: 5.275s | update: 0.243s | total: 5.518s | samples/s: 11599
Iteration 1073 | train reward: 896.08 | best: 1162.37 | KL: 4.519e-02 | std: 0.1226 | rollout: 5.084s | update: 0.217s | total: 5.301s | samples/s: 12074
Iteration 1074 | train reward: 885.05 | best: 1162.37 | KL: 1.027e-01 | std: 0.1228 | rollout: 4.997s | update: 0.170s | total: 5.167s | samples/s: 12387
Iteration 1075 | train reward: 911.04 | best: 1162.37 | KL: 6.722e-02 | std: 0.1224 | rollout: 5.277s | update: 0.160s | total: 5.437s | samples/s: 11772
Iteration 1076 | train reward: 889.40 | best: 1162.37 | KL: 7.914e-02 | std: 0.1205 | rollout: 5.239s | update: 0.150s | total: 5.389s | samples/s: 11875
Iteration 1077 | train reward: 924.99 | best: 1162.37 | KL: 5.993e-02 | std: 0.1200 | rollout: 5.163s | update: 0.177s | total: 5.340s | samples/s: 11985
Iteration 1078 | train reward: 926.67 | best: 1162.37 | KL: 6.041e-02 | std: 0.1193 | rollout: 5.161s | update: 0.166s | total: 5.327s | samples/s: 12015
Iteration 1079 | train reward: 920.45 | best: 1162.37 | KL: 7.308e-02 | std: 0.1197 | rollout: 5.118s | update: 0.156s | total: 5.274s | samples/s: 12134
Iteration 1080 | train reward: 900.20 | best: 1162.37 | KL: 2.323e-01 | std: 0.1191 | rollout: 5.261s | update: 0.183s | total: 5.444s | samples/s: 11756
Iteration 1081 | train reward: 935.21 | best: 1162.37 | KL: 7.096e-02 | std: 0.1180 | rollout: 5.412s | update: 0.182s | total: 5.594s | samples/s: 11441
Iteration 1082 | train reward: 907.31 | best: 1162.37 | KL: 8.273e-02 | std: 0.1172 | rollout: 5.209s | update: 0.152s | total: 5.361s | samples/s: 11938
Iteration 1083 | train reward: 926.17 | best: 1162.37 | KL: 8.853e-02 | std: 0.1183 | rollout: 5.039s | update: 0.198s | total: 5.237s | samples/s: 12221
Iteration 1084 | train reward: 921.06 | best: 1162.37 | KL: 1.383e-01 | std: 0.1159 | rollout: 5.032s | update: 0.164s | total: 5.196s | samples/s: 12317
Iteration 1085 | train reward: 933.69 | best: 1162.37 | KL: 9.394e-02 | std: 0.1163 | rollout: 5.300s | update: 0.184s | total: 5.483s | samples/s: 11671
Iteration 1086 | train reward: 957.79 | best: 1162.37 | KL: 6.520e-02 | std: 0.1152 | rollout: 5.191s | update: 0.153s | total: 5.344s | samples/s: 11976
Iteration 1087 | train reward: 945.38 | best: 1162.37 | KL: 1.031e-01 | std: 0.1152 | rollout: 5.120s | update: 0.151s | total: 5.271s | samples/s: 12142
Iteration 1088 | train reward: 975.60 | best: 1162.37 | KL: 5.177e-02 | std: 0.1144 | rollout: 4.922s | update: 0.158s | total: 5.080s | samples/s: 12598
Iteration 1089 | train reward: 972.88 | best: 1162.37 | KL: 6.134e-02 | std: 0.1148 | rollout: 5.262s | update: 0.241s | total: 5.503s | samples/s: 11630
Iteration 1090 | train reward: 953.10 | best: 1162.37 | KL: 8.348e-02 | std: 0.1157 | rollout: 5.184s | update: 0.156s | total: 5.339s | samples/s: 11986
Iteration 1091 | train reward: 961.41 | best: 1162.37 | KL: 3.837e-01 | std: 0.1155 | rollout: 5.059s | update: 0.269s | total: 5.328s | samples/s: 12011
Iteration 1092 | train reward: 986.01 | best: 1162.37 | KL: 7.506e-02 | std: 0.1150 | rollout: 5.153s | update: 0.229s | total: 5.382s | samples/s: 11891
Iteration 1093 | train reward: 992.38 | best: 1162.37 | KL: 6.099e-02 | std: 0.1146 | rollout: 5.043s | update: 0.207s | total: 5.250s | samples/s: 12191
Iteration 1094 | train reward: 989.74 | best: 1162.37 | KL: 6.054e-02 | std: 0.1141 | rollout: 4.946s | update: 0.159s | total: 5.105s | samples/s: 12538
Iteration 1095 | train reward: 959.15 | best: 1162.37 | KL: 1.074e-01 | std: 0.1139 | rollout: 5.244s | update: 0.155s | total: 5.399s | samples/s: 11854
Iteration 1096 | train reward: 987.49 | best: 1162.37 | KL: 5.518e-02 | std: 0.1137 | rollout: 5.396s | update: 0.163s | total: 5.560s | samples/s: 11511
Iteration 1097 | train reward: 973.19 | best: 1162.37 | KL: 7.824e-02 | std: 0.1137 | rollout: 5.290s | update: 0.170s | total: 5.460s | samples/s: 11722
Iteration 1098 | train reward: 983.07 | best: 1162.37 | KL: 6.214e-02 | std: 0.1145 | rollout: 5.000s | update: 0.165s | total: 5.166s | samples/s: 12390
Iteration 1099 | train reward: 963.36 | best: 1162.37 | KL: 8.935e-02 | std: 0.1146 | rollout: 4.874s | update: 0.171s | total: 5.045s | samples/s: 12687
Iteration 1100 | train reward: 962.96 | best: 1162.37 | KL: 1.278e-01 | std: 0.1137 | rollout: 5.261s | update: 0.160s | total: 5.421s | samples/s: 11805
Iteration 1101 | train reward: 989.22 | best: 1162.37 | KL: 5.786e-02 | std: 0.1139 | rollout: 5.168s | update: 0.171s | total: 5.339s | samples/s: 11988
Iteration 1102 | train reward: 995.45 | best: 1162.37 | KL: 6.122e-02 | std: 0.1142 | rollout: 5.051s | update: 0.225s | total: 5.276s | samples/s: 12130
Iteration 1103 | train reward: 980.18 | best: 1162.37 | KL: 1.186e-01 | std: 0.1126 | rollout: 5.028s | update: 0.167s | total: 5.195s | samples/s: 12320
Iteration 1104 | train reward: 990.10 | best: 1162.37 | KL: 6.935e-02 | std: 0.1126 | rollout: 5.228s | update: 0.165s | total: 5.392s | samples/s: 11869
Iteration 1105 | train reward: 994.32 | best: 1162.37 | KL: 8.364e-02 | std: 0.1126 | rollout: 5.239s | update: 0.285s | total: 5.524s | samples/s: 11586
Iteration 1106 | train reward: 999.38 | best: 1162.37 | KL: 5.269e-02 | std: 0.1131 | rollout: 5.010s | update: 0.156s | total: 5.166s | samples/s: 12388
Iteration 1107 | train reward: 960.56 | best: 1162.37 | KL: 9.908e-02 | std: 0.1124 | rollout: 5.185s | update: 0.159s | total: 5.343s | samples/s: 11977
Iteration 1108 | train reward: 1001.03 | best: 1162.37 | KL: 5.728e-02 | std: 0.1126 | rollout: 5.198s | update: 0.156s | total: 5.354s | samples/s: 11953
Iteration 1109 | train reward: 992.01 | best: 1162.37 | KL: 7.524e-02 | std: 0.1122 | rollout: 5.125s | update: 0.160s | total: 5.285s | samples/s: 12109
Iteration 1110 | train reward: 981.75 | best: 1162.37 | KL: 9.491e-02 | std: 0.1114 | rollout: 5.135s | update: 0.177s | total: 5.312s | samples/s: 12048
Iteration 1111 | train reward: 969.57 | best: 1162.37 | KL: 1.092e-01 | std: 0.1117 | rollout: 5.044s | update: 0.153s | total: 5.197s | samples/s: 12314
Iteration 1112 | train reward: 1002.80 | best: 1162.37 | KL: 8.042e-02 | std: 0.1115 | rollout: 5.302s | update: 0.176s | total: 5.478s | samples/s: 11683
Iteration 1113 | train reward: 976.42 | best: 1162.37 | KL: 1.127e-01 | std: 0.1122 | rollout: 5.057s | update: 0.153s | total: 5.210s | samples/s: 12284
Iteration 1114 | train reward: 986.97 | best: 1162.37 | KL: 1.017e-01 | std: 0.1133 | rollout: 5.128s | update: 0.158s | total: 5.286s | samples/s: 12108
Iteration 1115 | train reward: 984.40 | best: 1162.37 | KL: 7.595e-02 | std: 0.1133 | rollout: 5.285s | update: 0.178s | total: 5.463s | samples/s: 11716
Iteration 1116 | train reward: 976.09 | best: 1162.37 | KL: 7.928e-02 | std: 0.1122 | rollout: 5.202s | update: 0.266s | total: 5.468s | samples/s: 11704
Iteration 1117 | train reward: 982.92 | best: 1162.37 | KL: 7.958e-02 | std: 0.1111 | rollout: 5.076s | update: 0.159s | total: 5.234s | samples/s: 12227
Iteration 1118 | train reward: 991.38 | best: 1162.37 | KL: 7.224e-02 | std: 0.1105 | rollout: 5.222s | update: 0.163s | total: 5.385s | samples/s: 11884
Iteration 1119 | train reward: 956.85 | best: 1162.37 | KL: 9.502e-02 | std: 0.1098 | rollout: 5.011s | update: 0.164s | total: 5.175s | samples/s: 12367
Iteration 1120 | train reward: 971.22 | best: 1162.37 | KL: 1.498e-01 | std: 0.1098 | rollout: 5.033s | update: 0.157s | total: 5.190s | samples/s: 12331
Iteration 1121 | train reward: 998.60 | best: 1162.37 | KL: 5.281e-02 | std: 0.1090 | rollout: 5.122s | update: 0.174s | total: 5.296s | samples/s: 12085
Iteration 1122 | train reward: 991.60 | best: 1162.37 | KL: 6.585e-02 | std: 0.1088 | rollout: 5.235s | update: 0.149s | total: 5.384s | samples/s: 11887
Iteration 1123 | train reward: 991.59 | best: 1162.37 | KL: 8.190e-02 | std: 0.1087 | rollout: 5.159s | update: 0.239s | total: 5.398s | samples/s: 11856
Iteration 1124 | train reward: 993.83 | best: 1162.37 | KL: 7.394e-02 | std: 0.1081 | rollout: 5.140s | update: 0.185s | total: 5.325s | samples/s: 12018
Iteration 1125 | train reward: 969.29 | best: 1162.37 | KL: 1.085e-01 | std: 0.1070 | rollout: 5.241s | update: 0.158s | total: 5.399s | samples/s: 11854
Iteration 1126 | train reward: 985.92 | best: 1162.37 | KL: 6.660e-02 | std: 0.1074 | rollout: 5.427s | update: 0.289s | total: 5.717s | samples/s: 11196
Iteration 1127 | train reward: 982.34 | best: 1162.37 | KL: 6.856e-02 | std: 0.1080 | rollout: 5.297s | update: 0.223s | total: 5.520s | samples/s: 11594
Iteration 1128 | train reward: 972.60 | best: 1162.37 | KL: 2.611e+00 | std: 0.1068 | rollout: 5.312s | update: 0.170s | total: 5.482s | samples/s: 11675
Iteration 1129 | train reward: 858.49 | best: 1162.37 | KL: 1.424e-01 | std: 0.1057 | rollout: 5.005s | update: 0.164s | total: 5.169s | samples/s: 12381
Iteration 1130 | train reward: 885.20 | best: 1162.37 | KL: 1.671e-01 | std: 0.1055 | rollout: 5.028s | update: 0.154s | total: 5.182s | samples/s: 12351
Iteration 1131 | train reward: 934.45 | best: 1162.37 | KL: 1.819e-01 | std: 0.1048 | rollout: 5.175s | update: 0.154s | total: 5.329s | samples/s: 12009
Iteration 1132 | train reward: 896.90 | best: 1162.37 | KL: 1.639e-01 | std: 0.1048 | rollout: 5.232s | update: 0.156s | total: 5.388s | samples/s: 11878
Iteration 1133 | train reward: 866.72 | best: 1162.37 | KL: 4.144e-01 | std: 0.1031 | rollout: 5.061s | update: 0.213s | total: 5.274s | samples/s: 12136
Iteration 1134 | train reward: 783.02 | best: 1162.37 | KL: 4.076e-01 | std: 0.1029 | rollout: 4.985s | update: 0.216s | total: 5.201s | samples/s: 12305
Iteration 1135 | train reward: 725.01 | best: 1162.37 | KL: 1.470e-01 | std: 0.1018 | rollout: 5.028s | update: 0.168s | total: 5.196s | samples/s: 12318
Iteration 1136 | train reward: 699.10 | best: 1162.37 | KL: 2.015e-01 | std: 0.1026 | rollout: 5.284s | update: 0.233s | total: 5.517s | samples/s: 11600
Iteration 1137 | train reward: 617.09 | best: 1162.37 | KL: 9.261e+00 | std: 0.1035 | rollout: 5.178s | update: 0.149s | total: 5.327s | samples/s: 12014
Iteration 1138 | train reward: -171.20 | best: 1162.37 | KL: 2.183e-03 | std: 0.1036 | rollout: 5.172s | update: 0.218s | total: 5.390s | samples/s: 11873
Iteration 1139 | train reward: -170.17 | best: 1162.37 | KL: 7.964e-03 | std: 0.1035 | rollout: 5.686s | update: 0.158s | total: 5.844s | samples/s: 10951
Iteration 1140 | train reward: -170.87 | best: 1162.37 | KL: 2.399e-03 | std: 0.1035 | rollout: 6.131s | update: 0.213s | total: 6.345s | samples/s: 10087
Iteration 1141 | train reward: -171.63 | best: 1162.37 | KL: 3.629e-03 | std: 0.1035 | rollout: 6.026s | update: 0.291s | total: 6.317s | samples/s: 10131
Iteration 1142 | train reward: -167.99 | best: 1162.37 | KL: 7.700e-03 | std: 0.1035 | rollout: 5.235s | update: 0.197s | total: 5.431s | samples/s: 11783
Iteration 1143 | train reward: -171.55 | best: 1162.37 | KL: 1.424e-02 | std: 0.1036 | rollout: 5.240s | update: 0.159s | total: 5.399s | samples/s: 11855
Iteration 1144 | train reward: -168.58 | best: 1162.37 | KL: 6.241e-02 | std: 0.1037 | rollout: 5.311s | update: 0.202s | total: 5.513s | samples/s: 11609
Iteration 1145 | train reward: -170.86 | best: 1162.37 | KL: 3.165e-03 | std: 0.1038 | rollout: 5.477s | update: 0.334s | total: 5.811s | samples/s: 11014
Iteration 1146 | train reward: -170.45 | best: 1162.37 | KL: 2.667e-03 | std: 0.1041 | rollout: 5.238s | update: 0.225s | total: 5.463s | samples/s: 11715
Iteration 1147 | train reward: -168.53 | best: 1162.37 | KL: 7.031e+00 | std: 0.1041 | rollout: 5.084s | update: 0.166s | total: 5.251s | samples/s: 12189
Iteration 1148 | train reward: -173.55 | best: 1162.37 | KL: 3.629e-03 | std: 0.1042 | rollout: 5.300s | update: 0.163s | total: 5.463s | samples/s: 11716
Iteration 1149 | train reward: -173.75 | best: 1162.37 | KL: 1.068e-01 | std: 0.1042 | rollout: 5.338s | update: 0.309s | total: 5.647s | samples/s: 11333
Iteration 1150 | train reward: -174.86 | best: 1162.37 | KL: 2.645e-03 | std: 0.1042 | rollout: 5.158s | update: 0.171s | total: 5.329s | samples/s: 12010
Iteration 1151 | train reward: -173.88 | best: 1162.37 | KL: 5.049e-03 | std: 0.1040 | rollout: 5.154s | update: 0.163s | total: 5.317s | samples/s: 12038
Iteration 1152 | train reward: -174.31 | best: 1162.37 | KL: 5.196e-03 | std: 0.1042 | rollout: 5.469s | update: 0.176s | total: 5.645s | samples/s: 11338
Iteration 1153 | train reward: -174.31 | best: 1162.37 | KL: 3.115e-03 | std: 0.1041 | rollout: 5.327s | update: 0.200s | total: 5.527s | samples/s: 11579
Iteration 1154 | train reward: -174.64 | best: 1162.37 | KL: 7.777e-02 | std: 0.1042 | rollout: 5.045s | update: 0.164s | total: 5.209s | samples/s: 12286
Iteration 1155 | train reward: -175.61 | best: 1162.37 | KL: 4.304e-03 | std: 0.1042 | rollout: 5.066s | update: 0.163s | total: 5.229s | samples/s: 12240
Iteration 1156 | train reward: -175.08 | best: 1162.37 | KL: 3.161e-03 | std: 0.1046 | rollout: 5.193s | update: 0.195s | total: 5.389s | samples/s: 11876
Iteration 1157 | train reward: -175.18 | best: 1162.37 | KL: 8.087e-02 | std: 0.1048 | rollout: 5.074s | update: 0.159s | total: 5.233s | samples/s: 12230
Iteration 1158 | train reward: -177.50 | best: 1162.37 | KL: 2.117e-03 | std: 0.1048 | rollout: 5.033s | update: 0.228s | total: 5.261s | samples/s: 12164
Iteration 1159 | train reward: -178.30 | best: 1162.37 | KL: 1.734e-02 | std: 0.1048 | rollout: 5.008s | update: 0.163s | total: 5.171s | samples/s: 12376
Iteration 1160 | train reward: -178.16 | best: 1162.37 | KL: 4.231e-03 | std: 0.1048 | rollout: 5.257s | update: 0.341s | total: 5.597s | samples/s: 11434
Iteration 1161 | train reward: -178.09 | best: 1162.37 | KL: 2.704e-02 | std: 0.1048 | rollout: 4.837s | update: 0.169s | total: 5.006s | samples/s: 12784
Iteration 1162 | train reward: -177.53 | best: 1162.37 | KL: 2.369e-03 | std: 0.1048 | rollout: 4.939s | update: 0.155s | total: 5.094s | samples/s: 12565
Iteration 1163 | train reward: -177.31 | best: 1162.37 | KL: 9.136e-03 | std: 0.1048 | rollout: 5.085s | update: 0.160s | total: 5.246s | samples/s: 12200
Iteration 1164 | train reward: -178.10 | best: 1162.37 | KL: 1.865e-03 | std: 0.1048 | rollout: 5.015s | update: 0.148s | total: 5.163s | samples/s: 12395
Iteration 1165 | train reward: -177.67 | best: 1162.37 | KL: 8.258e-02 | std: 0.1048 | rollout: 5.230s | update: 0.143s | total: 5.373s | samples/s: 11911
Iteration 1166 | train reward: -177.00 | best: 1162.37 | KL: 2.898e-03 | std: 0.1048 | rollout: 5.152s | update: 0.143s | total: 5.296s | samples/s: 12085
Iteration 1167 | train reward: -176.98 | best: 1162.37 | KL: 2.019e-03 | std: 0.1048 | rollout: 5.245s | update: 0.176s | total: 5.421s | samples/s: 11807
Iteration 1168 | train reward: -176.42 | best: 1162.37 | KL: 2.020e-03 | std: 0.1048 | rollout: 5.318s | update: 0.179s | total: 5.497s | samples/s: 11642
Iteration 1169 | train reward: -176.88 | best: 1162.37 | KL: 4.111e-02 | std: 0.1048 | rollout: 5.306s | update: 0.187s | total: 5.493s | samples/s: 11651
Iteration 1170 | train reward: -177.13 | best: 1162.37 | KL: 1.139e-02 | std: 0.1048 | rollout: 5.134s | update: 0.157s | total: 5.291s | samples/s: 12095
Iteration 1171 | train reward: -177.23 | best: 1162.37 | KL: 3.066e-03 | std: 0.1048 | rollout: 5.193s | update: 0.162s | total: 5.354s | samples/s: 11953
Iteration 1172 | train reward: -177.53 | best: 1162.37 | KL: 2.710e-03 | std: 0.1048 | rollout: 5.314s | update: 0.145s | total: 5.459s | samples/s: 11723
Iteration 1173 | train reward: -178.18 | best: 1162.37 | KL: 3.467e-03 | std: 0.1048 | rollout: 5.220s | update: 0.149s | total: 5.369s | samples/s: 11921
Iteration 1174 | train reward: -177.62 | best: 1162.37 | KL: 3.368e-02 | std: 0.1048 | rollout: 5.293s | update: 0.143s | total: 5.435s | samples/s: 11775
Iteration 1175 | train reward: -178.14 | best: 1162.37 | KL: 2.624e-03 | std: 0.1046 | rollout: 5.044s | update: 0.163s | total: 5.207s | samples/s: 12291
Iteration 1176 | train reward: -177.06 | best: 1162.37 | KL: 4.013e-03 | std: 0.1046 | rollout: 5.197s | update: 0.159s | total: 5.356s | samples/s: 11949
Iteration 1177 | train reward: -177.23 | best: 1162.37 | KL: 3.076e-01 | std: 0.1044 | rollout: 5.048s | update: 0.158s | total: 5.206s | samples/s: 12293
Iteration 1178 | train reward: -177.02 | best: 1162.37 | KL: 5.768e-03 | std: 0.1046 | rollout: 5.173s | update: 0.160s | total: 5.333s | samples/s: 12001
Iteration 1179 | train reward: -177.27 | best: 1162.37 | KL: 4.199e-02 | std: 0.1046 | rollout: 5.079s | update: 0.155s | total: 5.234s | samples/s: 12227
Iteration 1180 | train reward: -176.37 | best: 1162.37 | KL: 1.518e-02 | std: 0.1048 | rollout: 4.982s | update: 0.216s | total: 5.198s | samples/s: 12312
Iteration 1181 | train reward: -176.15 | best: 1162.37 | KL: 1.548e-02 | std: 0.1048 | rollout: 5.315s | update: 0.163s | total: 5.477s | samples/s: 11685
Iteration 1182 | train reward: -176.67 | best: 1162.37 | KL: 1.482e-02 | std: 0.1048 | rollout: 5.787s | update: 0.154s | total: 5.941s | samples/s: 10773
Iteration 1183 | train reward: -177.05 | best: 1162.37 | KL: 1.606e+00 | std: 0.1051 | rollout: 5.311s | update: 0.163s | total: 5.474s | samples/s: 11691
Iteration 1184 | train reward: -181.42 | best: 1162.37 | KL: 1.054e-02 | std: 0.1051 | rollout: 5.204s | update: 0.164s | total: 5.368s | samples/s: 11923
Iteration 1185 | train reward: -182.39 | best: 1162.37 | KL: 5.217e-03 | std: 0.1051 | rollout: 5.212s | update: 0.161s | total: 5.373s | samples/s: 11911
Iteration 1186 | train reward: -181.73 | best: 1162.37 | KL: 4.478e-03 | std: 0.1052 | rollout: 5.178s | update: 0.275s | total: 5.453s | samples/s: 11736
Iteration 1187 | train reward: -181.68 | best: 1162.37 | KL: 3.191e-03 | std: 0.1054 | rollout: 5.384s | update: 0.304s | total: 5.688s | samples/s: 11252
Iteration 1188 | train reward: -181.70 | best: 1162.37 | KL: 1.147e-02 | std: 0.1054 | rollout: 5.244s | update: 0.167s | total: 5.411s | samples/s: 11829
Iteration 1189 | train reward: -180.84 | best: 1162.37 | KL: 2.499e-03 | std: 0.1055 | rollout: 5.254s | update: 0.160s | total: 5.414s | samples/s: 11821
Iteration 1190 | train reward: -181.39 | best: 1162.37 | KL: 1.776e-03 | std: 0.1057 | rollout: 5.109s | update: 0.157s | total: 5.266s | samples/s: 12153
Iteration 1191 | train reward: -181.56 | best: 1162.37 | KL: 4.266e-03 | std: 0.1057 | rollout: 5.378s | update: 0.212s | total: 5.591s | samples/s: 11448
Iteration 1192 | train reward: -181.73 | best: 1162.37 | KL: 6.489e-03 | std: 0.1059 | rollout: 5.353s | update: 0.155s | total: 5.507s | samples/s: 11621
Iteration 1193 | train reward: -181.68 | best: 1162.37 | KL: 8.121e-01 | std: 0.1057 | rollout: 5.120s | update: 0.150s | total: 5.270s | samples/s: 12144
Iteration 1194 | train reward: -187.68 | best: 1162.37 | KL: 3.022e-03 | std: 0.1055 | rollout: 5.408s | update: 0.162s | total: 5.571s | samples/s: 11489
Iteration 1195 | train reward: -187.56 | best: 1162.37 | KL: 3.452e-03 | std: 0.1055 | rollout: 5.166s | update: 0.152s | total: 5.317s | samples/s: 12036
Iteration 1196 | train reward: -188.04 | best: 1162.37 | KL: 2.785e-02 | std: 0.1057 | rollout: 5.019s | update: 0.175s | total: 5.193s | samples/s: 12323
Iteration 1197 | train reward: -188.53 | best: 1162.37 | KL: 5.499e-03 | std: 0.1055 | rollout: 5.422s | update: 0.164s | total: 5.586s | samples/s: 11457
Iteration 1198 | train reward: -187.85 | best: 1162.37 | KL: 2.744e-03 | std: 0.1057 | rollout: 5.163s | update: 0.173s | total: 5.336s | samples/s: 11993
Iteration 1199 | train reward: -187.86 | best: 1162.37 | KL: 1.285e-02 | std: 0.1059 | rollout: 5.232s | update: 0.198s | total: 5.429s | samples/s: 11788
Iteration 1200 | train reward: -189.19 | best: 1162.37 | KL: 5.035e-03 | std: 0.1057 | rollout: 5.302s | update: 0.168s | total: 5.470s | samples/s: 11699
Iteration 1201 | train reward: -188.46 | best: 1162.37 | KL: 2.776e-03 | std: 0.1059 | rollout: 5.232s | update: 0.159s | total: 5.391s | samples/s: 11872
Iteration 1202 | train reward: -188.92 | best: 1162.37 | KL: 1.879e-03 | std: 0.1061 | rollout: 5.312s | update: 0.208s | total: 5.519s | samples/s: 11596
Iteration 1203 | train reward: -188.99 | best: 1162.37 | KL: 5.154e-03 | std: 0.1061 | rollout: 5.032s | update: 0.157s | total: 5.189s | samples/s: 12333
Iteration 1204 | train reward: -188.53 | best: 1162.37 | KL: 2.659e-03 | std: 0.1059 | rollout: 5.175s | update: 0.164s | total: 5.340s | samples/s: 11985
Iteration 1205 | train reward: -188.91 | best: 1162.37 | KL: 2.951e-03 | std: 0.1057 | rollout: 5.376s | update: 0.162s | total: 5.538s | samples/s: 11558
Iteration 1206 | train reward: -188.76 | best: 1162.37 | KL: 4.278e-03 | std: 0.1057 | rollout: 5.127s | update: 0.154s | total: 5.280s | samples/s: 12121
Iteration 1207 | train reward: -188.31 | best: 1162.37 | KL: 2.614e-03 | std: 0.1057 | rollout: 5.119s | update: 0.163s | total: 5.282s | samples/s: 12117
Iteration 1208 | train reward: -188.35 | best: 1162.37 | KL: 6.615e-03 | std: 0.1057 | rollout: 5.143s | update: 0.161s | total: 5.305s | samples/s: 12065
Iteration 1209 | train reward: -189.25 | best: 1162.37 | KL: 1.684e+00 | std: 0.1059 | rollout: 5.077s | update: 0.172s | total: 5.250s | samples/s: 12191
Iteration 1210 | train reward: -197.69 | best: 1162.37 | KL: 3.812e-03 | std: 0.1061 | rollout: 5.390s | update: 0.165s | total: 5.555s | samples/s: 11521
Iteration 1211 | train reward: -197.89 | best: 1162.37 | KL: 6.206e-03 | std: 0.1061 | rollout: 5.161s | update: 0.165s | total: 5.326s | samples/s: 12016
Iteration 1212 | train reward: -197.68 | best: 1162.37 | KL: 5.249e-03 | std: 0.1062 | rollout: 5.092s | update: 0.166s | total: 5.258s | samples/s: 12172
Iteration 1213 | train reward: -197.97 | best: 1162.37 | KL: 7.175e-02 | std: 0.1062 | rollout: 5.013s | update: 0.152s | total: 5.165s | samples/s: 12392
Iteration 1214 | train reward: -197.90 | best: 1162.37 | KL: 2.035e-02 | std: 0.1061 | rollout: 5.079s | update: 0.158s | total: 5.237s | samples/s: 12220
Iteration 1215 | train reward: -198.76 | best: 1162.37 | KL: 7.654e-03 | std: 0.1061 | rollout: 4.952s | update: 0.163s | total: 5.114s | samples/s: 12514
Iteration 1216 | train reward: -198.71 | best: 1162.37 | KL: 3.127e-03 | std: 0.1059 | rollout: 5.146s | update: 0.150s | total: 5.296s | samples/s: 12085
Iteration 1217 | train reward: -198.84 | best: 1162.37 | KL: 4.105e-03 | std: 0.1059 | rollout: 5.512s | update: 0.173s | total: 5.685s | samples/s: 11257
Iteration 1218 | train reward: -198.47 | best: 1162.37 | KL: 7.384e-03 | std: 0.1061 | rollout: 5.039s | update: 0.162s | total: 5.201s | samples/s: 12305
Iteration 1219 | train reward: -198.84 | best: 1162.37 | KL: 2.112e-02 | std: 0.1061 | rollout: 5.048s | update: 0.167s | total: 5.215s | samples/s: 12273
Iteration 1220 | train reward: -199.32 | best: 1162.37 | KL: 4.696e-03 | std: 0.1061 | rollout: 5.169s | update: 0.228s | total: 5.397s | samples/s: 11858
Iteration 1221 | train reward: -198.99 | best: 1162.37 | KL: 3.501e-03 | std: 0.1064 | rollout: 5.275s | update: 0.220s | total: 5.496s | samples/s: 11645
Iteration 1222 | train reward: -199.15 | best: 1162.37 | KL: 3.577e-03 | std: 0.1064 | rollout: 5.153s | update: 0.163s | total: 5.316s | samples/s: 12039
Iteration 1223 | train reward: -199.20 | best: 1162.37 | KL: 4.055e+01 | std: 0.1063 | rollout: 5.195s | update: 0.164s | total: 5.358s | samples/s: 11944
Iteration 1224 | train reward: -188.14 | best: 1162.37 | KL: 2.930e-03 | std: 0.1064 | rollout: 5.038s | update: 0.314s | total: 5.353s | samples/s: 11956
Iteration 1225 | train reward: -187.73 | best: 1162.37 | KL: 2.631e-03 | std: 0.1065 | rollout: 5.155s | update: 0.167s | total: 5.322s | samples/s: 12025
Iteration 1226 | train reward: -187.20 | best: 1162.37 | KL: 1.739e-03 | std: 0.1066 | rollout: 5.069s | update: 0.157s | total: 5.226s | samples/s: 12247
Iteration 1227 | train reward: -187.31 | best: 1162.37 | KL: 1.597e-03 | std: 0.1068 | rollout: 5.245s | update: 0.160s | total: 5.405s | samples/s: 11841
Iteration 1228 | train reward: -187.95 | best: 1162.37 | KL: 3.344e-01 | std: 0.1068 | rollout: 5.232s | update: 0.157s | total: 5.389s | samples/s: 11876
Iteration 1229 | train reward: -187.12 | best: 1162.37 | KL: 1.454e-03 | std: 0.1068 | rollout: 5.069s | update: 0.161s | total: 5.230s | samples/s: 12237
Iteration 1230 | train reward: -186.45 | best: 1162.37 | KL: 4.386e-03 | std: 0.1068 | rollout: 5.187s | update: 0.178s | total: 5.364s | samples/s: 11930
Iteration 1231 | train reward: -186.46 | best: 1162.37 | KL: 5.053e-03 | std: 0.1068 | rollout: 5.221s | update: 0.152s | total: 5.373s | samples/s: 11912
Iteration 1232 | train reward: -185.98 | best: 1162.37 | KL: 2.136e-02 | std: 0.1068 | rollout: 5.243s | update: 0.164s | total: 5.407s | samples/s: 11837
Iteration 1233 | train reward: -185.96 | best: 1162.37 | KL: 1.690e-03 | std: 0.1068 | rollout: 5.186s | update: 0.183s | total: 5.369s | samples/s: 11921
Iteration 1234 | train reward: -186.73 | best: 1162.37 | KL: 1.734e-03 | std: 0.1066 | rollout: 5.376s | update: 0.176s | total: 5.552s | samples/s: 11528
Iteration 1235 | train reward: -185.32 | best: 1162.37 | KL: 2.357e-03 | std: 0.1067 | rollout: 5.181s | update: 0.166s | total: 5.347s | samples/s: 11969
Iteration 1236 | train reward: -185.28 | best: 1162.37 | KL: 1.812e-03 | std: 0.1065 | rollout: 5.064s | update: 0.198s | total: 5.262s | samples/s: 12163
Iteration 1237 | train reward: -186.20 | best: 1162.37 | KL: 2.087e-03 | std: 0.1065 | rollout: 5.348s | update: 0.166s | total: 5.514s | samples/s: 11606
Iteration 1238 | train reward: -186.47 | best: 1162.37 | KL: 7.502e-03 | std: 0.1067 | rollout: 5.607s | update: 0.198s | total: 5.805s | samples/s: 11026
Iteration 1239 | train reward: -186.66 | best: 1162.37 | KL: 2.196e-03 | std: 0.1068 | rollout: 5.438s | update: 0.159s | total: 5.597s | samples/s: 11435
Iteration 1240 | train reward: -186.59 | best: 1162.37 | KL: 3.116e-03 | std: 0.1068 | rollout: 5.217s | update: 0.156s | total: 5.373s | samples/s: 11911
Iteration 1241 | train reward: -186.24 | best: 1162.37 | KL: 2.034e-03 | std: 0.1067 | rollout: 5.125s | update: 0.154s | total: 5.279s | samples/s: 12124
Iteration 1242 | train reward: -186.79 | best: 1162.37 | KL: 3.628e-03 | std: 0.1068 | rollout: 5.084s | update: 0.167s | total: 5.252s | samples/s: 12187
Iteration 1243 | train reward: -185.69 | best: 1162.37 | KL: 4.216e-03 | std: 0.1070 | rollout: 5.402s | update: 0.171s | total: 5.573s | samples/s: 11485
Iteration 1244 | train reward: -186.89 | best: 1162.37 | KL: 1.828e-03 | std: 0.1070 | rollout: 5.150s | update: 0.158s | total: 5.307s | samples/s: 12059
Iteration 1245 | train reward: -186.24 | best: 1162.37 | KL: 1.907e-03 | std: 0.1072 | rollout: 5.389s | update: 0.175s | total: 5.564s | samples/s: 11504
Iteration 1246 | train reward: -186.07 | best: 1162.37 | KL: 1.940e-03 | std: 0.1072 | rollout: 5.264s | update: 0.162s | total: 5.426s | samples/s: 11794
Iteration 1247 | train reward: -186.44 | best: 1162.37 | KL: 3.695e-03 | std: 0.1070 | rollout: 5.222s | update: 0.156s | total: 5.378s | samples/s: 11900
Iteration 1248 | train reward: -185.95 | best: 1162.37 | KL: 2.952e-03 | std: 0.1070 | rollout: 5.144s | update: 0.162s | total: 5.306s | samples/s: 12061
Iteration 1249 | train reward: -187.28 | best: 1162.37 | KL: 3.295e-03 | std: 0.1072 | rollout: 5.240s | update: 0.151s | total: 5.391s | samples/s: 11871
Iteration 1250 | train reward: -185.33 | best: 1162.37 | KL: 1.613e-03 | std: 0.1074 | rollout: 5.168s | update: 0.168s | total: 5.337s | samples/s: 11993
Iteration 1251 | train reward: -185.00 | best: 1162.37 | KL: 3.210e-03 | std: 0.1074 | rollout: 4.967s | update: 0.161s | total: 5.128s | samples/s: 12480
Iteration 1252 | train reward: -185.47 | best: 1162.37 | KL: 4.823e-03 | std: 0.1074 | rollout: 5.065s | update: 0.152s | total: 5.217s | samples/s: 12268
Iteration 1253 | train reward: -185.91 | best: 1162.37 | KL: 9.766e-03 | std: 0.1076 | rollout: 5.139s | update: 0.161s | total: 5.300s | samples/s: 12075
Iteration 1254 | train reward: -185.77 | best: 1162.37 | KL: 2.091e-03 | std: 0.1077 | rollout: 5.037s | update: 0.151s | total: 5.188s | samples/s: 12337
Iteration 1255 | train reward: -185.43 | best: 1162.37 | KL: 4.026e-03 | std: 0.1077 | rollout: 5.004s | update: 0.156s | total: 5.160s | samples/s: 12403
Iteration 1256 | train reward: -186.17 | best: 1162.37 | KL: 6.239e-03 | std: 0.1079 | rollout: 5.111s | update: 0.165s | total: 5.276s | samples/s: 12131
Iteration 1257 | train reward: -186.22 | best: 1162.37 | KL: 1.942e-03 | std: 0.1081 | rollout: 5.184s | update: 0.165s | total: 5.349s | samples/s: 11965
Iteration 1258 | train reward: -183.94 | best: 1162.37 | KL: 2.993e-02 | std: 0.1081 | rollout: 5.194s | update: 0.171s | total: 5.365s | samples/s: 11929
Iteration 1259 | train reward: -186.16 | best: 1162.37 | KL: 1.713e-03 | std: 0.1078 | rollout: 5.311s | update: 0.160s | total: 5.471s | samples/s: 11698
Iteration 1260 | train reward: -185.52 | best: 1162.37 | KL: 1.771e-03 | std: 0.1081 | rollout: 5.479s | update: 0.167s | total: 5.646s | samples/s: 11335
Iteration 1261 | train reward: -186.76 | best: 1162.37 | KL: 2.564e-03 | std: 0.1081 | rollout: 5.150s | update: 0.165s | total: 5.315s | samples/s: 12041
Iteration 1262 | train reward: -185.87 | best: 1162.37 | KL: 3.415e-01 | std: 0.1083 | rollout: 5.283s | update: 0.172s | total: 5.455s | samples/s: 11733
Iteration 1263 | train reward: -188.46 | best: 1162.37 | KL: 3.892e-02 | std: 0.1085 | rollout: 5.149s | update: 0.161s | total: 5.310s | samples/s: 12053
Iteration 1264 | train reward: -187.89 | best: 1162.37 | KL: 1.233e-02 | std: 0.1083 | rollout: 5.288s | update: 0.155s | total: 5.443s | samples/s: 11758
Iteration 1265 | train reward: -187.88 | best: 1162.37 | KL: 2.611e-03 | std: 0.1083 | rollout: 5.068s | update: 0.162s | total: 5.230s | samples/s: 12238
Iteration 1266 | train reward: -186.88 | best: 1162.37 | KL: 1.956e-03 | std: 0.1083 | rollout: 5.054s | update: 0.155s | total: 5.209s | samples/s: 12287
Iteration 1267 | train reward: -187.62 | best: 1162.37 | KL: 2.830e-03 | std: 0.1087 | rollout: 4.976s | update: 0.151s | total: 5.127s | samples/s: 12482
Iteration 1268 | train reward: -187.98 | best: 1162.37 | KL: 2.104e-03 | std: 0.1087 | rollout: 5.123s | update: 0.163s | total: 5.286s | samples/s: 12108
Iteration 1269 | train reward: -187.96 | best: 1162.37 | KL: 6.078e-03 | std: 0.1087 | rollout: 5.063s | update: 0.284s | total: 5.347s | samples/s: 11969
Iteration 1270 | train reward: -187.79 | best: 1162.37 | KL: 2.480e-03 | std: 0.1089 | rollout: 5.085s | update: 0.169s | total: 5.254s | samples/s: 12181
Iteration 1271 | train reward: -188.36 | best: 1162.37 | KL: 4.613e-03 | std: 0.1090 | rollout: 4.964s | update: 0.156s | total: 5.119s | samples/s: 12501
Iteration 1272 | train reward: -187.83 | best: 1162.37 | KL: 1.328e-02 | std: 0.1092 | rollout: 5.079s | update: 0.170s | total: 5.249s | samples/s: 12192
Iteration 1273 | train reward: -188.12 | best: 1162.37 | KL: 3.856e-03 | std: 0.1093 | rollout: 5.269s | update: 0.160s | total: 5.428s | samples/s: 11790
Iteration 1274 | train reward: -188.49 | best: 1162.37 | KL: 2.127e-03 | std: 0.1093 | rollout: 5.423s | update: 0.163s | total: 5.586s | samples/s: 11458
Iteration 1275 | train reward: -187.98 | best: 1162.37 | KL: 3.018e-03 | std: 0.1092 | rollout: 5.208s | update: 0.157s | total: 5.365s | samples/s: 11930
Iteration 1276 | train reward: -188.09 | best: 1162.37 | KL: 1.824e-03 | std: 0.1091 | rollout: 5.023s | update: 0.155s | total: 5.178s | samples/s: 12360
Iteration 1277 | train reward: -187.50 | best: 1162.37 | KL: 6.121e-02 | std: 0.1089 | rollout: 5.234s | update: 0.167s | total: 5.401s | samples/s: 11849
Iteration 1278 | train reward: -186.51 | best: 1162.37 | KL: 2.137e-03 | std: 0.1090 | rollout: 5.180s | update: 0.186s | total: 5.366s | samples/s: 11927
Iteration 1279 | train reward: -187.21 | best: 1162.37 | KL: 2.238e-03 | std: 0.1088 | rollout: 5.284s | update: 0.164s | total: 5.448s | samples/s: 11748
Iteration 1280 | train reward: -187.52 | best: 1162.37 | KL: 1.743e-03 | std: 0.1089 | rollout: 5.158s | update: 0.213s | total: 5.371s | samples/s: 11916
Iteration 1281 | train reward: -187.68 | best: 1162.37 | KL: 2.337e-03 | std: 0.1087 | rollout: 5.077s | update: 0.211s | total: 5.289s | samples/s: 12102
Iteration 1282 | train reward: -187.27 | best: 1162.37 | KL: 7.657e-03 | std: 0.1087 | rollout: 5.101s | update: 0.154s | total: 5.254s | samples/s: 12181
Iteration 1283 | train reward: -186.72 | best: 1162.37 | KL: 2.832e-03 | std: 0.1087 | rollout: 5.118s | update: 0.229s | total: 5.347s | samples/s: 11969
Iteration 1284 | train reward: -187.19 | best: 1162.37 | KL: 1.854e-03 | std: 0.1087 | rollout: 5.133s | update: 0.159s | total: 5.292s | samples/s: 12093
Iteration 1285 | train reward: -187.11 | best: 1162.37 | KL: 2.094e-03 | std: 0.1087 | rollout: 5.034s | update: 0.151s | total: 5.185s | samples/s: 12343
Iteration 1286 | train reward: -187.18 | best: 1162.37 | KL: 5.837e-03 | std: 0.1087 | rollout: 5.297s | update: 0.152s | total: 5.450s | samples/s: 11744
Iteration 1287 | train reward: -186.08 | best: 1162.37 | KL: 2.089e-03 | std: 0.1088 | rollout: 5.099s | update: 0.293s | total: 5.392s | samples/s: 11869
Iteration 1288 | train reward: -186.37 | best: 1162.37 | KL: 2.216e-03 | std: 0.1090 | rollout: 5.023s | update: 0.205s | total: 5.227s | samples/s: 12243
Iteration 1289 | train reward: -187.27 | best: 1162.37 | KL: 1.825e-03 | std: 0.1091 | rollout: 5.225s | update: 0.155s | total: 5.380s | samples/s: 11896
Iteration 1290 | train reward: -186.83 | best: 1162.37 | KL: 2.866e-03 | std: 0.1092 | rollout: 5.152s | update: 0.250s | total: 5.402s | samples/s: 11848
Iteration 1291 | train reward: -186.89 | best: 1162.37 | KL: 4.198e-03 | std: 0.1094 | rollout: 5.275s | update: 0.155s | total: 5.430s | samples/s: 11786
Iteration 1292 | train reward: -185.93 | best: 1162.37 | KL: 6.529e-03 | std: 0.1094 | rollout: 5.250s | update: 0.185s | total: 5.435s | samples/s: 11776
Iteration 1293 | train reward: -185.32 | best: 1162.37 | KL: 2.780e-03 | std: 0.1096 | rollout: 5.351s | update: 0.156s | total: 5.508s | samples/s: 11621
Iteration 1294 | train reward: -186.80 | best: 1162.37 | KL: 3.121e-03 | std: 0.1096 | rollout: 5.534s | update: 0.209s | total: 5.743s | samples/s: 11144
Iteration 1295 | train reward: -186.26 | best: 1162.37 | KL: 1.030e+01 | std: 0.1098 | rollout: 5.528s | update: 0.202s | total: 5.730s | samples/s: 11168
Iteration 1296 | train reward: -198.55 | best: 1162.37 | KL: 4.647e-03 | std: 0.1096 | rollout: 5.028s | update: 0.162s | total: 5.190s | samples/s: 12331
Iteration 1297 | train reward: -199.28 | best: 1162.37 | KL: 3.797e-03 | std: 0.1096 | rollout: 5.302s | update: 0.223s | total: 5.525s | samples/s: 11583
Iteration 1298 | train reward: -198.96 | best: 1162.37 | KL: 5.118e-03 | std: 0.1098 | rollout: 5.103s | update: 0.182s | total: 5.285s | samples/s: 12110
Iteration 1299 | train reward: -198.42 | best: 1162.37 | KL: 4.240e+04 | std: 0.1094 | rollout: 5.499s | update: 0.153s | total: 5.652s | samples/s: 11323
Iteration 1300 | train reward: -289.92 | best: 1162.37 | KL: 6.196e-03 | std: 0.1096 | rollout: 5.111s | update: 0.205s | total: 5.316s | samples/s: 12038
Iteration 1301 | train reward: -291.83 | best: 1162.37 | KL: 5.641e-03 | std: 0.1100 | rollout: 5.266s | update: 0.158s | total: 5.424s | samples/s: 11800
Iteration 1302 | train reward: -293.20 | best: 1162.37 | KL: 7.666e-03 | std: 0.1100 | rollout: 5.254s | update: 0.162s | total: 5.416s | samples/s: 11816
Iteration 1303 | train reward: -291.42 | best: 1162.37 | KL: 6.121e-03 | std: 0.1102 | rollout: 5.124s | update: 0.230s | total: 5.354s | samples/s: 11954
Iteration 1304 | train reward: -291.95 | best: 1162.37 | KL: 8.549e-03 | std: 0.1104 | rollout: 5.345s | update: 0.171s | total: 5.517s | samples/s: 11601
Iteration 1305 | train reward: -292.12 | best: 1162.37 | KL: 1.029e-02 | std: 0.1107 | rollout: 5.461s | update: 0.260s | total: 5.721s | samples/s: 11188
Iteration 1306 | train reward: -294.25 | best: 1162.37 | KL: 9.295e-03 | std: 0.1106 | rollout: 6.052s | update: 0.286s | total: 6.338s | samples/s: 10097
Iteration 1307 | train reward: -292.18 | best: 1162.37 | KL: 8.230e-03 | std: 0.1100 | rollout: 6.103s | update: 0.190s | total: 6.293s | samples/s: 10169
Iteration 1308 | train reward: -292.24 | best: 1162.37 | KL: 8.529e-03 | std: 0.1101 | rollout: 5.697s | update: 0.205s | total: 5.902s | samples/s: 10844
Iteration 1309 | train reward: -290.66 | best: 1162.37 | KL: 7.081e-03 | std: 0.1104 | rollout: 5.246s | update: 0.157s | total: 5.403s | samples/s: 11845
Iteration 1310 | train reward: -292.91 | best: 1162.37 | KL: 8.235e-03 | std: 0.1104 | rollout: 5.248s | update: 0.159s | total: 5.406s | samples/s: 11838
Iteration 1311 | train reward: -292.84 | best: 1162.37 | KL: 9.413e-03 | std: 0.1100 | rollout: 5.461s | update: 0.148s | total: 5.609s | samples/s: 11409
Iteration 1312 | train reward: -293.08 | best: 1162.37 | KL: 8.495e-03 | std: 0.1102 | rollout: 5.623s | update: 0.151s | total: 5.774s | samples/s: 11084
Iteration 1313 | train reward: -293.41 | best: 1162.37 | KL: 9.457e-03 | std: 0.1107 | rollout: 4.965s | update: 0.163s | total: 5.128s | samples/s: 12481
Iteration 1314 | train reward: -294.02 | best: 1162.37 | KL: 9.111e-03 | std: 0.1107 | rollout: 5.141s | update: 0.155s | total: 5.297s | samples/s: 12083
Iteration 1315 | train reward: -291.11 | best: 1162.37 | KL: 6.543e-03 | std: 0.1104 | rollout: 5.093s | update: 0.153s | total: 5.246s | samples/s: 12201
Iteration 1316 | train reward: -293.27 | best: 1162.37 | KL: 6.830e-03 | std: 0.1102 | rollout: 5.241s | update: 0.170s | total: 5.411s | samples/s: 11828
Iteration 1317 | train reward: -293.94 | best: 1162.37 | KL: 1.060e-02 | std: 0.1105 | rollout: 5.096s | update: 0.169s | total: 5.265s | samples/s: 12157
Iteration 1318 | train reward: -293.64 | best: 1162.37 | KL: 1.074e-02 | std: 0.1107 | rollout: 5.481s | update: 0.193s | total: 5.674s | samples/s: 11280
Iteration 1319 | train reward: -292.10 | best: 1162.37 | KL: 7.051e-03 | std: 0.1107 | rollout: 5.352s | update: 0.153s | total: 5.505s | samples/s: 11627
Iteration 1320 | train reward: -291.81 | best: 1162.37 | KL: 7.684e-03 | std: 0.1107 | rollout: 5.050s | update: 0.161s | total: 5.211s | samples/s: 12282
Iteration 1321 | train reward: -293.12 | best: 1162.37 | KL: 9.191e-03 | std: 0.1104 | rollout: 5.240s | update: 0.181s | total: 5.421s | samples/s: 11806
Iteration 1322 | train reward: -292.01 | best: 1162.37 | KL: 8.416e-03 | std: 0.1107 | rollout: 5.104s | update: 0.155s | total: 5.258s | samples/s: 12172
Iteration 1323 | train reward: -291.21 | best: 1162.37 | KL: 8.176e-03 | std: 0.1107 | rollout: 5.103s | update: 0.157s | total: 5.260s | samples/s: 12166
Iteration 1324 | train reward: -290.55 | best: 1162.37 | KL: 6.840e-03 | std: 0.1109 | rollout: 5.268s | update: 0.160s | total: 5.428s | samples/s: 11790
Iteration 1325 | train reward: -294.61 | best: 1162.37 | KL: 1.090e-02 | std: 0.1113 | rollout: 5.187s | update: 0.167s | total: 5.355s | samples/s: 11952
Iteration 1326 | train reward: -291.43 | best: 1162.37 | KL: 9.485e-03 | std: 0.1113 | rollout: 5.201s | update: 0.167s | total: 5.368s | samples/s: 11922
Iteration 1327 | train reward: -293.09 | best: 1162.37 | KL: 8.554e-03 | std: 0.1118 | rollout: 5.028s | update: 0.152s | total: 5.180s | samples/s: 12356
Iteration 1328 | train reward: -293.60 | best: 1162.37 | KL: 8.358e-03 | std: 0.1120 | rollout: 5.087s | update: 0.233s | total: 5.320s | samples/s: 12029
Iteration 1329 | train reward: -292.63 | best: 1162.37 | KL: 1.316e-02 | std: 0.1124 | rollout: 4.977s | update: 0.171s | total: 5.148s | samples/s: 12432
Iteration 1330 | train reward: -292.02 | best: 1162.37 | KL: 6.691e-03 | std: 0.1126 | rollout: 5.137s | update: 0.156s | total: 5.293s | samples/s: 12091
Iteration 1331 | train reward: -293.90 | best: 1162.37 | KL: 1.010e-02 | std: 0.1127 | rollout: 5.473s | update: 0.152s | total: 5.625s | samples/s: 11377
Iteration 1332 | train reward: -294.13 | best: 1162.37 | KL: 1.004e-02 | std: 0.1130 | rollout: 5.180s | update: 0.220s | total: 5.400s | samples/s: 11852
Iteration 1333 | train reward: -290.54 | best: 1162.37 | KL: 7.641e-03 | std: 0.1131 | rollout: 5.213s | update: 0.168s | total: 5.381s | samples/s: 11894
Iteration 1334 | train reward: -292.96 | best: 1162.37 | KL: 7.557e-03 | std: 0.1133 | rollout: 5.134s | update: 0.154s | total: 5.288s | samples/s: 12103
Iteration 1335 | train reward: -291.69 | best: 1162.37 | KL: 7.674e-03 | std: 0.1133 | rollout: 5.229s | update: 0.203s | total: 5.432s | samples/s: 11782
Iteration 1336 | train reward: -293.16 | best: 1162.37 | KL: 9.921e-03 | std: 0.1131 | rollout: 5.264s | update: 0.165s | total: 5.429s | samples/s: 11789
Iteration 1337 | train reward: -292.76 | best: 1162.37 | KL: 8.922e-03 | std: 0.1133 | rollout: 5.150s | update: 0.169s | total: 5.320s | samples/s: 12031
Iteration 1338 | train reward: -291.84 | best: 1162.37 | KL: 1.050e-02 | std: 0.1132 | rollout: 5.201s | update: 0.157s | total: 5.359s | samples/s: 11943
Iteration 1339 | train reward: -293.37 | best: 1162.37 | KL: 7.245e-03 | std: 0.1132 | rollout: 5.155s | update: 0.172s | total: 5.327s | samples/s: 12014
Iteration 1340 | train reward: -292.87 | best: 1162.37 | KL: 1.013e-02 | std: 0.1131 | rollout: 5.059s | update: 0.288s | total: 5.347s | samples/s: 11969
Iteration 1341 | train reward: -291.64 | best: 1162.37 | KL: 8.096e-03 | std: 0.1132 | rollout: 5.261s | update: 0.225s | total: 5.486s | samples/s: 11666
Iteration 1342 | train reward: -292.25 | best: 1162.37 | KL: 7.205e-03 | std: 0.1133 | rollout: 5.169s | update: 0.166s | total: 5.335s | samples/s: 11996
Iteration 1343 | train reward: -292.06 | best: 1162.37 | KL: 7.224e-03 | std: 0.1128 | rollout: 5.040s | update: 0.158s | total: 5.198s | samples/s: 12313
Iteration 1344 | train reward: -292.82 | best: 1162.37 | KL: 7.234e-03 | std: 0.1130 | rollout: 5.157s | update: 0.171s | total: 5.328s | samples/s: 12012
Iteration 1345 | train reward: -294.13 | best: 1162.37 | KL: 1.072e-02 | std: 0.1128 | rollout: 5.281s | update: 0.233s | total: 5.514s | samples/s: 11607
Iteration 1346 | train reward: -294.53 | best: 1162.37 | KL: 1.058e-02 | std: 0.1129 | rollout: 4.989s | update: 0.163s | total: 5.152s | samples/s: 12422
Iteration 1347 | train reward: -292.71 | best: 1162.37 | KL: 8.388e-03 | std: 0.1127 | rollout: 5.056s | update: 0.161s | total: 5.217s | samples/s: 12267
Iteration 1348 | train reward: -291.05 | best: 1162.37 | KL: 8.196e-03 | std: 0.1131 | rollout: 5.866s | update: 0.191s | total: 6.057s | samples/s: 10566
Iteration 1349 | train reward: -291.43 | best: 1162.37 | KL: 8.556e-03 | std: 0.1133 | rollout: 5.597s | update: 0.153s | total: 5.750s | samples/s: 11130
Iteration 1350 | train reward: -292.28 | best: 1162.37 | KL: 7.739e-03 | std: 0.1131 | rollout: 5.452s | update: 0.163s | total: 5.615s | samples/s: 11399
Iteration 1351 | train reward: -293.98 | best: 1162.37 | KL: 1.239e-02 | std: 0.1133 | rollout: 5.141s | update: 0.154s | total: 5.295s | samples/s: 12086
Iteration 1352 | train reward: -291.70 | best: 1162.37 | KL: 7.610e-03 | std: 0.1132 | rollout: 5.022s | update: 0.153s | total: 5.176s | samples/s: 12365
Iteration 1353 | train reward: -291.87 | best: 1162.37 | KL: 8.186e-03 | std: 0.1132 | rollout: 5.271s | update: 0.161s | total: 5.431s | samples/s: 11783
Iteration 1354 | train reward: -291.62 | best: 1162.37 | KL: 9.888e-03 | std: 0.1133 | rollout: 5.500s | update: 0.223s | total: 5.723s | samples/s: 11183
Iteration 1355 | train reward: -293.62 | best: 1162.37 | KL: 8.304e-03 | std: 0.1133 | rollout: 5.050s | update: 0.161s | total: 5.211s | samples/s: 12282
Iteration 1356 | train reward: -293.79 | best: 1162.37 | KL: 8.028e-03 | std: 0.1128 | rollout: 5.121s | update: 0.167s | total: 5.288s | samples/s: 12102
Iteration 1357 | train reward: -291.79 | best: 1162.37 | KL: 1.095e-02 | std: 0.1127 | rollout: 5.302s | update: 0.164s | total: 5.466s | samples/s: 11709
Iteration 1358 | train reward: -291.74 | best: 1162.37 | KL: 8.074e-03 | std: 0.1129 | rollout: 5.327s | update: 0.168s | total: 5.495s | samples/s: 11647
Iteration 1359 | train reward: -293.80 | best: 1162.37 | KL: 9.516e-03 | std: 0.1131 | rollout: 5.197s | update: 0.180s | total: 5.377s | samples/s: 11903
Iteration 1360 | train reward: -292.41 | best: 1162.37 | KL: 7.902e-03 | std: 0.1129 | rollout: 5.300s | update: 0.169s | total: 5.469s | samples/s: 11703
Iteration 1361 | train reward: -292.57 | best: 1162.37 | KL: 1.018e-02 | std: 0.1126 | rollout: 5.117s | update: 0.198s | total: 5.315s | samples/s: 12042
Iteration 1362 | train reward: -291.56 | best: 1162.37 | KL: 6.704e-03 | std: 0.1128 | rollout: 5.450s | update: 0.186s | total: 5.635s | samples/s: 11357
Iteration 1363 | train reward: -294.20 | best: 1162.37 | KL: 8.074e-03 | std: 0.1129 | rollout: 5.337s | update: 0.169s | total: 5.505s | samples/s: 11626
Iteration 1364 | train reward: -289.16 | best: 1162.37 | KL: 7.439e-03 | std: 0.1128 | rollout: 5.203s | update: 0.160s | total: 5.363s | samples/s: 11933
Iteration 1365 | train reward: -293.08 | best: 1162.37 | KL: 9.603e-03 | std: 0.1131 | rollout: 5.252s | update: 0.170s | total: 5.421s | samples/s: 11805
Iteration 1366 | train reward: -293.20 | best: 1162.37 | KL: 7.725e-03 | std: 0.1133 | rollout: 5.151s | update: 0.164s | total: 5.316s | samples/s: 12040
Iteration 1367 | train reward: -295.25 | best: 1162.37 | KL: 1.253e-02 | std: 0.1133 | rollout: 5.536s | update: 0.172s | total: 5.709s | samples/s: 11211
Iteration 1368 | train reward: -292.09 | best: 1162.37 | KL: 8.340e-03 | std: 0.1133 | rollout: 5.225s | update: 0.160s | total: 5.384s | samples/s: 11886
Iteration 1369 | train reward: -293.16 | best: 1162.37 | KL: 8.221e-03 | std: 0.1139 | rollout: 5.124s | update: 0.161s | total: 5.285s | samples/s: 12109
Iteration 1370 | train reward: -291.39 | best: 1162.37 | KL: 7.257e-03 | std: 0.1140 | rollout: 5.354s | update: 0.169s | total: 5.523s | samples/s: 11589
Iteration 1371 | train reward: -292.72 | best: 1162.37 | KL: 9.998e-03 | std: 0.1142 | rollout: 5.024s | update: 0.168s | total: 5.191s | samples/s: 12328
Iteration 1372 | train reward: -294.68 | best: 1162.37 | KL: 1.222e-02 | std: 0.1144 | rollout: 5.414s | update: 0.288s | total: 5.702s | samples/s: 11225
Iteration 1373 | train reward: -293.40 | best: 1162.37 | KL: 8.515e-03 | std: 0.1145 | rollout: 5.207s | update: 0.171s | total: 5.378s | samples/s: 11901
Iteration 1374 | train reward: -291.90 | best: 1162.37 | KL: 8.999e-03 | std: 0.1146 | rollout: 5.200s | update: 0.165s | total: 5.366s | samples/s: 11928
Iteration 1375 | train reward: -292.61 | best: 1162.37 | KL: 5.625e-03 | std: 0.1146 | rollout: 5.248s | update: 0.182s | total: 5.430s | samples/s: 11787
Iteration 1376 | train reward: -294.12 | best: 1162.37 | KL: 8.823e-03 | std: 0.1148 | rollout: 5.231s | update: 0.176s | total: 5.408s | samples/s: 11835
Iteration 1377 | train reward: -291.05 | best: 1162.37 | KL: 1.170e-02 | std: 0.1152 | rollout: 5.346s | update: 0.161s | total: 5.507s | samples/s: 11621
Iteration 1378 | train reward: -292.28 | best: 1162.37 | KL: 7.836e-03 | std: 0.1152 | rollout: 5.440s | update: 0.297s | total: 5.737s | samples/s: 11156
Iteration 1379 | train reward: -292.19 | best: 1162.37 | KL: 6.290e-03 | std: 0.1153 | rollout: 5.275s | update: 0.168s | total: 5.444s | samples/s: 11757
Iteration 1380 | train reward: -292.39 | best: 1162.37 | KL: 7.494e-03 | std: 0.1157 | rollout: 5.077s | update: 0.148s | total: 5.225s | samples/s: 12249
Iteration 1381 | train reward: -294.94 | best: 1162.37 | KL: 9.999e-03 | std: 0.1159 | rollout: 5.140s | update: 0.153s | total: 5.292s | samples/s: 12093
Iteration 1382 | train reward: -292.48 | best: 1162.37 | KL: 6.979e-03 | std: 0.1163 | rollout: 5.229s | update: 0.158s | total: 5.387s | samples/s: 11882
Iteration 1383 | train reward: -289.77 | best: 1162.37 | KL: 7.699e-03 | std: 0.1166 | rollout: 5.183s | update: 0.243s | total: 5.426s | samples/s: 11795
Iteration 1384 | train reward: -292.78 | best: 1162.37 | KL: 7.320e-03 | std: 0.1170 | rollout: 5.229s | update: 0.145s | total: 5.374s | samples/s: 11908
Iteration 1385 | train reward: -294.06 | best: 1162.37 | KL: 8.953e-03 | std: 0.1172 | rollout: 5.157s | update: 0.145s | total: 5.301s | samples/s: 12073
Iteration 1386 | train reward: -293.10 | best: 1162.37 | KL: 1.230e-02 | std: 0.1176 | rollout: 5.304s | update: 0.154s | total: 5.459s | samples/s: 11724
Iteration 1387 | train reward: -294.09 | best: 1162.37 | KL: 8.346e-03 | std: 0.1176 | rollout: 5.243s | update: 0.157s | total: 5.400s | samples/s: 11851
Iteration 1388 | train reward: -293.32 | best: 1162.37 | KL: 9.254e-03 | std: 0.1174 | rollout: 5.082s | update: 0.172s | total: 5.254s | samples/s: 12181
Iteration 1389 | train reward: -293.90 | best: 1162.37 | KL: 8.390e-03 | std: 0.1171 | rollout: 5.191s | update: 0.168s | total: 5.359s | samples/s: 11943
Iteration 1390 | train reward: -294.07 | best: 1162.37 | KL: 1.128e-02 | std: 0.1176 | rollout: 5.088s | update: 0.168s | total: 5.255s | samples/s: 12178
Iteration 1391 | train reward: -293.43 | best: 1162.37 | KL: 8.609e-03 | std: 0.1183 | rollout: 5.045s | update: 0.162s | total: 5.207s | samples/s: 12291
Iteration 1392 | train reward: -294.80 | best: 1162.37 | KL: 7.454e-03 | std: 0.1187 | rollout: 5.052s | update: 0.170s | total: 5.222s | samples/s: 12255
Iteration 1393 | train reward: -293.27 | best: 1162.37 | KL: 1.118e-02 | std: 0.1185 | rollout: 4.943s | update: 0.199s | total: 5.142s | samples/s: 12447
Iteration 1394 | train reward: -293.17 | best: 1162.37 | KL: 8.998e-03 | std: 0.1187 | rollout: 5.137s | update: 0.158s | total: 5.295s | samples/s: 12087
Iteration 1395 | train reward: -294.48 | best: 1162.37 | KL: 1.682e-02 | std: 0.1187 | rollout: 5.141s | update: 0.170s | total: 5.310s | samples/s: 12052
Iteration 1396 | train reward: -291.92 | best: 1162.37 | KL: 7.947e-03 | std: 0.1190 | rollout: 5.154s | update: 0.202s | total: 5.357s | samples/s: 11948
Iteration 1397 | train reward: -294.21 | best: 1162.37 | KL: 9.865e-03 | std: 0.1193 | rollout: 5.018s | update: 0.172s | total: 5.190s | samples/s: 12333
Iteration 1398 | train reward: -293.73 | best: 1162.37 | KL: 1.682e-02 | std: 0.1193 | rollout: 5.279s | update: 0.169s | total: 5.448s | samples/s: 11747
Iteration 1399 | train reward: -294.56 | best: 1162.37 | KL: 1.377e-02 | std: 0.1194 | rollout: 5.073s | update: 0.171s | total: 5.243s | samples/s: 12206
Iteration 1400 | train reward: -292.67 | best: 1162.37 | KL: 8.110e-03 | std: 0.1196 | rollout: 5.180s | update: 0.161s | total: 5.341s | samples/s: 11983
Iteration 1401 | train reward: -292.15 | best: 1162.37 | KL: 6.200e-03 | std: 0.1198 | rollout: 5.087s | update: 0.161s | total: 5.248s | samples/s: 12195
Iteration 1402 | train reward: -292.57 | best: 1162.37 | KL: 8.729e-03 | std: 0.1198 | rollout: 5.226s | update: 0.199s | total: 5.425s | samples/s: 11797
Iteration 1403 | train reward: -291.33 | best: 1162.37 | KL: 6.115e-03 | std: 0.1200 | rollout: 5.150s | update: 0.165s | total: 5.315s | samples/s: 12042
Iteration 1404 | train reward: -292.60 | best: 1162.37 | KL: 8.073e-03 | std: 0.1203 | rollout: 5.247s | update: 0.246s | total: 5.493s | samples/s: 11651
Iteration 1405 | train reward: -292.81 | best: 1162.37 | KL: 8.030e-03 | std: 0.1207 | rollout: 5.536s | update: 0.185s | total: 5.721s | samples/s: 11186
Iteration 1406 | train reward: -294.37 | best: 1162.37 | KL: 8.454e-03 | std: 0.1209 | rollout: 5.151s | update: 0.228s | total: 5.379s | samples/s: 11898
Iteration 1407 | train reward: -292.92 | best: 1162.37 | KL: 1.092e-02 | std: 0.1207 | rollout: 5.374s | update: 0.184s | total: 5.558s | samples/s: 11515
Iteration 1408 | train reward: -293.72 | best: 1162.37 | KL: 7.728e-03 | std: 0.1209 | rollout: 5.402s | update: 0.244s | total: 5.646s | samples/s: 11335
Iteration 1409 | train reward: -292.61 | best: 1162.37 | KL: 7.478e-03 | std: 0.1207 | rollout: 5.391s | update: 0.228s | total: 5.618s | samples/s: 11391
Iteration 1410 | train reward: -291.39 | best: 1162.37 | KL: 6.904e-03 | std: 0.1209 | rollout: 5.362s | update: 0.167s | total: 5.529s | samples/s: 11576
Iteration 1411 | train reward: -291.17 | best: 1162.37 | KL: 7.695e-03 | std: 0.1210 | rollout: 5.140s | update: 0.208s | total: 5.348s | samples/s: 11968
Iteration 1412 | train reward: -294.89 | best: 1162.37 | KL: 1.189e-02 | std: 0.1211 | rollout: 4.910s | update: 0.167s | total: 5.077s | samples/s: 12606
Iteration 1413 | train reward: -292.22 | best: 1162.37 | KL: 1.453e-02 | std: 0.1213 | rollout: 5.285s | update: 0.245s | total: 5.530s | samples/s: 11573
Iteration 1414 | train reward: -293.00 | best: 1162.37 | KL: 6.440e-03 | std: 0.1219 | rollout: 5.223s | update: 0.153s | total: 5.376s | samples/s: 11905
Iteration 1415 | train reward: -292.73 | best: 1162.37 | KL: 8.572e-03 | std: 0.1222 | rollout: 5.054s | update: 0.163s | total: 5.216s | samples/s: 12269
Iteration 1416 | train reward: -291.88 | best: 1162.37 | KL: 7.305e-03 | std: 0.1222 | rollout: 5.173s | update: 0.156s | total: 5.330s | samples/s: 12008
Iteration 1417 | train reward: -294.21 | best: 1162.37 | KL: 7.252e-03 | std: 0.1224 | rollout: 5.031s | update: 0.164s | total: 5.195s | samples/s: 12320
Iteration 1418 | train reward: -292.73 | best: 1162.37 | KL: 1.036e-02 | std: 0.1228 | rollout: 5.046s | update: 0.210s | total: 5.256s | samples/s: 12177
Iteration 1419 | train reward: -292.48 | best: 1162.37 | KL: 9.674e-03 | std: 0.1231 | rollout: 5.091s | update: 0.153s | total: 5.244s | samples/s: 12205
Iteration 1420 | train reward: -293.14 | best: 1162.37 | KL: 7.363e-03 | std: 0.1231 | rollout: 4.845s | update: 0.210s | total: 5.056s | samples/s: 12659
Iteration 1421 | train reward: -292.60 | best: 1162.37 | KL: 1.262e-02 | std: 0.1230 | rollout: 5.262s | update: 0.153s | total: 5.414s | samples/s: 11821
Iteration 1422 | train reward: -292.51 | best: 1162.37 | KL: 9.151e-03 | std: 0.1232 | rollout: 5.383s | update: 0.263s | total: 5.646s | samples/s: 11335
Iteration 1423 | train reward: -293.39 | best: 1162.37 | KL: 9.110e-03 | std: 0.1232 | rollout: 5.646s | update: 0.279s | total: 5.925s | samples/s: 10802
Iteration 1424 | train reward: -292.85 | best: 1162.37 | KL: 9.514e-03 | std: 0.1235 | rollout: 5.032s | update: 0.226s | total: 5.258s | samples/s: 12172
Iteration 1425 | train reward: -293.53 | best: 1162.37 | KL: 1.122e-02 | std: 0.1233 | rollout: 5.535s | update: 0.238s | total: 5.772s | samples/s: 11087
Iteration 1426 | train reward: -292.14 | best: 1162.37 | KL: 7.290e-03 | std: 0.1233 | rollout: 5.344s | update: 0.282s | total: 5.626s | samples/s: 11375
Iteration 1427 | train reward: -290.79 | best: 1162.37 | KL: 8.459e-03 | std: 0.1235 | rollout: 5.285s | update: 0.221s | total: 5.506s | samples/s: 11624
Iteration 1428 | train reward: -292.67 | best: 1162.37 | KL: 7.047e-03 | std: 0.1237 | rollout: 5.299s | update: 0.225s | total: 5.524s | samples/s: 11586
Iteration 1429 | train reward: -294.35 | best: 1162.37 | KL: 8.980e-03 | std: 0.1238 | rollout: 5.562s | update: 0.177s | total: 5.739s | samples/s: 11152
Iteration 1430 | train reward: -291.16 | best: 1162.37 | KL: 6.403e-03 | std: 0.1237 | rollout: 6.073s | update: 0.183s | total: 6.255s | samples/s: 10231
Iteration 1431 | train reward: -293.43 | best: 1162.37 | KL: 8.711e-03 | std: 0.1237 | rollout: 5.421s | update: 0.300s | total: 5.721s | samples/s: 11187
Iteration 1432 | train reward: -290.59 | best: 1162.37 | KL: 6.996e-03 | std: 0.1236 | rollout: 5.425s | update: 0.251s | total: 5.676s | samples/s: 11276
Iteration 1433 | train reward: -293.96 | best: 1162.37 | KL: 8.569e-03 | std: 0.1235 | rollout: 5.434s | update: 0.285s | total: 5.720s | samples/s: 11190
Iteration 1434 | train reward: -291.86 | best: 1162.37 | KL: 8.115e-03 | std: 0.1235 | rollout: 5.528s | update: 0.303s | total: 5.831s | samples/s: 10976
Iteration 1435 | train reward: -293.93 | best: 1162.37 | KL: 9.139e-03 | std: 0.1237 | rollout: 4.963s | update: 0.259s | total: 5.222s | samples/s: 12256
Iteration 1436 | train reward: -291.90 | best: 1162.37 | KL: 7.715e-03 | std: 0.1236 | rollout: 5.021s | update: 0.179s | total: 5.200s | samples/s: 12308
Iteration 1437 | train reward: -293.20 | best: 1162.37 | KL: 8.506e-03 | std: 0.1235 | rollout: 5.226s | update: 0.163s | total: 5.389s | samples/s: 11876
Iteration 1438 | train reward: -293.89 | best: 1162.37 | KL: 8.843e-03 | std: 0.1237 | rollout: 5.354s | update: 0.160s | total: 5.514s | samples/s: 11607
Iteration 1439 | train reward: -293.11 | best: 1162.37 | KL: 7.924e-03 | std: 0.1230 | rollout: 5.457s | update: 0.232s | total: 5.688s | samples/s: 11251
Iteration 1440 | train reward: -292.14 | best: 1162.37 | KL: 8.396e-03 | std: 0.1230 | rollout: 5.290s | update: 0.152s | total: 5.442s | samples/s: 11761
Iteration 1441 | train reward: -294.79 | best: 1162.37 | KL: 1.045e-02 | std: 0.1229 | rollout: 5.071s | update: 0.162s | total: 5.233s | samples/s: 12230
Iteration 1442 | train reward: -292.83 | best: 1162.37 | KL: 8.854e-03 | std: 0.1230 | rollout: 5.222s | update: 0.334s | total: 5.556s | samples/s: 11520
Iteration 1443 | train reward: -292.61 | best: 1162.37 | KL: 6.619e-03 | std: 0.1230 | rollout: 5.141s | update: 0.170s | total: 5.310s | samples/s: 12052
Iteration 1444 | train reward: -293.31 | best: 1162.37 | KL: 8.507e-03 | std: 0.1230 | rollout: 5.294s | update: 0.168s | total: 5.462s | samples/s: 11718
Iteration 1445 | train reward: -293.93 | best: 1162.37 | KL: 8.928e-03 | std: 0.1231 | rollout: 5.269s | update: 0.166s | total: 5.435s | samples/s: 11775
Iteration 1446 | train reward: -292.76 | best: 1162.37 | KL: 6.824e-03 | std: 0.1231 | rollout: 5.407s | update: 0.187s | total: 5.594s | samples/s: 11441
Iteration 1447 | train reward: -292.15 | best: 1162.37 | KL: 7.095e-03 | std: 0.1235 | rollout: 5.130s | update: 0.235s | total: 5.364s | samples/s: 11931
Iteration 1448 | train reward: -293.88 | best: 1162.37 | KL: 7.120e-03 | std: 0.1237 | rollout: 5.111s | update: 0.161s | total: 5.272s | samples/s: 12139
Iteration 1449 | train reward: -293.56 | best: 1162.37 | KL: 7.778e-03 | std: 0.1235 | rollout: 5.280s | update: 0.232s | total: 5.512s | samples/s: 11611
Iteration 1450 | train reward: -293.53 | best: 1162.37 | KL: 7.707e-03 | std: 0.1236 | rollout: 5.120s | update: 0.170s | total: 5.289s | samples/s: 12100
Iteration 1451 | train reward: -292.73 | best: 1162.37 | KL: 9.169e-03 | std: 0.1237 | rollout: 5.230s | update: 0.163s | total: 5.393s | samples/s: 11867
Iteration 1452 | train reward: -293.67 | best: 1162.37 | KL: 9.820e-03 | std: 0.1237 | rollout: 5.156s | update: 0.184s | total: 5.340s | samples/s: 11985
Iteration 1453 | train reward: -291.36 | best: 1162.37 | KL: 6.911e-03 | std: 0.1238 | rollout: 5.090s | update: 0.190s | total: 5.279s | samples/s: 12123
Iteration 1454 | train reward: -291.88 | best: 1162.37 | KL: 7.063e-03 | std: 0.1237 | rollout: 5.260s | update: 0.171s | total: 5.430s | samples/s: 11786
Iteration 1455 | train reward: -296.22 | best: 1162.37 | KL: 1.157e-02 | std: 0.1242 | rollout: 5.195s | update: 0.153s | total: 5.348s | samples/s: 11967
Iteration 1456 | train reward: -291.42 | best: 1162.37 | KL: 6.288e-03 | std: 0.1243 | rollout: 5.174s | update: 0.285s | total: 5.459s | samples/s: 11725
Iteration 1457 | train reward: -292.20 | best: 1162.37 | KL: 7.489e-03 | std: 0.1245 | rollout: 5.094s | update: 0.161s | total: 5.255s | samples/s: 12179
Iteration 1458 | train reward: -291.89 | best: 1162.37 | KL: 7.064e-03 | std: 0.1248 | rollout: 5.220s | update: 0.164s | total: 5.384s | samples/s: 11887
Iteration 1459 | train reward: -294.14 | best: 1162.37 | KL: 1.401e-02 | std: 0.1250 | rollout: 5.395s | update: 0.167s | total: 5.561s | samples/s: 11508
Iteration 1460 | train reward: -292.81 | best: 1162.37 | KL: 7.930e-03 | std: 0.1252 | rollout: 5.776s | update: 0.165s | total: 5.941s | samples/s: 10772
Iteration 1461 | train reward: -292.05 | best: 1162.37 | KL: 7.797e-03 | std: 0.1251 | rollout: 5.279s | update: 0.166s | total: 5.445s | samples/s: 11754
Iteration 1462 | train reward: -294.75 | best: 1162.37 | KL: 1.025e-02 | std: 0.1250 | rollout: 5.126s | update: 0.171s | total: 5.297s | samples/s: 12083
Iteration 1463 | train reward: -291.89 | best: 1162.37 | KL: 5.855e-03 | std: 0.1250 | rollout: 5.151s | update: 0.172s | total: 5.323s | samples/s: 12024
Iteration 1464 | train reward: -292.20 | best: 1162.37 | KL: 5.935e-03 | std: 0.1252 | rollout: 5.241s | update: 0.160s | total: 5.401s | samples/s: 11849
Iteration 1465 | train reward: -291.68 | best: 1162.37 | KL: 7.320e-03 | std: 0.1256 | rollout: 5.374s | update: 0.167s | total: 5.541s | samples/s: 11550
Iteration 1466 | train reward: -293.76 | best: 1162.37 | KL: 9.434e-03 | std: 0.1261 | rollout: 5.096s | update: 0.157s | total: 5.253s | samples/s: 12183
Iteration 1467 | train reward: -293.31 | best: 1162.37 | KL: 9.242e-03 | std: 0.1263 | rollout: 5.031s | update: 0.161s | total: 5.192s | samples/s: 12327
Iteration 1468 | train reward: -293.31 | best: 1162.37 | KL: 8.335e-03 | std: 0.1263 | rollout: 5.121s | update: 0.223s | total: 5.344s | samples/s: 11976
Iteration 1469 | train reward: -295.38 | best: 1162.37 | KL: 9.824e-03 | std: 0.1264 | rollout: 5.133s | update: 0.152s | total: 5.285s | samples/s: 12111
Iteration 1470 | train reward: -291.86 | best: 1162.37 | KL: 1.012e-02 | std: 0.1265 | rollout: 5.173s | update: 0.167s | total: 5.339s | samples/s: 11986
Iteration 1471 | train reward: -292.12 | best: 1162.37 | KL: 7.142e-03 | std: 0.1268 | rollout: 6.010s | update: 0.239s | total: 6.249s | samples/s: 10242
Iteration 1472 | train reward: -291.85 | best: 1162.37 | KL: 7.362e-03 | std: 0.1269 | rollout: 6.303s | update: 0.168s | total: 6.471s | samples/s: 9890
Iteration 1473 | train reward: -292.71 | best: 1162.37 | KL: 9.597e-03 | std: 0.1267 | rollout: 5.683s | update: 0.159s | total: 5.842s | samples/s: 10955
Iteration 1474 | train reward: -294.50 | best: 1162.37 | KL: 8.356e-03 | std: 0.1270 | rollout: 5.156s | update: 0.163s | total: 5.318s | samples/s: 12034
Iteration 1475 | train reward: -291.52 | best: 1162.37 | KL: 9.658e-03 | std: 0.1269 | rollout: 5.151s | update: 0.149s | total: 5.300s | samples/s: 12075
Iteration 1476 | train reward: -293.23 | best: 1162.37 | KL: 8.795e-03 | std: 0.1267 | rollout: 5.345s | update: 0.152s | total: 5.496s | samples/s: 11644
Iteration 1477 | train reward: -291.37 | best: 1162.37 | KL: 7.311e-03 | std: 0.1267 | rollout: 5.376s | update: 0.146s | total: 5.522s | samples/s: 11590
Iteration 1478 | train reward: -292.35 | best: 1162.37 | KL: 7.366e-03 | std: 0.1269 | rollout: 5.158s | update: 0.222s | total: 5.380s | samples/s: 11896
Iteration 1479 | train reward: -292.47 | best: 1162.37 | KL: 9.095e-03 | std: 0.1263 | rollout: 5.107s | update: 0.208s | total: 5.315s | samples/s: 12042
Iteration 1480 | train reward: -292.11 | best: 1162.37 | KL: 9.827e-03 | std: 0.1267 | rollout: 5.099s | update: 0.163s | total: 5.262s | samples/s: 12163
Iteration 1481 | train reward: -292.18 | best: 1162.37 | KL: 7.073e-03 | std: 0.1271 | rollout: 5.034s | update: 0.161s | total: 5.195s | samples/s: 12319
Iteration 1482 | train reward: -291.07 | best: 1162.37 | KL: 6.205e-03 | std: 0.1270 | rollout: 5.299s | update: 0.160s | total: 5.459s | samples/s: 11723
Iteration 1483 | train reward: -293.76 | best: 1162.37 | KL: 8.400e-03 | std: 0.1272 | rollout: 5.000s | update: 0.153s | total: 5.152s | samples/s: 12422
Iteration 1484 | train reward: -293.55 | best: 1162.37 | KL: 1.139e-02 | std: 0.1274 | rollout: 5.024s | update: 0.154s | total: 5.178s | samples/s: 12360
Iteration 1485 | train reward: -295.13 | best: 1162.37 | KL: 1.105e-02 | std: 0.1274 | rollout: 5.037s | update: 0.165s | total: 5.203s | samples/s: 12301
Iteration 1486 | train reward: -293.73 | best: 1162.37 | KL: 6.647e-03 | std: 0.1269 | rollout: 5.304s | update: 0.156s | total: 5.460s | samples/s: 11722
Iteration 1487 | train reward: -293.41 | best: 1162.37 | KL: 1.104e-02 | std: 0.1270 | rollout: 5.112s | update: 0.159s | total: 5.271s | samples/s: 12142
Iteration 1488 | train reward: -293.37 | best: 1162.37 | KL: 6.840e-03 | std: 0.1268 | rollout: 5.177s | update: 0.167s | total: 5.344s | samples/s: 11976
Iteration 1489 | train reward: -294.07 | best: 1162.37 | KL: 9.080e-03 | std: 0.1270 | rollout: 5.147s | update: 0.170s | total: 5.317s | samples/s: 12037
Iteration 1490 | train reward: -291.73 | best: 1162.37 | KL: 7.495e-03 | std: 0.1274 | rollout: 5.059s | update: 0.171s | total: 5.229s | samples/s: 12239
Iteration 1491 | train reward: -293.30 | best: 1162.37 | KL: 9.026e-03 | std: 0.1272 | rollout: 5.126s | update: 0.163s | total: 5.290s | samples/s: 12099
Iteration 1492 | train reward: -293.38 | best: 1162.37 | KL: 1.069e-02 | std: 0.1274 | rollout: 5.054s | update: 0.154s | total: 5.208s | samples/s: 12288
Iteration 1493 | train reward: -292.20 | best: 1162.37 | KL: 8.357e-03 | std: 0.1278 | rollout: 5.074s | update: 0.147s | total: 5.221s | samples/s: 12258
Iteration 1494 | train reward: -292.27 | best: 1162.37 | KL: 9.745e-03 | std: 0.1282 | rollout: 5.176s | update: 0.147s | total: 5.323s | samples/s: 12024
Iteration 1495 | train reward: -291.13 | best: 1162.37 | KL: 6.598e-03 | std: 0.1278 | rollout: 5.136s | update: 0.152s | total: 5.289s | samples/s: 12101
Iteration 1496 | train reward: -294.30 | best: 1162.37 | KL: 1.007e-02 | std: 0.1276 | rollout: 5.067s | update: 0.148s | total: 5.215s | samples/s: 12273
Iteration 1497 | train reward: -292.88 | best: 1162.37 | KL: 9.831e-03 | std: 0.1276 | rollout: 5.092s | update: 0.154s | total: 5.245s | samples/s: 12202
Iteration 1498 | train reward: -295.51 | best: 1162.37 | KL: 1.225e-02 | std: 0.1274 | rollout: 5.129s | update: 0.158s | total: 5.288s | samples/s: 12104
Iteration 1499 | train reward: -293.78 | best: 1162.37 | KL: 7.515e-03 | std: 0.1274 | rollout: 5.141s | update: 0.163s | total: 5.304s | samples/s: 12067
Iteration 1500 | train reward: -293.49 | best: 1162.37 | KL: 7.530e-03 | std: 0.1276 | rollout: 5.225s | update: 0.204s | total: 5.429s | samples/s: 11788
Iteration 1501 | train reward: -292.92 | best: 1162.37 | KL: 7.623e-03 | std: 0.1274 | rollout: 5.354s | update: 0.147s | total: 5.501s | samples/s: 11634
Iteration 1502 | train reward: -293.63 | best: 1162.37 | KL: 8.172e-03 | std: 0.1276 | rollout: 5.324s | update: 0.147s | total: 5.471s | samples/s: 11699
Iteration 1503 | train reward: -293.89 | best: 1162.37 | KL: 7.867e-03 | std: 0.1281 | rollout: 5.244s | update: 0.201s | total: 5.445s | samples/s: 11754
Iteration 1504 | train reward: -291.35 | best: 1162.37 | KL: 7.308e-03 | std: 0.1282 | rollout: 4.948s | update: 0.178s | total: 5.126s | samples/s: 12485
Iteration 1505 | train reward: -293.87 | best: 1162.37 | KL: 9.078e-03 | std: 0.1282 | rollout: 5.160s | update: 0.164s | total: 5.324s | samples/s: 12021
Iteration 1506 | train reward: -293.36 | best: 1162.37 | KL: 6.546e-03 | std: 0.1282 | rollout: 5.148s | update: 0.154s | total: 5.302s | samples/s: 12070
Iteration 1507 | train reward: -293.87 | best: 1162.37 | KL: 8.573e-03 | std: 0.1283 | rollout: 5.123s | update: 0.161s | total: 5.284s | samples/s: 12111
Iteration 1508 | train reward: -292.49 | best: 1162.37 | KL: 9.514e-03 | std: 0.1283 | rollout: 5.009s | update: 0.168s | total: 5.178s | samples/s: 12361
Iteration 1509 | train reward: -292.15 | best: 1162.37 | KL: 7.903e-03 | std: 0.1289 | rollout: 5.147s | update: 0.161s | total: 5.308s | samples/s: 12057
Iteration 1510 | train reward: -291.23 | best: 1162.37 | KL: 5.691e-03 | std: 0.1294 | rollout: 5.285s | update: 0.168s | total: 5.453s | samples/s: 11736
Iteration 1511 | train reward: -291.37 | best: 1162.37 | KL: 6.290e-03 | std: 0.1294 | rollout: 5.160s | update: 0.184s | total: 5.344s | samples/s: 11977
Iteration 1512 | train reward: -291.63 | best: 1162.37 | KL: 7.295e-03 | std: 0.1296 | rollout: 5.307s | update: 0.150s | total: 5.458s | samples/s: 11726
Iteration 1513 | train reward: -292.91 | best: 1162.37 | KL: 8.524e-03 | std: 0.1296 | rollout: 5.336s | update: 0.156s | total: 5.492s | samples/s: 11653
Iteration 1514 | train reward: -294.84 | best: 1162.37 | KL: 9.975e-03 | std: 0.1297 | rollout: 5.031s | update: 0.161s | total: 5.191s | samples/s: 12328
Iteration 1515 | train reward: -290.97 | best: 1162.37 | KL: 8.144e-03 | std: 0.1295 | rollout: 5.140s | update: 0.157s | total: 5.297s | samples/s: 12082
Iteration 1516 | train reward: -291.26 | best: 1162.37 | KL: 6.299e-03 | std: 0.1291 | rollout: 5.647s | update: 0.152s | total: 5.800s | samples/s: 11035
Iteration 1517 | train reward: -292.14 | best: 1162.37 | KL: 8.304e-03 | std: 0.1291 | rollout: 5.339s | update: 0.159s | total: 5.498s | samples/s: 11641
Iteration 1518 | train reward: -292.55 | best: 1162.37 | KL: 9.957e-03 | std: 0.1296 | rollout: 5.060s | update: 0.170s | total: 5.230s | samples/s: 12237
Iteration 1519 | train reward: -293.31 | best: 1162.37 | KL: 7.959e-03 | std: 0.1294 | rollout: 5.090s | update: 0.161s | total: 5.251s | samples/s: 12188
Iteration 1520 | train reward: -294.08 | best: 1162.37 | KL: 8.259e-03 | std: 0.1294 | rollout: 5.226s | update: 0.183s | total: 5.409s | samples/s: 11833
Iteration 1521 | train reward: -293.40 | best: 1162.37 | KL: 8.021e-03 | std: 0.1289 | rollout: 5.300s | update: 0.178s | total: 5.478s | samples/s: 11682
Iteration 1522 | train reward: -291.83 | best: 1162.37 | KL: 7.117e-03 | std: 0.1289 | rollout: 5.196s | update: 0.222s | total: 5.418s | samples/s: 11812
Iteration 1523 | train reward: -292.40 | best: 1162.37 | KL: 6.189e-03 | std: 0.1289 | rollout: 5.149s | update: 0.217s | total: 5.366s | samples/s: 11926
Iteration 1524 | train reward: -293.32 | best: 1162.37 | KL: 2.868e-02 | std: 0.1293 | rollout: 5.290s | update: 0.179s | total: 5.469s | samples/s: 11702
Iteration 1525 | train reward: -292.81 | best: 1162.37 | KL: 7.737e-03 | std: 0.1298 | rollout: 5.089s | update: 0.172s | total: 5.261s | samples/s: 12165
Iteration 1526 | train reward: -294.28 | best: 1162.37 | KL: 9.107e-03 | std: 0.1302 | rollout: 5.472s | update: 0.158s | total: 5.630s | samples/s: 11368
Iteration 1527 | train reward: -293.13 | best: 1162.37 | KL: 7.778e-03 | std: 0.1300 | rollout: 5.152s | update: 0.236s | total: 5.388s | samples/s: 11878
Iteration 1528 | train reward: -293.38 | best: 1162.37 | KL: 8.036e-03 | std: 0.1304 | rollout: 5.068s | update: 0.158s | total: 5.226s | samples/s: 12246
Iteration 1529 | train reward: -292.94 | best: 1162.37 | KL: 7.666e-03 | std: 0.1307 | rollout: 5.068s | update: 0.199s | total: 5.268s | samples/s: 12150
Iteration 1530 | train reward: -292.11 | best: 1162.37 | KL: 8.879e-03 | std: 0.1307 | rollout: 5.043s | update: 0.167s | total: 5.210s | samples/s: 12284
Iteration 1531 | train reward: -294.18 | best: 1162.37 | KL: 7.814e-03 | std: 0.1308 | rollout: 5.155s | update: 0.170s | total: 5.325s | samples/s: 12020
Iteration 1532 | train reward: -290.66 | best: 1162.37 | KL: 5.503e-03 | std: 0.1307 | rollout: 5.266s | update: 0.154s | total: 5.420s | samples/s: 11808
Iteration 1533 | train reward: -295.08 | best: 1162.37 | KL: 1.307e-02 | std: 0.1306 | rollout: 5.431s | update: 0.158s | total: 5.589s | samples/s: 11450
Iteration 1534 | train reward: -292.18 | best: 1162.37 | KL: 7.257e-03 | std: 0.1307 | rollout: 5.284s | update: 0.148s | total: 5.432s | samples/s: 11781
Iteration 1535 | train reward: -292.32 | best: 1162.37 | KL: 8.702e-03 | std: 0.1308 | rollout: 5.265s | update: 0.171s | total: 5.436s | samples/s: 11774
Iteration 1536 | train reward: -292.95 | best: 1162.37 | KL: 9.202e-03 | std: 0.1311 | rollout: 5.079s | update: 0.205s | total: 5.284s | samples/s: 12112
Iteration 1537 | train reward: -293.45 | best: 1162.37 | KL: 7.372e-03 | std: 0.1315 | rollout: 5.128s | update: 0.160s | total: 5.288s | samples/s: 12102
Iteration 1538 | train reward: -294.48 | best: 1162.37 | KL: 1.593e-02 | std: 0.1317 | rollout: 5.054s | update: 0.159s | total: 5.213s | samples/s: 12277
Iteration 1539 | train reward: -293.27 | best: 1162.37 | KL: 7.573e-03 | std: 0.1317 | rollout: 5.240s | update: 0.156s | total: 5.396s | samples/s: 11860
Iteration 1540 | train reward: -292.22 | best: 1162.37 | KL: 1.004e-02 | std: 0.1317 | rollout: 5.060s | update: 0.155s | total: 5.215s | samples/s: 12272
Iteration 1541 | train reward: -294.26 | best: 1162.37 | KL: 7.660e-03 | std: 0.1322 | rollout: 5.119s | update: 0.239s | total: 5.359s | samples/s: 11943
Iteration 1542 | train reward: -293.22 | best: 1162.37 | KL: 8.313e-03 | std: 0.1320 | rollout: 5.111s | update: 0.153s | total: 5.265s | samples/s: 12157
Iteration 1543 | train reward: -293.38 | best: 1162.37 | KL: 6.665e-03 | std: 0.1322 | rollout: 5.125s | update: 0.222s | total: 5.348s | samples/s: 11968
Iteration 1544 | train reward: -294.10 | best: 1162.37 | KL: 1.119e-02 | std: 0.1324 | rollout: 5.226s | update: 0.152s | total: 5.378s | samples/s: 11900
Iteration 1545 | train reward: -291.51 | best: 1162.37 | KL: 1.212e-02 | std: 0.1326 | rollout: 5.300s | update: 0.209s | total: 5.510s | samples/s: 11616
Iteration 1546 | train reward: -292.68 | best: 1162.37 | KL: 7.926e-03 | std: 0.1328 | rollout: 5.267s | update: 0.176s | total: 5.443s | samples/s: 11758
Iteration 1547 | train reward: -294.06 | best: 1162.37 | KL: 1.066e-02 | std: 0.1326 | rollout: 5.136s | update: 0.155s | total: 5.291s | samples/s: 12096
Iteration 1548 | train reward: -291.12 | best: 1162.37 | KL: 7.596e-03 | std: 0.1324 | rollout: 5.283s | update: 0.162s | total: 5.446s | samples/s: 11752
Iteration 1549 | train reward: -293.27 | best: 1162.37 | KL: 8.756e-03 | std: 0.1328 | rollout: 5.261s | update: 0.183s | total: 5.444s | samples/s: 11756
Iteration 1550 | train reward: -293.72 | best: 1162.37 | KL: 9.803e-03 | std: 0.1328 | rollout: 5.337s | update: 0.146s | total: 5.483s | samples/s: 11672
Iteration 1551 | train reward: -290.36 | best: 1162.37 | KL: 6.518e-03 | std: 0.1330 | rollout: 5.190s | update: 0.150s | total: 5.340s | samples/s: 11985
Iteration 1552 | train reward: -292.89 | best: 1162.37 | KL: 9.274e-03 | std: 0.1329 | rollout: 5.179s | update: 0.162s | total: 5.341s | samples/s: 11983
Iteration 1553 | train reward: -292.31 | best: 1162.37 | KL: 6.051e-03 | std: 0.1330 | rollout: 5.129s | update: 0.218s | total: 5.347s | samples/s: 11968
Iteration 1554 | train reward: -292.18 | best: 1162.37 | KL: 8.830e-03 | std: 0.1329 | rollout: 5.145s | update: 0.199s | total: 5.344s | samples/s: 11976
Iteration 1555 | train reward: -292.74 | best: 1162.37 | KL: 7.505e-03 | std: 0.1333 | rollout: 5.124s | update: 0.165s | total: 5.289s | samples/s: 12101
Iteration 1556 | train reward: -293.40 | best: 1162.37 | KL: 8.449e-03 | std: 0.1335 | rollout: 5.361s | update: 0.165s | total: 5.526s | samples/s: 11581
Iteration 1557 | train reward: -293.28 | best: 1162.37 | KL: 8.513e-03 | std: 0.1335 | rollout: 5.397s | update: 0.198s | total: 5.595s | samples/s: 11438
Iteration 1558 | train reward: -291.16 | best: 1162.37 | KL: 7.504e-03 | std: 0.1336 | rollout: 5.145s | update: 0.224s | total: 5.369s | samples/s: 11921
Iteration 1559 | train reward: -291.73 | best: 1162.37 | KL: 7.822e-03 | std: 0.1337 | rollout: 5.199s | update: 0.156s | total: 5.355s | samples/s: 11951
Iteration 1560 | train reward: -292.66 | best: 1162.37 | KL: 9.245e-03 | std: 0.1335 | rollout: 5.249s | update: 0.153s | total: 5.402s | samples/s: 11847
Iteration 1561 | train reward: -292.91 | best: 1162.37 | KL: 9.517e-03 | std: 0.1336 | rollout: 5.057s | update: 0.165s | total: 5.222s | samples/s: 12256
Iteration 1562 | train reward: -293.03 | best: 1162.37 | KL: 1.030e-02 | std: 0.1336 | rollout: 5.122s | update: 0.216s | total: 5.338s | samples/s: 11990
Iteration 1563 | train reward: -289.86 | best: 1162.37 | KL: 6.786e-03 | std: 0.1335 | rollout: 5.106s | update: 0.153s | total: 5.259s | samples/s: 12169
Iteration 1564 | train reward: -292.08 | best: 1162.37 | KL: 6.487e-03 | std: 0.1334 | rollout: 5.201s | update: 0.172s | total: 5.374s | samples/s: 11910
Iteration 1565 | train reward: -291.20 | best: 1162.37 | KL: 5.160e-03 | std: 0.1330 | rollout: 5.188s | update: 0.176s | total: 5.364s | samples/s: 11931
Iteration 1566 | train reward: -291.50 | best: 1162.37 | KL: 7.488e-03 | std: 0.1334 | rollout: 5.044s | update: 0.290s | total: 5.334s | samples/s: 11998
Iteration 1567 | train reward: -293.31 | best: 1162.37 | KL: 8.514e-03 | std: 0.1335 | rollout: 5.105s | update: 0.196s | total: 5.301s | samples/s: 12073
Iteration 1568 | train reward: -291.97 | best: 1162.37 | KL: 9.423e-03 | std: 0.1333 | rollout: 5.102s | update: 0.174s | total: 5.276s | samples/s: 12131
Iteration 1569 | train reward: -292.93 | best: 1162.37 | KL: 7.506e-03 | std: 0.1330 | rollout: 4.841s | update: 0.167s | total: 5.007s | samples/s: 12781
Iteration 1570 | train reward: -291.19 | best: 1162.37 | KL: 7.557e-03 | std: 0.1335 | rollout: 5.136s | update: 0.162s | total: 5.298s | samples/s: 12080
Iteration 1571 | train reward: -292.47 | best: 1162.37 | KL: 7.919e-03 | std: 0.1337 | rollout: 5.264s | update: 0.167s | total: 5.431s | samples/s: 11785
Iteration 1572 | train reward: -294.52 | best: 1162.37 | KL: 1.093e-02 | std: 0.1340 | rollout: 5.500s | update: 0.171s | total: 5.671s | samples/s: 11286
Iteration 1573 | train reward: -293.53 | best: 1162.37 | KL: 1.132e-02 | std: 0.1339 | rollout: 5.425s | update: 0.167s | total: 5.593s | samples/s: 11444
Iteration 1574 | train reward: -295.45 | best: 1162.37 | KL: 9.126e-03 | std: 0.1341 | rollout: 5.353s | update: 0.168s | total: 5.521s | samples/s: 11593
Iteration 1575 | train reward: -292.07 | best: 1162.37 | KL: 7.924e-03 | std: 0.1342 | rollout: 4.968s | update: 0.163s | total: 5.131s | samples/s: 12473
Iteration 1576 | train reward: -292.84 | best: 1162.37 | KL: 7.182e-03 | std: 0.1342 | rollout: 5.167s | update: 0.418s | total: 5.585s | samples/s: 11460
Iteration 1577 | train reward: -290.88 | best: 1162.37 | KL: 1.049e-02 | std: 0.1342 | rollout: 5.083s | update: 0.249s | total: 5.332s | samples/s: 12003
Iteration 1578 | train reward: -293.22 | best: 1162.37 | KL: 7.592e-03 | std: 0.1341 | rollout: 5.345s | update: 0.167s | total: 5.512s | samples/s: 11611
Iteration 1579 | train reward: -293.32 | best: 1162.37 | KL: 6.781e-03 | std: 0.1346 | rollout: 5.073s | update: 0.155s | total: 5.227s | samples/s: 12244
Iteration 1580 | train reward: -293.83 | best: 1162.37 | KL: 9.264e-03 | std: 0.1348 | rollout: 4.994s | update: 0.161s | total: 5.155s | samples/s: 12416
Iteration 1581 | train reward: -293.06 | best: 1162.37 | KL: 7.406e-03 | std: 0.1348 | rollout: 5.154s | update: 0.159s | total: 5.313s | samples/s: 12045
Iteration 1582 | train reward: -292.92 | best: 1162.37 | KL: 1.004e-02 | std: 0.1346 | rollout: 5.267s | update: 0.168s | total: 5.435s | samples/s: 11776
Iteration 1583 | train reward: -292.27 | best: 1162.37 | KL: 5.832e-03 | std: 0.1347 | rollout: 5.017s | update: 0.250s | total: 5.267s | samples/s: 12151
Iteration 1584 | train reward: -291.43 | best: 1162.37 | KL: 6.841e-03 | std: 0.1348 | rollout: 4.973s | update: 0.160s | total: 5.133s | samples/s: 12468
Iteration 1585 | train reward: -295.01 | best: 1162.37 | KL: 7.624e-03 | std: 0.1348 | rollout: 5.024s | update: 0.219s | total: 5.242s | samples/s: 12208
Iteration 1586 | train reward: -292.87 | best: 1162.37 | KL: 8.416e-03 | std: 0.1352 | rollout: 5.183s | update: 0.187s | total: 5.369s | samples/s: 11920
Iteration 1587 | train reward: -292.60 | best: 1162.37 | KL: 1.008e-02 | std: 0.1348 | rollout: 5.232s | update: 0.154s | total: 5.386s | samples/s: 11882
Iteration 1588 | train reward: -292.62 | best: 1162.37 | KL: 8.577e-03 | std: 0.1349 | rollout: 5.244s | update: 0.171s | total: 5.415s | samples/s: 11819
Iteration 1589 | train reward: -293.69 | best: 1162.37 | KL: 7.404e-03 | std: 0.1350 | rollout: 5.177s | update: 0.157s | total: 5.334s | samples/s: 12000
Iteration 1590 | train reward: -291.48 | best: 1162.37 | KL: 6.726e-03 | std: 0.1354 | rollout: 5.193s | update: 0.207s | total: 5.400s | samples/s: 11852
Iteration 1591 | train reward: -293.05 | best: 1162.37 | KL: 7.775e-03 | std: 0.1352 | rollout: 5.041s | update: 0.173s | total: 5.214s | samples/s: 12275
Iteration 1592 | train reward: -289.99 | best: 1162.37 | KL: 6.742e-03 | std: 0.1349 | rollout: 4.867s | update: 0.157s | total: 5.024s | samples/s: 12739
Iteration 1593 | train reward: -294.28 | best: 1162.37 | KL: 9.481e-03 | std: 0.1348 | rollout: 5.316s | update: 0.240s | total: 5.556s | samples/s: 11520
Iteration 1594 | train reward: -294.76 | best: 1162.37 | KL: 7.999e-03 | std: 0.1353 | rollout: 5.167s | update: 0.258s | total: 5.425s | samples/s: 11797
Iteration 1595 | train reward: -290.80 | best: 1162.37 | KL: 9.927e-03 | std: 0.1350 | rollout: 5.214s | update: 0.250s | total: 5.464s | samples/s: 11714
Iteration 1596 | train reward: -293.03 | best: 1162.37 | KL: 8.288e-03 | std: 0.1353 | rollout: 5.199s | update: 0.180s | total: 5.379s | samples/s: 11899
Iteration 1597 | train reward: -292.85 | best: 1162.37 | KL: 8.773e-03 | std: 0.1354 | rollout: 5.129s | update: 0.159s | total: 5.288s | samples/s: 12103
Iteration 1598 | train reward: -293.13 | best: 1162.37 | KL: 6.555e-03 | std: 0.1355 | rollout: 5.231s | update: 0.162s | total: 5.393s | samples/s: 11868
Iteration 1599 | train reward: -294.58 | best: 1162.37 | KL: 9.825e-03 | std: 0.1356 | rollout: 5.167s | update: 0.194s | total: 5.361s | samples/s: 11938
Iteration 1600 | train reward: -292.02 | best: 1162.37 | KL: 7.953e-03 | std: 0.1360 | rollout: 5.008s | update: 0.155s | total: 5.163s | samples/s: 12397
Iteration 1601 | train reward: -292.54 | best: 1162.37 | KL: 5.998e-03 | std: 0.1365 | rollout: 5.209s | update: 0.216s | total: 5.425s | samples/s: 11798
Iteration 1602 | train reward: -293.46 | best: 1162.37 | KL: 6.624e-03 | std: 0.1365 | rollout: 5.180s | update: 0.251s | total: 5.431s | samples/s: 11785
Iteration 1603 | train reward: -292.71 | best: 1162.37 | KL: 6.746e-03 | std: 0.1366 | rollout: 5.138s | update: 0.157s | total: 5.294s | samples/s: 12088
Iteration 1604 | train reward: -291.65 | best: 1162.37 | KL: 6.804e-03 | std: 0.1367 | rollout: 5.271s | update: 0.235s | total: 5.506s | samples/s: 11624
Iteration 1605 | train reward: -291.21 | best: 1162.37 | KL: 7.256e-03 | std: 0.1369 | rollout: 5.411s | update: 0.246s | total: 5.657s | samples/s: 11314
Iteration 1606 | train reward: -292.05 | best: 1162.37 | KL: 7.122e-03 | std: 0.1367 | rollout: 5.122s | update: 0.155s | total: 5.277s | samples/s: 12128
Iteration 1607 | train reward: -293.86 | best: 1162.37 | KL: 1.282e-02 | std: 0.1363 | rollout: 5.119s | update: 0.159s | total: 5.278s | samples/s: 12127
Iteration 1608 | train reward: -292.51 | best: 1162.37 | KL: 1.017e-02 | std: 0.1367 | rollout: 5.448s | update: 0.166s | total: 5.614s | samples/s: 11400
Iteration 1609 | train reward: -289.47 | best: 1162.37 | KL: 6.965e-03 | std: 0.1367 | rollout: 5.108s | update: 0.190s | total: 5.298s | samples/s: 12079
Iteration 1610 | train reward: -292.06 | best: 1162.37 | KL: 5.238e-03 | std: 0.1368 | rollout: 5.192s | update: 0.166s | total: 5.358s | samples/s: 11945
Iteration 1611 | train reward: -293.40 | best: 1162.37 | KL: 8.102e-03 | std: 0.1369 | rollout: 5.093s | update: 0.229s | total: 5.322s | samples/s: 12025
Iteration 1612 | train reward: -293.35 | best: 1162.37 | KL: 7.434e-03 | std: 0.1367 | rollout: 5.127s | update: 0.190s | total: 5.317s | samples/s: 12037
Iteration 1613 | train reward: -292.29 | best: 1162.37 | KL: 7.029e-03 | std: 0.1369 | rollout: 5.040s | update: 0.165s | total: 5.204s | samples/s: 12297
Iteration 1614 | train reward: -292.25 | best: 1162.37 | KL: 8.916e-03 | std: 0.1372 | rollout: 5.168s | update: 0.153s | total: 5.322s | samples/s: 12026
Iteration 1615 | train reward: -293.55 | best: 1162.37 | KL: 7.134e-03 | std: 0.1374 | rollout: 5.175s | update: 0.166s | total: 5.341s | samples/s: 11983
Iteration 1616 | train reward: -292.32 | best: 1162.37 | KL: 8.905e-03 | std: 0.1372 | rollout: 5.191s | update: 0.258s | total: 5.448s | samples/s: 11747
Iteration 1617 | train reward: -291.44 | best: 1162.37 | KL: 7.836e-03 | std: 0.1372 | rollout: 5.234s | update: 0.193s | total: 5.427s | samples/s: 11793
Iteration 1618 | train reward: -294.13 | best: 1162.37 | KL: 8.343e-03 | std: 0.1373 | rollout: 5.048s | update: 0.230s | total: 5.278s | samples/s: 12126
Iteration 1619 | train reward: -292.89 | best: 1162.37 | KL: 6.235e-03 | std: 0.1374 | rollout: 5.276s | update: 0.155s | total: 5.431s | samples/s: 11784
Iteration 1620 | train reward: -293.56 | best: 1162.37 | KL: 1.153e-02 | std: 0.1374 | rollout: 5.251s | update: 0.161s | total: 5.411s | samples/s: 11827
Iteration 1621 | train reward: -291.99 | best: 1162.37 | KL: 8.937e-03 | std: 0.1375 | rollout: 5.177s | update: 0.163s | total: 5.340s | samples/s: 11984
Iteration 1622 | train reward: -293.17 | best: 1162.37 | KL: 7.534e-03 | std: 0.1374 | rollout: 4.999s | update: 0.225s | total: 5.225s | samples/s: 12250
Iteration 1623 | train reward: -294.86 | best: 1162.37 | KL: 7.306e-03 | std: 0.1374 | rollout: 5.260s | update: 0.153s | total: 5.413s | samples/s: 11823
Iteration 1624 | train reward: -292.29 | best: 1162.37 | KL: 9.275e-03 | std: 0.1375 | rollout: 5.380s | update: 0.292s | total: 5.672s | samples/s: 11284
Iteration 1625 | train reward: -292.87 | best: 1162.37 | KL: 9.099e-03 | std: 0.1374 | rollout: 5.137s | update: 0.160s | total: 5.297s | samples/s: 12083
Iteration 1626 | train reward: -291.92 | best: 1162.37 | KL: 8.469e-03 | std: 0.1376 | rollout: 5.055s | update: 0.165s | total: 5.220s | samples/s: 12261
Iteration 1627 | train reward: -291.88 | best: 1162.37 | KL: 7.938e-03 | std: 0.1374 | rollout: 5.185s | update: 0.158s | total: 5.343s | samples/s: 11979
Iteration 1628 | train reward: -294.03 | best: 1162.37 | KL: 8.111e-03 | std: 0.1374 | rollout: 5.700s | update: 0.188s | total: 5.888s | samples/s: 10869
Iteration 1629 | train reward: -291.95 | best: 1162.37 | KL: 7.019e-03 | std: 0.1375 | rollout: 5.198s | update: 0.158s | total: 5.357s | samples/s: 11948
Iteration 1630 | train reward: -292.83 | best: 1162.37 | KL: 7.571e-03 | std: 0.1372 | rollout: 5.052s | update: 0.214s | total: 5.266s | samples/s: 12154
Iteration 1631 | train reward: -292.25 | best: 1162.37 | KL: 6.435e-03 | std: 0.1372 | rollout: 5.125s | update: 0.159s | total: 5.285s | samples/s: 12110
Iteration 1632 | train reward: -291.99 | best: 1162.37 | KL: 8.002e-03 | std: 0.1379 | rollout: 5.139s | update: 0.149s | total: 5.288s | samples/s: 12103
Iteration 1633 | train reward: -295.00 | best: 1162.37 | KL: 8.136e-03 | std: 0.1380 | rollout: 5.404s | update: 0.159s | total: 5.563s | samples/s: 11504
Iteration 1634 | train reward: -292.26 | best: 1162.37 | KL: 7.833e-03 | std: 0.1385 | rollout: 5.226s | update: 0.162s | total: 5.388s | samples/s: 11879
Iteration 1635 | train reward: -293.44 | best: 1162.37 | KL: 6.177e-03 | std: 0.1387 | rollout: 5.057s | update: 0.156s | total: 5.213s | samples/s: 12278
Iteration 1636 | train reward: -292.56 | best: 1162.37 | KL: 7.300e-03 | std: 0.1386 | rollout: 5.148s | update: 0.215s | total: 5.363s | samples/s: 11934
Iteration 1637 | train reward: -292.58 | best: 1162.37 | KL: 8.308e-03 | std: 0.1391 | rollout: 5.268s | update: 0.165s | total: 5.432s | samples/s: 11781
Iteration 1638 | train reward: -291.08 | best: 1162.37 | KL: 6.292e-03 | std: 0.1389 | rollout: 5.876s | update: 0.232s | total: 6.109s | samples/s: 10477
Iteration 1639 | train reward: -293.20 | best: 1162.37 | KL: 9.680e-03 | std: 0.1389 | rollout: 5.914s | update: 0.213s | total: 6.127s | samples/s: 10446
Iteration 1640 | train reward: -292.75 | best: 1162.37 | KL: 8.050e-03 | std: 0.1393 | rollout: 5.808s | update: 0.179s | total: 5.986s | samples/s: 10691
Iteration 1641 | train reward: -293.03 | best: 1162.37 | KL: 6.793e-03 | std: 0.1399 | rollout: 5.175s | update: 0.166s | total: 5.341s | samples/s: 11982
Iteration 1642 | train reward: -293.01 | best: 1162.37 | KL: 9.492e-03 | std: 0.1400 | rollout: 5.239s | update: 0.169s | total: 5.408s | samples/s: 11834
Iteration 1643 | train reward: -293.49 | best: 1162.37 | KL: 7.343e-03 | std: 0.1400 | rollout: 5.007s | update: 0.152s | total: 5.159s | samples/s: 12406
Iteration 1644 | train reward: -294.33 | best: 1162.37 | KL: 1.502e-02 | std: 0.1395 | rollout: 5.182s | update: 0.163s | total: 5.345s | samples/s: 11973
Iteration 1645 | train reward: -293.34 | best: 1162.37 | KL: 9.028e-03 | std: 0.1400 | rollout: 5.654s | update: 0.481s | total: 6.135s | samples/s: 10432
Iteration 1646 | train reward: -293.34 | best: 1162.37 | KL: 7.055e-03 | std: 0.1394 | rollout: 5.271s | update: 0.201s | total: 5.471s | samples/s: 11698
Iteration 1647 | train reward: -293.58 | best: 1162.37 | KL: 8.473e-03 | std: 0.1394 | rollout: 5.190s | update: 0.229s | total: 5.419s | samples/s: 11810
Iteration 1648 | train reward: -291.87 | best: 1162.37 | KL: 6.412e-03 | std: 0.1393 | rollout: 5.278s | update: 0.151s | total: 5.429s | samples/s: 11789
Iteration 1649 | train reward: -294.44 | best: 1162.37 | KL: 8.439e-03 | std: 0.1393 | rollout: 5.246s | update: 0.156s | total: 5.402s | samples/s: 11847
Iteration 1650 | train reward: -293.64 | best: 1162.37 | KL: 9.408e-03 | std: 0.1393 | rollout: 5.034s | update: 0.164s | total: 5.198s | samples/s: 12312
Iteration 1651 | train reward: -294.36 | best: 1162.37 | KL: 1.037e-02 | std: 0.1389 | rollout: 5.258s | update: 0.174s | total: 5.433s | samples/s: 11781
Iteration 1652 | train reward: -293.68 | best: 1162.37 | KL: 8.041e-03 | std: 0.1393 | rollout: 5.252s | update: 0.153s | total: 5.405s | samples/s: 11841
Iteration 1653 | train reward: -292.76 | best: 1162.37 | KL: 7.067e-03 | std: 0.1388 | rollout: 5.282s | update: 0.156s | total: 5.438s | samples/s: 11769
Iteration 1654 | train reward: -294.14 | best: 1162.37 | KL: 7.908e-03 | std: 0.1388 | rollout: 5.122s | update: 0.156s | total: 5.279s | samples/s: 12125
Iteration 1655 | train reward: -294.89 | best: 1162.37 | KL: 1.023e-02 | std: 0.1388 | rollout: 5.298s | update: 0.169s | total: 5.467s | samples/s: 11706
Iteration 1656 | train reward: -292.44 | best: 1162.37 | KL: 8.730e-03 | std: 0.1381 | rollout: 5.293s | update: 0.216s | total: 5.509s | samples/s: 11618
Iteration 1657 | train reward: -293.38 | best: 1162.37 | KL: 1.014e-02 | std: 0.1385 | rollout: 5.031s | update: 0.208s | total: 5.239s | samples/s: 12215
Iteration 1658 | train reward: -293.24 | best: 1162.37 | KL: 7.258e-03 | std: 0.1385 | rollout: 5.077s | update: 0.167s | total: 5.244s | samples/s: 12205
Iteration 1659 | train reward: -294.87 | best: 1162.37 | KL: 9.889e-03 | std: 0.1382 | rollout: 5.151s | update: 0.217s | total: 5.368s | samples/s: 11923
Iteration 1660 | train reward: -293.91 | best: 1162.37 | KL: 7.663e-03 | std: 0.1385 | rollout: 5.257s | update: 0.160s | total: 5.417s | samples/s: 11814
Iteration 1661 | train reward: -291.57 | best: 1162.37 | KL: 7.482e-03 | std: 0.1387 | rollout: 5.127s | update: 0.162s | total: 5.290s | samples/s: 12099
Iteration 1662 | train reward: -291.79 | best: 1162.37 | KL: 8.650e-03 | std: 0.1382 | rollout: 5.114s | update: 0.166s | total: 5.280s | samples/s: 12122
Iteration 1663 | train reward: -292.53 | best: 1162.37 | KL: 5.649e-03 | std: 0.1381 | rollout: 5.321s | update: 0.173s | total: 5.494s | samples/s: 11649
Iteration 1664 | train reward: -290.95 | best: 1162.37 | KL: 9.032e-03 | std: 0.1379 | rollout: 5.104s | update: 0.156s | total: 5.259s | samples/s: 12169
Iteration 1665 | train reward: -292.17 | best: 1162.37 | KL: 6.770e-03 | std: 0.1379 | rollout: 5.025s | update: 0.160s | total: 5.185s | samples/s: 12343
Iteration 1666 | train reward: -293.68 | best: 1162.37 | KL: 8.820e-03 | std: 0.1382 | rollout: 5.089s | update: 0.162s | total: 5.250s | samples/s: 12189
Iteration 1667 | train reward: -293.15 | best: 1162.37 | KL: 8.226e-03 | std: 0.1385 | rollout: 4.994s | update: 0.170s | total: 5.163s | samples/s: 12395
Iteration 1668 | train reward: -291.03 | best: 1162.37 | KL: 5.436e-03 | std: 0.1387 | rollout: 5.321s | update: 0.158s | total: 5.479s | samples/s: 11680
Iteration 1669 | train reward: -292.51 | best: 1162.37 | KL: 7.833e-03 | std: 0.1385 | rollout: 5.067s | update: 0.174s | total: 5.242s | samples/s: 12210
Iteration 1670 | train reward: -291.34 | best: 1162.37 | KL: 6.752e-03 | std: 0.1387 | rollout: 5.221s | update: 0.152s | total: 5.373s | samples/s: 11912
Iteration 1671 | train reward: -292.64 | best: 1162.37 | KL: 9.722e-03 | std: 0.1387 | rollout: 5.228s | update: 0.212s | total: 5.440s | samples/s: 11765
Iteration 1672 | train reward: -292.39 | best: 1162.37 | KL: 7.250e-03 | std: 0.1391 | rollout: 5.228s | update: 0.164s | total: 5.391s | samples/s: 11871
Iteration 1673 | train reward: -293.76 | best: 1162.37 | KL: 1.028e-02 | std: 0.1388 | rollout: 5.347s | update: 0.155s | total: 5.502s | samples/s: 11633
Iteration 1674 | train reward: -292.99 | best: 1162.37 | KL: 6.963e-03 | std: 0.1391 | rollout: 5.361s | update: 0.280s | total: 5.642s | samples/s: 11344
Iteration 1675 | train reward: -292.95 | best: 1162.37 | KL: 7.527e-03 | std: 0.1387 | rollout: 5.067s | update: 0.231s | total: 5.298s | samples/s: 12081
Iteration 1676 | train reward: -292.65 | best: 1162.37 | KL: 8.031e-03 | std: 0.1387 | rollout: 5.104s | update: 0.160s | total: 5.264s | samples/s: 12159
Iteration 1677 | train reward: -293.65 | best: 1162.37 | KL: 1.124e-02 | std: 0.1387 | rollout: 5.043s | update: 0.158s | total: 5.201s | samples/s: 12306
Iteration 1678 | train reward: -293.89 | best: 1162.37 | KL: 8.274e-03 | std: 0.1389 | rollout: 5.122s | update: 0.166s | total: 5.289s | samples/s: 12101
Iteration 1679 | train reward: -290.87 | best: 1162.37 | KL: 7.239e-03 | std: 0.1389 | rollout: 5.142s | update: 0.159s | total: 5.301s | samples/s: 12073
Iteration 1680 | train reward: -292.60 | best: 1162.37 | KL: 8.195e-03 | std: 0.1393 | rollout: 5.029s | update: 0.168s | total: 5.197s | samples/s: 12315
Iteration 1681 | train reward: -290.62 | best: 1162.37 | KL: 6.142e-03 | std: 0.1387 | rollout: 5.098s | update: 0.170s | total: 5.268s | samples/s: 12149
Iteration 1682 | train reward: -293.27 | best: 1162.37 | KL: 1.180e-02 | std: 0.1385 | rollout: 5.222s | update: 0.156s | total: 5.378s | samples/s: 11900
Iteration 1683 | train reward: -292.48 | best: 1162.37 | KL: 8.172e-03 | std: 0.1385 | rollout: 5.267s | update: 0.168s | total: 5.434s | samples/s: 11777
Iteration 1684 | train reward: -289.37 | best: 1162.37 | KL: 1.207e-02 | std: 0.1387 | rollout: 5.284s | update: 0.164s | total: 5.448s | samples/s: 11748
Iteration 1685 | train reward: -292.91 | best: 1162.37 | KL: 9.680e-03 | std: 0.1387 | rollout: 5.303s | update: 0.159s | total: 5.462s | samples/s: 11717
Iteration 1686 | train reward: -292.13 | best: 1162.37 | KL: 6.756e-03 | std: 0.1387 | rollout: 5.059s | update: 0.168s | total: 5.227s | samples/s: 12244
Iteration 1687 | train reward: -294.00 | best: 1162.37 | KL: 8.448e-03 | std: 0.1388 | rollout: 5.232s | update: 0.178s | total: 5.410s | samples/s: 11830
Iteration 1688 | train reward: -292.04 | best: 1162.37 | KL: 8.066e-03 | std: 0.1385 | rollout: 5.200s | update: 0.223s | total: 5.423s | samples/s: 11803
Iteration 1689 | train reward: -292.06 | best: 1162.37 | KL: 6.747e-03 | std: 0.1387 | rollout: 5.270s | update: 0.152s | total: 5.422s | samples/s: 11803
Iteration 1690 | train reward: -293.17 | best: 1162.37 | KL: 8.673e-03 | std: 0.1392 | rollout: 5.090s | update: 0.159s | total: 5.249s | samples/s: 12192
Iteration 1691 | train reward: -291.66 | best: 1162.37 | KL: 5.974e-03 | std: 0.1392 | rollout: 4.995s | update: 0.171s | total: 5.167s | samples/s: 12387
Iteration 1692 | train reward: -293.08 | best: 1162.37 | KL: 8.631e-03 | std: 0.1393 | rollout: 5.317s | update: 0.160s | total: 5.477s | samples/s: 11685
Iteration 1693 | train reward: -293.17 | best: 1162.37 | KL: 6.235e-03 | std: 0.1388 | rollout: 5.243s | update: 0.169s | total: 5.413s | samples/s: 11824
Iteration 1694 | train reward: -295.33 | best: 1162.37 | KL: 1.409e-02 | std: 0.1391 | rollout: 5.184s | update: 0.164s | total: 5.348s | samples/s: 11967
Iteration 1695 | train reward: -292.39 | best: 1162.37 | KL: 8.711e-03 | std: 0.1387 | rollout: 5.050s | update: 0.165s | total: 5.216s | samples/s: 12271
Iteration 1696 | train reward: -291.14 | best: 1162.37 | KL: 7.077e-03 | std: 0.1385 | rollout: 5.120s | update: 0.171s | total: 5.291s | samples/s: 12095
Iteration 1697 | train reward: -294.69 | best: 1162.37 | KL: 1.514e-02 | std: 0.1386 | rollout: 5.297s | update: 0.159s | total: 5.457s | samples/s: 11729
Iteration 1698 | train reward: -290.87 | best: 1162.37 | KL: 9.207e-03 | std: 0.1387 | rollout: 4.974s | update: 0.249s | total: 5.224s | samples/s: 12252
Iteration 1699 | train reward: -293.77 | best: 1162.37 | KL: 6.572e-03 | std: 0.1385 | rollout: 5.313s | update: 0.167s | total: 5.480s | samples/s: 11680
Iteration 1700 | train reward: -294.35 | best: 1162.37 | KL: 1.168e-02 | std: 0.1385 | rollout: 5.079s | update: 0.225s | total: 5.305s | samples/s: 12065
Iteration 1701 | train reward: -292.37 | best: 1162.37 | KL: 8.904e-03 | std: 0.1386 | rollout: 5.113s | update: 0.159s | total: 5.272s | samples/s: 12139
Iteration 1702 | train reward: -291.60 | best: 1162.37 | KL: 5.891e-03 | std: 0.1385 | rollout: 5.219s | update: 0.164s | total: 5.383s | samples/s: 11889
Iteration 1703 | train reward: -291.41 | best: 1162.37 | KL: 5.590e-03 | std: 0.1385 | rollout: 5.251s | update: 0.164s | total: 5.415s | samples/s: 11818
Iteration 1704 | train reward: -293.36 | best: 1162.37 | KL: 7.384e-03 | std: 0.1386 | rollout: 5.243s | update: 0.230s | total: 5.473s | samples/s: 11694
Iteration 1705 | train reward: -292.17 | best: 1162.37 | KL: 6.570e-03 | std: 0.1387 | rollout: 5.126s | update: 0.200s | total: 5.326s | samples/s: 12016
Iteration 1706 | train reward: -293.27 | best: 1162.37 | KL: 1.036e-02 | std: 0.1382 | rollout: 5.093s | update: 0.174s | total: 5.268s | samples/s: 12150
Iteration 1707 | train reward: -290.84 | best: 1162.37 | KL: 6.001e-03 | std: 0.1385 | rollout: 5.224s | update: 0.223s | total: 5.447s | samples/s: 11750
Iteration 1708 | train reward: -291.11 | best: 1162.37 | KL: 6.500e-03 | std: 0.1381 | rollout: 5.165s | update: 0.215s | total: 5.380s | samples/s: 11896
Iteration 1709 | train reward: -289.49 | best: 1162.37 | KL: 5.850e-03 | std: 0.1385 | rollout: 5.175s | update: 0.153s | total: 5.328s | samples/s: 12013
Iteration 1710 | train reward: -292.35 | best: 1162.37 | KL: 7.888e-03 | std: 0.1385 | rollout: 5.044s | update: 0.162s | total: 5.207s | samples/s: 12292
Iteration 1711 | train reward: -292.04 | best: 1162.37 | KL: 8.216e-03 | std: 0.1382 | rollout: 5.293s | update: 0.227s | total: 5.520s | samples/s: 11595
Iteration 1712 | train reward: -291.78 | best: 1162.37 | KL: 8.363e-03 | std: 0.1387 | rollout: 5.155s | update: 0.157s | total: 5.312s | samples/s: 12049
Iteration 1713 | train reward: -292.13 | best: 1162.37 | KL: 7.704e-03 | std: 0.1385 | rollout: 5.291s | update: 0.168s | total: 5.459s | samples/s: 11724
Iteration 1714 | train reward: -292.88 | best: 1162.37 | KL: 6.443e-03 | std: 0.1387 | rollout: 4.914s | update: 0.166s | total: 5.080s | samples/s: 12598
Iteration 1715 | train reward: -292.89 | best: 1162.37 | KL: 9.758e-03 | std: 0.1386 | rollout: 5.118s | update: 0.215s | total: 5.333s | samples/s: 12001
Iteration 1716 | train reward: -291.74 | best: 1162.37 | KL: 6.899e-03 | std: 0.1388 | rollout: 5.222s | update: 0.177s | total: 5.398s | samples/s: 11856
Iteration 1717 | train reward: -293.08 | best: 1162.37 | KL: 9.899e-03 | std: 0.1389 | rollout: 5.009s | update: 0.157s | total: 5.165s | samples/s: 12390
Iteration 1718 | train reward: -290.96 | best: 1162.37 | KL: 7.425e-03 | std: 0.1389 | rollout: 5.224s | update: 0.160s | total: 5.384s | samples/s: 11888
Iteration 1719 | train reward: -292.67 | best: 1162.37 | KL: 8.149e-03 | std: 0.1389 | rollout: 5.136s | update: 0.162s | total: 5.298s | samples/s: 12081
Iteration 1720 | train reward: -294.24 | best: 1162.37 | KL: 8.249e-03 | std: 0.1393 | rollout: 5.298s | update: 0.227s | total: 5.525s | samples/s: 11584
Iteration 1721 | train reward: -292.41 | best: 1162.37 | KL: 7.012e-03 | std: 0.1395 | rollout: 4.959s | update: 0.205s | total: 5.163s | samples/s: 12395
Iteration 1722 | train reward: -290.43 | best: 1162.37 | KL: 8.125e-03 | std: 0.1394 | rollout: 5.008s | update: 0.164s | total: 5.172s | samples/s: 12374
Iteration 1723 | train reward: -293.48 | best: 1162.37 | KL: 6.884e-03 | std: 0.1393 | rollout: 5.203s | update: 0.330s | total: 5.533s | samples/s: 11567
Iteration 1724 | train reward: -293.04 | best: 1162.37 | KL: 9.264e-03 | std: 0.1398 | rollout: 5.304s | update: 0.178s | total: 5.482s | samples/s: 11674
Iteration 1725 | train reward: -293.24 | best: 1162.37 | KL: 1.205e-02 | std: 0.1395 | rollout: 5.277s | update: 0.164s | total: 5.440s | samples/s: 11764
Iteration 1726 | train reward: -289.89 | best: 1162.37 | KL: 4.806e-03 | std: 0.1393 | rollout: 5.273s | update: 0.171s | total: 5.444s | samples/s: 11756
Iteration 1727 | train reward: -292.68 | best: 1162.37 | KL: 9.120e-03 | std: 0.1393 | rollout: 5.168s | update: 0.163s | total: 5.330s | samples/s: 12007
Iteration 1728 | train reward: -290.67 | best: 1162.37 | KL: 7.483e-03 | std: 0.1395 | rollout: 5.269s | update: 0.199s | total: 5.468s | samples/s: 11705
Iteration 1729 | train reward: -293.28 | best: 1162.37 | KL: 8.348e-03 | std: 0.1398 | rollout: 5.523s | update: 0.187s | total: 5.710s | samples/s: 11209
Iteration 1730 | train reward: -293.58 | best: 1162.37 | KL: 7.706e-03 | std: 0.1395 | rollout: 5.052s | update: 0.219s | total: 5.271s | samples/s: 12143
Iteration 1731 | train reward: -292.24 | best: 1162.37 | KL: 7.565e-03 | std: 0.1398 | rollout: 4.957s | update: 0.156s | total: 5.113s | samples/s: 12516
Iteration 1732 | train reward: -293.90 | best: 1162.37 | KL: 9.141e-03 | std: 0.1399 | rollout: 5.038s | update: 0.165s | total: 5.204s | samples/s: 12299
Iteration 1733 | train reward: -291.44 | best: 1162.37 | KL: 5.588e-03 | std: 0.1402 | rollout: 5.244s | update: 0.185s | total: 5.429s | samples/s: 11789
Iteration 1734 | train reward: -292.97 | best: 1162.37 | KL: 9.135e-03 | std: 0.1404 | rollout: 5.008s | update: 0.162s | total: 5.170s | samples/s: 12379
Iteration 1735 | train reward: -292.28 | best: 1162.37 | KL: 9.566e-03 | std: 0.1406 | rollout: 5.420s | update: 0.189s | total: 5.610s | samples/s: 11409
Iteration 1736 | train reward: -292.19 | best: 1162.37 | KL: 7.477e-03 | std: 0.1404 | rollout: 5.275s | update: 0.153s | total: 5.429s | samples/s: 11789
Iteration 1737 | train reward: -291.39 | best: 1162.37 | KL: 6.830e-03 | std: 0.1400 | rollout: 5.110s | update: 0.160s | total: 5.270s | samples/s: 12145
Iteration 1738 | train reward: -291.91 | best: 1162.37 | KL: 1.148e-02 | std: 0.1405 | rollout: 5.271s | update: 0.248s | total: 5.520s | samples/s: 11595
Iteration 1739 | train reward: -291.54 | best: 1162.37 | KL: 8.094e-03 | std: 0.1408 | rollout: 5.404s | update: 0.176s | total: 5.580s | samples/s: 11470
Iteration 1740 | train reward: -291.88 | best: 1162.37 | KL: 7.122e-03 | std: 0.1411 | rollout: 5.409s | update: 0.167s | total: 5.576s | samples/s: 11477
Iteration 1741 | train reward: -291.30 | best: 1162.37 | KL: 6.874e-03 | std: 0.1413 | rollout: 5.274s | update: 0.160s | total: 5.434s | samples/s: 11777
Iteration 1742 | train reward: -292.75 | best: 1162.37 | KL: 7.204e-03 | std: 0.1413 | rollout: 5.296s | update: 0.187s | total: 5.483s | samples/s: 11673
Iteration 1743 | train reward: -293.03 | best: 1162.37 | KL: 6.303e-03 | std: 0.1413 | rollout: 5.219s | update: 0.149s | total: 5.368s | samples/s: 11923
Iteration 1744 | train reward: -293.21 | best: 1162.37 | KL: 5.995e-03 | std: 0.1413 | rollout: 5.498s | update: 0.159s | total: 5.657s | samples/s: 11314
Iteration 1745 | train reward: -292.27 | best: 1162.37 | KL: 7.338e-03 | std: 0.1412 | rollout: 5.210s | update: 0.158s | total: 5.367s | samples/s: 11924
Iteration 1746 | train reward: -293.67 | best: 1162.37 | KL: 7.101e-03 | std: 0.1415 | rollout: 5.108s | update: 0.167s | total: 5.274s | samples/s: 12135
Iteration 1747 | train reward: -290.65 | best: 1162.37 | KL: 7.792e-03 | std: 0.1418 | rollout: 5.386s | update: 0.176s | total: 5.562s | samples/s: 11507
Iteration 1748 | train reward: -290.31 | best: 1162.37 | KL: 6.623e-03 | std: 0.1421 | rollout: 5.355s | update: 0.218s | total: 5.573s | samples/s: 11484
Iteration 1749 | train reward: -290.12 | best: 1162.37 | KL: 5.817e-03 | std: 0.1424 | rollout: 5.157s | update: 0.156s | total: 5.313s | samples/s: 12045
Iteration 1750 | train reward: -291.07 | best: 1162.37 | KL: 5.648e-03 | std: 0.1426 | rollout: 5.084s | update: 0.183s | total: 5.268s | samples/s: 12150
Iteration 1751 | train reward: -294.68 | best: 1162.37 | KL: 9.545e-03 | std: 0.1434 | rollout: 5.022s | update: 0.202s | total: 5.224s | samples/s: 12252
Iteration 1752 | train reward: -293.89 | best: 1162.37 | KL: 1.107e-02 | std: 0.1438 | rollout: 5.195s | update: 0.214s | total: 5.408s | samples/s: 11833
Iteration 1753 | train reward: -294.61 | best: 1162.37 | KL: 9.963e-03 | std: 0.1440 | rollout: 4.905s | update: 0.217s | total: 5.121s | samples/s: 12497
Iteration 1754 | train reward: -293.12 | best: 1162.37 | KL: 7.512e-03 | std: 0.1439 | rollout: 5.058s | update: 0.156s | total: 5.215s | samples/s: 12273
Iteration 1755 | train reward: -294.65 | best: 1162.37 | KL: 9.794e-03 | std: 0.1439 | rollout: 5.391s | update: 0.163s | total: 5.554s | samples/s: 11523
Iteration 1756 | train reward: -291.65 | best: 1162.37 | KL: 8.443e-03 | std: 0.1439 | rollout: 5.112s | update: 0.172s | total: 5.283s | samples/s: 12113
Iteration 1757 | train reward: -289.05 | best: 1162.37 | KL: 6.473e-03 | std: 0.1445 | rollout: 4.936s | update: 0.161s | total: 5.098s | samples/s: 12554
Iteration 1758 | train reward: -290.91 | best: 1162.37 | KL: 6.924e-03 | std: 0.1445 | rollout: 4.845s | update: 0.210s | total: 5.055s | samples/s: 12662
Iteration 1759 | train reward: -291.88 | best: 1162.37 | KL: 7.534e-03 | std: 0.1451 | rollout: 5.142s | update: 0.164s | total: 5.307s | samples/s: 12060
Iteration 1760 | train reward: -293.80 | best: 1162.37 | KL: 9.611e-03 | std: 0.1450 | rollout: 5.012s | update: 0.155s | total: 5.167s | samples/s: 12386
Iteration 1761 | train reward: -290.65 | best: 1162.37 | KL: 6.415e-03 | std: 0.1452 | rollout: 4.970s | update: 0.284s | total: 5.254s | samples/s: 12181
Iteration 1762 | train reward: -292.10 | best: 1162.37 | KL: 7.810e-03 | std: 0.1452 | rollout: 5.143s | update: 0.152s | total: 5.295s | samples/s: 12087
Iteration 1763 | train reward: -290.75 | best: 1162.37 | KL: 6.731e-03 | std: 0.1457 | rollout: 5.082s | update: 0.169s | total: 5.251s | samples/s: 12188
Iteration 1764 | train reward: -292.15 | best: 1162.37 | KL: 9.085e-03 | std: 0.1458 | rollout: 5.138s | update: 0.161s | total: 5.299s | samples/s: 12078
Iteration 1765 | train reward: -292.23 | best: 1162.37 | KL: 7.600e-03 | std: 0.1459 | rollout: 5.149s | update: 0.159s | total: 5.308s | samples/s: 12056
Iteration 1766 | train reward: -292.85 | best: 1162.37 | KL: 6.680e-03 | std: 0.1464 | rollout: 5.084s | update: 0.164s | total: 5.249s | samples/s: 12193
Iteration 1767 | train reward: -291.87 | best: 1162.37 | KL: 8.621e-03 | std: 0.1456 | rollout: 5.039s | update: 0.166s | total: 5.205s | samples/s: 12296
Iteration 1768 | train reward: -291.16 | best: 1162.37 | KL: 9.731e-03 | std: 0.1454 | rollout: 4.944s | update: 0.161s | total: 5.105s | samples/s: 12536
Iteration 1769 | train reward: -293.91 | best: 1162.37 | KL: 8.153e-03 | std: 0.1458 | rollout: 5.095s | update: 0.161s | total: 5.256s | samples/s: 12176
Iteration 1770 | train reward: -291.70 | best: 1162.37 | KL: 7.560e-03 | std: 0.1458 | rollout: 5.156s | update: 0.154s | total: 5.310s | samples/s: 12053
Iteration 1771 | train reward: -294.32 | best: 1162.37 | KL: 1.051e-02 | std: 0.1458 | rollout: 5.076s | update: 0.158s | total: 5.234s | samples/s: 12227
Iteration 1772 | train reward: -291.96 | best: 1162.37 | KL: 8.213e-03 | std: 0.1464 | rollout: 5.191s | update: 0.235s | total: 5.426s | samples/s: 11795
Iteration 1773 | train reward: -291.92 | best: 1162.37 | KL: 7.092e-03 | std: 0.1467 | rollout: 5.147s | update: 0.184s | total: 5.331s | samples/s: 12005
Iteration 1774 | train reward: -292.07 | best: 1162.37 | KL: 8.314e-03 | std: 0.1467 | rollout: 5.405s | update: 0.177s | total: 5.583s | samples/s: 11464
Iteration 1775 | train reward: -293.43 | best: 1162.37 | KL: 1.079e-02 | std: 0.1465 | rollout: 5.133s | update: 0.174s | total: 5.308s | samples/s: 12058
Iteration 1776 | train reward: -294.21 | best: 1162.37 | KL: 9.078e-03 | std: 0.1465 | rollout: 5.095s | update: 0.164s | total: 5.259s | samples/s: 12169
Iteration 1777 | train reward: -290.77 | best: 1162.37 | KL: 8.791e-03 | std: 0.1465 | rollout: 5.096s | update: 0.154s | total: 5.251s | samples/s: 12189
Iteration 1778 | train reward: -291.66 | best: 1162.37 | KL: 7.226e-03 | std: 0.1466 | rollout: 5.185s | update: 0.222s | total: 5.407s | samples/s: 11837
Iteration 1779 | train reward: -293.46 | best: 1162.37 | KL: 6.193e-03 | std: 0.1467 | rollout: 5.284s | update: 0.154s | total: 5.438s | samples/s: 11770
Iteration 1780 | train reward: -293.22 | best: 1162.37 | KL: 9.024e-03 | std: 0.1467 | rollout: 5.095s | update: 0.165s | total: 5.260s | samples/s: 12167
Iteration 1781 | train reward: -292.33 | best: 1162.37 | KL: 5.345e-03 | std: 0.1470 | rollout: 5.101s | update: 0.181s | total: 5.282s | samples/s: 12116
Iteration 1782 | train reward: -291.73 | best: 1162.37 | KL: 6.599e-03 | std: 0.1472 | rollout: 5.013s | update: 0.218s | total: 5.230s | samples/s: 12236
Iteration 1783 | train reward: -291.56 | best: 1162.37 | KL: 6.519e-03 | std: 0.1471 | rollout: 5.074s | update: 0.144s | total: 5.218s | samples/s: 12264
Iteration 1784 | train reward: -293.79 | best: 1162.37 | KL: 1.055e-02 | std: 0.1471 | rollout: 5.356s | update: 0.202s | total: 5.558s | samples/s: 11514
Iteration 1785 | train reward: -294.14 | best: 1162.37 | KL: 9.204e-03 | std: 0.1467 | rollout: 5.291s | update: 0.150s | total: 5.442s | samples/s: 11761
Iteration 1786 | train reward: -293.04 | best: 1162.37 | KL: 6.888e-03 | std: 0.1465 | rollout: 5.284s | update: 0.150s | total: 5.433s | samples/s: 11780
Iteration 1787 | train reward: -289.31 | best: 1162.37 | KL: 1.043e-02 | std: 0.1471 | rollout: 5.352s | update: 0.267s | total: 5.619s | samples/s: 11390
Iteration 1788 | train reward: -293.79 | best: 1162.37 | KL: 7.686e-03 | std: 0.1471 | rollout: 5.270s | update: 0.172s | total: 5.443s | samples/s: 11759
Iteration 1789 | train reward: -293.90 | best: 1162.37 | KL: 1.060e-02 | std: 0.1470 | rollout: 5.636s | update: 0.152s | total: 5.789s | samples/s: 11056
Iteration 1790 | train reward: -291.56 | best: 1162.37 | KL: 8.959e-03 | std: 0.1470 | rollout: 5.123s | update: 0.176s | total: 5.299s | samples/s: 12078
Iteration 1791 | train reward: -294.28 | best: 1162.37 | KL: 8.457e-03 | std: 0.1466 | rollout: 5.254s | update: 0.162s | total: 5.416s | samples/s: 11817
Iteration 1792 | train reward: -293.38 | best: 1162.37 | KL: 9.561e-03 | std: 0.1466 | rollout: 5.228s | update: 0.226s | total: 5.455s | samples/s: 11733
Iteration 1793 | train reward: -293.98 | best: 1162.37 | KL: 7.763e-03 | std: 0.1465 | rollout: 5.316s | update: 0.178s | total: 5.494s | samples/s: 11649
Iteration 1794 | train reward: -291.43 | best: 1162.37 | KL: 8.036e-03 | std: 0.1464 | rollout: 5.236s | update: 0.204s | total: 5.441s | samples/s: 11763
Iteration 1795 | train reward: -293.14 | best: 1162.37 | KL: 1.068e-02 | std: 0.1469 | rollout: 5.293s | update: 0.165s | total: 5.458s | samples/s: 11725
Iteration 1796 | train reward: -291.82 | best: 1162.37 | KL: 7.153e-03 | std: 0.1466 | rollout: 5.894s | update: 0.221s | total: 6.115s | samples/s: 10466
Iteration 1797 | train reward: -293.29 | best: 1162.37 | KL: 7.199e-03 | std: 0.1470 | rollout: 5.068s | update: 0.209s | total: 5.277s | samples/s: 12128
Iteration 1798 | train reward: -291.98 | best: 1162.37 | KL: 6.839e-03 | std: 0.1476 | rollout: 5.151s | update: 0.232s | total: 5.383s | samples/s: 11890
Iteration 1799 | train reward: -293.63 | best: 1162.37 | KL: 1.052e-02 | std: 0.1476 | rollout: 4.957s | update: 0.163s | total: 5.120s | samples/s: 12501
Iteration 1800 | train reward: -293.02 | best: 1162.37 | KL: 6.293e-03 | std: 0.1484 | rollout: 5.239s | update: 0.226s | total: 5.466s | samples/s: 11710
Iteration 1801 | train reward: -291.84 | best: 1162.37 | KL: 8.863e-03 | std: 0.1486 | rollout: 4.975s | update: 0.190s | total: 5.166s | samples/s: 12389
Iteration 1802 | train reward: -291.61 | best: 1162.37 | KL: 5.977e-03 | std: 0.1484 | rollout: 5.236s | update: 0.154s | total: 5.390s | samples/s: 11873
Iteration 1803 | train reward: -292.01 | best: 1162.37 | KL: 7.562e-03 | std: 0.1484 | rollout: 5.142s | update: 0.174s | total: 5.316s | samples/s: 12038
Iteration 1804 | train reward: -291.74 | best: 1162.37 | KL: 8.342e-03 | std: 0.1484 | rollout: 5.325s | update: 0.165s | total: 5.490s | samples/s: 11657
Iteration 1805 | train reward: -293.68 | best: 1162.37 | KL: 1.004e-02 | std: 0.1486 | rollout: 5.784s | update: 0.446s | total: 6.231s | samples/s: 10271
Iteration 1806 | train reward: -288.58 | best: 1162.37 | KL: 6.991e-03 | std: 0.1489 | rollout: 5.924s | update: 0.213s | total: 6.137s | samples/s: 10429
Iteration 1807 | train reward: -292.27 | best: 1162.37 | KL: 7.843e-03 | std: 0.1486 | rollout: 5.650s | update: 0.153s | total: 5.803s | samples/s: 11029
Iteration 1808 | train reward: -291.71 | best: 1162.37 | KL: 7.495e-03 | std: 0.1485 | rollout: 5.111s | update: 0.213s | total: 5.324s | samples/s: 12021
Iteration 1809 | train reward: -293.60 | best: 1162.37 | KL: 8.762e-03 | std: 0.1484 | rollout: 5.274s | update: 0.152s | total: 5.427s | samples/s: 11794
Iteration 1810 | train reward: -293.76 | best: 1162.37 | KL: 1.046e-02 | std: 0.1485 | rollout: 5.082s | update: 0.158s | total: 5.240s | samples/s: 12213
Iteration 1811 | train reward: -292.92 | best: 1162.37 | KL: 7.286e-03 | std: 0.1486 | rollout: 5.034s | update: 0.156s | total: 5.190s | samples/s: 12331
Iteration 1812 | train reward: -294.84 | best: 1162.37 | KL: 1.106e-02 | std: 0.1489 | rollout: 5.306s | update: 0.173s | total: 5.479s | samples/s: 11682
Iteration 1813 | train reward: -292.69 | best: 1162.37 | KL: 9.970e-03 | std: 0.1490 | rollout: 5.114s | update: 0.178s | total: 5.291s | samples/s: 12095
Iteration 1814 | train reward: -292.17 | best: 1162.37 | KL: 8.671e-03 | std: 0.1493 | rollout: 5.234s | update: 0.191s | total: 5.425s | samples/s: 11797
Iteration 1815 | train reward: -292.82 | best: 1162.37 | KL: 1.015e-02 | std: 0.1492 | rollout: 5.152s | update: 0.149s | total: 5.301s | samples/s: 12073
Iteration 1816 | train reward: -293.06 | best: 1162.37 | KL: 9.034e-03 | std: 0.1492 | rollout: 5.262s | update: 0.157s | total: 5.419s | samples/s: 11811
Iteration 1817 | train reward: -294.39 | best: 1162.37 | KL: 1.193e-02 | std: 0.1491 | rollout: 5.119s | update: 0.225s | total: 5.344s | samples/s: 11976
Iteration 1818 | train reward: -293.18 | best: 1162.37 | KL: 9.576e-03 | std: 0.1486 | rollout: 5.203s | update: 0.203s | total: 5.407s | samples/s: 11837
Iteration 1819 | train reward: -292.43 | best: 1162.37 | KL: 7.489e-03 | std: 0.1486 | rollout: 5.388s | update: 0.158s | total: 5.546s | samples/s: 11539
Iteration 1820 | train reward: -292.04 | best: 1162.37 | KL: 8.826e-03 | std: 0.1485 | rollout: 5.192s | update: 0.157s | total: 5.349s | samples/s: 11965
Iteration 1821 | train reward: -292.57 | best: 1162.37 | KL: 8.281e-03 | std: 0.1486 | rollout: 5.057s | update: 0.155s | total: 5.212s | samples/s: 12280
Iteration 1822 | train reward: -292.23 | best: 1162.37 | KL: 7.251e-03 | std: 0.1489 | rollout: 5.282s | update: 0.157s | total: 5.440s | samples/s: 11765
Iteration 1823 | train reward: -292.15 | best: 1162.37 | KL: 8.741e-03 | std: 0.1491 | rollout: 5.065s | update: 0.161s | total: 5.226s | samples/s: 12245
Iteration 1824 | train reward: -294.66 | best: 1162.37 | KL: 1.136e-02 | std: 0.1496 | rollout: 5.323s | update: 0.159s | total: 5.481s | samples/s: 11676
Iteration 1825 | train reward: -292.48 | best: 1162.37 | KL: 8.601e-03 | std: 0.1497 | rollout: 5.067s | update: 0.339s | total: 5.406s | samples/s: 11839
Iteration 1826 | train reward: -293.04 | best: 1162.37 | KL: 8.364e-03 | std: 0.1496 | rollout: 5.195s | update: 0.169s | total: 5.364s | samples/s: 11931
Iteration 1827 | train reward: -289.78 | best: 1162.37 | KL: 1.015e-02 | std: 0.1499 | rollout: 5.183s | update: 0.265s | total: 5.447s | samples/s: 11749
Iteration 1828 | train reward: -291.52 | best: 1162.37 | KL: 9.809e-03 | std: 0.1499 | rollout: 5.087s | update: 0.174s | total: 5.260s | samples/s: 12167
Iteration 1829 | train reward: -292.72 | best: 1162.37 | KL: 8.541e-03 | std: 0.1502 | rollout: 5.311s | update: 0.161s | total: 5.471s | samples/s: 11697
Iteration 1830 | train reward: -291.08 | best: 1162.37 | KL: 7.248e-03 | std: 0.1503 | rollout: 5.064s | update: 0.158s | total: 5.222s | samples/s: 12256
Iteration 1831 | train reward: -289.36 | best: 1162.37 | KL: 7.274e-03 | std: 0.1504 | rollout: 5.178s | update: 0.166s | total: 5.344s | samples/s: 11976
Iteration 1832 | train reward: -293.23 | best: 1162.37 | KL: 7.689e-03 | std: 0.1504 | rollout: 5.233s | update: 0.164s | total: 5.398s | samples/s: 11856
Iteration 1833 | train reward: -290.95 | best: 1162.37 | KL: 5.852e-03 | std: 0.1509 | rollout: 5.240s | update: 0.156s | total: 5.396s | samples/s: 11860
Iteration 1834 | train reward: -292.19 | best: 1162.37 | KL: 6.042e-03 | std: 0.1511 | rollout: 5.199s | update: 0.170s | total: 5.369s | samples/s: 11920
Iteration 1835 | train reward: -291.65 | best: 1162.37 | KL: 7.691e-03 | std: 0.1510 | rollout: 5.226s | update: 0.149s | total: 5.375s | samples/s: 11907
Iteration 1836 | train reward: -290.99 | best: 1162.37 | KL: 6.572e-03 | std: 0.1511 | rollout: 5.301s | update: 0.176s | total: 5.477s | samples/s: 11685
Iteration 1837 | train reward: -290.40 | best: 1162.37 | KL: 7.503e-03 | std: 0.1511 | rollout: 5.084s | update: 0.147s | total: 5.232s | samples/s: 12233
Iteration 1838 | train reward: -292.22 | best: 1162.37 | KL: 6.294e-03 | std: 0.1509 | rollout: 5.658s | update: 0.158s | total: 5.816s | samples/s: 11004
Iteration 1839 | train reward: -293.50 | best: 1162.37 | KL: 7.128e-03 | std: 0.1504 | rollout: 5.020s | update: 0.152s | total: 5.172s | samples/s: 12375
Iteration 1840 | train reward: -291.44 | best: 1162.37 | KL: 7.245e-03 | std: 0.1504 | rollout: 4.903s | update: 0.185s | total: 5.088s | samples/s: 12580
Iteration 1841 | train reward: -292.25 | best: 1162.37 | KL: 7.489e-03 | std: 0.1506 | rollout: 5.593s | update: 0.215s | total: 5.808s | samples/s: 11020
Iteration 1842 | train reward: -293.15 | best: 1162.37 | KL: 6.574e-03 | std: 0.1509 | rollout: 5.223s | update: 0.159s | total: 5.382s | samples/s: 11891
Iteration 1843 | train reward: -292.75 | best: 1162.37 | KL: 5.993e-03 | std: 0.1509 | rollout: 5.427s | update: 0.170s | total: 5.597s | samples/s: 11435
Iteration 1844 | train reward: -291.91 | best: 1162.37 | KL: 6.112e-03 | std: 0.1512 | rollout: 5.039s | update: 0.168s | total: 5.207s | samples/s: 12291
Iteration 1845 | train reward: -292.75 | best: 1162.37 | KL: 9.525e-03 | std: 0.1515 | rollout: 5.196s | update: 0.171s | total: 5.366s | samples/s: 11926
Iteration 1846 | train reward: -293.50 | best: 1162.37 | KL: 7.057e-03 | std: 0.1517 | rollout: 5.115s | update: 0.163s | total: 5.278s | samples/s: 12125
Iteration 1847 | train reward: -293.01 | best: 1162.37 | KL: 7.174e-03 | std: 0.1516 | rollout: 5.181s | update: 0.151s | total: 5.332s | samples/s: 12003
Iteration 1848 | train reward: -292.26 | best: 1162.37 | KL: 7.296e-03 | std: 0.1517 | rollout: 5.228s | update: 0.150s | total: 5.378s | samples/s: 11900
Iteration 1849 | train reward: -291.72 | best: 1162.37 | KL: 7.392e-03 | std: 0.1518 | rollout: 4.958s | update: 0.161s | total: 5.120s | samples/s: 12500
Iteration 1850 | train reward: -293.43 | best: 1162.37 | KL: 8.477e-03 | std: 0.1523 | rollout: 5.177s | update: 0.216s | total: 5.393s | samples/s: 11866
Iteration 1851 | train reward: -290.74 | best: 1162.37 | KL: 6.413e-03 | std: 0.1524 | rollout: 5.289s | update: 0.241s | total: 5.530s | samples/s: 11573
Iteration 1852 | train reward: -292.67 | best: 1162.37 | KL: 7.634e-03 | std: 0.1525 | rollout: 5.626s | update: 0.227s | total: 5.854s | samples/s: 10933
Iteration 1853 | train reward: -292.46 | best: 1162.37 | KL: 7.063e-03 | std: 0.1530 | rollout: 5.252s | update: 0.161s | total: 5.413s | samples/s: 11823
Iteration 1854 | train reward: -291.37 | best: 1162.37 | KL: 6.935e-03 | std: 0.1530 | rollout: 5.298s | update: 0.169s | total: 5.467s | samples/s: 11707
Iteration 1855 | train reward: -292.28 | best: 1162.37 | KL: 7.385e-03 | std: 0.1535 | rollout: 5.374s | update: 0.165s | total: 5.540s | samples/s: 11553
Iteration 1856 | train reward: -294.93 | best: 1162.37 | KL: 1.008e-02 | std: 0.1537 | rollout: 5.657s | update: 0.154s | total: 5.811s | samples/s: 11014
Iteration 1857 | train reward: -291.87 | best: 1162.37 | KL: 9.023e-03 | std: 0.1536 | rollout: 5.043s | update: 0.167s | total: 5.210s | samples/s: 12284
Iteration 1858 | train reward: -292.40 | best: 1162.37 | KL: 7.426e-03 | std: 0.1536 | rollout: 5.161s | update: 0.150s | total: 5.311s | samples/s: 12051
Iteration 1859 | train reward: -292.05 | best: 1162.37 | KL: 6.695e-03 | std: 0.1541 | rollout: 5.064s | update: 0.150s | total: 5.214s | samples/s: 12274
Iteration 1860 | train reward: -291.78 | best: 1162.37 | KL: 7.543e-03 | std: 0.1545 | rollout: 5.466s | update: 0.316s | total: 5.782s | samples/s: 11069
Iteration 1861 | train reward: -294.43 | best: 1162.37 | KL: 1.049e-02 | std: 0.1545 | rollout: 5.454s | update: 0.182s | total: 5.636s | samples/s: 11356
Iteration 1862 | train reward: -291.68 | best: 1162.37 | KL: 6.805e-03 | std: 0.1548 | rollout: 5.467s | update: 0.207s | total: 5.674s | samples/s: 11279
Iteration 1863 | train reward: -290.12 | best: 1162.37 | KL: 7.535e-03 | std: 0.1548 | rollout: 5.029s | update: 0.154s | total: 5.183s | samples/s: 12348
Iteration 1864 | train reward: -293.08 | best: 1162.37 | KL: 8.725e-03 | std: 0.1549 | rollout: 4.985s | update: 0.163s | total: 5.148s | samples/s: 12431
Iteration 1865 | train reward: -290.83 | best: 1162.37 | KL: 6.311e-03 | std: 0.1549 | rollout: 5.266s | update: 0.171s | total: 5.437s | samples/s: 11771
Iteration 1866 | train reward: -291.01 | best: 1162.37 | KL: 5.903e-03 | std: 0.1550 | rollout: 5.344s | update: 0.167s | total: 5.510s | samples/s: 11615
Iteration 1867 | train reward: -291.66 | best: 1162.37 | KL: 9.263e-03 | std: 0.1554 | rollout: 5.241s | update: 0.165s | total: 5.407s | samples/s: 11838
Iteration 1868 | train reward: -291.85 | best: 1162.37 | KL: 5.795e-03 | std: 0.1554 | rollout: 5.135s | update: 0.155s | total: 5.291s | samples/s: 12096
Iteration 1869 | train reward: -292.04 | best: 1162.37 | KL: 8.025e-03 | std: 0.1556 | rollout: 5.187s | update: 0.167s | total: 5.354s | samples/s: 11953
Iteration 1870 | train reward: -289.01 | best: 1162.37 | KL: 5.336e-03 | std: 0.1557 | rollout: 5.161s | update: 0.306s | total: 5.467s | samples/s: 11706
Iteration 1871 | train reward: -292.48 | best: 1162.37 | KL: 7.777e-03 | std: 0.1562 | rollout: 5.108s | update: 0.161s | total: 5.270s | samples/s: 12145
Iteration 1872 | train reward: -291.14 | best: 1162.37 | KL: 1.156e-02 | std: 0.1561 | rollout: 5.238s | update: 0.204s | total: 5.441s | samples/s: 11761
Iteration 1873 | train reward: -293.13 | best: 1162.37 | KL: 8.051e-03 | std: 0.1563 | rollout: 5.022s | update: 0.262s | total: 5.283s | samples/s: 12114
Iteration 1874 | train reward: -293.72 | best: 1162.37 | KL: 6.186e-03 | std: 0.1569 | rollout: 5.310s | update: 0.162s | total: 5.472s | samples/s: 11697
Iteration 1875 | train reward: -291.37 | best: 1162.37 | KL: 7.441e-03 | std: 0.1574 | rollout: 5.149s | update: 0.239s | total: 5.388s | samples/s: 11878
Iteration 1876 | train reward: -291.65 | best: 1162.37 | KL: 9.275e-03 | std: 0.1575 | rollout: 5.171s | update: 0.158s | total: 5.330s | samples/s: 12008
Iteration 1877 | train reward: -295.03 | best: 1162.37 | KL: 1.057e-02 | std: 0.1574 | rollout: 5.198s | update: 0.165s | total: 5.363s | samples/s: 11934
Iteration 1878 | train reward: -291.04 | best: 1162.37 | KL: 6.479e-03 | std: 0.1576 | rollout: 5.134s | update: 0.225s | total: 5.360s | samples/s: 11941
Iteration 1879 | train reward: -289.32 | best: 1162.37 | KL: 6.339e-03 | std: 0.1582 | rollout: 5.023s | update: 0.169s | total: 5.192s | samples/s: 12327
Iteration 1880 | train reward: -293.35 | best: 1162.37 | KL: 7.495e-03 | std: 0.1583 | rollout: 5.149s | update: 0.156s | total: 5.305s | samples/s: 12065
Iteration 1881 | train reward: -289.07 | best: 1162.37 | KL: 5.797e-03 | std: 0.1582 | rollout: 5.130s | update: 0.153s | total: 5.283s | samples/s: 12114
Iteration 1882 | train reward: -292.80 | best: 1162.37 | KL: 8.850e-03 | std: 0.1587 | rollout: 5.269s | update: 0.223s | total: 5.492s | samples/s: 11653
Iteration 1883 | train reward: -293.46 | best: 1162.37 | KL: 1.049e-02 | std: 0.1588 | rollout: 5.190s | update: 0.177s | total: 5.367s | samples/s: 11926
Iteration 1884 | train reward: -291.40 | best: 1162.37 | KL: 8.303e-03 | std: 0.1587 | rollout: 5.227s | update: 0.168s | total: 5.396s | samples/s: 11861
Iteration 1885 | train reward: -290.77 | best: 1162.37 | KL: 7.579e-03 | std: 0.1584 | rollout: 5.309s | update: 0.171s | total: 5.480s | samples/s: 11678
Iteration 1886 | train reward: -292.00 | best: 1162.37 | KL: 6.840e-03 | std: 0.1587 | rollout: 4.902s | update: 0.165s | total: 5.067s | samples/s: 12632
Iteration 1887 | train reward: -290.83 | best: 1162.37 | KL: 6.047e-03 | std: 0.1588 | rollout: 5.146s | update: 0.222s | total: 5.368s | samples/s: 11922
Iteration 1888 | train reward: -292.11 | best: 1162.37 | KL: 1.126e-02 | std: 0.1589 | rollout: 5.255s | update: 0.221s | total: 5.476s | samples/s: 11688
Iteration 1889 | train reward: -291.78 | best: 1162.37 | KL: 8.472e-03 | std: 0.1590 | rollout: 5.026s | update: 0.297s | total: 5.323s | samples/s: 12023
Iteration 1890 | train reward: -292.75 | best: 1162.37 | KL: 9.628e-03 | std: 0.1595 | rollout: 5.200s | update: 0.161s | total: 5.361s | samples/s: 11939
Iteration 1891 | train reward: -291.53 | best: 1162.37 | KL: 5.042e-03 | std: 0.1590 | rollout: 5.052s | update: 0.215s | total: 5.267s | samples/s: 12151
Iteration 1892 | train reward: -291.63 | best: 1162.37 | KL: 9.458e-03 | std: 0.1589 | rollout: 5.180s | update: 0.185s | total: 5.366s | samples/s: 11928
Iteration 1893 | train reward: -293.53 | best: 1162.37 | KL: 9.855e-03 | std: 0.1588 | rollout: 5.262s | update: 0.161s | total: 5.423s | samples/s: 11801
Iteration 1894 | train reward: -292.64 | best: 1162.37 | KL: 5.644e-03 | std: 0.1590 | rollout: 4.983s | update: 0.169s | total: 5.151s | samples/s: 12425
Iteration 1895 | train reward: -291.59 | best: 1162.37 | KL: 6.801e-03 | std: 0.1589 | rollout: 5.303s | update: 0.162s | total: 5.465s | samples/s: 11711
Iteration 1896 | train reward: -290.43 | best: 1162.37 | KL: 6.893e-03 | std: 0.1590 | rollout: 5.237s | update: 0.156s | total: 5.393s | samples/s: 11867
Iteration 1897 | train reward: -292.04 | best: 1162.37 | KL: 8.014e-03 | std: 0.1589 | rollout: 5.242s | update: 0.252s | total: 5.494s | samples/s: 11649
Iteration 1898 | train reward: -289.72 | best: 1162.37 | KL: 9.431e-03 | std: 0.1590 | rollout: 5.162s | update: 0.232s | total: 5.394s | samples/s: 11864
Iteration 1899 | train reward: -295.03 | best: 1162.37 | KL: 8.609e-03 | std: 0.1588 | rollout: 5.175s | update: 0.164s | total: 5.339s | samples/s: 11987
Iteration 1900 | train reward: -292.47 | best: 1162.37 | KL: 6.700e-03 | std: 0.1587 | rollout: 5.131s | update: 0.161s | total: 5.292s | samples/s: 12093
Iteration 1901 | train reward: -292.52 | best: 1162.37 | KL: 7.504e-03 | std: 0.1590 | rollout: 5.180s | update: 0.155s | total: 5.335s | samples/s: 11997
Iteration 1902 | train reward: -293.45 | best: 1162.37 | KL: 8.358e-03 | std: 0.1593 | rollout: 5.166s | update: 0.189s | total: 5.354s | samples/s: 11953
Iteration 1903 | train reward: -291.73 | best: 1162.37 | KL: 5.424e-03 | std: 0.1590 | rollout: 5.241s | update: 0.157s | total: 5.398s | samples/s: 11857
Iteration 1904 | train reward: -290.29 | best: 1162.37 | KL: 6.512e-03 | std: 0.1589 | rollout: 5.290s | update: 0.174s | total: 5.464s | samples/s: 11713
Iteration 1905 | train reward: -293.25 | best: 1162.37 | KL: 6.778e-03 | std: 0.1596 | rollout: 5.450s | update: 0.169s | total: 5.619s | samples/s: 11390
Iteration 1906 | train reward: -293.05 | best: 1162.37 | KL: 7.196e-03 | std: 0.1595 | rollout: 5.219s | update: 0.166s | total: 5.385s | samples/s: 11885
Iteration 1907 | train reward: -291.39 | best: 1162.37 | KL: 7.169e-03 | std: 0.1600 | rollout: 5.597s | update: 0.171s | total: 5.768s | samples/s: 11096
Iteration 1908 | train reward: -293.55 | best: 1162.37 | KL: 9.973e-03 | std: 0.1603 | rollout: 5.243s | update: 0.158s | total: 5.400s | samples/s: 11851
Iteration 1909 | train reward: -291.55 | best: 1162.37 | KL: 8.333e-03 | std: 0.1608 | rollout: 4.953s | update: 0.158s | total: 5.111s | samples/s: 12521
Iteration 1910 | train reward: -289.98 | best: 1162.37 | KL: 7.291e-03 | std: 0.1608 | rollout: 5.063s | update: 0.175s | total: 5.238s | samples/s: 12219
Iteration 1911 | train reward: -291.93 | best: 1162.37 | KL: 7.104e-03 | std: 0.1608 | rollout: 5.260s | update: 0.203s | total: 5.463s | samples/s: 11714
Iteration 1912 | train reward: -292.30 | best: 1162.37 | KL: 7.325e-03 | std: 0.1608 | rollout: 5.215s | update: 0.157s | total: 5.372s | samples/s: 11914
Iteration 1913 | train reward: -291.94 | best: 1162.37 | KL: 7.342e-03 | std: 0.1613 | rollout: 5.251s | update: 0.169s | total: 5.420s | samples/s: 11808
Iteration 1914 | train reward: -293.14 | best: 1162.37 | KL: 7.424e-03 | std: 0.1608 | rollout: 5.335s | update: 0.176s | total: 5.511s | samples/s: 11614
Iteration 1915 | train reward: -290.00 | best: 1162.37 | KL: 8.018e-03 | std: 0.1615 | rollout: 5.100s | update: 0.224s | total: 5.324s | samples/s: 12021
Iteration 1916 | train reward: -291.45 | best: 1162.37 | KL: 6.928e-03 | std: 0.1615 | rollout: 5.176s | update: 0.153s | total: 5.329s | samples/s: 12010
Iteration 1917 | train reward: -291.76 | best: 1162.37 | KL: 7.517e-03 | std: 0.1621 | rollout: 5.226s | update: 0.191s | total: 5.417s | samples/s: 11815
Iteration 1918 | train reward: -292.06 | best: 1162.37 | KL: 6.618e-03 | std: 0.1620 | rollout: 5.028s | update: 0.222s | total: 5.250s | samples/s: 12191
Iteration 1919 | train reward: -292.38 | best: 1162.37 | KL: 7.322e-03 | std: 0.1620 | rollout: 4.969s | update: 0.169s | total: 5.137s | samples/s: 12458
Iteration 1920 | train reward: -291.71 | best: 1162.37 | KL: 6.337e-03 | std: 0.1616 | rollout: 4.873s | update: 0.260s | total: 5.133s | samples/s: 12468
Iteration 1921 | train reward: -291.83 | best: 1162.37 | KL: 1.086e-02 | std: 0.1615 | rollout: 5.166s | update: 0.164s | total: 5.330s | samples/s: 12007
Iteration 1922 | train reward: -291.05 | best: 1162.37 | KL: 8.709e-03 | std: 0.1621 | rollout: 5.143s | update: 0.163s | total: 5.306s | samples/s: 12063
Iteration 1923 | train reward: -290.99 | best: 1162.37 | KL: 7.256e-03 | std: 0.1616 | rollout: 5.102s | update: 0.164s | total: 5.266s | samples/s: 12153
Iteration 1924 | train reward: -292.46 | best: 1162.37 | KL: 1.040e-02 | std: 0.1614 | rollout: 5.198s | update: 0.166s | total: 5.364s | samples/s: 11932
Iteration 1925 | train reward: -293.94 | best: 1162.37 | KL: 9.680e-03 | std: 0.1610 | rollout: 5.178s | update: 0.153s | total: 5.332s | samples/s: 12004
Iteration 1926 | train reward: -290.05 | best: 1162.37 | KL: 6.623e-03 | std: 0.1614 | rollout: 5.248s | update: 0.169s | total: 5.417s | samples/s: 11814
Iteration 1927 | train reward: -291.65 | best: 1162.37 | KL: 7.350e-03 | std: 0.1615 | rollout: 4.935s | update: 0.156s | total: 5.091s | samples/s: 12572
Iteration 1928 | train reward: -290.52 | best: 1162.37 | KL: 6.923e-03 | std: 0.1613 | rollout: 5.027s | update: 0.181s | total: 5.209s | samples/s: 12287
Iteration 1929 | train reward: -292.20 | best: 1162.37 | KL: 6.713e-03 | std: 0.1613 | rollout: 5.151s | update: 0.164s | total: 5.315s | samples/s: 12040
Iteration 1930 | train reward: -292.97 | best: 1162.37 | KL: 6.651e-03 | std: 0.1608 | rollout: 5.128s | update: 0.173s | total: 5.301s | samples/s: 12073
Iteration 1931 | train reward: -293.28 | best: 1162.37 | KL: 8.686e-03 | std: 0.1610 | rollout: 5.199s | update: 0.164s | total: 5.363s | samples/s: 11933
Iteration 1932 | train reward: -291.99 | best: 1162.37 | KL: 5.900e-03 | std: 0.1615 | rollout: 5.166s | update: 0.167s | total: 5.333s | samples/s: 12000
Iteration 1933 | train reward: -292.16 | best: 1162.37 | KL: 8.653e-03 | std: 0.1613 | rollout: 5.264s | update: 0.157s | total: 5.420s | samples/s: 11808
Iteration 1934 | train reward: -293.29 | best: 1162.37 | KL: 8.122e-03 | std: 0.1613 | rollout: 5.203s | update: 0.169s | total: 5.372s | samples/s: 11913
Iteration 1935 | train reward: -290.62 | best: 1162.37 | KL: 6.121e-03 | std: 0.1610 | rollout: 5.179s | update: 0.153s | total: 5.332s | samples/s: 12003
Iteration 1936 | train reward: -292.32 | best: 1162.37 | KL: 7.418e-03 | std: 0.1613 | rollout: 5.292s | update: 0.159s | total: 5.451s | samples/s: 11740
Iteration 1937 | train reward: -291.11 | best: 1162.37 | KL: 5.752e-03 | std: 0.1615 | rollout: 5.348s | update: 0.165s | total: 5.513s | samples/s: 11609
Iteration 1938 | train reward: -292.36 | best: 1162.37 | KL: 9.119e-03 | std: 0.1613 | rollout: 5.115s | update: 0.167s | total: 5.282s | samples/s: 12117
Iteration 1939 | train reward: -292.71 | best: 1162.37 | KL: 6.689e-03 | std: 0.1609 | rollout: 5.192s | update: 0.193s | total: 5.384s | samples/s: 11886
Iteration 1940 | train reward: -293.05 | best: 1162.37 | KL: 1.080e-02 | std: 0.1609 | rollout: 5.241s | update: 0.166s | total: 5.407s | samples/s: 11836
Iteration 1941 | train reward: -293.29 | best: 1162.37 | KL: 8.650e-03 | std: 0.1615 | rollout: 5.318s | update: 0.153s | total: 5.471s | samples/s: 11698
Iteration 1942 | train reward: -290.59 | best: 1162.37 | KL: 5.917e-03 | std: 0.1619 | rollout: 5.166s | update: 0.156s | total: 5.322s | samples/s: 12026
Iteration 1943 | train reward: -289.35 | best: 1162.37 | KL: 5.960e-03 | std: 0.1621 | rollout: 5.318s | update: 0.235s | total: 5.553s | samples/s: 11526
Iteration 1944 | train reward: -291.76 | best: 1162.37 | KL: 7.527e-03 | std: 0.1623 | rollout: 5.387s | update: 0.155s | total: 5.542s | samples/s: 11548
Iteration 1945 | train reward: -291.52 | best: 1162.37 | KL: 7.546e-03 | std: 0.1626 | rollout: 5.024s | update: 0.172s | total: 5.196s | samples/s: 12317
Iteration 1946 | train reward: -294.10 | best: 1162.37 | KL: 7.037e-03 | std: 0.1626 | rollout: 5.236s | update: 0.279s | total: 5.516s | samples/s: 11604
Iteration 1947 | train reward: -292.75 | best: 1162.37 | KL: 7.074e-03 | std: 0.1629 | rollout: 5.308s | update: 0.180s | total: 5.488s | samples/s: 11662
Iteration 1948 | train reward: -290.12 | best: 1162.37 | KL: 7.023e-03 | std: 0.1633 | rollout: 5.172s | update: 0.191s | total: 5.363s | samples/s: 11934
Iteration 1949 | train reward: -291.29 | best: 1162.37 | KL: 7.831e-03 | std: 0.1633 | rollout: 5.306s | update: 0.157s | total: 5.463s | samples/s: 11715
Iteration 1950 | train reward: -291.85 | best: 1162.37 | KL: 8.383e-03 | std: 0.1629 | rollout: 5.291s | update: 0.162s | total: 5.454s | samples/s: 11735
Iteration 1951 | train reward: -292.95 | best: 1162.37 | KL: 6.772e-03 | std: 0.1629 | rollout: 5.070s | update: 0.153s | total: 5.223s | samples/s: 12254
Iteration 1952 | train reward: -290.55 | best: 1162.37 | KL: 7.452e-03 | std: 0.1628 | rollout: 5.142s | update: 0.160s | total: 5.302s | samples/s: 12072
Iteration 1953 | train reward: -290.80 | best: 1162.37 | KL: 7.676e-03 | std: 0.1623 | rollout: 5.298s | update: 0.175s | total: 5.472s | samples/s: 11695
Iteration 1954 | train reward: -291.22 | best: 1162.37 | KL: 7.240e-03 | std: 0.1621 | rollout: 5.107s | update: 0.166s | total: 5.273s | samples/s: 12136
Iteration 1955 | train reward: -289.11 | best: 1162.37 | KL: 5.685e-03 | std: 0.1621 | rollout: 5.279s | update: 0.156s | total: 5.435s | samples/s: 11776
Iteration 1956 | train reward: -292.21 | best: 1162.37 | KL: 6.338e-03 | std: 0.1621 | rollout: 5.167s | update: 0.191s | total: 5.358s | samples/s: 11944
Iteration 1957 | train reward: -291.21 | best: 1162.37 | KL: 6.529e-03 | std: 0.1623 | rollout: 5.140s | update: 0.203s | total: 5.343s | samples/s: 11978
Iteration 1958 | train reward: -291.18 | best: 1162.37 | KL: 7.600e-03 | std: 0.1620 | rollout: 5.290s | update: 0.187s | total: 5.477s | samples/s: 11685
Iteration 1959 | train reward: -293.47 | best: 1162.37 | KL: 1.128e-02 | std: 0.1623 | rollout: 5.237s | update: 0.163s | total: 5.400s | samples/s: 11852
Iteration 1960 | train reward: -291.73 | best: 1162.37 | KL: 9.762e-03 | std: 0.1623 | rollout: 5.223s | update: 0.223s | total: 5.446s | samples/s: 11753
Iteration 1961 | train reward: -289.66 | best: 1162.37 | KL: 7.155e-03 | std: 0.1626 | rollout: 5.019s | update: 0.158s | total: 5.177s | samples/s: 12362
Iteration 1962 | train reward: -293.70 | best: 1162.37 | KL: 6.378e-03 | std: 0.1629 | rollout: 5.123s | update: 0.160s | total: 5.283s | samples/s: 12114
Iteration 1963 | train reward: -294.63 | best: 1162.37 | KL: 1.033e-02 | std: 0.1629 | rollout: 5.460s | update: 0.157s | total: 5.617s | samples/s: 11394
Iteration 1964 | train reward: -292.26 | best: 1162.37 | KL: 8.902e-03 | std: 0.1633 | rollout: 5.049s | update: 0.154s | total: 5.202s | samples/s: 12302
Iteration 1965 | train reward: -292.24 | best: 1162.37 | KL: 7.783e-03 | std: 0.1632 | rollout: 5.182s | update: 0.166s | total: 5.347s | samples/s: 11969
Iteration 1966 | train reward: -291.98 | best: 1162.37 | KL: 7.221e-03 | std: 0.1633 | rollout: 5.130s | update: 0.152s | total: 5.282s | samples/s: 12116
Iteration 1967 | train reward: -293.34 | best: 1162.37 | KL: 7.694e-03 | std: 0.1634 | rollout: 5.224s | update: 0.169s | total: 5.393s | samples/s: 11866
Iteration 1968 | train reward: -292.37 | best: 1162.37 | KL: 8.644e-03 | std: 0.1634 | rollout: 5.314s | update: 0.164s | total: 5.478s | samples/s: 11684
Iteration 1969 | train reward: -291.16 | best: 1162.37 | KL: 6.795e-03 | std: 0.1629 | rollout: 5.117s | update: 0.165s | total: 5.282s | samples/s: 12116
Iteration 1970 | train reward: -293.22 | best: 1162.37 | KL: 9.209e-03 | std: 0.1633 | rollout: 5.495s | update: 0.167s | total: 5.662s | samples/s: 11303
Iteration 1971 | train reward: -289.51 | best: 1162.37 | KL: 6.264e-03 | std: 0.1634 | rollout: 5.871s | update: 0.171s | total: 6.042s | samples/s: 10593
Iteration 1972 | train reward: -292.45 | best: 1162.37 | KL: 8.287e-03 | std: 0.1641 | rollout: 6.180s | update: 0.398s | total: 6.578s | samples/s: 9730
Iteration 1973 | train reward: -291.05 | best: 1162.37 | KL: 7.707e-03 | std: 0.1641 | rollout: 5.906s | update: 0.158s | total: 6.064s | samples/s: 10554
Iteration 1974 | train reward: -291.45 | best: 1162.37 | KL: 6.476e-03 | std: 0.1641 | rollout: 5.169s | update: 0.222s | total: 5.391s | samples/s: 11872
Iteration 1975 | train reward: -290.46 | best: 1162.37 | KL: 6.645e-03 | std: 0.1634 | rollout: 5.335s | update: 0.162s | total: 5.496s | samples/s: 11644
Iteration 1976 | train reward: -291.62 | best: 1162.37 | KL: 6.136e-03 | std: 0.1635 | rollout: 5.156s | update: 0.162s | total: 5.318s | samples/s: 12035
Iteration 1977 | train reward: -290.77 | best: 1162.37 | KL: 5.796e-03 | std: 0.1634 | rollout: 5.315s | update: 0.159s | total: 5.474s | samples/s: 11691
Iteration 1978 | train reward: -293.18 | best: 1162.37 | KL: 7.121e-03 | std: 0.1635 | rollout: 5.213s | update: 0.192s | total: 5.405s | samples/s: 11841
Iteration 1979 | train reward: -291.31 | best: 1162.37 | KL: 5.928e-03 | std: 0.1635 | rollout: 5.537s | update: 0.241s | total: 5.778s | samples/s: 11077
Iteration 1980 | train reward: -290.42 | best: 1162.37 | KL: 6.545e-03 | std: 0.1635 | rollout: 5.108s | update: 0.161s | total: 5.268s | samples/s: 12148
Iteration 1981 | train reward: -292.85 | best: 1162.37 | KL: 7.051e-03 | std: 0.1636 | rollout: 5.194s | update: 0.166s | total: 5.360s | samples/s: 11940
Iteration 1982 | train reward: -291.06 | best: 1162.37 | KL: 7.844e-03 | std: 0.1639 | rollout: 5.192s | update: 0.148s | total: 5.340s | samples/s: 11985
Iteration 1983 | train reward: -292.64 | best: 1162.37 | KL: 1.039e-02 | std: 0.1642 | rollout: 5.147s | update: 0.154s | total: 5.301s | samples/s: 12073
Iteration 1984 | train reward: -290.07 | best: 1162.37 | KL: 6.315e-03 | std: 0.1647 | rollout: 5.095s | update: 0.169s | total: 5.264s | samples/s: 12158
Iteration 1985 | train reward: -290.56 | best: 1162.37 | KL: 6.367e-03 | std: 0.1641 | rollout: 5.268s | update: 0.170s | total: 5.437s | samples/s: 11771
Iteration 1986 | train reward: -293.06 | best: 1162.37 | KL: 7.563e-03 | std: 0.1635 | rollout: 5.035s | update: 0.263s | total: 5.299s | samples/s: 12079
Iteration 1987 | train reward: -293.76 | best: 1162.37 | KL: 8.123e-03 | std: 0.1641 | rollout: 5.225s | update: 0.168s | total: 5.393s | samples/s: 11867
Iteration 1988 | train reward: -293.39 | best: 1162.37 | KL: 1.026e-02 | std: 0.1639 | rollout: 5.218s | update: 0.213s | total: 5.431s | samples/s: 11784
Iteration 1989 | train reward: -292.69 | best: 1162.37 | KL: 7.422e-03 | std: 0.1647 | rollout: 4.984s | update: 0.166s | total: 5.150s | samples/s: 12428
Iteration 1990 | train reward: -289.48 | best: 1162.37 | KL: 6.125e-03 | std: 0.1647 | rollout: 5.166s | update: 0.156s | total: 5.322s | samples/s: 12026
Iteration 1991 | train reward: -290.98 | best: 1162.37 | KL: 6.897e-03 | std: 0.1652 | rollout: 5.095s | update: 0.159s | total: 5.254s | samples/s: 12180
Iteration 1992 | train reward: -291.09 | best: 1162.37 | KL: 7.545e-03 | std: 0.1647 | rollout: 5.223s | update: 0.161s | total: 5.384s | samples/s: 11887
Iteration 1993 | train reward: -293.23 | best: 1162.37 | KL: 8.307e-03 | std: 0.1652 | rollout: 5.275s | update: 0.180s | total: 5.455s | samples/s: 11732
Iteration 1994 | train reward: -287.62 | best: 1162.37 | KL: 5.710e-03 | std: 0.1653 | rollout: 5.205s | update: 0.155s | total: 5.360s | samples/s: 11941
Iteration 1995 | train reward: -290.66 | best: 1162.37 | KL: 7.064e-03 | std: 0.1653 | rollout: 5.232s | update: 0.178s | total: 5.410s | samples/s: 11829
Iteration 1996 | train reward: -290.03 | best: 1162.37 | KL: 6.456e-03 | std: 0.1655 | rollout: 5.179s | update: 0.169s | total: 5.349s | samples/s: 11966
Iteration 1997 | train reward: -291.68 | best: 1162.37 | KL: 6.022e-03 | std: 0.1660 | rollout: 5.419s | update: 0.223s | total: 5.642s | samples/s: 11343
Iteration 1998 | train reward: -289.31 | best: 1162.37 | KL: 7.756e-03 | std: 0.1660 | rollout: 5.085s | update: 0.182s | total: 5.267s | samples/s: 12150
Iteration 1999 | train reward: -292.07 | best: 1162.37 | KL: 7.050e-03 | std: 0.1660 | rollout: 5.086s | update: 0.209s | total: 5.295s | samples/s: 12088
Iteration 2000 | train reward: -288.95 | best: 1162.37 | KL: 6.379e-03 | std: 0.1660 | rollout: 4.864s | update: 0.303s | total: 5.167s | samples/s: 12386
Iteration 2001 | train reward: -291.60 | best: 1162.37 | KL: 9.818e-03 | std: 0.1661 | rollout: 4.997s | update: 0.165s | total: 5.162s | samples/s: 12399
Iteration 2002 | train reward: -290.73 | best: 1162.37 | KL: 7.086e-03 | std: 0.1661 | rollout: 5.059s | update: 0.172s | total: 5.231s | samples/s: 12234
Iteration 2003 | train reward: -289.59 | best: 1162.37 | KL: 7.945e-03 | std: 0.1661 | rollout: 5.008s | update: 0.164s | total: 5.172s | samples/s: 12374
Iteration 2004 | train reward: -290.23 | best: 1162.37 | KL: 5.460e-03 | std: 0.1667 | rollout: 5.222s | update: 0.164s | total: 5.386s | samples/s: 11883
Iteration 2005 | train reward: -291.25 | best: 1162.37 | KL: 6.657e-03 | std: 0.1666 | rollout: 5.172s | update: 0.159s | total: 5.331s | samples/s: 12004
Iteration 2006 | train reward: -291.49 | best: 1162.37 | KL: 7.416e-03 | std: 0.1667 | rollout: 5.065s | update: 0.170s | total: 5.235s | samples/s: 12225
Iteration 2007 | train reward: -294.03 | best: 1162.37 | KL: 1.055e-02 | std: 0.1673 | rollout: 5.297s | update: 0.169s | total: 5.466s | samples/s: 11710
Iteration 2008 | train reward: -288.93 | best: 1162.37 | KL: 4.929e-03 | std: 0.1672 | rollout: 5.081s | update: 0.170s | total: 5.250s | samples/s: 12190
Iteration 2009 | train reward: -293.08 | best: 1162.37 | KL: 6.450e-03 | std: 0.1665 | rollout: 5.222s | update: 0.168s | total: 5.390s | samples/s: 11874
Iteration 2010 | train reward: -290.58 | best: 1162.37 | KL: 8.303e-03 | std: 0.1667 | rollout: 5.206s | update: 0.168s | total: 5.375s | samples/s: 11908
Iteration 2011 | train reward: -292.92 | best: 1162.37 | KL: 7.244e-03 | std: 0.1672 | rollout: 5.234s | update: 0.159s | total: 5.393s | samples/s: 11867
Iteration 2012 | train reward: -288.92 | best: 1162.37 | KL: 6.036e-03 | std: 0.1675 | rollout: 4.887s | update: 0.170s | total: 5.057s | samples/s: 12657
Iteration 2013 | train reward: -292.93 | best: 1162.37 | KL: 1.035e-02 | std: 0.1680 | rollout: 5.087s | update: 0.166s | total: 5.253s | samples/s: 12183
Iteration 2014 | train reward: -289.94 | best: 1162.37 | KL: 8.259e-03 | std: 0.1681 | rollout: 5.067s | update: 0.168s | total: 5.235s | samples/s: 12225
Iteration 2015 | train reward: -289.98 | best: 1162.37 | KL: 6.304e-03 | std: 0.1685 | rollout: 5.223s | update: 0.153s | total: 5.376s | samples/s: 11905
Iteration 2016 | train reward: -291.83 | best: 1162.37 | KL: 6.552e-03 | std: 0.1685 | rollout: 5.212s | update: 0.157s | total: 5.369s | samples/s: 11919
Iteration 2017 | train reward: -291.00 | best: 1162.37 | KL: 8.819e-03 | std: 0.1685 | rollout: 5.312s | update: 0.158s | total: 5.469s | samples/s: 11702
Iteration 2018 | train reward: -291.79 | best: 1162.37 | KL: 6.944e-03 | std: 0.1687 | rollout: 5.297s | update: 0.274s | total: 5.570s | samples/s: 11489
Iteration 2019 | train reward: -291.06 | best: 1162.37 | KL: 6.543e-03 | std: 0.1688 | rollout: 5.163s | update: 0.158s | total: 5.321s | samples/s: 12028
Iteration 2020 | train reward: -293.76 | best: 1162.37 | KL: 9.398e-03 | std: 0.1691 | rollout: 5.100s | update: 0.237s | total: 5.337s | samples/s: 11991
Iteration 2021 | train reward: -290.05 | best: 1162.37 | KL: 6.347e-03 | std: 0.1693 | rollout: 5.411s | update: 0.175s | total: 5.586s | samples/s: 11458
Iteration 2022 | train reward: -291.69 | best: 1162.37 | KL: 1.081e-02 | std: 0.1694 | rollout: 5.108s | update: 0.174s | total: 5.282s | samples/s: 12117
Iteration 2023 | train reward: -291.00 | best: 1162.37 | KL: 6.349e-03 | std: 0.1692 | rollout: 5.423s | update: 0.150s | total: 5.574s | samples/s: 11483
Iteration 2024 | train reward: -291.85 | best: 1162.37 | KL: 9.180e-03 | std: 0.1694 | rollout: 5.117s | update: 0.162s | total: 5.279s | samples/s: 12124
Iteration 2025 | train reward: -289.77 | best: 1162.37 | KL: 6.325e-03 | std: 0.1700 | rollout: 5.285s | update: 0.156s | total: 5.441s | samples/s: 11763
Iteration 2026 | train reward: -290.98 | best: 1162.37 | KL: 6.477e-03 | std: 0.1699 | rollout: 5.237s | update: 0.165s | total: 5.401s | samples/s: 11849
Iteration 2027 | train reward: -293.00 | best: 1162.37 | KL: 9.382e-03 | std: 0.1699 | rollout: 5.180s | update: 0.162s | total: 5.342s | samples/s: 11981
Iteration 2028 | train reward: -288.02 | best: 1162.37 | KL: 4.652e-03 | std: 0.1693 | rollout: 5.576s | update: 0.166s | total: 5.742s | samples/s: 11146
Iteration 2029 | train reward: -288.95 | best: 1162.37 | KL: 6.144e-03 | std: 0.1691 | rollout: 5.303s | update: 0.198s | total: 5.502s | samples/s: 11633
Iteration 2030 | train reward: -292.65 | best: 1162.37 | KL: 6.656e-03 | std: 0.1685 | rollout: 5.177s | update: 0.155s | total: 5.332s | samples/s: 12004
Iteration 2031 | train reward: -291.84 | best: 1162.37 | KL: 5.626e-03 | std: 0.1686 | rollout: 5.247s | update: 0.164s | total: 5.411s | samples/s: 11828
Iteration 2032 | train reward: -290.55 | best: 1162.37 | KL: 5.604e-03 | std: 0.1687 | rollout: 5.207s | update: 0.220s | total: 5.427s | samples/s: 11793
Iteration 2033 | train reward: -288.99 | best: 1162.37 | KL: 5.527e-03 | std: 0.1693 | rollout: 5.346s | update: 0.198s | total: 5.544s | samples/s: 11544
Iteration 2034 | train reward: -289.99 | best: 1162.37 | KL: 7.957e-03 | std: 0.1693 | rollout: 5.053s | update: 0.161s | total: 5.213s | samples/s: 12276
Iteration 2035 | train reward: -293.41 | best: 1162.37 | KL: 8.699e-03 | std: 0.1699 | rollout: 5.153s | update: 0.174s | total: 5.327s | samples/s: 12015
Iteration 2036 | train reward: -290.41 | best: 1162.37 | KL: 7.702e-03 | std: 0.1699 | rollout: 5.052s | update: 0.186s | total: 5.237s | samples/s: 12220
Iteration 2037 | train reward: -291.96 | best: 1162.37 | KL: 8.012e-03 | std: 0.1704 | rollout: 5.212s | update: 0.157s | total: 5.369s | samples/s: 11920
Iteration 2038 | train reward: -291.89 | best: 1162.37 | KL: 7.365e-03 | std: 0.1705 | rollout: 5.215s | update: 0.187s | total: 5.401s | samples/s: 11849
Iteration 2039 | train reward: -292.58 | best: 1162.37 | KL: 7.798e-03 | std: 0.1712 | rollout: 5.079s | update: 0.200s | total: 5.279s | samples/s: 12123
Iteration 2040 | train reward: -292.28 | best: 1162.37 | KL: 7.454e-03 | std: 0.1714 | rollout: 5.081s | update: 0.219s | total: 5.300s | samples/s: 12076
Iteration 2041 | train reward: -290.96 | best: 1162.37 | KL: 7.048e-03 | std: 0.1714 | rollout: 5.253s | update: 0.155s | total: 5.407s | samples/s: 11836
Iteration 2042 | train reward: -290.80 | best: 1162.37 | KL: 5.478e-03 | std: 0.1719 | rollout: 5.148s | update: 0.187s | total: 5.334s | samples/s: 11998
Iteration 2043 | train reward: -290.74 | best: 1162.37 | KL: 6.702e-03 | std: 0.1717 | rollout: 4.979s | update: 0.166s | total: 5.145s | samples/s: 12440
Iteration 2044 | train reward: -290.43 | best: 1162.37 | KL: 4.365e-03 | std: 0.1711 | rollout: 5.365s | update: 0.179s | total: 5.544s | samples/s: 11544
Iteration 2045 | train reward: -291.05 | best: 1162.37 | KL: 5.894e-03 | std: 0.1712 | rollout: 5.216s | update: 0.156s | total: 5.372s | samples/s: 11913
Iteration 2046 | train reward: -289.95 | best: 1162.37 | KL: 5.040e-03 | std: 0.1706 | rollout: 5.074s | update: 0.165s | total: 5.239s | samples/s: 12216
Iteration 2047 | train reward: -293.53 | best: 1162.37 | KL: 8.558e-03 | std: 0.1704 | rollout: 5.086s | update: 0.178s | total: 5.265s | samples/s: 12157
Iteration 2048 | train reward: -292.57 | best: 1162.37 | KL: 1.277e-02 | std: 0.1704 | rollout: 5.250s | update: 0.163s | total: 5.413s | samples/s: 11824
Iteration 2049 | train reward: -290.03 | best: 1162.37 | KL: 7.587e-03 | std: 0.1706 | rollout: 5.269s | update: 0.167s | total: 5.437s | samples/s: 11772
Iteration 2050 | train reward: -292.19 | best: 1162.37 | KL: 7.217e-03 | std: 0.1711 | rollout: 5.134s | update: 0.163s | total: 5.297s | samples/s: 12083
Iteration 2051 | train reward: -285.80 | best: 1162.37 | KL: 5.049e-03 | std: 0.1712 | rollout: 5.080s | update: 0.167s | total: 5.248s | samples/s: 12196
Iteration 2052 | train reward: -290.82 | best: 1162.37 | KL: 5.532e-03 | std: 0.1704 | rollout: 5.149s | update: 0.163s | total: 5.312s | samples/s: 12049
Iteration 2053 | train reward: -292.22 | best: 1162.37 | KL: 8.171e-03 | std: 0.1698 | rollout: 5.147s | update: 0.159s | total: 5.306s | samples/s: 12062
Iteration 2054 | train reward: -293.64 | best: 1162.37 | KL: 7.570e-03 | std: 0.1699 | rollout: 5.013s | update: 0.154s | total: 5.167s | samples/s: 12386
Iteration 2055 | train reward: -290.99 | best: 1162.37 | KL: 7.129e-03 | std: 0.1705 | rollout: 5.270s | update: 0.201s | total: 5.471s | samples/s: 11699
Iteration 2056 | train reward: -289.62 | best: 1162.37 | KL: 6.059e-03 | std: 0.1706 | rollout: 5.208s | update: 0.163s | total: 5.372s | samples/s: 11915
Iteration 2057 | train reward: -289.38 | best: 1162.37 | KL: 7.162e-03 | std: 0.1707 | rollout: 5.132s | update: 0.151s | total: 5.283s | samples/s: 12115
Iteration 2058 | train reward: -291.54 | best: 1162.37 | KL: 5.893e-03 | std: 0.1707 | rollout: 4.964s | update: 0.241s | total: 5.205s | samples/s: 12297
Iteration 2059 | train reward: -290.03 | best: 1162.37 | KL: 5.863e-03 | std: 0.1713 | rollout: 4.906s | update: 0.159s | total: 5.066s | samples/s: 12634
Iteration 2060 | train reward: -288.83 | best: 1162.37 | KL: 5.065e-03 | std: 0.1713 | rollout: 5.032s | update: 0.166s | total: 5.198s | samples/s: 12313
Iteration 2061 | train reward: -289.28 | best: 1162.37 | KL: 5.742e-03 | std: 0.1714 | rollout: 5.163s | update: 0.194s | total: 5.357s | samples/s: 11947
Iteration 2062 | train reward: -289.42 | best: 1162.37 | KL: 7.042e-03 | std: 0.1713 | rollout: 5.070s | update: 0.161s | total: 5.231s | samples/s: 12236
Iteration 2063 | train reward: -290.11 | best: 1162.37 | KL: 7.376e-03 | std: 0.1707 | rollout: 5.185s | update: 0.160s | total: 5.345s | samples/s: 11973
Iteration 2064 | train reward: -292.11 | best: 1162.37 | KL: 6.236e-03 | std: 0.1707 | rollout: 5.238s | update: 0.164s | total: 5.401s | samples/s: 11849
Iteration 2065 | train reward: -290.78 | best: 1162.37 | KL: 7.456e-03 | std: 0.1712 | rollout: 5.134s | update: 0.165s | total: 5.299s | samples/s: 12077
Iteration 2066 | train reward: -289.34 | best: 1162.37 | KL: 6.141e-03 | std: 0.1713 | rollout: 5.281s | update: 0.156s | total: 5.437s | samples/s: 11771
Iteration 2067 | train reward: -291.26 | best: 1162.37 | KL: 6.971e-03 | std: 0.1718 | rollout: 5.116s | update: 0.153s | total: 5.269s | samples/s: 12146
Iteration 2068 | train reward: -289.34 | best: 1162.37 | KL: 6.135e-03 | std: 0.1714 | rollout: 5.250s | update: 0.206s | total: 5.457s | samples/s: 11729
Iteration 2069 | train reward: -292.09 | best: 1162.37 | KL: 9.628e-03 | std: 0.1714 | rollout: 5.265s | update: 0.167s | total: 5.431s | samples/s: 11784
Iteration 2070 | train reward: -292.32 | best: 1162.37 | KL: 7.124e-03 | std: 0.1718 | rollout: 5.360s | update: 0.205s | total: 5.565s | samples/s: 11500
Iteration 2071 | train reward: -289.66 | best: 1162.37 | KL: 6.736e-03 | std: 0.1714 | rollout: 5.235s | update: 0.187s | total: 5.422s | samples/s: 11804
Iteration 2072 | train reward: -289.34 | best: 1162.37 | KL: 5.700e-03 | std: 0.1719 | rollout: 5.202s | update: 0.240s | total: 5.442s | samples/s: 11761
Iteration 2073 | train reward: -292.00 | best: 1162.37 | KL: 5.984e-03 | std: 0.1719 | rollout: 4.920s | update: 0.162s | total: 5.082s | samples/s: 12594
Iteration 2074 | train reward: -292.71 | best: 1162.37 | KL: 7.530e-03 | std: 0.1724 | rollout: 5.330s | update: 0.262s | total: 5.592s | samples/s: 11444
Iteration 2075 | train reward: -290.15 | best: 1162.37 | KL: 6.401e-03 | std: 0.1720 | rollout: 5.502s | update: 0.170s | total: 5.672s | samples/s: 11284
Iteration 2076 | train reward: -291.63 | best: 1162.37 | KL: 8.321e-03 | std: 0.1724 | rollout: 5.135s | update: 0.156s | total: 5.291s | samples/s: 12095
Iteration 2077 | train reward: -288.58 | best: 1162.37 | KL: 7.694e-03 | std: 0.1726 | rollout: 5.274s | update: 0.158s | total: 5.432s | samples/s: 11783
Iteration 2078 | train reward: -290.07 | best: 1162.37 | KL: 6.815e-03 | std: 0.1730 | rollout: 5.386s | update: 0.236s | total: 5.622s | samples/s: 11384
Iteration 2079 | train reward: -293.29 | best: 1162.37 | KL: 8.236e-03 | std: 0.1731 | rollout: 5.374s | update: 0.235s | total: 5.609s | samples/s: 11410
Iteration 2080 | train reward: -289.92 | best: 1162.37 | KL: 5.986e-03 | std: 0.1727 | rollout: 4.840s | update: 0.161s | total: 5.001s | samples/s: 12798
Iteration 2081 | train reward: -291.48 | best: 1162.37 | KL: 5.966e-03 | std: 0.1730 | rollout: 5.222s | update: 0.177s | total: 5.399s | samples/s: 11854
Iteration 2082 | train reward: -291.44 | best: 1162.37 | KL: 7.407e-03 | std: 0.1726 | rollout: 5.279s | update: 0.162s | total: 5.441s | samples/s: 11763
Iteration 2083 | train reward: -290.28 | best: 1162.37 | KL: 7.761e-03 | std: 0.1725 | rollout: 4.939s | update: 0.153s | total: 5.092s | samples/s: 12568
Iteration 2084 | train reward: -289.98 | best: 1162.37 | KL: 6.133e-03 | std: 0.1725 | rollout: 5.037s | update: 0.162s | total: 5.199s | samples/s: 12309
Iteration 2085 | train reward: -289.23 | best: 1162.37 | KL: 5.875e-03 | std: 0.1730 | rollout: 5.141s | update: 0.164s | total: 5.304s | samples/s: 12065
Iteration 2086 | train reward: -290.21 | best: 1162.37 | KL: 5.183e-03 | std: 0.1727 | rollout: 5.083s | update: 0.165s | total: 5.248s | samples/s: 12194
Iteration 2087 | train reward: -291.84 | best: 1162.37 | KL: 9.213e-03 | std: 0.1731 | rollout: 5.447s | update: 0.169s | total: 5.616s | samples/s: 11396
Iteration 2088 | train reward: -290.08 | best: 1162.37 | KL: 6.211e-03 | std: 0.1732 | rollout: 5.258s | update: 0.170s | total: 5.428s | samples/s: 11790
Iteration 2089 | train reward: -291.87 | best: 1162.37 | KL: 7.271e-03 | std: 0.1738 | rollout: 5.193s | update: 0.257s | total: 5.450s | samples/s: 11744
Iteration 2090 | train reward: -291.38 | best: 1162.37 | KL: 5.549e-03 | std: 0.1740 | rollout: 6.062s | update: 0.380s | total: 6.441s | samples/s: 9936
Iteration 2091 | train reward: -292.85 | best: 1162.37 | KL: 6.293e-03 | std: 0.1744 | rollout: 5.312s | update: 0.164s | total: 5.476s | samples/s: 11688
Iteration 2092 | train reward: -291.91 | best: 1162.37 | KL: 1.164e-02 | std: 0.1739 | rollout: 5.361s | update: 0.280s | total: 5.641s | samples/s: 11345
Iteration 2093 | train reward: -290.39 | best: 1162.37 | KL: 6.736e-03 | std: 0.1738 | rollout: 5.176s | update: 0.180s | total: 5.357s | samples/s: 11948
Iteration 2094 | train reward: -290.92 | best: 1162.37 | KL: 6.890e-03 | std: 0.1740 | rollout: 5.372s | update: 0.187s | total: 5.559s | samples/s: 11513
Iteration 2095 | train reward: -290.60 | best: 1162.37 | KL: 5.985e-03 | std: 0.1745 | rollout: 5.234s | update: 0.231s | total: 5.465s | samples/s: 11711
Iteration 2096 | train reward: -292.08 | best: 1162.37 | KL: 7.505e-03 | std: 0.1744 | rollout: 5.164s | update: 0.163s | total: 5.327s | samples/s: 12014
Iteration 2097 | train reward: -291.78 | best: 1162.37 | KL: 6.274e-03 | std: 0.1743 | rollout: 5.173s | update: 0.166s | total: 5.338s | samples/s: 11989
Iteration 2098 | train reward: -290.54 | best: 1162.37 | KL: 4.773e-03 | std: 0.1740 | rollout: 5.007s | update: 0.156s | total: 5.163s | samples/s: 12396
Iteration 2099 | train reward: -291.42 | best: 1162.37 | KL: 6.547e-03 | std: 0.1740 | rollout: 5.170s | update: 0.197s | total: 5.367s | samples/s: 11924
Iteration 2100 | train reward: -290.98 | best: 1162.37 | KL: 8.271e-03 | std: 0.1744 | rollout: 5.203s | update: 0.168s | total: 5.370s | samples/s: 11917
Iteration 2101 | train reward: -290.46 | best: 1162.37 | KL: 6.300e-03 | std: 0.1744 | rollout: 5.150s | update: 0.157s | total: 5.307s | samples/s: 12060
Iteration 2102 | train reward: -289.70 | best: 1162.37 | KL: 5.762e-03 | std: 0.1745 | rollout: 5.148s | update: 0.156s | total: 5.304s | samples/s: 12067
Iteration 2103 | train reward: -292.57 | best: 1162.37 | KL: 7.737e-03 | std: 0.1745 | rollout: 5.192s | update: 0.178s | total: 5.370s | samples/s: 11918
Iteration 2104 | train reward: -290.92 | best: 1162.37 | KL: 8.552e-03 | std: 0.1745 | rollout: 5.143s | update: 0.151s | total: 5.294s | samples/s: 12089
Iteration 2105 | train reward: -289.56 | best: 1162.37 | KL: 5.980e-03 | std: 0.1750 | rollout: 5.069s | update: 0.293s | total: 5.362s | samples/s: 11936
Iteration 2106 | train reward: -290.96 | best: 1162.37 | KL: 7.890e-03 | std: 0.1752 | rollout: 5.229s | update: 0.158s | total: 5.387s | samples/s: 11881
Iteration 2107 | train reward: -289.39 | best: 1162.37 | KL: 6.221e-03 | std: 0.1753 | rollout: 5.333s | update: 0.171s | total: 5.504s | samples/s: 11628
Iteration 2108 | train reward: -290.09 | best: 1162.37 | KL: 6.608e-03 | std: 0.1758 | rollout: 5.092s | update: 0.298s | total: 5.390s | samples/s: 11873
Iteration 2109 | train reward: -289.12 | best: 1162.37 | KL: 6.476e-03 | std: 0.1756 | rollout: 5.401s | update: 0.160s | total: 5.561s | samples/s: 11509
Iteration 2110 | train reward: -291.43 | best: 1162.37 | KL: 8.865e-03 | std: 0.1758 | rollout: 5.080s | update: 0.161s | total: 5.241s | samples/s: 12212
Iteration 2111 | train reward: -291.27 | best: 1162.37 | KL: 6.279e-03 | std: 0.1758 | rollout: 5.169s | update: 0.169s | total: 5.337s | samples/s: 11991
Iteration 2112 | train reward: -287.86 | best: 1162.37 | KL: 5.892e-03 | std: 0.1763 | rollout: 5.239s | update: 0.297s | total: 5.536s | samples/s: 11561
Iteration 2113 | train reward: -289.66 | best: 1162.37 | KL: 5.524e-03 | std: 0.1763 | rollout: 5.076s | update: 0.154s | total: 5.230s | samples/s: 12237
Iteration 2114 | train reward: -291.09 | best: 1162.37 | KL: 7.576e-03 | std: 0.1764 | rollout: 5.195s | update: 0.164s | total: 5.359s | samples/s: 11943
Iteration 2115 | train reward: -289.70 | best: 1162.37 | KL: 7.646e-03 | std: 0.1764 | rollout: 5.052s | update: 0.164s | total: 5.216s | samples/s: 12269
Iteration 2116 | train reward: -288.53 | best: 1162.37 | KL: 4.766e-03 | std: 0.1763 | rollout: 5.132s | update: 0.170s | total: 5.302s | samples/s: 12071
Iteration 2117 | train reward: -290.43 | best: 1162.37 | KL: 6.941e-03 | std: 0.1765 | rollout: 5.033s | update: 0.240s | total: 5.273s | samples/s: 12138
Iteration 2118 | train reward: -286.93 | best: 1162.37 | KL: 5.391e-03 | std: 0.1764 | rollout: 5.128s | update: 0.225s | total: 5.352s | samples/s: 11957
Iteration 2119 | train reward: -288.70 | best: 1162.37 | KL: 6.667e-03 | std: 0.1764 | rollout: 5.139s | update: 0.237s | total: 5.376s | samples/s: 11904
Iteration 2120 | train reward: -288.53 | best: 1162.37 | KL: 5.308e-03 | std: 0.1771 | rollout: 5.546s | update: 0.156s | total: 5.702s | samples/s: 11225
Iteration 2121 | train reward: -289.96 | best: 1162.37 | KL: 6.803e-03 | std: 0.1766 | rollout: 5.194s | update: 0.231s | total: 5.425s | samples/s: 11797
Iteration 2122 | train reward: -288.55 | best: 1162.37 | KL: 7.614e-03 | std: 0.1771 | rollout: 5.317s | update: 0.253s | total: 5.570s | samples/s: 11491
Iteration 2123 | train reward: -291.00 | best: 1162.37 | KL: 7.292e-03 | std: 0.1771 | rollout: 5.111s | update: 0.158s | total: 5.270s | samples/s: 12145
Iteration 2124 | train reward: -288.31 | best: 1162.37 | KL: 8.151e-03 | std: 0.1772 | rollout: 5.238s | update: 0.170s | total: 5.407s | samples/s: 11835
Iteration 2125 | train reward: -291.32 | best: 1162.37 | KL: 9.031e-03 | std: 0.1779 | rollout: 5.038s | update: 0.172s | total: 5.210s | samples/s: 12284
Iteration 2126 | train reward: -290.25 | best: 1162.37 | KL: 6.493e-03 | std: 0.1782 | rollout: 5.263s | update: 0.168s | total: 5.432s | samples/s: 11783
Iteration 2127 | train reward: -289.26 | best: 1162.37 | KL: 6.795e-03 | std: 0.1784 | rollout: 5.698s | update: 0.163s | total: 5.861s | samples/s: 10919
Iteration 2128 | train reward: -292.24 | best: 1162.37 | KL: 7.161e-03 | std: 0.1784 | rollout: 6.916s | update: 0.291s | total: 7.207s | samples/s: 8881
Iteration 2129 | train reward: -289.28 | best: 1162.37 | KL: 5.810e-03 | std: 0.1783 | rollout: 6.447s | update: 0.219s | total: 6.666s | samples/s: 9601
Iteration 2130 | train reward: -290.06 | best: 1162.37 | KL: 7.073e-03 | std: 0.1784 | rollout: 6.927s | update: 0.336s | total: 7.264s | samples/s: 8811
Iteration 2131 | train reward: -289.68 | best: 1162.37 | KL: 5.947e-03 | std: 0.1790 | rollout: 5.420s | update: 0.415s | total: 5.835s | samples/s: 10969
Iteration 2132 | train reward: -287.54 | best: 1162.37 | KL: 5.096e-03 | std: 0.1789 | rollout: 5.728s | update: 0.174s | total: 5.902s | samples/s: 10844
Iteration 2133 | train reward: -289.04 | best: 1162.37 | KL: 6.046e-03 | std: 0.1792 | rollout: 5.712s | update: 0.225s | total: 5.938s | samples/s: 10778
Iteration 2134 | train reward: -289.44 | best: 1162.37 | KL: 5.949e-03 | std: 0.1792 | rollout: 5.866s | update: 0.229s | total: 6.094s | samples/s: 10502
Iteration 2135 | train reward: -290.88 | best: 1162.37 | KL: 6.656e-03 | std: 0.1795 | rollout: 6.021s | update: 0.225s | total: 6.246s | samples/s: 10246
Iteration 2136 | train reward: -287.31 | best: 1162.37 | KL: 5.352e-03 | std: 0.1792 | rollout: 7.083s | update: 0.245s | total: 7.328s | samples/s: 8734
Iteration 2137 | train reward: -288.63 | best: 1162.37 | KL: 6.934e-03 | std: 0.1791 | rollout: 6.911s | update: 0.386s | total: 7.296s | samples/s: 8772
Iteration 2138 | train reward: -291.72 | best: 1162.37 | KL: 8.776e-03 | std: 0.1792 | rollout: 5.932s | update: 0.166s | total: 6.098s | samples/s: 10495
Iteration 2139 | train reward: -290.64 | best: 1162.37 | KL: 7.141e-03 | std: 0.1789 | rollout: 5.089s | update: 0.167s | total: 5.256s | samples/s: 12177
Iteration 2140 | train reward: -286.01 | best: 1162.37 | KL: 6.433e-03 | std: 0.1789 | rollout: 5.609s | update: 0.216s | total: 5.825s | samples/s: 10987
Iteration 2141 | train reward: -288.86 | best: 1162.37 | KL: 5.031e-03 | std: 0.1792 | rollout: 5.447s | update: 0.252s | total: 5.699s | samples/s: 11229
Iteration 2142 | train reward: -289.17 | best: 1162.37 | KL: 7.224e-03 | std: 0.1795 | rollout: 5.501s | update: 0.213s | total: 5.714s | samples/s: 11200
Iteration 2143 | train reward: -290.62 | best: 1162.37 | KL: 7.319e-03 | std: 0.1792 | rollout: 5.503s | update: 0.214s | total: 5.717s | samples/s: 11194
Iteration 2144 | train reward: -288.26 | best: 1162.37 | KL: 6.489e-03 | std: 0.1797 | rollout: 5.621s | update: 0.261s | total: 5.882s | samples/s: 10880
Iteration 2145 | train reward: -289.36 | best: 1162.37 | KL: 5.492e-03 | std: 0.1798 | rollout: 5.491s | update: 0.223s | total: 5.714s | samples/s: 11200
Iteration 2146 | train reward: -291.27 | best: 1162.37 | KL: 6.360e-03 | std: 0.1797 | rollout: 5.615s | update: 0.244s | total: 5.859s | samples/s: 10923
Iteration 2147 | train reward: -288.17 | best: 1162.37 | KL: 5.647e-03 | std: 0.1804 | rollout: 6.031s | update: 0.186s | total: 6.217s | samples/s: 10294
Iteration 2148 | train reward: -289.38 | best: 1162.37 | KL: 6.909e-03 | std: 0.1810 | rollout: 5.745s | update: 0.322s | total: 6.067s | samples/s: 10549
Iteration 2149 | train reward: -289.12 | best: 1162.37 | KL: 4.839e-03 | std: 0.1805 | rollout: 5.667s | update: 0.196s | total: 5.863s | samples/s: 10917
Iteration 2150 | train reward: -289.93 | best: 1162.37 | KL: 8.196e-03 | std: 0.1805 | rollout: 5.415s | update: 0.232s | total: 5.647s | samples/s: 11333
Iteration 2151 | train reward: -291.52 | best: 1162.37 | KL: 7.249e-03 | std: 0.1811 | rollout: 5.408s | update: 0.164s | total: 5.572s | samples/s: 11487
Iteration 2152 | train reward: -287.93 | best: 1162.37 | KL: 7.600e-03 | std: 0.1817 | rollout: 5.679s | update: 0.169s | total: 5.848s | samples/s: 10943
Iteration 2153 | train reward: -290.00 | best: 1162.37 | KL: 6.305e-03 | std: 0.1822 | rollout: 5.673s | update: 0.270s | total: 5.942s | samples/s: 10770
Iteration 2154 | train reward: -291.17 | best: 1162.37 | KL: 8.145e-03 | std: 0.1829 | rollout: 5.579s | update: 0.174s | total: 5.753s | samples/s: 11124
Iteration 2155 | train reward: -287.96 | best: 1162.37 | KL: 5.535e-03 | std: 0.1831 | rollout: 6.172s | update: 0.304s | total: 6.476s | samples/s: 9883
Iteration 2156 | train reward: -287.91 | best: 1162.37 | KL: 4.864e-03 | std: 0.1836 | rollout: 5.087s | update: 0.150s | total: 5.237s | samples/s: 12220
Iteration 2157 | train reward: -286.35 | best: 1162.37 | KL: 4.943e-03 | std: 0.1837 | rollout: 5.261s | update: 0.199s | total: 5.460s | samples/s: 11723
Iteration 2158 | train reward: -291.17 | best: 1162.37 | KL: 7.304e-03 | std: 0.1836 | rollout: 5.297s | update: 0.266s | total: 5.562s | samples/s: 11506
Iteration 2159 | train reward: -290.67 | best: 1162.37 | KL: 7.572e-03 | std: 0.1837 | rollout: 5.266s | update: 0.212s | total: 5.478s | samples/s: 11682
Iteration 2160 | train reward: -292.15 | best: 1162.37 | KL: 6.924e-03 | std: 0.1842 | rollout: 5.403s | update: 0.215s | total: 5.617s | samples/s: 11393
Iteration 2161 | train reward: -288.92 | best: 1162.37 | KL: 5.781e-03 | std: 0.1849 | rollout: 5.370s | update: 0.252s | total: 5.622s | samples/s: 11383
Iteration 2162 | train reward: -289.15 | best: 1162.37 | KL: 4.997e-03 | std: 0.1854 | rollout: 5.366s | update: 0.193s | total: 5.559s | samples/s: 11514
Iteration 2163 | train reward: -288.37 | best: 1162.37 | KL: 6.803e-03 | std: 0.1855 | rollout: 5.044s | update: 0.177s | total: 5.221s | samples/s: 12258
Iteration 2164 | train reward: -289.21 | best: 1162.37 | KL: 6.330e-03 | std: 0.1855 | rollout: 5.294s | update: 0.254s | total: 5.548s | samples/s: 11536
Iteration 2165 | train reward: -293.16 | best: 1162.37 | KL: 8.368e-03 | std: 0.1863 | rollout: 5.189s | update: 0.159s | total: 5.348s | samples/s: 11967
Iteration 2166 | train reward: -288.26 | best: 1162.37 | KL: 5.732e-03 | std: 0.1868 | rollout: 5.293s | update: 0.186s | total: 5.479s | samples/s: 11681
Iteration 2167 | train reward: -288.31 | best: 1162.37 | KL: 7.551e-03 | std: 0.1867 | rollout: 4.899s | update: 0.189s | total: 5.088s | samples/s: 12578
Iteration 2168 | train reward: -287.98 | best: 1162.37 | KL: 6.536e-03 | std: 0.1875 | rollout: 5.262s | update: 0.153s | total: 5.415s | samples/s: 11819
Iteration 2169 | train reward: -288.84 | best: 1162.37 | KL: 5.578e-03 | std: 0.1874 | rollout: 5.068s | update: 0.290s | total: 5.358s | samples/s: 11944
Iteration 2170 | train reward: -290.31 | best: 1162.37 | KL: 6.747e-03 | std: 0.1870 | rollout: 5.149s | update: 0.156s | total: 5.305s | samples/s: 12064
Iteration 2171 | train reward: -288.61 | best: 1162.37 | KL: 7.346e-03 | std: 0.1867 | rollout: 5.320s | update: 0.165s | total: 5.485s | samples/s: 11668
