Device       : cpu

========== GPOMDP LOSS ==========
states shape  = (128, 500, 8)
actions shape = (128, 500, 2)
rewards shape = (128, 500)
returns shape = (128, 500)
mask shape    = (128, 500)
log_probs shape = (128, 500)
valid steps = 64000
objective = -0.826324
loss = 0.826324
========== END GPOMDP DEBUG ==========


========== NPG PRECONDITIONING ==========
Fisher condition number  : 6.498e+03
||nat_g|| / ||g||        : 12.081
========== END NPG DEBUG ==========

/Users/adelella/Documents/Useful/More/pj/vanilla-policy-gradient/vpg/train.py:127: UserWarning: Converting a tensor with requires_grad=True to a scalar may lead to unexpected behavior.
Consider using tensor.detach() first. (Triggered internally at /Users/runner/work/pytorch/pytorch/torch/csrc/autograd/generated/python_variable_methods.cpp:839.)
  return float(torch.cat(grads).norm())
Iteration 0000 | train reward: -11.44 | best: -11.44 | KL: 2.120e-05 | std: 0.6067 | rollout: 6.219s | update: 0.162s | total: 6.382s | samples/s: 10029
Iteration 0001 | train reward: -9.59 | best: -9.59 | KL: 2.398e-05 | std: 0.6067 | rollout: 6.152s | update: 0.091s | total: 6.243s | samples/s: 10252
Iteration 0002 | train reward: -8.68 | best: -8.68 | KL: 2.436e-05 | std: 0.6067 | rollout: 5.705s | update: 0.105s | total: 5.811s | samples/s: 11014
Iteration 0003 | train reward: -5.30 | best: -5.30 | KL: 2.838e-05 | std: 0.6067 | rollout: 5.484s | update: 0.097s | total: 5.582s | samples/s: 11466
Iteration 0004 | train reward: -4.43 | best: -4.43 | KL: 3.345e-05 | std: 0.6059 | rollout: 6.277s | update: 0.100s | total: 6.378s | samples/s: 10035
Iteration 0005 | train reward: -4.43 | best: -4.43 | KL: 2.947e-05 | std: 0.6059 | rollout: 5.835s | update: 0.102s | total: 5.937s | samples/s: 10780
Iteration 0006 | train reward: -3.06 | best: -3.06 | KL: 2.872e-05 | std: 0.6059 | rollout: 6.048s | update: 0.182s | total: 6.230s | samples/s: 10273
Iteration 0007 | train reward: 0.11 | best: 0.11 | KL: 4.024e-05 | std: 0.6058 | rollout: 5.563s | update: 0.107s | total: 5.670s | samples/s: 11288
Iteration 0008 | train reward: 1.87 | best: 1.87 | KL: 3.434e-05 | std: 0.6055 | rollout: 5.556s | update: 0.116s | total: 5.673s | samples/s: 11282
Iteration 0009 | train reward: 4.55 | best: 4.55 | KL: 4.031e-05 | std: 0.6055 | rollout: 5.667s | update: 0.122s | total: 5.789s | samples/s: 11055
Iteration 0010 | train reward: 6.55 | best: 6.55 | KL: 4.364e-05 | std: 0.6055 | rollout: 5.623s | update: 0.117s | total: 5.740s | samples/s: 11149
Iteration 0011 | train reward: 7.18 | best: 7.18 | KL: 3.902e-05 | std: 0.6054 | rollout: 6.229s | update: 0.263s | total: 6.492s | samples/s: 9858
Iteration 0012 | train reward: 11.99 | best: 11.99 | KL: 3.000e-05 | std: 0.6054 | rollout: 6.121s | update: 0.184s | total: 6.305s | samples/s: 10151
Iteration 0013 | train reward: 11.36 | best: 11.99 | KL: 2.960e-05 | std: 0.6054 | rollout: 5.739s | update: 0.133s | total: 5.871s | samples/s: 10900
Iteration 0014 | train reward: 14.00 | best: 14.00 | KL: 2.470e-05 | std: 0.6054 | rollout: 5.970s | update: 0.139s | total: 6.109s | samples/s: 10476
Iteration 0015 | train reward: 14.29 | best: 14.29 | KL: 2.206e-05 | std: 0.6054 | rollout: 5.638s | update: 0.141s | total: 5.779s | samples/s: 11075
Iteration 0016 | train reward: 15.55 | best: 15.55 | KL: 2.300e-05 | std: 0.6054 | rollout: 5.702s | update: 0.129s | total: 5.831s | samples/s: 10977
Iteration 0017 | train reward: 15.08 | best: 15.55 | KL: 2.346e-05 | std: 0.6051 | rollout: 5.504s | update: 0.104s | total: 5.609s | samples/s: 11411
Iteration 0018 | train reward: 18.90 | best: 18.90 | KL: 1.847e-05 | std: 0.6051 | rollout: 5.582s | update: 0.142s | total: 5.724s | samples/s: 11180
Iteration 0019 | train reward: 19.88 | best: 19.88 | KL: 1.795e-05 | std: 0.6051 | rollout: 5.451s | update: 0.154s | total: 5.605s | samples/s: 11419
Iteration 0020 | train reward: 19.15 | best: 19.88 | KL: 1.638e-05 | std: 0.6051 | rollout: 5.619s | update: 0.144s | total: 5.763s | samples/s: 11106
Iteration 0021 | train reward: 20.21 | best: 20.21 | KL: 1.425e-05 | std: 0.6051 | rollout: 5.517s | update: 0.113s | total: 5.630s | samples/s: 11368
Iteration 0022 | train reward: 20.32 | best: 20.32 | KL: 9.268e-06 | std: 0.6051 | rollout: 5.574s | update: 0.120s | total: 5.694s | samples/s: 11240
Iteration 0023 | train reward: 20.86 | best: 20.86 | KL: 1.759e-05 | std: 0.6042 | rollout: 5.501s | update: 0.123s | total: 5.624s | samples/s: 11379
Iteration 0024 | train reward: 21.96 | best: 21.96 | KL: 1.011e-05 | std: 0.6042 | rollout: 5.394s | update: 0.121s | total: 5.515s | samples/s: 11604
Iteration 0025 | train reward: 20.97 | best: 21.96 | KL: 1.183e-05 | std: 0.6051 | rollout: 5.597s | update: 0.119s | total: 5.716s | samples/s: 11197
Iteration 0026 | train reward: 21.69 | best: 21.96 | KL: 1.579e-05 | std: 0.6042 | rollout: 5.906s | update: 0.172s | total: 6.078s | samples/s: 10529
Iteration 0027 | train reward: 22.72 | best: 22.72 | KL: 8.274e-06 | std: 0.6041 | rollout: 5.564s | update: 0.115s | total: 5.680s | samples/s: 11268
Iteration 0028 | train reward: 22.43 | best: 22.72 | KL: 1.044e-05 | std: 0.6041 | rollout: 5.412s | update: 0.123s | total: 5.536s | samples/s: 11561
Iteration 0029 | train reward: 22.68 | best: 22.72 | KL: 1.761e-05 | std: 0.6041 | rollout: 5.293s | update: 0.118s | total: 5.410s | samples/s: 11829
Iteration 0030 | train reward: 21.86 | best: 22.72 | KL: 1.982e-05 | std: 0.6041 | rollout: 5.691s | update: 0.115s | total: 5.806s | samples/s: 11023
Iteration 0031 | train reward: 22.39 | best: 22.72 | KL: 1.236e-05 | std: 0.6041 | rollout: 5.649s | update: 0.187s | total: 5.835s | samples/s: 10968
Iteration 0032 | train reward: 21.90 | best: 22.72 | KL: 1.142e-05 | std: 0.6042 | rollout: 5.539s | update: 0.120s | total: 5.660s | samples/s: 11308
Iteration 0033 | train reward: 23.28 | best: 23.28 | KL: 1.721e-05 | std: 0.6042 | rollout: 5.291s | update: 0.115s | total: 5.406s | samples/s: 11838
Iteration 0034 | train reward: 23.85 | best: 23.85 | KL: 1.128e-05 | std: 0.6042 | rollout: 5.338s | update: 0.110s | total: 5.448s | samples/s: 11748
Iteration 0035 | train reward: 22.62 | best: 23.85 | KL: 1.371e-05 | std: 0.6042 | rollout: 5.359s | update: 0.107s | total: 5.466s | samples/s: 11708
Iteration 0036 | train reward: 24.06 | best: 24.06 | KL: 8.490e-06 | std: 0.6042 | rollout: 5.398s | update: 0.112s | total: 5.511s | samples/s: 11614
Iteration 0037 | train reward: 23.93 | best: 24.06 | KL: 7.733e-06 | std: 0.6041 | rollout: 5.422s | update: 0.106s | total: 5.528s | samples/s: 11578
Iteration 0038 | train reward: 23.64 | best: 24.06 | KL: 6.676e-06 | std: 0.6041 | rollout: 5.261s | update: 0.145s | total: 5.407s | samples/s: 11837
Iteration 0039 | train reward: 24.11 | best: 24.11 | KL: 1.196e-05 | std: 0.6041 | rollout: 5.230s | update: 0.134s | total: 5.364s | samples/s: 11932
Iteration 0040 | train reward: 23.68 | best: 24.11 | KL: 9.179e-06 | std: 0.6041 | rollout: 5.534s | update: 0.113s | total: 5.647s | samples/s: 11334
Iteration 0041 | train reward: 23.34 | best: 24.11 | KL: 6.521e-06 | std: 0.6039 | rollout: 5.386s | update: 0.127s | total: 5.513s | samples/s: 11609
Iteration 0042 | train reward: 24.07 | best: 24.11 | KL: 1.668e-05 | std: 0.6041 | rollout: 5.405s | update: 0.128s | total: 5.533s | samples/s: 11567
Iteration 0043 | train reward: 24.45 | best: 24.45 | KL: 9.756e-06 | std: 0.6039 | rollout: 5.269s | update: 0.127s | total: 5.396s | samples/s: 11861
Iteration 0044 | train reward: 24.67 | best: 24.67 | KL: 1.255e-05 | std: 0.6041 | rollout: 5.459s | update: 0.122s | total: 5.581s | samples/s: 11467
Iteration 0045 | train reward: 24.52 | best: 24.67 | KL: 1.422e-05 | std: 0.6039 | rollout: 5.369s | update: 0.114s | total: 5.484s | samples/s: 11671
Iteration 0046 | train reward: 24.93 | best: 24.93 | KL: 8.258e-06 | std: 0.6039 | rollout: 5.370s | update: 0.217s | total: 5.587s | samples/s: 11455
Iteration 0047 | train reward: 24.33 | best: 24.93 | KL: 1.488e-05 | std: 0.6039 | rollout: 5.932s | update: 0.210s | total: 6.142s | samples/s: 10420
Iteration 0048 | train reward: 24.52 | best: 24.93 | KL: 1.450e-05 | std: 0.6039 | rollout: 5.578s | update: 0.124s | total: 5.702s | samples/s: 11225
Iteration 0049 | train reward: 24.57 | best: 24.93 | KL: 8.032e-06 | std: 0.6039 | rollout: 5.394s | update: 0.122s | total: 5.516s | samples/s: 11603
Iteration 0050 | train reward: 24.63 | best: 24.93 | KL: 8.053e-06 | std: 0.6039 | rollout: 5.305s | update: 0.190s | total: 5.495s | samples/s: 11648
Iteration 0051 | train reward: 24.39 | best: 24.93 | KL: 1.858e-05 | std: 0.6039 | rollout: 5.284s | update: 0.127s | total: 5.411s | samples/s: 11828
Iteration 0052 | train reward: 24.80 | best: 24.93 | KL: 9.727e-06 | std: 0.6039 | rollout: 5.350s | update: 0.124s | total: 5.474s | samples/s: 11691
Iteration 0053 | train reward: 25.77 | best: 25.77 | KL: 1.056e-05 | std: 0.6039 | rollout: 5.258s | update: 0.117s | total: 5.375s | samples/s: 11907
Iteration 0054 | train reward: 24.61 | best: 25.77 | KL: 1.019e-05 | std: 0.6039 | rollout: 5.418s | update: 0.140s | total: 5.558s | samples/s: 11515
Iteration 0055 | train reward: 25.50 | best: 25.77 | KL: 1.640e-05 | std: 0.6041 | rollout: 5.506s | update: 0.128s | total: 5.634s | samples/s: 11360
Iteration 0056 | train reward: 25.24 | best: 25.77 | KL: 1.276e-05 | std: 0.6039 | rollout: 5.343s | update: 0.121s | total: 5.464s | samples/s: 11713
Iteration 0057 | train reward: 24.68 | best: 25.77 | KL: 1.375e-05 | std: 0.6038 | rollout: 5.323s | update: 0.184s | total: 5.507s | samples/s: 11622
Iteration 0058 | train reward: 25.09 | best: 25.77 | KL: 1.217e-05 | std: 0.6038 | rollout: 5.184s | update: 0.115s | total: 5.299s | samples/s: 12077
Iteration 0059 | train reward: 24.68 | best: 25.77 | KL: 1.004e-05 | std: 0.6038 | rollout: 5.485s | update: 0.317s | total: 5.802s | samples/s: 11030
Iteration 0060 | train reward: 25.25 | best: 25.77 | KL: 1.295e-05 | std: 0.6032 | rollout: 5.642s | update: 0.306s | total: 5.948s | samples/s: 10760
Iteration 0061 | train reward: 24.67 | best: 25.77 | KL: 1.146e-05 | std: 0.6031 | rollout: 5.319s | update: 0.157s | total: 5.475s | samples/s: 11689
Iteration 0062 | train reward: 24.97 | best: 25.77 | KL: 1.390e-05 | std: 0.6031 | rollout: 5.259s | update: 0.250s | total: 5.509s | samples/s: 11618
Iteration 0063 | train reward: 25.08 | best: 25.77 | KL: 8.938e-06 | std: 0.6031 | rollout: 5.824s | update: 0.189s | total: 6.013s | samples/s: 10644
Iteration 0064 | train reward: 25.22 | best: 25.77 | KL: 1.103e-05 | std: 0.6029 | rollout: 5.314s | update: 0.129s | total: 5.443s | samples/s: 11759
Iteration 0065 | train reward: 25.33 | best: 25.77 | KL: 1.256e-05 | std: 0.6031 | rollout: 5.588s | update: 0.127s | total: 5.715s | samples/s: 11199
Iteration 0066 | train reward: 25.54 | best: 25.77 | KL: 1.307e-05 | std: 0.6032 | rollout: 5.638s | update: 0.129s | total: 5.767s | samples/s: 11097
Iteration 0067 | train reward: 24.96 | best: 25.77 | KL: 9.939e-06 | std: 0.6031 | rollout: 5.246s | update: 0.118s | total: 5.364s | samples/s: 11931
Iteration 0068 | train reward: 25.21 | best: 25.77 | KL: 1.059e-05 | std: 0.6031 | rollout: 5.411s | update: 0.121s | total: 5.533s | samples/s: 11567
Iteration 0069 | train reward: 25.23 | best: 25.77 | KL: 1.865e-05 | std: 0.6031 | rollout: 5.567s | update: 0.132s | total: 5.698s | samples/s: 11231
Iteration 0070 | train reward: 25.30 | best: 25.77 | KL: 1.472e-05 | std: 0.6029 | rollout: 5.839s | update: 0.133s | total: 5.973s | samples/s: 10715
Iteration 0071 | train reward: 25.36 | best: 25.77 | KL: 1.472e-05 | std: 0.6029 | rollout: 5.393s | update: 0.114s | total: 5.507s | samples/s: 11622
Iteration 0072 | train reward: 24.92 | best: 25.77 | KL: 8.764e-06 | std: 0.6028 | rollout: 5.376s | update: 0.122s | total: 5.498s | samples/s: 11641
Iteration 0073 | train reward: 25.60 | best: 25.77 | KL: 1.199e-05 | std: 0.6029 | rollout: 5.335s | update: 0.189s | total: 5.524s | samples/s: 11587
Iteration 0074 | train reward: 25.31 | best: 25.77 | KL: 1.326e-05 | std: 0.6029 | rollout: 5.394s | update: 0.186s | total: 5.580s | samples/s: 11470
Iteration 0075 | train reward: 25.16 | best: 25.77 | KL: 7.358e-06 | std: 0.6028 | rollout: 5.385s | update: 0.131s | total: 5.517s | samples/s: 11601
Iteration 0076 | train reward: 24.86 | best: 25.77 | KL: 1.103e-05 | std: 0.6028 | rollout: 5.338s | update: 0.120s | total: 5.459s | samples/s: 11724
Iteration 0077 | train reward: 24.85 | best: 25.77 | KL: 1.252e-05 | std: 0.6028 | rollout: 5.282s | update: 0.190s | total: 5.472s | samples/s: 11695
Iteration 0078 | train reward: 25.51 | best: 25.77 | KL: 1.128e-05 | std: 0.6028 | rollout: 5.431s | update: 0.155s | total: 5.586s | samples/s: 11457
Iteration 0079 | train reward: 25.84 | best: 25.84 | KL: 1.226e-05 | std: 0.6028 | rollout: 5.315s | update: 0.116s | total: 5.431s | samples/s: 11785
Iteration 0080 | train reward: 26.09 | best: 26.09 | KL: 2.011e-05 | std: 0.6028 | rollout: 5.537s | update: 0.160s | total: 5.697s | samples/s: 11234
Iteration 0081 | train reward: 25.47 | best: 26.09 | KL: 1.643e-05 | std: 0.6028 | rollout: 5.695s | update: 0.160s | total: 5.855s | samples/s: 10931
Iteration 0082 | train reward: 25.79 | best: 26.09 | KL: 8.081e-06 | std: 0.6028 | rollout: 5.732s | update: 0.154s | total: 5.886s | samples/s: 10873
Iteration 0083 | train reward: 25.21 | best: 26.09 | KL: 8.966e-06 | std: 0.6020 | rollout: 5.460s | update: 0.118s | total: 5.578s | samples/s: 11474
Iteration 0084 | train reward: 25.39 | best: 26.09 | KL: 2.173e-05 | std: 0.6019 | rollout: 5.644s | update: 0.285s | total: 5.929s | samples/s: 10794
Iteration 0085 | train reward: 25.68 | best: 26.09 | KL: 1.873e-05 | std: 0.6020 | rollout: 5.511s | update: 0.129s | total: 5.640s | samples/s: 11347
Iteration 0086 | train reward: 25.84 | best: 26.09 | KL: 1.923e-05 | std: 0.6028 | rollout: 5.530s | update: 0.121s | total: 5.651s | samples/s: 11326
Iteration 0087 | train reward: 25.39 | best: 26.09 | KL: 1.083e-05 | std: 0.6028 | rollout: 5.366s | update: 0.121s | total: 5.487s | samples/s: 11663
Iteration 0088 | train reward: 24.95 | best: 26.09 | KL: 1.377e-05 | std: 0.6029 | rollout: 5.377s | update: 0.122s | total: 5.499s | samples/s: 11638
Iteration 0089 | train reward: 25.76 | best: 26.09 | KL: 1.004e-05 | std: 0.6028 | rollout: 5.387s | update: 0.134s | total: 5.521s | samples/s: 11593
Iteration 0090 | train reward: 25.47 | best: 26.09 | KL: 1.656e-05 | std: 0.6028 | rollout: 5.427s | update: 0.120s | total: 5.547s | samples/s: 11538
Iteration 0091 | train reward: 25.49 | best: 26.09 | KL: 1.178e-05 | std: 0.6020 | rollout: 5.539s | update: 0.126s | total: 5.665s | samples/s: 11297
Iteration 0092 | train reward: 26.08 | best: 26.09 | KL: 1.491e-05 | std: 0.6028 | rollout: 5.845s | update: 0.429s | total: 6.273s | samples/s: 10202
Iteration 0093 | train reward: 25.49 | best: 26.09 | KL: 1.121e-05 | std: 0.6028 | rollout: 6.548s | update: 0.218s | total: 6.767s | samples/s: 9458
Iteration 0094 | train reward: 25.23 | best: 26.09 | KL: 9.410e-06 | std: 0.6028 | rollout: 6.145s | update: 0.127s | total: 6.272s | samples/s: 10204
Iteration 0095 | train reward: 25.52 | best: 26.09 | KL: 1.273e-05 | std: 0.6028 | rollout: 5.372s | update: 0.127s | total: 5.500s | samples/s: 11637
Iteration 0096 | train reward: 26.24 | best: 26.24 | KL: 2.070e-05 | std: 0.6019 | rollout: 5.377s | update: 0.128s | total: 5.505s | samples/s: 11626
Iteration 0097 | train reward: 26.28 | best: 26.28 | KL: 1.503e-05 | std: 0.6020 | rollout: 5.524s | update: 0.143s | total: 5.667s | samples/s: 11294
Iteration 0098 | train reward: 25.03 | best: 26.28 | KL: 1.266e-05 | std: 0.6020 | rollout: 5.688s | update: 0.233s | total: 5.921s | samples/s: 10808
Iteration 0099 | train reward: 25.72 | best: 26.28 | KL: 1.106e-05 | std: 0.6020 | rollout: 5.224s | update: 0.211s | total: 5.435s | samples/s: 11776
Iteration 0100 | train reward: 26.24 | best: 26.28 | KL: 2.614e-05 | std: 0.6020 | rollout: 5.207s | update: 0.127s | total: 5.334s | samples/s: 11998
Iteration 0101 | train reward: 26.19 | best: 26.28 | KL: 1.231e-05 | std: 0.6020 | rollout: 5.582s | update: 0.116s | total: 5.698s | samples/s: 11232
Iteration 0102 | train reward: 25.68 | best: 26.28 | KL: 1.880e-05 | std: 0.6020 | rollout: 5.459s | update: 0.120s | total: 5.579s | samples/s: 11471
Iteration 0103 | train reward: 26.57 | best: 26.57 | KL: 1.494e-05 | std: 0.6020 | rollout: 5.299s | update: 0.136s | total: 5.435s | samples/s: 11775
Iteration 0104 | train reward: 26.14 | best: 26.57 | KL: 1.155e-05 | std: 0.6019 | rollout: 5.326s | update: 0.132s | total: 5.458s | samples/s: 11726
Iteration 0105 | train reward: 26.01 | best: 26.57 | KL: 1.224e-05 | std: 0.6019 | rollout: 5.446s | update: 0.196s | total: 5.642s | samples/s: 11343
Iteration 0106 | train reward: 25.89 | best: 26.57 | KL: 9.936e-06 | std: 0.6017 | rollout: 5.481s | update: 0.132s | total: 5.613s | samples/s: 11403
Iteration 0107 | train reward: 25.64 | best: 26.57 | KL: 1.448e-05 | std: 0.6019 | rollout: 5.476s | update: 0.117s | total: 5.594s | samples/s: 11442
Iteration 0108 | train reward: 25.39 | best: 26.57 | KL: 1.203e-05 | std: 0.6019 | rollout: 5.387s | update: 0.135s | total: 5.521s | samples/s: 11591
Iteration 0109 | train reward: 26.20 | best: 26.57 | KL: 1.285e-05 | std: 0.6020 | rollout: 5.441s | update: 0.126s | total: 5.567s | samples/s: 11496
Iteration 0110 | train reward: 26.31 | best: 26.57 | KL: 1.417e-05 | std: 0.6019 | rollout: 5.294s | update: 0.210s | total: 5.504s | samples/s: 11628
Iteration 0111 | train reward: 25.44 | best: 26.57 | KL: 1.325e-05 | std: 0.6019 | rollout: 5.407s | update: 0.159s | total: 5.566s | samples/s: 11499
Iteration 0112 | train reward: 26.14 | best: 26.57 | KL: 1.492e-05 | std: 0.6020 | rollout: 5.468s | update: 0.124s | total: 5.592s | samples/s: 11445
Iteration 0113 | train reward: 26.04 | best: 26.57 | KL: 2.303e-05 | std: 0.6019 | rollout: 5.343s | update: 0.127s | total: 5.469s | samples/s: 11702
Iteration 0114 | train reward: 26.31 | best: 26.57 | KL: 1.572e-05 | std: 0.6017 | rollout: 5.303s | update: 0.136s | total: 5.438s | samples/s: 11768
Iteration 0115 | train reward: 26.07 | best: 26.57 | KL: 1.895e-05 | std: 0.6017 | rollout: 5.338s | update: 0.122s | total: 5.460s | samples/s: 11722
Iteration 0116 | train reward: 26.43 | best: 26.57 | KL: 1.270e-05 | std: 0.6016 | rollout: 5.560s | update: 0.120s | total: 5.680s | samples/s: 11268
Iteration 0117 | train reward: 26.03 | best: 26.57 | KL: 1.643e-05 | std: 0.6016 | rollout: 5.226s | update: 0.126s | total: 5.352s | samples/s: 11957
Iteration 0118 | train reward: 25.60 | best: 26.57 | KL: 1.426e-05 | std: 0.6019 | rollout: 5.229s | update: 0.174s | total: 5.403s | samples/s: 11845
Iteration 0119 | train reward: 25.93 | best: 26.57 | KL: 1.306e-05 | std: 0.6016 | rollout: 5.490s | update: 0.129s | total: 5.619s | samples/s: 11390
Iteration 0120 | train reward: 25.91 | best: 26.57 | KL: 2.272e-05 | std: 0.6016 | rollout: 5.312s | update: 0.179s | total: 5.491s | samples/s: 11655
Iteration 0121 | train reward: 26.11 | best: 26.57 | KL: 1.310e-05 | std: 0.6016 | rollout: 5.517s | update: 0.210s | total: 5.728s | samples/s: 11174
Iteration 0122 | train reward: 25.83 | best: 26.57 | KL: 1.162e-05 | std: 0.6016 | rollout: 5.527s | update: 0.132s | total: 5.659s | samples/s: 11309
Iteration 0123 | train reward: 25.77 | best: 26.57 | KL: 8.337e-06 | std: 0.6016 | rollout: 5.118s | update: 0.131s | total: 5.248s | samples/s: 12194
Iteration 0124 | train reward: 26.71 | best: 26.71 | KL: 1.283e-05 | std: 0.6016 | rollout: 5.246s | update: 0.127s | total: 5.373s | samples/s: 11911
Iteration 0125 | train reward: 26.17 | best: 26.71 | KL: 1.249e-05 | std: 0.6016 | rollout: 5.240s | update: 0.155s | total: 5.395s | samples/s: 11863
Iteration 0126 | train reward: 25.89 | best: 26.71 | KL: 1.416e-05 | std: 0.6017 | rollout: 5.280s | update: 0.283s | total: 5.563s | samples/s: 11505
Iteration 0127 | train reward: 26.20 | best: 26.71 | KL: 1.516e-05 | std: 0.6016 | rollout: 5.254s | update: 0.176s | total: 5.431s | samples/s: 11785
Iteration 0128 | train reward: 26.22 | best: 26.71 | KL: 8.094e-06 | std: 0.6017 | rollout: 5.477s | update: 0.293s | total: 5.771s | samples/s: 11091
Iteration 0129 | train reward: 26.25 | best: 26.71 | KL: 1.508e-05 | std: 0.6016 | rollout: 5.065s | update: 0.135s | total: 5.200s | samples/s: 12308
Iteration 0130 | train reward: 26.46 | best: 26.71 | KL: 1.895e-05 | std: 0.6016 | rollout: 5.464s | update: 0.134s | total: 5.598s | samples/s: 11434
Iteration 0131 | train reward: 26.20 | best: 26.71 | KL: 1.456e-05 | std: 0.6016 | rollout: 5.821s | update: 0.137s | total: 5.958s | samples/s: 10741
Iteration 0132 | train reward: 26.19 | best: 26.71 | KL: 1.075e-05 | std: 0.6016 | rollout: 5.426s | update: 0.129s | total: 5.555s | samples/s: 11521
Iteration 0133 | train reward: 26.09 | best: 26.71 | KL: 1.523e-05 | std: 0.6016 | rollout: 5.336s | update: 0.131s | total: 5.467s | samples/s: 11707
Iteration 0134 | train reward: 26.26 | best: 26.71 | KL: 1.130e-05 | std: 0.6016 | rollout: 5.413s | update: 0.127s | total: 5.540s | samples/s: 11552
Iteration 0135 | train reward: 26.60 | best: 26.71 | KL: 1.036e-05 | std: 0.6016 | rollout: 5.196s | update: 0.131s | total: 5.327s | samples/s: 12015
Iteration 0136 | train reward: 26.06 | best: 26.71 | KL: 1.143e-05 | std: 0.6016 | rollout: 5.502s | update: 0.127s | total: 5.630s | samples/s: 11368
Iteration 0137 | train reward: 25.87 | best: 26.71 | KL: 1.450e-05 | std: 0.6016 | rollout: 5.368s | update: 0.145s | total: 5.513s | samples/s: 11609
Iteration 0138 | train reward: 26.41 | best: 26.71 | KL: 1.292e-05 | std: 0.6016 | rollout: 5.727s | update: 0.122s | total: 5.849s | samples/s: 10942
Iteration 0139 | train reward: 26.31 | best: 26.71 | KL: 1.390e-05 | std: 0.6016 | rollout: 5.525s | update: 0.129s | total: 5.653s | samples/s: 11321
Iteration 0140 | train reward: 26.03 | best: 26.71 | KL: 2.252e-05 | std: 0.6015 | rollout: 5.485s | update: 0.190s | total: 5.675s | samples/s: 11277
Iteration 0141 | train reward: 25.81 | best: 26.71 | KL: 7.566e-06 | std: 0.6015 | rollout: 5.311s | update: 0.135s | total: 5.446s | samples/s: 11751
Iteration 0142 | train reward: 25.91 | best: 26.71 | KL: 1.188e-05 | std: 0.6015 | rollout: 5.373s | update: 0.150s | total: 5.522s | samples/s: 11589
Iteration 0143 | train reward: 26.46 | best: 26.71 | KL: 7.820e-06 | std: 0.6015 | rollout: 5.405s | update: 0.234s | total: 5.639s | samples/s: 11349
Iteration 0144 | train reward: 25.52 | best: 26.71 | KL: 1.097e-05 | std: 0.6016 | rollout: 5.892s | update: 0.197s | total: 6.089s | samples/s: 10511
Iteration 0145 | train reward: 26.17 | best: 26.71 | KL: 1.126e-05 | std: 0.6015 | rollout: 5.441s | update: 0.126s | total: 5.568s | samples/s: 11495
Iteration 0146 | train reward: 26.55 | best: 26.71 | KL: 1.871e-05 | std: 0.6016 | rollout: 5.456s | update: 0.132s | total: 5.587s | samples/s: 11454
Iteration 0147 | train reward: 26.16 | best: 26.71 | KL: 1.193e-05 | std: 0.6016 | rollout: 5.441s | update: 0.158s | total: 5.600s | samples/s: 11429
Iteration 0148 | train reward: 26.26 | best: 26.71 | KL: 1.430e-05 | std: 0.6016 | rollout: 5.854s | update: 0.142s | total: 5.996s | samples/s: 10674
Iteration 0149 | train reward: 26.12 | best: 26.71 | KL: 5.958e-06 | std: 0.6015 | rollout: 5.613s | update: 0.132s | total: 5.745s | samples/s: 11140
Iteration 0150 | train reward: 26.93 | best: 26.93 | KL: 1.545e-05 | std: 0.6015 | rollout: 5.382s | update: 0.115s | total: 5.497s | samples/s: 11642
Iteration 0151 | train reward: 25.69 | best: 26.93 | KL: 2.347e-05 | std: 0.6015 | rollout: 5.445s | update: 0.181s | total: 5.626s | samples/s: 11376
Iteration 0152 | train reward: 26.00 | best: 26.93 | KL: 1.543e-05 | std: 0.6016 | rollout: 5.311s | update: 0.132s | total: 5.443s | samples/s: 11759
Iteration 0153 | train reward: 26.49 | best: 26.93 | KL: 1.702e-05 | std: 0.6015 | rollout: 5.528s | update: 0.159s | total: 5.687s | samples/s: 11254
Iteration 0154 | train reward: 26.21 | best: 26.93 | KL: 1.025e-05 | std: 0.6015 | rollout: 5.453s | update: 0.165s | total: 5.618s | samples/s: 11392
Iteration 0155 | train reward: 26.81 | best: 26.93 | KL: 1.154e-05 | std: 0.6015 | rollout: 5.470s | update: 0.122s | total: 5.592s | samples/s: 11446
Iteration 0156 | train reward: 26.73 | best: 26.93 | KL: 1.186e-05 | std: 0.6015 | rollout: 5.105s | update: 0.133s | total: 5.238s | samples/s: 12218
Iteration 0157 | train reward: 26.48 | best: 26.93 | KL: 1.739e-05 | std: 0.6012 | rollout: 5.292s | update: 0.305s | total: 5.598s | samples/s: 11434
Iteration 0158 | train reward: 26.64 | best: 26.93 | KL: 9.083e-06 | std: 0.6013 | rollout: 5.323s | update: 0.127s | total: 5.451s | samples/s: 11741
Iteration 0159 | train reward: 26.33 | best: 26.93 | KL: 1.253e-05 | std: 0.6015 | rollout: 5.380s | update: 0.140s | total: 5.520s | samples/s: 11594
Iteration 0160 | train reward: 25.87 | best: 26.93 | KL: 1.014e-05 | std: 0.6012 | rollout: 5.410s | update: 0.300s | total: 5.710s | samples/s: 11208
Iteration 0161 | train reward: 26.35 | best: 26.93 | KL: 9.668e-06 | std: 0.6012 | rollout: 5.174s | update: 0.132s | total: 5.306s | samples/s: 12061
Iteration 0162 | train reward: 26.48 | best: 26.93 | KL: 1.216e-05 | std: 0.6012 | rollout: 5.420s | update: 0.130s | total: 5.550s | samples/s: 11532
Iteration 0163 | train reward: 26.77 | best: 26.93 | KL: 9.906e-06 | std: 0.6012 | rollout: 5.211s | update: 0.201s | total: 5.412s | samples/s: 11826
Iteration 0164 | train reward: 26.52 | best: 26.93 | KL: 9.678e-06 | std: 0.6012 | rollout: 5.398s | update: 0.132s | total: 5.529s | samples/s: 11575
Iteration 0165 | train reward: 26.31 | best: 26.93 | KL: 9.597e-06 | std: 0.6003 | rollout: 5.385s | update: 0.128s | total: 5.513s | samples/s: 11609
Iteration 0166 | train reward: 26.20 | best: 26.93 | KL: 2.467e-05 | std: 0.6003 | rollout: 5.398s | update: 0.124s | total: 5.522s | samples/s: 11590
Iteration 0167 | train reward: 26.32 | best: 26.93 | KL: 1.459e-05 | std: 0.6011 | rollout: 5.280s | update: 0.200s | total: 5.480s | samples/s: 11679
Iteration 0168 | train reward: 26.69 | best: 26.93 | KL: 2.021e-05 | std: 0.6003 | rollout: 5.420s | update: 0.193s | total: 5.613s | samples/s: 11402
Iteration 0169 | train reward: 26.52 | best: 26.93 | KL: 9.540e-06 | std: 0.6003 | rollout: 5.627s | update: 0.126s | total: 5.753s | samples/s: 11124
Iteration 0170 | train reward: 26.50 | best: 26.93 | KL: 2.489e-05 | std: 0.6002 | rollout: 5.350s | update: 0.173s | total: 5.523s | samples/s: 11587
Iteration 0171 | train reward: 25.76 | best: 26.93 | KL: 1.006e-05 | std: 0.6000 | rollout: 5.591s | update: 0.126s | total: 5.717s | samples/s: 11195
Iteration 0172 | train reward: 26.45 | best: 26.93 | KL: 8.633e-06 | std: 0.6000 | rollout: 5.586s | update: 0.123s | total: 5.709s | samples/s: 11211
Iteration 0173 | train reward: 26.38 | best: 26.93 | KL: 1.240e-05 | std: 0.6000 | rollout: 5.387s | update: 0.138s | total: 5.525s | samples/s: 11584
Iteration 0174 | train reward: 26.73 | best: 26.93 | KL: 1.239e-05 | std: 0.5999 | rollout: 5.352s | update: 0.125s | total: 5.477s | samples/s: 11686
Iteration 0175 | train reward: 26.21 | best: 26.93 | KL: 1.092e-05 | std: 0.5999 | rollout: 5.772s | update: 0.125s | total: 5.897s | samples/s: 10853
Iteration 0176 | train reward: 25.69 | best: 26.93 | KL: 2.467e-05 | std: 0.6000 | rollout: 5.283s | update: 0.129s | total: 5.411s | samples/s: 11827
Iteration 0177 | train reward: 26.30 | best: 26.93 | KL: 1.689e-05 | std: 0.5999 | rollout: 5.272s | update: 0.125s | total: 5.398s | samples/s: 11857
Iteration 0178 | train reward: 26.69 | best: 26.93 | KL: 1.521e-05 | std: 0.5999 | rollout: 5.162s | update: 0.123s | total: 5.285s | samples/s: 12110
Iteration 0179 | train reward: 26.28 | best: 26.93 | KL: 1.056e-05 | std: 0.6000 | rollout: 5.242s | update: 0.132s | total: 5.374s | samples/s: 11909
Iteration 0180 | train reward: 26.44 | best: 26.93 | KL: 2.394e-05 | std: 0.6000 | rollout: 5.275s | update: 0.125s | total: 5.400s | samples/s: 11851
Iteration 0181 | train reward: 25.76 | best: 26.93 | KL: 8.439e-06 | std: 0.6000 | rollout: 5.294s | update: 0.154s | total: 5.448s | samples/s: 11748
Iteration 0182 | train reward: 26.81 | best: 26.93 | KL: 1.982e-05 | std: 0.6002 | rollout: 5.518s | update: 0.134s | total: 5.652s | samples/s: 11323
Iteration 0183 | train reward: 26.24 | best: 26.93 | KL: 8.157e-06 | std: 0.6002 | rollout: 5.194s | update: 0.134s | total: 5.328s | samples/s: 12012
Iteration 0184 | train reward: 26.15 | best: 26.93 | KL: 1.421e-05 | std: 0.6002 | rollout: 5.199s | update: 0.123s | total: 5.323s | samples/s: 12024
Iteration 0185 | train reward: 26.52 | best: 26.93 | KL: 9.980e-06 | std: 0.6002 | rollout: 5.413s | update: 0.119s | total: 5.532s | samples/s: 11568
Iteration 0186 | train reward: 26.69 | best: 26.93 | KL: 1.182e-05 | std: 0.6000 | rollout: 5.481s | update: 0.128s | total: 5.609s | samples/s: 11410
Iteration 0187 | train reward: 26.36 | best: 26.93 | KL: 1.028e-05 | std: 0.6000 | rollout: 5.491s | update: 0.181s | total: 5.671s | samples/s: 11285
Iteration 0188 | train reward: 26.57 | best: 26.93 | KL: 8.881e-06 | std: 0.6002 | rollout: 5.434s | update: 0.131s | total: 5.565s | samples/s: 11500
Iteration 0189 | train reward: 25.80 | best: 26.93 | KL: 1.139e-05 | std: 0.6002 | rollout: 5.421s | update: 0.144s | total: 5.565s | samples/s: 11500
Iteration 0190 | train reward: 26.66 | best: 26.93 | KL: 8.666e-06 | std: 0.6000 | rollout: 5.275s | update: 0.131s | total: 5.405s | samples/s: 11840
Iteration 0191 | train reward: 26.27 | best: 26.93 | KL: 1.358e-05 | std: 0.6000 | rollout: 5.176s | update: 0.120s | total: 5.296s | samples/s: 12084
Iteration 0192 | train reward: 26.26 | best: 26.93 | KL: 6.620e-06 | std: 0.6000 | rollout: 5.487s | update: 0.133s | total: 5.620s | samples/s: 11388
Iteration 0193 | train reward: 26.63 | best: 26.93 | KL: 1.133e-05 | std: 0.6000 | rollout: 5.690s | update: 0.131s | total: 5.822s | samples/s: 10993
Iteration 0194 | train reward: 26.38 | best: 26.93 | KL: 2.013e-05 | std: 0.6000 | rollout: 5.480s | update: 0.194s | total: 5.674s | samples/s: 11280
Iteration 0195 | train reward: 26.31 | best: 26.93 | KL: 8.726e-06 | std: 0.6002 | rollout: 5.432s | update: 0.128s | total: 5.560s | samples/s: 11511
Iteration 0196 | train reward: 26.30 | best: 26.93 | KL: 1.548e-05 | std: 0.6002 | rollout: 5.435s | update: 0.137s | total: 5.572s | samples/s: 11485
Iteration 0197 | train reward: 26.66 | best: 26.93 | KL: 1.127e-05 | std: 0.6002 | rollout: 5.087s | update: 0.187s | total: 5.275s | samples/s: 12134
Iteration 0198 | train reward: 27.20 | best: 27.20 | KL: 1.537e-05 | std: 0.6002 | rollout: 5.234s | update: 0.133s | total: 5.367s | samples/s: 11926
Iteration 0199 | train reward: 27.05 | best: 27.20 | KL: 1.134e-05 | std: 0.6003 | rollout: 5.363s | update: 0.135s | total: 5.498s | samples/s: 11640
Iteration 0200 | train reward: 27.05 | best: 27.20 | KL: 1.409e-05 | std: 0.6003 | rollout: 5.291s | update: 0.124s | total: 5.415s | samples/s: 11819
Iteration 0201 | train reward: 26.62 | best: 27.20 | KL: 1.600e-05 | std: 0.6002 | rollout: 5.622s | update: 0.135s | total: 5.757s | samples/s: 11117
Iteration 0202 | train reward: 26.49 | best: 27.20 | KL: 8.106e-06 | std: 0.6002 | rollout: 5.308s | update: 0.119s | total: 5.427s | samples/s: 11793
Iteration 0203 | train reward: 26.43 | best: 27.20 | KL: 9.751e-06 | std: 0.6000 | rollout: 5.492s | update: 0.118s | total: 5.610s | samples/s: 11409
Iteration 0204 | train reward: 26.64 | best: 27.20 | KL: 1.430e-05 | std: 0.6000 | rollout: 5.326s | update: 0.115s | total: 5.440s | samples/s: 11764
Iteration 0205 | train reward: 26.83 | best: 27.20 | KL: 2.461e-05 | std: 0.6000 | rollout: 5.712s | update: 0.153s | total: 5.865s | samples/s: 10913
Iteration 0206 | train reward: 26.49 | best: 27.20 | KL: 1.336e-05 | std: 0.5999 | rollout: 5.465s | update: 0.162s | total: 5.626s | samples/s: 11375
Iteration 0207 | train reward: 26.54 | best: 27.20 | KL: 1.474e-05 | std: 0.5999 | rollout: 5.383s | update: 0.136s | total: 5.518s | samples/s: 11597
Iteration 0208 | train reward: 26.39 | best: 27.20 | KL: 1.716e-05 | std: 0.5999 | rollout: 5.382s | update: 0.137s | total: 5.518s | samples/s: 11597
Iteration 0209 | train reward: 26.67 | best: 27.20 | KL: 8.880e-06 | std: 0.5999 | rollout: 5.642s | update: 0.216s | total: 5.857s | samples/s: 10926
Iteration 0210 | train reward: 26.54 | best: 27.20 | KL: 2.189e-05 | std: 0.5993 | rollout: 5.417s | update: 0.130s | total: 5.547s | samples/s: 11538
Iteration 0211 | train reward: 26.58 | best: 27.20 | KL: 1.714e-05 | std: 0.5993 | rollout: 5.573s | update: 0.149s | total: 5.722s | samples/s: 11185
Iteration 0212 | train reward: 26.91 | best: 27.20 | KL: 1.862e-05 | std: 0.5993 | rollout: 5.515s | update: 0.128s | total: 5.643s | samples/s: 11341
Iteration 0213 | train reward: 26.95 | best: 27.20 | KL: 1.280e-05 | std: 0.5993 | rollout: 5.524s | update: 0.130s | total: 5.655s | samples/s: 11318
Iteration 0214 | train reward: 26.38 | best: 27.20 | KL: 9.223e-06 | std: 0.5999 | rollout: 5.522s | update: 0.127s | total: 5.649s | samples/s: 11329
Iteration 0215 | train reward: 26.54 | best: 27.20 | KL: 2.650e-05 | std: 0.5993 | rollout: 5.517s | update: 0.162s | total: 5.679s | samples/s: 11269
Iteration 0216 | train reward: 26.72 | best: 27.20 | KL: 1.559e-05 | std: 0.5993 | rollout: 5.671s | update: 0.204s | total: 5.876s | samples/s: 10892
Iteration 0217 | train reward: 26.95 | best: 27.20 | KL: 2.857e-05 | std: 0.5993 | rollout: 5.659s | update: 0.131s | total: 5.790s | samples/s: 11053
Iteration 0218 | train reward: 27.21 | best: 27.21 | KL: 1.776e-05 | std: 0.5993 | rollout: 5.683s | update: 0.249s | total: 5.931s | samples/s: 10790
Iteration 0219 | train reward: 26.30 | best: 27.21 | KL: 1.293e-05 | std: 0.5993 | rollout: 5.465s | update: 0.137s | total: 5.602s | samples/s: 11425
Iteration 0220 | train reward: 26.44 | best: 27.21 | KL: 2.177e-05 | std: 0.5992 | rollout: 5.370s | update: 0.136s | total: 5.506s | samples/s: 11623
Iteration 0221 | train reward: 26.80 | best: 27.21 | KL: 1.306e-05 | std: 0.5992 | rollout: 5.426s | update: 0.148s | total: 5.575s | samples/s: 11480
Iteration 0222 | train reward: 26.90 | best: 27.21 | KL: 1.681e-05 | std: 0.5992 | rollout: 5.607s | update: 0.133s | total: 5.740s | samples/s: 11151
Iteration 0223 | train reward: 26.60 | best: 27.21 | KL: 1.136e-05 | std: 0.5990 | rollout: 5.576s | update: 0.136s | total: 5.711s | samples/s: 11206
Iteration 0224 | train reward: 27.02 | best: 27.21 | KL: 1.321e-05 | std: 0.5989 | rollout: 5.584s | update: 0.137s | total: 5.721s | samples/s: 11187
Iteration 0225 | train reward: 26.60 | best: 27.21 | KL: 1.590e-05 | std: 0.5989 | rollout: 5.504s | update: 0.132s | total: 5.636s | samples/s: 11355
Iteration 0226 | train reward: 26.56 | best: 27.21 | KL: 1.589e-05 | std: 0.5989 | rollout: 5.712s | update: 0.212s | total: 5.923s | samples/s: 10805
Iteration 0227 | train reward: 27.20 | best: 27.21 | KL: 1.995e-05 | std: 0.5981 | rollout: 5.836s | update: 0.128s | total: 5.964s | samples/s: 10731
Iteration 0228 | train reward: 26.63 | best: 27.21 | KL: 1.232e-05 | std: 0.5981 | rollout: 5.527s | update: 0.137s | total: 5.664s | samples/s: 11300
Iteration 0229 | train reward: 26.63 | best: 27.21 | KL: 8.867e-06 | std: 0.5981 | rollout: 5.502s | update: 0.263s | total: 5.765s | samples/s: 11101
Iteration 0230 | train reward: 27.04 | best: 27.21 | KL: 1.546e-05 | std: 0.5981 | rollout: 5.671s | update: 0.163s | total: 5.834s | samples/s: 10970
Iteration 0231 | train reward: 26.76 | best: 27.21 | KL: 1.898e-05 | std: 0.5981 | rollout: 5.584s | update: 0.135s | total: 5.719s | samples/s: 11191
Iteration 0232 | train reward: 26.70 | best: 27.21 | KL: 9.525e-06 | std: 0.5981 | rollout: 5.494s | update: 0.129s | total: 5.623s | samples/s: 11382
Iteration 0233 | train reward: 26.69 | best: 27.21 | KL: 1.717e-05 | std: 0.5980 | rollout: 5.501s | update: 0.195s | total: 5.696s | samples/s: 11235
Iteration 0234 | train reward: 26.89 | best: 27.21 | KL: 1.627e-05 | std: 0.5980 | rollout: 5.577s | update: 0.132s | total: 5.710s | samples/s: 11209
Iteration 0235 | train reward: 27.20 | best: 27.21 | KL: 1.098e-05 | std: 0.5980 | rollout: 5.540s | update: 0.139s | total: 5.678s | samples/s: 11271
Iteration 0236 | train reward: 27.10 | best: 27.21 | KL: 2.630e-05 | std: 0.5978 | rollout: 5.493s | update: 0.190s | total: 5.683s | samples/s: 11262
Iteration 0237 | train reward: 27.10 | best: 27.21 | KL: 1.814e-05 | std: 0.5978 | rollout: 5.488s | update: 0.178s | total: 5.665s | samples/s: 11297
Iteration 0238 | train reward: 27.29 | best: 27.29 | KL: 1.331e-05 | std: 0.5977 | rollout: 5.642s | update: 0.177s | total: 5.820s | samples/s: 10997
Iteration 0239 | train reward: 26.66 | best: 27.29 | KL: 1.092e-05 | std: 0.5977 | rollout: 5.646s | update: 0.191s | total: 5.837s | samples/s: 10965
Iteration 0240 | train reward: 26.60 | best: 27.29 | KL: 1.337e-05 | std: 0.5977 | rollout: 5.588s | update: 0.131s | total: 5.718s | samples/s: 11192
Iteration 0241 | train reward: 26.68 | best: 27.29 | KL: 2.227e-05 | std: 0.5978 | rollout: 5.489s | update: 0.136s | total: 5.626s | samples/s: 11377
Iteration 0242 | train reward: 27.06 | best: 27.29 | KL: 2.277e-05 | std: 0.5977 | rollout: 5.428s | update: 0.128s | total: 5.556s | samples/s: 11520
Iteration 0243 | train reward: 26.75 | best: 27.29 | KL: 9.922e-06 | std: 0.5977 | rollout: 5.746s | update: 0.149s | total: 5.895s | samples/s: 10857
Iteration 0244 | train reward: 26.92 | best: 27.29 | KL: 2.703e-05 | std: 0.5977 | rollout: 5.813s | update: 0.141s | total: 5.954s | samples/s: 10750
Iteration 0245 | train reward: 26.70 | best: 27.29 | KL: 1.538e-05 | std: 0.5977 | rollout: 5.989s | update: 0.127s | total: 6.116s | samples/s: 10464
Iteration 0246 | train reward: 26.35 | best: 27.29 | KL: 1.764e-05 | std: 0.5978 | rollout: 5.816s | update: 0.201s | total: 6.017s | samples/s: 10637
Iteration 0247 | train reward: 27.03 | best: 27.29 | KL: 1.481e-05 | std: 0.5978 | rollout: 5.769s | update: 0.167s | total: 5.936s | samples/s: 10781
Iteration 0248 | train reward: 26.70 | best: 27.29 | KL: 1.315e-05 | std: 0.5978 | rollout: 5.614s | update: 0.135s | total: 5.749s | samples/s: 11132
Iteration 0249 | train reward: 27.13 | best: 27.29 | KL: 1.910e-05 | std: 0.5978 | rollout: 5.496s | update: 0.151s | total: 5.646s | samples/s: 11335
Iteration 0250 | train reward: 27.00 | best: 27.29 | KL: 2.287e-05 | std: 0.5978 | rollout: 5.560s | update: 0.135s | total: 5.695s | samples/s: 11237
Iteration 0251 | train reward: 27.04 | best: 27.29 | KL: 1.452e-05 | std: 0.5977 | rollout: 5.594s | update: 0.131s | total: 5.725s | samples/s: 11179
Iteration 0252 | train reward: 26.87 | best: 27.29 | KL: 9.543e-06 | std: 0.5978 | rollout: 5.755s | update: 0.220s | total: 5.975s | samples/s: 10710
Iteration 0253 | train reward: 26.95 | best: 27.29 | KL: 1.259e-05 | std: 0.5977 | rollout: 6.461s | update: 0.157s | total: 6.617s | samples/s: 9672
Iteration 0254 | train reward: 26.77 | best: 27.29 | KL: 2.330e-05 | std: 0.5978 | rollout: 6.439s | update: 0.131s | total: 6.570s | samples/s: 9741
Iteration 0255 | train reward: 27.82 | best: 27.82 | KL: 1.876e-05 | std: 0.5977 | rollout: 5.459s | update: 0.138s | total: 5.598s | samples/s: 11433
Iteration 0256 | train reward: 26.90 | best: 27.82 | KL: 1.780e-05 | std: 0.5977 | rollout: 5.563s | update: 0.128s | total: 5.691s | samples/s: 11246
Iteration 0257 | train reward: 27.53 | best: 27.82 | KL: 2.223e-05 | std: 0.5977 | rollout: 5.427s | update: 0.136s | total: 5.562s | samples/s: 11506
Iteration 0258 | train reward: 27.04 | best: 27.82 | KL: 1.171e-05 | std: 0.5977 | rollout: 5.535s | update: 0.137s | total: 5.672s | samples/s: 11283
Iteration 0259 | train reward: 27.19 | best: 27.82 | KL: 1.434e-05 | std: 0.5977 | rollout: 5.479s | update: 0.152s | total: 5.631s | samples/s: 11366
Iteration 0260 | train reward: 27.53 | best: 27.82 | KL: 1.378e-05 | std: 0.5976 | rollout: 5.461s | update: 0.239s | total: 5.700s | samples/s: 11228
Iteration 0261 | train reward: 27.22 | best: 27.82 | KL: 1.683e-05 | std: 0.5976 | rollout: 5.604s | update: 0.129s | total: 5.733s | samples/s: 11164
Iteration 0262 | train reward: 27.45 | best: 27.82 | KL: 1.542e-05 | std: 0.5973 | rollout: 5.318s | update: 0.132s | total: 5.451s | samples/s: 11742
Iteration 0263 | train reward: 27.36 | best: 27.82 | KL: 1.228e-05 | std: 0.5973 | rollout: 5.639s | update: 0.133s | total: 5.772s | samples/s: 11089
Iteration 0264 | train reward: 27.10 | best: 27.82 | KL: 2.056e-05 | std: 0.5973 | rollout: 5.590s | update: 0.203s | total: 5.792s | samples/s: 11049
Iteration 0265 | train reward: 27.21 | best: 27.82 | KL: 1.334e-05 | std: 0.5973 | rollout: 5.367s | update: 0.134s | total: 5.501s | samples/s: 11633
Iteration 0266 | train reward: 27.56 | best: 27.82 | KL: 1.209e-05 | std: 0.5973 | rollout: 5.444s | update: 0.130s | total: 5.574s | samples/s: 11481
Iteration 0267 | train reward: 27.21 | best: 27.82 | KL: 1.357e-05 | std: 0.5973 | rollout: 5.609s | update: 0.134s | total: 5.743s | samples/s: 11145
Iteration 0268 | train reward: 27.43 | best: 27.82 | KL: 1.357e-05 | std: 0.5973 | rollout: 5.643s | update: 0.149s | total: 5.792s | samples/s: 11050
Iteration 0269 | train reward: 27.25 | best: 27.82 | KL: 1.923e-05 | std: 0.5972 | rollout: 5.492s | update: 0.137s | total: 5.629s | samples/s: 11369
Iteration 0270 | train reward: 28.07 | best: 28.07 | KL: 1.628e-05 | std: 0.5964 | rollout: 5.342s | update: 0.141s | total: 5.484s | samples/s: 11671
Iteration 0271 | train reward: 27.55 | best: 28.07 | KL: 1.558e-05 | std: 0.5972 | rollout: 5.569s | update: 0.139s | total: 5.708s | samples/s: 11213
Iteration 0272 | train reward: 27.79 | best: 28.07 | KL: 3.371e-05 | std: 0.5972 | rollout: 5.635s | update: 0.136s | total: 5.771s | samples/s: 11090
Iteration 0273 | train reward: 27.61 | best: 28.07 | KL: 1.699e-05 | std: 0.5964 | rollout: 5.647s | update: 0.137s | total: 5.784s | samples/s: 11065
Iteration 0274 | train reward: 27.90 | best: 28.07 | KL: 1.808e-05 | std: 0.5964 | rollout: 5.429s | update: 0.140s | total: 5.569s | samples/s: 11492
Iteration 0275 | train reward: 27.40 | best: 28.07 | KL: 1.783e-05 | std: 0.5964 | rollout: 5.483s | update: 0.136s | total: 5.619s | samples/s: 11391
Iteration 0276 | train reward: 28.07 | best: 28.07 | KL: 2.227e-05 | std: 0.5972 | rollout: 5.352s | update: 0.135s | total: 5.487s | samples/s: 11664
Iteration 0277 | train reward: 28.02 | best: 28.07 | KL: 2.347e-05 | std: 0.5963 | rollout: 5.442s | update: 0.138s | total: 5.580s | samples/s: 11469
Iteration 0278 | train reward: 27.44 | best: 28.07 | KL: 2.066e-05 | std: 0.5961 | rollout: 5.545s | update: 0.132s | total: 5.677s | samples/s: 11273
Iteration 0279 | train reward: 27.87 | best: 28.07 | KL: 2.969e-05 | std: 0.5961 | rollout: 5.848s | update: 0.131s | total: 5.979s | samples/s: 10704
Iteration 0280 | train reward: 27.72 | best: 28.07 | KL: 2.186e-05 | std: 0.5961 | rollout: 5.315s | update: 0.160s | total: 5.475s | samples/s: 11690
Iteration 0281 | train reward: 28.28 | best: 28.28 | KL: 2.348e-05 | std: 0.5963 | rollout: 5.553s | update: 0.170s | total: 5.722s | samples/s: 11185
Iteration 0282 | train reward: 27.92 | best: 28.28 | KL: 1.934e-05 | std: 0.5961 | rollout: 5.338s | update: 0.139s | total: 5.477s | samples/s: 11685
Iteration 0283 | train reward: 28.09 | best: 28.28 | KL: 1.639e-05 | std: 0.5963 | rollout: 5.335s | update: 0.131s | total: 5.465s | samples/s: 11710
Iteration 0284 | train reward: 27.97 | best: 28.28 | KL: 1.791e-05 | std: 0.5963 | rollout: 5.500s | update: 0.144s | total: 5.643s | samples/s: 11341
Iteration 0285 | train reward: 28.29 | best: 28.29 | KL: 3.005e-05 | std: 0.5961 | rollout: 5.579s | update: 0.141s | total: 5.720s | samples/s: 11188
Iteration 0286 | train reward: 28.09 | best: 28.29 | KL: 2.503e-05 | std: 0.5960 | rollout: 5.562s | update: 0.212s | total: 5.774s | samples/s: 11084
Iteration 0287 | train reward: 28.00 | best: 28.29 | KL: 2.638e-05 | std: 0.5961 | rollout: 5.485s | update: 0.139s | total: 5.624s | samples/s: 11380
Iteration 0288 | train reward: 27.81 | best: 28.29 | KL: 2.599e-05 | std: 0.5961 | rollout: 5.506s | update: 0.129s | total: 5.635s | samples/s: 11358
Iteration 0289 | train reward: 28.77 | best: 28.77 | KL: 2.268e-05 | std: 0.5961 | rollout: 5.480s | update: 0.152s | total: 5.632s | samples/s: 11364
Iteration 0290 | train reward: 28.14 | best: 28.77 | KL: 2.313e-05 | std: 0.5960 | rollout: 5.690s | update: 0.207s | total: 5.897s | samples/s: 10854
Iteration 0291 | train reward: 28.18 | best: 28.77 | KL: 2.350e-05 | std: 0.5954 | rollout: 5.585s | update: 0.131s | total: 5.715s | samples/s: 11198
Iteration 0292 | train reward: 28.62 | best: 28.77 | KL: 2.052e-05 | std: 0.5954 | rollout: 5.551s | update: 0.137s | total: 5.688s | samples/s: 11252
Iteration 0293 | train reward: 28.97 | best: 28.97 | KL: 3.010e-05 | std: 0.5954 | rollout: 6.204s | update: 0.252s | total: 6.456s | samples/s: 9914
Iteration 0294 | train reward: 28.90 | best: 28.97 | KL: 3.141e-05 | std: 0.5960 | rollout: 5.468s | update: 0.300s | total: 5.768s | samples/s: 11096
Iteration 0295 | train reward: 28.84 | best: 28.97 | KL: 2.166e-05 | std: 0.5960 | rollout: 5.436s | update: 0.135s | total: 5.571s | samples/s: 11489
Iteration 0296 | train reward: 28.59 | best: 28.97 | KL: 1.287e-05 | std: 0.5960 | rollout: 5.573s | update: 0.127s | total: 5.700s | samples/s: 11229
Iteration 0297 | train reward: 28.70 | best: 28.97 | KL: 2.175e-05 | std: 0.5961 | rollout: 5.456s | update: 0.328s | total: 5.784s | samples/s: 11066
Iteration 0298 | train reward: 28.34 | best: 28.97 | KL: 2.239e-05 | std: 0.5963 | rollout: 6.109s | update: 0.221s | total: 6.330s | samples/s: 10110
Iteration 0299 | train reward: 29.27 | best: 29.27 | KL: 2.831e-05 | std: 0.5963 | rollout: 7.039s | update: 0.317s | total: 7.356s | samples/s: 8700
Iteration 0300 | train reward: 29.06 | best: 29.27 | KL: 4.887e-05 | std: 0.5963 | rollout: 5.727s | update: 0.135s | total: 5.862s | samples/s: 10918
Iteration 0301 | train reward: 29.91 | best: 29.91 | KL: 4.724e-05 | std: 0.5961 | rollout: 6.033s | update: 0.130s | total: 6.164s | samples/s: 10384
Iteration 0302 | train reward: 29.29 | best: 29.91 | KL: 2.873e-05 | std: 0.5961 | rollout: 5.505s | update: 0.144s | total: 5.649s | samples/s: 11329
Iteration 0303 | train reward: 29.41 | best: 29.91 | KL: 2.182e-05 | std: 0.5961 | rollout: 5.517s | update: 0.141s | total: 5.657s | samples/s: 11313
Iteration 0304 | train reward: 29.05 | best: 29.91 | KL: 3.360e-05 | std: 0.5960 | rollout: 5.732s | update: 0.192s | total: 5.925s | samples/s: 10803
Iteration 0305 | train reward: 29.08 | best: 29.91 | KL: 2.391e-05 | std: 0.5961 | rollout: 5.761s | update: 0.130s | total: 5.890s | samples/s: 10865
Iteration 0306 | train reward: 29.90 | best: 29.91 | KL: 2.080e-05 | std: 0.5964 | rollout: 5.544s | update: 0.140s | total: 5.685s | samples/s: 11259
Iteration 0307 | train reward: 30.45 | best: 30.45 | KL: 3.269e-05 | std: 0.5964 | rollout: 5.613s | update: 0.285s | total: 5.897s | samples/s: 10852
Iteration 0308 | train reward: 29.18 | best: 30.45 | KL: 2.702e-05 | std: 0.5964 | rollout: 5.449s | update: 0.139s | total: 5.588s | samples/s: 11453
Iteration 0309 | train reward: 30.27 | best: 30.45 | KL: 3.105e-05 | std: 0.5963 | rollout: 5.465s | update: 0.135s | total: 5.600s | samples/s: 11429
Iteration 0310 | train reward: 30.18 | best: 30.45 | KL: 4.246e-05 | std: 0.5964 | rollout: 5.603s | update: 0.129s | total: 5.732s | samples/s: 11165
Iteration 0311 | train reward: 30.19 | best: 30.45 | KL: 3.149e-05 | std: 0.5964 | rollout: 5.411s | update: 0.135s | total: 5.546s | samples/s: 11540
Iteration 0312 | train reward: 30.77 | best: 30.77 | KL: 3.395e-05 | std: 0.5963 | rollout: 5.668s | update: 0.141s | total: 5.809s | samples/s: 11017
Iteration 0313 | train reward: 29.88 | best: 30.77 | KL: 2.736e-05 | std: 0.5963 | rollout: 5.529s | update: 0.137s | total: 5.665s | samples/s: 11296
Iteration 0314 | train reward: 29.53 | best: 30.77 | KL: 4.279e-05 | std: 0.5963 | rollout: 5.329s | update: 0.126s | total: 5.455s | samples/s: 11732
Iteration 0315 | train reward: 29.97 | best: 30.77 | KL: 3.320e-05 | std: 0.5963 | rollout: 5.609s | update: 0.135s | total: 5.744s | samples/s: 11141
Iteration 0316 | train reward: 29.89 | best: 30.77 | KL: 1.690e-05 | std: 0.5963 | rollout: 5.659s | update: 0.139s | total: 5.798s | samples/s: 11038
Iteration 0317 | train reward: 31.50 | best: 31.50 | KL: 4.154e-05 | std: 0.5960 | rollout: 5.598s | update: 0.163s | total: 5.761s | samples/s: 11110
Iteration 0318 | train reward: 30.64 | best: 31.50 | KL: 3.317e-05 | std: 0.5961 | rollout: 5.557s | update: 0.276s | total: 5.833s | samples/s: 10973
Iteration 0319 | train reward: 30.58 | best: 31.50 | KL: 3.617e-05 | std: 0.5961 | rollout: 5.509s | update: 0.142s | total: 5.652s | samples/s: 11324
Iteration 0320 | train reward: 31.47 | best: 31.50 | KL: 4.215e-05 | std: 0.5961 | rollout: 5.722s | update: 0.151s | total: 5.873s | samples/s: 10897
Iteration 0321 | train reward: 30.79 | best: 31.50 | KL: 5.889e-05 | std: 0.5960 | rollout: 5.791s | update: 0.206s | total: 5.997s | samples/s: 10672
Iteration 0322 | train reward: 30.32 | best: 31.50 | KL: 2.601e-05 | std: 0.5960 | rollout: 5.632s | update: 0.137s | total: 5.769s | samples/s: 11093
Iteration 0323 | train reward: 31.16 | best: 31.50 | KL: 3.878e-05 | std: 0.5960 | rollout: 5.597s | update: 0.133s | total: 5.730s | samples/s: 11169
Iteration 0324 | train reward: 30.31 | best: 31.50 | KL: 2.611e-05 | std: 0.5960 | rollout: 5.576s | update: 0.155s | total: 5.730s | samples/s: 11169
Iteration 0325 | train reward: 31.50 | best: 31.50 | KL: 3.647e-05 | std: 0.5954 | rollout: 5.514s | update: 0.139s | total: 5.653s | samples/s: 11321
Iteration 0326 | train reward: 31.05 | best: 31.50 | KL: 2.899e-05 | std: 0.5960 | rollout: 5.750s | update: 0.133s | total: 5.884s | samples/s: 10878
Iteration 0327 | train reward: 32.03 | best: 32.03 | KL: 4.106e-05 | std: 0.5954 | rollout: 5.551s | update: 0.185s | total: 5.737s | samples/s: 11157
Iteration 0328 | train reward: 32.52 | best: 32.52 | KL: 4.794e-05 | std: 0.5953 | rollout: 5.807s | update: 0.186s | total: 5.993s | samples/s: 10679
Iteration 0329 | train reward: 32.32 | best: 32.52 | KL: 3.174e-05 | std: 0.5953 | rollout: 5.604s | update: 0.148s | total: 5.751s | samples/s: 11128
Iteration 0330 | train reward: 32.15 | best: 32.52 | KL: 5.298e-05 | std: 0.5953 | rollout: 5.790s | update: 0.146s | total: 5.937s | samples/s: 10780
Iteration 0331 | train reward: 30.99 | best: 32.52 | KL: 3.101e-05 | std: 0.5951 | rollout: 5.383s | update: 0.133s | total: 5.516s | samples/s: 11602
Iteration 0332 | train reward: 31.88 | best: 32.52 | KL: 3.811e-05 | std: 0.5951 | rollout: 5.415s | update: 0.127s | total: 5.543s | samples/s: 11547
Iteration 0333 | train reward: 32.28 | best: 32.52 | KL: 4.599e-05 | std: 0.5951 | rollout: 6.033s | update: 0.159s | total: 6.192s | samples/s: 10336
Iteration 0334 | train reward: 32.48 | best: 32.52 | KL: 5.549e-05 | std: 0.5951 | rollout: 6.121s | update: 0.179s | total: 6.300s | samples/s: 10159
Iteration 0335 | train reward: 32.41 | best: 32.52 | KL: 3.543e-05 | std: 0.5951 | rollout: 5.796s | update: 0.130s | total: 5.926s | samples/s: 10799
Iteration 0336 | train reward: 31.88 | best: 32.52 | KL: 5.305e-05 | std: 0.5941 | rollout: 5.445s | update: 0.147s | total: 5.592s | samples/s: 11445
Iteration 0337 | train reward: 33.15 | best: 33.15 | KL: 3.105e-05 | std: 0.5938 | rollout: 5.586s | update: 0.247s | total: 5.833s | samples/s: 10973
Iteration 0338 | train reward: 32.16 | best: 33.15 | KL: 3.248e-05 | std: 0.5941 | rollout: 5.501s | update: 0.135s | total: 5.636s | samples/s: 11357
Iteration 0339 | train reward: 33.69 | best: 33.69 | KL: 5.571e-05 | std: 0.5938 | rollout: 5.510s | update: 0.189s | total: 5.699s | samples/s: 11230
Iteration 0340 | train reward: 33.27 | best: 33.69 | KL: 5.687e-05 | std: 0.5939 | rollout: 5.877s | update: 0.150s | total: 6.028s | samples/s: 10618
Iteration 0341 | train reward: 33.40 | best: 33.69 | KL: 3.949e-05 | std: 0.5941 | rollout: 5.637s | update: 0.139s | total: 5.775s | samples/s: 11081
Iteration 0342 | train reward: 33.00 | best: 33.69 | KL: 3.946e-05 | std: 0.5938 | rollout: 5.425s | update: 0.132s | total: 5.557s | samples/s: 11516
Iteration 0343 | train reward: 32.94 | best: 33.69 | KL: 3.889e-05 | std: 0.5938 | rollout: 5.549s | update: 0.268s | total: 5.816s | samples/s: 11003
Iteration 0344 | train reward: 33.47 | best: 33.69 | KL: 5.399e-05 | std: 0.5938 | rollout: 5.527s | update: 0.139s | total: 5.666s | samples/s: 11295
Iteration 0345 | train reward: 33.51 | best: 33.69 | KL: 3.646e-05 | std: 0.5938 | rollout: 5.518s | update: 0.160s | total: 5.678s | samples/s: 11271
Iteration 0346 | train reward: 32.80 | best: 33.69 | KL: 3.614e-05 | std: 0.5938 | rollout: 5.393s | update: 0.139s | total: 5.531s | samples/s: 11570
Iteration 0347 | train reward: 34.20 | best: 34.20 | KL: 5.013e-05 | std: 0.5937 | rollout: 5.716s | update: 0.143s | total: 5.859s | samples/s: 10923
Iteration 0348 | train reward: 33.17 | best: 34.20 | KL: 4.101e-05 | std: 0.5937 | rollout: 5.800s | update: 0.136s | total: 5.935s | samples/s: 10783
Iteration 0349 | train reward: 33.93 | best: 34.20 | KL: 5.667e-05 | std: 0.5937 | rollout: 6.005s | update: 0.139s | total: 6.143s | samples/s: 10418
Iteration 0350 | train reward: 33.49 | best: 34.20 | KL: 3.871e-05 | std: 0.5936 | rollout: 5.957s | update: 0.165s | total: 6.122s | samples/s: 10454
Iteration 0351 | train reward: 33.73 | best: 34.20 | KL: 5.030e-05 | std: 0.5934 | rollout: 5.963s | update: 0.120s | total: 6.083s | samples/s: 10521
Iteration 0352 | train reward: 34.38 | best: 34.38 | KL: 3.290e-05 | std: 0.5925 | rollout: 5.409s | update: 0.134s | total: 5.544s | samples/s: 11545
Iteration 0353 | train reward: 33.95 | best: 34.38 | KL: 4.550e-05 | std: 0.5925 | rollout: 5.667s | update: 0.121s | total: 5.788s | samples/s: 11057
Iteration 0354 | train reward: 34.26 | best: 34.38 | KL: 4.806e-05 | std: 0.5924 | rollout: 5.648s | update: 0.135s | total: 5.783s | samples/s: 11068
Iteration 0355 | train reward: 34.69 | best: 34.69 | KL: 6.312e-05 | std: 0.5925 | rollout: 5.285s | update: 0.151s | total: 5.436s | samples/s: 11773
Iteration 0356 | train reward: 34.31 | best: 34.69 | KL: 5.784e-05 | std: 0.5925 | rollout: 5.699s | update: 0.195s | total: 5.894s | samples/s: 10858
Iteration 0357 | train reward: 34.38 | best: 34.69 | KL: 4.228e-05 | std: 0.5924 | rollout: 5.520s | update: 0.236s | total: 5.756s | samples/s: 11118
Iteration 0358 | train reward: 34.75 | best: 34.75 | KL: 5.906e-05 | std: 0.5921 | rollout: 5.547s | update: 0.200s | total: 5.747s | samples/s: 11137
Iteration 0359 | train reward: 34.43 | best: 34.75 | KL: 5.080e-05 | std: 0.5915 | rollout: 5.698s | update: 0.130s | total: 5.828s | samples/s: 10981
Iteration 0360 | train reward: 34.04 | best: 34.75 | KL: 4.005e-05 | std: 0.5921 | rollout: 5.483s | update: 0.128s | total: 5.612s | samples/s: 11405
Iteration 0361 | train reward: 33.99 | best: 34.75 | KL: 6.149e-05 | std: 0.5921 | rollout: 5.484s | update: 0.204s | total: 5.688s | samples/s: 11252
Iteration 0362 | train reward: 34.03 | best: 34.75 | KL: 6.074e-05 | std: 0.5915 | rollout: 5.463s | update: 0.134s | total: 5.597s | samples/s: 11435
Iteration 0363 | train reward: 34.69 | best: 34.75 | KL: 4.682e-05 | std: 0.5921 | rollout: 5.559s | update: 0.139s | total: 5.697s | samples/s: 11234
Iteration 0364 | train reward: 35.26 | best: 35.26 | KL: 4.871e-05 | std: 0.5921 | rollout: 5.524s | update: 0.145s | total: 5.669s | samples/s: 11289
Iteration 0365 | train reward: 34.57 | best: 35.26 | KL: 4.704e-05 | std: 0.5915 | rollout: 5.594s | update: 0.198s | total: 5.792s | samples/s: 11050
Iteration 0366 | train reward: 35.77 | best: 35.77 | KL: 5.411e-05 | std: 0.5921 | rollout: 5.352s | update: 0.146s | total: 5.498s | samples/s: 11641
Iteration 0367 | train reward: 35.16 | best: 35.77 | KL: 3.124e-05 | std: 0.5921 | rollout: 5.445s | update: 0.134s | total: 5.579s | samples/s: 11471
Iteration 0368 | train reward: 34.72 | best: 35.77 | KL: 5.445e-05 | std: 0.5924 | rollout: 5.441s | update: 0.132s | total: 5.573s | samples/s: 11484
Iteration 0369 | train reward: 35.58 | best: 35.77 | KL: 5.017e-05 | std: 0.5922 | rollout: 5.483s | update: 0.142s | total: 5.626s | samples/s: 11377
Iteration 0370 | train reward: 35.97 | best: 35.97 | KL: 4.279e-05 | std: 0.5922 | rollout: 5.512s | update: 0.172s | total: 5.684s | samples/s: 11260
Iteration 0371 | train reward: 35.51 | best: 35.97 | KL: 4.946e-05 | std: 0.5924 | rollout: 5.321s | update: 0.149s | total: 5.469s | samples/s: 11701
Iteration 0372 | train reward: 35.01 | best: 35.97 | KL: 5.147e-05 | std: 0.5922 | rollout: 5.590s | update: 0.134s | total: 5.724s | samples/s: 11180
Iteration 0373 | train reward: 35.07 | best: 35.97 | KL: 4.515e-05 | std: 0.5922 | rollout: 5.279s | update: 0.129s | total: 5.408s | samples/s: 11834
Iteration 0374 | train reward: 36.14 | best: 36.14 | KL: 2.989e-05 | std: 0.5922 | rollout: 5.418s | update: 0.135s | total: 5.553s | samples/s: 11526
Iteration 0375 | train reward: 36.94 | best: 36.94 | KL: 5.464e-05 | std: 0.5915 | rollout: 5.593s | update: 0.233s | total: 5.826s | samples/s: 10985
Iteration 0376 | train reward: 36.49 | best: 36.94 | KL: 4.401e-05 | std: 0.5914 | rollout: 5.538s | update: 0.199s | total: 5.737s | samples/s: 11155
Iteration 0377 | train reward: 36.27 | best: 36.94 | KL: 3.678e-05 | std: 0.5915 | rollout: 5.507s | update: 0.138s | total: 5.645s | samples/s: 11338
Iteration 0378 | train reward: 37.11 | best: 37.11 | KL: 5.743e-05 | std: 0.5912 | rollout: 5.347s | update: 0.134s | total: 5.482s | samples/s: 11675
Iteration 0379 | train reward: 36.62 | best: 37.11 | KL: 3.874e-05 | std: 0.5911 | rollout: 5.619s | update: 0.129s | total: 5.748s | samples/s: 11134
Iteration 0380 | train reward: 36.04 | best: 37.11 | KL: 4.633e-05 | std: 0.5912 | rollout: 5.498s | update: 0.165s | total: 5.663s | samples/s: 11302
Iteration 0381 | train reward: 37.25 | best: 37.25 | KL: 6.142e-05 | std: 0.5911 | rollout: 5.658s | update: 0.133s | total: 5.791s | samples/s: 11051
Iteration 0382 | train reward: 37.05 | best: 37.25 | KL: 3.824e-05 | std: 0.5914 | rollout: 5.731s | update: 0.136s | total: 5.868s | samples/s: 10907
Iteration 0383 | train reward: 36.07 | best: 37.25 | KL: 5.775e-05 | std: 0.5912 | rollout: 5.665s | update: 0.133s | total: 5.799s | samples/s: 11037
Iteration 0384 | train reward: 36.63 | best: 37.25 | KL: 5.496e-05 | std: 0.5911 | rollout: 5.644s | update: 0.136s | total: 5.780s | samples/s: 11073
Iteration 0385 | train reward: 37.76 | best: 37.76 | KL: 5.854e-05 | std: 0.5911 | rollout: 5.530s | update: 0.151s | total: 5.680s | samples/s: 11267
Iteration 0386 | train reward: 36.39 | best: 37.76 | KL: 6.893e-05 | std: 0.5902 | rollout: 5.615s | update: 0.133s | total: 5.748s | samples/s: 11135
Iteration 0387 | train reward: 36.94 | best: 37.76 | KL: 5.684e-05 | std: 0.5902 | rollout: 5.755s | update: 0.291s | total: 6.046s | samples/s: 10585
Iteration 0388 | train reward: 37.95 | best: 37.95 | KL: 6.837e-05 | std: 0.5902 | rollout: 5.695s | update: 0.177s | total: 5.872s | samples/s: 10900
Iteration 0389 | train reward: 36.92 | best: 37.95 | KL: 4.864e-05 | std: 0.5898 | rollout: 5.530s | update: 0.142s | total: 5.672s | samples/s: 11283
Iteration 0390 | train reward: 37.29 | best: 37.95 | KL: 7.002e-05 | std: 0.5898 | rollout: 5.676s | update: 0.148s | total: 5.824s | samples/s: 10988
Iteration 0391 | train reward: 37.39 | best: 37.95 | KL: 4.870e-05 | std: 0.5898 | rollout: 5.588s | update: 0.132s | total: 5.720s | samples/s: 11188
Iteration 0392 | train reward: 38.53 | best: 38.53 | KL: 6.244e-05 | std: 0.5897 | rollout: 5.567s | update: 0.141s | total: 5.709s | samples/s: 11211
Iteration 0393 | train reward: 38.70 | best: 38.70 | KL: 5.755e-05 | std: 0.5894 | rollout: 5.656s | update: 0.145s | total: 5.801s | samples/s: 11033
Iteration 0394 | train reward: 37.94 | best: 38.70 | KL: 3.907e-05 | std: 0.5885 | rollout: 5.562s | update: 0.191s | total: 5.753s | samples/s: 11125
Iteration 0395 | train reward: 37.18 | best: 38.70 | KL: 4.701e-05 | std: 0.5886 | rollout: 5.610s | update: 0.143s | total: 5.752s | samples/s: 11126
Iteration 0396 | train reward: 39.01 | best: 39.01 | KL: 5.981e-05 | std: 0.5894 | rollout: 5.523s | update: 0.184s | total: 5.707s | samples/s: 11215
Iteration 0397 | train reward: 38.40 | best: 39.01 | KL: 6.076e-05 | std: 0.5895 | rollout: 5.378s | update: 0.141s | total: 5.518s | samples/s: 11598
Iteration 0398 | train reward: 38.31 | best: 39.01 | KL: 6.450e-05 | std: 0.5894 | rollout: 5.495s | update: 0.137s | total: 5.632s | samples/s: 11363
Iteration 0399 | train reward: 38.15 | best: 39.01 | KL: 7.277e-05 | std: 0.5894 | rollout: 5.409s | update: 0.141s | total: 5.550s | samples/s: 11531
Iteration 0400 | train reward: 37.83 | best: 39.01 | KL: 5.984e-05 | std: 0.5894 | rollout: 5.523s | update: 0.134s | total: 5.656s | samples/s: 11315
Iteration 0401 | train reward: 38.44 | best: 39.01 | KL: 6.615e-05 | std: 0.5894 | rollout: 5.582s | update: 0.130s | total: 5.712s | samples/s: 11204
Iteration 0402 | train reward: 38.03 | best: 39.01 | KL: 5.682e-05 | std: 0.5894 | rollout: 6.175s | update: 0.306s | total: 6.481s | samples/s: 9875
Iteration 0403 | train reward: 38.57 | best: 39.01 | KL: 4.764e-05 | std: 0.5886 | rollout: 5.970s | update: 0.209s | total: 6.180s | samples/s: 10356
Iteration 0404 | train reward: 38.34 | best: 39.01 | KL: 4.060e-05 | std: 0.5882 | rollout: 5.581s | update: 0.138s | total: 5.719s | samples/s: 11190
Iteration 0405 | train reward: 37.95 | best: 39.01 | KL: 6.940e-05 | std: 0.5882 | rollout: 5.521s | update: 0.151s | total: 5.672s | samples/s: 11284
Iteration 0406 | train reward: 38.71 | best: 39.01 | KL: 4.428e-05 | std: 0.5885 | rollout: 5.706s | update: 0.136s | total: 5.842s | samples/s: 10955
Iteration 0407 | train reward: 37.78 | best: 39.01 | KL: 4.530e-05 | std: 0.5882 | rollout: 5.637s | update: 0.130s | total: 5.766s | samples/s: 11099
Iteration 0408 | train reward: 38.13 | best: 39.01 | KL: 7.098e-05 | std: 0.5881 | rollout: 6.126s | update: 0.367s | total: 6.493s | samples/s: 9857
Iteration 0409 | train reward: 39.24 | best: 39.24 | KL: 6.299e-05 | std: 0.5876 | rollout: 6.369s | update: 0.219s | total: 6.588s | samples/s: 9715
Iteration 0410 | train reward: 38.54 | best: 39.24 | KL: 5.852e-05 | std: 0.5876 | rollout: 6.004s | update: 0.133s | total: 6.137s | samples/s: 10429
Iteration 0411 | train reward: 38.92 | best: 39.24 | KL: 5.349e-05 | std: 0.5881 | rollout: 5.353s | update: 0.131s | total: 5.484s | samples/s: 11671
Iteration 0412 | train reward: 38.11 | best: 39.24 | KL: 5.478e-05 | std: 0.5876 | rollout: 5.401s | update: 0.134s | total: 5.535s | samples/s: 11564
Iteration 0413 | train reward: 38.23 | best: 39.24 | KL: 4.828e-05 | std: 0.5876 | rollout: 5.382s | update: 0.146s | total: 5.527s | samples/s: 11579
Iteration 0414 | train reward: 38.63 | best: 39.24 | KL: 8.770e-05 | std: 0.5873 | rollout: 5.355s | update: 0.143s | total: 5.499s | samples/s: 11640
Iteration 0415 | train reward: 39.44 | best: 39.44 | KL: 5.329e-05 | std: 0.5872 | rollout: 5.661s | update: 0.193s | total: 5.853s | samples/s: 10934
Iteration 0416 | train reward: 39.02 | best: 39.44 | KL: 4.490e-05 | std: 0.5872 | rollout: 5.548s | update: 0.152s | total: 5.700s | samples/s: 11228
Iteration 0417 | train reward: 38.46 | best: 39.44 | KL: 5.370e-05 | std: 0.5873 | rollout: 5.711s | update: 0.132s | total: 5.843s | samples/s: 10954
Iteration 0418 | train reward: 39.51 | best: 39.51 | KL: 4.894e-05 | std: 0.5872 | rollout: 5.442s | update: 0.157s | total: 5.599s | samples/s: 11431
Iteration 0419 | train reward: 38.98 | best: 39.51 | KL: 5.285e-05 | std: 0.5872 | rollout: 5.448s | update: 0.138s | total: 5.586s | samples/s: 11458
Iteration 0420 | train reward: 39.23 | best: 39.51 | KL: 4.940e-05 | std: 0.5873 | rollout: 5.642s | update: 0.139s | total: 5.781s | samples/s: 11071
Iteration 0421 | train reward: 39.90 | best: 39.90 | KL: 5.238e-05 | std: 0.5873 | rollout: 5.336s | update: 0.138s | total: 5.474s | samples/s: 11693
Iteration 0422 | train reward: 40.17 | best: 40.17 | KL: 5.579e-05 | std: 0.5863 | rollout: 5.447s | update: 0.137s | total: 5.584s | samples/s: 11462
Iteration 0423 | train reward: 39.08 | best: 40.17 | KL: 5.111e-05 | std: 0.5863 | rollout: 5.464s | update: 0.141s | total: 5.605s | samples/s: 11418
Iteration 0424 | train reward: 39.58 | best: 40.17 | KL: 6.580e-05 | std: 0.5863 | rollout: 5.614s | update: 0.135s | total: 5.750s | samples/s: 11131
Iteration 0425 | train reward: 39.50 | best: 40.17 | KL: 6.110e-05 | std: 0.5863 | rollout: 5.762s | update: 0.152s | total: 5.914s | samples/s: 10821
Iteration 0426 | train reward: 39.74 | best: 40.17 | KL: 6.496e-05 | std: 0.5863 | rollout: 5.560s | update: 0.125s | total: 5.685s | samples/s: 11258
Iteration 0427 | train reward: 40.39 | best: 40.39 | KL: 6.644e-05 | std: 0.5863 | rollout: 6.063s | update: 0.231s | total: 6.295s | samples/s: 10168
Iteration 0428 | train reward: 40.56 | best: 40.56 | KL: 7.307e-05 | std: 0.5860 | rollout: 5.459s | update: 0.131s | total: 5.589s | samples/s: 11451
Iteration 0429 | train reward: 40.95 | best: 40.95 | KL: 5.558e-05 | std: 0.5863 | rollout: 5.327s | update: 0.146s | total: 5.472s | samples/s: 11695
Iteration 0430 | train reward: 40.38 | best: 40.95 | KL: 7.138e-05 | std: 0.5859 | rollout: 5.444s | update: 0.192s | total: 5.637s | samples/s: 11354
Iteration 0431 | train reward: 40.47 | best: 40.95 | KL: 6.854e-05 | std: 0.5859 | rollout: 5.493s | update: 0.139s | total: 5.632s | samples/s: 11364
Iteration 0432 | train reward: 41.45 | best: 41.45 | KL: 8.226e-05 | std: 0.5856 | rollout: 5.525s | update: 0.143s | total: 5.668s | samples/s: 11290
Iteration 0433 | train reward: 40.57 | best: 41.45 | KL: 5.931e-05 | std: 0.5856 | rollout: 5.404s | update: 0.191s | total: 5.595s | samples/s: 11439
Iteration 0434 | train reward: 41.19 | best: 41.45 | KL: 6.253e-05 | std: 0.5859 | rollout: 5.741s | update: 0.138s | total: 5.879s | samples/s: 10886
Iteration 0435 | train reward: 41.01 | best: 41.45 | KL: 7.640e-05 | std: 0.5856 | rollout: 5.429s | update: 0.138s | total: 5.568s | samples/s: 11495
Iteration 0436 | train reward: 41.30 | best: 41.45 | KL: 6.403e-05 | std: 0.5859 | rollout: 5.607s | update: 0.131s | total: 5.738s | samples/s: 11154
Iteration 0437 | train reward: 40.61 | best: 41.45 | KL: 6.742e-05 | std: 0.5858 | rollout: 5.438s | update: 0.136s | total: 5.573s | samples/s: 11483
Iteration 0438 | train reward: 40.63 | best: 41.45 | KL: 7.918e-05 | std: 0.5858 | rollout: 5.418s | update: 0.144s | total: 5.562s | samples/s: 11507
Iteration 0439 | train reward: 40.48 | best: 41.45 | KL: 5.245e-05 | std: 0.5859 | rollout: 5.419s | update: 0.133s | total: 5.552s | samples/s: 11528
Iteration 0440 | train reward: 41.49 | best: 41.49 | KL: 4.821e-05 | std: 0.5856 | rollout: 5.482s | update: 0.145s | total: 5.626s | samples/s: 11375
Iteration 0441 | train reward: 40.35 | best: 41.49 | KL: 4.830e-05 | std: 0.5855 | rollout: 5.517s | update: 0.215s | total: 5.733s | samples/s: 11164
Iteration 0442 | train reward: 42.04 | best: 42.04 | KL: 6.722e-05 | std: 0.5855 | rollout: 5.560s | update: 0.135s | total: 5.695s | samples/s: 11238
Iteration 0443 | train reward: 40.76 | best: 42.04 | KL: 7.596e-05 | std: 0.5855 | rollout: 5.450s | update: 0.164s | total: 5.613s | samples/s: 11401
Iteration 0444 | train reward: 41.69 | best: 42.04 | KL: 4.985e-05 | std: 0.5846 | rollout: 5.605s | update: 0.142s | total: 5.747s | samples/s: 11135
Iteration 0445 | train reward: 41.25 | best: 42.04 | KL: 6.094e-05 | std: 0.5846 | rollout: 5.557s | update: 0.141s | total: 5.697s | samples/s: 11233
Iteration 0446 | train reward: 41.80 | best: 42.04 | KL: 6.744e-05 | std: 0.5846 | rollout: 5.561s | update: 0.135s | total: 5.696s | samples/s: 11237
Iteration 0447 | train reward: 41.32 | best: 42.04 | KL: 5.443e-05 | std: 0.5843 | rollout: 5.298s | update: 0.142s | total: 5.439s | samples/s: 11766
Iteration 0448 | train reward: 41.62 | best: 42.04 | KL: 6.366e-05 | std: 0.5843 | rollout: 5.465s | update: 0.139s | total: 5.604s | samples/s: 11421
Iteration 0449 | train reward: 41.51 | best: 42.04 | KL: 7.731e-05 | std: 0.5837 | rollout: 5.684s | update: 0.138s | total: 5.822s | samples/s: 10992
Iteration 0450 | train reward: 41.99 | best: 42.04 | KL: 5.639e-05 | std: 0.5837 | rollout: 5.484s | update: 0.133s | total: 5.617s | samples/s: 11393
Iteration 0451 | train reward: 43.55 | best: 43.55 | KL: 5.577e-05 | std: 0.5837 | rollout: 5.584s | update: 0.199s | total: 5.784s | samples/s: 11066
Iteration 0452 | train reward: 41.62 | best: 43.55 | KL: 7.565e-05 | std: 0.5842 | rollout: 5.384s | update: 0.138s | total: 5.522s | samples/s: 11590
Iteration 0453 | train reward: 42.86 | best: 43.55 | KL: 6.310e-05 | std: 0.5836 | rollout: 5.565s | update: 0.145s | total: 5.710s | samples/s: 11209
Iteration 0454 | train reward: 42.94 | best: 43.55 | KL: 4.939e-05 | std: 0.5836 | rollout: 5.819s | update: 0.265s | total: 6.085s | samples/s: 10518
Iteration 0455 | train reward: 42.91 | best: 43.55 | KL: 6.714e-05 | std: 0.5834 | rollout: 5.516s | update: 0.240s | total: 5.756s | samples/s: 11118
Iteration 0456 | train reward: 42.14 | best: 43.55 | KL: 6.508e-05 | std: 0.5833 | rollout: 5.599s | update: 0.134s | total: 5.733s | samples/s: 11163
Iteration 0457 | train reward: 43.68 | best: 43.68 | KL: 7.422e-05 | std: 0.5833 | rollout: 5.656s | update: 0.199s | total: 5.855s | samples/s: 10931
Iteration 0458 | train reward: 41.26 | best: 43.68 | KL: 5.682e-05 | std: 0.5824 | rollout: 5.626s | update: 0.130s | total: 5.757s | samples/s: 11118
Iteration 0459 | train reward: 43.28 | best: 43.68 | KL: 6.930e-05 | std: 0.5820 | rollout: 5.529s | update: 0.148s | total: 5.677s | samples/s: 11274
Iteration 0460 | train reward: 43.01 | best: 43.68 | KL: 7.863e-05 | std: 0.5819 | rollout: 5.679s | update: 0.133s | total: 5.813s | samples/s: 11010
Iteration 0461 | train reward: 43.77 | best: 43.77 | KL: 7.196e-05 | std: 0.5820 | rollout: 5.563s | update: 0.204s | total: 5.767s | samples/s: 11098
Iteration 0462 | train reward: 43.50 | best: 43.77 | KL: 5.283e-05 | std: 0.5821 | rollout: 5.713s | update: 0.208s | total: 5.921s | samples/s: 10809
Iteration 0463 | train reward: 44.18 | best: 44.18 | KL: 4.429e-05 | std: 0.5820 | rollout: 5.576s | update: 0.139s | total: 5.715s | samples/s: 11199
Iteration 0464 | train reward: 44.45 | best: 44.45 | KL: 5.229e-05 | std: 0.5821 | rollout: 5.502s | update: 0.201s | total: 5.703s | samples/s: 11223
Iteration 0465 | train reward: 43.53 | best: 44.45 | KL: 6.451e-05 | std: 0.5821 | rollout: 5.521s | update: 0.175s | total: 5.697s | samples/s: 11235
Iteration 0466 | train reward: 43.39 | best: 44.45 | KL: 7.052e-05 | std: 0.5821 | rollout: 5.578s | update: 0.124s | total: 5.702s | samples/s: 11224
Iteration 0467 | train reward: 43.44 | best: 44.45 | KL: 7.230e-05 | std: 0.5821 | rollout: 5.626s | update: 0.123s | total: 5.749s | samples/s: 11132
Iteration 0468 | train reward: 44.27 | best: 44.45 | KL: 7.469e-05 | std: 0.5820 | rollout: 5.540s | update: 0.144s | total: 5.684s | samples/s: 11259
Iteration 0469 | train reward: 44.54 | best: 44.54 | KL: 5.774e-05 | std: 0.5820 | rollout: 5.418s | update: 0.144s | total: 5.562s | samples/s: 11506
Iteration 0470 | train reward: 44.48 | best: 44.54 | KL: 7.491e-05 | std: 0.5817 | rollout: 5.517s | update: 0.168s | total: 5.685s | samples/s: 11258
Iteration 0471 | train reward: 45.83 | best: 45.83 | KL: 8.636e-05 | std: 0.5817 | rollout: 5.630s | update: 0.110s | total: 5.741s | samples/s: 11149
Iteration 0472 | train reward: 45.90 | best: 45.90 | KL: 7.857e-05 | std: 0.5816 | rollout: 5.486s | update: 0.120s | total: 5.606s | samples/s: 11417
Iteration 0473 | train reward: 44.36 | best: 45.90 | KL: 7.734e-05 | std: 0.5816 | rollout: 5.437s | update: 0.140s | total: 5.577s | samples/s: 11477
Iteration 0474 | train reward: 46.02 | best: 46.02 | KL: 7.333e-05 | std: 0.5806 | rollout: 5.497s | update: 0.127s | total: 5.624s | samples/s: 11379
Iteration 0475 | train reward: 44.12 | best: 46.02 | KL: 8.354e-05 | std: 0.5798 | rollout: 5.491s | update: 0.138s | total: 5.629s | samples/s: 11370
Iteration 0476 | train reward: 45.91 | best: 46.02 | KL: 6.445e-05 | std: 0.5797 | rollout: 5.542s | update: 0.111s | total: 5.653s | samples/s: 11321
Iteration 0477 | train reward: 46.71 | best: 46.71 | KL: 9.039e-05 | std: 0.5794 | rollout: 5.666s | update: 0.109s | total: 5.774s | samples/s: 11083
Iteration 0478 | train reward: 46.08 | best: 46.71 | KL: 6.023e-05 | std: 0.5794 | rollout: 5.520s | update: 0.125s | total: 5.645s | samples/s: 11337
Iteration 0479 | train reward: 46.89 | best: 46.89 | KL: 6.671e-05 | std: 0.5794 | rollout: 5.459s | update: 0.123s | total: 5.582s | samples/s: 11465
Iteration 0480 | train reward: 47.45 | best: 47.45 | KL: 7.554e-05 | std: 0.5795 | rollout: 5.528s | update: 0.156s | total: 5.684s | samples/s: 11260
Iteration 0481 | train reward: 48.20 | best: 48.20 | KL: 6.803e-05 | std: 0.5795 | rollout: 5.534s | update: 0.135s | total: 5.669s | samples/s: 11290
Iteration 0482 | train reward: 48.17 | best: 48.20 | KL: 6.791e-05 | std: 0.5794 | rollout: 5.470s | update: 0.209s | total: 5.679s | samples/s: 11270
Iteration 0483 | train reward: 47.57 | best: 48.20 | KL: 7.279e-05 | std: 0.5795 | rollout: 5.436s | update: 0.137s | total: 5.573s | samples/s: 11484
Iteration 0484 | train reward: 47.03 | best: 48.20 | KL: 7.710e-05 | std: 0.5795 | rollout: 5.375s | update: 0.145s | total: 5.520s | samples/s: 11594
Iteration 0485 | train reward: 47.98 | best: 48.20 | KL: 7.280e-05 | std: 0.5795 | rollout: 5.631s | update: 0.197s | total: 5.828s | samples/s: 10982
Iteration 0486 | train reward: 48.17 | best: 48.20 | KL: 6.664e-05 | std: 0.5786 | rollout: 5.389s | update: 0.167s | total: 5.557s | samples/s: 11518
Iteration 0487 | train reward: 46.84 | best: 48.20 | KL: 6.435e-05 | std: 0.5794 | rollout: 5.607s | update: 0.205s | total: 5.812s | samples/s: 11012
Iteration 0488 | train reward: 47.78 | best: 48.20 | KL: 8.625e-05 | std: 0.5785 | rollout: 5.461s | update: 0.131s | total: 5.592s | samples/s: 11444
Iteration 0489 | train reward: 48.47 | best: 48.47 | KL: 6.687e-05 | std: 0.5785 | rollout: 5.566s | update: 0.134s | total: 5.700s | samples/s: 11228
Iteration 0490 | train reward: 47.80 | best: 48.47 | KL: 6.494e-05 | std: 0.5785 | rollout: 5.640s | update: 0.173s | total: 5.813s | samples/s: 11009
Iteration 0491 | train reward: 50.00 | best: 50.00 | KL: 5.793e-05 | std: 0.5785 | rollout: 5.757s | update: 0.140s | total: 5.897s | samples/s: 10854
Iteration 0492 | train reward: 48.55 | best: 50.00 | KL: 8.213e-05 | std: 0.5785 | rollout: 5.451s | update: 0.232s | total: 5.682s | samples/s: 11263
Iteration 0493 | train reward: 49.91 | best: 50.00 | KL: 7.531e-05 | std: 0.5794 | rollout: 5.677s | update: 0.124s | total: 5.801s | samples/s: 11033
Iteration 0494 | train reward: 50.33 | best: 50.33 | KL: 7.154e-05 | std: 0.5797 | rollout: 5.529s | update: 0.131s | total: 5.660s | samples/s: 11308
Iteration 0495 | train reward: 49.70 | best: 50.33 | KL: 1.017e-04 | std: 0.5794 | rollout: 5.572s | update: 0.124s | total: 5.696s | samples/s: 11236
Iteration 0496 | train reward: 50.01 | best: 50.33 | KL: 7.037e-05 | std: 0.5794 | rollout: 5.531s | update: 0.123s | total: 5.654s | samples/s: 11320
Iteration 0497 | train reward: 50.92 | best: 50.92 | KL: 6.073e-05 | std: 0.5795 | rollout: 5.551s | update: 0.126s | total: 5.677s | samples/s: 11273
Iteration 0498 | train reward: 51.51 | best: 51.51 | KL: 7.533e-05 | std: 0.5785 | rollout: 5.887s | update: 0.165s | total: 6.051s | samples/s: 10576
Iteration 0499 | train reward: 51.50 | best: 51.51 | KL: 9.208e-05 | std: 0.5785 | rollout: 5.631s | update: 0.137s | total: 5.768s | samples/s: 11096
Iteration 0500 | train reward: 51.01 | best: 51.51 | KL: 6.557e-05 | std: 0.5782 | rollout: 5.379s | update: 0.131s | total: 5.510s | samples/s: 11616
Iteration 0501 | train reward: 51.52 | best: 51.52 | KL: 6.464e-05 | std: 0.5782 | rollout: 5.565s | update: 0.249s | total: 5.813s | samples/s: 11009
Iteration 0502 | train reward: 50.55 | best: 51.52 | KL: 5.922e-05 | std: 0.5786 | rollout: 5.618s | update: 0.236s | total: 5.853s | samples/s: 10934
Iteration 0503 | train reward: 51.87 | best: 51.87 | KL: 5.293e-05 | std: 0.5785 | rollout: 5.307s | update: 0.146s | total: 5.453s | samples/s: 11737
Iteration 0504 | train reward: 51.88 | best: 51.88 | KL: 7.191e-05 | std: 0.5781 | rollout: 5.340s | update: 0.141s | total: 5.481s | samples/s: 11677
Iteration 0505 | train reward: 51.91 | best: 51.91 | KL: 1.055e-04 | std: 0.5781 | rollout: 5.576s | update: 0.134s | total: 5.711s | samples/s: 11207
Iteration 0506 | train reward: 52.79 | best: 52.79 | KL: 8.529e-05 | std: 0.5781 | rollout: 5.495s | update: 0.169s | total: 5.664s | samples/s: 11300
Iteration 0507 | train reward: 53.81 | best: 53.81 | KL: 7.240e-05 | std: 0.5780 | rollout: 5.996s | update: 0.140s | total: 6.135s | samples/s: 10431
Iteration 0508 | train reward: 53.13 | best: 53.81 | KL: 8.813e-05 | std: 0.5777 | rollout: 6.019s | update: 0.237s | total: 6.256s | samples/s: 10231
Iteration 0509 | train reward: 52.73 | best: 53.81 | KL: 6.749e-05 | std: 0.5777 | rollout: 5.500s | update: 0.132s | total: 5.632s | samples/s: 11363
Iteration 0510 | train reward: 54.58 | best: 54.58 | KL: 7.402e-05 | std: 0.5780 | rollout: 5.365s | update: 0.178s | total: 5.543s | samples/s: 11545
Iteration 0511 | train reward: 56.52 | best: 56.52 | KL: 6.924e-05 | std: 0.5781 | rollout: 5.635s | update: 0.129s | total: 5.764s | samples/s: 11103
Iteration 0512 | train reward: 55.14 | best: 56.52 | KL: 1.066e-04 | std: 0.5781 | rollout: 5.378s | update: 0.132s | total: 5.510s | samples/s: 11615
Iteration 0513 | train reward: 54.95 | best: 56.52 | KL: 7.373e-05 | std: 0.5780 | rollout: 5.491s | update: 0.137s | total: 5.628s | samples/s: 11371
Iteration 0514 | train reward: 56.35 | best: 56.52 | KL: 8.187e-05 | std: 0.5781 | rollout: 5.425s | update: 0.147s | total: 5.572s | samples/s: 11485
Iteration 0515 | train reward: 56.33 | best: 56.52 | KL: 7.077e-05 | std: 0.5780 | rollout: 5.612s | update: 0.275s | total: 5.886s | samples/s: 10873
Iteration 0516 | train reward: 57.06 | best: 57.06 | KL: 6.204e-05 | std: 0.5777 | rollout: 5.216s | update: 0.142s | total: 5.358s | samples/s: 11945
Iteration 0517 | train reward: 56.27 | best: 57.06 | KL: 8.657e-05 | std: 0.5765 | rollout: 5.494s | update: 0.194s | total: 5.688s | samples/s: 11251
Iteration 0518 | train reward: 55.91 | best: 57.06 | KL: 9.939e-05 | std: 0.5767 | rollout: 5.356s | update: 0.137s | total: 5.493s | samples/s: 11651
Iteration 0519 | train reward: 57.26 | best: 57.26 | KL: 8.192e-05 | std: 0.5765 | rollout: 5.557s | update: 0.134s | total: 5.691s | samples/s: 11245
Iteration 0520 | train reward: 58.05 | best: 58.05 | KL: 7.774e-05 | std: 0.5765 | rollout: 6.061s | update: 0.140s | total: 6.201s | samples/s: 10320
Iteration 0521 | train reward: 58.64 | best: 58.64 | KL: 7.122e-05 | std: 0.5767 | rollout: 5.938s | update: 0.149s | total: 6.087s | samples/s: 10515
Iteration 0522 | train reward: 58.56 | best: 58.64 | KL: 6.214e-05 | std: 0.5760 | rollout: 5.888s | update: 0.135s | total: 6.023s | samples/s: 10626
Iteration 0523 | train reward: 57.97 | best: 58.64 | KL: 8.269e-05 | std: 0.5759 | rollout: 5.753s | update: 0.148s | total: 5.901s | samples/s: 10845
Iteration 0524 | train reward: 56.87 | best: 58.64 | KL: 7.694e-05 | std: 0.5759 | rollout: 5.757s | update: 0.126s | total: 5.883s | samples/s: 10879
Iteration 0525 | train reward: 58.86 | best: 58.86 | KL: 7.138e-05 | std: 0.5765 | rollout: 5.588s | update: 0.127s | total: 5.715s | samples/s: 11200
Iteration 0526 | train reward: 59.28 | best: 59.28 | KL: 7.756e-05 | std: 0.5765 | rollout: 5.616s | update: 0.127s | total: 5.743s | samples/s: 11144
Iteration 0527 | train reward: 58.78 | best: 59.28 | KL: 6.945e-05 | std: 0.5764 | rollout: 5.475s | update: 0.133s | total: 5.608s | samples/s: 11411
Iteration 0528 | train reward: 60.02 | best: 60.02 | KL: 8.760e-05 | std: 0.5765 | rollout: 5.444s | update: 0.123s | total: 5.568s | samples/s: 11495
Iteration 0529 | train reward: 60.30 | best: 60.30 | KL: 5.192e-05 | std: 0.5765 | rollout: 5.547s | update: 0.123s | total: 5.670s | samples/s: 11288
Iteration 0530 | train reward: 58.87 | best: 60.30 | KL: 6.493e-05 | std: 0.5768 | rollout: 5.406s | update: 0.122s | total: 5.529s | samples/s: 11576
Iteration 0531 | train reward: 58.75 | best: 60.30 | KL: 8.192e-05 | std: 0.5777 | rollout: 5.581s | update: 0.148s | total: 5.729s | samples/s: 11172
Iteration 0532 | train reward: 59.39 | best: 60.30 | KL: 7.560e-05 | std: 0.5767 | rollout: 5.470s | update: 0.132s | total: 5.603s | samples/s: 11423
Iteration 0533 | train reward: 59.45 | best: 60.30 | KL: 6.907e-05 | std: 0.5765 | rollout: 5.522s | update: 0.133s | total: 5.655s | samples/s: 11317
Iteration 0534 | train reward: 59.77 | best: 60.30 | KL: 6.025e-05 | std: 0.5764 | rollout: 5.550s | update: 0.136s | total: 5.686s | samples/s: 11255
Iteration 0535 | train reward: 60.99 | best: 60.99 | KL: 5.922e-05 | std: 0.5764 | rollout: 5.490s | update: 0.164s | total: 5.654s | samples/s: 11319
Iteration 0536 | train reward: 59.91 | best: 60.99 | KL: 5.156e-05 | std: 0.5760 | rollout: 5.493s | update: 0.131s | total: 5.624s | samples/s: 11381
Iteration 0537 | train reward: 59.65 | best: 60.99 | KL: 6.154e-05 | std: 0.5759 | rollout: 5.723s | update: 0.182s | total: 5.905s | samples/s: 10838
Iteration 0538 | train reward: 60.82 | best: 60.99 | KL: 7.290e-05 | std: 0.5759 | rollout: 5.611s | update: 0.136s | total: 5.746s | samples/s: 11138
Iteration 0539 | train reward: 61.59 | best: 61.59 | KL: 6.485e-05 | std: 0.5759 | rollout: 5.676s | update: 0.231s | total: 5.907s | samples/s: 10834
Iteration 0540 | train reward: 61.58 | best: 61.59 | KL: 7.384e-05 | std: 0.5764 | rollout: 5.503s | update: 0.132s | total: 5.636s | samples/s: 11357
Iteration 0541 | train reward: 61.70 | best: 61.70 | KL: 7.754e-05 | std: 0.5759 | rollout: 5.647s | update: 0.153s | total: 5.801s | samples/s: 11033
Iteration 0542 | train reward: 61.01 | best: 61.70 | KL: 6.381e-05 | std: 0.5764 | rollout: 5.451s | update: 0.140s | total: 5.591s | samples/s: 11447
Iteration 0543 | train reward: 59.82 | best: 61.70 | KL: 7.593e-05 | std: 0.5759 | rollout: 5.340s | update: 0.145s | total: 5.485s | samples/s: 11667
Iteration 0544 | train reward: 62.27 | best: 62.27 | KL: 7.209e-05 | std: 0.5755 | rollout: 5.531s | update: 0.145s | total: 5.676s | samples/s: 11276
Iteration 0545 | train reward: 61.18 | best: 62.27 | KL: 7.416e-05 | std: 0.5755 | rollout: 5.524s | update: 0.196s | total: 5.720s | samples/s: 11188
Iteration 0546 | train reward: 61.70 | best: 62.27 | KL: 5.370e-05 | std: 0.5756 | rollout: 5.550s | update: 0.133s | total: 5.684s | samples/s: 11260
Iteration 0547 | train reward: 62.11 | best: 62.27 | KL: 5.689e-05 | std: 0.5759 | rollout: 5.429s | update: 0.132s | total: 5.561s | samples/s: 11508
Iteration 0548 | train reward: 63.02 | best: 63.02 | KL: 8.601e-05 | std: 0.5756 | rollout: 5.492s | update: 0.223s | total: 5.714s | samples/s: 11200
Iteration 0549 | train reward: 62.57 | best: 63.02 | KL: 6.668e-05 | std: 0.5756 | rollout: 5.516s | update: 0.286s | total: 5.802s | samples/s: 11030
Iteration 0550 | train reward: 62.65 | best: 63.02 | KL: 7.339e-05 | std: 0.5756 | rollout: 5.484s | update: 0.236s | total: 5.720s | samples/s: 11189
Iteration 0551 | train reward: 61.21 | best: 63.02 | KL: 6.237e-05 | std: 0.5747 | rollout: 5.553s | update: 0.157s | total: 5.710s | samples/s: 11209
Iteration 0552 | train reward: 61.37 | best: 63.02 | KL: 6.350e-05 | std: 0.5746 | rollout: 5.407s | update: 0.146s | total: 5.554s | samples/s: 11524
Iteration 0553 | train reward: 61.47 | best: 63.02 | KL: 6.530e-05 | std: 0.5746 | rollout: 5.615s | update: 0.356s | total: 5.971s | samples/s: 10719
Iteration 0554 | train reward: 60.41 | best: 63.02 | KL: 5.372e-05 | std: 0.5746 | rollout: 5.444s | update: 0.197s | total: 5.641s | samples/s: 11346
Iteration 0555 | train reward: 61.79 | best: 63.02 | KL: 6.680e-05 | std: 0.5746 | rollout: 5.575s | update: 0.210s | total: 5.785s | samples/s: 11063
Iteration 0556 | train reward: 63.69 | best: 63.69 | KL: 5.233e-05 | std: 0.5746 | rollout: 5.437s | update: 0.139s | total: 5.576s | samples/s: 11478
Iteration 0557 | train reward: 62.77 | best: 63.69 | KL: 5.572e-05 | std: 0.5746 | rollout: 5.518s | update: 0.152s | total: 5.671s | samples/s: 11286
Iteration 0558 | train reward: 61.59 | best: 63.69 | KL: 6.393e-05 | std: 0.5743 | rollout: 5.544s | update: 0.139s | total: 5.683s | samples/s: 11262
Iteration 0559 | train reward: 62.72 | best: 63.69 | KL: 6.057e-05 | std: 0.5742 | rollout: 5.982s | update: 0.153s | total: 6.135s | samples/s: 10431
Iteration 0560 | train reward: 62.24 | best: 63.69 | KL: 6.305e-05 | std: 0.5739 | rollout: 5.919s | update: 0.144s | total: 6.063s | samples/s: 10555
Iteration 0561 | train reward: 63.29 | best: 63.69 | KL: 6.766e-05 | std: 0.5738 | rollout: 5.654s | update: 0.135s | total: 5.789s | samples/s: 11055
Iteration 0562 | train reward: 62.63 | best: 63.69 | KL: 7.854e-05 | std: 0.5738 | rollout: 5.419s | update: 0.175s | total: 5.594s | samples/s: 11440
Iteration 0563 | train reward: 63.99 | best: 63.99 | KL: 8.724e-05 | std: 0.5726 | rollout: 5.559s | update: 0.149s | total: 5.709s | samples/s: 11210
Iteration 0564 | train reward: 62.13 | best: 63.99 | KL: 8.906e-05 | std: 0.5728 | rollout: 5.465s | update: 0.144s | total: 5.608s | samples/s: 11411
Iteration 0565 | train reward: 63.51 | best: 63.99 | KL: 6.516e-05 | std: 0.5728 | rollout: 5.982s | update: 0.222s | total: 6.204s | samples/s: 10316
Iteration 0566 | train reward: 64.85 | best: 64.85 | KL: 6.298e-05 | std: 0.5726 | rollout: 6.143s | update: 0.369s | total: 6.513s | samples/s: 9827
Iteration 0567 | train reward: 64.38 | best: 64.85 | KL: 7.307e-05 | std: 0.5729 | rollout: 5.830s | update: 0.137s | total: 5.967s | samples/s: 10726
Iteration 0568 | train reward: 64.53 | best: 64.85 | KL: 6.155e-05 | std: 0.5739 | rollout: 5.371s | update: 0.134s | total: 5.505s | samples/s: 11626
Iteration 0569 | train reward: 64.22 | best: 64.85 | KL: 7.722e-05 | std: 0.5729 | rollout: 5.355s | update: 0.132s | total: 5.486s | samples/s: 11666
Iteration 0570 | train reward: 64.44 | best: 64.85 | KL: 7.547e-05 | std: 0.5726 | rollout: 5.466s | update: 0.217s | total: 5.683s | samples/s: 11262
Iteration 0571 | train reward: 64.52 | best: 64.85 | KL: 8.249e-05 | std: 0.5728 | rollout: 5.740s | update: 0.151s | total: 5.891s | samples/s: 10864
Iteration 0572 | train reward: 63.96 | best: 64.85 | KL: 5.862e-05 | std: 0.5728 | rollout: 5.082s | update: 0.143s | total: 5.225s | samples/s: 12249
Iteration 0573 | train reward: 64.16 | best: 64.85 | KL: 6.094e-05 | std: 0.5729 | rollout: 5.273s | update: 0.139s | total: 5.412s | samples/s: 11827
Iteration 0574 | train reward: 64.16 | best: 64.85 | KL: 8.126e-05 | std: 0.5738 | rollout: 5.578s | update: 0.140s | total: 5.718s | samples/s: 11193
Iteration 0575 | train reward: 64.89 | best: 64.89 | KL: 5.766e-05 | std: 0.5739 | rollout: 5.520s | update: 0.129s | total: 5.649s | samples/s: 11329
Iteration 0576 | train reward: 63.45 | best: 64.89 | KL: 6.354e-05 | std: 0.5726 | rollout: 5.367s | update: 0.137s | total: 5.503s | samples/s: 11629
Iteration 0577 | train reward: 66.21 | best: 66.21 | KL: 5.515e-05 | std: 0.5728 | rollout: 5.617s | update: 0.138s | total: 5.755s | samples/s: 11122
Iteration 0578 | train reward: 65.19 | best: 66.21 | KL: 6.767e-05 | std: 0.5729 | rollout: 5.560s | update: 0.169s | total: 5.729s | samples/s: 11171
Iteration 0579 | train reward: 65.31 | best: 66.21 | KL: 7.015e-05 | std: 0.5738 | rollout: 5.548s | update: 0.145s | total: 5.693s | samples/s: 11242
Iteration 0580 | train reward: 65.71 | best: 66.21 | KL: 6.816e-05 | std: 0.5725 | rollout: 5.496s | update: 0.133s | total: 5.629s | samples/s: 11369
Iteration 0581 | train reward: 65.63 | best: 66.21 | KL: 8.186e-05 | std: 0.5720 | rollout: 5.336s | update: 0.158s | total: 5.494s | samples/s: 11648
Iteration 0582 | train reward: 66.69 | best: 66.69 | KL: 7.528e-05 | std: 0.5720 | rollout: 5.448s | update: 0.138s | total: 5.586s | samples/s: 11457
Iteration 0583 | train reward: 64.81 | best: 66.69 | KL: 7.394e-05 | std: 0.5717 | rollout: 5.558s | update: 0.202s | total: 5.760s | samples/s: 11111
Iteration 0584 | train reward: 65.27 | best: 66.69 | KL: 5.906e-05 | std: 0.5720 | rollout: 5.453s | update: 0.137s | total: 5.590s | samples/s: 11449
Iteration 0585 | train reward: 65.99 | best: 66.69 | KL: 7.041e-05 | std: 0.5720 | rollout: 5.336s | update: 0.141s | total: 5.478s | samples/s: 11684
Iteration 0586 | train reward: 66.79 | best: 66.79 | KL: 6.813e-05 | std: 0.5707 | rollout: 5.559s | update: 0.130s | total: 5.688s | samples/s: 11251
Iteration 0587 | train reward: 64.20 | best: 66.79 | KL: 8.107e-05 | std: 0.5707 | rollout: 5.701s | update: 0.154s | total: 5.855s | samples/s: 10931
Iteration 0588 | train reward: 67.07 | best: 67.07 | KL: 7.984e-05 | std: 0.5716 | rollout: 5.429s | update: 0.140s | total: 5.570s | samples/s: 11491
Iteration 0589 | train reward: 64.75 | best: 67.07 | KL: 6.548e-05 | std: 0.5716 | rollout: 5.459s | update: 0.134s | total: 5.593s | samples/s: 11443
Iteration 0590 | train reward: 65.46 | best: 67.07 | KL: 7.835e-05 | std: 0.5717 | rollout: 5.480s | update: 0.177s | total: 5.656s | samples/s: 11315
Iteration 0591 | train reward: 65.84 | best: 67.07 | KL: 7.171e-05 | std: 0.5720 | rollout: 5.383s | update: 0.134s | total: 5.517s | samples/s: 11600
Iteration 0592 | train reward: 67.13 | best: 67.13 | KL: 8.810e-05 | std: 0.5720 | rollout: 5.445s | update: 0.127s | total: 5.572s | samples/s: 11486
Iteration 0593 | train reward: 64.84 | best: 67.13 | KL: 6.829e-05 | std: 0.5721 | rollout: 5.333s | update: 0.133s | total: 5.466s | samples/s: 11709
Iteration 0594 | train reward: 66.01 | best: 67.13 | KL: 6.977e-05 | std: 0.5728 | rollout: 5.307s | update: 0.134s | total: 5.441s | samples/s: 11763
Iteration 0595 | train reward: 66.82 | best: 67.13 | KL: 6.050e-05 | std: 0.5728 | rollout: 5.480s | update: 0.130s | total: 5.609s | samples/s: 11409
Iteration 0596 | train reward: 66.63 | best: 67.13 | KL: 6.438e-05 | std: 0.5721 | rollout: 5.374s | update: 0.140s | total: 5.514s | samples/s: 11608
Iteration 0597 | train reward: 68.51 | best: 68.51 | KL: 6.971e-05 | std: 0.5725 | rollout: 5.545s | update: 0.138s | total: 5.683s | samples/s: 11262
Iteration 0598 | train reward: 64.91 | best: 68.51 | KL: 6.576e-05 | std: 0.5720 | rollout: 5.431s | update: 0.184s | total: 5.615s | samples/s: 11398
Iteration 0599 | train reward: 66.68 | best: 68.51 | KL: 5.948e-05 | std: 0.5725 | rollout: 5.424s | update: 0.139s | total: 5.563s | samples/s: 11505
Iteration 0600 | train reward: 66.68 | best: 68.51 | KL: 6.626e-05 | std: 0.5725 | rollout: 5.139s | update: 0.143s | total: 5.282s | samples/s: 12116
Iteration 0601 | train reward: 67.17 | best: 68.51 | KL: 7.799e-05 | std: 0.5725 | rollout: 5.405s | update: 0.141s | total: 5.545s | samples/s: 11541
Iteration 0602 | train reward: 67.06 | best: 68.51 | KL: 6.326e-05 | std: 0.5726 | rollout: 5.440s | update: 0.133s | total: 5.573s | samples/s: 11485
Iteration 0603 | train reward: 67.58 | best: 68.51 | KL: 5.960e-05 | std: 0.5726 | rollout: 5.436s | update: 0.135s | total: 5.571s | samples/s: 11488
Iteration 0604 | train reward: 65.25 | best: 68.51 | KL: 7.390e-05 | std: 0.5725 | rollout: 5.578s | update: 0.177s | total: 5.755s | samples/s: 11120
Iteration 0605 | train reward: 67.45 | best: 68.51 | KL: 7.831e-05 | std: 0.5725 | rollout: 5.501s | update: 0.134s | total: 5.635s | samples/s: 11358
Iteration 0606 | train reward: 65.77 | best: 68.51 | KL: 7.538e-05 | std: 0.5725 | rollout: 5.435s | update: 0.136s | total: 5.571s | samples/s: 11488
Iteration 0607 | train reward: 67.09 | best: 68.51 | KL: 9.009e-05 | std: 0.5725 | rollout: 5.548s | update: 0.197s | total: 5.745s | samples/s: 11140
Iteration 0608 | train reward: 67.55 | best: 68.51 | KL: 6.638e-05 | std: 0.5720 | rollout: 5.414s | update: 0.265s | total: 5.679s | samples/s: 11269
Iteration 0609 | train reward: 68.13 | best: 68.51 | KL: 9.836e-05 | std: 0.5721 | rollout: 5.768s | update: 0.276s | total: 6.045s | samples/s: 10588
Iteration 0610 | train reward: 67.01 | best: 68.51 | KL: 8.850e-05 | std: 0.5717 | rollout: 6.123s | update: 0.305s | total: 6.428s | samples/s: 9956
Iteration 0611 | train reward: 68.45 | best: 68.51 | KL: 8.101e-05 | std: 0.5703 | rollout: 6.028s | update: 0.229s | total: 6.256s | samples/s: 10230
Iteration 0612 | train reward: 68.46 | best: 68.51 | KL: 8.747e-05 | std: 0.5703 | rollout: 5.903s | update: 0.155s | total: 6.058s | samples/s: 10565
Iteration 0613 | train reward: 66.82 | best: 68.51 | KL: 6.521e-05 | std: 0.5704 | rollout: 5.830s | update: 0.178s | total: 6.009s | samples/s: 10651
Iteration 0614 | train reward: 66.83 | best: 68.51 | KL: 7.130e-05 | std: 0.5707 | rollout: 5.811s | update: 0.139s | total: 5.951s | samples/s: 10755
Iteration 0615 | train reward: 67.28 | best: 68.51 | KL: 9.258e-05 | std: 0.5720 | rollout: 5.679s | update: 0.141s | total: 5.820s | samples/s: 10996
Iteration 0616 | train reward: 67.28 | best: 68.51 | KL: 8.421e-05 | std: 0.5707 | rollout: 5.548s | update: 0.138s | total: 5.686s | samples/s: 11257
Iteration 0617 | train reward: 68.50 | best: 68.51 | KL: 7.209e-05 | std: 0.5703 | rollout: 5.571s | update: 0.123s | total: 5.695s | samples/s: 11239
Iteration 0618 | train reward: 68.57 | best: 68.57 | KL: 6.983e-05 | std: 0.5699 | rollout: 5.565s | update: 0.122s | total: 5.687s | samples/s: 11253
Iteration 0619 | train reward: 67.95 | best: 68.57 | KL: 7.862e-05 | std: 0.5700 | rollout: 5.460s | update: 0.121s | total: 5.581s | samples/s: 11467
Iteration 0620 | train reward: 68.83 | best: 68.83 | KL: 8.334e-05 | std: 0.5700 | rollout: 5.552s | update: 0.123s | total: 5.676s | samples/s: 11276
Iteration 0621 | train reward: 69.06 | best: 69.06 | KL: 7.110e-05 | std: 0.5699 | rollout: 5.576s | update: 0.131s | total: 5.707s | samples/s: 11215
Iteration 0622 | train reward: 69.17 | best: 69.17 | KL: 6.901e-05 | std: 0.5690 | rollout: 5.453s | update: 0.158s | total: 5.612s | samples/s: 11405
Iteration 0623 | train reward: 68.91 | best: 69.17 | KL: 7.037e-05 | std: 0.5689 | rollout: 5.522s | update: 0.137s | total: 5.659s | samples/s: 11309
Iteration 0624 | train reward: 66.78 | best: 69.17 | KL: 8.066e-05 | std: 0.5689 | rollout: 5.459s | update: 0.125s | total: 5.584s | samples/s: 11462
Iteration 0625 | train reward: 69.62 | best: 69.62 | KL: 7.678e-05 | std: 0.5686 | rollout: 5.449s | update: 0.122s | total: 5.571s | samples/s: 11488
Iteration 0626 | train reward: 68.19 | best: 69.62 | KL: 7.896e-05 | std: 0.5687 | rollout: 5.521s | update: 0.140s | total: 5.661s | samples/s: 11305
Iteration 0627 | train reward: 69.12 | best: 69.62 | KL: 9.288e-05 | std: 0.5689 | rollout: 5.553s | update: 0.132s | total: 5.685s | samples/s: 11258
Iteration 0628 | train reward: 68.62 | best: 69.62 | KL: 8.950e-05 | std: 0.5689 | rollout: 5.382s | update: 0.144s | total: 5.526s | samples/s: 11583
Iteration 0629 | train reward: 69.22 | best: 69.62 | KL: 6.750e-05 | std: 0.5699 | rollout: 5.525s | update: 0.124s | total: 5.649s | samples/s: 11329
Iteration 0630 | train reward: 68.12 | best: 69.62 | KL: 6.130e-05 | std: 0.5699 | rollout: 5.522s | update: 0.127s | total: 5.648s | samples/s: 11331
Iteration 0631 | train reward: 68.74 | best: 69.62 | KL: 6.813e-05 | std: 0.5690 | rollout: 5.590s | update: 0.206s | total: 5.796s | samples/s: 11041
Iteration 0632 | train reward: 70.06 | best: 70.06 | KL: 9.129e-05 | std: 0.5686 | rollout: 5.420s | update: 0.144s | total: 5.564s | samples/s: 11502
Iteration 0633 | train reward: 70.01 | best: 70.06 | KL: 7.030e-05 | std: 0.5686 | rollout: 5.660s | update: 0.151s | total: 5.811s | samples/s: 11014
Iteration 0634 | train reward: 69.43 | best: 70.06 | KL: 6.578e-05 | std: 0.5686 | rollout: 5.577s | update: 0.248s | total: 5.825s | samples/s: 10988
Iteration 0635 | train reward: 70.33 | best: 70.33 | KL: 6.003e-05 | std: 0.5687 | rollout: 5.442s | update: 0.212s | total: 5.654s | samples/s: 11319
Iteration 0636 | train reward: 69.54 | best: 70.33 | KL: 6.936e-05 | std: 0.5682 | rollout: 5.423s | update: 0.129s | total: 5.553s | samples/s: 11526
Iteration 0637 | train reward: 70.63 | best: 70.63 | KL: 7.615e-05 | std: 0.5690 | rollout: 5.484s | update: 0.135s | total: 5.619s | samples/s: 11390
Iteration 0638 | train reward: 68.63 | best: 70.63 | KL: 6.111e-05 | std: 0.5689 | rollout: 5.579s | update: 0.167s | total: 5.747s | samples/s: 11136
Iteration 0639 | train reward: 70.49 | best: 70.63 | KL: 7.875e-05 | std: 0.5686 | rollout: 5.495s | update: 0.140s | total: 5.635s | samples/s: 11358
Iteration 0640 | train reward: 70.11 | best: 70.63 | KL: 8.138e-05 | std: 0.5682 | rollout: 5.368s | update: 0.142s | total: 5.510s | samples/s: 11616
Iteration 0641 | train reward: 68.40 | best: 70.63 | KL: 7.229e-05 | std: 0.5681 | rollout: 5.554s | update: 0.134s | total: 5.688s | samples/s: 11252
Iteration 0642 | train reward: 69.83 | best: 70.63 | KL: 9.871e-05 | std: 0.5678 | rollout: 5.492s | update: 0.140s | total: 5.632s | samples/s: 11363
Iteration 0643 | train reward: 67.84 | best: 70.63 | KL: 7.787e-05 | std: 0.5677 | rollout: 5.389s | update: 0.132s | total: 5.520s | samples/s: 11593
Iteration 0644 | train reward: 70.05 | best: 70.63 | KL: 7.448e-05 | std: 0.5678 | rollout: 5.903s | update: 0.136s | total: 6.038s | samples/s: 10599
Iteration 0645 | train reward: 69.20 | best: 70.63 | KL: 8.455e-05 | std: 0.5681 | rollout: 5.376s | update: 0.143s | total: 5.519s | samples/s: 11597
Iteration 0646 | train reward: 69.36 | best: 70.63 | KL: 6.373e-05 | std: 0.5682 | rollout: 5.315s | update: 0.149s | total: 5.465s | samples/s: 11712
Iteration 0647 | train reward: 69.49 | best: 70.63 | KL: 8.239e-05 | std: 0.5686 | rollout: 5.596s | update: 0.135s | total: 5.731s | samples/s: 11168
Iteration 0648 | train reward: 68.50 | best: 70.63 | KL: 8.178e-05 | std: 0.5686 | rollout: 5.527s | update: 0.137s | total: 5.664s | samples/s: 11299
Iteration 0649 | train reward: 70.25 | best: 70.63 | KL: 7.692e-05 | std: 0.5687 | rollout: 5.755s | update: 0.136s | total: 5.891s | samples/s: 10865
Iteration 0650 | train reward: 69.63 | best: 70.63 | KL: 8.269e-05 | std: 0.5689 | rollout: 5.558s | update: 0.126s | total: 5.685s | samples/s: 11259
Iteration 0651 | train reward: 70.37 | best: 70.63 | KL: 6.815e-05 | std: 0.5686 | rollout: 5.747s | update: 0.127s | total: 5.874s | samples/s: 10895
Iteration 0652 | train reward: 70.69 | best: 70.69 | KL: 5.358e-05 | std: 0.5682 | rollout: 5.564s | update: 0.182s | total: 5.746s | samples/s: 11139
Iteration 0653 | train reward: 69.21 | best: 70.69 | KL: 7.560e-05 | std: 0.5681 | rollout: 5.379s | update: 0.128s | total: 5.508s | samples/s: 11620
Iteration 0654 | train reward: 69.15 | best: 70.69 | KL: 8.014e-05 | std: 0.5681 | rollout: 5.427s | update: 0.127s | total: 5.554s | samples/s: 11523
Iteration 0655 | train reward: 71.13 | best: 71.13 | KL: 7.053e-05 | std: 0.5681 | rollout: 5.585s | update: 0.128s | total: 5.713s | samples/s: 11203
Iteration 0656 | train reward: 69.05 | best: 71.13 | KL: 8.064e-05 | std: 0.5681 | rollout: 5.471s | update: 0.192s | total: 5.662s | samples/s: 11303
Iteration 0657 | train reward: 71.70 | best: 71.70 | KL: 5.752e-05 | std: 0.5678 | rollout: 5.456s | update: 0.132s | total: 5.588s | samples/s: 11453
Iteration 0658 | train reward: 71.92 | best: 71.92 | KL: 7.224e-05 | std: 0.5668 | rollout: 5.719s | update: 0.124s | total: 5.842s | samples/s: 10954
Iteration 0659 | train reward: 69.92 | best: 71.92 | KL: 7.325e-05 | std: 0.5668 | rollout: 5.486s | update: 0.121s | total: 5.607s | samples/s: 11414
Iteration 0660 | train reward: 71.42 | best: 71.92 | KL: 7.789e-05 | std: 0.5667 | rollout: 5.366s | update: 0.130s | total: 5.496s | samples/s: 11645
Iteration 0661 | train reward: 70.53 | best: 71.92 | KL: 7.912e-05 | std: 0.5665 | rollout: 5.380s | update: 0.131s | total: 5.511s | samples/s: 11613
Iteration 0662 | train reward: 69.41 | best: 71.92 | KL: 7.685e-05 | std: 0.5665 | rollout: 5.661s | update: 0.134s | total: 5.796s | samples/s: 11043
Iteration 0663 | train reward: 70.03 | best: 71.92 | KL: 7.240e-05 | std: 0.5664 | rollout: 5.483s | update: 0.121s | total: 5.604s | samples/s: 11421
Iteration 0664 | train reward: 70.90 | best: 71.92 | KL: 5.302e-05 | std: 0.5661 | rollout: 5.529s | update: 0.125s | total: 5.655s | samples/s: 11318
Iteration 0665 | train reward: 71.27 | best: 71.92 | KL: 9.783e-05 | std: 0.5651 | rollout: 5.952s | update: 0.177s | total: 6.129s | samples/s: 10442
Iteration 0666 | train reward: 69.94 | best: 71.92 | KL: 7.527e-05 | std: 0.5650 | rollout: 6.160s | update: 0.130s | total: 6.290s | samples/s: 10175
Iteration 0667 | train reward: 71.75 | best: 71.92 | KL: 7.894e-05 | std: 0.5650 | rollout: 5.754s | update: 0.127s | total: 5.882s | samples/s: 10882
Iteration 0668 | train reward: 71.57 | best: 71.92 | KL: 7.579e-05 | std: 0.5647 | rollout: 5.577s | update: 0.232s | total: 5.808s | samples/s: 11019
Iteration 0669 | train reward: 72.61 | best: 72.61 | KL: 6.972e-05 | std: 0.5647 | rollout: 5.525s | update: 0.143s | total: 5.668s | samples/s: 11292
Iteration 0670 | train reward: 71.15 | best: 72.61 | KL: 6.754e-05 | std: 0.5646 | rollout: 5.637s | update: 0.138s | total: 5.775s | samples/s: 11083
Iteration 0671 | train reward: 70.19 | best: 72.61 | KL: 7.039e-05 | std: 0.5646 | rollout: 5.485s | update: 0.137s | total: 5.622s | samples/s: 11385
Iteration 0672 | train reward: 71.40 | best: 72.61 | KL: 1.015e-04 | std: 0.5639 | rollout: 5.304s | update: 0.133s | total: 5.437s | samples/s: 11771
Iteration 0673 | train reward: 71.40 | best: 72.61 | KL: 6.397e-05 | std: 0.5639 | rollout: 5.295s | update: 0.171s | total: 5.466s | samples/s: 11709
Iteration 0674 | train reward: 72.33 | best: 72.61 | KL: 6.982e-05 | std: 0.5639 | rollout: 5.799s | update: 0.137s | total: 5.936s | samples/s: 10782
Iteration 0675 | train reward: 72.97 | best: 72.97 | KL: 6.433e-05 | std: 0.5639 | rollout: 5.449s | update: 0.151s | total: 5.600s | samples/s: 11429
Iteration 0676 | train reward: 72.43 | best: 72.97 | KL: 9.149e-05 | std: 0.5639 | rollout: 5.613s | update: 0.165s | total: 5.778s | samples/s: 11077
Iteration 0677 | train reward: 71.22 | best: 72.97 | KL: 9.008e-05 | std: 0.5642 | rollout: 5.263s | update: 0.146s | total: 5.409s | samples/s: 11832
Iteration 0678 | train reward: 71.84 | best: 72.97 | KL: 1.116e-04 | std: 0.5647 | rollout: 5.553s | update: 0.248s | total: 5.801s | samples/s: 11032
Iteration 0679 | train reward: 71.27 | best: 72.97 | KL: 1.106e-04 | std: 0.5650 | rollout: 5.496s | update: 0.133s | total: 5.630s | samples/s: 11369
Iteration 0680 | train reward: 73.41 | best: 73.41 | KL: 7.831e-05 | std: 0.5642 | rollout: 5.906s | update: 0.130s | total: 6.037s | samples/s: 10602
Iteration 0681 | train reward: 71.82 | best: 73.41 | KL: 9.736e-05 | std: 0.5642 | rollout: 5.468s | update: 0.270s | total: 5.738s | samples/s: 11153
Iteration 0682 | train reward: 72.39 | best: 73.41 | KL: 7.206e-05 | std: 0.5643 | rollout: 5.335s | update: 0.132s | total: 5.467s | samples/s: 11706
Iteration 0683 | train reward: 73.09 | best: 73.41 | KL: 1.033e-04 | std: 0.5647 | rollout: 5.362s | update: 0.144s | total: 5.506s | samples/s: 11624
Iteration 0684 | train reward: 73.36 | best: 73.41 | KL: 9.507e-05 | std: 0.5651 | rollout: 5.427s | update: 0.140s | total: 5.566s | samples/s: 11498
Iteration 0685 | train reward: 71.87 | best: 73.41 | KL: 7.972e-05 | std: 0.5651 | rollout: 5.500s | update: 0.139s | total: 5.639s | samples/s: 11349
Iteration 0686 | train reward: 71.76 | best: 73.41 | KL: 5.750e-05 | std: 0.5647 | rollout: 5.480s | update: 0.145s | total: 5.625s | samples/s: 11378
Iteration 0687 | train reward: 71.68 | best: 73.41 | KL: 7.275e-05 | std: 0.5647 | rollout: 5.490s | update: 0.137s | total: 5.627s | samples/s: 11374
Iteration 0688 | train reward: 72.80 | best: 73.41 | KL: 8.375e-05 | std: 0.5647 | rollout: 5.368s | update: 0.156s | total: 5.524s | samples/s: 11587
Iteration 0689 | train reward: 74.31 | best: 74.31 | KL: 6.784e-05 | std: 0.5647 | rollout: 5.400s | update: 0.137s | total: 5.537s | samples/s: 11558
Iteration 0690 | train reward: 72.49 | best: 74.31 | KL: 6.395e-05 | std: 0.5647 | rollout: 5.400s | update: 0.139s | total: 5.539s | samples/s: 11555
Iteration 0691 | train reward: 73.25 | best: 74.31 | KL: 9.668e-05 | std: 0.5643 | rollout: 5.646s | update: 0.202s | total: 5.848s | samples/s: 10944
Iteration 0692 | train reward: 72.99 | best: 74.31 | KL: 6.754e-05 | std: 0.5647 | rollout: 5.373s | update: 0.176s | total: 5.549s | samples/s: 11535
Iteration 0693 | train reward: 71.68 | best: 74.31 | KL: 8.037e-05 | std: 0.5650 | rollout: 5.653s | update: 0.134s | total: 5.786s | samples/s: 11060
Iteration 0694 | train reward: 72.88 | best: 74.31 | KL: 8.448e-05 | std: 0.5650 | rollout: 5.512s | update: 0.214s | total: 5.726s | samples/s: 11176
Iteration 0695 | train reward: 72.55 | best: 74.31 | KL: 9.955e-05 | std: 0.5651 | rollout: 5.631s | update: 0.168s | total: 5.800s | samples/s: 11035
Iteration 0696 | train reward: 72.58 | best: 74.31 | KL: 6.048e-05 | std: 0.5651 | rollout: 5.480s | update: 0.151s | total: 5.631s | samples/s: 11366
Iteration 0697 | train reward: 73.29 | best: 74.31 | KL: 8.063e-05 | std: 0.5647 | rollout: 5.554s | update: 0.178s | total: 5.732s | samples/s: 11165
Iteration 0698 | train reward: 73.04 | best: 74.31 | KL: 1.218e-04 | std: 0.5647 | rollout: 5.459s | update: 0.133s | total: 5.592s | samples/s: 11446
Iteration 0699 | train reward: 73.34 | best: 74.31 | KL: 5.644e-05 | std: 0.5646 | rollout: 5.638s | update: 0.129s | total: 5.768s | samples/s: 11097
Iteration 0700 | train reward: 74.67 | best: 74.67 | KL: 8.122e-05 | std: 0.5642 | rollout: 5.408s | update: 0.134s | total: 5.543s | samples/s: 11547
Iteration 0701 | train reward: 73.86 | best: 74.67 | KL: 8.104e-05 | std: 0.5638 | rollout: 5.427s | update: 0.149s | total: 5.576s | samples/s: 11477
Iteration 0702 | train reward: 73.48 | best: 74.67 | KL: 6.542e-05 | std: 0.5639 | rollout: 5.933s | update: 0.141s | total: 6.074s | samples/s: 10537
Iteration 0703 | train reward: 74.53 | best: 74.67 | KL: 8.962e-05 | std: 0.5639 | rollout: 5.328s | update: 0.138s | total: 5.466s | samples/s: 11708
Iteration 0704 | train reward: 73.87 | best: 74.67 | KL: 7.759e-05 | std: 0.5639 | rollout: 5.461s | update: 0.138s | total: 5.598s | samples/s: 11432
Iteration 0705 | train reward: 73.50 | best: 74.67 | KL: 7.472e-05 | std: 0.5629 | rollout: 5.413s | update: 0.262s | total: 5.675s | samples/s: 11277
Iteration 0706 | train reward: 74.16 | best: 74.67 | KL: 1.067e-04 | std: 0.5629 | rollout: 5.406s | update: 0.136s | total: 5.542s | samples/s: 11549
Iteration 0707 | train reward: 73.05 | best: 74.67 | KL: 6.782e-05 | std: 0.5638 | rollout: 5.523s | update: 0.150s | total: 5.673s | samples/s: 11282
Iteration 0708 | train reward: 75.21 | best: 75.21 | KL: 8.902e-05 | std: 0.5628 | rollout: 5.374s | update: 0.147s | total: 5.521s | samples/s: 11592
Iteration 0709 | train reward: 72.68 | best: 75.21 | KL: 7.525e-05 | std: 0.5625 | rollout: 5.496s | update: 0.141s | total: 5.637s | samples/s: 11354
Iteration 0710 | train reward: 74.29 | best: 75.21 | KL: 7.440e-05 | std: 0.5622 | rollout: 5.375s | update: 0.131s | total: 5.506s | samples/s: 11624
Iteration 0711 | train reward: 74.57 | best: 75.21 | KL: 8.566e-05 | std: 0.5624 | rollout: 5.492s | update: 0.136s | total: 5.628s | samples/s: 11372
Iteration 0712 | train reward: 75.08 | best: 75.21 | KL: 8.156e-05 | std: 0.5624 | rollout: 5.589s | update: 0.153s | total: 5.742s | samples/s: 11146
Iteration 0713 | train reward: 74.98 | best: 75.21 | KL: 1.025e-04 | std: 0.5621 | rollout: 5.466s | update: 0.140s | total: 5.606s | samples/s: 11416
Iteration 0714 | train reward: 75.43 | best: 75.43 | KL: 7.472e-05 | std: 0.5621 | rollout: 5.457s | update: 0.217s | total: 5.675s | samples/s: 11278
Iteration 0715 | train reward: 75.60 | best: 75.60 | KL: 7.350e-05 | std: 0.5624 | rollout: 5.541s | update: 0.136s | total: 5.677s | samples/s: 11273
Iteration 0716 | train reward: 75.31 | best: 75.60 | KL: 9.906e-05 | std: 0.5622 | rollout: 5.384s | update: 0.129s | total: 5.513s | samples/s: 11609
Iteration 0717 | train reward: 74.97 | best: 75.60 | KL: 7.977e-05 | std: 0.5625 | rollout: 5.557s | update: 0.156s | total: 5.713s | samples/s: 11203
Iteration 0718 | train reward: 76.03 | best: 76.03 | KL: 9.176e-05 | std: 0.5625 | rollout: 5.764s | update: 0.221s | total: 5.985s | samples/s: 10693
Iteration 0719 | train reward: 75.91 | best: 76.03 | KL: 8.608e-05 | std: 0.5626 | rollout: 5.866s | update: 0.135s | total: 6.001s | samples/s: 10665
Iteration 0720 | train reward: 77.27 | best: 77.27 | KL: 8.841e-05 | std: 0.5626 | rollout: 5.501s | update: 0.146s | total: 5.647s | samples/s: 11334
Iteration 0721 | train reward: 77.26 | best: 77.27 | KL: 6.802e-05 | std: 0.5626 | rollout: 5.477s | update: 0.135s | total: 5.612s | samples/s: 11404
Iteration 0722 | train reward: 77.50 | best: 77.50 | KL: 9.300e-05 | std: 0.5629 | rollout: 5.501s | update: 0.138s | total: 5.640s | samples/s: 11348
Iteration 0723 | train reward: 76.56 | best: 77.50 | KL: 8.662e-05 | std: 0.5626 | rollout: 6.270s | update: 0.150s | total: 6.420s | samples/s: 9969
Iteration 0724 | train reward: 77.65 | best: 77.65 | KL: 1.317e-04 | std: 0.5625 | rollout: 6.433s | update: 0.150s | total: 6.583s | samples/s: 9722
Iteration 0725 | train reward: 76.16 | best: 77.65 | KL: 6.771e-05 | std: 0.5628 | rollout: 5.851s | update: 0.133s | total: 5.984s | samples/s: 10694
Iteration 0726 | train reward: 76.99 | best: 77.65 | KL: 8.828e-05 | std: 0.5625 | rollout: 5.438s | update: 0.135s | total: 5.573s | samples/s: 11485
Iteration 0727 | train reward: 77.77 | best: 77.77 | KL: 8.239e-05 | std: 0.5624 | rollout: 5.466s | update: 0.136s | total: 5.602s | samples/s: 11425
Iteration 0728 | train reward: 79.02 | best: 79.02 | KL: 7.657e-05 | std: 0.5624 | rollout: 5.468s | update: 0.157s | total: 5.625s | samples/s: 11379
Iteration 0729 | train reward: 77.40 | best: 79.02 | KL: 9.289e-05 | std: 0.5624 | rollout: 5.550s | update: 0.139s | total: 5.689s | samples/s: 11250
Iteration 0730 | train reward: 80.06 | best: 80.06 | KL: 8.490e-05 | std: 0.5625 | rollout: 5.448s | update: 0.142s | total: 5.590s | samples/s: 11450
Iteration 0731 | train reward: 79.10 | best: 80.06 | KL: 8.843e-05 | std: 0.5625 | rollout: 5.417s | update: 0.133s | total: 5.550s | samples/s: 11531
Iteration 0732 | train reward: 77.73 | best: 80.06 | KL: 7.524e-05 | std: 0.5624 | rollout: 5.445s | update: 0.138s | total: 5.582s | samples/s: 11464
Iteration 0733 | train reward: 77.82 | best: 80.06 | KL: 1.336e-04 | std: 0.5625 | rollout: 5.451s | update: 0.145s | total: 5.596s | samples/s: 11437
Iteration 0734 | train reward: 78.12 | best: 80.06 | KL: 8.576e-05 | std: 0.5625 | rollout: 5.302s | update: 0.169s | total: 5.471s | samples/s: 11698
Iteration 0735 | train reward: 78.43 | best: 80.06 | KL: 9.653e-05 | std: 0.5626 | rollout: 5.463s | update: 0.133s | total: 5.596s | samples/s: 11437
Iteration 0736 | train reward: 78.48 | best: 80.06 | KL: 1.039e-04 | std: 0.5625 | rollout: 5.537s | update: 0.143s | total: 5.680s | samples/s: 11267
Iteration 0737 | train reward: 81.04 | best: 81.04 | KL: 9.968e-05 | std: 0.5625 | rollout: 5.484s | update: 0.250s | total: 5.734s | samples/s: 11161
Iteration 0738 | train reward: 78.74 | best: 81.04 | KL: 7.963e-05 | std: 0.5626 | rollout: 5.290s | update: 0.144s | total: 5.434s | samples/s: 11777
Iteration 0739 | train reward: 79.60 | best: 81.04 | KL: 6.385e-05 | std: 0.5628 | rollout: 5.565s | update: 0.138s | total: 5.703s | samples/s: 11222
Iteration 0740 | train reward: 79.12 | best: 81.04 | KL: 7.572e-05 | std: 0.5629 | rollout: 5.321s | update: 0.134s | total: 5.455s | samples/s: 11733
Iteration 0741 | train reward: 79.72 | best: 81.04 | KL: 7.021e-05 | std: 0.5628 | rollout: 5.385s | update: 0.138s | total: 5.523s | samples/s: 11588
Iteration 0742 | train reward: 79.38 | best: 81.04 | KL: 6.972e-05 | std: 0.5625 | rollout: 5.405s | update: 0.137s | total: 5.542s | samples/s: 11548
Iteration 0743 | train reward: 78.40 | best: 81.04 | KL: 7.583e-05 | std: 0.5625 | rollout: 5.277s | update: 0.135s | total: 5.412s | samples/s: 11826
Iteration 0744 | train reward: 80.26 | best: 81.04 | KL: 9.996e-05 | std: 0.5625 | rollout: 5.501s | update: 0.135s | total: 5.637s | samples/s: 11354
Iteration 0745 | train reward: 80.45 | best: 81.04 | KL: 9.733e-05 | std: 0.5621 | rollout: 5.438s | update: 0.148s | total: 5.586s | samples/s: 11458
Iteration 0746 | train reward: 80.96 | best: 81.04 | KL: 9.241e-05 | std: 0.5612 | rollout: 5.599s | update: 0.135s | total: 5.734s | samples/s: 11161
Iteration 0747 | train reward: 80.01 | best: 81.04 | KL: 8.629e-05 | std: 0.5621 | rollout: 5.430s | update: 0.217s | total: 5.648s | samples/s: 11332
Iteration 0748 | train reward: 80.35 | best: 81.04 | KL: 9.307e-05 | std: 0.5608 | rollout: 5.556s | update: 0.132s | total: 5.688s | samples/s: 11251
Iteration 0749 | train reward: 79.04 | best: 81.04 | KL: 1.275e-04 | std: 0.5611 | rollout: 5.517s | update: 0.137s | total: 5.654s | samples/s: 11320
Iteration 0750 | train reward: 81.43 | best: 81.43 | KL: 8.587e-05 | std: 0.5621 | rollout: 5.577s | update: 0.132s | total: 5.709s | samples/s: 11211
Iteration 0751 | train reward: 80.84 | best: 81.43 | KL: 9.694e-05 | std: 0.5622 | rollout: 5.454s | update: 0.142s | total: 5.596s | samples/s: 11437
Iteration 0752 | train reward: 80.11 | best: 81.43 | KL: 1.049e-04 | std: 0.5622 | rollout: 5.631s | update: 0.136s | total: 5.767s | samples/s: 11098
Iteration 0753 | train reward: 80.83 | best: 81.43 | KL: 9.781e-05 | std: 0.5625 | rollout: 5.423s | update: 0.139s | total: 5.562s | samples/s: 11506
Iteration 0754 | train reward: 79.82 | best: 81.43 | KL: 8.068e-05 | std: 0.5625 | rollout: 5.493s | update: 0.134s | total: 5.626s | samples/s: 11375
Iteration 0755 | train reward: 81.06 | best: 81.43 | KL: 7.288e-05 | std: 0.5625 | rollout: 5.425s | update: 0.135s | total: 5.560s | samples/s: 11511
Iteration 0756 | train reward: 81.49 | best: 81.49 | KL: 7.248e-05 | std: 0.5625 | rollout: 5.395s | update: 0.135s | total: 5.530s | samples/s: 11574
Iteration 0757 | train reward: 80.89 | best: 81.49 | KL: 9.831e-05 | std: 0.5625 | rollout: 5.441s | update: 0.134s | total: 5.575s | samples/s: 11480
Iteration 0758 | train reward: 81.22 | best: 81.49 | KL: 9.838e-05 | std: 0.5624 | rollout: 5.716s | update: 0.156s | total: 5.872s | samples/s: 10899
Iteration 0759 | train reward: 82.11 | best: 82.11 | KL: 8.781e-05 | std: 0.5621 | rollout: 5.526s | update: 0.179s | total: 5.704s | samples/s: 11220
Iteration 0760 | train reward: 82.25 | best: 82.25 | KL: 6.841e-05 | std: 0.5621 | rollout: 5.483s | update: 0.171s | total: 5.654s | samples/s: 11318
Iteration 0761 | train reward: 82.01 | best: 82.25 | KL: 8.175e-05 | std: 0.5621 | rollout: 5.458s | update: 0.143s | total: 5.602s | samples/s: 11425
Iteration 0762 | train reward: 82.57 | best: 82.57 | KL: 9.038e-05 | std: 0.5621 | rollout: 5.473s | update: 0.132s | total: 5.605s | samples/s: 11418
Iteration 0763 | train reward: 81.03 | best: 82.57 | KL: 8.144e-05 | std: 0.5621 | rollout: 5.389s | update: 0.203s | total: 5.591s | samples/s: 11447
Iteration 0764 | train reward: 81.76 | best: 82.57 | KL: 1.167e-04 | std: 0.5622 | rollout: 5.296s | update: 0.135s | total: 5.431s | samples/s: 11785
Iteration 0765 | train reward: 82.27 | best: 82.57 | KL: 7.614e-05 | std: 0.5622 | rollout: 5.399s | update: 0.132s | total: 5.531s | samples/s: 11570
Iteration 0766 | train reward: 82.15 | best: 82.57 | KL: 8.956e-05 | std: 0.5611 | rollout: 5.422s | update: 0.197s | total: 5.619s | samples/s: 11390
Iteration 0767 | train reward: 79.82 | best: 82.57 | KL: 1.056e-04 | std: 0.5604 | rollout: 5.675s | update: 0.138s | total: 5.813s | samples/s: 11011
Iteration 0768 | train reward: 81.28 | best: 82.57 | KL: 7.091e-05 | std: 0.5603 | rollout: 5.527s | update: 0.129s | total: 5.656s | samples/s: 11315
Iteration 0769 | train reward: 83.46 | best: 83.46 | KL: 7.621e-05 | std: 0.5603 | rollout: 5.361s | update: 0.132s | total: 5.493s | samples/s: 11651
Iteration 0770 | train reward: 82.10 | best: 83.46 | KL: 9.394e-05 | std: 0.5600 | rollout: 5.467s | update: 0.221s | total: 5.687s | samples/s: 11253
Iteration 0771 | train reward: 82.32 | best: 83.46 | KL: 8.811e-05 | std: 0.5590 | rollout: 5.775s | update: 0.155s | total: 5.931s | samples/s: 10791
Iteration 0772 | train reward: 82.69 | best: 83.46 | KL: 8.338e-05 | std: 0.5599 | rollout: 5.752s | update: 0.152s | total: 5.905s | samples/s: 10839
Iteration 0773 | train reward: 83.23 | best: 83.46 | KL: 7.414e-05 | std: 0.5600 | rollout: 5.428s | update: 0.132s | total: 5.559s | samples/s: 11512
Iteration 0774 | train reward: 82.65 | best: 83.46 | KL: 7.722e-05 | std: 0.5600 | rollout: 5.247s | update: 0.139s | total: 5.386s | samples/s: 11884
Iteration 0775 | train reward: 81.91 | best: 83.46 | KL: 8.970e-05 | std: 0.5600 | rollout: 5.364s | update: 0.141s | total: 5.505s | samples/s: 11626
Iteration 0776 | train reward: 83.11 | best: 83.46 | KL: 1.061e-04 | std: 0.5589 | rollout: 5.378s | update: 0.136s | total: 5.514s | samples/s: 11606
Iteration 0777 | train reward: 83.88 | best: 83.88 | KL: 1.091e-04 | std: 0.5585 | rollout: 5.394s | update: 0.146s | total: 5.540s | samples/s: 11553
Iteration 0778 | train reward: 82.86 | best: 83.88 | KL: 9.547e-05 | std: 0.5586 | rollout: 5.444s | update: 0.142s | total: 5.586s | samples/s: 11458
Iteration 0779 | train reward: 83.28 | best: 83.88 | KL: 1.049e-04 | std: 0.5586 | rollout: 5.644s | update: 0.151s | total: 5.795s | samples/s: 11045
Iteration 0780 | train reward: 82.68 | best: 83.88 | KL: 8.992e-05 | std: 0.5586 | rollout: 5.717s | update: 0.136s | total: 5.852s | samples/s: 10936
Iteration 0781 | train reward: 83.68 | best: 83.88 | KL: 8.329e-05 | std: 0.5587 | rollout: 5.325s | update: 0.136s | total: 5.462s | samples/s: 11718
Iteration 0782 | train reward: 83.40 | best: 83.88 | KL: 8.514e-05 | std: 0.5582 | rollout: 5.570s | update: 0.133s | total: 5.703s | samples/s: 11222
Iteration 0783 | train reward: 84.19 | best: 84.19 | KL: 8.054e-05 | std: 0.5583 | rollout: 5.649s | update: 0.133s | total: 5.782s | samples/s: 11068
Iteration 0784 | train reward: 83.88 | best: 84.19 | KL: 1.278e-04 | std: 0.5582 | rollout: 5.305s | update: 0.140s | total: 5.445s | samples/s: 11754
Iteration 0785 | train reward: 84.56 | best: 84.56 | KL: 8.229e-05 | std: 0.5572 | rollout: 5.508s | update: 0.151s | total: 5.658s | samples/s: 11311
Iteration 0786 | train reward: 84.26 | best: 84.56 | KL: 1.070e-04 | std: 0.5572 | rollout: 5.758s | update: 0.138s | total: 5.896s | samples/s: 10855
Iteration 0787 | train reward: 84.84 | best: 84.84 | KL: 1.155e-04 | std: 0.5565 | rollout: 5.434s | update: 0.213s | total: 5.647s | samples/s: 11334
Iteration 0788 | train reward: 83.48 | best: 84.84 | KL: 1.038e-04 | std: 0.5564 | rollout: 5.645s | update: 0.139s | total: 5.784s | samples/s: 11066
Iteration 0789 | train reward: 85.23 | best: 85.23 | KL: 1.275e-04 | std: 0.5568 | rollout: 5.731s | update: 0.314s | total: 6.045s | samples/s: 10587
Iteration 0790 | train reward: 83.52 | best: 85.23 | KL: 1.026e-04 | std: 0.5561 | rollout: 5.716s | update: 0.219s | total: 5.935s | samples/s: 10783
Iteration 0791 | train reward: 83.56 | best: 85.23 | KL: 1.629e-04 | std: 0.5561 | rollout: 5.563s | update: 0.174s | total: 5.737s | samples/s: 11155
Iteration 0792 | train reward: 85.46 | best: 85.46 | KL: 9.125e-05 | std: 0.5564 | rollout: 5.346s | update: 0.168s | total: 5.514s | samples/s: 11607
Iteration 0793 | train reward: 84.15 | best: 85.46 | KL: 1.167e-04 | std: 0.5564 | rollout: 5.549s | update: 0.169s | total: 5.718s | samples/s: 11193
Iteration 0794 | train reward: 85.88 | best: 85.88 | KL: 7.068e-05 | std: 0.5561 | rollout: 5.579s | update: 0.240s | total: 5.819s | samples/s: 10998
Iteration 0795 | train reward: 84.52 | best: 85.88 | KL: 1.158e-04 | std: 0.5564 | rollout: 5.302s | update: 0.133s | total: 5.435s | samples/s: 11776
Iteration 0796 | train reward: 83.65 | best: 85.88 | KL: 1.378e-04 | std: 0.5551 | rollout: 5.507s | update: 0.172s | total: 5.679s | samples/s: 11269
Iteration 0797 | train reward: 84.86 | best: 85.88 | KL: 1.235e-04 | std: 0.5561 | rollout: 5.482s | update: 0.135s | total: 5.617s | samples/s: 11394
Iteration 0798 | train reward: 85.79 | best: 85.88 | KL: 8.190e-05 | std: 0.5561 | rollout: 5.425s | update: 0.134s | total: 5.559s | samples/s: 11513
Iteration 0799 | train reward: 84.74 | best: 85.88 | KL: 1.124e-04 | std: 0.5550 | rollout: 5.472s | update: 0.137s | total: 5.609s | samples/s: 11410
Iteration 0800 | train reward: 85.30 | best: 85.88 | KL: 1.260e-04 | std: 0.5551 | rollout: 5.436s | update: 0.197s | total: 5.634s | samples/s: 11361
Iteration 0801 | train reward: 83.54 | best: 85.88 | KL: 8.444e-05 | std: 0.5551 | rollout: 5.381s | update: 0.133s | total: 5.514s | samples/s: 11606
Iteration 0802 | train reward: 85.58 | best: 85.88 | KL: 9.326e-05 | std: 0.5548 | rollout: 5.666s | update: 0.140s | total: 5.806s | samples/s: 11023
Iteration 0803 | train reward: 84.67 | best: 85.88 | KL: 7.637e-05 | std: 0.5547 | rollout: 5.467s | update: 0.135s | total: 5.602s | samples/s: 11424
Iteration 0804 | train reward: 87.32 | best: 87.32 | KL: 9.063e-05 | std: 0.5548 | rollout: 5.375s | update: 0.144s | total: 5.519s | samples/s: 11596
Iteration 0805 | train reward: 86.42 | best: 87.32 | KL: 1.038e-04 | std: 0.5548 | rollout: 5.472s | update: 0.136s | total: 5.608s | samples/s: 11412
Iteration 0806 | train reward: 85.31 | best: 87.32 | KL: 1.019e-04 | std: 0.5546 | rollout: 5.316s | update: 0.135s | total: 5.450s | samples/s: 11742
Iteration 0807 | train reward: 84.28 | best: 87.32 | KL: 8.803e-05 | std: 0.5546 | rollout: 5.444s | update: 0.137s | total: 5.582s | samples/s: 11466
Iteration 0808 | train reward: 86.03 | best: 87.32 | KL: 1.112e-04 | std: 0.5543 | rollout: 5.455s | update: 0.196s | total: 5.651s | samples/s: 11326
Iteration 0809 | train reward: 85.86 | best: 87.32 | KL: 9.837e-05 | std: 0.5543 | rollout: 5.346s | update: 0.189s | total: 5.535s | samples/s: 11563
Iteration 0810 | train reward: 85.81 | best: 87.32 | KL: 7.610e-05 | std: 0.5543 | rollout: 5.395s | update: 0.146s | total: 5.540s | samples/s: 11552
Iteration 0811 | train reward: 85.60 | best: 87.32 | KL: 9.275e-05 | std: 0.5546 | rollout: 5.280s | update: 0.158s | total: 5.437s | samples/s: 11770
Iteration 0812 | train reward: 85.25 | best: 87.32 | KL: 1.028e-04 | std: 0.5543 | rollout: 5.280s | update: 0.133s | total: 5.413s | samples/s: 11824
Iteration 0813 | train reward: 86.15 | best: 87.32 | KL: 1.002e-04 | std: 0.5542 | rollout: 5.261s | update: 0.139s | total: 5.400s | samples/s: 11851
Iteration 0814 | train reward: 86.93 | best: 87.32 | KL: 1.127e-04 | std: 0.5543 | rollout: 5.735s | update: 0.156s | total: 5.891s | samples/s: 10864
Iteration 0815 | train reward: 84.75 | best: 87.32 | KL: 8.803e-05 | std: 0.5546 | rollout: 5.423s | update: 0.150s | total: 5.573s | samples/s: 11483
Iteration 0816 | train reward: 87.68 | best: 87.68 | KL: 8.804e-05 | std: 0.5543 | rollout: 5.232s | update: 0.185s | total: 5.417s | samples/s: 11814
Iteration 0817 | train reward: 85.59 | best: 87.68 | KL: 7.721e-05 | std: 0.5547 | rollout: 5.970s | update: 0.139s | total: 6.109s | samples/s: 10477
Iteration 0818 | train reward: 87.61 | best: 87.68 | KL: 1.239e-04 | std: 0.5546 | rollout: 5.580s | update: 0.139s | total: 5.720s | samples/s: 11190
Iteration 0819 | train reward: 84.90 | best: 87.68 | KL: 9.926e-05 | std: 0.5546 | rollout: 5.524s | update: 0.149s | total: 5.674s | samples/s: 11280
Iteration 0820 | train reward: 85.11 | best: 87.68 | KL: 9.002e-05 | std: 0.5543 | rollout: 5.498s | update: 0.231s | total: 5.730s | samples/s: 11170
Iteration 0821 | train reward: 85.84 | best: 87.68 | KL: 9.032e-05 | std: 0.5546 | rollout: 5.719s | update: 0.172s | total: 5.891s | samples/s: 10863
Iteration 0822 | train reward: 85.08 | best: 87.68 | KL: 1.154e-04 | std: 0.5546 | rollout: 5.394s | update: 0.135s | total: 5.529s | samples/s: 11576
Iteration 0823 | train reward: 86.91 | best: 87.68 | KL: 8.631e-05 | std: 0.5546 | rollout: 5.712s | update: 0.173s | total: 5.885s | samples/s: 10875
Iteration 0824 | train reward: 87.09 | best: 87.68 | KL: 9.876e-05 | std: 0.5543 | rollout: 5.905s | update: 0.173s | total: 6.078s | samples/s: 10531
Iteration 0825 | train reward: 87.40 | best: 87.68 | KL: 1.099e-04 | std: 0.5547 | rollout: 5.737s | update: 0.132s | total: 5.870s | samples/s: 10904
Iteration 0826 | train reward: 86.44 | best: 87.68 | KL: 9.049e-05 | std: 0.5546 | rollout: 5.340s | update: 0.142s | total: 5.482s | samples/s: 11674
Iteration 0827 | train reward: 87.80 | best: 87.80 | KL: 9.791e-05 | std: 0.5547 | rollout: 5.689s | update: 0.207s | total: 5.895s | samples/s: 10856
Iteration 0828 | train reward: 86.37 | best: 87.80 | KL: 7.284e-05 | std: 0.5548 | rollout: 5.389s | update: 0.145s | total: 5.534s | samples/s: 11565
Iteration 0829 | train reward: 87.19 | best: 87.80 | KL: 1.032e-04 | std: 0.5547 | rollout: 5.657s | update: 0.142s | total: 5.799s | samples/s: 11037
Iteration 0830 | train reward: 85.47 | best: 87.80 | KL: 1.324e-04 | std: 0.5547 | rollout: 5.761s | update: 0.130s | total: 5.890s | samples/s: 10866
Iteration 0831 | train reward: 86.64 | best: 87.80 | KL: 1.107e-04 | std: 0.5548 | rollout: 5.266s | update: 0.144s | total: 5.410s | samples/s: 11829
Iteration 0832 | train reward: 87.29 | best: 87.80 | KL: 1.197e-04 | std: 0.5547 | rollout: 5.456s | update: 0.172s | total: 5.628s | samples/s: 11371
Iteration 0833 | train reward: 86.65 | best: 87.80 | KL: 1.156e-04 | std: 0.5543 | rollout: 5.524s | update: 0.134s | total: 5.658s | samples/s: 11311
Iteration 0834 | train reward: 86.60 | best: 87.80 | KL: 1.141e-04 | std: 0.5533 | rollout: 5.582s | update: 0.147s | total: 5.729s | samples/s: 11171
Iteration 0835 | train reward: 85.51 | best: 87.80 | KL: 1.087e-04 | std: 0.5529 | rollout: 5.500s | update: 0.175s | total: 5.675s | samples/s: 11277
Iteration 0836 | train reward: 88.00 | best: 88.00 | KL: 1.047e-04 | std: 0.5529 | rollout: 5.389s | update: 0.203s | total: 5.591s | samples/s: 11446
Iteration 0837 | train reward: 87.14 | best: 88.00 | KL: 9.069e-05 | std: 0.5530 | rollout: 5.656s | update: 0.144s | total: 5.800s | samples/s: 11034
Iteration 0838 | train reward: 86.26 | best: 88.00 | KL: 6.792e-05 | std: 0.5529 | rollout: 5.286s | update: 0.139s | total: 5.425s | samples/s: 11798
Iteration 0839 | train reward: 88.21 | best: 88.21 | KL: 7.861e-05 | std: 0.5526 | rollout: 5.548s | update: 0.137s | total: 5.684s | samples/s: 11259
Iteration 0840 | train reward: 87.33 | best: 88.21 | KL: 9.393e-05 | std: 0.5525 | rollout: 5.601s | update: 0.132s | total: 5.732s | samples/s: 11165
Iteration 0841 | train reward: 87.81 | best: 88.21 | KL: 1.002e-04 | std: 0.5529 | rollout: 5.472s | update: 0.152s | total: 5.623s | samples/s: 11381
Iteration 0842 | train reward: 85.98 | best: 88.21 | KL: 1.028e-04 | std: 0.5529 | rollout: 5.686s | update: 0.136s | total: 5.822s | samples/s: 10993
Iteration 0843 | train reward: 87.27 | best: 88.21 | KL: 9.151e-05 | std: 0.5525 | rollout: 5.709s | update: 0.136s | total: 5.845s | samples/s: 10950
Iteration 0844 | train reward: 86.10 | best: 88.21 | KL: 9.566e-05 | std: 0.5526 | rollout: 5.431s | update: 0.150s | total: 5.581s | samples/s: 11467
Iteration 0845 | train reward: 87.79 | best: 88.21 | KL: 9.164e-05 | std: 0.5529 | rollout: 5.245s | update: 0.136s | total: 5.381s | samples/s: 11893
Iteration 0846 | train reward: 86.84 | best: 88.21 | KL: 1.086e-04 | std: 0.5526 | rollout: 5.215s | update: 0.179s | total: 5.394s | samples/s: 11865
Iteration 0847 | train reward: 87.48 | best: 88.21 | KL: 9.427e-05 | std: 0.5526 | rollout: 5.526s | update: 0.145s | total: 5.671s | samples/s: 11285
Iteration 0848 | train reward: 88.33 | best: 88.33 | KL: 1.052e-04 | std: 0.5522 | rollout: 5.656s | update: 0.147s | total: 5.803s | samples/s: 11029
Iteration 0849 | train reward: 88.13 | best: 88.33 | KL: 1.116e-04 | std: 0.5529 | rollout: 5.345s | update: 0.128s | total: 5.474s | samples/s: 11693
Iteration 0850 | train reward: 88.24 | best: 88.33 | KL: 1.270e-04 | std: 0.5532 | rollout: 5.460s | update: 0.132s | total: 5.591s | samples/s: 11446
Iteration 0851 | train reward: 88.77 | best: 88.77 | KL: 1.571e-04 | std: 0.5532 | rollout: 5.360s | update: 0.134s | total: 5.494s | samples/s: 11649
Iteration 0852 | train reward: 87.99 | best: 88.77 | KL: 1.230e-04 | std: 0.5530 | rollout: 5.430s | update: 0.146s | total: 5.576s | samples/s: 11478
Iteration 0853 | train reward: 88.63 | best: 88.77 | KL: 8.253e-05 | std: 0.5525 | rollout: 5.483s | update: 0.205s | total: 5.688s | samples/s: 11252
Iteration 0854 | train reward: 86.54 | best: 88.77 | KL: 8.600e-05 | std: 0.5512 | rollout: 5.369s | update: 0.132s | total: 5.502s | samples/s: 11633
Iteration 0855 | train reward: 89.04 | best: 89.04 | KL: 1.207e-04 | std: 0.5522 | rollout: 5.667s | update: 0.222s | total: 5.890s | samples/s: 10866
Iteration 0856 | train reward: 88.28 | best: 89.04 | KL: 1.238e-04 | std: 0.5509 | rollout: 5.549s | update: 0.133s | total: 5.682s | samples/s: 11263
Iteration 0857 | train reward: 86.86 | best: 89.04 | KL: 9.268e-05 | std: 0.5509 | rollout: 5.568s | update: 0.137s | total: 5.706s | samples/s: 11217
Iteration 0858 | train reward: 86.98 | best: 89.04 | KL: 1.410e-04 | std: 0.5508 | rollout: 5.363s | update: 0.128s | total: 5.492s | samples/s: 11654
Iteration 0859 | train reward: 88.55 | best: 89.04 | KL: 8.196e-05 | std: 0.5508 | rollout: 5.392s | update: 0.145s | total: 5.537s | samples/s: 11559
Iteration 0860 | train reward: 86.55 | best: 89.04 | KL: 1.161e-04 | std: 0.5508 | rollout: 5.508s | update: 0.134s | total: 5.642s | samples/s: 11344
Iteration 0861 | train reward: 87.20 | best: 89.04 | KL: 1.027e-04 | std: 0.5508 | rollout: 5.466s | update: 0.138s | total: 5.604s | samples/s: 11421
Iteration 0862 | train reward: 87.50 | best: 89.04 | KL: 7.884e-05 | std: 0.5508 | rollout: 5.256s | update: 0.175s | total: 5.431s | samples/s: 11784
Iteration 0863 | train reward: 87.15 | best: 89.04 | KL: 8.979e-05 | std: 0.5508 | rollout: 5.323s | update: 0.150s | total: 5.473s | samples/s: 11694
Iteration 0864 | train reward: 90.12 | best: 90.12 | KL: 1.046e-04 | std: 0.5508 | rollout: 5.556s | update: 0.138s | total: 5.694s | samples/s: 11240
Iteration 0865 | train reward: 89.76 | best: 90.12 | KL: 9.760e-05 | std: 0.5508 | rollout: 5.385s | update: 0.223s | total: 5.608s | samples/s: 11412
Iteration 0866 | train reward: 90.05 | best: 90.12 | KL: 7.945e-05 | std: 0.5508 | rollout: 5.488s | update: 0.148s | total: 5.636s | samples/s: 11356
Iteration 0867 | train reward: 87.35 | best: 90.12 | KL: 9.935e-05 | std: 0.5509 | rollout: 5.513s | update: 0.204s | total: 5.716s | samples/s: 11196
Iteration 0868 | train reward: 88.17 | best: 90.12 | KL: 1.416e-04 | std: 0.5507 | rollout: 5.651s | update: 0.138s | total: 5.788s | samples/s: 11057
Iteration 0869 | train reward: 86.39 | best: 90.12 | KL: 8.246e-05 | std: 0.5508 | rollout: 5.569s | update: 0.136s | total: 5.704s | samples/s: 11220
Iteration 0870 | train reward: 87.34 | best: 90.12 | KL: 1.010e-04 | std: 0.5508 | rollout: 5.516s | update: 0.129s | total: 5.645s | samples/s: 11337
Iteration 0871 | train reward: 88.46 | best: 90.12 | KL: 1.044e-04 | std: 0.5508 | rollout: 5.311s | update: 0.147s | total: 5.458s | samples/s: 11726
Iteration 0872 | train reward: 89.77 | best: 90.12 | KL: 8.889e-05 | std: 0.5508 | rollout: 5.240s | update: 0.132s | total: 5.372s | samples/s: 11913
Iteration 0873 | train reward: 89.84 | best: 90.12 | KL: 1.077e-04 | std: 0.5507 | rollout: 5.175s | update: 0.143s | total: 5.317s | samples/s: 12036
Iteration 0874 | train reward: 90.01 | best: 90.12 | KL: 8.345e-05 | std: 0.5508 | rollout: 5.409s | update: 0.138s | total: 5.546s | samples/s: 11539
Iteration 0875 | train reward: 89.46 | best: 90.12 | KL: 9.596e-05 | std: 0.5503 | rollout: 5.393s | update: 0.143s | total: 5.536s | samples/s: 11561
Iteration 0876 | train reward: 90.07 | best: 90.12 | KL: 1.542e-04 | std: 0.5494 | rollout: 5.390s | update: 0.135s | total: 5.525s | samples/s: 11583
Iteration 0877 | train reward: 89.45 | best: 90.12 | KL: 1.366e-04 | std: 0.5494 | rollout: 5.687s | update: 0.136s | total: 5.823s | samples/s: 10991
Iteration 0878 | train reward: 88.42 | best: 90.12 | KL: 9.344e-05 | std: 0.5504 | rollout: 5.967s | update: 0.153s | total: 6.119s | samples/s: 10458
Iteration 0879 | train reward: 90.42 | best: 90.42 | KL: 1.140e-04 | std: 0.5504 | rollout: 5.930s | update: 0.192s | total: 6.122s | samples/s: 10454
Iteration 0880 | train reward: 88.74 | best: 90.42 | KL: 1.084e-04 | std: 0.5494 | rollout: 5.526s | update: 0.143s | total: 5.669s | samples/s: 11290
Iteration 0881 | train reward: 88.45 | best: 90.42 | KL: 1.096e-04 | std: 0.5503 | rollout: 5.918s | update: 0.142s | total: 6.060s | samples/s: 10562
Iteration 0882 | train reward: 91.60 | best: 91.60 | KL: 1.180e-04 | std: 0.5503 | rollout: 6.528s | update: 0.225s | total: 6.753s | samples/s: 9477
Iteration 0883 | train reward: 90.70 | best: 91.60 | KL: 1.022e-04 | std: 0.5507 | rollout: 6.250s | update: 0.318s | total: 6.567s | samples/s: 9745
Iteration 0884 | train reward: 89.08 | best: 91.60 | KL: 8.803e-05 | std: 0.5507 | rollout: 5.240s | update: 0.219s | total: 5.459s | samples/s: 11725
Iteration 0885 | train reward: 88.02 | best: 91.60 | KL: 1.056e-04 | std: 0.5507 | rollout: 5.344s | update: 0.174s | total: 5.518s | samples/s: 11598
Iteration 0886 | train reward: 89.33 | best: 91.60 | KL: 8.348e-05 | std: 0.5507 | rollout: 5.359s | update: 0.133s | total: 5.492s | samples/s: 11654
Iteration 0887 | train reward: 88.83 | best: 91.60 | KL: 1.067e-04 | std: 0.5504 | rollout: 5.543s | update: 0.180s | total: 5.723s | samples/s: 11183
Iteration 0888 | train reward: 90.11 | best: 91.60 | KL: 1.003e-04 | std: 0.5504 | rollout: 5.627s | update: 0.159s | total: 5.786s | samples/s: 11061
Iteration 0889 | train reward: 90.22 | best: 91.60 | KL: 1.255e-04 | std: 0.5507 | rollout: 5.601s | update: 0.148s | total: 5.749s | samples/s: 11133
Iteration 0890 | train reward: 89.59 | best: 91.60 | KL: 1.045e-04 | std: 0.5504 | rollout: 5.477s | update: 0.131s | total: 5.608s | samples/s: 11412
Iteration 0891 | train reward: 90.90 | best: 91.60 | KL: 1.084e-04 | std: 0.5503 | rollout: 5.510s | update: 0.141s | total: 5.651s | samples/s: 11326
Iteration 0892 | train reward: 90.44 | best: 91.60 | KL: 1.252e-04 | std: 0.5494 | rollout: 5.534s | update: 0.131s | total: 5.665s | samples/s: 11298
Iteration 0893 | train reward: 89.07 | best: 91.60 | KL: 1.020e-04 | std: 0.5491 | rollout: 5.365s | update: 0.135s | total: 5.499s | samples/s: 11638
Iteration 0894 | train reward: 90.76 | best: 91.60 | KL: 1.071e-04 | std: 0.5494 | rollout: 5.360s | update: 0.129s | total: 5.489s | samples/s: 11661
Iteration 0895 | train reward: 91.86 | best: 91.86 | KL: 8.954e-05 | std: 0.5490 | rollout: 5.680s | update: 0.151s | total: 5.831s | samples/s: 10976
Iteration 0896 | train reward: 90.96 | best: 91.86 | KL: 1.147e-04 | std: 0.5493 | rollout: 5.355s | update: 0.301s | total: 5.656s | samples/s: 11315
Iteration 0897 | train reward: 90.68 | best: 91.86 | KL: 1.110e-04 | std: 0.5490 | rollout: 5.454s | update: 0.138s | total: 5.592s | samples/s: 11445
Iteration 0898 | train reward: 90.35 | best: 91.86 | KL: 1.369e-04 | std: 0.5493 | rollout: 5.535s | update: 0.136s | total: 5.670s | samples/s: 11287
Iteration 0899 | train reward: 89.55 | best: 91.86 | KL: 1.188e-04 | std: 0.5493 | rollout: 5.444s | update: 0.130s | total: 5.574s | samples/s: 11481
Iteration 0900 | train reward: 90.35 | best: 91.86 | KL: 1.172e-04 | std: 0.5490 | rollout: 5.488s | update: 0.223s | total: 5.711s | samples/s: 11207
Iteration 0901 | train reward: 90.54 | best: 91.86 | KL: 1.357e-04 | std: 0.5487 | rollout: 5.554s | update: 0.134s | total: 5.688s | samples/s: 11251
Iteration 0902 | train reward: 89.45 | best: 91.86 | KL: 1.237e-04 | std: 0.5487 | rollout: 5.406s | update: 0.135s | total: 5.541s | samples/s: 11550
Iteration 0903 | train reward: 91.05 | best: 91.86 | KL: 1.209e-04 | std: 0.5490 | rollout: 5.404s | update: 0.163s | total: 5.567s | samples/s: 11495
Iteration 0904 | train reward: 89.64 | best: 91.86 | KL: 1.176e-04 | std: 0.5487 | rollout: 5.538s | update: 0.129s | total: 5.667s | samples/s: 11293
Iteration 0905 | train reward: 90.32 | best: 91.86 | KL: 9.920e-05 | std: 0.5490 | rollout: 5.357s | update: 0.222s | total: 5.579s | samples/s: 11472
Iteration 0906 | train reward: 90.99 | best: 91.86 | KL: 9.467e-05 | std: 0.5487 | rollout: 5.422s | update: 0.196s | total: 5.618s | samples/s: 11392
Iteration 0907 | train reward: 89.91 | best: 91.86 | KL: 1.093e-04 | std: 0.5490 | rollout: 5.606s | update: 0.137s | total: 5.744s | samples/s: 11142
Iteration 0908 | train reward: 90.25 | best: 91.86 | KL: 9.449e-05 | std: 0.5491 | rollout: 5.640s | update: 0.141s | total: 5.781s | samples/s: 11070
Iteration 0909 | train reward: 90.24 | best: 91.86 | KL: 1.137e-04 | std: 0.5487 | rollout: 5.433s | update: 0.140s | total: 5.573s | samples/s: 11483
Iteration 0910 | train reward: 91.24 | best: 91.86 | KL: 1.207e-04 | std: 0.5490 | rollout: 5.479s | update: 0.288s | total: 5.766s | samples/s: 11099
Iteration 0911 | train reward: 90.33 | best: 91.86 | KL: 9.885e-05 | std: 0.5490 | rollout: 5.420s | update: 0.124s | total: 5.544s | samples/s: 11544
Iteration 0912 | train reward: 90.93 | best: 91.86 | KL: 9.084e-05 | std: 0.5490 | rollout: 5.439s | update: 0.132s | total: 5.570s | samples/s: 11490
Iteration 0913 | train reward: 90.81 | best: 91.86 | KL: 9.485e-05 | std: 0.5487 | rollout: 5.285s | update: 0.139s | total: 5.424s | samples/s: 11800
Iteration 0914 | train reward: 90.79 | best: 91.86 | KL: 1.125e-04 | std: 0.5487 | rollout: 5.509s | update: 0.155s | total: 5.664s | samples/s: 11300
Iteration 0915 | train reward: 91.16 | best: 91.86 | KL: 1.163e-04 | std: 0.5490 | rollout: 5.397s | update: 0.160s | total: 5.557s | samples/s: 11516
Iteration 0916 | train reward: 91.67 | best: 91.86 | KL: 1.228e-04 | std: 0.5487 | rollout: 5.670s | update: 0.131s | total: 5.801s | samples/s: 11033
Iteration 0917 | train reward: 91.19 | best: 91.86 | KL: 1.104e-04 | std: 0.5483 | rollout: 5.474s | update: 0.130s | total: 5.604s | samples/s: 11421
Iteration 0918 | train reward: 91.37 | best: 91.86 | KL: 1.008e-04 | std: 0.5470 | rollout: 5.565s | update: 0.169s | total: 5.734s | samples/s: 11161
Iteration 0919 | train reward: 90.51 | best: 91.86 | KL: 1.301e-04 | std: 0.5472 | rollout: 5.824s | update: 0.129s | total: 5.953s | samples/s: 10751
Iteration 0920 | train reward: 91.07 | best: 91.86 | KL: 1.283e-04 | std: 0.5472 | rollout: 5.628s | update: 0.170s | total: 5.798s | samples/s: 11039
Iteration 0921 | train reward: 90.65 | best: 91.86 | KL: 8.671e-05 | std: 0.5469 | rollout: 5.520s | update: 0.141s | total: 5.661s | samples/s: 11305
Iteration 0922 | train reward: 91.21 | best: 91.86 | KL: 1.491e-04 | std: 0.5470 | rollout: 6.171s | update: 0.186s | total: 6.357s | samples/s: 10067
Iteration 0923 | train reward: 90.65 | best: 91.86 | KL: 9.324e-05 | std: 0.5470 | rollout: 5.393s | update: 0.165s | total: 5.558s | samples/s: 11514
Iteration 0924 | train reward: 91.43 | best: 91.86 | KL: 8.932e-05 | std: 0.5469 | rollout: 5.445s | update: 0.160s | total: 5.606s | samples/s: 11417
Iteration 0925 | train reward: 92.16 | best: 92.16 | KL: 9.179e-05 | std: 0.5470 | rollout: 5.364s | update: 0.141s | total: 5.505s | samples/s: 11626
Iteration 0926 | train reward: 92.44 | best: 92.44 | KL: 1.096e-04 | std: 0.5470 | rollout: 5.487s | update: 0.147s | total: 5.634s | samples/s: 11359
Iteration 0927 | train reward: 92.08 | best: 92.44 | KL: 1.216e-04 | std: 0.5465 | rollout: 5.397s | update: 0.138s | total: 5.535s | samples/s: 11562
Iteration 0928 | train reward: 91.56 | best: 92.44 | KL: 1.296e-04 | std: 0.5451 | rollout: 5.383s | update: 0.138s | total: 5.521s | samples/s: 11593
Iteration 0929 | train reward: 92.34 | best: 92.44 | KL: 1.315e-04 | std: 0.5451 | rollout: 16.764s | update: 1.009s | total: 17.773s | samples/s: 3601
Iteration 0930 | train reward: 93.59 | best: 93.59 | KL: 1.380e-04 | std: 0.5450 | rollout: 28.540s | update: 0.919s | total: 29.459s | samples/s: 2172
Iteration 0931 | train reward: 92.20 | best: 93.59 | KL: 1.317e-04 | std: 0.5444 | rollout: 28.635s | update: 1.129s | total: 29.764s | samples/s: 2150
Iteration 0932 | train reward: 91.71 | best: 93.59 | KL: 8.177e-05 | std: 0.5447 | rollout: 26.348s | update: 0.957s | total: 27.305s | samples/s: 2344
Iteration 0933 | train reward: 92.43 | best: 93.59 | KL: 1.206e-04 | std: 0.5448 | rollout: 25.572s | update: 1.134s | total: 26.706s | samples/s: 2396
Iteration 0934 | train reward: 91.56 | best: 93.59 | KL: 9.961e-05 | std: 0.5444 | rollout: 24.849s | update: 1.170s | total: 26.019s | samples/s: 2460
Iteration 0935 | train reward: 92.54 | best: 93.59 | KL: 1.285e-04 | std: 0.5443 | rollout: 24.715s | update: 1.048s | total: 25.763s | samples/s: 2484
Iteration 0936 | train reward: 92.43 | best: 93.59 | KL: 1.098e-04 | std: 0.5447 | rollout: 25.629s | update: 0.976s | total: 26.605s | samples/s: 2406
Iteration 0937 | train reward: 91.32 | best: 93.59 | KL: 1.288e-04 | std: 0.5444 | rollout: 26.596s | update: 0.838s | total: 27.434s | samples/s: 2333
Iteration 0938 | train reward: 93.57 | best: 93.59 | KL: 1.192e-04 | std: 0.5447 | rollout: 25.817s | update: 0.947s | total: 26.764s | samples/s: 2391
Iteration 0939 | train reward: 92.32 | best: 93.59 | KL: 1.048e-04 | std: 0.5445 | rollout: 25.544s | update: 0.942s | total: 26.486s | samples/s: 2416
Iteration 0940 | train reward: 92.52 | best: 93.59 | KL: 1.208e-04 | std: 0.5433 | rollout: 26.115s | update: 0.763s | total: 26.878s | samples/s: 2381
Iteration 0941 | train reward: 89.59 | best: 93.59 | KL: 1.258e-04 | std: 0.5430 | rollout: 24.618s | update: 0.799s | total: 25.417s | samples/s: 2518
Iteration 0942 | train reward: 93.02 | best: 93.59 | KL: 8.287e-05 | std: 0.5430 | rollout: 26.632s | update: 0.918s | total: 27.550s | samples/s: 2323
Iteration 0943 | train reward: 93.48 | best: 93.59 | KL: 1.145e-04 | std: 0.5433 | rollout: 25.937s | update: 1.235s | total: 27.172s | samples/s: 2355
Iteration 0944 | train reward: 92.67 | best: 93.59 | KL: 1.422e-04 | std: 0.5433 | rollout: 24.866s | update: 0.814s | total: 25.681s | samples/s: 2492
Iteration 0945 | train reward: 93.53 | best: 93.59 | KL: 9.142e-05 | std: 0.5444 | rollout: 25.759s | update: 0.945s | total: 26.704s | samples/s: 2397
Iteration 0946 | train reward: 91.49 | best: 93.59 | KL: 1.169e-04 | std: 0.5444 | rollout: 27.327s | update: 0.755s | total: 28.082s | samples/s: 2279
Iteration 0947 | train reward: 93.26 | best: 93.59 | KL: 1.132e-04 | std: 0.5445 | rollout: 25.992s | update: 0.892s | total: 26.884s | samples/s: 2381
Iteration 0948 | train reward: 93.08 | best: 93.59 | KL: 1.136e-04 | std: 0.5444 | rollout: 24.413s | update: 1.233s | total: 25.645s | samples/s: 2496
Iteration 0949 | train reward: 92.30 | best: 93.59 | KL: 8.193e-05 | std: 0.5434 | rollout: 25.936s | update: 0.783s | total: 26.719s | samples/s: 2395
Iteration 0950 | train reward: 94.22 | best: 94.22 | KL: 8.586e-05 | std: 0.5434 | rollout: 24.380s | update: 1.004s | total: 25.384s | samples/s: 2521
Iteration 0951 | train reward: 93.91 | best: 94.22 | KL: 1.145e-04 | std: 0.5430 | rollout: 25.346s | update: 0.885s | total: 26.231s | samples/s: 2440
Iteration 0952 | train reward: 93.48 | best: 94.22 | KL: 1.053e-04 | std: 0.5433 | rollout: 26.572s | update: 1.064s | total: 27.636s | samples/s: 2316
Iteration 0953 | train reward: 93.04 | best: 94.22 | KL: 1.406e-04 | std: 0.5434 | rollout: 31.963s | update: 0.841s | total: 32.804s | samples/s: 1951
Iteration 0954 | train reward: 93.04 | best: 94.22 | KL: 1.034e-04 | std: 0.5431 | rollout: 30.497s | update: 1.062s | total: 31.559s | samples/s: 2028
Iteration 0955 | train reward: 94.47 | best: 94.47 | KL: 1.134e-04 | std: 0.5430 | rollout: 30.257s | update: 0.905s | total: 31.162s | samples/s: 2054
Iteration 0956 | train reward: 93.16 | best: 94.47 | KL: 9.337e-05 | std: 0.5430 | rollout: 25.217s | update: 0.837s | total: 26.054s | samples/s: 2456
Iteration 0957 | train reward: 92.60 | best: 94.47 | KL: 9.610e-05 | std: 0.5430 | rollout: 24.217s | update: 0.922s | total: 25.140s | samples/s: 2546
Iteration 0958 | train reward: 92.62 | best: 94.47 | KL: 1.219e-04 | std: 0.5429 | rollout: 24.938s | update: 0.949s | total: 25.887s | samples/s: 2472
Iteration 0959 | train reward: 93.12 | best: 94.47 | KL: 1.146e-04 | std: 0.5416 | rollout: 27.040s | update: 1.053s | total: 28.093s | samples/s: 2278
Iteration 0960 | train reward: 93.18 | best: 94.47 | KL: 1.129e-04 | std: 0.5416 | rollout: 24.703s | update: 0.791s | total: 25.493s | samples/s: 2510
Iteration 0961 | train reward: 92.97 | best: 94.47 | KL: 1.201e-04 | std: 0.5412 | rollout: 25.246s | update: 1.085s | total: 26.331s | samples/s: 2431
Iteration 0962 | train reward: 93.32 | best: 94.47 | KL: 1.079e-04 | std: 0.5412 | rollout: 26.699s | update: 0.963s | total: 27.662s | samples/s: 2314
Iteration 0963 | train reward: 93.67 | best: 94.47 | KL: 1.037e-04 | std: 0.5412 | rollout: 24.570s | update: 0.815s | total: 25.385s | samples/s: 2521
Iteration 0964 | train reward: 94.39 | best: 94.47 | KL: 1.156e-04 | std: 0.5416 | rollout: 26.072s | update: 0.918s | total: 26.991s | samples/s: 2371
Iteration 0965 | train reward: 93.23 | best: 94.47 | KL: 1.228e-04 | std: 0.5416 | rollout: 27.202s | update: 0.741s | total: 27.943s | samples/s: 2290
Iteration 0966 | train reward: 93.91 | best: 94.47 | KL: 1.195e-04 | std: 0.5415 | rollout: 25.603s | update: 1.101s | total: 26.704s | samples/s: 2397
Iteration 0967 | train reward: 92.88 | best: 94.47 | KL: 1.118e-04 | std: 0.5409 | rollout: 25.749s | update: 0.923s | total: 26.671s | samples/s: 2400
Iteration 0968 | train reward: 94.41 | best: 94.47 | KL: 7.689e-05 | std: 0.5408 | rollout: 25.538s | update: 1.013s | total: 26.552s | samples/s: 2410
Iteration 0969 | train reward: 93.33 | best: 94.47 | KL: 1.147e-04 | std: 0.5406 | rollout: 26.397s | update: 1.015s | total: 27.412s | samples/s: 2335
Iteration 0970 | train reward: 93.77 | best: 94.47 | KL: 1.115e-04 | std: 0.5408 | rollout: 24.785s | update: 0.741s | total: 25.527s | samples/s: 2507
Iteration 0971 | train reward: 93.37 | best: 94.47 | KL: 1.326e-04 | std: 0.5405 | rollout: 26.062s | update: 0.870s | total: 26.932s | samples/s: 2376
Iteration 0972 | train reward: 93.64 | best: 94.47 | KL: 1.285e-04 | std: 0.5408 | rollout: 25.066s | update: 1.098s | total: 26.164s | samples/s: 2446
Iteration 0973 | train reward: 93.52 | best: 94.47 | KL: 1.298e-04 | std: 0.5408 | rollout: 29.917s | update: 1.326s | total: 31.243s | samples/s: 2048
Iteration 0974 | train reward: 95.16 | best: 95.16 | KL: 1.532e-04 | std: 0.5408 | rollout: 33.596s | update: 0.871s | total: 34.467s | samples/s: 1857
Iteration 0975 | train reward: 94.46 | best: 95.16 | KL: 1.243e-04 | std: 0.5395 | rollout: 33.179s | update: 0.943s | total: 34.122s | samples/s: 1876
Iteration 0976 | train reward: 94.16 | best: 95.16 | KL: 9.495e-05 | std: 0.5408 | rollout: 31.817s | update: 1.037s | total: 32.854s | samples/s: 1948
Iteration 0977 | train reward: 93.35 | best: 95.16 | KL: 1.238e-04 | std: 0.5409 | rollout: 29.764s | update: 1.083s | total: 30.847s | samples/s: 2075
Iteration 0978 | train reward: 94.50 | best: 95.16 | KL: 1.252e-04 | std: 0.5406 | rollout: 32.068s | update: 1.031s | total: 33.099s | samples/s: 1934
Iteration 0979 | train reward: 94.52 | best: 95.16 | KL: 1.305e-04 | std: 0.5405 | rollout: 31.182s | update: 0.903s | total: 32.085s | samples/s: 1995
Iteration 0980 | train reward: 93.57 | best: 95.16 | KL: 1.067e-04 | std: 0.5406 | rollout: 33.316s | update: 1.395s | total: 34.711s | samples/s: 1844
Iteration 0981 | train reward: 95.03 | best: 95.16 | KL: 1.308e-04 | std: 0.5405 | rollout: 30.992s | update: 0.802s | total: 31.794s | samples/s: 2013
Iteration 0982 | train reward: 94.11 | best: 95.16 | KL: 1.186e-04 | std: 0.5405 | rollout: 29.365s | update: 0.936s | total: 30.301s | samples/s: 2112
Iteration 0983 | train reward: 94.41 | best: 95.16 | KL: 1.430e-04 | std: 0.5408 | rollout: 35.797s | update: 1.461s | total: 37.258s | samples/s: 1718
Iteration 0984 | train reward: 94.53 | best: 95.16 | KL: 1.019e-04 | std: 0.5405 | rollout: 40.624s | update: 1.276s | total: 41.900s | samples/s: 1527
Iteration 0985 | train reward: 95.99 | best: 95.99 | KL: 8.312e-05 | std: 0.5405 | rollout: 41.526s | update: 1.316s | total: 42.842s | samples/s: 1494
Iteration 0986 | train reward: 94.76 | best: 95.99 | KL: 1.563e-04 | std: 0.5405 | rollout: 30.537s | update: 0.869s | total: 31.406s | samples/s: 2038
Iteration 0987 | train reward: 95.84 | best: 95.99 | KL: 1.056e-04 | std: 0.5406 | rollout: 30.683s | update: 1.151s | total: 31.835s | samples/s: 2010
Iteration 0988 | train reward: 95.91 | best: 95.99 | KL: 9.425e-05 | std: 0.5405 | rollout: 30.786s | update: 0.745s | total: 31.531s | samples/s: 2030
Iteration 0989 | train reward: 97.08 | best: 97.08 | KL: 1.251e-04 | std: 0.5392 | rollout: 30.840s | update: 1.182s | total: 32.023s | samples/s: 1999
Iteration 0990 | train reward: 95.81 | best: 97.08 | KL: 1.134e-04 | std: 0.5391 | rollout: 32.019s | update: 1.239s | total: 33.258s | samples/s: 1924
Iteration 0991 | train reward: 94.53 | best: 97.08 | KL: 1.428e-04 | std: 0.5387 | rollout: 32.778s | update: 1.124s | total: 33.902s | samples/s: 1888
Iteration 0992 | train reward: 96.57 | best: 97.08 | KL: 1.183e-04 | std: 0.5386 | rollout: 31.237s | update: 1.041s | total: 32.278s | samples/s: 1983
Iteration 0993 | train reward: 95.89 | best: 97.08 | KL: 1.223e-04 | std: 0.5387 | rollout: 49.112s | update: 1.793s | total: 50.905s | samples/s: 1257
Iteration 0994 | train reward: 95.92 | best: 97.08 | KL: 9.706e-05 | std: 0.5387 | rollout: 56.209s | update: 0.801s | total: 57.010s | samples/s: 1123
Iteration 0995 | train reward: 94.04 | best: 97.08 | KL: 1.162e-04 | std: 0.5390 | rollout: 37.764s | update: 1.101s | total: 38.865s | samples/s: 1647
Iteration 0996 | train reward: 96.28 | best: 97.08 | KL: 1.153e-04 | std: 0.5391 | rollout: 39.648s | update: 1.796s | total: 41.444s | samples/s: 1544
Iteration 0997 | train reward: 97.61 | best: 97.61 | KL: 1.209e-04 | std: 0.5387 | rollout: 58.152s | update: 1.861s | total: 60.014s | samples/s: 1066
Iteration 0998 | train reward: 96.04 | best: 97.61 | KL: 1.423e-04 | std: 0.5387 | rollout: 44.623s | update: 1.377s | total: 46.000s | samples/s: 1391
Iteration 0999 | train reward: 95.93 | best: 97.61 | KL: 1.506e-04 | std: 0.5386 | rollout: 47.435s | update: 1.168s | total: 48.604s | samples/s: 1317
Iteration 1000 | train reward: 96.00 | best: 97.61 | KL: 1.276e-04 | std: 0.5376 | rollout: 49.187s | update: 1.167s | total: 50.354s | samples/s: 1271
Iteration 1001 | train reward: 96.36 | best: 97.61 | KL: 1.296e-04 | std: 0.5376 | rollout: 36.969s | update: 1.488s | total: 38.457s | samples/s: 1664
Iteration 1002 | train reward: 95.55 | best: 97.61 | KL: 1.229e-04 | std: 0.5377 | rollout: 47.248s | update: 1.507s | total: 48.755s | samples/s: 1313
Iteration 1003 | train reward: 95.42 | best: 97.61 | KL: 1.601e-04 | std: 0.5373 | rollout: 41.960s | update: 1.180s | total: 43.140s | samples/s: 1484
Iteration 1004 | train reward: 96.54 | best: 97.61 | KL: 1.253e-04 | std: 0.5373 | rollout: 32.077s | update: 0.955s | total: 33.031s | samples/s: 1938
Iteration 1005 | train reward: 93.95 | best: 97.61 | KL: 1.215e-04 | std: 0.5377 | rollout: 38.062s | update: 1.357s | total: 39.419s | samples/s: 1624
Iteration 1006 | train reward: 97.08 | best: 97.61 | KL: 1.093e-04 | std: 0.5377 | rollout: 49.964s | update: 1.630s | total: 51.594s | samples/s: 1240
Iteration 1007 | train reward: 95.87 | best: 97.61 | KL: 8.994e-05 | std: 0.5387 | rollout: 42.075s | update: 0.744s | total: 42.819s | samples/s: 1495
Iteration 1008 | train reward: 96.31 | best: 97.61 | KL: 1.008e-04 | std: 0.5390 | rollout: 33.333s | update: 1.441s | total: 34.774s | samples/s: 1840
Iteration 1009 | train reward: 96.15 | best: 97.61 | KL: 1.024e-04 | std: 0.5394 | rollout: 37.673s | update: 1.096s | total: 38.770s | samples/s: 1651
Iteration 1010 | train reward: 95.86 | best: 97.61 | KL: 1.494e-04 | std: 0.5394 | rollout: 42.523s | update: 0.786s | total: 43.309s | samples/s: 1478
Iteration 1011 | train reward: 97.22 | best: 97.61 | KL: 1.153e-04 | std: 0.5392 | rollout: 25.071s | update: 0.762s | total: 25.833s | samples/s: 2477
Iteration 1012 | train reward: 96.29 | best: 97.61 | KL: 1.252e-04 | std: 0.5390 | rollout: 25.192s | update: 0.945s | total: 26.137s | samples/s: 2449
Iteration 1013 | train reward: 96.57 | best: 97.61 | KL: 1.269e-04 | std: 0.5392 | rollout: 25.933s | update: 0.935s | total: 26.868s | samples/s: 2382
Iteration 1014 | train reward: 95.71 | best: 97.61 | KL: 1.063e-04 | std: 0.5392 | rollout: 26.957s | update: 1.115s | total: 28.072s | samples/s: 2280
Iteration 1015 | train reward: 96.45 | best: 97.61 | KL: 9.739e-05 | std: 0.5391 | rollout: 26.270s | update: 1.130s | total: 27.400s | samples/s: 2336
Iteration 1016 | train reward: 97.07 | best: 97.61 | KL: 1.001e-04 | std: 0.5390 | rollout: 27.317s | update: 1.152s | total: 28.469s | samples/s: 2248
Iteration 1017 | train reward: 97.07 | best: 97.61 | KL: 1.332e-04 | std: 0.5390 | rollout: 26.545s | update: 0.945s | total: 27.490s | samples/s: 2328
Iteration 1018 | train reward: 96.58 | best: 97.61 | KL: 1.366e-04 | std: 0.5387 | rollout: 27.366s | update: 1.272s | total: 28.638s | samples/s: 2235
Iteration 1019 | train reward: 96.32 | best: 97.61 | KL: 1.392e-04 | std: 0.5377 | rollout: 25.749s | update: 0.695s | total: 26.445s | samples/s: 2420
Iteration 1020 | train reward: 97.30 | best: 97.61 | KL: 1.189e-04 | std: 0.5386 | rollout: 25.190s | update: 0.849s | total: 26.039s | samples/s: 2458
Iteration 1021 | train reward: 95.90 | best: 97.61 | KL: 1.575e-04 | std: 0.5377 | rollout: 26.873s | update: 0.786s | total: 27.659s | samples/s: 2314
Iteration 1022 | train reward: 96.17 | best: 97.61 | KL: 1.023e-04 | std: 0.5377 | rollout: 23.712s | update: 0.658s | total: 24.370s | samples/s: 2626
Iteration 1023 | train reward: 96.77 | best: 97.61 | KL: 1.491e-04 | std: 0.5377 | rollout: 24.234s | update: 0.738s | total: 24.972s | samples/s: 2563
Iteration 1024 | train reward: 95.99 | best: 97.61 | KL: 1.143e-04 | std: 0.5377 | rollout: 84.325s | update: 1.702s | total: 86.027s | samples/s: 744
Iteration 1025 | train reward: 96.90 | best: 97.61 | KL: 9.296e-05 | std: 0.5376 | rollout: 31.461s | update: 0.992s | total: 32.454s | samples/s: 1972
Iteration 1026 | train reward: 95.31 | best: 97.61 | KL: 1.139e-04 | std: 0.5376 | rollout: 26.493s | update: 0.827s | total: 27.320s | samples/s: 2343
Iteration 1027 | train reward: 95.70 | best: 97.61 | KL: 1.287e-04 | std: 0.5373 | rollout: 25.057s | update: 1.083s | total: 26.139s | samples/s: 2448
Iteration 1028 | train reward: 96.81 | best: 97.61 | KL: 1.572e-04 | std: 0.5373 | rollout: 23.876s | update: 1.545s | total: 25.421s | samples/s: 2518
Iteration 1029 | train reward: 96.12 | best: 97.61 | KL: 1.142e-04 | std: 0.5370 | rollout: 18.979s | update: 0.254s | total: 19.233s | samples/s: 3328
Iteration 1030 | train reward: 96.90 | best: 97.61 | KL: 1.201e-04 | std: 0.5373 | rollout: 7.244s | update: 0.197s | total: 7.441s | samples/s: 8601
Iteration 1031 | train reward: 95.44 | best: 97.61 | KL: 1.152e-04 | std: 0.5376 | rollout: 6.909s | update: 0.241s | total: 7.150s | samples/s: 8951
Iteration 1032 | train reward: 94.25 | best: 97.61 | KL: 1.231e-04 | std: 0.5386 | rollout: 7.073s | update: 0.173s | total: 7.246s | samples/s: 8832
Iteration 1033 | train reward: 94.47 | best: 97.61 | KL: 1.267e-04 | std: 0.5386 | rollout: 7.244s | update: 0.145s | total: 7.389s | samples/s: 8662
Iteration 1034 | train reward: 96.23 | best: 97.61 | KL: 1.309e-04 | std: 0.5386 | rollout: 6.447s | update: 0.274s | total: 6.721s | samples/s: 9523
Iteration 1035 | train reward: 96.43 | best: 97.61 | KL: 1.698e-04 | std: 0.5387 | rollout: 6.282s | update: 0.231s | total: 6.513s | samples/s: 9827
Iteration 1036 | train reward: 95.69 | best: 97.61 | KL: 1.118e-04 | std: 0.5390 | rollout: 5.519s | update: 0.400s | total: 5.919s | samples/s: 10813
Iteration 1037 | train reward: 95.34 | best: 97.61 | KL: 1.278e-04 | std: 0.5390 | rollout: 5.968s | update: 0.305s | total: 6.274s | samples/s: 10201
Iteration 1038 | train reward: 96.03 | best: 97.61 | KL: 1.575e-04 | std: 0.5390 | rollout: 6.084s | update: 0.177s | total: 6.261s | samples/s: 10222
Iteration 1039 | train reward: 95.34 | best: 97.61 | KL: 1.419e-04 | std: 0.5391 | rollout: 5.824s | update: 0.135s | total: 5.959s | samples/s: 10740
Iteration 1040 | train reward: 95.73 | best: 97.61 | KL: 1.225e-04 | std: 0.5394 | rollout: 5.558s | update: 0.167s | total: 5.725s | samples/s: 11178
Iteration 1041 | train reward: 96.55 | best: 97.61 | KL: 1.157e-04 | std: 0.5392 | rollout: 6.183s | update: 0.195s | total: 6.378s | samples/s: 10034
Iteration 1042 | train reward: 95.96 | best: 97.61 | KL: 1.013e-04 | std: 0.5391 | rollout: 6.414s | update: 0.177s | total: 6.591s | samples/s: 9710
Iteration 1043 | train reward: 97.71 | best: 97.71 | KL: 1.463e-04 | std: 0.5390 | rollout: 6.383s | update: 0.318s | total: 6.700s | samples/s: 9552
Iteration 1044 | train reward: 95.29 | best: 97.71 | KL: 1.103e-04 | std: 0.5392 | rollout: 6.398s | update: 0.305s | total: 6.703s | samples/s: 9548
Iteration 1045 | train reward: 96.93 | best: 97.71 | KL: 1.388e-04 | std: 0.5406 | rollout: 5.696s | update: 0.317s | total: 6.013s | samples/s: 10643
Iteration 1046 | train reward: 96.46 | best: 97.71 | KL: 1.189e-04 | std: 0.5394 | rollout: 5.483s | update: 0.172s | total: 5.655s | samples/s: 11318
Iteration 1047 | train reward: 97.78 | best: 97.78 | KL: 1.574e-04 | std: 0.5394 | rollout: 5.833s | update: 0.378s | total: 6.211s | samples/s: 10304
Iteration 1048 | train reward: 95.24 | best: 97.78 | KL: 1.467e-04 | std: 0.5392 | rollout: 5.494s | update: 0.336s | total: 5.830s | samples/s: 10978
Iteration 1049 | train reward: 95.36 | best: 97.78 | KL: 1.359e-04 | std: 0.5391 | rollout: 5.330s | update: 0.198s | total: 5.528s | samples/s: 11577
Iteration 1050 | train reward: 96.01 | best: 97.78 | KL: 1.170e-04 | std: 0.5390 | rollout: 5.450s | update: 0.138s | total: 5.588s | samples/s: 11454
Iteration 1051 | train reward: 95.57 | best: 97.78 | KL: 1.028e-04 | std: 0.5390 | rollout: 5.472s | update: 0.152s | total: 5.624s | samples/s: 11379
Iteration 1052 | train reward: 97.64 | best: 97.78 | KL: 1.311e-04 | std: 0.5387 | rollout: 5.692s | update: 0.164s | total: 5.856s | samples/s: 10928
Iteration 1053 | train reward: 98.56 | best: 98.56 | KL: 9.553e-05 | std: 0.5389 | rollout: 5.733s | update: 0.171s | total: 5.903s | samples/s: 10841
Iteration 1054 | train reward: 96.59 | best: 98.56 | KL: 1.146e-04 | std: 0.5390 | rollout: 5.581s | update: 0.132s | total: 5.713s | samples/s: 11203
Iteration 1055 | train reward: 97.77 | best: 98.56 | KL: 1.379e-04 | std: 0.5391 | rollout: 5.453s | update: 0.148s | total: 5.601s | samples/s: 11428
Iteration 1056 | train reward: 96.98 | best: 98.56 | KL: 8.760e-05 | std: 0.5391 | rollout: 5.633s | update: 0.118s | total: 5.751s | samples/s: 11128
Iteration 1057 | train reward: 96.78 | best: 98.56 | KL: 1.719e-04 | std: 0.5387 | rollout: 5.685s | update: 0.132s | total: 5.817s | samples/s: 11003
Iteration 1058 | train reward: 97.45 | best: 98.56 | KL: 9.944e-05 | std: 0.5390 | rollout: 6.076s | update: 0.118s | total: 6.194s | samples/s: 10333
Iteration 1059 | train reward: 96.86 | best: 98.56 | KL: 1.141e-04 | std: 0.5390 | rollout: 5.793s | update: 0.112s | total: 5.905s | samples/s: 10838
Iteration 1060 | train reward: 96.74 | best: 98.56 | KL: 1.291e-04 | std: 0.5390 | rollout: 5.571s | update: 0.131s | total: 5.702s | samples/s: 11224
Iteration 1061 | train reward: 98.51 | best: 98.56 | KL: 1.449e-04 | std: 0.5391 | rollout: 5.862s | update: 0.130s | total: 5.992s | samples/s: 10680
Iteration 1062 | train reward: 96.40 | best: 98.56 | KL: 1.128e-04 | std: 0.5405 | rollout: 5.576s | update: 0.127s | total: 5.703s | samples/s: 11223
Iteration 1063 | train reward: 96.80 | best: 98.56 | KL: 1.128e-04 | std: 0.5405 | rollout: 5.574s | update: 0.129s | total: 5.703s | samples/s: 11221
Iteration 1064 | train reward: 95.15 | best: 98.56 | KL: 1.546e-04 | std: 0.5405 | rollout: 5.798s | update: 0.128s | total: 5.926s | samples/s: 10801
Iteration 1065 | train reward: 98.43 | best: 98.56 | KL: 1.366e-04 | std: 0.5406 | rollout: 5.940s | update: 0.153s | total: 6.093s | samples/s: 10504
Iteration 1066 | train reward: 97.26 | best: 98.56 | KL: 1.561e-04 | std: 0.5405 | rollout: 5.735s | update: 0.136s | total: 5.871s | samples/s: 10901
Iteration 1067 | train reward: 96.16 | best: 98.56 | KL: 1.013e-04 | std: 0.5394 | rollout: 5.612s | update: 0.132s | total: 5.744s | samples/s: 11143
Iteration 1068 | train reward: 97.22 | best: 98.56 | KL: 1.288e-04 | std: 0.5394 | rollout: 5.626s | update: 0.114s | total: 5.739s | samples/s: 11151
Iteration 1069 | train reward: 98.40 | best: 98.56 | KL: 1.286e-04 | std: 0.5391 | rollout: 5.616s | update: 0.120s | total: 5.736s | samples/s: 11158
Iteration 1070 | train reward: 98.16 | best: 98.56 | KL: 8.065e-05 | std: 0.5391 | rollout: 5.372s | update: 0.162s | total: 5.534s | samples/s: 11565
Iteration 1071 | train reward: 96.16 | best: 98.56 | KL: 1.453e-04 | std: 0.5394 | rollout: 5.395s | update: 0.192s | total: 5.587s | samples/s: 11455
Iteration 1072 | train reward: 94.39 | best: 98.56 | KL: 1.159e-04 | std: 0.5394 | rollout: 5.733s | update: 0.144s | total: 5.877s | samples/s: 10889
Iteration 1073 | train reward: 95.77 | best: 98.56 | KL: 1.259e-04 | std: 0.5391 | rollout: 5.864s | update: 0.197s | total: 6.061s | samples/s: 10559
Iteration 1074 | train reward: 97.10 | best: 98.56 | KL: 1.105e-04 | std: 0.5392 | rollout: 5.620s | update: 0.132s | total: 5.752s | samples/s: 11127
Iteration 1075 | train reward: 97.34 | best: 98.56 | KL: 1.270e-04 | std: 0.5405 | rollout: 6.023s | update: 0.174s | total: 6.198s | samples/s: 10327
Iteration 1076 | train reward: 96.18 | best: 98.56 | KL: 1.249e-04 | std: 0.5406 | rollout: 6.381s | update: 0.135s | total: 6.516s | samples/s: 9822
Iteration 1077 | train reward: 96.22 | best: 98.56 | KL: 1.099e-04 | std: 0.5408 | rollout: 5.960s | update: 0.136s | total: 6.096s | samples/s: 10498
Iteration 1078 | train reward: 96.47 | best: 98.56 | KL: 1.220e-04 | std: 0.5405 | rollout: 5.850s | update: 0.187s | total: 6.037s | samples/s: 10602
Iteration 1079 | train reward: 98.41 | best: 98.56 | KL: 1.660e-04 | std: 0.5406 | rollout: 5.889s | update: 0.168s | total: 6.057s | samples/s: 10565
Iteration 1080 | train reward: 97.21 | best: 98.56 | KL: 1.681e-04 | std: 0.5406 | rollout: 6.211s | update: 0.148s | total: 6.360s | samples/s: 10064
Iteration 1081 | train reward: 96.81 | best: 98.56 | KL: 1.284e-04 | std: 0.5405 | rollout: 6.219s | update: 0.144s | total: 6.363s | samples/s: 10057
Iteration 1082 | train reward: 98.39 | best: 98.56 | KL: 1.373e-04 | std: 0.5406 | rollout: 6.041s | update: 0.219s | total: 6.261s | samples/s: 10223
Iteration 1083 | train reward: 96.93 | best: 98.56 | KL: 1.212e-04 | std: 0.5406 | rollout: 5.612s | update: 0.219s | total: 5.831s | samples/s: 10976
Iteration 1084 | train reward: 97.69 | best: 98.56 | KL: 1.297e-04 | std: 0.5395 | rollout: 5.863s | update: 0.171s | total: 6.034s | samples/s: 10607
Iteration 1085 | train reward: 97.95 | best: 98.56 | KL: 1.423e-04 | std: 0.5395 | rollout: 5.930s | update: 0.133s | total: 6.063s | samples/s: 10555
Iteration 1086 | train reward: 98.16 | best: 98.56 | KL: 1.298e-04 | std: 0.5405 | rollout: 5.697s | update: 0.263s | total: 5.960s | samples/s: 10739
Iteration 1087 | train reward: 96.83 | best: 98.56 | KL: 1.367e-04 | std: 0.5394 | rollout: 6.384s | update: 0.263s | total: 6.647s | samples/s: 9628
Iteration 1088 | train reward: 98.17 | best: 98.56 | KL: 1.315e-04 | std: 0.5391 | rollout: 6.383s | update: 0.129s | total: 6.511s | samples/s: 9829
Iteration 1089 | train reward: 99.06 | best: 99.06 | KL: 1.362e-04 | std: 0.5389 | rollout: 6.238s | update: 0.202s | total: 6.441s | samples/s: 9937
Iteration 1090 | train reward: 98.47 | best: 99.06 | KL: 8.182e-05 | std: 0.5391 | rollout: 5.652s | update: 0.142s | total: 5.794s | samples/s: 11046
Iteration 1091 | train reward: 98.49 | best: 99.06 | KL: 1.093e-04 | std: 0.5392 | rollout: 5.777s | update: 0.235s | total: 6.012s | samples/s: 10645
Iteration 1092 | train reward: 97.05 | best: 99.06 | KL: 1.230e-04 | std: 0.5394 | rollout: 5.642s | update: 0.132s | total: 5.774s | samples/s: 11084
Iteration 1093 | train reward: 98.75 | best: 99.06 | KL: 1.331e-04 | std: 0.5391 | rollout: 5.619s | update: 0.126s | total: 5.745s | samples/s: 11141
Iteration 1094 | train reward: 98.82 | best: 99.06 | KL: 1.302e-04 | std: 0.5391 | rollout: 5.914s | update: 0.220s | total: 6.134s | samples/s: 10434
Iteration 1095 | train reward: 98.38 | best: 99.06 | KL: 1.526e-04 | std: 0.5391 | rollout: 5.616s | update: 0.278s | total: 5.894s | samples/s: 10859
Iteration 1096 | train reward: 97.20 | best: 99.06 | KL: 1.604e-04 | std: 0.5391 | rollout: 5.969s | update: 0.255s | total: 6.224s | samples/s: 10282
Iteration 1097 | train reward: 96.92 | best: 99.06 | KL: 1.305e-04 | std: 0.5386 | rollout: 5.545s | update: 0.160s | total: 5.705s | samples/s: 11218
Iteration 1098 | train reward: 98.77 | best: 99.06 | KL: 1.312e-04 | std: 0.5386 | rollout: 5.774s | update: 0.326s | total: 6.100s | samples/s: 10492
Iteration 1099 | train reward: 99.80 | best: 99.80 | KL: 9.552e-05 | std: 0.5377 | rollout: 5.559s | update: 0.157s | total: 5.716s | samples/s: 11197
Iteration 1100 | train reward: 98.73 | best: 99.80 | KL: 1.715e-04 | std: 0.5373 | rollout: 5.481s | update: 0.202s | total: 5.684s | samples/s: 11260
Iteration 1101 | train reward: 98.15 | best: 99.80 | KL: 1.545e-04 | std: 0.5370 | rollout: 6.069s | update: 0.191s | total: 6.260s | samples/s: 10224
Iteration 1102 | train reward: 98.42 | best: 99.80 | KL: 8.839e-05 | std: 0.5369 | rollout: 5.803s | update: 0.137s | total: 5.939s | samples/s: 10775
Iteration 1103 | train reward: 98.41 | best: 99.80 | KL: 1.339e-04 | std: 0.5366 | rollout: 5.869s | update: 0.257s | total: 6.126s | samples/s: 10447
Iteration 1104 | train reward: 99.22 | best: 99.80 | KL: 1.326e-04 | std: 0.5369 | rollout: 5.482s | update: 0.125s | total: 5.607s | samples/s: 11415
Iteration 1105 | train reward: 99.38 | best: 99.80 | KL: 1.027e-04 | std: 0.5366 | rollout: 5.545s | update: 0.163s | total: 5.708s | samples/s: 11212
Iteration 1106 | train reward: 98.61 | best: 99.80 | KL: 1.558e-04 | std: 0.5369 | rollout: 5.397s | update: 0.221s | total: 5.617s | samples/s: 11393
Iteration 1107 | train reward: 98.11 | best: 99.80 | KL: 1.076e-04 | std: 0.5370 | rollout: 6.242s | update: 0.153s | total: 6.395s | samples/s: 10008
Iteration 1108 | train reward: 98.73 | best: 99.80 | KL: 1.757e-04 | std: 0.5366 | rollout: 7.623s | update: 0.271s | total: 7.894s | samples/s: 8108
Iteration 1109 | train reward: 99.02 | best: 99.80 | KL: 1.042e-04 | std: 0.5366 | rollout: 6.608s | update: 0.283s | total: 6.891s | samples/s: 9287
Iteration 1110 | train reward: 98.74 | best: 99.80 | KL: 1.911e-04 | std: 0.5355 | rollout: 6.624s | update: 0.154s | total: 6.778s | samples/s: 9443
Iteration 1111 | train reward: 99.29 | best: 99.80 | KL: 1.341e-04 | std: 0.5366 | rollout: 6.883s | update: 0.291s | total: 7.174s | samples/s: 8921
Iteration 1112 | train reward: 100.34 | best: 100.34 | KL: 1.316e-04 | std: 0.5366 | rollout: 6.663s | update: 0.169s | total: 6.832s | samples/s: 9367
Iteration 1113 | train reward: 99.66 | best: 100.34 | KL: 1.442e-04 | std: 0.5352 | rollout: 6.305s | update: 0.198s | total: 6.502s | samples/s: 9843
Iteration 1114 | train reward: 97.92 | best: 100.34 | KL: 1.286e-04 | std: 0.5352 | rollout: 6.222s | update: 0.200s | total: 6.422s | samples/s: 9966
Iteration 1115 | train reward: 98.64 | best: 100.34 | KL: 1.175e-04 | std: 0.5351 | rollout: 5.960s | update: 0.156s | total: 6.116s | samples/s: 10464
Iteration 1116 | train reward: 97.93 | best: 100.34 | KL: 1.595e-04 | std: 0.5352 | rollout: 5.714s | update: 0.156s | total: 5.870s | samples/s: 10903
Iteration 1117 | train reward: 99.77 | best: 100.34 | KL: 1.214e-04 | std: 0.5348 | rollout: 6.136s | update: 0.219s | total: 6.355s | samples/s: 10071
Iteration 1118 | train reward: 100.26 | best: 100.34 | KL: 1.370e-04 | std: 0.5334 | rollout: 6.820s | update: 0.170s | total: 6.991s | samples/s: 9155
Iteration 1119 | train reward: 99.54 | best: 100.34 | KL: 1.245e-04 | std: 0.5337 | rollout: 5.835s | update: 0.327s | total: 6.161s | samples/s: 10387
Iteration 1120 | train reward: 100.05 | best: 100.34 | KL: 1.472e-04 | std: 0.5336 | rollout: 6.145s | update: 0.139s | total: 6.285s | samples/s: 10184
Iteration 1121 | train reward: 99.73 | best: 100.34 | KL: 1.271e-04 | std: 0.5334 | rollout: 5.496s | update: 0.252s | total: 5.748s | samples/s: 11135
Iteration 1122 | train reward: 99.32 | best: 100.34 | KL: 1.398e-04 | std: 0.5337 | rollout: 5.507s | update: 0.145s | total: 5.652s | samples/s: 11323
Iteration 1123 | train reward: 99.08 | best: 100.34 | KL: 1.298e-04 | std: 0.5336 | rollout: 6.225s | update: 0.134s | total: 6.359s | samples/s: 10064
Iteration 1124 | train reward: 98.62 | best: 100.34 | KL: 1.095e-04 | std: 0.5334 | rollout: 6.003s | update: 0.136s | total: 6.139s | samples/s: 10425
Iteration 1125 | train reward: 100.70 | best: 100.70 | KL: 1.860e-04 | std: 0.5337 | rollout: 6.453s | update: 0.137s | total: 6.590s | samples/s: 9712
Iteration 1126 | train reward: 100.57 | best: 100.70 | KL: 1.683e-04 | std: 0.5334 | rollout: 6.128s | update: 0.276s | total: 6.404s | samples/s: 9993
Iteration 1127 | train reward: 98.74 | best: 100.70 | KL: 2.394e-04 | std: 0.5330 | rollout: 6.353s | update: 0.406s | total: 6.759s | samples/s: 9469
Iteration 1128 | train reward: 99.62 | best: 100.70 | KL: 1.327e-04 | std: 0.5333 | rollout: 6.327s | update: 0.441s | total: 6.769s | samples/s: 9455
Iteration 1129 | train reward: 99.61 | best: 100.70 | KL: 1.273e-04 | std: 0.5333 | rollout: 5.807s | update: 0.186s | total: 5.993s | samples/s: 10678
Iteration 1130 | train reward: 97.82 | best: 100.70 | KL: 1.746e-04 | std: 0.5331 | rollout: 6.094s | update: 0.206s | total: 6.300s | samples/s: 10159
Iteration 1131 | train reward: 99.56 | best: 100.70 | KL: 1.144e-04 | std: 0.5331 | rollout: 5.747s | update: 0.376s | total: 6.122s | samples/s: 10454
Iteration 1132 | train reward: 100.87 | best: 100.87 | KL: 1.382e-04 | std: 0.5333 | rollout: 6.079s | update: 0.185s | total: 6.265s | samples/s: 10216
Iteration 1133 | train reward: 100.88 | best: 100.88 | KL: 1.482e-04 | std: 0.5330 | rollout: 5.887s | update: 0.139s | total: 6.026s | samples/s: 10620
Iteration 1134 | train reward: 99.44 | best: 100.88 | KL: 1.313e-04 | std: 0.5317 | rollout: 5.989s | update: 0.235s | total: 6.224s | samples/s: 10282
Iteration 1135 | train reward: 98.85 | best: 100.88 | KL: 1.425e-04 | std: 0.5316 | rollout: 6.036s | update: 0.266s | total: 6.303s | samples/s: 10155
Iteration 1136 | train reward: 99.94 | best: 100.88 | KL: 1.271e-04 | std: 0.5313 | rollout: 6.015s | update: 0.151s | total: 6.165s | samples/s: 10381
Iteration 1137 | train reward: 101.32 | best: 101.32 | KL: 1.406e-04 | std: 0.5312 | rollout: 5.603s | update: 0.156s | total: 5.759s | samples/s: 11113
Iteration 1138 | train reward: 100.27 | best: 101.32 | KL: 1.690e-04 | std: 0.5313 | rollout: 5.419s | update: 0.140s | total: 5.560s | samples/s: 11512
Iteration 1139 | train reward: 99.76 | best: 101.32 | KL: 1.197e-04 | std: 0.5309 | rollout: 5.440s | update: 0.159s | total: 5.598s | samples/s: 11432
Iteration 1140 | train reward: 101.62 | best: 101.62 | KL: 1.960e-04 | std: 0.5298 | rollout: 5.288s | update: 0.152s | total: 5.440s | samples/s: 11765
Iteration 1141 | train reward: 100.30 | best: 101.62 | KL: 1.436e-04 | std: 0.5294 | rollout: 5.451s | update: 0.168s | total: 5.619s | samples/s: 11390
Iteration 1142 | train reward: 101.03 | best: 101.62 | KL: 1.127e-04 | std: 0.5295 | rollout: 5.803s | update: 0.177s | total: 5.980s | samples/s: 10703
Iteration 1143 | train reward: 99.73 | best: 101.62 | KL: 1.378e-04 | std: 0.5294 | rollout: 5.586s | update: 0.193s | total: 5.778s | samples/s: 11076
Iteration 1144 | train reward: 100.28 | best: 101.62 | KL: 1.571e-04 | std: 0.5298 | rollout: 5.423s | update: 0.174s | total: 5.597s | samples/s: 11435
Iteration 1145 | train reward: 100.47 | best: 101.62 | KL: 1.846e-04 | std: 0.5297 | rollout: 5.619s | update: 0.147s | total: 5.766s | samples/s: 11099
Iteration 1146 | train reward: 101.45 | best: 101.62 | KL: 1.566e-04 | std: 0.5292 | rollout: 5.539s | update: 0.154s | total: 5.693s | samples/s: 11243
Iteration 1147 | train reward: 101.65 | best: 101.65 | KL: 1.166e-04 | std: 0.5289 | rollout: 5.638s | update: 0.181s | total: 5.819s | samples/s: 10998
Iteration 1148 | train reward: 99.69 | best: 101.65 | KL: 1.262e-04 | std: 0.5289 | rollout: 5.801s | update: 0.148s | total: 5.949s | samples/s: 10757
Iteration 1149 | train reward: 101.02 | best: 101.65 | KL: 1.148e-04 | std: 0.5288 | rollout: 5.978s | update: 0.144s | total: 6.122s | samples/s: 10454
Iteration 1150 | train reward: 100.60 | best: 101.65 | KL: 1.479e-04 | std: 0.5277 | rollout: 5.387s | update: 0.140s | total: 5.528s | samples/s: 11578
Iteration 1151 | train reward: 101.24 | best: 101.65 | KL: 1.085e-04 | std: 0.5289 | rollout: 6.091s | update: 0.264s | total: 6.355s | samples/s: 10071
Iteration 1152 | train reward: 100.84 | best: 101.65 | KL: 1.391e-04 | std: 0.5288 | rollout: 5.590s | update: 0.283s | total: 5.874s | samples/s: 10896
Iteration 1153 | train reward: 101.41 | best: 101.65 | KL: 1.022e-04 | std: 0.5291 | rollout: 5.644s | update: 0.154s | total: 5.798s | samples/s: 11038
Iteration 1154 | train reward: 100.12 | best: 101.65 | KL: 1.711e-04 | std: 0.5292 | rollout: 5.483s | update: 0.156s | total: 5.638s | samples/s: 11351
Iteration 1155 | train reward: 100.70 | best: 101.65 | KL: 1.895e-04 | std: 0.5295 | rollout: 5.374s | update: 0.143s | total: 5.518s | samples/s: 11599
Iteration 1156 | train reward: 102.02 | best: 102.02 | KL: 1.559e-04 | std: 0.5294 | rollout: 5.535s | update: 0.140s | total: 5.675s | samples/s: 11278
Iteration 1157 | train reward: 101.86 | best: 102.02 | KL: 1.448e-04 | std: 0.5294 | rollout: 5.807s | update: 0.144s | total: 5.951s | samples/s: 10754
Iteration 1158 | train reward: 100.17 | best: 102.02 | KL: 1.373e-04 | std: 0.5292 | rollout: 5.771s | update: 0.283s | total: 6.054s | samples/s: 10571
Iteration 1159 | train reward: 101.27 | best: 102.02 | KL: 1.605e-04 | std: 0.5294 | rollout: 5.786s | update: 0.145s | total: 5.931s | samples/s: 10791
Iteration 1160 | train reward: 100.80 | best: 102.02 | KL: 1.457e-04 | std: 0.5294 | rollout: 5.621s | update: 0.142s | total: 5.764s | samples/s: 11104
Iteration 1161 | train reward: 101.51 | best: 102.02 | KL: 1.552e-04 | std: 0.5291 | rollout: 5.812s | update: 0.139s | total: 5.951s | samples/s: 10754
Iteration 1162 | train reward: 100.78 | best: 102.02 | KL: 1.229e-04 | std: 0.5292 | rollout: 5.574s | update: 0.194s | total: 5.768s | samples/s: 11096
Iteration 1163 | train reward: 100.97 | best: 102.02 | KL: 1.247e-04 | std: 0.5289 | rollout: 6.048s | update: 0.240s | total: 6.287s | samples/s: 10179
Iteration 1164 | train reward: 100.85 | best: 102.02 | KL: 1.627e-04 | std: 0.5289 | rollout: 5.448s | update: 0.143s | total: 5.591s | samples/s: 11446
Iteration 1165 | train reward: 100.79 | best: 102.02 | KL: 2.131e-04 | std: 0.5288 | rollout: 5.533s | update: 0.218s | total: 5.751s | samples/s: 11128
Iteration 1166 | train reward: 100.84 | best: 102.02 | KL: 1.717e-04 | std: 0.5277 | rollout: 5.818s | update: 0.299s | total: 6.117s | samples/s: 10463
Iteration 1167 | train reward: 102.44 | best: 102.44 | KL: 1.379e-04 | std: 0.5278 | rollout: 5.328s | update: 0.142s | total: 5.470s | samples/s: 11700
Iteration 1168 | train reward: 102.08 | best: 102.44 | KL: 1.445e-04 | std: 0.5288 | rollout: 5.387s | update: 0.141s | total: 5.528s | samples/s: 11578
Iteration 1169 | train reward: 102.03 | best: 102.44 | KL: 1.744e-04 | std: 0.5277 | rollout: 5.488s | update: 0.148s | total: 5.636s | samples/s: 11356
Iteration 1170 | train reward: 100.68 | best: 102.44 | KL: 1.119e-04 | std: 0.5277 | rollout: 5.361s | update: 0.163s | total: 5.524s | samples/s: 11586
Iteration 1171 | train reward: 100.28 | best: 102.44 | KL: 1.613e-04 | std: 0.5275 | rollout: 6.072s | update: 0.270s | total: 6.342s | samples/s: 10091
Iteration 1172 | train reward: 101.13 | best: 102.44 | KL: 1.438e-04 | std: 0.5273 | rollout: 5.575s | update: 0.155s | total: 5.730s | samples/s: 11169
Iteration 1173 | train reward: 99.73 | best: 102.44 | KL: 1.157e-04 | std: 0.5272 | rollout: 5.396s | update: 0.148s | total: 5.544s | samples/s: 11544
Iteration 1174 | train reward: 101.34 | best: 102.44 | KL: 1.355e-04 | std: 0.5272 | rollout: 5.370s | update: 0.143s | total: 5.512s | samples/s: 11610
Iteration 1175 | train reward: 99.69 | best: 102.44 | KL: 1.163e-04 | std: 0.5270 | rollout: 5.514s | update: 0.186s | total: 5.700s | samples/s: 11227
Iteration 1176 | train reward: 100.16 | best: 102.44 | KL: 1.286e-04 | std: 0.5273 | rollout: 5.770s | update: 0.213s | total: 5.983s | samples/s: 10698
Iteration 1177 | train reward: 100.48 | best: 102.44 | KL: 1.542e-04 | std: 0.5274 | rollout: 6.097s | update: 0.138s | total: 6.235s | samples/s: 10265
Iteration 1178 | train reward: 100.89 | best: 102.44 | KL: 1.195e-04 | std: 0.5272 | rollout: 5.648s | update: 0.147s | total: 5.796s | samples/s: 11043
Iteration 1179 | train reward: 99.54 | best: 102.44 | KL: 1.486e-04 | std: 0.5259 | rollout: 6.265s | update: 0.129s | total: 6.394s | samples/s: 10009
Iteration 1180 | train reward: 100.97 | best: 102.44 | KL: 1.430e-04 | std: 0.5269 | rollout: 5.733s | update: 0.220s | total: 5.953s | samples/s: 10750
Iteration 1181 | train reward: 100.93 | best: 102.44 | KL: 1.687e-04 | std: 0.5270 | rollout: 5.378s | update: 0.112s | total: 5.490s | samples/s: 11657
Iteration 1182 | train reward: 102.32 | best: 102.44 | KL: 1.554e-04 | std: 0.5259 | rollout: 5.518s | update: 0.197s | total: 5.715s | samples/s: 11198
Iteration 1183 | train reward: 102.24 | best: 102.44 | KL: 1.669e-04 | std: 0.5259 | rollout: 5.626s | update: 0.118s | total: 5.744s | samples/s: 11142
Iteration 1184 | train reward: 100.98 | best: 102.44 | KL: 1.454e-04 | std: 0.5272 | rollout: 5.811s | update: 0.106s | total: 5.917s | samples/s: 10816
Iteration 1185 | train reward: 100.75 | best: 102.44 | KL: 1.698e-04 | std: 0.5275 | rollout: 5.387s | update: 0.110s | total: 5.497s | samples/s: 11642
Iteration 1186 | train reward: 100.61 | best: 102.44 | KL: 1.260e-04 | std: 0.5274 | rollout: 5.696s | update: 0.132s | total: 5.828s | samples/s: 10982
Iteration 1187 | train reward: 100.51 | best: 102.44 | KL: 1.622e-04 | std: 0.5275 | rollout: 5.725s | update: 0.145s | total: 5.870s | samples/s: 10902
Iteration 1188 | train reward: 100.20 | best: 102.44 | KL: 1.531e-04 | std: 0.5273 | rollout: 5.595s | update: 0.189s | total: 5.784s | samples/s: 11065
Iteration 1189 | train reward: 102.14 | best: 102.44 | KL: 1.376e-04 | std: 0.5269 | rollout: 5.553s | update: 0.156s | total: 5.708s | samples/s: 11212
Iteration 1190 | train reward: 101.05 | best: 102.44 | KL: 1.691e-04 | std: 0.5258 | rollout: 5.638s | update: 0.146s | total: 5.783s | samples/s: 11067
Iteration 1191 | train reward: 102.31 | best: 102.44 | KL: 1.840e-04 | std: 0.5255 | rollout: 6.597s | update: 0.163s | total: 6.760s | samples/s: 9468
Iteration 1192 | train reward: 100.90 | best: 102.44 | KL: 1.065e-04 | std: 0.5255 | rollout: 6.720s | update: 0.280s | total: 7.000s | samples/s: 9143
Iteration 1193 | train reward: 100.39 | best: 102.44 | KL: 1.671e-04 | std: 0.5255 | rollout: 5.810s | update: 0.130s | total: 5.941s | samples/s: 10773
Iteration 1194 | train reward: 100.46 | best: 102.44 | KL: 1.423e-04 | std: 0.5253 | rollout: 5.442s | update: 0.229s | total: 5.671s | samples/s: 11285
Iteration 1195 | train reward: 101.14 | best: 102.44 | KL: 1.692e-04 | std: 0.5250 | rollout: 5.426s | update: 0.129s | total: 5.555s | samples/s: 11521
Iteration 1196 | train reward: 100.72 | best: 102.44 | KL: 1.467e-04 | std: 0.5238 | rollout: 5.496s | update: 0.129s | total: 5.625s | samples/s: 11378
Iteration 1197 | train reward: 99.91 | best: 102.44 | KL: 2.038e-04 | std: 0.5235 | rollout: 5.837s | update: 0.112s | total: 5.948s | samples/s: 10759
Iteration 1198 | train reward: 100.71 | best: 102.44 | KL: 1.470e-04 | std: 0.5234 | rollout: 4.363s | update: 0.484s | total: 4.847s | samples/s: 13205
Iteration 1199 | train reward: 101.32 | best: 102.44 | KL: 2.115e-04 | std: 0.5231 | rollout: 2.085s | update: 0.103s | total: 2.188s | samples/s: 29250
training time 9563.55s
