Device       : cpu

========== GPOMDP LOSS ==========
states shape  = (128, 30, 11)
actions shape = (128, 30, 3)
rewards shape = (128, 30)
returns shape = (128, 30)
mask shape    = (128, 30)
log_probs shape = (128, 30)
valid steps = 1730
objective = 0.024011
loss = -0.024011
========== END GPOMDP DEBUG ==========


========== NPG PRECONDITIONING ==========
Fisher condition number  : 1.006e+03
||nat_g|| / ||g||        : 0.850
========== END NPG DEBUG ==========

/Users/adelella/Documents/Useful/More/pj/vanilla-policy-gradient/vpg/train.py:127: UserWarning: Converting a tensor with requires_grad=True to a scalar may lead to unexpected behavior.
Consider using tensor.detach() first. (Triggered internally at /Users/runner/work/pytorch/pytorch/torch/csrc/autograd/generated/python_variable_methods.cpp:839.)
  return float(torch.cat(grads).norm())
Iteration 0000 | train reward: 6.31 | best: 6.31 | KL: 4.906e-05 | std: 0.6065 | rollout: 0.760s | update: 0.114s | total: 0.874s | samples/s: 1981
Iteration 0001 | train reward: 6.09 | best: 6.31 | KL: 5.445e-05 | std: 0.6069 | rollout: 0.658s | update: 0.005s | total: 0.664s | samples/s: 2622
Iteration 0002 | train reward: 6.12 | best: 6.31 | KL: 4.197e-05 | std: 0.6067 | rollout: 0.759s | update: 0.007s | total: 0.765s | samples/s: 2172
Iteration 0003 | train reward: 6.80 | best: 6.80 | KL: 4.853e-05 | std: 0.6069 | rollout: 0.722s | update: 0.007s | total: 0.729s | samples/s: 2420
Iteration 0004 | train reward: 6.82 | best: 6.82 | KL: 6.392e-05 | std: 0.6068 | rollout: 0.728s | update: 0.072s | total: 0.799s | samples/s: 2214
Iteration 0005 | train reward: 6.95 | best: 6.95 | KL: 7.625e-05 | std: 0.6068 | rollout: 0.721s | update: 0.010s | total: 0.731s | samples/s: 2590
Iteration 0006 | train reward: 6.54 | best: 6.95 | KL: 3.955e-05 | std: 0.6072 | rollout: 0.715s | update: 0.038s | total: 0.752s | samples/s: 2367
Iteration 0007 | train reward: 6.91 | best: 6.95 | KL: 4.309e-05 | std: 0.6071 | rollout: 0.716s | update: 0.040s | total: 0.756s | samples/s: 2430
Iteration 0008 | train reward: 7.06 | best: 7.06 | KL: 4.725e-05 | std: 0.6069 | rollout: 0.759s | update: 0.051s | total: 0.811s | samples/s: 2271
Iteration 0009 | train reward: 7.20 | best: 7.20 | KL: 5.799e-05 | std: 0.6071 | rollout: 0.803s | update: 0.008s | total: 0.811s | samples/s: 2246
Iteration 0010 | train reward: 6.81 | best: 7.20 | KL: 4.301e-05 | std: 0.6073 | rollout: 0.707s | update: 0.018s | total: 0.725s | samples/s: 2503
Iteration 0011 | train reward: 7.94 | best: 7.94 | KL: 7.004e-05 | std: 0.6074 | rollout: 0.646s | update: 0.029s | total: 0.675s | samples/s: 2811
Iteration 0012 | train reward: 7.34 | best: 7.94 | KL: 4.790e-05 | std: 0.6074 | rollout: 0.764s | update: 0.023s | total: 0.786s | samples/s: 2433
Iteration 0013 | train reward: 8.10 | best: 8.10 | KL: 5.251e-05 | std: 0.6074 | rollout: 0.796s | update: 0.058s | total: 0.854s | samples/s: 2248
Iteration 0014 | train reward: 8.14 | best: 8.14 | KL: 4.824e-05 | std: 0.6073 | rollout: 0.696s | update: 0.037s | total: 0.733s | samples/s: 2671
Iteration 0015 | train reward: 8.81 | best: 8.81 | KL: 7.969e-05 | std: 0.6076 | rollout: 0.805s | update: 0.029s | total: 0.834s | samples/s: 2425
Iteration 0016 | train reward: 7.86 | best: 8.81 | KL: 6.045e-05 | std: 0.6077 | rollout: 0.714s | update: 0.030s | total: 0.744s | samples/s: 2527
Iteration 0017 | train reward: 7.56 | best: 8.81 | KL: 4.666e-05 | std: 0.6082 | rollout: 0.672s | update: 0.007s | total: 0.679s | samples/s: 2705
Iteration 0018 | train reward: 8.14 | best: 8.81 | KL: 7.356e-05 | std: 0.6083 | rollout: 0.818s | update: 0.055s | total: 0.873s | samples/s: 2172
Iteration 0019 | train reward: 10.13 | best: 10.13 | KL: 7.943e-05 | std: 0.6085 | rollout: 1.124s | update: 0.010s | total: 1.133s | samples/s: 1848
Iteration 0020 | train reward: 10.41 | best: 10.41 | KL: 3.364e-05 | std: 0.6086 | rollout: 1.143s | update: 0.015s | total: 1.158s | samples/s: 1824
Iteration 0021 | train reward: 9.44 | best: 10.41 | KL: 6.486e-05 | std: 0.6089 | rollout: 0.834s | update: 0.073s | total: 0.907s | samples/s: 2300
Iteration 0022 | train reward: 10.04 | best: 10.41 | KL: 7.626e-05 | std: 0.6087 | rollout: 0.887s | update: 0.054s | total: 0.940s | samples/s: 2279
Iteration 0023 | train reward: 10.71 | best: 10.71 | KL: 5.853e-05 | std: 0.6089 | rollout: 1.352s | update: 0.021s | total: 1.373s | samples/s: 1566
Iteration 0024 | train reward: 11.79 | best: 11.79 | KL: 8.154e-05 | std: 0.6090 | rollout: 1.324s | update: 0.058s | total: 1.382s | samples/s: 1559
Iteration 0025 | train reward: 11.62 | best: 11.79 | KL: 5.743e-05 | std: 0.6091 | rollout: 1.310s | update: 0.091s | total: 1.401s | samples/s: 1589
Iteration 0026 | train reward: 12.07 | best: 12.07 | KL: 8.684e-05 | std: 0.6086 | rollout: 1.080s | update: 0.060s | total: 1.140s | samples/s: 1977
Iteration 0027 | train reward: 12.28 | best: 12.28 | KL: 5.144e-05 | std: 0.6086 | rollout: 1.116s | update: 0.034s | total: 1.151s | samples/s: 1954
Iteration 0028 | train reward: 13.07 | best: 13.07 | KL: 6.275e-05 | std: 0.6083 | rollout: 1.392s | update: 0.011s | total: 1.403s | samples/s: 1679
Iteration 0029 | train reward: 13.49 | best: 13.49 | KL: 8.064e-05 | std: 0.6085 | rollout: 1.647s | update: 0.060s | total: 1.707s | samples/s: 1340
Iteration 0030 | train reward: 13.38 | best: 13.49 | KL: 4.866e-05 | std: 0.6081 | rollout: 1.373s | update: 0.020s | total: 1.394s | samples/s: 1626
Iteration 0031 | train reward: 15.44 | best: 15.44 | KL: 1.032e-04 | std: 0.6084 | rollout: 1.596s | update: 0.025s | total: 1.622s | samples/s: 1526
Iteration 0032 | train reward: 13.90 | best: 15.44 | KL: 5.184e-05 | std: 0.6083 | rollout: 1.556s | update: 0.009s | total: 1.565s | samples/s: 1528
Iteration 0033 | train reward: 19.89 | best: 19.89 | KL: 6.563e-05 | std: 0.6085 | rollout: 2.355s | update: 0.032s | total: 2.386s | samples/s: 1167
Iteration 0034 | train reward: 16.50 | best: 19.89 | KL: 6.398e-05 | std: 0.6083 | rollout: 1.633s | update: 0.010s | total: 1.643s | samples/s: 1574
Iteration 0035 | train reward: 17.04 | best: 19.89 | KL: 5.656e-05 | std: 0.6083 | rollout: 1.834s | update: 0.016s | total: 1.850s | samples/s: 1399
Iteration 0036 | train reward: 17.55 | best: 19.89 | KL: 7.695e-05 | std: 0.6080 | rollout: 1.429s | update: 0.012s | total: 1.441s | samples/s: 1841
Iteration 0037 | train reward: 18.40 | best: 19.89 | KL: 7.093e-05 | std: 0.6079 | rollout: 1.888s | update: 0.044s | total: 1.932s | samples/s: 1371
Iteration 0038 | train reward: 19.42 | best: 19.89 | KL: 5.969e-05 | std: 0.6077 | rollout: 1.878s | update: 0.018s | total: 1.896s | samples/s: 1441
Iteration 0039 | train reward: 18.93 | best: 19.89 | KL: 6.597e-05 | std: 0.6076 | rollout: 1.938s | update: 0.052s | total: 1.990s | samples/s: 1359
Iteration 0040 | train reward: 17.76 | best: 19.89 | KL: 5.412e-05 | std: 0.6075 | rollout: 1.784s | update: 0.049s | total: 1.832s | samples/s: 1491
Iteration 0041 | train reward: 25.12 | best: 25.12 | KL: 8.542e-05 | std: 0.6069 | rollout: 2.211s | update: 0.044s | total: 2.255s | samples/s: 1344
Iteration 0042 | train reward: 16.81 | best: 25.12 | KL: 6.657e-05 | std: 0.6072 | rollout: 1.601s | update: 0.013s | total: 1.614s | samples/s: 1605
Iteration 0043 | train reward: 24.12 | best: 25.12 | KL: 7.019e-05 | std: 0.6069 | rollout: 1.950s | update: 0.019s | total: 1.969s | samples/s: 1552
Iteration 0044 | train reward: 30.39 | best: 30.39 | KL: 1.065e-04 | std: 0.6068 | rollout: 2.436s | update: 0.015s | total: 2.451s | samples/s: 1405
Iteration 0045 | train reward: 29.93 | best: 30.39 | KL: 9.636e-05 | std: 0.6066 | rollout: 2.731s | update: 0.101s | total: 2.832s | samples/s: 1185
Iteration 0046 | train reward: 29.57 | best: 30.39 | KL: 8.790e-05 | std: 0.6059 | rollout: 2.256s | update: 0.049s | total: 2.305s | samples/s: 1473
Iteration 0047 | train reward: 26.65 | best: 30.39 | KL: 8.414e-05 | std: 0.6055 | rollout: 2.126s | update: 0.017s | total: 2.142s | samples/s: 1522
Iteration 0048 | train reward: 32.46 | best: 32.46 | KL: 1.033e-04 | std: 0.6049 | rollout: 2.267s | update: 0.015s | total: 2.282s | samples/s: 1539
Iteration 0049 | train reward: 35.89 | best: 35.89 | KL: 1.148e-04 | std: 0.6040 | rollout: 2.152s | update: 0.011s | total: 2.163s | samples/s: 1732
Iteration 0050 | train reward: 41.74 | best: 41.74 | KL: 1.221e-04 | std: 0.6037 | rollout: 2.456s | update: 0.033s | total: 2.489s | samples/s: 1656
Iteration 0051 | train reward: 48.05 | best: 48.05 | KL: 1.775e-04 | std: 0.6035 | rollout: 2.869s | update: 0.020s | total: 2.889s | samples/s: 1566
Iteration 0052 | train reward: 43.31 | best: 48.05 | KL: 1.400e-04 | std: 0.6031 | rollout: 3.122s | update: 0.041s | total: 3.163s | samples/s: 1339
Iteration 0053 | train reward: 47.08 | best: 48.05 | KL: 1.405e-04 | std: 0.6027 | rollout: 2.372s | update: 0.150s | total: 2.522s | samples/s: 1795
Iteration 0054 | train reward: 43.48 | best: 48.05 | KL: 1.353e-04 | std: 0.6022 | rollout: 2.733s | update: 0.021s | total: 2.755s | samples/s: 1552
Iteration 0055 | train reward: 63.34 | best: 63.34 | KL: 1.430e-04 | std: 0.6010 | rollout: 3.002s | update: 0.041s | total: 3.043s | samples/s: 1826
Iteration 0056 | train reward: 63.34 | best: 63.34 | KL: 1.632e-04 | std: 0.6003 | rollout: 2.589s | update: 0.030s | total: 2.620s | samples/s: 2097
Iteration 0057 | train reward: 56.70 | best: 63.34 | KL: 1.881e-04 | std: 0.6002 | rollout: 2.725s | update: 0.097s | total: 2.822s | samples/s: 1814
Iteration 0058 | train reward: 66.38 | best: 66.38 | KL: 1.993e-04 | std: 0.6000 | rollout: 2.657s | update: 0.015s | total: 2.673s | samples/s: 2100
Iteration 0059 | train reward: 64.55 | best: 66.38 | KL: 1.823e-04 | std: 0.5996 | rollout: 2.797s | update: 0.097s | total: 2.894s | samples/s: 1914
Iteration 0060 | train reward: 81.29 | best: 81.29 | KL: 2.042e-04 | std: 0.5984 | rollout: 3.113s | update: 0.147s | total: 3.261s | samples/s: 2000
Iteration 0061 | train reward: 78.75 | best: 81.29 | KL: 1.917e-04 | std: 0.5973 | rollout: 3.240s | update: 0.125s | total: 3.365s | samples/s: 1876
Iteration 0062 | train reward: 76.54 | best: 81.29 | KL: 2.318e-04 | std: 0.5964 | rollout: 2.850s | update: 0.015s | total: 2.866s | samples/s: 2175
Iteration 0063 | train reward: 86.74 | best: 86.74 | KL: 2.079e-04 | std: 0.5959 | rollout: 3.384s | update: 0.053s | total: 3.437s | samples/s: 2015
Iteration 0064 | train reward: 91.76 | best: 91.76 | KL: 2.066e-04 | std: 0.5957 | rollout: 3.230s | update: 0.124s | total: 3.354s | samples/s: 2113
Iteration 0065 | train reward: 96.95 | best: 96.95 | KL: 2.443e-04 | std: 0.5956 | rollout: 3.104s | update: 0.035s | total: 3.139s | samples/s: 2362
Iteration 0066 | train reward: 97.45 | best: 97.45 | KL: 2.427e-04 | std: 0.5941 | rollout: 3.228s | update: 0.110s | total: 3.338s | samples/s: 2216
Iteration 0067 | train reward: 112.09 | best: 112.09 | KL: 2.278e-04 | std: 0.5937 | rollout: 3.700s | update: 0.026s | total: 3.726s | samples/s: 2200
Iteration 0068 | train reward: 126.50 | best: 126.50 | KL: 2.828e-04 | std: 0.5924 | rollout: 3.391s | update: 0.067s | total: 3.458s | samples/s: 2545
Iteration 0069 | train reward: 140.27 | best: 140.27 | KL: 2.440e-04 | std: 0.5908 | rollout: 3.564s | update: 0.025s | total: 3.589s | samples/s: 2679
Iteration 0070 | train reward: 130.02 | best: 140.27 | KL: 3.038e-04 | std: 0.5894 | rollout: 3.224s | update: 0.032s | total: 3.256s | samples/s: 2800
Iteration 0071 | train reward: 144.05 | best: 144.05 | KL: 2.579e-04 | std: 0.5892 | rollout: 3.444s | update: 0.055s | total: 3.499s | samples/s: 2796
Iteration 0072 | train reward: 142.59 | best: 144.05 | KL: 2.786e-04 | std: 0.5879 | rollout: 3.263s | update: 0.029s | total: 3.292s | samples/s: 2999
Iteration 0073 | train reward: 149.79 | best: 149.79 | KL: 3.349e-04 | std: 0.5876 | rollout: 3.132s | update: 0.052s | total: 3.184s | samples/s: 3154
Iteration 0074 | train reward: 152.84 | best: 152.84 | KL: 2.713e-04 | std: 0.5873 | rollout: 3.165s | update: 0.058s | total: 3.223s | samples/s: 3134
Iteration 0075 | train reward: 173.08 | best: 173.08 | KL: 3.012e-04 | std: 0.5864 | rollout: 3.627s | update: 0.069s | total: 3.696s | samples/s: 2997
Iteration 0076 | train reward: 180.14 | best: 180.14 | KL: 1.697e-04 | std: 0.5853 | rollout: 3.186s | update: 0.036s | total: 3.221s | samples/s: 3602
Iteration 0077 | train reward: 175.13 | best: 180.14 | KL: 2.411e-04 | std: 0.5860 | rollout: 3.236s | update: 0.095s | total: 3.331s | samples/s: 3359
Iteration 0078 | train reward: 177.28 | best: 180.14 | KL: 3.042e-04 | std: 0.5852 | rollout: 3.200s | update: 0.064s | total: 3.264s | samples/s: 3450
Iteration 0079 | train reward: 190.87 | best: 190.87 | KL: 2.102e-04 | std: 0.5847 | rollout: 3.255s | update: 0.041s | total: 3.296s | samples/s: 3615
Iteration 0080 | train reward: 185.58 | best: 190.87 | KL: 2.435e-04 | std: 0.5844 | rollout: 3.423s | update: 0.031s | total: 3.454s | samples/s: 3361
Iteration 0081 | train reward: 202.55 | best: 202.55 | KL: 1.840e-04 | std: 0.5840 | rollout: 3.143s | update: 0.033s | total: 3.175s | samples/s: 3878
Iteration 0082 | train reward: 205.17 | best: 205.17 | KL: 2.445e-04 | std: 0.5844 | rollout: 3.517s | update: 0.183s | total: 3.700s | samples/s: 3399
Iteration 0083 | train reward: 196.50 | best: 205.17 | KL: 1.613e-04 | std: 0.5840 | rollout: 3.119s | update: 0.026s | total: 3.145s | samples/s: 3840
Iteration 0084 | train reward: 200.43 | best: 205.17 | KL: 1.966e-04 | std: 0.5833 | rollout: 2.940s | update: 0.028s | total: 2.968s | samples/s: 4126
Iteration 0085 | train reward: 200.07 | best: 205.17 | KL: 1.773e-04 | std: 0.5831 | rollout: 3.586s | update: 0.078s | total: 3.664s | samples/s: 3377
Iteration 0086 | train reward: 198.66 | best: 205.17 | KL: 2.659e-04 | std: 0.5816 | rollout: 3.192s | update: 0.040s | total: 3.232s | samples/s: 3726
Iteration 0087 | train reward: 206.88 | best: 206.88 | KL: 2.137e-04 | std: 0.5818 | rollout: 4.027s | update: 0.125s | total: 4.151s | samples/s: 3010
Iteration 0088 | train reward: 211.39 | best: 211.39 | KL: 1.558e-04 | std: 0.5820 | rollout: 3.651s | update: 0.178s | total: 3.829s | samples/s: 3329
Iteration 0089 | train reward: 212.22 | best: 212.22 | KL: 1.188e-04 | std: 0.5814 | rollout: 4.288s | update: 0.035s | total: 4.322s | samples/s: 2997
Iteration 0090 | train reward: 211.77 | best: 212.22 | KL: 2.203e-04 | std: 0.5807 | rollout: 4.264s | update: 0.149s | total: 4.413s | samples/s: 2892
Iteration 0091 | train reward: 212.43 | best: 212.43 | KL: 1.809e-04 | std: 0.5807 | rollout: 3.790s | update: 0.049s | total: 3.840s | samples/s: 3328
Iteration 0092 | train reward: 213.77 | best: 213.77 | KL: 2.142e-04 | std: 0.5813 | rollout: 4.288s | update: 0.125s | total: 4.413s | samples/s: 2925
Iteration 0093 | train reward: 214.60 | best: 214.60 | KL: 1.127e-04 | std: 0.5808 | rollout: 3.840s | update: 0.088s | total: 3.927s | samples/s: 3263
Iteration 0094 | train reward: 214.93 | best: 214.93 | KL: 1.479e-04 | std: 0.5818 | rollout: 3.568s | update: 0.160s | total: 3.728s | samples/s: 3467
Iteration 0095 | train reward: 214.02 | best: 214.93 | KL: 1.576e-04 | std: 0.5829 | rollout: 3.393s | update: 0.068s | total: 3.460s | samples/s: 3687
Iteration 0096 | train reward: 220.48 | best: 220.48 | KL: 1.377e-04 | std: 0.5833 | rollout: 3.547s | update: 0.099s | total: 3.646s | samples/s: 3625
Iteration 0097 | train reward: 215.42 | best: 220.48 | KL: 2.308e-04 | std: 0.5832 | rollout: 3.237s | update: 0.029s | total: 3.266s | samples/s: 3959
Iteration 0098 | train reward: 220.41 | best: 220.48 | KL: 1.204e-04 | std: 0.5827 | rollout: 3.945s | update: 0.059s | total: 4.004s | samples/s: 3310
Iteration 0099 | train reward: 218.18 | best: 220.48 | KL: 2.040e-04 | std: 0.5825 | rollout: 3.583s | update: 0.052s | total: 3.636s | samples/s: 3598
Iteration 0100 | train reward: 220.88 | best: 220.88 | KL: 9.643e-05 | std: 0.5833 | rollout: 3.449s | update: 0.032s | total: 3.481s | samples/s: 3767
Iteration 0101 | train reward: 216.80 | best: 220.88 | KL: 2.378e-04 | std: 0.5825 | rollout: 3.440s | update: 0.164s | total: 3.604s | samples/s: 3604
Iteration 0102 | train reward: 216.69 | best: 220.88 | KL: 1.579e-04 | std: 0.5829 | rollout: 3.417s | update: 0.086s | total: 3.503s | samples/s: 3678
Iteration 0103 | train reward: 220.31 | best: 220.88 | KL: 1.038e-04 | std: 0.5829 | rollout: 3.488s | update: 0.232s | total: 3.720s | samples/s: 3529
Iteration 0104 | train reward: 220.87 | best: 220.88 | KL: 1.604e-04 | std: 0.5820 | rollout: 3.677s | update: 0.028s | total: 3.705s | samples/s: 3537
Iteration 0105 | train reward: 223.10 | best: 223.10 | KL: 1.857e-04 | std: 0.5822 | rollout: 3.686s | update: 0.056s | total: 3.742s | samples/s: 3532
Iteration 0106 | train reward: 224.48 | best: 224.48 | KL: 1.800e-04 | std: 0.5814 | rollout: 3.373s | update: 0.078s | total: 3.452s | samples/s: 3842
Iteration 0107 | train reward: 222.70 | best: 224.48 | KL: 1.884e-04 | std: 0.5807 | rollout: 3.207s | update: 0.033s | total: 3.240s | samples/s: 4060
Iteration 0108 | train reward: 224.16 | best: 224.48 | KL: 1.411e-04 | std: 0.5814 | rollout: 3.350s | update: 0.194s | total: 3.544s | samples/s: 3745
Iteration 0109 | train reward: 223.82 | best: 224.48 | KL: 1.561e-04 | std: 0.5812 | rollout: 4.090s | update: 0.202s | total: 4.292s | samples/s: 3088
Iteration 0110 | train reward: 227.42 | best: 227.42 | KL: 1.588e-04 | std: 0.5812 | rollout: 3.818s | update: 0.089s | total: 3.907s | samples/s: 3470
Iteration 0111 | train reward: 224.81 | best: 227.42 | KL: 1.265e-04 | std: 0.5810 | rollout: 3.911s | update: 0.098s | total: 4.009s | samples/s: 3358
Iteration 0112 | train reward: 223.74 | best: 227.42 | KL: 1.484e-04 | std: 0.5807 | rollout: 3.555s | update: 0.062s | total: 3.617s | samples/s: 3651
Iteration 0113 | train reward: 224.29 | best: 227.42 | KL: 2.654e-04 | std: 0.5803 | rollout: 3.518s | update: 0.198s | total: 3.717s | samples/s: 3600
Iteration 0114 | train reward: 224.43 | best: 227.42 | KL: 2.538e-04 | std: 0.5796 | rollout: 3.628s | update: 0.051s | total: 3.678s | samples/s: 3669
Iteration 0115 | train reward: 228.46 | best: 228.46 | KL: 1.258e-04 | std: 0.5799 | rollout: 3.363s | update: 0.056s | total: 3.418s | samples/s: 3964
Iteration 0116 | train reward: 227.85 | best: 228.46 | KL: 2.124e-04 | std: 0.5794 | rollout: 3.858s | update: 0.038s | total: 3.897s | samples/s: 3454
Iteration 0117 | train reward: 225.09 | best: 228.46 | KL: 2.187e-04 | std: 0.5796 | rollout: 3.561s | update: 0.116s | total: 3.677s | samples/s: 3620
Iteration 0118 | train reward: 227.02 | best: 228.46 | KL: 1.641e-04 | std: 0.5795 | rollout: 3.270s | update: 0.199s | total: 3.470s | samples/s: 3840
Iteration 0119 | train reward: 229.66 | best: 229.66 | KL: 2.637e-04 | std: 0.5802 | rollout: 3.611s | update: 0.041s | total: 3.653s | samples/s: 3716
Iteration 0120 | train reward: 225.74 | best: 229.66 | KL: 2.108e-04 | std: 0.5800 | rollout: 3.399s | update: 0.049s | total: 3.448s | samples/s: 3845
Iteration 0121 | train reward: 232.51 | best: 232.51 | KL: 1.382e-04 | std: 0.5788 | rollout: 3.353s | update: 0.074s | total: 3.427s | samples/s: 3986
Iteration 0122 | train reward: 228.11 | best: 232.51 | KL: 1.456e-04 | std: 0.5788 | rollout: 3.153s | update: 0.035s | total: 3.188s | samples/s: 4221
Iteration 0123 | train reward: 234.44 | best: 234.44 | KL: 1.526e-04 | std: 0.5786 | rollout: 3.427s | update: 0.034s | total: 3.462s | samples/s: 3971
Iteration 0124 | train reward: 230.67 | best: 234.44 | KL: 2.011e-04 | std: 0.5790 | rollout: 3.627s | update: 0.081s | total: 3.709s | samples/s: 3670
Iteration 0125 | train reward: 230.88 | best: 234.44 | KL: 1.161e-04 | std: 0.5786 | rollout: 3.370s | update: 0.056s | total: 3.426s | samples/s: 3976
Iteration 0126 | train reward: 230.02 | best: 234.44 | KL: 2.237e-04 | std: 0.5783 | rollout: 3.544s | update: 0.134s | total: 3.678s | samples/s: 3689
Iteration 0127 | train reward: 233.90 | best: 234.44 | KL: 2.437e-04 | std: 0.5787 | rollout: 3.587s | update: 0.135s | total: 3.723s | samples/s: 3704
Iteration 0128 | train reward: 235.17 | best: 235.17 | KL: 1.597e-04 | std: 0.5794 | rollout: 3.727s | update: 0.099s | total: 3.826s | samples/s: 3625
Iteration 0129 | train reward: 235.64 | best: 235.64 | KL: 1.664e-04 | std: 0.5788 | rollout: 3.641s | update: 0.085s | total: 3.725s | samples/s: 3706
Iteration 0130 | train reward: 237.71 | best: 237.71 | KL: 2.123e-04 | std: 0.5792 | rollout: 3.659s | update: 0.189s | total: 3.848s | samples/s: 3635
Iteration 0131 | train reward: 233.99 | best: 237.71 | KL: 1.853e-04 | std: 0.5796 | rollout: 3.551s | update: 0.165s | total: 3.716s | samples/s: 3703
Iteration 0132 | train reward: 236.07 | best: 237.71 | KL: 1.956e-04 | std: 0.5788 | rollout: 3.634s | update: 0.155s | total: 3.788s | samples/s: 3664
Iteration 0133 | train reward: 233.91 | best: 237.71 | KL: 1.946e-04 | std: 0.5788 | rollout: 3.780s | update: 0.186s | total: 3.966s | samples/s: 3468
Iteration 0134 | train reward: 239.20 | best: 239.20 | KL: 2.287e-04 | std: 0.5796 | rollout: 3.676s | update: 0.114s | total: 3.791s | samples/s: 3679
Iteration 0135 | train reward: 236.76 | best: 239.20 | KL: 2.547e-04 | std: 0.5799 | rollout: 3.790s | update: 0.082s | total: 3.872s | samples/s: 3534
Iteration 0136 | train reward: 241.59 | best: 241.59 | KL: 2.346e-04 | std: 0.5796 | rollout: 3.821s | update: 0.160s | total: 3.981s | samples/s: 3543
Iteration 0137 | train reward: 240.68 | best: 241.59 | KL: 3.094e-04 | std: 0.5796 | rollout: 3.719s | update: 0.082s | total: 3.801s | samples/s: 3701
Iteration 0138 | train reward: 246.05 | best: 246.05 | KL: 2.485e-04 | std: 0.5801 | rollout: 4.377s | update: 0.193s | total: 4.570s | samples/s: 3135
Iteration 0139 | train reward: 247.21 | best: 247.21 | KL: 1.765e-04 | std: 0.5801 | rollout: 4.155s | update: 0.185s | total: 4.339s | samples/s: 3331
Iteration 0140 | train reward: 246.06 | best: 247.21 | KL: 2.623e-04 | std: 0.5794 | rollout: 3.583s | update: 0.039s | total: 3.623s | samples/s: 3933
Iteration 0141 | train reward: 245.26 | best: 247.21 | KL: 2.237e-04 | std: 0.5777 | rollout: 3.871s | update: 0.053s | total: 3.924s | samples/s: 3635
Iteration 0142 | train reward: 250.22 | best: 250.22 | KL: 1.973e-04 | std: 0.5773 | rollout: 5.108s | update: 0.107s | total: 5.214s | samples/s: 2802
Iteration 0143 | train reward: 252.50 | best: 252.50 | KL: 2.122e-04 | std: 0.5768 | rollout: 3.958s | update: 0.095s | total: 4.054s | samples/s: 3639
Iteration 0144 | train reward: 253.29 | best: 253.29 | KL: 3.335e-04 | std: 0.5773 | rollout: 3.712s | update: 0.154s | total: 3.866s | samples/s: 3769
Iteration 0145 | train reward: 254.58 | best: 254.58 | KL: 2.862e-04 | std: 0.5768 | rollout: 4.028s | update: 0.066s | total: 4.094s | samples/s: 3588
Iteration 0146 | train reward: 256.50 | best: 256.50 | KL: 2.179e-04 | std: 0.5763 | rollout: 4.404s | update: 0.139s | total: 4.543s | samples/s: 3234
Iteration 0147 | train reward: 260.24 | best: 260.24 | KL: 2.758e-04 | std: 0.5770 | rollout: 4.050s | update: 0.068s | total: 4.118s | samples/s: 3618
Iteration 0148 | train reward: 259.07 | best: 260.24 | KL: 2.475e-04 | std: 0.5768 | rollout: 4.231s | update: 0.071s | total: 4.302s | samples/s: 3458
Iteration 0149 | train reward: 255.99 | best: 260.24 | KL: 2.506e-04 | std: 0.5763 | rollout: 3.864s | update: 0.057s | total: 3.921s | samples/s: 3751
Iteration 0150 | train reward: 258.86 | best: 260.24 | KL: 2.301e-04 | std: 0.5774 | rollout: 3.746s | update: 0.128s | total: 3.875s | samples/s: 3810
Iteration 0151 | train reward: 263.32 | best: 263.32 | KL: 2.842e-04 | std: 0.5775 | rollout: 3.947s | update: 0.036s | total: 3.983s | samples/s: 3727
Iteration 0152 | train reward: 263.80 | best: 263.80 | KL: 2.406e-04 | std: 0.5775 | rollout: 3.899s | update: 0.121s | total: 4.020s | samples/s: 3744
Iteration 0153 | train reward: 270.80 | best: 270.80 | KL: 3.446e-04 | std: 0.5786 | rollout: 4.048s | update: 0.117s | total: 4.165s | samples/s: 3672
Iteration 0154 | train reward: 277.18 | best: 277.18 | KL: 2.669e-04 | std: 0.5794 | rollout: 3.964s | update: 0.092s | total: 4.056s | samples/s: 3820
Iteration 0155 | train reward: 276.30 | best: 277.18 | KL: 3.138e-04 | std: 0.5793 | rollout: 3.886s | update: 0.113s | total: 3.999s | samples/s: 3860
Iteration 0156 | train reward: 278.86 | best: 278.86 | KL: 3.028e-04 | std: 0.5786 | rollout: 4.092s | update: 0.109s | total: 4.201s | samples/s: 3745
Iteration 0157 | train reward: 276.15 | best: 278.86 | KL: 3.239e-04 | std: 0.5789 | rollout: 3.951s | update: 0.097s | total: 4.048s | samples/s: 3784
Iteration 0158 | train reward: 286.61 | best: 286.61 | KL: 1.673e-04 | std: 0.5787 | rollout: 4.247s | update: 0.102s | total: 4.348s | samples/s: 3666
Iteration 0159 | train reward: 286.43 | best: 286.61 | KL: 3.857e-04 | std: 0.5783 | rollout: 4.124s | update: 0.074s | total: 4.198s | samples/s: 3788
Iteration 0160 | train reward: 289.07 | best: 289.07 | KL: 3.636e-04 | std: 0.5773 | rollout: 4.412s | update: 0.050s | total: 4.462s | samples/s: 3596
Iteration 0161 | train reward: 294.70 | best: 294.70 | KL: 3.737e-04 | std: 0.5770 | rollout: 4.688s | update: 0.158s | total: 4.846s | samples/s: 3371
Iteration 0162 | train reward: 297.97 | best: 297.97 | KL: 1.974e-04 | std: 0.5769 | rollout: 4.696s | update: 0.156s | total: 4.852s | samples/s: 3384
Iteration 0163 | train reward: 299.31 | best: 299.31 | KL: 2.052e-04 | std: 0.5768 | rollout: 3.812s | update: 0.053s | total: 3.864s | samples/s: 4226
Iteration 0164 | train reward: 301.74 | best: 301.74 | KL: 4.118e-04 | std: 0.5762 | rollout: 4.524s | update: 0.160s | total: 4.684s | samples/s: 3517
Iteration 0165 | train reward: 309.03 | best: 309.03 | KL: 2.657e-04 | std: 0.5754 | rollout: 4.977s | update: 0.054s | total: 5.031s | samples/s: 3351
Iteration 0166 | train reward: 309.27 | best: 309.27 | KL: 2.850e-04 | std: 0.5744 | rollout: 4.778s | update: 0.055s | total: 4.833s | samples/s: 3518
Iteration 0167 | train reward: 304.83 | best: 309.27 | KL: 2.638e-04 | std: 0.5729 | rollout: 4.714s | update: 0.277s | total: 4.991s | samples/s: 3322
Iteration 0168 | train reward: 310.72 | best: 310.72 | KL: 4.010e-04 | std: 0.5729 | rollout: 4.946s | update: 0.044s | total: 4.989s | samples/s: 3372
Iteration 0169 | train reward: 322.49 | best: 322.49 | KL: 3.302e-04 | std: 0.5718 | rollout: 4.907s | update: 0.047s | total: 4.954s | samples/s: 3487
Iteration 0170 | train reward: 315.07 | best: 322.49 | KL: 3.091e-04 | std: 0.5711 | rollout: 4.873s | update: 0.057s | total: 4.930s | samples/s: 3489
Iteration 0171 | train reward: 321.63 | best: 322.49 | KL: 5.403e-04 | std: 0.5710 | rollout: 5.077s | update: 0.053s | total: 5.130s | samples/s: 3370
Iteration 0172 | train reward: 330.80 | best: 330.80 | KL: 2.989e-04 | std: 0.5703 | rollout: 5.114s | update: 0.073s | total: 5.187s | samples/s: 3408
Iteration 0173 | train reward: 335.69 | best: 335.69 | KL: 2.276e-04 | std: 0.5697 | rollout: 5.193s | update: 0.054s | total: 5.247s | samples/s: 3431
Iteration 0174 | train reward: 340.90 | best: 340.90 | KL: 4.246e-04 | std: 0.5691 | rollout: 5.516s | update: 0.098s | total: 5.613s | samples/s: 3247
Iteration 0175 | train reward: 344.96 | best: 344.96 | KL: 4.777e-04 | std: 0.5685 | rollout: 5.527s | update: 0.069s | total: 5.595s | samples/s: 3275
Iteration 0176 | train reward: 353.51 | best: 353.51 | KL: 3.798e-04 | std: 0.5677 | rollout: 4.978s | update: 0.061s | total: 5.039s | samples/s: 3706
Iteration 0177 | train reward: 355.99 | best: 355.99 | KL: 3.800e-04 | std: 0.5675 | rollout: 5.999s | update: 0.074s | total: 6.073s | samples/s: 3098
Iteration 0178 | train reward: 338.32 | best: 355.99 | KL: 3.664e-04 | std: 0.5677 | rollout: 5.004s | update: 0.049s | total: 5.053s | samples/s: 3555
Iteration 0179 | train reward: 362.16 | best: 362.16 | KL: 3.224e-04 | std: 0.5670 | rollout: 6.138s | update: 0.059s | total: 6.197s | samples/s: 3078
Iteration 0180 | train reward: 357.58 | best: 362.16 | KL: 3.386e-04 | std: 0.5670 | rollout: 5.926s | update: 0.053s | total: 5.979s | samples/s: 3133
Iteration 0181 | train reward: 379.99 | best: 379.99 | KL: 3.056e-04 | std: 0.5671 | rollout: 7.059s | update: 0.066s | total: 7.125s | samples/s: 2816
Iteration 0182 | train reward: 404.95 | best: 404.95 | KL: 4.902e-04 | std: 0.5677 | rollout: 7.684s | update: 0.059s | total: 7.743s | samples/s: 2750
Iteration 0183 | train reward: 396.56 | best: 404.95 | KL: 4.575e-04 | std: 0.5685 | rollout: 6.764s | update: 0.060s | total: 6.824s | samples/s: 3077
Iteration 0184 | train reward: 399.69 | best: 404.95 | KL: 3.785e-04 | std: 0.5682 | rollout: 7.011s | update: 0.062s | total: 7.072s | samples/s: 3013
Iteration 0185 | train reward: 409.28 | best: 409.28 | KL: 4.199e-04 | std: 0.5686 | rollout: 6.769s | update: 0.055s | total: 6.823s | samples/s: 3159
Iteration 0186 | train reward: 402.74 | best: 409.28 | KL: 4.744e-04 | std: 0.5697 | rollout: 6.781s | update: 0.242s | total: 7.023s | samples/s: 3027
Iteration 0187 | train reward: 433.19 | best: 433.19 | KL: 6.055e-04 | std: 0.5699 | rollout: 8.329s | update: 0.201s | total: 8.530s | samples/s: 2641
Iteration 0188 | train reward: 444.38 | best: 444.38 | KL: 3.616e-04 | std: 0.5699 | rollout: 8.188s | update: 0.390s | total: 8.577s | samples/s: 2720
Iteration 0189 | train reward: 428.93 | best: 444.38 | KL: 6.101e-04 | std: 0.5691 | rollout: 9.262s | update: 0.363s | total: 9.625s | samples/s: 2351
Iteration 0190 | train reward: 426.97 | best: 444.38 | KL: 4.706e-04 | std: 0.5689 | rollout: 8.274s | update: 0.118s | total: 8.392s | samples/s: 2655
Iteration 0191 | train reward: 462.60 | best: 462.60 | KL: 4.374e-04 | std: 0.5695 | rollout: 8.571s | update: 0.275s | total: 8.846s | samples/s: 2726
Iteration 0192 | train reward: 488.37 | best: 488.37 | KL: 3.834e-04 | std: 0.5703 | rollout: 9.208s | update: 0.120s | total: 9.327s | samples/s: 2731
Iteration 0193 | train reward: 506.26 | best: 506.26 | KL: 5.852e-04 | std: 0.5716 | rollout: 10.882s | update: 0.154s | total: 11.036s | samples/s: 2375
Iteration 0194 | train reward: 493.43 | best: 506.26 | KL: 5.085e-04 | std: 0.5717 | rollout: 9.251s | update: 0.099s | total: 9.350s | samples/s: 2768
Iteration 0195 | train reward: 519.23 | best: 519.23 | KL: 6.606e-04 | std: 0.5702 | rollout: 9.360s | update: 0.090s | total: 9.451s | samples/s: 2834
Iteration 0196 | train reward: 524.15 | best: 524.15 | KL: 3.910e-04 | std: 0.5689 | rollout: 11.638s | update: 0.093s | total: 11.731s | samples/s: 2316
Iteration 0197 | train reward: 503.14 | best: 524.15 | KL: 7.406e-04 | std: 0.5669 | rollout: 11.140s | update: 0.465s | total: 11.605s | samples/s: 2267
Iteration 0198 | train reward: 543.25 | best: 543.25 | KL: 6.321e-04 | std: 0.5638 | rollout: 11.244s | update: 0.080s | total: 11.324s | samples/s: 2541
Iteration 0199 | train reward: 539.14 | best: 543.25 | KL: 5.762e-04 | std: 0.5638 | rollout: 10.977s | update: 0.083s | total: 11.060s | samples/s: 2544
Iteration 0200 | train reward: 524.29 | best: 543.25 | KL: 6.340e-04 | std: 0.5638 | rollout: 11.002s | update: 0.062s | total: 11.063s | samples/s: 2484
Iteration 0201 | train reward: 540.97 | best: 543.25 | KL: 4.890e-04 | std: 0.5642 | rollout: 10.307s | update: 0.075s | total: 10.382s | samples/s: 2724
Iteration 0202 | train reward: 581.42 | best: 581.42 | KL: 6.664e-04 | std: 0.5638 | rollout: 11.158s | update: 0.217s | total: 11.375s | samples/s: 2608
Iteration 0203 | train reward: 613.41 | best: 613.41 | KL: 4.714e-04 | std: 0.5629 | rollout: 11.679s | update: 0.094s | total: 11.773s | samples/s: 2653
Iteration 0204 | train reward: 628.34 | best: 628.34 | KL: 4.993e-04 | std: 0.5637 | rollout: 11.405s | update: 0.314s | total: 11.719s | samples/s: 2715
Iteration 0205 | train reward: 649.56 | best: 649.56 | KL: 8.040e-04 | std: 0.5637 | rollout: 11.929s | update: 0.096s | total: 12.025s | samples/s: 2746
Iteration 0206 | train reward: 615.14 | best: 649.56 | KL: 4.249e-04 | std: 0.5635 | rollout: 11.487s | update: 0.179s | total: 11.666s | samples/s: 2727
Iteration 0207 | train reward: 685.92 | best: 685.92 | KL: 7.227e-04 | std: 0.5626 | rollout: 12.041s | update: 0.209s | total: 12.250s | samples/s: 2849
Iteration 0208 | train reward: 675.60 | best: 685.92 | KL: 5.145e-04 | std: 0.5637 | rollout: 11.829s | update: 0.079s | total: 11.908s | samples/s: 2837
Iteration 0209 | train reward: 655.62 | best: 685.92 | KL: 6.321e-04 | std: 0.5638 | rollout: 11.885s | update: 0.104s | total: 11.989s | samples/s: 2783
Iteration 0210 | train reward: 727.88 | best: 727.88 | KL: 7.379e-04 | std: 0.5626 | rollout: 11.805s | update: 0.278s | total: 12.083s | samples/s: 3014
Iteration 0211 | train reward: 717.89 | best: 727.88 | KL: 6.254e-04 | std: 0.5624 | rollout: 11.897s | update: 0.171s | total: 12.068s | samples/s: 2958
Iteration 0212 | train reward: 705.36 | best: 727.88 | KL: 8.946e-04 | std: 0.5628 | rollout: 11.836s | update: 0.106s | total: 11.942s | samples/s: 2995
Iteration 0213 | train reward: 706.96 | best: 727.88 | KL: 8.302e-04 | std: 0.5612 | rollout: 12.102s | update: 0.160s | total: 12.262s | samples/s: 2892
Iteration 0214 | train reward: 742.65 | best: 742.65 | KL: 5.262e-04 | std: 0.5624 | rollout: 11.570s | update: 0.106s | total: 11.675s | samples/s: 3127
Iteration 0215 | train reward: 751.18 | best: 751.18 | KL: 5.019e-04 | std: 0.5628 | rollout: 11.764s | update: 0.092s | total: 11.857s | samples/s: 3109
Iteration 0216 | train reward: 763.99 | best: 763.99 | KL: 7.241e-04 | std: 0.5622 | rollout: 11.842s | update: 0.157s | total: 11.999s | samples/s: 3182
Iteration 0217 | train reward: 779.02 | best: 779.02 | KL: 6.862e-04 | std: 0.5609 | rollout: 12.074s | update: 0.107s | total: 12.182s | samples/s: 3174
Iteration 0218 | train reward: 787.99 | best: 787.99 | KL: 7.909e-04 | std: 0.5599 | rollout: 12.098s | update: 0.115s | total: 12.214s | samples/s: 3197
Iteration 0219 | train reward: 771.35 | best: 787.99 | KL: 7.721e-04 | std: 0.5602 | rollout: 12.770s | update: 0.281s | total: 13.051s | samples/s: 2897
Iteration 0220 | train reward: 805.52 | best: 805.52 | KL: 6.323e-04 | std: 0.5573 | rollout: 12.237s | update: 0.120s | total: 12.357s | samples/s: 3224
Iteration 0221 | train reward: 788.38 | best: 805.52 | KL: 6.561e-04 | std: 0.5557 | rollout: 11.310s | update: 0.257s | total: 11.567s | samples/s: 3305
Iteration 0222 | train reward: 804.30 | best: 805.52 | KL: 8.998e-04 | std: 0.5563 | rollout: 12.071s | update: 0.109s | total: 12.181s | samples/s: 3192
Iteration 0223 | train reward: 796.87 | best: 805.52 | KL: 5.835e-04 | std: 0.5570 | rollout: 11.883s | update: 0.117s | total: 12.000s | samples/s: 3213
Iteration 0224 | train reward: 814.39 | best: 814.39 | KL: 6.360e-04 | std: 0.5589 | rollout: 11.908s | update: 0.089s | total: 11.997s | samples/s: 3309
Iteration 0225 | train reward: 846.94 | best: 846.94 | KL: 1.078e-03 | std: 0.5573 | rollout: 12.006s | update: 0.125s | total: 12.132s | samples/s: 3393
Iteration 0226 | train reward: 894.66 | best: 894.66 | KL: 8.725e-04 | std: 0.5582 | rollout: 11.968s | update: 0.125s | total: 12.093s | samples/s: 3535
Iteration 0227 | train reward: 844.68 | best: 894.66 | KL: 6.719e-04 | std: 0.5573 | rollout: 12.118s | update: 0.218s | total: 12.336s | samples/s: 3264
Iteration 0228 | train reward: 872.73 | best: 894.66 | KL: 7.936e-04 | std: 0.5583 | rollout: 12.034s | update: 0.176s | total: 12.210s | samples/s: 3409
Iteration 0229 | train reward: 831.38 | best: 894.66 | KL: 5.750e-04 | std: 0.5596 | rollout: 12.092s | update: 0.112s | total: 12.205s | samples/s: 3245
Iteration 0230 | train reward: 923.67 | best: 923.67 | KL: 1.040e-03 | std: 0.5610 | rollout: 11.918s | update: 0.205s | total: 12.123s | samples/s: 3640
Iteration 0231 | train reward: 904.38 | best: 923.67 | KL: 7.259e-04 | std: 0.5616 | rollout: 11.857s | update: 0.122s | total: 11.978s | samples/s: 3605
Iteration 0232 | train reward: 867.63 | best: 923.67 | KL: 9.068e-04 | std: 0.5598 | rollout: 11.995s | update: 0.103s | total: 12.099s | samples/s: 3411
Iteration 0233 | train reward: 893.09 | best: 923.67 | KL: 6.765e-04 | std: 0.5599 | rollout: 12.117s | update: 0.102s | total: 12.218s | samples/s: 3474
Iteration 0234 | train reward: 921.46 | best: 923.67 | KL: 8.702e-04 | std: 0.5610 | rollout: 12.289s | update: 0.157s | total: 12.446s | samples/s: 3509
Iteration 0235 | train reward: 894.00 | best: 923.67 | KL: 5.955e-04 | std: 0.5601 | rollout: 11.926s | update: 0.135s | total: 12.062s | samples/s: 3545
Iteration 0236 | train reward: 906.02 | best: 923.67 | KL: 7.042e-04 | std: 0.5610 | rollout: 11.826s | update: 0.139s | total: 11.965s | samples/s: 3595
Iteration 0237 | train reward: 878.12 | best: 923.67 | KL: 6.839e-04 | std: 0.5611 | rollout: 12.026s | update: 0.143s | total: 12.169s | samples/s: 3378
Iteration 0238 | train reward: 939.80 | best: 939.80 | KL: 7.343e-04 | std: 0.5608 | rollout: 12.350s | update: 0.118s | total: 12.468s | samples/s: 3569
Iteration 0239 | train reward: 935.51 | best: 939.80 | KL: 9.777e-04 | std: 0.5614 | rollout: 12.008s | update: 0.118s | total: 12.126s | samples/s: 3582
Iteration 0240 | train reward: 925.04 | best: 939.80 | KL: 9.051e-04 | std: 0.5598 | rollout: 12.117s | update: 0.314s | total: 12.432s | samples/s: 3468
Iteration 0241 | train reward: 922.22 | best: 939.80 | KL: 6.027e-04 | std: 0.5575 | rollout: 12.182s | update: 0.114s | total: 12.296s | samples/s: 3512
Iteration 0242 | train reward: 967.69 | best: 967.69 | KL: 6.229e-04 | std: 0.5588 | rollout: 12.316s | update: 0.269s | total: 12.586s | samples/s: 3590
Iteration 0243 | train reward: 983.91 | best: 983.91 | KL: 8.216e-04 | std: 0.5574 | rollout: 12.436s | update: 0.482s | total: 12.918s | samples/s: 3537
Iteration 0244 | train reward: 971.95 | best: 983.91 | KL: 8.827e-04 | std: 0.5564 | rollout: 13.329s | update: 0.129s | total: 13.458s | samples/s: 3438
Iteration 0245 | train reward: 1025.76 | best: 1025.76 | KL: 7.744e-04 | std: 0.5547 | rollout: 12.861s | update: 0.174s | total: 13.035s | samples/s: 3687
Iteration 0246 | train reward: 965.47 | best: 1025.76 | KL: 1.224e-03 | std: 0.5529 | rollout: 12.657s | update: 0.149s | total: 12.806s | samples/s: 3603
Iteration 0247 | train reward: 996.37 | best: 1025.76 | KL: 1.030e-03 | std: 0.5522 | rollout: 12.158s | update: 0.306s | total: 12.464s | samples/s: 3750
Iteration 0248 | train reward: 1010.03 | best: 1025.76 | KL: 8.278e-04 | std: 0.5504 | rollout: 12.833s | update: 0.215s | total: 13.047s | samples/s: 3600
Iteration 0249 | train reward: 1046.35 | best: 1046.35 | KL: 1.005e-03 | std: 0.5503 | rollout: 12.477s | update: 0.204s | total: 12.681s | samples/s: 3807
Iteration 0250 | train reward: 1010.88 | best: 1046.35 | KL: 9.582e-04 | std: 0.5504 | rollout: 12.965s | update: 0.305s | total: 13.271s | samples/s: 3541
Iteration 0251 | train reward: 1060.14 | best: 1060.14 | KL: 1.357e-03 | std: 0.5487 | rollout: 13.617s | update: 0.214s | total: 13.831s | samples/s: 3548
Iteration 0252 | train reward: 1049.66 | best: 1060.14 | KL: 7.088e-04 | std: 0.5477 | rollout: 13.274s | update: 0.296s | total: 13.570s | samples/s: 3562
Iteration 0253 | train reward: 1020.40 | best: 1060.14 | KL: 8.893e-04 | std: 0.5454 | rollout: 13.008s | update: 0.412s | total: 13.420s | samples/s: 3491
Iteration 0254 | train reward: 1048.38 | best: 1060.14 | KL: 1.076e-03 | std: 0.5453 | rollout: 12.620s | update: 0.304s | total: 12.924s | samples/s: 3731
Iteration 0255 | train reward: 1008.84 | best: 1060.14 | KL: 8.706e-04 | std: 0.5441 | rollout: 12.475s | update: 0.582s | total: 13.057s | samples/s: 3556
Iteration 0256 | train reward: 1013.12 | best: 1060.14 | KL: 8.319e-04 | std: 0.5445 | rollout: 12.373s | update: 0.132s | total: 12.505s | samples/s: 3663
Iteration 0257 | train reward: 1005.68 | best: 1060.14 | KL: 8.448e-04 | std: 0.5425 | rollout: 12.647s | update: 0.119s | total: 12.767s | samples/s: 3587
Iteration 0258 | train reward: 1057.21 | best: 1060.14 | KL: 1.118e-03 | std: 0.5427 | rollout: 12.340s | update: 0.271s | total: 12.611s | samples/s: 3821
Iteration 0259 | train reward: 1050.54 | best: 1060.14 | KL: 1.018e-03 | std: 0.5400 | rollout: 12.521s | update: 0.535s | total: 13.056s | samples/s: 3643
Iteration 0260 | train reward: 1110.61 | best: 1110.61 | KL: 9.461e-04 | std: 0.5390 | rollout: 12.301s | update: 0.171s | total: 12.472s | samples/s: 4004
Iteration 0261 | train reward: 1076.57 | best: 1110.61 | KL: 7.962e-04 | std: 0.5401 | rollout: 12.387s | update: 0.193s | total: 12.580s | samples/s: 3863
Iteration 0262 | train reward: 1074.27 | best: 1110.61 | KL: 8.946e-04 | std: 0.5391 | rollout: 12.201s | update: 0.125s | total: 12.325s | samples/s: 3924
Iteration 0263 | train reward: 1083.18 | best: 1110.61 | KL: 1.146e-03 | std: 0.5399 | rollout: 13.111s | update: 0.415s | total: 13.525s | samples/s: 3662
Iteration 0264 | train reward: 1058.44 | best: 1110.61 | KL: 9.443e-04 | std: 0.5406 | rollout: 13.941s | update: 0.715s | total: 14.656s | samples/s: 3245
Iteration 0265 | train reward: 1090.14 | best: 1110.61 | KL: 7.172e-04 | std: 0.5409 | rollout: 12.579s | update: 0.131s | total: 12.711s | samples/s: 3899
Iteration 0266 | train reward: 1125.16 | best: 1125.16 | KL: 1.511e-03 | std: 0.5424 | rollout: 12.405s | update: 0.204s | total: 12.609s | samples/s: 4078
Iteration 0267 | train reward: 1125.00 | best: 1125.16 | KL: 7.774e-04 | std: 0.5440 | rollout: 13.087s | update: 0.224s | total: 13.311s | samples/s: 3805
Iteration 0268 | train reward: 1101.61 | best: 1125.16 | KL: 1.121e-03 | std: 0.5427 | rollout: 12.676s | update: 0.125s | total: 12.801s | samples/s: 3868
Iteration 0269 | train reward: 1115.73 | best: 1125.16 | KL: 9.910e-04 | std: 0.5433 | rollout: 12.483s | update: 0.168s | total: 12.651s | samples/s: 4054
Iteration 0270 | train reward: 1124.08 | best: 1125.16 | KL: 7.977e-04 | std: 0.5425 | rollout: 12.087s | update: 0.137s | total: 12.224s | samples/s: 4162
Iteration 0271 | train reward: 1092.71 | best: 1125.16 | KL: 9.242e-04 | std: 0.5408 | rollout: 12.401s | update: 0.135s | total: 12.535s | samples/s: 3878
Iteration 0272 | train reward: 1123.62 | best: 1125.16 | KL: 8.426e-04 | std: 0.5393 | rollout: 12.137s | update: 0.157s | total: 12.294s | samples/s: 4052
Iteration 0273 | train reward: 1137.46 | best: 1137.46 | KL: 8.857e-04 | std: 0.5375 | rollout: 12.298s | update: 0.181s | total: 12.479s | samples/s: 4054
Iteration 0274 | train reward: 1137.38 | best: 1137.46 | KL: 1.206e-03 | std: 0.5373 | rollout: 12.353s | update: 0.154s | total: 12.507s | samples/s: 4091
Iteration 0275 | train reward: 1125.57 | best: 1137.46 | KL: 9.613e-04 | std: 0.5356 | rollout: 12.434s | update: 0.211s | total: 12.645s | samples/s: 3909
Iteration 0276 | train reward: 1189.50 | best: 1189.50 | KL: 1.037e-03 | std: 0.5323 | rollout: 12.222s | update: 0.142s | total: 12.364s | samples/s: 4240
Iteration 0277 | train reward: 1166.52 | best: 1189.50 | KL: 6.453e-04 | std: 0.5328 | rollout: 12.465s | update: 0.241s | total: 12.706s | samples/s: 4045
Iteration 0278 | train reward: 1203.63 | best: 1203.63 | KL: 1.082e-03 | std: 0.5320 | rollout: 12.357s | update: 0.341s | total: 12.698s | samples/s: 4125
Iteration 0279 | train reward: 1210.24 | best: 1210.24 | KL: 1.032e-03 | std: 0.5289 | rollout: 12.473s | update: 0.201s | total: 12.674s | samples/s: 4186
Iteration 0280 | train reward: 1216.08 | best: 1216.08 | KL: 8.382e-04 | std: 0.5294 | rollout: 12.383s | update: 0.242s | total: 12.626s | samples/s: 4254
Iteration 0281 | train reward: 1216.96 | best: 1216.96 | KL: 1.309e-03 | std: 0.5286 | rollout: 12.324s | update: 0.168s | total: 12.492s | samples/s: 4251
Iteration 0282 | train reward: 1204.31 | best: 1216.96 | KL: 1.293e-03 | std: 0.5261 | rollout: 12.627s | update: 0.183s | total: 12.810s | samples/s: 4092
Iteration 0283 | train reward: 1164.65 | best: 1216.96 | KL: 7.208e-04 | std: 0.5263 | rollout: 12.399s | update: 0.324s | total: 12.723s | samples/s: 4030
Iteration 0284 | train reward: 1187.47 | best: 1216.96 | KL: 1.014e-03 | std: 0.5276 | rollout: 12.143s | update: 0.359s | total: 12.502s | samples/s: 4142
Iteration 0285 | train reward: 1178.32 | best: 1216.96 | KL: 5.165e-04 | std: 0.5286 | rollout: 12.553s | update: 0.130s | total: 12.683s | samples/s: 3997
Iteration 0286 | train reward: 1161.82 | best: 1216.96 | KL: 9.571e-04 | std: 0.5278 | rollout: 12.640s | update: 0.148s | total: 12.788s | samples/s: 3924
Iteration 0287 | train reward: 1178.67 | best: 1216.96 | KL: 9.926e-04 | std: 0.5269 | rollout: 12.458s | update: 0.191s | total: 12.649s | samples/s: 4007
Iteration 0288 | train reward: 1165.35 | best: 1216.96 | KL: 8.712e-04 | std: 0.5278 | rollout: 12.234s | update: 0.127s | total: 12.361s | samples/s: 4000
Iteration 0289 | train reward: 1171.32 | best: 1216.96 | KL: 7.105e-04 | std: 0.5286 | rollout: 12.394s | update: 0.141s | total: 12.535s | samples/s: 3966
Iteration 0290 | train reward: 1187.69 | best: 1216.96 | KL: 7.893e-04 | std: 0.5287 | rollout: 13.082s | update: 0.174s | total: 13.256s | samples/s: 3791
Iteration 0291 | train reward: 1187.77 | best: 1216.96 | KL: 7.739e-04 | std: 0.5286 | rollout: 12.838s | update: 0.462s | total: 13.299s | samples/s: 3797
Iteration 0292 | train reward: 1195.81 | best: 1216.96 | KL: 7.613e-04 | std: 0.5261 | rollout: 12.562s | update: 0.159s | total: 12.720s | samples/s: 3935
Iteration 0293 | train reward: 1211.47 | best: 1216.96 | KL: 1.319e-03 | std: 0.5263 | rollout: 12.351s | update: 0.131s | total: 12.482s | samples/s: 4098
Iteration 0294 | train reward: 1222.10 | best: 1222.10 | KL: 9.380e-04 | std: 0.5258 | rollout: 12.387s | update: 0.476s | total: 12.863s | samples/s: 4016
Iteration 0295 | train reward: 1216.98 | best: 1222.10 | KL: 8.964e-04 | std: 0.5258 | rollout: 12.251s | update: 0.142s | total: 12.393s | samples/s: 4146
Iteration 0296 | train reward: 1212.69 | best: 1222.10 | KL: 8.494e-04 | std: 0.5245 | rollout: 12.254s | update: 0.140s | total: 12.394s | samples/s: 4123
Iteration 0297 | train reward: 1206.42 | best: 1222.10 | KL: 1.437e-03 | std: 0.5232 | rollout: 12.142s | update: 0.187s | total: 12.329s | samples/s: 4162
Iteration 0298 | train reward: 1218.71 | best: 1222.10 | KL: 7.022e-04 | std: 0.5224 | rollout: 12.587s | update: 0.125s | total: 12.712s | samples/s: 4008
Iteration 0299 | train reward: 1253.70 | best: 1253.70 | KL: 7.790e-04 | std: 0.5224 | rollout: 12.196s | update: 0.168s | total: 12.364s | samples/s: 4308
Iteration 0300 | train reward: 1186.37 | best: 1253.70 | KL: 1.236e-03 | std: 0.5219 | rollout: 12.275s | update: 0.252s | total: 12.527s | samples/s: 3953
Iteration 0301 | train reward: 1227.59 | best: 1253.70 | KL: 5.637e-04 | std: 0.5237 | rollout: 14.225s | update: 0.314s | total: 14.539s | samples/s: 3482
Iteration 0302 | train reward: 1222.57 | best: 1253.70 | KL: 1.481e-03 | std: 0.5224 | rollout: 13.426s | update: 0.572s | total: 13.998s | samples/s: 3636
Iteration 0303 | train reward: 1210.68 | best: 1253.70 | KL: 5.883e-04 | std: 0.5224 | rollout: 13.108s | update: 0.585s | total: 13.693s | samples/s: 3678
Iteration 0304 | train reward: 1292.45 | best: 1292.45 | KL: 8.163e-04 | std: 0.5209 | rollout: 12.655s | update: 0.223s | total: 12.878s | samples/s: 4184
Iteration 0305 | train reward: 1206.74 | best: 1292.45 | KL: 1.310e-03 | std: 0.5237 | rollout: 14.057s | update: 0.144s | total: 14.201s | samples/s: 3500
Iteration 0306 | train reward: 1303.42 | best: 1303.42 | KL: 8.382e-04 | std: 0.5237 | rollout: 12.678s | update: 0.244s | total: 12.922s | samples/s: 4193
Iteration 0307 | train reward: 1288.05 | best: 1303.42 | KL: 8.647e-04 | std: 0.5235 | rollout: 12.102s | update: 0.174s | total: 12.277s | samples/s: 4387
Iteration 0308 | train reward: 1231.91 | best: 1303.42 | KL: 1.282e-03 | std: 0.5235 | rollout: 12.849s | update: 0.208s | total: 13.058s | samples/s: 3925
Iteration 0309 | train reward: 1257.30 | best: 1303.42 | KL: 8.388e-04 | std: 0.5244 | rollout: 13.071s | update: 0.474s | total: 13.545s | samples/s: 3866
Iteration 0310 | train reward: 1255.44 | best: 1303.42 | KL: 9.003e-04 | std: 0.5232 | rollout: 15.139s | update: 0.472s | total: 15.611s | samples/s: 3333
Iteration 0311 | train reward: 1282.01 | best: 1303.42 | KL: 8.569e-04 | std: 0.5209 | rollout: 14.395s | update: 0.546s | total: 14.941s | samples/s: 3502
Iteration 0312 | train reward: 1284.34 | best: 1303.42 | KL: 6.833e-04 | std: 0.5200 | rollout: 12.435s | update: 0.283s | total: 12.719s | samples/s: 4166
Iteration 0313 | train reward: 1271.47 | best: 1303.42 | KL: 1.018e-03 | std: 0.5182 | rollout: 12.457s | update: 0.197s | total: 12.653s | samples/s: 4178
Iteration 0314 | train reward: 1304.59 | best: 1304.59 | KL: 9.354e-04 | std: 0.5166 | rollout: 12.360s | update: 0.224s | total: 12.584s | samples/s: 4287
Iteration 0315 | train reward: 1270.16 | best: 1304.59 | KL: 1.031e-03 | std: 0.5156 | rollout: 12.555s | update: 0.709s | total: 13.264s | samples/s: 3957
Iteration 0316 | train reward: 1321.44 | best: 1321.44 | KL: 1.175e-03 | std: 0.5149 | rollout: 12.705s | update: 0.339s | total: 13.044s | samples/s: 4157
Iteration 0317 | train reward: 1306.97 | best: 1321.44 | KL: 1.266e-03 | std: 0.5180 | rollout: 12.421s | update: 0.320s | total: 12.742s | samples/s: 4218
Iteration 0318 | train reward: 1305.74 | best: 1321.44 | KL: 1.272e-03 | std: 0.5185 | rollout: 12.203s | update: 0.136s | total: 12.339s | samples/s: 4322
Iteration 0319 | train reward: 1247.06 | best: 1321.44 | KL: 9.662e-04 | std: 0.5174 | rollout: 12.298s | update: 0.147s | total: 12.445s | samples/s: 4107
Iteration 0320 | train reward: 1270.09 | best: 1321.44 | KL: 1.148e-03 | std: 0.5174 | rollout: 12.070s | update: 0.287s | total: 12.357s | samples/s: 4239
Iteration 0321 | train reward: 1311.23 | best: 1321.44 | KL: 1.211e-03 | std: 0.5173 | rollout: 12.228s | update: 0.188s | total: 12.416s | samples/s: 4374
Iteration 0322 | train reward: 1304.44 | best: 1321.44 | KL: 1.230e-03 | std: 0.5174 | rollout: 12.735s | update: 0.362s | total: 13.097s | samples/s: 4104
Iteration 0323 | train reward: 1228.81 | best: 1321.44 | KL: 1.134e-03 | std: 0.5180 | rollout: 11.771s | update: 0.206s | total: 11.977s | samples/s: 4227
Iteration 0324 | train reward: 1299.72 | best: 1321.44 | KL: 7.842e-04 | std: 0.5166 | rollout: 12.474s | update: 0.217s | total: 12.691s | samples/s: 4201
Iteration 0325 | train reward: 1313.42 | best: 1321.44 | KL: 7.192e-04 | std: 0.5182 | rollout: 12.299s | update: 0.182s | total: 12.481s | samples/s: 4361
Iteration 0326 | train reward: 1322.69 | best: 1322.69 | KL: 7.248e-04 | std: 0.5206 | rollout: 12.187s | update: 0.155s | total: 12.343s | samples/s: 4385
Iteration 0327 | train reward: 1315.53 | best: 1322.69 | KL: 1.042e-03 | std: 0.5199 | rollout: 13.054s | update: 0.247s | total: 13.302s | samples/s: 4077
Iteration 0328 | train reward: 1313.50 | best: 1322.69 | KL: 8.044e-04 | std: 0.5227 | rollout: 12.140s | update: 0.228s | total: 12.368s | samples/s: 4366
Iteration 0329 | train reward: 1377.64 | best: 1377.64 | KL: 7.903e-04 | std: 0.5209 | rollout: 12.219s | update: 0.224s | total: 12.443s | samples/s: 4538
Iteration 0330 | train reward: 1342.68 | best: 1377.64 | KL: 1.425e-03 | std: 0.5182 | rollout: 11.819s | update: 0.375s | total: 12.194s | samples/s: 4520
Iteration 0331 | train reward: 1352.48 | best: 1377.64 | KL: 1.184e-03 | std: 0.5180 | rollout: 12.161s | update: 0.183s | total: 12.344s | samples/s: 4499
Iteration 0332 | train reward: 1323.95 | best: 1377.64 | KL: 5.772e-04 | std: 0.5182 | rollout: 12.216s | update: 0.625s | total: 12.842s | samples/s: 4211
Iteration 0333 | train reward: 1349.21 | best: 1377.64 | KL: 9.117e-04 | std: 0.5183 | rollout: 12.910s | update: 0.789s | total: 13.698s | samples/s: 3993
Iteration 0334 | train reward: 1316.22 | best: 1377.64 | KL: 6.813e-04 | std: 0.5182 | rollout: 13.799s | update: 0.452s | total: 14.251s | samples/s: 3756
Iteration 0335 | train reward: 1352.26 | best: 1377.64 | KL: 9.055e-04 | std: 0.5174 | rollout: 12.946s | update: 0.585s | total: 13.532s | samples/s: 4093
Iteration 0336 | train reward: 1260.58 | best: 1377.64 | KL: 1.300e-03 | std: 0.5182 | rollout: 12.558s | update: 0.305s | total: 12.862s | samples/s: 3970
Iteration 0337 | train reward: 1335.98 | best: 1377.64 | KL: 1.149e-03 | std: 0.5159 | rollout: 13.216s | update: 0.197s | total: 13.413s | samples/s: 4022
Iteration 0338 | train reward: 1350.33 | best: 1377.64 | KL: 8.174e-04 | std: 0.5156 | rollout: 12.655s | update: 0.160s | total: 12.815s | samples/s: 4304
Iteration 0339 | train reward: 1326.67 | best: 1377.64 | KL: 1.318e-03 | std: 0.5132 | rollout: 11.953s | update: 0.191s | total: 12.144s | samples/s: 4367
Iteration 0340 | train reward: 1299.72 | best: 1377.64 | KL: 7.819e-04 | std: 0.5139 | rollout: 11.747s | update: 0.387s | total: 12.135s | samples/s: 4336
Iteration 0341 | train reward: 1367.37 | best: 1377.64 | KL: 8.037e-04 | std: 0.5128 | rollout: 12.206s | update: 0.708s | total: 12.913s | samples/s: 4295
Iteration 0342 | train reward: 1321.81 | best: 1377.64 | KL: 6.738e-04 | std: 0.5120 | rollout: 12.201s | update: 0.769s | total: 12.970s | samples/s: 4061
Iteration 0343 | train reward: 1332.25 | best: 1377.64 | KL: 7.981e-04 | std: 0.5128 | rollout: 11.735s | update: 0.708s | total: 12.443s | samples/s: 4310
Iteration 0344 | train reward: 1341.56 | best: 1377.64 | KL: 7.442e-04 | std: 0.5114 | rollout: 12.531s | update: 0.790s | total: 13.321s | samples/s: 4033
Iteration 0345 | train reward: 1309.43 | best: 1377.64 | KL: 7.199e-04 | std: 0.5102 | rollout: 12.176s | update: 0.516s | total: 12.692s | samples/s: 4140
Iteration 0346 | train reward: 1360.02 | best: 1377.64 | KL: 9.655e-04 | std: 0.5088 | rollout: 12.361s | update: 0.235s | total: 12.596s | samples/s: 4364
Iteration 0347 | train reward: 1384.41 | best: 1384.41 | KL: 9.699e-04 | std: 0.5078 | rollout: 12.094s | update: 0.476s | total: 12.571s | samples/s: 4390
Iteration 0348 | train reward: 1378.80 | best: 1384.41 | KL: 9.853e-04 | std: 0.5078 | rollout: 12.253s | update: 0.263s | total: 12.516s | samples/s: 4419
Iteration 0349 | train reward: 1345.25 | best: 1384.41 | KL: 8.184e-04 | std: 0.5078 | rollout: 11.669s | update: 0.132s | total: 11.800s | samples/s: 4565
Iteration 0350 | train reward: 1336.00 | best: 1384.41 | KL: 8.321e-04 | std: 0.5086 | rollout: 11.936s | update: 0.189s | total: 12.125s | samples/s: 4385
Iteration 0351 | train reward: 1364.10 | best: 1384.41 | KL: 1.403e-03 | std: 0.5078 | rollout: 11.715s | update: 0.205s | total: 11.919s | samples/s: 4583
Iteration 0352 | train reward: 1349.76 | best: 1384.41 | KL: 7.510e-04 | std: 0.5088 | rollout: 11.729s | update: 0.171s | total: 11.901s | samples/s: 4498
Iteration 0353 | train reward: 1346.56 | best: 1384.41 | KL: 1.218e-03 | std: 0.5081 | rollout: 11.533s | update: 0.184s | total: 11.717s | samples/s: 4589
Iteration 0354 | train reward: 1343.24 | best: 1384.41 | KL: 1.176e-03 | std: 0.5102 | rollout: 11.648s | update: 0.191s | total: 11.839s | samples/s: 4500
Iteration 0355 | train reward: 1377.14 | best: 1384.41 | KL: 6.429e-04 | std: 0.5107 | rollout: 11.550s | update: 0.139s | total: 11.689s | samples/s: 4703
Iteration 0356 | train reward: 1334.41 | best: 1384.41 | KL: 1.268e-03 | std: 0.5115 | rollout: 11.587s | update: 0.140s | total: 11.727s | samples/s: 4482
Iteration 0357 | train reward: 1333.16 | best: 1384.41 | KL: 1.075e-03 | std: 0.5115 | rollout: 11.632s | update: 0.221s | total: 11.853s | samples/s: 4444
Iteration 0358 | train reward: 1376.33 | best: 1384.41 | KL: 1.101e-03 | std: 0.5121 | rollout: 11.645s | update: 0.377s | total: 12.022s | samples/s: 4557
Iteration 0359 | train reward: 1402.37 | best: 1402.37 | KL: 8.555e-04 | std: 0.5080 | rollout: 11.566s | update: 0.160s | total: 11.726s | samples/s: 4727
Iteration 0360 | train reward: 1381.85 | best: 1402.37 | KL: 9.274e-04 | std: 0.5095 | rollout: 11.590s | update: 0.138s | total: 11.728s | samples/s: 4690
Iteration 0361 | train reward: 1392.20 | best: 1402.37 | KL: 1.100e-03 | std: 0.5104 | rollout: 12.249s | update: 0.150s | total: 12.398s | samples/s: 4499
Iteration 0362 | train reward: 1346.86 | best: 1402.37 | KL: 7.883e-04 | std: 0.5112 | rollout: 12.284s | update: 0.146s | total: 12.430s | samples/s: 4310
Iteration 0363 | train reward: 1340.00 | best: 1402.37 | KL: 1.025e-03 | std: 0.5120 | rollout: 11.789s | update: 0.135s | total: 11.925s | samples/s: 4422
Iteration 0364 | train reward: 1345.85 | best: 1402.37 | KL: 8.212e-04 | std: 0.5096 | rollout: 11.679s | update: 0.235s | total: 11.914s | samples/s: 4444
Iteration 0365 | train reward: 1320.03 | best: 1402.37 | KL: 6.549e-04 | std: 0.5086 | rollout: 11.803s | update: 0.231s | total: 12.034s | samples/s: 4344
Iteration 0366 | train reward: 1335.49 | best: 1402.37 | KL: 9.503e-04 | std: 0.5078 | rollout: 11.689s | update: 0.114s | total: 11.803s | samples/s: 4433
Iteration 0367 | train reward: 1353.59 | best: 1402.37 | KL: 9.790e-04 | std: 0.5081 | rollout: 11.730s | update: 0.150s | total: 11.880s | samples/s: 4503
Iteration 0368 | train reward: 1315.66 | best: 1402.37 | KL: 7.552e-04 | std: 0.5087 | rollout: 11.731s | update: 0.171s | total: 11.902s | samples/s: 4352
Iteration 0369 | train reward: 1345.59 | best: 1402.37 | KL: 6.522e-04 | std: 0.5094 | rollout: 11.878s | update: 0.266s | total: 12.144s | samples/s: 4366
Iteration 0370 | train reward: 1383.10 | best: 1402.37 | KL: 8.975e-04 | std: 0.5102 | rollout: 11.655s | update: 0.146s | total: 11.802s | samples/s: 4634
Iteration 0371 | train reward: 1374.73 | best: 1402.37 | KL: 1.122e-03 | std: 0.5096 | rollout: 11.756s | update: 0.144s | total: 11.900s | samples/s: 4544
Iteration 0372 | train reward: 1393.18 | best: 1402.37 | KL: 9.108e-04 | std: 0.5088 | rollout: 11.587s | update: 0.136s | total: 11.723s | samples/s: 4698
Iteration 0373 | train reward: 1350.21 | best: 1402.37 | KL: 7.729e-04 | std: 0.5094 | rollout: 11.535s | update: 0.240s | total: 11.774s | samples/s: 4522
Iteration 0374 | train reward: 1324.20 | best: 1402.37 | KL: 1.006e-03 | std: 0.5094 | rollout: 11.847s | update: 0.339s | total: 12.185s | samples/s: 4252
Iteration 0375 | train reward: 1367.90 | best: 1402.37 | KL: 8.731e-04 | std: 0.5078 | rollout: 11.759s | update: 0.356s | total: 12.114s | samples/s: 4433
Iteration 0376 | train reward: 1352.10 | best: 1402.37 | KL: 1.262e-03 | std: 0.5070 | rollout: 12.166s | update: 0.139s | total: 12.305s | samples/s: 4316
Iteration 0377 | train reward: 1317.77 | best: 1402.37 | KL: 9.629e-04 | std: 0.5078 | rollout: 12.153s | update: 0.137s | total: 12.290s | samples/s: 4206
Iteration 0378 | train reward: 1362.98 | best: 1402.37 | KL: 1.017e-03 | std: 0.5077 | rollout: 12.389s | update: 0.135s | total: 12.524s | samples/s: 4230
Iteration 0379 | train reward: 1408.15 | best: 1408.15 | KL: 1.004e-03 | std: 0.5070 | rollout: 12.316s | update: 0.434s | total: 12.750s | samples/s: 4320
Iteration 0380 | train reward: 1398.81 | best: 1408.15 | KL: 1.243e-03 | std: 0.5078 | rollout: 13.028s | update: 0.269s | total: 13.297s | samples/s: 4129
Iteration 0381 | train reward: 1333.58 | best: 1408.15 | KL: 7.601e-04 | std: 0.5089 | rollout: 13.365s | update: 0.266s | total: 13.631s | samples/s: 3828
Iteration 0382 | train reward: 1366.31 | best: 1408.15 | KL: 1.182e-03 | std: 0.5089 | rollout: 12.374s | update: 0.331s | total: 12.705s | samples/s: 4235
Iteration 0383 | train reward: 1348.65 | best: 1408.15 | KL: 6.486e-04 | std: 0.5088 | rollout: 12.917s | update: 0.164s | total: 13.081s | samples/s: 4078
Iteration 0384 | train reward: 1397.78 | best: 1408.15 | KL: 1.040e-03 | std: 0.5070 | rollout: 12.103s | update: 0.167s | total: 12.270s | samples/s: 4462
Iteration 0385 | train reward: 1392.29 | best: 1408.15 | KL: 1.083e-03 | std: 0.5060 | rollout: 12.319s | update: 0.473s | total: 12.792s | samples/s: 4283
Iteration 0386 | train reward: 1349.95 | best: 1408.15 | KL: 1.320e-03 | std: 0.5081 | rollout: 12.852s | update: 0.389s | total: 13.241s | samples/s: 3965
Iteration 0387 | train reward: 1386.56 | best: 1408.15 | KL: 1.179e-03 | std: 0.5088 | rollout: 12.693s | update: 0.217s | total: 12.909s | samples/s: 4200
Iteration 0388 | train reward: 1397.84 | best: 1408.15 | KL: 1.340e-03 | std: 0.5078 | rollout: 11.938s | update: 0.145s | total: 12.083s | samples/s: 4544
Iteration 0389 | train reward: 1393.06 | best: 1408.15 | KL: 1.268e-03 | std: 0.5062 | rollout: 12.215s | update: 0.301s | total: 12.515s | samples/s: 4371
Iteration 0390 | train reward: 1416.03 | best: 1416.03 | KL: 1.012e-03 | std: 0.5050 | rollout: 12.275s | update: 0.297s | total: 12.572s | samples/s: 4495
Iteration 0391 | train reward: 1394.19 | best: 1416.03 | KL: 1.115e-03 | std: 0.5050 | rollout: 12.452s | update: 0.246s | total: 12.697s | samples/s: 4335
Iteration 0392 | train reward: 1399.80 | best: 1416.03 | KL: 7.062e-04 | std: 0.5050 | rollout: 13.144s | update: 0.387s | total: 13.531s | samples/s: 4051
Iteration 0393 | train reward: 1373.03 | best: 1416.03 | KL: 1.559e-03 | std: 0.5036 | rollout: 12.413s | update: 0.137s | total: 12.550s | samples/s: 4296
Iteration 0394 | train reward: 1360.71 | best: 1416.03 | KL: 1.098e-03 | std: 0.5036 | rollout: 12.355s | update: 0.123s | total: 12.478s | samples/s: 4267
Iteration 0395 | train reward: 1402.85 | best: 1416.03 | KL: 1.195e-03 | std: 0.5068 | rollout: 12.500s | update: 0.402s | total: 12.902s | samples/s: 4218
Iteration 0396 | train reward: 1399.58 | best: 1416.03 | KL: 8.407e-04 | std: 0.5050 | rollout: 13.228s | update: 0.466s | total: 13.695s | samples/s: 4012
Iteration 0397 | train reward: 1371.83 | best: 1416.03 | KL: 9.322e-04 | std: 0.5042 | rollout: 12.610s | update: 0.485s | total: 13.095s | samples/s: 4100
Iteration 0398 | train reward: 1368.49 | best: 1416.03 | KL: 8.826e-04 | std: 0.5049 | rollout: 13.124s | update: 0.557s | total: 13.681s | samples/s: 3878
Iteration 0399 | train reward: 1342.37 | best: 1416.03 | KL: 1.057e-03 | std: 0.5049 | rollout: 13.008s | update: 0.273s | total: 13.281s | samples/s: 3885
Iteration 0400 | train reward: 1361.88 | best: 1416.03 | KL: 1.137e-03 | std: 0.5037 | rollout: 11.954s | update: 0.136s | total: 12.090s | samples/s: 4378
Iteration 0401 | train reward: 1390.28 | best: 1416.03 | KL: 1.530e-03 | std: 0.5026 | rollout: 12.095s | update: 0.148s | total: 12.243s | samples/s: 4384
Iteration 0402 | train reward: 1374.78 | best: 1416.03 | KL: 9.828e-04 | std: 0.5018 | rollout: 12.691s | update: 0.244s | total: 12.935s | samples/s: 4113
Iteration 0403 | train reward: 1342.11 | best: 1416.03 | KL: 7.481e-04 | std: 0.5018 | rollout: 12.270s | update: 0.144s | total: 12.414s | samples/s: 4151
Iteration 0404 | train reward: 1382.58 | best: 1416.03 | KL: 7.941e-04 | std: 0.5008 | rollout: 12.322s | update: 0.461s | total: 12.783s | samples/s: 4210
Iteration 0405 | train reward: 1403.85 | best: 1416.03 | KL: 1.128e-03 | std: 0.5010 | rollout: 13.987s | update: 0.810s | total: 14.797s | samples/s: 3708
Iteration 0406 | train reward: 1424.91 | best: 1424.91 | KL: 1.171e-03 | std: 0.5010 | rollout: 13.596s | update: 0.681s | total: 14.278s | samples/s: 3878
Iteration 0407 | train reward: 1379.48 | best: 1424.91 | KL: 1.344e-03 | std: 0.5001 | rollout: 12.506s | update: 0.164s | total: 12.670s | samples/s: 4310
Iteration 0408 | train reward: 1396.53 | best: 1424.91 | KL: 7.629e-04 | std: 0.5023 | rollout: 12.328s | update: 0.474s | total: 12.802s | samples/s: 4275
Iteration 0409 | train reward: 1445.76 | best: 1445.76 | KL: 1.690e-03 | std: 0.4998 | rollout: 13.130s | update: 0.310s | total: 13.439s | samples/s: 4216
Iteration 0410 | train reward: 1395.53 | best: 1445.76 | KL: 9.105e-04 | std: 0.4976 | rollout: 12.711s | update: 0.908s | total: 13.619s | samples/s: 3992
Iteration 0411 | train reward: 1451.15 | best: 1451.15 | KL: 1.185e-03 | std: 0.5000 | rollout: 12.326s | update: 0.150s | total: 12.476s | samples/s: 4541
Iteration 0412 | train reward: 1432.08 | best: 1451.15 | KL: 1.088e-03 | std: 0.5000 | rollout: 12.297s | update: 0.365s | total: 12.662s | samples/s: 4408
Iteration 0413 | train reward: 1469.39 | best: 1469.39 | KL: 1.267e-03 | std: 0.4992 | rollout: 12.493s | update: 0.504s | total: 12.997s | samples/s: 4407
Iteration 0414 | train reward: 1416.49 | best: 1469.39 | KL: 9.894e-04 | std: 0.5000 | rollout: 12.521s | update: 0.316s | total: 12.837s | samples/s: 4298
Iteration 0415 | train reward: 1435.99 | best: 1469.39 | KL: 5.708e-04 | std: 0.4992 | rollout: 12.679s | update: 0.716s | total: 13.394s | samples/s: 4161
Iteration 0416 | train reward: 1426.55 | best: 1469.39 | KL: 1.133e-03 | std: 0.4982 | rollout: 12.265s | update: 0.218s | total: 12.483s | samples/s: 4466
Iteration 0417 | train reward: 1409.81 | best: 1469.39 | KL: 8.144e-04 | std: 0.4998 | rollout: 11.830s | update: 0.296s | total: 12.126s | samples/s: 4519
Iteration 0418 | train reward: 1379.71 | best: 1469.39 | KL: 7.907e-04 | std: 0.4998 | rollout: 11.848s | update: 0.153s | total: 12.001s | samples/s: 4503
Iteration 0419 | train reward: 1396.27 | best: 1469.39 | KL: 1.225e-03 | std: 0.5008 | rollout: 12.018s | update: 0.259s | total: 12.277s | samples/s: 4465
Iteration 0420 | train reward: 1439.91 | best: 1469.39 | KL: 8.989e-04 | std: 0.5000 | rollout: 11.975s | update: 0.137s | total: 12.112s | samples/s: 4659
Iteration 0421 | train reward: 1408.34 | best: 1469.39 | KL: 1.048e-03 | std: 0.4998 | rollout: 12.146s | update: 0.218s | total: 12.365s | samples/s: 4457
Iteration 0422 | train reward: 1439.14 | best: 1469.39 | KL: 1.148e-03 | std: 0.4992 | rollout: 12.102s | update: 0.160s | total: 12.262s | samples/s: 4609
Iteration 0423 | train reward: 1387.09 | best: 1469.39 | KL: 1.028e-03 | std: 0.4982 | rollout: 12.112s | update: 0.139s | total: 12.251s | samples/s: 4408
Iteration 0424 | train reward: 1413.62 | best: 1469.39 | KL: 1.476e-03 | std: 0.4956 | rollout: 12.160s | update: 0.488s | total: 12.648s | samples/s: 4412
Iteration 0425 | train reward: 1429.53 | best: 1469.39 | KL: 1.003e-03 | std: 0.4947 | rollout: 12.434s | update: 0.234s | total: 12.668s | samples/s: 4401
Iteration 0426 | train reward: 1400.94 | best: 1469.39 | KL: 9.089e-04 | std: 0.4939 | rollout: 12.403s | update: 0.258s | total: 12.660s | samples/s: 4313
Iteration 0427 | train reward: 1440.85 | best: 1469.39 | KL: 6.225e-04 | std: 0.4930 | rollout: 12.201s | update: 0.173s | total: 12.374s | samples/s: 4516
Iteration 0428 | train reward: 1439.87 | best: 1469.39 | KL: 1.121e-03 | std: 0.4922 | rollout: 12.540s | update: 0.273s | total: 12.813s | samples/s: 4379
Iteration 0429 | train reward: 1422.73 | best: 1469.39 | KL: 9.087e-04 | std: 0.4914 | rollout: 12.131s | update: 0.138s | total: 12.269s | samples/s: 4566
Iteration 0430 | train reward: 1427.75 | best: 1469.39 | KL: 1.049e-03 | std: 0.4914 | rollout: 12.291s | update: 0.420s | total: 12.711s | samples/s: 4413
Iteration 0431 | train reward: 1432.47 | best: 1469.39 | KL: 1.194e-03 | std: 0.4921 | rollout: 11.963s | update: 0.294s | total: 12.257s | samples/s: 4581
Iteration 0432 | train reward: 1461.00 | best: 1469.39 | KL: 1.089e-03 | std: 0.4898 | rollout: 12.773s | update: 0.722s | total: 13.495s | samples/s: 4267
Iteration 0433 | train reward: 1431.14 | best: 1469.39 | KL: 8.446e-04 | std: 0.4893 | rollout: 13.028s | update: 0.142s | total: 13.170s | samples/s: 4248
Iteration 0434 | train reward: 1442.51 | best: 1469.39 | KL: 1.099e-03 | std: 0.4896 | rollout: 12.836s | update: 0.139s | total: 12.975s | samples/s: 4372
Iteration 0435 | train reward: 1437.95 | best: 1469.39 | KL: 1.392e-03 | std: 0.4893 | rollout: 12.078s | update: 0.317s | total: 12.395s | samples/s: 4501
Iteration 0436 | train reward: 1411.41 | best: 1469.39 | KL: 1.352e-03 | std: 0.4913 | rollout: 12.454s | update: 0.409s | total: 12.862s | samples/s: 4266
Iteration 0437 | train reward: 1421.46 | best: 1469.39 | KL: 1.016e-03 | std: 0.4922 | rollout: 11.815s | update: 0.371s | total: 12.186s | samples/s: 4558
Iteration 0438 | train reward: 1411.04 | best: 1469.39 | KL: 1.198e-03 | std: 0.4938 | rollout: 11.848s | update: 0.314s | total: 12.162s | samples/s: 4502
Iteration 0439 | train reward: 1447.95 | best: 1469.39 | KL: 9.167e-04 | std: 0.4938 | rollout: 11.667s | update: 0.145s | total: 11.812s | samples/s: 4728
Iteration 0440 | train reward: 1403.88 | best: 1469.39 | KL: 1.107e-03 | std: 0.4939 | rollout: 11.829s | update: 0.136s | total: 11.965s | samples/s: 4496
Iteration 0441 | train reward: 1447.73 | best: 1469.39 | KL: 1.453e-03 | std: 0.4930 | rollout: 11.723s | update: 0.190s | total: 11.912s | samples/s: 4707
Iteration 0442 | train reward: 1417.87 | best: 1469.39 | KL: 1.307e-03 | std: 0.4932 | rollout: 13.251s | update: 0.125s | total: 13.377s | samples/s: 4078
Iteration 0443 | train reward: 1415.38 | best: 1469.39 | KL: 8.836e-04 | std: 0.4945 | rollout: 11.684s | update: 0.125s | total: 11.809s | samples/s: 4633
Iteration 0444 | train reward: 1440.14 | best: 1469.39 | KL: 1.262e-03 | std: 0.4912 | rollout: 10.773s | update: 0.302s | total: 11.076s | samples/s: 5011
Iteration 0445 | train reward: 1433.54 | best: 1469.39 | KL: 1.423e-03 | std: 0.4896 | rollout: 10.053s | update: 0.399s | total: 10.453s | samples/s: 5261
Iteration 0446 | train reward: 1436.73 | best: 1469.39 | KL: 1.472e-03 | std: 0.4886 | rollout: 10.198s | update: 0.289s | total: 10.487s | samples/s: 5304
Iteration 0447 | train reward: 1421.54 | best: 1469.39 | KL: 1.183e-03 | std: 0.4878 | rollout: 9.994s | update: 0.290s | total: 10.283s | samples/s: 5357
Iteration 0448 | train reward: 1426.52 | best: 1469.39 | KL: 1.276e-03 | std: 0.4861 | rollout: 10.567s | update: 0.337s | total: 10.903s | samples/s: 5021
Iteration 0449 | train reward: 1433.80 | best: 1469.39 | KL: 1.032e-03 | std: 0.4846 | rollout: 10.035s | update: 0.128s | total: 10.163s | samples/s: 5437
Iteration 0450 | train reward: 1452.88 | best: 1469.39 | KL: 7.663e-04 | std: 0.4833 | rollout: 10.217s | update: 0.208s | total: 10.426s | samples/s: 5335
Iteration 0451 | train reward: 1411.04 | best: 1469.39 | KL: 1.030e-03 | std: 0.4818 | rollout: 10.191s | update: 0.171s | total: 10.362s | samples/s: 5235
Iteration 0452 | train reward: 1437.81 | best: 1469.39 | KL: 1.293e-03 | std: 0.4835 | rollout: 9.823s | update: 0.124s | total: 9.948s | samples/s: 5502
Iteration 0453 | train reward: 1456.65 | best: 1469.39 | KL: 1.350e-03 | std: 0.4841 | rollout: 10.542s | update: 0.188s | total: 10.730s | samples/s: 5224
Iteration 0454 | train reward: 1465.81 | best: 1469.39 | KL: 9.949e-04 | std: 0.4851 | rollout: 10.620s | update: 0.219s | total: 10.839s | samples/s: 5238
Iteration 0455 | train reward: 1424.35 | best: 1469.39 | KL: 8.375e-04 | std: 0.4834 | rollout: 9.776s | update: 0.212s | total: 9.987s | samples/s: 5548
Iteration 0456 | train reward: 1450.96 | best: 1469.39 | KL: 1.276e-03 | std: 0.4836 | rollout: 9.950s | update: 0.219s | total: 10.169s | samples/s: 5507
Iteration 0457 | train reward: 1450.41 | best: 1469.39 | KL: 9.706e-04 | std: 0.4836 | rollout: 10.176s | update: 0.129s | total: 10.305s | samples/s: 5397
Iteration 0458 | train reward: 1480.74 | best: 1480.74 | KL: 1.204e-03 | std: 0.4836 | rollout: 10.407s | update: 0.124s | total: 10.532s | samples/s: 5397
Iteration 0459 | train reward: 1417.64 | best: 1480.74 | KL: 1.408e-03 | std: 0.4833 | rollout: 10.712s | update: 0.323s | total: 11.035s | samples/s: 4923
Iteration 0460 | train reward: 1508.24 | best: 1508.24 | KL: 9.818e-04 | std: 0.4836 | rollout: 10.570s | update: 0.246s | total: 10.816s | samples/s: 5391
Iteration 0461 | train reward: 1456.25 | best: 1508.24 | KL: 8.658e-04 | std: 0.4809 | rollout: 10.655s | update: 0.173s | total: 10.827s | samples/s: 5186
Iteration 0462 | train reward: 1480.59 | best: 1508.24 | KL: 1.595e-03 | std: 0.4810 | rollout: 9.890s | update: 0.201s | total: 10.091s | samples/s: 5681
Iteration 0463 | train reward: 1436.54 | best: 1508.24 | KL: 9.331e-04 | std: 0.4817 | rollout: 10.107s | update: 0.138s | total: 10.245s | samples/s: 5358
Iteration 0464 | train reward: 1422.26 | best: 1508.24 | KL: 1.088e-03 | std: 0.4817 | rollout: 10.446s | update: 0.349s | total: 10.795s | samples/s: 5061
Iteration 0465 | train reward: 1475.13 | best: 1508.24 | KL: 1.067e-03 | std: 0.4818 | rollout: 11.059s | update: 0.556s | total: 11.616s | samples/s: 4911
Iteration 0466 | train reward: 1447.84 | best: 1508.24 | KL: 1.155e-03 | std: 0.4810 | rollout: 10.134s | update: 0.338s | total: 10.472s | samples/s: 5333
Iteration 0467 | train reward: 1491.54 | best: 1508.24 | KL: 6.921e-04 | std: 0.4810 | rollout: 11.783s | update: 0.382s | total: 12.165s | samples/s: 4750
Iteration 0468 | train reward: 1450.26 | best: 1508.24 | KL: 1.085e-03 | std: 0.4816 | rollout: 8.359s | update: 0.155s | total: 8.514s | samples/s: 6600
Iteration 0469 | train reward: 1438.68 | best: 1508.24 | KL: 1.034e-03 | std: 0.4800 | rollout: 8.515s | update: 0.146s | total: 8.660s | samples/s: 6418
Iteration 0470 | train reward: 1444.87 | best: 1508.24 | KL: 1.349e-03 | std: 0.4802 | rollout: 8.182s | update: 0.197s | total: 8.379s | samples/s: 6681
Iteration 0471 | train reward: 1457.53 | best: 1508.24 | KL: 9.165e-04 | std: 0.4817 | rollout: 8.177s | update: 0.167s | total: 8.344s | samples/s: 6773
Iteration 0472 | train reward: 1415.61 | best: 1508.24 | KL: 1.293e-03 | std: 0.4816 | rollout: 8.378s | update: 0.131s | total: 8.509s | samples/s: 6391
Iteration 0473 | train reward: 1456.57 | best: 1508.24 | KL: 9.848e-04 | std: 0.4800 | rollout: 8.627s | update: 0.353s | total: 8.980s | samples/s: 6289
Iteration 0474 | train reward: 1437.73 | best: 1508.24 | KL: 1.102e-03 | std: 0.4816 | rollout: 8.231s | update: 0.114s | total: 8.345s | samples/s: 6602
Iteration 0475 | train reward: 1473.66 | best: 1508.24 | KL: 1.357e-03 | std: 0.4794 | rollout: 8.142s | update: 0.132s | total: 8.274s | samples/s: 6922
Iteration 0476 | train reward: 1470.34 | best: 1508.24 | KL: 1.094e-03 | std: 0.4800 | rollout: 8.421s | update: 0.135s | total: 8.556s | samples/s: 6555
Iteration 0477 | train reward: 1444.11 | best: 1508.24 | KL: 1.316e-03 | std: 0.4791 | rollout: 8.676s | update: 0.130s | total: 8.806s | samples/s: 6274
Iteration 0478 | train reward: 1487.74 | best: 1508.24 | KL: 1.096e-03 | std: 0.4784 | rollout: 8.050s | update: 0.129s | total: 8.179s | samples/s: 6954
Iteration 0479 | train reward: 1465.71 | best: 1508.24 | KL: 1.371e-03 | std: 0.4783 | rollout: 8.406s | update: 0.193s | total: 8.598s | samples/s: 6529
Iteration 0480 | train reward: 1467.67 | best: 1508.24 | KL: 1.175e-03 | std: 0.4776 | rollout: 8.043s | update: 0.176s | total: 8.220s | samples/s: 6824
Iteration 0481 | train reward: 1411.24 | best: 1508.24 | KL: 1.063e-03 | std: 0.4781 | rollout: 8.533s | update: 0.132s | total: 8.665s | samples/s: 6168
Iteration 0482 | train reward: 1459.67 | best: 1508.24 | KL: 1.044e-03 | std: 0.4789 | rollout: 8.346s | update: 0.134s | total: 8.480s | samples/s: 6556
Iteration 0483 | train reward: 1467.82 | best: 1508.24 | KL: 1.380e-03 | std: 0.4794 | rollout: 8.064s | update: 0.154s | total: 8.218s | samples/s: 6847
Iteration 0484 | train reward: 1469.10 | best: 1508.24 | KL: 9.560e-04 | std: 0.4810 | rollout: 8.395s | update: 0.180s | total: 8.574s | samples/s: 6582
Iteration 0485 | train reward: 1445.70 | best: 1508.24 | KL: 9.851e-04 | std: 0.4800 | rollout: 8.601s | update: 0.492s | total: 9.093s | samples/s: 6056
Iteration 0486 | train reward: 1459.73 | best: 1508.24 | KL: 1.222e-03 | std: 0.4792 | rollout: 10.124s | update: 0.261s | total: 10.384s | samples/s: 5377
Iteration 0487 | train reward: 1436.05 | best: 1508.24 | KL: 1.189e-03 | std: 0.4791 | rollout: 10.081s | update: 0.267s | total: 10.348s | samples/s: 5301
Iteration 0488 | train reward: 1410.78 | best: 1508.24 | KL: 7.413e-04 | std: 0.4783 | rollout: 7.954s | update: 0.161s | total: 8.114s | samples/s: 6618
Iteration 0489 | train reward: 1432.69 | best: 1508.24 | KL: 1.093e-03 | std: 0.4776 | rollout: 7.910s | update: 0.219s | total: 8.130s | samples/s: 6684
Iteration 0490 | train reward: 1436.99 | best: 1508.24 | KL: 1.393e-03 | std: 0.4781 | rollout: 8.028s | update: 0.127s | total: 8.154s | samples/s: 6716
Iteration 0491 | train reward: 1456.13 | best: 1508.24 | KL: 1.022e-03 | std: 0.4776 | rollout: 7.908s | update: 0.137s | total: 8.045s | samples/s: 6890
Iteration 0492 | train reward: 1466.68 | best: 1508.24 | KL: 1.187e-03 | std: 0.4794 | rollout: 8.520s | update: 0.146s | total: 8.667s | samples/s: 6501
Iteration 0493 | train reward: 1461.48 | best: 1508.24 | KL: 7.829e-04 | std: 0.4808 | rollout: 8.248s | update: 0.171s | total: 8.419s | samples/s: 6595
Iteration 0494 | train reward: 1470.01 | best: 1508.24 | KL: 9.625e-04 | std: 0.4800 | rollout: 8.286s | update: 0.138s | total: 8.424s | samples/s: 6636
Iteration 0495 | train reward: 1472.84 | best: 1508.24 | KL: 1.020e-03 | std: 0.4809 | rollout: 8.283s | update: 0.179s | total: 8.462s | samples/s: 6636
Iteration 0496 | train reward: 1493.20 | best: 1508.24 | KL: 1.021e-03 | std: 0.4800 | rollout: 8.248s | update: 0.177s | total: 8.425s | samples/s: 6738
Iteration 0497 | train reward: 1510.73 | best: 1510.73 | KL: 7.867e-04 | std: 0.4808 | rollout: 8.177s | update: 0.617s | total: 8.794s | samples/s: 6564
Iteration 0498 | train reward: 1495.52 | best: 1510.73 | KL: 7.175e-04 | std: 0.4800 | rollout: 8.864s | update: 0.181s | total: 9.045s | samples/s: 6395
Iteration 0499 | train reward: 1472.88 | best: 1510.73 | KL: 9.443e-04 | std: 0.4794 | rollout: 9.373s | update: 0.310s | total: 9.684s | samples/s: 5848
Iteration 0500 | train reward: 1498.92 | best: 1510.73 | KL: 1.700e-03 | std: 0.4799 | rollout: 8.504s | update: 0.310s | total: 8.814s | samples/s: 6587
Iteration 0501 | train reward: 1471.22 | best: 1510.73 | KL: 8.381e-04 | std: 0.4809 | rollout: 7.988s | update: 0.131s | total: 8.119s | samples/s: 6916
Iteration 0502 | train reward: 1468.83 | best: 1510.73 | KL: 1.421e-03 | std: 0.4817 | rollout: 8.417s | update: 0.293s | total: 8.710s | samples/s: 6405
Iteration 0503 | train reward: 1493.40 | best: 1510.73 | KL: 8.890e-04 | std: 0.4794 | rollout: 8.232s | update: 0.131s | total: 8.363s | samples/s: 6807
Iteration 0504 | train reward: 1496.57 | best: 1510.73 | KL: 1.036e-03 | std: 0.4794 | rollout: 8.367s | update: 0.146s | total: 8.513s | samples/s: 6725
Iteration 0505 | train reward: 1499.99 | best: 1510.73 | KL: 1.294e-03 | std: 0.4781 | rollout: 8.565s | update: 0.326s | total: 8.890s | samples/s: 6466
Iteration 0506 | train reward: 1496.48 | best: 1510.73 | KL: 1.377e-03 | std: 0.4781 | rollout: 8.712s | update: 0.140s | total: 8.852s | samples/s: 6448
Iteration 0507 | train reward: 1518.10 | best: 1518.10 | KL: 1.349e-03 | std: 0.4774 | rollout: 8.255s | update: 0.139s | total: 8.394s | samples/s: 6998
Iteration 0508 | train reward: 1490.55 | best: 1518.10 | KL: 1.320e-03 | std: 0.4756 | rollout: 8.232s | update: 0.138s | total: 8.370s | samples/s: 6841
Iteration 0509 | train reward: 1477.82 | best: 1518.10 | KL: 9.855e-04 | std: 0.4766 | rollout: 7.925s | update: 0.133s | total: 8.058s | samples/s: 6976
Iteration 0510 | train reward: 1487.99 | best: 1518.10 | KL: 1.203e-03 | std: 0.4748 | rollout: 7.933s | update: 0.164s | total: 8.097s | samples/s: 7047
Iteration 0511 | train reward: 1503.09 | best: 1518.10 | KL: 1.068e-03 | std: 0.4749 | rollout: 7.890s | update: 0.148s | total: 8.038s | samples/s: 7197
Iteration 0512 | train reward: 1495.92 | best: 1518.10 | KL: 8.183e-04 | std: 0.4740 | rollout: 7.828s | update: 0.142s | total: 7.970s | samples/s: 7149
Iteration 0513 | train reward: 1488.03 | best: 1518.10 | KL: 1.734e-03 | std: 0.4724 | rollout: 8.099s | update: 0.182s | total: 8.281s | samples/s: 6882
Iteration 0514 | train reward: 1513.72 | best: 1518.10 | KL: 1.057e-03 | std: 0.4711 | rollout: 8.150s | update: 0.189s | total: 8.339s | samples/s: 6940
Iteration 0515 | train reward: 1492.40 | best: 1518.10 | KL: 1.113e-03 | std: 0.4698 | rollout: 8.139s | update: 0.146s | total: 8.285s | samples/s: 6779
Iteration 0516 | train reward: 1469.26 | best: 1518.10 | KL: 1.057e-03 | std: 0.4690 | rollout: 7.790s | update: 0.201s | total: 7.990s | samples/s: 6991
Iteration 0517 | train reward: 1479.75 | best: 1518.10 | KL: 1.059e-03 | std: 0.4705 | rollout: 8.090s | update: 0.320s | total: 8.410s | samples/s: 6642
Iteration 0518 | train reward: 1501.48 | best: 1518.10 | KL: 1.015e-03 | std: 0.4716 | rollout: 8.190s | update: 0.130s | total: 8.320s | samples/s: 6941
Iteration 0519 | train reward: 1491.10 | best: 1518.10 | KL: 1.480e-03 | std: 0.4711 | rollout: 7.803s | update: 0.133s | total: 7.935s | samples/s: 7080
Iteration 0520 | train reward: 1488.46 | best: 1518.10 | KL: 8.943e-04 | std: 0.4698 | rollout: 8.103s | update: 0.171s | total: 8.274s | samples/s: 6858
Iteration 0521 | train reward: 1519.73 | best: 1519.73 | KL: 1.143e-03 | std: 0.4696 | rollout: 7.833s | update: 0.167s | total: 8.000s | samples/s: 7188
Iteration 0522 | train reward: 1477.96 | best: 1519.73 | KL: 1.254e-03 | std: 0.4711 | rollout: 7.898s | update: 0.124s | total: 8.022s | samples/s: 6903
Iteration 0523 | train reward: 1532.04 | best: 1532.04 | KL: 1.186e-03 | std: 0.4690 | rollout: 8.042s | update: 0.127s | total: 8.170s | samples/s: 7163
Iteration 0524 | train reward: 1516.21 | best: 1532.04 | KL: 1.077e-03 | std: 0.4685 | rollout: 8.109s | update: 0.151s | total: 8.260s | samples/s: 6949
Iteration 0525 | train reward: 1466.61 | best: 1532.04 | KL: 1.514e-03 | std: 0.4679 | rollout: 7.972s | update: 0.130s | total: 8.102s | samples/s: 6923
Iteration 0526 | train reward: 1497.09 | best: 1532.04 | KL: 1.086e-03 | std: 0.4677 | rollout: 7.890s | update: 0.132s | total: 8.022s | samples/s: 7024
Iteration 0527 | train reward: 1529.57 | best: 1532.04 | KL: 1.156e-03 | std: 0.4688 | rollout: 7.873s | update: 0.132s | total: 8.005s | samples/s: 7290
Iteration 0528 | train reward: 1537.10 | best: 1537.10 | KL: 1.037e-03 | std: 0.4695 | rollout: 8.169s | update: 0.139s | total: 8.308s | samples/s: 7002
Iteration 0529 | train reward: 1516.89 | best: 1537.10 | KL: 1.193e-03 | std: 0.4695 | rollout: 8.182s | update: 0.128s | total: 8.310s | samples/s: 6972
Iteration 0530 | train reward: 1524.24 | best: 1537.10 | KL: 1.021e-03 | std: 0.4679 | rollout: 8.091s | update: 0.146s | total: 8.237s | samples/s: 7051
Iteration 0531 | train reward: 1510.26 | best: 1537.10 | KL: 1.271e-03 | std: 0.4679 | rollout: 8.140s | update: 0.155s | total: 8.295s | samples/s: 6942
Iteration 0532 | train reward: 1521.59 | best: 1537.10 | KL: 1.299e-03 | std: 0.4677 | rollout: 8.146s | update: 0.133s | total: 8.278s | samples/s: 7090
Iteration 0533 | train reward: 1507.63 | best: 1537.10 | KL: 1.376e-03 | std: 0.4677 | rollout: 8.061s | update: 0.122s | total: 8.183s | samples/s: 7025
Iteration 0534 | train reward: 1549.01 | best: 1549.01 | KL: 1.268e-03 | std: 0.4669 | rollout: 8.180s | update: 0.154s | total: 8.334s | samples/s: 7185
Iteration 0535 | train reward: 1522.75 | best: 1549.01 | KL: 1.148e-03 | std: 0.4659 | rollout: 7.963s | update: 0.262s | total: 8.225s | samples/s: 7081
Iteration 0536 | train reward: 1498.73 | best: 1549.01 | KL: 8.806e-04 | std: 0.4637 | rollout: 8.024s | update: 0.138s | total: 8.162s | samples/s: 7036
Iteration 0537 | train reward: 1512.04 | best: 1549.01 | KL: 1.330e-03 | std: 0.4633 | rollout: 7.920s | update: 0.204s | total: 8.124s | samples/s: 7090
Iteration 0538 | train reward: 1526.12 | best: 1549.01 | KL: 1.683e-03 | std: 0.4627 | rollout: 8.010s | update: 0.155s | total: 8.165s | samples/s: 7180
Iteration 0539 | train reward: 1482.70 | best: 1549.01 | KL: 1.079e-03 | std: 0.4633 | rollout: 8.020s | update: 0.124s | total: 8.144s | samples/s: 6946
Iteration 0540 | train reward: 1513.08 | best: 1549.01 | KL: 1.067e-03 | std: 0.4635 | rollout: 8.006s | update: 0.118s | total: 8.124s | samples/s: 6961
Iteration 0541 | train reward: 1500.34 | best: 1549.01 | KL: 7.785e-04 | std: 0.4635 | rollout: 8.224s | update: 0.274s | total: 8.498s | samples/s: 6595
Iteration 0542 | train reward: 1529.06 | best: 1549.01 | KL: 1.134e-03 | std: 0.4638 | rollout: 7.904s | update: 0.142s | total: 8.046s | samples/s: 7200
Iteration 0543 | train reward: 1493.44 | best: 1549.01 | KL: 1.179e-03 | std: 0.4633 | rollout: 7.852s | update: 0.185s | total: 8.038s | samples/s: 7053
Iteration 0544 | train reward: 1521.82 | best: 1549.01 | KL: 8.975e-04 | std: 0.4635 | rollout: 8.319s | update: 0.389s | total: 8.708s | samples/s: 6594
Iteration 0545 | train reward: 1517.33 | best: 1549.01 | KL: 1.128e-03 | std: 0.4644 | rollout: 7.963s | update: 0.132s | total: 8.095s | samples/s: 7128
Iteration 0546 | train reward: 1525.34 | best: 1549.01 | KL: 9.324e-04 | std: 0.4646 | rollout: 7.850s | update: 0.139s | total: 7.989s | samples/s: 7318
Iteration 0547 | train reward: 1532.04 | best: 1549.01 | KL: 1.174e-03 | std: 0.4643 | rollout: 8.005s | update: 0.166s | total: 8.171s | samples/s: 7110
Iteration 0548 | train reward: 1572.96 | best: 1572.96 | KL: 1.049e-03 | std: 0.4662 | rollout: 8.903s | update: 0.254s | total: 9.156s | samples/s: 6537
Iteration 0549 | train reward: 1536.95 | best: 1572.96 | KL: 1.188e-03 | std: 0.4672 | rollout: 9.268s | update: 0.126s | total: 9.394s | samples/s: 6345
Iteration 0550 | train reward: 1517.80 | best: 1572.96 | KL: 1.562e-03 | std: 0.4661 | rollout: 8.569s | update: 0.138s | total: 8.706s | samples/s: 6692
Iteration 0551 | train reward: 1538.92 | best: 1572.96 | KL: 1.171e-03 | std: 0.4659 | rollout: 8.900s | update: 0.194s | total: 9.094s | samples/s: 6378
Iteration 0552 | train reward: 1514.63 | best: 1572.96 | KL: 7.725e-04 | std: 0.4670 | rollout: 7.965s | update: 0.302s | total: 8.267s | samples/s: 6937
Iteration 0553 | train reward: 1520.90 | best: 1572.96 | KL: 1.286e-03 | std: 0.4688 | rollout: 8.063s | update: 0.127s | total: 8.190s | samples/s: 7077
Iteration 0554 | train reward: 1527.03 | best: 1572.96 | KL: 1.020e-03 | std: 0.4685 | rollout: 7.957s | update: 0.139s | total: 8.095s | samples/s: 7238
Iteration 0555 | train reward: 1537.14 | best: 1572.96 | KL: 1.024e-03 | std: 0.4695 | rollout: 8.189s | update: 0.150s | total: 8.339s | samples/s: 7013
Iteration 0556 | train reward: 1534.28 | best: 1572.96 | KL: 8.425e-04 | std: 0.4696 | rollout: 8.249s | update: 0.145s | total: 8.394s | samples/s: 6995
Iteration 0557 | train reward: 1520.93 | best: 1572.96 | KL: 1.012e-03 | std: 0.4690 | rollout: 8.048s | update: 0.136s | total: 8.184s | samples/s: 7094
Iteration 0558 | train reward: 1534.95 | best: 1572.96 | KL: 1.447e-03 | std: 0.4696 | rollout: 7.893s | update: 0.230s | total: 8.122s | samples/s: 7259
Iteration 0559 | train reward: 1558.06 | best: 1572.96 | KL: 1.336e-03 | std: 0.4687 | rollout: 8.021s | update: 0.136s | total: 8.157s | samples/s: 7211
Iteration 0560 | train reward: 1548.90 | best: 1572.96 | KL: 1.562e-03 | std: 0.4687 | rollout: 8.302s | update: 0.146s | total: 8.448s | samples/s: 6922
Iteration 0561 | train reward: 1515.55 | best: 1572.96 | KL: 1.465e-03 | std: 0.4679 | rollout: 8.474s | update: 0.184s | total: 8.657s | samples/s: 6614
Iteration 0562 | train reward: 1549.75 | best: 1572.96 | KL: 1.485e-03 | std: 0.4685 | rollout: 8.207s | update: 0.137s | total: 8.344s | samples/s: 7024
Iteration 0563 | train reward: 1504.64 | best: 1572.96 | KL: 1.364e-03 | std: 0.4672 | rollout: 8.201s | update: 0.369s | total: 8.570s | samples/s: 6607
Iteration 0564 | train reward: 1508.18 | best: 1572.96 | KL: 1.174e-03 | std: 0.4686 | rollout: 8.433s | update: 0.242s | total: 8.676s | samples/s: 6609
Iteration 0565 | train reward: 1492.00 | best: 1572.96 | KL: 1.773e-03 | std: 0.4679 | rollout: 7.995s | update: 0.167s | total: 8.162s | samples/s: 6798
Iteration 0566 | train reward: 1497.40 | best: 1572.96 | KL: 9.533e-04 | std: 0.4687 | rollout: 8.145s | update: 0.174s | total: 8.320s | samples/s: 6727
Iteration 0567 | train reward: 1492.72 | best: 1572.96 | KL: 9.310e-04 | std: 0.4677 | rollout: 7.973s | update: 0.141s | total: 8.114s | samples/s: 6853
Iteration 0568 | train reward: 1506.41 | best: 1572.96 | KL: 1.146e-03 | std: 0.4679 | rollout: 8.100s | update: 0.132s | total: 8.232s | samples/s: 6827
Iteration 0569 | train reward: 1506.84 | best: 1572.96 | KL: 1.447e-03 | std: 0.4664 | rollout: 7.983s | update: 0.304s | total: 8.287s | samples/s: 6841
Iteration 0570 | train reward: 1471.14 | best: 1572.96 | KL: 9.449e-04 | std: 0.4664 | rollout: 8.186s | update: 0.176s | total: 8.362s | samples/s: 6548
Iteration 0571 | train reward: 1484.51 | best: 1572.96 | KL: 7.520e-04 | std: 0.4664 | rollout: 8.153s | update: 0.127s | total: 8.280s | samples/s: 6745
Iteration 0572 | train reward: 1506.22 | best: 1572.96 | KL: 6.913e-04 | std: 0.4664 | rollout: 8.121s | update: 0.143s | total: 8.265s | samples/s: 6839
Iteration 0573 | train reward: 1502.53 | best: 1572.96 | KL: 1.173e-03 | std: 0.4664 | rollout: 7.926s | update: 0.128s | total: 8.055s | samples/s: 6957
Iteration 0574 | train reward: 1536.95 | best: 1572.96 | KL: 1.754e-03 | std: 0.4670 | rollout: 8.132s | update: 0.135s | total: 8.267s | samples/s: 6978
Iteration 0575 | train reward: 1506.40 | best: 1572.96 | KL: 8.280e-04 | std: 0.4687 | rollout: 8.174s | update: 0.129s | total: 8.303s | samples/s: 6746
Iteration 0576 | train reward: 1544.65 | best: 1572.96 | KL: 1.268e-03 | std: 0.4687 | rollout: 8.167s | update: 0.149s | total: 8.316s | samples/s: 6965
Iteration 0577 | train reward: 1515.51 | best: 1572.96 | KL: 9.719e-04 | std: 0.4698 | rollout: 7.967s | update: 0.134s | total: 8.100s | samples/s: 7061
Iteration 0578 | train reward: 1528.84 | best: 1572.96 | KL: 1.282e-03 | std: 0.4704 | rollout: 8.656s | update: 0.168s | total: 8.823s | samples/s: 6478
Iteration 0579 | train reward: 1506.18 | best: 1572.96 | KL: 1.236e-03 | std: 0.4729 | rollout: 8.313s | update: 0.162s | total: 8.475s | samples/s: 6557
Iteration 0580 | train reward: 1526.62 | best: 1572.96 | KL: 7.420e-04 | std: 0.4739 | rollout: 7.971s | update: 0.146s | total: 8.117s | samples/s: 7039
Iteration 0581 | train reward: 1518.38 | best: 1572.96 | KL: 9.597e-04 | std: 0.4740 | rollout: 8.044s | update: 0.135s | total: 8.179s | samples/s: 6991
Iteration 0582 | train reward: 1506.07 | best: 1572.96 | KL: 1.525e-03 | std: 0.4739 | rollout: 8.275s | update: 0.145s | total: 8.420s | samples/s: 6755
Iteration 0583 | train reward: 1493.58 | best: 1572.96 | KL: 1.145e-03 | std: 0.4716 | rollout: 8.280s | update: 0.135s | total: 8.415s | samples/s: 6614
Iteration 0584 | train reward: 1495.93 | best: 1572.96 | KL: 1.068e-03 | std: 0.4729 | rollout: 8.403s | update: 0.131s | total: 8.534s | samples/s: 6486
Iteration 0585 | train reward: 1526.11 | best: 1572.96 | KL: 1.410e-03 | std: 0.4711 | rollout: 8.301s | update: 0.370s | total: 8.671s | samples/s: 6487
Iteration 0586 | train reward: 1494.28 | best: 1572.96 | KL: 1.372e-03 | std: 0.4716 | rollout: 8.292s | update: 0.158s | total: 8.450s | samples/s: 6566
Iteration 0587 | train reward: 1501.71 | best: 1572.96 | KL: 1.150e-03 | std: 0.4729 | rollout: 8.020s | update: 0.164s | total: 8.184s | samples/s: 6803
Iteration 0588 | train reward: 1475.70 | best: 1572.96 | KL: 8.642e-04 | std: 0.4722 | rollout: 7.864s | update: 0.128s | total: 7.992s | samples/s: 6875
Iteration 0589 | train reward: 1532.18 | best: 1572.96 | KL: 1.188e-03 | std: 0.4716 | rollout: 8.236s | update: 0.200s | total: 8.437s | samples/s: 6813
Iteration 0590 | train reward: 1505.56 | best: 1572.96 | KL: 1.188e-03 | std: 0.4722 | rollout: 8.042s | update: 0.248s | total: 8.291s | samples/s: 6762
Iteration 0591 | train reward: 1540.09 | best: 1572.96 | KL: 1.224e-03 | std: 0.4729 | rollout: 8.524s | update: 0.132s | total: 8.656s | samples/s: 6680
Iteration 0592 | train reward: 1527.19 | best: 1572.96 | KL: 1.076e-03 | std: 0.4705 | rollout: 8.067s | update: 0.146s | total: 8.213s | samples/s: 6917
Iteration 0593 | train reward: 1519.89 | best: 1572.96 | KL: 9.194e-04 | std: 0.4690 | rollout: 8.605s | update: 0.210s | total: 8.815s | samples/s: 6512
Iteration 0594 | train reward: 1505.35 | best: 1572.96 | KL: 1.409e-03 | std: 0.4688 | rollout: 9.881s | update: 0.317s | total: 10.198s | samples/s: 5562
Iteration 0595 | train reward: 1552.52 | best: 1572.96 | KL: 1.381e-03 | std: 0.4685 | rollout: 8.081s | update: 0.159s | total: 8.240s | samples/s: 7107
Iteration 0596 | train reward: 1578.51 | best: 1578.51 | KL: 8.396e-04 | std: 0.4688 | rollout: 7.929s | update: 0.169s | total: 8.098s | samples/s: 7343
Iteration 0597 | train reward: 1510.96 | best: 1578.51 | KL: 7.839e-04 | std: 0.4685 | rollout: 8.282s | update: 0.237s | total: 8.519s | samples/s: 6598
Iteration 0598 | train reward: 1558.34 | best: 1578.51 | KL: 2.265e-03 | std: 0.4688 | rollout: 8.120s | update: 0.138s | total: 8.259s | samples/s: 7012
Iteration 0599 | train reward: 1522.18 | best: 1578.51 | KL: 9.331e-04 | std: 0.4696 | rollout: 8.025s | update: 0.175s | total: 8.200s | samples/s: 6867
Iteration 0600 | train reward: 1545.49 | best: 1578.51 | KL: 1.311e-03 | std: 0.4687 | rollout: 8.440s | update: 0.193s | total: 8.634s | samples/s: 6733
Iteration 0601 | train reward: 1534.17 | best: 1578.51 | KL: 1.213e-03 | std: 0.4687 | rollout: 8.248s | update: 0.240s | total: 8.488s | samples/s: 6771
Iteration 0602 | train reward: 1510.59 | best: 1578.51 | KL: 9.526e-04 | std: 0.4690 | rollout: 8.451s | update: 0.244s | total: 8.695s | samples/s: 6575
Iteration 0603 | train reward: 1546.98 | best: 1578.51 | KL: 7.012e-04 | std: 0.4696 | rollout: 8.374s | update: 0.231s | total: 8.605s | samples/s: 6773
Iteration 0604 | train reward: 1524.43 | best: 1578.51 | KL: 1.099e-03 | std: 0.4696 | rollout: 8.589s | update: 0.130s | total: 8.719s | samples/s: 6595
Iteration 0605 | train reward: 1544.85 | best: 1578.51 | KL: 1.030e-03 | std: 0.4686 | rollout: 8.076s | update: 0.157s | total: 8.232s | samples/s: 7020
Iteration 0606 | train reward: 1519.75 | best: 1578.51 | KL: 1.368e-03 | std: 0.4677 | rollout: 8.091s | update: 0.134s | total: 8.226s | samples/s: 6881
Iteration 0607 | train reward: 1530.77 | best: 1578.51 | KL: 9.961e-04 | std: 0.4679 | rollout: 7.939s | update: 0.285s | total: 8.224s | samples/s: 6968
Iteration 0608 | train reward: 1533.66 | best: 1578.51 | KL: 1.768e-03 | std: 0.4688 | rollout: 7.924s | update: 0.233s | total: 8.157s | samples/s: 7128
Iteration 0609 | train reward: 1541.41 | best: 1578.51 | KL: 1.246e-03 | std: 0.4671 | rollout: 8.443s | update: 0.240s | total: 8.682s | samples/s: 6691
Iteration 0610 | train reward: 1527.91 | best: 1578.51 | KL: 1.680e-03 | std: 0.4687 | rollout: 9.041s | update: 0.436s | total: 9.477s | samples/s: 6023
Iteration 0611 | train reward: 1564.96 | best: 1578.51 | KL: 1.014e-03 | std: 0.4688 | rollout: 8.755s | update: 0.298s | total: 9.053s | samples/s: 6551
Iteration 0612 | train reward: 1557.45 | best: 1578.51 | KL: 9.982e-04 | std: 0.4695 | rollout: 8.377s | update: 0.386s | total: 8.763s | samples/s: 6696
Iteration 0613 | train reward: 1549.51 | best: 1578.51 | KL: 9.203e-04 | std: 0.4695 | rollout: 8.717s | update: 0.207s | total: 8.924s | samples/s: 6466
Iteration 0614 | train reward: 1532.15 | best: 1578.51 | KL: 1.270e-03 | std: 0.4703 | rollout: 8.622s | update: 0.201s | total: 8.823s | samples/s: 6529
Iteration 0615 | train reward: 1548.91 | best: 1578.51 | KL: 9.081e-04 | std: 0.4698 | rollout: 8.710s | update: 0.180s | total: 8.890s | samples/s: 6461
Iteration 0616 | train reward: 1549.38 | best: 1578.51 | KL: 1.656e-03 | std: 0.4685 | rollout: 8.223s | update: 0.164s | total: 8.387s | samples/s: 6944
Iteration 0617 | train reward: 1515.91 | best: 1578.51 | KL: 1.086e-03 | std: 0.4670 | rollout: 8.134s | update: 0.165s | total: 8.299s | samples/s: 6790
Iteration 0618 | train reward: 1549.27 | best: 1578.51 | KL: 9.166e-04 | std: 0.4664 | rollout: 8.394s | update: 0.169s | total: 8.563s | samples/s: 6737
Iteration 0619 | train reward: 1560.17 | best: 1578.51 | KL: 1.294e-03 | std: 0.4677 | rollout: 8.370s | update: 0.276s | total: 8.646s | samples/s: 6792
Iteration 0620 | train reward: 1577.87 | best: 1578.51 | KL: 1.235e-03 | std: 0.4671 | rollout: 8.210s | update: 0.195s | total: 8.405s | samples/s: 7100
Iteration 0621 | train reward: 1581.04 | best: 1581.04 | KL: 1.459e-03 | std: 0.4651 | rollout: 8.096s | update: 0.206s | total: 8.302s | samples/s: 7168
Iteration 0622 | train reward: 1538.39 | best: 1581.04 | KL: 1.608e-03 | std: 0.4643 | rollout: 8.022s | update: 0.136s | total: 8.157s | samples/s: 7093
Iteration 0623 | train reward: 1555.02 | best: 1581.04 | KL: 1.002e-03 | std: 0.4635 | rollout: 7.891s | update: 0.315s | total: 8.206s | samples/s: 7085
Iteration 0624 | train reward: 1545.42 | best: 1581.04 | KL: 8.798e-04 | std: 0.4644 | rollout: 8.176s | update: 0.201s | total: 8.377s | samples/s: 6872
Iteration 0625 | train reward: 1543.59 | best: 1581.04 | KL: 1.252e-03 | std: 0.4633 | rollout: 8.280s | update: 0.291s | total: 8.571s | samples/s: 6675
Iteration 0626 | train reward: 1558.30 | best: 1581.04 | KL: 1.181e-03 | std: 0.4633 | rollout: 8.315s | update: 0.240s | total: 8.555s | samples/s: 6834
Iteration 0627 | train reward: 1564.85 | best: 1581.04 | KL: 1.645e-03 | std: 0.4635 | rollout: 8.290s | update: 0.218s | total: 8.508s | samples/s: 6826
Iteration 0628 | train reward: 1550.77 | best: 1581.04 | KL: 1.369e-03 | std: 0.4635 | rollout: 7.947s | update: 0.159s | total: 8.106s | samples/s: 7182
Iteration 0629 | train reward: 1543.49 | best: 1581.04 | KL: 1.149e-03 | std: 0.4651 | rollout: 8.299s | update: 0.266s | total: 8.566s | samples/s: 6714
Iteration 0630 | train reward: 1561.62 | best: 1581.04 | KL: 1.083e-03 | std: 0.4627 | rollout: 8.189s | update: 0.158s | total: 8.347s | samples/s: 6896
Iteration 0631 | train reward: 1558.78 | best: 1581.04 | KL: 1.222e-03 | std: 0.4633 | rollout: 8.075s | update: 0.134s | total: 8.209s | samples/s: 7044
Iteration 0632 | train reward: 1528.96 | best: 1581.04 | KL: 9.922e-04 | std: 0.4637 | rollout: 8.367s | update: 0.310s | total: 8.677s | samples/s: 6509
Iteration 0633 | train reward: 1549.48 | best: 1581.04 | KL: 1.032e-03 | std: 0.4638 | rollout: 8.490s | update: 0.219s | total: 8.709s | samples/s: 6565
Iteration 0634 | train reward: 1529.29 | best: 1581.04 | KL: 1.073e-03 | std: 0.4638 | rollout: 8.445s | update: 0.296s | total: 8.741s | samples/s: 6448
Iteration 0635 | train reward: 1539.07 | best: 1581.04 | KL: 9.405e-04 | std: 0.4644 | rollout: 8.972s | update: 0.378s | total: 9.350s | samples/s: 6029
Iteration 0636 | train reward: 1560.08 | best: 1581.04 | KL: 9.912e-04 | std: 0.4644 | rollout: 8.742s | update: 0.186s | total: 8.928s | samples/s: 6462
Iteration 0637 | train reward: 1540.70 | best: 1581.04 | KL: 1.214e-03 | std: 0.4644 | rollout: 8.125s | update: 0.138s | total: 8.263s | samples/s: 6868
Iteration 0638 | train reward: 1592.31 | best: 1592.31 | KL: 1.479e-03 | std: 0.4643 | rollout: 8.256s | update: 0.212s | total: 8.467s | samples/s: 6927
Iteration 0639 | train reward: 1549.35 | best: 1592.31 | KL: 1.221e-03 | std: 0.4653 | rollout: 8.319s | update: 0.162s | total: 8.481s | samples/s: 6697
Iteration 0640 | train reward: 1568.10 | best: 1592.31 | KL: 1.148e-03 | std: 0.4669 | rollout: 8.333s | update: 0.170s | total: 8.503s | samples/s: 6773
Iteration 0641 | train reward: 1553.45 | best: 1592.31 | KL: 1.185e-03 | std: 0.4662 | rollout: 9.057s | update: 0.459s | total: 9.516s | samples/s: 6066
Iteration 0642 | train reward: 1542.82 | best: 1592.31 | KL: 8.864e-04 | std: 0.4664 | rollout: 9.115s | update: 0.228s | total: 9.342s | samples/s: 6077
Iteration 0643 | train reward: 1558.80 | best: 1592.31 | KL: 1.087e-03 | std: 0.4662 | rollout: 8.963s | update: 0.256s | total: 9.219s | samples/s: 6228
Iteration 0644 | train reward: 1591.56 | best: 1592.31 | KL: 1.756e-03 | std: 0.4677 | rollout: 9.142s | update: 0.207s | total: 9.350s | samples/s: 6287
Iteration 0645 | train reward: 1552.65 | best: 1592.31 | KL: 1.468e-03 | std: 0.4659 | rollout: 8.274s | update: 0.177s | total: 8.451s | samples/s: 6742
Iteration 0646 | train reward: 1556.77 | best: 1592.31 | KL: 1.331e-03 | std: 0.4661 | rollout: 8.513s | update: 0.141s | total: 8.655s | samples/s: 6581
Iteration 0647 | train reward: 1574.83 | best: 1592.31 | KL: 7.923e-04 | std: 0.4646 | rollout: 8.128s | update: 0.191s | total: 8.319s | samples/s: 6884
Iteration 0648 | train reward: 1566.50 | best: 1592.31 | KL: 1.066e-03 | std: 0.4644 | rollout: 8.462s | update: 0.302s | total: 8.764s | samples/s: 6561
Iteration 0649 | train reward: 1574.21 | best: 1592.31 | KL: 1.130e-03 | std: 0.4651 | rollout: 8.087s | update: 0.162s | total: 8.249s | samples/s: 7063
Iteration 0650 | train reward: 1617.80 | best: 1617.80 | KL: 1.571e-03 | std: 0.4653 | rollout: 7.842s | update: 0.159s | total: 8.001s | samples/s: 7418
Iteration 0651 | train reward: 1590.45 | best: 1617.80 | KL: 1.342e-03 | std: 0.4664 | rollout: 7.819s | update: 0.165s | total: 7.985s | samples/s: 7313
Iteration 0652 | train reward: 1574.51 | best: 1617.80 | KL: 1.496e-03 | std: 0.4671 | rollout: 8.039s | update: 0.129s | total: 8.168s | samples/s: 7141
Iteration 0653 | train reward: 1556.52 | best: 1617.80 | KL: 1.254e-03 | std: 0.4663 | rollout: 8.197s | update: 0.263s | total: 8.459s | samples/s: 6781
Iteration 0654 | train reward: 1572.47 | best: 1617.80 | KL: 1.257e-03 | std: 0.4671 | rollout: 8.299s | update: 0.278s | total: 8.577s | samples/s: 6719
Iteration 0655 | train reward: 1566.22 | best: 1617.80 | KL: 8.288e-04 | std: 0.4680 | rollout: 8.260s | update: 0.160s | total: 8.420s | samples/s: 6861
Iteration 0656 | train reward: 1580.76 | best: 1617.80 | KL: 1.268e-03 | std: 0.4688 | rollout: 8.267s | update: 0.147s | total: 8.413s | samples/s: 6960
Iteration 0657 | train reward: 1590.61 | best: 1617.80 | KL: 9.029e-04 | std: 0.4687 | rollout: 8.059s | update: 0.315s | total: 8.374s | samples/s: 7004
Iteration 0658 | train reward: 1554.45 | best: 1617.80 | KL: 1.210e-03 | std: 0.4698 | rollout: 8.202s | update: 0.200s | total: 8.402s | samples/s: 6819
Iteration 0659 | train reward: 1551.56 | best: 1617.80 | KL: 1.066e-03 | std: 0.4687 | rollout: 7.965s | update: 0.200s | total: 8.165s | samples/s: 7024
Iteration 0660 | train reward: 1568.46 | best: 1617.80 | KL: 8.507e-04 | std: 0.4679 | rollout: 8.259s | update: 0.188s | total: 8.447s | samples/s: 6829
Iteration 0661 | train reward: 1596.43 | best: 1617.80 | KL: 1.452e-03 | std: 0.4670 | rollout: 8.030s | update: 0.234s | total: 8.264s | samples/s: 7057
Iteration 0662 | train reward: 1566.86 | best: 1617.80 | KL: 1.178e-03 | std: 0.4653 | rollout: 8.271s | update: 0.126s | total: 8.397s | samples/s: 6860
Iteration 0663 | train reward: 1577.69 | best: 1617.80 | KL: 1.403e-03 | std: 0.4625 | rollout: 8.018s | update: 0.164s | total: 8.182s | samples/s: 7140
Iteration 0664 | train reward: 1562.47 | best: 1617.80 | KL: 1.057e-03 | std: 0.4635 | rollout: 8.170s | update: 0.182s | total: 8.352s | samples/s: 6900
Iteration 0665 | train reward: 1592.49 | best: 1617.80 | KL: 1.163e-03 | std: 0.4635 | rollout: 8.375s | update: 0.300s | total: 8.675s | samples/s: 6808
Iteration 0666 | train reward: 1595.50 | best: 1617.80 | KL: 8.309e-04 | std: 0.4644 | rollout: 8.450s | update: 0.185s | total: 8.635s | samples/s: 6859
Iteration 0667 | train reward: 1588.83 | best: 1617.80 | KL: 1.177e-03 | std: 0.4653 | rollout: 8.718s | update: 0.294s | total: 9.012s | samples/s: 6516
Iteration 0668 | train reward: 1574.55 | best: 1617.80 | KL: 1.034e-03 | std: 0.4646 | rollout: 8.083s | update: 0.168s | total: 8.252s | samples/s: 7052
Iteration 0669 | train reward: 1576.98 | best: 1617.80 | KL: 1.461e-03 | std: 0.4651 | rollout: 8.044s | update: 0.124s | total: 8.168s | samples/s: 7153
Iteration 0670 | train reward: 1597.83 | best: 1617.80 | KL: 1.349e-03 | std: 0.4659 | rollout: 8.204s | update: 0.374s | total: 8.578s | samples/s: 6806
Iteration 0671 | train reward: 1606.66 | best: 1617.80 | KL: 1.472e-03 | std: 0.4643 | rollout: 9.136s | update: 0.199s | total: 9.335s | samples/s: 6331
Iteration 0672 | train reward: 1591.42 | best: 1617.80 | KL: 1.355e-03 | std: 0.4627 | rollout: 9.068s | update: 0.220s | total: 9.288s | samples/s: 6294
Iteration 0673 | train reward: 1576.40 | best: 1617.80 | KL: 7.946e-04 | std: 0.4645 | rollout: 8.976s | update: 0.154s | total: 9.130s | samples/s: 6367
Iteration 0674 | train reward: 1551.63 | best: 1617.80 | KL: 1.017e-03 | std: 0.4645 | rollout: 8.525s | update: 0.164s | total: 8.689s | samples/s: 6586
Iteration 0675 | train reward: 1566.03 | best: 1617.80 | KL: 1.106e-03 | std: 0.4627 | rollout: 8.374s | update: 0.164s | total: 8.538s | samples/s: 6731
Iteration 0676 | train reward: 1573.88 | best: 1617.80 | KL: 1.063e-03 | std: 0.4633 | rollout: 8.243s | update: 0.200s | total: 8.444s | samples/s: 6803
Iteration 0677 | train reward: 1619.85 | best: 1619.85 | KL: 8.853e-04 | std: 0.4610 | rollout: 8.126s | update: 0.177s | total: 8.304s | samples/s: 7160
Iteration 0678 | train reward: 1569.38 | best: 1619.85 | KL: 1.162e-03 | std: 0.4607 | rollout: 8.095s | update: 0.166s | total: 8.262s | samples/s: 7013
Iteration 0679 | train reward: 1585.42 | best: 1619.85 | KL: 1.615e-03 | std: 0.4612 | rollout: 8.529s | update: 0.158s | total: 8.687s | samples/s: 6653
Iteration 0680 | train reward: 1601.09 | best: 1619.85 | KL: 9.707e-04 | std: 0.4609 | rollout: 8.069s | update: 0.144s | total: 8.213s | samples/s: 7142
Iteration 0681 | train reward: 1565.11 | best: 1619.85 | KL: 1.337e-03 | std: 0.4625 | rollout: 8.209s | update: 0.141s | total: 8.350s | samples/s: 6874
Iteration 0682 | train reward: 1580.76 | best: 1619.85 | KL: 1.073e-03 | std: 0.4627 | rollout: 8.049s | update: 0.252s | total: 8.301s | samples/s: 6898
Iteration 0683 | train reward: 1579.64 | best: 1619.85 | KL: 1.445e-03 | std: 0.4636 | rollout: 8.399s | update: 0.180s | total: 8.578s | samples/s: 6745
Iteration 0684 | train reward: 1579.81 | best: 1619.85 | KL: 1.393e-03 | std: 0.4638 | rollout: 8.294s | update: 0.200s | total: 8.494s | samples/s: 6854
Iteration 0685 | train reward: 1556.07 | best: 1619.85 | KL: 1.242e-03 | std: 0.4612 | rollout: 8.036s | update: 0.186s | total: 8.222s | samples/s: 7020
Iteration 0686 | train reward: 1577.55 | best: 1619.85 | KL: 1.112e-03 | std: 0.4609 | rollout: 8.294s | update: 0.299s | total: 8.593s | samples/s: 6711
Iteration 0687 | train reward: 1573.11 | best: 1619.85 | KL: 1.150e-03 | std: 0.4584 | rollout: 8.303s | update: 0.148s | total: 8.451s | samples/s: 6801
Iteration 0688 | train reward: 1593.01 | best: 1619.85 | KL: 1.051e-03 | std: 0.4583 | rollout: 8.557s | update: 0.236s | total: 8.793s | samples/s: 6684
Iteration 0689 | train reward: 1580.32 | best: 1619.85 | KL: 9.989e-04 | std: 0.4586 | rollout: 8.640s | update: 0.162s | total: 8.802s | samples/s: 6594
Iteration 0690 | train reward: 1578.28 | best: 1619.85 | KL: 1.206e-03 | std: 0.4609 | rollout: 8.023s | update: 0.192s | total: 8.215s | samples/s: 7036
Iteration 0691 | train reward: 1552.17 | best: 1619.85 | KL: 9.970e-04 | std: 0.4618 | rollout: 8.117s | update: 0.184s | total: 8.301s | samples/s: 6766
Iteration 0692 | train reward: 1553.23 | best: 1619.85 | KL: 1.453e-03 | std: 0.4620 | rollout: 8.190s | update: 0.153s | total: 8.343s | samples/s: 6794
Iteration 0693 | train reward: 1553.81 | best: 1619.85 | KL: 6.411e-04 | std: 0.4635 | rollout: 7.984s | update: 0.168s | total: 8.152s | samples/s: 6956
Iteration 0694 | train reward: 1546.22 | best: 1619.85 | KL: 1.606e-03 | std: 0.4625 | rollout: 8.102s | update: 0.165s | total: 8.267s | samples/s: 6850
Iteration 0695 | train reward: 1582.88 | best: 1619.85 | KL: 8.223e-04 | std: 0.4611 | rollout: 8.024s | update: 0.138s | total: 8.162s | samples/s: 7017
Iteration 0696 | train reward: 1595.48 | best: 1619.85 | KL: 8.722e-04 | std: 0.4620 | rollout: 8.469s | update: 0.196s | total: 8.665s | samples/s: 6667
Iteration 0697 | train reward: 1552.33 | best: 1619.85 | KL: 9.737e-04 | std: 0.4607 | rollout: 8.674s | update: 0.328s | total: 9.002s | samples/s: 6244
Iteration 0698 | train reward: 1555.75 | best: 1619.85 | KL: 1.417e-03 | std: 0.4592 | rollout: 9.353s | update: 0.397s | total: 9.750s | samples/s: 5803
Iteration 0699 | train reward: 1584.82 | best: 1619.85 | KL: 1.125e-03 | std: 0.4594 | rollout: 9.337s | update: 0.514s | total: 9.851s | samples/s: 5825
Iteration 0700 | train reward: 1540.48 | best: 1619.85 | KL: 1.326e-03 | std: 0.4594 | rollout: 8.368s | update: 0.173s | total: 8.541s | samples/s: 6437
Iteration 0701 | train reward: 1564.60 | best: 1619.85 | KL: 8.331e-04 | std: 0.4581 | rollout: 8.390s | update: 0.444s | total: 8.834s | samples/s: 6477
Iteration 0702 | train reward: 1575.63 | best: 1619.85 | KL: 2.145e-03 | std: 0.4583 | rollout: 8.296s | update: 0.238s | total: 8.535s | samples/s: 6772
Iteration 0703 | train reward: 1581.50 | best: 1619.85 | KL: 1.439e-03 | std: 0.4583 | rollout: 7.888s | update: 0.173s | total: 8.062s | samples/s: 7161
Iteration 0704 | train reward: 1578.95 | best: 1619.85 | KL: 1.438e-03 | std: 0.4584 | rollout: 8.111s | update: 0.135s | total: 8.246s | samples/s: 6989
Iteration 0705 | train reward: 1577.33 | best: 1619.85 | KL: 9.881e-04 | std: 0.4584 | rollout: 8.150s | update: 0.175s | total: 8.325s | samples/s: 6983
Iteration 0706 | train reward: 1596.44 | best: 1619.85 | KL: 1.291e-03 | std: 0.4567 | rollout: 8.427s | update: 0.140s | total: 8.567s | samples/s: 6854
Iteration 0707 | train reward: 1573.36 | best: 1619.85 | KL: 1.160e-03 | std: 0.4566 | rollout: 8.406s | update: 0.128s | total: 8.533s | samples/s: 6817
Iteration 0708 | train reward: 1568.56 | best: 1619.85 | KL: 9.952e-04 | std: 0.4557 | rollout: 9.090s | update: 0.499s | total: 9.589s | samples/s: 5985
Iteration 0709 | train reward: 1583.75 | best: 1619.85 | KL: 1.053e-03 | std: 0.4549 | rollout: 8.703s | update: 0.157s | total: 8.859s | samples/s: 6540
Iteration 0710 | train reward: 1595.36 | best: 1619.85 | KL: 1.224e-03 | std: 0.4549 | rollout: 8.534s | update: 0.156s | total: 8.689s | samples/s: 6702
Iteration 0711 | train reward: 1587.17 | best: 1619.85 | KL: 1.497e-03 | std: 0.4540 | rollout: 8.458s | update: 0.213s | total: 8.671s | samples/s: 6618
Iteration 0712 | train reward: 1567.85 | best: 1619.85 | KL: 1.902e-03 | std: 0.4531 | rollout: 8.666s | update: 0.179s | total: 8.845s | samples/s: 6476
Iteration 0713 | train reward: 1590.50 | best: 1619.85 | KL: 1.486e-03 | std: 0.4514 | rollout: 8.898s | update: 0.151s | total: 9.049s | samples/s: 6382
Iteration 0714 | train reward: 1605.10 | best: 1619.85 | KL: 1.177e-03 | std: 0.4508 | rollout: 8.308s | update: 0.174s | total: 8.482s | samples/s: 6914
Iteration 0715 | train reward: 1565.53 | best: 1619.85 | KL: 1.060e-03 | std: 0.4514 | rollout: 8.145s | update: 0.126s | total: 8.271s | samples/s: 6929
Iteration 0716 | train reward: 1599.28 | best: 1619.85 | KL: 1.062e-03 | std: 0.4505 | rollout: 8.285s | update: 0.133s | total: 8.418s | samples/s: 6888
Iteration 0717 | train reward: 1591.00 | best: 1619.85 | KL: 9.100e-04 | std: 0.4529 | rollout: 9.252s | update: 0.308s | total: 9.560s | samples/s: 6058
Iteration 0718 | train reward: 1587.77 | best: 1619.85 | KL: 8.354e-04 | std: 0.4523 | rollout: 8.761s | update: 0.298s | total: 9.059s | samples/s: 6412
Iteration 0719 | train reward: 1589.35 | best: 1619.85 | KL: 1.172e-03 | std: 0.4514 | rollout: 8.878s | update: 0.538s | total: 9.416s | samples/s: 6124
Iteration 0720 | train reward: 1612.41 | best: 1619.85 | KL: 1.118e-03 | std: 0.4529 | rollout: 9.922s | update: 0.325s | total: 10.248s | samples/s: 5702
Iteration 0721 | train reward: 1575.32 | best: 1619.85 | KL: 9.252e-04 | std: 0.4529 | rollout: 9.429s | update: 0.252s | total: 9.681s | samples/s: 5875
Iteration 0722 | train reward: 1572.24 | best: 1619.85 | KL: 1.507e-03 | std: 0.4522 | rollout: 8.820s | update: 0.286s | total: 9.106s | samples/s: 6226
Iteration 0723 | train reward: 1599.46 | best: 1619.85 | KL: 1.533e-03 | std: 0.4516 | rollout: 8.284s | update: 0.430s | total: 8.714s | samples/s: 6658
Iteration 0724 | train reward: 1549.85 | best: 1619.85 | KL: 1.385e-03 | std: 0.4508 | rollout: 8.521s | update: 0.193s | total: 8.713s | samples/s: 6447
Iteration 0725 | train reward: 1573.06 | best: 1619.85 | KL: 1.108e-03 | std: 0.4506 | rollout: 9.041s | update: 0.379s | total: 9.420s | samples/s: 6074
Iteration 0726 | train reward: 1594.64 | best: 1619.85 | KL: 1.342e-03 | std: 0.4505 | rollout: 8.874s | update: 0.376s | total: 9.251s | samples/s: 6281
Iteration 0727 | train reward: 1602.08 | best: 1619.85 | KL: 9.839e-04 | std: 0.4513 | rollout: 8.489s | update: 0.195s | total: 8.684s | samples/s: 6693
Iteration 0728 | train reward: 1549.97 | best: 1619.85 | KL: 1.014e-03 | std: 0.4508 | rollout: 9.051s | update: 0.245s | total: 9.296s | samples/s: 6042
Iteration 0729 | train reward: 1564.48 | best: 1619.85 | KL: 1.244e-03 | std: 0.4505 | rollout: 9.529s | update: 0.152s | total: 9.681s | samples/s: 5885
Iteration 0730 | train reward: 1582.39 | best: 1619.85 | KL: 1.396e-03 | std: 0.4521 | rollout: 9.165s | update: 0.228s | total: 9.393s | samples/s: 6122
Iteration 0731 | train reward: 1560.84 | best: 1619.85 | KL: 1.032e-03 | std: 0.4497 | rollout: 8.200s | update: 0.259s | total: 8.458s | samples/s: 6763
Iteration 0732 | train reward: 1602.04 | best: 1619.85 | KL: 1.223e-03 | std: 0.4489 | rollout: 8.660s | update: 0.206s | total: 8.865s | samples/s: 6612
Iteration 0733 | train reward: 1572.28 | best: 1619.85 | KL: 9.119e-04 | std: 0.4480 | rollout: 8.874s | update: 0.223s | total: 9.097s | samples/s: 6353
Iteration 0734 | train reward: 1599.24 | best: 1619.85 | KL: 1.388e-03 | std: 0.4482 | rollout: 8.554s | update: 0.225s | total: 8.779s | samples/s: 6660
Iteration 0735 | train reward: 1611.96 | best: 1619.85 | KL: 8.248e-04 | std: 0.4490 | rollout: 8.544s | update: 0.189s | total: 8.733s | samples/s: 6729
Iteration 0736 | train reward: 1601.34 | best: 1619.85 | KL: 1.286e-03 | std: 0.4479 | rollout: 8.152s | update: 0.200s | total: 8.352s | samples/s: 7045
Iteration 0737 | train reward: 1599.31 | best: 1619.85 | KL: 1.238e-03 | std: 0.4487 | rollout: 8.157s | update: 0.148s | total: 8.305s | samples/s: 7051
Iteration 0738 | train reward: 1591.28 | best: 1619.85 | KL: 8.855e-04 | std: 0.4481 | rollout: 7.852s | update: 0.227s | total: 8.079s | samples/s: 7218
Iteration 0739 | train reward: 1591.44 | best: 1619.85 | KL: 8.457e-04 | std: 0.4469 | rollout: 8.390s | update: 0.294s | total: 8.684s | samples/s: 6706
Iteration 0740 | train reward: 1573.82 | best: 1619.85 | KL: 1.220e-03 | std: 0.4456 | rollout: 8.308s | update: 0.154s | total: 8.462s | samples/s: 6753
Iteration 0741 | train reward: 1604.84 | best: 1619.85 | KL: 1.338e-03 | std: 0.4444 | rollout: 8.259s | update: 0.178s | total: 8.438s | samples/s: 6958
Iteration 0742 | train reward: 1603.03 | best: 1619.85 | KL: 1.313e-03 | std: 0.4430 | rollout: 8.283s | update: 0.160s | total: 8.444s | samples/s: 6951
Iteration 0743 | train reward: 1595.50 | best: 1619.85 | KL: 9.250e-04 | std: 0.4419 | rollout: 7.896s | update: 0.169s | total: 8.065s | samples/s: 7242
Iteration 0744 | train reward: 1576.34 | best: 1619.85 | KL: 1.024e-03 | std: 0.4426 | rollout: 8.275s | update: 0.182s | total: 8.457s | samples/s: 6844
Iteration 0745 | train reward: 1555.57 | best: 1619.85 | KL: 1.036e-03 | std: 0.4429 | rollout: 8.375s | update: 0.250s | total: 8.626s | samples/s: 6499
Iteration 0746 | train reward: 1592.60 | best: 1619.85 | KL: 9.672e-04 | std: 0.4428 | rollout: 8.318s | update: 0.182s | total: 8.500s | samples/s: 6762
Iteration 0747 | train reward: 1583.49 | best: 1619.85 | KL: 1.268e-03 | std: 0.4438 | rollout: 7.898s | update: 0.145s | total: 8.043s | samples/s: 7176
Iteration 0748 | train reward: 1545.11 | best: 1619.85 | KL: 1.023e-03 | std: 0.4428 | rollout: 7.997s | update: 0.124s | total: 8.121s | samples/s: 6847
Iteration 0749 | train reward: 1541.00 | best: 1619.85 | KL: 2.013e-03 | std: 0.4424 | rollout: 8.290s | update: 0.252s | total: 8.541s | samples/s: 6507
Iteration 0750 | train reward: 1585.53 | best: 1619.85 | KL: 1.297e-03 | std: 0.4410 | rollout: 8.356s | update: 0.184s | total: 8.540s | samples/s: 6669
Iteration 0751 | train reward: 1585.48 | best: 1619.85 | KL: 1.016e-03 | std: 0.4403 | rollout: 8.487s | update: 0.202s | total: 8.689s | samples/s: 6612
Iteration 0752 | train reward: 1583.19 | best: 1619.85 | KL: 1.192e-03 | std: 0.4401 | rollout: 7.986s | update: 0.145s | total: 8.131s | samples/s: 6992
Iteration 0753 | train reward: 1577.35 | best: 1619.85 | KL: 1.202e-03 | std: 0.4392 | rollout: 8.078s | update: 0.148s | total: 8.226s | samples/s: 6922
Iteration 0754 | train reward: 1576.78 | best: 1619.85 | KL: 1.435e-03 | std: 0.4377 | rollout: 8.485s | update: 0.144s | total: 8.629s | samples/s: 6603
Iteration 0755 | train reward: 1588.74 | best: 1619.85 | KL: 1.311e-03 | std: 0.4390 | rollout: 8.119s | update: 0.201s | total: 8.321s | samples/s: 6852
Iteration 0756 | train reward: 1570.41 | best: 1619.85 | KL: 1.402e-03 | std: 0.4384 | rollout: 8.166s | update: 0.227s | total: 8.393s | samples/s: 6781
Iteration 0757 | train reward: 1567.34 | best: 1619.85 | KL: 1.535e-03 | std: 0.4375 | rollout: 8.054s | update: 0.278s | total: 8.332s | samples/s: 6752
Iteration 0758 | train reward: 1592.59 | best: 1619.85 | KL: 1.794e-03 | std: 0.4375 | rollout: 8.482s | update: 0.318s | total: 8.800s | samples/s: 6462
Iteration 0759 | train reward: 1622.61 | best: 1622.61 | KL: 8.705e-04 | std: 0.4373 | rollout: 8.590s | update: 0.156s | total: 8.746s | samples/s: 6716
Iteration 0760 | train reward: 1602.36 | best: 1622.61 | KL: 1.657e-03 | std: 0.4373 | rollout: 8.319s | update: 0.299s | total: 8.618s | samples/s: 6762
Iteration 0761 | train reward: 1553.57 | best: 1622.61 | KL: 1.563e-03 | std: 0.4376 | rollout: 8.105s | update: 0.237s | total: 8.342s | samples/s: 6803
Iteration 0762 | train reward: 1607.34 | best: 1622.61 | KL: 1.123e-03 | std: 0.4373 | rollout: 8.123s | update: 0.191s | total: 8.313s | samples/s: 6964
Iteration 0763 | train reward: 1587.99 | best: 1622.61 | KL: 1.001e-03 | std: 0.4349 | rollout: 7.975s | update: 0.273s | total: 8.248s | samples/s: 7034
Iteration 0764 | train reward: 1606.51 | best: 1622.61 | KL: 1.294e-03 | std: 0.4340 | rollout: 8.742s | update: 0.416s | total: 9.157s | samples/s: 6408
Iteration 0765 | train reward: 1593.54 | best: 1622.61 | KL: 1.071e-03 | std: 0.4331 | rollout: 8.678s | update: 0.196s | total: 8.874s | samples/s: 6553
Iteration 0766 | train reward: 1600.06 | best: 1622.61 | KL: 8.837e-04 | std: 0.4320 | rollout: 9.102s | update: 0.483s | total: 9.585s | samples/s: 6021
Iteration 0767 | train reward: 1594.92 | best: 1622.61 | KL: 1.083e-03 | std: 0.4306 | rollout: 9.231s | update: 0.232s | total: 9.463s | samples/s: 6096
Iteration 0768 | train reward: 1599.59 | best: 1622.61 | KL: 1.091e-03 | std: 0.4314 | rollout: 9.186s | update: 0.218s | total: 9.404s | samples/s: 6202
Iteration 0769 | train reward: 1608.66 | best: 1622.61 | KL: 1.065e-03 | std: 0.4320 | rollout: 8.735s | update: 0.233s | total: 8.968s | samples/s: 6504
Iteration 0770 | train reward: 1580.14 | best: 1622.61 | KL: 1.067e-03 | std: 0.4332 | rollout: 8.780s | update: 0.398s | total: 9.178s | samples/s: 6215
Iteration 0771 | train reward: 1597.79 | best: 1622.61 | KL: 1.123e-03 | std: 0.4322 | rollout: 8.567s | update: 0.386s | total: 8.953s | samples/s: 6516
Iteration 0772 | train reward: 1604.75 | best: 1622.61 | KL: 1.088e-03 | std: 0.4323 | rollout: 8.770s | update: 0.339s | total: 9.109s | samples/s: 6427
Iteration 0773 | train reward: 1576.22 | best: 1622.61 | KL: 1.207e-03 | std: 0.4323 | rollout: 8.813s | update: 0.208s | total: 9.021s | samples/s: 6315
Iteration 0774 | train reward: 1601.90 | best: 1622.61 | KL: 1.396e-03 | std: 0.4347 | rollout: 9.318s | update: 0.235s | total: 9.553s | samples/s: 6060
Iteration 0775 | train reward: 1584.66 | best: 1622.61 | KL: 7.948e-04 | std: 0.4358 | rollout: 8.806s | update: 0.234s | total: 9.040s | samples/s: 6328
Iteration 0776 | train reward: 1580.81 | best: 1622.61 | KL: 1.528e-03 | std: 0.4373 | rollout: 9.280s | update: 0.238s | total: 9.518s | samples/s: 6038
Iteration 0777 | train reward: 1580.73 | best: 1622.61 | KL: 1.174e-03 | std: 0.4386 | rollout: 8.494s | update: 0.216s | total: 8.710s | samples/s: 6523
Iteration 0778 | train reward: 1573.50 | best: 1622.61 | KL: 1.285e-03 | std: 0.4376 | rollout: 9.047s | update: 0.264s | total: 9.311s | samples/s: 6146
Iteration 0779 | train reward: 1561.92 | best: 1622.61 | KL: 9.339e-04 | std: 0.4375 | rollout: 8.787s | update: 0.394s | total: 9.181s | samples/s: 6189
Iteration 0780 | train reward: 1541.33 | best: 1622.61 | KL: 1.376e-03 | std: 0.4401 | rollout: 8.759s | update: 0.131s | total: 8.890s | samples/s: 6340
Iteration 0781 | train reward: 1584.25 | best: 1622.61 | KL: 1.024e-03 | std: 0.4412 | rollout: 8.790s | update: 0.252s | total: 9.041s | samples/s: 6403
Iteration 0782 | train reward: 1597.71 | best: 1622.61 | KL: 1.370e-03 | std: 0.4416 | rollout: 8.672s | update: 0.397s | total: 9.069s | samples/s: 6360
Iteration 0783 | train reward: 1569.25 | best: 1622.61 | KL: 1.282e-03 | std: 0.4410 | rollout: 8.056s | update: 0.154s | total: 8.210s | samples/s: 6904
Iteration 0784 | train reward: 1565.02 | best: 1622.61 | KL: 1.130e-03 | std: 0.4398 | rollout: 8.717s | update: 0.356s | total: 9.073s | samples/s: 6215
Iteration 0785 | train reward: 1569.29 | best: 1622.61 | KL: 1.002e-03 | std: 0.4390 | rollout: 8.506s | update: 0.130s | total: 8.637s | samples/s: 6593
Iteration 0786 | train reward: 1545.54 | best: 1622.61 | KL: 9.070e-04 | std: 0.4384 | rollout: 8.594s | update: 0.270s | total: 8.863s | samples/s: 6290
Iteration 0787 | train reward: 1563.58 | best: 1622.61 | KL: 1.166e-03 | std: 0.4378 | rollout: 8.310s | update: 0.194s | total: 8.505s | samples/s: 6679
Iteration 0788 | train reward: 1568.18 | best: 1622.61 | KL: 1.377e-03 | std: 0.4373 | rollout: 8.698s | update: 0.137s | total: 8.835s | samples/s: 6379
Iteration 0789 | train reward: 1584.15 | best: 1622.61 | KL: 9.407e-04 | std: 0.4375 | rollout: 9.359s | update: 0.393s | total: 9.752s | samples/s: 5856
Iteration 0790 | train reward: 1562.65 | best: 1622.61 | KL: 1.099e-03 | std: 0.4372 | rollout: 8.906s | update: 0.220s | total: 9.126s | samples/s: 6236
Iteration 0791 | train reward: 1596.98 | best: 1622.61 | KL: 1.612e-03 | std: 0.4364 | rollout: 8.659s | update: 0.239s | total: 8.898s | samples/s: 6549
Iteration 0792 | train reward: 1612.73 | best: 1622.61 | KL: 1.751e-03 | std: 0.4364 | rollout: 8.789s | update: 0.493s | total: 9.282s | samples/s: 6261
Iteration 0793 | train reward: 1597.96 | best: 1622.61 | KL: 1.271e-03 | std: 0.4366 | rollout: 9.027s | update: 0.191s | total: 9.219s | samples/s: 6262
Iteration 0794 | train reward: 1577.68 | best: 1622.61 | KL: 8.856e-04 | std: 0.4364 | rollout: 9.303s | update: 0.238s | total: 9.541s | samples/s: 5998
Iteration 0795 | train reward: 1643.79 | best: 1643.79 | KL: 1.451e-03 | std: 0.4374 | rollout: 8.328s | update: 0.301s | total: 8.629s | samples/s: 6904
Iteration 0796 | train reward: 1595.43 | best: 1643.79 | KL: 1.162e-03 | std: 0.4372 | rollout: 8.713s | update: 0.191s | total: 8.904s | samples/s: 6482
Iteration 0797 | train reward: 1617.47 | best: 1643.79 | KL: 1.288e-03 | std: 0.4378 | rollout: 8.927s | update: 0.363s | total: 9.290s | samples/s: 6265
Iteration 0798 | train reward: 1593.97 | best: 1643.79 | KL: 1.102e-03 | std: 0.4392 | rollout: 8.709s | update: 0.307s | total: 9.016s | samples/s: 6359
Iteration 0799 | train reward: 1572.71 | best: 1643.79 | KL: 1.054e-03 | std: 0.4386 | rollout: 9.061s | update: 0.132s | total: 9.193s | samples/s: 6236
Iteration 0800 | train reward: 1586.11 | best: 1643.79 | KL: 9.457e-04 | std: 0.4373 | rollout: 10.417s | update: 0.459s | total: 10.876s | samples/s: 5252
Iteration 0801 | train reward: 1552.56 | best: 1643.79 | KL: 6.510e-04 | std: 0.4375 | rollout: 9.970s | update: 0.354s | total: 10.323s | samples/s: 5413
Iteration 0802 | train reward: 1553.57 | best: 1643.79 | KL: 1.419e-03 | std: 0.4376 | rollout: 9.519s | update: 0.249s | total: 9.768s | samples/s: 5771
Iteration 0803 | train reward: 1598.76 | best: 1643.79 | KL: 1.200e-03 | std: 0.4373 | rollout: 8.856s | update: 0.229s | total: 9.085s | samples/s: 6384
Iteration 0804 | train reward: 1615.35 | best: 1643.79 | KL: 1.044e-03 | std: 0.4386 | rollout: 9.775s | update: 0.268s | total: 10.043s | samples/s: 5831
Iteration 0805 | train reward: 1582.49 | best: 1643.79 | KL: 8.710e-04 | std: 0.4392 | rollout: 8.885s | update: 0.195s | total: 9.080s | samples/s: 6277
Iteration 0806 | train reward: 1569.80 | best: 1643.79 | KL: 9.033e-04 | std: 0.4402 | rollout: 9.217s | update: 0.401s | total: 9.618s | samples/s: 5902
Iteration 0807 | train reward: 1543.02 | best: 1643.79 | KL: 1.128e-03 | std: 0.4401 | rollout: 9.778s | update: 0.198s | total: 9.976s | samples/s: 5572
Iteration 0808 | train reward: 1568.62 | best: 1643.79 | KL: 1.212e-03 | std: 0.4392 | rollout: 9.163s | update: 0.571s | total: 9.733s | samples/s: 5830
Iteration 0809 | train reward: 1602.03 | best: 1643.79 | KL: 1.182e-03 | std: 0.4402 | rollout: 9.079s | update: 0.563s | total: 9.642s | samples/s: 6016
Iteration 0810 | train reward: 1593.58 | best: 1643.79 | KL: 9.582e-04 | std: 0.4402 | rollout: 9.243s | update: 0.486s | total: 9.729s | samples/s: 5900
Iteration 0811 | train reward: 1560.42 | best: 1643.79 | KL: 1.292e-03 | std: 0.4412 | rollout: 8.762s | update: 0.209s | total: 8.972s | samples/s: 6322
Iteration 0812 | train reward: 1547.32 | best: 1643.79 | KL: 1.077e-03 | std: 0.4398 | rollout: 8.509s | update: 0.280s | total: 8.789s | samples/s: 6362
Iteration 0813 | train reward: 1550.66 | best: 1643.79 | KL: 9.884e-04 | std: 0.4402 | rollout: 8.264s | update: 0.146s | total: 8.410s | samples/s: 6602
Iteration 0814 | train reward: 1554.55 | best: 1643.79 | KL: 9.218e-04 | std: 0.4400 | rollout: 8.426s | update: 0.212s | total: 8.638s | samples/s: 6469
Iteration 0815 | train reward: 1603.54 | best: 1643.79 | KL: 1.070e-03 | std: 0.4402 | rollout: 8.762s | update: 0.207s | total: 8.969s | samples/s: 6528
Iteration 0816 | train reward: 1566.57 | best: 1643.79 | KL: 1.169e-03 | std: 0.4410 | rollout: 8.327s | update: 0.119s | total: 8.446s | samples/s: 6628
Iteration 0817 | train reward: 1572.87 | best: 1643.79 | KL: 1.049e-03 | std: 0.4392 | rollout: 8.032s | update: 0.284s | total: 8.316s | samples/s: 6805
Iteration 0818 | train reward: 1556.92 | best: 1643.79 | KL: 9.049e-04 | std: 0.4398 | rollout: 8.163s | update: 0.214s | total: 8.376s | samples/s: 6694
Iteration 0819 | train reward: 1574.23 | best: 1643.79 | KL: 9.245e-04 | std: 0.4410 | rollout: 8.324s | update: 0.224s | total: 8.548s | samples/s: 6600
Iteration 0820 | train reward: 1605.23 | best: 1643.79 | KL: 1.689e-03 | std: 0.4416 | rollout: 8.158s | update: 0.124s | total: 8.282s | samples/s: 6972
Iteration 0821 | train reward: 1581.28 | best: 1643.79 | KL: 1.162e-03 | std: 0.4410 | rollout: 8.098s | update: 0.203s | total: 8.301s | samples/s: 6895
Iteration 0822 | train reward: 1596.69 | best: 1643.79 | KL: 1.384e-03 | std: 0.4399 | rollout: 9.014s | update: 0.476s | total: 9.489s | samples/s: 6104
Iteration 0823 | train reward: 1578.47 | best: 1643.79 | KL: 1.104e-03 | std: 0.4386 | rollout: 8.946s | update: 0.346s | total: 9.292s | samples/s: 6122
Iteration 0824 | train reward: 1550.48 | best: 1643.79 | KL: 1.391e-03 | std: 0.4378 | rollout: 8.597s | update: 0.175s | total: 8.771s | samples/s: 6394
Iteration 0825 | train reward: 1569.73 | best: 1643.79 | KL: 1.086e-03 | std: 0.4374 | rollout: 8.315s | update: 0.156s | total: 8.471s | samples/s: 6663
Iteration 0826 | train reward: 1599.47 | best: 1643.79 | KL: 1.465e-03 | std: 0.4375 | rollout: 8.951s | update: 0.428s | total: 9.379s | samples/s: 6143
Iteration 0827 | train reward: 1607.57 | best: 1643.79 | KL: 9.422e-04 | std: 0.4384 | rollout: 8.517s | update: 0.229s | total: 8.746s | samples/s: 6616
Iteration 0828 | train reward: 1598.57 | best: 1643.79 | KL: 9.910e-04 | std: 0.4373 | rollout: 8.807s | update: 0.128s | total: 8.934s | samples/s: 6454
Iteration 0829 | train reward: 1616.52 | best: 1643.79 | KL: 1.202e-03 | std: 0.4349 | rollout: 8.563s | update: 0.155s | total: 8.718s | samples/s: 6692
Iteration 0830 | train reward: 1596.04 | best: 1643.79 | KL: 1.110e-03 | std: 0.4341 | rollout: 8.305s | update: 0.203s | total: 8.507s | samples/s: 6848
Iteration 0831 | train reward: 1601.87 | best: 1643.79 | KL: 1.106e-03 | std: 0.4338 | rollout: 8.722s | update: 0.143s | total: 8.865s | samples/s: 6554
Iteration 0832 | train reward: 1603.68 | best: 1643.79 | KL: 1.242e-03 | std: 0.4338 | rollout: 8.387s | update: 0.137s | total: 8.524s | samples/s: 6797
Iteration 0833 | train reward: 1631.52 | best: 1643.79 | KL: 1.101e-03 | std: 0.4350 | rollout: 7.789s | update: 0.136s | total: 7.925s | samples/s: 7498
Iteration 0834 | train reward: 1606.37 | best: 1643.79 | KL: 9.679e-04 | std: 0.4340 | rollout: 8.636s | update: 0.143s | total: 8.779s | samples/s: 6602
Iteration 0835 | train reward: 1597.38 | best: 1643.79 | KL: 9.543e-04 | std: 0.4340 | rollout: 8.531s | update: 0.375s | total: 8.905s | samples/s: 6464
Iteration 0836 | train reward: 1599.41 | best: 1643.79 | KL: 1.368e-03 | std: 0.4340 | rollout: 8.887s | update: 0.248s | total: 9.136s | samples/s: 6338
Iteration 0837 | train reward: 1586.24 | best: 1643.79 | KL: 1.026e-03 | std: 0.4323 | rollout: 9.843s | update: 0.288s | total: 10.131s | samples/s: 5580
Iteration 0838 | train reward: 1567.73 | best: 1643.79 | KL: 1.250e-03 | std: 0.4311 | rollout: 8.608s | update: 0.592s | total: 9.200s | samples/s: 6111
Iteration 0839 | train reward: 1582.94 | best: 1643.79 | KL: 2.290e-03 | std: 0.4321 | rollout: 10.379s | update: 0.508s | total: 10.887s | samples/s: 5207
Iteration 0840 | train reward: 1600.08 | best: 1643.79 | KL: 1.775e-03 | std: 0.4325 | rollout: 10.622s | update: 0.462s | total: 11.083s | samples/s: 5201
Iteration 0841 | train reward: 1618.13 | best: 1643.79 | KL: 9.522e-04 | std: 0.4322 | rollout: 9.347s | update: 0.164s | total: 9.511s | samples/s: 6060
Iteration 0842 | train reward: 1575.52 | best: 1643.79 | KL: 1.187e-03 | std: 0.4312 | rollout: 8.387s | update: 0.161s | total: 8.548s | samples/s: 6674
Iteration 0843 | train reward: 1586.09 | best: 1643.79 | KL: 1.301e-03 | std: 0.4308 | rollout: 8.963s | update: 0.357s | total: 9.320s | samples/s: 6069
Iteration 0844 | train reward: 1580.12 | best: 1643.79 | KL: 1.136e-03 | std: 0.4306 | rollout: 8.931s | update: 0.182s | total: 9.113s | samples/s: 6193
Iteration 0845 | train reward: 1583.33 | best: 1643.79 | KL: 1.372e-03 | std: 0.4285 | rollout: 9.669s | update: 0.349s | total: 10.018s | samples/s: 5601
Iteration 0846 | train reward: 1581.82 | best: 1643.79 | KL: 1.215e-03 | std: 0.4270 | rollout: 8.868s | update: 0.236s | total: 9.105s | samples/s: 6184
Iteration 0847 | train reward: 1610.31 | best: 1643.79 | KL: 1.339e-03 | std: 0.4271 | rollout: 8.357s | update: 0.237s | total: 8.595s | samples/s: 6657
Iteration 0848 | train reward: 1547.73 | best: 1643.79 | KL: 1.005e-03 | std: 0.4271 | rollout: 8.547s | update: 0.185s | total: 8.731s | samples/s: 6332
Iteration 0849 | train reward: 1562.15 | best: 1643.79 | KL: 1.706e-03 | std: 0.4280 | rollout: 8.113s | update: 0.286s | total: 8.399s | samples/s: 6707
Iteration 0850 | train reward: 1603.87 | best: 1643.79 | KL: 1.003e-03 | std: 0.4282 | rollout: 9.259s | update: 0.211s | total: 9.470s | samples/s: 6065
Iteration 0851 | train reward: 1567.44 | best: 1643.79 | KL: 7.561e-04 | std: 0.4268 | rollout: 8.597s | update: 0.208s | total: 8.805s | samples/s: 6339
Iteration 0852 | train reward: 1580.75 | best: 1643.79 | KL: 9.167e-04 | std: 0.4256 | rollout: 8.469s | update: 0.166s | total: 8.635s | samples/s: 6545
Iteration 0853 | train reward: 1559.49 | best: 1643.79 | KL: 1.766e-03 | std: 0.4259 | rollout: 8.782s | update: 0.224s | total: 9.006s | samples/s: 6129
Iteration 0854 | train reward: 1574.72 | best: 1643.79 | KL: 8.113e-04 | std: 0.4259 | rollout: 11.662s | update: 0.291s | total: 11.953s | samples/s: 4678
Iteration 0855 | train reward: 1564.54 | best: 1643.79 | KL: 1.106e-03 | std: 0.4261 | rollout: 10.285s | update: 0.159s | total: 10.444s | samples/s: 5318
Iteration 0856 | train reward: 1567.75 | best: 1643.79 | KL: 1.052e-03 | std: 0.4257 | rollout: 9.661s | update: 0.293s | total: 9.954s | samples/s: 5601
Iteration 0857 | train reward: 1601.78 | best: 1643.79 | KL: 1.378e-03 | std: 0.4245 | rollout: 7.985s | update: 0.226s | total: 8.210s | samples/s: 6879
Iteration 0858 | train reward: 1592.20 | best: 1643.79 | KL: 1.114e-03 | std: 0.4245 | rollout: 8.092s | update: 0.294s | total: 8.387s | samples/s: 6709
Iteration 0859 | train reward: 1580.25 | best: 1643.79 | KL: 1.535e-03 | std: 0.4235 | rollout: 8.759s | update: 0.314s | total: 9.073s | samples/s: 6144
Iteration 0860 | train reward: 1559.45 | best: 1643.79 | KL: 1.134e-03 | std: 0.4233 | rollout: 8.068s | update: 0.209s | total: 8.277s | samples/s: 6768
Iteration 0861 | train reward: 1580.20 | best: 1643.79 | KL: 1.115e-03 | std: 0.4247 | rollout: 8.098s | update: 0.168s | total: 8.266s | samples/s: 6856
Iteration 0862 | train reward: 1566.17 | best: 1643.79 | KL: 1.678e-03 | std: 0.4254 | rollout: 8.506s | update: 0.385s | total: 8.891s | samples/s: 6240
Iteration 0863 | train reward: 1558.89 | best: 1643.79 | KL: 1.067e-03 | std: 0.4246 | rollout: 8.618s | update: 0.199s | total: 8.817s | samples/s: 6315
Iteration 0864 | train reward: 1532.61 | best: 1643.79 | KL: 8.583e-04 | std: 0.4248 | rollout: 8.165s | update: 0.575s | total: 8.740s | samples/s: 6343
Iteration 0865 | train reward: 1604.87 | best: 1643.79 | KL: 1.513e-03 | std: 0.4236 | rollout: 8.755s | update: 0.265s | total: 9.020s | samples/s: 6358
Iteration 0866 | train reward: 1579.09 | best: 1643.79 | KL: 1.092e-03 | std: 0.4242 | rollout: 8.352s | update: 0.603s | total: 8.955s | samples/s: 6251
Iteration 0867 | train reward: 1560.95 | best: 1643.79 | KL: 1.276e-03 | std: 0.4216 | rollout: 8.237s | update: 0.151s | total: 8.388s | samples/s: 6684
Iteration 0868 | train reward: 1597.62 | best: 1643.79 | KL: 1.163e-03 | std: 0.4204 | rollout: 8.400s | update: 0.295s | total: 8.695s | samples/s: 6526
Iteration 0869 | train reward: 1560.76 | best: 1643.79 | KL: 1.037e-03 | std: 0.4202 | rollout: 8.016s | update: 0.190s | total: 8.206s | samples/s: 6836
Iteration 0870 | train reward: 1604.99 | best: 1643.79 | KL: 1.610e-03 | std: 0.4210 | rollout: 8.137s | update: 0.150s | total: 8.287s | samples/s: 6898
Iteration 0871 | train reward: 1615.04 | best: 1643.79 | KL: 9.869e-04 | std: 0.4209 | rollout: 8.117s | update: 0.190s | total: 8.308s | samples/s: 6991
Iteration 0872 | train reward: 1601.92 | best: 1643.79 | KL: 9.509e-04 | std: 0.4204 | rollout: 8.601s | update: 0.290s | total: 8.891s | samples/s: 6530
Iteration 0873 | train reward: 1585.25 | best: 1643.79 | KL: 9.711e-04 | std: 0.4204 | rollout: 9.112s | update: 0.311s | total: 9.422s | samples/s: 6033
Iteration 0874 | train reward: 1596.03 | best: 1643.79 | KL: 1.035e-03 | std: 0.4216 | rollout: 9.985s | update: 0.422s | total: 10.407s | samples/s: 5511
Iteration 0875 | train reward: 1605.49 | best: 1643.79 | KL: 1.082e-03 | std: 0.4222 | rollout: 8.863s | update: 0.184s | total: 9.047s | samples/s: 6404
Iteration 0876 | train reward: 1610.44 | best: 1643.79 | KL: 1.349e-03 | std: 0.4234 | rollout: 8.291s | update: 0.205s | total: 8.496s | samples/s: 6872
Iteration 0877 | train reward: 1602.77 | best: 1643.79 | KL: 1.152e-03 | std: 0.4234 | rollout: 8.417s | update: 0.154s | total: 8.571s | samples/s: 6724
Iteration 0878 | train reward: 1572.61 | best: 1643.79 | KL: 1.037e-03 | std: 0.4230 | rollout: 7.907s | update: 0.179s | total: 8.086s | samples/s: 7002
Iteration 0879 | train reward: 1609.87 | best: 1643.79 | KL: 1.200e-03 | std: 0.4222 | rollout: 7.981s | update: 0.152s | total: 8.133s | samples/s: 7079
Iteration 0880 | train reward: 1627.67 | best: 1643.79 | KL: 1.254e-03 | std: 0.4204 | rollout: 8.220s | update: 0.332s | total: 8.552s | samples/s: 6803
Iteration 0881 | train reward: 1558.50 | best: 1643.79 | KL: 8.914e-04 | std: 0.4216 | rollout: 8.054s | update: 0.287s | total: 8.341s | samples/s: 6710
Iteration 0882 | train reward: 1598.85 | best: 1643.79 | KL: 1.080e-03 | std: 0.4218 | rollout: 8.061s | update: 0.300s | total: 8.361s | samples/s: 6860
Iteration 0883 | train reward: 1567.53 | best: 1643.79 | KL: 1.026e-03 | std: 0.4207 | rollout: 8.156s | update: 0.182s | total: 8.337s | samples/s: 6748
Iteration 0884 | train reward: 1583.30 | best: 1643.79 | KL: 1.123e-03 | std: 0.4184 | rollout: 7.943s | update: 0.190s | total: 8.133s | samples/s: 7000
Iteration 0885 | train reward: 1614.77 | best: 1643.79 | KL: 1.707e-03 | std: 0.4176 | rollout: 8.145s | update: 0.396s | total: 8.541s | samples/s: 6782
Iteration 0886 | train reward: 1595.20 | best: 1643.79 | KL: 1.415e-03 | std: 0.4155 | rollout: 8.041s | update: 0.142s | total: 8.183s | samples/s: 7167
Iteration 0887 | train reward: 1578.43 | best: 1643.79 | KL: 1.672e-03 | std: 0.4141 | rollout: 8.162s | update: 0.223s | total: 8.385s | samples/s: 6811
Iteration 0888 | train reward: 1621.81 | best: 1643.79 | KL: 1.167e-03 | std: 0.4140 | rollout: 9.026s | update: 0.493s | total: 9.519s | samples/s: 6077
Iteration 0889 | train reward: 1590.60 | best: 1643.79 | KL: 8.977e-04 | std: 0.4141 | rollout: 8.312s | update: 0.146s | total: 8.458s | samples/s: 6757
Iteration 0890 | train reward: 1585.18 | best: 1643.79 | KL: 1.305e-03 | std: 0.4131 | rollout: 8.513s | update: 0.489s | total: 9.002s | samples/s: 6298
Iteration 0891 | train reward: 1606.63 | best: 1643.79 | KL: 1.482e-03 | std: 0.4143 | rollout: 9.145s | update: 0.530s | total: 9.675s | samples/s: 5977
Iteration 0892 | train reward: 1579.10 | best: 1643.79 | KL: 1.809e-03 | std: 0.4166 | rollout: 9.108s | update: 0.273s | total: 9.382s | samples/s: 5999
Iteration 0893 | train reward: 1618.00 | best: 1643.79 | KL: 1.650e-03 | std: 0.4158 | rollout: 8.711s | update: 0.317s | total: 9.029s | samples/s: 6425
Iteration 0894 | train reward: 1586.69 | best: 1643.79 | KL: 1.205e-03 | std: 0.4152 | rollout: 9.372s | update: 0.361s | total: 9.733s | samples/s: 5788
Iteration 0895 | train reward: 1594.91 | best: 1643.79 | KL: 1.286e-03 | std: 0.4143 | rollout: 9.036s | update: 0.260s | total: 9.296s | samples/s: 6177
Iteration 0896 | train reward: 1621.51 | best: 1643.79 | KL: 1.084e-03 | std: 0.4164 | rollout: 8.976s | update: 0.543s | total: 9.519s | samples/s: 6094
Iteration 0897 | train reward: 1586.79 | best: 1643.79 | KL: 1.543e-03 | std: 0.4157 | rollout: 8.119s | update: 0.371s | total: 8.489s | samples/s: 6625
Iteration 0898 | train reward: 1584.27 | best: 1643.79 | KL: 1.226e-03 | std: 0.4138 | rollout: 8.649s | update: 0.412s | total: 9.062s | samples/s: 6252
Iteration 0899 | train reward: 1569.30 | best: 1643.79 | KL: 9.453e-04 | std: 0.4140 | rollout: 9.466s | update: 0.597s | total: 10.063s | samples/s: 5583
Iteration 0900 | train reward: 1568.39 | best: 1643.79 | KL: 1.188e-03 | std: 0.4144 | rollout: 10.456s | update: 0.448s | total: 10.904s | samples/s: 5156
Iteration 0901 | train reward: 1610.45 | best: 1643.79 | KL: 1.533e-03 | std: 0.4152 | rollout: 9.374s | update: 0.440s | total: 9.814s | samples/s: 5865
Iteration 0902 | train reward: 1587.33 | best: 1643.79 | KL: 1.479e-03 | std: 0.4157 | rollout: 9.079s | update: 0.484s | total: 9.563s | samples/s: 5944
Iteration 0903 | train reward: 1608.32 | best: 1643.79 | KL: 9.622e-04 | std: 0.4157 | rollout: 8.738s | update: 0.210s | total: 8.948s | samples/s: 6432
Iteration 0904 | train reward: 1581.85 | best: 1643.79 | KL: 2.139e-03 | std: 0.4154 | rollout: 8.357s | update: 0.147s | total: 8.504s | samples/s: 6598
Iteration 0905 | train reward: 1594.01 | best: 1643.79 | KL: 1.222e-03 | std: 0.4164 | rollout: 8.903s | update: 0.192s | total: 9.095s | samples/s: 6204
Iteration 0906 | train reward: 1615.06 | best: 1643.79 | KL: 1.276e-03 | std: 0.4169 | rollout: 9.228s | update: 0.307s | total: 9.535s | samples/s: 6037
Iteration 0907 | train reward: 1635.39 | best: 1643.79 | KL: 1.103e-03 | std: 0.4164 | rollout: 10.667s | update: 0.255s | total: 10.922s | samples/s: 5347
Iteration 0908 | train reward: 1601.71 | best: 1643.79 | KL: 1.218e-03 | std: 0.4167 | rollout: 9.692s | update: 0.429s | total: 10.121s | samples/s: 5665
Iteration 0909 | train reward: 1590.37 | best: 1643.79 | KL: 9.184e-04 | std: 0.4155 | rollout: 8.641s | update: 0.234s | total: 8.874s | samples/s: 6371
Iteration 0910 | train reward: 1602.23 | best: 1643.79 | KL: 1.528e-03 | std: 0.4167 | rollout: 8.498s | update: 0.249s | total: 8.747s | samples/s: 6490
Iteration 0911 | train reward: 1600.91 | best: 1643.79 | KL: 1.839e-03 | std: 0.4176 | rollout: 9.125s | update: 0.489s | total: 9.613s | samples/s: 5920
Iteration 0912 | train reward: 1604.55 | best: 1643.79 | KL: 2.236e-03 | std: 0.4176 | rollout: 8.775s | update: 0.159s | total: 8.934s | samples/s: 6373
Iteration 0913 | train reward: 1593.38 | best: 1643.79 | KL: 8.738e-04 | std: 0.4176 | rollout: 8.532s | update: 0.370s | total: 8.902s | samples/s: 6334
Iteration 0914 | train reward: 1609.31 | best: 1643.79 | KL: 1.551e-03 | std: 0.4190 | rollout: 8.736s | update: 0.217s | total: 8.953s | samples/s: 6380
Iteration 0915 | train reward: 1612.31 | best: 1643.79 | KL: 1.090e-03 | std: 0.4196 | rollout: 8.551s | update: 0.178s | total: 8.729s | samples/s: 6597
Iteration 0916 | train reward: 1581.60 | best: 1643.79 | KL: 1.244e-03 | std: 0.4205 | rollout: 8.319s | update: 0.149s | total: 8.468s | samples/s: 6640
Iteration 0917 | train reward: 1606.72 | best: 1643.79 | KL: 1.005e-03 | std: 0.4202 | rollout: 8.408s | update: 0.175s | total: 8.582s | samples/s: 6633
Iteration 0918 | train reward: 1600.72 | best: 1643.79 | KL: 1.323e-03 | std: 0.4195 | rollout: 8.163s | update: 0.133s | total: 8.297s | samples/s: 6770
Iteration 0919 | train reward: 1611.11 | best: 1643.79 | KL: 9.222e-04 | std: 0.4192 | rollout: 8.369s | update: 0.178s | total: 8.547s | samples/s: 6734
Iteration 0920 | train reward: 1591.80 | best: 1643.79 | KL: 1.288e-03 | std: 0.4184 | rollout: 8.526s | update: 0.136s | total: 8.663s | samples/s: 6505
Iteration 0921 | train reward: 1615.33 | best: 1643.79 | KL: 1.118e-03 | std: 0.4192 | rollout: 8.236s | update: 0.138s | total: 8.374s | samples/s: 6857
Iteration 0922 | train reward: 1603.40 | best: 1643.79 | KL: 1.687e-03 | std: 0.4195 | rollout: 8.491s | update: 0.219s | total: 8.710s | samples/s: 6568
Iteration 0923 | train reward: 1598.70 | best: 1643.79 | KL: 1.074e-03 | std: 0.4193 | rollout: 8.589s | update: 0.233s | total: 8.822s | samples/s: 6450
Iteration 0924 | train reward: 1610.92 | best: 1643.79 | KL: 1.149e-03 | std: 0.4195 | rollout: 9.215s | update: 0.433s | total: 9.647s | samples/s: 5943
Iteration 0925 | train reward: 1624.97 | best: 1643.79 | KL: 1.857e-03 | std: 0.4202 | rollout: 8.462s | update: 0.147s | total: 8.609s | samples/s: 6761
Iteration 0926 | train reward: 1618.29 | best: 1643.79 | KL: 1.598e-03 | std: 0.4184 | rollout: 9.162s | update: 0.188s | total: 9.350s | samples/s: 6173
Iteration 0927 | train reward: 1649.76 | best: 1649.76 | KL: 1.331e-03 | std: 0.4192 | rollout: 8.554s | update: 0.164s | total: 8.718s | samples/s: 6731
Iteration 0928 | train reward: 1643.89 | best: 1649.76 | KL: 1.733e-03 | std: 0.4195 | rollout: 8.604s | update: 0.511s | total: 9.115s | samples/s: 6414
Iteration 0929 | train reward: 1618.12 | best: 1649.76 | KL: 1.353e-03 | std: 0.4193 | rollout: 8.407s | update: 0.148s | total: 8.554s | samples/s: 6738
Iteration 0930 | train reward: 1589.63 | best: 1649.76 | KL: 1.227e-03 | std: 0.4184 | rollout: 8.316s | update: 0.199s | total: 8.515s | samples/s: 6695
Iteration 0931 | train reward: 1610.92 | best: 1649.76 | KL: 8.420e-04 | std: 0.4176 | rollout: 8.064s | update: 0.169s | total: 8.233s | samples/s: 6937
Iteration 0932 | train reward: 1607.83 | best: 1649.76 | KL: 1.244e-03 | std: 0.4179 | rollout: 8.167s | update: 0.234s | total: 8.401s | samples/s: 6757
Iteration 0933 | train reward: 1597.40 | best: 1649.76 | KL: 1.994e-03 | std: 0.4190 | rollout: 8.111s | update: 0.154s | total: 8.265s | samples/s: 6824
Iteration 0934 | train reward: 1618.08 | best: 1649.76 | KL: 7.703e-04 | std: 0.4183 | rollout: 8.002s | update: 0.145s | total: 8.147s | samples/s: 7028
Iteration 0935 | train reward: 1587.64 | best: 1649.76 | KL: 2.005e-03 | std: 0.4157 | rollout: 8.056s | update: 0.173s | total: 8.229s | samples/s: 6916
Iteration 0936 | train reward: 1608.91 | best: 1649.76 | KL: 1.089e-03 | std: 0.4153 | rollout: 7.860s | update: 0.268s | total: 8.129s | samples/s: 7063
Iteration 0937 | train reward: 1613.65 | best: 1649.76 | KL: 1.062e-03 | std: 0.4164 | rollout: 8.594s | update: 0.320s | total: 8.914s | samples/s: 6417
Iteration 0938 | train reward: 1640.81 | best: 1649.76 | KL: 1.261e-03 | std: 0.4150 | rollout: 8.464s | update: 0.141s | total: 8.605s | samples/s: 6748
Iteration 0939 | train reward: 1622.96 | best: 1649.76 | KL: 1.671e-03 | std: 0.4157 | rollout: 8.727s | update: 0.136s | total: 8.863s | samples/s: 6564
Iteration 0940 | train reward: 1599.56 | best: 1649.76 | KL: 1.747e-03 | std: 0.4140 | rollout: 9.013s | update: 0.492s | total: 9.505s | samples/s: 5990
Iteration 0941 | train reward: 1579.44 | best: 1649.76 | KL: 1.520e-03 | std: 0.4153 | rollout: 8.755s | update: 0.321s | total: 9.075s | samples/s: 6241
Iteration 0942 | train reward: 1606.52 | best: 1649.76 | KL: 1.185e-03 | std: 0.4166 | rollout: 8.695s | update: 0.188s | total: 8.883s | samples/s: 6397
Iteration 0943 | train reward: 1617.44 | best: 1649.76 | KL: 7.313e-04 | std: 0.4167 | rollout: 8.362s | update: 0.316s | total: 8.678s | samples/s: 6575
Iteration 0944 | train reward: 1579.61 | best: 1649.76 | KL: 1.012e-03 | std: 0.4176 | rollout: 10.184s | update: 0.198s | total: 10.382s | samples/s: 5350
Iteration 0945 | train reward: 1589.43 | best: 1649.76 | KL: 7.957e-04 | std: 0.4183 | rollout: 8.458s | update: 0.252s | total: 8.710s | samples/s: 6467
Iteration 0946 | train reward: 1584.61 | best: 1649.76 | KL: 1.490e-03 | std: 0.4202 | rollout: 8.870s | update: 0.115s | total: 8.985s | samples/s: 6299
Iteration 0947 | train reward: 1592.22 | best: 1649.76 | KL: 1.626e-03 | std: 0.4207 | rollout: 9.092s | update: 0.208s | total: 9.300s | samples/s: 6028
Iteration 0948 | train reward: 1565.55 | best: 1649.76 | KL: 1.321e-03 | std: 0.4183 | rollout: 8.957s | update: 0.148s | total: 9.106s | samples/s: 6028
Iteration 0949 | train reward: 1543.24 | best: 1649.76 | KL: 9.209e-04 | std: 0.4190 | rollout: 9.224s | update: 0.301s | total: 9.525s | samples/s: 5704
Iteration 0950 | train reward: 1618.79 | best: 1649.76 | KL: 1.031e-03 | std: 0.4193 | rollout: 8.666s | update: 0.148s | total: 8.814s | samples/s: 6442
Iteration 0951 | train reward: 1610.59 | best: 1649.76 | KL: 1.728e-03 | std: 0.4193 | rollout: 8.638s | update: 0.456s | total: 9.094s | samples/s: 6308
Iteration 0952 | train reward: 1576.83 | best: 1649.76 | KL: 1.083e-03 | std: 0.4196 | rollout: 8.830s | update: 0.255s | total: 9.084s | samples/s: 6082
Iteration 0953 | train reward: 1587.89 | best: 1649.76 | KL: 1.332e-03 | std: 0.4193 | rollout: 8.534s | update: 0.236s | total: 8.769s | samples/s: 6297
Iteration 0954 | train reward: 1565.65 | best: 1649.76 | KL: 9.216e-04 | std: 0.4196 | rollout: 8.627s | update: 0.336s | total: 8.963s | samples/s: 6138
Iteration 0955 | train reward: 1589.04 | best: 1649.76 | KL: 1.520e-03 | std: 0.4218 | rollout: 8.583s | update: 0.443s | total: 9.026s | samples/s: 6199
Iteration 0956 | train reward: 1594.30 | best: 1649.76 | KL: 1.704e-03 | std: 0.4196 | rollout: 8.815s | update: 0.287s | total: 9.102s | samples/s: 6166
Iteration 0957 | train reward: 1580.93 | best: 1649.76 | KL: 9.646e-04 | std: 0.4190 | rollout: 8.601s | update: 0.239s | total: 8.840s | samples/s: 6301
Iteration 0958 | train reward: 1599.00 | best: 1649.76 | KL: 1.723e-03 | std: 0.4178 | rollout: 8.971s | update: 0.649s | total: 9.620s | samples/s: 5858
Iteration 0959 | train reward: 1582.67 | best: 1649.76 | KL: 1.454e-03 | std: 0.4190 | rollout: 9.539s | update: 0.486s | total: 10.025s | samples/s: 5544
Iteration 0960 | train reward: 1574.64 | best: 1649.76 | KL: 1.694e-03 | std: 0.4193 | rollout: 9.130s | update: 0.191s | total: 9.321s | samples/s: 5974
Iteration 0961 | train reward: 1627.56 | best: 1649.76 | KL: 1.061e-03 | std: 0.4183 | rollout: 8.946s | update: 0.289s | total: 9.235s | samples/s: 6231
Iteration 0962 | train reward: 1624.27 | best: 1649.76 | KL: 1.132e-03 | std: 0.4178 | rollout: 8.912s | update: 0.575s | total: 9.487s | samples/s: 6052
Iteration 0963 | train reward: 1602.25 | best: 1649.76 | KL: 1.423e-03 | std: 0.4193 | rollout: 9.014s | update: 0.411s | total: 9.424s | samples/s: 5955
Iteration 0964 | train reward: 1566.25 | best: 1649.76 | KL: 1.193e-03 | std: 0.4205 | rollout: 9.009s | update: 0.261s | total: 9.270s | samples/s: 6001
Iteration 0965 | train reward: 1631.03 | best: 1649.76 | KL: 1.544e-03 | std: 0.4179 | rollout: 9.365s | update: 0.579s | total: 9.944s | samples/s: 5758
Iteration 0966 | train reward: 1602.43 | best: 1649.76 | KL: 1.335e-03 | std: 0.4176 | rollout: 8.736s | update: 0.416s | total: 9.152s | samples/s: 6156
Iteration 0967 | train reward: 1599.33 | best: 1649.76 | KL: 1.090e-03 | std: 0.4167 | rollout: 9.376s | update: 0.373s | total: 9.749s | samples/s: 5716
Iteration 0968 | train reward: 1544.45 | best: 1649.76 | KL: 1.369e-03 | std: 0.4164 | rollout: 9.015s | update: 0.460s | total: 9.475s | samples/s: 5695
Iteration 0969 | train reward: 1594.16 | best: 1649.76 | KL: 1.220e-03 | std: 0.4153 | rollout: 9.925s | update: 0.278s | total: 10.203s | samples/s: 5458
Iteration 0970 | train reward: 1562.08 | best: 1649.76 | KL: 1.392e-03 | std: 0.4164 | rollout: 9.092s | update: 0.302s | total: 9.393s | samples/s: 5853
Iteration 0971 | train reward: 1597.34 | best: 1649.76 | KL: 1.263e-03 | std: 0.4176 | rollout: 9.553s | update: 0.214s | total: 9.767s | samples/s: 5708
Iteration 0972 | train reward: 1598.62 | best: 1649.76 | KL: 1.100e-03 | std: 0.4195 | rollout: 9.286s | update: 0.134s | total: 9.420s | samples/s: 5945
Iteration 0973 | train reward: 1600.44 | best: 1649.76 | KL: 9.095e-04 | std: 0.4193 | rollout: 8.450s | update: 0.160s | total: 8.610s | samples/s: 6543
Iteration 0974 | train reward: 1588.18 | best: 1649.76 | KL: 8.942e-04 | std: 0.4202 | rollout: 8.798s | update: 0.122s | total: 8.919s | samples/s: 6227
Iteration 0975 | train reward: 1568.29 | best: 1649.76 | KL: 9.921e-04 | std: 0.4216 | rollout: 8.633s | update: 0.166s | total: 8.799s | samples/s: 6248
Iteration 0976 | train reward: 1588.16 | best: 1649.76 | KL: 9.366e-04 | std: 0.4207 | rollout: 8.360s | update: 0.137s | total: 8.496s | samples/s: 6492
Iteration 0977 | train reward: 1580.91 | best: 1649.76 | KL: 1.275e-03 | std: 0.4204 | rollout: 8.852s | update: 0.329s | total: 9.181s | samples/s: 6035
Iteration 0978 | train reward: 1622.86 | best: 1649.76 | KL: 1.467e-03 | std: 0.4219 | rollout: 8.899s | update: 0.475s | total: 9.374s | samples/s: 6037
Iteration 0979 | train reward: 1615.17 | best: 1649.76 | KL: 1.226e-03 | std: 0.4219 | rollout: 8.790s | update: 0.470s | total: 9.259s | samples/s: 6100
Iteration 0980 | train reward: 1592.56 | best: 1649.76 | KL: 1.501e-03 | std: 0.4195 | rollout: 8.910s | update: 0.412s | total: 9.322s | samples/s: 5995
Iteration 0981 | train reward: 1592.49 | best: 1649.76 | KL: 1.058e-03 | std: 0.4204 | rollout: 8.922s | update: 0.395s | total: 9.317s | samples/s: 6024
Iteration 0982 | train reward: 1647.15 | best: 1649.76 | KL: 1.625e-03 | std: 0.4209 | rollout: 9.270s | update: 0.367s | total: 9.637s | samples/s: 5948
Iteration 0983 | train reward: 1599.60 | best: 1649.76 | KL: 1.052e-03 | std: 0.4222 | rollout: 8.756s | update: 0.518s | total: 9.274s | samples/s: 6015
Iteration 0984 | train reward: 1615.60 | best: 1649.76 | KL: 1.393e-03 | std: 0.4228 | rollout: 9.083s | update: 0.382s | total: 9.465s | samples/s: 6009
Iteration 0985 | train reward: 1570.36 | best: 1649.76 | KL: 1.317e-03 | std: 0.4216 | rollout: 8.893s | update: 0.437s | total: 9.331s | samples/s: 5926
Iteration 0986 | train reward: 1593.91 | best: 1649.76 | KL: 1.171e-03 | std: 0.4205 | rollout: 9.207s | update: 0.472s | total: 9.679s | samples/s: 5746
Iteration 0987 | train reward: 1589.59 | best: 1649.76 | KL: 1.071e-03 | std: 0.4219 | rollout: 8.722s | update: 0.138s | total: 8.860s | samples/s: 6278
Iteration 0988 | train reward: 1566.58 | best: 1649.76 | KL: 7.053e-04 | std: 0.4219 | rollout: 8.717s | update: 0.356s | total: 9.073s | samples/s: 6022
Iteration 0989 | train reward: 1555.60 | best: 1649.76 | KL: 1.937e-03 | std: 0.4242 | rollout: 9.004s | update: 0.147s | total: 9.151s | samples/s: 5985
Iteration 0990 | train reward: 1587.14 | best: 1649.76 | KL: 1.712e-03 | std: 0.4236 | rollout: 9.890s | update: 0.383s | total: 10.273s | samples/s: 5431
Iteration 0991 | train reward: 1627.77 | best: 1649.76 | KL: 1.382e-03 | std: 0.4222 | rollout: 8.745s | update: 0.143s | total: 8.888s | samples/s: 6460
Iteration 0992 | train reward: 1613.81 | best: 1649.76 | KL: 1.254e-03 | std: 0.4234 | rollout: 9.369s | update: 0.426s | total: 9.794s | samples/s: 5776
Iteration 0993 | train reward: 1604.12 | best: 1649.76 | KL: 1.519e-03 | std: 0.4228 | rollout: 8.774s | update: 0.502s | total: 9.276s | samples/s: 6105
Iteration 0994 | train reward: 1616.38 | best: 1649.76 | KL: 1.222e-03 | std: 0.4222 | rollout: 9.792s | update: 0.319s | total: 10.112s | samples/s: 5652
Iteration 0995 | train reward: 1573.00 | best: 1649.76 | KL: 1.647e-03 | std: 0.4222 | rollout: 9.991s | update: 0.485s | total: 10.476s | samples/s: 5270
Iteration 0996 | train reward: 1607.39 | best: 1649.76 | KL: 1.287e-03 | std: 0.4218 | rollout: 9.314s | update: 0.327s | total: 9.641s | samples/s: 5849
Iteration 0997 | train reward: 1611.74 | best: 1649.76 | KL: 1.372e-03 | std: 0.4219 | rollout: 9.002s | update: 0.326s | total: 9.328s | samples/s: 6003
Iteration 0998 | train reward: 1649.79 | best: 1649.79 | KL: 1.290e-03 | std: 0.4209 | rollout: 9.876s | update: 0.442s | total: 10.317s | samples/s: 5618
Iteration 0999 | train reward: 1641.19 | best: 1649.79 | KL: 1.268e-03 | std: 0.4208 | rollout: 9.032s | update: 0.296s | total: 9.328s | samples/s: 6094
Iteration 1000 | train reward: 1614.17 | best: 1649.79 | KL: 1.096e-03 | std: 0.4202 | rollout: 8.372s | update: 0.244s | total: 8.615s | samples/s: 6639
Iteration 1001 | train reward: 1623.39 | best: 1649.79 | KL: 1.144e-03 | std: 0.4202 | rollout: 8.904s | update: 0.337s | total: 9.241s | samples/s: 6146
Iteration 1002 | train reward: 1634.47 | best: 1649.79 | KL: 9.181e-04 | std: 0.4209 | rollout: 9.224s | update: 0.315s | total: 9.539s | samples/s: 6007
Iteration 1003 | train reward: 1589.24 | best: 1649.79 | KL: 1.017e-03 | std: 0.4205 | rollout: 8.766s | update: 0.333s | total: 9.100s | samples/s: 6173
Iteration 1004 | train reward: 1598.12 | best: 1649.79 | KL: 1.532e-03 | std: 0.4183 | rollout: 8.879s | update: 0.233s | total: 9.112s | samples/s: 6254
Iteration 1005 | train reward: 1624.79 | best: 1649.79 | KL: 1.960e-03 | std: 0.4166 | rollout: 8.793s | update: 0.273s | total: 9.066s | samples/s: 6358
Iteration 1006 | train reward: 1640.81 | best: 1649.79 | KL: 1.251e-03 | std: 0.4169 | rollout: 9.477s | update: 0.475s | total: 9.952s | samples/s: 5880
Iteration 1007 | train reward: 1676.58 | best: 1676.58 | KL: 1.333e-03 | std: 0.4167 | rollout: 8.881s | update: 0.241s | total: 9.121s | samples/s: 6501
Iteration 1008 | train reward: 1628.56 | best: 1676.58 | KL: 1.267e-03 | std: 0.4178 | rollout: 9.318s | update: 0.169s | total: 9.486s | samples/s: 6152
Iteration 1009 | train reward: 1652.07 | best: 1676.58 | KL: 1.158e-03 | std: 0.4167 | rollout: 9.041s | update: 0.388s | total: 9.429s | samples/s: 6242
Iteration 1010 | train reward: 1660.38 | best: 1676.58 | KL: 9.380e-04 | std: 0.4177 | rollout: 8.383s | update: 0.238s | total: 8.621s | samples/s: 6874
Iteration 1011 | train reward: 1645.63 | best: 1676.58 | KL: 1.191e-03 | std: 0.4169 | rollout: 8.518s | update: 0.362s | total: 8.880s | samples/s: 6680
Iteration 1012 | train reward: 1646.45 | best: 1676.58 | KL: 1.648e-03 | std: 0.4190 | rollout: 8.446s | update: 0.174s | total: 8.620s | samples/s: 6771
Iteration 1013 | train reward: 1659.98 | best: 1676.58 | KL: 1.449e-03 | std: 0.4182 | rollout: 8.076s | update: 0.222s | total: 8.299s | samples/s: 7118
Iteration 1014 | train reward: 1639.72 | best: 1676.58 | KL: 9.218e-04 | std: 0.4193 | rollout: 8.651s | update: 0.196s | total: 8.847s | samples/s: 6576
Iteration 1015 | train reward: 1641.70 | best: 1676.58 | KL: 1.512e-03 | std: 0.4202 | rollout: 8.493s | update: 0.159s | total: 8.652s | samples/s: 6656
Iteration 1016 | train reward: 1624.34 | best: 1676.58 | KL: 1.372e-03 | std: 0.4207 | rollout: 8.635s | update: 0.186s | total: 8.820s | samples/s: 6577
Iteration 1017 | train reward: 1643.82 | best: 1676.58 | KL: 1.609e-03 | std: 0.4207 | rollout: 8.325s | update: 0.256s | total: 8.581s | samples/s: 6768
Iteration 1018 | train reward: 1642.00 | best: 1676.58 | KL: 1.316e-03 | std: 0.4193 | rollout: 8.329s | update: 0.160s | total: 8.489s | samples/s: 6848
Iteration 1019 | train reward: 1663.10 | best: 1676.58 | KL: 1.517e-03 | std: 0.4184 | rollout: 8.148s | update: 0.170s | total: 8.319s | samples/s: 7080
Iteration 1020 | train reward: 1629.65 | best: 1676.58 | KL: 1.232e-03 | std: 0.4178 | rollout: 8.105s | update: 0.164s | total: 8.269s | samples/s: 6947
Iteration 1021 | train reward: 1656.16 | best: 1676.58 | KL: 1.125e-03 | std: 0.4176 | rollout: 8.215s | update: 0.129s | total: 8.344s | samples/s: 7038
Iteration 1022 | train reward: 1681.77 | best: 1681.77 | KL: 1.968e-03 | std: 0.4178 | rollout: 8.179s | update: 0.139s | total: 8.319s | samples/s: 7162
Iteration 1023 | train reward: 1644.77 | best: 1681.77 | KL: 1.888e-03 | std: 0.4167 | rollout: 8.004s | update: 0.135s | total: 8.139s | samples/s: 7199
Iteration 1024 | train reward: 1671.98 | best: 1681.77 | KL: 1.817e-03 | std: 0.4167 | rollout: 8.211s | update: 0.193s | total: 8.403s | samples/s: 7109
Iteration 1025 | train reward: 1653.20 | best: 1681.77 | KL: 1.650e-03 | std: 0.4170 | rollout: 8.152s | update: 0.171s | total: 8.323s | samples/s: 7103
Iteration 1026 | train reward: 1658.29 | best: 1681.77 | KL: 1.230e-03 | std: 0.4181 | rollout: 8.176s | update: 0.197s | total: 8.373s | samples/s: 7075
Iteration 1027 | train reward: 1648.71 | best: 1681.77 | KL: 1.426e-03 | std: 0.4167 | rollout: 7.762s | update: 0.124s | total: 7.887s | samples/s: 7519
Iteration 1028 | train reward: 1656.88 | best: 1681.77 | KL: 1.082e-03 | std: 0.4164 | rollout: 7.997s | update: 0.149s | total: 8.146s | samples/s: 7292
Iteration 1029 | train reward: 1635.88 | best: 1681.77 | KL: 1.825e-03 | std: 0.4167 | rollout: 8.527s | update: 0.194s | total: 8.720s | samples/s: 6661
Iteration 1030 | train reward: 1664.72 | best: 1681.77 | KL: 6.561e-04 | std: 0.4164 | rollout: 8.194s | update: 0.209s | total: 8.403s | samples/s: 7002
Iteration 1031 | train reward: 1643.53 | best: 1681.77 | KL: 1.088e-03 | std: 0.4166 | rollout: 8.410s | update: 0.237s | total: 8.647s | samples/s: 6787
Iteration 1032 | train reward: 1650.81 | best: 1681.77 | KL: 1.055e-03 | std: 0.4157 | rollout: 8.531s | update: 0.175s | total: 8.706s | samples/s: 6731
Iteration 1033 | train reward: 1642.85 | best: 1681.77 | KL: 1.664e-03 | std: 0.4155 | rollout: 8.349s | update: 0.237s | total: 8.586s | samples/s: 6763
Iteration 1034 | train reward: 1627.07 | best: 1681.77 | KL: 1.344e-03 | std: 0.4157 | rollout: 8.002s | update: 0.192s | total: 8.194s | samples/s: 6968
Iteration 1035 | train reward: 1629.96 | best: 1681.77 | KL: 1.356e-03 | std: 0.4129 | rollout: 8.544s | update: 0.215s | total: 8.759s | samples/s: 6572
Iteration 1036 | train reward: 1642.51 | best: 1681.77 | KL: 1.285e-03 | std: 0.4129 | rollout: 8.032s | update: 0.151s | total: 8.184s | samples/s: 7132
Iteration 1037 | train reward: 1675.83 | best: 1681.77 | KL: 1.162e-03 | std: 0.4130 | rollout: 8.416s | update: 0.217s | total: 8.633s | samples/s: 6801
Iteration 1038 | train reward: 1647.87 | best: 1681.77 | KL: 1.608e-03 | std: 0.4114 | rollout: 8.439s | update: 0.198s | total: 8.637s | samples/s: 6734
Iteration 1039 | train reward: 1662.94 | best: 1681.77 | KL: 8.572e-04 | std: 0.4103 | rollout: 8.908s | update: 0.401s | total: 9.310s | samples/s: 6306
Iteration 1040 | train reward: 1638.48 | best: 1681.77 | KL: 1.406e-03 | std: 0.4091 | rollout: 8.480s | update: 0.198s | total: 8.678s | samples/s: 6694
Iteration 1041 | train reward: 1648.97 | best: 1681.77 | KL: 1.331e-03 | std: 0.4103 | rollout: 8.938s | update: 0.231s | total: 9.170s | samples/s: 6356
Iteration 1042 | train reward: 1644.13 | best: 1681.77 | KL: 1.034e-03 | std: 0.4103 | rollout: 9.313s | update: 0.359s | total: 9.672s | samples/s: 6053
Iteration 1043 | train reward: 1652.56 | best: 1681.77 | KL: 1.652e-03 | std: 0.4114 | rollout: 8.487s | update: 0.270s | total: 8.756s | samples/s: 6711
Iteration 1044 | train reward: 1649.37 | best: 1681.77 | KL: 1.409e-03 | std: 0.4091 | rollout: 8.206s | update: 0.239s | total: 8.444s | samples/s: 6924
Iteration 1045 | train reward: 1666.04 | best: 1681.77 | KL: 1.259e-03 | std: 0.4089 | rollout: 7.876s | update: 0.192s | total: 8.068s | samples/s: 7389
Iteration 1046 | train reward: 1640.51 | best: 1681.77 | KL: 1.458e-03 | std: 0.4089 | rollout: 8.305s | update: 0.192s | total: 8.498s | samples/s: 6923
Iteration 1047 | train reward: 1658.18 | best: 1681.77 | KL: 1.365e-03 | std: 0.4079 | rollout: 8.121s | update: 0.234s | total: 8.356s | samples/s: 7068
Iteration 1048 | train reward: 1651.26 | best: 1681.77 | KL: 1.303e-03 | std: 0.4088 | rollout: 8.233s | update: 0.164s | total: 8.397s | samples/s: 7109
Iteration 1049 | train reward: 1640.38 | best: 1681.77 | KL: 1.206e-03 | std: 0.4072 | rollout: 8.250s | update: 0.176s | total: 8.426s | samples/s: 6921
Iteration 1050 | train reward: 1674.33 | best: 1681.77 | KL: 1.635e-03 | std: 0.4065 | rollout: 8.257s | update: 0.167s | total: 8.424s | samples/s: 7042
Iteration 1051 | train reward: 1631.36 | best: 1681.77 | KL: 8.153e-04 | std: 0.4065 | rollout: 8.391s | update: 0.426s | total: 8.817s | samples/s: 6565
Iteration 1052 | train reward: 1642.09 | best: 1681.77 | KL: 1.521e-03 | std: 0.4062 | rollout: 7.898s | update: 0.256s | total: 8.153s | samples/s: 7181
Iteration 1053 | train reward: 1617.00 | best: 1681.77 | KL: 1.964e-03 | std: 0.4065 | rollout: 8.059s | update: 0.196s | total: 8.255s | samples/s: 6872
Iteration 1054 | train reward: 1669.43 | best: 1681.77 | KL: 1.137e-03 | std: 0.4065 | rollout: 8.268s | update: 0.265s | total: 8.533s | samples/s: 6957
Iteration 1055 | train reward: 1594.60 | best: 1681.77 | KL: 1.249e-03 | std: 0.4059 | rollout: 8.319s | update: 0.392s | total: 8.711s | samples/s: 6485
Iteration 1056 | train reward: 1626.31 | best: 1681.77 | KL: 1.900e-03 | std: 0.4060 | rollout: 8.365s | update: 0.184s | total: 8.549s | samples/s: 6712
Iteration 1057 | train reward: 1635.78 | best: 1681.77 | KL: 2.064e-03 | std: 0.4077 | rollout: 8.113s | update: 0.277s | total: 8.391s | samples/s: 6838
Iteration 1058 | train reward: 1647.23 | best: 1681.77 | KL: 1.274e-03 | std: 0.4075 | rollout: 8.281s | update: 0.191s | total: 8.471s | samples/s: 6863
Iteration 1059 | train reward: 1636.77 | best: 1681.77 | KL: 1.964e-03 | std: 0.4088 | rollout: 8.292s | update: 0.186s | total: 8.478s | samples/s: 6861
Iteration 1060 | train reward: 1644.02 | best: 1681.77 | KL: 1.599e-03 | std: 0.4089 | rollout: 8.557s | update: 0.267s | total: 8.824s | samples/s: 6579
Iteration 1061 | train reward: 1633.89 | best: 1681.77 | KL: 1.251e-03 | std: 0.4101 | rollout: 8.038s | update: 0.159s | total: 8.197s | samples/s: 6999
Iteration 1062 | train reward: 1609.80 | best: 1681.77 | KL: 1.047e-03 | std: 0.4102 | rollout: 8.229s | update: 0.189s | total: 8.418s | samples/s: 6626
Iteration 1063 | train reward: 1626.65 | best: 1681.77 | KL: 1.161e-03 | std: 0.4099 | rollout: 8.307s | update: 0.160s | total: 8.467s | samples/s: 6676
Iteration 1064 | train reward: 1609.86 | best: 1681.77 | KL: 8.564e-04 | std: 0.4114 | rollout: 8.279s | update: 0.126s | total: 8.405s | samples/s: 6674
Iteration 1065 | train reward: 1595.85 | best: 1681.77 | KL: 1.501e-03 | std: 0.4086 | rollout: 8.296s | update: 0.132s | total: 8.428s | samples/s: 6530
Iteration 1066 | train reward: 1600.82 | best: 1681.77 | KL: 1.212e-03 | std: 0.4088 | rollout: 8.106s | update: 0.149s | total: 8.255s | samples/s: 6741
Iteration 1067 | train reward: 1618.09 | best: 1681.77 | KL: 9.920e-04 | std: 0.4074 | rollout: 8.112s | update: 0.172s | total: 8.284s | samples/s: 6779
Iteration 1068 | train reward: 1614.54 | best: 1681.77 | KL: 9.713e-04 | std: 0.4077 | rollout: 8.385s | update: 0.149s | total: 8.534s | samples/s: 6618
Iteration 1069 | train reward: 1590.24 | best: 1681.77 | KL: 1.603e-03 | std: 0.4088 | rollout: 8.430s | update: 0.185s | total: 8.615s | samples/s: 6428
Iteration 1070 | train reward: 1616.00 | best: 1681.77 | KL: 1.129e-03 | std: 0.4089 | rollout: 8.258s | update: 0.151s | total: 8.409s | samples/s: 6696
Iteration 1071 | train reward: 1624.46 | best: 1681.77 | KL: 1.255e-03 | std: 0.4098 | rollout: 8.059s | update: 0.158s | total: 8.216s | samples/s: 6970
Iteration 1072 | train reward: 1637.61 | best: 1681.77 | KL: 1.598e-03 | std: 0.4105 | rollout: 8.096s | update: 0.130s | total: 8.226s | samples/s: 7008
Iteration 1073 | train reward: 1675.65 | best: 1681.77 | KL: 1.070e-03 | std: 0.4117 | rollout: 8.112s | update: 0.210s | total: 8.322s | samples/s: 7064
Iteration 1074 | train reward: 1629.04 | best: 1681.77 | KL: 7.002e-04 | std: 0.4126 | rollout: 8.359s | update: 0.166s | total: 8.525s | samples/s: 6698
Iteration 1075 | train reward: 1628.56 | best: 1681.77 | KL: 1.521e-03 | std: 0.4118 | rollout: 8.493s | update: 0.191s | total: 8.684s | samples/s: 6655
Iteration 1076 | train reward: 1573.67 | best: 1681.77 | KL: 1.299e-03 | std: 0.4127 | rollout: 8.404s | update: 0.297s | total: 8.701s | samples/s: 6328
Iteration 1077 | train reward: 1610.66 | best: 1681.77 | KL: 1.216e-03 | std: 0.4131 | rollout: 8.471s | update: 0.301s | total: 8.772s | samples/s: 6413
Iteration 1078 | train reward: 1622.18 | best: 1681.77 | KL: 1.491e-03 | std: 0.4138 | rollout: 8.381s | update: 0.198s | total: 8.579s | samples/s: 6650
Iteration 1079 | train reward: 1609.55 | best: 1681.77 | KL: 2.005e-03 | std: 0.4117 | rollout: 8.091s | update: 0.161s | total: 8.252s | samples/s: 6847
Iteration 1080 | train reward: 1595.59 | best: 1681.77 | KL: 1.348e-03 | std: 0.4128 | rollout: 8.336s | update: 0.255s | total: 8.592s | samples/s: 6472
Iteration 1081 | train reward: 1581.97 | best: 1681.77 | KL: 1.117e-03 | std: 0.4152 | rollout: 8.212s | update: 0.235s | total: 8.447s | samples/s: 6594
Iteration 1082 | train reward: 1633.73 | best: 1681.77 | KL: 1.771e-03 | std: 0.4152 | rollout: 8.250s | update: 0.139s | total: 8.388s | samples/s: 6806
Iteration 1083 | train reward: 1655.30 | best: 1681.77 | KL: 1.636e-03 | std: 0.4131 | rollout: 8.212s | update: 0.154s | total: 8.366s | samples/s: 6973
Iteration 1084 | train reward: 1633.79 | best: 1681.77 | KL: 1.409e-03 | std: 0.4126 | rollout: 8.336s | update: 0.188s | total: 8.524s | samples/s: 6766
Iteration 1085 | train reward: 1642.35 | best: 1681.77 | KL: 1.250e-03 | std: 0.4141 | rollout: 8.409s | update: 0.120s | total: 8.529s | samples/s: 6833
Iteration 1086 | train reward: 1634.12 | best: 1681.77 | KL: 9.083e-04 | std: 0.4124 | rollout: 8.252s | update: 0.250s | total: 8.502s | samples/s: 6835
Iteration 1087 | train reward: 1647.31 | best: 1681.77 | KL: 1.394e-03 | std: 0.4140 | rollout: 8.340s | update: 0.285s | total: 8.625s | samples/s: 6789
Iteration 1088 | train reward: 1622.41 | best: 1681.77 | KL: 1.257e-03 | std: 0.4140 | rollout: 8.212s | update: 0.185s | total: 8.396s | samples/s: 6899
Iteration 1089 | train reward: 1619.10 | best: 1681.77 | KL: 1.826e-03 | std: 0.4127 | rollout: 8.222s | update: 0.205s | total: 8.428s | samples/s: 6785
Iteration 1090 | train reward: 1629.16 | best: 1681.77 | KL: 9.770e-04 | std: 0.4132 | rollout: 8.321s | update: 0.211s | total: 8.532s | samples/s: 6709
Iteration 1091 | train reward: 1571.17 | best: 1681.77 | KL: 1.427e-03 | std: 0.4130 | rollout: 8.201s | update: 0.143s | total: 8.344s | samples/s: 6595
Iteration 1092 | train reward: 1627.45 | best: 1681.77 | KL: 1.309e-03 | std: 0.4117 | rollout: 8.007s | update: 0.242s | total: 8.250s | samples/s: 6966
Iteration 1093 | train reward: 1601.20 | best: 1681.77 | KL: 1.134e-03 | std: 0.4124 | rollout: 8.001s | update: 0.301s | total: 8.302s | samples/s: 6741
Iteration 1094 | train reward: 1617.86 | best: 1681.77 | KL: 1.132e-03 | std: 0.4124 | rollout: 8.225s | update: 0.152s | total: 8.377s | samples/s: 6698
Iteration 1095 | train reward: 1601.62 | best: 1681.77 | KL: 1.359e-03 | std: 0.4115 | rollout: 8.950s | update: 0.125s | total: 9.076s | samples/s: 6241
Iteration 1096 | train reward: 1603.65 | best: 1681.77 | KL: 1.248e-03 | std: 0.4105 | rollout: 7.984s | update: 0.186s | total: 8.170s | samples/s: 6914
Iteration 1097 | train reward: 1599.01 | best: 1681.77 | KL: 8.515e-04 | std: 0.4092 | rollout: 8.020s | update: 0.151s | total: 8.171s | samples/s: 6912
Iteration 1098 | train reward: 1590.81 | best: 1681.77 | KL: 1.109e-03 | std: 0.4112 | rollout: 8.084s | update: 0.207s | total: 8.291s | samples/s: 6807
Iteration 1099 | train reward: 1629.86 | best: 1681.77 | KL: 1.092e-03 | std: 0.4103 | rollout: 8.265s | update: 0.122s | total: 8.387s | samples/s: 6915
Iteration 1100 | train reward: 1622.37 | best: 1681.77 | KL: 1.250e-03 | std: 0.4088 | rollout: 8.733s | update: 0.207s | total: 8.939s | samples/s: 6355
Iteration 1101 | train reward: 1613.75 | best: 1681.77 | KL: 1.188e-03 | std: 0.4092 | rollout: 8.529s | update: 0.257s | total: 8.787s | samples/s: 6516
Iteration 1102 | train reward: 1617.81 | best: 1681.77 | KL: 1.140e-03 | std: 0.4105 | rollout: 9.979s | update: 0.259s | total: 10.238s | samples/s: 5609
Iteration 1103 | train reward: 1579.51 | best: 1681.77 | KL: 1.084e-03 | std: 0.4114 | rollout: 8.773s | update: 0.259s | total: 9.032s | samples/s: 6066
Iteration 1104 | train reward: 1581.37 | best: 1681.77 | KL: 1.082e-03 | std: 0.4118 | rollout: 8.648s | update: 0.413s | total: 9.060s | samples/s: 6080
Iteration 1105 | train reward: 1600.25 | best: 1681.77 | KL: 1.429e-03 | std: 0.4141 | rollout: 8.257s | update: 0.203s | total: 8.460s | samples/s: 6664
Iteration 1106 | train reward: 1606.79 | best: 1681.77 | KL: 1.165e-03 | std: 0.4153 | rollout: 8.681s | update: 0.125s | total: 8.806s | samples/s: 6408
Iteration 1107 | train reward: 1597.84 | best: 1681.77 | KL: 1.096e-03 | std: 0.4152 | rollout: 8.505s | update: 0.203s | total: 8.708s | samples/s: 6472
Iteration 1108 | train reward: 1592.20 | best: 1681.77 | KL: 1.114e-03 | std: 0.4144 | rollout: 8.146s | update: 0.123s | total: 8.269s | samples/s: 6725
Iteration 1109 | train reward: 1590.89 | best: 1681.77 | KL: 1.510e-03 | std: 0.4157 | rollout: 8.035s | update: 0.185s | total: 8.220s | samples/s: 6685
Iteration 1110 | train reward: 1572.68 | best: 1681.77 | KL: 9.027e-04 | std: 0.4167 | rollout: 8.538s | update: 0.304s | total: 8.842s | samples/s: 6117
Iteration 1111 | train reward: 1591.43 | best: 1681.77 | KL: 9.897e-04 | std: 0.4166 | rollout: 8.729s | update: 0.339s | total: 9.068s | samples/s: 6085
Iteration 1112 | train reward: 1574.38 | best: 1681.77 | KL: 1.442e-03 | std: 0.4170 | rollout: 8.379s | update: 0.186s | total: 8.565s | samples/s: 6362
Iteration 1113 | train reward: 1580.95 | best: 1681.77 | KL: 1.501e-03 | std: 0.4152 | rollout: 8.085s | update: 0.180s | total: 8.265s | samples/s: 6720
Iteration 1114 | train reward: 1614.81 | best: 1681.77 | KL: 1.611e-03 | std: 0.4166 | rollout: 8.157s | update: 0.370s | total: 8.527s | samples/s: 6623
Iteration 1115 | train reward: 1624.68 | best: 1681.77 | KL: 6.799e-04 | std: 0.4157 | rollout: 8.345s | update: 0.186s | total: 8.531s | samples/s: 6613
Iteration 1116 | train reward: 1528.60 | best: 1681.77 | KL: 1.074e-03 | std: 0.4141 | rollout: 8.326s | update: 0.135s | total: 8.461s | samples/s: 6266
Iteration 1117 | train reward: 1576.98 | best: 1681.77 | KL: 1.227e-03 | std: 0.4151 | rollout: 8.003s | update: 0.164s | total: 8.166s | samples/s: 6679
Iteration 1118 | train reward: 1605.18 | best: 1681.77 | KL: 1.195e-03 | std: 0.4141 | rollout: 8.436s | update: 0.239s | total: 8.675s | samples/s: 6379
Iteration 1119 | train reward: 1569.65 | best: 1681.77 | KL: 7.638e-04 | std: 0.4131 | rollout: 8.750s | update: 0.211s | total: 8.960s | samples/s: 6041
Iteration 1120 | train reward: 1543.36 | best: 1681.77 | KL: 1.284e-03 | std: 0.4128 | rollout: 7.996s | update: 0.184s | total: 8.181s | samples/s: 6519
Iteration 1121 | train reward: 1580.43 | best: 1681.77 | KL: 1.342e-03 | std: 0.4129 | rollout: 8.307s | update: 0.411s | total: 8.718s | samples/s: 6260
Iteration 1122 | train reward: 1571.89 | best: 1681.77 | KL: 1.230e-03 | std: 0.4141 | rollout: 8.407s | update: 0.141s | total: 8.548s | samples/s: 6334
Iteration 1123 | train reward: 1619.31 | best: 1681.77 | KL: 1.030e-03 | std: 0.4140 | rollout: 8.883s | update: 0.175s | total: 9.057s | samples/s: 6212
Iteration 1124 | train reward: 1578.71 | best: 1681.77 | KL: 7.014e-04 | std: 0.4138 | rollout: 7.999s | update: 0.359s | total: 8.358s | samples/s: 6519
Iteration 1125 | train reward: 1584.53 | best: 1681.77 | KL: 1.057e-03 | std: 0.4138 | rollout: 8.461s | update: 0.372s | total: 8.833s | samples/s: 6209
Iteration 1126 | train reward: 1609.79 | best: 1681.77 | KL: 1.875e-03 | std: 0.4129 | rollout: 8.366s | update: 0.200s | total: 8.566s | samples/s: 6497
Iteration 1127 | train reward: 1608.40 | best: 1681.77 | KL: 1.541e-03 | std: 0.4138 | rollout: 8.292s | update: 0.136s | total: 8.428s | samples/s: 6594
Iteration 1128 | train reward: 1569.43 | best: 1681.77 | KL: 1.183e-03 | std: 0.4127 | rollout: 8.330s | update: 0.214s | total: 8.544s | samples/s: 6428
Iteration 1129 | train reward: 1590.09 | best: 1681.77 | KL: 1.157e-03 | std: 0.4140 | rollout: 8.147s | update: 0.328s | total: 8.475s | samples/s: 6563
Iteration 1130 | train reward: 1555.38 | best: 1681.77 | KL: 1.632e-03 | std: 0.4140 | rollout: 8.899s | update: 0.220s | total: 9.118s | samples/s: 5974
Iteration 1131 | train reward: 1563.52 | best: 1681.77 | KL: 8.598e-04 | std: 0.4130 | rollout: 8.408s | update: 0.300s | total: 8.709s | samples/s: 6233
Iteration 1132 | train reward: 1603.88 | best: 1681.77 | KL: 1.538e-03 | std: 0.4124 | rollout: 8.306s | update: 0.159s | total: 8.465s | samples/s: 6553
Iteration 1133 | train reward: 1641.42 | best: 1681.77 | KL: 1.182e-03 | std: 0.4124 | rollout: 8.149s | update: 0.227s | total: 8.376s | samples/s: 6926
Iteration 1134 | train reward: 1598.58 | best: 1681.77 | KL: 1.172e-03 | std: 0.4138 | rollout: 8.256s | update: 0.213s | total: 8.469s | samples/s: 6538
Iteration 1135 | train reward: 1586.28 | best: 1681.77 | KL: 1.639e-03 | std: 0.4144 | rollout: 8.043s | update: 0.250s | total: 8.292s | samples/s: 6620
Iteration 1136 | train reward: 1641.02 | best: 1681.77 | KL: 1.706e-03 | std: 0.4141 | rollout: 8.520s | update: 0.333s | total: 8.854s | samples/s: 6448
Iteration 1137 | train reward: 1629.13 | best: 1681.77 | KL: 1.021e-03 | std: 0.4144 | rollout: 8.414s | update: 0.227s | total: 8.641s | samples/s: 6542
Iteration 1138 | train reward: 1612.83 | best: 1681.77 | KL: 6.262e-04 | std: 0.4143 | rollout: 8.614s | update: 0.143s | total: 8.758s | samples/s: 6439
Iteration 1139 | train reward: 1613.64 | best: 1681.77 | KL: 1.908e-03 | std: 0.4140 | rollout: 8.675s | update: 0.421s | total: 9.095s | samples/s: 6176
Iteration 1140 | train reward: 1636.84 | best: 1681.77 | KL: 1.235e-03 | std: 0.4155 | rollout: 8.563s | update: 0.260s | total: 8.823s | samples/s: 6519
Iteration 1141 | train reward: 1629.52 | best: 1681.77 | KL: 1.146e-03 | std: 0.4157 | rollout: 8.165s | update: 0.250s | total: 8.415s | samples/s: 6652
Iteration 1142 | train reward: 1626.46 | best: 1681.77 | KL: 2.092e-03 | std: 0.4157 | rollout: 8.326s | update: 0.172s | total: 8.497s | samples/s: 6729
Iteration 1143 | train reward: 1617.75 | best: 1681.77 | KL: 1.037e-03 | std: 0.4150 | rollout: 8.135s | update: 0.160s | total: 8.295s | samples/s: 6792
Iteration 1144 | train reward: 1619.90 | best: 1681.77 | KL: 8.698e-04 | std: 0.4143 | rollout: 8.355s | update: 0.202s | total: 8.557s | samples/s: 6621
Iteration 1145 | train reward: 1626.32 | best: 1681.77 | KL: 1.163e-03 | std: 0.4140 | rollout: 8.505s | update: 0.172s | total: 8.677s | samples/s: 6554
Iteration 1146 | train reward: 1623.70 | best: 1681.77 | KL: 1.031e-03 | std: 0.4141 | rollout: 8.457s | update: 0.345s | total: 8.802s | samples/s: 6452
Iteration 1147 | train reward: 1621.91 | best: 1681.77 | KL: 1.422e-03 | std: 0.4141 | rollout: 8.453s | update: 0.315s | total: 8.767s | samples/s: 6369
Iteration 1148 | train reward: 1587.81 | best: 1681.77 | KL: 1.659e-03 | std: 0.4138 | rollout: 8.200s | update: 0.245s | total: 8.445s | samples/s: 6502
Iteration 1149 | train reward: 1616.20 | best: 1681.77 | KL: 1.463e-03 | std: 0.4143 | rollout: 7.990s | update: 0.350s | total: 8.340s | samples/s: 6698
Iteration 1150 | train reward: 1586.14 | best: 1681.77 | KL: 1.484e-03 | std: 0.4138 | rollout: 8.587s | update: 0.218s | total: 8.805s | samples/s: 6198
Iteration 1151 | train reward: 1597.64 | best: 1681.77 | KL: 1.220e-03 | std: 0.4155 | rollout: 8.123s | update: 0.215s | total: 8.338s | samples/s: 6647
Iteration 1152 | train reward: 1602.62 | best: 1681.77 | KL: 1.450e-03 | std: 0.4157 | rollout: 8.220s | update: 0.280s | total: 8.499s | samples/s: 6542
Iteration 1153 | train reward: 1588.75 | best: 1681.77 | KL: 1.297e-03 | std: 0.4152 | rollout: 8.548s | update: 0.186s | total: 8.734s | samples/s: 6399
Iteration 1154 | train reward: 1596.27 | best: 1681.77 | KL: 1.349e-03 | std: 0.4155 | rollout: 7.949s | update: 0.209s | total: 8.158s | samples/s: 6851
Iteration 1155 | train reward: 1615.92 | best: 1681.77 | KL: 1.015e-03 | std: 0.4158 | rollout: 7.916s | update: 0.150s | total: 8.065s | samples/s: 7095
Iteration 1156 | train reward: 1617.41 | best: 1681.77 | KL: 9.777e-04 | std: 0.4164 | rollout: 7.769s | update: 0.160s | total: 7.929s | samples/s: 7119
Iteration 1157 | train reward: 1635.68 | best: 1681.77 | KL: 9.352e-04 | std: 0.4169 | rollout: 7.739s | update: 0.326s | total: 8.065s | samples/s: 7007
Iteration 1158 | train reward: 1590.79 | best: 1681.77 | KL: 1.379e-03 | std: 0.4167 | rollout: 8.097s | update: 0.155s | total: 8.252s | samples/s: 6693
Iteration 1159 | train reward: 1627.43 | best: 1681.77 | KL: 1.167e-03 | std: 0.4178 | rollout: 8.144s | update: 0.143s | total: 8.287s | samples/s: 6773
Iteration 1160 | train reward: 1582.70 | best: 1681.77 | KL: 1.505e-03 | std: 0.4170 | rollout: 8.068s | update: 0.179s | total: 8.247s | samples/s: 6611
Iteration 1161 | train reward: 1670.63 | best: 1681.77 | KL: 1.070e-03 | std: 0.4184 | rollout: 8.130s | update: 0.206s | total: 8.336s | samples/s: 6870
Iteration 1162 | train reward: 1607.79 | best: 1681.77 | KL: 1.647e-03 | std: 0.4177 | rollout: 8.282s | update: 0.125s | total: 8.407s | samples/s: 6575
Iteration 1163 | train reward: 1610.69 | best: 1681.77 | KL: 1.588e-03 | std: 0.4176 | rollout: 8.004s | update: 0.140s | total: 8.144s | samples/s: 6867
Iteration 1164 | train reward: 1627.74 | best: 1681.77 | KL: 1.224e-03 | std: 0.4192 | rollout: 8.172s | update: 0.208s | total: 8.381s | samples/s: 6762
Iteration 1165 | train reward: 1597.19 | best: 1681.77 | KL: 1.005e-03 | std: 0.4183 | rollout: 8.303s | update: 0.138s | total: 8.441s | samples/s: 6575
Iteration 1166 | train reward: 1602.03 | best: 1681.77 | KL: 9.437e-04 | std: 0.4193 | rollout: 8.476s | update: 0.181s | total: 8.657s | samples/s: 6396
Iteration 1167 | train reward: 1618.68 | best: 1681.77 | KL: 1.118e-03 | std: 0.4190 | rollout: 8.313s | update: 0.196s | total: 8.509s | samples/s: 6643
Iteration 1168 | train reward: 1601.67 | best: 1681.77 | KL: 1.241e-03 | std: 0.4181 | rollout: 8.271s | update: 0.128s | total: 8.399s | samples/s: 6686
Iteration 1169 | train reward: 1582.96 | best: 1681.77 | KL: 9.789e-04 | std: 0.4181 | rollout: 8.230s | update: 0.190s | total: 8.420s | samples/s: 6600
Iteration 1170 | train reward: 1632.05 | best: 1681.77 | KL: 1.052e-03 | std: 0.4192 | rollout: 8.080s | update: 0.159s | total: 8.239s | samples/s: 6958
Iteration 1171 | train reward: 1620.82 | best: 1681.77 | KL: 1.048e-03 | std: 0.4193 | rollout: 8.186s | update: 0.165s | total: 8.351s | samples/s: 6836
Iteration 1172 | train reward: 1627.36 | best: 1681.77 | KL: 1.036e-03 | std: 0.4196 | rollout: 8.243s | update: 0.122s | total: 8.365s | samples/s: 6805
Iteration 1173 | train reward: 1614.54 | best: 1681.77 | KL: 1.197e-03 | std: 0.4195 | rollout: 8.142s | update: 0.136s | total: 8.278s | samples/s: 6764
Iteration 1174 | train reward: 1632.91 | best: 1681.77 | KL: 1.746e-03 | std: 0.4193 | rollout: 8.567s | update: 0.347s | total: 8.914s | samples/s: 6386
Iteration 1175 | train reward: 1588.43 | best: 1681.77 | KL: 1.413e-03 | std: 0.4190 | rollout: 8.501s | update: 0.293s | total: 8.794s | samples/s: 6365
Iteration 1176 | train reward: 1624.73 | best: 1681.77 | KL: 9.084e-04 | std: 0.4178 | rollout: 8.543s | update: 0.283s | total: 8.826s | samples/s: 6396
Iteration 1177 | train reward: 1630.56 | best: 1681.77 | KL: 1.193e-03 | std: 0.4176 | rollout: 7.998s | update: 0.153s | total: 8.151s | samples/s: 6948
Iteration 1178 | train reward: 1596.82 | best: 1681.77 | KL: 1.100e-03 | std: 0.4193 | rollout: 8.060s | update: 0.180s | total: 8.240s | samples/s: 6734
Iteration 1179 | train reward: 1625.70 | best: 1681.77 | KL: 1.484e-03 | std: 0.4181 | rollout: 8.584s | update: 0.249s | total: 8.833s | samples/s: 6374
Iteration 1180 | train reward: 1609.11 | best: 1681.77 | KL: 1.144e-03 | std: 0.4184 | rollout: 8.064s | update: 0.231s | total: 8.295s | samples/s: 6734
Iteration 1181 | train reward: 1614.62 | best: 1681.77 | KL: 1.321e-03 | std: 0.4192 | rollout: 8.167s | update: 0.171s | total: 8.338s | samples/s: 6649
Iteration 1182 | train reward: 1638.92 | best: 1681.77 | KL: 1.558e-03 | std: 0.4167 | rollout: 8.341s | update: 0.198s | total: 8.539s | samples/s: 6690
Iteration 1183 | train reward: 1621.22 | best: 1681.77 | KL: 1.006e-03 | std: 0.4166 | rollout: 8.467s | update: 0.255s | total: 8.722s | samples/s: 6443
Iteration 1184 | train reward: 1595.61 | best: 1681.77 | KL: 1.443e-03 | std: 0.4176 | rollout: 8.118s | update: 0.149s | total: 8.267s | samples/s: 6667
Iteration 1185 | train reward: 1571.64 | best: 1681.77 | KL: 1.423e-03 | std: 0.4183 | rollout: 8.056s | update: 0.355s | total: 8.411s | samples/s: 6484
Iteration 1186 | train reward: 1566.46 | best: 1681.77 | KL: 9.824e-04 | std: 0.4177 | rollout: 8.214s | update: 0.153s | total: 8.367s | samples/s: 6477
Iteration 1187 | train reward: 1601.97 | best: 1681.77 | KL: 8.043e-04 | std: 0.4170 | rollout: 8.044s | update: 0.137s | total: 8.181s | samples/s: 6766
Iteration 1188 | train reward: 1627.73 | best: 1681.77 | KL: 1.019e-03 | std: 0.4181 | rollout: 7.977s | update: 0.308s | total: 8.285s | samples/s: 6797
Iteration 1189 | train reward: 1594.25 | best: 1681.77 | KL: 1.175e-03 | std: 0.4167 | rollout: 7.830s | update: 0.162s | total: 7.992s | samples/s: 6916
Iteration 1190 | train reward: 1580.10 | best: 1681.77 | KL: 1.347e-03 | std: 0.4180 | rollout: 7.994s | update: 0.165s | total: 8.159s | samples/s: 6746
Iteration 1191 | train reward: 1597.23 | best: 1681.77 | KL: 1.135e-03 | std: 0.4167 | rollout: 8.105s | update: 0.165s | total: 8.270s | samples/s: 6747
Iteration 1192 | train reward: 1590.87 | best: 1681.77 | KL: 1.655e-03 | std: 0.4157 | rollout: 8.139s | update: 0.172s | total: 8.310s | samples/s: 6608
Iteration 1193 | train reward: 1596.15 | best: 1681.77 | KL: 1.158e-03 | std: 0.4167 | rollout: 8.266s | update: 0.162s | total: 8.428s | samples/s: 6551
Iteration 1194 | train reward: 1659.54 | best: 1681.77 | KL: 1.494e-03 | std: 0.4152 | rollout: 8.004s | update: 0.220s | total: 8.224s | samples/s: 7064
Iteration 1195 | train reward: 1600.68 | best: 1681.77 | KL: 1.165e-03 | std: 0.4164 | rollout: 7.951s | update: 0.360s | total: 8.311s | samples/s: 6755
Iteration 1196 | train reward: 1589.83 | best: 1681.77 | KL: 1.065e-03 | std: 0.4152 | rollout: 8.151s | update: 0.160s | total: 8.310s | samples/s: 6849
Iteration 1197 | train reward: 1594.28 | best: 1681.77 | KL: 1.553e-03 | std: 0.4150 | rollout: 8.027s | update: 0.155s | total: 8.182s | samples/s: 6820
Iteration 1198 | train reward: 1653.77 | best: 1681.77 | KL: 1.026e-03 | std: 0.4150 | rollout: 8.001s | update: 0.140s | total: 8.140s | samples/s: 7072
Iteration 1199 | train reward: 1635.27 | best: 1681.77 | KL: 1.545e-03 | std: 0.4150 | rollout: 8.040s | update: 0.229s | total: 8.269s | samples/s: 6938
training time 10471.91s
