Device       : cpu

========== GPOMDP LOSS ==========
states shape  = (128, 500, 17)
actions shape = (128, 500, 6)
rewards shape = (128, 500)
returns shape = (128, 500)
mask shape    = (128, 500)
log_probs shape = (128, 500)
valid steps = 64000
objective = 50.830872
loss = -50.830872
========== END GPOMDP DEBUG ==========


========== NPG PRECONDITIONING ==========
Fisher condition number  : 1.165e+04
||nat_g|| / ||g||        : 17.210
========== END NPG DEBUG ==========

/workplace/adelella/adelella/MCIBConceptDrift/vanilla-policy-gradient/vpg/train.py:127: UserWarning: Converting a tensor with requires_grad=True to a scalar may lead to unexpected behavior.
Consider using tensor.detach() first. (Triggered internally at /pytorch/torch/csrc/autograd/generated/python_variable_methods.cpp:838.)
  return float(torch.cat(grads).norm())
Iteration 0000 | train reward: -145.04 | best: -145.04 | KL: 6.134e-05 | std: 0.6067 | rollout: 6.060s | update: 1.818s | total: 7.877s | samples/s: 8125
Iteration 0001 | train reward: -138.91 | best: -138.91 | KL: 5.146e-05 | std: 0.6066 | rollout: 7.044s | update: 1.456s | total: 8.500s | samples/s: 7530
Iteration 0002 | train reward: -140.97 | best: -138.91 | KL: 5.463e-05 | std: 0.6066 | rollout: 6.930s | update: 1.468s | total: 8.398s | samples/s: 7621
Iteration 0003 | train reward: -141.18 | best: -138.91 | KL: 6.563e-05 | std: 0.6062 | rollout: 7.654s | update: 1.442s | total: 9.096s | samples/s: 7036
Iteration 0004 | train reward: -134.44 | best: -134.44 | KL: 5.397e-05 | std: 0.6062 | rollout: 8.208s | update: 1.419s | total: 9.628s | samples/s: 6648
Iteration 0005 | train reward: -139.71 | best: -134.44 | KL: 5.401e-05 | std: 0.6062 | rollout: 8.191s | update: 1.476s | total: 9.667s | samples/s: 6621
Iteration 0006 | train reward: -128.89 | best: -128.89 | KL: 4.577e-05 | std: 0.6062 | rollout: 7.869s | update: 1.503s | total: 9.373s | samples/s: 6828
Iteration 0007 | train reward: -139.74 | best: -128.89 | KL: 5.615e-05 | std: 0.6062 | rollout: 7.676s | update: 1.439s | total: 9.116s | samples/s: 7021
Iteration 0008 | train reward: -128.78 | best: -128.78 | KL: 4.958e-05 | std: 0.6062 | rollout: 8.020s | update: 1.291s | total: 9.311s | samples/s: 6874
Iteration 0009 | train reward: -129.96 | best: -128.78 | KL: 5.353e-05 | std: 0.6062 | rollout: 7.301s | update: 1.477s | total: 8.778s | samples/s: 7291
Iteration 0010 | train reward: -132.31 | best: -128.78 | KL: 4.961e-05 | std: 0.6062 | rollout: 8.080s | update: 1.439s | total: 9.519s | samples/s: 6723
Iteration 0011 | train reward: -126.46 | best: -126.46 | KL: 5.049e-05 | std: 0.6062 | rollout: 8.935s | update: 1.464s | total: 10.399s | samples/s: 6154
Iteration 0012 | train reward: -125.92 | best: -125.92 | KL: 5.720e-05 | std: 0.6062 | rollout: 7.868s | update: 1.376s | total: 9.243s | samples/s: 6924
Iteration 0013 | train reward: -134.44 | best: -125.92 | KL: 4.592e-05 | std: 0.6060 | rollout: 8.471s | update: 1.388s | total: 9.859s | samples/s: 6492
Iteration 0014 | train reward: -130.53 | best: -125.92 | KL: 5.047e-05 | std: 0.6061 | rollout: 6.997s | update: 1.419s | total: 8.416s | samples/s: 7604
Iteration 0015 | train reward: -127.11 | best: -125.92 | KL: 4.957e-05 | std: 0.6049 | rollout: 8.540s | update: 1.529s | total: 10.069s | samples/s: 6356
Iteration 0016 | train reward: -133.09 | best: -125.92 | KL: 5.210e-05 | std: 0.6049 | rollout: 7.615s | update: 1.506s | total: 9.121s | samples/s: 7017
Iteration 0017 | train reward: -126.46 | best: -125.92 | KL: 5.541e-05 | std: 0.6049 | rollout: 8.261s | update: 1.414s | total: 9.676s | samples/s: 6615
Iteration 0018 | train reward: -118.77 | best: -118.77 | KL: 3.898e-05 | std: 0.6049 | rollout: 7.296s | update: 1.383s | total: 8.680s | samples/s: 7374
Iteration 0019 | train reward: -126.74 | best: -118.77 | KL: 5.348e-05 | std: 0.6049 | rollout: 7.676s | update: 1.412s | total: 9.088s | samples/s: 7042
Iteration 0020 | train reward: -127.84 | best: -118.77 | KL: 5.462e-05 | std: 0.6049 | rollout: 7.748s | update: 1.454s | total: 9.202s | samples/s: 6955
Iteration 0021 | train reward: -120.55 | best: -118.77 | KL: 5.134e-05 | std: 0.6049 | rollout: 7.974s | update: 1.450s | total: 9.424s | samples/s: 6791
Iteration 0022 | train reward: -120.60 | best: -118.77 | KL: 4.941e-05 | std: 0.6049 | rollout: 7.853s | update: 1.369s | total: 9.222s | samples/s: 6940
Iteration 0023 | train reward: -117.21 | best: -117.21 | KL: 4.316e-05 | std: 0.6049 | rollout: 7.421s | update: 1.367s | total: 8.788s | samples/s: 7283
Iteration 0024 | train reward: -118.20 | best: -117.21 | KL: 5.401e-05 | std: 0.6049 | rollout: 8.265s | update: 1.565s | total: 9.830s | samples/s: 6511
Iteration 0025 | train reward: -117.93 | best: -117.21 | KL: 4.492e-05 | std: 0.6049 | rollout: 8.954s | update: 1.395s | total: 10.349s | samples/s: 6184
Iteration 0026 | train reward: -122.14 | best: -117.21 | KL: 4.208e-05 | std: 0.6049 | rollout: 8.001s | update: 1.440s | total: 9.440s | samples/s: 6779
Iteration 0027 | train reward: -120.14 | best: -117.21 | KL: 5.168e-05 | std: 0.6048 | rollout: 7.100s | update: 1.432s | total: 8.532s | samples/s: 7501
Iteration 0028 | train reward: -126.97 | best: -117.21 | KL: 5.698e-05 | std: 0.6049 | rollout: 8.279s | update: 1.420s | total: 9.698s | samples/s: 6599
Iteration 0029 | train reward: -114.91 | best: -114.91 | KL: 4.669e-05 | std: 0.6049 | rollout: 6.022s | update: 1.327s | total: 7.350s | samples/s: 8708
Iteration 0030 | train reward: -111.57 | best: -111.57 | KL: 3.968e-05 | std: 0.6049 | rollout: 7.098s | update: 1.319s | total: 8.416s | samples/s: 7604
Iteration 0031 | train reward: -113.31 | best: -111.57 | KL: 4.843e-05 | std: 0.6049 | rollout: 8.132s | update: 1.355s | total: 9.487s | samples/s: 6746
Iteration 0032 | train reward: -114.21 | best: -111.57 | KL: 5.018e-05 | std: 0.6048 | rollout: 7.471s | update: 1.396s | total: 8.867s | samples/s: 7218
Iteration 0033 | train reward: -110.76 | best: -110.76 | KL: 4.614e-05 | std: 0.6048 | rollout: 9.053s | update: 1.509s | total: 10.562s | samples/s: 6059
Iteration 0034 | train reward: -112.38 | best: -110.76 | KL: 4.293e-05 | std: 0.6048 | rollout: 7.724s | update: 1.393s | total: 9.117s | samples/s: 7020
Iteration 0035 | train reward: -109.98 | best: -109.98 | KL: 3.725e-05 | std: 0.6047 | rollout: 7.644s | update: 1.333s | total: 8.977s | samples/s: 7129
Iteration 0036 | train reward: -110.12 | best: -109.98 | KL: 5.033e-05 | std: 0.6047 | rollout: 8.770s | update: 1.388s | total: 10.157s | samples/s: 6301
Iteration 0037 | train reward: -118.28 | best: -109.98 | KL: 4.377e-05 | std: 0.6047 | rollout: 7.859s | update: 1.431s | total: 9.290s | samples/s: 6889
Iteration 0038 | train reward: -110.93 | best: -109.98 | KL: 4.252e-05 | std: 0.6043 | rollout: 7.689s | update: 1.440s | total: 9.129s | samples/s: 7011
Iteration 0039 | train reward: -106.24 | best: -106.24 | KL: 4.297e-05 | std: 0.6043 | rollout: 7.952s | update: 1.375s | total: 9.328s | samples/s: 6861
Iteration 0040 | train reward: -108.43 | best: -106.24 | KL: 4.368e-05 | std: 0.6043 | rollout: 7.059s | update: 1.353s | total: 8.411s | samples/s: 7609
Iteration 0041 | train reward: -99.94 | best: -99.94 | KL: 3.824e-05 | std: 0.6043 | rollout: 7.855s | update: 1.389s | total: 9.244s | samples/s: 6923
Iteration 0042 | train reward: -99.90 | best: -99.90 | KL: 4.342e-05 | std: 0.6043 | rollout: 7.541s | update: 1.407s | total: 8.948s | samples/s: 7153
Iteration 0043 | train reward: -108.52 | best: -99.90 | KL: 4.455e-05 | std: 0.6043 | rollout: 8.190s | update: 1.360s | total: 9.549s | samples/s: 6702
Iteration 0044 | train reward: -102.74 | best: -99.90 | KL: 3.868e-05 | std: 0.6043 | rollout: 7.894s | update: 1.372s | total: 9.266s | samples/s: 6907
Iteration 0045 | train reward: -102.27 | best: -99.90 | KL: 4.505e-05 | std: 0.6043 | rollout: 7.445s | update: 1.385s | total: 8.829s | samples/s: 7249
Iteration 0046 | train reward: -104.77 | best: -99.90 | KL: 4.725e-05 | std: 0.6043 | rollout: 6.018s | update: 1.431s | total: 7.450s | samples/s: 8591
Iteration 0047 | train reward: -106.54 | best: -99.90 | KL: 4.012e-05 | std: 0.6043 | rollout: 7.554s | update: 1.340s | total: 8.895s | samples/s: 7195
Iteration 0048 | train reward: -103.83 | best: -99.90 | KL: 3.526e-05 | std: 0.6042 | rollout: 9.058s | update: 1.433s | total: 10.491s | samples/s: 6100
Iteration 0049 | train reward: -104.65 | best: -99.90 | KL: 4.662e-05 | std: 0.6042 | rollout: 8.174s | update: 1.499s | total: 9.673s | samples/s: 6616
Iteration 0050 | train reward: -95.95 | best: -95.95 | KL: 3.760e-05 | std: 0.6042 | rollout: 8.348s | update: 1.429s | total: 9.777s | samples/s: 6546
Iteration 0051 | train reward: -100.36 | best: -95.95 | KL: 4.475e-05 | std: 0.6042 | rollout: 8.344s | update: 1.486s | total: 9.830s | samples/s: 6511
Iteration 0052 | train reward: -101.38 | best: -95.95 | KL: 3.972e-05 | std: 0.6042 | rollout: 8.246s | update: 1.332s | total: 9.578s | samples/s: 6682
Iteration 0053 | train reward: -101.39 | best: -95.95 | KL: 3.562e-05 | std: 0.6042 | rollout: 8.915s | update: 1.386s | total: 10.301s | samples/s: 6213
Iteration 0054 | train reward: -97.11 | best: -95.95 | KL: 4.334e-05 | std: 0.6042 | rollout: 8.649s | update: 1.371s | total: 10.020s | samples/s: 6387
Iteration 0055 | train reward: -91.28 | best: -91.28 | KL: 3.582e-05 | std: 0.6042 | rollout: 7.453s | update: 1.398s | total: 8.851s | samples/s: 7230
Iteration 0056 | train reward: -101.88 | best: -91.28 | KL: 4.500e-05 | std: 0.6042 | rollout: 6.723s | update: 1.459s | total: 8.182s | samples/s: 7822
Iteration 0057 | train reward: -87.70 | best: -87.70 | KL: 3.616e-05 | std: 0.6042 | rollout: 8.830s | update: 1.495s | total: 10.325s | samples/s: 6198
Iteration 0058 | train reward: -92.13 | best: -87.70 | KL: 3.576e-05 | std: 0.6042 | rollout: 7.852s | update: 1.370s | total: 9.222s | samples/s: 6940
Iteration 0059 | train reward: -94.90 | best: -87.70 | KL: 3.308e-05 | std: 0.6042 | rollout: 7.355s | update: 1.368s | total: 8.723s | samples/s: 7337
Iteration 0060 | train reward: -90.32 | best: -87.70 | KL: 3.459e-05 | std: 0.6042 | rollout: 7.637s | update: 1.544s | total: 9.181s | samples/s: 6971
Iteration 0061 | train reward: -91.04 | best: -87.70 | KL: 3.691e-05 | std: 0.6042 | rollout: 7.694s | update: 1.461s | total: 9.155s | samples/s: 6991
Iteration 0062 | train reward: -87.58 | best: -87.58 | KL: 3.242e-05 | std: 0.6041 | rollout: 8.114s | update: 1.414s | total: 9.528s | samples/s: 6717
Iteration 0063 | train reward: -90.18 | best: -87.58 | KL: 3.617e-05 | std: 0.6041 | rollout: 7.859s | update: 1.510s | total: 9.369s | samples/s: 6831
Iteration 0064 | train reward: -93.34 | best: -87.58 | KL: 3.960e-05 | std: 0.6041 | rollout: 7.093s | update: 1.367s | total: 8.461s | samples/s: 7565
Iteration 0065 | train reward: -85.12 | best: -85.12 | KL: 3.845e-05 | std: 0.6040 | rollout: 7.669s | update: 1.440s | total: 9.109s | samples/s: 7026
Iteration 0066 | train reward: -92.28 | best: -85.12 | KL: 3.733e-05 | std: 0.6040 | rollout: 8.207s | update: 1.358s | total: 9.565s | samples/s: 6691
Iteration 0067 | train reward: -94.52 | best: -85.12 | KL: 3.527e-05 | std: 0.6040 | rollout: 7.570s | update: 1.412s | total: 8.982s | samples/s: 7125
Iteration 0068 | train reward: -84.54 | best: -84.54 | KL: 3.635e-05 | std: 0.6040 | rollout: 7.395s | update: 1.417s | total: 8.812s | samples/s: 7263
Iteration 0069 | train reward: -85.77 | best: -84.54 | KL: 2.876e-05 | std: 0.6040 | rollout: 8.089s | update: 1.486s | total: 9.575s | samples/s: 6684
Iteration 0070 | train reward: -89.33 | best: -84.54 | KL: 3.919e-05 | std: 0.6036 | rollout: 8.908s | update: 1.426s | total: 10.334s | samples/s: 6193
Iteration 0071 | train reward: -81.10 | best: -81.10 | KL: 3.359e-05 | std: 0.6036 | rollout: 6.822s | update: 1.455s | total: 8.277s | samples/s: 7732
Iteration 0072 | train reward: -92.94 | best: -81.10 | KL: 4.028e-05 | std: 0.6036 | rollout: 7.882s | update: 1.440s | total: 9.321s | samples/s: 6866
Iteration 0073 | train reward: -88.76 | best: -81.10 | KL: 3.618e-05 | std: 0.6036 | rollout: 8.978s | update: 1.427s | total: 10.405s | samples/s: 6151
Iteration 0074 | train reward: -84.91 | best: -81.10 | KL: 3.544e-05 | std: 0.6036 | rollout: 7.621s | update: 1.395s | total: 9.016s | samples/s: 7099
Iteration 0075 | train reward: -81.88 | best: -81.10 | KL: 3.627e-05 | std: 0.6036 | rollout: 7.454s | update: 1.425s | total: 8.880s | samples/s: 7208
Iteration 0076 | train reward: -89.57 | best: -81.10 | KL: 3.523e-05 | std: 0.6035 | rollout: 7.621s | update: 1.449s | total: 9.070s | samples/s: 7057
Iteration 0077 | train reward: -82.95 | best: -81.10 | KL: 3.085e-05 | std: 0.6034 | rollout: 8.947s | update: 1.435s | total: 10.382s | samples/s: 6164
Iteration 0078 | train reward: -94.93 | best: -81.10 | KL: 4.085e-05 | std: 0.6035 | rollout: 7.737s | update: 1.348s | total: 9.085s | samples/s: 7044
Iteration 0079 | train reward: -84.39 | best: -81.10 | KL: 2.981e-05 | std: 0.6034 | rollout: 8.486s | update: 1.549s | total: 10.035s | samples/s: 6378
Iteration 0080 | train reward: -86.53 | best: -81.10 | KL: 3.300e-05 | std: 0.6023 | rollout: 6.996s | update: 1.416s | total: 8.412s | samples/s: 7608
Iteration 0081 | train reward: -81.08 | best: -81.08 | KL: 3.159e-05 | std: 0.6023 | rollout: 8.467s | update: 1.480s | total: 9.947s | samples/s: 6434
Iteration 0082 | train reward: -78.82 | best: -78.82 | KL: 3.505e-05 | std: 0.6023 | rollout: 7.663s | update: 1.501s | total: 9.163s | samples/s: 6984
Iteration 0083 | train reward: -87.91 | best: -78.82 | KL: 3.502e-05 | std: 0.6022 | rollout: 8.836s | update: 1.399s | total: 10.236s | samples/s: 6253
Iteration 0084 | train reward: -92.16 | best: -78.82 | KL: 3.248e-05 | std: 0.6021 | rollout: 8.291s | update: 1.320s | total: 9.612s | samples/s: 6659
Iteration 0085 | train reward: -80.50 | best: -78.82 | KL: 2.407e-05 | std: 0.6021 | rollout: 7.984s | update: 1.301s | total: 9.286s | samples/s: 6892
Iteration 0086 | train reward: -78.77 | best: -78.77 | KL: 2.895e-05 | std: 0.6021 | rollout: 8.078s | update: 1.351s | total: 9.429s | samples/s: 6788
Iteration 0087 | train reward: -79.28 | best: -78.77 | KL: 3.614e-05 | std: 0.6021 | rollout: 7.385s | update: 1.408s | total: 8.793s | samples/s: 7278
Iteration 0088 | train reward: -84.38 | best: -78.77 | KL: 3.579e-05 | std: 0.6017 | rollout: 7.603s | update: 1.384s | total: 8.987s | samples/s: 7121
Iteration 0089 | train reward: -77.76 | best: -77.76 | KL: 3.756e-05 | std: 0.6021 | rollout: 7.575s | update: 1.377s | total: 8.952s | samples/s: 7149
Iteration 0090 | train reward: -83.87 | best: -77.76 | KL: 3.586e-05 | std: 0.6017 | rollout: 8.105s | update: 1.352s | total: 9.456s | samples/s: 6768
Iteration 0091 | train reward: -82.58 | best: -77.76 | KL: 3.747e-05 | std: 0.6017 | rollout: 6.339s | update: 1.514s | total: 7.852s | samples/s: 8150
Iteration 0092 | train reward: -75.92 | best: -75.92 | KL: 3.214e-05 | std: 0.6017 | rollout: 6.553s | update: 1.440s | total: 7.993s | samples/s: 8007
Iteration 0093 | train reward: -78.22 | best: -75.92 | KL: 3.030e-05 | std: 0.6017 | rollout: 7.679s | update: 1.353s | total: 9.032s | samples/s: 7086
Iteration 0094 | train reward: -76.17 | best: -75.92 | KL: 3.205e-05 | std: 0.6017 | rollout: 8.462s | update: 1.456s | total: 9.917s | samples/s: 6453
Iteration 0095 | train reward: -82.77 | best: -75.92 | KL: 3.777e-05 | std: 0.6017 | rollout: 8.612s | update: 1.405s | total: 10.017s | samples/s: 6389
Iteration 0096 | train reward: -80.47 | best: -75.92 | KL: 3.425e-05 | std: 0.6017 | rollout: 7.804s | update: 1.498s | total: 9.302s | samples/s: 6880
Iteration 0097 | train reward: -73.95 | best: -73.95 | KL: 2.360e-05 | std: 0.6017 | rollout: 8.052s | update: 1.442s | total: 9.494s | samples/s: 6741
Iteration 0098 | train reward: -72.68 | best: -72.68 | KL: 2.826e-05 | std: 0.6016 | rollout: 7.925s | update: 1.586s | total: 9.510s | samples/s: 6729
Iteration 0099 | train reward: -69.04 | best: -69.04 | KL: 3.423e-05 | std: 0.6016 | rollout: 6.932s | update: 1.410s | total: 8.342s | samples/s: 7672
Iteration 0100 | train reward: -71.34 | best: -69.04 | KL: 3.185e-05 | std: 0.6016 | rollout: 7.956s | update: 1.486s | total: 9.442s | samples/s: 6778
Iteration 0101 | train reward: -75.29 | best: -69.04 | KL: 2.966e-05 | std: 0.6016 | rollout: 7.347s | update: 1.422s | total: 8.770s | samples/s: 7298
Iteration 0102 | train reward: -69.54 | best: -69.04 | KL: 3.048e-05 | std: 0.6016 | rollout: 7.827s | update: 1.413s | total: 9.240s | samples/s: 6926
Iteration 0103 | train reward: -75.57 | best: -69.04 | KL: 3.378e-05 | std: 0.6016 | rollout: 8.462s | update: 1.413s | total: 9.875s | samples/s: 6481
Iteration 0104 | train reward: -68.65 | best: -68.65 | KL: 3.018e-05 | std: 0.6016 | rollout: 7.924s | update: 1.414s | total: 9.338s | samples/s: 6854
Iteration 0105 | train reward: -73.33 | best: -68.65 | KL: 3.427e-05 | std: 0.6016 | rollout: 8.443s | update: 1.477s | total: 9.919s | samples/s: 6452
Iteration 0106 | train reward: -82.04 | best: -68.65 | KL: 3.611e-05 | std: 0.6015 | rollout: 9.040s | update: 1.306s | total: 10.347s | samples/s: 6186
Iteration 0107 | train reward: -70.82 | best: -68.65 | KL: 2.762e-05 | std: 0.6014 | rollout: 7.865s | update: 1.487s | total: 9.351s | samples/s: 6844
Iteration 0108 | train reward: -73.68 | best: -68.65 | KL: 3.182e-05 | std: 0.6014 | rollout: 8.213s | update: 1.505s | total: 9.718s | samples/s: 6586
Iteration 0109 | train reward: -74.44 | best: -68.65 | KL: 3.155e-05 | std: 0.6014 | rollout: 9.182s | update: 1.538s | total: 10.720s | samples/s: 5970
Iteration 0110 | train reward: -70.35 | best: -68.65 | KL: 2.764e-05 | std: 0.6014 | rollout: 7.770s | update: 1.382s | total: 9.151s | samples/s: 6994
Iteration 0111 | train reward: -66.71 | best: -66.71 | KL: 3.112e-05 | std: 0.6014 | rollout: 7.609s | update: 1.485s | total: 9.094s | samples/s: 7038
Iteration 0112 | train reward: -69.80 | best: -66.71 | KL: 2.949e-05 | std: 0.6014 | rollout: 7.110s | update: 1.369s | total: 8.478s | samples/s: 7549
Iteration 0113 | train reward: -70.89 | best: -66.71 | KL: 3.469e-05 | std: 0.6010 | rollout: 7.411s | update: 1.292s | total: 8.703s | samples/s: 7354
Iteration 0114 | train reward: -70.11 | best: -66.71 | KL: 2.549e-05 | std: 0.6010 | rollout: 8.084s | update: 1.449s | total: 9.532s | samples/s: 6714
Iteration 0115 | train reward: -67.23 | best: -66.71 | KL: 3.138e-05 | std: 0.6010 | rollout: 7.931s | update: 1.379s | total: 9.310s | samples/s: 6874
Iteration 0116 | train reward: -61.89 | best: -61.89 | KL: 2.994e-05 | std: 0.6010 | rollout: 7.941s | update: 1.470s | total: 9.411s | samples/s: 6800
Iteration 0117 | train reward: -68.95 | best: -61.89 | KL: 2.861e-05 | std: 0.6010 | rollout: 8.194s | update: 1.434s | total: 9.628s | samples/s: 6647
Iteration 0118 | train reward: -75.83 | best: -61.89 | KL: 2.683e-05 | std: 0.6009 | rollout: 8.416s | update: 1.421s | total: 9.838s | samples/s: 6506
Iteration 0119 | train reward: -73.04 | best: -61.89 | KL: 3.287e-05 | std: 0.6009 | rollout: 8.271s | update: 1.474s | total: 9.745s | samples/s: 6567
Iteration 0120 | train reward: -66.65 | best: -61.89 | KL: 2.750e-05 | std: 0.6009 | rollout: 8.267s | update: 1.368s | total: 9.636s | samples/s: 6642
Iteration 0121 | train reward: -60.57 | best: -60.57 | KL: 2.441e-05 | std: 0.6009 | rollout: 8.705s | update: 1.507s | total: 10.212s | samples/s: 6267
Iteration 0122 | train reward: -64.05 | best: -60.57 | KL: 2.753e-05 | std: 0.6009 | rollout: 8.017s | update: 1.411s | total: 9.428s | samples/s: 6788
Iteration 0123 | train reward: -67.22 | best: -60.57 | KL: 3.126e-05 | std: 0.6008 | rollout: 8.258s | update: 1.365s | total: 9.624s | samples/s: 6650
Iteration 0124 | train reward: -67.01 | best: -60.57 | KL: 2.985e-05 | std: 0.5997 | rollout: 7.726s | update: 1.383s | total: 9.108s | samples/s: 7026
Iteration 0125 | train reward: -69.35 | best: -60.57 | KL: 2.569e-05 | std: 0.5997 | rollout: 7.718s | update: 1.440s | total: 9.159s | samples/s: 6988
Iteration 0126 | train reward: -61.12 | best: -60.57 | KL: 2.560e-05 | std: 0.5997 | rollout: 7.563s | update: 1.359s | total: 8.922s | samples/s: 7174
Iteration 0127 | train reward: -73.41 | best: -60.57 | KL: 3.002e-05 | std: 0.5996 | rollout: 8.141s | update: 1.404s | total: 9.545s | samples/s: 6705
Iteration 0128 | train reward: -57.31 | best: -57.31 | KL: 2.375e-05 | std: 0.5997 | rollout: 8.340s | update: 1.370s | total: 9.710s | samples/s: 6591
Iteration 0129 | train reward: -62.18 | best: -57.31 | KL: 2.989e-05 | std: 0.5995 | rollout: 7.927s | update: 1.473s | total: 9.399s | samples/s: 6809
Iteration 0130 | train reward: -66.81 | best: -57.31 | KL: 2.648e-05 | std: 0.5995 | rollout: 7.955s | update: 1.535s | total: 9.491s | samples/s: 6744
Iteration 0131 | train reward: -62.36 | best: -57.31 | KL: 2.956e-05 | std: 0.5995 | rollout: 8.173s | update: 1.464s | total: 9.637s | samples/s: 6641
Iteration 0132 | train reward: -64.32 | best: -57.31 | KL: 2.780e-05 | std: 0.5995 | rollout: 8.095s | update: 1.416s | total: 9.511s | samples/s: 6729
Iteration 0133 | train reward: -65.43 | best: -57.31 | KL: 2.487e-05 | std: 0.5995 | rollout: 9.053s | update: 1.436s | total: 10.489s | samples/s: 6101
Iteration 0134 | train reward: -60.42 | best: -57.31 | KL: 2.643e-05 | std: 0.5991 | rollout: 9.364s | update: 1.492s | total: 10.856s | samples/s: 5896
Iteration 0135 | train reward: -55.75 | best: -55.75 | KL: 2.545e-05 | std: 0.5991 | rollout: 8.120s | update: 1.496s | total: 9.616s | samples/s: 6655
Iteration 0136 | train reward: -63.17 | best: -55.75 | KL: 2.806e-05 | std: 0.5991 | rollout: 7.846s | update: 1.454s | total: 9.300s | samples/s: 6882
Iteration 0137 | train reward: -61.32 | best: -55.75 | KL: 2.431e-05 | std: 0.5991 | rollout: 8.055s | update: 1.420s | total: 9.475s | samples/s: 6754
Iteration 0138 | train reward: -59.30 | best: -55.75 | KL: 2.742e-05 | std: 0.5990 | rollout: 8.027s | update: 1.543s | total: 9.570s | samples/s: 6688
Iteration 0139 | train reward: -59.72 | best: -55.75 | KL: 2.531e-05 | std: 0.5990 | rollout: 8.213s | update: 1.435s | total: 9.649s | samples/s: 6633
Iteration 0140 | train reward: -60.88 | best: -55.75 | KL: 2.615e-05 | std: 0.5990 | rollout: 7.469s | update: 1.481s | total: 8.950s | samples/s: 7151
Iteration 0141 | train reward: -63.96 | best: -55.75 | KL: 3.173e-05 | std: 0.5989 | rollout: 7.547s | update: 1.429s | total: 8.976s | samples/s: 7130
Iteration 0142 | train reward: -55.04 | best: -55.04 | KL: 2.560e-05 | std: 0.5989 | rollout: 7.863s | update: 1.321s | total: 9.184s | samples/s: 6969
Iteration 0143 | train reward: -61.75 | best: -55.04 | KL: 2.843e-05 | std: 0.5989 | rollout: 7.724s | update: 1.419s | total: 9.144s | samples/s: 7000
Iteration 0144 | train reward: -53.65 | best: -53.65 | KL: 2.392e-05 | std: 0.5988 | rollout: 6.706s | update: 1.528s | total: 8.233s | samples/s: 7773
Iteration 0145 | train reward: -56.26 | best: -53.65 | KL: 2.708e-05 | std: 0.5988 | rollout: 7.752s | update: 1.331s | total: 9.083s | samples/s: 7046
Iteration 0146 | train reward: -60.59 | best: -53.65 | KL: 2.278e-05 | std: 0.5988 | rollout: 7.730s | update: 1.453s | total: 9.183s | samples/s: 6969
Iteration 0147 | train reward: -56.45 | best: -53.65 | KL: 2.706e-05 | std: 0.5988 | rollout: 7.752s | update: 1.429s | total: 9.181s | samples/s: 6971
Iteration 0148 | train reward: -57.45 | best: -53.65 | KL: 3.234e-05 | std: 0.5988 | rollout: 8.385s | update: 1.408s | total: 9.792s | samples/s: 6536
Iteration 0149 | train reward: -56.36 | best: -53.65 | KL: 2.506e-05 | std: 0.5988 | rollout: 8.854s | update: 1.416s | total: 10.270s | samples/s: 6232
Iteration 0150 | train reward: -50.44 | best: -50.44 | KL: 2.053e-05 | std: 0.5988 | rollout: 8.736s | update: 1.432s | total: 10.168s | samples/s: 6294
Iteration 0151 | train reward: -46.80 | best: -46.80 | KL: 2.410e-05 | std: 0.5984 | rollout: 8.538s | update: 1.526s | total: 10.063s | samples/s: 6360
Iteration 0152 | train reward: -56.11 | best: -46.80 | KL: 2.973e-05 | std: 0.5984 | rollout: 8.072s | update: 1.545s | total: 9.617s | samples/s: 6655
Iteration 0153 | train reward: -49.45 | best: -46.80 | KL: 2.382e-05 | std: 0.5984 | rollout: 7.443s | update: 1.473s | total: 8.916s | samples/s: 7178
Iteration 0154 | train reward: -52.79 | best: -46.80 | KL: 2.690e-05 | std: 0.5984 | rollout: 8.319s | update: 1.376s | total: 9.695s | samples/s: 6601
Iteration 0155 | train reward: -56.54 | best: -46.80 | KL: 2.783e-05 | std: 0.5984 | rollout: 8.537s | update: 1.516s | total: 10.053s | samples/s: 6367
Iteration 0156 | train reward: -48.06 | best: -46.80 | KL: 2.436e-05 | std: 0.5984 | rollout: 7.736s | update: 1.488s | total: 9.224s | samples/s: 6939
Iteration 0157 | train reward: -50.45 | best: -46.80 | KL: 2.176e-05 | std: 0.5984 | rollout: 7.877s | update: 1.314s | total: 9.191s | samples/s: 6963
Iteration 0158 | train reward: -52.23 | best: -46.80 | KL: 2.950e-05 | std: 0.5983 | rollout: 8.955s | update: 1.393s | total: 10.348s | samples/s: 6185
Iteration 0159 | train reward: -59.61 | best: -46.80 | KL: 2.892e-05 | std: 0.5983 | rollout: 8.683s | update: 1.513s | total: 10.196s | samples/s: 6277
Iteration 0160 | train reward: -55.36 | best: -46.80 | KL: 3.120e-05 | std: 0.5982 | rollout: 9.002s | update: 1.432s | total: 10.434s | samples/s: 6134
Iteration 0161 | train reward: -57.10 | best: -46.80 | KL: 2.510e-05 | std: 0.5982 | rollout: 8.826s | update: 1.369s | total: 10.195s | samples/s: 6278
Iteration 0162 | train reward: -49.72 | best: -46.80 | KL: 2.527e-05 | std: 0.5982 | rollout: 7.982s | update: 1.468s | total: 9.450s | samples/s: 6772
Iteration 0163 | train reward: -53.98 | best: -46.80 | KL: 2.565e-05 | std: 0.5971 | rollout: 7.697s | update: 1.403s | total: 9.100s | samples/s: 7033
Iteration 0164 | train reward: -50.81 | best: -46.80 | KL: 2.335e-05 | std: 0.5971 | rollout: 6.544s | update: 1.452s | total: 7.996s | samples/s: 8004
Iteration 0165 | train reward: -46.27 | best: -46.27 | KL: 2.961e-05 | std: 0.5971 | rollout: 8.839s | update: 1.526s | total: 10.365s | samples/s: 6175
Iteration 0166 | train reward: -53.86 | best: -46.27 | KL: 2.505e-05 | std: 0.5971 | rollout: 9.097s | update: 1.469s | total: 10.565s | samples/s: 6058
Iteration 0167 | train reward: -50.23 | best: -46.27 | KL: 2.404e-05 | std: 0.5971 | rollout: 7.567s | update: 1.535s | total: 9.102s | samples/s: 7031
Iteration 0168 | train reward: -46.55 | best: -46.27 | KL: 2.286e-05 | std: 0.5970 | rollout: 8.751s | update: 1.459s | total: 10.210s | samples/s: 6269
Iteration 0169 | train reward: -49.58 | best: -46.27 | KL: 2.491e-05 | std: 0.5969 | rollout: 8.557s | update: 1.543s | total: 10.100s | samples/s: 6336
Iteration 0170 | train reward: -53.81 | best: -46.27 | KL: 2.519e-05 | std: 0.5969 | rollout: 8.305s | update: 1.485s | total: 9.789s | samples/s: 6538
Iteration 0171 | train reward: -37.49 | best: -37.49 | KL: 2.713e-05 | std: 0.5969 | rollout: 7.704s | update: 1.488s | total: 9.192s | samples/s: 6963
Iteration 0172 | train reward: -40.75 | best: -37.49 | KL: 2.084e-05 | std: 0.5969 | rollout: 7.537s | update: 1.370s | total: 8.907s | samples/s: 7186
Iteration 0173 | train reward: -43.73 | best: -37.49 | KL: 2.909e-05 | std: 0.5969 | rollout: 9.298s | update: 1.472s | total: 10.769s | samples/s: 5943
Iteration 0174 | train reward: -47.79 | best: -37.49 | KL: 2.018e-05 | std: 0.5965 | rollout: 7.581s | update: 1.425s | total: 9.006s | samples/s: 7106
Iteration 0175 | train reward: -47.99 | best: -37.49 | KL: 2.333e-05 | std: 0.5965 | rollout: 7.664s | update: 1.411s | total: 9.074s | samples/s: 7053
Iteration 0176 | train reward: -49.10 | best: -37.49 | KL: 2.420e-05 | std: 0.5965 | rollout: 8.552s | update: 1.477s | total: 10.028s | samples/s: 6382
Iteration 0177 | train reward: -50.85 | best: -37.49 | KL: 2.321e-05 | std: 0.5965 | rollout: 8.814s | update: 1.431s | total: 10.244s | samples/s: 6247
Iteration 0178 | train reward: -47.02 | best: -37.49 | KL: 2.078e-05 | std: 0.5965 | rollout: 8.374s | update: 1.437s | total: 9.811s | samples/s: 6523
Iteration 0179 | train reward: -52.71 | best: -37.49 | KL: 2.430e-05 | std: 0.5965 | rollout: 8.632s | update: 1.444s | total: 10.076s | samples/s: 6352
Iteration 0180 | train reward: -47.86 | best: -37.49 | KL: 2.543e-05 | std: 0.5965 | rollout: 8.569s | update: 1.426s | total: 9.994s | samples/s: 6404
Iteration 0181 | train reward: -43.84 | best: -37.49 | KL: 2.373e-05 | std: 0.5965 | rollout: 8.792s | update: 1.425s | total: 10.218s | samples/s: 6264
Iteration 0182 | train reward: -49.07 | best: -37.49 | KL: 2.479e-05 | std: 0.5965 | rollout: 8.801s | update: 1.474s | total: 10.276s | samples/s: 6228
Iteration 0183 | train reward: -46.32 | best: -37.49 | KL: 2.441e-05 | std: 0.5964 | rollout: 8.655s | update: 1.404s | total: 10.058s | samples/s: 6363
Iteration 0184 | train reward: -40.83 | best: -37.49 | KL: 2.178e-05 | std: 0.5964 | rollout: 8.521s | update: 1.527s | total: 10.048s | samples/s: 6370
Iteration 0185 | train reward: -40.17 | best: -37.49 | KL: 2.494e-05 | std: 0.5964 | rollout: 7.522s | update: 1.389s | total: 8.911s | samples/s: 7182
Iteration 0186 | train reward: -46.14 | best: -37.49 | KL: 2.489e-05 | std: 0.5964 | rollout: 8.302s | update: 1.489s | total: 9.791s | samples/s: 6537
Iteration 0187 | train reward: -45.59 | best: -37.49 | KL: 2.351e-05 | std: 0.5963 | rollout: 8.388s | update: 1.444s | total: 9.832s | samples/s: 6510
Iteration 0188 | train reward: -47.71 | best: -37.49 | KL: 2.356e-05 | std: 0.5963 | rollout: 8.462s | update: 1.347s | total: 9.809s | samples/s: 6525
Iteration 0189 | train reward: -41.59 | best: -37.49 | KL: 2.334e-05 | std: 0.5963 | rollout: 7.947s | update: 1.379s | total: 9.326s | samples/s: 6862
Iteration 0190 | train reward: -37.23 | best: -37.23 | KL: 2.190e-05 | std: 0.5963 | rollout: 6.545s | update: 1.449s | total: 7.994s | samples/s: 8006
Iteration 0191 | train reward: -41.00 | best: -37.23 | KL: 2.254e-05 | std: 0.5963 | rollout: 9.048s | update: 1.556s | total: 10.604s | samples/s: 6036
Iteration 0192 | train reward: -46.33 | best: -37.23 | KL: 2.130e-05 | std: 0.5963 | rollout: 7.504s | update: 1.550s | total: 9.054s | samples/s: 7069
Iteration 0193 | train reward: -42.00 | best: -37.23 | KL: 2.457e-05 | std: 0.5963 | rollout: 7.943s | update: 1.480s | total: 9.423s | samples/s: 6792
Iteration 0194 | train reward: -37.19 | best: -37.19 | KL: 2.852e-05 | std: 0.5962 | rollout: 8.677s | update: 1.407s | total: 10.084s | samples/s: 6347
Iteration 0195 | train reward: -40.78 | best: -37.19 | KL: 2.699e-05 | std: 0.5962 | rollout: 7.912s | update: 1.452s | total: 9.363s | samples/s: 6835
Iteration 0196 | train reward: -34.92 | best: -34.92 | KL: 2.525e-05 | std: 0.5962 | rollout: 7.666s | update: 1.447s | total: 9.113s | samples/s: 7023
Iteration 0197 | train reward: -36.11 | best: -34.92 | KL: 2.096e-05 | std: 0.5962 | rollout: 8.926s | update: 1.425s | total: 10.351s | samples/s: 6183
Iteration 0198 | train reward: -43.78 | best: -34.92 | KL: 2.695e-05 | std: 0.5958 | rollout: 8.166s | update: 1.446s | total: 9.612s | samples/s: 6658
Iteration 0199 | train reward: -43.36 | best: -34.92 | KL: 2.053e-05 | std: 0.5958 | rollout: 7.553s | update: 1.417s | total: 8.970s | samples/s: 7135
Iteration 0200 | train reward: -38.65 | best: -34.92 | KL: 2.386e-05 | std: 0.5957 | rollout: 7.433s | update: 1.520s | total: 8.953s | samples/s: 7149
Iteration 0201 | train reward: -41.06 | best: -34.92 | KL: 1.905e-05 | std: 0.5957 | rollout: 7.948s | update: 1.470s | total: 9.418s | samples/s: 6796
Iteration 0202 | train reward: -35.68 | best: -34.92 | KL: 2.270e-05 | std: 0.5956 | rollout: 8.589s | update: 1.454s | total: 10.043s | samples/s: 6373
Iteration 0203 | train reward: -35.73 | best: -34.92 | KL: 2.468e-05 | std: 0.5956 | rollout: 9.136s | update: 1.484s | total: 10.620s | samples/s: 6026
Iteration 0204 | train reward: -41.68 | best: -34.92 | KL: 2.567e-05 | std: 0.5956 | rollout: 7.570s | update: 1.423s | total: 8.993s | samples/s: 7117
Iteration 0205 | train reward: -30.47 | best: -30.47 | KL: 2.631e-05 | std: 0.5956 | rollout: 8.831s | update: 1.441s | total: 10.271s | samples/s: 6231
Iteration 0206 | train reward: -40.35 | best: -30.47 | KL: 2.303e-05 | std: 0.5956 | rollout: 8.409s | update: 1.429s | total: 9.839s | samples/s: 6505
Iteration 0207 | train reward: -35.62 | best: -30.47 | KL: 2.228e-05 | std: 0.5956 | rollout: 7.590s | update: 1.441s | total: 9.031s | samples/s: 7087
Iteration 0208 | train reward: -35.63 | best: -30.47 | KL: 2.128e-05 | std: 0.5956 | rollout: 6.959s | update: 1.297s | total: 8.256s | samples/s: 7752
Iteration 0209 | train reward: -32.88 | best: -30.47 | KL: 2.322e-05 | std: 0.5956 | rollout: 7.212s | update: 1.443s | total: 8.655s | samples/s: 7395
Iteration 0210 | train reward: -43.85 | best: -30.47 | KL: 2.379e-05 | std: 0.5945 | rollout: 8.847s | update: 1.496s | total: 10.343s | samples/s: 6188
Iteration 0211 | train reward: -35.37 | best: -30.47 | KL: 1.856e-05 | std: 0.5945 | rollout: 7.865s | update: 1.520s | total: 9.385s | samples/s: 6819
Iteration 0212 | train reward: -35.36 | best: -30.47 | KL: 2.034e-05 | std: 0.5945 | rollout: 8.231s | update: 1.345s | total: 9.576s | samples/s: 6683
Iteration 0213 | train reward: -36.16 | best: -30.47 | KL: 2.874e-05 | std: 0.5945 | rollout: 8.044s | update: 1.542s | total: 9.586s | samples/s: 6676
Iteration 0214 | train reward: -34.84 | best: -30.47 | KL: 2.061e-05 | std: 0.5945 | rollout: 7.708s | update: 1.419s | total: 9.127s | samples/s: 7012
Iteration 0215 | train reward: -32.87 | best: -30.47 | KL: 2.677e-05 | std: 0.5945 | rollout: 7.683s | update: 1.526s | total: 9.208s | samples/s: 6950
Iteration 0216 | train reward: -39.70 | best: -30.47 | KL: 2.487e-05 | std: 0.5945 | rollout: 7.195s | update: 1.396s | total: 8.590s | samples/s: 7450
Iteration 0217 | train reward: -34.91 | best: -30.47 | KL: 2.612e-05 | std: 0.5945 | rollout: 7.995s | update: 1.388s | total: 9.383s | samples/s: 6821
Iteration 0218 | train reward: -32.14 | best: -30.47 | KL: 1.890e-05 | std: 0.5945 | rollout: 7.645s | update: 1.343s | total: 8.988s | samples/s: 7121
Iteration 0219 | train reward: -34.07 | best: -30.47 | KL: 2.316e-05 | std: 0.5944 | rollout: 7.956s | update: 1.502s | total: 9.458s | samples/s: 6767
Iteration 0220 | train reward: -37.99 | best: -30.47 | KL: 2.525e-05 | std: 0.5943 | rollout: 8.165s | update: 1.535s | total: 9.700s | samples/s: 6598
Iteration 0221 | train reward: -33.85 | best: -30.47 | KL: 2.079e-05 | std: 0.5943 | rollout: 8.546s | update: 1.504s | total: 10.050s | samples/s: 6368
Iteration 0222 | train reward: -31.31 | best: -30.47 | KL: 2.221e-05 | std: 0.5943 | rollout: 8.082s | update: 1.423s | total: 9.505s | samples/s: 6733
Iteration 0223 | train reward: -29.52 | best: -29.52 | KL: 2.571e-05 | std: 0.5943 | rollout: 6.323s | update: 1.388s | total: 7.711s | samples/s: 8300
Iteration 0224 | train reward: -28.72 | best: -28.72 | KL: 2.129e-05 | std: 0.5939 | rollout: 8.085s | update: 1.290s | total: 9.375s | samples/s: 6827
Iteration 0225 | train reward: -26.91 | best: -26.91 | KL: 2.007e-05 | std: 0.5939 | rollout: 8.426s | update: 1.499s | total: 9.925s | samples/s: 6448
Iteration 0226 | train reward: -34.45 | best: -26.91 | KL: 2.212e-05 | std: 0.5939 | rollout: 8.510s | update: 1.335s | total: 9.845s | samples/s: 6501
Iteration 0227 | train reward: -31.49 | best: -26.91 | KL: 2.635e-05 | std: 0.5939 | rollout: 7.958s | update: 1.543s | total: 9.501s | samples/s: 6736
Iteration 0228 | train reward: -31.59 | best: -26.91 | KL: 1.887e-05 | std: 0.5939 | rollout: 8.222s | update: 1.542s | total: 9.764s | samples/s: 6555
Iteration 0229 | train reward: -25.52 | best: -25.52 | KL: 2.176e-05 | std: 0.5938 | rollout: 7.556s | update: 1.396s | total: 8.952s | samples/s: 7149
Iteration 0230 | train reward: -33.01 | best: -25.52 | KL: 2.170e-05 | std: 0.5938 | rollout: 8.319s | update: 1.444s | total: 9.763s | samples/s: 6556
Iteration 0231 | train reward: -27.14 | best: -25.52 | KL: 2.132e-05 | std: 0.5938 | rollout: 9.110s | update: 1.565s | total: 10.674s | samples/s: 5996
Iteration 0232 | train reward: -28.39 | best: -25.52 | KL: 2.027e-05 | std: 0.5938 | rollout: 7.892s | update: 1.417s | total: 9.309s | samples/s: 6875
Iteration 0233 | train reward: -24.15 | best: -24.15 | KL: 2.223e-05 | std: 0.5938 | rollout: 7.841s | update: 1.502s | total: 9.344s | samples/s: 6850
Iteration 0234 | train reward: -31.09 | best: -24.15 | KL: 2.524e-05 | std: 0.5938 | rollout: 7.450s | update: 1.380s | total: 8.830s | samples/s: 7248
Iteration 0235 | train reward: -26.93 | best: -24.15 | KL: 2.490e-05 | std: 0.5938 | rollout: 7.915s | update: 1.484s | total: 9.399s | samples/s: 6809
Iteration 0236 | train reward: -33.07 | best: -24.15 | KL: 2.455e-05 | std: 0.5938 | rollout: 8.799s | update: 1.318s | total: 10.117s | samples/s: 6326
Iteration 0237 | train reward: -21.25 | best: -21.25 | KL: 2.154e-05 | std: 0.5938 | rollout: 7.925s | update: 1.422s | total: 9.347s | samples/s: 6847
Iteration 0238 | train reward: -26.32 | best: -21.25 | KL: 2.122e-05 | std: 0.5937 | rollout: 7.156s | update: 1.395s | total: 8.551s | samples/s: 7484
Iteration 0239 | train reward: -28.53 | best: -21.25 | KL: 2.164e-05 | std: 0.5937 | rollout: 7.959s | update: 1.473s | total: 9.432s | samples/s: 6785
Iteration 0240 | train reward: -26.51 | best: -21.25 | KL: 2.812e-05 | std: 0.5937 | rollout: 6.402s | update: 1.487s | total: 7.889s | samples/s: 8113
Iteration 0241 | train reward: -24.89 | best: -21.25 | KL: 1.871e-05 | std: 0.5937 | rollout: 7.655s | update: 1.455s | total: 9.110s | samples/s: 7025
Iteration 0242 | train reward: -21.96 | best: -21.25 | KL: 2.352e-05 | std: 0.5937 | rollout: 8.342s | update: 1.373s | total: 9.715s | samples/s: 6587
Iteration 0243 | train reward: -23.47 | best: -21.25 | KL: 2.305e-05 | std: 0.5936 | rollout: 7.516s | update: 1.369s | total: 8.885s | samples/s: 7203
Iteration 0244 | train reward: -21.51 | best: -21.25 | KL: 2.046e-05 | std: 0.5936 | rollout: 7.706s | update: 1.361s | total: 9.067s | samples/s: 7059
Iteration 0245 | train reward: -28.45 | best: -21.25 | KL: 2.425e-05 | std: 0.5936 | rollout: 7.523s | update: 1.442s | total: 8.965s | samples/s: 7139
Iteration 0246 | train reward: -29.90 | best: -21.25 | KL: 2.040e-05 | std: 0.5936 | rollout: 9.393s | update: 1.462s | total: 10.855s | samples/s: 5896
Iteration 0247 | train reward: -20.53 | best: -20.53 | KL: 2.077e-05 | std: 0.5936 | rollout: 6.265s | update: 1.413s | total: 7.678s | samples/s: 8336
Iteration 0248 | train reward: -17.64 | best: -17.64 | KL: 2.366e-05 | std: 0.5936 | rollout: 6.983s | update: 1.470s | total: 8.453s | samples/s: 7572
Iteration 0249 | train reward: -21.48 | best: -17.64 | KL: 2.276e-05 | std: 0.5932 | rollout: 8.998s | update: 1.461s | total: 10.459s | samples/s: 6119
Iteration 0250 | train reward: -21.31 | best: -17.64 | KL: 2.421e-05 | std: 0.5932 | rollout: 8.349s | update: 1.425s | total: 9.774s | samples/s: 6548
Iteration 0251 | train reward: -19.03 | best: -17.64 | KL: 2.082e-05 | std: 0.5932 | rollout: 8.335s | update: 1.428s | total: 9.763s | samples/s: 6555
Iteration 0252 | train reward: -21.09 | best: -17.64 | KL: 1.838e-05 | std: 0.5931 | rollout: 8.150s | update: 1.415s | total: 9.564s | samples/s: 6692
Iteration 0253 | train reward: -20.85 | best: -17.64 | KL: 2.292e-05 | std: 0.5930 | rollout: 8.217s | update: 1.385s | total: 9.602s | samples/s: 6665
Iteration 0254 | train reward: -17.58 | best: -17.58 | KL: 1.874e-05 | std: 0.5931 | rollout: 8.469s | update: 1.406s | total: 9.875s | samples/s: 6481
Iteration 0255 | train reward: -21.71 | best: -17.58 | KL: 2.394e-05 | std: 0.5930 | rollout: 7.219s | update: 1.343s | total: 8.562s | samples/s: 7475
Iteration 0256 | train reward: -17.66 | best: -17.58 | KL: 2.378e-05 | std: 0.5930 | rollout: 8.221s | update: 1.343s | total: 9.564s | samples/s: 6692
Iteration 0257 | train reward: -20.78 | best: -17.58 | KL: 2.466e-05 | std: 0.5919 | rollout: 7.725s | update: 1.347s | total: 9.071s | samples/s: 7055
Iteration 0258 | train reward: -20.02 | best: -17.58 | KL: 2.115e-05 | std: 0.5919 | rollout: 8.242s | update: 1.414s | total: 9.655s | samples/s: 6628
Iteration 0259 | train reward: -15.46 | best: -15.46 | KL: 2.114e-05 | std: 0.5919 | rollout: 7.508s | update: 1.529s | total: 9.038s | samples/s: 7082
Iteration 0260 | train reward: -17.70 | best: -15.46 | KL: 2.421e-05 | std: 0.5919 | rollout: 7.728s | update: 1.491s | total: 9.218s | samples/s: 6943
Iteration 0261 | train reward: -12.37 | best: -12.37 | KL: 2.351e-05 | std: 0.5919 | rollout: 8.293s | update: 1.387s | total: 9.681s | samples/s: 6611
Iteration 0262 | train reward: -19.57 | best: -12.37 | KL: 2.467e-05 | std: 0.5918 | rollout: 8.598s | update: 1.451s | total: 10.050s | samples/s: 6368
Iteration 0263 | train reward: -16.92 | best: -12.37 | KL: 2.602e-05 | std: 0.5918 | rollout: 6.877s | update: 1.363s | total: 8.240s | samples/s: 7767
Iteration 0264 | train reward: -17.27 | best: -12.37 | KL: 2.081e-05 | std: 0.5917 | rollout: 7.276s | update: 1.461s | total: 8.737s | samples/s: 7326
Iteration 0265 | train reward: -16.81 | best: -12.37 | KL: 2.648e-05 | std: 0.5917 | rollout: 7.944s | update: 1.475s | total: 9.420s | samples/s: 6794
Iteration 0266 | train reward: -20.07 | best: -12.37 | KL: 2.580e-05 | std: 0.5917 | rollout: 7.828s | update: 1.427s | total: 9.255s | samples/s: 6915
Iteration 0267 | train reward: -19.57 | best: -12.37 | KL: 2.821e-05 | std: 0.5913 | rollout: 9.143s | update: 1.452s | total: 10.595s | samples/s: 6040
Iteration 0268 | train reward: -17.56 | best: -12.37 | KL: 2.330e-05 | std: 0.5913 | rollout: 9.226s | update: 1.608s | total: 10.834s | samples/s: 5907
Iteration 0269 | train reward: -16.77 | best: -12.37 | KL: 2.662e-05 | std: 0.5913 | rollout: 7.206s | update: 1.422s | total: 8.628s | samples/s: 7418
Iteration 0270 | train reward: -14.70 | best: -12.37 | KL: 2.479e-05 | std: 0.5913 | rollout: 7.698s | update: 1.391s | total: 9.089s | samples/s: 7042
Iteration 0271 | train reward: -17.46 | best: -12.37 | KL: 2.091e-05 | std: 0.5912 | rollout: 7.441s | update: 1.468s | total: 8.908s | samples/s: 7184
Iteration 0272 | train reward: -15.14 | best: -12.37 | KL: 2.148e-05 | std: 0.5912 | rollout: 8.144s | update: 1.330s | total: 9.474s | samples/s: 6755
Iteration 0273 | train reward: -14.15 | best: -12.37 | KL: 2.099e-05 | std: 0.5912 | rollout: 7.549s | update: 1.415s | total: 8.964s | samples/s: 7140
Iteration 0274 | train reward: -13.05 | best: -12.37 | KL: 2.151e-05 | std: 0.5912 | rollout: 9.214s | update: 1.322s | total: 10.535s | samples/s: 6075
Iteration 0275 | train reward: -13.28 | best: -12.37 | KL: 2.168e-05 | std: 0.5912 | rollout: 7.740s | update: 1.428s | total: 9.169s | samples/s: 6980
Iteration 0276 | train reward: -9.03 | best: -9.03 | KL: 2.272e-05 | std: 0.5911 | rollout: 7.080s | update: 1.518s | total: 8.598s | samples/s: 7443
Iteration 0277 | train reward: -11.97 | best: -9.03 | KL: 2.037e-05 | std: 0.5911 | rollout: 8.204s | update: 1.296s | total: 9.501s | samples/s: 6736
Iteration 0278 | train reward: -16.06 | best: -9.03 | KL: 2.309e-05 | std: 0.5911 | rollout: 7.816s | update: 1.364s | total: 9.180s | samples/s: 6971
Iteration 0279 | train reward: -9.05 | best: -9.03 | KL: 1.776e-05 | std: 0.5911 | rollout: 8.658s | update: 1.339s | total: 9.997s | samples/s: 6402
Iteration 0280 | train reward: -13.26 | best: -9.03 | KL: 2.035e-05 | std: 0.5911 | rollout: 7.843s | update: 1.459s | total: 9.302s | samples/s: 6880
Iteration 0281 | train reward: -11.00 | best: -9.03 | KL: 2.783e-05 | std: 0.5911 | rollout: 6.899s | update: 1.284s | total: 8.184s | samples/s: 7820
Iteration 0282 | train reward: -9.55 | best: -9.03 | KL: 2.474e-05 | std: 0.5911 | rollout: 8.338s | update: 1.417s | total: 9.754s | samples/s: 6561
Iteration 0283 | train reward: -8.79 | best: -8.79 | KL: 2.317e-05 | std: 0.5911 | rollout: 8.319s | update: 1.471s | total: 9.790s | samples/s: 6538
Iteration 0284 | train reward: -8.38 | best: -8.38 | KL: 2.181e-05 | std: 0.5911 | rollout: 7.333s | update: 1.576s | total: 8.908s | samples/s: 7184
Iteration 0285 | train reward: -9.93 | best: -8.38 | KL: 2.014e-05 | std: 0.5910 | rollout: 8.002s | update: 1.410s | total: 9.412s | samples/s: 6800
Iteration 0286 | train reward: -11.10 | best: -8.38 | KL: 2.553e-05 | std: 0.5910 | rollout: 7.585s | update: 1.474s | total: 9.059s | samples/s: 7065
Iteration 0287 | train reward: -7.26 | best: -7.26 | KL: 2.300e-05 | std: 0.5910 | rollout: 7.884s | update: 1.453s | total: 9.337s | samples/s: 6854
Iteration 0288 | train reward: -7.71 | best: -7.26 | KL: 1.991e-05 | std: 0.5910 | rollout: 8.769s | update: 1.521s | total: 10.289s | samples/s: 6220
Iteration 0289 | train reward: -7.67 | best: -7.26 | KL: 2.059e-05 | std: 0.5910 | rollout: 8.725s | update: 1.435s | total: 10.160s | samples/s: 6299
Iteration 0290 | train reward: -0.14 | best: -0.14 | KL: 1.841e-05 | std: 0.5910 | rollout: 8.572s | update: 1.520s | total: 10.092s | samples/s: 6342
Iteration 0291 | train reward: -5.87 | best: -0.14 | KL: 2.449e-05 | std: 0.5906 | rollout: 9.428s | update: 1.572s | total: 11.000s | samples/s: 5818
Iteration 0292 | train reward: -10.45 | best: -0.14 | KL: 2.598e-05 | std: 0.5905 | rollout: 7.979s | update: 1.448s | total: 9.427s | samples/s: 6789
Iteration 0293 | train reward: -8.92 | best: -0.14 | KL: 2.149e-05 | std: 0.5905 | rollout: 8.852s | update: 1.464s | total: 10.317s | samples/s: 6203
Iteration 0294 | train reward: -4.53 | best: -0.14 | KL: 1.933e-05 | std: 0.5905 | rollout: 9.606s | update: 1.460s | total: 11.066s | samples/s: 5783
Iteration 0295 | train reward: -7.81 | best: -0.14 | KL: 2.118e-05 | std: 0.5905 | rollout: 8.285s | update: 1.357s | total: 9.642s | samples/s: 6637
Iteration 0296 | train reward: -3.88 | best: -0.14 | KL: 2.158e-05 | std: 0.5904 | rollout: 8.093s | update: 1.423s | total: 9.516s | samples/s: 6726
Iteration 0297 | train reward: -7.47 | best: -0.14 | KL: 1.584e-05 | std: 0.5904 | rollout: 8.167s | update: 1.509s | total: 9.676s | samples/s: 6614
Iteration 0298 | train reward: 0.81 | best: 0.81 | KL: 2.190e-05 | std: 0.5904 | rollout: 8.278s | update: 1.376s | total: 9.655s | samples/s: 6629
Iteration 0299 | train reward: -0.46 | best: 0.81 | KL: 2.458e-05 | std: 0.5904 | rollout: 8.046s | update: 1.449s | total: 9.495s | samples/s: 6740
Iteration 0300 | train reward: -2.11 | best: 0.81 | KL: 2.001e-05 | std: 0.5904 | rollout: 7.901s | update: 1.408s | total: 9.309s | samples/s: 6875
Iteration 0301 | train reward: -4.35 | best: 0.81 | KL: 2.735e-05 | std: 0.5904 | rollout: 7.820s | update: 1.453s | total: 9.272s | samples/s: 6902
Iteration 0302 | train reward: -5.12 | best: 0.81 | KL: 2.944e-05 | std: 0.5904 | rollout: 7.645s | update: 1.391s | total: 9.036s | samples/s: 7083
Iteration 0303 | train reward: -0.56 | best: 0.81 | KL: 2.118e-05 | std: 0.5904 | rollout: 8.411s | update: 1.414s | total: 9.826s | samples/s: 6513
Iteration 0304 | train reward: -5.19 | best: 0.81 | KL: 2.413e-05 | std: 0.5893 | rollout: 8.771s | update: 1.447s | total: 10.218s | samples/s: 6264
Iteration 0305 | train reward: 0.89 | best: 0.89 | KL: 2.420e-05 | std: 0.5893 | rollout: 8.184s | update: 1.448s | total: 9.632s | samples/s: 6644
Iteration 0306 | train reward: -4.20 | best: 0.89 | KL: 2.353e-05 | std: 0.5893 | rollout: 8.351s | update: 1.479s | total: 9.830s | samples/s: 6511
Iteration 0307 | train reward: -7.10 | best: 0.89 | KL: 2.616e-05 | std: 0.5893 | rollout: 8.904s | update: 1.338s | total: 10.242s | samples/s: 6249
Iteration 0308 | train reward: -2.54 | best: 0.89 | KL: 2.674e-05 | std: 0.5892 | rollout: 8.208s | update: 1.375s | total: 9.582s | samples/s: 6679
Iteration 0309 | train reward: -0.44 | best: 0.89 | KL: 1.981e-05 | std: 0.5892 | rollout: 9.114s | update: 1.518s | total: 10.631s | samples/s: 6020
Iteration 0310 | train reward: 5.93 | best: 5.93 | KL: 1.696e-05 | std: 0.5892 | rollout: 8.057s | update: 1.414s | total: 9.471s | samples/s: 6758
Iteration 0311 | train reward: 3.64 | best: 5.93 | KL: 2.257e-05 | std: 0.5891 | rollout: 8.310s | update: 1.365s | total: 9.675s | samples/s: 6615
Iteration 0312 | train reward: -2.16 | best: 5.93 | KL: 2.461e-05 | std: 0.5891 | rollout: 9.053s | update: 1.471s | total: 10.524s | samples/s: 6082
Iteration 0313 | train reward: 1.46 | best: 5.93 | KL: 3.107e-05 | std: 0.5891 | rollout: 8.696s | update: 1.434s | total: 10.130s | samples/s: 6318
Iteration 0314 | train reward: 5.18 | best: 5.93 | KL: 2.131e-05 | std: 0.5887 | rollout: 8.511s | update: 1.511s | total: 10.022s | samples/s: 6386
Iteration 0315 | train reward: 1.06 | best: 5.93 | KL: 2.633e-05 | std: 0.5887 | rollout: 7.849s | update: 1.365s | total: 9.214s | samples/s: 6946
Iteration 0316 | train reward: 4.87 | best: 5.93 | KL: 2.465e-05 | std: 0.5887 | rollout: 8.185s | update: 1.388s | total: 9.573s | samples/s: 6686
Iteration 0317 | train reward: 12.05 | best: 12.05 | KL: 2.656e-05 | std: 0.5887 | rollout: 8.817s | update: 1.493s | total: 10.310s | samples/s: 6208
Iteration 0318 | train reward: 6.60 | best: 12.05 | KL: 2.142e-05 | std: 0.5887 | rollout: 7.786s | update: 1.483s | total: 9.268s | samples/s: 6905
Iteration 0319 | train reward: 9.23 | best: 12.05 | KL: 2.298e-05 | std: 0.5886 | rollout: 8.961s | update: 1.497s | total: 10.458s | samples/s: 6120
Iteration 0320 | train reward: 1.88 | best: 12.05 | KL: 2.349e-05 | std: 0.5886 | rollout: 7.552s | update: 1.493s | total: 9.045s | samples/s: 7076
Iteration 0321 | train reward: 6.28 | best: 12.05 | KL: 2.604e-05 | std: 0.5886 | rollout: 7.852s | update: 1.456s | total: 9.308s | samples/s: 6876
Iteration 0322 | train reward: 3.02 | best: 12.05 | KL: 2.939e-05 | std: 0.5885 | rollout: 8.147s | update: 1.432s | total: 9.579s | samples/s: 6682
Iteration 0323 | train reward: 6.49 | best: 12.05 | KL: 2.203e-05 | std: 0.5885 | rollout: 7.465s | update: 1.502s | total: 8.967s | samples/s: 7137
Iteration 0324 | train reward: 11.26 | best: 12.05 | KL: 2.693e-05 | std: 0.5885 | rollout: 8.597s | update: 1.514s | total: 10.111s | samples/s: 6330
Iteration 0325 | train reward: 4.24 | best: 12.05 | KL: 2.857e-05 | std: 0.5885 | rollout: 8.979s | update: 1.404s | total: 10.383s | samples/s: 6164
Iteration 0326 | train reward: 11.48 | best: 12.05 | KL: 2.515e-05 | std: 0.5885 | rollout: 7.649s | update: 1.441s | total: 9.090s | samples/s: 7041
Iteration 0327 | train reward: 9.52 | best: 12.05 | KL: 2.859e-05 | std: 0.5885 | rollout: 8.288s | update: 1.455s | total: 9.743s | samples/s: 6569
Iteration 0328 | train reward: 10.01 | best: 12.05 | KL: 2.354e-05 | std: 0.5885 | rollout: 7.917s | update: 1.425s | total: 9.342s | samples/s: 6851
Iteration 0329 | train reward: 7.62 | best: 12.05 | KL: 2.734e-05 | std: 0.5885 | rollout: 7.402s | update: 1.402s | total: 8.804s | samples/s: 7269
Iteration 0330 | train reward: 8.51 | best: 12.05 | KL: 2.215e-05 | std: 0.5885 | rollout: 8.746s | update: 1.446s | total: 10.192s | samples/s: 6280
Iteration 0331 | train reward: 10.34 | best: 12.05 | KL: 2.350e-05 | std: 0.5885 | rollout: 7.651s | update: 1.351s | total: 9.002s | samples/s: 7109
Iteration 0332 | train reward: 12.83 | best: 12.83 | KL: 2.310e-05 | std: 0.5885 | rollout: 7.684s | update: 1.427s | total: 9.111s | samples/s: 7025
Iteration 0333 | train reward: 14.60 | best: 14.60 | KL: 2.443e-05 | std: 0.5884 | rollout: 7.176s | update: 1.554s | total: 8.730s | samples/s: 7331
Iteration 0334 | train reward: 8.82 | best: 14.60 | KL: 2.701e-05 | std: 0.5884 | rollout: 7.853s | update: 1.454s | total: 9.307s | samples/s: 6877
Iteration 0335 | train reward: 18.27 | best: 18.27 | KL: 2.282e-05 | std: 0.5884 | rollout: 6.912s | update: 1.505s | total: 8.417s | samples/s: 7603
Iteration 0336 | train reward: 16.83 | best: 18.27 | KL: 2.652e-05 | std: 0.5884 | rollout: 7.795s | update: 1.460s | total: 9.256s | samples/s: 6914
Iteration 0337 | train reward: 12.42 | best: 18.27 | KL: 2.514e-05 | std: 0.5884 | rollout: 8.354s | update: 1.420s | total: 9.774s | samples/s: 6548
Iteration 0338 | train reward: 11.72 | best: 18.27 | KL: 2.659e-05 | std: 0.5880 | rollout: 7.329s | update: 1.515s | total: 8.843s | samples/s: 7237
Iteration 0339 | train reward: 14.99 | best: 18.27 | KL: 1.975e-05 | std: 0.5880 | rollout: 7.877s | update: 1.409s | total: 9.286s | samples/s: 6892
Iteration 0340 | train reward: 15.97 | best: 18.27 | KL: 2.514e-05 | std: 0.5880 | rollout: 8.351s | update: 1.420s | total: 9.771s | samples/s: 6550
Iteration 0341 | train reward: 12.42 | best: 18.27 | KL: 2.213e-05 | std: 0.5880 | rollout: 7.576s | update: 1.593s | total: 9.168s | samples/s: 6981
Iteration 0342 | train reward: 20.69 | best: 20.69 | KL: 2.850e-05 | std: 0.5880 | rollout: 8.287s | update: 1.420s | total: 9.707s | samples/s: 6593
Iteration 0343 | train reward: 18.07 | best: 20.69 | KL: 2.634e-05 | std: 0.5880 | rollout: 8.397s | update: 1.482s | total: 9.879s | samples/s: 6478
Iteration 0344 | train reward: 17.78 | best: 20.69 | KL: 2.578e-05 | std: 0.5880 | rollout: 8.887s | update: 1.474s | total: 10.361s | samples/s: 6177
Iteration 0345 | train reward: 19.87 | best: 20.69 | KL: 2.267e-05 | std: 0.5879 | rollout: 8.355s | update: 1.523s | total: 9.879s | samples/s: 6479
Iteration 0346 | train reward: 17.15 | best: 20.69 | KL: 3.305e-05 | std: 0.5879 | rollout: 8.958s | update: 1.334s | total: 10.292s | samples/s: 6218
Iteration 0347 | train reward: 18.38 | best: 20.69 | KL: 2.560e-05 | std: 0.5879 | rollout: 8.127s | update: 1.512s | total: 9.639s | samples/s: 6640
Iteration 0348 | train reward: 12.90 | best: 20.69 | KL: 2.503e-05 | std: 0.5878 | rollout: 9.437s | update: 1.474s | total: 10.911s | samples/s: 5865
Iteration 0349 | train reward: 13.78 | best: 20.69 | KL: 2.448e-05 | std: 0.5878 | rollout: 8.071s | update: 1.426s | total: 9.497s | samples/s: 6739
Iteration 0350 | train reward: 17.71 | best: 20.69 | KL: 2.648e-05 | std: 0.5878 | rollout: 7.640s | update: 1.429s | total: 9.069s | samples/s: 7057
Iteration 0351 | train reward: 19.35 | best: 20.69 | KL: 2.723e-05 | std: 0.5878 | rollout: 8.024s | update: 1.467s | total: 9.492s | samples/s: 6743
Iteration 0352 | train reward: 25.78 | best: 25.78 | KL: 3.195e-05 | std: 0.5878 | rollout: 7.618s | update: 1.449s | total: 9.067s | samples/s: 7059
Iteration 0353 | train reward: 22.09 | best: 25.78 | KL: 2.552e-05 | std: 0.5878 | rollout: 8.408s | update: 1.480s | total: 9.888s | samples/s: 6472
Iteration 0354 | train reward: 20.33 | best: 25.78 | KL: 3.086e-05 | std: 0.5867 | rollout: 7.926s | update: 1.453s | total: 9.379s | samples/s: 6824
Iteration 0355 | train reward: 21.06 | best: 25.78 | KL: 2.848e-05 | std: 0.5867 | rollout: 9.101s | update: 1.361s | total: 10.463s | samples/s: 6117
Iteration 0356 | train reward: 21.32 | best: 25.78 | KL: 3.035e-05 | std: 0.5867 | rollout: 9.209s | update: 1.348s | total: 10.557s | samples/s: 6062
Iteration 0357 | train reward: 18.91 | best: 25.78 | KL: 2.950e-05 | std: 0.5867 | rollout: 9.257s | update: 1.507s | total: 10.764s | samples/s: 5946
Iteration 0358 | train reward: 30.37 | best: 30.37 | KL: 2.241e-05 | std: 0.5866 | rollout: 8.078s | update: 1.530s | total: 9.608s | samples/s: 6661
Iteration 0359 | train reward: 22.80 | best: 30.37 | KL: 2.263e-05 | std: 0.5866 | rollout: 7.706s | update: 1.529s | total: 9.235s | samples/s: 6930
Iteration 0360 | train reward: 22.07 | best: 30.37 | KL: 3.148e-05 | std: 0.5866 | rollout: 7.755s | update: 1.469s | total: 9.223s | samples/s: 6939
Iteration 0361 | train reward: 26.45 | best: 30.37 | KL: 2.673e-05 | std: 0.5865 | rollout: 8.538s | update: 1.462s | total: 10.000s | samples/s: 6400
Iteration 0362 | train reward: 26.09 | best: 30.37 | KL: 2.518e-05 | std: 0.5865 | rollout: 8.511s | update: 1.520s | total: 10.031s | samples/s: 6380
Iteration 0363 | train reward: 26.88 | best: 30.37 | KL: 2.790e-05 | std: 0.5865 | rollout: 8.736s | update: 1.495s | total: 10.231s | samples/s: 6256
Iteration 0364 | train reward: 29.11 | best: 30.37 | KL: 2.614e-05 | std: 0.5865 | rollout: 8.464s | update: 1.377s | total: 9.841s | samples/s: 6503
Iteration 0365 | train reward: 31.75 | best: 31.75 | KL: 2.266e-05 | std: 0.5865 | rollout: 7.710s | update: 1.448s | total: 9.158s | samples/s: 6989
Iteration 0366 | train reward: 28.94 | best: 31.75 | KL: 3.048e-05 | std: 0.5865 | rollout: 7.645s | update: 1.456s | total: 9.101s | samples/s: 7032
Iteration 0367 | train reward: 25.69 | best: 31.75 | KL: 3.632e-05 | std: 0.5865 | rollout: 8.659s | update: 1.381s | total: 10.039s | samples/s: 6375
Iteration 0368 | train reward: 28.35 | best: 31.75 | KL: 2.391e-05 | std: 0.5861 | rollout: 8.087s | update: 1.410s | total: 9.497s | samples/s: 6739
Iteration 0369 | train reward: 32.54 | best: 32.54 | KL: 2.627e-05 | std: 0.5861 | rollout: 7.852s | update: 1.425s | total: 9.277s | samples/s: 6898
Iteration 0370 | train reward: 31.84 | best: 32.54 | KL: 1.791e-05 | std: 0.5861 | rollout: 7.859s | update: 1.473s | total: 9.332s | samples/s: 6858
Iteration 0371 | train reward: 27.34 | best: 32.54 | KL: 2.833e-05 | std: 0.5861 | rollout: 8.320s | update: 1.338s | total: 9.658s | samples/s: 6627
Iteration 0372 | train reward: 28.54 | best: 32.54 | KL: 2.895e-05 | std: 0.5861 | rollout: 7.730s | update: 1.336s | total: 9.067s | samples/s: 7059
Iteration 0373 | train reward: 27.40 | best: 32.54 | KL: 2.757e-05 | std: 0.5861 | rollout: 8.348s | update: 1.330s | total: 9.678s | samples/s: 6613
Iteration 0374 | train reward: 32.35 | best: 32.54 | KL: 2.445e-05 | std: 0.5860 | rollout: 8.918s | update: 1.310s | total: 10.228s | samples/s: 6257
Iteration 0375 | train reward: 34.23 | best: 34.23 | KL: 3.017e-05 | std: 0.5860 | rollout: 8.274s | update: 1.603s | total: 9.877s | samples/s: 6480
Iteration 0376 | train reward: 29.52 | best: 34.23 | KL: 3.824e-05 | std: 0.5860 | rollout: 7.369s | update: 1.419s | total: 8.788s | samples/s: 7283
Iteration 0377 | train reward: 36.79 | best: 36.79 | KL: 3.203e-05 | std: 0.5859 | rollout: 7.951s | update: 1.481s | total: 9.432s | samples/s: 6786
Iteration 0378 | train reward: 39.72 | best: 39.72 | KL: 2.729e-05 | std: 0.5859 | rollout: 7.598s | update: 1.479s | total: 9.076s | samples/s: 7051
Iteration 0379 | train reward: 30.72 | best: 39.72 | KL: 3.321e-05 | std: 0.5859 | rollout: 7.960s | update: 1.474s | total: 9.433s | samples/s: 6784
Iteration 0380 | train reward: 34.67 | best: 39.72 | KL: 2.817e-05 | std: 0.5859 | rollout: 8.662s | update: 1.468s | total: 10.130s | samples/s: 6318
Iteration 0381 | train reward: 39.07 | best: 39.72 | KL: 3.014e-05 | std: 0.5859 | rollout: 7.990s | update: 1.467s | total: 9.457s | samples/s: 6768
Iteration 0382 | train reward: 35.95 | best: 39.72 | KL: 3.095e-05 | std: 0.5859 | rollout: 8.298s | update: 1.519s | total: 9.817s | samples/s: 6520
Iteration 0383 | train reward: 43.45 | best: 43.45 | KL: 3.672e-05 | std: 0.5859 | rollout: 8.916s | update: 1.466s | total: 10.382s | samples/s: 6165
Iteration 0384 | train reward: 45.69 | best: 45.69 | KL: 2.534e-05 | std: 0.5859 | rollout: 8.028s | update: 1.429s | total: 9.456s | samples/s: 6768
Iteration 0385 | train reward: 35.69 | best: 45.69 | KL: 2.476e-05 | std: 0.5859 | rollout: 8.342s | update: 1.479s | total: 9.821s | samples/s: 6517
Iteration 0386 | train reward: 41.39 | best: 45.69 | KL: 3.266e-05 | std: 0.5859 | rollout: 8.246s | update: 1.467s | total: 9.713s | samples/s: 6589
Iteration 0387 | train reward: 36.28 | best: 45.69 | KL: 3.644e-05 | std: 0.5859 | rollout: 8.246s | update: 1.484s | total: 9.730s | samples/s: 6578
Iteration 0388 | train reward: 43.83 | best: 45.69 | KL: 2.577e-05 | std: 0.5859 | rollout: 8.012s | update: 1.322s | total: 9.333s | samples/s: 6857
Iteration 0389 | train reward: 38.41 | best: 45.69 | KL: 2.718e-05 | std: 0.5858 | rollout: 8.143s | update: 1.391s | total: 9.535s | samples/s: 6712
Iteration 0390 | train reward: 46.75 | best: 46.75 | KL: 3.484e-05 | std: 0.5858 | rollout: 7.937s | update: 1.541s | total: 9.479s | samples/s: 6752
Iteration 0391 | train reward: 42.10 | best: 46.75 | KL: 3.775e-05 | std: 0.5858 | rollout: 8.886s | update: 1.478s | total: 10.364s | samples/s: 6175
Iteration 0392 | train reward: 47.70 | best: 47.70 | KL: 3.402e-05 | std: 0.5854 | rollout: 8.435s | update: 1.472s | total: 9.907s | samples/s: 6460
Iteration 0393 | train reward: 53.53 | best: 53.53 | KL: 3.105e-05 | std: 0.5854 | rollout: 8.213s | update: 1.330s | total: 9.543s | samples/s: 6706
Iteration 0394 | train reward: 42.40 | best: 53.53 | KL: 3.198e-05 | std: 0.5854 | rollout: 7.620s | update: 1.398s | total: 9.017s | samples/s: 7097
Iteration 0395 | train reward: 44.03 | best: 53.53 | KL: 2.960e-05 | std: 0.5854 | rollout: 8.621s | update: 1.313s | total: 9.934s | samples/s: 6443
Iteration 0396 | train reward: 43.22 | best: 53.53 | KL: 3.675e-05 | std: 0.5853 | rollout: 8.470s | update: 1.461s | total: 9.931s | samples/s: 6444
Iteration 0397 | train reward: 49.29 | best: 53.53 | KL: 3.374e-05 | std: 0.5853 | rollout: 7.844s | update: 1.508s | total: 9.353s | samples/s: 6843
Iteration 0398 | train reward: 48.49 | best: 53.53 | KL: 3.665e-05 | std: 0.5853 | rollout: 8.795s | update: 1.623s | total: 10.419s | samples/s: 6143
Iteration 0399 | train reward: 50.85 | best: 53.53 | KL: 2.926e-05 | std: 0.5852 | rollout: 8.071s | update: 1.412s | total: 9.483s | samples/s: 6749
Iteration 0400 | train reward: 51.33 | best: 53.53 | KL: 3.106e-05 | std: 0.5852 | rollout: 8.287s | update: 1.493s | total: 9.780s | samples/s: 6544
Iteration 0401 | train reward: 45.97 | best: 53.53 | KL: 3.401e-05 | std: 0.5852 | rollout: 8.675s | update: 1.483s | total: 10.159s | samples/s: 6300
Iteration 0402 | train reward: 51.79 | best: 53.53 | KL: 3.103e-05 | std: 0.5852 | rollout: 7.663s | update: 1.503s | total: 9.166s | samples/s: 6983
Iteration 0403 | train reward: 50.80 | best: 53.53 | KL: 4.287e-05 | std: 0.5852 | rollout: 8.362s | update: 1.373s | total: 9.734s | samples/s: 6575
Iteration 0404 | train reward: 46.80 | best: 53.53 | KL: 3.646e-05 | std: 0.5852 | rollout: 7.973s | update: 1.427s | total: 9.401s | samples/s: 6808
Iteration 0405 | train reward: 51.69 | best: 53.53 | KL: 4.451e-05 | std: 0.5841 | rollout: 7.175s | update: 1.358s | total: 8.533s | samples/s: 7501
Iteration 0406 | train reward: 53.63 | best: 53.63 | KL: 3.664e-05 | std: 0.5841 | rollout: 8.010s | update: 1.414s | total: 9.425s | samples/s: 6791
Iteration 0407 | train reward: 57.35 | best: 57.35 | KL: 2.245e-05 | std: 0.5841 | rollout: 8.210s | update: 1.509s | total: 9.719s | samples/s: 6585
Iteration 0408 | train reward: 52.67 | best: 57.35 | KL: 3.843e-05 | std: 0.5841 | rollout: 9.311s | update: 1.377s | total: 10.688s | samples/s: 5988
Iteration 0409 | train reward: 57.84 | best: 57.84 | KL: 3.268e-05 | std: 0.5841 | rollout: 6.975s | update: 1.380s | total: 8.354s | samples/s: 7661
Iteration 0410 | train reward: 51.87 | best: 57.84 | KL: 3.522e-05 | std: 0.5840 | rollout: 8.292s | update: 1.515s | total: 9.807s | samples/s: 6526
Iteration 0411 | train reward: 56.89 | best: 57.84 | KL: 3.953e-05 | std: 0.5840 | rollout: 8.367s | update: 1.363s | total: 9.730s | samples/s: 6578
Iteration 0412 | train reward: 51.88 | best: 57.84 | KL: 4.340e-05 | std: 0.5840 | rollout: 8.492s | update: 1.438s | total: 9.931s | samples/s: 6445
Iteration 0413 | train reward: 63.86 | best: 63.86 | KL: 3.523e-05 | std: 0.5839 | rollout: 8.889s | update: 1.328s | total: 10.217s | samples/s: 6264
Iteration 0414 | train reward: 50.37 | best: 63.86 | KL: 3.991e-05 | std: 0.5839 | rollout: 7.229s | update: 1.399s | total: 8.628s | samples/s: 7418
Iteration 0415 | train reward: 56.45 | best: 63.86 | KL: 4.158e-05 | std: 0.5839 | rollout: 8.426s | update: 1.376s | total: 9.802s | samples/s: 6529
Iteration 0416 | train reward: 60.24 | best: 63.86 | KL: 4.296e-05 | std: 0.5839 | rollout: 8.404s | update: 1.464s | total: 9.868s | samples/s: 6485
Iteration 0417 | train reward: 62.42 | best: 63.86 | KL: 3.025e-05 | std: 0.5839 | rollout: 8.446s | update: 1.417s | total: 9.862s | samples/s: 6489
Iteration 0418 | train reward: 55.22 | best: 63.86 | KL: 2.990e-05 | std: 0.5839 | rollout: 8.755s | update: 1.453s | total: 10.208s | samples/s: 6269
Iteration 0419 | train reward: 58.68 | best: 63.86 | KL: 3.727e-05 | std: 0.5835 | rollout: 8.049s | update: 1.429s | total: 9.478s | samples/s: 6752
Iteration 0420 | train reward: 64.75 | best: 64.75 | KL: 4.832e-05 | std: 0.5835 | rollout: 8.376s | update: 1.482s | total: 9.858s | samples/s: 6492
Iteration 0421 | train reward: 65.96 | best: 65.96 | KL: 3.847e-05 | std: 0.5835 | rollout: 7.988s | update: 1.432s | total: 9.420s | samples/s: 6794
Iteration 0422 | train reward: 66.73 | best: 66.73 | KL: 4.145e-05 | std: 0.5835 | rollout: 8.208s | update: 1.423s | total: 9.631s | samples/s: 6645
Iteration 0423 | train reward: 60.23 | best: 66.73 | KL: 4.191e-05 | std: 0.5835 | rollout: 7.574s | update: 1.413s | total: 8.986s | samples/s: 7122
Iteration 0424 | train reward: 65.83 | best: 66.73 | KL: 3.690e-05 | std: 0.5835 | rollout: 7.787s | update: 1.394s | total: 9.181s | samples/s: 6971
Iteration 0425 | train reward: 66.72 | best: 66.73 | KL: 3.770e-05 | std: 0.5834 | rollout: 8.068s | update: 1.467s | total: 9.534s | samples/s: 6713
Iteration 0426 | train reward: 66.57 | best: 66.73 | KL: 4.945e-05 | std: 0.5835 | rollout: 7.958s | update: 1.495s | total: 9.453s | samples/s: 6770
Iteration 0427 | train reward: 68.38 | best: 68.38 | KL: 3.561e-05 | std: 0.5834 | rollout: 8.584s | update: 1.436s | total: 10.020s | samples/s: 6387
Iteration 0428 | train reward: 60.82 | best: 68.38 | KL: 4.812e-05 | std: 0.5834 | rollout: 9.294s | update: 1.414s | total: 10.708s | samples/s: 5977
Iteration 0429 | train reward: 68.60 | best: 68.60 | KL: 4.126e-05 | std: 0.5833 | rollout: 7.892s | update: 1.517s | total: 9.410s | samples/s: 6802
Iteration 0430 | train reward: 67.76 | best: 68.60 | KL: 5.133e-05 | std: 0.5833 | rollout: 8.349s | update: 1.515s | total: 9.864s | samples/s: 6488
Iteration 0431 | train reward: 80.10 | best: 80.10 | KL: 4.374e-05 | std: 0.5833 | rollout: 8.911s | update: 1.441s | total: 10.352s | samples/s: 6182
Iteration 0432 | train reward: 68.93 | best: 80.10 | KL: 4.679e-05 | std: 0.5833 | rollout: 8.650s | update: 1.426s | total: 10.076s | samples/s: 6352
Iteration 0433 | train reward: 74.42 | best: 80.10 | KL: 4.807e-05 | std: 0.5833 | rollout: 7.518s | update: 1.514s | total: 9.031s | samples/s: 7087
Iteration 0434 | train reward: 78.64 | best: 80.10 | KL: 3.466e-05 | std: 0.5832 | rollout: 8.606s | update: 1.522s | total: 10.128s | samples/s: 6319
Iteration 0435 | train reward: 75.82 | best: 80.10 | KL: 5.173e-05 | std: 0.5832 | rollout: 7.890s | update: 1.430s | total: 9.321s | samples/s: 6866
Iteration 0436 | train reward: 79.58 | best: 80.10 | KL: 5.703e-05 | std: 0.5832 | rollout: 8.045s | update: 1.477s | total: 9.523s | samples/s: 6721
Iteration 0437 | train reward: 76.43 | best: 80.10 | KL: 4.318e-05 | std: 0.5832 | rollout: 8.472s | update: 1.533s | total: 10.005s | samples/s: 6397
Iteration 0438 | train reward: 71.89 | best: 80.10 | KL: 5.718e-05 | std: 0.5832 | rollout: 7.896s | update: 1.368s | total: 9.264s | samples/s: 6909
Iteration 0439 | train reward: 77.87 | best: 80.10 | KL: 4.391e-05 | std: 0.5832 | rollout: 7.782s | update: 1.444s | total: 9.226s | samples/s: 6937
Iteration 0440 | train reward: 78.54 | best: 80.10 | KL: 4.026e-05 | std: 0.5832 | rollout: 8.687s | update: 1.322s | total: 10.009s | samples/s: 6394
Iteration 0441 | train reward: 73.60 | best: 80.10 | KL: 5.894e-05 | std: 0.5832 | rollout: 7.855s | update: 1.422s | total: 9.277s | samples/s: 6899
Iteration 0442 | train reward: 81.78 | best: 81.78 | KL: 4.383e-05 | std: 0.5832 | rollout: 7.322s | update: 1.438s | total: 8.759s | samples/s: 7306
Iteration 0443 | train reward: 82.14 | best: 82.14 | KL: 3.579e-05 | std: 0.5832 | rollout: 8.914s | update: 1.361s | total: 10.275s | samples/s: 6229
Iteration 0444 | train reward: 83.47 | best: 83.47 | KL: 6.007e-05 | std: 0.5831 | rollout: 8.522s | update: 1.531s | total: 10.053s | samples/s: 6366
Iteration 0445 | train reward: 81.02 | best: 83.47 | KL: 5.669e-05 | std: 0.5828 | rollout: 8.827s | update: 1.475s | total: 10.302s | samples/s: 6212
Iteration 0446 | train reward: 88.39 | best: 88.39 | KL: 5.593e-05 | std: 0.5828 | rollout: 8.477s | update: 1.425s | total: 9.901s | samples/s: 6464
Iteration 0447 | train reward: 88.62 | best: 88.62 | KL: 5.460e-05 | std: 0.5827 | rollout: 8.356s | update: 1.504s | total: 9.860s | samples/s: 6491
Iteration 0448 | train reward: 91.11 | best: 91.11 | KL: 5.455e-05 | std: 0.5827 | rollout: 8.180s | update: 1.451s | total: 9.631s | samples/s: 6645
Iteration 0449 | train reward: 87.12 | best: 91.11 | KL: 4.040e-05 | std: 0.5826 | rollout: 8.000s | update: 1.487s | total: 9.487s | samples/s: 6746
Iteration 0450 | train reward: 87.62 | best: 91.11 | KL: 5.266e-05 | std: 0.5826 | rollout: 8.836s | update: 1.355s | total: 10.190s | samples/s: 6280
Iteration 0451 | train reward: 89.77 | best: 91.11 | KL: 4.038e-05 | std: 0.5815 | rollout: 8.018s | update: 1.404s | total: 9.422s | samples/s: 6792
Iteration 0452 | train reward: 85.25 | best: 91.11 | KL: 3.492e-05 | std: 0.5815 | rollout: 8.552s | update: 1.477s | total: 10.028s | samples/s: 6382
Iteration 0453 | train reward: 92.85 | best: 92.85 | KL: 4.891e-05 | std: 0.5815 | rollout: 8.111s | update: 1.405s | total: 9.516s | samples/s: 6726
Iteration 0454 | train reward: 87.01 | best: 92.85 | KL: 5.562e-05 | std: 0.5814 | rollout: 8.286s | update: 1.423s | total: 9.709s | samples/s: 6592
Iteration 0455 | train reward: 94.82 | best: 94.82 | KL: 5.331e-05 | std: 0.5815 | rollout: 7.801s | update: 1.463s | total: 9.265s | samples/s: 6908
Iteration 0456 | train reward: 95.30 | best: 95.30 | KL: 5.242e-05 | std: 0.5815 | rollout: 8.492s | update: 1.479s | total: 9.972s | samples/s: 6418
Iteration 0457 | train reward: 106.38 | best: 106.38 | KL: 5.895e-05 | std: 0.5815 | rollout: 8.051s | update: 1.471s | total: 9.522s | samples/s: 6721
Iteration 0458 | train reward: 95.28 | best: 106.38 | KL: 6.823e-05 | std: 0.5815 | rollout: 7.582s | update: 1.421s | total: 9.003s | samples/s: 7109
Iteration 0459 | train reward: 95.68 | best: 106.38 | KL: 5.396e-05 | std: 0.5814 | rollout: 8.115s | update: 1.350s | total: 9.465s | samples/s: 6761
Iteration 0460 | train reward: 95.87 | best: 106.38 | KL: 5.167e-05 | std: 0.5813 | rollout: 7.660s | update: 1.301s | total: 8.961s | samples/s: 7142
Iteration 0461 | train reward: 95.87 | best: 106.38 | KL: 5.562e-05 | std: 0.5813 | rollout: 7.719s | update: 1.433s | total: 9.152s | samples/s: 6993
Iteration 0462 | train reward: 104.12 | best: 106.38 | KL: 5.254e-05 | std: 0.5813 | rollout: 7.850s | update: 1.453s | total: 9.303s | samples/s: 6879
Iteration 0463 | train reward: 96.26 | best: 106.38 | KL: 6.104e-05 | std: 0.5813 | rollout: 7.931s | update: 1.385s | total: 9.316s | samples/s: 6870
Iteration 0464 | train reward: 89.18 | best: 106.38 | KL: 6.361e-05 | std: 0.5813 | rollout: 7.703s | update: 1.367s | total: 9.070s | samples/s: 7056
Iteration 0465 | train reward: 97.93 | best: 106.38 | KL: 5.268e-05 | std: 0.5813 | rollout: 8.257s | update: 1.391s | total: 9.648s | samples/s: 6633
Iteration 0466 | train reward: 109.59 | best: 109.59 | KL: 5.262e-05 | std: 0.5813 | rollout: 8.682s | update: 1.405s | total: 10.087s | samples/s: 6345
Iteration 0467 | train reward: 98.96 | best: 109.59 | KL: 7.519e-05 | std: 0.5809 | rollout: 8.629s | update: 1.298s | total: 9.927s | samples/s: 6447
Iteration 0468 | train reward: 108.18 | best: 109.59 | KL: 6.484e-05 | std: 0.5809 | rollout: 8.832s | update: 1.403s | total: 10.235s | samples/s: 6253
Iteration 0469 | train reward: 107.83 | best: 109.59 | KL: 6.734e-05 | std: 0.5809 | rollout: 9.172s | update: 1.369s | total: 10.541s | samples/s: 6072
Iteration 0470 | train reward: 101.55 | best: 109.59 | KL: 7.847e-05 | std: 0.5809 | rollout: 9.014s | update: 1.443s | total: 10.457s | samples/s: 6120
Iteration 0471 | train reward: 103.70 | best: 109.59 | KL: 6.049e-05 | std: 0.5809 | rollout: 8.654s | update: 1.356s | total: 10.010s | samples/s: 6394
Iteration 0472 | train reward: 111.83 | best: 111.83 | KL: 6.696e-05 | std: 0.5808 | rollout: 9.067s | update: 1.343s | total: 10.409s | samples/s: 6148
Iteration 0473 | train reward: 108.19 | best: 111.83 | KL: 6.411e-05 | std: 0.5808 | rollout: 8.034s | update: 1.373s | total: 9.407s | samples/s: 6804
Iteration 0474 | train reward: 110.08 | best: 111.83 | KL: 4.879e-05 | std: 0.5808 | rollout: 7.905s | update: 1.483s | total: 9.388s | samples/s: 6817
Iteration 0475 | train reward: 108.48 | best: 111.83 | KL: 5.603e-05 | std: 0.5807 | rollout: 8.602s | update: 1.471s | total: 10.073s | samples/s: 6354
Iteration 0476 | train reward: 116.58 | best: 116.58 | KL: 5.550e-05 | std: 0.5808 | rollout: 8.677s | update: 1.476s | total: 10.153s | samples/s: 6304
Iteration 0477 | train reward: 116.12 | best: 116.58 | KL: 5.949e-05 | std: 0.5807 | rollout: 7.685s | update: 1.400s | total: 9.085s | samples/s: 7045
Iteration 0478 | train reward: 120.16 | best: 120.16 | KL: 6.002e-05 | std: 0.5808 | rollout: 8.467s | update: 1.479s | total: 9.946s | samples/s: 6435
Iteration 0479 | train reward: 111.30 | best: 120.16 | KL: 6.070e-05 | std: 0.5808 | rollout: 8.158s | update: 1.431s | total: 9.589s | samples/s: 6674
Iteration 0480 | train reward: 115.84 | best: 120.16 | KL: 7.110e-05 | std: 0.5807 | rollout: 7.993s | update: 1.536s | total: 9.529s | samples/s: 6716
Iteration 0481 | train reward: 116.18 | best: 120.16 | KL: 6.645e-05 | std: 0.5807 | rollout: 7.399s | update: 1.554s | total: 8.953s | samples/s: 7148
Iteration 0482 | train reward: 117.08 | best: 120.16 | KL: 5.596e-05 | std: 0.5807 | rollout: 8.895s | update: 1.467s | total: 10.362s | samples/s: 6176
Iteration 0483 | train reward: 123.73 | best: 123.73 | KL: 6.375e-05 | std: 0.5807 | rollout: 7.612s | update: 1.373s | total: 8.985s | samples/s: 7123
Iteration 0484 | train reward: 123.63 | best: 123.73 | KL: 7.500e-05 | std: 0.5807 | rollout: 7.745s | update: 1.471s | total: 9.216s | samples/s: 6944
Iteration 0485 | train reward: 122.31 | best: 123.73 | KL: 6.666e-05 | std: 0.5807 | rollout: 8.425s | update: 1.440s | total: 9.864s | samples/s: 6488
Iteration 0486 | train reward: 127.43 | best: 127.43 | KL: 5.791e-05 | std: 0.5807 | rollout: 9.109s | update: 1.307s | total: 10.416s | samples/s: 6145
Iteration 0487 | train reward: 111.66 | best: 127.43 | KL: 7.601e-05 | std: 0.5807 | rollout: 7.803s | update: 1.514s | total: 9.317s | samples/s: 6869
Iteration 0488 | train reward: 130.27 | best: 130.27 | KL: 6.447e-05 | std: 0.5807 | rollout: 9.115s | update: 1.481s | total: 10.596s | samples/s: 6040
Iteration 0489 | train reward: 122.21 | best: 130.27 | KL: 8.796e-05 | std: 0.5807 | rollout: 8.425s | update: 1.474s | total: 9.899s | samples/s: 6466
Iteration 0490 | train reward: 125.25 | best: 130.27 | KL: 6.553e-05 | std: 0.5807 | rollout: 7.859s | update: 1.414s | total: 9.273s | samples/s: 6902
Iteration 0491 | train reward: 130.69 | best: 130.69 | KL: 1.001e-04 | std: 0.5807 | rollout: 7.732s | update: 1.344s | total: 9.075s | samples/s: 7052
Iteration 0492 | train reward: 122.06 | best: 130.69 | KL: 7.234e-05 | std: 0.5807 | rollout: 8.287s | update: 1.483s | total: 9.770s | samples/s: 6551
Iteration 0493 | train reward: 126.67 | best: 130.69 | KL: 9.038e-05 | std: 0.5806 | rollout: 7.671s | update: 1.407s | total: 9.078s | samples/s: 7050
Iteration 0494 | train reward: 124.63 | best: 130.69 | KL: 8.764e-05 | std: 0.5806 | rollout: 7.702s | update: 1.380s | total: 9.082s | samples/s: 7047
Iteration 0495 | train reward: 135.87 | best: 135.87 | KL: 7.234e-05 | std: 0.5805 | rollout: 8.849s | update: 1.484s | total: 10.333s | samples/s: 6194
Iteration 0496 | train reward: 135.97 | best: 135.97 | KL: 8.681e-05 | std: 0.5805 | rollout: 8.165s | update: 1.338s | total: 9.503s | samples/s: 6735
Iteration 0497 | train reward: 132.67 | best: 135.97 | KL: 8.947e-05 | std: 0.5802 | rollout: 9.035s | update: 1.508s | total: 10.544s | samples/s: 6070
Iteration 0498 | train reward: 131.31 | best: 135.97 | KL: 8.730e-05 | std: 0.5801 | rollout: 8.684s | update: 1.422s | total: 10.106s | samples/s: 6333
Iteration 0499 | train reward: 130.32 | best: 135.97 | KL: 8.093e-05 | std: 0.5801 | rollout: 9.204s | update: 1.446s | total: 10.650s | samples/s: 6009
Iteration 0500 | train reward: 139.71 | best: 139.71 | KL: 8.638e-05 | std: 0.5801 | rollout: 7.728s | update: 1.415s | total: 9.144s | samples/s: 6999
Iteration 0501 | train reward: 142.48 | best: 142.48 | KL: 8.508e-05 | std: 0.5801 | rollout: 7.494s | update: 1.416s | total: 8.910s | samples/s: 7183
Iteration 0502 | train reward: 145.70 | best: 145.70 | KL: 7.913e-05 | std: 0.5801 | rollout: 7.367s | update: 1.430s | total: 8.796s | samples/s: 7276
Iteration 0503 | train reward: 142.76 | best: 145.70 | KL: 7.740e-05 | std: 0.5800 | rollout: 8.584s | update: 1.297s | total: 9.881s | samples/s: 6477
Iteration 0504 | train reward: 142.16 | best: 145.70 | KL: 7.714e-05 | std: 0.5800 | rollout: 9.294s | update: 1.441s | total: 10.735s | samples/s: 5962
Iteration 0505 | train reward: 138.64 | best: 145.70 | KL: 8.475e-05 | std: 0.5789 | rollout: 8.033s | update: 1.504s | total: 9.537s | samples/s: 6711
Iteration 0506 | train reward: 142.31 | best: 145.70 | KL: 9.101e-05 | std: 0.5788 | rollout: 8.233s | update: 1.545s | total: 9.778s | samples/s: 6545
Iteration 0507 | train reward: 152.54 | best: 152.54 | KL: 7.239e-05 | std: 0.5788 | rollout: 7.831s | update: 1.591s | total: 9.421s | samples/s: 6793
Iteration 0508 | train reward: 147.57 | best: 152.54 | KL: 8.531e-05 | std: 0.5787 | rollout: 9.188s | update: 1.439s | total: 10.627s | samples/s: 6022
Iteration 0509 | train reward: 150.61 | best: 152.54 | KL: 1.013e-04 | std: 0.5787 | rollout: 8.215s | update: 1.461s | total: 9.675s | samples/s: 6615
Iteration 0510 | train reward: 152.51 | best: 152.54 | KL: 8.639e-05 | std: 0.5787 | rollout: 7.800s | update: 1.479s | total: 9.279s | samples/s: 6897
Iteration 0511 | train reward: 150.49 | best: 152.54 | KL: 9.287e-05 | std: 0.5783 | rollout: 6.783s | update: 1.370s | total: 8.153s | samples/s: 7850
Iteration 0512 | train reward: 150.57 | best: 152.54 | KL: 9.429e-05 | std: 0.5783 | rollout: 7.548s | update: 1.503s | total: 9.051s | samples/s: 7071
Iteration 0513 | train reward: 156.41 | best: 156.41 | KL: 8.546e-05 | std: 0.5783 | rollout: 7.614s | update: 1.519s | total: 9.133s | samples/s: 7008
Iteration 0514 | train reward: 162.47 | best: 162.47 | KL: 9.154e-05 | std: 0.5782 | rollout: 8.134s | update: 1.456s | total: 9.591s | samples/s: 6673
Iteration 0515 | train reward: 158.26 | best: 162.47 | KL: 7.695e-05 | std: 0.5781 | rollout: 8.669s | update: 1.415s | total: 10.084s | samples/s: 6347
Iteration 0516 | train reward: 159.22 | best: 162.47 | KL: 9.390e-05 | std: 0.5781 | rollout: 8.893s | update: 1.397s | total: 10.290s | samples/s: 6220
Iteration 0517 | train reward: 155.42 | best: 162.47 | KL: 1.123e-04 | std: 0.5781 | rollout: 7.961s | update: 1.391s | total: 9.352s | samples/s: 6843
Iteration 0518 | train reward: 170.39 | best: 170.39 | KL: 7.710e-05 | std: 0.5781 | rollout: 7.698s | update: 1.490s | total: 9.188s | samples/s: 6965
Iteration 0519 | train reward: 161.35 | best: 170.39 | KL: 1.027e-04 | std: 0.5781 | rollout: 7.922s | update: 1.398s | total: 9.320s | samples/s: 6867
Iteration 0520 | train reward: 164.08 | best: 170.39 | KL: 9.877e-05 | std: 0.5781 | rollout: 7.495s | update: 1.336s | total: 8.831s | samples/s: 7247
Iteration 0521 | train reward: 164.52 | best: 170.39 | KL: 7.612e-05 | std: 0.5781 | rollout: 7.917s | update: 1.427s | total: 9.344s | samples/s: 6849
Iteration 0522 | train reward: 170.95 | best: 170.95 | KL: 8.378e-05 | std: 0.5781 | rollout: 7.410s | update: 1.486s | total: 8.896s | samples/s: 7195
Iteration 0523 | train reward: 169.88 | best: 170.95 | KL: 8.805e-05 | std: 0.5780 | rollout: 7.870s | update: 1.459s | total: 9.328s | samples/s: 6861
Iteration 0524 | train reward: 151.46 | best: 170.95 | KL: 1.184e-04 | std: 0.5780 | rollout: 7.413s | update: 1.338s | total: 8.751s | samples/s: 7313
Iteration 0525 | train reward: 170.59 | best: 170.95 | KL: 9.356e-05 | std: 0.5780 | rollout: 7.683s | update: 1.405s | total: 9.088s | samples/s: 7042
Iteration 0526 | train reward: 171.86 | best: 171.86 | KL: 1.003e-04 | std: 0.5779 | rollout: 8.170s | update: 1.445s | total: 9.614s | samples/s: 6657
Iteration 0527 | train reward: 169.62 | best: 171.86 | KL: 1.016e-04 | std: 0.5779 | rollout: 8.540s | update: 1.361s | total: 9.901s | samples/s: 6464
Iteration 0528 | train reward: 187.42 | best: 187.42 | KL: 9.111e-05 | std: 0.5775 | rollout: 7.810s | update: 1.414s | total: 9.224s | samples/s: 6938
Iteration 0529 | train reward: 171.59 | best: 187.42 | KL: 9.687e-05 | std: 0.5775 | rollout: 7.517s | update: 1.380s | total: 8.898s | samples/s: 7193
Iteration 0530 | train reward: 178.67 | best: 187.42 | KL: 1.145e-04 | std: 0.5774 | rollout: 7.700s | update: 1.481s | total: 9.182s | samples/s: 6970
Iteration 0531 | train reward: 173.33 | best: 187.42 | KL: 1.071e-04 | std: 0.5774 | rollout: 8.237s | update: 1.414s | total: 9.651s | samples/s: 6631
Iteration 0532 | train reward: 180.63 | best: 187.42 | KL: 9.620e-05 | std: 0.5774 | rollout: 7.764s | update: 1.580s | total: 9.344s | samples/s: 6849
Iteration 0533 | train reward: 174.44 | best: 187.42 | KL: 1.387e-04 | std: 0.5763 | rollout: 7.936s | update: 1.447s | total: 9.383s | samples/s: 6821
Iteration 0534 | train reward: 174.32 | best: 187.42 | KL: 1.239e-04 | std: 0.5763 | rollout: 8.260s | update: 1.476s | total: 9.736s | samples/s: 6573
Iteration 0535 | train reward: 183.19 | best: 187.42 | KL: 1.209e-04 | std: 0.5762 | rollout: 7.694s | update: 1.428s | total: 9.122s | samples/s: 7016
Iteration 0536 | train reward: 185.56 | best: 187.42 | KL: 1.247e-04 | std: 0.5761 | rollout: 6.567s | update: 1.360s | total: 7.927s | samples/s: 8074
Iteration 0537 | train reward: 183.52 | best: 187.42 | KL: 1.081e-04 | std: 0.5762 | rollout: 6.460s | update: 1.395s | total: 7.855s | samples/s: 8148
Iteration 0538 | train reward: 182.92 | best: 187.42 | KL: 1.432e-04 | std: 0.5762 | rollout: 7.926s | update: 1.372s | total: 9.298s | samples/s: 6883
Iteration 0539 | train reward: 181.62 | best: 187.42 | KL: 1.473e-04 | std: 0.5762 | rollout: 8.323s | update: 1.476s | total: 9.799s | samples/s: 6531
Iteration 0540 | train reward: 191.89 | best: 191.89 | KL: 1.072e-04 | std: 0.5761 | rollout: 8.018s | update: 1.307s | total: 9.325s | samples/s: 6863
Iteration 0541 | train reward: 190.78 | best: 191.89 | KL: 1.168e-04 | std: 0.5761 | rollout: 7.409s | update: 1.473s | total: 8.882s | samples/s: 7205
Iteration 0542 | train reward: 193.02 | best: 193.02 | KL: 1.021e-04 | std: 0.5761 | rollout: 7.410s | update: 1.410s | total: 8.820s | samples/s: 7256
Iteration 0543 | train reward: 194.36 | best: 194.36 | KL: 1.375e-04 | std: 0.5761 | rollout: 8.062s | update: 1.340s | total: 9.402s | samples/s: 6807
Iteration 0544 | train reward: 192.79 | best: 194.36 | KL: 1.464e-04 | std: 0.5761 | rollout: 6.601s | update: 1.440s | total: 8.041s | samples/s: 7960
Iteration 0545 | train reward: 196.86 | best: 196.86 | KL: 1.085e-04 | std: 0.5757 | rollout: 6.905s | update: 1.464s | total: 8.369s | samples/s: 7647
Iteration 0546 | train reward: 205.63 | best: 205.63 | KL: 1.255e-04 | std: 0.5757 | rollout: 8.706s | update: 1.403s | total: 10.109s | samples/s: 6331
Iteration 0547 | train reward: 207.17 | best: 207.17 | KL: 1.223e-04 | std: 0.5757 | rollout: 7.199s | update: 1.487s | total: 8.686s | samples/s: 7369
Iteration 0548 | train reward: 194.53 | best: 207.17 | KL: 1.591e-04 | std: 0.5755 | rollout: 7.905s | update: 1.579s | total: 9.484s | samples/s: 6748
Iteration 0549 | train reward: 213.40 | best: 213.40 | KL: 1.224e-04 | std: 0.5755 | rollout: 8.513s | update: 1.375s | total: 9.889s | samples/s: 6472
Iteration 0550 | train reward: 201.93 | best: 213.40 | KL: 1.325e-04 | std: 0.5755 | rollout: 7.515s | update: 1.458s | total: 8.974s | samples/s: 7132
Iteration 0551 | train reward: 206.80 | best: 213.40 | KL: 1.496e-04 | std: 0.5754 | rollout: 8.543s | update: 1.411s | total: 9.954s | samples/s: 6430
Iteration 0552 | train reward: 204.53 | best: 213.40 | KL: 1.793e-04 | std: 0.5755 | rollout: 9.201s | update: 1.479s | total: 10.680s | samples/s: 5993
Iteration 0553 | train reward: 209.31 | best: 213.40 | KL: 1.349e-04 | std: 0.5753 | rollout: 8.278s | update: 1.468s | total: 9.746s | samples/s: 6567
Iteration 0554 | train reward: 215.38 | best: 215.38 | KL: 1.369e-04 | std: 0.5749 | rollout: 8.984s | update: 1.467s | total: 10.451s | samples/s: 6124
Iteration 0555 | train reward: 196.22 | best: 215.38 | KL: 1.495e-04 | std: 0.5749 | rollout: 8.345s | update: 1.373s | total: 9.718s | samples/s: 6586
Iteration 0556 | train reward: 219.70 | best: 219.70 | KL: 1.308e-04 | std: 0.5753 | rollout: 8.328s | update: 1.411s | total: 9.740s | samples/s: 6571
Iteration 0557 | train reward: 208.30 | best: 219.70 | KL: 1.807e-04 | std: 0.5749 | rollout: 7.524s | update: 1.418s | total: 8.942s | samples/s: 7158
Iteration 0558 | train reward: 207.94 | best: 219.70 | KL: 1.430e-04 | std: 0.5748 | rollout: 7.849s | update: 1.514s | total: 9.363s | samples/s: 6835
Iteration 0559 | train reward: 219.60 | best: 219.70 | KL: 1.456e-04 | std: 0.5748 | rollout: 8.403s | update: 1.456s | total: 9.859s | samples/s: 6492
Iteration 0560 | train reward: 224.36 | best: 224.36 | KL: 1.404e-04 | std: 0.5748 | rollout: 9.016s | update: 1.407s | total: 10.423s | samples/s: 6140
Iteration 0561 | train reward: 220.41 | best: 224.36 | KL: 1.468e-04 | std: 0.5737 | rollout: 8.139s | update: 1.534s | total: 9.673s | samples/s: 6616
Iteration 0562 | train reward: 225.26 | best: 225.26 | KL: 1.281e-04 | std: 0.5736 | rollout: 8.602s | update: 1.356s | total: 9.958s | samples/s: 6427
Iteration 0563 | train reward: 219.95 | best: 225.26 | KL: 1.335e-04 | std: 0.5735 | rollout: 8.518s | update: 1.426s | total: 9.944s | samples/s: 6436
Iteration 0564 | train reward: 213.07 | best: 225.26 | KL: 1.503e-04 | std: 0.5735 | rollout: 8.422s | update: 1.382s | total: 9.804s | samples/s: 6528
Iteration 0565 | train reward: 226.42 | best: 226.42 | KL: 1.644e-04 | std: 0.5731 | rollout: 6.613s | update: 1.416s | total: 8.029s | samples/s: 7971
Iteration 0566 | train reward: 231.25 | best: 231.25 | KL: 1.432e-04 | std: 0.5731 | rollout: 7.950s | update: 1.517s | total: 9.466s | samples/s: 6761
Iteration 0567 | train reward: 227.25 | best: 231.25 | KL: 1.414e-04 | std: 0.5731 | rollout: 8.888s | update: 1.462s | total: 10.350s | samples/s: 6184
Iteration 0568 | train reward: 231.18 | best: 231.25 | KL: 1.491e-04 | std: 0.5729 | rollout: 8.197s | update: 1.450s | total: 9.647s | samples/s: 6634
Iteration 0569 | train reward: 221.92 | best: 231.25 | KL: 1.710e-04 | std: 0.5729 | rollout: 7.944s | update: 1.485s | total: 9.429s | samples/s: 6788
Iteration 0570 | train reward: 226.61 | best: 231.25 | KL: 1.484e-04 | std: 0.5729 | rollout: 8.197s | update: 1.392s | total: 9.590s | samples/s: 6674
Iteration 0571 | train reward: 239.98 | best: 239.98 | KL: 1.611e-04 | std: 0.5728 | rollout: 7.988s | update: 1.443s | total: 9.431s | samples/s: 6786
Iteration 0572 | train reward: 222.96 | best: 239.98 | KL: 2.052e-04 | std: 0.5727 | rollout: 7.207s | update: 1.366s | total: 8.572s | samples/s: 7466
Iteration 0573 | train reward: 236.52 | best: 239.98 | KL: 1.615e-04 | std: 0.5727 | rollout: 7.810s | update: 1.427s | total: 9.237s | samples/s: 6929
Iteration 0574 | train reward: 240.31 | best: 240.31 | KL: 1.614e-04 | std: 0.5723 | rollout: 7.358s | update: 1.494s | total: 8.852s | samples/s: 7230
Iteration 0575 | train reward: 235.00 | best: 240.31 | KL: 2.326e-04 | std: 0.5721 | rollout: 8.332s | update: 1.419s | total: 9.751s | samples/s: 6563
Iteration 0576 | train reward: 238.80 | best: 240.31 | KL: 1.680e-04 | std: 0.5721 | rollout: 8.035s | update: 1.425s | total: 9.460s | samples/s: 6765
Iteration 0577 | train reward: 254.13 | best: 254.13 | KL: 1.640e-04 | std: 0.5711 | rollout: 8.410s | update: 1.453s | total: 9.863s | samples/s: 6489
Iteration 0578 | train reward: 241.85 | best: 254.13 | KL: 1.918e-04 | std: 0.5709 | rollout: 8.253s | update: 1.565s | total: 9.818s | samples/s: 6519
Iteration 0579 | train reward: 247.08 | best: 254.13 | KL: 2.268e-04 | std: 0.5709 | rollout: 7.550s | update: 1.558s | total: 9.107s | samples/s: 7027
Iteration 0580 | train reward: 251.84 | best: 254.13 | KL: 1.953e-04 | std: 0.5709 | rollout: 8.609s | update: 1.515s | total: 10.124s | samples/s: 6322
Iteration 0581 | train reward: 242.30 | best: 254.13 | KL: 1.949e-04 | std: 0.5705 | rollout: 8.234s | update: 1.380s | total: 9.614s | samples/s: 6657
Iteration 0582 | train reward: 260.24 | best: 260.24 | KL: 1.574e-04 | std: 0.5704 | rollout: 9.337s | update: 1.348s | total: 10.685s | samples/s: 5990
Iteration 0583 | train reward: 229.15 | best: 260.24 | KL: 2.463e-04 | std: 0.5703 | rollout: 8.107s | update: 1.415s | total: 9.522s | samples/s: 6722
Iteration 0584 | train reward: 261.92 | best: 261.92 | KL: 1.889e-04 | std: 0.5703 | rollout: 8.435s | update: 1.417s | total: 9.852s | samples/s: 6496
Iteration 0585 | train reward: 259.45 | best: 261.92 | KL: 1.845e-04 | std: 0.5703 | rollout: 7.039s | update: 1.373s | total: 8.412s | samples/s: 7608
Iteration 0586 | train reward: 254.74 | best: 261.92 | KL: 2.065e-04 | std: 0.5703 | rollout: 7.126s | update: 1.474s | total: 8.599s | samples/s: 7443
Iteration 0587 | train reward: 264.38 | best: 264.38 | KL: 2.217e-04 | std: 0.5701 | rollout: 7.479s | update: 1.312s | total: 8.792s | samples/s: 7280
Iteration 0588 | train reward: 269.50 | best: 269.50 | KL: 1.688e-04 | std: 0.5701 | rollout: 8.600s | update: 1.513s | total: 10.114s | samples/s: 6328
Iteration 0589 | train reward: 269.11 | best: 269.50 | KL: 1.608e-04 | std: 0.5697 | rollout: 7.875s | update: 1.427s | total: 9.302s | samples/s: 6880
Iteration 0590 | train reward: 277.85 | best: 277.85 | KL: 1.689e-04 | std: 0.5697 | rollout: 8.784s | update: 1.563s | total: 10.347s | samples/s: 6185
Iteration 0591 | train reward: 267.89 | best: 277.85 | KL: 2.004e-04 | std: 0.5697 | rollout: 8.011s | update: 1.460s | total: 9.471s | samples/s: 6758
Iteration 0592 | train reward: 273.56 | best: 277.85 | KL: 2.014e-04 | std: 0.5697 | rollout: 7.657s | update: 1.417s | total: 9.074s | samples/s: 7053
Iteration 0593 | train reward: 274.65 | best: 277.85 | KL: 1.954e-04 | std: 0.5697 | rollout: 8.753s | update: 1.547s | total: 10.300s | samples/s: 6214
Iteration 0594 | train reward: 277.94 | best: 277.94 | KL: 1.918e-04 | std: 0.5697 | rollout: 8.343s | update: 1.426s | total: 9.768s | samples/s: 6552
Iteration 0595 | train reward: 277.88 | best: 277.94 | KL: 1.557e-04 | std: 0.5697 | rollout: 9.102s | update: 1.453s | total: 10.555s | samples/s: 6063
Iteration 0596 | train reward: 276.05 | best: 277.94 | KL: 2.328e-04 | std: 0.5697 | rollout: 7.834s | update: 1.508s | total: 9.343s | samples/s: 6850
Iteration 0597 | train reward: 284.97 | best: 284.97 | KL: 2.340e-04 | std: 0.5697 | rollout: 8.508s | update: 1.361s | total: 9.869s | samples/s: 6485
Iteration 0598 | train reward: 289.12 | best: 289.12 | KL: 2.219e-04 | std: 0.5695 | rollout: 8.933s | update: 1.492s | total: 10.425s | samples/s: 6139
Iteration 0599 | train reward: 266.70 | best: 289.12 | KL: 2.415e-04 | std: 0.5685 | rollout: 7.468s | update: 1.383s | total: 8.851s | samples/s: 7231
Iteration 0600 | train reward: 281.57 | best: 289.12 | KL: 2.278e-04 | std: 0.5683 | rollout: 8.238s | update: 1.379s | total: 9.618s | samples/s: 6654
Iteration 0601 | train reward: 263.22 | best: 289.12 | KL: 2.722e-04 | std: 0.5683 | rollout: 9.188s | update: 1.437s | total: 10.626s | samples/s: 6023
Iteration 0602 | train reward: 285.56 | best: 289.12 | KL: 2.149e-04 | std: 0.5683 | rollout: 7.981s | update: 1.399s | total: 9.380s | samples/s: 6823
Iteration 0603 | train reward: 286.01 | best: 289.12 | KL: 2.179e-04 | std: 0.5679 | rollout: 8.079s | update: 1.433s | total: 9.511s | samples/s: 6729
Iteration 0604 | train reward: 282.51 | best: 289.12 | KL: 2.823e-04 | std: 0.5678 | rollout: 8.624s | update: 1.381s | total: 10.004s | samples/s: 6397
Iteration 0605 | train reward: 285.57 | best: 289.12 | KL: 2.188e-04 | std: 0.5677 | rollout: 8.336s | update: 1.412s | total: 9.747s | samples/s: 6566
Iteration 0606 | train reward: 298.94 | best: 298.94 | KL: 2.215e-04 | std: 0.5677 | rollout: 6.948s | update: 1.420s | total: 8.369s | samples/s: 7648
Iteration 0607 | train reward: 289.15 | best: 298.94 | KL: 1.960e-04 | std: 0.5677 | rollout: 7.014s | update: 1.467s | total: 8.481s | samples/s: 7546
Iteration 0608 | train reward: 290.03 | best: 298.94 | KL: 2.427e-04 | std: 0.5677 | rollout: 8.410s | update: 1.520s | total: 9.930s | samples/s: 6445
Iteration 0609 | train reward: 297.14 | best: 298.94 | KL: 2.444e-04 | std: 0.5677 | rollout: 7.750s | update: 1.393s | total: 9.142s | samples/s: 7001
Iteration 0610 | train reward: 301.77 | best: 301.77 | KL: 2.131e-04 | std: 0.5677 | rollout: 7.806s | update: 1.373s | total: 9.179s | samples/s: 6972
Iteration 0611 | train reward: 307.42 | best: 307.42 | KL: 2.157e-04 | std: 0.5676 | rollout: 8.001s | update: 1.473s | total: 9.474s | samples/s: 6756
Iteration 0612 | train reward: 309.59 | best: 309.59 | KL: 2.078e-04 | std: 0.5675 | rollout: 8.725s | update: 1.491s | total: 10.216s | samples/s: 6264
Iteration 0613 | train reward: 305.56 | best: 309.59 | KL: 2.332e-04 | std: 0.5671 | rollout: 8.829s | update: 1.470s | total: 10.300s | samples/s: 6214
Iteration 0614 | train reward: 310.37 | best: 310.37 | KL: 1.845e-04 | std: 0.5671 | rollout: 7.850s | update: 1.482s | total: 9.333s | samples/s: 6858
Iteration 0615 | train reward: 316.35 | best: 316.35 | KL: 2.049e-04 | std: 0.5670 | rollout: 8.772s | update: 1.511s | total: 10.283s | samples/s: 6224
Iteration 0616 | train reward: 305.94 | best: 316.35 | KL: 2.725e-04 | std: 0.5669 | rollout: 8.466s | update: 1.477s | total: 9.944s | samples/s: 6436
Iteration 0617 | train reward: 309.28 | best: 316.35 | KL: 2.598e-04 | std: 0.5669 | rollout: 9.000s | update: 1.366s | total: 10.366s | samples/s: 6174
Iteration 0618 | train reward: 322.09 | best: 322.09 | KL: 2.242e-04 | std: 0.5669 | rollout: 7.943s | update: 1.476s | total: 9.419s | samples/s: 6795
Iteration 0619 | train reward: 322.27 | best: 322.27 | KL: 2.247e-04 | std: 0.5669 | rollout: 9.165s | update: 1.513s | total: 10.678s | samples/s: 5994
Iteration 0620 | train reward: 303.14 | best: 322.27 | KL: 2.856e-04 | std: 0.5670 | rollout: 8.333s | update: 1.456s | total: 9.789s | samples/s: 6538
Iteration 0621 | train reward: 319.69 | best: 322.27 | KL: 2.988e-04 | std: 0.5669 | rollout: 7.693s | update: 1.346s | total: 9.038s | samples/s: 7081
Iteration 0622 | train reward: 320.81 | best: 322.27 | KL: 3.058e-04 | std: 0.5658 | rollout: 8.163s | update: 1.510s | total: 9.672s | samples/s: 6617
Iteration 0623 | train reward: 314.50 | best: 322.27 | KL: 2.757e-04 | std: 0.5657 | rollout: 8.924s | update: 1.366s | total: 10.290s | samples/s: 6220
Iteration 0624 | train reward: 319.48 | best: 322.27 | KL: 2.700e-04 | std: 0.5653 | rollout: 6.984s | update: 1.405s | total: 8.389s | samples/s: 7629
Iteration 0625 | train reward: 331.42 | best: 331.42 | KL: 2.788e-04 | std: 0.5652 | rollout: 7.936s | update: 1.389s | total: 9.325s | samples/s: 6864
Iteration 0626 | train reward: 332.83 | best: 332.83 | KL: 3.001e-04 | std: 0.5653 | rollout: 8.456s | update: 1.520s | total: 9.976s | samples/s: 6415
Iteration 0627 | train reward: 335.83 | best: 335.83 | KL: 2.396e-04 | std: 0.5651 | rollout: 8.260s | update: 1.414s | total: 9.674s | samples/s: 6616
Iteration 0628 | train reward: 330.83 | best: 335.83 | KL: 2.214e-04 | std: 0.5651 | rollout: 7.560s | update: 1.419s | total: 8.980s | samples/s: 7127
Iteration 0629 | train reward: 333.69 | best: 335.83 | KL: 2.827e-04 | std: 0.5651 | rollout: 8.716s | update: 1.434s | total: 10.150s | samples/s: 6305
Iteration 0630 | train reward: 337.06 | best: 337.06 | KL: 2.780e-04 | std: 0.5651 | rollout: 7.258s | update: 1.485s | total: 8.744s | samples/s: 7320
Iteration 0631 | train reward: 333.12 | best: 337.06 | KL: 2.833e-04 | std: 0.5651 | rollout: 8.155s | update: 1.510s | total: 9.665s | samples/s: 6622
Iteration 0632 | train reward: 338.98 | best: 338.98 | KL: 2.507e-04 | std: 0.5649 | rollout: 8.703s | update: 1.472s | total: 10.175s | samples/s: 6290
Iteration 0633 | train reward: 341.74 | best: 341.74 | KL: 2.521e-04 | std: 0.5649 | rollout: 7.551s | update: 1.441s | total: 8.992s | samples/s: 7117
Iteration 0634 | train reward: 343.44 | best: 343.44 | KL: 2.993e-04 | std: 0.5649 | rollout: 8.726s | update: 1.383s | total: 10.109s | samples/s: 6331
Iteration 0635 | train reward: 341.14 | best: 343.44 | KL: 2.784e-04 | std: 0.5645 | rollout: 7.911s | update: 1.460s | total: 9.371s | samples/s: 6830
Iteration 0636 | train reward: 353.23 | best: 353.23 | KL: 2.691e-04 | std: 0.5645 | rollout: 7.698s | update: 1.521s | total: 9.219s | samples/s: 6942
Iteration 0637 | train reward: 344.23 | best: 353.23 | KL: 3.114e-04 | std: 0.5649 | rollout: 8.273s | update: 1.416s | total: 9.688s | samples/s: 6606
Iteration 0638 | train reward: 346.31 | best: 353.23 | KL: 3.168e-04 | std: 0.5644 | rollout: 8.664s | update: 1.589s | total: 10.253s | samples/s: 6242
Iteration 0639 | train reward: 358.18 | best: 358.18 | KL: 2.583e-04 | std: 0.5644 | rollout: 6.786s | update: 1.452s | total: 8.239s | samples/s: 7768
Iteration 0640 | train reward: 356.81 | best: 358.18 | KL: 2.786e-04 | std: 0.5643 | rollout: 8.128s | update: 1.475s | total: 9.603s | samples/s: 6665
Iteration 0641 | train reward: 345.30 | best: 358.18 | KL: 3.567e-04 | std: 0.5633 | rollout: 7.869s | update: 1.493s | total: 9.363s | samples/s: 6836
Iteration 0642 | train reward: 358.43 | best: 358.43 | KL: 2.682e-04 | std: 0.5631 | rollout: 7.734s | update: 1.448s | total: 9.182s | samples/s: 6970
Iteration 0643 | train reward: 352.29 | best: 358.43 | KL: 2.997e-04 | std: 0.5631 | rollout: 7.625s | update: 1.457s | total: 9.082s | samples/s: 7047
Iteration 0644 | train reward: 364.00 | best: 364.00 | KL: 2.968e-04 | std: 0.5631 | rollout: 7.687s | update: 1.381s | total: 9.068s | samples/s: 7058
Iteration 0645 | train reward: 368.01 | best: 368.01 | KL: 2.740e-04 | std: 0.5627 | rollout: 8.330s | update: 1.396s | total: 9.726s | samples/s: 6580
Iteration 0646 | train reward: 367.98 | best: 368.01 | KL: 2.704e-04 | std: 0.5625 | rollout: 7.849s | update: 1.417s | total: 9.266s | samples/s: 6907
Iteration 0647 | train reward: 359.75 | best: 368.01 | KL: 3.141e-04 | std: 0.5625 | rollout: 8.063s | update: 1.412s | total: 9.475s | samples/s: 6754
Iteration 0648 | train reward: 373.94 | best: 373.94 | KL: 2.892e-04 | std: 0.5624 | rollout: 7.531s | update: 1.561s | total: 9.092s | samples/s: 7039
Iteration 0649 | train reward: 363.31 | best: 373.94 | KL: 2.851e-04 | std: 0.5619 | rollout: 8.866s | update: 1.400s | total: 10.266s | samples/s: 6234
Iteration 0650 | train reward: 367.05 | best: 373.94 | KL: 3.387e-04 | std: 0.5619 | rollout: 8.949s | update: 1.464s | total: 10.413s | samples/s: 6146
Iteration 0651 | train reward: 375.80 | best: 375.80 | KL: 3.432e-04 | std: 0.5617 | rollout: 8.928s | update: 1.484s | total: 10.412s | samples/s: 6147
Iteration 0652 | train reward: 373.51 | best: 375.80 | KL: 3.538e-04 | std: 0.5617 | rollout: 8.903s | update: 1.381s | total: 10.284s | samples/s: 6223
Iteration 0653 | train reward: 381.95 | best: 381.95 | KL: 2.924e-04 | std: 0.5617 | rollout: 8.106s | update: 1.386s | total: 9.492s | samples/s: 6743
Iteration 0654 | train reward: 369.99 | best: 381.95 | KL: 4.005e-04 | std: 0.5607 | rollout: 6.534s | update: 1.311s | total: 7.845s | samples/s: 8158
Iteration 0655 | train reward: 375.94 | best: 381.95 | KL: 3.721e-04 | std: 0.5605 | rollout: 9.229s | update: 1.368s | total: 10.597s | samples/s: 6040
Iteration 0656 | train reward: 384.89 | best: 384.89 | KL: 2.928e-04 | std: 0.5605 | rollout: 7.667s | update: 1.477s | total: 9.144s | samples/s: 6999
Iteration 0657 | train reward: 383.70 | best: 384.89 | KL: 3.444e-04 | std: 0.5605 | rollout: 9.499s | update: 1.371s | total: 10.870s | samples/s: 5888
Iteration 0658 | train reward: 397.22 | best: 397.22 | KL: 2.557e-04 | std: 0.5605 | rollout: 8.356s | update: 1.491s | total: 9.847s | samples/s: 6500
Iteration 0659 | train reward: 387.29 | best: 397.22 | KL: 4.071e-04 | std: 0.5600 | rollout: 8.341s | update: 1.391s | total: 9.733s | samples/s: 6576
Iteration 0660 | train reward: 388.14 | best: 397.22 | KL: 2.997e-04 | std: 0.5601 | rollout: 7.468s | update: 1.498s | total: 8.966s | samples/s: 7138
Iteration 0661 | train reward: 395.08 | best: 397.22 | KL: 3.578e-04 | std: 0.5599 | rollout: 8.857s | update: 1.354s | total: 10.211s | samples/s: 6267
Iteration 0662 | train reward: 386.01 | best: 397.22 | KL: 3.312e-04 | std: 0.5599 | rollout: 7.121s | update: 1.429s | total: 8.550s | samples/s: 7485
Iteration 0663 | train reward: 389.81 | best: 397.22 | KL: 4.061e-04 | std: 0.5597 | rollout: 8.073s | update: 1.414s | total: 9.487s | samples/s: 6746
Iteration 0664 | train reward: 401.12 | best: 401.12 | KL: 4.114e-04 | std: 0.5593 | rollout: 8.093s | update: 1.376s | total: 9.469s | samples/s: 6759
Iteration 0665 | train reward: 403.85 | best: 403.85 | KL: 3.379e-04 | std: 0.5591 | rollout: 9.118s | update: 1.449s | total: 10.568s | samples/s: 6056
Iteration 0666 | train reward: 405.70 | best: 405.70 | KL: 3.201e-04 | std: 0.5581 | rollout: 7.650s | update: 1.450s | total: 9.100s | samples/s: 7033
Iteration 0667 | train reward: 409.43 | best: 409.43 | KL: 3.524e-04 | std: 0.5579 | rollout: 8.137s | update: 1.444s | total: 9.581s | samples/s: 6680
Iteration 0668 | train reward: 412.40 | best: 412.40 | KL: 3.264e-04 | std: 0.5575 | rollout: 7.685s | update: 1.439s | total: 9.123s | samples/s: 7015
Iteration 0669 | train reward: 407.55 | best: 412.40 | KL: 3.286e-04 | std: 0.5573 | rollout: 8.307s | update: 1.338s | total: 9.644s | samples/s: 6636
Iteration 0670 | train reward: 419.74 | best: 419.74 | KL: 4.005e-04 | std: 0.5573 | rollout: 8.220s | update: 1.399s | total: 9.619s | samples/s: 6653
Iteration 0671 | train reward: 402.53 | best: 419.74 | KL: 3.430e-04 | std: 0.5573 | rollout: 8.976s | update: 1.359s | total: 10.335s | samples/s: 6193
Iteration 0672 | train reward: 412.15 | best: 419.74 | KL: 3.533e-04 | std: 0.5572 | rollout: 8.189s | update: 1.416s | total: 9.605s | samples/s: 6663
Iteration 0673 | train reward: 426.14 | best: 426.14 | KL: 3.325e-04 | std: 0.5571 | rollout: 7.726s | update: 1.449s | total: 9.174s | samples/s: 6976
Iteration 0674 | train reward: 403.88 | best: 426.14 | KL: 4.221e-04 | std: 0.5571 | rollout: 8.590s | update: 1.469s | total: 10.059s | samples/s: 6363
Iteration 0675 | train reward: 417.66 | best: 426.14 | KL: 2.966e-04 | std: 0.5567 | rollout: 8.101s | update: 1.386s | total: 9.487s | samples/s: 6746
Iteration 0676 | train reward: 431.49 | best: 431.49 | KL: 3.855e-04 | std: 0.5555 | rollout: 7.606s | update: 1.374s | total: 8.980s | samples/s: 7127
Iteration 0677 | train reward: 425.47 | best: 431.49 | KL: 3.532e-04 | std: 0.5554 | rollout: 8.688s | update: 1.322s | total: 10.010s | samples/s: 6394
Iteration 0678 | train reward: 416.64 | best: 431.49 | KL: 4.453e-04 | std: 0.5565 | rollout: 8.313s | update: 1.376s | total: 9.689s | samples/s: 6605
Iteration 0679 | train reward: 414.04 | best: 431.49 | KL: 3.786e-04 | std: 0.5555 | rollout: 8.455s | update: 1.425s | total: 9.880s | samples/s: 6478
Iteration 0680 | train reward: 417.10 | best: 431.49 | KL: 3.882e-04 | std: 0.5555 | rollout: 7.581s | update: 1.323s | total: 8.904s | samples/s: 7188
Iteration 0681 | train reward: 420.58 | best: 431.49 | KL: 4.198e-04 | std: 0.5553 | rollout: 8.668s | update: 1.575s | total: 10.243s | samples/s: 6248
Iteration 0682 | train reward: 435.52 | best: 435.52 | KL: 4.436e-04 | std: 0.5549 | rollout: 9.247s | update: 1.504s | total: 10.751s | samples/s: 5953
Iteration 0683 | train reward: 437.93 | best: 437.93 | KL: 3.546e-04 | std: 0.5547 | rollout: 8.448s | update: 1.365s | total: 9.813s | samples/s: 6522
Iteration 0684 | train reward: 421.74 | best: 437.93 | KL: 4.014e-04 | std: 0.5548 | rollout: 7.845s | update: 1.391s | total: 9.236s | samples/s: 6929
Iteration 0685 | train reward: 432.92 | best: 437.93 | KL: 5.317e-04 | std: 0.5549 | rollout: 7.628s | update: 1.459s | total: 9.087s | samples/s: 7043
Iteration 0686 | train reward: 443.76 | best: 443.76 | KL: 2.983e-04 | std: 0.5548 | rollout: 7.668s | update: 1.397s | total: 9.064s | samples/s: 7061
Iteration 0687 | train reward: 424.53 | best: 443.76 | KL: 4.490e-04 | std: 0.5547 | rollout: 7.721s | update: 1.427s | total: 9.148s | samples/s: 6996
Iteration 0688 | train reward: 438.22 | best: 443.76 | KL: 3.231e-04 | std: 0.5547 | rollout: 9.761s | update: 1.355s | total: 11.117s | samples/s: 5757
Iteration 0689 | train reward: 435.36 | best: 443.76 | KL: 3.937e-04 | std: 0.5546 | rollout: 9.097s | update: 1.441s | total: 10.537s | samples/s: 6074
Iteration 0690 | train reward: 440.35 | best: 443.76 | KL: 4.563e-04 | std: 0.5545 | rollout: 7.375s | update: 1.501s | total: 8.876s | samples/s: 7211
Iteration 0691 | train reward: 437.05 | best: 443.76 | KL: 4.366e-04 | std: 0.5541 | rollout: 8.900s | update: 1.315s | total: 10.215s | samples/s: 6266
Iteration 0692 | train reward: 447.56 | best: 447.56 | KL: 4.640e-04 | std: 0.5541 | rollout: 7.732s | update: 1.553s | total: 9.285s | samples/s: 6893
Iteration 0693 | train reward: 440.20 | best: 447.56 | KL: 3.023e-04 | std: 0.5539 | rollout: 8.119s | update: 1.347s | total: 9.466s | samples/s: 6761
Iteration 0694 | train reward: 459.15 | best: 459.15 | KL: 3.689e-04 | std: 0.5528 | rollout: 8.310s | update: 1.494s | total: 9.804s | samples/s: 6528
Iteration 0695 | train reward: 453.34 | best: 459.15 | KL: 4.144e-04 | std: 0.5527 | rollout: 7.634s | update: 1.361s | total: 8.995s | samples/s: 7115
Iteration 0696 | train reward: 443.72 | best: 459.15 | KL: 4.538e-04 | std: 0.5527 | rollout: 7.596s | update: 1.355s | total: 8.950s | samples/s: 7151
Iteration 0697 | train reward: 443.28 | best: 459.15 | KL: 5.197e-04 | std: 0.5527 | rollout: 8.541s | update: 1.375s | total: 9.916s | samples/s: 6454
Iteration 0698 | train reward: 448.10 | best: 459.15 | KL: 4.520e-04 | std: 0.5527 | rollout: 8.297s | update: 1.399s | total: 9.696s | samples/s: 6601
Iteration 0699 | train reward: 451.38 | best: 459.15 | KL: 5.060e-04 | std: 0.5522 | rollout: 7.896s | update: 1.389s | total: 9.286s | samples/s: 6892
Iteration 0700 | train reward: 462.56 | best: 462.56 | KL: 3.159e-04 | std: 0.5522 | rollout: 8.745s | update: 1.443s | total: 10.188s | samples/s: 6282
Iteration 0701 | train reward: 472.21 | best: 472.21 | KL: 4.322e-04 | std: 0.5521 | rollout: 8.436s | update: 1.454s | total: 9.890s | samples/s: 6471
Iteration 0702 | train reward: 473.31 | best: 473.31 | KL: 3.828e-04 | std: 0.5521 | rollout: 8.606s | update: 1.328s | total: 9.934s | samples/s: 6443
Iteration 0703 | train reward: 471.72 | best: 473.31 | KL: 4.096e-04 | std: 0.5521 | rollout: 7.913s | update: 1.495s | total: 9.409s | samples/s: 6802
Iteration 0704 | train reward: 471.04 | best: 473.31 | KL: 4.566e-04 | std: 0.5521 | rollout: 7.607s | update: 1.483s | total: 9.090s | samples/s: 7041
Iteration 0705 | train reward: 464.58 | best: 473.31 | KL: 4.602e-04 | std: 0.5519 | rollout: 7.178s | update: 1.378s | total: 8.556s | samples/s: 7480
Iteration 0706 | train reward: 476.11 | best: 476.11 | KL: 4.613e-04 | std: 0.5515 | rollout: 7.572s | update: 1.348s | total: 8.920s | samples/s: 7175
Iteration 0707 | train reward: 493.10 | best: 493.10 | KL: 3.463e-04 | std: 0.5514 | rollout: 8.050s | update: 1.388s | total: 9.438s | samples/s: 6781
Iteration 0708 | train reward: 482.97 | best: 493.10 | KL: 4.057e-04 | std: 0.5513 | rollout: 7.499s | update: 1.427s | total: 8.926s | samples/s: 7170
Iteration 0709 | train reward: 480.32 | best: 493.10 | KL: 4.235e-04 | std: 0.5513 | rollout: 8.837s | update: 1.468s | total: 10.305s | samples/s: 6210
Iteration 0710 | train reward: 490.16 | best: 493.10 | KL: 4.585e-04 | std: 0.5513 | rollout: 8.281s | update: 1.343s | total: 9.624s | samples/s: 6650
Iteration 0711 | train reward: 487.64 | best: 493.10 | KL: 4.858e-04 | std: 0.5503 | rollout: 7.145s | update: 1.525s | total: 8.670s | samples/s: 7382
Iteration 0712 | train reward: 494.83 | best: 494.83 | KL: 5.286e-04 | std: 0.5501 | rollout: 7.133s | update: 1.436s | total: 8.569s | samples/s: 7469
Iteration 0713 | train reward: 496.15 | best: 496.15 | KL: 4.399e-04 | std: 0.5502 | rollout: 7.337s | update: 1.512s | total: 8.849s | samples/s: 7232
Iteration 0714 | train reward: 505.98 | best: 505.98 | KL: 4.484e-04 | std: 0.5501 | rollout: 8.390s | update: 1.486s | total: 9.875s | samples/s: 6481
Iteration 0715 | train reward: 491.84 | best: 505.98 | KL: 4.716e-04 | std: 0.5496 | rollout: 8.899s | update: 1.296s | total: 10.195s | samples/s: 6278
Iteration 0716 | train reward: 511.41 | best: 511.41 | KL: 3.796e-04 | std: 0.5495 | rollout: 8.058s | update: 1.461s | total: 9.519s | samples/s: 6724
Iteration 0717 | train reward: 501.90 | best: 511.41 | KL: 3.878e-04 | std: 0.5493 | rollout: 8.224s | update: 1.493s | total: 9.717s | samples/s: 6587
Iteration 0718 | train reward: 500.78 | best: 511.41 | KL: 4.768e-04 | std: 0.5489 | rollout: 7.599s | update: 1.358s | total: 8.957s | samples/s: 7145
Iteration 0719 | train reward: 523.55 | best: 523.55 | KL: 3.889e-04 | std: 0.5487 | rollout: 8.152s | update: 1.441s | total: 9.593s | samples/s: 6671
Iteration 0720 | train reward: 504.53 | best: 523.55 | KL: 6.265e-04 | std: 0.5487 | rollout: 8.350s | update: 1.552s | total: 9.902s | samples/s: 6463
Iteration 0721 | train reward: 514.36 | best: 523.55 | KL: 4.510e-04 | std: 0.5488 | rollout: 7.102s | update: 1.389s | total: 8.492s | samples/s: 7537
Iteration 0722 | train reward: 507.80 | best: 523.55 | KL: 6.059e-04 | std: 0.5477 | rollout: 7.144s | update: 1.416s | total: 8.560s | samples/s: 7476
Iteration 0723 | train reward: 508.65 | best: 523.55 | KL: 5.247e-04 | std: 0.5475 | rollout: 8.704s | update: 1.395s | total: 10.099s | samples/s: 6337
Iteration 0724 | train reward: 504.63 | best: 523.55 | KL: 5.516e-04 | std: 0.5471 | rollout: 8.129s | update: 1.435s | total: 9.564s | samples/s: 6692
Iteration 0725 | train reward: 516.98 | best: 523.55 | KL: 4.407e-04 | std: 0.5470 | rollout: 7.977s | update: 1.349s | total: 9.326s | samples/s: 6862
Iteration 0726 | train reward: 511.84 | best: 523.55 | KL: 5.261e-04 | std: 0.5470 | rollout: 7.694s | update: 1.478s | total: 9.172s | samples/s: 6978
Iteration 0727 | train reward: 519.16 | best: 523.55 | KL: 5.877e-04 | std: 0.5470 | rollout: 8.706s | update: 1.569s | total: 10.276s | samples/s: 6228
Iteration 0728 | train reward: 519.96 | best: 523.55 | KL: 5.635e-04 | std: 0.5469 | rollout: 8.177s | update: 1.428s | total: 9.605s | samples/s: 6663
Iteration 0729 | train reward: 533.01 | best: 533.01 | KL: 4.912e-04 | std: 0.5469 | rollout: 6.718s | update: 1.453s | total: 8.171s | samples/s: 7833
Iteration 0730 | train reward: 520.91 | best: 533.01 | KL: 6.108e-04 | std: 0.5467 | rollout: 7.733s | update: 1.398s | total: 9.132s | samples/s: 7008
Iteration 0731 | train reward: 525.31 | best: 533.01 | KL: 4.849e-04 | std: 0.5467 | rollout: 9.027s | update: 1.429s | total: 10.456s | samples/s: 6121
Iteration 0732 | train reward: 524.68 | best: 533.01 | KL: 5.409e-04 | std: 0.5462 | rollout: 7.322s | update: 1.556s | total: 8.878s | samples/s: 7208
Iteration 0733 | train reward: 536.25 | best: 536.25 | KL: 4.084e-04 | std: 0.5462 | rollout: 7.917s | update: 1.489s | total: 9.406s | samples/s: 6804
Iteration 0734 | train reward: 525.45 | best: 536.25 | KL: 6.585e-04 | std: 0.5462 | rollout: 7.597s | update: 1.479s | total: 9.077s | samples/s: 7051
Iteration 0735 | train reward: 541.41 | best: 541.41 | KL: 6.286e-04 | std: 0.5461 | rollout: 8.037s | update: 1.360s | total: 9.397s | samples/s: 6811
Iteration 0736 | train reward: 535.56 | best: 541.41 | KL: 5.078e-04 | std: 0.5462 | rollout: 7.270s | update: 1.378s | total: 8.649s | samples/s: 7400
Iteration 0737 | train reward: 541.44 | best: 541.44 | KL: 5.425e-04 | std: 0.5461 | rollout: 7.695s | update: 1.370s | total: 9.065s | samples/s: 7060
Iteration 0738 | train reward: 537.14 | best: 541.44 | KL: 5.334e-04 | std: 0.5451 | rollout: 8.390s | update: 1.420s | total: 9.810s | samples/s: 6524
Iteration 0739 | train reward: 554.87 | best: 554.87 | KL: 4.642e-04 | std: 0.5461 | rollout: 8.311s | update: 1.553s | total: 9.864s | samples/s: 6489
Iteration 0740 | train reward: 534.80 | best: 554.87 | KL: 7.004e-04 | std: 0.5449 | rollout: 7.568s | update: 1.493s | total: 9.061s | samples/s: 7063
Iteration 0741 | train reward: 527.55 | best: 554.87 | KL: 7.450e-04 | std: 0.5449 | rollout: 8.635s | update: 1.413s | total: 10.048s | samples/s: 6370
Iteration 0742 | train reward: 533.86 | best: 554.87 | KL: 6.829e-04 | std: 0.5443 | rollout: 7.550s | update: 1.453s | total: 9.003s | samples/s: 7109
Iteration 0743 | train reward: 545.43 | best: 554.87 | KL: 5.742e-04 | std: 0.5442 | rollout: 7.954s | update: 1.365s | total: 9.319s | samples/s: 6868
Iteration 0744 | train reward: 546.70 | best: 554.87 | KL: 5.726e-04 | std: 0.5442 | rollout: 8.713s | update: 1.489s | total: 10.202s | samples/s: 6273
Iteration 0745 | train reward: 550.46 | best: 554.87 | KL: 4.602e-04 | std: 0.5441 | rollout: 8.601s | update: 1.518s | total: 10.119s | samples/s: 6324
Iteration 0746 | train reward: 545.46 | best: 554.87 | KL: 7.160e-04 | std: 0.5441 | rollout: 6.979s | update: 1.342s | total: 8.321s | samples/s: 7691
Iteration 0747 | train reward: 558.25 | best: 558.25 | KL: 4.807e-04 | std: 0.5436 | rollout: 7.989s | update: 1.409s | total: 9.397s | samples/s: 6810
Iteration 0748 | train reward: 550.44 | best: 558.25 | KL: 6.522e-04 | std: 0.5435 | rollout: 8.167s | update: 1.461s | total: 9.628s | samples/s: 6647
Iteration 0749 | train reward: 559.65 | best: 559.65 | KL: 6.068e-04 | std: 0.5425 | rollout: 8.676s | update: 1.495s | total: 10.170s | samples/s: 6293
Iteration 0750 | train reward: 560.15 | best: 560.15 | KL: 6.225e-04 | std: 0.5423 | rollout: 8.521s | update: 1.469s | total: 9.990s | samples/s: 6406
Iteration 0751 | train reward: 563.56 | best: 563.56 | KL: 4.851e-04 | std: 0.5423 | rollout: 7.457s | update: 1.436s | total: 8.893s | samples/s: 7196
Iteration 0752 | train reward: 560.46 | best: 563.56 | KL: 5.495e-04 | std: 0.5423 | rollout: 8.586s | update: 1.458s | total: 10.044s | samples/s: 6372
Iteration 0753 | train reward: 559.40 | best: 563.56 | KL: 6.422e-04 | std: 0.5419 | rollout: 8.037s | update: 1.415s | total: 9.452s | samples/s: 6771
Iteration 0754 | train reward: 568.01 | best: 568.01 | KL: 4.448e-04 | std: 0.5417 | rollout: 8.419s | update: 1.519s | total: 9.937s | samples/s: 6440
Iteration 0755 | train reward: 573.80 | best: 573.80 | KL: 6.353e-04 | std: 0.5417 | rollout: 6.511s | update: 1.502s | total: 8.012s | samples/s: 7988
Iteration 0756 | train reward: 563.93 | best: 573.80 | KL: 6.862e-04 | std: 0.5416 | rollout: 7.675s | update: 1.454s | total: 9.129s | samples/s: 7011
Iteration 0757 | train reward: 559.60 | best: 573.80 | KL: 7.003e-04 | std: 0.5415 | rollout: 8.866s | update: 1.374s | total: 10.240s | samples/s: 6250
Iteration 0758 | train reward: 574.47 | best: 574.47 | KL: 5.537e-04 | std: 0.5410 | rollout: 8.663s | update: 1.426s | total: 10.089s | samples/s: 6344
Iteration 0759 | train reward: 577.70 | best: 577.70 | KL: 5.761e-04 | std: 0.5410 | rollout: 9.099s | update: 1.500s | total: 10.599s | samples/s: 6038
Iteration 0760 | train reward: 592.46 | best: 592.46 | KL: 5.658e-04 | std: 0.5409 | rollout: 8.423s | update: 1.438s | total: 9.861s | samples/s: 6490
Iteration 0761 | train reward: 570.72 | best: 592.46 | KL: 6.688e-04 | std: 0.5408 | rollout: 7.254s | update: 1.489s | total: 8.743s | samples/s: 7320
Iteration 0762 | train reward: 583.75 | best: 592.46 | KL: 7.057e-04 | std: 0.5397 | rollout: 7.689s | update: 1.459s | total: 9.148s | samples/s: 6996
Iteration 0763 | train reward: 576.32 | best: 592.46 | KL: 4.881e-04 | std: 0.5392 | rollout: 7.483s | update: 1.439s | total: 8.922s | samples/s: 7174
Iteration 0764 | train reward: 572.48 | best: 592.46 | KL: 8.615e-04 | std: 0.5391 | rollout: 8.193s | update: 1.429s | total: 9.622s | samples/s: 6651
Iteration 0765 | train reward: 590.27 | best: 592.46 | KL: 5.597e-04 | std: 0.5391 | rollout: 7.900s | update: 1.359s | total: 9.259s | samples/s: 6912
Iteration 0766 | train reward: 588.77 | best: 592.46 | KL: 6.085e-04 | std: 0.5391 | rollout: 7.483s | update: 1.319s | total: 8.802s | samples/s: 7271
Iteration 0767 | train reward: 596.43 | best: 596.43 | KL: 5.394e-04 | std: 0.5389 | rollout: 8.518s | update: 1.515s | total: 10.033s | samples/s: 6379
Iteration 0768 | train reward: 592.07 | best: 596.43 | KL: 6.820e-04 | std: 0.5389 | rollout: 8.345s | update: 1.345s | total: 9.690s | samples/s: 6605
Iteration 0769 | train reward: 600.02 | best: 600.02 | KL: 5.876e-04 | std: 0.5389 | rollout: 7.877s | update: 1.415s | total: 9.292s | samples/s: 6888
Iteration 0770 | train reward: 592.65 | best: 600.02 | KL: 6.682e-04 | std: 0.5384 | rollout: 8.609s | update: 1.441s | total: 10.051s | samples/s: 6368
Iteration 0771 | train reward: 597.11 | best: 600.02 | KL: 6.911e-04 | std: 0.5383 | rollout: 8.381s | update: 1.507s | total: 9.887s | samples/s: 6473
Iteration 0772 | train reward: 586.65 | best: 600.02 | KL: 6.730e-04 | std: 0.5382 | rollout: 8.967s | update: 1.452s | total: 10.419s | samples/s: 6142
Iteration 0773 | train reward: 596.03 | best: 600.02 | KL: 5.378e-04 | std: 0.5373 | rollout: 8.376s | update: 1.573s | total: 9.950s | samples/s: 6432
Iteration 0774 | train reward: 607.28 | best: 607.28 | KL: 6.731e-04 | std: 0.5373 | rollout: 8.799s | update: 1.396s | total: 10.195s | samples/s: 6278
Iteration 0775 | train reward: 597.54 | best: 607.28 | KL: 6.764e-04 | std: 0.5371 | rollout: 7.649s | update: 1.401s | total: 9.050s | samples/s: 7072
Iteration 0776 | train reward: 611.50 | best: 611.50 | KL: 5.196e-04 | std: 0.5371 | rollout: 8.201s | update: 1.459s | total: 9.660s | samples/s: 6626
Iteration 0777 | train reward: 607.98 | best: 611.50 | KL: 7.151e-04 | std: 0.5371 | rollout: 7.755s | update: 1.493s | total: 9.248s | samples/s: 6920
Iteration 0778 | train reward: 620.72 | best: 620.72 | KL: 6.724e-04 | std: 0.5365 | rollout: 7.902s | update: 1.477s | total: 9.379s | samples/s: 6824
Iteration 0779 | train reward: 603.29 | best: 620.72 | KL: 7.706e-04 | std: 0.5365 | rollout: 7.541s | update: 1.490s | total: 9.030s | samples/s: 7087
Iteration 0780 | train reward: 596.87 | best: 620.72 | KL: 8.505e-04 | std: 0.5365 | rollout: 7.988s | update: 1.458s | total: 9.446s | samples/s: 6775
Iteration 0781 | train reward: 611.92 | best: 620.72 | KL: 7.420e-04 | std: 0.5365 | rollout: 7.647s | update: 1.509s | total: 9.156s | samples/s: 6990
Iteration 0782 | train reward: 613.53 | best: 620.72 | KL: 6.265e-04 | std: 0.5364 | rollout: 8.703s | update: 1.462s | total: 10.165s | samples/s: 6296
Iteration 0783 | train reward: 627.96 | best: 627.96 | KL: 5.927e-04 | std: 0.5363 | rollout: 8.938s | update: 1.520s | total: 10.458s | samples/s: 6120
Iteration 0784 | train reward: 624.98 | best: 627.96 | KL: 5.616e-04 | std: 0.5363 | rollout: 7.243s | update: 1.502s | total: 8.745s | samples/s: 7319
Iteration 0785 | train reward: 599.70 | best: 627.96 | KL: 8.880e-04 | std: 0.5357 | rollout: 7.633s | update: 1.537s | total: 9.170s | samples/s: 6979
Iteration 0786 | train reward: 621.93 | best: 627.96 | KL: 5.492e-04 | std: 0.5347 | rollout: 8.513s | update: 1.407s | total: 9.920s | samples/s: 6452
Iteration 0787 | train reward: 627.76 | best: 627.96 | KL: 7.319e-04 | std: 0.5341 | rollout: 8.210s | update: 1.379s | total: 9.589s | samples/s: 6674
Iteration 0788 | train reward: 629.08 | best: 629.08 | KL: 6.838e-04 | std: 0.5340 | rollout: 8.023s | update: 1.467s | total: 9.491s | samples/s: 6743
Iteration 0789 | train reward: 632.83 | best: 632.83 | KL: 5.583e-04 | std: 0.5339 | rollout: 7.940s | update: 1.389s | total: 9.329s | samples/s: 6860
Iteration 0790 | train reward: 636.70 | best: 636.70 | KL: 6.906e-04 | std: 0.5339 | rollout: 7.641s | update: 1.460s | total: 9.101s | samples/s: 7032
Iteration 0791 | train reward: 625.69 | best: 636.70 | KL: 7.116e-04 | std: 0.5338 | rollout: 8.175s | update: 1.484s | total: 9.659s | samples/s: 6626
Iteration 0792 | train reward: 625.25 | best: 636.70 | KL: 6.634e-04 | std: 0.5338 | rollout: 8.089s | update: 1.493s | total: 9.582s | samples/s: 6679
Iteration 0793 | train reward: 629.04 | best: 636.70 | KL: 6.818e-04 | std: 0.5336 | rollout: 8.412s | update: 1.340s | total: 9.752s | samples/s: 6563
Iteration 0794 | train reward: 630.81 | best: 636.70 | KL: 7.008e-04 | std: 0.5336 | rollout: 7.792s | update: 1.398s | total: 9.189s | samples/s: 6965
Iteration 0795 | train reward: 638.49 | best: 638.49 | KL: 7.749e-04 | std: 0.5332 | rollout: 7.829s | update: 1.497s | total: 9.327s | samples/s: 6862
Iteration 0796 | train reward: 635.87 | best: 638.49 | KL: 7.692e-04 | std: 0.5332 | rollout: 7.544s | update: 1.424s | total: 8.967s | samples/s: 7137
Iteration 0797 | train reward: 641.51 | best: 641.51 | KL: 7.044e-04 | std: 0.5332 | rollout: 7.917s | update: 1.424s | total: 9.341s | samples/s: 6852
Iteration 0798 | train reward: 632.40 | best: 641.51 | KL: 8.002e-04 | std: 0.5332 | rollout: 8.013s | update: 1.414s | total: 9.426s | samples/s: 6789
Iteration 0799 | train reward: 630.29 | best: 641.51 | KL: 7.676e-04 | std: 0.5321 | rollout: 8.062s | update: 1.361s | total: 9.423s | samples/s: 6792
Iteration 0800 | train reward: 642.09 | best: 642.09 | KL: 7.510e-04 | std: 0.5319 | rollout: 8.778s | update: 1.391s | total: 10.170s | samples/s: 6293
Iteration 0801 | train reward: 646.94 | best: 646.94 | KL: 6.984e-04 | std: 0.5319 | rollout: 7.872s | update: 1.428s | total: 9.301s | samples/s: 6881
Iteration 0802 | train reward: 652.74 | best: 652.74 | KL: 5.605e-04 | std: 0.5313 | rollout: 8.466s | update: 1.317s | total: 9.783s | samples/s: 6542
Iteration 0803 | train reward: 646.35 | best: 652.74 | KL: 7.971e-04 | std: 0.5313 | rollout: 8.098s | update: 1.354s | total: 9.452s | samples/s: 6771
Iteration 0804 | train reward: 635.76 | best: 652.74 | KL: 9.211e-04 | std: 0.5312 | rollout: 7.589s | update: 1.425s | total: 9.014s | samples/s: 7100
Iteration 0805 | train reward: 656.32 | best: 656.32 | KL: 6.298e-04 | std: 0.5311 | rollout: 7.394s | update: 1.490s | total: 8.883s | samples/s: 7205
Iteration 0806 | train reward: 667.91 | best: 667.91 | KL: 6.438e-04 | std: 0.5311 | rollout: 8.411s | update: 1.407s | total: 9.819s | samples/s: 6518
Iteration 0807 | train reward: 652.41 | best: 667.91 | KL: 8.588e-04 | std: 0.5311 | rollout: 8.173s | update: 1.389s | total: 9.562s | samples/s: 6693
Iteration 0808 | train reward: 660.07 | best: 667.91 | KL: 7.303e-04 | std: 0.5305 | rollout: 8.818s | update: 1.392s | total: 10.210s | samples/s: 6268
Iteration 0809 | train reward: 659.75 | best: 667.91 | KL: 6.594e-04 | std: 0.5306 | rollout: 8.642s | update: 1.301s | total: 9.942s | samples/s: 6437
Iteration 0810 | train reward: 662.10 | best: 667.91 | KL: 6.498e-04 | std: 0.5304 | rollout: 7.757s | update: 1.418s | total: 9.175s | samples/s: 6976
Iteration 0811 | train reward: 657.71 | best: 667.91 | KL: 8.629e-04 | std: 0.5304 | rollout: 7.969s | update: 1.513s | total: 9.482s | samples/s: 6749
Iteration 0812 | train reward: 658.92 | best: 667.91 | KL: 6.643e-04 | std: 0.5305 | rollout: 6.303s | update: 1.464s | total: 7.767s | samples/s: 8240
Iteration 0813 | train reward: 658.34 | best: 667.91 | KL: 7.468e-04 | std: 0.5305 | rollout: 7.573s | update: 1.511s | total: 9.084s | samples/s: 7045
Iteration 0814 | train reward: 657.50 | best: 667.91 | KL: 8.131e-04 | std: 0.5293 | rollout: 7.743s | update: 1.447s | total: 9.189s | samples/s: 6965
Iteration 0815 | train reward: 670.96 | best: 670.96 | KL: 6.068e-04 | std: 0.5288 | rollout: 8.118s | update: 1.542s | total: 9.660s | samples/s: 6625
Iteration 0816 | train reward: 672.11 | best: 672.11 | KL: 7.576e-04 | std: 0.5288 | rollout: 8.485s | update: 1.452s | total: 9.938s | samples/s: 6440
Iteration 0817 | train reward: 666.60 | best: 672.11 | KL: 7.300e-04 | std: 0.5286 | rollout: 8.021s | update: 1.353s | total: 9.374s | samples/s: 6827
Iteration 0818 | train reward: 681.05 | best: 681.05 | KL: 6.581e-04 | std: 0.5269 | rollout: 7.423s | update: 1.388s | total: 8.811s | samples/s: 7264
Iteration 0819 | train reward: 679.94 | best: 681.05 | KL: 7.456e-04 | std: 0.5262 | rollout: 8.212s | update: 1.445s | total: 9.657s | samples/s: 6627
Iteration 0820 | train reward: 680.80 | best: 681.05 | KL: 6.182e-04 | std: 0.5262 | rollout: 8.114s | update: 1.401s | total: 9.515s | samples/s: 6726
Iteration 0821 | train reward: 687.39 | best: 687.39 | KL: 7.915e-04 | std: 0.5263 | rollout: 7.975s | update: 1.439s | total: 9.414s | samples/s: 6798
Iteration 0822 | train reward: 678.42 | best: 687.39 | KL: 6.796e-04 | std: 0.5267 | rollout: 9.695s | update: 1.461s | total: 11.155s | samples/s: 5737
Iteration 0823 | train reward: 676.01 | best: 687.39 | KL: 8.044e-04 | std: 0.5262 | rollout: 7.832s | update: 1.471s | total: 9.303s | samples/s: 6880
Iteration 0824 | train reward: 683.28 | best: 687.39 | KL: 7.425e-04 | std: 0.5262 | rollout: 8.860s | update: 1.569s | total: 10.429s | samples/s: 6137
Iteration 0825 | train reward: 671.73 | best: 687.39 | KL: 8.804e-04 | std: 0.5262 | rollout: 8.565s | update: 1.465s | total: 10.030s | samples/s: 6381
Iteration 0826 | train reward: 673.68 | best: 687.39 | KL: 9.807e-04 | std: 0.5261 | rollout: 8.593s | update: 1.489s | total: 10.082s | samples/s: 6348
Iteration 0827 | train reward: 673.12 | best: 687.39 | KL: 8.492e-04 | std: 0.5261 | rollout: 8.764s | update: 1.412s | total: 10.176s | samples/s: 6289
Iteration 0828 | train reward: 685.31 | best: 687.39 | KL: 8.688e-04 | std: 0.5261 | rollout: 7.627s | update: 1.423s | total: 9.050s | samples/s: 7072
Iteration 0829 | train reward: 703.37 | best: 703.37 | KL: 7.048e-04 | std: 0.5260 | rollout: 7.618s | update: 1.423s | total: 9.041s | samples/s: 7079
Iteration 0830 | train reward: 689.81 | best: 703.37 | KL: 7.821e-04 | std: 0.5260 | rollout: 8.584s | update: 1.450s | total: 10.034s | samples/s: 6379
Iteration 0831 | train reward: 689.37 | best: 703.37 | KL: 9.603e-04 | std: 0.5260 | rollout: 7.944s | update: 1.475s | total: 9.419s | samples/s: 6795
Iteration 0832 | train reward: 694.40 | best: 703.37 | KL: 6.720e-04 | std: 0.5259 | rollout: 8.757s | update: 1.374s | total: 10.130s | samples/s: 6318
Iteration 0833 | train reward: 684.99 | best: 703.37 | KL: 8.987e-04 | std: 0.5260 | rollout: 8.662s | update: 1.473s | total: 10.135s | samples/s: 6315
Iteration 0834 | train reward: 689.24 | best: 703.37 | KL: 8.094e-04 | std: 0.5254 | rollout: 8.019s | update: 1.473s | total: 9.492s | samples/s: 6742
Iteration 0835 | train reward: 695.49 | best: 703.37 | KL: 7.712e-04 | std: 0.5252 | rollout: 8.253s | update: 1.386s | total: 9.639s | samples/s: 6640
Iteration 0836 | train reward: 709.11 | best: 709.11 | KL: 7.939e-04 | std: 0.5252 | rollout: 8.212s | update: 1.469s | total: 9.681s | samples/s: 6611
Iteration 0837 | train reward: 691.04 | best: 709.11 | KL: 9.520e-04 | std: 0.5242 | rollout: 7.826s | update: 1.465s | total: 9.291s | samples/s: 6889
Iteration 0838 | train reward: 704.26 | best: 709.11 | KL: 9.427e-04 | std: 0.5241 | rollout: 9.099s | update: 1.433s | total: 10.532s | samples/s: 6077
Iteration 0839 | train reward: 716.33 | best: 716.33 | KL: 7.604e-04 | std: 0.5236 | rollout: 8.683s | update: 1.444s | total: 10.126s | samples/s: 6320
Iteration 0840 | train reward: 700.02 | best: 716.33 | KL: 1.130e-03 | std: 0.5235 | rollout: 8.181s | update: 1.384s | total: 9.565s | samples/s: 6691
Iteration 0841 | train reward: 717.20 | best: 717.20 | KL: 7.109e-04 | std: 0.5235 | rollout: 8.179s | update: 1.388s | total: 9.568s | samples/s: 6689
Iteration 0842 | train reward: 713.79 | best: 717.20 | KL: 8.471e-04 | std: 0.5235 | rollout: 7.032s | update: 1.440s | total: 8.472s | samples/s: 7554
Iteration 0843 | train reward: 720.96 | best: 720.96 | KL: 8.670e-04 | std: 0.5233 | rollout: 8.185s | update: 1.516s | total: 9.700s | samples/s: 6598
Iteration 0844 | train reward: 715.24 | best: 720.96 | KL: 8.763e-04 | std: 0.5232 | rollout: 8.415s | update: 1.488s | total: 9.903s | samples/s: 6463
Iteration 0845 | train reward: 719.19 | best: 720.96 | KL: 8.976e-04 | std: 0.5228 | rollout: 7.324s | update: 1.367s | total: 8.691s | samples/s: 7364
Iteration 0846 | train reward: 718.97 | best: 720.96 | KL: 7.980e-04 | std: 0.5232 | rollout: 8.467s | update: 1.358s | total: 9.826s | samples/s: 6514
Iteration 0847 | train reward: 713.22 | best: 720.96 | KL: 9.816e-04 | std: 0.5228 | rollout: 8.926s | update: 1.428s | total: 10.354s | samples/s: 6181
Iteration 0848 | train reward: 733.17 | best: 733.17 | KL: 8.341e-04 | std: 0.5226 | rollout: 8.892s | update: 1.468s | total: 10.360s | samples/s: 6177
Iteration 0849 | train reward: 712.02 | best: 733.17 | KL: 9.704e-04 | std: 0.5215 | rollout: 7.727s | update: 1.406s | total: 9.132s | samples/s: 7008
Iteration 0850 | train reward: 711.80 | best: 733.17 | KL: 9.456e-04 | std: 0.5215 | rollout: 8.399s | update: 1.365s | total: 9.763s | samples/s: 6555
Iteration 0851 | train reward: 712.45 | best: 733.17 | KL: 1.024e-03 | std: 0.5209 | rollout: 7.764s | update: 1.446s | total: 9.210s | samples/s: 6949
Iteration 0852 | train reward: 728.10 | best: 733.17 | KL: 1.003e-03 | std: 0.5208 | rollout: 8.702s | update: 1.379s | total: 10.081s | samples/s: 6348
Iteration 0853 | train reward: 729.41 | best: 733.17 | KL: 7.375e-04 | std: 0.5202 | rollout: 8.834s | update: 1.398s | total: 10.231s | samples/s: 6255
Iteration 0854 | train reward: 717.25 | best: 733.17 | KL: 9.146e-04 | std: 0.5206 | rollout: 8.204s | update: 1.442s | total: 9.646s | samples/s: 6635
Iteration 0855 | train reward: 738.54 | best: 738.54 | KL: 7.664e-04 | std: 0.5206 | rollout: 8.466s | update: 1.453s | total: 9.919s | samples/s: 6452
Iteration 0856 | train reward: 738.92 | best: 738.92 | KL: 9.619e-04 | std: 0.5206 | rollout: 9.269s | update: 1.502s | total: 10.772s | samples/s: 5942
Iteration 0857 | train reward: 743.13 | best: 743.13 | KL: 1.069e-03 | std: 0.5206 | rollout: 8.070s | update: 1.526s | total: 9.596s | samples/s: 6669
Iteration 0858 | train reward: 740.59 | best: 743.13 | KL: 8.761e-04 | std: 0.5201 | rollout: 8.083s | update: 1.469s | total: 9.551s | samples/s: 6701
Iteration 0859 | train reward: 727.62 | best: 743.13 | KL: 1.101e-03 | std: 0.5200 | rollout: 8.729s | update: 1.435s | total: 10.164s | samples/s: 6297
Iteration 0860 | train reward: 734.79 | best: 743.13 | KL: 9.257e-04 | std: 0.5190 | rollout: 8.733s | update: 1.452s | total: 10.185s | samples/s: 6284
Iteration 0861 | train reward: 741.31 | best: 743.13 | KL: 9.236e-04 | std: 0.5189 | rollout: 7.758s | update: 1.396s | total: 9.155s | samples/s: 6991
Iteration 0862 | train reward: 736.97 | best: 743.13 | KL: 1.192e-03 | std: 0.5184 | rollout: 8.721s | update: 1.467s | total: 10.187s | samples/s: 6282
Iteration 0863 | train reward: 740.29 | best: 743.13 | KL: 1.166e-03 | std: 0.5182 | rollout: 8.100s | update: 1.500s | total: 9.600s | samples/s: 6667
Iteration 0864 | train reward: 742.75 | best: 743.13 | KL: 8.373e-04 | std: 0.5182 | rollout: 7.695s | update: 1.464s | total: 9.159s | samples/s: 6988
Iteration 0865 | train reward: 743.03 | best: 743.13 | KL: 1.107e-03 | std: 0.5181 | rollout: 8.637s | update: 1.441s | total: 10.079s | samples/s: 6350
Iteration 0866 | train reward: 727.87 | best: 743.13 | KL: 1.126e-03 | std: 0.5181 | rollout: 8.239s | update: 1.543s | total: 9.782s | samples/s: 6543
Iteration 0867 | train reward: 750.19 | best: 750.19 | KL: 1.284e-03 | std: 0.5180 | rollout: 8.458s | update: 1.332s | total: 9.790s | samples/s: 6538
Iteration 0868 | train reward: 730.28 | best: 750.19 | KL: 1.126e-03 | std: 0.5176 | rollout: 7.965s | update: 1.405s | total: 9.371s | samples/s: 6830
Iteration 0869 | train reward: 747.43 | best: 750.19 | KL: 8.887e-04 | std: 0.5174 | rollout: 7.650s | update: 1.339s | total: 8.989s | samples/s: 7120
Iteration 0870 | train reward: 756.31 | best: 756.31 | KL: 1.047e-03 | std: 0.5165 | rollout: 7.866s | update: 1.433s | total: 9.300s | samples/s: 6882
Iteration 0871 | train reward: 729.18 | best: 756.31 | KL: 1.061e-03 | std: 0.5164 | rollout: 8.321s | update: 1.423s | total: 9.744s | samples/s: 6568
Iteration 0872 | train reward: 754.73 | best: 756.31 | KL: 1.028e-03 | std: 0.5163 | rollout: 6.400s | update: 1.316s | total: 7.716s | samples/s: 8295
Iteration 0873 | train reward: 738.51 | best: 756.31 | KL: 1.088e-03 | std: 0.5158 | rollout: 8.831s | update: 1.472s | total: 10.303s | samples/s: 6212
Iteration 0874 | train reward: 771.62 | best: 771.62 | KL: 9.196e-04 | std: 0.5163 | rollout: 7.755s | update: 1.433s | total: 9.188s | samples/s: 6965
Iteration 0875 | train reward: 754.79 | best: 771.62 | KL: 9.895e-04 | std: 0.5157 | rollout: 8.002s | update: 1.382s | total: 9.383s | samples/s: 6821
Iteration 0876 | train reward: 762.13 | best: 771.62 | KL: 1.104e-03 | std: 0.5156 | rollout: 8.419s | update: 1.425s | total: 9.845s | samples/s: 6501
Iteration 0877 | train reward: 778.61 | best: 778.61 | KL: 9.083e-04 | std: 0.5154 | rollout: 7.773s | update: 1.424s | total: 9.197s | samples/s: 6959
Iteration 0878 | train reward: 764.17 | best: 778.61 | KL: 1.203e-03 | std: 0.5150 | rollout: 8.275s | update: 1.366s | total: 9.642s | samples/s: 6638
Iteration 0879 | train reward: 770.07 | best: 778.61 | KL: 1.096e-03 | std: 0.5149 | rollout: 8.889s | update: 1.395s | total: 10.284s | samples/s: 6223
Iteration 0880 | train reward: 768.42 | best: 778.61 | KL: 1.385e-03 | std: 0.5150 | rollout: 8.271s | update: 1.364s | total: 9.635s | samples/s: 6642
Iteration 0881 | train reward: 759.29 | best: 778.61 | KL: 1.187e-03 | std: 0.5149 | rollout: 8.587s | update: 1.377s | total: 9.964s | samples/s: 6423
Iteration 0882 | train reward: 783.29 | best: 783.29 | KL: 8.816e-04 | std: 0.5148 | rollout: 9.158s | update: 1.518s | total: 10.676s | samples/s: 5995
Iteration 0883 | train reward: 773.53 | best: 783.29 | KL: 1.027e-03 | std: 0.5139 | rollout: 8.398s | update: 1.363s | total: 9.762s | samples/s: 6556
Iteration 0884 | train reward: 777.98 | best: 783.29 | KL: 1.144e-03 | std: 0.5132 | rollout: 7.814s | update: 1.451s | total: 9.264s | samples/s: 6908
Iteration 0885 | train reward: 765.05 | best: 783.29 | KL: 1.077e-03 | std: 0.5132 | rollout: 8.796s | update: 1.473s | total: 10.269s | samples/s: 6232
Iteration 0886 | train reward: 769.78 | best: 783.29 | KL: 1.180e-03 | std: 0.5132 | rollout: 8.347s | update: 1.440s | total: 9.787s | samples/s: 6540
Iteration 0887 | train reward: 784.08 | best: 784.08 | KL: 1.008e-03 | std: 0.5131 | rollout: 7.520s | update: 1.516s | total: 9.036s | samples/s: 7083
Iteration 0888 | train reward: 765.80 | best: 784.08 | KL: 1.224e-03 | std: 0.5130 | rollout: 7.708s | update: 1.426s | total: 9.134s | samples/s: 7006
Iteration 0889 | train reward: 792.74 | best: 792.74 | KL: 1.070e-03 | std: 0.5128 | rollout: 8.615s | update: 1.508s | total: 10.123s | samples/s: 6322
Iteration 0890 | train reward: 769.72 | best: 792.74 | KL: 1.102e-03 | std: 0.5128 | rollout: 7.630s | update: 1.346s | total: 8.976s | samples/s: 7130
Iteration 0891 | train reward: 780.91 | best: 792.74 | KL: 1.022e-03 | std: 0.5128 | rollout: 9.045s | update: 1.364s | total: 10.408s | samples/s: 6149
Iteration 0892 | train reward: 763.14 | best: 792.74 | KL: 1.375e-03 | std: 0.5128 | rollout: 8.904s | update: 1.413s | total: 10.317s | samples/s: 6203
Iteration 0893 | train reward: 785.49 | best: 792.74 | KL: 1.104e-03 | std: 0.5124 | rollout: 8.950s | update: 1.419s | total: 10.370s | samples/s: 6172
Iteration 0894 | train reward: 795.77 | best: 795.77 | KL: 1.162e-03 | std: 0.5124 | rollout: 8.561s | update: 1.415s | total: 9.976s | samples/s: 6415
Iteration 0895 | train reward: 796.55 | best: 796.55 | KL: 1.156e-03 | std: 0.5122 | rollout: 7.446s | update: 1.451s | total: 8.897s | samples/s: 7193
Iteration 0896 | train reward: 782.62 | best: 796.55 | KL: 1.135e-03 | std: 0.5112 | rollout: 7.677s | update: 1.442s | total: 9.119s | samples/s: 7019
Iteration 0897 | train reward: 783.28 | best: 796.55 | KL: 1.159e-03 | std: 0.5106 | rollout: 8.466s | update: 1.329s | total: 9.795s | samples/s: 6534
Iteration 0898 | train reward: 785.43 | best: 796.55 | KL: 1.245e-03 | std: 0.5106 | rollout: 8.029s | update: 1.347s | total: 9.376s | samples/s: 6826
Iteration 0899 | train reward: 794.48 | best: 796.55 | KL: 1.040e-03 | std: 0.5104 | rollout: 7.704s | update: 1.444s | total: 9.148s | samples/s: 6996
Iteration 0900 | train reward: 801.46 | best: 801.46 | KL: 1.099e-03 | std: 0.5102 | rollout: 7.574s | update: 1.342s | total: 8.916s | samples/s: 7178
Iteration 0901 | train reward: 804.42 | best: 804.42 | KL: 9.334e-04 | std: 0.5104 | rollout: 8.323s | update: 1.464s | total: 9.787s | samples/s: 6540
Iteration 0902 | train reward: 785.77 | best: 804.42 | KL: 1.562e-03 | std: 0.5103 | rollout: 8.525s | update: 1.375s | total: 9.900s | samples/s: 6464
Iteration 0903 | train reward: 788.26 | best: 804.42 | KL: 1.206e-03 | std: 0.5097 | rollout: 7.668s | update: 1.321s | total: 8.989s | samples/s: 7120
Iteration 0904 | train reward: 793.78 | best: 804.42 | KL: 1.178e-03 | std: 0.5102 | rollout: 7.228s | update: 1.393s | total: 8.620s | samples/s: 7424
Iteration 0905 | train reward: 793.41 | best: 804.42 | KL: 1.331e-03 | std: 0.5097 | rollout: 8.697s | update: 1.481s | total: 10.177s | samples/s: 6288
Iteration 0906 | train reward: 804.50 | best: 804.50 | KL: 1.052e-03 | std: 0.5096 | rollout: 7.932s | update: 1.422s | total: 9.355s | samples/s: 6842
Iteration 0907 | train reward: 809.74 | best: 809.74 | KL: 1.175e-03 | std: 0.5096 | rollout: 9.174s | update: 1.402s | total: 10.575s | samples/s: 6052
Iteration 0908 | train reward: 804.59 | best: 809.74 | KL: 1.432e-03 | std: 0.5095 | rollout: 8.411s | update: 1.502s | total: 9.913s | samples/s: 6456
Iteration 0909 | train reward: 814.20 | best: 814.20 | KL: 1.167e-03 | std: 0.5087 | rollout: 8.539s | update: 1.496s | total: 10.035s | samples/s: 6378
Iteration 0910 | train reward: 813.57 | best: 814.20 | KL: 9.543e-04 | std: 0.5085 | rollout: 9.226s | update: 1.537s | total: 10.763s | samples/s: 5946
Iteration 0911 | train reward: 815.78 | best: 815.78 | KL: 9.610e-04 | std: 0.5085 | rollout: 7.494s | update: 1.450s | total: 8.944s | samples/s: 7155
Iteration 0912 | train reward: 814.74 | best: 815.78 | KL: 1.015e-03 | std: 0.5078 | rollout: 7.449s | update: 1.326s | total: 8.775s | samples/s: 7293
Iteration 0913 | train reward: 812.59 | best: 815.78 | KL: 1.134e-03 | std: 0.5078 | rollout: 8.799s | update: 1.434s | total: 10.233s | samples/s: 6254
Iteration 0914 | train reward: 819.60 | best: 819.60 | KL: 9.742e-04 | std: 0.5078 | rollout: 9.216s | update: 1.450s | total: 10.665s | samples/s: 6001
Iteration 0915 | train reward: 835.09 | best: 835.09 | KL: 9.345e-04 | std: 0.5076 | rollout: 8.638s | update: 1.535s | total: 10.174s | samples/s: 6291
Iteration 0916 | train reward: 806.15 | best: 835.09 | KL: 1.390e-03 | std: 0.5076 | rollout: 8.129s | update: 1.372s | total: 9.501s | samples/s: 6736
Iteration 0917 | train reward: 821.38 | best: 835.09 | KL: 1.214e-03 | std: 0.5071 | rollout: 7.744s | update: 1.511s | total: 9.255s | samples/s: 6915
Iteration 0918 | train reward: 807.55 | best: 835.09 | KL: 1.371e-03 | std: 0.5071 | rollout: 8.748s | update: 1.369s | total: 10.117s | samples/s: 6326
Iteration 0919 | train reward: 814.91 | best: 835.09 | KL: 1.269e-03 | std: 0.5071 | rollout: 7.310s | update: 1.443s | total: 8.753s | samples/s: 7312
Iteration 0920 | train reward: 823.60 | best: 835.09 | KL: 1.188e-03 | std: 0.5070 | rollout: 8.123s | update: 1.501s | total: 9.624s | samples/s: 6650
Iteration 0921 | train reward: 819.82 | best: 835.09 | KL: 1.275e-03 | std: 0.5069 | rollout: 8.161s | update: 1.393s | total: 9.553s | samples/s: 6699
Iteration 0922 | train reward: 805.67 | best: 835.09 | KL: 1.521e-03 | std: 0.5060 | rollout: 8.452s | update: 1.463s | total: 9.915s | samples/s: 6455
Iteration 0923 | train reward: 835.98 | best: 835.98 | KL: 1.058e-03 | std: 0.5061 | rollout: 8.110s | update: 1.532s | total: 9.642s | samples/s: 6638
Iteration 0924 | train reward: 822.81 | best: 835.98 | KL: 1.169e-03 | std: 0.5060 | rollout: 8.681s | update: 1.485s | total: 10.166s | samples/s: 6296
Iteration 0925 | train reward: 828.66 | best: 835.98 | KL: 1.512e-03 | std: 0.5059 | rollout: 7.770s | update: 1.448s | total: 9.217s | samples/s: 6944
Iteration 0926 | train reward: 828.61 | best: 835.98 | KL: 1.273e-03 | std: 0.5054 | rollout: 8.271s | update: 1.382s | total: 9.653s | samples/s: 6630
Iteration 0927 | train reward: 824.26 | best: 835.98 | KL: 1.160e-03 | std: 0.5059 | rollout: 7.776s | update: 1.420s | total: 9.196s | samples/s: 6959
Iteration 0928 | train reward: 826.01 | best: 835.98 | KL: 1.298e-03 | std: 0.5054 | rollout: 8.127s | update: 1.430s | total: 9.558s | samples/s: 6696
Iteration 0929 | train reward: 838.74 | best: 838.74 | KL: 1.246e-03 | std: 0.5054 | rollout: 8.608s | update: 1.437s | total: 10.045s | samples/s: 6371
Iteration 0930 | train reward: 848.14 | best: 848.14 | KL: 9.527e-04 | std: 0.5053 | rollout: 8.074s | update: 1.494s | total: 9.568s | samples/s: 6689
Iteration 0931 | train reward: 836.31 | best: 848.14 | KL: 1.092e-03 | std: 0.5052 | rollout: 7.640s | update: 1.357s | total: 8.997s | samples/s: 7113
Iteration 0932 | train reward: 848.32 | best: 848.32 | KL: 1.034e-03 | std: 0.5052 | rollout: 7.826s | update: 1.368s | total: 9.195s | samples/s: 6960
Iteration 0933 | train reward: 851.99 | best: 851.99 | KL: 1.187e-03 | std: 0.5050 | rollout: 8.236s | update: 1.444s | total: 9.681s | samples/s: 6611
Iteration 0934 | train reward: 846.93 | best: 851.99 | KL: 1.203e-03 | std: 0.5052 | rollout: 8.179s | update: 1.395s | total: 9.574s | samples/s: 6685
Iteration 0935 | train reward: 839.04 | best: 851.99 | KL: 1.146e-03 | std: 0.5052 | rollout: 7.953s | update: 1.388s | total: 9.341s | samples/s: 6851
Iteration 0936 | train reward: 843.81 | best: 851.99 | KL: 1.120e-03 | std: 0.5050 | rollout: 8.007s | update: 1.434s | total: 9.442s | samples/s: 6779
Iteration 0937 | train reward: 842.14 | best: 851.99 | KL: 1.507e-03 | std: 0.5045 | rollout: 8.187s | update: 1.524s | total: 9.711s | samples/s: 6590
Iteration 0938 | train reward: 866.67 | best: 866.67 | KL: 9.573e-04 | std: 0.5045 | rollout: 8.286s | update: 1.473s | total: 9.760s | samples/s: 6558
Iteration 0939 | train reward: 842.63 | best: 866.67 | KL: 1.096e-03 | std: 0.5045 | rollout: 8.381s | update: 1.389s | total: 9.769s | samples/s: 6551
Iteration 0940 | train reward: 847.16 | best: 866.67 | KL: 1.143e-03 | std: 0.5043 | rollout: 7.583s | update: 1.478s | total: 9.061s | samples/s: 7063
Iteration 0941 | train reward: 854.00 | best: 866.67 | KL: 1.130e-03 | std: 0.5034 | rollout: 7.579s | update: 1.364s | total: 8.943s | samples/s: 7157
Iteration 0942 | train reward: 859.45 | best: 866.67 | KL: 1.098e-03 | std: 0.5033 | rollout: 7.262s | update: 1.409s | total: 8.672s | samples/s: 7380
Iteration 0943 | train reward: 846.97 | best: 866.67 | KL: 1.445e-03 | std: 0.5027 | rollout: 7.931s | update: 1.473s | total: 9.404s | samples/s: 6806
Iteration 0944 | train reward: 855.76 | best: 866.67 | KL: 1.174e-03 | std: 0.5026 | rollout: 9.418s | update: 1.340s | total: 10.758s | samples/s: 5949
Iteration 0945 | train reward: 848.45 | best: 866.67 | KL: 1.548e-03 | std: 0.5024 | rollout: 9.019s | update: 1.458s | total: 10.476s | samples/s: 6109
Iteration 0946 | train reward: 862.39 | best: 866.67 | KL: 1.232e-03 | std: 0.5024 | rollout: 8.106s | update: 1.571s | total: 9.677s | samples/s: 6614
Iteration 0947 | train reward: 855.84 | best: 866.67 | KL: 1.217e-03 | std: 0.5024 | rollout: 7.556s | update: 1.474s | total: 9.030s | samples/s: 7088
Iteration 0948 | train reward: 869.01 | best: 869.01 | KL: 1.267e-03 | std: 0.5019 | rollout: 7.092s | update: 1.384s | total: 8.476s | samples/s: 7550
Iteration 0949 | train reward: 865.62 | best: 869.01 | KL: 1.215e-03 | std: 0.5019 | rollout: 8.229s | update: 1.481s | total: 9.711s | samples/s: 6591
Iteration 0950 | train reward: 849.38 | best: 869.01 | KL: 1.380e-03 | std: 0.5017 | rollout: 7.798s | update: 1.435s | total: 9.233s | samples/s: 6932
Iteration 0951 | train reward: 876.15 | best: 876.15 | KL: 1.112e-03 | std: 0.5008 | rollout: 8.252s | update: 1.394s | total: 9.646s | samples/s: 6635
Iteration 0952 | train reward: 847.41 | best: 876.15 | KL: 1.333e-03 | std: 0.5002 | rollout: 8.372s | update: 1.595s | total: 9.967s | samples/s: 6421
Iteration 0953 | train reward: 874.07 | best: 876.15 | KL: 1.003e-03 | std: 0.5007 | rollout: 7.869s | update: 1.388s | total: 9.257s | samples/s: 6914
Iteration 0954 | train reward: 867.36 | best: 876.15 | KL: 1.146e-03 | std: 0.5000 | rollout: 7.741s | update: 1.396s | total: 9.138s | samples/s: 7004
Iteration 0955 | train reward: 869.54 | best: 876.15 | KL: 1.426e-03 | std: 0.5002 | rollout: 9.154s | update: 1.428s | total: 10.582s | samples/s: 6048
Iteration 0956 | train reward: 867.39 | best: 876.15 | KL: 1.333e-03 | std: 0.5001 | rollout: 8.944s | update: 1.539s | total: 10.483s | samples/s: 6105
Iteration 0957 | train reward: 868.43 | best: 876.15 | KL: 1.595e-03 | std: 0.5000 | rollout: 7.470s | update: 1.464s | total: 8.934s | samples/s: 7164
Iteration 0958 | train reward: 866.12 | best: 876.15 | KL: 1.257e-03 | std: 0.4999 | rollout: 7.076s | update: 1.495s | total: 8.571s | samples/s: 7467
Iteration 0959 | train reward: 871.68 | best: 876.15 | KL: 1.128e-03 | std: 0.4998 | rollout: 8.958s | update: 1.433s | total: 10.392s | samples/s: 6159
Iteration 0960 | train reward: 879.68 | best: 879.68 | KL: 1.406e-03 | std: 0.4992 | rollout: 7.877s | update: 1.404s | total: 9.281s | samples/s: 6896
Iteration 0961 | train reward: 874.24 | best: 879.68 | KL: 1.428e-03 | std: 0.4992 | rollout: 7.787s | update: 1.521s | total: 9.309s | samples/s: 6875
Iteration 0962 | train reward: 884.98 | best: 884.98 | KL: 1.081e-03 | std: 0.4992 | rollout: 7.733s | update: 1.515s | total: 9.248s | samples/s: 6920
Iteration 0963 | train reward: 876.29 | best: 884.98 | KL: 1.352e-03 | std: 0.4998 | rollout: 8.785s | update: 1.567s | total: 10.352s | samples/s: 6182
Iteration 0964 | train reward: 887.02 | best: 887.02 | KL: 1.063e-03 | std: 0.4993 | rollout: 7.828s | update: 1.418s | total: 9.246s | samples/s: 6922
Iteration 0965 | train reward: 863.08 | best: 887.02 | KL: 1.455e-03 | std: 0.4998 | rollout: 7.998s | update: 1.427s | total: 9.425s | samples/s: 6791
Iteration 0966 | train reward: 883.54 | best: 887.02 | KL: 1.063e-03 | std: 0.4993 | rollout: 8.036s | update: 1.352s | total: 9.388s | samples/s: 6817
Iteration 0967 | train reward: 861.62 | best: 887.02 | KL: 1.633e-03 | std: 0.4992 | rollout: 8.369s | update: 1.453s | total: 9.822s | samples/s: 6516
Iteration 0968 | train reward: 888.25 | best: 888.25 | KL: 1.041e-03 | std: 0.4982 | rollout: 7.882s | update: 1.579s | total: 9.461s | samples/s: 6765
Iteration 0969 | train reward: 892.81 | best: 892.81 | KL: 1.205e-03 | std: 0.4982 | rollout: 8.382s | update: 1.488s | total: 9.869s | samples/s: 6485
Iteration 0970 | train reward: 886.76 | best: 892.81 | KL: 1.391e-03 | std: 0.4981 | rollout: 8.177s | update: 1.470s | total: 9.647s | samples/s: 6634
Iteration 0971 | train reward: 887.11 | best: 892.81 | KL: 1.126e-03 | std: 0.4981 | rollout: 8.757s | update: 1.483s | total: 10.240s | samples/s: 6250
Iteration 0972 | train reward: 897.16 | best: 897.16 | KL: 1.318e-03 | std: 0.4976 | rollout: 7.983s | update: 1.422s | total: 9.405s | samples/s: 6805
Iteration 0973 | train reward: 858.83 | best: 897.16 | KL: 1.873e-03 | std: 0.4973 | rollout: 8.397s | update: 1.505s | total: 9.902s | samples/s: 6463
Iteration 0974 | train reward: 891.23 | best: 897.16 | KL: 1.279e-03 | std: 0.4973 | rollout: 7.364s | update: 1.407s | total: 8.771s | samples/s: 7297
Iteration 0975 | train reward: 901.58 | best: 901.58 | KL: 1.365e-03 | std: 0.4974 | rollout: 7.336s | update: 1.536s | total: 8.873s | samples/s: 7213
Iteration 0976 | train reward: 893.80 | best: 901.58 | KL: 1.582e-03 | std: 0.4973 | rollout: 8.316s | update: 1.536s | total: 9.852s | samples/s: 6496
Iteration 0977 | train reward: 891.17 | best: 901.58 | KL: 1.543e-03 | std: 0.4972 | rollout: 7.911s | update: 1.530s | total: 9.441s | samples/s: 6779
Iteration 0978 | train reward: 896.69 | best: 901.58 | KL: 1.367e-03 | std: 0.4957 | rollout: 8.534s | update: 1.483s | total: 10.017s | samples/s: 6389
Iteration 0979 | train reward: 893.21 | best: 901.58 | KL: 1.332e-03 | std: 0.4950 | rollout: 8.636s | update: 1.440s | total: 10.076s | samples/s: 6351
Iteration 0980 | train reward: 912.86 | best: 912.86 | KL: 1.102e-03 | std: 0.4948 | rollout: 7.001s | update: 1.372s | total: 8.373s | samples/s: 7644
Iteration 0981 | train reward: 904.54 | best: 912.86 | KL: 1.462e-03 | std: 0.4947 | rollout: 7.820s | update: 1.502s | total: 9.322s | samples/s: 6865
Iteration 0982 | train reward: 895.30 | best: 912.86 | KL: 1.551e-03 | std: 0.4946 | rollout: 7.991s | update: 1.444s | total: 9.435s | samples/s: 6783
Iteration 0983 | train reward: 893.97 | best: 912.86 | KL: 1.417e-03 | std: 0.4947 | rollout: 7.958s | update: 1.452s | total: 9.409s | samples/s: 6802
Iteration 0984 | train reward: 911.10 | best: 912.86 | KL: 1.187e-03 | std: 0.4941 | rollout: 9.035s | update: 1.486s | total: 10.521s | samples/s: 6083
Iteration 0985 | train reward: 906.46 | best: 912.86 | KL: 1.834e-03 | std: 0.4939 | rollout: 8.730s | update: 1.455s | total: 10.185s | samples/s: 6283
Iteration 0986 | train reward: 898.66 | best: 912.86 | KL: 1.527e-03 | std: 0.4924 | rollout: 8.084s | update: 1.369s | total: 9.454s | samples/s: 6770
Iteration 0987 | train reward: 909.37 | best: 912.86 | KL: 1.565e-03 | std: 0.4929 | rollout: 8.015s | update: 1.407s | total: 9.422s | samples/s: 6792
Iteration 0988 | train reward: 914.18 | best: 914.18 | KL: 1.452e-03 | std: 0.4922 | rollout: 8.206s | update: 1.349s | total: 9.554s | samples/s: 6698
Iteration 0989 | train reward: 920.70 | best: 920.70 | KL: 1.311e-03 | std: 0.4929 | rollout: 8.773s | update: 1.488s | total: 10.261s | samples/s: 6237
Iteration 0990 | train reward: 906.33 | best: 920.70 | KL: 1.444e-03 | std: 0.4922 | rollout: 8.468s | update: 1.428s | total: 9.896s | samples/s: 6467
Iteration 0991 | train reward: 918.36 | best: 920.70 | KL: 1.206e-03 | std: 0.4924 | rollout: 8.171s | update: 1.357s | total: 9.528s | samples/s: 6717
Iteration 0992 | train reward: 913.40 | best: 920.70 | KL: 1.142e-03 | std: 0.4920 | rollout: 8.115s | update: 1.516s | total: 9.631s | samples/s: 6645
Iteration 0993 | train reward: 919.85 | best: 920.70 | KL: 1.140e-03 | std: 0.4921 | rollout: 7.926s | update: 1.396s | total: 9.322s | samples/s: 6866
Iteration 0994 | train reward: 916.38 | best: 920.70 | KL: 1.663e-03 | std: 0.4921 | rollout: 9.537s | update: 1.449s | total: 10.987s | samples/s: 5825
Iteration 0995 | train reward: 925.23 | best: 925.23 | KL: 1.313e-03 | std: 0.4922 | rollout: 7.385s | update: 1.361s | total: 8.746s | samples/s: 7317
Iteration 0996 | train reward: 935.00 | best: 935.00 | KL: 1.218e-03 | std: 0.4922 | rollout: 7.708s | update: 1.487s | total: 9.195s | samples/s: 6960
Iteration 0997 | train reward: 911.95 | best: 935.00 | KL: 1.408e-03 | std: 0.4921 | rollout: 8.556s | update: 1.488s | total: 10.044s | samples/s: 6372
Iteration 0998 | train reward: 920.63 | best: 935.00 | KL: 1.467e-03 | std: 0.4922 | rollout: 8.919s | update: 1.355s | total: 10.274s | samples/s: 6229
Iteration 0999 | train reward: 921.32 | best: 935.00 | KL: 1.622e-03 | std: 0.4922 | rollout: 8.283s | update: 1.349s | total: 9.632s | samples/s: 6645
Iteration 1000 | train reward: 929.93 | best: 935.00 | KL: 1.239e-03 | std: 0.4920 | rollout: 8.573s | update: 1.449s | total: 10.022s | samples/s: 6386
Iteration 1001 | train reward: 915.37 | best: 935.00 | KL: 1.529e-03 | std: 0.4913 | rollout: 8.091s | update: 1.345s | total: 9.436s | samples/s: 6782
Iteration 1002 | train reward: 933.83 | best: 935.00 | KL: 1.253e-03 | std: 0.4905 | rollout: 7.133s | update: 1.378s | total: 8.510s | samples/s: 7520
Iteration 1003 | train reward: 916.68 | best: 935.00 | KL: 1.740e-03 | std: 0.4904 | rollout: 8.366s | update: 1.460s | total: 9.826s | samples/s: 6513
Iteration 1004 | train reward: 927.99 | best: 935.00 | KL: 1.504e-03 | std: 0.4904 | rollout: 8.062s | update: 1.349s | total: 9.412s | samples/s: 6800
Iteration 1005 | train reward: 949.88 | best: 949.88 | KL: 1.394e-03 | std: 0.4904 | rollout: 7.371s | update: 1.322s | total: 8.692s | samples/s: 7363
Iteration 1006 | train reward: 931.30 | best: 949.88 | KL: 1.266e-03 | std: 0.4915 | rollout: 8.797s | update: 1.422s | total: 10.219s | samples/s: 6263
Iteration 1007 | train reward: 938.62 | best: 949.88 | KL: 1.332e-03 | std: 0.4915 | rollout: 8.003s | update: 1.489s | total: 9.492s | samples/s: 6743
Iteration 1008 | train reward: 936.61 | best: 949.88 | KL: 1.257e-03 | std: 0.4913 | rollout: 8.889s | update: 1.500s | total: 10.389s | samples/s: 6161
Iteration 1009 | train reward: 945.28 | best: 949.88 | KL: 1.431e-03 | std: 0.4915 | rollout: 8.340s | update: 1.379s | total: 9.719s | samples/s: 6585
Iteration 1010 | train reward: 936.83 | best: 949.88 | KL: 1.587e-03 | std: 0.4903 | rollout: 7.974s | update: 1.438s | total: 9.412s | samples/s: 6800
Iteration 1011 | train reward: 933.92 | best: 949.88 | KL: 1.660e-03 | std: 0.4898 | rollout: 8.641s | update: 1.388s | total: 10.029s | samples/s: 6381
Iteration 1012 | train reward: 936.40 | best: 949.88 | KL: 1.461e-03 | std: 0.4896 | rollout: 8.192s | update: 1.490s | total: 9.682s | samples/s: 6610
Iteration 1013 | train reward: 936.79 | best: 949.88 | KL: 1.585e-03 | std: 0.4894 | rollout: 8.575s | update: 1.588s | total: 10.164s | samples/s: 6297
Iteration 1014 | train reward: 945.85 | best: 949.88 | KL: 1.351e-03 | std: 0.4888 | rollout: 8.544s | update: 1.448s | total: 9.993s | samples/s: 6405
Iteration 1015 | train reward: 946.53 | best: 949.88 | KL: 1.388e-03 | std: 0.4878 | rollout: 8.793s | update: 1.401s | total: 10.194s | samples/s: 6278
Iteration 1016 | train reward: 932.61 | best: 949.88 | KL: 1.425e-03 | std: 0.4877 | rollout: 7.686s | update: 1.517s | total: 9.203s | samples/s: 6954
Iteration 1017 | train reward: 947.05 | best: 949.88 | KL: 1.555e-03 | std: 0.4872 | rollout: 8.388s | update: 1.357s | total: 9.745s | samples/s: 6567
Iteration 1018 | train reward: 949.37 | best: 949.88 | KL: 1.447e-03 | std: 0.4872 | rollout: 6.447s | update: 1.408s | total: 7.855s | samples/s: 8147
Iteration 1019 | train reward: 951.35 | best: 951.35 | KL: 1.575e-03 | std: 0.4887 | rollout: 7.532s | update: 1.486s | total: 9.018s | samples/s: 7097
Iteration 1020 | train reward: 946.69 | best: 951.35 | KL: 1.558e-03 | std: 0.4870 | rollout: 8.197s | update: 1.395s | total: 9.592s | samples/s: 6672
Iteration 1021 | train reward: 956.15 | best: 956.15 | KL: 1.404e-03 | std: 0.4870 | rollout: 7.484s | update: 1.515s | total: 8.999s | samples/s: 7112
Iteration 1022 | train reward: 953.51 | best: 956.15 | KL: 1.514e-03 | std: 0.4870 | rollout: 7.521s | update: 1.370s | total: 8.891s | samples/s: 7199
Iteration 1023 | train reward: 947.57 | best: 956.15 | KL: 1.493e-03 | std: 0.4870 | rollout: 8.119s | update: 1.570s | total: 9.688s | samples/s: 6606
Iteration 1024 | train reward: 963.20 | best: 963.20 | KL: 1.215e-03 | std: 0.4870 | rollout: 8.321s | update: 1.485s | total: 9.806s | samples/s: 6527
Iteration 1025 | train reward: 968.12 | best: 968.12 | KL: 1.335e-03 | std: 0.4868 | rollout: 8.286s | update: 1.487s | total: 9.773s | samples/s: 6549
Iteration 1026 | train reward: 956.42 | best: 968.12 | KL: 1.899e-03 | std: 0.4868 | rollout: 8.836s | update: 1.516s | total: 10.352s | samples/s: 6182
Iteration 1027 | train reward: 944.43 | best: 968.12 | KL: 1.873e-03 | std: 0.4853 | rollout: 7.930s | update: 1.399s | total: 9.329s | samples/s: 6860
Iteration 1028 | train reward: 972.29 | best: 972.29 | KL: 1.429e-03 | std: 0.4851 | rollout: 8.691s | update: 1.383s | total: 10.074s | samples/s: 6353
Iteration 1029 | train reward: 955.32 | best: 972.29 | KL: 1.698e-03 | std: 0.4844 | rollout: 7.198s | update: 1.399s | total: 8.597s | samples/s: 7444
Iteration 1030 | train reward: 961.42 | best: 972.29 | KL: 1.755e-03 | std: 0.4842 | rollout: 7.690s | update: 1.491s | total: 9.181s | samples/s: 6971
Iteration 1031 | train reward: 962.50 | best: 972.29 | KL: 1.475e-03 | std: 0.4842 | rollout: 8.106s | update: 1.401s | total: 9.506s | samples/s: 6732
Iteration 1032 | train reward: 976.56 | best: 976.56 | KL: 1.327e-03 | std: 0.4841 | rollout: 8.928s | update: 1.482s | total: 10.410s | samples/s: 6148
Iteration 1033 | train reward: 971.83 | best: 976.56 | KL: 1.239e-03 | std: 0.4837 | rollout: 7.723s | update: 1.501s | total: 9.224s | samples/s: 6938
Iteration 1034 | train reward: 987.46 | best: 987.46 | KL: 1.415e-03 | std: 0.4835 | rollout: 7.652s | update: 1.361s | total: 9.014s | samples/s: 7100
Iteration 1035 | train reward: 978.78 | best: 987.46 | KL: 1.376e-03 | std: 0.4827 | rollout: 6.409s | update: 1.394s | total: 7.802s | samples/s: 8203
Iteration 1036 | train reward: 979.55 | best: 987.46 | KL: 1.699e-03 | std: 0.4825 | rollout: 7.025s | update: 1.431s | total: 8.455s | samples/s: 7569
Iteration 1037 | train reward: 973.87 | best: 987.46 | KL: 1.558e-03 | std: 0.4825 | rollout: 7.482s | update: 1.433s | total: 8.915s | samples/s: 7179
Iteration 1038 | train reward: 979.08 | best: 987.46 | KL: 1.705e-03 | std: 0.4826 | rollout: 8.349s | update: 1.485s | total: 9.833s | samples/s: 6509
Iteration 1039 | train reward: 985.47 | best: 987.46 | KL: 1.293e-03 | std: 0.4826 | rollout: 8.267s | update: 1.458s | total: 9.725s | samples/s: 6581
Iteration 1040 | train reward: 987.90 | best: 987.90 | KL: 1.534e-03 | std: 0.4827 | rollout: 8.107s | update: 1.474s | total: 9.581s | samples/s: 6680
Iteration 1041 | train reward: 984.32 | best: 987.90 | KL: 1.614e-03 | std: 0.4826 | rollout: 9.286s | update: 1.474s | total: 10.760s | samples/s: 5948
Iteration 1042 | train reward: 987.59 | best: 987.90 | KL: 1.332e-03 | std: 0.4825 | rollout: 9.259s | update: 1.370s | total: 10.628s | samples/s: 6022
Iteration 1043 | train reward: 993.07 | best: 993.07 | KL: 1.429e-03 | std: 0.4826 | rollout: 7.380s | update: 1.459s | total: 8.839s | samples/s: 7240
Iteration 1044 | train reward: 982.46 | best: 993.07 | KL: 1.650e-03 | std: 0.4825 | rollout: 7.495s | update: 1.404s | total: 8.899s | samples/s: 7192
Iteration 1045 | train reward: 976.36 | best: 993.07 | KL: 1.835e-03 | std: 0.4820 | rollout: 7.771s | update: 1.438s | total: 9.209s | samples/s: 6950
Iteration 1046 | train reward: 1003.46 | best: 1003.46 | KL: 1.588e-03 | std: 0.4818 | rollout: 7.692s | update: 1.524s | total: 9.215s | samples/s: 6945
Iteration 1047 | train reward: 991.50 | best: 1003.46 | KL: 1.600e-03 | std: 0.4817 | rollout: 8.623s | update: 1.531s | total: 10.155s | samples/s: 6303
Iteration 1048 | train reward: 996.26 | best: 1003.46 | KL: 1.359e-03 | std: 0.4815 | rollout: 7.935s | update: 1.491s | total: 9.426s | samples/s: 6789
Iteration 1049 | train reward: 1008.78 | best: 1008.78 | KL: 1.417e-03 | std: 0.4810 | rollout: 8.017s | update: 1.538s | total: 9.555s | samples/s: 6698
Iteration 1050 | train reward: 992.00 | best: 1008.78 | KL: 1.671e-03 | std: 0.4810 | rollout: 8.527s | update: 1.426s | total: 9.953s | samples/s: 6430
Iteration 1051 | train reward: 995.06 | best: 1008.78 | KL: 1.613e-03 | std: 0.4801 | rollout: 7.806s | update: 1.353s | total: 9.159s | samples/s: 6988
Iteration 1052 | train reward: 1000.69 | best: 1008.78 | KL: 1.774e-03 | std: 0.4794 | rollout: 8.092s | update: 1.507s | total: 9.599s | samples/s: 6667
Iteration 1053 | train reward: 1015.52 | best: 1015.52 | KL: 1.485e-03 | std: 0.4793 | rollout: 7.505s | update: 1.371s | total: 8.876s | samples/s: 7211
Iteration 1054 | train reward: 1006.41 | best: 1015.52 | KL: 1.639e-03 | std: 0.4791 | rollout: 7.774s | update: 1.549s | total: 9.322s | samples/s: 6865
Iteration 1055 | train reward: 1013.71 | best: 1015.52 | KL: 1.481e-03 | std: 0.4785 | rollout: 8.444s | update: 1.531s | total: 9.975s | samples/s: 6416
Iteration 1056 | train reward: 1011.27 | best: 1015.52 | KL: 1.658e-03 | std: 0.4785 | rollout: 8.190s | update: 1.473s | total: 9.663s | samples/s: 6623
Iteration 1057 | train reward: 1017.53 | best: 1017.53 | KL: 1.367e-03 | std: 0.4790 | rollout: 7.600s | update: 1.350s | total: 8.950s | samples/s: 7151
Iteration 1058 | train reward: 1006.70 | best: 1017.53 | KL: 1.567e-03 | std: 0.4792 | rollout: 9.042s | update: 1.501s | total: 10.543s | samples/s: 6070
Iteration 1059 | train reward: 1018.14 | best: 1018.14 | KL: 1.532e-03 | std: 0.4791 | rollout: 7.708s | update: 1.355s | total: 9.063s | samples/s: 7062
Iteration 1060 | train reward: 1012.93 | best: 1018.14 | KL: 1.756e-03 | std: 0.4785 | rollout: 8.417s | update: 1.554s | total: 9.971s | samples/s: 6418
Iteration 1061 | train reward: 1020.18 | best: 1020.18 | KL: 1.302e-03 | std: 0.4784 | rollout: 8.159s | update: 1.466s | total: 9.625s | samples/s: 6649
Iteration 1062 | train reward: 1015.76 | best: 1020.18 | KL: 1.425e-03 | std: 0.4784 | rollout: 8.241s | update: 1.421s | total: 9.663s | samples/s: 6624
Iteration 1063 | train reward: 1012.06 | best: 1020.18 | KL: 1.748e-03 | std: 0.4784 | rollout: 7.670s | update: 1.430s | total: 9.100s | samples/s: 7033
Iteration 1064 | train reward: 1018.95 | best: 1020.18 | KL: 1.542e-03 | std: 0.4784 | rollout: 7.386s | update: 1.367s | total: 8.753s | samples/s: 7312
Iteration 1065 | train reward: 1033.16 | best: 1033.16 | KL: 1.520e-03 | std: 0.4775 | rollout: 7.071s | update: 1.384s | total: 8.455s | samples/s: 7570
Iteration 1066 | train reward: 1017.30 | best: 1033.16 | KL: 1.527e-03 | std: 0.4773 | rollout: 7.706s | update: 1.437s | total: 9.142s | samples/s: 7000
Iteration 1067 | train reward: 1032.94 | best: 1033.16 | KL: 1.543e-03 | std: 0.4768 | rollout: 7.667s | update: 1.410s | total: 9.077s | samples/s: 7051
Iteration 1068 | train reward: 1035.39 | best: 1035.39 | KL: 1.365e-03 | std: 0.4766 | rollout: 7.877s | update: 1.447s | total: 9.324s | samples/s: 6864
Iteration 1069 | train reward: 1024.56 | best: 1035.39 | KL: 1.532e-03 | std: 0.4766 | rollout: 8.258s | update: 1.354s | total: 9.612s | samples/s: 6658
Iteration 1070 | train reward: 1039.47 | best: 1039.47 | KL: 1.397e-03 | std: 0.4765 | rollout: 8.626s | update: 1.391s | total: 10.016s | samples/s: 6390
Iteration 1071 | train reward: 1034.82 | best: 1039.47 | KL: 1.384e-03 | std: 0.4758 | rollout: 7.278s | update: 1.293s | total: 8.571s | samples/s: 7467
Iteration 1072 | train reward: 1037.84 | best: 1039.47 | KL: 1.542e-03 | std: 0.4747 | rollout: 8.391s | update: 1.479s | total: 9.870s | samples/s: 6484
Iteration 1073 | train reward: 1034.81 | best: 1039.47 | KL: 1.477e-03 | std: 0.4742 | rollout: 7.835s | update: 1.412s | total: 9.248s | samples/s: 6921
Iteration 1074 | train reward: 1039.53 | best: 1039.53 | KL: 1.557e-03 | std: 0.4741 | rollout: 9.474s | update: 1.424s | total: 10.898s | samples/s: 5873
Iteration 1075 | train reward: 1043.61 | best: 1043.61 | KL: 1.580e-03 | std: 0.4739 | rollout: 8.807s | update: 1.442s | total: 10.249s | samples/s: 6244
Iteration 1076 | train reward: 1041.15 | best: 1043.61 | KL: 1.769e-03 | std: 0.4737 | rollout: 7.835s | update: 1.387s | total: 9.221s | samples/s: 6940
Iteration 1077 | train reward: 1036.16 | best: 1043.61 | KL: 1.686e-03 | std: 0.4739 | rollout: 8.306s | update: 1.468s | total: 9.775s | samples/s: 6548
Iteration 1078 | train reward: 1039.95 | best: 1043.61 | KL: 1.726e-03 | std: 0.4740 | rollout: 8.889s | update: 1.404s | total: 10.294s | samples/s: 6217
Iteration 1079 | train reward: 1047.37 | best: 1047.37 | KL: 1.581e-03 | std: 0.4739 | rollout: 9.366s | update: 1.384s | total: 10.750s | samples/s: 5953
Iteration 1080 | train reward: 1040.65 | best: 1047.37 | KL: 2.004e-03 | std: 0.4740 | rollout: 8.241s | update: 1.482s | total: 9.723s | samples/s: 6583
Iteration 1081 | train reward: 1045.59 | best: 1047.37 | KL: 1.447e-03 | std: 0.4732 | rollout: 8.077s | update: 1.365s | total: 9.442s | samples/s: 6778
Iteration 1082 | train reward: 1043.00 | best: 1047.37 | KL: 1.893e-03 | std: 0.4733 | rollout: 8.192s | update: 1.393s | total: 9.585s | samples/s: 6677
Iteration 1083 | train reward: 1038.06 | best: 1047.37 | KL: 1.924e-03 | std: 0.4732 | rollout: 7.297s | update: 1.407s | total: 8.704s | samples/s: 7353
Iteration 1084 | train reward: 1054.15 | best: 1054.15 | KL: 1.417e-03 | std: 0.4731 | rollout: 7.419s | update: 1.452s | total: 8.871s | samples/s: 7215
Iteration 1085 | train reward: 1048.21 | best: 1054.15 | KL: 1.765e-03 | std: 0.4732 | rollout: 7.265s | update: 1.510s | total: 8.775s | samples/s: 7293
Iteration 1086 | train reward: 1049.59 | best: 1054.15 | KL: 1.592e-03 | std: 0.4730 | rollout: 7.906s | update: 1.552s | total: 9.457s | samples/s: 6767
Iteration 1087 | train reward: 1041.33 | best: 1054.15 | KL: 1.653e-03 | std: 0.4732 | rollout: 8.845s | update: 1.465s | total: 10.309s | samples/s: 6208
Iteration 1088 | train reward: 1045.20 | best: 1054.15 | KL: 2.017e-03 | std: 0.4722 | rollout: 7.716s | update: 1.541s | total: 9.257s | samples/s: 6914
Iteration 1089 | train reward: 1044.06 | best: 1054.15 | KL: 2.002e-03 | std: 0.4721 | rollout: 8.278s | update: 1.557s | total: 9.835s | samples/s: 6507
Iteration 1090 | train reward: 1044.85 | best: 1054.15 | KL: 1.315e-03 | std: 0.4721 | rollout: 7.731s | update: 1.416s | total: 9.147s | samples/s: 6997
Iteration 1091 | train reward: 1049.07 | best: 1054.15 | KL: 1.746e-03 | std: 0.4714 | rollout: 8.629s | update: 1.437s | total: 10.066s | samples/s: 6358
Iteration 1092 | train reward: 1046.79 | best: 1054.15 | KL: 1.510e-03 | std: 0.4713 | rollout: 9.277s | update: 1.635s | total: 10.912s | samples/s: 5865
Iteration 1093 | train reward: 1050.94 | best: 1054.15 | KL: 1.351e-03 | std: 0.4712 | rollout: 9.021s | update: 1.369s | total: 10.390s | samples/s: 6160
Iteration 1094 | train reward: 1059.40 | best: 1059.40 | KL: 1.689e-03 | std: 0.4712 | rollout: 8.230s | update: 1.444s | total: 9.674s | samples/s: 6615
Iteration 1095 | train reward: 1059.75 | best: 1059.75 | KL: 1.735e-03 | std: 0.4704 | rollout: 7.696s | update: 1.410s | total: 9.106s | samples/s: 7028
Iteration 1096 | train reward: 1061.05 | best: 1061.05 | KL: 1.813e-03 | std: 0.4697 | rollout: 7.559s | update: 1.417s | total: 8.975s | samples/s: 7131
Iteration 1097 | train reward: 1050.89 | best: 1061.05 | KL: 2.127e-03 | std: 0.4696 | rollout: 8.213s | update: 1.385s | total: 9.598s | samples/s: 6668
Iteration 1098 | train reward: 1065.84 | best: 1065.84 | KL: 1.774e-03 | std: 0.4695 | rollout: 8.046s | update: 1.489s | total: 9.535s | samples/s: 6712
Iteration 1099 | train reward: 1075.87 | best: 1075.87 | KL: 1.653e-03 | std: 0.4695 | rollout: 8.024s | update: 1.372s | total: 9.396s | samples/s: 6811
Iteration 1100 | train reward: 1056.37 | best: 1075.87 | KL: 1.715e-03 | std: 0.4690 | rollout: 8.720s | update: 1.333s | total: 10.053s | samples/s: 6366
Iteration 1101 | train reward: 1061.76 | best: 1075.87 | KL: 1.898e-03 | std: 0.4688 | rollout: 8.697s | update: 1.317s | total: 10.014s | samples/s: 6391
Iteration 1102 | train reward: 1061.43 | best: 1075.87 | KL: 1.724e-03 | std: 0.4688 | rollout: 7.854s | update: 1.444s | total: 9.297s | samples/s: 6884
Iteration 1103 | train reward: 1076.81 | best: 1076.81 | KL: 1.420e-03 | std: 0.4687 | rollout: 8.532s | update: 1.399s | total: 9.931s | samples/s: 6445
Iteration 1104 | train reward: 1085.92 | best: 1085.92 | KL: 1.607e-03 | std: 0.4686 | rollout: 8.038s | update: 1.421s | total: 9.459s | samples/s: 6766
Iteration 1105 | train reward: 1067.89 | best: 1085.92 | KL: 1.725e-03 | std: 0.4687 | rollout: 8.163s | update: 1.518s | total: 9.681s | samples/s: 6611
Iteration 1106 | train reward: 1081.25 | best: 1085.92 | KL: 1.895e-03 | std: 0.4687 | rollout: 7.088s | update: 1.517s | total: 8.605s | samples/s: 7438
Iteration 1107 | train reward: 1080.60 | best: 1085.92 | KL: 1.933e-03 | std: 0.4686 | rollout: 7.627s | update: 1.486s | total: 9.112s | samples/s: 7024
Iteration 1108 | train reward: 1089.23 | best: 1089.23 | KL: 1.651e-03 | std: 0.4680 | rollout: 8.573s | update: 1.523s | total: 10.096s | samples/s: 6339
Iteration 1109 | train reward: 1059.39 | best: 1089.23 | KL: 2.283e-03 | std: 0.4670 | rollout: 8.665s | update: 1.516s | total: 10.182s | samples/s: 6286
Iteration 1110 | train reward: 1083.02 | best: 1089.23 | KL: 1.658e-03 | std: 0.4664 | rollout: 8.140s | update: 1.447s | total: 9.587s | samples/s: 6676
Iteration 1111 | train reward: 1081.98 | best: 1089.23 | KL: 1.515e-03 | std: 0.4661 | rollout: 9.218s | update: 1.432s | total: 10.650s | samples/s: 6009
Iteration 1112 | train reward: 1083.30 | best: 1089.23 | KL: 1.542e-03 | std: 0.4659 | rollout: 8.791s | update: 1.460s | total: 10.251s | samples/s: 6243
Iteration 1113 | train reward: 1085.10 | best: 1089.23 | KL: 2.138e-03 | std: 0.4654 | rollout: 7.179s | update: 1.419s | total: 8.598s | samples/s: 7443
Iteration 1114 | train reward: 1089.13 | best: 1089.23 | KL: 1.578e-03 | std: 0.4659 | rollout: 8.324s | update: 1.530s | total: 9.853s | samples/s: 6495
Iteration 1115 | train reward: 1071.09 | best: 1089.23 | KL: 2.023e-03 | std: 0.4654 | rollout: 7.258s | update: 1.395s | total: 8.652s | samples/s: 7397
Iteration 1116 | train reward: 1092.21 | best: 1092.21 | KL: 1.602e-03 | std: 0.4654 | rollout: 8.658s | update: 1.555s | total: 10.213s | samples/s: 6266
Iteration 1117 | train reward: 1095.21 | best: 1095.21 | KL: 1.797e-03 | std: 0.4654 | rollout: 7.970s | update: 1.402s | total: 9.371s | samples/s: 6829
Iteration 1118 | train reward: 1087.72 | best: 1095.21 | KL: 1.515e-03 | std: 0.4654 | rollout: 8.168s | update: 1.456s | total: 9.624s | samples/s: 6650
Iteration 1119 | train reward: 1091.26 | best: 1095.21 | KL: 1.946e-03 | std: 0.4652 | rollout: 7.926s | update: 1.387s | total: 9.314s | samples/s: 6872
Iteration 1120 | train reward: 1079.42 | best: 1095.21 | KL: 2.006e-03 | std: 0.4652 | rollout: 8.242s | update: 1.442s | total: 9.684s | samples/s: 6609
Iteration 1121 | train reward: 1093.96 | best: 1095.21 | KL: 1.951e-03 | std: 0.4652 | rollout: 7.753s | update: 1.515s | total: 9.268s | samples/s: 6906
Iteration 1122 | train reward: 1087.71 | best: 1095.21 | KL: 2.016e-03 | std: 0.4652 | rollout: 7.139s | update: 1.310s | total: 8.449s | samples/s: 7575
Iteration 1123 | train reward: 1087.71 | best: 1095.21 | KL: 1.932e-03 | std: 0.4654 | rollout: 9.078s | update: 1.408s | total: 10.486s | samples/s: 6103
Iteration 1124 | train reward: 1102.97 | best: 1102.97 | KL: 1.708e-03 | std: 0.4659 | rollout: 7.993s | update: 1.329s | total: 9.322s | samples/s: 6865
Iteration 1125 | train reward: 1082.88 | best: 1102.97 | KL: 1.473e-03 | std: 0.4654 | rollout: 7.980s | update: 1.380s | total: 9.360s | samples/s: 6838
Iteration 1126 | train reward: 1089.10 | best: 1102.97 | KL: 1.644e-03 | std: 0.4652 | rollout: 8.614s | update: 1.444s | total: 10.057s | samples/s: 6364
Iteration 1127 | train reward: 1094.36 | best: 1102.97 | KL: 1.952e-03 | std: 0.4645 | rollout: 8.518s | update: 1.446s | total: 9.964s | samples/s: 6423
Iteration 1128 | train reward: 1102.23 | best: 1102.97 | KL: 1.583e-03 | std: 0.4652 | rollout: 8.789s | update: 1.573s | total: 10.362s | samples/s: 6176
Iteration 1129 | train reward: 1094.99 | best: 1102.97 | KL: 1.803e-03 | std: 0.4645 | rollout: 7.204s | update: 1.440s | total: 8.644s | samples/s: 7404
Iteration 1130 | train reward: 1105.05 | best: 1105.05 | KL: 1.635e-03 | std: 0.4643 | rollout: 7.822s | update: 1.538s | total: 9.360s | samples/s: 6838
Iteration 1131 | train reward: 1101.89 | best: 1105.05 | KL: 2.039e-03 | std: 0.4638 | rollout: 7.865s | update: 1.543s | total: 9.409s | samples/s: 6802
Iteration 1132 | train reward: 1095.48 | best: 1105.05 | KL: 2.149e-03 | std: 0.4638 | rollout: 8.527s | update: 1.430s | total: 9.957s | samples/s: 6427
Iteration 1133 | train reward: 1086.34 | best: 1105.05 | KL: 2.438e-03 | std: 0.4637 | rollout: 8.350s | update: 1.461s | total: 9.812s | samples/s: 6523
Iteration 1134 | train reward: 1108.94 | best: 1108.94 | KL: 1.687e-03 | std: 0.4637 | rollout: 8.189s | update: 1.585s | total: 9.774s | samples/s: 6548
Iteration 1135 | train reward: 1096.23 | best: 1108.94 | KL: 1.837e-03 | std: 0.4636 | rollout: 8.000s | update: 1.455s | total: 9.454s | samples/s: 6769
Iteration 1136 | train reward: 1096.24 | best: 1108.94 | KL: 1.774e-03 | std: 0.4636 | rollout: 7.650s | update: 1.372s | total: 9.022s | samples/s: 7094
Iteration 1137 | train reward: 1108.68 | best: 1108.94 | KL: 1.631e-03 | std: 0.4635 | rollout: 7.888s | update: 1.459s | total: 9.347s | samples/s: 6847
Iteration 1138 | train reward: 1101.59 | best: 1108.94 | KL: 1.995e-03 | std: 0.4634 | rollout: 7.524s | update: 1.379s | total: 8.903s | samples/s: 7188
Iteration 1139 | train reward: 1118.47 | best: 1118.47 | KL: 1.860e-03 | std: 0.4628 | rollout: 7.921s | update: 1.547s | total: 9.468s | samples/s: 6760
Iteration 1140 | train reward: 1113.18 | best: 1118.47 | KL: 2.130e-03 | std: 0.4635 | rollout: 7.283s | update: 1.410s | total: 8.693s | samples/s: 7362
Iteration 1141 | train reward: 1116.08 | best: 1118.47 | KL: 1.659e-03 | std: 0.4626 | rollout: 6.964s | update: 1.404s | total: 8.368s | samples/s: 7648
Iteration 1142 | train reward: 1114.33 | best: 1118.47 | KL: 1.860e-03 | std: 0.4619 | rollout: 8.824s | update: 1.606s | total: 10.430s | samples/s: 6136
Iteration 1143 | train reward: 1105.79 | best: 1118.47 | KL: 1.910e-03 | std: 0.4617 | rollout: 8.430s | update: 1.453s | total: 9.883s | samples/s: 6476
Iteration 1144 | train reward: 1128.38 | best: 1128.38 | KL: 1.656e-03 | std: 0.4617 | rollout: 7.925s | update: 1.382s | total: 9.306s | samples/s: 6877
Iteration 1145 | train reward: 1120.62 | best: 1128.38 | KL: 1.873e-03 | std: 0.4618 | rollout: 7.454s | update: 1.414s | total: 8.868s | samples/s: 7217
Iteration 1146 | train reward: 1127.35 | best: 1128.38 | KL: 1.702e-03 | std: 0.4611 | rollout: 7.676s | update: 1.414s | total: 9.090s | samples/s: 7040
Iteration 1147 | train reward: 1122.78 | best: 1128.38 | KL: 1.806e-03 | std: 0.4612 | rollout: 8.648s | update: 1.408s | total: 10.056s | samples/s: 6365
Iteration 1148 | train reward: 1094.05 | best: 1128.38 | KL: 2.165e-03 | std: 0.4610 | rollout: 8.067s | update: 1.427s | total: 9.494s | samples/s: 6741
Iteration 1149 | train reward: 1117.73 | best: 1128.38 | KL: 1.759e-03 | std: 0.4610 | rollout: 8.100s | update: 1.357s | total: 9.457s | samples/s: 6767
Iteration 1150 | train reward: 1125.19 | best: 1128.38 | KL: 1.588e-03 | std: 0.4609 | rollout: 9.100s | update: 1.484s | total: 10.584s | samples/s: 6047
Iteration 1151 | train reward: 1108.95 | best: 1128.38 | KL: 2.081e-03 | std: 0.4608 | rollout: 6.518s | update: 1.403s | total: 7.921s | samples/s: 8080
Iteration 1152 | train reward: 1116.98 | best: 1128.38 | KL: 2.283e-03 | std: 0.4602 | rollout: 7.769s | update: 1.371s | total: 9.140s | samples/s: 7002
Iteration 1153 | train reward: 1120.60 | best: 1128.38 | KL: 2.228e-03 | std: 0.4608 | rollout: 7.633s | update: 1.425s | total: 9.058s | samples/s: 7065
Iteration 1154 | train reward: 1132.54 | best: 1132.54 | KL: 1.986e-03 | std: 0.4607 | rollout: 8.896s | update: 1.387s | total: 10.283s | samples/s: 6224
Iteration 1155 | train reward: 1120.59 | best: 1132.54 | KL: 1.786e-03 | std: 0.4600 | rollout: 7.529s | update: 1.455s | total: 8.984s | samples/s: 7124
Iteration 1156 | train reward: 1130.04 | best: 1132.54 | KL: 2.157e-03 | std: 0.4602 | rollout: 9.075s | update: 1.345s | total: 10.420s | samples/s: 6142
Iteration 1157 | train reward: 1139.24 | best: 1139.24 | KL: 1.731e-03 | std: 0.4600 | rollout: 8.218s | update: 1.493s | total: 9.711s | samples/s: 6591
Iteration 1158 | train reward: 1121.53 | best: 1139.24 | KL: 2.120e-03 | std: 0.4593 | rollout: 8.811s | update: 1.504s | total: 10.315s | samples/s: 6204
Iteration 1159 | train reward: 1136.94 | best: 1139.24 | KL: 1.829e-03 | std: 0.4586 | rollout: 8.430s | update: 1.511s | total: 9.941s | samples/s: 6438
Iteration 1160 | train reward: 1144.80 | best: 1144.80 | KL: 1.936e-03 | std: 0.4583 | rollout: 7.674s | update: 1.482s | total: 9.156s | samples/s: 6990
Iteration 1161 | train reward: 1144.53 | best: 1144.80 | KL: 1.926e-03 | std: 0.4583 | rollout: 7.631s | update: 1.416s | total: 9.047s | samples/s: 7074
Iteration 1162 | train reward: 1130.73 | best: 1144.80 | KL: 2.152e-03 | std: 0.4581 | rollout: 8.947s | update: 1.388s | total: 10.336s | samples/s: 6192
Iteration 1163 | train reward: 1136.49 | best: 1144.80 | KL: 2.064e-03 | std: 0.4576 | rollout: 7.895s | update: 1.451s | total: 9.346s | samples/s: 6848
Iteration 1164 | train reward: 1143.35 | best: 1144.80 | KL: 2.355e-03 | std: 0.4574 | rollout: 9.380s | update: 1.455s | total: 10.835s | samples/s: 5907
Iteration 1165 | train reward: 1127.99 | best: 1144.80 | KL: 2.310e-03 | std: 0.4567 | rollout: 8.083s | update: 1.446s | total: 9.529s | samples/s: 6716
Iteration 1166 | train reward: 1158.13 | best: 1158.13 | KL: 1.900e-03 | std: 0.4559 | rollout: 8.503s | update: 1.454s | total: 9.957s | samples/s: 6428
Iteration 1167 | train reward: 1156.54 | best: 1158.13 | KL: 2.031e-03 | std: 0.4560 | rollout: 7.903s | update: 1.476s | total: 9.380s | samples/s: 6823
Iteration 1168 | train reward: 1154.86 | best: 1158.13 | KL: 1.690e-03 | std: 0.4560 | rollout: 6.421s | update: 1.497s | total: 7.918s | samples/s: 8083
Iteration 1169 | train reward: 1139.50 | best: 1158.13 | KL: 2.339e-03 | std: 0.4565 | rollout: 8.339s | update: 1.486s | total: 9.824s | samples/s: 6514
Iteration 1170 | train reward: 1156.27 | best: 1158.13 | KL: 1.773e-03 | std: 0.4566 | rollout: 8.395s | update: 1.480s | total: 9.874s | samples/s: 6482
Iteration 1171 | train reward: 1159.35 | best: 1159.35 | KL: 1.907e-03 | std: 0.4565 | rollout: 8.511s | update: 1.393s | total: 9.904s | samples/s: 6462
Iteration 1172 | train reward: 1160.18 | best: 1160.18 | KL: 1.736e-03 | std: 0.4560 | rollout: 7.657s | update: 1.436s | total: 9.092s | samples/s: 7039
Iteration 1173 | train reward: 1159.44 | best: 1160.18 | KL: 2.008e-03 | std: 0.4557 | rollout: 8.031s | update: 1.304s | total: 9.335s | samples/s: 6856
Iteration 1174 | train reward: 1147.55 | best: 1160.18 | KL: 2.089e-03 | std: 0.4550 | rollout: 6.541s | update: 1.358s | total: 7.899s | samples/s: 8103
Iteration 1175 | train reward: 1152.20 | best: 1160.18 | KL: 1.870e-03 | std: 0.4548 | rollout: 7.626s | update: 1.412s | total: 9.038s | samples/s: 7081
Iteration 1176 | train reward: 1154.19 | best: 1160.18 | KL: 1.748e-03 | std: 0.4541 | rollout: 8.722s | update: 1.455s | total: 10.177s | samples/s: 6289
Iteration 1177 | train reward: 1147.49 | best: 1160.18 | KL: 2.073e-03 | std: 0.4539 | rollout: 7.990s | update: 1.491s | total: 9.481s | samples/s: 6750
Iteration 1178 | train reward: 1160.77 | best: 1160.77 | KL: 2.250e-03 | std: 0.4539 | rollout: 8.427s | update: 1.490s | total: 9.917s | samples/s: 6454
Iteration 1179 | train reward: 1171.22 | best: 1171.22 | KL: 1.686e-03 | std: 0.4539 | rollout: 9.543s | update: 1.451s | total: 10.994s | samples/s: 5821
Iteration 1180 | train reward: 1156.40 | best: 1171.22 | KL: 2.363e-03 | std: 0.4539 | rollout: 8.646s | update: 1.537s | total: 10.183s | samples/s: 6285
Iteration 1181 | train reward: 1167.37 | best: 1171.22 | KL: 2.023e-03 | std: 0.4539 | rollout: 7.503s | update: 1.320s | total: 8.823s | samples/s: 7254
Iteration 1182 | train reward: 1170.36 | best: 1171.22 | KL: 1.844e-03 | std: 0.4540 | rollout: 7.624s | update: 1.496s | total: 9.120s | samples/s: 7017
Iteration 1183 | train reward: 1170.74 | best: 1171.22 | KL: 2.369e-03 | std: 0.4540 | rollout: 9.212s | update: 1.390s | total: 10.603s | samples/s: 6036
Iteration 1184 | train reward: 1164.79 | best: 1171.22 | KL: 2.461e-03 | std: 0.4540 | rollout: 8.101s | update: 1.351s | total: 9.452s | samples/s: 6771
Iteration 1185 | train reward: 1162.70 | best: 1171.22 | KL: 2.351e-03 | std: 0.4539 | rollout: 7.849s | update: 1.395s | total: 9.244s | samples/s: 6923
Iteration 1186 | train reward: 1175.06 | best: 1175.06 | KL: 2.218e-03 | std: 0.4534 | rollout: 8.357s | update: 1.402s | total: 9.759s | samples/s: 6558
Iteration 1187 | train reward: 1173.36 | best: 1175.06 | KL: 2.023e-03 | std: 0.4532 | rollout: 7.281s | update: 1.457s | total: 8.739s | samples/s: 7324
Iteration 1188 | train reward: 1173.90 | best: 1175.06 | KL: 2.124e-03 | std: 0.4541 | rollout: 7.587s | update: 1.507s | total: 9.094s | samples/s: 7037
Iteration 1189 | train reward: 1174.91 | best: 1175.06 | KL: 2.179e-03 | std: 0.4540 | rollout: 7.916s | update: 1.368s | total: 9.284s | samples/s: 6894
Iteration 1190 | train reward: 1177.18 | best: 1177.18 | KL: 2.048e-03 | std: 0.4533 | rollout: 8.006s | update: 1.488s | total: 9.494s | samples/s: 6741
Iteration 1191 | train reward: 1172.61 | best: 1177.18 | KL: 2.220e-03 | std: 0.4532 | rollout: 9.080s | update: 1.433s | total: 10.513s | samples/s: 6088
Iteration 1192 | train reward: 1175.00 | best: 1177.18 | KL: 2.364e-03 | std: 0.4532 | rollout: 8.973s | update: 1.323s | total: 10.296s | samples/s: 6216
Iteration 1193 | train reward: 1159.13 | best: 1177.18 | KL: 2.063e-03 | std: 0.4533 | rollout: 8.387s | update: 1.478s | total: 9.865s | samples/s: 6488
Iteration 1194 | train reward: 1173.64 | best: 1177.18 | KL: 1.701e-03 | std: 0.4533 | rollout: 8.196s | update: 1.489s | total: 9.685s | samples/s: 6608
Iteration 1195 | train reward: 1182.56 | best: 1182.56 | KL: 1.800e-03 | std: 0.4531 | rollout: 7.846s | update: 1.349s | total: 9.195s | samples/s: 6960
Iteration 1196 | train reward: 1178.70 | best: 1182.56 | KL: 1.941e-03 | std: 0.4531 | rollout: 9.214s | update: 1.490s | total: 10.704s | samples/s: 5979
Iteration 1197 | train reward: 1178.86 | best: 1182.56 | KL: 2.456e-03 | std: 0.4539 | rollout: 7.102s | update: 1.443s | total: 8.545s | samples/s: 7490
Iteration 1198 | train reward: 1168.10 | best: 1182.56 | KL: 2.344e-03 | std: 0.4534 | rollout: 8.441s | update: 1.353s | total: 9.794s | samples/s: 6535
Iteration 1199 | train reward: 1171.83 | best: 1182.56 | KL: 2.556e-03 | std: 0.4532 | rollout: 8.032s | update: 1.315s | total: 9.348s | samples/s: 6846
training time 11490.34s
