method,initialization,n_trajectories,seed,finite,invalid_solve_count,final_return,final_q,final_pi1_good,near_optimal_basin,first_delta_safe_positive_update,zero_s1_batch_fraction
sampled_pg_reward_only,uniform,4,91000,True,0,0.9244013549477329,0.9465278510963401,0.9612372602933001,True,103,0.035
sampled_pg_reward_only,uniform,4,91001,True,0,0.9229303770910979,0.9449712351231893,0.9603048480414926,True,117,0.064
sampled_pg_reward_only,uniform,4,91002,True,0,0.9240040208649581,0.9487004678735385,0.9590048992192358,True,133,0.073
sampled_pg_reward_only,uniform,4,91003,True,0,0.9248788482299197,0.9452211953749451,0.9623618663032244,True,117,0.065
sampled_pg_reward_only,uniform,4,91004,True,0,0.9252444245371423,0.9471103680405977,0.9614425953807895,True,98,0.056
sampled_pg_reward_only,uniform,4,91005,True,0,0.9219675123747334,0.9437917374772395,0.9598761889988061,True,104,0.049
sampled_pg_reward_only,uniform,4,91006,True,0,0.9370132851503372,0.9587630678683995,0.9668185008945273,True,84,0.03
sampled_pg_reward_only,uniform,4,91007,True,0,0.9217105362442716,0.9435415939126477,0.9601004566043021,True,118,0.054
sampled_pg_reward_only,uniform,4,91008,True,0,0.8805680336865295,0.9019987510734614,0.939701442097756,True,134,0.163
sampled_pg_reward_only,uniform,4,91009,True,0,0.9168006995539618,0.9406539326679215,0.956378172446456,True,114,0.079
sampled_pg_reward_only,uniform,4,91010,True,0,0.9288099236379237,0.9511598601497958,0.9627575483431365,True,123,0.045
sampled_pg_reward_only,uniform,4,91011,True,0,0.9310389789522443,0.9523742542427129,0.9647031415685628,True,118,0.049
sampled_pg_reward_only,uniform,4,91012,True,0,0.9316762678689315,0.9541361032785846,0.9639090656644702,True,101,0.045
sampled_pg_reward_only,uniform,4,91013,True,0,0.9317827644614572,0.9544227926751296,0.9638632483216554,True,93,0.041
sampled_pg_reward_only,uniform,4,91014,True,0,0.9021527732468879,0.9246967644625322,0.9499095327604582,True,132,0.115
sampled_pg_reward_only,uniform,4,91015,True,0,0.9335178182178162,0.9551616534770132,0.9651727408390146,True,89,0.046
sampled_pg_reward_only,uniform,4,91016,True,0,0.9238192380169907,0.9453397365700537,0.9609793387365461,True,120,0.048
sampled_pg_reward_only,uniform,4,91017,True,0,0.9222709132921871,0.9436082729670418,0.9604410149983401,True,119,0.059
sampled_pg_reward_only,uniform,4,91018,True,0,0.9350652484519363,0.9565084044557025,0.9661731315260288,True,104,0.035
sampled_pg_reward_only,uniform,4,91019,True,0,0.924952655188436,0.9473105864291075,0.9610350884996564,True,128,0.058
sampled_pg_reward_only,uniform,4,91020,True,0,0.9173013194284257,0.9410378977409772,0.9565901160606629,True,117,0.085
sampled_pg_reward_only,uniform,4,91021,True,0,0.9029370925982402,0.924276245359855,0.951169167722657,True,152,0.116
sampled_pg_reward_only,uniform,4,91022,True,0,0.9338042496452218,0.9554855276921712,0.9655190351810805,True,88,0.044
sampled_pg_reward_only,uniform,4,91023,True,0,0.9182779525221562,0.9415291226188813,0.9574158639316738,True,150,0.087
sampled_pg_reward_only,uniform,4,91024,True,0,0.9252511099644949,0.946811945739052,0.9620862718975959,True,133,0.071
sampled_pg_reward_only,uniform,4,91025,True,0,0.9239360575984426,0.9462367454364446,0.96075405874522,True,132,0.066
sampled_pg_reward_only,uniform,4,91026,True,0,0.8323630177341244,0.8499188001469369,0.9151302533446455,False,161,0.24
sampled_pg_reward_only,uniform,4,91027,True,0,0.9251693296782876,0.948314352953271,0.9607251486439056,True,123,0.057
sampled_pg_reward_only,uniform,4,91028,True,0,0.9185589805020851,0.9424471529607281,0.9570793741911027,True,122,0.074
sampled_pg_reward_only,uniform,4,91029,True,0,0.9239501570915576,0.9464633035250206,0.9605524840346169,True,129,0.073
sampled_pg_reward_only,uniform,4,91030,True,0,0.925092231075714,0.9488033610184319,0.9600920956117496,True,129,0.068
sampled_pg_reward_only,uniform,4,91031,True,0,0.9375871485177912,0.9578514095482445,0.968138861317566,True,84,0.033
sampled_pg_reward_only,uniform,4,91032,True,0,0.9266794386129911,0.947291207870839,0.9630915683883309,True,99,0.052
sampled_pg_reward_only,uniform,4,91033,True,0,0.9301991602343991,0.9536487374883647,0.9624801176769684,True,108,0.042
sampled_pg_reward_only,uniform,4,91034,True,0,0.9208714139205809,0.9437684981736251,0.9589369061509956,True,111,0.074
sampled_pg_reward_only,uniform,4,91035,True,0,0.9059974018044052,0.927763460329569,0.9526626033713775,True,147,0.086
sampled_pg_reward_only,uniform,4,91036,True,0,0.9127673488403496,0.9357676990706844,0.9548876138291865,True,170,0.093
sampled_pg_reward_only,uniform,4,91037,True,0,0.9337900292183439,0.9556130610287267,0.9653126644305865,True,99,0.041
sampled_pg_reward_only,uniform,4,91038,True,0,0.9177571333219815,0.9385138237588777,0.9587496555103435,True,118,0.074
sampled_pg_reward_only,uniform,4,91039,True,0,0.9210489817955495,0.9453397437466089,0.9578466306304491,True,142,0.081
sampled_pg_reward_only,uniform,4,91040,True,0,0.9246223393121648,0.9462582108180511,0.9610934488899966,True,126,0.053
sampled_pg_reward_only,uniform,4,91041,True,0,0.9193435660612898,0.9415600013327549,0.958515165995425,True,119,0.065
sampled_pg_reward_only,uniform,4,91042,True,0,0.9358123277997471,0.9586223003246248,0.9653313641855127,True,115,0.032
sampled_pg_reward_only,uniform,4,91043,True,0,0.9287189558376555,0.9518839582556567,0.9623701387535052,True,118,0.043
sampled_pg_reward_only,uniform,4,91044,True,0,0.9270593866680098,0.9490949541180539,0.9621617532951842,True,134,0.042
sampled_pg_reward_only,uniform,4,91045,True,0,0.9373425599304354,0.9588912549774069,0.9671102606371198,True,100,0.047
sampled_pg_reward_only,uniform,4,91046,True,0,0.9340318061347727,0.9550238589133616,0.9660567774439301,True,85,0.031
sampled_pg_reward_only,uniform,4,91047,True,0,0.9299952890237544,0.9515169045544258,0.9638436159903512,True,107,0.038
sampled_pg_reward_only,uniform,4,91048,True,0,0.9327468779271961,0.9555393244721541,0.9641688851392551,True,114,0.041
sampled_pg_reward_only,uniform,4,91049,True,0,0.890420037604044,0.9139048246565934,0.9435751089480834,True,142,0.118
sampled_pg_reward_only,uniform,4,91050,True,0,0.9361447560240367,0.9582202673311706,0.9663147063264438,True,95,0.032
sampled_pg_reward_only,uniform,4,91051,True,0,0.933842671902509,0.9548534064310281,0.96601910300492,True,98,0.028
sampled_pg_reward_only,uniform,4,91052,True,0,0.9366648199326683,0.9594264398281628,0.9658677733561688,True,77,0.027
sampled_pg_reward_only,uniform,4,91053,True,0,0.9316917991523961,0.9540976018851575,0.9637647756922512,True,97,0.038
sampled_pg_reward_only,uniform,4,91054,True,0,0.9203325560121065,0.9408286510600818,0.9598165586085283,True,103,0.077
sampled_pg_reward_only,uniform,4,91055,True,0,0.9334962149347931,0.9564624415275766,0.9645625594300482,True,111,0.041
sampled_pg_reward_only,uniform,4,91056,True,0,0.9198829202866982,0.9433575061569662,0.9579898159899712,True,126,0.068
sampled_pg_reward_only,uniform,4,91057,True,0,0.92391812262658,0.9481385517936557,0.9593906535587652,True,128,0.055
sampled_pg_reward_only,uniform,4,91058,True,0,0.931873327545892,0.9555557263986033,0.9633250122499759,True,119,0.062
sampled_pg_reward_only,uniform,4,91059,True,0,0.9267197162388798,0.9477679134079843,0.9628841165675348,True,125,0.055
sampled_pg_reward_only,uniform,4,91060,True,0,0.9257437650625779,0.9480953224568706,0.9615303335036381,True,122,0.054
sampled_pg_reward_only,uniform,4,91061,True,0,0.9149722285315268,0.9376837487445451,0.9562418960537459,True,120,0.084
sampled_pg_reward_only,uniform,4,91062,True,0,0.929259638861742,0.9522297258074615,0.9623848687068837,True,114,0.054
sampled_pg_reward_only,uniform,4,91063,True,0,0.9202857298301977,0.9414566888226824,0.9597954318877264,True,119,0.057
sampled_pg_reward_only,uniform,4,91064,True,0,0.9347543868810146,0.9550020374520524,0.9672137889121066,True,71,0.034
sampled_pg_reward_only,uniform,4,91065,True,0,0.8835543440711862,0.9081354352973136,0.9394562738038073,True,149,0.153
sampled_pg_reward_only,uniform,4,91066,True,0,0.914269704306146,0.9366587678480498,0.9559006484637083,True,122,0.092
sampled_pg_reward_only,uniform,4,91067,True,0,0.9218658113086113,0.9441170159986865,0.9596618197290975,True,98,0.064
sampled_pg_reward_only,uniform,4,91068,True,0,0.9281165727376762,0.9504669016051275,0.9623523634716248,True,101,0.056
sampled_pg_reward_only,uniform,4,91069,True,0,0.9263508337795107,0.9476524587195264,0.9622171374479623,True,107,0.068
sampled_pg_reward_only,uniform,4,91070,True,0,0.9087431429813252,0.930604961445682,0.9538068858331752,True,95,0.103
sampled_pg_reward_only,uniform,4,91071,True,0,0.9246135398933234,0.9475895446982356,0.9604051477222183,True,132,0.068
sampled_pg_reward_only,uniform,4,91072,True,0,0.9250444069624947,0.9464356650394646,0.9616961163925448,True,103,0.05
sampled_pg_reward_only,uniform,4,91073,True,0,0.9273984997513899,0.9496019820763871,0.9623650673840469,True,153,0.06
sampled_pg_reward_only,uniform,4,91074,True,0,0.9247996324106423,0.945346115782717,0.9621535542104828,True,111,0.053
sampled_pg_reward_only,uniform,4,91075,True,0,0.9297461204545672,0.9522734514643261,0.9632814392418654,True,130,0.044
sampled_pg_reward_only,uniform,4,91076,True,0,0.9115736598558869,0.9359291451605826,0.9536034869421547,True,137,0.091
sampled_pg_reward_only,uniform,4,91077,True,0,0.9181342979039249,0.9418312284493969,0.9572476379425349,True,149,0.081
sampled_pg_reward_only,uniform,4,91078,True,0,0.9233400796970559,0.9457341838605745,0.9603862336504482,True,123,0.063
sampled_pg_reward_only,uniform,4,91079,True,0,0.9338512487816644,0.9564261371768852,0.9651059803864924,True,115,0.04
sampled_pg_reward_only,uniform,4,91080,True,0,0.924729310446386,0.9473484663478223,0.9606928860824286,True,122,0.065
sampled_pg_reward_only,uniform,4,91081,True,0,0.9299889996005696,0.9511050365955424,0.9639739299556118,True,96,0.048
sampled_pg_reward_only,uniform,4,91082,True,0,0.9075197720679825,0.9331733742518474,0.9507093225339704,True,180,0.116
sampled_pg_reward_only,uniform,4,91083,True,0,0.8946373468382156,0.9193053180406859,0.94529027095224,True,166,0.133
sampled_pg_reward_only,uniform,4,91084,True,0,0.9210887047951881,0.941891954613224,0.9604696472707758,True,95,0.051
sampled_pg_reward_only,uniform,4,91085,True,0,0.9340583102452734,0.956665897252028,0.9648627576488303,True,103,0.046
sampled_pg_reward_only,uniform,4,91086,True,0,0.9121439491704414,0.9373982866505811,0.9531749755709971,True,146,0.103
sampled_pg_reward_only,uniform,4,91087,True,0,0.9314502245285707,0.9528316353722214,0.9647640013924256,True,103,0.024
sampled_pg_reward_only,uniform,4,91088,True,0,0.9303782434791631,0.9510372057955188,0.9647705005661491,True,106,0.039
sampled_pg_reward_only,uniform,4,91089,True,0,0.9312419313514453,0.953862732116174,0.9636618386690161,True,90,0.039
sampled_pg_reward_only,uniform,4,91090,True,0,0.9360540935903888,0.9583288443557602,0.9661070379240076,True,105,0.026
sampled_pg_reward_only,uniform,4,91091,True,0,0.9117047143641384,0.9360013979906006,0.953507300214901,True,120,0.095
sampled_pg_reward_only,uniform,4,91092,True,0,0.9302988647530677,0.9530820264120924,0.9631256086361066,True,108,0.063
sampled_pg_reward_only,uniform,4,91093,True,0,0.9080913487728826,0.9320214083818686,0.9521497642881157,True,157,0.118
sampled_pg_reward_only,uniform,4,91094,True,0,0.9151640007491585,0.9376108276937484,0.9565361405530431,True,152,0.083
sampled_pg_reward_only,uniform,4,91095,True,0,0.8958834406154671,0.9153020434424639,0.9489641010688237,True,127,0.104
sampled_pg_reward_only,uniform,4,91096,True,0,0.9222659894396312,0.9430885635536894,0.9611100388482288,True,125,0.059
sampled_pg_reward_only,uniform,4,91097,True,0,0.9231509990115254,0.9458263016522063,0.9597974033004764,True,101,0.073
sampled_pg_reward_only,uniform,4,91098,True,0,0.9034741349870462,0.9272526360941031,0.9498837567475593,True,153,0.105
sampled_pg_reward_only,uniform,4,91099,True,0,0.9300241029684264,0.9514917326156234,0.9640209583965722,True,123,0.038
sampled_pg_logbarrier_handoff,uniform,4,91000,True,0,0.890459179074733,0.9179708217225323,0.944282768002399,True,117,0.059
sampled_pg_logbarrier_handoff,uniform,4,91001,True,0,0.892669678948947,0.9206347126521154,0.9447446472391776,True,131,0.077
sampled_pg_logbarrier_handoff,uniform,4,91002,True,0,0.8938271944401484,0.9232650602002028,0.9445070003046685,True,147,0.088
sampled_pg_logbarrier_handoff,uniform,4,91003,True,0,0.8817037071818142,0.9029317305991106,0.9437571416489747,True,129,0.089
sampled_pg_logbarrier_handoff,uniform,4,91004,True,0,0.8979201057973626,0.9260335365900656,0.9471908155544952,True,99,0.072
sampled_pg_logbarrier_handoff,uniform,4,91005,True,0,0.8823604864179033,0.9085221230375125,0.9408285745849174,True,128,0.086
sampled_pg_logbarrier_handoff,uniform,4,91006,True,0,0.9036348048225618,0.9319680835070666,0.949420030329449,True,95,0.059
sampled_pg_logbarrier_handoff,uniform,4,91007,True,0,0.886447041446616,0.9134235912374089,0.9427550102484662,True,133,0.077
sampled_pg_logbarrier_handoff,uniform,4,91008,True,0,0.889551790604493,0.9175058958096391,0.9434599602001282,True,142,0.106
sampled_pg_logbarrier_handoff,uniform,4,91009,True,0,0.8928217781390276,0.9218329226901062,0.944390524964227,True,126,0.08
sampled_pg_logbarrier_handoff,uniform,4,91010,True,0,0.9061837309424663,0.9353082176686806,0.9501188623916037,True,141,0.059
sampled_pg_logbarrier_handoff,uniform,4,91011,True,0,0.8953688803959157,0.9228271119152484,0.9464120694054766,True,131,0.069
sampled_pg_logbarrier_handoff,uniform,4,91012,True,0,0.8973915337575352,0.9259737800274458,0.9464233219100753,True,117,0.068
sampled_pg_logbarrier_handoff,uniform,4,91013,True,0,0.8955886067670902,0.9245569949114331,0.945456643878802,True,104,0.064
sampled_pg_logbarrier_handoff,uniform,4,91014,True,0,0.8887294076666908,0.9180001835958399,0.9422597313833532,True,139,0.103
sampled_pg_logbarrier_handoff,uniform,4,91015,True,0,0.9073568846813574,0.9373333307031704,0.9500725422111397,True,93,0.057
sampled_pg_logbarrier_handoff,uniform,4,91016,True,0,0.8889710756649734,0.9169039898024557,0.942727021254897,True,132,0.072
sampled_pg_logbarrier_handoff,uniform,4,91017,True,0,0.8984999280951579,0.9266313265284886,0.9472351563258175,True,139,0.063
sampled_pg_logbarrier_handoff,uniform,4,91018,True,0,0.890501923053199,0.9166743782810682,0.9446466673494389,True,117,0.066
sampled_pg_logbarrier_handoff,uniform,4,91019,True,0,0.8960958430380586,0.9239116818458194,0.9463269427778777,True,136,0.07
sampled_pg_logbarrier_handoff,uniform,4,91020,True,0,0.8849023823703364,0.912948448663708,0.9411135240873363,True,141,0.084
sampled_pg_logbarrier_handoff,uniform,4,91021,True,0,0.8920350222243728,0.9193393390509226,0.9448906649332411,True,157,0.092
sampled_pg_logbarrier_handoff,uniform,4,91022,True,0,0.9072561453046771,0.9357401804644678,0.9511193861234963,True,91,0.067
sampled_pg_logbarrier_handoff,uniform,4,91023,True,0,0.8977661072115966,0.9268674124383482,0.9465291459583194,True,175,0.08
sampled_pg_logbarrier_handoff,uniform,4,91024,True,0,0.8993522402028462,0.9251292071379518,0.9496730518687806,True,138,0.069
sampled_pg_logbarrier_handoff,uniform,4,91025,True,0,0.8992973441708604,0.9277700226213,0.9477995935286185,True,143,0.082
sampled_pg_logbarrier_handoff,uniform,4,91026,True,0,0.899574682743659,0.9297116815453887,0.9464316738903077,True,160,0.102
sampled_pg_logbarrier_handoff,uniform,4,91027,True,0,0.901126502212254,0.9298936161834017,0.9482688740180388,True,140,0.068
sampled_pg_logbarrier_handoff,uniform,4,91028,True,0,0.8936275799953523,0.9239837024861599,0.9438339209264923,True,136,0.082
sampled_pg_logbarrier_handoff,uniform,4,91029,True,0,0.8951251300216307,0.9235965779761144,0.9456999224042268,True,131,0.077
sampled_pg_logbarrier_handoff,uniform,4,91030,True,0,0.9027953744866098,0.9312660761158276,0.9491132581020884,True,144,0.068
sampled_pg_logbarrier_handoff,uniform,4,91031,True,0,0.9038820642242854,0.93094395602333,0.9504829095596647,True,95,0.053
sampled_pg_logbarrier_handoff,uniform,4,91032,True,0,0.8914441944331826,0.916566222938789,0.9459103800134425,True,108,0.075
sampled_pg_logbarrier_handoff,uniform,4,91033,True,0,0.894616718710282,0.9240802052283471,0.9446229587585206,True,140,0.069
sampled_pg_logbarrier_handoff,uniform,4,91034,True,0,0.888964800657795,0.9187585214908073,0.9419694700970075,True,133,0.087
sampled_pg_logbarrier_handoff,uniform,4,91035,True,0,0.8753599448948509,0.9044538505799236,0.9354731398879153,True,154,0.094
sampled_pg_logbarrier_handoff,uniform,4,91036,True,0,0.8903296576752836,0.920476983578094,0.9421422944722427,True,181,0.086
sampled_pg_logbarrier_handoff,uniform,4,91037,True,0,0.9051766403162543,0.9323443005970425,0.9510465324356452,True,112,0.062
sampled_pg_logbarrier_handoff,uniform,4,91038,True,0,0.878814458914128,0.9036392946035355,0.9403751064146803,True,133,0.102
sampled_pg_logbarrier_handoff,uniform,4,91039,True,0,0.9031888463060865,0.9330220418922426,0.9484482560471468,True,149,0.072
sampled_pg_logbarrier_handoff,uniform,4,91040,True,0,0.8974876908592998,0.9261285002513069,0.9462374513874284,True,130,0.08
sampled_pg_logbarrier_handoff,uniform,4,91041,True,0,0.8845583928803227,0.9099005683650084,0.9427299449546456,True,134,0.092
sampled_pg_logbarrier_handoff,uniform,4,91042,True,0,0.9098966485902635,0.9398234903043842,0.951095406097289,True,129,0.039
sampled_pg_logbarrier_handoff,uniform,4,91043,True,0,0.9002114975889781,0.9300222353601214,0.9472579166698353,True,145,0.064
sampled_pg_logbarrier_handoff,uniform,4,91044,True,0,0.8913242604973356,0.9183328969326405,0.9448857667489559,True,137,0.048
sampled_pg_logbarrier_handoff,uniform,4,91045,True,0,0.9061875610941812,0.9339687029103836,0.950923751244996,True,129,0.07
sampled_pg_logbarrier_handoff,uniform,4,91046,True,0,0.9013492273099369,0.9292120991127684,0.9487353543056792,True,92,0.048
sampled_pg_logbarrier_handoff,uniform,4,91047,True,0,0.8868364478052284,0.9123820076767943,0.9430379167825313,True,125,0.072
sampled_pg_logbarrier_handoff,uniform,4,91048,True,0,0.8944682681642522,0.9241491003555135,0.9441832704113119,True,118,0.06
sampled_pg_logbarrier_handoff,uniform,4,91049,True,0,0.8878981343020862,0.9175740888993839,0.9413907371292468,True,189,0.091
sampled_pg_logbarrier_handoff,uniform,4,91050,True,0,0.904491637303688,0.9329971242204288,0.9500114097761991,True,103,0.055
sampled_pg_logbarrier_handoff,uniform,4,91051,True,0,0.8946233874852944,0.9225587886141255,0.9456199788660239,True,104,0.039
sampled_pg_logbarrier_handoff,uniform,4,91052,True,0,0.9024500587210165,0.9317522129474168,0.9482936941145322,True,86,0.057
sampled_pg_logbarrier_handoff,uniform,4,91053,True,0,0.8998908246153431,0.9274697286523977,0.9481134063559589,True,118,0.052
sampled_pg_logbarrier_handoff,uniform,4,91054,True,0,0.8854332666005011,0.9120549465763029,0.9418811280484982,True,117,0.09
sampled_pg_logbarrier_handoff,uniform,4,91055,True,0,0.8883554939540513,0.9167569079094645,0.9422860440998202,True,125,0.07
sampled_pg_logbarrier_handoff,uniform,4,91056,True,0,0.8927496558189447,0.9206698181320124,0.9450276730584383,True,134,0.077
sampled_pg_logbarrier_handoff,uniform,4,91057,True,0,0.8953564751810567,0.9246404203129394,0.9454359738259436,True,133,0.064
sampled_pg_logbarrier_handoff,uniform,4,91058,True,0,0.9000693179448968,0.9281207068583158,0.9483639876734605,True,141,0.077
sampled_pg_logbarrier_handoff,uniform,4,91059,True,0,0.8976608180934977,0.9254462849651919,0.947032281438238,True,132,0.07
sampled_pg_logbarrier_handoff,uniform,4,91060,True,0,0.8996259583134227,0.9272748326792799,0.9484662301728288,True,129,0.072
sampled_pg_logbarrier_handoff,uniform,4,91061,True,0,0.8929050419461464,0.9216055976421427,0.9445912307734821,True,137,0.091
sampled_pg_logbarrier_handoff,uniform,4,91062,True,0,0.8927858335626524,0.9220448926887624,0.9438227820773255,True,128,0.082
sampled_pg_logbarrier_handoff,uniform,4,91063,True,0,0.8966994557308244,0.9238135980273715,0.947566421321094,True,130,0.066
sampled_pg_logbarrier_handoff,uniform,4,91064,True,0,0.8993439051846113,0.9256687826137691,0.9489710483768303,True,87,0.056
sampled_pg_logbarrier_handoff,uniform,4,91065,True,0,0.8776419129631251,0.9092293131982598,0.935423043599462,True,179,0.119
sampled_pg_logbarrier_handoff,uniform,4,91066,True,0,0.8993743571602589,0.9275762524380706,0.9477584648999271,True,132,0.073
sampled_pg_logbarrier_handoff,uniform,4,91067,True,0,0.8894351474934001,0.9161858887490756,0.9439114680064876,True,118,0.08
sampled_pg_logbarrier_handoff,uniform,4,91068,True,0,0.9054391206623076,0.9341470946506516,0.9500591222525634,True,114,0.061
sampled_pg_logbarrier_handoff,uniform,4,91069,True,0,0.9004651566209326,0.9277680515005637,0.9484997106704756,True,117,0.072
sampled_pg_logbarrier_handoff,uniform,4,91070,True,0,0.8933284686643177,0.9213144412416938,0.945300288056262,True,114,0.095
sampled_pg_logbarrier_handoff,uniform,4,91071,True,0,0.9051585181271881,0.9333304108838023,0.9503883342413423,True,152,0.069
sampled_pg_logbarrier_handoff,uniform,4,91072,True,0,0.8824128743744927,0.91091342170343,0.9393610999036498,True,129,0.086
sampled_pg_logbarrier_handoff,uniform,4,91073,True,0,0.9008607243796471,0.9307658238493546,0.9472389110944974,True,166,0.071
sampled_pg_logbarrier_handoff,uniform,4,91074,True,0,0.8962485777708462,0.9245051959479244,0.9461132539885803,True,115,0.071
sampled_pg_logbarrier_handoff,uniform,4,91075,True,0,0.8962898967923798,0.9248287011945975,0.9461077437909823,True,149,0.062
sampled_pg_logbarrier_handoff,uniform,4,91076,True,0,0.897721516298461,0.9283847441962759,0.9457274667361565,True,144,0.083
sampled_pg_logbarrier_handoff,uniform,4,91077,True,0,0.8852766490395514,0.9159750814542199,0.9399372539973595,True,168,0.09
sampled_pg_logbarrier_handoff,uniform,4,91078,True,0,0.8979777196954417,0.9272434255429866,0.9465701779945985,True,150,0.067
sampled_pg_logbarrier_handoff,uniform,4,91079,True,0,0.8911341232012764,0.9213874853804009,0.9425548182214827,True,142,0.067
sampled_pg_logbarrier_handoff,uniform,4,91080,True,0,0.9055101049247819,0.9341882256877772,0.9500652008236345,True,134,0.063
sampled_pg_logbarrier_handoff,uniform,4,91081,True,0,0.8965854949909143,0.9239145947844362,0.946750087186004,True,111,0.065
sampled_pg_logbarrier_handoff,uniform,4,91082,True,0,0.900504345567961,0.9322040947011238,0.9460962607176951,True,189,0.08
sampled_pg_logbarrier_handoff,uniform,4,91083,True,0,0.8914235906914577,0.920800628547692,0.9438279635980074,True,185,0.105
sampled_pg_logbarrier_handoff,uniform,4,91084,True,0,0.8842091037281292,0.9091964140484644,0.9427838562952284,True,108,0.07
sampled_pg_logbarrier_handoff,uniform,4,91085,True,0,0.9089433983680373,0.9377216757637319,0.9516133905464048,True,111,0.061
sampled_pg_logbarrier_handoff,uniform,4,91086,True,0,0.8981630089426265,0.9297734341604436,0.9452648707754164,True,162,0.107
sampled_pg_logbarrier_handoff,uniform,4,91087,True,0,0.8967551728952835,0.9242044360561052,0.9469367981462246,True,108,0.045
sampled_pg_logbarrier_handoff,uniform,4,91088,True,0,0.8973017445625914,0.9223740992194357,0.9487768437296509,True,115,0.059
sampled_pg_logbarrier_handoff,uniform,4,91089,True,0,0.8958412012896054,0.923260962615362,0.9466243167073101,True,108,0.068
sampled_pg_logbarrier_handoff,uniform,4,91090,True,0,0.8968436233508134,0.9256488479949356,0.9460012737171248,True,114,0.064
sampled_pg_logbarrier_handoff,uniform,4,91091,True,0,0.8925554020863081,0.9239273670128958,0.942654863243335,True,142,0.092
sampled_pg_logbarrier_handoff,uniform,4,91092,True,0,0.9095055367792783,0.938552453372016,0.9519059674911197,True,119,0.077
sampled_pg_logbarrier_handoff,uniform,4,91093,True,0,0.8985342391208312,0.9281486036278687,0.9467478544024683,True,162,0.09
sampled_pg_logbarrier_handoff,uniform,4,91094,True,0,0.8993230662461817,0.9281197075755656,0.9474829267329863,True,158,0.072
sampled_pg_logbarrier_handoff,uniform,4,91095,True,0,0.8918885483487826,0.9198484560555558,0.9446759703218405,True,148,0.075
sampled_pg_logbarrier_handoff,uniform,4,91096,True,0,0.8821228296455679,0.9077835416403508,0.9411417490448185,True,135,0.097
sampled_pg_logbarrier_handoff,uniform,4,91097,True,0,0.9004359192482451,0.9290334982595251,0.9478880545540448,True,115,0.083
sampled_pg_logbarrier_handoff,uniform,4,91098,True,0,0.8912774681942942,0.9206264583014038,0.9433307039874381,True,156,0.096
sampled_pg_logbarrier_handoff,uniform,4,91099,True,0,0.8953650245720627,0.9235315867486488,0.945947569564314,True,128,0.054
sampled_npg_reward_only,uniform,4,91000,False,1,0.9280504470430231,0.8562400929915227,0.9999603259041278,False,9,0.08
sampled_npg_reward_only,uniform,4,91001,False,1,0.500322574472323,0.003111338505150364,0.9551526766437969,False,19,0.3584905660377358
sampled_npg_reward_only,uniform,4,91002,False,1,0.9077885518587019,0.8408849862348182,0.9921203096526746,False,5,0.08
sampled_npg_reward_only,uniform,4,91003,False,1,1.0,1.0,1.0,True,10,0.0
sampled_npg_reward_only,uniform,4,91004,False,1,0.9211412092385659,0.8561235048957448,0.9955951261841536,False,5,0.02631578947368421
sampled_npg_reward_only,uniform,4,91005,False,1,0.3205333898530418,0.36027957506749125,0.3948579591254769,False,,0.0
sampled_npg_reward_only,uniform,4,91006,False,1,0.9549945450824371,0.919970331911412,0.9962805099768935,True,4,0.0625
sampled_npg_reward_only,uniform,4,91007,False,1,0.4826556184408358,0.13534923527319598,0.6433442626879889,False,11,0.525
sampled_npg_reward_only,uniform,4,91008,False,1,0.37493431114164555,0.30911788675605256,0.450340288985462,False,9,0.2727272727272727
sampled_npg_reward_only,uniform,4,91009,False,1,0.29999999999999993,0.3333333333333333,0.3333333333333333,False,,0.0
sampled_npg_reward_only,uniform,4,91010,False,1,0.4991875468410945,0.0003780344913491718,0.8448061259340603,False,9,0.5348837209302325
sampled_npg_reward_only,uniform,4,91011,False,1,0.4847310914763062,0.4559310726207732,0.6573837536433761,False,5,0.0
sampled_npg_reward_only,uniform,4,91012,False,1,1.0,1.0,1.0,True,9,0.024390243902439025
sampled_npg_reward_only,uniform,4,91013,False,1,0.9898253309752625,0.9841299990226456,0.998245946674832,True,6,0.0
sampled_npg_reward_only,uniform,4,91014,False,1,0.4987602950282612,0.18742278217787414,0.5557141873940746,False,25,0.4
sampled_npg_reward_only,uniform,4,91015,False,1,0.9992783809691722,0.9999351042150358,0.9992907137114223,True,14,0.10638297872340426
sampled_npg_reward_only,uniform,4,91016,False,1,0.493590820314699,0.053772896826091834,0.5445857174804989,False,23,0.2978723404255319
sampled_npg_reward_only,uniform,4,91017,False,1,0.9598600079673926,0.9638417263590112,0.9864655814012505,True,6,0.029411764705882353
sampled_npg_reward_only,uniform,4,91018,False,1,0.5,3.2927527984516785e-23,0.03615093980483289,False,,0.3333333333333333
sampled_npg_reward_only,uniform,4,91019,False,1,0.29999999999999993,0.3333333333333333,0.3333333333333333,False,,0.0
sampled_npg_reward_only,uniform,4,91020,False,1,0.4999999996385077,6.5740425700830765e-12,0.34443000849508565,False,,0.5625
sampled_npg_reward_only,uniform,4,91021,False,1,0.8957643351129965,0.8024126308426539,0.9958515733835621,False,8,0.08333333333333333
sampled_npg_reward_only,uniform,4,91022,False,1,0.4749772085854138,0.14656912690153545,0.3335795731865178,False,,0.3
sampled_npg_reward_only,uniform,4,91023,False,1,0.9999999999864335,0.9999999999864335,1.0,True,12,0.06451612903225806
sampled_npg_reward_only,uniform,4,91024,False,1,0.9858381942984872,0.979878109147793,0.9966267416583328,True,8,0.12727272727272726
sampled_npg_reward_only,uniform,4,91025,False,1,0.3787289143166144,0.3554998950122109,0.4061914827351483,False,,0.1111111111111111
sampled_npg_reward_only,uniform,4,91026,False,1,0.31751639464096865,0.3387240766465823,0.3097145157201761,False,,0.0
sampled_npg_reward_only,uniform,4,91027,False,1,0.9838311051584795,0.968361188676178,0.9996847033895833,True,12,0.06153846153846154
sampled_npg_reward_only,uniform,4,91028,False,1,0.9694494087669437,0.9471303342509725,0.996780011521066,True,8,0.06060606060606061
sampled_npg_reward_only,uniform,4,91029,False,1,0.48795119610368226,0.08780352833215932,0.5122841290053389,False,13,0.3783783783783784
sampled_npg_reward_only,uniform,4,91030,False,1,0.49714515187421704,0.38287586296139936,0.6102598114880143,False,12,0.09090909090909091
sampled_npg_reward_only,uniform,4,91031,False,1,0.9716640146979556,0.9482251923317251,0.9983088579515682,True,5,0.0425531914893617
sampled_npg_reward_only,uniform,4,91032,False,1,0.3887420903347992,0.34665751696688446,0.46020384265475084,False,10,0.18181818181818182
sampled_npg_reward_only,uniform,4,91033,False,1,0.9250883760888526,0.8641714688051098,0.9950378980116327,False,6,0.0
sampled_npg_reward_only,uniform,4,91034,False,1,0.9275014418177031,0.8652405353505394,0.9962965109049925,False,15,0.0847457627118644
sampled_npg_reward_only,uniform,4,91035,False,1,0.5,0.0,0.41770366496032907,False,,0.6129032258064516
sampled_npg_reward_only,uniform,4,91036,False,1,0.31630562573295656,0.4008799409420794,0.3139613660518111,False,,0.0
sampled_npg_reward_only,uniform,4,91037,False,1,0.49909877325173446,0.022351584851418776,0.61722660135583,False,26,0.29545454545454547
sampled_npg_reward_only,uniform,4,91038,False,1,0.9635931064698562,0.9311242896035383,0.9985151349767579,True,11,0.10465116279069768
sampled_npg_reward_only,uniform,4,91039,False,1,0.9851054284485228,0.9703163466290512,0.9999525215277608,True,9,0.02666666666666667
sampled_npg_reward_only,uniform,4,91040,False,1,0.9387115232355404,0.8774278669244959,0.9999993192638037,False,6,0.13636363636363635
sampled_npg_reward_only,uniform,4,91041,False,1,0.9999989987709414,0.9999989800821831,0.999999999967693,True,6,0.09302325581395349
sampled_npg_reward_only,uniform,4,91042,False,1,0.4938267846148095,0.0033805099508136924,0.21838825442018353,False,,0.5
sampled_npg_reward_only,uniform,4,91043,False,1,0.9006389461557943,0.8133559267964617,0.9956362017847544,False,11,0.061224489795918366
sampled_npg_reward_only,uniform,4,91044,False,1,0.9991104109069783,0.9999301706936927,0.9991458321890254,True,4,0.022727272727272728
sampled_npg_reward_only,uniform,4,91045,False,1,0.9909955960954124,0.985640672595053,0.9986179859341767,True,11,0.10714285714285714
sampled_npg_reward_only,uniform,4,91046,False,1,1.0,1.0,1.0,True,12,0.0196078431372549
sampled_npg_reward_only,uniform,4,91047,False,1,0.9999999834577517,0.9999999999996712,0.99999998334352,True,7,0.08433734939759036
sampled_npg_reward_only,uniform,4,91048,False,1,0.49854723541844065,0.001336211440988007,0.41240821731539956,False,18,0.45454545454545453
sampled_npg_reward_only,uniform,4,91049,False,1,0.4508960589788488,0.021958901522040098,0.2844496678176028,False,,0.5925925925925926
sampled_npg_reward_only,uniform,4,91050,False,1,0.31845059799494435,0.34515982320236627,0.3611112440790366,False,,0.0
sampled_npg_reward_only,uniform,4,91051,False,1,0.9486207130557296,0.9011581347168158,0.998697423481824,True,15,0.1038961038961039
sampled_npg_reward_only,uniform,4,91052,False,1,0.9978761259112594,0.9997301480757175,0.998027457609173,True,9,0.045454545454545456
sampled_npg_reward_only,uniform,4,91053,False,1,1.0,1.0,1.0,True,10,0.04918032786885246
sampled_npg_reward_only,uniform,4,91054,False,1,0.9094192807645081,0.8505001895473355,0.9901415824309927,False,7,0.1276595744680851
sampled_npg_reward_only,uniform,4,91055,False,1,0.9536880692393813,0.9081918071224606,0.9998154068228379,True,11,0.06779661016949153
sampled_npg_reward_only,uniform,4,91056,False,1,1.0,1.0,1.0,True,16,0.1111111111111111
sampled_npg_reward_only,uniform,4,91057,False,1,0.5036346381684506,0.020329544914486207,0.8247341398990707,False,22,0.3333333333333333
sampled_npg_reward_only,uniform,4,91058,False,1,0.3020797749954034,0.31683251728581036,0.3333333333333333,False,,0.5
sampled_npg_reward_only,uniform,4,91059,False,1,0.38042330432084304,0.33221689904990576,0.43022937506077963,False,,0.1
sampled_npg_reward_only,uniform,4,91060,False,1,0.43566950290518114,0.03949844779678949,0.3728785625363204,False,,0.5172413793103449
sampled_npg_reward_only,uniform,4,91061,False,1,0.9999853382412284,0.9999989329473653,0.9999861918694842,True,11,0.09523809523809523
sampled_npg_reward_only,uniform,4,91062,False,1,0.4967099515931348,0.009613156171027249,0.3385610993688496,False,30,0.38636363636363635
sampled_npg_reward_only,uniform,4,91063,False,1,0.9268504791183936,0.8539465461366997,0.999888419675983,False,15,0.04411764705882353
sampled_npg_reward_only,uniform,4,91064,False,1,0.9866293383822246,0.9733025545484317,0.9999866502127259,True,14,0.12307692307692308
sampled_npg_reward_only,uniform,4,91065,False,1,0.9474266458011467,0.9092905419729119,0.9957700780457466,True,6,0.0
sampled_npg_reward_only,uniform,4,91066,False,1,0.9632726562610222,0.9270392713767113,0.9998448823515045,True,27,0.13402061855670103
sampled_npg_reward_only,uniform,4,91067,False,1,1.0,1.0,1.0,True,7,0.024390243902439025
sampled_npg_reward_only,uniform,4,91068,False,1,0.30719573535632694,0.34887718095830106,0.36300861237631044,False,,0.0
sampled_npg_reward_only,uniform,4,91069,False,1,0.49492492873417165,0.007585506905970074,0.4050253716193082,False,,0.5
sampled_npg_reward_only,uniform,4,91070,False,1,0.44678689678799166,0.014864387175692963,0.31655712609201403,False,,0.75
sampled_npg_reward_only,uniform,4,91071,False,1,0.31180733907037805,0.33967123261050797,0.32517987441167673,False,,0.0
sampled_npg_reward_only,uniform,4,91072,False,1,0.49280409812201686,0.08684689148921187,0.49573359716406934,False,20,0.43243243243243246
sampled_npg_reward_only,uniform,4,91073,False,1,0.46975096097801083,0.13634151641328277,0.29448249872890425,False,,0.43333333333333335
sampled_npg_reward_only,uniform,4,91074,False,1,0.30245692647961253,0.3128576188415818,0.3333333333333333,False,,0.5
sampled_npg_reward_only,uniform,4,91075,False,1,0.9039282020296352,0.8189841154648493,0.9962930855909006,False,5,0.020833333333333332
sampled_npg_reward_only,uniform,4,91076,False,1,0.5,0.0,0.7457069386308268,False,12,0.4146341463414634
sampled_npg_reward_only,uniform,4,91077,False,1,0.9894475354395498,0.982068308644571,0.9986180593105295,True,11,0.18095238095238095
sampled_npg_reward_only,uniform,4,91078,False,1,0.9250064122886175,0.8592618856781155,0.9968219178409147,False,9,0.0625
sampled_npg_reward_only,uniform,4,91079,False,1,0.9999877329653944,0.9999917949872263,0.9999956627849712,True,5,0.03125
sampled_npg_reward_only,uniform,4,91080,False,1,0.4976448823290577,0.002334565783305688,0.6583810008803789,False,16,0.4186046511627907
sampled_npg_reward_only,uniform,4,91081,False,1,0.5,4.838702846235006e-150,0.9312800928527701,False,14,0.35294117647058826
sampled_npg_reward_only,uniform,4,91082,False,1,0.41970999518762236,0.02205757203964587,0.2728449993742222,False,,0.7241379310344828
sampled_npg_reward_only,uniform,4,91083,False,1,0.33217327428127436,0.3248367068804029,0.3476840327000259,False,,0.0
sampled_npg_reward_only,uniform,4,91084,False,1,0.9968909718458882,0.9991996829876292,0.9975358662971782,True,6,0.11363636363636363
sampled_npg_reward_only,uniform,4,91085,False,1,0.29999999999999993,0.3333333333333333,0.3333333333333333,False,,0.0
sampled_npg_reward_only,uniform,4,91086,False,1,0.5,0.0,0.3613242357386856,False,,0.3870967741935484
sampled_npg_reward_only,uniform,4,91087,False,1,0.4947986991686522,0.009740047660944252,0.2189135720012629,False,,0.38235294117647056
sampled_npg_reward_only,uniform,4,91088,False,1,0.29999999999999993,0.3333333333333333,0.3333333333333333,False,,0.0
sampled_npg_reward_only,uniform,4,91089,False,1,0.499924461654188,3.849107934450896e-05,0.5750924708389784,False,13,0.2857142857142857
sampled_npg_reward_only,uniform,4,91090,False,1,0.4962542211408158,0.00040893508337382935,0.21262797718056284,False,,0.7272727272727273
sampled_npg_reward_only,uniform,4,91091,False,1,0.29999999999999993,0.3333333333333333,0.3333333333333333,False,,0.0
sampled_npg_reward_only,uniform,4,91092,False,1,0.34235367862056154,0.33846613760842587,0.39088008708440886,False,,0.25
sampled_npg_reward_only,uniform,4,91093,False,1,0.9273241298500301,0.8631956718175305,0.9966862106850336,False,26,0.1125
sampled_npg_reward_only,uniform,4,91094,False,1,0.4738578083009804,0.005449825394468074,0.44069867930693385,False,20,0.6857142857142857
sampled_npg_reward_only,uniform,4,91095,False,1,0.4859084237344825,0.16853902500614706,0.4266767718608384,False,18,0.41025641025641024
sampled_npg_reward_only,uniform,4,91096,False,1,0.4988672213073978,0.0014069942686833132,0.8269188773257736,False,14,0.46511627906976744
sampled_npg_reward_only,uniform,4,91097,False,1,0.9333929824539181,0.8848361409481466,0.9934045024848313,False,7,0.021739130434782608
sampled_npg_reward_only,uniform,4,91098,False,1,0.356945604971449,0.30447847350887247,0.36454109998746353,False,,0.125
sampled_npg_reward_only,uniform,4,91099,False,1,0.4970920521555108,0.024775065914245064,0.5446981494914334,False,15,0.38235294117647056
sampled_npg_logbarrier_handoff,uniform,4,91000,False,1,0.9999999999933515,0.9999999999964979,0.9999999999968361,True,11,0.029296875
sampled_npg_logbarrier_handoff,uniform,4,91001,False,1,0.9758127050154879,0.9516308274131504,0.9999991156688068,True,34,0.10666666666666667
sampled_npg_logbarrier_handoff,uniform,4,91002,False,1,0.789416138967271,0.8680043772234289,0.868936151768259,False,8,0.09233791748526522
sampled_npg_logbarrier_handoff,uniform,4,91003,False,1,0.9798700046497698,0.9888090385997863,0.988744679244835,True,18,0.09941520467836257
sampled_npg_logbarrier_handoff,uniform,4,91004,False,1,0.7628394556902304,0.8165997537478475,0.8668372233308201,False,5,0.013725490196078431
sampled_npg_logbarrier_handoff,uniform,4,91005,False,1,0.7359011994520959,0.7903527455749985,0.850609792272289,False,6,0.027450980392156862
sampled_npg_logbarrier_handoff,uniform,4,91006,False,1,0.7770584387845878,0.8521354985472797,0.8614077899851562,False,4,0.01768172888015717
sampled_npg_logbarrier_handoff,uniform,4,91007,False,1,0.9880382840288645,0.9878474347884776,0.993802660517306,True,12,0.10679611650485436
sampled_npg_logbarrier_handoff,uniform,4,91008,False,1,0.7715923885043529,0.8582632009104687,0.8497803918569139,False,9,0.19842829076620824
sampled_npg_logbarrier_handoff,uniform,4,91009,False,1,0.29999999999999993,0.3333333333333333,0.3333333333333333,False,,0.0
sampled_npg_logbarrier_handoff,uniform,4,91010,False,1,0.9999985671587411,0.999998814304602,0.9999997252851116,True,10,0.103515625
sampled_npg_logbarrier_handoff,uniform,4,91011,False,1,0.7308971275191255,0.8146426967071607,0.8257309598294515,False,4,0.054901960784313725
sampled_npg_logbarrier_handoff,uniform,4,91012,False,1,0.9681771514015381,0.9783356805263766,0.9855807969245488,True,17,0.011673151750972763
sampled_npg_logbarrier_handoff,uniform,4,91013,False,1,1.0,1.0,1.0,True,13,0.21526418786692758
sampled_npg_logbarrier_handoff,uniform,4,91014,False,1,1.0,1.0,1.0,True,37,0.04892367906066536
sampled_npg_logbarrier_handoff,uniform,4,91015,False,1,0.9918778351595248,0.9926960077196134,0.99802975047875,True,28,0.14980544747081712
sampled_npg_logbarrier_handoff,uniform,4,91016,False,1,0.9849750657539166,0.9703588099120286,0.9998438540609269,True,13,0.07387387387387387
sampled_npg_logbarrier_handoff,uniform,4,91017,False,1,0.9919282767764778,0.992773944316812,0.9986234018525537,True,6,0.005836575875486381
sampled_npg_logbarrier_handoff,uniform,4,91018,False,1,1.0,1.0,1.0,True,32,0.29097605893186
sampled_npg_logbarrier_handoff,uniform,4,91019,False,1,0.29999999999999993,0.3333333333333333,0.3333333333333333,False,,0.0
sampled_npg_logbarrier_handoff,uniform,4,91020,False,1,0.9986115118549578,0.9987215131423312,0.999764072758549,True,15,0.07198443579766536
sampled_npg_logbarrier_handoff,uniform,4,91021,False,1,0.7394376179215828,0.7788282833344563,0.8505173282677858,False,37,0.14705882352941177
sampled_npg_logbarrier_handoff,uniform,4,91022,False,1,0.960086513966874,0.970761294811376,0.9817606963533119,True,56,0.11046511627906977
sampled_npg_logbarrier_handoff,uniform,4,91023,False,1,1.0,1.0,1.0,True,11,0.003913894324853229
sampled_npg_logbarrier_handoff,uniform,4,91024,False,1,1.0,1.0,1.0,True,9,0.0547945205479452
sampled_npg_logbarrier_handoff,uniform,4,91025,False,1,0.7608409195856403,0.8653185005348325,0.8282575555894406,False,16,0.0137524557956778
sampled_npg_logbarrier_handoff,uniform,4,91026,False,1,1.0,1.0,1.0,True,3,0.05675146771037182
sampled_npg_logbarrier_handoff,uniform,4,91027,False,1,0.9999903372442324,0.9999910509306582,0.999999007159364,True,33,0.138671875
sampled_npg_logbarrier_handoff,uniform,4,91028,False,1,0.3408563407755757,0.20374266970600793,0.34324781237164365,False,19,0.33663366336633666
sampled_npg_logbarrier_handoff,uniform,4,91029,False,1,0.8986758781479758,0.8396452709912954,0.9869539312261641,False,20,0.023121387283236993
sampled_npg_logbarrier_handoff,uniform,4,91030,False,1,0.955348376318737,0.9583411844181002,0.9858639593126091,True,55,0.029182879377431907
sampled_npg_logbarrier_handoff,uniform,4,91031,False,1,0.8121730070751311,0.8813139792808784,0.8806416679945794,False,5,0.03137254901960784
sampled_npg_logbarrier_handoff,uniform,4,91032,False,1,0.9629283186491472,0.9644995035642927,0.9862257347010306,True,17,0.14591439688715954
sampled_npg_logbarrier_handoff,uniform,4,91033,False,1,1.0,1.0,1.0,True,10,0.162426614481409
sampled_npg_logbarrier_handoff,uniform,4,91034,False,1,1.0,1.0,1.0,True,13,0.26953125
sampled_npg_logbarrier_handoff,uniform,4,91035,False,1,0.9650393558675222,0.9694776856234638,0.9902651444909609,True,35,0.038910505836575876
sampled_npg_logbarrier_handoff,uniform,4,91036,False,1,0.9999876296866455,0.9999904467027236,0.9999968672570856,True,8,0.083984375
sampled_npg_logbarrier_handoff,uniform,4,91037,False,1,0.7528423917585435,0.8184241356747255,0.8541290540373583,False,37,0.041176470588235294
sampled_npg_logbarrier_handoff,uniform,4,91038,False,1,0.9949105884043293,0.9979496618670808,0.9966132612223355,True,24,0.04660194174757282
sampled_npg_logbarrier_handoff,uniform,4,91039,False,1,1.0,1.0,1.0,True,13,0.03718199608610567
sampled_npg_logbarrier_handoff,uniform,4,91040,False,1,0.7787394344575078,0.8162249211558815,0.8804281622694752,False,6,0.045098039215686274
sampled_npg_logbarrier_handoff,uniform,4,91041,False,1,0.9999997529417772,0.9999997925315063,0.9999999571673476,True,6,0.009765625
sampled_npg_logbarrier_handoff,uniform,4,91042,False,1,0.8087574378340001,0.8738855876900246,0.8813730933610412,False,16,0.011811023622047244
sampled_npg_logbarrier_handoff,uniform,4,91043,False,1,0.9281351393604771,0.9346189663203034,0.9747829744091966,True,14,0.015503875968992248
sampled_npg_logbarrier_handoff,uniform,4,91044,False,1,0.8308343364863429,0.9098175811813237,0.8756151434801367,False,4,0.07269155206286837
sampled_npg_logbarrier_handoff,uniform,4,91045,False,1,0.9966129060969907,0.9989864550735115,0.9974421237370938,True,17,0.01556420233463035
sampled_npg_logbarrier_handoff,uniform,4,91046,False,1,1.0,1.0,1.0,True,14,0.0136986301369863
sampled_npg_logbarrier_handoff,uniform,4,91047,False,1,1.0,1.0,1.0,True,7,0.173828125
sampled_npg_logbarrier_handoff,uniform,4,91048,False,1,1.0,1.0,1.0,True,45,0.023483365949119372
sampled_npg_logbarrier_handoff,uniform,4,91049,False,1,0.98028176372854,0.9831243486934048,0.9959864500698155,True,33,0.20194174757281552
sampled_npg_logbarrier_handoff,uniform,4,91050,False,1,1.0,1.0,1.0,True,58,0.10546875
sampled_npg_logbarrier_handoff,uniform,4,91051,False,1,1.0,1.0,1.0,True,37,0.0136986301369863
sampled_npg_logbarrier_handoff,uniform,4,91052,False,1,0.7405929374194029,0.823978361567603,0.8330096003782199,False,11,0.0058823529411764705
sampled_npg_logbarrier_handoff,uniform,4,91053,False,1,0.9983538679250252,0.9998104096366855,0.9984694622912668,True,10,0.009727626459143969
sampled_npg_logbarrier_handoff,uniform,4,91054,False,1,1.0,1.0,1.0,True,12,0.05283757338551859
sampled_npg_logbarrier_handoff,uniform,4,91055,False,1,0.998930408480495,0.9996277288206629,0.9992500584287921,True,18,0.0935672514619883
sampled_npg_logbarrier_handoff,uniform,4,91056,False,1,1.0,1.0,1.0,True,50,0.050880626223091974
sampled_npg_logbarrier_handoff,uniform,4,91057,False,1,0.5430935924891394,0.1085094579134371,0.9824095825429623,False,25,0.11524163568773234
sampled_npg_logbarrier_handoff,uniform,4,91058,False,1,0.9292968304118042,0.9406521201764866,0.968031631119564,True,9,0.013592233009708738
sampled_npg_logbarrier_handoff,uniform,4,91059,False,1,0.8084120935225233,0.8781622095061804,0.8776811169945108,False,42,0.0962671905697446
sampled_npg_logbarrier_handoff,uniform,4,91060,False,1,0.8168494855094609,0.8776025684779509,0.8845667738639238,False,22,0.28094302554027506
sampled_npg_logbarrier_handoff,uniform,4,91061,False,1,0.8914292090233634,0.8487750674716241,0.979536467585358,False,30,0.023121387283236993
sampled_npg_logbarrier_handoff,uniform,4,91062,False,1,0.9815000098175096,0.9943842002216996,0.9839145230995585,True,40,0.29523809523809524
sampled_npg_logbarrier_handoff,uniform,4,91063,False,1,0.9181749949854483,0.8819936168082814,0.9908445878338387,False,56,0.05813953488372093
sampled_npg_logbarrier_handoff,uniform,4,91064,False,1,1.0,1.0,1.0,True,18,0.019157088122605363
sampled_npg_logbarrier_handoff,uniform,4,91065,False,1,0.975117685471875,0.9735797511843041,0.9910411116068162,True,13,0.04085603112840467
sampled_npg_logbarrier_handoff,uniform,4,91066,False,1,0.9999999999909445,0.9999999999909228,1.0,True,17,0.07992202729044834
sampled_npg_logbarrier_handoff,uniform,4,91067,False,1,0.9693008866577265,0.9424990403711626,0.9987391429900709,True,7,0.013539651837524178
sampled_npg_logbarrier_handoff,uniform,4,91068,False,1,0.9208881461384166,1.0,0.9017028095563074,True,6,0.003875968992248062
sampled_npg_logbarrier_handoff,uniform,4,91069,False,1,0.7351530377935735,0.804459770950826,0.833040011797444,False,41,0.041176470588235294
sampled_npg_logbarrier_handoff,uniform,4,91070,False,1,0.999999999999998,0.9999999999999982,0.9999999999999998,True,48,0.048828125
sampled_npg_logbarrier_handoff,uniform,4,91071,False,1,0.989782615429594,0.9950023718124583,0.9939378641111526,True,5,0.1189083820662768
sampled_npg_logbarrier_handoff,uniform,4,91072,False,1,1.0,1.0,1.0,True,24,0.025440313111545987
sampled_npg_logbarrier_handoff,uniform,4,91073,False,1,0.7430709524032733,0.806611231397594,0.8498168563672103,False,23,0.03137254901960784
sampled_npg_logbarrier_handoff,uniform,4,91074,False,1,0.9881986514066624,0.9935747615349814,0.9933343214924601,True,9,0.01364522417153996
sampled_npg_logbarrier_handoff,uniform,4,91075,False,1,0.9576853587800568,0.9155284186899074,0.9999274671918735,True,5,0.25405405405405407
sampled_npg_logbarrier_handoff,uniform,4,91076,False,1,0.9556208265267596,0.9629781339430262,0.9898456104522712,True,15,0.02529182879377432
sampled_npg_logbarrier_handoff,uniform,4,91077,False,1,0.7981019446469644,0.862106624798654,0.8764820556602101,False,30,0.08055009823182711
sampled_npg_logbarrier_handoff,uniform,4,91078,False,1,0.9972298554800709,0.9988929857187624,0.9982057065741274,True,66,0.1556420233463035
sampled_npg_logbarrier_handoff,uniform,4,91079,False,1,1.0,1.0,1.0,True,5,0.007827788649706457
sampled_npg_logbarrier_handoff,uniform,4,91080,False,1,1.0,1.0,1.0,True,41,0.1917808219178082
sampled_npg_logbarrier_handoff,uniform,4,91081,False,1,0.9401454016364383,0.8842868759106893,0.9988205729026961,False,14,0.08653846153846154
sampled_npg_logbarrier_handoff,uniform,4,91082,False,1,0.8145372228205219,0.9018285278294134,0.8671349203274981,False,14,0.1237721021611002
sampled_npg_logbarrier_handoff,uniform,4,91083,False,1,1.0,1.0,1.0,True,11,0.015355086372360844
sampled_npg_logbarrier_handoff,uniform,4,91084,False,1,1.0,1.0,1.0,True,7,0.0136986301369863
sampled_npg_logbarrier_handoff,uniform,4,91085,False,1,0.29999999999999993,0.3333333333333333,0.3333333333333333,False,,0.0
sampled_npg_logbarrier_handoff,uniform,4,91086,False,1,0.9364670124668933,0.8919464027463823,0.9953097097140529,False,22,0.05232558139534884
sampled_npg_logbarrier_handoff,uniform,4,91087,False,1,0.9170666686545055,0.8962285066224838,0.9831146509298223,False,34,0.023255813953488372
sampled_npg_logbarrier_handoff,uniform,4,91088,False,1,0.29999999999999993,0.3333333333333333,0.3333333333333333,False,,0.0
sampled_npg_logbarrier_handoff,uniform,4,91089,False,1,0.9877662541156311,0.9928932286281372,0.9930310307777082,True,13,0.0682261208576998
sampled_npg_logbarrier_handoff,uniform,4,91090,False,1,0.9555238223823479,0.9439183351559899,0.9904330341407126,True,11,0.040697674418604654
sampled_npg_logbarrier_handoff,uniform,4,91091,False,1,0.29999999999999993,0.3333333333333333,0.3333333333333333,False,,0.0
sampled_npg_logbarrier_handoff,uniform,4,91092,False,1,0.7519665047273361,0.8254359432854103,0.8445864036495413,False,17,0.01873536299765808
sampled_npg_logbarrier_handoff,uniform,4,91093,False,1,0.9961219567011371,0.9985912749329786,0.9973362986713564,True,34,0.24366471734892786
sampled_npg_logbarrier_handoff,uniform,4,91094,False,1,0.7936507717929917,0.8814847673823062,0.8368079647549279,False,32,0.06274509803921569
sampled_npg_logbarrier_handoff,uniform,4,91095,False,1,0.9980893830368778,0.9993829137073514,0.9986315274477188,True,73,0.048638132295719845
sampled_npg_logbarrier_handoff,uniform,4,91096,False,1,0.7854570722479951,0.8506869171010438,0.8756811550763998,False,41,0.04911591355599214
sampled_npg_logbarrier_handoff,uniform,4,91097,False,1,0.9777202654091947,0.9571916151812887,0.9993890354087004,True,7,0.003875968992248062
sampled_npg_logbarrier_handoff,uniform,4,91098,False,1,0.922895558329497,0.8905232166229183,0.9851904116542495,False,10,0.05791505791505792
sampled_npg_logbarrier_handoff,uniform,4,91099,False,1,0.7550138664270903,0.8393320072874539,0.843759692859209,False,21,0.09215686274509804
sampled_pg_logbarrier_fixed,uniform,4,91000,True,0,0.5638544536037384,0.528258955327696,0.7420476355561422,False,117,0.074
sampled_pg_logbarrier_fixed,uniform,4,91001,True,0,0.5813640410520137,0.5548637824186325,0.7575481469081757,False,131,0.099
sampled_pg_logbarrier_fixed,uniform,4,91002,True,0,0.5794103234208511,0.5621940817453486,0.7505718848956522,False,147,0.101
sampled_pg_logbarrier_fixed,uniform,4,91003,True,0,0.5838609519487266,0.5745346493036138,0.7494771051491955,False,129,0.106
sampled_pg_logbarrier_fixed,uniform,4,91004,True,0,0.599902949366765,0.6046962802198479,0.7596104026292637,False,99,0.085
sampled_pg_logbarrier_fixed,uniform,4,91005,True,0,0.6048888245913636,0.6204174765346137,0.7586479388520315,False,128,0.096
sampled_pg_logbarrier_fixed,uniform,4,91006,True,0,0.593122408703108,0.5820559680395958,0.7591453681094381,False,95,0.067
sampled_pg_logbarrier_fixed,uniform,4,91007,True,0,0.6025231233895648,0.6097252741139728,0.762303338338832,False,133,0.098
sampled_pg_logbarrier_fixed,uniform,4,91008,True,0,0.5976917207747239,0.6028270174162104,0.7582992066393887,False,142,0.128
sampled_pg_logbarrier_fixed,uniform,4,91009,True,0,0.5962904544770463,0.6081829438453478,0.7519330008241423,False,126,0.1
sampled_pg_logbarrier_fixed,uniform,4,91010,True,0,0.6019575014780294,0.5971351083106488,0.7665119239761371,False,141,0.07
sampled_pg_logbarrier_fixed,uniform,4,91011,True,0,0.6084290078534538,0.6096779258727943,0.7705721449172702,False,131,0.092
sampled_pg_logbarrier_fixed,uniform,4,91012,True,0,0.5930859262439573,0.6167538055636294,0.7395861589863454,False,117,0.082
sampled_pg_logbarrier_fixed,uniform,4,91013,True,0,0.6010358657276536,0.6106381969385389,0.757767388336318,False,104,0.079
sampled_pg_logbarrier_fixed,uniform,4,91014,True,0,0.5961164377481871,0.6127469235001227,0.7483678374615371,False,139,0.114
sampled_pg_logbarrier_fixed,uniform,4,91015,True,0,0.6090004488701821,0.6224127220321899,0.7633992863030682,False,93,0.067
sampled_pg_logbarrier_fixed,uniform,4,91016,True,0,0.5852329844522224,0.5673081271985576,0.7584389310915867,False,132,0.095
sampled_pg_logbarrier_fixed,uniform,4,91017,True,0,0.596955209000441,0.595053735544591,0.7583905728233469,False,139,0.075
sampled_pg_logbarrier_fixed,uniform,4,91018,True,0,0.6054636153373634,0.6088151416178212,0.7653294621989306,False,117,0.08
sampled_pg_logbarrier_fixed,uniform,4,91019,True,0,0.5841036319761089,0.561265703351348,0.7576158965315702,False,136,0.091
sampled_pg_logbarrier_fixed,uniform,4,91020,True,0,0.574224522247088,0.5638865636892906,0.739795313123952,False,141,0.103
sampled_pg_logbarrier_fixed,uniform,4,91021,True,0,0.6110299901658576,0.6272567279445795,0.7636607269406912,False,157,0.099
sampled_pg_logbarrier_fixed,uniform,4,91022,True,0,0.6069018474256791,0.6210326363910323,0.7606706093954843,False,91,0.078
sampled_pg_logbarrier_fixed,uniform,4,91023,True,0,0.6091345221966499,0.621769491995024,0.7648628425326928,False,175,0.099
sampled_pg_logbarrier_fixed,uniform,4,91024,True,0,0.5923976969888806,0.5863391138703825,0.7557026709869284,False,138,0.077
sampled_pg_logbarrier_fixed,uniform,4,91025,True,0,0.6080530380032679,0.6216841465242031,0.7622526321529304,False,143,0.092
sampled_pg_logbarrier_fixed,uniform,4,91026,True,0,0.6218722669071143,0.6523462112618433,0.7677109777355121,False,160,0.116
sampled_pg_logbarrier_fixed,uniform,4,91027,True,0,0.6019021158204362,0.6013987608482401,0.7646087947528165,False,140,0.075
sampled_pg_logbarrier_fixed,uniform,4,91028,True,0,0.5892192546069651,0.5813449771727562,0.7550279368989756,False,136,0.096
sampled_pg_logbarrier_fixed,uniform,4,91029,True,0,0.6021735824753331,0.6072014210759598,0.7622856501158152,False,131,0.093
sampled_pg_logbarrier_fixed,uniform,4,91030,True,0,0.5864159474760123,0.5765209800165713,0.751917210441954,False,144,0.077
sampled_pg_logbarrier_fixed,uniform,4,91031,True,0,0.616853478792707,0.6294240613406676,0.7717102606038402,False,95,0.067
sampled_pg_logbarrier_fixed,uniform,4,91032,True,0,0.6015428142852686,0.6051977995980197,0.7605086883792046,False,108,0.094
sampled_pg_logbarrier_fixed,uniform,4,91033,True,0,0.6076172908250818,0.6238387722443234,0.7612788960745778,False,140,0.088
sampled_pg_logbarrier_fixed,uniform,4,91034,True,0,0.575591990397455,0.5568860150930526,0.7468158790887862,False,133,0.113
sampled_pg_logbarrier_fixed,uniform,4,91035,True,0,0.5570055744275898,0.5201497207445275,0.7341827065174122,False,154,0.119
sampled_pg_logbarrier_fixed,uniform,4,91036,True,0,0.5890184577499082,0.5867157532676145,0.7526875438863591,False,181,0.108
sampled_pg_logbarrier_fixed,uniform,4,91037,True,0,0.5959899875431887,0.5931346050594969,0.758290336717982,False,112,0.075
sampled_pg_logbarrier_fixed,uniform,4,91038,True,0,0.5587823739671542,0.5210953901178194,0.7375238032022767,False,133,0.123
sampled_pg_logbarrier_fixed,uniform,4,91039,True,0,0.6157964708164932,0.637025547946662,0.7653449717714879,False,149,0.082
sampled_pg_logbarrier_fixed,uniform,4,91040,True,0,0.6050332587245112,0.6152936305328459,0.7603447255115157,False,130,0.087
sampled_pg_logbarrier_fixed,uniform,4,91041,True,0,0.5788419078082029,0.555644351475959,0.7531471320028972,False,134,0.119
sampled_pg_logbarrier_fixed,uniform,4,91042,True,0,0.6378505129107703,0.6727504752240004,0.7784400126233192,False,129,0.046
sampled_pg_logbarrier_fixed,uniform,4,91043,True,0,0.6169637704847121,0.6442656089960641,0.7639519013973761,False,145,0.074
sampled_pg_logbarrier_fixed,uniform,4,91044,True,0,0.5873898326135877,0.5760230276381024,0.7557307362618636,False,137,0.073
sampled_pg_logbarrier_fixed,uniform,4,91045,True,0,0.6067308705690181,0.6204325759195419,0.7597269854012769,False,129,0.081
sampled_pg_logbarrier_fixed,uniform,4,91046,True,0,0.5983865132622196,0.6035381714103567,0.756226063178948,False,92,0.066
sampled_pg_logbarrier_fixed,uniform,4,91047,True,0,0.5997586812960862,0.5968990491040076,0.7633261537964975,False,125,0.086
sampled_pg_logbarrier_fixed,uniform,4,91048,True,0,0.6073221011060967,0.6251095635385288,0.7595358601004897,False,118,0.071
sampled_pg_logbarrier_fixed,uniform,4,91049,True,0,0.5965322201362433,0.6101120294278879,0.751525978467061,False,189,0.1
sampled_pg_logbarrier_fixed,uniform,4,91050,True,0,0.5750327940179608,0.5473481866896723,0.7485726963340938,False,103,0.069
sampled_pg_logbarrier_fixed,uniform,4,91051,True,0,0.5993284312699804,0.5960402086214315,0.7626785934680266,False,104,0.05
sampled_pg_logbarrier_fixed,uniform,4,91052,True,0,0.6165928313231006,0.6433436671711501,0.7638905330531691,False,86,0.074
sampled_pg_logbarrier_fixed,uniform,4,91053,True,0,0.5762001198883921,0.5473923656618938,0.7514074687174997,False,118,0.077
sampled_pg_logbarrier_fixed,uniform,4,91054,True,0,0.5933445124421926,0.6016050112193883,0.7504574204274828,False,117,0.102
sampled_pg_logbarrier_fixed,uniform,4,91055,True,0,0.5918523805029507,0.5885592307261281,0.7562325469448951,False,125,0.087
sampled_pg_logbarrier_fixed,uniform,4,91056,True,0,0.5893200444043604,0.5909576472976352,0.7493283602102961,False,134,0.1
sampled_pg_logbarrier_fixed,uniform,4,91057,True,0,0.5991749524156396,0.5980119831108377,0.7636688945213548,False,133,0.084
sampled_pg_logbarrier_fixed,uniform,4,91058,True,0,0.5877161767264187,0.5772263660426433,0.7558450584214614,False,141,0.097
sampled_pg_logbarrier_fixed,uniform,4,91059,True,0,0.601673488508553,0.6150801803251612,0.7545160218847529,False,132,0.079
sampled_pg_logbarrier_fixed,uniform,4,91060,True,0,0.6020956629897334,0.6065525931343806,0.7623234764753603,False,129,0.084
sampled_pg_logbarrier_fixed,uniform,4,91061,True,0,0.5962901922454491,0.6009562485005144,0.7558541927368926,False,137,0.106
sampled_pg_logbarrier_fixed,uniform,4,91062,True,0,0.5838491400554694,0.5795822103727071,0.7463330470972307,False,128,0.098
sampled_pg_logbarrier_fixed,uniform,4,91063,True,0,0.5944788224321258,0.5981150988427915,0.7555009173635363,False,130,0.084
sampled_pg_logbarrier_fixed,uniform,4,91064,True,0,0.6116693423439893,0.6222784774834113,0.7664308214316786,False,87,0.062
sampled_pg_logbarrier_fixed,uniform,4,91065,True,0,0.5951129147289473,0.6047462020790142,0.75358746877316,False,179,0.132
sampled_pg_logbarrier_fixed,uniform,4,91066,True,0,0.603106551892561,0.6046299456614972,0.7642653586035338,False,132,0.088
sampled_pg_logbarrier_fixed,uniform,4,91067,True,0,0.581404229476368,0.5652373865042076,0.752098723173915,False,118,0.105
sampled_pg_logbarrier_fixed,uniform,4,91068,True,0,0.6079235552356641,0.6161170036872696,0.7647098761645831,False,114,0.071
sampled_pg_logbarrier_fixed,uniform,4,91069,True,0,0.5985196422889468,0.5992846881025354,0.7588206443133464,False,117,0.089
sampled_pg_logbarrier_fixed,uniform,4,91070,True,0,0.590717004847497,0.5960224362665034,0.7501417324946079,False,114,0.107
sampled_pg_logbarrier_fixed,uniform,4,91071,True,0,0.617801206837391,0.6290475290386095,0.7741084635649091,False,152,0.083
sampled_pg_logbarrier_fixed,uniform,4,91072,True,0,0.5637098796174859,0.5363652474992444,0.7348128120180584,False,129,0.106
sampled_pg_logbarrier_fixed,uniform,4,91073,True,0,0.602485901948754,0.6100775670056005,0.759830586984584,False,166,0.085
sampled_pg_logbarrier_fixed,uniform,4,91074,True,0,0.5939487435032349,0.593695746698148,0.7538672567789014,False,115,0.083
sampled_pg_logbarrier_fixed,uniform,4,91075,True,0,0.5972704904371549,0.5933320482443031,0.7608757056996933,False,149,0.079
sampled_pg_logbarrier_fixed,uniform,4,91076,True,0,0.5760733283348687,0.5626956935447673,0.7427737257850818,False,144,0.089
sampled_pg_logbarrier_fixed,uniform,4,91077,True,0,0.5726062303069448,0.5736520928478644,0.7320776536790888,False,168,0.106
sampled_pg_logbarrier_fixed,uniform,4,91078,True,0,0.5811729299621735,0.5719729654406649,0.7473763820066258,False,150,0.085
sampled_pg_logbarrier_fixed,uniform,4,91079,True,0,0.6219037363704649,0.6603723409962442,0.7623108813191457,False,142,0.075
sampled_pg_logbarrier_fixed,uniform,4,91080,True,0,0.6077762255944213,0.6232403409378542,0.7590940582425619,False,134,0.071
sampled_pg_logbarrier_fixed,uniform,4,91081,True,0,0.5977351588433351,0.6006744855863776,0.7566205395875888,False,111,0.07
sampled_pg_logbarrier_fixed,uniform,4,91082,True,0,0.5968915537107232,0.6055508276219508,0.7547716521583522,False,189,0.095
sampled_pg_logbarrier_fixed,uniform,4,91083,True,0,0.5803912903746014,0.5621034725999673,0.7525980216512989,False,185,0.114
sampled_pg_logbarrier_fixed,uniform,4,91084,True,0,0.5944375864252148,0.5927750723506982,0.7571921938895434,False,108,0.082
sampled_pg_logbarrier_fixed,uniform,4,91085,True,0,0.6098810178180578,0.6266519954739983,0.7606833215472947,False,111,0.073
sampled_pg_logbarrier_fixed,uniform,4,91086,True,0,0.5925825495583822,0.6002170936043744,0.7510403985705946,False,162,0.118
sampled_pg_logbarrier_fixed,uniform,4,91087,True,0,0.5947454123030282,0.5923924175373597,0.7572365935653949,False,108,0.055
sampled_pg_logbarrier_fixed,uniform,4,91088,True,0,0.6017595717601141,0.6124119568418378,0.7561006832753497,False,115,0.072
sampled_pg_logbarrier_fixed,uniform,4,91089,True,0,0.5978625471696913,0.5963375773151748,0.760469821821133,False,108,0.081
sampled_pg_logbarrier_fixed,uniform,4,91090,True,0,0.6152035824634668,0.6303218904837278,0.7699192994301733,False,114,0.075
sampled_pg_logbarrier_fixed,uniform,4,91091,True,0,0.5981868074749278,0.6173920740788463,0.7495641556317336,False,142,0.099
sampled_pg_logbarrier_fixed,uniform,4,91092,True,0,0.5867281424543219,0.5720814782093306,0.7551187954432994,False,119,0.088
sampled_pg_logbarrier_fixed,uniform,4,91093,True,0,0.5981513900443955,0.589621319383186,0.7651598389715386,False,162,0.104
sampled_pg_logbarrier_fixed,uniform,4,91094,True,0,0.6179017517642162,0.638792301425933,0.7685767254524145,False,158,0.08
sampled_pg_logbarrier_fixed,uniform,4,91095,True,0,0.6103679674029808,0.6257244752202795,0.764736082303872,False,148,0.09
sampled_pg_logbarrier_fixed,uniform,4,91096,True,0,0.5936071028649468,0.5961431066478289,0.7541844350910253,False,135,0.113
sampled_pg_logbarrier_fixed,uniform,4,91097,True,0,0.5971947182408608,0.5964706958504398,0.7577840577446924,False,115,0.101
sampled_pg_logbarrier_fixed,uniform,4,91098,True,0,0.5818366279071568,0.5758196102119278,0.7461696914280344,False,156,0.112
sampled_pg_logbarrier_fixed,uniform,4,91099,True,0,0.5780445470066564,0.5487526893058425,0.7533172562843565,False,128,0.071
sampled_npg_logbarrier_fixed,uniform,4,91000,True,0,0.6349876841815568,0.6112931515679216,0.8026757706067733,False,11,0.018
sampled_npg_logbarrier_fixed,uniform,4,91001,True,0,0.6978092356242163,0.8000076972387375,0.7893747917317806,False,34,0.057
sampled_npg_logbarrier_fixed,uniform,4,91002,True,0,0.6933806153600908,0.750958569128565,0.8089682983706319,False,8,0.048
sampled_npg_logbarrier_fixed,uniform,4,91003,True,0,0.6294654189233486,0.7401887396690966,0.7356153749266909,False,18,0.057
sampled_npg_logbarrier_fixed,uniform,4,91004,True,0,0.6582032366795272,0.7400907960375258,0.7731966052928837,False,5,0.011
sampled_npg_logbarrier_fixed,uniform,4,91005,True,0,0.7006323337705235,0.8058839328442828,0.7897452119414746,False,6,0.02
sampled_npg_logbarrier_fixed,uniform,4,91006,True,0,0.694629565099223,0.7152902773864046,0.8199433811214237,False,4,0.009
sampled_npg_logbarrier_fixed,uniform,4,91007,True,0,0.8078986008248684,0.8749539609885281,0.8356909876170472,False,12,0.057
sampled_npg_logbarrier_fixed,uniform,4,91008,True,0,0.6686995877593759,0.6973469927073302,0.8108446255894858,False,9,0.103
sampled_npg_logbarrier_fixed,uniform,4,91009,False,1,0.29999999999999993,0.3333333333333333,0.3333333333333333,False,,0.0
sampled_npg_logbarrier_fixed,uniform,4,91010,True,0,0.6541997943324187,0.7166406756944979,0.7841955038729402,False,10,0.057
sampled_npg_logbarrier_fixed,uniform,4,91011,True,0,0.7130703659816987,0.7990187845226876,0.815414075976245,False,4,0.03
sampled_npg_logbarrier_fixed,uniform,4,91012,True,0,0.6959084179895071,0.7900128743775586,0.7991669121257716,False,17,0.012
sampled_npg_logbarrier_fixed,uniform,4,91013,True,0,0.719227060971411,0.7643166371829635,0.8376449365603383,False,13,0.122
sampled_npg_logbarrier_fixed,uniform,4,91014,True,0,0.7215146246487786,0.796326093662203,0.8265359010135671,False,37,0.031
sampled_npg_logbarrier_fixed,uniform,4,91015,True,0,0.6659566820843585,0.6679560007102281,0.8100829841286875,False,28,0.08
sampled_npg_logbarrier_fixed,uniform,4,91016,True,0,0.6956119684110189,0.724308993249838,0.815727887925438,False,13,0.112
sampled_npg_logbarrier_fixed,uniform,4,91017,True,0,0.6583724461316695,0.7395628103220053,0.7868026972689204,False,6,0.006
sampled_npg_logbarrier_fixed,uniform,4,91018,True,0,0.7636146836502257,0.8459640733494885,0.8448349406619405,False,32,0.167
sampled_npg_logbarrier_fixed,uniform,4,91019,False,1,0.29999999999999993,0.3333333333333333,0.3333333333333333,False,,0.0
sampled_npg_logbarrier_fixed,uniform,4,91020,True,0,0.6302564324118896,0.7063393878044677,0.7463518510379489,False,15,0.038
sampled_npg_logbarrier_fixed,uniform,4,91021,True,0,0.7847904445711,0.8753396257637123,0.8476846632710711,False,37,0.081
sampled_npg_logbarrier_fixed,uniform,4,91022,True,0,0.6797118355888864,0.7582180915563412,0.7891551883120655,False,56,0.059
sampled_npg_logbarrier_fixed,uniform,4,91023,True,0,0.6926575321855601,0.7813240036487331,0.8024079049627366,False,11,0.004
sampled_npg_logbarrier_fixed,uniform,4,91024,True,0,0.6722362128532091,0.7364835681946901,0.8032923475732381,False,9,0.03
sampled_npg_logbarrier_fixed,uniform,4,91025,True,0,0.6872103556254925,0.7433375509163016,0.7984389105568491,False,16,0.01
sampled_npg_logbarrier_fixed,uniform,4,91026,True,0,0.7384569063072765,0.812261752417548,0.8344823744380979,False,3,0.03
sampled_npg_logbarrier_fixed,uniform,4,91027,True,0,0.7684419511132694,0.8356856014573234,0.8515779572563145,False,33,0.074
sampled_npg_logbarrier_fixed,uniform,4,91028,True,0,0.3979454530081742,0.1967852443938695,0.3625886188530923,False,19,0.348
sampled_npg_logbarrier_fixed,uniform,4,91029,True,0,0.7535918745737261,0.8327842375679869,0.8446288033240683,False,20,0.016
sampled_npg_logbarrier_fixed,uniform,4,91030,True,0,0.7085547981717326,0.7901775687221084,0.8133643008728045,False,55,0.015
sampled_npg_logbarrier_fixed,uniform,4,91031,True,0,0.6556022550495744,0.7318037223464875,0.764458111387843,False,5,0.018
sampled_npg_logbarrier_fixed,uniform,4,91032,True,0,0.6973073738238803,0.7662696338086641,0.7996375882824832,False,17,0.081
sampled_npg_logbarrier_fixed,uniform,4,91033,True,0,0.7391050012183813,0.8163301686761513,0.8357359773540011,False,10,0.085
sampled_npg_logbarrier_fixed,uniform,4,91034,True,0,0.3859376878696663,0.19550262021386514,0.3284875438428414,False,13,0.276
sampled_npg_logbarrier_fixed,uniform,4,91035,True,0,0.7015230471419887,0.7707258904181833,0.823370187597998,False,35,0.029
sampled_npg_logbarrier_fixed,uniform,4,91036,True,0,0.6422416237406022,0.6491167679079536,0.7945355641133455,False,8,0.045
sampled_npg_logbarrier_fixed,uniform,4,91037,True,0,0.7035417239047698,0.7768465077364791,0.8101489235498371,False,37,0.028
sampled_npg_logbarrier_fixed,uniform,4,91038,True,0,0.6221726271445747,0.6366539073982127,0.7705437940816229,False,24,0.031
sampled_npg_logbarrier_fixed,uniform,4,91039,True,0,0.7534895142908414,0.8125628486705332,0.8478956603804271,False,13,0.024
sampled_npg_logbarrier_fixed,uniform,4,91040,True,0,0.6842939822646291,0.7229460955832885,0.8299845295143634,False,6,0.024
sampled_npg_logbarrier_fixed,uniform,4,91041,True,0,0.7128666454634135,0.7831081906666774,0.8286250884368264,False,6,0.01
sampled_npg_logbarrier_fixed,uniform,4,91042,True,0,0.6752855747874542,0.7668813438040614,0.7803577364060407,False,16,0.042
sampled_npg_logbarrier_fixed,uniform,4,91043,True,0,0.6716927643841939,0.7726319317729147,0.754418503480429,False,14,0.009
sampled_npg_logbarrier_fixed,uniform,4,91044,True,0,0.7050103543374097,0.7755132400001735,0.8300136610428934,False,4,0.039
sampled_npg_logbarrier_fixed,uniform,4,91045,True,0,0.702513469346844,0.7693169441823294,0.8226111917073776,False,17,0.008
sampled_npg_logbarrier_fixed,uniform,4,91046,True,0,0.6632525895092503,0.7817139530043324,0.750239149536223,False,14,0.012
sampled_npg_logbarrier_fixed,uniform,4,91047,True,0,0.6602847164341489,0.7274810476059117,0.7768504924936548,False,7,0.096
sampled_npg_logbarrier_fixed,uniform,4,91048,True,0,0.7535973577861972,0.8330027041612206,0.8403072028118106,False,45,0.012
sampled_npg_logbarrier_fixed,uniform,4,91049,True,0,0.6578584129574276,0.714466104655209,0.7771761376211487,False,33,0.11
sampled_npg_logbarrier_fixed,uniform,4,91050,True,0,0.6822207675000157,0.7331754483982774,0.8068400535105971,False,58,0.058
sampled_npg_logbarrier_fixed,uniform,4,91051,True,0,0.6888235814334758,0.7165006336775109,0.8156921737951024,False,37,0.013
sampled_npg_logbarrier_fixed,uniform,4,91052,True,0,0.7189007300238216,0.7776373876268373,0.8298541840280436,False,11,0.006
sampled_npg_logbarrier_fixed,uniform,4,91053,True,0,0.7089178077509317,0.8009468012458979,0.8030347839999762,False,10,0.01
sampled_npg_logbarrier_fixed,uniform,4,91054,True,0,0.6871519424734582,0.7785801536926856,0.7888745005829806,False,12,0.029
sampled_npg_logbarrier_fixed,uniform,4,91055,True,0,0.7170251873881032,0.7958545939136635,0.8108793600800057,False,18,0.051
sampled_npg_logbarrier_fixed,uniform,4,91056,True,0,0.5587136085950949,0.5658674388008815,0.7120554939334695,False,50,0.028
sampled_npg_logbarrier_fixed,uniform,4,91057,True,0,0.6863705171498394,0.6778800552346794,0.8301794843115013,False,25,0.105
sampled_npg_logbarrier_fixed,uniform,4,91058,True,0,0.7909308842022628,0.8724330395140258,0.8582697875741835,False,9,0.012
sampled_npg_logbarrier_fixed,uniform,4,91059,True,0,0.6647283927041919,0.760146149758057,0.7727818338480968,False,42,0.051
sampled_npg_logbarrier_fixed,uniform,4,91060,True,0,0.5513229818996974,0.5133361546432802,0.7251669425148293,False,22,0.157
sampled_npg_logbarrier_fixed,uniform,4,91061,True,0,0.652176187625567,0.7142202536049179,0.7745728686121264,False,30,0.02
sampled_npg_logbarrier_fixed,uniform,4,91062,True,0,0.6235489669772922,0.655917344580222,0.7782852743496192,False,40,0.157
sampled_npg_logbarrier_fixed,uniform,4,91063,True,0,0.6490087873903017,0.676969829548575,0.7875423895929918,False,56,0.033
sampled_npg_logbarrier_fixed,uniform,4,91064,True,0,0.7640281009028439,0.8425853621589355,0.845792299852824,False,18,0.013
sampled_npg_logbarrier_fixed,uniform,4,91065,True,0,0.7427324234202002,0.8154597119864193,0.8387680724960623,False,13,0.024
sampled_npg_logbarrier_fixed,uniform,4,91066,True,0,0.7392679410914542,0.8216865035782581,0.832997510169382,False,17,0.041
sampled_npg_logbarrier_fixed,uniform,4,91067,True,0,0.6444992181265826,0.712686365036732,0.7546373434540378,False,7,0.012
sampled_npg_logbarrier_fixed,uniform,4,91068,False,1,1.0,1.0,1.0,True,6,0.0030721966205837174
sampled_npg_logbarrier_fixed,uniform,4,91069,True,0,0.6772951243283972,0.7411150084277762,0.791503711099347,False,41,0.034
sampled_npg_logbarrier_fixed,uniform,4,91070,True,0,0.7270365327585373,0.8289361412268046,0.8071135863043969,False,48,0.027
sampled_npg_logbarrier_fixed,uniform,4,91071,True,0,0.6875279497827126,0.7381671562418654,0.8264961442572438,False,5,0.067
sampled_npg_logbarrier_fixed,uniform,4,91072,True,0,0.6402464806721638,0.6727279514165587,0.7824660716900378,False,24,0.017
sampled_npg_logbarrier_fixed,uniform,4,91073,True,0,0.7572917183803934,0.8405403509130964,0.8416651051393222,False,23,0.02
sampled_npg_logbarrier_fixed,uniform,4,91074,True,0,0.7179613635291684,0.7880554130838613,0.8283953929948481,False,9,0.011
sampled_npg_logbarrier_fixed,uniform,4,91075,True,0,0.6588041299026033,0.7697288413884832,0.7553882332189079,False,5,0.144
sampled_npg_logbarrier_fixed,uniform,4,91076,True,0,0.6712036755421411,0.756670030118258,0.7803152287708623,False,15,0.017
sampled_npg_logbarrier_fixed,uniform,4,91077,True,0,0.644411982387985,0.6540223731340837,0.8098033418060964,False,30,0.045
sampled_npg_logbarrier_fixed,uniform,4,91078,True,0,0.7233366299514804,0.7708391669229898,0.8355531228912769,False,66,0.084
sampled_npg_logbarrier_fixed,uniform,4,91079,True,0,0.6559599184700109,0.7182800624370418,0.7732036676456682,False,5,0.006
sampled_npg_logbarrier_fixed,uniform,4,91080,True,0,0.6080440088397109,0.5770942080934129,0.7842887702346004,False,41,0.101
sampled_npg_logbarrier_fixed,uniform,4,91081,True,0,0.6129824770223933,0.6452165375041973,0.729622180676765,False,14,0.046
sampled_npg_logbarrier_fixed,uniform,4,91082,True,0,0.7489073665611785,0.8202763360169202,0.8456510932485625,False,14,0.065
sampled_npg_logbarrier_fixed,uniform,4,91083,True,0,0.662977952079535,0.7060551459876108,0.7898337222139828,False,11,0.011
sampled_npg_logbarrier_fixed,uniform,4,91084,True,0,0.7164036487658347,0.7823428552835976,0.826196883914539,False,7,0.01
sampled_npg_logbarrier_fixed,uniform,4,91085,False,1,0.29999999999999993,0.3333333333333333,0.3333333333333333,False,,0.0
sampled_npg_logbarrier_fixed,uniform,4,91086,True,0,0.6288035001888851,0.7259096232176466,0.7406226861966972,False,22,0.03
sampled_npg_logbarrier_fixed,uniform,4,91087,True,0,0.6848261030827146,0.7540831946773081,0.8184782759218108,False,34,0.012
sampled_npg_logbarrier_fixed,uniform,4,91088,False,1,0.29999999999999993,0.3333333333333333,0.3333333333333333,False,,0.0
sampled_npg_logbarrier_fixed,uniform,4,91089,True,0,0.647627277689106,0.7082615043344206,0.7807086751631782,False,13,0.035
sampled_npg_logbarrier_fixed,uniform,4,91090,True,0,0.6671771584350105,0.691117308243253,0.8091467844054293,False,11,0.022
sampled_npg_logbarrier_fixed,uniform,4,91091,False,1,0.29999999999999993,0.3333333333333333,0.3333333333333333,False,,0.0
sampled_npg_logbarrier_fixed,uniform,4,91092,False,1,0.7519665047273361,0.8254359432854103,0.8445864036495413,False,17,0.01873536299765808
sampled_npg_logbarrier_fixed,uniform,4,91093,True,0,0.6788983556934162,0.7744743831016033,0.7793586069046248,False,34,0.126
sampled_npg_logbarrier_fixed,uniform,4,91094,True,0,0.6903382312763274,0.7550586770092069,0.8126843827953968,False,32,0.034
sampled_npg_logbarrier_fixed,uniform,4,91095,True,0,0.6213082396625569,0.6866578255214555,0.7522751706412258,False,73,0.028
sampled_npg_logbarrier_fixed,uniform,4,91096,True,0,0.6346754222976112,0.6287074824459735,0.7884600009529702,False,41,0.026
sampled_npg_logbarrier_fixed,uniform,4,91097,True,0,0.7091949107314106,0.8010414678062343,0.8009901785782757,False,7,0.01
sampled_npg_logbarrier_fixed,uniform,4,91098,True,0,0.6404688423058952,0.6734206451403636,0.78921466256896,False,10,0.034
sampled_npg_logbarrier_fixed,uniform,4,91099,True,0,0.7095046528452075,0.7331034878440467,0.8371410537937526,False,21,0.05
sampled_pg_reward_only,uniform,32,91000,True,0,0.9271711973360184,0.9498172882571356,0.9619066251895309,True,112,0.0
sampled_pg_reward_only,uniform,32,91001,True,0,0.921145819916735,0.9438374747484813,0.9589759427535046,True,130,0.0
sampled_pg_reward_only,uniform,32,91002,True,0,0.9267466506155937,0.9485596918792336,0.962225729832986,True,118,0.0
sampled_pg_reward_only,uniform,32,91003,True,0,0.9251591496125331,0.946744238752917,0.9616940240789494,True,114,0.0
sampled_pg_reward_only,uniform,32,91004,True,0,0.9231855017101939,0.9457117314991197,0.9600708626953102,True,116,0.0
sampled_pg_reward_only,uniform,32,91005,True,0,0.9266738309933034,0.9489075452662279,0.9619710881567949,True,120,0.0
sampled_pg_reward_only,uniform,32,91006,True,0,0.9254591704909892,0.9479195015271152,0.9612032829254451,True,116,0.0
sampled_pg_reward_only,uniform,32,91007,True,0,0.9193408762269255,0.9410790466089953,0.958912998311625,True,127,0.0
sampled_pg_reward_only,uniform,32,91008,True,0,0.9218472417935131,0.9439439767204728,0.9598165160313032,True,122,0.0
sampled_pg_reward_only,uniform,32,91009,True,0,0.9197760000030822,0.9412491210829499,0.959393711801509,True,122,0.0
sampled_pg_reward_only,uniform,32,91010,True,0,0.922119216582822,0.943797535403448,0.9601636116390662,True,111,0.0
sampled_pg_reward_only,uniform,32,91011,True,0,0.9283807312936547,0.9505077621160545,0.9628094555279543,True,113,0.0
sampled_pg_reward_only,uniform,32,91012,True,0,0.9255457053384548,0.9475040368310651,0.9616100135615921,True,116,0.0
sampled_pg_reward_only,uniform,32,91013,True,0,0.9236242295264528,0.9452764933834314,0.9609415501132198,True,115,0.0
sampled_pg_reward_only,uniform,32,91014,True,0,0.9210614696121523,0.9427627710415255,0.9597225541704808,True,127,0.0
sampled_pg_reward_only,uniform,32,91015,True,0,0.9274105847208388,0.949180122371208,0.9625214662796503,True,96,0.0
sampled_pg_reward_only,uniform,32,91016,True,0,0.9220945475604685,0.9447453481264748,0.959616011640966,True,120,0.0
sampled_pg_reward_only,uniform,32,91017,True,0,0.9288113354830339,0.951151692034319,0.9628415564254124,True,113,0.0
sampled_pg_reward_only,uniform,32,91018,True,0,0.9299473891695057,0.9528769432353256,0.9629103555431016,True,104,0.0
sampled_pg_reward_only,uniform,32,91019,True,0,0.9242623280325404,0.9463035567589209,0.960983755502805,True,118,0.0
sampled_pg_reward_only,uniform,32,91020,True,0,0.9204667197656221,0.9426398034397333,0.9591430447422644,True,126,0.0
sampled_pg_reward_only,uniform,32,91021,True,0,0.9186040220209895,0.940847170847214,0.9581781796246529,True,119,0.0
sampled_pg_reward_only,uniform,32,91022,True,0,0.927950745880611,0.9500992226943175,0.9626097495120204,True,109,0.0
sampled_pg_reward_only,uniform,32,91023,True,0,0.9252886333928033,0.946786950153895,0.9618490467843336,True,121,0.0
sampled_pg_reward_only,uniform,32,91024,True,0,0.925593145680462,0.9482767313890367,0.9611339508388619,True,115,0.0
sampled_pg_reward_only,uniform,32,91025,True,0,0.9272733082696897,0.9491527545113962,0.962455884539799,True,115,0.0
sampled_pg_reward_only,uniform,32,91026,True,0,0.9259663688326953,0.9480911578932252,0.961655743681491,True,117,0.0
sampled_pg_reward_only,uniform,32,91027,True,0,0.9260746883955634,0.947808730990242,0.9620111856036436,True,109,0.0
sampled_pg_reward_only,uniform,32,91028,True,0,0.9228344546562591,0.9453675879790274,0.9599680520328071,True,118,0.0
sampled_pg_reward_only,uniform,32,91029,True,0,0.9320026821919026,0.9541928150043993,0.9643550575693924,True,107,0.0
sampled_pg_reward_only,uniform,32,91030,True,0,0.9278542360637458,0.9504354190195091,0.9621841452907525,True,112,0.0
sampled_pg_reward_only,uniform,32,91031,True,0,0.9297203869240653,0.9515450513949327,0.9636054524547224,True,105,0.0
sampled_pg_reward_only,uniform,32,91032,True,0,0.9280431287315748,0.9501462821000077,0.9626459274281324,True,109,0.0
sampled_pg_reward_only,uniform,32,91033,True,0,0.9243718506482602,0.9466239654600046,0.9608389549144422,True,118,0.0
sampled_pg_reward_only,uniform,32,91034,True,0,0.9215704240531513,0.9445344241249846,0.9590789769468336,True,127,0.0
sampled_pg_reward_only,uniform,32,91035,True,0,0.9143544641467766,0.9371887500276292,0.9557430349128988,True,139,0.0
sampled_pg_reward_only,uniform,32,91036,True,0,0.9231992582018453,0.9455982213990192,0.9602180384929486,True,124,0.0
sampled_pg_reward_only,uniform,32,91037,True,0,0.9288228556129867,0.9505493343394377,0.9633169384930991,True,110,0.0
sampled_pg_reward_only,uniform,32,91038,True,0,0.9211162628646063,0.9438335886079847,0.959035454741672,True,128,0.0
sampled_pg_reward_only,uniform,32,91039,True,0,0.9247975511052041,0.9467616750263359,0.9612275316410586,True,116,0.0
sampled_pg_reward_only,uniform,32,91040,True,0,0.9173158202800316,0.9400988572953378,0.9572185837919899,True,114,0.0
sampled_pg_reward_only,uniform,32,91041,True,0,0.9277932507080054,0.9503738673746047,0.9621639810204543,True,118,0.0
sampled_pg_reward_only,uniform,32,91042,True,0,0.9269084577517586,0.9491653367271511,0.9621038190553636,True,114,0.0
sampled_pg_reward_only,uniform,32,91043,True,0,0.9284819047996764,0.950721344457,0.9628127363424182,True,110,0.0
sampled_pg_reward_only,uniform,32,91044,True,0,0.9258482196922503,0.9480108352892517,0.961602892466211,True,106,0.0
sampled_pg_reward_only,uniform,32,91045,True,0,0.9267821444124872,0.9490018812699654,0.9620420583509041,True,114,0.0
sampled_pg_reward_only,uniform,32,91046,True,0,0.9262011473226922,0.9487814035888199,0.9614031953494253,True,102,0.0
sampled_pg_reward_only,uniform,32,91047,True,0,0.9257825542095764,0.9483812121216225,0.9612422213446562,True,117,0.0
sampled_pg_reward_only,uniform,32,91048,True,0,0.9224712526795829,0.9454431317903779,0.9594932326000555,True,122,0.0
sampled_pg_reward_only,uniform,32,91049,True,0,0.9279591600467306,0.9500865464057829,0.9626225177059647,True,114,0.0
sampled_pg_reward_only,uniform,32,91050,True,0,0.9288947605248227,0.9513778962830662,0.9627227159286101,True,102,0.0
sampled_pg_reward_only,uniform,32,91051,True,0,0.9302755668680074,0.9524650316612803,0.9635541572257413,True,102,0.0
sampled_pg_reward_only,uniform,32,91052,True,0,0.9266311288511144,0.9489878230636885,0.9617850823797308,True,116,0.0
sampled_pg_reward_only,uniform,32,91053,True,0,0.9206307703416015,0.9429331361164422,0.9590739206784306,True,127,0.0
sampled_pg_reward_only,uniform,32,91054,True,0,0.920974973608987,0.9428427585591496,0.9594622080613412,True,121,0.0
sampled_pg_reward_only,uniform,32,91055,True,0,0.9239816650187329,0.9469198773715427,0.9601959408549997,True,118,0.0
sampled_pg_reward_only,uniform,32,91056,True,0,0.9210202395849539,0.9441597009967404,0.9587960509455014,True,124,0.0
sampled_pg_reward_only,uniform,32,91057,True,0,0.9249477623083555,0.9473090106354674,0.9610743355436404,True,118,0.0
sampled_pg_reward_only,uniform,32,91058,True,0,0.9236205523591281,0.9461366395902524,0.9603511076309105,True,123,0.0
sampled_pg_reward_only,uniform,32,91059,True,0,0.9240660448438311,0.9464014985032514,0.9606904607980997,True,114,0.0
sampled_pg_reward_only,uniform,32,91060,True,0,0.9261319377667087,0.9482010471300448,0.9618765274508992,True,119,0.0
sampled_pg_reward_only,uniform,32,91061,True,0,0.9249141453058602,0.9469950410345569,0.9612485472709231,True,115,0.0
sampled_pg_reward_only,uniform,32,91062,True,0,0.9245727067973183,0.9473362688823906,0.9606546684374837,True,115,0.0
sampled_pg_reward_only,uniform,32,91063,True,0,0.9293892252475253,0.9519507738149997,0.9628916518725661,True,104,0.0
sampled_pg_reward_only,uniform,32,91064,True,0,0.9232030608454301,0.9458173856590817,0.9601032323832254,True,116,0.0
sampled_pg_reward_only,uniform,32,91065,True,0,0.9209442856592934,0.9436445088203468,0.9589301064350451,True,123,0.0
sampled_pg_reward_only,uniform,32,91066,True,0,0.9242985603880942,0.9467953040837425,0.9605734363685562,True,117,0.0
sampled_pg_reward_only,uniform,32,91067,True,0,0.9258829931372101,0.9484663389761329,0.9612567727366684,True,112,0.0
sampled_pg_reward_only,uniform,32,91068,True,0,0.9275727746968597,0.9496810832991088,0.9624015788214,True,111,0.0
sampled_pg_reward_only,uniform,32,91069,True,0,0.9247911712190622,0.9474142286384335,0.9607955059997525,True,121,0.0
sampled_pg_reward_only,uniform,32,91070,True,0,0.9270846031818483,0.9494408599845982,0.9620661911621042,True,115,0.0
sampled_pg_reward_only,uniform,32,91071,True,0,0.9284062277258271,0.9512184787894253,0.962346900105088,True,115,0.0
sampled_pg_reward_only,uniform,32,91072,True,0,0.9207645061467382,0.9427138018506609,0.9594094186582601,True,122,0.0
sampled_pg_reward_only,uniform,32,91073,True,0,0.9272821701612507,0.9492764429130266,0.962311283697116,True,113,0.0
sampled_pg_reward_only,uniform,32,91074,True,0,0.9254945085349833,0.9476046994329457,0.9615517718703241,True,109,0.0
sampled_pg_reward_only,uniform,32,91075,True,0,0.9215553273583048,0.9433418806516985,0.9598835805335785,True,122,0.0
sampled_pg_reward_only,uniform,32,91076,True,0,0.9226440009952422,0.9445509106681106,0.9603086953272262,True,121,0.0
sampled_pg_reward_only,uniform,32,91077,True,0,0.923593561198657,0.9462486131962199,0.9602882689363191,True,116,0.0
sampled_pg_reward_only,uniform,32,91078,True,0,0.9284921509101303,0.9502832237880857,0.96309701731611,True,109,0.0
sampled_pg_reward_only,uniform,32,91079,True,0,0.9233951105418767,0.9457323187002672,0.9603489921242274,True,124,0.0
sampled_pg_reward_only,uniform,32,91080,True,0,0.9246982926165115,0.9468583921989004,0.9612481969486939,True,118,0.0
sampled_pg_reward_only,uniform,32,91081,True,0,0.92449739356455,0.9467625127433489,0.960815595064915,True,113,0.0
sampled_pg_reward_only,uniform,32,91082,True,0,0.9171403183608965,0.9398781525083361,0.9572259935418455,True,133,0.0
sampled_pg_reward_only,uniform,32,91083,True,0,0.9258030008036746,0.9482638385241455,0.9614284937381304,True,125,0.0
sampled_pg_reward_only,uniform,32,91084,True,0,0.9192571161139456,0.942396216111347,0.9578321275502351,True,125,0.0
sampled_pg_reward_only,uniform,32,91085,True,0,0.9262714961418835,0.9481105256611831,0.9620550564496932,True,110,0.0
sampled_pg_reward_only,uniform,32,91086,True,0,0.9212151069928959,0.9439417061443187,0.9591848372505839,True,135,0.0
sampled_pg_reward_only,uniform,32,91087,True,0,0.92897021626899,0.9511023731369286,0.9630802201086983,True,108,0.0
sampled_pg_reward_only,uniform,32,91088,True,0,0.9246272412837905,0.9469820683912509,0.9609551106136073,True,113,0.0
sampled_pg_reward_only,uniform,32,91089,True,0,0.9226760659888212,0.9451790005609456,0.95989206477747,True,121,0.0
sampled_pg_reward_only,uniform,32,91090,True,0,0.9242680952878676,0.9466266448271927,0.9608265048568374,True,122,0.0
sampled_pg_reward_only,uniform,32,91091,True,0,0.921044848741381,0.9426785700979942,0.9597863356533841,True,114,0.0
sampled_pg_reward_only,uniform,32,91092,True,0,0.9223983353792921,0.9447745140182646,0.9598744946036023,True,128,0.0
sampled_pg_reward_only,uniform,32,91093,True,0,0.9206239191585981,0.9431757825736479,0.9589768016025226,True,128,0.0
sampled_pg_reward_only,uniform,32,91094,True,0,0.9197364196958289,0.9418263127822549,0.9587468499051088,True,121,0.0
sampled_pg_reward_only,uniform,32,91095,True,0,0.9216687417462691,0.9445870438598999,0.9590661170615349,True,124,0.0
sampled_pg_reward_only,uniform,32,91096,True,0,0.9275199028766267,0.9497195686855233,0.962392939313576,True,116,0.0
sampled_pg_reward_only,uniform,32,91097,True,0,0.9239677173674768,0.9463360414798087,0.9606109223404632,True,117,0.0
sampled_pg_reward_only,uniform,32,91098,True,0,0.9212950873704042,0.9435004218946064,0.9595742443749423,True,124,0.0
sampled_pg_reward_only,uniform,32,91099,True,0,0.9254131039242037,0.9473998266067639,0.9615435213580806,True,112,0.0
sampled_pg_logbarrier_handoff,uniform,32,91000,True,0,0.8970580337322942,0.9262549286006595,0.9460168362304323,True,129,0.0
sampled_pg_logbarrier_handoff,uniform,32,91001,True,0,0.8947406992216532,0.9239545869595015,0.9448279664233742,True,151,0.0
sampled_pg_logbarrier_handoff,uniform,32,91002,True,0,0.8993984053051716,0.9277554281972112,0.9476408865515149,True,136,0.0
sampled_pg_logbarrier_handoff,uniform,32,91003,True,0,0.8940532226545594,0.9220896857176927,0.945385769097451,True,134,0.0
sampled_pg_logbarrier_handoff,uniform,32,91004,True,0,0.890475879423799,0.9183177656859083,0.9437694082597602,True,133,0.0
sampled_pg_logbarrier_handoff,uniform,32,91005,True,0,0.894905199457513,0.9233680177311355,0.9454713124659112,True,136,0.0
sampled_pg_logbarrier_handoff,uniform,32,91006,True,0,0.8951084354461312,0.9239500244690929,0.9453966949674002,True,131,0.0
sampled_pg_logbarrier_handoff,uniform,32,91007,True,0,0.8916594895694073,0.9205654806068746,0.9436561740872808,True,147,0.0
sampled_pg_logbarrier_handoff,uniform,32,91008,True,0,0.8952718917296582,0.9235887388279819,0.9457764513512087,True,139,0.0
sampled_pg_logbarrier_handoff,uniform,32,91009,True,0,0.8938423573973397,0.9213173004696172,0.9458981146737513,True,138,0.0
sampled_pg_logbarrier_handoff,uniform,32,91010,True,0,0.8886758043683654,0.9163949129435811,0.9429789250450968,True,128,0.0
sampled_pg_logbarrier_handoff,uniform,32,91011,True,0,0.8956312934412181,0.9239776365355526,0.9459760957811065,True,125,0.0
sampled_pg_logbarrier_handoff,uniform,32,91012,True,0,0.8954625146610642,0.924284897878183,0.9454678962962008,True,132,0.0
sampled_pg_logbarrier_handoff,uniform,32,91013,True,0,0.8932311657553715,0.9207494480554457,0.9453868673589221,True,134,0.0
sampled_pg_logbarrier_handoff,uniform,32,91014,True,0,0.8930573566452091,0.9210892268141169,0.9448987747748647,True,140,0.0
sampled_pg_logbarrier_handoff,uniform,32,91015,True,0,0.8927412638889848,0.9204615945578414,0.9448505802164344,True,112,0.0
sampled_pg_logbarrier_handoff,uniform,32,91016,True,0,0.8918952274949755,0.9204037371722695,0.9441098906930088,True,142,0.0
sampled_pg_logbarrier_handoff,uniform,32,91017,True,0,0.8946335868546408,0.9227556380442002,0.9455762778457562,True,126,0.0
sampled_pg_logbarrier_handoff,uniform,32,91018,True,0,0.8960210050979488,0.9255183111676124,0.9452787758055408,True,121,0.0
sampled_pg_logbarrier_handoff,uniform,32,91019,True,0,0.8950885451165014,0.9234591433100985,0.9455924478408484,True,133,0.0
sampled_pg_logbarrier_handoff,uniform,32,91020,True,0,0.8919486208786902,0.9195159579147583,0.9447071008614508,True,143,0.0
sampled_pg_logbarrier_handoff,uniform,32,91021,True,0,0.8876589564346375,0.9163560001762652,0.9419010579692312,True,144,0.0
sampled_pg_logbarrier_handoff,uniform,32,91022,True,0,0.8909574285320524,0.9197742173441098,0.9434627990091152,True,121,0.0
sampled_pg_logbarrier_handoff,uniform,32,91023,True,0,0.8943318842784417,0.9213516274025491,0.9461544149486361,True,132,0.0
sampled_pg_logbarrier_handoff,uniform,32,91024,True,0,0.8950863018597252,0.9240734307845857,0.9452761667368029,True,133,0.0
sampled_pg_logbarrier_handoff,uniform,32,91025,True,0,0.8948151573348128,0.9225817229953757,0.9457504633010231,True,128,0.0
sampled_pg_logbarrier_handoff,uniform,32,91026,True,0,0.8982843027745585,0.9269284937769281,0.9468976946430212,True,128,0.0
sampled_pg_logbarrier_handoff,uniform,32,91027,True,0,0.8946800655729784,0.922900138358986,0.9455159877356045,True,127,0.0
sampled_pg_logbarrier_handoff,uniform,32,91028,True,0,0.8945861383618392,0.9236583094255454,0.9449865426771472,True,137,0.0
sampled_pg_logbarrier_handoff,uniform,32,91029,True,0,0.8999526856196817,0.928641525785874,0.9476271543455065,True,118,0.0
sampled_pg_logbarrier_handoff,uniform,32,91030,True,0,0.8933047151008443,0.92224744747602,0.9442730101129424,True,137,0.0
sampled_pg_logbarrier_handoff,uniform,32,91031,True,0,0.8981994030147146,0.9268995451149651,0.9468099816331121,True,120,0.0
sampled_pg_logbarrier_handoff,uniform,32,91032,True,0,0.8985731855363931,0.9269106913749461,0.9472426058605091,True,123,0.0
sampled_pg_logbarrier_handoff,uniform,32,91033,True,0,0.8938769378560415,0.9231036718589852,0.944484437778926,True,139,0.0
sampled_pg_logbarrier_handoff,uniform,32,91034,True,0,0.8974533419273112,0.9265099453604742,0.9463807610775747,True,145,0.0
sampled_pg_logbarrier_handoff,uniform,32,91035,True,0,0.8909142850593013,0.9202954972304043,0.9431056412776742,True,153,0.0
sampled_pg_logbarrier_handoff,uniform,32,91036,True,0,0.895943441674579,0.9243082914891425,0.9461160051526404,True,140,0.0
sampled_pg_logbarrier_handoff,uniform,32,91037,True,0,0.8898661378797672,0.917066439239828,0.9438533898129732,True,128,0.0
sampled_pg_logbarrier_handoff,uniform,32,91038,True,0,0.8978684419911965,0.9268375953062371,0.9465644918009017,True,146,0.0
sampled_pg_logbarrier_handoff,uniform,32,91039,True,0,0.8948103949429869,0.9235204343389737,0.9451695454460244,True,131,0.0
sampled_pg_logbarrier_handoff,uniform,32,91040,True,0,0.893167964466448,0.9221805806125996,0.9444632605957786,True,136,0.0
sampled_pg_logbarrier_handoff,uniform,32,91041,True,0,0.8967088676242074,0.9255918065991138,0.9460195775284174,True,134,0.0
sampled_pg_logbarrier_handoff,uniform,32,91042,True,0,0.8927891315823967,0.9217327070294075,0.9441588983176866,True,126,0.0
sampled_pg_logbarrier_handoff,uniform,32,91043,True,0,0.8969551665959623,0.9252873344726722,0.9465257613302576,True,124,0.0
sampled_pg_logbarrier_handoff,uniform,32,91044,True,0,0.8942644998199974,0.9223908194098333,0.9454996740935899,True,124,0.0
sampled_pg_logbarrier_handoff,uniform,32,91045,True,0,0.8956060632285813,0.9240154921242388,0.9458814413981493,True,127,0.0
sampled_pg_logbarrier_handoff,uniform,32,91046,True,0,0.8911034972009609,0.9197357705416096,0.943521153998186,True,119,0.0
sampled_pg_logbarrier_handoff,uniform,32,91047,True,0,0.8936954594415653,0.9224015996751898,0.9447474295140028,True,137,0.0
sampled_pg_logbarrier_handoff,uniform,32,91048,True,0,0.8956692636517412,0.9247029013792425,0.9455216890008724,True,140,0.0
sampled_pg_logbarrier_handoff,uniform,32,91049,True,0,0.8960865408269486,0.9243260285880582,0.9462237181826851,True,126,0.0
sampled_pg_logbarrier_handoff,uniform,32,91050,True,0,0.8958313213871916,0.9250728442222911,0.9453393284375612,True,120,0.0
sampled_pg_logbarrier_handoff,uniform,32,91051,True,0,0.8961489015711817,0.9241128560203687,0.9462505918991154,True,114,0.0
sampled_pg_logbarrier_handoff,uniform,32,91052,True,0,0.89740857300376,0.9267356579581051,0.946089144525596,True,135,0.0
sampled_pg_logbarrier_handoff,uniform,32,91053,True,0,0.8920721680851161,0.9202965524140306,0.9443009361126361,True,142,0.0
sampled_pg_logbarrier_handoff,uniform,32,91054,True,0,0.8938329134539387,0.9220501321640752,0.9450820377948722,True,137,0.0
sampled_pg_logbarrier_handoff,uniform,32,91055,True,0,0.8990664518486027,0.9286547554349094,0.9466950001790603,True,135,0.0
sampled_pg_logbarrier_handoff,uniform,32,91056,True,0,0.8943721174548178,0.9235882486029556,0.9448872221132111,True,140,0.0
sampled_pg_logbarrier_handoff,uniform,32,91057,True,0,0.8925581477644488,0.9210822046762875,0.9443380528115034,True,134,0.0
sampled_pg_logbarrier_handoff,uniform,32,91058,True,0,0.8945238584992019,0.9230405273303847,0.9452602373621659,True,140,0.0
sampled_pg_logbarrier_handoff,uniform,32,91059,True,0,0.8962204205416778,0.9248923277576411,0.9460336433375566,True,129,0.0
sampled_pg_logbarrier_handoff,uniform,32,91060,True,0,0.8928180934752219,0.9212430003407149,0.9445429010928842,True,133,0.0
sampled_pg_logbarrier_handoff,uniform,32,91061,True,0,0.894902552394838,0.9231881992060944,0.945651467704154,True,132,0.0
sampled_pg_logbarrier_handoff,uniform,32,91062,True,0,0.8941904949966386,0.9229429815291911,0.9450407284777187,True,131,0.0
sampled_pg_logbarrier_handoff,uniform,32,91063,True,0,0.8984712811971807,0.9278901973305929,0.946412963918729,True,120,0.0
sampled_pg_logbarrier_handoff,uniform,32,91064,True,0,0.8870356059679804,0.9147289781730844,0.9422314948354567,True,136,0.0
sampled_pg_logbarrier_handoff,uniform,32,91065,True,0,0.8928951733747812,0.9221234887148492,0.9440363452796371,True,139,0.0
sampled_pg_logbarrier_handoff,uniform,32,91066,True,0,0.8947986304621368,0.9236017866056864,0.9451834928886644,True,133,0.0
sampled_pg_logbarrier_handoff,uniform,32,91067,True,0,0.8940947565746586,0.9225511236807663,0.9450447613388945,True,129,0.0
sampled_pg_logbarrier_handoff,uniform,32,91068,True,0,0.8960712759697818,0.9246419396684052,0.9459798258534002,True,130,0.0
sampled_pg_logbarrier_handoff,uniform,32,91069,True,0,0.8933567654549496,0.9218193376968193,0.9447655022840227,True,138,0.0
sampled_pg_logbarrier_handoff,uniform,32,91070,True,0,0.8951599617121946,0.9236228141986873,0.9455736373978468,True,132,0.0
sampled_pg_logbarrier_handoff,uniform,32,91071,True,0,0.897424697360304,0.9252203898706043,0.947118507114104,True,127,0.0
sampled_pg_logbarrier_handoff,uniform,32,91072,True,0,0.8905904297389714,0.9181313201634401,0.9440158249170632,True,136,0.0
sampled_pg_logbarrier_handoff,uniform,32,91073,True,0,0.8918701996729282,0.920103675532885,0.9440935562045829,True,127,0.0
sampled_pg_logbarrier_handoff,uniform,32,91074,True,0,0.8949473660723384,0.9234133244753283,0.9456109620895792,True,127,0.0
sampled_pg_logbarrier_handoff,uniform,32,91075,True,0,0.8918149000272988,0.9192283968118913,0.9446766446425298,True,140,0.0
sampled_pg_logbarrier_handoff,uniform,32,91076,True,0,0.8922248523162809,0.9208720305399628,0.9440774780811373,True,137,0.0
sampled_pg_logbarrier_handoff,uniform,32,91077,True,0,0.8958633405167347,0.9244553735900828,0.9459091920889376,True,137,0.0
sampled_pg_logbarrier_handoff,uniform,32,91078,True,0,0.8940600003158645,0.9218909091363472,0.9454502082289816,True,122,0.0
sampled_pg_logbarrier_handoff,uniform,32,91079,True,0,0.8937292648652518,0.9228731977004304,0.9444649185711068,True,142,0.0
sampled_pg_logbarrier_handoff,uniform,32,91080,True,0,0.8916913976703847,0.9190651238860398,0.9447696247830556,True,129,0.0
sampled_pg_logbarrier_handoff,uniform,32,91081,True,0,0.8928053601914288,0.9213913422985195,0.9443227691824726,True,132,0.0
sampled_pg_logbarrier_handoff,uniform,32,91082,True,0,0.8926898746566825,0.9213904813690708,0.9443609091757907,True,151,0.0
sampled_pg_logbarrier_handoff,uniform,32,91083,True,0,0.8962240186445888,0.9250374631264194,0.9459093802114426,True,138,0.0
sampled_pg_logbarrier_handoff,uniform,32,91084,True,0,0.8936298768956052,0.9238949736299492,0.9436791274543992,True,148,0.0
sampled_pg_logbarrier_handoff,uniform,32,91085,True,0,0.895540153230277,0.9235433859787494,0.9460471057498985,True,121,0.0
sampled_pg_logbarrier_handoff,uniform,32,91086,True,0,0.8934518136973287,0.9221823092073712,0.9447597238988013,True,150,0.0
sampled_pg_logbarrier_handoff,uniform,32,91087,True,0,0.8971164568878536,0.9258735440140188,0.9462352200790557,True,124,0.0
sampled_pg_logbarrier_handoff,uniform,32,91088,True,0,0.8941778861101437,0.9224105917475832,0.9453649273201072,True,132,0.0
sampled_pg_logbarrier_handoff,uniform,32,91089,True,0,0.8917118335242289,0.9200215751944917,0.9440953697070736,True,141,0.0
sampled_pg_logbarrier_handoff,uniform,32,91090,True,0,0.8926570620658242,0.9205766014801754,0.9449116775278197,True,133,0.0
sampled_pg_logbarrier_handoff,uniform,32,91091,True,0,0.8919468617760553,0.9203567819762946,0.9442029742408509,True,131,0.0
sampled_pg_logbarrier_handoff,uniform,32,91092,True,0,0.8933176447836431,0.9223565012378449,0.9443630872252204,True,140,0.0
sampled_pg_logbarrier_handoff,uniform,32,91093,True,0,0.8931377782834273,0.9216831881503168,0.944596211147839,True,145,0.0
sampled_pg_logbarrier_handoff,uniform,32,91094,True,0,0.8917035662875772,0.9201747687754352,0.9439505464508278,True,133,0.0
sampled_pg_logbarrier_handoff,uniform,32,91095,True,0,0.8910675088896773,0.9204903031137434,0.942961735338636,True,137,0.0
sampled_pg_logbarrier_handoff,uniform,32,91096,True,0,0.8981273492318914,0.9268458648434977,0.9468783881865646,True,131,0.0
sampled_pg_logbarrier_handoff,uniform,32,91097,True,0,0.893608043557981,0.92241452970048,0.9447795317276186,True,136,0.0
sampled_pg_logbarrier_handoff,uniform,32,91098,True,0,0.8930420935781436,0.9216584293743163,0.9445515897709955,True,135,0.0
sampled_pg_logbarrier_handoff,uniform,32,91099,True,0,0.8940265748614649,0.9221629781084906,0.9453365597444345,True,130,0.0
sampled_npg_reward_only,uniform,32,91000,False,1,0.9899836903692593,0.9858663172197036,0.9980374704135201,True,4,0.0
sampled_npg_reward_only,uniform,32,91001,False,1,0.9802527455285728,0.9662862966848156,0.9981149473240739,True,4,0.0
sampled_npg_reward_only,uniform,32,91002,False,1,0.9813070763142618,0.9704998727404369,0.9974266874461312,True,3,0.0
sampled_npg_reward_only,uniform,32,91003,False,1,0.9999999999999998,1.0,0.9999999999999998,True,4,0.0
sampled_npg_reward_only,uniform,32,91004,False,1,0.9822590027740656,0.9663622708424413,0.9993840446798,True,4,0.0
sampled_npg_reward_only,uniform,32,91005,False,1,0.9589285184188574,0.9254703878937753,0.9976428417363945,True,4,0.0
sampled_npg_reward_only,uniform,32,91006,False,1,0.9985599989187357,0.9998218207543694,0.9986751836749581,True,4,0.0
sampled_npg_reward_only,uniform,32,91007,False,1,0.9931669915243441,0.9897170430703326,0.9985736222546784,True,4,0.0
sampled_npg_reward_only,uniform,32,91008,False,1,0.9726446004119413,0.9535742943077383,0.9973389482442658,True,4,0.0
sampled_npg_reward_only,uniform,32,91009,False,1,0.9664072468767895,0.94209693035803,0.996769090993733,True,4,0.0
sampled_npg_reward_only,uniform,32,91010,False,1,0.997846141521125,0.9983824799604379,0.998688420854418,True,4,0.0
sampled_npg_reward_only,uniform,32,91011,False,1,0.9999999999872974,0.9999999999871327,1.0,True,4,0.0
sampled_npg_reward_only,uniform,32,91012,False,1,0.9779797688031975,0.9619772277203725,0.9980212739699028,True,4,0.0
sampled_npg_reward_only,uniform,32,91013,False,1,0.981965111601189,0.9668110904049861,0.9990414634957312,True,5,0.0
sampled_npg_reward_only,uniform,32,91014,False,1,0.9030297531690394,0.8388783033369707,0.9891084074059618,False,4,0.0
sampled_npg_reward_only,uniform,32,91015,False,1,0.9845972596598158,0.972550917675955,0.9990286313130705,True,4,0.0
sampled_npg_reward_only,uniform,32,91016,False,1,0.977402896353669,0.9557438066591213,0.9997640530920463,True,4,0.0
sampled_npg_reward_only,uniform,32,91017,False,1,0.9892184579591596,0.9787451995799344,0.9999821510906873,True,4,0.0
sampled_npg_reward_only,uniform,32,91018,False,1,0.9853314292990868,0.9766328990240205,0.9980368795506322,True,4,0.0
sampled_npg_reward_only,uniform,32,91019,False,1,1.0,1.0,1.0,True,3,0.0
sampled_npg_reward_only,uniform,32,91020,False,1,0.9700604278409265,0.9476506394484602,0.9974886881918584,True,5,0.0
sampled_npg_reward_only,uniform,32,91021,False,1,0.9811890575360644,0.9698414837585634,0.9972096249151101,True,4,0.0
sampled_npg_reward_only,uniform,32,91022,False,1,0.9815898325920435,0.963180905473248,0.9999999337008867,True,4,0.0
sampled_npg_reward_only,uniform,32,91023,False,1,0.985031155583148,0.9785501067284573,0.9970426709959911,True,4,0.0
sampled_npg_reward_only,uniform,32,91024,False,1,1.0,1.0,1.0,True,4,0.0
sampled_npg_reward_only,uniform,32,91025,False,1,0.9741324899139635,0.9483961061419783,0.9999840253398375,True,4,0.0
sampled_npg_reward_only,uniform,32,91026,False,1,0.9983192985494443,0.9996306648148522,0.9985240207009665,True,5,0.0
sampled_npg_reward_only,uniform,32,91027,False,1,0.976396634146018,0.9595183258421316,0.9980650557682503,True,4,0.0
sampled_npg_reward_only,uniform,32,91028,False,1,0.986456327183116,0.982699129631566,0.9969081190815442,True,4,0.0
sampled_npg_reward_only,uniform,32,91029,False,1,0.9888947981846504,0.9796991784129356,0.9993509864390383,True,4,0.0
sampled_npg_reward_only,uniform,32,91030,False,1,0.9917570467764143,0.9855918489615443,0.9994753342451094,True,4,0.0
sampled_npg_reward_only,uniform,32,91031,False,1,0.986982790037443,0.9788780027143706,0.9984083319992679,True,5,0.0
sampled_npg_reward_only,uniform,32,91032,False,1,0.9914571075128811,0.9866318916345131,0.9988213781666414,True,4,0.0
sampled_npg_reward_only,uniform,32,91033,False,1,0.9632992714034843,0.9292534033353652,0.9991921005389176,True,4,0.0
sampled_npg_reward_only,uniform,32,91034,False,1,0.9944691196512941,0.9890388841657198,0.9999990697498716,True,4,0.0
sampled_npg_reward_only,uniform,32,91035,False,1,0.9848131687128653,0.9728676767373624,0.9991130515302042,True,4,0.0
sampled_npg_reward_only,uniform,32,91036,False,1,0.9783125029075459,0.956693742086845,0.9999765645293371,True,6,0.0
sampled_npg_reward_only,uniform,32,91037,False,1,0.9999996252322406,0.9999996027412331,1.0,True,4,0.0
sampled_npg_reward_only,uniform,32,91038,False,1,1.0,1.0,1.0,True,4,0.0
sampled_npg_reward_only,uniform,32,91039,False,1,0.9999848890219507,0.999999963242405,0.9999846303270764,True,4,0.0
sampled_npg_reward_only,uniform,32,91040,False,1,1.0,1.0,1.0,True,4,0.0
sampled_npg_reward_only,uniform,32,91041,False,1,0.999652410082244,0.9999957947652001,0.9996427630895526,True,4,0.0
sampled_npg_reward_only,uniform,32,91042,False,1,0.9838551056230413,0.9695114858760266,0.9995564622593637,True,4,0.0
sampled_npg_reward_only,uniform,32,91043,False,1,1.0,1.0,1.0,True,4,0.0
sampled_npg_reward_only,uniform,32,91044,False,1,0.9876762511932146,0.9830793135275631,0.9971370670285173,True,5,0.0
sampled_npg_reward_only,uniform,32,91045,False,1,0.9920098076127396,0.9888170218324877,0.9982690289918427,True,4,0.0
sampled_npg_reward_only,uniform,32,91046,False,1,0.9825574872179568,0.9695238709672493,0.998644189167702,True,4,0.0
sampled_npg_reward_only,uniform,32,91047,False,1,0.9766565424583721,0.9536145924339671,0.999937863423156,True,4,0.0
sampled_npg_reward_only,uniform,32,91048,False,1,0.9771053371241248,0.9626419574532672,0.9975048211796078,True,4,0.0
sampled_npg_reward_only,uniform,32,91049,False,1,0.9725403913245921,0.9561473319393541,0.9959347880253689,True,5,0.0
sampled_npg_reward_only,uniform,32,91050,False,1,0.9999999972000164,0.9999999971843425,1.0,True,4,0.0
sampled_npg_reward_only,uniform,32,91051,False,1,0.9972521178141143,0.9983864283666593,0.998222140034608,True,4,0.0
sampled_npg_reward_only,uniform,32,91052,False,1,0.9659033583062037,0.9404251530904307,0.9976345482611324,True,4,0.0
sampled_npg_reward_only,uniform,32,91053,False,1,0.9899068098558851,0.9807386735561346,0.9997444348474255,True,4,0.0
sampled_npg_reward_only,uniform,32,91054,False,1,1.0,1.0,1.0,True,5,0.0
sampled_npg_reward_only,uniform,32,91055,False,1,0.9999999999996455,0.99999999999979,0.9999999999998554,True,4,0.0
sampled_npg_reward_only,uniform,32,91056,False,1,0.9721714023596912,0.95362566403055,0.9968582439867366,True,4,0.0
sampled_npg_reward_only,uniform,32,91057,False,1,0.9962732428911976,0.9954782414101507,0.9987179315447001,True,5,0.0
sampled_npg_reward_only,uniform,32,91058,False,1,0.9853101885629643,0.971342162997529,0.9997966795457495,True,4,0.0
sampled_npg_reward_only,uniform,32,91059,False,1,0.999999999806775,0.9999999998080462,0.9999999999987099,True,4,0.0
sampled_npg_reward_only,uniform,32,91060,False,1,0.999999999798553,0.9999999997985503,1.0,True,4,0.0
sampled_npg_reward_only,uniform,32,91061,False,1,0.9737351172970925,0.9518903071500167,0.9988043161358527,True,4,0.0
sampled_npg_reward_only,uniform,32,91062,False,1,0.999179149613912,0.9998447764518551,0.9992745158766491,True,4,0.0
sampled_npg_reward_only,uniform,32,91063,False,1,0.9687379994738419,0.9429675359616899,0.9985532608729333,True,4,0.0
sampled_npg_reward_only,uniform,32,91064,False,1,0.9079777575485372,0.8459667922767076,0.9916568814464666,False,4,0.0
sampled_npg_reward_only,uniform,32,91065,False,1,0.969904969485717,0.9499858875048279,0.9962798976828156,True,4,0.0
sampled_npg_reward_only,uniform,32,91066,False,1,0.9999999999953676,0.9999999999953675,1.0,True,4,0.0
sampled_npg_reward_only,uniform,32,91067,False,1,0.9880695316545814,0.9812450464706417,0.998140713940133,True,4,0.0
sampled_npg_reward_only,uniform,32,91068,False,1,0.9926153213373426,0.9901171991209007,0.9981863229086537,True,4,0.0
sampled_npg_reward_only,uniform,32,91069,False,1,0.976694426888539,0.9579181870998842,0.9985787523024368,True,4,0.0
sampled_npg_reward_only,uniform,32,91070,False,1,0.9957889239339801,0.9993382184782045,0.9959718973408583,True,4,0.0
sampled_npg_reward_only,uniform,32,91071,False,1,0.9999996081593387,0.9999995883972779,1.0,True,4,0.0
sampled_npg_reward_only,uniform,32,91072,False,1,0.9999999576696202,0.9999999575519738,0.9999999999976061,True,4,0.0
sampled_npg_reward_only,uniform,32,91073,False,1,0.9947911218571172,0.9951546766922044,0.9976816615761981,True,4,0.0
sampled_npg_reward_only,uniform,32,91074,False,1,0.9694171173405921,0.9429604000448795,0.9988239646833907,True,4,0.0
sampled_npg_reward_only,uniform,32,91075,False,1,0.9953213347826441,0.9978029156755168,0.9967382770900528,True,4,0.0
sampled_npg_reward_only,uniform,32,91076,False,1,0.9916211406058921,0.9833652080070824,0.9999558364297982,True,4,0.0
sampled_npg_reward_only,uniform,32,91077,False,1,0.9998037287348501,0.9999958376735407,0.9998010591415449,True,4,0.0
sampled_npg_reward_only,uniform,32,91078,False,1,0.9703695691605981,0.9430155403473214,0.9993533195320864,True,4,0.0
sampled_npg_reward_only,uniform,32,91079,False,1,0.9965087651700126,0.994109222316394,0.9996816703735952,True,4,0.0
sampled_npg_reward_only,uniform,32,91080,False,1,0.9999999999983495,0.9999999999983495,1.0,True,4,0.0
sampled_npg_reward_only,uniform,32,91081,False,1,0.9677449893458188,0.9430975937924799,0.9978867960676476,True,4,0.0
sampled_npg_reward_only,uniform,32,91082,False,1,0.9604320392104316,0.9285175964695535,0.9981823708274004,True,5,0.0
sampled_npg_reward_only,uniform,32,91083,False,1,0.9543570497028553,0.9144401090275008,0.9979643010781052,True,4,0.0
sampled_npg_reward_only,uniform,32,91084,False,1,0.9997904665735293,0.9999799166154835,0.9998036398276627,True,4,0.0
sampled_npg_reward_only,uniform,32,91085,False,1,0.999960075338578,0.9999997106143106,0.999959394289382,True,4,0.0
sampled_npg_reward_only,uniform,32,91086,False,1,1.0,1.0,1.0,True,4,0.0
sampled_npg_reward_only,uniform,32,91087,False,1,1.0,1.0,1.0,True,4,0.0
sampled_npg_reward_only,uniform,32,91088,False,1,0.915516579052609,0.8602716983869395,0.9917398176184009,False,4,0.0
sampled_npg_reward_only,uniform,32,91089,False,1,0.9946413147464357,0.9932816282110671,0.9983383779423486,True,5,0.0
sampled_npg_reward_only,uniform,32,91090,False,1,0.9970994225064874,0.9985424158303519,0.9981091275900246,True,5,0.0
sampled_npg_reward_only,uniform,32,91091,False,1,0.9844093058179584,0.9707383056083587,0.9993377762027138,True,4,0.0
sampled_npg_reward_only,uniform,32,91092,False,1,0.9607624420792784,0.9267858138207762,0.9984479441144395,True,4,0.0
sampled_npg_reward_only,uniform,32,91093,False,1,0.9873752668246667,0.9749408973851543,0.9999683486778834,True,5,0.0
sampled_npg_reward_only,uniform,32,91094,False,1,0.9798131429024696,0.9639685220786821,0.9986757826345113,True,4,0.0
sampled_npg_reward_only,uniform,32,91095,False,1,0.9755760313025169,0.9576717697109622,0.9979516959456307,True,4,0.0
sampled_npg_reward_only,uniform,32,91096,False,1,0.9685752522869444,0.9406252554102243,0.9988904909199162,True,4,0.0
sampled_npg_reward_only,uniform,32,91097,False,1,0.9789027024062978,0.9622422358879996,0.9985912293454575,True,4,0.0
sampled_npg_reward_only,uniform,32,91098,False,1,0.9999999999292367,0.9999999999377838,0.999999999991446,True,4,0.0
sampled_npg_reward_only,uniform,32,91099,False,1,0.9999999146859637,0.9999999981344987,0.9999999159639474,True,5,0.0
sampled_npg_logbarrier_handoff,uniform,32,91000,False,1,1.0,1.0,1.0,True,4,0.0
sampled_npg_logbarrier_handoff,uniform,32,91001,False,1,0.9958747676813567,0.9976955457798,0.997470193436641,True,4,0.0
sampled_npg_logbarrier_handoff,uniform,32,91002,False,1,1.0,1.0,1.0,True,4,0.0
sampled_npg_logbarrier_handoff,uniform,32,91003,False,1,1.0,1.0,1.0,True,4,0.0
sampled_npg_logbarrier_handoff,uniform,32,91004,False,1,1.0,1.0,1.0,True,4,0.0
sampled_npg_logbarrier_handoff,uniform,32,91005,False,1,1.0,1.0,1.0,True,4,0.0
sampled_npg_logbarrier_handoff,uniform,32,91006,False,1,0.8844504019017634,0.8685090321328592,0.9640953599494835,False,4,0.0
sampled_npg_logbarrier_handoff,uniform,32,91007,False,1,0.9536957700135565,0.9243614241748948,0.9955070001393416,True,5,0.0
sampled_npg_logbarrier_handoff,uniform,32,91008,False,1,0.9989386919180903,0.9997958065496607,0.9990640272663024,True,4,0.0
sampled_npg_logbarrier_handoff,uniform,32,91009,False,1,1.0,1.0,1.0,True,4,0.0
sampled_npg_logbarrier_handoff,uniform,32,91010,False,1,0.9852877083808607,0.9791743201647181,0.9975081233282643,True,5,0.0
sampled_npg_logbarrier_handoff,uniform,32,91011,False,1,0.9846897481285377,0.969379810128832,0.999999993513911,True,4,0.0
sampled_npg_logbarrier_handoff,uniform,32,91012,False,1,1.0,1.0,1.0,True,4,0.0
sampled_npg_logbarrier_handoff,uniform,32,91013,False,1,1.0,1.0,1.0,True,6,0.0
sampled_npg_logbarrier_handoff,uniform,32,91014,False,1,0.9999999889759018,0.9999999887562739,1.0,True,4,0.0
sampled_npg_logbarrier_handoff,uniform,32,91015,False,1,1.0,1.0,1.0,True,4,0.0
sampled_npg_logbarrier_handoff,uniform,32,91016,False,1,0.8922912998079897,0.8433398704858616,0.9798364381808002,False,4,0.0
sampled_npg_logbarrier_handoff,uniform,32,91017,False,1,0.983936390448104,0.9718313130060812,0.9988617022200837,True,4,0.0
sampled_npg_logbarrier_handoff,uniform,32,91018,False,1,0.9877351009684902,0.9776685059636391,0.9992933142969974,True,4,0.0
sampled_npg_logbarrier_handoff,uniform,32,91019,False,1,1.0,1.0,1.0,True,3,0.0
sampled_npg_logbarrier_handoff,uniform,32,91020,False,1,0.9901968599677662,0.980626713899208,0.9999584054941364,True,5,0.0
sampled_npg_logbarrier_handoff,uniform,32,91021,False,1,0.9970278956122799,0.9989846568796907,0.9976657994353588,True,5,0.0
sampled_npg_logbarrier_handoff,uniform,32,91022,False,1,0.9121286393131323,0.911135082157928,0.9637121294596095,True,4,0.0
sampled_npg_logbarrier_handoff,uniform,32,91023,False,1,0.9998482374881092,0.9999963469574519,0.9998476175146327,True,4,0.0
sampled_npg_logbarrier_handoff,uniform,32,91024,False,1,0.9855312430591521,0.9719686284870054,0.9996891716514996,True,4,0.0
sampled_npg_logbarrier_handoff,uniform,32,91025,False,1,0.996231673160296,0.9984033949329821,0.9971806837304008,True,4,0.0
sampled_npg_logbarrier_handoff,uniform,32,91026,False,1,0.9951350423055886,0.9971562286772633,0.9968000177531494,True,4,0.0
sampled_npg_logbarrier_handoff,uniform,32,91027,False,1,1.0,1.0,1.0,True,4,0.0
sampled_npg_logbarrier_handoff,uniform,32,91028,False,1,0.9806712683065506,0.9644033193309631,0.9993539035472461,True,4,0.0
sampled_npg_logbarrier_handoff,uniform,32,91029,False,1,0.99999999152482,1.0,0.9999999914542467,True,4,0.0
sampled_npg_logbarrier_handoff,uniform,32,91030,False,1,0.9933920186314431,0.9944933451517121,0.9965984861571402,True,5,0.0
sampled_npg_logbarrier_handoff,uniform,32,91031,False,1,1.0,1.0,1.0,True,5,0.0
sampled_npg_logbarrier_handoff,uniform,32,91032,False,1,0.9280452015723496,0.9082181742199513,0.9837030232310229,True,4,0.0
sampled_npg_logbarrier_handoff,uniform,32,91033,False,1,1.0,1.0,1.0,True,4,0.0
sampled_npg_logbarrier_handoff,uniform,32,91034,False,1,0.913772123355588,0.8900132347843701,0.9813437668053921,False,4,0.0
sampled_npg_logbarrier_handoff,uniform,32,91035,False,1,0.9949137327792597,0.99910505511488,0.9952755378932884,True,5,0.0
sampled_npg_logbarrier_handoff,uniform,32,91036,False,1,0.9725814071191873,0.9590661534453256,0.9954963957537413,True,6,0.0
sampled_npg_logbarrier_handoff,uniform,32,91037,False,1,0.9817576380371604,0.9682298887108073,0.9977347615894644,True,4,0.0
sampled_npg_logbarrier_handoff,uniform,32,91038,False,1,0.9215406297166786,0.9065104511040124,0.9802465412286467,True,4,0.0
sampled_npg_logbarrier_handoff,uniform,32,91039,False,1,1.0,1.0,1.0,True,4,0.0
sampled_npg_logbarrier_handoff,uniform,32,91040,False,1,0.9999995359301217,0.9999995175642147,1.0,True,4,0.0
sampled_npg_logbarrier_handoff,uniform,32,91041,False,1,0.9886453309758363,0.9808951526239934,0.9990145716789092,True,4,0.0
sampled_npg_logbarrier_handoff,uniform,32,91042,False,1,0.998316721621694,0.9990177692974694,0.9988995280104674,True,4,0.0
sampled_npg_logbarrier_handoff,uniform,32,91043,False,1,0.9041382874813751,0.8847289248711628,0.969864186513034,False,4,0.0
sampled_npg_logbarrier_handoff,uniform,32,91044,False,1,0.9094181019020482,0.8897560583445265,0.9711834465279426,False,5,0.0
sampled_npg_logbarrier_handoff,uniform,32,91045,False,1,1.0,1.0,1.0,True,4,0.0
sampled_npg_logbarrier_handoff,uniform,32,91046,False,1,1.0,1.0,1.0,True,4,0.0
sampled_npg_logbarrier_handoff,uniform,32,91047,False,1,0.9999465291066736,0.999999108330159,0.9999463006649665,True,4,0.0
sampled_npg_logbarrier_handoff,uniform,32,91048,False,1,0.9321254267311513,0.9358142280706688,0.9737458743944647,True,4,0.0
sampled_npg_logbarrier_handoff,uniform,32,91049,False,1,0.8967053712744789,0.8710267452338776,0.9666852336445048,False,5,0.0
sampled_npg_logbarrier_handoff,uniform,32,91050,False,1,0.9142485313583777,0.8448599644552826,0.995529960442226,False,4,0.0
sampled_npg_logbarrier_handoff,uniform,32,91051,False,1,0.9195531042037386,0.906724084835789,0.9691366879145662,True,4,0.0
sampled_npg_logbarrier_handoff,uniform,32,91052,False,1,0.9999999999994169,1.0,0.9999999999994167,True,4,0.0
sampled_npg_logbarrier_handoff,uniform,32,91053,False,1,0.988308772371206,0.9843170396370897,0.9972872026345666,True,4,0.0
sampled_npg_logbarrier_handoff,uniform,32,91054,False,1,0.8973101523435755,0.8622177376450383,0.9818642852483687,False,6,0.0
sampled_npg_logbarrier_handoff,uniform,32,91055,False,1,0.9999999999999978,0.9999999999999978,1.0,True,4,0.0
sampled_npg_logbarrier_handoff,uniform,32,91056,False,1,0.890551300607206,0.8704756853277663,0.9704995832171687,False,5,0.0
sampled_npg_logbarrier_handoff,uniform,32,91057,False,1,0.9610770053975053,0.9322140488243338,0.9967100593182848,True,5,0.0
sampled_npg_logbarrier_handoff,uniform,32,91058,False,1,0.9999994705731527,0.9999994580289135,1.0,True,4,0.0
sampled_npg_logbarrier_handoff,uniform,32,91059,False,1,0.9998299342911932,0.9999946581624877,0.9998299960995168,True,4,0.0
sampled_npg_logbarrier_handoff,uniform,32,91060,False,1,0.9990524383971361,0.9998954582783616,0.999095628808908,True,4,0.0
sampled_npg_logbarrier_handoff,uniform,32,91061,False,1,1.0,1.0,1.0,True,4,0.0
sampled_npg_logbarrier_handoff,uniform,32,91062,False,1,1.0,1.0,1.0,True,4,0.0
sampled_npg_logbarrier_handoff,uniform,32,91063,False,1,0.9756355216776605,0.967943091145671,0.9940101434578134,True,4,0.0
sampled_npg_logbarrier_handoff,uniform,32,91064,False,1,0.9999677563634548,0.9999652080973642,0.9999999999618294,True,4,0.0
sampled_npg_logbarrier_handoff,uniform,32,91065,False,1,0.9917386699897216,0.9913867231083029,0.9970240598486477,True,4,0.0
sampled_npg_logbarrier_handoff,uniform,32,91066,False,1,0.9982764233857979,0.9994756476632239,0.9985582586047264,True,4,0.0
sampled_npg_logbarrier_handoff,uniform,32,91067,False,1,0.9533536863583352,0.912705784654864,0.998196389168217,True,4,0.0
sampled_npg_logbarrier_handoff,uniform,32,91068,False,1,0.9999999939849581,0.9999999939744573,0.9999999999999942,True,4,0.0
sampled_npg_logbarrier_handoff,uniform,32,91069,False,1,1.0,1.0,1.0,True,4,0.0
sampled_npg_logbarrier_handoff,uniform,32,91070,False,1,0.9970367624844803,0.9976890842964349,0.9985824493780708,True,4,0.0
sampled_npg_logbarrier_handoff,uniform,32,91071,False,1,1.0,1.0,1.0,True,4,0.0
sampled_npg_logbarrier_handoff,uniform,32,91072,False,1,0.9778867509663687,0.9613925648079401,0.9980917606080782,True,4,0.0
sampled_npg_logbarrier_handoff,uniform,32,91073,False,1,0.9999995451084325,0.9999995391479649,1.0,True,4,0.0
sampled_npg_logbarrier_handoff,uniform,32,91074,False,1,0.9780669427654937,0.9674182092297121,0.9955307179923466,True,4,0.0
sampled_npg_logbarrier_handoff,uniform,32,91075,False,1,1.0,1.0,1.0,True,4,0.0
sampled_npg_logbarrier_handoff,uniform,32,91076,False,1,0.9808812919079418,0.9656183279747864,0.9989421707355647,True,4,0.0
sampled_npg_logbarrier_handoff,uniform,32,91077,False,1,0.9886211682170956,0.9813387355931228,0.9989954449271686,True,4,0.0
sampled_npg_logbarrier_handoff,uniform,32,91078,False,1,0.9203691842800052,0.8929784136221766,0.9860089490935159,False,4,0.0
sampled_npg_logbarrier_handoff,uniform,32,91079,False,1,0.9990825625418238,0.9999406720093268,0.999110519191996,True,4,0.0
sampled_npg_logbarrier_handoff,uniform,32,91080,False,1,1.0,1.0,1.0,True,4,0.0
sampled_npg_logbarrier_handoff,uniform,32,91081,False,1,0.8697161991683732,0.8767771394458703,0.9436974268783144,False,4,0.0
sampled_npg_logbarrier_handoff,uniform,32,91082,False,1,0.989822231313458,0.9863815668667067,0.9976603020352783,True,5,0.0
sampled_npg_logbarrier_handoff,uniform,32,91083,False,1,0.9670143829225452,0.941626513398475,0.997970317348474,True,4,0.0
sampled_npg_logbarrier_handoff,uniform,32,91084,False,1,0.999999893167171,0.9999998902045529,1.0,True,4,0.0
sampled_npg_logbarrier_handoff,uniform,32,91085,False,1,1.0,1.0,1.0,True,4,0.0
sampled_npg_logbarrier_handoff,uniform,32,91086,False,1,0.9999999790126665,0.9999999786639084,1.0,True,4,0.0
sampled_npg_logbarrier_handoff,uniform,32,91087,False,1,0.9555024375839583,0.916765098947831,0.9982811811027564,True,5,0.0
sampled_npg_logbarrier_handoff,uniform,32,91088,False,1,0.9911058127315241,0.9949900684870739,0.9940821553870255,True,4,0.0
sampled_npg_logbarrier_handoff,uniform,32,91089,False,1,1.0,1.0,1.0,True,5,0.0
sampled_npg_logbarrier_handoff,uniform,32,91090,False,1,0.9990014083286904,0.9998026841752086,0.9991367277848112,True,5,0.0
sampled_npg_logbarrier_handoff,uniform,32,91091,False,1,1.0,1.0,1.0,True,4,0.0
sampled_npg_logbarrier_handoff,uniform,32,91092,False,1,0.987312889929981,0.9822168431276719,0.9976365848860542,True,4,0.0
sampled_npg_logbarrier_handoff,uniform,32,91093,False,1,0.9617995062765088,0.9334786302999656,0.997366484215194,True,5,0.0
sampled_npg_logbarrier_handoff,uniform,32,91094,False,1,1.0,1.0,1.0,True,4,0.0
sampled_npg_logbarrier_handoff,uniform,32,91095,False,1,0.9075085983659915,0.8806745290437813,0.9788290941371594,False,4,0.0
sampled_npg_logbarrier_handoff,uniform,32,91096,False,1,0.9089697288391336,0.891672683737182,0.966988618779856,False,6,0.0
sampled_npg_logbarrier_handoff,uniform,32,91097,False,1,0.9999999999987744,1.0,0.9999999999987739,True,4,0.0
sampled_npg_logbarrier_handoff,uniform,32,91098,False,1,0.997296829765111,0.9994049764141433,0.9976958194340836,True,4,0.0
sampled_npg_logbarrier_handoff,uniform,32,91099,False,1,0.9786199952390813,0.9679230751729326,0.9971275490608034,True,5,0.0
sampled_pg_logbarrier_fixed,uniform,32,91000,True,0,0.5989307344973539,0.6103633942681853,0.7526932212871086,False,129,0.0
sampled_pg_logbarrier_fixed,uniform,32,91001,True,0,0.5903444667823399,0.5942260449561645,0.7477756266112261,False,151,0.0
sampled_pg_logbarrier_fixed,uniform,32,91002,True,0,0.596396050734573,0.6038540815459084,0.7515091150546229,False,136,0.0
sampled_pg_logbarrier_fixed,uniform,32,91003,True,0,0.5901418749212668,0.5895980435477581,0.7499090651947863,False,134,0.0
sampled_pg_logbarrier_fixed,uniform,32,91004,True,0,0.5863761007638171,0.5847750850105871,0.7464469404488595,False,133,0.0
sampled_pg_logbarrier_fixed,uniform,32,91005,True,0,0.5902002215289495,0.5894222558764178,0.7504794655635095,False,136,0.0
sampled_pg_logbarrier_fixed,uniform,32,91006,True,0,0.5896635962813209,0.5896524815866997,0.7491317806651915,False,131,0.0
sampled_pg_logbarrier_fixed,uniform,32,91007,True,0,0.59209548560671,0.5940632007961714,0.7516184371187931,False,147,0.0
sampled_pg_logbarrier_fixed,uniform,32,91008,True,0,0.599290072101303,0.6120241030878579,0.7521188106910462,False,139,0.0
sampled_pg_logbarrier_fixed,uniform,32,91009,True,0,0.5923483861348702,0.5943377226653754,0.7511942309502366,False,138,0.0
sampled_pg_logbarrier_fixed,uniform,32,91010,True,0,0.5831499429293281,0.5789193134821424,0.7442180776660274,False,128,0.0
sampled_pg_logbarrier_fixed,uniform,32,91011,True,0,0.5904538065506288,0.5930168273369308,0.7481282914017889,False,125,0.0
sampled_pg_logbarrier_fixed,uniform,32,91012,True,0,0.600016084176643,0.610504780932689,0.754700448949871,False,132,0.0
sampled_pg_logbarrier_fixed,uniform,32,91013,True,0,0.5912185023939943,0.5941600868089975,0.748700162515265,False,134,0.0
sampled_pg_logbarrier_fixed,uniform,32,91014,True,0,0.5985784495709111,0.6055994294211888,0.7547734723173998,False,140,0.0
sampled_pg_logbarrier_fixed,uniform,32,91015,True,0,0.59556755155176,0.6063581725347461,0.7492123015977102,False,112,0.0
sampled_pg_logbarrier_fixed,uniform,32,91016,True,0,0.5910784562404071,0.5960655939826754,0.7483623208256855,False,142,0.0
sampled_pg_logbarrier_fixed,uniform,32,91017,True,0,0.5889313699303762,0.5850906254683016,0.7505784243980619,False,126,0.0
sampled_pg_logbarrier_fixed,uniform,32,91018,True,0,0.5861784463486912,0.5805540125076054,0.7488776539481002,False,121,0.0
sampled_pg_logbarrier_fixed,uniform,32,91019,True,0,0.5917216282121732,0.5982455372949601,0.7474462757306036,False,133,0.0
sampled_pg_logbarrier_fixed,uniform,32,91020,True,0,0.5861171523017471,0.5835558453460924,0.7465333670785675,False,143,0.0
sampled_pg_logbarrier_fixed,uniform,32,91021,True,0,0.5844372598956635,0.5853735034324813,0.7430557903078071,False,144,0.0
sampled_pg_logbarrier_fixed,uniform,32,91022,True,0,0.5901264402271811,0.5942678975665512,0.7477842280895703,False,121,0.0
sampled_pg_logbarrier_fixed,uniform,32,91023,True,0,0.5968295369484956,0.6026505417641148,0.753995541050491,False,132,0.0
sampled_pg_logbarrier_fixed,uniform,32,91024,True,0,0.5891026570319785,0.5971013888240353,0.7439382858440455,False,133,0.0
sampled_pg_logbarrier_fixed,uniform,32,91025,True,0,0.6050132330311613,0.6231015199715518,0.7551131409004688,False,128,0.0
sampled_pg_logbarrier_fixed,uniform,32,91026,True,0,0.6001551676796549,0.6105065845194485,0.7546167038670748,False,128,0.0
sampled_pg_logbarrier_fixed,uniform,32,91027,True,0,0.5954105874595234,0.6014004240311042,0.7520448392683644,False,127,0.0
sampled_pg_logbarrier_fixed,uniform,32,91028,True,0,0.5874093254545492,0.5874805016440292,0.7469799902144191,False,137,0.0
sampled_pg_logbarrier_fixed,uniform,32,91029,True,0,0.5961655524605137,0.6059965108181403,0.7500344274174235,False,118,0.0
sampled_pg_logbarrier_fixed,uniform,32,91030,True,0,0.5867453508336514,0.5875878686872046,0.7457909696092291,False,137,0.0
sampled_pg_logbarrier_fixed,uniform,32,91031,True,0,0.5884472029953061,0.5926543185576706,0.7451501386279502,False,120,0.0
sampled_pg_logbarrier_fixed,uniform,32,91032,True,0,0.5962194362252544,0.6009427997123995,0.7535790389984561,False,123,0.0
sampled_pg_logbarrier_fixed,uniform,32,91033,True,0,0.5907043557629548,0.5900474468080975,0.7506628119522271,False,139,0.0
sampled_pg_logbarrier_fixed,uniform,32,91034,True,0,0.5938808182096396,0.6007923690863124,0.749966337343245,False,145,0.0
sampled_pg_logbarrier_fixed,uniform,32,91035,True,0,0.5930970982464915,0.5945452207285313,0.7536662668789647,False,153,0.0
sampled_pg_logbarrier_fixed,uniform,32,91036,True,0,0.5981131713646506,0.605343548210011,0.7544152731097876,False,140,0.0
sampled_pg_logbarrier_fixed,uniform,32,91037,True,0,0.5862353362616165,0.5858430390091908,0.7451356071340185,False,128,0.0
sampled_pg_logbarrier_fixed,uniform,32,91038,True,0,0.6010540771355805,0.6102054336606942,0.7564814112987208,False,146,0.0
sampled_pg_logbarrier_fixed,uniform,32,91039,True,0,0.5851052490314461,0.5801255657869733,0.7468559806425824,False,131,0.0
sampled_pg_logbarrier_fixed,uniform,32,91040,True,0,0.5896476910697541,0.5934531799945544,0.7470418231865266,False,136,0.0
sampled_pg_logbarrier_fixed,uniform,32,91041,True,0,0.5942028374927663,0.6046999829088698,0.7486129725004529,False,134,0.0
sampled_pg_logbarrier_fixed,uniform,32,91042,True,0,0.5811668103846264,0.5769516445216845,0.7419409570806528,False,126,0.0
sampled_pg_logbarrier_fixed,uniform,32,91043,True,0,0.5929918780549663,0.5935855983353833,0.7520230853210629,False,124,0.0
sampled_pg_logbarrier_fixed,uniform,32,91044,True,0,0.5891961085646568,0.5878535070151676,0.7493315384084664,False,124,0.0
sampled_pg_logbarrier_fixed,uniform,32,91045,True,0,0.5936484165565857,0.5983849543891465,0.750679638870733,False,127,0.0
sampled_pg_logbarrier_fixed,uniform,32,91046,True,0,0.5890815618924388,0.5943804876985768,0.7455548969651199,False,119,0.0
sampled_pg_logbarrier_fixed,uniform,32,91047,True,0,0.5931776858396456,0.6019069090405406,0.7480870277103929,False,137,0.0
sampled_pg_logbarrier_fixed,uniform,32,91048,True,0,0.5988203008997325,0.610708744812309,0.7524012528194707,False,140,0.0
sampled_pg_logbarrier_fixed,uniform,32,91049,True,0,0.5939501986025477,0.6000029397144863,0.7505846454088816,False,126,0.0
sampled_pg_logbarrier_fixed,uniform,32,91050,True,0,0.594967005406601,0.6034963557577211,0.7500885064666418,False,120,0.0
sampled_pg_logbarrier_fixed,uniform,32,91051,True,0,0.5864927118519185,0.5831326731231313,0.746790028912287,False,114,0.0
sampled_pg_logbarrier_fixed,uniform,32,91052,True,0,0.5998335302782668,0.6120916787594597,0.7530714930739929,False,135,0.0
sampled_pg_logbarrier_fixed,uniform,32,91053,True,0,0.589684009039116,0.5891955849176994,0.7495867332753128,False,142,0.0
sampled_pg_logbarrier_fixed,uniform,32,91054,True,0,0.5871994832051763,0.5854799759597537,0.7466660813136753,False,137,0.0
sampled_pg_logbarrier_fixed,uniform,32,91055,True,0,0.5949058647174734,0.6048512839764981,0.74924716626718,False,135,0.0
sampled_pg_logbarrier_fixed,uniform,32,91056,True,0,0.5915412111054439,0.5958810708440522,0.749333238708714,False,140,0.0
sampled_pg_logbarrier_fixed,uniform,32,91057,True,0,0.5891704203096606,0.5880625093836521,0.7494180885906617,False,134,0.0
sampled_pg_logbarrier_fixed,uniform,32,91058,True,0,0.594979362649176,0.6036186213458115,0.7502343715522914,False,140,0.0
sampled_pg_logbarrier_fixed,uniform,32,91059,True,0,0.599225235789839,0.6107368014046534,0.7531748380674195,False,129,0.0
sampled_pg_logbarrier_fixed,uniform,32,91060,True,0,0.5897346409598492,0.589099328468596,0.7497017745764601,False,133,0.0
sampled_pg_logbarrier_fixed,uniform,32,91061,True,0,0.5905146009967104,0.595481243691812,0.7470173964143704,False,132,0.0
sampled_pg_logbarrier_fixed,uniform,32,91062,True,0,0.5863899648057976,0.5838697338059793,0.7472542453435396,False,131,0.0
sampled_pg_logbarrier_fixed,uniform,32,91063,True,0,0.6026913220182356,0.6157814079861349,0.7558311073538801,False,120,0.0
sampled_pg_logbarrier_fixed,uniform,32,91064,True,0,0.5866987794201455,0.5864309578664564,0.7466991229454111,False,136,0.0
sampled_pg_logbarrier_fixed,uniform,32,91065,True,0,0.5858553952950326,0.5860920459737892,0.7446728558184793,False,139,0.0
sampled_pg_logbarrier_fixed,uniform,32,91066,True,0,0.5891996159184367,0.5891302642355569,0.7488833928074959,False,133,0.0
sampled_pg_logbarrier_fixed,uniform,32,91067,True,0,0.5908307130476285,0.5946019084174353,0.7483466772432548,False,129,0.0
sampled_pg_logbarrier_fixed,uniform,32,91068,True,0,0.5915459121960029,0.592704158572204,0.7508022298422444,False,130,0.0
sampled_pg_logbarrier_fixed,uniform,32,91069,True,0,0.5896197294847411,0.5903543850963329,0.748649666468928,False,138,0.0
sampled_pg_logbarrier_fixed,uniform,32,91070,True,0,0.5948075802306527,0.5973083859353547,0.7536052506823658,False,132,0.0
sampled_pg_logbarrier_fixed,uniform,32,91071,True,0,0.594475068155814,0.6025702130353283,0.7492794862907626,False,127,0.0
sampled_pg_logbarrier_fixed,uniform,32,91072,True,0,0.588545320512295,0.5901561366281132,0.7470019725977498,False,136,0.0
sampled_pg_logbarrier_fixed,uniform,32,91073,True,0,0.5959787865148931,0.6031842287261229,0.752321726116188,False,127,0.0
sampled_pg_logbarrier_fixed,uniform,32,91074,True,0,0.5879039116490169,0.5867791389962874,0.7479634343685716,False,127,0.0
sampled_pg_logbarrier_fixed,uniform,32,91075,True,0,0.5960993259149417,0.6061169008396151,0.7507769956936222,False,140,0.0
sampled_pg_logbarrier_fixed,uniform,32,91076,True,0,0.5936997428668475,0.6027412892249353,0.748987797697645,False,137,0.0
sampled_pg_logbarrier_fixed,uniform,32,91077,True,0,0.595970546851255,0.6000344921871071,0.7541141379976305,False,137,0.0
sampled_pg_logbarrier_fixed,uniform,32,91078,True,0,0.5905748108435732,0.5919486313587357,0.7487324375574169,False,122,0.0
sampled_pg_logbarrier_fixed,uniform,32,91079,True,0,0.6055275142987108,0.6249470728296823,0.7554750863562465,False,142,0.0
sampled_pg_logbarrier_fixed,uniform,32,91080,True,0,0.5915291376175185,0.5949241679172514,0.7490575598937879,False,129,0.0
sampled_pg_logbarrier_fixed,uniform,32,91081,True,0,0.5922638617440326,0.6017594664085092,0.7464054221078308,False,132,0.0
sampled_pg_logbarrier_fixed,uniform,32,91082,True,0,0.5934161115935712,0.5993999760247128,0.7500991402979118,False,151,0.0
sampled_pg_logbarrier_fixed,uniform,32,91083,True,0,0.5903555393631073,0.5915602812201746,0.7492219811330922,False,138,0.0
sampled_pg_logbarrier_fixed,uniform,32,91084,True,0,0.5964284087996895,0.6090051274070512,0.7504543824771736,False,148,0.0
sampled_pg_logbarrier_fixed,uniform,32,91085,True,0,0.5862732658067262,0.5808699460187327,0.7475564070358031,False,121,0.0
sampled_pg_logbarrier_fixed,uniform,32,91086,True,0,0.5845681243414889,0.5784476303275047,0.7469330895055655,False,150,0.0
sampled_pg_logbarrier_fixed,uniform,32,91087,True,0,0.5924714049168893,0.5929705510600392,0.7519987153511956,False,124,0.0
sampled_pg_logbarrier_fixed,uniform,32,91088,True,0,0.589133670217566,0.5940308830945371,0.7457168353202087,False,132,0.0
sampled_pg_logbarrier_fixed,uniform,32,91089,True,0,0.590196596567434,0.596148048847721,0.7467917523339831,False,141,0.0
sampled_pg_logbarrier_fixed,uniform,32,91090,True,0,0.589840909947464,0.5882794975477251,0.7508020419058598,False,133,0.0
sampled_pg_logbarrier_fixed,uniform,32,91091,True,0,0.594929665374492,0.6007444287255902,0.7518657473687805,False,131,0.0
sampled_pg_logbarrier_fixed,uniform,32,91092,True,0,0.594356706035942,0.6049385986594543,0.7488008895795503,False,140,0.0
sampled_pg_logbarrier_fixed,uniform,32,91093,True,0,0.5807624976410742,0.5745789190026445,0.7427248023116187,False,145,0.0
sampled_pg_logbarrier_fixed,uniform,32,91094,True,0,0.5926707787842053,0.5988969137181153,0.7487615710841629,False,133,0.0
sampled_pg_logbarrier_fixed,uniform,32,91095,True,0,0.5873164122178136,0.5883526789707503,0.7458924096611526,False,137,0.0
sampled_pg_logbarrier_fixed,uniform,32,91096,True,0,0.5958871057591615,0.6019655651854876,0.7522053842425934,False,131,0.0
sampled_pg_logbarrier_fixed,uniform,32,91097,True,0,0.5961254942182377,0.6068986388081539,0.7506904756687286,False,136,0.0
sampled_pg_logbarrier_fixed,uniform,32,91098,True,0,0.5924713145922025,0.5959381566017063,0.7502002003429338,False,135,0.0
sampled_pg_logbarrier_fixed,uniform,32,91099,True,0,0.5906118418002573,0.5942484376423258,0.7483296474188738,False,130,0.0
sampled_npg_logbarrier_fixed,uniform,32,91000,True,0,0.6590664059271166,0.680895423596056,0.7923254433710067,False,4,0.0
sampled_npg_logbarrier_fixed,uniform,32,91001,True,0,0.5955159431918589,0.5691958812094341,0.7627903438052643,False,4,0.0
sampled_npg_logbarrier_fixed,uniform,32,91002,True,0,0.6437935344327907,0.6792548890073367,0.7754485550413582,False,4,0.0
sampled_npg_logbarrier_fixed,uniform,32,91003,True,0,0.618845115049992,0.617041894038785,0.7699815606147707,False,4,0.0
sampled_npg_logbarrier_fixed,uniform,32,91004,True,0,0.617087618138689,0.5956226791657008,0.7819131358136607,False,4,0.0
sampled_npg_logbarrier_fixed,uniform,32,91005,True,0,0.6065913798035838,0.6199616246724479,0.7458239954620163,False,4,0.0
sampled_npg_logbarrier_fixed,uniform,32,91006,True,0,0.5724773655118881,0.5123192648896107,0.7547375095465519,False,4,0.0
sampled_npg_logbarrier_fixed,uniform,32,91007,True,0,0.6686940494500049,0.7118195950974423,0.7966632242111573,False,5,0.0
sampled_npg_logbarrier_fixed,uniform,32,91008,True,0,0.630221487338868,0.642399078500482,0.7790574174058849,False,4,0.0
sampled_npg_logbarrier_fixed,uniform,32,91009,True,0,0.6090960553355846,0.5895466634801154,0.7721321128653817,False,4,0.0
sampled_npg_logbarrier_fixed,uniform,32,91010,True,0,0.6189013788801381,0.6145376973910248,0.7684413139902202,False,5,0.0
sampled_npg_logbarrier_fixed,uniform,32,91011,True,0,0.6591435362422434,0.6982352954962029,0.7888166475075606,False,4,0.0
sampled_npg_logbarrier_fixed,uniform,32,91012,True,0,0.6115255484893676,0.643199609052716,0.7446912707196888,False,4,0.0
sampled_npg_logbarrier_fixed,uniform,32,91013,True,0,0.6818867396899223,0.7060022882526302,0.8026265999540951,False,6,0.0
sampled_npg_logbarrier_fixed,uniform,32,91014,True,0,0.6008185911688465,0.5893720845109701,0.7513072685561945,False,4,0.0
sampled_npg_logbarrier_fixed,uniform,32,91015,True,0,0.6559870876583891,0.6687903903386253,0.8010928983236162,False,4,0.0
sampled_npg_logbarrier_fixed,uniform,32,91016,True,0,0.599239494155376,0.5994289446870165,0.7554904199933472,False,4,0.0
sampled_npg_logbarrier_fixed,uniform,32,91017,True,0,0.6421937082798642,0.6507893616232105,0.7831576903672439,False,4,0.0
sampled_npg_logbarrier_fixed,uniform,32,91018,True,0,0.5916123078344453,0.5425840291398478,0.7783320354053589,False,4,0.0
sampled_npg_logbarrier_fixed,uniform,32,91019,True,0,0.586110826817333,0.5878891248416769,0.7337355821532343,False,3,0.0
sampled_npg_logbarrier_fixed,uniform,32,91020,True,0,0.6121357431302039,0.6103400320059865,0.76233098202739,False,5,0.0
sampled_npg_logbarrier_fixed,uniform,32,91021,True,0,0.7000751732030474,0.7132858191076752,0.8356611750262194,False,5,0.0
sampled_npg_logbarrier_fixed,uniform,32,91022,True,0,0.6588055168032849,0.6876788092236543,0.7947835986227441,False,4,0.0
sampled_npg_logbarrier_fixed,uniform,32,91023,True,0,0.6519320977883706,0.6951603316021905,0.7717793686948425,False,4,0.0
sampled_npg_logbarrier_fixed,uniform,32,91024,True,0,0.6162223888417784,0.6092141261429608,0.7765243041120107,False,4,0.0
sampled_npg_logbarrier_fixed,uniform,32,91025,True,0,0.681049836893233,0.7354151941075725,0.7961548674521098,False,4,0.0
sampled_npg_logbarrier_fixed,uniform,32,91026,True,0,0.6383747168874757,0.6576025199903686,0.7765328552441071,False,4,0.0
sampled_npg_logbarrier_fixed,uniform,32,91027,True,0,0.6371850675636825,0.672219232736544,0.7664358246154866,False,4,0.0
sampled_npg_logbarrier_fixed,uniform,32,91028,True,0,0.6426288176616677,0.6792473336306639,0.7653470082811917,False,4,0.0
sampled_npg_logbarrier_fixed,uniform,32,91029,True,0,0.6762397650256516,0.7287042698093119,0.7852196993546378,False,4,0.0
sampled_npg_logbarrier_fixed,uniform,32,91030,True,0,0.6247755982907364,0.6499815510688655,0.7614040034776349,False,5,0.0
sampled_npg_logbarrier_fixed,uniform,32,91031,True,0,0.6375608126802046,0.6665607733028827,0.7760050464121137,False,5,0.0
sampled_npg_logbarrier_fixed,uniform,32,91032,True,0,0.6595378912098209,0.6819875407568171,0.7948615529459916,False,4,0.0
sampled_npg_logbarrier_fixed,uniform,32,91033,True,0,0.626481469253369,0.6595365545955217,0.7599256384908878,False,4,0.0
sampled_npg_logbarrier_fixed,uniform,32,91034,True,0,0.6438403822483776,0.6539213873677533,0.7889718630862936,False,4,0.0
sampled_npg_logbarrier_fixed,uniform,32,91035,True,0,0.6410000640481442,0.669611180329987,0.7747577559641013,False,5,0.0
sampled_npg_logbarrier_fixed,uniform,32,91036,True,0,0.64486589865121,0.6828053870082827,0.7725915351591401,False,6,0.0
sampled_npg_logbarrier_fixed,uniform,32,91037,True,0,0.6510541198671259,0.6420018619879554,0.8054649888703049,False,4,0.0
sampled_npg_logbarrier_fixed,uniform,32,91038,True,0,0.649518539290819,0.6661482797986865,0.7971132686938985,False,4,0.0
sampled_npg_logbarrier_fixed,uniform,32,91039,True,0,0.6171806987991315,0.5973195200622414,0.7750455846036484,False,4,0.0
sampled_npg_logbarrier_fixed,uniform,32,91040,True,0,0.6668092705476759,0.6875232775563233,0.8029758942056883,False,4,0.0
sampled_npg_logbarrier_fixed,uniform,32,91041,True,0,0.6453519128829331,0.6520823596117918,0.7866504780594239,False,4,0.0
sampled_npg_logbarrier_fixed,uniform,32,91042,True,0,0.626189944250133,0.6533715216599008,0.762914128727124,False,4,0.0
sampled_npg_logbarrier_fixed,uniform,32,91043,True,0,0.6248295430564383,0.6318377426336796,0.7693841321701905,False,4,0.0
sampled_npg_logbarrier_fixed,uniform,32,91044,True,0,0.6670334858727083,0.6693168034570178,0.8093143273020567,False,5,0.0
sampled_npg_logbarrier_fixed,uniform,32,91045,True,0,0.6035327335294325,0.6035060165332218,0.7527779585309509,False,4,0.0
sampled_npg_logbarrier_fixed,uniform,32,91046,True,0,0.6288424544263754,0.6249061077234253,0.791468620903971,False,4,0.0
sampled_npg_logbarrier_fixed,uniform,32,91047,True,0,0.6029305975213723,0.6098620024237934,0.7501413112702219,False,4,0.0
sampled_npg_logbarrier_fixed,uniform,32,91048,True,0,0.6545655528660309,0.6506745226630997,0.8061073982296281,False,4,0.0
sampled_npg_logbarrier_fixed,uniform,32,91049,True,0,0.6452991323288121,0.6630294232158046,0.7793029641879641,False,5,0.0
sampled_npg_logbarrier_fixed,uniform,32,91050,True,0,0.6204581878105786,0.6225298148633884,0.7611464699938082,False,4,0.0
sampled_npg_logbarrier_fixed,uniform,32,91051,True,0,0.6114945840281346,0.5874930330279867,0.7742063849162663,False,4,0.0
sampled_npg_logbarrier_fixed,uniform,32,91052,True,0,0.6040675932288585,0.6062476037011804,0.7521082369089218,False,4,0.0
sampled_npg_logbarrier_fixed,uniform,32,91053,True,0,0.616568881827127,0.602288198444889,0.7791070952109441,False,4,0.0
sampled_npg_logbarrier_fixed,uniform,32,91054,True,0,0.6008844332582411,0.6184589773424211,0.7361911443364434,False,6,0.0
sampled_npg_logbarrier_fixed,uniform,32,91055,True,0,0.644962731906108,0.6406879518287457,0.8030321942821208,False,4,0.0
sampled_npg_logbarrier_fixed,uniform,32,91056,True,0,0.6630559318991627,0.6804389185248281,0.7982976927015454,False,5,0.0
sampled_npg_logbarrier_fixed,uniform,32,91057,True,0,0.6582194696083031,0.6959684893181464,0.7792864935748447,False,5,0.0
sampled_npg_logbarrier_fixed,uniform,32,91058,True,0,0.6703578810542651,0.6902574043094006,0.7975197454480077,False,4,0.0
sampled_npg_logbarrier_fixed,uniform,32,91059,True,0,0.6287110640445257,0.6361861239413564,0.7725428610953827,False,4,0.0
sampled_npg_logbarrier_fixed,uniform,32,91060,True,0,0.6047576499152745,0.5902481614620391,0.7664204382624877,False,4,0.0
sampled_npg_logbarrier_fixed,uniform,32,91061,True,0,0.6657693174437016,0.676347963051317,0.8091018743020217,False,4,0.0
sampled_npg_logbarrier_fixed,uniform,32,91062,True,0,0.6298368193545648,0.6525238277341241,0.7700639358533052,False,4,0.0
sampled_npg_logbarrier_fixed,uniform,32,91063,True,0,0.6335619615191377,0.6637285085599826,0.7677829851069947,False,4,0.0
sampled_npg_logbarrier_fixed,uniform,32,91064,True,0,0.5930952365416455,0.5872534958927572,0.7416388297839309,False,4,0.0
sampled_npg_logbarrier_fixed,uniform,32,91065,True,0,0.6214556612908104,0.6173009937351485,0.7690843045129175,False,4,0.0
sampled_npg_logbarrier_fixed,uniform,32,91066,True,0,0.616540170035867,0.6279448354100953,0.7593519267733891,False,4,0.0
sampled_npg_logbarrier_fixed,uniform,32,91067,True,0,0.612898719017119,0.5942391635165263,0.7795943052933424,False,4,0.0
sampled_npg_logbarrier_fixed,uniform,32,91068,True,0,0.5597084196846713,0.514507454481721,0.7252879346411661,False,4,0.0
sampled_npg_logbarrier_fixed,uniform,32,91069,True,0,0.6561646637717581,0.6615030978635035,0.794442687781408,False,4,0.0
sampled_npg_logbarrier_fixed,uniform,32,91070,True,0,0.6107060254337195,0.5834492903139288,0.7831064682921385,False,4,0.0
sampled_npg_logbarrier_fixed,uniform,32,91071,True,0,0.6418811616761675,0.6753632428896594,0.7745656733328949,False,4,0.0
sampled_npg_logbarrier_fixed,uniform,32,91072,True,0,0.6413475578342943,0.6698935024144208,0.7713506722208284,False,4,0.0
sampled_npg_logbarrier_fixed,uniform,32,91073,True,0,0.7035091813373898,0.7702125680892309,0.8064190850172863,False,4,0.0
sampled_npg_logbarrier_fixed,uniform,32,91074,True,0,0.6057243647391763,0.590240174978121,0.766273060706244,False,4,0.0
sampled_npg_logbarrier_fixed,uniform,32,91075,True,0,0.656959074971786,0.6484779006381308,0.8014811344631529,False,4,0.0
sampled_npg_logbarrier_fixed,uniform,32,91076,True,0,0.6177141121106311,0.5662128308139529,0.803887122920414,False,4,0.0
sampled_npg_logbarrier_fixed,uniform,32,91077,True,0,0.6414594526584052,0.6534168923081781,0.7855787234317229,False,4,0.0
sampled_npg_logbarrier_fixed,uniform,32,91078,True,0,0.6213695587525,0.615988093180238,0.7814638702567853,False,4,0.0
sampled_npg_logbarrier_fixed,uniform,32,91079,True,0,0.6486665748443288,0.6818580215133553,0.7758516485869581,False,4,0.0
sampled_npg_logbarrier_fixed,uniform,32,91080,True,0,0.5682900994890439,0.54379428410355,0.7240897979745573,False,4,0.0
sampled_npg_logbarrier_fixed,uniform,32,91081,True,0,0.6258433905495928,0.6176009369072618,0.7824405162188964,False,4,0.0
sampled_npg_logbarrier_fixed,uniform,32,91082,True,0,0.664034846547209,0.6991831461193609,0.7905419942585336,False,5,0.0
sampled_npg_logbarrier_fixed,uniform,32,91083,True,0,0.6211469537444576,0.6005688559663179,0.7854827404233671,False,4,0.0
sampled_npg_logbarrier_fixed,uniform,32,91084,True,0,0.6477541488585056,0.6959115706668951,0.7768800693721326,False,4,0.0
sampled_npg_logbarrier_fixed,uniform,32,91085,True,0,0.6418280790982431,0.6524848205276609,0.777469094638926,False,4,0.0
sampled_npg_logbarrier_fixed,uniform,32,91086,True,0,0.6092242496937934,0.5833425373289849,0.7771323551836987,False,4,0.0
sampled_npg_logbarrier_fixed,uniform,32,91087,True,0,0.6170712531397783,0.6195991195964712,0.7661970047078147,False,5,0.0
sampled_npg_logbarrier_fixed,uniform,32,91088,True,0,0.6572487633870228,0.6721541389239377,0.8036931561694399,False,4,0.0
sampled_npg_logbarrier_fixed,uniform,32,91089,True,0,0.6337764848137479,0.599927076134583,0.8088478960423398,False,5,0.0
sampled_npg_logbarrier_fixed,uniform,32,91090,True,0,0.6149504066805365,0.6087838270783746,0.7690392290555169,False,5,0.0
sampled_npg_logbarrier_fixed,uniform,32,91091,True,0,0.6582793251864351,0.6397045834025527,0.8277798532726007,False,4,0.0
sampled_npg_logbarrier_fixed,uniform,32,91092,True,0,0.6892673965567968,0.710941241799485,0.8247302579480024,False,4,0.0
sampled_npg_logbarrier_fixed,uniform,32,91093,True,0,0.6281571033889239,0.6184527078483112,0.7807274937292689,False,5,0.0
sampled_npg_logbarrier_fixed,uniform,32,91094,True,0,0.6789468387475894,0.7072613614209877,0.804640496087937,False,4,0.0
sampled_npg_logbarrier_fixed,uniform,32,91095,True,0,0.675424719559652,0.7061992671752639,0.8043591700508497,False,4,0.0
sampled_npg_logbarrier_fixed,uniform,32,91096,True,0,0.6590881199337412,0.6534719901453516,0.8098856138983646,False,6,0.0
sampled_npg_logbarrier_fixed,uniform,32,91097,True,0,0.6539653855941268,0.6773532709728286,0.7841429124504249,False,4,0.0
sampled_npg_logbarrier_fixed,uniform,32,91098,True,0,0.6145264635643085,0.6350848840731261,0.7527178423956619,False,4,0.0
sampled_npg_logbarrier_fixed,uniform,32,91099,True,0,0.6331430497107495,0.6565207173295845,0.7672681186966078,False,5,0.0
sampled_pg_reward_only,uniform,128,91000,True,0,0.923482500398887,0.9459224221777583,0.960360437083082,True,118,0.0
sampled_pg_reward_only,uniform,128,91001,True,0,0.9246637527332866,0.9470538923469616,0.9608856261469959,True,119,0.0
sampled_pg_reward_only,uniform,128,91002,True,0,0.9254999501101129,0.9477483800896525,0.9613892394911648,True,116,0.0
sampled_pg_reward_only,uniform,128,91003,True,0,0.9257945804325123,0.9482890361827707,0.9613348055797696,True,114,0.0
sampled_pg_reward_only,uniform,128,91004,True,0,0.9241301600478692,0.9466358307973436,0.9605450237805752,True,119,0.0
sampled_pg_reward_only,uniform,128,91005,True,0,0.9242280223670136,0.9462843921461519,0.960930587769738,True,112,0.0
sampled_pg_reward_only,uniform,128,91006,True,0,0.9258238275558885,0.9476718835748781,0.9618256336637074,True,115,0.0
sampled_pg_reward_only,uniform,128,91007,True,0,0.9236550642865051,0.9462444049944865,0.9603327473272334,True,119,0.0
sampled_pg_reward_only,uniform,128,91008,True,0,0.9245381422911755,0.946716504264544,0.9609680350892146,True,118,0.0
sampled_pg_reward_only,uniform,128,91009,True,0,0.9248381856026345,0.9473716514485564,0.9609035045116757,True,119,0.0
sampled_pg_reward_only,uniform,128,91010,True,0,0.9229885414651605,0.9453490496335099,0.9601508194058999,True,122,0.0
sampled_pg_reward_only,uniform,128,91011,True,0,0.9261604722064842,0.9483335000546085,0.9617401593361804,True,113,0.0
sampled_pg_reward_only,uniform,128,91012,True,0,0.9262474812156118,0.9485255730992966,0.9617031798860161,True,115,0.0
sampled_pg_reward_only,uniform,128,91013,True,0,0.9247215778451711,0.9470405768253668,0.9609873888731549,True,117,0.0
sampled_pg_reward_only,uniform,128,91014,True,0,0.9245299191995007,0.9467091230260156,0.9609965584767876,True,123,0.0
sampled_pg_reward_only,uniform,128,91015,True,0,0.924043058995069,0.9464192425922221,0.9606419467156979,True,115,0.0
sampled_pg_reward_only,uniform,128,91016,True,0,0.9230498955160007,0.9456892508581901,0.9599828907749186,True,120,0.0
sampled_pg_reward_only,uniform,128,91017,True,0,0.9262150497916072,0.9485204543325294,0.9616826931547517,True,112,0.0
sampled_pg_reward_only,uniform,128,91018,True,0,0.9237394043431078,0.9459565513757615,0.9605804557077223,True,116,0.0
sampled_pg_reward_only,uniform,128,91019,True,0,0.924880459632266,0.947220223961116,0.961066803359046,True,115,0.0
sampled_pg_reward_only,uniform,128,91020,True,0,0.9219984595343887,0.9444381136868422,0.95964952133577,True,120,0.0
sampled_pg_reward_only,uniform,128,91021,True,0,0.9230762179549971,0.9454729507903865,0.9601601250682547,True,123,0.0
sampled_pg_reward_only,uniform,128,91022,True,0,0.9261251268421047,0.9483073453600948,0.961726546933252,True,114,0.0
sampled_pg_reward_only,uniform,128,91023,True,0,0.9233224329017176,0.9457550188098398,0.9602469381067884,True,118,0.0
sampled_pg_reward_only,uniform,128,91024,True,0,0.9247397077131889,0.9469698871072058,0.9610570753610267,True,118,0.0
sampled_pg_reward_only,uniform,128,91025,True,0,0.925008490101018,0.9470374151969626,0.9613284889538041,True,115,0.0
sampled_pg_reward_only,uniform,128,91026,True,0,0.9251620750735946,0.947314341155433,0.9613005916995122,True,113,0.0
sampled_pg_reward_only,uniform,128,91027,True,0,0.9268773014154613,0.9490427958144998,0.9620592471760532,True,116,0.0
sampled_pg_reward_only,uniform,128,91028,True,0,0.923457941584837,0.9455139947729333,0.9606289509216616,True,116,0.0
sampled_pg_reward_only,uniform,128,91029,True,0,0.9269868102232864,0.949000538040039,0.9622573288883047,True,110,0.0
sampled_pg_reward_only,uniform,128,91030,True,0,0.9250924346761396,0.9476856541271458,0.9609608364827719,True,112,0.0
sampled_pg_reward_only,uniform,128,91031,True,0,0.9232161640216561,0.9456286952364442,0.9602445686390423,True,118,0.0
sampled_pg_reward_only,uniform,128,91032,True,0,0.9267340686059597,0.948715565642323,0.9621430433565362,True,113,0.0
sampled_pg_reward_only,uniform,128,91033,True,0,0.924189018733656,0.9464637257768252,0.9607442386277709,True,117,0.0
sampled_pg_reward_only,uniform,128,91034,True,0,0.9254425719987092,0.9476837121211245,0.9613444162208257,True,119,0.0
sampled_pg_reward_only,uniform,128,91035,True,0,0.9227330353685866,0.9452898619605384,0.9599142821195943,True,125,0.0
sampled_pg_reward_only,uniform,128,91036,True,0,0.9213574966244626,0.9435596660231296,0.9595067903771636,True,121,0.0
sampled_pg_reward_only,uniform,128,91037,True,0,0.9249013851241871,0.9473322263448147,0.960978593752106,True,111,0.0
sampled_pg_reward_only,uniform,128,91038,True,0,0.9244573442842969,0.9467136364222,0.9609256992940253,True,118,0.0
sampled_pg_reward_only,uniform,128,91039,True,0,0.9235454677937383,0.9453291145042401,0.9608045159796726,True,114,0.0
sampled_pg_reward_only,uniform,128,91040,True,0,0.9222572407257588,0.9449163071933038,0.9596111645439539,True,124,0.0
sampled_pg_reward_only,uniform,128,91041,True,0,0.9245509208725322,0.9468716363928129,0.9609156759436093,True,117,0.0
sampled_pg_reward_only,uniform,128,91042,True,0,0.9226676968519518,0.9451748809641638,0.9598921203597427,True,118,0.0
sampled_pg_reward_only,uniform,128,91043,True,0,0.9251514878141605,0.9473856458936016,0.9612277507784243,True,114,0.0
sampled_pg_reward_only,uniform,128,91044,True,0,0.9248794453392765,0.9472859412771694,0.9609675139452,True,119,0.0
sampled_pg_reward_only,uniform,128,91045,True,0,0.9246019942963486,0.9467239500877017,0.9611067661788539,True,117,0.0
sampled_pg_reward_only,uniform,128,91046,True,0,0.9226317253090072,0.9451332796450841,0.9598685701081979,True,121,0.0
sampled_pg_reward_only,uniform,128,91047,True,0,0.9241287025250569,0.946398321410709,0.9607385894381913,True,117,0.0
sampled_pg_reward_only,uniform,128,91048,True,0,0.9252457254969179,0.9478103975891481,0.96106068873086,True,120,0.0
sampled_pg_reward_only,uniform,128,91049,True,0,0.9251206318612522,0.947382671222967,0.9612376773909683,True,116,0.0
sampled_pg_reward_only,uniform,128,91050,True,0,0.9268487466464326,0.9490581961277896,0.9620123227518651,True,113,0.0
sampled_pg_reward_only,uniform,128,91051,True,0,0.9273180137252984,0.949598351503043,0.9621480665186609,True,109,0.0
sampled_pg_reward_only,uniform,128,91052,True,0,0.9249508821441483,0.9472267868065999,0.961083646095546,True,117,0.0
sampled_pg_reward_only,uniform,128,91053,True,0,0.9237412986412653,0.9461133195058894,0.9604637617241413,True,117,0.0
sampled_pg_reward_only,uniform,128,91054,True,0,0.9254111450348382,0.9478930287011512,0.9610975709334653,True,116,0.0
sampled_pg_reward_only,uniform,128,91055,True,0,0.9257871081451808,0.9482441490132635,0.9614081274152605,True,117,0.0
sampled_pg_reward_only,uniform,128,91056,True,0,0.9235881406293619,0.9458591256746521,0.9605365375183406,True,121,0.0
sampled_pg_reward_only,uniform,128,91057,True,0,0.9235168927054714,0.945752155798663,0.960452037409412,True,117,0.0
sampled_pg_reward_only,uniform,128,91058,True,0,0.924768493697204,0.947222865230116,0.9609199702720209,True,119,0.0
sampled_pg_reward_only,uniform,128,91059,True,0,0.924266644981548,0.9460477613308322,0.9611873685304977,True,120,0.0
sampled_pg_reward_only,uniform,128,91060,True,0,0.9257518428977504,0.9480114361080666,0.9614928580000853,True,117,0.0
sampled_pg_reward_only,uniform,128,91061,True,0,0.9245431161768068,0.9468615016771612,0.9608802773284042,True,118,0.0
sampled_pg_reward_only,uniform,128,91062,True,0,0.922690580583689,0.944989335924709,0.9600881752227369,True,122,0.0
sampled_pg_reward_only,uniform,128,91063,True,0,0.9263266065270409,0.9484913346185234,0.9618132381502699,True,115,0.0
sampled_pg_reward_only,uniform,128,91064,True,0,0.9212933398067863,0.9436916607997624,0.9593652956978411,True,123,0.0
sampled_pg_reward_only,uniform,128,91065,True,0,0.921310907484989,0.9434504919418785,0.9595476557955732,True,119,0.0
sampled_pg_reward_only,uniform,128,91066,True,0,0.9230494301150819,0.9457055729065007,0.9599736646666786,True,120,0.0
sampled_pg_reward_only,uniform,128,91067,True,0,0.9252238371239143,0.9474838366020852,0.96122781708428,True,114,0.0
sampled_pg_reward_only,uniform,128,91068,True,0,0.9255068736416148,0.9477005334610392,0.9614090188658613,True,121,0.0
sampled_pg_reward_only,uniform,128,91069,True,0,0.9250704320194735,0.9472015615373316,0.9612655824300591,True,117,0.0
sampled_pg_reward_only,uniform,128,91070,True,0,0.9249515473152243,0.9472620451885526,0.961080253863957,True,115,0.0
sampled_pg_reward_only,uniform,128,91071,True,0,0.9265507704658433,0.9487307041870183,0.9618775470808812,True,112,0.0
sampled_pg_reward_only,uniform,128,91072,True,0,0.9250536500071675,0.9475423830092291,0.9610489354586523,True,119,0.0
sampled_pg_reward_only,uniform,128,91073,True,0,0.9250688388845192,0.9474713554748531,0.9610777742074884,True,113,0.0
sampled_pg_reward_only,uniform,128,91074,True,0,0.9256385219841319,0.9477168355504488,0.9616077045447506,True,115,0.0
sampled_pg_reward_only,uniform,128,91075,True,0,0.9237965319537327,0.946025746450924,0.9606067810114234,True,115,0.0
sampled_pg_reward_only,uniform,128,91076,True,0,0.9259623477197343,0.9484257103890819,0.961456302662687,True,118,0.0
sampled_pg_reward_only,uniform,128,91077,True,0,0.9266866115184326,0.9491572164721249,0.9617920800192499,True,117,0.0
sampled_pg_reward_only,uniform,128,91078,True,0,0.9250551220177123,0.9474818983205189,0.9610729869749907,True,114,0.0
sampled_pg_reward_only,uniform,128,91079,True,0,0.9265861030530491,0.9487019853643114,0.9619948353894051,True,116,0.0
sampled_pg_reward_only,uniform,128,91080,True,0,0.9262053604455106,0.9480635486767135,0.9619841840956329,True,114,0.0
sampled_pg_reward_only,uniform,128,91081,True,0,0.9240436261198547,0.9464855947364331,0.9605835543217692,True,115,0.0
sampled_pg_reward_only,uniform,128,91082,True,0,0.9223277988295171,0.9448776597755073,0.9597341311624444,True,124,0.0
sampled_pg_reward_only,uniform,128,91083,True,0,0.9259137365788204,0.9479364942204771,0.9617723445364039,True,113,0.0
sampled_pg_reward_only,uniform,128,91084,True,0,0.9204968692095593,0.9432190095946256,0.9587663947100943,True,126,0.0
sampled_pg_reward_only,uniform,128,91085,True,0,0.9258328631341811,0.9478862895623668,0.9616260256068531,True,112,0.0
sampled_pg_reward_only,uniform,128,91086,True,0,0.923531320033963,0.946181876154055,0.9602359240075478,True,124,0.0
sampled_pg_reward_only,uniform,128,91087,True,0,0.9268806372621056,0.9494766184928359,0.9617867540221563,True,114,0.0
sampled_pg_reward_only,uniform,128,91088,True,0,0.9226928554886666,0.9452714214733017,0.9598621739742546,True,120,0.0
sampled_pg_reward_only,uniform,128,91089,True,0,0.925506428099859,0.9478861340189862,0.9612755993648879,True,119,0.0
sampled_pg_reward_only,uniform,128,91090,True,0,0.924060599838367,0.9464913277141707,0.9606244366970881,True,118,0.0
sampled_pg_reward_only,uniform,128,91091,True,0,0.9210924310132338,0.943423204404942,0.9592914465239827,True,123,0.0
sampled_pg_reward_only,uniform,128,91092,True,0,0.9238764079820057,0.9460068060261643,0.9607289396855951,True,118,0.0
sampled_pg_reward_only,uniform,128,91093,True,0,0.9232368932605431,0.9454729509406672,0.9603602788047696,True,115,0.0
sampled_pg_reward_only,uniform,128,91094,True,0,0.922083441707571,0.9448637277827354,0.9593898559449207,True,121,0.0
sampled_pg_reward_only,uniform,128,91095,True,0,0.9241126354118618,0.9464818152483886,0.9606455962674741,True,116,0.0
sampled_pg_reward_only,uniform,128,91096,True,0,0.9245558475714079,0.9465368883966992,0.9611619834656363,True,120,0.0
sampled_pg_reward_only,uniform,128,91097,True,0,0.9236563279096813,0.9463048464322616,0.9602562580355458,True,124,0.0
sampled_pg_reward_only,uniform,128,91098,True,0,0.923794065193263,0.9463695803518042,0.9603753280662866,True,119,0.0
sampled_pg_reward_only,uniform,128,91099,True,0,0.9237569026090502,0.9457985332192121,0.9607112566793826,True,114,0.0
sampled_pg_logbarrier_handoff,uniform,128,91000,True,0,0.893245269315012,0.9218530148417579,0.9446492532801151,True,134,0.0
sampled_pg_logbarrier_handoff,uniform,128,91001,True,0,0.8944121275706933,0.9231615027356236,0.945023738266889,True,134,0.0
sampled_pg_logbarrier_handoff,uniform,128,91002,True,0,0.8965936173662324,0.9252212338870599,0.946162482371043,True,131,0.0
sampled_pg_logbarrier_handoff,uniform,128,91003,True,0,0.8962839485233098,0.9246066449430534,0.9462113692661068,True,134,0.0
sampled_pg_logbarrier_handoff,uniform,128,91004,True,0,0.8921369143748668,0.9203767407912083,0.9443491941095721,True,133,0.0
sampled_pg_logbarrier_handoff,uniform,128,91005,True,0,0.8918414475446158,0.9200205655917839,0.9442270663005096,True,127,0.0
sampled_pg_logbarrier_handoff,uniform,128,91006,True,0,0.8943788840091016,0.9227419582959593,0.9452987264393025,True,130,0.0
sampled_pg_logbarrier_handoff,uniform,128,91007,True,0,0.893835469945758,0.9222690815446315,0.9450661477699692,True,137,0.0
sampled_pg_logbarrier_handoff,uniform,128,91008,True,0,0.8941780403944872,0.9226886569118752,0.9450459103945167,True,134,0.0
sampled_pg_logbarrier_handoff,uniform,128,91009,True,0,0.8937283394488484,0.9226700155705926,0.9446289379999332,True,135,0.0
sampled_pg_logbarrier_handoff,uniform,128,91010,True,0,0.8945052269788735,0.9231859210082969,0.9451671285794112,True,137,0.0
sampled_pg_logbarrier_handoff,uniform,128,91011,True,0,0.8940634489818852,0.9225367779958914,0.9450826923935904,True,129,0.0
sampled_pg_logbarrier_handoff,uniform,128,91012,True,0,0.8950664615341527,0.9235730419807401,0.945514878752703,True,129,0.0
sampled_pg_logbarrier_handoff,uniform,128,91013,True,0,0.8950244712752017,0.9235686986009438,0.9455254185704791,True,132,0.0
sampled_pg_logbarrier_handoff,uniform,128,91014,True,0,0.8949094319218994,0.9234465895749321,0.9454640556207549,True,141,0.0
sampled_pg_logbarrier_handoff,uniform,128,91015,True,0,0.8922100561221042,0.9205609254609035,0.9443354747969062,True,133,0.0
sampled_pg_logbarrier_handoff,uniform,128,91016,True,0,0.8941264830575064,0.9228089216784602,0.945002549848588,True,137,0.0
sampled_pg_logbarrier_handoff,uniform,128,91017,True,0,0.8951491854487894,0.9236615449916371,0.9455558267727713,True,129,0.0
sampled_pg_logbarrier_handoff,uniform,128,91018,True,0,0.8937074263464746,0.9222237229480817,0.9449125615275047,True,133,0.0
sampled_pg_logbarrier_handoff,uniform,128,91019,True,0,0.8941602515250493,0.9228590316852343,0.9449915352804991,True,134,0.0
sampled_pg_logbarrier_handoff,uniform,128,91020,True,0,0.8928340467552791,0.9217959611629536,0.9441963032621924,True,135,0.0
sampled_pg_logbarrier_handoff,uniform,128,91021,True,0,0.8939673268381255,0.9224960378452144,0.9450011831904574,True,140,0.0
sampled_pg_logbarrier_handoff,uniform,128,91022,True,0,0.8944547081407079,0.9230528516463522,0.9451928629986154,True,128,0.0
sampled_pg_logbarrier_handoff,uniform,128,91023,True,0,0.8929647554300635,0.921851682437948,0.944274130352433,True,138,0.0
sampled_pg_logbarrier_handoff,uniform,128,91024,True,0,0.8946758788974263,0.923542209518303,0.9450965439858593,True,137,0.0
sampled_pg_logbarrier_handoff,uniform,128,91025,True,0,0.8926629014835251,0.9208647248098992,0.9445909318145602,True,131,0.0
sampled_pg_logbarrier_handoff,uniform,128,91026,True,0,0.8936241656718868,0.921931681934674,0.9449803201563323,True,128,0.0
sampled_pg_logbarrier_handoff,uniform,128,91027,True,0,0.895774984915649,0.9245666884025558,0.9456419739262737,True,131,0.0
sampled_pg_logbarrier_handoff,uniform,128,91028,True,0,0.8945203999813499,0.9226445803463104,0.9455571174644187,True,133,0.0
sampled_pg_logbarrier_handoff,uniform,128,91029,True,0,0.8936917983635145,0.9221128913656741,0.9448915296866768,True,127,0.0
sampled_pg_logbarrier_handoff,uniform,128,91030,True,0,0.8934121497442953,0.9221163584254932,0.9446443460547626,True,129,0.0
sampled_pg_logbarrier_handoff,uniform,128,91031,True,0,0.8935541554002361,0.9223982224857539,0.9446117230788809,True,135,0.0
sampled_pg_logbarrier_handoff,uniform,128,91032,True,0,0.8947731241667928,0.9229816647211425,0.9455605731791478,True,127,0.0
sampled_pg_logbarrier_handoff,uniform,128,91033,True,0,0.8939870364978946,0.9225071581385816,0.9450240767555562,True,134,0.0
sampled_pg_logbarrier_handoff,uniform,128,91034,True,0,0.8953194924985738,0.9239526690030526,0.9455133852905273,True,133,0.0
sampled_pg_logbarrier_handoff,uniform,128,91035,True,0,0.895080471140295,0.9237529749026347,0.9454823098621894,True,143,0.0
sampled_pg_logbarrier_handoff,uniform,128,91036,True,0,0.8919583531419717,0.9205040277471209,0.9440526448212334,True,136,0.0
sampled_pg_logbarrier_handoff,uniform,128,91037,True,0,0.8937621086032206,0.9223109922976039,0.9449141934517974,True,130,0.0
sampled_pg_logbarrier_handoff,uniform,128,91038,True,0,0.8962999006756552,0.9250364078600483,0.9460050183935361,True,134,0.0
sampled_pg_logbarrier_handoff,uniform,128,91039,True,0,0.8912488080848285,0.9192133198126713,0.9440741113806355,True,129,0.0
sampled_pg_logbarrier_handoff,uniform,128,91040,True,0,0.8947222734915413,0.924043012536193,0.9448621692405348,True,141,0.0
sampled_pg_logbarrier_handoff,uniform,128,91041,True,0,0.8929917038162605,0.9212795037965548,0.944695668674025,True,131,0.0
sampled_pg_logbarrier_handoff,uniform,128,91042,True,0,0.8917681873934012,0.9200780188556724,0.9441344643699958,True,135,0.0
sampled_pg_logbarrier_handoff,uniform,128,91043,True,0,0.895878492460791,0.9247373546719995,0.9456763878741629,True,130,0.0
sampled_pg_logbarrier_handoff,uniform,128,91044,True,0,0.8944493478010253,0.9232300884531959,0.9450431209859707,True,134,0.0
sampled_pg_logbarrier_handoff,uniform,128,91045,True,0,0.8945567846194658,0.9230468629019429,0.94532876610635,True,134,0.0
sampled_pg_logbarrier_handoff,uniform,128,91046,True,0,0.8937738672600816,0.9225715653806964,0.9447176095335947,True,140,0.0
sampled_pg_logbarrier_handoff,uniform,128,91047,True,0,0.8940654828345413,0.9229152062957122,0.9448558018532008,True,134,0.0
sampled_pg_logbarrier_handoff,uniform,128,91048,True,0,0.8951550163042795,0.9239283252551249,0.945390543123984,True,134,0.0
sampled_pg_logbarrier_handoff,uniform,128,91049,True,0,0.894162149090253,0.9223731868890617,0.9453174780774662,True,133,0.0
sampled_pg_logbarrier_handoff,uniform,128,91050,True,0,0.8939210200260181,0.9223354269660938,0.9450263055059885,True,131,0.0
sampled_pg_logbarrier_handoff,uniform,128,91051,True,0,0.8949321072561774,0.923671372296249,0.9452361879141169,True,124,0.0
sampled_pg_logbarrier_handoff,uniform,128,91052,True,0,0.8931194957135005,0.9217629524436249,0.9444806122009591,True,135,0.0
sampled_pg_logbarrier_handoff,uniform,128,91053,True,0,0.8940128585822859,0.9228075054747235,0.9448324726563697,True,131,0.0
sampled_pg_logbarrier_handoff,uniform,128,91054,True,0,0.8959152197945761,0.9249629035268395,0.9455195892859841,True,133,0.0
sampled_pg_logbarrier_handoff,uniform,128,91055,True,0,0.8967199887518711,0.9257280831727374,0.9460155426947426,True,132,0.0
sampled_pg_logbarrier_handoff,uniform,128,91056,True,0,0.8929388159561154,0.9212861834159997,0.9446698004723599,True,138,0.0
sampled_pg_logbarrier_handoff,uniform,128,91057,True,0,0.8934521563660245,0.9216523939247466,0.9449678217620485,True,135,0.0
sampled_pg_logbarrier_handoff,uniform,128,91058,True,0,0.8951515169781263,0.9241817578816937,0.9452396647487403,True,135,0.0
sampled_pg_logbarrier_handoff,uniform,128,91059,True,0,0.8911635893468874,0.9191499850808554,0.9440091788946267,True,136,0.0
sampled_pg_logbarrier_handoff,uniform,128,91060,True,0,0.8968302300458811,0.9255867561152027,0.9461780152927247,True,133,0.0
sampled_pg_logbarrier_handoff,uniform,128,91061,True,0,0.8944611777626167,0.9227586808048729,0.9453533203599807,True,132,0.0
sampled_pg_logbarrier_handoff,uniform,128,91062,True,0,0.8933408226400958,0.9219025056493626,0.9447360730121174,True,139,0.0
sampled_pg_logbarrier_handoff,uniform,128,91063,True,0,0.893981481876115,0.9223050932555715,0.9451100189193306,True,130,0.0
sampled_pg_logbarrier_handoff,uniform,128,91064,True,0,0.8938057315142282,0.9226436679540367,0.9447333238941125,True,141,0.0
sampled_pg_logbarrier_handoff,uniform,128,91065,True,0,0.8933559482245979,0.9216800087015661,0.9448705481499682,True,137,0.0
sampled_pg_logbarrier_handoff,uniform,128,91066,True,0,0.894671079894032,0.923750330310049,0.9450185379549163,True,136,0.0
sampled_pg_logbarrier_handoff,uniform,128,91067,True,0,0.8948824063117554,0.9234147746457559,0.9454096177567879,True,130,0.0
sampled_pg_logbarrier_handoff,uniform,128,91068,True,0,0.89535099164486,0.9241056014823128,0.9454848883906626,True,135,0.0
sampled_pg_logbarrier_handoff,uniform,128,91069,True,0,0.8938747135454034,0.9225145924543963,0.9448976788611787,True,131,0.0
sampled_pg_logbarrier_handoff,uniform,128,91070,True,0,0.8933272201578788,0.9221458597967964,0.9444991669606179,True,132,0.0
sampled_pg_logbarrier_handoff,uniform,128,91071,True,0,0.893763589336824,0.9225148595553279,0.9447212902853633,True,124,0.0
sampled_pg_logbarrier_handoff,uniform,128,91072,True,0,0.8955626852314007,0.9243852700627466,0.9456100106853286,True,134,0.0
sampled_pg_logbarrier_handoff,uniform,128,91073,True,0,0.8943986393299738,0.9230450038298771,0.9451348978002773,True,130,0.0
sampled_pg_logbarrier_handoff,uniform,128,91074,True,0,0.8946490318158224,0.9226329688009245,0.9457031910370509,True,131,0.0
sampled_pg_logbarrier_handoff,uniform,128,91075,True,0,0.8927362954615418,0.9213402430156836,0.9443634260921089,True,135,0.0
sampled_pg_logbarrier_handoff,uniform,128,91076,True,0,0.895439646953985,0.9240839525269722,0.9455582284156311,True,135,0.0
sampled_pg_logbarrier_handoff,uniform,128,91077,True,0,0.8958752056971969,0.924848266387541,0.9456106561362588,True,130,0.0
sampled_pg_logbarrier_handoff,uniform,128,91078,True,0,0.8941283613121888,0.9229440983530317,0.9448835753359368,True,131,0.0
sampled_pg_logbarrier_handoff,uniform,128,91079,True,0,0.8963374404822508,0.9243405616377544,0.9464329266671462,True,130,0.0
sampled_pg_logbarrier_handoff,uniform,128,91080,True,0,0.8917287380515333,0.919476508646669,0.9444016199730407,True,129,0.0
sampled_pg_logbarrier_handoff,uniform,128,91081,True,0,0.8924281490196464,0.9211244859073452,0.9442507093074143,True,130,0.0
sampled_pg_logbarrier_handoff,uniform,128,91082,True,0,0.894535724137843,0.923313975596757,0.9451516919526199,True,142,0.0
sampled_pg_logbarrier_handoff,uniform,128,91083,True,0,0.8944415452973539,0.9225845182939384,0.9454726032037569,True,127,0.0
sampled_pg_logbarrier_handoff,uniform,128,91084,True,0,0.8946046090899616,0.923454217286052,0.9451397823055082,True,143,0.0
sampled_pg_logbarrier_handoff,uniform,128,91085,True,0,0.8952700749432059,0.9236141241709879,0.9456792926765666,True,129,0.0
sampled_pg_logbarrier_handoff,uniform,128,91086,True,0,0.8930953684282834,0.9221901473259165,0.9442437371337546,True,140,0.0
sampled_pg_logbarrier_handoff,uniform,128,91087,True,0,0.8950868873259202,0.9238045292270949,0.945368995230731,True,134,0.0
sampled_pg_logbarrier_handoff,uniform,128,91088,True,0,0.8944052535175683,0.9231667666266203,0.9451349454580026,True,138,0.0
sampled_pg_logbarrier_handoff,uniform,128,91089,True,0,0.896269639362055,0.9252870391552165,0.9457256883429512,True,133,0.0
sampled_pg_logbarrier_handoff,uniform,128,91090,True,0,0.8945062271126542,0.9234324151615162,0.9449911608878412,True,136,0.0
sampled_pg_logbarrier_handoff,uniform,128,91091,True,0,0.8920526522017286,0.9203649196272934,0.9442762406715515,True,139,0.0
sampled_pg_logbarrier_handoff,uniform,128,91092,True,0,0.8936304995708458,0.9222746347103216,0.9447619531683357,True,134,0.0
sampled_pg_logbarrier_handoff,uniform,128,91093,True,0,0.8930522224783929,0.921681053881919,0.9445312365612231,True,134,0.0
sampled_pg_logbarrier_handoff,uniform,128,91094,True,0,0.8954322163417521,0.9243929701572862,0.94538692868977,True,137,0.0
sampled_pg_logbarrier_handoff,uniform,128,91095,True,0,0.8944344824105324,0.9229235324957946,0.9452774986556111,True,133,0.0
sampled_pg_logbarrier_handoff,uniform,128,91096,True,0,0.8951547828622347,0.9236007710769306,0.9456560335962706,True,134,0.0
sampled_pg_logbarrier_handoff,uniform,128,91097,True,0,0.894741706791261,0.9239478201372788,0.9449254807136841,True,144,0.0
sampled_pg_logbarrier_handoff,uniform,128,91098,True,0,0.8940573942325225,0.922969121402818,0.9448039384978165,True,134,0.0
sampled_pg_logbarrier_handoff,uniform,128,91099,True,0,0.8921916988299724,0.9206370171889783,0.9441610881671229,True,130,0.0
sampled_npg_reward_only,uniform,128,91000,False,1,0.9736525310040478,0.9589874206150655,0.9964551008766986,True,4,0.0
sampled_npg_reward_only,uniform,128,91001,False,1,0.9735821117706511,0.9572526239550188,0.996618396539717,True,4,0.0
sampled_npg_reward_only,uniform,128,91002,False,1,0.9798100645089478,0.9722576993342079,0.9957189455793516,True,4,0.0
sampled_npg_reward_only,uniform,128,91003,False,1,1.0,1.0,1.0,True,4,0.0
sampled_npg_reward_only,uniform,128,91004,False,1,0.9790413369249861,0.96958712063857,0.9961408819328641,True,4,0.0
sampled_npg_reward_only,uniform,128,91005,False,1,0.9812422243739699,0.9720052033104046,0.9966659556991776,True,4,0.0
sampled_npg_reward_only,uniform,128,91006,False,1,0.9849940192063666,0.9775661414682547,0.9974818119360349,True,4,0.0
sampled_npg_reward_only,uniform,128,91007,False,1,0.9824149503592181,0.9767446202904514,0.9958790425762802,True,4,0.0
sampled_npg_reward_only,uniform,128,91008,False,1,0.9750071297880254,0.9617301838985537,0.9959844403424963,True,4,0.0
sampled_npg_reward_only,uniform,128,91009,False,1,0.9804329117967214,0.9731582635317548,0.9958270978670819,True,4,0.0
sampled_npg_reward_only,uniform,128,91010,False,1,0.9877202772598257,0.9756474424017826,0.99998043175644,True,4,0.0
sampled_npg_reward_only,uniform,128,91011,False,1,0.9742710423100058,0.9610395441134694,0.9952899976276681,True,4,0.0
sampled_npg_reward_only,uniform,128,91012,False,1,0.9846476823068295,0.9810564864185931,0.9957940956001299,True,4,0.0
sampled_npg_reward_only,uniform,128,91013,False,1,0.973601808185239,0.9615615948295282,0.9943729631420235,True,4,0.0
sampled_npg_reward_only,uniform,128,91014,False,1,0.9766211288998126,0.9677776939735786,0.9944968970657996,True,4,0.0
sampled_npg_reward_only,uniform,128,91015,False,1,0.9819980083308392,0.9728262456082202,0.9969426704201831,True,4,0.0
sampled_npg_reward_only,uniform,128,91016,False,1,0.9999145392636735,0.999999996052271,0.9999116642540223,True,4,0.0
sampled_npg_reward_only,uniform,128,91017,False,1,0.9803855692952391,0.9729126868353298,0.9954868128688232,True,4,0.0
sampled_npg_reward_only,uniform,128,91018,False,1,0.9873977289494477,0.9837362047875682,0.996869370401917,True,4,0.0
sampled_npg_reward_only,uniform,128,91019,False,1,0.9786906774145171,0.967560797518096,0.9963733237386468,True,4,0.0
sampled_npg_reward_only,uniform,128,91020,False,1,0.9685925238808565,0.9498240379504326,0.9958996662522143,True,4,0.0
sampled_npg_reward_only,uniform,128,91021,False,1,0.9698512474673253,0.9474789652123051,0.997564201326197,True,4,0.0
sampled_npg_reward_only,uniform,128,91022,False,1,0.9844436815167594,0.9784734289328403,0.9968104724640682,True,4,0.0
sampled_npg_reward_only,uniform,128,91023,False,1,0.9999419678019402,0.9999985565048732,0.9999417344579112,True,4,0.0
sampled_npg_reward_only,uniform,128,91024,False,1,0.9802367478171125,0.9712923774764731,0.996334654129074,True,4,0.0
sampled_npg_reward_only,uniform,128,91025,False,1,0.9795877971152671,0.9688706521260626,0.9963624028204751,True,4,0.0
sampled_npg_reward_only,uniform,128,91026,False,1,0.9792795641418726,0.9701115821767522,0.995778862268911,True,4,0.0
sampled_npg_reward_only,uniform,128,91027,False,1,0.9805597660404244,0.9702429978321713,0.9971053070917817,True,4,0.0
sampled_npg_reward_only,uniform,128,91028,False,1,0.9786149797172655,0.9699048101047915,0.9956125548515504,True,4,0.0
sampled_npg_reward_only,uniform,128,91029,False,1,0.9718137909641914,0.955126891377507,0.9961435859427347,True,4,0.0
sampled_npg_reward_only,uniform,128,91030,False,1,0.9820327356798264,0.9724758022982878,0.9971462708135771,True,4,0.0
sampled_npg_reward_only,uniform,128,91031,False,1,0.9842733276410657,0.9773335754981125,0.9972250266438595,True,4,0.0
sampled_npg_reward_only,uniform,128,91032,False,1,0.9855210139029528,0.9800918529539915,0.9963745729612441,True,4,0.0
sampled_npg_reward_only,uniform,128,91033,False,1,0.9746988282349254,0.9607530697737144,0.9959168011754748,True,4,0.0
sampled_npg_reward_only,uniform,128,91034,False,1,0.9763427837755896,0.9616125091326321,0.9971079925128837,True,4,0.0
sampled_npg_reward_only,uniform,128,91035,False,1,1.0,1.0,1.0,True,4,0.0
sampled_npg_reward_only,uniform,128,91036,False,1,0.9804676300836666,0.9726074568861958,0.9958995181872334,True,4,0.0
sampled_npg_reward_only,uniform,128,91037,False,1,0.9841749696224876,0.9779084440130499,0.9966028280048104,True,4,0.0
sampled_npg_reward_only,uniform,128,91038,False,1,0.9705102728683522,0.9592995553797234,0.9932220982986529,True,4,0.0
sampled_npg_reward_only,uniform,128,91039,False,1,0.9855256922139466,0.9844620260529513,0.9945608439923591,True,4,0.0
sampled_npg_reward_only,uniform,128,91040,False,1,0.976459354431522,0.9654553419226874,0.9953160709467529,True,4,0.0
sampled_npg_reward_only,uniform,128,91041,False,1,0.978517019917366,0.9636269193209995,0.9979261141648212,True,4,0.0
sampled_npg_reward_only,uniform,128,91042,False,1,0.9874326436228915,0.9865409819159998,0.9953225615062635,True,4,0.0
sampled_npg_reward_only,uniform,128,91043,False,1,0.976710249492245,0.9654878234216688,0.9955512708360086,True,4,0.0
sampled_npg_reward_only,uniform,128,91044,False,1,0.9727141790756875,0.959509460064533,0.9950335958920514,True,4,0.0
sampled_npg_reward_only,uniform,128,91045,False,1,0.9852024469466404,0.9775185816294298,0.99747696108648,True,4,0.0
sampled_npg_reward_only,uniform,128,91046,False,1,0.9816466659243972,0.9750510354472639,0.9960476170905445,True,4,0.0
sampled_npg_reward_only,uniform,128,91047,False,1,0.9800858350880249,0.9753525274679158,0.9942990822529564,True,4,0.0
sampled_npg_reward_only,uniform,128,91048,False,1,0.9761425922381403,0.9657405148168525,0.9946826275519505,True,4,0.0
sampled_npg_reward_only,uniform,128,91049,False,1,0.9775901496294113,0.970981801167888,0.9940247243991099,True,4,0.0
sampled_npg_reward_only,uniform,128,91050,False,1,0.9840759549714998,0.9835120366048727,0.9937343892260353,True,4,0.0
sampled_npg_reward_only,uniform,128,91051,False,1,0.9840625888516509,0.9765094036356023,0.9971351766949912,True,4,0.0
sampled_npg_reward_only,uniform,128,91052,False,1,0.985521319552297,0.9840103770418919,0.9947388610284895,True,4,0.0
sampled_npg_reward_only,uniform,128,91053,False,1,0.9815335624269742,0.9696136369181239,0.9978938312897213,True,4,0.0
sampled_npg_reward_only,uniform,128,91054,False,1,0.9777464162074612,0.9686875170276749,0.9956062428416284,True,4,0.0
sampled_npg_reward_only,uniform,128,91055,False,1,0.9997646225167689,0.9999993766353947,0.9997555291281275,True,4,0.0
sampled_npg_reward_only,uniform,128,91056,False,1,0.9759951013464048,0.9673332390079667,0.9944673065843626,True,4,0.0
sampled_npg_reward_only,uniform,128,91057,False,1,0.9768725214728396,0.966078271415274,0.9955157517999443,True,4,0.0
sampled_npg_reward_only,uniform,128,91058,False,1,0.9772339536346732,0.9636579939161591,0.9967483059805661,True,4,0.0
sampled_npg_reward_only,uniform,128,91059,False,1,0.9789639845237664,0.9703475537289044,0.9952766884127123,True,4,0.0
sampled_npg_reward_only,uniform,128,91060,False,1,1.0,1.0,1.0,True,4,0.0
sampled_npg_reward_only,uniform,128,91061,False,1,0.9790667155453672,0.9726325969944773,0.9943124836643878,True,4,0.0
sampled_npg_reward_only,uniform,128,91062,False,1,0.9790422709688203,0.9647242025085623,0.998257163800009,True,4,0.0
sampled_npg_reward_only,uniform,128,91063,False,1,0.9782710154279423,0.9625683067863544,0.9975924136812401,True,4,0.0
sampled_npg_reward_only,uniform,128,91064,False,1,0.9808973003969322,0.9738638465958495,0.9957406297815256,True,4,0.0
sampled_npg_reward_only,uniform,128,91065,False,1,1.0,1.0,1.0,True,4,0.0
sampled_npg_reward_only,uniform,128,91066,False,1,0.9860444314219027,0.9798466345845146,0.9972046263608288,True,4,0.0
sampled_npg_reward_only,uniform,128,91067,False,1,0.9836495253752681,0.9715921761423484,0.9989422648180867,True,4,0.0
sampled_npg_reward_only,uniform,128,91068,False,1,0.9816054289484981,0.9763960593486803,0.9948998980367191,True,4,0.0
sampled_npg_reward_only,uniform,128,91069,False,1,0.9824828120046051,0.9746159395442267,0.9964859174728639,True,4,0.0
sampled_npg_reward_only,uniform,128,91070,False,1,0.9746194327815526,0.9602949431033516,0.9963598194703733,True,4,0.0
sampled_npg_reward_only,uniform,128,91071,False,1,0.976560729756009,0.9626800034696611,0.9970112187517975,True,4,0.0
sampled_npg_reward_only,uniform,128,91072,False,1,0.9999979887343483,0.9999999490257369,0.9999980125910951,True,4,0.0
sampled_npg_reward_only,uniform,128,91073,False,1,0.980239154123736,0.9706447236996848,0.9965067923745149,True,4,0.0
sampled_npg_reward_only,uniform,128,91074,False,1,0.9836341030881389,0.9768138682801838,0.9965229633804041,True,4,0.0
sampled_npg_reward_only,uniform,128,91075,False,1,0.9768111342347015,0.9661435397752965,0.9948119898667054,True,4,0.0
sampled_npg_reward_only,uniform,128,91076,False,1,0.9792271934229654,0.9665355122874079,0.9974142447210956,True,4,0.0
sampled_npg_reward_only,uniform,128,91077,False,1,0.9725969036385539,0.9609689404639916,0.9941670765940539,True,5,0.0
sampled_npg_reward_only,uniform,128,91078,False,1,0.9761268772878009,0.966494002423982,0.9951270114149231,True,4,0.0
sampled_npg_reward_only,uniform,128,91079,False,1,0.9867523198433904,0.9830737194593681,0.9966559717241504,True,4,0.0
sampled_npg_reward_only,uniform,128,91080,False,1,0.9785686832637647,0.9701232650739207,0.9956134498246733,True,4,0.0
sampled_npg_reward_only,uniform,128,91081,False,1,0.977262367165894,0.9623142916738135,0.9975236722478429,True,4,0.0
sampled_npg_reward_only,uniform,128,91082,False,1,0.9781076877961522,0.9656445313394133,0.9967207400244626,True,4,0.0
sampled_npg_reward_only,uniform,128,91083,False,1,0.9741764545335458,0.9586649274442514,0.9965554325494418,True,4,0.0
sampled_npg_reward_only,uniform,128,91084,False,1,0.9908429402462483,0.9829975330371838,0.9997050684743366,True,4,0.0
sampled_npg_reward_only,uniform,128,91085,False,1,0.9789701426318372,0.9636331270880217,0.9985809750703551,True,4,0.0
sampled_npg_reward_only,uniform,128,91086,False,1,0.9696595751828446,0.9523037160916241,0.9958035776656533,True,4,0.0
sampled_npg_reward_only,uniform,128,91087,False,1,0.986934875599898,0.9845359364690326,0.996045446396713,True,4,0.0
sampled_npg_reward_only,uniform,128,91088,False,1,0.9821017094276375,0.9733265862204326,0.9967564954262618,True,4,0.0
sampled_npg_reward_only,uniform,128,91089,False,1,0.9761267893920202,0.9690240045096635,0.9938125562533393,True,4,0.0
sampled_npg_reward_only,uniform,128,91090,False,1,0.9798089746739591,0.9730510756313203,0.9947946388476215,True,4,0.0
sampled_npg_reward_only,uniform,128,91091,False,1,0.9795656030513926,0.9731250114199311,0.9948533145885142,True,4,0.0
sampled_npg_reward_only,uniform,128,91092,False,1,0.9816492327738148,0.9713388099627941,0.9973385423915738,True,4,0.0
sampled_npg_reward_only,uniform,128,91093,False,1,0.9749195799170198,0.9606657554328425,0.9962543714763883,True,4,0.0
sampled_npg_reward_only,uniform,128,91094,False,1,0.9795459065016766,0.9716727249163148,0.9952876458889867,True,4,0.0
sampled_npg_reward_only,uniform,128,91095,False,1,0.9784144104265026,0.9674362329938324,0.996792757451979,True,4,0.0
sampled_npg_reward_only,uniform,128,91096,False,1,0.9764433466584767,0.9618670567712128,0.9968923291290044,True,4,0.0
sampled_npg_reward_only,uniform,128,91097,False,1,0.978659214443958,0.9683242210331083,0.9963276091936097,True,4,0.0
sampled_npg_reward_only,uniform,128,91098,False,1,0.9758143582648331,0.960680590299219,0.9969347801688402,True,4,0.0
sampled_npg_reward_only,uniform,128,91099,False,1,0.9726255835915955,0.9457581931764794,0.9999526236970587,True,4,0.0
sampled_npg_logbarrier_handoff,uniform,128,91000,False,1,0.9999220602583236,0.9999997776774835,0.9999199081401288,True,4,0.0
sampled_npg_logbarrier_handoff,uniform,128,91001,False,1,0.9600938050203968,0.9443934590876041,0.9915948707971345,True,4,0.0
sampled_npg_logbarrier_handoff,uniform,128,91002,False,1,0.9774699876702938,0.979622913744739,0.9894343728569659,True,4,0.0
sampled_npg_logbarrier_handoff,uniform,128,91003,False,1,0.9690014177000864,0.9560823573807578,0.9943257601663619,True,4,0.0
sampled_npg_logbarrier_handoff,uniform,128,91004,False,1,0.9828101005129067,0.9788383541212534,0.9953352576104219,True,4,0.0
sampled_npg_logbarrier_handoff,uniform,128,91005,False,1,0.9724441806279062,0.9464241110448931,0.9998297324178561,True,4,0.0
sampled_npg_logbarrier_handoff,uniform,128,91006,False,1,0.965252552766191,0.9537000738441735,0.9908302953632115,True,4,0.0
sampled_npg_logbarrier_handoff,uniform,128,91007,False,1,0.9743761960990912,0.9663872312090857,0.9940821153643716,True,4,0.0
sampled_npg_logbarrier_handoff,uniform,128,91008,False,1,0.9633192856706333,0.9581783767365595,0.9875578503799888,True,4,0.0
sampled_npg_logbarrier_handoff,uniform,128,91009,False,1,0.9740559087045085,0.9646434823405177,0.9939850882076122,True,4,0.0
sampled_npg_logbarrier_handoff,uniform,128,91010,False,1,0.9810065657503089,0.9822360165675177,0.9915846258537984,True,4,0.0
sampled_npg_logbarrier_handoff,uniform,128,91011,False,1,0.9721051376333606,0.9655416858133901,0.9924985406339007,True,4,0.0
sampled_npg_logbarrier_handoff,uniform,128,91012,False,1,0.977937856479329,0.9615248079008645,0.9991224769539171,True,4,0.0
sampled_npg_logbarrier_handoff,uniform,128,91013,False,1,0.9756179142003257,0.9675805101244663,0.9941877572031045,True,4,0.0
sampled_npg_logbarrier_handoff,uniform,128,91014,False,1,0.9964808042691228,0.996355460175497,0.9990158308119667,True,4,0.0
sampled_npg_logbarrier_handoff,uniform,128,91015,False,1,0.9792151459241584,0.971984805912148,0.9956753307961158,True,4,0.0
sampled_npg_logbarrier_handoff,uniform,128,91016,False,1,0.9915973763256031,0.9901402100777357,0.9977587887345221,True,4,0.0
sampled_npg_logbarrier_handoff,uniform,128,91017,False,1,0.9571163614109636,0.9332753692015507,0.9948901695314677,True,4,0.0
sampled_npg_logbarrier_handoff,uniform,128,91018,False,1,0.9999999999867857,0.9999999999867857,1.0,True,4,0.0
sampled_npg_logbarrier_handoff,uniform,128,91019,False,1,0.9797950440965619,0.975953613470762,0.9945728848140033,True,4,0.0
sampled_npg_logbarrier_handoff,uniform,128,91020,False,1,1.0,1.0,1.0,True,4,0.0
sampled_npg_logbarrier_handoff,uniform,128,91021,False,1,0.9848432305985976,0.9817450665805664,0.9954230547228969,True,4,0.0
sampled_npg_logbarrier_handoff,uniform,128,91022,False,1,0.9654072807468198,0.9535140389984128,0.9908024428190844,True,4,0.0
sampled_npg_logbarrier_handoff,uniform,128,91023,False,1,0.9531266381539342,0.9369096626172778,0.9880720848701359,True,4,0.0
sampled_npg_logbarrier_handoff,uniform,128,91024,False,1,0.9996952087677065,0.9999965696547981,0.9996856200747715,True,4,0.0
sampled_npg_logbarrier_handoff,uniform,128,91025,False,1,0.9629034281696247,0.950725669673089,0.9912980606314581,True,4,0.0
sampled_npg_logbarrier_handoff,uniform,128,91026,False,1,0.9753681660540533,0.9612455491386991,0.9964142986845985,True,4,0.0
sampled_npg_logbarrier_handoff,uniform,128,91027,False,1,0.9811015778914087,0.9743222205995192,0.9956834962379392,True,4,0.0
sampled_npg_logbarrier_handoff,uniform,128,91028,False,1,0.975677395422046,0.9696278705032367,0.992967888142063,True,4,0.0
sampled_npg_logbarrier_handoff,uniform,128,91029,False,1,0.9746506846203984,0.9673615155736465,0.9944664377934082,True,4,0.0
sampled_npg_logbarrier_handoff,uniform,128,91030,False,1,0.9661135692881713,0.9534205000790436,0.9928147445751513,True,4,0.0
sampled_npg_logbarrier_handoff,uniform,128,91031,False,1,0.9737968179457533,0.9597402284533624,0.9967047889891246,True,4,0.0
sampled_npg_logbarrier_handoff,uniform,128,91032,False,1,0.9891635373711932,0.9947124233923096,0.9922085887398899,True,4,0.0
sampled_npg_logbarrier_handoff,uniform,128,91033,False,1,0.9864050972651404,0.986169039473686,0.9950766217523784,True,4,0.0
sampled_npg_logbarrier_handoff,uniform,128,91034,False,1,0.9709529117220145,0.9601205098643104,0.9939349822479274,True,4,0.0
sampled_npg_logbarrier_handoff,uniform,128,91035,False,1,0.9651650910336202,0.9547332421326837,0.9906195557410956,True,4,0.0
sampled_npg_logbarrier_handoff,uniform,128,91036,False,1,0.9757421455111177,0.9709668531263744,0.9926529417582219,True,4,0.0
sampled_npg_logbarrier_handoff,uniform,128,91037,False,1,0.9570363493054335,0.944283857960478,0.9882675080927332,True,4,0.0
sampled_npg_logbarrier_handoff,uniform,128,91038,False,1,0.9685349448899834,0.9593855511074084,0.9927640481165938,True,4,0.0
sampled_npg_logbarrier_handoff,uniform,128,91039,False,1,0.9732789586568432,0.9650227107166461,0.992832860129951,True,4,0.0
sampled_npg_logbarrier_handoff,uniform,128,91040,False,1,0.9760277475211444,0.9766866900029616,0.9900080185095669,True,4,0.0
sampled_npg_logbarrier_handoff,uniform,128,91041,False,1,0.9761040456036272,0.9739112378374452,0.992034381806036,True,4,0.0
sampled_npg_logbarrier_handoff,uniform,128,91042,False,1,1.0,1.0,1.0,True,4,0.0
sampled_npg_logbarrier_handoff,uniform,128,91043,False,1,0.9737390201197951,0.9715034274334583,0.9907861673437848,True,4,0.0
sampled_npg_logbarrier_handoff,uniform,128,91044,False,1,0.984927410625546,0.976342880689955,0.998211073514737,True,4,0.0
sampled_npg_logbarrier_handoff,uniform,128,91045,False,1,0.9782972769640642,0.972635999009396,0.9944474392500902,True,4,0.0
sampled_npg_logbarrier_handoff,uniform,128,91046,False,1,0.96081951650318,0.9416183574801873,0.9940150604890717,True,4,0.0
sampled_npg_logbarrier_handoff,uniform,128,91047,False,1,0.9561967147825327,0.9379035829446302,0.9918441826081025,True,4,0.0
sampled_npg_logbarrier_handoff,uniform,128,91048,False,1,0.9669722869545672,0.9570020333357948,0.9912770506680183,True,4,0.0
sampled_npg_logbarrier_handoff,uniform,128,91049,False,1,0.9854359859550988,0.9834742538753278,0.9954640774300274,True,4,0.0
sampled_npg_logbarrier_handoff,uniform,128,91050,False,1,1.0,1.0,1.0,True,4,0.0
sampled_npg_logbarrier_handoff,uniform,128,91051,False,1,0.9999527637345031,0.9999996490513509,0.999951857148591,True,4,0.0
sampled_npg_logbarrier_handoff,uniform,128,91052,False,1,0.9674668633012771,0.9577187157731174,0.9925804076864658,True,4,0.0
sampled_npg_logbarrier_handoff,uniform,128,91053,False,1,0.996717184580835,0.9938457140901761,0.999980323249968,True,4,0.0
sampled_npg_logbarrier_handoff,uniform,128,91054,False,1,0.9879065770218131,0.9873134267012276,0.9958406956579087,True,4,0.0
sampled_npg_logbarrier_handoff,uniform,128,91055,False,1,0.9679876190404411,0.959359047928906,0.9915582717671418,True,4,0.0
sampled_npg_logbarrier_handoff,uniform,128,91056,False,1,0.9683864237683205,0.9589852704321677,0.9918122409161929,True,4,0.0
sampled_npg_logbarrier_handoff,uniform,128,91057,False,1,0.9723330038410714,0.9655499240291254,0.9925967984848023,True,4,0.0
sampled_npg_logbarrier_handoff,uniform,128,91058,False,1,0.9698027263740008,0.969198914896985,0.9875750040301927,True,4,0.0
sampled_npg_logbarrier_handoff,uniform,128,91059,False,1,0.999999726040687,0.9999997135828668,1.0,True,4,0.0
sampled_npg_logbarrier_handoff,uniform,128,91060,False,1,0.9910315603051715,0.9909264216573308,0.9969796815499641,True,4,0.0
sampled_npg_logbarrier_handoff,uniform,128,91061,False,1,0.9802389040961541,0.9718903960703443,0.996015444319522,True,4,0.0
sampled_npg_logbarrier_handoff,uniform,128,91062,False,1,0.980013527273078,0.9777903253768048,0.9938704070714255,True,4,0.0
sampled_npg_logbarrier_handoff,uniform,128,91063,False,1,0.9638796942547408,0.9521622101275882,0.9905286246170418,True,4,0.0
sampled_npg_logbarrier_handoff,uniform,128,91064,False,1,0.9700830773460553,0.9576801866915063,0.9944273470856088,True,4,0.0
sampled_npg_logbarrier_handoff,uniform,128,91065,False,1,0.9696390898767279,0.9531682169985249,0.9959673392502804,True,4,0.0
sampled_npg_logbarrier_handoff,uniform,128,91066,False,1,0.970955293658794,0.9686207915538206,0.9894118934652179,True,4,0.0
sampled_npg_logbarrier_handoff,uniform,128,91067,False,1,0.9743077416246001,0.9712637446178902,0.9914288695805965,True,4,0.0
sampled_npg_logbarrier_handoff,uniform,128,91068,False,1,0.9577594104884848,0.942696823346542,0.9918287935472396,True,4,0.0
sampled_npg_logbarrier_handoff,uniform,128,91069,False,1,1.0,1.0,1.0,True,4,0.0
sampled_npg_logbarrier_handoff,uniform,128,91070,False,1,0.9624345855905883,0.9440846206365052,0.9933382734983683,True,4,0.0
sampled_npg_logbarrier_handoff,uniform,128,91071,False,1,0.9668922484963698,0.9558494437293155,0.9920550538331444,True,4,0.0
sampled_npg_logbarrier_handoff,uniform,128,91072,False,1,0.9648352509061997,0.958290949718397,0.9896309991877218,True,4,0.0
sampled_npg_logbarrier_handoff,uniform,128,91073,False,1,0.9999999112255511,0.9999999097935462,1.0,True,4,0.0
sampled_npg_logbarrier_handoff,uniform,128,91074,False,1,0.969437197569962,0.9562102184681488,0.9946238383622924,True,4,0.0
sampled_npg_logbarrier_handoff,uniform,128,91075,False,1,0.9731865944924374,0.9657643476127944,0.9929092067408083,True,4,0.0
sampled_npg_logbarrier_handoff,uniform,128,91076,False,1,0.9806997903629308,0.9789017153053678,0.993493170131036,True,4,0.0
sampled_npg_logbarrier_handoff,uniform,128,91077,False,1,0.9594233466833747,0.9418524198273017,0.9918954700765541,True,5,0.0
sampled_npg_logbarrier_handoff,uniform,128,91078,False,1,0.9999999999999939,0.9999999999999878,1.0,True,4,0.0
sampled_npg_logbarrier_handoff,uniform,128,91079,False,1,0.9716201510428986,0.9661142703371977,0.990777138256943,True,4,0.0
sampled_npg_logbarrier_handoff,uniform,128,91080,False,1,0.9533120732636851,0.9223085793799718,0.9956778906638482,True,4,0.0
sampled_npg_logbarrier_handoff,uniform,128,91081,False,1,0.9667668376810925,0.9652842168708601,0.9869547563239048,True,4,0.0
sampled_npg_logbarrier_handoff,uniform,128,91082,False,1,0.9611226685750808,0.957112929854532,0.9856881182938245,True,4,0.0
sampled_npg_logbarrier_handoff,uniform,128,91083,False,1,0.9809802329991238,0.9749103991249417,0.9959155955968155,True,4,0.0
sampled_npg_logbarrier_handoff,uniform,128,91084,False,1,0.9716534486712194,0.966608187674694,0.99100793163338,True,4,0.0
sampled_npg_logbarrier_handoff,uniform,128,91085,False,1,0.9799573242924644,0.975237972366933,0.9945342160376061,True,4,0.0
sampled_npg_logbarrier_handoff,uniform,128,91086,False,1,0.965635442495059,0.9578164514318807,0.9896280153879023,True,4,0.0
sampled_npg_logbarrier_handoff,uniform,128,91087,False,1,1.0,1.0,1.0,True,4,0.0
sampled_npg_logbarrier_handoff,uniform,128,91088,False,1,0.9799087284513265,0.9707824161455954,0.9964381445880007,True,4,0.0
sampled_npg_logbarrier_handoff,uniform,128,91089,False,1,0.9685724929906716,0.9575665387303562,0.9936391260508652,True,4,0.0
sampled_npg_logbarrier_handoff,uniform,128,91090,False,1,0.9677855241884686,0.9542750320398408,0.9928121225131774,True,4,0.0
sampled_npg_logbarrier_handoff,uniform,128,91091,False,1,1.0,1.0,1.0,True,4,0.0
sampled_npg_logbarrier_handoff,uniform,128,91092,False,1,1.0,1.0,1.0,True,4,0.0
sampled_npg_logbarrier_handoff,uniform,128,91093,False,1,0.9747819985708719,0.9693511941051796,0.9932258017349738,True,4,0.0
sampled_npg_logbarrier_handoff,uniform,128,91094,False,1,0.9765047214744376,0.9654668575513118,0.9956511762251099,True,4,0.0
sampled_npg_logbarrier_handoff,uniform,128,91095,False,1,0.952293064231039,0.9382296307626373,0.9875683064065748,True,4,0.0
sampled_npg_logbarrier_handoff,uniform,128,91096,False,1,1.0,1.0,1.0,True,4,0.0
sampled_npg_logbarrier_handoff,uniform,128,91097,False,1,0.9904487456098873,0.9861942382536416,0.99850661378841,True,4,0.0
sampled_npg_logbarrier_handoff,uniform,128,91098,False,1,0.9543782148724038,0.9333267138240056,0.9920060537922366,True,4,0.0
sampled_npg_logbarrier_handoff,uniform,128,91099,False,1,0.9520368924187695,0.9346705530878646,0.9884134499620959,True,4,0.0
sampled_pg_logbarrier_fixed,uniform,128,91000,True,0,0.5912168615602033,0.5949005094415908,0.7489936107070833,False,134,0.0
sampled_pg_logbarrier_fixed,uniform,128,91001,True,0,0.5942745617247407,0.6004650208546262,0.7506427830024176,False,134,0.0
sampled_pg_logbarrier_fixed,uniform,128,91002,True,0,0.5927846777554447,0.5973522425670025,0.7495515848494392,False,131,0.0
sampled_pg_logbarrier_fixed,uniform,128,91003,True,0,0.5935250788680513,0.5982922315811401,0.750427614052285,False,134,0.0
sampled_pg_logbarrier_fixed,uniform,128,91004,True,0,0.5923913353000376,0.5992916749916638,0.7481451220611142,False,133,0.0
sampled_pg_logbarrier_fixed,uniform,128,91005,True,0,0.5903516821191588,0.5930892263883659,0.7481104094810018,False,127,0.0
sampled_pg_logbarrier_fixed,uniform,128,91006,True,0,0.5929013449178989,0.599476271022644,0.7486161533899904,False,130,0.0
sampled_pg_logbarrier_fixed,uniform,128,91007,True,0,0.5935360477610016,0.6001510680816367,0.7499196644852967,False,137,0.0
sampled_pg_logbarrier_fixed,uniform,128,91008,True,0,0.5922492848696803,0.5979433233915932,0.7485878751980571,False,134,0.0
sampled_pg_logbarrier_fixed,uniform,128,91009,True,0,0.5896526175163788,0.5928695054302708,0.7471687812346598,False,135,0.0
sampled_pg_logbarrier_fixed,uniform,128,91010,True,0,0.5919982130300023,0.5959101985882238,0.7493492756601464,False,137,0.0
sampled_pg_logbarrier_fixed,uniform,128,91011,True,0,0.5947054706768196,0.6024387995459036,0.7501064210317252,False,129,0.0
sampled_pg_logbarrier_fixed,uniform,128,91012,True,0,0.5937677730746783,0.6011356731692685,0.74922119770077,False,129,0.0
sampled_pg_logbarrier_fixed,uniform,128,91013,True,0,0.5925884764718135,0.5978152552191331,0.7491923257404615,False,132,0.0
sampled_pg_logbarrier_fixed,uniform,128,91014,True,0,0.5936350154460289,0.5998288671567436,0.7498666005699931,False,141,0.0
sampled_pg_logbarrier_fixed,uniform,128,91015,True,0,0.5931668170083791,0.5993651398458876,0.7494276294879347,False,133,0.0
sampled_pg_logbarrier_fixed,uniform,128,91016,True,0,0.5887819333056559,0.5904564900113267,0.7469892351265137,False,137,0.0
sampled_pg_logbarrier_fixed,uniform,128,91017,True,0,0.5905041250755858,0.5934401635939406,0.7481271786782933,False,129,0.0
sampled_pg_logbarrier_fixed,uniform,128,91018,True,0,0.5946182423915862,0.6027445564362186,0.7499047685090721,False,133,0.0
sampled_pg_logbarrier_fixed,uniform,128,91019,True,0,0.5898486683515423,0.5922775004544486,0.7477973124886206,False,134,0.0
sampled_pg_logbarrier_fixed,uniform,128,91020,True,0,0.5906894492678069,0.5959832634369022,0.7475780959636361,False,135,0.0
sampled_pg_logbarrier_fixed,uniform,128,91021,True,0,0.5918209020930836,0.5967322006772133,0.7485450348265028,False,140,0.0
sampled_pg_logbarrier_fixed,uniform,128,91022,True,0,0.5894237267169327,0.5913731681975042,0.7473612021508914,False,128,0.0
sampled_pg_logbarrier_fixed,uniform,128,91023,True,0,0.5891898686523096,0.5921807939735331,0.7468370372758246,False,138,0.0
sampled_pg_logbarrier_fixed,uniform,128,91024,True,0,0.594350306060611,0.6019064738510542,0.7499865603034125,False,137,0.0
sampled_pg_logbarrier_fixed,uniform,128,91025,True,0,0.5912903814190579,0.5925351632620248,0.7501638634230934,False,131,0.0
sampled_pg_logbarrier_fixed,uniform,128,91026,True,0,0.5892997508998918,0.5895046420580347,0.7483288815993817,False,128,0.0
sampled_pg_logbarrier_fixed,uniform,128,91027,True,0,0.591158536889859,0.5956111040416241,0.7478177867043381,False,131,0.0
sampled_pg_logbarrier_fixed,uniform,128,91028,True,0,0.5874538751508644,0.5881454483461711,0.7460989508403829,False,133,0.0
sampled_pg_logbarrier_fixed,uniform,128,91029,True,0,0.5927838238198495,0.5996264916971936,0.7484113602589793,False,127,0.0
sampled_pg_logbarrier_fixed,uniform,128,91030,True,0,0.5887934825258223,0.5902694215616138,0.7472786308681659,False,129,0.0
sampled_pg_logbarrier_fixed,uniform,128,91031,True,0,0.5872693373652398,0.5904421123923698,0.7445027142084659,False,135,0.0
sampled_pg_logbarrier_fixed,uniform,128,91032,True,0,0.5956411768229535,0.602997379263931,0.7512316728935589,False,127,0.0
sampled_pg_logbarrier_fixed,uniform,128,91033,True,0,0.5918677154773588,0.5968339937707818,0.7485820142865526,False,134,0.0
sampled_pg_logbarrier_fixed,uniform,128,91034,True,0,0.5887738385454605,0.5885777244090402,0.7475645351242115,False,133,0.0
sampled_pg_logbarrier_fixed,uniform,128,91035,True,0,0.5919878394306923,0.5964195196660801,0.7493030401082195,False,143,0.0
sampled_pg_logbarrier_fixed,uniform,128,91036,True,0,0.5903312492382887,0.5943754835186528,0.7476823948345126,False,136,0.0
sampled_pg_logbarrier_fixed,uniform,128,91037,True,0,0.5935463630239051,0.5991757373761697,0.7501671113472623,False,130,0.0
sampled_pg_logbarrier_fixed,uniform,128,91038,True,0,0.5918788085791159,0.5959491028746462,0.7489737618129808,False,134,0.0
sampled_pg_logbarrier_fixed,uniform,128,91039,True,0,0.5883795246783683,0.5903914235658309,0.7464749046682281,False,129,0.0
sampled_pg_logbarrier_fixed,uniform,128,91040,True,0,0.5909267565043641,0.5966420305885257,0.7470624034830976,False,141,0.0
sampled_pg_logbarrier_fixed,uniform,128,91041,True,0,0.5873028834658367,0.58752793962869,0.7461115045667301,False,131,0.0
sampled_pg_logbarrier_fixed,uniform,128,91042,True,0,0.5892048443011314,0.591514188552412,0.747252344545434,False,135,0.0
sampled_pg_logbarrier_fixed,uniform,128,91043,True,0,0.5922185634437367,0.5980250136102085,0.7482183292850578,False,130,0.0
sampled_pg_logbarrier_fixed,uniform,128,91044,True,0,0.5917836021468119,0.5972288833315289,0.7481113316913194,False,134,0.0
sampled_pg_logbarrier_fixed,uniform,128,91045,True,0,0.5921389739182195,0.5962376603767003,0.7491082981535799,False,134,0.0
sampled_pg_logbarrier_fixed,uniform,128,91046,True,0,0.5920500153763181,0.5963146395929078,0.7494700869727388,False,140,0.0
sampled_pg_logbarrier_fixed,uniform,128,91047,True,0,0.5918313291563635,0.5972492260167865,0.7482125442798931,False,134,0.0
sampled_pg_logbarrier_fixed,uniform,128,91048,True,0,0.5901060202374079,0.5955863860677211,0.746468737640014,False,134,0.0
sampled_pg_logbarrier_fixed,uniform,128,91049,True,0,0.5893567489296457,0.5924514669125803,0.7466046821576464,False,133,0.0
sampled_pg_logbarrier_fixed,uniform,128,91050,True,0,0.5887786280550775,0.590439764138168,0.7469990158705868,False,131,0.0
sampled_pg_logbarrier_fixed,uniform,128,91051,True,0,0.5961847440880994,0.6033874639403013,0.7520310966869204,False,124,0.0
sampled_pg_logbarrier_fixed,uniform,128,91052,True,0,0.5924481067176779,0.5993361970319228,0.7482777084241399,False,135,0.0
sampled_pg_logbarrier_fixed,uniform,128,91053,True,0,0.5861943385109464,0.587106407153205,0.744417179645911,False,131,0.0
sampled_pg_logbarrier_fixed,uniform,128,91054,True,0,0.5909582995658028,0.5953902035673088,0.7475594302911027,False,133,0.0
sampled_pg_logbarrier_fixed,uniform,128,91055,True,0,0.5959013132801263,0.6035317135471076,0.7514593901824959,False,132,0.0
sampled_pg_logbarrier_fixed,uniform,128,91056,True,0,0.5924572787135769,0.5979976078966338,0.7491694072165449,False,138,0.0
sampled_pg_logbarrier_fixed,uniform,128,91057,True,0,0.5873640343332613,0.5891067915238386,0.745330283304718,False,135,0.0
sampled_pg_logbarrier_fixed,uniform,128,91058,True,0,0.5885363572105116,0.588509697585212,0.7478871056675055,False,135,0.0
sampled_pg_logbarrier_fixed,uniform,128,91059,True,0,0.5882025463483331,0.5908723128790161,0.7457831398769282,False,136,0.0
sampled_pg_logbarrier_fixed,uniform,128,91060,True,0,0.5980950481577298,0.6073132576610728,0.7528160345539973,False,133,0.0
sampled_pg_logbarrier_fixed,uniform,128,91061,True,0,0.5952671128906937,0.602069530107772,0.7512112531340378,False,132,0.0
sampled_pg_logbarrier_fixed,uniform,128,91062,True,0,0.5926919387193185,0.5989695800441254,0.749061456360146,False,139,0.0
sampled_pg_logbarrier_fixed,uniform,128,91063,True,0,0.5892167813696881,0.5914971471719289,0.7471677799871232,False,130,0.0
sampled_pg_logbarrier_fixed,uniform,128,91064,True,0,0.5856518356109865,0.5854913386955075,0.7447194370952414,False,141,0.0
sampled_pg_logbarrier_fixed,uniform,128,91065,True,0,0.5913691686244219,0.5937887390797549,0.7497734436117576,False,137,0.0
sampled_pg_logbarrier_fixed,uniform,128,91066,True,0,0.5898744860007917,0.5928986093839593,0.7475069703184805,False,136,0.0
sampled_pg_logbarrier_fixed,uniform,128,91067,True,0,0.5900423112512446,0.5937947948597405,0.747049017081733,False,130,0.0
sampled_pg_logbarrier_fixed,uniform,128,91068,True,0,0.5942553583228755,0.5997842392445003,0.7508970102610518,False,135,0.0
sampled_pg_logbarrier_fixed,uniform,128,91069,True,0,0.5964256964164346,0.606435497727205,0.7508775525446348,False,131,0.0
sampled_pg_logbarrier_fixed,uniform,128,91070,True,0,0.590942614003547,0.5950734741670074,0.7481449781486692,False,132,0.0
sampled_pg_logbarrier_fixed,uniform,128,91071,True,0,0.5904656571788534,0.595591197344458,0.7468803886732549,False,124,0.0
sampled_pg_logbarrier_fixed,uniform,128,91072,True,0,0.5891287141073825,0.5929923512352804,0.7462222139538881,False,134,0.0
sampled_pg_logbarrier_fixed,uniform,128,91073,True,0,0.5900839091176442,0.5948264870504367,0.7467549971136697,False,130,0.0
sampled_pg_logbarrier_fixed,uniform,128,91074,True,0,0.5868372793229801,0.5849477983906376,0.7466960968708738,False,131,0.0
sampled_pg_logbarrier_fixed,uniform,128,91075,True,0,0.5947802882184843,0.6035495925021048,0.7496981415711708,False,135,0.0
sampled_pg_logbarrier_fixed,uniform,128,91076,True,0,0.5921051309154752,0.5982876303529291,0.747901409589341,False,135,0.0
sampled_pg_logbarrier_fixed,uniform,128,91077,True,0,0.5937087485608756,0.5996528799557784,0.7501086883695642,False,130,0.0
sampled_pg_logbarrier_fixed,uniform,128,91078,True,0,0.5936882993855114,0.6009368757360247,0.7494666746268333,False,131,0.0
sampled_pg_logbarrier_fixed,uniform,128,91079,True,0,0.591291683229575,0.5934975528268777,0.7490357301798882,False,130,0.0
sampled_pg_logbarrier_fixed,uniform,128,91080,True,0,0.584412727646799,0.5803577762937749,0.7450213877522164,False,129,0.0
sampled_pg_logbarrier_fixed,uniform,128,91081,True,0,0.5893224353261646,0.5915622430233046,0.7474519307897377,False,130,0.0
sampled_pg_logbarrier_fixed,uniform,128,91082,True,0,0.5918368115888928,0.5968600684320607,0.74862529889759,False,142,0.0
sampled_pg_logbarrier_fixed,uniform,128,91083,True,0,0.594446342199106,0.6016469452356242,0.7498593832296299,False,127,0.0
sampled_pg_logbarrier_fixed,uniform,128,91084,True,0,0.5928400408884505,0.6004797317798177,0.7480799682589481,False,143,0.0
sampled_pg_logbarrier_fixed,uniform,128,91085,True,0,0.594664155037952,0.6027196229509376,0.74960512670183,False,129,0.0
sampled_pg_logbarrier_fixed,uniform,128,91086,True,0,0.5915068054252874,0.5979220244571903,0.7475212362718263,False,140,0.0
sampled_pg_logbarrier_fixed,uniform,128,91087,True,0,0.591972315056128,0.5988886765114424,0.7472770906163356,False,134,0.0
sampled_pg_logbarrier_fixed,uniform,128,91088,True,0,0.5914152982529893,0.5971297746558998,0.7478730809519689,False,138,0.0
sampled_pg_logbarrier_fixed,uniform,128,91089,True,0,0.5971411479637212,0.6086916927689048,0.7505568092849649,False,133,0.0
sampled_pg_logbarrier_fixed,uniform,128,91090,True,0,0.5927097783171301,0.5985481126653398,0.7490462472665478,False,136,0.0
sampled_pg_logbarrier_fixed,uniform,128,91091,True,0,0.588311102826316,0.5896763112373766,0.7470200143858853,False,139,0.0
sampled_pg_logbarrier_fixed,uniform,128,91092,True,0,0.5953117076201315,0.6026276433141207,0.7512107388675836,False,134,0.0
sampled_pg_logbarrier_fixed,uniform,128,91093,True,0,0.5917452516002228,0.5967775822454867,0.7484292431674373,False,134,0.0
sampled_pg_logbarrier_fixed,uniform,128,91094,True,0,0.593189729370608,0.5969014764599194,0.7507986860433222,False,137,0.0
sampled_pg_logbarrier_fixed,uniform,128,91095,True,0,0.5932521767480851,0.5993210614257785,0.7494661126328797,False,133,0.0
sampled_pg_logbarrier_fixed,uniform,128,91096,True,0,0.5901890710447338,0.5923211149151484,0.7481754625134523,False,134,0.0
sampled_pg_logbarrier_fixed,uniform,128,91097,True,0,0.59270357860509,0.5965061792458413,0.75047717462404,False,144,0.0
sampled_pg_logbarrier_fixed,uniform,128,91098,True,0,0.596138006827212,0.6065928503091893,0.750372192258308,False,134,0.0
sampled_pg_logbarrier_fixed,uniform,128,91099,True,0,0.5890747999875307,0.5917102085868989,0.7467745250815094,False,130,0.0
sampled_npg_logbarrier_fixed,uniform,128,91000,True,0,0.6108498498010254,0.6116247490862158,0.7607737454906923,False,4,0.0
sampled_npg_logbarrier_fixed,uniform,128,91001,True,0,0.6355029807540863,0.6373174977328853,0.7828654106884743,False,4,0.0
sampled_npg_logbarrier_fixed,uniform,128,91002,True,0,0.5985119735369235,0.5695898200496362,0.7661216524581492,False,4,0.0
sampled_npg_logbarrier_fixed,uniform,128,91003,True,0,0.6233574999456437,0.6336723683836261,0.7738485774328172,False,4,0.0
sampled_npg_logbarrier_fixed,uniform,128,91004,True,0,0.6300046595505154,0.6572692863640315,0.7568063749320066,False,4,0.0
sampled_npg_logbarrier_fixed,uniform,128,91005,True,0,0.6097005365696061,0.6018819624265399,0.760954575568892,False,4,0.0
sampled_npg_logbarrier_fixed,uniform,128,91006,True,0,0.641068439707864,0.6404176820627286,0.7923130882198074,False,4,0.0
sampled_npg_logbarrier_fixed,uniform,128,91007,True,0,0.6142512365852132,0.6068490433223507,0.7662185612673921,False,4,0.0
sampled_npg_logbarrier_fixed,uniform,128,91008,True,0,0.5856774589438009,0.5771502570244608,0.7395053872466015,False,4,0.0
sampled_npg_logbarrier_fixed,uniform,128,91009,True,0,0.608258019465253,0.6111993017905427,0.7533074204511443,False,4,0.0
sampled_npg_logbarrier_fixed,uniform,128,91010,True,0,0.6199371288348134,0.6208430465283736,0.7637765043038216,False,4,0.0
sampled_npg_logbarrier_fixed,uniform,128,91011,True,0,0.6537227873409999,0.6624401032605157,0.797125968361458,False,4,0.0
sampled_npg_logbarrier_fixed,uniform,128,91012,True,0,0.6424693405792664,0.6606210440184006,0.7838540042418207,False,4,0.0
sampled_npg_logbarrier_fixed,uniform,128,91013,True,0,0.62903573253197,0.6420775254656328,0.7739428854740015,False,4,0.0
sampled_npg_logbarrier_fixed,uniform,128,91014,True,0,0.618724258222425,0.6117087863502623,0.7737789971933969,False,4,0.0
sampled_npg_logbarrier_fixed,uniform,128,91015,True,0,0.635322882588628,0.6306477355814044,0.7802396230380395,False,4,0.0
sampled_npg_logbarrier_fixed,uniform,128,91016,True,0,0.6033421656128147,0.5932033982704015,0.7623277488269031,False,4,0.0
sampled_npg_logbarrier_fixed,uniform,128,91017,True,0,0.6198416588669637,0.6383339062657164,0.7589976184056333,False,4,0.0
sampled_npg_logbarrier_fixed,uniform,128,91018,True,0,0.6115321290596004,0.6227639273559472,0.7540466379615965,False,4,0.0
sampled_npg_logbarrier_fixed,uniform,128,91019,True,0,0.6123443819955954,0.5899634053245204,0.7740173185412881,False,4,0.0
sampled_npg_logbarrier_fixed,uniform,128,91020,True,0,0.6073874901016281,0.6026950125570006,0.7600405866533372,False,4,0.0
sampled_npg_logbarrier_fixed,uniform,128,91021,True,0,0.6125406092819913,0.6059823316582269,0.7647700061385589,False,4,0.0
sampled_npg_logbarrier_fixed,uniform,128,91022,True,0,0.6076060667941723,0.6000040340952363,0.7615527583688649,False,4,0.0
sampled_npg_logbarrier_fixed,uniform,128,91023,True,0,0.611601195811871,0.6047573487565205,0.7669257556932431,False,4,0.0
sampled_npg_logbarrier_fixed,uniform,128,91024,True,0,0.6117988933777186,0.6289085101122073,0.7563222292090541,False,4,0.0
sampled_npg_logbarrier_fixed,uniform,128,91025,True,0,0.6049919061020095,0.5982284652839439,0.7553410363188304,False,4,0.0
sampled_npg_logbarrier_fixed,uniform,128,91026,True,0,0.6150028537077366,0.6046297853056498,0.7721310508850936,False,4,0.0
sampled_npg_logbarrier_fixed,uniform,128,91027,True,0,0.6457736888656729,0.6666058165362829,0.7824668632665659,False,4,0.0
sampled_npg_logbarrier_fixed,uniform,128,91028,True,0,0.6119135100585891,0.6271092494189633,0.7529035914838043,False,4,0.0
sampled_npg_logbarrier_fixed,uniform,128,91029,True,0,0.6258880766867465,0.6416010276627937,0.7655755375975417,False,4,0.0
sampled_npg_logbarrier_fixed,uniform,128,91030,True,0,0.6273126838111436,0.6320063874393743,0.7711439484095357,False,4,0.0
sampled_npg_logbarrier_fixed,uniform,128,91031,True,0,0.6266074161082775,0.6353995245212334,0.7781261360497467,False,4,0.0
sampled_npg_logbarrier_fixed,uniform,128,91032,True,0,0.6408577348048689,0.6652513682199114,0.7742160770553198,False,4,0.0
sampled_npg_logbarrier_fixed,uniform,128,91033,True,0,0.6321479166585422,0.6224832473927732,0.7806552530074027,False,4,0.0
sampled_npg_logbarrier_fixed,uniform,128,91034,True,0,0.6214541699723707,0.6479896350878178,0.7569186835193965,False,4,0.0
sampled_npg_logbarrier_fixed,uniform,128,91035,True,0,0.6022813315690427,0.6095023929719477,0.7471176929405895,False,4,0.0
sampled_npg_logbarrier_fixed,uniform,128,91036,True,0,0.6157947413984272,0.6104254329538996,0.7740752602233777,False,4,0.0
sampled_npg_logbarrier_fixed,uniform,128,91037,True,0,0.6434254718532357,0.638329901424202,0.7952256038140616,False,4,0.0
sampled_npg_logbarrier_fixed,uniform,128,91038,True,0,0.6363172897050965,0.6242273333289748,0.7962593014328337,False,4,0.0
sampled_npg_logbarrier_fixed,uniform,128,91039,True,0,0.6481611641771395,0.6593531098236302,0.7898819559084729,False,4,0.0
sampled_npg_logbarrier_fixed,uniform,128,91040,True,0,0.626354819514811,0.6347837025029266,0.7707513514229481,False,4,0.0
sampled_npg_logbarrier_fixed,uniform,128,91041,True,0,0.6135964136883673,0.6248547262988933,0.7586586134311765,False,4,0.0
sampled_npg_logbarrier_fixed,uniform,128,91042,True,0,0.6087677333905697,0.5988026759920013,0.7633982581807293,False,4,0.0
sampled_npg_logbarrier_fixed,uniform,128,91043,True,0,0.6016743479260636,0.5983088411625178,0.7530299050698194,False,4,0.0
sampled_npg_logbarrier_fixed,uniform,128,91044,True,0,0.6225008524748419,0.61692848386726,0.7709050523276149,False,4,0.0
sampled_npg_logbarrier_fixed,uniform,128,91045,True,0,0.5985873263729728,0.5731877791536027,0.7618750151138809,False,4,0.0
sampled_npg_logbarrier_fixed,uniform,128,91046,True,0,0.6413575597437547,0.6460741509021091,0.7890305701123014,False,4,0.0
sampled_npg_logbarrier_fixed,uniform,128,91047,True,0,0.6479374444052703,0.6898963596915817,0.7782755229465603,False,4,0.0
sampled_npg_logbarrier_fixed,uniform,128,91048,True,0,0.6516836282028196,0.6727895094158204,0.7916608055852761,False,4,0.0
sampled_npg_logbarrier_fixed,uniform,128,91049,True,0,0.6284801334760318,0.6312240639787648,0.7775246717858922,False,4,0.0
sampled_npg_logbarrier_fixed,uniform,128,91050,True,0,0.5957603383807989,0.5783741486879148,0.7550091625726194,False,4,0.0
sampled_npg_logbarrier_fixed,uniform,128,91051,True,0,0.6467562532869848,0.6796978474831544,0.7756471485459246,False,4,0.0
sampled_npg_logbarrier_fixed,uniform,128,91052,True,0,0.6203824988077764,0.6336172814240703,0.7650423844433731,False,4,0.0
sampled_npg_logbarrier_fixed,uniform,128,91053,True,0,0.6197084626615443,0.6251715873775098,0.7661580120374593,False,4,0.0
sampled_npg_logbarrier_fixed,uniform,128,91054,True,0,0.6192876578555223,0.6169842353800654,0.7702741021955685,False,4,0.0
sampled_npg_logbarrier_fixed,uniform,128,91055,True,0,0.6653055864414612,0.6745689141849713,0.8090742896849394,False,4,0.0
sampled_npg_logbarrier_fixed,uniform,128,91056,True,0,0.6440364351010087,0.6658611691782443,0.7735891434478557,False,4,0.0
sampled_npg_logbarrier_fixed,uniform,128,91057,True,0,0.6199367940058808,0.6048018525816735,0.7820721441256482,False,4,0.0
sampled_npg_logbarrier_fixed,uniform,128,91058,True,0,0.6033789542873642,0.6031050900053233,0.7522453067004086,False,4,0.0
sampled_npg_logbarrier_fixed,uniform,128,91059,True,0,0.6461599116280954,0.6639058055878525,0.7866574180893099,False,4,0.0
sampled_npg_logbarrier_fixed,uniform,128,91060,True,0,0.6629703605752871,0.6944373210844857,0.7914422421527342,False,4,0.0
sampled_npg_logbarrier_fixed,uniform,128,91061,True,0,0.6017227012720019,0.6117590639572069,0.7439400815052492,False,4,0.0
sampled_npg_logbarrier_fixed,uniform,128,91062,True,0,0.6540586597035318,0.6694206050374606,0.7998552901711531,False,4,0.0
sampled_npg_logbarrier_fixed,uniform,128,91063,True,0,0.596885905114551,0.5730272515170256,0.7650781202660758,False,4,0.0
sampled_npg_logbarrier_fixed,uniform,128,91064,True,0,0.6293121291685805,0.6196881760963331,0.7848566280435193,False,4,0.0
sampled_npg_logbarrier_fixed,uniform,128,91065,True,0,0.597489663201234,0.6019229397186935,0.7492842246397657,False,4,0.0
sampled_npg_logbarrier_fixed,uniform,128,91066,True,0,0.6352460048592956,0.6587114519505067,0.772625065232912,False,4,0.0
sampled_npg_logbarrier_fixed,uniform,128,91067,True,0,0.6341026244154908,0.6432520242518834,0.7777205591338887,False,4,0.0
sampled_npg_logbarrier_fixed,uniform,128,91068,True,0,0.6214240641017414,0.638484218276703,0.7610813056869865,False,4,0.0
sampled_npg_logbarrier_fixed,uniform,128,91069,True,0,0.601774108725157,0.6045047804377008,0.7498012222445728,False,4,0.0
sampled_npg_logbarrier_fixed,uniform,128,91070,True,0,0.6233542391341736,0.6255964919233862,0.7695028428815931,False,4,0.0
sampled_npg_logbarrier_fixed,uniform,128,91071,True,0,0.6093635933998929,0.6116233556117533,0.7531371383214306,False,4,0.0
sampled_npg_logbarrier_fixed,uniform,128,91072,True,0,0.6630209456302643,0.7207746697737225,0.7823052185400855,False,4,0.0
sampled_npg_logbarrier_fixed,uniform,128,91073,True,0,0.6274597955660515,0.6406349156071136,0.7714317690389435,False,4,0.0
sampled_npg_logbarrier_fixed,uniform,128,91074,True,0,0.6063723296140833,0.6020591951665802,0.753080356217678,False,4,0.0
sampled_npg_logbarrier_fixed,uniform,128,91075,True,0,0.6116864719721395,0.63509346029422,0.7468189797712957,False,4,0.0
sampled_npg_logbarrier_fixed,uniform,128,91076,True,0,0.5897057069398359,0.5887879866784341,0.7364807232686963,False,4,0.0
sampled_npg_logbarrier_fixed,uniform,128,91077,True,0,0.6197796779216513,0.632033799413583,0.762308240241687,False,5,0.0
sampled_npg_logbarrier_fixed,uniform,128,91078,True,0,0.5976884821576296,0.6051317744425807,0.7406303148665339,False,4,0.0
sampled_npg_logbarrier_fixed,uniform,128,91079,True,0,0.6368966554363167,0.639551204198613,0.7838434517312327,False,4,0.0
sampled_npg_logbarrier_fixed,uniform,128,91080,True,0,0.5938613404158535,0.6055231852779928,0.7372897176051528,False,4,0.0
sampled_npg_logbarrier_fixed,uniform,128,91081,True,0,0.5989311998966613,0.6041736482567556,0.7436145536430933,False,4,0.0
sampled_npg_logbarrier_fixed,uniform,128,91082,True,0,0.6429724042221092,0.6512234608923548,0.7853487762249671,False,4,0.0
sampled_npg_logbarrier_fixed,uniform,128,91083,True,0,0.6201880545327207,0.6277602596108868,0.7682461597251651,False,4,0.0
sampled_npg_logbarrier_fixed,uniform,128,91084,True,0,0.6014011907629053,0.6018366945651972,0.7406637321861838,False,4,0.0
sampled_npg_logbarrier_fixed,uniform,128,91085,True,0,0.6226388232334467,0.6155567370263674,0.7775139762492538,False,4,0.0
sampled_npg_logbarrier_fixed,uniform,128,91086,True,0,0.6265008160444137,0.6330932164187075,0.7760334012051638,False,4,0.0
sampled_npg_logbarrier_fixed,uniform,128,91087,True,0,0.6257016210020585,0.6414121346935061,0.7666261836404326,False,4,0.0
sampled_npg_logbarrier_fixed,uniform,128,91088,True,0,0.6213103139318518,0.6200837682277702,0.7737109525403295,False,4,0.0
sampled_npg_logbarrier_fixed,uniform,128,91089,True,0,0.6319487065876859,0.6379541008407746,0.7700530070084604,False,4,0.0
sampled_npg_logbarrier_fixed,uniform,128,91090,True,0,0.6522316264576429,0.6745635007293053,0.786951368294657,False,4,0.0
sampled_npg_logbarrier_fixed,uniform,128,91091,True,0,0.6339290333880279,0.6379009528229695,0.7798981998335077,False,4,0.0
sampled_npg_logbarrier_fixed,uniform,128,91092,True,0,0.6266837293904823,0.6247905486759838,0.7779061268548179,False,4,0.0
sampled_npg_logbarrier_fixed,uniform,128,91093,True,0,0.6175574756382542,0.6219467195752013,0.7665242210285305,False,4,0.0
sampled_npg_logbarrier_fixed,uniform,128,91094,True,0,0.587935900922016,0.5660343181516003,0.7436165011378566,False,4,0.0
sampled_npg_logbarrier_fixed,uniform,128,91095,True,0,0.6213159333248819,0.6538312545717776,0.7487038057482898,False,4,0.0
sampled_npg_logbarrier_fixed,uniform,128,91096,True,0,0.5890059272298984,0.5800656472963622,0.7461976050983271,False,4,0.0
sampled_npg_logbarrier_fixed,uniform,128,91097,True,0,0.6363120958234036,0.6678414098183195,0.7589861632949337,False,4,0.0
sampled_npg_logbarrier_fixed,uniform,128,91098,True,0,0.5943654123371445,0.5913028620424542,0.7439020200533488,False,4,0.0
sampled_npg_logbarrier_fixed,uniform,128,91099,True,0,0.6279123760020611,0.6463955656047208,0.7698217819110834,False,4,0.0
sampled_pg_reward_only,adverse,4,91000,True,0,0.4829787802960112,0.003913598853431877,0.01607345711186801,False,,0.965
sampled_pg_reward_only,adverse,4,91001,True,0,0.4831354331975363,0.0038903781943109843,0.016056134595899437,False,,0.964
sampled_pg_reward_only,adverse,4,91002,True,0,0.4831805359039076,0.003851258318477151,0.016453509210469713,False,,0.975
sampled_pg_reward_only,adverse,4,91003,True,0,0.48269274464099654,0.004133918146989018,0.016346451941457743,False,,0.954
sampled_pg_reward_only,adverse,4,91004,True,0,0.4831553844670733,0.003834172642370133,0.015731736062758656,False,,0.969
sampled_pg_reward_only,adverse,4,91005,True,0,0.48352024609088823,0.0036534811106486904,0.01579337784508004,False,,0.982
sampled_pg_reward_only,adverse,4,91006,True,0,0.48333104230866675,0.003737724978587047,0.015767641483037314,False,,0.976
sampled_pg_reward_only,adverse,4,91007,True,0,0.4831525556991633,0.0038252855117375125,0.015736856471845015,False,,0.969
sampled_pg_reward_only,adverse,4,91008,True,0,0.48331388992457275,0.0037641880526734293,0.015752235557927704,False,,0.976
sampled_pg_reward_only,adverse,4,91009,True,0,0.48352988382480677,0.0036532250883847426,0.01579337784508004,False,,0.983
sampled_pg_reward_only,adverse,4,91010,True,0,0.4835206299119843,0.0037227600743546846,0.016109324083889726,False,,0.976
sampled_pg_reward_only,adverse,4,91011,True,0,0.48340178294072,0.003732444455882769,0.015757367880954495,False,,0.975
sampled_pg_reward_only,adverse,4,91012,True,0,0.4835244830606652,0.0036893267657080995,0.015767641483037314,False,,0.975
sampled_pg_reward_only,adverse,4,91013,True,0,0.48322595790638917,0.003841121020996241,0.0157112841268029,False,,0.961
sampled_pg_reward_only,adverse,4,91014,True,0,0.4830996741950656,0.003904834916352744,0.016057685913016373,False,,0.965
sampled_pg_reward_only,adverse,4,91015,True,0,0.48319353857424246,0.003844186666562554,0.016083821569561195,False,,0.969
sampled_pg_reward_only,adverse,4,91016,True,0,0.4830687841517215,0.0038990406347158505,0.01644214248084327,False,,0.971
sampled_pg_reward_only,adverse,4,91017,True,0,0.4833397078018431,0.003785690708764984,0.015731736062758656,False,,0.972
sampled_pg_reward_only,adverse,4,91018,True,0,0.48303320498726704,0.003924001598786375,0.016057474330591587,False,,0.966
sampled_pg_reward_only,adverse,4,91019,True,0,0.48350350548580034,0.003705667015677602,0.015757367880954495,False,,0.974
sampled_pg_reward_only,adverse,4,91020,True,0,0.4832967341242677,0.0037601439968353383,0.015757367880954495,False,,0.976
sampled_pg_reward_only,adverse,4,91021,True,0,0.4835507541192846,0.0036660145888995207,0.015777927042670288,False,,0.978
sampled_pg_reward_only,adverse,4,91022,True,0,0.4832387355616815,0.0038014506438813424,0.015736856471845015,False,,0.968
sampled_pg_reward_only,adverse,4,91023,True,0,0.48331790153338766,0.0037476574249503103,0.0157625031885161,False,,0.974
sampled_pg_reward_only,adverse,4,91024,True,0,0.483249167809933,0.0038198775754308607,0.015721504159519208,False,,0.969
sampled_pg_reward_only,adverse,4,91025,True,0,0.4833196365231721,0.0037954310316536295,0.015726617112419777,False,,0.969
sampled_pg_reward_only,adverse,4,91026,True,0,0.48325726728224955,0.003792795562032117,0.015741979855791597,False,,0.972
sampled_pg_reward_only,adverse,4,91027,True,0,0.4832930236438777,0.0037952330942797406,0.016099424490852766,False,,0.972
sampled_pg_reward_only,adverse,4,91028,True,0,0.4833011007276558,0.003767905856528672,0.016120794820793243,False,,0.976
sampled_pg_reward_only,adverse,4,91029,True,0,0.4828248107741593,0.0040133837090904805,0.016030710124137527,False,,0.96
sampled_pg_reward_only,adverse,4,91030,True,0,0.4834831469241904,0.0036857310837565913,0.015777927042670288,False,,0.98
sampled_pg_reward_only,adverse,4,91031,True,0,0.4833243109064946,0.003760930684741541,0.015752235557927704,False,,0.974
sampled_pg_reward_only,adverse,4,91032,True,0,0.4833392630614056,0.003753815739800544,0.01575223403907722,False,,0.974
sampled_pg_reward_only,adverse,4,91033,True,0,0.48316968356755063,0.003872067487722266,0.016068454337702633,False,,0.968
sampled_pg_reward_only,adverse,4,91034,True,0,0.4830368214101513,0.003913134052396396,0.015695976292902102,False,,0.964
sampled_pg_reward_only,adverse,4,91035,True,0,0.4832392183519973,0.0038377285036517335,0.015711282618012395,False,,0.964
sampled_pg_reward_only,adverse,4,91036,True,0,0.48332509855423506,0.003747119158448528,0.016130574157197465,False,,0.975
sampled_pg_reward_only,adverse,4,91037,True,0,0.483575997210618,0.003648766344021692,0.015788224579301586,False,,0.981
sampled_pg_reward_only,adverse,4,91038,True,0,0.4829227229431867,0.003994797337438641,0.016025310911775198,False,,0.957
sampled_pg_reward_only,adverse,4,91039,True,0,0.4832145849053014,0.003825481718305753,0.016094481182739664,False,,0.975
sampled_pg_reward_only,adverse,4,91040,True,0,0.4831084770787466,0.003916214287572809,0.01642123358184143,False,,0.966
sampled_pg_reward_only,adverse,4,91041,True,0,0.4834235464775167,0.0037407367639789484,0.01611427720875026,False,,0.976
sampled_pg_reward_only,adverse,4,91042,True,0,0.4831763665807028,0.003847559102384323,0.015716392660548518,False,,0.968
sampled_pg_reward_only,adverse,4,91043,True,0,0.4833445690334422,0.003775748653161749,0.015736856471845015,False,,0.972
sampled_pg_reward_only,adverse,4,91044,True,0,0.4834874504690922,0.003717411334751152,0.015752235557927704,False,,0.97
sampled_pg_reward_only,adverse,4,91045,True,0,0.48321275406147773,0.0038453107529965646,0.016079025099994166,False,,0.969
sampled_pg_reward_only,adverse,4,91046,True,0,0.4833511377774886,0.0037611197288971608,0.01574710469980861,False,,0.973
sampled_pg_reward_only,adverse,4,91047,True,0,0.48342199513582806,0.003706905582566547,0.015772782766945454,False,,0.975
sampled_pg_reward_only,adverse,4,91048,True,0,0.48325941263099,0.00380359824718988,0.015731736062758656,False,,0.969
sampled_pg_reward_only,adverse,4,91049,True,0,0.48307236546409077,0.0038680279102953634,0.016088760615349012,False,,0.968
sampled_pg_reward_only,adverse,4,91050,True,0,0.4832487120154858,0.0038017166832648515,0.016103948494703826,False,,0.976
sampled_pg_reward_only,adverse,4,91051,True,0,0.4833600315244889,0.003759413819559078,0.015747104696734803,False,,0.972
sampled_pg_reward_only,adverse,4,91052,True,0,0.48321900867995954,0.0038097513549135912,0.015736856471845015,False,,0.968
sampled_pg_reward_only,adverse,4,91053,True,0,0.4834969375078451,0.00370475216261037,0.016124972860107636,False,,0.98
sampled_pg_reward_only,adverse,4,91054,True,0,0.48349357485269684,0.0036959733168087632,0.015767641483037314,False,,0.975
sampled_pg_reward_only,adverse,4,91055,True,0,0.4832923031692546,0.003795451105676833,0.016099071893347208,False,,0.974
sampled_pg_reward_only,adverse,4,91056,True,0,0.48322124064772265,0.00385347837260009,0.01570107594537867,False,,0.966
sampled_pg_reward_only,adverse,4,91057,True,0,0.4832426820789157,0.0038154092000287883,0.01572661862612006,False,,0.96
sampled_pg_reward_only,adverse,4,91058,True,0,0.48294154906933306,0.0039270355537243656,0.016073174529794253,False,,0.971
sampled_pg_reward_only,adverse,4,91059,True,0,0.48321035006383206,0.003815571503172469,0.015731736062758656,False,,0.968
sampled_pg_reward_only,adverse,4,91060,True,0,0.48343536089368655,0.0037342505828862568,0.016114702870184856,False,,0.976
sampled_pg_reward_only,adverse,4,91061,True,0,0.4831552234948536,0.0038916630319772412,0.01605163617891005,False,,0.964
sampled_pg_reward_only,adverse,4,91062,True,0,0.48334309502703354,0.003774930790865722,0.016104798967466197,False,,0.972
sampled_pg_reward_only,adverse,4,91063,True,0,0.4832693155234547,0.0038072546430654008,0.01572661862612006,False,,0.968
sampled_pg_reward_only,adverse,4,91064,True,0,0.4833997494385747,0.0037145305161526963,0.016141360235382995,False,,0.98
sampled_pg_reward_only,adverse,4,91065,True,0,0.4834645701657059,0.0036888582169012207,0.016146686900160776,False,,0.978
sampled_pg_reward_only,adverse,4,91066,True,0,0.4834186471015834,0.003777532987700545,0.015721504159519208,False,,0.969
sampled_pg_reward_only,adverse,4,91067,True,0,0.48333555305143344,0.0037769625626632216,0.015736854951013672,False,,0.97
sampled_pg_reward_only,adverse,4,91068,True,0,0.48328277448926443,0.0038193471221663307,0.016082548754820156,False,,0.968
sampled_pg_reward_only,adverse,4,91069,True,0,0.48337924033763957,0.0037202557021454186,0.015772782766945454,False,,0.976
sampled_pg_reward_only,adverse,4,91070,True,0,0.48338796408519497,0.003733982811745854,0.015757367880954495,False,,0.972
sampled_pg_reward_only,adverse,4,91071,True,0,0.4833328778357157,0.0037504128134138357,0.015757367880954495,False,,0.972
sampled_pg_reward_only,adverse,4,91072,True,0,0.48341495482990693,0.003723176304063812,0.0157625031885161,False,,0.972
sampled_pg_reward_only,adverse,4,91073,True,0,0.48331630949596127,0.003809812033280785,0.016083324982301608,False,,0.971
sampled_pg_reward_only,adverse,4,91074,True,0,0.48347047840385465,0.0036874447172231084,0.01577792551671676,False,,0.981
sampled_pg_reward_only,adverse,4,91075,True,0,0.48331058000101884,0.00377196696307917,0.01574710621701336,False,,0.973
sampled_pg_reward_only,adverse,4,91076,True,0,0.4829038237505956,0.004024484797372002,0.0163763860321732,False,,0.96
sampled_pg_reward_only,adverse,4,91077,True,0,0.48328505558163903,0.00378508371335012,0.015741979855791597,False,,0.968
sampled_pg_reward_only,adverse,4,91078,True,0,0.48323547817484747,0.0038315361258262053,0.016083255818779826,False,,0.972
sampled_pg_reward_only,adverse,4,91079,True,0,0.48322309417971054,0.0038394195592311624,0.0157112841268029,False,,0.963
sampled_pg_reward_only,adverse,4,91080,True,0,0.4832691880098768,0.0038094905310841537,0.016093914778121624,False,,0.969
sampled_pg_reward_only,adverse,4,91081,True,0,0.4833882409490815,0.0037362212092859554,0.015757366356986963,False,,0.975
sampled_pg_reward_only,adverse,4,91082,True,0,0.483494030475974,0.0036771172371427648,0.015783074312644092,False,,0.978
sampled_pg_reward_only,adverse,4,91083,True,0,0.48304458465108474,0.0038957977357239257,0.0157061770426128,False,,0.962
sampled_pg_reward_only,adverse,4,91084,True,0,0.48342606900028473,0.003739016981525577,0.01611541086372556,False,,0.975
sampled_pg_reward_only,adverse,4,91085,True,0,0.48346567403190194,0.003718688189254465,0.015757367880954495,False,,0.974
sampled_pg_reward_only,adverse,4,91086,True,0,0.4829617199388188,0.003905651552417202,0.015716392660548518,False,,0.963
sampled_pg_reward_only,adverse,4,91087,True,0,0.4832944975350704,0.0037895155735660855,0.015736856471845015,False,,0.973
sampled_pg_reward_only,adverse,4,91088,True,0,0.48340278218588556,0.00372595455317653,0.01613071629494883,False,,0.979
sampled_pg_reward_only,adverse,4,91089,True,0,0.4830962984512758,0.0039050979844560104,0.01569087959605464,False,,0.959
sampled_pg_reward_only,adverse,4,91090,True,0,0.48329478075041016,0.003796550422879674,0.016468498269519294,False,,0.971
sampled_pg_reward_only,adverse,4,91091,True,0,0.4830256275361087,0.003912904613561676,0.016068032227806776,False,,0.97
sampled_pg_reward_only,adverse,4,91092,True,0,0.48333651070931105,0.003757210754382565,0.01575223403445555,False,,0.972
sampled_pg_reward_only,adverse,4,91093,True,0,0.4833210630519405,0.003774807614919278,0.015741979855791597,False,,0.971
sampled_pg_reward_only,adverse,4,91094,True,0,0.4834016893842723,0.0037265864510735765,0.0157625031885161,False,,0.973
sampled_pg_reward_only,adverse,4,91095,True,0,0.48341525998107976,0.003696335080093767,0.015783074312644092,False,,0.981
sampled_pg_reward_only,adverse,4,91096,True,0,0.48300566780596393,0.003944014381284935,0.016420803241685884,False,,0.969
sampled_pg_reward_only,adverse,4,91097,True,0,0.48358396270093784,0.003660797329683896,0.015777925514395087,False,,0.981
sampled_pg_reward_only,adverse,4,91098,True,0,0.4833470229357953,0.0037648528234646744,0.015741979855791597,False,,0.969
sampled_pg_reward_only,adverse,4,91099,True,0,0.4831470219951748,0.0038846673291220934,0.015695974782910533,False,,0.962
sampled_pg_logbarrier_handoff,adverse,4,91000,True,0,0.45353694743079104,0.040477422117640174,0.05466104012893001,False,,0.609
sampled_pg_logbarrier_handoff,adverse,4,91001,True,0,0.45199823216388835,0.04329556926604665,0.05717657727653622,False,,0.583
sampled_pg_logbarrier_handoff,adverse,4,91002,True,0,0.45298659609322667,0.041017545541057285,0.054622095127739446,False,,0.614
sampled_pg_logbarrier_handoff,adverse,4,91003,True,0,0.45311428449016616,0.04292404991651923,0.07090977025924597,False,,0.572
sampled_pg_logbarrier_handoff,adverse,4,91004,True,0,0.4506779213099433,0.046184389183741056,0.0628974665239059,False,,0.6
sampled_pg_logbarrier_handoff,adverse,4,91005,True,0,0.45410535959083753,0.03993886248251983,0.05485312508991673,False,,0.613
sampled_pg_logbarrier_handoff,adverse,4,91006,True,0,0.45301988601967913,0.042289972027393756,0.05871012791925272,False,,0.591
sampled_pg_logbarrier_handoff,adverse,4,91007,True,0,0.45286528080205823,0.041549474461549295,0.05484369158422742,False,,0.62
sampled_pg_logbarrier_handoff,adverse,4,91008,True,0,0.4531861157322976,0.041142223647477404,0.05020925623461982,False,,0.605
sampled_pg_logbarrier_handoff,adverse,4,91009,True,0,0.4529772929657191,0.04145962497929372,0.05540456602216679,False,,0.6
sampled_pg_logbarrier_handoff,adverse,4,91010,True,0,0.449284946134609,0.04977096163242018,0.07539168854226615,False,,0.565
sampled_pg_logbarrier_handoff,adverse,4,91011,True,0,0.45484697995688383,0.03935442421944007,0.06359684149951778,False,,0.597
sampled_pg_logbarrier_handoff,adverse,4,91012,True,0,0.45417069123961334,0.040306778386934576,0.05624138958158141,False,,0.598
sampled_pg_logbarrier_handoff,adverse,4,91013,True,0,0.4485382850307868,0.05072663478045467,0.07596765268274411,False,,0.579
sampled_pg_logbarrier_handoff,adverse,4,91014,True,0,0.45337048214222686,0.04177757417168656,0.056728156910402505,False,,0.6
sampled_pg_logbarrier_handoff,adverse,4,91015,True,0,0.45424882890505175,0.0400339152006502,0.057947532586751935,False,,0.604
sampled_pg_logbarrier_handoff,adverse,4,91016,True,0,0.4490267327999414,0.04866253190202373,0.07011693018579855,False,,0.58
sampled_pg_logbarrier_handoff,adverse,4,91017,True,0,0.4525367719684959,0.044722978572247725,0.07430607451239467,False,,0.55
sampled_pg_logbarrier_handoff,adverse,4,91018,True,0,0.45300928195577495,0.04167759702368883,0.0477891354702218,False,,0.61
sampled_pg_logbarrier_handoff,adverse,4,91019,True,0,0.45269033835603795,0.042978414666802266,0.059433752318397925,False,,0.602
sampled_pg_logbarrier_handoff,adverse,4,91020,True,0,0.4524844031054789,0.04298315364654466,0.05795922390997867,False,,0.605
sampled_pg_logbarrier_handoff,adverse,4,91021,True,0,0.45382306422792773,0.04112087635516056,0.0581412789368118,False,,0.605
sampled_pg_logbarrier_handoff,adverse,4,91022,True,0,0.45119124548088835,0.045500676107032095,0.0730211151453075,False,,0.595
sampled_pg_logbarrier_handoff,adverse,4,91023,True,0,0.45419229119922294,0.04045559185487817,0.06330627751004422,False,,0.608
sampled_pg_logbarrier_handoff,adverse,4,91024,True,0,0.4522103484632287,0.0432702362415497,0.06444535536626363,False,,0.565
sampled_pg_logbarrier_handoff,adverse,4,91025,True,0,0.4522918726495466,0.044207936643692686,0.06548651615616209,False,,0.586
sampled_pg_logbarrier_handoff,adverse,4,91026,True,0,0.45132972841090513,0.04452815214913344,0.058460557322376226,False,,0.599
sampled_pg_logbarrier_handoff,adverse,4,91027,True,0,0.4495052111322528,0.04877512926056855,0.0661045631850693,False,,0.582
sampled_pg_logbarrier_handoff,adverse,4,91028,True,0,0.4551471368289716,0.037902598878114764,0.05159039754034655,False,,0.634
sampled_pg_logbarrier_handoff,adverse,4,91029,True,0,0.4522469256250804,0.04390554355861045,0.06871040356779254,False,,0.603
sampled_pg_logbarrier_handoff,adverse,4,91030,True,0,0.45082286407694455,0.04633804585978148,0.07214107161362344,False,,0.574
sampled_pg_logbarrier_handoff,adverse,4,91031,True,0,0.4505315456546225,0.0467894673487986,0.07149266740466373,False,,0.575
sampled_pg_logbarrier_handoff,adverse,4,91032,True,0,0.452099285500898,0.044966634225178624,0.07196739361972376,False,,0.588
sampled_pg_logbarrier_handoff,adverse,4,91033,True,0,0.45159964496368143,0.04409319991278953,0.06432116810487616,False,,0.589
sampled_pg_logbarrier_handoff,adverse,4,91034,True,0,0.454055247956695,0.03970740776259671,0.046070603382658996,False,,0.644
sampled_pg_logbarrier_handoff,adverse,4,91035,True,0,0.45197889478633035,0.04326998453906408,0.053728920307255165,False,,0.577
sampled_pg_logbarrier_handoff,adverse,4,91036,True,0,0.45344890890607803,0.040900813870387194,0.05676336398129979,False,,0.602
sampled_pg_logbarrier_handoff,adverse,4,91037,True,0,0.4510954149610993,0.04478576749023919,0.05502736551032251,False,,0.588
sampled_pg_logbarrier_handoff,adverse,4,91038,True,0,0.4513885867354643,0.04487610674312289,0.06591954626776789,False,,0.603
sampled_pg_logbarrier_handoff,adverse,4,91039,True,0,0.45449519068503424,0.039724476677190354,0.05898603297440086,False,,0.612
sampled_pg_logbarrier_handoff,adverse,4,91040,True,0,0.45302778557107504,0.042778844855877275,0.06075096330156025,False,,0.607
sampled_pg_logbarrier_handoff,adverse,4,91041,True,0,0.45083663871161095,0.0447952844608397,0.05596752065496153,False,,0.578
sampled_pg_logbarrier_handoff,adverse,4,91042,True,0,0.45240981643226463,0.04231890341792793,0.05236321920633959,False,,0.596
sampled_pg_logbarrier_handoff,adverse,4,91043,True,0,0.4516337820560726,0.04493526128272795,0.07347344500728759,False,,0.559
sampled_pg_logbarrier_handoff,adverse,4,91044,True,0,0.4522365987909469,0.043561395713211576,0.06300672873559685,False,,0.599
sampled_pg_logbarrier_handoff,adverse,4,91045,True,0,0.4506078788393969,0.046138892179001745,0.06150150430107746,False,,0.572
sampled_pg_logbarrier_handoff,adverse,4,91046,True,0,0.45346655632495686,0.041086958793615326,0.05418605383320701,False,,0.626
sampled_pg_logbarrier_handoff,adverse,4,91047,True,0,0.45339936595027086,0.041282372934243444,0.05531096641298103,False,,0.614
sampled_pg_logbarrier_handoff,adverse,4,91048,True,0,0.45196220696801753,0.044636318746845184,0.07109353730342942,False,,0.586
sampled_pg_logbarrier_handoff,adverse,4,91049,True,0,0.4536392698601133,0.04044716605076788,0.05248574737507198,False,,0.619
sampled_pg_logbarrier_handoff,adverse,4,91050,True,0,0.450871028303527,0.04508952625442986,0.05880524580735954,False,,0.557
sampled_pg_logbarrier_handoff,adverse,4,91051,True,0,0.45339644080393493,0.04136160590978668,0.054479645911112595,False,,0.605
sampled_pg_logbarrier_handoff,adverse,4,91052,True,0,0.4504913883465544,0.04623764352659195,0.06293188895112806,False,,0.568
sampled_pg_logbarrier_handoff,adverse,4,91053,True,0,0.4497979756997552,0.04766647766053907,0.06506736235878412,False,,0.573
sampled_pg_logbarrier_handoff,adverse,4,91054,True,0,0.4531996487776107,0.04210885533165667,0.06149394551233881,False,,0.6
sampled_pg_logbarrier_handoff,adverse,4,91055,True,0,0.4524649144931732,0.042845749027766236,0.06676229034932676,False,,0.578
sampled_pg_logbarrier_handoff,adverse,4,91056,True,0,0.4533295931680609,0.04140566333488536,0.06085385101437644,False,,0.593
sampled_pg_logbarrier_handoff,adverse,4,91057,True,0,0.45076923664175883,0.0444370792108765,0.0551528491572881,False,,0.599
sampled_pg_logbarrier_handoff,adverse,4,91058,True,0,0.4493702230293994,0.04770692693994359,0.060449963384278334,False,,0.587
sampled_pg_logbarrier_handoff,adverse,4,91059,True,0,0.4543489278247121,0.040316911881780805,0.060627738327856985,False,,0.6
sampled_pg_logbarrier_handoff,adverse,4,91060,True,0,0.4518334515113528,0.043890754285098865,0.06302375520578274,False,,0.583
sampled_pg_logbarrier_handoff,adverse,4,91061,True,0,0.45502921114575673,0.03980349206784939,0.06916207549278802,False,,0.608
sampled_pg_logbarrier_handoff,adverse,4,91062,True,0,0.4536960554718703,0.04102919142307762,0.05765131830462698,False,,0.611
sampled_pg_logbarrier_handoff,adverse,4,91063,True,0,0.4499000680709918,0.046768804457778625,0.05869168095239264,False,,0.576
sampled_pg_logbarrier_handoff,adverse,4,91064,True,0,0.4525690646592197,0.0434025643868778,0.06172816026384586,False,,0.606
sampled_pg_logbarrier_handoff,adverse,4,91065,True,0,0.45166541347501216,0.0430883005504847,0.04727812849347178,False,,0.618
sampled_pg_logbarrier_handoff,adverse,4,91066,True,0,0.45449570874992956,0.039168760720915574,0.04834394732732457,False,,0.628
sampled_pg_logbarrier_handoff,adverse,4,91067,True,0,0.4498258461896168,0.046855094040437785,0.05873566963670847,False,,0.58
sampled_pg_logbarrier_handoff,adverse,4,91068,True,0,0.448341775340122,0.04991789768494466,0.06243925506510846,False,,0.553
sampled_pg_logbarrier_handoff,adverse,4,91069,True,0,0.4501662210216545,0.04720982733875114,0.05926632780587481,False,,0.546
sampled_pg_logbarrier_handoff,adverse,4,91070,True,0,0.45225156778419306,0.04272962603362076,0.057556873638168325,False,,0.6
sampled_pg_logbarrier_handoff,adverse,4,91071,True,0,0.45190264580016987,0.044227035371865,0.060051242462155575,False,,0.605
sampled_pg_logbarrier_handoff,adverse,4,91072,True,0,0.45419022247465235,0.04053607580517652,0.05570969415367606,False,,0.636
sampled_pg_logbarrier_handoff,adverse,4,91073,True,0,0.4518602815068649,0.043708381413713845,0.06360212894112133,False,,0.593
sampled_pg_logbarrier_handoff,adverse,4,91074,True,0,0.4519304235179251,0.04329831611374889,0.04852237235669935,False,,0.596
sampled_pg_logbarrier_handoff,adverse,4,91075,True,0,0.45350725716044926,0.0422756940090619,0.07160342265636495,False,,0.58
sampled_pg_logbarrier_handoff,adverse,4,91076,True,0,0.4520390047469706,0.04275415643975769,0.053282874303647816,False,,0.601
sampled_pg_logbarrier_handoff,adverse,4,91077,True,0,0.4525348066778059,0.04184848927328261,0.056291299865750065,False,,0.595
sampled_pg_logbarrier_handoff,adverse,4,91078,True,0,0.4461380536690418,0.05405751324543396,0.07308614709531092,False,,0.571
sampled_pg_logbarrier_handoff,adverse,4,91079,True,0,0.453026622674342,0.04193484142053675,0.056350816622957725,False,,0.585
sampled_pg_logbarrier_handoff,adverse,4,91080,True,0,0.45571542528622583,0.037512967713635555,0.05319223514312633,False,,0.621
sampled_pg_logbarrier_handoff,adverse,4,91081,True,0,0.4549454684184799,0.038750370239815514,0.050136117272881066,False,,0.626
sampled_pg_logbarrier_handoff,adverse,4,91082,True,0,0.45238035829289364,0.04413444992723171,0.06903187815879247,False,,0.593
sampled_pg_logbarrier_handoff,adverse,4,91083,True,0,0.4529514686929714,0.041019998497395786,0.04981985380076645,False,,0.592
sampled_pg_logbarrier_handoff,adverse,4,91084,True,0,0.452038985577942,0.04461475612516779,0.07276432346175349,False,,0.572
sampled_pg_logbarrier_handoff,adverse,4,91085,True,0,0.45233823129431594,0.04359772740367057,0.0638885421582518,False,,0.578
sampled_pg_logbarrier_handoff,adverse,4,91086,True,0,0.4516628037814806,0.04300892195981808,0.0521862765889429,False,,0.605
sampled_pg_logbarrier_handoff,adverse,4,91087,True,0,0.45290608721511205,0.04201904436903509,0.05869002224276575,False,,0.583
sampled_pg_logbarrier_handoff,adverse,4,91088,True,0,0.45233634033320186,0.04335992559681436,0.06007189155127126,False,,0.575
sampled_pg_logbarrier_handoff,adverse,4,91089,True,0,0.45053440097658104,0.046701003003289665,0.06610527872924217,False,,0.605
sampled_pg_logbarrier_handoff,adverse,4,91090,True,0,0.45188761115232867,0.04331804545105045,0.05444010030386439,False,,0.587
sampled_pg_logbarrier_handoff,adverse,4,91091,True,0,0.45426529140598104,0.03918409339665452,0.05013762208678393,False,,0.613
sampled_pg_logbarrier_handoff,adverse,4,91092,True,0,0.45078060191407654,0.04577142702351704,0.05988315085395183,False,,0.611
sampled_pg_logbarrier_handoff,adverse,4,91093,True,0,0.45370182421240673,0.04187934064034329,0.061987810543619355,False,,0.591
sampled_pg_logbarrier_handoff,adverse,4,91094,True,0,0.4518487451068051,0.04428938809416105,0.06168963165802331,False,,0.601
sampled_pg_logbarrier_handoff,adverse,4,91095,True,0,0.4518964090724885,0.04365526499953233,0.059538074073346416,False,,0.59
sampled_pg_logbarrier_handoff,adverse,4,91096,True,0,0.45036932778814465,0.04755362806624596,0.07484674792330244,False,,0.579
sampled_pg_logbarrier_handoff,adverse,4,91097,True,0,0.4550382120060797,0.03939043939300067,0.058220308716596135,False,,0.636
sampled_pg_logbarrier_handoff,adverse,4,91098,True,0,0.45246204621958697,0.044164065467097384,0.07184036297949428,False,,0.603
sampled_pg_logbarrier_handoff,adverse,4,91099,True,0,0.4499029183184096,0.049376400524090994,0.07774627914494217,False,,0.563
sampled_npg_reward_only,adverse,4,91000,False,1,0.5,8.565371220413625e-255,0.015876239976466765,False,,0.8571428571428571
sampled_npg_reward_only,adverse,4,91001,False,1,0.5,0.0,0.015876239976466765,False,,0.8888888888888888
sampled_npg_reward_only,adverse,4,91002,False,1,0.5,0.0,0.013271750481584254,False,,0.75
sampled_npg_reward_only,adverse,4,91003,False,1,0.5,8.565371220413625e-255,0.015876239976466765,False,,0.8571428571428571
sampled_npg_reward_only,adverse,4,91004,False,1,0.5,2.1209690210411853e-115,0.011269385730876881,False,,0.6666666666666666
sampled_npg_reward_only,adverse,4,91005,False,1,0.5,0.0,0.015876239976466765,False,,0.8888888888888888
sampled_npg_reward_only,adverse,4,91006,False,1,0.5,0.0,0.015876239976466765,False,,0.875
sampled_npg_reward_only,adverse,4,91007,False,1,0.5,0.0,0.015876239976466765,False,,0.875
sampled_npg_reward_only,adverse,4,91008,False,1,0.5,0.0,0.012651513349668278,False,,0.7777777777777778
sampled_npg_reward_only,adverse,4,91009,False,1,0.5,0.0,0.015876239976466765,False,,0.875
sampled_npg_reward_only,adverse,4,91010,False,1,0.5,0.0,0.015876239976466765,False,,0.875
sampled_npg_reward_only,adverse,4,91011,False,1,0.5,8.565371220413625e-255,0.015876239976466765,False,,0.8571428571428571
sampled_npg_reward_only,adverse,4,91012,False,1,0.5,0.0,0.015876239976466765,False,,0.875
sampled_npg_reward_only,adverse,4,91013,False,1,0.5,8.565371220413625e-255,0.015876239976466765,False,,0.8571428571428571
sampled_npg_reward_only,adverse,4,91014,False,1,0.5,0.0,0.015876239976466765,False,,0.8888888888888888
sampled_npg_reward_only,adverse,4,91015,False,1,0.5,0.0,0.015876239976466765,False,,0.8888888888888888
sampled_npg_reward_only,adverse,4,91016,False,1,0.5,0.0,0.013107777675096249,False,,0.75
sampled_npg_reward_only,adverse,4,91017,False,1,0.5,0.0,0.015876239976466765,False,,0.875
sampled_npg_reward_only,adverse,4,91018,False,1,0.5,8.565371220413625e-255,0.015876239976466765,False,,0.8571428571428571
sampled_npg_reward_only,adverse,4,91019,False,1,0.5,0.0,0.015876239976466765,False,,0.8888888888888888
sampled_npg_reward_only,adverse,4,91020,False,1,0.5,0.0,0.015876239976466765,False,,0.875
sampled_npg_reward_only,adverse,4,91021,False,1,0.5,0.0,0.015876239976466765,False,,0.9
sampled_npg_reward_only,adverse,4,91022,False,1,0.5,8.565371220413625e-255,0.015876239976466765,False,,0.8571428571428571
sampled_npg_reward_only,adverse,4,91023,False,1,0.5,8.565371220413625e-255,0.015876239976466765,False,,0.8571428571428571
sampled_npg_reward_only,adverse,4,91024,False,1,0.5,0.0,0.015876239976466765,False,,0.8888888888888888
sampled_npg_reward_only,adverse,4,91025,False,1,0.5,0.0,0.015876239976466765,False,,0.875
sampled_npg_reward_only,adverse,4,91026,False,1,0.5,0.0,0.015876239976466765,False,,0.875
sampled_npg_reward_only,adverse,4,91027,False,1,0.5,0.0,0.015876239976466765,False,,0.8888888888888888
sampled_npg_reward_only,adverse,4,91028,False,1,0.5,0.0,0.015876239976466765,False,,0.8888888888888888
sampled_npg_reward_only,adverse,4,91029,False,1,0.5,8.565371220413625e-255,0.015876239976466765,False,,0.8571428571428571
sampled_npg_reward_only,adverse,4,91030,False,1,0.5,0.0,0.015876239976466765,False,,0.875
sampled_npg_reward_only,adverse,4,91031,False,1,0.5,0.0,0.015876239976466765,False,,0.8888888888888888
sampled_npg_reward_only,adverse,4,91032,False,1,0.5,0.0,0.015876239976466765,False,,0.9
sampled_npg_reward_only,adverse,4,91033,False,1,0.5,0.0,0.015876239976466765,False,,0.8888888888888888
sampled_npg_reward_only,adverse,4,91034,False,1,0.5,8.565371220413625e-255,0.015876239976466765,False,,0.8571428571428571
sampled_npg_reward_only,adverse,4,91035,False,1,0.5,8.565371220413625e-255,0.015876239976466765,False,,0.8571428571428571
sampled_npg_reward_only,adverse,4,91036,False,1,0.5,0.0,0.015876239976466765,False,,0.7142857142857143
sampled_npg_reward_only,adverse,4,91037,False,1,0.5,0.0,0.015876239976466765,False,,0.9
sampled_npg_reward_only,adverse,4,91038,False,1,0.5,0.0,0.01394602988648035,False,,0.75
sampled_npg_reward_only,adverse,4,91039,False,1,0.5,8.565371220413625e-255,0.015876239976466765,False,,0.8571428571428571
sampled_npg_reward_only,adverse,4,91040,False,1,0.5,8.565371220413625e-255,0.015876239976466765,False,,0.8571428571428571
sampled_npg_reward_only,adverse,4,91041,False,1,0.5,0.0,0.012671549052719479,False,,0.75
sampled_npg_reward_only,adverse,4,91042,False,1,0.5,0.0,0.015876239976466765,False,,0.875
sampled_npg_reward_only,adverse,4,91043,False,1,0.5,0.0,0.015876239976466765,False,,0.875
sampled_npg_reward_only,adverse,4,91044,False,1,0.5,0.0,0.015876239976466765,False,,0.8888888888888888
sampled_npg_reward_only,adverse,4,91045,False,1,0.5,8.565371220413625e-255,0.015876239976466765,False,,0.8571428571428571
sampled_npg_reward_only,adverse,4,91046,False,1,0.5,0.0,0.015876239976466765,False,,0.875
sampled_npg_reward_only,adverse,4,91047,False,1,0.5,0.0,0.01317741089137253,False,,0.8
sampled_npg_reward_only,adverse,4,91048,False,1,0.5,0.0,0.015876239976466765,False,,0.875
sampled_npg_reward_only,adverse,4,91049,False,1,0.5,0.0,0.015876239976466765,False,,0.8888888888888888
sampled_npg_reward_only,adverse,4,91050,False,1,0.5,0.0,0.013107777675096237,False,,0.75
sampled_npg_reward_only,adverse,4,91051,False,1,0.5,0.0,0.015876239976466765,False,,0.875
sampled_npg_reward_only,adverse,4,91052,False,1,0.5,8.565371220413625e-255,0.015876239976466765,False,,0.8571428571428571
sampled_npg_reward_only,adverse,4,91053,False,1,0.5,8.565371220413625e-255,0.015876239976466765,False,,0.8571428571428571
sampled_npg_reward_only,adverse,4,91054,False,1,0.5,8.565371220413625e-255,0.015876239976466765,False,,0.8571428571428571
sampled_npg_reward_only,adverse,4,91055,False,1,0.5,8.565371220413625e-255,0.015876239976466765,False,,0.8571428571428571
sampled_npg_reward_only,adverse,4,91056,False,1,0.5,0.0,0.01317741089137253,False,,0.75
sampled_npg_reward_only,adverse,4,91057,False,1,0.5,0.0,0.01265513716630998,False,,0.7777777777777778
sampled_npg_reward_only,adverse,4,91058,False,1,0.5,0.0,0.015876239976466765,False,,0.875
sampled_npg_reward_only,adverse,4,91059,False,1,0.5,8.565371220413625e-255,0.015876239976466765,False,,0.8571428571428571
sampled_npg_reward_only,adverse,4,91060,False,1,0.5,0.0,0.015876239976466765,False,,0.8888888888888888
sampled_npg_reward_only,adverse,4,91061,False,1,0.5,0.0,0.015876239976466765,False,,0.8888888888888888
sampled_npg_reward_only,adverse,4,91062,False,1,0.5,0.0,0.01394602988648035,False,,0.7142857142857143
sampled_npg_reward_only,adverse,4,91063,False,1,0.5,0.0,0.015876239976466765,False,,0.8888888888888888
sampled_npg_reward_only,adverse,4,91064,False,1,0.5,0.0,0.015876239976466765,False,,0.875
sampled_npg_reward_only,adverse,4,91065,False,1,0.5,0.0,0.015876239976466765,False,,0.875
sampled_npg_reward_only,adverse,4,91066,False,1,0.5,0.0,0.015876239976466765,False,,0.9
sampled_npg_reward_only,adverse,4,91067,False,1,0.5,0.0,0.015876239976466765,False,,0.875
sampled_npg_reward_only,adverse,4,91068,False,1,0.5,0.0,0.013271750481584244,False,,0.75
sampled_npg_reward_only,adverse,4,91069,False,1,0.5,0.0,0.015876239976466765,False,,0.875
sampled_npg_reward_only,adverse,4,91070,False,1,0.5,0.0,0.015876239976466765,False,,0.875
sampled_npg_reward_only,adverse,4,91071,False,1,0.5,0.0,0.015876239976466765,False,,0.875
sampled_npg_reward_only,adverse,4,91072,False,1,0.5,0.0,0.015876239976466765,False,,0.875
sampled_npg_reward_only,adverse,4,91073,False,1,0.5,8.565371220413625e-255,0.015876239976466765,False,,0.8571428571428571
sampled_npg_reward_only,adverse,4,91074,False,1,0.5,1.8168937575753382e-230,0.01376035750872136,False,,0.7777777777777778
sampled_npg_reward_only,adverse,4,91075,False,1,0.5,8.565371220413625e-255,0.015876239976466765,False,,0.8571428571428571
sampled_npg_reward_only,adverse,4,91076,False,1,0.5,8.565371220413625e-255,0.015876239976466765,False,,0.8571428571428571
sampled_npg_reward_only,adverse,4,91077,False,1,0.5,0.0,0.015876239976466765,False,,0.875
sampled_npg_reward_only,adverse,4,91078,False,1,0.5,0.0,0.015876239976466765,False,,0.8888888888888888
sampled_npg_reward_only,adverse,4,91079,False,1,0.5,8.565371220413625e-255,0.015876239976466765,False,,0.8571428571428571
sampled_npg_reward_only,adverse,4,91080,False,1,0.5,0.0,0.015876239976466765,False,,0.875
sampled_npg_reward_only,adverse,4,91081,False,1,0.5,0.0,0.015876239976466765,False,,0.8888888888888888
sampled_npg_reward_only,adverse,4,91082,False,1,0.5,0.0,0.015876239976466765,False,,0.875
sampled_npg_reward_only,adverse,4,91083,False,1,0.5,0.0,0.015876239976466765,False,,0.875
sampled_npg_reward_only,adverse,4,91084,False,1,0.5,0.0,0.015876239976466765,False,,0.8888888888888888
sampled_npg_reward_only,adverse,4,91085,False,1,0.5,0.0,0.015876239976466765,False,,0.875
sampled_npg_reward_only,adverse,4,91086,False,1,0.5,8.565371220413625e-255,0.015876239976466765,False,,0.8571428571428571
sampled_npg_reward_only,adverse,4,91087,False,1,0.5,8.565371220413625e-255,0.015876239976466765,False,,0.8571428571428571
sampled_npg_reward_only,adverse,4,91088,False,1,0.5,0.0,0.015876239976466765,False,,0.875
sampled_npg_reward_only,adverse,4,91089,False,1,0.5,0.0,0.01394602988648035,False,,0.75
sampled_npg_reward_only,adverse,4,91090,False,1,0.5,0.0,0.015876239976466765,False,,0.875
sampled_npg_reward_only,adverse,4,91091,False,1,0.5,0.0,0.015876239976466765,False,,0.875
sampled_npg_reward_only,adverse,4,91092,False,1,0.5,0.0,0.012671549052719479,False,,0.7777777777777778
sampled_npg_reward_only,adverse,4,91093,False,1,0.5,0.0,0.015876239976466765,False,,0.875
sampled_npg_reward_only,adverse,4,91094,False,1,0.5,0.0,0.015876239976466765,False,,0.7142857142857143
sampled_npg_reward_only,adverse,4,91095,False,1,0.5,8.565371220413625e-255,0.015876239976466765,False,,0.8571428571428571
sampled_npg_reward_only,adverse,4,91096,False,1,0.5,8.565371220413625e-255,0.015876239976466765,False,,0.8571428571428571
sampled_npg_reward_only,adverse,4,91097,False,1,0.5,0.0,0.015876239976466765,False,,0.875
sampled_npg_reward_only,adverse,4,91098,False,1,0.5,8.565371220413625e-255,0.015876239976466765,False,,0.8571428571428571
sampled_npg_reward_only,adverse,4,91099,False,1,0.5,3.9154612261448956e-172,0.013271750481584254,False,,0.7142857142857143
sampled_npg_logbarrier_handoff,adverse,4,91000,True,0,0.7498454208783691,0.5,0.9996810715290497,False,19,0.068
sampled_npg_logbarrier_handoff,adverse,4,91001,False,1,0.9758127050154888,0.9516308274131522,0.9999991156688068,True,14,0.05714285714285714
sampled_npg_logbarrier_handoff,adverse,4,91002,False,1,0.789416138967271,0.8680043772234289,0.868936151768259,False,15,0.10412573673870335
sampled_npg_logbarrier_handoff,adverse,4,91003,False,1,0.9798700046497698,0.9888090385997863,0.988744679244835,True,27,0.10526315789473684
sampled_npg_logbarrier_handoff,adverse,4,91004,False,1,0.7628394556902304,0.8165997537478475,0.8668372233308201,False,20,0.06470588235294118
sampled_npg_logbarrier_handoff,adverse,4,91005,False,1,0.7359011994520959,0.7903527455749985,0.850609792272289,False,51,0.049019607843137254
sampled_npg_logbarrier_handoff,adverse,4,91006,False,1,0.777058438784588,0.8521354985472798,0.8614077899851562,False,15,0.08644400785854617
sampled_npg_logbarrier_handoff,adverse,4,91007,False,1,0.9880382836274942,0.9878474308529706,0.993802662161513,True,14,0.06601941747572816
sampled_npg_logbarrier_handoff,adverse,4,91008,False,1,0.7715923885043529,0.8582632009104687,0.8497803918569139,False,24,0.2082514734774067
sampled_npg_logbarrier_handoff,adverse,4,91009,False,1,0.9999920347647465,0.9999934291043767,0.9999983832426531,True,12,0.19921875
sampled_npg_logbarrier_handoff,adverse,4,91010,False,1,0.9999985671587411,0.999998814304602,0.9999997252851116,True,16,0.056640625
sampled_npg_logbarrier_handoff,adverse,4,91011,False,1,0.7308971275191256,0.8146426967071608,0.8257309598294515,False,22,0.03725490196078431
sampled_npg_logbarrier_handoff,adverse,4,91012,False,1,0.9681771514015381,0.9783356805263766,0.9855807969245488,True,127,0.10505836575875487
sampled_npg_logbarrier_handoff,adverse,4,91013,False,1,1.0,1.0,1.0,True,42,0.0410958904109589
sampled_npg_logbarrier_handoff,adverse,4,91014,False,1,1.0,1.0,1.0,True,20,0.06457925636007827
sampled_npg_logbarrier_handoff,adverse,4,91015,False,1,0.9918778351595248,0.9926960077196134,0.99802975047875,True,11,0.16926070038910507
sampled_npg_logbarrier_handoff,adverse,4,91016,False,1,0.9849750657539021,0.9703588099120192,0.9998438540609189,True,19,0.09009009009009009
sampled_npg_logbarrier_handoff,adverse,4,91017,False,1,0.9919282767764778,0.992773944316812,0.9986234018525537,True,32,0.05058365758754864
sampled_npg_logbarrier_handoff,adverse,4,91018,False,1,1.0,1.0,1.0,True,20,0.30570902394106814
sampled_npg_logbarrier_handoff,adverse,4,91019,False,1,0.9251245146309834,0.862094194839587,0.9967623611337714,False,23,0.3030888030888031
sampled_npg_logbarrier_handoff,adverse,4,91020,False,1,0.9986115118549578,0.9987215131423312,0.999764072758549,True,29,0.03696498054474708
sampled_npg_logbarrier_handoff,adverse,4,91021,False,1,0.7394376179215828,0.7788282833344563,0.8505173282677858,False,17,0.1607843137254902
sampled_npg_logbarrier_handoff,adverse,4,91022,False,1,0.9600865139668743,0.9707612948113762,0.9817606963533121,True,56,0.18604651162790697
sampled_npg_logbarrier_handoff,adverse,4,91023,False,1,1.0,1.0,1.0,True,11,0.136986301369863
sampled_npg_logbarrier_handoff,adverse,4,91024,False,1,1.0,1.0,1.0,True,19,0.06262230919765166
sampled_npg_logbarrier_handoff,adverse,4,91025,False,1,0.76084091958564,0.8653185005348323,0.8282575555894406,False,37,0.068762278978389
sampled_npg_logbarrier_handoff,adverse,4,91026,False,1,1.0,1.0,1.0,True,28,0.07045009784735812
sampled_npg_logbarrier_handoff,adverse,4,91027,False,1,0.9999903372442324,0.9999910509306582,0.999999007159364,True,25,0.0390625
sampled_npg_logbarrier_handoff,adverse,4,91028,False,1,0.34085635637964584,0.20374266184178552,0.34324784176898,False,97,0.3782178217821782
sampled_npg_logbarrier_handoff,adverse,4,91029,False,1,0.8986758781479758,0.8396452709912954,0.9869539312261641,False,15,0.03468208092485549
sampled_npg_logbarrier_handoff,adverse,4,91030,False,1,0.955348376318737,0.9583411844181002,0.9858639593126091,True,17,0.033073929961089495
sampled_npg_logbarrier_handoff,adverse,4,91031,False,1,0.8121730070751311,0.8813139792808784,0.8806416679945794,False,19,0.054901960784313725
sampled_npg_logbarrier_handoff,adverse,4,91032,False,1,0.9629283186491475,0.9644995035642931,0.9862257347010306,True,45,0.03501945525291829
sampled_npg_logbarrier_handoff,adverse,4,91033,False,1,1.0,1.0,1.0,True,40,0.18199608610567514
sampled_npg_logbarrier_handoff,adverse,4,91034,False,1,1.0,1.0,1.0,True,13,0.26171875
sampled_npg_logbarrier_handoff,adverse,4,91035,False,1,0.9650393558675222,0.9694776856234638,0.9902651444909609,True,32,0.038910505836575876
sampled_npg_logbarrier_handoff,adverse,4,91036,False,1,0.9999876296866455,0.9999904467027236,0.9999968672570856,True,26,0.095703125
sampled_npg_logbarrier_handoff,adverse,4,91037,False,1,0.7528423917585434,0.8184241356747255,0.8541290540373583,False,8,0.047058823529411764
sampled_npg_logbarrier_handoff,adverse,4,91038,False,1,0.9949105884043293,0.9979496618670808,0.9966132612223355,True,17,0.03300970873786408
sampled_npg_logbarrier_handoff,adverse,4,91039,False,1,1.0,1.0,1.0,True,11,0.07632093933463796
sampled_npg_logbarrier_handoff,adverse,4,91040,False,1,0.7787394344575078,0.8162249211558814,0.8804281622694752,False,17,0.01764705882352941
sampled_npg_logbarrier_handoff,adverse,4,91041,False,1,0.9999997529417772,0.9999997925315063,0.9999999571673476,True,10,0.021484375
sampled_npg_logbarrier_handoff,adverse,4,91042,False,1,0.8087574378340003,0.8738855876900248,0.8813730933610412,False,19,0.021653543307086614
sampled_npg_logbarrier_handoff,adverse,4,91043,False,1,0.9281351393604768,0.934618966320303,0.9747829744091966,True,30,0.06201550387596899
sampled_npg_logbarrier_handoff,adverse,4,91044,False,1,0.8308343364863429,0.9098175811813237,0.8756151434801367,False,36,0.04911591355599214
sampled_npg_logbarrier_handoff,adverse,4,91045,False,1,0.9966129060969907,0.9989864550735115,0.9974421237370938,True,21,0.11673151750972763
sampled_npg_logbarrier_handoff,adverse,4,91046,False,1,1.0,1.0,1.0,True,21,0.07240704500978473
sampled_npg_logbarrier_handoff,adverse,4,91047,False,1,1.0,1.0,1.0,True,24,0.056640625
sampled_npg_logbarrier_handoff,adverse,4,91048,False,1,1.0,1.0,1.0,True,35,0.03718199608610567
sampled_npg_logbarrier_handoff,adverse,4,91049,False,1,0.9802817637285799,0.9831243486934397,0.9959864500698238,True,22,0.04271844660194175
sampled_npg_logbarrier_handoff,adverse,4,91050,False,1,1.0,1.0,1.0,True,50,0.125
sampled_npg_logbarrier_handoff,adverse,4,91051,False,1,1.0,1.0,1.0,True,10,0.03913894324853229
sampled_npg_logbarrier_handoff,adverse,4,91052,False,1,0.7405929374194222,0.8239783615676695,0.8330096003782053,False,29,0.19019607843137254
sampled_npg_logbarrier_handoff,adverse,4,91053,False,1,0.9983538679250252,0.9998104096366855,0.9984694622912668,True,20,0.033073929961089495
sampled_npg_logbarrier_handoff,adverse,4,91054,False,1,1.0,1.0,1.0,True,24,0.09001956947162426
sampled_npg_logbarrier_handoff,adverse,4,91055,False,1,0.998930408480495,0.9996277288206629,0.9992500584287921,True,22,0.06627680311890838
sampled_npg_logbarrier_handoff,adverse,4,91056,False,1,1.0,1.0,1.0,True,50,0.0547945205479452
sampled_npg_logbarrier_handoff,adverse,4,91057,False,1,0.5430935924891381,0.10850945791343455,0.9824095825429621,False,33,0.07063197026022305
sampled_npg_logbarrier_handoff,adverse,4,91058,False,1,0.9292968304118042,0.9406521201764866,0.968031631119564,True,18,0.040776699029126215
sampled_npg_logbarrier_handoff,adverse,4,91059,False,1,0.8084120935225231,0.8781622095061802,0.8776811169945108,False,18,0.11394891944990176
sampled_npg_logbarrier_handoff,adverse,4,91060,False,1,0.9640948308934771,0.977819675754808,0.9797450990480417,True,26,0.03696498054474708
sampled_npg_logbarrier_handoff,adverse,4,91061,False,1,0.8914292090233635,0.8487750674716242,0.979536467585358,False,30,0.05394990366088632
sampled_npg_logbarrier_handoff,adverse,4,91062,False,1,0.9815000098175092,0.9943842002216996,0.9839145230995581,True,22,0.3180952380952381
sampled_npg_logbarrier_handoff,adverse,4,91063,False,1,0.9181749949854483,0.8819936168082814,0.9908445878338384,False,10,0.060077519379844964
sampled_npg_logbarrier_handoff,adverse,4,91064,False,1,1.0,1.0,1.0,True,18,0.0210727969348659
sampled_npg_logbarrier_handoff,adverse,4,91065,False,1,0.975117685471875,0.9735797511843041,0.9910411116068162,True,62,0.08754863813229571
sampled_npg_logbarrier_handoff,adverse,4,91066,False,1,0.9999999999909445,0.9999999999909228,1.0,True,13,0.09746588693957114
sampled_npg_logbarrier_handoff,adverse,4,91067,False,1,0.9693008785232089,0.9424990291985437,0.9987391413824489,True,70,0.23017408123791103
sampled_npg_logbarrier_handoff,adverse,4,91068,False,1,0.9999728954970278,0.9999806360432419,0.9999914216419201,True,26,0.263671875
sampled_npg_logbarrier_handoff,adverse,4,91069,False,1,0.7351530377935734,0.8044597709508259,0.833040011797444,False,22,0.041176470588235294
sampled_npg_logbarrier_handoff,adverse,4,91070,False,1,0.999999999999998,0.9999999999999982,0.9999999999999998,True,34,0.0546875
sampled_npg_logbarrier_handoff,adverse,4,91071,False,1,0.989782615429594,0.9950023718124583,0.9939378641111526,True,16,0.13255360623781676
sampled_npg_logbarrier_handoff,adverse,4,91072,False,1,0.9943755153281401,0.9975166125785551,0.9950851194925462,True,13,0.02529182879377432
sampled_npg_logbarrier_handoff,adverse,4,91073,False,1,0.7430709524032736,0.8066112313975942,0.8498168563672105,False,39,0.07254901960784314
sampled_npg_logbarrier_handoff,adverse,4,91074,False,1,0.9881986514066624,0.9935747615349814,0.9933343214924601,True,39,0.16374269005847952
sampled_npg_logbarrier_handoff,adverse,4,91075,False,1,0.9999999429545082,0.9999999452219969,0.9999999971405886,True,35,0.0625
sampled_npg_logbarrier_handoff,adverse,4,91076,False,1,0.9556208265267596,0.9629781339430262,0.9898456104522712,True,11,0.13618677042801555
sampled_npg_logbarrier_handoff,adverse,4,91077,False,1,0.7981019446469644,0.862106624798654,0.8764820556602101,False,28,0.03536345776031434
sampled_npg_logbarrier_handoff,adverse,4,91078,False,1,0.9972298554800709,0.9988929857187624,0.9982057065741274,True,15,0.027237354085603113
sampled_npg_logbarrier_handoff,adverse,4,91079,False,1,1.0,1.0,1.0,True,14,0.10371819960861056
sampled_npg_logbarrier_handoff,adverse,4,91080,False,1,1.0,1.0,1.0,True,25,0.019569471624266144
sampled_npg_logbarrier_handoff,adverse,4,91081,False,1,0.9401454016364387,0.8842868759106899,0.9988205729026961,False,17,0.03653846153846154
sampled_npg_logbarrier_handoff,adverse,4,91082,False,1,0.8145372228205219,0.9018285278294134,0.8671349203274981,False,14,0.12770137524557956
sampled_npg_logbarrier_handoff,adverse,4,91083,False,1,1.0,1.0,1.0,True,36,0.12667946257197696
sampled_npg_logbarrier_handoff,adverse,4,91084,False,1,1.0,1.0,1.0,True,43,0.09001956947162426
sampled_npg_logbarrier_handoff,adverse,4,91085,False,1,1.0,1.0,1.0,True,31,0.015625
sampled_npg_logbarrier_handoff,adverse,4,91086,False,1,0.9364670124668935,0.8919464027463823,0.9953097097140529,False,21,0.07751937984496124
sampled_npg_logbarrier_handoff,adverse,4,91087,False,1,0.9170666686545055,0.8962285066224838,0.9831146509298223,False,11,0.060077519379844964
sampled_npg_logbarrier_handoff,adverse,4,91088,False,1,0.999999982448351,0.9999999822213518,0.9999999999945184,True,49,0.13671875
sampled_npg_logbarrier_handoff,adverse,4,91089,False,1,0.9877662541156311,0.9928932286281372,0.9930310307777082,True,17,0.07602339181286549
sampled_npg_logbarrier_handoff,adverse,4,91090,False,1,0.955523822382347,0.9439183351559882,0.9904330341407126,True,32,0.040697674418604654
sampled_npg_logbarrier_handoff,adverse,4,91091,False,1,0.9978019276661947,0.9988839368058956,0.998752670673493,True,16,0.050682261208576995
sampled_npg_logbarrier_handoff,adverse,4,91092,False,1,0.45600408927334335,0.09074439918269811,0.3591174556112046,False,103,0.3236994219653179
sampled_npg_logbarrier_handoff,adverse,4,91093,False,1,0.9961219567011371,0.9985912749329786,0.9973362986713564,True,34,0.25146198830409355
sampled_npg_logbarrier_handoff,adverse,4,91094,False,1,0.7936507717929905,0.8814847673823131,0.8368079647549251,False,16,0.06862745098039216
sampled_npg_logbarrier_handoff,adverse,4,91095,False,1,0.9980893830368778,0.9993829137073514,0.9986315274477188,True,25,0.021400778210116732
sampled_npg_logbarrier_handoff,adverse,4,91096,False,1,0.7854570722479951,0.8506869171010438,0.8756811550763998,False,25,0.03929273084479371
sampled_npg_logbarrier_handoff,adverse,4,91097,False,1,0.977720265409056,0.9571916151809065,0.9993890354087374,True,22,0.13372093023255813
sampled_npg_logbarrier_handoff,adverse,4,91098,False,1,0.9228955583294971,0.8905232166229183,0.9851904116542495,False,27,0.0637065637065637
sampled_npg_logbarrier_handoff,adverse,4,91099,False,1,0.7550138664270903,0.8393320072874539,0.843759692859209,False,43,0.07254901960784314
sampled_pg_logbarrier_fixed,adverse,4,91000,True,0,0.3542166651720188,0.29589398334447126,0.28091693710664783,False,,0.393
sampled_pg_logbarrier_fixed,adverse,4,91001,True,0,0.3493354010010309,0.2943753306574447,0.2551708977793567,False,,0.403
sampled_pg_logbarrier_fixed,adverse,4,91002,True,0,0.34755141095842035,0.28433616602200523,0.24349450953412205,False,,0.428
sampled_pg_logbarrier_fixed,adverse,4,91003,True,0,0.3598231636070432,0.2977655138258783,0.29790402790506737,False,,0.396
sampled_pg_logbarrier_fixed,adverse,4,91004,True,0,0.34801814914274015,0.29406566003787715,0.25551502223718714,False,,0.446
sampled_pg_logbarrier_fixed,adverse,4,91005,True,0,0.345621692279665,0.3029268036496816,0.24956840440509714,False,,0.435
sampled_pg_logbarrier_fixed,adverse,4,91006,True,0,0.3482215348115806,0.267264599106976,0.22486278259192266,False,,0.429
sampled_pg_logbarrier_fixed,adverse,4,91007,True,0,0.33603259379070116,0.28944862724638976,0.20329082327028122,False,,0.465
sampled_pg_logbarrier_fixed,adverse,4,91008,True,0,0.3425703618891073,0.28103165948140657,0.21671087269239736,False,,0.445
sampled_pg_logbarrier_fixed,adverse,4,91009,True,0,0.3470518032542932,0.2941956814196959,0.2495368916750023,False,,0.41
sampled_pg_logbarrier_fixed,adverse,4,91010,True,0,0.3567894170758536,0.300599977349116,0.2882613165768832,False,,0.414
sampled_pg_logbarrier_fixed,adverse,4,91011,True,0,0.35325212219591406,0.31754175041186505,0.283545014965981,False,,0.391
sampled_pg_logbarrier_fixed,adverse,4,91012,True,0,0.35454831698158873,0.3052449731318743,0.2859385598421603,False,,0.392
sampled_pg_logbarrier_fixed,adverse,4,91013,True,0,0.35151765144133346,0.3006468801143171,0.27098290701991506,False,,0.42
sampled_pg_logbarrier_fixed,adverse,4,91014,True,0,0.3419661305337685,0.27495989597168313,0.20963826565967272,False,,0.416
sampled_pg_logbarrier_fixed,adverse,4,91015,True,0,0.35467915354600554,0.3196983046044764,0.29233532594111555,False,,0.402
sampled_pg_logbarrier_fixed,adverse,4,91016,True,0,0.34956765427063213,0.2857686767039269,0.2561447850696823,False,,0.419
sampled_pg_logbarrier_fixed,adverse,4,91017,True,0,0.35965756721206976,0.29948995830464165,0.29498588072534443,False,,0.367
sampled_pg_logbarrier_fixed,adverse,4,91018,True,0,0.3430152739436715,0.2830700001856535,0.220538305122182,False,,0.444
sampled_pg_logbarrier_fixed,adverse,4,91019,True,0,0.3482593107941728,0.29919455884331625,0.25387253965545437,False,,0.409
sampled_pg_logbarrier_fixed,adverse,4,91020,True,0,0.3443335890342045,0.30135322735303893,0.24650023717342442,False,,0.424
sampled_pg_logbarrier_fixed,adverse,4,91021,True,0,0.35625505905301436,0.2945882113809192,0.280762788577461,False,,0.434
sampled_pg_logbarrier_fixed,adverse,4,91022,True,0,0.3611176104839386,0.3144415451118856,0.3121363203600843,False,,0.41
sampled_pg_logbarrier_fixed,adverse,4,91023,True,0,0.35140330123474084,0.33070656122439734,0.28852738054501526,False,,0.393
sampled_pg_logbarrier_fixed,adverse,4,91024,True,0,0.35311283832167956,0.2888317008804862,0.26554923677854664,False,,0.395
sampled_pg_logbarrier_fixed,adverse,4,91025,True,0,0.3498050674458527,0.2952973969925946,0.2580262775828171,False,,0.409
sampled_pg_logbarrier_fixed,adverse,4,91026,True,0,0.3564017433736172,0.31760206295071236,0.29714721721053045,False,,0.417
sampled_pg_logbarrier_fixed,adverse,4,91027,True,0,0.37386779952652627,0.3121849198734444,0.3550593853874785,False,,0.386
sampled_pg_logbarrier_fixed,adverse,4,91028,True,0,0.33978829758823736,0.26953340192322356,0.1944535454446676,False,,0.442
sampled_pg_logbarrier_fixed,adverse,4,91029,True,0,0.34940672077012447,0.3218404982287806,0.2759671208745122,False,,0.411
sampled_pg_logbarrier_fixed,adverse,4,91030,True,0,0.3495558795630929,0.2869594494280904,0.2525266322568075,False,,0.407
sampled_pg_logbarrier_fixed,adverse,4,91031,True,0,0.35502269592418423,0.3165108439136426,0.2947274697746595,False,,0.397
sampled_pg_logbarrier_fixed,adverse,4,91032,True,0,0.3455732785453389,0.29872233711312857,0.24340081038539457,False,,0.417
sampled_pg_logbarrier_fixed,adverse,4,91033,True,0,0.3518978546658821,0.3063423795633926,0.27542701824141125,False,,0.401
sampled_pg_logbarrier_fixed,adverse,4,91034,True,0,0.3378587456243093,0.264979104432745,0.1789916090818992,False,,0.474
sampled_pg_logbarrier_fixed,adverse,4,91035,True,0,0.3362867661904288,0.26751287644693006,0.1790065488097421,False,,0.462
sampled_pg_logbarrier_fixed,adverse,4,91036,True,0,0.34137521053867725,0.30283307737120385,0.235735432761005,False,,0.427
sampled_pg_logbarrier_fixed,adverse,4,91037,True,0,0.3506955173104199,0.28750310154615677,0.25756548546938984,False,,0.412
sampled_pg_logbarrier_fixed,adverse,4,91038,True,0,0.3543960347419009,0.28542457895500356,0.26881382088313116,False,,0.424
sampled_pg_logbarrier_fixed,adverse,4,91039,True,0,0.34859876597488415,0.32020935145752877,0.2729731608632358,False,,0.398
sampled_pg_logbarrier_fixed,adverse,4,91040,True,0,0.3486164438505979,0.297789992068857,0.2575159112271541,False,,0.41
sampled_pg_logbarrier_fixed,adverse,4,91041,True,0,0.34803630415302433,0.2936152208417577,0.252696250080472,False,,0.435
sampled_pg_logbarrier_fixed,adverse,4,91042,True,0,0.3502983469225646,0.3283573528913232,0.28388208799458525,False,,0.401
sampled_pg_logbarrier_fixed,adverse,4,91043,True,0,0.36470517732749635,0.33535101498045417,0.33591585519346934,False,,0.374
sampled_pg_logbarrier_fixed,adverse,4,91044,True,0,0.3463808167158785,0.2990032714070248,0.25061478506915225,False,,0.414
sampled_pg_logbarrier_fixed,adverse,4,91045,True,0,0.350244588137137,0.31465074547343874,0.27581306857213644,False,,0.404
sampled_pg_logbarrier_fixed,adverse,4,91046,True,0,0.34106101106402786,0.2898103689354813,0.22148574118726613,False,,0.442
sampled_pg_logbarrier_fixed,adverse,4,91047,True,0,0.3405426290573675,0.28187994696626933,0.211664295826726,False,,0.428
sampled_pg_logbarrier_fixed,adverse,4,91048,True,0,0.36250812291898704,0.3403680011498777,0.32856301712280633,False,,0.375
sampled_pg_logbarrier_fixed,adverse,4,91049,True,0,0.3519621885773203,0.3036793468003846,0.2745270313435052,False,,0.428
sampled_pg_logbarrier_fixed,adverse,4,91050,True,0,0.34194066037034365,0.28296196828042636,0.223453684215039,False,,0.395
sampled_pg_logbarrier_fixed,adverse,4,91051,True,0,0.3454620595493479,0.30213428092294414,0.24716266564694994,False,,0.438
sampled_pg_logbarrier_fixed,adverse,4,91052,True,0,0.3577609221497714,0.3243835555286162,0.3079799195815271,False,,0.379
sampled_pg_logbarrier_fixed,adverse,4,91053,True,0,0.3479978758286577,0.2969549710268485,0.2546267003299792,False,,0.414
sampled_pg_logbarrier_fixed,adverse,4,91054,True,0,0.34622796485584334,0.30524715481440357,0.25643135201497785,False,,0.437
sampled_pg_logbarrier_fixed,adverse,4,91055,True,0,0.3431102104546218,0.25692359901372547,0.19711045974956798,False,,0.439
sampled_pg_logbarrier_fixed,adverse,4,91056,True,0,0.33767834058483814,0.27990054896963484,0.2014622771392575,False,,0.423
sampled_pg_logbarrier_fixed,adverse,4,91057,True,0,0.33951660212897455,0.28125601427016705,0.21247971301222554,False,,0.437
sampled_pg_logbarrier_fixed,adverse,4,91058,True,0,0.338205444834684,0.2892292966849305,0.21367876726117693,False,,0.44
sampled_pg_logbarrier_fixed,adverse,4,91059,True,0,0.33790705540411237,0.28800304246828257,0.21031899958967784,False,,0.437
sampled_pg_logbarrier_fixed,adverse,4,91060,True,0,0.36010399538241444,0.3193031988630634,0.311782808679559,False,,0.388
sampled_pg_logbarrier_fixed,adverse,4,91061,True,0,0.3566059640336838,0.30766157775120606,0.29130434427001417,False,,0.412
sampled_pg_logbarrier_fixed,adverse,4,91062,True,0,0.3521477609106882,0.29477522105391524,0.2668881943664147,False,,0.44
sampled_pg_logbarrier_fixed,adverse,4,91063,True,0,0.3620044503191293,0.32274243817650405,0.3230613205941005,False,,0.411
sampled_pg_logbarrier_fixed,adverse,4,91064,True,0,0.3538908168669534,0.28223455193099367,0.2620159146701252,False,,0.435
sampled_pg_logbarrier_fixed,adverse,4,91065,True,0,0.3440611186571246,0.30097427597211873,0.24224069329335438,False,,0.445
sampled_pg_logbarrier_fixed,adverse,4,91066,True,0,0.3457835471182105,0.30729734605891884,0.25414212932168095,False,,0.427
sampled_pg_logbarrier_fixed,adverse,4,91067,True,0,0.3466843265191237,0.29091797007867487,0.2457422693390852,False,,0.426
sampled_pg_logbarrier_fixed,adverse,4,91068,True,0,0.34990007977901677,0.31776586098562637,0.2779470046243413,False,,0.391
sampled_pg_logbarrier_fixed,adverse,4,91069,True,0,0.3439951567590763,0.28188497783976746,0.22409439272784684,False,,0.423
sampled_pg_logbarrier_fixed,adverse,4,91070,True,0,0.3458413050712415,0.28881575283969496,0.2408163296662555,False,,0.442
sampled_pg_logbarrier_fixed,adverse,4,91071,True,0,0.3525106729046832,0.3012347021020458,0.27145722248333726,False,,0.436
sampled_pg_logbarrier_fixed,adverse,4,91072,True,0,0.3453493580266486,0.27126571902508634,0.21739947583991134,False,,0.461
sampled_pg_logbarrier_fixed,adverse,4,91073,True,0,0.3491364798062585,0.2909960201012222,0.2518627929358917,False,,0.399
sampled_pg_logbarrier_fixed,adverse,4,91074,True,0,0.34890318375087653,0.2841048121411408,0.24430088717501863,False,,0.437
sampled_pg_logbarrier_fixed,adverse,4,91075,True,0,0.35656608439066045,0.2778102759124426,0.2690721976912239,False,,0.413
sampled_pg_logbarrier_fixed,adverse,4,91076,True,0,0.3563855533944288,0.2844094876544851,0.276641972609749,False,,0.396
sampled_pg_logbarrier_fixed,adverse,4,91077,True,0,0.34700788367929075,0.30551561333908117,0.26241822156627126,False,,0.407
sampled_pg_logbarrier_fixed,adverse,4,91078,True,0,0.343180837707439,0.29314127121695993,0.2384202543763105,False,,0.439
sampled_pg_logbarrier_fixed,adverse,4,91079,True,0,0.3541503147394744,0.3029967825874573,0.27888441046093,False,,0.394
sampled_pg_logbarrier_fixed,adverse,4,91080,True,0,0.3478163130126184,0.28693208340367904,0.24238619410261883,False,,0.403
sampled_pg_logbarrier_fixed,adverse,4,91081,True,0,0.34110362478720485,0.28070639352286425,0.213161750850767,False,,0.431
sampled_pg_logbarrier_fixed,adverse,4,91082,True,0,0.3553569214360399,0.28550723929412297,0.27156828477046646,False,,0.419
sampled_pg_logbarrier_fixed,adverse,4,91083,True,0,0.35180749925318544,0.27810739026655473,0.2505634762558321,False,,0.413
sampled_pg_logbarrier_fixed,adverse,4,91084,True,0,0.35135506899890656,0.2897824240326484,0.2607485578925977,False,,0.428
sampled_pg_logbarrier_fixed,adverse,4,91085,True,0,0.3612005978669642,0.2989163365425281,0.3026002112403445,False,,0.394
sampled_pg_logbarrier_fixed,adverse,4,91086,True,0,0.34354001771114323,0.27951658074383023,0.22358591373771192,False,,0.425
sampled_pg_logbarrier_fixed,adverse,4,91087,True,0,0.34226486553122276,0.29934179666541033,0.2356868036504398,False,,0.41
sampled_pg_logbarrier_fixed,adverse,4,91088,True,0,0.3467154391830497,0.28269962446704944,0.23809473707311016,False,,0.397
sampled_pg_logbarrier_fixed,adverse,4,91089,True,0,0.3477013987707303,0.29069233553428764,0.24963874435236771,False,,0.432
sampled_pg_logbarrier_fixed,adverse,4,91090,True,0,0.3455006789008174,0.3035853434453271,0.24961059276506342,False,,0.406
sampled_pg_logbarrier_fixed,adverse,4,91091,True,0,0.35447288995729404,0.3320661219565933,0.30096965093787365,False,,0.383
sampled_pg_logbarrier_fixed,adverse,4,91092,True,0,0.3524304376526865,0.30201190300600783,0.27243174116042973,False,,0.415
sampled_pg_logbarrier_fixed,adverse,4,91093,True,0,0.3461855063089509,0.2821782680626475,0.23382372347344052,False,,0.433
sampled_pg_logbarrier_fixed,adverse,4,91094,True,0,0.3508878788711016,0.2962297642296201,0.26211474080723235,False,,0.412
sampled_pg_logbarrier_fixed,adverse,4,91095,True,0,0.34743174756793493,0.32164418850006954,0.27091448916925737,False,,0.411
sampled_pg_logbarrier_fixed,adverse,4,91096,True,0,0.3745154144912723,0.34205248123782994,0.36608478555543045,False,,0.378
sampled_pg_logbarrier_fixed,adverse,4,91097,True,0,0.3430266304351644,0.28382092065640097,0.22103776386457932,False,,0.452
sampled_pg_logbarrier_fixed,adverse,4,91098,True,0,0.36356982909383234,0.3137539500147619,0.318510773369572,False,,0.412
sampled_pg_logbarrier_fixed,adverse,4,91099,True,0,0.35366431414358146,0.2754488411411514,0.25752690342922413,False,,0.412
sampled_npg_logbarrier_fixed,adverse,4,91000,True,0,0.577049346522304,0.5,0.6180617504674387,False,19,0.068
sampled_npg_logbarrier_fixed,adverse,4,91001,True,0,0.6978092356242163,0.8000076972387375,0.7893747917317806,False,14,0.031
sampled_npg_logbarrier_fixed,adverse,4,91002,True,0,0.6933806153600908,0.750958569128565,0.8089682983706319,False,15,0.054
sampled_npg_logbarrier_fixed,adverse,4,91003,True,0,0.6294654189233486,0.7401887396690966,0.7356153749266909,False,27,0.06
sampled_npg_logbarrier_fixed,adverse,4,91004,True,0,0.6582032366795272,0.7400907960375258,0.7731966052928837,False,20,0.037
sampled_npg_logbarrier_fixed,adverse,4,91005,True,0,0.7006323337705235,0.8058839328442828,0.7897452119414746,False,51,0.031
sampled_npg_logbarrier_fixed,adverse,4,91006,True,0,0.694629565099223,0.7152902773864048,0.8199433811214235,False,15,0.044
sampled_npg_logbarrier_fixed,adverse,4,91007,True,0,0.8078986008248684,0.8749539609885281,0.8356909876170472,False,14,0.036
sampled_npg_logbarrier_fixed,adverse,4,91008,True,0,0.668699587759376,0.6973469927073302,0.8108446255894858,False,24,0.108
sampled_npg_logbarrier_fixed,adverse,4,91009,True,0,0.7093317054641051,0.7273179006059397,0.8389248264280053,False,12,0.105
sampled_npg_logbarrier_fixed,adverse,4,91010,True,0,0.6541997943324186,0.7166406756944979,0.7841955038729402,False,16,0.033
sampled_npg_logbarrier_fixed,adverse,4,91011,True,0,0.7130703659816987,0.7990187845226876,0.815414075976245,False,22,0.021
sampled_npg_logbarrier_fixed,adverse,4,91012,True,0,0.6959084179895071,0.7900128743775586,0.7991669121257716,False,127,0.06
sampled_npg_logbarrier_fixed,adverse,4,91013,True,0,0.7192270609714111,0.7643166371829635,0.8376449365603384,False,42,0.033
sampled_npg_logbarrier_fixed,adverse,4,91014,True,0,0.7215146246487786,0.796326093662203,0.8265359010135671,False,20,0.039
sampled_npg_logbarrier_fixed,adverse,4,91015,True,0,0.6659566820843585,0.6679560007102281,0.8100829841286875,False,11,0.09
sampled_npg_logbarrier_fixed,adverse,4,91016,True,0,0.6956119684110191,0.7243089932498381,0.815727887925438,False,19,0.121
sampled_npg_logbarrier_fixed,adverse,4,91017,True,0,0.6583724461316695,0.7395628103220053,0.7868026972689204,False,32,0.029
sampled_npg_logbarrier_fixed,adverse,4,91018,True,0,0.7636146836502257,0.8459640733494885,0.8448349406619405,False,20,0.175
sampled_npg_logbarrier_fixed,adverse,4,91019,True,0,0.7286492130318295,0.7981839361483544,0.836685212563578,False,23,0.16
sampled_npg_logbarrier_fixed,adverse,4,91020,True,0,0.6302564324118896,0.7063393878044677,0.7463518510379489,False,29,0.02
sampled_npg_logbarrier_fixed,adverse,4,91021,True,0,0.7847904445711,0.8753396257637123,0.8476846632710711,False,17,0.088
sampled_npg_logbarrier_fixed,adverse,4,91022,True,0,0.6797118355888864,0.7582180915563408,0.7891551883120658,False,56,0.098
sampled_npg_logbarrier_fixed,adverse,4,91023,True,0,0.6926575321855601,0.7813240036487331,0.8024079049627366,False,11,0.072
sampled_npg_logbarrier_fixed,adverse,4,91024,True,0,0.6722362128532091,0.7364835681946901,0.8032923475732381,False,19,0.034
sampled_npg_logbarrier_fixed,adverse,4,91025,True,0,0.6872103556254925,0.7433375509163016,0.7984389105568491,False,37,0.038
sampled_npg_logbarrier_fixed,adverse,4,91026,True,0,0.7384569063072767,0.812261752417548,0.8344823744380981,False,28,0.037
sampled_npg_logbarrier_fixed,adverse,4,91027,True,0,0.7684419511132694,0.8356856014573234,0.8515779572563145,False,25,0.023
sampled_npg_logbarrier_fixed,adverse,4,91028,True,0,0.3979454530081654,0.19678524439384945,0.36258861885309646,False,97,0.369
sampled_npg_logbarrier_fixed,adverse,4,91029,True,0,0.7535918745737261,0.8327842375679869,0.8446288033240683,False,15,0.022
sampled_npg_logbarrier_fixed,adverse,4,91030,True,0,0.7085547981717327,0.7901775687221085,0.8133643008728045,False,17,0.017
sampled_npg_logbarrier_fixed,adverse,4,91031,True,0,0.6556022550495746,0.7318037223464876,0.7644581113878433,False,19,0.03
sampled_npg_logbarrier_fixed,adverse,4,91032,True,0,0.6973073738238807,0.7662696338086634,0.7996375882824847,False,45,0.024
sampled_npg_logbarrier_fixed,adverse,4,91033,True,0,0.7391050012183813,0.8163301686761513,0.8357359773540011,False,40,0.095
sampled_npg_logbarrier_fixed,adverse,4,91034,True,0,0.38593768786966626,0.19550262021386516,0.328487543842841,False,13,0.272
sampled_npg_logbarrier_fixed,adverse,4,91035,True,0,0.7015230471419889,0.7707258904181835,0.823370187597998,False,32,0.029
sampled_npg_logbarrier_fixed,adverse,4,91036,True,0,0.6422416237406023,0.6491167679079537,0.7945355641133455,False,26,0.051
sampled_npg_logbarrier_fixed,adverse,4,91037,True,0,0.7035417239047695,0.7768465077364791,0.8101489235498368,False,8,0.031
sampled_npg_logbarrier_fixed,adverse,4,91038,True,0,0.6221726271445747,0.6366539073982127,0.7705437940816229,False,17,0.024
sampled_npg_logbarrier_fixed,adverse,4,91039,True,0,0.7534895142908414,0.8125628486705332,0.8478956603804271,False,11,0.044
sampled_npg_logbarrier_fixed,adverse,4,91040,True,0,0.6842939822646291,0.7229460955832886,0.8299845295143634,False,17,0.01
sampled_npg_logbarrier_fixed,adverse,4,91041,True,0,0.7128666454634135,0.7831081906666774,0.8286250884368264,False,10,0.016
sampled_npg_logbarrier_fixed,adverse,4,91042,True,0,0.6752855747874541,0.7668813438040614,0.7803577364060406,False,19,0.047
sampled_npg_logbarrier_fixed,adverse,4,91043,True,0,0.6716927643841941,0.7726319317729152,0.7544185034804288,False,30,0.033
sampled_npg_logbarrier_fixed,adverse,4,91044,True,0,0.7050103543374097,0.7755132400001735,0.8300136610428934,False,36,0.027
sampled_npg_logbarrier_fixed,adverse,4,91045,True,0,0.702513469346844,0.7693169441823297,0.8226111917073776,False,21,0.06
sampled_npg_logbarrier_fixed,adverse,4,91046,True,0,0.6632525895092503,0.7817139530043324,0.750239149536223,False,21,0.042
sampled_npg_logbarrier_fixed,adverse,4,91047,True,0,0.6602847164341489,0.7274810476059117,0.7768504924936549,False,24,0.036
sampled_npg_logbarrier_fixed,adverse,4,91048,True,0,0.7535973577861972,0.8330027041612206,0.8403072028118106,False,35,0.019
sampled_npg_logbarrier_fixed,adverse,4,91049,True,0,0.6578584129574279,0.7144661046552091,0.7771761376211489,False,22,0.028
sampled_npg_logbarrier_fixed,adverse,4,91050,True,0,0.6822207675000158,0.7331754483982776,0.806840053510597,False,50,0.068
sampled_npg_logbarrier_fixed,adverse,4,91051,True,0,0.6888235814334758,0.7165006336775109,0.8156921737951024,False,10,0.026
sampled_npg_logbarrier_fixed,adverse,4,91052,True,0,0.7189007300238216,0.7776373876268373,0.8298541840280436,False,29,0.1
sampled_npg_logbarrier_fixed,adverse,4,91053,True,0,0.7089178077509317,0.8009468012458979,0.8030347839999762,False,20,0.022
sampled_npg_logbarrier_fixed,adverse,4,91054,True,0,0.6871519424734586,0.7785801536926859,0.7888745005829808,False,24,0.048
sampled_npg_logbarrier_fixed,adverse,4,91055,True,0,0.7170251873881033,0.7958545939136636,0.8108793600800058,False,22,0.037
sampled_npg_logbarrier_fixed,adverse,4,91056,True,0,0.558713608595095,0.5658674388008816,0.7120554939334696,False,50,0.03
sampled_npg_logbarrier_fixed,adverse,4,91057,True,0,0.6863705171498394,0.6778800552346794,0.8301794843115013,False,33,0.081
sampled_npg_logbarrier_fixed,adverse,4,91058,True,0,0.790930884202263,0.872433039514026,0.8582697875741836,False,18,0.026
sampled_npg_logbarrier_fixed,adverse,4,91059,True,0,0.6647283927041919,0.7601461497580572,0.7727818338480967,False,18,0.06
sampled_npg_logbarrier_fixed,adverse,4,91060,True,0,0.5513229818996973,0.5133361546432802,0.7251669425148292,False,26,0.034
sampled_npg_logbarrier_fixed,adverse,4,91061,True,0,0.652176187625567,0.7142202536049179,0.7745728686121264,False,30,0.036
sampled_npg_logbarrier_fixed,adverse,4,91062,True,0,0.6235489669772922,0.655917344580222,0.7782852743496192,False,22,0.169
sampled_npg_logbarrier_fixed,adverse,4,91063,True,0,0.6490087873903019,0.6769698295485749,0.7875423895929922,False,10,0.034
sampled_npg_logbarrier_fixed,adverse,4,91064,True,0,0.7640281009028436,0.8425853621589353,0.8457922998528239,False,18,0.014
sampled_npg_logbarrier_fixed,adverse,4,91065,True,0,0.7427324234202002,0.8154597119864193,0.8387680724960623,False,62,0.048
sampled_npg_logbarrier_fixed,adverse,4,91066,True,0,0.7392679410914542,0.8216865035782581,0.832997510169382,False,13,0.05
sampled_npg_logbarrier_fixed,adverse,4,91067,True,0,0.6444992181265827,0.712686365036732,0.7546373434540379,False,70,0.124
sampled_npg_logbarrier_fixed,adverse,4,91068,True,0,0.6958961689968438,0.7824020192373056,0.7994756677208104,False,26,0.138
sampled_npg_logbarrier_fixed,adverse,4,91069,True,0,0.6772951243283972,0.7411150084277762,0.791503711099347,False,22,0.034
sampled_npg_logbarrier_fixed,adverse,4,91070,True,0,0.7270365327585374,0.8289361412268046,0.8071135863043971,False,34,0.03
sampled_npg_logbarrier_fixed,adverse,4,91071,True,0,0.6875279497827125,0.7381671562418654,0.8264961442572437,False,16,0.074
sampled_npg_logbarrier_fixed,adverse,4,91072,True,0,0.7187999245650633,0.7202414800626614,0.7825980259182246,False,13,0.015
sampled_npg_logbarrier_fixed,adverse,4,91073,True,0,0.7572917183803937,0.8405403509130964,0.8416651051393225,False,39,0.041
sampled_npg_logbarrier_fixed,adverse,4,91074,True,0,0.7179613635291684,0.7880554130838613,0.8283953929948481,False,39,0.088
sampled_npg_logbarrier_fixed,adverse,4,91075,True,0,0.6588041299026033,0.7697288413884832,0.7553882332189079,False,35,0.032
sampled_npg_logbarrier_fixed,adverse,4,91076,True,0,0.671203675542141,0.7566700301182578,0.7803152287708623,False,11,0.074
sampled_npg_logbarrier_fixed,adverse,4,91077,True,0,0.644411982387985,0.6540223731340837,0.8098033418060964,False,28,0.022
sampled_npg_logbarrier_fixed,adverse,4,91078,True,0,0.7233366299514804,0.7708391669229898,0.8355531228912769,False,15,0.018
sampled_npg_logbarrier_fixed,adverse,4,91079,True,0,0.6559599184700109,0.7182800624370418,0.7732036676456682,False,14,0.055
sampled_npg_logbarrier_fixed,adverse,4,91080,True,0,0.608044008839711,0.577094208093413,0.7842887702346005,False,25,0.013
sampled_npg_logbarrier_fixed,adverse,4,91081,True,0,0.6129824770223934,0.6452165375041972,0.7296221806767653,False,17,0.02
sampled_npg_logbarrier_fixed,adverse,4,91082,True,0,0.7489073665611785,0.8202763360169202,0.8456510932485625,False,14,0.067
sampled_npg_logbarrier_fixed,adverse,4,91083,True,0,0.662977952079535,0.7060551459876108,0.7898337222139828,False,36,0.069
sampled_npg_logbarrier_fixed,adverse,4,91084,True,0,0.716403648765835,0.7823428552835978,0.826196883914539,False,43,0.049
sampled_npg_logbarrier_fixed,adverse,4,91085,True,0,0.686650302473617,0.7772088543443627,0.7931067203531768,False,31,0.009
sampled_npg_logbarrier_fixed,adverse,4,91086,True,0,0.6288035001888851,0.7259096232176466,0.7406226861966971,False,21,0.043
sampled_npg_logbarrier_fixed,adverse,4,91087,True,0,0.6848261030827146,0.7540831946773081,0.8184782759218108,False,11,0.031
sampled_npg_logbarrier_fixed,adverse,4,91088,True,0,0.6988788247432159,0.7593360378546715,0.8112452580830372,False,49,0.073
sampled_npg_logbarrier_fixed,adverse,4,91089,True,0,0.647627277689106,0.7082615043344206,0.7807086751631782,False,17,0.039
sampled_npg_logbarrier_fixed,adverse,4,91090,True,0,0.6671771584350102,0.691117308243253,0.8091467844054291,False,32,0.022
sampled_npg_logbarrier_fixed,adverse,4,91091,True,0,0.6684343057476513,0.7400877022160836,0.7841314680648499,False,16,0.028
sampled_npg_logbarrier_fixed,adverse,4,91092,True,0,0.6715648812827919,0.7747265873417,0.7775281777934584,False,103,0.2
sampled_npg_logbarrier_fixed,adverse,4,91093,True,0,0.6788983556934161,0.7744743831016032,0.7793586069046248,False,34,0.13
sampled_npg_logbarrier_fixed,adverse,4,91094,True,0,0.6903382312763274,0.7550586770092069,0.8126843827953968,False,16,0.037
sampled_npg_logbarrier_fixed,adverse,4,91095,True,0,0.6213082396625569,0.6866578255214555,0.7522751706412258,False,25,0.014
sampled_npg_logbarrier_fixed,adverse,4,91096,True,0,0.6346754222976112,0.6287074824459735,0.7884600009529702,False,25,0.021
sampled_npg_logbarrier_fixed,adverse,4,91097,True,0,0.7091949107314106,0.8010414678062343,0.8009901785782757,False,22,0.077
sampled_npg_logbarrier_fixed,adverse,4,91098,True,0,0.6404688423058948,0.6734206451403634,0.7892146625689599,False,27,0.037
sampled_npg_logbarrier_fixed,adverse,4,91099,True,0,0.7095046528452075,0.7331034878440467,0.8371410537937526,False,43,0.04
sampled_pg_reward_only,adverse,32,91000,True,0,0.4831852323753493,0.003831519744162711,0.015909474680062718,False,,0.782
sampled_pg_reward_only,adverse,32,91001,True,0,0.4832325535657714,0.003815286003308829,0.01591253810066728,False,,0.802
sampled_pg_reward_only,adverse,32,91002,True,0,0.4832818131861332,0.0037873209091554864,0.015923533432681238,False,,0.811
sampled_pg_reward_only,adverse,32,91003,True,0,0.48335674320694316,0.0037622507776923966,0.015927330538185652,False,,0.821
sampled_pg_reward_only,adverse,32,91004,True,0,0.4832614884498677,0.0038085004521136437,0.015911717260501092,False,,0.778
sampled_pg_reward_only,adverse,32,91005,True,0,0.4831948083527194,0.0038392493406699288,0.016039533713865285,False,,0.785
sampled_pg_reward_only,adverse,32,91006,True,0,0.4833005325247538,0.0037770969707604236,0.01588157618864202,False,,0.81
sampled_pg_reward_only,adverse,32,91007,True,0,0.48322900523093226,0.0038131305255468336,0.015776550845791222,False,,0.778
sampled_pg_reward_only,adverse,32,91008,True,0,0.48317935262811823,0.0038414660248556123,0.015995618878488167,False,,0.777
sampled_pg_reward_only,adverse,32,91009,True,0,0.4832641238023593,0.0037924675107591467,0.0159235204061615,False,,0.793
sampled_pg_reward_only,adverse,32,91010,True,0,0.4832866635729415,0.0038011929575684916,0.015957018880266422,False,,0.782
sampled_pg_reward_only,adverse,32,91011,True,0,0.4833620430675759,0.0037436173401466377,0.01589460757677809,False,,0.824
sampled_pg_reward_only,adverse,32,91012,True,0,0.48327606963760195,0.003804456452914155,0.015957193018364742,False,,0.787
sampled_pg_reward_only,adverse,32,91013,True,0,0.4832481849603276,0.0038220810526351486,0.015903294148744272,False,,0.772
sampled_pg_reward_only,adverse,32,91014,True,0,0.4833570104074605,0.003756350082392631,0.015932000987578347,False,,0.811
sampled_pg_reward_only,adverse,32,91015,True,0,0.4833083910508192,0.003780885095078313,0.015877095546989333,False,,0.81
sampled_pg_reward_only,adverse,32,91016,True,0,0.4832004632380351,0.0038293679466109786,0.01600006916549529,False,,0.787
sampled_pg_reward_only,adverse,32,91017,True,0,0.48324937594162476,0.00380895585837782,0.015959754234614387,False,,0.796
sampled_pg_reward_only,adverse,32,91018,True,0,0.48314926755493254,0.003856397806238139,0.015897703232279032,False,,0.768
sampled_pg_reward_only,adverse,32,91019,True,0,0.4832172715780915,0.0038297717347989335,0.015996076375478122,False,,0.775
sampled_pg_reward_only,adverse,32,91020,True,0,0.4832104283139384,0.003835770148361898,0.015992794603786706,False,,0.795
sampled_pg_reward_only,adverse,32,91021,True,0,0.4833311600192264,0.003756478144004202,0.01593711575725603,False,,0.818
sampled_pg_reward_only,adverse,32,91022,True,0,0.48323639685878866,0.0038103463420474343,0.015822832521895695,False,,0.789
sampled_pg_reward_only,adverse,32,91023,True,0,0.4832381370921117,0.0038202384690299357,0.015953432168487214,False,,0.793
sampled_pg_reward_only,adverse,32,91024,True,0,0.48323689753903026,0.0038204468130986933,0.015999469642217427,False,,0.802
sampled_pg_reward_only,adverse,32,91025,True,0,0.4833541372770721,0.00376086802559727,0.015837680087543795,False,,0.795
sampled_pg_reward_only,adverse,32,91026,True,0,0.4832883441918933,0.003802984102979103,0.015863938199527826,False,,0.799
sampled_pg_reward_only,adverse,32,91027,True,0,0.4832256890241865,0.0038150669471798157,0.015913598730032508,False,,0.8
sampled_pg_reward_only,adverse,32,91028,True,0,0.4830978668345622,0.0038864933900470758,0.016023215695635338,False,,0.773
sampled_pg_reward_only,adverse,32,91029,True,0,0.483237794275151,0.0038066202428089176,0.015963059108715632,False,,0.8
sampled_pg_reward_only,adverse,32,91030,True,0,0.4832979831603091,0.00377843159611602,0.015834989240500377,False,,0.802
sampled_pg_reward_only,adverse,32,91031,True,0,0.4832597738966922,0.0038078208703657725,0.015957715803189203,False,,0.794
sampled_pg_reward_only,adverse,32,91032,True,0,0.48319266577089653,0.0038299043812241433,0.015909236371886883,False,,0.79
sampled_pg_reward_only,adverse,32,91033,True,0,0.4832272530149895,0.00382413550445452,0.015952068078434863,False,,0.79
sampled_pg_reward_only,adverse,32,91034,True,0,0.48324089253981856,0.0038131942459276175,0.015957396011685762,False,,0.802
sampled_pg_reward_only,adverse,32,91035,True,0,0.48331598622988736,0.003769719831733892,0.01588403305711812,False,,0.804
sampled_pg_reward_only,adverse,32,91036,True,0,0.48330858339812793,0.0037828892252997045,0.015829924742524433,False,,0.795
sampled_pg_reward_only,adverse,32,91037,True,0,0.48324767848329714,0.0038089152435598584,0.01591370375706033,False,,0.787
sampled_pg_reward_only,adverse,32,91038,True,0,0.48328763701899746,0.0037907975373935618,0.015827429427012416,False,,0.793
sampled_pg_reward_only,adverse,32,91039,True,0,0.48335644112149945,0.0037584880615412564,0.01593002460417246,False,,0.816
sampled_pg_reward_only,adverse,32,91040,True,0,0.4833700207618522,0.0037500563310430583,0.015797118211990195,False,,0.81
sampled_pg_reward_only,adverse,32,91041,True,0,0.4832556267845296,0.003810479923042854,0.01604957273780948,False,,0.803
sampled_pg_reward_only,adverse,32,91042,True,0,0.4832627797333753,0.003806299381537934,0.01595755536932598,False,,0.791
sampled_pg_reward_only,adverse,32,91043,True,0,0.4833108252485907,0.0037808408879937165,0.01583057514144883,False,,0.797
sampled_pg_reward_only,adverse,32,91044,True,0,0.4832944622913145,0.003772853420291625,0.01584019802476735,False,,0.804
sampled_pg_reward_only,adverse,32,91045,True,0,0.4831963528156124,0.003839080735207561,0.01599339764490057,False,,0.789
sampled_pg_reward_only,adverse,32,91046,True,0,0.483314501544962,0.0037750166653232843,0.015789518821971906,False,,0.798
sampled_pg_reward_only,adverse,32,91047,True,0,0.48331589263018643,0.003772961169747547,0.01583647084086047,False,,0.801
sampled_pg_reward_only,adverse,32,91048,True,0,0.4831688129796675,0.0038569432280179602,0.015985696755976046,False,,0.778
sampled_pg_reward_only,adverse,32,91049,True,0,0.48321751435110855,0.0038187172897251776,0.015820109140104444,False,,0.791
sampled_pg_reward_only,adverse,32,91050,True,0,0.4832842458627267,0.0037955825973340573,0.015870512919351043,False,,0.784
sampled_pg_reward_only,adverse,32,91051,True,0,0.48326240514178004,0.003810702673486834,0.01586344928214263,False,,0.784
sampled_pg_reward_only,adverse,32,91052,True,0,0.48329526323107924,0.0037898286153822723,0.016011261359910368,False,,0.801
sampled_pg_reward_only,adverse,32,91053,True,0,0.4832072745411389,0.0038315962775187107,0.01608898938325686,False,,0.798
sampled_pg_reward_only,adverse,32,91054,True,0,0.48333904628996666,0.0037701228382218347,0.015878841052986665,False,,0.803
sampled_pg_reward_only,adverse,32,91055,True,0,0.4832827382433512,0.0038027494760572104,0.015956410030526728,False,,0.788
sampled_pg_reward_only,adverse,32,91056,True,0,0.4832936119360013,0.003783166954623403,0.01587836168724458,False,,0.805
sampled_pg_reward_only,adverse,32,91057,True,0,0.48331637932030397,0.00376746763126609,0.015747763053752223,False,,0.81
sampled_pg_reward_only,adverse,32,91058,True,0,0.4831368859429801,0.003864216174089315,0.015894205576630297,False,,0.766
sampled_pg_reward_only,adverse,32,91059,True,0,0.4833055924612601,0.003782964221657844,0.015875386818071633,False,,0.794
sampled_pg_reward_only,adverse,32,91060,True,0,0.48313597717708723,0.0038578668369356204,0.01589937774355887,False,,0.763
sampled_pg_reward_only,adverse,32,91061,True,0,0.48333008763850954,0.003765053641691781,0.01579265144991675,False,,0.793
sampled_pg_reward_only,adverse,32,91062,True,0,0.483167571267851,0.003848652815992262,0.01590038462153994,False,,0.786
sampled_pg_reward_only,adverse,32,91063,True,0,0.48327234421924364,0.00379730280988191,0.01587184562900007,False,,0.795
sampled_pg_reward_only,adverse,32,91064,True,0,0.483285418330853,0.0037974971420986717,0.01582261892299923,False,,0.782
sampled_pg_reward_only,adverse,32,91065,True,0,0.4833220974126139,0.0037639373412212728,0.015886615184622862,False,,0.809
sampled_pg_reward_only,adverse,32,91066,True,0,0.4833368994138479,0.0037719842711254766,0.015831887690644017,False,,0.798
sampled_pg_reward_only,adverse,32,91067,True,0,0.4833335993306296,0.0037768320712136287,0.015829175844501154,False,,0.793
sampled_pg_reward_only,adverse,32,91068,True,0,0.48320441402673425,0.0038309637467577448,0.015905980723558803,False,,0.774
sampled_pg_reward_only,adverse,32,91069,True,0,0.4833337738990317,0.0037728198331225863,0.015923413730353463,False,,0.804
sampled_pg_reward_only,adverse,32,91070,True,0,0.48330967956208437,0.0037678142879889803,0.015795246053405605,False,,0.796
sampled_pg_reward_only,adverse,32,91071,True,0,0.4831245002732339,0.00386565197195765,0.01594153519440696,False,,0.765
sampled_pg_reward_only,adverse,32,91072,True,0,0.4832571867785236,0.0038109039883262507,0.015818734480240685,False,,0.782
sampled_pg_reward_only,adverse,32,91073,True,0,0.4832778378824742,0.0037912103152940714,0.015829206039476282,False,,0.804
sampled_pg_reward_only,adverse,32,91074,True,0,0.48321377347109734,0.003824255137978791,0.015999932443912936,False,,0.794
sampled_pg_reward_only,adverse,32,91075,True,0,0.48325365352751265,0.0038153319506802016,0.015908020061581218,False,,0.79
sampled_pg_reward_only,adverse,32,91076,True,0,0.4832636759761298,0.0038059241117588565,0.015866585684647015,False,,0.788
sampled_pg_reward_only,adverse,32,91077,True,0,0.48332282165136015,0.003779556904469446,0.015828016573650322,False,,0.8
sampled_pg_reward_only,adverse,32,91078,True,0,0.4832481919615844,0.0038062531853843215,0.01586974211158682,False,,0.785
sampled_pg_reward_only,adverse,32,91079,True,0,0.4832373082615368,0.0038097153327804447,0.0159151694016652,False,,0.792
sampled_pg_reward_only,adverse,32,91080,True,0,0.48320692243728625,0.0038273289106987417,0.015861402522640837,False,,0.787
sampled_pg_reward_only,adverse,32,91081,True,0,0.48329888747173794,0.0037773776592536974,0.015881669054282625,False,,0.799
sampled_pg_reward_only,adverse,32,91082,True,0,0.4833685649833086,0.003749179419800072,0.015889159291919638,False,,0.812
sampled_pg_reward_only,adverse,32,91083,True,0,0.48318596291666366,0.0038462063552568344,0.015944232434864786,False,,0.785
sampled_pg_reward_only,adverse,32,91084,True,0,0.48318515332582834,0.0038406070333430833,0.015856274287087746,False,,0.761
sampled_pg_reward_only,adverse,32,91085,True,0,0.48323087151592037,0.0038285526845487127,0.01604090157108878,False,,0.792
sampled_pg_reward_only,adverse,32,91086,True,0,0.4832418958064245,0.003821860066061592,0.015950441053293095,False,,0.768
sampled_pg_reward_only,adverse,32,91087,True,0,0.4832190649686456,0.0038289152125365127,0.016087462890809374,False,,0.793
sampled_pg_reward_only,adverse,32,91088,True,0,0.4831802382324832,0.003839947973855425,0.015949389006546258,False,,0.778
sampled_pg_reward_only,adverse,32,91089,True,0,0.48317361416987015,0.003848320158688709,0.01589965794284812,False,,0.783
sampled_pg_reward_only,adverse,32,91090,True,0,0.48318772735823895,0.0038461217380437755,0.015805993934623556,False,,0.76
sampled_pg_reward_only,adverse,32,91091,True,0,0.4832671076540619,0.0038043790827747273,0.01600519372080247,False,,0.781
sampled_pg_reward_only,adverse,32,91092,True,0,0.48323800440671044,0.0038084152165423907,0.01582427612803596,False,,0.791
sampled_pg_reward_only,adverse,32,91093,True,0,0.48329235395504044,0.0037844698170192387,0.01578631738223443,False,,0.794
sampled_pg_reward_only,adverse,32,91094,True,0,0.4832145402987584,0.0038390097125151072,0.01594418203996466,False,,0.774
sampled_pg_reward_only,adverse,32,91095,True,0,0.48319164049356866,0.003837076310156654,0.015812541466362264,False,,0.776
sampled_pg_reward_only,adverse,32,91096,True,0,0.48321698765051735,0.003836054796786694,0.01613055811627207,False,,0.79
sampled_pg_reward_only,adverse,32,91097,True,0,0.4832202564594487,0.0038284653474062766,0.015859388359813514,False,,0.772
sampled_pg_reward_only,adverse,32,91098,True,0,0.4832270941508813,0.0038227285560775807,0.016045606132177204,False,,0.794
sampled_pg_reward_only,adverse,32,91099,True,0,0.4832646255618257,0.0037940511340380715,0.015829218385794257,False,,0.787
sampled_pg_logbarrier_handoff,adverse,32,91000,True,0,0.45233784118562964,0.043251178725892354,0.06623705047618715,False,,0.062
sampled_pg_logbarrier_handoff,adverse,32,91001,True,0,0.452423978130664,0.04341642391568446,0.06838076995820838,False,,0.059
sampled_pg_logbarrier_handoff,adverse,32,91002,True,0,0.45161179697575393,0.045188218402504615,0.07293766080463984,False,,0.078
sampled_pg_logbarrier_handoff,adverse,32,91003,True,0,0.45258906659465237,0.04291520322301098,0.06718068259605771,False,,0.072
sampled_pg_logbarrier_handoff,adverse,32,91004,True,0,0.4524484219345831,0.043275761988057014,0.0653607656782146,False,,0.07
sampled_pg_logbarrier_handoff,adverse,32,91005,True,0,0.45187066173530926,0.04463909818364326,0.07516979334192207,False,,0.06
sampled_pg_logbarrier_handoff,adverse,32,91006,True,0,0.45273054397854995,0.04262075609464637,0.06508699424451588,False,,0.064
sampled_pg_logbarrier_handoff,adverse,32,91007,True,0,0.4520023286190776,0.04377951306289509,0.06679902248146602,False,,0.076
sampled_pg_logbarrier_handoff,adverse,32,91008,True,0,0.4533266630573292,0.04175907541352449,0.06477997098466105,False,,0.076
sampled_pg_logbarrier_handoff,adverse,32,91009,True,0,0.45065000845430414,0.046151961219048514,0.0674295551307673,False,,0.064
sampled_pg_logbarrier_handoff,adverse,32,91010,True,0,0.45275160084901267,0.04257705736339582,0.062353556480283366,False,,0.081
sampled_pg_logbarrier_handoff,adverse,32,91011,True,0,0.4520618005383061,0.04373257536249418,0.06508189591883416,False,,0.07
sampled_pg_logbarrier_handoff,adverse,32,91012,True,0,0.45200975852713277,0.04431012204214388,0.07099513747099927,False,,0.078
sampled_pg_logbarrier_handoff,adverse,32,91013,True,0,0.4531105394151939,0.04223607810107271,0.06627013266546068,False,,0.08
sampled_pg_logbarrier_handoff,adverse,32,91014,True,0,0.45222574779697056,0.04411312645844265,0.07078972710995454,False,,0.083
sampled_pg_logbarrier_handoff,adverse,32,91015,True,0,0.4523003088658427,0.04373836424113405,0.06969265741843893,False,,0.063
sampled_pg_logbarrier_handoff,adverse,32,91016,True,0,0.45333375662410197,0.04129046892467897,0.06150938070863178,False,,0.062
sampled_pg_logbarrier_handoff,adverse,32,91017,True,0,0.4509799572320837,0.04595225978143908,0.07234206080270998,False,,0.07
sampled_pg_logbarrier_handoff,adverse,32,91018,True,0,0.45079859607071027,0.045353798169117235,0.0651829457002327,False,,0.069
sampled_pg_logbarrier_handoff,adverse,32,91019,True,0,0.4518257518417921,0.04423006562699456,0.06615288515362443,False,,0.085
sampled_pg_logbarrier_handoff,adverse,32,91020,True,0,0.45280541832240295,0.04294656519253484,0.07065392430245342,False,,0.082
sampled_pg_logbarrier_handoff,adverse,32,91021,True,0,0.45329955394195054,0.041660067593669386,0.06520816219246509,False,,0.073
sampled_pg_logbarrier_handoff,adverse,32,91022,True,0,0.4514260298643285,0.044862362553683005,0.06973359259103473,False,,0.075
sampled_pg_logbarrier_handoff,adverse,32,91023,True,0,0.45266013141335393,0.04264540221363968,0.06316063075442152,False,,0.091
sampled_pg_logbarrier_handoff,adverse,32,91024,True,0,0.45254742607827575,0.04291294717272238,0.06802365077183313,False,,0.083
sampled_pg_logbarrier_handoff,adverse,32,91025,True,0,0.45207380685952303,0.04422401493945508,0.07078356645616894,False,,0.065
sampled_pg_logbarrier_handoff,adverse,32,91026,True,0,0.4520991979524509,0.043937385411588044,0.06868815249442285,False,,0.064
sampled_pg_logbarrier_handoff,adverse,32,91027,True,0,0.45214789574716613,0.043715567494965496,0.06514056328281101,False,,0.072
sampled_pg_logbarrier_handoff,adverse,32,91028,True,0,0.45251950740636837,0.04267529179516839,0.0638891767612376,False,,0.085
sampled_pg_logbarrier_handoff,adverse,32,91029,True,0,0.45213249448024223,0.04363315863715995,0.06848170031403737,False,,0.081
sampled_pg_logbarrier_handoff,adverse,32,91030,True,0,0.45186405551695435,0.0442424121223865,0.06908355900654325,False,,0.077
sampled_pg_logbarrier_handoff,adverse,32,91031,True,0,0.4520993562987082,0.04407087760801776,0.07228485112753606,False,,0.066
sampled_pg_logbarrier_handoff,adverse,32,91032,True,0,0.45214615020851034,0.043541570531395186,0.06491768183637618,False,,0.063
sampled_pg_logbarrier_handoff,adverse,32,91033,True,0,0.4524403451159913,0.0431303953884361,0.06448495607285967,False,,0.072
sampled_pg_logbarrier_handoff,adverse,32,91034,True,0,0.4511479685910663,0.04606408982581252,0.07510415698907562,False,,0.062
sampled_pg_logbarrier_handoff,adverse,32,91035,True,0,0.45189469672091837,0.04355984039112454,0.06214658943776089,False,,0.061
sampled_pg_logbarrier_handoff,adverse,32,91036,True,0,0.4524667621529292,0.043426340862518696,0.06857693061226297,False,,0.074
sampled_pg_logbarrier_handoff,adverse,32,91037,True,0,0.45316760902649944,0.041907750204994446,0.06384604688158138,False,,0.081
sampled_pg_logbarrier_handoff,adverse,32,91038,True,0,0.4514072219108939,0.04508936980658702,0.06876661851018571,False,,0.068
sampled_pg_logbarrier_handoff,adverse,32,91039,True,0,0.45245183015662427,0.043370206584114425,0.06735581311652504,False,,0.072
sampled_pg_logbarrier_handoff,adverse,32,91040,True,0,0.45172119829000573,0.04478637529605996,0.07003067239774309,False,,0.07
sampled_pg_logbarrier_handoff,adverse,32,91041,True,0,0.4518681637687795,0.04373201584033348,0.06324632719205,False,,0.06
sampled_pg_logbarrier_handoff,adverse,32,91042,True,0,0.45240925806934174,0.04355808183022391,0.07181679722779177,False,,0.075
sampled_pg_logbarrier_handoff,adverse,32,91043,True,0,0.451850558501907,0.04498907989421501,0.07494056036054107,False,,0.086
sampled_pg_logbarrier_handoff,adverse,32,91044,True,0,0.45299261176408606,0.04198011104194415,0.06232955928968287,False,,0.086
sampled_pg_logbarrier_handoff,adverse,32,91045,True,0,0.45209917990284504,0.04394330447829774,0.06997194825315223,False,,0.061
sampled_pg_logbarrier_handoff,adverse,32,91046,True,0,0.45235560309561357,0.043063354149905954,0.06172629630908502,False,,0.075
sampled_pg_logbarrier_handoff,adverse,32,91047,True,0,0.4521085251150194,0.04380701013540348,0.0678999090087248,False,,0.095
sampled_pg_logbarrier_handoff,adverse,32,91048,True,0,0.45179943934115185,0.04437976655837791,0.06748874523476076,False,,0.073
sampled_pg_logbarrier_handoff,adverse,32,91049,True,0,0.4516684199417196,0.0442561652558571,0.06644573608246573,False,,0.072
sampled_pg_logbarrier_handoff,adverse,32,91050,True,0,0.4534588627799945,0.04129469197479009,0.06300305259205623,False,,0.072
sampled_pg_logbarrier_handoff,adverse,32,91051,True,0,0.4523002561591284,0.043625795900763376,0.06853323693758093,False,,0.062
sampled_pg_logbarrier_handoff,adverse,32,91052,True,0,0.45282230371099325,0.042411964206281995,0.06417410759328673,False,,0.08
sampled_pg_logbarrier_handoff,adverse,32,91053,True,0,0.4528034603218517,0.0425601852223132,0.06437454284459276,False,,0.087
sampled_pg_logbarrier_handoff,adverse,32,91054,True,0,0.4532099460574378,0.04181362464727876,0.06215245281787951,False,,0.069
sampled_pg_logbarrier_handoff,adverse,32,91055,True,0,0.45178139231867576,0.04412681589597778,0.06490868960327677,False,,0.076
sampled_pg_logbarrier_handoff,adverse,32,91056,True,0,0.45190650388355086,0.04424046313320556,0.07008322652819947,False,,0.062
sampled_pg_logbarrier_handoff,adverse,32,91057,True,0,0.4528352361458718,0.042482237065682334,0.0666129930885165,False,,0.072
sampled_pg_logbarrier_handoff,adverse,32,91058,True,0,0.4523237366735473,0.04314798400367241,0.06486602481189085,False,,0.082
sampled_pg_logbarrier_handoff,adverse,32,91059,True,0,0.45225862862128785,0.04340413527523012,0.06672100649608236,False,,0.065
sampled_pg_logbarrier_handoff,adverse,32,91060,True,0,0.4530684562299985,0.04210643781278453,0.06914174147151582,False,,0.073
sampled_pg_logbarrier_handoff,adverse,32,91061,True,0,0.4517163069959875,0.04450246430754525,0.06864693130053219,False,,0.067
sampled_pg_logbarrier_handoff,adverse,32,91062,True,0,0.45015363693173105,0.0470003406913378,0.06852960429292113,False,,0.064
sampled_pg_logbarrier_handoff,adverse,32,91063,True,0,0.4526808902678521,0.042915436711707514,0.06724516356559401,False,,0.08
sampled_pg_logbarrier_handoff,adverse,32,91064,True,0,0.45220007918550825,0.04339603379297828,0.06660966499641689,False,,0.067
sampled_pg_logbarrier_handoff,adverse,32,91065,True,0,0.45371650060539803,0.04097938503082594,0.06443498532210451,False,,0.082
sampled_pg_logbarrier_handoff,adverse,32,91066,True,0,0.4514023950206529,0.04535540518372191,0.07151234043257752,False,,0.06
sampled_pg_logbarrier_handoff,adverse,32,91067,True,0,0.4515934863574152,0.04526486831237483,0.07502463694771852,False,,0.063
sampled_pg_logbarrier_handoff,adverse,32,91068,True,0,0.45179225556114067,0.04436105812255352,0.06883111169916686,False,,0.073
sampled_pg_logbarrier_handoff,adverse,32,91069,True,0,0.45308910972236927,0.042268595299856215,0.06546311507652978,False,,0.08
sampled_pg_logbarrier_handoff,adverse,32,91070,True,0,0.4519327024369211,0.0440896790549637,0.07015242272945871,False,,0.07
sampled_pg_logbarrier_handoff,adverse,32,91071,True,0,0.4520792614476289,0.044007767718147156,0.06886175557541527,False,,0.067
sampled_pg_logbarrier_handoff,adverse,32,91072,True,0,0.4519053002215196,0.0438990806510286,0.0647126804619909,False,,0.077
sampled_pg_logbarrier_handoff,adverse,32,91073,True,0,0.4518283123536431,0.0446229713306906,0.07115666957592565,False,,0.081
sampled_pg_logbarrier_handoff,adverse,32,91074,True,0,0.45295041470359565,0.042277839311186394,0.06621708678411828,False,,0.08
sampled_pg_logbarrier_handoff,adverse,32,91075,True,0,0.4521379364122331,0.04428443586075485,0.07074840239856799,False,,0.075
sampled_pg_logbarrier_handoff,adverse,32,91076,True,0,0.4512273468525641,0.045388153906904934,0.07147033832335908,False,,0.064
sampled_pg_logbarrier_handoff,adverse,32,91077,True,0,0.4511791728127204,0.04551072131090509,0.07040299635479703,False,,0.061
sampled_pg_logbarrier_handoff,adverse,32,91078,True,0,0.4539971400503375,0.040796488552746035,0.0666621375847388,False,,0.076
sampled_pg_logbarrier_handoff,adverse,32,91079,True,0,0.45232771321432924,0.043240742785662645,0.06721319517955116,False,,0.082
sampled_pg_logbarrier_handoff,adverse,32,91080,True,0,0.4526707615437912,0.04318129404733924,0.07129149332570515,False,,0.061
sampled_pg_logbarrier_handoff,adverse,32,91081,True,0,0.4525113780471634,0.042708308987679286,0.06136627361284056,False,,0.071
sampled_pg_logbarrier_handoff,adverse,32,91082,True,0,0.45275500493237497,0.0432792350185988,0.07301977012182335,False,,0.071
sampled_pg_logbarrier_handoff,adverse,32,91083,True,0,0.45240695930575264,0.043337175098863624,0.06682774037920383,False,,0.065
sampled_pg_logbarrier_handoff,adverse,32,91084,True,0,0.45285845687029513,0.042031601686461674,0.06226862629510468,False,,0.078
sampled_pg_logbarrier_handoff,adverse,32,91085,True,0,0.45238537176264026,0.04352746480235338,0.06574255286760054,False,,0.079
sampled_pg_logbarrier_handoff,adverse,32,91086,True,0,0.45279371941764834,0.04307503880386379,0.07153797063253839,False,,0.066
sampled_pg_logbarrier_handoff,adverse,32,91087,True,0,0.45172021433527804,0.04464765956016226,0.06960452812701114,False,,0.059
sampled_pg_logbarrier_handoff,adverse,32,91088,True,0,0.45206930207518065,0.04373535452382363,0.06705648891370689,False,,0.073
sampled_pg_logbarrier_handoff,adverse,32,91089,True,0,0.45212694680833726,0.043902283954289474,0.06736749282314788,False,,0.083
sampled_pg_logbarrier_handoff,adverse,32,91090,True,0,0.45205226670799903,0.04335836011583983,0.06395894914099837,False,,0.082
sampled_pg_logbarrier_handoff,adverse,32,91091,True,0,0.45209682934235773,0.043929044706430546,0.06835717203895877,False,,0.07
sampled_pg_logbarrier_handoff,adverse,32,91092,True,0,0.4520635122292449,0.04406145187196147,0.0706467072050008,False,,0.062
sampled_pg_logbarrier_handoff,adverse,32,91093,True,0,0.45245505779097234,0.043015059798008334,0.06563670084638856,False,,0.062
sampled_pg_logbarrier_handoff,adverse,32,91094,True,0,0.4524373029722185,0.04353022380125533,0.06807138777789988,False,,0.084
sampled_pg_logbarrier_handoff,adverse,32,91095,True,0,0.45335543002427664,0.0418449691604714,0.06491262361347147,False,,0.076
sampled_pg_logbarrier_handoff,adverse,32,91096,True,0,0.4508440958950552,0.046251941217362876,0.07177708767843463,False,,0.064
sampled_pg_logbarrier_handoff,adverse,32,91097,True,0,0.451477528923943,0.04495440086236666,0.07013690351336763,False,,0.076
sampled_pg_logbarrier_handoff,adverse,32,91098,True,0,0.4526471597453464,0.04306441119630149,0.06782831951377719,False,,0.076
sampled_pg_logbarrier_handoff,adverse,32,91099,True,0,0.45159444134473,0.04423165729916583,0.06463142574372423,False,,0.068
sampled_npg_reward_only,adverse,32,91000,False,1,0.4890341395316463,0.0015246634697285246,0.015165382757703958,False,,0.8
sampled_npg_reward_only,adverse,32,91001,False,1,0.4999922760304793,5.926448044863759e-07,0.015876239976466765,False,,0.9166666666666666
sampled_npg_reward_only,adverse,32,91002,False,1,0.5,4.419834164392552e-31,0.013542176447259299,False,,0.5833333333333334
sampled_npg_reward_only,adverse,32,91003,False,1,0.5,0.0,0.01535702759011798,False,,0.8
sampled_npg_reward_only,adverse,32,91004,False,1,0.4968356501528455,0.00037107816211438415,0.015656187261784447,False,,0.8461538461538461
sampled_npg_reward_only,adverse,32,91005,False,1,0.5,3.588200006990063e-134,0.01474965975944033,False,,0.7272727272727273
sampled_npg_reward_only,adverse,32,91006,False,1,0.49925937441481744,6.220710323261744e-05,0.015876239976466765,False,,0.9285714285714286
sampled_npg_reward_only,adverse,32,91007,False,1,0.49177899586144036,0.0008418161831468057,0.015876239976466765,False,,0.9333333333333333
sampled_npg_reward_only,adverse,32,91008,False,1,0.498837115476447,0.00027969935368485143,0.012392572872791614,False,,0.5384615384615384
sampled_npg_reward_only,adverse,32,91009,False,1,0.4999662171102974,3.289490486648241e-06,0.01498415097948142,False,,0.75
sampled_npg_reward_only,adverse,32,91010,False,1,0.4999948731552684,4.206116647046835e-07,0.01558207159638207,False,,0.8333333333333334
sampled_npg_reward_only,adverse,32,91011,False,1,0.4880737478932697,0.0014501726006569814,0.01547583507195305,False,,0.7857142857142857
sampled_npg_reward_only,adverse,32,91012,False,1,0.4959653400587554,0.000771567456535224,0.014107779101495115,False,,0.6923076923076923
sampled_npg_reward_only,adverse,32,91013,False,1,0.5,5.370978944935562e-124,0.014875744642197947,False,,0.5454545454545454
sampled_npg_reward_only,adverse,32,91014,False,1,0.5,0.0,0.0138586475491134,False,,0.45454545454545453
sampled_npg_reward_only,adverse,32,91015,False,1,0.4983906380203415,0.00039447158786496366,0.011611025837552856,False,,0.46153846153846156
sampled_npg_reward_only,adverse,32,91016,False,1,0.4922027491773595,0.0011796552920631575,0.014245586157326478,False,,0.8
sampled_npg_reward_only,adverse,32,91017,False,1,0.4971757948617009,0.0003604946179359982,0.014886577976338982,False,,0.8
sampled_npg_reward_only,adverse,32,91018,False,1,0.49639394706180545,0.000322797377526671,0.015876239976466765,False,,0.9285714285714286
sampled_npg_reward_only,adverse,32,91019,False,1,0.49674674717494594,0.0003731681040466293,0.015325435256437342,False,,0.7692307692307693
sampled_npg_reward_only,adverse,32,91020,False,1,0.4984718020886873,0.00033479144130761277,0.014321242360108543,False,,0.5384615384615384
sampled_npg_reward_only,adverse,32,91021,False,1,0.4886383756114932,0.0012581690710815614,0.01523105509953916,False,,0.8666666666666667
sampled_npg_reward_only,adverse,32,91022,False,1,0.5,0.0,0.015876239976466765,False,,0.8
sampled_npg_reward_only,adverse,32,91023,False,1,0.4971384533608484,0.0002770813580440106,0.015876239976466765,False,,0.9230769230769231
sampled_npg_reward_only,adverse,32,91024,False,1,0.49637190650926233,0.000418651381123003,0.015096408189108084,False,,0.7857142857142857
sampled_npg_reward_only,adverse,32,91025,False,1,0.5,0.0,0.015876239976466765,False,,0.9
sampled_npg_reward_only,adverse,32,91026,False,1,0.5,0.0,0.014028619460097407,False,,0.6363636363636364
sampled_npg_reward_only,adverse,32,91027,False,1,0.4999920505798913,6.756761016247689e-07,0.01536564614812512,False,,0.8333333333333334
sampled_npg_reward_only,adverse,32,91028,False,1,0.4999999816616517,1.2316883979435612e-09,0.01276845785319265,False,,0.5833333333333334
sampled_npg_reward_only,adverse,32,91029,False,1,0.4864642349277151,0.0012008297702386745,0.015876239976466765,False,,0.9333333333333333
sampled_npg_reward_only,adverse,32,91030,False,1,0.4999999999999776,6.742516622985677e-16,0.014862905276969889,False,,0.8333333333333334
sampled_npg_reward_only,adverse,32,91031,False,1,0.4964050327689244,0.00032901601650539846,0.015876239976466765,False,,0.9230769230769231
sampled_npg_reward_only,adverse,32,91032,False,1,0.4999999999945223,2.1982635280061133e-13,0.015121324271859027,False,,0.8333333333333334
sampled_npg_reward_only,adverse,32,91033,False,1,0.5,1.8538390887482874e-254,0.008818883539919335,False,,0.4
sampled_npg_reward_only,adverse,32,91034,False,1,0.4999995045110272,3.591032880266261e-08,0.015647495108806742,False,,0.8333333333333334
sampled_npg_reward_only,adverse,32,91035,False,1,0.5,9.956545477748863e-29,0.014260168972887233,False,,0.6666666666666666
sampled_npg_reward_only,adverse,32,91036,False,1,0.5,0.0,0.01544204082272127,False,,0.7272727272727273
sampled_npg_reward_only,adverse,32,91037,False,1,0.499896621507362,8.77263310758265e-06,0.015876239976466765,False,,0.9166666666666666
sampled_npg_reward_only,adverse,32,91038,False,1,0.5,0.0,0.01474350450595111,False,,0.7272727272727273
sampled_npg_reward_only,adverse,32,91039,False,1,0.5,0.0,0.014954019586977448,False,,0.5555555555555556
sampled_npg_reward_only,adverse,32,91040,False,1,0.4999987899521466,8.719987733722975e-08,0.015876239976466765,False,,0.9166666666666666
sampled_npg_reward_only,adverse,32,91041,False,1,0.4999999999082165,4.272110774499597e-12,0.017036325945187718,False,,0.6666666666666666
sampled_npg_reward_only,adverse,32,91042,False,1,0.4999999921490664,4.916567861337201e-10,0.014282357422212576,False,,0.6666666666666666
sampled_npg_reward_only,adverse,32,91043,False,1,0.5,0.0,0.015876239976466765,False,,0.9
sampled_npg_reward_only,adverse,32,91044,False,1,0.5,6.809844096512133e-46,0.012342950451308211,False,,0.5
sampled_npg_reward_only,adverse,32,91045,False,1,0.5,6.0420824360417605e-127,0.01441530208921552,False,,0.6363636363636364
sampled_npg_reward_only,adverse,32,91046,False,1,0.5,0.0,0.015229700391824735,False,,0.7
sampled_npg_reward_only,adverse,32,91047,False,1,0.5,0.0,0.015377743433439109,False,,0.7777777777777778
sampled_npg_reward_only,adverse,32,91048,False,1,0.4999999999978778,8.09516513095127e-14,0.015876239976466765,False,,0.9166666666666666
sampled_npg_reward_only,adverse,32,91049,False,1,0.4991248579830472,0.00010647987096357738,0.015876239976466765,False,,0.7692307692307693
sampled_npg_reward_only,adverse,32,91050,False,1,0.5,0.0,0.015876239976466765,False,,0.9090909090909091
sampled_npg_reward_only,adverse,32,91051,False,1,0.5,8.635642401579946e-26,0.015876239976466765,False,,0.9166666666666666
sampled_npg_reward_only,adverse,32,91052,False,1,0.5,1.2101111244592523e-151,0.015876239976466765,False,,0.9090909090909091
sampled_npg_reward_only,adverse,32,91053,False,1,0.49975881280501133,4.396184155666194e-05,0.013806717876816156,False,,0.7692307692307693
sampled_npg_reward_only,adverse,32,91054,False,1,0.5,0.0,0.0139092726419057,False,,0.6363636363636364
sampled_npg_reward_only,adverse,32,91055,False,1,0.5,0.0,0.014527935424249122,False,,0.6
sampled_npg_reward_only,adverse,32,91056,False,1,0.4998705525928251,1.8653867108653965e-05,0.013956592300988061,False,,0.5
sampled_npg_reward_only,adverse,32,91057,False,1,0.5,0.0,0.01547583507195305,False,,0.8181818181818182
sampled_npg_reward_only,adverse,32,91058,False,1,0.5,0.0,0.015481740027708359,False,,0.8181818181818182
sampled_npg_reward_only,adverse,32,91059,False,1,0.49520288976508453,0.0007410669036299716,0.014797379186905012,False,,0.7142857142857143
sampled_npg_reward_only,adverse,32,91060,False,1,0.4883969748711321,0.0011913172968607765,0.015876239976466765,False,,0.8666666666666667
sampled_npg_reward_only,adverse,32,91061,False,1,0.4856145153054316,0.0012170838743895999,0.015876239976466765,False,,0.9411764705882353
sampled_npg_reward_only,adverse,32,91062,False,1,0.49994541595186476,6.649518032620071e-06,0.013872213163937885,False,,0.6666666666666666
sampled_npg_reward_only,adverse,32,91063,False,1,0.49999928988864056,5.89224707437892e-08,0.015122328220601257,False,,0.75
sampled_npg_reward_only,adverse,32,91064,False,1,0.48818091792343965,0.0015669694808504856,0.014702811123749064,False,,0.7333333333333333
sampled_npg_reward_only,adverse,32,91065,False,1,0.49997770119885687,2.4067323537032454e-06,0.01462851106854285,False,,0.75
sampled_npg_reward_only,adverse,32,91066,False,1,0.49999526768774927,5.663506662425986e-07,0.013073451418588834,False,,0.75
sampled_npg_reward_only,adverse,32,91067,False,1,0.5,0.0,0.015876239976466765,False,,0.8181818181818182
sampled_npg_reward_only,adverse,32,91068,False,1,0.4918538947065623,0.0010913665832501525,0.015525345498830957,False,,0.8
sampled_npg_reward_only,adverse,32,91069,False,1,0.4999999999999992,1.732804828997305e-17,0.015067216662351625,False,,0.75
sampled_npg_reward_only,adverse,32,91070,False,1,0.4959670161142702,0.0005307465384109578,0.014487482604858668,False,,0.7333333333333333
sampled_npg_reward_only,adverse,32,91071,False,1,0.49999999999970696,9.712878234930391e-15,0.014871506779731803,False,,0.75
sampled_npg_reward_only,adverse,32,91072,False,1,0.5,0.0,0.013156196616823365,False,,0.45454545454545453
sampled_npg_reward_only,adverse,32,91073,False,1,0.5,3.2590107263234896e-22,0.015391219129261629,False,,0.8333333333333334
sampled_npg_reward_only,adverse,32,91074,False,1,0.49936568401503784,6.54397510519773e-05,0.015448898471617614,False,,0.8571428571428571
sampled_npg_reward_only,adverse,32,91075,False,1,0.5,0.0,0.01358178186911501,False,,0.5
sampled_npg_reward_only,adverse,32,91076,False,1,0.5,0.0,0.011500360051341911,False,,0.6666666666666666
sampled_npg_reward_only,adverse,32,91077,False,1,0.5,0.0,0.015522728724217217,False,,0.8181818181818182
sampled_npg_reward_only,adverse,32,91078,False,1,0.5,0.0,0.015522728724217217,False,,0.8181818181818182
sampled_npg_reward_only,adverse,32,91079,False,1,0.5,0.0,0.01518538706347215,False,,0.7
sampled_npg_reward_only,adverse,32,91080,False,1,0.5,0.0,0.014159044250238277,False,,0.6363636363636364
sampled_npg_reward_only,adverse,32,91081,False,1,0.5,0.0,0.014200361984962545,False,,0.5454545454545454
sampled_npg_reward_only,adverse,32,91082,False,1,0.4889694494676698,0.0010392966625972803,0.015876239976466765,False,,0.9333333333333333
sampled_npg_reward_only,adverse,32,91083,False,1,0.5,0.0,0.013569464438016677,False,,0.5454545454545454
sampled_npg_reward_only,adverse,32,91084,False,1,0.49540130706949004,0.0005168607544348743,0.019273641291648737,False,,0.8571428571428571
sampled_npg_reward_only,adverse,32,91085,False,1,0.5,0.0,0.015876239976466765,False,,0.9090909090909091
sampled_npg_reward_only,adverse,32,91086,False,1,0.48791646602401584,0.0012928968226026828,0.015360454714722676,False,,0.8
sampled_npg_reward_only,adverse,32,91087,False,1,0.49995713389730756,4.606504773060032e-06,0.014701981583595541,False,,0.75
sampled_npg_reward_only,adverse,32,91088,False,1,0.5,0.0,0.014617311834734855,False,,0.6
sampled_npg_reward_only,adverse,32,91089,False,1,0.5,0.0,0.015613688994397636,False,,0.8
sampled_npg_reward_only,adverse,32,91090,False,1,0.49970024237193666,4.3105001422789575e-05,0.014170205263659426,False,,0.6923076923076923
sampled_npg_reward_only,adverse,32,91091,False,1,0.49411175968632015,0.0005878984490713087,0.015876239976466765,False,,0.9285714285714286
sampled_npg_reward_only,adverse,32,91092,False,1,0.4984324347115868,0.00019097262225791897,0.014384369451454099,False,,0.7692307692307693
sampled_npg_reward_only,adverse,32,91093,False,1,0.5,0.0,0.018559696937767704,False,,0.7272727272727273
sampled_npg_reward_only,adverse,32,91094,False,1,0.4999999999861273,5.817048295266797e-13,0.01473528391343473,False,,0.75
sampled_npg_reward_only,adverse,32,91095,False,1,0.5,0.0,0.015678346374360615,False,,0.8
sampled_npg_reward_only,adverse,32,91096,False,1,0.49998532626686953,1.257483164770984e-06,0.01541369875932813,False,,0.8333333333333334
sampled_npg_reward_only,adverse,32,91097,False,1,0.5,0.0,0.015876239976466765,False,,0.9
sampled_npg_reward_only,adverse,32,91098,False,1,0.49662239812842174,0.0005411889636364801,0.013937451569151674,False,,0.7142857142857143
sampled_npg_reward_only,adverse,32,91099,False,1,0.5,0.0,0.015539297765466592,False,,0.8181818181818182
sampled_npg_logbarrier_handoff,adverse,32,91000,False,1,1.0,1.0,1.0,True,19,0.0038314176245210726
sampled_npg_logbarrier_handoff,adverse,32,91001,False,1,0.9958747676813567,0.9976955457798,0.997470193436641,True,18,0.0038240917782026767
sampled_npg_logbarrier_handoff,adverse,32,91002,False,1,1.0,1.0,1.0,True,19,0.0019193857965451055
sampled_npg_logbarrier_handoff,adverse,32,91003,False,1,1.0,1.0,1.0,True,22,0.0019193857965451055
sampled_npg_logbarrier_handoff,adverse,32,91004,False,1,1.0,1.0,1.0,True,22,0.0019193857965451055
sampled_npg_logbarrier_handoff,adverse,32,91005,False,1,1.0,1.0,1.0,True,19,0.003838771593090211
sampled_npg_logbarrier_handoff,adverse,32,91006,False,1,0.8844504019017634,0.8685090321328592,0.9640953599494835,False,19,0.0019305019305019305
sampled_npg_logbarrier_handoff,adverse,32,91007,False,1,0.9536957700135565,0.9243614241748948,0.9955070001393416,True,21,0.0037735849056603774
sampled_npg_logbarrier_handoff,adverse,32,91008,False,1,0.9989386919180903,0.9997958065496607,0.9990640272663024,True,21,0.003816793893129771
sampled_npg_logbarrier_handoff,adverse,32,91009,False,1,1.0,1.0,1.0,True,20,0.003838771593090211
sampled_npg_logbarrier_handoff,adverse,32,91010,False,1,0.9852877083808607,0.9791743201647181,0.9975081233282643,True,19,0.0019083969465648854
sampled_npg_logbarrier_handoff,adverse,32,91011,False,1,0.9846897481285377,0.969379810128832,0.999999993513911,True,20,0.0019047619047619048
sampled_npg_logbarrier_handoff,adverse,32,91012,False,1,1.0,1.0,1.0,True,21,0.0019193857965451055
sampled_npg_logbarrier_handoff,adverse,32,91013,False,1,1.0,1.0,1.0,True,17,0.003838771593090211
sampled_npg_logbarrier_handoff,adverse,32,91014,False,1,0.9999999889759018,0.9999999887562739,1.0,True,21,0.0019157088122605363
sampled_npg_logbarrier_handoff,adverse,32,91015,False,1,1.0,1.0,1.0,True,20,0.003838771593090211
sampled_npg_logbarrier_handoff,adverse,32,91016,False,1,0.8922912998079897,0.8433398704858616,0.9798364381808002,False,18,0.0038461538461538464
sampled_npg_logbarrier_handoff,adverse,32,91017,False,1,0.983936390448104,0.9718313130060812,0.9988617022200837,True,20,0.0019011406844106464
sampled_npg_logbarrier_handoff,adverse,32,91018,False,1,0.9877351009684902,0.9776685059636391,0.9992933142969974,True,18,0.0038095238095238095
sampled_npg_logbarrier_handoff,adverse,32,91019,False,1,1.0,1.0,1.0,True,18,0.0019157088122605363
sampled_npg_logbarrier_handoff,adverse,32,91020,False,1,0.9901968599677663,0.980626713899208,0.9999584054941364,True,20,0.003795066413662239
sampled_npg_logbarrier_handoff,adverse,32,91021,False,1,0.9970278956122799,0.9989846568796907,0.9976657994353588,True,17,0.003816793893129771
sampled_npg_logbarrier_handoff,adverse,32,91022,False,1,0.9121286393131324,0.911135082157928,0.9637121294596095,True,19,0.0019305019305019305
sampled_npg_logbarrier_handoff,adverse,32,91023,False,1,0.9998482374881092,0.9999963469574519,0.9998476175146327,True,22,0.0019120458891013384
sampled_npg_logbarrier_handoff,adverse,32,91024,False,1,0.9855312430591521,0.9719686284870054,0.9996891716514996,True,21,0.0038095238095238095
sampled_npg_logbarrier_handoff,adverse,32,91025,False,1,0.996231673160296,0.9984033949329821,0.9971806837304008,True,19,0.0038240917782026767
sampled_npg_logbarrier_handoff,adverse,32,91026,False,1,0.9951350423055886,0.9971562286772633,0.9968000177531494,True,17,0.0038240917782026767
sampled_npg_logbarrier_handoff,adverse,32,91027,False,1,1.0,1.0,1.0,True,19,0.0037593984962406013
sampled_npg_logbarrier_handoff,adverse,32,91028,False,1,0.9806712683065506,0.9644033193309631,0.9993539035472461,True,24,0.0018867924528301887
sampled_npg_logbarrier_handoff,adverse,32,91029,False,1,0.99999999152482,1.0,0.9999999914542467,True,21,0.0038314176245210726
sampled_npg_logbarrier_handoff,adverse,32,91030,False,1,0.9933920186314431,0.9944933451517121,0.9965984861571402,True,20,0.0019083969465648854
sampled_npg_logbarrier_handoff,adverse,32,91031,False,1,1.0,1.0,1.0,True,21,0.0019157088122605363
sampled_npg_logbarrier_handoff,adverse,32,91032,False,1,0.9280452015723496,0.9082181742199513,0.9837030232310229,True,16,0.0038684719535783366
sampled_npg_logbarrier_handoff,adverse,32,91033,False,1,1.0,1.0,1.0,True,20,0.0019157088122605363
sampled_npg_logbarrier_handoff,adverse,32,91034,False,1,0.913772123355588,0.8900132347843701,0.9813437668053921,False,17,0.0019230769230769232
sampled_npg_logbarrier_handoff,adverse,32,91035,False,1,0.9949137327792594,0.99910505511488,0.9952755378932882,True,20,0.003816793893129771
sampled_npg_logbarrier_handoff,adverse,32,91036,False,1,0.9725814071191873,0.9590661534453256,0.9954963957537413,True,20,0.001890359168241966
sampled_npg_logbarrier_handoff,adverse,32,91037,False,1,0.9817576380371604,0.9682298887108073,0.9977347615894644,True,18,0.0019047619047619048
sampled_npg_logbarrier_handoff,adverse,32,91038,False,1,0.9215406297166786,0.9065104511040124,0.9802465412286467,True,20,0.0019267822736030828
sampled_npg_logbarrier_handoff,adverse,32,91039,False,1,1.0,1.0,1.0,True,20,0.0019193857965451055
sampled_npg_logbarrier_handoff,adverse,32,91040,False,1,0.9999995359301217,0.9999995175642147,1.0,True,19,0.0019120458891013384
sampled_npg_logbarrier_handoff,adverse,32,91041,False,1,0.9886453309758363,0.9808951526239934,0.9990145716789092,True,20,0.0019083969465648854
sampled_npg_logbarrier_handoff,adverse,32,91042,False,1,0.998316721621694,0.9990177692974694,0.9988995280104674,True,18,0.0038240917782026767
sampled_npg_logbarrier_handoff,adverse,32,91043,False,1,0.9041382874813749,0.8847289248711626,0.969864186513034,False,21,0.0019267822736030828
sampled_npg_logbarrier_handoff,adverse,32,91044,False,1,0.9094181019020479,0.8897560583445264,0.9711834465279422,False,19,0.0038461538461538464
sampled_npg_logbarrier_handoff,adverse,32,91045,False,1,1.0,1.0,1.0,True,19,0.0019193857965451055
sampled_npg_logbarrier_handoff,adverse,32,91046,False,1,1.0,1.0,1.0,True,17,0.003838771593090211
sampled_npg_logbarrier_handoff,adverse,32,91047,False,1,0.9999465291066736,0.999999108330159,0.9999463006649665,True,18,0.0038240917782026767
sampled_npg_logbarrier_handoff,adverse,32,91048,False,1,0.9321254267311513,0.9358142280706688,0.9737458743944647,True,17,0.005802707930367505
sampled_npg_logbarrier_handoff,adverse,32,91049,False,1,0.8967053712744789,0.8710267452338776,0.9666852336445048,False,17,0.003861003861003861
sampled_npg_logbarrier_handoff,adverse,32,91050,False,1,0.9142485313583777,0.8448599644552826,0.995529960442226,False,19,0.0019230769230769232
sampled_npg_logbarrier_handoff,adverse,32,91051,False,1,0.9195531042037386,0.906724084835789,0.9691366879145662,True,20,0.0019267822736030828
sampled_npg_logbarrier_handoff,adverse,32,91052,False,1,0.9999999999994169,1.0,0.9999999999994167,True,21,0.0019157088122605363
sampled_npg_logbarrier_handoff,adverse,32,91053,False,1,0.988308772371206,0.9843170396370897,0.9972872026345666,True,19,0.0019047619047619048
sampled_npg_logbarrier_handoff,adverse,32,91054,False,1,0.8973101523435755,0.8622177376450383,0.9818642852483687,False,21,0.0019230769230769232
sampled_npg_logbarrier_handoff,adverse,32,91055,False,1,0.9999999999999978,0.9999999999999978,1.0,True,19,0.0038314176245210726
sampled_npg_logbarrier_handoff,adverse,32,91056,False,1,0.890551300607206,0.8704756853277663,0.9704995832171687,False,18,0.0019230769230769232
sampled_npg_logbarrier_handoff,adverse,32,91057,False,1,0.9610770053975051,0.9322140488243336,0.9967100593182848,True,19,0.0038022813688212928
sampled_npg_logbarrier_handoff,adverse,32,91058,False,1,0.9999994705731527,0.9999994580289135,1.0,True,18,0.0019120458891013384
sampled_npg_logbarrier_handoff,adverse,32,91059,False,1,0.9998299342911932,0.9999946581624877,0.9998299960995168,True,18,0.0019120458891013384
sampled_npg_logbarrier_handoff,adverse,32,91060,False,1,0.9990524383971361,0.9998954582783616,0.999095628808908,True,18,0.003816793893129771
sampled_npg_logbarrier_handoff,adverse,32,91061,False,1,1.0,1.0,1.0,True,19,0.003838771593090211
sampled_npg_logbarrier_handoff,adverse,32,91062,False,1,1.0,1.0,1.0,True,20,0.0019193857965451055
sampled_npg_logbarrier_handoff,adverse,32,91063,False,1,0.9756355216776605,0.967943091145671,0.9940101434578134,True,19,0.001893939393939394
sampled_npg_logbarrier_handoff,adverse,32,91064,False,1,0.9999677563634548,0.9999652080973642,0.9999999999618294,True,19,0.0038240917782026767
sampled_npg_logbarrier_handoff,adverse,32,91065,False,1,0.9917386699897216,0.9913867231083029,0.9970240598486477,True,21,0.0019047619047619048
sampled_npg_logbarrier_handoff,adverse,32,91066,False,1,0.9982764233857979,0.9994756476632239,0.9985582586047264,True,19,0.003816793893129771
sampled_npg_logbarrier_handoff,adverse,32,91067,False,1,0.9533536863583352,0.912705784654864,0.998196389168217,True,19,0.001890359168241966
sampled_npg_logbarrier_handoff,adverse,32,91068,False,1,0.9999999939849581,0.9999999939744573,0.9999999999999942,True,20,0.0019120458891013384
sampled_npg_logbarrier_handoff,adverse,32,91069,False,1,1.0,1.0,1.0,True,19,0.005758157389635317
sampled_npg_logbarrier_handoff,adverse,32,91070,False,1,0.9970367624844803,0.9976890842964349,0.9985824493780708,True,21,0.0038240917782026767
sampled_npg_logbarrier_handoff,adverse,32,91071,False,1,1.0,1.0,1.0,True,21,0.0019157088122605363
sampled_npg_logbarrier_handoff,adverse,32,91072,False,1,0.9778867509663687,0.9613925648079401,0.9980917606080782,True,20,0.0019011406844106464
sampled_npg_logbarrier_handoff,adverse,32,91073,False,1,0.9999995451084325,0.9999995391479649,1.0,True,20,0.0019157088122605363
sampled_npg_logbarrier_handoff,adverse,32,91074,False,1,0.9780669427654937,0.9674182092297121,0.9955307179923466,True,17,0.0019083969465648854
sampled_npg_logbarrier_handoff,adverse,32,91075,False,1,1.0,1.0,1.0,True,18,0.0038314176245210726
sampled_npg_logbarrier_handoff,adverse,32,91076,False,1,0.9808812919079418,0.9656183279747864,0.9989421707355647,True,18,0.0038022813688212928
sampled_npg_logbarrier_handoff,adverse,32,91077,False,1,0.9886211682170956,0.9813387355931228,0.9989954449271686,True,21,0.003816793893129771
sampled_npg_logbarrier_handoff,adverse,32,91078,False,1,0.9203691842800052,0.8929784136221766,0.9860089490935159,False,18,0.0038535645472061657
sampled_npg_logbarrier_handoff,adverse,32,91079,False,1,0.9990825625418238,0.9999406720093268,0.999110519191996,True,21,0.003816793893129771
sampled_npg_logbarrier_handoff,adverse,32,91080,False,1,1.0,1.0,1.0,True,21,0.0019157088122605363
sampled_npg_logbarrier_handoff,adverse,32,91081,False,1,0.8697161991683731,0.8767771394458703,0.9436974268783144,False,22,0.0019230769230769232
sampled_npg_logbarrier_handoff,adverse,32,91082,False,1,0.989822231313458,0.9863815668667067,0.9976603020352783,True,20,0.0019047619047619048
sampled_npg_logbarrier_handoff,adverse,32,91083,False,1,0.9670143829225452,0.941626513398475,0.997970317348474,True,21,0.0019047619047619048
sampled_npg_logbarrier_handoff,adverse,32,91084,False,1,0.999999893167171,0.9999998902045529,1.0,True,21,0.0038240917782026767
sampled_npg_logbarrier_handoff,adverse,32,91085,False,1,1.0,1.0,1.0,True,22,0.0019193857965451055
sampled_npg_logbarrier_handoff,adverse,32,91086,False,1,0.9999999790126665,0.9999999786639084,1.0,True,19,0.0038240917782026767
sampled_npg_logbarrier_handoff,adverse,32,91087,False,1,0.9555024375839583,0.916765098947831,0.9982811811027564,True,20,0.003787878787878788
sampled_npg_logbarrier_handoff,adverse,32,91088,False,1,0.9911058127315241,0.9949900684870739,0.9940821553870255,True,20,0.0038240917782026767
sampled_npg_logbarrier_handoff,adverse,32,91089,False,1,1.0,1.0,1.0,True,20,0.0019193857965451055
sampled_npg_logbarrier_handoff,adverse,32,91090,False,1,0.9990014083286904,0.9998026841752086,0.9991367277848112,True,20,0.0019083969465648854
sampled_npg_logbarrier_handoff,adverse,32,91091,False,1,1.0,1.0,1.0,True,18,0.003838771593090211
sampled_npg_logbarrier_handoff,adverse,32,91092,False,1,0.987312889929981,0.9822168431276719,0.9976365848860542,True,19,0.0038095238095238095
sampled_npg_logbarrier_handoff,adverse,32,91093,False,1,0.9617995062765088,0.9334786302999656,0.997366484215194,True,17,0.003780718336483932
sampled_npg_logbarrier_handoff,adverse,32,91094,False,1,1.0,1.0,1.0,True,19,0.0019157088122605363
sampled_npg_logbarrier_handoff,adverse,32,91095,False,1,0.9075085983659915,0.8806745290437813,0.9788290941371594,False,18,0.005780346820809248
sampled_npg_logbarrier_handoff,adverse,32,91096,False,1,0.9089697288391336,0.891672683737182,0.966988618779856,False,23,0.0019230769230769232
sampled_npg_logbarrier_handoff,adverse,32,91097,False,1,0.9999999999987744,1.0,0.9999999999987739,True,17,0.005747126436781609
sampled_npg_logbarrier_handoff,adverse,32,91098,False,1,0.997296829765111,0.9994049764141433,0.9976958194340836,True,20,0.0019083969465648854
sampled_npg_logbarrier_handoff,adverse,32,91099,False,1,0.9786199952390813,0.9679230751729326,0.9971275490608034,True,16,0.003795066413662239
sampled_pg_logbarrier_fixed,adverse,32,91000,True,0,0.354572928906588,0.2947389156856667,0.2764752174751093,False,,0.029
sampled_pg_logbarrier_fixed,adverse,32,91001,True,0,0.36368013731603177,0.31237025000943075,0.31907453916891554,False,,0.033
sampled_pg_logbarrier_fixed,adverse,32,91002,True,0,0.36725219591262803,0.31780548804158504,0.3338040309708846,False,,0.039
sampled_pg_logbarrier_fixed,adverse,32,91003,True,0,0.3559213407039673,0.2975951019118902,0.28407549042389496,False,,0.034
sampled_pg_logbarrier_fixed,adverse,32,91004,True,0,0.3585948693132607,0.3049168671976437,0.29689463744818073,False,,0.03
sampled_pg_logbarrier_fixed,adverse,32,91005,True,0,0.36302154083738175,0.3096512386330198,0.3163719171554806,False,,0.032
sampled_pg_logbarrier_fixed,adverse,32,91006,True,0,0.36004959405615883,0.3072484473565952,0.3041840099192248,False,,0.025
sampled_pg_logbarrier_fixed,adverse,32,91007,True,0,0.36055728035782175,0.31130465903313215,0.30744493108839965,False,,0.04
sampled_pg_logbarrier_fixed,adverse,32,91008,True,0,0.3578491117379562,0.30014558326314716,0.29155060964322366,False,,0.027
sampled_pg_logbarrier_fixed,adverse,32,91009,True,0,0.35745739936121346,0.3000893341219976,0.29135525536301815,False,,0.034
sampled_pg_logbarrier_fixed,adverse,32,91010,True,0,0.35343618438577756,0.2955412338016353,0.273442172722082,False,,0.037
sampled_pg_logbarrier_fixed,adverse,32,91011,True,0,0.35900813687361766,0.2958639400455043,0.29315679496832237,False,,0.034
sampled_pg_logbarrier_fixed,adverse,32,91012,True,0,0.3577210525485035,0.30139278747924886,0.29234122566660936,False,,0.041
sampled_pg_logbarrier_fixed,adverse,32,91013,True,0,0.36072272046528353,0.29565937666935727,0.29894562422821364,False,,0.031
sampled_pg_logbarrier_fixed,adverse,32,91014,True,0,0.35854023250716294,0.3019228551678312,0.29525189556066883,False,,0.041
sampled_pg_logbarrier_fixed,adverse,32,91015,True,0,0.3619966736608272,0.3126733385284912,0.3142706315486295,False,,0.032
sampled_pg_logbarrier_fixed,adverse,32,91016,True,0,0.35485394834787853,0.2880667676462672,0.27414341026155115,False,,0.025
sampled_pg_logbarrier_fixed,adverse,32,91017,True,0,0.36167093914481196,0.30211405106289646,0.3062739342917539,False,,0.036
sampled_pg_logbarrier_fixed,adverse,32,91018,True,0,0.3547416925863312,0.2992139121596092,0.28241927736486955,False,,0.038
sampled_pg_logbarrier_fixed,adverse,32,91019,True,0,0.35776108273539114,0.3025654998925243,0.2938213617788536,False,,0.045
sampled_pg_logbarrier_fixed,adverse,32,91020,True,0,0.35601065641681395,0.29641545327661084,0.2830655693207691,False,,0.036
sampled_pg_logbarrier_fixed,adverse,32,91021,True,0,0.3604172892855517,0.3080898183114802,0.30550529087666783,False,,0.027
sampled_pg_logbarrier_fixed,adverse,32,91022,True,0,0.36091853093598003,0.3106864296034724,0.31013829438985885,False,,0.035
sampled_pg_logbarrier_fixed,adverse,32,91023,True,0,0.35677266662294777,0.3090883318512536,0.2940383695558539,False,,0.044
sampled_pg_logbarrier_fixed,adverse,32,91024,True,0,0.36038230210975863,0.30909119184093864,0.30769431948791204,False,,0.036
sampled_pg_logbarrier_fixed,adverse,32,91025,True,0,0.36333742472405356,0.3104747477779394,0.3171944138395696,False,,0.036
sampled_pg_logbarrier_fixed,adverse,32,91026,True,0,0.354038271632373,0.30260314293405943,0.2803238244921877,False,,0.025
sampled_pg_logbarrier_fixed,adverse,32,91027,True,0,0.3583148520838542,0.3160229171372344,0.3031378284563994,False,,0.037
sampled_pg_logbarrier_fixed,adverse,32,91028,True,0,0.35547114778209354,0.29723411300195524,0.28277719906583393,False,,0.04
sampled_pg_logbarrier_fixed,adverse,32,91029,True,0,0.35970461188477293,0.31230365568157264,0.30711020500660496,False,,0.041
sampled_pg_logbarrier_fixed,adverse,32,91030,True,0,0.3557188464611324,0.29412905439913944,0.28142473104936483,False,,0.044
sampled_pg_logbarrier_fixed,adverse,32,91031,True,0,0.3588035528896831,0.2990484027156036,0.29621719654541884,False,,0.034
sampled_pg_logbarrier_fixed,adverse,32,91032,True,0,0.35641982910600245,0.30549104323849335,0.2904887008341187,False,,0.04
sampled_pg_logbarrier_fixed,adverse,32,91033,True,0,0.3588139717074412,0.3007163788574387,0.29605799187789794,False,,0.038
sampled_pg_logbarrier_fixed,adverse,32,91034,True,0,0.36894818580085526,0.3196395865523516,0.34081335554248493,False,,0.033
sampled_pg_logbarrier_fixed,adverse,32,91035,True,0,0.3572429346660081,0.3063157894591814,0.2947883774565806,False,,0.03
sampled_pg_logbarrier_fixed,adverse,32,91036,True,0,0.3586117331038479,0.30789831878353413,0.2991660179152517,False,,0.032
sampled_pg_logbarrier_fixed,adverse,32,91037,True,0,0.35537919351477226,0.2873129198205927,0.2740436893940339,False,,0.042
sampled_pg_logbarrier_fixed,adverse,32,91038,True,0,0.3642201886239723,0.31292507885384957,0.321329655137914,False,,0.038
sampled_pg_logbarrier_fixed,adverse,32,91039,True,0,0.35580997084792587,0.2952151915881883,0.2812556902940279,False,,0.035
sampled_pg_logbarrier_fixed,adverse,32,91040,True,0,0.35699240136595567,0.2997608728912458,0.2892616764186618,False,,0.034
sampled_pg_logbarrier_fixed,adverse,32,91041,True,0,0.35706643978650987,0.3101184574936503,0.29675883469789455,False,,0.029
sampled_pg_logbarrier_fixed,adverse,32,91042,True,0,0.3548868990126599,0.29752297844610004,0.28124077656428903,False,,0.033
sampled_pg_logbarrier_fixed,adverse,32,91043,True,0,0.3653267199137564,0.30435556566571625,0.32078489781459163,False,,0.037
sampled_pg_logbarrier_fixed,adverse,32,91044,True,0,0.3576162466774934,0.3004648750026451,0.2914566341099949,False,,0.038
sampled_pg_logbarrier_fixed,adverse,32,91045,True,0,0.36303917796861757,0.30091982717423876,0.3112264207000525,False,,0.03
sampled_pg_logbarrier_fixed,adverse,32,91046,True,0,0.3541216398156377,0.3010652366360337,0.2796010696328606,False,,0.037
sampled_pg_logbarrier_fixed,adverse,32,91047,True,0,0.35717973558994076,0.30383159729916104,0.29265044442083704,False,,0.046
sampled_pg_logbarrier_fixed,adverse,32,91048,True,0,0.36238868482908326,0.3168602079409921,0.31716754264658864,False,,0.031
sampled_pg_logbarrier_fixed,adverse,32,91049,True,0,0.3606033464392925,0.31548446757618026,0.31125940338864627,False,,0.036
sampled_pg_logbarrier_fixed,adverse,32,91050,True,0,0.3565391179316679,0.298017185296706,0.2860737027261851,False,,0.035
sampled_pg_logbarrier_fixed,adverse,32,91051,True,0,0.355878626212898,0.29293684640702844,0.2791094286357279,False,,0.033
sampled_pg_logbarrier_fixed,adverse,32,91052,True,0,0.35443936615462335,0.30084374414194665,0.28023405512683136,False,,0.037
sampled_pg_logbarrier_fixed,adverse,32,91053,True,0,0.3559422984838865,0.2990843051384002,0.28359590660483286,False,,0.041
sampled_pg_logbarrier_fixed,adverse,32,91054,True,0,0.3568172234750392,0.3008221644343317,0.28844757585056113,False,,0.03
sampled_pg_logbarrier_fixed,adverse,32,91055,True,0,0.35433452180781716,0.3019082595974743,0.28117743984743376,False,,0.041
sampled_pg_logbarrier_fixed,adverse,32,91056,True,0,0.36187738168897277,0.3098389089651787,0.3128385217562164,False,,0.036
sampled_pg_logbarrier_fixed,adverse,32,91057,True,0,0.35691555383585033,0.29627051148360717,0.2861835868363103,False,,0.028
sampled_pg_logbarrier_fixed,adverse,32,91058,True,0,0.3652462435770848,0.3144983961837268,0.32578276584504234,False,,0.04
sampled_pg_logbarrier_fixed,adverse,32,91059,True,0,0.35423615140953507,0.3045991983708225,0.28302983310803653,False,,0.033
sampled_pg_logbarrier_fixed,adverse,32,91060,True,0,0.35562848016550913,0.2959941487602373,0.2823606467882111,False,,0.035
sampled_pg_logbarrier_fixed,adverse,32,91061,True,0,0.3559795457638092,0.29907194871332526,0.28515405593325294,False,,0.037
sampled_pg_logbarrier_fixed,adverse,32,91062,True,0,0.3583757045956581,0.3098399643334149,0.3008813568922288,False,,0.042
sampled_pg_logbarrier_fixed,adverse,32,91063,True,0,0.3594748430005581,0.3052587075120656,0.301627859899147,False,,0.041
sampled_pg_logbarrier_fixed,adverse,32,91064,True,0,0.3556116473544009,0.3079008658752449,0.29020907979071686,False,,0.037
sampled_pg_logbarrier_fixed,adverse,32,91065,True,0,0.35852886733920697,0.2994015118073725,0.29433535933277083,False,,0.039
sampled_pg_logbarrier_fixed,adverse,32,91066,True,0,0.3608560583508619,0.30455426558066734,0.3058848668088244,False,,0.03
sampled_pg_logbarrier_fixed,adverse,32,91067,True,0,0.3606404316319204,0.3063184626708499,0.30668980292281023,False,,0.034
sampled_pg_logbarrier_fixed,adverse,32,91068,True,0,0.35809544553348244,0.3002005304535794,0.2941084307168629,False,,0.036
sampled_pg_logbarrier_fixed,adverse,32,91069,True,0,0.3620942188664624,0.30915283888406436,0.311698937597681,False,,0.035
sampled_pg_logbarrier_fixed,adverse,32,91070,True,0,0.36243197213748085,0.30785810488215537,0.3128826408181434,False,,0.034
sampled_pg_logbarrier_fixed,adverse,32,91071,True,0,0.3568878233999443,0.30460645523821583,0.29225668404534544,False,,0.035
sampled_pg_logbarrier_fixed,adverse,32,91072,True,0,0.3582288639064656,0.3012660314415097,0.2947553520467894,False,,0.041
sampled_pg_logbarrier_fixed,adverse,32,91073,True,0,0.3584208946491672,0.3120333112500287,0.3013928993768862,False,,0.043
sampled_pg_logbarrier_fixed,adverse,32,91074,True,0,0.3574933332526681,0.30088832189191844,0.29189809209860845,False,,0.036
sampled_pg_logbarrier_fixed,adverse,32,91075,True,0,0.3604888255883224,0.3047153401840351,0.30386551966942943,False,,0.044
sampled_pg_logbarrier_fixed,adverse,32,91076,True,0,0.3663694050445622,0.3154171494945108,0.3314252101507156,False,,0.032
sampled_pg_logbarrier_fixed,adverse,32,91077,True,0,0.3597809171933213,0.3090293389171188,0.3056079636785552,False,,0.04
sampled_pg_logbarrier_fixed,adverse,32,91078,True,0,0.3575817933817451,0.29915359792532764,0.29035240464656914,False,,0.035
sampled_pg_logbarrier_fixed,adverse,32,91079,True,0,0.358291169316485,0.30880907081398573,0.2988254140413335,False,,0.041
sampled_pg_logbarrier_fixed,adverse,32,91080,True,0,0.3589268807526232,0.3051631688555129,0.2985597097546466,False,,0.03
sampled_pg_logbarrier_fixed,adverse,32,91081,True,0,0.3548611211744897,0.29837363592421184,0.2803360630196793,False,,0.035
sampled_pg_logbarrier_fixed,adverse,32,91082,True,0,0.362243472613454,0.31284508330200034,0.315083318873007,False,,0.032
sampled_pg_logbarrier_fixed,adverse,32,91083,True,0,0.36010573692514214,0.30469244762274206,0.3039804237327253,False,,0.026
sampled_pg_logbarrier_fixed,adverse,32,91084,True,0,0.35299000734144537,0.303120964295533,0.2788759678908207,False,,0.037
sampled_pg_logbarrier_fixed,adverse,32,91085,True,0,0.3589422813616039,0.2977910946989689,0.2936915268654455,False,,0.037
sampled_pg_logbarrier_fixed,adverse,32,91086,True,0,0.3651302633811674,0.3066370791857196,0.3211830194869212,False,,0.029
sampled_pg_logbarrier_fixed,adverse,32,91087,True,0,0.3651360367964864,0.31309335582199,0.3253035259130986,False,,0.033
sampled_pg_logbarrier_fixed,adverse,32,91088,True,0,0.3577691651940499,0.29500650976670983,0.2886706507033696,False,,0.038
sampled_pg_logbarrier_fixed,adverse,32,91089,True,0,0.3645238826697206,0.313846445341925,0.32323138997353706,False,,0.036
sampled_pg_logbarrier_fixed,adverse,32,91090,True,0,0.35503966053541247,0.3019073850774893,0.28414149101540165,False,,0.035
sampled_pg_logbarrier_fixed,adverse,32,91091,True,0,0.35705889331200175,0.2969870977408884,0.2871462434156277,False,,0.036
sampled_pg_logbarrier_fixed,adverse,32,91092,True,0,0.3587491435054766,0.30810064485638244,0.30133944804115687,False,,0.035
sampled_pg_logbarrier_fixed,adverse,32,91093,True,0,0.3545230920024501,0.2959366103362279,0.27766791693122356,False,,0.029
sampled_pg_logbarrier_fixed,adverse,32,91094,True,0,0.3599166144941308,0.30002748206172464,0.2984393059956472,False,,0.04
sampled_pg_logbarrier_fixed,adverse,32,91095,True,0,0.3579224018399614,0.3005734072117295,0.29157724066359236,False,,0.039
sampled_pg_logbarrier_fixed,adverse,32,91096,True,0,0.36371372645165256,0.3151658874017808,0.32176837886509474,False,,0.035
sampled_pg_logbarrier_fixed,adverse,32,91097,True,0,0.36194123083859375,0.3175902361431695,0.3177543650465518,False,,0.038
sampled_pg_logbarrier_fixed,adverse,32,91098,True,0,0.3595286396068271,0.31076906044833297,0.30436186246623637,False,,0.038
sampled_pg_logbarrier_fixed,adverse,32,91099,True,0,0.3518468630423393,0.29375691975362617,0.2669735536940534,False,,0.036
sampled_npg_logbarrier_fixed,adverse,32,91000,True,0,0.6590664059271166,0.6808954235960559,0.7923254433710069,False,19,0.002
sampled_npg_logbarrier_fixed,adverse,32,91001,True,0,0.5955159431918589,0.5691958812094341,0.7627903438052643,False,18,0.002
sampled_npg_logbarrier_fixed,adverse,32,91002,True,0,0.6437935344327907,0.6792548890073367,0.7754485550413582,False,19,0.001
sampled_npg_logbarrier_fixed,adverse,32,91003,True,0,0.618845115049992,0.617041894038785,0.7699815606147707,False,22,0.001
sampled_npg_logbarrier_fixed,adverse,32,91004,True,0,0.617087618138689,0.5956226791657008,0.7819131358136607,False,22,0.001
sampled_npg_logbarrier_fixed,adverse,32,91005,True,0,0.6065913798035838,0.6199616246724478,0.7458239954620163,False,19,0.002
sampled_npg_logbarrier_fixed,adverse,32,91006,True,0,0.5724773655118881,0.5123192648896107,0.7547375095465519,False,19,0.001
sampled_npg_logbarrier_fixed,adverse,32,91007,True,0,0.6686940494500049,0.7118195950974423,0.7966632242111573,False,21,0.002
sampled_npg_logbarrier_fixed,adverse,32,91008,True,0,0.630221487338868,0.642399078500482,0.7790574174058849,False,21,0.002
sampled_npg_logbarrier_fixed,adverse,32,91009,True,0,0.6090960553355846,0.5895466634801154,0.7721321128653817,False,20,0.002
sampled_npg_logbarrier_fixed,adverse,32,91010,True,0,0.6189013788801381,0.6145376973910248,0.7684413139902202,False,19,0.001
sampled_npg_logbarrier_fixed,adverse,32,91011,True,0,0.6591435362422434,0.6982352954962029,0.7888166475075606,False,20,0.001
sampled_npg_logbarrier_fixed,adverse,32,91012,True,0,0.6115255484893676,0.643199609052716,0.7446912707196888,False,21,0.001
sampled_npg_logbarrier_fixed,adverse,32,91013,True,0,0.6818867396899223,0.7060022882526302,0.8026265999540951,False,17,0.002
sampled_npg_logbarrier_fixed,adverse,32,91014,True,0,0.6008185911688465,0.5893720845109701,0.7513072685561945,False,21,0.001
sampled_npg_logbarrier_fixed,adverse,32,91015,True,0,0.6559870876583891,0.6687903903386253,0.8010928983236162,False,20,0.002
sampled_npg_logbarrier_fixed,adverse,32,91016,True,0,0.599239494155376,0.5994289446870165,0.7554904199933472,False,18,0.002
sampled_npg_logbarrier_fixed,adverse,32,91017,True,0,0.6421937082798642,0.6507893616232105,0.7831576903672439,False,20,0.001
sampled_npg_logbarrier_fixed,adverse,32,91018,True,0,0.5916123078344453,0.5425840291398478,0.7783320354053589,False,18,0.002
sampled_npg_logbarrier_fixed,adverse,32,91019,True,0,0.586110826817333,0.5878891248416769,0.7337355821532343,False,18,0.001
sampled_npg_logbarrier_fixed,adverse,32,91020,True,0,0.6121357431302039,0.6103400320059865,0.76233098202739,False,20,0.002
sampled_npg_logbarrier_fixed,adverse,32,91021,True,0,0.7000751732030474,0.7132858191076752,0.8356611750262194,False,17,0.002
sampled_npg_logbarrier_fixed,adverse,32,91022,True,0,0.6588055168032851,0.6876788092236545,0.7947835986227441,False,19,0.001
sampled_npg_logbarrier_fixed,adverse,32,91023,True,0,0.6519320977883706,0.6951603316021905,0.7717793686948425,False,22,0.001
sampled_npg_logbarrier_fixed,adverse,32,91024,True,0,0.6162223888417784,0.6092141261429608,0.7765243041120107,False,21,0.002
sampled_npg_logbarrier_fixed,adverse,32,91025,True,0,0.681049836893233,0.7354151941075725,0.7961548674521098,False,19,0.002
sampled_npg_logbarrier_fixed,adverse,32,91026,True,0,0.6383747168874757,0.6576025199903686,0.7765328552441071,False,17,0.002
sampled_npg_logbarrier_fixed,adverse,32,91027,True,0,0.6371850675636825,0.672219232736544,0.7664358246154866,False,19,0.002
sampled_npg_logbarrier_fixed,adverse,32,91028,True,0,0.6426288176616677,0.6792473336306639,0.7653470082811917,False,24,0.001
sampled_npg_logbarrier_fixed,adverse,32,91029,True,0,0.6762397650256514,0.7287042698093118,0.7852196993546375,False,21,0.002
sampled_npg_logbarrier_fixed,adverse,32,91030,True,0,0.6247755982907364,0.6499815510688655,0.7614040034776349,False,20,0.001
sampled_npg_logbarrier_fixed,adverse,32,91031,True,0,0.6375608126802046,0.6665607733028827,0.7760050464121137,False,21,0.001
sampled_npg_logbarrier_fixed,adverse,32,91032,True,0,0.6595378912098209,0.6819875407568171,0.7948615529459916,False,16,0.002
sampled_npg_logbarrier_fixed,adverse,32,91033,True,0,0.626481469253369,0.6595365545955217,0.7599256384908878,False,20,0.001
sampled_npg_logbarrier_fixed,adverse,32,91034,True,0,0.6438403822483776,0.6539213873677533,0.7889718630862936,False,17,0.001
sampled_npg_logbarrier_fixed,adverse,32,91035,True,0,0.6410000640481442,0.669611180329987,0.7747577559641013,False,20,0.002
sampled_npg_logbarrier_fixed,adverse,32,91036,True,0,0.64486589865121,0.6828053870082827,0.7725915351591401,False,20,0.001
sampled_npg_logbarrier_fixed,adverse,32,91037,True,0,0.6510541198671259,0.6420018619879554,0.8054649888703049,False,18,0.001
sampled_npg_logbarrier_fixed,adverse,32,91038,True,0,0.649518539290819,0.6661482797986865,0.7971132686938985,False,20,0.001
sampled_npg_logbarrier_fixed,adverse,32,91039,True,0,0.6171806987991315,0.5973195200622414,0.7750455846036484,False,20,0.001
sampled_npg_logbarrier_fixed,adverse,32,91040,True,0,0.6668092705476759,0.6875232775563233,0.8029758942056883,False,19,0.001
sampled_npg_logbarrier_fixed,adverse,32,91041,True,0,0.6453519128829331,0.6520823596117918,0.7866504780594239,False,20,0.001
sampled_npg_logbarrier_fixed,adverse,32,91042,True,0,0.626189944250133,0.6533715216599008,0.762914128727124,False,18,0.002
sampled_npg_logbarrier_fixed,adverse,32,91043,True,0,0.6248295430564383,0.6318377426336796,0.7693841321701905,False,21,0.001
sampled_npg_logbarrier_fixed,adverse,32,91044,True,0,0.6670334858727083,0.6693168034570178,0.8093143273020567,False,19,0.002
sampled_npg_logbarrier_fixed,adverse,32,91045,True,0,0.6035327335294325,0.6035060165332218,0.7527779585309509,False,19,0.001
sampled_npg_logbarrier_fixed,adverse,32,91046,True,0,0.6288424544263754,0.6249061077234253,0.791468620903971,False,17,0.002
sampled_npg_logbarrier_fixed,adverse,32,91047,True,0,0.6029305975213723,0.6098620024237934,0.7501413112702219,False,18,0.002
sampled_npg_logbarrier_fixed,adverse,32,91048,True,0,0.6545655528660309,0.6506745226630997,0.8061073982296281,False,17,0.003
sampled_npg_logbarrier_fixed,adverse,32,91049,True,0,0.6452991323288121,0.6630294232158046,0.7793029641879641,False,17,0.002
sampled_npg_logbarrier_fixed,adverse,32,91050,True,0,0.6204581878105786,0.6225298148633884,0.7611464699938082,False,19,0.001
sampled_npg_logbarrier_fixed,adverse,32,91051,True,0,0.6114945840281346,0.5874930330279867,0.7742063849162663,False,20,0.001
sampled_npg_logbarrier_fixed,adverse,32,91052,True,0,0.6040675932288585,0.6062476037011804,0.7521082369089218,False,21,0.001
sampled_npg_logbarrier_fixed,adverse,32,91053,True,0,0.616568881827127,0.602288198444889,0.7791070952109441,False,19,0.001
sampled_npg_logbarrier_fixed,adverse,32,91054,True,0,0.6008844332582411,0.6184589773424211,0.7361911443364434,False,21,0.001
sampled_npg_logbarrier_fixed,adverse,32,91055,True,0,0.6449627319061079,0.6406879518287457,0.8030321942821208,False,19,0.002
sampled_npg_logbarrier_fixed,adverse,32,91056,True,0,0.6630559318991627,0.6804389185248281,0.7982976927015454,False,18,0.001
sampled_npg_logbarrier_fixed,adverse,32,91057,True,0,0.6582194696083032,0.6959684893181465,0.7792864935748447,False,19,0.002
sampled_npg_logbarrier_fixed,adverse,32,91058,True,0,0.6703578810542651,0.6902574043094006,0.7975197454480077,False,18,0.001
sampled_npg_logbarrier_fixed,adverse,32,91059,True,0,0.6287110640445257,0.6361861239413564,0.7725428610953827,False,18,0.001
sampled_npg_logbarrier_fixed,adverse,32,91060,True,0,0.6047576499152745,0.5902481614620391,0.7664204382624877,False,18,0.002
sampled_npg_logbarrier_fixed,adverse,32,91061,True,0,0.6657693174437016,0.676347963051317,0.8091018743020217,False,19,0.002
sampled_npg_logbarrier_fixed,adverse,32,91062,True,0,0.6298368193545648,0.6525238277341241,0.7700639358533052,False,20,0.001
sampled_npg_logbarrier_fixed,adverse,32,91063,True,0,0.6335619615191377,0.6637285085599826,0.7677829851069947,False,19,0.001
sampled_npg_logbarrier_fixed,adverse,32,91064,True,0,0.5930952365416456,0.5872534958927573,0.7416388297839309,False,19,0.002
sampled_npg_logbarrier_fixed,adverse,32,91065,True,0,0.6214556612908106,0.6173009937351486,0.7690843045129175,False,21,0.001
sampled_npg_logbarrier_fixed,adverse,32,91066,True,0,0.616540170035867,0.6279448354100953,0.7593519267733891,False,19,0.002
sampled_npg_logbarrier_fixed,adverse,32,91067,True,0,0.612898719017119,0.5942391635165263,0.7795943052933424,False,19,0.001
sampled_npg_logbarrier_fixed,adverse,32,91068,True,0,0.5597084196846713,0.514507454481721,0.725287934641166,False,20,0.001
sampled_npg_logbarrier_fixed,adverse,32,91069,True,0,0.6561646637717581,0.6615030978635035,0.794442687781408,False,19,0.003
sampled_npg_logbarrier_fixed,adverse,32,91070,True,0,0.6107060254337195,0.5834492903139288,0.7831064682921385,False,21,0.002
sampled_npg_logbarrier_fixed,adverse,32,91071,True,0,0.6418811616761675,0.6753632428896594,0.7745656733328949,False,21,0.001
sampled_npg_logbarrier_fixed,adverse,32,91072,True,0,0.6413475578342944,0.6698935024144208,0.7713506722208286,False,20,0.001
sampled_npg_logbarrier_fixed,adverse,32,91073,True,0,0.7035091813373899,0.770212568089231,0.8064190850172863,False,20,0.001
sampled_npg_logbarrier_fixed,adverse,32,91074,True,0,0.6057243647391763,0.590240174978121,0.766273060706244,False,17,0.001
sampled_npg_logbarrier_fixed,adverse,32,91075,True,0,0.656959074971786,0.6484779006381308,0.8014811344631529,False,18,0.002
sampled_npg_logbarrier_fixed,adverse,32,91076,True,0,0.6177141121106311,0.5662128308139529,0.803887122920414,False,18,0.002
sampled_npg_logbarrier_fixed,adverse,32,91077,True,0,0.6414594526584052,0.6534168923081781,0.7855787234317229,False,21,0.002
sampled_npg_logbarrier_fixed,adverse,32,91078,True,0,0.6213695587525,0.615988093180238,0.7814638702567853,False,18,0.002
sampled_npg_logbarrier_fixed,adverse,32,91079,True,0,0.6486665748443288,0.6818580215133553,0.7758516485869581,False,21,0.002
sampled_npg_logbarrier_fixed,adverse,32,91080,True,0,0.568290099489044,0.54379428410355,0.7240897979745574,False,21,0.001
sampled_npg_logbarrier_fixed,adverse,32,91081,True,0,0.6258433905495928,0.6176009369072618,0.7824405162188965,False,22,0.001
sampled_npg_logbarrier_fixed,adverse,32,91082,True,0,0.664034846547209,0.6991831461193609,0.7905419942585336,False,20,0.001
sampled_npg_logbarrier_fixed,adverse,32,91083,True,0,0.6211469537444576,0.600568855966318,0.7854827404233669,False,21,0.001
sampled_npg_logbarrier_fixed,adverse,32,91084,True,0,0.6477541488585058,0.6959115706668952,0.7768800693721328,False,21,0.002
sampled_npg_logbarrier_fixed,adverse,32,91085,True,0,0.641828079098243,0.6524848205276607,0.777469094638926,False,22,0.001
sampled_npg_logbarrier_fixed,adverse,32,91086,True,0,0.6092242496937934,0.5833425373289849,0.7771323551836987,False,19,0.002
sampled_npg_logbarrier_fixed,adverse,32,91087,True,0,0.6170712531397782,0.619599119596471,0.7661970047078147,False,20,0.002
sampled_npg_logbarrier_fixed,adverse,32,91088,True,0,0.6572487633870228,0.6721541389239377,0.8036931561694399,False,20,0.002
sampled_npg_logbarrier_fixed,adverse,32,91089,True,0,0.6337764848137479,0.599927076134583,0.8088478960423398,False,20,0.001
sampled_npg_logbarrier_fixed,adverse,32,91090,True,0,0.6149504066805365,0.6087838270783746,0.7690392290555169,False,20,0.001
sampled_npg_logbarrier_fixed,adverse,32,91091,True,0,0.6582793251864351,0.6397045834025527,0.8277798532726007,False,18,0.002
sampled_npg_logbarrier_fixed,adverse,32,91092,True,0,0.6892673965567968,0.710941241799485,0.8247302579480024,False,19,0.002
sampled_npg_logbarrier_fixed,adverse,32,91093,True,0,0.6281571033889239,0.6184527078483112,0.7807274937292689,False,17,0.002
sampled_npg_logbarrier_fixed,adverse,32,91094,True,0,0.6789468387475894,0.7072613614209877,0.804640496087937,False,19,0.001
sampled_npg_logbarrier_fixed,adverse,32,91095,True,0,0.675424719559652,0.7061992671752639,0.8043591700508497,False,18,0.003
sampled_npg_logbarrier_fixed,adverse,32,91096,True,0,0.6590881199337412,0.6534719901453516,0.8098856138983646,False,23,0.001
sampled_npg_logbarrier_fixed,adverse,32,91097,True,0,0.6539653855941268,0.6773532709728286,0.7841429124504249,False,17,0.003
sampled_npg_logbarrier_fixed,adverse,32,91098,True,0,0.6145264635643085,0.6350848840731261,0.7527178423956619,False,20,0.001
sampled_npg_logbarrier_fixed,adverse,32,91099,True,0,0.6331430497107495,0.6565207173295845,0.7672681186966078,False,16,0.002
sampled_pg_reward_only,adverse,128,91000,True,0,0.4832649483329817,0.0037960996485407916,0.015816725582012896,False,,0.412
sampled_pg_reward_only,adverse,128,91001,True,0,0.48318829954260284,0.0038328831639517277,0.015919270686173666,False,,0.391
sampled_pg_reward_only,adverse,128,91002,True,0,0.48326890998714744,0.0038038553200843545,0.01593619380921052,False,,0.414
sampled_pg_reward_only,adverse,128,91003,True,0,0.4832462483387804,0.0038125443218536316,0.015922924360461055,False,,0.415
sampled_pg_reward_only,adverse,128,91004,True,0,0.4832659967493786,0.003808341276766801,0.015898788614200802,False,,0.408
sampled_pg_reward_only,adverse,128,91005,True,0,0.4832912639023134,0.0037879591179973567,0.015897724245071257,False,,0.419
sampled_pg_reward_only,adverse,128,91006,True,0,0.4832486908098493,0.0038147458340373557,0.01594298139084026,False,,0.423
sampled_pg_reward_only,adverse,128,91007,True,0,0.48327276882045905,0.0037953900415453293,0.01590729576508113,False,,0.438
sampled_pg_reward_only,adverse,128,91008,True,0,0.4832680193357908,0.003803702460705777,0.015982607547424213,False,,0.419
sampled_pg_reward_only,adverse,128,91009,True,0,0.48324603209162365,0.0038072925035738075,0.01591537634125103,False,,0.421
sampled_pg_reward_only,adverse,128,91010,True,0,0.4832695571201912,0.003796012991663024,0.015850494856138955,False,,0.415
sampled_pg_reward_only,adverse,128,91011,True,0,0.4832153264857112,0.003829107563340485,0.01590508801924915,False,,0.391
sampled_pg_reward_only,adverse,128,91012,True,0,0.4832597160990474,0.0038040002220713592,0.015857459718718065,False,,0.404
sampled_pg_reward_only,adverse,128,91013,True,0,0.48323215966545763,0.0038190742901387455,0.015955518944418465,False,,0.419
sampled_pg_reward_only,adverse,128,91014,True,0,0.4833169370036227,0.0037788545769301797,0.015922421222992436,False,,0.432
sampled_pg_reward_only,adverse,128,91015,True,0,0.483206292190822,0.0038347365378800765,0.015868001736846653,False,,0.367
sampled_pg_reward_only,adverse,128,91016,True,0,0.48324654102240094,0.003812436468523155,0.0159687323246051,False,,0.429
sampled_pg_reward_only,adverse,128,91017,True,0,0.4832890339176212,0.0037916064299939965,0.015872527678770655,False,,0.417
sampled_pg_reward_only,adverse,128,91018,True,0,0.4832428616286826,0.003815870052380222,0.015886155489312194,False,,0.393
sampled_pg_reward_only,adverse,128,91019,True,0,0.48329018122570216,0.003793951064982647,0.01598514178195924,False,,0.433
sampled_pg_reward_only,adverse,128,91020,True,0,0.4832067317522493,0.003836012946604479,0.015947265924321427,False,,0.41
sampled_pg_reward_only,adverse,128,91021,True,0,0.48324420216034725,0.0038107273032307884,0.01597091423858368,False,,0.412
sampled_pg_reward_only,adverse,128,91022,True,0,0.4832940249991168,0.0037882965446167484,0.015919507825486998,False,,0.441
sampled_pg_reward_only,adverse,128,91023,True,0,0.4832350614615813,0.0038166594141216914,0.015887358176363834,False,,0.414
sampled_pg_reward_only,adverse,128,91024,True,0,0.4832438334649593,0.0038136063752233717,0.015922357706136418,False,,0.406
sampled_pg_reward_only,adverse,128,91025,True,0,0.4832723021594977,0.00379806742523728,0.015917183555095433,False,,0.422
sampled_pg_reward_only,adverse,128,91026,True,0,0.4832791969296203,0.0037964782064574772,0.015905358887844164,False,,0.422
sampled_pg_reward_only,adverse,128,91027,True,0,0.48324494395543216,0.003812601204779164,0.015900464649627823,False,,0.394
sampled_pg_reward_only,adverse,128,91028,True,0,0.48326740557537157,0.0037974614436058433,0.015894975024062164,False,,0.417
sampled_pg_reward_only,adverse,128,91029,True,0,0.48324508901693003,0.0038037376475335226,0.015780779593354496,False,,0.404
sampled_pg_reward_only,adverse,128,91030,True,0,0.4832456060822836,0.003809955784994323,0.01589014262451245,False,,0.41
sampled_pg_reward_only,adverse,128,91031,True,0,0.4832783253660948,0.00379475202649033,0.01595239745003687,False,,0.424
sampled_pg_reward_only,adverse,128,91032,True,0,0.4832439376396959,0.0038136655443610193,0.015888020141171962,False,,0.394
sampled_pg_reward_only,adverse,128,91033,True,0,0.4832840845872931,0.0037931662566021273,0.015872283555273373,False,,0.427
sampled_pg_reward_only,adverse,128,91034,True,0,0.4832438156487811,0.0038143705991508406,0.01589882298503764,False,,0.426
sampled_pg_reward_only,adverse,128,91035,True,0,0.4832336621256519,0.0038138384614252534,0.015889659480167795,False,,0.421
sampled_pg_reward_only,adverse,128,91036,True,0,0.4832869860246238,0.0037895292726142617,0.015862902265879195,False,,0.414
sampled_pg_reward_only,adverse,128,91037,True,0,0.48324936683597663,0.003809660214553934,0.015912559105443733,False,,0.418
sampled_pg_reward_only,adverse,128,91038,True,0,0.4833372768688956,0.003765413667700344,0.01585973640426512,False,,0.448
sampled_pg_reward_only,adverse,128,91039,True,0,0.4832422253570051,0.0038202566405368234,0.015906055709163505,False,,0.403
sampled_pg_reward_only,adverse,128,91040,True,0,0.483268727087273,0.0037987884872255928,0.015860011104443374,False,,0.399
sampled_pg_reward_only,adverse,128,91041,True,0,0.48331732516746817,0.003777149997188832,0.0159119098492733,False,,0.446
sampled_pg_reward_only,adverse,128,91042,True,0,0.4832533658824327,0.003809628668938667,0.016003852591863692,False,,0.409
sampled_pg_reward_only,adverse,128,91043,True,0,0.4832769192815768,0.003797845875938383,0.01583601283677161,False,,0.41
sampled_pg_reward_only,adverse,128,91044,True,0,0.48327653890845235,0.0037988736357014363,0.015881176407398435,False,,0.421
sampled_pg_reward_only,adverse,128,91045,True,0,0.483243616885103,0.003813749732931617,0.015979468102463035,False,,0.421
sampled_pg_reward_only,adverse,128,91046,True,0,0.48325861618488736,0.0038075334083124074,0.015912726334199344,False,,0.409
sampled_pg_reward_only,adverse,128,91047,True,0,0.48327981109628027,0.0037960970131264505,0.015836750140253562,False,,0.414
sampled_pg_reward_only,adverse,128,91048,True,0,0.4832521215829359,0.0038117712739142804,0.01595663201600365,False,,0.409
sampled_pg_reward_only,adverse,128,91049,True,0,0.48324604190761683,0.003810032864211992,0.015912879734717708,False,,0.411
sampled_pg_reward_only,adverse,128,91050,True,0,0.4832595708653618,0.0038037911030914004,0.01588041012636198,False,,0.412
sampled_pg_reward_only,adverse,128,91051,True,0,0.48323248614270875,0.0038143880818254355,0.015889762992132232,False,,0.412
sampled_pg_reward_only,adverse,128,91052,True,0,0.4832747889877007,0.003795219499617564,0.015929688501565346,False,,0.432
sampled_pg_reward_only,adverse,128,91053,True,0,0.4832348581914049,0.0038140132422222308,0.015912406838879484,False,,0.406
sampled_pg_reward_only,adverse,128,91054,True,0,0.48329172128720005,0.003788675802197948,0.015908912131478953,False,,0.428
sampled_pg_reward_only,adverse,128,91055,True,0,0.4832270329723867,0.0038243982457454627,0.015928620308217147,False,,0.399
sampled_pg_reward_only,adverse,128,91056,True,0,0.48323612085488915,0.003816536099284466,0.015944401264473763,False,,0.403
sampled_pg_reward_only,adverse,128,91057,True,0,0.48327591516176754,0.0037914726026533493,0.015898442722480588,False,,0.412
sampled_pg_reward_only,adverse,128,91058,True,0,0.48319348113086424,0.0038350276412797307,0.015893162747473037,False,,0.388
sampled_pg_reward_only,adverse,128,91059,True,0,0.483251565816327,0.0038113665271390586,0.01594562159015373,False,,0.423
sampled_pg_reward_only,adverse,128,91060,True,0,0.4832442587219476,0.0038079233126172294,0.015869174488076104,False,,0.417
sampled_pg_reward_only,adverse,128,91061,True,0,0.4832668463237546,0.0038007872109161608,0.01592761427336137,False,,0.416
sampled_pg_reward_only,adverse,128,91062,True,0,0.48327076151319814,0.003794401526584352,0.01585173640152978,False,,0.421
sampled_pg_reward_only,adverse,128,91063,True,0,0.48323832648894116,0.0038140925817547197,0.015900534985146344,False,,0.418
sampled_pg_reward_only,adverse,128,91064,True,0,0.4832623904798924,0.0038064913455297914,0.015877670547989296,False,,0.419
sampled_pg_reward_only,adverse,128,91065,True,0,0.4832613155820541,0.003800697183986203,0.015871153339649512,False,,0.437
sampled_pg_reward_only,adverse,128,91066,True,0,0.48325754544819244,0.0038025396366094776,0.015882316988502253,False,,0.429
sampled_pg_reward_only,adverse,128,91067,True,0,0.4832653964674805,0.003812042709664382,0.01590743974020161,False,,0.411
sampled_pg_reward_only,adverse,128,91068,True,0,0.48326200870969127,0.0038077201242746627,0.01593440223652487,False,,0.419
sampled_pg_reward_only,adverse,128,91069,True,0,0.4832099388364626,0.003827530592895005,0.01593011198241468,False,,0.396
sampled_pg_reward_only,adverse,128,91070,True,0,0.4832278529863862,0.0038179794465443657,0.01587656181028399,False,,0.4
sampled_pg_reward_only,adverse,128,91071,True,0,0.4832693646565588,0.0037939288231842523,0.015886478605827856,False,,0.423
sampled_pg_reward_only,adverse,128,91072,True,0,0.4832709316056308,0.003799107981356271,0.015905017944651618,False,,0.396
sampled_pg_reward_only,adverse,128,91073,True,0,0.4832909799091681,0.0037906226248883455,0.015964654184683947,False,,0.453
sampled_pg_reward_only,adverse,128,91074,True,0,0.48322852475432826,0.003812439730981778,0.015926303217633674,False,,0.404
sampled_pg_reward_only,adverse,128,91075,True,0,0.4832689300393931,0.0037954348949927534,0.015896944607586404,False,,0.427
sampled_pg_reward_only,adverse,128,91076,True,0,0.48325877804125744,0.0038067979047636488,0.015969981249786682,False,,0.437
sampled_pg_reward_only,adverse,128,91077,True,0,0.48324779585566857,0.003809302168612203,0.015844299904797614,False,,0.412
sampled_pg_reward_only,adverse,128,91078,True,0,0.483250116398478,0.0038122359389827125,0.0159102184298646,False,,0.395
sampled_pg_reward_only,adverse,128,91079,True,0,0.4832365298462208,0.0038171621695228418,0.01590948743183426,False,,0.428
sampled_pg_reward_only,adverse,128,91080,True,0,0.483259681058641,0.003804634844476708,0.015891216235121186,False,,0.408
sampled_pg_reward_only,adverse,128,91081,True,0,0.4832668028041819,0.0037962227538806542,0.01593107591204375,False,,0.418
sampled_pg_reward_only,adverse,128,91082,True,0,0.48323461211556584,0.003821926244215702,0.015917745277663136,False,,0.388
sampled_pg_reward_only,adverse,128,91083,True,0,0.4832931120906406,0.0037848156719690654,0.01587675998358562,False,,0.432
sampled_pg_reward_only,adverse,128,91084,True,0,0.4832261915459075,0.0038216253267836565,0.016046709977739104,False,,0.425
sampled_pg_reward_only,adverse,128,91085,True,0,0.4832301704719986,0.0038175077049525585,0.015888248939818845,False,,0.399
sampled_pg_reward_only,adverse,128,91086,True,0,0.4832755784771113,0.0038015809075996674,0.015856131930348554,False,,0.417
sampled_pg_reward_only,adverse,128,91087,True,0,0.48320574122627663,0.0038375321967025855,0.01595750659468401,False,,0.402
sampled_pg_reward_only,adverse,128,91088,True,0,0.4833394384134086,0.0037627566249337848,0.015804046571224514,False,,0.445
sampled_pg_reward_only,adverse,128,91089,True,0,0.4832479460706349,0.0038119226046905335,0.015991712792758038,False,,0.401
sampled_pg_reward_only,adverse,128,91090,True,0,0.48324140345242445,0.003812337289559458,0.015843211454528452,False,,0.395
sampled_pg_reward_only,adverse,128,91091,True,0,0.4832418136221125,0.0038118899436464983,0.015935429833986256,False,,0.408
sampled_pg_reward_only,adverse,128,91092,True,0,0.4832140281520127,0.0038238522809040864,0.015886270824369237,False,,0.419
sampled_pg_reward_only,adverse,128,91093,True,0,0.4832655514280961,0.0038012094101927294,0.015858499473787077,False,,0.427
sampled_pg_reward_only,adverse,128,91094,True,0,0.4833266038928029,0.0037744867056125238,0.015889508883102504,False,,0.446
sampled_pg_reward_only,adverse,128,91095,True,0,0.48321218883357486,0.003832530159285811,0.0160177603594215,False,,0.416
sampled_pg_reward_only,adverse,128,91096,True,0,0.4832631310290768,0.003803359690974281,0.015868995956830882,False,,0.404
sampled_pg_reward_only,adverse,128,91097,True,0,0.4832127186195172,0.003825559905656714,0.015931364027937503,False,,0.418
sampled_pg_reward_only,adverse,128,91098,True,0,0.483264706418083,0.003803344922831671,0.01589161094529025,False,,0.411
sampled_pg_reward_only,adverse,128,91099,True,0,0.4832539729423521,0.0038062120626644025,0.015880301497611132,False,,0.409
sampled_pg_logbarrier_handoff,adverse,128,91000,True,0,0.45223334830337997,0.043526974845768195,0.06841137446885955,False,,0.001
sampled_pg_logbarrier_handoff,adverse,128,91001,True,0,0.4527593786467552,0.04290353339391735,0.06963420943236998,False,,0.007
sampled_pg_logbarrier_handoff,adverse,128,91002,True,0,0.45234134525557756,0.04388289250106185,0.0729933962343222,False,,0.003
sampled_pg_logbarrier_handoff,adverse,128,91003,True,0,0.45125619006375306,0.045494369980122296,0.07151026868972862,False,,0.003
sampled_pg_logbarrier_handoff,adverse,128,91004,True,0,0.45187163180465184,0.04424693945047012,0.06785970905082565,False,,0.003
sampled_pg_logbarrier_handoff,adverse,128,91005,True,0,0.45282015581640733,0.042799874829829186,0.06844455617469353,False,,0.002
sampled_pg_logbarrier_handoff,adverse,128,91006,True,0,0.4526901651606286,0.04291853174141389,0.0676244677730663,False,,0.002
sampled_pg_logbarrier_handoff,adverse,128,91007,True,0,0.4519672158770089,0.04409618470257575,0.06901256890046556,False,,0.003
sampled_pg_logbarrier_handoff,adverse,128,91008,True,0,0.45240362725693883,0.04348195929418353,0.06847892177212578,False,,0.001
sampled_pg_logbarrier_handoff,adverse,128,91009,True,0,0.452181720753442,0.0436176588678921,0.06900179021740778,False,,0.003
sampled_pg_logbarrier_handoff,adverse,128,91010,True,0,0.4523805362265193,0.04355848980457135,0.06908379483688253,False,,0.006
sampled_pg_logbarrier_handoff,adverse,128,91011,True,0,0.45247907375669005,0.043372326238114545,0.06962221396304212,False,,0.002
sampled_pg_logbarrier_handoff,adverse,128,91012,True,0,0.45231029226674146,0.043608837834409345,0.06984037476890904,False,,0.002
sampled_pg_logbarrier_handoff,adverse,128,91013,True,0,0.45213802586650637,0.04383503512020228,0.06915645281821518,False,,0.003
sampled_pg_logbarrier_handoff,adverse,128,91014,True,0,0.4521738122699725,0.04381599357707246,0.06882715246745057,False,,0.003
sampled_pg_logbarrier_handoff,adverse,128,91015,True,0,0.45249852209178504,0.0432684561767799,0.0689858459865191,False,,0.001
sampled_pg_logbarrier_handoff,adverse,128,91016,True,0,0.4524450925262723,0.04336865367069449,0.06744796699617668,False,,0.005
sampled_pg_logbarrier_handoff,adverse,128,91017,True,0,0.45219435267360897,0.04411778906346933,0.07408349187952382,False,,0.004
sampled_pg_logbarrier_handoff,adverse,128,91018,True,0,0.45225754763089043,0.043585252211338785,0.06777849608532571,False,,0.002
sampled_pg_logbarrier_handoff,adverse,128,91019,True,0,0.4523885876903836,0.04330608741624734,0.06745369622504249,False,,0.002
sampled_pg_logbarrier_handoff,adverse,128,91020,True,0,0.4520227728666155,0.043937287088076704,0.068204113484689,False,,0.003
sampled_pg_logbarrier_handoff,adverse,128,91021,True,0,0.4520538281361431,0.04413916605373535,0.06981076982230788,False,,0.004
sampled_pg_logbarrier_handoff,adverse,128,91022,True,0,0.452560193196704,0.043131565112746025,0.06826434720332149,False,,0.004
sampled_pg_logbarrier_handoff,adverse,128,91023,True,0,0.45228247137919286,0.04374412002476006,0.07053454201834722,False,,0.002
sampled_pg_logbarrier_handoff,adverse,128,91024,True,0,0.45265916645008036,0.04280414030608543,0.06626997351038091,False,,0.003
sampled_pg_logbarrier_handoff,adverse,128,91025,True,0,0.4529481683852858,0.04241380497905443,0.0668781489341166,False,,0.001
sampled_pg_logbarrier_handoff,adverse,128,91026,True,0,0.45242823269685223,0.04339588917546108,0.0685783787521218,False,,0.001
sampled_pg_logbarrier_handoff,adverse,128,91027,True,0,0.45206911571573166,0.0443532793697946,0.07310760445197138,False,,0.003
sampled_pg_logbarrier_handoff,adverse,128,91028,True,0,0.4516398260038296,0.04453622070848699,0.06888735340257894,False,,0.001
sampled_pg_logbarrier_handoff,adverse,128,91029,True,0,0.45248497561452655,0.04332552160343651,0.0694907138331925,False,,0.003
sampled_pg_logbarrier_handoff,adverse,128,91030,True,0,0.4524327806260082,0.04335001104216862,0.06908800478277492,False,,0.003
sampled_pg_logbarrier_handoff,adverse,128,91031,True,0,0.45242149594265785,0.04342601971326363,0.06874317003991388,False,,0.005
sampled_pg_logbarrier_handoff,adverse,128,91032,True,0,0.4522016670851078,0.04379458758242218,0.06998890376557071,False,,0.001
sampled_pg_logbarrier_handoff,adverse,128,91033,True,0,0.4527180574153763,0.042866787570971274,0.06789631461344858,False,,0.004
sampled_pg_logbarrier_handoff,adverse,128,91034,True,0,0.4531356035528706,0.04239439265562341,0.0688924907708125,False,,0.001
sampled_pg_logbarrier_handoff,adverse,128,91035,True,0,0.4515538902239209,0.04479581953703851,0.07089870282606268,False,,0.002
sampled_pg_logbarrier_handoff,adverse,128,91036,True,0,0.45253900095663707,0.04295415438507696,0.0661453311233349,False,,0.002
sampled_pg_logbarrier_handoff,adverse,128,91037,True,0,0.4519901570529673,0.04427677004683466,0.06926921070219615,False,,0.002
sampled_pg_logbarrier_handoff,adverse,128,91038,True,0,0.45226019295292996,0.04378666351178225,0.07102247522368639,False,,0.001
sampled_pg_logbarrier_handoff,adverse,128,91039,True,0,0.45201696298796745,0.04406100430654996,0.06920607426961228,False,,0.002
sampled_pg_logbarrier_handoff,adverse,128,91040,True,0,0.45233302340190584,0.043659107308582766,0.0694929871120889,False,,0.003
sampled_pg_logbarrier_handoff,adverse,128,91041,True,0,0.45251792398760604,0.04321052787490714,0.06850743042312404,False,,0.003
sampled_pg_logbarrier_handoff,adverse,128,91042,True,0,0.4527648169341286,0.04279637042233996,0.06718910067373811,False,,0.003
sampled_pg_logbarrier_handoff,adverse,128,91043,True,0,0.4523308373583713,0.04355928461419645,0.06934416595856684,False,,0.005
sampled_pg_logbarrier_handoff,adverse,128,91044,True,0,0.452724999422612,0.04282897220179166,0.06684011566600326,False,,0.002
sampled_pg_logbarrier_handoff,adverse,128,91045,True,0,0.45312125166246453,0.04216751639423605,0.06723570884389675,False,,0.003
sampled_pg_logbarrier_handoff,adverse,128,91046,True,0,0.45204773358464106,0.04428256362258707,0.07158342353195783,False,,0.004
sampled_pg_logbarrier_handoff,adverse,128,91047,True,0,0.4523027957902969,0.04364006970294311,0.06909271947430104,False,,0.002
sampled_pg_logbarrier_handoff,adverse,128,91048,True,0,0.4516790820379546,0.04466670798645636,0.07115657673623614,False,,0.001
sampled_pg_logbarrier_handoff,adverse,128,91049,True,0,0.45227887197057903,0.0436033242609764,0.06921581410903589,False,,0.003
sampled_pg_logbarrier_handoff,adverse,128,91050,True,0,0.4523850599619869,0.04352516971014842,0.06981558501464084,False,,0.002
sampled_pg_logbarrier_handoff,adverse,128,91051,True,0,0.4521634465823778,0.04391753665954399,0.0689266305099608,False,,0.002
sampled_pg_logbarrier_handoff,adverse,128,91052,True,0,0.4517969788514741,0.04452124434475235,0.07033460701678548,False,,0.004
sampled_pg_logbarrier_handoff,adverse,128,91053,True,0,0.4524580801516897,0.043478472282194536,0.07059605830506206,False,,0.002
sampled_pg_logbarrier_handoff,adverse,128,91054,True,0,0.4527202655018803,0.04286719980573816,0.06788244473045271,False,,0.005
sampled_pg_logbarrier_handoff,adverse,128,91055,True,0,0.45256098818717505,0.04292195576327377,0.06647111923372738,False,,0.002
sampled_pg_logbarrier_handoff,adverse,128,91056,True,0,0.45196616357796565,0.044116542075179795,0.06897329596358795,False,,0.007
sampled_pg_logbarrier_handoff,adverse,128,91057,True,0,0.45241774513450295,0.04335039412380075,0.06787709664283333,False,,0.006
sampled_pg_logbarrier_handoff,adverse,128,91058,True,0,0.4522645462276529,0.043561469307706054,0.06850226401026309,False,,0.004
sampled_pg_logbarrier_handoff,adverse,128,91059,True,0,0.45255741789058324,0.04312213819676952,0.06874126116096164,False,,0.002
sampled_pg_logbarrier_handoff,adverse,128,91060,True,0,0.45216977506850026,0.04396069647737463,0.07046129514370063,False,,0.003
sampled_pg_logbarrier_handoff,adverse,128,91061,True,0,0.45234842399473546,0.043772889433096256,0.07040796717149024,False,,0.004
sampled_pg_logbarrier_handoff,adverse,128,91062,True,0,0.4517652241827702,0.044432366800751744,0.06945828062157632,False,,0.001
sampled_pg_logbarrier_handoff,adverse,128,91063,True,0,0.4520185855141974,0.04392767375884936,0.06808258650853137,False,,0.001
sampled_pg_logbarrier_handoff,adverse,128,91064,True,0,0.45252705827949125,0.043103798545775514,0.06793527822215761,False,,0.003
sampled_pg_logbarrier_handoff,adverse,128,91065,True,0,0.45184219103482903,0.04430753945680903,0.06926048155749236,False,,0.003
sampled_pg_logbarrier_handoff,adverse,128,91066,True,0,0.452789220955496,0.04272132530964994,0.06893319834809009,False,,0.001
sampled_pg_logbarrier_handoff,adverse,128,91067,True,0,0.45223291582254604,0.04382825779943912,0.0700291288808162,False,,0.002
sampled_pg_logbarrier_handoff,adverse,128,91068,True,0,0.4526479798128438,0.04320125261880012,0.07109778748242249,False,,0.002
sampled_pg_logbarrier_handoff,adverse,128,91069,True,0,0.45271567058291884,0.0429340029559802,0.06900621039144708,False,,0.004
sampled_pg_logbarrier_handoff,adverse,128,91070,True,0,0.4524764457069161,0.04339253861224003,0.06997821782920172,False,,0.005
sampled_pg_logbarrier_handoff,adverse,128,91071,True,0,0.45162621959855487,0.04500089306741059,0.07258432844420172,False,,0.004
sampled_pg_logbarrier_handoff,adverse,128,91072,True,0,0.4523863462905218,0.043514846634770586,0.07031372047096124,False,,0.002
sampled_pg_logbarrier_handoff,adverse,128,91073,True,0,0.45203369065108623,0.04414297348196107,0.07143818877289208,False,,0.003
sampled_pg_logbarrier_handoff,adverse,128,91074,True,0,0.452004633128117,0.04398721125829165,0.06863871657080135,False,,0.003
sampled_pg_logbarrier_handoff,adverse,128,91075,True,0,0.4525697907115551,0.04337813044855495,0.07026822335622836,False,,0.001
sampled_pg_logbarrier_handoff,adverse,128,91076,True,0,0.45220752747033965,0.04394651129616587,0.07093437714029657,False,,0.005
sampled_pg_logbarrier_handoff,adverse,128,91077,True,0,0.45247387512369336,0.04339473975673243,0.07066747331816738,False,,0.002
sampled_pg_logbarrier_handoff,adverse,128,91078,True,0,0.4522499320069302,0.04372110629407322,0.0701645636250711,False,,0.001
sampled_pg_logbarrier_handoff,adverse,128,91079,True,0,0.4519324493240343,0.044373123999812705,0.07075552982534031,False,,0.003
sampled_pg_logbarrier_handoff,adverse,128,91080,True,0,0.45238943592556874,0.04363868015132533,0.07056036931108745,False,,0.001
sampled_pg_logbarrier_handoff,adverse,128,91081,True,0,0.45242956144740115,0.043085921752981926,0.06554154815326893,False,,0.007
sampled_pg_logbarrier_handoff,adverse,128,91082,True,0,0.45203939583159364,0.04419508898457519,0.07065462256427428,False,,0.004
sampled_pg_logbarrier_handoff,adverse,128,91083,True,0,0.45255864116068134,0.04347955223547685,0.07219600205252312,False,,0.002
sampled_pg_logbarrier_handoff,adverse,128,91084,True,0,0.4522436419142067,0.04371698773103598,0.06836318118561321,False,,0.004
sampled_pg_logbarrier_handoff,adverse,128,91085,True,0,0.4519507957292191,0.044313312686743205,0.07025394806708166,False,,0.002
sampled_pg_logbarrier_handoff,adverse,128,91086,True,0,0.45292258767353766,0.042373787238661184,0.06667832606408852,False,,0.006
sampled_pg_logbarrier_handoff,adverse,128,91087,True,0,0.4523579725026001,0.04385799364126499,0.07281448896879225,False,,0.008
sampled_pg_logbarrier_handoff,adverse,128,91088,True,0,0.45219306168529416,0.04366222249286062,0.06801067428320552,False,,0.004
sampled_pg_logbarrier_handoff,adverse,128,91089,True,0,0.4527258146493015,0.04279131820897147,0.06792340504190614,False,,0.003
sampled_pg_logbarrier_handoff,adverse,128,91090,True,0,0.45235622616689625,0.0435658171651345,0.06930616470969209,False,,0.0
sampled_pg_logbarrier_handoff,adverse,128,91091,True,0,0.4513436106419657,0.04518045697739935,0.06905122562095213,False,,0.001
sampled_pg_logbarrier_handoff,adverse,128,91092,True,0,0.45265196804920066,0.04295318556603915,0.0683455927089328,False,,0.004
sampled_pg_logbarrier_handoff,adverse,128,91093,True,0,0.45231002571494805,0.04366031852537204,0.06855964766329314,False,,0.0
sampled_pg_logbarrier_handoff,adverse,128,91094,True,0,0.4519589509193339,0.04441988361296774,0.07048047779178637,False,,0.002
sampled_pg_logbarrier_handoff,adverse,128,91095,True,0,0.4522833426754545,0.0434511335821536,0.06651635947010408,False,,0.004
sampled_pg_logbarrier_handoff,adverse,128,91096,True,0,0.4522520679714024,0.043772399545676695,0.07050320721104525,False,,0.006
sampled_pg_logbarrier_handoff,adverse,128,91097,True,0,0.4524870561597979,0.0432512507485885,0.06918068466854259,False,,0.002
sampled_pg_logbarrier_handoff,adverse,128,91098,True,0,0.45201528349655196,0.044116710364386316,0.06965427057744997,False,,0.003
sampled_pg_logbarrier_handoff,adverse,128,91099,True,0,0.4529238195132517,0.042699434736501986,0.06994592785043813,False,,0.002
sampled_npg_reward_only,adverse,128,91000,False,1,0.4893003068336319,0.002154448586011018,0.014722883743603855,False,,0.6111111111111112
sampled_npg_reward_only,adverse,128,91001,False,1,0.49078236555736415,0.0023475735548481864,0.017086810719219515,False,,0.4666666666666667
sampled_npg_reward_only,adverse,128,91002,False,1,0.4867731543499206,0.003270941911083717,0.014900144258727765,False,,0.4
sampled_npg_reward_only,adverse,128,91003,False,1,0.4924646040683419,0.002417951649837706,0.014273929790360523,False,,0.4
sampled_npg_reward_only,adverse,128,91004,False,1,0.4925491860116329,0.0015664402213676101,0.014672354185339631,False,,0.625
sampled_npg_reward_only,adverse,128,91005,False,1,0.48871639979625675,0.002373840715048402,0.014492390880709945,False,,0.5625
sampled_npg_reward_only,adverse,128,91006,False,1,0.4874442962716371,0.002852493061080078,0.014651843865018844,False,,0.4375
sampled_npg_reward_only,adverse,128,91007,False,1,0.4913247612797829,0.002599440183142622,0.02022675096646966,False,,0.4117647058823529
sampled_npg_reward_only,adverse,128,91008,False,1,0.4901668386073992,0.0029891601228077443,0.014734094050220992,False,,0.35294117647058826
sampled_npg_reward_only,adverse,128,91009,False,1,0.49041836266521227,0.002991177350950927,0.014201642245760848,False,,0.4375
sampled_npg_reward_only,adverse,128,91010,False,1,0.4909670036260017,0.004003109085697136,0.015961423459839433,False,,0.29411764705882354
sampled_npg_reward_only,adverse,128,91011,False,1,0.4905595475081786,0.0018989972297474085,0.017517875372634426,False,,0.5
sampled_npg_reward_only,adverse,128,91012,False,1,0.49243299005677604,0.0015584030220318237,0.014784851202658884,False,,0.6428571428571429
sampled_npg_reward_only,adverse,128,91013,False,1,0.4931566457881103,0.0014972913641881002,0.015089434617999048,False,,0.5
sampled_npg_reward_only,adverse,128,91014,False,1,0.4910870458649965,0.0016882496362528125,0.015032367284892111,False,,0.5625
sampled_npg_reward_only,adverse,128,91015,False,1,0.4910444104054077,0.0016817318573713882,0.01477630923584802,False,,0.4666666666666667
sampled_npg_reward_only,adverse,128,91016,False,1,0.49022243902521995,0.0027898539297159216,0.01785341352208603,False,,0.4375
sampled_npg_reward_only,adverse,128,91017,False,1,0.49156744179456763,0.0013059368450971914,0.015360102985459518,False,,0.7058823529411765
sampled_npg_reward_only,adverse,128,91018,False,1,0.49241773470925865,0.0019387918446848278,0.01798981318425477,False,,0.42857142857142855
sampled_npg_reward_only,adverse,128,91019,False,1,0.4919738675301215,0.0011398349714943558,0.014935005380530471,False,,0.7142857142857143
sampled_npg_reward_only,adverse,128,91020,False,1,0.48905585189512457,0.0017867261261172126,0.014970140355143697,False,,0.5625
sampled_npg_reward_only,adverse,128,91021,False,1,0.4891146174737583,0.003719943941442048,0.014718199423395128,False,,0.1875
sampled_npg_reward_only,adverse,128,91022,False,1,0.49042273508727874,0.0019098282430846485,0.014586542589677733,False,,0.5333333333333333
sampled_npg_reward_only,adverse,128,91023,False,1,0.4888551172270922,0.0029652186782017282,0.014299124991119275,False,,0.4375
sampled_npg_reward_only,adverse,128,91024,False,1,0.48847879599015215,0.003998487680293637,0.014010103660155131,False,,0.375
sampled_npg_reward_only,adverse,128,91025,False,1,0.4910875274915336,0.002226014657911829,0.014620724791865231,False,,0.375
sampled_npg_reward_only,adverse,128,91026,False,1,0.49032225294987136,0.001661971704931789,0.015381907677202397,False,,0.5882352941176471
sampled_npg_reward_only,adverse,128,91027,False,1,0.49774025502021796,0.00043568827438248217,0.01458327309815539,False,,0.5384615384615384
sampled_npg_reward_only,adverse,128,91028,False,1,0.49015001068682823,0.002547855630228607,0.014792196100172858,False,,0.4
sampled_npg_reward_only,adverse,128,91029,False,1,0.48780084062434786,0.0020187807800320355,0.015002575086114156,False,,0.625
sampled_npg_reward_only,adverse,128,91030,False,1,0.48974657886653145,0.0013756355174285374,0.015422383567742235,False,,0.8
sampled_npg_reward_only,adverse,128,91031,False,1,0.49058892721568353,0.0016192020509630423,0.01528903728290536,False,,0.6111111111111112
sampled_npg_reward_only,adverse,128,91032,False,1,0.49028045246613716,0.0016802150865993612,0.015003071468645036,False,,0.625
sampled_npg_reward_only,adverse,128,91033,False,1,0.4924318309067107,0.0017113142205879273,0.014618672942409759,False,,0.5714285714285714
sampled_npg_reward_only,adverse,128,91034,False,1,0.4881827149313271,0.002195523356428227,0.015087549048834723,False,,0.5625
sampled_npg_reward_only,adverse,128,91035,False,1,0.49226690223315184,0.0021401756998242166,0.014663636202163618,False,,0.4
sampled_npg_reward_only,adverse,128,91036,False,1,0.4886473206090441,0.0018441996459851505,0.014947490208127499,False,,0.625
sampled_npg_reward_only,adverse,128,91037,False,1,0.4918006696184962,0.0016111396620820445,0.014684052019822692,False,,0.5333333333333333
sampled_npg_reward_only,adverse,128,91038,False,1,0.49100850401295837,0.003548446947542839,0.016832173729519288,False,,0.3333333333333333
sampled_npg_reward_only,adverse,128,91039,False,1,0.49108735027395695,0.0019167128680562093,0.014633012407245212,False,,0.5333333333333333
sampled_npg_reward_only,adverse,128,91040,False,1,0.491944292399603,0.0015631316572077046,0.014816289916568437,False,,0.4666666666666667
sampled_npg_reward_only,adverse,128,91041,False,1,0.49500999278713864,0.00132562368020474,0.017175289115847456,False,,0.5625
sampled_npg_reward_only,adverse,128,91042,False,1,0.490196660981159,0.003991927475021491,0.013614170764344962,False,,0.26666666666666666
sampled_npg_reward_only,adverse,128,91043,False,1,0.4910559765255048,0.001898287339730528,0.014908754210495135,False,,0.5625
sampled_npg_reward_only,adverse,128,91044,False,1,0.491879558764078,0.002019162621559182,0.014644743578584923,False,,0.5263157894736842
sampled_npg_reward_only,adverse,128,91045,False,1,0.49325971646936084,0.0021960754641220655,0.014289082310802876,False,,0.3333333333333333
sampled_npg_reward_only,adverse,128,91046,False,1,0.49646717054106326,0.0011581567045892388,0.01848532076880482,False,,0.5384615384615384
sampled_npg_reward_only,adverse,128,91047,False,1,0.49068483925542355,0.00274472652723023,0.01443068889217017,False,,0.3333333333333333
sampled_npg_reward_only,adverse,128,91048,False,1,0.48802156100933,0.002903950799997804,0.01850627911865476,False,,0.3125
sampled_npg_reward_only,adverse,128,91049,False,1,0.4898358132705683,0.001694338339785095,0.015049105787068431,False,,0.5294117647058824
sampled_npg_reward_only,adverse,128,91050,False,1,0.49038894551593115,0.001500759322466328,0.015395854445106959,False,,0.625
sampled_npg_reward_only,adverse,128,91051,False,1,0.49382645883207354,0.001855740847796944,0.014420777471336105,False,,0.42857142857142855
sampled_npg_reward_only,adverse,128,91052,False,1,0.4929371834215143,0.0012754382222386067,0.015177076915449316,False,,0.5882352941176471
sampled_npg_reward_only,adverse,128,91053,False,1,0.49022953364885175,0.0019119215805866328,0.017934678385692585,False,,0.6
sampled_npg_reward_only,adverse,128,91054,False,1,0.49267380024107915,0.0012349708171127253,0.01513557403707163,False,,0.625
sampled_npg_reward_only,adverse,128,91055,False,1,0.49055206088629444,0.0029026274014342783,0.014529685289701368,False,,0.2857142857142857
sampled_npg_reward_only,adverse,128,91056,False,1,0.4908012644522006,0.0033913637192618216,0.01350751412387837,False,,0.3888888888888889
sampled_npg_reward_only,adverse,128,91057,False,1,0.4912981074268772,0.0011139438525198716,0.015561112531195756,False,,0.7333333333333333
sampled_npg_reward_only,adverse,128,91058,False,1,0.4878965028577845,0.002839874840538201,0.014179673778336817,False,,0.47368421052631576
sampled_npg_reward_only,adverse,128,91059,False,1,0.4988517054270997,0.00018569190024058518,0.01764418099713406,False,,0.5384615384615384
sampled_npg_reward_only,adverse,128,91060,False,1,0.4911431754560605,0.0017261907884081763,0.017826378493067587,False,,0.6
sampled_npg_reward_only,adverse,128,91061,False,1,0.48820010953716875,0.003190954689410236,0.014042314023193734,False,,0.3333333333333333
sampled_npg_reward_only,adverse,128,91062,False,1,0.4891177187521807,0.0023659654188617923,0.018817249555434252,False,,0.5714285714285714
sampled_npg_reward_only,adverse,128,91063,False,1,0.490653926601248,0.003039664740631373,0.013951886887132284,False,,0.35294117647058826
sampled_npg_reward_only,adverse,128,91064,False,1,0.49130707002287427,0.0019565980412680037,0.014717930939371977,False,,0.4666666666666667
sampled_npg_reward_only,adverse,128,91065,False,1,0.48994429243764837,0.002028242419955294,0.014599268571939026,False,,0.625
sampled_npg_reward_only,adverse,128,91066,False,1,0.4925940382937048,0.001742623037207169,0.0147538343230006,False,,0.5
sampled_npg_reward_only,adverse,128,91067,False,1,0.49128240590729644,0.002077271631818313,0.014336129781081076,False,,0.3333333333333333
sampled_npg_reward_only,adverse,128,91068,False,1,0.49047396056040227,0.002575456307811481,0.014380244395258498,False,,0.35714285714285715
sampled_npg_reward_only,adverse,128,91069,False,1,0.4866950855070091,0.0033192198930461683,0.01469628325210546,False,,0.375
sampled_npg_reward_only,adverse,128,91070,False,1,0.48687245541732715,0.004326653533385583,0.013962856026600108,False,,0.4444444444444444
sampled_npg_reward_only,adverse,128,91071,False,1,0.4872920624571796,0.0032091409929157523,0.021012639964940367,False,,0.5
sampled_npg_reward_only,adverse,128,91072,False,1,0.48997208799675335,0.0018244696864545711,0.015061892823069195,False,,0.6666666666666666
sampled_npg_reward_only,adverse,128,91073,False,1,0.48879128515046666,0.0015405966904782176,0.015291699731283437,False,,0.6666666666666666
sampled_npg_reward_only,adverse,128,91074,False,1,0.48808786616232525,0.002715247303191865,0.01466722696581674,False,,0.5
sampled_npg_reward_only,adverse,128,91075,False,1,0.48958265407043233,0.001637628366110131,0.014955851198977561,False,,0.625
sampled_npg_reward_only,adverse,128,91076,False,1,0.49086123055033704,0.0021329694787548532,0.01690055462891942,False,,0.4117647058823529
sampled_npg_reward_only,adverse,128,91077,False,1,0.49154198681957134,0.002056660434988296,0.014630221465292425,False,,0.5789473684210527
sampled_npg_reward_only,adverse,128,91078,False,1,0.49177142512906685,0.0010835011030895989,0.01554105710432213,False,,0.6666666666666666
sampled_npg_reward_only,adverse,128,91079,False,1,0.492394833323369,0.0017833521038839667,0.01450402990768459,False,,0.4375
sampled_npg_reward_only,adverse,128,91080,False,1,0.48854199755801947,0.0023183169918918442,0.014669737427303773,False,,0.35714285714285715
sampled_npg_reward_only,adverse,128,91081,False,1,0.4872760097793017,0.00477223915744645,0.0195779496134262,False,,0.3125
sampled_npg_reward_only,adverse,128,91082,False,1,0.4931653843682135,0.0018991535477248765,0.014585015925110485,False,,0.42857142857142855
sampled_npg_reward_only,adverse,128,91083,False,1,0.4899009241684793,0.0025408792751872088,0.01461948292293872,False,,0.5
sampled_npg_reward_only,adverse,128,91084,False,1,0.49450900501877904,0.00103578071773505,0.015097414888732353,False,,0.5294117647058824
sampled_npg_reward_only,adverse,128,91085,False,1,0.49966674961598706,4.616325854147038e-05,0.015439082572579615,False,,0.6153846153846154
sampled_npg_reward_only,adverse,128,91086,False,1,0.490130468565929,0.0019270395250607522,0.015198376723262035,False,,0.5555555555555556
sampled_npg_reward_only,adverse,128,91087,False,1,0.4905360776083542,0.001854958022355766,0.014913512379802273,False,,0.4375
sampled_npg_reward_only,adverse,128,91088,False,1,0.4918399586668745,0.002960424955211326,0.013884011320575474,False,,0.3333333333333333
sampled_npg_reward_only,adverse,128,91089,False,1,0.4934842791795778,0.004172558678083366,0.013076192750944874,False,,0.26666666666666666
sampled_npg_reward_only,adverse,128,91090,False,1,0.48701060890905284,0.005654567938819708,0.016852847724575303,False,,0.2222222222222222
sampled_npg_reward_only,adverse,128,91091,False,1,0.490204600212209,0.0023343265439051365,0.01932067127106392,False,,0.5333333333333333
sampled_npg_reward_only,adverse,128,91092,False,1,0.49016474547427763,0.0022842929869308494,0.014519689635840714,False,,0.5333333333333333
sampled_npg_reward_only,adverse,128,91093,False,1,0.48776058343895384,0.004011853994378445,0.014040060706316847,False,,0.35294117647058826
sampled_npg_reward_only,adverse,128,91094,False,1,0.4904917189621019,0.0026384706788935286,0.014543854326759597,False,,0.4
sampled_npg_reward_only,adverse,128,91095,False,1,0.48914453171242595,0.002422616797002045,0.014770372942224672,False,,0.4117647058823529
sampled_npg_reward_only,adverse,128,91096,False,1,0.48946779615995933,0.0022774636188789186,0.020118900868668254,False,,0.47058823529411764
sampled_npg_reward_only,adverse,128,91097,False,1,0.498473029650536,0.00019916341727875883,0.01545307529984035,False,,0.6923076923076923
sampled_npg_reward_only,adverse,128,91098,False,1,0.49025175093007356,0.0019482663017543324,0.014747171479199593,False,,0.5294117647058824
sampled_npg_reward_only,adverse,128,91099,False,1,0.48962976914159356,0.0017095836164800135,0.015323465554255513,False,,0.631578947368421
sampled_npg_logbarrier_handoff,adverse,128,91000,False,1,0.9999220602583236,0.9999997776774835,0.9999199081401288,True,23,0.0
sampled_npg_logbarrier_handoff,adverse,128,91001,False,1,0.9600938050203968,0.9443934590876041,0.9915948707971345,True,23,0.0
sampled_npg_logbarrier_handoff,adverse,128,91002,False,1,0.9774699876702938,0.979622913744739,0.9894343728569659,True,20,0.001893939393939394
sampled_npg_logbarrier_handoff,adverse,128,91003,False,1,0.9690014177000864,0.9560823573807578,0.9943257601663619,True,23,0.0
sampled_npg_logbarrier_handoff,adverse,128,91004,False,1,0.9828101005129067,0.9788383541212534,0.9953352576104219,True,23,0.0
sampled_npg_logbarrier_handoff,adverse,128,91005,False,1,0.9724441806279062,0.9464241110448931,0.9998297324178561,True,22,0.0
sampled_npg_logbarrier_handoff,adverse,128,91006,False,1,0.965252552766191,0.9537000738441735,0.9908302953632115,True,23,0.0
sampled_npg_logbarrier_handoff,adverse,128,91007,False,1,0.9743761960990912,0.9663872312090857,0.9940821153643716,True,22,0.0
sampled_npg_logbarrier_handoff,adverse,128,91008,False,1,0.9633192856706335,0.9581783767365597,0.9875578503799888,True,22,0.0
sampled_npg_logbarrier_handoff,adverse,128,91009,False,1,0.9740559087045085,0.9646434823405177,0.9939850882076122,True,23,0.0
sampled_npg_logbarrier_handoff,adverse,128,91010,False,1,0.9810065657503089,0.9822360165675177,0.9915846258537984,True,23,0.0
sampled_npg_logbarrier_handoff,adverse,128,91011,False,1,0.9721051376333606,0.9655416858133901,0.9924985406339007,True,22,0.0
sampled_npg_logbarrier_handoff,adverse,128,91012,False,1,0.977937856479329,0.9615248079008645,0.9991224769539171,True,22,0.0
sampled_npg_logbarrier_handoff,adverse,128,91013,False,1,0.9756179142003257,0.9675805101244663,0.9941877572031045,True,23,0.0
sampled_npg_logbarrier_handoff,adverse,128,91014,False,1,0.9964808042691228,0.996355460175497,0.9990158308119667,True,22,0.0
sampled_npg_logbarrier_handoff,adverse,128,91015,False,1,0.9792151459241584,0.971984805912148,0.9956753307961158,True,20,0.001890359168241966
sampled_npg_logbarrier_handoff,adverse,128,91016,False,1,0.9915973763256031,0.9901402100777357,0.9977587887345221,True,23,0.0
sampled_npg_logbarrier_handoff,adverse,128,91017,False,1,0.9571163614109636,0.9332753692015507,0.9948901695314677,True,23,0.0
sampled_npg_logbarrier_handoff,adverse,128,91018,False,1,0.9999999999867857,0.9999999999867857,1.0,True,20,0.0018796992481203006
sampled_npg_logbarrier_handoff,adverse,128,91019,False,1,0.9797950440965619,0.975953613470762,0.9945728848140033,True,22,0.0
sampled_npg_logbarrier_handoff,adverse,128,91020,False,1,1.0,1.0,1.0,True,21,0.0
sampled_npg_logbarrier_handoff,adverse,128,91021,False,1,0.9848432305985976,0.9817450665805664,0.9954230547228969,True,22,0.0
sampled_npg_logbarrier_handoff,adverse,128,91022,False,1,0.9654072807468198,0.9535140389984128,0.9908024428190844,True,23,0.0
sampled_npg_logbarrier_handoff,adverse,128,91023,False,1,0.9531266381539342,0.9369096626172778,0.9880720848701359,True,23,0.0
sampled_npg_logbarrier_handoff,adverse,128,91024,False,1,0.9996952087677065,0.9999965696547981,0.9996856200747715,True,23,0.0
sampled_npg_logbarrier_handoff,adverse,128,91025,False,1,0.9629034281696247,0.950725669673089,0.9912980606314581,True,22,0.0
sampled_npg_logbarrier_handoff,adverse,128,91026,False,1,0.9753681660540531,0.9612455491386989,0.9964142986845985,True,23,0.0
sampled_npg_logbarrier_handoff,adverse,128,91027,False,1,0.9811015778914087,0.9743222205995192,0.9956834962379392,True,19,0.001893939393939394
sampled_npg_logbarrier_handoff,adverse,128,91028,False,1,0.975677395422046,0.9696278705032367,0.992967888142063,True,23,0.0
sampled_npg_logbarrier_handoff,adverse,128,91029,False,1,0.9746506846203984,0.9673615155736465,0.9944664377934082,True,20,0.0018975332068311196
sampled_npg_logbarrier_handoff,adverse,128,91030,False,1,0.9661135692881713,0.9534205000790436,0.9928147445751513,True,20,0.0019011406844106464
sampled_npg_logbarrier_handoff,adverse,128,91031,False,1,0.9737968179457533,0.9597402284533624,0.9967047889891246,True,23,0.0
sampled_npg_logbarrier_handoff,adverse,128,91032,False,1,0.9891635373711932,0.9947124233923096,0.9922085887398899,True,23,0.0
sampled_npg_logbarrier_handoff,adverse,128,91033,False,1,0.9864050972651404,0.986169039473686,0.9950766217523784,True,20,0.0018975332068311196
sampled_npg_logbarrier_handoff,adverse,128,91034,False,1,0.9709529117220145,0.9601205098643104,0.9939349822479274,True,23,0.0
sampled_npg_logbarrier_handoff,adverse,128,91035,False,1,0.9651650910336202,0.9547332421326837,0.9906195557410956,True,23,0.0
sampled_npg_logbarrier_handoff,adverse,128,91036,False,1,0.9757421455111177,0.9709668531263744,0.9926529417582219,True,22,0.0
sampled_npg_logbarrier_handoff,adverse,128,91037,False,1,0.9570363493054335,0.944283857960478,0.9882675080927332,True,22,0.0
sampled_npg_logbarrier_handoff,adverse,128,91038,False,1,0.9685349448899834,0.9593855511074084,0.9927640481165938,True,23,0.0
sampled_npg_logbarrier_handoff,adverse,128,91039,False,1,0.9732789586568431,0.9650227107166459,0.992832860129951,True,19,0.0018975332068311196
sampled_npg_logbarrier_handoff,adverse,128,91040,False,1,0.9760277475211444,0.9766866900029616,0.9900080185095669,True,23,0.0
sampled_npg_logbarrier_handoff,adverse,128,91041,False,1,0.9761040456036272,0.9739112378374452,0.992034381806036,True,23,0.0
sampled_npg_logbarrier_handoff,adverse,128,91042,False,1,1.0,1.0,1.0,True,22,0.0
sampled_npg_logbarrier_handoff,adverse,128,91043,False,1,0.9737390201197951,0.9715034274334583,0.9907861673437848,True,21,0.0
sampled_npg_logbarrier_handoff,adverse,128,91044,False,1,0.9849274106255458,0.9763428806899548,0.998211073514737,True,23,0.0
sampled_npg_logbarrier_handoff,adverse,128,91045,False,1,0.9782972769640642,0.972635999009396,0.9944474392500902,True,23,0.0
sampled_npg_logbarrier_handoff,adverse,128,91046,False,1,0.96081951650318,0.9416183574801873,0.9940150604890717,True,22,0.0
sampled_npg_logbarrier_handoff,adverse,128,91047,False,1,0.9561967147825327,0.9379035829446302,0.9918441826081025,True,19,0.0018867924528301887
sampled_npg_logbarrier_handoff,adverse,128,91048,False,1,0.966972286954567,0.9570020333357948,0.9912770506680183,True,22,0.0
sampled_npg_logbarrier_handoff,adverse,128,91049,False,1,0.9854359859550988,0.9834742538753278,0.9954640774300274,True,23,0.0
sampled_npg_logbarrier_handoff,adverse,128,91050,False,1,1.0,1.0,1.0,True,22,0.0
sampled_npg_logbarrier_handoff,adverse,128,91051,False,1,0.9999527637345031,0.9999996490513509,0.999951857148591,True,23,0.0
sampled_npg_logbarrier_handoff,adverse,128,91052,False,1,0.9674668633012772,0.9577187157731174,0.9925804076864658,True,23,0.0
sampled_npg_logbarrier_handoff,adverse,128,91053,False,1,0.996717184580835,0.9938457140901761,0.999980323249968,True,19,0.001869158878504673
sampled_npg_logbarrier_handoff,adverse,128,91054,False,1,0.9879065770218131,0.9873134267012276,0.9958406956579087,True,22,0.0
sampled_npg_logbarrier_handoff,adverse,128,91055,False,1,0.9679876190404411,0.959359047928906,0.9915582717671418,True,22,0.0
sampled_npg_logbarrier_handoff,adverse,128,91056,False,1,0.9683864237683205,0.9589852704321677,0.9918122409161929,True,22,0.0
sampled_npg_logbarrier_handoff,adverse,128,91057,False,1,0.9723330038410714,0.9655499240291254,0.9925967984848023,True,23,0.0
sampled_npg_logbarrier_handoff,adverse,128,91058,False,1,0.9698027263740008,0.969198914896985,0.9875750040301927,True,22,0.0
sampled_npg_logbarrier_handoff,adverse,128,91059,False,1,0.999999726040687,0.9999997135828668,1.0,True,23,0.0
sampled_npg_logbarrier_handoff,adverse,128,91060,False,1,0.9910315603051715,0.9909264216573308,0.9969796815499641,True,21,0.0019047619047619048
sampled_npg_logbarrier_handoff,adverse,128,91061,False,1,0.9802389040961541,0.9718903960703443,0.996015444319522,True,23,0.0
sampled_npg_logbarrier_handoff,adverse,128,91062,False,1,0.980013527273078,0.9777903253768048,0.9938704070714255,True,23,0.0
sampled_npg_logbarrier_handoff,adverse,128,91063,False,1,0.9638796942547408,0.9521622101275882,0.9905286246170418,True,23,0.0
sampled_npg_logbarrier_handoff,adverse,128,91064,False,1,0.9700830773460553,0.9576801866915063,0.9944273470856088,True,23,0.0
sampled_npg_logbarrier_handoff,adverse,128,91065,False,1,0.9696390898767279,0.9531682169985249,0.9959673392502804,True,20,0.001893939393939394
sampled_npg_logbarrier_handoff,adverse,128,91066,False,1,0.970955293658794,0.9686207915538206,0.9894118934652179,True,23,0.0
sampled_npg_logbarrier_handoff,adverse,128,91067,False,1,0.9743077416246001,0.9712637446178902,0.9914288695805965,True,19,0.0018867924528301887
sampled_npg_logbarrier_handoff,adverse,128,91068,False,1,0.9577594104884848,0.942696823346542,0.9918287935472396,True,23,0.0
sampled_npg_logbarrier_handoff,adverse,128,91069,False,1,1.0,1.0,1.0,True,24,0.0
sampled_npg_logbarrier_handoff,adverse,128,91070,False,1,0.9624345855905883,0.9440846206365052,0.9933382734983683,True,20,0.0018867924528301887
sampled_npg_logbarrier_handoff,adverse,128,91071,False,1,0.9668922484963695,0.9558494437293152,0.9920550538331442,True,22,0.0
sampled_npg_logbarrier_handoff,adverse,128,91072,False,1,0.9648352509061997,0.958290949718397,0.9896309991877218,True,19,0.001890359168241966
sampled_npg_logbarrier_handoff,adverse,128,91073,False,1,0.9999999112255511,0.9999999097935462,1.0,True,23,0.0
sampled_npg_logbarrier_handoff,adverse,128,91074,False,1,0.969437197569962,0.9562102184681488,0.9946238383622924,True,19,0.0018975332068311196
sampled_npg_logbarrier_handoff,adverse,128,91075,False,1,0.9731865944924374,0.9657643476127944,0.9929092067408083,True,22,0.0
sampled_npg_logbarrier_handoff,adverse,128,91076,False,1,0.9806997903629308,0.9789017153053678,0.993493170131036,True,23,0.0
sampled_npg_logbarrier_handoff,adverse,128,91077,False,1,0.9594233466833747,0.9418524198273018,0.9918954700765541,True,22,0.0
sampled_npg_logbarrier_handoff,adverse,128,91078,False,1,0.9999999999999939,0.9999999999999878,1.0,True,23,0.0
sampled_npg_logbarrier_handoff,adverse,128,91079,False,1,0.9716201510428986,0.9661142703371977,0.990777138256943,True,23,0.0
sampled_npg_logbarrier_handoff,adverse,128,91080,False,1,0.9533120732636851,0.9223085793799718,0.9956778906638482,True,23,0.0
sampled_npg_logbarrier_handoff,adverse,128,91081,False,1,0.9667668376810924,0.9652842168708601,0.9869547563239048,True,22,0.0
sampled_npg_logbarrier_handoff,adverse,128,91082,False,1,0.9611226685750808,0.957112929854532,0.9856881182938245,True,21,0.0
sampled_npg_logbarrier_handoff,adverse,128,91083,False,1,0.9809802329991238,0.9749103991249417,0.9959155955968155,True,22,0.0
sampled_npg_logbarrier_handoff,adverse,128,91084,False,1,0.9716534486712196,0.9666081876746943,0.99100793163338,True,22,0.0
sampled_npg_logbarrier_handoff,adverse,128,91085,False,1,0.9799573242924642,0.9752379723669328,0.9945342160376061,True,21,0.001890359168241966
sampled_npg_logbarrier_handoff,adverse,128,91086,False,1,0.965635442495059,0.9578164514318807,0.9896280153879023,True,23,0.0
sampled_npg_logbarrier_handoff,adverse,128,91087,False,1,1.0,1.0,1.0,True,22,0.0
sampled_npg_logbarrier_handoff,adverse,128,91088,False,1,0.9799087284513265,0.9707824161455954,0.9964381445880007,True,24,0.0
sampled_npg_logbarrier_handoff,adverse,128,91089,False,1,0.9685724929906715,0.957566538730356,0.9936391260508652,True,20,0.001893939393939394
sampled_npg_logbarrier_handoff,adverse,128,91090,False,1,0.9677855241884687,0.9542750320398408,0.9928121225131774,True,23,0.0
sampled_npg_logbarrier_handoff,adverse,128,91091,False,1,1.0,1.0,1.0,True,20,0.0018832391713747645
sampled_npg_logbarrier_handoff,adverse,128,91092,False,1,1.0,1.0,1.0,True,19,0.0018832391713747645
sampled_npg_logbarrier_handoff,adverse,128,91093,False,1,0.9747819985708719,0.9693511941051796,0.9932258017349738,True,23,0.0
sampled_npg_logbarrier_handoff,adverse,128,91094,False,1,0.9765047214744377,0.9654668575513118,0.9956511762251099,True,22,0.0
sampled_npg_logbarrier_handoff,adverse,128,91095,False,1,0.952293064231039,0.9382296307626373,0.9875683064065748,True,23,0.0
sampled_npg_logbarrier_handoff,adverse,128,91096,False,1,1.0,1.0,1.0,True,23,0.0
sampled_npg_logbarrier_handoff,adverse,128,91097,False,1,0.9904487456098873,0.9861942382536416,0.99850661378841,True,22,0.0
sampled_npg_logbarrier_handoff,adverse,128,91098,False,1,0.9543782148724038,0.9333267138240056,0.9920060537922366,True,24,0.0
sampled_npg_logbarrier_handoff,adverse,128,91099,False,1,0.9520368924187694,0.9346705530878646,0.9884134499620959,True,23,0.0
sampled_pg_logbarrier_fixed,adverse,128,91000,True,0,0.35772540719728607,0.2996834469608949,0.2919681514769374,False,,0.001
sampled_pg_logbarrier_fixed,adverse,128,91001,True,0,0.3620967085076363,0.3086875597055849,0.3123670898020821,False,,0.007
sampled_pg_logbarrier_fixed,adverse,128,91002,True,0,0.3620569748669857,0.3033541124288396,0.30919869309980114,False,,0.003
sampled_pg_logbarrier_fixed,adverse,128,91003,True,0,0.3614921359312004,0.30489579975790065,0.3086592621565588,False,,0.003
sampled_pg_logbarrier_fixed,adverse,128,91004,True,0,0.35831055200211426,0.29919975765499585,0.2933326868892737,False,,0.003
sampled_pg_logbarrier_fixed,adverse,128,91005,True,0,0.3617099781254994,0.31108464921692763,0.311524689488729,False,,0.001
sampled_pg_logbarrier_fixed,adverse,128,91006,True,0,0.36202522715380725,0.30963891014492445,0.3124601459002016,False,,0.002
sampled_pg_logbarrier_fixed,adverse,128,91007,True,0,0.36329583348833594,0.3112014503855701,0.3182574684342328,False,,0.003
sampled_pg_logbarrier_fixed,adverse,128,91008,True,0,0.35953728884103975,0.30487491067211797,0.30091389371414873,False,,0.001
sampled_pg_logbarrier_fixed,adverse,128,91009,True,0,0.36218260693498655,0.30704284236366747,0.31191790324002816,False,,0.003
sampled_pg_logbarrier_fixed,adverse,128,91010,True,0,0.3604711072191464,0.30391728353137215,0.30363511876645227,False,,0.006
sampled_pg_logbarrier_fixed,adverse,128,91011,True,0,0.3602132366859151,0.30418876897597363,0.30283899560618704,False,,0.002
sampled_pg_logbarrier_fixed,adverse,128,91012,True,0,0.3613426356166095,0.30873627467936116,0.3100085858253377,False,,0.002
sampled_pg_logbarrier_fixed,adverse,128,91013,True,0,0.3597199457805951,0.30300748127839855,0.3006933664692448,False,,0.003
sampled_pg_logbarrier_fixed,adverse,128,91014,True,0,0.3600473400700316,0.30783310069934117,0.3044874413132097,False,,0.003
sampled_pg_logbarrier_fixed,adverse,128,91015,True,0,0.35944874752320854,0.30403243681846703,0.30036107844051013,False,,0.001
sampled_pg_logbarrier_fixed,adverse,128,91016,True,0,0.35890051343369994,0.3052011828997496,0.2989251174018363,False,,0.003
sampled_pg_logbarrier_fixed,adverse,128,91017,True,0,0.3621835626458739,0.3034964208023187,0.30981535109776615,False,,0.004
sampled_pg_logbarrier_fixed,adverse,128,91018,True,0,0.3598814283772573,0.3022294225552954,0.30021759305358553,False,,0.002
sampled_pg_logbarrier_fixed,adverse,128,91019,True,0,0.3581059616700687,0.296921944473755,0.2910051511071256,False,,0.002
sampled_pg_logbarrier_fixed,adverse,128,91020,True,0,0.3616023226490846,0.3102551856208328,0.3116791375263939,False,,0.003
sampled_pg_logbarrier_fixed,adverse,128,91021,True,0,0.36079096579927616,0.30590165621612364,0.30581196012104983,False,,0.004
sampled_pg_logbarrier_fixed,adverse,128,91022,True,0,0.3591150828039325,0.2998523923367459,0.29646556661823514,False,,0.003
sampled_pg_logbarrier_fixed,adverse,128,91023,True,0,0.36176956002694066,0.3048353886489227,0.3096035070161824,False,,0.002
sampled_pg_logbarrier_fixed,adverse,128,91024,True,0,0.35777142493292236,0.30506284305396736,0.29537475467088825,False,,0.003
sampled_pg_logbarrier_fixed,adverse,128,91025,True,0,0.3594192690686532,0.30540968208589586,0.3005814422673286,False,,0.001
sampled_pg_logbarrier_fixed,adverse,128,91026,True,0,0.35782576409844313,0.2999249795434322,0.29199744452300275,False,,0.001
sampled_pg_logbarrier_fixed,adverse,128,91027,True,0,0.3639695484419275,0.3072620299579198,0.3178470949690155,False,,0.003
sampled_pg_logbarrier_fixed,adverse,128,91028,True,0,0.3590485625442503,0.30462997236487327,0.29987286906734045,False,,0.001
sampled_pg_logbarrier_fixed,adverse,128,91029,True,0,0.35936042050339395,0.304109362568179,0.3005400384255846,False,,0.003
sampled_pg_logbarrier_fixed,adverse,128,91030,True,0,0.35902270383995516,0.3026048788567866,0.29791963717934233,False,,0.003
sampled_pg_logbarrier_fixed,adverse,128,91031,True,0,0.36048237876544076,0.30312870805809056,0.3036205691156889,False,,0.004
sampled_pg_logbarrier_fixed,adverse,128,91032,True,0,0.35939189216220463,0.3039095242945178,0.29983080578479093,False,,0.001
sampled_pg_logbarrier_fixed,adverse,128,91033,True,0,0.36014685234083244,0.3054393369939053,0.3034998151266541,False,,0.004
sampled_pg_logbarrier_fixed,adverse,128,91034,True,0,0.36153420973876377,0.30479776522265023,0.30761010706004543,False,,0.001
sampled_pg_logbarrier_fixed,adverse,128,91035,True,0,0.3606630646988469,0.30698204555402425,0.3071043186124626,False,,0.002
sampled_pg_logbarrier_fixed,adverse,128,91036,True,0,0.3572837910779022,0.2996184467810069,0.2899141953624062,False,,0.001
sampled_pg_logbarrier_fixed,adverse,128,91037,True,0,0.35895521893899074,0.3067485196378215,0.2997939705668265,False,,0.001
sampled_pg_logbarrier_fixed,adverse,128,91038,True,0,0.3608150080470002,0.3048078091781975,0.3058202955437653,False,,0.001
sampled_pg_logbarrier_fixed,adverse,128,91039,True,0,0.36010248642914666,0.3016067659730714,0.301517638665761,False,,0.002
sampled_pg_logbarrier_fixed,adverse,128,91040,True,0,0.3614774270970661,0.30390002555364976,0.30711041929817817,False,,0.003
sampled_pg_logbarrier_fixed,adverse,128,91041,True,0,0.3630723050180971,0.3045251754598209,0.31302595159347063,False,,0.003
sampled_pg_logbarrier_fixed,adverse,128,91042,True,0,0.35855190057613856,0.3008505369235609,0.2949039286139823,False,,0.001
sampled_pg_logbarrier_fixed,adverse,128,91043,True,0,0.35965230931360365,0.30216385480647207,0.2997160557379157,False,,0.005
sampled_pg_logbarrier_fixed,adverse,128,91044,True,0,0.3608398807899209,0.3082553753195024,0.30737017860741866,False,,0.002
sampled_pg_logbarrier_fixed,adverse,128,91045,True,0,0.35980345313100004,0.3022812080738291,0.30018380764059316,False,,0.003
sampled_pg_logbarrier_fixed,adverse,128,91046,True,0,0.3603634277644431,0.3062050843544986,0.3047990299967309,False,,0.004
sampled_pg_logbarrier_fixed,adverse,128,91047,True,0,0.35971198824756356,0.30167063120446874,0.2994882723836384,False,,0.002
sampled_pg_logbarrier_fixed,adverse,128,91048,True,0,0.35970932703552694,0.30281411793080865,0.30125862175051704,False,,0.001
sampled_pg_logbarrier_fixed,adverse,128,91049,True,0,0.36154171435254223,0.3083509089884277,0.31016664537493877,False,,0.003
sampled_pg_logbarrier_fixed,adverse,128,91050,True,0,0.36153241607964837,0.30420782494398446,0.3079878892547246,False,,0.002
sampled_pg_logbarrier_fixed,adverse,128,91051,True,0,0.3616098739776701,0.30841481971993545,0.3104435270384483,False,,0.002
sampled_pg_logbarrier_fixed,adverse,128,91052,True,0,0.35955211138058146,0.3060484550887116,0.30212025664812964,False,,0.004
sampled_pg_logbarrier_fixed,adverse,128,91053,True,0,0.35964264151260594,0.30556785464775255,0.30235933041311047,False,,0.002
sampled_pg_logbarrier_fixed,adverse,128,91054,True,0,0.3583312430953247,0.300868778473252,0.29422210153503553,False,,0.004
sampled_pg_logbarrier_fixed,adverse,128,91055,True,0,0.3598121266934886,0.3056757766763987,0.3023999955582062,False,,0.002
sampled_pg_logbarrier_fixed,adverse,128,91056,True,0,0.36016268833539467,0.3074217381421051,0.30534630701756815,False,,0.007
sampled_pg_logbarrier_fixed,adverse,128,91057,True,0,0.3584858350107634,0.29869417227304373,0.2936164000487189,False,,0.006
sampled_pg_logbarrier_fixed,adverse,128,91058,True,0,0.3590428116110499,0.2996984828450922,0.2967504083513744,False,,0.004
sampled_pg_logbarrier_fixed,adverse,128,91059,True,0,0.3580135277132584,0.30292525205945936,0.2946934025734092,False,,0.002
sampled_pg_logbarrier_fixed,adverse,128,91060,True,0,0.36272334171992093,0.3097094058980499,0.31452197224143535,False,,0.003
sampled_pg_logbarrier_fixed,adverse,128,91061,True,0,0.3609270304347836,0.3039506199824105,0.3051216439847859,False,,0.003
sampled_pg_logbarrier_fixed,adverse,128,91062,True,0,0.3599206693907996,0.3071105631945752,0.30423582250306824,False,,0.001
sampled_pg_logbarrier_fixed,adverse,128,91063,True,0,0.35833948142660804,0.3030705844554808,0.29624640076772785,False,,0.001
sampled_pg_logbarrier_fixed,adverse,128,91064,True,0,0.35787933152966633,0.29871535473071326,0.2916541416180303,False,,0.002
sampled_pg_logbarrier_fixed,adverse,128,91065,True,0,0.3605437563744021,0.3061675684417746,0.305518482144555,False,,0.003
sampled_pg_logbarrier_fixed,adverse,128,91066,True,0,0.3590521033275703,0.30105649005086876,0.297385211213985,False,,0.0
sampled_pg_logbarrier_fixed,adverse,128,91067,True,0,0.36092783830016595,0.3049701072192185,0.30618989511265987,False,,0.002
sampled_pg_logbarrier_fixed,adverse,128,91068,True,0,0.36129817612791204,0.30584222173529446,0.30749140240757245,False,,0.002
sampled_pg_logbarrier_fixed,adverse,128,91069,True,0,0.36197988863575925,0.3112546312208003,0.31300653426071656,False,,0.003
sampled_pg_logbarrier_fixed,adverse,128,91070,True,0,0.36133178365377666,0.3061096179935703,0.3080289256185988,False,,0.005
sampled_pg_logbarrier_fixed,adverse,128,91071,True,0,0.3608551033315186,0.30304996534572465,0.3051078715258556,False,,0.004
sampled_pg_logbarrier_fixed,adverse,128,91072,True,0,0.3596874151728155,0.30366101441654375,0.30149604705615846,False,,0.002
sampled_pg_logbarrier_fixed,adverse,128,91073,True,0,0.361829689826097,0.30709119710946137,0.3108966584711565,False,,0.003
sampled_pg_logbarrier_fixed,adverse,128,91074,True,0,0.35771385754660023,0.30059995628836167,0.2921902429174583,False,,0.003
sampled_pg_logbarrier_fixed,adverse,128,91075,True,0,0.3610589518207551,0.30666964705800004,0.3071023133933415,False,,0.001
sampled_pg_logbarrier_fixed,adverse,128,91076,True,0,0.3615616061499748,0.30410675289895067,0.3078851863758876,False,,0.005
sampled_pg_logbarrier_fixed,adverse,128,91077,True,0,0.36222677926065894,0.3074338766493559,0.3119354377117649,False,,0.002
sampled_pg_logbarrier_fixed,adverse,128,91078,True,0,0.3626197863581939,0.3091758900946363,0.3140900220932603,False,,0.001
sampled_pg_logbarrier_fixed,adverse,128,91079,True,0,0.36047133753514715,0.3054017797053482,0.3050218148273408,False,,0.003
sampled_pg_logbarrier_fixed,adverse,128,91080,True,0,0.3587812139914876,0.29858186014608945,0.29461366499805997,False,,0.001
sampled_pg_logbarrier_fixed,adverse,128,91081,True,0,0.3579973303246824,0.30016856504834566,0.292825376224529,False,,0.007
sampled_pg_logbarrier_fixed,adverse,128,91082,True,0,0.3614862672070006,0.3078575827996637,0.309948325421592,False,,0.004
sampled_pg_logbarrier_fixed,adverse,128,91083,True,0,0.36231850770604745,0.3142503796044445,0.3158687554266192,False,,0.002
sampled_pg_logbarrier_fixed,adverse,128,91084,True,0,0.36174470500906564,0.3086485042406144,0.31072744348410186,False,,0.002
sampled_pg_logbarrier_fixed,adverse,128,91085,True,0,0.36207808611552983,0.3047648164992488,0.3100352634497782,False,,0.002
sampled_pg_logbarrier_fixed,adverse,128,91086,True,0,0.35568904812182095,0.29772803308669915,0.2832061225862268,False,,0.005
sampled_pg_logbarrier_fixed,adverse,128,91087,True,0,0.3621646704265642,0.3096060416286806,0.3131888153421919,False,,0.008
sampled_pg_logbarrier_fixed,adverse,128,91088,True,0,0.3582206884065636,0.30345579765736586,0.2960331821869354,False,,0.003
sampled_pg_logbarrier_fixed,adverse,128,91089,True,0,0.3589813362882658,0.3030192293709431,0.2984205794643785,False,,0.003
sampled_pg_logbarrier_fixed,adverse,128,91090,True,0,0.3603574996320471,0.30392263054723867,0.30363794877246764,False,,0.0
sampled_pg_logbarrier_fixed,adverse,128,91091,True,0,0.35926380731255597,0.30311345877674767,0.2990748714208162,False,,0.001
sampled_pg_logbarrier_fixed,adverse,128,91092,True,0,0.3627085805337944,0.313519565839571,0.3166343581344861,False,,0.003
sampled_pg_logbarrier_fixed,adverse,128,91093,True,0,0.3591292252437193,0.30226778169794793,0.29796219378858196,False,,0.0
sampled_pg_logbarrier_fixed,adverse,128,91094,True,0,0.3630529215899005,0.3098827304607889,0.3156450425817617,False,,0.002
sampled_pg_logbarrier_fixed,adverse,128,91095,True,0,0.3591756858021276,0.30461007080539215,0.2997247550449083,False,,0.003
sampled_pg_logbarrier_fixed,adverse,128,91096,True,0,0.36004495922043656,0.3032290248273146,0.302108848854019,False,,0.004
sampled_pg_logbarrier_fixed,adverse,128,91097,True,0,0.3611453537474344,0.30589032265090726,0.30727204598528285,False,,0.002
sampled_pg_logbarrier_fixed,adverse,128,91098,True,0,0.3600604844450458,0.30790776368818923,0.3051053321454143,False,,0.003
sampled_pg_logbarrier_fixed,adverse,128,91099,True,0,0.3612041072198135,0.3072996848076874,0.30818909622801527,False,,0.001
sampled_npg_logbarrier_fixed,adverse,128,91000,True,0,0.6108498498010255,0.611624749086216,0.7607737454906923,False,23,0.0
sampled_npg_logbarrier_fixed,adverse,128,91001,True,0,0.6355029807540863,0.6373174977328853,0.7828654106884743,False,23,0.0
sampled_npg_logbarrier_fixed,adverse,128,91002,True,0,0.5985119735369238,0.5695898200496363,0.7661216524581493,False,20,0.001
sampled_npg_logbarrier_fixed,adverse,128,91003,True,0,0.6233574999456437,0.6336723683836261,0.7738485774328172,False,23,0.0
sampled_npg_logbarrier_fixed,adverse,128,91004,True,0,0.6300046595505154,0.6572692863640315,0.7568063749320066,False,23,0.0
sampled_npg_logbarrier_fixed,adverse,128,91005,True,0,0.6097005365696061,0.6018819624265399,0.760954575568892,False,22,0.0
sampled_npg_logbarrier_fixed,adverse,128,91006,True,0,0.641068439707864,0.6404176820627286,0.7923130882198074,False,23,0.0
sampled_npg_logbarrier_fixed,adverse,128,91007,True,0,0.6142512365852132,0.6068490433223507,0.7662185612673921,False,22,0.0
sampled_npg_logbarrier_fixed,adverse,128,91008,True,0,0.5856774589438007,0.5771502570244608,0.7395053872466014,False,22,0.0
sampled_npg_logbarrier_fixed,adverse,128,91009,True,0,0.608258019465253,0.6111993017905427,0.7533074204511443,False,23,0.0
sampled_npg_logbarrier_fixed,adverse,128,91010,True,0,0.6199371288348134,0.6208430465283737,0.7637765043038215,False,23,0.0
sampled_npg_logbarrier_fixed,adverse,128,91011,True,0,0.6537227873409999,0.6624401032605157,0.797125968361458,False,22,0.0
sampled_npg_logbarrier_fixed,adverse,128,91012,True,0,0.6424693405792664,0.6606210440184006,0.7838540042418207,False,22,0.0
sampled_npg_logbarrier_fixed,adverse,128,91013,True,0,0.6290357325319704,0.6420775254656332,0.773942885474002,False,23,0.0
sampled_npg_logbarrier_fixed,adverse,128,91014,True,0,0.618724258222425,0.6117087863502623,0.7737789971933969,False,22,0.0
sampled_npg_logbarrier_fixed,adverse,128,91015,True,0,0.635322882588628,0.6306477355814044,0.7802396230380395,False,20,0.001
sampled_npg_logbarrier_fixed,adverse,128,91016,True,0,0.6033421656128148,0.5932033982704014,0.7623277488269034,False,23,0.0
sampled_npg_logbarrier_fixed,adverse,128,91017,True,0,0.6198416588669637,0.6383339062657164,0.7589976184056333,False,23,0.0
sampled_npg_logbarrier_fixed,adverse,128,91018,True,0,0.6115321290596004,0.6227639273559472,0.7540466379615967,False,20,0.001
sampled_npg_logbarrier_fixed,adverse,128,91019,True,0,0.6123443819955954,0.5899634053245204,0.7740173185412881,False,22,0.0
sampled_npg_logbarrier_fixed,adverse,128,91020,True,0,0.6073874901016282,0.6026950125570004,0.7600405866533374,False,21,0.0
sampled_npg_logbarrier_fixed,adverse,128,91021,True,0,0.6125406092819913,0.6059823316582269,0.7647700061385589,False,22,0.0
sampled_npg_logbarrier_fixed,adverse,128,91022,True,0,0.6076060667941723,0.6000040340952363,0.7615527583688649,False,23,0.0
sampled_npg_logbarrier_fixed,adverse,128,91023,True,0,0.611601195811871,0.6047573487565205,0.7669257556932431,False,23,0.0
sampled_npg_logbarrier_fixed,adverse,128,91024,True,0,0.6117988933777186,0.6289085101122073,0.7563222292090541,False,23,0.0
sampled_npg_logbarrier_fixed,adverse,128,91025,True,0,0.6049919061020093,0.5982284652839437,0.7553410363188303,False,22,0.0
sampled_npg_logbarrier_fixed,adverse,128,91026,True,0,0.6150028537077366,0.6046297853056497,0.7721310508850938,False,23,0.0
sampled_npg_logbarrier_fixed,adverse,128,91027,True,0,0.6457736888656731,0.6666058165362831,0.7824668632665659,False,19,0.001
sampled_npg_logbarrier_fixed,adverse,128,91028,True,0,0.6119135100585891,0.6271092494189632,0.7529035914838043,False,23,0.0
sampled_npg_logbarrier_fixed,adverse,128,91029,True,0,0.6258880766867467,0.6416010276627939,0.7655755375975417,False,20,0.001
sampled_npg_logbarrier_fixed,adverse,128,91030,True,0,0.6273126838111437,0.6320063874393743,0.7711439484095357,False,20,0.001
sampled_npg_logbarrier_fixed,adverse,128,91031,True,0,0.6266074161082776,0.6353995245212334,0.7781261360497468,False,23,0.0
sampled_npg_logbarrier_fixed,adverse,128,91032,True,0,0.6408577348048689,0.6652513682199114,0.7742160770553198,False,23,0.0
sampled_npg_logbarrier_fixed,adverse,128,91033,True,0,0.6321479166585422,0.6224832473927732,0.7806552530074027,False,20,0.001
sampled_npg_logbarrier_fixed,adverse,128,91034,True,0,0.6214541699723707,0.6479896350878178,0.7569186835193965,False,23,0.0
sampled_npg_logbarrier_fixed,adverse,128,91035,True,0,0.6022813315690427,0.6095023929719477,0.7471176929405895,False,23,0.0
sampled_npg_logbarrier_fixed,adverse,128,91036,True,0,0.615794741398427,0.6104254329538995,0.7740752602233778,False,22,0.0
sampled_npg_logbarrier_fixed,adverse,128,91037,True,0,0.6434254718532357,0.6383299014242022,0.7952256038140613,False,22,0.0
sampled_npg_logbarrier_fixed,adverse,128,91038,True,0,0.6363172897050965,0.6242273333289748,0.7962593014328339,False,23,0.0
sampled_npg_logbarrier_fixed,adverse,128,91039,True,0,0.6481611641771395,0.6593531098236302,0.7898819559084729,False,19,0.001
sampled_npg_logbarrier_fixed,adverse,128,91040,True,0,0.626354819514811,0.6347837025029265,0.770751351422948,False,23,0.0
sampled_npg_logbarrier_fixed,adverse,128,91041,True,0,0.6135964136883673,0.6248547262988933,0.7586586134311766,False,23,0.0
sampled_npg_logbarrier_fixed,adverse,128,91042,True,0,0.6087677333905697,0.5988026759920011,0.7633982581807293,False,22,0.0
sampled_npg_logbarrier_fixed,adverse,128,91043,True,0,0.6016743479260636,0.5983088411625177,0.7530299050698195,False,21,0.0
sampled_npg_logbarrier_fixed,adverse,128,91044,True,0,0.6225008524748419,0.61692848386726,0.7709050523276147,False,23,0.0
sampled_npg_logbarrier_fixed,adverse,128,91045,True,0,0.598587326372973,0.5731877791536029,0.7618750151138809,False,23,0.0
sampled_npg_logbarrier_fixed,adverse,128,91046,True,0,0.6413575597437547,0.6460741509021091,0.7890305701123015,False,22,0.0
sampled_npg_logbarrier_fixed,adverse,128,91047,True,0,0.6479374444052703,0.6898963596915819,0.7782755229465601,False,19,0.001
sampled_npg_logbarrier_fixed,adverse,128,91048,True,0,0.6516836282028197,0.6727895094158206,0.791660805585276,False,22,0.0
sampled_npg_logbarrier_fixed,adverse,128,91049,True,0,0.6284801334760319,0.6312240639787648,0.7775246717858922,False,23,0.0
sampled_npg_logbarrier_fixed,adverse,128,91050,True,0,0.595760338380799,0.5783741486879147,0.7550091625726196,False,22,0.0
sampled_npg_logbarrier_fixed,adverse,128,91051,True,0,0.6467562532869848,0.6796978474831544,0.7756471485459246,False,23,0.0
sampled_npg_logbarrier_fixed,adverse,128,91052,True,0,0.6203824988077764,0.6336172814240703,0.7650423844433731,False,23,0.0
sampled_npg_logbarrier_fixed,adverse,128,91053,True,0,0.6197084626615443,0.6251715873775098,0.7661580120374593,False,19,0.001
sampled_npg_logbarrier_fixed,adverse,128,91054,True,0,0.6192876578555223,0.6169842353800654,0.7702741021955685,False,22,0.0
sampled_npg_logbarrier_fixed,adverse,128,91055,True,0,0.6653055864414613,0.6745689141849714,0.8090742896849396,False,22,0.0
sampled_npg_logbarrier_fixed,adverse,128,91056,True,0,0.644036435101009,0.6658611691782442,0.7735891434478563,False,22,0.0
sampled_npg_logbarrier_fixed,adverse,128,91057,True,0,0.6199367940058809,0.6048018525816736,0.7820721441256482,False,23,0.0
sampled_npg_logbarrier_fixed,adverse,128,91058,True,0,0.6033789542873642,0.6031050900053233,0.7522453067004086,False,22,0.0
sampled_npg_logbarrier_fixed,adverse,128,91059,True,0,0.6461599116280954,0.6639058055878525,0.7866574180893099,False,23,0.0
sampled_npg_logbarrier_fixed,adverse,128,91060,True,0,0.662970360575287,0.6944373210844855,0.7914422421527341,False,21,0.001
sampled_npg_logbarrier_fixed,adverse,128,91061,True,0,0.6017227012720019,0.6117590639572069,0.743940081505249,False,23,0.0
sampled_npg_logbarrier_fixed,adverse,128,91062,True,0,0.6540586597035319,0.6694206050374606,0.7998552901711531,False,23,0.0
sampled_npg_logbarrier_fixed,adverse,128,91063,True,0,0.596885905114551,0.5730272515170256,0.7650781202660758,False,23,0.0
sampled_npg_logbarrier_fixed,adverse,128,91064,True,0,0.6293121291685805,0.6196881760963331,0.7848566280435193,False,23,0.0
sampled_npg_logbarrier_fixed,adverse,128,91065,True,0,0.5974896632012348,0.6019229397186941,0.7492842246397663,False,20,0.001
sampled_npg_logbarrier_fixed,adverse,128,91066,True,0,0.6352460048592956,0.6587114519505067,0.772625065232912,False,23,0.0
sampled_npg_logbarrier_fixed,adverse,128,91067,True,0,0.6341026244154907,0.6432520242518833,0.7777205591338887,False,19,0.001
sampled_npg_logbarrier_fixed,adverse,128,91068,True,0,0.6214240641017414,0.638484218276703,0.7610813056869865,False,23,0.0
sampled_npg_logbarrier_fixed,adverse,128,91069,True,0,0.601774108725157,0.6045047804377007,0.7498012222445729,False,24,0.0
sampled_npg_logbarrier_fixed,adverse,128,91070,True,0,0.6233542391341738,0.6255964919233862,0.7695028428815931,False,20,0.001
sampled_npg_logbarrier_fixed,adverse,128,91071,True,0,0.6093635933998931,0.6116233556117535,0.7531371383214307,False,22,0.0
sampled_npg_logbarrier_fixed,adverse,128,91072,True,0,0.6630209456302643,0.7207746697737226,0.7823052185400855,False,19,0.001
sampled_npg_logbarrier_fixed,adverse,128,91073,True,0,0.6274597955660514,0.6406349156071136,0.7714317690389434,False,23,0.0
sampled_npg_logbarrier_fixed,adverse,128,91074,True,0,0.6063723296140834,0.6020591951665805,0.7530803562176782,False,19,0.001
sampled_npg_logbarrier_fixed,adverse,128,91075,True,0,0.6116864719721395,0.63509346029422,0.7468189797712957,False,22,0.0
sampled_npg_logbarrier_fixed,adverse,128,91076,True,0,0.5897057069398359,0.5887879866784341,0.7364807232686963,False,23,0.0
sampled_npg_logbarrier_fixed,adverse,128,91077,True,0,0.6197796779216513,0.632033799413583,0.762308240241687,False,22,0.0
sampled_npg_logbarrier_fixed,adverse,128,91078,True,0,0.5976884821576294,0.6051317744425806,0.7406303148665337,False,23,0.0
sampled_npg_logbarrier_fixed,adverse,128,91079,True,0,0.6368966554363167,0.6395512041986129,0.7838434517312327,False,23,0.0
sampled_npg_logbarrier_fixed,adverse,128,91080,True,0,0.5938613404158535,0.6055231852779928,0.7372897176051528,False,23,0.0
sampled_npg_logbarrier_fixed,adverse,128,91081,True,0,0.5989311998966613,0.6041736482567555,0.7436145536430936,False,22,0.0
sampled_npg_logbarrier_fixed,adverse,128,91082,True,0,0.6429724042221092,0.6512234608923548,0.7853487762249671,False,21,0.0
sampled_npg_logbarrier_fixed,adverse,128,91083,True,0,0.6201880545327207,0.6277602596108868,0.7682461597251651,False,22,0.0
sampled_npg_logbarrier_fixed,adverse,128,91084,True,0,0.6014011907629051,0.601836694565197,0.7406637321861838,False,22,0.0
sampled_npg_logbarrier_fixed,adverse,128,91085,True,0,0.6226388232334467,0.6155567370263674,0.7775139762492538,False,21,0.001
sampled_npg_logbarrier_fixed,adverse,128,91086,True,0,0.6265008160444132,0.6330932164187064,0.7760334012051641,False,23,0.0
sampled_npg_logbarrier_fixed,adverse,128,91087,True,0,0.6257016210020585,0.6414121346935062,0.7666261836404326,False,22,0.0
sampled_npg_logbarrier_fixed,adverse,128,91088,True,0,0.6213103139318518,0.6200837682277702,0.7737109525403295,False,24,0.0
sampled_npg_logbarrier_fixed,adverse,128,91089,True,0,0.631948706587686,0.6379541008407746,0.7700530070084604,False,20,0.001
sampled_npg_logbarrier_fixed,adverse,128,91090,True,0,0.6522316264576429,0.6745635007293053,0.786951368294657,False,23,0.0
sampled_npg_logbarrier_fixed,adverse,128,91091,True,0,0.6339290333880279,0.6379009528229695,0.7798981998335077,False,20,0.001
sampled_npg_logbarrier_fixed,adverse,128,91092,True,0,0.6266837293904823,0.6247905486759838,0.7779061268548179,False,19,0.001
sampled_npg_logbarrier_fixed,adverse,128,91093,True,0,0.6175574756382542,0.6219467195752013,0.7665242210285305,False,23,0.0
sampled_npg_logbarrier_fixed,adverse,128,91094,True,0,0.5879359009220161,0.5660343181516004,0.7436165011378566,False,22,0.0
sampled_npg_logbarrier_fixed,adverse,128,91095,True,0,0.6213159333248814,0.6538312545717774,0.7487038057482892,False,23,0.0
sampled_npg_logbarrier_fixed,adverse,128,91096,True,0,0.5890059272298985,0.5800656472963619,0.7461976050983277,False,23,0.0
sampled_npg_logbarrier_fixed,adverse,128,91097,True,0,0.6363120958234035,0.6678414098183194,0.7589861632949336,False,22,0.0
sampled_npg_logbarrier_fixed,adverse,128,91098,True,0,0.5943654123371445,0.5913028620424542,0.7439020200533488,False,24,0.0
sampled_npg_logbarrier_fixed,adverse,128,91099,True,0,0.6279123760020608,0.6463955656047208,0.7698217819110832,False,23,0.0
